Year,SeriesCode,Country,Value
2014,FI_FSI_FSLS,Armenia,129.369182731678
2015,FI_FSI_FSLS,Armenia,142.356928000604
2016,FI_FSI_FSLS,Armenia,170.769985644649
2017,FI_FSI_FSLS,Armenia,141.692214863328
2018,FI_FSI_FSLS,Armenia,119.492796528962
2019,FI_FSI_FSLS,Armenia,111.657786210032
2020,FI_FSI_FSLS,Armenia,108.798496809401
2005,FI_FSI_FSLS,Belgium,58.1631600068796
2006,FI_FSI_FSLS,Belgium,66.7158015095973
2007,FI_FSI_FSLS,Belgium,61.2925860162613
2008,FI_FSI_FSLS,Belgium,86.2481541960199
2009,FI_FSI_FSLS,Belgium,81.0253809438146
2010,FI_FSI_FSLS,Belgium,75.6830627190396
2011,FI_FSI_FSLS,Belgium,82.0580689166901
2012,FI_FSI_FSLS,Belgium,77.2684466953093
2013,FI_FSI_FSLS,Belgium,68.5468466908185
2014,FI_FSI_FSLS,Belgium,61.2855501840045
2015,FI_FSI_FSLS,Belgium,56.7759424890914
2016,FI_FSI_FSLS,Belgium,55.829022825731
2017,FI_FSI_FSLS,Belgium,53.8924770177887
2018,FI_FSI_FSLS,Belgium,25.0082444510106
2019,FI_FSI_FSLS,Belgium,23.3923495728803
2020,FI_FSI_FSLS,Belgium,32.2648276600717
2021,FI_FSI_FSLS,Belgium,25.1709201797951
2000,FI_FSI_FSLS,Bosnia and Herzegovina,54.0494036675623
2001,FI_FSI_FSLS,Bosnia and Herzegovina,65.0787130408063
2002,FI_FSI_FSLS,Bosnia and Herzegovina,51.5190348825523
2003,FI_FSI_FSLS,Bosnia and Herzegovina,58.7375213456581
2004,FI_FSI_FSLS,Bosnia and Herzegovina,59.5254449010301
2005,FI_FSI_FSLS,Bosnia and Herzegovina,61.912742893894
2006,FI_FSI_FSLS,Bosnia and Herzegovina,60.7730615475189
2007,FI_FSI_FSLS,Bosnia and Herzegovina,61.2847085896158
2008,FI_FSI_FSLS,Bosnia and Herzegovina,75.8940510477755
2009,FI_FSI_FSLS,Bosnia and Herzegovina,81.6072198345517
2010,FI_FSI_FSLS,Bosnia and Herzegovina,71.7415365368483
2011,FI_FSI_FSLS,Bosnia and Herzegovina,67.3294348219995
2012,FI_FSI_FSLS,Bosnia and Herzegovina,65.2887592350965
2013,FI_FSI_FSLS,Bosnia and Herzegovina,65.896587126096
2014,FI_FSI_FSLS,Bosnia and Herzegovina,65.6199330354813
2015,FI_FSI_FSLS,Bosnia and Herzegovina,61.9207355673143
2016,FI_FSI_FSLS,Bosnia and Herzegovina,61.6189198804179
2017,FI_FSI_FSLS,Bosnia and Herzegovina,59.8505100677801
2018,FI_FSI_FSLS,Bosnia and Herzegovina,60.4384664767768
2019,FI_FSI_FSLS,Bosnia and Herzegovina,61.0306198154242
2020,FI_FSI_FSLS,Bosnia and Herzegovina,51.3422147737663
2021,FI_FSI_FSLS,Bosnia and Herzegovina,51.2768477474965
2008,FI_FSI_FSLS,Bulgaria,26.4382369119365
2009,FI_FSI_FSLS,Bulgaria,26.5504124512208
2010,FI_FSI_FSLS,Bulgaria,30.0236891133431
2011,FI_FSI_FSLS,Bulgaria,29.0594728338969
2012,FI_FSI_FSLS,Bulgaria,29.9550852888117
2013,FI_FSI_FSLS,Bulgaria,30.5739554162117
2014,FI_FSI_FSLS,Bulgaria,33.7335202991291
2015,FI_FSI_FSLS,Bulgaria,40.1784369597318
2016,FI_FSI_FSLS,Bulgaria,40.9770353167847
2017,FI_FSI_FSLS,Bulgaria,41.494612811018
2018,FI_FSI_FSLS,Bulgaria,35.7827997161006
2019,FI_FSI_FSLS,Bulgaria,33.9259748620908
2020,FI_FSI_FSLS,Bulgaria,36.3461482856908
2010,FI_FSI_FSLS,Belarus,97.5063451044987
2011,FI_FSI_FSLS,Belarus,127.772994155941
2012,FI_FSI_FSLS,Belarus,96.25754870391
2013,FI_FSI_FSLS,Belarus,89.6274311703239
2014,FI_FSI_FSLS,Belarus,89.9312347360578
2015,FI_FSI_FSLS,Belarus,75.7991754475079
2016,FI_FSI_FSLS,Belarus,50.966661757831
2017,FI_FSI_FSLS,Belarus,60.1545438932907
2018,FI_FSI_FSLS,Belarus,167.591273745368
2019,FI_FSI_FSLS,Belarus,155.618346245457
2020,FI_FSI_FSLS,Belarus,122.904073106537
2021,FI_FSI_FSLS,Belarus,141.861060084896
2005,FI_FSI_FSLS,Canada,33.7523629722237
2006,FI_FSI_FSLS,Canada,34.4197531599962
2007,FI_FSI_FSLS,Canada,30.3448965806479
2008,FI_FSI_FSLS,Canada,40.6955590342933
2009,FI_FSI_FSLS,Canada,54.4095159238025
2010,FI_FSI_FSLS,Canada,51.1239596838218
2011,FI_FSI_FSLS,Canada,54.1002875895081
2012,FI_FSI_FSLS,Canada,51.7551729677187
2013,FI_FSI_FSLS,Canada,47.8156265542582
2014,FI_FSI_FSLS,Canada,50.4764197886111
2015,FI_FSI_FSLS,Canada,45.3565300633372
2016,FI_FSI_FSLS,Canada,54.606534123632
2017,FI_FSI_FSLS,Canada,49.4084203518932
2018,FI_FSI_FSLS,Canada,48.5351387166034
2019,FI_FSI_FSLS,Canada,44.07804684414
2020,FI_FSI_FSLS,Canada,77.9672516473989
2010,FI_FSI_FSLS,Albania,30.3835245888424
2011,FI_FSI_FSLS,Albania,32.8008768955256
2012,FI_FSI_FSLS,Albania,35.6138531661464
2013,FI_FSI_FSLS,Albania,33.6079104470378
2014,FI_FSI_FSLS,Albania,38.6759848510118
2015,FI_FSI_FSLS,Albania,40.8455541098016
2016,FI_FSI_FSLS,Albania,39.9694150548205
2017,FI_FSI_FSLS,Albania,40.1811003899305
2018,FI_FSI_FSLS,Albania,45.9480414361102
2019,FI_FSI_FSLS,Albania,49.0392178072044
2020,FI_FSI_FSLS,Albania,46.937267849233
2021,FI_FSI_FSLS,Albania,44.9193956705706
2022,FI_FSI_FSLS,Albania,39.579419872045
2005,FI_FSI_FSLS,Australia,22.5034279778623
2006,FI_FSI_FSLS,Australia,24.7996129030348
2021,FI_FSI_FSLS,Canada,79.5128486746256
2001,FI_FSI_FSLS,Chile,40.8455459338687
2002,FI_FSI_FSLS,Chile,43.7950556602525
2003,FI_FSI_FSLS,Chile,37.2066481839311
2004,FI_FSI_FSLS,Chile,37.1143973417881
2005,FI_FSI_FSLS,Chile,30.618228911385
2006,FI_FSI_FSLS,Chile,23.4256397263014
2007,FI_FSI_FSLS,Chile,20.6960064272404
2010,FI_FSI_FSLS,China,42.2012733767457
2011,FI_FSI_FSLS,China,43.164540892767
2012,FI_FSI_FSLS,China,45.8306439196319
2013,FI_FSI_FSLS,China,44.0289162342116
2014,FI_FSI_FSLS,China,46.4445000322491
2015,FI_FSI_FSLS,China,48.0146224902117
2016,FI_FSI_FSLS,China,47.554410905154
2017,FI_FSI_FSLS,China,50.0287599192647
2018,FI_FSI_FSLS,China,55.3069705184858
2019,FI_FSI_FSLS,China,58.458348553708
2020,FI_FSI_FSLS,China,58.412601361748
2021,FI_FSI_FSLS,China,60.3150784669257
2005,FI_FSI_FSLS,Colombia,51.5192589046905
2006,FI_FSI_FSLS,Colombia,37.2607906941585
2007,FI_FSI_FSLS,Colombia,37.9207792678233
2008,FI_FSI_FSLS,Colombia,39.8539118853221
2009,FI_FSI_FSLS,Colombia,47.7963624839979
2010,FI_FSI_FSLS,Colombia,42.671506478859
2011,FI_FSI_FSLS,Colombia,43.7354251485809
2012,FI_FSI_FSLS,Colombia,43.5639886820439
2013,FI_FSI_FSLS,Colombia,41.8936087366397
2014,FI_FSI_FSLS,Colombia,40.2916316613818
2015,FI_FSI_FSLS,Colombia,39.8853281569577
2016,FI_FSI_FSLS,Colombia,39.9133488260267
2017,FI_FSI_FSLS,Colombia,42.5531027432046
2018,FI_FSI_FSLS,Colombia,39.2772507568977
2019,FI_FSI_FSLS,Colombia,36.6332707744586
2020,FI_FSI_FSLS,Colombia,37.9366464723237
2021,FI_FSI_FSLS,Colombia,37.2511187176168
2008,FI_FSI_FSLS,Costa Rica,51.9685638071634
2009,FI_FSI_FSLS,Costa Rica,57.4435975816629
2010,FI_FSI_FSLS,Costa Rica,58.8321774408836
2011,FI_FSI_FSLS,Costa Rica,56.6524292744872
2012,FI_FSI_FSLS,Costa Rica,58.2426930963601
2013,FI_FSI_FSLS,Costa Rica,63.0505002534273
2014,FI_FSI_FSLS,Costa Rica,63.1006102279106
2015,FI_FSI_FSLS,Costa Rica,64.3307418219495
2016,FI_FSI_FSLS,Costa Rica,63.2407575334299
2017,FI_FSI_FSLS,Costa Rica,67.3070025647645
2018,FI_FSI_FSLS,Costa Rica,63.018022862644
2019,FI_FSI_FSLS,Costa Rica,68.0126750004727
2020,FI_FSI_FSLS,Costa Rica,68.3546932452079
2021,FI_FSI_FSLS,Costa Rica,70.1567616336959
2022,FI_FSI_FSLS,Costa Rica,68.2594867527639
2006,FI_FSI_FSLS,Croatia,61.8691487202185
2007,FI_FSI_FSLS,Croatia,61.5550751322023
2008,FI_FSI_FSLS,Croatia,54.5604335096847
2009,FI_FSI_FSLS,Croatia,53.4815607574983
2010,FI_FSI_FSLS,Croatia,37.8101465172057
2011,FI_FSI_FSLS,Croatia,38.4431771730772
2012,FI_FSI_FSLS,Croatia,38.7079342179945
2013,FI_FSI_FSLS,Croatia,38.1584719653519
2014,FI_FSI_FSLS,Croatia,42.6793701604889
2015,FI_FSI_FSLS,Croatia,41.8517257978837
2016,FI_FSI_FSLS,Croatia,42.5872999940927
2017,FI_FSI_FSLS,Croatia,47.3098518521258
2018,FI_FSI_FSLS,Croatia,47.0749070081833
2019,FI_FSI_FSLS,Croatia,46.7483528549572
2020,FI_FSI_FSLS,Croatia,48.0639511063301
2021,FI_FSI_FSLS,Croatia,37.4630203658471
2008,FI_FSI_FSLS,Cyprus,46.4917494392549
2009,FI_FSI_FSLS,Cyprus,51.1536100578965
2010,FI_FSI_FSLS,Cyprus,37.3413933833989
2011,FI_FSI_FSLS,Cyprus,28.2044504504289
2012,FI_FSI_FSLS,Cyprus,24.1171623781393
2013,FI_FSI_FSLS,Cyprus,30.3186311619645
2014,FI_FSI_FSLS,Cyprus,24.6345821523814
2015,FI_FSI_FSLS,Cyprus,36.4516168593447
2016,FI_FSI_FSLS,Cyprus,20.9785952627273
2017,FI_FSI_FSLS,Cyprus,25.798693495428
2018,FI_FSI_FSLS,Cyprus,44.9287813886096
2019,FI_FSI_FSLS,Cyprus,47.501520865105
2020,FI_FSI_FSLS,Cyprus,39.4630558228594
2021,FI_FSI_FSLS,Cyprus,42.6630133074392
2005,FI_FSI_FSLS,Czechia,87.7203483140537
2007,FI_FSI_FSLS,Czechia,71.5340735340688
2008,FI_FSI_FSLS,Czechia,70.3255777051739
2009,FI_FSI_FSLS,Czechia,69.9682884811372
2010,FI_FSI_FSLS,Czechia,71.1244331806709
2011,FI_FSI_FSLS,Czechia,72.2268448461247
2012,FI_FSI_FSLS,Czechia,71.3867683883422
2007,FI_FSI_FSLS,Australia,27.5012240880614
2008,FI_FSI_FSLS,Australia,34.0210543938705
2009,FI_FSI_FSLS,Australia,35.2172988981576
2010,FI_FSI_FSLS,Australia,38.8971169631799
2011,FI_FSI_FSLS,Australia,39.2081425388424
2012,FI_FSI_FSLS,Australia,42.7687536197049
2013,FI_FSI_FSLS,Australia,42.0344404357639
2014,FI_FSI_FSLS,Australia,40.1912197289128
2015,FI_FSI_FSLS,Australia,39.6820661672567
2016,FI_FSI_FSLS,Australia,41.1625266265172
2017,FI_FSI_FSLS,Australia,40.0842780249389
2018,FI_FSI_FSLS,Australia,41.9307866808761
2019,FI_FSI_FSLS,Australia,34.2168898478044
2020,FI_FSI_FSLS,Australia,37.0115255193334
2021,FI_FSI_FSLS,Australia,37.7178796245767
2006,FI_FSI_FSLS,Austria,68.5280590183821
2007,FI_FSI_FSLS,Austria,67.107763112562
2008,FI_FSI_FSLS,Austria,69.7331162533543
2009,FI_FSI_FSLS,Austria,76.233982549907
2010,FI_FSI_FSLS,Austria,67.959402199087
2011,FI_FSI_FSLS,Austria,71.5770615839428
2012,FI_FSI_FSLS,Austria,73.3583475895964
2013,FI_FSI_FSLS,Austria,68.9188906517956
2014,FI_FSI_FSLS,Austria,66.9956090872689
2015,FI_FSI_FSLS,Austria,68.4885847529703
2016,FI_FSI_FSLS,Austria,67.2350588071169
2017,FI_FSI_FSLS,Austria,65.7015265821804
2018,FI_FSI_FSLS,Austria,68.1697858304631
2019,FI_FSI_FSLS,Austria,63.9306007653345
2020,FI_FSI_FSLS,Austria,78.0292710566669
2013,FI_FSI_FSLS,Czechia,67.3749870396305
2014,FI_FSI_FSLS,Czechia,64.85780675504
2015,FI_FSI_FSLS,Czechia,61.6845940267827
2016,FI_FSI_FSLS,Czechia,53.8099745613813
2017,FI_FSI_FSLS,Czechia,39.8275063313907
2018,FI_FSI_FSLS,Czechia,29.9707242797218
2019,FI_FSI_FSLS,Czechia,38.7443371914924
2020,FI_FSI_FSLS,Czechia,40.8581264444713
2021,FI_FSI_FSLS,Czechia,53.5157096737092
2005,FI_FSI_FSLS,Denmark,63.9908103405973
2006,FI_FSI_FSLS,Denmark,53.4667575346401
2007,FI_FSI_FSLS,Denmark,52.1514623863104
2008,FI_FSI_FSLS,Denmark,45.1397990115881
2009,FI_FSI_FSLS,Denmark,62.7253400134488
2010,FI_FSI_FSLS,Denmark,66.3095579833788
2011,FI_FSI_FSLS,Denmark,73.8264755026065
2012,FI_FSI_FSLS,Denmark,82.567175383026
2013,FI_FSI_FSLS,Denmark,56.765781852997
2014,FI_FSI_FSLS,Denmark,55.1160972403776
2015,FI_FSI_FSLS,Denmark,47.4212498630116
2016,FI_FSI_FSLS,Denmark,49.1488244984964
2017,FI_FSI_FSLS,Denmark,47.1434822648094
2018,FI_FSI_FSLS,Denmark,50.1086929366119
2019,FI_FSI_FSLS,Denmark,49.5128353349024
2020,FI_FSI_FSLS,Denmark,59.3227573633341
2021,FI_FSI_FSLS,Denmark,58.347232726425
2008,FI_FSI_FSLS,Estonia,19.374202452209
2009,FI_FSI_FSLS,Estonia,24.9487688598973
2010,FI_FSI_FSLS,Estonia,25.2401705368396
2011,FI_FSI_FSLS,Estonia,25.7203842049093
2012,FI_FSI_FSLS,Estonia,25.8000506650683
2013,FI_FSI_FSLS,Estonia,21.6036716167558
2014,FI_FSI_FSLS,Estonia,28.7417794844608
2015,FI_FSI_FSLS,Estonia,29.2487456030453
2016,FI_FSI_FSLS,Estonia,31.4832898320444
2017,FI_FSI_FSLS,Estonia,28.111916952729
2018,FI_FSI_FSLS,Estonia,26.4187465702767
2019,FI_FSI_FSLS,Estonia,24.9511408048798
2020,FI_FSI_FSLS,Estonia,30.5531116851142
2021,FI_FSI_FSLS,Estonia,31.0004245846906
2014,FI_FSI_FSLS,Finland,18.9083498425703
2015,FI_FSI_FSLS,Finland,22.4456514150878
2016,FI_FSI_FSLS,Finland,25.0511871389409
2017,FI_FSI_FSLS,Finland,20.9489777603733
2018,FI_FSI_FSLS,Finland,19.0743104015972
2019,FI_FSI_FSLS,Finland,22.1350273226114
2020,FI_FSI_FSLS,Finland,21.7269719835183
2021,FI_FSI_FSLS,Finland,22.2089352697521
2008,FI_FSI_FSLS,France,128.323493222094
2009,FI_FSI_FSLS,France,93.1309100347863
2010,FI_FSI_FSLS,France,87.960518167028
2011,FI_FSI_FSLS,France,87.6353457895702
2012,FI_FSI_FSLS,France,88.474109846893
2013,FI_FSI_FSLS,France,71.6127634986469
2014,FI_FSI_FSLS,France,17.7773382423067
2015,FI_FSI_FSLS,France,17.5187422988036
2016,FI_FSI_FSLS,France,20.1929602921626
2017,FI_FSI_FSLS,France,20.7401042923995
2018,FI_FSI_FSLS,France,19.3017692807711
2019,FI_FSI_FSLS,France,20.1431971958039
2020,FI_FSI_FSLS,France,25.9888407856105
2021,FI_FSI_FSLS,France,26.9990386189077
2001,FI_FSI_FSLS,Georgia,58.9851659401045
2002,FI_FSI_FSLS,Georgia,51.351697106824
2003,FI_FSI_FSLS,Georgia,52.2392604046208
2004,FI_FSI_FSLS,Georgia,48.9899752540583
2005,FI_FSI_FSLS,Georgia,39.5685530150162
2006,FI_FSI_FSLS,Georgia,42.0860684319228
2007,FI_FSI_FSLS,Georgia,42.2083439710274
2008,FI_FSI_FSLS,Georgia,34.9570174795816
2009,FI_FSI_FSLS,Georgia,41.3103835553282
2010,FI_FSI_FSLS,Georgia,41.8773783760641
2011,FI_FSI_FSLS,Georgia,44.4130811801777
2012,FI_FSI_FSLS,Georgia,44.7532162339726
2013,FI_FSI_FSLS,Georgia,43.1168992020815
2014,FI_FSI_FSLS,Georgia,34.7502606191843
2015,FI_FSI_FSLS,Georgia,35.6048490461673
2016,FI_FSI_FSLS,Georgia,33.9832187152747
2017,FI_FSI_FSLS,Georgia,32.086686032787
2018,FI_FSI_FSLS,Georgia,27.1380013164706
2019,FI_FSI_FSLS,Georgia,24.172245046155
2020,FI_FSI_FSLS,Georgia,25.2178323726528
2021,FI_FSI_FSLS,Georgia,26.2750164057766
2022,FI_FSI_FSLS,Georgia,41.9268833461969
2007,FI_FSI_FSLS,Germany,119.42
2008,FI_FSI_FSLS,Germany,120.38
2009,FI_FSI_FSLS,Germany,144.24
2010,FI_FSI_FSLS,Germany,136.99
2011,FI_FSI_FSLS,Germany,137.86
2012,FI_FSI_FSLS,Germany,144.17
2013,FI_FSI_FSLS,Germany,140.5
2014,FI_FSI_FSLS,Germany,145.48
2015,FI_FSI_FSLS,Germany,146.5
2016,FI_FSI_FSLS,Germany,146.62
2017,FI_FSI_FSLS,Germany,151.25
2018,FI_FSI_FSLS,Germany,151.7
2019,FI_FSI_FSLS,Germany,161.25
2020,FI_FSI_FSLS,Germany,169.64
2021,FI_FSI_FSLS,Germany,170.88
2005,FI_FSI_FSLS,Greece,47.0041752113044
2008,FI_FSI_FSLS,Greece,50.0190472997703
2009,FI_FSI_FSLS,Greece,56.9275151744849
2010,FI_FSI_FSLS,Greece,47.0326813743375
2011,FI_FSI_FSLS,Greece,50.8771716786135
2012,FI_FSI_FSLS,Greece,41.9222764439435
2013,FI_FSI_FSLS,Greece,39.9891291708178
2014,FI_FSI_FSLS,Greece,40.0562403010111
2015,FI_FSI_FSLS,Greece,40.4279255437082
2016,FI_FSI_FSLS,Greece,36.2696911382501
2017,FI_FSI_FSLS,Greece,23.7778548372422
2018,FI_FSI_FSLS,Greece,25.7639271305818
2019,FI_FSI_FSLS,Greece,41.5921784169418
2020,FI_FSI_FSLS,Greece,57.0422988566216
2021,FI_FSI_FSLS,Greece,43.2589487615435
2008,FI_FSI_FSLS,Hungary,35.3670406818226
2009,FI_FSI_FSLS,Hungary,45.2858786478844
2010,FI_FSI_FSLS,Hungary,42.7794206287444
2011,FI_FSI_FSLS,Hungary,45.6113116445523
2012,FI_FSI_FSLS,Hungary,55.200014524931
2013,FI_FSI_FSLS,Hungary,57.5171859365817
2014,FI_FSI_FSLS,Hungary,63.5763327318961
2015,FI_FSI_FSLS,Hungary,68.810359524814
2016,FI_FSI_FSLS,Hungary,59.6625517613291
2017,FI_FSI_FSLS,Hungary,46.9259736018453
2018,FI_FSI_FSLS,Hungary,41.6394914870923
2019,FI_FSI_FSLS,Hungary,39.692243475611
2020,FI_FSI_FSLS,Hungary,34.3578231543565
2021,FI_FSI_FSLS,Hungary,17.916921609662
2014,FI_FSI_FSLS,Iceland,32.7461691385962
2015,FI_FSI_FSLS,Iceland,37.616992302598
2016,FI_FSI_FSLS,Iceland,37.1866968827024
2017,FI_FSI_FSLS,Iceland,30.1092998739277
2018,FI_FSI_FSLS,Iceland,23.3239373555737
2019,FI_FSI_FSLS,Iceland,22.8335153893914
2020,FI_FSI_FSLS,Iceland,23.6478937357859
2021,FI_FSI_FSLS,Iceland,26.8609272068328
2022,FI_FSI_FSLS,Iceland,22.770354702414
2005,FI_FSI_FSLS,India,31.9731393453478
2008,FI_FSI_FSLS,India,70.0265531895511
2011,FI_FSI_FSLS,India,64.4811921761126
2012,FI_FSI_FSLS,India,80.7895053038446
2013,FI_FSI_FSLS,India,82.9530197695384
2014,FI_FSI_FSLS,India,75.7995170647238
2015,FI_FSI_FSLS,India,73.9888926571264
2016,FI_FSI_FSLS,India,85.7905458483583
2017,FI_FSI_FSLS,India,76.5754791883548
2018,FI_FSI_FSLS,India,64.3068644142704
2019,FI_FSI_FSLS,India,66.5864753602399
2020,FI_FSI_FSLS,India,78.1153900650312
2021,FI_FSI_FSLS,India,68.6121640059189
2016,FI_FSI_FSLS,Ireland,29.9823946518753
2017,FI_FSI_FSLS,Ireland,30.7075591410267
2018,FI_FSI_FSLS,Ireland,36.1923012223546
2019,FI_FSI_FSLS,Ireland,35.953732663868
2020,FI_FSI_FSLS,Ireland,37.0210054929063
2021,FI_FSI_FSLS,Ireland,37.2580493226278
2013,FI_FSI_FSLS,Israel,26.4172745485389
2014,FI_FSI_FSLS,Israel,28.5885961353173
2015,FI_FSI_FSLS,Israel,31.0984076617225
2016,FI_FSI_FSLS,Israel,36.5175426684607
2017,FI_FSI_FSLS,Israel,35.0044875558682
2018,FI_FSI_FSLS,Israel,32.4220008567285
2019,FI_FSI_FSLS,Israel,33.596812157867
2020,FI_FSI_FSLS,Israel,39.2806390313226
2021,FI_FSI_FSLS,Israel,39.4924207721208
2009,FI_FSI_FSLS,Italy,86.3447092583631
2010,FI_FSI_FSLS,Italy,85.0967918589239
2011,FI_FSI_FSLS,Italy,91.3391170634397
2012,FI_FSI_FSLS,Italy,89.6505628033014
2013,FI_FSI_FSLS,Italy,105.46662569598
2015,FI_FSI_FSLS,Italy,93.0819014514125
2016,FI_FSI_FSLS,Italy,84.4337164062851
2017,FI_FSI_FSLS,Italy,83.9246605732297
2018,FI_FSI_FSLS,Italy,76.0714659589343
2019,FI_FSI_FSLS,Italy,74.8408300512
2020,FI_FSI_FSLS,Italy,97.6774052794154
2021,FI_FSI_FSLS,Italy,96.9465163617198
2008,FI_FSI_FSLS,Kazakhstan,50.2733350786917
2009,FI_FSI_FSLS,Kazakhstan,64.1038027229694
2010,FI_FSI_FSLS,Kazakhstan,67.5233799758266
2011,FI_FSI_FSLS,Kazakhstan,59.3928577074078
2012,FI_FSI_FSLS,Kazakhstan,50.2800930699065
2013,FI_FSI_FSLS,Kazakhstan,51.0539666374916
2014,FI_FSI_FSLS,Kazakhstan,57.6125519818351
2015,FI_FSI_FSLS,Kazakhstan,78.3231969311429
2016,FI_FSI_FSLS,Kazakhstan,75.7457975520718
2017,FI_FSI_FSLS,Kazakhstan,97.7144113116448
2018,FI_FSI_FSLS,Kazakhstan,90.7600657956164
2019,FI_FSI_FSLS,Kazakhstan,95.8661104301778
2020,FI_FSI_FSLS,Kazakhstan,103.635730311143
2005,FI_FSI_FSLS,Republic of Korea,56.499444725716
2008,FI_FSI_FSLS,Republic of Korea,101.37095552813
2009,FI_FSI_FSLS,Republic of Korea,103.930927554665
2010,FI_FSI_FSLS,Republic of Korea,117.468166240286
2011,FI_FSI_FSLS,Republic of Korea,109.337015928784
2012,FI_FSI_FSLS,Republic of Korea,111.342062946491
2013,FI_FSI_FSLS,Republic of Korea,107.874260996137
2014,FI_FSI_FSLS,Republic of Korea,121.980023377541
2015,FI_FSI_FSLS,Republic of Korea,104.955767107632
2016,FI_FSI_FSLS,Republic of Korea,102.594492210252
2017,FI_FSI_FSLS,Republic of Korea,101.246797223559
2018,FI_FSI_FSLS,Republic of Korea,114.511702919629
2019,FI_FSI_FSLS,Republic of Korea,109.963647658938
2020,FI_FSI_FSLS,Republic of Korea,102.18488351368
2021,FI_FSI_FSLS,Republic of Korea,106.861152727555
2010,FI_FSI_FSLS,Kyrgyzstan,72.8011330302599
2011,FI_FSI_FSLS,Kyrgyzstan,74.8930207812708
2012,FI_FSI_FSLS,Kyrgyzstan,79.5297244702033
2013,FI_FSI_FSLS,Kyrgyzstan,69.904474944962
2014,FI_FSI_FSLS,Kyrgyzstan,64.9691859777361
2015,FI_FSI_FSLS,Kyrgyzstan,77.7884316398801
2016,FI_FSI_FSLS,Kyrgyzstan,75.4541095854881
2017,FI_FSI_FSLS,Kyrgyzstan,65.0860499685386
2018,FI_FSI_FSLS,Kyrgyzstan,66.9268261236187
2019,FI_FSI_FSLS,Kyrgyzstan,63.9580737397217
2020,FI_FSI_FSLS,Kyrgyzstan,64.8661218334852
2021,FI_FSI_FSLS,Kyrgyzstan,71.2723775914114
2022,FI_FSI_FSLS,Kyrgyzstan,82.7862350480604
2008,FI_FSI_FSLS,Latvia,18.0271404708481
2009,FI_FSI_FSLS,Latvia,35.6869473018236
2010,FI_FSI_FSLS,Latvia,29.6646597876537
2011,FI_FSI_FSLS,Latvia,65.6052014927531
2012,FI_FSI_FSLS,Latvia,56.2004847535665
2013,FI_FSI_FSLS,Latvia,55.2031307350869
2014,FI_FSI_FSLS,Latvia,44.3422968960129
2015,FI_FSI_FSLS,Latvia,46.4572546925689
2016,FI_FSI_FSLS,Latvia,80.8125563996995
2017,FI_FSI_FSLS,Latvia,86.2093056546757
2018,FI_FSI_FSLS,Latvia,75.1186506230009
2019,FI_FSI_FSLS,Latvia,84.0023246468299
2020,FI_FSI_FSLS,Latvia,87.3204564608045
2021,FI_FSI_FSLS,Latvia,100.863517039969
2008,FI_FSI_FSLS,Lithuania,34.4170705871112
2009,FI_FSI_FSLS,Lithuania,34.9005069845929
2010,FI_FSI_FSLS,Lithuania,33.2381164852882
2011,FI_FSI_FSLS,Lithuania,38.2573405600136
2012,FI_FSI_FSLS,Lithuania,32.5952616244621
2013,FI_FSI_FSLS,Lithuania,32.9576351427653
2014,FI_FSI_FSLS,Lithuania,37.1405232841864
2016,FI_FSI_FSLS,Lithuania,22.5275796348233
2017,FI_FSI_FSLS,Lithuania,31.0578564525743
2018,FI_FSI_FSLS,Lithuania,31.3246558144284
2019,FI_FSI_FSLS,Lithuania,36.1705169593367
2020,FI_FSI_FSLS,Lithuania,42.3184593497387
2021,FI_FSI_FSLS,Lithuania,47.5314420849671
2005,FI_FSI_FSLS,Luxembourg,64.3171361554226
2006,FI_FSI_FSLS,Luxembourg,65.9996845439554
2007,FI_FSI_FSLS,Luxembourg,64.1285720628919
2008,FI_FSI_FSLS,Luxembourg,67.7526401171504
2009,FI_FSI_FSLS,Luxembourg,64.7359608768323
2010,FI_FSI_FSLS,Luxembourg,65.759293555737
2011,FI_FSI_FSLS,Luxembourg,68.520001466652
2012,FI_FSI_FSLS,Luxembourg,68.6316402835777
2013,FI_FSI_FSLS,Luxembourg,69.8888188620093
2014,FI_FSI_FSLS,Luxembourg,69.9099039646027
2016,FI_FSI_FSLS,Luxembourg,31.7865907926174
2017,FI_FSI_FSLS,Luxembourg,31.7080055972381
2018,FI_FSI_FSLS,Luxembourg,34.6095385178224
2019,FI_FSI_FSLS,Luxembourg,33.1973801908547
2020,FI_FSI_FSLS,Luxembourg,38.8460449249671
2021,FI_FSI_FSLS,Luxembourg,35.1655305876026
2005,FI_FSI_FSLS,Malta,46.9635438074883
2006,FI_FSI_FSLS,Malta,42.538392592575
2007,FI_FSI_FSLS,Malta,46.3312498118989
2008,FI_FSI_FSLS,Malta,43.7332576197119
2009,FI_FSI_FSLS,Malta,42.7909027509611
2010,FI_FSI_FSLS,Malta,43.7381673667706
2011,FI_FSI_FSLS,Malta,45.4143711627358
2012,FI_FSI_FSLS,Malta,51.5444315007804
2013,FI_FSI_FSLS,Malta,51.6452440225934
2014,FI_FSI_FSLS,Malta,50.4207085100595
2015,FI_FSI_FSLS,Malta,37.324375965199
2016,FI_FSI_FSLS,Malta,38.3140232548517
2017,FI_FSI_FSLS,Malta,40.8672835334799
2018,FI_FSI_FSLS,Malta,35.9813268394641
2019,FI_FSI_FSLS,Malta,39.1030560206814
2020,FI_FSI_FSLS,Malta,39.8926574701395
2021,FI_FSI_FSLS,Malta,38.7477552627291
2005,FI_FSI_FSLS,Mexico,126.610681582886
2006,FI_FSI_FSLS,Mexico,119.318155160328
2007,FI_FSI_FSLS,Mexico,116.930675892785
2008,FI_FSI_FSLS,Mexico,117.437326531466
2009,FI_FSI_FSLS,Mexico,123.686435913367
2010,FI_FSI_FSLS,Mexico,119.415515899121
2011,FI_FSI_FSLS,Mexico,108.097062161716
2012,FI_FSI_FSLS,Mexico,111.282536356436
2013,FI_FSI_FSLS,Mexico,104.302572791883
2014,FI_FSI_FSLS,Mexico,108.249822910386
2015,FI_FSI_FSLS,Mexico,105.735233966694
2016,FI_FSI_FSLS,Mexico,106.39945130981
2017,FI_FSI_FSLS,Mexico,115.566134301781
2018,FI_FSI_FSLS,Mexico,120.891300014052
2019,FI_FSI_FSLS,Mexico,119.193376423809
2020,FI_FSI_FSLS,Mexico,136.751382326399
2021,FI_FSI_FSLS,Mexico,153.028627144528
2009,FI_FSI_FSLS,Moldova,103.788154643922
2010,FI_FSI_FSLS,Moldova,86.1171348317905
2011,FI_FSI_FSLS,Moldova,85.6479931832366
2012,FI_FSI_FSLS,Moldova,86.4486336930536
2013,FI_FSI_FSLS,Moldova,76.7969909090367
2014,FI_FSI_FSLS,Moldova,42.2744609915569
2015,FI_FSI_FSLS,Moldova,92.4673184393598
2016,FI_FSI_FSLS,Moldova,104.888547895417
2017,FI_FSI_FSLS,Moldova,179.517018422344
2018,FI_FSI_FSLS,Moldova,180.719060729877
2019,FI_FSI_FSLS,Moldova,207.368740011428
2020,FI_FSI_FSLS,Moldova,241.799361831713
2021,FI_FSI_FSLS,Moldova,251.082073568909
2006,FI_FSI_FSLS,Montenegro,41.138951779137
2007,FI_FSI_FSLS,Montenegro,35.9854118476743
2008,FI_FSI_FSLS,Montenegro,25.48028249455
2009,FI_FSI_FSLS,Montenegro,37.8747920232913
2010,FI_FSI_FSLS,Montenegro,40.1775911402826
2011,FI_FSI_FSLS,Montenegro,36.3484422055831
2012,FI_FSI_FSLS,Montenegro,50.4827027143326
2013,FI_FSI_FSLS,Montenegro,57.4860327593513
2014,FI_FSI_FSLS,Montenegro,66.8164554960425
2015,FI_FSI_FSLS,Montenegro,87.0385923017768
2016,FI_FSI_FSLS,Montenegro,51.4242532704081
2017,FI_FSI_FSLS,Montenegro,49.2026173794703
2018,FI_FSI_FSLS,Montenegro,35.4294791615084
2019,FI_FSI_FSLS,Montenegro,31.1022218611641
2020,FI_FSI_FSLS,Montenegro,35.0576534979745
2021,FI_FSI_FSLS,Montenegro,39.6923333389843
2005,FI_FSI_FSLS,Netherlands (Kingdom of the),279.676762640741
2008,FI_FSI_FSLS,Netherlands (Kingdom of the),187.351728703397
2009,FI_FSI_FSLS,Netherlands (Kingdom of the),187.348778752123
2010,FI_FSI_FSLS,Netherlands (Kingdom of the),176.234318520094
2011,FI_FSI_FSLS,Netherlands (Kingdom of the),175.774649286276
2012,FI_FSI_FSLS,Netherlands (Kingdom of the),179.475712903001
2013,FI_FSI_FSLS,Netherlands (Kingdom of the),180.256571309759
2014,FI_FSI_FSLS,Netherlands (Kingdom of the),162.520853398477
2015,FI_FSI_FSLS,Netherlands (Kingdom of the),169.742090122398
2016,FI_FSI_FSLS,Netherlands (Kingdom of the),166.996343338186
2019,FI_FSI_FSLS,Netherlands (Kingdom of the),16.4708632312317
2020,FI_FSI_FSLS,Netherlands (Kingdom of the),20.5930843882484
2021,FI_FSI_FSLS,Netherlands (Kingdom of the),21.7594032127804
2005,FI_FSI_FSLS,Norway,22.9295254929896
2008,FI_FSI_FSLS,Norway,24.8179201717612
2009,FI_FSI_FSLS,Norway,19.0085479251451
2010,FI_FSI_FSLS,Norway,13.9504775380262
2011,FI_FSI_FSLS,Norway,29.4309793065536
2012,FI_FSI_FSLS,Norway,30.6512134341922
2013,FI_FSI_FSLS,Norway,23.4963762022984
2014,FI_FSI_FSLS,Norway,15.0646613442227
2015,FI_FSI_FSLS,Norway,10.0498198234723
2016,FI_FSI_FSLS,Norway,19.5466104195343
2017,FI_FSI_FSLS,Norway,16.8743541456122
2018,FI_FSI_FSLS,Norway,15.8209997207484
2019,FI_FSI_FSLS,Norway,20.0018922584537
2020,FI_FSI_FSLS,Norway,18.8738267675057
2021,FI_FSI_FSLS,Norway,18.9776117730669
2008,FI_FSI_FSLS,Poland,25.2822248612477
2009,FI_FSI_FSLS,Poland,29.7935874034952
2010,FI_FSI_FSLS,Poland,31.2172750309887
2011,FI_FSI_FSLS,Poland,28.8157291624353
2012,FI_FSI_FSLS,Poland,31.0669553753073
2013,FI_FSI_FSLS,Poland,31.6889666903389
2014,FI_FSI_FSLS,Poland,30.6477246872534
2015,FI_FSI_FSLS,Poland,29.6929029119885
2016,FI_FSI_FSLS,Poland,31.0970631699539
2017,FI_FSI_FSLS,Poland,30.4538308366996
2018,FI_FSI_FSLS,Poland,25.1633904885153
2019,FI_FSI_FSLS,Poland,26.1938352168397
2020,FI_FSI_FSLS,Poland,37.348025924048
2021,FI_FSI_FSLS,Poland,45.4804587410552
2008,FI_FSI_FSLS,Portugal,8.67039656835866
2009,FI_FSI_FSLS,Portugal,8.29945283702712
2010,FI_FSI_FSLS,Portugal,18.3604203530819
2011,FI_FSI_FSLS,Portugal,12.2315760384389
2012,FI_FSI_FSLS,Portugal,13.8070068497268
2013,FI_FSI_FSLS,Portugal,15.4068264986557
2014,FI_FSI_FSLS,Portugal,20.267762818414
2015,FI_FSI_FSLS,Portugal,15.6736299847523
2016,FI_FSI_FSLS,Portugal,15.6387104168703
2017,FI_FSI_FSLS,Portugal,20.9863950723667
2018,FI_FSI_FSLS,Portugal,23.3418407687338
2019,FI_FSI_FSLS,Portugal,25.2570919751327
2020,FI_FSI_FSLS,Portugal,31.6132838211011
2021,FI_FSI_FSLS,Portugal,34.3110096155457
2007,FI_FSI_FSLS,Romania,170.622897153329
2008,FI_FSI_FSLS,Romania,230.470379080873
2009,FI_FSI_FSLS,Romania,132.005040228672
2010,FI_FSI_FSLS,Romania,142.204170090518
2011,FI_FSI_FSLS,Romania,139.026359976584
2012,FI_FSI_FSLS,Romania,147.66805757356
2013,FI_FSI_FSLS,Romania,156.287107983332
2014,FI_FSI_FSLS,Romania,158.897695731536
2015,FI_FSI_FSLS,Romania,163.442164493913
2016,FI_FSI_FSLS,Romania,156.290773945547
2017,FI_FSI_FSLS,Romania,145.611751301146
2018,FI_FSI_FSLS,Romania,170.645958520454
2019,FI_FSI_FSLS,Romania,165.290432005371
2020,FI_FSI_FSLS,Romania,162.669838337944
2021,FI_FSI_FSLS,Romania,19.8520236516604
2005,FI_FSI_FSLS,Slovakia,40.3102430758962
2008,FI_FSI_FSLS,Slovakia,64.9667112583106
2009,FI_FSI_FSLS,Slovakia,57.3368508116015
2010,FI_FSI_FSLS,Slovakia,56.4543256898782
2011,FI_FSI_FSLS,Slovakia,52.8582190128017
2012,FI_FSI_FSLS,Slovakia,55.8977091070611
2013,FI_FSI_FSLS,Slovakia,49.1153865771853
2014,FI_FSI_FSLS,Slovakia,46.0442756162034
2015,FI_FSI_FSLS,Slovakia,45.8942811787279
2016,FI_FSI_FSLS,Slovakia,42.1360013101377
2017,FI_FSI_FSLS,Slovakia,39.4916654294453
2018,FI_FSI_FSLS,Slovakia,35.381719414983
2019,FI_FSI_FSLS,Slovakia,31.8758896794225
2020,FI_FSI_FSLS,Slovakia,37.6732626252406
2021,FI_FSI_FSLS,Slovakia,43.741817416829
2008,FI_FSI_FSLS,Slovenia,34.7681222007259
2009,FI_FSI_FSLS,Slovenia,36.168859578546
2010,FI_FSI_FSLS,Slovenia,42.8525174289788
2011,FI_FSI_FSLS,Slovenia,40.3142522508423
2012,FI_FSI_FSLS,Slovenia,43.5359610058298
2013,FI_FSI_FSLS,Slovenia,45.6444156708242
2014,FI_FSI_FSLS,Slovenia,62.9382635325029
2015,FI_FSI_FSLS,Slovenia,54.8134988110977
2016,FI_FSI_FSLS,Slovenia,53.4935320418138
2017,FI_FSI_FSLS,Slovenia,51.8756694863593
2018,FI_FSI_FSLS,Slovenia,32.5318645513634
2019,FI_FSI_FSLS,Slovenia,34.0203713072698
2020,FI_FSI_FSLS,Slovenia,36.109421959446
2021,FI_FSI_FSLS,Slovenia,31.4138483811882
2022,FI_FSI_FSLS,Slovenia,30.9542710406388
2017,FI_FSI_FSLS,Spain,20.9263086573675
2018,FI_FSI_FSLS,Spain,22.8327717683694
2019,FI_FSI_FSLS,Spain,22.018380835875
2020,FI_FSI_FSLS,Spain,28.5825771512151
2021,FI_FSI_FSLS,Spain,33.1250869642808
2006,FI_FSI_FSLS,Sweden,51.5053402578351
2007,FI_FSI_FSLS,Sweden,51.538979646876
2008,FI_FSI_FSLS,Sweden,44.9631010059665
2009,FI_FSI_FSLS,Sweden,49.0693243600302
2010,FI_FSI_FSLS,Sweden,55.2569073937624
2011,FI_FSI_FSLS,Sweden,55.859466657534
2012,FI_FSI_FSLS,Sweden,50.6748034069541
2013,FI_FSI_FSLS,Sweden,123.695973225322
2014,FI_FSI_FSLS,Sweden,134.152619450748
2015,FI_FSI_FSLS,Sweden,140.286054159299
2016,FI_FSI_FSLS,Sweden,19.9552853769799
2017,FI_FSI_FSLS,Sweden,19.9049619911214
2018,FI_FSI_FSLS,Sweden,18.7480501072991
2019,FI_FSI_FSLS,Sweden,19.3267221666412
2020,FI_FSI_FSLS,Sweden,23.1696863342677
2021,FI_FSI_FSLS,Sweden,23.5971595438912
2005,FI_FSI_FSLS,Switzerland,32.2794683810851
2006,FI_FSI_FSLS,Switzerland,33.3730063019895
2007,FI_FSI_FSLS,Switzerland,32.8389344610771
2008,FI_FSI_FSLS,Switzerland,37.2040092965217
2009,FI_FSI_FSLS,Switzerland,32.918198048205
2010,FI_FSI_FSLS,Switzerland,32.2794683810851
2011,FI_FSI_FSLS,Switzerland,32.2794683810851
2012,FI_FSI_FSLS,Switzerland,32.2794683810851
2013,FI_FSI_FSLS,Switzerland,32.2794683810851
2014,FI_FSI_FSLS,Switzerland,32.2794683810851
2015,FI_FSI_FSLS,Switzerland,140.281018967829
2016,FI_FSI_FSLS,Switzerland,152.733487775894
2017,FI_FSI_FSLS,Switzerland,150.906076828209
2018,FI_FSI_FSLS,Switzerland,158.332937945724
2019,FI_FSI_FSLS,Switzerland,160.577697832568
2020,FI_FSI_FSLS,Switzerland,179.222106832558
2021,FI_FSI_FSLS,Switzerland,177.649234921208
2008,FI_FSI_FSLS,Tajikistan,350.283014663279
2009,FI_FSI_FSLS,Tajikistan,692.776154874486
2010,FI_FSI_FSLS,Tajikistan,62.4869664217742
2011,FI_FSI_FSLS,Tajikistan,65.0531371596606
2012,FI_FSI_FSLS,Tajikistan,83.7017386040452
2013,FI_FSI_FSLS,Tajikistan,81.0947626422868
2014,FI_FSI_FSLS,Tajikistan,75.8257782639315
2015,FI_FSI_FSLS,Tajikistan,70.3570080918432
2016,FI_FSI_FSLS,Tajikistan,83.9318895183646
2017,FI_FSI_FSLS,Tajikistan,73.803171310069
2018,FI_FSI_FSLS,Tajikistan,72.3326859473129
2019,FI_FSI_FSLS,Tajikistan,67.445357259517
2020,FI_FSI_FSLS,Tajikistan,70.5120639052553
2021,FI_FSI_FSLS,Tajikistan,87.717708040402
2013,FI_FSI_FSLS,United Arab Emirates,35.6519254006945
2014,FI_FSI_FSLS,United Arab Emirates,31.346631852898
2015,FI_FSI_FSLS,United Arab Emirates,34.2015909075418
2016,FI_FSI_FSLS,United Arab Emirates,32.0700911433
2017,FI_FSI_FSLS,United Arab Emirates,38.5349883657765
2018,FI_FSI_FSLS,United Arab Emirates,39.6005025784842
2019,FI_FSI_FSLS,United Arab Emirates,42.0647067892349
2020,FI_FSI_FSLS,United Arab Emirates,37.1141315749099
2021,FI_FSI_FSLS,United Arab Emirates,35.7113605988786
2022,FI_FSI_FSLS,United Arab Emirates,37.0762843912021
2007,FI_FSI_FSLS,Türkiye,81.797457026886
2008,FI_FSI_FSLS,Türkiye,79.4933961499599
2009,FI_FSI_FSLS,Türkiye,84.4205476187123
2010,FI_FSI_FSLS,Türkiye,79.744329900519
2011,FI_FSI_FSLS,Türkiye,72.024207147423
2012,FI_FSI_FSLS,Türkiye,76.0252284191824
2013,FI_FSI_FSLS,Türkiye,72.0829899163618
2014,FI_FSI_FSLS,Türkiye,77.352791406141
2015,FI_FSI_FSLS,Türkiye,69.5697829983959
2016,FI_FSI_FSLS,Türkiye,66.9159057453004
2017,FI_FSI_FSLS,Türkiye,66.2419667482354
2018,FI_FSI_FSLS,Türkiye,64.0100108734088
2019,FI_FSI_FSLS,Türkiye,64.7987569212461
2020,FI_FSI_FSLS,Türkiye,58.5211217912918
2021,FI_FSI_FSLS,Türkiye,84.6467011677426
2005,FI_FSI_FSLS,Ukraine,31.0317059078725
2006,FI_FSI_FSLS,Ukraine,37.8287050764418
2007,FI_FSI_FSLS,Ukraine,39.9342615779254
2008,FI_FSI_FSLS,Ukraine,32.9877104265504
2009,FI_FSI_FSLS,Ukraine,35.8816094343003
2010,FI_FSI_FSLS,Ukraine,91.1884648075041
2011,FI_FSI_FSLS,Ukraine,94.7310270380548
2012,FI_FSI_FSLS,Ukraine,90.2804242057904
2013,FI_FSI_FSLS,Ukraine,89.1072881469686
2014,FI_FSI_FSLS,Ukraine,86.1430581468954
2015,FI_FSI_FSLS,Ukraine,92.8690653202682
2016,FI_FSI_FSLS,Ukraine,92.0917521034421
2017,FI_FSI_FSLS,Ukraine,98.3744415543744
2018,FI_FSI_FSLS,Ukraine,93.5210740210702
2019,FI_FSI_FSLS,Ukraine,94.3507790677814
2020,FI_FSI_FSLS,Ukraine,86.8155054751376
2021,FI_FSI_FSLS,Ukraine,89.1254839295244
2005,FI_FSI_FSLS,North Macedonia,54.9964437844435
2006,FI_FSI_FSLS,North Macedonia,52.7801455527642
2007,FI_FSI_FSLS,North Macedonia,46.8428375635279
2008,FI_FSI_FSLS,North Macedonia,32.4394820607316
2009,FI_FSI_FSLS,North Macedonia,37.4554311019192
2010,FI_FSI_FSLS,North Macedonia,46.9945882238781
2011,FI_FSI_FSLS,North Macedonia,48.9267027112175
2012,FI_FSI_FSLS,North Macedonia,53.0007007730447
2013,FI_FSI_FSLS,North Macedonia,54.506757337171
2014,FI_FSI_FSLS,North Macedonia,53.2433005839782
2015,FI_FSI_FSLS,North Macedonia,49.2123306310169
2016,FI_FSI_FSLS,North Macedonia,50.1275866895668
2017,FI_FSI_FSLS,North Macedonia,46.9341476964939
2018,FI_FSI_FSLS,North Macedonia,46.4337998875185
2019,FI_FSI_FSLS,North Macedonia,46.2543728186664
2020,FI_FSI_FSLS,North Macedonia,38.6234042108125
2021,FI_FSI_FSLS,North Macedonia,37.0340797995888
2005,FI_FSI_FSLS,United Kingdom of Great Britain and Northern Ireland,55.6230799785095
2008,FI_FSI_FSLS,United Kingdom of Great Britain and Northern Ireland,42.3173135739085
2009,FI_FSI_FSLS,United Kingdom of Great Britain and Northern Ireland,38.036721947438
2010,FI_FSI_FSLS,United Kingdom of Great Britain and Northern Ireland,37.9029007685543
2011,FI_FSI_FSLS,United Kingdom of Great Britain and Northern Ireland,40.8864966060375
2012,FI_FSI_FSLS,United Kingdom of Great Britain and Northern Ireland,36.8081126415832
2013,FI_FSI_FSLS,United Kingdom of Great Britain and Northern Ireland,35.6946513876997
2014,FI_FSI_FSLS,United Kingdom of Great Britain and Northern Ireland,35.8475876791973
2015,FI_FSI_FSLS,United Kingdom of Great Britain and Northern Ireland,35.6965816554688
2016,FI_FSI_FSLS,United Kingdom of Great Britain and Northern Ireland,40.4670171091325
2017,FI_FSI_FSLS,United Kingdom of Great Britain and Northern Ireland,44.1066286297796
2018,FI_FSI_FSLS,United Kingdom of Great Britain and Northern Ireland,50.9554086380534
2019,FI_FSI_FSLS,United Kingdom of Great Britain and Northern Ireland,44.2032307142053
2020,FI_FSI_FSLS,United Kingdom of Great Britain and Northern Ireland,46.6071730362337
2021,FI_FSI_FSLS,United Kingdom of Great Britain and Northern Ireland,47.633104997422
2010,FI_FSI_FSLS,Uzbekistan,67.3000024234787
2011,FI_FSI_FSLS,Uzbekistan,71.2742347472886
2012,FI_FSI_FSLS,Uzbekistan,52.1475055581342
2013,FI_FSI_FSLS,Uzbekistan,48.1839102399715
2005,FI_FSI_FSLS,Armenia,110.507950322591
2006,FI_FSI_FSLS,Armenia,106.06196550337
2007,FI_FSI_FSLS,Armenia,71.665388886537
2008,FI_FSI_FSLS,Armenia,60.3016766888781
2009,FI_FSI_FSLS,Armenia,89.7330814851878
2010,FI_FSI_FSLS,Armenia,131.488041365896
2011,FI_FSI_FSLS,Armenia,120.784889188978
2012,FI_FSI_FSLS,Armenia,126.051501942715
2013,FI_FSI_FSLS,Armenia,142.311773011946
2014,FI_FSI_FSLS,Uzbekistan,42.0739084000655
2015,FI_FSI_FSLS,Uzbekistan,43.5611330303409
2016,FI_FSI_FSLS,Uzbekistan,48.3551791092715
2017,FI_FSI_FSLS,Uzbekistan,55.6547133099416
2018,FI_FSI_FSLS,Uzbekistan,41.1715104559943
2019,FI_FSI_FSLS,Uzbekistan,40.3218306255635
2020,FI_FSI_FSLS,Uzbekistan,39.8558460893933
2021,FI_FSI_FSLS,Uzbekistan,46.9161102566399
2022,FI_FSI_FSLS,Uzbekistan,47.308794176489
2022,FI_FSI_FSLS,Uzbekistan,47.308794176489
