Year,SeriesCode,Country,Cities,Custom Breakdown,Value
2020,SP_TRN_PUBL,Azerbaijan,AZ_BAKU,,83.1
2020,SP_TRN_PUBL,Australia,AU_ALICE_SPRINGS,,94.6
2020,SP_TRN_PUBL,Australia,AU_HOBART,,95.1
2020,SP_TRN_PUBL,Australia,AU_SHEPPARTON,,91.8
2020,SP_TRN_PUBL,Australia,AU_BUNBURY,,93.9
2020,SP_TRN_PUBL,Australia,AU_CESSNOCK,,93.5
2020,SP_TRN_PUBL,Australia,AU_LAUNCESTON,,93.3
2020,SP_TRN_PUBL,Australia,AU_ADELAIDE,,92.5
2020,SP_TRN_PUBL,Australia,AU_DARWIN,,91.6
2020,SP_TRN_PUBL,Australia,AU_WOLLONGONG,,90.6
2020,SP_TRN_PUBL,Australia,AU_GEELONG,,89.7
2020,SP_TRN_PUBL,Australia,AU_BRISBANE,,89.1
2020,SP_TRN_PUBL,Australia,AU_MELBOURNE,,88.9
2020,SP_TRN_PUBL,Australia,AU_CANBERRA,,84.8
2020,SP_TRN_PUBL,Australia,AU_GOLD_COAST,,82.8
2020,SP_TRN_PUBL,Australia,AU_CAIRNS,,77.2
2020,SP_TRN_PUBL,Australia,AU_SYDNEY,,69.6
2020,SP_TRN_PUBL,Australia,AU_MUSWELLBROOK,,66.2
2020,SP_TRN_PUBL,Estonia,EE_TALLINN,,95.4
2020,SP_TRN_PUBL,Estonia,EE_TARTU,,97.2
2020,SP_TRN_PUBL,Estonia,EE_NARVA,,98.0
2020,SP_TRN_PUBL,Finland,FI_TAMPERE,,97.0
2020,SP_TRN_PUBL,Latvia,LV_RIGA,,92.7
2020,SP_TRN_PUBL,Latvia,LV_DAUGAVPILS,,86.0
2020,SP_TRN_PUBL,Latvia,LV_LIEPAJA,,90.4
2020,SP_TRN_PUBL,Lithuania,LT_KLAIPEDA,,92.2
2020,SP_TRN_PUBL,Australia,AU_KINGAROY,,55.7
2020,SP_TRN_PUBL,Australia,AU_PERTH,,45.4
2020,SP_TRN_PUBL,Austria,AT_LINZ,,93.8
2020,SP_TRN_PUBL,Austria,AT_SALZBURG,,93.5
2020,SP_TRN_PUBL,Austria,AT_INNSBRUCK,,98.4
2020,SP_TRN_PUBL,Austria,AT_WIEN,,97.5
2020,SP_TRN_PUBL,Austria,AT_BREGENZ,,95.0
2020,SP_TRN_PUBL,Austria,AT_KLAGENFURT_AM_WORTHERSEE,,96.2
2020,SP_TRN_PUBL,Austria,AT_GRAZ,,95.8
2018,SP_TRN_PUBL,Belgium,BE_GANSHOREN,,86.7
2018,SP_TRN_PUBL,Belgium,BE_SAINT_GILLES,,100.0
2018,SP_TRN_PUBL,Belgium,BE_SAINT_JOSSE_TEN_NOODE,,100.0
2018,SP_TRN_PUBL,Belgium,BE_WOLUWE_SAINT_PIERRE,,80.0
2018,SP_TRN_PUBL,Belgium,BE_WOLUWE_SAINT_LAMBERT,,95.2
2018,SP_TRN_PUBL,Belgium,BE_KOEKELBERG,,100.0
2018,SP_TRN_PUBL,Belgium,BE_MOLENBEEK_SAINT_JEAN,,96.6
2018,SP_TRN_PUBL,Belgium,BE_ETTERBEEK,,99.6
2018,SP_TRN_PUBL,Belgium,BE_SCHAERBEEK,,98.9
2020,SP_TRN_PUBL,Sweden,SE_OREBRO,,83.2
2020,SP_TRN_PUBL,Sweden,SE_UMEA,,82.9
2020,SP_TRN_PUBL,Sweden,SE_TABY,,80.8
2020,SP_TRN_PUBL,Sweden,SE_GOTEBORG,,85.1
2020,SP_TRN_PUBL,Sweden,SE_MALMO,,93.2
2020,SP_TRN_PUBL,Sweden,SE_BORAS,,90.1
2020,SP_TRN_PUBL,Sweden,SE_LUND,,89.9
2020,SP_TRN_PUBL,Sweden,SE_UPPSALA,,93.7
2018,SP_TRN_PUBL,Belgium,BE_JETTE,,98.1
2018,SP_TRN_PUBL,Belgium,BE_FOREST,,97.9
2018,SP_TRN_PUBL,Belgium,BE_IXELLES,,97.3
2018,SP_TRN_PUBL,Belgium,BE_BERCHEM_SAINTE_AGATHE,,96.3
2018,SP_TRN_PUBL,Belgium,BE_AUDERGHEM,,88.5
2018,SP_TRN_PUBL,Belgium,BE_UCCLE,,88.5
2018,SP_TRN_PUBL,Belgium,BE_WATERMAEL_BOITSFORT,,88.6
2018,SP_TRN_PUBL,Belgium,BE_ANDERLECHT,,89.6
2018,SP_TRN_PUBL,Belgium,BE_BRUXELLES,,94.6
2018,SP_TRN_PUBL,Belgium,BE_EVERE,,96.0
2020,SP_TRN_PUBL,Belgium,BE_CHARLEROI,,93.9
2020,SP_TRN_PUBL,Belgium,BE_GENT,,96.4
2020,SP_TRN_PUBL,Belgium,BE_LA_LOUVIERE,,93.6
2020,SP_TRN_PUBL,Belgium,BE_MECHELEN,,93.2
2020,SP_TRN_PUBL,Belgium,BE_LEUVEN,,96.2
2020,SP_TRN_PUBL,Belgium,BE_BRUGGE,,96.0
2020,SP_TRN_PUBL,Belgium,BE_ANTWERPEN,,95.3
2020,SP_TRN_PUBL,Belgium,BE_VERVIERS_DISON,,95.6
2020,SP_TRN_PUBL,Belgium,BE_NAMUR,,96.7
2020,SP_TRN_PUBL,Lithuania,LT_PANEVEZYS,,91.0
2020,SP_TRN_PUBL,Lithuania,LT_VILNIUS,,87.9
2020,SP_TRN_PUBL,Lithuania,LT_KAUNAS,,87.8
2020,SP_TRN_PUBL,Lithuania,LT_SIAULIAI,,83.5
2020,SP_TRN_PUBL,Sweden,SE_STOCKHOLM,,89.1
2020,SP_TRN_PUBL,Sweden,SE_VASTERAS,,79.7
2020,SP_TRN_PUBL,Sweden,SE_HELSINGBORG,,88.4
2020,SP_TRN_PUBL,Sweden,SE_NORRKOPING,,85.9
2020,SP_TRN_PUBL,Luxembourg,LU_LUXEMBOURG,,97.4
2020,SP_TRN_PUBL,Malta,MT_VALLETTA,,97.3
2020,SP_TRN_PUBL,Mexico,MX_CHP_COMITAN_DE_DOMINGUEZ,,10.7
2020,SP_TRN_PUBL,Sweden,SE_LINKOPING,,91.1
2020,SP_TRN_PUBL,Sweden,SE_HANINGE,,84.9
2018,SP_TRN_PUBL,Switzerland,CH_THUN,,88.5
2018,SP_TRN_PUBL,Switzerland,CH_BIEL,,94.5
2018,SP_TRN_PUBL,Switzerland,CH_ZURICH,,95.2
2020,SP_TRN_PUBL,Mexico,MX_NLE_MONTERREY,,10.7
2020,SP_TRN_PUBL,Mexico,MX_BCN_TIJUANA,,10.9
2020,SP_TRN_PUBL,Mexico,MX_NAY_TEPIC,,12.3
2020,SP_TRN_PUBL,Belgium,BE_QUAREGNON_FRAMERIES,,84.3
2020,SP_TRN_PUBL,Belgium,BE_KAPELLEN_EKEREN,,77.4
2020,SP_TRN_PUBL,Belgium,BE_LIEGE,,93.9
2020,SP_TRN_PUBL,Belgium,BE_OOSTENDE,,94.1
2020,SP_TRN_PUBL,Mexico,MX_TAM_REYNOSA,,12.4
2020,SP_TRN_PUBL,Mexico,MX_PUE_TEHUACAN,,13.6
2020,SP_TRN_PUBL,Mexico,MX_JAL_PUERTO_VALLARTA,,94.8
2020,SP_TRN_PUBL,Bosnia and Herzegovina,BA_SARAJEVO,,61.9
2020,SP_TRN_PUBL,Bosnia and Herzegovina,BA_BANJA_LUKA,,64.3
2020,SP_TRN_PUBL,Bosnia and Herzegovina,BA_ZENICA,,84.3
2020,SP_TRN_PUBL,Mexico,MX_GUA_LEON,,86.8
2020,SP_TRN_PUBL,Mexico,MX_COA_SALTILLO,,86.6
2020,SP_TRN_PUBL,Mexico,MX_PUE_PUEBLA,,61.3
2018,SP_TRN_PUBL,Switzerland,CH_ZUG,,90.4
2018,SP_TRN_PUBL,Switzerland,CH_WINTERTHUR,,89.5
2018,SP_TRN_PUBL,Switzerland,CH_GENEVE,,96.7
2018,SP_TRN_PUBL,Switzerland,CH_ST_GALLEN,,96.5
2018,SP_TRN_PUBL,Switzerland,CH_LUZERN,,90.7
2018,SP_TRN_PUBL,Switzerland,CH_BERN,,91.5
2020,SP_TRN_PUBL,Mexico,MX_CAM_CAMPECHE,,16.1
2020,SP_TRN_PUBL,Mexico,MX_GUA_IRAPUATO,,57.7
2020,SP_TRN_PUBL,Mexico,MX_GUA_GUANAJUATO,,43.9
2018,SP_TRN_PUBL,Switzerland,CH_LAUSANNE,,93.1
2018,SP_TRN_PUBL,Switzerland,NOCITI,,85.9
2018,SP_TRN_PUBL,Switzerland,CH_LUGANO,,90.7
2018,SP_TRN_PUBL,Switzerland,CH_BASEL,,93.8
2020,SP_TRN_PUBL,Switzerland,CH_EMMEN,,93.5
2020,SP_TRN_PUBL,Mexico,MX_CIUDAD_DE_MEXICO,,40.4
2020,SP_TRN_PUBL,Mexico,MX_VER_XALAPA,,26.6
2020,SP_TRN_PUBL,Mexico,MX_JAL_GUADALAJARA,,21.5
2020,SP_TRN_PUBL,Finland,FI_HELSINKI,,95.8
2020,SP_TRN_PUBL,Finland,FI_TURKU,,95.8
2020,SP_TRN_PUBL,Finland,FI_LOHJA,,94.3
2020,SP_TRN_PUBL,Finland,FI_TAPIOLA_NIITTYKUMPU,,93.8
2020,SP_TRN_PUBL,Finland,FI_JYVASKYLA,,93.5
2020,SP_TRN_PUBL,Finland,FI_OULU,,92.1
2020,SP_TRN_PUBL,Finland,FI_ROVANIEMI,,91.6
2020,SP_TRN_PUBL,Switzerland,CH_FRIBOURG,,92.5
2020,SP_TRN_PUBL,Switzerland,CH_WETZIKON,,97.1
2020,SP_TRN_PUBL,Switzerland,CH_NEUCHATEL,,89.1
2020,SP_TRN_PUBL,Bosnia and Herzegovina,BA_TUZLA,,73.9
2020,SP_TRN_PUBL,Bulgaria,BG_PLOVDIV,,93.7
2020,SP_TRN_PUBL,Bulgaria,BG_VELIKO_TARNOVO,,93.4
2020,SP_TRN_PUBL,France,FR_NANCY,,97.8
2020,SP_TRN_PUBL,France,FR_METZ,,97.4
2020,SP_TRN_PUBL,France,FR_ARRAS,,98.0
2020,SP_TRN_PUBL,France,FR_CAEN,,97.9
2020,SP_TRN_PUBL,Tajikistan,TJ_KULOB,,39.1
2020,SP_TRN_PUBL,Tajikistan,TJ_DUSANBE,,40.7
2020,SP_TRN_PUBL,Tajikistan,TJ_NORAK,,41.5
2020,SP_TRN_PUBL,France,FR_LE_MANS,,95.8
2020,SP_TRN_PUBL,France,FR_POITIERS,,95.8
2020,SP_TRN_PUBL,France,FR_LA_SEYNE_SUR_MER_SANARY_SUR_MER,,86.1
2020,SP_TRN_PUBL,France,FR_ANTIBES,,91.1
2020,SP_TRN_PUBL,Tajikistan,TJ_KONIBODOM,,49.6
2020,SP_TRN_PUBL,Tajikistan,TJ_KHOROG,,71.5
2020,SP_TRN_PUBL,Tajikistan,TJ_ISFARA,,48.0
2020,SP_TRN_PUBL,France,FR_AJACCIO,,90.7
2020,SP_TRN_PUBL,France,FR_VALENCIENNES,,90.2
2020,SP_TRN_PUBL,France,FR_LYON,,89.5
2020,SP_TRN_PUBL,France,FR_ROUEN,,87.1
2020,SP_TRN_PUBL,France,FR_DOUAI,,91.2
2020,SP_TRN_PUBL,France,FR_MULHOUSE,,91.8
2020,SP_TRN_PUBL,France,FR_CHAMBERY,,92.1
2020,SP_TRN_PUBL,Tajikistan,TJ_ISTARAVSAN,,27.0
2020,SP_TRN_PUBL,Tajikistan,TJ_VAHDAT,,23.9
2020,SP_TRN_PUBL,Tajikistan,TJ_PANCAKENT,,35.0
2020,SP_TRN_PUBL,Bulgaria,BG_SUMEN,,93.4
2020,SP_TRN_PUBL,Bulgaria,BG_RUSE,,93.0
2020,SP_TRN_PUBL,Bulgaria,BG_SOFIJA,,92.1
2020,SP_TRN_PUBL,Bulgaria,BG_STARA_ZAGORA,,90.1
2020,SP_TRN_PUBL,Tajikistan,TJ_TURSUNZODA,,36.5
2020,SP_TRN_PUBL,Tajikistan,TJ_BOKHTAR,,30.4
2020,SP_TRN_PUBL,Tajikistan,TJ_BUSTON,,46.0
2020,SP_TRN_PUBL,Bulgaria,BG_BURGAS,,89.2
2020,SP_TRN_PUBL,Bulgaria,BG_PLEVEN,,35.2
2020,SP_TRN_PUBL,Bulgaria,BG_MONTANA,,78.3
2020,SP_TRN_PUBL,Tajikistan,TJ_KHUJAND,,43.9
2020,SP_TRN_PUBL,United Arab Emirates,AE_DUBAYY,,41.2
2020,SP_TRN_PUBL,United Arab Emirates,AE_AL_FUJAYRAH,,84.7
2020,SP_TRN_PUBL,Bulgaria,BG_DOBRIC,,87.7
2020,SP_TRN_PUBL,Bulgaria,BG_VARNA,,88.0
2020,SP_TRN_PUBL,Bulgaria,BG_YAMBOL,,88.9
2020,SP_TRN_PUBL,Belarus,BY_SALIHORSK,,93.7
2020,SP_TRN_PUBL,United Arab Emirates,AE_ABU_ZABY,,27.3
2020,SP_TRN_PUBL,United Arab Emirates,AE_RAS_AL_KHAYMAH,,49.8
2020,SP_TRN_PUBL,Türkiye,TR_SAMSUN,,42.0
2020,SP_TRN_PUBL,Belarus,BY_HRODNA,,93.0
2020,SP_TRN_PUBL,Belarus,BY_VICIEBSK,,91.4
2020,SP_TRN_PUBL,Belarus,BY_MINSK,,91.0
2020,SP_TRN_PUBL,Belarus,BY_BABRUJSK,,87.9
2020,SP_TRN_PUBL,Belarus,BY_POLACK,,86.2
2020,SP_TRN_PUBL,Belarus,BY_GOMEL,,78.7
2020,SP_TRN_PUBL,Belarus,BY_MAZYR,,75.7
2020,SP_TRN_PUBL,Belarus,BY_KOBRYN,,54.9
2016,SP_TRN_PUBL,Canada,CA_TORONTO_ONT,,93.0
2016,SP_TRN_PUBL,Canada,CA_VANCOUVER_BC,,92.7
2020,SP_TRN_PUBL,Türkiye,TR_ANKARA,,34.0
2020,SP_TRN_PUBL,Türkiye,TR_DENIZLI,,68.3
2020,SP_TRN_PUBL,Türkiye,TR_CERKEZKOY,,47.8
2016,SP_TRN_PUBL,Canada,CA_MONTREAL_QUE,,91.6
2016,SP_TRN_PUBL,Canada,CA_REGINA_SASK,,90.4
2016,SP_TRN_PUBL,Canada,CA_VICTORIA_BC,,90.4
2016,SP_TRN_PUBL,Canada,CA_CALGARY_ALTA,,88.9
2016,SP_TRN_PUBL,Canada,CA_OSHAWA_ONT,,88.7
2016,SP_TRN_PUBL,Canada,CA_WINNIPEG_MAN,,88.2
2020,SP_TRN_PUBL,France,FR_BREST,,97.1
2020,SP_TRN_PUBL,France,FR_TROYES,,97.2
2020,SP_TRN_PUBL,France,FR_BAYONNE,,97.3
2020,SP_TRN_PUBL,France,FR_CALAIS,,96.9
2016,SP_TRN_PUBL,Canada,CA_KITCHENER_ONT,,86.2
2016,SP_TRN_PUBL,Canada,CA_OTTAWA_ONT,,85.0
2016,SP_TRN_PUBL,Canada,CA_GUELPH_ONT,,83.5
2016,SP_TRN_PUBL,Canada,CA_GREATER_SUDBURY_ONT,,66.5
2016,SP_TRN_PUBL,Canada,CA_SASKATOON_SASK,,82.6
2016,SP_TRN_PUBL,Canada,CA_ST_CATHARINES_ONT,,80.9
2020,SP_TRN_PUBL,Türkiye,TR_ELBISTAN,,33.6
2020,SP_TRN_PUBL,Türkiye,TR_KAYSERI,,41.4
2020,SP_TRN_PUBL,Türkiye,TR_VIRANSEHIR,,30.0
2020,SP_TRN_PUBL,France,FR_NANTES,,97.3
2020,SP_TRN_PUBL,France,FR_MELUN,,97.4
2020,SP_TRN_PUBL,France,FR_ANGERS,,97.5
2020,SP_TRN_PUBL,France,FR_PARIS,,97.7
2020,SP_TRN_PUBL,Türkiye,TR_ADAPAZARI,,23.3
2020,SP_TRN_PUBL,Türkiye,TR_ISTANBUL,,91.1
2020,SP_TRN_PUBL,Türkiye,TR_KONYA,,44.7
2020,SP_TRN_PUBL,France,FR_PERPIGNAN,,94.4
2020,SP_TRN_PUBL,France,FR_MANTES_LA_JOLIE,,97.5
2020,SP_TRN_PUBL,France,FR_BEZIERS,,97.5
2020,SP_TRN_PUBL,France,FR_MONTPELLIER,,94.3
2016,SP_TRN_PUBL,Canada,CA_EDMONTON_ALTA,,82.7
2016,SP_TRN_PUBL,Canada,CA_TROIS_RIVIERES_QUE,,75.4
2016,SP_TRN_PUBL,Canada,CA_THUNDER_BAY_ONT,,76.3
2016,SP_TRN_PUBL,Canada,CA_SHERBROOKE_QUE,,76.4
2016,SP_TRN_PUBL,Canada,CA_ABBOTSFORD_BC,,79.3
2016,SP_TRN_PUBL,Canada,CA_HAMILTON_ONT,,81.1
2020,SP_TRN_PUBL,France,FR_MARSEILLE,,94.4
2020,SP_TRN_PUBL,France,FR_NICE,,94.6
2020,SP_TRN_PUBL,France,FR_COLMAR,,94.6
2020,SP_TRN_PUBL,France,FR_AMIENS,,94.7
2020,SP_TRN_PUBL,Türkiye,TR_AGRI,,45.0
2020,SP_TRN_PUBL,Türkiye,TR_SIVAS,,75.0
2020,SP_TRN_PUBL,Türkiye,TR_BURSA,,77.8
2016,SP_TRN_PUBL,Canada,CA_QUEBEC_QUE,,83.1
2016,SP_TRN_PUBL,Canada,CA_LONDON_ONT,,77.7
2016,SP_TRN_PUBL,Canada,CA_HALIFAX_NS,,70.9
2016,SP_TRN_PUBL,Canada,CA_BRANTFORD_ONT,,69.6
2016,SP_TRN_PUBL,Canada,CA_WINDSOR_ONT,,67.1
2016,SP_TRN_PUBL,Canada,CA_KINGSTON_ONT,,69.4
2016,SP_TRN_PUBL,Canada,CA_BARRIE_ONT,,66.8
2016,SP_TRN_PUBL,Canada,CA_MONCTON_NB,,65.4
2016,SP_TRN_PUBL,Canada,CA_SAINT_JOHN_NB,,49.1
2016,SP_TRN_PUBL,Canada,CA_KELOWNA_BC,,73.7
2016,SP_TRN_PUBL,Canada,CA_LETHBRIDGE_ALTA,,71.6
2016,SP_TRN_PUBL,Canada,CA_SAGUENAY_QUE,,75.4
2020,SP_TRN_PUBL,France,FR_STRASBOURG,,94.2
2020,SP_TRN_PUBL,France,FR_AVIGNON,,92.1
2020,SP_TRN_PUBL,France,FR_GRENOBLE,,96.8
2020,SP_TRN_PUBL,France,FR_PAU,,96.9
2020,SP_TRN_PUBL,Mexico,MX_TAB_VILLAHERMOSA,,59.7
2020,SP_TRN_PUBL,Netherlands (Kingdom of the),NL_AMERSFOORT,,92.8
2020,SP_TRN_PUBL,Netherlands (Kingdom of the),NL_BREDA,,92.9
2016,SP_TRN_PUBL,Canada,CA_BELLEVILLE_ONT,,57.1
2016,SP_TRN_PUBL,Canada,CA_PETERBOROUGH_ONT,,62.7
2016,SP_TRN_PUBL,Canada,CA_ST_JOHNS_NL,,59.9
2020,SP_TRN_PUBL,Canada,CA_SAINT_JEAN_SUR_RICHELIEU_QUE,,72.9
2020,SP_TRN_PUBL,Chile,CL_CURICO,,87.8
2020,SP_TRN_PUBL,Türkiye,TR_UZUNKOPRU,,88.5
2020,SP_TRN_PUBL,Türkiye,TR_IZMIR,,83.3
2020,SP_TRN_PUBL,Türkiye,TR_ANTALYA,,70.8
2020,SP_TRN_PUBL,Chile,CL_LA_SERENA,,71.3
2020,SP_TRN_PUBL,Chile,CL_LOS_ANGELES,,47.5
2020,SP_TRN_PUBL,Chile,CL_RANCAGUA,,91.4
2020,SP_TRN_PUBL,Netherlands (Kingdom of the),NL_LEIDEN,,93.0
2020,SP_TRN_PUBL,Netherlands (Kingdom of the),NL_ZWOLLE,,93.0
2020,SP_TRN_PUBL,Netherlands (Kingdom of the),NL_SPIJKENISSE,,93.0
2020,SP_TRN_PUBL,Netherlands (Kingdom of the),NL_HAARLEM,,93.4
2020,SP_TRN_PUBL,Chile,CL_ANTOFAGASTA,,94.5
2020,SP_TRN_PUBL,Chile,CL_ARICA,,95.5
2020,SP_TRN_PUBL,Chile,CL_PENAFLOR,,97.7
2020,SP_TRN_PUBL,France,FR_BOULOGNE_SUR_MER,,98.8
2020,SP_TRN_PUBL,France,FR_MARTIGUES_PORT_DE_BOUC,,98.7
2020,SP_TRN_PUBL,France,FR_RENNES,,98.5
2020,SP_TRN_PUBL,France,FR_LE_HAVRE,,98.4
2020,SP_TRN_PUBL,Chile,CL_TEMUCO,,90.0
2020,SP_TRN_PUBL,Chile,CL_OVALLE,,99.9
2020,SP_TRN_PUBL,Chile,CL_VALPARAISO,,89.0
2020,SP_TRN_PUBL,Türkiye,TR_TARSUS,,65.6
2020,SP_TRN_PUBL,Türkiye,TR_SANLIURFA,,53.4
2020,SP_TRN_PUBL,Türkiye,TR_CORUM,,54.7
2022,SP_TRN_PUBL,Chile,CL_CONCEPCION,,91.8
2022,SP_TRN_PUBL,Chile,CL_IQUIQUE,,91.8
2022,SP_TRN_PUBL,Chile,CL_SANTIAGO,,92.0
2022,SP_TRN_PUBL,Chile,CL_PUNTA_ARENAS,,88.2
2022,SP_TRN_PUBL,Chile,CL_OSORNO,,88.8
2022,SP_TRN_PUBL,Chile,CL_COPIAPO,,88.8
2022,SP_TRN_PUBL,Chile,CL_TALCA,,88.3
2020,SP_TRN_PUBL,China,CN_GUANGZHOU_GUANGDONG,,63.7
2020,SP_TRN_PUBL,China,CN_HANGZHOU_ZHEJIANG,,37.7
2020,SP_TRN_PUBL,Türkiye,TR_NIGDE,,57.8
2020,SP_TRN_PUBL,Türkiye,TR_MALATYA,,59.2
2020,SP_TRN_PUBL,Türkiye,TR_BALIKESIR,,85.6
2020,SP_TRN_PUBL,China,CN_ZUNYI_GUIZHOU,,40.8
2020,SP_TRN_PUBL,China,CN_XINGPING_SHAANXI,,46.7
2020,SP_TRN_PUBL,China,CN_ANQING_ANHUI,,46.8
2020,SP_TRN_PUBL,Türkiye,TR_GAZIANTEP,,60.6
2020,SP_TRN_PUBL,Türkiye,TR_ADIYAMAN,,60.1
2020,SP_TRN_PUBL,Türkiye,TR_CARSAMBA,,63.9
2020,SP_TRN_PUBL,China,CN_JINAN_SHANDONG,,34.3
2020,SP_TRN_PUBL,China,CN_HONG_KONG,,98.8
2020,SP_TRN_PUBL,China,CN_GUIXI_CHONGQING,,81.5
2020,SP_TRN_PUBL,Turkmenistan,TM_TURKMENBASY,,11.7
2020,SP_TRN_PUBL,Turkmenistan,TM_ASHGABAT,,60.7
2020,SP_TRN_PUBL,Turkmenistan,TM_DASOGUZ,,9.1
2020,SP_TRN_PUBL,China,CN_BICHENG_CHONGQING,,66.2
2020,SP_TRN_PUBL,China,CN_SHENZHEN_GUANGDONG,,71.0
2020,SP_TRN_PUBL,China,CN_KAIPING_GUANGDONG,,69.3
2020,SP_TRN_PUBL,China,CN_QINGDAO_SHANDONG,,67.1
2020,SP_TRN_PUBL,China,CN_YULIN_GUANGXI,,64.3
2020,SP_TRN_PUBL,China,CN_TIANJIN_TIANJIN,,54.9
2020,SP_TRN_PUBL,China,CN_HAIKOU_HAINAN,,56.5
2020,SP_TRN_PUBL,China,CN_XUCHENG_JIANGSU,,50.7
2020,SP_TRN_PUBL,China,CN_WUHAN_HUBEI,,60.0
2020,SP_TRN_PUBL,Turkmenistan,TM_TURKMENABAT,,24.5
2020,SP_TRN_PUBL,Turkmenistan,TM_MARY,,26.9
2020,SP_TRN_PUBL,Turkmenistan,TM_BALKANABAT,,49.2
2020,SP_TRN_PUBL,China,CN_GAOYOU_JIANGSU,,59.6
2020,SP_TRN_PUBL,China,CN_LESHAN_SICHUAN,,59.3
2020,SP_TRN_PUBL,China,CN_CHANGZHOU_JINGSU,,59.2
2020,SP_TRN_PUBL,China,CN_ZHENGZHOU_HENAN,,43.7
2020,SP_TRN_PUBL,China,CN_YIYANG_HUNAN,,53.6
2020,SP_TRN_PUBL,China,CN_CHANGZHI_HUNAN,,51.5
2020,SP_TRN_PUBL,China,CN_TANGSHAN_HEBEI,,42.6
2020,SP_TRN_PUBL,China,CN_ZHUJI_ZHEJIANG,,41.8
2020,SP_TRN_PUBL,China,CN_CHENGDU_SICHUAN,,34.7
2020,SP_TRN_PUBL,France,FR_REIMS,,97.1
2020,SP_TRN_PUBL,France,FR_SAINT_QUENTIN,,98.2
2020,SP_TRN_PUBL,France,FR_DUNKERQUE,,97.8
2020,SP_TRN_PUBL,France,FR_ANNECY,,97.8
2020,SP_TRN_PUBL,China,CN_YANGGU_SHANDONG,,33.9
2020,SP_TRN_PUBL,Colombia,CO_ARA_ARAUCA,,97.4
2020,SP_TRN_PUBL,Colombia,CO_CAQ_FLORENCIA,,96.5
2020,SP_TRN_PUBL,Netherlands (Kingdom of the),NL_ALKMAAR,,93.6
2020,SP_TRN_PUBL,Netherlands (Kingdom of the),NL_AMSTERDAM,,92.9
2020,SP_TRN_PUBL,Netherlands (Kingdom of the),NL_VENLO,,91.7
2020,SP_TRN_PUBL,Netherlands (Kingdom of the),NL_ARNHEM,,91.8
2020,SP_TRN_PUBL,Colombia,CO_BOGOTA,,91.4
2020,SP_TRN_PUBL,Colombia,CO_SUC_SINCELEJO,,11.3
2020,SP_TRN_PUBL,Colombia,CO_LAG_MAICAO,,14.1
2020,SP_TRN_PUBL,France,FR_VALENCE,,97.0
2020,SP_TRN_PUBL,France,FR_LA_ROCHELLE,,97.1
2020,SP_TRN_PUBL,France,FR_MAUREPAS_MONTIGNY_LE_BRETONNEUX,,96.5
2020,SP_TRN_PUBL,France,FR_BESANCON,,96.4
2020,SP_TRN_PUBL,Colombia,CO_CUN_ZIPAQUIRA,,31.5
2020,SP_TRN_PUBL,Colombia,CO_SAN_BUCARAMANGA,,17.2
2020,SP_TRN_PUBL,Colombia,CO_BOL_CARTAGENA_DE_INDIAS,,18.9
2020,SP_TRN_PUBL,Turkmenistan,TM_SERDAR,,8.3
2020,SP_TRN_PUBL,Turkmenistan,TM_TEJEN,,9.2
2020,SP_TRN_PUBL,Turkmenistan,TM_BAYRAMALY,,8.2
2020,SP_TRN_PUBL,Colombia,CO_VAC_GUADALAJARA_DE_BUGA,,19.1
2020,SP_TRN_PUBL,Colombia,CO_VAC_CARTAGO,,21.1
2020,SP_TRN_PUBL,Colombia,CO_ATL_BARRANQUILLA,,27.1
2020,SP_TRN_PUBL,Ukraine,UA_LVIV,,89.6
2020,SP_TRN_PUBL,Ukraine,UA_MYKOLAIV,,79.5
2020,SP_TRN_PUBL,Ukraine,UA_RIVNE,,75.9
2020,SP_TRN_PUBL,Colombia,CO_ANT_MEDELLIN,,38.3
2020,SP_TRN_PUBL,Colombia,CO_NSA_CUCUTA,,81.3
2020,SP_TRN_PUBL,Colombia,CO_VAC_CALI,,76.5
2020,SP_TRN_PUBL,United Kingdom of Great Britain and Northern Ireland,GB_STOCKTON_ON_TEES,,96.0
2020,SP_TRN_PUBL,United Kingdom of Great Britain and Northern Ireland,GB_MAIDENHEAD,,97.4
2020,SP_TRN_PUBL,United Kingdom of Great Britain and Northern Ireland,GB_WAKEFIELD,,96.0
2020,SP_TRN_PUBL,United Kingdom of Great Britain and Northern Ireland,GB_BOURNEMOUTH,,96.0
2020,SP_TRN_PUBL,Colombia,CO_MET_VILLAVICENCIO,,91.2
2020,SP_TRN_PUBL,Colombia,CO_BOY_TUNJA,,23.8
2020,SP_TRN_PUBL,Colombia,CO_HUI_NEIVA,,11.0
2020,SP_TRN_PUBL,France,FR_BORDEAUX,,96.3
2020,SP_TRN_PUBL,France,FR_DIJON,,96.2
2020,SP_TRN_PUBL,France,FR_CHARTRES,,96.1
2020,SP_TRN_PUBL,France,FR_TOULON,,96.0
2020,SP_TRN_PUBL,United Kingdom of Great Britain and Northern Ireland,GB_CORBY,,97.2
2020,SP_TRN_PUBL,United Kingdom of Great Britain and Northern Ireland,GB_GUILDFORD,,98.2
2020,SP_TRN_PUBL,United Kingdom of Great Britain and Northern Ireland,GB_KIDDERMINSTER,,96.6
2020,SP_TRN_PUBL,United Kingdom of Great Britain and Northern Ireland,GB_HYNDBURN,,98.3
2020,SP_TRN_PUBL,France,FR_MEAUX,,96.0
2020,SP_TRN_PUBL,France,FR_BOURGES,,95.9
2020,SP_TRN_PUBL,France,FR_BELFORT,,95.9
2020,SP_TRN_PUBL,France,FR_TOURS,,95.8
2020,SP_TRN_PUBL,United Kingdom of Great Britain and Northern Ireland,GB_BATH,,98.7
2020,SP_TRN_PUBL,United Kingdom of Great Britain and Northern Ireland,GB_WORTHING,,97.2
2020,SP_TRN_PUBL,United Kingdom of Great Britain and Northern Ireland,GB_DARLINGTON,,98.1
2020,SP_TRN_PUBL,United Kingdom of Great Britain and Northern Ireland,GB_WESTON_SUPER_MARE,,97.2
2020,SP_TRN_PUBL,France,FR_LIMOGES,,95.1
2020,SP_TRN_PUBL,France,FR_POISSY,,95.7
2020,SP_TRN_PUBL,France,FR_AIX_EN_PROVENCE,,95.4
2020,SP_TRN_PUBL,France,FR_SAINT_ETIENNE,,95.4
2020,SP_TRN_PUBL,France,FR_LILLE,,95.1
2020,SP_TRN_PUBL,France,FR_TOULOUSE,,92.5
2020,SP_TRN_PUBL,France,FR_FREJUS,,92.7
2020,SP_TRN_PUBL,France,FR_CERGY_PONTOISE,,93.0
2020,SP_TRN_PUBL,Netherlands (Kingdom of the),NL_ALMELO,,90.3
2020,SP_TRN_PUBL,Netherlands (Kingdom of the),NL_TILBURG,,92.4
2020,SP_TRN_PUBL,Netherlands (Kingdom of the),NL_NIJMEGEN,,92.7
2020,SP_TRN_PUBL,Netherlands (Kingdom of the),NL_ZOETERMEER,,72.3
2020,SP_TRN_PUBL,United Kingdom of Great Britain and Northern Ireland,GB_SWANSEA,,98.2
2020,SP_TRN_PUBL,United Kingdom of Great Britain and Northern Ireland,GB_SHEFFIELD,,98.2
2020,SP_TRN_PUBL,United Kingdom of Great Britain and Northern Ireland,GB_EXETER,,98.2
2020,SP_TRN_PUBL,Colombia,CO_CES_VALLEDUPAR,,14.4
2020,SP_TRN_PUBL,Costa Rica,CR_SAN_JOSE,,59.3
2020,SP_TRN_PUBL,Costa Rica,CR_LIMON,,33.5
2020,SP_TRN_PUBL,United Kingdom of Great Britain and Northern Ireland,GB_BLACKBURN,,96.7
2020,SP_TRN_PUBL,United Kingdom of Great Britain and Northern Ireland,GB_NEWPORT,,96.8
2020,SP_TRN_PUBL,United Kingdom of Great Britain and Northern Ireland,GB_EDINBURGH,,96.7
2020,SP_TRN_PUBL,United Kingdom of Great Britain and Northern Ireland,GB_TYNESIDE_CONURBATION,,97.1
2020,SP_TRN_PUBL,France,FR_ORLEANS,,93.2
2020,SP_TRN_PUBL,France,FR_NIMES,,94.0
2020,SP_TRN_PUBL,France,FR_CLERMONT_FERRAND,,94.0
2020,SP_TRN_PUBL,France,FR_SAINT_BRIEUC,,96.7
2020,SP_TRN_PUBL,United Kingdom of Great Britain and Northern Ireland,GB_CARLISLE,,98.5
2020,SP_TRN_PUBL,United Kingdom of Great Britain and Northern Ireland,GB_MANCHESTER,,98.4
2020,SP_TRN_PUBL,United Kingdom of Great Britain and Northern Ireland,GB_ST_ALBANS,,97.1
2020,SP_TRN_PUBL,Costa Rica,CR_LIBERIA,,31.4
2020,SP_TRN_PUBL,Costa Rica,CR_CARTAGO,,21.1
2020,SP_TRN_PUBL,Croatia,HR_RIJEKA,,92.3
2020,SP_TRN_PUBL,France,FR_LES_CLAYES_SOUS_BOIS,,94.1
2020,SP_TRN_PUBL,Germany,DE_GROPELINGEN_VEGESACK,,79.7
2020,SP_TRN_PUBL,Germany,DE_PORZ,,78.8
2020,SP_TRN_PUBL,Germany,DE_OSNABRUCK,,94.3
2020,SP_TRN_PUBL,United Kingdom of Great Britain and Northern Ireland,GB_NORTHAMPTON,,96.0
2020,SP_TRN_PUBL,United Kingdom of Great Britain and Northern Ireland,GB_MANSFIELD,,96.0
2020,SP_TRN_PUBL,United Kingdom of Great Britain and Northern Ireland,GB_BIRMINGHAM,,96.0
2020,SP_TRN_PUBL,United Kingdom of Great Britain and Northern Ireland,GB_MAIDSTONE,,96.1
2020,SP_TRN_PUBL,Germany,DE_PLAUEN,,86.5
2020,SP_TRN_PUBL,Germany,DE_MANNHEIM_LUDWIGSHAFEN,,86.3
2020,SP_TRN_PUBL,Germany,DE_GERA,,85.7
2020,SP_TRN_PUBL,Germany,DE_WURZBURG,,94.3
2020,SP_TRN_PUBL,United Kingdom of Great Britain and Northern Ireland,GB_KINGSTON_UPON_HULL,,95.7
2020,SP_TRN_PUBL,United Kingdom of Great Britain and Northern Ireland,GB_LEEDS_BRADFORD,,95.9
2020,SP_TRN_PUBL,United Kingdom of Great Britain and Northern Ireland,GB_WARWICK,,95.9
2020,SP_TRN_PUBL,United Kingdom of Great Britain and Northern Ireland,GB_BASINGSTOKE,,96.1
2020,SP_TRN_PUBL,Croatia,HR_SPLIT,,91.6
2020,SP_TRN_PUBL,Croatia,HR_OSIJEK,,89.9
2020,SP_TRN_PUBL,Croatia,HR_ZAGREB,,89.1
2020,SP_TRN_PUBL,Croatia,HR_ZADAR,,80.8
2020,SP_TRN_PUBL,Germany,DE_LUNEN,,93.7
2020,SP_TRN_PUBL,Germany,DE_HERZOGENRATH,,93.8
2020,SP_TRN_PUBL,Germany,DE_COTTBUS,,93.8
2020,SP_TRN_PUBL,Germany,DE_ROSTOCK,,93.7
2020,SP_TRN_PUBL,United Kingdom of Great Britain and Northern Ireland,GB_DERRY,,96.3
2020,SP_TRN_PUBL,United Kingdom of Great Britain and Northern Ireland,GB_AYLESBURY,,96.3
2020,SP_TRN_PUBL,United Kingdom of Great Britain and Northern Ireland,GB_CREWE,,96.4
2020,SP_TRN_PUBL,United Kingdom of Great Britain and Northern Ireland,GB_CRAWLEY,,96.3
2020,SP_TRN_PUBL,United Kingdom of Great Britain and Northern Ireland,GB_WAVENEY,,96.4
2020,SP_TRN_PUBL,United Kingdom of Great Britain and Northern Ireland,GB_CHELTENHAM,,96.4
2020,SP_TRN_PUBL,United Kingdom of Great Britain and Northern Ireland,GB_ASHFORD,,96.5
2020,SP_TRN_PUBL,United Kingdom of Great Britain and Northern Ireland,GB_HASTINGS,,96.5
2020,SP_TRN_PUBL,Germany,DE_LANDSHUT,,93.9
2020,SP_TRN_PUBL,Germany,DE_MUNSTER,,93.9
2020,SP_TRN_PUBL,Germany,DE_POTSDAM,,88.9
2020,SP_TRN_PUBL,Germany,DE_GEVELSBERG_SCHWELM,,94.0
2020,SP_TRN_PUBL,Cyprus,CY_LEMESOS,,90.2
2020,SP_TRN_PUBL,Czechia,CZ_PORUBA,,87.1
2020,SP_TRN_PUBL,Czechia,CZ_KLADNO,,97.3
2020,SP_TRN_PUBL,Czechia,CZ_LIBEREC,,92.2
2020,SP_TRN_PUBL,United Kingdom of Great Britain and Northern Ireland,GB_SCUNTHORPE,,96.5
2020,SP_TRN_PUBL,United Kingdom of Great Britain and Northern Ireland,GB_ELLESMERE_PORT,,96.6
2020,SP_TRN_PUBL,United Kingdom of Great Britain and Northern Ireland,GB_GREAT_YARMOUTH,,96.6
2020,SP_TRN_PUBL,United Kingdom of Great Britain and Northern Ireland,GB_BRISTOL,,96.6
2020,SP_TRN_PUBL,Germany,DE_KIEL,,94.1
2020,SP_TRN_PUBL,Germany,DE_HAMM,,94.1
2020,SP_TRN_PUBL,Germany,DE_FRANKFURT,,94.2
2020,SP_TRN_PUBL,Germany,DE_LUTTEN_KLEIN,,87.0
2020,SP_TRN_PUBL,United Kingdom of Great Britain and Northern Ireland,GB_CARDIFF,,97.3
2020,SP_TRN_PUBL,United Kingdom of Great Britain and Northern Ireland,GB_DONCASTER,,97.8
2020,SP_TRN_PUBL,United Kingdom of Great Britain and Northern Ireland,GB_ABERDEEN,,97.8
2020,SP_TRN_PUBL,United Kingdom of Great Britain and Northern Ireland,GB_BURNLEY,,97.9
2020,SP_TRN_PUBL,Czechia,CZ_CESKE_BUDEJOVICE,,92.2
2020,SP_TRN_PUBL,Czechia,CZ_BRNO,,92.4
2020,SP_TRN_PUBL,Czechia,CZ_HRADEC_KRALOVE,,92.6
2020,SP_TRN_PUBL,Czechia,CZ_PARDUBICE,,92.9
2020,SP_TRN_PUBL,Germany,DE_ERLANGEN,,94.3
2020,SP_TRN_PUBL,Germany,DE_CHEMNITZ,,94.0
2020,SP_TRN_PUBL,Germany,DE_MAGDEBURG,,88.8
2020,SP_TRN_PUBL,Germany,DE_VAIHINGEN_MOHRINGEN,,87.9
2020,SP_TRN_PUBL,Germany,DE_HAGEN,,95.2
2020,SP_TRN_PUBL,Germany,DE_HEILBRONN,,95.3
2020,SP_TRN_PUBL,Germany,DE_WIESBADEN,,95.4
2020,SP_TRN_PUBL,Germany,DE_BAYREUTH,,99.2
2020,SP_TRN_PUBL,Germany,DE_KAISERSLAUTERN,,98.8
2020,SP_TRN_PUBL,Germany,DE_PFORZHEIM,,98.8
2020,SP_TRN_PUBL,Germany,DE_ROSENHEIM,,98.2
2020,SP_TRN_PUBL,Germany,DE_SCHWEINFURT,,97.9
2020,SP_TRN_PUBL,Germany,DE_PADERBORN,,97.7
2020,SP_TRN_PUBL,Germany,DE_GIESSEN,,97.5
2020,SP_TRN_PUBL,Germany,DE_REMSCHEID,,97.2
2020,SP_TRN_PUBL,Germany,DE_AACHEN,,95.9
2020,SP_TRN_PUBL,Germany,DE_HANAU,,96.9
2020,SP_TRN_PUBL,Germany,DE_RUSSELSHEIM_AM_MAIN,,95.5
2020,SP_TRN_PUBL,Germany,DE_REGENSBURG,,95.5
2020,SP_TRN_PUBL,Germany,DE_LUDWIGSBURG,,95.8
2020,SP_TRN_PUBL,Germany,DE_ISERLOHN,,95.9
2020,SP_TRN_PUBL,Germany,DE_LUNEBURG,,95.9
2020,SP_TRN_PUBL,Germany,DE_GOTTINGEN,,96.0
2020,SP_TRN_PUBL,Germany,DE_MONCHENGLADBACH,,96.4
2020,SP_TRN_PUBL,Germany,DE_SAARBRUCKEN,,96.5
2020,SP_TRN_PUBL,Germany,DE_INGOLSTADT,,96.6
2020,SP_TRN_PUBL,Germany,DE_KEMPTEN,,96.6
2020,SP_TRN_PUBL,Germany,DE_TRIER,,96.7
2020,SP_TRN_PUBL,Netherlands (Kingdom of the),NL_ROTTERDAM,,90.0
2020,SP_TRN_PUBL,Netherlands (Kingdom of the),NL_GOUDA,,90.2
2020,SP_TRN_PUBL,Netherlands (Kingdom of the),NL_UTRECHT,,97.9
2020,SP_TRN_PUBL,Netherlands (Kingdom of the),NL_PURMEREND,,97.1
2020,SP_TRN_PUBL,Germany,DE_TUBINGEN,,96.9
2020,SP_TRN_PUBL,Germany,DE_HEIDELBERG,,96.4
2020,SP_TRN_PUBL,Germany,DE_KASSEL,,95.3
2020,SP_TRN_PUBL,Germany,DE_BERLIN,,92.9
2020,SP_TRN_PUBL,United Kingdom of Great Britain and Northern Ireland,GB_HEREFORD,,98.0
2020,SP_TRN_PUBL,United Kingdom of Great Britain and Northern Ireland,GB_GREATER_NOTTINGHAM,,97.3
2020,SP_TRN_PUBL,United Kingdom of Great Britain and Northern Ireland,GB_COVENTRY,,97.5
2020,SP_TRN_PUBL,United Kingdom of Great Britain and Northern Ireland,GB_HUDDERSFIELD,,97.3
2020,SP_TRN_PUBL,United Kingdom of Great Britain and Northern Ireland,GB_GRAVESHAM,,97.5
2020,SP_TRN_PUBL,United Kingdom of Great Britain and Northern Ireland,GB_BEDFORD,,97.4
2020,SP_TRN_PUBL,United Kingdom of Great Britain and Northern Ireland,GB_HARLOW,,97.5
2020,SP_TRN_PUBL,United Kingdom of Great Britain and Northern Ireland,GB_LOUGHBOROUGH,,97.4
2020,SP_TRN_PUBL,Germany,DE_GOPPINGEN,,93.3
2020,SP_TRN_PUBL,Germany,DE_HAUNSTETTEN,,93.2
2020,SP_TRN_PUBL,Germany,DE_BONN,,93.0
2020,SP_TRN_PUBL,Germany,DE_AUGSBURG,,92.9
2020,SP_TRN_PUBL,Germany,DE_LEVERKUSEN,,92.7
2020,SP_TRN_PUBL,Germany,DE_NEUSS,,92.5
2020,SP_TRN_PUBL,Germany,DE_ESSLINGEN_AM_NECKAR,,92.3
2020,SP_TRN_PUBL,Germany,DE_KREFELD,,92.0
2020,SP_TRN_PUBL,Czechia,CZ_MOST,,91.5
2020,SP_TRN_PUBL,Czechia,CZ_PLZEN,,96.3
2020,SP_TRN_PUBL,Czechia,CZ_HAVIROV,,94.4
2020,SP_TRN_PUBL,Czechia,CZ_PRAHA,,93.7
2020,SP_TRN_PUBL,United Kingdom of Great Britain and Northern Ireland,GB_KEIGHLEY,,97.6
2020,SP_TRN_PUBL,United Kingdom of Great Britain and Northern Ireland,GB_YORK,,97.7
2020,SP_TRN_PUBL,United Kingdom of Great Britain and Northern Ireland,GB_CHELMSFORD,,98.0
2020,SP_TRN_PUBL,United Kingdom of Great Britain and Northern Ireland,GB_ROTHERHAM,,97.1
2020,SP_TRN_PUBL,Czechia,CZ_USTI_NAD_LABEM,,93.0
2020,SP_TRN_PUBL,Czechia,CZ_OLOMOUC,,92.9
2020,SP_TRN_PUBL,Czechia,CZ_HRABUVKA,,60.9
2020,SP_TRN_PUBL,Czechia,CZ_CHOMUTOV_JIRKOV,,84.8
2020,SP_TRN_PUBL,Czechia,CZ_OSTRAVA,,91.7
2020,SP_TRN_PUBL,Denmark,DK_ISHOJ,,77.1
2020,SP_TRN_PUBL,Denmark,DK_HERNING,,93.4
2020,SP_TRN_PUBL,Germany,DE_LEIPZIG,,92.0
2020,SP_TRN_PUBL,Germany,DE_HANNOVER,,92.0
2020,SP_TRN_PUBL,Germany,DE_LUBECK,,91.9
2020,SP_TRN_PUBL,Germany,DE_BOCHOLT,,93.6
2020,SP_TRN_PUBL,United Kingdom of Great Britain and Northern Ireland,GB_IPSWICH,,98.4
2020,SP_TRN_PUBL,United Kingdom of Great Britain and Northern Ireland,GB_RUGBY,,93.5
2020,SP_TRN_PUBL,United Kingdom of Great Britain and Northern Ireland,GB_THANET,,96.9
2020,SP_TRN_PUBL,United Kingdom of Great Britain and Northern Ireland,GB_SEFTON,,99.0
2020,SP_TRN_PUBL,Germany,DE_MAINZ,,91.7
2020,SP_TRN_PUBL,Germany,DE_FLENSBURG,,91.8
2020,SP_TRN_PUBL,Germany,DE_KARLSRUHE,,91.7
2020,SP_TRN_PUBL,Germany,DE_BREMERHAVEN,,90.5
2020,SP_TRN_PUBL,Denmark,DK_ARHUS,,93.2
2020,SP_TRN_PUBL,Denmark,DK_KOBENHAVN,,92.7
2020,SP_TRN_PUBL,Denmark,DK_ODENSE,,91.6
2020,SP_TRN_PUBL,Denmark,DK_HORSHOLM,,99.7
2020,SP_TRN_PUBL,Denmark,DK_SVENDBORG,,99.2
2020,SP_TRN_PUBL,Denmark,DK_HJORRING,,98.3
2020,SP_TRN_PUBL,Denmark,DK_SLAGELSE,,97.8
2020,SP_TRN_PUBL,Germany,DE_FREIBURG_IM_BREISGAU,,90.9
2020,SP_TRN_PUBL,Germany,DE_HALLE,,90.8
2020,SP_TRN_PUBL,Germany,DE_KOLN,,90.7
2020,SP_TRN_PUBL,Germany,DE_HAMBURG,,90.5
2020,SP_TRN_PUBL,Germany,DE_JENA,,90.1
2020,SP_TRN_PUBL,Germany,DE_STUTTGART,,89.9
2020,SP_TRN_PUBL,Germany,DE_MOERS_RHEINHAUSEN,,89.3
2020,SP_TRN_PUBL,Germany,DE_BRAUNSCHWEIG,,91.8
2020,SP_TRN_PUBL,United Kingdom of Great Britain and Northern Ireland,GB_PLYMOUTH,,97.0
2020,SP_TRN_PUBL,United Kingdom of Great Britain and Northern Ireland,GB_BRIGHTON,,99.3
2020,SP_TRN_PUBL,United Kingdom of Great Britain and Northern Ireland,GB_HALIFAX,,98.8
2020,SP_TRN_PUBL,United Kingdom of Great Britain and Northern Ireland,GB_LUTON,,97.0
2020,SP_TRN_PUBL,Netherlands (Kingdom of the),NL_DORDRECHT,,95.9
2020,SP_TRN_PUBL,Netherlands (Kingdom of the),NL_HILVERSUM,,95.6
2020,SP_TRN_PUBL,Netherlands (Kingdom of the),NL_GRONINGEN,,94.5
2020,SP_TRN_PUBL,Netherlands (Kingdom of the),NL_MAASTRICHT,,94.3
2020,SP_TRN_PUBL,United Kingdom of Great Britain and Northern Ireland,GB_CHESTER,,99.1
2020,SP_TRN_PUBL,United Kingdom of Great Britain and Northern Ireland,GB_LIVERPOOL,,96.9
2020,SP_TRN_PUBL,United Kingdom of Great Britain and Northern Ireland,GB_BLACKPOOL,,98.7
2020,SP_TRN_PUBL,United Kingdom of Great Britain and Northern Ireland,GB_SOUTHAMPTON,,96.9
2020,SP_TRN_PUBL,Netherlands (Kingdom of the),NL_LEEUWARDEN,,94.3
2020,SP_TRN_PUBL,Netherlands (Kingdom of the),NL_APELDOORN,,94.2
2020,SP_TRN_PUBL,Netherlands (Kingdom of the),NL_ENSCHEDE,,90.5
2020,SP_TRN_PUBL,Netherlands (Kingdom of the),NL_ALPHEN_AAN_DEN_RIJN,,78.0
2020,SP_TRN_PUBL,Germany,DE_MARL,,93.6
2020,SP_TRN_PUBL,Germany,DE_MUNCHEN,,93.6
2020,SP_TRN_PUBL,Germany,DE_BIELEFELD,,93.7
2020,SP_TRN_PUBL,Germany,DE_GORLITZ,,95.2
2020,SP_TRN_PUBL,United Kingdom of Great Britain and Northern Ireland,GB_SCARBOROUGH,,99.7
2020,SP_TRN_PUBL,United Kingdom of Great Britain and Northern Ireland,GB_BLANTYRE_HAMILTON,,87.6
2020,SP_TRN_PUBL,United Kingdom of Great Britain and Northern Ireland,GB_RUSTINGTON,,86.7
2020,SP_TRN_PUBL,Netherlands (Kingdom of the),NL_VEENENDAAL,,64.3
2020,SP_TRN_PUBL,Netherlands (Kingdom of the),NL_HOORN,,89.6
2020,SP_TRN_PUBL,Netherlands (Kingdom of the),NL_VLEUTEN_DE_MEERN,,74.1
2020,SP_TRN_PUBL,Netherlands (Kingdom of the),NL_SITTARD_GELEEN,,71.4
2020,SP_TRN_PUBL,Germany,DE_BENRATH,,95.1
2020,SP_TRN_PUBL,Germany,DE_KOBLENZ,,95.1
2020,SP_TRN_PUBL,Germany,DE_SINDELFINGEN,,95.0
2020,SP_TRN_PUBL,Germany,DE_BREMEN,,89.8
2020,SP_TRN_PUBL,Germany,DE_ULM_NEU_ULM,,95.0
2020,SP_TRN_PUBL,Germany,DE_FURTH,,94.9
2020,SP_TRN_PUBL,Germany,DE_DARMSTADT,,94.9
2020,SP_TRN_PUBL,Germany,DE_HILDESHEIM,,94.8
2020,SP_TRN_PUBL,Germany,DE_ERFURT,,89.7
2020,SP_TRN_PUBL,Germany,DE_DUSSELDORF,,94.7
2020,SP_TRN_PUBL,Germany,DE_SOLINGEN_WUPPERTAL,,94.5
2020,SP_TRN_PUBL,Germany,DE_NEUMUNSTER,,94.5
2020,SP_TRN_PUBL,United Kingdom of Great Britain and Northern Ireland,GB_STEVENAGE,,95.7
2020,SP_TRN_PUBL,United Kingdom of Great Britain and Northern Ireland,GB_AYR_PRESTWICK,,94.7
2020,SP_TRN_PUBL,United Kingdom of Great Britain and Northern Ireland,GB_SUTTON_IN_ASHFIELD,,94.6
2020,SP_TRN_PUBL,United Kingdom of Great Britain and Northern Ireland,GB_GLASGOW,,94.8
2020,SP_TRN_PUBL,Netherlands (Kingdom of the),NL_SOEST_BAARN,,67.8
2020,SP_TRN_PUBL,Netherlands (Kingdom of the),NL_ASSEN,,65.4
2020,SP_TRN_PUBL,Netherlands (Kingdom of the),NL_PIJNACKER_BERKEL_EN_RODENRIJS,,64.2
2020,SP_TRN_PUBL,Netherlands (Kingdom of the),NL_EINDHOVEN,,89.5
2020,SP_TRN_PUBL,United Kingdom of Great Britain and Northern Ireland,GB_THURROCK,,89.8
2020,SP_TRN_PUBL,United Kingdom of Great Britain and Northern Ireland,GB_FRIMLEY_FARNBOROUGH,,90.0
2020,SP_TRN_PUBL,United Kingdom of Great Britain and Northern Ireland,GB_WOKING,,89.1
2020,SP_TRN_PUBL,United Kingdom of Great Britain and Northern Ireland,GB_WYCOMBE,,94.7
2020,SP_TRN_PUBL,Netherlands (Kingdom of the),NL_BERGEN_OP_ZOOM,,89.0
2020,SP_TRN_PUBL,Netherlands (Kingdom of the),NL_ROOSENDAAL,,88.7
2020,SP_TRN_PUBL,Netherlands (Kingdom of the),NL_HENGELO,,88.5
2020,SP_TRN_PUBL,Netherlands (Kingdom of the),NL_DEVENTER,,87.6
2020,SP_TRN_PUBL,Netherlands (Kingdom of the),NL_NIEUWEGEIN_IJSSELSTEIN,,86.1
2020,SP_TRN_PUBL,Netherlands (Kingdom of the),NL_HEERLEN,,86.0
2020,SP_TRN_PUBL,Netherlands (Kingdom of the),NL_S_HERTOGENBOSCH,,85.9
2020,SP_TRN_PUBL,Netherlands (Kingdom of the),NL_LELYSTAD,,85.5
2020,SP_TRN_PUBL,Netherlands (Kingdom of the),NL_HELMOND,,84.6
2020,SP_TRN_PUBL,Netherlands (Kingdom of the),NL_EDE,,84.3
2020,SP_TRN_PUBL,Netherlands (Kingdom of the),NL_OSS,,47.5
2020,SP_TRN_PUBL,Netherlands (Kingdom of the),NL_S_GRAVENHAGE,,91.9
2020,SP_TRN_PUBL,Germany,DE_WOLFSBURG,,94.4
2020,SP_TRN_PUBL,Germany,DE_DUREN,,94.3
2020,SP_TRN_PUBL,Germany,DE_REUTLINGEN,,84.7
2020,SP_TRN_PUBL,Germany,DE_BAD_SODEN_AM_TAUNUS_KELKHEIM,,84.6
2020,SP_TRN_PUBL,United Kingdom of Great Britain and Northern Ireland,GB_PORTSMOUTH,,95.1
2020,SP_TRN_PUBL,United Kingdom of Great Britain and Northern Ireland,GB_LINCOLN,,95.1
2020,SP_TRN_PUBL,United Kingdom of Great Britain and Northern Ireland,GB_LONDON,,94.8
2020,SP_TRN_PUBL,United Kingdom of Great Britain and Northern Ireland,GB_HALTON,,89.3
2020,SP_TRN_PUBL,Netherlands (Kingdom of the),NL_ALMERE,,74.9
2020,SP_TRN_PUBL,Netherlands (Kingdom of the),NL_BEVERWIJK_HEEMSKERK,,85.0
2020,SP_TRN_PUBL,New Zealand,NZ_WELLINGTON,,97.7
2020,SP_TRN_PUBL,United Kingdom of Great Britain and Northern Ireland,GB_WIGAN_SKELMERSDALE,,94.7
2020,SP_TRN_PUBL,United Kingdom of Great Britain and Northern Ireland,GB_STAFFORD,,95.5
2020,SP_TRN_PUBL,United Kingdom of Great Britain and Northern Ireland,GB_GREATER_MANCHESTER,,95.4
2020,SP_TRN_PUBL,United Kingdom of Great Britain and Northern Ireland,GB_BURTON_UPON_TRENT,,95.7
2020,SP_TRN_PUBL,New Zealand,NZ_LOWER_HUTT,,97.1
2020,SP_TRN_PUBL,New Zealand,NZ_HAMILTON,,96.5
2020,SP_TRN_PUBL,New Zealand,NZ_DUNEDIN,,94.4
2020,SP_TRN_PUBL,New Zealand,NZ_AUCKLAND,,94.4
2020,SP_TRN_PUBL,New Zealand,NZ_TAURANGA,,91.7
2020,SP_TRN_PUBL,New Zealand,NZ_CHRISTCHURCH,,90.3
2020,SP_TRN_PUBL,United Kingdom of Great Britain and Northern Ireland,GB_LEICESTER,,95.3
2020,SP_TRN_PUBL,United Kingdom of Great Britain and Northern Ireland,GB_COLCHESTER,,95.7
2020,SP_TRN_PUBL,United Kingdom of Great Britain and Northern Ireland,GB_TAUNTON,,95.5
2020,SP_TRN_PUBL,United Kingdom of Great Britain and Northern Ireland,GB_SHREWSBURY,,95.7
2020,SP_TRN_PUBL,United Kingdom of Great Britain and Northern Ireland,GB_EASTLEIGH,,95.2
2020,SP_TRN_PUBL,United Kingdom of Great Britain and Northern Ireland,GB_SWINDON,,95.2
2020,SP_TRN_PUBL,United Kingdom of Great Britain and Northern Ireland,GB_CAMBRIDGE,,95.2
2020,SP_TRN_PUBL,United Kingdom of Great Britain and Northern Ireland,GB_NUNEATON,,95.0
2020,SP_TRN_PUBL,New Zealand,NZ_NAPIER,,89.4
2020,SP_TRN_PUBL,New Zealand,NZ_PALMERSTON,,95.6
2020,SP_TRN_PUBL,Norway,NO_LORENSKOG,,85.4
2020,SP_TRN_PUBL,Norway,NO_STAVANGER,,93.7
2020,SP_TRN_PUBL,Norway,NO_OSLO,,92.0
2020,SP_TRN_PUBL,Norway,NO_BERGEN,,89.7
2020,SP_TRN_PUBL,Poland,PL_KRAKOW,,93.6
2020,SP_TRN_PUBL,Poland,PL_STARGARD_SZCZECINSKI,,93.7
2020,SP_TRN_PUBL,Poland,PL_GDANSK,,91.7
2020,SP_TRN_PUBL,Poland,PL_ZGIERZ,,91.6
2020,SP_TRN_PUBL,Poland,PL_GORNOSLASKI_ZWIAZEK,,90.5
2020,SP_TRN_PUBL,United Kingdom of Great Britain and Northern Ireland,GB_WORCESTER,,95.0
2020,SP_TRN_PUBL,United Kingdom of Great Britain and Northern Ireland,GB_MILTON_KEYNES,,92.8
2020,SP_TRN_PUBL,United Kingdom of Great Britain and Northern Ireland,GB_KETTERING,,93.5
2020,SP_TRN_PUBL,United Kingdom of Great Britain and Northern Ireland,GB_COATBRIDGE,,92.2
2020,SP_TRN_PUBL,Poland,PL_ELK,,97.7
2020,SP_TRN_PUBL,Poland,PL_WROCLAW,,94.6
2020,SP_TRN_PUBL,Poland,PL_TORUN,,94.6
2020,SP_TRN_PUBL,Poland,PL_LEGNICA,,94.6
2020,SP_TRN_PUBL,United Kingdom of Great Britain and Northern Ireland,GB_HARROGATE,,93.4
2020,SP_TRN_PUBL,United Kingdom of Great Britain and Northern Ireland,GB_EAST_KILBRIDE,,92.8
2020,SP_TRN_PUBL,United Kingdom of Great Britain and Northern Ireland,GB_TUNBRIDGE_WELLS,,93.8
2020,SP_TRN_PUBL,United Kingdom of Great Britain and Northern Ireland,GB_WASHINGTON,,92.3
2020,SP_TRN_PUBL,Poland,PL_SUWALKI,,94.7
2020,SP_TRN_PUBL,Poland,PL_OLSZTYN,,94.0
2020,SP_TRN_PUBL,Poland,PL_OSTROW_WIELKOPOLSKI,,97.4
2020,SP_TRN_PUBL,Poland,PL_KALISZ,,97.3
2020,SP_TRN_PUBL,United Kingdom of Great Britain and Northern Ireland,GB_THATCHAM,,94.0
2020,SP_TRN_PUBL,United Kingdom of Great Britain and Northern Ireland,GB_REDDITCH,,90.9
2020,SP_TRN_PUBL,United Kingdom of Great Britain and Northern Ireland,GB_BELFAST,,94.0
2020,SP_TRN_PUBL,United Kingdom of Great Britain and Northern Ireland,GB_TELFORD,,92.6
2020,SP_TRN_PUBL,Poland,PL_WLOCLAWEK,,97.3
2020,SP_TRN_PUBL,Poland,PL_LOMZA,,97.0
2020,SP_TRN_PUBL,Poland,PL_GRUDZIADZ,,96.9
2020,SP_TRN_PUBL,Poland,PL_PRZEMYSL,,96.2
2020,SP_TRN_PUBL,Poland,PL_ELBLAG,,95.9
2020,SP_TRN_PUBL,Poland,PL_GDYNIA,,95.1
2020,SP_TRN_PUBL,Poland,PL_PILA,,95.1
2020,SP_TRN_PUBL,Poland,PL_SZCZECIN,,95.0
2020,SP_TRN_PUBL,United Kingdom of Great Britain and Northern Ireland,GB_LIVINGSTON,,92.6
2020,SP_TRN_PUBL,United Kingdom of Great Britain and Northern Ireland,GB_BANGOR,,91.8
2020,SP_TRN_PUBL,United Kingdom of Great Britain and Northern Ireland,GB_READING,,94.4
2020,SP_TRN_PUBL,United Kingdom of Great Britain and Northern Ireland,GB_SOUTHEND_ON_SEA,,92.0
2020,SP_TRN_PUBL,Poland,PL_CHELM,,95.0
2020,SP_TRN_PUBL,Poland,PL_JELENIA_GORA,,94.2
2020,SP_TRN_PUBL,Poland,PL_OPOLE,,93.7
2020,SP_TRN_PUBL,Poland,PL_LODZ,,93.8
2020,SP_TRN_PUBL,United Kingdom of Great Britain and Northern Ireland,GB_GLOUCESTER,,94.6
2020,SP_TRN_PUBL,United Kingdom of Great Britain and Northern Ireland,GB_SLOUGH,,92.1
2020,SP_TRN_PUBL,United Kingdom of Great Britain and Northern Ireland,GB_ALDWICK_FELPHAM,,91.8
2020,SP_TRN_PUBL,United Kingdom of Great Britain and Northern Ireland,GB_MOTHERWELL_WISHAW,,90.9
2020,SP_TRN_PUBL,Poland,PL_WIDNICA,,93.8
2020,SP_TRN_PUBL,Poland,PL_PIOTRKOW_TRYBUNALSKI,,94.0
2020,SP_TRN_PUBL,Poland,PL_BELCHATOW,,93.8
2020,SP_TRN_PUBL,Poland,PL_TYCHY,,94.2
2020,SP_TRN_PUBL,United Kingdom of Great Britain and Northern Ireland,GB_OXFORD,,94.6
2020,SP_TRN_PUBL,United Kingdom of Great Britain and Northern Ireland,GB_BRACKNELL,,91.2
2020,SP_TRN_PUBL,United Kingdom of Great Britain and Northern Ireland,GB_HARTLEPOOL,,91.3
2020,SP_TRN_PUBL,United Kingdom of Great Britain and Northern Ireland,GB_WARRINGTON,,94.4
2020,SP_TRN_PUBL,Poland,PL_RADOM,,93.0
2020,SP_TRN_PUBL,Poland,PL_POZNAN,,92.9
2020,SP_TRN_PUBL,Poland,PL_ZIELONA_GORA,,92.6
2020,SP_TRN_PUBL,Poland,PL_GLIWICE,,92.5
2020,SP_TRN_PUBL,Germany,DE_DRESDEN,,94.2
2020,SP_TRN_PUBL,Germany,DE_DELMENHORST,,94.2
2020,SP_TRN_PUBL,Germany,DE_BAMBERG,,97.1
2020,SP_TRN_PUBL,Germany,DE_LUDENSCHEID,,97.0
2020,SP_TRN_PUBL,United Kingdom of Great Britain and Northern Ireland,GB_BASILDON,,94.1
2020,SP_TRN_PUBL,United Kingdom of Great Britain and Northern Ireland,GB_EASTBOURNE,,97.1
2020,SP_TRN_PUBL,United Kingdom of Great Britain and Northern Ireland,GB_CHESTERFIELD,,98.5
2020,SP_TRN_PUBL,United Kingdom of Great Britain and Northern Ireland,GB_MEDWAY,,95.8
2020,SP_TRN_PUBL,Poland,PL_MYSLOWICE,,92.4
2020,SP_TRN_PUBL,Poland,PL_GLOGOW,,92.4
2020,SP_TRN_PUBL,Poland,PL_GNIEZNO,,92.3
2020,SP_TRN_PUBL,Poland,PL_INOWROCLAW,,92.3
2020,SP_TRN_PUBL,United Kingdom of Great Britain and Northern Ireland,GB_BARNSLEY,,95.9
2020,SP_TRN_PUBL,United Kingdom of Great Britain and Northern Ireland,GB_PRESTON,,96.5
2020,SP_TRN_PUBL,United Kingdom of Great Britain and Northern Ireland,GB_NORWICH,,96.4
2020,SP_TRN_PUBL,United Kingdom of Great Britain and Northern Ireland,GB_DACORUM,,97.3
2020,SP_TRN_PUBL,Poland,PL_RZESZOW,,92.0
2020,SP_TRN_PUBL,Poland,PL_KIELCE,,90.6
2020,SP_TRN_PUBL,Poland,PL_KASZTELANKA,,91.1
2020,SP_TRN_PUBL,Poland,PL_GORZOW_WIELKOPOLSKI,,90.9
2020,SP_TRN_PUBL,Germany,DE_DUISBURG,,93.6
2020,SP_TRN_PUBL,Germany,DE_RUHRGEBIET,,93.5
2020,SP_TRN_PUBL,Germany,DE_HARBURG,,91.4
2020,SP_TRN_PUBL,Germany,DE_OLDENBURG,,91.1
2020,SP_TRN_PUBL,United Kingdom of Great Britain and Northern Ireland,GB_DUNDEE,,97.8
2020,SP_TRN_PUBL,United Kingdom of Great Britain and Northern Ireland,GB_DERBY,,97.0
2020,SP_TRN_PUBL,United Kingdom of Great Britain and Northern Ireland,GB_TORBAY,,98.7
2020,SP_TRN_PUBL,United Kingdom of Great Britain and Northern Ireland,GB_PETERBOROUGH,,85.6
2020,SP_TRN_PUBL,Poland,PL_PLOCK,,90.8
2020,SP_TRN_PUBL,Poland,PL_ZAMOSC,,93.3
2020,SP_TRN_PUBL,Poland,PL_BYDGOSZCZ,,90.5
2020,SP_TRN_PUBL,Poland,PL_KOSZALIN,,90.4
2020,SP_TRN_PUBL,United Kingdom of Great Britain and Northern Ireland,GB_GRIMSBY_CLEETHORPES,,94.8
2020,SP_TRN_PUBL,United Kingdom of Great Britain and Northern Ireland,GB_TAMWORTH,,95.4
2020,SP_TRN_PUBL,United Kingdom of Great Britain and Northern Ireland,GB_NEWCASTLE_UNDER_LYME,,95.6
2020,SP_TRN_PUBL,United Kingdom of Great Britain and Northern Ireland,GB_CANNOCK_HEDNESFORD,,93.0
2020,SP_TRN_PUBL,Poland,PL_RYBNIK,,89.7
2020,SP_TRN_PUBL,Poland,PL_CZESTOCHOWA,,89.6
2020,SP_TRN_PUBL,Poland,PL_LUBLIN,,87.2
2020,SP_TRN_PUBL,Poland,PL_LEGIONOWO,,86.3
2020,SP_TRN_PUBL,Germany,DE_GUTERSLOH,,95.0
2020,SP_TRN_PUBL,Germany,DE_FRANKFURT_AM_MAIN,,95.0
2020,SP_TRN_PUBL,Greece,GR_IRAKLEION,,94.2
2020,SP_TRN_PUBL,Greece,GR_CHANIA,,78.2
2020,SP_TRN_PUBL,United Kingdom of Great Britain and Northern Ireland,GB_REDHILL_REIGATE,,93.5
2020,SP_TRN_PUBL,United Kingdom of Great Britain and Northern Ireland,GB_FALKIRK,,94.3
2020,SP_TRN_PUBL,Uzbekistan,UZ_URGANCH,,10.0
2020,SP_TRN_PUBL,Poland,PL_TCZEW,,85.4
2020,SP_TRN_PUBL,Poland,PL_WALBRZYCH,,83.5
2020,SP_TRN_PUBL,Poland,PL_BIELSKO_BIALA,,82.9
2020,SP_TRN_PUBL,Poland,PL_JASTRZEBIE_ZDROJ,,81.3
2020,SP_TRN_PUBL,Uzbekistan,UZ_BUXORO,,8.2
2020,SP_TRN_PUBL,Uzbekistan,UZ_BEKOBOD,,15.1
2020,SP_TRN_PUBL,Uzbekistan,UZ_QOQON,,18.8
2020,SP_TRN_PUBL,Poland,PL_MIELEC,,51.7
2020,SP_TRN_PUBL,Poland,PL_NOWY_SACZ,,98.2
2020,SP_TRN_PUBL,Poland,PL_KATOWICE,,93.4
2020,SP_TRN_PUBL,Uzbekistan,UZ_NAVOIY,,19.9
2020,SP_TRN_PUBL,Uzbekistan,UZ_DENAU,,10.2
2020,SP_TRN_PUBL,Uzbekistan,UZ_ANDIJAN,,11.6
2020,SP_TRN_PUBL,Poland,PL_WARSZAWA,,93.5
2020,SP_TRN_PUBL,Poland,PL_BIALYSTOK,,93.6
2020,SP_TRN_PUBL,Poland,PL_PABIANICE,,98.6
2020,SP_TRN_PUBL,Poland,PL_OSTROWIEC_SWIETOKRZYSKI,,98.4
2020,SP_TRN_PUBL,Greece,GR_IOANNINA,,74.8
2020,SP_TRN_PUBL,Greece,GR_THESSALONIKI,,98.8
2020,SP_TRN_PUBL,Greece,GR_ATHINAI,,97.0
2020,SP_TRN_PUBL,Greece,GR_KAVALA,,99.3
2020,SP_TRN_PUBL,Uzbekistan,UZ_NUKUS,,41.9
2020,SP_TRN_PUBL,Uzbekistan,UZ_TERMIZ,,21.9
2020,SP_TRN_PUBL,Uzbekistan,UZ_BESHARYK,,38.3
2020,SP_TRN_PUBL,Hungary,HU_ERD,,75.4
2020,SP_TRN_PUBL,Hungary,HU_TATABANYA,,86.9
2020,SP_TRN_PUBL,Hungary,HU_PECS,,89.7
2020,SP_TRN_PUBL,Hungary,HU_RAKOSLIGET,,90.3
2020,SP_TRN_PUBL,Hungary,HU_VESZPREM,,97.9
2020,SP_TRN_PUBL,Hungary,HU_GYOR,,97.6
2020,SP_TRN_PUBL,Hungary,HU_BUDAPEST,,96.5
2020,SP_TRN_PUBL,Hungary,HU_SZOMBATHELY,,95.8
2020,SP_TRN_PUBL,Hungary,HU_DEBRECEN,,95.5
2020,SP_TRN_PUBL,Hungary,HU_KECSKEMET,,95.5
2020,SP_TRN_PUBL,Hungary,HU_SZEKESFEHERVAR,,93.3
2020,SP_TRN_PUBL,Hungary,HU_MISKOLC,,93.1
2020,SP_TRN_PUBL,Poland,PL_TOMASZOW_MAZOWIECKI,,98.1
2020,SP_TRN_PUBL,Poland,PL_SLUPSK,,97.9
2020,SP_TRN_PUBL,Poland,PL_STALOWA_WOLA,,99.2
2020,SP_TRN_PUBL,Portugal,PT_BARREIRO,,76.0
2020,SP_TRN_PUBL,Uzbekistan,UZ_TOSHKENT,,23.1
2020,SP_TRN_PUBL,Uzbekistan,UZ_NAMANGAN,,27.1
2020,SP_TRN_PUBL,Uzbekistan,UZ_QARSHI,,10.0
2020,SP_TRN_PUBL,Portugal,PT_SETUBAL,,99.0
2020,SP_TRN_PUBL,Portugal,PT_BRAGA,,98.7
2020,SP_TRN_PUBL,Portugal,PT_AMORA,,98.2
2020,SP_TRN_PUBL,Portugal,PT_COIMBRA,,91.1
2020,SP_TRN_PUBL,Portugal,PT_ALMADA,,96.0
2020,SP_TRN_PUBL,Portugal,PT_FUNCHAL,,91.7
2020,SP_TRN_PUBL,Romania,RO_REGHIN,,60.4
2020,SP_TRN_PUBL,Romania,RO_ARAD,,82.4
2020,SP_TRN_PUBL,Romania,RO_IASI,,80.4
2020,SP_TRN_PUBL,Romania,RO_NAVODARI,,78.7
2020,SP_TRN_PUBL,Romania,RO_SIBIU,,87.4
2020,SP_TRN_PUBL,Romania,RO_BUCURESTI,,85.6
2020,SP_TRN_PUBL,Romania,RO_MANGALIA,,45.6
2020,SP_TRN_PUBL,Romania,RO_TARGU_JIU,,38.5
2020,SP_TRN_PUBL,Romania,RO_FALTICENI,,30.2
2020,SP_TRN_PUBL,Romania,RO_BRASOV,,90.6
2020,SP_TRN_PUBL,Romania,RO_CLUJ_NAPOCA,,88.2
2020,SP_TRN_PUBL,Romania,RO_CRAIOVA,,84.8
2020,SP_TRN_PUBL,Romania,RO_CAMPIA_TURZII,,83.8
2020,SP_TRN_PUBL,Romania,RO_CONSTANTA,,91.4
2020,SP_TRN_PUBL,Romania,RO_TIMISOARA,,91.7
2020,SP_TRN_PUBL,Serbia,RS_BORCA,,68.0
2020,SP_TRN_PUBL,Serbia,RS_ZRENJANIN,,32.5
2020,SP_TRN_PUBL,Serbia,RS_NOVI_SAD,,76.3
2020,SP_TRN_PUBL,Serbia,RS_BEOGRAD,,90.3
2020,SP_TRN_PUBL,Serbia,RS_POZAREVAC,,37.0
2020,SP_TRN_PUBL,Serbia,RS_NOVI_PAZAR,,19.6
2020,SP_TRN_PUBL,Serbia,RS_KRAGUJEVAC,,33.6
2020,SP_TRN_PUBL,Serbia,RS_KIKINDA,,36.8
2020,SP_TRN_PUBL,Serbia,RS_NIS,,85.0
2020,SP_TRN_PUBL,Slovakia,SK_KOSICE,,91.8
2020,SP_TRN_PUBL,Slovakia,SK_MARTIN,,84.4
2020,SP_TRN_PUBL,Slovakia,SK_BANSKA_BYSTRICA,,95.8
2020,SP_TRN_PUBL,Slovakia,SK_TRNAVA,,95.1
2020,SP_TRN_PUBL,Slovakia,SK_BRATISLAVA,,94.1
2020,SP_TRN_PUBL,Slovakia,SK_ZILINA,,93.4
2020,SP_TRN_PUBL,Slovakia,SK_NITRA,,92.3
2020,SP_TRN_PUBL,Viet Nam,VN_VINH_LONG,,8.3
2020,SP_TRN_PUBL,Viet Nam,VN_THANH_PHO_HO_CHI_MINH,,68.7
2020,SP_TRN_PUBL,Viet Nam,VN_HA_NOI,,69.0
2020,SP_TRN_PUBL,Slovenia,SI_LJUBLJANA,,92.5
2020,SP_TRN_PUBL,Spain,ES_TERRASSA,,89.8
2020,SP_TRN_PUBL,Spain,ES_VALENCIA,,88.0
2020,SP_TRN_PUBL,Spain,ES_EL_MASNOU,,93.9
2020,SP_TRN_PUBL,Spain,ES_PUERTO_DE_LA_CRUZ,,91.7
2020,SP_TRN_PUBL,Spain,ES_GRANADA,,94.6
2020,SP_TRN_PUBL,Spain,ES_TORREMOLINOS,,86.9
2020,SP_TRN_PUBL,Spain,ES_MURCIA,,80.1
2020,SP_TRN_PUBL,Spain,ES_SABADELL,,84.2
2020,SP_TRN_PUBL,Spain,ES_CADIZ,,90.9
2020,SP_TRN_PUBL,Spain,ES_FERROL,,93.6
2020,SP_TRN_PUBL,Spain,ES_TORREVIEJA,,93.4
2020,SP_TRN_PUBL,Spain,ES_BENIDORM,,93.4
2020,SP_TRN_PUBL,Spain,ES_AVILES,,93.2
2020,SP_TRN_PUBL,Spain,ES_SANTA_MONICA,,78.0
2020,SP_TRN_PUBL,Spain,ES_ALMERIA,,92.0
2020,SP_TRN_PUBL,Spain,ES_BURGOS,,98.2
2020,SP_TRN_PUBL,Spain,ES_TALAVERA_DE_LA_REINA,,98.4
2020,SP_TRN_PUBL,Spain,ES_SEVILLA,,98.0
2020,SP_TRN_PUBL,Spain,ES_ZAMORA,,97.9
2020,SP_TRN_PUBL,Spain,ES_EL_PRAT_DE_LLOBREGAT,,97.9
2020,SP_TRN_PUBL,Spain,ES_ALCOY,,97.9
2020,SP_TRN_PUBL,Spain,ES_REUS,,98.4
2020,SP_TRN_PUBL,Spain,ES_GIJON,,98.5
2020,SP_TRN_PUBL,Spain,ES_MADRID,,98.4
2020,SP_TRN_PUBL,Spain,ES_VALLADOLID,,98.4
2020,SP_TRN_PUBL,Spain,ES_TOLEDO,,98.4
2020,SP_TRN_PUBL,Spain,ES_VILANOVA_I_LA_GELTRU,,98.4
2020,SP_TRN_PUBL,Spain,ES_TARRAGONA,,97.7
2020,SP_TRN_PUBL,Spain,ES_PAMPLONA,,96.9
2020,SP_TRN_PUBL,Spain,ES_VILADECANS,,96.9
2020,SP_TRN_PUBL,Spain,ES_BILBAO,,96.7
2020,SP_TRN_PUBL,Spain,ES_MELILLA,,96.3
2020,SP_TRN_PUBL,Spain,ES_PALMA,,95.8
2020,SP_TRN_PUBL,Spain,ES_DONOSTIA,,98.2
2020,SP_TRN_PUBL,Spain,ES_A_CORUNA,,97.2
2020,SP_TRN_PUBL,Spain,ES_ALICANTE,,97.0
2020,SP_TRN_PUBL,Spain,ES_OVIEDO,,98.5
2020,SP_TRN_PUBL,Spain,ES_CARTAGENA,,97.7
2020,SP_TRN_PUBL,Spain,ES_MALAGA,,97.7
2020,SP_TRN_PUBL,Spain,ES_VALDEMORO,,97.5
2020,SP_TRN_PUBL,Spain,ES_MOLLET_DEL_VALLES,,97.5
2020,SP_TRN_PUBL,Spain,ES_IRUN,,97.2
2020,SP_TRN_PUBL,Spain,ES_CASTELLDEFELS,,97.1
2020,SP_TRN_PUBL,Spain,ES_BARCELONA,,99.7
2020,SP_TRN_PUBL,Spain,ES_IGUALADA,,99.3
2020,SP_TRN_PUBL,Spain,ES_SANTANDER,,98.7
2020,SP_TRN_PUBL,Spain,ES_SALAMANCA,,98.7
2020,SP_TRN_PUBL,Spain,ES_SANT_BOI_DE_LLOBREGAT,,98.6
2020,SP_TRN_PUBL,Spain,ES_SANTA_CRUZ_DE_TENERIFE,,98.6
2020,SP_TRN_PUBL,Spain,ES_MANRESA,,98.5
2020,SP_TRN_PUBL,Spain,ES_LOGRONO,,98.5
2020,SP_TRN_PUBL,Spain,ES_ALBACETE,,98.9
2020,SP_TRN_PUBL,Spain,ES_PARLA,,99.1
2020,SP_TRN_PUBL,Spain,ES_VIGO,,99.1
2020,SP_TRN_PUBL,Spain,ES_PALENCIA,,99.1
2020,SP_TRN_PUBL,Spain,ES_VITORIA_GASTEIZ,,99.0
2020,SP_TRN_PUBL,Spain,ES_ELCHE,,99.0
2020,SP_TRN_PUBL,Spain,ES_CACERES,,99.0
2020,SP_TRN_PUBL,Spain,ES_COSLADA,,98.0
2020,SP_TRN_PUBL,Hungary,HU_SZEGED,,92.3
2020,SP_TRN_PUBL,Hungary,HU_NYIREGYHAZA,,92.1
2020,SP_TRN_PUBL,Iceland,IS_REYKJAVIK,,91.4
2020,SP_TRN_PUBL,India,IN_PUNE,,75.1
2020,SP_TRN_PUBL,India,IN_PALI,,10.1
2020,SP_TRN_PUBL,India,IN_THOOTHUKKUDI,,9.9
2020,SP_TRN_PUBL,India,IN_KANCHIPURAM,,10.5
2020,SP_TRN_PUBL,India,IN_MUMBAI,,80.9
2020,SP_TRN_PUBL,India,IN_AHMADABAD,,78.7
2020,SP_TRN_PUBL,India,IN_BENGALURU,,73.9
2020,SP_TRN_PUBL,India,IN_HYDERABAD,,72.0
2020,SP_TRN_PUBL,India,IN_VIJAYAWADA,,70.6
2020,SP_TRN_PUBL,India,IN_COIMBATORE,,62.8
2020,SP_TRN_PUBL,India,IN_BHOPAL,,62.0
2020,SP_TRN_PUBL,India,IN_SURAT,,56.8
2020,SP_TRN_PUBL,India,IN_KOLKATA,,54.3
2020,SP_TRN_PUBL,India,IN_BAREILLY,,52.4
2020,SP_TRN_PUBL,India,IN_BELGAUM,,50.3
2020,SP_TRN_PUBL,India,IN_JAIPUR,,47.9
2020,SP_TRN_PUBL,India,IN_KOZHIKODE,,45.8
2020,SP_TRN_PUBL,India,IN_BHIWANDI,,16.6
2020,SP_TRN_PUBL,India,IN_HINDUPUR,,26.1
2020,SP_TRN_PUBL,India,IN_PARBHANI,,24.8
2020,SP_TRN_PUBL,India,IN_SINGRAULI,,24.3
2020,SP_TRN_PUBL,India,IN_NELLORE,,19.7
2020,SP_TRN_PUBL,India,IN_SITAPUR,,18.5
2020,SP_TRN_PUBL,India,IN_KANPUR,,16.1
2020,SP_TRN_PUBL,India,IN_MORENA,,15.5
2020,SP_TRN_PUBL,India,IN_PATNA,,15.3
2020,SP_TRN_PUBL,India,IN_JALNA,,14.6
2020,SP_TRN_PUBL,India,IN_TUMKUR,,12.4
2020,SP_TRN_PUBL,India,IN_MALEGAON,,48.2
2020,SP_TRN_PUBL,India,IN_BERHAMPORE,,10.2
2020,SP_TRN_PUBL,India,IN_CHANDIGARH,,26.5
2020,SP_TRN_PUBL,Ireland,IE_SWORDS,,87.5
2020,SP_TRN_PUBL,Ireland,IE_BLANCHARDSTOWN,,91.7
2020,SP_TRN_PUBL,Ireland,IE_DUBLIN,,92.7
2020,SP_TRN_PUBL,Ireland,IE_CORK,,94.4
2020,SP_TRN_PUBL,Ireland,IE_LIMERICK,,84.6
2017,SP_TRN_PUBL,Israel,IL_HEFA,,100.0
2017,SP_TRN_PUBL,Israel,IL_BEER_SHEVA,,99.1
2017,SP_TRN_PUBL,Israel,IL_ASHDOD,,100.0
2017,SP_TRN_PUBL,Israel,IL_RISHON_LEZIYYON,,100.0
2017,SP_TRN_PUBL,Israel,IL_PETAH_TIQWA,,100.0
2017,SP_TRN_PUBL,Israel,IL_NETANYA,,100.0
2017,SP_TRN_PUBL,Israel,IL_TEL_AVIV_YAFO,,100.0
2020,SP_TRN_PUBL,Italy,IT_POZZUOLI,,70.5
2020,SP_TRN_PUBL,Italy,IT_AREZZO,,99.3
2020,SP_TRN_PUBL,Italy,IT_GROSSETO,,99.1
2020,SP_TRN_PUBL,Italy,IT_PESARO,,99.7
2020,SP_TRN_PUBL,Italy,IT_ALESSANDRIA,,90.6
2020,SP_TRN_PUBL,Italy,IT_PISA,,90.4
2020,SP_TRN_PUBL,Italy,IT_COMO,,90.4
2020,SP_TRN_PUBL,Italy,IT_BRESCIA,,90.3
2020,SP_TRN_PUBL,Italy,IT_PADOVA,,89.4
2020,SP_TRN_PUBL,Italy,IT_VENEZIA,,87.4
2020,SP_TRN_PUBL,Italy,IT_CATANIA,,86.8
2020,SP_TRN_PUBL,Italy,IT_CERIGNOLA,,85.7
2020,SP_TRN_PUBL,Italy,IT_BERGAMO,,82.6
2020,SP_TRN_PUBL,Italy,IT_MILANO,,77.7
2020,SP_TRN_PUBL,Italy,IT_NOVARA,,97.5
2020,SP_TRN_PUBL,Italy,IT_BARI,,91.7
2020,SP_TRN_PUBL,Italy,IT_OSTIA,,99.9
2020,SP_TRN_PUBL,Italy,IT_PORDENONE,,92.5
2020,SP_TRN_PUBL,Italy,IT_PALERMO,,93.9
2020,SP_TRN_PUBL,Italy,IT_GENOVA,,99.5
2020,SP_TRN_PUBL,Italy,IT_SIRACUSA,,97.5
2020,SP_TRN_PUBL,Italy,IT_REGGIO_DI_CALABRIA,,97.6
2020,SP_TRN_PUBL,Italy,IT_UDINE,,97.7
2020,SP_TRN_PUBL,Italy,IT_PRATO,,97.9
2020,SP_TRN_PUBL,Italy,IT_TORINO,,98.0
2020,SP_TRN_PUBL,Italy,IT_LECCE,,97.1
2020,SP_TRN_PUBL,Italy,IT_ASTI,,99.0
2020,SP_TRN_PUBL,Italy,IT_ANCONA,,99.0
2020,SP_TRN_PUBL,Italy,IT_BOLZANO,,98.9
2020,SP_TRN_PUBL,Italy,IT_SASSARI,,98.9
2020,SP_TRN_PUBL,Italy,IT_CAGLIARI,,98.7
2020,SP_TRN_PUBL,Italy,IT_LIVORNO,,98.6
2020,SP_TRN_PUBL,Italy,IT_BRINDISI,,98.1
2020,SP_TRN_PUBL,Italy,IT_FIRENZE,,98.3
2020,SP_TRN_PUBL,Italy,IT_PAVIA,,98.3
2020,SP_TRN_PUBL,Italy,IT_GELA,,98.2
2020,SP_TRN_PUBL,Italy,IT_BARLETTA,,98.2
2020,SP_TRN_PUBL,Italy,IT_BOLOGNA,,98.1
2020,SP_TRN_PUBL,Italy,IT_TRENTO,,98.1
2020,SP_TRN_PUBL,Italy,IT_MESSINA,,98.1
2020,SP_TRN_PUBL,Italy,IT_MATERA,,94.1
2020,SP_TRN_PUBL,Italy,IT_FERRARA,,94.3
2020,SP_TRN_PUBL,Italy,IT_VERONA,,95.3
2020,SP_TRN_PUBL,Italy,IT_MODENA,,95.7
2020,SP_TRN_PUBL,Italy,IT_ROMA,,96.1
2020,SP_TRN_PUBL,Italy,IT_SASSUOLO,,96.2
2020,SP_TRN_PUBL,Italy,IT_PERUGIA,,93.2
2020,SP_TRN_PUBL,Italy,IT_MESTRE,,96.7
2020,SP_TRN_PUBL,Italy,IT_VICENZA,,91.3
2020,SP_TRN_PUBL,Japan,JP_YAMAGUCHI,,20.2
2020,SP_TRN_PUBL,Japan,JP_OKAYAMA,,25.0
2020,SP_TRN_PUBL,Japan,JP_OSAKA,,69.4
2020,SP_TRN_PUBL,Japan,JP_TOKYO,,74.0
2020,SP_TRN_PUBL,Japan,JP_FUKUOKA,,95.4
2020,SP_TRN_PUBL,Kazakhstan,KZ_QASKELEN,,17.0
2020,SP_TRN_PUBL,Kazakhstan,KZ_QULSARY,,20.5
2020,SP_TRN_PUBL,Kazakhstan,KZ_TALDYQORGAN,,20.5
2020,SP_TRN_PUBL,Kazakhstan,KZ_SHYMKENT,,22.2
2020,SP_TRN_PUBL,Kazakhstan,KZ_TARAZ,,24.1
2020,SP_TRN_PUBL,Kazakhstan,KZ_BALQASH,,24.4
2020,SP_TRN_PUBL,Kazakhstan,KZ_AQTAY,,12.7
2020,SP_TRN_PUBL,Kazakhstan,KZ_AQTOBE,,40.5
2020,SP_TRN_PUBL,Kazakhstan,KZ_ALMATY,,39.1
2020,SP_TRN_PUBL,Kazakhstan,KZ_RYDNYJ,,53.0
2020,SP_TRN_PUBL,Kazakhstan,KZ_SEMEI,,31.2
2020,SP_TRN_PUBL,Kazakhstan,KZ_TURKISTAN,,27.2
2020,SP_TRN_PUBL,Kazakhstan,KZ_ORAL,,54.0
2020,SP_TRN_PUBL,Kazakhstan,KZ_ASTANA,,53.7
2020,SP_TRN_PUBL,Kazakhstan,KZ_QARAGANDY,,53.6
2020,SP_TRN_PUBL,Kazakhstan,KZ_TEMIRTAY,,49.3
2020,SP_TRN_PUBL,Kazakhstan,KZ_PAVLODAR,,42.8
2020,SP_TRN_PUBL,Kazakhstan,KZ_OSKEMEN,,39.0
2020,SP_TRN_PUBL,Republic of Korea,KR_GWANGJU,,87.5
2020,SP_TRN_PUBL,Republic of Korea,KR_SEOUL,,70.6
2020,SP_TRN_PUBL,Republic of Korea,KR_JINJU,,64.8
2020,SP_TRN_PUBL,Republic of Korea,KR_CHEONAN,,35.5
2020,SP_TRN_PUBL,Republic of Korea,KR_BUSAN,,89.6
2020,SP_TRN_PUBL,Kyrgyzstan,KG_KARA_BALTA,,21.8
2020,SP_TRN_PUBL,Kyrgyzstan,KG_ZALAL_ABAT,,21.5
2020,SP_TRN_PUBL,Kyrgyzstan,KG_KARA_KO,,49.2
2020,SP_TRN_PUBL,Kyrgyzstan,KG_KYZYL_KYJA,,53.8
2020,SP_TRN_PUBL,Kyrgyzstan,KG_BISKEK,,55.2
2020,SP_TRN_PUBL,Kyrgyzstan,KG_TOKMOK,,59.2
2020,SP_TRN_PUBL,Kyrgyzstan,KG_OZGON,,59.4
2020,SP_TRN_PUBL,Kyrgyzstan,KG_BALYKCY,,63.7
2020,SP_TRN_PUBL,Kyrgyzstan,KG_NARYN,,93.4
2020,SP_TRN_PUBL,Kyrgyzstan,KG_TALAS,,69.6
2020,SP_TRN_PUBL,Kyrgyzstan,KG_OS,,39.6
2020,SP_TRN_PUBL,Uzbekistan,UZ_TORTKOL,,9.1
2020,SP_TRN_PUBL,Spain,ES_SANTIAGO_DE_COMPOSTELA,,95.7
2020,SP_TRN_PUBL,Spain,ES_ZARAGOZA,,98.9
2020,SP_TRN_PUBL,Sweden,SE_SODERTALJE,,88.7
2020,SP_TRN_PUBL,Denmark,DK_AALBORG,,94.1
2020,SP_TRN_PUBL,Denmark,DK_AALBORG,,94.1
