Year,SeriesCode,Country,Value
2005,VC_DSR_CDYN,Romania,708
2006,VC_DSR_CDYN,Romania,152
2007,VC_DSR_CDYN,Romania,164
2008,VC_DSR_CDYN,Romania,44908
2009,VC_DSR_CDYN,Romania,915
2010,VC_DSR_CDYN,Romania,891
2011,VC_DSR_CDYN,Romania,393
2012,VC_DSR_CDYN,Romania,356
2013,VC_DSR_CDYN,Romania,356
2014,VC_DSR_CDYN,Romania,225
2015,VC_DSR_CDYN,Romania,402
2016,VC_DSR_CDYN,Romania,631
2017,VC_DSR_CDYN,Romania,196
2019,VC_DSR_CDYN,Romania,1631
2020,VC_DSR_CDYN,Romania,1227
2021,VC_DSR_CDYN,Romania,13
2019,VC_DSR_CDYN,Slovenia,1528
2015,VC_DSR_CDYN,Sweden,0
2018,VC_DSR_CDYN,Albania,2
2015,VC_DSR_CDYN,Australia,2923
2016,VC_DSR_CDYN,Australia,3871
2017,VC_DSR_CDYN,Australia,443
2018,VC_DSR_CDYN,Australia,636
2017,VC_DSR_CDYN,Armenia,915
2016,VC_DSR_CDYN,Sweden,0
2017,VC_DSR_CDYN,Sweden,0
2018,VC_DSR_CDYN,Sweden,0
2019,VC_DSR_CDYN,Sweden,0
2020,VC_DSR_CDYN,Sweden,0
2005,VC_DSR_CDYN,Switzerland,1596
2019,VC_DSR_CDYN,Armenia,1
2005,VC_DSR_CDYN,Bulgaria,859
2006,VC_DSR_CDYN,Bulgaria,31
2007,VC_DSR_CDYN,Bulgaria,17
2008,VC_DSR_CDYN,Bulgaria,9
2010,VC_DSR_CDYN,Bulgaria,42
2006,VC_DSR_CDYN,Switzerland,1229
2007,VC_DSR_CDYN,Switzerland,1281
2008,VC_DSR_CDYN,Switzerland,1200
2009,VC_DSR_CDYN,Switzerland,1522
2010,VC_DSR_CDYN,Switzerland,812
2011,VC_DSR_CDYN,Switzerland,1034
2011,VC_DSR_CDYN,Bulgaria,213
2012,VC_DSR_CDYN,Bulgaria,37
2013,VC_DSR_CDYN,Bulgaria,3
2014,VC_DSR_CDYN,Bulgaria,120
2016,VC_DSR_CDYN,Bulgaria,17
2017,VC_DSR_CDYN,Bulgaria,43
2019,VC_DSR_CDYN,Bulgaria,57
2020,VC_DSR_CDYN,Bulgaria,18
2021,VC_DSR_CDYN,Bulgaria,155
2016,VC_DSR_CDYN,Belarus,0
2017,VC_DSR_CDYN,Belarus,0
2018,VC_DSR_CDYN,Belarus,0
2019,VC_DSR_CDYN,Belarus,0
2009,VC_DSR_CDYN,Chile,0
2013,VC_DSR_CDYN,Chile,0
2019,VC_DSR_CDYN,Chile,0
2005,VC_DSR_CDYN,Colombia,0
2009,VC_DSR_CDYN,Colombia,0
2016,VC_DSR_CDYN,Colombia,0
2020,VC_DSR_CDYN,Colombia,1480
2021,VC_DSR_CDYN,Colombia,2700
2011,VC_DSR_CDYN,Costa Rica,0
2013,VC_DSR_CDYN,Costa Rica,0
2021,VC_DSR_CDYN,Costa Rica,1378
2015,VC_DSR_CDYN,Czechia,0
2016,VC_DSR_CDYN,Czechia,0
2017,VC_DSR_CDYN,Czechia,0
2006,VC_DSR_CDYN,Estonia,0
2007,VC_DSR_CDYN,Estonia,0
2008,VC_DSR_CDYN,Estonia,0
2009,VC_DSR_CDYN,Estonia,0
2010,VC_DSR_CDYN,Estonia,0
2011,VC_DSR_CDYN,Estonia,0
2012,VC_DSR_CDYN,Estonia,0
2013,VC_DSR_CDYN,Estonia,0
2014,VC_DSR_CDYN,Estonia,0
2012,VC_DSR_CDYN,Switzerland,912
2013,VC_DSR_CDYN,Switzerland,947
2014,VC_DSR_CDYN,Switzerland,964
2015,VC_DSR_CDYN,Switzerland,929
2016,VC_DSR_CDYN,Switzerland,763
2017,VC_DSR_CDYN,Switzerland,1032
2015,VC_DSR_CDYN,Estonia,0
2016,VC_DSR_CDYN,Estonia,0
2017,VC_DSR_CDYN,Estonia,0
2018,VC_DSR_CDYN,Estonia,0
2015,VC_DSR_CDYN,Finland,0
2016,VC_DSR_CDYN,Finland,0
2018,VC_DSR_CDYN,Switzerland,1708
2019,VC_DSR_CDYN,Switzerland,1138
2020,VC_DSR_CDYN,Switzerland,1330
2015,VC_DSR_CDYN,Tajikistan,92
2016,VC_DSR_CDYN,Tajikistan,1292
2017,VC_DSR_CDYN,Tajikistan,90
2017,VC_DSR_CDYN,Finland,0
2018,VC_DSR_CDYN,Finland,0
2019,VC_DSR_CDYN,Finland,0
2015,VC_DSR_CDYN,Georgia,0
2016,VC_DSR_CDYN,Georgia,0
2018,VC_DSR_CDYN,Georgia,0
2019,VC_DSR_CDYN,Georgia,0
2015,VC_DSR_CDYN,Japan,2742
2016,VC_DSR_CDYN,Japan,12094
2017,VC_DSR_CDYN,Japan,11515
2018,VC_DSR_CDYN,Japan,15449
2005,VC_DSR_CDYN,Kazakhstan,0
2006,VC_DSR_CDYN,Kazakhstan,0
2007,VC_DSR_CDYN,Kazakhstan,0
2008,VC_DSR_CDYN,Kazakhstan,0
2009,VC_DSR_CDYN,Kazakhstan,0
2010,VC_DSR_CDYN,Kazakhstan,0
2011,VC_DSR_CDYN,Kazakhstan,0
2012,VC_DSR_CDYN,Kazakhstan,0
2013,VC_DSR_CDYN,Kazakhstan,0
2014,VC_DSR_CDYN,Kazakhstan,0
2015,VC_DSR_CDYN,Kazakhstan,0
2016,VC_DSR_CDYN,Kazakhstan,0
2017,VC_DSR_CDYN,Kazakhstan,55
2018,VC_DSR_CDYN,Kazakhstan,8
2019,VC_DSR_CDYN,Kazakhstan,13
2020,VC_DSR_CDYN,Kazakhstan,7
2015,VC_DSR_CDYN,Kyrgyzstan,175
2016,VC_DSR_CDYN,Kyrgyzstan,65
2017,VC_DSR_CDYN,Kyrgyzstan,112
2018,VC_DSR_CDYN,Kyrgyzstan,145
2019,VC_DSR_CDYN,Kyrgyzstan,77
2020,VC_DSR_CDYN,Lithuania,0
2018,VC_DSR_CDYN,Mexico,0
2019,VC_DSR_CDYN,Mexico,78
2020,VC_DSR_CDYN,Mexico,491
2018,VC_DSR_CDYN,Tajikistan,31
2019,VC_DSR_CDYN,Tajikistan,9
2020,VC_DSR_CDYN,United Arab Emirates,0
2019,VC_DSR_CDYN,Turkmenistan,0
2015,VC_DSR_CDYN,Ukraine,105
2016,VC_DSR_CDYN,Ukraine,72
2017,VC_DSR_CDYN,Ukraine,269
2018,VC_DSR_CDYN,Ukraine,274
2019,VC_DSR_CDYN,Ukraine,321
2019,VC_DSR_CDYN,Uzbekistan,0
2021,VC_DSR_CDYN,Mexico,19
2020,VC_DSR_CDYN,Montenegro,13
2021,VC_DSR_CDYN,Montenegro,84
2017,VC_DSR_CDYN,Netherlands (Kingdom of the),0
2017,VC_DSR_CDYN,Netherlands (Kingdom of the),0
