Year,SeriesCode,Country,Value
2019,VC_DSR_OBDN,Australia,287268
2020,VC_DSR_OBDN,Australia,257797
2021,VC_DSR_OBDN,Australia,44897
2018,VC_DSR_OBDN,Austria,22
2020,VC_DSR_OBDN,Austria,13
2018,VC_DSR_OBDN,Armenia,4
2019,VC_DSR_OBDN,Armenia,34
2020,VC_DSR_OBDN,Armenia,24
2021,VC_DSR_OBDN,Armenia,29
2007,VC_DSR_OBDN,Bulgaria,1
2011,VC_DSR_OBDN,Bulgaria,1
2012,VC_DSR_OBDN,Bulgaria,6
2013,VC_DSR_OBDN,Bulgaria,1
2014,VC_DSR_OBDN,Bulgaria,5
2015,VC_DSR_OBDN,Bulgaria,11
2016,VC_DSR_OBDN,Bulgaria,5
2017,VC_DSR_OBDN,Bulgaria,0
2018,VC_DSR_OBDN,Bulgaria,34
2020,VC_DSR_OBDN,Bulgaria,6
2021,VC_DSR_OBDN,Bulgaria,69
2015,VC_DSR_OBDN,Belarus,0
2016,VC_DSR_OBDN,Belarus,0
2017,VC_DSR_OBDN,Belarus,0
2018,VC_DSR_OBDN,Belarus,0
2019,VC_DSR_OBDN,Belarus,0
2020,VC_DSR_OBDN,Belarus,0
2021,VC_DSR_OBDN,Belarus,0
2005,VC_DSR_OBDN,Chile,0
2006,VC_DSR_OBDN,Chile,0
2007,VC_DSR_OBDN,Chile,0
2008,VC_DSR_OBDN,Chile,0
2009,VC_DSR_OBDN,Chile,0
2010,VC_DSR_OBDN,Chile,1
2011,VC_DSR_OBDN,Chile,0
2012,VC_DSR_OBDN,Chile,0
2013,VC_DSR_OBDN,Chile,0
2014,VC_DSR_OBDN,Chile,0
2015,VC_DSR_OBDN,Chile,5
2016,VC_DSR_OBDN,Chile,3
2017,VC_DSR_OBDN,Chile,6
2018,VC_DSR_OBDN,Chile,0
2019,VC_DSR_OBDN,Chile,0
2020,VC_DSR_OBDN,Chile,0
2021,VC_DSR_OBDN,Chile,0
2005,VC_DSR_OBDN,Colombia,51
2006,VC_DSR_OBDN,Colombia,39
2007,VC_DSR_OBDN,Colombia,27
2008,VC_DSR_OBDN,Colombia,78
2009,VC_DSR_OBDN,Colombia,46
2010,VC_DSR_OBDN,Colombia,193
2011,VC_DSR_OBDN,Colombia,171
2012,VC_DSR_OBDN,Colombia,229
2013,VC_DSR_OBDN,Colombia,104
2014,VC_DSR_OBDN,Colombia,116
2015,VC_DSR_OBDN,Colombia,85
2016,VC_DSR_OBDN,Colombia,103
2017,VC_DSR_OBDN,Colombia,122
2018,VC_DSR_OBDN,Colombia,102
2019,VC_DSR_OBDN,Colombia,222
2020,VC_DSR_OBDN,Colombia,141
2021,VC_DSR_OBDN,Colombia,513
2005,VC_DSR_OBDN,Costa Rica,10
2006,VC_DSR_OBDN,Costa Rica,3
2007,VC_DSR_OBDN,Costa Rica,7
2008,VC_DSR_OBDN,Costa Rica,9
2009,VC_DSR_OBDN,Costa Rica,8
2010,VC_DSR_OBDN,Costa Rica,3
2011,VC_DSR_OBDN,Costa Rica,0
2012,VC_DSR_OBDN,Costa Rica,3
2013,VC_DSR_OBDN,Costa Rica,0
2014,VC_DSR_OBDN,Costa Rica,2
2015,VC_DSR_OBDN,Costa Rica,3
2016,VC_DSR_OBDN,Costa Rica,6
2017,VC_DSR_OBDN,Costa Rica,6
2018,VC_DSR_OBDN,Costa Rica,2
2019,VC_DSR_OBDN,Costa Rica,2
2020,VC_DSR_OBDN,Costa Rica,2
2021,VC_DSR_OBDN,Costa Rica,261
2017,VC_DSR_OBDN,Croatia,144
2005,VC_DSR_OBDN,Estonia,1
2006,VC_DSR_OBDN,Estonia,0
2007,VC_DSR_OBDN,Estonia,0
2008,VC_DSR_OBDN,Estonia,0
2009,VC_DSR_OBDN,Estonia,0
2010,VC_DSR_OBDN,Estonia,1
2011,VC_DSR_OBDN,Estonia,1
2012,VC_DSR_OBDN,Estonia,0
2013,VC_DSR_OBDN,Estonia,0
2014,VC_DSR_OBDN,Estonia,0
2015,VC_DSR_OBDN,Estonia,0
2016,VC_DSR_OBDN,Estonia,0
2017,VC_DSR_OBDN,Estonia,0
2018,VC_DSR_OBDN,Estonia,0
2015,VC_DSR_OBDN,Finland,22
2016,VC_DSR_OBDN,Finland,20
2017,VC_DSR_OBDN,Finland,16
2018,VC_DSR_OBDN,Finland,14
2015,VC_DSR_OBDN,Georgia,1
2016,VC_DSR_OBDN,Georgia,0
2019,VC_DSR_OBDN,Georgia,0
2020,VC_DSR_OBDN,Georgia,0
2021,VC_DSR_OBDN,Georgia,0
2020,VC_DSR_OBDN,Hungary,0
2021,VC_DSR_OBDN,Hungary,13
2015,VC_DSR_OBDN,Ireland,0
2016,VC_DSR_OBDN,Ireland,0
2017,VC_DSR_OBDN,Ireland,494001
2019,VC_DSR_OBDN,Japan,0
2020,VC_DSR_OBDN,Japan,0
2005,VC_DSR_OBDN,Kazakhstan,1
2006,VC_DSR_OBDN,Kazakhstan,1
2007,VC_DSR_OBDN,Kazakhstan,0
2008,VC_DSR_OBDN,Kazakhstan,0
2009,VC_DSR_OBDN,Kazakhstan,1
2010,VC_DSR_OBDN,Kazakhstan,0
2011,VC_DSR_OBDN,Kazakhstan,0
2012,VC_DSR_OBDN,Kazakhstan,0
2013,VC_DSR_OBDN,Kazakhstan,0
2014,VC_DSR_OBDN,Kazakhstan,1
2015,VC_DSR_OBDN,Kazakhstan,0
2016,VC_DSR_OBDN,Kazakhstan,1
2017,VC_DSR_OBDN,Kazakhstan,12
2018,VC_DSR_OBDN,Kazakhstan,5
2019,VC_DSR_OBDN,Kazakhstan,3
2020,VC_DSR_OBDN,Kazakhstan,4
2017,VC_DSR_OBDN,Republic of Korea,0
2015,VC_DSR_OBDN,Kyrgyzstan,12
2016,VC_DSR_OBDN,Kyrgyzstan,10
2017,VC_DSR_OBDN,Kyrgyzstan,9
2018,VC_DSR_OBDN,Kyrgyzstan,49
2019,VC_DSR_OBDN,Kyrgyzstan,29
2015,VC_DSR_OBDN,Mexico,13
2016,VC_DSR_OBDN,Mexico,7
2017,VC_DSR_OBDN,Mexico,55
2018,VC_DSR_OBDN,Mexico,30
2019,VC_DSR_OBDN,Mexico,14
2020,VC_DSR_OBDN,Mexico,19
2021,VC_DSR_OBDN,Mexico,0
2020,VC_DSR_OBDN,Montenegro,2
2021,VC_DSR_OBDN,Montenegro,1
2017,VC_DSR_OBDN,Netherlands (Kingdom of the),0
2019,VC_DSR_OBDN,Netherlands (Kingdom of the),0
2015,VC_DSR_OBDN,New Zealand,5
2016,VC_DSR_OBDN,New Zealand,14
2017,VC_DSR_OBDN,New Zealand,48
2018,VC_DSR_OBDN,New Zealand,331
2019,VC_DSR_OBDN,New Zealand,242
2020,VC_DSR_OBDN,New Zealand,22
2018,VC_DSR_OBDN,Romania,4
2019,VC_DSR_OBDN,Romania,0
2020,VC_DSR_OBDN,Romania,0
2021,VC_DSR_OBDN,Romania,0
2015,VC_DSR_OBDN,Sweden,0
2016,VC_DSR_OBDN,Sweden,0
2017,VC_DSR_OBDN,Sweden,0
2018,VC_DSR_OBDN,Sweden,0
2019,VC_DSR_OBDN,Sweden,0
2020,VC_DSR_OBDN,Sweden,1
2015,VC_DSR_OBDN,Türkiye,136
2016,VC_DSR_OBDN,Türkiye,20328
2017,VC_DSR_OBDN,Türkiye,733
2018,VC_DSR_OBDN,Türkiye,287
2019,VC_DSR_OBDN,Türkiye,865
2020,VC_DSR_OBDN,Türkiye,417
2005,VC_DSR_OBDN,Ukraine,31
2006,VC_DSR_OBDN,Ukraine,23
2007,VC_DSR_OBDN,Ukraine,30
2008,VC_DSR_OBDN,Ukraine,22
2009,VC_DSR_OBDN,Ukraine,31
2010,VC_DSR_OBDN,Ukraine,20
2011,VC_DSR_OBDN,Ukraine,2
2012,VC_DSR_OBDN,Ukraine,7
2013,VC_DSR_OBDN,Ukraine,10
2014,VC_DSR_OBDN,Ukraine,6
2015,VC_DSR_OBDN,Ukraine,4
2016,VC_DSR_OBDN,Ukraine,6
2018,VC_DSR_OBDN,Ukraine,5
2019,VC_DSR_OBDN,Ukraine,107
2020,VC_DSR_OBDN,Ukraine,9
2021,VC_DSR_OBDN,Ukraine,12
2019,VC_DSR_OBDN,Uzbekistan,0
2020,VC_DSR_OBDN,Uzbekistan,11733
2020,VC_DSR_OBDN,Uzbekistan,11733
