Year,SeriesCode,Country,Food Waste Sector,Value
2019,AG_FOOD_WST_PC,Albania,All or no breakdown,126.07151
2019,AG_FOOD_WST_PC,Albania,RTL,15.64016
2019,AG_FOOD_WST_PC,Albania,OOHC,27.64795
2019,AG_FOOD_WST_PC,Albania,HHS,82.7834
2019,AG_FOOD_WST_PC,Azerbaijan,HHS,93.04324
2019,AG_FOOD_WST_PC,Azerbaijan,OOHC,27.64802
2019,AG_FOOD_WST_PC,Azerbaijan,RTL,15.6402
2019,AG_FOOD_WST_PC,Azerbaijan,All or no breakdown,136.33146
2019,AG_FOOD_WST_PC,Australia,OOHC,21.67739
2019,AG_FOOD_WST_PC,Australia,HHS,101.69781
2019,AG_FOOD_WST_PC,Australia,All or no breakdown,132.82827
2019,AG_FOOD_WST_PC,Australia,RTL,9.45307
2019,AG_FOOD_WST_PC,Austria,All or no breakdown,76.01567
2019,AG_FOOD_WST_PC,Austria,OOHC,28.385
2019,AG_FOOD_WST_PC,Austria,HHS,38.99997
2019,AG_FOOD_WST_PC,Austria,RTL,8.63071
2019,AG_FOOD_WST_PC,Armenia,OOHC,27.64781
2019,AG_FOOD_WST_PC,Armenia,RTL,15.64008
2019,AG_FOOD_WST_PC,Armenia,All or no breakdown,136.33043
2019,AG_FOOD_WST_PC,Armenia,HHS,93.04253
2019,AG_FOOD_WST_PC,Belgium,HHS,49.9194
2019,AG_FOOD_WST_PC,Belgium,OOHC,19.70402
2019,AG_FOOD_WST_PC,Belgium,All or no breakdown,79.33804
2019,AG_FOOD_WST_PC,Belgium,RTL,9.71462
2019,AG_FOOD_WST_PC,Bosnia and Herzegovina,HHS,82.78382
2019,AG_FOOD_WST_PC,Bosnia and Herzegovina,OOHC,27.64809
2019,AG_FOOD_WST_PC,Bosnia and Herzegovina,All or no breakdown,126.07215
2019,AG_FOOD_WST_PC,Bosnia and Herzegovina,RTL,15.64024
2019,AG_FOOD_WST_PC,Bulgaria,All or no breakdown,111.6681
2019,AG_FOOD_WST_PC,Bulgaria,RTL,15.64019
2019,AG_FOOD_WST_PC,Bulgaria,OOHC,27.64801
2019,AG_FOOD_WST_PC,Bulgaria,HHS,68.3799
2019,AG_FOOD_WST_PC,Belarus,HHS,68.38
2019,AG_FOOD_WST_PC,Belarus,All or no breakdown,111.66826
2019,AG_FOOD_WST_PC,Belarus,OOHC,27.64805
2019,AG_FOOD_WST_PC,Belarus,RTL,15.64021
2019,AG_FOOD_WST_PC,Canada,RTL,12.8113
2019,AG_FOOD_WST_PC,Canada,HHS,78.54154
2019,AG_FOOD_WST_PC,Canada,OOHC,25.57039
2019,AG_FOOD_WST_PC,Canada,All or no breakdown,116.92323
2019,AG_FOOD_WST_PC,Chile,RTL,12.81129
2019,AG_FOOD_WST_PC,Chile,OOHC,25.57037
2019,AG_FOOD_WST_PC,Chile,HHS,73.92063
2019,AG_FOOD_WST_PC,Chile,All or no breakdown,112.30229
2019,AG_FOOD_WST_PC,China,All or no breakdown,125.15741
2019,AG_FOOD_WST_PC,China,HHS,63.91913
2019,AG_FOOD_WST_PC,China,OOHC,45.59805
2019,AG_FOOD_WST_PC,China,RTL,15.64023
2019,AG_FOOD_WST_PC,Colombia,HHS,70.43183
2019,AG_FOOD_WST_PC,Colombia,OOHC,27.64805
2019,AG_FOOD_WST_PC,Colombia,RTL,15.64022
2019,AG_FOOD_WST_PC,Colombia,All or no breakdown,113.72009
2019,AG_FOOD_WST_PC,Costa Rica,All or no breakdown,115.72136
2019,AG_FOOD_WST_PC,Costa Rica,HHS,72.43272
2019,AG_FOOD_WST_PC,Costa Rica,RTL,15.64035
2019,AG_FOOD_WST_PC,Costa Rica,OOHC,27.64829
2019,AG_FOOD_WST_PC,Croatia,HHS,84.2724
2019,AG_FOOD_WST_PC,Croatia,OOHC,25.57042
2019,AG_FOOD_WST_PC,Croatia,RTL,12.81131
2019,AG_FOOD_WST_PC,Croatia,All or no breakdown,122.65414
2019,AG_FOOD_WST_PC,Cyprus,All or no breakdown,132.91663
2019,AG_FOOD_WST_PC,Cyprus,HHS,94.53407
2019,AG_FOOD_WST_PC,Cyprus,RTL,12.81159
2019,AG_FOOD_WST_PC,Cyprus,OOHC,25.57097
2019,AG_FOOD_WST_PC,Czechia,All or no breakdown,108.25027
2019,AG_FOOD_WST_PC,Czechia,RTL,12.81129
2019,AG_FOOD_WST_PC,Czechia,OOHC,25.57039
2019,AG_FOOD_WST_PC,Czechia,HHS,69.86859
2019,AG_FOOD_WST_PC,Denmark,HHS,81.33385
2019,AG_FOOD_WST_PC,Denmark,OOHC,20.64047
2019,AG_FOOD_WST_PC,Denmark,All or no breakdown,131.77444
2019,AG_FOOD_WST_PC,Denmark,RTL,29.80012
2019,AG_FOOD_WST_PC,Estonia,All or no breakdown,98.81866
2019,AG_FOOD_WST_PC,Estonia,HHS,77.5043
2019,AG_FOOD_WST_PC,Estonia,RTL,4.70923
2019,AG_FOOD_WST_PC,Estonia,OOHC,16.60513
2019,AG_FOOD_WST_PC,Finland,HHS,65.42417
2019,AG_FOOD_WST_PC,Finland,All or no breakdown,101.54066
2019,AG_FOOD_WST_PC,Finland,OOHC,23.30508
2019,AG_FOOD_WST_PC,Finland,RTL,12.8114
2019,AG_FOOD_WST_PC,France,RTL,25.60379
2019,AG_FOOD_WST_PC,France,All or no breakdown,134.87704
2019,AG_FOOD_WST_PC,France,OOHC,24.48313
2019,AG_FOOD_WST_PC,France,HHS,84.79013
2019,AG_FOOD_WST_PC,Georgia,RTL,15.64038
2019,AG_FOOD_WST_PC,Georgia,OOHC,27.64834
2019,AG_FOOD_WST_PC,Georgia,HHS,100.97496
2019,AG_FOOD_WST_PC,Georgia,All or no breakdown,144.26367
2019,AG_FOOD_WST_PC,Germany,OOHC,20.57583
2019,AG_FOOD_WST_PC,Germany,HHS,74.99996
2019,AG_FOOD_WST_PC,Germany,All or no breakdown,101.54157
2019,AG_FOOD_WST_PC,Germany,RTL,5.96577
2019,AG_FOOD_WST_PC,Greece,All or no breakdown,174.64531
2019,AG_FOOD_WST_PC,Greece,RTL,7.38358
2019,AG_FOOD_WST_PC,Greece,OOHC,25.57054
2019,AG_FOOD_WST_PC,Greece,HHS,141.69119
2019,AG_FOOD_WST_PC,Hungary,RTL,12.81134
2019,AG_FOOD_WST_PC,Hungary,OOHC,25.57047
2019,AG_FOOD_WST_PC,Hungary,HHS,93.82541
2019,AG_FOOD_WST_PC,Hungary,All or no breakdown,132.20722
2019,AG_FOOD_WST_PC,Iceland,RTL,12.80991
2019,AG_FOOD_WST_PC,Iceland,OOHC,25.56763
2019,AG_FOOD_WST_PC,Iceland,All or no breakdown,114.5547
2019,AG_FOOD_WST_PC,Iceland,HHS,76.17717
2019,AG_FOOD_WST_PC,India,RTL,15.64023
2019,AG_FOOD_WST_PC,India,All or no breakdown,93.60978
2019,AG_FOOD_WST_PC,India,OOHC,27.64808
2019,AG_FOOD_WST_PC,India,HHS,50.32148
2019,AG_FOOD_WST_PC,Ireland,All or no breakdown,123.65779
2019,AG_FOOD_WST_PC,Ireland,RTL,12.81131
2019,AG_FOOD_WST_PC,Ireland,OOHC,56.14645
2019,AG_FOOD_WST_PC,Ireland,HHS,54.70002
2019,AG_FOOD_WST_PC,Israel,RTL,51.41187
2019,AG_FOOD_WST_PC,Israel,OOHC,27.43771
2019,AG_FOOD_WST_PC,Israel,All or no breakdown,178.43381
2019,AG_FOOD_WST_PC,Israel,HHS,99.58424
2019,AG_FOOD_WST_PC,Italy,OOHC,25.57042
2019,AG_FOOD_WST_PC,Italy,HHS,67.04872
2019,AG_FOOD_WST_PC,Italy,All or no breakdown,96.24509
2019,AG_FOOD_WST_PC,Italy,RTL,3.62595
2019,AG_FOOD_WST_PC,Japan,RTL,8.63397
2019,AG_FOOD_WST_PC,Japan,OOHC,14.74642
2019,AG_FOOD_WST_PC,Japan,HHS,64.32187
2019,AG_FOOD_WST_PC,Japan,All or no breakdown,87.70225
2019,AG_FOOD_WST_PC,Kazakhstan,RTL,15.6402
2019,AG_FOOD_WST_PC,Kazakhstan,OOHC,27.64803
2019,AG_FOOD_WST_PC,Kazakhstan,HHS,75.713
2019,AG_FOOD_WST_PC,Kazakhstan,All or no breakdown,119.00124
2019,AG_FOOD_WST_PC,Republic of Korea,RTL,12.8113
2019,AG_FOOD_WST_PC,Republic of Korea,OOHC,25.57041
2019,AG_FOOD_WST_PC,Republic of Korea,HHS,71.40539
2019,AG_FOOD_WST_PC,Republic of Korea,All or no breakdown,109.7871
2019,AG_FOOD_WST_PC,Kyrgyzstan,HHS,91.01687
2019,AG_FOOD_WST_PC,Kyrgyzstan,RTL,15.64035
2019,AG_FOOD_WST_PC,Kyrgyzstan,OOHC,27.64829
2019,AG_FOOD_WST_PC,Kyrgyzstan,All or no breakdown,134.30551
2019,AG_FOOD_WST_PC,Latvia,RTL,12.81104
2019,AG_FOOD_WST_PC,Latvia,OOHC,25.56988
2019,AG_FOOD_WST_PC,Latvia,HHS,76.18388
2019,AG_FOOD_WST_PC,Latvia,All or no breakdown,114.5648
2019,AG_FOOD_WST_PC,Liechtenstein,HHS,71.63744
2019,AG_FOOD_WST_PC,Liechtenstein,All or no breakdown,109.99897
2019,AG_FOOD_WST_PC,Liechtenstein,RTL,12.80457
2019,AG_FOOD_WST_PC,Liechtenstein,OOHC,25.55697
2019,AG_FOOD_WST_PC,Lithuania,RTL,12.81117
2019,AG_FOOD_WST_PC,Lithuania,OOHC,25.57013
2019,AG_FOOD_WST_PC,Lithuania,HHS,76.18462
2019,AG_FOOD_WST_PC,Lithuania,All or no breakdown,114.56592
2019,AG_FOOD_WST_PC,Luxembourg,OOHC,20.89898
2019,AG_FOOD_WST_PC,Luxembourg,HHS,89.24565
2019,AG_FOOD_WST_PC,Luxembourg,All or no breakdown,117.34428
2019,AG_FOOD_WST_PC,Luxembourg,RTL,7.19965
2019,AG_FOOD_WST_PC,Malta,RTL,12.81198
2019,AG_FOOD_WST_PC,Malta,OOHC,25.57175
2019,AG_FOOD_WST_PC,Malta,HHS,129.00674
2019,AG_FOOD_WST_PC,Malta,All or no breakdown,167.39047
2019,AG_FOOD_WST_PC,Mexico,HHS,93.90017
2019,AG_FOOD_WST_PC,Mexico,RTL,15.64023
2019,AG_FOOD_WST_PC,Mexico,OOHC,27.64807
2019,AG_FOOD_WST_PC,Mexico,All or no breakdown,137.18847
2019,AG_FOOD_WST_PC,Moldova,OOHC,27.64836
2019,AG_FOOD_WST_PC,Moldova,All or no breakdown,119.32114
2019,AG_FOOD_WST_PC,Moldova,RTL,15.64039
2019,AG_FOOD_WST_PC,Moldova,HHS,76.03239
2019,AG_FOOD_WST_PC,Montenegro,OOHC,27.6486
2019,AG_FOOD_WST_PC,Montenegro,RTL,15.64053
2019,AG_FOOD_WST_PC,Montenegro,HHS,82.78536
2019,AG_FOOD_WST_PC,Montenegro,All or no breakdown,126.07449
2019,AG_FOOD_WST_PC,Netherlands (Kingdom of the),OOHC,25.57038
2019,AG_FOOD_WST_PC,Netherlands (Kingdom of the),RTL,10.99999
2019,AG_FOOD_WST_PC,Netherlands (Kingdom of the),HHS,49.99993
2019,AG_FOOD_WST_PC,Netherlands (Kingdom of the),All or no breakdown,86.5703
2019,AG_FOOD_WST_PC,New Zealand,All or no breakdown,89.69113
2019,AG_FOOD_WST_PC,New Zealand,RTL,3.12002
2019,AG_FOOD_WST_PC,New Zealand,OOHC,25.57062
2019,AG_FOOD_WST_PC,New Zealand,HHS,61.00048
2019,AG_FOOD_WST_PC,Norway,All or no breakdown,97.53565
2019,AG_FOOD_WST_PC,Norway,HHS,78.8006
2019,AG_FOOD_WST_PC,Norway,RTL,13.77387
2019,AG_FOOD_WST_PC,Norway,OOHC,4.96118
2019,AG_FOOD_WST_PC,Poland,RTL,12.81132
2019,AG_FOOD_WST_PC,Poland,OOHC,25.57044
2019,AG_FOOD_WST_PC,Poland,HHS,55.94034
2019,AG_FOOD_WST_PC,Poland,All or no breakdown,94.3221
2019,AG_FOOD_WST_PC,Portugal,All or no breakdown,122.65437
2019,AG_FOOD_WST_PC,Portugal,HHS,84.27256
2019,AG_FOOD_WST_PC,Portugal,RTL,12.81134
2019,AG_FOOD_WST_PC,Portugal,OOHC,25.57047
2019,AG_FOOD_WST_PC,Romania,All or no breakdown,108.25063
2019,AG_FOOD_WST_PC,Romania,HHS,69.86882
2019,AG_FOOD_WST_PC,Romania,OOHC,25.57047
2019,AG_FOOD_WST_PC,Romania,RTL,12.81134
2019,AG_FOOD_WST_PC,Serbia,HHS,82.78351
2019,AG_FOOD_WST_PC,Serbia,RTL,15.64018
2019,AG_FOOD_WST_PC,Serbia,OOHC,5.99998
2019,AG_FOOD_WST_PC,Serbia,All or no breakdown,104.42367
2019,AG_FOOD_WST_PC,Slovakia,All or no breakdown,108.25016
2019,AG_FOOD_WST_PC,Slovakia,HHS,69.86852
2019,AG_FOOD_WST_PC,Slovakia,OOHC,25.57036
2019,AG_FOOD_WST_PC,Slovakia,RTL,12.81128
2019,AG_FOOD_WST_PC,Viet Nam,OOHC,27.64807
2019,AG_FOOD_WST_PC,Viet Nam,HHS,76.16169
2019,AG_FOOD_WST_PC,Viet Nam,All or no breakdown,119.44999
2019,AG_FOOD_WST_PC,Viet Nam,RTL,15.64023
2019,AG_FOOD_WST_PC,Slovenia,RTL,6.69192
2019,AG_FOOD_WST_PC,Slovenia,OOHC,20.08071
2019,AG_FOOD_WST_PC,Slovenia,HHS,34.20798
2019,AG_FOOD_WST_PC,Slovenia,All or no breakdown,60.9806
2019,AG_FOOD_WST_PC,Spain,RTL,12.81131
2019,AG_FOOD_WST_PC,Spain,HHS,77.32569
2019,AG_FOOD_WST_PC,Spain,All or no breakdown,115.70744
2019,AG_FOOD_WST_PC,Spain,OOHC,25.57043
2019,AG_FOOD_WST_PC,Sweden,RTL,10.00001
2019,AG_FOOD_WST_PC,Sweden,OOHC,20.50002
2019,AG_FOOD_WST_PC,Sweden,HHS,81.00007
2019,AG_FOOD_WST_PC,Sweden,All or no breakdown,111.5001
2019,AG_FOOD_WST_PC,Switzerland,RTL,12.81137
2019,AG_FOOD_WST_PC,Switzerland,HHS,71.67547
2019,AG_FOOD_WST_PC,Switzerland,OOHC,40.00018
2019,AG_FOOD_WST_PC,Switzerland,All or no breakdown,124.48701
2019,AG_FOOD_WST_PC,Tajikistan,All or no breakdown,140.51021
2019,AG_FOOD_WST_PC,Tajikistan,HHS,97.22201
2019,AG_FOOD_WST_PC,Tajikistan,OOHC,27.64801
2019,AG_FOOD_WST_PC,Tajikistan,RTL,15.64019
2019,AG_FOOD_WST_PC,United Arab Emirates,All or no breakdown,132.9134
2019,AG_FOOD_WST_PC,United Arab Emirates,HHS,94.53177
2019,AG_FOOD_WST_PC,United Arab Emirates,OOHC,25.57035
2019,AG_FOOD_WST_PC,United Arab Emirates,RTL,12.81128
2019,AG_FOOD_WST_PC,Türkiye,RTL,15.64023
2019,AG_FOOD_WST_PC,Türkiye,OOHC,27.64807
2019,AG_FOOD_WST_PC,Türkiye,HHS,93.04341
2019,AG_FOOD_WST_PC,Türkiye,All or no breakdown,136.33171
2019,AG_FOOD_WST_PC,Turkmenistan,RTL,15.64024
2019,AG_FOOD_WST_PC,Turkmenistan,OOHC,27.6481
2019,AG_FOOD_WST_PC,Turkmenistan,HHS,75.7132
2019,AG_FOOD_WST_PC,Turkmenistan,All or no breakdown,119.00154
2019,AG_FOOD_WST_PC,Ukraine,All or no breakdown,119.31978
2019,AG_FOOD_WST_PC,Ukraine,HHS,76.03152
2019,AG_FOOD_WST_PC,Ukraine,RTL,15.64021
2019,AG_FOOD_WST_PC,Ukraine,OOHC,27.64805
2019,AG_FOOD_WST_PC,North Macedonia,All or no breakdown,126.07462
2019,AG_FOOD_WST_PC,North Macedonia,HHS,82.78544
2019,AG_FOOD_WST_PC,North Macedonia,OOHC,27.64863
2019,AG_FOOD_WST_PC,North Macedonia,RTL,15.64054
2019,AG_FOOD_WST_PC,United Kingdom of Great Britain and Northern Ireland,OOHC,16.50001
2019,AG_FOOD_WST_PC,United Kingdom of Great Britain and Northern Ireland,All or no breakdown,97.70006
2019,AG_FOOD_WST_PC,United Kingdom of Great Britain and Northern Ireland,RTL,4.2
2019,AG_FOOD_WST_PC,United Kingdom of Great Britain and Northern Ireland,HHS,77.00004
2019,AG_FOOD_WST_PC,Uzbekistan,RTL,15.64022
2019,AG_FOOD_WST_PC,Uzbekistan,All or no breakdown,134.30442
2019,AG_FOOD_WST_PC,Uzbekistan,HHS,91.01614
2019,AG_FOOD_WST_PC,Uzbekistan,OOHC,27.64806
2019,AG_FOOD_WST_PC,Uzbekistan,OOHC,27.64806
