Year,SeriesCode,Country,Value
2000,EN_HAZ_GENV,Azerbaijan,26556.0
2001,EN_HAZ_GENV,Azerbaijan,16437.0
2002,EN_HAZ_GENV,Azerbaijan,9777.0
2003,EN_HAZ_GENV,Azerbaijan,26861.0
2004,EN_HAZ_GENV,Azerbaijan,11183.0
2005,EN_HAZ_GENV,Azerbaijan,12831.0
2006,EN_HAZ_GENV,Azerbaijan,29573.0
2007,EN_HAZ_GENV,Azerbaijan,10471.0
2008,EN_HAZ_GENV,Azerbaijan,24276.0
2009,EN_HAZ_GENV,Azerbaijan,131839.0
2010,EN_HAZ_GENV,Azerbaijan,139971.0
2011,EN_HAZ_GENV,Azerbaijan,185676.0
2012,EN_HAZ_GENV,Azerbaijan,296979.4062
2013,EN_HAZ_GENV,Azerbaijan,202882.0
2014,EN_HAZ_GENV,Azerbaijan,456625.0938
2015,EN_HAZ_GENV,Azerbaijan,191719.1
2016,EN_HAZ_GENV,Azerbaijan,628590.6
2017,EN_HAZ_GENV,Azerbaijan,187230.9
2018,EN_HAZ_GENV,Azerbaijan,319244.3
2019,EN_HAZ_GENV,Azerbaijan,296913.2
2020,EN_HAZ_GENV,Azerbaijan,283509.4
2021,EN_HAZ_GENV,Azerbaijan,245221.8
2004,EN_HAZ_GENV,Austria,1013727.0
2006,EN_HAZ_GENV,Austria,961899.0
2008,EN_HAZ_GENV,Austria,1329984.0
2010,EN_HAZ_GENV,Austria,1472864.0
2012,EN_HAZ_GENV,Austria,1065888.0
2014,EN_HAZ_GENV,Austria,1272288.0
2016,EN_HAZ_GENV,Austria,1260953.0
2018,EN_HAZ_GENV,Austria,1314176.0
2020,EN_HAZ_GENV,Austria,1287107.0
2000,EN_HAZ_GENV,Armenia,381578.0
2001,EN_HAZ_GENV,Armenia,375500.0
2002,EN_HAZ_GENV,Armenia,377900.0
2003,EN_HAZ_GENV,Armenia,344095.0
2004,EN_HAZ_GENV,Armenia,351400.0
2005,EN_HAZ_GENV,Armenia,346325.0
2006,EN_HAZ_GENV,Armenia,352279.0
2007,EN_HAZ_GENV,Armenia,362275.0
2008,EN_HAZ_GENV,Armenia,437258.53125
2009,EN_HAZ_GENV,Armenia,441023.5625
2010,EN_HAZ_GENV,Armenia,435397.78125
2011,EN_HAZ_GENV,Armenia,462895.8125
2012,EN_HAZ_GENV,Armenia,470505.6875
2013,EN_HAZ_GENV,Armenia,579049.8125
2014,EN_HAZ_GENV,Armenia,576419.375
2015,EN_HAZ_GENV,Armenia,555076.5625
2016,EN_HAZ_GENV,Armenia,615470.625
2017,EN_HAZ_GENV,Armenia,537813.6875
2018,EN_HAZ_GENV,Armenia,510858.5
2019,EN_HAZ_GENV,Armenia,570537.0
2004,EN_HAZ_GENV,Belgium,5197467.0
2006,EN_HAZ_GENV,Belgium,4039064.0
2008,EN_HAZ_GENV,Belgium,5918821.0
2010,EN_HAZ_GENV,Belgium,4767299.0
2012,EN_HAZ_GENV,Belgium,2785751.0
2014,EN_HAZ_GENV,Belgium,2961135.0
2016,EN_HAZ_GENV,Belgium,3812878.0
2018,EN_HAZ_GENV,Belgium,3915957.0
2020,EN_HAZ_GENV,Belgium,3945579.0
2008,EN_HAZ_GENV,Bosnia and Herzegovina,10588.0
2009,EN_HAZ_GENV,Bosnia and Herzegovina,9632.0
2010,EN_HAZ_GENV,Bosnia and Herzegovina,10320.0
2012,EN_HAZ_GENV,Bosnia and Herzegovina,945923.0
2014,EN_HAZ_GENV,Bosnia and Herzegovina,8703.0
2016,EN_HAZ_GENV,Bosnia and Herzegovina,13292.0
2018,EN_HAZ_GENV,Bosnia and Herzegovina,14162.0
2020,EN_HAZ_GENV,Bosnia and Herzegovina,9943.0
2004,EN_HAZ_GENV,Bulgaria,11897809.0
2006,EN_HAZ_GENV,Bulgaria,13551499.0
2008,EN_HAZ_GENV,Bulgaria,13042680.0
2010,EN_HAZ_GENV,Bulgaria,13553483.0
2012,EN_HAZ_GENV,Bulgaria,13407042.0
2014,EN_HAZ_GENV,Bulgaria,12206169.0
2016,EN_HAZ_GENV,Bulgaria,13328437.0
2018,EN_HAZ_GENV,Bulgaria,13432068.0
2020,EN_HAZ_GENV,Bulgaria,13951855.0
2000,EN_HAZ_GENV,Belarus,73043.0
2001,EN_HAZ_GENV,Belarus,99110.0
2002,EN_HAZ_GENV,Belarus,116854.0
2003,EN_HAZ_GENV,Belarus,123915.0
2004,EN_HAZ_GENV,Belarus,154200.0
2005,EN_HAZ_GENV,Belarus,192000.0
2006,EN_HAZ_GENV,Belarus,238800.0
2007,EN_HAZ_GENV,Belarus,322500.0
2008,EN_HAZ_GENV,Belarus,522100.0
2009,EN_HAZ_GENV,Belarus,760500.0
2010,EN_HAZ_GENV,Belarus,918200.0
2011,EN_HAZ_GENV,Belarus,943200.0
2012,EN_HAZ_GENV,Belarus,1322790.0
2013,EN_HAZ_GENV,Belarus,1415420.0
2014,EN_HAZ_GENV,Belarus,1724020.0
2015,EN_HAZ_GENV,Belarus,1207800.0
2016,EN_HAZ_GENV,Belarus,1626610.0
2017,EN_HAZ_GENV,Belarus,1668050.0
2018,EN_HAZ_GENV,Belarus,2199441.0
2019,EN_HAZ_GENV,Belarus,2065340.0
2020,EN_HAZ_GENV,Belarus,2286584.0
2021,EN_HAZ_GENV,Belarus,2022248.0
2000,EN_HAZ_GENV,China,8300000.0
2001,EN_HAZ_GENV,China,9520000.0
2002,EN_HAZ_GENV,China,10010000.0
2003,EN_HAZ_GENV,China,11700000.0
2004,EN_HAZ_GENV,China,9950000.0
2005,EN_HAZ_GENV,China,11620000.0
2006,EN_HAZ_GENV,China,10840000.0
2007,EN_HAZ_GENV,China,10790000.0
2008,EN_HAZ_GENV,China,13570000.0
2009,EN_HAZ_GENV,China,14300000.0
2010,EN_HAZ_GENV,China,15867500.0
2011,EN_HAZ_GENV,China,34312200.0
2012,EN_HAZ_GENV,China,34652400.0
2013,EN_HAZ_GENV,China,31568900.0
2014,EN_HAZ_GENV,China,36335200.0
2015,EN_HAZ_GENV,China,39761100.0
2016,EN_HAZ_GENV,China,52195000.0
2017,EN_HAZ_GENV,China,65813000.0
2018,EN_HAZ_GENV,China,74700000.0
2019,EN_HAZ_GENV,China,81260000.0
2020,EN_HAZ_GENV,China,72818100.0
2004,EN_HAZ_GENV,Croatia,113298.0
2006,EN_HAZ_GENV,Croatia,771116.0
2008,EN_HAZ_GENV,Croatia,221145.0
2010,EN_HAZ_GENV,Croatia,72553.0
2012,EN_HAZ_GENV,Croatia,121419.0
2014,EN_HAZ_GENV,Croatia,130239.0
2016,EN_HAZ_GENV,Croatia,174325.0
2018,EN_HAZ_GENV,Croatia,174350.0
2020,EN_HAZ_GENV,Croatia,186956.0
2004,EN_HAZ_GENV,Cyprus,111117.0
2006,EN_HAZ_GENV,Cyprus,16961.0
2008,EN_HAZ_GENV,Cyprus,23786.0
2010,EN_HAZ_GENV,Cyprus,37311.0
2012,EN_HAZ_GENV,Cyprus,31069.0
2014,EN_HAZ_GENV,Cyprus,173050.0
2016,EN_HAZ_GENV,Cyprus,159080.0
2018,EN_HAZ_GENV,Cyprus,224291.0
2020,EN_HAZ_GENV,Cyprus,30025.0
2004,EN_HAZ_GENV,Czechia,1446021.0
2006,EN_HAZ_GENV,Czechia,1307080.0
2008,EN_HAZ_GENV,Czechia,1510496.0
2010,EN_HAZ_GENV,Czechia,1362864.0
2012,EN_HAZ_GENV,Czechia,1481281.0
2014,EN_HAZ_GENV,Czechia,1162342.0
2016,EN_HAZ_GENV,Czechia,1088714.0
2018,EN_HAZ_GENV,Czechia,1690097.0
2020,EN_HAZ_GENV,Czechia,1759507.0
2004,EN_HAZ_GENV,Denmark,319672.0
2006,EN_HAZ_GENV,Denmark,372892.0
2008,EN_HAZ_GENV,Denmark,419646.0
2010,EN_HAZ_GENV,Denmark,1224795.0
2012,EN_HAZ_GENV,Denmark,1216905.0
2014,EN_HAZ_GENV,Denmark,1715907.0
2016,EN_HAZ_GENV,Denmark,2010740.0
2018,EN_HAZ_GENV,Denmark,2091941.0
2020,EN_HAZ_GENV,Denmark,1369108.0
2004,EN_HAZ_GENV,Estonia,7333269.0
2006,EN_HAZ_GENV,Estonia,6618811.0
2008,EN_HAZ_GENV,Estonia,7538297.0
2010,EN_HAZ_GENV,Estonia,8961708.0
2012,EN_HAZ_GENV,Estonia,9159139.0
2014,EN_HAZ_GENV,Estonia,10410321.0
2016,EN_HAZ_GENV,Estonia,9682164.0
2018,EN_HAZ_GENV,Estonia,10880287.0
2020,EN_HAZ_GENV,Estonia,1592190.0
2004,EN_HAZ_GENV,Finland,2153103.0
2006,EN_HAZ_GENV,Finland,2710948.0
2008,EN_HAZ_GENV,Finland,2163268.0
2010,EN_HAZ_GENV,Finland,2559417.0
2012,EN_HAZ_GENV,Finland,1653942.0
2014,EN_HAZ_GENV,Finland,1998693.0
2016,EN_HAZ_GENV,Finland,2388490.0
2018,EN_HAZ_GENV,Finland,1899442.0
2020,EN_HAZ_GENV,Finland,3272912.0
2004,EN_HAZ_GENV,France,8764275.0
2006,EN_HAZ_GENV,France,8888747.0
2008,EN_HAZ_GENV,France,10892900.0
2010,EN_HAZ_GENV,France,11538134.0
2012,EN_HAZ_GENV,France,11303137.0
2014,EN_HAZ_GENV,France,10782969.0
2016,EN_HAZ_GENV,France,11010303.0
2018,EN_HAZ_GENV,France,12098017.0
2020,EN_HAZ_GENV,France,11240840.0
2004,EN_HAZ_GENV,Germany,20000026.0
2006,EN_HAZ_GENV,Germany,21705416.0
2008,EN_HAZ_GENV,Germany,22323152.0
2010,EN_HAZ_GENV,Germany,19931452.0
2012,EN_HAZ_GENV,Germany,21983895.0
2014,EN_HAZ_GENV,Germany,21812660.0
2016,EN_HAZ_GENV,Germany,23039154.0
2018,EN_HAZ_GENV,Germany,24194136.0
2020,EN_HAZ_GENV,Germany,23415024.0
2004,EN_HAZ_GENV,Greece,336075.0
2006,EN_HAZ_GENV,Greece,274954.0
2008,EN_HAZ_GENV,Greece,252955.0
2010,EN_HAZ_GENV,Greece,291773.0
2012,EN_HAZ_GENV,Greece,297370.0
2014,EN_HAZ_GENV,Greece,221041.0
2016,EN_HAZ_GENV,Greece,504282.0
2018,EN_HAZ_GENV,Greece,618924.0
2020,EN_HAZ_GENV,Greece,552386.0
2004,EN_HAZ_GENV,Hungary,1364493.0
2006,EN_HAZ_GENV,Hungary,1300126.0
2008,EN_HAZ_GENV,Hungary,670613.0
2010,EN_HAZ_GENV,Hungary,540599.0
2012,EN_HAZ_GENV,Hungary,700246.0
2014,EN_HAZ_GENV,Hungary,596554.0
2016,EN_HAZ_GENV,Hungary,457139.0
2018,EN_HAZ_GENV,Hungary,542845.0
2020,EN_HAZ_GENV,Hungary,570196.0
2004,EN_HAZ_GENV,Iceland,8501.0
2008,EN_HAZ_GENV,Iceland,90484.0
2010,EN_HAZ_GENV,Iceland,8304.0
2012,EN_HAZ_GENV,Iceland,16263.0
2014,EN_HAZ_GENV,Iceland,36250.0
2016,EN_HAZ_GENV,Iceland,47857.0
2018,EN_HAZ_GENV,Iceland,32351.0
2020,EN_HAZ_GENV,Iceland,41459.0
2000,EN_HAZ_GENV,India,7243750.0
2006,EN_HAZ_GENV,India,8140000.0
2008,EN_HAZ_GENV,India,6232507.0
2011,EN_HAZ_GENV,India,7903628.0
2012,EN_HAZ_GENV,India,7900000.0
2014,EN_HAZ_GENV,India,7423002.0
2015,EN_HAZ_GENV,India,7803517.0
2016,EN_HAZ_GENV,India,5150470.6
2017,EN_HAZ_GENV,India,7172762.0
2018,EN_HAZ_GENV,India,9441872.0
2019,EN_HAZ_GENV,India,8639229.0
2004,EN_HAZ_GENV,Ireland,724345.0
2006,EN_HAZ_GENV,Ireland,708791.0
2008,EN_HAZ_GENV,Ireland,743418.0
2010,EN_HAZ_GENV,Ireland,1972204.0
2012,EN_HAZ_GENV,Ireland,478706.0
2014,EN_HAZ_GENV,Ireland,482907.0
2016,EN_HAZ_GENV,Ireland,533987.0
2018,EN_HAZ_GENV,Ireland,630526.0
2020,EN_HAZ_GENV,Ireland,886987.0
2004,EN_HAZ_GENV,Italy,6134449.0
2006,EN_HAZ_GENV,Italy,7464670.0
2008,EN_HAZ_GENV,Italy,6878155.0
2010,EN_HAZ_GENV,Italy,8543415.0
2012,EN_HAZ_GENV,Italy,8987032.0
2014,EN_HAZ_GENV,Italy,8877164.0
2016,EN_HAZ_GENV,Italy,9706964.0
2018,EN_HAZ_GENV,Italy,10137834.0
2020,EN_HAZ_GENV,Italy,9962282.0
2004,EN_HAZ_GENV,Kazakhstan,701317632.0
2005,EN_HAZ_GENV,Kazakhstan,1684318464.0
2006,EN_HAZ_GENV,Kazakhstan,263971104.0
2007,EN_HAZ_GENV,Kazakhstan,261188000.0
2008,EN_HAZ_GENV,Kazakhstan,453372992.0
2009,EN_HAZ_GENV,Kazakhstan,227555008.0
2010,EN_HAZ_GENV,Kazakhstan,303116992.0
2011,EN_HAZ_GENV,Kazakhstan,420668288.0
2012,EN_HAZ_GENV,Kazakhstan,355952512.0
2013,EN_HAZ_GENV,Kazakhstan,382214304.0
2014,EN_HAZ_GENV,Kazakhstan,337414784.0
2015,EN_HAZ_GENV,Kazakhstan,251565600.0
2016,EN_HAZ_GENV,Kazakhstan,151391104.0
2017,EN_HAZ_GENV,Kazakhstan,126874304.0
2018,EN_HAZ_GENV,Kazakhstan,149962400.0
2019,EN_HAZ_GENV,Kazakhstan,180506752.0
2000,EN_HAZ_GENV,Kyrgyzstan,6304093.0
2001,EN_HAZ_GENV,Kyrgyzstan,6229596.0
2002,EN_HAZ_GENV,Kyrgyzstan,6512801.0
2003,EN_HAZ_GENV,Kyrgyzstan,6421306.0
2004,EN_HAZ_GENV,Kyrgyzstan,6410924.0
2005,EN_HAZ_GENV,Kyrgyzstan,6206201.0
2006,EN_HAZ_GENV,Kyrgyzstan,5827043.0
2007,EN_HAZ_GENV,Kyrgyzstan,5546316.0
2008,EN_HAZ_GENV,Kyrgyzstan,5581166.0
2009,EN_HAZ_GENV,Kyrgyzstan,5683650.0
2010,EN_HAZ_GENV,Kyrgyzstan,5806791.5
2011,EN_HAZ_GENV,Kyrgyzstan,10152943.0
2012,EN_HAZ_GENV,Kyrgyzstan,4930215.5
2013,EN_HAZ_GENV,Kyrgyzstan,7957259.5
2014,EN_HAZ_GENV,Kyrgyzstan,10223015.0
2015,EN_HAZ_GENV,Kyrgyzstan,10498943.0
2016,EN_HAZ_GENV,Kyrgyzstan,12377486.0
2017,EN_HAZ_GENV,Kyrgyzstan,12648247.0
2004,EN_HAZ_GENV,Latvia,16955.0
2006,EN_HAZ_GENV,Latvia,65333.0
2008,EN_HAZ_GENV,Latvia,67462.0
2010,EN_HAZ_GENV,Latvia,67906.0
2012,EN_HAZ_GENV,Latvia,95114.0
2014,EN_HAZ_GENV,Latvia,104142.0
2016,EN_HAZ_GENV,Latvia,66223.0
2018,EN_HAZ_GENV,Latvia,77334.0
2020,EN_HAZ_GENV,Latvia,141420.0
2006,EN_HAZ_GENV,Liechtenstein,10555.60938
2007,EN_HAZ_GENV,Liechtenstein,46453.41406
2008,EN_HAZ_GENV,Liechtenstein,7204.0
2009,EN_HAZ_GENV,Liechtenstein,8160.271
2010,EN_HAZ_GENV,Liechtenstein,8354.0
2011,EN_HAZ_GENV,Liechtenstein,17465.87305
2012,EN_HAZ_GENV,Liechtenstein,3642.0
2013,EN_HAZ_GENV,Liechtenstein,14330.74902
2014,EN_HAZ_GENV,Liechtenstein,5744.0
2015,EN_HAZ_GENV,Liechtenstein,7795.18115
2016,EN_HAZ_GENV,Liechtenstein,3627.0
2017,EN_HAZ_GENV,Liechtenstein,9313.35742
2018,EN_HAZ_GENV,Liechtenstein,2649.0
2019,EN_HAZ_GENV,Liechtenstein,7739.37842
2004,EN_HAZ_GENV,Lithuania,89670.0
2006,EN_HAZ_GENV,Lithuania,95178.0
2008,EN_HAZ_GENV,Lithuania,115719.0
2010,EN_HAZ_GENV,Lithuania,105323.0
2012,EN_HAZ_GENV,Lithuania,136786.0
2014,EN_HAZ_GENV,Lithuania,165477.0
2016,EN_HAZ_GENV,Lithuania,175951.0
2018,EN_HAZ_GENV,Lithuania,192865.0
2020,EN_HAZ_GENV,Lithuania,257581.0
2004,EN_HAZ_GENV,Luxembourg,123852.0
2006,EN_HAZ_GENV,Luxembourg,233895.0
2008,EN_HAZ_GENV,Luxembourg,199115.0
2010,EN_HAZ_GENV,Luxembourg,380072.0
2012,EN_HAZ_GENV,Luxembourg,315082.0
2014,EN_HAZ_GENV,Luxembourg,237180.0
2016,EN_HAZ_GENV,Luxembourg,356553.0
2018,EN_HAZ_GENV,Luxembourg,430597.0
2020,EN_HAZ_GENV,Luxembourg,250145.0
2004,EN_HAZ_GENV,Malta,44105.0
2006,EN_HAZ_GENV,Malta,51012.0
2008,EN_HAZ_GENV,Malta,55267.0
2010,EN_HAZ_GENV,Malta,24856.0
2012,EN_HAZ_GENV,Malta,37987.0
2014,EN_HAZ_GENV,Malta,36654.0
2016,EN_HAZ_GENV,Malta,134001.0
2018,EN_HAZ_GENV,Malta,30316.0
2020,EN_HAZ_GENV,Malta,41546.0
2000,EN_HAZ_GENV,Moldova,2906.0
2001,EN_HAZ_GENV,Moldova,2286.0
2002,EN_HAZ_GENV,Moldova,2287.0
2003,EN_HAZ_GENV,Moldova,3592.0
2004,EN_HAZ_GENV,Moldova,1929.0
2005,EN_HAZ_GENV,Moldova,1737.0
2006,EN_HAZ_GENV,Moldova,1706.0
2007,EN_HAZ_GENV,Moldova,2592.0
2008,EN_HAZ_GENV,Moldova,1475.0
2009,EN_HAZ_GENV,Moldova,1690.0
2010,EN_HAZ_GENV,Moldova,899.0
2011,EN_HAZ_GENV,Moldova,3106.1001
2012,EN_HAZ_GENV,Moldova,3880.80005
2013,EN_HAZ_GENV,Moldova,4160.2002
2014,EN_HAZ_GENV,Moldova,1262.69995
2015,EN_HAZ_GENV,Moldova,7261.3999
2016,EN_HAZ_GENV,Moldova,6116.29981
2017,EN_HAZ_GENV,Moldova,8695.40039
2018,EN_HAZ_GENV,Moldova,10978.90039
2019,EN_HAZ_GENV,Moldova,8656.0
2012,EN_HAZ_GENV,Montenegro,209280.0
2014,EN_HAZ_GENV,Montenegro,270823.0
2016,EN_HAZ_GENV,Montenegro,326787.0
2018,EN_HAZ_GENV,Montenegro,339524.0
2020,EN_HAZ_GENV,Montenegro,343884.0
2004,EN_HAZ_GENV,Netherlands (Kingdom of the),2136411.0
2006,EN_HAZ_GENV,Netherlands (Kingdom of the),5135703.0
2008,EN_HAZ_GENV,Netherlands (Kingdom of the),4453991.0
2010,EN_HAZ_GENV,Netherlands (Kingdom of the),4486479.0
2012,EN_HAZ_GENV,Netherlands (Kingdom of the),4855399.0
2014,EN_HAZ_GENV,Netherlands (Kingdom of the),4832314.0
2016,EN_HAZ_GENV,Netherlands (Kingdom of the),5134155.0
2018,EN_HAZ_GENV,Netherlands (Kingdom of the),5129285.0
2020,EN_HAZ_GENV,Netherlands (Kingdom of the),5021596.0
2004,EN_HAZ_GENV,Norway,669983.0
2006,EN_HAZ_GENV,Norway,1217807.0
2008,EN_HAZ_GENV,Norway,1447674.0
2010,EN_HAZ_GENV,Norway,1763033.0
2012,EN_HAZ_GENV,Norway,1357843.0
2014,EN_HAZ_GENV,Norway,1592280.0
2016,EN_HAZ_GENV,Norway,1621059.0
2018,EN_HAZ_GENV,Norway,1634612.0
2020,EN_HAZ_GENV,Norway,1865604.0
2004,EN_HAZ_GENV,Poland,1612213.0
2006,EN_HAZ_GENV,Poland,2380676.0
2008,EN_HAZ_GENV,Poland,1468317.0
2010,EN_HAZ_GENV,Poland,1491845.0
2012,EN_HAZ_GENV,Poland,1737024.0
2014,EN_HAZ_GENV,Poland,1681037.0
2016,EN_HAZ_GENV,Poland,1917134.0
2018,EN_HAZ_GENV,Poland,3804728.0
2020,EN_HAZ_GENV,Poland,2254848.0
2004,EN_HAZ_GENV,Portugal,2263203.0
2006,EN_HAZ_GENV,Portugal,6063104.0
2008,EN_HAZ_GENV,Portugal,564884.0
2010,EN_HAZ_GENV,Portugal,681193.0
2012,EN_HAZ_GENV,Portugal,733856.0
2014,EN_HAZ_GENV,Portugal,738249.0
2016,EN_HAZ_GENV,Portugal,834601.0
2018,EN_HAZ_GENV,Portugal,1114664.0
2020,EN_HAZ_GENV,Portugal,935261.0
2004,EN_HAZ_GENV,Romania,2293510.0
2006,EN_HAZ_GENV,Romania,1054266.0
2008,EN_HAZ_GENV,Romania,530753.0
2010,EN_HAZ_GENV,Romania,695689.0
2012,EN_HAZ_GENV,Romania,689251.0
2014,EN_HAZ_GENV,Romania,590299.0
2016,EN_HAZ_GENV,Romania,624979.0
2018,EN_HAZ_GENV,Romania,736850.0
2020,EN_HAZ_GENV,Romania,774611.0
2008,EN_HAZ_GENV,Serbia,8327685.0
2009,EN_HAZ_GENV,Serbia,10026534.0
2010,EN_HAZ_GENV,Serbia,11161172.0
2011,EN_HAZ_GENV,Serbia,12796202.0
2012,EN_HAZ_GENV,Serbia,14457178.0
2013,EN_HAZ_GENV,Serbia,16762223.0
2014,EN_HAZ_GENV,Serbia,13475027.0
2015,EN_HAZ_GENV,Serbia,16571268.0
2016,EN_HAZ_GENV,Serbia,17230470.0
2018,EN_HAZ_GENV,Serbia,15355003.0
2020,EN_HAZ_GENV,Serbia,11348113.0
2004,EN_HAZ_GENV,Slovakia,422274.0
2006,EN_HAZ_GENV,Slovakia,532941.0
2008,EN_HAZ_GENV,Slovakia,527205.0
2010,EN_HAZ_GENV,Slovakia,415479.0
2012,EN_HAZ_GENV,Slovakia,370223.0
2014,EN_HAZ_GENV,Slovakia,371214.0
2016,EN_HAZ_GENV,Slovakia,496126.0
2018,EN_HAZ_GENV,Slovakia,450121.0
2020,EN_HAZ_GENV,Slovakia,435871.0
2004,EN_HAZ_GENV,Slovenia,107906.0
2006,EN_HAZ_GENV,Slovenia,116405.0
2008,EN_HAZ_GENV,Slovenia,152744.0
2010,EN_HAZ_GENV,Slovenia,117180.0
2012,EN_HAZ_GENV,Slovenia,133334.0
2014,EN_HAZ_GENV,Slovenia,155229.0
2016,EN_HAZ_GENV,Slovenia,123617.0
2018,EN_HAZ_GENV,Slovenia,128974.0
2020,EN_HAZ_GENV,Slovenia,132589.0
2004,EN_HAZ_GENV,Spain,3116013.0
2006,EN_HAZ_GENV,Spain,4028246.0
2008,EN_HAZ_GENV,Spain,3648602.0
2010,EN_HAZ_GENV,Spain,2991152.0
2012,EN_HAZ_GENV,Spain,3113947.0
2014,EN_HAZ_GENV,Spain,2984518.0
2016,EN_HAZ_GENV,Spain,3183846.0
2018,EN_HAZ_GENV,Spain,3224197.0
2020,EN_HAZ_GENV,Spain,3304798.0
2004,EN_HAZ_GENV,Sweden,1624770.0
2006,EN_HAZ_GENV,Sweden,2654038.0
2008,EN_HAZ_GENV,Sweden,2063389.0
2010,EN_HAZ_GENV,Sweden,2527760.0
2012,EN_HAZ_GENV,Sweden,2696749.0
2014,EN_HAZ_GENV,Sweden,2568154.0
2016,EN_HAZ_GENV,Sweden,2379232.0
2018,EN_HAZ_GENV,Sweden,2882135.0
2020,EN_HAZ_GENV,Sweden,7948614.0
2010,EN_HAZ_GENV,United Arab Emirates,340683.1875
2011,EN_HAZ_GENV,United Arab Emirates,370319.28125
2012,EN_HAZ_GENV,United Arab Emirates,369002.25
2013,EN_HAZ_GENV,United Arab Emirates,373759.25
2014,EN_HAZ_GENV,United Arab Emirates,436258.46875
2015,EN_HAZ_GENV,United Arab Emirates,416104.40625
2016,EN_HAZ_GENV,United Arab Emirates,368564.1875
2017,EN_HAZ_GENV,United Arab Emirates,510591.96875
2018,EN_HAZ_GENV,United Arab Emirates,610965.8125
2019,EN_HAZ_GENV,United Arab Emirates,697362.375
2004,EN_HAZ_GENV,Türkiye,997579.0
2006,EN_HAZ_GENV,Türkiye,10796.0
2008,EN_HAZ_GENV,Türkiye,1018283.0
2010,EN_HAZ_GENV,Türkiye,3225786.0
2012,EN_HAZ_GENV,Türkiye,3988200.0
2014,EN_HAZ_GENV,Türkiye,3432419.0
2016,EN_HAZ_GENV,Türkiye,5550818.0
2018,EN_HAZ_GENV,Türkiye,14917926.0
2020,EN_HAZ_GENV,Türkiye,30658363.0
2000,EN_HAZ_GENV,Ukraine,2613226.0
2001,EN_HAZ_GENV,Ukraine,2543350.0
2002,EN_HAZ_GENV,Ukraine,1728783.0
2003,EN_HAZ_GENV,Ukraine,2436889.0
2004,EN_HAZ_GENV,Ukraine,2420297.0
2005,EN_HAZ_GENV,Ukraine,2411759.0
2006,EN_HAZ_GENV,Ukraine,2370943.0
2007,EN_HAZ_GENV,Ukraine,2585235.0
2008,EN_HAZ_GENV,Ukraine,2301244.0
2009,EN_HAZ_GENV,Ukraine,1230338.0
2010,EN_HAZ_GENV,Ukraine,1659958.0
2011,EN_HAZ_GENV,Ukraine,1434481.0
2012,EN_HAZ_GENV,Ukraine,1368173.0
2013,EN_HAZ_GENV,Ukraine,923777.0
2014,EN_HAZ_GENV,Ukraine,739750.0
2015,EN_HAZ_GENV,Ukraine,587344.0
2016,EN_HAZ_GENV,Ukraine,620965.0
2017,EN_HAZ_GENV,Ukraine,605284.0
2018,EN_HAZ_GENV,Ukraine,627416.0
2019,EN_HAZ_GENV,Ukraine,552977.0
2008,EN_HAZ_GENV,North Macedonia,6441.0
2010,EN_HAZ_GENV,North Macedonia,149534.0
2012,EN_HAZ_GENV,North Macedonia,678568.0
2014,EN_HAZ_GENV,North Macedonia,40797.0
2016,EN_HAZ_GENV,North Macedonia,57005.0
2018,EN_HAZ_GENV,North Macedonia,20471.0
2020,EN_HAZ_GENV,North Macedonia,418177.0
2004,EN_HAZ_GENV,United Kingdom of Great Britain and Northern Ireland,7972970.0
2006,EN_HAZ_GENV,United Kingdom of Great Britain and Northern Ireland,8448468.0
2008,EN_HAZ_GENV,United Kingdom of Great Britain and Northern Ireland,7285198.0
2010,EN_HAZ_GENV,United Kingdom of Great Britain and Northern Ireland,5242857.0
2012,EN_HAZ_GENV,United Kingdom of Great Britain and Northern Ireland,5780729.0
2014,EN_HAZ_GENV,United Kingdom of Great Britain and Northern Ireland,5606753.0
2016,EN_HAZ_GENV,United Kingdom of Great Britain and Northern Ireland,6038339.0
2018,EN_HAZ_GENV,United Kingdom of Great Britain and Northern Ireland,6194999.0
2014,EN_HAZ_GENV,Uzbekistan,38502.2
2015,EN_HAZ_GENV,Uzbekistan,39417.6
2016,EN_HAZ_GENV,Uzbekistan,42876.2
2017,EN_HAZ_GENV,Uzbekistan,84423.0
2018,EN_HAZ_GENV,Uzbekistan,94269.7
2019,EN_HAZ_GENV,Uzbekistan,90783.7
2020,EN_HAZ_GENV,Uzbekistan,92736.0
2021,EN_HAZ_GENV,Uzbekistan,93649.9
2021,EN_HAZ_GENV,Uzbekistan,93649.9
