Year,SeriesCode,Country,Type of waste treatment,Value
2013,EN_MWT_TREATR,Albania,INCINRT,8.82979
2014,EN_MWT_TREATR,Albania,INCINRT,3.09194
2015,EN_MWT_TREATR,Albania,INCINRT,2.54777
2016,EN_MWT_TREATR,Albania,INCINRT_EGY,4.61538
2016,EN_MWT_TREATR,Albania,INCINRT,3.15385
2017,EN_MWT_TREATR,Albania,INCINRT,1.5949
2017,EN_MWT_TREATR,Albania,INCINRT_EGY,3.42903
2018,EN_MWT_TREATR,Albania,INCINRT,1.96226
2018,EN_MWT_TREATR,Albania,INCINRT_EGY,4.75472
2019,EN_MWT_TREATR,Albania,INCINRT_EGY,1.10396
2019,EN_MWT_TREATR,Albania,INCINRT,0.18399
2020,EN_MWT_TREATR,Albania,INCINRT_EGY,1.14504
2020,EN_MWT_TREATR,Albania,INCINRT,0.09542
2021,EN_MWT_TREATR,Albania,INCINRT_EGY,2.05714
2021,EN_MWT_TREATR,Albania,INCINRT,0.0
2000,EN_MWT_TREATR,Austria,INCINRT,0.0
2000,EN_MWT_TREATR,Austria,INCINRT_EGY,11.23547
2001,EN_MWT_TREATR,Austria,INCINRT,0.0
2001,EN_MWT_TREATR,Austria,INCINRT_EGY,11.24299
2002,EN_MWT_TREATR,Austria,INCINRT,0.0
2002,EN_MWT_TREATR,Austria,INCINRT_EGY,10.78551
2003,EN_MWT_TREATR,Austria,INCINRT_EGY,12.00324
2003,EN_MWT_TREATR,Austria,INCINRT,0.0
2004,EN_MWT_TREATR,Austria,INCINRT_EGY,29.44314
2004,EN_MWT_TREATR,Austria,INCINRT,0.0
2005,EN_MWT_TREATR,Austria,INCINRT,0.0
2005,EN_MWT_TREATR,Austria,INCINRT_EGY,27.68385
2006,EN_MWT_TREATR,Austria,INCINRT_EGY,28.98845
2006,EN_MWT_TREATR,Austria,INCINRT,0.0
2007,EN_MWT_TREATR,Austria,INCINRT_EGY,29.34761
2007,EN_MWT_TREATR,Austria,INCINRT,0.0
2008,EN_MWT_TREATR,Austria,INCINRT,0.0
2008,EN_MWT_TREATR,Austria,INCINRT_EGY,27.15629
2009,EN_MWT_TREATR,Austria,INCINRT,0.0
2009,EN_MWT_TREATR,Austria,INCINRT_EGY,29.26235
2010,EN_MWT_TREATR,Austria,INCINRT_EGY,34.80111
2010,EN_MWT_TREATR,Austria,INCINRT,0.0
2011,EN_MWT_TREATR,Austria,INCINRT,0.0
2011,EN_MWT_TREATR,Austria,INCINRT_EGY,34.90743
2012,EN_MWT_TREATR,Austria,INCINRT_EGY,34.67131
2012,EN_MWT_TREATR,Austria,INCINRT,0.0
2013,EN_MWT_TREATR,Austria,INCINRT_EGY,34.98471
2013,EN_MWT_TREATR,Austria,INCINRT,0.0
2014,EN_MWT_TREATR,Austria,INCINRT,0.0
2014,EN_MWT_TREATR,Austria,INCINRT_EGY,36.33354
2015,EN_MWT_TREATR,Austria,INCINRT_EGY,37.90323
2015,EN_MWT_TREATR,Austria,INCINRT,0.0
2016,EN_MWT_TREATR,Austria,INCINRT_EGY,37.64205
2016,EN_MWT_TREATR,Austria,INCINRT,0.0
2017,EN_MWT_TREATR,Austria,INCINRT_EGY,38.74053
2017,EN_MWT_TREATR,Austria,INCINRT,0.0
2018,EN_MWT_TREATR,Austria,INCINRT,0.0
2018,EN_MWT_TREATR,Austria,INCINRT_EGY,38.62082
2019,EN_MWT_TREATR,Austria,INCINRT_EGY,38.3908
2019,EN_MWT_TREATR,Austria,INCINRT,0.0
2020,EN_MWT_TREATR,Austria,INCINRT_EGY,35.8833
2020,EN_MWT_TREATR,Austria,INCINRT,0.09411
2000,EN_MWT_TREATR,Armenia,LANDFILCTL,100.0
2000,EN_MWT_TREATR,Armenia,OTHERWM,100.0
2000,EN_MWT_TREATR,Armenia,LANDFIL,100.0
2001,EN_MWT_TREATR,Armenia,LANDFILCTL,100.0
2001,EN_MWT_TREATR,Armenia,OTHERWM,100.0
2001,EN_MWT_TREATR,Armenia,LANDFIL,100.0
2002,EN_MWT_TREATR,Armenia,LANDFIL,100.0
2002,EN_MWT_TREATR,Armenia,LANDFILCTL,100.0
2002,EN_MWT_TREATR,Armenia,OTHERWM,100.0
2003,EN_MWT_TREATR,Armenia,LANDFILCTL,100.0
2003,EN_MWT_TREATR,Armenia,OTHERWM,100.0
2003,EN_MWT_TREATR,Armenia,LANDFIL,100.0
2004,EN_MWT_TREATR,Armenia,LANDFILCTL,100.0
2004,EN_MWT_TREATR,Armenia,OTHERWM,100.0
2004,EN_MWT_TREATR,Armenia,LANDFIL,100.0
2005,EN_MWT_TREATR,Armenia,LANDFIL,100.0
2005,EN_MWT_TREATR,Armenia,LANDFILCTL,100.0
2005,EN_MWT_TREATR,Armenia,OTHERWM,100.0
2006,EN_MWT_TREATR,Armenia,OTHERWM,100.0
2006,EN_MWT_TREATR,Armenia,LANDFILCTL,100.0
2006,EN_MWT_TREATR,Armenia,LANDFIL,100.0
2007,EN_MWT_TREATR,Armenia,LANDFILCTL,100.0
2007,EN_MWT_TREATR,Armenia,LANDFIL,100.0
2007,EN_MWT_TREATR,Armenia,OTHERWM,100.0
2008,EN_MWT_TREATR,Armenia,LANDFILCTL,100.0
2008,EN_MWT_TREATR,Armenia,OTHERWM,100.0
2008,EN_MWT_TREATR,Armenia,LANDFIL,100.0
2009,EN_MWT_TREATR,Armenia,LANDFILCTL,100.0
2009,EN_MWT_TREATR,Armenia,LANDFIL,100.0
2009,EN_MWT_TREATR,Armenia,OTHERWM,100.0
2010,EN_MWT_TREATR,Armenia,LANDFIL,100.0
2010,EN_MWT_TREATR,Armenia,OTHERWM,100.0
2010,EN_MWT_TREATR,Armenia,LANDFILCTL,100.0
2011,EN_MWT_TREATR,Armenia,LANDFIL,100.0
2011,EN_MWT_TREATR,Armenia,LANDFILCTL,100.0
2011,EN_MWT_TREATR,Armenia,OTHERWM,100.0
2012,EN_MWT_TREATR,Armenia,LANDFIL,100.0
2012,EN_MWT_TREATR,Armenia,LANDFILCTL,100.0
2012,EN_MWT_TREATR,Armenia,OTHERWM,100.0
2013,EN_MWT_TREATR,Armenia,LANDFILCTL,100.0
2013,EN_MWT_TREATR,Armenia,LANDFIL,100.0
2013,EN_MWT_TREATR,Armenia,OTHERWM,100.0
2014,EN_MWT_TREATR,Armenia,LANDFIL,100.0
2014,EN_MWT_TREATR,Armenia,OTHERWM,100.0
2014,EN_MWT_TREATR,Armenia,LANDFILCTL,100.0
2015,EN_MWT_TREATR,Armenia,OTHERWM,100.0
2015,EN_MWT_TREATR,Armenia,LANDFIL,100.0
2015,EN_MWT_TREATR,Armenia,LANDFILCTL,100.0
2016,EN_MWT_TREATR,Armenia,LANDFIL,100.0
2016,EN_MWT_TREATR,Armenia,OTHERWM,100.0
2016,EN_MWT_TREATR,Armenia,LANDFILCTL,100.0
2017,EN_MWT_TREATR,Armenia,LANDFILCTL,100.0
2017,EN_MWT_TREATR,Armenia,OTHERWM,100.0
2017,EN_MWT_TREATR,Armenia,LANDFIL,100.0
2018,EN_MWT_TREATR,Armenia,LANDFIL,100.0
2018,EN_MWT_TREATR,Armenia,LANDFILCTL,100.0
2018,EN_MWT_TREATR,Armenia,OTHERWM,100.0
2019,EN_MWT_TREATR,Armenia,LANDFIL,100.0
2019,EN_MWT_TREATR,Armenia,OTHERWM,100.0
2019,EN_MWT_TREATR,Armenia,LANDFILCTL,100.0
2000,EN_MWT_TREATR,Belgium,INCINRT_EGY,33.57483
2000,EN_MWT_TREATR,Belgium,INCINRT,3.04285
2001,EN_MWT_TREATR,Belgium,INCINRT_EGY,32.25739
2001,EN_MWT_TREATR,Belgium,INCINRT,3.41524
2002,EN_MWT_TREATR,Belgium,INCINRT,3.91488
2002,EN_MWT_TREATR,Belgium,INCINRT_EGY,35.31419
2003,EN_MWT_TREATR,Belgium,INCINRT_EGY,37.41708
2003,EN_MWT_TREATR,Belgium,INCINRT,3.52405
2004,EN_MWT_TREATR,Belgium,INCINRT_EGY,35.54062
2004,EN_MWT_TREATR,Belgium,INCINRT,2.37201
2005,EN_MWT_TREATR,Belgium,INCINRT,2.29612
2005,EN_MWT_TREATR,Belgium,INCINRT_EGY,37.33175
2006,EN_MWT_TREATR,Belgium,INCINRT_EGY,34.87781
2006,EN_MWT_TREATR,Belgium,INCINRT,0.43011
2007,EN_MWT_TREATR,Belgium,INCINRT,0.93458
2007,EN_MWT_TREATR,Belgium,INCINRT_EGY,37.72649
2008,EN_MWT_TREATR,Belgium,INCINRT_EGY,38.3583
2008,EN_MWT_TREATR,Belgium,INCINRT,2.0035
2009,EN_MWT_TREATR,Belgium,INCINRT_EGY,37.72313
2009,EN_MWT_TREATR,Belgium,INCINRT,1.96351
2010,EN_MWT_TREATR,Belgium,INCINRT,1.81014
2010,EN_MWT_TREATR,Belgium,INCINRT_EGY,39.0185
2011,EN_MWT_TREATR,Belgium,INCINRT,2.80709
2011,EN_MWT_TREATR,Belgium,INCINRT_EGY,39.89648
2012,EN_MWT_TREATR,Belgium,INCINRT,2.79126
2012,EN_MWT_TREATR,Belgium,INCINRT_EGY,41.40372
2013,EN_MWT_TREATR,Belgium,INCINRT_EGY,43.78467
2013,EN_MWT_TREATR,Belgium,INCINRT,2.05465
2014,EN_MWT_TREATR,Belgium,INCINRT,0.81898
2014,EN_MWT_TREATR,Belgium,INCINRT_EGY,43.63713
2015,EN_MWT_TREATR,Belgium,INCINRT_EGY,44.15249
2015,EN_MWT_TREATR,Belgium,INCINRT,0.77536
2016,EN_MWT_TREATR,Belgium,INCINRT,1.01138
2016,EN_MWT_TREATR,Belgium,INCINRT_EGY,44.5217
2017,EN_MWT_TREATR,Belgium,INCINRT_EGY,42.85103
2017,EN_MWT_TREATR,Belgium,INCINRT,0.81336
2018,EN_MWT_TREATR,Belgium,INCINRT,0.83387
2018,EN_MWT_TREATR,Belgium,INCINRT_EGY,43.23284
2019,EN_MWT_TREATR,Belgium,INCINRT_EGY,42.83323
2019,EN_MWT_TREATR,Belgium,INCINRT,0.52312
2020,EN_MWT_TREATR,Belgium,INCINRT,0.0
2020,EN_MWT_TREATR,Belgium,INCINRT_EGY,48.9058
2021,EN_MWT_TREATR,Belgium,INCINRT_EGY,48.44798
2021,EN_MWT_TREATR,Belgium,INCINRT,0.02274
2008,EN_MWT_TREATR,Bosnia and Herzegovina,INCINRT_EGY,0.0
2008,EN_MWT_TREATR,Bosnia and Herzegovina,INCINRT,0.0
2009,EN_MWT_TREATR,Bosnia and Herzegovina,INCINRT_EGY,0.0
2009,EN_MWT_TREATR,Bosnia and Herzegovina,INCINRT,0.0
2010,EN_MWT_TREATR,Bosnia and Herzegovina,INCINRT_EGY,0.0
2010,EN_MWT_TREATR,Bosnia and Herzegovina,INCINRT,0.0
2011,EN_MWT_TREATR,Bosnia and Herzegovina,INCINRT,0.0
2011,EN_MWT_TREATR,Bosnia and Herzegovina,INCINRT_EGY,0.0
2012,EN_MWT_TREATR,Bosnia and Herzegovina,INCINRT_EGY,0.0
2012,EN_MWT_TREATR,Bosnia and Herzegovina,INCINRT,0.0
2013,EN_MWT_TREATR,Bosnia and Herzegovina,INCINRT_EGY,0.0
2013,EN_MWT_TREATR,Bosnia and Herzegovina,INCINRT,0.0
2014,EN_MWT_TREATR,Bosnia and Herzegovina,INCINRT,0.0
2014,EN_MWT_TREATR,Bosnia and Herzegovina,INCINRT_EGY,0.0
2015,EN_MWT_TREATR,Bosnia and Herzegovina,INCINRT,0.0
2015,EN_MWT_TREATR,Bosnia and Herzegovina,INCINRT_EGY,0.0
2016,EN_MWT_TREATR,Bosnia and Herzegovina,INCINRT,0.0
2016,EN_MWT_TREATR,Bosnia and Herzegovina,INCINRT_EGY,0.0
2017,EN_MWT_TREATR,Bosnia and Herzegovina,INCINRT,0.0
2017,EN_MWT_TREATR,Bosnia and Herzegovina,INCINRT_EGY,0.0
2018,EN_MWT_TREATR,Bosnia and Herzegovina,INCINRT,0.0
2019,EN_MWT_TREATR,Bosnia and Herzegovina,INCINRT,0.0
2021,EN_MWT_TREATR,Bosnia and Herzegovina,INCINRT,78.60049
2000,EN_MWT_TREATR,Bulgaria,INCINRT_EGY,0.0
2000,EN_MWT_TREATR,Bulgaria,INCINRT,0.0
2001,EN_MWT_TREATR,Bulgaria,INCINRT,0.0
2001,EN_MWT_TREATR,Bulgaria,INCINRT_EGY,0.0
2002,EN_MWT_TREATR,Bulgaria,INCINRT_EGY,0.0
2002,EN_MWT_TREATR,Bulgaria,INCINRT,0.0
2003,EN_MWT_TREATR,Bulgaria,INCINRT_EGY,0.0
2003,EN_MWT_TREATR,Bulgaria,INCINRT,0.0
2004,EN_MWT_TREATR,Bulgaria,INCINRT_EGY,0.0
2004,EN_MWT_TREATR,Bulgaria,INCINRT,0.0
2005,EN_MWT_TREATR,Bulgaria,INCINRT_EGY,0.0
2005,EN_MWT_TREATR,Bulgaria,INCINRT,0.0
2006,EN_MWT_TREATR,Bulgaria,INCINRT_EGY,0.0
2006,EN_MWT_TREATR,Bulgaria,INCINRT,0.0
2007,EN_MWT_TREATR,Bulgaria,INCINRT,0.0
2007,EN_MWT_TREATR,Bulgaria,INCINRT_EGY,0.0
2008,EN_MWT_TREATR,Bulgaria,INCINRT_EGY,0.0
2008,EN_MWT_TREATR,Bulgaria,INCINRT,0.0
2009,EN_MWT_TREATR,Bulgaria,INCINRT,0.0
2009,EN_MWT_TREATR,Bulgaria,INCINRT_EGY,0.0
2010,EN_MWT_TREATR,Bulgaria,INCINRT_EGY,0.0
2010,EN_MWT_TREATR,Bulgaria,INCINRT,0.0
2011,EN_MWT_TREATR,Bulgaria,INCINRT,0.0
2011,EN_MWT_TREATR,Bulgaria,INCINRT_EGY,0.0
2012,EN_MWT_TREATR,Bulgaria,INCINRT,0.0
2012,EN_MWT_TREATR,Bulgaria,INCINRT_EGY,0.0
2013,EN_MWT_TREATR,Bulgaria,INCINRT,0.0
2013,EN_MWT_TREATR,Bulgaria,INCINRT_EGY,1.563
2014,EN_MWT_TREATR,Bulgaria,INCINRT_EGY,1.59774
2014,EN_MWT_TREATR,Bulgaria,INCINRT,0.0
2015,EN_MWT_TREATR,Bulgaria,INCINRT,0.0
2015,EN_MWT_TREATR,Bulgaria,INCINRT_EGY,2.72335
2016,EN_MWT_TREATR,Bulgaria,INCINRT_EGY,3.78341
2016,EN_MWT_TREATR,Bulgaria,INCINRT,0.0
2017,EN_MWT_TREATR,Bulgaria,INCINRT_EGY,3.34416
2017,EN_MWT_TREATR,Bulgaria,INCINRT,0.0
2018,EN_MWT_TREATR,Bulgaria,INCINRT_EGY,7.26765
2018,EN_MWT_TREATR,Bulgaria,INCINRT,0.0
2019,EN_MWT_TREATR,Bulgaria,INCINRT,0.0
2019,EN_MWT_TREATR,Bulgaria,INCINRT_EGY,3.34416
2020,EN_MWT_TREATR,Bulgaria,INCINRT,0.0
2020,EN_MWT_TREATR,Bulgaria,INCINRT_EGY,0.0
2006,EN_MWT_TREATR,Croatia,INCINRT,0.0
2007,EN_MWT_TREATR,Croatia,INCINRT,0.0
2008,EN_MWT_TREATR,Croatia,INCINRT,0.0
2009,EN_MWT_TREATR,Croatia,INCINRT,0.0
2010,EN_MWT_TREATR,Croatia,INCINRT,0.0
2011,EN_MWT_TREATR,Croatia,INCINRT,0.0
2012,EN_MWT_TREATR,Croatia,INCINRT,0.0
2013,EN_MWT_TREATR,Croatia,INCINRT_EGY,0.05811
2013,EN_MWT_TREATR,Croatia,INCINRT,0.0
2014,EN_MWT_TREATR,Croatia,INCINRT_EGY,0.18326
2014,EN_MWT_TREATR,Croatia,INCINRT,0.0
2015,EN_MWT_TREATR,Croatia,INCINRT,0.0
2015,EN_MWT_TREATR,Croatia,INCINRT_EGY,0.0
2016,EN_MWT_TREATR,Croatia,INCINRT_EGY,0.05952
2016,EN_MWT_TREATR,Croatia,INCINRT,0.0
2017,EN_MWT_TREATR,Croatia,INCINRT_EGY,0.05828
2017,EN_MWT_TREATR,Croatia,INCINRT,0.0
2018,EN_MWT_TREATR,Croatia,INCINRT_EGY,0.05656
2018,EN_MWT_TREATR,Croatia,INCINRT,0.0
2019,EN_MWT_TREATR,Croatia,INCINRT,0.0
2019,EN_MWT_TREATR,Croatia,INCINRT_EGY,0.05519
2020,EN_MWT_TREATR,Croatia,INCINRT_EGY,0.1772
2020,EN_MWT_TREATR,Croatia,INCINRT,0.0
2021,EN_MWT_TREATR,Croatia,INCINRT,0.0
2021,EN_MWT_TREATR,Croatia,INCINRT_EGY,0.28297
2000,EN_MWT_TREATR,Cyprus,INCINRT_EGY,0.0
2000,EN_MWT_TREATR,Cyprus,INCINRT,0.0
2001,EN_MWT_TREATR,Cyprus,INCINRT,0.0
2001,EN_MWT_TREATR,Cyprus,INCINRT_EGY,0.0
2002,EN_MWT_TREATR,Cyprus,INCINRT_EGY,0.0
2002,EN_MWT_TREATR,Cyprus,INCINRT,0.0
2003,EN_MWT_TREATR,Cyprus,INCINRT_EGY,0.0
2003,EN_MWT_TREATR,Cyprus,INCINRT,0.0
2004,EN_MWT_TREATR,Cyprus,INCINRT_EGY,0.0
2004,EN_MWT_TREATR,Cyprus,INCINRT,0.0
2005,EN_MWT_TREATR,Cyprus,INCINRT_EGY,0.0
2005,EN_MWT_TREATR,Cyprus,INCINRT,0.0
2006,EN_MWT_TREATR,Cyprus,INCINRT_EGY,0.0
2006,EN_MWT_TREATR,Cyprus,INCINRT,0.0
2007,EN_MWT_TREATR,Cyprus,INCINRT_EGY,0.0
2007,EN_MWT_TREATR,Cyprus,INCINRT,0.0
2008,EN_MWT_TREATR,Cyprus,INCINRT,0.0
2008,EN_MWT_TREATR,Cyprus,INCINRT_EGY,0.0
2009,EN_MWT_TREATR,Cyprus,INCINRT_EGY,0.0
2009,EN_MWT_TREATR,Cyprus,INCINRT,0.0
2010,EN_MWT_TREATR,Cyprus,INCINRT_EGY,0.0
2010,EN_MWT_TREATR,Cyprus,INCINRT,0.0
2011,EN_MWT_TREATR,Cyprus,INCINRT_EGY,0.0
2011,EN_MWT_TREATR,Cyprus,INCINRT,0.0
2012,EN_MWT_TREATR,Cyprus,INCINRT,0.0
2012,EN_MWT_TREATR,Cyprus,INCINRT_EGY,0.0
2013,EN_MWT_TREATR,Cyprus,INCINRT,0.0
2013,EN_MWT_TREATR,Cyprus,INCINRT_EGY,0.0
2014,EN_MWT_TREATR,Cyprus,INCINRT,0.0
2014,EN_MWT_TREATR,Cyprus,INCINRT_EGY,0.77973
2015,EN_MWT_TREATR,Cyprus,INCINRT,0.0
2015,EN_MWT_TREATR,Cyprus,INCINRT_EGY,0.0
2016,EN_MWT_TREATR,Cyprus,INCINRT,0.0
2016,EN_MWT_TREATR,Cyprus,INCINRT_EGY,0.37106
2017,EN_MWT_TREATR,Cyprus,INCINRT,0.0
2017,EN_MWT_TREATR,Cyprus,INCINRT_EGY,0.37244
2018,EN_MWT_TREATR,Cyprus,INCINRT,0.0
2018,EN_MWT_TREATR,Cyprus,INCINRT_EGY,0.71174
2019,EN_MWT_TREATR,Cyprus,INCINRT_EGY,1.05079
2019,EN_MWT_TREATR,Cyprus,INCINRT,0.0
2020,EN_MWT_TREATR,Cyprus,INCINRT,0.0
2020,EN_MWT_TREATR,Cyprus,INCINRT_EGY,1.4733
2021,EN_MWT_TREATR,Cyprus,INCINRT,0.0
2021,EN_MWT_TREATR,Cyprus,INCINRT_EGY,2.45614
2000,EN_MWT_TREATR,Czechia,INCINRT,0.08736
2000,EN_MWT_TREATR,Czechia,INCINRT_EGY,9.31858
2001,EN_MWT_TREATR,Czechia,INCINRT_EGY,12.75911
2001,EN_MWT_TREATR,Czechia,INCINRT,0.10722
2002,EN_MWT_TREATR,Czechia,INCINRT_EGY,14.0949
2002,EN_MWT_TREATR,Czechia,INCINRT,0.10545
2003,EN_MWT_TREATR,Czechia,INCINRT_EGY,14.0357
2003,EN_MWT_TREATR,Czechia,INCINRT,0.07
2004,EN_MWT_TREATR,Czechia,INCINRT,0.0352
2004,EN_MWT_TREATR,Czechia,INCINRT_EGY,14.22034
2005,EN_MWT_TREATR,Czechia,INCINRT,0.03385
2005,EN_MWT_TREATR,Czechia,INCINRT_EGY,12.89777
2006,EN_MWT_TREATR,Czechia,INCINRT,0.06581
2006,EN_MWT_TREATR,Czechia,INCINRT_EGY,12.89898
2007,EN_MWT_TREATR,Czechia,INCINRT_EGY,12.89256
2007,EN_MWT_TREATR,Czechia,INCINRT,0.06612
2008,EN_MWT_TREATR,Czechia,INCINRT,0.06297
2008,EN_MWT_TREATR,Czechia,INCINRT_EGY,11.61839
2009,EN_MWT_TREATR,Czechia,INCINRT,0.06042
2009,EN_MWT_TREATR,Czechia,INCINRT_EGY,11.23867
2010,EN_MWT_TREATR,Czechia,INCINRT_EGY,14.90702
2010,EN_MWT_TREATR,Czechia,INCINRT,0.05999
2011,EN_MWT_TREATR,Czechia,INCINRT,0.08934
2011,EN_MWT_TREATR,Czechia,INCINRT_EGY,18.16557
2012,EN_MWT_TREATR,Czechia,INCINRT,0.09279
2012,EN_MWT_TREATR,Czechia,INCINRT_EGY,20.22889
2013,EN_MWT_TREATR,Czechia,INCINRT,0.09294
2013,EN_MWT_TREATR,Czechia,INCINRT_EGY,19.54771
2014,EN_MWT_TREATR,Czechia,INCINRT,0.12266
2014,EN_MWT_TREATR,Czechia,INCINRT_EGY,18.52193
2015,EN_MWT_TREATR,Czechia,INCINRT,0.11987
2015,EN_MWT_TREATR,Czechia,INCINRT_EGY,17.68055
2016,EN_MWT_TREATR,Czechia,INCINRT,0.11173
2016,EN_MWT_TREATR,Czechia,INCINRT_EGY,16.42458
2017,EN_MWT_TREATR,Czechia,INCINRT,0.07726
2017,EN_MWT_TREATR,Czechia,INCINRT_EGY,17.48117
2018,EN_MWT_TREATR,Czechia,INCINRT,0.09527
2018,EN_MWT_TREATR,Czechia,INCINRT_EGY,16.74924
2019,EN_MWT_TREATR,Czechia,INCINRT_EGY,16.35444
2019,EN_MWT_TREATR,Czechia,INCINRT,0.07493
2020,EN_MWT_TREATR,Czechia,INCINRT,0.086
2020,EN_MWT_TREATR,Czechia,INCINRT_EGY,12.6763
2021,EN_MWT_TREATR,Czechia,INCINRT,0.06677
2021,EN_MWT_TREATR,Czechia,INCINRT_EGY,12.11818
2000,EN_MWT_TREATR,Denmark,INCINRT_EGY,52.90468
2000,EN_MWT_TREATR,Denmark,INCINRT,0.0
2001,EN_MWT_TREATR,Denmark,INCINRT_EGY,56.77749
2001,EN_MWT_TREATR,Denmark,INCINRT,0.0
2002,EN_MWT_TREATR,Denmark,INCINRT,0.0
2002,EN_MWT_TREATR,Denmark,INCINRT_EGY,56.27803
2003,EN_MWT_TREATR,Denmark,INCINRT,0.0
2003,EN_MWT_TREATR,Denmark,INCINRT_EGY,54.03538
2004,EN_MWT_TREATR,Denmark,INCINRT,0.0
2004,EN_MWT_TREATR,Denmark,INCINRT_EGY,54.45834
2005,EN_MWT_TREATR,Denmark,INCINRT_EGY,53.78446
2005,EN_MWT_TREATR,Denmark,INCINRT,0.0
2006,EN_MWT_TREATR,Denmark,INCINRT_EGY,53.17085
2006,EN_MWT_TREATR,Denmark,INCINRT,0.0
2007,EN_MWT_TREATR,Denmark,INCINRT_EGY,51.07814
2007,EN_MWT_TREATR,Denmark,INCINRT,0.0
2008,EN_MWT_TREATR,Denmark,INCINRT,0.0
2008,EN_MWT_TREATR,Denmark,INCINRT_EGY,48.22368
2009,EN_MWT_TREATR,Denmark,INCINRT_EGY,48.14551
2009,EN_MWT_TREATR,Denmark,INCINRT,0.0
2011,EN_MWT_TREATR,Denmark,INCINRT,0.0
2011,EN_MWT_TREATR,Denmark,INCINRT_EGY,55.02811
2012,EN_MWT_TREATR,Denmark,INCINRT,0.0
2012,EN_MWT_TREATR,Denmark,INCINRT_EGY,55.34605
2013,EN_MWT_TREATR,Denmark,INCINRT_EGY,54.99562
2013,EN_MWT_TREATR,Denmark,INCINRT,0.0
2014,EN_MWT_TREATR,Denmark,INCINRT_EGY,53.18122
2014,EN_MWT_TREATR,Denmark,INCINRT,0.0
2015,EN_MWT_TREATR,Denmark,INCINRT_EGY,51.29523
2015,EN_MWT_TREATR,Denmark,INCINRT,0.0
2016,EN_MWT_TREATR,Denmark,INCINRT,0.0
2016,EN_MWT_TREATR,Denmark,INCINRT_EGY,50.49401
2017,EN_MWT_TREATR,Denmark,INCINRT,0.0
2017,EN_MWT_TREATR,Denmark,INCINRT_EGY,51.37479
2018,EN_MWT_TREATR,Denmark,INCINRT_EGY,48.82291
2018,EN_MWT_TREATR,Denmark,INCINRT,0.0
2019,EN_MWT_TREATR,Denmark,INCINRT_EGY,47.54432
2019,EN_MWT_TREATR,Denmark,INCINRT,0.0
2020,EN_MWT_TREATR,Denmark,INCINRT_EGY,53.457
2020,EN_MWT_TREATR,Denmark,INCINRT,0.0
2021,EN_MWT_TREATR,Denmark,INCINRT,0.0
2021,EN_MWT_TREATR,Denmark,INCINRT_EGY,68.61552
2000,EN_MWT_TREATR,Estonia,INCINRT_EGY,0.0
2000,EN_MWT_TREATR,Estonia,INCINRT,0.0
2001,EN_MWT_TREATR,Estonia,INCINRT,0.0
2001,EN_MWT_TREATR,Estonia,INCINRT_EGY,0.0
2002,EN_MWT_TREATR,Estonia,INCINRT,0.0
2002,EN_MWT_TREATR,Estonia,INCINRT_EGY,0.0
2003,EN_MWT_TREATR,Estonia,INCINRT_EGY,0.0
2003,EN_MWT_TREATR,Estonia,INCINRT,0.0
2004,EN_MWT_TREATR,Estonia,INCINRT,0.0
2004,EN_MWT_TREATR,Estonia,INCINRT_EGY,0.0
2005,EN_MWT_TREATR,Estonia,INCINRT_EGY,0.0
2005,EN_MWT_TREATR,Estonia,INCINRT,0.0
2006,EN_MWT_TREATR,Estonia,INCINRT,0.0
2006,EN_MWT_TREATR,Estonia,INCINRT_EGY,0.18657
2007,EN_MWT_TREATR,Estonia,INCINRT_EGY,0.33223
2007,EN_MWT_TREATR,Estonia,INCINRT,0.0
2008,EN_MWT_TREATR,Estonia,INCINRT,0.0
2008,EN_MWT_TREATR,Estonia,INCINRT_EGY,0.19084
2009,EN_MWT_TREATR,Estonia,INCINRT_EGY,0.22124
2009,EN_MWT_TREATR,Estonia,INCINRT,0.0
2010,EN_MWT_TREATR,Estonia,INCINRT,0.0
2010,EN_MWT_TREATR,Estonia,INCINRT_EGY,0.0
2011,EN_MWT_TREATR,Estonia,INCINRT,0.0
2011,EN_MWT_TREATR,Estonia,INCINRT_EGY,0.0
2012,EN_MWT_TREATR,Estonia,INCINRT_EGY,12.66846
2012,EN_MWT_TREATR,Estonia,INCINRT,0.0
2013,EN_MWT_TREATR,Estonia,INCINRT_EGY,55.44041
2013,EN_MWT_TREATR,Estonia,INCINRT,0.0
2014,EN_MWT_TREATR,Estonia,INCINRT,0.0
2014,EN_MWT_TREATR,Estonia,INCINRT_EGY,47.23404
2015,EN_MWT_TREATR,Estonia,INCINRT,0.0
2015,EN_MWT_TREATR,Estonia,INCINRT_EGY,51.37421
2016,EN_MWT_TREATR,Estonia,INCINRT,0.0
2016,EN_MWT_TREATR,Estonia,INCINRT_EGY,48.98785
2017,EN_MWT_TREATR,Estonia,INCINRT_EGY,42.2179
2017,EN_MWT_TREATR,Estonia,INCINRT,0.0
2018,EN_MWT_TREATR,Estonia,INCINRT_EGY,41.30841
2018,EN_MWT_TREATR,Estonia,INCINRT,0.0
2019,EN_MWT_TREATR,Estonia,INCINRT_EGY,45.10204
2019,EN_MWT_TREATR,Estonia,INCINRT,0.0
2020,EN_MWT_TREATR,Estonia,INCINRT_EGY,42.82908
2020,EN_MWT_TREATR,Estonia,INCINRT,0.0
2021,EN_MWT_TREATR,Estonia,INCINRT_EGY,48.57143
2021,EN_MWT_TREATR,Estonia,INCINRT,0.0
2001,EN_MWT_TREATR,Finland,INCINRT,0.04146
2001,EN_MWT_TREATR,Finland,INCINRT_EGY,8.91376
2002,EN_MWT_TREATR,Finland,INCINRT_EGY,9.0604
2002,EN_MWT_TREATR,Finland,INCINRT,2.18121
2003,EN_MWT_TREATR,Finland,INCINRT_EGY,10.54366
2003,EN_MWT_TREATR,Finland,INCINRT,2.22405
2004,EN_MWT_TREATR,Finland,INCINRT,2.07909
2004,EN_MWT_TREATR,Finland,INCINRT_EGY,11.61843
2005,EN_MWT_TREATR,Finland,INCINRT_EGY,9.05826
2005,EN_MWT_TREATR,Finland,INCINRT,2.03512
2006,EN_MWT_TREATR,Finland,INCINRT,2.07692
2006,EN_MWT_TREATR,Finland,INCINRT_EGY,8.53846
2007,EN_MWT_TREATR,Finland,INCINRT,2.76636
2007,EN_MWT_TREATR,Finland,INCINRT_EGY,11.58879
2008,EN_MWT_TREATR,Finland,INCINRT_EGY,17.26879
2008,EN_MWT_TREATR,Finland,INCINRT,4.73266
2009,EN_MWT_TREATR,Finland,INCINRT_EGY,18.07182
2009,EN_MWT_TREATR,Finland,INCINRT,4.44965
2010,EN_MWT_TREATR,Finland,INCINRT_EGY,22.07225
2010,EN_MWT_TREATR,Finland,INCINRT,4.5653
2011,EN_MWT_TREATR,Finland,INCINRT_EGY,24.93564
2011,EN_MWT_TREATR,Finland,INCINRT,0.0
2012,EN_MWT_TREATR,Finland,INCINRT,0.0
2012,EN_MWT_TREATR,Finland,INCINRT_EGY,33.78378
2013,EN_MWT_TREATR,Finland,INCINRT_EGY,42.39374
2013,EN_MWT_TREATR,Finland,INCINRT,0.0
2014,EN_MWT_TREATR,Finland,INCINRT_EGY,50.03802
2014,EN_MWT_TREATR,Finland,INCINRT,0.0
2015,EN_MWT_TREATR,Finland,INCINRT,0.0
2015,EN_MWT_TREATR,Finland,INCINRT_EGY,47.91819
2016,EN_MWT_TREATR,Finland,INCINRT_EGY,54.73266
2016,EN_MWT_TREATR,Finland,INCINRT,0.0
2017,EN_MWT_TREATR,Finland,INCINRT_EGY,58.53485
2017,EN_MWT_TREATR,Finland,INCINRT,0.0
2018,EN_MWT_TREATR,Finland,INCINRT_EGY,56.98783
2018,EN_MWT_TREATR,Finland,INCINRT,0.03288
2019,EN_MWT_TREATR,Finland,INCINRT_EGY,55.58758
2019,EN_MWT_TREATR,Finland,INCINRT,0.03202
2020,EN_MWT_TREATR,Finland,INCINRT_EGY,57.26977
2020,EN_MWT_TREATR,Finland,INCINRT,0.08884
2021,EN_MWT_TREATR,Finland,INCINRT,0.17773
2021,EN_MWT_TREATR,Finland,INCINRT_EGY,62.47038
2000,EN_MWT_TREATR,France,INCINRT_EGY,32.8061
2000,EN_MWT_TREATR,France,INCINRT,4.57864
2001,EN_MWT_TREATR,France,INCINRT,3.58097
2001,EN_MWT_TREATR,France,INCINRT_EGY,33.16044
2002,EN_MWT_TREATR,France,INCINRT,2.67715
2002,EN_MWT_TREATR,France,INCINRT_EGY,33.99217
2003,EN_MWT_TREATR,France,INCINRT_EGY,33.95541
2003,EN_MWT_TREATR,France,INCINRT,2.16242
2004,EN_MWT_TREATR,France,INCINRT_EGY,34.77993
2004,EN_MWT_TREATR,France,INCINRT,1.93564
2005,EN_MWT_TREATR,France,INCINRT,1.43341
2005,EN_MWT_TREATR,France,INCINRT_EGY,34.60581
2006,EN_MWT_TREATR,France,INCINRT_EGY,33.9821
2006,EN_MWT_TREATR,France,INCINRT,1.47223
2007,EN_MWT_TREATR,France,INCINRT,1.50967
2007,EN_MWT_TREATR,France,INCINRT_EGY,33.38057
2008,EN_MWT_TREATR,France,INCINRT,1.35648
2008,EN_MWT_TREATR,France,INCINRT_EGY,33.90047
2009,EN_MWT_TREATR,France,INCINRT,1.20548
2009,EN_MWT_TREATR,France,INCINRT_EGY,34.42747
2010,EN_MWT_TREATR,France,INCINRT,1.22511
2010,EN_MWT_TREATR,France,INCINRT_EGY,34.84065
2011,EN_MWT_TREATR,France,INCINRT,1.24461
2011,EN_MWT_TREATR,France,INCINRT_EGY,35.25438
2012,EN_MWT_TREATR,France,INCINRT_EGY,35.35263
2012,EN_MWT_TREATR,France,INCINRT,1.16286
2013,EN_MWT_TREATR,France,INCINRT,1.07971
2013,EN_MWT_TREATR,France,INCINRT_EGY,35.45178
2014,EN_MWT_TREATR,France,INCINRT_EGY,35.48745
2014,EN_MWT_TREATR,France,INCINRT,0.89317
2015,EN_MWT_TREATR,France,INCINRT,0.70464
2015,EN_MWT_TREATR,France,INCINRT_EGY,35.52003
2016,EN_MWT_TREATR,France,INCINRT,0.26836
2016,EN_MWT_TREATR,France,INCINRT_EGY,31.71776
2017,EN_MWT_TREATR,France,INCINRT_EGY,31.14276
2017,EN_MWT_TREATR,France,INCINRT,0.26233
2018,EN_MWT_TREATR,France,INCINRT_EGY,31.1343
2018,EN_MWT_TREATR,France,INCINRT,0.14179
2019,EN_MWT_TREATR,France,INCINRT_EGY,30.75628
2019,EN_MWT_TREATR,France,INCINRT,0.14168
2020,EN_MWT_TREATR,France,INCINRT_EGY,32.16937
2020,EN_MWT_TREATR,France,INCINRT,0.14297
2021,EN_MWT_TREATR,France,INCINRT_EGY,31.16565
2021,EN_MWT_TREATR,France,INCINRT,0.14206
2000,EN_MWT_TREATR,Germany,INCINRT_EGY,21.56031
2000,EN_MWT_TREATR,Germany,INCINRT,21.39746
2001,EN_MWT_TREATR,Germany,INCINRT,21.976
2001,EN_MWT_TREATR,Germany,INCINRT_EGY,22.16227
2002,EN_MWT_TREATR,Germany,INCINRT_EGY,22.57826
2002,EN_MWT_TREATR,Germany,INCINRT,22.28833
2003,EN_MWT_TREATR,Germany,INCINRT,22.64721
2003,EN_MWT_TREATR,Germany,INCINRT_EGY,23.00592
2004,EN_MWT_TREATR,Germany,INCINRT_EGY,25.84342
2004,EN_MWT_TREATR,Germany,INCINRT,25.07742
2005,EN_MWT_TREATR,Germany,INCINRT_EGY,30.51874
2005,EN_MWT_TREATR,Germany,INCINRT,29.5951
2006,EN_MWT_TREATR,Germany,INCINRT_EGY,37.24852
2006,EN_MWT_TREATR,Germany,INCINRT,28.91052
2007,EN_MWT_TREATR,Germany,INCINRT_EGY,36.17683
2007,EN_MWT_TREATR,Germany,INCINRT,24.63925
2008,EN_MWT_TREATR,Germany,INCINRT,22.70556
2008,EN_MWT_TREATR,Germany,INCINRT_EGY,35.65861
2009,EN_MWT_TREATR,Germany,INCINRT,22.46936
2009,EN_MWT_TREATR,Germany,INCINRT_EGY,36.51632
2010,EN_MWT_TREATR,Germany,INCINRT,21.39448
2010,EN_MWT_TREATR,Germany,INCINRT_EGY,37.07781
2011,EN_MWT_TREATR,Germany,INCINRT,20.47097
2011,EN_MWT_TREATR,Germany,INCINRT_EGY,36.54279
2012,EN_MWT_TREATR,Germany,INCINRT_EGY,34.55053
2012,EN_MWT_TREATR,Germany,INCINRT,16.73868
2013,EN_MWT_TREATR,Germany,INCINRT,10.56284
2013,EN_MWT_TREATR,Germany,INCINRT_EGY,33.70385
2014,EN_MWT_TREATR,Germany,INCINRT,10.41838
2014,EN_MWT_TREATR,Germany,INCINRT_EGY,33.0261
2015,EN_MWT_TREATR,Germany,INCINRT_EGY,32.01356
2015,EN_MWT_TREATR,Germany,INCINRT,8.63729
2016,EN_MWT_TREATR,Germany,INCINRT,4.58826
2016,EN_MWT_TREATR,Germany,INCINRT_EGY,31.94138
2017,EN_MWT_TREATR,Germany,INCINRT,1.1817
2017,EN_MWT_TREATR,Germany,INCINRT_EGY,31.97142
2018,EN_MWT_TREATR,Germany,INCINRT,0.95503
2018,EN_MWT_TREATR,Germany,INCINRT_EGY,32.08715
2019,EN_MWT_TREATR,Germany,INCINRT,0.95629
2019,EN_MWT_TREATR,Germany,INCINRT_EGY,32.52983
2020,EN_MWT_TREATR,Germany,INCINRT,1.15525
2020,EN_MWT_TREATR,Germany,INCINRT_EGY,30.2558
2021,EN_MWT_TREATR,Germany,INCINRT,0.71631
2021,EN_MWT_TREATR,Germany,INCINRT_EGY,29.81692
2000,EN_MWT_TREATR,Greece,INCINRT,0.0
2000,EN_MWT_TREATR,Greece,INCINRT_EGY,0.0
2001,EN_MWT_TREATR,Greece,INCINRT_EGY,0.0
2001,EN_MWT_TREATR,Greece,INCINRT,0.0
2002,EN_MWT_TREATR,Greece,INCINRT_EGY,0.0
2002,EN_MWT_TREATR,Greece,INCINRT,0.0
2003,EN_MWT_TREATR,Greece,INCINRT,0.0
2003,EN_MWT_TREATR,Greece,INCINRT_EGY,0.0
2004,EN_MWT_TREATR,Greece,INCINRT,0.0
2004,EN_MWT_TREATR,Greece,INCINRT_EGY,0.0
2005,EN_MWT_TREATR,Greece,INCINRT,0.0
2005,EN_MWT_TREATR,Greece,INCINRT_EGY,0.0
2006,EN_MWT_TREATR,Greece,INCINRT,0.0
2006,EN_MWT_TREATR,Greece,INCINRT_EGY,0.0
2007,EN_MWT_TREATR,Greece,INCINRT_EGY,0.0
2007,EN_MWT_TREATR,Greece,INCINRT,0.0
2008,EN_MWT_TREATR,Greece,INCINRT,0.0
2008,EN_MWT_TREATR,Greece,INCINRT_EGY,0.0
2009,EN_MWT_TREATR,Greece,INCINRT_EGY,0.0
2009,EN_MWT_TREATR,Greece,INCINRT,0.0
2010,EN_MWT_TREATR,Greece,INCINRT,0.0
2010,EN_MWT_TREATR,Greece,INCINRT_EGY,0.0
2011,EN_MWT_TREATR,Greece,INCINRT,0.0
2011,EN_MWT_TREATR,Greece,INCINRT_EGY,0.28643
2012,EN_MWT_TREATR,Greece,INCINRT,0.0
2012,EN_MWT_TREATR,Greece,INCINRT_EGY,0.53084
2016,EN_MWT_TREATR,Greece,INCINRT,0.0
2016,EN_MWT_TREATR,Greece,INCINRT_EGY,0.50307
2017,EN_MWT_TREATR,Greece,INCINRT,0.0
2017,EN_MWT_TREATR,Greece,INCINRT_EGY,1.0711
2018,EN_MWT_TREATR,Greece,INCINRT,0.0
2018,EN_MWT_TREATR,Greece,INCINRT_EGY,1.50281
2019,EN_MWT_TREATR,Greece,INCINRT_EGY,1.31837
2019,EN_MWT_TREATR,Greece,INCINRT,0.0
2000,EN_MWT_TREATR,Hungary,INCINRT,0.0
2000,EN_MWT_TREATR,Hungary,INCINRT_EGY,7.64499
2001,EN_MWT_TREATR,Hungary,INCINRT_EGY,7.66891
2001,EN_MWT_TREATR,Hungary,INCINRT,0.0
2002,EN_MWT_TREATR,Hungary,INCINRT,0.0
2002,EN_MWT_TREATR,Hungary,INCINRT_EGY,6.19888
2003,EN_MWT_TREATR,Hungary,INCINRT,0.0
2003,EN_MWT_TREATR,Hungary,INCINRT_EGY,5.21277
2004,EN_MWT_TREATR,Hungary,INCINRT_EGY,3.37544
2004,EN_MWT_TREATR,Hungary,INCINRT,0.0
2005,EN_MWT_TREATR,Hungary,INCINRT,0.0
2005,EN_MWT_TREATR,Hungary,INCINRT_EGY,6.52174
2006,EN_MWT_TREATR,Hungary,INCINRT_EGY,8.25727
2006,EN_MWT_TREATR,Hungary,INCINRT,0.0
2007,EN_MWT_TREATR,Hungary,INCINRT,0.0
2007,EN_MWT_TREATR,Hungary,INCINRT_EGY,8.31519
2008,EN_MWT_TREATR,Hungary,INCINRT_EGY,8.63167
2008,EN_MWT_TREATR,Hungary,INCINRT,0.0
2009,EN_MWT_TREATR,Hungary,INCINRT,0.0
2009,EN_MWT_TREATR,Hungary,INCINRT_EGY,9.41558
2010,EN_MWT_TREATR,Hungary,INCINRT_EGY,10.06695
2010,EN_MWT_TREATR,Hungary,INCINRT,0.0
2011,EN_MWT_TREATR,Hungary,INCINRT,0.0
2011,EN_MWT_TREATR,Hungary,INCINRT_EGY,10.71147
2012,EN_MWT_TREATR,Hungary,INCINRT_EGY,9.12738
2012,EN_MWT_TREATR,Hungary,INCINRT,0.0
2013,EN_MWT_TREATR,Hungary,INCINRT_EGY,8.98876
2013,EN_MWT_TREATR,Hungary,INCINRT,0.0
2014,EN_MWT_TREATR,Hungary,INCINRT,0.0
2014,EN_MWT_TREATR,Hungary,INCINRT_EGY,9.82872
2015,EN_MWT_TREATR,Hungary,INCINRT,0.0
2015,EN_MWT_TREATR,Hungary,INCINRT_EGY,14.14332
2016,EN_MWT_TREATR,Hungary,INCINRT_EGY,14.88847
2016,EN_MWT_TREATR,Hungary,INCINRT,0.0
2017,EN_MWT_TREATR,Hungary,INCINRT_EGY,16.13588
2017,EN_MWT_TREATR,Hungary,INCINRT,0.0
2018,EN_MWT_TREATR,Hungary,INCINRT_EGY,13.43524
2018,EN_MWT_TREATR,Hungary,INCINRT,0.0
2019,EN_MWT_TREATR,Hungary,INCINRT,0.0
2019,EN_MWT_TREATR,Hungary,INCINRT_EGY,13.62434
2020,EN_MWT_TREATR,Hungary,INCINRT,0.10176
2020,EN_MWT_TREATR,Hungary,INCINRT_EGY,11.95625
2021,EN_MWT_TREATR,Hungary,INCINRT_EGY,12.44433
2021,EN_MWT_TREATR,Hungary,INCINRT,0.07422
2000,EN_MWT_TREATR,Iceland,INCINRT_EGY,13.07692
2000,EN_MWT_TREATR,Iceland,INCINRT,8.46154
2001,EN_MWT_TREATR,Iceland,INCINRT,3.7594
2001,EN_MWT_TREATR,Iceland,INCINRT_EGY,8.27068
2002,EN_MWT_TREATR,Iceland,INCINRT,2.18978
2002,EN_MWT_TREATR,Iceland,INCINRT_EGY,7.29927
2003,EN_MWT_TREATR,Iceland,INCINRT_EGY,9.28571
2003,EN_MWT_TREATR,Iceland,INCINRT,1.42857
2004,EN_MWT_TREATR,Iceland,INCINRT,1.36054
2004,EN_MWT_TREATR,Iceland,INCINRT_EGY,10.20408
2005,EN_MWT_TREATR,Iceland,INCINRT_EGY,8.49673
2005,EN_MWT_TREATR,Iceland,INCINRT,1.30719
2006,EN_MWT_TREATR,Iceland,INCINRT,1.16959
2006,EN_MWT_TREATR,Iceland,INCINRT_EGY,7.60234
2007,EN_MWT_TREATR,Iceland,INCINRT,1.14943
2007,EN_MWT_TREATR,Iceland,INCINRT_EGY,9.77011
2008,EN_MWT_TREATR,Iceland,INCINRT,0.0
2008,EN_MWT_TREATR,Iceland,INCINRT_EGY,6.25
2009,EN_MWT_TREATR,Iceland,INCINRT,1.51515
2009,EN_MWT_TREATR,Iceland,INCINRT_EGY,8.33333
2010,EN_MWT_TREATR,Iceland,INCINRT_EGY,7.79221
2010,EN_MWT_TREATR,Iceland,INCINRT,1.2987
2011,EN_MWT_TREATR,Iceland,INCINRT,1.26582
2011,EN_MWT_TREATR,Iceland,INCINRT_EGY,6.32911
2012,EN_MWT_TREATR,Iceland,INCINRT,1.21951
2012,EN_MWT_TREATR,Iceland,INCINRT_EGY,5.4878
2013,EN_MWT_TREATR,Iceland,INCINRT_EGY,3.59281
2013,EN_MWT_TREATR,Iceland,INCINRT,0.5988
2014,EN_MWT_TREATR,Iceland,INCINRT_EGY,4.0
2014,EN_MWT_TREATR,Iceland,INCINRT,4.0
2015,EN_MWT_TREATR,Iceland,INCINRT,3.07692
2015,EN_MWT_TREATR,Iceland,INCINRT_EGY,3.07692
2016,EN_MWT_TREATR,Iceland,INCINRT,3.63636
2016,EN_MWT_TREATR,Iceland,INCINRT_EGY,3.63636
2017,EN_MWT_TREATR,Iceland,INCINRT,3.55556
2017,EN_MWT_TREATR,Iceland,INCINRT_EGY,3.55556
2018,EN_MWT_TREATR,Iceland,INCINRT,4.45344
2018,EN_MWT_TREATR,Iceland,INCINRT_EGY,4.8583
2020,EN_MWT_TREATR,Iceland,INCINRT_EGY,10.66667
2020,EN_MWT_TREATR,Iceland,INCINRT,2.66667
2000,EN_MWT_TREATR,Ireland,INCINRT,0.0
2000,EN_MWT_TREATR,Ireland,INCINRT_EGY,0.0
2001,EN_MWT_TREATR,Ireland,INCINRT_EGY,0.0
2001,EN_MWT_TREATR,Ireland,INCINRT,0.0
2002,EN_MWT_TREATR,Ireland,INCINRT_EGY,0.0
2002,EN_MWT_TREATR,Ireland,INCINRT,0.0
2003,EN_MWT_TREATR,Ireland,INCINRT,0.0
2003,EN_MWT_TREATR,Ireland,INCINRT_EGY,0.0
2004,EN_MWT_TREATR,Ireland,INCINRT_EGY,0.0
2004,EN_MWT_TREATR,Ireland,INCINRT,0.0
2005,EN_MWT_TREATR,Ireland,INCINRT,0.0
2005,EN_MWT_TREATR,Ireland,INCINRT_EGY,0.0
2006,EN_MWT_TREATR,Ireland,INCINRT_EGY,0.0
2006,EN_MWT_TREATR,Ireland,INCINRT,0.0
2007,EN_MWT_TREATR,Ireland,INCINRT_EGY,0.0
2007,EN_MWT_TREATR,Ireland,INCINRT,0.0
2008,EN_MWT_TREATR,Ireland,INCINRT_EGY,2.54342
2008,EN_MWT_TREATR,Ireland,INCINRT,0.0
2009,EN_MWT_TREATR,Ireland,INCINRT,0.0
2009,EN_MWT_TREATR,Ireland,INCINRT_EGY,3.75889
2010,EN_MWT_TREATR,Ireland,INCINRT,0.03514
2010,EN_MWT_TREATR,Ireland,INCINRT_EGY,3.82994
2011,EN_MWT_TREATR,Ireland,INCINRT,0.0
2011,EN_MWT_TREATR,Ireland,INCINRT_EGY,6.94297
2012,EN_MWT_TREATR,Ireland,INCINRT_EGY,15.85592
2012,EN_MWT_TREATR,Ireland,INCINRT,0.0
2014,EN_MWT_TREATR,Ireland,INCINRT_EGY,34.09698
2014,EN_MWT_TREATR,Ireland,INCINRT,0.0
2016,EN_MWT_TREATR,Ireland,INCINRT_EGY,29.35215
2016,EN_MWT_TREATR,Ireland,INCINRT,0.0
2017,EN_MWT_TREATR,Ireland,INCINRT,0.0
2017,EN_MWT_TREATR,Ireland,INCINRT_EGY,31.82803
2018,EN_MWT_TREATR,Ireland,INCINRT,0.0
2018,EN_MWT_TREATR,Ireland,INCINRT_EGY,42.68544
2019,EN_MWT_TREATR,Ireland,INCINRT,0.0
2019,EN_MWT_TREATR,Ireland,INCINRT_EGY,45.78743
2020,EN_MWT_TREATR,Ireland,INCINRT_EGY,42.14953
2020,EN_MWT_TREATR,Ireland,INCINRT,0.0
2000,EN_MWT_TREATR,Italy,INCINRT_EGY,7.72471
2000,EN_MWT_TREATR,Italy,INCINRT,0.59049
2001,EN_MWT_TREATR,Italy,INCINRT_EGY,8.5552
2001,EN_MWT_TREATR,Italy,INCINRT,0.30943
2002,EN_MWT_TREATR,Italy,INCINRT,0.54581
2002,EN_MWT_TREATR,Italy,INCINRT_EGY,8.94723
2003,EN_MWT_TREATR,Italy,INCINRT,0.19644
2003,EN_MWT_TREATR,Italy,INCINRT_EGY,10.55102
2004,EN_MWT_TREATR,Italy,INCINRT,0.16051
2004,EN_MWT_TREATR,Italy,INCINRT_EGY,11.29374
2005,EN_MWT_TREATR,Italy,INCINRT_EGY,12.07844
2005,EN_MWT_TREATR,Italy,INCINRT,0.15473
2006,EN_MWT_TREATR,Italy,INCINRT_EGY,12.67376
2006,EN_MWT_TREATR,Italy,INCINRT,0.11994
2007,EN_MWT_TREATR,Italy,INCINRT,0.07991
2007,EN_MWT_TREATR,Italy,INCINRT_EGY,12.38321
2008,EN_MWT_TREATR,Italy,INCINRT_EGY,13.46847
2008,EN_MWT_TREATR,Italy,INCINRT,0.0955
2009,EN_MWT_TREATR,Italy,INCINRT,0.08098
2009,EN_MWT_TREATR,Italy,INCINRT_EGY,14.85657
2010,EN_MWT_TREATR,Italy,INCINRT,0.16338
2010,EN_MWT_TREATR,Italy,INCINRT_EGY,16.76942
2011,EN_MWT_TREATR,Italy,INCINRT,0.13063
2011,EN_MWT_TREATR,Italy,INCINRT_EGY,17.82005
2012,EN_MWT_TREATR,Italy,INCINRT,0.0
2012,EN_MWT_TREATR,Italy,INCINRT_EGY,18.43369
2013,EN_MWT_TREATR,Italy,INCINRT,0.0
2013,EN_MWT_TREATR,Italy,INCINRT_EGY,20.18733
2014,EN_MWT_TREATR,Italy,INCINRT_EGY,19.78956
2014,EN_MWT_TREATR,Italy,INCINRT,0.0
2015,EN_MWT_TREATR,Italy,INCINRT,10.40171
2015,EN_MWT_TREATR,Italy,INCINRT_EGY,20.45793
2016,EN_MWT_TREATR,Italy,INCINRT,6.63855
2016,EN_MWT_TREATR,Italy,INCINRT_EGY,19.47728
2017,EN_MWT_TREATR,Italy,INCINRT_EGY,19.05181
2017,EN_MWT_TREATR,Italy,INCINRT,0.86568
2018,EN_MWT_TREATR,Italy,INCINRT,0.59672
2018,EN_MWT_TREATR,Italy,INCINRT_EGY,19.08172
2019,EN_MWT_TREATR,Italy,INCINRT_EGY,19.61496
2019,EN_MWT_TREATR,Italy,INCINRT,0.59288
2020,EN_MWT_TREATR,Italy,INCINRT_EGY,19.39886
2020,EN_MWT_TREATR,Italy,INCINRT,0.54586
2000,EN_MWT_TREATR,Latvia,INCINRT,0.0
2000,EN_MWT_TREATR,Latvia,INCINRT_EGY,0.0
2001,EN_MWT_TREATR,Latvia,INCINRT_EGY,1.26227
2001,EN_MWT_TREATR,Latvia,INCINRT,0.0
2002,EN_MWT_TREATR,Latvia,INCINRT,0.0
2002,EN_MWT_TREATR,Latvia,INCINRT_EGY,1.63934
2003,EN_MWT_TREATR,Latvia,INCINRT_EGY,1.58273
2003,EN_MWT_TREATR,Latvia,INCINRT,0.0
2004,EN_MWT_TREATR,Latvia,INCINRT,0.0
2004,EN_MWT_TREATR,Latvia,INCINRT_EGY,1.94444
2005,EN_MWT_TREATR,Latvia,INCINRT_EGY,0.97765
2005,EN_MWT_TREATR,Latvia,INCINRT,0.0
2006,EN_MWT_TREATR,Latvia,INCINRT_EGY,0.65789
2006,EN_MWT_TREATR,Latvia,INCINRT,0.0
2007,EN_MWT_TREATR,Latvia,INCINRT_EGY,0.34843
2007,EN_MWT_TREATR,Latvia,INCINRT,0.0
2008,EN_MWT_TREATR,Latvia,INCINRT_EGY,0.39894
2008,EN_MWT_TREATR,Latvia,INCINRT,0.0
2009,EN_MWT_TREATR,Latvia,INCINRT,0.0
2009,EN_MWT_TREATR,Latvia,INCINRT_EGY,0.1328
2010,EN_MWT_TREATR,Latvia,INCINRT_EGY,0.0
2010,EN_MWT_TREATR,Latvia,INCINRT,0.0
2011,EN_MWT_TREATR,Latvia,INCINRT_EGY,0.0
2011,EN_MWT_TREATR,Latvia,INCINRT,0.0
2012,EN_MWT_TREATR,Latvia,INCINRT,0.0
2012,EN_MWT_TREATR,Latvia,INCINRT_EGY,0.45593
2013,EN_MWT_TREATR,Latvia,INCINRT_EGY,1.70455
2013,EN_MWT_TREATR,Latvia,INCINRT,0.0
2014,EN_MWT_TREATR,Latvia,INCINRT_EGY,1.51515
2014,EN_MWT_TREATR,Latvia,INCINRT,0.0
2015,EN_MWT_TREATR,Latvia,INCINRT,0.0
2015,EN_MWT_TREATR,Latvia,INCINRT_EGY,1.8797
2016,EN_MWT_TREATR,Latvia,INCINRT,0.0
2016,EN_MWT_TREATR,Latvia,INCINRT_EGY,2.36908
2017,EN_MWT_TREATR,Latvia,INCINRT_EGY,2.75689
2017,EN_MWT_TREATR,Latvia,INCINRT,0.0
2018,EN_MWT_TREATR,Latvia,INCINRT,0.0
2018,EN_MWT_TREATR,Latvia,INCINRT_EGY,1.91083
2019,EN_MWT_TREATR,Latvia,INCINRT_EGY,3.33333
2019,EN_MWT_TREATR,Latvia,INCINRT,0.0
2020,EN_MWT_TREATR,Latvia,INCINRT_EGY,2.64026
2020,EN_MWT_TREATR,Latvia,INCINRT,0.0
2000,EN_MWT_TREATR,Liechtenstein,OTHERWM,14.29445
2000,EN_MWT_TREATR,Liechtenstein,INCINRT_EGY,0.0
2000,EN_MWT_TREATR,Liechtenstein,COMPOST,14.29445
2000,EN_MWT_TREATR,Liechtenstein,LANDFILCTL,0.0
2000,EN_MWT_TREATR,Liechtenstein,LANDFIL,0.0
2000,EN_MWT_TREATR,Liechtenstein,INCINRT,0.0
2001,EN_MWT_TREATR,Liechtenstein,LANDFIL,0.0
2001,EN_MWT_TREATR,Liechtenstein,LANDFILCTL,0.0
2001,EN_MWT_TREATR,Liechtenstein,INCINRT_EGY,0.0
2001,EN_MWT_TREATR,Liechtenstein,INCINRT,0.0
2001,EN_MWT_TREATR,Liechtenstein,OTHERWM,12.02855
2001,EN_MWT_TREATR,Liechtenstein,COMPOST,12.02855
2002,EN_MWT_TREATR,Liechtenstein,LANDFILCTL,0.0
2002,EN_MWT_TREATR,Liechtenstein,INCINRT,0.0
2002,EN_MWT_TREATR,Liechtenstein,OTHERWM,15.24537
2002,EN_MWT_TREATR,Liechtenstein,INCINRT_EGY,0.0
2002,EN_MWT_TREATR,Liechtenstein,COMPOST,15.24537
2002,EN_MWT_TREATR,Liechtenstein,LANDFIL,0.0
2003,EN_MWT_TREATR,Liechtenstein,LANDFILCTL,0.0
2003,EN_MWT_TREATR,Liechtenstein,INCINRT,0.0
2003,EN_MWT_TREATR,Liechtenstein,INCINRT_EGY,0.0
2003,EN_MWT_TREATR,Liechtenstein,OTHERWM,14.96909
2003,EN_MWT_TREATR,Liechtenstein,LANDFIL,0.0
2003,EN_MWT_TREATR,Liechtenstein,COMPOST,14.96909
2004,EN_MWT_TREATR,Liechtenstein,LANDFIL,0.0
2004,EN_MWT_TREATR,Liechtenstein,COMPOST,14.759
2004,EN_MWT_TREATR,Liechtenstein,OTHERWM,14.759
2004,EN_MWT_TREATR,Liechtenstein,INCINRT,0.0
2004,EN_MWT_TREATR,Liechtenstein,INCINRT_EGY,0.0
2004,EN_MWT_TREATR,Liechtenstein,LANDFILCTL,0.0
2005,EN_MWT_TREATR,Liechtenstein,COMPOST,16.51046
2005,EN_MWT_TREATR,Liechtenstein,INCINRT_EGY,0.0
2005,EN_MWT_TREATR,Liechtenstein,LANDFIL,0.0
2005,EN_MWT_TREATR,Liechtenstein,OTHERWM,16.51046
2005,EN_MWT_TREATR,Liechtenstein,INCINRT,0.0
2005,EN_MWT_TREATR,Liechtenstein,LANDFILCTL,0.0
2006,EN_MWT_TREATR,Liechtenstein,LANDFILCTL,0.0
2006,EN_MWT_TREATR,Liechtenstein,LANDFIL,0.0
2006,EN_MWT_TREATR,Liechtenstein,INCINRT,0.0
2006,EN_MWT_TREATR,Liechtenstein,OTHERWM,13.98692
2006,EN_MWT_TREATR,Liechtenstein,COMPOST,13.98692
2006,EN_MWT_TREATR,Liechtenstein,INCINRT_EGY,0.0
2007,EN_MWT_TREATR,Liechtenstein,INCINRT_EGY,0.0
2007,EN_MWT_TREATR,Liechtenstein,LANDFILCTL,0.0
2007,EN_MWT_TREATR,Liechtenstein,COMPOST,14.98639
2007,EN_MWT_TREATR,Liechtenstein,OTHERWM,14.98639
2007,EN_MWT_TREATR,Liechtenstein,LANDFIL,0.0
2007,EN_MWT_TREATR,Liechtenstein,INCINRT,0.0
2008,EN_MWT_TREATR,Liechtenstein,OTHERWM,18.07603
2008,EN_MWT_TREATR,Liechtenstein,INCINRT_EGY,0.0
2008,EN_MWT_TREATR,Liechtenstein,COMPOST,18.07603
2008,EN_MWT_TREATR,Liechtenstein,LANDFILCTL,0.0
2008,EN_MWT_TREATR,Liechtenstein,LANDFIL,0.0
2008,EN_MWT_TREATR,Liechtenstein,INCINRT,0.0
2009,EN_MWT_TREATR,Liechtenstein,LANDFILCTL,0.0
2009,EN_MWT_TREATR,Liechtenstein,OTHERWM,14.83381
2009,EN_MWT_TREATR,Liechtenstein,LANDFIL,0.0
2009,EN_MWT_TREATR,Liechtenstein,INCINRT_EGY,0.0
2009,EN_MWT_TREATR,Liechtenstein,COMPOST,14.83381
2009,EN_MWT_TREATR,Liechtenstein,INCINRT,0.0
2010,EN_MWT_TREATR,Liechtenstein,INCINRT,0.0
2010,EN_MWT_TREATR,Liechtenstein,LANDFIL,0.0
2010,EN_MWT_TREATR,Liechtenstein,COMPOST,15.71295
2010,EN_MWT_TREATR,Liechtenstein,INCINRT_EGY,0.0
2010,EN_MWT_TREATR,Liechtenstein,LANDFILCTL,0.0
2010,EN_MWT_TREATR,Liechtenstein,OTHERWM,15.71295
2011,EN_MWT_TREATR,Liechtenstein,INCINRT_EGY,0.0
2011,EN_MWT_TREATR,Liechtenstein,LANDFIL,0.0
2011,EN_MWT_TREATR,Liechtenstein,LANDFILCTL,0.0
2011,EN_MWT_TREATR,Liechtenstein,INCINRT,0.0
2011,EN_MWT_TREATR,Liechtenstein,OTHERWM,16.64512
2011,EN_MWT_TREATR,Liechtenstein,COMPOST,16.64512
2012,EN_MWT_TREATR,Liechtenstein,LANDFILCTL,0.0
2012,EN_MWT_TREATR,Liechtenstein,OTHERWM,18.28925
2012,EN_MWT_TREATR,Liechtenstein,COMPOST,18.28925
2012,EN_MWT_TREATR,Liechtenstein,INCINRT,0.0
2012,EN_MWT_TREATR,Liechtenstein,LANDFIL,0.0
2012,EN_MWT_TREATR,Liechtenstein,INCINRT_EGY,0.0
2013,EN_MWT_TREATR,Liechtenstein,LANDFIL,0.0
2013,EN_MWT_TREATR,Liechtenstein,LANDFILCTL,0.0
2013,EN_MWT_TREATR,Liechtenstein,INCINRT_EGY,0.0
2013,EN_MWT_TREATR,Liechtenstein,INCINRT,0.0
2013,EN_MWT_TREATR,Liechtenstein,COMPOST,19.39485
2013,EN_MWT_TREATR,Liechtenstein,OTHERWM,19.39485
2014,EN_MWT_TREATR,Liechtenstein,OTHERWM,19.26111
2014,EN_MWT_TREATR,Liechtenstein,LANDFIL,0.0
2014,EN_MWT_TREATR,Liechtenstein,INCINRT_EGY,0.0
2014,EN_MWT_TREATR,Liechtenstein,COMPOST,19.26111
2014,EN_MWT_TREATR,Liechtenstein,LANDFILCTL,0.0
2014,EN_MWT_TREATR,Liechtenstein,INCINRT,0.0
2015,EN_MWT_TREATR,Liechtenstein,LANDFIL,0.0
2015,EN_MWT_TREATR,Liechtenstein,INCINRT_EGY,0.0
2015,EN_MWT_TREATR,Liechtenstein,OTHERWM,16.48202
2015,EN_MWT_TREATR,Liechtenstein,COMPOST,16.48202
2015,EN_MWT_TREATR,Liechtenstein,LANDFILCTL,0.0
2015,EN_MWT_TREATR,Liechtenstein,INCINRT,0.0
2016,EN_MWT_TREATR,Liechtenstein,INCINRT,0.0
2016,EN_MWT_TREATR,Liechtenstein,LANDFILCTL,0.0
2016,EN_MWT_TREATR,Liechtenstein,COMPOST,16.98937
2016,EN_MWT_TREATR,Liechtenstein,LANDFIL,0.0
2016,EN_MWT_TREATR,Liechtenstein,INCINRT_EGY,0.0
2016,EN_MWT_TREATR,Liechtenstein,OTHERWM,16.98937
2017,EN_MWT_TREATR,Liechtenstein,OTHERWM,16.5467
2017,EN_MWT_TREATR,Liechtenstein,INCINRT_EGY,0.0
2017,EN_MWT_TREATR,Liechtenstein,LANDFIL,0.0
2017,EN_MWT_TREATR,Liechtenstein,INCINRT,0.0
2017,EN_MWT_TREATR,Liechtenstein,COMPOST,16.5467
2017,EN_MWT_TREATR,Liechtenstein,LANDFILCTL,0.0
2018,EN_MWT_TREATR,Liechtenstein,LANDFIL,0.0
2018,EN_MWT_TREATR,Liechtenstein,OTHERWM,14.67532
2018,EN_MWT_TREATR,Liechtenstein,COMPOST,14.67532
2018,EN_MWT_TREATR,Liechtenstein,INCINRT_EGY,0.0
2018,EN_MWT_TREATR,Liechtenstein,INCINRT,0.0
2018,EN_MWT_TREATR,Liechtenstein,LANDFILCTL,0.0
2019,EN_MWT_TREATR,Liechtenstein,LANDFILCTL,0.0
2019,EN_MWT_TREATR,Liechtenstein,INCINRT,0.0
2019,EN_MWT_TREATR,Liechtenstein,OTHERWM,17.75479
2019,EN_MWT_TREATR,Liechtenstein,INCINRT_EGY,0.0
2019,EN_MWT_TREATR,Liechtenstein,LANDFIL,0.0
2019,EN_MWT_TREATR,Liechtenstein,COMPOST,17.75479
2000,EN_MWT_TREATR,Lithuania,INCINRT_EGY,0.0
2000,EN_MWT_TREATR,Lithuania,INCINRT,0.0
2001,EN_MWT_TREATR,Lithuania,INCINRT_EGY,0.0
2001,EN_MWT_TREATR,Lithuania,INCINRT,0.0
2002,EN_MWT_TREATR,Lithuania,INCINRT_EGY,0.0
2002,EN_MWT_TREATR,Lithuania,INCINRT,0.0
2003,EN_MWT_TREATR,Lithuania,INCINRT_EGY,0.0
2003,EN_MWT_TREATR,Lithuania,INCINRT,0.0
2004,EN_MWT_TREATR,Lithuania,INCINRT,0.0
2004,EN_MWT_TREATR,Lithuania,INCINRT_EGY,0.0
2005,EN_MWT_TREATR,Lithuania,INCINRT,0.0
2005,EN_MWT_TREATR,Lithuania,INCINRT_EGY,0.0
2006,EN_MWT_TREATR,Lithuania,INCINRT_EGY,0.0
2006,EN_MWT_TREATR,Lithuania,INCINRT,0.0
2007,EN_MWT_TREATR,Lithuania,INCINRT_EGY,0.0
2007,EN_MWT_TREATR,Lithuania,INCINRT,0.0
2008,EN_MWT_TREATR,Lithuania,INCINRT_EGY,0.0
2008,EN_MWT_TREATR,Lithuania,INCINRT,0.0
2009,EN_MWT_TREATR,Lithuania,INCINRT,0.0
2009,EN_MWT_TREATR,Lithuania,INCINRT_EGY,0.0
2010,EN_MWT_TREATR,Lithuania,INCINRT_EGY,0.07981
2010,EN_MWT_TREATR,Lithuania,INCINRT,0.0
2011,EN_MWT_TREATR,Lithuania,INCINRT,0.14937
2011,EN_MWT_TREATR,Lithuania,INCINRT_EGY,0.52278
2012,EN_MWT_TREATR,Lithuania,INCINRT_EGY,0.0
2012,EN_MWT_TREATR,Lithuania,INCINRT,0.0
2013,EN_MWT_TREATR,Lithuania,INCINRT_EGY,7.1875
2013,EN_MWT_TREATR,Lithuania,INCINRT,0.0
2014,EN_MWT_TREATR,Lithuania,INCINRT_EGY,8.89764
2014,EN_MWT_TREATR,Lithuania,INCINRT,0.0
2015,EN_MWT_TREATR,Lithuania,INCINRT,0.0
2015,EN_MWT_TREATR,Lithuania,INCINRT_EGY,11.53846
2016,EN_MWT_TREATR,Lithuania,INCINRT,0.0
2016,EN_MWT_TREATR,Lithuania,INCINRT_EGY,17.37421
2017,EN_MWT_TREATR,Lithuania,INCINRT,0.0
2017,EN_MWT_TREATR,Lithuania,INCINRT_EGY,18.35148
2018,EN_MWT_TREATR,Lithuania,INCINRT_EGY,12.52882
2018,EN_MWT_TREATR,Lithuania,INCINRT,0.0
2019,EN_MWT_TREATR,Lithuania,INCINRT,0.0
2019,EN_MWT_TREATR,Lithuania,INCINRT_EGY,14.70811
2020,EN_MWT_TREATR,Lithuania,INCINRT,0.0
2020,EN_MWT_TREATR,Lithuania,INCINRT_EGY,25.85185
2021,EN_MWT_TREATR,Lithuania,INCINRT_EGY,35.16729
2021,EN_MWT_TREATR,Lithuania,INCINRT,0.0
2000,EN_MWT_TREATR,Luxembourg,INCINRT_EGY,43.15789
2000,EN_MWT_TREATR,Luxembourg,INCINRT,0.0
2001,EN_MWT_TREATR,Luxembourg,INCINRT_EGY,42.45614
2001,EN_MWT_TREATR,Luxembourg,INCINRT,0.0
2002,EN_MWT_TREATR,Luxembourg,INCINRT,0.0
2002,EN_MWT_TREATR,Luxembourg,INCINRT_EGY,41.9244
2003,EN_MWT_TREATR,Luxembourg,INCINRT_EGY,39.21569
2003,EN_MWT_TREATR,Luxembourg,INCINRT,0.0
2004,EN_MWT_TREATR,Luxembourg,INCINRT,0.0
2004,EN_MWT_TREATR,Luxembourg,INCINRT_EGY,41.80064
2005,EN_MWT_TREATR,Luxembourg,INCINRT,0.0
2005,EN_MWT_TREATR,Luxembourg,INCINRT_EGY,37.69968
2006,EN_MWT_TREATR,Luxembourg,INCINRT_EGY,38.69969
2006,EN_MWT_TREATR,Luxembourg,INCINRT,0.0
2007,EN_MWT_TREATR,Luxembourg,INCINRT_EGY,38.43844
2007,EN_MWT_TREATR,Luxembourg,INCINRT,0.0
2008,EN_MWT_TREATR,Luxembourg,INCINRT_EGY,38.41642
2008,EN_MWT_TREATR,Luxembourg,INCINRT,0.0
2009,EN_MWT_TREATR,Luxembourg,INCINRT,0.0
2009,EN_MWT_TREATR,Luxembourg,INCINRT_EGY,38.7574
2010,EN_MWT_TREATR,Luxembourg,INCINRT_EGY,37.7907
2010,EN_MWT_TREATR,Luxembourg,INCINRT,0.0
2011,EN_MWT_TREATR,Luxembourg,INCINRT_EGY,39.13043
2011,EN_MWT_TREATR,Luxembourg,INCINRT,0.0
2012,EN_MWT_TREATR,Luxembourg,INCINRT_EGY,38.15029
2012,EN_MWT_TREATR,Luxembourg,INCINRT,0.0
2013,EN_MWT_TREATR,Luxembourg,INCINRT,0.0
2013,EN_MWT_TREATR,Luxembourg,INCINRT_EGY,39.40299
2014,EN_MWT_TREATR,Luxembourg,INCINRT,0.0
2014,EN_MWT_TREATR,Luxembourg,INCINRT_EGY,37.93103
2015,EN_MWT_TREATR,Luxembourg,INCINRT_EGY,45.08671
2015,EN_MWT_TREATR,Luxembourg,INCINRT,0.0
2016,EN_MWT_TREATR,Luxembourg,INCINRT_EGY,46.62447
2016,EN_MWT_TREATR,Luxembourg,INCINRT,0.0
2017,EN_MWT_TREATR,Luxembourg,INCINRT,0.0
2017,EN_MWT_TREATR,Luxembourg,INCINRT_EGY,46.63866
2018,EN_MWT_TREATR,Luxembourg,INCINRT_EGY,46.72131
2018,EN_MWT_TREATR,Luxembourg,INCINRT,0.0
2019,EN_MWT_TREATR,Luxembourg,INCINRT_EGY,46.63951
2019,EN_MWT_TREATR,Luxembourg,INCINRT,0.0
2020,EN_MWT_TREATR,Luxembourg,INCINRT,0.0
2020,EN_MWT_TREATR,Luxembourg,INCINRT_EGY,43.17269
2021,EN_MWT_TREATR,Luxembourg,INCINRT_EGY,40.74803
2021,EN_MWT_TREATR,Luxembourg,INCINRT,0.0
2000,EN_MWT_TREATR,Malta,INCINRT_EGY,0.0
2000,EN_MWT_TREATR,Malta,INCINRT,0.0
2001,EN_MWT_TREATR,Malta,INCINRT_EGY,0.0
2001,EN_MWT_TREATR,Malta,INCINRT,0.0
2002,EN_MWT_TREATR,Malta,INCINRT,0.0
2002,EN_MWT_TREATR,Malta,INCINRT_EGY,0.0
2003,EN_MWT_TREATR,Malta,INCINRT_EGY,0.0
2003,EN_MWT_TREATR,Malta,INCINRT,0.0
2004,EN_MWT_TREATR,Malta,INCINRT,0.0
2004,EN_MWT_TREATR,Malta,INCINRT_EGY,0.0
2005,EN_MWT_TREATR,Malta,INCINRT,0.0
2005,EN_MWT_TREATR,Malta,INCINRT_EGY,0.0
2006,EN_MWT_TREATR,Malta,INCINRT_EGY,0.0
2006,EN_MWT_TREATR,Malta,INCINRT,0.0
2007,EN_MWT_TREATR,Malta,INCINRT_EGY,0.0
2007,EN_MWT_TREATR,Malta,INCINRT,0.0
2008,EN_MWT_TREATR,Malta,INCINRT,0.0
2008,EN_MWT_TREATR,Malta,INCINRT_EGY,0.0
2009,EN_MWT_TREATR,Malta,INCINRT,0.00542
2009,EN_MWT_TREATR,Malta,INCINRT_EGY,0.00542
2010,EN_MWT_TREATR,Malta,INCINRT,0.02361
2010,EN_MWT_TREATR,Malta,INCINRT_EGY,0.02361
2011,EN_MWT_TREATR,Malta,INCINRT,0.04517
2011,EN_MWT_TREATR,Malta,INCINRT_EGY,1.03166
2012,EN_MWT_TREATR,Malta,INCINRT_EGY,0.41099
2012,EN_MWT_TREATR,Malta,INCINRT,0.01051
2013,EN_MWT_TREATR,Malta,INCINRT_EGY,0.25174
2013,EN_MWT_TREATR,Malta,INCINRT,0.01715
2014,EN_MWT_TREATR,Malta,INCINRT,0.0198
2014,EN_MWT_TREATR,Malta,INCINRT_EGY,0.32669
2015,EN_MWT_TREATR,Malta,INCINRT,0.01436
2015,EN_MWT_TREATR,Malta,INCINRT_EGY,0.29457
2016,EN_MWT_TREATR,Malta,INCINRT,0.00958
2016,EN_MWT_TREATR,Malta,INCINRT_EGY,0.28501
2017,EN_MWT_TREATR,Malta,INCINRT,0.00642
2017,EN_MWT_TREATR,Malta,INCINRT_EGY,0.00642
2018,EN_MWT_TREATR,Malta,INCINRT_EGY,0.00491
2018,EN_MWT_TREATR,Malta,INCINRT,0.00491
2019,EN_MWT_TREATR,Malta,INCINRT,0.00484
2019,EN_MWT_TREATR,Malta,INCINRT_EGY,0.00484
2020,EN_MWT_TREATR,Malta,INCINRT,0.02265
2020,EN_MWT_TREATR,Malta,INCINRT_EGY,0.02265
2021,EN_MWT_TREATR,Malta,INCINRT,0.01105
2021,EN_MWT_TREATR,Malta,INCINRT_EGY,4.03565
2012,EN_MWT_TREATR,Montenegro,INCINRT_EGY,0.0
2012,EN_MWT_TREATR,Montenegro,INCINRT,0.0
2013,EN_MWT_TREATR,Montenegro,INCINRT_EGY,0.0
2013,EN_MWT_TREATR,Montenegro,INCINRT,0.0
2014,EN_MWT_TREATR,Montenegro,INCINRT,0.0
2014,EN_MWT_TREATR,Montenegro,INCINRT_EGY,0.0
2015,EN_MWT_TREATR,Montenegro,INCINRT,0.0
2015,EN_MWT_TREATR,Montenegro,INCINRT_EGY,0.0
2016,EN_MWT_TREATR,Montenegro,INCINRT_EGY,0.0
2016,EN_MWT_TREATR,Montenegro,INCINRT,0.0
2018,EN_MWT_TREATR,Montenegro,INCINRT_EGY,0.0
2018,EN_MWT_TREATR,Montenegro,INCINRT,0.0
2019,EN_MWT_TREATR,Montenegro,INCINRT_EGY,0.0
2019,EN_MWT_TREATR,Montenegro,INCINRT,0.0
2020,EN_MWT_TREATR,Montenegro,INCINRT_EGY,0.0
2020,EN_MWT_TREATR,Montenegro,INCINRT,0.0
2000,EN_MWT_TREATR,Netherlands (Kingdom of the),INCINRT,31.69273
2001,EN_MWT_TREATR,Netherlands (Kingdom of the),INCINRT,33.29843
2002,EN_MWT_TREATR,Netherlands (Kingdom of the),INCINRT,32.26972
2003,EN_MWT_TREATR,Netherlands (Kingdom of the),INCINRT,33.6069
2004,EN_MWT_TREATR,Netherlands (Kingdom of the),INCINRT,33.66509
2005,EN_MWT_TREATR,Netherlands (Kingdom of the),INCINRT,33.78033
2006,EN_MWT_TREATR,Netherlands (Kingdom of the),INCINRT,33.3265
2007,EN_MWT_TREATR,Netherlands (Kingdom of the),INCINRT,32.92683
2008,EN_MWT_TREATR,Netherlands (Kingdom of the),INCINRT_EGY,50.01013
2008,EN_MWT_TREATR,Netherlands (Kingdom of the),INCINRT,41.19376
2009,EN_MWT_TREATR,Netherlands (Kingdom of the),INCINRT_EGY,49.37359
2009,EN_MWT_TREATR,Netherlands (Kingdom of the),INCINRT,40.6449
2010,EN_MWT_TREATR,Netherlands (Kingdom of the),INCINRT,19.32729
2010,EN_MWT_TREATR,Netherlands (Kingdom of the),INCINRT_EGY,49.283
2011,EN_MWT_TREATR,Netherlands (Kingdom of the),INCINRT,7.61684
2011,EN_MWT_TREATR,Netherlands (Kingdom of the),INCINRT_EGY,49.3512
2012,EN_MWT_TREATR,Netherlands (Kingdom of the),INCINRT,1.19526
2012,EN_MWT_TREATR,Netherlands (Kingdom of the),INCINRT_EGY,49.06009
2013,EN_MWT_TREATR,Netherlands (Kingdom of the),INCINRT,1.17647
2013,EN_MWT_TREATR,Netherlands (Kingdom of the),INCINRT_EGY,48.68778
2014,EN_MWT_TREATR,Netherlands (Kingdom of the),INCINRT,1.09062
2014,EN_MWT_TREATR,Netherlands (Kingdom of the),INCINRT_EGY,47.6501
2015,EN_MWT_TREATR,Netherlands (Kingdom of the),INCINRT,1.06023
2015,EN_MWT_TREATR,Netherlands (Kingdom of the),INCINRT_EGY,46.81931
2016,EN_MWT_TREATR,Netherlands (Kingdom of the),INCINRT_EGY,45.0852
2016,EN_MWT_TREATR,Netherlands (Kingdom of the),INCINRT,1.06083
2017,EN_MWT_TREATR,Netherlands (Kingdom of the),INCINRT,1.05778
2017,EN_MWT_TREATR,Netherlands (Kingdom of the),INCINRT_EGY,43.99454
2018,EN_MWT_TREATR,Netherlands (Kingdom of the),INCINRT,1.03339
2018,EN_MWT_TREATR,Netherlands (Kingdom of the),INCINRT_EGY,42.6868
2019,EN_MWT_TREATR,Netherlands (Kingdom of the),INCINRT,1.07881
2019,EN_MWT_TREATR,Netherlands (Kingdom of the),INCINRT_EGY,41.69884
2020,EN_MWT_TREATR,Netherlands (Kingdom of the),INCINRT,0.90284
2020,EN_MWT_TREATR,Netherlands (Kingdom of the),INCINRT_EGY,41.681
2021,EN_MWT_TREATR,Netherlands (Kingdom of the),INCINRT,0.92982
2021,EN_MWT_TREATR,Netherlands (Kingdom of the),INCINRT_EGY,40.86783
2000,EN_MWT_TREATR,Norway,INCINRT,0.0
2000,EN_MWT_TREATR,Norway,INCINRT_EGY,14.70054
2001,EN_MWT_TREATR,Norway,INCINRT_EGY,29.52732
2001,EN_MWT_TREATR,Norway,INCINRT,0.0
2002,EN_MWT_TREATR,Norway,INCINRT_EGY,30.50562
2002,EN_MWT_TREATR,Norway,INCINRT,0.0
2003,EN_MWT_TREATR,Norway,INCINRT,0.0
2003,EN_MWT_TREATR,Norway,INCINRT_EGY,32.57081
2004,EN_MWT_TREATR,Norway,INCINRT_EGY,30.84603
2004,EN_MWT_TREATR,Norway,INCINRT,0.0
2005,EN_MWT_TREATR,Norway,INCINRT_EGY,33.33333
2005,EN_MWT_TREATR,Norway,INCINRT,0.0
2006,EN_MWT_TREATR,Norway,INCINRT_EGY,31.54206
2006,EN_MWT_TREATR,Norway,INCINRT,0.0
2007,EN_MWT_TREATR,Norway,INCINRT,0.0
2007,EN_MWT_TREATR,Norway,INCINRT_EGY,37.45675
2008,EN_MWT_TREATR,Norway,INCINRT,0.0
2008,EN_MWT_TREATR,Norway,INCINRT_EGY,37.56454
2009,EN_MWT_TREATR,Norway,INCINRT,0.0
2009,EN_MWT_TREATR,Norway,INCINRT_EGY,41.47201
2010,EN_MWT_TREATR,Norway,INCINRT_EGY,50.28322
2010,EN_MWT_TREATR,Norway,INCINRT,0.0
2011,EN_MWT_TREATR,Norway,INCINRT_EGY,55.80524
2011,EN_MWT_TREATR,Norway,INCINRT,0.0
2012,EN_MWT_TREATR,Norway,INCINRT,0.0
2012,EN_MWT_TREATR,Norway,INCINRT_EGY,56.2709
2013,EN_MWT_TREATR,Norway,INCINRT,0.0
2013,EN_MWT_TREATR,Norway,INCINRT_EGY,57.42653
2014,EN_MWT_TREATR,Norway,INCINRT_EGY,52.78161
2014,EN_MWT_TREATR,Norway,INCINRT,0.0
2015,EN_MWT_TREATR,Norway,INCINRT,0.0
2015,EN_MWT_TREATR,Norway,INCINRT_EGY,52.35482
2016,EN_MWT_TREATR,Norway,INCINRT_EGY,53.5479
2016,EN_MWT_TREATR,Norway,INCINRT,0.0
2017,EN_MWT_TREATR,Norway,INCINRT_EGY,52.87415
2017,EN_MWT_TREATR,Norway,INCINRT,0.0
2018,EN_MWT_TREATR,Norway,INCINRT,0.0
2018,EN_MWT_TREATR,Norway,INCINRT_EGY,51.08225
2019,EN_MWT_TREATR,Norway,INCINRT_EGY,49.45796
2019,EN_MWT_TREATR,Norway,INCINRT,0.0
2020,EN_MWT_TREATR,Norway,INCINRT,0.30798
2020,EN_MWT_TREATR,Norway,INCINRT_EGY,48.29073
2021,EN_MWT_TREATR,Norway,INCINRT,0.0
2021,EN_MWT_TREATR,Norway,INCINRT_EGY,50.0
2000,EN_MWT_TREATR,Poland,INCINRT_EGY,0.0
2000,EN_MWT_TREATR,Poland,INCINRT,0.0
2001,EN_MWT_TREATR,Poland,INCINRT_EGY,0.12602
2001,EN_MWT_TREATR,Poland,INCINRT,0.12602
2002,EN_MWT_TREATR,Poland,INCINRT,0.34256
2002,EN_MWT_TREATR,Poland,INCINRT_EGY,0.34256
2003,EN_MWT_TREATR,Poland,INCINRT,0.42317
2003,EN_MWT_TREATR,Poland,INCINRT_EGY,0.42317
2004,EN_MWT_TREATR,Poland,INCINRT,0.45087
2004,EN_MWT_TREATR,Poland,INCINRT_EGY,0.45087
2005,EN_MWT_TREATR,Poland,INCINRT_EGY,0.36157
2005,EN_MWT_TREATR,Poland,INCINRT,0.36157
2006,EN_MWT_TREATR,Poland,INCINRT,0.3678
2006,EN_MWT_TREATR,Poland,INCINRT_EGY,0.3678
2007,EN_MWT_TREATR,Poland,INCINRT,0.33431
2007,EN_MWT_TREATR,Poland,INCINRT_EGY,0.33431
2008,EN_MWT_TREATR,Poland,INCINRT_EGY,0.32803
2008,EN_MWT_TREATR,Poland,INCINRT,0.32803
2009,EN_MWT_TREATR,Poland,INCINRT,0.38165
2009,EN_MWT_TREATR,Poland,INCINRT_EGY,0.38165
2010,EN_MWT_TREATR,Poland,INCINRT_EGY,0.32414
2010,EN_MWT_TREATR,Poland,INCINRT,0.32414
2011,EN_MWT_TREATR,Poland,INCINRT,0.37101
2011,EN_MWT_TREATR,Poland,INCINRT_EGY,0.37101
2012,EN_MWT_TREATR,Poland,INCINRT,0.42205
2012,EN_MWT_TREATR,Poland,INCINRT_EGY,0.42205
2013,EN_MWT_TREATR,Poland,INCINRT_EGY,6.78176
2013,EN_MWT_TREATR,Poland,INCINRT,1.79726
2014,EN_MWT_TREATR,Poland,INCINRT,3.85286
2014,EN_MWT_TREATR,Poland,INCINRT_EGY,15.10165
2015,EN_MWT_TREATR,Poland,INCINRT,1.11387
2015,EN_MWT_TREATR,Poland,INCINRT_EGY,13.2468
2016,EN_MWT_TREATR,Poland,INCINRT,1.30427
2016,EN_MWT_TREATR,Poland,INCINRT_EGY,19.44397
2017,EN_MWT_TREATR,Poland,INCINRT,1.65427
2017,EN_MWT_TREATR,Poland,INCINRT_EGY,24.41307
2018,EN_MWT_TREATR,Poland,INCINRT_EGY,24.13296
2018,EN_MWT_TREATR,Poland,INCINRT,1.52984
2019,EN_MWT_TREATR,Poland,INCINRT,1.40359
2019,EN_MWT_TREATR,Poland,INCINRT_EGY,22.89657
2020,EN_MWT_TREATR,Poland,INCINRT_EGY,21.52169
2020,EN_MWT_TREATR,Poland,INCINRT,1.26553
2021,EN_MWT_TREATR,Poland,INCINRT,1.25055
2021,EN_MWT_TREATR,Poland,INCINRT_EGY,21.01068
2000,EN_MWT_TREATR,Portugal,INCINRT_EGY,20.93518
2000,EN_MWT_TREATR,Portugal,INCINRT,0.0
2001,EN_MWT_TREATR,Portugal,INCINRT,0.0
2001,EN_MWT_TREATR,Portugal,INCINRT_EGY,20.66256
2002,EN_MWT_TREATR,Portugal,INCINRT_EGY,20.54407
2002,EN_MWT_TREATR,Portugal,INCINRT,0.0
2003,EN_MWT_TREATR,Portugal,INCINRT,0.0
2003,EN_MWT_TREATR,Portugal,INCINRT_EGY,21.35095
2004,EN_MWT_TREATR,Portugal,INCINRT,0.0
2004,EN_MWT_TREATR,Portugal,INCINRT_EGY,21.28617
2005,EN_MWT_TREATR,Portugal,INCINRT_EGY,22.27608
2005,EN_MWT_TREATR,Portugal,INCINRT,0.0
2006,EN_MWT_TREATR,Portugal,INCINRT,0.0
2006,EN_MWT_TREATR,Portugal,INCINRT_EGY,19.96733
2007,EN_MWT_TREATR,Portugal,INCINRT,0.0
2007,EN_MWT_TREATR,Portugal,INCINRT_EGY,19.08597
2008,EN_MWT_TREATR,Portugal,INCINRT,0.0
2008,EN_MWT_TREATR,Portugal,INCINRT_EGY,18.14693
2009,EN_MWT_TREATR,Portugal,INCINRT_EGY,19.70524
2009,EN_MWT_TREATR,Portugal,INCINRT,0.0
2010,EN_MWT_TREATR,Portugal,INCINRT,0.0
2010,EN_MWT_TREATR,Portugal,INCINRT_EGY,19.38794
2011,EN_MWT_TREATR,Portugal,INCINRT_EGY,21.01197
2011,EN_MWT_TREATR,Portugal,INCINRT,0.0
2012,EN_MWT_TREATR,Portugal,INCINRT_EGY,19.51322
2012,EN_MWT_TREATR,Portugal,INCINRT,0.0
2013,EN_MWT_TREATR,Portugal,INCINRT_EGY,23.72771
2013,EN_MWT_TREATR,Portugal,INCINRT,0.0
2014,EN_MWT_TREATR,Portugal,INCINRT_EGY,20.67941
2014,EN_MWT_TREATR,Portugal,INCINRT,0.0
2015,EN_MWT_TREATR,Portugal,INCINRT,0.0
2015,EN_MWT_TREATR,Portugal,INCINRT_EGY,19.7316
2016,EN_MWT_TREATR,Portugal,INCINRT_EGY,19.42343
2016,EN_MWT_TREATR,Portugal,INCINRT,0.0
2017,EN_MWT_TREATR,Portugal,INCINRT_EGY,19.75235
2017,EN_MWT_TREATR,Portugal,INCINRT,0.0
2018,EN_MWT_TREATR,Portugal,INCINRT_EGY,18.14694
2018,EN_MWT_TREATR,Portugal,INCINRT,0.0
2019,EN_MWT_TREATR,Portugal,INCINRT_EGY,18.86006
2019,EN_MWT_TREATR,Portugal,INCINRT,0.0
2020,EN_MWT_TREATR,Portugal,INCINRT_EGY,21.38663
2020,EN_MWT_TREATR,Portugal,INCINRT,0.0
2000,EN_MWT_TREATR,Romania,INCINRT,0.0
2000,EN_MWT_TREATR,Romania,INCINRT_EGY,0.0
2001,EN_MWT_TREATR,Romania,INCINRT_EGY,0.0
2001,EN_MWT_TREATR,Romania,INCINRT,0.0
2002,EN_MWT_TREATR,Romania,INCINRT,0.0
2002,EN_MWT_TREATR,Romania,INCINRT_EGY,0.0
2003,EN_MWT_TREATR,Romania,INCINRT_EGY,0.0
2003,EN_MWT_TREATR,Romania,INCINRT,0.0
2004,EN_MWT_TREATR,Romania,INCINRT,0.0
2004,EN_MWT_TREATR,Romania,INCINRT_EGY,0.0
2005,EN_MWT_TREATR,Romania,INCINRT,0.0
2005,EN_MWT_TREATR,Romania,INCINRT_EGY,0.0
2006,EN_MWT_TREATR,Romania,INCINRT_EGY,0.0
2006,EN_MWT_TREATR,Romania,INCINRT,0.0
2007,EN_MWT_TREATR,Romania,INCINRT_EGY,0.0
2007,EN_MWT_TREATR,Romania,INCINRT,0.0
2008,EN_MWT_TREATR,Romania,INCINRT_EGY,0.0
2008,EN_MWT_TREATR,Romania,INCINRT,0.0
2009,EN_MWT_TREATR,Romania,INCINRT,0.0
2009,EN_MWT_TREATR,Romania,INCINRT_EGY,0.0
2010,EN_MWT_TREATR,Romania,INCINRT,0.0
2010,EN_MWT_TREATR,Romania,INCINRT_EGY,0.33107
2011,EN_MWT_TREATR,Romania,INCINRT_EGY,0.90107
2011,EN_MWT_TREATR,Romania,INCINRT,0.0
2012,EN_MWT_TREATR,Romania,INCINRT,0.0
2012,EN_MWT_TREATR,Romania,INCINRT_EGY,1.76447
2013,EN_MWT_TREATR,Romania,INCINRT_EGY,1.91284
2013,EN_MWT_TREATR,Romania,INCINRT,0.0
2014,EN_MWT_TREATR,Romania,INCINRT,0.0
2014,EN_MWT_TREATR,Romania,INCINRT_EGY,2.68362
2015,EN_MWT_TREATR,Romania,INCINRT,0.0
2015,EN_MWT_TREATR,Romania,INCINRT_EGY,2.36542
2016,EN_MWT_TREATR,Romania,INCINRT,0.0
2016,EN_MWT_TREATR,Romania,INCINRT_EGY,4.27766
2017,EN_MWT_TREATR,Romania,INCINRT,0.0
2017,EN_MWT_TREATR,Romania,INCINRT_EGY,4.25652
2018,EN_MWT_TREATR,Romania,INCINRT_EGY,4.5506
2018,EN_MWT_TREATR,Romania,INCINRT,0.0
2019,EN_MWT_TREATR,Romania,INCINRT,0.0
2019,EN_MWT_TREATR,Romania,INCINRT_EGY,4.62247
2020,EN_MWT_TREATR,Romania,INCINRT_EGY,5.33286
2020,EN_MWT_TREATR,Romania,INCINRT,0.0
2021,EN_MWT_TREATR,Romania,INCINRT,0.0
2021,EN_MWT_TREATR,Romania,INCINRT_EGY,5.80791
2016,EN_MWT_TREATR,Serbia,INCINRT_EGY,0.0
2016,EN_MWT_TREATR,Serbia,INCINRT,0.0
2017,EN_MWT_TREATR,Serbia,INCINRT,0.0
2017,EN_MWT_TREATR,Serbia,INCINRT_EGY,0.0
2018,EN_MWT_TREATR,Serbia,INCINRT,0.0
2018,EN_MWT_TREATR,Serbia,INCINRT_EGY,0.0
2019,EN_MWT_TREATR,Serbia,INCINRT,0.0
2000,EN_MWT_TREATR,Slovakia,INCINRT,0.36523
2000,EN_MWT_TREATR,Slovakia,INCINRT_EGY,15.26662
2001,EN_MWT_TREATR,Slovakia,INCINRT_EGY,10.34215
2001,EN_MWT_TREATR,Slovakia,INCINRT,0.31104
2002,EN_MWT_TREATR,Slovakia,INCINRT_EGY,10.76605
2002,EN_MWT_TREATR,Slovakia,INCINRT,4.48585
2003,EN_MWT_TREATR,Slovakia,INCINRT,4.43415
2003,EN_MWT_TREATR,Slovakia,INCINRT_EGY,10.72138
2004,EN_MWT_TREATR,Slovakia,INCINRT_EGY,13.14286
2004,EN_MWT_TREATR,Slovakia,INCINRT,4.85714
2005,EN_MWT_TREATR,Slovakia,INCINRT,12.3297
2005,EN_MWT_TREATR,Slovakia,INCINRT_EGY,12.46594
2006,EN_MWT_TREATR,Slovakia,INCINRT_EGY,12.46719
2006,EN_MWT_TREATR,Slovakia,INCINRT,12.46719
2007,EN_MWT_TREATR,Slovakia,INCINRT_EGY,11.39962
2007,EN_MWT_TREATR,Slovakia,INCINRT,4.0532
2008,EN_MWT_TREATR,Slovakia,INCINRT_EGY,9.31198
2008,EN_MWT_TREATR,Slovakia,INCINRT,0.0
2009,EN_MWT_TREATR,Slovakia,INCINRT_EGY,11.06409
2009,EN_MWT_TREATR,Slovakia,INCINRT,0.18138
2010,EN_MWT_TREATR,Slovakia,INCINRT,0.69808
2010,EN_MWT_TREATR,Slovakia,INCINRT_EGY,10.64572
2011,EN_MWT_TREATR,Slovakia,INCINRT,0.23824
2011,EN_MWT_TREATR,Slovakia,INCINRT_EGY,11.07802
2012,EN_MWT_TREATR,Slovakia,INCINRT,0.2414
2012,EN_MWT_TREATR,Slovakia,INCINRT_EGY,10.13881
2013,EN_MWT_TREATR,Slovakia,INCINRT,0.0
2013,EN_MWT_TREATR,Slovakia,INCINRT_EGY,10.57751
2014,EN_MWT_TREATR,Slovakia,INCINRT_EGY,10.96365
2014,EN_MWT_TREATR,Slovakia,INCINRT,0.23081
2015,EN_MWT_TREATR,Slovakia,INCINRT_EGY,10.70628
2015,EN_MWT_TREATR,Slovakia,INCINRT,0.0
2016,EN_MWT_TREATR,Slovakia,INCINRT_EGY,10.42328
2016,EN_MWT_TREATR,Slovakia,INCINRT,0.0
2017,EN_MWT_TREATR,Slovakia,INCINRT_EGY,9.5724
2017,EN_MWT_TREATR,Slovakia,INCINRT,0.0
2018,EN_MWT_TREATR,Slovakia,INCINRT_EGY,8.29636
2018,EN_MWT_TREATR,Slovakia,INCINRT,1.33097
2019,EN_MWT_TREATR,Slovakia,INCINRT_EGY,9.1779
2019,EN_MWT_TREATR,Slovakia,INCINRT,3.69726
2020,EN_MWT_TREATR,Slovakia,INCINRT_EGY,7.38897
2020,EN_MWT_TREATR,Slovakia,INCINRT,0.0
2021,EN_MWT_TREATR,Slovakia,INCINRT_EGY,8.14212
2021,EN_MWT_TREATR,Slovakia,INCINRT,0.0
2000,EN_MWT_TREATR,Slovenia,INCINRT_EGY,0.0
2000,EN_MWT_TREATR,Slovenia,INCINRT,0.0
2001,EN_MWT_TREATR,Slovenia,INCINRT_EGY,0.0
2001,EN_MWT_TREATR,Slovenia,INCINRT,0.0
2002,EN_MWT_TREATR,Slovenia,INCINRT_EGY,0.61576
2002,EN_MWT_TREATR,Slovenia,INCINRT,0.0
2003,EN_MWT_TREATR,Slovenia,INCINRT,0.0
2003,EN_MWT_TREATR,Slovenia,INCINRT_EGY,0.59952
2004,EN_MWT_TREATR,Slovenia,INCINRT,0.0
2004,EN_MWT_TREATR,Slovenia,INCINRT_EGY,1.54799
2005,EN_MWT_TREATR,Slovenia,INCINRT,0.0
2005,EN_MWT_TREATR,Slovenia,INCINRT_EGY,0.10111
2006,EN_MWT_TREATR,Slovenia,INCINRT,0.0
2006,EN_MWT_TREATR,Slovenia,INCINRT_EGY,0.09653
2007,EN_MWT_TREATR,Slovenia,INCINRT_EGY,0.0
2007,EN_MWT_TREATR,Slovenia,INCINRT,0.0
2008,EN_MWT_TREATR,Slovenia,INCINRT,0.0
2008,EN_MWT_TREATR,Slovenia,INCINRT_EGY,1.18721
2009,EN_MWT_TREATR,Slovenia,INCINRT,0.0
2009,EN_MWT_TREATR,Slovenia,INCINRT_EGY,1.30964
2010,EN_MWT_TREATR,Slovenia,INCINRT,0.0996
2010,EN_MWT_TREATR,Slovenia,INCINRT_EGY,0.89641
2011,EN_MWT_TREATR,Slovenia,INCINRT_EGY,1.29108
2011,EN_MWT_TREATR,Slovenia,INCINRT,0.0
2012,EN_MWT_TREATR,Slovenia,INCINRT,0.13441
2012,EN_MWT_TREATR,Slovenia,INCINRT_EGY,1.34409
2013,EN_MWT_TREATR,Slovenia,INCINRT_EGY,0.46893
2013,EN_MWT_TREATR,Slovenia,INCINRT,0.11723
2014,EN_MWT_TREATR,Slovenia,INCINRT,0.0
2014,EN_MWT_TREATR,Slovenia,INCINRT_EGY,0.22422
2015,EN_MWT_TREATR,Slovenia,INCINRT,0.0
2015,EN_MWT_TREATR,Slovenia,INCINRT_EGY,17.06263
2016,EN_MWT_TREATR,Slovenia,INCINRT,2.01485
2016,EN_MWT_TREATR,Slovenia,INCINRT_EGY,19.93637
2017,EN_MWT_TREATR,Slovenia,INCINRT_EGY,11.3963
2017,EN_MWT_TREATR,Slovenia,INCINRT,3.79877
2018,EN_MWT_TREATR,Slovenia,INCINRT_EGY,10.40634
2018,EN_MWT_TREATR,Slovenia,INCINRT,0.69376
2019,EN_MWT_TREATR,Slovenia,INCINRT_EGY,13.02281
2019,EN_MWT_TREATR,Slovenia,INCINRT,0.09506
2020,EN_MWT_TREATR,Slovenia,INCINRT,2.05078
2020,EN_MWT_TREATR,Slovenia,INCINRT_EGY,13.08594
2021,EN_MWT_TREATR,Slovenia,INCINRT,1.94986
2021,EN_MWT_TREATR,Slovenia,INCINRT_EGY,10.95636
2000,EN_MWT_TREATR,Spain,INCINRT_EGY,5.51594
2000,EN_MWT_TREATR,Spain,INCINRT,0.0
2001,EN_MWT_TREATR,Spain,INCINRT_EGY,5.59062
2001,EN_MWT_TREATR,Spain,INCINRT,0.0
2002,EN_MWT_TREATR,Spain,INCINRT_EGY,5.93471
2002,EN_MWT_TREATR,Spain,INCINRT,0.0
2003,EN_MWT_TREATR,Spain,INCINRT_EGY,6.47231
2003,EN_MWT_TREATR,Spain,INCINRT,0.0
2004,EN_MWT_TREATR,Spain,INCINRT_EGY,5.21634
2004,EN_MWT_TREATR,Spain,INCINRT,0.0
2005,EN_MWT_TREATR,Spain,INCINRT_EGY,7.45629
2005,EN_MWT_TREATR,Spain,INCINRT,0.0
2006,EN_MWT_TREATR,Spain,INCINRT,1.36594
2006,EN_MWT_TREATR,Spain,INCINRT_EGY,9.0923
2007,EN_MWT_TREATR,Spain,INCINRT_EGY,9.90671
2007,EN_MWT_TREATR,Spain,INCINRT,1.49117
2008,EN_MWT_TREATR,Spain,INCINRT_EGY,8.57132
2008,EN_MWT_TREATR,Spain,INCINRT,0.0
2009,EN_MWT_TREATR,Spain,INCINRT_EGY,8.92544
2009,EN_MWT_TREATR,Spain,INCINRT,0.0
2010,EN_MWT_TREATR,Spain,INCINRT,0.0
2010,EN_MWT_TREATR,Spain,INCINRT_EGY,8.59763
2011,EN_MWT_TREATR,Spain,INCINRT_EGY,10.32992
2011,EN_MWT_TREATR,Spain,INCINRT,0.0
2012,EN_MWT_TREATR,Spain,INCINRT_EGY,9.6456
2012,EN_MWT_TREATR,Spain,INCINRT,0.0
2013,EN_MWT_TREATR,Spain,INCINRT_EGY,11.7636
2013,EN_MWT_TREATR,Spain,INCINRT,0.0
2014,EN_MWT_TREATR,Spain,INCINRT_EGY,11.48973
2014,EN_MWT_TREATR,Spain,INCINRT,0.0
2015,EN_MWT_TREATR,Spain,INCINRT_EGY,12.69024
2015,EN_MWT_TREATR,Spain,INCINRT,0.0
2016,EN_MWT_TREATR,Spain,INCINRT_EGY,12.01838
2016,EN_MWT_TREATR,Spain,INCINRT,0.0
2017,EN_MWT_TREATR,Spain,INCINRT_EGY,12.73503
2017,EN_MWT_TREATR,Spain,INCINRT,0.0
2018,EN_MWT_TREATR,Spain,INCINRT,0.0
2018,EN_MWT_TREATR,Spain,INCINRT_EGY,11.60646
2019,EN_MWT_TREATR,Spain,INCINRT,0.0
2019,EN_MWT_TREATR,Spain,INCINRT_EGY,10.98284
2000,EN_MWT_TREATR,Sweden,INCINRT_EGY,38.61649
2000,EN_MWT_TREATR,Sweden,INCINRT,0.0
2001,EN_MWT_TREATR,Sweden,INCINRT_EGY,38.49501
2001,EN_MWT_TREATR,Sweden,INCINRT,0.0
2002,EN_MWT_TREATR,Sweden,INCINRT_EGY,40.37117
2002,EN_MWT_TREATR,Sweden,INCINRT,0.0
2003,EN_MWT_TREATR,Sweden,INCINRT_EGY,44.91464
2003,EN_MWT_TREATR,Sweden,INCINRT,0.0
2004,EN_MWT_TREATR,Sweden,INCINRT_EGY,46.92252
2004,EN_MWT_TREATR,Sweden,INCINRT,0.0
2005,EN_MWT_TREATR,Sweden,INCINRT,0.0
2005,EN_MWT_TREATR,Sweden,INCINRT_EGY,50.49757
2006,EN_MWT_TREATR,Sweden,INCINRT_EGY,47.25398
2006,EN_MWT_TREATR,Sweden,INCINRT,0.0
2007,EN_MWT_TREATR,Sweden,INCINRT_EGY,49.12556
2007,EN_MWT_TREATR,Sweden,INCINRT,0.0
2008,EN_MWT_TREATR,Sweden,INCINRT_EGY,51.22878
2008,EN_MWT_TREATR,Sweden,INCINRT,0.0
2009,EN_MWT_TREATR,Sweden,INCINRT_EGY,49.49886
2009,EN_MWT_TREATR,Sweden,INCINRT,0.0
2010,EN_MWT_TREATR,Sweden,INCINRT,0.0
2010,EN_MWT_TREATR,Sweden,INCINRT_EGY,51.30435
2011,EN_MWT_TREATR,Sweden,INCINRT,0.0
2011,EN_MWT_TREATR,Sweden,INCINRT_EGY,52.26741
2012,EN_MWT_TREATR,Sweden,INCINRT,0.0
2012,EN_MWT_TREATR,Sweden,INCINRT_EGY,52.52081
2013,EN_MWT_TREATR,Sweden,INCINRT_EGY,51.15534
2013,EN_MWT_TREATR,Sweden,INCINRT,0.0
2014,EN_MWT_TREATR,Sweden,INCINRT,0.0
2014,EN_MWT_TREATR,Sweden,INCINRT_EGY,50.03492
2015,EN_MWT_TREATR,Sweden,INCINRT,0.0
2015,EN_MWT_TREATR,Sweden,INCINRT_EGY,51.65084
2016,EN_MWT_TREATR,Sweden,INCINRT_EGY,50.97995
2016,EN_MWT_TREATR,Sweden,INCINRT,0.0
2017,EN_MWT_TREATR,Sweden,INCINRT_EGY,52.73566
2017,EN_MWT_TREATR,Sweden,INCINRT,0.0
2018,EN_MWT_TREATR,Sweden,INCINRT_EGY,53.48732
2018,EN_MWT_TREATR,Sweden,INCINRT,0.0
2019,EN_MWT_TREATR,Sweden,INCINRT_EGY,52.635
2019,EN_MWT_TREATR,Sweden,INCINRT,0.0
2020,EN_MWT_TREATR,Sweden,INCINRT_EGY,60.08969
2020,EN_MWT_TREATR,Sweden,INCINRT,0.0
2021,EN_MWT_TREATR,Sweden,INCINRT_EGY,59.71967
2021,EN_MWT_TREATR,Sweden,INCINRT,0.0
2000,EN_MWT_TREATR,Switzerland,INCINRT_EGY,46.48066
2000,EN_MWT_TREATR,Switzerland,INCINRT,0.0
2001,EN_MWT_TREATR,Switzerland,INCINRT,0.0
2001,EN_MWT_TREATR,Switzerland,INCINRT_EGY,49.16562
2002,EN_MWT_TREATR,Switzerland,INCINRT_EGY,51.66126
2002,EN_MWT_TREATR,Switzerland,INCINRT,0.0
2003,EN_MWT_TREATR,Switzerland,INCINRT,0.0
2003,EN_MWT_TREATR,Switzerland,INCINRT_EGY,51.05777
2004,EN_MWT_TREATR,Switzerland,INCINRT_EGY,51.28571
2004,EN_MWT_TREATR,Switzerland,INCINRT,0.0
2005,EN_MWT_TREATR,Switzerland,INCINRT,0.0
2005,EN_MWT_TREATR,Switzerland,INCINRT_EGY,49.39271
2006,EN_MWT_TREATR,Switzerland,INCINRT_EGY,49.90619
2006,EN_MWT_TREATR,Switzerland,INCINRT,0.0
2007,EN_MWT_TREATR,Switzerland,INCINRT_EGY,49.03934
2007,EN_MWT_TREATR,Switzerland,INCINRT,0.0
2008,EN_MWT_TREATR,Switzerland,INCINRT,0.0
2008,EN_MWT_TREATR,Switzerland,INCINRT_EGY,50.06191
2009,EN_MWT_TREATR,Switzerland,INCINRT_EGY,48.70903
2009,EN_MWT_TREATR,Switzerland,INCINRT,0.0
2010,EN_MWT_TREATR,Switzerland,INCINRT_EGY,49.54178
2010,EN_MWT_TREATR,Switzerland,INCINRT,0.0
2011,EN_MWT_TREATR,Switzerland,INCINRT,0.0
2011,EN_MWT_TREATR,Switzerland,INCINRT_EGY,49.87222
2012,EN_MWT_TREATR,Switzerland,INCINRT,0.0
2012,EN_MWT_TREATR,Switzerland,INCINRT_EGY,49.96413
2013,EN_MWT_TREATR,Switzerland,INCINRT,0.0
2013,EN_MWT_TREATR,Switzerland,INCINRT_EGY,49.01892
2014,EN_MWT_TREATR,Switzerland,INCINRT,0.0
2014,EN_MWT_TREATR,Switzerland,INCINRT_EGY,46.45355
2015,EN_MWT_TREATR,Switzerland,INCINRT_EGY,47.26368
2015,EN_MWT_TREATR,Switzerland,INCINRT,0.0
2016,EN_MWT_TREATR,Switzerland,INCINRT,0.0
2016,EN_MWT_TREATR,Switzerland,INCINRT_EGY,47.53719
2017,EN_MWT_TREATR,Switzerland,INCINRT_EGY,47.49666
2017,EN_MWT_TREATR,Switzerland,INCINRT,0.0
2018,EN_MWT_TREATR,Switzerland,INCINRT_EGY,47.50499
2018,EN_MWT_TREATR,Switzerland,INCINRT,0.0
2019,EN_MWT_TREATR,Switzerland,INCINRT,0.0
2019,EN_MWT_TREATR,Switzerland,INCINRT_EGY,46.99786
2020,EN_MWT_TREATR,Switzerland,INCINRT,0.0
2020,EN_MWT_TREATR,Switzerland,INCINRT_EGY,47.16207
2021,EN_MWT_TREATR,Switzerland,INCINRT_EGY,47.73246
2021,EN_MWT_TREATR,Switzerland,INCINRT,0.0
2000,EN_MWT_TREATR,Türkiye,INCINRT_EGY,0.0
2000,EN_MWT_TREATR,Türkiye,INCINRT,0.0
2001,EN_MWT_TREATR,Türkiye,INCINRT_EGY,0.0
2001,EN_MWT_TREATR,Türkiye,INCINRT,0.0
2002,EN_MWT_TREATR,Türkiye,INCINRT_EGY,0.0
2002,EN_MWT_TREATR,Türkiye,INCINRT,0.0
2003,EN_MWT_TREATR,Türkiye,INCINRT,0.0
2003,EN_MWT_TREATR,Türkiye,INCINRT_EGY,0.0
2004,EN_MWT_TREATR,Türkiye,INCINRT_EGY,0.0
2004,EN_MWT_TREATR,Türkiye,INCINRT,0.0
2005,EN_MWT_TREATR,Türkiye,INCINRT,0.0
2005,EN_MWT_TREATR,Türkiye,INCINRT_EGY,0.0
2006,EN_MWT_TREATR,Türkiye,INCINRT,0.0
2006,EN_MWT_TREATR,Türkiye,INCINRT_EGY,0.0
2007,EN_MWT_TREATR,Türkiye,INCINRT_EGY,0.0
2007,EN_MWT_TREATR,Türkiye,INCINRT,0.0
2008,EN_MWT_TREATR,Türkiye,INCINRT,0.0
2008,EN_MWT_TREATR,Türkiye,INCINRT_EGY,0.0
2009,EN_MWT_TREATR,Türkiye,INCINRT_EGY,0.0
2009,EN_MWT_TREATR,Türkiye,INCINRT,0.0
2010,EN_MWT_TREATR,Türkiye,INCINRT,0.0
2010,EN_MWT_TREATR,Türkiye,INCINRT_EGY,0.0
2011,EN_MWT_TREATR,Türkiye,INCINRT_EGY,0.0
2011,EN_MWT_TREATR,Türkiye,INCINRT,0.0
2012,EN_MWT_TREATR,Türkiye,INCINRT,0.0
2012,EN_MWT_TREATR,Türkiye,INCINRT_EGY,0.0
2013,EN_MWT_TREATR,Türkiye,INCINRT,0.0
2013,EN_MWT_TREATR,Türkiye,INCINRT_EGY,0.0
2014,EN_MWT_TREATR,Türkiye,INCINRT,0.0
2014,EN_MWT_TREATR,Türkiye,INCINRT_EGY,0.0
2015,EN_MWT_TREATR,Türkiye,INCINRT,0.0
2015,EN_MWT_TREATR,Türkiye,INCINRT_EGY,0.0
2016,EN_MWT_TREATR,Türkiye,INCINRT_EGY,0.0
2016,EN_MWT_TREATR,Türkiye,INCINRT,0.0
2017,EN_MWT_TREATR,Türkiye,INCINRT,0.0
2017,EN_MWT_TREATR,Türkiye,INCINRT_EGY,0.0
2018,EN_MWT_TREATR,Türkiye,INCINRT,0.0
2018,EN_MWT_TREATR,Türkiye,INCINRT_EGY,0.0
2019,EN_MWT_TREATR,Türkiye,INCINRT,0.0
2019,EN_MWT_TREATR,Türkiye,INCINRT_EGY,0.0
2020,EN_MWT_TREATR,Türkiye,INCINRT_EGY,0.0
2020,EN_MWT_TREATR,Türkiye,INCINRT,0.0
2008,EN_MWT_TREATR,North Macedonia,INCINRT,0.0
2011,EN_MWT_TREATR,North Macedonia,INCINRT,0.0
2000,EN_MWT_TREATR,United Kingdom of Great Britain and Northern Ireland,INCINRT_EGY,7.23332
2000,EN_MWT_TREATR,United Kingdom of Great Britain and Northern Ireland,INCINRT,0.0589
2001,EN_MWT_TREATR,United Kingdom of Great Britain and Northern Ireland,INCINRT,0.02575
2001,EN_MWT_TREATR,United Kingdom of Great Britain and Northern Ireland,INCINRT_EGY,7.25426
2002,EN_MWT_TREATR,United Kingdom of Great Britain and Northern Ireland,INCINRT_EGY,7.54531
2002,EN_MWT_TREATR,United Kingdom of Great Britain and Northern Ireland,INCINRT,0.0197
2003,EN_MWT_TREATR,United Kingdom of Great Britain and Northern Ireland,INCINRT_EGY,7.59092
2003,EN_MWT_TREATR,United Kingdom of Great Britain and Northern Ireland,INCINRT,0.02268
2004,EN_MWT_TREATR,United Kingdom of Great Britain and Northern Ireland,INCINRT_EGY,8.03134
2004,EN_MWT_TREATR,United Kingdom of Great Britain and Northern Ireland,INCINRT,0.02215
2005,EN_MWT_TREATR,United Kingdom of Great Britain and Northern Ireland,INCINRT_EGY,8.37675
2005,EN_MWT_TREATR,United Kingdom of Great Britain and Northern Ireland,INCINRT,0.01993
2006,EN_MWT_TREATR,United Kingdom of Great Britain and Northern Ireland,INCINRT_EGY,9.30691
2006,EN_MWT_TREATR,United Kingdom of Great Britain and Northern Ireland,INCINRT,0.01973
2007,EN_MWT_TREATR,United Kingdom of Great Britain and Northern Ireland,INCINRT,0.01725
2007,EN_MWT_TREATR,United Kingdom of Great Britain and Northern Ireland,INCINRT_EGY,9.33007
2008,EN_MWT_TREATR,United Kingdom of Great Britain and Northern Ireland,INCINRT_EGY,10.31594
2008,EN_MWT_TREATR,United Kingdom of Great Britain and Northern Ireland,INCINRT,0.02094
2009,EN_MWT_TREATR,United Kingdom of Great Britain and Northern Ireland,INCINRT,0.02153
2009,EN_MWT_TREATR,United Kingdom of Great Britain and Northern Ireland,INCINRT_EGY,11.52675
2010,EN_MWT_TREATR,United Kingdom of Great Britain and Northern Ireland,INCINRT_EGY,12.90565
2010,EN_MWT_TREATR,United Kingdom of Great Britain and Northern Ireland,INCINRT,0.01878
2011,EN_MWT_TREATR,United Kingdom of Great Britain and Northern Ireland,INCINRT,0.01609
2011,EN_MWT_TREATR,United Kingdom of Great Britain and Northern Ireland,INCINRT_EGY,16.22352
2012,EN_MWT_TREATR,United Kingdom of Great Britain and Northern Ireland,INCINRT_EGY,19.41604
2012,EN_MWT_TREATR,United Kingdom of Great Britain and Northern Ireland,INCINRT,0.83846
2013,EN_MWT_TREATR,United Kingdom of Great Britain and Northern Ireland,INCINRT,1.07802
2013,EN_MWT_TREATR,United Kingdom of Great Britain and Northern Ireland,INCINRT_EGY,21.84202
2014,EN_MWT_TREATR,United Kingdom of Great Britain and Northern Ireland,INCINRT_EGY,27.59485
2014,EN_MWT_TREATR,United Kingdom of Great Britain and Northern Ireland,INCINRT,1.48415
2015,EN_MWT_TREATR,United Kingdom of Great Britain and Northern Ireland,INCINRT,2.34154
2015,EN_MWT_TREATR,United Kingdom of Great Britain and Northern Ireland,INCINRT_EGY,32.861
2016,EN_MWT_TREATR,United Kingdom of Great Britain and Northern Ireland,INCINRT_EGY,36.22832
2016,EN_MWT_TREATR,United Kingdom of Great Britain and Northern Ireland,INCINRT,2.6837
2017,EN_MWT_TREATR,United Kingdom of Great Britain and Northern Ireland,INCINRT_EGY,39.27601
2017,EN_MWT_TREATR,United Kingdom of Great Britain and Northern Ireland,INCINRT,2.7918
2018,EN_MWT_TREATR,United Kingdom of Great Britain and Northern Ireland,INCINRT,2.93965
2018,EN_MWT_TREATR,United Kingdom of Great Britain and Northern Ireland,INCINRT_EGY,40.97642
2017,EN_MWT_TREATR,Uzbekistan,LANDFIL,91.02467
2018,EN_MWT_TREATR,Uzbekistan,LANDFIL,80.84263
2021,EN_MWT_TREATR,Uzbekistan,LANDFIL,77.56248
2021,EN_MWT_TREATR,Uzbekistan,LANDFIL,77.56248
