Year,SeriesCode,Country,Value
2005,EN_MAR_CHLDEV,Iceland,11.38058
2006,EN_MAR_CHLDEV,Iceland,4.80901
2007,EN_MAR_CHLDEV,Iceland,6.47039
2008,EN_MAR_CHLDEV,Iceland,10.61246
2009,EN_MAR_CHLDEV,Iceland,9.4695
2010,EN_MAR_CHLDEV,Iceland,11.93486
2011,EN_MAR_CHLDEV,Iceland,16.0508
2012,EN_MAR_CHLDEV,Iceland,10.94311
2013,EN_MAR_CHLDEV,Iceland,11.81647
2014,EN_MAR_CHLDEV,Iceland,14.18514
2015,EN_MAR_CHLDEV,Iceland,11.22996
2016,EN_MAR_CHLDEV,Iceland,9.92261
2017,EN_MAR_CHLDEV,Iceland,12.40693
2018,EN_MAR_CHLDEV,Iceland,8.71897
2019,EN_MAR_CHLDEV,Iceland,13.19985
2020,EN_MAR_CHLDEV,Iceland,11.46282
2021,EN_MAR_CHLDEV,Iceland,7.80764
2022,EN_MAR_CHLDEV,Iceland,10.15738
2005,EN_MAR_CHLDEV,India,4.30771
2006,EN_MAR_CHLDEV,India,3.71961
2007,EN_MAR_CHLDEV,India,3.04671
2008,EN_MAR_CHLDEV,India,2.59294
2009,EN_MAR_CHLDEV,India,4.26544
2010,EN_MAR_CHLDEV,India,2.36792
2011,EN_MAR_CHLDEV,India,1.82327
2012,EN_MAR_CHLDEV,India,2.46546
2013,EN_MAR_CHLDEV,India,4.29261
2014,EN_MAR_CHLDEV,India,2.50887
2015,EN_MAR_CHLDEV,India,0.9245
2016,EN_MAR_CHLDEV,India,5.81853
2017,EN_MAR_CHLDEV,India,4.3823
2018,EN_MAR_CHLDEV,India,5.36103
2019,EN_MAR_CHLDEV,India,3.97712
2020,EN_MAR_CHLDEV,India,5.13019
2021,EN_MAR_CHLDEV,India,3.48882
2022,EN_MAR_CHLDEV,India,5.69669
2005,EN_MAR_CHLDEV,Ireland,6.20969
2006,EN_MAR_CHLDEV,Ireland,1.43425
2007,EN_MAR_CHLDEV,Ireland,5.61287
2008,EN_MAR_CHLDEV,Ireland,4.22741
2009,EN_MAR_CHLDEV,Ireland,10.55514
2010,EN_MAR_CHLDEV,Ireland,4.49554
2011,EN_MAR_CHLDEV,Ireland,6.26931
2012,EN_MAR_CHLDEV,Ireland,11.47734
2013,EN_MAR_CHLDEV,Ireland,6.84682
2014,EN_MAR_CHLDEV,Ireland,11.75609
2015,EN_MAR_CHLDEV,Ireland,10.64502
2016,EN_MAR_CHLDEV,Ireland,8.28608
2017,EN_MAR_CHLDEV,Ireland,6.9568
2018,EN_MAR_CHLDEV,Ireland,5.63686
2019,EN_MAR_CHLDEV,Ireland,7.9678
2020,EN_MAR_CHLDEV,Ireland,9.16862
2021,EN_MAR_CHLDEV,Ireland,7.80383
2022,EN_MAR_CHLDEV,Ireland,7.1912
2005,EN_MAR_CHLDEV,Israel,1.48853
2006,EN_MAR_CHLDEV,Israel,1.29575
2007,EN_MAR_CHLDEV,Israel,0.89312
2008,EN_MAR_CHLDEV,Israel,0.6735
2009,EN_MAR_CHLDEV,Israel,2.67204
2010,EN_MAR_CHLDEV,Israel,0.54905
2011,EN_MAR_CHLDEV,Israel,0.86384
2012,EN_MAR_CHLDEV,Israel,0.15923
2013,EN_MAR_CHLDEV,Israel,1.69546
2014,EN_MAR_CHLDEV,Israel,1.51366
2015,EN_MAR_CHLDEV,Israel,2.14943
2016,EN_MAR_CHLDEV,Israel,1.37528
2017,EN_MAR_CHLDEV,Israel,0.25937
2018,EN_MAR_CHLDEV,Israel,0.37044
2019,EN_MAR_CHLDEV,Israel,0.46915
2020,EN_MAR_CHLDEV,Israel,4.53409
2021,EN_MAR_CHLDEV,Israel,10.70957
2022,EN_MAR_CHLDEV,Israel,0.45118
2005,EN_MAR_CHLDEV,Italy,3.88053
2006,EN_MAR_CHLDEV,Italy,2.26854
2007,EN_MAR_CHLDEV,Italy,0.60136
2008,EN_MAR_CHLDEV,Italy,1.26326
2009,EN_MAR_CHLDEV,Italy,2.4842
2010,EN_MAR_CHLDEV,Italy,2.78981
2011,EN_MAR_CHLDEV,Italy,1.67843
2012,EN_MAR_CHLDEV,Italy,0.45131
2013,EN_MAR_CHLDEV,Italy,4.69379
2014,EN_MAR_CHLDEV,Italy,1.71756
2015,EN_MAR_CHLDEV,Italy,1.21291
2016,EN_MAR_CHLDEV,Italy,0.25095
2005,EN_MAR_CHLDEV,Albania,4.52923
2006,EN_MAR_CHLDEV,Albania,4.14915
2007,EN_MAR_CHLDEV,Albania,1.1602
2008,EN_MAR_CHLDEV,Albania,4.61847
2009,EN_MAR_CHLDEV,Albania,8.44861
2010,EN_MAR_CHLDEV,Albania,15.26104
2011,EN_MAR_CHLDEV,Albania,5.45515
2012,EN_MAR_CHLDEV,Albania,3.76312
2013,EN_MAR_CHLDEV,Albania,4.50608
2014,EN_MAR_CHLDEV,Albania,1.93069
2015,EN_MAR_CHLDEV,Albania,1.41945
2016,EN_MAR_CHLDEV,Albania,0.32468
2017,EN_MAR_CHLDEV,Albania,1.81572
2018,EN_MAR_CHLDEV,Albania,5.94166
2019,EN_MAR_CHLDEV,Albania,0.70932
2020,EN_MAR_CHLDEV,Albania,0.21287
2021,EN_MAR_CHLDEV,Albania,3.34445
2022,EN_MAR_CHLDEV,Albania,0.63881
2005,EN_MAR_CHLDEV,Azerbaijan,1.16338
2006,EN_MAR_CHLDEV,Azerbaijan,2.20317
2007,EN_MAR_CHLDEV,Azerbaijan,0.47972
2008,EN_MAR_CHLDEV,Azerbaijan,0.60652
2009,EN_MAR_CHLDEV,Azerbaijan,6.67769
2010,EN_MAR_CHLDEV,Azerbaijan,1.25334
2011,EN_MAR_CHLDEV,Azerbaijan,0.4664
2012,EN_MAR_CHLDEV,Azerbaijan,1.41772
2013,EN_MAR_CHLDEV,Azerbaijan,1.31054
2014,EN_MAR_CHLDEV,Azerbaijan,0.72327
2015,EN_MAR_CHLDEV,Azerbaijan,2.04778
2016,EN_MAR_CHLDEV,Azerbaijan,5.22882
2017,EN_MAR_CHLDEV,Azerbaijan,6.53475
2018,EN_MAR_CHLDEV,Azerbaijan,2.3698
2019,EN_MAR_CHLDEV,Azerbaijan,2.48328
2020,EN_MAR_CHLDEV,Azerbaijan,3.88869
2021,EN_MAR_CHLDEV,Azerbaijan,1.40204
2022,EN_MAR_CHLDEV,Azerbaijan,0.30166
2005,EN_MAR_CHLDEV,Australia,2.03464
2006,EN_MAR_CHLDEV,Australia,2.36468
2007,EN_MAR_CHLDEV,Australia,2.23422
2008,EN_MAR_CHLDEV,Australia,2.14811
2009,EN_MAR_CHLDEV,Australia,3.18916
2010,EN_MAR_CHLDEV,Australia,1.98531
2011,EN_MAR_CHLDEV,Australia,3.18841
2012,EN_MAR_CHLDEV,Australia,1.84505
2013,EN_MAR_CHLDEV,Australia,2.87993
2014,EN_MAR_CHLDEV,Australia,2.76403
2015,EN_MAR_CHLDEV,Australia,1.87536
2016,EN_MAR_CHLDEV,Australia,1.62371
2017,EN_MAR_CHLDEV,Australia,2.10528
2018,EN_MAR_CHLDEV,Australia,1.85925
2019,EN_MAR_CHLDEV,Australia,2.99635
2020,EN_MAR_CHLDEV,Australia,5.07104
2021,EN_MAR_CHLDEV,Australia,3.82413
2022,EN_MAR_CHLDEV,Australia,3.50805
2005,EN_MAR_CHLDEV,Belgium,1.21206
2006,EN_MAR_CHLDEV,Belgium,1.99381
2007,EN_MAR_CHLDEV,Belgium,3.4749
2008,EN_MAR_CHLDEV,Belgium,11.46279
2009,EN_MAR_CHLDEV,Belgium,19.51164
2010,EN_MAR_CHLDEV,Belgium,4.08128
2011,EN_MAR_CHLDEV,Belgium,1.83826
2012,EN_MAR_CHLDEV,Belgium,1.58103
2013,EN_MAR_CHLDEV,Belgium,2.37154
2014,EN_MAR_CHLDEV,Belgium,1.18214
2015,EN_MAR_CHLDEV,Belgium,1.99841
2016,EN_MAR_CHLDEV,Belgium,2.43993
2017,EN_MAR_CHLDEV,Belgium,1.4973
2018,EN_MAR_CHLDEV,Belgium,7.14286
2019,EN_MAR_CHLDEV,Belgium,0.94334
2021,EN_MAR_CHLDEV,Belgium,0.3937
2022,EN_MAR_CHLDEV,Belgium,0.0
2005,EN_MAR_CHLDEV,Bulgaria,4.16893
2006,EN_MAR_CHLDEV,Bulgaria,4.93915
2007,EN_MAR_CHLDEV,Bulgaria,1.72057
2008,EN_MAR_CHLDEV,Bulgaria,9.42693
2009,EN_MAR_CHLDEV,Bulgaria,5.59415
2010,EN_MAR_CHLDEV,Bulgaria,8.67561
2011,EN_MAR_CHLDEV,Bulgaria,1.28027
2012,EN_MAR_CHLDEV,Bulgaria,0.48363
2013,EN_MAR_CHLDEV,Bulgaria,3.09397
2014,EN_MAR_CHLDEV,Bulgaria,1.86093
2015,EN_MAR_CHLDEV,Bulgaria,1.97014
2016,EN_MAR_CHLDEV,Bulgaria,0.36347
2017,EN_MAR_CHLDEV,Bulgaria,0.40892
2018,EN_MAR_CHLDEV,Bulgaria,2.40777
2019,EN_MAR_CHLDEV,Bulgaria,9.28366
2020,EN_MAR_CHLDEV,Bulgaria,2.18754
2021,EN_MAR_CHLDEV,Bulgaria,6.8751
2022,EN_MAR_CHLDEV,Bulgaria,11.11479
2005,EN_MAR_CHLDEV,Canada,7.05486
2006,EN_MAR_CHLDEV,Canada,7.70478
2007,EN_MAR_CHLDEV,Canada,5.63983
2008,EN_MAR_CHLDEV,Canada,6.78666
2009,EN_MAR_CHLDEV,Canada,11.67886
2010,EN_MAR_CHLDEV,Canada,11.32608
2011,EN_MAR_CHLDEV,Canada,13.58565
2012,EN_MAR_CHLDEV,Canada,9.20737
2013,EN_MAR_CHLDEV,Canada,10.78993
2014,EN_MAR_CHLDEV,Canada,10.17873
2015,EN_MAR_CHLDEV,Canada,9.81736
2016,EN_MAR_CHLDEV,Canada,9.75849
2017,EN_MAR_CHLDEV,Canada,10.15095
2018,EN_MAR_CHLDEV,Canada,12.08287
2019,EN_MAR_CHLDEV,Canada,10.60626
2020,EN_MAR_CHLDEV,Canada,12.84909
2021,EN_MAR_CHLDEV,Canada,11.47433
2022,EN_MAR_CHLDEV,Canada,15.64569
2005,EN_MAR_CHLDEV,Chile,6.99464
2006,EN_MAR_CHLDEV,Chile,4.90543
2007,EN_MAR_CHLDEV,Chile,4.10068
2008,EN_MAR_CHLDEV,Chile,4.70133
2009,EN_MAR_CHLDEV,Chile,6.18969
2010,EN_MAR_CHLDEV,Chile,6.58532
2011,EN_MAR_CHLDEV,Chile,7.93594
2012,EN_MAR_CHLDEV,Chile,4.95451
2013,EN_MAR_CHLDEV,Chile,6.92996
2014,EN_MAR_CHLDEV,Chile,10.70367
2015,EN_MAR_CHLDEV,Chile,7.33198
2016,EN_MAR_CHLDEV,Chile,4.34119
2017,EN_MAR_CHLDEV,Chile,6.25192
2018,EN_MAR_CHLDEV,Chile,8.1322
2019,EN_MAR_CHLDEV,Chile,7.53821
2020,EN_MAR_CHLDEV,Chile,9.02231
2021,EN_MAR_CHLDEV,Chile,12.12368
2022,EN_MAR_CHLDEV,Chile,8.73802
2005,EN_MAR_CHLDEV,China,5.21269
2006,EN_MAR_CHLDEV,China,5.84879
2007,EN_MAR_CHLDEV,China,4.84769
2008,EN_MAR_CHLDEV,China,5.41088
2009,EN_MAR_CHLDEV,China,4.92643
2010,EN_MAR_CHLDEV,China,5.46808
2011,EN_MAR_CHLDEV,China,4.58406
2012,EN_MAR_CHLDEV,China,4.63969
2013,EN_MAR_CHLDEV,China,6.50351
2014,EN_MAR_CHLDEV,China,5.54082
2015,EN_MAR_CHLDEV,China,4.71785
2016,EN_MAR_CHLDEV,China,3.96695
2017,EN_MAR_CHLDEV,China,3.16634
2018,EN_MAR_CHLDEV,China,2.21993
2019,EN_MAR_CHLDEV,China,2.51755
2020,EN_MAR_CHLDEV,China,2.78657
2021,EN_MAR_CHLDEV,China,1.63732
2022,EN_MAR_CHLDEV,China,2.58786
2005,EN_MAR_CHLDEV,Colombia,2.95442
2006,EN_MAR_CHLDEV,Colombia,3.16311
2007,EN_MAR_CHLDEV,Colombia,2.84049
2008,EN_MAR_CHLDEV,Colombia,1.73234
2009,EN_MAR_CHLDEV,Colombia,2.22471
2010,EN_MAR_CHLDEV,Colombia,2.53591
2011,EN_MAR_CHLDEV,Colombia,3.44427
2012,EN_MAR_CHLDEV,Colombia,1.56602
2013,EN_MAR_CHLDEV,Colombia,2.46406
2014,EN_MAR_CHLDEV,Colombia,1.57105
2015,EN_MAR_CHLDEV,Colombia,2.29865
2016,EN_MAR_CHLDEV,Colombia,1.13087
2017,EN_MAR_CHLDEV,Colombia,1.42212
2018,EN_MAR_CHLDEV,Colombia,1.45315
2019,EN_MAR_CHLDEV,Colombia,1.52963
2020,EN_MAR_CHLDEV,Colombia,1.23789
2021,EN_MAR_CHLDEV,Colombia,1.61085
2022,EN_MAR_CHLDEV,Colombia,0.8885
2005,EN_MAR_CHLDEV,Costa Rica,1.59615
2006,EN_MAR_CHLDEV,Costa Rica,2.73119
2007,EN_MAR_CHLDEV,Costa Rica,5.91319
2008,EN_MAR_CHLDEV,Costa Rica,2.10933
2009,EN_MAR_CHLDEV,Costa Rica,2.16559
2010,EN_MAR_CHLDEV,Costa Rica,1.83615
2011,EN_MAR_CHLDEV,Costa Rica,11.27321
2012,EN_MAR_CHLDEV,Costa Rica,3.16074
2013,EN_MAR_CHLDEV,Costa Rica,12.75829
2014,EN_MAR_CHLDEV,Costa Rica,1.27196
2015,EN_MAR_CHLDEV,Costa Rica,0.51069
2016,EN_MAR_CHLDEV,Costa Rica,2.28519
2017,EN_MAR_CHLDEV,Costa Rica,1.31879
2018,EN_MAR_CHLDEV,Costa Rica,0.5876
2019,EN_MAR_CHLDEV,Costa Rica,0.85611
2020,EN_MAR_CHLDEV,Costa Rica,2.01005
2021,EN_MAR_CHLDEV,Costa Rica,1.4854
2022,EN_MAR_CHLDEV,Costa Rica,1.33904
2005,EN_MAR_CHLDEV,Croatia,0.5876
2006,EN_MAR_CHLDEV,Croatia,1.98793
2007,EN_MAR_CHLDEV,Croatia,0.24971
2008,EN_MAR_CHLDEV,Croatia,1.70606
2009,EN_MAR_CHLDEV,Croatia,3.22913
2010,EN_MAR_CHLDEV,Croatia,3.29982
2011,EN_MAR_CHLDEV,Croatia,2.28946
2012,EN_MAR_CHLDEV,Croatia,0.38562
2013,EN_MAR_CHLDEV,Croatia,2.68934
2014,EN_MAR_CHLDEV,Croatia,0.78792
2015,EN_MAR_CHLDEV,Croatia,0.51874
2016,EN_MAR_CHLDEV,Croatia,0.25081
2017,EN_MAR_CHLDEV,Croatia,0.13652
2018,EN_MAR_CHLDEV,Croatia,0.87036
2019,EN_MAR_CHLDEV,Croatia,0.19819
2020,EN_MAR_CHLDEV,Croatia,0.85328
2021,EN_MAR_CHLDEV,Croatia,0.46349
2022,EN_MAR_CHLDEV,Croatia,0.04665
2005,EN_MAR_CHLDEV,Cyprus,0.03237
2006,EN_MAR_CHLDEV,Cyprus,0.67684
2007,EN_MAR_CHLDEV,Cyprus,5.43525
2008,EN_MAR_CHLDEV,Cyprus,0.03372
2009,EN_MAR_CHLDEV,Cyprus,0.04197
2010,EN_MAR_CHLDEV,Cyprus,0.08737
2011,EN_MAR_CHLDEV,Cyprus,0.14988
2012,EN_MAR_CHLDEV,Cyprus,0.07214
2013,EN_MAR_CHLDEV,Cyprus,0.04735
2014,EN_MAR_CHLDEV,Cyprus,0.03834
2015,EN_MAR_CHLDEV,Cyprus,0.0433
2016,EN_MAR_CHLDEV,Cyprus,0.03607
2017,EN_MAR_CHLDEV,Cyprus,0.05049
2018,EN_MAR_CHLDEV,Cyprus,0.12025
2019,EN_MAR_CHLDEV,Cyprus,0.22297
2020,EN_MAR_CHLDEV,Cyprus,0.20735
2021,EN_MAR_CHLDEV,Cyprus,1.48557
2022,EN_MAR_CHLDEV,Cyprus,0.01967
2005,EN_MAR_CHLDEV,Denmark,1.86536
2006,EN_MAR_CHLDEV,Denmark,2.54946
2007,EN_MAR_CHLDEV,Denmark,5.67924
2008,EN_MAR_CHLDEV,Denmark,6.44745
2009,EN_MAR_CHLDEV,Denmark,3.48344
2010,EN_MAR_CHLDEV,Denmark,2.28091
2011,EN_MAR_CHLDEV,Denmark,6.44146
2012,EN_MAR_CHLDEV,Denmark,3.92073
2013,EN_MAR_CHLDEV,Denmark,2.97247
2014,EN_MAR_CHLDEV,Denmark,2.79938
2015,EN_MAR_CHLDEV,Denmark,6.30996
2016,EN_MAR_CHLDEV,Denmark,3.06505
2017,EN_MAR_CHLDEV,Denmark,3.57844
2018,EN_MAR_CHLDEV,Denmark,1.11015
2019,EN_MAR_CHLDEV,Denmark,3.56811
2020,EN_MAR_CHLDEV,Denmark,3.87021
2021,EN_MAR_CHLDEV,Denmark,2.581
2022,EN_MAR_CHLDEV,Denmark,2.78762
2005,EN_MAR_CHLDEV,Estonia,1.51921
2006,EN_MAR_CHLDEV,Estonia,0.56911
2007,EN_MAR_CHLDEV,Estonia,0.51643
2008,EN_MAR_CHLDEV,Estonia,0.7973
2009,EN_MAR_CHLDEV,Estonia,0.48784
2010,EN_MAR_CHLDEV,Estonia,0.64761
2011,EN_MAR_CHLDEV,Estonia,0.76199
2012,EN_MAR_CHLDEV,Estonia,3.81015
2013,EN_MAR_CHLDEV,Estonia,2.30709
2014,EN_MAR_CHLDEV,Estonia,1.24961
2015,EN_MAR_CHLDEV,Estonia,1.02607
2016,EN_MAR_CHLDEV,Estonia,1.1659
2017,EN_MAR_CHLDEV,Estonia,1.72836
2018,EN_MAR_CHLDEV,Estonia,1.19478
2019,EN_MAR_CHLDEV,Estonia,1.43434
2020,EN_MAR_CHLDEV,Estonia,1.11537
2021,EN_MAR_CHLDEV,Estonia,0.90704
2022,EN_MAR_CHLDEV,Estonia,1.01505
2005,EN_MAR_CHLDEV,Finland,1.51286
2006,EN_MAR_CHLDEV,Finland,0.90536
2007,EN_MAR_CHLDEV,Finland,1.43337
2008,EN_MAR_CHLDEV,Finland,1.63576
2009,EN_MAR_CHLDEV,Finland,0.71646
2010,EN_MAR_CHLDEV,Finland,0.73382
2011,EN_MAR_CHLDEV,Finland,0.39653
2012,EN_MAR_CHLDEV,Finland,6.19252
2013,EN_MAR_CHLDEV,Finland,2.25493
2014,EN_MAR_CHLDEV,Finland,2.44967
2015,EN_MAR_CHLDEV,Finland,2.27454
2016,EN_MAR_CHLDEV,Finland,3.63565
2017,EN_MAR_CHLDEV,Finland,3.1946
2018,EN_MAR_CHLDEV,Finland,2.53959
2019,EN_MAR_CHLDEV,Finland,8.19352
2020,EN_MAR_CHLDEV,Finland,8.50139
2021,EN_MAR_CHLDEV,Finland,2.04491
2022,EN_MAR_CHLDEV,Finland,2.66017
2005,EN_MAR_CHLDEV,France,3.07679
2006,EN_MAR_CHLDEV,France,2.19209
2007,EN_MAR_CHLDEV,France,3.20013
2008,EN_MAR_CHLDEV,France,2.8826
2009,EN_MAR_CHLDEV,France,2.87727
2010,EN_MAR_CHLDEV,France,2.34783
2011,EN_MAR_CHLDEV,France,4.55513
2012,EN_MAR_CHLDEV,France,2.42255
2013,EN_MAR_CHLDEV,France,2.44191
2014,EN_MAR_CHLDEV,France,6.42791
2015,EN_MAR_CHLDEV,France,2.78822
2016,EN_MAR_CHLDEV,France,1.35719
2017,EN_MAR_CHLDEV,France,1.18126
2018,EN_MAR_CHLDEV,France,4.23569
2019,EN_MAR_CHLDEV,France,3.37304
2020,EN_MAR_CHLDEV,France,2.20585
2021,EN_MAR_CHLDEV,France,3.41925
2017,EN_MAR_CHLDEV,Italy,0.15158
2018,EN_MAR_CHLDEV,Italy,1.58332
2019,EN_MAR_CHLDEV,Italy,0.32512
2020,EN_MAR_CHLDEV,Italy,0.44616
2021,EN_MAR_CHLDEV,Italy,1.7444
2022,EN_MAR_CHLDEV,Italy,0.13029
2005,EN_MAR_CHLDEV,Japan,1.26455
2006,EN_MAR_CHLDEV,Japan,2.7316
2007,EN_MAR_CHLDEV,Japan,1.35448
2008,EN_MAR_CHLDEV,Japan,1.32503
2009,EN_MAR_CHLDEV,Japan,1.74281
2010,EN_MAR_CHLDEV,Japan,1.2474
2011,EN_MAR_CHLDEV,Japan,1.48992
2012,EN_MAR_CHLDEV,Japan,0.85024
2022,EN_MAR_CHLDEV,France,3.67835
2005,EN_MAR_CHLDEV,Georgia,0.32114
2006,EN_MAR_CHLDEV,Georgia,0.18522
2007,EN_MAR_CHLDEV,Georgia,3.33119
2008,EN_MAR_CHLDEV,Georgia,8.53815
2009,EN_MAR_CHLDEV,Georgia,2.09188
2010,EN_MAR_CHLDEV,Georgia,0.85279
2011,EN_MAR_CHLDEV,Georgia,1.61928
2012,EN_MAR_CHLDEV,Georgia,0.07083
2014,EN_MAR_CHLDEV,Georgia,5.09915
2015,EN_MAR_CHLDEV,Georgia,1.60422
2016,EN_MAR_CHLDEV,Georgia,0.07112
2017,EN_MAR_CHLDEV,Georgia,0.14144
2018,EN_MAR_CHLDEV,Georgia,0.67223
2019,EN_MAR_CHLDEV,Georgia,3.55377
2020,EN_MAR_CHLDEV,Georgia,0.56577
2021,EN_MAR_CHLDEV,Georgia,0.49606
2022,EN_MAR_CHLDEV,Georgia,2.01244
2005,EN_MAR_CHLDEV,Germany,2.82582
2006,EN_MAR_CHLDEV,Germany,2.29924
2007,EN_MAR_CHLDEV,Germany,4.34811
2008,EN_MAR_CHLDEV,Germany,3.19636
2009,EN_MAR_CHLDEV,Germany,2.80721
2010,EN_MAR_CHLDEV,Germany,1.23534
2011,EN_MAR_CHLDEV,Germany,1.78236
2012,EN_MAR_CHLDEV,Germany,2.40504
2013,EN_MAR_CHLDEV,Germany,4.05483
2013,EN_MAR_CHLDEV,Japan,0.96501
2014,EN_MAR_CHLDEV,Japan,1.51945
2015,EN_MAR_CHLDEV,Japan,1.86066
2016,EN_MAR_CHLDEV,Japan,0.75334
2017,EN_MAR_CHLDEV,Japan,1.0675
2018,EN_MAR_CHLDEV,Japan,1.24734
2019,EN_MAR_CHLDEV,Japan,1.19168
2020,EN_MAR_CHLDEV,Japan,1.75596
2021,EN_MAR_CHLDEV,Japan,1.62007
2022,EN_MAR_CHLDEV,Japan,1.31846
2005,EN_MAR_CHLDEV,Kazakhstan,0.62545
2006,EN_MAR_CHLDEV,Kazakhstan,2.04122
2007,EN_MAR_CHLDEV,Kazakhstan,4.81996
2008,EN_MAR_CHLDEV,Kazakhstan,1.19322
2014,EN_MAR_CHLDEV,Germany,1.62128
2015,EN_MAR_CHLDEV,Germany,3.10226
2016,EN_MAR_CHLDEV,Germany,1.90806
2017,EN_MAR_CHLDEV,Germany,1.66571
2018,EN_MAR_CHLDEV,Germany,1.50827
2019,EN_MAR_CHLDEV,Germany,1.0915
2020,EN_MAR_CHLDEV,Germany,1.38429
2021,EN_MAR_CHLDEV,Germany,2.37366
2022,EN_MAR_CHLDEV,Germany,1.57073
2005,EN_MAR_CHLDEV,Greece,0.44651
2006,EN_MAR_CHLDEV,Greece,1.55735
2007,EN_MAR_CHLDEV,Greece,1.92005
2008,EN_MAR_CHLDEV,Greece,0.40773
2009,EN_MAR_CHLDEV,Greece,0.46729
2009,EN_MAR_CHLDEV,Kazakhstan,1.45736
2010,EN_MAR_CHLDEV,Kazakhstan,1.58549
2011,EN_MAR_CHLDEV,Kazakhstan,2.64402
2012,EN_MAR_CHLDEV,Kazakhstan,7.66557
2013,EN_MAR_CHLDEV,Kazakhstan,11.19778
2014,EN_MAR_CHLDEV,Kazakhstan,11.58195
2015,EN_MAR_CHLDEV,Kazakhstan,5.55632
2016,EN_MAR_CHLDEV,Kazakhstan,10.01465
2017,EN_MAR_CHLDEV,Kazakhstan,9.16763
2018,EN_MAR_CHLDEV,Kazakhstan,7.64796
2019,EN_MAR_CHLDEV,Kazakhstan,8.92378
2020,EN_MAR_CHLDEV,Kazakhstan,16.29699
2021,EN_MAR_CHLDEV,Kazakhstan,8.43667
2022,EN_MAR_CHLDEV,Kazakhstan,5.42115
2005,EN_MAR_CHLDEV,Republic of Korea,2.62782
2006,EN_MAR_CHLDEV,Republic of Korea,6.41424
2007,EN_MAR_CHLDEV,Republic of Korea,4.39063
2008,EN_MAR_CHLDEV,Republic of Korea,1.45801
2009,EN_MAR_CHLDEV,Republic of Korea,3.15074
2010,EN_MAR_CHLDEV,Republic of Korea,3.16893
2011,EN_MAR_CHLDEV,Republic of Korea,2.64407
2012,EN_MAR_CHLDEV,Republic of Korea,2.54362
2013,EN_MAR_CHLDEV,Republic of Korea,5.5131
2014,EN_MAR_CHLDEV,Republic of Korea,3.2362
2015,EN_MAR_CHLDEV,Republic of Korea,2.09996
2016,EN_MAR_CHLDEV,Republic of Korea,4.21843
2017,EN_MAR_CHLDEV,Republic of Korea,1.62452
2018,EN_MAR_CHLDEV,Republic of Korea,1.34285
2019,EN_MAR_CHLDEV,Republic of Korea,2.93358
2020,EN_MAR_CHLDEV,Republic of Korea,3.1849
2021,EN_MAR_CHLDEV,Republic of Korea,0.62774
2022,EN_MAR_CHLDEV,Republic of Korea,3.13148
2005,EN_MAR_CHLDEV,Latvia,2.64657
2006,EN_MAR_CHLDEV,Latvia,1.30798
2007,EN_MAR_CHLDEV,Latvia,0.92408
2008,EN_MAR_CHLDEV,Latvia,13.45978
2009,EN_MAR_CHLDEV,Latvia,1.15164
2010,EN_MAR_CHLDEV,Latvia,0.35619
2011,EN_MAR_CHLDEV,Latvia,0.3767
2012,EN_MAR_CHLDEV,Latvia,3.05887
2013,EN_MAR_CHLDEV,Latvia,1.33013
2014,EN_MAR_CHLDEV,Latvia,3.31377
2015,EN_MAR_CHLDEV,Latvia,0.71945
2016,EN_MAR_CHLDEV,Latvia,2.45417
2017,EN_MAR_CHLDEV,Latvia,1.54576
2018,EN_MAR_CHLDEV,Latvia,1.35641
2019,EN_MAR_CHLDEV,Latvia,3.26441
2020,EN_MAR_CHLDEV,Latvia,3.45741
2021,EN_MAR_CHLDEV,Latvia,2.93909
2022,EN_MAR_CHLDEV,Latvia,1.97917
2005,EN_MAR_CHLDEV,Lithuania,3.65776
2006,EN_MAR_CHLDEV,Lithuania,0.60938
2007,EN_MAR_CHLDEV,Lithuania,0.94266
2008,EN_MAR_CHLDEV,Lithuania,22.07638
2009,EN_MAR_CHLDEV,Lithuania,0.55006
2010,EN_MAR_CHLDEV,Lithuania,3.25111
2011,EN_MAR_CHLDEV,Lithuania,0.6959
2012,EN_MAR_CHLDEV,Lithuania,2.31445
2013,EN_MAR_CHLDEV,Lithuania,5.50424
2014,EN_MAR_CHLDEV,Lithuania,0.3839
2015,EN_MAR_CHLDEV,Lithuania,1.68178
2016,EN_MAR_CHLDEV,Lithuania,2.45627
2017,EN_MAR_CHLDEV,Lithuania,2.09216
2018,EN_MAR_CHLDEV,Lithuania,1.07521
2019,EN_MAR_CHLDEV,Lithuania,1.02619
2020,EN_MAR_CHLDEV,Lithuania,1.03005
2021,EN_MAR_CHLDEV,Lithuania,1.80514
2022,EN_MAR_CHLDEV,Lithuania,0.52029
2005,EN_MAR_CHLDEV,Malta,0.69559
2006,EN_MAR_CHLDEV,Malta,0.06631
2007,EN_MAR_CHLDEV,Malta,0.11593
2008,EN_MAR_CHLDEV,Malta,0.14906
2009,EN_MAR_CHLDEV,Malta,0.88329
2010,EN_MAR_CHLDEV,Malta,0.21862
2011,EN_MAR_CHLDEV,Malta,4.55449
2012,EN_MAR_CHLDEV,Malta,0.4476
2013,EN_MAR_CHLDEV,Malta,7.12865
2014,EN_MAR_CHLDEV,Malta,0.30708
2015,EN_MAR_CHLDEV,Malta,0.07464
2016,EN_MAR_CHLDEV,Malta,0.03316
2017,EN_MAR_CHLDEV,Malta,0.06631
2018,EN_MAR_CHLDEV,Malta,0.05524
2019,EN_MAR_CHLDEV,Malta,0.06631
2021,EN_MAR_CHLDEV,Malta,1.02751
2022,EN_MAR_CHLDEV,Malta,0.08134
2005,EN_MAR_CHLDEV,Mexico,2.7892
2006,EN_MAR_CHLDEV,Mexico,2.41794
2007,EN_MAR_CHLDEV,Mexico,3.99827
2008,EN_MAR_CHLDEV,Mexico,5.64316
2009,EN_MAR_CHLDEV,Mexico,2.71638
2010,EN_MAR_CHLDEV,Mexico,4.73754
2011,EN_MAR_CHLDEV,Mexico,8.14991
2012,EN_MAR_CHLDEV,Mexico,4.24341
2013,EN_MAR_CHLDEV,Mexico,2.44367
2014,EN_MAR_CHLDEV,Mexico,2.19648
2015,EN_MAR_CHLDEV,Mexico,1.83604
2016,EN_MAR_CHLDEV,Mexico,0.78978
2017,EN_MAR_CHLDEV,Mexico,1.11616
2018,EN_MAR_CHLDEV,Mexico,1.41644
2019,EN_MAR_CHLDEV,Mexico,1.47457
2020,EN_MAR_CHLDEV,Mexico,2.21145
2021,EN_MAR_CHLDEV,Mexico,4.12574
2022,EN_MAR_CHLDEV,Mexico,2.35008
2005,EN_MAR_CHLDEV,Montenegro,3.20013
2006,EN_MAR_CHLDEV,Montenegro,13.19142
2007,EN_MAR_CHLDEV,Montenegro,15.5
2008,EN_MAR_CHLDEV,Montenegro,15.16667
2009,EN_MAR_CHLDEV,Montenegro,10.61702
2010,EN_MAR_CHLDEV,Montenegro,25.38017
2011,EN_MAR_CHLDEV,Montenegro,10.625
2012,EN_MAR_CHLDEV,Montenegro,1.5625
2013,EN_MAR_CHLDEV,Montenegro,10.41136
2014,EN_MAR_CHLDEV,Montenegro,2.58435
2015,EN_MAR_CHLDEV,Montenegro,0.38927
2016,EN_MAR_CHLDEV,Montenegro,0.43022
2017,EN_MAR_CHLDEV,Montenegro,1.03093
2018,EN_MAR_CHLDEV,Montenegro,9.75436
2019,EN_MAR_CHLDEV,Montenegro,0.7732
2021,EN_MAR_CHLDEV,Montenegro,7.30707
2022,EN_MAR_CHLDEV,Montenegro,1.86603
2005,EN_MAR_CHLDEV,Netherlands (Kingdom of the),3.88022
2006,EN_MAR_CHLDEV,Netherlands (Kingdom of the),2.57193
2007,EN_MAR_CHLDEV,Netherlands (Kingdom of the),4.50062
2008,EN_MAR_CHLDEV,Netherlands (Kingdom of the),3.98039
2009,EN_MAR_CHLDEV,Netherlands (Kingdom of the),1.01879
2010,EN_MAR_CHLDEV,Netherlands (Kingdom of the),1.30626
2011,EN_MAR_CHLDEV,Netherlands (Kingdom of the),1.92674
2012,EN_MAR_CHLDEV,Netherlands (Kingdom of the),2.8691
2013,EN_MAR_CHLDEV,Netherlands (Kingdom of the),5.50433
2014,EN_MAR_CHLDEV,Netherlands (Kingdom of the),1.59554
2015,EN_MAR_CHLDEV,Netherlands (Kingdom of the),2.48669
2016,EN_MAR_CHLDEV,Netherlands (Kingdom of the),1.53543
2017,EN_MAR_CHLDEV,Netherlands (Kingdom of the),0.87952
2018,EN_MAR_CHLDEV,Netherlands (Kingdom of the),4.29357
2019,EN_MAR_CHLDEV,Netherlands (Kingdom of the),1.48112
2020,EN_MAR_CHLDEV,Netherlands (Kingdom of the),1.4571
2021,EN_MAR_CHLDEV,Netherlands (Kingdom of the),3.78674
2022,EN_MAR_CHLDEV,Netherlands (Kingdom of the),2.05048
2005,EN_MAR_CHLDEV,New Zealand,3.82237
2006,EN_MAR_CHLDEV,New Zealand,3.56877
2007,EN_MAR_CHLDEV,New Zealand,3.5932
2008,EN_MAR_CHLDEV,New Zealand,3.81942
2009,EN_MAR_CHLDEV,New Zealand,7.46861
2010,EN_MAR_CHLDEV,New Zealand,4.36531
2011,EN_MAR_CHLDEV,New Zealand,5.68976
2012,EN_MAR_CHLDEV,New Zealand,3.56875
2013,EN_MAR_CHLDEV,New Zealand,5.28753
2014,EN_MAR_CHLDEV,New Zealand,3.85782
2015,EN_MAR_CHLDEV,New Zealand,3.26619
2016,EN_MAR_CHLDEV,New Zealand,3.5896
2017,EN_MAR_CHLDEV,New Zealand,4.68738
2018,EN_MAR_CHLDEV,New Zealand,5.59834
2019,EN_MAR_CHLDEV,New Zealand,7.24349
2020,EN_MAR_CHLDEV,New Zealand,9.76943
2021,EN_MAR_CHLDEV,New Zealand,10.70868
2022,EN_MAR_CHLDEV,New Zealand,6.93673
2005,EN_MAR_CHLDEV,Norway,4.83947
2006,EN_MAR_CHLDEV,Norway,8.21179
2007,EN_MAR_CHLDEV,Norway,5.14084
2008,EN_MAR_CHLDEV,Norway,6.89185
2009,EN_MAR_CHLDEV,Norway,9.71613
2010,EN_MAR_CHLDEV,Norway,11.94265
2011,EN_MAR_CHLDEV,Norway,10.08724
2012,EN_MAR_CHLDEV,Norway,14.61841
2013,EN_MAR_CHLDEV,Norway,10.68827
2014,EN_MAR_CHLDEV,Norway,11.06456
2015,EN_MAR_CHLDEV,Norway,7.26813
2016,EN_MAR_CHLDEV,Norway,7.70408
2017,EN_MAR_CHLDEV,Norway,9.87532
2018,EN_MAR_CHLDEV,Norway,11.24683
2019,EN_MAR_CHLDEV,Norway,12.33291
2020,EN_MAR_CHLDEV,Norway,12.25308
2021,EN_MAR_CHLDEV,Norway,11.51611
2022,EN_MAR_CHLDEV,Norway,11.1156
2005,EN_MAR_CHLDEV,Poland,1.60636
2006,EN_MAR_CHLDEV,Poland,0.68574
2007,EN_MAR_CHLDEV,Poland,2.02166
2008,EN_MAR_CHLDEV,Poland,20.72778
2009,EN_MAR_CHLDEV,Poland,0.80437
2010,EN_MAR_CHLDEV,Poland,1.28653
2011,EN_MAR_CHLDEV,Poland,0.62665
2012,EN_MAR_CHLDEV,Poland,3.66052
2013,EN_MAR_CHLDEV,Poland,3.24043
2014,EN_MAR_CHLDEV,Poland,1.02287
2015,EN_MAR_CHLDEV,Poland,0.74016
2016,EN_MAR_CHLDEV,Poland,0.61523
2017,EN_MAR_CHLDEV,Poland,0.82182
2018,EN_MAR_CHLDEV,Poland,2.76214
2019,EN_MAR_CHLDEV,Poland,0.58306
2020,EN_MAR_CHLDEV,Poland,0.52433
2021,EN_MAR_CHLDEV,Poland,0.48481
2022,EN_MAR_CHLDEV,Poland,0.12788
2005,EN_MAR_CHLDEV,Portugal,1.93264
2006,EN_MAR_CHLDEV,Portugal,0.6707
2007,EN_MAR_CHLDEV,Portugal,0.56195
2008,EN_MAR_CHLDEV,Portugal,0.49887
2009,EN_MAR_CHLDEV,Portugal,1.96548
2010,EN_MAR_CHLDEV,Portugal,0.91179
2011,EN_MAR_CHLDEV,Portugal,1.35264
2012,EN_MAR_CHLDEV,Portugal,0.73107
2013,EN_MAR_CHLDEV,Portugal,0.69663
2014,EN_MAR_CHLDEV,Portugal,3.48167
2015,EN_MAR_CHLDEV,Portugal,3.74581
2016,EN_MAR_CHLDEV,Portugal,1.79719
2017,EN_MAR_CHLDEV,Portugal,0.76615
2018,EN_MAR_CHLDEV,Portugal,1.57851
2019,EN_MAR_CHLDEV,Portugal,1.03354
2020,EN_MAR_CHLDEV,Portugal,0.71543
2021,EN_MAR_CHLDEV,Portugal,1.22786
2022,EN_MAR_CHLDEV,Portugal,0.60699
2005,EN_MAR_CHLDEV,Romania,14.18754
2006,EN_MAR_CHLDEV,Romania,4.9733
2007,EN_MAR_CHLDEV,Romania,10.78649
2008,EN_MAR_CHLDEV,Romania,7.82456
2009,EN_MAR_CHLDEV,Romania,5.53885
2010,EN_MAR_CHLDEV,Romania,4.59747
2011,EN_MAR_CHLDEV,Romania,1.29897
2012,EN_MAR_CHLDEV,Romania,1.56909
2013,EN_MAR_CHLDEV,Romania,4.84162
2014,EN_MAR_CHLDEV,Romania,4.72854
2015,EN_MAR_CHLDEV,Romania,1.71971
2016,EN_MAR_CHLDEV,Romania,3.68898
2017,EN_MAR_CHLDEV,Romania,2.81691
2018,EN_MAR_CHLDEV,Romania,2.3324
2019,EN_MAR_CHLDEV,Romania,3.1699
2020,EN_MAR_CHLDEV,Romania,1.05372
2021,EN_MAR_CHLDEV,Romania,2.18078
2022,EN_MAR_CHLDEV,Romania,7.87626
2005,EN_MAR_CHLDEV,Viet Nam,6.29217
2006,EN_MAR_CHLDEV,Viet Nam,2.9747
2007,EN_MAR_CHLDEV,Viet Nam,5.97435
2008,EN_MAR_CHLDEV,Viet Nam,3.44016
2009,EN_MAR_CHLDEV,Viet Nam,4.86931
2010,EN_MAR_CHLDEV,Viet Nam,1.65082
2011,EN_MAR_CHLDEV,Viet Nam,5.66227
2012,EN_MAR_CHLDEV,Viet Nam,2.91847
2013,EN_MAR_CHLDEV,Viet Nam,3.38241
2014,EN_MAR_CHLDEV,Viet Nam,2.08644
2015,EN_MAR_CHLDEV,Viet Nam,1.77447
2016,EN_MAR_CHLDEV,Viet Nam,2.08185
2017,EN_MAR_CHLDEV,Viet Nam,3.96139
2018,EN_MAR_CHLDEV,Viet Nam,2.54901
2019,EN_MAR_CHLDEV,Viet Nam,1.58412
2020,EN_MAR_CHLDEV,Viet Nam,3.41515
2021,EN_MAR_CHLDEV,Viet Nam,3.42109
2022,EN_MAR_CHLDEV,Viet Nam,1.19365
2007,EN_MAR_CHLDEV,Slovenia,62.5
2009,EN_MAR_CHLDEV,Slovenia,31.25
2010,EN_MAR_CHLDEV,Slovenia,50.0
2011,EN_MAR_CHLDEV,Slovenia,6.25
2013,EN_MAR_CHLDEV,Slovenia,41.66667
2014,EN_MAR_CHLDEV,Slovenia,12.5
2019,EN_MAR_CHLDEV,Slovenia,8.33333
2020,EN_MAR_CHLDEV,Slovenia,25.0
2022,EN_MAR_CHLDEV,Slovenia,0.0
2005,EN_MAR_CHLDEV,Spain,5.47737
2006,EN_MAR_CHLDEV,Spain,3.40115
2007,EN_MAR_CHLDEV,Spain,3.2859
2008,EN_MAR_CHLDEV,Spain,1.40944
2009,EN_MAR_CHLDEV,Spain,3.88856
2010,EN_MAR_CHLDEV,Spain,2.45069
2011,EN_MAR_CHLDEV,Spain,3.05636
2012,EN_MAR_CHLDEV,Spain,4.68771
2013,EN_MAR_CHLDEV,Spain,4.52716
2014,EN_MAR_CHLDEV,Spain,4.58491
2015,EN_MAR_CHLDEV,Spain,7.69076
2016,EN_MAR_CHLDEV,Spain,2.19563
2017,EN_MAR_CHLDEV,Spain,1.17747
2018,EN_MAR_CHLDEV,Spain,4.0285
2019,EN_MAR_CHLDEV,Spain,1.29418
2020,EN_MAR_CHLDEV,Spain,2.1253
2021,EN_MAR_CHLDEV,Spain,3.81443
2022,EN_MAR_CHLDEV,Spain,2.34757
2005,EN_MAR_CHLDEV,Sweden,2.41189
2006,EN_MAR_CHLDEV,Sweden,1.56855
2007,EN_MAR_CHLDEV,Sweden,1.61501
2008,EN_MAR_CHLDEV,Sweden,8.67041
2009,EN_MAR_CHLDEV,Sweden,1.10243
2010,EN_MAR_CHLDEV,Sweden,1.1558
2011,EN_MAR_CHLDEV,Sweden,1.16412
2012,EN_MAR_CHLDEV,Sweden,4.44138
2013,EN_MAR_CHLDEV,Sweden,1.50365
2014,EN_MAR_CHLDEV,Sweden,1.54067
2015,EN_MAR_CHLDEV,Sweden,2.80039
2016,EN_MAR_CHLDEV,Sweden,1.68885
2017,EN_MAR_CHLDEV,Sweden,2.13639
2018,EN_MAR_CHLDEV,Sweden,1.81981
2019,EN_MAR_CHLDEV,Sweden,4.88832
2020,EN_MAR_CHLDEV,Sweden,4.00724
2021,EN_MAR_CHLDEV,Sweden,1.63658
2022,EN_MAR_CHLDEV,Sweden,1.1729
2005,EN_MAR_CHLDEV,United Arab Emirates,1.13198
2006,EN_MAR_CHLDEV,United Arab Emirates,2.34702
2007,EN_MAR_CHLDEV,United Arab Emirates,2.3132
2008,EN_MAR_CHLDEV,United Arab Emirates,2.90988
2009,EN_MAR_CHLDEV,United Arab Emirates,2.90259
2010,EN_MAR_CHLDEV,United Arab Emirates,0.38039
2011,EN_MAR_CHLDEV,United Arab Emirates,0.2602
2012,EN_MAR_CHLDEV,United Arab Emirates,1.37397
2013,EN_MAR_CHLDEV,United Arab Emirates,0.54352
2014,EN_MAR_CHLDEV,United Arab Emirates,0.71036
2015,EN_MAR_CHLDEV,United Arab Emirates,2.601
2016,EN_MAR_CHLDEV,United Arab Emirates,0.63057
2017,EN_MAR_CHLDEV,United Arab Emirates,1.92326
2018,EN_MAR_CHLDEV,United Arab Emirates,1.31165
2019,EN_MAR_CHLDEV,United Arab Emirates,2.04459
2020,EN_MAR_CHLDEV,United Arab Emirates,0.96385
2021,EN_MAR_CHLDEV,United Arab Emirates,1.98344
2022,EN_MAR_CHLDEV,United Arab Emirates,0.16976
2005,EN_MAR_CHLDEV,Türkiye,1.18288
2006,EN_MAR_CHLDEV,Türkiye,1.52958
2007,EN_MAR_CHLDEV,Türkiye,0.66458
2008,EN_MAR_CHLDEV,Türkiye,0.99085
2009,EN_MAR_CHLDEV,Türkiye,1.55239
2010,EN_MAR_CHLDEV,Türkiye,2.47624
2011,EN_MAR_CHLDEV,Türkiye,0.66593
2012,EN_MAR_CHLDEV,Türkiye,0.37671
2013,EN_MAR_CHLDEV,Türkiye,0.604
2014,EN_MAR_CHLDEV,Türkiye,1.10197
2015,EN_MAR_CHLDEV,Türkiye,0.55166
2016,EN_MAR_CHLDEV,Türkiye,0.15665
2017,EN_MAR_CHLDEV,Türkiye,0.31745
2018,EN_MAR_CHLDEV,Türkiye,1.37552
2019,EN_MAR_CHLDEV,Türkiye,1.25092
2020,EN_MAR_CHLDEV,Türkiye,1.6748
2021,EN_MAR_CHLDEV,Türkiye,1.98271
2022,EN_MAR_CHLDEV,Türkiye,7.4934
2005,EN_MAR_CHLDEV,Turkmenistan,0.50136
2006,EN_MAR_CHLDEV,Turkmenistan,5.00739
2007,EN_MAR_CHLDEV,Turkmenistan,0.04912
2008,EN_MAR_CHLDEV,Turkmenistan,0.53485
2009,EN_MAR_CHLDEV,Turkmenistan,2.68946
2010,EN_MAR_CHLDEV,Turkmenistan,1.17308
2011,EN_MAR_CHLDEV,Turkmenistan,0.74784
2012,EN_MAR_CHLDEV,Turkmenistan,0.82626
2013,EN_MAR_CHLDEV,Turkmenistan,0.27608
2014,EN_MAR_CHLDEV,Turkmenistan,0.33988
2015,EN_MAR_CHLDEV,Turkmenistan,0.64643
2016,EN_MAR_CHLDEV,Turkmenistan,0.25204
2017,EN_MAR_CHLDEV,Turkmenistan,0.1939
2018,EN_MAR_CHLDEV,Turkmenistan,0.58803
2019,EN_MAR_CHLDEV,Turkmenistan,0.6447
2020,EN_MAR_CHLDEV,Turkmenistan,1.13012
2021,EN_MAR_CHLDEV,Turkmenistan,0.41449
2022,EN_MAR_CHLDEV,Turkmenistan,0.17229
2005,EN_MAR_CHLDEV,Ukraine,5.08679
2006,EN_MAR_CHLDEV,Ukraine,2.15124
2007,EN_MAR_CHLDEV,Ukraine,5.01187
2008,EN_MAR_CHLDEV,Ukraine,2.40228
2009,EN_MAR_CHLDEV,Ukraine,2.81546
2010,EN_MAR_CHLDEV,Ukraine,1.30641
2011,EN_MAR_CHLDEV,Ukraine,0.57217
2012,EN_MAR_CHLDEV,Ukraine,0.8546
2013,EN_MAR_CHLDEV,Ukraine,1.28973
2014,EN_MAR_CHLDEV,Ukraine,1.47828
2015,EN_MAR_CHLDEV,Ukraine,0.54265
2016,EN_MAR_CHLDEV,Ukraine,0.52371
2017,EN_MAR_CHLDEV,Ukraine,0.97401
2018,EN_MAR_CHLDEV,Ukraine,1.26572
2019,EN_MAR_CHLDEV,Ukraine,1.17505
2020,EN_MAR_CHLDEV,Ukraine,3.47613
2021,EN_MAR_CHLDEV,Ukraine,1.95855
2022,EN_MAR_CHLDEV,Ukraine,9.18961
2005,EN_MAR_CHLDEV,United Kingdom of Great Britain and Northern Ireland,3.59549
2006,EN_MAR_CHLDEV,United Kingdom of Great Britain and Northern Ireland,3.05729
2007,EN_MAR_CHLDEV,United Kingdom of Great Britain and Northern Ireland,4.39432
2008,EN_MAR_CHLDEV,United Kingdom of Great Britain and Northern Ireland,2.51119
2009,EN_MAR_CHLDEV,United Kingdom of Great Britain and Northern Ireland,4.97541
2010,EN_MAR_CHLDEV,United Kingdom of Great Britain and Northern Ireland,5.86776
2011,EN_MAR_CHLDEV,United Kingdom of Great Britain and Northern Ireland,6.38017
2012,EN_MAR_CHLDEV,United Kingdom of Great Britain and Northern Ireland,4.27086
2013,EN_MAR_CHLDEV,United Kingdom of Great Britain and Northern Ireland,5.18281
2014,EN_MAR_CHLDEV,United Kingdom of Great Britain and Northern Ireland,6.1136
2015,EN_MAR_CHLDEV,United Kingdom of Great Britain and Northern Ireland,3.48299
2016,EN_MAR_CHLDEV,United Kingdom of Great Britain and Northern Ireland,3.13726
2017,EN_MAR_CHLDEV,United Kingdom of Great Britain and Northern Ireland,2.39811
2018,EN_MAR_CHLDEV,United Kingdom of Great Britain and Northern Ireland,3.84653
2019,EN_MAR_CHLDEV,United Kingdom of Great Britain and Northern Ireland,3.56834
2020,EN_MAR_CHLDEV,United Kingdom of Great Britain and Northern Ireland,4.83567
2021,EN_MAR_CHLDEV,United Kingdom of Great Britain and Northern Ireland,4.46973
2022,EN_MAR_CHLDEV,United Kingdom of Great Britain and Northern Ireland,7.33246
2010,EN_MAR_CHLDEV,Greece,0.94987
2011,EN_MAR_CHLDEV,Greece,0.61986
2012,EN_MAR_CHLDEV,Greece,0.41117
2013,EN_MAR_CHLDEV,Greece,0.28912
2014,EN_MAR_CHLDEV,Greece,0.35359
2015,EN_MAR_CHLDEV,Greece,0.98422
2016,EN_MAR_CHLDEV,Greece,0.12179
2017,EN_MAR_CHLDEV,Greece,0.71516
2018,EN_MAR_CHLDEV,Greece,0.62026
2019,EN_MAR_CHLDEV,Greece,0.91862
2020,EN_MAR_CHLDEV,Greece,0.39424
2021,EN_MAR_CHLDEV,Greece,6.19418
2022,EN_MAR_CHLDEV,Greece,0.39594
2022,EN_MAR_CHLDEV,Greece,0.39594
