Year,SeriesCode,Country,Value
2000,ER_MRN_MPA,Costa Rica,48.43435
2001,ER_MRN_MPA,Costa Rica,49.35727
2002,ER_MRN_MPA,Costa Rica,49.35727
2003,ER_MRN_MPA,Costa Rica,49.35727
2004,ER_MRN_MPA,Costa Rica,49.53953
2005,ER_MRN_MPA,Costa Rica,49.53953
2006,ER_MRN_MPA,Costa Rica,49.54122
2007,ER_MRN_MPA,Costa Rica,49.54593
2008,ER_MRN_MPA,Costa Rica,49.54593
2009,ER_MRN_MPA,Costa Rica,49.59404
2010,ER_MRN_MPA,Costa Rica,50.83786
2011,ER_MRN_MPA,Costa Rica,50.84097
2012,ER_MRN_MPA,Costa Rica,50.8439
2013,ER_MRN_MPA,Costa Rica,50.86098
2014,ER_MRN_MPA,Costa Rica,50.86098
2015,ER_MRN_MPA,Costa Rica,50.86098
2016,ER_MRN_MPA,Costa Rica,50.86098
2017,ER_MRN_MPA,Costa Rica,50.86098
2000,ER_MRN_MPA,Australia,42.60605
2000,ER_MRN_MPA,Ireland,50.35245
2001,ER_MRN_MPA,Ireland,50.35245
2002,ER_MRN_MPA,Ireland,50.35245
2003,ER_MRN_MPA,Ireland,50.35245
2004,ER_MRN_MPA,Ireland,53.76189
2005,ER_MRN_MPA,Ireland,56.86429
2006,ER_MRN_MPA,Ireland,61.29287
2007,ER_MRN_MPA,Ireland,61.8367
2008,ER_MRN_MPA,Ireland,63.27729
2009,ER_MRN_MPA,Ireland,71.2951
2010,ER_MRN_MPA,Ireland,73.56341
2011,ER_MRN_MPA,Ireland,75.92082
2018,ER_MRN_MPA,Costa Rica,50.86878
2019,ER_MRN_MPA,Costa Rica,50.86878
2020,ER_MRN_MPA,Costa Rica,50.87323
2021,ER_MRN_MPA,Costa Rica,50.87323
2022,ER_MRN_MPA,Costa Rica,50.87323
2000,ER_MRN_MPA,Croatia,16.79579
2012,ER_MRN_MPA,Ireland,75.92082
2013,ER_MRN_MPA,Ireland,75.92082
2014,ER_MRN_MPA,Ireland,75.92082
2015,ER_MRN_MPA,Ireland,75.92082
2016,ER_MRN_MPA,Ireland,75.97923
2017,ER_MRN_MPA,Ireland,76.54297
2000,ER_MRN_MPA,Albania,10.55856
2001,ER_MRN_MPA,Albania,10.55856
2002,ER_MRN_MPA,Albania,10.55856
2003,ER_MRN_MPA,Albania,10.55856
2004,ER_MRN_MPA,Albania,24.59142
2005,ER_MRN_MPA,Albania,24.59142
2018,ER_MRN_MPA,Ireland,77.79872
2019,ER_MRN_MPA,Ireland,83.13714
2020,ER_MRN_MPA,Ireland,83.16451
2021,ER_MRN_MPA,Ireland,83.16451
2022,ER_MRN_MPA,Ireland,83.16451
2000,ER_MRN_MPA,Israel,8.40386
2001,ER_MRN_MPA,Israel,8.40386
2002,ER_MRN_MPA,Israel,9.35715
2003,ER_MRN_MPA,Israel,9.50795
2004,ER_MRN_MPA,Israel,9.50795
2005,ER_MRN_MPA,Israel,9.50795
2006,ER_MRN_MPA,Israel,9.50795
2001,ER_MRN_MPA,Australia,43.40172
2002,ER_MRN_MPA,Australia,44.83462
2003,ER_MRN_MPA,Australia,45.13832
2004,ER_MRN_MPA,Australia,45.92856
2005,ER_MRN_MPA,Australia,46.45808
2006,ER_MRN_MPA,Australia,47.57118
2007,ER_MRN_MPA,Australia,48.93381
2008,ER_MRN_MPA,Australia,49.28922
2009,ER_MRN_MPA,Australia,53.8131
2010,ER_MRN_MPA,Australia,54.22746
2011,ER_MRN_MPA,Australia,57.01673
2012,ER_MRN_MPA,Australia,59.12694
2001,ER_MRN_MPA,Croatia,16.79579
2002,ER_MRN_MPA,Croatia,16.79579
2003,ER_MRN_MPA,Croatia,16.79579
2004,ER_MRN_MPA,Croatia,16.79579
2005,ER_MRN_MPA,Croatia,16.79579
2006,ER_MRN_MPA,Croatia,22.20068
2007,ER_MRN_MPA,Croatia,22.20068
2008,ER_MRN_MPA,Croatia,22.20068
2009,ER_MRN_MPA,Croatia,22.20068
2010,ER_MRN_MPA,Croatia,22.20068
2011,ER_MRN_MPA,Croatia,22.20068
2012,ER_MRN_MPA,Croatia,22.20068
2013,ER_MRN_MPA,Croatia,69.48809
2014,ER_MRN_MPA,Croatia,82.00143
2015,ER_MRN_MPA,Croatia,82.00143
2016,ER_MRN_MPA,Croatia,82.00143
2017,ER_MRN_MPA,Croatia,82.00143
2018,ER_MRN_MPA,Croatia,82.00143
2007,ER_MRN_MPA,Israel,9.50795
2008,ER_MRN_MPA,Israel,12.7127
2009,ER_MRN_MPA,Israel,12.84799
2010,ER_MRN_MPA,Israel,12.84799
2011,ER_MRN_MPA,Israel,13.09792
2012,ER_MRN_MPA,Israel,13.31765
2006,ER_MRN_MPA,Albania,24.59142
2007,ER_MRN_MPA,Albania,30.69903
2008,ER_MRN_MPA,Albania,30.69903
2009,ER_MRN_MPA,Albania,30.69903
2010,ER_MRN_MPA,Albania,58.92396
2011,ER_MRN_MPA,Albania,58.92396
2013,ER_MRN_MPA,Australia,61.81546
2014,ER_MRN_MPA,Australia,61.92778
2015,ER_MRN_MPA,Australia,62.12567
2016,ER_MRN_MPA,Australia,63.87346
2017,ER_MRN_MPA,Australia,64.25107
2018,ER_MRN_MPA,Australia,64.57466
2019,ER_MRN_MPA,Croatia,82.00143
2020,ER_MRN_MPA,Croatia,82.00143
2021,ER_MRN_MPA,Croatia,82.00143
2022,ER_MRN_MPA,Croatia,82.00143
2000,ER_MRN_MPA,Cyprus,1.9098
2001,ER_MRN_MPA,Cyprus,10.03365
2019,ER_MRN_MPA,Australia,66.01009
2020,ER_MRN_MPA,Australia,66.01009
2021,ER_MRN_MPA,Australia,66.01009
2022,ER_MRN_MPA,Australia,66.01009
2013,ER_MRN_MPA,Israel,13.34488
2014,ER_MRN_MPA,Israel,13.34488
2015,ER_MRN_MPA,Israel,13.49357
2016,ER_MRN_MPA,Israel,13.49357
2017,ER_MRN_MPA,Israel,13.49357
2018,ER_MRN_MPA,Israel,14.84263
2002,ER_MRN_MPA,Cyprus,10.03365
2003,ER_MRN_MPA,Cyprus,13.90569
2004,ER_MRN_MPA,Cyprus,13.90569
2005,ER_MRN_MPA,Cyprus,23.80238
2006,ER_MRN_MPA,Cyprus,23.80238
2007,ER_MRN_MPA,Cyprus,23.80238
2019,ER_MRN_MPA,Israel,14.84263
2020,ER_MRN_MPA,Israel,14.84263
2021,ER_MRN_MPA,Israel,14.84263
2022,ER_MRN_MPA,Israel,14.84263
2000,ER_MRN_MPA,Italy,39.59143
2001,ER_MRN_MPA,Italy,42.25708
2002,ER_MRN_MPA,Italy,42.64296
2003,ER_MRN_MPA,Italy,43.90189
2004,ER_MRN_MPA,Italy,47.66066
2005,ER_MRN_MPA,Italy,61.41801
2006,ER_MRN_MPA,Italy,63.57786
2007,ER_MRN_MPA,Italy,64.99599
2008,ER_MRN_MPA,Italy,65.02929
2009,ER_MRN_MPA,Italy,72.61401
2010,ER_MRN_MPA,Italy,72.61401
2011,ER_MRN_MPA,Italy,72.61401
2012,ER_MRN_MPA,Italy,72.98752
2013,ER_MRN_MPA,Italy,73.11287
2008,ER_MRN_MPA,Cyprus,35.59341
2009,ER_MRN_MPA,Cyprus,35.59341
2010,ER_MRN_MPA,Cyprus,35.59341
2011,ER_MRN_MPA,Cyprus,35.59341
2012,ER_MRN_MPA,Cyprus,35.59341
2013,ER_MRN_MPA,Cyprus,35.59341
2014,ER_MRN_MPA,Cyprus,42.278
2015,ER_MRN_MPA,Cyprus,42.278
2016,ER_MRN_MPA,Cyprus,49.63619
2017,ER_MRN_MPA,Cyprus,49.63619
2018,ER_MRN_MPA,Cyprus,49.63632
2019,ER_MRN_MPA,Cyprus,49.63632
2012,ER_MRN_MPA,Albania,58.92396
2013,ER_MRN_MPA,Albania,67.23069
2014,ER_MRN_MPA,Albania,67.23069
2015,ER_MRN_MPA,Albania,67.23069
2016,ER_MRN_MPA,Albania,67.28002
2017,ER_MRN_MPA,Albania,67.28002
2020,ER_MRN_MPA,Cyprus,49.63632
2021,ER_MRN_MPA,Cyprus,49.63632
2022,ER_MRN_MPA,Cyprus,49.63632
2018,ER_MRN_MPA,Albania,67.28002
2019,ER_MRN_MPA,Albania,67.28002
2020,ER_MRN_MPA,Albania,67.28002
2021,ER_MRN_MPA,Albania,67.28002
2022,ER_MRN_MPA,Albania,67.28002
2000,ER_MRN_MPA,New Zealand,42.62486
2014,ER_MRN_MPA,Italy,73.11287
2015,ER_MRN_MPA,Italy,73.15184
2016,ER_MRN_MPA,Italy,73.17029
2017,ER_MRN_MPA,Italy,76.72647
2018,ER_MRN_MPA,Italy,77.85437
2019,ER_MRN_MPA,Italy,78.04268
2020,ER_MRN_MPA,Italy,78.04325
2021,ER_MRN_MPA,Italy,78.04325
2022,ER_MRN_MPA,Italy,78.04325
2000,ER_MRN_MPA,Japan,41.08774
2001,ER_MRN_MPA,Japan,41.15834
2002,ER_MRN_MPA,Japan,41.82469
2000,ER_MRN_MPA,Denmark,82.7332
2001,ER_MRN_MPA,Denmark,82.7332
2002,ER_MRN_MPA,Denmark,82.7332
2003,ER_MRN_MPA,Denmark,83.06486
2001,ER_MRN_MPA,New Zealand,42.71483
2002,ER_MRN_MPA,New Zealand,44.72892
2003,ER_MRN_MPA,New Zealand,44.73438
2004,ER_MRN_MPA,New Zealand,44.76218
2005,ER_MRN_MPA,New Zealand,44.82461
2006,ER_MRN_MPA,New Zealand,44.82596
2007,ER_MRN_MPA,New Zealand,45.52486
2008,ER_MRN_MPA,New Zealand,45.69392
2009,ER_MRN_MPA,New Zealand,45.69546
2010,ER_MRN_MPA,New Zealand,45.94695
2011,ER_MRN_MPA,New Zealand,46.02667
2012,ER_MRN_MPA,New Zealand,46.02669
2004,ER_MRN_MPA,Denmark,83.53516
2005,ER_MRN_MPA,Denmark,83.5809
2006,ER_MRN_MPA,Denmark,83.5809
2007,ER_MRN_MPA,Denmark,84.0895
2008,ER_MRN_MPA,Denmark,84.0895
2009,ER_MRN_MPA,Denmark,85.90119
2010,ER_MRN_MPA,Denmark,85.93604
2011,ER_MRN_MPA,Denmark,86.6634
2012,ER_MRN_MPA,Denmark,86.6634
2013,ER_MRN_MPA,Denmark,86.6634
2014,ER_MRN_MPA,Denmark,86.69737
2015,ER_MRN_MPA,Denmark,86.69737
2013,ER_MRN_MPA,New Zealand,46.0284
2014,ER_MRN_MPA,New Zealand,46.14791
2015,ER_MRN_MPA,New Zealand,46.51216
2016,ER_MRN_MPA,New Zealand,46.51324
2017,ER_MRN_MPA,New Zealand,46.5133
2018,ER_MRN_MPA,New Zealand,46.53869
2016,ER_MRN_MPA,Denmark,86.74673
2017,ER_MRN_MPA,Denmark,86.74673
2018,ER_MRN_MPA,Denmark,86.74673
2019,ER_MRN_MPA,Denmark,86.74673
2020,ER_MRN_MPA,Denmark,86.74673
2021,ER_MRN_MPA,Denmark,86.74673
2019,ER_MRN_MPA,New Zealand,46.53877
2020,ER_MRN_MPA,New Zealand,46.53877
2021,ER_MRN_MPA,New Zealand,46.53877
2022,ER_MRN_MPA,New Zealand,46.53877
2000,ER_MRN_MPA,Norway,34.72691
2001,ER_MRN_MPA,Norway,34.72691
2002,ER_MRN_MPA,Norway,46.58268
2003,ER_MRN_MPA,Norway,48.68439
2004,ER_MRN_MPA,Norway,49.72435
2005,ER_MRN_MPA,Norway,50.14206
2006,ER_MRN_MPA,Norway,52.04898
2007,ER_MRN_MPA,Norway,52.04898
2022,ER_MRN_MPA,Denmark,86.74673
2000,ER_MRN_MPA,Estonia,7.00727
2001,ER_MRN_MPA,Estonia,7.13744
2002,ER_MRN_MPA,Estonia,7.13744
2003,ER_MRN_MPA,Estonia,7.42182
2004,ER_MRN_MPA,Estonia,97.59597
2003,ER_MRN_MPA,Japan,41.85917
2004,ER_MRN_MPA,Japan,41.89722
2005,ER_MRN_MPA,Japan,42.64885
2006,ER_MRN_MPA,Japan,43.39941
2007,ER_MRN_MPA,Japan,43.91848
2008,ER_MRN_MPA,Japan,44.27677
2008,ER_MRN_MPA,Norway,52.67818
2009,ER_MRN_MPA,Norway,52.73849
2010,ER_MRN_MPA,Norway,52.77158
2011,ER_MRN_MPA,Norway,52.77158
2012,ER_MRN_MPA,Norway,52.78131
2013,ER_MRN_MPA,Norway,53.58818
2014,ER_MRN_MPA,Norway,53.58818
2015,ER_MRN_MPA,Norway,53.63519
2016,ER_MRN_MPA,Norway,55.12821
2017,ER_MRN_MPA,Norway,55.13241
2018,ER_MRN_MPA,Norway,55.13242
2019,ER_MRN_MPA,Norway,55.13242
2009,ER_MRN_MPA,Japan,44.40061
2010,ER_MRN_MPA,Japan,44.97522
2011,ER_MRN_MPA,Japan,46.094
2012,ER_MRN_MPA,Japan,48.69931
2013,ER_MRN_MPA,Japan,61.68732
2014,ER_MRN_MPA,Japan,63.90725
2015,ER_MRN_MPA,Japan,64.59662
2016,ER_MRN_MPA,Japan,64.92214
2017,ER_MRN_MPA,Japan,65.29125
2018,ER_MRN_MPA,Japan,65.51756
2019,ER_MRN_MPA,Japan,65.53176
2020,ER_MRN_MPA,Japan,65.53176
2020,ER_MRN_MPA,Norway,55.13242
2021,ER_MRN_MPA,Norway,55.13242
2022,ER_MRN_MPA,Norway,55.13242
2000,ER_MRN_MPA,Poland,17.01865
2001,ER_MRN_MPA,Poland,17.08217
2002,ER_MRN_MPA,Poland,17.08217
2021,ER_MRN_MPA,Japan,66.49416
2022,ER_MRN_MPA,Japan,66.49416
2003,ER_MRN_MPA,Poland,17.08217
2004,ER_MRN_MPA,Poland,71.18946
2005,ER_MRN_MPA,Poland,72.23635
2006,ER_MRN_MPA,Poland,72.23635
2007,ER_MRN_MPA,Poland,87.20454
2008,ER_MRN_MPA,Poland,87.23675
2005,ER_MRN_MPA,Estonia,97.60019
2006,ER_MRN_MPA,Estonia,97.60177
2007,ER_MRN_MPA,Estonia,97.60573
2008,ER_MRN_MPA,Estonia,97.60574
2009,ER_MRN_MPA,Estonia,97.60807
2010,ER_MRN_MPA,Estonia,97.609
2009,ER_MRN_MPA,Poland,87.25113
2010,ER_MRN_MPA,Poland,87.25113
2011,ER_MRN_MPA,Poland,87.25113
2012,ER_MRN_MPA,Poland,87.25113
2013,ER_MRN_MPA,Poland,87.25113
2014,ER_MRN_MPA,Poland,87.25113
2011,ER_MRN_MPA,Estonia,97.60961
2012,ER_MRN_MPA,Estonia,97.60969
2013,ER_MRN_MPA,Estonia,97.60969
2014,ER_MRN_MPA,Estonia,97.60969
2015,ER_MRN_MPA,Estonia,97.60982
2016,ER_MRN_MPA,Estonia,97.60982
2015,ER_MRN_MPA,Poland,87.25113
2016,ER_MRN_MPA,Poland,87.25113
2017,ER_MRN_MPA,Poland,87.25113
2018,ER_MRN_MPA,Poland,87.31556
2019,ER_MRN_MPA,Poland,87.31556
2020,ER_MRN_MPA,Poland,87.31556
2017,ER_MRN_MPA,Estonia,97.61188
2018,ER_MRN_MPA,Estonia,97.61791
2019,ER_MRN_MPA,Estonia,97.62423
2020,ER_MRN_MPA,Estonia,97.62768
2021,ER_MRN_MPA,Estonia,97.62768
2022,ER_MRN_MPA,Estonia,97.62768
2000,ER_MRN_MPA,Finland,51.67159
2001,ER_MRN_MPA,Finland,52.07285
2002,ER_MRN_MPA,Finland,52.07532
2003,ER_MRN_MPA,Finland,52.07809
2004,ER_MRN_MPA,Finland,53.54358
2005,ER_MRN_MPA,Finland,58.32977
2006,ER_MRN_MPA,Finland,58.49176
2007,ER_MRN_MPA,Finland,58.53874
2008,ER_MRN_MPA,Finland,58.54918
2009,ER_MRN_MPA,Finland,58.67246
2010,ER_MRN_MPA,Finland,58.67823
2011,ER_MRN_MPA,Finland,59.77478
2012,ER_MRN_MPA,Finland,59.78557
2013,ER_MRN_MPA,Finland,59.80147
2014,ER_MRN_MPA,Finland,59.82015
2015,ER_MRN_MPA,Finland,60.70879
2016,ER_MRN_MPA,Finland,60.80889
2017,ER_MRN_MPA,Finland,60.85378
2018,ER_MRN_MPA,Finland,60.85404
2019,ER_MRN_MPA,Finland,60.85412
2020,ER_MRN_MPA,Finland,60.85425
2021,ER_MRN_MPA,Finland,60.85425
2022,ER_MRN_MPA,Finland,60.85425
2000,ER_MRN_MPA,France,21.17726
2001,ER_MRN_MPA,France,28.49126
2002,ER_MRN_MPA,France,28.56985
2003,ER_MRN_MPA,France,30.09727
2004,ER_MRN_MPA,France,30.15684
2005,ER_MRN_MPA,France,36.50798
2006,ER_MRN_MPA,France,40.22973
2007,ER_MRN_MPA,France,44.92868
2008,ER_MRN_MPA,France,47.4851
2009,ER_MRN_MPA,France,50.69436
2010,ER_MRN_MPA,France,51.96772
2011,ER_MRN_MPA,France,52.93889
2012,ER_MRN_MPA,France,62.51162
2013,ER_MRN_MPA,France,63.227
2014,ER_MRN_MPA,France,72.16826
2015,ER_MRN_MPA,France,74.48404
2016,ER_MRN_MPA,France,76.43594
2017,ER_MRN_MPA,France,76.91387
2018,ER_MRN_MPA,France,78.18471
2000,ER_MRN_MPA,Republic of Korea,20.80806
2001,ER_MRN_MPA,Republic of Korea,20.80806
2002,ER_MRN_MPA,Republic of Korea,20.81013
2003,ER_MRN_MPA,Republic of Korea,20.84692
2004,ER_MRN_MPA,Republic of Korea,20.84692
2019,ER_MRN_MPA,France,81.85441
2020,ER_MRN_MPA,France,81.88238
2021,ER_MRN_MPA,France,81.88238
2022,ER_MRN_MPA,France,81.88238
2000,ER_MRN_MPA,Georgia,35.63764
2001,ER_MRN_MPA,Georgia,35.63764
2002,ER_MRN_MPA,Georgia,35.63764
2003,ER_MRN_MPA,Georgia,35.63764
2004,ER_MRN_MPA,Georgia,35.63764
2005,ER_MRN_MPA,Georgia,35.63764
2006,ER_MRN_MPA,Georgia,35.63764
2007,ER_MRN_MPA,Georgia,35.63764
2005,ER_MRN_MPA,Republic of Korea,20.84699
2006,ER_MRN_MPA,Republic of Korea,25.81698
2007,ER_MRN_MPA,Republic of Korea,25.81786
2008,ER_MRN_MPA,Republic of Korea,32.00743
2009,ER_MRN_MPA,Republic of Korea,32.66172
2010,ER_MRN_MPA,Republic of Korea,32.66172
2008,ER_MRN_MPA,Georgia,35.63764
2009,ER_MRN_MPA,Georgia,35.63764
2010,ER_MRN_MPA,Georgia,35.63764
2011,ER_MRN_MPA,Georgia,35.63764
2012,ER_MRN_MPA,Georgia,35.63764
2013,ER_MRN_MPA,Georgia,35.63764
2011,ER_MRN_MPA,Republic of Korea,32.82935
2012,ER_MRN_MPA,Republic of Korea,36.82935
2013,ER_MRN_MPA,Republic of Korea,36.83944
2014,ER_MRN_MPA,Republic of Korea,36.83944
2015,ER_MRN_MPA,Republic of Korea,36.84101
2016,ER_MRN_MPA,Republic of Korea,36.84101
2014,ER_MRN_MPA,Georgia,35.63764
2015,ER_MRN_MPA,Georgia,35.63764
2016,ER_MRN_MPA,Georgia,35.63764
2017,ER_MRN_MPA,Georgia,35.63764
2018,ER_MRN_MPA,Georgia,35.63764
2019,ER_MRN_MPA,Georgia,35.63764
2017,ER_MRN_MPA,Republic of Korea,37.03999
2018,ER_MRN_MPA,Republic of Korea,38.56444
2019,ER_MRN_MPA,Republic of Korea,38.69471
2020,ER_MRN_MPA,Republic of Korea,38.69471
2021,ER_MRN_MPA,Republic of Korea,38.69471
2022,ER_MRN_MPA,Republic of Korea,38.69471
2020,ER_MRN_MPA,Georgia,35.63764
2021,ER_MRN_MPA,Georgia,35.63764
2022,ER_MRN_MPA,Georgia,35.63764
2000,ER_MRN_MPA,Germany,33.53619
2001,ER_MRN_MPA,Germany,40.25892
2002,ER_MRN_MPA,Germany,40.35833
2003,ER_MRN_MPA,Germany,40.49264
2004,ER_MRN_MPA,Germany,63.41175
2005,ER_MRN_MPA,Germany,63.48536
2006,ER_MRN_MPA,Germany,63.4964
2007,ER_MRN_MPA,Germany,64.7415
2008,ER_MRN_MPA,Germany,70.70348
2009,ER_MRN_MPA,Germany,71.26249
2010,ER_MRN_MPA,Germany,72.0346
2011,ER_MRN_MPA,Germany,74.05245
2012,ER_MRN_MPA,Germany,74.06325
2013,ER_MRN_MPA,Germany,74.13655
2014,ER_MRN_MPA,Germany,74.13655
2015,ER_MRN_MPA,Germany,74.41213
2016,ER_MRN_MPA,Germany,74.5185
2017,ER_MRN_MPA,Germany,76.99299
2018,ER_MRN_MPA,Germany,80.56568
2019,ER_MRN_MPA,Germany,80.79027
2020,ER_MRN_MPA,Germany,80.79027
2000,ER_MRN_MPA,Latvia,64.17027
2001,ER_MRN_MPA,Latvia,64.17092
2002,ER_MRN_MPA,Latvia,67.55431
2003,ER_MRN_MPA,Latvia,67.55431
2004,ER_MRN_MPA,Latvia,73.02722
2005,ER_MRN_MPA,Latvia,73.02722
2006,ER_MRN_MPA,Latvia,73.02722
2000,ER_MRN_MPA,Belgium,72.57237
2001,ER_MRN_MPA,Belgium,72.57237
2002,ER_MRN_MPA,Belgium,72.57237
2003,ER_MRN_MPA,Belgium,73.47967
2007,ER_MRN_MPA,Latvia,73.02722
2008,ER_MRN_MPA,Latvia,77.65083
2009,ER_MRN_MPA,Latvia,77.65083
2010,ER_MRN_MPA,Latvia,96.16348
2011,ER_MRN_MPA,Latvia,96.16348
2012,ER_MRN_MPA,Latvia,96.16348
2013,ER_MRN_MPA,Latvia,96.1636
2014,ER_MRN_MPA,Latvia,96.1636
2015,ER_MRN_MPA,Latvia,96.1636
2016,ER_MRN_MPA,Latvia,96.1636
2017,ER_MRN_MPA,Latvia,96.1636
2018,ER_MRN_MPA,Latvia,96.1636
2021,ER_MRN_MPA,Germany,80.79027
2022,ER_MRN_MPA,Germany,80.79027
2000,ER_MRN_MPA,Greece,29.33628
2001,ER_MRN_MPA,Greece,57.12156
2002,ER_MRN_MPA,Greece,64.56602
2003,ER_MRN_MPA,Greece,64.60327
2004,ER_MRN_MPA,Greece,64.7128
2005,ER_MRN_MPA,Greece,64.87937
2006,ER_MRN_MPA,Greece,65.04548
2007,ER_MRN_MPA,Greece,65.04548
2008,ER_MRN_MPA,Greece,65.98536
2009,ER_MRN_MPA,Greece,66.67867
2019,ER_MRN_MPA,Latvia,96.1636
2020,ER_MRN_MPA,Latvia,96.1636
2021,ER_MRN_MPA,Latvia,96.1636
2022,ER_MRN_MPA,Latvia,96.1636
2004,ER_MRN_MPA,Belgium,73.47967
2005,ER_MRN_MPA,Belgium,96.4998
2006,ER_MRN_MPA,Belgium,96.4998
2007,ER_MRN_MPA,Belgium,96.4998
2008,ER_MRN_MPA,Belgium,96.4998
2009,ER_MRN_MPA,Belgium,96.4998
2010,ER_MRN_MPA,Greece,79.58321
2011,ER_MRN_MPA,Greece,86.59303
2012,ER_MRN_MPA,Greece,86.59303
2013,ER_MRN_MPA,Greece,86.59303
2014,ER_MRN_MPA,Greece,86.59303
2015,ER_MRN_MPA,Greece,86.59303
2010,ER_MRN_MPA,Belgium,96.4998
2011,ER_MRN_MPA,Belgium,96.4998
2012,ER_MRN_MPA,Belgium,96.4998
2013,ER_MRN_MPA,Belgium,96.4998
2014,ER_MRN_MPA,Belgium,96.84682
2015,ER_MRN_MPA,Belgium,96.84682
2016,ER_MRN_MPA,Belgium,96.84682
2017,ER_MRN_MPA,Belgium,96.84682
2018,ER_MRN_MPA,Belgium,96.84682
2019,ER_MRN_MPA,Belgium,96.85317
2020,ER_MRN_MPA,Belgium,96.85317
2021,ER_MRN_MPA,Belgium,96.85317
2022,ER_MRN_MPA,Belgium,96.85317
2000,ER_MRN_MPA,Lithuania,51.49996
2001,ER_MRN_MPA,Lithuania,51.49996
2002,ER_MRN_MPA,Lithuania,51.49996
2003,ER_MRN_MPA,Lithuania,51.49996
2004,ER_MRN_MPA,Lithuania,51.49996
2005,ER_MRN_MPA,Lithuania,62.59181
2006,ER_MRN_MPA,Lithuania,62.59181
2007,ER_MRN_MPA,Lithuania,62.59181
2008,ER_MRN_MPA,Lithuania,62.59181
2016,ER_MRN_MPA,Greece,86.59303
2017,ER_MRN_MPA,Greece,86.59303
2018,ER_MRN_MPA,Greece,86.59303
2019,ER_MRN_MPA,Greece,86.59303
2020,ER_MRN_MPA,Greece,86.59303
2021,ER_MRN_MPA,Greece,86.59303
2009,ER_MRN_MPA,Lithuania,65.53137
2010,ER_MRN_MPA,Lithuania,65.53137
2011,ER_MRN_MPA,Lithuania,65.53137
2012,ER_MRN_MPA,Lithuania,65.53137
2013,ER_MRN_MPA,Lithuania,77.52396
2014,ER_MRN_MPA,Lithuania,77.52396
2022,ER_MRN_MPA,Greece,86.59303
2015,ER_MRN_MPA,Lithuania,83.51997
2016,ER_MRN_MPA,Lithuania,83.51997
2017,ER_MRN_MPA,Lithuania,83.51997
2018,ER_MRN_MPA,Lithuania,83.51997
2019,ER_MRN_MPA,Lithuania,83.51997
2020,ER_MRN_MPA,Lithuania,83.51997
2021,ER_MRN_MPA,Lithuania,83.51997
2022,ER_MRN_MPA,Lithuania,83.51997
2000,ER_MRN_MPA,Iceland,9.38874
2001,ER_MRN_MPA,Iceland,9.38874
2002,ER_MRN_MPA,Iceland,9.43207
2003,ER_MRN_MPA,Iceland,9.43207
2004,ER_MRN_MPA,Iceland,9.85884
2005,ER_MRN_MPA,Iceland,9.85884
2006,ER_MRN_MPA,Iceland,10.28752
2007,ER_MRN_MPA,Iceland,10.28752
2008,ER_MRN_MPA,Iceland,10.28752
2009,ER_MRN_MPA,Iceland,11.8422
2010,ER_MRN_MPA,Iceland,11.8422
2011,ER_MRN_MPA,Iceland,12.23096
2012,ER_MRN_MPA,Iceland,14.55809
2013,ER_MRN_MPA,Iceland,14.55809
2014,ER_MRN_MPA,Iceland,14.55809
2015,ER_MRN_MPA,Iceland,14.55809
2016,ER_MRN_MPA,Iceland,14.55809
2017,ER_MRN_MPA,Iceland,14.55809
2018,ER_MRN_MPA,Iceland,14.55809
2019,ER_MRN_MPA,Iceland,14.5581
2020,ER_MRN_MPA,Iceland,14.5581
2021,ER_MRN_MPA,Iceland,16.11976
2022,ER_MRN_MPA,Iceland,16.11976
2000,ER_MRN_MPA,India,4.22813
2000,ER_MRN_MPA,Malta,55.59429
2001,ER_MRN_MPA,Malta,55.59448
2002,ER_MRN_MPA,Malta,55.79491
2003,ER_MRN_MPA,Malta,59.30654
2004,ER_MRN_MPA,Malta,59.30659
2001,ER_MRN_MPA,India,4.22813
2002,ER_MRN_MPA,India,4.22813
2003,ER_MRN_MPA,India,4.22813
2004,ER_MRN_MPA,India,4.22813
2005,ER_MRN_MPA,India,4.22813
2006,ER_MRN_MPA,India,4.22813
2005,ER_MRN_MPA,Malta,60.05951
2006,ER_MRN_MPA,Malta,60.0701
2007,ER_MRN_MPA,Malta,60.10469
2008,ER_MRN_MPA,Malta,65.25752
2009,ER_MRN_MPA,Malta,65.25752
2010,ER_MRN_MPA,Malta,68.02742
2007,ER_MRN_MPA,India,4.22813
2008,ER_MRN_MPA,India,4.22813
2009,ER_MRN_MPA,India,4.22813
2010,ER_MRN_MPA,India,4.22813
2011,ER_MRN_MPA,India,4.22813
2012,ER_MRN_MPA,India,4.22813
2011,ER_MRN_MPA,Malta,68.02742
2012,ER_MRN_MPA,Malta,68.02921
2013,ER_MRN_MPA,Malta,68.02921
2014,ER_MRN_MPA,Malta,68.02921
2015,ER_MRN_MPA,Malta,68.02921
2016,ER_MRN_MPA,Malta,98.86151
2013,ER_MRN_MPA,India,4.22813
2014,ER_MRN_MPA,India,4.22813
2015,ER_MRN_MPA,India,4.22813
2016,ER_MRN_MPA,India,4.22813
2000,ER_MRN_MPA,Spain,38.58786
2001,ER_MRN_MPA,Spain,41.06116
2017,ER_MRN_MPA,Malta,98.86151
2018,ER_MRN_MPA,Malta,98.86151
2019,ER_MRN_MPA,Malta,98.86151
2020,ER_MRN_MPA,Malta,98.86151
2021,ER_MRN_MPA,Malta,98.86151
2022,ER_MRN_MPA,Malta,98.86151
2002,ER_MRN_MPA,Spain,42.57419
2003,ER_MRN_MPA,Spain,44.60372
2004,ER_MRN_MPA,Spain,45.80181
2005,ER_MRN_MPA,Spain,45.85375
2006,ER_MRN_MPA,Spain,58.9303
2007,ER_MRN_MPA,Spain,59.52376
2008,ER_MRN_MPA,Spain,59.5265
2009,ER_MRN_MPA,Spain,59.74311
2010,ER_MRN_MPA,Spain,60.48608
2011,ER_MRN_MPA,Spain,62.32397
2012,ER_MRN_MPA,Spain,62.51987
2013,ER_MRN_MPA,Spain,62.55468
2000,ER_MRN_MPA,Mexico,26.97186
2001,ER_MRN_MPA,Mexico,26.97186
2002,ER_MRN_MPA,Mexico,28.22335
2003,ER_MRN_MPA,Mexico,28.24295
2004,ER_MRN_MPA,Mexico,34.64059
2005,ER_MRN_MPA,Mexico,43.66907
2006,ER_MRN_MPA,Mexico,44.25335
2007,ER_MRN_MPA,Mexico,46.2065
2008,ER_MRN_MPA,Mexico,53.6107
2009,ER_MRN_MPA,Mexico,54.61377
2010,ER_MRN_MPA,Mexico,55.64919
2011,ER_MRN_MPA,Mexico,56.895
2014,ER_MRN_MPA,Spain,84.84646
2015,ER_MRN_MPA,Spain,85.76788
2016,ER_MRN_MPA,Spain,85.84322
2017,ER_MRN_MPA,Spain,85.84396
2018,ER_MRN_MPA,Spain,85.84396
2019,ER_MRN_MPA,Spain,85.84521
2012,ER_MRN_MPA,Mexico,57.30484
2013,ER_MRN_MPA,Mexico,58.60543
2014,ER_MRN_MPA,Mexico,58.61013
2015,ER_MRN_MPA,Mexico,58.61067
2016,ER_MRN_MPA,Mexico,62.50786
2017,ER_MRN_MPA,Mexico,62.51411
2020,ER_MRN_MPA,Spain,85.86279
2021,ER_MRN_MPA,Spain,85.86279
2022,ER_MRN_MPA,Spain,85.86279
2000,ER_MRN_MPA,Sweden,37.7449
2001,ER_MRN_MPA,Sweden,39.57732
2002,ER_MRN_MPA,Sweden,41.84873
2003,ER_MRN_MPA,Sweden,41.84873
2004,ER_MRN_MPA,Sweden,44.41699
2005,ER_MRN_MPA,Sweden,45.92153
2006,ER_MRN_MPA,Sweden,48.31661
2007,ER_MRN_MPA,Sweden,48.31747
2008,ER_MRN_MPA,Sweden,54.65535
2018,ER_MRN_MPA,Mexico,62.52113
2019,ER_MRN_MPA,Mexico,62.52113
2020,ER_MRN_MPA,Mexico,62.52113
2021,ER_MRN_MPA,Mexico,62.52795
2022,ER_MRN_MPA,Mexico,62.52795
2009,ER_MRN_MPA,Sweden,54.68564
2010,ER_MRN_MPA,Sweden,54.75801
2011,ER_MRN_MPA,Sweden,56.44481
2012,ER_MRN_MPA,Sweden,56.67376
2013,ER_MRN_MPA,Sweden,56.67456
2014,ER_MRN_MPA,Sweden,57.02672
2015,ER_MRN_MPA,Sweden,57.0337
2016,ER_MRN_MPA,Sweden,59.73273
2017,ER_MRN_MPA,Sweden,59.74495
2018,ER_MRN_MPA,Sweden,59.94616
2019,ER_MRN_MPA,Sweden,60.20927
2020,ER_MRN_MPA,Sweden,60.4589
2021,ER_MRN_MPA,Sweden,60.46026
2022,ER_MRN_MPA,Sweden,60.46026
2000,ER_MRN_MPA,Montenegro,0.0
2001,ER_MRN_MPA,Montenegro,0.0
2002,ER_MRN_MPA,Montenegro,0.0
2003,ER_MRN_MPA,Montenegro,0.0
2004,ER_MRN_MPA,Montenegro,0.0
2005,ER_MRN_MPA,Montenegro,0.0
2006,ER_MRN_MPA,Montenegro,0.0
2007,ER_MRN_MPA,Montenegro,0.0
2008,ER_MRN_MPA,Montenegro,0.0
2009,ER_MRN_MPA,Montenegro,0.0
2010,ER_MRN_MPA,Montenegro,0.0
2011,ER_MRN_MPA,Montenegro,0.0
2012,ER_MRN_MPA,Montenegro,0.0
2013,ER_MRN_MPA,Montenegro,0.0
2014,ER_MRN_MPA,Montenegro,0.0
2015,ER_MRN_MPA,Montenegro,0.0
2016,ER_MRN_MPA,Montenegro,0.0
2017,ER_MRN_MPA,Montenegro,0.0
2018,ER_MRN_MPA,Montenegro,0.0
2019,ER_MRN_MPA,Montenegro,17.80823
2020,ER_MRN_MPA,Montenegro,17.80823
2021,ER_MRN_MPA,Montenegro,17.80823
2022,ER_MRN_MPA,Montenegro,17.80823
2000,ER_MRN_MPA,Netherlands (Kingdom of the),86.64694
2001,ER_MRN_MPA,Netherlands (Kingdom of the),86.64694
2002,ER_MRN_MPA,Netherlands (Kingdom of the),86.64694
2000,ER_MRN_MPA,Bulgaria,19.09063
2001,ER_MRN_MPA,Bulgaria,24.13683
2002,ER_MRN_MPA,Bulgaria,46.19165
2003,ER_MRN_MPA,Bulgaria,46.19165
2004,ER_MRN_MPA,Bulgaria,46.19307
2005,ER_MRN_MPA,Bulgaria,46.41306
2006,ER_MRN_MPA,Bulgaria,46.41306
2007,ER_MRN_MPA,Bulgaria,99.65203
2008,ER_MRN_MPA,Bulgaria,99.65203
2009,ER_MRN_MPA,Bulgaria,99.65203
2010,ER_MRN_MPA,Bulgaria,99.65203
2011,ER_MRN_MPA,Bulgaria,99.65203
2021,ER_MRN_MPA,Poland,87.31556
2022,ER_MRN_MPA,Poland,87.31556
2000,ER_MRN_MPA,Portugal,36.69985
2001,ER_MRN_MPA,Portugal,36.69985
2002,ER_MRN_MPA,Portugal,36.69985
2003,ER_MRN_MPA,Portugal,36.69985
2004,ER_MRN_MPA,Portugal,38.55138
2005,ER_MRN_MPA,Portugal,41.90344
2006,ER_MRN_MPA,Portugal,42.2342
2007,ER_MRN_MPA,Portugal,42.23444
2008,ER_MRN_MPA,Portugal,59.86765
2009,ER_MRN_MPA,Portugal,61.32519
2010,ER_MRN_MPA,Portugal,61.32519
2011,ER_MRN_MPA,Portugal,68.2858
2012,ER_MRN_MPA,Portugal,68.28585
2013,ER_MRN_MPA,Portugal,68.28585
2014,ER_MRN_MPA,Portugal,68.28585
2015,ER_MRN_MPA,Portugal,70.30955
2016,ER_MRN_MPA,Portugal,70.43105
2017,ER_MRN_MPA,Portugal,70.43105
2018,ER_MRN_MPA,Portugal,70.76779
2019,ER_MRN_MPA,Portugal,70.76779
2020,ER_MRN_MPA,Portugal,70.76779
2021,ER_MRN_MPA,Portugal,70.76779
2022,ER_MRN_MPA,Portugal,70.76779
2000,ER_MRN_MPA,Romania,52.42642
2001,ER_MRN_MPA,Romania,52.42642
2002,ER_MRN_MPA,Romania,52.42642
2003,ER_MRN_MPA,Romania,52.42642
2004,ER_MRN_MPA,Romania,52.42642
2003,ER_MRN_MPA,Netherlands (Kingdom of the),86.64694
2004,ER_MRN_MPA,Netherlands (Kingdom of the),86.64694
2005,ER_MRN_MPA,Netherlands (Kingdom of the),89.98025
2006,ER_MRN_MPA,Netherlands (Kingdom of the),89.98025
2007,ER_MRN_MPA,Netherlands (Kingdom of the),89.98025
2008,ER_MRN_MPA,Netherlands (Kingdom of the),89.98025
2009,ER_MRN_MPA,Netherlands (Kingdom of the),89.98025
2010,ER_MRN_MPA,Netherlands (Kingdom of the),93.31337
2011,ER_MRN_MPA,Netherlands (Kingdom of the),93.31337
2012,ER_MRN_MPA,Netherlands (Kingdom of the),93.31337
2013,ER_MRN_MPA,Netherlands (Kingdom of the),93.31337
2014,ER_MRN_MPA,Netherlands (Kingdom of the),93.31337
2012,ER_MRN_MPA,Bulgaria,99.65203
2013,ER_MRN_MPA,Bulgaria,99.65203
2014,ER_MRN_MPA,Bulgaria,99.65203
2015,ER_MRN_MPA,Bulgaria,99.65203
2016,ER_MRN_MPA,Bulgaria,99.65203
2017,ER_MRN_MPA,Bulgaria,99.65203
2018,ER_MRN_MPA,Bulgaria,99.65203
2019,ER_MRN_MPA,Bulgaria,99.65203
2020,ER_MRN_MPA,Bulgaria,99.65203
2021,ER_MRN_MPA,Bulgaria,99.65203
2022,ER_MRN_MPA,Bulgaria,99.65203
2015,ER_MRN_MPA,Netherlands (Kingdom of the),93.31337
2016,ER_MRN_MPA,Netherlands (Kingdom of the),96.6463
2017,ER_MRN_MPA,Netherlands (Kingdom of the),96.6463
2018,ER_MRN_MPA,Netherlands (Kingdom of the),96.6463
2019,ER_MRN_MPA,Netherlands (Kingdom of the),96.6463
2020,ER_MRN_MPA,Netherlands (Kingdom of the),96.6463
2000,ER_MRN_MPA,United Arab Emirates,9.07644
2001,ER_MRN_MPA,United Arab Emirates,18.16735
2002,ER_MRN_MPA,United Arab Emirates,18.16735
2003,ER_MRN_MPA,United Arab Emirates,18.16735
2004,ER_MRN_MPA,United Arab Emirates,18.16735
2005,ER_MRN_MPA,United Arab Emirates,36.34702
2006,ER_MRN_MPA,United Arab Emirates,36.34702
2007,ER_MRN_MPA,United Arab Emirates,36.34702
2008,ER_MRN_MPA,United Arab Emirates,36.34702
2009,ER_MRN_MPA,United Arab Emirates,36.34702
2010,ER_MRN_MPA,United Arab Emirates,36.34702
2011,ER_MRN_MPA,United Arab Emirates,36.34702
2012,ER_MRN_MPA,United Arab Emirates,44.99689
2013,ER_MRN_MPA,United Arab Emirates,45.43792
2014,ER_MRN_MPA,United Arab Emirates,45.43792
2015,ER_MRN_MPA,United Arab Emirates,45.43792
2016,ER_MRN_MPA,United Arab Emirates,45.43792
2017,ER_MRN_MPA,United Arab Emirates,45.43792
2018,ER_MRN_MPA,United Arab Emirates,48.61051
2019,ER_MRN_MPA,United Arab Emirates,48.61051
2020,ER_MRN_MPA,United Arab Emirates,48.61051
2021,ER_MRN_MPA,United Arab Emirates,48.61051
2022,ER_MRN_MPA,United Arab Emirates,48.61051
2000,ER_MRN_MPA,Türkiye,3.1175
2001,ER_MRN_MPA,Türkiye,3.1175
2002,ER_MRN_MPA,Türkiye,3.1175
2003,ER_MRN_MPA,Türkiye,3.1175
2004,ER_MRN_MPA,Türkiye,3.1175
2005,ER_MRN_MPA,Türkiye,3.84562
2006,ER_MRN_MPA,Türkiye,3.84562
2007,ER_MRN_MPA,Türkiye,3.84562
2008,ER_MRN_MPA,Türkiye,3.84562
2009,ER_MRN_MPA,Türkiye,3.84562
2010,ER_MRN_MPA,Türkiye,3.84562
2011,ER_MRN_MPA,Türkiye,3.84562
2012,ER_MRN_MPA,Türkiye,3.84562
2013,ER_MRN_MPA,Türkiye,3.84562
2014,ER_MRN_MPA,Türkiye,3.84562
2015,ER_MRN_MPA,Türkiye,3.84562
2016,ER_MRN_MPA,Türkiye,3.84562
2017,ER_MRN_MPA,Türkiye,3.84562
2018,ER_MRN_MPA,Türkiye,3.84562
2019,ER_MRN_MPA,Türkiye,3.84562
2020,ER_MRN_MPA,Türkiye,3.84562
2021,ER_MRN_MPA,Türkiye,3.84562
2022,ER_MRN_MPA,Türkiye,3.84562
2000,ER_MRN_MPA,Ukraine,67.3599
2001,ER_MRN_MPA,Ukraine,67.3599
2002,ER_MRN_MPA,Ukraine,67.3599
2003,ER_MRN_MPA,Ukraine,67.3599
2004,ER_MRN_MPA,Ukraine,67.3599
2005,ER_MRN_MPA,Ukraine,67.3599
2006,ER_MRN_MPA,Ukraine,67.3599
2007,ER_MRN_MPA,Ukraine,67.3599
2008,ER_MRN_MPA,Ukraine,67.3599
2009,ER_MRN_MPA,Ukraine,67.3599
2010,ER_MRN_MPA,Ukraine,67.3599
2011,ER_MRN_MPA,Ukraine,67.3599
2012,ER_MRN_MPA,Ukraine,67.3599
2013,ER_MRN_MPA,Ukraine,67.3599
2014,ER_MRN_MPA,Ukraine,67.3599
2015,ER_MRN_MPA,Ukraine,67.3599
2016,ER_MRN_MPA,Ukraine,67.3599
2017,ER_MRN_MPA,Ukraine,67.3599
2018,ER_MRN_MPA,Ukraine,67.3599
2019,ER_MRN_MPA,Ukraine,67.3599
2020,ER_MRN_MPA,Ukraine,67.3599
2021,ER_MRN_MPA,Ukraine,67.3599
2022,ER_MRN_MPA,Ukraine,67.3599
2005,ER_MRN_MPA,Romania,52.42646
2006,ER_MRN_MPA,Romania,52.42646
2007,ER_MRN_MPA,Romania,88.59652
2008,ER_MRN_MPA,Romania,88.60062
2009,ER_MRN_MPA,Romania,88.60062
2010,ER_MRN_MPA,Romania,88.60062
2000,ER_MRN_MPA,United Kingdom of Great Britain and Northern Ireland,72.85796
2001,ER_MRN_MPA,United Kingdom of Great Britain and Northern Ireland,74.00398
2002,ER_MRN_MPA,United Kingdom of Great Britain and Northern Ireland,74.02228
2003,ER_MRN_MPA,United Kingdom of Great Britain and Northern Ireland,74.25177
2004,ER_MRN_MPA,United Kingdom of Great Britain and Northern Ireland,74.82403
2011,ER_MRN_MPA,Romania,88.60062
2012,ER_MRN_MPA,Romania,88.60062
2013,ER_MRN_MPA,Romania,88.60062
2014,ER_MRN_MPA,Romania,88.60062
2015,ER_MRN_MPA,Romania,88.60062
2016,ER_MRN_MPA,Romania,88.60062
2017,ER_MRN_MPA,Romania,88.60062
2018,ER_MRN_MPA,Romania,88.60062
2019,ER_MRN_MPA,Romania,88.60062
2020,ER_MRN_MPA,Romania,88.60062
2021,ER_MRN_MPA,Romania,88.60062
2022,ER_MRN_MPA,Romania,88.60062
2005,ER_MRN_MPA,United Kingdom of Great Britain and Northern Ireland,78.14079
2006,ER_MRN_MPA,United Kingdom of Great Britain and Northern Ireland,78.4953
2007,ER_MRN_MPA,United Kingdom of Great Britain and Northern Ireland,78.50745
2008,ER_MRN_MPA,United Kingdom of Great Britain and Northern Ireland,78.51946
2009,ER_MRN_MPA,United Kingdom of Great Britain and Northern Ireland,78.53134
2010,ER_MRN_MPA,United Kingdom of Great Britain and Northern Ireland,78.87989
2011,ER_MRN_MPA,United Kingdom of Great Britain and Northern Ireland,80.2308
2012,ER_MRN_MPA,United Kingdom of Great Britain and Northern Ireland,80.23372
2013,ER_MRN_MPA,United Kingdom of Great Britain and Northern Ireland,80.23372
2014,ER_MRN_MPA,United Kingdom of Great Britain and Northern Ireland,80.4301
2015,ER_MRN_MPA,United Kingdom of Great Britain and Northern Ireland,80.43025
2016,ER_MRN_MPA,United Kingdom of Great Britain and Northern Ireland,80.43096
2017,ER_MRN_MPA,United Kingdom of Great Britain and Northern Ireland,80.78616
2018,ER_MRN_MPA,United Kingdom of Great Britain and Northern Ireland,81.21426
2019,ER_MRN_MPA,United Kingdom of Great Britain and Northern Ireland,81.23336
2020,ER_MRN_MPA,United Kingdom of Great Britain and Northern Ireland,81.23336
2021,ER_MRN_MPA,United Kingdom of Great Britain and Northern Ireland,81.23336
2022,ER_MRN_MPA,United Kingdom of Great Britain and Northern Ireland,81.23336
2000,ER_MRN_MPA,Canada,20.13165
2001,ER_MRN_MPA,Canada,20.13696
2002,ER_MRN_MPA,Canada,20.43893
2003,ER_MRN_MPA,Canada,20.45576
2004,ER_MRN_MPA,Canada,20.47468
2005,ER_MRN_MPA,Canada,23.85148
2006,ER_MRN_MPA,Canada,23.91825
2007,ER_MRN_MPA,Canada,23.91858
2008,ER_MRN_MPA,Canada,25.92434
2009,ER_MRN_MPA,Canada,26.41541
2010,ER_MRN_MPA,Canada,31.46144
2011,ER_MRN_MPA,Canada,31.53153
2012,ER_MRN_MPA,Canada,31.53394
2013,ER_MRN_MPA,Canada,31.53656
2014,ER_MRN_MPA,Canada,31.97987
2015,ER_MRN_MPA,Canada,32.13313
2016,ER_MRN_MPA,Canada,32.59092
2017,ER_MRN_MPA,Canada,35.39509
2018,ER_MRN_MPA,Canada,35.93024
2019,ER_MRN_MPA,Canada,36.02461
2020,ER_MRN_MPA,Canada,38.58387
2021,ER_MRN_MPA,Canada,38.58664
2022,ER_MRN_MPA,Canada,38.58664
2000,ER_MRN_MPA,Chile,14.18882
2001,ER_MRN_MPA,Chile,14.18882
2002,ER_MRN_MPA,Chile,14.18882
2000,ER_MRN_MPA,Viet Nam,9.63403
2001,ER_MRN_MPA,Viet Nam,9.63403
2002,ER_MRN_MPA,Viet Nam,13.93881
2003,ER_MRN_MPA,Viet Nam,18.68098
2004,ER_MRN_MPA,Viet Nam,18.68098
2005,ER_MRN_MPA,Viet Nam,18.68098
2006,ER_MRN_MPA,Viet Nam,18.68098
2007,ER_MRN_MPA,Viet Nam,18.68098
2008,ER_MRN_MPA,Viet Nam,18.68098
2009,ER_MRN_MPA,Viet Nam,18.68098
2010,ER_MRN_MPA,Viet Nam,18.68098
2011,ER_MRN_MPA,Viet Nam,18.68098
2012,ER_MRN_MPA,Viet Nam,18.68098
2013,ER_MRN_MPA,Viet Nam,18.68098
2014,ER_MRN_MPA,Viet Nam,24.58874
2015,ER_MRN_MPA,Viet Nam,24.58874
2016,ER_MRN_MPA,Viet Nam,24.58874
2017,ER_MRN_MPA,Viet Nam,24.58874
2018,ER_MRN_MPA,Viet Nam,24.58874
2019,ER_MRN_MPA,Viet Nam,24.58874
2020,ER_MRN_MPA,Viet Nam,24.58874
2021,ER_MRN_MPA,Viet Nam,24.58874
2022,ER_MRN_MPA,Viet Nam,24.58874
2000,ER_MRN_MPA,Slovenia,31.41239
2001,ER_MRN_MPA,Slovenia,31.41239
2002,ER_MRN_MPA,Slovenia,31.41239
2003,ER_MRN_MPA,Slovenia,31.41239
2004,ER_MRN_MPA,Slovenia,54.02236
2005,ER_MRN_MPA,Slovenia,54.02236
2006,ER_MRN_MPA,Slovenia,54.02236
2007,ER_MRN_MPA,Slovenia,54.02236
2008,ER_MRN_MPA,Slovenia,54.02236
2009,ER_MRN_MPA,Slovenia,54.02236
2010,ER_MRN_MPA,Slovenia,54.02236
2011,ER_MRN_MPA,Slovenia,54.02236
2012,ER_MRN_MPA,Slovenia,54.02338
2013,ER_MRN_MPA,Slovenia,59.54813
2014,ER_MRN_MPA,Slovenia,59.54813
2015,ER_MRN_MPA,Slovenia,59.54961
2016,ER_MRN_MPA,Slovenia,59.54961
2017,ER_MRN_MPA,Slovenia,59.54961
2018,ER_MRN_MPA,Slovenia,62.72849
2019,ER_MRN_MPA,Slovenia,62.72849
2020,ER_MRN_MPA,Slovenia,62.72849
2021,ER_MRN_MPA,Slovenia,62.72849
2022,ER_MRN_MPA,Slovenia,62.72849
2003,ER_MRN_MPA,Chile,14.18882
2004,ER_MRN_MPA,Chile,15.35547
2005,ER_MRN_MPA,Chile,16.15595
2006,ER_MRN_MPA,Chile,16.15595
2007,ER_MRN_MPA,Chile,17.11728
2008,ER_MRN_MPA,Chile,17.11728
2009,ER_MRN_MPA,Chile,17.20777
2010,ER_MRN_MPA,Chile,18.16931
2011,ER_MRN_MPA,Chile,18.16931
2012,ER_MRN_MPA,Chile,18.16931
2013,ER_MRN_MPA,Chile,18.16931
2014,ER_MRN_MPA,Chile,18.17208
2015,ER_MRN_MPA,Chile,18.70105
2016,ER_MRN_MPA,Chile,18.70105
2017,ER_MRN_MPA,Chile,18.76157
2018,ER_MRN_MPA,Chile,20.6403
2019,ER_MRN_MPA,Chile,23.52491
2020,ER_MRN_MPA,Chile,23.69983
2021,ER_MRN_MPA,Chile,23.69983
2022,ER_MRN_MPA,Chile,25.02304
2000,ER_MRN_MPA,China,2.27285
2001,ER_MRN_MPA,China,2.78494
2002,ER_MRN_MPA,China,4.6665
2003,ER_MRN_MPA,China,4.6665
2004,ER_MRN_MPA,China,6.13089
2005,ER_MRN_MPA,China,6.13089
2006,ER_MRN_MPA,China,6.13276
2007,ER_MRN_MPA,China,6.13276
2008,ER_MRN_MPA,China,6.13276
2009,ER_MRN_MPA,China,6.77569
2010,ER_MRN_MPA,China,6.77569
2011,ER_MRN_MPA,China,6.77569
2012,ER_MRN_MPA,China,6.77569
2013,ER_MRN_MPA,China,7.07609
2014,ER_MRN_MPA,China,7.07609
2015,ER_MRN_MPA,China,7.07609
2016,ER_MRN_MPA,China,7.07609
2017,ER_MRN_MPA,China,7.07609
2018,ER_MRN_MPA,China,7.07609
2019,ER_MRN_MPA,China,7.07609
2020,ER_MRN_MPA,China,7.07609
2021,ER_MRN_MPA,China,7.07609
2022,ER_MRN_MPA,China,7.07609
2000,ER_MRN_MPA,Colombia,33.07551
2001,ER_MRN_MPA,Colombia,33.07551
2002,ER_MRN_MPA,Colombia,33.81717
2003,ER_MRN_MPA,Colombia,33.81717
2004,ER_MRN_MPA,Colombia,33.81717
2005,ER_MRN_MPA,Colombia,47.19074
2006,ER_MRN_MPA,Colombia,54.70691
2007,ER_MRN_MPA,Colombia,54.70691
2008,ER_MRN_MPA,Colombia,55.28843
2009,ER_MRN_MPA,Colombia,55.29266
2010,ER_MRN_MPA,Colombia,55.29266
2011,ER_MRN_MPA,Colombia,55.34737
2012,ER_MRN_MPA,Colombia,55.34737
2013,ER_MRN_MPA,Colombia,55.43041
2014,ER_MRN_MPA,Colombia,56.07109
2015,ER_MRN_MPA,Colombia,56.10937
2016,ER_MRN_MPA,Colombia,56.10937
2017,ER_MRN_MPA,Colombia,56.10937
2018,ER_MRN_MPA,Colombia,56.48729
2019,ER_MRN_MPA,Colombia,56.48729
2020,ER_MRN_MPA,Colombia,56.56852
2021,ER_MRN_MPA,Colombia,56.56852
2022,ER_MRN_MPA,Colombia,56.56852
2021,ER_MRN_MPA,Netherlands (Kingdom of the),96.6463
2022,ER_MRN_MPA,Netherlands (Kingdom of the),96.6463
2022,ER_MRN_MPA,Netherlands (Kingdom of the),96.6463
