Year,SeriesCode,Country,Value
2010,AG_LND_FRSTMGT,Australia,21.66
2015,AG_LND_FRSTMGT,Australia,32.28
2016,AG_LND_FRSTMGT,Australia,32.51
2017,AG_LND_FRSTMGT,Australia,32.51
2018,AG_LND_FRSTMGT,Australia,32.5
2019,AG_LND_FRSTMGT,Australia,32.5
2020,AG_LND_FRSTMGT,Australia,32.5
2000,AG_LND_FRSTMGT,Austria,48.46
2010,AG_LND_FRSTMGT,Austria,49.78
2015,AG_LND_FRSTMGT,Austria,50.01
2016,AG_LND_FRSTMGT,Austria,50.04
2017,AG_LND_FRSTMGT,Austria,50.09
2018,AG_LND_FRSTMGT,Austria,50.14
2019,AG_LND_FRSTMGT,Austria,50.19
2020,AG_LND_FRSTMGT,Austria,50.24
2015,AG_LND_FRSTMGT,Belgium,44.64
2000,AG_LND_FRSTMGT,Bulgaria,84.27
2010,AG_LND_FRSTMGT,Bulgaria,93.79
2015,AG_LND_FRSTMGT,Bulgaria,95.83
2016,AG_LND_FRSTMGT,Bulgaria,96.01
2017,AG_LND_FRSTMGT,Bulgaria,96.35
2018,AG_LND_FRSTMGT,Bulgaria,96.71
2019,AG_LND_FRSTMGT,Bulgaria,97.05
2020,AG_LND_FRSTMGT,Bulgaria,97.39
2000,AG_LND_FRSTMGT,Belarus,95.82
2010,AG_LND_FRSTMGT,Belarus,99.96
2015,AG_LND_FRSTMGT,Belarus,100.0
2016,AG_LND_FRSTMGT,Belarus,100.0
2017,AG_LND_FRSTMGT,Belarus,100.0
2018,AG_LND_FRSTMGT,Belarus,100.0
2019,AG_LND_FRSTMGT,Belarus,100.0
2020,AG_LND_FRSTMGT,Belarus,100.0
2000,AG_LND_FRSTMGT,Canada,54.19
2010,AG_LND_FRSTMGT,Canada,54.12
2015,AG_LND_FRSTMGT,Canada,54.35
2016,AG_LND_FRSTMGT,Canada,57.64
2017,AG_LND_FRSTMGT,Canada,57.64
2018,AG_LND_FRSTMGT,Canada,60.71
2019,AG_LND_FRSTMGT,Canada,60.82
2020,AG_LND_FRSTMGT,Canada,60.82
2000,AG_LND_FRSTMGT,Chile,0.0
2010,AG_LND_FRSTMGT,Chile,0.0
2015,AG_LND_FRSTMGT,Chile,0.0
2016,AG_LND_FRSTMGT,Chile,0.0
2017,AG_LND_FRSTMGT,Chile,0.0
2018,AG_LND_FRSTMGT,Chile,0.02
2019,AG_LND_FRSTMGT,Chile,0.02
2020,AG_LND_FRSTMGT,Chile,0.09
2000,AG_LND_FRSTMGT,China,46.29
2010,AG_LND_FRSTMGT,China,57.24
2015,AG_LND_FRSTMGT,China,65.0
2016,AG_LND_FRSTMGT,China,66.68
2017,AG_LND_FRSTMGT,China,68.29
2018,AG_LND_FRSTMGT,China,69.92
2019,AG_LND_FRSTMGT,China,71.56
2020,AG_LND_FRSTMGT,China,73.22
2000,AG_LND_FRSTMGT,Colombia,15.17
2010,AG_LND_FRSTMGT,Colombia,29.19
2015,AG_LND_FRSTMGT,Colombia,40.11
2016,AG_LND_FRSTMGT,Colombia,42.57
2017,AG_LND_FRSTMGT,Colombia,43.95
2018,AG_LND_FRSTMGT,Colombia,43.95
2019,AG_LND_FRSTMGT,Colombia,43.95
2020,AG_LND_FRSTMGT,Colombia,43.95
2015,AG_LND_FRSTMGT,Costa Rica,36.03
2016,AG_LND_FRSTMGT,Costa Rica,36.58
2017,AG_LND_FRSTMGT,Costa Rica,37.14
2018,AG_LND_FRSTMGT,Costa Rica,36.47
2019,AG_LND_FRSTMGT,Costa Rica,37.03
2020,AG_LND_FRSTMGT,Costa Rica,37.58
2000,AG_LND_FRSTMGT,Croatia,71.64
2010,AG_LND_FRSTMGT,Croatia,77.47
2015,AG_LND_FRSTMGT,Croatia,82.64
2016,AG_LND_FRSTMGT,Croatia,86.29
2017,AG_LND_FRSTMGT,Croatia,89.94
2018,AG_LND_FRSTMGT,Croatia,93.59
2019,AG_LND_FRSTMGT,Croatia,97.24
2020,AG_LND_FRSTMGT,Croatia,100.0
2000,AG_LND_FRSTMGT,Cyprus,61.26
2010,AG_LND_FRSTMGT,Cyprus,61.98
2015,AG_LND_FRSTMGT,Cyprus,62.04
2016,AG_LND_FRSTMGT,Cyprus,62.34
2017,AG_LND_FRSTMGT,Cyprus,66.06
2018,AG_LND_FRSTMGT,Cyprus,66.07
2019,AG_LND_FRSTMGT,Cyprus,66.08
2020,AG_LND_FRSTMGT,Cyprus,66.08
2000,AG_LND_FRSTMGT,Czechia,98.83
2010,AG_LND_FRSTMGT,Czechia,99.59
2015,AG_LND_FRSTMGT,Czechia,100.0
2016,AG_LND_FRSTMGT,Czechia,100.0
2017,AG_LND_FRSTMGT,Czechia,100.0
2018,AG_LND_FRSTMGT,Czechia,100.0
2019,AG_LND_FRSTMGT,Czechia,100.0
2020,AG_LND_FRSTMGT,Czechia,100.0
2000,AG_LND_FRSTMGT,Denmark,40.66
2010,AG_LND_FRSTMGT,Denmark,49.79
2015,AG_LND_FRSTMGT,Denmark,49.79
2016,AG_LND_FRSTMGT,Denmark,49.79
2017,AG_LND_FRSTMGT,Denmark,49.79
2018,AG_LND_FRSTMGT,Denmark,49.79
2019,AG_LND_FRSTMGT,Denmark,49.79
2020,AG_LND_FRSTMGT,Denmark,49.79
2000,AG_LND_FRSTMGT,Estonia,50.81
2010,AG_LND_FRSTMGT,Estonia,68.19
2015,AG_LND_FRSTMGT,Estonia,63.78
2016,AG_LND_FRSTMGT,Estonia,67.32
2017,AG_LND_FRSTMGT,Estonia,68.82
2018,AG_LND_FRSTMGT,Estonia,71.03
2019,AG_LND_FRSTMGT,Estonia,69.81
2020,AG_LND_FRSTMGT,Estonia,69.81
2000,AG_LND_FRSTMGT,Finland,100.0
2010,AG_LND_FRSTMGT,Finland,99.26
2015,AG_LND_FRSTMGT,Finland,100.0
2016,AG_LND_FRSTMGT,Finland,100.0
2017,AG_LND_FRSTMGT,Finland,100.0
2018,AG_LND_FRSTMGT,Finland,100.0
2019,AG_LND_FRSTMGT,Finland,100.0
2020,AG_LND_FRSTMGT,Finland,100.0
2000,AG_LND_FRSTMGT,France,38.49
2010,AG_LND_FRSTMGT,France,42.6
2015,AG_LND_FRSTMGT,France,45.36
2016,AG_LND_FRSTMGT,France,46.19
2017,AG_LND_FRSTMGT,France,46.31
2018,AG_LND_FRSTMGT,France,46.31
2019,AG_LND_FRSTMGT,France,46.31
2020,AG_LND_FRSTMGT,France,46.31
2010,AG_LND_FRSTMGT,Georgia,5.7
2015,AG_LND_FRSTMGT,Georgia,9.18
2016,AG_LND_FRSTMGT,Georgia,9.18
2017,AG_LND_FRSTMGT,Georgia,16.34
2018,AG_LND_FRSTMGT,Georgia,18.94
2019,AG_LND_FRSTMGT,Georgia,21.99
2020,AG_LND_FRSTMGT,Georgia,16.09
2000,AG_LND_FRSTMGT,Germany,65.93
2010,AG_LND_FRSTMGT,Germany,66.38
2015,AG_LND_FRSTMGT,Germany,66.38
2016,AG_LND_FRSTMGT,Germany,66.38
2017,AG_LND_FRSTMGT,Germany,66.38
2018,AG_LND_FRSTMGT,Germany,66.38
2019,AG_LND_FRSTMGT,Germany,66.38
2020,AG_LND_FRSTMGT,Germany,66.38
2000,AG_LND_FRSTMGT,Hungary,93.22
2010,AG_LND_FRSTMGT,Hungary,99.3
2015,AG_LND_FRSTMGT,Hungary,100.0
2016,AG_LND_FRSTMGT,Hungary,99.9
2017,AG_LND_FRSTMGT,Hungary,99.83
2018,AG_LND_FRSTMGT,Hungary,99.76
2019,AG_LND_FRSTMGT,Hungary,99.69
2020,AG_LND_FRSTMGT,Hungary,99.62
2000,AG_LND_FRSTMGT,Iceland,43.96
2010,AG_LND_FRSTMGT,Iceland,74.13
2015,AG_LND_FRSTMGT,Iceland,80.96
2016,AG_LND_FRSTMGT,Iceland,81.91
2017,AG_LND_FRSTMGT,Iceland,83.31
2018,AG_LND_FRSTMGT,Iceland,83.33
2019,AG_LND_FRSTMGT,Iceland,84.59
2020,AG_LND_FRSTMGT,Iceland,85.88
2000,AG_LND_FRSTMGT,India,74.86
2010,AG_LND_FRSTMGT,India,74.97
2015,AG_LND_FRSTMGT,India,74.48
2016,AG_LND_FRSTMGT,India,74.48
2017,AG_LND_FRSTMGT,India,74.76
2018,AG_LND_FRSTMGT,India,74.76
2019,AG_LND_FRSTMGT,India,74.76
2020,AG_LND_FRSTMGT,India,74.76
2000,AG_LND_FRSTMGT,Ireland,64.24
2010,AG_LND_FRSTMGT,Ireland,69.79
2015,AG_LND_FRSTMGT,Ireland,71.45
2016,AG_LND_FRSTMGT,Ireland,71.84
2017,AG_LND_FRSTMGT,Ireland,72.23
2018,AG_LND_FRSTMGT,Ireland,72.61
2019,AG_LND_FRSTMGT,Ireland,72.98
2020,AG_LND_FRSTMGT,Ireland,73.36
2018,AG_LND_FRSTMGT,Israel,16.36
2019,AG_LND_FRSTMGT,Israel,20.0
2020,AG_LND_FRSTMGT,Israel,23.64
2010,AG_LND_FRSTMGT,Italy,16.97
2000,AG_LND_FRSTMGT,Japan,99.73
2010,AG_LND_FRSTMGT,Japan,100.0
2015,AG_LND_FRSTMGT,Japan,100.0
2016,AG_LND_FRSTMGT,Japan,99.98
2017,AG_LND_FRSTMGT,Japan,99.96
2018,AG_LND_FRSTMGT,Japan,99.96
2019,AG_LND_FRSTMGT,Japan,99.96
2020,AG_LND_FRSTMGT,Japan,99.96
2000,AG_LND_FRSTMGT,Kazakhstan,95.42
2010,AG_LND_FRSTMGT,Kazakhstan,93.16
2015,AG_LND_FRSTMGT,Kazakhstan,100.0
2016,AG_LND_FRSTMGT,Kazakhstan,100.0
2017,AG_LND_FRSTMGT,Kazakhstan,100.0
2018,AG_LND_FRSTMGT,Kazakhstan,100.0
2019,AG_LND_FRSTMGT,Kazakhstan,100.0
2020,AG_LND_FRSTMGT,Kazakhstan,100.0
2000,AG_LND_FRSTMGT,Republic of Korea,59.02
2010,AG_LND_FRSTMGT,Republic of Korea,50.1
2015,AG_LND_FRSTMGT,Republic of Korea,51.73
2016,AG_LND_FRSTMGT,Republic of Korea,50.7
2017,AG_LND_FRSTMGT,Republic of Korea,44.72
2018,AG_LND_FRSTMGT,Republic of Korea,42.92
2019,AG_LND_FRSTMGT,Republic of Korea,41.14
2020,AG_LND_FRSTMGT,Republic of Korea,39.34
2000,AG_LND_FRSTMGT,Kyrgyzstan,68.56
2010,AG_LND_FRSTMGT,Kyrgyzstan,69.44
2015,AG_LND_FRSTMGT,Kyrgyzstan,76.32
2016,AG_LND_FRSTMGT,Kyrgyzstan,76.32
2017,AG_LND_FRSTMGT,Kyrgyzstan,80.75
2018,AG_LND_FRSTMGT,Kyrgyzstan,80.75
2019,AG_LND_FRSTMGT,Kyrgyzstan,86.8
2020,AG_LND_FRSTMGT,Kyrgyzstan,89.02
2000,AG_LND_FRSTMGT,Latvia,95.56
2010,AG_LND_FRSTMGT,Latvia,99.43
2015,AG_LND_FRSTMGT,Latvia,100.0
2016,AG_LND_FRSTMGT,Latvia,100.0
2017,AG_LND_FRSTMGT,Latvia,100.0
2018,AG_LND_FRSTMGT,Latvia,100.0
2019,AG_LND_FRSTMGT,Latvia,100.0
2020,AG_LND_FRSTMGT,Latvia,100.0
2000,AG_LND_FRSTMGT,Lithuania,92.36
2010,AG_LND_FRSTMGT,Lithuania,99.22
2015,AG_LND_FRSTMGT,Lithuania,100.0
2016,AG_LND_FRSTMGT,Lithuania,100.0
2017,AG_LND_FRSTMGT,Lithuania,100.0
2018,AG_LND_FRSTMGT,Lithuania,100.0
2019,AG_LND_FRSTMGT,Lithuania,100.0
2020,AG_LND_FRSTMGT,Lithuania,100.0
2016,AG_LND_FRSTMGT,Malta,8.57
2017,AG_LND_FRSTMGT,Malta,11.43
2018,AG_LND_FRSTMGT,Malta,11.43
2019,AG_LND_FRSTMGT,Malta,11.43
2020,AG_LND_FRSTMGT,Malta,11.43
2000,AG_LND_FRSTMGT,Mexico,2.65
2010,AG_LND_FRSTMGT,Mexico,3.65
2015,AG_LND_FRSTMGT,Mexico,12.52
2016,AG_LND_FRSTMGT,Mexico,6.77
2017,AG_LND_FRSTMGT,Mexico,7.08
2000,AG_LND_FRSTMGT,Moldova,73.45
2010,AG_LND_FRSTMGT,Moldova,78.18
2015,AG_LND_FRSTMGT,Moldova,79.82
2016,AG_LND_FRSTMGT,Moldova,80.48
2017,AG_LND_FRSTMGT,Moldova,80.4
2018,AG_LND_FRSTMGT,Moldova,80.4
2019,AG_LND_FRSTMGT,Moldova,80.4
2020,AG_LND_FRSTMGT,Moldova,80.4
2010,AG_LND_FRSTMGT,Montenegro,36.75
2015,AG_LND_FRSTMGT,Montenegro,36.75
2016,AG_LND_FRSTMGT,Montenegro,36.75
2017,AG_LND_FRSTMGT,Montenegro,36.75
2018,AG_LND_FRSTMGT,Montenegro,36.75
2019,AG_LND_FRSTMGT,Montenegro,36.75
2020,AG_LND_FRSTMGT,Montenegro,36.75
2000,AG_LND_FRSTMGT,Netherlands (Kingdom of the),77.82
2010,AG_LND_FRSTMGT,Netherlands (Kingdom of the),80.37
2015,AG_LND_FRSTMGT,Netherlands (Kingdom of the),78.28
2016,AG_LND_FRSTMGT,Netherlands (Kingdom of the),78.45
2017,AG_LND_FRSTMGT,Netherlands (Kingdom of the),78.56
2018,AG_LND_FRSTMGT,Netherlands (Kingdom of the),78.75
2019,AG_LND_FRSTMGT,Netherlands (Kingdom of the),78.91
2020,AG_LND_FRSTMGT,Netherlands (Kingdom of the),79.08
2000,AG_LND_FRSTMGT,New Zealand,71.12
2010,AG_LND_FRSTMGT,New Zealand,75.33
2015,AG_LND_FRSTMGT,New Zealand,74.63
2016,AG_LND_FRSTMGT,New Zealand,74.66
2017,AG_LND_FRSTMGT,New Zealand,74.76
2018,AG_LND_FRSTMGT,New Zealand,74.82
2019,AG_LND_FRSTMGT,New Zealand,74.97
2020,AG_LND_FRSTMGT,New Zealand,75.27
2000,AG_LND_FRSTMGT,Norway,38.14
2010,AG_LND_FRSTMGT,Norway,30.87
2015,AG_LND_FRSTMGT,Norway,45.59
2016,AG_LND_FRSTMGT,Norway,49.49
2017,AG_LND_FRSTMGT,Norway,50.77
2018,AG_LND_FRSTMGT,Norway,50.92
2019,AG_LND_FRSTMGT,Norway,51.07
2020,AG_LND_FRSTMGT,Norway,51.21
2000,AG_LND_FRSTMGT,Poland,89.81
2010,AG_LND_FRSTMGT,Poland,91.68
2015,AG_LND_FRSTMGT,Poland,94.8
2016,AG_LND_FRSTMGT,Poland,95.62
2017,AG_LND_FRSTMGT,Poland,96.21
2010,AG_LND_FRSTMGT,Portugal,21.92
2015,AG_LND_FRSTMGT,Portugal,26.69
2000,AG_LND_FRSTMGT,Romania,86.71
2010,AG_LND_FRSTMGT,Romania,81.92
2015,AG_LND_FRSTMGT,Romania,80.97
2016,AG_LND_FRSTMGT,Romania,80.97
2017,AG_LND_FRSTMGT,Romania,80.97
2018,AG_LND_FRSTMGT,Romania,80.97
2019,AG_LND_FRSTMGT,Romania,80.97
2020,AG_LND_FRSTMGT,Romania,80.97
2000,AG_LND_FRSTMGT,Serbia,73.51
2010,AG_LND_FRSTMGT,Serbia,47.18
2015,AG_LND_FRSTMGT,Serbia,42.58
2016,AG_LND_FRSTMGT,Serbia,42.1
2017,AG_LND_FRSTMGT,Serbia,42.09
2018,AG_LND_FRSTMGT,Serbia,42.16
2019,AG_LND_FRSTMGT,Serbia,42.16
2020,AG_LND_FRSTMGT,Serbia,42.16
2000,AG_LND_FRSTMGT,Slovakia,98.94
2010,AG_LND_FRSTMGT,Slovakia,99.8
2015,AG_LND_FRSTMGT,Slovakia,100.0
2016,AG_LND_FRSTMGT,Slovakia,100.0
2017,AG_LND_FRSTMGT,Slovakia,100.0
2018,AG_LND_FRSTMGT,Slovakia,100.0
2019,AG_LND_FRSTMGT,Slovakia,100.0
2020,AG_LND_FRSTMGT,Slovakia,100.0
2000,AG_LND_FRSTMGT,Viet Nam,41.43
2010,AG_LND_FRSTMGT,Viet Nam,47.05
2015,AG_LND_FRSTMGT,Viet Nam,46.88
2016,AG_LND_FRSTMGT,Viet Nam,49.22
2017,AG_LND_FRSTMGT,Viet Nam,49.18
2018,AG_LND_FRSTMGT,Viet Nam,42.22
2019,AG_LND_FRSTMGT,Viet Nam,49.59
2020,AG_LND_FRSTMGT,Viet Nam,49.85
2000,AG_LND_FRSTMGT,Slovenia,98.8
2010,AG_LND_FRSTMGT,Slovenia,99.6
2015,AG_LND_FRSTMGT,Slovenia,99.92
2016,AG_LND_FRSTMGT,Slovenia,99.84
2017,AG_LND_FRSTMGT,Slovenia,99.67
2018,AG_LND_FRSTMGT,Slovenia,99.51
2019,AG_LND_FRSTMGT,Slovenia,99.35
2020,AG_LND_FRSTMGT,Slovenia,99.19
2016,AG_LND_FRSTMGT,Spain,31.82
2000,AG_LND_FRSTMGT,Sweden,95.68
2010,AG_LND_FRSTMGT,Sweden,81.2
2015,AG_LND_FRSTMGT,Sweden,81.06
2016,AG_LND_FRSTMGT,Sweden,81.06
2017,AG_LND_FRSTMGT,Sweden,81.06
2018,AG_LND_FRSTMGT,Sweden,81.06
2019,AG_LND_FRSTMGT,Sweden,81.06
2020,AG_LND_FRSTMGT,Sweden,81.06
2000,AG_LND_FRSTMGT,Switzerland,69.67
2010,AG_LND_FRSTMGT,Switzerland,78.92
2015,AG_LND_FRSTMGT,Switzerland,84.94
2016,AG_LND_FRSTMGT,Switzerland,85.17
2017,AG_LND_FRSTMGT,Switzerland,85.4
2018,AG_LND_FRSTMGT,Switzerland,85.64
2019,AG_LND_FRSTMGT,Switzerland,85.87
2020,AG_LND_FRSTMGT,Switzerland,86.1
2000,AG_LND_FRSTMGT,Türkiye,93.15
2010,AG_LND_FRSTMGT,Türkiye,97.47
2015,AG_LND_FRSTMGT,Türkiye,100.0
2016,AG_LND_FRSTMGT,Türkiye,100.0
2017,AG_LND_FRSTMGT,Türkiye,100.0
2018,AG_LND_FRSTMGT,Türkiye,100.0
2019,AG_LND_FRSTMGT,Türkiye,100.0
2020,AG_LND_FRSTMGT,Türkiye,100.0
2000,AG_LND_FRSTMGT,Ukraine,85.53
2010,AG_LND_FRSTMGT,Ukraine,88.57
2015,AG_LND_FRSTMGT,Ukraine,88.64
2016,AG_LND_FRSTMGT,Ukraine,88.85
2017,AG_LND_FRSTMGT,Ukraine,88.95
2018,AG_LND_FRSTMGT,Ukraine,88.02
2019,AG_LND_FRSTMGT,Ukraine,89.31
2020,AG_LND_FRSTMGT,Ukraine,89.57
2000,AG_LND_FRSTMGT,United Kingdom of Great Britain and Northern Ireland,33.76
2010,AG_LND_FRSTMGT,United Kingdom of Great Britain and Northern Ireland,52.87
2015,AG_LND_FRSTMGT,United Kingdom of Great Britain and Northern Ireland,57.34
2016,AG_LND_FRSTMGT,United Kingdom of Great Britain and Northern Ireland,57.27
2017,AG_LND_FRSTMGT,United Kingdom of Great Britain and Northern Ireland,59.3
2018,AG_LND_FRSTMGT,United Kingdom of Great Britain and Northern Ireland,59.94
2019,AG_LND_FRSTMGT,United Kingdom of Great Britain and Northern Ireland,60.51
2020,AG_LND_FRSTMGT,United Kingdom of Great Britain and Northern Ireland,61.05
2000,AG_LND_FRSTMGT,Uzbekistan,57.47
2010,AG_LND_FRSTMGT,Uzbekistan,64.24
2015,AG_LND_FRSTMGT,Uzbekistan,83.11
2016,AG_LND_FRSTMGT,Uzbekistan,87.34
2017,AG_LND_FRSTMGT,Uzbekistan,90.16
2018,AG_LND_FRSTMGT,Uzbekistan,92.02
2019,AG_LND_FRSTMGT,Uzbekistan,92.97
2020,AG_LND_FRSTMGT,Uzbekistan,95.79
2010,AG_LND_FRSTMGT,Albania,98.37
