Year,SeriesCode,Country,Bioclimatic belt,Value
2000,ER_MTN_TOTL,Albania,REMAIN_MOUNT,221.1
2000,ER_MTN_TOTL,Albania,TOTAL,20267.45
2000,ER_MTN_TOTL,Albania,ALPINE,12.88
2000,ER_MTN_TOTL,Albania,MONTANE,20033.47
2005,ER_MTN_TOTL,Albania,ALPINE,12.88
2005,ER_MTN_TOTL,Albania,TOTAL,20267.45
2005,ER_MTN_TOTL,Albania,MONTANE,20033.47
2005,ER_MTN_TOTL,Albania,REMAIN_MOUNT,221.1
2010,ER_MTN_TOTL,Albania,ALPINE,12.88
2010,ER_MTN_TOTL,Albania,MONTANE,20033.47
2010,ER_MTN_TOTL,Albania,TOTAL,20267.45
2010,ER_MTN_TOTL,Albania,REMAIN_MOUNT,221.1
2000,ER_MTN_TOTL,Kazakhstan,ALPINE,9143.69
2000,ER_MTN_TOTL,Kazakhstan,MONTANE,142975.32
2005,ER_MTN_TOTL,Kazakhstan,MONTANE,142975.32
2005,ER_MTN_TOTL,Kazakhstan,ALPINE,9143.69
2005,ER_MTN_TOTL,Kazakhstan,NIVAL,840.33
2005,ER_MTN_TOTL,Kazakhstan,TOTAL,189795.03
2005,ER_MTN_TOTL,Kazakhstan,REMAIN_MOUNT,36835.69
2010,ER_MTN_TOTL,Kazakhstan,ALPINE,9143.69
2010,ER_MTN_TOTL,Kazakhstan,NIVAL,840.33
2010,ER_MTN_TOTL,Kazakhstan,REMAIN_MOUNT,36835.69
2010,ER_MTN_TOTL,Kazakhstan,TOTAL,189795.03
2010,ER_MTN_TOTL,Kazakhstan,MONTANE,142975.32
2015,ER_MTN_TOTL,Kazakhstan,MONTANE,142975.32
2015,ER_MTN_TOTL,Kazakhstan,ALPINE,9143.69
2015,ER_MTN_TOTL,Kazakhstan,TOTAL,189795.03
2015,ER_MTN_TOTL,Kazakhstan,REMAIN_MOUNT,36835.69
2015,ER_MTN_TOTL,Kazakhstan,NIVAL,840.33
2018,ER_MTN_TOTL,Kazakhstan,TOTAL,189795.03
2018,ER_MTN_TOTL,Kazakhstan,ALPINE,9143.69
2018,ER_MTN_TOTL,Kazakhstan,NIVAL,840.33
2018,ER_MTN_TOTL,Kazakhstan,REMAIN_MOUNT,36835.69
2018,ER_MTN_TOTL,Kazakhstan,MONTANE,142975.32
2015,ER_MTN_TOTL,Albania,TOTAL,20267.45
2015,ER_MTN_TOTL,Albania,MONTANE,20033.47
2015,ER_MTN_TOTL,Albania,REMAIN_MOUNT,221.1
2015,ER_MTN_TOTL,Albania,ALPINE,12.88
2018,ER_MTN_TOTL,Albania,MONTANE,20033.47
2018,ER_MTN_TOTL,Albania,ALPINE,12.88
2018,ER_MTN_TOTL,Albania,TOTAL,20267.45
2018,ER_MTN_TOTL,Albania,REMAIN_MOUNT,221.1
2000,ER_MTN_TOTL,Azerbaijan,ALPINE,278.74
2000,ER_MTN_TOTL,Azerbaijan,NIVAL,10.57
2000,ER_MTN_TOTL,Azerbaijan,TOTAL,41676.92
2000,ER_MTN_TOTL,Azerbaijan,REMAIN_MOUNT,1834.33
2000,ER_MTN_TOTL,Azerbaijan,MONTANE,39553.28
2005,ER_MTN_TOTL,Azerbaijan,ALPINE,278.74
2005,ER_MTN_TOTL,Azerbaijan,REMAIN_MOUNT,1834.33
2005,ER_MTN_TOTL,Azerbaijan,MONTANE,39553.28
2005,ER_MTN_TOTL,Azerbaijan,NIVAL,10.57
2005,ER_MTN_TOTL,Azerbaijan,TOTAL,41676.92
2010,ER_MTN_TOTL,Azerbaijan,NIVAL,10.57
2010,ER_MTN_TOTL,Azerbaijan,TOTAL,41676.92
2010,ER_MTN_TOTL,Azerbaijan,REMAIN_MOUNT,1834.33
2010,ER_MTN_TOTL,Azerbaijan,MONTANE,39553.28
2010,ER_MTN_TOTL,Azerbaijan,ALPINE,278.74
2015,ER_MTN_TOTL,Azerbaijan,TOTAL,41676.92
2000,ER_MTN_TOTL,Kyrgyzstan,TOTAL,181264.89
2000,ER_MTN_TOTL,Kyrgyzstan,ALPINE,32721.52
2000,ER_MTN_TOTL,Kyrgyzstan,MONTANE,126189.71
2000,ER_MTN_TOTL,Kyrgyzstan,REMAIN_MOUNT,16379.14
2000,ER_MTN_TOTL,Kyrgyzstan,NIVAL,5974.52
2005,ER_MTN_TOTL,Kyrgyzstan,MONTANE,126189.71
2005,ER_MTN_TOTL,Kyrgyzstan,ALPINE,32721.52
2005,ER_MTN_TOTL,Kyrgyzstan,NIVAL,5974.52
2005,ER_MTN_TOTL,Kyrgyzstan,REMAIN_MOUNT,16379.14
2005,ER_MTN_TOTL,Kyrgyzstan,TOTAL,181264.89
2015,ER_MTN_TOTL,Azerbaijan,MONTANE,39553.28
2015,ER_MTN_TOTL,Azerbaijan,NIVAL,10.57
2015,ER_MTN_TOTL,Azerbaijan,REMAIN_MOUNT,1834.33
2015,ER_MTN_TOTL,Azerbaijan,ALPINE,278.74
2018,ER_MTN_TOTL,Azerbaijan,REMAIN_MOUNT,1834.33
2018,ER_MTN_TOTL,Azerbaijan,MONTANE,39553.28
2018,ER_MTN_TOTL,Azerbaijan,NIVAL,10.57
2018,ER_MTN_TOTL,Azerbaijan,ALPINE,278.74
2018,ER_MTN_TOTL,Azerbaijan,TOTAL,41676.92
2000,ER_MTN_TOTL,Australia,TOTAL,235595.25
2000,ER_MTN_TOTL,Australia,ALPINE,2423.41
2000,ER_MTN_TOTL,Australia,REMAIN_MOUNT,89776.49
2000,ER_MTN_TOTL,Australia,MONTANE,143395.36
2005,ER_MTN_TOTL,Australia,REMAIN_MOUNT,89776.49
2005,ER_MTN_TOTL,Australia,ALPINE,2423.41
2005,ER_MTN_TOTL,Australia,MONTANE,143395.36
2005,ER_MTN_TOTL,Australia,TOTAL,235595.25
2010,ER_MTN_TOTL,Australia,REMAIN_MOUNT,89776.49
2010,ER_MTN_TOTL,Australia,TOTAL,235595.25
2010,ER_MTN_TOTL,Australia,ALPINE,2423.41
2010,ER_MTN_TOTL,Australia,MONTANE,143395.36
2015,ER_MTN_TOTL,Australia,MONTANE,143395.36
2015,ER_MTN_TOTL,Australia,TOTAL,235595.25
2015,ER_MTN_TOTL,Australia,REMAIN_MOUNT,89776.49
2010,ER_MTN_TOTL,Kyrgyzstan,NIVAL,5974.52
2010,ER_MTN_TOTL,Kyrgyzstan,TOTAL,181264.89
2010,ER_MTN_TOTL,Kyrgyzstan,ALPINE,32721.52
2010,ER_MTN_TOTL,Kyrgyzstan,REMAIN_MOUNT,16379.14
2010,ER_MTN_TOTL,Kyrgyzstan,MONTANE,126189.71
2015,ER_MTN_TOTL,Kyrgyzstan,ALPINE,32721.52
2015,ER_MTN_TOTL,Kyrgyzstan,NIVAL,5974.52
2015,ER_MTN_TOTL,Kyrgyzstan,TOTAL,181264.89
2015,ER_MTN_TOTL,Kyrgyzstan,REMAIN_MOUNT,16379.14
2015,ER_MTN_TOTL,Kyrgyzstan,MONTANE,126189.71
2018,ER_MTN_TOTL,Kyrgyzstan,REMAIN_MOUNT,16379.14
2018,ER_MTN_TOTL,Kyrgyzstan,TOTAL,181264.89
2015,ER_MTN_TOTL,Australia,ALPINE,2423.41
2018,ER_MTN_TOTL,Australia,ALPINE,2423.41
2018,ER_MTN_TOTL,Australia,REMAIN_MOUNT,89776.49
2018,ER_MTN_TOTL,Australia,TOTAL,235595.25
2018,ER_MTN_TOTL,Australia,MONTANE,143395.36
2000,ER_MTN_TOTL,Austria,ALPINE,5035.4
2000,ER_MTN_TOTL,Austria,MONTANE,51411.39
2000,ER_MTN_TOTL,Austria,NIVAL,3505.33
2000,ER_MTN_TOTL,Austria,TOTAL,59952.12
2005,ER_MTN_TOTL,Austria,NIVAL,3505.33
2005,ER_MTN_TOTL,Austria,MONTANE,51411.39
2005,ER_MTN_TOTL,Austria,ALPINE,5035.4
2005,ER_MTN_TOTL,Austria,TOTAL,59952.12
2010,ER_MTN_TOTL,Austria,NIVAL,3505.33
2010,ER_MTN_TOTL,Austria,ALPINE,5035.4
2010,ER_MTN_TOTL,Austria,TOTAL,59952.12
2010,ER_MTN_TOTL,Austria,MONTANE,51411.39
2015,ER_MTN_TOTL,Austria,NIVAL,3505.33
2015,ER_MTN_TOTL,Austria,TOTAL,59952.12
2015,ER_MTN_TOTL,Austria,MONTANE,51411.39
2015,ER_MTN_TOTL,Austria,ALPINE,5035.4
2018,ER_MTN_TOTL,Austria,MONTANE,51411.39
2018,ER_MTN_TOTL,Austria,ALPINE,5035.4
2018,ER_MTN_TOTL,Austria,NIVAL,3505.33
2018,ER_MTN_TOTL,Kyrgyzstan,MONTANE,126189.71
2018,ER_MTN_TOTL,Kyrgyzstan,NIVAL,5974.52
2018,ER_MTN_TOTL,Kyrgyzstan,ALPINE,32721.52
2000,ER_MTN_TOTL,Liechtenstein,ALPINE,10.14
2000,ER_MTN_TOTL,Liechtenstein,MONTANE,149.84
2000,ER_MTN_TOTL,Liechtenstein,TOTAL,159.97
2005,ER_MTN_TOTL,Liechtenstein,MONTANE,149.84
2005,ER_MTN_TOTL,Liechtenstein,ALPINE,10.14
2005,ER_MTN_TOTL,Liechtenstein,TOTAL,159.97
2010,ER_MTN_TOTL,Liechtenstein,MONTANE,149.84
2010,ER_MTN_TOTL,Liechtenstein,TOTAL,159.97
2010,ER_MTN_TOTL,Liechtenstein,ALPINE,10.14
2018,ER_MTN_TOTL,Austria,TOTAL,59952.12
2000,ER_MTN_TOTL,Belgium,MONTANE,839.21
2000,ER_MTN_TOTL,Belgium,TOTAL,839.21
2005,ER_MTN_TOTL,Belgium,TOTAL,839.21
2005,ER_MTN_TOTL,Belgium,MONTANE,839.21
2010,ER_MTN_TOTL,Belgium,TOTAL,839.21
2010,ER_MTN_TOTL,Belgium,MONTANE,839.21
2015,ER_MTN_TOTL,Belgium,MONTANE,839.21
2015,ER_MTN_TOTL,Belgium,TOTAL,839.21
2018,ER_MTN_TOTL,Belgium,TOTAL,839.21
2018,ER_MTN_TOTL,Belgium,MONTANE,839.21
2000,ER_MTN_TOTL,Bosnia and Herzegovina,MONTANE,38029.51
2000,ER_MTN_TOTL,Bosnia and Herzegovina,REMAIN_MOUNT,24.61
2000,ER_MTN_TOTL,Bosnia and Herzegovina,TOTAL,38054.12
2005,ER_MTN_TOTL,Bosnia and Herzegovina,TOTAL,38054.12
2005,ER_MTN_TOTL,Bosnia and Herzegovina,REMAIN_MOUNT,24.61
2005,ER_MTN_TOTL,Bosnia and Herzegovina,MONTANE,38029.51
2010,ER_MTN_TOTL,Bosnia and Herzegovina,TOTAL,38054.12
2010,ER_MTN_TOTL,Bosnia and Herzegovina,MONTANE,38029.51
2010,ER_MTN_TOTL,Bosnia and Herzegovina,REMAIN_MOUNT,24.61
2015,ER_MTN_TOTL,Bosnia and Herzegovina,TOTAL,38054.12
2015,ER_MTN_TOTL,Bosnia and Herzegovina,MONTANE,38029.51
2015,ER_MTN_TOTL,Bosnia and Herzegovina,REMAIN_MOUNT,24.61
2018,ER_MTN_TOTL,Bosnia and Herzegovina,REMAIN_MOUNT,24.61
2018,ER_MTN_TOTL,Bosnia and Herzegovina,MONTANE,38029.51
2018,ER_MTN_TOTL,Bosnia and Herzegovina,TOTAL,38054.12
2000,ER_MTN_TOTL,Bulgaria,ALPINE,447.06
2000,ER_MTN_TOTL,Bulgaria,MONTANE,48013.43
2000,ER_MTN_TOTL,Bulgaria,TOTAL,48460.49
2005,ER_MTN_TOTL,Bulgaria,ALPINE,447.06
2005,ER_MTN_TOTL,Bulgaria,TOTAL,48460.49
2005,ER_MTN_TOTL,Bulgaria,MONTANE,48013.43
2010,ER_MTN_TOTL,Bulgaria,ALPINE,447.06
2010,ER_MTN_TOTL,Bulgaria,MONTANE,48013.43
2010,ER_MTN_TOTL,Bulgaria,TOTAL,48460.49
2015,ER_MTN_TOTL,Bulgaria,TOTAL,48460.49
2015,ER_MTN_TOTL,Bulgaria,MONTANE,48013.43
2015,ER_MTN_TOTL,Bulgaria,ALPINE,447.06
2018,ER_MTN_TOTL,Bulgaria,ALPINE,447.06
2018,ER_MTN_TOTL,Bulgaria,MONTANE,48013.43
2018,ER_MTN_TOTL,Bulgaria,TOTAL,48460.49
2000,ER_MTN_TOTL,Chile,TOTAL,482144.67
2000,ER_MTN_TOTL,Chile,ALPINE,154863.25
2000,ER_MTN_TOTL,Chile,REMAIN_MOUNT,63301.11
2000,ER_MTN_TOTL,Chile,MONTANE,252194.37
2000,ER_MTN_TOTL,Chile,NIVAL,11785.94
2005,ER_MTN_TOTL,Chile,MONTANE,252194.37
2005,ER_MTN_TOTL,Chile,NIVAL,11785.94
2005,ER_MTN_TOTL,Chile,TOTAL,482144.67
2005,ER_MTN_TOTL,Chile,ALPINE,154863.25
2005,ER_MTN_TOTL,Chile,REMAIN_MOUNT,63301.11
2010,ER_MTN_TOTL,Chile,REMAIN_MOUNT,63301.11
2010,ER_MTN_TOTL,Chile,MONTANE,252194.37
2010,ER_MTN_TOTL,Chile,ALPINE,154863.25
2010,ER_MTN_TOTL,Chile,NIVAL,11785.94
2010,ER_MTN_TOTL,Chile,TOTAL,482144.67
2015,ER_MTN_TOTL,Chile,TOTAL,482144.67
2015,ER_MTN_TOTL,Chile,NIVAL,11785.94
2015,ER_MTN_TOTL,Chile,MONTANE,252194.37
2015,ER_MTN_TOTL,Chile,ALPINE,154863.25
2015,ER_MTN_TOTL,Chile,REMAIN_MOUNT,63301.11
2018,ER_MTN_TOTL,Chile,ALPINE,154863.25
2018,ER_MTN_TOTL,Chile,REMAIN_MOUNT,63301.11
2018,ER_MTN_TOTL,Chile,MONTANE,252194.37
2018,ER_MTN_TOTL,Chile,NIVAL,11785.94
2018,ER_MTN_TOTL,Chile,TOTAL,482144.67
2000,ER_MTN_TOTL,China,TOTAL,5064053.91
2000,ER_MTN_TOTL,China,MONTANE,2459539.69
2000,ER_MTN_TOTL,China,NIVAL,42562.67
2000,ER_MTN_TOTL,China,REMAIN_MOUNT,1068545.8
2000,ER_MTN_TOTL,China,ALPINE,1493405.76
2005,ER_MTN_TOTL,China,REMAIN_MOUNT,1068545.8
2005,ER_MTN_TOTL,China,NIVAL,42562.67
2005,ER_MTN_TOTL,China,MONTANE,2459539.69
2005,ER_MTN_TOTL,China,ALPINE,1493405.76
2005,ER_MTN_TOTL,China,TOTAL,5064053.91
2010,ER_MTN_TOTL,China,ALPINE,1493405.76
2010,ER_MTN_TOTL,China,REMAIN_MOUNT,1068545.8
2010,ER_MTN_TOTL,China,MONTANE,2459539.69
2010,ER_MTN_TOTL,China,TOTAL,5064053.91
2010,ER_MTN_TOTL,China,NIVAL,42562.67
2015,ER_MTN_TOTL,China,NIVAL,42562.67
2015,ER_MTN_TOTL,China,REMAIN_MOUNT,1068545.8
2015,ER_MTN_TOTL,China,MONTANE,2459539.69
2015,ER_MTN_TOTL,China,TOTAL,5064053.91
2015,ER_MTN_TOTL,China,ALPINE,1493405.76
2018,ER_MTN_TOTL,China,REMAIN_MOUNT,1068545.8
2018,ER_MTN_TOTL,China,ALPINE,1493405.76
2018,ER_MTN_TOTL,China,MONTANE,2459539.69
2018,ER_MTN_TOTL,China,TOTAL,5064053.91
2018,ER_MTN_TOTL,China,NIVAL,42562.67
2000,ER_MTN_TOTL,Colombia,REMAIN_MOUNT,231288.16
2000,ER_MTN_TOTL,Colombia,ALPINE,5585.52
2000,ER_MTN_TOTL,Colombia,TOTAL,303958.49
2000,ER_MTN_TOTL,Colombia,MONTANE,66832.63
2000,ER_MTN_TOTL,Colombia,NIVAL,252.18
2005,ER_MTN_TOTL,Colombia,MONTANE,66832.63
2005,ER_MTN_TOTL,Colombia,NIVAL,252.18
2005,ER_MTN_TOTL,Colombia,TOTAL,303958.49
2005,ER_MTN_TOTL,Colombia,ALPINE,5585.52
2005,ER_MTN_TOTL,Colombia,REMAIN_MOUNT,231288.16
2010,ER_MTN_TOTL,Colombia,REMAIN_MOUNT,231288.16
2010,ER_MTN_TOTL,Colombia,NIVAL,252.18
2010,ER_MTN_TOTL,Colombia,TOTAL,303958.49
2010,ER_MTN_TOTL,Colombia,MONTANE,66832.63
2010,ER_MTN_TOTL,Colombia,ALPINE,5585.52
2015,ER_MTN_TOTL,Colombia,MONTANE,66832.63
2015,ER_MTN_TOTL,Colombia,TOTAL,303958.49
2015,ER_MTN_TOTL,Colombia,REMAIN_MOUNT,231288.16
2015,ER_MTN_TOTL,Colombia,NIVAL,252.18
2015,ER_MTN_TOTL,Colombia,ALPINE,5585.52
2018,ER_MTN_TOTL,Colombia,REMAIN_MOUNT,231288.16
2018,ER_MTN_TOTL,Colombia,NIVAL,252.18
2018,ER_MTN_TOTL,Colombia,MONTANE,66832.63
2018,ER_MTN_TOTL,Colombia,TOTAL,303958.49
2018,ER_MTN_TOTL,Colombia,ALPINE,5585.52
2000,ER_MTN_TOTL,Costa Rica,MONTANE,2479.15
2000,ER_MTN_TOTL,Costa Rica,REMAIN_MOUNT,21363.75
2000,ER_MTN_TOTL,Costa Rica,ALPINE,42.17
2000,ER_MTN_TOTL,Costa Rica,TOTAL,23885.07
2005,ER_MTN_TOTL,Costa Rica,ALPINE,42.17
2005,ER_MTN_TOTL,Costa Rica,TOTAL,23885.07
2005,ER_MTN_TOTL,Costa Rica,REMAIN_MOUNT,21363.75
2005,ER_MTN_TOTL,Costa Rica,MONTANE,2479.15
2010,ER_MTN_TOTL,Costa Rica,MONTANE,2479.15
2010,ER_MTN_TOTL,Costa Rica,REMAIN_MOUNT,21363.75
2010,ER_MTN_TOTL,Costa Rica,TOTAL,23885.07
2010,ER_MTN_TOTL,Costa Rica,ALPINE,42.17
2015,ER_MTN_TOTL,Costa Rica,ALPINE,42.17
2015,ER_MTN_TOTL,Costa Rica,TOTAL,23885.07
2015,ER_MTN_TOTL,Costa Rica,REMAIN_MOUNT,21363.75
2015,ER_MTN_TOTL,Costa Rica,MONTANE,2479.15
2018,ER_MTN_TOTL,Costa Rica,MONTANE,2479.15
2018,ER_MTN_TOTL,Costa Rica,REMAIN_MOUNT,21363.75
2018,ER_MTN_TOTL,Costa Rica,TOTAL,23885.07
2018,ER_MTN_TOTL,Costa Rica,ALPINE,42.17
2000,ER_MTN_TOTL,Croatia,REMAIN_MOUNT,147.33
2000,ER_MTN_TOTL,Croatia,TOTAL,17625.53
2000,ER_MTN_TOTL,Croatia,MONTANE,17478.2
2005,ER_MTN_TOTL,Croatia,MONTANE,17478.2
2005,ER_MTN_TOTL,Croatia,TOTAL,17625.53
2005,ER_MTN_TOTL,Croatia,REMAIN_MOUNT,147.33
2010,ER_MTN_TOTL,Croatia,REMAIN_MOUNT,147.33
2010,ER_MTN_TOTL,Croatia,TOTAL,17625.53
2010,ER_MTN_TOTL,Croatia,MONTANE,17478.2
2015,ER_MTN_TOTL,Croatia,MONTANE,17478.2
2015,ER_MTN_TOTL,Croatia,TOTAL,17625.53
2015,ER_MTN_TOTL,Croatia,REMAIN_MOUNT,147.33
2018,ER_MTN_TOTL,Croatia,REMAIN_MOUNT,147.33
2018,ER_MTN_TOTL,Croatia,TOTAL,17625.53
2018,ER_MTN_TOTL,Croatia,MONTANE,17478.2
2000,ER_MTN_TOTL,Cyprus,TOTAL,3366.42
2000,ER_MTN_TOTL,Cyprus,MONTANE,422.26
2000,ER_MTN_TOTL,Cyprus,REMAIN_MOUNT,2944.17
2005,ER_MTN_TOTL,Cyprus,REMAIN_MOUNT,2944.17
2005,ER_MTN_TOTL,Cyprus,TOTAL,3366.42
2005,ER_MTN_TOTL,Cyprus,MONTANE,422.26
2010,ER_MTN_TOTL,Cyprus,TOTAL,3366.42
2010,ER_MTN_TOTL,Cyprus,MONTANE,422.26
2010,ER_MTN_TOTL,Cyprus,REMAIN_MOUNT,2944.17
2015,ER_MTN_TOTL,Cyprus,REMAIN_MOUNT,2944.17
2015,ER_MTN_TOTL,Cyprus,TOTAL,3366.42
2015,ER_MTN_TOTL,Cyprus,MONTANE,422.26
2018,ER_MTN_TOTL,Cyprus,MONTANE,422.26
2018,ER_MTN_TOTL,Cyprus,REMAIN_MOUNT,2944.17
2018,ER_MTN_TOTL,Cyprus,TOTAL,3366.42
2000,ER_MTN_TOTL,Finland,ALPINE,1049.16
2000,ER_MTN_TOTL,Finland,TOTAL,2858.72
2000,ER_MTN_TOTL,Finland,MONTANE,1803.55
2000,ER_MTN_TOTL,Finland,NIVAL,6.01
2005,ER_MTN_TOTL,Finland,MONTANE,1803.55
2005,ER_MTN_TOTL,Finland,ALPINE,1049.16
2005,ER_MTN_TOTL,Finland,TOTAL,2858.72
2005,ER_MTN_TOTL,Finland,NIVAL,6.01
2010,ER_MTN_TOTL,Finland,ALPINE,1049.16
2010,ER_MTN_TOTL,Finland,TOTAL,2858.72
2010,ER_MTN_TOTL,Finland,NIVAL,6.01
2010,ER_MTN_TOTL,Finland,MONTANE,1803.55
2015,ER_MTN_TOTL,Finland,TOTAL,2858.72
2015,ER_MTN_TOTL,Finland,MONTANE,1803.55
2015,ER_MTN_TOTL,Finland,ALPINE,1049.16
2015,ER_MTN_TOTL,Finland,NIVAL,6.01
2018,ER_MTN_TOTL,Finland,MONTANE,1803.55
2018,ER_MTN_TOTL,Finland,ALPINE,1049.16
2018,ER_MTN_TOTL,Finland,NIVAL,6.01
2018,ER_MTN_TOTL,Finland,TOTAL,2858.72
2000,ER_MTN_TOTL,Greece,REMAIN_MOUNT,15326.35
2000,ER_MTN_TOTL,Greece,TOTAL,72836.51
2000,ER_MTN_TOTL,Greece,MONTANE,57510.16
2005,ER_MTN_TOTL,Greece,REMAIN_MOUNT,15326.35
2005,ER_MTN_TOTL,Greece,TOTAL,72836.51
2005,ER_MTN_TOTL,Greece,MONTANE,57510.16
2010,ER_MTN_TOTL,Greece,TOTAL,72836.51
2010,ER_MTN_TOTL,Greece,REMAIN_MOUNT,15326.35
2010,ER_MTN_TOTL,Greece,MONTANE,57510.16
2015,ER_MTN_TOTL,Greece,MONTANE,57510.16
2015,ER_MTN_TOTL,Greece,REMAIN_MOUNT,15326.35
2015,ER_MTN_TOTL,Greece,TOTAL,72836.51
2018,ER_MTN_TOTL,Greece,TOTAL,72836.51
2018,ER_MTN_TOTL,Greece,REMAIN_MOUNT,15326.35
2018,ER_MTN_TOTL,Greece,MONTANE,57510.16
2000,ER_MTN_TOTL,Hungary,MONTANE,3227.11
2000,ER_MTN_TOTL,Hungary,TOTAL,3227.11
2005,ER_MTN_TOTL,Hungary,TOTAL,3227.11
2005,ER_MTN_TOTL,Hungary,MONTANE,3227.11
2010,ER_MTN_TOTL,Hungary,MONTANE,3227.11
2010,ER_MTN_TOTL,Hungary,TOTAL,3227.11
2015,ER_MTN_TOTL,Hungary,TOTAL,3227.11
2015,ER_MTN_TOTL,Hungary,MONTANE,3227.11
2018,ER_MTN_TOTL,Hungary,MONTANE,3227.11
2018,ER_MTN_TOTL,Hungary,TOTAL,3227.11
2000,ER_MTN_TOTL,Iceland,ALPINE,19889.11
2000,ER_MTN_TOTL,Iceland,NIVAL,23873.09
2000,ER_MTN_TOTL,Iceland,MONTANE,1026.92
2000,ER_MTN_TOTL,Iceland,TOTAL,44789.12
2005,ER_MTN_TOTL,Iceland,MONTANE,1026.92
2005,ER_MTN_TOTL,Iceland,ALPINE,19889.11
2005,ER_MTN_TOTL,Iceland,NIVAL,23873.09
2005,ER_MTN_TOTL,Iceland,TOTAL,44789.12
2010,ER_MTN_TOTL,Iceland,ALPINE,19889.11
2010,ER_MTN_TOTL,Iceland,MONTANE,1026.92
2010,ER_MTN_TOTL,Iceland,NIVAL,23873.09
2010,ER_MTN_TOTL,Iceland,TOTAL,44789.12
2015,ER_MTN_TOTL,Iceland,NIVAL,23873.09
2015,ER_MTN_TOTL,Iceland,MONTANE,1026.92
2015,ER_MTN_TOTL,Iceland,TOTAL,44789.12
2015,ER_MTN_TOTL,Iceland,ALPINE,19889.11
2018,ER_MTN_TOTL,Iceland,MONTANE,1026.92
2018,ER_MTN_TOTL,Iceland,NIVAL,23873.09
2018,ER_MTN_TOTL,Iceland,ALPINE,19889.11
2018,ER_MTN_TOTL,Iceland,TOTAL,44789.12
2000,ER_MTN_TOTL,India,NIVAL,4810.77
2000,ER_MTN_TOTL,India,ALPINE,17942.47
2000,ER_MTN_TOTL,India,TOTAL,448899.73
2000,ER_MTN_TOTL,India,REMAIN_MOUNT,379211.25
2000,ER_MTN_TOTL,India,MONTANE,46935.23
2005,ER_MTN_TOTL,India,REMAIN_MOUNT,379211.25
2005,ER_MTN_TOTL,India,NIVAL,4810.77
2005,ER_MTN_TOTL,India,MONTANE,46935.23
2005,ER_MTN_TOTL,India,TOTAL,448899.73
2005,ER_MTN_TOTL,India,ALPINE,17942.47
2010,ER_MTN_TOTL,India,MONTANE,46935.23
2010,ER_MTN_TOTL,India,TOTAL,448899.73
2010,ER_MTN_TOTL,India,NIVAL,4810.77
2010,ER_MTN_TOTL,India,ALPINE,17942.47
2010,ER_MTN_TOTL,India,REMAIN_MOUNT,379211.25
2015,ER_MTN_TOTL,India,REMAIN_MOUNT,379211.25
2015,ER_MTN_TOTL,India,MONTANE,46935.23
2015,ER_MTN_TOTL,India,TOTAL,448899.73
2015,ER_MTN_TOTL,India,ALPINE,17942.47
2015,ER_MTN_TOTL,India,NIVAL,4810.77
2018,ER_MTN_TOTL,India,TOTAL,448899.73
2018,ER_MTN_TOTL,India,MONTANE,46935.23
2018,ER_MTN_TOTL,India,NIVAL,4810.77
2018,ER_MTN_TOTL,India,ALPINE,17942.47
2018,ER_MTN_TOTL,India,REMAIN_MOUNT,379211.25
2000,ER_MTN_TOTL,Ireland,ALPINE,50.77
2000,ER_MTN_TOTL,Ireland,TOTAL,2994.45
2000,ER_MTN_TOTL,Ireland,MONTANE,2943.68
2005,ER_MTN_TOTL,Ireland,ALPINE,50.77
2005,ER_MTN_TOTL,Ireland,TOTAL,2994.45
2005,ER_MTN_TOTL,Ireland,MONTANE,2943.68
2010,ER_MTN_TOTL,Ireland,ALPINE,50.77
2010,ER_MTN_TOTL,Ireland,MONTANE,2943.68
2010,ER_MTN_TOTL,Ireland,TOTAL,2994.45
2015,ER_MTN_TOTL,Ireland,MONTANE,2943.68
2015,ER_MTN_TOTL,Ireland,TOTAL,2994.45
2015,ER_MTN_TOTL,Ireland,ALPINE,50.77
2018,ER_MTN_TOTL,Ireland,ALPINE,50.77
2018,ER_MTN_TOTL,Ireland,MONTANE,2943.68
2018,ER_MTN_TOTL,Ireland,TOTAL,2994.45
2000,ER_MTN_TOTL,Israel,REMAIN_MOUNT,6403.57
2000,ER_MTN_TOTL,Israel,TOTAL,6403.57
2005,ER_MTN_TOTL,Israel,REMAIN_MOUNT,6403.57
2005,ER_MTN_TOTL,Israel,TOTAL,6403.57
2010,ER_MTN_TOTL,Israel,TOTAL,6403.57
2010,ER_MTN_TOTL,Israel,REMAIN_MOUNT,6403.57
2015,ER_MTN_TOTL,Israel,TOTAL,6403.57
2015,ER_MTN_TOTL,Israel,REMAIN_MOUNT,6403.57
2018,ER_MTN_TOTL,Israel,REMAIN_MOUNT,6403.57
2018,ER_MTN_TOTL,Israel,TOTAL,6403.57
2000,ER_MTN_TOTL,Italy,ALPINE,4356.57
2000,ER_MTN_TOTL,Italy,NIVAL,4023.9
2000,ER_MTN_TOTL,Italy,REMAIN_MOUNT,13059.09
2000,ER_MTN_TOTL,Italy,TOTAL,151284.18
2000,ER_MTN_TOTL,Italy,MONTANE,129844.62
2005,ER_MTN_TOTL,Italy,ALPINE,4356.57
2005,ER_MTN_TOTL,Italy,REMAIN_MOUNT,13059.09
2005,ER_MTN_TOTL,Italy,TOTAL,151284.18
2005,ER_MTN_TOTL,Italy,NIVAL,4023.9
2005,ER_MTN_TOTL,Italy,MONTANE,129844.62
2010,ER_MTN_TOTL,Italy,TOTAL,151284.18
2010,ER_MTN_TOTL,Italy,ALPINE,4356.57
2010,ER_MTN_TOTL,Italy,REMAIN_MOUNT,13059.09
2010,ER_MTN_TOTL,Italy,MONTANE,129844.62
2010,ER_MTN_TOTL,Italy,NIVAL,4023.9
2015,ER_MTN_TOTL,Italy,REMAIN_MOUNT,13059.09
2015,ER_MTN_TOTL,Italy,MONTANE,129844.62
2015,ER_MTN_TOTL,Italy,ALPINE,4356.57
2015,ER_MTN_TOTL,Italy,TOTAL,151284.18
2015,ER_MTN_TOTL,Italy,NIVAL,4023.9
2018,ER_MTN_TOTL,Italy,TOTAL,151284.18
2018,ER_MTN_TOTL,Italy,ALPINE,4356.57
2018,ER_MTN_TOTL,Italy,NIVAL,4023.9
2018,ER_MTN_TOTL,Italy,REMAIN_MOUNT,13059.09
2018,ER_MTN_TOTL,Italy,MONTANE,129844.62
2000,ER_MTN_TOTL,Japan,REMAIN_MOUNT,18792.8
2000,ER_MTN_TOTL,Japan,TOTAL,176083.01
2000,ER_MTN_TOTL,Japan,MONTANE,156323.56
2000,ER_MTN_TOTL,Japan,ALPINE,951.09
2000,ER_MTN_TOTL,Japan,NIVAL,15.56
2005,ER_MTN_TOTL,Japan,ALPINE,951.09
2005,ER_MTN_TOTL,Japan,MONTANE,156323.56
2005,ER_MTN_TOTL,Japan,TOTAL,176083.01
2005,ER_MTN_TOTL,Japan,NIVAL,15.56
2005,ER_MTN_TOTL,Japan,REMAIN_MOUNT,18792.8
2010,ER_MTN_TOTL,Japan,REMAIN_MOUNT,18792.8
2010,ER_MTN_TOTL,Japan,MONTANE,156323.56
2010,ER_MTN_TOTL,Japan,NIVAL,15.56
2010,ER_MTN_TOTL,Japan,TOTAL,176083.01
2010,ER_MTN_TOTL,Japan,ALPINE,951.09
2015,ER_MTN_TOTL,Japan,ALPINE,951.09
2015,ER_MTN_TOTL,Japan,MONTANE,156323.56
2015,ER_MTN_TOTL,Japan,NIVAL,15.56
2015,ER_MTN_TOTL,Japan,REMAIN_MOUNT,18792.8
2015,ER_MTN_TOTL,Japan,TOTAL,176083.01
2015,ER_MTN_TOTL,Liechtenstein,ALPINE,10.14
2015,ER_MTN_TOTL,Liechtenstein,MONTANE,149.84
2015,ER_MTN_TOTL,Liechtenstein,TOTAL,159.97
2018,ER_MTN_TOTL,Liechtenstein,ALPINE,10.14
2018,ER_MTN_TOTL,Liechtenstein,TOTAL,159.97
2018,ER_MTN_TOTL,Liechtenstein,MONTANE,149.84
2000,ER_MTN_TOTL,Luxembourg,MONTANE,49.16
2000,ER_MTN_TOTL,Luxembourg,TOTAL,49.16
2005,ER_MTN_TOTL,Luxembourg,TOTAL,49.16
2005,ER_MTN_TOTL,Luxembourg,MONTANE,49.16
2010,ER_MTN_TOTL,Luxembourg,TOTAL,49.16
2010,ER_MTN_TOTL,Luxembourg,MONTANE,49.16
2015,ER_MTN_TOTL,Luxembourg,MONTANE,49.16
2015,ER_MTN_TOTL,Luxembourg,TOTAL,49.16
2018,ER_MTN_TOTL,Luxembourg,MONTANE,49.16
2018,ER_MTN_TOTL,Luxembourg,TOTAL,49.16
2000,ER_MTN_TOTL,Moldova,MONTANE,65.04
2000,ER_MTN_TOTL,Moldova,TOTAL,65.04
2005,ER_MTN_TOTL,Moldova,MONTANE,65.04
2005,ER_MTN_TOTL,Moldova,TOTAL,65.04
2010,ER_MTN_TOTL,Moldova,TOTAL,65.04
2010,ER_MTN_TOTL,Moldova,MONTANE,65.04
2015,ER_MTN_TOTL,Moldova,MONTANE,65.04
2015,ER_MTN_TOTL,Moldova,TOTAL,65.04
2018,ER_MTN_TOTL,Moldova,MONTANE,65.04
2018,ER_MTN_TOTL,Moldova,TOTAL,65.04
2000,ER_MTN_TOTL,Montenegro,ALPINE,17.93
2000,ER_MTN_TOTL,Montenegro,MONTANE,12006.88
2000,ER_MTN_TOTL,Montenegro,TOTAL,12088.77
2000,ER_MTN_TOTL,Montenegro,REMAIN_MOUNT,63.96
2005,ER_MTN_TOTL,Montenegro,TOTAL,12088.77
2005,ER_MTN_TOTL,Montenegro,REMAIN_MOUNT,63.96
2005,ER_MTN_TOTL,Montenegro,ALPINE,17.93
2005,ER_MTN_TOTL,Montenegro,MONTANE,12006.88
2010,ER_MTN_TOTL,Montenegro,TOTAL,12088.77
2010,ER_MTN_TOTL,Montenegro,ALPINE,17.93
2010,ER_MTN_TOTL,Montenegro,REMAIN_MOUNT,63.96
2010,ER_MTN_TOTL,Montenegro,MONTANE,12006.88
2015,ER_MTN_TOTL,Montenegro,REMAIN_MOUNT,63.96
2015,ER_MTN_TOTL,Montenegro,TOTAL,12088.77
2015,ER_MTN_TOTL,Montenegro,ALPINE,17.93
2015,ER_MTN_TOTL,Montenegro,MONTANE,12006.88
2018,ER_MTN_TOTL,Montenegro,REMAIN_MOUNT,63.96
2018,ER_MTN_TOTL,Montenegro,MONTANE,12006.88
2018,ER_MTN_TOTL,Montenegro,ALPINE,17.93
2018,ER_MTN_TOTL,Montenegro,TOTAL,12088.77
2000,ER_MTN_TOTL,New Zealand,REMAIN_MOUNT,162.99
2000,ER_MTN_TOTL,New Zealand,ALPINE,7973.14
2000,ER_MTN_TOTL,New Zealand,NIVAL,1677.28
2000,ER_MTN_TOTL,New Zealand,TOTAL,137130.79
2000,ER_MTN_TOTL,New Zealand,MONTANE,127317.38
2005,ER_MTN_TOTL,New Zealand,TOTAL,137130.79
2005,ER_MTN_TOTL,New Zealand,ALPINE,7973.14
2005,ER_MTN_TOTL,New Zealand,MONTANE,127317.38
2005,ER_MTN_TOTL,New Zealand,NIVAL,1677.28
2005,ER_MTN_TOTL,New Zealand,REMAIN_MOUNT,162.99
2010,ER_MTN_TOTL,New Zealand,ALPINE,7973.14
2010,ER_MTN_TOTL,New Zealand,NIVAL,1677.28
2010,ER_MTN_TOTL,New Zealand,TOTAL,137130.79
2010,ER_MTN_TOTL,New Zealand,MONTANE,127317.38
2010,ER_MTN_TOTL,New Zealand,REMAIN_MOUNT,162.99
2015,ER_MTN_TOTL,New Zealand,TOTAL,137130.79
2015,ER_MTN_TOTL,New Zealand,ALPINE,7973.14
2015,ER_MTN_TOTL,New Zealand,MONTANE,127317.38
2015,ER_MTN_TOTL,New Zealand,NIVAL,1677.28
2015,ER_MTN_TOTL,New Zealand,REMAIN_MOUNT,162.99
2018,ER_MTN_TOTL,New Zealand,MONTANE,127317.38
2018,ER_MTN_TOTL,New Zealand,TOTAL,137130.79
2018,ER_MTN_TOTL,New Zealand,NIVAL,1677.28
2018,ER_MTN_TOTL,New Zealand,REMAIN_MOUNT,162.99
2018,ER_MTN_TOTL,New Zealand,ALPINE,7973.14
2000,ER_MTN_TOTL,Poland,TOTAL,14616.69
2000,ER_MTN_TOTL,Poland,ALPINE,68.45
2000,ER_MTN_TOTL,Poland,MONTANE,14548.13
2000,ER_MTN_TOTL,Poland,NIVAL,0.11
2005,ER_MTN_TOTL,Poland,NIVAL,0.11
2005,ER_MTN_TOTL,Poland,ALPINE,68.45
2005,ER_MTN_TOTL,Poland,TOTAL,14616.69
2005,ER_MTN_TOTL,Poland,MONTANE,14548.13
2010,ER_MTN_TOTL,Poland,NIVAL,0.11
2010,ER_MTN_TOTL,Poland,TOTAL,14616.69
2010,ER_MTN_TOTL,Poland,ALPINE,68.45
2010,ER_MTN_TOTL,Poland,MONTANE,14548.13
2015,ER_MTN_TOTL,Poland,NIVAL,0.11
2015,ER_MTN_TOTL,Poland,MONTANE,14548.13
2015,ER_MTN_TOTL,Poland,ALPINE,68.45
2015,ER_MTN_TOTL,Poland,TOTAL,14616.69
2018,ER_MTN_TOTL,Poland,ALPINE,68.45
2018,ER_MTN_TOTL,Poland,NIVAL,0.11
2018,ER_MTN_TOTL,Poland,MONTANE,14548.13
2018,ER_MTN_TOTL,Poland,TOTAL,14616.69
2000,ER_MTN_TOTL,Portugal,MONTANE,25612.9
2000,ER_MTN_TOTL,Portugal,TOTAL,30176.72
2000,ER_MTN_TOTL,Portugal,REMAIN_MOUNT,4563.82
2005,ER_MTN_TOTL,Portugal,MONTANE,25612.9
2005,ER_MTN_TOTL,Portugal,REMAIN_MOUNT,4563.82
2005,ER_MTN_TOTL,Portugal,TOTAL,30176.72
2010,ER_MTN_TOTL,Portugal,TOTAL,30176.72
2010,ER_MTN_TOTL,Portugal,MONTANE,25612.9
2010,ER_MTN_TOTL,Portugal,REMAIN_MOUNT,4563.82
2015,ER_MTN_TOTL,Portugal,MONTANE,25612.9
2015,ER_MTN_TOTL,Portugal,TOTAL,30176.72
2015,ER_MTN_TOTL,Portugal,REMAIN_MOUNT,4563.82
2018,ER_MTN_TOTL,Portugal,MONTANE,25612.9
2018,ER_MTN_TOTL,Portugal,TOTAL,30176.72
2018,ER_MTN_TOTL,Portugal,REMAIN_MOUNT,4563.82
2000,ER_MTN_TOTL,Romania,ALPINE,165.74
2000,ER_MTN_TOTL,Romania,MONTANE,81641.45
2000,ER_MTN_TOTL,Romania,TOTAL,81807.19
2005,ER_MTN_TOTL,Romania,ALPINE,165.74
2005,ER_MTN_TOTL,Romania,MONTANE,81641.45
2005,ER_MTN_TOTL,Romania,TOTAL,81807.19
2010,ER_MTN_TOTL,Romania,ALPINE,165.74
2010,ER_MTN_TOTL,Romania,MONTANE,81641.45
2010,ER_MTN_TOTL,Romania,TOTAL,81807.19
2015,ER_MTN_TOTL,Romania,ALPINE,165.74
2015,ER_MTN_TOTL,Romania,TOTAL,81807.19
2015,ER_MTN_TOTL,Romania,MONTANE,81641.45
2018,ER_MTN_TOTL,Romania,ALPINE,165.74
2018,ER_MTN_TOTL,Romania,MONTANE,81641.45
2018,ER_MTN_TOTL,Romania,TOTAL,81807.19
2000,ER_MTN_TOTL,Serbia,MONTANE,44211.6
2000,ER_MTN_TOTL,Serbia,TOTAL,44294.83
2000,ER_MTN_TOTL,Serbia,ALPINE,83.23
2005,ER_MTN_TOTL,Serbia,TOTAL,44294.83
2005,ER_MTN_TOTL,Serbia,ALPINE,83.23
2005,ER_MTN_TOTL,Serbia,MONTANE,44211.6
2010,ER_MTN_TOTL,Serbia,TOTAL,44294.83
2010,ER_MTN_TOTL,Serbia,MONTANE,44211.6
2010,ER_MTN_TOTL,Serbia,ALPINE,83.23
2015,ER_MTN_TOTL,Serbia,MONTANE,44211.6
2015,ER_MTN_TOTL,Serbia,TOTAL,44294.83
2015,ER_MTN_TOTL,Serbia,ALPINE,83.23
2018,ER_MTN_TOTL,Serbia,MONTANE,44211.6
2018,ER_MTN_TOTL,Serbia,ALPINE,83.23
2018,ER_MTN_TOTL,Serbia,TOTAL,44294.83
2000,ER_MTN_TOTL,Slovakia,MONTANE,27001.39
2000,ER_MTN_TOTL,Slovakia,ALPINE,221.53
2000,ER_MTN_TOTL,Slovakia,TOTAL,27262.23
2000,ER_MTN_TOTL,Slovakia,NIVAL,39.31
2005,ER_MTN_TOTL,Slovakia,TOTAL,27262.23
2005,ER_MTN_TOTL,Slovakia,MONTANE,27001.39
2005,ER_MTN_TOTL,Slovakia,NIVAL,39.31
2005,ER_MTN_TOTL,Slovakia,ALPINE,221.53
2010,ER_MTN_TOTL,Slovakia,ALPINE,221.53
2010,ER_MTN_TOTL,Slovakia,MONTANE,27001.39
2010,ER_MTN_TOTL,Slovakia,NIVAL,39.31
2010,ER_MTN_TOTL,Slovakia,TOTAL,27262.23
2015,ER_MTN_TOTL,Slovakia,MONTANE,27001.39
2015,ER_MTN_TOTL,Slovakia,ALPINE,221.53
2015,ER_MTN_TOTL,Slovakia,NIVAL,39.31
2015,ER_MTN_TOTL,Slovakia,TOTAL,27262.23
2018,ER_MTN_TOTL,Slovakia,ALPINE,221.53
2018,ER_MTN_TOTL,Slovakia,NIVAL,39.31
2018,ER_MTN_TOTL,Slovakia,MONTANE,27001.39
2018,ER_MTN_TOTL,Slovakia,TOTAL,27262.23
2000,ER_MTN_TOTL,Viet Nam,TOTAL,140468.29
2000,ER_MTN_TOTL,Viet Nam,REMAIN_MOUNT,138208.56
2000,ER_MTN_TOTL,Viet Nam,MONTANE,2259.73
2005,ER_MTN_TOTL,Viet Nam,TOTAL,140468.29
2005,ER_MTN_TOTL,Viet Nam,REMAIN_MOUNT,138208.56
2005,ER_MTN_TOTL,Viet Nam,MONTANE,2259.73
2010,ER_MTN_TOTL,Viet Nam,REMAIN_MOUNT,138208.56
2010,ER_MTN_TOTL,Viet Nam,MONTANE,2259.73
2010,ER_MTN_TOTL,Viet Nam,TOTAL,140468.29
2015,ER_MTN_TOTL,Viet Nam,REMAIN_MOUNT,138208.56
2015,ER_MTN_TOTL,Viet Nam,MONTANE,2259.73
2015,ER_MTN_TOTL,Viet Nam,TOTAL,140468.29
2018,ER_MTN_TOTL,Viet Nam,MONTANE,2259.73
2018,ER_MTN_TOTL,Viet Nam,REMAIN_MOUNT,138208.56
2018,ER_MTN_TOTL,Viet Nam,TOTAL,140468.29
2000,ER_MTN_TOTL,Slovenia,MONTANE,14097.44
2000,ER_MTN_TOTL,Slovenia,ALPINE,59.34
2000,ER_MTN_TOTL,Slovenia,TOTAL,14156.77
2005,ER_MTN_TOTL,Slovenia,MONTANE,14097.44
2005,ER_MTN_TOTL,Slovenia,ALPINE,59.34
2005,ER_MTN_TOTL,Slovenia,TOTAL,14156.77
2010,ER_MTN_TOTL,Slovenia,TOTAL,14156.77
2010,ER_MTN_TOTL,Slovenia,ALPINE,59.34
2010,ER_MTN_TOTL,Slovenia,MONTANE,14097.44
2015,ER_MTN_TOTL,Slovenia,ALPINE,59.34
2015,ER_MTN_TOTL,Slovenia,MONTANE,14097.44
2015,ER_MTN_TOTL,Slovenia,TOTAL,14156.77
2018,ER_MTN_TOTL,Slovenia,TOTAL,14156.77
2018,ER_MTN_TOTL,Slovenia,ALPINE,59.34
2018,ER_MTN_TOTL,Slovenia,MONTANE,14097.44
2000,ER_MTN_TOTL,Spain,TOTAL,248746.42
2000,ER_MTN_TOTL,Spain,NIVAL,204.45
2000,ER_MTN_TOTL,Spain,MONTANE,194937.26
2000,ER_MTN_TOTL,Spain,REMAIN_MOUNT,52723.06
2000,ER_MTN_TOTL,Spain,ALPINE,881.64
2005,ER_MTN_TOTL,Spain,NIVAL,204.45
2005,ER_MTN_TOTL,Spain,ALPINE,881.64
2005,ER_MTN_TOTL,Spain,TOTAL,248746.42
2005,ER_MTN_TOTL,Spain,REMAIN_MOUNT,52723.06
2005,ER_MTN_TOTL,Spain,MONTANE,194937.26
2010,ER_MTN_TOTL,Spain,MONTANE,194937.26
2010,ER_MTN_TOTL,Spain,REMAIN_MOUNT,52723.06
2010,ER_MTN_TOTL,Spain,ALPINE,881.64
2010,ER_MTN_TOTL,Spain,TOTAL,248746.42
2010,ER_MTN_TOTL,Spain,NIVAL,204.45
2015,ER_MTN_TOTL,Spain,MONTANE,194937.26
2015,ER_MTN_TOTL,Spain,REMAIN_MOUNT,52723.06
2015,ER_MTN_TOTL,Spain,NIVAL,204.45
2015,ER_MTN_TOTL,Spain,TOTAL,248746.42
2015,ER_MTN_TOTL,Spain,ALPINE,881.64
2018,ER_MTN_TOTL,Spain,NIVAL,204.45
2018,ER_MTN_TOTL,Spain,MONTANE,194937.26
2018,ER_MTN_TOTL,Spain,REMAIN_MOUNT,52723.06
2018,ER_MTN_TOTL,Spain,ALPINE,881.64
2018,ER_MTN_TOTL,Spain,TOTAL,248746.42
2000,ER_MTN_TOTL,Sweden,TOTAL,69093.75
2000,ER_MTN_TOTL,Sweden,MONTANE,44584.07
2000,ER_MTN_TOTL,Sweden,ALPINE,22885.99
2000,ER_MTN_TOTL,Sweden,NIVAL,1623.69
2005,ER_MTN_TOTL,Sweden,TOTAL,69093.75
2005,ER_MTN_TOTL,Sweden,MONTANE,44584.07
2005,ER_MTN_TOTL,Sweden,NIVAL,1623.69
2005,ER_MTN_TOTL,Sweden,ALPINE,22885.99
2010,ER_MTN_TOTL,Sweden,ALPINE,22885.99
2010,ER_MTN_TOTL,Sweden,MONTANE,44584.07
2010,ER_MTN_TOTL,Sweden,NIVAL,1623.69
2010,ER_MTN_TOTL,Sweden,TOTAL,69093.75
2015,ER_MTN_TOTL,Sweden,NIVAL,1623.69
2015,ER_MTN_TOTL,Sweden,TOTAL,69093.75
2015,ER_MTN_TOTL,Sweden,MONTANE,44584.07
2015,ER_MTN_TOTL,Sweden,ALPINE,22885.99
2018,ER_MTN_TOTL,Sweden,ALPINE,22885.99
2018,ER_MTN_TOTL,Sweden,NIVAL,1623.69
2018,ER_MTN_TOTL,Sweden,TOTAL,69093.75
2018,ER_MTN_TOTL,Sweden,MONTANE,44584.07
2000,ER_MTN_TOTL,Switzerland,TOTAL,36672.41
2000,ER_MTN_TOTL,Switzerland,ALPINE,3807.4
2000,ER_MTN_TOTL,Switzerland,MONTANE,26069.26
2000,ER_MTN_TOTL,Switzerland,NIVAL,6795.75
2005,ER_MTN_TOTL,Switzerland,TOTAL,36672.41
2005,ER_MTN_TOTL,Switzerland,ALPINE,3807.4
2005,ER_MTN_TOTL,Switzerland,NIVAL,6795.75
2005,ER_MTN_TOTL,Switzerland,MONTANE,26069.26
2010,ER_MTN_TOTL,Switzerland,MONTANE,26069.26
2010,ER_MTN_TOTL,Switzerland,ALPINE,3807.4
2010,ER_MTN_TOTL,Switzerland,NIVAL,6795.75
2010,ER_MTN_TOTL,Switzerland,TOTAL,36672.41
2015,ER_MTN_TOTL,Switzerland,TOTAL,36672.41
2015,ER_MTN_TOTL,Switzerland,NIVAL,6795.75
2015,ER_MTN_TOTL,Switzerland,MONTANE,26069.26
2015,ER_MTN_TOTL,Switzerland,ALPINE,3807.4
2018,ER_MTN_TOTL,Switzerland,MONTANE,26069.26
2018,ER_MTN_TOTL,Switzerland,ALPINE,3807.4
2018,ER_MTN_TOTL,Switzerland,NIVAL,6795.75
2018,ER_MTN_TOTL,Switzerland,TOTAL,36672.41
2000,ER_MTN_TOTL,Tajikistan,TOTAL,133208.39
2000,ER_MTN_TOTL,Tajikistan,MONTANE,65429.79
2000,ER_MTN_TOTL,Tajikistan,NIVAL,25917.1
2000,ER_MTN_TOTL,Tajikistan,ALPINE,26079.16
2000,ER_MTN_TOTL,Tajikistan,REMAIN_MOUNT,15782.34
2005,ER_MTN_TOTL,Tajikistan,NIVAL,25917.1
2005,ER_MTN_TOTL,Tajikistan,TOTAL,133208.39
2005,ER_MTN_TOTL,Tajikistan,ALPINE,26079.16
2005,ER_MTN_TOTL,Tajikistan,REMAIN_MOUNT,15782.34
2005,ER_MTN_TOTL,Tajikistan,MONTANE,65429.79
2010,ER_MTN_TOTL,Tajikistan,NIVAL,25917.1
2010,ER_MTN_TOTL,Tajikistan,ALPINE,26079.16
2010,ER_MTN_TOTL,Tajikistan,MONTANE,65429.79
2010,ER_MTN_TOTL,Tajikistan,TOTAL,133208.39
2010,ER_MTN_TOTL,Tajikistan,REMAIN_MOUNT,15782.34
2015,ER_MTN_TOTL,Tajikistan,ALPINE,26079.16
2015,ER_MTN_TOTL,Tajikistan,MONTANE,65429.79
2015,ER_MTN_TOTL,Tajikistan,REMAIN_MOUNT,15782.34
2015,ER_MTN_TOTL,Tajikistan,TOTAL,133208.39
2015,ER_MTN_TOTL,Tajikistan,NIVAL,25917.1
2018,ER_MTN_TOTL,Tajikistan,ALPINE,26079.16
2018,ER_MTN_TOTL,Tajikistan,TOTAL,133208.39
2018,ER_MTN_TOTL,Tajikistan,REMAIN_MOUNT,15782.34
2018,ER_MTN_TOTL,Tajikistan,MONTANE,65429.79
2018,ER_MTN_TOTL,Tajikistan,NIVAL,25917.1
2000,ER_MTN_TOTL,United Arab Emirates,REMAIN_MOUNT,2539.14
2000,ER_MTN_TOTL,United Arab Emirates,TOTAL,2539.14
2005,ER_MTN_TOTL,United Arab Emirates,TOTAL,2539.14
2005,ER_MTN_TOTL,United Arab Emirates,REMAIN_MOUNT,2539.14
2010,ER_MTN_TOTL,United Arab Emirates,TOTAL,2539.14
2010,ER_MTN_TOTL,United Arab Emirates,REMAIN_MOUNT,2539.14
2015,ER_MTN_TOTL,United Arab Emirates,REMAIN_MOUNT,2539.14
2015,ER_MTN_TOTL,United Arab Emirates,TOTAL,2539.14
2018,ER_MTN_TOTL,United Arab Emirates,TOTAL,2539.14
2018,ER_MTN_TOTL,United Arab Emirates,REMAIN_MOUNT,2539.14
2000,ER_MTN_TOTL,Türkiye,TOTAL,550354.68
2000,ER_MTN_TOTL,Türkiye,REMAIN_MOUNT,87180.3
2000,ER_MTN_TOTL,Türkiye,MONTANE,462843.5
2000,ER_MTN_TOTL,Türkiye,NIVAL,16.53
2000,ER_MTN_TOTL,Türkiye,ALPINE,314.35
2005,ER_MTN_TOTL,Türkiye,ALPINE,314.35
2005,ER_MTN_TOTL,Türkiye,MONTANE,462843.5
2005,ER_MTN_TOTL,Türkiye,TOTAL,550354.68
2005,ER_MTN_TOTL,Türkiye,NIVAL,16.53
2005,ER_MTN_TOTL,Türkiye,REMAIN_MOUNT,87180.3
2010,ER_MTN_TOTL,Türkiye,NIVAL,16.53
2010,ER_MTN_TOTL,Türkiye,MONTANE,462843.5
2010,ER_MTN_TOTL,Türkiye,ALPINE,314.35
2010,ER_MTN_TOTL,Türkiye,REMAIN_MOUNT,87180.3
2010,ER_MTN_TOTL,Türkiye,TOTAL,550354.68
2015,ER_MTN_TOTL,Türkiye,MONTANE,462843.5
2015,ER_MTN_TOTL,Türkiye,TOTAL,550354.68
2015,ER_MTN_TOTL,Türkiye,NIVAL,16.53
2015,ER_MTN_TOTL,Türkiye,REMAIN_MOUNT,87180.3
2015,ER_MTN_TOTL,Türkiye,ALPINE,314.35
2018,ER_MTN_TOTL,Türkiye,ALPINE,314.35
2018,ER_MTN_TOTL,Türkiye,NIVAL,16.53
2018,ER_MTN_TOTL,Türkiye,REMAIN_MOUNT,87180.3
2018,ER_MTN_TOTL,Türkiye,TOTAL,550354.68
2018,ER_MTN_TOTL,Türkiye,MONTANE,462843.5
2000,ER_MTN_TOTL,Turkmenistan,REMAIN_MOUNT,16166.49
2000,ER_MTN_TOTL,Turkmenistan,TOTAL,22204.19
2000,ER_MTN_TOTL,Turkmenistan,MONTANE,6037.7
2005,ER_MTN_TOTL,Turkmenistan,MONTANE,6037.7
2005,ER_MTN_TOTL,Turkmenistan,REMAIN_MOUNT,16166.49
2005,ER_MTN_TOTL,Turkmenistan,TOTAL,22204.19
2010,ER_MTN_TOTL,Turkmenistan,TOTAL,22204.19
2010,ER_MTN_TOTL,Turkmenistan,REMAIN_MOUNT,16166.49
2010,ER_MTN_TOTL,Turkmenistan,MONTANE,6037.7
2015,ER_MTN_TOTL,Turkmenistan,REMAIN_MOUNT,16166.49
2015,ER_MTN_TOTL,Turkmenistan,TOTAL,22204.19
2015,ER_MTN_TOTL,Turkmenistan,MONTANE,6037.7
2018,ER_MTN_TOTL,Turkmenistan,MONTANE,6037.7
2018,ER_MTN_TOTL,Turkmenistan,TOTAL,22204.19
2018,ER_MTN_TOTL,Turkmenistan,REMAIN_MOUNT,16166.49
2000,ER_MTN_TOTL,Ukraine,TOTAL,22548.44
2000,ER_MTN_TOTL,Ukraine,MONTANE,22548.44
2005,ER_MTN_TOTL,Ukraine,TOTAL,22548.44
2005,ER_MTN_TOTL,Ukraine,MONTANE,22548.44
2010,ER_MTN_TOTL,Ukraine,MONTANE,22548.44
2010,ER_MTN_TOTL,Ukraine,TOTAL,22548.44
2015,ER_MTN_TOTL,Ukraine,TOTAL,22548.44
2015,ER_MTN_TOTL,Ukraine,MONTANE,22548.44
2018,ER_MTN_TOTL,Ukraine,TOTAL,22548.44
2018,ER_MTN_TOTL,Ukraine,MONTANE,22548.44
2000,ER_MTN_TOTL,North Macedonia,ALPINE,43.7
2000,ER_MTN_TOTL,North Macedonia,MONTANE,21847.41
2000,ER_MTN_TOTL,North Macedonia,TOTAL,21891.12
2005,ER_MTN_TOTL,North Macedonia,MONTANE,21847.41
2005,ER_MTN_TOTL,North Macedonia,ALPINE,43.7
2005,ER_MTN_TOTL,North Macedonia,TOTAL,21891.12
2010,ER_MTN_TOTL,North Macedonia,ALPINE,43.7
2010,ER_MTN_TOTL,North Macedonia,TOTAL,21891.12
2010,ER_MTN_TOTL,North Macedonia,MONTANE,21847.41
2015,ER_MTN_TOTL,North Macedonia,MONTANE,21847.41
2015,ER_MTN_TOTL,North Macedonia,TOTAL,21891.12
2015,ER_MTN_TOTL,North Macedonia,ALPINE,43.7
2018,ER_MTN_TOTL,North Macedonia,TOTAL,21891.12
2018,ER_MTN_TOTL,North Macedonia,ALPINE,43.7
2018,ER_MTN_TOTL,North Macedonia,MONTANE,21847.41
2000,ER_MTN_TOTL,United Kingdom of Great Britain and Northern Ireland,ALPINE,730.83
2000,ER_MTN_TOTL,United Kingdom of Great Britain and Northern Ireland,MONTANE,28072.18
2000,ER_MTN_TOTL,United Kingdom of Great Britain and Northern Ireland,TOTAL,28803.01
2005,ER_MTN_TOTL,United Kingdom of Great Britain and Northern Ireland,TOTAL,28803.01
2005,ER_MTN_TOTL,United Kingdom of Great Britain and Northern Ireland,ALPINE,730.83
2005,ER_MTN_TOTL,United Kingdom of Great Britain and Northern Ireland,MONTANE,28072.18
2010,ER_MTN_TOTL,United Kingdom of Great Britain and Northern Ireland,TOTAL,28803.01
2010,ER_MTN_TOTL,United Kingdom of Great Britain and Northern Ireland,MONTANE,28072.18
2010,ER_MTN_TOTL,United Kingdom of Great Britain and Northern Ireland,ALPINE,730.83
2015,ER_MTN_TOTL,United Kingdom of Great Britain and Northern Ireland,MONTANE,28072.18
2015,ER_MTN_TOTL,United Kingdom of Great Britain and Northern Ireland,ALPINE,730.83
2015,ER_MTN_TOTL,United Kingdom of Great Britain and Northern Ireland,TOTAL,28803.01
2018,ER_MTN_TOTL,United Kingdom of Great Britain and Northern Ireland,MONTANE,28072.18
2018,ER_MTN_TOTL,United Kingdom of Great Britain and Northern Ireland,ALPINE,730.83
2018,ER_MTN_TOTL,United Kingdom of Great Britain and Northern Ireland,TOTAL,28803.01
2000,ER_MTN_TOTL,Uzbekistan,MONTANE,37890.14
2000,ER_MTN_TOTL,Uzbekistan,REMAIN_MOUNT,15783.42
2000,ER_MTN_TOTL,Uzbekistan,ALPINE,2149.73
2000,ER_MTN_TOTL,Uzbekistan,NIVAL,795.59
2000,ER_MTN_TOTL,Uzbekistan,TOTAL,56618.89
2005,ER_MTN_TOTL,Uzbekistan,NIVAL,795.59
2005,ER_MTN_TOTL,Uzbekistan,ALPINE,2149.73
2005,ER_MTN_TOTL,Uzbekistan,REMAIN_MOUNT,15783.42
2005,ER_MTN_TOTL,Uzbekistan,TOTAL,56618.89
2005,ER_MTN_TOTL,Uzbekistan,MONTANE,37890.14
2010,ER_MTN_TOTL,Uzbekistan,MONTANE,37890.14
2010,ER_MTN_TOTL,Uzbekistan,REMAIN_MOUNT,15783.42
2010,ER_MTN_TOTL,Uzbekistan,NIVAL,795.59
2010,ER_MTN_TOTL,Uzbekistan,TOTAL,56618.89
2010,ER_MTN_TOTL,Uzbekistan,ALPINE,2149.73
2015,ER_MTN_TOTL,Uzbekistan,ALPINE,2149.73
2015,ER_MTN_TOTL,Uzbekistan,REMAIN_MOUNT,15783.42
2015,ER_MTN_TOTL,Uzbekistan,MONTANE,37890.14
2015,ER_MTN_TOTL,Uzbekistan,TOTAL,56618.89
2015,ER_MTN_TOTL,Uzbekistan,NIVAL,795.59
2018,ER_MTN_TOTL,Uzbekistan,REMAIN_MOUNT,15783.42
2018,ER_MTN_TOTL,Uzbekistan,ALPINE,2149.73
2018,ER_MTN_TOTL,Uzbekistan,TOTAL,56618.89
2018,ER_MTN_TOTL,Uzbekistan,NIVAL,795.59
2018,ER_MTN_TOTL,Uzbekistan,MONTANE,37890.14
2018,ER_MTN_TOTL,Japan,REMAIN_MOUNT,18792.8
2018,ER_MTN_TOTL,Japan,MONTANE,156323.56
2018,ER_MTN_TOTL,Japan,TOTAL,176083.01
2018,ER_MTN_TOTL,Japan,NIVAL,15.56
2018,ER_MTN_TOTL,Japan,ALPINE,951.09
2000,ER_MTN_TOTL,Kazakhstan,NIVAL,840.33
2000,ER_MTN_TOTL,Kazakhstan,REMAIN_MOUNT,36835.69
2000,ER_MTN_TOTL,Kazakhstan,TOTAL,189795.03
2000,ER_MTN_TOTL,Kazakhstan,TOTAL,189795.03
