Year,SeriesCode,Country,Value
2016,ER_CBD_PTYPGRFA,Japan,1
2017,ER_CBD_PTYPGRFA,Japan,1
2018,ER_CBD_PTYPGRFA,Japan,1
2019,ER_CBD_PTYPGRFA,Japan,1
2020,ER_CBD_PTYPGRFA,Japan,1
2021,ER_CBD_PTYPGRFA,Japan,1
2022,ER_CBD_PTYPGRFA,Japan,1
2012,ER_CBD_PTYPGRFA,Kazakhstan,0
2013,ER_CBD_PTYPGRFA,Kazakhstan,0
2014,ER_CBD_PTYPGRFA,Kazakhstan,0
2015,ER_CBD_PTYPGRFA,Kazakhstan,0
2016,ER_CBD_PTYPGRFA,Kazakhstan,0
2017,ER_CBD_PTYPGRFA,Kazakhstan,0
2018,ER_CBD_PTYPGRFA,Kazakhstan,0
2019,ER_CBD_PTYPGRFA,Kazakhstan,0
2020,ER_CBD_PTYPGRFA,Kazakhstan,0
2021,ER_CBD_PTYPGRFA,Kazakhstan,0
2022,ER_CBD_PTYPGRFA,Kazakhstan,0
2012,ER_CBD_PTYPGRFA,Republic of Korea,1
2013,ER_CBD_PTYPGRFA,Republic of Korea,1
2014,ER_CBD_PTYPGRFA,Republic of Korea,1
2015,ER_CBD_PTYPGRFA,Republic of Korea,1
2016,ER_CBD_PTYPGRFA,Republic of Korea,1
2017,ER_CBD_PTYPGRFA,Republic of Korea,1
2018,ER_CBD_PTYPGRFA,Republic of Korea,1
2019,ER_CBD_PTYPGRFA,Republic of Korea,1
2020,ER_CBD_PTYPGRFA,Republic of Korea,1
2021,ER_CBD_PTYPGRFA,Republic of Korea,1
2022,ER_CBD_PTYPGRFA,Republic of Korea,1
2012,ER_CBD_PTYPGRFA,Kyrgyzstan,1
2013,ER_CBD_PTYPGRFA,Kyrgyzstan,1
2014,ER_CBD_PTYPGRFA,Kyrgyzstan,1
2015,ER_CBD_PTYPGRFA,Kyrgyzstan,1
2016,ER_CBD_PTYPGRFA,Kyrgyzstan,1
2017,ER_CBD_PTYPGRFA,Kyrgyzstan,1
2018,ER_CBD_PTYPGRFA,Kyrgyzstan,1
2019,ER_CBD_PTYPGRFA,Kyrgyzstan,1
2020,ER_CBD_PTYPGRFA,Kyrgyzstan,1
2021,ER_CBD_PTYPGRFA,Kyrgyzstan,1
2022,ER_CBD_PTYPGRFA,Kyrgyzstan,1
2012,ER_CBD_PTYPGRFA,Latvia,1
2013,ER_CBD_PTYPGRFA,Latvia,1
2014,ER_CBD_PTYPGRFA,Latvia,1
2015,ER_CBD_PTYPGRFA,Latvia,1
2016,ER_CBD_PTYPGRFA,Latvia,1
2017,ER_CBD_PTYPGRFA,Latvia,1
2018,ER_CBD_PTYPGRFA,Latvia,1
2019,ER_CBD_PTYPGRFA,Latvia,1
2020,ER_CBD_PTYPGRFA,Latvia,1
2021,ER_CBD_PTYPGRFA,Latvia,1
2022,ER_CBD_PTYPGRFA,Latvia,1
2012,ER_CBD_PTYPGRFA,Liechtenstein,0
2013,ER_CBD_PTYPGRFA,Liechtenstein,0
2014,ER_CBD_PTYPGRFA,Liechtenstein,0
2015,ER_CBD_PTYPGRFA,Liechtenstein,0
2016,ER_CBD_PTYPGRFA,Liechtenstein,0
2017,ER_CBD_PTYPGRFA,Liechtenstein,0
2018,ER_CBD_PTYPGRFA,Liechtenstein,0
2019,ER_CBD_PTYPGRFA,Liechtenstein,0
2020,ER_CBD_PTYPGRFA,Liechtenstein,0
2021,ER_CBD_PTYPGRFA,Liechtenstein,0
2022,ER_CBD_PTYPGRFA,Liechtenstein,0
2012,ER_CBD_PTYPGRFA,Lithuania,1
2013,ER_CBD_PTYPGRFA,Lithuania,1
2014,ER_CBD_PTYPGRFA,Lithuania,1
2015,ER_CBD_PTYPGRFA,Lithuania,1
2012,ER_CBD_PTYPGRFA,Albania,1
2013,ER_CBD_PTYPGRFA,Albania,1
2014,ER_CBD_PTYPGRFA,Albania,1
2015,ER_CBD_PTYPGRFA,Albania,1
2016,ER_CBD_PTYPGRFA,Albania,1
2017,ER_CBD_PTYPGRFA,Albania,1
2018,ER_CBD_PTYPGRFA,Albania,1
2019,ER_CBD_PTYPGRFA,Albania,1
2020,ER_CBD_PTYPGRFA,Albania,1
2021,ER_CBD_PTYPGRFA,Albania,1
2022,ER_CBD_PTYPGRFA,Albania,1
2016,ER_CBD_PTYPGRFA,Lithuania,1
2017,ER_CBD_PTYPGRFA,Lithuania,1
2018,ER_CBD_PTYPGRFA,Lithuania,1
2019,ER_CBD_PTYPGRFA,Lithuania,1
2020,ER_CBD_PTYPGRFA,Lithuania,1
2021,ER_CBD_PTYPGRFA,Lithuania,1
2022,ER_CBD_PTYPGRFA,Lithuania,1
2012,ER_CBD_PTYPGRFA,Luxembourg,1
2013,ER_CBD_PTYPGRFA,Luxembourg,1
2014,ER_CBD_PTYPGRFA,Luxembourg,1
2015,ER_CBD_PTYPGRFA,Luxembourg,1
2012,ER_CBD_PTYPGRFA,Azerbaijan,0
2013,ER_CBD_PTYPGRFA,Azerbaijan,0
2014,ER_CBD_PTYPGRFA,Azerbaijan,0
2015,ER_CBD_PTYPGRFA,Azerbaijan,0
2016,ER_CBD_PTYPGRFA,Azerbaijan,0
2017,ER_CBD_PTYPGRFA,Azerbaijan,0
2018,ER_CBD_PTYPGRFA,Azerbaijan,0
2019,ER_CBD_PTYPGRFA,Azerbaijan,0
2020,ER_CBD_PTYPGRFA,Azerbaijan,0
2021,ER_CBD_PTYPGRFA,Azerbaijan,0
2022,ER_CBD_PTYPGRFA,Azerbaijan,0
2012,ER_CBD_PTYPGRFA,Australia,1
2013,ER_CBD_PTYPGRFA,Australia,1
2014,ER_CBD_PTYPGRFA,Australia,1
2015,ER_CBD_PTYPGRFA,Australia,1
2016,ER_CBD_PTYPGRFA,Australia,1
2017,ER_CBD_PTYPGRFA,Australia,1
2018,ER_CBD_PTYPGRFA,Australia,1
2019,ER_CBD_PTYPGRFA,Australia,1
2020,ER_CBD_PTYPGRFA,Australia,1
2021,ER_CBD_PTYPGRFA,Australia,1
2022,ER_CBD_PTYPGRFA,Australia,1
2016,ER_CBD_PTYPGRFA,Luxembourg,1
2017,ER_CBD_PTYPGRFA,Luxembourg,1
2018,ER_CBD_PTYPGRFA,Luxembourg,1
2019,ER_CBD_PTYPGRFA,Luxembourg,1
2020,ER_CBD_PTYPGRFA,Luxembourg,1
2021,ER_CBD_PTYPGRFA,Luxembourg,1
2022,ER_CBD_PTYPGRFA,Luxembourg,1
2012,ER_CBD_PTYPGRFA,Malta,0
2013,ER_CBD_PTYPGRFA,Malta,0
2014,ER_CBD_PTYPGRFA,Malta,0
2015,ER_CBD_PTYPGRFA,Malta,0
2012,ER_CBD_PTYPGRFA,Austria,1
2013,ER_CBD_PTYPGRFA,Austria,1
2014,ER_CBD_PTYPGRFA,Austria,1
2015,ER_CBD_PTYPGRFA,Austria,1
2016,ER_CBD_PTYPGRFA,Austria,1
2017,ER_CBD_PTYPGRFA,Austria,1
2018,ER_CBD_PTYPGRFA,Austria,1
2019,ER_CBD_PTYPGRFA,Austria,1
2020,ER_CBD_PTYPGRFA,Austria,1
2021,ER_CBD_PTYPGRFA,Austria,1
2022,ER_CBD_PTYPGRFA,Austria,1
2016,ER_CBD_PTYPGRFA,Malta,0
2017,ER_CBD_PTYPGRFA,Malta,1
2018,ER_CBD_PTYPGRFA,Malta,1
2019,ER_CBD_PTYPGRFA,Malta,1
2020,ER_CBD_PTYPGRFA,Malta,1
2021,ER_CBD_PTYPGRFA,Malta,1
2022,ER_CBD_PTYPGRFA,Malta,1
2012,ER_CBD_PTYPGRFA,Mexico,0
2013,ER_CBD_PTYPGRFA,Mexico,0
2014,ER_CBD_PTYPGRFA,Mexico,0
2015,ER_CBD_PTYPGRFA,Mexico,0
2012,ER_CBD_PTYPGRFA,Armenia,1
2013,ER_CBD_PTYPGRFA,Armenia,1
2014,ER_CBD_PTYPGRFA,Armenia,1
2015,ER_CBD_PTYPGRFA,Armenia,1
2016,ER_CBD_PTYPGRFA,Armenia,1
2017,ER_CBD_PTYPGRFA,Armenia,1
2018,ER_CBD_PTYPGRFA,Armenia,1
2019,ER_CBD_PTYPGRFA,Armenia,1
2020,ER_CBD_PTYPGRFA,Armenia,1
2021,ER_CBD_PTYPGRFA,Armenia,1
2022,ER_CBD_PTYPGRFA,Armenia,1
2012,ER_CBD_PTYPGRFA,Belgium,1
2013,ER_CBD_PTYPGRFA,Belgium,1
2014,ER_CBD_PTYPGRFA,Belgium,1
2015,ER_CBD_PTYPGRFA,Belgium,1
2016,ER_CBD_PTYPGRFA,Belgium,1
2017,ER_CBD_PTYPGRFA,Belgium,1
2018,ER_CBD_PTYPGRFA,Belgium,1
2019,ER_CBD_PTYPGRFA,Belgium,1
2020,ER_CBD_PTYPGRFA,Belgium,1
2021,ER_CBD_PTYPGRFA,Belgium,1
2022,ER_CBD_PTYPGRFA,Belgium,1
2016,ER_CBD_PTYPGRFA,Mexico,0
2017,ER_CBD_PTYPGRFA,Mexico,0
2018,ER_CBD_PTYPGRFA,Mexico,0
2019,ER_CBD_PTYPGRFA,Mexico,0
2020,ER_CBD_PTYPGRFA,Mexico,0
2021,ER_CBD_PTYPGRFA,Mexico,0
2022,ER_CBD_PTYPGRFA,Mexico,0
2012,ER_CBD_PTYPGRFA,Moldova,0
2013,ER_CBD_PTYPGRFA,Moldova,0
2014,ER_CBD_PTYPGRFA,Moldova,0
2015,ER_CBD_PTYPGRFA,Moldova,1
2016,ER_CBD_PTYPGRFA,Moldova,1
2017,ER_CBD_PTYPGRFA,Moldova,1
2018,ER_CBD_PTYPGRFA,Moldova,1
2019,ER_CBD_PTYPGRFA,Moldova,1
2020,ER_CBD_PTYPGRFA,Moldova,1
2021,ER_CBD_PTYPGRFA,Moldova,1
2022,ER_CBD_PTYPGRFA,Moldova,1
2012,ER_CBD_PTYPGRFA,Montenegro,1
2013,ER_CBD_PTYPGRFA,Montenegro,1
2014,ER_CBD_PTYPGRFA,Montenegro,1
2015,ER_CBD_PTYPGRFA,Montenegro,1
2012,ER_CBD_PTYPGRFA,Bosnia and Herzegovina,0
2013,ER_CBD_PTYPGRFA,Bosnia and Herzegovina,0
2014,ER_CBD_PTYPGRFA,Bosnia and Herzegovina,0
2015,ER_CBD_PTYPGRFA,Bosnia and Herzegovina,0
2016,ER_CBD_PTYPGRFA,Bosnia and Herzegovina,0
2017,ER_CBD_PTYPGRFA,Bosnia and Herzegovina,0
2018,ER_CBD_PTYPGRFA,Bosnia and Herzegovina,0
2019,ER_CBD_PTYPGRFA,Bosnia and Herzegovina,0
2020,ER_CBD_PTYPGRFA,Bosnia and Herzegovina,0
2021,ER_CBD_PTYPGRFA,Bosnia and Herzegovina,0
2022,ER_CBD_PTYPGRFA,Bosnia and Herzegovina,0
2012,ER_CBD_PTYPGRFA,Bulgaria,1
2013,ER_CBD_PTYPGRFA,Bulgaria,1
2014,ER_CBD_PTYPGRFA,Bulgaria,1
2015,ER_CBD_PTYPGRFA,Bulgaria,1
2016,ER_CBD_PTYPGRFA,Bulgaria,1
2017,ER_CBD_PTYPGRFA,Bulgaria,1
2018,ER_CBD_PTYPGRFA,Bulgaria,1
2019,ER_CBD_PTYPGRFA,Bulgaria,1
2020,ER_CBD_PTYPGRFA,Bulgaria,1
2021,ER_CBD_PTYPGRFA,Bulgaria,1
2022,ER_CBD_PTYPGRFA,Bulgaria,1
2012,ER_CBD_PTYPGRFA,Belarus,0
2013,ER_CBD_PTYPGRFA,Belarus,0
2014,ER_CBD_PTYPGRFA,Belarus,0
2015,ER_CBD_PTYPGRFA,Belarus,0
2016,ER_CBD_PTYPGRFA,Belarus,0
2017,ER_CBD_PTYPGRFA,Belarus,0
2018,ER_CBD_PTYPGRFA,Belarus,0
2019,ER_CBD_PTYPGRFA,Belarus,0
2020,ER_CBD_PTYPGRFA,Belarus,0
2021,ER_CBD_PTYPGRFA,Belarus,0
2022,ER_CBD_PTYPGRFA,Belarus,0
2016,ER_CBD_PTYPGRFA,Montenegro,1
2017,ER_CBD_PTYPGRFA,Montenegro,1
2018,ER_CBD_PTYPGRFA,Montenegro,1
2019,ER_CBD_PTYPGRFA,Montenegro,1
2020,ER_CBD_PTYPGRFA,Montenegro,1
2021,ER_CBD_PTYPGRFA,Montenegro,1
2022,ER_CBD_PTYPGRFA,Montenegro,1
2012,ER_CBD_PTYPGRFA,Netherlands (Kingdom of the),1
2013,ER_CBD_PTYPGRFA,Netherlands (Kingdom of the),1
2014,ER_CBD_PTYPGRFA,Netherlands (Kingdom of the),1
2015,ER_CBD_PTYPGRFA,Netherlands (Kingdom of the),1
2012,ER_CBD_PTYPGRFA,Canada,1
2013,ER_CBD_PTYPGRFA,Canada,1
2014,ER_CBD_PTYPGRFA,Canada,1
2015,ER_CBD_PTYPGRFA,Canada,1
2016,ER_CBD_PTYPGRFA,Canada,1
2017,ER_CBD_PTYPGRFA,Canada,1
2018,ER_CBD_PTYPGRFA,Canada,1
2019,ER_CBD_PTYPGRFA,Canada,1
2020,ER_CBD_PTYPGRFA,Canada,1
2021,ER_CBD_PTYPGRFA,Canada,1
2022,ER_CBD_PTYPGRFA,Canada,1
2016,ER_CBD_PTYPGRFA,Netherlands (Kingdom of the),1
2017,ER_CBD_PTYPGRFA,Netherlands (Kingdom of the),1
2018,ER_CBD_PTYPGRFA,Netherlands (Kingdom of the),1
2019,ER_CBD_PTYPGRFA,Netherlands (Kingdom of the),1
2020,ER_CBD_PTYPGRFA,Netherlands (Kingdom of the),1
2021,ER_CBD_PTYPGRFA,Netherlands (Kingdom of the),1
2022,ER_CBD_PTYPGRFA,Netherlands (Kingdom of the),1
2012,ER_CBD_PTYPGRFA,New Zealand,0
2013,ER_CBD_PTYPGRFA,New Zealand,0
2014,ER_CBD_PTYPGRFA,New Zealand,0
2015,ER_CBD_PTYPGRFA,New Zealand,0
2012,ER_CBD_PTYPGRFA,Chile,0
2013,ER_CBD_PTYPGRFA,Chile,0
2014,ER_CBD_PTYPGRFA,Chile,0
2015,ER_CBD_PTYPGRFA,Chile,0
2016,ER_CBD_PTYPGRFA,Chile,1
2017,ER_CBD_PTYPGRFA,Chile,1
2018,ER_CBD_PTYPGRFA,Chile,1
2019,ER_CBD_PTYPGRFA,Chile,1
2020,ER_CBD_PTYPGRFA,Chile,1
2021,ER_CBD_PTYPGRFA,Chile,1
2022,ER_CBD_PTYPGRFA,Chile,1
2016,ER_CBD_PTYPGRFA,New Zealand,0
2017,ER_CBD_PTYPGRFA,New Zealand,0
2018,ER_CBD_PTYPGRFA,New Zealand,0
2019,ER_CBD_PTYPGRFA,New Zealand,0
2020,ER_CBD_PTYPGRFA,New Zealand,0
2021,ER_CBD_PTYPGRFA,New Zealand,0
2022,ER_CBD_PTYPGRFA,New Zealand,0
2012,ER_CBD_PTYPGRFA,Norway,1
2013,ER_CBD_PTYPGRFA,Norway,1
2014,ER_CBD_PTYPGRFA,Norway,1
2015,ER_CBD_PTYPGRFA,Norway,1
2012,ER_CBD_PTYPGRFA,China,0
2013,ER_CBD_PTYPGRFA,China,0
2014,ER_CBD_PTYPGRFA,China,0
2015,ER_CBD_PTYPGRFA,China,0
2016,ER_CBD_PTYPGRFA,China,0
2017,ER_CBD_PTYPGRFA,China,0
2018,ER_CBD_PTYPGRFA,China,0
2019,ER_CBD_PTYPGRFA,China,0
2020,ER_CBD_PTYPGRFA,China,0
2021,ER_CBD_PTYPGRFA,China,0
2022,ER_CBD_PTYPGRFA,China,0
2016,ER_CBD_PTYPGRFA,Norway,1
2017,ER_CBD_PTYPGRFA,Norway,1
2018,ER_CBD_PTYPGRFA,Norway,1
2019,ER_CBD_PTYPGRFA,Norway,1
2020,ER_CBD_PTYPGRFA,Norway,1
2021,ER_CBD_PTYPGRFA,Norway,1
2022,ER_CBD_PTYPGRFA,Norway,1
2012,ER_CBD_PTYPGRFA,Poland,1
2013,ER_CBD_PTYPGRFA,Poland,1
2014,ER_CBD_PTYPGRFA,Poland,1
2015,ER_CBD_PTYPGRFA,Poland,1
2012,ER_CBD_PTYPGRFA,Colombia,0
2013,ER_CBD_PTYPGRFA,Colombia,0
2014,ER_CBD_PTYPGRFA,Colombia,0
2015,ER_CBD_PTYPGRFA,Colombia,0
2016,ER_CBD_PTYPGRFA,Colombia,0
2017,ER_CBD_PTYPGRFA,Colombia,0
2018,ER_CBD_PTYPGRFA,Colombia,0
2019,ER_CBD_PTYPGRFA,Colombia,0
2020,ER_CBD_PTYPGRFA,Colombia,0
2021,ER_CBD_PTYPGRFA,Colombia,0
2022,ER_CBD_PTYPGRFA,Colombia,0
2016,ER_CBD_PTYPGRFA,Poland,1
2017,ER_CBD_PTYPGRFA,Poland,1
2018,ER_CBD_PTYPGRFA,Poland,1
2019,ER_CBD_PTYPGRFA,Poland,1
2020,ER_CBD_PTYPGRFA,Poland,1
2021,ER_CBD_PTYPGRFA,Poland,1
2022,ER_CBD_PTYPGRFA,Poland,1
2012,ER_CBD_PTYPGRFA,Portugal,1
2013,ER_CBD_PTYPGRFA,Portugal,1
2014,ER_CBD_PTYPGRFA,Portugal,1
2015,ER_CBD_PTYPGRFA,Portugal,1
2012,ER_CBD_PTYPGRFA,Costa Rica,1
2013,ER_CBD_PTYPGRFA,Costa Rica,1
2014,ER_CBD_PTYPGRFA,Costa Rica,1
2015,ER_CBD_PTYPGRFA,Costa Rica,1
2016,ER_CBD_PTYPGRFA,Costa Rica,1
2017,ER_CBD_PTYPGRFA,Costa Rica,1
2018,ER_CBD_PTYPGRFA,Costa Rica,1
2019,ER_CBD_PTYPGRFA,Costa Rica,1
2020,ER_CBD_PTYPGRFA,Costa Rica,1
2021,ER_CBD_PTYPGRFA,Costa Rica,1
2022,ER_CBD_PTYPGRFA,Costa Rica,1
2016,ER_CBD_PTYPGRFA,Portugal,1
2017,ER_CBD_PTYPGRFA,Portugal,1
2018,ER_CBD_PTYPGRFA,Portugal,1
2019,ER_CBD_PTYPGRFA,Portugal,1
2020,ER_CBD_PTYPGRFA,Portugal,1
2021,ER_CBD_PTYPGRFA,Portugal,1
2022,ER_CBD_PTYPGRFA,Portugal,1
2012,ER_CBD_PTYPGRFA,Romania,1
2013,ER_CBD_PTYPGRFA,Romania,1
2014,ER_CBD_PTYPGRFA,Romania,1
2015,ER_CBD_PTYPGRFA,Romania,1
2012,ER_CBD_PTYPGRFA,Croatia,1
2013,ER_CBD_PTYPGRFA,Croatia,1
2014,ER_CBD_PTYPGRFA,Croatia,1
2015,ER_CBD_PTYPGRFA,Croatia,1
2016,ER_CBD_PTYPGRFA,Croatia,1
2017,ER_CBD_PTYPGRFA,Croatia,1
2018,ER_CBD_PTYPGRFA,Croatia,1
2019,ER_CBD_PTYPGRFA,Croatia,1
2020,ER_CBD_PTYPGRFA,Croatia,1
2021,ER_CBD_PTYPGRFA,Croatia,1
2022,ER_CBD_PTYPGRFA,Croatia,1
2012,ER_CBD_PTYPGRFA,Cyprus,1
2013,ER_CBD_PTYPGRFA,Cyprus,1
2014,ER_CBD_PTYPGRFA,Cyprus,1
2015,ER_CBD_PTYPGRFA,Cyprus,1
2016,ER_CBD_PTYPGRFA,Cyprus,1
2017,ER_CBD_PTYPGRFA,Cyprus,1
2018,ER_CBD_PTYPGRFA,Cyprus,1
2019,ER_CBD_PTYPGRFA,Cyprus,1
2020,ER_CBD_PTYPGRFA,Cyprus,1
2021,ER_CBD_PTYPGRFA,Cyprus,1
2022,ER_CBD_PTYPGRFA,Cyprus,1
2012,ER_CBD_PTYPGRFA,Czechia,1
2013,ER_CBD_PTYPGRFA,Czechia,1
2014,ER_CBD_PTYPGRFA,Czechia,1
2015,ER_CBD_PTYPGRFA,Czechia,1
2016,ER_CBD_PTYPGRFA,Czechia,1
2017,ER_CBD_PTYPGRFA,Czechia,1
2018,ER_CBD_PTYPGRFA,Czechia,1
2019,ER_CBD_PTYPGRFA,Czechia,1
2020,ER_CBD_PTYPGRFA,Czechia,1
2021,ER_CBD_PTYPGRFA,Czechia,1
2022,ER_CBD_PTYPGRFA,Czechia,1
2012,ER_CBD_PTYPGRFA,Denmark,1
2013,ER_CBD_PTYPGRFA,Denmark,1
2014,ER_CBD_PTYPGRFA,Denmark,1
2015,ER_CBD_PTYPGRFA,Denmark,1
2016,ER_CBD_PTYPGRFA,Denmark,1
2017,ER_CBD_PTYPGRFA,Denmark,1
2018,ER_CBD_PTYPGRFA,Denmark,1
2019,ER_CBD_PTYPGRFA,Denmark,1
2020,ER_CBD_PTYPGRFA,Denmark,1
2021,ER_CBD_PTYPGRFA,Denmark,1
2022,ER_CBD_PTYPGRFA,Denmark,1
2012,ER_CBD_PTYPGRFA,Estonia,1
2013,ER_CBD_PTYPGRFA,Estonia,1
2014,ER_CBD_PTYPGRFA,Estonia,1
2015,ER_CBD_PTYPGRFA,Estonia,1
2016,ER_CBD_PTYPGRFA,Estonia,1
2017,ER_CBD_PTYPGRFA,Estonia,1
2018,ER_CBD_PTYPGRFA,Estonia,1
2019,ER_CBD_PTYPGRFA,Estonia,1
2020,ER_CBD_PTYPGRFA,Estonia,1
2021,ER_CBD_PTYPGRFA,Estonia,1
2022,ER_CBD_PTYPGRFA,Estonia,1
2016,ER_CBD_PTYPGRFA,Romania,1
2017,ER_CBD_PTYPGRFA,Romania,1
2018,ER_CBD_PTYPGRFA,Romania,1
2019,ER_CBD_PTYPGRFA,Romania,1
2020,ER_CBD_PTYPGRFA,Romania,1
2021,ER_CBD_PTYPGRFA,Romania,1
2022,ER_CBD_PTYPGRFA,Romania,1
2012,ER_CBD_PTYPGRFA,Serbia,0
2013,ER_CBD_PTYPGRFA,Serbia,1
2014,ER_CBD_PTYPGRFA,Serbia,1
2015,ER_CBD_PTYPGRFA,Serbia,1
2016,ER_CBD_PTYPGRFA,Serbia,1
2017,ER_CBD_PTYPGRFA,Serbia,1
2018,ER_CBD_PTYPGRFA,Serbia,1
2019,ER_CBD_PTYPGRFA,Serbia,1
2020,ER_CBD_PTYPGRFA,Serbia,1
2021,ER_CBD_PTYPGRFA,Serbia,1
2022,ER_CBD_PTYPGRFA,Serbia,1
2012,ER_CBD_PTYPGRFA,Slovakia,1
2013,ER_CBD_PTYPGRFA,Slovakia,1
2014,ER_CBD_PTYPGRFA,Slovakia,1
2015,ER_CBD_PTYPGRFA,Slovakia,1
2016,ER_CBD_PTYPGRFA,Slovakia,1
2017,ER_CBD_PTYPGRFA,Slovakia,1
2018,ER_CBD_PTYPGRFA,Slovakia,1
2019,ER_CBD_PTYPGRFA,Slovakia,1
2020,ER_CBD_PTYPGRFA,Slovakia,1
2021,ER_CBD_PTYPGRFA,Slovakia,1
2022,ER_CBD_PTYPGRFA,Slovakia,1
2012,ER_CBD_PTYPGRFA,Viet Nam,0
2013,ER_CBD_PTYPGRFA,Viet Nam,0
2014,ER_CBD_PTYPGRFA,Viet Nam,0
2015,ER_CBD_PTYPGRFA,Viet Nam,0
2012,ER_CBD_PTYPGRFA,Finland,1
2013,ER_CBD_PTYPGRFA,Finland,1
2014,ER_CBD_PTYPGRFA,Finland,1
2015,ER_CBD_PTYPGRFA,Finland,1
2016,ER_CBD_PTYPGRFA,Finland,1
2017,ER_CBD_PTYPGRFA,Finland,1
2018,ER_CBD_PTYPGRFA,Finland,1
2019,ER_CBD_PTYPGRFA,Finland,1
2020,ER_CBD_PTYPGRFA,Finland,1
2021,ER_CBD_PTYPGRFA,Finland,1
2022,ER_CBD_PTYPGRFA,Finland,1
2016,ER_CBD_PTYPGRFA,Viet Nam,0
2017,ER_CBD_PTYPGRFA,Viet Nam,0
2018,ER_CBD_PTYPGRFA,Viet Nam,0
2019,ER_CBD_PTYPGRFA,Viet Nam,0
2020,ER_CBD_PTYPGRFA,Viet Nam,0
2021,ER_CBD_PTYPGRFA,Viet Nam,0
2022,ER_CBD_PTYPGRFA,Viet Nam,0
2012,ER_CBD_PTYPGRFA,Slovenia,1
2013,ER_CBD_PTYPGRFA,Slovenia,1
2014,ER_CBD_PTYPGRFA,Slovenia,1
2015,ER_CBD_PTYPGRFA,Slovenia,1
2012,ER_CBD_PTYPGRFA,France,1
2013,ER_CBD_PTYPGRFA,France,1
2014,ER_CBD_PTYPGRFA,France,1
2015,ER_CBD_PTYPGRFA,France,1
2016,ER_CBD_PTYPGRFA,France,1
2017,ER_CBD_PTYPGRFA,France,1
2018,ER_CBD_PTYPGRFA,France,1
2019,ER_CBD_PTYPGRFA,France,1
2020,ER_CBD_PTYPGRFA,France,1
2021,ER_CBD_PTYPGRFA,France,1
2022,ER_CBD_PTYPGRFA,France,1
2012,ER_CBD_PTYPGRFA,Georgia,0
2013,ER_CBD_PTYPGRFA,Georgia,0
2014,ER_CBD_PTYPGRFA,Georgia,0
2015,ER_CBD_PTYPGRFA,Georgia,0
2016,ER_CBD_PTYPGRFA,Georgia,0
2017,ER_CBD_PTYPGRFA,Georgia,0
2018,ER_CBD_PTYPGRFA,Georgia,0
2019,ER_CBD_PTYPGRFA,Georgia,1
2020,ER_CBD_PTYPGRFA,Georgia,1
2021,ER_CBD_PTYPGRFA,Georgia,1
2022,ER_CBD_PTYPGRFA,Georgia,1
2012,ER_CBD_PTYPGRFA,Germany,1
2013,ER_CBD_PTYPGRFA,Germany,1
2014,ER_CBD_PTYPGRFA,Germany,1
2015,ER_CBD_PTYPGRFA,Germany,1
2016,ER_CBD_PTYPGRFA,Germany,1
2017,ER_CBD_PTYPGRFA,Germany,1
2018,ER_CBD_PTYPGRFA,Germany,1
2019,ER_CBD_PTYPGRFA,Germany,1
2020,ER_CBD_PTYPGRFA,Germany,1
2021,ER_CBD_PTYPGRFA,Germany,1
2022,ER_CBD_PTYPGRFA,Germany,1
2012,ER_CBD_PTYPGRFA,Greece,1
2013,ER_CBD_PTYPGRFA,Greece,1
2014,ER_CBD_PTYPGRFA,Greece,1
2015,ER_CBD_PTYPGRFA,Greece,1
2016,ER_CBD_PTYPGRFA,Greece,1
2017,ER_CBD_PTYPGRFA,Greece,1
2018,ER_CBD_PTYPGRFA,Greece,1
2019,ER_CBD_PTYPGRFA,Greece,1
2020,ER_CBD_PTYPGRFA,Greece,1
2021,ER_CBD_PTYPGRFA,Greece,1
2022,ER_CBD_PTYPGRFA,Greece,1
2016,ER_CBD_PTYPGRFA,Slovenia,1
2017,ER_CBD_PTYPGRFA,Slovenia,1
2018,ER_CBD_PTYPGRFA,Slovenia,1
2019,ER_CBD_PTYPGRFA,Slovenia,1
2020,ER_CBD_PTYPGRFA,Slovenia,1
2021,ER_CBD_PTYPGRFA,Slovenia,1
2022,ER_CBD_PTYPGRFA,Slovenia,1
2012,ER_CBD_PTYPGRFA,Spain,1
2013,ER_CBD_PTYPGRFA,Spain,1
2014,ER_CBD_PTYPGRFA,Spain,1
2015,ER_CBD_PTYPGRFA,Spain,1
2016,ER_CBD_PTYPGRFA,Spain,1
2017,ER_CBD_PTYPGRFA,Spain,1
2018,ER_CBD_PTYPGRFA,Spain,1
2019,ER_CBD_PTYPGRFA,Spain,1
2020,ER_CBD_PTYPGRFA,Spain,1
2021,ER_CBD_PTYPGRFA,Spain,1
2022,ER_CBD_PTYPGRFA,Spain,1
2012,ER_CBD_PTYPGRFA,Sweden,1
2013,ER_CBD_PTYPGRFA,Sweden,1
2014,ER_CBD_PTYPGRFA,Sweden,1
2015,ER_CBD_PTYPGRFA,Sweden,1
2012,ER_CBD_PTYPGRFA,Hungary,1
2013,ER_CBD_PTYPGRFA,Hungary,1
2014,ER_CBD_PTYPGRFA,Hungary,1
2015,ER_CBD_PTYPGRFA,Hungary,1
2016,ER_CBD_PTYPGRFA,Hungary,1
2017,ER_CBD_PTYPGRFA,Hungary,1
2018,ER_CBD_PTYPGRFA,Hungary,1
2019,ER_CBD_PTYPGRFA,Hungary,1
2020,ER_CBD_PTYPGRFA,Hungary,1
2021,ER_CBD_PTYPGRFA,Hungary,1
2022,ER_CBD_PTYPGRFA,Hungary,1
2012,ER_CBD_PTYPGRFA,Iceland,1
2013,ER_CBD_PTYPGRFA,Iceland,1
2014,ER_CBD_PTYPGRFA,Iceland,1
2015,ER_CBD_PTYPGRFA,Iceland,1
2016,ER_CBD_PTYPGRFA,Iceland,1
2017,ER_CBD_PTYPGRFA,Iceland,1
2018,ER_CBD_PTYPGRFA,Iceland,1
2019,ER_CBD_PTYPGRFA,Iceland,1
2020,ER_CBD_PTYPGRFA,Iceland,1
2021,ER_CBD_PTYPGRFA,Iceland,1
2022,ER_CBD_PTYPGRFA,Iceland,1
2012,ER_CBD_PTYPGRFA,India,1
2013,ER_CBD_PTYPGRFA,India,1
2014,ER_CBD_PTYPGRFA,India,1
2015,ER_CBD_PTYPGRFA,India,1
2016,ER_CBD_PTYPGRFA,India,1
2017,ER_CBD_PTYPGRFA,India,1
2018,ER_CBD_PTYPGRFA,India,1
2019,ER_CBD_PTYPGRFA,India,1
2020,ER_CBD_PTYPGRFA,India,1
2021,ER_CBD_PTYPGRFA,India,1
2022,ER_CBD_PTYPGRFA,India,1
2016,ER_CBD_PTYPGRFA,Sweden,1
2017,ER_CBD_PTYPGRFA,Sweden,1
2018,ER_CBD_PTYPGRFA,Sweden,1
2019,ER_CBD_PTYPGRFA,Sweden,1
2020,ER_CBD_PTYPGRFA,Sweden,1
2021,ER_CBD_PTYPGRFA,Sweden,1
2022,ER_CBD_PTYPGRFA,Sweden,1
2012,ER_CBD_PTYPGRFA,Switzerland,1
2013,ER_CBD_PTYPGRFA,Switzerland,1
2014,ER_CBD_PTYPGRFA,Switzerland,1
2015,ER_CBD_PTYPGRFA,Switzerland,1
2016,ER_CBD_PTYPGRFA,Switzerland,1
2017,ER_CBD_PTYPGRFA,Switzerland,1
2018,ER_CBD_PTYPGRFA,Switzerland,1
2019,ER_CBD_PTYPGRFA,Switzerland,1
2020,ER_CBD_PTYPGRFA,Switzerland,1
2021,ER_CBD_PTYPGRFA,Switzerland,1
2022,ER_CBD_PTYPGRFA,Switzerland,1
2012,ER_CBD_PTYPGRFA,Tajikistan,0
2013,ER_CBD_PTYPGRFA,Tajikistan,0
2014,ER_CBD_PTYPGRFA,Tajikistan,0
2015,ER_CBD_PTYPGRFA,Tajikistan,0
2012,ER_CBD_PTYPGRFA,Ireland,1
2013,ER_CBD_PTYPGRFA,Ireland,1
2014,ER_CBD_PTYPGRFA,Ireland,1
2015,ER_CBD_PTYPGRFA,Ireland,1
2016,ER_CBD_PTYPGRFA,Ireland,1
2017,ER_CBD_PTYPGRFA,Ireland,1
2018,ER_CBD_PTYPGRFA,Ireland,1
2019,ER_CBD_PTYPGRFA,Ireland,1
2020,ER_CBD_PTYPGRFA,Ireland,1
2021,ER_CBD_PTYPGRFA,Ireland,1
2022,ER_CBD_PTYPGRFA,Ireland,1
2012,ER_CBD_PTYPGRFA,Israel,0
2013,ER_CBD_PTYPGRFA,Israel,0
2014,ER_CBD_PTYPGRFA,Israel,0
2015,ER_CBD_PTYPGRFA,Israel,0
2016,ER_CBD_PTYPGRFA,Israel,0
2017,ER_CBD_PTYPGRFA,Israel,0
2018,ER_CBD_PTYPGRFA,Israel,0
2019,ER_CBD_PTYPGRFA,Israel,0
2020,ER_CBD_PTYPGRFA,Israel,0
2021,ER_CBD_PTYPGRFA,Israel,0
2022,ER_CBD_PTYPGRFA,Israel,0
2016,ER_CBD_PTYPGRFA,Tajikistan,0
2017,ER_CBD_PTYPGRFA,Tajikistan,0
2018,ER_CBD_PTYPGRFA,Tajikistan,0
2019,ER_CBD_PTYPGRFA,Tajikistan,0
2020,ER_CBD_PTYPGRFA,Tajikistan,0
2021,ER_CBD_PTYPGRFA,Tajikistan,0
2022,ER_CBD_PTYPGRFA,Tajikistan,0
2012,ER_CBD_PTYPGRFA,United Arab Emirates,1
2013,ER_CBD_PTYPGRFA,United Arab Emirates,1
2014,ER_CBD_PTYPGRFA,United Arab Emirates,1
2015,ER_CBD_PTYPGRFA,United Arab Emirates,1
2012,ER_CBD_PTYPGRFA,Italy,1
2013,ER_CBD_PTYPGRFA,Italy,1
2014,ER_CBD_PTYPGRFA,Italy,1
2015,ER_CBD_PTYPGRFA,Italy,1
2016,ER_CBD_PTYPGRFA,Italy,1
2017,ER_CBD_PTYPGRFA,Italy,1
2018,ER_CBD_PTYPGRFA,Italy,1
2019,ER_CBD_PTYPGRFA,Italy,1
2020,ER_CBD_PTYPGRFA,Italy,1
2021,ER_CBD_PTYPGRFA,Italy,1
2022,ER_CBD_PTYPGRFA,Italy,1
2016,ER_CBD_PTYPGRFA,United Arab Emirates,1
2017,ER_CBD_PTYPGRFA,United Arab Emirates,1
2018,ER_CBD_PTYPGRFA,United Arab Emirates,1
2019,ER_CBD_PTYPGRFA,United Arab Emirates,1
2020,ER_CBD_PTYPGRFA,United Arab Emirates,1
2021,ER_CBD_PTYPGRFA,United Arab Emirates,1
2022,ER_CBD_PTYPGRFA,United Arab Emirates,1
2012,ER_CBD_PTYPGRFA,Türkiye,1
2013,ER_CBD_PTYPGRFA,Türkiye,1
2014,ER_CBD_PTYPGRFA,Türkiye,1
2015,ER_CBD_PTYPGRFA,Türkiye,1
2016,ER_CBD_PTYPGRFA,Türkiye,1
2017,ER_CBD_PTYPGRFA,Türkiye,1
2018,ER_CBD_PTYPGRFA,Türkiye,1
2019,ER_CBD_PTYPGRFA,Türkiye,1
2020,ER_CBD_PTYPGRFA,Türkiye,1
2021,ER_CBD_PTYPGRFA,Türkiye,1
2022,ER_CBD_PTYPGRFA,Türkiye,1
2012,ER_CBD_PTYPGRFA,Turkmenistan,0
2013,ER_CBD_PTYPGRFA,Turkmenistan,0
2014,ER_CBD_PTYPGRFA,Turkmenistan,0
2015,ER_CBD_PTYPGRFA,Turkmenistan,0
2016,ER_CBD_PTYPGRFA,Turkmenistan,0
2017,ER_CBD_PTYPGRFA,Turkmenistan,0
2018,ER_CBD_PTYPGRFA,Turkmenistan,0
2019,ER_CBD_PTYPGRFA,Turkmenistan,0
2020,ER_CBD_PTYPGRFA,Turkmenistan,0
2021,ER_CBD_PTYPGRFA,Turkmenistan,0
2022,ER_CBD_PTYPGRFA,Turkmenistan,0
2012,ER_CBD_PTYPGRFA,Ukraine,0
2013,ER_CBD_PTYPGRFA,Ukraine,0
2014,ER_CBD_PTYPGRFA,Ukraine,0
2015,ER_CBD_PTYPGRFA,Ukraine,0
2016,ER_CBD_PTYPGRFA,Ukraine,0
2017,ER_CBD_PTYPGRFA,Ukraine,0
2018,ER_CBD_PTYPGRFA,Ukraine,0
2019,ER_CBD_PTYPGRFA,Ukraine,0
2020,ER_CBD_PTYPGRFA,Ukraine,0
2021,ER_CBD_PTYPGRFA,Ukraine,0
2022,ER_CBD_PTYPGRFA,Ukraine,0
2012,ER_CBD_PTYPGRFA,North Macedonia,0
2013,ER_CBD_PTYPGRFA,North Macedonia,0
2014,ER_CBD_PTYPGRFA,North Macedonia,0
2015,ER_CBD_PTYPGRFA,North Macedonia,0
2016,ER_CBD_PTYPGRFA,North Macedonia,0
2017,ER_CBD_PTYPGRFA,North Macedonia,0
2018,ER_CBD_PTYPGRFA,North Macedonia,0
2019,ER_CBD_PTYPGRFA,North Macedonia,0
2020,ER_CBD_PTYPGRFA,North Macedonia,0
2021,ER_CBD_PTYPGRFA,North Macedonia,0
2022,ER_CBD_PTYPGRFA,North Macedonia,0
2012,ER_CBD_PTYPGRFA,United Kingdom of Great Britain and Northern Ireland,1
2013,ER_CBD_PTYPGRFA,United Kingdom of Great Britain and Northern Ireland,1
2014,ER_CBD_PTYPGRFA,United Kingdom of Great Britain and Northern Ireland,1
2015,ER_CBD_PTYPGRFA,United Kingdom of Great Britain and Northern Ireland,1
2016,ER_CBD_PTYPGRFA,United Kingdom of Great Britain and Northern Ireland,1
2017,ER_CBD_PTYPGRFA,United Kingdom of Great Britain and Northern Ireland,1
2018,ER_CBD_PTYPGRFA,United Kingdom of Great Britain and Northern Ireland,1
2019,ER_CBD_PTYPGRFA,United Kingdom of Great Britain and Northern Ireland,1
2020,ER_CBD_PTYPGRFA,United Kingdom of Great Britain and Northern Ireland,1
2021,ER_CBD_PTYPGRFA,United Kingdom of Great Britain and Northern Ireland,1
2022,ER_CBD_PTYPGRFA,United Kingdom of Great Britain and Northern Ireland,1
2012,ER_CBD_PTYPGRFA,Uzbekistan,0
2013,ER_CBD_PTYPGRFA,Uzbekistan,0
2014,ER_CBD_PTYPGRFA,Uzbekistan,0
2012,ER_CBD_PTYPGRFA,Japan,0
2013,ER_CBD_PTYPGRFA,Japan,1
2014,ER_CBD_PTYPGRFA,Japan,1
2015,ER_CBD_PTYPGRFA,Japan,1
2015,ER_CBD_PTYPGRFA,Uzbekistan,0
2016,ER_CBD_PTYPGRFA,Uzbekistan,0
2017,ER_CBD_PTYPGRFA,Uzbekistan,0
2018,ER_CBD_PTYPGRFA,Uzbekistan,0
2019,ER_CBD_PTYPGRFA,Uzbekistan,0
2020,ER_CBD_PTYPGRFA,Uzbekistan,0
2021,ER_CBD_PTYPGRFA,Uzbekistan,0
2022,ER_CBD_PTYPGRFA,Uzbekistan,0
2022,ER_CBD_PTYPGRFA,Uzbekistan,0
