Year,Metric,Country,Value
2021,"Political Stability and Absence of Violence, Terrorism",Albania,0.109445848
2020,"Political Stability and Absence of Violence, Terrorism",Albania,0.087552309
2019,"Political Stability and Absence of Violence, Terrorism",Albania,0.11116863
2018,"Political Stability and Absence of Violence, Terrorism",Albania,0.370515645
2017,"Political Stability and Absence of Violence, Terrorism",Albania,0.378474772
2016,"Political Stability and Absence of Violence, Terrorism",Albania,0.344644666
2015,"Political Stability and Absence of Violence, Terrorism",Albania,0.34612906
2014,"Political Stability and Absence of Violence, Terrorism",Albania,0.485986233
2013,"Political Stability and Absence of Violence, Terrorism",Albania,0.091929786
2012,"Political Stability and Absence of Violence, Terrorism",Albania,-0.143631592
2011,"Political Stability and Absence of Violence, Terrorism",Albania,-0.282379419
2010,"Political Stability and Absence of Violence, Terrorism",Albania,-0.191482902
2009,"Political Stability and Absence of Violence, Terrorism",Albania,-0.045140512
2008,"Political Stability and Absence of Violence, Terrorism",Albania,-0.030500913
2007,"Political Stability and Absence of Violence, Terrorism",Albania,-0.203974649
2006,"Political Stability and Absence of Violence, Terrorism",Albania,-0.508157313
2005,"Political Stability and Absence of Violence, Terrorism",Albania,-0.505047977
2004,"Political Stability and Absence of Violence, Terrorism",Albania,-0.427259684
2003,"Political Stability and Absence of Violence, Terrorism",Albania,-0.30978024
2002,"Political Stability and Absence of Violence, Terrorism",Albania,-0.297719181
2000,"Political Stability and Absence of Violence, Terrorism",Albania,-0.539989591
1998,"Political Stability and Absence of Violence, Terrorism",Albania,-0.544004202
1996,"Political Stability and Absence of Violence, Terrorism",Albania,-0.336625129
2021,"Political Stability and Absence of Violence, Terrorism",Armenia,-0.83559227
2020,"Political Stability and Absence of Violence, Terrorism",Armenia,-0.760855317
2019,"Political Stability and Absence of Violence, Terrorism",Armenia,-0.413424373
2018,"Political Stability and Absence of Violence, Terrorism",Armenia,-0.444908142
2017,"Political Stability and Absence of Violence, Terrorism",Armenia,-0.62077117
2016,"Political Stability and Absence of Violence, Terrorism",Armenia,-0.662263811
2015,"Political Stability and Absence of Violence, Terrorism",Armenia,-0.252332628
2014,"Political Stability and Absence of Violence, Terrorism",Armenia,-0.2971358
2013,"Political Stability and Absence of Violence, Terrorism",Armenia,0.110385142
2012,"Political Stability and Absence of Violence, Terrorism",Armenia,0.154794976
2011,"Political Stability and Absence of Violence, Terrorism",Armenia,-0.063868985
2010,"Political Stability and Absence of Violence, Terrorism",Armenia,0.071855329
2009,"Political Stability and Absence of Violence, Terrorism",Armenia,0.227863356
2008,"Political Stability and Absence of Violence, Terrorism",Armenia,-0.006853028
2007,"Political Stability and Absence of Violence, Terrorism",Armenia,0.150905833
2006,"Political Stability and Absence of Violence, Terrorism",Armenia,-0.26102376
2005,"Political Stability and Absence of Violence, Terrorism",Armenia,-0.066335395
2004,"Political Stability and Absence of Violence, Terrorism",Armenia,-0.116337486
2003,"Political Stability and Absence of Violence, Terrorism",Armenia,0.236966237
2002,"Political Stability and Absence of Violence, Terrorism",Armenia,-0.255784124
2000,"Political Stability and Absence of Violence, Terrorism",Armenia,-0.682867944
1998,"Political Stability and Absence of Violence, Terrorism",Armenia,-0.662787318
1996,"Political Stability and Absence of Violence, Terrorism",Armenia,-0.364998609
2021,"Political Stability and Absence of Violence, Terrorism",Austria,0.914891124
2020,"Political Stability and Absence of Violence, Terrorism",Austria,0.912809432
2019,"Political Stability and Absence of Violence, Terrorism",Austria,0.916747928
2018,"Political Stability and Absence of Violence, Terrorism",Austria,0.902334034
2017,"Political Stability and Absence of Violence, Terrorism",Austria,1.046832561
2016,"Political Stability and Absence of Violence, Terrorism",Austria,0.909638762
2015,"Political Stability and Absence of Violence, Terrorism",Austria,1.143079281
2014,"Political Stability and Absence of Violence, Terrorism",Austria,1.270700455
2013,"Political Stability and Absence of Violence, Terrorism",Austria,1.364100575
2012,"Political Stability and Absence of Violence, Terrorism",Austria,1.340566874
2011,"Political Stability and Absence of Violence, Terrorism",Austria,1.193521619
2010,"Political Stability and Absence of Violence, Terrorism",Austria,1.152648211
2009,"Political Stability and Absence of Violence, Terrorism",Austria,1.190873981
2008,"Political Stability and Absence of Violence, Terrorism",Austria,1.339270592
2007,"Political Stability and Absence of Violence, Terrorism",Austria,1.284419298
2006,"Political Stability and Absence of Violence, Terrorism",Austria,1.07445085
2005,"Political Stability and Absence of Violence, Terrorism",Austria,1.103950024
2004,"Political Stability and Absence of Violence, Terrorism",Austria,1.0896492
2003,"Political Stability and Absence of Violence, Terrorism",Austria,0.962002456
2002,"Political Stability and Absence of Violence, Terrorism",Austria,1.358955383
2000,"Political Stability and Absence of Violence, Terrorism",Austria,0.822056413
1998,"Political Stability and Absence of Violence, Terrorism",Austria,1.110600591
1996,"Political Stability and Absence of Violence, Terrorism",Austria,1.410462856
2021,"Political Stability and Absence of Violence, Terrorism",Azerbaijan,-0.853478372
2020,"Political Stability and Absence of Violence, Terrorism",Azerbaijan,-0.839061499
2019,"Political Stability and Absence of Violence, Terrorism",Azerbaijan,-0.68591243
2018,"Political Stability and Absence of Violence, Terrorism",Azerbaijan,-0.70675981
2017,"Political Stability and Absence of Violence, Terrorism",Azerbaijan,-0.747919917
2016,"Political Stability and Absence of Violence, Terrorism",Azerbaijan,-0.803879082
2015,"Political Stability and Absence of Violence, Terrorism",Azerbaijan,-0.729565561
2014,"Political Stability and Absence of Violence, Terrorism",Azerbaijan,-0.559909523
2013,"Political Stability and Absence of Violence, Terrorism",Azerbaijan,-0.412859917
2012,"Political Stability and Absence of Violence, Terrorism",Azerbaijan,-0.715751827
2011,"Political Stability and Absence of Violence, Terrorism",Azerbaijan,-0.532135963
2010,"Political Stability and Absence of Violence, Terrorism",Azerbaijan,-0.238546923
2009,"Political Stability and Absence of Violence, Terrorism",Azerbaijan,-0.277853519
2008,"Political Stability and Absence of Violence, Terrorism",Azerbaijan,-0.330349982
2007,"Political Stability and Absence of Violence, Terrorism",Azerbaijan,-0.625996411
2006,"Political Stability and Absence of Violence, Terrorism",Azerbaijan,-1.092682362
2005,"Political Stability and Absence of Violence, Terrorism",Azerbaijan,-1.124819398
2004,"Political Stability and Absence of Violence, Terrorism",Azerbaijan,-1.059811115
2003,"Political Stability and Absence of Violence, Terrorism",Azerbaijan,-0.948100388
2002,"Political Stability and Absence of Violence, Terrorism",Azerbaijan,-1.185364962
2000,"Political Stability and Absence of Violence, Terrorism",Azerbaijan,-0.829794765
1998,"Political Stability and Absence of Violence, Terrorism",Azerbaijan,-0.702288449
1996,"Political Stability and Absence of Violence, Terrorism",Azerbaijan,-0.828929543
2021,"Political Stability and Absence of Violence, Terrorism",Belgium,0.612554729
2020,"Political Stability and Absence of Violence, Terrorism",Belgium,0.543469667
2019,"Political Stability and Absence of Violence, Terrorism",Belgium,0.473777533
2018,"Political Stability and Absence of Violence, Terrorism",Belgium,0.402350128
2017,"Political Stability and Absence of Violence, Terrorism",Belgium,0.428185821
2016,"Political Stability and Absence of Violence, Terrorism",Belgium,0.441367298
2015,"Political Stability and Absence of Violence, Terrorism",Belgium,0.587094605
2014,"Political Stability and Absence of Violence, Terrorism",Belgium,0.701269448
2013,"Political Stability and Absence of Violence, Terrorism",Belgium,0.940082729
2012,"Political Stability and Absence of Violence, Terrorism",Belgium,0.92359972
2011,"Political Stability and Absence of Violence, Terrorism",Belgium,0.954535425
2010,"Political Stability and Absence of Violence, Terrorism",Belgium,0.810646176
2009,"Political Stability and Absence of Violence, Terrorism",Belgium,0.820824683
2008,"Political Stability and Absence of Violence, Terrorism",Belgium,0.620571196
2007,"Political Stability and Absence of Violence, Terrorism",Belgium,0.757325053
2006,"Political Stability and Absence of Violence, Terrorism",Belgium,0.856375813
2005,"Political Stability and Absence of Violence, Terrorism",Belgium,0.793774188
2004,"Political Stability and Absence of Violence, Terrorism",Belgium,0.709136724
2003,"Political Stability and Absence of Violence, Terrorism",Belgium,0.858237803
2002,"Political Stability and Absence of Violence, Terrorism",Belgium,1.260802388
2000,"Political Stability and Absence of Violence, Terrorism",Belgium,1.129811168
1998,"Political Stability and Absence of Violence, Terrorism",Belgium,1.024129868
1996,"Political Stability and Absence of Violence, Terrorism",Belgium,1.288499475
2021,"Political Stability and Absence of Violence, Terrorism",Bulgaria,0.458269119
2020,"Political Stability and Absence of Violence, Terrorism",Bulgaria,0.418060213
2019,"Political Stability and Absence of Violence, Terrorism",Bulgaria,0.578860998
2018,"Political Stability and Absence of Violence, Terrorism",Bulgaria,0.456277937
2017,"Political Stability and Absence of Violence, Terrorism",Bulgaria,0.332049906
2016,"Political Stability and Absence of Violence, Terrorism",Bulgaria,0.077333264
2015,"Political Stability and Absence of Violence, Terrorism",Bulgaria,0.017322188
2014,"Political Stability and Absence of Violence, Terrorism",Bulgaria,0.078540899
2013,"Political Stability and Absence of Violence, Terrorism",Bulgaria,0.170710385
2012,"Political Stability and Absence of Violence, Terrorism",Bulgaria,0.379833996
2011,"Political Stability and Absence of Violence, Terrorism",Bulgaria,0.301750302
2010,"Political Stability and Absence of Violence, Terrorism",Bulgaria,0.36009106
2009,"Political Stability and Absence of Violence, Terrorism",Bulgaria,0.353678972
2008,"Political Stability and Absence of Violence, Terrorism",Bulgaria,0.369860709
2007,"Political Stability and Absence of Violence, Terrorism",Bulgaria,0.357635468
2006,"Political Stability and Absence of Violence, Terrorism",Bulgaria,0.39442119
2005,"Political Stability and Absence of Violence, Terrorism",Bulgaria,0.14727059
2004,"Political Stability and Absence of Violence, Terrorism",Bulgaria,0.003630734
2003,"Political Stability and Absence of Violence, Terrorism",Bulgaria,0.173525497
2002,"Political Stability and Absence of Violence, Terrorism",Bulgaria,0.467512369
2000,"Political Stability and Absence of Violence, Terrorism",Bulgaria,0.377964616
1998,"Political Stability and Absence of Violence, Terrorism",Bulgaria,0.57502526
1996,"Political Stability and Absence of Violence, Terrorism",Bulgaria,-0.091028079
2021,"Political Stability and Absence of Violence, Terrorism",Bosnia and Herzegovina,-0.380582392
2020,"Political Stability and Absence of Violence, Terrorism",Bosnia and Herzegovina,-0.443297356
2019,"Political Stability and Absence of Violence, Terrorism",Bosnia and Herzegovina,-0.418754309
2018,"Political Stability and Absence of Violence, Terrorism",Bosnia and Herzegovina,-0.395599693
2017,"Political Stability and Absence of Violence, Terrorism",Bosnia and Herzegovina,-0.348237306
2016,"Political Stability and Absence of Violence, Terrorism",Bosnia and Herzegovina,-0.397838831
2015,"Political Stability and Absence of Violence, Terrorism",Bosnia and Herzegovina,-0.402437001
2014,"Political Stability and Absence of Violence, Terrorism",Bosnia and Herzegovina,-0.019179042
2013,"Political Stability and Absence of Violence, Terrorism",Bosnia and Herzegovina,-0.404944122
2012,"Political Stability and Absence of Violence, Terrorism",Bosnia and Herzegovina,-0.538148701
2011,"Political Stability and Absence of Violence, Terrorism",Bosnia and Herzegovina,-0.819794893
2010,"Political Stability and Absence of Violence, Terrorism",Bosnia and Herzegovina,-0.693730175
2009,"Political Stability and Absence of Violence, Terrorism",Bosnia and Herzegovina,-0.665914297
2008,"Political Stability and Absence of Violence, Terrorism",Bosnia and Herzegovina,-0.539653778
2007,"Political Stability and Absence of Violence, Terrorism",Bosnia and Herzegovina,-0.631416619
2006,"Political Stability and Absence of Violence, Terrorism",Bosnia and Herzegovina,-0.441336751
2005,"Political Stability and Absence of Violence, Terrorism",Bosnia and Herzegovina,-0.500624359
2004,"Political Stability and Absence of Violence, Terrorism",Bosnia and Herzegovina,0.017319396
2003,"Political Stability and Absence of Violence, Terrorism",Bosnia and Herzegovina,-0.405683517
2002,"Political Stability and Absence of Violence, Terrorism",Bosnia and Herzegovina,-0.163837284
2000,"Political Stability and Absence of Violence, Terrorism",Bosnia and Herzegovina,-0.528393328
1998,"Political Stability and Absence of Violence, Terrorism",Bosnia and Herzegovina,-0.58641547
1996,"Political Stability and Absence of Violence, Terrorism",Bosnia and Herzegovina,-0.594427824
2021,"Political Stability and Absence of Violence, Terrorism",Belarus,-0.736605406
2020,"Political Stability and Absence of Violence, Terrorism",Belarus,-0.895924509
2019,"Political Stability and Absence of Violence, Terrorism",Belarus,0.332389116
2018,"Political Stability and Absence of Violence, Terrorism",Belarus,0.348057151
2017,"Political Stability and Absence of Violence, Terrorism",Belarus,-0.053483382
2016,"Political Stability and Absence of Violence, Terrorism",Belarus,0.142281473
2015,"Political Stability and Absence of Violence, Terrorism",Belarus,0.110016517
2014,"Political Stability and Absence of Violence, Terrorism",Belarus,0.179782152
2013,"Political Stability and Absence of Violence, Terrorism",Belarus,0.005959166
2012,"Political Stability and Absence of Violence, Terrorism",Belarus,0.06861522
2011,"Political Stability and Absence of Violence, Terrorism",Belarus,-0.087769009
2010,"Political Stability and Absence of Violence, Terrorism",Belarus,-0.094990097
2009,"Political Stability and Absence of Violence, Terrorism",Belarus,0.489347756
2008,"Political Stability and Absence of Violence, Terrorism",Belarus,0.521403909
2007,"Political Stability and Absence of Violence, Terrorism",Belarus,0.341008782
2006,"Political Stability and Absence of Violence, Terrorism",Belarus,0.148469687
2005,"Political Stability and Absence of Violence, Terrorism",Belarus,0.360231072
2004,"Political Stability and Absence of Violence, Terrorism",Belarus,0.161766872
2003,"Political Stability and Absence of Violence, Terrorism",Belarus,0.69302994
2002,"Political Stability and Absence of Violence, Terrorism",Belarus,0.30280596
2000,"Political Stability and Absence of Violence, Terrorism",Belarus,0.139502242
1998,"Political Stability and Absence of Violence, Terrorism",Belarus,0.10947556
1996,"Political Stability and Absence of Violence, Terrorism",Belarus,0.093739204
2021,"Political Stability and Absence of Violence, Terrorism",Switzerland,1.131445169
2020,"Political Stability and Absence of Violence, Terrorism",Switzerland,1.191661119
2019,"Political Stability and Absence of Violence, Terrorism",Switzerland,1.32495296
2018,"Political Stability and Absence of Violence, Terrorism",Switzerland,1.333553433
2017,"Political Stability and Absence of Violence, Terrorism",Switzerland,1.256805301
2016,"Political Stability and Absence of Violence, Terrorism",Switzerland,1.306290388
2015,"Political Stability and Absence of Violence, Terrorism",Switzerland,1.339359045
2014,"Political Stability and Absence of Violence, Terrorism",Switzerland,1.402652621
2013,"Political Stability and Absence of Violence, Terrorism",Switzerland,1.401140213
2012,"Political Stability and Absence of Violence, Terrorism",Switzerland,1.418336034
2011,"Political Stability and Absence of Violence, Terrorism",Switzerland,1.300342083
2010,"Political Stability and Absence of Violence, Terrorism",Switzerland,1.258594275
2009,"Political Stability and Absence of Violence, Terrorism",Switzerland,1.307721257
2008,"Political Stability and Absence of Violence, Terrorism",Switzerland,1.222245216
2007,"Political Stability and Absence of Violence, Terrorism",Switzerland,1.234408855
2006,"Political Stability and Absence of Violence, Terrorism",Switzerland,1.268117428
2005,"Political Stability and Absence of Violence, Terrorism",Switzerland,1.196782112
2004,"Political Stability and Absence of Violence, Terrorism",Switzerland,1.227339864
2003,"Political Stability and Absence of Violence, Terrorism",Switzerland,1.246109486
2002,"Political Stability and Absence of Violence, Terrorism",Switzerland,1.542368174
2000,"Political Stability and Absence of Violence, Terrorism",Switzerland,1.578812003
1998,"Political Stability and Absence of Violence, Terrorism",Switzerland,1.439661264
1996,"Political Stability and Absence of Violence, Terrorism",Switzerland,1.456821561
2021,"Political Stability and Absence of Violence, Terrorism",Cyprus,0.443113804
2020,"Political Stability and Absence of Violence, Terrorism",Cyprus,0.308603942
2019,"Political Stability and Absence of Violence, Terrorism",Cyprus,0.557369947
2018,"Political Stability and Absence of Violence, Terrorism",Cyprus,0.491742969
2017,"Political Stability and Absence of Violence, Terrorism",Cyprus,0.53786546
2016,"Political Stability and Absence of Violence, Terrorism",Cyprus,0.604254723
2015,"Political Stability and Absence of Violence, Terrorism",Cyprus,0.550866485
2014,"Political Stability and Absence of Violence, Terrorism",Cyprus,0.551882088
2013,"Political Stability and Absence of Violence, Terrorism",Cyprus,0.563347161
2012,"Political Stability and Absence of Violence, Terrorism",Cyprus,0.635126054
2011,"Political Stability and Absence of Violence, Terrorism",Cyprus,0.607984483
2010,"Political Stability and Absence of Violence, Terrorism",Cyprus,0.452444822
2009,"Political Stability and Absence of Violence, Terrorism",Cyprus,0.390287489
2008,"Political Stability and Absence of Violence, Terrorism",Cyprus,0.639003932
2007,"Political Stability and Absence of Violence, Terrorism",Cyprus,0.537055731
2006,"Political Stability and Absence of Violence, Terrorism",Cyprus,0.539664984
2005,"Political Stability and Absence of Violence, Terrorism",Cyprus,0.517519236
2004,"Political Stability and Absence of Violence, Terrorism",Cyprus,0.380177587
2003,"Political Stability and Absence of Violence, Terrorism",Cyprus,0.532275915
2002,"Political Stability and Absence of Violence, Terrorism",Cyprus,0.199420601
2000,"Political Stability and Absence of Violence, Terrorism",Cyprus,0.517499864
1998,"Political Stability and Absence of Violence, Terrorism",Cyprus,0.222172737
1996,"Political Stability and Absence of Violence, Terrorism",Cyprus,0.38775152
2021,"Political Stability and Absence of Violence, Terrorism",Czechia,0.957600653
2020,"Political Stability and Absence of Violence, Terrorism",Czechia,0.922095716
2019,"Political Stability and Absence of Violence, Terrorism",Czechia,0.943887472
2018,"Political Stability and Absence of Violence, Terrorism",Czechia,1.031982183
2017,"Political Stability and Absence of Violence, Terrorism",Czechia,1.000036478
2016,"Political Stability and Absence of Violence, Terrorism",Czechia,0.976115525
2015,"Political Stability and Absence of Violence, Terrorism",Czechia,0.979189098
2014,"Political Stability and Absence of Violence, Terrorism",Czechia,0.989990473
2013,"Political Stability and Absence of Violence, Terrorism",Czechia,1.084778547
2012,"Political Stability and Absence of Violence, Terrorism",Czechia,1.054106116
2011,"Political Stability and Absence of Violence, Terrorism",Czechia,1.109117627
2010,"Political Stability and Absence of Violence, Terrorism",Czechia,0.989233732
2009,"Political Stability and Absence of Violence, Terrorism",Czechia,0.90582937
2008,"Political Stability and Absence of Violence, Terrorism",Czechia,1.049879551
2007,"Political Stability and Absence of Violence, Terrorism",Czechia,1.015414
2006,"Political Stability and Absence of Violence, Terrorism",Czechia,1.053728819
2005,"Political Stability and Absence of Violence, Terrorism",Czechia,0.936384082
2004,"Political Stability and Absence of Violence, Terrorism",Czechia,0.653875828
2003,"Political Stability and Absence of Violence, Terrorism",Czechia,0.887058139
2002,"Political Stability and Absence of Violence, Terrorism",Czechia,1.044100642
2000,"Political Stability and Absence of Violence, Terrorism",Czechia,0.332739621
1998,"Political Stability and Absence of Violence, Terrorism",Czechia,0.899568975
1996,"Political Stability and Absence of Violence, Terrorism",Czechia,1.147758007
2021,"Political Stability and Absence of Violence, Terrorism",Germany,0.755996048
2020,"Political Stability and Absence of Violence, Terrorism",Germany,0.684574544
2019,"Political Stability and Absence of Violence, Terrorism",Germany,0.574308574
2018,"Political Stability and Absence of Violence, Terrorism",Germany,0.591275334
2017,"Political Stability and Absence of Violence, Terrorism",Germany,0.587721467
2016,"Political Stability and Absence of Violence, Terrorism",Germany,0.681363404
2015,"Political Stability and Absence of Violence, Terrorism",Germany,0.699824274
2014,"Political Stability and Absence of Violence, Terrorism",Germany,0.925186455
2013,"Political Stability and Absence of Violence, Terrorism",Germany,0.92798388
2012,"Political Stability and Absence of Violence, Terrorism",Germany,0.775621295
2011,"Political Stability and Absence of Violence, Terrorism",Germany,0.842218459
2010,"Political Stability and Absence of Violence, Terrorism",Germany,0.796834469
2009,"Political Stability and Absence of Violence, Terrorism",Germany,0.859902501
2008,"Political Stability and Absence of Violence, Terrorism",Germany,0.943830788
2007,"Political Stability and Absence of Violence, Terrorism",Germany,0.995823801
2006,"Political Stability and Absence of Violence, Terrorism",Germany,1.025069594
2005,"Political Stability and Absence of Violence, Terrorism",Germany,0.88891536
2004,"Political Stability and Absence of Violence, Terrorism",Germany,0.638884366
2003,"Political Stability and Absence of Violence, Terrorism",Germany,0.577859223
2002,"Political Stability and Absence of Violence, Terrorism",Germany,1.09601748
2000,"Political Stability and Absence of Violence, Terrorism",Germany,1.411335707
1998,"Political Stability and Absence of Violence, Terrorism",Germany,1.242147803
1996,"Political Stability and Absence of Violence, Terrorism",Germany,1.288499475
2021,"Political Stability and Absence of Violence, Terrorism",Denmark,0.949907005
2020,"Political Stability and Absence of Violence, Terrorism",Denmark,0.950011313
2019,"Political Stability and Absence of Violence, Terrorism",Denmark,0.995625198
2018,"Political Stability and Absence of Violence, Terrorism",Denmark,0.946250618
2017,"Political Stability and Absence of Violence, Terrorism",Denmark,0.868414879
2016,"Political Stability and Absence of Violence, Terrorism",Denmark,0.867915452
2015,"Political Stability and Absence of Violence, Terrorism",Denmark,0.897649825
2014,"Political Stability and Absence of Violence, Terrorism",Denmark,0.951779723
2013,"Political Stability and Absence of Violence, Terrorism",Denmark,0.959233463
2012,"Political Stability and Absence of Violence, Terrorism",Denmark,0.914910674
2011,"Political Stability and Absence of Violence, Terrorism",Denmark,1.10029304
2010,"Political Stability and Absence of Violence, Terrorism",Denmark,1.040961027
2009,"Political Stability and Absence of Violence, Terrorism",Denmark,1.001182675
2008,"Political Stability and Absence of Violence, Terrorism",Denmark,1.065386772
2007,"Political Stability and Absence of Violence, Terrorism",Denmark,1.118189216
2006,"Political Stability and Absence of Violence, Terrorism",Denmark,1.046792865
2005,"Political Stability and Absence of Violence, Terrorism",Denmark,1.073495388
2004,"Political Stability and Absence of Violence, Terrorism",Denmark,1.084337354
2003,"Political Stability and Absence of Violence, Terrorism",Denmark,1.203815699
2002,"Political Stability and Absence of Violence, Terrorism",Denmark,1.52424407
2000,"Political Stability and Absence of Violence, Terrorism",Denmark,1.50106895
1998,"Political Stability and Absence of Violence, Terrorism",Denmark,1.431966305
1996,"Political Stability and Absence of Violence, Terrorism",Denmark,1.441964746
2021,"Political Stability and Absence of Violence, Terrorism",Spain,0.579050899
2020,"Political Stability and Absence of Violence, Terrorism",Spain,0.437478542
2019,"Political Stability and Absence of Violence, Terrorism",Spain,0.310685813
2018,"Political Stability and Absence of Violence, Terrorism",Spain,0.287804037
2017,"Political Stability and Absence of Violence, Terrorism",Spain,0.282884181
2016,"Political Stability and Absence of Violence, Terrorism",Spain,0.413188279
2015,"Political Stability and Absence of Violence, Terrorism",Spain,0.251491189
2014,"Political Stability and Absence of Violence, Terrorism",Spain,0.243121743
2013,"Political Stability and Absence of Violence, Terrorism",Spain,0.012017759
2012,"Political Stability and Absence of Violence, Terrorism",Spain,-0.029516449
2011,"Political Stability and Absence of Violence, Terrorism",Spain,0.021104537
2010,"Political Stability and Absence of Violence, Terrorism",Spain,-0.318043739
2009,"Political Stability and Absence of Violence, Terrorism",Spain,-0.47459957
2008,"Political Stability and Absence of Violence, Terrorism",Spain,-0.383085459
2007,"Political Stability and Absence of Violence, Terrorism",Spain,-0.27673164
2006,"Political Stability and Absence of Violence, Terrorism",Spain,-0.150648654
2005,"Political Stability and Absence of Violence, Terrorism",Spain,0.193026617
2004,"Political Stability and Absence of Violence, Terrorism",Spain,-0.090546302
2003,"Political Stability and Absence of Violence, Terrorism",Spain,-0.047485888
2002,"Political Stability and Absence of Violence, Terrorism",Spain,0.438226074
2000,"Political Stability and Absence of Violence, Terrorism",Spain,0.459468246
1998,"Political Stability and Absence of Violence, Terrorism",Spain,0.132018834
1996,"Political Stability and Absence of Violence, Terrorism",Spain,0.17475751
2021,"Political Stability and Absence of Violence, Terrorism",Estonia,0.755603731
2020,"Political Stability and Absence of Violence, Terrorism",Estonia,0.718465984
2019,"Political Stability and Absence of Violence, Terrorism",Estonia,0.633256257
2018,"Political Stability and Absence of Violence, Terrorism",Estonia,0.587392688
2017,"Political Stability and Absence of Violence, Terrorism",Estonia,0.649775386
2016,"Political Stability and Absence of Violence, Terrorism",Estonia,0.673907757
2015,"Political Stability and Absence of Violence, Terrorism",Estonia,0.620919824
2014,"Political Stability and Absence of Violence, Terrorism",Estonia,0.780257881
2013,"Political Stability and Absence of Violence, Terrorism",Estonia,0.748215437
2012,"Political Stability and Absence of Violence, Terrorism",Estonia,0.636465192
2011,"Political Stability and Absence of Violence, Terrorism",Estonia,0.611041307
2010,"Political Stability and Absence of Violence, Terrorism",Estonia,0.661366999
2009,"Political Stability and Absence of Violence, Terrorism",Estonia,0.567619026
2008,"Political Stability and Absence of Violence, Terrorism",Estonia,0.571973562
2007,"Political Stability and Absence of Violence, Terrorism",Estonia,0.634109557
2006,"Political Stability and Absence of Violence, Terrorism",Estonia,0.736678243
2005,"Political Stability and Absence of Violence, Terrorism",Estonia,0.605274677
2004,"Political Stability and Absence of Violence, Terrorism",Estonia,0.703926206
2003,"Political Stability and Absence of Violence, Terrorism",Estonia,0.894786239
2002,"Political Stability and Absence of Violence, Terrorism",Estonia,0.927854419
2000,"Political Stability and Absence of Violence, Terrorism",Estonia,0.902080297
1998,"Political Stability and Absence of Violence, Terrorism",Estonia,0.657050669
1996,"Political Stability and Absence of Violence, Terrorism",Estonia,0.767924547
2021,"Political Stability and Absence of Violence, Terrorism",Finland,0.981907785
2020,"Political Stability and Absence of Violence, Terrorism",Finland,1.005103469
2019,"Political Stability and Absence of Violence, Terrorism",Finland,0.851656735
2018,"Political Stability and Absence of Violence, Terrorism",Finland,0.908358991
2017,"Political Stability and Absence of Violence, Terrorism",Finland,1.080909133
2016,"Political Stability and Absence of Violence, Terrorism",Finland,0.999086499
2015,"Political Stability and Absence of Violence, Terrorism",Finland,1.040587306
2014,"Political Stability and Absence of Violence, Terrorism",Finland,1.282197237
2013,"Political Stability and Absence of Violence, Terrorism",Finland,1.385172486
2012,"Political Stability and Absence of Violence, Terrorism",Finland,1.400765181
2011,"Political Stability and Absence of Violence, Terrorism",Finland,1.393471003
2010,"Political Stability and Absence of Violence, Terrorism",Finland,1.423606873
2009,"Political Stability and Absence of Violence, Terrorism",Finland,1.459671497
2008,"Political Stability and Absence of Violence, Terrorism",Finland,1.445868373
2007,"Political Stability and Absence of Violence, Terrorism",Finland,1.488697052
2006,"Political Stability and Absence of Violence, Terrorism",Finland,1.501111031
2005,"Political Stability and Absence of Violence, Terrorism",Finland,1.594946861
2004,"Political Stability and Absence of Violence, Terrorism",Finland,1.61962688
2003,"Political Stability and Absence of Violence, Terrorism",Finland,1.687017441
2002,"Political Stability and Absence of Violence, Terrorism",Finland,1.75318408
2000,"Political Stability and Absence of Violence, Terrorism",Finland,1.720112085
1998,"Political Stability and Absence of Violence, Terrorism",Finland,1.473387837
1996,"Political Stability and Absence of Violence, Terrorism",Finland,1.412718773
2021,"Political Stability and Absence of Violence, Terrorism",France,0.371733695
2020,"Political Stability and Absence of Violence, Terrorism",France,0.324910909
2019,"Political Stability and Absence of Violence, Terrorism",France,0.29938224
2018,"Political Stability and Absence of Violence, Terrorism",France,0.029155735
2017,"Political Stability and Absence of Violence, Terrorism",France,0.27907759
2016,"Political Stability and Absence of Violence, Terrorism",France,-0.095359094
2015,"Political Stability and Absence of Violence, Terrorism",France,0.106706373
2014,"Political Stability and Absence of Violence, Terrorism",France,0.300568491
2013,"Political Stability and Absence of Violence, Terrorism",France,0.448744118
2012,"Political Stability and Absence of Violence, Terrorism",France,0.554941535
2011,"Political Stability and Absence of Violence, Terrorism",France,0.602992833
2010,"Political Stability and Absence of Violence, Terrorism",France,0.681087554
2009,"Political Stability and Absence of Violence, Terrorism",France,0.512012899
2008,"Political Stability and Absence of Violence, Terrorism",France,0.543759167
2007,"Political Stability and Absence of Violence, Terrorism",France,0.563000798
2006,"Political Stability and Absence of Violence, Terrorism",France,0.595505774
2005,"Political Stability and Absence of Violence, Terrorism",France,0.399723917
2004,"Political Stability and Absence of Violence, Terrorism",France,0.345115304
2003,"Political Stability and Absence of Violence, Terrorism",France,0.179551065
2002,"Political Stability and Absence of Violence, Terrorism",France,0.924183249
2000,"Political Stability and Absence of Violence, Terrorism",France,0.785089076
1998,"Political Stability and Absence of Violence, Terrorism",France,0.698888779
1996,"Political Stability and Absence of Violence, Terrorism",France,0.887499452
2021,"Political Stability and Absence of Violence, Terrorism",Georgia,-0.423428178
2020,"Political Stability and Absence of Violence, Terrorism",Georgia,-0.415690362
2019,"Political Stability and Absence of Violence, Terrorism",Georgia,-0.488382638
2018,"Political Stability and Absence of Violence, Terrorism",Georgia,-0.44157356
2017,"Political Stability and Absence of Violence, Terrorism",Georgia,-0.370796114
2016,"Political Stability and Absence of Violence, Terrorism",Georgia,-0.31329149
2015,"Political Stability and Absence of Violence, Terrorism",Georgia,-0.466081887
2014,"Political Stability and Absence of Violence, Terrorism",Georgia,-0.321507543
2013,"Political Stability and Absence of Violence, Terrorism",Georgia,-0.441366166
2012,"Political Stability and Absence of Violence, Terrorism",Georgia,-0.680453956
2011,"Political Stability and Absence of Violence, Terrorism",Georgia,-0.656951964
2010,"Political Stability and Absence of Violence, Terrorism",Georgia,-0.718320906
2009,"Political Stability and Absence of Violence, Terrorism",Georgia,-0.965524912
2008,"Political Stability and Absence of Violence, Terrorism",Georgia,-0.919675112
2007,"Political Stability and Absence of Violence, Terrorism",Georgia,-0.645898998
2006,"Political Stability and Absence of Violence, Terrorism",Georgia,-0.966098785
2005,"Political Stability and Absence of Violence, Terrorism",Georgia,-0.755904913
2004,"Political Stability and Absence of Violence, Terrorism",Georgia,-0.864118159
2003,"Political Stability and Absence of Violence, Terrorism",Georgia,-1.299210668
2002,"Political Stability and Absence of Violence, Terrorism",Georgia,-1.192041397
2000,"Political Stability and Absence of Violence, Terrorism",Georgia,-0.812726557
1998,"Political Stability and Absence of Violence, Terrorism",Georgia,-1.638902903
1996,"Political Stability and Absence of Violence, Terrorism",Georgia,-1.570578575
2021,"Political Stability and Absence of Violence, Terrorism",Greece,0.154484168
2020,"Political Stability and Absence of Violence, Terrorism",Greece,0.13121371
2019,"Political Stability and Absence of Violence, Terrorism",Greece,0.181738213
2018,"Political Stability and Absence of Violence, Terrorism",Greece,0.165943772
2017,"Political Stability and Absence of Violence, Terrorism",Greece,-0.073572554
2016,"Political Stability and Absence of Violence, Terrorism",Greece,-0.121599182
2015,"Political Stability and Absence of Violence, Terrorism",Greece,-0.230252355
2014,"Political Stability and Absence of Violence, Terrorism",Greece,-0.140445963
2013,"Political Stability and Absence of Violence, Terrorism",Greece,-0.171341717
2012,"Political Stability and Absence of Violence, Terrorism",Greece,-0.217248693
2011,"Political Stability and Absence of Violence, Terrorism",Greece,-0.098695189
2010,"Political Stability and Absence of Violence, Terrorism",Greece,-0.127206877
2009,"Political Stability and Absence of Violence, Terrorism",Greece,-0.208124295
2008,"Political Stability and Absence of Violence, Terrorism",Greece,0.267854154
2007,"Political Stability and Absence of Violence, Terrorism",Greece,0.523507833
2006,"Political Stability and Absence of Violence, Terrorism",Greece,0.630432785
2005,"Political Stability and Absence of Violence, Terrorism",Greece,0.506524146
2004,"Political Stability and Absence of Violence, Terrorism",Greece,0.489336252
2003,"Political Stability and Absence of Violence, Terrorism",Greece,0.477636367
2002,"Political Stability and Absence of Violence, Terrorism",Greece,0.872591853
2000,"Political Stability and Absence of Violence, Terrorism",Greece,0.808356404
1998,"Political Stability and Absence of Violence, Terrorism",Greece,0.771396816
1996,"Political Stability and Absence of Violence, Terrorism",Greece,0.553863883
2021,"Political Stability and Absence of Violence, Terrorism",Croatia,0.707874298
2020,"Political Stability and Absence of Violence, Terrorism",Croatia,0.611546874
2019,"Political Stability and Absence of Violence, Terrorism",Croatia,0.694699943
2018,"Political Stability and Absence of Violence, Terrorism",Croatia,0.802806497
2017,"Political Stability and Absence of Violence, Terrorism",Croatia,0.69203192
2016,"Political Stability and Absence of Violence, Terrorism",Croatia,0.663769484
2015,"Political Stability and Absence of Violence, Terrorism",Croatia,0.590728045
2014,"Political Stability and Absence of Violence, Terrorism",Croatia,0.619112372
2013,"Political Stability and Absence of Violence, Terrorism",Croatia,0.64266789
2012,"Political Stability and Absence of Violence, Terrorism",Croatia,0.606891453
2011,"Political Stability and Absence of Violence, Terrorism",Croatia,0.62374711
2010,"Political Stability and Absence of Violence, Terrorism",Croatia,0.608463645
2009,"Political Stability and Absence of Violence, Terrorism",Croatia,0.61292696
2008,"Political Stability and Absence of Violence, Terrorism",Croatia,0.57365191
2007,"Political Stability and Absence of Violence, Terrorism",Croatia,0.605396986
2006,"Political Stability and Absence of Violence, Terrorism",Croatia,0.560829282
2005,"Political Stability and Absence of Violence, Terrorism",Croatia,0.434474081
2004,"Political Stability and Absence of Violence, Terrorism",Croatia,0.686754405
2003,"Political Stability and Absence of Violence, Terrorism",Croatia,0.558495879
2002,"Political Stability and Absence of Violence, Terrorism",Croatia,0.628807724
2000,"Political Stability and Absence of Violence, Terrorism",Croatia,0.28022489
1998,"Political Stability and Absence of Violence, Terrorism",Croatia,0.067885965
1996,"Political Stability and Absence of Violence, Terrorism",Croatia,-0.03835905
2021,"Political Stability and Absence of Violence, Terrorism",Hungary,0.861371756
2020,"Political Stability and Absence of Violence, Terrorism",Hungary,0.843145311
2019,"Political Stability and Absence of Violence, Terrorism",Hungary,0.772158086
2018,"Political Stability and Absence of Violence, Terrorism",Hungary,0.747175932
2017,"Political Stability and Absence of Violence, Terrorism",Hungary,0.80656302
2016,"Political Stability and Absence of Violence, Terrorism",Hungary,0.654678643
2015,"Political Stability and Absence of Violence, Terrorism",Hungary,0.746297717
2014,"Political Stability and Absence of Violence, Terrorism",Hungary,0.669904828
2013,"Political Stability and Absence of Violence, Terrorism",Hungary,0.796646118
2012,"Political Stability and Absence of Violence, Terrorism",Hungary,0.67579478
2011,"Political Stability and Absence of Violence, Terrorism",Hungary,0.743254066
2010,"Political Stability and Absence of Violence, Terrorism",Hungary,0.685783744
2009,"Political Stability and Absence of Violence, Terrorism",Hungary,0.536816299
2008,"Political Stability and Absence of Violence, Terrorism",Hungary,0.75026387
2007,"Political Stability and Absence of Violence, Terrorism",Hungary,0.747096717
2006,"Political Stability and Absence of Violence, Terrorism",Hungary,0.98567611
2005,"Political Stability and Absence of Violence, Terrorism",Hungary,1.003100395
2004,"Political Stability and Absence of Violence, Terrorism",Hungary,0.828297615
2003,"Political Stability and Absence of Violence, Terrorism",Hungary,1.131863952
2002,"Political Stability and Absence of Violence, Terrorism",Hungary,1.260672212
2000,"Political Stability and Absence of Violence, Terrorism",Hungary,0.918442905
1998,"Political Stability and Absence of Violence, Terrorism",Hungary,1.219403625
1996,"Political Stability and Absence of Violence, Terrorism",Hungary,1.006688952
2021,"Political Stability and Absence of Violence, Terrorism",Ireland,0.856822491
2020,"Political Stability and Absence of Violence, Terrorism",Ireland,0.978661597
2019,"Political Stability and Absence of Violence, Terrorism",Ireland,0.96638912
2018,"Political Stability and Absence of Violence, Terrorism",Ireland,1.021112323
2017,"Political Stability and Absence of Violence, Terrorism",Ireland,1.00243485
2016,"Political Stability and Absence of Violence, Terrorism",Ireland,0.847818851
2015,"Political Stability and Absence of Violence, Terrorism",Ireland,0.908455491
2014,"Political Stability and Absence of Violence, Terrorism",Ireland,1.052991152
2013,"Political Stability and Absence of Violence, Terrorism",Ireland,0.901075721
2012,"Political Stability and Absence of Violence, Terrorism",Ireland,0.941072702
2011,"Political Stability and Absence of Violence, Terrorism",Ireland,0.948998928
2010,"Political Stability and Absence of Violence, Terrorism",Ireland,1.020165324
2009,"Political Stability and Absence of Violence, Terrorism",Ireland,1.057366014
2008,"Political Stability and Absence of Violence, Terrorism",Ireland,1.18687439
2007,"Political Stability and Absence of Violence, Terrorism",Ireland,1.215192676
2006,"Political Stability and Absence of Violence, Terrorism",Ireland,1.192410588
2005,"Political Stability and Absence of Violence, Terrorism",Ireland,1.298666835
2004,"Political Stability and Absence of Violence, Terrorism",Ireland,1.17082572
2003,"Political Stability and Absence of Violence, Terrorism",Ireland,1.348457694
2002,"Political Stability and Absence of Violence, Terrorism",Ireland,1.50421679
2000,"Political Stability and Absence of Violence, Terrorism",Ireland,1.584100127
1998,"Political Stability and Absence of Violence, Terrorism",Ireland,1.512910008
1996,"Political Stability and Absence of Violence, Terrorism",Ireland,1.343453646
2021,"Political Stability and Absence of Violence, Terrorism",Iceland,1.373475432
2020,"Political Stability and Absence of Violence, Terrorism",Iceland,1.381934285
2019,"Political Stability and Absence of Violence, Terrorism",Iceland,1.639300942
2018,"Political Stability and Absence of Violence, Terrorism",Iceland,1.406389832
2017,"Political Stability and Absence of Violence, Terrorism",Iceland,1.34830904
2016,"Political Stability and Absence of Violence, Terrorism",Iceland,1.361623883
2015,"Political Stability and Absence of Violence, Terrorism",Iceland,1.308164477
2014,"Political Stability and Absence of Violence, Terrorism",Iceland,1.246974587
2013,"Political Stability and Absence of Violence, Terrorism",Iceland,1.287133694
2012,"Political Stability and Absence of Violence, Terrorism",Iceland,1.245032072
2011,"Political Stability and Absence of Violence, Terrorism",Iceland,1.244009733
2010,"Political Stability and Absence of Violence, Terrorism",Iceland,1.022253633
2009,"Political Stability and Absence of Violence, Terrorism",Iceland,1.190887213
2008,"Political Stability and Absence of Violence, Terrorism",Iceland,1.215023875
2007,"Political Stability and Absence of Violence, Terrorism",Iceland,1.485594153
2006,"Political Stability and Absence of Violence, Terrorism",Iceland,1.453826547
2005,"Political Stability and Absence of Violence, Terrorism",Iceland,1.444697142
2004,"Political Stability and Absence of Violence, Terrorism",Iceland,1.457004666
2003,"Political Stability and Absence of Violence, Terrorism",Iceland,1.51723218
2002,"Political Stability and Absence of Violence, Terrorism",Iceland,1.620292544
2000,"Political Stability and Absence of Violence, Terrorism",Iceland,1.575330615
1998,"Political Stability and Absence of Violence, Terrorism",Iceland,1.377105355
1996,"Political Stability and Absence of Violence, Terrorism",Iceland,1.325201988
2021,"Political Stability and Absence of Violence, Terrorism",Italy,0.578433514
2020,"Political Stability and Absence of Violence, Terrorism",Italy,0.428431302
2019,"Political Stability and Absence of Violence, Terrorism",Italy,0.40438509
2018,"Political Stability and Absence of Violence, Terrorism",Italy,0.342383802
2017,"Political Stability and Absence of Violence, Terrorism",Italy,0.306821197
2016,"Political Stability and Absence of Violence, Terrorism",Italy,0.369415313
2015,"Political Stability and Absence of Violence, Terrorism",Italy,0.3759197
2014,"Political Stability and Absence of Violence, Terrorism",Italy,0.458165407
2013,"Political Stability and Absence of Violence, Terrorism",Italy,0.495499194
2012,"Political Stability and Absence of Violence, Terrorism",Italy,0.508217514
2011,"Political Stability and Absence of Violence, Terrorism",Italy,0.501207411
2010,"Political Stability and Absence of Violence, Terrorism",Italy,0.473923683
2009,"Political Stability and Absence of Violence, Terrorism",Italy,0.346905887
2008,"Political Stability and Absence of Violence, Terrorism",Italy,0.547544241
2007,"Political Stability and Absence of Violence, Terrorism",Italy,0.446970046
2006,"Political Stability and Absence of Violence, Terrorism",Italy,0.530733764
2005,"Political Stability and Absence of Violence, Terrorism",Italy,0.489115536
2004,"Political Stability and Absence of Violence, Terrorism",Italy,0.269257694
2003,"Political Stability and Absence of Violence, Terrorism",Italy,0.431488335
2002,"Political Stability and Absence of Violence, Terrorism",Italy,0.838429809
2000,"Political Stability and Absence of Violence, Terrorism",Italy,0.916669428
1998,"Political Stability and Absence of Violence, Terrorism",Italy,1.192702293
1996,"Political Stability and Absence of Violence, Terrorism",Italy,1.110385418
2021,"Political Stability and Absence of Violence, Terrorism",Kazakhstan,-0.254261643
2020,"Political Stability and Absence of Violence, Terrorism",Kazakhstan,-0.256105691
2019,"Political Stability and Absence of Violence, Terrorism",Kazakhstan,-0.168488264
2018,"Political Stability and Absence of Violence, Terrorism",Kazakhstan,-0.045263644
2017,"Political Stability and Absence of Violence, Terrorism",Kazakhstan,0.028801313
2016,"Political Stability and Absence of Violence, Terrorism",Kazakhstan,0.008457476
2015,"Political Stability and Absence of Violence, Terrorism",Kazakhstan,-0.035000283
2014,"Political Stability and Absence of Violence, Terrorism",Kazakhstan,0.036018156
2013,"Political Stability and Absence of Violence, Terrorism",Kazakhstan,-0.402473897
2012,"Political Stability and Absence of Violence, Terrorism",Kazakhstan,-0.408455014
2011,"Political Stability and Absence of Violence, Terrorism",Kazakhstan,-0.338570565
2010,"Political Stability and Absence of Violence, Terrorism",Kazakhstan,0.522971809
2009,"Political Stability and Absence of Violence, Terrorism",Kazakhstan,0.776816249
2008,"Political Stability and Absence of Violence, Terrorism",Kazakhstan,0.626638472
2007,"Political Stability and Absence of Violence, Terrorism",Kazakhstan,0.647996783
2006,"Political Stability and Absence of Violence, Terrorism",Kazakhstan,0.207937807
2005,"Political Stability and Absence of Violence, Terrorism",Kazakhstan,0.190631837
2004,"Political Stability and Absence of Violence, Terrorism",Kazakhstan,0.070387974
2003,"Political Stability and Absence of Violence, Terrorism",Kazakhstan,0.356259912
2002,"Political Stability and Absence of Violence, Terrorism",Kazakhstan,0.358549178
2000,"Political Stability and Absence of Violence, Terrorism",Kazakhstan,0.090090342
1998,"Political Stability and Absence of Violence, Terrorism",Kazakhstan,0.19438383
1996,"Political Stability and Absence of Violence, Terrorism",Kazakhstan,-0.367461205
2021,"Political Stability and Absence of Violence, Terrorism",Kyrgyzstan,-0.425941467
2020,"Political Stability and Absence of Violence, Terrorism",Kyrgyzstan,-0.458461434
2019,"Political Stability and Absence of Violence, Terrorism",Kyrgyzstan,-0.241771638
2018,"Political Stability and Absence of Violence, Terrorism",Kyrgyzstan,-0.538867235
2017,"Political Stability and Absence of Violence, Terrorism",Kyrgyzstan,-0.375253022
2016,"Political Stability and Absence of Violence, Terrorism",Kyrgyzstan,-0.646861911
2015,"Political Stability and Absence of Violence, Terrorism",Kyrgyzstan,-0.882437944
2014,"Political Stability and Absence of Violence, Terrorism",Kyrgyzstan,-0.804615676
2013,"Political Stability and Absence of Violence, Terrorism",Kyrgyzstan,-0.911773801
2012,"Political Stability and Absence of Violence, Terrorism",Kyrgyzstan,-0.911251366
2011,"Political Stability and Absence of Violence, Terrorism",Kyrgyzstan,-1.098030686
2010,"Political Stability and Absence of Violence, Terrorism",Kyrgyzstan,-1.039652348
2009,"Political Stability and Absence of Violence, Terrorism",Kyrgyzstan,-0.622969389
2008,"Political Stability and Absence of Violence, Terrorism",Kyrgyzstan,-0.567302406
2007,"Political Stability and Absence of Violence, Terrorism",Kyrgyzstan,-0.990260482
2006,"Political Stability and Absence of Violence, Terrorism",Kyrgyzstan,-1.385570765
2005,"Political Stability and Absence of Violence, Terrorism",Kyrgyzstan,-1.17442596
2004,"Political Stability and Absence of Violence, Terrorism",Kyrgyzstan,-1.183466911
2003,"Political Stability and Absence of Violence, Terrorism",Kyrgyzstan,-1.099491715
2002,"Political Stability and Absence of Violence, Terrorism",Kyrgyzstan,-0.614730597
2000,"Political Stability and Absence of Violence, Terrorism",Kyrgyzstan,-0.182534769
1998,"Political Stability and Absence of Violence, Terrorism",Kyrgyzstan,-0.166477472
1996,"Political Stability and Absence of Violence, Terrorism",Kyrgyzstan,-0.174339622
2021,"Political Stability and Absence of Violence, Terrorism",Lithuania,0.815429747
2020,"Political Stability and Absence of Violence, Terrorism",Lithuania,0.927757382
2019,"Political Stability and Absence of Violence, Terrorism",Lithuania,0.779812694
2018,"Political Stability and Absence of Violence, Terrorism",Lithuania,0.741042197
2017,"Political Stability and Absence of Violence, Terrorism",Lithuania,0.775797248
2016,"Political Stability and Absence of Violence, Terrorism",Lithuania,0.828279972
2015,"Political Stability and Absence of Violence, Terrorism",Lithuania,0.759793997
2014,"Political Stability and Absence of Violence, Terrorism",Lithuania,0.742136419
2013,"Political Stability and Absence of Violence, Terrorism",Lithuania,0.964532316
2012,"Political Stability and Absence of Violence, Terrorism",Lithuania,0.786209881
2011,"Political Stability and Absence of Violence, Terrorism",Lithuania,0.671200335
2010,"Political Stability and Absence of Violence, Terrorism",Lithuania,0.715260625
2009,"Political Stability and Absence of Violence, Terrorism",Lithuania,0.631581247
2008,"Political Stability and Absence of Violence, Terrorism",Lithuania,0.746765077
2007,"Political Stability and Absence of Violence, Terrorism",Lithuania,0.817851543
2006,"Political Stability and Absence of Violence, Terrorism",Lithuania,0.870995998
2005,"Political Stability and Absence of Violence, Terrorism",Lithuania,0.779100299
2004,"Political Stability and Absence of Violence, Terrorism",Lithuania,0.76600486
2003,"Political Stability and Absence of Violence, Terrorism",Lithuania,1.050185442
2002,"Political Stability and Absence of Violence, Terrorism",Lithuania,0.893210649
2000,"Political Stability and Absence of Violence, Terrorism",Lithuania,0.428785473
1998,"Political Stability and Absence of Violence, Terrorism",Lithuania,0.429658592
1996,"Political Stability and Absence of Violence, Terrorism",Lithuania,0.524631858
2021,"Political Stability and Absence of Violence, Terrorism",Luxembourg,1.20638001
2020,"Political Stability and Absence of Violence, Terrorism",Luxembourg,1.230695248
2019,"Political Stability and Absence of Violence, Terrorism",Luxembourg,1.349190593
2018,"Political Stability and Absence of Violence, Terrorism",Luxembourg,1.362696052
2017,"Political Stability and Absence of Violence, Terrorism",Luxembourg,1.326013207
2016,"Political Stability and Absence of Violence, Terrorism",Luxembourg,1.419484735
2015,"Political Stability and Absence of Violence, Terrorism",Luxembourg,1.439398408
2014,"Political Stability and Absence of Violence, Terrorism",Luxembourg,1.378323793
2013,"Political Stability and Absence of Violence, Terrorism",Luxembourg,1.335248113
2012,"Political Stability and Absence of Violence, Terrorism",Luxembourg,1.331918836
2011,"Political Stability and Absence of Violence, Terrorism",Luxembourg,1.317426801
2010,"Political Stability and Absence of Violence, Terrorism",Luxembourg,1.461218596
2009,"Political Stability and Absence of Violence, Terrorism",Luxembourg,1.450381756
2008,"Political Stability and Absence of Violence, Terrorism",Luxembourg,1.511939526
2007,"Political Stability and Absence of Violence, Terrorism",Luxembourg,1.483718038
2006,"Political Stability and Absence of Violence, Terrorism",Luxembourg,1.399898887
2005,"Political Stability and Absence of Violence, Terrorism",Luxembourg,1.331648588
2004,"Political Stability and Absence of Violence, Terrorism",Luxembourg,1.315435052
2003,"Political Stability and Absence of Violence, Terrorism",Luxembourg,1.44070816
2002,"Political Stability and Absence of Violence, Terrorism",Luxembourg,1.637916565
2000,"Political Stability and Absence of Violence, Terrorism",Luxembourg,1.60547471
1998,"Political Stability and Absence of Violence, Terrorism",Luxembourg,1.385318875
1996,"Political Stability and Absence of Violence, Terrorism",Luxembourg,1.381302357
2021,"Political Stability and Absence of Violence, Terrorism",Latvia,0.687567294
2020,"Political Stability and Absence of Violence, Terrorism",Latvia,0.474999398
2019,"Political Stability and Absence of Violence, Terrorism",Latvia,0.443465203
2018,"Political Stability and Absence of Violence, Terrorism",Latvia,0.407373458
2017,"Political Stability and Absence of Violence, Terrorism",Latvia,0.462217093
2016,"Political Stability and Absence of Violence, Terrorism",Latvia,0.479069233
2015,"Political Stability and Absence of Violence, Terrorism",Latvia,0.443747222
2014,"Political Stability and Absence of Violence, Terrorism",Latvia,0.487268358
2013,"Political Stability and Absence of Violence, Terrorism",Latvia,0.593635261
2012,"Political Stability and Absence of Violence, Terrorism",Latvia,0.453626722
2011,"Political Stability and Absence of Violence, Terrorism",Latvia,0.320002139
2010,"Political Stability and Absence of Violence, Terrorism",Latvia,0.527854025
2009,"Political Stability and Absence of Violence, Terrorism",Latvia,0.348279804
2008,"Political Stability and Absence of Violence, Terrorism",Latvia,0.203508124
2007,"Political Stability and Absence of Violence, Terrorism",Latvia,0.561930537
2006,"Political Stability and Absence of Violence, Terrorism",Latvia,0.838368714
2005,"Political Stability and Absence of Violence, Terrorism",Latvia,0.814021409
2004,"Political Stability and Absence of Violence, Terrorism",Latvia,0.616755247
2003,"Political Stability and Absence of Violence, Terrorism",Latvia,1.001643181
2002,"Political Stability and Absence of Violence, Terrorism",Latvia,0.944357157
2000,"Political Stability and Absence of Violence, Terrorism",Latvia,0.41943416
1998,"Political Stability and Absence of Violence, Terrorism",Latvia,0.0337703
1996,"Political Stability and Absence of Violence, Terrorism",Latvia,0.561403096
2021,"Political Stability and Absence of Violence, Terrorism",Moldova,-0.205520451
2020,"Political Stability and Absence of Violence, Terrorism",Moldova,-0.348765284
2019,"Political Stability and Absence of Violence, Terrorism",Moldova,-0.393239886
2018,"Political Stability and Absence of Violence, Terrorism",Moldova,-0.40448156
2017,"Political Stability and Absence of Violence, Terrorism",Moldova,-0.318989366
2016,"Political Stability and Absence of Violence, Terrorism",Moldova,-0.303559929
2015,"Political Stability and Absence of Violence, Terrorism",Moldova,-0.327440172
2014,"Political Stability and Absence of Violence, Terrorism",Moldova,-0.158987761
2013,"Political Stability and Absence of Violence, Terrorism",Moldova,0.000808572
2012,"Political Stability and Absence of Violence, Terrorism",Moldova,0.046490479
2011,"Political Stability and Absence of Violence, Terrorism",Moldova,-0.049293749
2010,"Political Stability and Absence of Violence, Terrorism",Moldova,-0.381340742
2009,"Political Stability and Absence of Violence, Terrorism",Moldova,-0.583599746
2008,"Political Stability and Absence of Violence, Terrorism",Moldova,-0.26793316
2007,"Political Stability and Absence of Violence, Terrorism",Moldova,-0.014954031
2006,"Political Stability and Absence of Violence, Terrorism",Moldova,-0.369664699
2005,"Political Stability and Absence of Violence, Terrorism",Moldova,-0.40147987
2004,"Political Stability and Absence of Violence, Terrorism",Moldova,-0.219342858
2003,"Political Stability and Absence of Violence, Terrorism",Moldova,-0.131324723
2002,"Political Stability and Absence of Violence, Terrorism",Moldova,-0.156634763
2000,"Political Stability and Absence of Violence, Terrorism",Moldova,-0.42826128
1998,"Political Stability and Absence of Violence, Terrorism",Moldova,0.389240354
1996,"Political Stability and Absence of Violence, Terrorism",Moldova,0.011292184
2021,"Political Stability and Absence of Violence, Terrorism",North Macedonia,0.124911822
2020,"Political Stability and Absence of Violence, Terrorism",North Macedonia,0.108251318
2019,"Political Stability and Absence of Violence, Terrorism",North Macedonia,0.004356337
2018,"Political Stability and Absence of Violence, Terrorism",North Macedonia,-0.208728835
2017,"Political Stability and Absence of Violence, Terrorism",North Macedonia,-0.254332393
2016,"Political Stability and Absence of Violence, Terrorism",North Macedonia,-0.351204664
2015,"Political Stability and Absence of Violence, Terrorism",North Macedonia,-0.287016064
2014,"Political Stability and Absence of Violence, Terrorism",North Macedonia,0.256382942
2013,"Political Stability and Absence of Violence, Terrorism",North Macedonia,-0.416076392
2012,"Political Stability and Absence of Violence, Terrorism",North Macedonia,-0.492649525
2011,"Political Stability and Absence of Violence, Terrorism",North Macedonia,-0.617963791
2010,"Political Stability and Absence of Violence, Terrorism",North Macedonia,-0.518517077
2009,"Political Stability and Absence of Violence, Terrorism",North Macedonia,-0.298555881
2008,"Political Stability and Absence of Violence, Terrorism",North Macedonia,-0.295720577
2007,"Political Stability and Absence of Violence, Terrorism",North Macedonia,-0.426525265
2006,"Political Stability and Absence of Violence, Terrorism",North Macedonia,-0.736575305
2005,"Political Stability and Absence of Violence, Terrorism",North Macedonia,-1.155975223
2004,"Political Stability and Absence of Violence, Terrorism",North Macedonia,-0.851008296
2003,"Political Stability and Absence of Violence, Terrorism",North Macedonia,-0.988194704
2002,"Political Stability and Absence of Violence, Terrorism",North Macedonia,-1.038219452
2000,"Political Stability and Absence of Violence, Terrorism",North Macedonia,-0.614017069
1998,"Political Stability and Absence of Violence, Terrorism",North Macedonia,-0.712693691
1996,"Political Stability and Absence of Violence, Terrorism",North Macedonia,-0.480376542
2021,"Political Stability and Absence of Violence, Terrorism",Malta,0.972675502
2020,"Political Stability and Absence of Violence, Terrorism",Malta,1.014233351
2019,"Political Stability and Absence of Violence, Terrorism",Malta,1.02458334
2018,"Political Stability and Absence of Violence, Terrorism",Malta,1.283979058
2017,"Political Stability and Absence of Violence, Terrorism",Malta,1.249404788
2016,"Political Stability and Absence of Violence, Terrorism",Malta,1.080441356
2015,"Political Stability and Absence of Violence, Terrorism",Malta,1.063938618
2014,"Political Stability and Absence of Violence, Terrorism",Malta,1.125496984
2013,"Political Stability and Absence of Violence, Terrorism",Malta,1.042757869
2012,"Political Stability and Absence of Violence, Terrorism",Malta,1.065075159
2011,"Political Stability and Absence of Violence, Terrorism",Malta,1.06393671
2010,"Political Stability and Absence of Violence, Terrorism",Malta,1.253456235
2009,"Political Stability and Absence of Violence, Terrorism",Malta,1.249360085
2008,"Political Stability and Absence of Violence, Terrorism",Malta,1.27317667
2007,"Political Stability and Absence of Violence, Terrorism",Malta,1.269631863
2006,"Political Stability and Absence of Violence, Terrorism",Malta,1.231257558
2005,"Political Stability and Absence of Violence, Terrorism",Malta,1.380357146
2004,"Political Stability and Absence of Violence, Terrorism",Malta,1.317642331
2003,"Political Stability and Absence of Violence, Terrorism",Malta,1.547776222
2002,"Political Stability and Absence of Violence, Terrorism",Malta,1.598263383
2000,"Political Stability and Absence of Violence, Terrorism",Malta,1.586208701
1998,"Political Stability and Absence of Violence, Terrorism",Malta,1.426385522
1996,"Political Stability and Absence of Violence, Terrorism",Malta,1.325201988
2021,"Political Stability and Absence of Violence, Terrorism",Montenegro,-0.148919776
2020,"Political Stability and Absence of Violence, Terrorism",Montenegro,-0.059554223
2019,"Political Stability and Absence of Violence, Terrorism",Montenegro,0.067673579
2018,"Political Stability and Absence of Violence, Terrorism",Montenegro,0.044278473
2017,"Political Stability and Absence of Violence, Terrorism",Montenegro,-0.057744302
2016,"Political Stability and Absence of Violence, Terrorism",Montenegro,0.27663064
2015,"Political Stability and Absence of Violence, Terrorism",Montenegro,0.140797719
2014,"Political Stability and Absence of Violence, Terrorism",Montenegro,0.219455272
2013,"Political Stability and Absence of Violence, Terrorism",Montenegro,0.504595459
2012,"Political Stability and Absence of Violence, Terrorism",Montenegro,0.596563041
2011,"Political Stability and Absence of Violence, Terrorism",Montenegro,0.565341532
2010,"Political Stability and Absence of Violence, Terrorism",Montenegro,0.584210992
2009,"Political Stability and Absence of Violence, Terrorism",Montenegro,0.817372143
2008,"Political Stability and Absence of Violence, Terrorism",Montenegro,0.767700613
2007,"Political Stability and Absence of Violence, Terrorism",Montenegro,0.108533092
2006,"Political Stability and Absence of Violence, Terrorism",Montenegro,0.047549605
2021,"Political Stability and Absence of Violence, Terrorism",Netherlands,0.915172875
2020,"Political Stability and Absence of Violence, Terrorism",Netherlands,0.859951735
2019,"Political Stability and Absence of Violence, Terrorism",Netherlands,0.847549617
2018,"Political Stability and Absence of Violence, Terrorism",Netherlands,0.85426724
2017,"Political Stability and Absence of Violence, Terrorism",Netherlands,0.921112537
2016,"Political Stability and Absence of Violence, Terrorism",Netherlands,0.912267506
2015,"Political Stability and Absence of Violence, Terrorism",Netherlands,0.926119328
2014,"Political Stability and Absence of Violence, Terrorism",Netherlands,1.045115352
2013,"Political Stability and Absence of Violence, Terrorism",Netherlands,1.143815398
2012,"Political Stability and Absence of Violence, Terrorism",Netherlands,1.187464714
2011,"Political Stability and Absence of Violence, Terrorism",Netherlands,1.113630772
2010,"Political Stability and Absence of Violence, Terrorism",Netherlands,0.940750122
2009,"Political Stability and Absence of Violence, Terrorism",Netherlands,0.945019245
2008,"Political Stability and Absence of Violence, Terrorism",Netherlands,0.863551974
2007,"Political Stability and Absence of Violence, Terrorism",Netherlands,0.778468788
2006,"Political Stability and Absence of Violence, Terrorism",Netherlands,0.902736187
2005,"Political Stability and Absence of Violence, Terrorism",Netherlands,0.988100886
2004,"Political Stability and Absence of Violence, Terrorism",Netherlands,1.016239166
2003,"Political Stability and Absence of Violence, Terrorism",Netherlands,1.16180563
2002,"Political Stability and Absence of Violence, Terrorism",Netherlands,1.302679896
2000,"Political Stability and Absence of Violence, Terrorism",Netherlands,1.758681178
1998,"Political Stability and Absence of Violence, Terrorism",Netherlands,1.594803452
1996,"Political Stability and Absence of Violence, Terrorism",Netherlands,1.526125789
2021,"Political Stability and Absence of Violence, Terrorism",Norway,1.103745222
2020,"Political Stability and Absence of Violence, Terrorism",Norway,1.246279836
2019,"Political Stability and Absence of Violence, Terrorism",Norway,1.170564771
2018,"Political Stability and Absence of Violence, Terrorism",Norway,1.141178608
2017,"Political Stability and Absence of Violence, Terrorism",Norway,1.170478702
2016,"Political Stability and Absence of Violence, Terrorism",Norway,1.200074434
2015,"Political Stability and Absence of Violence, Terrorism",Norway,1.161716104
2014,"Political Stability and Absence of Violence, Terrorism",Norway,1.11995852
2013,"Political Stability and Absence of Violence, Terrorism",Norway,1.352091908
2012,"Political Stability and Absence of Violence, Terrorism",Norway,1.327469826
2011,"Political Stability and Absence of Violence, Terrorism",Norway,1.337976933
2010,"Political Stability and Absence of Violence, Terrorism",Norway,1.332311511
2009,"Political Stability and Absence of Violence, Terrorism",Norway,1.276532531
2008,"Political Stability and Absence of Violence, Terrorism",Norway,1.285434484
2007,"Political Stability and Absence of Violence, Terrorism",Norway,1.145552516
2006,"Political Stability and Absence of Violence, Terrorism",Norway,1.252705693
2005,"Political Stability and Absence of Violence, Terrorism",Norway,1.295277238
2004,"Political Stability and Absence of Violence, Terrorism",Norway,1.196618319
2003,"Political Stability and Absence of Violence, Terrorism",Norway,1.204556227
2002,"Political Stability and Absence of Violence, Terrorism",Norway,1.608346105
2000,"Political Stability and Absence of Violence, Terrorism",Norway,1.533282995
1998,"Political Stability and Absence of Violence, Terrorism",Norway,1.439661264
1996,"Political Stability and Absence of Violence, Terrorism",Norway,1.456821561
2021,"Political Stability and Absence of Violence, Terrorism",Poland,0.512429655
2020,"Political Stability and Absence of Violence, Terrorism",Poland,0.516105413
2019,"Political Stability and Absence of Violence, Terrorism",Poland,0.563653529
2018,"Political Stability and Absence of Violence, Terrorism",Poland,0.492541552
2017,"Political Stability and Absence of Violence, Terrorism",Poland,0.518378258
2016,"Political Stability and Absence of Violence, Terrorism",Poland,0.507241964
2015,"Political Stability and Absence of Violence, Terrorism",Poland,0.874852359
2014,"Political Stability and Absence of Violence, Terrorism",Poland,0.842940807
2013,"Political Stability and Absence of Violence, Terrorism",Poland,0.973354995
2012,"Political Stability and Absence of Violence, Terrorism",Poland,1.04947865
2011,"Political Stability and Absence of Violence, Terrorism",Poland,1.072062969
2010,"Political Stability and Absence of Violence, Terrorism",Poland,1.01733005
2009,"Political Stability and Absence of Violence, Terrorism",Poland,0.938135386
2008,"Political Stability and Absence of Violence, Terrorism",Poland,0.911096275
2007,"Political Stability and Absence of Violence, Terrorism",Poland,0.68284601
2006,"Political Stability and Absence of Violence, Terrorism",Poland,0.354031831
2005,"Political Stability and Absence of Violence, Terrorism",Poland,0.363082945
2004,"Political Stability and Absence of Violence, Terrorism",Poland,0.153857663
2003,"Political Stability and Absence of Violence, Terrorism",Poland,0.578085065
2002,"Political Stability and Absence of Violence, Terrorism",Poland,0.743997812
2000,"Political Stability and Absence of Violence, Terrorism",Poland,0.309305251
1998,"Political Stability and Absence of Violence, Terrorism",Poland,0.838597417
1996,"Political Stability and Absence of Violence, Terrorism",Poland,0.830644667
2021,"Political Stability and Absence of Violence, Terrorism",Portugal,0.952885866
2020,"Political Stability and Absence of Violence, Terrorism",Portugal,1.021689177
2019,"Political Stability and Absence of Violence, Terrorism",Portugal,1.066230536
2018,"Political Stability and Absence of Violence, Terrorism",Portugal,1.129284501
2017,"Political Stability and Absence of Violence, Terrorism",Portugal,1.118587017
2016,"Political Stability and Absence of Violence, Terrorism",Portugal,0.974051416
2015,"Political Stability and Absence of Violence, Terrorism",Portugal,0.917840123
2014,"Political Stability and Absence of Violence, Terrorism",Portugal,0.806274414
2013,"Political Stability and Absence of Violence, Terrorism",Portugal,0.748763442
2012,"Political Stability and Absence of Violence, Terrorism",Portugal,0.775272608
2011,"Political Stability and Absence of Violence, Terrorism",Portugal,0.741739273
2010,"Political Stability and Absence of Violence, Terrorism",Portugal,0.717686951
2009,"Political Stability and Absence of Violence, Terrorism",Portugal,0.787381768
2008,"Political Stability and Absence of Violence, Terrorism",Portugal,0.987546325
2007,"Political Stability and Absence of Violence, Terrorism",Portugal,0.821809351
2006,"Political Stability and Absence of Violence, Terrorism",Portugal,0.952390611
2005,"Political Stability and Absence of Violence, Terrorism",Portugal,1.016647577
2004,"Political Stability and Absence of Violence, Terrorism",Portugal,0.969877243
2003,"Political Stability and Absence of Violence, Terrorism",Portugal,1.289688826
2002,"Political Stability and Absence of Violence, Terrorism",Portugal,1.437048197
2000,"Political Stability and Absence of Violence, Terrorism",Portugal,1.394764066
1998,"Political Stability and Absence of Violence, Terrorism",Portugal,1.369090557
1996,"Political Stability and Absence of Violence, Terrorism",Portugal,1.286039114
2021,"Political Stability and Absence of Violence, Terrorism",Romania,0.533032238
2020,"Political Stability and Absence of Violence, Terrorism",Romania,0.53186214
2019,"Political Stability and Absence of Violence, Terrorism",Romania,0.561702192
2018,"Political Stability and Absence of Violence, Terrorism",Romania,0.046884775
2017,"Political Stability and Absence of Violence, Terrorism",Romania,0.056402251
2016,"Political Stability and Absence of Violence, Terrorism",Romania,0.277196616
2015,"Political Stability and Absence of Violence, Terrorism",Romania,0.189114437
2014,"Political Stability and Absence of Violence, Terrorism",Romania,0.049136128
2013,"Political Stability and Absence of Violence, Terrorism",Romania,0.179133072
2012,"Political Stability and Absence of Violence, Terrorism",Romania,0.082341559
2011,"Political Stability and Absence of Violence, Terrorism",Romania,0.186090663
2010,"Political Stability and Absence of Violence, Terrorism",Romania,0.273600399
2009,"Political Stability and Absence of Violence, Terrorism",Romania,0.359366298
2008,"Political Stability and Absence of Violence, Terrorism",Romania,0.180609092
2007,"Political Stability and Absence of Violence, Terrorism",Romania,0.198067933
2006,"Political Stability and Absence of Violence, Terrorism",Romania,0.148430079
2005,"Political Stability and Absence of Violence, Terrorism",Romania,0.085602649
2004,"Political Stability and Absence of Violence, Terrorism",Romania,0.059348613
2003,"Political Stability and Absence of Violence, Terrorism",Romania,0.320030123
2002,"Political Stability and Absence of Violence, Terrorism",Romania,0.464840323
2000,"Political Stability and Absence of Violence, Terrorism",Romania,-0.379039526
1998,"Political Stability and Absence of Violence, Terrorism",Romania,0.500102222
1996,"Political Stability and Absence of Violence, Terrorism",Romania,0.597966731
2021,"Political Stability and Absence of Violence, Terrorism",Serbia,-0.134225637
2020,"Political Stability and Absence of Violence, Terrorism",Serbia,-0.163741484
2019,"Political Stability and Absence of Violence, Terrorism",Serbia,-0.065950118
2018,"Political Stability and Absence of Violence, Terrorism",Serbia,0.008951124
2017,"Political Stability and Absence of Violence, Terrorism",Serbia,0.086855382
2016,"Political Stability and Absence of Violence, Terrorism",Serbia,0.140153617
2015,"Political Stability and Absence of Violence, Terrorism",Serbia,0.238982022
2014,"Political Stability and Absence of Violence, Terrorism",Serbia,0.184110776
2013,"Political Stability and Absence of Violence, Terrorism",Serbia,-0.075638093
2012,"Political Stability and Absence of Violence, Terrorism",Serbia,-0.217299461
2011,"Political Stability and Absence of Violence, Terrorism",Serbia,-0.282882065
2010,"Political Stability and Absence of Violence, Terrorism",Serbia,-0.421741664
2009,"Political Stability and Absence of Violence, Terrorism",Serbia,-0.47735855
2008,"Political Stability and Absence of Violence, Terrorism",Serbia,-0.542712986
2007,"Political Stability and Absence of Violence, Terrorism",Serbia,-0.591357946
2006,"Political Stability and Absence of Violence, Terrorism",Serbia,-0.53756845
2005,"Political Stability and Absence of Violence, Terrorism",Serbia,-0.762413561
2004,"Political Stability and Absence of Violence, Terrorism",Serbia,-0.507584155
2003,"Political Stability and Absence of Violence, Terrorism",Serbia,-0.582542062
2002,"Political Stability and Absence of Violence, Terrorism",Serbia,-0.512546003
2000,"Political Stability and Absence of Violence, Terrorism",Serbia,-1.643598437
1998,"Political Stability and Absence of Violence, Terrorism",Serbia,-2.142448664
1996,"Political Stability and Absence of Violence, Terrorism",Serbia,-1.034719825
2021,"Political Stability and Absence of Violence, Terrorism",Slovak Republic,0.559577465
2020,"Political Stability and Absence of Violence, Terrorism",Slovak Republic,0.632325232
2019,"Political Stability and Absence of Violence, Terrorism",Slovak Republic,0.66715771
2018,"Political Stability and Absence of Violence, Terrorism",Slovak Republic,0.743443489
2017,"Political Stability and Absence of Violence, Terrorism",Slovak Republic,0.909989417
2016,"Political Stability and Absence of Violence, Terrorism",Slovak Republic,0.721170664
2015,"Political Stability and Absence of Violence, Terrorism",Slovak Republic,0.874545217
2014,"Political Stability and Absence of Violence, Terrorism",Slovak Republic,1.039121151
2013,"Political Stability and Absence of Violence, Terrorism",Slovak Republic,1.119518161
2012,"Political Stability and Absence of Violence, Terrorism",Slovak Republic,1.08840096
2011,"Political Stability and Absence of Violence, Terrorism",Slovak Republic,0.974757314
2010,"Political Stability and Absence of Violence, Terrorism",Slovak Republic,1.053316832
2009,"Political Stability and Absence of Violence, Terrorism",Slovak Republic,0.920496821
2008,"Political Stability and Absence of Violence, Terrorism",Slovak Republic,1.082136154
2007,"Political Stability and Absence of Violence, Terrorism",Slovak Republic,1.036687136
2006,"Political Stability and Absence of Violence, Terrorism",Slovak Republic,0.784178674
2005,"Political Stability and Absence of Violence, Terrorism",Slovak Republic,0.89807272
2004,"Political Stability and Absence of Violence, Terrorism",Slovak Republic,0.593536019
2003,"Political Stability and Absence of Violence, Terrorism",Slovak Republic,0.947933495
2002,"Political Stability and Absence of Violence, Terrorism",Slovak Republic,0.940030038
2000,"Political Stability and Absence of Violence, Terrorism",Slovak Republic,0.663586676
1998,"Political Stability and Absence of Violence, Terrorism",Slovak Republic,1.180254579
1996,"Political Stability and Absence of Violence, Terrorism",Slovak Republic,0.878931701
2021,"Political Stability and Absence of Violence, Terrorism",Slovenia,0.760043502
2020,"Political Stability and Absence of Violence, Terrorism",Slovenia,0.710935533
2019,"Political Stability and Absence of Violence, Terrorism",Slovenia,0.807429194
2018,"Political Stability and Absence of Violence, Terrorism",Slovenia,0.901137114
2017,"Political Stability and Absence of Violence, Terrorism",Slovenia,0.873399794
2016,"Political Stability and Absence of Violence, Terrorism",Slovenia,0.990436018
2015,"Political Stability and Absence of Violence, Terrorism",Slovenia,0.953392744
2014,"Political Stability and Absence of Violence, Terrorism",Slovenia,0.965773404
2013,"Political Stability and Absence of Violence, Terrorism",Slovenia,0.88225168
2012,"Political Stability and Absence of Violence, Terrorism",Slovenia,0.935110688
2011,"Political Stability and Absence of Violence, Terrorism",Slovenia,0.969209671
2010,"Political Stability and Absence of Violence, Terrorism",Slovenia,0.866508842
2009,"Political Stability and Absence of Violence, Terrorism",Slovenia,0.936905801
2008,"Political Stability and Absence of Violence, Terrorism",Slovenia,1.149374366
2007,"Political Stability and Absence of Violence, Terrorism",Slovenia,1.098629355
2006,"Political Stability and Absence of Violence, Terrorism",Slovenia,1.085729003
2005,"Political Stability and Absence of Violence, Terrorism",Slovenia,1.092811227
2004,"Political Stability and Absence of Violence, Terrorism",Slovenia,1.081613421
2003,"Political Stability and Absence of Violence, Terrorism",Slovenia,1.18649447
2002,"Political Stability and Absence of Violence, Terrorism",Slovenia,1.303833246
2000,"Political Stability and Absence of Violence, Terrorism",Slovenia,0.886789322
1998,"Political Stability and Absence of Violence, Terrorism",Slovenia,1.243130565
1996,"Political Stability and Absence of Violence, Terrorism",Slovenia,1.311726332
2021,"Political Stability and Absence of Violence, Terrorism",Sweden,1.034035444
2020,"Political Stability and Absence of Violence, Terrorism",Sweden,1.026380301
2019,"Political Stability and Absence of Violence, Terrorism",Sweden,1.039472699
2018,"Political Stability and Absence of Violence, Terrorism",Sweden,0.940556705
2017,"Political Stability and Absence of Violence, Terrorism",Sweden,0.984416783
2016,"Political Stability and Absence of Violence, Terrorism",Sweden,1.017940879
2015,"Political Stability and Absence of Violence, Terrorism",Sweden,0.947106421
2014,"Political Stability and Absence of Violence, Terrorism",Sweden,1.065414786
2013,"Political Stability and Absence of Violence, Terrorism",Sweden,1.127778053
2012,"Political Stability and Absence of Violence, Terrorism",Sweden,1.170597196
2011,"Political Stability and Absence of Violence, Terrorism",Sweden,1.230688095
2010,"Political Stability and Absence of Violence, Terrorism",Sweden,1.094170451
2009,"Political Stability and Absence of Violence, Terrorism",Sweden,1.084638238
2008,"Political Stability and Absence of Violence, Terrorism",Sweden,1.128336549
2007,"Political Stability and Absence of Violence, Terrorism",Sweden,1.271478295
2006,"Political Stability and Absence of Violence, Terrorism",Sweden,1.293933988
2005,"Political Stability and Absence of Violence, Terrorism",Sweden,1.299904823
2004,"Political Stability and Absence of Violence, Terrorism",Sweden,1.362226844
2003,"Political Stability and Absence of Violence, Terrorism",Sweden,1.341613293
2002,"Political Stability and Absence of Violence, Terrorism",Sweden,1.475257516
2000,"Political Stability and Absence of Violence, Terrorism",Sweden,1.391772032
1998,"Political Stability and Absence of Violence, Terrorism",Sweden,1.399189591
1996,"Political Stability and Absence of Violence, Terrorism",Sweden,1.456821561
2021,"Political Stability and Absence of Violence, Terrorism",Tajikistan,-0.607831001
2020,"Political Stability and Absence of Violence, Terrorism",Tajikistan,-0.506825924
2019,"Political Stability and Absence of Violence, Terrorism",Tajikistan,-0.520874679
2018,"Political Stability and Absence of Violence, Terrorism",Tajikistan,-0.747465432
2017,"Political Stability and Absence of Violence, Terrorism",Tajikistan,-0.673529148
2016,"Political Stability and Absence of Violence, Terrorism",Tajikistan,-0.77775985
2015,"Political Stability and Absence of Violence, Terrorism",Tajikistan,-0.882642269
2014,"Political Stability and Absence of Violence, Terrorism",Tajikistan,-0.693340778
2013,"Political Stability and Absence of Violence, Terrorism",Tajikistan,-1.182374001
2012,"Political Stability and Absence of Violence, Terrorism",Tajikistan,-1.240859747
2011,"Political Stability and Absence of Violence, Terrorism",Tajikistan,-1.023233891
2010,"Political Stability and Absence of Violence, Terrorism",Tajikistan,-1.034538388
2009,"Political Stability and Absence of Violence, Terrorism",Tajikistan,-1.025394559
2008,"Political Stability and Absence of Violence, Terrorism",Tajikistan,-0.830599308
2007,"Political Stability and Absence of Violence, Terrorism",Tajikistan,-0.752052188
2006,"Political Stability and Absence of Violence, Terrorism",Tajikistan,-1.386144876
2005,"Political Stability and Absence of Violence, Terrorism",Tajikistan,-1.392462134
2004,"Political Stability and Absence of Violence, Terrorism",Tajikistan,-1.307453394
2003,"Political Stability and Absence of Violence, Terrorism",Tajikistan,-1.099491715
2002,"Political Stability and Absence of Violence, Terrorism",Tajikistan,-0.982307971
2000,"Political Stability and Absence of Violence, Terrorism",Tajikistan,-1.647763491
1998,"Political Stability and Absence of Violence, Terrorism",Tajikistan,-1.841549754
1996,"Political Stability and Absence of Violence, Terrorism",Tajikistan,-2.11674881
2021,"Political Stability and Absence of Violence, Terrorism",Turkmenistan,-0.31902495
2020,"Political Stability and Absence of Violence, Terrorism",Turkmenistan,-0.200595751
2019,"Political Stability and Absence of Violence, Terrorism",Turkmenistan,-0.185278386
2018,"Political Stability and Absence of Violence, Terrorism",Turkmenistan,-0.01283655
2017,"Political Stability and Absence of Violence, Terrorism",Turkmenistan,-0.12590234
2016,"Political Stability and Absence of Violence, Terrorism",Turkmenistan,-0.189692512
2015,"Political Stability and Absence of Violence, Terrorism",Turkmenistan,-0.087798864
2014,"Political Stability and Absence of Violence, Terrorism",Turkmenistan,0.074206032
2013,"Political Stability and Absence of Violence, Terrorism",Turkmenistan,0.2490955
2012,"Political Stability and Absence of Violence, Terrorism",Turkmenistan,0.42808789
2011,"Political Stability and Absence of Violence, Terrorism",Turkmenistan,0.234129071
2010,"Political Stability and Absence of Violence, Terrorism",Turkmenistan,0.334105611
2009,"Political Stability and Absence of Violence, Terrorism",Turkmenistan,0.485472977
2008,"Political Stability and Absence of Violence, Terrorism",Turkmenistan,0.537688017
2007,"Political Stability and Absence of Violence, Terrorism",Turkmenistan,0.277233392
2006,"Political Stability and Absence of Violence, Terrorism",Turkmenistan,-0.244654402
2005,"Political Stability and Absence of Violence, Terrorism",Turkmenistan,0.07271339
2004,"Political Stability and Absence of Violence, Terrorism",Turkmenistan,-0.115211934
2003,"Political Stability and Absence of Violence, Terrorism",Turkmenistan,0.053215541
2002,"Political Stability and Absence of Violence, Terrorism",Turkmenistan,0.070417747
2000,"Political Stability and Absence of Violence, Terrorism",Turkmenistan,0.008447062
1998,"Political Stability and Absence of Violence, Terrorism",Turkmenistan,0.197645247
1996,"Political Stability and Absence of Violence, Terrorism",Turkmenistan,0.449250609
2021,"Political Stability and Absence of Violence, Terrorism",Türkiye,-1.098093987
2020,"Political Stability and Absence of Violence, Terrorism",Türkiye,-1.136895299
2019,"Political Stability and Absence of Violence, Terrorism",Türkiye,-1.371727586
2018,"Political Stability and Absence of Violence, Terrorism",Türkiye,-1.318893433
2017,"Political Stability and Absence of Violence, Terrorism",Türkiye,-1.788513899
2016,"Political Stability and Absence of Violence, Terrorism",Türkiye,-2.009063005
2015,"Political Stability and Absence of Violence, Terrorism",Türkiye,-1.493914008
2014,"Political Stability and Absence of Violence, Terrorism",Türkiye,-1.086035967
2013,"Political Stability and Absence of Violence, Terrorism",Türkiye,-1.249932528
2012,"Political Stability and Absence of Violence, Terrorism",Türkiye,-1.22053194
2011,"Political Stability and Absence of Violence, Terrorism",Türkiye,-0.959997058
2010,"Political Stability and Absence of Violence, Terrorism",Türkiye,-0.915285528
2009,"Political Stability and Absence of Violence, Terrorism",Türkiye,-1.030790567
2008,"Political Stability and Absence of Violence, Terrorism",Türkiye,-0.823874354
2007,"Political Stability and Absence of Violence, Terrorism",Türkiye,-0.819362879
2006,"Political Stability and Absence of Violence, Terrorism",Türkiye,-0.590213001
2005,"Political Stability and Absence of Violence, Terrorism",Türkiye,-0.601551175
2004,"Political Stability and Absence of Violence, Terrorism",Türkiye,-0.833764553
2003,"Political Stability and Absence of Violence, Terrorism",Türkiye,-0.766690612
2002,"Political Stability and Absence of Violence, Terrorism",Türkiye,-0.803475082
2000,"Political Stability and Absence of Violence, Terrorism",Türkiye,-0.80017364
1998,"Political Stability and Absence of Violence, Terrorism",Türkiye,-1.231111765
1996,"Political Stability and Absence of Violence, Terrorism",Türkiye,-1.258745909
2021,"Political Stability and Absence of Violence, Terrorism",Ukraine,-1.098818898
2020,"Political Stability and Absence of Violence, Terrorism",Ukraine,-1.137996554
2019,"Political Stability and Absence of Violence, Terrorism",Ukraine,-1.423575878
2018,"Political Stability and Absence of Violence, Terrorism",Ukraine,-1.869737387
2017,"Political Stability and Absence of Violence, Terrorism",Ukraine,-1.870537519
2016,"Political Stability and Absence of Violence, Terrorism",Ukraine,-1.856479883
2015,"Political Stability and Absence of Violence, Terrorism",Ukraine,-1.961800098
2014,"Political Stability and Absence of Violence, Terrorism",Ukraine,-2.020833492
2013,"Political Stability and Absence of Violence, Terrorism",Ukraine,-0.77728498
2012,"Political Stability and Absence of Violence, Terrorism",Ukraine,-0.092274904
2011,"Political Stability and Absence of Violence, Terrorism",Ukraine,-0.070431463
2010,"Political Stability and Absence of Violence, Terrorism",Ukraine,0.013131719
2009,"Political Stability and Absence of Violence, Terrorism",Ukraine,-0.302319407
2008,"Political Stability and Absence of Violence, Terrorism",Ukraine,0.042514395
2007,"Political Stability and Absence of Violence, Terrorism",Ukraine,0.172825918
2006,"Political Stability and Absence of Violence, Terrorism",Ukraine,-0.036877617
2005,"Political Stability and Absence of Violence, Terrorism",Ukraine,-0.285366565
2004,"Political Stability and Absence of Violence, Terrorism",Ukraine,-0.471536189
2003,"Political Stability and Absence of Violence, Terrorism",Ukraine,-0.363617957
2002,"Political Stability and Absence of Violence, Terrorism",Ukraine,-0.293485135
2000,"Political Stability and Absence of Violence, Terrorism",Ukraine,-0.409486443
1998,"Political Stability and Absence of Violence, Terrorism",Ukraine,-0.120933816
1996,"Political Stability and Absence of Violence, Terrorism",Ukraine,-0.152148813
2021,"Political Stability and Absence of Violence, Terrorism",Uzbekistan,-0.239797637
2020,"Political Stability and Absence of Violence, Terrorism",Uzbekistan,-0.429463804
2019,"Political Stability and Absence of Violence, Terrorism",Uzbekistan,-0.284819692
2018,"Political Stability and Absence of Violence, Terrorism",Uzbekistan,-0.295807242
2017,"Political Stability and Absence of Violence, Terrorism",Uzbekistan,-0.237850487
2016,"Political Stability and Absence of Violence, Terrorism",Uzbekistan,-0.272570699
2015,"Political Stability and Absence of Violence, Terrorism",Uzbekistan,-0.373036414
2014,"Political Stability and Absence of Violence, Terrorism",Uzbekistan,-0.273108631
2013,"Political Stability and Absence of Violence, Terrorism",Uzbekistan,-0.53607899
2012,"Political Stability and Absence of Violence, Terrorism",Uzbekistan,-0.518739343
2011,"Political Stability and Absence of Violence, Terrorism",Uzbekistan,-0.599719346
2010,"Political Stability and Absence of Violence, Terrorism",Uzbekistan,-0.720438123
2009,"Political Stability and Absence of Violence, Terrorism",Uzbekistan,-0.950552523
2008,"Political Stability and Absence of Violence, Terrorism",Uzbekistan,-1.207106471
2007,"Political Stability and Absence of Violence, Terrorism",Uzbekistan,-1.362033367
2006,"Political Stability and Absence of Violence, Terrorism",Uzbekistan,-1.784659505
2005,"Political Stability and Absence of Violence, Terrorism",Uzbekistan,-1.957895637
2004,"Political Stability and Absence of Violence, Terrorism",Uzbekistan,-1.455516696
2003,"Political Stability and Absence of Violence, Terrorism",Uzbekistan,-1.29919517
2002,"Political Stability and Absence of Violence, Terrorism",Uzbekistan,-1.056883574
2000,"Political Stability and Absence of Violence, Terrorism",Uzbekistan,-1.301950455
1998,"Political Stability and Absence of Violence, Terrorism",Uzbekistan,-0.68304944
1996,"Political Stability and Absence of Violence, Terrorism",Uzbekistan,-0.543731749
2021,"Political Stability and Absence of Violence, Terrorism",Kosovo⁎,-0.120379224
2020,"Political Stability and Absence of Violence, Terrorism",Kosovo⁎,-0.260956258
2019,"Political Stability and Absence of Violence, Terrorism",Kosovo⁎,-0.331690282
2018,"Political Stability and Absence of Violence, Terrorism",Kosovo⁎,-0.673299015
2017,"Political Stability and Absence of Violence, Terrorism",Kosovo⁎,-0.246099919
2016,"Political Stability and Absence of Violence, Terrorism",Kosovo⁎,-0.282406956
2015,"Political Stability and Absence of Violence, Terrorism",Kosovo⁎,-0.199357048
2014,"Political Stability and Absence of Violence, Terrorism",Kosovo⁎,-0.340774536
2013,"Political Stability and Absence of Violence, Terrorism",Kosovo⁎,-0.966146648
2012,"Political Stability and Absence of Violence, Terrorism",Kosovo⁎,-1.038502336
2011,"Political Stability and Absence of Violence, Terrorism",Kosovo⁎,-1.04214704
2010,"Political Stability and Absence of Violence, Terrorism",Kosovo⁎,-1.044821143
2009,"Political Stability and Absence of Violence, Terrorism",Kosovo⁎,0.430509388
2008,"Political Stability and Absence of Violence, Terrorism",Kosovo⁎,1.012082815
