Year,SeriesCode,Country,Age,Sex,Value
2019,VC_HTF_DETVSXR,Belgium,18+,Male,1.05
2020,VC_HTF_DETVSXR,Belgium,ALLAGE,Both sexes,0.31
2020,VC_HTF_DETVSXR,Belgium,18+,Both sexes,0.39
2020,VC_HTF_DETVSXR,Belgium,18+,Male,0.77
2005,VC_HTF_DETVSXR,Bosnia and Herzegovina,ALLAGE,Both sexes,1.59
2006,VC_HTF_DETVSXR,Bosnia and Herzegovina,ALLAGE,Both sexes,1.7
2010,VC_HTF_DETVSXR,Bosnia and Herzegovina,ALLAGE,Both sexes,0.21
2011,VC_HTF_DETVSXR,Bosnia and Herzegovina,ALLAGE,Both sexes,0.48
2012,VC_HTF_DETVSXR,Bosnia and Herzegovina,ALLAGE,Both sexes,0.54
2014,VC_HTF_DETVSXR,Bosnia and Herzegovina,<18Y,Male,1.72
2014,VC_HTF_DETVSXR,Bosnia and Herzegovina,ALLAGE,Both sexes,0.28
2015,VC_HTF_DETVSXR,Bosnia and Herzegovina,ALLAGE,Both sexes,0.17
2015,VC_HTF_DETVSXR,Bosnia and Herzegovina,18+,Male,0.43
2016,VC_HTF_DETVSXR,Bosnia and Herzegovina,18+,Male,0.51
2016,VC_HTF_DETVSXR,Bosnia and Herzegovina,ALLAGE,Both sexes,0.2
2017,VC_HTF_DETVSXR,Bosnia and Herzegovina,ALLAGE,Both sexes,0.29
2018,VC_HTF_DETVSXR,Bosnia and Herzegovina,ALLAGE,Both sexes,0.26
2016,VC_HTF_DETVSXR,Mexico,ALLAGE,Both sexes,0.59
2016,VC_HTF_DETVSXR,Mexico,18+,Male,1.2
2017,VC_HTF_DETVSXR,Mexico,18+,Male,1.04
2017,VC_HTF_DETVSXR,Mexico,18+,Female,0.09
2017,VC_HTF_DETVSXR,Mexico,<18Y,Female,0.12
2017,VC_HTF_DETVSXR,Mexico,<18Y,Male,0.83
2017,VC_HTF_DETVSXR,Mexico,ALLAGE,Both sexes,0.53
2018,VC_HTF_DETVSXR,Mexico,ALLAGE,Both sexes,0.24
2018,VC_HTF_DETVSXR,Mexico,<18Y,Male,0.42
2018,VC_HTF_DETVSXR,Mexico,<18Y,Female,0.11
2018,VC_HTF_DETVSXR,Mexico,18+,Male,0.47
2020,VC_HTF_DETVSXR,Mexico,ALLAGE,Both sexes,0.42
2006,VC_HTF_DETVSXR,Moldova,ALLAGE,Both sexes,21.79
2007,VC_HTF_DETVSXR,Moldova,ALLAGE,Both sexes,5.62
2008,VC_HTF_DETVSXR,Moldova,ALLAGE,Both sexes,5.38
2019,VC_HTF_DETVSXR,Bosnia and Herzegovina,ALLAGE,Both sexes,0.45
2020,VC_HTF_DETVSXR,Bosnia and Herzegovina,ALLAGE,Both sexes,0.51
2007,VC_HTF_DETVSXR,Bulgaria,ALLAGE,Both sexes,3.41
2008,VC_HTF_DETVSXR,Bulgaria,ALLAGE,Both sexes,2.51
2009,VC_HTF_DETVSXR,Bulgaria,ALLAGE,Both sexes,3.82
2010,VC_HTF_DETVSXR,Bulgaria,ALLAGE,Both sexes,4.7
2011,VC_HTF_DETVSXR,Bulgaria,ALLAGE,Both sexes,5.22
2012,VC_HTF_DETVSXR,Bulgaria,ALLAGE,Both sexes,6.16
2009,VC_HTF_DETVSXR,Moldova,ALLAGE,Both sexes,3.68
2012,VC_HTF_DETVSXR,Moldova,ALLAGE,Both sexes,3.99
2013,VC_HTF_DETVSXR,Moldova,ALLAGE,Both sexes,3.83
2014,VC_HTF_DETVSXR,Moldova,18+,Male,8.0
2014,VC_HTF_DETVSXR,Moldova,ALLAGE,Both sexes,3.47
2014,VC_HTF_DETVSXR,Moldova,<18Y,Male,4.97
2015,VC_HTF_DETVSXR,Moldova,18+,Male,7.5
2015,VC_HTF_DETVSXR,Moldova,<18Y,Male,13.37
2013,VC_HTF_DETVSXR,Bulgaria,ALLAGE,Both sexes,5.76
2014,VC_HTF_DETVSXR,Bulgaria,ALLAGE,Both sexes,5.55
2014,VC_HTF_DETVSXR,Bulgaria,<18Y,Male,4.45
2014,VC_HTF_DETVSXR,Bulgaria,<18Y,Female,1.67
2014,VC_HTF_DETVSXR,Bulgaria,18+,Male,12.57
2015,VC_HTF_DETVSXR,Bulgaria,ALLAGE,Both sexes,4.3
2015,VC_HTF_DETVSXR,Bulgaria,<18Y,Male,3.83
2015,VC_HTF_DETVSXR,Bulgaria,18+,Male,9.84
2016,VC_HTF_DETVSXR,Bulgaria,<18Y,Male,3.2
2016,VC_HTF_DETVSXR,Bulgaria,ALLAGE,Both sexes,4.54
2016,VC_HTF_DETVSXR,Bulgaria,18+,Male,10.32
2016,VC_HTF_DETVSXR,Bulgaria,18+,Female,0.32
2017,VC_HTF_DETVSXR,Bulgaria,ALLAGE,Both sexes,4.5
2017,VC_HTF_DETVSXR,Bulgaria,18+,Female,0.22
2017,VC_HTF_DETVSXR,Bulgaria,18+,Male,9.93
2017,VC_HTF_DETVSXR,Bulgaria,<18Y,Male,5.16
2018,VC_HTF_DETVSXR,Bulgaria,<18Y,Male,7.99
2018,VC_HTF_DETVSXR,Bulgaria,ALLAGE,Both sexes,4.34
2018,VC_HTF_DETVSXR,Bulgaria,18+,Male,9.09
2019,VC_HTF_DETVSXR,Bulgaria,ALLAGE,Both sexes,3.97
2020,VC_HTF_DETVSXR,Bulgaria,18+,Both sexes,5.37
2020,VC_HTF_DETVSXR,Bulgaria,<18Y,Male,3.99
2020,VC_HTF_DETVSXR,Bulgaria,ALLAGE,Both sexes,4.81
2020,VC_HTF_DETVSXR,Bulgaria,18+,Male,11.1
2020,VC_HTF_DETVSXR,Bulgaria,<18Y,Both sexes,2.05
2021,VC_HTF_DETVSXR,Bulgaria,ALLAGE,Both sexes,4.1
2003,VC_HTF_DETVSXR,Belarus,ALLAGE,Both sexes,3.48
2004,VC_HTF_DETVSXR,Belarus,ALLAGE,Both sexes,4.0
2005,VC_HTF_DETVSXR,Belarus,ALLAGE,Both sexes,3.67
2006,VC_HTF_DETVSXR,Belarus,ALLAGE,Both sexes,10.24
2007,VC_HTF_DETVSXR,Belarus,ALLAGE,Both sexes,3.85
2005,VC_HTF_DETVSXR,Albania,ALLAGE,Both sexes,2.04
2006,VC_HTF_DETVSXR,Albania,ALLAGE,Both sexes,1.9
2008,VC_HTF_DETVSXR,Albania,ALLAGE,Both sexes,3.66
2009,VC_HTF_DETVSXR,Albania,ALLAGE,Both sexes,3.21
2015,VC_HTF_DETVSXR,Albania,ALLAGE,Both sexes,1.98
2016,VC_HTF_DETVSXR,Albania,ALLAGE,Both sexes,2.57
2017,VC_HTF_DETVSXR,Albania,ALLAGE,Both sexes,1.88
2017,VC_HTF_DETVSXR,Albania,<18Y,Male,5.25
2017,VC_HTF_DETVSXR,Albania,18+,Male,3.48
2017,VC_HTF_DETVSXR,Albania,18+,Both sexes,1.73
2017,VC_HTF_DETVSXR,Albania,<18Y,Both sexes,2.7
2018,VC_HTF_DETVSXR,Albania,18+,Male,1.95
2018,VC_HTF_DETVSXR,Albania,18+,Both sexes,0.97
2018,VC_HTF_DETVSXR,Albania,<18Y,Both sexes,2.45
2018,VC_HTF_DETVSXR,Albania,ALLAGE,Both sexes,1.29
2018,VC_HTF_DETVSXR,Albania,<18Y,Male,4.77
2019,VC_HTF_DETVSXR,Albania,<18Y,Male,10.75
2019,VC_HTF_DETVSXR,Albania,18+,Male,2.83
2015,VC_HTF_DETVSXR,Moldova,ALLAGE,Both sexes,4.21
2016,VC_HTF_DETVSXR,Moldova,<18Y,Male,6.98
2016,VC_HTF_DETVSXR,Moldova,ALLAGE,Both sexes,2.85
2016,VC_HTF_DETVSXR,Moldova,18+,Male,5.7
2017,VC_HTF_DETVSXR,Moldova,<18Y,Female,7.48
2017,VC_HTF_DETVSXR,Moldova,18+,Both sexes,3.84
2017,VC_HTF_DETVSXR,Moldova,18+,Female,7.04
2017,VC_HTF_DETVSXR,Moldova,<18Y,Both sexes,4.68
2019,VC_HTF_DETVSXR,Albania,ALLAGE,Both sexes,2.26
2019,VC_HTF_DETVSXR,Albania,<18Y,Both sexes,5.5
2019,VC_HTF_DETVSXR,Albania,18+,Both sexes,1.41
2020,VC_HTF_DETVSXR,Albania,ALLAGE,Both sexes,1.67
2020,VC_HTF_DETVSXR,Albania,18+,Both sexes,1.01
2020,VC_HTF_DETVSXR,Albania,18+,Male,2.03
2017,VC_HTF_DETVSXR,Moldova,ALLAGE,Both sexes,2.45
2017,VC_HTF_DETVSXR,Moldova,<18Y,Male,1.96
2018,VC_HTF_DETVSXR,Moldova,18+,Male,4.58
2018,VC_HTF_DETVSXR,Moldova,ALLAGE,Both sexes,2.96
2018,VC_HTF_DETVSXR,Moldova,<18Y,Male,10.34
2018,VC_HTF_DETVSXR,Moldova,<18Y,Both sexes,4.26
2018,VC_HTF_DETVSXR,Moldova,18+,Both sexes,4.19
2019,VC_HTF_DETVSXR,Moldova,<18Y,Female,5.19
2019,VC_HTF_DETVSXR,Moldova,<18Y,Male,2.79
2019,VC_HTF_DETVSXR,Moldova,<18Y,Both sexes,3.97
2019,VC_HTF_DETVSXR,Moldova,18+,Female,7.16
2020,VC_HTF_DETVSXR,Albania,<18Y,Male,8.0
2020,VC_HTF_DETVSXR,Albania,<18Y,Both sexes,4.26
2021,VC_HTF_DETVSXR,Albania,ALLAGE,Both sexes,2.07
2006,VC_HTF_DETVSXR,Azerbaijan,ALLAGE,Both sexes,0.88
2007,VC_HTF_DETVSXR,Azerbaijan,ALLAGE,Both sexes,1.12
2008,VC_HTF_DETVSXR,Azerbaijan,ALLAGE,Both sexes,0.84
2009,VC_HTF_DETVSXR,Azerbaijan,ALLAGE,Both sexes,0.84
2012,VC_HTF_DETVSXR,Azerbaijan,ALLAGE,Both sexes,0.38
2013,VC_HTF_DETVSXR,Azerbaijan,ALLAGE,Both sexes,0.42
2019,VC_HTF_DETVSXR,Moldova,18+,Both sexes,3.95
2020,VC_HTF_DETVSXR,Moldova,<18Y,Both sexes,4.81
2020,VC_HTF_DETVSXR,Moldova,18+,Male,2.17
2020,VC_HTF_DETVSXR,Moldova,18+,Both sexes,3.03
2020,VC_HTF_DETVSXR,Moldova,ALLAGE,Both sexes,1.43
2020,VC_HTF_DETVSXR,Moldova,<18Y,Male,5.57
2012,VC_HTF_DETVSXR,Montenegro,ALLAGE,Both sexes,1.42
2020,VC_HTF_DETVSXR,Montenegro,ALLAGE,Both sexes,1.59
2020,VC_HTF_DETVSXR,Montenegro,<18Y,Male,9.83
2014,VC_HTF_DETVSXR,Azerbaijan,ALLAGE,Both sexes,0.52
2015,VC_HTF_DETVSXR,Azerbaijan,ALLAGE,Both sexes,0.48
2005,VC_HTF_DETVSXR,Australia,ALLAGE,Both sexes,0.1
2006,VC_HTF_DETVSXR,Australia,ALLAGE,Both sexes,0.08
2008,VC_HTF_DETVSXR,Belarus,ALLAGE,Both sexes,4.68
2009,VC_HTF_DETVSXR,Belarus,ALLAGE,Both sexes,3.78
2010,VC_HTF_DETVSXR,Belarus,ALLAGE,Both sexes,3.55
2011,VC_HTF_DETVSXR,Belarus,ALLAGE,Both sexes,2.96
2012,VC_HTF_DETVSXR,Belarus,ALLAGE,Both sexes,2.15
2013,VC_HTF_DETVSXR,Belarus,ALLAGE,Both sexes,1.54
2014,VC_HTF_DETVSXR,Belarus,ALLAGE,Both sexes,0.84
2014,VC_HTF_DETVSXR,Belarus,<18Y,Male,1.07
2014,VC_HTF_DETVSXR,Belarus,18+,Male,2.23
2015,VC_HTF_DETVSXR,Belarus,18+,Male,2.24
2015,VC_HTF_DETVSXR,Belarus,ALLAGE,Both sexes,0.47
2015,VC_HTF_DETVSXR,Belarus,<18Y,Male,1.05
2016,VC_HTF_DETVSXR,Belarus,<18Y,Female,0.76
2020,VC_HTF_DETVSXR,Montenegro,<18Y,Both sexes,5.82
2007,VC_HTF_DETVSXR,Netherlands (Kingdom of the),ALLAGE,Both sexes,2.06
2008,VC_HTF_DETVSXR,Netherlands (Kingdom of the),ALLAGE,Both sexes,2.87
2009,VC_HTF_DETVSXR,Netherlands (Kingdom of the),ALLAGE,Both sexes,2.53
2010,VC_HTF_DETVSXR,Netherlands (Kingdom of the),ALLAGE,Both sexes,4.51
2011,VC_HTF_DETVSXR,Netherlands (Kingdom of the),ALLAGE,Both sexes,4.68
2012,VC_HTF_DETVSXR,Netherlands (Kingdom of the),ALLAGE,Both sexes,7.24
2013,VC_HTF_DETVSXR,Netherlands (Kingdom of the),ALLAGE,Both sexes,5.6
2014,VC_HTF_DETVSXR,Netherlands (Kingdom of the),18+,Female,0.34
2014,VC_HTF_DETVSXR,Netherlands (Kingdom of the),ALLAGE,Both sexes,4.49
2014,VC_HTF_DETVSXR,Netherlands (Kingdom of the),18+,Male,9.05
2014,VC_HTF_DETVSXR,Netherlands (Kingdom of the),<18Y,Male,7.11
2014,VC_HTF_DETVSXR,Netherlands (Kingdom of the),<18Y,Female,0.53
2015,VC_HTF_DETVSXR,Netherlands (Kingdom of the),ALLAGE,Both sexes,3.96
2016,VC_HTF_DETVSXR,Belarus,18+,Male,2.64
2016,VC_HTF_DETVSXR,Belarus,ALLAGE,Both sexes,1.69
2016,VC_HTF_DETVSXR,Belarus,<18Y,Male,6.63
2017,VC_HTF_DETVSXR,Belarus,18+,Both sexes,1.22
2017,VC_HTF_DETVSXR,Belarus,<18Y,Female,0.75
2017,VC_HTF_DETVSXR,Belarus,<18Y,Male,2.67
2017,VC_HTF_DETVSXR,Belarus,<18Y,Both sexes,1.73
2017,VC_HTF_DETVSXR,Belarus,ALLAGE,Both sexes,1.32
2015,VC_HTF_DETVSXR,Netherlands (Kingdom of the),18+,Male,7.44
2015,VC_HTF_DETVSXR,Netherlands (Kingdom of the),18+,Female,0.42
2015,VC_HTF_DETVSXR,Netherlands (Kingdom of the),<18Y,Male,7.93
2016,VC_HTF_DETVSXR,Netherlands (Kingdom of the),<18Y,Male,5.81
2016,VC_HTF_DETVSXR,Netherlands (Kingdom of the),18+,Female,0.49
2016,VC_HTF_DETVSXR,Netherlands (Kingdom of the),18+,Male,6.06
2007,VC_HTF_DETVSXR,Australia,ALLAGE,Both sexes,0.09
2008,VC_HTF_DETVSXR,Australia,ALLAGE,Both sexes,0.11
2009,VC_HTF_DETVSXR,Australia,ALLAGE,Both sexes,0.09
2010,VC_HTF_DETVSXR,Australia,ALLAGE,Both sexes,0.09
2011,VC_HTF_DETVSXR,Australia,ALLAGE,Both sexes,0.02
2012,VC_HTF_DETVSXR,Australia,ALLAGE,Both sexes,0.05
2013,VC_HTF_DETVSXR,Australia,ALLAGE,Both sexes,0.05
2014,VC_HTF_DETVSXR,Australia,ALLAGE,Both sexes,0.06
2017,VC_HTF_DETVSXR,Belarus,18+,Male,2.65
2018,VC_HTF_DETVSXR,Belarus,<18Y,Both sexes,1.57
2018,VC_HTF_DETVSXR,Belarus,<18Y,Female,1.82
2018,VC_HTF_DETVSXR,Belarus,18+,Male,2.91
2018,VC_HTF_DETVSXR,Belarus,18+,Both sexes,1.31
2018,VC_HTF_DETVSXR,Belarus,ALLAGE,Both sexes,1.36
2016,VC_HTF_DETVSXR,Netherlands (Kingdom of the),ALLAGE,Both sexes,3.26
2017,VC_HTF_DETVSXR,Netherlands (Kingdom of the),ALLAGE,Both sexes,3.31
2017,VC_HTF_DETVSXR,Netherlands (Kingdom of the),18+,Male,5.77
2017,VC_HTF_DETVSXR,Netherlands (Kingdom of the),<18Y,Both sexes,3.26
2017,VC_HTF_DETVSXR,Netherlands (Kingdom of the),18+,Both sexes,3.35
2018,VC_HTF_DETVSXR,Belarus,<18Y,Male,1.33
2019,VC_HTF_DETVSXR,Belarus,<18Y,Both sexes,1.47
2019,VC_HTF_DETVSXR,Belarus,18+,Both sexes,1.22
2019,VC_HTF_DETVSXR,Belarus,<18Y,Male,1.85
2019,VC_HTF_DETVSXR,Belarus,18+,Male,2.63
2019,VC_HTF_DETVSXR,Belarus,<18Y,Female,1.07
2019,VC_HTF_DETVSXR,Belarus,ALLAGE,Both sexes,1.27
2017,VC_HTF_DETVSXR,Australia,18+,Male,0.11
2017,VC_HTF_DETVSXR,Australia,ALLAGE,Both sexes,0.04
2017,VC_HTF_DETVSXR,Australia,18+,Both sexes,0.05
2018,VC_HTF_DETVSXR,Australia,18+,Male,0.14
2017,VC_HTF_DETVSXR,Netherlands (Kingdom of the),18+,Female,0.96
2017,VC_HTF_DETVSXR,Netherlands (Kingdom of the),<18Y,Female,0.72
2017,VC_HTF_DETVSXR,Netherlands (Kingdom of the),<18Y,Male,5.61
2018,VC_HTF_DETVSXR,Netherlands (Kingdom of the),<18Y,Both sexes,1.24
2018,VC_HTF_DETVSXR,Netherlands (Kingdom of the),ALLAGE,Both sexes,2.81
2018,VC_HTF_DETVSXR,Netherlands (Kingdom of the),18+,Female,1.79
2018,VC_HTF_DETVSXR,Netherlands (Kingdom of the),18+,Male,4.64
2018,VC_HTF_DETVSXR,Netherlands (Kingdom of the),<18Y,Male,2.25
2018,VC_HTF_DETVSXR,Netherlands (Kingdom of the),18+,Both sexes,3.19
2019,VC_HTF_DETVSXR,Netherlands (Kingdom of the),ALLAGE,Both sexes,4.12
2007,VC_HTF_DETVSXR,Norway,ALLAGE,Both sexes,3.44
2008,VC_HTF_DETVSXR,Norway,ALLAGE,Both sexes,3.77
2009,VC_HTF_DETVSXR,Norway,ALLAGE,Both sexes,4.1
2010,VC_HTF_DETVSXR,Norway,ALLAGE,Both sexes,3.97
2011,VC_HTF_DETVSXR,Norway,ALLAGE,Both sexes,1.59
2012,VC_HTF_DETVSXR,Norway,ALLAGE,Both sexes,1.33
2013,VC_HTF_DETVSXR,Norway,ALLAGE,Both sexes,1.59
2014,VC_HTF_DETVSXR,Norway,<18Y,Male,2.43
2014,VC_HTF_DETVSXR,Norway,18+,Male,9.62
2014,VC_HTF_DETVSXR,Norway,ALLAGE,Both sexes,4.07
2015,VC_HTF_DETVSXR,Norway,18+,Female,0.49
2015,VC_HTF_DETVSXR,Norway,ALLAGE,Both sexes,3.93
2015,VC_HTF_DETVSXR,Norway,18+,Male,8.6
2015,VC_HTF_DETVSXR,Norway,<18Y,Male,3.12
2016,VC_HTF_DETVSXR,Norway,18+,Female,0.34
2016,VC_HTF_DETVSXR,Norway,<18Y,Male,0.86
2016,VC_HTF_DETVSXR,Norway,18+,Male,8.41
2020,VC_HTF_DETVSXR,Belarus,<18Y,Male,3.08
2020,VC_HTF_DETVSXR,Belarus,ALLAGE,Both sexes,1.08
2020,VC_HTF_DETVSXR,Belarus,18+,Male,2.02
2020,VC_HTF_DETVSXR,Belarus,<18Y,Both sexes,1.78
2020,VC_HTF_DETVSXR,Belarus,18+,Both sexes,0.93
2008,VC_HTF_DETVSXR,Canada,ALLAGE,Both sexes,0.02
2016,VC_HTF_DETVSXR,Norway,ALLAGE,Both sexes,3.59
2019,VC_HTF_DETVSXR,Norway,ALLAGE,Both sexes,2.66
2020,VC_HTF_DETVSXR,Norway,ALLAGE,Both sexes,2.58
2004,VC_HTF_DETVSXR,Poland,ALLAGE,Both sexes,0.07
2005,VC_HTF_DETVSXR,Poland,ALLAGE,Both sexes,0.07
2010,VC_HTF_DETVSXR,Canada,ALLAGE,Both sexes,0.06
2011,VC_HTF_DETVSXR,Canada,ALLAGE,Both sexes,0.15
2012,VC_HTF_DETVSXR,Canada,ALLAGE,Both sexes,0.13
2013,VC_HTF_DETVSXR,Canada,ALLAGE,Both sexes,0.17
2014,VC_HTF_DETVSXR,Canada,18+,Male,0.69
2014,VC_HTF_DETVSXR,Canada,ALLAGE,Both sexes,0.27
2006,VC_HTF_DETVSXR,Poland,ALLAGE,Both sexes,0.06
2007,VC_HTF_DETVSXR,Poland,ALLAGE,Both sexes,0.09
2014,VC_HTF_DETVSXR,Poland,18+,Male,0.29
2014,VC_HTF_DETVSXR,Poland,ALLAGE,Both sexes,0.2
2015,VC_HTF_DETVSXR,Poland,18+,Male,0.18
2015,VC_HTF_DETVSXR,Poland,ALLAGE,Both sexes,0.13
2016,VC_HTF_DETVSXR,Poland,18+,Male,0.03
2016,VC_HTF_DETVSXR,Poland,ALLAGE,Both sexes,0.06
2017,VC_HTF_DETVSXR,Poland,ALLAGE,Both sexes,0.12
2017,VC_HTF_DETVSXR,Poland,18+,Both sexes,0.07
2015,VC_HTF_DETVSXR,Canada,<18Y,Female,1.6
2015,VC_HTF_DETVSXR,Canada,ALLAGE,Both sexes,0.16
2016,VC_HTF_DETVSXR,Canada,18+,Male,0.34
2016,VC_HTF_DETVSXR,Canada,<18Y,Male,0.91
2016,VC_HTF_DETVSXR,Canada,ALLAGE,Both sexes,0.27
2017,VC_HTF_DETVSXR,Canada,<18Y,Male,1.65
2017,VC_HTF_DETVSXR,Poland,18+,Female,0.05
2017,VC_HTF_DETVSXR,Poland,18+,Male,0.09
2018,VC_HTF_DETVSXR,Poland,18+,Both sexes,0.12
2018,VC_HTF_DETVSXR,Poland,ALLAGE,Both sexes,0.11
2018,VC_HTF_DETVSXR,Poland,18+,Male,0.25
2019,VC_HTF_DETVSXR,Poland,ALLAGE,Both sexes,0.04
2019,VC_HTF_DETVSXR,Poland,<18Y,Both sexes,0.13
2019,VC_HTF_DETVSXR,Poland,18+,Male,0.06
2019,VC_HTF_DETVSXR,Poland,18+,Both sexes,0.02
2019,VC_HTF_DETVSXR,Poland,<18Y,Male,0.17
2017,VC_HTF_DETVSXR,Canada,ALLAGE,Both sexes,0.42
2017,VC_HTF_DETVSXR,Canada,18+,Male,0.65
2018,VC_HTF_DETVSXR,Canada,ALLAGE,Both sexes,0.35
2018,VC_HTF_DETVSXR,Canada,18+,Male,0.6
2018,VC_HTF_DETVSXR,Canada,<18Y,Male,1.04
2020,VC_HTF_DETVSXR,Poland,18+,Both sexes,0.03
2020,VC_HTF_DETVSXR,Poland,18+,Male,0.05
2020,VC_HTF_DETVSXR,Poland,ALLAGE,Both sexes,0.02
2018,VC_HTF_DETVSXR,Australia,ALLAGE,Both sexes,0.05
2018,VC_HTF_DETVSXR,Australia,18+,Both sexes,0.07
2021,VC_HTF_DETVSXR,Poland,ALLAGE,Both sexes,0.04
2006,VC_HTF_DETVSXR,Portugal,ALLAGE,Both sexes,0.24
2008,VC_HTF_DETVSXR,Portugal,ALLAGE,Both sexes,0.07
2009,VC_HTF_DETVSXR,Portugal,ALLAGE,Both sexes,0.11
2010,VC_HTF_DETVSXR,Portugal,ALLAGE,Both sexes,0.08
2012,VC_HTF_DETVSXR,Portugal,ALLAGE,Both sexes,0.07
2013,VC_HTF_DETVSXR,Portugal,ALLAGE,Both sexes,0.27
2014,VC_HTF_DETVSXR,Portugal,18+,Male,0.27
2014,VC_HTF_DETVSXR,Portugal,ALLAGE,Both sexes,0.12
2015,VC_HTF_DETVSXR,Portugal,ALLAGE,Both sexes,0.05
2015,VC_HTF_DETVSXR,Portugal,18+,Male,0.13
2017,VC_HTF_DETVSXR,Portugal,ALLAGE,Both sexes,0.06
2008,VC_HTF_DETVSXR,Chile,ALLAGE,Both sexes,0.47
2010,VC_HTF_DETVSXR,Chile,ALLAGE,Both sexes,0.1
2011,VC_HTF_DETVSXR,Chile,ALLAGE,Both sexes,0.35
2012,VC_HTF_DETVSXR,Chile,ALLAGE,Both sexes,0.04
2017,VC_HTF_DETVSXR,Portugal,18+,Male,0.15
2018,VC_HTF_DETVSXR,Portugal,ALLAGE,Both sexes,0.06
2019,VC_HTF_DETVSXR,Australia,18+,Male,0.21
2019,VC_HTF_DETVSXR,Australia,ALLAGE,Both sexes,0.08
2019,VC_HTF_DETVSXR,Australia,18+,Both sexes,0.1
2020,VC_HTF_DETVSXR,Australia,18+,Both sexes,0.08
2020,VC_HTF_DETVSXR,Australia,ALLAGE,Both sexes,0.07
2020,VC_HTF_DETVSXR,Australia,18+,Male,0.17
2007,VC_HTF_DETVSXR,Austria,ALLAGE,Both sexes,1.24
2008,VC_HTF_DETVSXR,Austria,ALLAGE,Both sexes,1.44
2009,VC_HTF_DETVSXR,Austria,ALLAGE,Both sexes,1.44
2019,VC_HTF_DETVSXR,Portugal,18+,Male,0.25
2019,VC_HTF_DETVSXR,Portugal,ALLAGE,Both sexes,0.1
2018,VC_HTF_DETVSXR,Austria,18+,Male,0.17
2019,VC_HTF_DETVSXR,Austria,18+,Male,0.17
2020,VC_HTF_DETVSXR,Austria,18+,Male,5.82
2020,VC_HTF_DETVSXR,Austria,ALLAGE,Both sexes,2.38
2014,VC_HTF_DETVSXR,Chile,18+,Male,0.09
2014,VC_HTF_DETVSXR,Chile,ALLAGE,Both sexes,0.03
2016,VC_HTF_DETVSXR,Chile,18+,Male,0.12
2020,VC_HTF_DETVSXR,Portugal,18+,Male,0.13
2020,VC_HTF_DETVSXR,Portugal,ALLAGE,Both sexes,0.05
2005,VC_HTF_DETVSXR,Romania,ALLAGE,Both sexes,4.79
2006,VC_HTF_DETVSXR,Romania,ALLAGE,Both sexes,4.84
2016,VC_HTF_DETVSXR,Chile,ALLAGE,Both sexes,0.06
2007,VC_HTF_DETVSXR,Romania,ALLAGE,Both sexes,3.49
2008,VC_HTF_DETVSXR,Romania,ALLAGE,Both sexes,1.87
2009,VC_HTF_DETVSXR,Romania,ALLAGE,Both sexes,1.56
2010,VC_HTF_DETVSXR,Romania,ALLAGE,Both sexes,2.37
2011,VC_HTF_DETVSXR,Romania,ALLAGE,Both sexes,2.5
2012,VC_HTF_DETVSXR,Romania,ALLAGE,Both sexes,2.61
2013,VC_HTF_DETVSXR,Romania,ALLAGE,Both sexes,2.19
2014,VC_HTF_DETVSXR,Romania,ALLAGE,Both sexes,2.38
2015,VC_HTF_DETVSXR,Romania,ALLAGE,Both sexes,2.5
2016,VC_HTF_DETVSXR,Romania,ALLAGE,Both sexes,2.68
2017,VC_HTF_DETVSXR,Romania,<18Y,Male,10.42
2017,VC_HTF_DETVSXR,Romania,18+,Both sexes,1.33
2017,VC_HTF_DETVSXR,Romania,18+,Male,2.77
2017,VC_HTF_DETVSXR,Romania,ALLAGE,Both sexes,2.3
2017,VC_HTF_DETVSXR,Romania,<18Y,Both sexes,6.44
2019,VC_HTF_DETVSXR,Chile,18+,Both sexes,0.23
2019,VC_HTF_DETVSXR,Chile,18+,Male,0.47
2019,VC_HTF_DETVSXR,Chile,ALLAGE,Both sexes,0.18
2017,VC_HTF_DETVSXR,China,ALLAGE,Both sexes,0.02
2017,VC_HTF_DETVSXR,Romania,<18Y,Female,2.29
2018,VC_HTF_DETVSXR,Romania,<18Y,Both sexes,4.73
2018,VC_HTF_DETVSXR,Romania,18+,Both sexes,1.0
2018,VC_HTF_DETVSXR,Romania,ALLAGE,Both sexes,1.71
2006,VC_HTF_DETVSXR,Armenia,ALLAGE,Both sexes,1.45
2007,VC_HTF_DETVSXR,Armenia,ALLAGE,Both sexes,1.13
2008,VC_HTF_DETVSXR,Armenia,ALLAGE,Both sexes,1.04
2009,VC_HTF_DETVSXR,Armenia,ALLAGE,Both sexes,1.32
2010,VC_HTF_DETVSXR,Armenia,ALLAGE,Both sexes,0.64
2011,VC_HTF_DETVSXR,Armenia,ALLAGE,Both sexes,0.34
2018,VC_HTF_DETVSXR,China,ALLAGE,Both sexes,0.03
2010,VC_HTF_DETVSXR,Colombia,ALLAGE,Both sexes,0.09
2011,VC_HTF_DETVSXR,Colombia,ALLAGE,Both sexes,0.04
2012,VC_HTF_DETVSXR,Colombia,ALLAGE,Both sexes,0.06
2018,VC_HTF_DETVSXR,Romania,18+,Male,2.08
2018,VC_HTF_DETVSXR,Romania,<18Y,Female,1.09
2018,VC_HTF_DETVSXR,Romania,<18Y,Male,8.2
2019,VC_HTF_DETVSXR,Romania,<18Y,Male,13.18
2013,VC_HTF_DETVSXR,Colombia,ALLAGE,Both sexes,0.07
2014,VC_HTF_DETVSXR,Colombia,ALLAGE,Both sexes,0.07
2015,VC_HTF_DETVSXR,Colombia,ALLAGE,Both sexes,0.05
2016,VC_HTF_DETVSXR,Colombia,18+,Male,0.27
2016,VC_HTF_DETVSXR,Colombia,ALLAGE,Both sexes,0.1
2017,VC_HTF_DETVSXR,Colombia,18+,Male,0.39
2017,VC_HTF_DETVSXR,Colombia,ALLAGE,Both sexes,0.14
2018,VC_HTF_DETVSXR,Colombia,<18Y,Male,0.11
2019,VC_HTF_DETVSXR,Romania,18+,Male,3.4
2019,VC_HTF_DETVSXR,Romania,18+,Both sexes,1.62
2019,VC_HTF_DETVSXR,Romania,<18Y,Female,0.55
2019,VC_HTF_DETVSXR,Romania,<18Y,Both sexes,7.01
2019,VC_HTF_DETVSXR,Romania,ALLAGE,Both sexes,2.65
2020,VC_HTF_DETVSXR,Romania,<18Y,Female,1.76
2018,VC_HTF_DETVSXR,Colombia,18+,Male,0.26
2018,VC_HTF_DETVSXR,Colombia,ALLAGE,Both sexes,0.11
2019,VC_HTF_DETVSXR,Colombia,ALLAGE,Both sexes,0.03
2019,VC_HTF_DETVSXR,Colombia,18+,Female,0.05
2019,VC_HTF_DETVSXR,Colombia,18+,Male,0.05
2020,VC_HTF_DETVSXR,Colombia,<18Y,Female,0.09
2020,VC_HTF_DETVSXR,Colombia,ALLAGE,Both sexes,0.02
2020,VC_HTF_DETVSXR,Colombia,18+,Male,0.03
2012,VC_HTF_DETVSXR,Costa Rica,ALLAGE,Both sexes,0.21
2012,VC_HTF_DETVSXR,Armenia,ALLAGE,Both sexes,0.24
2013,VC_HTF_DETVSXR,Armenia,ALLAGE,Both sexes,0.52
2014,VC_HTF_DETVSXR,Armenia,ALLAGE,Both sexes,0.21
2015,VC_HTF_DETVSXR,Armenia,ALLAGE,Both sexes,0.28
2020,VC_HTF_DETVSXR,Romania,<18Y,Both sexes,5.76
2020,VC_HTF_DETVSXR,Romania,<18Y,Male,9.59
2020,VC_HTF_DETVSXR,Romania,18+,Male,2.8
2020,VC_HTF_DETVSXR,Romania,18+,Both sexes,1.34
2020,VC_HTF_DETVSXR,Romania,ALLAGE,Both sexes,2.19
2005,VC_HTF_DETVSXR,Belgium,ALLAGE,Both sexes,0.66
2006,VC_HTF_DETVSXR,Belgium,ALLAGE,Both sexes,0.54
2007,VC_HTF_DETVSXR,Belgium,ALLAGE,Both sexes,1.15
2008,VC_HTF_DETVSXR,Belgium,ALLAGE,Both sexes,1.14
2009,VC_HTF_DETVSXR,Belgium,ALLAGE,Both sexes,1.2
2012,VC_HTF_DETVSXR,Belgium,ALLAGE,Both sexes,0.47
2013,VC_HTF_DETVSXR,Belgium,ALLAGE,Both sexes,0.33
2014,VC_HTF_DETVSXR,Belgium,ALLAGE,Both sexes,0.38
2014,VC_HTF_DETVSXR,Belgium,18+,Female,0.11
2014,VC_HTF_DETVSXR,Belgium,18+,Male,0.85
2015,VC_HTF_DETVSXR,Belgium,18+,Male,0.85
2015,VC_HTF_DETVSXR,Belgium,<18Y,Male,0.43
2013,VC_HTF_DETVSXR,Costa Rica,ALLAGE,Both sexes,0.23
2016,VC_HTF_DETVSXR,Costa Rica,ALLAGE,Both sexes,0.24
2016,VC_HTF_DETVSXR,Costa Rica,18+,Male,0.28
2017,VC_HTF_DETVSXR,Costa Rica,<18Y,Male,3.1
2017,VC_HTF_DETVSXR,Costa Rica,<18Y,Both sexes,0.68
2017,VC_HTF_DETVSXR,Costa Rica,18+,Male,1.53
2017,VC_HTF_DETVSXR,Costa Rica,18+,Both sexes,0.33
2017,VC_HTF_DETVSXR,Costa Rica,ALLAGE,Both sexes,0.46
2018,VC_HTF_DETVSXR,Costa Rica,<18Y,Male,1.64
2015,VC_HTF_DETVSXR,Belgium,ALLAGE,Both sexes,0.39
2016,VC_HTF_DETVSXR,Belgium,18+,Male,1.0
2016,VC_HTF_DETVSXR,Belgium,ALLAGE,Both sexes,0.42
2017,VC_HTF_DETVSXR,Belgium,ALLAGE,Both sexes,0.48
2017,VC_HTF_DETVSXR,Belgium,18+,Male,1.2
2018,VC_HTF_DETVSXR,Belgium,18+,Male,0.67
2018,VC_HTF_DETVSXR,Belgium,ALLAGE,Both sexes,0.29
2021,VC_HTF_DETVSXR,Romania,ALLAGE,Both sexes,1.98
2006,VC_HTF_DETVSXR,Serbia,ALLAGE,Both sexes,0.38
2008,VC_HTF_DETVSXR,Serbia,ALLAGE,Both sexes,0.36
2009,VC_HTF_DETVSXR,Serbia,ALLAGE,Both sexes,0.44
2012,VC_HTF_DETVSXR,Serbia,ALLAGE,Both sexes,0.55
2014,VC_HTF_DETVSXR,Serbia,ALLAGE,Both sexes,0.11
2015,VC_HTF_DETVSXR,Serbia,ALLAGE,Both sexes,0.27
2015,VC_HTF_DETVSXR,Serbia,<18Y,Female,2.73
2016,VC_HTF_DETVSXR,Serbia,18+,Male,0.78
2016,VC_HTF_DETVSXR,Serbia,ALLAGE,Both sexes,0.35
2017,VC_HTF_DETVSXR,Serbia,18+,Both sexes,0.08
2017,VC_HTF_DETVSXR,Serbia,ALLAGE,Both sexes,0.08
2017,VC_HTF_DETVSXR,Serbia,18+,Male,0.17
2018,VC_HTF_DETVSXR,Serbia,ALLAGE,Both sexes,0.22
2018,VC_HTF_DETVSXR,Serbia,<18Y,Both sexes,1.01
2018,VC_HTF_DETVSXR,Serbia,18+,Male,0.45
2019,VC_HTF_DETVSXR,Serbia,<18Y,Both sexes,0.47
2019,VC_HTF_DETVSXR,Serbia,<18Y,Male,0.91
2019,VC_HTF_DETVSXR,Serbia,18+,Male,0.31
2019,VC_HTF_DETVSXR,Serbia,18+,Both sexes,0.15
2019,VC_HTF_DETVSXR,Serbia,ALLAGE,Both sexes,0.22
2020,VC_HTF_DETVSXR,Serbia,ALLAGE,Both sexes,0.26
2020,VC_HTF_DETVSXR,Serbia,18+,Both sexes,0.23
2020,VC_HTF_DETVSXR,Serbia,<18Y,Both sexes,0.39
2020,VC_HTF_DETVSXR,Serbia,<18Y,Male,0.76
2020,VC_HTF_DETVSXR,Serbia,18+,Male,0.49
2008,VC_HTF_DETVSXR,Slovakia,ALLAGE,Both sexes,0.32
2009,VC_HTF_DETVSXR,Slovakia,ALLAGE,Both sexes,0.32
2010,VC_HTF_DETVSXR,Slovakia,ALLAGE,Both sexes,0.2
2011,VC_HTF_DETVSXR,Slovakia,ALLAGE,Both sexes,0.22
2012,VC_HTF_DETVSXR,Slovakia,ALLAGE,Both sexes,0.28
2013,VC_HTF_DETVSXR,Slovakia,ALLAGE,Both sexes,0.28
2014,VC_HTF_DETVSXR,Slovakia,ALLAGE,Both sexes,0.24
2014,VC_HTF_DETVSXR,Slovakia,18+,Male,0.61
2016,VC_HTF_DETVSXR,Slovakia,18+,Male,0.66
2016,VC_HTF_DETVSXR,Slovakia,ALLAGE,Both sexes,0.33
2017,VC_HTF_DETVSXR,Slovakia,<18Y,Male,1.75
2017,VC_HTF_DETVSXR,Slovakia,18+,Male,1.4
2017,VC_HTF_DETVSXR,Slovakia,ALLAGE,Both sexes,0.75
2017,VC_HTF_DETVSXR,Slovakia,18+,Both sexes,0.72
2017,VC_HTF_DETVSXR,Slovakia,<18Y,Both sexes,0.9
2018,VC_HTF_DETVSXR,Slovakia,18+,Both sexes,0.23
2018,VC_HTF_DETVSXR,Slovakia,18+,Male,0.47
2018,VC_HTF_DETVSXR,Slovakia,ALLAGE,Both sexes,0.31
2018,VC_HTF_DETVSXR,Slovakia,<18Y,Both sexes,0.69
2018,VC_HTF_DETVSXR,Slovakia,<18Y,Male,1.35
2019,VC_HTF_DETVSXR,Slovakia,ALLAGE,Both sexes,0.24
2019,VC_HTF_DETVSXR,Slovakia,18+,Male,0.33
2019,VC_HTF_DETVSXR,Slovakia,<18Y,Both sexes,0.59
2019,VC_HTF_DETVSXR,Slovakia,<18Y,Male,1.15
2019,VC_HTF_DETVSXR,Slovakia,18+,Both sexes,0.16
2020,VC_HTF_DETVSXR,Slovakia,<18Y,Male,1.34
2020,VC_HTF_DETVSXR,Slovakia,18+,Both sexes,0.25
2020,VC_HTF_DETVSXR,Slovakia,ALLAGE,Both sexes,0.33
2020,VC_HTF_DETVSXR,Slovakia,18+,Male,0.51
2005,VC_HTF_DETVSXR,Slovenia,ALLAGE,Both sexes,0.3
2006,VC_HTF_DETVSXR,Slovenia,ALLAGE,Both sexes,2.04
2010,VC_HTF_DETVSXR,Slovenia,ALLAGE,Both sexes,1.56
2011,VC_HTF_DETVSXR,Slovenia,ALLAGE,Both sexes,0.97
2012,VC_HTF_DETVSXR,Slovenia,ALLAGE,Both sexes,0.63
2013,VC_HTF_DETVSXR,Slovenia,ALLAGE,Both sexes,1.74
2015,VC_HTF_DETVSXR,Slovenia,18+,Male,5.57
2015,VC_HTF_DETVSXR,Slovenia,ALLAGE,Both sexes,2.26
2016,VC_HTF_DETVSXR,Slovenia,ALLAGE,Both sexes,1.2
2016,VC_HTF_DETVSXR,Slovenia,18+,Male,2.94
2017,VC_HTF_DETVSXR,Slovenia,18+,Male,7.61
2017,VC_HTF_DETVSXR,Slovenia,18+,Both sexes,3.83
2017,VC_HTF_DETVSXR,Slovenia,ALLAGE,Both sexes,3.15
2018,VC_HTF_DETVSXR,Slovenia,18+,Both sexes,3.87
2018,VC_HTF_DETVSXR,Slovenia,ALLAGE,Both sexes,3.18
2018,VC_HTF_DETVSXR,Slovenia,18+,Male,7.68
2019,VC_HTF_DETVSXR,Slovenia,18+,Male,0.58
2019,VC_HTF_DETVSXR,Slovenia,ALLAGE,Both sexes,0.24
2019,VC_HTF_DETVSXR,Slovenia,18+,Both sexes,0.29
2020,VC_HTF_DETVSXR,Slovenia,ALLAGE,Both sexes,1.28
2020,VC_HTF_DETVSXR,Slovenia,18+,Both sexes,1.55
2020,VC_HTF_DETVSXR,Slovenia,18+,Male,3.11
2008,VC_HTF_DETVSXR,Spain,ALLAGE,Both sexes,0.22
2009,VC_HTF_DETVSXR,Spain,ALLAGE,Both sexes,0.22
2012,VC_HTF_DETVSXR,Spain,ALLAGE,Both sexes,0.27
2013,VC_HTF_DETVSXR,Spain,ALLAGE,Both sexes,0.57
2014,VC_HTF_DETVSXR,Spain,ALLAGE,Both sexes,0.33
2014,VC_HTF_DETVSXR,Spain,18+,Male,0.77
2015,VC_HTF_DETVSXR,Spain,18+,Male,0.68
2015,VC_HTF_DETVSXR,Spain,ALLAGE,Both sexes,0.29
2016,VC_HTF_DETVSXR,Spain,ALLAGE,Both sexes,0.32
2016,VC_HTF_DETVSXR,Spain,<18Y,Male,0.14
2016,VC_HTF_DETVSXR,Spain,18+,Male,0.75
2017,VC_HTF_DETVSXR,Spain,18+,Male,0.67
2017,VC_HTF_DETVSXR,Spain,18+,Female,0.11
2017,VC_HTF_DETVSXR,Spain,<18Y,Male,0.21
2017,VC_HTF_DETVSXR,Spain,<18Y,Both sexes,0.11
2017,VC_HTF_DETVSXR,Spain,18+,Both sexes,0.38
2017,VC_HTF_DETVSXR,Spain,ALLAGE,Both sexes,0.33
2018,VC_HTF_DETVSXR,Spain,18+,Female,0.03
2018,VC_HTF_DETVSXR,Spain,18+,Male,0.63
2018,VC_HTF_DETVSXR,Spain,<18Y,Male,0.14
2018,VC_HTF_DETVSXR,Spain,ALLAGE,Both sexes,0.27
2018,VC_HTF_DETVSXR,Spain,18+,Both sexes,0.32
2018,VC_HTF_DETVSXR,Spain,<18Y,Both sexes,0.07
2019,VC_HTF_DETVSXR,Spain,18+,Both sexes,0.74
2019,VC_HTF_DETVSXR,Spain,<18Y,Both sexes,0.06
2019,VC_HTF_DETVSXR,Spain,18+,Male,1.47
2019,VC_HTF_DETVSXR,Spain,ALLAGE,Both sexes,0.62
2019,VC_HTF_DETVSXR,Spain,18+,Female,0.06
2019,VC_HTF_DETVSXR,Spain,<18Y,Male,0.12
2020,VC_HTF_DETVSXR,Spain,ALLAGE,Both sexes,0.33
2020,VC_HTF_DETVSXR,Spain,18+,Male,0.75
2020,VC_HTF_DETVSXR,Spain,<18Y,Male,0.28
2020,VC_HTF_DETVSXR,Spain,18+,Both sexes,0.4
2021,VC_HTF_DETVSXR,Spain,ALLAGE,Both sexes,0.29
2008,VC_HTF_DETVSXR,Sweden,ALLAGE,Both sexes,0.15
2009,VC_HTF_DETVSXR,Sweden,ALLAGE,Both sexes,0.29
2011,VC_HTF_DETVSXR,Sweden,ALLAGE,Both sexes,0.05
2012,VC_HTF_DETVSXR,Sweden,ALLAGE,Both sexes,0.18
2009,VC_HTF_DETVSXR,Switzerland,ALLAGE,Both sexes,1.33
2019,VC_HTF_DETVSXR,Switzerland,18+,Both sexes,0.58
2019,VC_HTF_DETVSXR,Switzerland,18+,Male,1.07
2020,VC_HTF_DETVSXR,Switzerland,<18Y,Male,0.75
2020,VC_HTF_DETVSXR,Switzerland,<18Y,Both sexes,0.52
2020,VC_HTF_DETVSXR,Switzerland,18+,Male,0.54
2020,VC_HTF_DETVSXR,Switzerland,18+,Both sexes,0.3
2007,VC_HTF_DETVSXR,Tajikistan,ALLAGE,Both sexes,0.14
2012,VC_HTF_DETVSXR,Tajikistan,ALLAGE,Both sexes,0.15
2013,VC_HTF_DETVSXR,Tajikistan,ALLAGE,Both sexes,0.11
2014,VC_HTF_DETVSXR,Tajikistan,ALLAGE,Both sexes,0.5
2015,VC_HTF_DETVSXR,Tajikistan,ALLAGE,Both sexes,0.35
2015,VC_HTF_DETVSXR,Tajikistan,18+,Male,1.24
2016,VC_HTF_DETVSXR,Tajikistan,ALLAGE,Both sexes,0.25
2016,VC_HTF_DETVSXR,Tajikistan,18+,Male,0.89
2017,VC_HTF_DETVSXR,Tajikistan,18+,Male,1.54
2017,VC_HTF_DETVSXR,Tajikistan,ALLAGE,Both sexes,0.45
2017,VC_HTF_DETVSXR,Tajikistan,18+,Both sexes,0.76
2018,VC_HTF_DETVSXR,Tajikistan,18+,Both sexes,0.63
2018,VC_HTF_DETVSXR,Tajikistan,<18Y,Female,1.75
2018,VC_HTF_DETVSXR,Tajikistan,ALLAGE,Both sexes,0.36
2019,VC_HTF_DETVSXR,Tajikistan,ALLAGE,Both sexes,0.17
2019,VC_HTF_DETVSXR,Tajikistan,18+,Both sexes,0.3
2019,VC_HTF_DETVSXR,Tajikistan,18+,Male,0.6
2020,VC_HTF_DETVSXR,Tajikistan,18+,Male,0.44
2020,VC_HTF_DETVSXR,Tajikistan,18+,Both sexes,0.22
2020,VC_HTF_DETVSXR,Tajikistan,ALLAGE,Both sexes,0.13
2005,VC_HTF_DETVSXR,United Arab Emirates,ALLAGE,Both sexes,0.63
2008,VC_HTF_DETVSXR,United Arab Emirates,ALLAGE,Both sexes,0.59
2009,VC_HTF_DETVSXR,United Arab Emirates,ALLAGE,Both sexes,0.38
2010,VC_HTF_DETVSXR,United Arab Emirates,ALLAGE,Both sexes,1.64
2011,VC_HTF_DETVSXR,United Arab Emirates,ALLAGE,Both sexes,0.59
2012,VC_HTF_DETVSXR,United Arab Emirates,ALLAGE,Both sexes,0.87
2013,VC_HTF_DETVSXR,United Arab Emirates,ALLAGE,Both sexes,0.27
2014,VC_HTF_DETVSXR,United Arab Emirates,ALLAGE,Both sexes,0.23
2015,VC_HTF_DETVSXR,United Arab Emirates,ALLAGE,Both sexes,0.19
2017,VC_HTF_DETVSXR,United Arab Emirates,<18Y,Male,0.61
2017,VC_HTF_DETVSXR,United Arab Emirates,18+,Both sexes,0.2
2017,VC_HTF_DETVSXR,United Arab Emirates,<18Y,Both sexes,0.32
2017,VC_HTF_DETVSXR,United Arab Emirates,ALLAGE,Both sexes,0.22
2017,VC_HTF_DETVSXR,United Arab Emirates,18+,Male,0.27
2018,VC_HTF_DETVSXR,United Arab Emirates,18+,Both sexes,0.2
2018,VC_HTF_DETVSXR,United Arab Emirates,<18Y,Male,1.25
2018,VC_HTF_DETVSXR,United Arab Emirates,18+,Male,0.27
2018,VC_HTF_DETVSXR,United Arab Emirates,ALLAGE,Both sexes,0.28
2018,VC_HTF_DETVSXR,United Arab Emirates,<18Y,Both sexes,0.78
2019,VC_HTF_DETVSXR,United Arab Emirates,18+,Both sexes,0.51
2019,VC_HTF_DETVSXR,United Arab Emirates,ALLAGE,Both sexes,0.41
2020,VC_HTF_DETVSXR,United Arab Emirates,ALLAGE,Both sexes,0.23
2020,VC_HTF_DETVSXR,United Arab Emirates,18+,Male,0.37
2020,VC_HTF_DETVSXR,United Arab Emirates,18+,Both sexes,0.19
2007,VC_HTF_DETVSXR,Türkiye,ALLAGE,Both sexes,0.2
2008,VC_HTF_DETVSXR,Türkiye,ALLAGE,Both sexes,0.16
2009,VC_HTF_DETVSXR,Türkiye,ALLAGE,Both sexes,0.14
2010,VC_HTF_DETVSXR,Türkiye,ALLAGE,Both sexes,0.08
2011,VC_HTF_DETVSXR,Türkiye,ALLAGE,Both sexes,0.11
2012,VC_HTF_DETVSXR,Türkiye,ALLAGE,Both sexes,0.07
2013,VC_HTF_DETVSXR,Türkiye,ALLAGE,Both sexes,0.03
2014,VC_HTF_DETVSXR,Türkiye,ALLAGE,Both sexes,0.06
2015,VC_HTF_DETVSXR,Türkiye,ALLAGE,Both sexes,0.11
2017,VC_HTF_DETVSXR,Türkiye,<18Y,Male,0.08
2017,VC_HTF_DETVSXR,Türkiye,ALLAGE,Both sexes,0.23
2017,VC_HTF_DETVSXR,Türkiye,<18Y,Female,1.52
2018,VC_HTF_DETVSXR,Türkiye,<18Y,Female,0.76
2018,VC_HTF_DETVSXR,Türkiye,<18Y,Male,0.06
2018,VC_HTF_DETVSXR,Türkiye,ALLAGE,Both sexes,0.11
2007,VC_HTF_DETVSXR,Ukraine,ALLAGE,Both sexes,1.25
2008,VC_HTF_DETVSXR,Ukraine,ALLAGE,Both sexes,0.85
2009,VC_HTF_DETVSXR,Ukraine,ALLAGE,Both sexes,0.87
2010,VC_HTF_DETVSXR,Ukraine,ALLAGE,Both sexes,0.24
2011,VC_HTF_DETVSXR,Ukraine,ALLAGE,Both sexes,0.15
2012,VC_HTF_DETVSXR,Ukraine,ALLAGE,Both sexes,0.28
2013,VC_HTF_DETVSXR,Ukraine,ALLAGE,Both sexes,0.17
2015,VC_HTF_DETVSXR,Ukraine,18+,Male,0.07
2015,VC_HTF_DETVSXR,Ukraine,ALLAGE,Both sexes,0.03
2016,VC_HTF_DETVSXR,Ukraine,ALLAGE,Both sexes,0.06
2016,VC_HTF_DETVSXR,Ukraine,18+,Male,0.14
2017,VC_HTF_DETVSXR,Ukraine,<18Y,Male,0.19
2017,VC_HTF_DETVSXR,Ukraine,18+,Male,0.23
2017,VC_HTF_DETVSXR,Ukraine,ALLAGE,Both sexes,0.1
2018,VC_HTF_DETVSXR,Ukraine,ALLAGE,Both sexes,0.19
2019,VC_HTF_DETVSXR,Ukraine,ALLAGE,Both sexes,0.16
2020,VC_HTF_DETVSXR,Ukraine,ALLAGE,Both sexes,0.08
2010,VC_HTF_DETVSXR,North Macedonia,ALLAGE,Both sexes,0.57
2011,VC_HTF_DETVSXR,North Macedonia,ALLAGE,Both sexes,0.38
2013,VC_HTF_DETVSXR,North Macedonia,ALLAGE,Both sexes,0.24
2018,VC_HTF_DETVSXR,North Macedonia,ALLAGE,Both sexes,0.24
2020,VC_HTF_DETVSXR,North Macedonia,ALLAGE,Both sexes,0.24
2020,VC_HTF_DETVSXR,North Macedonia,<18Y,Both sexes,1.21
2020,VC_HTF_DETVSXR,North Macedonia,<18Y,Male,2.33
2009,VC_HTF_DETVSXR,United Kingdom of Great Britain and Northern Ireland,ALLAGE,Both sexes,0.4
2010,VC_HTF_DETVSXR,United Kingdom of Great Britain and Northern Ireland,ALLAGE,Both sexes,0.19
2011,VC_HTF_DETVSXR,United Kingdom of Great Britain and Northern Ireland,ALLAGE,Both sexes,0.3
2012,VC_HTF_DETVSXR,United Kingdom of Great Britain and Northern Ireland,ALLAGE,Both sexes,0.35
2013,VC_HTF_DETVSXR,United Kingdom of Great Britain and Northern Ireland,ALLAGE,Both sexes,0.56
2014,VC_HTF_DETVSXR,United Kingdom of Great Britain and Northern Ireland,<18Y,Male,0.94
2014,VC_HTF_DETVSXR,United Kingdom of Great Britain and Northern Ireland,18+,Female,0.02
2014,VC_HTF_DETVSXR,United Kingdom of Great Britain and Northern Ireland,ALLAGE,Both sexes,0.26
2014,VC_HTF_DETVSXR,United Kingdom of Great Britain and Northern Ireland,18+,Male,0.38
2015,VC_HTF_DETVSXR,United Kingdom of Great Britain and Northern Ireland,<18Y,Female,0.12
2015,VC_HTF_DETVSXR,United Kingdom of Great Britain and Northern Ireland,<18Y,Male,1.3
2015,VC_HTF_DETVSXR,United Kingdom of Great Britain and Northern Ireland,18+,Male,0.57
2015,VC_HTF_DETVSXR,United Kingdom of Great Britain and Northern Ireland,18+,Female,0.02
2015,VC_HTF_DETVSXR,United Kingdom of Great Britain and Northern Ireland,ALLAGE,Both sexes,0.38
2016,VC_HTF_DETVSXR,United Kingdom of Great Britain and Northern Ireland,18+,Male,0.42
2016,VC_HTF_DETVSXR,United Kingdom of Great Britain and Northern Ireland,ALLAGE,Both sexes,0.39
2016,VC_HTF_DETVSXR,United Kingdom of Great Britain and Northern Ireland,<18Y,Female,0.13
2016,VC_HTF_DETVSXR,United Kingdom of Great Britain and Northern Ireland,<18Y,Male,1.95
2017,VC_HTF_DETVSXR,United Kingdom of Great Britain and Northern Ireland,ALLAGE,Both sexes,2.64
2018,VC_HTF_DETVSXR,United Kingdom of Great Britain and Northern Ireland,ALLAGE,Both sexes,2.9
2019,VC_HTF_DETVSXR,United Kingdom of Great Britain and Northern Ireland,<18Y,Female,1.15
2019,VC_HTF_DETVSXR,United Kingdom of Great Britain and Northern Ireland,18+,Female,0.48
2019,VC_HTF_DETVSXR,United Kingdom of Great Britain and Northern Ireland,<18Y,Male,7.68
2019,VC_HTF_DETVSXR,United Kingdom of Great Britain and Northern Ireland,ALLAGE,Both sexes,3.3
2019,VC_HTF_DETVSXR,United Kingdom of Great Britain and Northern Ireland,18+,Male,5.44
2020,VC_HTF_DETVSXR,United Kingdom of Great Britain and Northern Ireland,18+,Female,0.26
2020,VC_HTF_DETVSXR,United Kingdom of Great Britain and Northern Ireland,18+,Male,2.52
2020,VC_HTF_DETVSXR,United Kingdom of Great Britain and Northern Ireland,ALLAGE,Both sexes,1.85
2020,VC_HTF_DETVSXR,United Kingdom of Great Britain and Northern Ireland,<18Y,Male,5.21
2020,VC_HTF_DETVSXR,United Kingdom of Great Britain and Northern Ireland,<18Y,Female,0.99
2021,VC_HTF_DETVSXR,United Kingdom of Great Britain and Northern Ireland,ALLAGE,Both sexes,1.88
2012,VC_HTF_DETVSXR,Uzbekistan,ALLAGE,Both sexes,1.29
2013,VC_HTF_DETVSXR,Uzbekistan,ALLAGE,Both sexes,1.23
2014,VC_HTF_DETVSXR,Uzbekistan,ALLAGE,Both sexes,1.08
2015,VC_HTF_DETVSXR,Uzbekistan,ALLAGE,Both sexes,0.41
2017,VC_HTF_DETVSXR,Uzbekistan,ALLAGE,Both sexes,0.86
2017,VC_HTF_DETVSXR,Uzbekistan,18+,Both sexes,1.24
2017,VC_HTF_DETVSXR,Uzbekistan,<18Y,Both sexes,0.11
2017,VC_HTF_DETVSXR,Uzbekistan,18+,Male,2.52
2017,VC_HTF_DETVSXR,Uzbekistan,<18Y,Male,0.22
2018,VC_HTF_DETVSXR,Uzbekistan,18+,Male,2.1
2018,VC_HTF_DETVSXR,Uzbekistan,18+,Both sexes,1.03
2018,VC_HTF_DETVSXR,Uzbekistan,<18Y,Both sexes,0.05
2018,VC_HTF_DETVSXR,Uzbekistan,ALLAGE,Both sexes,0.7
2018,VC_HTF_DETVSXR,Uzbekistan,<18Y,Male,0.11
2019,VC_HTF_DETVSXR,Uzbekistan,ALLAGE,Both sexes,0.4
2019,VC_HTF_DETVSXR,Uzbekistan,<18Y,Both sexes,0.04
2019,VC_HTF_DETVSXR,Uzbekistan,<18Y,Male,0.09
2019,VC_HTF_DETVSXR,Uzbekistan,18+,Male,1.19
2019,VC_HTF_DETVSXR,Uzbekistan,18+,Both sexes,0.58
2020,VC_HTF_DETVSXR,Uzbekistan,<18Y,Male,0.15
2020,VC_HTF_DETVSXR,Uzbekistan,18+,Male,0.73
2018,VC_HTF_DETVSXR,Costa Rica,18+,Male,0.81
2018,VC_HTF_DETVSXR,Costa Rica,18+,Both sexes,0.21
2018,VC_HTF_DETVSXR,Costa Rica,ALLAGE,Both sexes,0.1
2019,VC_HTF_DETVSXR,Costa Rica,18+,Male,0.53
2019,VC_HTF_DETVSXR,Costa Rica,18+,Both sexes,0.32
2019,VC_HTF_DETVSXR,Costa Rica,ALLAGE,Both sexes,0.31
2020,VC_HTF_DETVSXR,Costa Rica,ALLAGE,Both sexes,0.31
2020,VC_HTF_DETVSXR,Costa Rica,<18Y,Both sexes,0.54
2020,VC_HTF_DETVSXR,Costa Rica,18+,Both sexes,0.21
2020,VC_HTF_DETVSXR,Costa Rica,18+,Male,0.37
2021,VC_HTF_DETVSXR,Costa Rica,ALLAGE,Both sexes,0.19
2004,VC_HTF_DETVSXR,Croatia,ALLAGE,Both sexes,0.32
2007,VC_HTF_DETVSXR,Croatia,ALLAGE,Both sexes,0.3
2009,VC_HTF_DETVSXR,Croatia,ALLAGE,Both sexes,0.11
2011,VC_HTF_DETVSXR,Croatia,ALLAGE,Both sexes,0.25
2012,VC_HTF_DETVSXR,Croatia,ALLAGE,Both sexes,0.16
2014,VC_HTF_DETVSXR,Croatia,ALLAGE,Both sexes,0.68
2014,VC_HTF_DETVSXR,Croatia,18+,Male,0.66
2014,VC_HTF_DETVSXR,Croatia,<18Y,Male,3.81
2015,VC_HTF_DETVSXR,Croatia,<18Y,Male,1.81
2015,VC_HTF_DETVSXR,Croatia,18+,Male,1.79
2015,VC_HTF_DETVSXR,Croatia,ALLAGE,Both sexes,0.87
2016,VC_HTF_DETVSXR,Croatia,<18Y,Male,1.59
2016,VC_HTF_DETVSXR,Croatia,ALLAGE,Both sexes,0.36
2016,VC_HTF_DETVSXR,Croatia,18+,Male,0.42
2017,VC_HTF_DETVSXR,Croatia,ALLAGE,Both sexes,0.21
2017,VC_HTF_DETVSXR,Croatia,<18Y,Male,1.61
2018,VC_HTF_DETVSXR,Croatia,18+,Male,0.6
2018,VC_HTF_DETVSXR,Croatia,ALLAGE,Both sexes,0.24
2007,VC_HTF_DETVSXR,Cyprus,ALLAGE,Both sexes,5.03
2008,VC_HTF_DETVSXR,Cyprus,ALLAGE,Both sexes,3.66
2009,VC_HTF_DETVSXR,Cyprus,ALLAGE,Both sexes,2.07
2014,VC_HTF_DETVSXR,Cyprus,18+,Male,2.34
2014,VC_HTF_DETVSXR,Cyprus,ALLAGE,Both sexes,0.93
2015,VC_HTF_DETVSXR,Cyprus,18+,Male,1.26
2015,VC_HTF_DETVSXR,Cyprus,ALLAGE,Both sexes,0.51
2016,VC_HTF_DETVSXR,Cyprus,ALLAGE,Both sexes,0.5
2016,VC_HTF_DETVSXR,Cyprus,18+,Male,1.25
2017,VC_HTF_DETVSXR,Cyprus,18+,Male,3.29
2017,VC_HTF_DETVSXR,Cyprus,ALLAGE,Both sexes,1.32
2018,VC_HTF_DETVSXR,Cyprus,18+,Male,6.11
2018,VC_HTF_DETVSXR,Cyprus,ALLAGE,Both sexes,2.46
2019,VC_HTF_DETVSXR,Cyprus,ALLAGE,Both sexes,1.87
2019,VC_HTF_DETVSXR,Cyprus,18+,Male,4.64
2020,VC_HTF_DETVSXR,Cyprus,18+,Male,1.4
2020,VC_HTF_DETVSXR,Cyprus,ALLAGE,Both sexes,0.73
2005,VC_HTF_DETVSXR,Czechia,ALLAGE,Both sexes,0.17
2006,VC_HTF_DETVSXR,Czechia,ALLAGE,Both sexes,0.1
2007,VC_HTF_DETVSXR,Czechia,ALLAGE,Both sexes,0.15
2008,VC_HTF_DETVSXR,Czechia,ALLAGE,Both sexes,0.09
2009,VC_HTF_DETVSXR,Czechia,ALLAGE,Both sexes,0.05
2010,VC_HTF_DETVSXR,Czechia,ALLAGE,Both sexes,0.08
2011,VC_HTF_DETVSXR,Czechia,ALLAGE,Both sexes,0.08
2012,VC_HTF_DETVSXR,Czechia,ALLAGE,Both sexes,0.49
2013,VC_HTF_DETVSXR,Czechia,ALLAGE,Both sexes,0.47
2014,VC_HTF_DETVSXR,Czechia,ALLAGE,Both sexes,0.61
2015,VC_HTF_DETVSXR,Czechia,ALLAGE,Both sexes,0.31
2016,VC_HTF_DETVSXR,Czechia,ALLAGE,Both sexes,0.09
2017,VC_HTF_DETVSXR,Czechia,ALLAGE,Both sexes,0.07
2017,VC_HTF_DETVSXR,Czechia,18+,Female,0.16
2017,VC_HTF_DETVSXR,Czechia,18+,Both sexes,0.08
2018,VC_HTF_DETVSXR,Czechia,18+,Both sexes,0.14
2019,VC_HTF_DETVSXR,Czechia,18+,Both sexes,0.13
2010,VC_HTF_DETVSXR,Denmark,ALLAGE,Both sexes,0.9
2011,VC_HTF_DETVSXR,Denmark,ALLAGE,Both sexes,0.99
2012,VC_HTF_DETVSXR,Denmark,ALLAGE,Both sexes,0.8
2013,VC_HTF_DETVSXR,Denmark,ALLAGE,Both sexes,1.03
2014,VC_HTF_DETVSXR,Denmark,ALLAGE,Both sexes,0.23
2015,VC_HTF_DETVSXR,Denmark,ALLAGE,Both sexes,0.86
2016,VC_HTF_DETVSXR,Denmark,ALLAGE,Both sexes,1.96
2017,VC_HTF_DETVSXR,Denmark,18+,Male,3.55
2017,VC_HTF_DETVSXR,Denmark,ALLAGE,Both sexes,1.43
2017,VC_HTF_DETVSXR,Denmark,18+,Both sexes,1.88
2018,VC_HTF_DETVSXR,Denmark,18+,Male,1.32
2018,VC_HTF_DETVSXR,Denmark,ALLAGE,Both sexes,0.54
2018,VC_HTF_DETVSXR,Denmark,18+,Both sexes,0.67
2019,VC_HTF_DETVSXR,Denmark,18+,Both sexes,0.78
2019,VC_HTF_DETVSXR,Denmark,ALLAGE,Both sexes,0.53
2019,VC_HTF_DETVSXR,Denmark,18+,Male,1.31
2020,VC_HTF_DETVSXR,Denmark,ALLAGE,Both sexes,0.67
2020,VC_HTF_DETVSXR,Denmark,18+,Male,1.6
2020,VC_HTF_DETVSXR,Denmark,18+,Both sexes,0.83
2012,VC_HTF_DETVSXR,Estonia,ALLAGE,Both sexes,0.53
2013,VC_HTF_DETVSXR,Estonia,ALLAGE,Both sexes,0.76
2015,VC_HTF_DETVSXR,Estonia,ALLAGE,Both sexes,0.76
2016,VC_HTF_DETVSXR,Estonia,ALLAGE,Both sexes,0.61
2017,VC_HTF_DETVSXR,Estonia,ALLAGE,Both sexes,0.46
2018,VC_HTF_DETVSXR,Estonia,<18Y,Male,3.84
2018,VC_HTF_DETVSXR,Estonia,ALLAGE,Both sexes,0.76
2019,VC_HTF_DETVSXR,Estonia,18+,Both sexes,0.93
2019,VC_HTF_DETVSXR,Estonia,18+,Male,2.02
2019,VC_HTF_DETVSXR,Estonia,ALLAGE,Both sexes,0.75
2008,VC_HTF_DETVSXR,Finland,ALLAGE,Both sexes,0.13
2009,VC_HTF_DETVSXR,Finland,ALLAGE,Both sexes,0.09
2010,VC_HTF_DETVSXR,Finland,ALLAGE,Both sexes,0.39
2011,VC_HTF_DETVSXR,Finland,ALLAGE,Both sexes,0.32
2012,VC_HTF_DETVSXR,Finland,ALLAGE,Both sexes,0.28
2013,VC_HTF_DETVSXR,Finland,ALLAGE,Both sexes,0.61
2014,VC_HTF_DETVSXR,Finland,ALLAGE,Both sexes,0.59
2014,VC_HTF_DETVSXR,Finland,18+,Male,1.45
2015,VC_HTF_DETVSXR,Finland,ALLAGE,Both sexes,0.33
2015,VC_HTF_DETVSXR,Finland,18+,Male,0.84
2016,VC_HTF_DETVSXR,Finland,<18Y,Male,0.91
2016,VC_HTF_DETVSXR,Finland,18+,Male,1.76
2016,VC_HTF_DETVSXR,Finland,ALLAGE,Both sexes,0.82
2017,VC_HTF_DETVSXR,Finland,18+,Female,0.31
2017,VC_HTF_DETVSXR,Finland,18+,Both sexes,0.97
2017,VC_HTF_DETVSXR,Finland,ALLAGE,Both sexes,0.84
2017,VC_HTF_DETVSXR,Finland,18+,Male,0.74
2018,VC_HTF_DETVSXR,Finland,18+,Both sexes,1.37
2018,VC_HTF_DETVSXR,Finland,ALLAGE,Both sexes,1.18
2019,VC_HTF_DETVSXR,Finland,ALLAGE,Both sexes,1.47
2019,VC_HTF_DETVSXR,Finland,<18Y,Both sexes,0.57
2019,VC_HTF_DETVSXR,Finland,<18Y,Male,1.11
2019,VC_HTF_DETVSXR,Finland,18+,Both sexes,1.68
2019,VC_HTF_DETVSXR,Finland,18+,Male,3.43
2020,VC_HTF_DETVSXR,Finland,ALLAGE,Both sexes,1.12
2020,VC_HTF_DETVSXR,Finland,18+,Male,2.46
2020,VC_HTF_DETVSXR,Finland,18+,Female,0.22
2020,VC_HTF_DETVSXR,Finland,18+,Both sexes,1.32
2021,VC_HTF_DETVSXR,Finland,ALLAGE,Both sexes,1.23
2008,VC_HTF_DETVSXR,France,ALLAGE,Both sexes,0.83
2015,VC_HTF_DETVSXR,France,ALLAGE,Both sexes,1.03
2016,VC_HTF_DETVSXR,France,ALLAGE,Both sexes,1.53
2018,VC_HTF_DETVSXR,France,<18Y,Female,0.24
2018,VC_HTF_DETVSXR,France,<18Y,Male,3.68
2018,VC_HTF_DETVSXR,France,18+,Male,2.67
2018,VC_HTF_DETVSXR,France,18+,Female,0.12
2018,VC_HTF_DETVSXR,France,ALLAGE,Both sexes,1.48
2019,VC_HTF_DETVSXR,France,<18Y,Female,0.31
2019,VC_HTF_DETVSXR,France,18+,Female,0.13
2019,VC_HTF_DETVSXR,France,ALLAGE,Both sexes,1.63
2019,VC_HTF_DETVSXR,France,18+,Male,2.99
2019,VC_HTF_DETVSXR,France,<18Y,Male,3.91
2005,VC_HTF_DETVSXR,Georgia,ALLAGE,Both sexes,0.28
2006,VC_HTF_DETVSXR,Georgia,ALLAGE,Both sexes,0.48
2005,VC_HTF_DETVSXR,Germany,ALLAGE,Both sexes,0.79
2006,VC_HTF_DETVSXR,Germany,ALLAGE,Both sexes,0.95
2007,VC_HTF_DETVSXR,Germany,ALLAGE,Both sexes,0.85
2008,VC_HTF_DETVSXR,Germany,ALLAGE,Both sexes,0.83
2009,VC_HTF_DETVSXR,Germany,ALLAGE,Both sexes,0.87
2011,VC_HTF_DETVSXR,Germany,ALLAGE,Both sexes,0.79
2012,VC_HTF_DETVSXR,Germany,ALLAGE,Both sexes,0.75
2013,VC_HTF_DETVSXR,Germany,ALLAGE,Both sexes,0.66
2014,VC_HTF_DETVSXR,Germany,<18Y,Female,0.11
2014,VC_HTF_DETVSXR,Germany,ALLAGE,Both sexes,0.68
2014,VC_HTF_DETVSXR,Germany,<18Y,Male,0.73
2014,VC_HTF_DETVSXR,Germany,18+,Female,0.05
2014,VC_HTF_DETVSXR,Germany,18+,Male,1.44
2015,VC_HTF_DETVSXR,Germany,18+,Male,0.98
2015,VC_HTF_DETVSXR,Germany,ALLAGE,Both sexes,0.51
2015,VC_HTF_DETVSXR,Germany,<18Y,Male,1.02
2015,VC_HTF_DETVSXR,Germany,<18Y,Female,0.11
2016,VC_HTF_DETVSXR,Germany,18+,Female,0.03
2016,VC_HTF_DETVSXR,Germany,18+,Male,1.12
2016,VC_HTF_DETVSXR,Germany,ALLAGE,Both sexes,0.59
2016,VC_HTF_DETVSXR,Germany,<18Y,Female,0.12
2016,VC_HTF_DETVSXR,Germany,<18Y,Male,1.28
2017,VC_HTF_DETVSXR,Germany,18+,Male,1.22
2017,VC_HTF_DETVSXR,Germany,<18Y,Male,0.88
2017,VC_HTF_DETVSXR,Germany,<18Y,Both sexes,0.46
2017,VC_HTF_DETVSXR,Germany,18+,Both sexes,0.6
2017,VC_HTF_DETVSXR,Germany,ALLAGE,Both sexes,0.58
2018,VC_HTF_DETVSXR,Germany,18+,Female,0.03
2018,VC_HTF_DETVSXR,Germany,<18Y,Both sexes,0.5
2018,VC_HTF_DETVSXR,Germany,<18Y,Male,0.93
2018,VC_HTF_DETVSXR,Germany,18+,Both sexes,0.5
2018,VC_HTF_DETVSXR,Germany,ALLAGE,Both sexes,0.5
2018,VC_HTF_DETVSXR,Germany,18+,Male,0.99
2019,VC_HTF_DETVSXR,Germany,18+,Both sexes,0.52
2019,VC_HTF_DETVSXR,Germany,<18Y,Male,0.77
2019,VC_HTF_DETVSXR,Germany,<18Y,Female,0.11
2019,VC_HTF_DETVSXR,Germany,<18Y,Both sexes,0.45
2019,VC_HTF_DETVSXR,Germany,ALLAGE,Both sexes,0.51
2019,VC_HTF_DETVSXR,Germany,18+,Male,1.02
2019,VC_HTF_DETVSXR,Germany,18+,Female,0.04
2020,VC_HTF_DETVSXR,Germany,18+,Female,0.01
2020,VC_HTF_DETVSXR,Germany,<18Y,Male,0.86
2020,VC_HTF_DETVSXR,Germany,18+,Both sexes,0.45
2020,VC_HTF_DETVSXR,Germany,<18Y,Both sexes,0.58
2020,VC_HTF_DETVSXR,Germany,18+,Male,0.9
2020,VC_HTF_DETVSXR,Germany,<18Y,Female,0.27
2020,VC_HTF_DETVSXR,Germany,ALLAGE,Both sexes,0.49
2007,VC_HTF_DETVSXR,Greece,ALLAGE,Both sexes,0.26
2008,VC_HTF_DETVSXR,Greece,ALLAGE,Both sexes,0.33
2009,VC_HTF_DETVSXR,Greece,ALLAGE,Both sexes,0.47
2014,VC_HTF_DETVSXR,Greece,ALLAGE,Both sexes,0.52
2015,VC_HTF_DETVSXR,Greece,18+,Male,0.69
2015,VC_HTF_DETVSXR,Greece,ALLAGE,Both sexes,0.31
2016,VC_HTF_DETVSXR,Greece,ALLAGE,Both sexes,0.29
2016,VC_HTF_DETVSXR,Greece,<18Y,Male,0.52
2016,VC_HTF_DETVSXR,Greece,18+,Male,0.6
2017,VC_HTF_DETVSXR,Greece,<18Y,Male,1.14
2017,VC_HTF_DETVSXR,Greece,ALLAGE,Both sexes,0.33
2017,VC_HTF_DETVSXR,Greece,18+,Male,0.56
2018,VC_HTF_DETVSXR,Greece,<18Y,Male,0.84
2018,VC_HTF_DETVSXR,Greece,18+,Male,0.49
2018,VC_HTF_DETVSXR,Greece,ALLAGE,Both sexes,0.28
2019,VC_HTF_DETVSXR,Greece,<18Y,Male,1.16
2019,VC_HTF_DETVSXR,Greece,18+,Male,1.91
2019,VC_HTF_DETVSXR,Greece,ALLAGE,Both sexes,0.91
2019,VC_HTF_DETVSXR,Greece,<18Y,Both sexes,0.6
2019,VC_HTF_DETVSXR,Greece,18+,Both sexes,0.97
2020,VC_HTF_DETVSXR,Greece,18+,Male,1.59
2020,VC_HTF_DETVSXR,Greece,18+,Both sexes,0.82
2020,VC_HTF_DETVSXR,Greece,ALLAGE,Both sexes,0.7
2021,VC_HTF_DETVSXR,Greece,ALLAGE,Both sexes,0.81
2007,VC_HTF_DETVSXR,Hungary,ALLAGE,Both sexes,0.2
2008,VC_HTF_DETVSXR,Hungary,ALLAGE,Both sexes,0.06
2019,VC_HTF_DETVSXR,Belgium,ALLAGE,Both sexes,0.45
2020,VC_HTF_DETVSXR,Uzbekistan,<18Y,Both sexes,0.08
2020,VC_HTF_DETVSXR,Uzbekistan,ALLAGE,Both sexes,0.26
2020,VC_HTF_DETVSXR,Uzbekistan,18+,Both sexes,0.36
2009,VC_HTF_DETVSXR,Hungary,ALLAGE,Both sexes,0.07
2010,VC_HTF_DETVSXR,Hungary,ALLAGE,Both sexes,0.38
2011,VC_HTF_DETVSXR,Hungary,ALLAGE,Both sexes,1.21
2012,VC_HTF_DETVSXR,Hungary,ALLAGE,Both sexes,0.48
2014,VC_HTF_DETVSXR,Hungary,ALLAGE,Both sexes,2.7
2014,VC_HTF_DETVSXR,Hungary,18+,Male,0.42
2014,VC_HTF_DETVSXR,Hungary,18+,Female,0.16
2014,VC_HTF_DETVSXR,Hungary,<18Y,Male,13.07
2014,VC_HTF_DETVSXR,Hungary,<18Y,Female,1.9
2015,VC_HTF_DETVSXR,Hungary,<18Y,Male,35.92
2015,VC_HTF_DETVSXR,Hungary,ALLAGE,Both sexes,4.84
2015,VC_HTF_DETVSXR,Hungary,18+,Male,3.2
2015,VC_HTF_DETVSXR,Hungary,18+,Female,0.19
2015,VC_HTF_DETVSXR,Hungary,<18Y,Female,3.47
2016,VC_HTF_DETVSXR,Hungary,<18Y,Female,5.03
2016,VC_HTF_DETVSXR,Hungary,18+,Female,0.16
2016,VC_HTF_DETVSXR,Hungary,ALLAGE,Both sexes,4.88
2016,VC_HTF_DETVSXR,Hungary,<18Y,Male,25.78
2016,VC_HTF_DETVSXR,Hungary,18+,Male,5.34
2017,VC_HTF_DETVSXR,Hungary,18+,Female,0.49
2017,VC_HTF_DETVSXR,Hungary,ALLAGE,Both sexes,3.75
2017,VC_HTF_DETVSXR,Hungary,<18Y,Female,3.24
2017,VC_HTF_DETVSXR,Hungary,18+,Male,3.85
2017,VC_HTF_DETVSXR,Hungary,<18Y,Male,19.65
2018,VC_HTF_DETVSXR,Hungary,18+,Both sexes,0.11
2018,VC_HTF_DETVSXR,Hungary,18+,Male,0.24
2018,VC_HTF_DETVSXR,Hungary,ALLAGE,Both sexes,0.09
2019,VC_HTF_DETVSXR,Hungary,18+,Both sexes,0.45
2019,VC_HTF_DETVSXR,Hungary,ALLAGE,Both sexes,0.4
2019,VC_HTF_DETVSXR,Hungary,18+,Male,0.95
2020,VC_HTF_DETVSXR,Hungary,<18Y,Female,2.41
2020,VC_HTF_DETVSXR,Hungary,<18Y,Both sexes,1.17
2020,VC_HTF_DETVSXR,Hungary,ALLAGE,Both sexes,0.98
2020,VC_HTF_DETVSXR,Hungary,<18Y,Male,2.28
2020,VC_HTF_DETVSXR,Hungary,18+,Male,1.98
2020,VC_HTF_DETVSXR,Hungary,18+,Both sexes,0.94
2019,VC_HTF_DETVSXR,Iceland,ALLAGE,Both sexes,1.39
2020,VC_HTF_DETVSXR,Iceland,18+,Both sexes,2.11
2020,VC_HTF_DETVSXR,Iceland,ALLAGE,Both sexes,1.64
2017,VC_HTF_DETVSXR,India,ALLAGE,Both sexes,0.09
2018,VC_HTF_DETVSXR,India,ALLAGE,Both sexes,0.14
2019,VC_HTF_DETVSXR,India,ALLAGE,Both sexes,0.15
2020,VC_HTF_DETVSXR,India,ALLAGE,Both sexes,0.1
2010,VC_HTF_DETVSXR,Ireland,ALLAGE,Both sexes,1.24
2011,VC_HTF_DETVSXR,Ireland,ALLAGE,Both sexes,0.81
2012,VC_HTF_DETVSXR,Ireland,ALLAGE,Both sexes,0.85
2013,VC_HTF_DETVSXR,Ireland,ALLAGE,Both sexes,0.63
2014,VC_HTF_DETVSXR,Ireland,ALLAGE,Both sexes,0.69
2014,VC_HTF_DETVSXR,Ireland,18+,Male,1.3
2014,VC_HTF_DETVSXR,Ireland,<18Y,Female,0.87
2015,VC_HTF_DETVSXR,Ireland,<18Y,Male,2.33
2015,VC_HTF_DETVSXR,Ireland,ALLAGE,Both sexes,1.03
2015,VC_HTF_DETVSXR,Ireland,<18Y,Female,0.87
2015,VC_HTF_DETVSXR,Ireland,18+,Male,1.58
2016,VC_HTF_DETVSXR,Ireland,ALLAGE,Both sexes,1.1
2016,VC_HTF_DETVSXR,Ireland,<18Y,Male,1.82
2016,VC_HTF_DETVSXR,Ireland,<18Y,Female,1.56
2016,VC_HTF_DETVSXR,Ireland,18+,Male,1.85
2017,VC_HTF_DETVSXR,Ireland,<18Y,Both sexes,2.36
2017,VC_HTF_DETVSXR,Ireland,ALLAGE,Both sexes,2.16
2017,VC_HTF_DETVSXR,Ireland,<18Y,Male,3.79
2017,VC_HTF_DETVSXR,Ireland,18+,Both sexes,0.98
2017,VC_HTF_DETVSXR,Ireland,<18Y,Female,0.86
2017,VC_HTF_DETVSXR,Ireland,18+,Male,1.99
2018,VC_HTF_DETVSXR,Ireland,18+,Male,1.34
2018,VC_HTF_DETVSXR,Ireland,18+,Both sexes,0.69
2018,VC_HTF_DETVSXR,Ireland,ALLAGE,Both sexes,1.32
2019,VC_HTF_DETVSXR,Ireland,<18Y,Both sexes,0.59
2019,VC_HTF_DETVSXR,Ireland,<18Y,Male,1.15
2019,VC_HTF_DETVSXR,Ireland,18+,Both sexes,0.73
2019,VC_HTF_DETVSXR,Ireland,18+,Male,1.43
2019,VC_HTF_DETVSXR,Ireland,ALLAGE,Both sexes,0.76
2020,VC_HTF_DETVSXR,Ireland,18+,Male,1.3
2020,VC_HTF_DETVSXR,Ireland,ALLAGE,Both sexes,0.67
2020,VC_HTF_DETVSXR,Ireland,18+,Both sexes,0.69
2021,VC_HTF_DETVSXR,Ireland,ALLAGE,Both sexes,0.5
2005,VC_HTF_DETVSXR,Israel,ALLAGE,Both sexes,1.56
2006,VC_HTF_DETVSXR,Israel,ALLAGE,Both sexes,1.23
2007,VC_HTF_DETVSXR,Israel,ALLAGE,Both sexes,0.99
2008,VC_HTF_DETVSXR,Israel,ALLAGE,Both sexes,0.17
2009,VC_HTF_DETVSXR,Israel,ALLAGE,Both sexes,0.08
2012,VC_HTF_DETVSXR,Israel,ALLAGE,Both sexes,0.42
2013,VC_HTF_DETVSXR,Israel,ALLAGE,Both sexes,0.48
2014,VC_HTF_DETVSXR,Israel,ALLAGE,Both sexes,0.52
2014,VC_HTF_DETVSXR,Israel,18+,Male,1.59
2015,VC_HTF_DETVSXR,Israel,18+,Male,0.76
2015,VC_HTF_DETVSXR,Israel,ALLAGE,Both sexes,0.44
2015,VC_HTF_DETVSXR,Israel,18+,Female,0.55
2016,VC_HTF_DETVSXR,Israel,18+,Female,0.43
2016,VC_HTF_DETVSXR,Israel,18+,Male,0.63
2016,VC_HTF_DETVSXR,Israel,ALLAGE,Both sexes,0.36
2017,VC_HTF_DETVSXR,Israel,18+,Female,0.81
2017,VC_HTF_DETVSXR,Israel,ALLAGE,Both sexes,0.51
2017,VC_HTF_DETVSXR,Israel,18+,Male,0.7
2018,VC_HTF_DETVSXR,Israel,ALLAGE,Both sexes,0.54
2018,VC_HTF_DETVSXR,Israel,18+,Male,1.04
2018,VC_HTF_DETVSXR,Israel,18+,Female,0.59
2019,VC_HTF_DETVSXR,Israel,18+,Male,1.38
2019,VC_HTF_DETVSXR,Israel,ALLAGE,Both sexes,0.45
2020,VC_HTF_DETVSXR,Israel,18+,Male,0.28
2020,VC_HTF_DETVSXR,Israel,ALLAGE,Both sexes,0.09
2007,VC_HTF_DETVSXR,Italy,ALLAGE,Both sexes,0.83
2008,VC_HTF_DETVSXR,Italy,ALLAGE,Both sexes,0.67
2009,VC_HTF_DETVSXR,Italy,ALLAGE,Both sexes,0.7
2014,VC_HTF_DETVSXR,Italy,<18Y,Female,0.8
2014,VC_HTF_DETVSXR,Italy,<18Y,Male,0.98
2014,VC_HTF_DETVSXR,Italy,ALLAGE,Both sexes,1.22
2014,VC_HTF_DETVSXR,Italy,18+,Male,2.47
2014,VC_HTF_DETVSXR,Italy,18+,Female,0.2
2015,VC_HTF_DETVSXR,Italy,18+,Female,0.24
2015,VC_HTF_DETVSXR,Italy,18+,Male,1.79
2015,VC_HTF_DETVSXR,Italy,<18Y,Female,0.97
2015,VC_HTF_DETVSXR,Italy,ALLAGE,Both sexes,1.01
2015,VC_HTF_DETVSXR,Italy,<18Y,Male,1.26
2016,VC_HTF_DETVSXR,Italy,<18Y,Male,1.53
2016,VC_HTF_DETVSXR,Italy,18+,Female,0.4
2016,VC_HTF_DETVSXR,Italy,ALLAGE,Both sexes,1.01
2016,VC_HTF_DETVSXR,Italy,18+,Male,1.59
2016,VC_HTF_DETVSXR,Italy,<18Y,Female,0.9
2017,VC_HTF_DETVSXR,Italy,18+,Both sexes,0.77
2017,VC_HTF_DETVSXR,Italy,18+,Female,0.37
2017,VC_HTF_DETVSXR,Italy,ALLAGE,Both sexes,0.78
2017,VC_HTF_DETVSXR,Italy,<18Y,Both sexes,0.84
2017,VC_HTF_DETVSXR,Italy,<18Y,Male,1.15
2017,VC_HTF_DETVSXR,Italy,18+,Male,1.2
2017,VC_HTF_DETVSXR,Italy,<18Y,Female,0.51
2018,VC_HTF_DETVSXR,Italy,18+,Both sexes,0.63
2018,VC_HTF_DETVSXR,Italy,ALLAGE,Both sexes,0.67
2018,VC_HTF_DETVSXR,Italy,<18Y,Both sexes,0.88
2018,VC_HTF_DETVSXR,Italy,18+,Female,0.2
2018,VC_HTF_DETVSXR,Italy,<18Y,Male,1.11
2018,VC_HTF_DETVSXR,Italy,18+,Male,1.1
2018,VC_HTF_DETVSXR,Italy,<18Y,Female,0.64
2019,VC_HTF_DETVSXR,Italy,<18Y,Female,0.48
2019,VC_HTF_DETVSXR,Italy,18+,Both sexes,0.54
2019,VC_HTF_DETVSXR,Italy,<18Y,Both sexes,0.6
2019,VC_HTF_DETVSXR,Italy,ALLAGE,Both sexes,0.55
2019,VC_HTF_DETVSXR,Italy,18+,Male,0.79
2019,VC_HTF_DETVSXR,Italy,18+,Female,0.31
2019,VC_HTF_DETVSXR,Italy,<18Y,Male,0.72
2020,VC_HTF_DETVSXR,Italy,18+,Both sexes,0.26
2020,VC_HTF_DETVSXR,Italy,ALLAGE,Both sexes,0.22
2020,VC_HTF_DETVSXR,Italy,18+,Male,0.47
2020,VC_HTF_DETVSXR,Italy,18+,Female,0.06
2021,VC_HTF_DETVSXR,Italy,ALLAGE,Both sexes,0.73
2005,VC_HTF_DETVSXR,Japan,ALLAGE,Both sexes,0.01
2006,VC_HTF_DETVSXR,Japan,ALLAGE,Both sexes,0.09
2007,VC_HTF_DETVSXR,Japan,ALLAGE,Both sexes,0.03
2010,VC_HTF_DETVSXR,Japan,ALLAGE,Both sexes,0.0
2011,VC_HTF_DETVSXR,Japan,ALLAGE,Both sexes,0.01
2012,VC_HTF_DETVSXR,Japan,ALLAGE,Both sexes,0.01
2013,VC_HTF_DETVSXR,Japan,ALLAGE,Both sexes,0.01
2014,VC_HTF_DETVSXR,Japan,ALLAGE,Both sexes,0.01
2014,VC_HTF_DETVSXR,Japan,18+,Male,0.02
2014,VC_HTF_DETVSXR,Japan,<18Y,Male,0.07
2015,VC_HTF_DETVSXR,Japan,<18Y,Male,0.05
2015,VC_HTF_DETVSXR,Japan,18+,Male,0.03
2015,VC_HTF_DETVSXR,Japan,ALLAGE,Both sexes,0.02
2016,VC_HTF_DETVSXR,Japan,ALLAGE,Both sexes,0.03
2016,VC_HTF_DETVSXR,Japan,18+,Male,0.05
2016,VC_HTF_DETVSXR,Japan,<18Y,Male,0.1
2017,VC_HTF_DETVSXR,Japan,ALLAGE,Both sexes,0.02
2018,VC_HTF_DETVSXR,Japan,ALLAGE,Both sexes,0.02
2020,VC_HTF_DETVSXR,Japan,18+,Both sexes,0.01
2020,VC_HTF_DETVSXR,Japan,18+,Male,0.01
2020,VC_HTF_DETVSXR,Japan,ALLAGE,Both sexes,0.02
2020,VC_HTF_DETVSXR,Japan,<18Y,Male,0.19
2020,VC_HTF_DETVSXR,Japan,<18Y,Both sexes,0.1
2008,VC_HTF_DETVSXR,Kazakhstan,ALLAGE,Both sexes,0.11
2009,VC_HTF_DETVSXR,Kazakhstan,ALLAGE,Both sexes,0.13
2017,VC_HTF_DETVSXR,Kazakhstan,ALLAGE,Both sexes,0.27
2018,VC_HTF_DETVSXR,Kazakhstan,ALLAGE,Both sexes,0.43
2019,VC_HTF_DETVSXR,Kazakhstan,ALLAGE,Both sexes,0.19
2020,VC_HTF_DETVSXR,Kazakhstan,ALLAGE,Both sexes,0.35
2008,VC_HTF_DETVSXR,Latvia,ALLAGE,Both sexes,0.23
2009,VC_HTF_DETVSXR,Latvia,ALLAGE,Both sexes,0.38
2012,VC_HTF_DETVSXR,Latvia,ALLAGE,Both sexes,0.29
2016,VC_HTF_DETVSXR,Latvia,ALLAGE,Both sexes,0.56
2016,VC_HTF_DETVSXR,Latvia,18+,Male,1.1
2017,VC_HTF_DETVSXR,Latvia,18+,Both sexes,0.38
2017,VC_HTF_DETVSXR,Latvia,18+,Male,0.84
2017,VC_HTF_DETVSXR,Latvia,ALLAGE,Both sexes,0.41
2018,VC_HTF_DETVSXR,Latvia,18+,Both sexes,0.38
2018,VC_HTF_DETVSXR,Latvia,ALLAGE,Both sexes,0.31
2018,VC_HTF_DETVSXR,Latvia,18+,Male,0.7
2019,VC_HTF_DETVSXR,Latvia,18+,Male,0.85
2019,VC_HTF_DETVSXR,Latvia,ALLAGE,Both sexes,0.37
2019,VC_HTF_DETVSXR,Latvia,18+,Both sexes,0.38
2019,VC_HTF_DETVSXR,Latvia,18+,Female,0.7
2020,VC_HTF_DETVSXR,Latvia,ALLAGE,Both sexes,0.53
2020,VC_HTF_DETVSXR,Latvia,18+,Male,1.15
2020,VC_HTF_DETVSXR,Latvia,18+,Both sexes,0.52
2010,VC_HTF_DETVSXR,Lithuania,ALLAGE,Both sexes,0.48
2011,VC_HTF_DETVSXR,Lithuania,ALLAGE,Both sexes,0.68
2012,VC_HTF_DETVSXR,Lithuania,ALLAGE,Both sexes,0.33
2014,VC_HTF_DETVSXR,Lithuania,18+,Male,0.63
2014,VC_HTF_DETVSXR,Lithuania,ALLAGE,Both sexes,0.27
2015,VC_HTF_DETVSXR,Lithuania,ALLAGE,Both sexes,0.71
2015,VC_HTF_DETVSXR,Lithuania,18+,Male,1.0
2015,VC_HTF_DETVSXR,Lithuania,<18Y,Male,3.71
2016,VC_HTF_DETVSXR,Lithuania,18+,Male,0.91
2016,VC_HTF_DETVSXR,Lithuania,ALLAGE,Both sexes,0.37
2017,VC_HTF_DETVSXR,Lithuania,ALLAGE,Both sexes,0.31
2017,VC_HTF_DETVSXR,Lithuania,18+,Male,0.55
2018,VC_HTF_DETVSXR,Lithuania,ALLAGE,Both sexes,1.08
2018,VC_HTF_DETVSXR,Lithuania,18+,Male,2.87
2019,VC_HTF_DETVSXR,Lithuania,ALLAGE,Both sexes,0.63
2019,VC_HTF_DETVSXR,Lithuania,18+,Male,1.4
2020,VC_HTF_DETVSXR,Lithuania,ALLAGE,Both sexes,0.32
2020,VC_HTF_DETVSXR,Lithuania,18+,Both sexes,0.39
2020,VC_HTF_DETVSXR,Lithuania,18+,Male,0.85
2013,VC_HTF_DETVSXR,Luxembourg,ALLAGE,Both sexes,1.84
2014,VC_HTF_DETVSXR,Luxembourg,ALLAGE,Both sexes,0.9
2015,VC_HTF_DETVSXR,Luxembourg,ALLAGE,Both sexes,1.23
2016,VC_HTF_DETVSXR,Luxembourg,ALLAGE,Both sexes,2.23
2018,VC_HTF_DETVSXR,Luxembourg,ALLAGE,Both sexes,0.82
2018,VC_HTF_DETVSXR,Luxembourg,18+,Both sexes,1.02
2007,VC_HTF_DETVSXR,Malta,ALLAGE,Both sexes,1.7
2013,VC_HTF_DETVSXR,Malta,ALLAGE,Both sexes,2.29
2014,VC_HTF_DETVSXR,Malta,ALLAGE,Both sexes,1.57
2017,VC_HTF_DETVSXR,Malta,18+,Male,2.44
2017,VC_HTF_DETVSXR,Malta,ALLAGE,Both sexes,1.04
2017,VC_HTF_DETVSXR,Malta,18+,Both sexes,1.49
2020,VC_HTF_DETVSXR,Malta,ALLAGE,Both sexes,1.16
2006,VC_HTF_DETVSXR,Mexico,ALLAGE,Both sexes,0.01
2008,VC_HTF_DETVSXR,Mexico,ALLAGE,Both sexes,0.02
2009,VC_HTF_DETVSXR,Mexico,ALLAGE,Both sexes,0.02
2010,VC_HTF_DETVSXR,Mexico,ALLAGE,Both sexes,0.05
2011,VC_HTF_DETVSXR,Mexico,ALLAGE,Both sexes,0.06
2012,VC_HTF_DETVSXR,Mexico,ALLAGE,Both sexes,0.03
2013,VC_HTF_DETVSXR,Mexico,ALLAGE,Both sexes,0.05
2014,VC_HTF_DETVSXR,Mexico,ALLAGE,Both sexes,0.08
2015,VC_HTF_DETVSXR,Mexico,<18Y,Male,0.96
2015,VC_HTF_DETVSXR,Mexico,ALLAGE,Both sexes,0.69
2015,VC_HTF_DETVSXR,Mexico,18+,Female,0.02
2015,VC_HTF_DETVSXR,Mexico,18+,Male,1.31
2016,VC_HTF_DETVSXR,Mexico,<18Y,Female,0.1
2016,VC_HTF_DETVSXR,Mexico,<18Y,Male,0.76
2016,VC_HTF_DETVSXR,Mexico,18+,Female,0.03
2016,VC_HTF_DETVSXR,Mexico,18+,Female,0.03
