Year,Metric,Country,Value
2021,Government Effectiveness,Albania,-0.003363639
2020,Government Effectiveness,Albania,-0.124956653
2019,Government Effectiveness,Albania,-0.033333246
2018,Government Effectiveness,Albania,0.110513411
2017,Government Effectiveness,Albania,0.12872985
2016,Government Effectiveness,Albania,0.059715111
2015,Government Effectiveness,Albania,0.059288189
2014,Government Effectiveness,Albania,-0.048802413
2013,Government Effectiveness,Albania,-0.323595732
2012,Government Effectiveness,Albania,-0.267875999
2011,Government Effectiveness,Albania,-0.200375155
2010,Government Effectiveness,Albania,-0.278687119
2009,Government Effectiveness,Albania,-0.254886448
2008,Government Effectiveness,Albania,-0.370871335
2007,Government Effectiveness,Albania,-0.431428492
2006,Government Effectiveness,Albania,-0.586620808
2005,Government Effectiveness,Albania,-0.704830587
2004,Government Effectiveness,Albania,-0.40906176
2003,Government Effectiveness,Albania,-0.569067299
2002,Government Effectiveness,Albania,-0.624333382
2000,Government Effectiveness,Albania,-0.917780161
1998,Government Effectiveness,Albania,-0.732602537
1996,Government Effectiveness,Albania,-0.688587904
2021,Government Effectiveness,Armenia,-0.249556035
2020,Government Effectiveness,Armenia,-0.274477035
2019,Government Effectiveness,Armenia,-0.197479233
2018,Government Effectiveness,Armenia,-0.141409367
2017,Government Effectiveness,Armenia,-0.215339452
2016,Government Effectiveness,Armenia,-0.275093079
2015,Government Effectiveness,Armenia,-0.276716083
2014,Government Effectiveness,Armenia,-0.251768827
2013,Government Effectiveness,Armenia,0.085326582
2012,Government Effectiveness,Armenia,-0.026902404
2011,Government Effectiveness,Armenia,-0.10899628
2010,Government Effectiveness,Armenia,-0.16639477
2009,Government Effectiveness,Armenia,-0.019941108
2008,Government Effectiveness,Armenia,-0.170738295
2007,Government Effectiveness,Armenia,-0.377753705
2006,Government Effectiveness,Armenia,-0.261045575
2005,Government Effectiveness,Armenia,-0.139261931
2004,Government Effectiveness,Armenia,-0.108692862
2003,Government Effectiveness,Armenia,-0.19081755
2002,Government Effectiveness,Armenia,-0.045769267
2000,Government Effectiveness,Armenia,-0.546417594
1998,Government Effectiveness,Armenia,-0.546766698
1996,Government Effectiveness,Armenia,-0.380564451
2021,Government Effectiveness,Austria,1.570008159
2020,Government Effectiveness,Austria,1.645901203
2019,Government Effectiveness,Austria,1.521145463
2018,Government Effectiveness,Austria,1.48801589
2017,Government Effectiveness,Austria,1.499537706
2016,Government Effectiveness,Austria,1.504635811
2015,Government Effectiveness,Austria,1.477876067
2014,Government Effectiveness,Austria,1.553547144
2013,Government Effectiveness,Austria,1.571748018
2012,Government Effectiveness,Austria,1.559877157
2011,Government Effectiveness,Austria,1.602670074
2010,Government Effectiveness,Austria,1.812320471
2009,Government Effectiveness,Austria,1.662537932
2008,Government Effectiveness,Austria,1.771052599
2007,Government Effectiveness,Austria,1.862879634
2006,Government Effectiveness,Austria,1.826991677
2005,Government Effectiveness,Austria,1.679051638
2004,Government Effectiveness,Austria,1.843319774
2003,Government Effectiveness,Austria,1.929604173
2002,Government Effectiveness,Austria,1.880228162
2000,Government Effectiveness,Austria,1.847265244
1998,Government Effectiveness,Austria,1.803506255
1996,Government Effectiveness,Austria,1.731649637
2021,Government Effectiveness,Azerbaijan,0.247684523
2020,Government Effectiveness,Azerbaijan,-0.116941825
2019,Government Effectiveness,Azerbaijan,-0.08649461
2018,Government Effectiveness,Azerbaijan,-0.104204588
2017,Government Effectiveness,Azerbaijan,-0.129922405
2016,Government Effectiveness,Azerbaijan,-0.11617627
2015,Government Effectiveness,Azerbaijan,-0.218868449
2014,Government Effectiveness,Azerbaijan,-0.305417299
2013,Government Effectiveness,Azerbaijan,-0.444532543
2012,Government Effectiveness,Azerbaijan,-0.78799051
2011,Government Effectiveness,Azerbaijan,-0.770396113
2010,Government Effectiveness,Azerbaijan,-0.811674297
2009,Government Effectiveness,Azerbaijan,-0.661590874
2008,Government Effectiveness,Azerbaijan,-0.784415364
2007,Government Effectiveness,Azerbaijan,-0.800852239
2006,Government Effectiveness,Azerbaijan,-0.667855263
2005,Government Effectiveness,Azerbaijan,-0.738662243
2004,Government Effectiveness,Azerbaijan,-0.930401146
2003,Government Effectiveness,Azerbaijan,-0.929972351
2002,Government Effectiveness,Azerbaijan,-0.985208631
2000,Government Effectiveness,Azerbaijan,-0.951395214
1998,Government Effectiveness,Azerbaijan,-0.933607459
1996,Government Effectiveness,Azerbaijan,-0.916389585
2021,Government Effectiveness,Belgium,1.125090241
2020,Government Effectiveness,Belgium,1.116143942
2019,Government Effectiveness,Belgium,1.142297983
2018,Government Effectiveness,Belgium,1.256181955
2017,Government Effectiveness,Belgium,1.271787643
2016,Government Effectiveness,Belgium,1.427392483
2015,Government Effectiveness,Belgium,1.556387544
2014,Government Effectiveness,Belgium,1.518173218
2013,Government Effectiveness,Belgium,1.702398062
2012,Government Effectiveness,Belgium,1.670858145
2011,Government Effectiveness,Belgium,1.723260999
2010,Government Effectiveness,Belgium,1.654006839
2009,Government Effectiveness,Belgium,1.567259312
2008,Government Effectiveness,Belgium,1.380659461
2007,Government Effectiveness,Belgium,1.60173285
2006,Government Effectiveness,Belgium,1.742777586
2005,Government Effectiveness,Belgium,1.706026554
2004,Government Effectiveness,Belgium,1.853857398
2003,Government Effectiveness,Belgium,1.867962003
2002,Government Effectiveness,Belgium,1.915110826
2000,Government Effectiveness,Belgium,1.659194231
1998,Government Effectiveness,Belgium,1.770154357
1996,Government Effectiveness,Belgium,1.711543679
2021,Government Effectiveness,Bulgaria,-0.139183074
2020,Government Effectiveness,Bulgaria,-0.182731494
2019,Government Effectiveness,Bulgaria,0.202311069
2018,Government Effectiveness,Bulgaria,0.140734524
2017,Government Effectiveness,Bulgaria,0.128312349
2016,Government Effectiveness,Bulgaria,0.120276362
2015,Government Effectiveness,Bulgaria,0.016386688
2014,Government Effectiveness,Bulgaria,-0.11380437
2013,Government Effectiveness,Bulgaria,-0.015521661
2012,Government Effectiveness,Bulgaria,-0.031450093
2011,Government Effectiveness,Bulgaria,-0.075621031
2010,Government Effectiveness,Bulgaria,-0.069736719
2009,Government Effectiveness,Bulgaria,0.068754435
2008,Government Effectiveness,Bulgaria,-0.18058373
2007,Government Effectiveness,Bulgaria,-0.126671836
2006,Government Effectiveness,Bulgaria,-0.136293441
2005,Government Effectiveness,Bulgaria,0.131950036
2004,Government Effectiveness,Bulgaria,0.075740859
2003,Government Effectiveness,Bulgaria,0.030534759
2002,Government Effectiveness,Bulgaria,0.173596397
2000,Government Effectiveness,Bulgaria,0.037975479
1998,Government Effectiveness,Bulgaria,-0.083464123
1996,Government Effectiveness,Bulgaria,-0.042584829
2021,Government Effectiveness,Bosnia and Herzegovina,-1.041251063
2020,Government Effectiveness,Bosnia and Herzegovina,-1.043453574
2019,Government Effectiveness,Bosnia and Herzegovina,-0.669898689
2018,Government Effectiveness,Bosnia and Herzegovina,-0.638621569
2017,Government Effectiveness,Bosnia and Herzegovina,-0.484354198
2016,Government Effectiveness,Bosnia and Herzegovina,-0.413330823
2015,Government Effectiveness,Bosnia and Herzegovina,-0.589775622
2014,Government Effectiveness,Bosnia and Herzegovina,-0.48677516
2013,Government Effectiveness,Bosnia and Herzegovina,-0.427030027
2012,Government Effectiveness,Bosnia and Herzegovina,-0.449273467
2011,Government Effectiveness,Bosnia and Herzegovina,-0.733116925
2010,Government Effectiveness,Bosnia and Herzegovina,-0.737868011
2009,Government Effectiveness,Bosnia and Herzegovina,-0.719220936
2008,Government Effectiveness,Bosnia and Herzegovina,-0.602844954
2007,Government Effectiveness,Bosnia and Herzegovina,-0.860691369
2006,Government Effectiveness,Bosnia and Herzegovina,-0.633571148
2005,Government Effectiveness,Bosnia and Herzegovina,-0.766192019
2004,Government Effectiveness,Bosnia and Herzegovina,-0.704951227
2003,Government Effectiveness,Bosnia and Herzegovina,-0.888265491
2002,Government Effectiveness,Bosnia and Herzegovina,-1.071950078
2000,Government Effectiveness,Bosnia and Herzegovina,-1.057379365
1998,Government Effectiveness,Bosnia and Herzegovina,-1.20836997
1996,Government Effectiveness,Bosnia and Herzegovina,-1.192045927
2021,Government Effectiveness,Belarus,-0.770816863
2020,Government Effectiveness,Belarus,-0.798498213
2019,Government Effectiveness,Belarus,-0.129739583
2018,Government Effectiveness,Belarus,-0.25573644
2017,Government Effectiveness,Belarus,-0.315424979
2016,Government Effectiveness,Belarus,-0.472853124
2015,Government Effectiveness,Belarus,-0.447351336
2014,Government Effectiveness,Belarus,-0.480019152
2013,Government Effectiveness,Belarus,-0.95636642
2012,Government Effectiveness,Belarus,-0.967426658
2011,Government Effectiveness,Belarus,-1.191681385
2010,Government Effectiveness,Belarus,-1.188547492
2009,Government Effectiveness,Belarus,-1.209062576
2008,Government Effectiveness,Belarus,-1.167096853
2007,Government Effectiveness,Belarus,-1.160435677
2006,Government Effectiveness,Belarus,-1.203712702
2005,Government Effectiveness,Belarus,-1.133684516
2004,Government Effectiveness,Belarus,-1.207640886
2003,Government Effectiveness,Belarus,-1.046411037
2002,Government Effectiveness,Belarus,-1.043802381
2000,Government Effectiveness,Belarus,-0.721570194
1998,Government Effectiveness,Belarus,-0.546766698
1996,Government Effectiveness,Belarus,-0.380564451
2021,Government Effectiveness,Switzerland,2.032248974
2020,Government Effectiveness,Switzerland,2.010252953
2019,Government Effectiveness,Switzerland,1.944320321
2018,Government Effectiveness,Switzerland,2.030540466
2017,Government Effectiveness,Switzerland,2.050233603
2016,Government Effectiveness,Switzerland,2.000655413
2015,Government Effectiveness,Switzerland,1.992946982
2014,Government Effectiveness,Switzerland,2.105137587
2013,Government Effectiveness,Switzerland,1.816834927
2012,Government Effectiveness,Switzerland,1.882501483
2011,Government Effectiveness,Switzerland,1.861428857
2010,Government Effectiveness,Switzerland,1.870759368
2009,Government Effectiveness,Switzerland,1.944823146
2008,Government Effectiveness,Switzerland,2.026931286
2007,Government Effectiveness,Switzerland,2.035068274
2006,Government Effectiveness,Switzerland,2.074852467
2005,Government Effectiveness,Switzerland,1.845770478
2004,Government Effectiveness,Switzerland,2.158038378
2003,Government Effectiveness,Switzerland,1.752962708
2002,Government Effectiveness,Switzerland,1.937041759
2000,Government Effectiveness,Switzerland,1.956340551
1998,Government Effectiveness,Switzerland,1.906915069
1996,Government Effectiveness,Switzerland,1.757080555
2021,Government Effectiveness,Cyprus,0.736126184
2020,Government Effectiveness,Cyprus,0.875510335
2019,Government Effectiveness,Cyprus,0.98665911
2018,Government Effectiveness,Cyprus,0.914614916
2017,Government Effectiveness,Cyprus,0.916094303
2016,Government Effectiveness,Cyprus,0.956362784
2015,Government Effectiveness,Cyprus,1.045255303
2014,Government Effectiveness,Cyprus,1.135781765
2013,Government Effectiveness,Cyprus,1.360271811
2012,Government Effectiveness,Cyprus,1.383294225
2011,Government Effectiveness,Cyprus,1.557673216
2010,Government Effectiveness,Cyprus,1.526306391
2009,Government Effectiveness,Cyprus,1.414181828
2008,Government Effectiveness,Cyprus,1.523222446
2007,Government Effectiveness,Cyprus,1.420614243
2006,Government Effectiveness,Cyprus,1.261408091
2005,Government Effectiveness,Cyprus,1.152060747
2004,Government Effectiveness,Cyprus,1.107135057
2003,Government Effectiveness,Cyprus,1.122801542
2002,Government Effectiveness,Cyprus,1.295337439
2000,Government Effectiveness,Cyprus,1.074904203
1998,Government Effectiveness,Cyprus,1.19583571
1996,Government Effectiveness,Cyprus,1.171663761
2021,Government Effectiveness,Czechia,1.110251784
2020,Government Effectiveness,Czechia,0.949175954
2019,Government Effectiveness,Czechia,0.949878514
2018,Government Effectiveness,Czechia,0.983867347
2017,Government Effectiveness,Czechia,1.064538956
2016,Government Effectiveness,Czechia,1.040519714
2015,Government Effectiveness,Czechia,1.056754947
2014,Government Effectiveness,Czechia,1.034445882
2013,Government Effectiveness,Czechia,0.921189189
2012,Government Effectiveness,Czechia,0.926879466
2011,Government Effectiveness,Czechia,0.928563893
2010,Government Effectiveness,Czechia,0.907329381
2009,Government Effectiveness,Czechia,0.8788656
2008,Government Effectiveness,Czechia,0.955989301
2007,Government Effectiveness,Czechia,0.847948611
2006,Government Effectiveness,Czechia,1.089976907
2005,Government Effectiveness,Czechia,0.919466615
2004,Government Effectiveness,Czechia,0.869733334
2003,Government Effectiveness,Czechia,0.858715713
2002,Government Effectiveness,Czechia,0.921997309
2000,Government Effectiveness,Czechia,0.587459147
1998,Government Effectiveness,Czechia,0.585556746
1996,Government Effectiveness,Czechia,0.620582998
2021,Government Effectiveness,Germany,1.331146359
2020,Government Effectiveness,Germany,1.352196813
2019,Government Effectiveness,Germany,1.524563909
2018,Government Effectiveness,Germany,1.556094408
2017,Government Effectiveness,Germany,1.645124197
2016,Government Effectiveness,Germany,1.689760208
2015,Government Effectiveness,Germany,1.682785392
2014,Government Effectiveness,Germany,1.665354967
2013,Government Effectiveness,Germany,1.510821939
2012,Government Effectiveness,Germany,1.530664206
2011,Government Effectiveness,Germany,1.499923468
2010,Government Effectiveness,Germany,1.515488744
2009,Government Effectiveness,Germany,1.574908257
2008,Government Effectiveness,Germany,1.513504505
2007,Government Effectiveness,Germany,1.630697012
2006,Government Effectiveness,Germany,1.645597935
2005,Government Effectiveness,Germany,1.5000844
2004,Government Effectiveness,Germany,1.466727853
2003,Government Effectiveness,Germany,1.356821299
2002,Government Effectiveness,Germany,1.660018086
2000,Government Effectiveness,Germany,1.804531693
1998,Government Effectiveness,Germany,1.812501669
1996,Government Effectiveness,Germany,1.724676728
2021,Government Effectiveness,Denmark,2.004073381
2020,Government Effectiveness,Denmark,1.881267548
2019,Government Effectiveness,Denmark,1.902856112
2018,Government Effectiveness,Denmark,1.843762279
2017,Government Effectiveness,Denmark,1.779105067
2016,Government Effectiveness,Denmark,1.850564837
2015,Government Effectiveness,Denmark,1.820994139
2014,Government Effectiveness,Denmark,1.785350323
2013,Government Effectiveness,Denmark,1.943543196
2012,Government Effectiveness,Denmark,1.98666501
2011,Government Effectiveness,Denmark,2.100861073
2010,Government Effectiveness,Denmark,2.09987402
2009,Government Effectiveness,Denmark,2.228404284
2008,Government Effectiveness,Denmark,2.240653992
2007,Government Effectiveness,Denmark,2.346357107
2006,Government Effectiveness,Denmark,2.223527431
2005,Government Effectiveness,Denmark,2.114338875
2004,Government Effectiveness,Denmark,2.286734104
2003,Government Effectiveness,Denmark,2.087046385
2002,Government Effectiveness,Denmark,2.024043322
2000,Government Effectiveness,Denmark,1.896548867
1998,Government Effectiveness,Denmark,1.910748959
1996,Government Effectiveness,Denmark,1.759047866
2021,Government Effectiveness,Spain,0.947267354
2020,Government Effectiveness,Spain,0.887231767
2019,Government Effectiveness,Spain,0.995634913
2018,Government Effectiveness,Spain,1.000047803
2017,Government Effectiveness,Spain,1.032243013
2016,Government Effectiveness,Spain,1.125179887
2015,Government Effectiveness,Spain,1.184805393
2014,Government Effectiveness,Spain,1.17374742
2013,Government Effectiveness,Spain,1.168068171
2012,Government Effectiveness,Spain,1.056865692
2011,Government Effectiveness,Spain,0.97218442
2010,Government Effectiveness,Spain,0.942760587
2009,Government Effectiveness,Spain,0.941483974
2008,Government Effectiveness,Spain,0.912080109
2007,Government Effectiveness,Spain,0.986619413
2006,Government Effectiveness,Spain,0.829858661
2005,Government Effectiveness,Spain,1.501133561
2004,Government Effectiveness,Spain,1.331858158
2003,Government Effectiveness,Spain,1.816004276
2002,Government Effectiveness,Spain,1.786120415
2000,Government Effectiveness,Spain,1.685757279
1998,Government Effectiveness,Spain,1.597302556
1996,Government Effectiveness,Spain,1.620027184
2021,Government Effectiveness,Estonia,1.382561922
2020,Government Effectiveness,Estonia,1.334767699
2019,Government Effectiveness,Estonia,1.168541312
2018,Government Effectiveness,Estonia,1.184973955
2017,Government Effectiveness,Estonia,1.105115891
2016,Government Effectiveness,Estonia,1.085860014
2015,Government Effectiveness,Estonia,1.064577818
2014,Government Effectiveness,Estonia,1.012398362
2013,Government Effectiveness,Estonia,0.969612479
2012,Government Effectiveness,Estonia,0.948040783
2011,Government Effectiveness,Estonia,1.070859671
2010,Government Effectiveness,Estonia,1.08025527
2009,Government Effectiveness,Estonia,1.004792809
2008,Government Effectiveness,Estonia,1.163612366
2007,Government Effectiveness,Estonia,1.011038184
2006,Government Effectiveness,Estonia,1.15086925
2005,Government Effectiveness,Estonia,0.940140545
2004,Government Effectiveness,Estonia,0.908039093
2003,Government Effectiveness,Estonia,0.884159386
2002,Government Effectiveness,Estonia,0.667886496
2000,Government Effectiveness,Estonia,0.687826872
1998,Government Effectiveness,Estonia,0.495435953
1996,Government Effectiveness,Estonia,0.61150378
2021,Government Effectiveness,Finland,1.960441709
2020,Government Effectiveness,Finland,1.939224124
2019,Government Effectiveness,Finland,1.999046803
2018,Government Effectiveness,Finland,2.047128677
2017,Government Effectiveness,Finland,2.0096457
2016,Government Effectiveness,Finland,1.870932937
2015,Government Effectiveness,Finland,1.869519949
2014,Government Effectiveness,Finland,2.025872469
2013,Government Effectiveness,Finland,2.181060553
2012,Government Effectiveness,Finland,2.209977865
2011,Government Effectiveness,Finland,2.234978914
2010,Government Effectiveness,Finland,2.223692417
2009,Government Effectiveness,Finland,2.225256205
2008,Government Effectiveness,Finland,2.040577412
2007,Government Effectiveness,Finland,1.967402577
2006,Government Effectiveness,Finland,2.167194843
2005,Government Effectiveness,Finland,2.123961926
2004,Government Effectiveness,Finland,2.147143364
2003,Government Effectiveness,Finland,2.193020582
2002,Government Effectiveness,Finland,2.096402645
2000,Government Effectiveness,Finland,2.029718637
1998,Government Effectiveness,Finland,1.949857116
1996,Government Effectiveness,Finland,1.724996448
2021,Government Effectiveness,France,1.2675246
2020,Government Effectiveness,France,1.239420533
2019,Government Effectiveness,France,1.365859389
2018,Government Effectiveness,France,1.452368259
2017,Government Effectiveness,France,1.340848088
2016,Government Effectiveness,France,1.410835743
2015,Government Effectiveness,France,1.444361925
2014,Government Effectiveness,France,1.4134444
2013,Government Effectiveness,France,1.482449055
2012,Government Effectiveness,France,1.373074651
2011,Government Effectiveness,France,1.392090917
2010,Government Effectiveness,France,1.462455153
2009,Government Effectiveness,France,1.476853848
2008,Government Effectiveness,France,1.573470831
2007,Government Effectiveness,France,1.464010477
2006,Government Effectiveness,France,1.628099561
2005,Government Effectiveness,France,1.665979981
2004,Government Effectiveness,France,1.755186558
2003,Government Effectiveness,France,1.650370717
2002,Government Effectiveness,France,1.544081688
2000,Government Effectiveness,France,1.637057304
1998,Government Effectiveness,France,1.45350337
1996,Government Effectiveness,France,1.2518574
2021,Government Effectiveness,Georgia,0.654211462
2020,Government Effectiveness,Georgia,0.753325582
2019,Government Effectiveness,Georgia,0.809545219
2018,Government Effectiveness,Georgia,0.558672607
2017,Government Effectiveness,Georgia,0.520323455
2016,Government Effectiveness,Georgia,0.458598971
2015,Government Effectiveness,Georgia,0.326052338
2014,Government Effectiveness,Georgia,0.430173784
2013,Government Effectiveness,Georgia,0.616263986
2012,Government Effectiveness,Georgia,0.640399277
2011,Government Effectiveness,Georgia,0.591335356
2010,Government Effectiveness,Georgia,0.335790485
2009,Government Effectiveness,Georgia,0.305827439
2008,Government Effectiveness,Georgia,0.313344359
2007,Government Effectiveness,Georgia,0.126756296
2006,Government Effectiveness,Georgia,-0.249387518
2005,Government Effectiveness,Georgia,-0.436386257
2004,Government Effectiveness,Georgia,-0.565151632
2003,Government Effectiveness,Georgia,-0.197516724
2002,Government Effectiveness,Georgia,-0.712642133
2000,Government Effectiveness,Georgia,-0.42815426
1998,Government Effectiveness,Georgia,-0.599871159
1996,Government Effectiveness,Georgia,-0.636936128
2021,Government Effectiveness,Greece,0.443549573
2020,Government Effectiveness,Greece,0.437608153
2019,Government Effectiveness,Greece,0.34478572
2018,Government Effectiveness,Greece,0.288108438
2017,Government Effectiveness,Greece,0.269768149
2016,Government Effectiveness,Greece,0.155969188
2015,Government Effectiveness,Greece,0.175534189
2014,Government Effectiveness,Greece,0.298346072
2013,Government Effectiveness,Greece,0.357484907
2012,Government Effectiveness,Greece,0.276177168
2011,Government Effectiveness,Greece,0.451735079
2010,Government Effectiveness,Greece,0.49269253
2009,Government Effectiveness,Greece,0.614999592
2008,Government Effectiveness,Greece,0.577617407
2007,Government Effectiveness,Greece,0.551542997
2006,Government Effectiveness,Greece,0.62893945
2005,Government Effectiveness,Greece,0.70947206
2004,Government Effectiveness,Greece,0.785593033
2003,Government Effectiveness,Greece,0.703574002
2002,Government Effectiveness,Greece,0.77604568
2000,Government Effectiveness,Greece,0.587037921
1998,Government Effectiveness,Greece,0.736908495
1996,Government Effectiveness,Greece,0.83755517
2021,Government Effectiveness,Croatia,0.591041088
2020,Government Effectiveness,Croatia,0.461028814
2019,Government Effectiveness,Croatia,0.489911973
2018,Government Effectiveness,Croatia,0.547258854
2017,Government Effectiveness,Croatia,0.568788588
2016,Government Effectiveness,Croatia,0.454411864
2015,Government Effectiveness,Croatia,0.486154109
2014,Government Effectiveness,Croatia,0.678440213
2013,Government Effectiveness,Croatia,0.679197311
2012,Government Effectiveness,Croatia,0.678777635
2011,Government Effectiveness,Croatia,0.505918562
2010,Government Effectiveness,Croatia,0.586267292
2009,Government Effectiveness,Croatia,0.590058148
2008,Government Effectiveness,Croatia,0.575831294
2007,Government Effectiveness,Croatia,0.4578031
2006,Government Effectiveness,Croatia,0.555227637
2005,Government Effectiveness,Croatia,0.454719186
2004,Government Effectiveness,Croatia,0.444230616
2003,Government Effectiveness,Croatia,0.317021996
2002,Government Effectiveness,Croatia,0.328575701
2000,Government Effectiveness,Croatia,0.36339438
1998,Government Effectiveness,Croatia,0.038035642
1996,Government Effectiveness,Croatia,0.102206022
2021,Government Effectiveness,Hungary,0.634507835
2020,Government Effectiveness,Hungary,0.573773086
2019,Government Effectiveness,Hungary,0.49152106
2018,Government Effectiveness,Hungary,0.486754298
2017,Government Effectiveness,Hungary,0.522830725
2016,Government Effectiveness,Hungary,0.498613775
2015,Government Effectiveness,Hungary,0.546788156
2014,Government Effectiveness,Hungary,0.5911237
2013,Government Effectiveness,Hungary,0.688397706
2012,Government Effectiveness,Hungary,0.61773026
2011,Government Effectiveness,Hungary,0.659039736
2010,Government Effectiveness,Hungary,0.653526425
2009,Government Effectiveness,Hungary,0.677097797
2008,Government Effectiveness,Hungary,0.701303959
2007,Government Effectiveness,Hungary,0.695779979
2006,Government Effectiveness,Hungary,0.842621207
2005,Government Effectiveness,Hungary,0.751121044
2004,Government Effectiveness,Hungary,0.806912422
2003,Government Effectiveness,Hungary,0.832178175
2002,Government Effectiveness,Hungary,0.991949141
2000,Government Effectiveness,Hungary,0.999929845
1998,Government Effectiveness,Hungary,0.936182857
1996,Government Effectiveness,Hungary,0.863268733
2021,Government Effectiveness,Ireland,1.504413486
2020,Government Effectiveness,Ireland,1.471392989
2019,Government Effectiveness,Ireland,1.285671115
2018,Government Effectiveness,Ireland,1.410582304
2017,Government Effectiveness,Ireland,1.29900372
2016,Government Effectiveness,Ireland,1.359187126
2015,Government Effectiveness,Ireland,1.547636628
2014,Government Effectiveness,Ireland,1.59942472
2013,Government Effectiveness,Ireland,1.504422426
2012,Government Effectiveness,Ireland,1.538757682
2011,Government Effectiveness,Ireland,1.44993639
2010,Government Effectiveness,Ireland,1.344096184
2009,Government Effectiveness,Ireland,1.331987977
2008,Government Effectiveness,Ireland,1.490947008
2007,Government Effectiveness,Ireland,1.553661942
2006,Government Effectiveness,Ireland,1.531305671
2005,Government Effectiveness,Ireland,1.73006916
2004,Government Effectiveness,Ireland,1.518823624
2003,Government Effectiveness,Ireland,1.495900273
2002,Government Effectiveness,Ireland,1.571493626
2000,Government Effectiveness,Ireland,1.592732906
1998,Government Effectiveness,Ireland,1.736843228
1996,Government Effectiveness,Ireland,1.670319676
2021,Government Effectiveness,Iceland,1.638630509
2020,Government Effectiveness,Iceland,1.514867783
2019,Government Effectiveness,Iceland,1.511367917
2018,Government Effectiveness,Iceland,1.458007336
2017,Government Effectiveness,Iceland,1.44565928
2016,Government Effectiveness,Iceland,1.379790545
2015,Government Effectiveness,Iceland,1.487901568
2014,Government Effectiveness,Iceland,1.485888362
2013,Government Effectiveness,Iceland,1.483321667
2012,Government Effectiveness,Iceland,1.482834458
2011,Government Effectiveness,Iceland,1.577260613
2010,Government Effectiveness,Iceland,1.58019805
2009,Government Effectiveness,Iceland,1.631163955
2008,Government Effectiveness,Iceland,1.821932673
2007,Government Effectiveness,Iceland,1.788223982
2006,Government Effectiveness,Iceland,1.889759898
2005,Government Effectiveness,Iceland,1.967950344
2004,Government Effectiveness,Iceland,2.051875591
2003,Government Effectiveness,Iceland,2.039054155
2002,Government Effectiveness,Iceland,1.956811666
2000,Government Effectiveness,Iceland,1.944974422
1998,Government Effectiveness,Iceland,1.84430778
1996,Government Effectiveness,Iceland,1.86076653
2021,Government Effectiveness,Italy,0.361195982
2020,Government Effectiveness,Italy,0.393574446
2019,Government Effectiveness,Italy,0.478667974
2018,Government Effectiveness,Italy,0.438418537
2017,Government Effectiveness,Italy,0.522762895
2016,Government Effectiveness,Italy,0.575462759
2015,Government Effectiveness,Italy,0.519599438
2014,Government Effectiveness,Italy,0.473363519
2013,Government Effectiveness,Italy,0.532884181
2012,Government Effectiveness,Italy,0.447233975
2011,Government Effectiveness,Italy,0.40326032
2010,Government Effectiveness,Italy,0.467079729
2009,Government Effectiveness,Italy,0.417080879
2008,Government Effectiveness,Italy,0.272491664
2007,Government Effectiveness,Italy,0.191472277
2006,Government Effectiveness,Italy,0.355828702
2005,Government Effectiveness,Italy,0.555958807
2004,Government Effectiveness,Italy,0.6278373
2003,Government Effectiveness,Italy,0.743578076
2002,Government Effectiveness,Italy,0.753255427
2000,Government Effectiveness,Italy,0.722742617
1998,Government Effectiveness,Italy,0.829069972
1996,Government Effectiveness,Italy,0.840325475
2021,Government Effectiveness,Kazakhstan,0.064204693
2020,Government Effectiveness,Kazakhstan,0.137930825
2019,Government Effectiveness,Kazakhstan,0.106465772
2018,Government Effectiveness,Kazakhstan,-0.005484037
2017,Government Effectiveness,Kazakhstan,-0.028113032
2016,Government Effectiveness,Kazakhstan,-0.103502668
2015,Government Effectiveness,Kazakhstan,-0.110271521
2014,Government Effectiveness,Kazakhstan,-0.074625477
2013,Government Effectiveness,Kazakhstan,-0.620747626
2012,Government Effectiveness,Kazakhstan,-0.524907649
2011,Government Effectiveness,Kazakhstan,-0.510849118
2010,Government Effectiveness,Kazakhstan,-0.492326558
2009,Government Effectiveness,Kazakhstan,-0.43933332
2008,Government Effectiveness,Kazakhstan,-0.523493052
2007,Government Effectiveness,Kazakhstan,-0.666755974
2006,Government Effectiveness,Kazakhstan,-0.477141738
2005,Government Effectiveness,Kazakhstan,-0.672655463
2004,Government Effectiveness,Kazakhstan,-0.778656363
2003,Government Effectiveness,Kazakhstan,-0.766568899
2002,Government Effectiveness,Kazakhstan,-1.074650884
2000,Government Effectiveness,Kazakhstan,-0.778521121
1998,Government Effectiveness,Kazakhstan,-0.868950129
1996,Government Effectiveness,Kazakhstan,-0.958404481
2021,Government Effectiveness,Kyrgyzstan,-0.727085054
2020,Government Effectiveness,Kyrgyzstan,-0.532788515
2019,Government Effectiveness,Kyrgyzstan,-0.685740709
2018,Government Effectiveness,Kyrgyzstan,-0.606800556
2017,Government Effectiveness,Kyrgyzstan,-0.714723706
2016,Government Effectiveness,Kyrgyzstan,-0.910203934
2015,Government Effectiveness,Kyrgyzstan,-0.924228787
2014,Government Effectiveness,Kyrgyzstan,-0.872626364
2013,Government Effectiveness,Kyrgyzstan,-0.649237752
2012,Government Effectiveness,Kyrgyzstan,-0.646357
2011,Government Effectiveness,Kyrgyzstan,-0.636640549
2010,Government Effectiveness,Kyrgyzstan,-0.657304764
2009,Government Effectiveness,Kyrgyzstan,-0.974274337
2008,Government Effectiveness,Kyrgyzstan,-0.798640192
2007,Government Effectiveness,Kyrgyzstan,-0.784923196
2006,Government Effectiveness,Kyrgyzstan,-0.817205906
2005,Government Effectiveness,Kyrgyzstan,-0.878942847
2004,Government Effectiveness,Kyrgyzstan,-0.650944293
2003,Government Effectiveness,Kyrgyzstan,-0.54651022
2002,Government Effectiveness,Kyrgyzstan,-0.563407242
2000,Government Effectiveness,Kyrgyzstan,-0.405962914
1998,Government Effectiveness,Kyrgyzstan,-0.349467725
1996,Government Effectiveness,Kyrgyzstan,-0.380564451
2021,Government Effectiveness,Lithuania,1.056605458
2020,Government Effectiveness,Lithuania,1.050779223
2019,Government Effectiveness,Lithuania,1.037445188
2018,Government Effectiveness,Lithuania,1.06573236
2017,Government Effectiveness,Lithuania,0.961367905
2016,Government Effectiveness,Lithuania,1.065135598
2015,Government Effectiveness,Lithuania,1.181320071
2014,Government Effectiveness,Lithuania,0.978460312
2013,Government Effectiveness,Lithuania,0.827008486
2012,Government Effectiveness,Lithuania,0.827294707
2011,Government Effectiveness,Lithuania,0.698012173
2010,Government Effectiveness,Lithuania,0.737868845
2009,Government Effectiveness,Lithuania,0.689102888
2008,Government Effectiveness,Lithuania,0.561311007
2007,Government Effectiveness,Lithuania,0.656960011
2006,Government Effectiveness,Lithuania,0.718626559
2005,Government Effectiveness,Lithuania,0.758438647
2004,Government Effectiveness,Lithuania,0.694563508
2003,Government Effectiveness,Lithuania,0.733195126
2002,Government Effectiveness,Lithuania,0.494154572
2000,Government Effectiveness,Lithuania,0.098632507
1998,Government Effectiveness,Lithuania,0.309278876
1996,Government Effectiveness,Lithuania,0.527473867
2021,Government Effectiveness,Luxembourg,1.719043255
2020,Government Effectiveness,Luxembourg,1.832707167
2019,Government Effectiveness,Luxembourg,1.726294041
2018,Government Effectiveness,Luxembourg,1.76979363
2017,Government Effectiveness,Luxembourg,1.677823782
2016,Government Effectiveness,Luxembourg,1.685421586
2015,Government Effectiveness,Luxembourg,1.719474912
2014,Government Effectiveness,Luxembourg,1.64849925
2013,Government Effectiveness,Luxembourg,1.622750998
2012,Government Effectiveness,Luxembourg,1.663306117
2011,Government Effectiveness,Luxembourg,1.742444277
2010,Government Effectiveness,Luxembourg,1.716215968
2009,Government Effectiveness,Luxembourg,1.743312716
2008,Government Effectiveness,Luxembourg,1.616113782
2007,Government Effectiveness,Luxembourg,1.585439801
2006,Government Effectiveness,Luxembourg,1.566454768
2005,Government Effectiveness,Luxembourg,1.771589279
2004,Government Effectiveness,Luxembourg,1.876862526
2003,Government Effectiveness,Luxembourg,1.855200052
2002,Government Effectiveness,Luxembourg,1.975256443
2000,Government Effectiveness,Luxembourg,1.890468955
1998,Government Effectiveness,Luxembourg,1.963496685
1996,Government Effectiveness,Luxembourg,1.959734678
2021,Government Effectiveness,Latvia,0.872736692
2020,Government Effectiveness,Latvia,0.874574065
2019,Government Effectiveness,Latvia,1.098966122
2018,Government Effectiveness,Latvia,1.036858559
2017,Government Effectiveness,Latvia,0.899941564
2016,Government Effectiveness,Latvia,1.000541806
2015,Government Effectiveness,Latvia,1.086005092
2014,Government Effectiveness,Latvia,0.954419672
2013,Government Effectiveness,Latvia,0.884124279
2012,Government Effectiveness,Latvia,0.832318246
2011,Government Effectiveness,Latvia,0.692352653
2010,Government Effectiveness,Latvia,0.726256728
2009,Government Effectiveness,Latvia,0.621094942
2008,Government Effectiveness,Latvia,0.522854865
2007,Government Effectiveness,Latvia,0.425765485
2006,Government Effectiveness,Latvia,0.655937552
2005,Government Effectiveness,Latvia,0.530180514
2004,Government Effectiveness,Latvia,0.576852441
2003,Government Effectiveness,Latvia,0.600961149
2002,Government Effectiveness,Latvia,0.486781418
2000,Government Effectiveness,Latvia,0.209914908
1998,Government Effectiveness,Latvia,0.187779129
1996,Government Effectiveness,Latvia,0.48545891
2021,Government Effectiveness,Moldova,-0.404990613
2020,Government Effectiveness,Moldova,-0.514038086
2019,Government Effectiveness,Moldova,-0.412090153
2018,Government Effectiveness,Moldova,-0.465657294
2017,Government Effectiveness,Moldova,-0.529130578
2016,Government Effectiveness,Moldova,-0.631148696
2015,Government Effectiveness,Moldova,-0.652528584
2014,Government Effectiveness,Moldova,-0.406121105
2013,Government Effectiveness,Moldova,-0.400530994
2012,Government Effectiveness,Moldova,-0.562788844
2011,Government Effectiveness,Moldova,-0.611933291
2010,Government Effectiveness,Moldova,-0.661308467
2009,Government Effectiveness,Moldova,-0.560340583
2008,Government Effectiveness,Moldova,-0.785365343
2007,Government Effectiveness,Moldova,-0.833722353
2006,Government Effectiveness,Moldova,-0.800863206
2005,Government Effectiveness,Moldova,-0.753627777
2004,Government Effectiveness,Moldova,-0.842749298
2003,Government Effectiveness,Moldova,-0.660864532
2002,Government Effectiveness,Moldova,-0.586018622
2000,Government Effectiveness,Moldova,-0.535638273
1998,Government Effectiveness,Moldova,-0.3405855
1996,Government Effectiveness,Moldova,-0.215465322
2021,Government Effectiveness,North Macedonia,-0.084261909
2020,Government Effectiveness,North Macedonia,0.063724369
2019,Government Effectiveness,North Macedonia,-0.097226731
2018,Government Effectiveness,North Macedonia,0.086029783
2017,Government Effectiveness,North Macedonia,0.019064559
2016,Government Effectiveness,North Macedonia,0.002120959
2015,Government Effectiveness,North Macedonia,0.00162897
2014,Government Effectiveness,North Macedonia,0.016454887
2013,Government Effectiveness,North Macedonia,-0.173673421
2012,Government Effectiveness,North Macedonia,-0.217108637
2011,Government Effectiveness,North Macedonia,-0.229721457
2010,Government Effectiveness,North Macedonia,-0.187860429
2009,Government Effectiveness,North Macedonia,-0.135823324
2008,Government Effectiveness,North Macedonia,-0.095967896
2007,Government Effectiveness,North Macedonia,-0.244193807
2006,Government Effectiveness,North Macedonia,-0.1346865
2005,Government Effectiveness,North Macedonia,-0.339008659
2004,Government Effectiveness,North Macedonia,-0.180287644
2003,Government Effectiveness,North Macedonia,-0.411156207
2002,Government Effectiveness,North Macedonia,-0.571167231
2000,Government Effectiveness,North Macedonia,-0.83855319
1998,Government Effectiveness,North Macedonia,-0.724588931
1996,Government Effectiveness,North Macedonia,-0.640733182
2021,Government Effectiveness,Malta,0.892640531
2020,Government Effectiveness,Malta,1.031469941
2019,Government Effectiveness,Malta,0.852863729
2018,Government Effectiveness,Malta,0.962389171
2017,Government Effectiveness,Malta,1.000329137
2016,Government Effectiveness,Malta,0.951220751
2015,Government Effectiveness,Malta,0.847427666
2014,Government Effectiveness,Malta,1.024050117
2013,Government Effectiveness,Malta,1.251851082
2012,Government Effectiveness,Malta,1.240536571
2011,Government Effectiveness,Malta,1.189434648
2010,Government Effectiveness,Malta,1.18726325
2009,Government Effectiveness,Malta,1.169743896
2008,Government Effectiveness,Malta,1.270710707
2007,Government Effectiveness,Malta,1.199490786
2006,Government Effectiveness,Malta,1.018301487
2005,Government Effectiveness,Malta,0.816960216
2004,Government Effectiveness,Malta,0.778789401
2003,Government Effectiveness,Malta,0.87883091
2002,Government Effectiveness,Malta,1.050148249
2000,Government Effectiveness,Malta,1.050507784
1998,Government Effectiveness,Malta,0.892576635
1996,Government Effectiveness,Malta,0.927289665
2021,Government Effectiveness,Montenegro,0.006132639
2020,Government Effectiveness,Montenegro,-0.07089214
2019,Government Effectiveness,Montenegro,0.138532132
2018,Government Effectiveness,Montenegro,0.118020974
2017,Government Effectiveness,Montenegro,0.20202145
2016,Government Effectiveness,Montenegro,0.166023627
2015,Government Effectiveness,Montenegro,0.196320355
2014,Government Effectiveness,Montenegro,0.2928859
2013,Government Effectiveness,Montenegro,0.152013049
2012,Government Effectiveness,Montenegro,0.117444731
2011,Government Effectiveness,Montenegro,0.075811014
2010,Government Effectiveness,Montenegro,0.133294418
2009,Government Effectiveness,Montenegro,-0.010964479
2008,Government Effectiveness,Montenegro,-0.014989525
2007,Government Effectiveness,Montenegro,-0.294287652
2006,Government Effectiveness,Montenegro,0.157076731
2005,Government Effectiveness,Montenegro,0.348541498
2021,Government Effectiveness,Netherlands,1.766682148
2020,Government Effectiveness,Netherlands,1.843825102
2019,Government Effectiveness,Netherlands,1.796130896
2018,Government Effectiveness,Netherlands,1.842903614
2017,Government Effectiveness,Netherlands,1.84633708
2016,Government Effectiveness,Netherlands,1.84961915
2015,Government Effectiveness,Netherlands,1.854610324
2014,Government Effectiveness,Netherlands,1.836187243
2013,Government Effectiveness,Netherlands,1.809125423
2012,Government Effectiveness,Netherlands,1.83904779
2011,Government Effectiveness,Netherlands,1.820782542
2010,Government Effectiveness,Netherlands,1.770125628
2009,Government Effectiveness,Netherlands,1.735715747
2008,Government Effectiveness,Netherlands,1.686568737
2007,Government Effectiveness,Netherlands,1.721123576
2006,Government Effectiveness,Netherlands,1.784532547
2005,Government Effectiveness,Netherlands,1.937205434
2004,Government Effectiveness,Netherlands,2.070030212
2003,Government Effectiveness,Netherlands,1.953932524
2002,Government Effectiveness,Netherlands,1.933444738
2000,Government Effectiveness,Netherlands,1.983375669
1998,Government Effectiveness,Netherlands,2.004210949
1996,Government Effectiveness,Netherlands,1.942934752
2021,Government Effectiveness,Norway,1.839355707
2020,Government Effectiveness,Norway,1.927046537
2019,Government Effectiveness,Norway,1.854676008
2018,Government Effectiveness,Norway,1.878419638
2017,Government Effectiveness,Norway,1.977334023
2016,Government Effectiveness,Norway,1.861883521
2015,Government Effectiveness,Norway,1.85963881
2014,Government Effectiveness,Norway,1.822072506
2013,Government Effectiveness,Norway,1.877040982
2012,Government Effectiveness,Norway,1.899612188
2011,Government Effectiveness,Norway,1.831497788
2010,Government Effectiveness,Norway,1.873342752
2009,Government Effectiveness,Norway,1.83740747
2008,Government Effectiveness,Norway,1.832195163
2007,Government Effectiveness,Norway,2.017309666
2006,Government Effectiveness,Norway,1.875217915
2005,Government Effectiveness,Norway,1.858618736
2004,Government Effectiveness,Norway,2.058423519
2003,Government Effectiveness,Norway,1.83330977
2002,Government Effectiveness,Norway,1.833722353
2000,Government Effectiveness,Norway,1.816123009
1998,Government Effectiveness,Norway,1.912079573
1996,Government Effectiveness,Norway,1.950875998
2021,Government Effectiveness,Poland,0.292776763
2020,Government Effectiveness,Poland,0.359848201
2019,Government Effectiveness,Poland,0.543930948
2018,Government Effectiveness,Poland,0.579374313
2017,Government Effectiveness,Poland,0.58264631
2016,Government Effectiveness,Poland,0.684963107
2015,Government Effectiveness,Poland,0.76821363
2014,Government Effectiveness,Poland,0.768318057
2013,Government Effectiveness,Poland,0.658575594
2012,Government Effectiveness,Poland,0.656751573
2011,Government Effectiveness,Poland,0.596281648
2010,Government Effectiveness,Poland,0.630389631
2009,Government Effectiveness,Poland,0.516206503
2008,Government Effectiveness,Poland,0.462185711
2007,Government Effectiveness,Poland,0.358019769
2006,Government Effectiveness,Poland,0.337945521
2005,Government Effectiveness,Poland,0.454148412
2004,Government Effectiveness,Poland,0.441544533
2003,Government Effectiveness,Poland,0.512918115
2002,Government Effectiveness,Poland,0.45492664
2000,Government Effectiveness,Poland,0.568725228
1998,Government Effectiveness,Poland,0.624520898
1996,Government Effectiveness,Poland,0.681182623
2021,Government Effectiveness,Portugal,0.99130863
2020,Government Effectiveness,Portugal,1.015471339
2019,Government Effectiveness,Portugal,1.162806749
2018,Government Effectiveness,Portugal,1.212995291
2017,Government Effectiveness,Portugal,1.325972795
2016,Government Effectiveness,Portugal,1.17856288
2015,Government Effectiveness,Portugal,1.185522318
2014,Government Effectiveness,Portugal,0.983859718
2013,Government Effectiveness,Portugal,1.194558501
2012,Government Effectiveness,Portugal,1.001620054
2011,Government Effectiveness,Portugal,0.921028733
2010,Government Effectiveness,Portugal,0.981262088
2009,Government Effectiveness,Portugal,1.15200603
2008,Government Effectiveness,Portugal,1.076926589
2007,Government Effectiveness,Portugal,0.894103169
2006,Government Effectiveness,Portugal,0.867318451
2005,Government Effectiveness,Portugal,1.050786376
2004,Government Effectiveness,Portugal,1.043895841
2003,Government Effectiveness,Portugal,1.106329918
2002,Government Effectiveness,Portugal,1.152351022
2000,Government Effectiveness,Portugal,0.97235024
1998,Government Effectiveness,Portugal,1.111658931
1996,Government Effectiveness,Portugal,1.27418983
2021,Government Effectiveness,Romania,-0.129637852
2020,Government Effectiveness,Romania,-0.257351339
2019,Government Effectiveness,Romania,-0.186415792
2018,Government Effectiveness,Romania,-0.147446275
2017,Government Effectiveness,Romania,-0.058391962
2016,Government Effectiveness,Romania,-0.04023087
2015,Government Effectiveness,Romania,0.1281012
2014,Government Effectiveness,Romania,0.22602801
2013,Government Effectiveness,Romania,0.136252075
2012,Government Effectiveness,Romania,-0.171900973
2011,Government Effectiveness,Romania,-0.199979275
2010,Government Effectiveness,Romania,-0.116975188
2009,Government Effectiveness,Romania,-0.371620506
2008,Government Effectiveness,Romania,-0.366409987
2007,Government Effectiveness,Romania,-0.358686417
2006,Government Effectiveness,Romania,-0.194396049
2005,Government Effectiveness,Romania,-0.295782208
2004,Government Effectiveness,Romania,-0.18037343
2003,Government Effectiveness,Romania,-0.289749026
2002,Government Effectiveness,Romania,-0.196587816
2000,Government Effectiveness,Romania,-0.26215899
1998,Government Effectiveness,Romania,-0.526742637
1996,Government Effectiveness,Romania,-0.286933869
2021,Government Effectiveness,Serbia,0.047427159
2020,Government Effectiveness,Serbia,-0.010254648
2019,Government Effectiveness,Serbia,0.015244282
2018,Government Effectiveness,Serbia,0.107353099
2017,Government Effectiveness,Serbia,0.101498269
2016,Government Effectiveness,Serbia,-0.0108848
2015,Government Effectiveness,Serbia,0.023229351
2014,Government Effectiveness,Serbia,-0.002401923
2013,Government Effectiveness,Serbia,-0.184865355
2012,Government Effectiveness,Serbia,-0.17961286
2011,Government Effectiveness,Serbia,-0.136380285
2010,Government Effectiveness,Serbia,-0.079162896
2009,Government Effectiveness,Serbia,-0.073039763
2008,Government Effectiveness,Serbia,-0.255115598
2007,Government Effectiveness,Serbia,-0.259359837
2006,Government Effectiveness,Serbia,-0.238409474
2005,Government Effectiveness,Serbia,-0.361880451
2004,Government Effectiveness,Serbia,-0.249921352
2003,Government Effectiveness,Serbia,-0.670327723
2002,Government Effectiveness,Serbia,-0.554945648
2000,Government Effectiveness,Serbia,-0.834016025
1998,Government Effectiveness,Serbia,-0.883071959
1996,Government Effectiveness,Serbia,-1.06467998
2021,Government Effectiveness,Slovak Republic,0.529206514
2020,Government Effectiveness,Slovak Republic,0.537019551
2019,Government Effectiveness,Slovak Republic,0.580516279
2018,Government Effectiveness,Slovak Republic,0.613614976
2017,Government Effectiveness,Slovak Republic,0.698181927
2016,Government Effectiveness,Slovak Republic,0.826409996
2015,Government Effectiveness,Slovak Republic,0.765795052
2014,Government Effectiveness,Slovak Republic,0.794016659
2013,Government Effectiveness,Slovak Republic,0.725599349
2012,Government Effectiveness,Slovak Republic,0.782018483
2011,Government Effectiveness,Slovak Republic,0.778892398
2010,Government Effectiveness,Slovak Republic,0.78365314
2009,Government Effectiveness,Slovak Republic,0.864594698
2008,Government Effectiveness,Slovak Republic,0.850697339
2007,Government Effectiveness,Slovak Republic,0.690268517
2006,Government Effectiveness,Slovak Republic,0.829258025
2005,Government Effectiveness,Slovak Republic,0.879802465
2004,Government Effectiveness,Slovak Republic,0.81953752
2003,Government Effectiveness,Slovak Republic,0.667460144
2002,Government Effectiveness,Slovak Republic,0.540845692
2000,Government Effectiveness,Slovak Republic,0.673051953
1998,Government Effectiveness,Slovak Republic,0.535887301
1996,Government Effectiveness,Slovak Republic,0.459862679
2021,Government Effectiveness,Slovenia,1.178203225
2020,Government Effectiveness,Slovenia,1.158009291
2019,Government Effectiveness,Slovenia,1.075390816
2018,Government Effectiveness,Slovenia,1.119007111
2017,Government Effectiveness,Slovenia,1.166331887
2016,Government Effectiveness,Slovenia,1.122145534
2015,Government Effectiveness,Slovenia,0.969194055
2014,Government Effectiveness,Slovenia,1.000908375
2013,Government Effectiveness,Slovenia,1.00788343
2012,Government Effectiveness,Slovenia,1.024909019
2011,Government Effectiveness,Slovenia,0.983655393
2010,Government Effectiveness,Slovenia,1.021005869
2009,Government Effectiveness,Slovenia,1.150474548
2008,Government Effectiveness,Slovenia,1.122717381
2007,Government Effectiveness,Slovenia,0.893484235
2006,Government Effectiveness,Slovenia,0.956635654
2005,Government Effectiveness,Slovenia,0.887038589
2004,Government Effectiveness,Slovenia,0.902846575
2003,Government Effectiveness,Slovenia,0.899216712
2002,Government Effectiveness,Slovenia,0.789837003
2000,Government Effectiveness,Slovenia,0.674126327
1998,Government Effectiveness,Slovenia,0.752557337
1996,Government Effectiveness,Slovenia,0.887160182
2021,Government Effectiveness,Sweden,1.652336717
2020,Government Effectiveness,Sweden,1.709824443
2019,Government Effectiveness,Sweden,1.70230341
2018,Government Effectiveness,Sweden,1.704241157
2017,Government Effectiveness,Sweden,1.708212614
2016,Government Effectiveness,Sweden,1.69272089
2015,Government Effectiveness,Sweden,1.711374879
2014,Government Effectiveness,Sweden,1.681720495
2013,Government Effectiveness,Sweden,1.789284706
2012,Government Effectiveness,Sweden,1.910712123
2011,Government Effectiveness,Sweden,1.924983621
2010,Government Effectiveness,Sweden,1.962421894
2009,Government Effectiveness,Sweden,2.041478157
2008,Government Effectiveness,Sweden,1.94633615
2007,Government Effectiveness,Sweden,2.017983913
2006,Government Effectiveness,Sweden,1.800181627
2005,Government Effectiveness,Sweden,1.887381077
2004,Government Effectiveness,Sweden,2.099265337
2003,Government Effectiveness,Sweden,2.016003609
2002,Government Effectiveness,Sweden,1.962592721
2000,Government Effectiveness,Sweden,1.879326344
1998,Government Effectiveness,Sweden,1.884492755
1996,Government Effectiveness,Sweden,1.921916842
2021,Government Effectiveness,Tajikistan,-0.591922224
2020,Government Effectiveness,Tajikistan,-0.706447482
2019,Government Effectiveness,Tajikistan,-1.064220309
2018,Government Effectiveness,Tajikistan,-1.108870268
2017,Government Effectiveness,Tajikistan,-1.133444548
2016,Government Effectiveness,Tajikistan,-1.04100883
2015,Government Effectiveness,Tajikistan,-0.856023848
2014,Government Effectiveness,Tajikistan,-0.787115037
2013,Government Effectiveness,Tajikistan,-1.065713644
2012,Government Effectiveness,Tajikistan,-0.934513927
2011,Government Effectiveness,Tajikistan,-0.956123769
2010,Government Effectiveness,Tajikistan,-0.930016458
2009,Government Effectiveness,Tajikistan,-1.122828722
2008,Government Effectiveness,Tajikistan,-1.08761251
2007,Government Effectiveness,Tajikistan,-1.125625968
2006,Government Effectiveness,Tajikistan,-1.074785113
2005,Government Effectiveness,Tajikistan,-1.162422657
2004,Government Effectiveness,Tajikistan,-0.984738469
2003,Government Effectiveness,Tajikistan,-1.153896093
2002,Government Effectiveness,Tajikistan,-1.241160631
2000,Government Effectiveness,Tajikistan,-1.15839386
1998,Government Effectiveness,Tajikistan,-1.351081371
1996,Government Effectiveness,Tajikistan,-1.406051278
2021,Government Effectiveness,Turkmenistan,-0.928220212
2020,Government Effectiveness,Turkmenistan,-0.991539478
2019,Government Effectiveness,Turkmenistan,-0.966852665
2018,Government Effectiveness,Turkmenistan,-1.045483112
2017,Government Effectiveness,Turkmenistan,-0.964904189
2016,Government Effectiveness,Turkmenistan,-0.861578524
2015,Government Effectiveness,Turkmenistan,-0.548619747
2014,Government Effectiveness,Turkmenistan,-0.506690264
2013,Government Effectiveness,Turkmenistan,-1.125935435
2012,Government Effectiveness,Turkmenistan,-1.118825674
2011,Government Effectiveness,Turkmenistan,-1.512363911
2010,Government Effectiveness,Turkmenistan,-1.524074435
2009,Government Effectiveness,Turkmenistan,-1.382815242
2008,Government Effectiveness,Turkmenistan,-1.395724416
2007,Government Effectiveness,Turkmenistan,-1.400310278
2006,Government Effectiveness,Turkmenistan,-1.513271451
2005,Government Effectiveness,Turkmenistan,-1.56485045
2004,Government Effectiveness,Turkmenistan,-1.547066808
2003,Government Effectiveness,Turkmenistan,-1.408672929
2002,Government Effectiveness,Turkmenistan,-1.382853866
2000,Government Effectiveness,Turkmenistan,-1.15839386
1998,Government Effectiveness,Turkmenistan,-1.100677967
1996,Government Effectiveness,Turkmenistan,-1.149679661
2021,Government Effectiveness,Türkiye,-0.086595356
2020,Government Effectiveness,Türkiye,-0.127560288
2019,Government Effectiveness,Türkiye,0.019244969
2018,Government Effectiveness,Türkiye,-0.026705829
2017,Government Effectiveness,Türkiye,0.051177416
2016,Government Effectiveness,Türkiye,0.030258318
2015,Government Effectiveness,Türkiye,0.228523105
2014,Government Effectiveness,Türkiye,0.394282222
2013,Government Effectiveness,Türkiye,0.399101764
2012,Government Effectiveness,Türkiye,0.432587445
2011,Government Effectiveness,Türkiye,0.365651339
2010,Government Effectiveness,Türkiye,0.314999729
2009,Government Effectiveness,Türkiye,0.289501756
2008,Government Effectiveness,Türkiye,0.290181726
2007,Government Effectiveness,Türkiye,0.327112079
2006,Government Effectiveness,Türkiye,0.103416599
2005,Government Effectiveness,Türkiye,0.143588141
2004,Government Effectiveness,Türkiye,-0.022910146
2003,Government Effectiveness,Türkiye,0.033012386
2002,Government Effectiveness,Türkiye,0.052565046
2000,Government Effectiveness,Türkiye,-0.020434739
1998,Government Effectiveness,Türkiye,-0.312862217
1996,Government Effectiveness,Türkiye,-0.076127216
2021,Government Effectiveness,Ukraine,-0.408967376
2020,Government Effectiveness,Ukraine,-0.382993966
2019,Government Effectiveness,Ukraine,-0.30889526
2018,Government Effectiveness,Ukraine,-0.436755747
2017,Government Effectiveness,Ukraine,-0.488905281
2016,Government Effectiveness,Ukraine,-0.581973433
2015,Government Effectiveness,Ukraine,-0.524381638
2014,Government Effectiveness,Ukraine,-0.397417575
2013,Government Effectiveness,Ukraine,-0.66313839
2012,Government Effectiveness,Ukraine,-0.593322158
2011,Government Effectiveness,Ukraine,-0.871114969
2010,Government Effectiveness,Ukraine,-0.824038923
2009,Government Effectiveness,Ukraine,-0.847769856
2008,Government Effectiveness,Ukraine,-0.792305231
2007,Government Effectiveness,Ukraine,-0.727617741
2006,Government Effectiveness,Ukraine,-0.526243389
2005,Government Effectiveness,Ukraine,-0.675604463
2004,Government Effectiveness,Ukraine,-0.668878913
2003,Government Effectiveness,Ukraine,-0.67591083
2002,Government Effectiveness,Ukraine,-0.695505381
2000,Government Effectiveness,Ukraine,-0.675985157
1998,Government Effectiveness,Ukraine,-0.848181307
1996,Government Effectiveness,Ukraine,-0.670080245
2021,Government Effectiveness,Uzbekistan,-0.196801484
2020,Government Effectiveness,Uzbekistan,-0.530203223
2019,Government Effectiveness,Uzbekistan,-0.523717761
2018,Government Effectiveness,Uzbekistan,-0.548525631
2017,Government Effectiveness,Uzbekistan,-0.560735762
2016,Government Effectiveness,Uzbekistan,-0.579955995
2015,Government Effectiveness,Uzbekistan,-0.670059741
2014,Government Effectiveness,Uzbekistan,-0.624362528
2013,Government Effectiveness,Uzbekistan,-0.916848063
2012,Government Effectiveness,Uzbekistan,-0.913655996
2011,Government Effectiveness,Uzbekistan,-0.683713198
2010,Government Effectiveness,Uzbekistan,-0.719031394
2009,Government Effectiveness,Uzbekistan,-0.6308617
2008,Government Effectiveness,Uzbekistan,-0.885466874
2007,Government Effectiveness,Uzbekistan,-1.13117063
2006,Government Effectiveness,Uzbekistan,-1.180597901
2005,Government Effectiveness,Uzbekistan,-1.220470309
2004,Government Effectiveness,Uzbekistan,-1.194943428
2003,Government Effectiveness,Uzbekistan,-1.182025075
2002,Government Effectiveness,Uzbekistan,-1.208393455
2000,Government Effectiveness,Uzbekistan,-1.019983292
1998,Government Effectiveness,Uzbekistan,-1.205540299
1996,Government Effectiveness,Uzbekistan,-1.20064342
2021,Government Effectiveness,Kosovo⁎,-0.223405108
2020,Government Effectiveness,Kosovo⁎,-0.298100531
2019,Government Effectiveness,Kosovo⁎,-0.340276957
2018,Government Effectiveness,Kosovo⁎,-0.417538285
2017,Government Effectiveness,Kosovo⁎,-0.387631714
2016,Government Effectiveness,Kosovo⁎,-0.404601932
2015,Government Effectiveness,Kosovo⁎,-0.393234611
2014,Government Effectiveness,Kosovo⁎,-0.28867805
2013,Government Effectiveness,Kosovo⁎,-0.355947912
2012,Government Effectiveness,Kosovo⁎,-0.324519962
2011,Government Effectiveness,Kosovo⁎,-0.43932119
2010,Government Effectiveness,Kosovo⁎,-0.590413213
2009,Government Effectiveness,Kosovo⁎,-0.40944019
2008,Government Effectiveness,Kosovo⁎,-0.230388626
2007,Government Effectiveness,Kosovo⁎,-0.202387556
2006,Government Effectiveness,Kosovo⁎,-0.340270251
