Year,SeriesCode,Country,Value
2000,NE_GDI_TOTL_KD_ZG,Germany,3.33669
2001,NE_GDI_TOTL_KD_ZG,Germany,-2.39001
2002,NE_GDI_TOTL_KD_ZG,Germany,-7.73536
2003,NE_GDI_TOTL_KD_ZG,Germany,-0.49827
2004,NE_GDI_TOTL_KD_ZG,Germany,-2.78685
2005,NE_GDI_TOTL_KD_ZG,Germany,-1.93729
2006,NE_GDI_TOTL_KD_ZG,Germany,9.3982
2007,NE_GDI_TOTL_KD_ZG,Germany,6.60751
2008,NE_GDI_TOTL_KD_ZG,Germany,0.52874
2009,NE_GDI_TOTL_KD_ZG,Germany,-16.88906
2010,NE_GDI_TOTL_KD_ZG,Germany,12.22313
2011,NE_GDI_TOTL_KD_ZG,Germany,9.35673
2000,NE_GDI_TOTL_KD_ZG,Azerbaijan,-11.73966
2001,NE_GDI_TOTL_KD_ZG,Azerbaijan,12.90537
2002,NE_GDI_TOTL_KD_ZG,Azerbaijan,87.65746
2003,NE_GDI_TOTL_KD_ZG,Azerbaijan,72.52733
2004,NE_GDI_TOTL_KD_ZG,Azerbaijan,25.0512
2005,NE_GDI_TOTL_KD_ZG,Azerbaijan,-1.30194
2006,NE_GDI_TOTL_KD_ZG,Azerbaijan,2.69053
2007,NE_GDI_TOTL_KD_ZG,Azerbaijan,-9.30662
2008,NE_GDI_TOTL_KD_ZG,Azerbaijan,1.59955
2009,NE_GDI_TOTL_KD_ZG,Azerbaijan,-8.96097
2010,NE_GDI_TOTL_KD_ZG,Azerbaijan,4.31451
2011,NE_GDI_TOTL_KD_ZG,Azerbaijan,11.26977
2012,NE_GDI_TOTL_KD_ZG,Germany,-8.76623
2013,NE_GDI_TOTL_KD_ZG,Germany,2.87838
2014,NE_GDI_TOTL_KD_ZG,Germany,3.46932
2015,NE_GDI_TOTL_KD_ZG,Germany,-1.67158
2016,NE_GDI_TOTL_KD_ZG,Germany,3.78
2017,NE_GDI_TOTL_KD_ZG,Germany,6.87994
2018,NE_GDI_TOTL_KD_ZG,Germany,2.81284
2019,NE_GDI_TOTL_KD_ZG,Germany,1.24518
2020,NE_GDI_TOTL_KD_ZG,Germany,-3.28252
2021,NE_GDI_TOTL_KD_ZG,Germany,3.50139
2000,NE_GDI_TOTL_KD_ZG,Greece,12.36373
2001,NE_GDI_TOTL_KD_ZG,Greece,4.46532
2000,NE_GDI_TOTL_KD_ZG,Romania,25.74297
2001,NE_GDI_TOTL_KD_ZG,Romania,17.1618
2002,NE_GDI_TOTL_KD_ZG,Romania,2.38143
2003,NE_GDI_TOTL_KD_ZG,Romania,8.54707
2004,NE_GDI_TOTL_KD_ZG,Romania,17.04059
2005,NE_GDI_TOTL_KD_ZG,Romania,1.02733
2006,NE_GDI_TOTL_KD_ZG,Romania,33.01474
2007,NE_GDI_TOTL_KD_ZG,Romania,27.08549
2008,NE_GDI_TOTL_KD_ZG,Romania,11.11659
2009,NE_GDI_TOTL_KD_ZG,Romania,-22.50393
2010,NE_GDI_TOTL_KD_ZG,Romania,-1.61982
2011,NE_GDI_TOTL_KD_ZG,Romania,6.33279
2002,NE_GDI_TOTL_KD_ZG,Greece,2.23344
2003,NE_GDI_TOTL_KD_ZG,Greece,18.60438
2004,NE_GDI_TOTL_KD_ZG,Greece,-0.65367
2005,NE_GDI_TOTL_KD_ZG,Greece,-10.63837
2006,NE_GDI_TOTL_KD_ZG,Greece,23.88107
2007,NE_GDI_TOTL_KD_ZG,Greece,8.53101
2008,NE_GDI_TOTL_KD_ZG,Greece,-9.21432
2009,NE_GDI_TOTL_KD_ZG,Greece,-26.88299
2010,NE_GDI_TOTL_KD_ZG,Greece,-10.77093
2011,NE_GDI_TOTL_KD_ZG,Greece,-31.83436
2012,NE_GDI_TOTL_KD_ZG,Greece,-21.10178
2013,NE_GDI_TOTL_KD_ZG,Greece,-3.08167
2012,NE_GDI_TOTL_KD_ZG,Azerbaijan,2.2
2013,NE_GDI_TOTL_KD_ZG,Azerbaijan,19.44732
2014,NE_GDI_TOTL_KD_ZG,Azerbaijan,1.47873
2000,NE_GDI_TOTL_KD_ZG,Austria,2.50519
2001,NE_GDI_TOTL_KD_ZG,Austria,-0.85278
2002,NE_GDI_TOTL_KD_ZG,Austria,-3.82946
2003,NE_GDI_TOTL_KD_ZG,Austria,4.64819
2004,NE_GDI_TOTL_KD_ZG,Austria,1.66444
2005,NE_GDI_TOTL_KD_ZG,Austria,1.56455
2006,NE_GDI_TOTL_KD_ZG,Austria,2.22556
2007,NE_GDI_TOTL_KD_ZG,Austria,7.45944
2008,NE_GDI_TOTL_KD_ZG,Austria,-0.5404
2012,NE_GDI_TOTL_KD_ZG,Romania,-5.22035
2013,NE_GDI_TOTL_KD_ZG,Romania,0.158
2014,NE_GDI_TOTL_KD_ZG,Romania,3.77592
2015,NE_GDI_TOTL_KD_ZG,Romania,7.04135
2016,NE_GDI_TOTL_KD_ZG,Romania,-2.35209
2017,NE_GDI_TOTL_KD_ZG,Romania,8.50788
2018,NE_GDI_TOTL_KD_ZG,Romania,4.82987
2019,NE_GDI_TOTL_KD_ZG,Romania,9.02478
2020,NE_GDI_TOTL_KD_ZG,Romania,0.17286
2021,NE_GDI_TOTL_KD_ZG,Romania,8.5747
2000,NE_GDI_TOTL_KD_ZG,Serbia,24.26784
2001,NE_GDI_TOTL_KD_ZG,Serbia,97.94008
2014,NE_GDI_TOTL_KD_ZG,Greece,4.32891
2015,NE_GDI_TOTL_KD_ZG,Greece,4.44132
2016,NE_GDI_TOTL_KD_ZG,Greece,6.6206
2017,NE_GDI_TOTL_KD_ZG,Greece,-4.93205
2018,NE_GDI_TOTL_KD_ZG,Greece,7.77463
2019,NE_GDI_TOTL_KD_ZG,Greece,-4.21791
2020,NE_GDI_TOTL_KD_ZG,Greece,11.30524
2021,NE_GDI_TOTL_KD_ZG,Greece,21.395
2000,NE_GDI_TOTL_KD_ZG,Hungary,5.60375
2001,NE_GDI_TOTL_KD_ZG,Hungary,-3.62413
2002,NE_GDI_TOTL_KD_ZG,Hungary,5.08518
2003,NE_GDI_TOTL_KD_ZG,Hungary,1.66225
2009,NE_GDI_TOTL_KD_ZG,Austria,-10.35672
2010,NE_GDI_TOTL_KD_ZG,Austria,-0.17818
2011,NE_GDI_TOTL_KD_ZG,Austria,8.80565
2012,NE_GDI_TOTL_KD_ZG,Austria,-0.70234
2013,NE_GDI_TOTL_KD_ZG,Austria,-0.7347
2014,NE_GDI_TOTL_KD_ZG,Austria,0.70342
2015,NE_GDI_TOTL_KD_ZG,Austria,3.24158
2016,NE_GDI_TOTL_KD_ZG,Austria,4.46645
2017,NE_GDI_TOTL_KD_ZG,Austria,4.4769
2018,NE_GDI_TOTL_KD_ZG,Austria,6.06071
2019,NE_GDI_TOTL_KD_ZG,Austria,-0.71882
2020,NE_GDI_TOTL_KD_ZG,Austria,-4.77493
2021,NE_GDI_TOTL_KD_ZG,Austria,11.39308
2000,NE_GDI_TOTL_KD_ZG,Armenia,-10.69015
2001,NE_GDI_TOTL_KD_ZG,Armenia,-1.01411
2002,NE_GDI_TOTL_KD_ZG,Armenia,37.02701
2003,NE_GDI_TOTL_KD_ZG,Armenia,49.25048
2004,NE_GDI_TOTL_KD_ZG,Armenia,5.35204
2005,NE_GDI_TOTL_KD_ZG,Armenia,25.34204
2006,NE_GDI_TOTL_KD_ZG,Armenia,32.54366
2007,NE_GDI_TOTL_KD_ZG,Armenia,28.98271
2008,NE_GDI_TOTL_KD_ZG,Armenia,23.13906
2009,NE_GDI_TOTL_KD_ZG,Armenia,-38.67538
2010,NE_GDI_TOTL_KD_ZG,Armenia,-3.03516
2002,NE_GDI_TOTL_KD_ZG,Serbia,18.5391
2003,NE_GDI_TOTL_KD_ZG,Serbia,13.41651
2004,NE_GDI_TOTL_KD_ZG,Serbia,38.28796
2005,NE_GDI_TOTL_KD_ZG,Serbia,-7.004
2006,NE_GDI_TOTL_KD_ZG,Serbia,10.06928
2007,NE_GDI_TOTL_KD_ZG,Serbia,43.64708
2008,NE_GDI_TOTL_KD_ZG,Serbia,11.9661
2009,NE_GDI_TOTL_KD_ZG,Serbia,-28.74528
2010,NE_GDI_TOTL_KD_ZG,Serbia,-17.53481
2011,NE_GDI_TOTL_KD_ZG,Serbia,11.60226
2012,NE_GDI_TOTL_KD_ZG,Serbia,-3.8032
2013,NE_GDI_TOTL_KD_ZG,Serbia,6.81469
2000,NE_GDI_TOTL_KD_ZG,Albania,66.20445
2001,NE_GDI_TOTL_KD_ZG,Albania,24.48044
2002,NE_GDI_TOTL_KD_ZG,Albania,5.8188
2003,NE_GDI_TOTL_KD_ZG,Albania,-7.75392
2004,NE_GDI_TOTL_KD_ZG,Albania,5.93984
2005,NE_GDI_TOTL_KD_ZG,Albania,7.66671
2006,NE_GDI_TOTL_KD_ZG,Albania,3.01924
2007,NE_GDI_TOTL_KD_ZG,Albania,1.21615
2008,NE_GDI_TOTL_KD_ZG,Albania,16.10873
2009,NE_GDI_TOTL_KD_ZG,Albania,1.28106
2010,NE_GDI_TOTL_KD_ZG,Albania,-7.47027
2011,NE_GDI_TOTL_KD_ZG,Albania,6.25737
2011,NE_GDI_TOTL_KD_ZG,Armenia,-8.01286
2012,NE_GDI_TOTL_KD_ZG,Armenia,-11.52684
2013,NE_GDI_TOTL_KD_ZG,Armenia,-7.2
2014,NE_GDI_TOTL_KD_ZG,Armenia,-0.7
2015,NE_GDI_TOTL_KD_ZG,Armenia,-3.2
2016,NE_GDI_TOTL_KD_ZG,Armenia,-8.7
2017,NE_GDI_TOTL_KD_ZG,Armenia,10.3
2018,NE_GDI_TOTL_KD_ZG,Armenia,34.5
2019,NE_GDI_TOTL_KD_ZG,Armenia,-14.3
2020,NE_GDI_TOTL_KD_ZG,Armenia,-0.5
2021,NE_GDI_TOTL_KD_ZG,Armenia,9.5
2000,NE_GDI_TOTL_KD_ZG,Belgium,7.18973
2014,NE_GDI_TOTL_KD_ZG,Serbia,-5.51662
2015,NE_GDI_TOTL_KD_ZG,Serbia,6.21197
2016,NE_GDI_TOTL_KD_ZG,Serbia,1.17781
2017,NE_GDI_TOTL_KD_ZG,Serbia,11.01143
2018,NE_GDI_TOTL_KD_ZG,Serbia,20.70718
2019,NE_GDI_TOTL_KD_ZG,Serbia,17.19238
2020,NE_GDI_TOTL_KD_ZG,Serbia,-0.08757
2021,NE_GDI_TOTL_KD_ZG,Serbia,9.62196
2000,NE_GDI_TOTL_KD_ZG,Slovakia,-4.86811
2001,NE_GDI_TOTL_KD_ZG,Slovakia,15.68143
2002,NE_GDI_TOTL_KD_ZG,Slovakia,0.6133
2003,NE_GDI_TOTL_KD_ZG,Slovakia,-7.76149
2004,NE_GDI_TOTL_KD_ZG,Hungary,18.0474
2005,NE_GDI_TOTL_KD_ZG,Hungary,-0.89859
2006,NE_GDI_TOTL_KD_ZG,Hungary,1.44441
2007,NE_GDI_TOTL_KD_ZG,Hungary,-2.20583
2008,NE_GDI_TOTL_KD_ZG,Hungary,1.7413
2009,NE_GDI_TOTL_KD_ZG,Hungary,-23.51176
2010,NE_GDI_TOTL_KD_ZG,Hungary,2.02438
2011,NE_GDI_TOTL_KD_ZG,Hungary,-3.61416
2012,NE_GDI_TOTL_KD_ZG,Hungary,-4.0524
2013,NE_GDI_TOTL_KD_ZG,Hungary,5.04344
2014,NE_GDI_TOTL_KD_ZG,Hungary,12.50087
2015,NE_GDI_TOTL_KD_ZG,Hungary,-1.58882
2004,NE_GDI_TOTL_KD_ZG,Slovakia,13.21827
2005,NE_GDI_TOTL_KD_ZG,Slovakia,17.90468
2006,NE_GDI_TOTL_KD_ZG,Slovakia,4.99618
2007,NE_GDI_TOTL_KD_ZG,Slovakia,9.83305
2008,NE_GDI_TOTL_KD_ZG,Slovakia,5.64622
2009,NE_GDI_TOTL_KD_ZG,Slovakia,-30.90346
2010,NE_GDI_TOTL_KD_ZG,Slovakia,25.91636
2011,NE_GDI_TOTL_KD_ZG,Slovakia,8.45199
2012,NE_GDI_TOTL_KD_ZG,Slovakia,-17.4681
2013,NE_GDI_TOTL_KD_ZG,Slovakia,1.99455
2014,NE_GDI_TOTL_KD_ZG,Slovakia,7.14739
2015,NE_GDI_TOTL_KD_ZG,Slovakia,18.19813
2016,NE_GDI_TOTL_KD_ZG,Hungary,-3.47629
2017,NE_GDI_TOTL_KD_ZG,Hungary,10.0652
2018,NE_GDI_TOTL_KD_ZG,Hungary,15.93006
2019,NE_GDI_TOTL_KD_ZG,Hungary,12.0506
2020,NE_GDI_TOTL_KD_ZG,Hungary,-6.75932
2021,NE_GDI_TOTL_KD_ZG,Hungary,11.68155
2000,NE_GDI_TOTL_KD_ZG,Iceland,13.08044
2001,NE_GDI_TOTL_KD_ZG,Iceland,-6.45596
2002,NE_GDI_TOTL_KD_ZG,Iceland,-11.2767
2003,NE_GDI_TOTL_KD_ZG,Iceland,8.42872
2004,NE_GDI_TOTL_KD_ZG,Iceland,26.82316
2005,NE_GDI_TOTL_KD_ZG,Iceland,26.62865
2016,NE_GDI_TOTL_KD_ZG,Slovakia,-3.43474
2017,NE_GDI_TOTL_KD_ZG,Slovakia,1.93643
2018,NE_GDI_TOTL_KD_ZG,Slovakia,5.29697
2019,NE_GDI_TOTL_KD_ZG,Slovakia,6.20943
2020,NE_GDI_TOTL_KD_ZG,Slovakia,-17.66542
2021,NE_GDI_TOTL_KD_ZG,Slovakia,11.24105
2000,NE_GDI_TOTL_KD_ZG,Viet Nam,10.10946
2001,NE_GDI_TOTL_KD_ZG,Viet Nam,10.76818
2002,NE_GDI_TOTL_KD_ZG,Viet Nam,12.72503
2003,NE_GDI_TOTL_KD_ZG,Viet Nam,11.86215
2004,NE_GDI_TOTL_KD_ZG,Viet Nam,10.5408
2005,NE_GDI_TOTL_KD_ZG,Viet Nam,11.15069
2006,NE_GDI_TOTL_KD_ZG,Iceland,29.01268
2007,NE_GDI_TOTL_KD_ZG,Iceland,-12.21684
2008,NE_GDI_TOTL_KD_ZG,Iceland,-16.85335
2009,NE_GDI_TOTL_KD_ZG,Iceland,-48.28701
2010,NE_GDI_TOTL_KD_ZG,Iceland,-8.83096
2011,NE_GDI_TOTL_KD_ZG,Iceland,13.3278
2012,NE_GDI_TOTL_KD_ZG,Iceland,4.59209
2013,NE_GDI_TOTL_KD_ZG,Iceland,0.46998
2014,NE_GDI_TOTL_KD_ZG,Iceland,17.56568
2015,NE_GDI_TOTL_KD_ZG,Iceland,20.99239
2016,NE_GDI_TOTL_KD_ZG,Iceland,18.28189
2017,NE_GDI_TOTL_KD_ZG,Iceland,9.57417
2006,NE_GDI_TOTL_KD_ZG,Viet Nam,11.83362
2007,NE_GDI_TOTL_KD_ZG,Viet Nam,26.7983
2008,NE_GDI_TOTL_KD_ZG,Viet Nam,6.27826
2009,NE_GDI_TOTL_KD_ZG,Viet Nam,4.31237
2010,NE_GDI_TOTL_KD_ZG,Viet Nam,10.40647
2011,NE_GDI_TOTL_KD_ZG,Viet Nam,-4.33339
2012,NE_GDI_TOTL_KD_ZG,Viet Nam,2.63788
2013,NE_GDI_TOTL_KD_ZG,Viet Nam,5.91236
2014,NE_GDI_TOTL_KD_ZG,Viet Nam,9.07263
2015,NE_GDI_TOTL_KD_ZG,Viet Nam,9.6291
2016,NE_GDI_TOTL_KD_ZG,Viet Nam,9.86175
2017,NE_GDI_TOTL_KD_ZG,Viet Nam,10.24472
2018,NE_GDI_TOTL_KD_ZG,Viet Nam,8.01451
2019,NE_GDI_TOTL_KD_ZG,Viet Nam,7.48456
2020,NE_GDI_TOTL_KD_ZG,Viet Nam,4.11192
2021,NE_GDI_TOTL_KD_ZG,Viet Nam,3.95806
2000,NE_GDI_TOTL_KD_ZG,Slovenia,2.48204
2001,NE_GDI_TOTL_KD_ZG,Slovenia,-1.99201
2002,NE_GDI_TOTL_KD_ZG,Slovenia,1.92527
2003,NE_GDI_TOTL_KD_ZG,Slovenia,8.66032
2004,NE_GDI_TOTL_KD_ZG,Slovenia,10.56771
2005,NE_GDI_TOTL_KD_ZG,Slovenia,0.14383
2006,NE_GDI_TOTL_KD_ZG,Slovenia,12.30118
2007,NE_GDI_TOTL_KD_ZG,Slovenia,17.80797
2008,NE_GDI_TOTL_KD_ZG,Slovenia,3.45033
2009,NE_GDI_TOTL_KD_ZG,Slovenia,-32.15934
2010,NE_GDI_TOTL_KD_ZG,Slovenia,-5.60562
2011,NE_GDI_TOTL_KD_ZG,Slovenia,-2.75728
2012,NE_GDI_TOTL_KD_ZG,Slovenia,-17.08993
2013,NE_GDI_TOTL_KD_ZG,Slovenia,4.62312
2014,NE_GDI_TOTL_KD_ZG,Slovenia,1.71254
2015,NE_GDI_TOTL_KD_ZG,Slovenia,0.19635
2016,NE_GDI_TOTL_KD_ZG,Slovenia,-0.38032
2017,NE_GDI_TOTL_KD_ZG,Slovenia,13.50172
2018,NE_GDI_TOTL_KD_ZG,Slovenia,11.06023
2019,NE_GDI_TOTL_KD_ZG,Slovenia,0.61938
2020,NE_GDI_TOTL_KD_ZG,Slovenia,-7.07376
2021,NE_GDI_TOTL_KD_ZG,Slovenia,15.13051
2000,NE_GDI_TOTL_KD_ZG,Spain,7.04758
2001,NE_GDI_TOTL_KD_ZG,Spain,3.78215
2002,NE_GDI_TOTL_KD_ZG,Spain,3.74781
2003,NE_GDI_TOTL_KD_ZG,Spain,5.88814
2004,NE_GDI_TOTL_KD_ZG,Spain,4.75378
2005,NE_GDI_TOTL_KD_ZG,Spain,6.48725
2006,NE_GDI_TOTL_KD_ZG,Spain,7.50664
2007,NE_GDI_TOTL_KD_ZG,Spain,3.91435
2008,NE_GDI_TOTL_KD_ZG,Spain,-4.21001
2009,NE_GDI_TOTL_KD_ZG,Spain,-18.50743
2010,NE_GDI_TOTL_KD_ZG,Spain,-4.15237
2011,NE_GDI_TOTL_KD_ZG,Spain,-7.50545
2012,NE_GDI_TOTL_KD_ZG,Spain,-10.36599
2013,NE_GDI_TOTL_KD_ZG,Spain,-3.95204
2014,NE_GDI_TOTL_KD_ZG,Spain,5.84336
2015,NE_GDI_TOTL_KD_ZG,Spain,10.0507
2016,NE_GDI_TOTL_KD_ZG,Spain,1.41523
2017,NE_GDI_TOTL_KD_ZG,Spain,6.30832
2018,NE_GDI_TOTL_KD_ZG,Spain,7.75459
2019,NE_GDI_TOTL_KD_ZG,Spain,3.14202
2020,NE_GDI_TOTL_KD_ZG,Spain,-13.18325
2021,NE_GDI_TOTL_KD_ZG,Spain,5.86396
2000,NE_GDI_TOTL_KD_ZG,Sweden,8.34508
2001,NE_GDI_TOTL_KD_ZG,Sweden,0.87902
2002,NE_GDI_TOTL_KD_ZG,Sweden,-2.22125
2003,NE_GDI_TOTL_KD_ZG,Sweden,3.39507
2004,NE_GDI_TOTL_KD_ZG,Sweden,4.15359
2005,NE_GDI_TOTL_KD_ZG,Sweden,4.85303
2006,NE_GDI_TOTL_KD_ZG,Sweden,9.95071
2007,NE_GDI_TOTL_KD_ZG,Sweden,11.08106
2008,NE_GDI_TOTL_KD_ZG,Sweden,-2.25367
2009,NE_GDI_TOTL_KD_ZG,Sweden,-18.64863
2010,NE_GDI_TOTL_KD_ZG,Sweden,16.01991
2011,NE_GDI_TOTL_KD_ZG,Sweden,8.03735
2012,NE_GDI_TOTL_KD_ZG,Sweden,-5.44942
2013,NE_GDI_TOTL_KD_ZG,Sweden,1.56373
2014,NE_GDI_TOTL_KD_ZG,Sweden,6.94502
2015,NE_GDI_TOTL_KD_ZG,Sweden,8.42037
2016,NE_GDI_TOTL_KD_ZG,Sweden,3.22173
2017,NE_GDI_TOTL_KD_ZG,Sweden,5.86936
2018,NE_GDI_TOTL_KD_ZG,Sweden,2.36996
2019,NE_GDI_TOTL_KD_ZG,Sweden,-0.83259
2020,NE_GDI_TOTL_KD_ZG,Sweden,-1.27444
2021,NE_GDI_TOTL_KD_ZG,Sweden,7.90467
2000,NE_GDI_TOTL_KD_ZG,Switzerland,1.03454
2001,NE_GDI_TOTL_KD_ZG,Switzerland,2.75578
2002,NE_GDI_TOTL_KD_ZG,Switzerland,-1.80948
2003,NE_GDI_TOTL_KD_ZG,Switzerland,1.30184
2004,NE_GDI_TOTL_KD_ZG,Switzerland,-4.29287
2005,NE_GDI_TOTL_KD_ZG,Switzerland,11.43285
2006,NE_GDI_TOTL_KD_ZG,Switzerland,4.00847
2007,NE_GDI_TOTL_KD_ZG,Switzerland,-3.21387
2008,NE_GDI_TOTL_KD_ZG,Switzerland,5.36438
2009,NE_GDI_TOTL_KD_ZG,Switzerland,1.96701
2010,NE_GDI_TOTL_KD_ZG,Switzerland,-3.67189
2011,NE_GDI_TOTL_KD_ZG,Switzerland,12.44393
2012,NE_GDI_TOTL_KD_ZG,Switzerland,-5.90098
2013,NE_GDI_TOTL_KD_ZG,Switzerland,-7.55343
2014,NE_GDI_TOTL_KD_ZG,Switzerland,4.15885
2015,NE_GDI_TOTL_KD_ZG,Switzerland,1.41801
2016,NE_GDI_TOTL_KD_ZG,Switzerland,0.68825
2017,NE_GDI_TOTL_KD_ZG,Switzerland,2.64359
2018,NE_GDI_TOTL_KD_ZG,Switzerland,2.33054
2019,NE_GDI_TOTL_KD_ZG,Switzerland,3.99543
2020,NE_GDI_TOTL_KD_ZG,Switzerland,3.95513
2021,NE_GDI_TOTL_KD_ZG,Switzerland,-7.22192
2000,NE_GDI_TOTL_KD_ZG,Tajikistan,-41.19023
2001,NE_GDI_TOTL_KD_ZG,Tajikistan,12.27586
2002,NE_GDI_TOTL_KD_ZG,Tajikistan,-5.89686
2003,NE_GDI_TOTL_KD_ZG,Tajikistan,9.27996
2004,NE_GDI_TOTL_KD_ZG,Tajikistan,30.53997
2005,NE_GDI_TOTL_KD_ZG,Tajikistan,-43.27562
2006,NE_GDI_TOTL_KD_ZG,Tajikistan,-8.91555
2007,NE_GDI_TOTL_KD_ZG,Tajikistan,80.90621
2008,NE_GDI_TOTL_KD_ZG,Tajikistan,0.89772
2009,NE_GDI_TOTL_KD_ZG,Tajikistan,-1.05319
2010,NE_GDI_TOTL_KD_ZG,Tajikistan,5.90031
2011,NE_GDI_TOTL_KD_ZG,Tajikistan,5.57161
2012,NE_GDI_TOTL_KD_ZG,Tajikistan,5.27753
2013,NE_GDI_TOTL_KD_ZG,Tajikistan,5.01297
2002,NE_GDI_TOTL_KD_ZG,United Arab Emirates,5.5626
2003,NE_GDI_TOTL_KD_ZG,United Arab Emirates,6.90359
2001,NE_GDI_TOTL_KD_ZG,Belgium,-2.70388
2002,NE_GDI_TOTL_KD_ZG,Belgium,-4.71402
2003,NE_GDI_TOTL_KD_ZG,Belgium,0.303
2004,NE_GDI_TOTL_KD_ZG,Belgium,10.61885
2005,NE_GDI_TOTL_KD_ZG,Belgium,8.16133
2006,NE_GDI_TOTL_KD_ZG,Belgium,3.69265
2007,NE_GDI_TOTL_KD_ZG,Belgium,8.72658
2008,NE_GDI_TOTL_KD_ZG,Belgium,2.03589
2009,NE_GDI_TOTL_KD_ZG,Belgium,-8.73377
2010,NE_GDI_TOTL_KD_ZG,Belgium,2.22063
2011,NE_GDI_TOTL_KD_ZG,Belgium,7.74829
2012,NE_GDI_TOTL_KD_ZG,Belgium,-1.85436
2013,NE_GDI_TOTL_KD_ZG,Belgium,-3.78597
2014,NE_GDI_TOTL_KD_ZG,Belgium,5.41128
2015,NE_GDI_TOTL_KD_ZG,Belgium,5.50522
2016,NE_GDI_TOTL_KD_ZG,Belgium,5.15255
2017,NE_GDI_TOTL_KD_ZG,Belgium,1.42266
2018,NE_GDI_TOTL_KD_ZG,Belgium,4.67658
2019,NE_GDI_TOTL_KD_ZG,Belgium,1.95843
2020,NE_GDI_TOTL_KD_ZG,Belgium,-6.04593
2021,NE_GDI_TOTL_KD_ZG,Belgium,6.3761
2001,NE_GDI_TOTL_KD_ZG,Bosnia and Herzegovina,11.25843
2002,NE_GDI_TOTL_KD_ZG,Bosnia and Herzegovina,8.75998
2003,NE_GDI_TOTL_KD_ZG,Bosnia and Herzegovina,2.72027
2004,NE_GDI_TOTL_KD_ZG,Bosnia and Herzegovina,8.75565
2005,NE_GDI_TOTL_KD_ZG,Bosnia and Herzegovina,6.54338
2006,NE_GDI_TOTL_KD_ZG,Bosnia and Herzegovina,-0.45676
2007,NE_GDI_TOTL_KD_ZG,Bosnia and Herzegovina,32.04353
2008,NE_GDI_TOTL_KD_ZG,Bosnia and Herzegovina,15.67886
2009,NE_GDI_TOTL_KD_ZG,Bosnia and Herzegovina,-24.91069
2010,NE_GDI_TOTL_KD_ZG,Bosnia and Herzegovina,-15.44982
2011,NE_GDI_TOTL_KD_ZG,Bosnia and Herzegovina,12.22054
2012,NE_GDI_TOTL_KD_ZG,Bosnia and Herzegovina,2.45381
2013,NE_GDI_TOTL_KD_ZG,Bosnia and Herzegovina,-2.82217
2014,NE_GDI_TOTL_KD_ZG,Bosnia and Herzegovina,9.08974
2015,NE_GDI_TOTL_KD_ZG,Bosnia and Herzegovina,2.97231
2004,NE_GDI_TOTL_KD_ZG,United Arab Emirates,2.88915
2005,NE_GDI_TOTL_KD_ZG,United Arab Emirates,18.22389
2006,NE_GDI_TOTL_KD_ZG,United Arab Emirates,14.85884
2007,NE_GDI_TOTL_KD_ZG,United Arab Emirates,39.43636
2008,NE_GDI_TOTL_KD_ZG,United Arab Emirates,0.0244
2009,NE_GDI_TOTL_KD_ZG,United Arab Emirates,8.93777
2010,NE_GDI_TOTL_KD_ZG,United Arab Emirates,-9.16281
2011,NE_GDI_TOTL_KD_ZG,United Arab Emirates,-1.64903
2012,NE_GDI_TOTL_KD_ZG,United Arab Emirates,-1.01886
2013,NE_GDI_TOTL_KD_ZG,United Arab Emirates,-1.38457
2014,NE_GDI_TOTL_KD_ZG,United Arab Emirates,23.15463
2015,NE_GDI_TOTL_KD_ZG,United Arab Emirates,13.61971
2016,NE_GDI_TOTL_KD_ZG,Bosnia and Herzegovina,12.42268
2017,NE_GDI_TOTL_KD_ZG,Bosnia and Herzegovina,11.38299
2018,NE_GDI_TOTL_KD_ZG,Bosnia and Herzegovina,4.41711
2019,NE_GDI_TOTL_KD_ZG,Bosnia and Herzegovina,6.35157
2020,NE_GDI_TOTL_KD_ZG,Bosnia and Herzegovina,-8.49656
2021,NE_GDI_TOTL_KD_ZG,Bosnia and Herzegovina,22.37658
2000,NE_GDI_TOTL_KD_ZG,Bulgaria,5.33178
2001,NE_GDI_TOTL_KD_ZG,Bulgaria,17.33607
2002,NE_GDI_TOTL_KD_ZG,Bulgaria,7.30876
2003,NE_GDI_TOTL_KD_ZG,Bulgaria,16.5081
2004,NE_GDI_TOTL_KD_ZG,Bulgaria,10.7718
2005,NE_GDI_TOTL_KD_ZG,Bulgaria,24.18101
2006,NE_GDI_TOTL_KD_ZG,Bulgaria,20.74842
2007,NE_GDI_TOTL_KD_ZG,Bulgaria,13.80078
2008,NE_GDI_TOTL_KD_ZG,Bulgaria,16.62125
2009,NE_GDI_TOTL_KD_ZG,Bulgaria,-24.171
2010,NE_GDI_TOTL_KD_ZG,Bulgaria,-17.88336
2011,NE_GDI_TOTL_KD_ZG,Bulgaria,-3.27379
2012,NE_GDI_TOTL_KD_ZG,Bulgaria,3.08539
2013,NE_GDI_TOTL_KD_ZG,Bulgaria,-5.32371
2014,NE_GDI_TOTL_KD_ZG,Bulgaria,6.87086
2015,NE_GDI_TOTL_KD_ZG,Bulgaria,1.27374
2016,NE_GDI_TOTL_KD_ZG,Bulgaria,-4.51835
2017,NE_GDI_TOTL_KD_ZG,Bulgaria,6.47062
2018,NE_GDI_TOTL_KD_ZG,Bulgaria,10.43334
2019,NE_GDI_TOTL_KD_ZG,Bulgaria,3.92109
2020,NE_GDI_TOTL_KD_ZG,Bulgaria,-4.81449
2021,NE_GDI_TOTL_KD_ZG,Bulgaria,10.8174
2000,NE_GDI_TOTL_KD_ZG,Belarus,14.70002
2001,NE_GDI_TOTL_KD_ZG,Belarus,1.8939
2002,NE_GDI_TOTL_KD_ZG,Belarus,2.43675
2003,NE_GDI_TOTL_KD_ZG,Belarus,25.85281
2004,NE_GDI_TOTL_KD_ZG,Belarus,29.31351
2005,NE_GDI_TOTL_KD_ZG,Belarus,13.16264
2006,NE_GDI_TOTL_KD_ZG,Belarus,32.33074
2007,NE_GDI_TOTL_KD_ZG,Belarus,16.34907
2008,NE_GDI_TOTL_KD_ZG,Belarus,28.31523
2009,NE_GDI_TOTL_KD_ZG,Belarus,-3.08132
2010,NE_GDI_TOTL_KD_ZG,Belarus,18.63298
2011,NE_GDI_TOTL_KD_ZG,Belarus,7.80554
2012,NE_GDI_TOTL_KD_ZG,Belarus,-6.72685
2013,NE_GDI_TOTL_KD_ZG,Belarus,8.70763
2014,NE_GDI_TOTL_KD_ZG,Belarus,-5.54602
2015,NE_GDI_TOTL_KD_ZG,Belarus,-18.28204
2016,NE_GDI_TOTL_KD_ZG,Belarus,-12.16819
2017,NE_GDI_TOTL_KD_ZG,Belarus,8.55765
2018,NE_GDI_TOTL_KD_ZG,Belarus,2.54475
2019,NE_GDI_TOTL_KD_ZG,Belarus,5.26807
2016,NE_GDI_TOTL_KD_ZG,United Arab Emirates,3.77353
2017,NE_GDI_TOTL_KD_ZG,United Arab Emirates,9.85888
2018,NE_GDI_TOTL_KD_ZG,United Arab Emirates,-11.5434
2019,NE_GDI_TOTL_KD_ZG,United Arab Emirates,-14.43994
2020,NE_GDI_TOTL_KD_ZG,United Arab Emirates,3.90225
2000,NE_GDI_TOTL_KD_ZG,Turkmenistan,3.85356
2001,NE_GDI_TOTL_KD_ZG,Turkmenistan,9.9365
2002,NE_GDI_TOTL_KD_ZG,Turkmenistan,0.63524
2003,NE_GDI_TOTL_KD_ZG,Turkmenistan,8.00321
2004,NE_GDI_TOTL_KD_ZG,Turkmenistan,6.29499
2005,NE_GDI_TOTL_KD_ZG,Turkmenistan,12.33677
2006,NE_GDI_TOTL_KD_ZG,Turkmenistan,-5.21454
2020,NE_GDI_TOTL_KD_ZG,Belarus,-6.47343
2021,NE_GDI_TOTL_KD_ZG,Belarus,-7.77376
2000,NE_GDI_TOTL_KD_ZG,Canada,8.32766
2001,NE_GDI_TOTL_KD_ZG,Canada,-3.1837
2002,NE_GDI_TOTL_KD_ZG,Canada,2.29164
2003,NE_GDI_TOTL_KD_ZG,Canada,9.47003
2004,NE_GDI_TOTL_KD_ZG,Canada,8.70162
2005,NE_GDI_TOTL_KD_ZG,Canada,11.14704
2006,NE_GDI_TOTL_KD_ZG,Canada,5.69832
2007,NE_GDI_TOTL_KD_ZG,Canada,2.95811
2008,NE_GDI_TOTL_KD_ZG,Canada,1.72299
2009,NE_GDI_TOTL_KD_ZG,Canada,-13.82884
2010,NE_GDI_TOTL_KD_ZG,Canada,12.33554
2011,NE_GDI_TOTL_KD_ZG,Canada,7.97438
2012,NE_GDI_TOTL_KD_ZG,Canada,3.57254
2013,NE_GDI_TOTL_KD_ZG,Canada,3.63753
2014,NE_GDI_TOTL_KD_ZG,Canada,0.81959
2015,NE_GDI_TOTL_KD_ZG,Canada,-6.71211
2016,NE_GDI_TOTL_KD_ZG,Canada,-4.75975
2017,NE_GDI_TOTL_KD_ZG,Canada,7.33393
2018,NE_GDI_TOTL_KD_ZG,Canada,0.98944
2019,NE_GDI_TOTL_KD_ZG,Canada,0.89871
2020,NE_GDI_TOTL_KD_ZG,Canada,-9.81802
2021,NE_GDI_TOTL_KD_ZG,Canada,11.40721
2018,NE_GDI_TOTL_KD_ZG,Iceland,4.373
2019,NE_GDI_TOTL_KD_ZG,Iceland,-4.45984
2020,NE_GDI_TOTL_KD_ZG,Iceland,-8.88067
2021,NE_GDI_TOTL_KD_ZG,Iceland,11.97443
2000,NE_GDI_TOTL_KD_ZG,India,-5.52572
2001,NE_GDI_TOTL_KD_ZG,India,4.56638
2002,NE_GDI_TOTL_KD_ZG,India,7.5604
2003,NE_GDI_TOTL_KD_ZG,India,15.70448
2004,NE_GDI_TOTL_KD_ZG,India,29.77299
2005,NE_GDI_TOTL_KD_ZG,India,16.24811
2006,NE_GDI_TOTL_KD_ZG,India,13.37517
2007,NE_GDI_TOTL_KD_ZG,India,18.14952
2008,NE_GDI_TOTL_KD_ZG,India,-5.22414
2009,NE_GDI_TOTL_KD_ZG,India,17.25295
2010,NE_GDI_TOTL_KD_ZG,India,14.07918
2011,NE_GDI_TOTL_KD_ZG,India,3.94012
2012,NE_GDI_TOTL_KD_ZG,India,4.29407
2013,NE_GDI_TOTL_KD_ZG,India,-3.70665
2014,NE_GDI_TOTL_KD_ZG,India,7.69362
2015,NE_GDI_TOTL_KD_ZG,India,4.72952
2016,NE_GDI_TOTL_KD_ZG,India,3.67457
2017,NE_GDI_TOTL_KD_ZG,India,10.83629
2018,NE_GDI_TOTL_KD_ZG,India,10.95473
2019,NE_GDI_TOTL_KD_ZG,India,-2.22529
2000,NE_GDI_TOTL_KD_ZG,Ukraine,12.1
2001,NE_GDI_TOTL_KD_ZG,Ukraine,17.13583
2002,NE_GDI_TOTL_KD_ZG,Ukraine,-1.78861
2003,NE_GDI_TOTL_KD_ZG,Ukraine,23.86917
2004,NE_GDI_TOTL_KD_ZG,Ukraine,5.19876
2005,NE_GDI_TOTL_KD_ZG,Ukraine,13.79225
2006,NE_GDI_TOTL_KD_ZG,Ukraine,18.3964
2007,NE_GDI_TOTL_KD_ZG,Ukraine,25.36852
2008,NE_GDI_TOTL_KD_ZG,Ukraine,1.63808
2009,NE_GDI_TOTL_KD_ZG,Ukraine,-56.45184
2010,NE_GDI_TOTL_KD_ZG,Ukraine,12.9304
2011,NE_GDI_TOTL_KD_ZG,Ukraine,16.46373
2020,NE_GDI_TOTL_KD_ZG,India,-11.38748
2021,NE_GDI_TOTL_KD_ZG,India,21.70562
2000,NE_GDI_TOTL_KD_ZG,Ireland,6.7103
2001,NE_GDI_TOTL_KD_ZG,Ireland,3.73953
2002,NE_GDI_TOTL_KD_ZG,Ireland,6.07269
2003,NE_GDI_TOTL_KD_ZG,Ireland,9.48421
2004,NE_GDI_TOTL_KD_ZG,Ireland,7.35137
2005,NE_GDI_TOTL_KD_ZG,Ireland,17.73008
2006,NE_GDI_TOTL_KD_ZG,Ireland,8.71165
2007,NE_GDI_TOTL_KD_ZG,Ireland,-1.10163
2008,NE_GDI_TOTL_KD_ZG,Ireland,-13.58857
2009,NE_GDI_TOTL_KD_ZG,Ireland,-19.46531
2012,NE_GDI_TOTL_KD_ZG,Ukraine,-6.16461
2013,NE_GDI_TOTL_KD_ZG,Ukraine,-14.03922
2014,NE_GDI_TOTL_KD_ZG,Ukraine,-27.91272
2015,NE_GDI_TOTL_KD_ZG,Ukraine,11.99962
2016,NE_GDI_TOTL_KD_ZG,Ukraine,42.76886
2017,NE_GDI_TOTL_KD_ZG,Ukraine,2.4037
2018,NE_GDI_TOTL_KD_ZG,Ukraine,-2.72624
2019,NE_GDI_TOTL_KD_ZG,Ukraine,-9.47636
2020,NE_GDI_TOTL_KD_ZG,Ukraine,-37.52552
2021,NE_GDI_TOTL_KD_ZG,Ukraine,74.4
2000,NE_GDI_TOTL_KD_ZG,North Macedonia,50.41637
2001,NE_GDI_TOTL_KD_ZG,North Macedonia,-6.14869
2010,NE_GDI_TOTL_KD_ZG,Ireland,-13.14296
2011,NE_GDI_TOTL_KD_ZG,Ireland,4.48025
2012,NE_GDI_TOTL_KD_ZG,Ireland,16.62391
2013,NE_GDI_TOTL_KD_ZG,Ireland,-5.93917
2014,NE_GDI_TOTL_KD_ZG,Ireland,26.78156
2015,NE_GDI_TOTL_KD_ZG,Ireland,50.08192
2016,NE_GDI_TOTL_KD_ZG,Ireland,47.81957
2017,NE_GDI_TOTL_KD_ZG,Ireland,-1.20168
2018,NE_GDI_TOTL_KD_ZG,Ireland,-11.32494
2019,NE_GDI_TOTL_KD_ZG,Ireland,102.38861
2020,NE_GDI_TOTL_KD_ZG,Ireland,-15.04005
2021,NE_GDI_TOTL_KD_ZG,Ireland,-37.25365
2000,NE_GDI_TOTL_KD_ZG,Israel,2.18716
2001,NE_GDI_TOTL_KD_ZG,Israel,-1.35466
2002,NE_GDI_TOTL_KD_ZG,Israel,-7.00719
2003,NE_GDI_TOTL_KD_ZG,Israel,-4.70526
2004,NE_GDI_TOTL_KD_ZG,Israel,1.70011
2005,NE_GDI_TOTL_KD_ZG,Israel,6.14019
2006,NE_GDI_TOTL_KD_ZG,Israel,7.23752
2007,NE_GDI_TOTL_KD_ZG,Israel,6.73895
2008,NE_GDI_TOTL_KD_ZG,Israel,1.93279
2009,NE_GDI_TOTL_KD_ZG,Israel,-5.69846
2010,NE_GDI_TOTL_KD_ZG,Israel,10.65545
2011,NE_GDI_TOTL_KD_ZG,Israel,16.16325
2000,NE_GDI_TOTL_KD_ZG,Chile,9.16116
2001,NE_GDI_TOTL_KD_ZG,Chile,-5.10859
2002,NE_GDI_TOTL_KD_ZG,Chile,-2.5198
2003,NE_GDI_TOTL_KD_ZG,Chile,0.29151
2004,NE_GDI_TOTL_KD_ZG,Chile,6.92607
2005,NE_GDI_TOTL_KD_ZG,Chile,23.9826
2006,NE_GDI_TOTL_KD_ZG,Chile,6.91503
2007,NE_GDI_TOTL_KD_ZG,Chile,4.98191
2008,NE_GDI_TOTL_KD_ZG,Chile,16.72004
2009,NE_GDI_TOTL_KD_ZG,Chile,-17.2623
2010,NE_GDI_TOTL_KD_ZG,Chile,16.9253
2011,NE_GDI_TOTL_KD_ZG,Chile,6.89186
2012,NE_GDI_TOTL_KD_ZG,Israel,5.48438
2013,NE_GDI_TOTL_KD_ZG,Israel,1.86479
2014,NE_GDI_TOTL_KD_ZG,Israel,7.04819
2015,NE_GDI_TOTL_KD_ZG,Israel,1.02792
2016,NE_GDI_TOTL_KD_ZG,Israel,10.62198
2017,NE_GDI_TOTL_KD_ZG,Israel,6.00207
2018,NE_GDI_TOTL_KD_ZG,Israel,6.92036
2019,NE_GDI_TOTL_KD_ZG,Israel,4.8998
2020,NE_GDI_TOTL_KD_ZG,Israel,1.20117
2021,NE_GDI_TOTL_KD_ZG,Israel,12.5947
2000,NE_GDI_TOTL_KD_ZG,Italy,5.62124
2001,NE_GDI_TOTL_KD_ZG,Italy,2.53355
2012,NE_GDI_TOTL_KD_ZG,Chile,3.9143
2013,NE_GDI_TOTL_KD_ZG,Chile,-5.85288
2014,NE_GDI_TOTL_KD_ZG,Chile,-8.06059
2015,NE_GDI_TOTL_KD_ZG,Chile,1.36216
2016,NE_GDI_TOTL_KD_ZG,Chile,-2.85226
2017,NE_GDI_TOTL_KD_ZG,Chile,-1.61104
2018,NE_GDI_TOTL_KD_ZG,Chile,4.70993
2019,NE_GDI_TOTL_KD_ZG,Chile,-0.33148
2020,NE_GDI_TOTL_KD_ZG,Chile,-11.15935
2021,NE_GDI_TOTL_KD_ZG,Chile,25.05449
2000,NE_GDI_TOTL_KD_ZG,China,7.27717
2001,NE_GDI_TOTL_KD_ZG,China,21.10934
2002,NE_GDI_TOTL_KD_ZG,Italy,4.26335
2003,NE_GDI_TOTL_KD_ZG,Italy,-0.13134
2004,NE_GDI_TOTL_KD_ZG,Italy,1.61638
2005,NE_GDI_TOTL_KD_ZG,Italy,-0.35197
2006,NE_GDI_TOTL_KD_ZG,Italy,4.75998
2007,NE_GDI_TOTL_KD_ZG,Italy,2.42908
2008,NE_GDI_TOTL_KD_ZG,Italy,-3.56443
2009,NE_GDI_TOTL_KD_ZG,Italy,-14.74077
2010,NE_GDI_TOTL_KD_ZG,Italy,5.65301
2011,NE_GDI_TOTL_KD_ZG,Italy,-0.5868
2012,NE_GDI_TOTL_KD_ZG,Italy,-15.57499
2013,NE_GDI_TOTL_KD_ZG,Italy,-5.39284
2014,NE_GDI_TOTL_KD_ZG,Italy,1.00778
2015,NE_GDI_TOTL_KD_ZG,Italy,1.33506
2016,NE_GDI_TOTL_KD_ZG,Italy,5.27689
2017,NE_GDI_TOTL_KD_ZG,Italy,4.23933
2018,NE_GDI_TOTL_KD_ZG,Italy,3.59609
2019,NE_GDI_TOTL_KD_ZG,Italy,-1.21363
2020,NE_GDI_TOTL_KD_ZG,Italy,-10.7123
2021,NE_GDI_TOTL_KD_ZG,Italy,18.54671
2000,NE_GDI_TOTL_KD_ZG,Japan,2.91344
2001,NE_GDI_TOTL_KD_ZG,Japan,-1.08576
2002,NE_GDI_TOTL_KD_ZG,Japan,-6.15465
2003,NE_GDI_TOTL_KD_ZG,Japan,0.52032
2002,NE_GDI_TOTL_KD_ZG,China,13.02497
2003,NE_GDI_TOTL_KD_ZG,China,23.79064
2004,NE_GDI_TOTL_KD_ZG,China,19.20499
2005,NE_GDI_TOTL_KD_ZG,China,10.67471
2006,NE_GDI_TOTL_KD_ZG,China,15.38672
2007,NE_GDI_TOTL_KD_ZG,China,17.51052
2008,NE_GDI_TOTL_KD_ZG,China,13.89818
2009,NE_GDI_TOTL_KD_ZG,China,20.86683
2010,NE_GDI_TOTL_KD_ZG,China,15.87935
2011,NE_GDI_TOTL_KD_ZG,China,8.82694
2012,NE_GDI_TOTL_KD_ZG,China,7.50272
2013,NE_GDI_TOTL_KD_ZG,China,9.36883
2004,NE_GDI_TOTL_KD_ZG,Japan,1.78183
2005,NE_GDI_TOTL_KD_ZG,Japan,2.19162
2006,NE_GDI_TOTL_KD_ZG,Japan,-0.06117
2007,NE_GDI_TOTL_KD_ZG,Japan,-0.88087
2008,NE_GDI_TOTL_KD_ZG,Japan,-2.90211
2009,NE_GDI_TOTL_KD_ZG,Japan,-15.96647
2010,NE_GDI_TOTL_KD_ZG,Japan,2.90818
2011,NE_GDI_TOTL_KD_ZG,Japan,3.05267
2012,NE_GDI_TOTL_KD_ZG,Japan,2.96728
2013,NE_GDI_TOTL_KD_ZG,Japan,2.49528
2014,NE_GDI_TOTL_KD_ZG,Japan,2.6046
2015,NE_GDI_TOTL_KD_ZG,Japan,3.31698
2002,NE_GDI_TOTL_KD_ZG,North Macedonia,18.01621
2003,NE_GDI_TOTL_KD_ZG,North Macedonia,-5.05354
2004,NE_GDI_TOTL_KD_ZG,North Macedonia,18.65081
2005,NE_GDI_TOTL_KD_ZG,North Macedonia,-9.22532
2006,NE_GDI_TOTL_KD_ZG,North Macedonia,9.48491
2007,NE_GDI_TOTL_KD_ZG,North Macedonia,13.22312
2008,NE_GDI_TOTL_KD_ZG,North Macedonia,22.33497
2009,NE_GDI_TOTL_KD_ZG,North Macedonia,-0.59249
2010,NE_GDI_TOTL_KD_ZG,North Macedonia,-3.80477
2011,NE_GDI_TOTL_KD_ZG,North Macedonia,17.92763
2012,NE_GDI_TOTL_KD_ZG,North Macedonia,10.18131
2013,NE_GDI_TOTL_KD_ZG,North Macedonia,0.49332
2016,NE_GDI_TOTL_KD_ZG,Japan,0.72124
2017,NE_GDI_TOTL_KD_ZG,Japan,2.11078
2018,NE_GDI_TOTL_KD_ZG,Japan,0.95375
2019,NE_GDI_TOTL_KD_ZG,Japan,0.50892
2020,NE_GDI_TOTL_KD_ZG,Japan,-5.07466
2021,NE_GDI_TOTL_KD_ZG,Japan,-1.99971
2000,NE_GDI_TOTL_KD_ZG,Kazakhstan,10.7
2001,NE_GDI_TOTL_KD_ZG,Kazakhstan,40.5
2002,NE_GDI_TOTL_KD_ZG,Kazakhstan,11.0
2003,NE_GDI_TOTL_KD_ZG,Kazakhstan,6.4
2004,NE_GDI_TOTL_KD_ZG,Kazakhstan,15.1
2005,NE_GDI_TOTL_KD_ZG,Kazakhstan,35.0
2006,NE_GDI_TOTL_KD_ZG,Kazakhstan,31.7
2007,NE_GDI_TOTL_KD_ZG,Kazakhstan,23.4
2008,NE_GDI_TOTL_KD_ZG,Kazakhstan,-12.8
2009,NE_GDI_TOTL_KD_ZG,Kazakhstan,2.3
2010,NE_GDI_TOTL_KD_ZG,Kazakhstan,2.0
2011,NE_GDI_TOTL_KD_ZG,Kazakhstan,5.4
2012,NE_GDI_TOTL_KD_ZG,Kazakhstan,12.7
2013,NE_GDI_TOTL_KD_ZG,Kazakhstan,6.7
2014,NE_GDI_TOTL_KD_ZG,Kazakhstan,8.6
2015,NE_GDI_TOTL_KD_ZG,Kazakhstan,5.5
2016,NE_GDI_TOTL_KD_ZG,Kazakhstan,2.5
2017,NE_GDI_TOTL_KD_ZG,Kazakhstan,3.1
2018,NE_GDI_TOTL_KD_ZG,Kazakhstan,2.9
2019,NE_GDI_TOTL_KD_ZG,Kazakhstan,12.2
2020,NE_GDI_TOTL_KD_ZG,Kazakhstan,-1.0
2021,NE_GDI_TOTL_KD_ZG,Kazakhstan,0.5
2000,NE_GDI_TOTL_KD_ZG,Republic of Korea,14.38203
2001,NE_GDI_TOTL_KD_ZG,Republic of Korea,1.71387
2002,NE_GDI_TOTL_KD_ZG,Republic of Korea,7.91678
2003,NE_GDI_TOTL_KD_ZG,Republic of Korea,5.48353
2004,NE_GDI_TOTL_KD_ZG,Republic of Korea,4.14381
2005,NE_GDI_TOTL_KD_ZG,Republic of Korea,2.21655
2006,NE_GDI_TOTL_KD_ZG,Republic of Korea,5.00098
2007,NE_GDI_TOTL_KD_ZG,Republic of Korea,5.03432
2014,NE_GDI_TOTL_KD_ZG,North Macedonia,10.67303
2015,NE_GDI_TOTL_KD_ZG,North Macedonia,8.27097
2016,NE_GDI_TOTL_KD_ZG,North Macedonia,12.53078
2017,NE_GDI_TOTL_KD_ZG,North Macedonia,-2.20418
2018,NE_GDI_TOTL_KD_ZG,North Macedonia,1.67289
2019,NE_GDI_TOTL_KD_ZG,North Macedonia,9.5125
2020,NE_GDI_TOTL_KD_ZG,North Macedonia,-16.69599
2021,NE_GDI_TOTL_KD_ZG,North Macedonia,9.22528
2000,NE_GDI_TOTL_KD_ZG,United Kingdom of Great Britain and Northern Ireland,2.26688
2001,NE_GDI_TOTL_KD_ZG,United Kingdom of Great Britain and Northern Ireland,1.52709
2002,NE_GDI_TOTL_KD_ZG,United Kingdom of Great Britain and Northern Ireland,3.24087
2003,NE_GDI_TOTL_KD_ZG,United Kingdom of Great Britain and Northern Ireland,1.88909
2014,NE_GDI_TOTL_KD_ZG,China,7.47298
2015,NE_GDI_TOTL_KD_ZG,China,3.56026
2016,NE_GDI_TOTL_KD_ZG,China,7.23927
2017,NE_GDI_TOTL_KD_ZG,China,6.32396
2018,NE_GDI_TOTL_KD_ZG,China,6.75917
2019,NE_GDI_TOTL_KD_ZG,China,3.98597
2020,NE_GDI_TOTL_KD_ZG,China,4.3108
2021,NE_GDI_TOTL_KD_ZG,China,2.57176
2000,NE_GDI_TOTL_KD_ZG,Colombia,12.2633
2001,NE_GDI_TOTL_KD_ZG,Colombia,8.42396
2002,NE_GDI_TOTL_KD_ZG,Colombia,10.07037
2003,NE_GDI_TOTL_KD_ZG,Colombia,11.3551
2008,NE_GDI_TOTL_KD_ZG,Republic of Korea,-0.26142
2009,NE_GDI_TOTL_KD_ZG,Republic of Korea,-9.88749
2010,NE_GDI_TOTL_KD_ZG,Republic of Korea,17.05178
2011,NE_GDI_TOTL_KD_ZG,Republic of Korea,3.22228
2012,NE_GDI_TOTL_KD_ZG,Republic of Korea,-2.63319
2013,NE_GDI_TOTL_KD_ZG,Republic of Korea,1.00838
2014,NE_GDI_TOTL_KD_ZG,Republic of Korea,3.55204
2015,NE_GDI_TOTL_KD_ZG,Republic of Korea,6.50953
2016,NE_GDI_TOTL_KD_ZG,Republic of Korea,6.26934
2017,NE_GDI_TOTL_KD_ZG,Republic of Korea,10.89771
2018,NE_GDI_TOTL_KD_ZG,Republic of Korea,-1.31597
2019,NE_GDI_TOTL_KD_ZG,Republic of Korea,-1.92038
2020,NE_GDI_TOTL_KD_ZG,Republic of Korea,0.88644
2021,NE_GDI_TOTL_KD_ZG,Republic of Korea,2.34246
2000,NE_GDI_TOTL_KD_ZG,Kyrgyzstan,23.14219
2001,NE_GDI_TOTL_KD_ZG,Kyrgyzstan,-4.56895
2002,NE_GDI_TOTL_KD_ZG,Kyrgyzstan,-6.72689
2003,NE_GDI_TOTL_KD_ZG,Kyrgyzstan,-19.27883
2004,NE_GDI_TOTL_KD_ZG,Kyrgyzstan,18.14724
2005,NE_GDI_TOTL_KD_ZG,Kyrgyzstan,12.34686
2006,NE_GDI_TOTL_KD_ZG,Kyrgyzstan,51.80548
2007,NE_GDI_TOTL_KD_ZG,Kyrgyzstan,13.12309
2008,NE_GDI_TOTL_KD_ZG,Kyrgyzstan,13.75524
2009,NE_GDI_TOTL_KD_ZG,Kyrgyzstan,-1.51959
2004,NE_GDI_TOTL_KD_ZG,United Kingdom of Great Britain and Northern Ireland,1.44252
2005,NE_GDI_TOTL_KD_ZG,United Kingdom of Great Britain and Northern Ireland,2.79326
2006,NE_GDI_TOTL_KD_ZG,United Kingdom of Great Britain and Northern Ireland,6.0632
2007,NE_GDI_TOTL_KD_ZG,United Kingdom of Great Britain and Northern Ireland,1.48111
2008,NE_GDI_TOTL_KD_ZG,United Kingdom of Great Britain and Northern Ireland,-6.743
2009,NE_GDI_TOTL_KD_ZG,United Kingdom of Great Britain and Northern Ireland,-14.84379
2010,NE_GDI_TOTL_KD_ZG,United Kingdom of Great Britain and Northern Ireland,10.76543
2011,NE_GDI_TOTL_KD_ZG,United Kingdom of Great Britain and Northern Ireland,0.37356
2012,NE_GDI_TOTL_KD_ZG,United Kingdom of Great Britain and Northern Ireland,2.78588
2013,NE_GDI_TOTL_KD_ZG,United Kingdom of Great Britain and Northern Ireland,7.41968
2014,NE_GDI_TOTL_KD_ZG,United Kingdom of Great Britain and Northern Ireland,12.81647
2010,NE_GDI_TOTL_KD_ZG,Kyrgyzstan,-5.17334
2011,NE_GDI_TOTL_KD_ZG,Kyrgyzstan,6.33157
2012,NE_GDI_TOTL_KD_ZG,Kyrgyzstan,44.48819
2013,NE_GDI_TOTL_KD_ZG,Kyrgyzstan,6.57642
2014,NE_GDI_TOTL_KD_ZG,Kyrgyzstan,14.88396
2015,NE_GDI_TOTL_KD_ZG,Kyrgyzstan,-5.06094
2016,NE_GDI_TOTL_KD_ZG,Kyrgyzstan,8.19953
2017,NE_GDI_TOTL_KD_ZG,Kyrgyzstan,5.68481
2018,NE_GDI_TOTL_KD_ZG,Kyrgyzstan,18.01161
2019,NE_GDI_TOTL_KD_ZG,Kyrgyzstan,7.9214
2020,NE_GDI_TOTL_KD_ZG,Kyrgyzstan,-29.21046
2021,NE_GDI_TOTL_KD_ZG,Kyrgyzstan,12.33038
2004,NE_GDI_TOTL_KD_ZG,Colombia,11.1832
2005,NE_GDI_TOTL_KD_ZG,Colombia,11.47281
2006,NE_GDI_TOTL_KD_ZG,Colombia,16.93381
2007,NE_GDI_TOTL_KD_ZG,Colombia,15.79705
2008,NE_GDI_TOTL_KD_ZG,Colombia,9.08332
2009,NE_GDI_TOTL_KD_ZG,Colombia,-6.29557
2010,NE_GDI_TOTL_KD_ZG,Colombia,9.56209
2011,NE_GDI_TOTL_KD_ZG,Colombia,18.51593
2012,NE_GDI_TOTL_KD_ZG,Colombia,2.88671
2013,NE_GDI_TOTL_KD_ZG,Colombia,7.80662
2014,NE_GDI_TOTL_KD_ZG,Colombia,11.95356
2015,NE_GDI_TOTL_KD_ZG,Colombia,-1.15122
2016,NE_GDI_TOTL_KD_ZG,Colombia,-0.16257
2017,NE_GDI_TOTL_KD_ZG,Colombia,-3.22837
2018,NE_GDI_TOTL_KD_ZG,Colombia,1.5041
2019,NE_GDI_TOTL_KD_ZG,Colombia,2.95243
2020,NE_GDI_TOTL_KD_ZG,Colombia,-20.502
2021,NE_GDI_TOTL_KD_ZG,Colombia,12.2146
2000,NE_GDI_TOTL_KD_ZG,Costa Rica,0.99843
2001,NE_GDI_TOTL_KD_ZG,Costa Rica,2.91943
2002,NE_GDI_TOTL_KD_ZG,Costa Rica,4.36505
2003,NE_GDI_TOTL_KD_ZG,Costa Rica,2.02295
2004,NE_GDI_TOTL_KD_ZG,Costa Rica,1.82609
2005,NE_GDI_TOTL_KD_ZG,Costa Rica,5.30378
2006,NE_GDI_TOTL_KD_ZG,Costa Rica,17.79248
2007,NE_GDI_TOTL_KD_ZG,Costa Rica,19.11902
2008,NE_GDI_TOTL_KD_ZG,Costa Rica,9.11226
2009,NE_GDI_TOTL_KD_ZG,Costa Rica,-30.65159
2010,NE_GDI_TOTL_KD_ZG,Costa Rica,22.33795
2011,NE_GDI_TOTL_KD_ZG,Costa Rica,5.75709
2012,NE_GDI_TOTL_KD_ZG,Costa Rica,4.37691
2013,NE_GDI_TOTL_KD_ZG,Costa Rica,0.98913
2014,NE_GDI_TOTL_KD_ZG,Costa Rica,0.09834
2015,NE_GDI_TOTL_KD_ZG,Costa Rica,3.98189
2016,NE_GDI_TOTL_KD_ZG,Costa Rica,6.86082
2017,NE_GDI_TOTL_KD_ZG,Costa Rica,-1.86884
2018,NE_GDI_TOTL_KD_ZG,Costa Rica,3.1828
2019,NE_GDI_TOTL_KD_ZG,Costa Rica,-9.99404
2020,NE_GDI_TOTL_KD_ZG,Costa Rica,-2.47047
2021,NE_GDI_TOTL_KD_ZG,Costa Rica,18.17122
2000,NE_GDI_TOTL_KD_ZG,Croatia,-3.35499
2001,NE_GDI_TOTL_KD_ZG,Croatia,9.10159
2002,NE_GDI_TOTL_KD_ZG,Croatia,19.43406
2003,NE_GDI_TOTL_KD_ZG,Croatia,20.36004
2004,NE_GDI_TOTL_KD_ZG,Croatia,1.48461
2005,NE_GDI_TOTL_KD_ZG,Croatia,5.80947
2006,NE_GDI_TOTL_KD_ZG,Croatia,14.56362
2007,NE_GDI_TOTL_KD_ZG,Croatia,5.32803
2008,NE_GDI_TOTL_KD_ZG,Croatia,9.77881
2009,NE_GDI_TOTL_KD_ZG,Croatia,-22.32709
2010,NE_GDI_TOTL_KD_ZG,Croatia,-15.91101
2011,NE_GDI_TOTL_KD_ZG,Croatia,-3.9647
2012,NE_GDI_TOTL_KD_ZG,Croatia,-5.35752
2013,NE_GDI_TOTL_KD_ZG,Croatia,4.29607
2014,NE_GDI_TOTL_KD_ZG,Croatia,-3.11407
2015,NE_GDI_TOTL_KD_ZG,Croatia,11.5146
2016,NE_GDI_TOTL_KD_ZG,Croatia,6.08521
2017,NE_GDI_TOTL_KD_ZG,Croatia,8.65799
2018,NE_GDI_TOTL_KD_ZG,Croatia,10.37143
2019,NE_GDI_TOTL_KD_ZG,Croatia,1.80662
2020,NE_GDI_TOTL_KD_ZG,Croatia,-4.91196
2021,NE_GDI_TOTL_KD_ZG,Croatia,-0.26064
2000,NE_GDI_TOTL_KD_ZG,Cyprus,8.56385
2001,NE_GDI_TOTL_KD_ZG,Cyprus,-8.08384
2002,NE_GDI_TOTL_KD_ZG,Cyprus,15.53451
2003,NE_GDI_TOTL_KD_ZG,Cyprus,0.66805
2004,NE_GDI_TOTL_KD_ZG,Cyprus,16.69609
2005,NE_GDI_TOTL_KD_ZG,Cyprus,3.96948
2006,NE_GDI_TOTL_KD_ZG,Cyprus,13.55025
2007,NE_GDI_TOTL_KD_ZG,Cyprus,4.4291
2008,NE_GDI_TOTL_KD_ZG,Cyprus,21.26119
2009,NE_GDI_TOTL_KD_ZG,Cyprus,-20.81098
2010,NE_GDI_TOTL_KD_ZG,Cyprus,7.97591
2011,NE_GDI_TOTL_KD_ZG,Cyprus,-18.10794
2012,NE_GDI_TOTL_KD_ZG,Cyprus,-15.54767
2013,NE_GDI_TOTL_KD_ZG,Cyprus,-26.13139
2014,NE_GDI_TOTL_KD_ZG,Cyprus,2.89107
2015,NE_GDI_TOTL_KD_ZG,Cyprus,2.80959
2016,NE_GDI_TOTL_KD_ZG,Cyprus,35.62802
2017,NE_GDI_TOTL_KD_ZG,Cyprus,25.06142
2018,NE_GDI_TOTL_KD_ZG,Cyprus,-1.61618
2019,NE_GDI_TOTL_KD_ZG,Cyprus,9.07646
2020,NE_GDI_TOTL_KD_ZG,Cyprus,-6.02444
2021,NE_GDI_TOTL_KD_ZG,Cyprus,-5.18235
2000,NE_GDI_TOTL_KD_ZG,Czechia,10.87299
2001,NE_GDI_TOTL_KD_ZG,Czechia,6.71205
2002,NE_GDI_TOTL_KD_ZG,Czechia,1.4734
2003,NE_GDI_TOTL_KD_ZG,Czechia,0.55381
2004,NE_GDI_TOTL_KD_ZG,Czechia,7.5485
2005,NE_GDI_TOTL_KD_ZG,Czechia,4.37741
2006,NE_GDI_TOTL_KD_ZG,Czechia,9.5736
2007,NE_GDI_TOTL_KD_ZG,Czechia,14.30196
2008,NE_GDI_TOTL_KD_ZG,Czechia,0.91572
2009,NE_GDI_TOTL_KD_ZG,Czechia,-17.66655
2010,NE_GDI_TOTL_KD_ZG,Czechia,4.20502
2011,NE_GDI_TOTL_KD_ZG,Czechia,1.75254
2000,NE_GDI_TOTL_KD_ZG,Latvia,5.22995
2001,NE_GDI_TOTL_KD_ZG,Latvia,23.63788
2002,NE_GDI_TOTL_KD_ZG,Latvia,6.55545
2003,NE_GDI_TOTL_KD_ZG,Latvia,24.0131
2004,NE_GDI_TOTL_KD_ZG,Latvia,21.96968
2005,NE_GDI_TOTL_KD_ZG,Latvia,10.93944
2006,NE_GDI_TOTL_KD_ZG,Latvia,25.34055
2007,NE_GDI_TOTL_KD_ZG,Latvia,18.19331
2008,NE_GDI_TOTL_KD_ZG,Latvia,-14.25217
2009,NE_GDI_TOTL_KD_ZG,Latvia,-40.28134
2010,NE_GDI_TOTL_KD_ZG,Latvia,-18.7442
2011,NE_GDI_TOTL_KD_ZG,Latvia,40.0935
2012,NE_GDI_TOTL_KD_ZG,Latvia,4.69193
2013,NE_GDI_TOTL_KD_ZG,Latvia,-9.76516
2014,NE_GDI_TOTL_KD_ZG,Latvia,-4.4198
2015,NE_GDI_TOTL_KD_ZG,Latvia,5.75218
2016,NE_GDI_TOTL_KD_ZG,Latvia,-1.03304
2017,NE_GDI_TOTL_KD_ZG,Latvia,10.45505
2018,NE_GDI_TOTL_KD_ZG,Latvia,14.02266
2019,NE_GDI_TOTL_KD_ZG,Latvia,10.11448
2020,NE_GDI_TOTL_KD_ZG,Latvia,-0.02942
2021,NE_GDI_TOTL_KD_ZG,Latvia,18.02222
2000,NE_GDI_TOTL_KD_ZG,Lithuania,-12.07561
2001,NE_GDI_TOTL_KD_ZG,Lithuania,16.14252
2002,NE_GDI_TOTL_KD_ZG,Lithuania,18.11947
2003,NE_GDI_TOTL_KD_ZG,Lithuania,16.15032
2004,NE_GDI_TOTL_KD_ZG,Lithuania,22.86739
2005,NE_GDI_TOTL_KD_ZG,Lithuania,3.65291
2006,NE_GDI_TOTL_KD_ZG,Lithuania,12.37059
2007,NE_GDI_TOTL_KD_ZG,Lithuania,30.03326
2008,NE_GDI_TOTL_KD_ZG,Lithuania,3.48116
2009,NE_GDI_TOTL_KD_ZG,Lithuania,-54.32733
2010,NE_GDI_TOTL_KD_ZG,Lithuania,38.96524
2011,NE_GDI_TOTL_KD_ZG,Lithuania,18.86575
2012,NE_GDI_TOTL_KD_ZG,Lithuania,-10.56398
2013,NE_GDI_TOTL_KD_ZG,Lithuania,-2.16153
2014,NE_GDI_TOTL_KD_ZG,Lithuania,6.80459
2015,NE_GDI_TOTL_KD_ZG,Lithuania,22.04769
2016,NE_GDI_TOTL_KD_ZG,Lithuania,-2.95702
2017,NE_GDI_TOTL_KD_ZG,Lithuania,2.10225
2018,NE_GDI_TOTL_KD_ZG,Lithuania,5.13859
2019,NE_GDI_TOTL_KD_ZG,Lithuania,-0.85122
2020,NE_GDI_TOTL_KD_ZG,Lithuania,-10.33839
2021,NE_GDI_TOTL_KD_ZG,Lithuania,10.19623
2000,NE_GDI_TOTL_KD_ZG,Luxembourg,3.13293
2001,NE_GDI_TOTL_KD_ZG,Luxembourg,-0.87377
2002,NE_GDI_TOTL_KD_ZG,Luxembourg,-4.93504
2003,NE_GDI_TOTL_KD_ZG,Luxembourg,7.83803
2012,NE_GDI_TOTL_KD_ZG,Czechia,-4.17514
2013,NE_GDI_TOTL_KD_ZG,Czechia,-4.24157
2014,NE_GDI_TOTL_KD_ZG,Czechia,7.14678
2015,NE_GDI_TOTL_KD_ZG,Czechia,13.1167
2016,NE_GDI_TOTL_KD_ZG,Czechia,-3.9785
2017,NE_GDI_TOTL_KD_ZG,Czechia,6.47165
2018,NE_GDI_TOTL_KD_ZG,Czechia,7.69066
2019,NE_GDI_TOTL_KD_ZG,Czechia,4.49996
2020,NE_GDI_TOTL_KD_ZG,Czechia,-9.27159
2021,NE_GDI_TOTL_KD_ZG,Czechia,18.9588
2000,NE_GDI_TOTL_KD_ZG,Denmark,11.7441
2001,NE_GDI_TOTL_KD_ZG,Denmark,-1.47349
2002,NE_GDI_TOTL_KD_ZG,Denmark,-1.20157
2003,NE_GDI_TOTL_KD_ZG,Denmark,-0.6801
2004,NE_GDI_TOTL_KD_ZG,Denmark,6.76059
2005,NE_GDI_TOTL_KD_ZG,Denmark,5.53205
2006,NE_GDI_TOTL_KD_ZG,Denmark,12.76583
2007,NE_GDI_TOTL_KD_ZG,Denmark,2.6722
2008,NE_GDI_TOTL_KD_ZG,Denmark,-4.79671
2009,NE_GDI_TOTL_KD_ZG,Denmark,-21.2314
2010,NE_GDI_TOTL_KD_ZG,Denmark,-0.5872
2011,NE_GDI_TOTL_KD_ZG,Denmark,5.45431
2012,NE_GDI_TOTL_KD_ZG,Denmark,2.29482
2013,NE_GDI_TOTL_KD_ZG,Denmark,3.3908
2014,NE_GDI_TOTL_KD_ZG,Denmark,4.28979
2015,NE_GDI_TOTL_KD_ZG,Denmark,5.23961
2016,NE_GDI_TOTL_KD_ZG,Denmark,7.6011
2017,NE_GDI_TOTL_KD_ZG,Denmark,4.21871
2018,NE_GDI_TOTL_KD_ZG,Denmark,4.34812
2019,NE_GDI_TOTL_KD_ZG,Denmark,-2.14776
2020,NE_GDI_TOTL_KD_ZG,Denmark,3.84847
2021,NE_GDI_TOTL_KD_ZG,Denmark,6.13895
2000,NE_GDI_TOTL_KD_ZG,Estonia,21.98607
2001,NE_GDI_TOTL_KD_ZG,Estonia,14.47494
2002,NE_GDI_TOTL_KD_ZG,Estonia,23.78755
2003,NE_GDI_TOTL_KD_ZG,Estonia,17.92731
2004,NE_GDI_TOTL_KD_ZG,Estonia,7.12166
2005,NE_GDI_TOTL_KD_ZG,Estonia,7.04391
2006,NE_GDI_TOTL_KD_ZG,Estonia,31.43573
2007,NE_GDI_TOTL_KD_ZG,Estonia,11.54786
2008,NE_GDI_TOTL_KD_ZG,Estonia,-19.67319
2009,NE_GDI_TOTL_KD_ZG,Estonia,-42.32502
2010,NE_GDI_TOTL_KD_ZG,Estonia,7.12699
2011,NE_GDI_TOTL_KD_ZG,Estonia,29.10509
2012,NE_GDI_TOTL_KD_ZG,Estonia,18.66102
2013,NE_GDI_TOTL_KD_ZG,Estonia,-3.38595
2014,NE_GDI_TOTL_KD_ZG,Estonia,4.25951
2015,NE_GDI_TOTL_KD_ZG,Estonia,-5.34991
2016,NE_GDI_TOTL_KD_ZG,Estonia,5.62376
2017,NE_GDI_TOTL_KD_ZG,Estonia,13.32828
2018,NE_GDI_TOTL_KD_ZG,Estonia,12.10419
2019,NE_GDI_TOTL_KD_ZG,Estonia,-4.27799
2020,NE_GDI_TOTL_KD_ZG,Estonia,22.67594
2021,NE_GDI_TOTL_KD_ZG,Estonia,7.96774
2000,NE_GDI_TOTL_KD_ZG,Finland,10.77941
2001,NE_GDI_TOTL_KD_ZG,Finland,-0.18315
2002,NE_GDI_TOTL_KD_ZG,Finland,-2.03498
2003,NE_GDI_TOTL_KD_ZG,Finland,2.58076
2004,NE_GDI_TOTL_KD_ZG,Finland,5.54383
2005,NE_GDI_TOTL_KD_ZG,Finland,8.00926
2006,NE_GDI_TOTL_KD_ZG,Finland,-0.21632
2007,NE_GDI_TOTL_KD_ZG,Finland,10.48945
2008,NE_GDI_TOTL_KD_ZG,Finland,-1.43385
2009,NE_GDI_TOTL_KD_ZG,Finland,-19.95062
2010,NE_GDI_TOTL_KD_ZG,Finland,8.49812
2011,NE_GDI_TOTL_KD_ZG,Finland,11.32782
2012,NE_GDI_TOTL_KD_ZG,Finland,-4.86984
2013,NE_GDI_TOTL_KD_ZG,Finland,-4.28051
2014,NE_GDI_TOTL_KD_ZG,Finland,-0.90221
2015,NE_GDI_TOTL_KD_ZG,Finland,0.69105
2016,NE_GDI_TOTL_KD_ZG,Finland,9.02436
2017,NE_GDI_TOTL_KD_ZG,Finland,5.22982
2018,NE_GDI_TOTL_KD_ZG,Finland,5.74852
2019,NE_GDI_TOTL_KD_ZG,Finland,-4.97629
2020,NE_GDI_TOTL_KD_ZG,Finland,0.0756
2021,NE_GDI_TOTL_KD_ZG,Finland,1.0311
2000,NE_GDI_TOTL_KD_ZG,France,8.55013
2001,NE_GDI_TOTL_KD_ZG,France,0.74318
2002,NE_GDI_TOTL_KD_ZG,France,-1.9625
2003,NE_GDI_TOTL_KD_ZG,France,0.35062
2004,NE_GDI_TOTL_KD_ZG,France,6.60304
2005,NE_GDI_TOTL_KD_ZG,France,2.84086
2006,NE_GDI_TOTL_KD_ZG,France,3.83727
2007,NE_GDI_TOTL_KD_ZG,France,6.11944
2004,NE_GDI_TOTL_KD_ZG,Luxembourg,5.39331
2005,NE_GDI_TOTL_KD_ZG,Luxembourg,5.02629
2006,NE_GDI_TOTL_KD_ZG,Luxembourg,-2.26959
2007,NE_GDI_TOTL_KD_ZG,Luxembourg,11.13563
2008,NE_GDI_TOTL_KD_ZG,Luxembourg,10.15339
2009,NE_GDI_TOTL_KD_ZG,Luxembourg,-23.62538
2010,NE_GDI_TOTL_KD_ZG,Luxembourg,21.20131
2011,NE_GDI_TOTL_KD_ZG,Luxembourg,9.55668
2012,NE_GDI_TOTL_KD_ZG,Luxembourg,-0.49966
2013,NE_GDI_TOTL_KD_ZG,Luxembourg,1.01788
2014,NE_GDI_TOTL_KD_ZG,Luxembourg,9.99249
2015,NE_GDI_TOTL_KD_ZG,Luxembourg,0.87675
2012,NE_GDI_TOTL_KD_ZG,Albania,-7.91215
2013,NE_GDI_TOTL_KD_ZG,Albania,-1.77752
2014,NE_GDI_TOTL_KD_ZG,Albania,-5.64557
2015,NE_GDI_TOTL_KD_ZG,Albania,3.17902
2016,NE_GDI_TOTL_KD_ZG,Albania,0.30873
2017,NE_GDI_TOTL_KD_ZG,Albania,4.37379
2018,NE_GDI_TOTL_KD_ZG,Albania,0.60014
2019,NE_GDI_TOTL_KD_ZG,Albania,1.77731
2008,NE_GDI_TOTL_KD_ZG,France,-0.14649
2009,NE_GDI_TOTL_KD_ZG,France,-13.49811
2010,NE_GDI_TOTL_KD_ZG,France,3.36243
2011,NE_GDI_TOTL_KD_ZG,France,6.98396
2012,NE_GDI_TOTL_KD_ZG,France,-2.50121
2013,NE_GDI_TOTL_KD_ZG,France,0.25185
2014,NE_GDI_TOTL_KD_ZG,France,3.23879
2015,NE_GDI_TOTL_KD_ZG,France,2.22753
2016,NE_GDI_TOTL_KD_ZG,France,0.73815
2017,NE_GDI_TOTL_KD_ZG,France,5.41603
2018,NE_GDI_TOTL_KD_ZG,France,3.117
2019,NE_GDI_TOTL_KD_ZG,France,3.81123
2020,NE_GDI_TOTL_KD_ZG,France,-8.65556
2021,NE_GDI_TOTL_KD_ZG,France,9.90701
2011,NE_GDI_TOTL_KD_ZG,Georgia,14.29234
2012,NE_GDI_TOTL_KD_ZG,Georgia,15.61613
2013,NE_GDI_TOTL_KD_ZG,Georgia,-14.51898
2014,NE_GDI_TOTL_KD_ZG,Georgia,31.0053
2015,NE_GDI_TOTL_KD_ZG,Georgia,7.52796
2016,NE_GDI_TOTL_KD_ZG,Georgia,13.28798
2017,NE_GDI_TOTL_KD_ZG,Georgia,-2.34548
2018,NE_GDI_TOTL_KD_ZG,Georgia,6.54092
2019,NE_GDI_TOTL_KD_ZG,Georgia,-5.90564
2020,NE_GDI_TOTL_KD_ZG,Georgia,-15.18572
2021,NE_GDI_TOTL_KD_ZG,Georgia,-21.92611
2016,NE_GDI_TOTL_KD_ZG,Luxembourg,-2.62979
2017,NE_GDI_TOTL_KD_ZG,Luxembourg,7.425
2018,NE_GDI_TOTL_KD_ZG,Luxembourg,-8.0443
2019,NE_GDI_TOTL_KD_ZG,Luxembourg,9.02648
2020,NE_GDI_TOTL_KD_ZG,Luxembourg,-4.77293
2021,NE_GDI_TOTL_KD_ZG,Luxembourg,8.81283
2001,NE_GDI_TOTL_KD_ZG,Malta,-23.19756
2002,NE_GDI_TOTL_KD_ZG,Malta,-13.9724
2003,NE_GDI_TOTL_KD_ZG,Malta,37.47253
2004,NE_GDI_TOTL_KD_ZG,Malta,7.07434
2005,NE_GDI_TOTL_KD_ZG,Malta,20.81374
2006,NE_GDI_TOTL_KD_ZG,Malta,-11.36378
2007,NE_GDI_TOTL_KD_ZG,Malta,4.57334
2008,NE_GDI_TOTL_KD_ZG,Malta,-0.38667
2009,NE_GDI_TOTL_KD_ZG,Malta,-9.50341
2010,NE_GDI_TOTL_KD_ZG,Malta,21.32081
2011,NE_GDI_TOTL_KD_ZG,Malta,-19.65254
2012,NE_GDI_TOTL_KD_ZG,Malta,1.00144
2013,NE_GDI_TOTL_KD_ZG,Malta,0.57087
2014,NE_GDI_TOTL_KD_ZG,Malta,4.69042
2015,NE_GDI_TOTL_KD_ZG,Malta,72.16237
2016,NE_GDI_TOTL_KD_ZG,Malta,0.20305
2017,NE_GDI_TOTL_KD_ZG,Malta,2.961
2018,NE_GDI_TOTL_KD_ZG,Malta,5.73563
2015,NE_GDI_TOTL_KD_ZG,United Kingdom of Great Britain and Northern Ireland,2.90596
2016,NE_GDI_TOTL_KD_ZG,United Kingdom of Great Britain and Northern Ireland,-0.20699
2017,NE_GDI_TOTL_KD_ZG,United Kingdom of Great Britain and Northern Ireland,0.93414
2018,NE_GDI_TOTL_KD_ZG,United Kingdom of Great Britain and Northern Ireland,0.87564
2019,NE_GDI_TOTL_KD_ZG,United Kingdom of Great Britain and Northern Ireland,2.57802
2020,NE_GDI_TOTL_KD_ZG,United Kingdom of Great Britain and Northern Ireland,-14.59049
2021,NE_GDI_TOTL_KD_ZG,United Kingdom of Great Britain and Northern Ireland,12.69948
2019,NE_GDI_TOTL_KD_ZG,Malta,8.39126
2020,NE_GDI_TOTL_KD_ZG,Malta,-4.80479
2021,NE_GDI_TOTL_KD_ZG,Malta,14.46085
2000,NE_GDI_TOTL_KD_ZG,Mexico,5.36183
2001,NE_GDI_TOTL_KD_ZG,Mexico,-8.74957
2002,NE_GDI_TOTL_KD_ZG,Mexico,-0.61677
2003,NE_GDI_TOTL_KD_ZG,Mexico,1.78583
2004,NE_GDI_TOTL_KD_ZG,Mexico,8.56773
2005,NE_GDI_TOTL_KD_ZG,Mexico,2.51386
2006,NE_GDI_TOTL_KD_ZG,Mexico,10.74326
2007,NE_GDI_TOTL_KD_ZG,Mexico,5.04786
2008,NE_GDI_TOTL_KD_ZG,Mexico,5.14607
2009,NE_GDI_TOTL_KD_ZG,Mexico,-11.87005
2010,NE_GDI_TOTL_KD_ZG,Mexico,6.78636
2011,NE_GDI_TOTL_KD_ZG,Mexico,6.45755
2012,NE_GDI_TOTL_KD_ZG,Mexico,5.34028
2013,NE_GDI_TOTL_KD_ZG,Mexico,-2.11264
2014,NE_GDI_TOTL_KD_ZG,Mexico,1.53801
2015,NE_GDI_TOTL_KD_ZG,Mexico,4.53433
2016,NE_GDI_TOTL_KD_ZG,Mexico,0.53777
2017,NE_GDI_TOTL_KD_ZG,Mexico,-1.21997
2018,NE_GDI_TOTL_KD_ZG,Mexico,0.44915
2019,NE_GDI_TOTL_KD_ZG,Mexico,-5.31024
2020,NE_GDI_TOTL_KD_ZG,Mexico,-19.01541
2021,NE_GDI_TOTL_KD_ZG,Mexico,10.78827
2000,NE_GDI_TOTL_KD_ZG,Moldova,11.91002
2001,NE_GDI_TOTL_KD_ZG,Moldova,5.2013
2002,NE_GDI_TOTL_KD_ZG,Moldova,1.05214
2003,NE_GDI_TOTL_KD_ZG,Moldova,13.53718
2004,NE_GDI_TOTL_KD_ZG,Moldova,10.46058
2005,NE_GDI_TOTL_KD_ZG,Moldova,18.11116
2006,NE_GDI_TOTL_KD_ZG,Moldova,12.206
2007,NE_GDI_TOTL_KD_ZG,Moldova,22.00932
2008,NE_GDI_TOTL_KD_ZG,Moldova,6.82384
2009,NE_GDI_TOTL_KD_ZG,Moldova,-38.81383
2010,NE_GDI_TOTL_KD_ZG,Moldova,18.11273
2011,NE_GDI_TOTL_KD_ZG,Moldova,10.85005
2012,NE_GDI_TOTL_KD_ZG,Moldova,1.47433
2013,NE_GDI_TOTL_KD_ZG,Moldova,10.87066
2014,NE_GDI_TOTL_KD_ZG,Moldova,7.95921
2015,NE_GDI_TOTL_KD_ZG,Moldova,-10.14685
2016,NE_GDI_TOTL_KD_ZG,Moldova,0.26979
2017,NE_GDI_TOTL_KD_ZG,Moldova,12.32452
2018,NE_GDI_TOTL_KD_ZG,Moldova,18.90263
2019,NE_GDI_TOTL_KD_ZG,Moldova,6.37094
2020,NE_GDI_TOTL_KD_ZG,Moldova,-1.85021
2021,NE_GDI_TOTL_KD_ZG,Moldova,24.27443
2007,NE_GDI_TOTL_KD_ZG,Montenegro,79.78268
2008,NE_GDI_TOTL_KD_ZG,Montenegro,31.56244
2009,NE_GDI_TOTL_KD_ZG,Montenegro,-28.90212
2010,NE_GDI_TOTL_KD_ZG,Montenegro,-18.54169
2011,NE_GDI_TOTL_KD_ZG,Montenegro,-7.17345
2012,NE_GDI_TOTL_KD_ZG,Montenegro,-2.43062
2013,NE_GDI_TOTL_KD_ZG,Montenegro,10.69243
2014,NE_GDI_TOTL_KD_ZG,Montenegro,-2.53841
2015,NE_GDI_TOTL_KD_ZG,Montenegro,11.94749
2016,NE_GDI_TOTL_KD_ZG,Montenegro,38.40796
2017,NE_GDI_TOTL_KD_ZG,Montenegro,18.72242
2018,NE_GDI_TOTL_KD_ZG,Montenegro,14.65578
2019,NE_GDI_TOTL_KD_ZG,Montenegro,-1.7089
2020,NE_GDI_TOTL_KD_ZG,Montenegro,-11.95035
2021,NE_GDI_TOTL_KD_ZG,Montenegro,-12.30558
2000,NE_GDI_TOTL_KD_ZG,Netherlands (Kingdom of the),1.48483
2001,NE_GDI_TOTL_KD_ZG,Netherlands (Kingdom of the),3.86203
2002,NE_GDI_TOTL_KD_ZG,Netherlands (Kingdom of the),-6.72391
2003,NE_GDI_TOTL_KD_ZG,Netherlands (Kingdom of the),-1.9728
2004,NE_GDI_TOTL_KD_ZG,Netherlands (Kingdom of the),0.9556
2005,NE_GDI_TOTL_KD_ZG,Netherlands (Kingdom of the),3.44
2006,NE_GDI_TOTL_KD_ZG,Netherlands (Kingdom of the),6.59135
2007,NE_GDI_TOTL_KD_ZG,Netherlands (Kingdom of the),15.07002
2008,NE_GDI_TOTL_KD_ZG,Netherlands (Kingdom of the),-2.27982
2009,NE_GDI_TOTL_KD_ZG,Netherlands (Kingdom of the),-11.89898
2010,NE_GDI_TOTL_KD_ZG,Netherlands (Kingdom of the),-1.64897
2011,NE_GDI_TOTL_KD_ZG,Netherlands (Kingdom of the),2.06106
2012,NE_GDI_TOTL_KD_ZG,Netherlands (Kingdom of the),-6.03084
2013,NE_GDI_TOTL_KD_ZG,Netherlands (Kingdom of the),-0.57498
2014,NE_GDI_TOTL_KD_ZG,Netherlands (Kingdom of the),-1.33249
2015,NE_GDI_TOTL_KD_ZG,Netherlands (Kingdom of the),29.14027
2016,NE_GDI_TOTL_KD_ZG,Netherlands (Kingdom of the),-6.73979
2017,NE_GDI_TOTL_KD_ZG,Netherlands (Kingdom of the),4.16342
2018,NE_GDI_TOTL_KD_ZG,Netherlands (Kingdom of the),3.89398
2019,NE_GDI_TOTL_KD_ZG,Netherlands (Kingdom of the),7.6685
2020,NE_GDI_TOTL_KD_ZG,Netherlands (Kingdom of the),-6.29703
2021,NE_GDI_TOTL_KD_ZG,Netherlands (Kingdom of the),2.91753
2000,NE_GDI_TOTL_KD_ZG,New Zealand,-1.27179
2001,NE_GDI_TOTL_KD_ZG,New Zealand,8.53952
2002,NE_GDI_TOTL_KD_ZG,New Zealand,7.14524
2003,NE_GDI_TOTL_KD_ZG,New Zealand,14.30919
2004,NE_GDI_TOTL_KD_ZG,New Zealand,9.03594
2005,NE_GDI_TOTL_KD_ZG,New Zealand,4.05037
2006,NE_GDI_TOTL_KD_ZG,New Zealand,-5.33226
2007,NE_GDI_TOTL_KD_ZG,New Zealand,11.50979
2008,NE_GDI_TOTL_KD_ZG,New Zealand,-8.45732
2009,NE_GDI_TOTL_KD_ZG,New Zealand,-13.3166
2010,NE_GDI_TOTL_KD_ZG,New Zealand,7.42953
2011,NE_GDI_TOTL_KD_ZG,New Zealand,8.02748
2012,NE_GDI_TOTL_KD_ZG,New Zealand,3.71211
2013,NE_GDI_TOTL_KD_ZG,New Zealand,7.7998
2014,NE_GDI_TOTL_KD_ZG,New Zealand,8.49965
2015,NE_GDI_TOTL_KD_ZG,New Zealand,2.03579
2016,NE_GDI_TOTL_KD_ZG,New Zealand,2.78126
2017,NE_GDI_TOTL_KD_ZG,New Zealand,8.14625
2018,NE_GDI_TOTL_KD_ZG,New Zealand,4.16646
2019,NE_GDI_TOTL_KD_ZG,New Zealand,1.62752
2020,NE_GDI_TOTL_KD_ZG,New Zealand,-6.11886
2021,NE_GDI_TOTL_KD_ZG,New Zealand,11.1816
2000,NE_GDI_TOTL_KD_ZG,Norway,0.80225
2001,NE_GDI_TOTL_KD_ZG,Norway,-4.76337
2002,NE_GDI_TOTL_KD_ZG,Norway,-1.03664
2003,NE_GDI_TOTL_KD_ZG,Norway,-1.94935
2004,NE_GDI_TOTL_KD_ZG,Norway,16.48547
2005,NE_GDI_TOTL_KD_ZG,Norway,10.5645
2006,NE_GDI_TOTL_KD_ZG,Norway,12.05745
2007,NE_GDI_TOTL_KD_ZG,Norway,10.96437
2008,NE_GDI_TOTL_KD_ZG,Norway,0.79443
2009,NE_GDI_TOTL_KD_ZG,Norway,-13.87052
2010,NE_GDI_TOTL_KD_ZG,Norway,2.99734
2011,NE_GDI_TOTL_KD_ZG,Norway,4.7315
2012,NE_GDI_TOTL_KD_ZG,Norway,4.16005
2013,NE_GDI_TOTL_KD_ZG,Norway,6.84888
2014,NE_GDI_TOTL_KD_ZG,Norway,-0.71216
2015,NE_GDI_TOTL_KD_ZG,Norway,-2.83725
2016,NE_GDI_TOTL_KD_ZG,Norway,1.80022
2017,NE_GDI_TOTL_KD_ZG,Norway,3.09636
2018,NE_GDI_TOTL_KD_ZG,Norway,4.30717
2019,NE_GDI_TOTL_KD_ZG,Norway,4.25611
2020,NE_GDI_TOTL_KD_ZG,Norway,-6.55892
2021,NE_GDI_TOTL_KD_ZG,Norway,-0.30592
2000,NE_GDI_TOTL_KD_ZG,Poland,1.09685
2001,NE_GDI_TOTL_KD_ZG,Poland,-13.48671
2002,NE_GDI_TOTL_KD_ZG,Poland,-6.44354
2003,NE_GDI_TOTL_KD_ZG,Poland,4.87576
2004,NE_GDI_TOTL_KD_ZG,Poland,15.66093
2005,NE_GDI_TOTL_KD_ZG,Poland,3.1559
2006,NE_GDI_TOTL_KD_ZG,Poland,16.24117
2007,NE_GDI_TOTL_KD_ZG,Poland,25.39456
2008,NE_GDI_TOTL_KD_ZG,Poland,2.65596
2009,NE_GDI_TOTL_KD_ZG,Poland,-12.59688
2010,NE_GDI_TOTL_KD_ZG,Poland,6.89397
2011,NE_GDI_TOTL_KD_ZG,Poland,14.31178
2012,NE_GDI_TOTL_KD_ZG,Poland,-4.11758
2013,NE_GDI_TOTL_KD_ZG,Poland,-4.65665
2014,NE_GDI_TOTL_KD_ZG,Poland,14.50552
2015,NE_GDI_TOTL_KD_ZG,Poland,5.58028
2016,NE_GDI_TOTL_KD_ZG,Poland,-1.6739
2017,NE_GDI_TOTL_KD_ZG,Poland,5.63296
2018,NE_GDI_TOTL_KD_ZG,Poland,13.77204
2019,NE_GDI_TOTL_KD_ZG,Poland,0.49176
2020,NE_GDI_TOTL_KD_ZG,Poland,-7.46414
2021,NE_GDI_TOTL_KD_ZG,Poland,18.0618
2000,NE_GDI_TOTL_KD_ZG,Portugal,1.54024
2001,NE_GDI_TOTL_KD_ZG,Portugal,1.86952
2002,NE_GDI_TOTL_KD_ZG,Portugal,-5.66306
2003,NE_GDI_TOTL_KD_ZG,Portugal,-9.85341
2004,NE_GDI_TOTL_KD_ZG,Portugal,4.74703
2005,NE_GDI_TOTL_KD_ZG,Portugal,-0.57524
2006,NE_GDI_TOTL_KD_ZG,Portugal,-0.1986
2007,NE_GDI_TOTL_KD_ZG,Portugal,3.84732
2008,NE_GDI_TOTL_KD_ZG,Portugal,0.84783
2009,NE_GDI_TOTL_KD_ZG,Portugal,-11.83161
2010,NE_GDI_TOTL_KD_ZG,Portugal,2.92005
2011,NE_GDI_TOTL_KD_ZG,Portugal,-13.64126
2012,NE_GDI_TOTL_KD_ZG,Portugal,-17.38534
2013,NE_GDI_TOTL_KD_ZG,Portugal,-5.05575
2014,NE_GDI_TOTL_KD_ZG,Portugal,4.06578
2015,NE_GDI_TOTL_KD_ZG,Portugal,5.91011
2016,NE_GDI_TOTL_KD_ZG,Portugal,2.53123
2017,NE_GDI_TOTL_KD_ZG,Portugal,11.88951
2018,NE_GDI_TOTL_KD_ZG,Portugal,7.83799
2019,NE_GDI_TOTL_KD_ZG,Portugal,3.28188
2020,NE_GDI_TOTL_KD_ZG,Portugal,-4.71851
2021,NE_GDI_TOTL_KD_ZG,Portugal,10.05292
2021,NE_GDI_TOTL_KD_ZG,Portugal,10.05292
