Year,SeriesCode,Country,Value
2000,NE_CON_PRVT_KD_ZG,Belgium,2.81687
2001,NE_CON_PRVT_KD_ZG,Belgium,0.94325
2002,NE_CON_PRVT_KD_ZG,Belgium,0.6116
2003,NE_CON_PRVT_KD_ZG,Belgium,0.71785
2004,NE_CON_PRVT_KD_ZG,Belgium,1.06418
2005,NE_CON_PRVT_KD_ZG,Belgium,1.44428
2006,NE_CON_PRVT_KD_ZG,Belgium,1.77486
2007,NE_CON_PRVT_KD_ZG,Belgium,2.09228
2008,NE_CON_PRVT_KD_ZG,Belgium,1.37497
2009,NE_CON_PRVT_KD_ZG,Belgium,0.58452
2010,NE_CON_PRVT_KD_ZG,Belgium,3.00906
2011,NE_CON_PRVT_KD_ZG,Belgium,0.86543
2012,NE_CON_PRVT_KD_ZG,Belgium,1.46746
2013,NE_CON_PRVT_KD_ZG,Belgium,1.66925
2014,NE_CON_PRVT_KD_ZG,Belgium,0.55201
2015,NE_CON_PRVT_KD_ZG,Belgium,1.5851
2016,NE_CON_PRVT_KD_ZG,Belgium,1.57005
2017,NE_CON_PRVT_KD_ZG,Belgium,1.89223
2018,NE_CON_PRVT_KD_ZG,Belgium,1.94494
2019,NE_CON_PRVT_KD_ZG,Belgium,1.68817
2020,NE_CON_PRVT_KD_ZG,Belgium,-8.32109
2021,NE_CON_PRVT_KD_ZG,Belgium,5.54642
2000,NE_CON_PRVT_KD_ZG,Albania,6.19822
2001,NE_CON_PRVT_KD_ZG,Albania,3.99111
2002,NE_CON_PRVT_KD_ZG,Albania,7.17256
2003,NE_CON_PRVT_KD_ZG,Albania,10.39298
2004,NE_CON_PRVT_KD_ZG,Albania,3.68703
2005,NE_CON_PRVT_KD_ZG,Albania,6.39377
2006,NE_CON_PRVT_KD_ZG,Albania,6.92426
2007,NE_CON_PRVT_KD_ZG,Albania,12.73648
2008,NE_CON_PRVT_KD_ZG,Albania,10.12853
2009,NE_CON_PRVT_KD_ZG,Albania,0.71375
2010,NE_CON_PRVT_KD_ZG,Albania,1.67042
2011,NE_CON_PRVT_KD_ZG,Albania,1.77125
2012,NE_CON_PRVT_KD_ZG,Albania,0.12898
2013,NE_CON_PRVT_KD_ZG,Albania,1.83658
2014,NE_CON_PRVT_KD_ZG,Albania,2.81394
2015,NE_CON_PRVT_KD_ZG,Albania,1.18273
2016,NE_CON_PRVT_KD_ZG,Albania,2.12682
2017,NE_CON_PRVT_KD_ZG,Albania,2.44345
2018,NE_CON_PRVT_KD_ZG,Albania,3.21554
2019,NE_CON_PRVT_KD_ZG,Albania,2.22499
2020,NE_CON_PRVT_KD_ZG,Albania,-3.52953
2021,NE_CON_PRVT_KD_ZG,Albania,4.06901
2001,NE_CON_PRVT_KD_ZG,Bosnia and Herzegovina,4.66434
2002,NE_CON_PRVT_KD_ZG,Bosnia and Herzegovina,5.47205
2003,NE_CON_PRVT_KD_ZG,Bosnia and Herzegovina,4.49713
2004,NE_CON_PRVT_KD_ZG,Bosnia and Herzegovina,3.28523
2005,NE_CON_PRVT_KD_ZG,Bosnia and Herzegovina,4.84107
2006,NE_CON_PRVT_KD_ZG,Bosnia and Herzegovina,3.70271
2007,NE_CON_PRVT_KD_ZG,Bosnia and Herzegovina,5.34485
2008,NE_CON_PRVT_KD_ZG,Bosnia and Herzegovina,5.05121
2009,NE_CON_PRVT_KD_ZG,Bosnia and Herzegovina,-4.271
2010,NE_CON_PRVT_KD_ZG,Bosnia and Herzegovina,0.09176
2011,NE_CON_PRVT_KD_ZG,Bosnia and Herzegovina,-0.15862
2012,NE_CON_PRVT_KD_ZG,Bosnia and Herzegovina,-0.65288
2013,NE_CON_PRVT_KD_ZG,Bosnia and Herzegovina,0.0509
2014,NE_CON_PRVT_KD_ZG,Bosnia and Herzegovina,1.92101
2015,NE_CON_PRVT_KD_ZG,Bosnia and Herzegovina,1.60808
2016,NE_CON_PRVT_KD_ZG,Bosnia and Herzegovina,2.20181
2017,NE_CON_PRVT_KD_ZG,Bosnia and Herzegovina,1.09859
2018,NE_CON_PRVT_KD_ZG,Bosnia and Herzegovina,1.96691
2019,NE_CON_PRVT_KD_ZG,Bosnia and Herzegovina,2.27595
2000,NE_CON_PRVT_KD_ZG,Bulgaria,8.99853
2001,NE_CON_PRVT_KD_ZG,Bulgaria,7.66989
2002,NE_CON_PRVT_KD_ZG,Bulgaria,5.68429
2003,NE_CON_PRVT_KD_ZG,Bulgaria,6.52114
2004,NE_CON_PRVT_KD_ZG,Bulgaria,9.45919
2005,NE_CON_PRVT_KD_ZG,Bulgaria,7.29318
2006,NE_CON_PRVT_KD_ZG,Bulgaria,8.50636
2007,NE_CON_PRVT_KD_ZG,Bulgaria,11.47641
2008,NE_CON_PRVT_KD_ZG,Bulgaria,3.48485
2009,NE_CON_PRVT_KD_ZG,Bulgaria,-4.26759
2010,NE_CON_PRVT_KD_ZG,Bulgaria,2.37838
2011,NE_CON_PRVT_KD_ZG,Bulgaria,1.99348
2012,NE_CON_PRVT_KD_ZG,Bulgaria,3.74794
2013,NE_CON_PRVT_KD_ZG,Bulgaria,-3.88102
2000,NE_CON_PRVT_KD_ZG,Iceland,3.94889
2001,NE_CON_PRVT_KD_ZG,Iceland,-2.78931
2002,NE_CON_PRVT_KD_ZG,Iceland,-0.72479
2003,NE_CON_PRVT_KD_ZG,Iceland,5.93856
2004,NE_CON_PRVT_KD_ZG,Iceland,7.14868
2005,NE_CON_PRVT_KD_ZG,Iceland,11.6643
2006,NE_CON_PRVT_KD_ZG,Iceland,3.84961
2007,NE_CON_PRVT_KD_ZG,Iceland,6.61762
2008,NE_CON_PRVT_KD_ZG,Iceland,-6.69593
2009,NE_CON_PRVT_KD_ZG,Iceland,-12.49893
2010,NE_CON_PRVT_KD_ZG,Iceland,-0.26176
2000,NE_CON_PRVT_KD_ZG,Serbia,5.06496
2001,NE_CON_PRVT_KD_ZG,Serbia,1.55857
2002,NE_CON_PRVT_KD_ZG,Serbia,9.18926
2003,NE_CON_PRVT_KD_ZG,Serbia,2.69437
2004,NE_CON_PRVT_KD_ZG,Serbia,12.69256
2005,NE_CON_PRVT_KD_ZG,Serbia,2.36313
2006,NE_CON_PRVT_KD_ZG,Serbia,10.53613
2007,NE_CON_PRVT_KD_ZG,Serbia,7.67989
2008,NE_CON_PRVT_KD_ZG,Serbia,4.49313
2009,NE_CON_PRVT_KD_ZG,Serbia,-3.34559
2010,NE_CON_PRVT_KD_ZG,Serbia,-0.61006
2011,NE_CON_PRVT_KD_ZG,Serbia,1.41171
2012,NE_CON_PRVT_KD_ZG,Serbia,-1.70116
2013,NE_CON_PRVT_KD_ZG,Serbia,-1.6888
2014,NE_CON_PRVT_KD_ZG,Serbia,-0.09887
2015,NE_CON_PRVT_KD_ZG,Serbia,-0.63651
2016,NE_CON_PRVT_KD_ZG,Serbia,1.89077
2017,NE_CON_PRVT_KD_ZG,Serbia,2.20886
2018,NE_CON_PRVT_KD_ZG,Serbia,3.11466
2019,NE_CON_PRVT_KD_ZG,Serbia,3.66882
2020,NE_CON_PRVT_KD_ZG,Serbia,-1.8694
2021,NE_CON_PRVT_KD_ZG,Serbia,7.74801
2011,NE_CON_PRVT_KD_ZG,Iceland,2.14377
2012,NE_CON_PRVT_KD_ZG,Iceland,1.81968
2013,NE_CON_PRVT_KD_ZG,Iceland,1.06833
2014,NE_CON_PRVT_KD_ZG,Iceland,2.90545
2015,NE_CON_PRVT_KD_ZG,Iceland,4.48601
2016,NE_CON_PRVT_KD_ZG,Iceland,6.73372
2017,NE_CON_PRVT_KD_ZG,Iceland,7.96519
2018,NE_CON_PRVT_KD_ZG,Iceland,4.81166
2019,NE_CON_PRVT_KD_ZG,Iceland,1.89249
2020,NE_CON_PRVT_KD_ZG,Iceland,-2.92134
2021,NE_CON_PRVT_KD_ZG,Iceland,7.74126
2000,NE_CON_PRVT_KD_ZG,Slovakia,2.52561
2001,NE_CON_PRVT_KD_ZG,Slovakia,5.29965
2002,NE_CON_PRVT_KD_ZG,Slovakia,5.6597
2003,NE_CON_PRVT_KD_ZG,Slovakia,0.89269
2004,NE_CON_PRVT_KD_ZG,Slovakia,7.26921
2005,NE_CON_PRVT_KD_ZG,Slovakia,4.51387
2006,NE_CON_PRVT_KD_ZG,Slovakia,6.31713
2007,NE_CON_PRVT_KD_ZG,Slovakia,7.86773
2008,NE_CON_PRVT_KD_ZG,Slovakia,7.01649
2009,NE_CON_PRVT_KD_ZG,Slovakia,-0.1735
2010,NE_CON_PRVT_KD_ZG,Slovakia,0.83154
2014,NE_CON_PRVT_KD_ZG,Bulgaria,1.39668
2015,NE_CON_PRVT_KD_ZG,Bulgaria,2.8198
2016,NE_CON_PRVT_KD_ZG,Bulgaria,2.22243
2017,NE_CON_PRVT_KD_ZG,Bulgaria,2.5302
2018,NE_CON_PRVT_KD_ZG,Bulgaria,3.72097
2019,NE_CON_PRVT_KD_ZG,Bulgaria,5.9633
2020,NE_CON_PRVT_KD_ZG,Bulgaria,-0.56728
2021,NE_CON_PRVT_KD_ZG,Bulgaria,8.78066
2000,NE_CON_PRVT_KD_ZG,Belarus,7.72811
2001,NE_CON_PRVT_KD_ZG,Belarus,17.30632
2002,NE_CON_PRVT_KD_ZG,Belarus,11.04023
2000,NE_CON_PRVT_KD_ZG,India,3.43959
2001,NE_CON_PRVT_KD_ZG,India,5.9529
2002,NE_CON_PRVT_KD_ZG,India,2.87048
2003,NE_CON_PRVT_KD_ZG,India,5.92532
2004,NE_CON_PRVT_KD_ZG,India,5.17113
2005,NE_CON_PRVT_KD_ZG,India,7.4557
2006,NE_CON_PRVT_KD_ZG,India,4.93578
2007,NE_CON_PRVT_KD_ZG,India,7.28156
2008,NE_CON_PRVT_KD_ZG,India,4.4522
2009,NE_CON_PRVT_KD_ZG,India,5.00078
2010,NE_CON_PRVT_KD_ZG,India,6.72041
2011,NE_CON_PRVT_KD_ZG,Slovakia,-1.91798
2012,NE_CON_PRVT_KD_ZG,Slovakia,0.39765
2013,NE_CON_PRVT_KD_ZG,Slovakia,-1.18041
2014,NE_CON_PRVT_KD_ZG,Slovakia,1.88032
2015,NE_CON_PRVT_KD_ZG,Slovakia,2.76612
2016,NE_CON_PRVT_KD_ZG,Slovakia,3.90232
2017,NE_CON_PRVT_KD_ZG,Slovakia,4.62134
2018,NE_CON_PRVT_KD_ZG,Slovakia,4.07815
2019,NE_CON_PRVT_KD_ZG,Slovakia,2.6994
2020,NE_CON_PRVT_KD_ZG,Slovakia,-1.22356
2021,NE_CON_PRVT_KD_ZG,Slovakia,1.65732
2003,NE_CON_PRVT_KD_ZG,Belarus,7.19254
2004,NE_CON_PRVT_KD_ZG,Belarus,9.40079
2005,NE_CON_PRVT_KD_ZG,Belarus,14.64195
2006,NE_CON_PRVT_KD_ZG,Belarus,12.70434
2007,NE_CON_PRVT_KD_ZG,Belarus,13.36909
2008,NE_CON_PRVT_KD_ZG,Belarus,16.33126
2009,NE_CON_PRVT_KD_ZG,Belarus,0.0002
2010,NE_CON_PRVT_KD_ZG,Belarus,9.4521
2011,NE_CON_PRVT_KD_ZG,Belarus,2.20778
2012,NE_CON_PRVT_KD_ZG,Belarus,10.68694
2013,NE_CON_PRVT_KD_ZG,Belarus,10.65192
2011,NE_CON_PRVT_KD_ZG,India,7.42199
2012,NE_CON_PRVT_KD_ZG,India,5.47086
2013,NE_CON_PRVT_KD_ZG,India,7.30318
2014,NE_CON_PRVT_KD_ZG,India,6.39386
2015,NE_CON_PRVT_KD_ZG,India,7.92811
2016,NE_CON_PRVT_KD_ZG,India,8.13012
2017,NE_CON_PRVT_KD_ZG,India,6.23881
2018,NE_CON_PRVT_KD_ZG,India,7.08955
2019,NE_CON_PRVT_KD_ZG,India,5.21321
2020,NE_CON_PRVT_KD_ZG,India,-6.0047
2021,NE_CON_PRVT_KD_ZG,India,7.91011
2000,NE_CON_PRVT_KD_ZG,Azerbaijan,21.7467
2001,NE_CON_PRVT_KD_ZG,Azerbaijan,-3.12391
2002,NE_CON_PRVT_KD_ZG,Azerbaijan,12.4293
2003,NE_CON_PRVT_KD_ZG,Azerbaijan,5.77708
2004,NE_CON_PRVT_KD_ZG,Azerbaijan,10.65243
2005,NE_CON_PRVT_KD_ZG,Azerbaijan,21.19787
2006,NE_CON_PRVT_KD_ZG,Azerbaijan,36.37123
2007,NE_CON_PRVT_KD_ZG,Azerbaijan,18.08754
2008,NE_CON_PRVT_KD_ZG,Azerbaijan,6.58532
2009,NE_CON_PRVT_KD_ZG,Azerbaijan,6.38911
2010,NE_CON_PRVT_KD_ZG,Azerbaijan,-14.97175
2014,NE_CON_PRVT_KD_ZG,Belarus,4.28142
2015,NE_CON_PRVT_KD_ZG,Belarus,-2.31983
2016,NE_CON_PRVT_KD_ZG,Belarus,-3.1894
2017,NE_CON_PRVT_KD_ZG,Belarus,4.68151
2018,NE_CON_PRVT_KD_ZG,Belarus,1.52749
2019,NE_CON_PRVT_KD_ZG,Belarus,2.17709
2020,NE_CON_PRVT_KD_ZG,Belarus,-3.88032
2021,NE_CON_PRVT_KD_ZG,Belarus,0.67937
2000,NE_CON_PRVT_KD_ZG,Canada,4.06399
2001,NE_CON_PRVT_KD_ZG,Canada,2.40483
2002,NE_CON_PRVT_KD_ZG,Canada,3.99841
2000,NE_CON_PRVT_KD_ZG,Ireland,10.3958
2001,NE_CON_PRVT_KD_ZG,Ireland,4.73431
2002,NE_CON_PRVT_KD_ZG,Ireland,3.63589
2003,NE_CON_PRVT_KD_ZG,Ireland,2.7918
2004,NE_CON_PRVT_KD_ZG,Ireland,3.81742
2005,NE_CON_PRVT_KD_ZG,Ireland,7.02351
2006,NE_CON_PRVT_KD_ZG,Ireland,6.38724
2007,NE_CON_PRVT_KD_ZG,Ireland,6.67454
2008,NE_CON_PRVT_KD_ZG,Ireland,0.1911
2009,NE_CON_PRVT_KD_ZG,Ireland,-5.32388
2010,NE_CON_PRVT_KD_ZG,Ireland,0.30212
2003,NE_CON_PRVT_KD_ZG,Canada,2.74411
2004,NE_CON_PRVT_KD_ZG,Canada,3.06106
2005,NE_CON_PRVT_KD_ZG,Canada,3.92746
2006,NE_CON_PRVT_KD_ZG,Canada,4.19781
2007,NE_CON_PRVT_KD_ZG,Canada,4.41284
2008,NE_CON_PRVT_KD_ZG,Canada,2.99116
2009,NE_CON_PRVT_KD_ZG,Canada,0.08489
2010,NE_CON_PRVT_KD_ZG,Canada,3.58576
2011,NE_CON_PRVT_KD_ZG,Canada,2.2778
2012,NE_CON_PRVT_KD_ZG,Canada,1.89595
2013,NE_CON_PRVT_KD_ZG,Canada,2.62772
2000,NE_CON_PRVT_KD_ZG,Viet Nam,3.07612
2001,NE_CON_PRVT_KD_ZG,Viet Nam,4.47155
2002,NE_CON_PRVT_KD_ZG,Viet Nam,7.62789
2003,NE_CON_PRVT_KD_ZG,Viet Nam,8.01067
2004,NE_CON_PRVT_KD_ZG,Viet Nam,7.09427
2005,NE_CON_PRVT_KD_ZG,Viet Nam,7.25864
2006,NE_CON_PRVT_KD_ZG,Viet Nam,7.46578
2007,NE_CON_PRVT_KD_ZG,Viet Nam,9.77961
2008,NE_CON_PRVT_KD_ZG,Viet Nam,7.66841
2009,NE_CON_PRVT_KD_ZG,Viet Nam,2.25206
2010,NE_CON_PRVT_KD_ZG,Viet Nam,8.18623
2011,NE_CON_PRVT_KD_ZG,Viet Nam,5.32
2012,NE_CON_PRVT_KD_ZG,Viet Nam,4.89002
2013,NE_CON_PRVT_KD_ZG,Viet Nam,5.19997
2014,NE_CON_PRVT_KD_ZG,Viet Nam,6.28002
2015,NE_CON_PRVT_KD_ZG,Viet Nam,8.79001
2016,NE_CON_PRVT_KD_ZG,Viet Nam,6.44997
2017,NE_CON_PRVT_KD_ZG,Viet Nam,7.20001
2018,NE_CON_PRVT_KD_ZG,Viet Nam,6.89998
2019,NE_CON_PRVT_KD_ZG,Viet Nam,7.02002
2020,NE_CON_PRVT_KD_ZG,Viet Nam,0.37998
2021,NE_CON_PRVT_KD_ZG,Viet Nam,1.95002
2011,NE_CON_PRVT_KD_ZG,Azerbaijan,23.90537
2012,NE_CON_PRVT_KD_ZG,Azerbaijan,2.2
2000,NE_CON_PRVT_KD_ZG,Australia,4.20507
2001,NE_CON_PRVT_KD_ZG,Australia,3.34957
2002,NE_CON_PRVT_KD_ZG,Australia,2.97542
2003,NE_CON_PRVT_KD_ZG,Australia,4.3114
2004,NE_CON_PRVT_KD_ZG,Australia,5.30961
2005,NE_CON_PRVT_KD_ZG,Australia,4.53504
2006,NE_CON_PRVT_KD_ZG,Australia,3.29114
2007,NE_CON_PRVT_KD_ZG,Australia,5.28944
2008,NE_CON_PRVT_KD_ZG,Australia,4.76844
2014,NE_CON_PRVT_KD_ZG,Canada,2.57817
2015,NE_CON_PRVT_KD_ZG,Canada,2.32104
2016,NE_CON_PRVT_KD_ZG,Canada,2.1041
2017,NE_CON_PRVT_KD_ZG,Canada,3.67986
2018,NE_CON_PRVT_KD_ZG,Canada,2.53394
2019,NE_CON_PRVT_KD_ZG,Canada,1.65593
2020,NE_CON_PRVT_KD_ZG,Canada,-6.25589
2021,NE_CON_PRVT_KD_ZG,Canada,4.88069
2000,NE_CON_PRVT_KD_ZG,Chile,4.07643
2001,NE_CON_PRVT_KD_ZG,Chile,2.0239
2002,NE_CON_PRVT_KD_ZG,Chile,2.67255
2000,NE_CON_PRVT_KD_ZG,Slovenia,-0.12682
2001,NE_CON_PRVT_KD_ZG,Slovenia,2.85588
2002,NE_CON_PRVT_KD_ZG,Slovenia,2.39178
2003,NE_CON_PRVT_KD_ZG,Slovenia,3.50408
2004,NE_CON_PRVT_KD_ZG,Slovenia,2.53611
2005,NE_CON_PRVT_KD_ZG,Slovenia,2.06615
2006,NE_CON_PRVT_KD_ZG,Slovenia,1.29042
2007,NE_CON_PRVT_KD_ZG,Slovenia,6.51854
2008,NE_CON_PRVT_KD_ZG,Slovenia,2.86936
2009,NE_CON_PRVT_KD_ZG,Slovenia,2.07339
2010,NE_CON_PRVT_KD_ZG,Slovenia,0.97415
2009,NE_CON_PRVT_KD_ZG,Australia,0.26892
2010,NE_CON_PRVT_KD_ZG,Australia,3.47112
2011,NE_CON_PRVT_KD_ZG,Australia,4.02055
2012,NE_CON_PRVT_KD_ZG,Australia,2.84659
2013,NE_CON_PRVT_KD_ZG,Australia,1.86422
2014,NE_CON_PRVT_KD_ZG,Australia,2.23311
2015,NE_CON_PRVT_KD_ZG,Australia,2.55188
2016,NE_CON_PRVT_KD_ZG,Australia,2.53742
2017,NE_CON_PRVT_KD_ZG,Australia,2.37489
2018,NE_CON_PRVT_KD_ZG,Australia,2.7059
2019,NE_CON_PRVT_KD_ZG,Australia,1.60216
2011,NE_CON_PRVT_KD_ZG,Ireland,-1.34984
2012,NE_CON_PRVT_KD_ZG,Ireland,-0.67153
2013,NE_CON_PRVT_KD_ZG,Ireland,0.3407
2014,NE_CON_PRVT_KD_ZG,Ireland,2.70878
2015,NE_CON_PRVT_KD_ZG,Ireland,3.14862
2016,NE_CON_PRVT_KD_ZG,Ireland,4.61128
2017,NE_CON_PRVT_KD_ZG,Ireland,2.3278
2018,NE_CON_PRVT_KD_ZG,Ireland,3.72964
2019,NE_CON_PRVT_KD_ZG,Ireland,2.5249
2020,NE_CON_PRVT_KD_ZG,Ireland,-11.858
2021,NE_CON_PRVT_KD_ZG,Ireland,4.69191
2003,NE_CON_PRVT_KD_ZG,Chile,3.95601
2004,NE_CON_PRVT_KD_ZG,Chile,8.69471
2005,NE_CON_PRVT_KD_ZG,Chile,7.77654
2006,NE_CON_PRVT_KD_ZG,Chile,7.21025
2007,NE_CON_PRVT_KD_ZG,Chile,6.49074
2008,NE_CON_PRVT_KD_ZG,Chile,3.19464
2009,NE_CON_PRVT_KD_ZG,Chile,-0.50247
2010,NE_CON_PRVT_KD_ZG,Chile,11.38803
2011,NE_CON_PRVT_KD_ZG,Chile,9.2133
2012,NE_CON_PRVT_KD_ZG,Chile,6.36543
2013,NE_CON_PRVT_KD_ZG,Chile,5.34795
2020,NE_CON_PRVT_KD_ZG,Australia,-2.97972
2021,NE_CON_PRVT_KD_ZG,Australia,1.10609
2000,NE_CON_PRVT_KD_ZG,Austria,3.11643
2001,NE_CON_PRVT_KD_ZG,Austria,1.28093
2002,NE_CON_PRVT_KD_ZG,Austria,0.68197
2003,NE_CON_PRVT_KD_ZG,Austria,1.74285
2004,NE_CON_PRVT_KD_ZG,Austria,2.32089
2005,NE_CON_PRVT_KD_ZG,Austria,2.24842
2006,NE_CON_PRVT_KD_ZG,Austria,2.09239
2007,NE_CON_PRVT_KD_ZG,Austria,1.10372
2008,NE_CON_PRVT_KD_ZG,Austria,0.94632
2009,NE_CON_PRVT_KD_ZG,Austria,0.85065
2010,NE_CON_PRVT_KD_ZG,Austria,0.99439
2011,NE_CON_PRVT_KD_ZG,Austria,1.34508
2012,NE_CON_PRVT_KD_ZG,Austria,0.52192
2013,NE_CON_PRVT_KD_ZG,Austria,-0.07902
2014,NE_CON_PRVT_KD_ZG,Austria,0.30368
2015,NE_CON_PRVT_KD_ZG,Austria,0.48794
2016,NE_CON_PRVT_KD_ZG,Austria,1.54535
2017,NE_CON_PRVT_KD_ZG,Austria,1.95656
2018,NE_CON_PRVT_KD_ZG,Austria,1.10699
2019,NE_CON_PRVT_KD_ZG,Austria,0.54929
2014,NE_CON_PRVT_KD_ZG,Chile,2.36768
2015,NE_CON_PRVT_KD_ZG,Chile,2.3929
2016,NE_CON_PRVT_KD_ZG,Chile,3.30241
2017,NE_CON_PRVT_KD_ZG,Chile,3.5529
2018,NE_CON_PRVT_KD_ZG,Chile,3.78204
2019,NE_CON_PRVT_KD_ZG,Chile,0.73431
2020,NE_CON_PRVT_KD_ZG,Chile,-7.97059
2021,NE_CON_PRVT_KD_ZG,Chile,20.34884
2000,NE_CON_PRVT_KD_ZG,China,11.59031
2001,NE_CON_PRVT_KD_ZG,China,6.98493
2002,NE_CON_PRVT_KD_ZG,China,9.12718
2011,NE_CON_PRVT_KD_ZG,Slovenia,0.79329
2012,NE_CON_PRVT_KD_ZG,Slovenia,-2.19014
2013,NE_CON_PRVT_KD_ZG,Slovenia,-3.93642
2014,NE_CON_PRVT_KD_ZG,Slovenia,1.6238
2015,NE_CON_PRVT_KD_ZG,Slovenia,2.0285
2016,NE_CON_PRVT_KD_ZG,Slovenia,4.44826
2017,NE_CON_PRVT_KD_ZG,Slovenia,1.90319
2018,NE_CON_PRVT_KD_ZG,Slovenia,3.5218
2019,NE_CON_PRVT_KD_ZG,Slovenia,5.29056
2020,NE_CON_PRVT_KD_ZG,Slovenia,-6.91366
2021,NE_CON_PRVT_KD_ZG,Slovenia,9.50602
2003,NE_CON_PRVT_KD_ZG,China,6.15899
2004,NE_CON_PRVT_KD_ZG,China,8.08647
2005,NE_CON_PRVT_KD_ZG,China,11.02462
2006,NE_CON_PRVT_KD_ZG,China,10.2171
2007,NE_CON_PRVT_KD_ZG,China,13.77616
2008,NE_CON_PRVT_KD_ZG,China,8.78306
2009,NE_CON_PRVT_KD_ZG,China,9.99144
2010,NE_CON_PRVT_KD_ZG,China,11.5987
2011,NE_CON_PRVT_KD_ZG,China,15.04693
2012,NE_CON_PRVT_KD_ZG,China,9.20528
2013,NE_CON_PRVT_KD_ZG,China,8.863
2014,NE_CON_PRVT_KD_ZG,China,9.19451
2015,NE_CON_PRVT_KD_ZG,China,8.70314
2016,NE_CON_PRVT_KD_ZG,China,8.93699
2017,NE_CON_PRVT_KD_ZG,China,9.53507
2018,NE_CON_PRVT_KD_ZG,China,8.3214
2019,NE_CON_PRVT_KD_ZG,China,6.43247
2020,NE_CON_PRVT_KD_ZG,China,-2.50059
2021,NE_CON_PRVT_KD_ZG,China,13.34336
2000,NE_CON_PRVT_KD_ZG,Colombia,1.99713
2001,NE_CON_PRVT_KD_ZG,Colombia,1.54819
2002,NE_CON_PRVT_KD_ZG,Colombia,2.0001
2003,NE_CON_PRVT_KD_ZG,Colombia,2.94231
2004,NE_CON_PRVT_KD_ZG,Colombia,3.86357
2005,NE_CON_PRVT_KD_ZG,Colombia,4.43275
2006,NE_CON_PRVT_KD_ZG,Colombia,6.3692
2007,NE_CON_PRVT_KD_ZG,Colombia,6.55285
2008,NE_CON_PRVT_KD_ZG,Colombia,4.115
2009,NE_CON_PRVT_KD_ZG,Colombia,1.70828
2010,NE_CON_PRVT_KD_ZG,Colombia,5.05261
2011,NE_CON_PRVT_KD_ZG,Colombia,5.50075
2012,NE_CON_PRVT_KD_ZG,Colombia,5.63387
2013,NE_CON_PRVT_KD_ZG,Colombia,4.6269
2000,NE_CON_PRVT_KD_ZG,Israel,8.42931
2001,NE_CON_PRVT_KD_ZG,Israel,3.98367
2002,NE_CON_PRVT_KD_ZG,Israel,1.6014
2003,NE_CON_PRVT_KD_ZG,Israel,0.25649
2004,NE_CON_PRVT_KD_ZG,Israel,5.33515
2005,NE_CON_PRVT_KD_ZG,Israel,3.38716
2006,NE_CON_PRVT_KD_ZG,Israel,5.15308
2007,NE_CON_PRVT_KD_ZG,Israel,7.42907
2008,NE_CON_PRVT_KD_ZG,Israel,2.1292
2009,NE_CON_PRVT_KD_ZG,Israel,1.02193
2010,NE_CON_PRVT_KD_ZG,Israel,4.78823
2020,NE_CON_PRVT_KD_ZG,Austria,-8.02594
2021,NE_CON_PRVT_KD_ZG,Austria,3.55443
2000,NE_CON_PRVT_KD_ZG,Armenia,8.20683
2001,NE_CON_PRVT_KD_ZG,Armenia,7.1978
2002,NE_CON_PRVT_KD_ZG,Armenia,8.27972
2003,NE_CON_PRVT_KD_ZG,Armenia,7.26078
2004,NE_CON_PRVT_KD_ZG,Armenia,8.90041
2005,NE_CON_PRVT_KD_ZG,Armenia,9.08937
2006,NE_CON_PRVT_KD_ZG,Armenia,8.29193
2007,NE_CON_PRVT_KD_ZG,Armenia,13.22339
2008,NE_CON_PRVT_KD_ZG,Armenia,5.36264
2009,NE_CON_PRVT_KD_ZG,Armenia,-4.46661
2010,NE_CON_PRVT_KD_ZG,Armenia,3.80003
2011,NE_CON_PRVT_KD_ZG,Armenia,2.39997
2012,NE_CON_PRVT_KD_ZG,Armenia,9.08146
2013,NE_CON_PRVT_KD_ZG,Armenia,1.70452
2014,NE_CON_PRVT_KD_ZG,Armenia,1.59038
2015,NE_CON_PRVT_KD_ZG,Armenia,-7.54287
2016,NE_CON_PRVT_KD_ZG,Armenia,-2.02631
2017,NE_CON_PRVT_KD_ZG,Armenia,13.9703
2018,NE_CON_PRVT_KD_ZG,Armenia,4.80531
2019,NE_CON_PRVT_KD_ZG,Armenia,11.51091
2014,NE_CON_PRVT_KD_ZG,Colombia,4.24908
2015,NE_CON_PRVT_KD_ZG,Colombia,3.09252
2016,NE_CON_PRVT_KD_ZG,Colombia,1.58363
2017,NE_CON_PRVT_KD_ZG,Colombia,2.05381
2018,NE_CON_PRVT_KD_ZG,Colombia,3.2365
2019,NE_CON_PRVT_KD_ZG,Colombia,4.07056
2020,NE_CON_PRVT_KD_ZG,Colombia,-4.96947
2021,NE_CON_PRVT_KD_ZG,Colombia,14.76587
2000,NE_CON_PRVT_KD_ZG,Costa Rica,0.96513
2001,NE_CON_PRVT_KD_ZG,Costa Rica,2.3511
2002,NE_CON_PRVT_KD_ZG,Costa Rica,5.53053
2000,NE_CON_PRVT_KD_ZG,Spain,4.43638
2001,NE_CON_PRVT_KD_ZG,Spain,3.87576
2002,NE_CON_PRVT_KD_ZG,Spain,3.07641
2003,NE_CON_PRVT_KD_ZG,Spain,2.36596
2004,NE_CON_PRVT_KD_ZG,Spain,4.0572
2005,NE_CON_PRVT_KD_ZG,Spain,4.13319
2006,NE_CON_PRVT_KD_ZG,Spain,3.98485
2007,NE_CON_PRVT_KD_ZG,Spain,3.39433
2008,NE_CON_PRVT_KD_ZG,Spain,-0.70204
2009,NE_CON_PRVT_KD_ZG,Spain,-3.5927
2010,NE_CON_PRVT_KD_ZG,Spain,0.36935
2003,NE_CON_PRVT_KD_ZG,Costa Rica,4.86834
2004,NE_CON_PRVT_KD_ZG,Costa Rica,2.55424
2005,NE_CON_PRVT_KD_ZG,Costa Rica,4.81579
2006,NE_CON_PRVT_KD_ZG,Costa Rica,5.1588
2007,NE_CON_PRVT_KD_ZG,Costa Rica,7.67242
2008,NE_CON_PRVT_KD_ZG,Costa Rica,5.9518
2009,NE_CON_PRVT_KD_ZG,Costa Rica,0.27285
2010,NE_CON_PRVT_KD_ZG,Costa Rica,5.89045
2011,NE_CON_PRVT_KD_ZG,Costa Rica,6.83782
2012,NE_CON_PRVT_KD_ZG,Costa Rica,7.25493
2013,NE_CON_PRVT_KD_ZG,Costa Rica,1.90706
2011,NE_CON_PRVT_KD_ZG,Spain,-2.46197
2012,NE_CON_PRVT_KD_ZG,Spain,-3.31827
2013,NE_CON_PRVT_KD_ZG,Spain,-2.88756
2014,NE_CON_PRVT_KD_ZG,Spain,1.68937
2015,NE_CON_PRVT_KD_ZG,Spain,2.94754
2016,NE_CON_PRVT_KD_ZG,Spain,2.69353
2017,NE_CON_PRVT_KD_ZG,Spain,3.024
2018,NE_CON_PRVT_KD_ZG,Spain,1.69476
2019,NE_CON_PRVT_KD_ZG,Spain,1.08176
2020,NE_CON_PRVT_KD_ZG,Spain,-12.23847
2021,NE_CON_PRVT_KD_ZG,Spain,5.9721
2011,NE_CON_PRVT_KD_ZG,Israel,4.20791
2012,NE_CON_PRVT_KD_ZG,Israel,2.7077
2013,NE_CON_PRVT_KD_ZG,Israel,3.30306
2014,NE_CON_PRVT_KD_ZG,Israel,3.85899
2015,NE_CON_PRVT_KD_ZG,Israel,3.81455
2016,NE_CON_PRVT_KD_ZG,Israel,6.15909
2017,NE_CON_PRVT_KD_ZG,Israel,3.57932
2018,NE_CON_PRVT_KD_ZG,Israel,3.56504
2019,NE_CON_PRVT_KD_ZG,Israel,4.04938
2020,NE_CON_PRVT_KD_ZG,Israel,-7.93295
2021,NE_CON_PRVT_KD_ZG,Israel,11.14643
2000,NE_CON_PRVT_KD_ZG,Italy,2.65976
2001,NE_CON_PRVT_KD_ZG,Italy,0.64417
2002,NE_CON_PRVT_KD_ZG,Italy,-0.0422
2003,NE_CON_PRVT_KD_ZG,Italy,0.67495
2004,NE_CON_PRVT_KD_ZG,Italy,0.9716
2005,NE_CON_PRVT_KD_ZG,Italy,1.38665
2006,NE_CON_PRVT_KD_ZG,Italy,1.34311
2007,NE_CON_PRVT_KD_ZG,Italy,1.1871
2008,NE_CON_PRVT_KD_ZG,Italy,-1.13211
2009,NE_CON_PRVT_KD_ZG,Italy,-1.50181
2010,NE_CON_PRVT_KD_ZG,Italy,1.05029
2011,NE_CON_PRVT_KD_ZG,Italy,0.06478
2012,NE_CON_PRVT_KD_ZG,Italy,-3.71479
2013,NE_CON_PRVT_KD_ZG,Italy,-2.44412
2014,NE_CON_PRVT_KD_ZG,Italy,0.17466
2015,NE_CON_PRVT_KD_ZG,Italy,1.83216
2016,NE_CON_PRVT_KD_ZG,Italy,1.24694
2017,NE_CON_PRVT_KD_ZG,Italy,1.53865
2018,NE_CON_PRVT_KD_ZG,Italy,0.93372
2019,NE_CON_PRVT_KD_ZG,Italy,0.20691
2020,NE_CON_PRVT_KD_ZG,Italy,-10.43474
2021,NE_CON_PRVT_KD_ZG,Italy,5.16249
2000,NE_CON_PRVT_KD_ZG,Sweden,5.42216
2001,NE_CON_PRVT_KD_ZG,Sweden,0.8445
2002,NE_CON_PRVT_KD_ZG,Sweden,2.26355
2003,NE_CON_PRVT_KD_ZG,Sweden,1.64112
2004,NE_CON_PRVT_KD_ZG,Sweden,2.87677
2005,NE_CON_PRVT_KD_ZG,Sweden,3.15173
2006,NE_CON_PRVT_KD_ZG,Sweden,2.99349
2007,NE_CON_PRVT_KD_ZG,Sweden,3.9878
2008,NE_CON_PRVT_KD_ZG,Sweden,0.41869
2009,NE_CON_PRVT_KD_ZG,Sweden,1.03803
2010,NE_CON_PRVT_KD_ZG,Sweden,4.16915
2011,NE_CON_PRVT_KD_ZG,Sweden,1.9904
2012,NE_CON_PRVT_KD_ZG,Sweden,0.73139
2013,NE_CON_PRVT_KD_ZG,Sweden,1.79347
2014,NE_CON_PRVT_KD_ZG,Sweden,2.87881
2015,NE_CON_PRVT_KD_ZG,Sweden,3.92525
2016,NE_CON_PRVT_KD_ZG,Sweden,2.30085
2017,NE_CON_PRVT_KD_ZG,Sweden,2.60664
2018,NE_CON_PRVT_KD_ZG,Sweden,1.84949
2019,NE_CON_PRVT_KD_ZG,Sweden,0.7202
2020,NE_CON_PRVT_KD_ZG,Sweden,-3.16755
2021,NE_CON_PRVT_KD_ZG,Sweden,6.01558
2000,NE_CON_PRVT_KD_ZG,Switzerland,2.25085
2001,NE_CON_PRVT_KD_ZG,Switzerland,2.373
2002,NE_CON_PRVT_KD_ZG,Switzerland,0.38655
2003,NE_CON_PRVT_KD_ZG,Switzerland,0.47021
2004,NE_CON_PRVT_KD_ZG,Switzerland,1.86281
2005,NE_CON_PRVT_KD_ZG,Switzerland,1.31904
2006,NE_CON_PRVT_KD_ZG,Switzerland,1.52234
2007,NE_CON_PRVT_KD_ZG,Switzerland,2.12872
2008,NE_CON_PRVT_KD_ZG,Switzerland,1.51285
2009,NE_CON_PRVT_KD_ZG,Switzerland,1.55249
2010,NE_CON_PRVT_KD_ZG,Switzerland,1.87339
2014,NE_CON_PRVT_KD_ZG,Costa Rica,4.82047
2015,NE_CON_PRVT_KD_ZG,Costa Rica,4.67558
2016,NE_CON_PRVT_KD_ZG,Costa Rica,3.75364
2017,NE_CON_PRVT_KD_ZG,Costa Rica,5.55461
2018,NE_CON_PRVT_KD_ZG,Costa Rica,1.94914
2019,NE_CON_PRVT_KD_ZG,Costa Rica,1.69141
2020,NE_CON_PRVT_KD_ZG,Costa Rica,-4.98396
2021,NE_CON_PRVT_KD_ZG,Costa Rica,5.79869
2000,NE_CON_PRVT_KD_ZG,Croatia,4.53785
2001,NE_CON_PRVT_KD_ZG,Croatia,5.2165
2002,NE_CON_PRVT_KD_ZG,Croatia,9.49758
2011,NE_CON_PRVT_KD_ZG,Switzerland,1.41201
2012,NE_CON_PRVT_KD_ZG,Switzerland,2.2005
2013,NE_CON_PRVT_KD_ZG,Switzerland,2.25942
2014,NE_CON_PRVT_KD_ZG,Switzerland,0.99104
2015,NE_CON_PRVT_KD_ZG,Switzerland,2.46035
2016,NE_CON_PRVT_KD_ZG,Switzerland,1.63438
2017,NE_CON_PRVT_KD_ZG,Switzerland,1.15303
2018,NE_CON_PRVT_KD_ZG,Switzerland,0.66245
2019,NE_CON_PRVT_KD_ZG,Switzerland,1.21351
2020,NE_CON_PRVT_KD_ZG,Switzerland,-4.14083
2021,NE_CON_PRVT_KD_ZG,Switzerland,1.64899
2003,NE_CON_PRVT_KD_ZG,Croatia,4.6487
2004,NE_CON_PRVT_KD_ZG,Croatia,4.54922
2005,NE_CON_PRVT_KD_ZG,Croatia,4.57318
2006,NE_CON_PRVT_KD_ZG,Croatia,1.29216
2007,NE_CON_PRVT_KD_ZG,Croatia,5.01984
2008,NE_CON_PRVT_KD_ZG,Croatia,3.02294
2009,NE_CON_PRVT_KD_ZG,Croatia,-8.855
2010,NE_CON_PRVT_KD_ZG,Croatia,-1.53021
2011,NE_CON_PRVT_KD_ZG,Croatia,1.06121
2012,NE_CON_PRVT_KD_ZG,Croatia,-2.37032
2013,NE_CON_PRVT_KD_ZG,Croatia,-1.56189
2014,NE_CON_PRVT_KD_ZG,Croatia,-2.45442
2015,NE_CON_PRVT_KD_ZG,Croatia,0.36579
2016,NE_CON_PRVT_KD_ZG,Croatia,3.13023
2017,NE_CON_PRVT_KD_ZG,Croatia,3.13031
2018,NE_CON_PRVT_KD_ZG,Croatia,3.34612
2019,NE_CON_PRVT_KD_ZG,Croatia,4.07422
2020,NE_CON_PRVT_KD_ZG,Croatia,-5.09345
2021,NE_CON_PRVT_KD_ZG,Croatia,9.9335
2000,NE_CON_PRVT_KD_ZG,Cyprus,8.02242
2001,NE_CON_PRVT_KD_ZG,Cyprus,5.54364
2002,NE_CON_PRVT_KD_ZG,Cyprus,3.08349
2000,NE_CON_PRVT_KD_ZG,Tajikistan,20.28085
2001,NE_CON_PRVT_KD_ZG,Tajikistan,4.70013
2002,NE_CON_PRVT_KD_ZG,Tajikistan,8.96836
2003,NE_CON_PRVT_KD_ZG,Tajikistan,6.89496
2004,NE_CON_PRVT_KD_ZG,Tajikistan,6.45022
2005,NE_CON_PRVT_KD_ZG,Tajikistan,6.05938
2006,NE_CON_PRVT_KD_ZG,Tajikistan,5.71319
2007,NE_CON_PRVT_KD_ZG,Tajikistan,5.40443
2008,NE_CON_PRVT_KD_ZG,Tajikistan,5.12732
2009,NE_CON_PRVT_KD_ZG,Tajikistan,4.87725
2010,NE_CON_PRVT_KD_ZG,Tajikistan,4.65044
2003,NE_CON_PRVT_KD_ZG,Cyprus,4.3597
2004,NE_CON_PRVT_KD_ZG,Cyprus,7.19319
2005,NE_CON_PRVT_KD_ZG,Cyprus,3.90991
2006,NE_CON_PRVT_KD_ZG,Cyprus,3.91592
2007,NE_CON_PRVT_KD_ZG,Cyprus,9.74806
2008,NE_CON_PRVT_KD_ZG,Cyprus,8.21385
2009,NE_CON_PRVT_KD_ZG,Cyprus,-6.52582
2010,NE_CON_PRVT_KD_ZG,Cyprus,4.85485
2011,NE_CON_PRVT_KD_ZG,Cyprus,-0.89101
2012,NE_CON_PRVT_KD_ZG,Cyprus,-2.77277
2013,NE_CON_PRVT_KD_ZG,Cyprus,-7.00417
2000,NE_CON_PRVT_KD_ZG,Japan,1.53998
2001,NE_CON_PRVT_KD_ZG,Japan,2.05066
2002,NE_CON_PRVT_KD_ZG,Japan,1.28866
2003,NE_CON_PRVT_KD_ZG,Japan,0.63412
2004,NE_CON_PRVT_KD_ZG,Japan,1.32157
2005,NE_CON_PRVT_KD_ZG,Japan,1.53065
2006,NE_CON_PRVT_KD_ZG,Japan,0.92838
2007,NE_CON_PRVT_KD_ZG,Japan,0.75517
2008,NE_CON_PRVT_KD_ZG,Japan,-1.13318
2009,NE_CON_PRVT_KD_ZG,Japan,-0.9151
2010,NE_CON_PRVT_KD_ZG,Japan,2.33046
2011,NE_CON_PRVT_KD_ZG,Tajikistan,4.44378
2012,NE_CON_PRVT_KD_ZG,Tajikistan,4.25471
2013,NE_CON_PRVT_KD_ZG,Tajikistan,4.08107
2002,NE_CON_PRVT_KD_ZG,United Arab Emirates,6.20446
2003,NE_CON_PRVT_KD_ZG,United Arab Emirates,1.99561
2004,NE_CON_PRVT_KD_ZG,United Arab Emirates,11.42189
2005,NE_CON_PRVT_KD_ZG,United Arab Emirates,2.66825
2006,NE_CON_PRVT_KD_ZG,United Arab Emirates,15.24552
2007,NE_CON_PRVT_KD_ZG,United Arab Emirates,12.30117
2008,NE_CON_PRVT_KD_ZG,United Arab Emirates,11.91174
2009,NE_CON_PRVT_KD_ZG,United Arab Emirates,-28.01244
2014,NE_CON_PRVT_KD_ZG,Cyprus,-0.0407
2015,NE_CON_PRVT_KD_ZG,Cyprus,3.12882
2016,NE_CON_PRVT_KD_ZG,Cyprus,5.13805
2017,NE_CON_PRVT_KD_ZG,Cyprus,4.83247
2018,NE_CON_PRVT_KD_ZG,Cyprus,5.12156
2019,NE_CON_PRVT_KD_ZG,Cyprus,3.85496
2020,NE_CON_PRVT_KD_ZG,Cyprus,-6.82244
2021,NE_CON_PRVT_KD_ZG,Cyprus,4.52499
2000,NE_CON_PRVT_KD_ZG,Czechia,1.5229
2001,NE_CON_PRVT_KD_ZG,Czechia,3.00605
2002,NE_CON_PRVT_KD_ZG,Czechia,3.0936
2010,NE_CON_PRVT_KD_ZG,United Arab Emirates,-27.31634
2011,NE_CON_PRVT_KD_ZG,United Arab Emirates,11.00593
2012,NE_CON_PRVT_KD_ZG,United Arab Emirates,-10.81091
2013,NE_CON_PRVT_KD_ZG,United Arab Emirates,5.20879
2014,NE_CON_PRVT_KD_ZG,United Arab Emirates,12.32019
2015,NE_CON_PRVT_KD_ZG,United Arab Emirates,-19.07785
2016,NE_CON_PRVT_KD_ZG,United Arab Emirates,1.63299
2017,NE_CON_PRVT_KD_ZG,United Arab Emirates,9.3779
2018,NE_CON_PRVT_KD_ZG,United Arab Emirates,6.09876
2019,NE_CON_PRVT_KD_ZG,United Arab Emirates,9.95597
2020,NE_CON_PRVT_KD_ZG,United Arab Emirates,-12.48163
2003,NE_CON_PRVT_KD_ZG,Czechia,5.11972
2004,NE_CON_PRVT_KD_ZG,Czechia,2.87592
2005,NE_CON_PRVT_KD_ZG,Czechia,3.57745
2006,NE_CON_PRVT_KD_ZG,Czechia,3.75168
2007,NE_CON_PRVT_KD_ZG,Czechia,4.13976
2008,NE_CON_PRVT_KD_ZG,Czechia,2.9947
2009,NE_CON_PRVT_KD_ZG,Czechia,-0.47141
2010,NE_CON_PRVT_KD_ZG,Czechia,1.35652
2011,NE_CON_PRVT_KD_ZG,Czechia,0.39312
2012,NE_CON_PRVT_KD_ZG,Czechia,-1.07983
2013,NE_CON_PRVT_KD_ZG,Czechia,0.90953
2000,NE_CON_PRVT_KD_ZG,Türkiye,4.53683
2001,NE_CON_PRVT_KD_ZG,Türkiye,-6.69748
2002,NE_CON_PRVT_KD_ZG,Türkiye,3.96989
2003,NE_CON_PRVT_KD_ZG,Türkiye,8.12957
2004,NE_CON_PRVT_KD_ZG,Türkiye,9.56093
2005,NE_CON_PRVT_KD_ZG,Türkiye,6.31335
2006,NE_CON_PRVT_KD_ZG,Türkiye,3.66825
2007,NE_CON_PRVT_KD_ZG,Türkiye,5.27594
2008,NE_CON_PRVT_KD_ZG,Türkiye,0.28178
2009,NE_CON_PRVT_KD_ZG,Türkiye,-3.65648
2010,NE_CON_PRVT_KD_ZG,Türkiye,10.81014
2011,NE_CON_PRVT_KD_ZG,Japan,-0.52449
2012,NE_CON_PRVT_KD_ZG,Japan,2.02857
2013,NE_CON_PRVT_KD_ZG,Japan,2.60613
2014,NE_CON_PRVT_KD_ZG,Japan,-0.90659
2015,NE_CON_PRVT_KD_ZG,Japan,-0.21678
2016,NE_CON_PRVT_KD_ZG,Japan,-0.42667
2017,NE_CON_PRVT_KD_ZG,Japan,1.0524
2018,NE_CON_PRVT_KD_ZG,Japan,0.23383
2019,NE_CON_PRVT_KD_ZG,Japan,-0.54092
2020,NE_CON_PRVT_KD_ZG,Japan,-5.25489
2021,NE_CON_PRVT_KD_ZG,Japan,1.3038
2014,NE_CON_PRVT_KD_ZG,Czechia,1.40705
2015,NE_CON_PRVT_KD_ZG,Czechia,3.86829
2016,NE_CON_PRVT_KD_ZG,Czechia,3.78314
2017,NE_CON_PRVT_KD_ZG,Czechia,4.04381
2018,NE_CON_PRVT_KD_ZG,Czechia,3.50793
2019,NE_CON_PRVT_KD_ZG,Czechia,2.687
2020,NE_CON_PRVT_KD_ZG,Czechia,-7.23752
2021,NE_CON_PRVT_KD_ZG,Czechia,4.07554
2000,NE_CON_PRVT_KD_ZG,Denmark,0.38664
2001,NE_CON_PRVT_KD_ZG,Denmark,0.22845
2002,NE_CON_PRVT_KD_ZG,Denmark,1.44593
2011,NE_CON_PRVT_KD_ZG,Türkiye,12.20987
2012,NE_CON_PRVT_KD_ZG,Türkiye,3.13822
2013,NE_CON_PRVT_KD_ZG,Türkiye,7.53736
2014,NE_CON_PRVT_KD_ZG,Türkiye,3.12638
2015,NE_CON_PRVT_KD_ZG,Türkiye,5.30416
2016,NE_CON_PRVT_KD_ZG,Türkiye,3.78322
2017,NE_CON_PRVT_KD_ZG,Türkiye,5.92568
2018,NE_CON_PRVT_KD_ZG,Türkiye,0.55931
2019,NE_CON_PRVT_KD_ZG,Türkiye,1.49057
2020,NE_CON_PRVT_KD_ZG,Türkiye,3.28914
2021,NE_CON_PRVT_KD_ZG,Türkiye,15.28981
2003,NE_CON_PRVT_KD_ZG,Denmark,1.33425
2004,NE_CON_PRVT_KD_ZG,Denmark,4.64722
2005,NE_CON_PRVT_KD_ZG,Denmark,3.69827
2006,NE_CON_PRVT_KD_ZG,Denmark,2.94776
2007,NE_CON_PRVT_KD_ZG,Denmark,1.76904
2008,NE_CON_PRVT_KD_ZG,Denmark,0.49039
2009,NE_CON_PRVT_KD_ZG,Denmark,-3.43211
2010,NE_CON_PRVT_KD_ZG,Denmark,0.78361
2011,NE_CON_PRVT_KD_ZG,Denmark,0.27577
2012,NE_CON_PRVT_KD_ZG,Denmark,0.51242
2013,NE_CON_PRVT_KD_ZG,Denmark,0.2794
2000,NE_CON_PRVT_KD_ZG,Ukraine,2.38976
2001,NE_CON_PRVT_KD_ZG,Ukraine,8.55506
2002,NE_CON_PRVT_KD_ZG,Ukraine,7.58635
2003,NE_CON_PRVT_KD_ZG,Ukraine,10.40149
2004,NE_CON_PRVT_KD_ZG,Ukraine,11.54543
2005,NE_CON_PRVT_KD_ZG,Ukraine,19.51538
2006,NE_CON_PRVT_KD_ZG,Ukraine,15.37463
2007,NE_CON_PRVT_KD_ZG,Ukraine,16.97623
2008,NE_CON_PRVT_KD_ZG,Ukraine,12.21709
2009,NE_CON_PRVT_KD_ZG,Ukraine,-15.61663
2010,NE_CON_PRVT_KD_ZG,Ukraine,6.94307
2000,NE_CON_PRVT_KD_ZG,Kazakhstan,1.27608
2001,NE_CON_PRVT_KD_ZG,Kazakhstan,8.05193
2002,NE_CON_PRVT_KD_ZG,Kazakhstan,2.59908
2003,NE_CON_PRVT_KD_ZG,Kazakhstan,11.78518
2004,NE_CON_PRVT_KD_ZG,Kazakhstan,13.85368
2005,NE_CON_PRVT_KD_ZG,Kazakhstan,10.68766
2006,NE_CON_PRVT_KD_ZG,Kazakhstan,12.55919
2007,NE_CON_PRVT_KD_ZG,Kazakhstan,10.81549
2008,NE_CON_PRVT_KD_ZG,Kazakhstan,7.38043
2009,NE_CON_PRVT_KD_ZG,Kazakhstan,0.46196
2010,NE_CON_PRVT_KD_ZG,Kazakhstan,11.46262
2014,NE_CON_PRVT_KD_ZG,Denmark,0.9114
2015,NE_CON_PRVT_KD_ZG,Denmark,2.28055
2016,NE_CON_PRVT_KD_ZG,Denmark,2.42252
2017,NE_CON_PRVT_KD_ZG,Denmark,2.28819
2018,NE_CON_PRVT_KD_ZG,Denmark,3.48993
2019,NE_CON_PRVT_KD_ZG,Denmark,1.58178
2020,NE_CON_PRVT_KD_ZG,Denmark,-1.358
2021,NE_CON_PRVT_KD_ZG,Denmark,4.15031
2000,NE_CON_PRVT_KD_ZG,Estonia,7.03817
2001,NE_CON_PRVT_KD_ZG,Estonia,6.94766
2002,NE_CON_PRVT_KD_ZG,Estonia,9.65416
2011,NE_CON_PRVT_KD_ZG,Ukraine,15.53396
2012,NE_CON_PRVT_KD_ZG,Ukraine,8.15373
2013,NE_CON_PRVT_KD_ZG,Ukraine,6.52519
2014,NE_CON_PRVT_KD_ZG,Ukraine,-12.53352
2015,NE_CON_PRVT_KD_ZG,Ukraine,-19.62933
2016,NE_CON_PRVT_KD_ZG,Ukraine,2.67978
2017,NE_CON_PRVT_KD_ZG,Ukraine,9.32645
2018,NE_CON_PRVT_KD_ZG,Ukraine,9.31602
2019,NE_CON_PRVT_KD_ZG,Ukraine,10.93356
2020,NE_CON_PRVT_KD_ZG,Ukraine,1.66656
2021,NE_CON_PRVT_KD_ZG,Ukraine,7.56894
2003,NE_CON_PRVT_KD_ZG,Estonia,9.71238
2004,NE_CON_PRVT_KD_ZG,Estonia,8.13581
2005,NE_CON_PRVT_KD_ZG,Estonia,9.72868
2006,NE_CON_PRVT_KD_ZG,Estonia,12.87479
2007,NE_CON_PRVT_KD_ZG,Estonia,8.43092
2008,NE_CON_PRVT_KD_ZG,Estonia,-4.53045
2009,NE_CON_PRVT_KD_ZG,Estonia,-13.94658
2010,NE_CON_PRVT_KD_ZG,Estonia,-1.26975
2011,NE_CON_PRVT_KD_ZG,Estonia,3.07056
2012,NE_CON_PRVT_KD_ZG,Estonia,4.36658
2013,NE_CON_PRVT_KD_ZG,Estonia,3.699
2000,NE_CON_PRVT_KD_ZG,North Macedonia,4.3282
2001,NE_CON_PRVT_KD_ZG,North Macedonia,-10.10182
2002,NE_CON_PRVT_KD_ZG,North Macedonia,9.93901
2003,NE_CON_PRVT_KD_ZG,North Macedonia,4.49177
2004,NE_CON_PRVT_KD_ZG,North Macedonia,7.49172
2005,NE_CON_PRVT_KD_ZG,North Macedonia,7.17408
2006,NE_CON_PRVT_KD_ZG,North Macedonia,3.72128
2007,NE_CON_PRVT_KD_ZG,North Macedonia,7.61208
2008,NE_CON_PRVT_KD_ZG,North Macedonia,4.78783
2009,NE_CON_PRVT_KD_ZG,North Macedonia,-3.30505
2010,NE_CON_PRVT_KD_ZG,North Macedonia,3.77583
2011,NE_CON_PRVT_KD_ZG,Kazakhstan,11.93127
2012,NE_CON_PRVT_KD_ZG,Kazakhstan,10.07539
2013,NE_CON_PRVT_KD_ZG,Kazakhstan,10.63942
2014,NE_CON_PRVT_KD_ZG,Kazakhstan,1.32801
2015,NE_CON_PRVT_KD_ZG,Kazakhstan,1.8195
2016,NE_CON_PRVT_KD_ZG,Kazakhstan,1.23404
2017,NE_CON_PRVT_KD_ZG,Kazakhstan,1.54196
2018,NE_CON_PRVT_KD_ZG,Kazakhstan,6.07762
2019,NE_CON_PRVT_KD_ZG,Kazakhstan,6.08156
2020,NE_CON_PRVT_KD_ZG,Kazakhstan,-3.69452
2021,NE_CON_PRVT_KD_ZG,Kazakhstan,5.08167
2011,NE_CON_PRVT_KD_ZG,North Macedonia,-5.35933
2012,NE_CON_PRVT_KD_ZG,North Macedonia,1.19888
2013,NE_CON_PRVT_KD_ZG,North Macedonia,1.86117
2014,NE_CON_PRVT_KD_ZG,North Macedonia,2.18695
2015,NE_CON_PRVT_KD_ZG,North Macedonia,4.43059
2016,NE_CON_PRVT_KD_ZG,North Macedonia,3.87867
2017,NE_CON_PRVT_KD_ZG,North Macedonia,2.08717
2018,NE_CON_PRVT_KD_ZG,North Macedonia,3.7015
2019,NE_CON_PRVT_KD_ZG,North Macedonia,3.74598
2020,NE_CON_PRVT_KD_ZG,North Macedonia,-4.80753
2021,NE_CON_PRVT_KD_ZG,North Macedonia,5.03509
2014,NE_CON_PRVT_KD_ZG,Estonia,3.61019
2015,NE_CON_PRVT_KD_ZG,Estonia,4.89506
2016,NE_CON_PRVT_KD_ZG,Estonia,4.45095
2017,NE_CON_PRVT_KD_ZG,Estonia,2.45875
2018,NE_CON_PRVT_KD_ZG,Estonia,4.81919
2019,NE_CON_PRVT_KD_ZG,Estonia,4.55327
2020,NE_CON_PRVT_KD_ZG,Estonia,-1.01396
2021,NE_CON_PRVT_KD_ZG,Estonia,6.35469
2000,NE_CON_PRVT_KD_ZG,Finland,2.10166
2001,NE_CON_PRVT_KD_ZG,Finland,2.68272
2002,NE_CON_PRVT_KD_ZG,Finland,2.49949
2003,NE_CON_PRVT_KD_ZG,Finland,4.12667
2004,NE_CON_PRVT_KD_ZG,Finland,3.7511
2005,NE_CON_PRVT_KD_ZG,Finland,3.17477
2006,NE_CON_PRVT_KD_ZG,Finland,3.92037
2007,NE_CON_PRVT_KD_ZG,Finland,3.50198
2008,NE_CON_PRVT_KD_ZG,Finland,1.96797
2009,NE_CON_PRVT_KD_ZG,Finland,-2.92143
2010,NE_CON_PRVT_KD_ZG,Finland,2.99619
2011,NE_CON_PRVT_KD_ZG,Finland,2.89444
2012,NE_CON_PRVT_KD_ZG,Finland,0.38476
2013,NE_CON_PRVT_KD_ZG,Finland,-0.52194
2000,NE_CON_PRVT_KD_ZG,United Kingdom of Great Britain and Northern Ireland,4.62998
2001,NE_CON_PRVT_KD_ZG,United Kingdom of Great Britain and Northern Ireland,3.38406
2002,NE_CON_PRVT_KD_ZG,United Kingdom of Great Britain and Northern Ireland,2.88387
2003,NE_CON_PRVT_KD_ZG,United Kingdom of Great Britain and Northern Ireland,3.46083
2004,NE_CON_PRVT_KD_ZG,United Kingdom of Great Britain and Northern Ireland,2.89065
2005,NE_CON_PRVT_KD_ZG,United Kingdom of Great Britain and Northern Ireland,2.75642
2006,NE_CON_PRVT_KD_ZG,United Kingdom of Great Britain and Northern Ireland,0.68401
2007,NE_CON_PRVT_KD_ZG,United Kingdom of Great Britain and Northern Ireland,3.12606
2008,NE_CON_PRVT_KD_ZG,United Kingdom of Great Britain and Northern Ireland,-0.65086
2009,NE_CON_PRVT_KD_ZG,United Kingdom of Great Britain and Northern Ireland,-2.9673
2000,NE_CON_PRVT_KD_ZG,Republic of Korea,9.32031
2001,NE_CON_PRVT_KD_ZG,Republic of Korea,5.79303
2002,NE_CON_PRVT_KD_ZG,Republic of Korea,8.97726
2003,NE_CON_PRVT_KD_ZG,Republic of Korea,-0.37851
2004,NE_CON_PRVT_KD_ZG,Republic of Korea,0.39942
2005,NE_CON_PRVT_KD_ZG,Republic of Korea,4.65625
2006,NE_CON_PRVT_KD_ZG,Republic of Korea,4.92172
2007,NE_CON_PRVT_KD_ZG,Republic of Korea,5.28371
2008,NE_CON_PRVT_KD_ZG,Republic of Korea,1.62321
2009,NE_CON_PRVT_KD_ZG,Republic of Korea,0.21813
2010,NE_CON_PRVT_KD_ZG,Republic of Korea,4.39142
2010,NE_CON_PRVT_KD_ZG,United Kingdom of Great Britain and Northern Ireland,1.98564
2011,NE_CON_PRVT_KD_ZG,United Kingdom of Great Britain and Northern Ireland,-0.3419
2012,NE_CON_PRVT_KD_ZG,United Kingdom of Great Britain and Northern Ireland,1.71227
2013,NE_CON_PRVT_KD_ZG,United Kingdom of Great Britain and Northern Ireland,2.61505
2014,NE_CON_PRVT_KD_ZG,United Kingdom of Great Britain and Northern Ireland,2.88034
2015,NE_CON_PRVT_KD_ZG,United Kingdom of Great Britain and Northern Ireland,3.12993
2016,NE_CON_PRVT_KD_ZG,United Kingdom of Great Britain and Northern Ireland,3.61422
2017,NE_CON_PRVT_KD_ZG,United Kingdom of Great Britain and Northern Ireland,1.93715
2018,NE_CON_PRVT_KD_ZG,United Kingdom of Great Britain and Northern Ireland,2.46554
2019,NE_CON_PRVT_KD_ZG,United Kingdom of Great Britain and Northern Ireland,1.06019
2014,NE_CON_PRVT_KD_ZG,Finland,0.60636
2015,NE_CON_PRVT_KD_ZG,Finland,1.60691
2016,NE_CON_PRVT_KD_ZG,Finland,2.42913
2017,NE_CON_PRVT_KD_ZG,Finland,0.75631
2018,NE_CON_PRVT_KD_ZG,Finland,1.71165
2019,NE_CON_PRVT_KD_ZG,Finland,0.73304
2020,NE_CON_PRVT_KD_ZG,Finland,-4.0385
2021,NE_CON_PRVT_KD_ZG,Finland,3.65555
2000,NE_CON_PRVT_KD_ZG,France,3.66605
2001,NE_CON_PRVT_KD_ZG,France,2.51859
2002,NE_CON_PRVT_KD_ZG,France,2.08228
2011,NE_CON_PRVT_KD_ZG,Republic of Korea,2.94739
2012,NE_CON_PRVT_KD_ZG,Republic of Korea,1.65423
2013,NE_CON_PRVT_KD_ZG,Republic of Korea,1.73612
2014,NE_CON_PRVT_KD_ZG,Republic of Korea,1.99425
2015,NE_CON_PRVT_KD_ZG,Republic of Korea,2.21012
2016,NE_CON_PRVT_KD_ZG,Republic of Korea,2.59238
2017,NE_CON_PRVT_KD_ZG,Republic of Korea,2.77507
2018,NE_CON_PRVT_KD_ZG,Republic of Korea,3.18041
2019,NE_CON_PRVT_KD_ZG,Republic of Korea,2.11254
2020,NE_CON_PRVT_KD_ZG,Republic of Korea,-4.82263
2021,NE_CON_PRVT_KD_ZG,Republic of Korea,3.70207
2003,NE_CON_PRVT_KD_ZG,France,1.48544
2004,NE_CON_PRVT_KD_ZG,France,1.95108
2005,NE_CON_PRVT_KD_ZG,France,2.41778
2006,NE_CON_PRVT_KD_ZG,France,2.14334
2007,NE_CON_PRVT_KD_ZG,France,2.63758
2008,NE_CON_PRVT_KD_ZG,France,0.52214
2009,NE_CON_PRVT_KD_ZG,France,0.30482
2010,NE_CON_PRVT_KD_ZG,France,1.88358
2011,NE_CON_PRVT_KD_ZG,France,0.61767
2012,NE_CON_PRVT_KD_ZG,France,-0.42314
2013,NE_CON_PRVT_KD_ZG,France,0.50947
2014,NE_CON_PRVT_KD_ZG,France,0.81975
2015,NE_CON_PRVT_KD_ZG,France,1.47902
2016,NE_CON_PRVT_KD_ZG,France,1.77988
2017,NE_CON_PRVT_KD_ZG,France,1.47866
2018,NE_CON_PRVT_KD_ZG,France,0.98217
2019,NE_CON_PRVT_KD_ZG,France,1.76866
2020,NE_CON_PRVT_KD_ZG,France,-6.72722
2021,NE_CON_PRVT_KD_ZG,France,5.26415
2011,NE_CON_PRVT_KD_ZG,Georgia,8.95689
2012,NE_CON_PRVT_KD_ZG,Georgia,4.17557
2013,NE_CON_PRVT_KD_ZG,Georgia,2.54291
2020,NE_CON_PRVT_KD_ZG,United Kingdom of Great Britain and Northern Ireland,-13.17171
2021,NE_CON_PRVT_KD_ZG,United Kingdom of Great Britain and Northern Ireland,6.22195
2011,NE_CON_PRVT_KD_ZG,Uzbekistan,13.31339
2012,NE_CON_PRVT_KD_ZG,Uzbekistan,10.12677
2013,NE_CON_PRVT_KD_ZG,Uzbekistan,8.72405
2014,NE_CON_PRVT_KD_ZG,Uzbekistan,8.73447
2015,NE_CON_PRVT_KD_ZG,Uzbekistan,11.77111
2016,NE_CON_PRVT_KD_ZG,Uzbekistan,8.25461
2017,NE_CON_PRVT_KD_ZG,Uzbekistan,4.16166
2018,NE_CON_PRVT_KD_ZG,Uzbekistan,7.04064
2019,NE_CON_PRVT_KD_ZG,Uzbekistan,5.28625
2000,NE_CON_PRVT_KD_ZG,Kyrgyzstan,-4.98224
2001,NE_CON_PRVT_KD_ZG,Kyrgyzstan,2.26
2002,NE_CON_PRVT_KD_ZG,Kyrgyzstan,4.69873
2003,NE_CON_PRVT_KD_ZG,Kyrgyzstan,23.40845
2004,NE_CON_PRVT_KD_ZG,Kyrgyzstan,7.41633
2005,NE_CON_PRVT_KD_ZG,Kyrgyzstan,8.29497
2006,NE_CON_PRVT_KD_ZG,Kyrgyzstan,19.18632
2007,NE_CON_PRVT_KD_ZG,Kyrgyzstan,2.6909
2008,NE_CON_PRVT_KD_ZG,Kyrgyzstan,12.84416
2009,NE_CON_PRVT_KD_ZG,Kyrgyzstan,-14.37277
2010,NE_CON_PRVT_KD_ZG,Kyrgyzstan,2.71354
2011,NE_CON_PRVT_KD_ZG,Kyrgyzstan,9.34264
2012,NE_CON_PRVT_KD_ZG,Kyrgyzstan,11.16596
2013,NE_CON_PRVT_KD_ZG,Kyrgyzstan,7.9694
2014,NE_CON_PRVT_KD_ZG,Kyrgyzstan,2.97684
2015,NE_CON_PRVT_KD_ZG,Kyrgyzstan,-0.92822
2016,NE_CON_PRVT_KD_ZG,Kyrgyzstan,-0.63089
2017,NE_CON_PRVT_KD_ZG,Kyrgyzstan,6.2891
2018,NE_CON_PRVT_KD_ZG,Kyrgyzstan,5.0175
2019,NE_CON_PRVT_KD_ZG,Kyrgyzstan,0.77628
2020,NE_CON_PRVT_KD_ZG,Kyrgyzstan,-8.26248
2021,NE_CON_PRVT_KD_ZG,Kyrgyzstan,13.5485
2014,NE_CON_PRVT_KD_ZG,Georgia,5.71922
2015,NE_CON_PRVT_KD_ZG,Georgia,3.78935
2016,NE_CON_PRVT_KD_ZG,Georgia,-5.65591
2017,NE_CON_PRVT_KD_ZG,Georgia,7.3868
2018,NE_CON_PRVT_KD_ZG,Georgia,5.81124
2019,NE_CON_PRVT_KD_ZG,Georgia,7.2137
2020,NE_CON_PRVT_KD_ZG,Georgia,8.77167
2021,NE_CON_PRVT_KD_ZG,Georgia,14.45649
2000,NE_CON_PRVT_KD_ZG,Germany,1.64526
2001,NE_CON_PRVT_KD_ZG,Germany,1.19734
2002,NE_CON_PRVT_KD_ZG,Germany,-1.38037
2000,NE_CON_PRVT_KD_ZG,Latvia,2.13123
2001,NE_CON_PRVT_KD_ZG,Latvia,5.12346
2002,NE_CON_PRVT_KD_ZG,Latvia,6.15327
2003,NE_CON_PRVT_KD_ZG,Latvia,8.07355
2004,NE_CON_PRVT_KD_ZG,Latvia,10.2274
2005,NE_CON_PRVT_KD_ZG,Latvia,10.3708
2006,NE_CON_PRVT_KD_ZG,Latvia,18.43255
2007,NE_CON_PRVT_KD_ZG,Latvia,11.28669
2008,NE_CON_PRVT_KD_ZG,Latvia,-8.26294
2009,NE_CON_PRVT_KD_ZG,Latvia,-15.70117
2010,NE_CON_PRVT_KD_ZG,Latvia,2.10982
2011,NE_CON_PRVT_KD_ZG,Latvia,-0.25269
2012,NE_CON_PRVT_KD_ZG,Latvia,5.62868
2013,NE_CON_PRVT_KD_ZG,Latvia,6.46544
2014,NE_CON_PRVT_KD_ZG,Latvia,0.74448
2015,NE_CON_PRVT_KD_ZG,Latvia,2.06953
2016,NE_CON_PRVT_KD_ZG,Latvia,3.37539
2017,NE_CON_PRVT_KD_ZG,Latvia,2.96116
2018,NE_CON_PRVT_KD_ZG,Latvia,3.04406
2019,NE_CON_PRVT_KD_ZG,Latvia,0.20678
2020,NE_CON_PRVT_KD_ZG,Latvia,-4.55901
2021,NE_CON_PRVT_KD_ZG,Latvia,8.19993
2003,NE_CON_PRVT_KD_ZG,Germany,0.42213
2004,NE_CON_PRVT_KD_ZG,Germany,0.64159
2005,NE_CON_PRVT_KD_ZG,Germany,0.75841
2006,NE_CON_PRVT_KD_ZG,Germany,1.34177
2007,NE_CON_PRVT_KD_ZG,Germany,-0.23681
2008,NE_CON_PRVT_KD_ZG,Germany,0.33448
2009,NE_CON_PRVT_KD_ZG,Germany,-0.08603
2010,NE_CON_PRVT_KD_ZG,Germany,0.71036
2011,NE_CON_PRVT_KD_ZG,Germany,1.84888
2012,NE_CON_PRVT_KD_ZG,Germany,1.50052
2013,NE_CON_PRVT_KD_ZG,Germany,0.36183
2000,NE_CON_PRVT_KD_ZG,Lithuania,6.8738
2001,NE_CON_PRVT_KD_ZG,Lithuania,4.15791
2002,NE_CON_PRVT_KD_ZG,Lithuania,6.01628
2003,NE_CON_PRVT_KD_ZG,Lithuania,11.36353
2004,NE_CON_PRVT_KD_ZG,Lithuania,10.86672
2005,NE_CON_PRVT_KD_ZG,Lithuania,11.55972
2006,NE_CON_PRVT_KD_ZG,Lithuania,9.12572
2007,NE_CON_PRVT_KD_ZG,Lithuania,12.47436
2008,NE_CON_PRVT_KD_ZG,Lithuania,3.87606
2009,NE_CON_PRVT_KD_ZG,Lithuania,-17.39156
2010,NE_CON_PRVT_KD_ZG,Lithuania,-3.08081
2011,NE_CON_PRVT_KD_ZG,Lithuania,4.31733
2012,NE_CON_PRVT_KD_ZG,Lithuania,3.08601
2013,NE_CON_PRVT_KD_ZG,Lithuania,4.30972
2014,NE_CON_PRVT_KD_ZG,Lithuania,3.69483
2015,NE_CON_PRVT_KD_ZG,Lithuania,4.05477
2016,NE_CON_PRVT_KD_ZG,Lithuania,4.08434
2017,NE_CON_PRVT_KD_ZG,Lithuania,3.56534
2018,NE_CON_PRVT_KD_ZG,Lithuania,3.63123
2019,NE_CON_PRVT_KD_ZG,Lithuania,2.73712
2020,NE_CON_PRVT_KD_ZG,Lithuania,-2.44995
2021,NE_CON_PRVT_KD_ZG,Lithuania,8.01773
2014,NE_CON_PRVT_KD_ZG,Germany,1.05068
2015,NE_CON_PRVT_KD_ZG,Germany,1.9368
2016,NE_CON_PRVT_KD_ZG,Germany,2.44
2017,NE_CON_PRVT_KD_ZG,Germany,1.41546
2018,NE_CON_PRVT_KD_ZG,Germany,1.50159
2019,NE_CON_PRVT_KD_ZG,Germany,1.6311
2020,NE_CON_PRVT_KD_ZG,Germany,-5.65457
2021,NE_CON_PRVT_KD_ZG,Germany,0.41539
2000,NE_CON_PRVT_KD_ZG,Greece,2.52344
2001,NE_CON_PRVT_KD_ZG,Greece,3.62358
2002,NE_CON_PRVT_KD_ZG,Greece,5.08537
2000,NE_CON_PRVT_KD_ZG,Luxembourg,5.08001
2001,NE_CON_PRVT_KD_ZG,Luxembourg,3.31563
2002,NE_CON_PRVT_KD_ZG,Luxembourg,5.16256
2003,NE_CON_PRVT_KD_ZG,Luxembourg,2.43114
2004,NE_CON_PRVT_KD_ZG,Luxembourg,1.18731
2005,NE_CON_PRVT_KD_ZG,Luxembourg,-0.49771
2006,NE_CON_PRVT_KD_ZG,Luxembourg,4.12169
2007,NE_CON_PRVT_KD_ZG,Luxembourg,2.37417
2008,NE_CON_PRVT_KD_ZG,Luxembourg,2.37964
2009,NE_CON_PRVT_KD_ZG,Luxembourg,2.31864
2010,NE_CON_PRVT_KD_ZG,Luxembourg,3.31836
2011,NE_CON_PRVT_KD_ZG,Luxembourg,1.65114
2012,NE_CON_PRVT_KD_ZG,Luxembourg,2.43198
2013,NE_CON_PRVT_KD_ZG,Luxembourg,0.76724
2014,NE_CON_PRVT_KD_ZG,Luxembourg,3.01613
2015,NE_CON_PRVT_KD_ZG,Luxembourg,3.04616
2016,NE_CON_PRVT_KD_ZG,Luxembourg,3.35797
2017,NE_CON_PRVT_KD_ZG,Luxembourg,2.97582
2018,NE_CON_PRVT_KD_ZG,Luxembourg,2.6383
2019,NE_CON_PRVT_KD_ZG,Luxembourg,2.29467
2020,NE_CON_PRVT_KD_ZG,Luxembourg,-7.25093
2021,NE_CON_PRVT_KD_ZG,Luxembourg,9.47031
2003,NE_CON_PRVT_KD_ZG,Greece,4.53309
2004,NE_CON_PRVT_KD_ZG,Greece,3.60686
2005,NE_CON_PRVT_KD_ZG,Greece,3.22484
2006,NE_CON_PRVT_KD_ZG,Greece,2.78189
2007,NE_CON_PRVT_KD_ZG,Greece,4.0762
2008,NE_CON_PRVT_KD_ZG,Greece,3.5839
2009,NE_CON_PRVT_KD_ZG,Greece,-1.67006
2010,NE_CON_PRVT_KD_ZG,Greece,-6.51882
2011,NE_CON_PRVT_KD_ZG,Greece,-8.66603
2012,NE_CON_PRVT_KD_ZG,Greece,-7.57036
2013,NE_CON_PRVT_KD_ZG,Greece,-3.41976
2001,NE_CON_PRVT_KD_ZG,Malta,2.28969
2002,NE_CON_PRVT_KD_ZG,Malta,-2.23572
2003,NE_CON_PRVT_KD_ZG,Malta,5.44275
2004,NE_CON_PRVT_KD_ZG,Malta,2.77638
2005,NE_CON_PRVT_KD_ZG,Malta,4.33609
2006,NE_CON_PRVT_KD_ZG,Malta,2.55709
2007,NE_CON_PRVT_KD_ZG,Malta,1.64301
2008,NE_CON_PRVT_KD_ZG,Malta,-0.40411
2009,NE_CON_PRVT_KD_ZG,Malta,1.11285
2010,NE_CON_PRVT_KD_ZG,Malta,2.04398
2011,NE_CON_PRVT_KD_ZG,Malta,3.44495
2014,NE_CON_PRVT_KD_ZG,Greece,-0.10216
2015,NE_CON_PRVT_KD_ZG,Greece,-0.34892
2016,NE_CON_PRVT_KD_ZG,Greece,-0.60963
2017,NE_CON_PRVT_KD_ZG,Greece,2.49592
2018,NE_CON_PRVT_KD_ZG,Greece,1.74906
2019,NE_CON_PRVT_KD_ZG,Greece,1.89937
2020,NE_CON_PRVT_KD_ZG,Greece,-7.72712
2021,NE_CON_PRVT_KD_ZG,Greece,5.76678
2000,NE_CON_PRVT_KD_ZG,Hungary,3.10124
2001,NE_CON_PRVT_KD_ZG,Hungary,4.53795
2002,NE_CON_PRVT_KD_ZG,Hungary,7.88336
2003,NE_CON_PRVT_KD_ZG,Hungary,8.39018
2004,NE_CON_PRVT_KD_ZG,Hungary,2.01473
2005,NE_CON_PRVT_KD_ZG,Hungary,2.85335
2006,NE_CON_PRVT_KD_ZG,Hungary,1.53402
2007,NE_CON_PRVT_KD_ZG,Hungary,1.04167
2008,NE_CON_PRVT_KD_ZG,Hungary,-1.27671
2009,NE_CON_PRVT_KD_ZG,Hungary,-6.72263
2010,NE_CON_PRVT_KD_ZG,Hungary,-1.24158
2011,NE_CON_PRVT_KD_ZG,Hungary,0.85646
2012,NE_CON_PRVT_KD_ZG,Hungary,-2.23917
2013,NE_CON_PRVT_KD_ZG,Hungary,-0.14172
2012,NE_CON_PRVT_KD_ZG,Malta,0.55355
2013,NE_CON_PRVT_KD_ZG,Malta,3.051
2014,NE_CON_PRVT_KD_ZG,Malta,2.69893
2015,NE_CON_PRVT_KD_ZG,Malta,2.34181
2016,NE_CON_PRVT_KD_ZG,Malta,3.00265
2017,NE_CON_PRVT_KD_ZG,Malta,5.69549
2018,NE_CON_PRVT_KD_ZG,Malta,8.89472
2019,NE_CON_PRVT_KD_ZG,Malta,4.6144
2020,NE_CON_PRVT_KD_ZG,Malta,-10.23552
2021,NE_CON_PRVT_KD_ZG,Malta,7.09754
2000,NE_CON_PRVT_KD_ZG,Mexico,7.12738
2001,NE_CON_PRVT_KD_ZG,Mexico,2.50637
2002,NE_CON_PRVT_KD_ZG,Mexico,1.69372
2003,NE_CON_PRVT_KD_ZG,Mexico,2.22971
2004,NE_CON_PRVT_KD_ZG,Mexico,4.77133
2005,NE_CON_PRVT_KD_ZG,Mexico,2.75905
2006,NE_CON_PRVT_KD_ZG,Mexico,4.05911
2007,NE_CON_PRVT_KD_ZG,Mexico,2.50942
2008,NE_CON_PRVT_KD_ZG,Mexico,0.70818
2009,NE_CON_PRVT_KD_ZG,Mexico,-6.25112
2010,NE_CON_PRVT_KD_ZG,Mexico,3.59158
2011,NE_CON_PRVT_KD_ZG,Mexico,3.36034
2012,NE_CON_PRVT_KD_ZG,Mexico,2.33926
2013,NE_CON_PRVT_KD_ZG,Mexico,1.75638
2014,NE_CON_PRVT_KD_ZG,Mexico,2.14865
2015,NE_CON_PRVT_KD_ZG,Mexico,2.68937
2016,NE_CON_PRVT_KD_ZG,Mexico,3.65939
2017,NE_CON_PRVT_KD_ZG,Mexico,3.1877
2018,NE_CON_PRVT_KD_ZG,Mexico,2.5624
2019,NE_CON_PRVT_KD_ZG,Mexico,0.36057
2020,NE_CON_PRVT_KD_ZG,Mexico,-10.34073
2021,NE_CON_PRVT_KD_ZG,Mexico,7.49027
2000,NE_CON_PRVT_KD_ZG,Moldova,20.9303
2001,NE_CON_PRVT_KD_ZG,Moldova,6.10833
2002,NE_CON_PRVT_KD_ZG,Moldova,6.2397
2003,NE_CON_PRVT_KD_ZG,Moldova,18.56012
2004,NE_CON_PRVT_KD_ZG,Moldova,6.24744
2005,NE_CON_PRVT_KD_ZG,Moldova,13.64569
2006,NE_CON_PRVT_KD_ZG,Moldova,7.81989
2007,NE_CON_PRVT_KD_ZG,Moldova,3.58161
2008,NE_CON_PRVT_KD_ZG,Moldova,5.83674
2009,NE_CON_PRVT_KD_ZG,Moldova,-8.02143
2010,NE_CON_PRVT_KD_ZG,Moldova,9.49609
2011,NE_CON_PRVT_KD_ZG,Moldova,9.21991
2012,NE_CON_PRVT_KD_ZG,Moldova,0.924
2013,NE_CON_PRVT_KD_ZG,Moldova,6.39178
2014,NE_CON_PRVT_KD_ZG,Moldova,5.47559
2015,NE_CON_PRVT_KD_ZG,Moldova,-2.42484
2016,NE_CON_PRVT_KD_ZG,Moldova,2.91902
2017,NE_CON_PRVT_KD_ZG,Moldova,5.28487
2018,NE_CON_PRVT_KD_ZG,Moldova,3.86795
2019,NE_CON_PRVT_KD_ZG,Moldova,3.34024
2020,NE_CON_PRVT_KD_ZG,Moldova,-8.33117
2021,NE_CON_PRVT_KD_ZG,Moldova,15.57653
2007,NE_CON_PRVT_KD_ZG,Montenegro,11.79659
2008,NE_CON_PRVT_KD_ZG,Montenegro,11.15496
2009,NE_CON_PRVT_KD_ZG,Montenegro,-14.24683
2010,NE_CON_PRVT_KD_ZG,Montenegro,1.99617
2011,NE_CON_PRVT_KD_ZG,Montenegro,0.46308
2012,NE_CON_PRVT_KD_ZG,Montenegro,-3.90503
2013,NE_CON_PRVT_KD_ZG,Montenegro,1.58851
2014,NE_CON_PRVT_KD_ZG,Montenegro,2.85888
2015,NE_CON_PRVT_KD_ZG,Montenegro,2.22543
2016,NE_CON_PRVT_KD_ZG,Montenegro,5.36168
2017,NE_CON_PRVT_KD_ZG,Montenegro,3.93516
2018,NE_CON_PRVT_KD_ZG,Montenegro,4.59056
2019,NE_CON_PRVT_KD_ZG,Montenegro,3.0625
2020,NE_CON_PRVT_KD_ZG,Montenegro,-4.6457
2021,NE_CON_PRVT_KD_ZG,Montenegro,4.04963
2000,NE_CON_PRVT_KD_ZG,Netherlands (Kingdom of the),3.66328
2001,NE_CON_PRVT_KD_ZG,Netherlands (Kingdom of the),2.04487
2002,NE_CON_PRVT_KD_ZG,Netherlands (Kingdom of the),1.16381
2003,NE_CON_PRVT_KD_ZG,Netherlands (Kingdom of the),-0.13043
2004,NE_CON_PRVT_KD_ZG,Netherlands (Kingdom of the),0.75991
2005,NE_CON_PRVT_KD_ZG,Netherlands (Kingdom of the),0.91005
2006,NE_CON_PRVT_KD_ZG,Netherlands (Kingdom of the),-0.15583
2007,NE_CON_PRVT_KD_ZG,Netherlands (Kingdom of the),1.87467
2008,NE_CON_PRVT_KD_ZG,Netherlands (Kingdom of the),0.89011
2009,NE_CON_PRVT_KD_ZG,Netherlands (Kingdom of the),-1.88537
2010,NE_CON_PRVT_KD_ZG,Netherlands (Kingdom of the),0.10507
2011,NE_CON_PRVT_KD_ZG,Netherlands (Kingdom of the),0.06953
2012,NE_CON_PRVT_KD_ZG,Netherlands (Kingdom of the),-1.1411
2013,NE_CON_PRVT_KD_ZG,Netherlands (Kingdom of the),-0.9641
2014,NE_CON_PRVT_KD_ZG,Netherlands (Kingdom of the),0.37478
2015,NE_CON_PRVT_KD_ZG,Netherlands (Kingdom of the),1.97703
2016,NE_CON_PRVT_KD_ZG,Netherlands (Kingdom of the),1.11963
2017,NE_CON_PRVT_KD_ZG,Netherlands (Kingdom of the),2.13105
2018,NE_CON_PRVT_KD_ZG,Netherlands (Kingdom of the),2.16433
2019,NE_CON_PRVT_KD_ZG,Netherlands (Kingdom of the),0.88184
2020,NE_CON_PRVT_KD_ZG,Netherlands (Kingdom of the),-6.36096
2021,NE_CON_PRVT_KD_ZG,Netherlands (Kingdom of the),3.57477
2000,NE_CON_PRVT_KD_ZG,New Zealand,1.41013
2001,NE_CON_PRVT_KD_ZG,New Zealand,2.7042
2002,NE_CON_PRVT_KD_ZG,New Zealand,4.97837
2003,NE_CON_PRVT_KD_ZG,New Zealand,6.20573
2004,NE_CON_PRVT_KD_ZG,New Zealand,5.34396
2005,NE_CON_PRVT_KD_ZG,New Zealand,4.61097
2006,NE_CON_PRVT_KD_ZG,New Zealand,2.87188
2007,NE_CON_PRVT_KD_ZG,New Zealand,3.79442
2008,NE_CON_PRVT_KD_ZG,New Zealand,-0.79763
2009,NE_CON_PRVT_KD_ZG,New Zealand,1.52902
2010,NE_CON_PRVT_KD_ZG,New Zealand,2.19086
2011,NE_CON_PRVT_KD_ZG,New Zealand,3.15522
2012,NE_CON_PRVT_KD_ZG,New Zealand,2.30831
2013,NE_CON_PRVT_KD_ZG,New Zealand,3.81917
2014,NE_CON_PRVT_KD_ZG,New Zealand,3.30725
2015,NE_CON_PRVT_KD_ZG,New Zealand,4.22643
2016,NE_CON_PRVT_KD_ZG,New Zealand,6.42349
2017,NE_CON_PRVT_KD_ZG,New Zealand,4.82269
2018,NE_CON_PRVT_KD_ZG,New Zealand,4.5587
2019,NE_CON_PRVT_KD_ZG,New Zealand,2.51252
2020,NE_CON_PRVT_KD_ZG,New Zealand,0.41125
2021,NE_CON_PRVT_KD_ZG,New Zealand,4.61528
2000,NE_CON_PRVT_KD_ZG,Norway,4.18091
2001,NE_CON_PRVT_KD_ZG,Norway,2.06193
2002,NE_CON_PRVT_KD_ZG,Norway,3.13607
2003,NE_CON_PRVT_KD_ZG,Norway,3.19162
2004,NE_CON_PRVT_KD_ZG,Norway,5.44799
2005,NE_CON_PRVT_KD_ZG,Norway,4.4027
2006,NE_CON_PRVT_KD_ZG,Norway,4.96104
2007,NE_CON_PRVT_KD_ZG,Norway,5.30855
2008,NE_CON_PRVT_KD_ZG,Norway,1.67587
2009,NE_CON_PRVT_KD_ZG,Norway,0.02846
2010,NE_CON_PRVT_KD_ZG,Norway,3.81067
2011,NE_CON_PRVT_KD_ZG,Norway,2.36546
2012,NE_CON_PRVT_KD_ZG,Norway,3.49404
2013,NE_CON_PRVT_KD_ZG,Norway,2.81124
2014,NE_CON_PRVT_KD_ZG,Norway,2.07133
2015,NE_CON_PRVT_KD_ZG,Norway,2.7099
2016,NE_CON_PRVT_KD_ZG,Norway,1.12334
2017,NE_CON_PRVT_KD_ZG,Norway,2.23873
2018,NE_CON_PRVT_KD_ZG,Norway,1.56849
2019,NE_CON_PRVT_KD_ZG,Norway,1.0983
2020,NE_CON_PRVT_KD_ZG,Norway,-6.56915
2021,NE_CON_PRVT_KD_ZG,Norway,4.87347
2000,NE_CON_PRVT_KD_ZG,Poland,2.82294
2001,NE_CON_PRVT_KD_ZG,Poland,1.96802
2002,NE_CON_PRVT_KD_ZG,Poland,3.92303
2003,NE_CON_PRVT_KD_ZG,Poland,1.31687
2004,NE_CON_PRVT_KD_ZG,Poland,4.35087
2005,NE_CON_PRVT_KD_ZG,Poland,1.76463
2006,NE_CON_PRVT_KD_ZG,Poland,4.7041
2007,NE_CON_PRVT_KD_ZG,Poland,5.71287
2008,NE_CON_PRVT_KD_ZG,Poland,6.72091
2009,NE_CON_PRVT_KD_ZG,Poland,3.44551
2010,NE_CON_PRVT_KD_ZG,Poland,2.92052
2011,NE_CON_PRVT_KD_ZG,Poland,2.40327
2012,NE_CON_PRVT_KD_ZG,Poland,0.8766
2013,NE_CON_PRVT_KD_ZG,Poland,-0.07992
2014,NE_CON_PRVT_KD_ZG,Poland,3.22218
2015,NE_CON_PRVT_KD_ZG,Poland,3.79192
2016,NE_CON_PRVT_KD_ZG,Poland,3.69755
2017,NE_CON_PRVT_KD_ZG,Poland,6.16249
2018,NE_CON_PRVT_KD_ZG,Poland,4.6157
2020,NE_CON_PRVT_KD_ZG,Armenia,-13.971
2021,NE_CON_PRVT_KD_ZG,Armenia,3.66536
2014,NE_CON_PRVT_KD_ZG,Hungary,2.41218
2015,NE_CON_PRVT_KD_ZG,Hungary,3.78591
2016,NE_CON_PRVT_KD_ZG,Hungary,4.71497
2017,NE_CON_PRVT_KD_ZG,Hungary,5.00728
2018,NE_CON_PRVT_KD_ZG,Hungary,5.10784
2019,NE_CON_PRVT_KD_ZG,Hungary,4.99697
2020,NE_CON_PRVT_KD_ZG,Hungary,-1.15635
2021,NE_CON_PRVT_KD_ZG,Hungary,4.89923
2020,NE_CON_PRVT_KD_ZG,Uzbekistan,-0.00773
2021,NE_CON_PRVT_KD_ZG,Uzbekistan,11.4895
2019,NE_CON_PRVT_KD_ZG,Poland,3.43262
2020,NE_CON_PRVT_KD_ZG,Poland,-3.33906
2021,NE_CON_PRVT_KD_ZG,Poland,6.26284
2000,NE_CON_PRVT_KD_ZG,Portugal,3.68733
2001,NE_CON_PRVT_KD_ZG,Portugal,0.88994
2002,NE_CON_PRVT_KD_ZG,Portugal,1.28291
2003,NE_CON_PRVT_KD_ZG,Portugal,-0.31901
2004,NE_CON_PRVT_KD_ZG,Portugal,2.55633
2005,NE_CON_PRVT_KD_ZG,Portugal,1.57666
2006,NE_CON_PRVT_KD_ZG,Portugal,1.5168
2007,NE_CON_PRVT_KD_ZG,Portugal,2.50931
2008,NE_CON_PRVT_KD_ZG,Portugal,1.37157
2009,NE_CON_PRVT_KD_ZG,Portugal,-2.31197
2010,NE_CON_PRVT_KD_ZG,Portugal,2.35559
2011,NE_CON_PRVT_KD_ZG,Portugal,-3.65965
2012,NE_CON_PRVT_KD_ZG,Portugal,-5.31851
2013,NE_CON_PRVT_KD_ZG,Portugal,-1.04271
2014,NE_CON_PRVT_KD_ZG,Portugal,2.38074
2015,NE_CON_PRVT_KD_ZG,Portugal,2.0381
2016,NE_CON_PRVT_KD_ZG,Portugal,2.55964
2017,NE_CON_PRVT_KD_ZG,Portugal,2.10088
2018,NE_CON_PRVT_KD_ZG,Portugal,2.61525
2019,NE_CON_PRVT_KD_ZG,Portugal,3.2633
2020,NE_CON_PRVT_KD_ZG,Portugal,-7.02177
2021,NE_CON_PRVT_KD_ZG,Portugal,4.65424
2000,NE_CON_PRVT_KD_ZG,Romania,1.54565
2001,NE_CON_PRVT_KD_ZG,Romania,8.33639
2002,NE_CON_PRVT_KD_ZG,Romania,7.09522
2003,NE_CON_PRVT_KD_ZG,Romania,8.38005
2004,NE_CON_PRVT_KD_ZG,Romania,15.84028
2005,NE_CON_PRVT_KD_ZG,Romania,11.22544
2006,NE_CON_PRVT_KD_ZG,Romania,10.20687
2007,NE_CON_PRVT_KD_ZG,Romania,13.84147
2008,NE_CON_PRVT_KD_ZG,Romania,8.70237
2009,NE_CON_PRVT_KD_ZG,Romania,-6.3511
2010,NE_CON_PRVT_KD_ZG,Romania,-4.98798
2011,NE_CON_PRVT_KD_ZG,Romania,4.49109
2012,NE_CON_PRVT_KD_ZG,Romania,1.88593
2013,NE_CON_PRVT_KD_ZG,Romania,-4.95017
2014,NE_CON_PRVT_KD_ZG,Romania,4.06277
2015,NE_CON_PRVT_KD_ZG,Romania,5.90823
2016,NE_CON_PRVT_KD_ZG,Romania,6.04398
2017,NE_CON_PRVT_KD_ZG,Romania,11.56677
2018,NE_CON_PRVT_KD_ZG,Romania,9.42932
2019,NE_CON_PRVT_KD_ZG,Romania,3.4089
2020,NE_CON_PRVT_KD_ZG,Romania,-3.85705
2021,NE_CON_PRVT_KD_ZG,Romania,7.07486
2021,NE_CON_PRVT_KD_ZG,Romania,7.07486
