Year,SeriesCode,Country,Value
2000,FM_LBL_BMNY_IR_ZS,Albania,3.52519
2001,FM_LBL_BMNY_IR_ZS,Albania,3.55382
2002,FM_LBL_BMNY_IR_ZS,Albania,3.35471
2003,FM_LBL_BMNY_IR_ZS,Albania,3.53685
2004,FM_LBL_BMNY_IR_ZS,Albania,3.5315
2005,FM_LBL_BMNY_IR_ZS,Albania,3.9946
2006,FM_LBL_BMNY_IR_ZS,Albania,3.74754
2007,FM_LBL_BMNY_IR_ZS,Albania,3.87526
2008,FM_LBL_BMNY_IR_ZS,Albania,4.11327
2009,FM_LBL_BMNY_IR_ZS,Albania,3.87324
2010,FM_LBL_BMNY_IR_ZS,Albania,3.71221
2011,FM_LBL_BMNY_IR_ZS,Albania,4.29169
2012,FM_LBL_BMNY_IR_ZS,Albania,3.99415
2013,FM_LBL_BMNY_IR_ZS,Albania,3.92076
2014,FM_LBL_BMNY_IR_ZS,Albania,4.25107
2015,FM_LBL_BMNY_IR_ZS,Albania,3.07634
2016,FM_LBL_BMNY_IR_ZS,Albania,3.27397
2017,FM_LBL_BMNY_IR_ZS,Albania,2.96427
2018,FM_LBL_BMNY_IR_ZS,Albania,3.00652
2019,FM_LBL_BMNY_IR_ZS,Albania,3.18947
2020,FM_LBL_BMNY_IR_ZS,Albania,2.78365
2000,FM_LBL_BMNY_IR_ZS,Azerbaijan,1.26394
2001,FM_LBL_BMNY_IR_ZS,Azerbaijan,1.0181
2002,FM_LBL_BMNY_IR_ZS,Azerbaijan,1.12345
2003,FM_LBL_BMNY_IR_ZS,Azerbaijan,1.29474
2004,FM_LBL_BMNY_IR_ZS,Azerbaijan,1.42537
2005,FM_LBL_BMNY_IR_ZS,Azerbaijan,1.65139
2006,FM_LBL_BMNY_IR_ZS,Azerbaijan,1.5377
2007,FM_LBL_BMNY_IR_ZS,Azerbaijan,1.6083
2008,FM_LBL_BMNY_IR_ZS,Azerbaijan,1.59862
2009,FM_LBL_BMNY_IR_ZS,Azerbaijan,1.96434
2010,FM_LBL_BMNY_IR_ZS,Azerbaijan,2.04659
2011,FM_LBL_BMNY_IR_ZS,Azerbaijan,1.71362
2012,FM_LBL_BMNY_IR_ZS,Azerbaijan,1.89349
2013,FM_LBL_BMNY_IR_ZS,Azerbaijan,1.62027
2014,FM_LBL_BMNY_IR_ZS,Azerbaijan,1.73857
2015,FM_LBL_BMNY_IR_ZS,Azerbaijan,2.84273
2016,FM_LBL_BMNY_IR_ZS,Azerbaijan,1.99146
2017,FM_LBL_BMNY_IR_ZS,Azerbaijan,1.98043
2018,FM_LBL_BMNY_IR_ZS,Azerbaijan,2.12319
2019,FM_LBL_BMNY_IR_ZS,Azerbaijan,2.41093
2020,FM_LBL_BMNY_IR_ZS,Azerbaijan,2.24897
2000,FM_LBL_BMNY_IR_ZS,Australia,14.92988
2001,FM_LBL_BMNY_IR_ZS,Australia,14.27176
2002,FM_LBL_BMNY_IR_ZS,Australia,12.88906
2003,FM_LBL_BMNY_IR_ZS,Australia,10.49103
2004,FM_LBL_BMNY_IR_ZS,Australia,12.85854
2005,FM_LBL_BMNY_IR_ZS,Australia,12.58639
2006,FM_LBL_BMNY_IR_ZS,Australia,11.32795
2007,FM_LBL_BMNY_IR_ZS,Australia,28.74772
2008,FM_LBL_BMNY_IR_ZS,Australia,31.3469
2009,FM_LBL_BMNY_IR_ZS,Australia,20.98583
2010,FM_LBL_BMNY_IR_ZS,Australia,27.30572
2011,FM_LBL_BMNY_IR_ZS,Australia,29.85756
2012,FM_LBL_BMNY_IR_ZS,Australia,31.86841
2013,FM_LBL_BMNY_IR_ZS,Australia,31.4781
2014,FM_LBL_BMNY_IR_ZS,Australia,29.54716
2015,FM_LBL_BMNY_IR_ZS,Australia,33.6972
2016,FM_LBL_BMNY_IR_ZS,Australia,27.20688
2017,FM_LBL_BMNY_IR_ZS,Australia,23.55267
2018,FM_LBL_BMNY_IR_ZS,Australia,30.17937
2019,FM_LBL_BMNY_IR_ZS,Australia,29.52387
2020,FM_LBL_BMNY_IR_ZS,Australia,42.87602
2000,FM_LBL_BMNY_IR_ZS,Armenia,0.89461
2001,FM_LBL_BMNY_IR_ZS,Armenia,0.86438
2002,FM_LBL_BMNY_IR_ZS,Armenia,0.85749
2003,FM_LBL_BMNY_IR_ZS,Armenia,0.8048
2004,FM_LBL_BMNY_IR_ZS,Armenia,0.97858
2005,FM_LBL_BMNY_IR_ZS,Armenia,1.19301
2006,FM_LBL_BMNY_IR_ZS,Armenia,1.08919
2007,FM_LBL_BMNY_IR_ZS,Armenia,1.21814
2008,FM_LBL_BMNY_IR_ZS,Armenia,1.64434
2009,FM_LBL_BMNY_IR_ZS,Armenia,1.11967
2010,FM_LBL_BMNY_IR_ZS,Armenia,1.30724
2011,FM_LBL_BMNY_IR_ZS,Armenia,1.56558
2012,FM_LBL_BMNY_IR_ZS,Armenia,1.86239
2013,FM_LBL_BMNY_IR_ZS,Armenia,1.67553
2014,FM_LBL_BMNY_IR_ZS,Armenia,2.70254
2015,FM_LBL_BMNY_IR_ZS,Armenia,2.18715
2016,FM_LBL_BMNY_IR_ZS,Armenia,2.05854
2017,FM_LBL_BMNY_IR_ZS,Armenia,2.31212
2018,FM_LBL_BMNY_IR_ZS,Armenia,2.5431
2019,FM_LBL_BMNY_IR_ZS,Armenia,2.25365
2020,FM_LBL_BMNY_IR_ZS,Armenia,2.62861
2000,FM_LBL_BMNY_IR_ZS,Bosnia and Herzegovina,2.45427
2001,FM_LBL_BMNY_IR_ZS,Bosnia and Herzegovina,1.70696
2002,FM_LBL_BMNY_IR_ZS,Bosnia and Herzegovina,1.82633
2003,FM_LBL_BMNY_IR_ZS,Bosnia and Herzegovina,1.74879
2004,FM_LBL_BMNY_IR_ZS,Bosnia and Herzegovina,1.78699
2005,FM_LBL_BMNY_IR_ZS,Bosnia and Herzegovina,2.01543
2006,FM_LBL_BMNY_IR_ZS,Bosnia and Herzegovina,1.73003
2007,FM_LBL_BMNY_IR_ZS,Bosnia and Herzegovina,1.65908
2008,FM_LBL_BMNY_IR_ZS,Bosnia and Herzegovina,2.07964
2009,FM_LBL_BMNY_IR_ZS,Bosnia and Herzegovina,1.97306
2010,FM_LBL_BMNY_IR_ZS,Bosnia and Herzegovina,2.09199
2011,FM_LBL_BMNY_IR_ZS,Bosnia and Herzegovina,2.4126
2012,FM_LBL_BMNY_IR_ZS,Bosnia and Herzegovina,2.23118
2013,FM_LBL_BMNY_IR_ZS,Bosnia and Herzegovina,2.19201
2014,FM_LBL_BMNY_IR_ZS,Bosnia and Herzegovina,2.41021
2015,FM_LBL_BMNY_IR_ZS,Bosnia and Herzegovina,2.20706
2016,FM_LBL_BMNY_IR_ZS,Bosnia and Herzegovina,2.22398
2017,FM_LBL_BMNY_IR_ZS,Bosnia and Herzegovina,1.9686
2018,FM_LBL_BMNY_IR_ZS,Bosnia and Herzegovina,2.1443
2019,FM_LBL_BMNY_IR_ZS,Bosnia and Herzegovina,2.09113
2020,FM_LBL_BMNY_IR_ZS,Bosnia and Herzegovina,1.88955
2000,FM_LBL_BMNY_IR_ZS,Bulgaria,1.3236
2001,FM_LBL_BMNY_IR_ZS,Bulgaria,1.55858
2002,FM_LBL_BMNY_IR_ZS,Bulgaria,1.38563
2003,FM_LBL_BMNY_IR_ZS,Bulgaria,1.4176
2004,FM_LBL_BMNY_IR_ZS,Bulgaria,1.41369
2005,FM_LBL_BMNY_IR_ZS,Bulgaria,1.84511
2006,FM_LBL_BMNY_IR_ZS,Bulgaria,1.74901
2007,FM_LBL_BMNY_IR_ZS,Bulgaria,1.6789
2008,FM_LBL_BMNY_IR_ZS,Bulgaria,1.91118
2009,FM_LBL_BMNY_IR_ZS,Bulgaria,1.83195
2010,FM_LBL_BMNY_IR_ZS,Bulgaria,1.9941
2011,FM_LBL_BMNY_IR_ZS,Bulgaria,2.35079
2012,FM_LBL_BMNY_IR_ZS,Bulgaria,1.97751
2013,FM_LBL_BMNY_IR_ZS,Bulgaria,2.29477
2014,FM_LBL_BMNY_IR_ZS,Bulgaria,2.29169
2000,FM_LBL_BMNY_IR_ZS,Hungary,1.89031
2001,FM_LBL_BMNY_IR_ZS,Hungary,2.25943
2002,FM_LBL_BMNY_IR_ZS,Hungary,2.95955
2003,FM_LBL_BMNY_IR_ZS,Hungary,3.06369
2004,FM_LBL_BMNY_IR_ZS,Hungary,3.02948
2005,FM_LBL_BMNY_IR_ZS,Hungary,3.02943
2006,FM_LBL_BMNY_IR_ZS,Hungary,2.81799
2007,FM_LBL_BMNY_IR_ZS,Hungary,3.21732
2008,FM_LBL_BMNY_IR_ZS,Hungary,2.64955
2009,FM_LBL_BMNY_IR_ZS,Hungary,1.79098
2010,FM_LBL_BMNY_IR_ZS,Hungary,1.7845
2011,FM_LBL_BMNY_IR_ZS,Hungary,1.81372
2015,FM_LBL_BMNY_IR_ZS,Bulgaria,1.89238
2016,FM_LBL_BMNY_IR_ZS,Bulgaria,1.78817
2017,FM_LBL_BMNY_IR_ZS,Bulgaria,1.74079
2018,FM_LBL_BMNY_IR_ZS,Bulgaria,1.96015
2019,FM_LBL_BMNY_IR_ZS,Bulgaria,2.10216
2020,FM_LBL_BMNY_IR_ZS,Bulgaria,1.74858
2000,FM_LBL_BMNY_IR_ZS,Belarus,6.42029
2001,FM_LBL_BMNY_IR_ZS,Belarus,4.71841
2002,FM_LBL_BMNY_IR_ZS,Belarus,3.10182
2003,FM_LBL_BMNY_IR_ZS,Belarus,4.5144
2004,FM_LBL_BMNY_IR_ZS,Belarus,4.88947
2005,FM_LBL_BMNY_IR_ZS,Belarus,4.34926
2012,FM_LBL_BMNY_IR_ZS,Hungary,1.68875
2013,FM_LBL_BMNY_IR_ZS,Hungary,1.75971
2014,FM_LBL_BMNY_IR_ZS,Hungary,1.91983
2015,FM_LBL_BMNY_IR_ZS,Hungary,2.14319
2016,FM_LBL_BMNY_IR_ZS,Hungary,2.92508
2017,FM_LBL_BMNY_IR_ZS,Hungary,2.98271
2018,FM_LBL_BMNY_IR_ZS,Hungary,3.02398
2019,FM_LBL_BMNY_IR_ZS,Hungary,2.996
2020,FM_LBL_BMNY_IR_ZS,Hungary,2.63555
2000,FM_LBL_BMNY_IR_ZS,Iceland,9.36236
2001,FM_LBL_BMNY_IR_ZS,Iceland,9.91692
2002,FM_LBL_BMNY_IR_ZS,Iceland,9.31248
2006,FM_LBL_BMNY_IR_ZS,Serbia,0.79747
2007,FM_LBL_BMNY_IR_ZS,Serbia,1.08884
2008,FM_LBL_BMNY_IR_ZS,Serbia,1.55122
2009,FM_LBL_BMNY_IR_ZS,Serbia,1.17146
2010,FM_LBL_BMNY_IR_ZS,Serbia,1.31555
2011,FM_LBL_BMNY_IR_ZS,Serbia,1.313
2012,FM_LBL_BMNY_IR_ZS,Serbia,1.29574
2013,FM_LBL_BMNY_IR_ZS,Serbia,1.30646
2014,FM_LBL_BMNY_IR_ZS,Serbia,1.75084
2015,FM_LBL_BMNY_IR_ZS,Serbia,1.61979
2016,FM_LBL_BMNY_IR_ZS,Serbia,1.83682
2017,FM_LBL_BMNY_IR_ZS,Serbia,1.7735
2003,FM_LBL_BMNY_IR_ZS,Iceland,7.67689
2004,FM_LBL_BMNY_IR_ZS,Iceland,7.43938
2005,FM_LBL_BMNY_IR_ZS,Iceland,10.51865
2006,FM_LBL_BMNY_IR_ZS,Iceland,6.89592
2007,FM_LBL_BMNY_IR_ZS,Iceland,7.11735
2008,FM_LBL_BMNY_IR_ZS,Iceland,5.04704
2009,FM_LBL_BMNY_IR_ZS,Iceland,3.38328
2010,FM_LBL_BMNY_IR_ZS,Iceland,2.06522
2011,FM_LBL_BMNY_IR_ZS,Iceland,1.55829
2012,FM_LBL_BMNY_IR_ZS,Iceland,2.81142
2013,FM_LBL_BMNY_IR_ZS,Iceland,2.97939
2014,FM_LBL_BMNY_IR_ZS,Iceland,3.34571
2006,FM_LBL_BMNY_IR_ZS,Belarus,5.8866
2007,FM_LBL_BMNY_IR_ZS,Belarus,2.73284
2008,FM_LBL_BMNY_IR_ZS,Belarus,4.73202
2009,FM_LBL_BMNY_IR_ZS,Belarus,2.41902
2010,FM_LBL_BMNY_IR_ZS,Belarus,3.35722
2011,FM_LBL_BMNY_IR_ZS,Belarus,2.84243
2012,FM_LBL_BMNY_IR_ZS,Belarus,2.38996
2013,FM_LBL_BMNY_IR_ZS,Belarus,3.27143
2014,FM_LBL_BMNY_IR_ZS,Belarus,4.62135
2015,FM_LBL_BMNY_IR_ZS,Belarus,4.91963
2016,FM_LBL_BMNY_IR_ZS,Belarus,3.47546
2017,FM_LBL_BMNY_IR_ZS,Belarus,2.81909
2015,FM_LBL_BMNY_IR_ZS,Iceland,2.59087
2016,FM_LBL_BMNY_IR_ZS,Iceland,1.88208
2017,FM_LBL_BMNY_IR_ZS,Iceland,2.45984
2018,FM_LBL_BMNY_IR_ZS,Iceland,2.69695
2019,FM_LBL_BMNY_IR_ZS,Iceland,2.36667
2020,FM_LBL_BMNY_IR_ZS,Iceland,2.43065
2000,FM_LBL_BMNY_IR_ZS,India,6.23383
2001,FM_LBL_BMNY_IR_ZS,India,5.71426
2002,FM_LBL_BMNY_IR_ZS,India,4.50302
2003,FM_LBL_BMNY_IR_ZS,India,3.70108
2004,FM_LBL_BMNY_IR_ZS,India,3.48218
2005,FM_LBL_BMNY_IR_ZS,India,3.90165
2006,FM_LBL_BMNY_IR_ZS,India,3.59433
2018,FM_LBL_BMNY_IR_ZS,Belarus,2.96436
2019,FM_LBL_BMNY_IR_ZS,Belarus,2.46869
2020,FM_LBL_BMNY_IR_ZS,Belarus,2.78822
2000,FM_LBL_BMNY_IR_ZS,Canada,16.33231
2001,FM_LBL_BMNY_IR_ZS,Canada,33.36306
2002,FM_LBL_BMNY_IR_ZS,Canada,31.13245
2003,FM_LBL_BMNY_IR_ZS,Canada,35.93873
2004,FM_LBL_BMNY_IR_ZS,Canada,42.93901
2005,FM_LBL_BMNY_IR_ZS,Canada,52.77866
2006,FM_LBL_BMNY_IR_ZS,Canada,59.71694
2007,FM_LBL_BMNY_IR_ZS,Canada,40.07534
2008,FM_LBL_BMNY_IR_ZS,Canada,43.41322
2018,FM_LBL_BMNY_IR_ZS,Serbia,2.02052
2019,FM_LBL_BMNY_IR_ZS,Serbia,1.78911
2020,FM_LBL_BMNY_IR_ZS,Serbia,1.94885
2000,FM_LBL_BMNY_IR_ZS,Viet Nam,4.06976
2001,FM_LBL_BMNY_IR_ZS,Viet Nam,4.63597
2002,FM_LBL_BMNY_IR_ZS,Viet Nam,4.51255
2003,FM_LBL_BMNY_IR_ZS,Viet Nam,3.91632
2004,FM_LBL_BMNY_IR_ZS,Viet Nam,4.46853
2005,FM_LBL_BMNY_IR_ZS,Viet Nam,4.51867
2006,FM_LBL_BMNY_IR_ZS,Viet Nam,3.92871
2007,FM_LBL_BMNY_IR_ZS,Viet Nam,3.31624
2008,FM_LBL_BMNY_IR_ZS,Viet Nam,3.88621
2007,FM_LBL_BMNY_IR_ZS,India,3.17979
2008,FM_LBL_BMNY_IR_ZS,India,3.60349
2009,FM_LBL_BMNY_IR_ZS,India,3.7273
2010,FM_LBL_BMNY_IR_ZS,India,4.33179
2011,FM_LBL_BMNY_IR_ZS,India,4.81103
2012,FM_LBL_BMNY_IR_ZS,India,4.67901
2013,FM_LBL_BMNY_IR_ZS,India,4.86972
2014,FM_LBL_BMNY_IR_ZS,India,4.88637
2015,FM_LBL_BMNY_IR_ZS,India,4.64467
2016,FM_LBL_BMNY_IR_ZS,India,4.72984
2017,FM_LBL_BMNY_IR_ZS,India,4.76454
2018,FM_LBL_BMNY_IR_ZS,India,5.01748
2019,FM_LBL_BMNY_IR_ZS,India,4.70991
2009,FM_LBL_BMNY_IR_ZS,Viet Nam,6.80721
2010,FM_LBL_BMNY_IR_ZS,Viet Nam,10.68054
2011,FM_LBL_BMNY_IR_ZS,Viet Nam,9.99079
2012,FM_LBL_BMNY_IR_ZS,Viet Nam,6.48697
2013,FM_LBL_BMNY_IR_ZS,Viet Nam,7.73859
2014,FM_LBL_BMNY_IR_ZS,Viet Nam,6.94659
2015,FM_LBL_BMNY_IR_ZS,Viet Nam,9.41565
2016,FM_LBL_BMNY_IR_ZS,Viet Nam,8.49122
2017,FM_LBL_BMNY_IR_ZS,Viet Nam,7.08064
2018,FM_LBL_BMNY_IR_ZS,Viet Nam,6.98962
2019,FM_LBL_BMNY_IR_ZS,Viet Nam,5.51255
2020,FM_LBL_BMNY_IR_ZS,Viet Nam,5.13905
2020,FM_LBL_BMNY_IR_ZS,India,3.97342
2000,FM_LBL_BMNY_IR_ZS,Israel,4.62327
2001,FM_LBL_BMNY_IR_ZS,Israel,4.84777
2002,FM_LBL_BMNY_IR_ZS,Israel,4.63887
2003,FM_LBL_BMNY_IR_ZS,Israel,4.41367
2004,FM_LBL_BMNY_IR_ZS,Israel,4.67064
2005,FM_LBL_BMNY_IR_ZS,Israel,4.95615
2006,FM_LBL_BMNY_IR_ZS,Israel,5.138
2007,FM_LBL_BMNY_IR_ZS,Israel,4.53305
2008,FM_LBL_BMNY_IR_ZS,Israel,3.91748
2009,FM_LBL_BMNY_IR_ZS,Israel,2.6523
2010,FM_LBL_BMNY_IR_ZS,Israel,2.4591
2011,FM_LBL_BMNY_IR_ZS,Israel,2.71473
2012,FM_LBL_BMNY_IR_ZS,Israel,2.64141
2013,FM_LBL_BMNY_IR_ZS,Israel,2.84127
2014,FM_LBL_BMNY_IR_ZS,Israel,3.0457
2015,FM_LBL_BMNY_IR_ZS,Israel,2.77752
2016,FM_LBL_BMNY_IR_ZS,Israel,2.8211
2017,FM_LBL_BMNY_IR_ZS,Israel,2.67455
2018,FM_LBL_BMNY_IR_ZS,Israel,2.73936
2019,FM_LBL_BMNY_IR_ZS,Israel,2.71385
2020,FM_LBL_BMNY_IR_ZS,Israel,2.49887
2000,FM_LBL_BMNY_IR_ZS,Japan,31.4717
2001,FM_LBL_BMNY_IR_ZS,Japan,20.7797
2000,FM_LBL_BMNY_IR_ZS,Sweden,6.01883
2001,FM_LBL_BMNY_IR_ZS,Sweden,6.90172
2002,FM_LBL_BMNY_IR_ZS,Sweden,6.46005
2003,FM_LBL_BMNY_IR_ZS,Sweden,7.02372
2004,FM_LBL_BMNY_IR_ZS,Sweden,7.15023
2005,FM_LBL_BMNY_IR_ZS,Sweden,8.15778
2006,FM_LBL_BMNY_IR_ZS,Sweden,8.43548
2007,FM_LBL_BMNY_IR_ZS,Sweden,9.85913
2008,FM_LBL_BMNY_IR_ZS,Sweden,10.841
2009,FM_LBL_BMNY_IR_ZS,Sweden,5.90259
2010,FM_LBL_BMNY_IR_ZS,Sweden,6.35442
2011,FM_LBL_BMNY_IR_ZS,Sweden,7.22727
2002,FM_LBL_BMNY_IR_ZS,Japan,17.39764
2003,FM_LBL_BMNY_IR_ZS,Japan,13.19017
2004,FM_LBL_BMNY_IR_ZS,Japan,11.3407
2005,FM_LBL_BMNY_IR_ZS,Japan,11.12738
2006,FM_LBL_BMNY_IR_ZS,Japan,9.90398
2007,FM_LBL_BMNY_IR_ZS,Japan,9.05883
2008,FM_LBL_BMNY_IR_ZS,Japan,9.82863
2009,FM_LBL_BMNY_IR_ZS,Japan,10.86537
2010,FM_LBL_BMNY_IR_ZS,Japan,11.2274
2011,FM_LBL_BMNY_IR_ZS,Japan,10.83339
2012,FM_LBL_BMNY_IR_ZS,Japan,11.31738
2013,FM_LBL_BMNY_IR_ZS,Japan,9.58813
2014,FM_LBL_BMNY_IR_ZS,Japan,9.12923
2012,FM_LBL_BMNY_IR_ZS,Sweden,6.88196
2013,FM_LBL_BMNY_IR_ZS,Sweden,5.93955
2014,FM_LBL_BMNY_IR_ZS,Sweden,6.13626
2015,FM_LBL_BMNY_IR_ZS,Sweden,5.7335
2016,FM_LBL_BMNY_IR_ZS,Sweden,6.01723
2017,FM_LBL_BMNY_IR_ZS,Sweden,6.33116
2018,FM_LBL_BMNY_IR_ZS,Sweden,6.63774
2019,FM_LBL_BMNY_IR_ZS,Sweden,7.12567
2020,FM_LBL_BMNY_IR_ZS,Sweden,8.23637
2000,FM_LBL_BMNY_IR_ZS,Switzerland,5.85205
2001,FM_LBL_BMNY_IR_ZS,Switzerland,6.32983
2002,FM_LBL_BMNY_IR_ZS,Switzerland,6.09631
2000,FM_LBL_BMNY_IR_ZS,Chile,2.681
2001,FM_LBL_BMNY_IR_ZS,Chile,4.34868
2002,FM_LBL_BMNY_IR_ZS,Chile,3.9898
2003,FM_LBL_BMNY_IR_ZS,Chile,3.83064
2004,FM_LBL_BMNY_IR_ZS,Chile,4.71433
2005,FM_LBL_BMNY_IR_ZS,Chile,5.39243
2006,FM_LBL_BMNY_IR_ZS,Chile,5.92277
2007,FM_LBL_BMNY_IR_ZS,Chile,8.221
2008,FM_LBL_BMNY_IR_ZS,Chile,6.01398
2009,FM_LBL_BMNY_IR_ZS,Chile,4.87192
2010,FM_LBL_BMNY_IR_ZS,Chile,5.24273
2011,FM_LBL_BMNY_IR_ZS,Chile,4.50886
2012,FM_LBL_BMNY_IR_ZS,Chile,4.97963
2003,FM_LBL_BMNY_IR_ZS,Switzerland,6.73456
2004,FM_LBL_BMNY_IR_ZS,Switzerland,6.99788
2005,FM_LBL_BMNY_IR_ZS,Switzerland,9.67423
2006,FM_LBL_BMNY_IR_ZS,Switzerland,8.97683
2007,FM_LBL_BMNY_IR_ZS,Switzerland,8.30781
2008,FM_LBL_BMNY_IR_ZS,Switzerland,9.71022
2009,FM_LBL_BMNY_IR_ZS,Switzerland,5.7308
2010,FM_LBL_BMNY_IR_ZS,Switzerland,3.13831
2011,FM_LBL_BMNY_IR_ZS,Switzerland,3.3541
2012,FM_LBL_BMNY_IR_ZS,Switzerland,2.23354
2013,FM_LBL_BMNY_IR_ZS,Switzerland,2.32997
2014,FM_LBL_BMNY_IR_ZS,Switzerland,2.4219
2013,FM_LBL_BMNY_IR_ZS,Chile,5.53944
2014,FM_LBL_BMNY_IR_ZS,Chile,5.31435
2015,FM_LBL_BMNY_IR_ZS,Chile,5.29419
2016,FM_LBL_BMNY_IR_ZS,Chile,5.12093
2017,FM_LBL_BMNY_IR_ZS,Chile,5.58096
2018,FM_LBL_BMNY_IR_ZS,Chile,5.75316
2019,FM_LBL_BMNY_IR_ZS,Chile,5.77174
2020,FM_LBL_BMNY_IR_ZS,Chile,6.05953
2000,FM_LBL_BMNY_IR_ZS,China,9.56171
2001,FM_LBL_BMNY_IR_ZS,China,8.58731
2002,FM_LBL_BMNY_IR_ZS,China,7.18089
2003,FM_LBL_BMNY_IR_ZS,China,6.1254
2004,FM_LBL_BMNY_IR_ZS,China,4.70181
2015,FM_LBL_BMNY_IR_ZS,Switzerland,2.09054
2016,FM_LBL_BMNY_IR_ZS,Switzerland,1.87155
2000,FM_LBL_BMNY_IR_ZS,Tajikistan,0.75421
2001,FM_LBL_BMNY_IR_ZS,Tajikistan,0.90162
2002,FM_LBL_BMNY_IR_ZS,Tajikistan,1.1846
2003,FM_LBL_BMNY_IR_ZS,Tajikistan,1.27838
2004,FM_LBL_BMNY_IR_ZS,Tajikistan,1.27546
2005,FM_LBL_BMNY_IR_ZS,Tajikistan,1.76833
2006,FM_LBL_BMNY_IR_ZS,Tajikistan,2.25103
2007,FM_LBL_BMNY_IR_ZS,Tajikistan,9.29703
2008,FM_LBL_BMNY_IR_ZS,Tajikistan,4.76177
2009,FM_LBL_BMNY_IR_ZS,Tajikistan,3.55958
2005,FM_LBL_BMNY_IR_ZS,China,4.15411
2006,FM_LBL_BMNY_IR_ZS,China,4.01058
2007,FM_LBL_BMNY_IR_ZS,China,3.42947
2008,FM_LBL_BMNY_IR_ZS,China,3.47817
2009,FM_LBL_BMNY_IR_ZS,China,3.64167
2010,FM_LBL_BMNY_IR_ZS,China,3.67954
2011,FM_LBL_BMNY_IR_ZS,China,4.0494
2012,FM_LBL_BMNY_IR_ZS,China,4.55572
2013,FM_LBL_BMNY_IR_ZS,China,4.60247
2014,FM_LBL_BMNY_IR_ZS,China,5.12688
2015,FM_LBL_BMNY_IR_ZS,China,6.56542
2016,FM_LBL_BMNY_IR_ZS,China,7.53103
2017,FM_LBL_BMNY_IR_ZS,China,7.66267
2018,FM_LBL_BMNY_IR_ZS,China,8.55367
2019,FM_LBL_BMNY_IR_ZS,China,8.76792
2020,FM_LBL_BMNY_IR_ZS,China,9.2701
2000,FM_LBL_BMNY_IR_ZS,Colombia,2.86377
2001,FM_LBL_BMNY_IR_ZS,Colombia,2.73322
2002,FM_LBL_BMNY_IR_ZS,Colombia,2.48019
2003,FM_LBL_BMNY_IR_ZS,Colombia,2.36898
2004,FM_LBL_BMNY_IR_ZS,Colombia,2.49565
2005,FM_LBL_BMNY_IR_ZS,Colombia,3.00984
2006,FM_LBL_BMNY_IR_ZS,Colombia,3.38041
2007,FM_LBL_BMNY_IR_ZS,Colombia,3.32183
2008,FM_LBL_BMNY_IR_ZS,Colombia,3.67942
2009,FM_LBL_BMNY_IR_ZS,Colombia,3.43379
2010,FM_LBL_BMNY_IR_ZS,Colombia,3.87208
2011,FM_LBL_BMNY_IR_ZS,Colombia,4.16401
2012,FM_LBL_BMNY_IR_ZS,Colombia,4.28553
2013,FM_LBL_BMNY_IR_ZS,Colombia,4.01761
2014,FM_LBL_BMNY_IR_ZS,Colombia,3.77601
2015,FM_LBL_BMNY_IR_ZS,Colombia,3.1106
2016,FM_LBL_BMNY_IR_ZS,Colombia,2.99646
2017,FM_LBL_BMNY_IR_ZS,Colombia,3.2441
2018,FM_LBL_BMNY_IR_ZS,Colombia,3.35095
2019,FM_LBL_BMNY_IR_ZS,Colombia,2.9887
2020,FM_LBL_BMNY_IR_ZS,Colombia,2.69212
2015,FM_LBL_BMNY_IR_ZS,Japan,8.41362
2016,FM_LBL_BMNY_IR_ZS,Japan,9.85466
2017,FM_LBL_BMNY_IR_ZS,Japan,9.5181
2018,FM_LBL_BMNY_IR_ZS,Japan,9.84498
2019,FM_LBL_BMNY_IR_ZS,Japan,9.78019
2020,FM_LBL_BMNY_IR_ZS,Japan,10.19391
2000,FM_LBL_BMNY_IR_ZS,Kazakhstan,1.33078
2001,FM_LBL_BMNY_IR_ZS,Kazakhstan,1.51379
2002,FM_LBL_BMNY_IR_ZS,Kazakhstan,1.50371
2003,FM_LBL_BMNY_IR_ZS,Kazakhstan,1.30926
2004,FM_LBL_BMNY_IR_ZS,Kazakhstan,1.30759
2005,FM_LBL_BMNY_IR_ZS,Kazakhstan,2.19853
2006,FM_LBL_BMNY_IR_ZS,Kazakhstan,1.52487
2007,FM_LBL_BMNY_IR_ZS,Kazakhstan,2.14148
2008,FM_LBL_BMNY_IR_ZS,Kazakhstan,2.62015
2009,FM_LBL_BMNY_IR_ZS,Kazakhstan,2.18964
2010,FM_LBL_BMNY_IR_ZS,Kazakhstan,2.03672
2011,FM_LBL_BMNY_IR_ZS,Kazakhstan,2.27666
2012,FM_LBL_BMNY_IR_ZS,Kazakhstan,2.49368
2013,FM_LBL_BMNY_IR_ZS,Kazakhstan,3.08763
2014,FM_LBL_BMNY_IR_ZS,Kazakhstan,2.44237
2015,FM_LBL_BMNY_IR_ZS,Kazakhstan,2.77288
2016,FM_LBL_BMNY_IR_ZS,Kazakhstan,1.95465
2017,FM_LBL_BMNY_IR_ZS,Kazakhstan,1.94108
2000,FM_LBL_BMNY_IR_ZS,Costa Rica,2.10175
2001,FM_LBL_BMNY_IR_ZS,Costa Rica,4.965
2002,FM_LBL_BMNY_IR_ZS,Costa Rica,4.79325
2003,FM_LBL_BMNY_IR_ZS,Costa Rica,4.40413
2004,FM_LBL_BMNY_IR_ZS,Costa Rica,4.71152
2005,FM_LBL_BMNY_IR_ZS,Costa Rica,4.58087
2006,FM_LBL_BMNY_IR_ZS,Costa Rica,3.90157
2007,FM_LBL_BMNY_IR_ZS,Costa Rica,3.52278
2008,FM_LBL_BMNY_IR_ZS,Costa Rica,4.58755
2009,FM_LBL_BMNY_IR_ZS,Costa Rica,4.29962
2010,FM_LBL_BMNY_IR_ZS,Costa Rica,4.15808
2011,FM_LBL_BMNY_IR_ZS,Costa Rica,4.43558
2012,FM_LBL_BMNY_IR_ZS,Costa Rica,3.40071
2013,FM_LBL_BMNY_IR_ZS,Costa Rica,3.50857
2014,FM_LBL_BMNY_IR_ZS,Costa Rica,3.78373
2015,FM_LBL_BMNY_IR_ZS,Costa Rica,3.64883
2016,FM_LBL_BMNY_IR_ZS,Costa Rica,3.81796
2017,FM_LBL_BMNY_IR_ZS,Costa Rica,3.94214
2018,FM_LBL_BMNY_IR_ZS,Costa Rica,3.77582
2019,FM_LBL_BMNY_IR_ZS,Costa Rica,3.23912
2020,FM_LBL_BMNY_IR_ZS,Costa Rica,4.73397
2000,FM_LBL_BMNY_IR_ZS,Croatia,2.48798
2001,FM_LBL_BMNY_IR_ZS,Croatia,2.70368
2002,FM_LBL_BMNY_IR_ZS,Croatia,2.50716
2003,FM_LBL_BMNY_IR_ZS,Croatia,2.34704
2004,FM_LBL_BMNY_IR_ZS,Croatia,2.6662
2005,FM_LBL_BMNY_IR_ZS,Croatia,2.97539
2006,FM_LBL_BMNY_IR_ZS,Croatia,2.74218
2007,FM_LBL_BMNY_IR_ZS,Croatia,2.96561
2008,FM_LBL_BMNY_IR_ZS,Croatia,3.55038
2009,FM_LBL_BMNY_IR_ZS,Croatia,2.86781
2010,FM_LBL_BMNY_IR_ZS,Croatia,3.2716
2011,FM_LBL_BMNY_IR_ZS,Croatia,3.33524
2012,FM_LBL_BMNY_IR_ZS,Croatia,2.66598
2013,FM_LBL_BMNY_IR_ZS,Croatia,2.24527
2014,FM_LBL_BMNY_IR_ZS,Croatia,2.58976
2015,FM_LBL_BMNY_IR_ZS,Croatia,2.34179
2016,FM_LBL_BMNY_IR_ZS,Croatia,2.59272
2017,FM_LBL_BMNY_IR_ZS,Croatia,2.0939
2018,FM_LBL_BMNY_IR_ZS,Croatia,2.25201
2019,FM_LBL_BMNY_IR_ZS,Croatia,2.13508
2020,FM_LBL_BMNY_IR_ZS,Croatia,2.1294
2000,FM_LBL_BMNY_IR_ZS,Czechia,2.85012
2001,FM_LBL_BMNY_IR_ZS,Czechia,2.92152
2002,FM_LBL_BMNY_IR_ZS,Czechia,1.84115
2003,FM_LBL_BMNY_IR_ZS,Czechia,2.00269
2004,FM_LBL_BMNY_IR_ZS,Czechia,2.2359
2005,FM_LBL_BMNY_IR_ZS,Czechia,2.56298
2010,FM_LBL_BMNY_IR_ZS,Tajikistan,2.52564
2011,FM_LBL_BMNY_IR_ZS,Tajikistan,2.47983
2012,FM_LBL_BMNY_IR_ZS,Tajikistan,2.37371
2013,FM_LBL_BMNY_IR_ZS,Tajikistan,2.6953
2014,FM_LBL_BMNY_IR_ZS,Tajikistan,3.59191
2015,FM_LBL_BMNY_IR_ZS,Tajikistan,3.54828
2016,FM_LBL_BMNY_IR_ZS,Tajikistan,2.9271
2017,FM_LBL_BMNY_IR_ZS,Tajikistan,1.63117
2018,FM_LBL_BMNY_IR_ZS,Tajikistan,1.6122
2019,FM_LBL_BMNY_IR_ZS,Tajikistan,1.58537
2020,FM_LBL_BMNY_IR_ZS,Tajikistan,1.13631
2000,FM_LBL_BMNY_IR_ZS,United Arab Emirates,2.53623
2006,FM_LBL_BMNY_IR_ZS,Czechia,2.88365
2007,FM_LBL_BMNY_IR_ZS,Czechia,3.35972
2008,FM_LBL_BMNY_IR_ZS,Czechia,4.27733
2009,FM_LBL_BMNY_IR_ZS,Czechia,3.41556
2010,FM_LBL_BMNY_IR_ZS,Czechia,3.40172
2011,FM_LBL_BMNY_IR_ZS,Czechia,3.97841
2012,FM_LBL_BMNY_IR_ZS,Czechia,3.38198
2013,FM_LBL_BMNY_IR_ZS,Czechia,2.8581
2014,FM_LBL_BMNY_IR_ZS,Czechia,2.94442
2015,FM_LBL_BMNY_IR_ZS,Czechia,2.26647
2016,FM_LBL_BMNY_IR_ZS,Czechia,1.82815
2017,FM_LBL_BMNY_IR_ZS,Czechia,1.22195
2001,FM_LBL_BMNY_IR_ZS,United Arab Emirates,2.95737
2002,FM_LBL_BMNY_IR_ZS,United Arab Emirates,3.03457
2003,FM_LBL_BMNY_IR_ZS,United Arab Emirates,3.55705
2004,FM_LBL_BMNY_IR_ZS,United Arab Emirates,3.58386
2005,FM_LBL_BMNY_IR_ZS,United Arab Emirates,4.12942
2006,FM_LBL_BMNY_IR_ZS,United Arab Emirates,3.87351
2007,FM_LBL_BMNY_IR_ZS,United Arab Emirates,1.95851
2008,FM_LBL_BMNY_IR_ZS,United Arab Emirates,5.7881
2009,FM_LBL_BMNY_IR_ZS,United Arab Emirates,7.59543
2010,FM_LBL_BMNY_IR_ZS,United Arab Emirates,6.42722
2011,FM_LBL_BMNY_IR_ZS,United Arab Emirates,5.94111
2012,FM_LBL_BMNY_IR_ZS,United Arab Emirates,4.9188
2018,FM_LBL_BMNY_IR_ZS,Czechia,1.45108
2019,FM_LBL_BMNY_IR_ZS,Czechia,1.39076
2020,FM_LBL_BMNY_IR_ZS,Czechia,1.36294
2000,FM_LBL_BMNY_IR_ZS,Denmark,5.0832
2001,FM_LBL_BMNY_IR_ZS,Denmark,4.53335
2002,FM_LBL_BMNY_IR_ZS,Denmark,3.18157
2003,FM_LBL_BMNY_IR_ZS,Denmark,2.72093
2004,FM_LBL_BMNY_IR_ZS,Denmark,2.91811
2005,FM_LBL_BMNY_IR_ZS,Denmark,3.92303
2006,FM_LBL_BMNY_IR_ZS,Denmark,4.82792
2007,FM_LBL_BMNY_IR_ZS,Denmark,5.59703
2008,FM_LBL_BMNY_IR_ZS,Denmark,5.1849
2009,FM_LBL_BMNY_IR_ZS,Denmark,2.84729
2010,FM_LBL_BMNY_IR_ZS,Denmark,2.932
2011,FM_LBL_BMNY_IR_ZS,Denmark,2.60193
2012,FM_LBL_BMNY_IR_ZS,Denmark,2.33085
2013,FM_LBL_BMNY_IR_ZS,Denmark,2.20372
2014,FM_LBL_BMNY_IR_ZS,Denmark,2.95962
2015,FM_LBL_BMNY_IR_ZS,Denmark,3.13854
2016,FM_LBL_BMNY_IR_ZS,Denmark,2.9547
2017,FM_LBL_BMNY_IR_ZS,Denmark,2.70351
2018,FM_LBL_BMNY_IR_ZS,Denmark,3.04338
2019,FM_LBL_BMNY_IR_ZS,Denmark,3.23614
2020,FM_LBL_BMNY_IR_ZS,Denmark,3.32577
2013,FM_LBL_BMNY_IR_ZS,United Arab Emirates,4.16372
2014,FM_LBL_BMNY_IR_ZS,United Arab Emirates,3.90755
2015,FM_LBL_BMNY_IR_ZS,United Arab Emirates,3.4405
2016,FM_LBL_BMNY_IR_ZS,United Arab Emirates,3.90773
2017,FM_LBL_BMNY_IR_ZS,United Arab Emirates,3.64325
2018,FM_LBL_BMNY_IR_ZS,United Arab Emirates,3.58057
2019,FM_LBL_BMNY_IR_ZS,United Arab Emirates,3.55112
2020,FM_LBL_BMNY_IR_ZS,United Arab Emirates,3.77329
2000,FM_LBL_BMNY_IR_ZS,Türkiye,3.91153
2001,FM_LBL_BMNY_IR_ZS,Türkiye,4.48588
2002,FM_LBL_BMNY_IR_ZS,Türkiye,3.2766
2003,FM_LBL_BMNY_IR_ZS,Türkiye,3.00269
2004,FM_LBL_BMNY_IR_ZS,Türkiye,3.63912
2005,FM_LBL_BMNY_IR_ZS,Türkiye,3.73058
2006,FM_LBL_BMNY_IR_ZS,Türkiye,3.55707
2007,FM_LBL_BMNY_IR_ZS,Türkiye,3.7165
2008,FM_LBL_BMNY_IR_ZS,Türkiye,4.82191
2009,FM_LBL_BMNY_IR_ZS,Türkiye,4.48481
2010,FM_LBL_BMNY_IR_ZS,Türkiye,4.78018
2011,FM_LBL_BMNY_IR_ZS,Türkiye,4.82969
2012,FM_LBL_BMNY_IR_ZS,Türkiye,3.6698
2013,FM_LBL_BMNY_IR_ZS,Türkiye,3.8144
2014,FM_LBL_BMNY_IR_ZS,Türkiye,3.79443
2015,FM_LBL_BMNY_IR_ZS,Türkiye,4.1023
2016,FM_LBL_BMNY_IR_ZS,Türkiye,4.58225
2017,FM_LBL_BMNY_IR_ZS,Türkiye,4.29704
2018,FM_LBL_BMNY_IR_ZS,Türkiye,4.44922
2019,FM_LBL_BMNY_IR_ZS,Türkiye,4.23468
2020,FM_LBL_BMNY_IR_ZS,Türkiye,5.19798
2000,FM_LBL_BMNY_IR_ZS,Ukraine,3.93345
2001,FM_LBL_BMNY_IR_ZS,Ukraine,2.75733
2002,FM_LBL_BMNY_IR_ZS,Ukraine,2.74005
2003,FM_LBL_BMNY_IR_ZS,Ukraine,2.57372
2004,FM_LBL_BMNY_IR_ZS,Ukraine,2.43179
2005,FM_LBL_BMNY_IR_ZS,Ukraine,1.95323
2006,FM_LBL_BMNY_IR_ZS,Ukraine,2.31202
2018,FM_LBL_BMNY_IR_ZS,Kazakhstan,1.94922
2019,FM_LBL_BMNY_IR_ZS,Kazakhstan,1.92378
2020,FM_LBL_BMNY_IR_ZS,Kazakhstan,1.69314
2000,FM_LBL_BMNY_IR_ZS,Republic of Korea,3.79445
2001,FM_LBL_BMNY_IR_ZS,Republic of Korea,5.7599
2002,FM_LBL_BMNY_IR_ZS,Republic of Korea,5.73717
2003,FM_LBL_BMNY_IR_ZS,Republic of Korea,4.84757
2004,FM_LBL_BMNY_IR_ZS,Republic of Korea,4.18476
2005,FM_LBL_BMNY_IR_ZS,Republic of Korea,4.73705
2006,FM_LBL_BMNY_IR_ZS,Republic of Korea,5.0332
2007,FM_LBL_BMNY_IR_ZS,Republic of Korea,5.22057
2008,FM_LBL_BMNY_IR_ZS,Republic of Korea,6.41968
2007,FM_LBL_BMNY_IR_ZS,Ukraine,2.41495
2008,FM_LBL_BMNY_IR_ZS,Ukraine,3.10408
2009,FM_LBL_BMNY_IR_ZS,Ukraine,2.3601
2010,FM_LBL_BMNY_IR_ZS,Ukraine,2.17928
2011,FM_LBL_BMNY_IR_ZS,Ukraine,2.70655
2012,FM_LBL_BMNY_IR_ZS,Ukraine,3.94084
2013,FM_LBL_BMNY_IR_ZS,Ukraine,5.57098
2014,FM_LBL_BMNY_IR_ZS,Ukraine,10.67639
2015,FM_LBL_BMNY_IR_ZS,Ukraine,3.42127
2016,FM_LBL_BMNY_IR_ZS,Ukraine,2.7776
2017,FM_LBL_BMNY_IR_ZS,Ukraine,2.41624
2018,FM_LBL_BMNY_IR_ZS,Ukraine,2.25628
2009,FM_LBL_BMNY_IR_ZS,Republic of Korea,4.53726
2010,FM_LBL_BMNY_IR_ZS,Republic of Korea,4.91666
2011,FM_LBL_BMNY_IR_ZS,Republic of Korea,5.14873
2012,FM_LBL_BMNY_IR_ZS,Republic of Korea,4.97232
2013,FM_LBL_BMNY_IR_ZS,Republic of Korea,5.07497
2014,FM_LBL_BMNY_IR_ZS,Republic of Korea,5.43706
2015,FM_LBL_BMNY_IR_ZS,Republic of Korea,5.41792
2016,FM_LBL_BMNY_IR_ZS,Republic of Korea,5.60475
2017,FM_LBL_BMNY_IR_ZS,Republic of Korea,5.75715
2018,FM_LBL_BMNY_IR_ZS,Republic of Korea,6.08749
2019,FM_LBL_BMNY_IR_ZS,Republic of Korea,6.11563
2020,FM_LBL_BMNY_IR_ZS,Republic of Korea,6.11351
2019,FM_LBL_BMNY_IR_ZS,Ukraine,2.19813
2020,FM_LBL_BMNY_IR_ZS,Ukraine,2.35527
2000,FM_LBL_BMNY_IR_ZS,North Macedonia,1.47421
2001,FM_LBL_BMNY_IR_ZS,North Macedonia,1.37076
2002,FM_LBL_BMNY_IR_ZS,North Macedonia,1.3473
2003,FM_LBL_BMNY_IR_ZS,North Macedonia,1.59823
2004,FM_LBL_BMNY_IR_ZS,North Macedonia,1.93013
2005,FM_LBL_BMNY_IR_ZS,North Macedonia,1.65601
2006,FM_LBL_BMNY_IR_ZS,North Macedonia,1.48087
2007,FM_LBL_BMNY_IR_ZS,North Macedonia,1.75145
2008,FM_LBL_BMNY_IR_ZS,North Macedonia,2.24507
2009,FM_LBL_BMNY_IR_ZS,North Macedonia,1.99833
2000,FM_LBL_BMNY_IR_ZS,Kyrgyzstan,0.59203
2001,FM_LBL_BMNY_IR_ZS,Kyrgyzstan,0.59324
2002,FM_LBL_BMNY_IR_ZS,Kyrgyzstan,0.74008
2003,FM_LBL_BMNY_IR_ZS,Kyrgyzstan,0.84248
2004,FM_LBL_BMNY_IR_ZS,Kyrgyzstan,0.80615
2005,FM_LBL_BMNY_IR_ZS,Kyrgyzstan,0.84967
2006,FM_LBL_BMNY_IR_ZS,Kyrgyzstan,0.97665
2007,FM_LBL_BMNY_IR_ZS,Kyrgyzstan,0.98832
2008,FM_LBL_BMNY_IR_ZS,Kyrgyzstan,1.04337
2009,FM_LBL_BMNY_IR_ZS,Kyrgyzstan,0.84064
2010,FM_LBL_BMNY_IR_ZS,Kyrgyzstan,0.87542
2011,FM_LBL_BMNY_IR_ZS,Kyrgyzstan,0.94126
2000,FM_LBL_BMNY_IR_ZS,Georgia,2.73735
2001,FM_LBL_BMNY_IR_ZS,Georgia,2.23211
2002,FM_LBL_BMNY_IR_ZS,Georgia,2.00557
2003,FM_LBL_BMNY_IR_ZS,Georgia,2.60255
2004,FM_LBL_BMNY_IR_ZS,Georgia,2.06995
2005,FM_LBL_BMNY_IR_ZS,Georgia,2.26077
2006,FM_LBL_BMNY_IR_ZS,Georgia,1.68941
2007,FM_LBL_BMNY_IR_ZS,Georgia,1.80264
2008,FM_LBL_BMNY_IR_ZS,Georgia,2.00383
2009,FM_LBL_BMNY_IR_ZS,Georgia,1.35126
2010,FM_LBL_BMNY_IR_ZS,Georgia,1.5364
2011,FM_LBL_BMNY_IR_ZS,Georgia,1.49336
2012,FM_LBL_BMNY_IR_ZS,Kyrgyzstan,1.01397
2013,FM_LBL_BMNY_IR_ZS,Kyrgyzstan,1.11528
2014,FM_LBL_BMNY_IR_ZS,Kyrgyzstan,1.18614
2015,FM_LBL_BMNY_IR_ZS,Kyrgyzstan,1.24896
2016,FM_LBL_BMNY_IR_ZS,Kyrgyzstan,1.19218
2017,FM_LBL_BMNY_IR_ZS,Kyrgyzstan,1.28993
2018,FM_LBL_BMNY_IR_ZS,Kyrgyzstan,1.37434
2019,FM_LBL_BMNY_IR_ZS,Kyrgyzstan,1.35857
2020,FM_LBL_BMNY_IR_ZS,Kyrgyzstan,1.31168
2000,FM_LBL_BMNY_IR_ZS,Mexico,4.45462
2001,FM_LBL_BMNY_IR_ZS,Mexico,4.25474
2002,FM_LBL_BMNY_IR_ZS,Mexico,3.8245
2003,FM_LBL_BMNY_IR_ZS,Mexico,3.21289
2004,FM_LBL_BMNY_IR_ZS,Mexico,3.19224
2005,FM_LBL_BMNY_IR_ZS,Mexico,3.14943
2006,FM_LBL_BMNY_IR_ZS,Mexico,3.2621
2007,FM_LBL_BMNY_IR_ZS,Mexico,3.13656
2008,FM_LBL_BMNY_IR_ZS,Mexico,3.06908
2009,FM_LBL_BMNY_IR_ZS,Mexico,2.68948
2010,FM_LBL_BMNY_IR_ZS,Mexico,2.68673
2011,FM_LBL_BMNY_IR_ZS,Mexico,2.42886
2012,FM_LBL_BMNY_IR_ZS,Mexico,2.25254
2013,FM_LBL_BMNY_IR_ZS,Mexico,2.33178
2014,FM_LBL_BMNY_IR_ZS,Mexico,2.31478
2015,FM_LBL_BMNY_IR_ZS,Mexico,2.39993
2016,FM_LBL_BMNY_IR_ZS,Mexico,2.28438
2017,FM_LBL_BMNY_IR_ZS,Mexico,2.54132
2018,FM_LBL_BMNY_IR_ZS,Mexico,2.59891
2019,FM_LBL_BMNY_IR_ZS,Mexico,2.61935
2020,FM_LBL_BMNY_IR_ZS,Mexico,2.4498
2000,FM_LBL_BMNY_IR_ZS,Moldova,1.29106
2001,FM_LBL_BMNY_IR_ZS,Moldova,1.62892
2002,FM_LBL_BMNY_IR_ZS,Moldova,1.79171
2003,FM_LBL_BMNY_IR_ZS,Moldova,2.02249
2004,FM_LBL_BMNY_IR_ZS,Moldova,2.0307
2005,FM_LBL_BMNY_IR_ZS,Moldova,2.1025
2006,FM_LBL_BMNY_IR_ZS,Moldova,1.92068
2007,FM_LBL_BMNY_IR_ZS,Moldova,1.68888
2008,FM_LBL_BMNY_IR_ZS,Moldova,1.82287
2009,FM_LBL_BMNY_IR_ZS,Moldova,1.98748
2010,FM_LBL_BMNY_IR_ZS,Moldova,1.7479
2011,FM_LBL_BMNY_IR_ZS,Moldova,1.7804
2012,FM_LBL_BMNY_IR_ZS,Moldova,1.6292
2013,FM_LBL_BMNY_IR_ZS,Moldova,1.76839
2014,FM_LBL_BMNY_IR_ZS,Moldova,2.17946
2015,FM_LBL_BMNY_IR_ZS,Moldova,1.93605
2016,FM_LBL_BMNY_IR_ZS,Moldova,1.60519
2017,FM_LBL_BMNY_IR_ZS,Moldova,1.48591
2018,FM_LBL_BMNY_IR_ZS,Moldova,1.6531
2019,FM_LBL_BMNY_IR_ZS,Moldova,1.67291
2020,FM_LBL_BMNY_IR_ZS,Moldova,1.64225
2007,FM_LBL_BMNY_IR_ZS,Montenegro,3.53854
2008,FM_LBL_BMNY_IR_ZS,Montenegro,5.38191
2009,FM_LBL_BMNY_IR_ZS,Montenegro,3.53476
2010,FM_LBL_BMNY_IR_ZS,Montenegro,3.58518
2011,FM_LBL_BMNY_IR_ZS,Montenegro,5.43039
2012,FM_LBL_BMNY_IR_ZS,Montenegro,4.63101
2013,FM_LBL_BMNY_IR_ZS,Montenegro,3.86664
2014,FM_LBL_BMNY_IR_ZS,Montenegro,3.72434
2015,FM_LBL_BMNY_IR_ZS,Montenegro,3.3583
2010,FM_LBL_BMNY_IR_ZS,North Macedonia,2.12673
2011,FM_LBL_BMNY_IR_ZS,North Macedonia,2.07814
2012,FM_LBL_BMNY_IR_ZS,North Macedonia,1.82485
2013,FM_LBL_BMNY_IR_ZS,North Macedonia,2.03392
2014,FM_LBL_BMNY_IR_ZS,North Macedonia,2.05163
2015,FM_LBL_BMNY_IR_ZS,North Macedonia,2.21603
2016,FM_LBL_BMNY_IR_ZS,North Macedonia,2.1008
2017,FM_LBL_BMNY_IR_ZS,North Macedonia,2.20017
2018,FM_LBL_BMNY_IR_ZS,North Macedonia,2.1823
2019,FM_LBL_BMNY_IR_ZS,North Macedonia,2.01424
2020,FM_LBL_BMNY_IR_ZS,North Macedonia,1.95298
2000,FM_LBL_BMNY_IR_ZS,United Kingdom of Great Britain and Northern Ireland,30.77683
2016,FM_LBL_BMNY_IR_ZS,Montenegro,3.14224
2017,FM_LBL_BMNY_IR_ZS,Montenegro,2.82979
2018,FM_LBL_BMNY_IR_ZS,Montenegro,2.57788
2019,FM_LBL_BMNY_IR_ZS,Montenegro,1.88956
2020,FM_LBL_BMNY_IR_ZS,Montenegro,1.32622
2000,FM_LBL_BMNY_IR_ZS,New Zealand,10.50331
2001,FM_LBL_BMNY_IR_ZS,New Zealand,12.10714
2002,FM_LBL_BMNY_IR_ZS,New Zealand,10.26466
2003,FM_LBL_BMNY_IR_ZS,New Zealand,11.35798
2004,FM_LBL_BMNY_IR_ZS,New Zealand,11.33774
2005,FM_LBL_BMNY_IR_ZS,New Zealand,10.15673
2006,FM_LBL_BMNY_IR_ZS,New Zealand,6.57926
2001,FM_LBL_BMNY_IR_ZS,United Kingdom of Great Britain and Northern Ireland,34.22986
2002,FM_LBL_BMNY_IR_ZS,United Kingdom of Great Britain and Northern Ireland,32.28557
2003,FM_LBL_BMNY_IR_ZS,United Kingdom of Great Britain and Northern Ireland,37.66183
2004,FM_LBL_BMNY_IR_ZS,United Kingdom of Great Britain and Northern Ireland,42.06069
2005,FM_LBL_BMNY_IR_ZS,United Kingdom of Great Britain and Northern Ireland,49.97007
2006,FM_LBL_BMNY_IR_ZS,United Kingdom of Great Britain and Northern Ireland,53.45808
2007,FM_LBL_BMNY_IR_ZS,United Kingdom of Great Britain and Northern Ireland,55.28944
2008,FM_LBL_BMNY_IR_ZS,United Kingdom of Great Britain and Northern Ireland,71.78368
2009,FM_LBL_BMNY_IR_ZS,United Kingdom of Great Britain and Northern Ireland,49.57247
2010,FM_LBL_BMNY_IR_ZS,United Kingdom of Great Britain and Northern Ireland,41.4428
2011,FM_LBL_BMNY_IR_ZS,United Kingdom of Great Britain and Northern Ireland,36.69147
2007,FM_LBL_BMNY_IR_ZS,New Zealand,6.7598
2008,FM_LBL_BMNY_IR_ZS,New Zealand,11.13345
2009,FM_LBL_BMNY_IR_ZS,New Zealand,6.96804
2010,FM_LBL_BMNY_IR_ZS,New Zealand,8.12186
2013,FM_LBL_BMNY_IR_ZS,New Zealand,10.85907
2014,FM_LBL_BMNY_IR_ZS,New Zealand,12.05949
2015,FM_LBL_BMNY_IR_ZS,New Zealand,12.01581
2016,FM_LBL_BMNY_IR_ZS,New Zealand,10.65931
2017,FM_LBL_BMNY_IR_ZS,New Zealand,10.05136
2018,FM_LBL_BMNY_IR_ZS,New Zealand,12.20294
2019,FM_LBL_BMNY_IR_ZS,New Zealand,12.05944
2020,FM_LBL_BMNY_IR_ZS,New Zealand,17.27208
2012,FM_LBL_BMNY_IR_ZS,United Kingdom of Great Britain and Northern Ireland,34.14408
2013,FM_LBL_BMNY_IR_ZS,United Kingdom of Great Britain and Northern Ireland,34.03856
2014,FM_LBL_BMNY_IR_ZS,United Kingdom of Great Britain and Northern Ireland,33.30969
2015,FM_LBL_BMNY_IR_ZS,United Kingdom of Great Britain and Northern Ireland,26.50786
2016,FM_LBL_BMNY_IR_ZS,United Kingdom of Great Britain and Northern Ireland,27.95601
2017,FM_LBL_BMNY_IR_ZS,United Kingdom of Great Britain and Northern Ireland,25.81175
2018,FM_LBL_BMNY_IR_ZS,United Kingdom of Great Britain and Northern Ireland,24.61671
2019,FM_LBL_BMNY_IR_ZS,United Kingdom of Great Britain and Northern Ireland,23.10939
2020,FM_LBL_BMNY_IR_ZS,United Kingdom of Great Britain and Northern Ireland,24.54734
2013,FM_LBL_BMNY_IR_ZS,Uzbekistan,0.60193
2014,FM_LBL_BMNY_IR_ZS,Uzbekistan,0.58478
2000,FM_LBL_BMNY_IR_ZS,Norway,2.94673
2001,FM_LBL_BMNY_IR_ZS,Norway,3.97395
2002,FM_LBL_BMNY_IR_ZS,Norway,3.50226
2003,FM_LBL_BMNY_IR_ZS,Norway,3.46631
2004,FM_LBL_BMNY_IR_ZS,Norway,3.31116
2005,FM_LBL_BMNY_IR_ZS,Norway,3.61082
2006,FM_LBL_BMNY_IR_ZS,Norway,3.20152
2007,FM_LBL_BMNY_IR_ZS,Norway,3.86505
2008,FM_LBL_BMNY_IR_ZS,Norway,4.94478
2009,FM_LBL_BMNY_IR_ZS,Norway,4.66631
2010,FM_LBL_BMNY_IR_ZS,Norway,4.74576
2011,FM_LBL_BMNY_IR_ZS,Norway,5.86758
2012,FM_LBL_BMNY_IR_ZS,Norway,5.62684
2013,FM_LBL_BMNY_IR_ZS,Norway,5.29196
2014,FM_LBL_BMNY_IR_ZS,Norway,4.7087
2015,FM_LBL_BMNY_IR_ZS,Norway,3.92889
2016,FM_LBL_BMNY_IR_ZS,Norway,3.98822
2017,FM_LBL_BMNY_IR_ZS,Norway,3.93936
2018,FM_LBL_BMNY_IR_ZS,Norway,4.39987
2019,FM_LBL_BMNY_IR_ZS,Norway,3.98769
2020,FM_LBL_BMNY_IR_ZS,Norway,3.71832
2000,FM_LBL_BMNY_IR_ZS,Poland,2.53167
2001,FM_LBL_BMNY_IR_ZS,Poland,3.18547
2002,FM_LBL_BMNY_IR_ZS,Poland,2.79375
2003,FM_LBL_BMNY_IR_ZS,Poland,2.70857
2004,FM_LBL_BMNY_IR_ZS,Poland,2.76037
2005,FM_LBL_BMNY_IR_ZS,Poland,3.10171
2006,FM_LBL_BMNY_IR_ZS,Poland,3.29274
2007,FM_LBL_BMNY_IR_ZS,Poland,3.08721
2008,FM_LBL_BMNY_IR_ZS,Poland,4.44708
2009,FM_LBL_BMNY_IR_ZS,Poland,2.9028
2010,FM_LBL_BMNY_IR_ZS,Poland,2.7804
2011,FM_LBL_BMNY_IR_ZS,Poland,3.04487
2012,FM_LBL_BMNY_IR_ZS,Poland,2.59816
2013,FM_LBL_BMNY_IR_ZS,Poland,2.9158
2014,FM_LBL_BMNY_IR_ZS,Poland,3.34205
2015,FM_LBL_BMNY_IR_ZS,Poland,3.22861
2016,FM_LBL_BMNY_IR_ZS,Poland,2.80733
2017,FM_LBL_BMNY_IR_ZS,Poland,3.0938
2018,FM_LBL_BMNY_IR_ZS,Poland,3.42259
2019,FM_LBL_BMNY_IR_ZS,Poland,3.17522
2020,FM_LBL_BMNY_IR_ZS,Poland,3.03018
2000,FM_LBL_BMNY_IR_ZS,Romania,3.52588
2001,FM_LBL_BMNY_IR_ZS,Romania,2.17301
2002,FM_LBL_BMNY_IR_ZS,Romania,1.86726
2003,FM_LBL_BMNY_IR_ZS,Romania,1.7355
2004,FM_LBL_BMNY_IR_ZS,Romania,1.53833
2005,FM_LBL_BMNY_IR_ZS,Romania,1.54127
2006,FM_LBL_BMNY_IR_ZS,Romania,1.3048
2007,FM_LBL_BMNY_IR_ZS,Romania,1.52015
2008,FM_LBL_BMNY_IR_ZS,Romania,1.73788
2009,FM_LBL_BMNY_IR_ZS,Romania,1.40252
2010,FM_LBL_BMNY_IR_ZS,Romania,1.32787
2011,FM_LBL_BMNY_IR_ZS,Romania,1.47381
2012,FM_LBL_BMNY_IR_ZS,Romania,1.37035
2013,FM_LBL_BMNY_IR_ZS,Romania,1.48652
2014,FM_LBL_BMNY_IR_ZS,Romania,1.80913
2015,FM_LBL_BMNY_IR_ZS,Romania,1.84649
2016,FM_LBL_BMNY_IR_ZS,Romania,1.93696
2017,FM_LBL_BMNY_IR_ZS,Romania,1.94374
2018,FM_LBL_BMNY_IR_ZS,Romania,2.29486
2019,FM_LBL_BMNY_IR_ZS,Romania,2.37408
2020,FM_LBL_BMNY_IR_ZS,Romania,2.20026
2015,FM_LBL_BMNY_IR_ZS,Uzbekistan,0.65164
2016,FM_LBL_BMNY_IR_ZS,Uzbekistan,0.64444
2017,FM_LBL_BMNY_IR_ZS,Uzbekistan,0.49331
2018,FM_LBL_BMNY_IR_ZS,Uzbekistan,0.36688
2019,FM_LBL_BMNY_IR_ZS,Uzbekistan,0.3526
2020,FM_LBL_BMNY_IR_ZS,Uzbekistan,0.30663
2012,FM_LBL_BMNY_IR_ZS,Georgia,1.66601
2013,FM_LBL_BMNY_IR_ZS,Georgia,2.09449
2014,FM_LBL_BMNY_IR_ZS,Georgia,2.34788
2015,FM_LBL_BMNY_IR_ZS,Georgia,2.29366
2016,FM_LBL_BMNY_IR_ZS,Georgia,2.43528
2017,FM_LBL_BMNY_IR_ZS,Georgia,2.38722
2018,FM_LBL_BMNY_IR_ZS,Georgia,2.4875
2019,FM_LBL_BMNY_IR_ZS,Georgia,2.46672
2020,FM_LBL_BMNY_IR_ZS,Georgia,2.49645
2020,FM_LBL_BMNY_IR_ZS,Georgia,2.49645
