Year,SeriesCode,Country,Value
2000,GF_COM_PPPI_KD,India,2974.0294
2001,GF_COM_PPPI_KD,India,2820.1531
2002,GF_COM_PPPI_KD,India,3109.2801
2003,GF_COM_PPPI_KD,India,1941.6756
2004,GF_COM_PPPI_KD,India,8675.457
2005,GF_COM_PPPI_KD,India,3218.8441
2006,GF_COM_PPPI_KD,India,24887.2789
2007,GF_COM_PPPI_KD,India,23696.569
2008,GF_COM_PPPI_KD,India,21134.8528
2009,GF_COM_PPPI_KD,India,34401.2854
2010,GF_COM_PPPI_KD,India,53423.3015
2011,GF_COM_PPPI_KD,India,41028.5346
2012,GF_COM_PPPI_KD,India,34941.7651
2013,GF_COM_PPPI_KD,India,6736.0057
2014,GF_COM_PPPI_KD,India,5134.3626
2015,GF_COM_PPPI_KD,India,4504.1763
2016,GF_COM_PPPI_KD,India,4664.788
2017,GF_COM_PPPI_KD,India,5110.8728
2018,GF_COM_PPPI_KD,India,11040.0679
2019,GF_COM_PPPI_KD,India,7368.28
2020,GF_COM_PPPI_KD,India,5182.86
2000,GF_COM_PPPI_KD,Kazakhstan,445.3962
2001,GF_COM_PPPI_KD,Kazakhstan,0.0
2002,GF_COM_PPPI_KD,Kazakhstan,0.0
2003,GF_COM_PPPI_KD,Kazakhstan,0.0
2004,GF_COM_PPPI_KD,Kazakhstan,0.0
2005,GF_COM_PPPI_KD,Kazakhstan,302.4034
2006,GF_COM_PPPI_KD,Kazakhstan,0.0
2007,GF_COM_PPPI_KD,Kazakhstan,38.2236
2008,GF_COM_PPPI_KD,Kazakhstan,0.0
2009,GF_COM_PPPI_KD,Kazakhstan,0.0
2010,GF_COM_PPPI_KD,Kazakhstan,0.0
2011,GF_COM_PPPI_KD,Kazakhstan,0.0
2012,GF_COM_PPPI_KD,Kazakhstan,0.0
2013,GF_COM_PPPI_KD,Kazakhstan,0.0
2014,GF_COM_PPPI_KD,Kazakhstan,0.0
2015,GF_COM_PPPI_KD,Kazakhstan,0.0
2016,GF_COM_PPPI_KD,Kazakhstan,0.0
2017,GF_COM_PPPI_KD,Kazakhstan,93.0139
2018,GF_COM_PPPI_KD,Kazakhstan,806.7599
2019,GF_COM_PPPI_KD,Kazakhstan,553.6
2020,GF_COM_PPPI_KD,Kazakhstan,850.48
2000,GF_COM_PPPI_KD,Kyrgyzstan,0.0
2001,GF_COM_PPPI_KD,Kyrgyzstan,0.0
2002,GF_COM_PPPI_KD,Kyrgyzstan,0.0
2003,GF_COM_PPPI_KD,Kyrgyzstan,0.0
2004,GF_COM_PPPI_KD,Kyrgyzstan,0.0
2005,GF_COM_PPPI_KD,Kyrgyzstan,0.0
2006,GF_COM_PPPI_KD,Kyrgyzstan,0.0
2007,GF_COM_PPPI_KD,Kyrgyzstan,0.0
2008,GF_COM_PPPI_KD,Kyrgyzstan,0.0
2009,GF_COM_PPPI_KD,Kyrgyzstan,0.0
2010,GF_COM_PPPI_KD,Kyrgyzstan,0.0
2011,GF_COM_PPPI_KD,Kyrgyzstan,0.0
2012,GF_COM_PPPI_KD,Kyrgyzstan,0.0
2013,GF_COM_PPPI_KD,Kyrgyzstan,0.0
2014,GF_COM_PPPI_KD,Kyrgyzstan,43.197
2000,GF_COM_PPPI_KD,Albania,151.7316
2001,GF_COM_PPPI_KD,Albania,0.0
2002,GF_COM_PPPI_KD,Albania,22.7409
2003,GF_COM_PPPI_KD,Albania,0.0
2004,GF_COM_PPPI_KD,Albania,0.0
2005,GF_COM_PPPI_KD,Albania,403.2045
2006,GF_COM_PPPI_KD,Albania,0.0
2007,GF_COM_PPPI_KD,Albania,198.5163
2008,GF_COM_PPPI_KD,Albania,0.0
2009,GF_COM_PPPI_KD,Albania,841.6007
2010,GF_COM_PPPI_KD,Albania,0.0
2011,GF_COM_PPPI_KD,Albania,4.7281
2012,GF_COM_PPPI_KD,Albania,1675.1796
2013,GF_COM_PPPI_KD,Albania,77.5893
2014,GF_COM_PPPI_KD,Albania,191.4708
2015,GF_COM_PPPI_KD,Albania,0.0
2016,GF_COM_PPPI_KD,Albania,0.0
2017,GF_COM_PPPI_KD,Albania,296.8351
2018,GF_COM_PPPI_KD,Albania,186.591
2019,GF_COM_PPPI_KD,Albania,0.0
2000,GF_COM_PPPI_KD,Azerbaijan,0.0
2001,GF_COM_PPPI_KD,Azerbaijan,332.0851
2002,GF_COM_PPPI_KD,Azerbaijan,206.3736
2003,GF_COM_PPPI_KD,Azerbaijan,0.0
2004,GF_COM_PPPI_KD,Azerbaijan,0.0
2005,GF_COM_PPPI_KD,Azerbaijan,0.0
2006,GF_COM_PPPI_KD,Azerbaijan,0.0
2007,GF_COM_PPPI_KD,Azerbaijan,0.0
2008,GF_COM_PPPI_KD,Azerbaijan,0.0
2009,GF_COM_PPPI_KD,Azerbaijan,0.0
2010,GF_COM_PPPI_KD,Azerbaijan,0.0
2011,GF_COM_PPPI_KD,Azerbaijan,0.0
2012,GF_COM_PPPI_KD,Azerbaijan,0.0
2013,GF_COM_PPPI_KD,Azerbaijan,0.0
2014,GF_COM_PPPI_KD,Azerbaijan,0.0
2015,GF_COM_PPPI_KD,Azerbaijan,0.0
2016,GF_COM_PPPI_KD,Azerbaijan,0.0
2017,GF_COM_PPPI_KD,Azerbaijan,0.0
2018,GF_COM_PPPI_KD,Azerbaijan,0.0
2019,GF_COM_PPPI_KD,Azerbaijan,0.0
2000,GF_COM_PPPI_KD,Armenia,0.0
2001,GF_COM_PPPI_KD,Armenia,356.1707
2002,GF_COM_PPPI_KD,Armenia,442.2707
2003,GF_COM_PPPI_KD,Armenia,34.7439
2004,GF_COM_PPPI_KD,Armenia,0.0
2005,GF_COM_PPPI_KD,Armenia,0.0
2006,GF_COM_PPPI_KD,Armenia,253.6389
2007,GF_COM_PPPI_KD,Armenia,12.3302
2015,GF_COM_PPPI_KD,Kyrgyzstan,0.0
2016,GF_COM_PPPI_KD,Kyrgyzstan,0.0
2017,GF_COM_PPPI_KD,Kyrgyzstan,0.0
2018,GF_COM_PPPI_KD,Kyrgyzstan,0.0
2019,GF_COM_PPPI_KD,Kyrgyzstan,0.0
2000,GF_COM_PPPI_KD,Mexico,4473.9179
2001,GF_COM_PPPI_KD,Mexico,529.8924
2002,GF_COM_PPPI_KD,Mexico,3018.8539
2003,GF_COM_PPPI_KD,Mexico,1982.2903
2004,GF_COM_PPPI_KD,Mexico,2384.3231
2008,GF_COM_PPPI_KD,Armenia,1078.1896
2009,GF_COM_PPPI_KD,Armenia,0.0
2010,GF_COM_PPPI_KD,Armenia,0.0
2011,GF_COM_PPPI_KD,Armenia,0.0
2012,GF_COM_PPPI_KD,Armenia,0.0
2013,GF_COM_PPPI_KD,Armenia,0.0
2014,GF_COM_PPPI_KD,Armenia,0.0
2015,GF_COM_PPPI_KD,Armenia,269.6615
2016,GF_COM_PPPI_KD,Armenia,213.0415
2017,GF_COM_PPPI_KD,Armenia,0.0
2018,GF_COM_PPPI_KD,Armenia,0.0
2019,GF_COM_PPPI_KD,Armenia,321.4
2020,GF_COM_PPPI_KD,Armenia,50.2
2000,GF_COM_PPPI_KD,Bosnia and Herzegovina,0.0
2001,GF_COM_PPPI_KD,Bosnia and Herzegovina,0.0
2002,GF_COM_PPPI_KD,Bosnia and Herzegovina,0.0
2003,GF_COM_PPPI_KD,Bosnia and Herzegovina,0.0
2004,GF_COM_PPPI_KD,Bosnia and Herzegovina,0.0
2005,GF_COM_PPPI_KD,Bosnia and Herzegovina,0.0
2006,GF_COM_PPPI_KD,Bosnia and Herzegovina,1143.2772
2007,GF_COM_PPPI_KD,Bosnia and Herzegovina,0.0
2008,GF_COM_PPPI_KD,Bosnia and Herzegovina,0.0
2009,GF_COM_PPPI_KD,Bosnia and Herzegovina,0.0
2010,GF_COM_PPPI_KD,Bosnia and Herzegovina,0.0
2011,GF_COM_PPPI_KD,Bosnia and Herzegovina,0.0
2012,GF_COM_PPPI_KD,Bosnia and Herzegovina,737.0389
2013,GF_COM_PPPI_KD,Bosnia and Herzegovina,0.0
2014,GF_COM_PPPI_KD,Bosnia and Herzegovina,0.0
2015,GF_COM_PPPI_KD,Bosnia and Herzegovina,0.0
2016,GF_COM_PPPI_KD,Bosnia and Herzegovina,0.0
2017,GF_COM_PPPI_KD,Bosnia and Herzegovina,0.0
2018,GF_COM_PPPI_KD,Bosnia and Herzegovina,0.0
2019,GF_COM_PPPI_KD,Bosnia and Herzegovina,59.95
2020,GF_COM_PPPI_KD,Bosnia and Herzegovina,78.78
2000,GF_COM_PPPI_KD,Bulgaria,225.6674
2001,GF_COM_PPPI_KD,Bulgaria,0.0
2002,GF_COM_PPPI_KD,Bulgaria,0.0
2003,GF_COM_PPPI_KD,Bulgaria,1120.9132
2004,GF_COM_PPPI_KD,Bulgaria,768.1227
2005,GF_COM_PPPI_KD,Bulgaria,4197.9003
2006,GF_COM_PPPI_KD,Bulgaria,1564.0842
2007,GF_COM_PPPI_KD,Bulgaria,282.5731
2008,GF_COM_PPPI_KD,Bulgaria,446.3088
2009,GF_COM_PPPI_KD,Bulgaria,377.0207
2010,GF_COM_PPPI_KD,Bulgaria,195.6102
2011,GF_COM_PPPI_KD,Bulgaria,647.4883
2012,GF_COM_PPPI_KD,Bulgaria,613.1932
2013,GF_COM_PPPI_KD,Bulgaria,206.7585
2014,GF_COM_PPPI_KD,Bulgaria,7.7215
2015,GF_COM_PPPI_KD,Bulgaria,0.0
2016,GF_COM_PPPI_KD,Bulgaria,2.7163
2017,GF_COM_PPPI_KD,Bulgaria,0.0
2018,GF_COM_PPPI_KD,Bulgaria,5.0702
2019,GF_COM_PPPI_KD,Bulgaria,66.58
2020,GF_COM_PPPI_KD,Bulgaria,221.96
2000,GF_COM_PPPI_KD,Belarus,0.0
2001,GF_COM_PPPI_KD,Belarus,55.5882
2002,GF_COM_PPPI_KD,Belarus,0.0
2003,GF_COM_PPPI_KD,Belarus,0.0
2004,GF_COM_PPPI_KD,Belarus,0.0
2005,GF_COM_PPPI_KD,Belarus,0.0
2006,GF_COM_PPPI_KD,Belarus,0.0
2007,GF_COM_PPPI_KD,Belarus,5831.7602
2008,GF_COM_PPPI_KD,Belarus,954.649
2009,GF_COM_PPPI_KD,Belarus,0.0
2010,GF_COM_PPPI_KD,Belarus,0.0
2011,GF_COM_PPPI_KD,Belarus,0.0
2012,GF_COM_PPPI_KD,Belarus,0.0
2013,GF_COM_PPPI_KD,Belarus,0.0
2014,GF_COM_PPPI_KD,Belarus,0.0
2015,GF_COM_PPPI_KD,Belarus,0.0
2016,GF_COM_PPPI_KD,Belarus,0.0
2017,GF_COM_PPPI_KD,Belarus,0.0
2018,GF_COM_PPPI_KD,Belarus,0.0
2019,GF_COM_PPPI_KD,Belarus,11.3
2000,GF_COM_PPPI_KD,China,13278.4469
2001,GF_COM_PPPI_KD,China,5492.7452
2002,GF_COM_PPPI_KD,China,7938.6176
2003,GF_COM_PPPI_KD,China,11833.5328
2004,GF_COM_PPPI_KD,China,3430.925
2005,GF_COM_PPPI_KD,China,11583.7375
2006,GF_COM_PPPI_KD,China,10647.7876
2007,GF_COM_PPPI_KD,China,10606.9405
2008,GF_COM_PPPI_KD,China,3111.7276
2009,GF_COM_PPPI_KD,China,7354.4781
2010,GF_COM_PPPI_KD,China,699.5609
2011,GF_COM_PPPI_KD,China,5118.259
2012,GF_COM_PPPI_KD,China,6717.063
2013,GF_COM_PPPI_KD,China,10622.2347
2014,GF_COM_PPPI_KD,China,8782.7492
2015,GF_COM_PPPI_KD,China,8013.0764
2016,GF_COM_PPPI_KD,China,11443.2769
2017,GF_COM_PPPI_KD,China,20450.2937
2018,GF_COM_PPPI_KD,China,31216.763
2019,GF_COM_PPPI_KD,China,26434.0799
2020,GF_COM_PPPI_KD,China,6285.35
2000,GF_COM_PPPI_KD,Colombia,1721.1872
2001,GF_COM_PPPI_KD,Colombia,187.7859
2002,GF_COM_PPPI_KD,Colombia,229.5409
2003,GF_COM_PPPI_KD,Colombia,230.2828
2004,GF_COM_PPPI_KD,Colombia,104.2211
2005,GF_COM_PPPI_KD,Colombia,336.8067
2006,GF_COM_PPPI_KD,Colombia,2241.4827
2007,GF_COM_PPPI_KD,Colombia,4363.4573
2008,GF_COM_PPPI_KD,Colombia,360.6235
2009,GF_COM_PPPI_KD,Colombia,0.0
2010,GF_COM_PPPI_KD,Colombia,3054.8158
2011,GF_COM_PPPI_KD,Colombia,777.4088
2012,GF_COM_PPPI_KD,Colombia,930.2346
2013,GF_COM_PPPI_KD,Colombia,1075.1662
2014,GF_COM_PPPI_KD,Colombia,6232.8328
2015,GF_COM_PPPI_KD,Colombia,5433.3547
2016,GF_COM_PPPI_KD,Colombia,6296.9733
2017,GF_COM_PPPI_KD,Colombia,384.342
2018,GF_COM_PPPI_KD,Colombia,2179.5346
2019,GF_COM_PPPI_KD,Colombia,2810.2
2020,GF_COM_PPPI_KD,Colombia,1205.23
2000,GF_COM_PPPI_KD,Costa Rica,239.0293
2001,GF_COM_PPPI_KD,Costa Rica,0.0
2002,GF_COM_PPPI_KD,Costa Rica,0.0
2003,GF_COM_PPPI_KD,Costa Rica,111.1806
2004,GF_COM_PPPI_KD,Costa Rica,108.2816
2005,GF_COM_PPPI_KD,Costa Rica,398.2299
2006,GF_COM_PPPI_KD,Costa Rica,54.5324
2007,GF_COM_PPPI_KD,Costa Rica,406.8967
2008,GF_COM_PPPI_KD,Costa Rica,0.0
2009,GF_COM_PPPI_KD,Costa Rica,171.6006
2010,GF_COM_PPPI_KD,Costa Rica,0.0
2011,GF_COM_PPPI_KD,Costa Rica,0.0
2012,GF_COM_PPPI_KD,Costa Rica,303.991
2013,GF_COM_PPPI_KD,Costa Rica,456.0978
2014,GF_COM_PPPI_KD,Costa Rica,178.1877
2015,GF_COM_PPPI_KD,Costa Rica,918.3881
2016,GF_COM_PPPI_KD,Costa Rica,0.0
2017,GF_COM_PPPI_KD,Costa Rica,0.0
2018,GF_COM_PPPI_KD,Costa Rica,0.0
2019,GF_COM_PPPI_KD,Costa Rica,0.0
2000,GF_COM_PPPI_KD,Georgia,17.0261
2001,GF_COM_PPPI_KD,Georgia,0.0
2002,GF_COM_PPPI_KD,Georgia,0.0
2003,GF_COM_PPPI_KD,Georgia,0.0
2004,GF_COM_PPPI_KD,Georgia,36.545
2005,GF_COM_PPPI_KD,Georgia,0.0
2006,GF_COM_PPPI_KD,Georgia,452.7454
2007,GF_COM_PPPI_KD,Georgia,1174.0819
2008,GF_COM_PPPI_KD,Georgia,469.0362
2009,GF_COM_PPPI_KD,Georgia,38.1335
2010,GF_COM_PPPI_KD,Georgia,0.0
2011,GF_COM_PPPI_KD,Georgia,385.0105
2012,GF_COM_PPPI_KD,Georgia,0.0
2013,GF_COM_PPPI_KD,Georgia,0.0
2014,GF_COM_PPPI_KD,Georgia,0.0
2015,GF_COM_PPPI_KD,Georgia,449.7953
2016,GF_COM_PPPI_KD,Georgia,0.0
2017,GF_COM_PPPI_KD,Georgia,93.8692
2005,GF_COM_PPPI_KD,Mexico,1295.0982
2006,GF_COM_PPPI_KD,Mexico,2356.9772
2007,GF_COM_PPPI_KD,Mexico,8010.8965
2008,GF_COM_PPPI_KD,Mexico,1595.8869
2009,GF_COM_PPPI_KD,Mexico,1938.8957
2010,GF_COM_PPPI_KD,Mexico,3156.331
2011,GF_COM_PPPI_KD,Mexico,4778.1087
2012,GF_COM_PPPI_KD,Mexico,4820.1935
2013,GF_COM_PPPI_KD,Mexico,6332.8676
2014,GF_COM_PPPI_KD,Mexico,6048.151
2015,GF_COM_PPPI_KD,Mexico,5523.3016
2016,GF_COM_PPPI_KD,Mexico,4270.7359
2017,GF_COM_PPPI_KD,Mexico,8935.613
2018,GF_COM_PPPI_KD,Mexico,4825.9152
2019,GF_COM_PPPI_KD,Mexico,2977.21
2020,GF_COM_PPPI_KD,Mexico,4363.9
2000,GF_COM_PPPI_KD,Moldova,268.708
2001,GF_COM_PPPI_KD,Moldova,0.0
2002,GF_COM_PPPI_KD,Moldova,0.0
2003,GF_COM_PPPI_KD,Moldova,0.0
2004,GF_COM_PPPI_KD,Moldova,0.0
2005,GF_COM_PPPI_KD,Moldova,0.0
2006,GF_COM_PPPI_KD,Moldova,0.0
2007,GF_COM_PPPI_KD,Moldova,0.0
2008,GF_COM_PPPI_KD,Moldova,0.0
2009,GF_COM_PPPI_KD,Moldova,0.0
2010,GF_COM_PPPI_KD,Moldova,0.0
2011,GF_COM_PPPI_KD,Moldova,0.0
2012,GF_COM_PPPI_KD,Moldova,0.0
2018,GF_COM_PPPI_KD,Georgia,0.0
2019,GF_COM_PPPI_KD,Georgia,107.4
2013,GF_COM_PPPI_KD,Moldova,0.0
2014,GF_COM_PPPI_KD,Moldova,0.0
2015,GF_COM_PPPI_KD,Moldova,0.0
2016,GF_COM_PPPI_KD,Moldova,0.0
2017,GF_COM_PPPI_KD,Moldova,0.0
2018,GF_COM_PPPI_KD,Moldova,0.0
2019,GF_COM_PPPI_KD,Moldova,0.0
2000,GF_COM_PPPI_KD,Montenegro,0.0
2001,GF_COM_PPPI_KD,Montenegro,0.0
2002,GF_COM_PPPI_KD,Montenegro,319.3677
2003,GF_COM_PPPI_KD,Montenegro,0.0
2004,GF_COM_PPPI_KD,Montenegro,0.0
2005,GF_COM_PPPI_KD,Montenegro,192.4385
2006,GF_COM_PPPI_KD,Montenegro,0.0
2007,GF_COM_PPPI_KD,Montenegro,0.0
2008,GF_COM_PPPI_KD,Montenegro,0.0
2009,GF_COM_PPPI_KD,Montenegro,0.0
2010,GF_COM_PPPI_KD,Montenegro,0.0
2011,GF_COM_PPPI_KD,Montenegro,0.0
2012,GF_COM_PPPI_KD,Montenegro,0.0
2013,GF_COM_PPPI_KD,Montenegro,0.0
2014,GF_COM_PPPI_KD,Montenegro,0.0
2015,GF_COM_PPPI_KD,Montenegro,166.7587
2016,GF_COM_PPPI_KD,Montenegro,0.0
2017,GF_COM_PPPI_KD,Montenegro,0.0
2018,GF_COM_PPPI_KD,Montenegro,101.5577
2019,GF_COM_PPPI_KD,Montenegro,0.0
2000,GF_COM_PPPI_KD,Romania,224.2158
2001,GF_COM_PPPI_KD,Romania,0.0
2002,GF_COM_PPPI_KD,Romania,0.0
2003,GF_COM_PPPI_KD,Romania,52.8108
2004,GF_COM_PPPI_KD,Romania,0.0
2005,GF_COM_PPPI_KD,Romania,2613.9758
2006,GF_COM_PPPI_KD,Romania,129.4475
2007,GF_COM_PPPI_KD,Romania,3453.0293
2008,GF_COM_PPPI_KD,Romania,1809.055
2009,GF_COM_PPPI_KD,Romania,1855.431
2010,GF_COM_PPPI_KD,Romania,0.0
2011,GF_COM_PPPI_KD,Romania,1412.0306
2012,GF_COM_PPPI_KD,Romania,2094.3085
2013,GF_COM_PPPI_KD,Romania,104.2572
2014,GF_COM_PPPI_KD,Romania,1467.1003
2015,GF_COM_PPPI_KD,Romania,13.9792
2016,GF_COM_PPPI_KD,Romania,227.017
2017,GF_COM_PPPI_KD,Romania,555.838
2018,GF_COM_PPPI_KD,Romania,546.1003
2019,GF_COM_PPPI_KD,Romania,129.25
2000,GF_COM_PPPI_KD,Serbia,0.0
2001,GF_COM_PPPI_KD,Serbia,0.0
2002,GF_COM_PPPI_KD,Serbia,0.0
2003,GF_COM_PPPI_KD,Serbia,0.0
2004,GF_COM_PPPI_KD,Serbia,0.0
2005,GF_COM_PPPI_KD,Serbia,0.0
2006,GF_COM_PPPI_KD,Serbia,2456.9871
2007,GF_COM_PPPI_KD,Serbia,0.0
2008,GF_COM_PPPI_KD,Serbia,0.0
2009,GF_COM_PPPI_KD,Serbia,0.0
2010,GF_COM_PPPI_KD,Serbia,0.0
2011,GF_COM_PPPI_KD,Serbia,0.0
2012,GF_COM_PPPI_KD,Serbia,49.7743
2013,GF_COM_PPPI_KD,Serbia,0.0
2014,GF_COM_PPPI_KD,Serbia,607.566
2015,GF_COM_PPPI_KD,Serbia,0.0
2016,GF_COM_PPPI_KD,Serbia,0.0
2017,GF_COM_PPPI_KD,Serbia,853.1663
2018,GF_COM_PPPI_KD,Serbia,1138.739
2019,GF_COM_PPPI_KD,Serbia,42.56
2020,GF_COM_PPPI_KD,Serbia,416.35
2000,GF_COM_PPPI_KD,Viet Nam,0.0
2001,GF_COM_PPPI_KD,Viet Nam,347.9675
2002,GF_COM_PPPI_KD,Viet Nam,2529.9247
2003,GF_COM_PPPI_KD,Viet Nam,913.8692
2004,GF_COM_PPPI_KD,Viet Nam,0.0
2005,GF_COM_PPPI_KD,Viet Nam,464.39
2006,GF_COM_PPPI_KD,Viet Nam,168.6698
2007,GF_COM_PPPI_KD,Viet Nam,560.2351
2008,GF_COM_PPPI_KD,Viet Nam,635.6331
2009,GF_COM_PPPI_KD,Viet Nam,960.8439
2010,GF_COM_PPPI_KD,Viet Nam,1287.3999
2011,GF_COM_PPPI_KD,Viet Nam,3150.2898
2012,GF_COM_PPPI_KD,Viet Nam,372.6952
2013,GF_COM_PPPI_KD,Viet Nam,302.3459
2014,GF_COM_PPPI_KD,Viet Nam,1933.0665
2015,GF_COM_PPPI_KD,Viet Nam,0.0
2016,GF_COM_PPPI_KD,Viet Nam,312.5318
2017,GF_COM_PPPI_KD,Viet Nam,2585.5735
2018,GF_COM_PPPI_KD,Viet Nam,3711.7676
2019,GF_COM_PPPI_KD,Viet Nam,4471.87
2020,GF_COM_PPPI_KD,Viet Nam,2686.91
2000,GF_COM_PPPI_KD,Tajikistan,0.0
2001,GF_COM_PPPI_KD,Tajikistan,7.2192
2002,GF_COM_PPPI_KD,Tajikistan,22.7409
2003,GF_COM_PPPI_KD,Tajikistan,0.0
2004,GF_COM_PPPI_KD,Tajikistan,0.0
2005,GF_COM_PPPI_KD,Tajikistan,0.0
2006,GF_COM_PPPI_KD,Tajikistan,913.0999
2007,GF_COM_PPPI_KD,Tajikistan,0.0
2008,GF_COM_PPPI_KD,Tajikistan,261.2354
2009,GF_COM_PPPI_KD,Tajikistan,0.0
2010,GF_COM_PPPI_KD,Tajikistan,0.0
2011,GF_COM_PPPI_KD,Tajikistan,0.0
2012,GF_COM_PPPI_KD,Tajikistan,0.0
2013,GF_COM_PPPI_KD,Tajikistan,0.0
2014,GF_COM_PPPI_KD,Tajikistan,0.0
2015,GF_COM_PPPI_KD,Tajikistan,0.0
2016,GF_COM_PPPI_KD,Tajikistan,0.0
2017,GF_COM_PPPI_KD,Tajikistan,0.0
2018,GF_COM_PPPI_KD,Tajikistan,0.0
2019,GF_COM_PPPI_KD,Tajikistan,0.0
2000,GF_COM_PPPI_KD,Türkiye,5307.6383
2001,GF_COM_PPPI_KD,Türkiye,1227.2711
2002,GF_COM_PPPI_KD,Türkiye,511.6702
2003,GF_COM_PPPI_KD,Türkiye,0.0
2004,GF_COM_PPPI_KD,Türkiye,563.6944
2005,GF_COM_PPPI_KD,Türkiye,12348.7932
2006,GF_COM_PPPI_KD,Türkiye,1925.0786
2007,GF_COM_PPPI_KD,Türkiye,3255.0503
2008,GF_COM_PPPI_KD,Türkiye,8583.5948
2009,GF_COM_PPPI_KD,Türkiye,5381.8559
2010,GF_COM_PPPI_KD,Türkiye,6483.2874
2011,GF_COM_PPPI_KD,Türkiye,8709.6714
2012,GF_COM_PPPI_KD,Türkiye,4756.6793
2013,GF_COM_PPPI_KD,Türkiye,25903.689
2014,GF_COM_PPPI_KD,Türkiye,16431.9832
2015,GF_COM_PPPI_KD,Türkiye,41682.4027
2016,GF_COM_PPPI_KD,Türkiye,3850.7246
2017,GF_COM_PPPI_KD,Türkiye,1878.8223
2018,GF_COM_PPPI_KD,Türkiye,8164.7384
2019,GF_COM_PPPI_KD,Türkiye,1037.35
2020,GF_COM_PPPI_KD,Türkiye,408.97
2000,GF_COM_PPPI_KD,Ukraine,0.0
2001,GF_COM_PPPI_KD,Ukraine,240.1708
2002,GF_COM_PPPI_KD,Ukraine,204.8972
2003,GF_COM_PPPI_KD,Ukraine,130.9106
2004,GF_COM_PPPI_KD,Ukraine,0.0
2005,GF_COM_PPPI_KD,Ukraine,0.0
2006,GF_COM_PPPI_KD,Ukraine,0.0
2007,GF_COM_PPPI_KD,Ukraine,287.3188
2008,GF_COM_PPPI_KD,Ukraine,186.2591
2009,GF_COM_PPPI_KD,Ukraine,154.9172
2010,GF_COM_PPPI_KD,Ukraine,356.8223
2011,GF_COM_PPPI_KD,Ukraine,2364.7319
2012,GF_COM_PPPI_KD,Ukraine,1089.0226
2013,GF_COM_PPPI_KD,Ukraine,0.0
2014,GF_COM_PPPI_KD,Ukraine,75.5948
2015,GF_COM_PPPI_KD,Ukraine,0.0
2016,GF_COM_PPPI_KD,Ukraine,0.0
2017,GF_COM_PPPI_KD,Ukraine,182.0018
2018,GF_COM_PPPI_KD,Ukraine,681.3476
2019,GF_COM_PPPI_KD,Ukraine,1409.01
2020,GF_COM_PPPI_KD,Ukraine,30.0
2000,GF_COM_PPPI_KD,North Macedonia,0.0
2001,GF_COM_PPPI_KD,North Macedonia,582.5928
2002,GF_COM_PPPI_KD,North Macedonia,0.0
2003,GF_COM_PPPI_KD,North Macedonia,0.0
2004,GF_COM_PPPI_KD,North Macedonia,0.0
2005,GF_COM_PPPI_KD,North Macedonia,0.0
2006,GF_COM_PPPI_KD,North Macedonia,532.8058
2007,GF_COM_PPPI_KD,North Macedonia,287.2937
2008,GF_COM_PPPI_KD,North Macedonia,350.2929
2009,GF_COM_PPPI_KD,North Macedonia,0.0
2010,GF_COM_PPPI_KD,North Macedonia,0.0
2011,GF_COM_PPPI_KD,North Macedonia,0.0
2012,GF_COM_PPPI_KD,North Macedonia,0.0
2013,GF_COM_PPPI_KD,North Macedonia,15.5837
2014,GF_COM_PPPI_KD,North Macedonia,0.0
2015,GF_COM_PPPI_KD,North Macedonia,0.0
2016,GF_COM_PPPI_KD,North Macedonia,12.8144
2017,GF_COM_PPPI_KD,North Macedonia,0.0
2018,GF_COM_PPPI_KD,North Macedonia,0.0
2019,GF_COM_PPPI_KD,North Macedonia,0.0
2000,GF_COM_PPPI_KD,Uzbekistan,0.0
2001,GF_COM_PPPI_KD,Uzbekistan,0.0
2002,GF_COM_PPPI_KD,Uzbekistan,0.0
2003,GF_COM_PPPI_KD,Uzbekistan,0.0
2004,GF_COM_PPPI_KD,Uzbekistan,0.0
2005,GF_COM_PPPI_KD,Uzbekistan,0.0
2006,GF_COM_PPPI_KD,Uzbekistan,0.0
2007,GF_COM_PPPI_KD,Uzbekistan,0.0
2008,GF_COM_PPPI_KD,Uzbekistan,29.6858
2009,GF_COM_PPPI_KD,Uzbekistan,0.0
2010,GF_COM_PPPI_KD,Uzbekistan,0.0
2011,GF_COM_PPPI_KD,Uzbekistan,0.0
2012,GF_COM_PPPI_KD,Uzbekistan,0.0
2013,GF_COM_PPPI_KD,Uzbekistan,0.0
2014,GF_COM_PPPI_KD,Uzbekistan,0.0
2015,GF_COM_PPPI_KD,Uzbekistan,0.0
2016,GF_COM_PPPI_KD,Uzbekistan,0.0
2017,GF_COM_PPPI_KD,Uzbekistan,0.0
2018,GF_COM_PPPI_KD,Uzbekistan,0.0
2019,GF_COM_PPPI_KD,Uzbekistan,12.0
2020,GF_COM_PPPI_KD,Uzbekistan,279.73
2020,GF_COM_PPPI_KD,Uzbekistan,279.73
