Year,SeriesCode,Country,Value
2000,DC_ODA_LDCG,Australia,0.07443
2001,DC_ODA_LDCG,Australia,0.05958
2002,DC_ODA_LDCG,Australia,0.05986
2003,DC_ODA_LDCG,Australia,0.05416
2004,DC_ODA_LDCG,Australia,0.05824
2005,DC_ODA_LDCG,Australia,0.05746
2006,DC_ODA_LDCG,Australia,0.06733
2007,DC_ODA_LDCG,Australia,0.07891
2008,DC_ODA_LDCG,Australia,0.0773
2009,DC_ODA_LDCG,Australia,0.07113
2010,DC_ODA_LDCG,Australia,0.0885
2011,DC_ODA_LDCG,Australia,0.08835
2012,DC_ODA_LDCG,Australia,0.101
2013,DC_ODA_LDCG,Australia,0.08517
2014,DC_ODA_LDCG,Australia,0.08342
2015,DC_ODA_LDCG,Australia,0.07003
2016,DC_ODA_LDCG,Australia,0.06463
2017,DC_ODA_LDCG,Australia,0.06119
2018,DC_ODA_LDCG,Australia,0.06006
2019,DC_ODA_LDCG,Australia,0.04638
2020,DC_ODA_LDCG,Australia,0.0471
2021,DC_ODA_LDCG,Australia,0.04597
2000,DC_ODA_LDCG,Austria,0.06087
2001,DC_ODA_LDCG,Austria,0.07602
2002,DC_ODA_LDCG,Austria,0.08734
2003,DC_ODA_LDCG,Austria,0.06841
2004,DC_ODA_LDCG,Austria,0.05894
2005,DC_ODA_LDCG,Austria,0.08093
2006,DC_ODA_LDCG,Austria,0.07809
2007,DC_ODA_LDCG,Austria,0.07004
2008,DC_ODA_LDCG,Austria,0.07274
2009,DC_ODA_LDCG,Austria,0.09195
2010,DC_ODA_LDCG,Austria,0.12226
2011,DC_ODA_LDCG,Austria,0.07085
2012,DC_ODA_LDCG,Austria,0.06157
2013,DC_ODA_LDCG,Austria,0.07959
2014,DC_ODA_LDCG,Austria,0.08333
2015,DC_ODA_LDCG,Austria,0.05931
2016,DC_ODA_LDCG,Austria,0.06466
2017,DC_ODA_LDCG,Austria,0.07027
2018,DC_ODA_LDCG,Austria,0.07019
2019,DC_ODA_LDCG,Austria,0.07047
2020,DC_ODA_LDCG,Austria,0.07096
2021,DC_ODA_LDCG,Austria,0.06946
2000,DC_ODA_LDCG,Belgium,0.11004
2001,DC_ODA_LDCG,Belgium,0.13552
2002,DC_ODA_LDCG,Belgium,0.15224
2003,DC_ODA_LDCG,Belgium,0.35549
2004,DC_ODA_LDCG,Belgium,0.18542
2005,DC_ODA_LDCG,Belgium,0.16288
2006,DC_ODA_LDCG,Belgium,0.18302
2007,DC_ODA_LDCG,Belgium,0.16913
2008,DC_ODA_LDCG,Belgium,0.19106
2009,DC_ODA_LDCG,Belgium,0.2016
2010,DC_ODA_LDCG,Belgium,0.30771
2011,DC_ODA_LDCG,Belgium,0.20289
2012,DC_ODA_LDCG,Belgium,0.14413
2013,DC_ODA_LDCG,Belgium,0.15993
2014,DC_ODA_LDCG,Belgium,0.15693
2015,DC_ODA_LDCG,Belgium,0.133
2016,DC_ODA_LDCG,Belgium,0.13798
2017,DC_ODA_LDCG,Belgium,0.13163
2018,DC_ODA_LDCG,Belgium,0.13829
2019,DC_ODA_LDCG,Belgium,0.13628
2020,DC_ODA_LDCG,Belgium,0.15902
2021,DC_ODA_LDCG,Belgium,0.13805
2000,DC_ODA_LDCG,Canada,0.05176
2001,DC_ODA_LDCG,Canada,0.04397
2002,DC_ODA_LDCG,Canada,0.05662
2003,DC_ODA_LDCG,Canada,0.08419
2004,DC_ODA_LDCG,Canada,0.0812
2005,DC_ODA_LDCG,Canada,0.096
2006,DC_ODA_LDCG,Canada,0.1004
2007,DC_ODA_LDCG,Canada,0.11094
2008,DC_ODA_LDCG,Canada,0.12612
2009,DC_ODA_LDCG,Canada,0.11217
2010,DC_ODA_LDCG,Canada,0.14798
2011,DC_ODA_LDCG,Canada,0.11346
2012,DC_ODA_LDCG,Canada,0.10864
2013,DC_ODA_LDCG,Canada,0.10263
2014,DC_ODA_LDCG,Canada,0.07944
2015,DC_ODA_LDCG,Canada,0.10196
2016,DC_ODA_LDCG,Canada,0.08886
2017,DC_ODA_LDCG,Canada,0.09111
2018,DC_ODA_LDCG,Canada,0.09723
2019,DC_ODA_LDCG,Canada,0.08653
2020,DC_ODA_LDCG,Canada,0.08827
2021,DC_ODA_LDCG,Canada,0.09024
2000,DC_ODA_LDCG,Czechia,0.00768
2001,DC_ODA_LDCG,Czechia,0.00997
2002,DC_ODA_LDCG,Czechia,0.00957
2003,DC_ODA_LDCG,Czechia,0.01433
2004,DC_ODA_LDCG,Czechia,0.02275
2005,DC_ODA_LDCG,Czechia,0.02373
2006,DC_ODA_LDCG,Czechia,0.02664
2007,DC_ODA_LDCG,Czechia,0.03068
2008,DC_ODA_LDCG,Czechia,0.04814
2009,DC_ODA_LDCG,Czechia,0.04008
2010,DC_ODA_LDCG,Czechia,0.03933
2011,DC_ODA_LDCG,Czechia,0.03132
2012,DC_ODA_LDCG,Czechia,0.03209
2013,DC_ODA_LDCG,Czechia,0.02812
2014,DC_ODA_LDCG,Czechia,0.02706
2015,DC_ODA_LDCG,Czechia,0.02427
2016,DC_ODA_LDCG,Czechia,0.0301
2017,DC_ODA_LDCG,Czechia,0.03166
2018,DC_ODA_LDCG,Czechia,0.02796
2019,DC_ODA_LDCG,Czechia,0.02748
2020,DC_ODA_LDCG,Czechia,0.026
2021,DC_ODA_LDCG,Czechia,0.02574
2000,DC_ODA_LDCG,Denmark,0.35654
2001,DC_ODA_LDCG,Denmark,0.36143
2002,DC_ODA_LDCG,Denmark,0.3324
2003,DC_ODA_LDCG,Denmark,0.33689
2004,DC_ODA_LDCG,Denmark,0.32982
2005,DC_ODA_LDCG,Denmark,0.32026
2006,DC_ODA_LDCG,Denmark,0.31486
2007,DC_ODA_LDCG,Denmark,0.33912
2008,DC_ODA_LDCG,Denmark,0.32283
2009,DC_ODA_LDCG,Denmark,0.34529
2010,DC_ODA_LDCG,Denmark,0.35322
2011,DC_ODA_LDCG,Denmark,0.31665
2012,DC_ODA_LDCG,Denmark,0.30922
2013,DC_ODA_LDCG,Denmark,0.26907
2014,DC_ODA_LDCG,Denmark,0.25629
2015,DC_ODA_LDCG,Denmark,0.20112
2016,DC_ODA_LDCG,Denmark,0.2068
2017,DC_ODA_LDCG,Denmark,0.21943
2018,DC_ODA_LDCG,Denmark,0.20132
2019,DC_ODA_LDCG,Denmark,0.22088
2020,DC_ODA_LDCG,Denmark,0.20921
2021,DC_ODA_LDCG,Denmark,0.21731
2000,DC_ODA_LDCG,Finland,0.09775
2001,DC_ODA_LDCG,Finland,0.10427
2002,DC_ODA_LDCG,Finland,0.12252
2003,DC_ODA_LDCG,Finland,0.11848
2004,DC_ODA_LDCG,Finland,0.11935
2005,DC_ODA_LDCG,Finland,0.12724
2006,DC_ODA_LDCG,Finland,0.14199
2007,DC_ODA_LDCG,Finland,0.14618
2008,DC_ODA_LDCG,Finland,0.15377
2009,DC_ODA_LDCG,Finland,0.18948
2010,DC_ODA_LDCG,Finland,0.19834
2011,DC_ODA_LDCG,Finland,0.17368
2012,DC_ODA_LDCG,Finland,0.17978
2013,DC_ODA_LDCG,Finland,0.18967
2014,DC_ODA_LDCG,Finland,0.20616
2015,DC_ODA_LDCG,Finland,0.18321
2016,DC_ODA_LDCG,Finland,0.13406
2017,DC_ODA_LDCG,Finland,0.12724
2018,DC_ODA_LDCG,Finland,0.11446
2019,DC_ODA_LDCG,Finland,0.13575
2020,DC_ODA_LDCG,Finland,0.13912
2021,DC_ODA_LDCG,Finland,0.15905
2000,DC_ODA_LDCG,France,0.09257
2001,DC_ODA_LDCG,France,0.09176
2002,DC_ODA_LDCG,France,0.12593
2003,DC_ODA_LDCG,France,0.16992
2004,DC_ODA_LDCG,France,0.16754
2005,DC_ODA_LDCG,France,0.1045
2006,DC_ODA_LDCG,France,0.11555
2007,DC_ODA_LDCG,France,0.11329
2008,DC_ODA_LDCG,France,0.11096
2009,DC_ODA_LDCG,France,0.12173
2010,DC_ODA_LDCG,France,0.14046
2011,DC_ODA_LDCG,France,0.12743
2012,DC_ODA_LDCG,France,0.09497
2013,DC_ODA_LDCG,France,0.11595
2014,DC_ODA_LDCG,France,0.08826
2015,DC_ODA_LDCG,France,0.09647
2016,DC_ODA_LDCG,France,0.08369
2017,DC_ODA_LDCG,France,0.10386
2018,DC_ODA_LDCG,France,0.11912
2019,DC_ODA_LDCG,France,0.10525
2020,DC_ODA_LDCG,France,0.14322
2021,DC_ODA_LDCG,France,0.12777
2000,DC_ODA_LDCG,Germany,0.07216
2001,DC_ODA_LDCG,Germany,0.0677
2002,DC_ODA_LDCG,Germany,0.07398
2003,DC_ODA_LDCG,Germany,0.10758
2004,DC_ODA_LDCG,Germany,0.08743
2005,DC_ODA_LDCG,Germany,0.0678
2006,DC_ODA_LDCG,Germany,0.09011
2007,DC_ODA_LDCG,Germany,0.09055
2008,DC_ODA_LDCG,Germany,0.10242
2009,DC_ODA_LDCG,Germany,0.09956
2010,DC_ODA_LDCG,Germany,0.10846
2011,DC_ODA_LDCG,Germany,0.10064
2012,DC_ODA_LDCG,Germany,0.10551
2013,DC_ODA_LDCG,Germany,0.08998
2014,DC_ODA_LDCG,Germany,0.09687
2015,DC_ODA_LDCG,Germany,0.07561
2016,DC_ODA_LDCG,Germany,0.10108
2017,DC_ODA_LDCG,Germany,0.10911
2018,DC_ODA_LDCG,Germany,0.12136
2019,DC_ODA_LDCG,Germany,0.11249
2020,DC_ODA_LDCG,Germany,0.1458
2021,DC_ODA_LDCG,Germany,0.13989
2000,DC_ODA_LDCG,Greece,0.02587
2001,DC_ODA_LDCG,Greece,0.02624
2002,DC_ODA_LDCG,Greece,0.0435
2003,DC_ODA_LDCG,Greece,0.03194
2004,DC_ODA_LDCG,Greece,0.03205
2005,DC_ODA_LDCG,Greece,0.0354
2006,DC_ODA_LDCG,Greece,0.04129
2007,DC_ODA_LDCG,Greece,0.0356
2008,DC_ODA_LDCG,Greece,0.04606
2009,DC_ODA_LDCG,Greece,0.03622
2010,DC_ODA_LDCG,Greece,0.03562
2011,DC_ODA_LDCG,Greece,0.02302
2012,DC_ODA_LDCG,Greece,0.01998
2013,DC_ODA_LDCG,Greece,0.01845
2014,DC_ODA_LDCG,Greece,0.02113
2015,DC_ODA_LDCG,Greece,0.01941
2016,DC_ODA_LDCG,Greece,0.02414
2017,DC_ODA_LDCG,Greece,0.02808
2018,DC_ODA_LDCG,Greece,0.02746
2019,DC_ODA_LDCG,Greece,0.0237
2020,DC_ODA_LDCG,Greece,0.02566
2021,DC_ODA_LDCG,Greece,0.02671
2003,DC_ODA_LDCG,Hungary,0.00388
2004,DC_ODA_LDCG,Hungary,0.01473
2005,DC_ODA_LDCG,Hungary,0.03617
2006,DC_ODA_LDCG,Hungary,0.01814
2007,DC_ODA_LDCG,Hungary,0.03781
2008,DC_ODA_LDCG,Hungary,0.02487
2009,DC_ODA_LDCG,Hungary,0.03025
2010,DC_ODA_LDCG,Hungary,0.0326
2011,DC_ODA_LDCG,Hungary,0.02497
2012,DC_ODA_LDCG,Hungary,0.02136
2013,DC_ODA_LDCG,Hungary,0.02169
2014,DC_ODA_LDCG,Hungary,0.02167
2015,DC_ODA_LDCG,Hungary,0.02234
2016,DC_ODA_LDCG,Hungary,0.03331
2017,DC_ODA_LDCG,Hungary,0.02125
2018,DC_ODA_LDCG,Hungary,0.04985
2019,DC_ODA_LDCG,Hungary,0.04437
2020,DC_ODA_LDCG,Hungary,0.03331
2021,DC_ODA_LDCG,Hungary,0.04349
2000,DC_ODA_LDCG,Iceland,0.04387
2001,DC_ODA_LDCG,Iceland,0.06653
2002,DC_ODA_LDCG,Iceland,0.04993
2003,DC_ODA_LDCG,Iceland,0.0492
2004,DC_ODA_LDCG,Iceland,0.05126
2005,DC_ODA_LDCG,Iceland,0.07096
2006,DC_ODA_LDCG,Iceland,0.12417
2007,DC_ODA_LDCG,Iceland,0.10813
2008,DC_ODA_LDCG,Iceland,0.14108
2009,DC_ODA_LDCG,Iceland,0.13102
2010,DC_ODA_LDCG,Iceland,0.1214
2011,DC_ODA_LDCG,Iceland,0.09045
2012,DC_ODA_LDCG,Iceland,0.09153
2013,DC_ODA_LDCG,Iceland,0.10497
2014,DC_ODA_LDCG,Iceland,0.08974
2015,DC_ODA_LDCG,Iceland,0.09783
2016,DC_ODA_LDCG,Iceland,0.08476
2017,DC_ODA_LDCG,Iceland,0.0812
2018,DC_ODA_LDCG,Iceland,0.12433
2019,DC_ODA_LDCG,Iceland,0.09883
2020,DC_ODA_LDCG,Iceland,0.10465
2021,DC_ODA_LDCG,Iceland,0.10844
2000,DC_ODA_LDCG,Ireland,0.15177
2001,DC_ODA_LDCG,Ireland,0.17618
2002,DC_ODA_LDCG,Ireland,0.22734
2003,DC_ODA_LDCG,Ireland,0.21948
2004,DC_ODA_LDCG,Ireland,0.21745
2005,DC_ODA_LDCG,Ireland,0.21412
2006,DC_ODA_LDCG,Ireland,0.27938
2007,DC_ODA_LDCG,Ireland,0.2806
2008,DC_ODA_LDCG,Ireland,0.30216
2009,DC_ODA_LDCG,Ireland,0.27736
2010,DC_ODA_LDCG,Ireland,0.29007
2011,DC_ODA_LDCG,Ireland,0.26811
2012,DC_ODA_LDCG,Ireland,0.24271
2013,DC_ODA_LDCG,Ireland,0.23251
2014,DC_ODA_LDCG,Ireland,0.18268
2015,DC_ODA_LDCG,Ireland,0.15228
2016,DC_ODA_LDCG,Ireland,0.14237
2017,DC_ODA_LDCG,Ireland,0.13601
2018,DC_ODA_LDCG,Ireland,0.12987
2019,DC_ODA_LDCG,Ireland,0.12082
2020,DC_ODA_LDCG,Ireland,0.11945
2021,DC_ODA_LDCG,Ireland,0.11093
2000,DC_ODA_LDCG,Italy,0.04753
2001,DC_ODA_LDCG,Italy,0.05323
2002,DC_ODA_LDCG,Italy,0.10114
2003,DC_ODA_LDCG,Italy,0.07865
2004,DC_ODA_LDCG,Italy,0.04943
2005,DC_ODA_LDCG,Italy,0.0817
2006,DC_ODA_LDCG,Italy,0.0424
2007,DC_ODA_LDCG,Italy,0.0618
2008,DC_ODA_LDCG,Italy,0.07425
2009,DC_ODA_LDCG,Italy,0.05468
2010,DC_ODA_LDCG,Italy,0.0555
2011,DC_ODA_LDCG,Italy,0.06952
2012,DC_ODA_LDCG,Italy,0.03499
2013,DC_ODA_LDCG,Italy,0.04639
2014,DC_ODA_LDCG,Italy,0.04487
2015,DC_ODA_LDCG,Italy,0.04793
2016,DC_ODA_LDCG,Italy,0.05287
2017,DC_ODA_LDCG,Italy,0.05961
2018,DC_ODA_LDCG,Italy,0.06308
2019,DC_ODA_LDCG,Italy,0.05669
2020,DC_ODA_LDCG,Italy,0.05618
2021,DC_ODA_LDCG,Italy,0.07915
2000,DC_ODA_LDCG,Japan,0.05533
2001,DC_ODA_LDCG,Japan,0.04858
2002,DC_ODA_LDCG,Japan,0.04947
2003,DC_ODA_LDCG,Japan,0.04894
2004,DC_ODA_LDCG,Japan,0.04372
2005,DC_ODA_LDCG,Japan,0.05112
2006,DC_ODA_LDCG,Japan,0.07465
2007,DC_ODA_LDCG,Japan,0.05502
2008,DC_ODA_LDCG,Japan,0.0511
2009,DC_ODA_LDCG,Japan,0.05959
2010,DC_ODA_LDCG,Japan,0.0779
2011,DC_ODA_LDCG,Japan,0.06755
2012,DC_ODA_LDCG,Japan,0.07514
2013,DC_ODA_LDCG,Japan,0.13457
2014,DC_ODA_LDCG,Japan,0.07603
2015,DC_ODA_LDCG,Japan,0.07995
2016,DC_ODA_LDCG,Japan,0.07706
2017,DC_ODA_LDCG,Japan,0.09867
2018,DC_ODA_LDCG,Japan,0.10421
2019,DC_ODA_LDCG,Japan,0.09942
2020,DC_ODA_LDCG,Japan,0.11391
2021,DC_ODA_LDCG,Japan,0.10875
2000,DC_ODA_LDCG,Republic of Korea,0.01181
2001,DC_ODA_LDCG,Republic of Korea,0.01055
2002,DC_ODA_LDCG,Republic of Korea,0.0137
2003,DC_ODA_LDCG,Republic of Korea,0.01817
2004,DC_ODA_LDCG,Republic of Korea,0.0187
2005,DC_ODA_LDCG,Republic of Korea,0.02755
2006,DC_ODA_LDCG,Republic of Korea,0.01479
2007,DC_ODA_LDCG,Republic of Korea,0.02181
2008,DC_ODA_LDCG,Republic of Korea,0.02514
2009,DC_ODA_LDCG,Republic of Korea,0.03002
2010,DC_ODA_LDCG,Republic of Korea,0.04397
2011,DC_ODA_LDCG,Republic of Korea,0.04228
2012,DC_ODA_LDCG,Republic of Korea,0.05084
2013,DC_ODA_LDCG,Republic of Korea,0.05407
2014,DC_ODA_LDCG,Republic of Korea,0.05027
2015,DC_ODA_LDCG,Republic of Korea,0.05248
2016,DC_ODA_LDCG,Republic of Korea,0.0536
2017,DC_ODA_LDCG,Republic of Korea,0.05089
2018,DC_ODA_LDCG,Republic of Korea,0.05607
2019,DC_ODA_LDCG,Republic of Korea,0.05819
2020,DC_ODA_LDCG,Republic of Korea,0.05378
2021,DC_ODA_LDCG,Republic of Korea,0.05515
2003,DC_ODA_LDCG,Lithuania,0.00265
2004,DC_ODA_LDCG,Lithuania,0.01294
2005,DC_ODA_LDCG,Lithuania,0.01888
2006,DC_ODA_LDCG,Lithuania,0.03271
2007,DC_ODA_LDCG,Lithuania,0.06291
2008,DC_ODA_LDCG,Lithuania,0.05091
2009,DC_ODA_LDCG,Lithuania,0.04389
2010,DC_ODA_LDCG,Lithuania,0.05693
2011,DC_ODA_LDCG,Lithuania,0.05397
2012,DC_ODA_LDCG,Lithuania,0.05977
2013,DC_ODA_LDCG,Lithuania,0.04158
2014,DC_ODA_LDCG,Lithuania,0.01998
2015,DC_ODA_LDCG,Lithuania,0.02288
2016,DC_ODA_LDCG,Lithuania,0.02499
2017,DC_ODA_LDCG,Lithuania,0.02358
2018,DC_ODA_LDCG,Lithuania,0.02288
2019,DC_ODA_LDCG,Lithuania,0.02399
2020,DC_ODA_LDCG,Lithuania,0.02251
2021,DC_ODA_LDCG,Lithuania,0.02262
2000,DC_ODA_LDCG,Luxembourg,0.22058
2001,DC_ODA_LDCG,Luxembourg,0.2393
2002,DC_ODA_LDCG,Luxembourg,0.28247
2003,DC_ODA_LDCG,Luxembourg,0.27232
2004,DC_ODA_LDCG,Luxembourg,0.26455
2005,DC_ODA_LDCG,Luxembourg,0.2768
2006,DC_ODA_LDCG,Luxembourg,0.34199
2007,DC_ODA_LDCG,Luxembourg,0.35921
2008,DC_ODA_LDCG,Luxembourg,0.38109
2009,DC_ODA_LDCG,Luxembourg,0.38459
2010,DC_ODA_LDCG,Luxembourg,0.39748
2011,DC_ODA_LDCG,Luxembourg,0.36059
2012,DC_ODA_LDCG,Luxembourg,0.36605
2013,DC_ODA_LDCG,Luxembourg,0.37915
2014,DC_ODA_LDCG,Luxembourg,0.43309
2015,DC_ODA_LDCG,Luxembourg,0.40349
2016,DC_ODA_LDCG,Luxembourg,0.42034
2017,DC_ODA_LDCG,Luxembourg,0.42666
2018,DC_ODA_LDCG,Luxembourg,0.46447
2019,DC_ODA_LDCG,Luxembourg,0.46732
2020,DC_ODA_LDCG,Luxembourg,0.47513
2021,DC_ODA_LDCG,Luxembourg,0.45326
2000,DC_ODA_LDCG,Netherlands (Kingdom of the),0.21997
2001,DC_ODA_LDCG,Netherlands (Kingdom of the),0.26409
2002,DC_ODA_LDCG,Netherlands (Kingdom of the),0.29508
2003,DC_ODA_LDCG,Netherlands (Kingdom of the),0.28567
2004,DC_ODA_LDCG,Netherlands (Kingdom of the),0.29536
2005,DC_ODA_LDCG,Netherlands (Kingdom of the),0.26573
2006,DC_ODA_LDCG,Netherlands (Kingdom of the),0.20391
2007,DC_ODA_LDCG,Netherlands (Kingdom of the),0.23492
2008,DC_ODA_LDCG,Netherlands (Kingdom of the),0.23536
2009,DC_ODA_LDCG,Netherlands (Kingdom of the),0.20794
2010,DC_ODA_LDCG,Netherlands (Kingdom of the),0.2374
2011,DC_ODA_LDCG,Netherlands (Kingdom of the),0.17272
2012,DC_ODA_LDCG,Netherlands (Kingdom of the),0.14962
2013,DC_ODA_LDCG,Netherlands (Kingdom of the),0.16788
2014,DC_ODA_LDCG,Netherlands (Kingdom of the),0.12763
2015,DC_ODA_LDCG,Netherlands (Kingdom of the),0.13505
2016,DC_ODA_LDCG,Netherlands (Kingdom of the),0.15459
2017,DC_ODA_LDCG,Netherlands (Kingdom of the),0.12716
2018,DC_ODA_LDCG,Netherlands (Kingdom of the),0.1478
2019,DC_ODA_LDCG,Netherlands (Kingdom of the),0.14107
2020,DC_ODA_LDCG,Netherlands (Kingdom of the),0.12384
2021,DC_ODA_LDCG,Netherlands (Kingdom of the),0.09243
2000,DC_ODA_LDCG,New Zealand,0.05318
2001,DC_ODA_LDCG,New Zealand,0.05582
2002,DC_ODA_LDCG,New Zealand,0.04651
2003,DC_ODA_LDCG,New Zealand,0.053
2004,DC_ODA_LDCG,New Zealand,0.06441
2005,DC_ODA_LDCG,New Zealand,0.05912
2006,DC_ODA_LDCG,New Zealand,0.06198
2007,DC_ODA_LDCG,New Zealand,0.05767
2008,DC_ODA_LDCG,New Zealand,0.07215
2009,DC_ODA_LDCG,New Zealand,0.06986
2010,DC_ODA_LDCG,New Zealand,0.05214
2011,DC_ODA_LDCG,New Zealand,0.06321
2012,DC_ODA_LDCG,New Zealand,0.06791
2013,DC_ODA_LDCG,New Zealand,0.06381
2014,DC_ODA_LDCG,New Zealand,0.06064
2015,DC_ODA_LDCG,New Zealand,0.06678
2016,DC_ODA_LDCG,New Zealand,0.0495
2017,DC_ODA_LDCG,New Zealand,0.05686
2018,DC_ODA_LDCG,New Zealand,0.05865
2019,DC_ODA_LDCG,New Zealand,0.06101
2020,DC_ODA_LDCG,New Zealand,0.06311
2021,DC_ODA_LDCG,New Zealand,0.06024
2000,DC_ODA_LDCG,Norway,0.26708
2001,DC_ODA_LDCG,Norway,0.27993
2002,DC_ODA_LDCG,Norway,0.35417
2003,DC_ODA_LDCG,Norway,0.378
2004,DC_ODA_LDCG,Norway,0.3658
2005,DC_ODA_LDCG,Norway,0.35155
2006,DC_ODA_LDCG,Norway,0.35213
2007,DC_ODA_LDCG,Norway,0.34277
2008,DC_ODA_LDCG,Norway,0.32781
2009,DC_ODA_LDCG,Norway,0.3266
2010,DC_ODA_LDCG,Norway,0.3368
2011,DC_ODA_LDCG,Norway,0.30867
2012,DC_ODA_LDCG,Norway,0.26991
2013,DC_ODA_LDCG,Norway,0.29626
2014,DC_ODA_LDCG,Norway,0.27934
2015,DC_ODA_LDCG,Norway,0.26787
2016,DC_ODA_LDCG,Norway,0.26477
2017,DC_ODA_LDCG,Norway,0.28025
2018,DC_ODA_LDCG,Norway,0.27429
2019,DC_ODA_LDCG,Norway,0.27838
2020,DC_ODA_LDCG,Norway,0.31522
2021,DC_ODA_LDCG,Norway,0.24643
2000,DC_ODA_LDCG,Poland,0.00535
2001,DC_ODA_LDCG,Poland,0.01484
2003,DC_ODA_LDCG,Poland,0.00195
2004,DC_ODA_LDCG,Poland,0.01634
2005,DC_ODA_LDCG,Poland,0.01763
2006,DC_ODA_LDCG,Poland,0.04469
2007,DC_ODA_LDCG,Poland,0.02088
2008,DC_ODA_LDCG,Poland,0.02284
2009,DC_ODA_LDCG,Poland,0.02397
2010,DC_ODA_LDCG,Poland,0.02377
2011,DC_ODA_LDCG,Poland,0.01753
2012,DC_ODA_LDCG,Poland,0.01654
2013,DC_ODA_LDCG,Poland,0.0246
2014,DC_ODA_LDCG,Poland,0.02464
2015,DC_ODA_LDCG,Poland,0.02715
2016,DC_ODA_LDCG,Poland,0.04072
2017,DC_ODA_LDCG,Poland,0.02238
2018,DC_ODA_LDCG,Poland,0.0391
2019,DC_ODA_LDCG,Poland,0.0237
2020,DC_ODA_LDCG,Poland,0.02244
2021,DC_ODA_LDCG,Poland,0.02382
2000,DC_ODA_LDCG,Portugal,0.14756
2001,DC_ODA_LDCG,Portugal,0.1464
2002,DC_ODA_LDCG,Portugal,0.16138
2003,DC_ODA_LDCG,Portugal,0.11391
2004,DC_ODA_LDCG,Portugal,0.51661
2005,DC_ODA_LDCG,Portugal,0.09234
2006,DC_ODA_LDCG,Portugal,0.10266
2007,DC_ODA_LDCG,Portugal,0.09596
2008,DC_ODA_LDCG,Portugal,0.10081
2009,DC_ODA_LDCG,Portugal,0.09628
2010,DC_ODA_LDCG,Portugal,0.12929
2011,DC_ODA_LDCG,Portugal,0.15022
2012,DC_ODA_LDCG,Portugal,0.08529
2013,DC_ODA_LDCG,Portugal,0.06643
2014,DC_ODA_LDCG,Portugal,0.05233
2015,DC_ODA_LDCG,Portugal,0.0461
2016,DC_ODA_LDCG,Portugal,0.04963
2017,DC_ODA_LDCG,Portugal,0.05797
2018,DC_ODA_LDCG,Portugal,0.05537
2019,DC_ODA_LDCG,Portugal,0.05245
2020,DC_ODA_LDCG,Portugal,0.05058
2021,DC_ODA_LDCG,Portugal,0.0625
2000,DC_ODA_LDCG,Slovakia,0.0
2001,DC_ODA_LDCG,Slovakia,0.0
2002,DC_ODA_LDCG,Slovakia,0.00453
2003,DC_ODA_LDCG,Slovakia,0.01242
2004,DC_ODA_LDCG,Slovakia,0.01872
2006,DC_ODA_LDCG,Slovakia,0.04943
2007,DC_ODA_LDCG,Slovakia,0.04496
2008,DC_ODA_LDCG,Slovakia,0.04705
2009,DC_ODA_LDCG,Slovakia,0.02012
2010,DC_ODA_LDCG,Slovakia,0.02327
2011,DC_ODA_LDCG,Slovakia,0.01793
2012,DC_ODA_LDCG,Slovakia,0.01704
2013,DC_ODA_LDCG,Slovakia,0.02269
2014,DC_ODA_LDCG,Slovakia,0.0181
2015,DC_ODA_LDCG,Slovakia,0.02206
2016,DC_ODA_LDCG,Slovakia,0.02156
2017,DC_ODA_LDCG,Slovakia,0.0247
2018,DC_ODA_LDCG,Slovakia,0.02405
2019,DC_ODA_LDCG,Slovakia,0.02001
2020,DC_ODA_LDCG,Slovakia,0.02069
2021,DC_ODA_LDCG,Slovakia,0.02256
2005,DC_ODA_LDCG,Slovenia,0.0
2006,DC_ODA_LDCG,Slovenia,0.0
2007,DC_ODA_LDCG,Slovenia,0.0
2008,DC_ODA_LDCG,Slovenia,0.02565
2009,DC_ODA_LDCG,Slovenia,0.02953
2010,DC_ODA_LDCG,Slovenia,0.02995
2011,DC_ODA_LDCG,Slovenia,0.02485
2012,DC_ODA_LDCG,Slovenia,0.02243
2013,DC_ODA_LDCG,Slovenia,0.0227
2014,DC_ODA_LDCG,Slovenia,0.02179
2015,DC_ODA_LDCG,Slovenia,0.02246
2016,DC_ODA_LDCG,Slovenia,0.03054
2017,DC_ODA_LDCG,Slovenia,0.02595
2018,DC_ODA_LDCG,Slovenia,0.02495
2019,DC_ODA_LDCG,Slovenia,0.0237
2020,DC_ODA_LDCG,Slovenia,0.02304
2021,DC_ODA_LDCG,Slovenia,0.02695
2000,DC_ODA_LDCG,Spain,0.03133
2001,DC_ODA_LDCG,Spain,0.04394
2002,DC_ODA_LDCG,Spain,0.05047
2003,DC_ODA_LDCG,Spain,0.05051
2004,DC_ODA_LDCG,Spain,0.04928
2005,DC_ODA_LDCG,Spain,0.07132
2006,DC_ODA_LDCG,Spain,0.06231
2007,DC_ODA_LDCG,Spain,0.07891
2008,DC_ODA_LDCG,Spain,0.09945
2009,DC_ODA_LDCG,Spain,0.11733
2010,DC_ODA_LDCG,Spain,0.11465
2011,DC_ODA_LDCG,Spain,0.07256
2012,DC_ODA_LDCG,Spain,0.03615
2013,DC_ODA_LDCG,Spain,0.03306
2014,DC_ODA_LDCG,Spain,0.03473
2015,DC_ODA_LDCG,Spain,0.02569
2016,DC_ODA_LDCG,Spain,0.04468
2017,DC_ODA_LDCG,Spain,0.04444
2018,DC_ODA_LDCG,Spain,0.0481
2019,DC_ODA_LDCG,Spain,0.04131
2020,DC_ODA_LDCG,Spain,0.04629
2021,DC_ODA_LDCG,Spain,0.04857
2000,DC_ODA_LDCG,Sweden,0.24004
2001,DC_ODA_LDCG,Sweden,0.2256
2002,DC_ODA_LDCG,Sweden,0.26888
2003,DC_ODA_LDCG,Sweden,0.28119
2004,DC_ODA_LDCG,Sweden,0.24001
2005,DC_ODA_LDCG,Sweden,0.3116
2006,DC_ODA_LDCG,Sweden,0.29415
2007,DC_ODA_LDCG,Sweden,0.29509
2008,DC_ODA_LDCG,Sweden,0.32142
2009,DC_ODA_LDCG,Sweden,0.34557
2010,DC_ODA_LDCG,Sweden,0.30128
2011,DC_ODA_LDCG,Sweden,0.35222
2012,DC_ODA_LDCG,Sweden,0.28644
2013,DC_ODA_LDCG,Sweden,0.31364
2014,DC_ODA_LDCG,Sweden,0.28567
2015,DC_ODA_LDCG,Sweden,0.29161
2016,DC_ODA_LDCG,Sweden,0.27002
2017,DC_ODA_LDCG,Sweden,0.31274
2018,DC_ODA_LDCG,Sweden,0.3421
2019,DC_ODA_LDCG,Sweden,0.3243
2020,DC_ODA_LDCG,Sweden,0.35287
2021,DC_ODA_LDCG,Sweden,0.32137
2000,DC_ODA_LDCG,Switzerland,0.10136
2001,DC_ODA_LDCG,Switzerland,0.09969
2002,DC_ODA_LDCG,Switzerland,0.08781
2003,DC_ODA_LDCG,Switzerland,0.11643
2004,DC_ODA_LDCG,Switzerland,0.10283
2005,DC_ODA_LDCG,Switzerland,0.09731
2006,DC_ODA_LDCG,Switzerland,0.10342
2007,DC_ODA_LDCG,Switzerland,0.10805
2008,DC_ODA_LDCG,Switzerland,0.10329
2009,DC_ODA_LDCG,Switzerland,0.13366
2010,DC_ODA_LDCG,Switzerland,0.10564
2011,DC_ODA_LDCG,Switzerland,0.12046
2012,DC_ODA_LDCG,Switzerland,0.10854
2013,DC_ODA_LDCG,Switzerland,0.11759
2014,DC_ODA_LDCG,Switzerland,0.12223
2015,DC_ODA_LDCG,Switzerland,0.13338
2016,DC_ODA_LDCG,Switzerland,0.13296
2017,DC_ODA_LDCG,Switzerland,0.13259
2018,DC_ODA_LDCG,Switzerland,0.13448
2019,DC_ODA_LDCG,Switzerland,0.13175
2020,DC_ODA_LDCG,Switzerland,0.1411
2021,DC_ODA_LDCG,Switzerland,0.13784
2000,DC_ODA_LDCG,United Kingdom of Great Britain and Northern Ireland,0.10805
2001,DC_ODA_LDCG,United Kingdom of Great Britain and Northern Ireland,0.11921
2002,DC_ODA_LDCG,United Kingdom of Great Britain and Northern Ireland,0.08488
2003,DC_ODA_LDCG,United Kingdom of Great Britain and Northern Ireland,0.12848
2004,DC_ODA_LDCG,United Kingdom of Great Britain and Northern Ireland,0.14263
2005,DC_ODA_LDCG,United Kingdom of Great Britain and Northern Ireland,0.12046
2006,DC_ODA_LDCG,United Kingdom of Great Britain and Northern Ireland,0.15822
2007,DC_ODA_LDCG,United Kingdom of Great Britain and Northern Ireland,0.14635
2008,DC_ODA_LDCG,United Kingdom of Great Britain and Northern Ireland,0.16052
2009,DC_ODA_LDCG,United Kingdom of Great Britain and Northern Ireland,0.17649
2010,DC_ODA_LDCG,United Kingdom of Great Britain and Northern Ireland,0.20463
2011,DC_ODA_LDCG,United Kingdom of Great Britain and Northern Ireland,0.21097
2012,DC_ODA_LDCG,United Kingdom of Great Britain and Northern Ireland,0.18652
2013,DC_ODA_LDCG,United Kingdom of Great Britain and Northern Ireland,0.24399
2014,DC_ODA_LDCG,United Kingdom of Great Britain and Northern Ireland,0.24048
2015,DC_ODA_LDCG,United Kingdom of Great Britain and Northern Ireland,0.23208
2016,DC_ODA_LDCG,United Kingdom of Great Britain and Northern Ireland,0.21784
2017,DC_ODA_LDCG,United Kingdom of Great Britain and Northern Ireland,0.23464
2018,DC_ODA_LDCG,United Kingdom of Great Britain and Northern Ireland,0.22893
2019,DC_ODA_LDCG,United Kingdom of Great Britain and Northern Ireland,0.20873
2020,DC_ODA_LDCG,United Kingdom of Great Britain and Northern Ireland,0.21277
2021,DC_ODA_LDCG,United Kingdom of Great Britain and Northern Ireland,0.13906
2021,DC_ODA_LDCG,United Kingdom of Great Britain and Northern Ireland,0.13906
