Year,SeriesCode,Country,Activity,Value
2020,DC_ENVTECH_INV,Canada,TOTAL,399886430.06263
2020,DC_ENVTECH_INV,Canada,ISIC4_A,130100000.0
2020,DC_ENVTECH_INV,Canada,ISIC4_S,56400000.0
2020,DC_ENVTECH_INV,Canada,ISIC4_E,4400000.0
2020,DC_ENVTECH_INV,Canada,ISIC4_D,209086430.06263
2008,DC_ENVTECH_INV,Lithuania,ISIC4_D,57308366.14635
2008,DC_ENVTECH_INV,Lithuania,ISIC4_E,81538139.2678
2008,DC_ENVTECH_INV,Lithuania,ISIC4_F,606308.30169
2008,DC_ENVTECH_INV,Lithuania,ISIC4_B,61084.93883
2008,DC_ENVTECH_INV,Lithuania,ISIC4_H,23877765.66821
2008,DC_ENVTECH_INV,Lithuania,TOTAL,202468007.31261
2008,DC_ENVTECH_INV,Lithuania,ISIC4_C,39076342.98973
2009,DC_ENVTECH_INV,Lithuania,ISIC4_E,174958983.73412
2009,DC_ENVTECH_INV,Lithuania,ISIC4_F,1843974.1246
2009,DC_ENVTECH_INV,Lithuania,ISIC4_C,45895004.21882
2009,DC_ENVTECH_INV,Lithuania,TOTAL,277555752.82426
2009,DC_ENVTECH_INV,Lithuania,ISIC4_D,50347319.88
2009,DC_ENVTECH_INV,Lithuania,ISIC4_H,4424336.70839
2009,DC_ENVTECH_INV,Lithuania,ISIC4_B,86134.15835
2010,DC_ENVTECH_INV,Lithuania,ISIC4_B,3808.65326
2010,DC_ENVTECH_INV,Lithuania,ISIC4_C,35362173.62771
2010,DC_ENVTECH_INV,Lithuania,ISIC4_D,31475882.43566
2010,DC_ENVTECH_INV,Lithuania,ISIC4_H,12947956.21807
2010,DC_ENVTECH_INV,Lithuania,TOTAL,247761537.28965
2010,DC_ENVTECH_INV,Lithuania,ISIC4_F,51563.30568
2010,DC_ENVTECH_INV,Lithuania,ISIC4_E,167920153.04927
2011,DC_ENVTECH_INV,Lithuania,ISIC4_E,155953071.53237
2011,DC_ENVTECH_INV,Lithuania,TOTAL,313628386.77167
2011,DC_ENVTECH_INV,Lithuania,ISIC4_D,106009761.87128
2011,DC_ENVTECH_INV,Lithuania,ISIC4_H,18649803.12192
2011,DC_ENVTECH_INV,Lithuania,ISIC4_C,32649533.58646
2011,DC_ENVTECH_INV,Lithuania,ISIC4_F,366216.65964
2011,DC_ENVTECH_INV,Lithuania,ISIC4_B,0.0
2012,DC_ENVTECH_INV,Lithuania,ISIC4_B,42188.15919
2012,DC_ENVTECH_INV,Lithuania,ISIC4_F,280961.42127
2012,DC_ENVTECH_INV,Lithuania,TOTAL,279038051.3758
2012,DC_ENVTECH_INV,Lithuania,ISIC4_D,25393609.66578
2012,DC_ENVTECH_INV,Lithuania,ISIC4_C,35304164.90883
2012,DC_ENVTECH_INV,Lithuania,ISIC4_E,190401900.81095
2012,DC_ENVTECH_INV,Lithuania,ISIC4_H,27615226.40979
2013,DC_ENVTECH_INV,Lithuania,ISIC4_E,107102845.35696
2013,DC_ENVTECH_INV,Lithuania,TOTAL,191670328.83326
2013,DC_ENVTECH_INV,Lithuania,ISIC4_D,12829887.967
2013,DC_ENVTECH_INV,Lithuania,ISIC4_C,26613257.62903
2013,DC_ENVTECH_INV,Lithuania,ISIC4_F,1742605.35321
2013,DC_ENVTECH_INV,Lithuania,ISIC4_H,43016248.30076
2013,DC_ENVTECH_INV,Lithuania,ISIC4_B,365484.22632
2014,DC_ENVTECH_INV,Lithuania,ISIC4_C,41172274.17616
2014,DC_ENVTECH_INV,Lithuania,ISIC4_D,81602446.91323
2014,DC_ENVTECH_INV,Lithuania,TOTAL,343764502.17972
2014,DC_ENVTECH_INV,Lithuania,ISIC4_B,41016.26588
2014,DC_ENVTECH_INV,Lithuania,ISIC4_F,50684.38569
2014,DC_ENVTECH_INV,Lithuania,ISIC4_E,172010939.62406
2014,DC_ENVTECH_INV,Lithuania,ISIC4_H,48887140.8147
2015,DC_ENVTECH_INV,Lithuania,ISIC4_C,11808289.97328
2015,DC_ENVTECH_INV,Lithuania,ISIC4_D,35119884.6857
2015,DC_ENVTECH_INV,Lithuania,ISIC4_H,53124707.02667
2015,DC_ENVTECH_INV,Lithuania,ISIC4_B,34863.826
2015,DC_ENVTECH_INV,Lithuania,ISIC4_F,2783.24661
2015,DC_ENVTECH_INV,Lithuania,ISIC4_E,171881445.41321
2015,DC_ENVTECH_INV,Lithuania,TOTAL,271971974.17147
2016,DC_ENVTECH_INV,Lithuania,ISIC4_B,49073.03239
2016,DC_ENVTECH_INV,Lithuania,ISIC4_H,95615654.15085
2016,DC_ENVTECH_INV,Lithuania,ISIC4_F,41748.6992
2016,DC_ENVTECH_INV,Lithuania,TOTAL,327030305.16102
2016,DC_ENVTECH_INV,Lithuania,ISIC4_C,21067711.9955
2016,DC_ENVTECH_INV,Lithuania,ISIC4_E,188329846.95073
2016,DC_ENVTECH_INV,Lithuania,ISIC4_D,21926270.33235
2017,DC_ENVTECH_INV,Lithuania,ISIC4_F,4218962.40566
2017,DC_ENVTECH_INV,Lithuania,ISIC4_C,27314049.8289
2017,DC_ENVTECH_INV,Lithuania,TOTAL,257692307.69231
2017,DC_ENVTECH_INV,Lithuania,ISIC4_E,197704114.51741
2017,DC_ENVTECH_INV,Lithuania,ISIC4_H,11098269.11358
2017,DC_ENVTECH_INV,Lithuania,ISIC4_B,20361.64628
2017,DC_ENVTECH_INV,Lithuania,ISIC4_D,17336550.18047
2018,DC_ENVTECH_INV,Lithuania,ISIC4_D,22677453.94459
2018,DC_ENVTECH_INV,Lithuania,ISIC4_B,12158.3931
2018,DC_ENVTECH_INV,Lithuania,ISIC4_C,22262164.25257
2018,DC_ENVTECH_INV,Lithuania,ISIC4_F,2345837.43496
2018,DC_ENVTECH_INV,Lithuania,TOTAL,137771439.78812
2018,DC_ENVTECH_INV,Lithuania,ISIC4_H,5193831.15361
2018,DC_ENVTECH_INV,Lithuania,ISIC4_E,85279994.60929
2019,DC_ENVTECH_INV,Lithuania,ISIC4_E,129715991.65612
2019,DC_ENVTECH_INV,Lithuania,ISIC4_F,371050.71954
2019,DC_ENVTECH_INV,Lithuania,ISIC4_C,39307645.43196
2019,DC_ENVTECH_INV,Lithuania,ISIC4_H,1613257.62903
2019,DC_ENVTECH_INV,Lithuania,ISIC4_D,27159799.37187
2019,DC_ENVTECH_INV,Lithuania,TOTAL,198202608.63451
2019,DC_ENVTECH_INV,Lithuania,ISIC4_B,34863.826
2020,DC_ENVTECH_INV,Lithuania,ISIC4_D,44897576.52463
2020,DC_ENVTECH_INV,Lithuania,ISIC4_C,18079530.53954
2020,DC_ENVTECH_INV,Lithuania,ISIC4_H,43736376.74026
2020,DC_ENVTECH_INV,Lithuania,ISIC4_E,137122796.84058
2020,DC_ENVTECH_INV,Lithuania,ISIC4_F,6023531.61768
2020,DC_ENVTECH_INV,Lithuania,ISIC4_B,519441.71003
2020,DC_ENVTECH_INV,Lithuania,TOTAL,250379253.97272
2000,DC_ENVTECH_INV,Poland,ISIC4_S,202954514.08062
2000,DC_ENVTECH_INV,Poland,ISIC4_E,13200809.86564
2000,DC_ENVTECH_INV,Poland,TOTAL,216155323.94625
2001,DC_ENVTECH_INV,Poland,TOTAL,277419599.89252
2001,DC_ENVTECH_INV,Poland,ISIC4_E,14346075.86898
2001,DC_ENVTECH_INV,Poland,ISIC4_S,263073524.02355
2002,DC_ENVTECH_INV,Poland,ISIC4_E,5949944.84618
2002,DC_ENVTECH_INV,Poland,ISIC4_S,200597597.74482
2002,DC_ENVTECH_INV,Poland,TOTAL,206547542.591
2003,DC_ENVTECH_INV,Poland,TOTAL,258459667.25809
2003,DC_ENVTECH_INV,Poland,ISIC4_S,252102291.13631
2003,DC_ENVTECH_INV,Poland,ISIC4_E,6357376.12178
2004,DC_ENVTECH_INV,Poland,ISIC4_E,12901724.13793
2004,DC_ENVTECH_INV,Poland,TOTAL,159462260.5364
2004,DC_ENVTECH_INV,Poland,ISIC4_S,146560536.39847
2005,DC_ENVTECH_INV,Poland,TOTAL,217562445.90083
2005,DC_ENVTECH_INV,Poland,ISIC4_E,91780511.93273
2005,DC_ENVTECH_INV,Poland,ISIC4_S,125781933.9681
2006,DC_ENVTECH_INV,Poland,ISIC4_S,191153070.10475
2006,DC_ENVTECH_INV,Poland,ISIC4_E,17500950.84609
2006,DC_ENVTECH_INV,Poland,TOTAL,208654020.95085
2007,DC_ENVTECH_INV,Poland,TOTAL,159492066.36065
2007,DC_ENVTECH_INV,Poland,ISIC4_S,145650269.27386
2007,DC_ENVTECH_INV,Poland,ISIC4_E,13841797.08678
2008,DC_ENVTECH_INV,Poland,ISIC4_S,228604059.43882
2008,DC_ENVTECH_INV,Poland,ISIC4_E,7056657.81172
2008,DC_ENVTECH_INV,Poland,TOTAL,235660717.25054
2009,DC_ENVTECH_INV,Poland,ISIC4_S,298633752.64746
2009,DC_ENVTECH_INV,Poland,ISIC4_E,7008664.39895
2009,DC_ENVTECH_INV,Poland,TOTAL,305642417.0464
2010,DC_ENVTECH_INV,Poland,TOTAL,255599131.21332
2010,DC_ENVTECH_INV,Poland,ISIC4_S,241115727.69175
2010,DC_ENVTECH_INV,Poland,ISIC4_E,14483403.52157
2011,DC_ENVTECH_INV,Poland,ISIC4_S,512560673.55065
2011,DC_ENVTECH_INV,Poland,ISIC4_E,9203887.42661
2011,DC_ENVTECH_INV,Poland,TOTAL,521764560.97726
2012,DC_ENVTECH_INV,Poland,TOTAL,368460884.24931
2012,DC_ENVTECH_INV,Poland,ISIC4_E,2003101.0132
2012,DC_ENVTECH_INV,Poland,ISIC4_S,366457783.23611
2013,DC_ENVTECH_INV,Poland,TOTAL,245516641.35662
2013,DC_ENVTECH_INV,Poland,ISIC4_S,243822639.83802
2013,DC_ENVTECH_INV,Poland,ISIC4_E,1694001.5186
2014,DC_ENVTECH_INV,Poland,ISIC4_E,6253462.64778
2014,DC_ENVTECH_INV,Poland,TOTAL,488056353.20592
2014,DC_ENVTECH_INV,Poland,ISIC4_S,481802890.55814
2015,DC_ENVTECH_INV,Poland,ISIC4_E,2795071.74876
2015,DC_ENVTECH_INV,Poland,ISIC4_S,197846396.6473
2015,DC_ENVTECH_INV,Poland,TOTAL,200641468.39606
2016,DC_ENVTECH_INV,Poland,ISIC4_S,164182039.51206
2016,DC_ENVTECH_INV,Poland,ISIC4_E,2108797.64652
2016,DC_ENVTECH_INV,Poland,TOTAL,166290837.15858
2017,DC_ENVTECH_INV,Poland,TOTAL,115575694.20547
2017,DC_ENVTECH_INV,Poland,ISIC4_S,114217778.01308
2017,DC_ENVTECH_INV,Poland,ISIC4_E,1357916.19239
2018,DC_ENVTECH_INV,Poland,ISIC4_S,140423672.99496
2018,DC_ENVTECH_INV,Poland,ISIC4_E,3833508.60685
2018,DC_ENVTECH_INV,Poland,TOTAL,144257181.60182
2019,DC_ENVTECH_INV,Poland,TOTAL,316763797.36945
2019,DC_ENVTECH_INV,Poland,ISIC4_E,1375179.05977
2019,DC_ENVTECH_INV,Poland,ISIC4_S,315388618.30968
2020,DC_ENVTECH_INV,Poland,ISIC4_E,4571846.22881
2020,DC_ENVTECH_INV,Poland,ISIC4_S,227454517.4775
2020,DC_ENVTECH_INV,Poland,TOTAL,232026363.70631
2019,DC_ENVTECH_INV,Sweden,ISIC4_S,250530632.0
2019,DC_ENVTECH_INV,Sweden,TOTAL,535103480.0
2020,DC_ENVTECH_INV,Sweden,TOTAL,504998717.0
2020,DC_ENVTECH_INV,Sweden,ISIC4_S,242433741.0
2020,DC_ENVTECH_INV,Sweden,ISIC4_S,242433741.0
