Year,SeriesCode,Country,Value
2010,DC_ENVTECH_IMP,Albania,227942472
2011,DC_ENVTECH_IMP,Albania,296009878
2012,DC_ENVTECH_IMP,Albania,244974020
2013,DC_ENVTECH_IMP,Albania,209565784
2014,DC_ENVTECH_IMP,Albania,126021361
2015,DC_ENVTECH_IMP,Albania,214388021
2016,DC_ENVTECH_IMP,Albania,206221288
2017,DC_ENVTECH_IMP,Albania,150860748
2018,DC_ENVTECH_IMP,Albania,163242867
2019,DC_ENVTECH_IMP,Albania,173891990
2020,DC_ENVTECH_IMP,Albania,234987908
2010,DC_ENVTECH_IMP,Azerbaijan,835485744
2011,DC_ENVTECH_IMP,Azerbaijan,1317852416
2012,DC_ENVTECH_IMP,Azerbaijan,1208301190
2013,DC_ENVTECH_IMP,Azerbaijan,1217955771
2014,DC_ENVTECH_IMP,Azerbaijan,1100239953
2015,DC_ENVTECH_IMP,Azerbaijan,1264315292
2016,DC_ENVTECH_IMP,Azerbaijan,1096434465
2017,DC_ENVTECH_IMP,Azerbaijan,767591184
2018,DC_ENVTECH_IMP,Azerbaijan,937250979
2019,DC_ENVTECH_IMP,Azerbaijan,947370133
2020,DC_ENVTECH_IMP,Azerbaijan,1011504902
2010,DC_ENVTECH_IMP,Australia,14458818893
2011,DC_ENVTECH_IMP,Australia,16037556835
2012,DC_ENVTECH_IMP,Australia,18732311980
2013,DC_ENVTECH_IMP,Australia,18310575475
2014,DC_ENVTECH_IMP,Australia,19437224648
2015,DC_ENVTECH_IMP,Australia,16800443076
2016,DC_ENVTECH_IMP,Australia,15040242636
2017,DC_ENVTECH_IMP,Australia,14773443084
2018,DC_ENVTECH_IMP,Australia,17197695920
2019,DC_ENVTECH_IMP,Australia,16805202822
2020,DC_ENVTECH_IMP,Australia,16396556409
2010,DC_ENVTECH_IMP,Austria,10905674030
2011,DC_ENVTECH_IMP,Austria,12875371660
2012,DC_ENVTECH_IMP,Austria,12089995026
2013,DC_ENVTECH_IMP,Austria,12588918718
2014,DC_ENVTECH_IMP,Austria,12868964258
2015,DC_ENVTECH_IMP,Austria,11624710336
2016,DC_ENVTECH_IMP,Austria,12042922416
2017,DC_ENVTECH_IMP,Austria,12539507585
2018,DC_ENVTECH_IMP,Austria,14174200553
2019,DC_ENVTECH_IMP,Austria,14073355436
2020,DC_ENVTECH_IMP,Austria,13424285196
2010,DC_ENVTECH_IMP,Armenia,229483677
2011,DC_ENVTECH_IMP,Armenia,174337163
2012,DC_ENVTECH_IMP,Armenia,177370787
2013,DC_ENVTECH_IMP,Armenia,238356797
2014,DC_ENVTECH_IMP,Armenia,240982150
2015,DC_ENVTECH_IMP,Armenia,161357732
2016,DC_ENVTECH_IMP,Armenia,165319783
2017,DC_ENVTECH_IMP,Armenia,216430695
2018,DC_ENVTECH_IMP,Armenia,291636929
2019,DC_ENVTECH_IMP,Armenia,284280376
2020,DC_ENVTECH_IMP,Armenia,361735264
2010,DC_ENVTECH_IMP,Belgium,15729096939
2011,DC_ENVTECH_IMP,Belgium,18471251086
2012,DC_ENVTECH_IMP,Belgium,16139888328
2013,DC_ENVTECH_IMP,Belgium,15513941408
2014,DC_ENVTECH_IMP,Belgium,16184642699
2015,DC_ENVTECH_IMP,Belgium,13615110444
2016,DC_ENVTECH_IMP,Belgium,13832449679
2017,DC_ENVTECH_IMP,Belgium,14178416282
2018,DC_ENVTECH_IMP,Belgium,15068703821
2019,DC_ENVTECH_IMP,Belgium,15496157601
2020,DC_ENVTECH_IMP,Belgium,16247911168
2010,DC_ENVTECH_IMP,Bosnia and Herzegovina,548282843
2011,DC_ENVTECH_IMP,Bosnia and Herzegovina,616667292
2012,DC_ENVTECH_IMP,Bosnia and Herzegovina,578932049
2013,DC_ENVTECH_IMP,Bosnia and Herzegovina,580749777
2014,DC_ENVTECH_IMP,Bosnia and Herzegovina,739773696
2015,DC_ENVTECH_IMP,Bosnia and Herzegovina,575759510
2016,DC_ENVTECH_IMP,Bosnia and Herzegovina,551681779
2017,DC_ENVTECH_IMP,Bosnia and Herzegovina,668302870
2018,DC_ENVTECH_IMP,Bosnia and Herzegovina,735125820
2019,DC_ENVTECH_IMP,Bosnia and Herzegovina,676114484
2020,DC_ENVTECH_IMP,Bosnia and Herzegovina,694932977
2010,DC_ENVTECH_IMP,Bulgaria,1332856444
2011,DC_ENVTECH_IMP,Bulgaria,1766426170
2012,DC_ENVTECH_IMP,Bulgaria,2172310390
2013,DC_ENVTECH_IMP,Bulgaria,1797620232
2014,DC_ENVTECH_IMP,Bulgaria,1682432637
2015,DC_ENVTECH_IMP,Bulgaria,1377742941
2016,DC_ENVTECH_IMP,Bulgaria,1422652444
2017,DC_ENVTECH_IMP,Bulgaria,1636280953
2018,DC_ENVTECH_IMP,Bulgaria,1866836380
2019,DC_ENVTECH_IMP,Bulgaria,1939989611
2020,DC_ENVTECH_IMP,Bulgaria,2011066876
2010,DC_ENVTECH_IMP,Belarus,1924073600
2011,DC_ENVTECH_IMP,Belarus,2246070000
2012,DC_ENVTECH_IMP,Belarus,2680434200
2013,DC_ENVTECH_IMP,Belarus,2767154600
2014,DC_ENVTECH_IMP,Belarus,2401511400
2015,DC_ENVTECH_IMP,Belarus,2169540500
2016,DC_ENVTECH_IMP,Belarus,1963370600
2017,DC_ENVTECH_IMP,Belarus,2386623500
2018,DC_ENVTECH_IMP,Belarus,2364594900
2019,DC_ENVTECH_IMP,Belarus,2588795400
2020,DC_ENVTECH_IMP,Belarus,2196115600
2010,DC_ENVTECH_IMP,Canada,27290437723
2011,DC_ENVTECH_IMP,Canada,31940140584
2012,DC_ENVTECH_IMP,Canada,32167507212
2013,DC_ENVTECH_IMP,Canada,32225798306
2014,DC_ENVTECH_IMP,Canada,32770033745
2015,DC_ENVTECH_IMP,Canada,30953466046
2016,DC_ENVTECH_IMP,Canada,31239996867
2017,DC_ENVTECH_IMP,Canada,29493435838
2018,DC_ENVTECH_IMP,Canada,31265112520
2019,DC_ENVTECH_IMP,Canada,32080305977
2020,DC_ENVTECH_IMP,Canada,29042578702
2010,DC_ENVTECH_IMP,Chile,3814853551
2011,DC_ENVTECH_IMP,Chile,4402399971
2012,DC_ENVTECH_IMP,Chile,4832560729
2013,DC_ENVTECH_IMP,Chile,5416672108
2014,DC_ENVTECH_IMP,Chile,5231792337
2015,DC_ENVTECH_IMP,Chile,5007751175
2016,DC_ENVTECH_IMP,Chile,4739773027
2017,DC_ENVTECH_IMP,Chile,4366132075
2018,DC_ENVTECH_IMP,Chile,4808078359
2019,DC_ENVTECH_IMP,Chile,4507834267
2020,DC_ENVTECH_IMP,Chile,4889592409
2010,DC_ENVTECH_IMP,China,143251960135
2011,DC_ENVTECH_IMP,China,160047771959
2012,DC_ENVTECH_IMP,China,162405615966
2013,DC_ENVTECH_IMP,China,163492214675
2014,DC_ENVTECH_IMP,China,163926027998
2015,DC_ENVTECH_IMP,China,150149211739
2016,DC_ENVTECH_IMP,China,139686958009
2017,DC_ENVTECH_IMP,China,143654665420
2018,DC_ENVTECH_IMP,China,153204181676
2019,DC_ENVTECH_IMP,China,144961608123
2020,DC_ENVTECH_IMP,China,144254293143
2010,DC_ENVTECH_IMP,Colombia,2699387942
2011,DC_ENVTECH_IMP,Colombia,3388719396
2012,DC_ENVTECH_IMP,Colombia,3763428322
2013,DC_ENVTECH_IMP,Colombia,3921065566
2014,DC_ENVTECH_IMP,Colombia,4262068388
2015,DC_ENVTECH_IMP,Colombia,3720274895
2016,DC_ENVTECH_IMP,Colombia,2847348351
2017,DC_ENVTECH_IMP,Colombia,2866245417
2018,DC_ENVTECH_IMP,Colombia,3209231292
2019,DC_ENVTECH_IMP,Colombia,3193219662
2020,DC_ENVTECH_IMP,Colombia,2567166290
2010,DC_ENVTECH_IMP,Costa Rica,815544434
2011,DC_ENVTECH_IMP,Costa Rica,1100804127
2012,DC_ENVTECH_IMP,Costa Rica,1023992165
2013,DC_ENVTECH_IMP,Costa Rica,1115828831
2014,DC_ENVTECH_IMP,Costa Rica,1189285256
2015,DC_ENVTECH_IMP,Costa Rica,1088394056
2016,DC_ENVTECH_IMP,Costa Rica,1124528520
2017,DC_ENVTECH_IMP,Costa Rica,1072817354
2018,DC_ENVTECH_IMP,Costa Rica,1094159679
2019,DC_ENVTECH_IMP,Costa Rica,1119530999
2020,DC_ENVTECH_IMP,Costa Rica,1166244916
2010,DC_ENVTECH_IMP,Croatia,1356250397
2011,DC_ENVTECH_IMP,Croatia,1335662143
2012,DC_ENVTECH_IMP,Croatia,1164844852
2013,DC_ENVTECH_IMP,Croatia,1428655154
2014,DC_ENVTECH_IMP,Croatia,1278817201
2015,DC_ENVTECH_IMP,Croatia,1210919275
2016,DC_ENVTECH_IMP,Croatia,1323337702
2017,DC_ENVTECH_IMP,Croatia,1409643363
2018,DC_ENVTECH_IMP,Croatia,1561232217
2019,DC_ENVTECH_IMP,Croatia,1549287092
2020,DC_ENVTECH_IMP,Croatia,1699620304
2010,DC_ENVTECH_IMP,Cyprus,489138500
2011,DC_ENVTECH_IMP,Cyprus,467703859
2012,DC_ENVTECH_IMP,Cyprus,308297920
2013,DC_ENVTECH_IMP,Cyprus,242206886
2014,DC_ENVTECH_IMP,Cyprus,291148525
2015,DC_ENVTECH_IMP,Cyprus,235201335
2016,DC_ENVTECH_IMP,Cyprus,254231857
2017,DC_ENVTECH_IMP,Cyprus,307238870
2018,DC_ENVTECH_IMP,Cyprus,340351076
2019,DC_ENVTECH_IMP,Cyprus,362554717
2020,DC_ENVTECH_IMP,Cyprus,359542321
2010,DC_ENVTECH_IMP,Czechia,11327232443
2011,DC_ENVTECH_IMP,Czechia,12109002963
2012,DC_ENVTECH_IMP,Czechia,10820011433
2013,DC_ENVTECH_IMP,Czechia,10955169954
2014,DC_ENVTECH_IMP,Czechia,12199912127
2015,DC_ENVTECH_IMP,Czechia,11152906502
2016,DC_ENVTECH_IMP,Czechia,11365362824
2017,DC_ENVTECH_IMP,Czechia,12130766419
2018,DC_ENVTECH_IMP,Czechia,14090683548
2019,DC_ENVTECH_IMP,Czechia,14237317547
2020,DC_ENVTECH_IMP,Czechia,14366104198
2010,DC_ENVTECH_IMP,Denmark,5943712633
2011,DC_ENVTECH_IMP,Denmark,6641890812
2012,DC_ENVTECH_IMP,Denmark,6778303838
2013,DC_ENVTECH_IMP,Denmark,7106874355
2014,DC_ENVTECH_IMP,Denmark,7278614117
2015,DC_ENVTECH_IMP,Denmark,6565020766
2016,DC_ENVTECH_IMP,Denmark,6863242270
2017,DC_ENVTECH_IMP,Denmark,7055873206
2018,DC_ENVTECH_IMP,Denmark,7586132513
2019,DC_ENVTECH_IMP,Denmark,7999757500
2020,DC_ENVTECH_IMP,Denmark,8058391769
2010,DC_ENVTECH_IMP,Estonia,736156923
2011,DC_ENVTECH_IMP,Estonia,1024057808
2012,DC_ENVTECH_IMP,Estonia,1079767870
2013,DC_ENVTECH_IMP,Estonia,1144456471
2014,DC_ENVTECH_IMP,Estonia,1145873774
2015,DC_ENVTECH_IMP,Estonia,919416047
2016,DC_ENVTECH_IMP,Estonia,902374129
2017,DC_ENVTECH_IMP,Estonia,917959634
2018,DC_ENVTECH_IMP,Estonia,1077824441
2019,DC_ENVTECH_IMP,Estonia,1038840796
2020,DC_ENVTECH_IMP,Estonia,1191039769
2010,DC_ENVTECH_IMP,Finland,4415211719
2011,DC_ENVTECH_IMP,Finland,5620794189
2012,DC_ENVTECH_IMP,Finland,5216446285
2013,DC_ENVTECH_IMP,Finland,5257574409
2014,DC_ENVTECH_IMP,Finland,4986875104
2015,DC_ENVTECH_IMP,Finland,4220661711
2016,DC_ENVTECH_IMP,Finland,4335558134
2017,DC_ENVTECH_IMP,Finland,4552673694
2018,DC_ENVTECH_IMP,Finland,4738934201
2019,DC_ENVTECH_IMP,Finland,5128950553
2020,DC_ENVTECH_IMP,Finland,4938441968
2010,DC_ENVTECH_IMP,France,37482915051
2011,DC_ENVTECH_IMP,France,44885405277
2012,DC_ENVTECH_IMP,France,38174862685
2013,DC_ENVTECH_IMP,France,38932511525
2014,DC_ENVTECH_IMP,France,39589780761
2015,DC_ENVTECH_IMP,France,35762693505
2016,DC_ENVTECH_IMP,France,36425070041
2017,DC_ENVTECH_IMP,France,37866288233
2018,DC_ENVTECH_IMP,France,38130573900
2019,DC_ENVTECH_IMP,France,40686531254
2020,DC_ENVTECH_IMP,France,38399522905
2010,DC_ENVTECH_IMP,Georgia,233209430
2011,DC_ENVTECH_IMP,Georgia,357476729
2012,DC_ENVTECH_IMP,Georgia,404864672
2013,DC_ENVTECH_IMP,Georgia,405509972
2014,DC_ENVTECH_IMP,Georgia,527498872
2015,DC_ENVTECH_IMP,Georgia,495655819
2016,DC_ENVTECH_IMP,Georgia,589527480
2017,DC_ENVTECH_IMP,Georgia,439373521
2018,DC_ENVTECH_IMP,Georgia,606526852
2019,DC_ENVTECH_IMP,Georgia,501013226
2020,DC_ENVTECH_IMP,Georgia,421696633
2010,DC_ENVTECH_IMP,Germany,82320328015
2011,DC_ENVTECH_IMP,Germany,93062466165
2012,DC_ENVTECH_IMP,Germany,79690510361
2013,DC_ENVTECH_IMP,Germany,79235283373
2014,DC_ENVTECH_IMP,Germany,83728442058
2015,DC_ENVTECH_IMP,Germany,74581617365
2016,DC_ENVTECH_IMP,Germany,77020097891
2017,DC_ENVTECH_IMP,Germany,80249504805
2018,DC_ENVTECH_IMP,Germany,78424115228
2019,DC_ENVTECH_IMP,Germany,88786918745
2020,DC_ENVTECH_IMP,Germany,89160689331
2010,DC_ENVTECH_IMP,Greece,3076695093
2011,DC_ENVTECH_IMP,Greece,3509068337
2012,DC_ENVTECH_IMP,Greece,3116445107
2013,DC_ENVTECH_IMP,Greece,2375438281
2014,DC_ENVTECH_IMP,Greece,2158959021
2015,DC_ENVTECH_IMP,Greece,1947100350
2016,DC_ENVTECH_IMP,Greece,2177235987
2017,DC_ENVTECH_IMP,Greece,2310158986
2018,DC_ENVTECH_IMP,Greece,2797484831
2019,DC_ENVTECH_IMP,Greece,2923758102
2020,DC_ENVTECH_IMP,Greece,3084609427
2010,DC_ENVTECH_IMP,Hungary,7066823000
2011,DC_ENVTECH_IMP,Hungary,8329717000
2012,DC_ENVTECH_IMP,Hungary,7975486833
2013,DC_ENVTECH_IMP,Hungary,8508053411
2014,DC_ENVTECH_IMP,Hungary,9139882376
2015,DC_ENVTECH_IMP,Hungary,8810071726
2016,DC_ENVTECH_IMP,Hungary,9234787998
2017,DC_ENVTECH_IMP,Hungary,9592716249
2018,DC_ENVTECH_IMP,Hungary,10391339293
2019,DC_ENVTECH_IMP,Hungary,11099874295
2020,DC_ENVTECH_IMP,Hungary,10593418034
2010,DC_ENVTECH_IMP,Iceland,280467107
2011,DC_ENVTECH_IMP,Iceland,279662621
2012,DC_ENVTECH_IMP,Iceland,230766235
2013,DC_ENVTECH_IMP,Iceland,264047233
2014,DC_ENVTECH_IMP,Iceland,264564931
2015,DC_ENVTECH_IMP,Iceland,283382566
2016,DC_ENVTECH_IMP,Iceland,325848784
2017,DC_ENVTECH_IMP,Iceland,391528555
2018,DC_ENVTECH_IMP,Iceland,368819164
2019,DC_ENVTECH_IMP,Iceland,362040707
2020,DC_ENVTECH_IMP,Iceland,347011274
2010,DC_ENVTECH_IMP,India,15720113087
2011,DC_ENVTECH_IMP,India,21053372433
2012,DC_ENVTECH_IMP,India,21300031930
2013,DC_ENVTECH_IMP,India,19051159323
2014,DC_ENVTECH_IMP,India,19046078206
2015,DC_ENVTECH_IMP,India,20904143439
2016,DC_ENVTECH_IMP,India,22650759798
2017,DC_ENVTECH_IMP,India,24035348929
2018,DC_ENVTECH_IMP,India,25942127993
2019,DC_ENVTECH_IMP,India,26040800508
2020,DC_ENVTECH_IMP,India,21645244858
2010,DC_ENVTECH_IMP,Ireland,2530445131
2011,DC_ENVTECH_IMP,Ireland,2816705313
2012,DC_ENVTECH_IMP,Ireland,2599050897
2013,DC_ENVTECH_IMP,Ireland,3084021034
2014,DC_ENVTECH_IMP,Ireland,3478942095
2015,DC_ENVTECH_IMP,Ireland,3453870209
2016,DC_ENVTECH_IMP,Ireland,3408971324
2017,DC_ENVTECH_IMP,Ireland,3165803726
2018,DC_ENVTECH_IMP,Ireland,3787103338
2019,DC_ENVTECH_IMP,Ireland,3708266439
2020,DC_ENVTECH_IMP,Ireland,4063944695
2010,DC_ENVTECH_IMP,Israel,3070108000
2011,DC_ENVTECH_IMP,Israel,4076053000
2012,DC_ENVTECH_IMP,Israel,4690400000
2013,DC_ENVTECH_IMP,Israel,4170969000
2014,DC_ENVTECH_IMP,Israel,4064029000
2015,DC_ENVTECH_IMP,Israel,3827290000
2016,DC_ENVTECH_IMP,Israel,4068591000
2017,DC_ENVTECH_IMP,Israel,4371720000
2018,DC_ENVTECH_IMP,Israel,4525873000
2019,DC_ENVTECH_IMP,Israel,4726073000
2020,DC_ENVTECH_IMP,Israel,5091776000
2010,DC_ENVTECH_IMP,Japan,32332437707
2011,DC_ENVTECH_IMP,Japan,38796449923
2012,DC_ENVTECH_IMP,Japan,40190113074
2013,DC_ENVTECH_IMP,Japan,41494894894
2014,DC_ENVTECH_IMP,Japan,44841708453
2015,DC_ENVTECH_IMP,Japan,40118177502
2016,DC_ENVTECH_IMP,Japan,38603714333
2017,DC_ENVTECH_IMP,Japan,39498480309
2018,DC_ENVTECH_IMP,Japan,42505997103
2019,DC_ENVTECH_IMP,Japan,42370613832
2020,DC_ENVTECH_IMP,Japan,39572365356
2010,DC_ENVTECH_IMP,Kazakhstan,2771298445
2011,DC_ENVTECH_IMP,Kazakhstan,3632220623
2012,DC_ENVTECH_IMP,Kazakhstan,4018056180
2013,DC_ENVTECH_IMP,Kazakhstan,4552840483
2014,DC_ENVTECH_IMP,Kazakhstan,4487244732
2015,DC_ENVTECH_IMP,Kazakhstan,4222890884
2016,DC_ENVTECH_IMP,Kazakhstan,3269721022
2017,DC_ENVTECH_IMP,Kazakhstan,3047570908
2018,DC_ENVTECH_IMP,Kazakhstan,3499708345
2019,DC_ENVTECH_IMP,Kazakhstan,6399687621
2020,DC_ENVTECH_IMP,Kazakhstan,6091250946
2010,DC_ENVTECH_IMP,Republic of Korea,33454364003
2011,DC_ENVTECH_IMP,Republic of Korea,36051684687
2012,DC_ENVTECH_IMP,Republic of Korea,37591024092
2013,DC_ENVTECH_IMP,Republic of Korea,40664454256
2014,DC_ENVTECH_IMP,Republic of Korea,40851677851
2015,DC_ENVTECH_IMP,Republic of Korea,38218296053
2016,DC_ENVTECH_IMP,Republic of Korea,33757969541
2017,DC_ENVTECH_IMP,Republic of Korea,36278865269
2018,DC_ENVTECH_IMP,Republic of Korea,38259399060
2019,DC_ENVTECH_IMP,Republic of Korea,35518811311
2020,DC_ENVTECH_IMP,Republic of Korea,35762317471
2010,DC_ENVTECH_IMP,Kyrgyzstan,144595583
2011,DC_ENVTECH_IMP,Kyrgyzstan,151036090
2012,DC_ENVTECH_IMP,Kyrgyzstan,211924530
2013,DC_ENVTECH_IMP,Kyrgyzstan,287548581
2014,DC_ENVTECH_IMP,Kyrgyzstan,195970163
2015,DC_ENVTECH_IMP,Kyrgyzstan,187630364
2016,DC_ENVTECH_IMP,Kyrgyzstan,256842492
2017,DC_ENVTECH_IMP,Kyrgyzstan,184692955
2018,DC_ENVTECH_IMP,Kyrgyzstan,230972136
2019,DC_ENVTECH_IMP,Kyrgyzstan,214709709
2020,DC_ENVTECH_IMP,Kyrgyzstan,172501929
2010,DC_ENVTECH_IMP,Latvia,489070845
2011,DC_ENVTECH_IMP,Latvia,803104221
2012,DC_ENVTECH_IMP,Latvia,825478798
2013,DC_ENVTECH_IMP,Latvia,717155223
2014,DC_ENVTECH_IMP,Latvia,767078006
2015,DC_ENVTECH_IMP,Latvia,697346324
2016,DC_ENVTECH_IMP,Latvia,666588814
2017,DC_ENVTECH_IMP,Latvia,754358374
2018,DC_ENVTECH_IMP,Latvia,843250987
2019,DC_ENVTECH_IMP,Latvia,848177876
2020,DC_ENVTECH_IMP,Latvia,878517814
2010,DC_ENVTECH_IMP,Lithuania,1060841383
2011,DC_ENVTECH_IMP,Lithuania,1379473102
2012,DC_ENVTECH_IMP,Lithuania,1348417175
2013,DC_ENVTECH_IMP,Lithuania,1696435759
2014,DC_ENVTECH_IMP,Lithuania,1780713491
2015,DC_ENVTECH_IMP,Lithuania,1676106838
2016,DC_ENVTECH_IMP,Lithuania,1602628189
2017,DC_ENVTECH_IMP,Lithuania,1871160633
2018,DC_ENVTECH_IMP,Lithuania,2099472628
2019,DC_ENVTECH_IMP,Lithuania,2180408638
2020,DC_ENVTECH_IMP,Lithuania,2282539210
2010,DC_ENVTECH_IMP,Luxembourg,919750169
2011,DC_ENVTECH_IMP,Luxembourg,1130003219
2012,DC_ENVTECH_IMP,Luxembourg,1046605956
2013,DC_ENVTECH_IMP,Luxembourg,994419788
2014,DC_ENVTECH_IMP,Luxembourg,1012541703
2015,DC_ENVTECH_IMP,Luxembourg,899205954
2016,DC_ENVTECH_IMP,Luxembourg,922681089
2017,DC_ENVTECH_IMP,Luxembourg,967653610
2018,DC_ENVTECH_IMP,Luxembourg,1212746402
2019,DC_ENVTECH_IMP,Luxembourg,1235488323
2020,DC_ENVTECH_IMP,Luxembourg,1174427568
2010,DC_ENVTECH_IMP,Malta,229916956
2011,DC_ENVTECH_IMP,Malta,257114481
2012,DC_ENVTECH_IMP,Malta,202045808
2013,DC_ENVTECH_IMP,Malta,196595317
2014,DC_ENVTECH_IMP,Malta,216171942
2015,DC_ENVTECH_IMP,Malta,229646351
2016,DC_ENVTECH_IMP,Malta,188129188
2017,DC_ENVTECH_IMP,Malta,239391218
2018,DC_ENVTECH_IMP,Malta,227347723
2019,DC_ENVTECH_IMP,Malta,219528181
2020,DC_ENVTECH_IMP,Malta,178087597
2010,DC_ENVTECH_IMP,Mexico,29560721309
2011,DC_ENVTECH_IMP,Mexico,32255158068
2012,DC_ENVTECH_IMP,Mexico,34937297918
2013,DC_ENVTECH_IMP,Mexico,36544440541
2014,DC_ENVTECH_IMP,Mexico,39046604519
2015,DC_ENVTECH_IMP,Mexico,41323214880
2016,DC_ENVTECH_IMP,Mexico,39916103100
2017,DC_ENVTECH_IMP,Mexico,43052601600
2018,DC_ENVTECH_IMP,Mexico,45163325898
2019,DC_ENVTECH_IMP,Mexico,45187962952
2020,DC_ENVTECH_IMP,Mexico,40624491082
2010,DC_ENVTECH_IMP,Moldova,179002544
2011,DC_ENVTECH_IMP,Moldova,244296593
2012,DC_ENVTECH_IMP,Moldova,249258530
2013,DC_ENVTECH_IMP,Moldova,275502603
2014,DC_ENVTECH_IMP,Moldova,269385048
2015,DC_ENVTECH_IMP,Moldova,220722806
2016,DC_ENVTECH_IMP,Moldova,212559646
2017,DC_ENVTECH_IMP,Moldova,256664947
2018,DC_ENVTECH_IMP,Moldova,307093911
2019,DC_ENVTECH_IMP,Moldova,322146980
2020,DC_ENVTECH_IMP,Moldova,319201704
2010,DC_ENVTECH_IMP,Montenegro,112068685
2011,DC_ENVTECH_IMP,Montenegro,114370600
2012,DC_ENVTECH_IMP,Montenegro,109804522
2013,DC_ENVTECH_IMP,Montenegro,111836412
2014,DC_ENVTECH_IMP,Montenegro,115315869
2015,DC_ENVTECH_IMP,Montenegro,114643137
2016,DC_ENVTECH_IMP,Montenegro,165068072
2017,DC_ENVTECH_IMP,Montenegro,140874677
2018,DC_ENVTECH_IMP,Montenegro,208452136
2019,DC_ENVTECH_IMP,Montenegro,163897695
2020,DC_ENVTECH_IMP,Montenegro,136728580
2010,DC_ENVTECH_IMP,Netherlands (Kingdom of the),22668421249
2011,DC_ENVTECH_IMP,Netherlands (Kingdom of the),30332325950
2012,DC_ENVTECH_IMP,Netherlands (Kingdom of the),26553030547
2013,DC_ENVTECH_IMP,Netherlands (Kingdom of the),25445333383
2014,DC_ENVTECH_IMP,Netherlands (Kingdom of the),26761957741
2015,DC_ENVTECH_IMP,Netherlands (Kingdom of the),23790864522
2016,DC_ENVTECH_IMP,Netherlands (Kingdom of the),24364960114
2017,DC_ENVTECH_IMP,Netherlands (Kingdom of the),26170074810
2018,DC_ENVTECH_IMP,Netherlands (Kingdom of the),30447484117
2019,DC_ENVTECH_IMP,Netherlands (Kingdom of the),31839144802
2020,DC_ENVTECH_IMP,Netherlands (Kingdom of the),32072283411
2010,DC_ENVTECH_IMP,New Zealand,1712116727
2011,DC_ENVTECH_IMP,New Zealand,2563353154
2012,DC_ENVTECH_IMP,New Zealand,2234569589
2013,DC_ENVTECH_IMP,New Zealand,2173945817
2014,DC_ENVTECH_IMP,New Zealand,2350960033
2015,DC_ENVTECH_IMP,New Zealand,2161318907
2016,DC_ENVTECH_IMP,New Zealand,2098853659
2017,DC_ENVTECH_IMP,New Zealand,2349204498
2018,DC_ENVTECH_IMP,New Zealand,2481380435
2019,DC_ENVTECH_IMP,New Zealand,2595174351
2020,DC_ENVTECH_IMP,New Zealand,2446901320
2010,DC_ENVTECH_IMP,Norway,5849072431
2011,DC_ENVTECH_IMP,Norway,7051389310
2012,DC_ENVTECH_IMP,Norway,7248611375
2013,DC_ENVTECH_IMP,Norway,7393428343
2014,DC_ENVTECH_IMP,Norway,7849536538
2015,DC_ENVTECH_IMP,Norway,6910505462
2016,DC_ENVTECH_IMP,Norway,6154147490
2017,DC_ENVTECH_IMP,Norway,6562226082
2018,DC_ENVTECH_IMP,Norway,7118305156
2019,DC_ENVTECH_IMP,Norway,7839557170
2020,DC_ENVTECH_IMP,Norway,7276785087
2010,DC_ENVTECH_IMP,Poland,14717839186
2011,DC_ENVTECH_IMP,Poland,17707396063
2012,DC_ENVTECH_IMP,Poland,13693901723
2013,DC_ENVTECH_IMP,Poland,15039442849
2014,DC_ENVTECH_IMP,Poland,16611331791
2015,DC_ENVTECH_IMP,Poland,15446933626
2016,DC_ENVTECH_IMP,Poland,14601910963
2017,DC_ENVTECH_IMP,Poland,15653729509
2018,DC_ENVTECH_IMP,Poland,19354307691
2019,DC_ENVTECH_IMP,Poland,18061063227
2020,DC_ENVTECH_IMP,Poland,21220399934
2010,DC_ENVTECH_IMP,Portugal,4111531128
2011,DC_ENVTECH_IMP,Portugal,4118736842
2012,DC_ENVTECH_IMP,Portugal,3409483701
2013,DC_ENVTECH_IMP,Portugal,3628055901
2014,DC_ENVTECH_IMP,Portugal,3934884710
2015,DC_ENVTECH_IMP,Portugal,3414795201
2016,DC_ENVTECH_IMP,Portugal,3519121773
2017,DC_ENVTECH_IMP,Portugal,3806973729
2018,DC_ENVTECH_IMP,Portugal,4760394455
2019,DC_ENVTECH_IMP,Portugal,4707820143
2020,DC_ENVTECH_IMP,Portugal,4608992636
2010,DC_ENVTECH_IMP,Romania,5391188985
2011,DC_ENVTECH_IMP,Romania,6452296568
2012,DC_ENVTECH_IMP,Romania,6085018585
2013,DC_ENVTECH_IMP,Romania,6632459157
2014,DC_ENVTECH_IMP,Romania,6311469349
2015,DC_ENVTECH_IMP,Romania,6021840262
2016,DC_ENVTECH_IMP,Romania,6108784642
2017,DC_ENVTECH_IMP,Romania,6675641083
2018,DC_ENVTECH_IMP,Romania,7898415594
2019,DC_ENVTECH_IMP,Romania,7946559309
2020,DC_ENVTECH_IMP,Romania,7958998831
2010,DC_ENVTECH_IMP,Serbia,856160849
2011,DC_ENVTECH_IMP,Serbia,1243443930
2012,DC_ENVTECH_IMP,Serbia,1126688681
2013,DC_ENVTECH_IMP,Serbia,1130532694
2014,DC_ENVTECH_IMP,Serbia,1084552743
2015,DC_ENVTECH_IMP,Serbia,1047598144
2016,DC_ENVTECH_IMP,Serbia,1044395068
2017,DC_ENVTECH_IMP,Serbia,1178041515
2018,DC_ENVTECH_IMP,Serbia,1558945344
2019,DC_ENVTECH_IMP,Serbia,1519126320
2020,DC_ENVTECH_IMP,Serbia,1856968230
2010,DC_ENVTECH_IMP,Slovakia,5705540713
2011,DC_ENVTECH_IMP,Slovakia,7272247057
2012,DC_ENVTECH_IMP,Slovakia,7556632082
2013,DC_ENVTECH_IMP,Slovakia,7353507732
2014,DC_ENVTECH_IMP,Slovakia,7340525732
2015,DC_ENVTECH_IMP,Slovakia,6814404369
2016,DC_ENVTECH_IMP,Slovakia,6947115438
2017,DC_ENVTECH_IMP,Slovakia,6352580102
2018,DC_ENVTECH_IMP,Slovakia,6601836740
2019,DC_ENVTECH_IMP,Slovakia,6801158910
2020,DC_ENVTECH_IMP,Slovakia,7108347053
2010,DC_ENVTECH_IMP,Viet Nam,5816932350
2011,DC_ENVTECH_IMP,Viet Nam,6682452274
2012,DC_ENVTECH_IMP,Viet Nam,7369623295
2013,DC_ENVTECH_IMP,Viet Nam,9013815796
2014,DC_ENVTECH_IMP,Viet Nam,10521856086
2015,DC_ENVTECH_IMP,Viet Nam,13175643508
2016,DC_ENVTECH_IMP,Viet Nam,14157673299
2017,DC_ENVTECH_IMP,Viet Nam,20003342652
2018,DC_ENVTECH_IMP,Viet Nam,20038335281
2019,DC_ENVTECH_IMP,Viet Nam,22254427063
2020,DC_ENVTECH_IMP,Viet Nam,25132632929
2010,DC_ENVTECH_IMP,Slovenia,1768015010
2011,DC_ENVTECH_IMP,Slovenia,2075229570
2012,DC_ENVTECH_IMP,Slovenia,1940566203
2013,DC_ENVTECH_IMP,Slovenia,2158867281
2014,DC_ENVTECH_IMP,Slovenia,1892379262
2015,DC_ENVTECH_IMP,Slovenia,1735548183
2016,DC_ENVTECH_IMP,Slovenia,1867988836
2017,DC_ENVTECH_IMP,Slovenia,2011057157
2018,DC_ENVTECH_IMP,Slovenia,2297787291
2019,DC_ENVTECH_IMP,Slovenia,2351422608
2020,DC_ENVTECH_IMP,Slovenia,2377363961
2010,DC_ENVTECH_IMP,Spain,18778900167
2011,DC_ENVTECH_IMP,Spain,19559241759
2012,DC_ENVTECH_IMP,Spain,15531632381
2013,DC_ENVTECH_IMP,Spain,16014086125
2014,DC_ENVTECH_IMP,Spain,16570756483
2015,DC_ENVTECH_IMP,Spain,16391438500
2016,DC_ENVTECH_IMP,Spain,16694540634
2017,DC_ENVTECH_IMP,Spain,17330860528
2018,DC_ENVTECH_IMP,Spain,19646673299
2019,DC_ENVTECH_IMP,Spain,19874089991
2020,DC_ENVTECH_IMP,Spain,19584102959
2010,DC_ENVTECH_IMP,Sweden,10398138491
2011,DC_ENVTECH_IMP,Sweden,12098559832
2012,DC_ENVTECH_IMP,Sweden,10883264212
2013,DC_ENVTECH_IMP,Sweden,11204298707
2014,DC_ENVTECH_IMP,Sweden,11299360974
2015,DC_ENVTECH_IMP,Sweden,9991641198
2016,DC_ENVTECH_IMP,Sweden,10099150301
2017,DC_ENVTECH_IMP,Sweden,10737716265
2018,DC_ENVTECH_IMP,Sweden,11751778522
2019,DC_ENVTECH_IMP,Sweden,12118381744
2020,DC_ENVTECH_IMP,Sweden,12017003631
2010,DC_ENVTECH_IMP,Switzerland,11487565197
2011,DC_ENVTECH_IMP,Switzerland,13254860654
2012,DC_ENVTECH_IMP,Switzerland,12493847698
2013,DC_ENVTECH_IMP,Switzerland,13215173309
2014,DC_ENVTECH_IMP,Switzerland,13574372191
2015,DC_ENVTECH_IMP,Switzerland,12107097067
2016,DC_ENVTECH_IMP,Switzerland,11891062677
2017,DC_ENVTECH_IMP,Switzerland,12372853798
2018,DC_ENVTECH_IMP,Switzerland,13013881022
2019,DC_ENVTECH_IMP,Switzerland,12929148832
2020,DC_ENVTECH_IMP,Switzerland,13240671743
2016,DC_ENVTECH_IMP,Tajikistan,249933005
2017,DC_ENVTECH_IMP,Tajikistan,129690707
2018,DC_ENVTECH_IMP,Tajikistan,154555214
2019,DC_ENVTECH_IMP,Tajikistan,144064910
2020,DC_ENVTECH_IMP,Tajikistan,143224518
2012,DC_ENVTECH_IMP,United Arab Emirates,14759761631
2013,DC_ENVTECH_IMP,United Arab Emirates,7986961648
2014,DC_ENVTECH_IMP,United Arab Emirates,9394319871
2015,DC_ENVTECH_IMP,United Arab Emirates,10261029731
2016,DC_ENVTECH_IMP,United Arab Emirates,9610517910
2017,DC_ENVTECH_IMP,United Arab Emirates,12732406998
2018,DC_ENVTECH_IMP,United Arab Emirates,11504803115
2019,DC_ENVTECH_IMP,United Arab Emirates,12184176296
2020,DC_ENVTECH_IMP,United Arab Emirates,12398099366
2010,DC_ENVTECH_IMP,Türkiye,11736842184
2011,DC_ENVTECH_IMP,Türkiye,13755746432
2012,DC_ENVTECH_IMP,Türkiye,14131491690
2013,DC_ENVTECH_IMP,Türkiye,17238216894
2014,DC_ENVTECH_IMP,Türkiye,15528856562
2015,DC_ENVTECH_IMP,Türkiye,15081404510
2016,DC_ENVTECH_IMP,Türkiye,18492383827
2017,DC_ENVTECH_IMP,Türkiye,17620413198
2018,DC_ENVTECH_IMP,Türkiye,14246563763
2019,DC_ENVTECH_IMP,Türkiye,13110234994
2020,DC_ENVTECH_IMP,Türkiye,14866811621
2010,DC_ENVTECH_IMP,Ukraine,2518207605
2011,DC_ENVTECH_IMP,Ukraine,3971792522
2012,DC_ENVTECH_IMP,Ukraine,4867464463
2013,DC_ENVTECH_IMP,Ukraine,4190721585
2014,DC_ENVTECH_IMP,Ukraine,2666437700
2015,DC_ENVTECH_IMP,Ukraine,1827801239
2016,DC_ENVTECH_IMP,Ukraine,2258124879
2017,DC_ENVTECH_IMP,Ukraine,2959682262
2018,DC_ENVTECH_IMP,Ukraine,3944425499
2019,DC_ENVTECH_IMP,Ukraine,5239570030
2020,DC_ENVTECH_IMP,Ukraine,3542581892
2010,DC_ENVTECH_IMP,North Macedonia,256541371
2011,DC_ENVTECH_IMP,North Macedonia,365547937
2012,DC_ENVTECH_IMP,North Macedonia,347488934
2013,DC_ENVTECH_IMP,North Macedonia,454124360
2014,DC_ENVTECH_IMP,North Macedonia,541285490
2015,DC_ENVTECH_IMP,North Macedonia,557885834
2016,DC_ENVTECH_IMP,North Macedonia,680964622
2017,DC_ENVTECH_IMP,North Macedonia,663842217
2018,DC_ENVTECH_IMP,North Macedonia,822157474
2019,DC_ENVTECH_IMP,North Macedonia,858801573
2020,DC_ENVTECH_IMP,North Macedonia,782572162
2010,DC_ENVTECH_IMP,United Kingdom of Great Britain and Northern Ireland,32466377876
2011,DC_ENVTECH_IMP,United Kingdom of Great Britain and Northern Ireland,38011281998
2012,DC_ENVTECH_IMP,United Kingdom of Great Britain and Northern Ireland,35038159413
2013,DC_ENVTECH_IMP,United Kingdom of Great Britain and Northern Ireland,37069836552
2014,DC_ENVTECH_IMP,United Kingdom of Great Britain and Northern Ireland,40670941390
2015,DC_ENVTECH_IMP,United Kingdom of Great Britain and Northern Ireland,37926619317
2016,DC_ENVTECH_IMP,United Kingdom of Great Britain and Northern Ireland,35602753016
2017,DC_ENVTECH_IMP,United Kingdom of Great Britain and Northern Ireland,35827113612
2018,DC_ENVTECH_IMP,United Kingdom of Great Britain and Northern Ireland,37820536692
2019,DC_ENVTECH_IMP,United Kingdom of Great Britain and Northern Ireland,37755708118
2020,DC_ENVTECH_IMP,United Kingdom of Great Britain and Northern Ireland,34410231267
2017,DC_ENVTECH_IMP,Uzbekistan,1035553351
2018,DC_ENVTECH_IMP,Uzbekistan,2055548520
2019,DC_ENVTECH_IMP,Uzbekistan,3067484107
2020,DC_ENVTECH_IMP,Uzbekistan,2383408808
2020,DC_ENVTECH_IMP,Uzbekistan,2383408808
