Year,SeriesCode,Country,Value
2001,AG_PRD_ORTIND,Albania,0.13
2002,AG_PRD_ORTIND,Albania,0.17
2003,AG_PRD_ORTIND,Albania,0.11
2004,AG_PRD_ORTIND,Albania,0.1
2005,AG_PRD_ORTIND,Albania,0.11
2006,AG_PRD_ORTIND,Albania,0.12
2007,AG_PRD_ORTIND,Albania,0.13
2008,AG_PRD_ORTIND,Albania,0.1
2009,AG_PRD_ORTIND,Albania,0.1
2010,AG_PRD_ORTIND,Albania,0.09
2011,AG_PRD_ORTIND,Albania,0.09
2012,AG_PRD_ORTIND,Albania,0.08
2013,AG_PRD_ORTIND,Albania,0.09
2014,AG_PRD_ORTIND,Albania,0.09
2015,AG_PRD_ORTIND,Albania,0.1
2016,AG_PRD_ORTIND,Albania,0.15
2017,AG_PRD_ORTIND,Albania,0.12
2018,AG_PRD_ORTIND,Albania,0.12
2019,AG_PRD_ORTIND,Albania,0.11
2020,AG_PRD_ORTIND,Albania,0.11
2021,AG_PRD_ORTIND,Albania,0.16
2001,AG_PRD_ORTIND,Azerbaijan,0.19
2002,AG_PRD_ORTIND,Azerbaijan,0.2
2003,AG_PRD_ORTIND,Azerbaijan,0.22
2004,AG_PRD_ORTIND,Azerbaijan,0.25
2005,AG_PRD_ORTIND,Azerbaijan,0.3
2006,AG_PRD_ORTIND,Azerbaijan,0.38
2007,AG_PRD_ORTIND,Azerbaijan,0.39
2008,AG_PRD_ORTIND,Azerbaijan,0.45
2009,AG_PRD_ORTIND,Azerbaijan,0.56
2010,AG_PRD_ORTIND,Azerbaijan,0.5
2011,AG_PRD_ORTIND,Azerbaijan,0.53
2012,AG_PRD_ORTIND,Azerbaijan,0.48
2013,AG_PRD_ORTIND,Azerbaijan,0.44
2014,AG_PRD_ORTIND,Azerbaijan,0.46
2015,AG_PRD_ORTIND,Azerbaijan,0.45
2016,AG_PRD_ORTIND,Azerbaijan,0.55
2017,AG_PRD_ORTIND,Azerbaijan,0.44
2018,AG_PRD_ORTIND,Azerbaijan,0.67
2019,AG_PRD_ORTIND,Azerbaijan,0.5
2020,AG_PRD_ORTIND,Azerbaijan,0.45
2021,AG_PRD_ORTIND,Azerbaijan,0.51
2001,AG_PRD_ORTIND,Australia,0.38
2002,AG_PRD_ORTIND,Australia,0.5
2003,AG_PRD_ORTIND,Australia,0.48
2004,AG_PRD_ORTIND,Australia,0.48
2005,AG_PRD_ORTIND,Australia,0.42
2006,AG_PRD_ORTIND,Australia,0.64
2007,AG_PRD_ORTIND,Australia,0.6
2008,AG_PRD_ORTIND,Australia,0.7
2009,AG_PRD_ORTIND,Australia,0.54
2010,AG_PRD_ORTIND,Australia,0.5
2011,AG_PRD_ORTIND,Australia,0.45
2012,AG_PRD_ORTIND,Australia,0.4
2013,AG_PRD_ORTIND,Australia,0.36
2014,AG_PRD_ORTIND,Australia,0.3
2015,AG_PRD_ORTIND,Australia,0.27
2016,AG_PRD_ORTIND,Australia,0.25
2017,AG_PRD_ORTIND,Australia,0.26
2018,AG_PRD_ORTIND,Australia,0.3
2019,AG_PRD_ORTIND,Australia,0.32
2020,AG_PRD_ORTIND,Australia,0.24
2021,AG_PRD_ORTIND,Australia,0.19
2001,AG_PRD_ORTIND,Austria,0.69
2001,AG_PRD_ORTIND,Hungary,0.73
2002,AG_PRD_ORTIND,Hungary,1.06
2003,AG_PRD_ORTIND,Hungary,0.86
2004,AG_PRD_ORTIND,Hungary,0.69
2005,AG_PRD_ORTIND,Hungary,0.69
2006,AG_PRD_ORTIND,Hungary,0.68
2007,AG_PRD_ORTIND,Hungary,0.67
2008,AG_PRD_ORTIND,Hungary,0.42
2009,AG_PRD_ORTIND,Hungary,0.52
2010,AG_PRD_ORTIND,Hungary,0.31
2011,AG_PRD_ORTIND,Hungary,0.26
2002,AG_PRD_ORTIND,Austria,0.8
2003,AG_PRD_ORTIND,Austria,0.84
2004,AG_PRD_ORTIND,Austria,0.73
2005,AG_PRD_ORTIND,Austria,0.88
2006,AG_PRD_ORTIND,Austria,0.8
2007,AG_PRD_ORTIND,Austria,0.66
2008,AG_PRD_ORTIND,Austria,0.71
2009,AG_PRD_ORTIND,Austria,0.8
2010,AG_PRD_ORTIND,Austria,0.69
2011,AG_PRD_ORTIND,Austria,0.59
2012,AG_PRD_ORTIND,Austria,0.59
2013,AG_PRD_ORTIND,Austria,0.65
2014,AG_PRD_ORTIND,Austria,0.63
2015,AG_PRD_ORTIND,Austria,0.62
2016,AG_PRD_ORTIND,Austria,0.62
2017,AG_PRD_ORTIND,Austria,0.58
2018,AG_PRD_ORTIND,Austria,0.62
2019,AG_PRD_ORTIND,Austria,0.65
2020,AG_PRD_ORTIND,Austria,0.63
2021,AG_PRD_ORTIND,Austria,0.57
2001,AG_PRD_ORTIND,Armenia,0.16
2002,AG_PRD_ORTIND,Armenia,0.17
2003,AG_PRD_ORTIND,Armenia,0.19
2004,AG_PRD_ORTIND,Armenia,0.18
2005,AG_PRD_ORTIND,Armenia,0.21
2006,AG_PRD_ORTIND,Armenia,0.22
2007,AG_PRD_ORTIND,Armenia,0.22
2008,AG_PRD_ORTIND,Armenia,0.23
2009,AG_PRD_ORTIND,Armenia,0.24
2010,AG_PRD_ORTIND,Armenia,0.26
2011,AG_PRD_ORTIND,Armenia,0.22
2012,AG_PRD_ORTIND,Armenia,0.12
2012,AG_PRD_ORTIND,Hungary,0.26
2013,AG_PRD_ORTIND,Hungary,0.23
2014,AG_PRD_ORTIND,Hungary,0.31
2015,AG_PRD_ORTIND,Hungary,0.28
2016,AG_PRD_ORTIND,Hungary,0.26
2017,AG_PRD_ORTIND,Hungary,0.29
2018,AG_PRD_ORTIND,Hungary,0.25
2019,AG_PRD_ORTIND,Hungary,0.3
2020,AG_PRD_ORTIND,Hungary,0.32
2021,AG_PRD_ORTIND,Hungary,0.3
2001,AG_PRD_ORTIND,Iceland,0.49
2013,AG_PRD_ORTIND,Armenia,0.09
2014,AG_PRD_ORTIND,Armenia,0.09
2015,AG_PRD_ORTIND,Armenia,0.14
2016,AG_PRD_ORTIND,Armenia,0.2
2017,AG_PRD_ORTIND,Armenia,0.17
2018,AG_PRD_ORTIND,Armenia,0.13
2019,AG_PRD_ORTIND,Armenia,0.17
2020,AG_PRD_ORTIND,Armenia,0.15
2021,AG_PRD_ORTIND,Armenia,0.21
2001,AG_PRD_ORTIND,Belgium,0.23
2002,AG_PRD_ORTIND,Belgium,0.17
2003,AG_PRD_ORTIND,Belgium,0.18
2004,AG_PRD_ORTIND,Belgium,0.2
2005,AG_PRD_ORTIND,Belgium,0.23
2006,AG_PRD_ORTIND,Belgium,0.2
2007,AG_PRD_ORTIND,Belgium,0.21
2008,AG_PRD_ORTIND,Belgium,0.25
2009,AG_PRD_ORTIND,Belgium,0.18
2010,AG_PRD_ORTIND,Belgium,0.16
2011,AG_PRD_ORTIND,Belgium,0.14
2012,AG_PRD_ORTIND,Belgium,0.13
2002,AG_PRD_ORTIND,Iceland,0.46
2003,AG_PRD_ORTIND,Iceland,0.53
2004,AG_PRD_ORTIND,Iceland,0.58
2005,AG_PRD_ORTIND,Iceland,0.68
2006,AG_PRD_ORTIND,Iceland,0.51
2007,AG_PRD_ORTIND,Iceland,0.56
2008,AG_PRD_ORTIND,Iceland,0.36
2009,AG_PRD_ORTIND,Iceland,0.41
2010,AG_PRD_ORTIND,Iceland,0.36
2011,AG_PRD_ORTIND,Iceland,0.36
2013,AG_PRD_ORTIND,Belgium,0.17
2014,AG_PRD_ORTIND,Belgium,0.18
2015,AG_PRD_ORTIND,Belgium,0.23
2016,AG_PRD_ORTIND,Belgium,0.26
2017,AG_PRD_ORTIND,Belgium,0.24
2018,AG_PRD_ORTIND,Belgium,0.25
2019,AG_PRD_ORTIND,Belgium,0.21
2020,AG_PRD_ORTIND,Belgium,0.2
2021,AG_PRD_ORTIND,Belgium,0.23
2001,AG_PRD_ORTIND,Bulgaria,0.18
2002,AG_PRD_ORTIND,Bulgaria,0.27
2012,AG_PRD_ORTIND,Iceland,0.37
2013,AG_PRD_ORTIND,Iceland,0.37
2014,AG_PRD_ORTIND,Iceland,0.38
2015,AG_PRD_ORTIND,Iceland,0.37
2016,AG_PRD_ORTIND,Iceland,0.38
2017,AG_PRD_ORTIND,Iceland,0.47
2018,AG_PRD_ORTIND,Iceland,0.43
2019,AG_PRD_ORTIND,Iceland,0.36
2020,AG_PRD_ORTIND,Iceland,0.33
2021,AG_PRD_ORTIND,Iceland,0.32
2001,AG_PRD_ORTIND,India,0.36
2002,AG_PRD_ORTIND,India,0.35
2003,AG_PRD_ORTIND,India,0.35
2004,AG_PRD_ORTIND,India,0.37
2005,AG_PRD_ORTIND,India,0.39
2006,AG_PRD_ORTIND,India,0.45
2007,AG_PRD_ORTIND,India,0.52
2008,AG_PRD_ORTIND,India,0.62
2009,AG_PRD_ORTIND,India,0.52
2010,AG_PRD_ORTIND,India,0.5
2011,AG_PRD_ORTIND,India,0.49
2012,AG_PRD_ORTIND,India,0.48
2013,AG_PRD_ORTIND,India,0.49
2014,AG_PRD_ORTIND,India,0.46
2015,AG_PRD_ORTIND,India,0.48
2016,AG_PRD_ORTIND,India,0.42
2017,AG_PRD_ORTIND,India,0.45
2018,AG_PRD_ORTIND,India,0.47
2019,AG_PRD_ORTIND,India,0.45
2020,AG_PRD_ORTIND,India,0.39
2021,AG_PRD_ORTIND,India,0.43
2001,AG_PRD_ORTIND,Ireland,1.53
2002,AG_PRD_ORTIND,Ireland,1.43
2003,AG_PRD_ORTIND,Ireland,1.45
2004,AG_PRD_ORTIND,Ireland,1.23
2005,AG_PRD_ORTIND,Ireland,1.82
2006,AG_PRD_ORTIND,Ireland,1.79
2007,AG_PRD_ORTIND,Ireland,1.73
2008,AG_PRD_ORTIND,Ireland,3.38
2009,AG_PRD_ORTIND,Ireland,2.33
2010,AG_PRD_ORTIND,Ireland,0.83
2011,AG_PRD_ORTIND,Ireland,0.8
2012,AG_PRD_ORTIND,Ireland,1.24
2013,AG_PRD_ORTIND,Ireland,0.93
2014,AG_PRD_ORTIND,Ireland,0.82
2015,AG_PRD_ORTIND,Ireland,1.15
2016,AG_PRD_ORTIND,Ireland,1.1
2017,AG_PRD_ORTIND,Ireland,0.9
2018,AG_PRD_ORTIND,Ireland,1.22
2019,AG_PRD_ORTIND,Ireland,1.16
2020,AG_PRD_ORTIND,Ireland,1.03
2021,AG_PRD_ORTIND,Ireland,1.02
2001,AG_PRD_ORTIND,Israel,0.45
2002,AG_PRD_ORTIND,Israel,0.38
2003,AG_PRD_ORTIND,Israel,0.41
2004,AG_PRD_ORTIND,Israel,0.33
2005,AG_PRD_ORTIND,Israel,0.25
2006,AG_PRD_ORTIND,Israel,0.27
2007,AG_PRD_ORTIND,Israel,0.33
2008,AG_PRD_ORTIND,Israel,0.26
2009,AG_PRD_ORTIND,Israel,0.22
2010,AG_PRD_ORTIND,Israel,0.24
2011,AG_PRD_ORTIND,Israel,0.23
2012,AG_PRD_ORTIND,Israel,0.33
2013,AG_PRD_ORTIND,Israel,0.3
2014,AG_PRD_ORTIND,Israel,0.42
2015,AG_PRD_ORTIND,Israel,0.35
2016,AG_PRD_ORTIND,Israel,0.31
2017,AG_PRD_ORTIND,Israel,0.31
2018,AG_PRD_ORTIND,Israel,0.3
2019,AG_PRD_ORTIND,Israel,0.38
2020,AG_PRD_ORTIND,Israel,0.26
2021,AG_PRD_ORTIND,Israel,0.28
2001,AG_PRD_ORTIND,Italy,0.48
2002,AG_PRD_ORTIND,Italy,0.51
2003,AG_PRD_ORTIND,Italy,0.37
2004,AG_PRD_ORTIND,Italy,0.36
2005,AG_PRD_ORTIND,Italy,0.38
2006,AG_PRD_ORTIND,Italy,0.45
2007,AG_PRD_ORTIND,Italy,0.41
2008,AG_PRD_ORTIND,Italy,0.38
2009,AG_PRD_ORTIND,Italy,0.39
2010,AG_PRD_ORTIND,Italy,0.39
2011,AG_PRD_ORTIND,Italy,0.39
2012,AG_PRD_ORTIND,Italy,0.28
2013,AG_PRD_ORTIND,Italy,0.27
2014,AG_PRD_ORTIND,Italy,0.29
2015,AG_PRD_ORTIND,Italy,0.22
2016,AG_PRD_ORTIND,Italy,0.22
2017,AG_PRD_ORTIND,Italy,0.21
2018,AG_PRD_ORTIND,Italy,0.2
2019,AG_PRD_ORTIND,Italy,0.25
2020,AG_PRD_ORTIND,Italy,0.27
2021,AG_PRD_ORTIND,Italy,0.23
2001,AG_PRD_ORTIND,Japan,1.78
2002,AG_PRD_ORTIND,Japan,1.75
2003,AG_PRD_ORTIND,Japan,1.84
2004,AG_PRD_ORTIND,Japan,1.93
2005,AG_PRD_ORTIND,Japan,2.4
2006,AG_PRD_ORTIND,Japan,2.22
2007,AG_PRD_ORTIND,Japan,2.3
2008,AG_PRD_ORTIND,Japan,2.27
2009,AG_PRD_ORTIND,Japan,2.14
2010,AG_PRD_ORTIND,Japan,2.11
2011,AG_PRD_ORTIND,Japan,2.15
2012,AG_PRD_ORTIND,Japan,2.1
2013,AG_PRD_ORTIND,Japan,2.29
2014,AG_PRD_ORTIND,Japan,2.29
2015,AG_PRD_ORTIND,Japan,2.18
2016,AG_PRD_ORTIND,Japan,1.92
2017,AG_PRD_ORTIND,Japan,2.0
2018,AG_PRD_ORTIND,Japan,2.13
2019,AG_PRD_ORTIND,Japan,2.17
2020,AG_PRD_ORTIND,Japan,1.98
2021,AG_PRD_ORTIND,Japan,2.11
2001,AG_PRD_ORTIND,Kazakhstan,0.32
2002,AG_PRD_ORTIND,Kazakhstan,0.4
2003,AG_PRD_ORTIND,Kazakhstan,0.53
2004,AG_PRD_ORTIND,Kazakhstan,0.7
2005,AG_PRD_ORTIND,Kazakhstan,0.58
2006,AG_PRD_ORTIND,Kazakhstan,0.71
2007,AG_PRD_ORTIND,Kazakhstan,0.72
2008,AG_PRD_ORTIND,Kazakhstan,0.89
2009,AG_PRD_ORTIND,Kazakhstan,0.6
2010,AG_PRD_ORTIND,Kazakhstan,0.86
2011,AG_PRD_ORTIND,Kazakhstan,0.84
2012,AG_PRD_ORTIND,Kazakhstan,0.94
2013,AG_PRD_ORTIND,Kazakhstan,0.73
2014,AG_PRD_ORTIND,Kazakhstan,0.94
2015,AG_PRD_ORTIND,Kazakhstan,0.92
2016,AG_PRD_ORTIND,Kazakhstan,1.0
2017,AG_PRD_ORTIND,Kazakhstan,0.96
2018,AG_PRD_ORTIND,Kazakhstan,0.97
2019,AG_PRD_ORTIND,Kazakhstan,1.15
2020,AG_PRD_ORTIND,Kazakhstan,0.86
2021,AG_PRD_ORTIND,Kazakhstan,0.83
2001,AG_PRD_ORTIND,Republic of Korea,1.6
2002,AG_PRD_ORTIND,Republic of Korea,1.62
2003,AG_PRD_ORTIND,Republic of Korea,1.66
2004,AG_PRD_ORTIND,Republic of Korea,1.5
2005,AG_PRD_ORTIND,Republic of Korea,1.72
2006,AG_PRD_ORTIND,Republic of Korea,2.04
2007,AG_PRD_ORTIND,Republic of Korea,2.1
2008,AG_PRD_ORTIND,Republic of Korea,2.2
2009,AG_PRD_ORTIND,Republic of Korea,1.9
2010,AG_PRD_ORTIND,Republic of Korea,2.09
2011,AG_PRD_ORTIND,Republic of Korea,2.15
2012,AG_PRD_ORTIND,Republic of Korea,1.95
2013,AG_PRD_ORTIND,Republic of Korea,1.94
2014,AG_PRD_ORTIND,Republic of Korea,1.81
2015,AG_PRD_ORTIND,Republic of Korea,2.06
2016,AG_PRD_ORTIND,Republic of Korea,2.17
2017,AG_PRD_ORTIND,Republic of Korea,2.16
2018,AG_PRD_ORTIND,Republic of Korea,2.32
2019,AG_PRD_ORTIND,Republic of Korea,2.04
2020,AG_PRD_ORTIND,Republic of Korea,1.8
2021,AG_PRD_ORTIND,Republic of Korea,2.04
2001,AG_PRD_ORTIND,Kyrgyzstan,0.12
2002,AG_PRD_ORTIND,Kyrgyzstan,0.12
2003,AG_PRD_ORTIND,Kyrgyzstan,0.12
2004,AG_PRD_ORTIND,Kyrgyzstan,0.14
2005,AG_PRD_ORTIND,Kyrgyzstan,0.13
2006,AG_PRD_ORTIND,Kyrgyzstan,0.17
2007,AG_PRD_ORTIND,Kyrgyzstan,0.11
2008,AG_PRD_ORTIND,Kyrgyzstan,0.07
2009,AG_PRD_ORTIND,Kyrgyzstan,0.08
2010,AG_PRD_ORTIND,Kyrgyzstan,0.08
2011,AG_PRD_ORTIND,Kyrgyzstan,0.06
2012,AG_PRD_ORTIND,Kyrgyzstan,0.05
2013,AG_PRD_ORTIND,Kyrgyzstan,0.1
2014,AG_PRD_ORTIND,Kyrgyzstan,0.06
2015,AG_PRD_ORTIND,Kyrgyzstan,0.07
2016,AG_PRD_ORTIND,Kyrgyzstan,0.07
2017,AG_PRD_ORTIND,Kyrgyzstan,0.07
2018,AG_PRD_ORTIND,Kyrgyzstan,0.08
2019,AG_PRD_ORTIND,Kyrgyzstan,0.07
2020,AG_PRD_ORTIND,Kyrgyzstan,0.08
2021,AG_PRD_ORTIND,Kyrgyzstan,0.07
2001,AG_PRD_ORTIND,Latvia,0.63
2002,AG_PRD_ORTIND,Latvia,0.63
2003,AG_PRD_ORTIND,Latvia,0.72
2004,AG_PRD_ORTIND,Latvia,0.63
2005,AG_PRD_ORTIND,Latvia,0.64
2006,AG_PRD_ORTIND,Latvia,0.68
2007,AG_PRD_ORTIND,Latvia,0.84
2008,AG_PRD_ORTIND,Latvia,1.47
2009,AG_PRD_ORTIND,Latvia,0.87
2010,AG_PRD_ORTIND,Latvia,0.78
2011,AG_PRD_ORTIND,Latvia,0.26
2012,AG_PRD_ORTIND,Latvia,0.42
2013,AG_PRD_ORTIND,Latvia,0.32
2014,AG_PRD_ORTIND,Latvia,0.38
2015,AG_PRD_ORTIND,Latvia,0.27
2016,AG_PRD_ORTIND,Latvia,0.34
2017,AG_PRD_ORTIND,Latvia,0.32
2018,AG_PRD_ORTIND,Latvia,0.29
2019,AG_PRD_ORTIND,Latvia,0.26
2020,AG_PRD_ORTIND,Latvia,0.35
2021,AG_PRD_ORTIND,Latvia,0.29
2001,AG_PRD_ORTIND,Lithuania,0.7
2002,AG_PRD_ORTIND,Lithuania,0.7
2003,AG_PRD_ORTIND,Lithuania,0.72
2004,AG_PRD_ORTIND,Lithuania,0.92
2005,AG_PRD_ORTIND,Lithuania,0.74
2006,AG_PRD_ORTIND,Lithuania,0.93
2007,AG_PRD_ORTIND,Lithuania,1.07
2008,AG_PRD_ORTIND,Lithuania,0.94
2009,AG_PRD_ORTIND,Lithuania,1.19
2010,AG_PRD_ORTIND,Lithuania,0.97
2011,AG_PRD_ORTIND,Lithuania,0.71
2012,AG_PRD_ORTIND,Lithuania,0.67
2013,AG_PRD_ORTIND,Lithuania,0.72
2014,AG_PRD_ORTIND,Lithuania,0.75
2015,AG_PRD_ORTIND,Lithuania,0.8
2016,AG_PRD_ORTIND,Lithuania,0.69
2017,AG_PRD_ORTIND,Lithuania,0.53
2018,AG_PRD_ORTIND,Lithuania,0.53
2019,AG_PRD_ORTIND,Lithuania,0.46
2020,AG_PRD_ORTIND,Lithuania,0.42
2021,AG_PRD_ORTIND,Lithuania,0.44
2001,AG_PRD_ORTIND,Luxembourg,2.36
2002,AG_PRD_ORTIND,Luxembourg,1.85
2003,AG_PRD_ORTIND,Luxembourg,2.96
2004,AG_PRD_ORTIND,Luxembourg,2.28
2005,AG_PRD_ORTIND,Luxembourg,2.99
2006,AG_PRD_ORTIND,Luxembourg,3.32
2007,AG_PRD_ORTIND,Luxembourg,2.81
2008,AG_PRD_ORTIND,Luxembourg,2.98
2009,AG_PRD_ORTIND,Luxembourg,4.66
2010,AG_PRD_ORTIND,Luxembourg,3.89
2011,AG_PRD_ORTIND,Luxembourg,4.24
2012,AG_PRD_ORTIND,Luxembourg,3.24
2013,AG_PRD_ORTIND,Luxembourg,3.22
2014,AG_PRD_ORTIND,Luxembourg,2.75
2015,AG_PRD_ORTIND,Luxembourg,3.79
2016,AG_PRD_ORTIND,Luxembourg,3.19
2017,AG_PRD_ORTIND,Luxembourg,2.83
2018,AG_PRD_ORTIND,Luxembourg,3.21
2019,AG_PRD_ORTIND,Luxembourg,3.26
2020,AG_PRD_ORTIND,Luxembourg,3.21
2021,AG_PRD_ORTIND,Luxembourg,3.77
2001,AG_PRD_ORTIND,Malta,0.67
2002,AG_PRD_ORTIND,Malta,0.75
2003,AG_PRD_ORTIND,Malta,0.85
2004,AG_PRD_ORTIND,Malta,1.28
2005,AG_PRD_ORTIND,Malta,1.35
2006,AG_PRD_ORTIND,Malta,1.27
2007,AG_PRD_ORTIND,Malta,1.09
2008,AG_PRD_ORTIND,Malta,1.7
2009,AG_PRD_ORTIND,Malta,1.33
2010,AG_PRD_ORTIND,Malta,1.37
2011,AG_PRD_ORTIND,Malta,1.56
2012,AG_PRD_ORTIND,Malta,1.38
2013,AG_PRD_ORTIND,Malta,1.26
2014,AG_PRD_ORTIND,Malta,1.18
2015,AG_PRD_ORTIND,Malta,1.44
2016,AG_PRD_ORTIND,Malta,1.36
2017,AG_PRD_ORTIND,Malta,1.63
2018,AG_PRD_ORTIND,Malta,2.01
2019,AG_PRD_ORTIND,Malta,2.2
2020,AG_PRD_ORTIND,Malta,1.21
2021,AG_PRD_ORTIND,Malta,1.22
2001,AG_PRD_ORTIND,Mexico,1.0
2002,AG_PRD_ORTIND,Mexico,2.26
2003,AG_PRD_ORTIND,Mexico,1.05
2004,AG_PRD_ORTIND,Mexico,1.03
2005,AG_PRD_ORTIND,Mexico,1.13
2006,AG_PRD_ORTIND,Mexico,1.02
2007,AG_PRD_ORTIND,Mexico,1.09
2008,AG_PRD_ORTIND,Mexico,1.07
2009,AG_PRD_ORTIND,Mexico,1.08
2010,AG_PRD_ORTIND,Mexico,1.06
2011,AG_PRD_ORTIND,Mexico,1.07
2012,AG_PRD_ORTIND,Mexico,0.94
2013,AG_PRD_ORTIND,Mexico,0.91
2014,AG_PRD_ORTIND,Mexico,0.88
2015,AG_PRD_ORTIND,Mexico,0.82
2016,AG_PRD_ORTIND,Mexico,0.69
2017,AG_PRD_ORTIND,Mexico,0.51
2018,AG_PRD_ORTIND,Mexico,0.53
2019,AG_PRD_ORTIND,Mexico,0.39
2020,AG_PRD_ORTIND,Mexico,0.26
2021,AG_PRD_ORTIND,Mexico,0.26
2001,AG_PRD_ORTIND,Moldova,0.07
2002,AG_PRD_ORTIND,Moldova,0.09
2003,AG_PRD_ORTIND,Moldova,0.1
2004,AG_PRD_ORTIND,Moldova,0.14
2005,AG_PRD_ORTIND,Moldova,0.33
2006,AG_PRD_ORTIND,Moldova,0.28
2007,AG_PRD_ORTIND,Moldova,0.59
2008,AG_PRD_ORTIND,Moldova,0.58
2009,AG_PRD_ORTIND,Moldova,0.48
2010,AG_PRD_ORTIND,Moldova,0.26
2011,AG_PRD_ORTIND,Moldova,0.23
2012,AG_PRD_ORTIND,Moldova,0.34
2013,AG_PRD_ORTIND,Moldova,0.31
2014,AG_PRD_ORTIND,Moldova,0.27
2015,AG_PRD_ORTIND,Moldova,0.42
2016,AG_PRD_ORTIND,Moldova,0.24
2017,AG_PRD_ORTIND,Moldova,0.26
2018,AG_PRD_ORTIND,Moldova,0.24
2019,AG_PRD_ORTIND,Moldova,0.25
2020,AG_PRD_ORTIND,Moldova,0.33
2021,AG_PRD_ORTIND,Moldova,0.26
2001,AG_PRD_ORTIND,Montenegro,0.08
2002,AG_PRD_ORTIND,Montenegro,0.05
2003,AG_PRD_ORTIND,Montenegro,0.09
2004,AG_PRD_ORTIND,Montenegro,0.11
2005,AG_PRD_ORTIND,Montenegro,0.11
2006,AG_PRD_ORTIND,Montenegro,0.08
2007,AG_PRD_ORTIND,Montenegro,0.1
2008,AG_PRD_ORTIND,Montenegro,0.12
2009,AG_PRD_ORTIND,Montenegro,0.1
2010,AG_PRD_ORTIND,Montenegro,0.09
2011,AG_PRD_ORTIND,Montenegro,0.08
2012,AG_PRD_ORTIND,Montenegro,0.09
2013,AG_PRD_ORTIND,Montenegro,0.07
2014,AG_PRD_ORTIND,Montenegro,0.06
2015,AG_PRD_ORTIND,Montenegro,0.08
2016,AG_PRD_ORTIND,Montenegro,0.08
2017,AG_PRD_ORTIND,Montenegro,0.08
2018,AG_PRD_ORTIND,Montenegro,0.08
2019,AG_PRD_ORTIND,Montenegro,0.09
2020,AG_PRD_ORTIND,Montenegro,0.08
2003,AG_PRD_ORTIND,Bulgaria,0.29
2004,AG_PRD_ORTIND,Bulgaria,0.3
2005,AG_PRD_ORTIND,Bulgaria,0.39
2006,AG_PRD_ORTIND,Bulgaria,0.55
2007,AG_PRD_ORTIND,Bulgaria,0.52
2008,AG_PRD_ORTIND,Bulgaria,0.34
2009,AG_PRD_ORTIND,Bulgaria,0.39
2010,AG_PRD_ORTIND,Bulgaria,0.31
2011,AG_PRD_ORTIND,Bulgaria,0.76
2012,AG_PRD_ORTIND,Bulgaria,0.92
2013,AG_PRD_ORTIND,Bulgaria,0.8
2014,AG_PRD_ORTIND,Bulgaria,0.74
2015,AG_PRD_ORTIND,Bulgaria,1.13
2016,AG_PRD_ORTIND,Bulgaria,0.61
2017,AG_PRD_ORTIND,Bulgaria,0.61
2018,AG_PRD_ORTIND,Bulgaria,0.71
2019,AG_PRD_ORTIND,Bulgaria,0.73
2020,AG_PRD_ORTIND,Bulgaria,0.62
2021,AG_PRD_ORTIND,Bulgaria,0.32
2001,AG_PRD_ORTIND,Belarus,1.12
2002,AG_PRD_ORTIND,Belarus,1.04
2021,AG_PRD_ORTIND,Montenegro,0.09
2001,AG_PRD_ORTIND,Netherlands (Kingdom of the),0.33
2002,AG_PRD_ORTIND,Netherlands (Kingdom of the),0.3
2003,AG_PRD_ORTIND,Netherlands (Kingdom of the),0.34
2004,AG_PRD_ORTIND,Netherlands (Kingdom of the),0.29
2005,AG_PRD_ORTIND,Netherlands (Kingdom of the),0.26
2006,AG_PRD_ORTIND,Netherlands (Kingdom of the),0.26
2007,AG_PRD_ORTIND,Netherlands (Kingdom of the),0.24
2008,AG_PRD_ORTIND,Netherlands (Kingdom of the),0.26
2009,AG_PRD_ORTIND,Netherlands (Kingdom of the),0.28
2003,AG_PRD_ORTIND,Belarus,1.03
2004,AG_PRD_ORTIND,Belarus,1.04
2005,AG_PRD_ORTIND,Belarus,1.15
2006,AG_PRD_ORTIND,Belarus,1.13
2007,AG_PRD_ORTIND,Belarus,1.08
2008,AG_PRD_ORTIND,Belarus,0.91
2009,AG_PRD_ORTIND,Belarus,1.09
2010,AG_PRD_ORTIND,Belarus,0.89
2011,AG_PRD_ORTIND,Belarus,1.05
2012,AG_PRD_ORTIND,Belarus,0.84
2010,AG_PRD_ORTIND,Netherlands (Kingdom of the),0.27
2011,AG_PRD_ORTIND,Netherlands (Kingdom of the),0.27
2012,AG_PRD_ORTIND,Netherlands (Kingdom of the),0.22
2013,AG_PRD_ORTIND,Netherlands (Kingdom of the),0.2
2014,AG_PRD_ORTIND,Netherlands (Kingdom of the),0.11
2015,AG_PRD_ORTIND,Netherlands (Kingdom of the),0.18
2016,AG_PRD_ORTIND,Netherlands (Kingdom of the),0.15
2017,AG_PRD_ORTIND,Netherlands (Kingdom of the),0.14
2018,AG_PRD_ORTIND,Netherlands (Kingdom of the),0.17
2019,AG_PRD_ORTIND,Netherlands (Kingdom of the),0.18
2013,AG_PRD_ORTIND,Belarus,0.41
2014,AG_PRD_ORTIND,Belarus,0.83
2015,AG_PRD_ORTIND,Belarus,0.91
2016,AG_PRD_ORTIND,Belarus,0.87
2017,AG_PRD_ORTIND,Belarus,0.66
2018,AG_PRD_ORTIND,Belarus,0.69
2019,AG_PRD_ORTIND,Belarus,0.77
2020,AG_PRD_ORTIND,Belarus,0.66
2021,AG_PRD_ORTIND,Belarus,0.77
2001,AG_PRD_ORTIND,Canada,0.6
2002,AG_PRD_ORTIND,Canada,0.64
2003,AG_PRD_ORTIND,Canada,0.62
2004,AG_PRD_ORTIND,Canada,0.59
2005,AG_PRD_ORTIND,Canada,0.68
2006,AG_PRD_ORTIND,Canada,0.76
2007,AG_PRD_ORTIND,Canada,0.8
2008,AG_PRD_ORTIND,Canada,0.71
2009,AG_PRD_ORTIND,Canada,0.83
2010,AG_PRD_ORTIND,Canada,0.87
2011,AG_PRD_ORTIND,Canada,0.73
2012,AG_PRD_ORTIND,Canada,0.63
2020,AG_PRD_ORTIND,Netherlands (Kingdom of the),0.23
2021,AG_PRD_ORTIND,Netherlands (Kingdom of the),0.2
2001,AG_PRD_ORTIND,New Zealand,0.18
2002,AG_PRD_ORTIND,New Zealand,0.25
2003,AG_PRD_ORTIND,New Zealand,0.28
2004,AG_PRD_ORTIND,New Zealand,0.26
2005,AG_PRD_ORTIND,New Zealand,0.31
2006,AG_PRD_ORTIND,New Zealand,0.36
2007,AG_PRD_ORTIND,New Zealand,0.29
2008,AG_PRD_ORTIND,New Zealand,0.34
2009,AG_PRD_ORTIND,New Zealand,0.27
2010,AG_PRD_ORTIND,New Zealand,0.21
2011,AG_PRD_ORTIND,New Zealand,0.18
2012,AG_PRD_ORTIND,New Zealand,0.18
2013,AG_PRD_ORTIND,New Zealand,0.13
2014,AG_PRD_ORTIND,New Zealand,0.17
2015,AG_PRD_ORTIND,New Zealand,0.11
2016,AG_PRD_ORTIND,New Zealand,0.14
2017,AG_PRD_ORTIND,New Zealand,0.13
2018,AG_PRD_ORTIND,New Zealand,0.17
2013,AG_PRD_ORTIND,Canada,0.66
2014,AG_PRD_ORTIND,Canada,0.63
2015,AG_PRD_ORTIND,Canada,0.5
2016,AG_PRD_ORTIND,Canada,0.58
2017,AG_PRD_ORTIND,Canada,0.52
2018,AG_PRD_ORTIND,Canada,0.63
2019,AG_PRD_ORTIND,Canada,0.65
2020,AG_PRD_ORTIND,Canada,0.56
2021,AG_PRD_ORTIND,Canada,0.6
2001,AG_PRD_ORTIND,Chile,0.37
2002,AG_PRD_ORTIND,Chile,0.35
2003,AG_PRD_ORTIND,Chile,0.4
2004,AG_PRD_ORTIND,Chile,0.42
2005,AG_PRD_ORTIND,Chile,0.43
2006,AG_PRD_ORTIND,Chile,0.44
2007,AG_PRD_ORTIND,Chile,0.48
2008,AG_PRD_ORTIND,Chile,0.49
2009,AG_PRD_ORTIND,Chile,0.47
2010,AG_PRD_ORTIND,Chile,0.44
2011,AG_PRD_ORTIND,Chile,0.43
2012,AG_PRD_ORTIND,Chile,0.47
2013,AG_PRD_ORTIND,Chile,0.46
2014,AG_PRD_ORTIND,Chile,0.41
2015,AG_PRD_ORTIND,Chile,0.42
2016,AG_PRD_ORTIND,Chile,0.39
2017,AG_PRD_ORTIND,Chile,0.38
2018,AG_PRD_ORTIND,Chile,0.35
2019,AG_PRD_ORTIND,Chile,0.34
2020,AG_PRD_ORTIND,Chile,0.29
2021,AG_PRD_ORTIND,Chile,0.32
2001,AG_PRD_ORTIND,China,0.57
2002,AG_PRD_ORTIND,China,0.6
2019,AG_PRD_ORTIND,New Zealand,0.22
2020,AG_PRD_ORTIND,New Zealand,0.14
2021,AG_PRD_ORTIND,New Zealand,0.17
2001,AG_PRD_ORTIND,Norway,1.43
2002,AG_PRD_ORTIND,Norway,1.44
2003,AG_PRD_ORTIND,Norway,1.51
2004,AG_PRD_ORTIND,Norway,1.29
2005,AG_PRD_ORTIND,Norway,1.17
2006,AG_PRD_ORTIND,Norway,1.1
2007,AG_PRD_ORTIND,Norway,1.18
2003,AG_PRD_ORTIND,China,0.64
2004,AG_PRD_ORTIND,China,0.63
2005,AG_PRD_ORTIND,China,0.72
2006,AG_PRD_ORTIND,China,0.81
2007,AG_PRD_ORTIND,China,0.65
2008,AG_PRD_ORTIND,China,0.69
2009,AG_PRD_ORTIND,China,0.87
2010,AG_PRD_ORTIND,China,0.92
2011,AG_PRD_ORTIND,China,0.93
2012,AG_PRD_ORTIND,China,0.98
2008,AG_PRD_ORTIND,Norway,1.32
2009,AG_PRD_ORTIND,Norway,1.11
2010,AG_PRD_ORTIND,Norway,0.92
2011,AG_PRD_ORTIND,Norway,1.03
2012,AG_PRD_ORTIND,Norway,1.21
2013,AG_PRD_ORTIND,Norway,1.03
2014,AG_PRD_ORTIND,Norway,0.89
2015,AG_PRD_ORTIND,Norway,0.8
2016,AG_PRD_ORTIND,Norway,0.57
2017,AG_PRD_ORTIND,Norway,0.6
2018,AG_PRD_ORTIND,Norway,0.7
2013,AG_PRD_ORTIND,China,0.99
2014,AG_PRD_ORTIND,China,1.05
2015,AG_PRD_ORTIND,China,1.14
2016,AG_PRD_ORTIND,China,1.18
2017,AG_PRD_ORTIND,China,1.21
2018,AG_PRD_ORTIND,China,1.3
2019,AG_PRD_ORTIND,China,1.28
2020,AG_PRD_ORTIND,China,1.21
2021,AG_PRD_ORTIND,China,1.18
2009,AG_PRD_ORTIND,Colombia,0.13
2010,AG_PRD_ORTIND,Colombia,0.16
2011,AG_PRD_ORTIND,Colombia,0.11
2012,AG_PRD_ORTIND,Colombia,0.22
2013,AG_PRD_ORTIND,Colombia,0.16
2019,AG_PRD_ORTIND,Norway,0.64
2020,AG_PRD_ORTIND,Norway,0.43
2021,AG_PRD_ORTIND,Norway,0.71
2001,AG_PRD_ORTIND,Poland,0.5
2002,AG_PRD_ORTIND,Poland,0.45
2003,AG_PRD_ORTIND,Poland,0.66
2004,AG_PRD_ORTIND,Poland,0.49
2005,AG_PRD_ORTIND,Poland,0.74
2006,AG_PRD_ORTIND,Poland,0.81
2007,AG_PRD_ORTIND,Poland,0.65
2008,AG_PRD_ORTIND,Poland,0.81
2009,AG_PRD_ORTIND,Poland,0.71
2010,AG_PRD_ORTIND,Poland,0.61
2011,AG_PRD_ORTIND,Poland,0.54
2012,AG_PRD_ORTIND,Poland,0.52
2013,AG_PRD_ORTIND,Poland,0.41
2014,AG_PRD_ORTIND,Poland,0.32
2015,AG_PRD_ORTIND,Poland,0.37
2016,AG_PRD_ORTIND,Poland,0.4
2017,AG_PRD_ORTIND,Poland,0.36
2018,AG_PRD_ORTIND,Poland,0.51
2019,AG_PRD_ORTIND,Poland,0.49
2014,AG_PRD_ORTIND,Colombia,0.18
2015,AG_PRD_ORTIND,Colombia,0.16
2016,AG_PRD_ORTIND,Colombia,0.13
2017,AG_PRD_ORTIND,Colombia,0.12
2018,AG_PRD_ORTIND,Colombia,0.11
2019,AG_PRD_ORTIND,Colombia,0.11
2020,AG_PRD_ORTIND,Colombia,0.1
2021,AG_PRD_ORTIND,Colombia,0.09
2001,AG_PRD_ORTIND,Costa Rica,0.3
2002,AG_PRD_ORTIND,Costa Rica,0.25
2003,AG_PRD_ORTIND,Costa Rica,0.27
2004,AG_PRD_ORTIND,Costa Rica,0.19
2005,AG_PRD_ORTIND,Costa Rica,0.27
2006,AG_PRD_ORTIND,Costa Rica,0.35
2007,AG_PRD_ORTIND,Costa Rica,0.48
2008,AG_PRD_ORTIND,Costa Rica,0.63
2009,AG_PRD_ORTIND,Costa Rica,0.64
2010,AG_PRD_ORTIND,Costa Rica,0.93
2011,AG_PRD_ORTIND,Costa Rica,1.03
2012,AG_PRD_ORTIND,Costa Rica,1.34
2013,AG_PRD_ORTIND,Costa Rica,0.58
2020,AG_PRD_ORTIND,Poland,0.45
2021,AG_PRD_ORTIND,Poland,0.52
2001,AG_PRD_ORTIND,Portugal,0.53
2002,AG_PRD_ORTIND,Portugal,0.52
2003,AG_PRD_ORTIND,Portugal,0.45
2004,AG_PRD_ORTIND,Portugal,0.5
2005,AG_PRD_ORTIND,Portugal,0.47
2006,AG_PRD_ORTIND,Portugal,0.47
2007,AG_PRD_ORTIND,Portugal,0.42
2008,AG_PRD_ORTIND,Portugal,0.39
2009,AG_PRD_ORTIND,Portugal,0.4
2014,AG_PRD_ORTIND,Costa Rica,0.29
2015,AG_PRD_ORTIND,Costa Rica,0.29
2016,AG_PRD_ORTIND,Costa Rica,0.25
2017,AG_PRD_ORTIND,Costa Rica,0.25
2018,AG_PRD_ORTIND,Costa Rica,0.26
2019,AG_PRD_ORTIND,Costa Rica,0.25
2020,AG_PRD_ORTIND,Costa Rica,0.22
2021,AG_PRD_ORTIND,Costa Rica,0.25
2001,AG_PRD_ORTIND,Croatia,0.48
2002,AG_PRD_ORTIND,Croatia,0.51
2003,AG_PRD_ORTIND,Croatia,0.59
2004,AG_PRD_ORTIND,Croatia,0.66
2005,AG_PRD_ORTIND,Croatia,0.68
2006,AG_PRD_ORTIND,Croatia,0.63
2007,AG_PRD_ORTIND,Croatia,0.71
2008,AG_PRD_ORTIND,Croatia,0.76
2009,AG_PRD_ORTIND,Croatia,0.66
2010,AG_PRD_ORTIND,Croatia,0.81
2011,AG_PRD_ORTIND,Croatia,0.74
2012,AG_PRD_ORTIND,Croatia,0.84
2013,AG_PRD_ORTIND,Croatia,0.59
2010,AG_PRD_ORTIND,Portugal,0.37
2011,AG_PRD_ORTIND,Portugal,0.39
2012,AG_PRD_ORTIND,Portugal,0.43
2013,AG_PRD_ORTIND,Portugal,0.33
2014,AG_PRD_ORTIND,Portugal,0.4
2015,AG_PRD_ORTIND,Portugal,0.34
2016,AG_PRD_ORTIND,Portugal,0.3
2017,AG_PRD_ORTIND,Portugal,0.28
2018,AG_PRD_ORTIND,Portugal,0.31
2019,AG_PRD_ORTIND,Portugal,0.32
2020,AG_PRD_ORTIND,Portugal,0.29
2014,AG_PRD_ORTIND,Croatia,0.65
2015,AG_PRD_ORTIND,Croatia,0.51
2016,AG_PRD_ORTIND,Croatia,0.5
2017,AG_PRD_ORTIND,Croatia,0.53
2018,AG_PRD_ORTIND,Croatia,0.43
2019,AG_PRD_ORTIND,Croatia,0.42
2020,AG_PRD_ORTIND,Croatia,0.33
2021,AG_PRD_ORTIND,Croatia,0.45
2001,AG_PRD_ORTIND,Cyprus,1.41
2002,AG_PRD_ORTIND,Cyprus,1.18
2021,AG_PRD_ORTIND,Portugal,0.29
2001,AG_PRD_ORTIND,Romania,0.12
2002,AG_PRD_ORTIND,Romania,0.12
2003,AG_PRD_ORTIND,Romania,0.19
2004,AG_PRD_ORTIND,Romania,0.25
2005,AG_PRD_ORTIND,Romania,0.34
2006,AG_PRD_ORTIND,Romania,0.39
2007,AG_PRD_ORTIND,Romania,0.56
2008,AG_PRD_ORTIND,Romania,0.59
2009,AG_PRD_ORTIND,Romania,0.48
2003,AG_PRD_ORTIND,Cyprus,1.28
2004,AG_PRD_ORTIND,Cyprus,1.4
2005,AG_PRD_ORTIND,Cyprus,1.2
2006,AG_PRD_ORTIND,Cyprus,1.27
2007,AG_PRD_ORTIND,Cyprus,1.3
2008,AG_PRD_ORTIND,Cyprus,1.32
2009,AG_PRD_ORTIND,Cyprus,0.95
2010,AG_PRD_ORTIND,Cyprus,1.01
2011,AG_PRD_ORTIND,Cyprus,0.86
2012,AG_PRD_ORTIND,Cyprus,0.85
2013,AG_PRD_ORTIND,Cyprus,0.88
2010,AG_PRD_ORTIND,Romania,0.46
2011,AG_PRD_ORTIND,Romania,0.5
2012,AG_PRD_ORTIND,Romania,0.56
2013,AG_PRD_ORTIND,Romania,0.43
2014,AG_PRD_ORTIND,Romania,0.42
2015,AG_PRD_ORTIND,Romania,0.44
2016,AG_PRD_ORTIND,Romania,0.34
2017,AG_PRD_ORTIND,Romania,0.46
2018,AG_PRD_ORTIND,Romania,0.41
2019,AG_PRD_ORTIND,Romania,0.37
2014,AG_PRD_ORTIND,Cyprus,0.8
2015,AG_PRD_ORTIND,Cyprus,0.9
2016,AG_PRD_ORTIND,Cyprus,0.94
2017,AG_PRD_ORTIND,Cyprus,0.8
2018,AG_PRD_ORTIND,Cyprus,0.71
2019,AG_PRD_ORTIND,Cyprus,0.83
2020,AG_PRD_ORTIND,Cyprus,0.74
2021,AG_PRD_ORTIND,Cyprus,0.82
2001,AG_PRD_ORTIND,Czechia,0.72
2002,AG_PRD_ORTIND,Czechia,0.87
2003,AG_PRD_ORTIND,Czechia,0.98
2004,AG_PRD_ORTIND,Czechia,1.04
2005,AG_PRD_ORTIND,Czechia,1.35
2006,AG_PRD_ORTIND,Czechia,1.42
2007,AG_PRD_ORTIND,Czechia,1.61
2008,AG_PRD_ORTIND,Czechia,1.66
2009,AG_PRD_ORTIND,Czechia,2.01
2010,AG_PRD_ORTIND,Czechia,2.04
2011,AG_PRD_ORTIND,Czechia,1.5
2012,AG_PRD_ORTIND,Czechia,1.32
2013,AG_PRD_ORTIND,Czechia,1.12
2014,AG_PRD_ORTIND,Czechia,1.25
2015,AG_PRD_ORTIND,Czechia,1.19
2016,AG_PRD_ORTIND,Czechia,1.48
2017,AG_PRD_ORTIND,Czechia,1.49
2018,AG_PRD_ORTIND,Czechia,0.65
2019,AG_PRD_ORTIND,Czechia,0.76
2020,AG_PRD_ORTIND,Czechia,1.37
2021,AG_PRD_ORTIND,Czechia,1.41
2001,AG_PRD_ORTIND,Denmark,0.08
2002,AG_PRD_ORTIND,Denmark,0.17
2003,AG_PRD_ORTIND,Denmark,0.18
2004,AG_PRD_ORTIND,Denmark,0.14
2005,AG_PRD_ORTIND,Denmark,0.2
2006,AG_PRD_ORTIND,Denmark,0.21
2007,AG_PRD_ORTIND,Denmark,0.18
2008,AG_PRD_ORTIND,Denmark,0.32
2009,AG_PRD_ORTIND,Denmark,0.39
2010,AG_PRD_ORTIND,Denmark,0.2
2011,AG_PRD_ORTIND,Denmark,0.29
2012,AG_PRD_ORTIND,Denmark,0.21
2013,AG_PRD_ORTIND,Denmark,0.23
2014,AG_PRD_ORTIND,Denmark,0.22
2020,AG_PRD_ORTIND,Romania,0.5
2021,AG_PRD_ORTIND,Romania,0.43
2001,AG_PRD_ORTIND,Serbia,0.15
2002,AG_PRD_ORTIND,Serbia,0.21
2003,AG_PRD_ORTIND,Serbia,0.32
2004,AG_PRD_ORTIND,Serbia,0.49
2005,AG_PRD_ORTIND,Serbia,0.31
2006,AG_PRD_ORTIND,Serbia,0.29
2007,AG_PRD_ORTIND,Serbia,0.3
2008,AG_PRD_ORTIND,Serbia,0.28
2009,AG_PRD_ORTIND,Serbia,0.17
2015,AG_PRD_ORTIND,Denmark,0.28
2016,AG_PRD_ORTIND,Denmark,0.29
2017,AG_PRD_ORTIND,Denmark,0.23
2018,AG_PRD_ORTIND,Denmark,0.31
2019,AG_PRD_ORTIND,Denmark,0.28
2020,AG_PRD_ORTIND,Denmark,0.36
2021,AG_PRD_ORTIND,Denmark,0.71
2001,AG_PRD_ORTIND,Estonia,0.6
2002,AG_PRD_ORTIND,Estonia,0.64
2003,AG_PRD_ORTIND,Estonia,0.7
2004,AG_PRD_ORTIND,Estonia,0.56
2005,AG_PRD_ORTIND,Estonia,0.49
2006,AG_PRD_ORTIND,Estonia,0.56
2007,AG_PRD_ORTIND,Estonia,0.59
2008,AG_PRD_ORTIND,Estonia,0.55
2009,AG_PRD_ORTIND,Estonia,1.0
2010,AG_PRD_ORTIND,Estonia,0.47
2011,AG_PRD_ORTIND,Estonia,0.47
2012,AG_PRD_ORTIND,Estonia,0.5
2013,AG_PRD_ORTIND,Estonia,0.58
2014,AG_PRD_ORTIND,Estonia,0.42
2015,AG_PRD_ORTIND,Estonia,0.45
2016,AG_PRD_ORTIND,Estonia,0.63
2017,AG_PRD_ORTIND,Estonia,0.59
2018,AG_PRD_ORTIND,Estonia,0.58
2019,AG_PRD_ORTIND,Estonia,0.47
2020,AG_PRD_ORTIND,Estonia,0.44
2021,AG_PRD_ORTIND,Estonia,0.59
2001,AG_PRD_ORTIND,Finland,0.86
2002,AG_PRD_ORTIND,Finland,0.88
2003,AG_PRD_ORTIND,Finland,0.91
2004,AG_PRD_ORTIND,Finland,0.94
2005,AG_PRD_ORTIND,Finland,1.02
2006,AG_PRD_ORTIND,Finland,1.18
2007,AG_PRD_ORTIND,Finland,0.9
2008,AG_PRD_ORTIND,Finland,0.9
2009,AG_PRD_ORTIND,Finland,0.84
2010,AG_PRD_ORTIND,Finland,0.78
2011,AG_PRD_ORTIND,Finland,0.8
2012,AG_PRD_ORTIND,Finland,0.73
2013,AG_PRD_ORTIND,Finland,0.65
2014,AG_PRD_ORTIND,Finland,0.61
2015,AG_PRD_ORTIND,Finland,0.6
2016,AG_PRD_ORTIND,Finland,0.58
2017,AG_PRD_ORTIND,Finland,0.57
2018,AG_PRD_ORTIND,Finland,0.55
2019,AG_PRD_ORTIND,Finland,0.55
2020,AG_PRD_ORTIND,Finland,0.52
2021,AG_PRD_ORTIND,Finland,0.57
2001,AG_PRD_ORTIND,France,0.33
2002,AG_PRD_ORTIND,France,0.35
2003,AG_PRD_ORTIND,France,0.37
2004,AG_PRD_ORTIND,France,0.43
2005,AG_PRD_ORTIND,France,0.47
2010,AG_PRD_ORTIND,Serbia,0.28
2011,AG_PRD_ORTIND,Serbia,0.24
2012,AG_PRD_ORTIND,Serbia,0.36
2013,AG_PRD_ORTIND,Serbia,0.29
2014,AG_PRD_ORTIND,Serbia,0.31
2015,AG_PRD_ORTIND,Serbia,0.33
2016,AG_PRD_ORTIND,Serbia,0.31
2017,AG_PRD_ORTIND,Serbia,0.37
2018,AG_PRD_ORTIND,Serbia,0.34
2006,AG_PRD_ORTIND,France,0.52
2007,AG_PRD_ORTIND,France,0.46
2008,AG_PRD_ORTIND,France,0.48
2009,AG_PRD_ORTIND,France,0.56
2010,AG_PRD_ORTIND,France,0.47
2011,AG_PRD_ORTIND,France,0.42
2012,AG_PRD_ORTIND,France,0.23
2013,AG_PRD_ORTIND,France,0.24
2014,AG_PRD_ORTIND,France,0.24
2015,AG_PRD_ORTIND,France,0.28
2016,AG_PRD_ORTIND,France,0.27
2017,AG_PRD_ORTIND,France,0.27
2018,AG_PRD_ORTIND,France,0.25
2019,AG_PRD_ORTIND,France,0.25
2020,AG_PRD_ORTIND,France,0.23
2021,AG_PRD_ORTIND,France,0.24
2001,AG_PRD_ORTIND,Georgia,0.06
2002,AG_PRD_ORTIND,Georgia,0.07
2003,AG_PRD_ORTIND,Georgia,0.05
2004,AG_PRD_ORTIND,Georgia,0.08
2005,AG_PRD_ORTIND,Georgia,0.11
2006,AG_PRD_ORTIND,Georgia,0.17
2007,AG_PRD_ORTIND,Georgia,0.13
2008,AG_PRD_ORTIND,Georgia,0.15
2009,AG_PRD_ORTIND,Georgia,0.12
2010,AG_PRD_ORTIND,Georgia,0.06
2011,AG_PRD_ORTIND,Georgia,0.06
2012,AG_PRD_ORTIND,Georgia,0.37
2013,AG_PRD_ORTIND,Georgia,0.29
2014,AG_PRD_ORTIND,Georgia,0.39
2015,AG_PRD_ORTIND,Georgia,0.35
2016,AG_PRD_ORTIND,Georgia,0.31
2017,AG_PRD_ORTIND,Georgia,0.3
2018,AG_PRD_ORTIND,Georgia,0.26
2019,AG_PRD_ORTIND,Georgia,0.34
2020,AG_PRD_ORTIND,Georgia,0.36
2021,AG_PRD_ORTIND,Georgia,0.47
2001,AG_PRD_ORTIND,Germany,0.63
2002,AG_PRD_ORTIND,Germany,0.72
2003,AG_PRD_ORTIND,Germany,0.69
2004,AG_PRD_ORTIND,Germany,0.65
2005,AG_PRD_ORTIND,Germany,0.67
2006,AG_PRD_ORTIND,Germany,0.7
2007,AG_PRD_ORTIND,Germany,0.71
2008,AG_PRD_ORTIND,Germany,0.58
2009,AG_PRD_ORTIND,Germany,0.61
2010,AG_PRD_ORTIND,Germany,0.59
2011,AG_PRD_ORTIND,Germany,0.56
2012,AG_PRD_ORTIND,Germany,0.55
2013,AG_PRD_ORTIND,Germany,0.47
2014,AG_PRD_ORTIND,Germany,0.54
2015,AG_PRD_ORTIND,Germany,0.64
2016,AG_PRD_ORTIND,Germany,0.62
2017,AG_PRD_ORTIND,Germany,0.52
2018,AG_PRD_ORTIND,Germany,0.66
2019,AG_PRD_ORTIND,Germany,0.55
2020,AG_PRD_ORTIND,Germany,0.56
2021,AG_PRD_ORTIND,Germany,0.5
2001,AG_PRD_ORTIND,Greece,0.05
2002,AG_PRD_ORTIND,Greece,0.05
2003,AG_PRD_ORTIND,Greece,0.06
2004,AG_PRD_ORTIND,Greece,0.07
2005,AG_PRD_ORTIND,Greece,0.07
2006,AG_PRD_ORTIND,Greece,0.03
2019,AG_PRD_ORTIND,Serbia,0.4
2020,AG_PRD_ORTIND,Serbia,0.33
2021,AG_PRD_ORTIND,Serbia,0.31
2001,AG_PRD_ORTIND,Slovakia,2.02
2002,AG_PRD_ORTIND,Slovakia,1.29
2003,AG_PRD_ORTIND,Slovakia,1.42
2004,AG_PRD_ORTIND,Slovakia,1.7
2005,AG_PRD_ORTIND,Slovakia,2.22
2006,AG_PRD_ORTIND,Slovakia,1.76
2007,AG_PRD_ORTIND,Slovakia,1.41
2007,AG_PRD_ORTIND,Greece,0.08
2008,AG_PRD_ORTIND,Greece,0.05
2009,AG_PRD_ORTIND,Greece,0.25
2010,AG_PRD_ORTIND,Greece,0.08
2011,AG_PRD_ORTIND,Greece,0.06
2012,AG_PRD_ORTIND,Greece,0.06
2013,AG_PRD_ORTIND,Greece,0.07
2014,AG_PRD_ORTIND,Greece,0.09
2015,AG_PRD_ORTIND,Greece,0.11
2016,AG_PRD_ORTIND,Greece,0.14
2017,AG_PRD_ORTIND,Greece,0.13
2008,AG_PRD_ORTIND,Slovakia,1.38
2009,AG_PRD_ORTIND,Slovakia,1.96
2010,AG_PRD_ORTIND,Slovakia,2.46
2011,AG_PRD_ORTIND,Slovakia,1.95
2012,AG_PRD_ORTIND,Slovakia,0.42
2013,AG_PRD_ORTIND,Slovakia,0.38
2014,AG_PRD_ORTIND,Slovakia,0.28
2015,AG_PRD_ORTIND,Slovakia,0.39
2016,AG_PRD_ORTIND,Slovakia,0.27
2017,AG_PRD_ORTIND,Slovakia,0.27
2018,AG_PRD_ORTIND,Slovakia,0.25
2019,AG_PRD_ORTIND,Slovakia,0.37
2020,AG_PRD_ORTIND,Slovakia,0.38
2021,AG_PRD_ORTIND,Slovakia,0.35
2001,AG_PRD_ORTIND,Viet Nam,0.18
2002,AG_PRD_ORTIND,Viet Nam,0.18
2003,AG_PRD_ORTIND,Viet Nam,0.2
2004,AG_PRD_ORTIND,Viet Nam,0.23
2005,AG_PRD_ORTIND,Viet Nam,0.24
2006,AG_PRD_ORTIND,Viet Nam,0.19
2007,AG_PRD_ORTIND,Viet Nam,0.19
2008,AG_PRD_ORTIND,Viet Nam,0.17
2009,AG_PRD_ORTIND,Viet Nam,0.29
2010,AG_PRD_ORTIND,Viet Nam,0.27
2011,AG_PRD_ORTIND,Viet Nam,0.29
2012,AG_PRD_ORTIND,Viet Nam,0.28
2013,AG_PRD_ORTIND,Viet Nam,0.31
2014,AG_PRD_ORTIND,Viet Nam,0.3
2015,AG_PRD_ORTIND,Viet Nam,0.3
2016,AG_PRD_ORTIND,Viet Nam,0.3
2017,AG_PRD_ORTIND,Viet Nam,0.28
2018,AG_PRD_ORTIND,Viet Nam,0.33
2019,AG_PRD_ORTIND,Viet Nam,0.37
2020,AG_PRD_ORTIND,Viet Nam,0.34
2021,AG_PRD_ORTIND,Viet Nam,0.34
2001,AG_PRD_ORTIND,Slovenia,0.74
2002,AG_PRD_ORTIND,Slovenia,0.75
2003,AG_PRD_ORTIND,Slovenia,1.06
2004,AG_PRD_ORTIND,Slovenia,0.83
2005,AG_PRD_ORTIND,Slovenia,0.62
2006,AG_PRD_ORTIND,Slovenia,0.77
2007,AG_PRD_ORTIND,Slovenia,0.75
2008,AG_PRD_ORTIND,Slovenia,0.9
2009,AG_PRD_ORTIND,Slovenia,0.78
2010,AG_PRD_ORTIND,Slovenia,0.55
2011,AG_PRD_ORTIND,Slovenia,0.48
2012,AG_PRD_ORTIND,Slovenia,0.6
2013,AG_PRD_ORTIND,Slovenia,0.52
2014,AG_PRD_ORTIND,Slovenia,0.47
2015,AG_PRD_ORTIND,Slovenia,0.58
2016,AG_PRD_ORTIND,Slovenia,0.51
2017,AG_PRD_ORTIND,Slovenia,0.59
2018,AG_PRD_ORTIND,Slovenia,0.51
2019,AG_PRD_ORTIND,Slovenia,0.63
2020,AG_PRD_ORTIND,Slovenia,0.54
2021,AG_PRD_ORTIND,Slovenia,0.65
2001,AG_PRD_ORTIND,Spain,0.46
2002,AG_PRD_ORTIND,Spain,0.46
2003,AG_PRD_ORTIND,Spain,0.46
2004,AG_PRD_ORTIND,Spain,0.51
2005,AG_PRD_ORTIND,Spain,0.58
2006,AG_PRD_ORTIND,Spain,0.64
2007,AG_PRD_ORTIND,Spain,0.62
2008,AG_PRD_ORTIND,Spain,0.64
2009,AG_PRD_ORTIND,Spain,0.54
2010,AG_PRD_ORTIND,Spain,0.45
2011,AG_PRD_ORTIND,Spain,0.42
2012,AG_PRD_ORTIND,Spain,0.34
2013,AG_PRD_ORTIND,Spain,0.33
2014,AG_PRD_ORTIND,Spain,0.32
2015,AG_PRD_ORTIND,Spain,0.32
2016,AG_PRD_ORTIND,Spain,0.25
2017,AG_PRD_ORTIND,Spain,0.26
2018,AG_PRD_ORTIND,Spain,0.29
2019,AG_PRD_ORTIND,Spain,0.34
2020,AG_PRD_ORTIND,Spain,0.27
2021,AG_PRD_ORTIND,Spain,0.3
2001,AG_PRD_ORTIND,Sweden,0.17
2002,AG_PRD_ORTIND,Sweden,0.19
2003,AG_PRD_ORTIND,Sweden,0.19
2004,AG_PRD_ORTIND,Sweden,0.17
2005,AG_PRD_ORTIND,Sweden,0.34
2006,AG_PRD_ORTIND,Sweden,0.28
2007,AG_PRD_ORTIND,Sweden,0.2
2008,AG_PRD_ORTIND,Sweden,0.24
2009,AG_PRD_ORTIND,Sweden,0.25
2010,AG_PRD_ORTIND,Sweden,0.22
2011,AG_PRD_ORTIND,Sweden,0.21
2012,AG_PRD_ORTIND,Sweden,0.21
2013,AG_PRD_ORTIND,Sweden,0.22
2014,AG_PRD_ORTIND,Sweden,0.21
2015,AG_PRD_ORTIND,Sweden,0.18
2016,AG_PRD_ORTIND,Sweden,0.19
2017,AG_PRD_ORTIND,Sweden,0.18
2018,AG_PRD_ORTIND,Sweden,0.22
2019,AG_PRD_ORTIND,Sweden,0.21
2020,AG_PRD_ORTIND,Sweden,0.17
2021,AG_PRD_ORTIND,Sweden,0.21
2001,AG_PRD_ORTIND,Switzerland,3.51
2002,AG_PRD_ORTIND,Switzerland,3.24
2003,AG_PRD_ORTIND,Switzerland,3.59
2004,AG_PRD_ORTIND,Switzerland,3.08
2005,AG_PRD_ORTIND,Switzerland,3.41
2006,AG_PRD_ORTIND,Switzerland,3.68
2007,AG_PRD_ORTIND,Switzerland,3.5
2008,AG_PRD_ORTIND,Switzerland,3.14
2009,AG_PRD_ORTIND,Switzerland,3.41
2010,AG_PRD_ORTIND,Switzerland,3.59
2011,AG_PRD_ORTIND,Switzerland,3.48
2012,AG_PRD_ORTIND,Switzerland,3.68
2013,AG_PRD_ORTIND,Switzerland,3.38
2014,AG_PRD_ORTIND,Switzerland,3.18
2015,AG_PRD_ORTIND,Switzerland,3.55
2016,AG_PRD_ORTIND,Switzerland,3.3
2017,AG_PRD_ORTIND,Switzerland,3.38
2018,AG_PRD_ORTIND,Switzerland,3.33
2019,AG_PRD_ORTIND,Switzerland,3.29
2020,AG_PRD_ORTIND,Switzerland,2.71
2021,AG_PRD_ORTIND,Switzerland,3.31
2001,AG_PRD_ORTIND,Tajikistan,0.1
2002,AG_PRD_ORTIND,Tajikistan,0.14
2003,AG_PRD_ORTIND,Tajikistan,0.12
2004,AG_PRD_ORTIND,Tajikistan,0.16
2005,AG_PRD_ORTIND,Tajikistan,0.13
2006,AG_PRD_ORTIND,Tajikistan,0.12
2007,AG_PRD_ORTIND,Tajikistan,0.11
2008,AG_PRD_ORTIND,Tajikistan,0.1
2009,AG_PRD_ORTIND,Tajikistan,0.08
2010,AG_PRD_ORTIND,Tajikistan,0.07
2011,AG_PRD_ORTIND,Tajikistan,0.15
2012,AG_PRD_ORTIND,Tajikistan,0.11
2013,AG_PRD_ORTIND,Tajikistan,0.11
2014,AG_PRD_ORTIND,Tajikistan,0.09
2015,AG_PRD_ORTIND,Tajikistan,0.03
2016,AG_PRD_ORTIND,Tajikistan,0.03
2017,AG_PRD_ORTIND,Tajikistan,0.04
2018,AG_PRD_ORTIND,Tajikistan,0.03
2019,AG_PRD_ORTIND,Tajikistan,0.03
2020,AG_PRD_ORTIND,Tajikistan,0.03
2021,AG_PRD_ORTIND,Tajikistan,0.03
2012,AG_PRD_ORTIND,United Arab Emirates,0.25
2013,AG_PRD_ORTIND,United Arab Emirates,0.18
2014,AG_PRD_ORTIND,United Arab Emirates,0.26
2015,AG_PRD_ORTIND,United Arab Emirates,0.17
2016,AG_PRD_ORTIND,United Arab Emirates,0.18
2017,AG_PRD_ORTIND,United Arab Emirates,0.18
2018,AG_PRD_ORTIND,United Arab Emirates,0.19
2019,AG_PRD_ORTIND,United Arab Emirates,0.19
2020,AG_PRD_ORTIND,United Arab Emirates,0.89
2021,AG_PRD_ORTIND,United Arab Emirates,0.96
2001,AG_PRD_ORTIND,Türkiye,0.43
2002,AG_PRD_ORTIND,Türkiye,0.37
2003,AG_PRD_ORTIND,Türkiye,0.38
2004,AG_PRD_ORTIND,Türkiye,0.38
2005,AG_PRD_ORTIND,Türkiye,0.37
2006,AG_PRD_ORTIND,Türkiye,0.5
2007,AG_PRD_ORTIND,Türkiye,0.56
2008,AG_PRD_ORTIND,Türkiye,0.58
2009,AG_PRD_ORTIND,Türkiye,0.38
2010,AG_PRD_ORTIND,Türkiye,0.33
2011,AG_PRD_ORTIND,Türkiye,0.4
2012,AG_PRD_ORTIND,Türkiye,0.44
2013,AG_PRD_ORTIND,Türkiye,0.45
2014,AG_PRD_ORTIND,Türkiye,0.47
2015,AG_PRD_ORTIND,Türkiye,0.45
2016,AG_PRD_ORTIND,Türkiye,0.45
2017,AG_PRD_ORTIND,Türkiye,0.5
2018,AG_PRD_ORTIND,Türkiye,0.46
2019,AG_PRD_ORTIND,Türkiye,0.43
2020,AG_PRD_ORTIND,Türkiye,0.41
2021,AG_PRD_ORTIND,Türkiye,0.42
2001,AG_PRD_ORTIND,Ukraine,0.1
2002,AG_PRD_ORTIND,Ukraine,0.25
2003,AG_PRD_ORTIND,Ukraine,0.47
2004,AG_PRD_ORTIND,Ukraine,0.2
2005,AG_PRD_ORTIND,Ukraine,0.22
2006,AG_PRD_ORTIND,Ukraine,0.29
2007,AG_PRD_ORTIND,Ukraine,0.35
2008,AG_PRD_ORTIND,Ukraine,0.34
2009,AG_PRD_ORTIND,Ukraine,0.21
2010,AG_PRD_ORTIND,Ukraine,0.19
2011,AG_PRD_ORTIND,Ukraine,0.16
2012,AG_PRD_ORTIND,Ukraine,0.14
2013,AG_PRD_ORTIND,Ukraine,0.13
2014,AG_PRD_ORTIND,Ukraine,0.08
2015,AG_PRD_ORTIND,Ukraine,0.06
2016,AG_PRD_ORTIND,Ukraine,0.05
2017,AG_PRD_ORTIND,Ukraine,0.1
2018,AG_PRD_ORTIND,Ukraine,0.09
2019,AG_PRD_ORTIND,Ukraine,0.1
2020,AG_PRD_ORTIND,Ukraine,0.08
2021,AG_PRD_ORTIND,Ukraine,0.07
2019,AG_PRD_ORTIND,North Macedonia,0.56
2020,AG_PRD_ORTIND,North Macedonia,0.51
2001,AG_PRD_ORTIND,United Kingdom of Great Britain and Northern Ireland,1.14
2002,AG_PRD_ORTIND,United Kingdom of Great Britain and Northern Ireland,0.57
2003,AG_PRD_ORTIND,United Kingdom of Great Britain and Northern Ireland,0.59
2004,AG_PRD_ORTIND,United Kingdom of Great Britain and Northern Ireland,0.72
2005,AG_PRD_ORTIND,United Kingdom of Great Britain and Northern Ireland,1.03
2006,AG_PRD_ORTIND,United Kingdom of Great Britain and Northern Ireland,0.92
2007,AG_PRD_ORTIND,United Kingdom of Great Britain and Northern Ireland,0.84
2008,AG_PRD_ORTIND,United Kingdom of Great Britain and Northern Ireland,0.56
2009,AG_PRD_ORTIND,United Kingdom of Great Britain and Northern Ireland,0.53
2010,AG_PRD_ORTIND,United Kingdom of Great Britain and Northern Ireland,0.62
2011,AG_PRD_ORTIND,United Kingdom of Great Britain and Northern Ireland,0.56
2012,AG_PRD_ORTIND,United Kingdom of Great Britain and Northern Ireland,0.5
2013,AG_PRD_ORTIND,United Kingdom of Great Britain and Northern Ireland,0.49
2014,AG_PRD_ORTIND,United Kingdom of Great Britain and Northern Ireland,0.41
2015,AG_PRD_ORTIND,United Kingdom of Great Britain and Northern Ireland,0.46
2016,AG_PRD_ORTIND,United Kingdom of Great Britain and Northern Ireland,0.5
2017,AG_PRD_ORTIND,United Kingdom of Great Britain and Northern Ireland,0.48
2018,AG_PRD_ORTIND,United Kingdom of Great Britain and Northern Ireland,0.49
2019,AG_PRD_ORTIND,United Kingdom of Great Britain and Northern Ireland,0.47
2020,AG_PRD_ORTIND,United Kingdom of Great Britain and Northern Ireland,0.72
2021,AG_PRD_ORTIND,United Kingdom of Great Britain and Northern Ireland,0.51
2001,AG_PRD_ORTIND,Uzbekistan,0.11
2002,AG_PRD_ORTIND,Uzbekistan,0.11
2003,AG_PRD_ORTIND,Uzbekistan,0.12
2004,AG_PRD_ORTIND,Uzbekistan,0.13
2005,AG_PRD_ORTIND,Uzbekistan,0.13
2006,AG_PRD_ORTIND,Uzbekistan,0.14
2007,AG_PRD_ORTIND,Uzbekistan,0.15
2008,AG_PRD_ORTIND,Uzbekistan,0.18
2009,AG_PRD_ORTIND,Uzbekistan,0.19
2010,AG_PRD_ORTIND,Uzbekistan,0.19
2011,AG_PRD_ORTIND,Uzbekistan,0.2
2012,AG_PRD_ORTIND,Uzbekistan,0.19
2013,AG_PRD_ORTIND,Uzbekistan,0.19
2014,AG_PRD_ORTIND,Uzbekistan,0.18
2015,AG_PRD_ORTIND,Uzbekistan,0.18
2016,AG_PRD_ORTIND,Uzbekistan,0.18
2017,AG_PRD_ORTIND,Uzbekistan,0.18
2018,AG_PRD_ORTIND,Uzbekistan,0.17
2019,AG_PRD_ORTIND,Uzbekistan,0.17
2020,AG_PRD_ORTIND,Uzbekistan,0.17
2018,AG_PRD_ORTIND,Greece,0.15
2019,AG_PRD_ORTIND,Greece,0.13
2020,AG_PRD_ORTIND,Greece,0.19
2021,AG_PRD_ORTIND,Greece,0.15
2021,AG_PRD_ORTIND,Uzbekistan,0.14
2021,AG_PRD_ORTIND,Uzbekistan,0.14
