Year,SeriesCode,Country,Age,Sex,Value
2000,SH_ALC_CONSPT,Albania,15+,Male,7.30242
2000,SH_ALC_CONSPT,Albania,15+,Both sexes,4.431
2000,SH_ALC_CONSPT,Albania,15+,Female,1.6685
2005,SH_ALC_CONSPT,Albania,15+,Female,2.03405
2005,SH_ALC_CONSPT,Albania,15+,Male,8.66422
2005,SH_ALC_CONSPT,Albania,15+,Both sexes,5.2974
2010,SH_ALC_CONSPT,Albania,15+,Both sexes,5.90031
2010,SH_ALC_CONSPT,Albania,15+,Male,9.59663
2010,SH_ALC_CONSPT,Albania,15+,Female,2.26229
2019,SH_ALC_CONSPT,Tajikistan,15+,Female,0.23745
2019,SH_ALC_CONSPT,Tajikistan,15+,Both sexes,0.86628
2019,SH_ALC_CONSPT,Tajikistan,15+,Male,1.50271
2000,SH_ALC_CONSPT,United Arab Emirates,15+,Both sexes,1.75983
2000,SH_ALC_CONSPT,United Arab Emirates,15+,Female,0.3104
2000,SH_ALC_CONSPT,United Arab Emirates,15+,Male,2.29788
2005,SH_ALC_CONSPT,United Arab Emirates,15+,Male,2.3011
2005,SH_ALC_CONSPT,United Arab Emirates,15+,Female,0.31887
2005,SH_ALC_CONSPT,United Arab Emirates,15+,Both sexes,1.76984
2000,SH_ALC_CONSPT,Chile,15+,Both sexes,6.55045
2000,SH_ALC_CONSPT,Chile,15+,Female,3.03996
2000,SH_ALC_CONSPT,Chile,15+,Male,10.17948
2005,SH_ALC_CONSPT,Chile,15+,Female,3.46764
2005,SH_ALC_CONSPT,Chile,15+,Male,11.60771
2005,SH_ALC_CONSPT,Chile,15+,Both sexes,7.47088
2010,SH_ALC_CONSPT,Chile,15+,Male,12.1059
2010,SH_ALC_CONSPT,Chile,15+,Both sexes,7.79076
2010,SH_ALC_CONSPT,Chile,15+,Female,3.60686
2010,SH_ALC_CONSPT,United Arab Emirates,15+,Female,0.34175
2010,SH_ALC_CONSPT,United Arab Emirates,15+,Male,2.47825
2010,SH_ALC_CONSPT,United Arab Emirates,15+,Both sexes,1.95895
2015,SH_ALC_CONSPT,United Arab Emirates,15+,Male,3.04376
2015,SH_ALC_CONSPT,United Arab Emirates,15+,Both sexes,2.36656
2015,SH_ALC_CONSPT,United Arab Emirates,15+,Female,0.41572
2019,SH_ALC_CONSPT,United Arab Emirates,15+,Male,3.07588
2019,SH_ALC_CONSPT,United Arab Emirates,15+,Female,0.4113
2019,SH_ALC_CONSPT,United Arab Emirates,15+,Both sexes,2.36873
2015,SH_ALC_CONSPT,Chile,15+,Male,12.06405
2015,SH_ALC_CONSPT,Chile,15+,Female,3.56817
2015,SH_ALC_CONSPT,Chile,15+,Both sexes,7.75342
2019,SH_ALC_CONSPT,Chile,15+,Female,3.08514
2019,SH_ALC_CONSPT,Chile,15+,Both sexes,6.74572
2019,SH_ALC_CONSPT,Chile,15+,Male,10.50898
2000,SH_ALC_CONSPT,China,15+,Female,1.43189
2000,SH_ALC_CONSPT,China,15+,Male,5.77001
2000,SH_ALC_CONSPT,China,15+,Both sexes,3.62488
2000,SH_ALC_CONSPT,Türkiye,15+,Female,0.61079
2000,SH_ALC_CONSPT,Türkiye,15+,Both sexes,2.46224
2000,SH_ALC_CONSPT,Türkiye,15+,Male,4.32384
2005,SH_ALC_CONSPT,Türkiye,15+,Male,3.61795
2005,SH_ALC_CONSPT,Türkiye,15+,Both sexes,2.0562
2005,SH_ALC_CONSPT,Türkiye,15+,Female,0.50434
2010,SH_ALC_CONSPT,Türkiye,15+,Male,3.73617
2010,SH_ALC_CONSPT,Türkiye,15+,Both sexes,2.12205
2010,SH_ALC_CONSPT,Türkiye,15+,Female,0.51957
2015,SH_ALC_CONSPT,Albania,15+,Male,8.24812
2015,SH_ALC_CONSPT,Albania,15+,Female,1.85286
2015,SH_ALC_CONSPT,Albania,15+,Both sexes,5.03752
2019,SH_ALC_CONSPT,Albania,15+,Both sexes,5.10935
2019,SH_ALC_CONSPT,Albania,15+,Male,8.3623
2019,SH_ALC_CONSPT,Albania,15+,Female,1.87937
2000,SH_ALC_CONSPT,Azerbaijan,15+,Female,0.45202
2000,SH_ALC_CONSPT,Azerbaijan,15+,Male,2.83316
2000,SH_ALC_CONSPT,Azerbaijan,15+,Both sexes,1.56995
2005,SH_ALC_CONSPT,China,15+,Both sexes,3.45674
2005,SH_ALC_CONSPT,China,15+,Female,1.35972
2005,SH_ALC_CONSPT,China,15+,Male,5.50672
2010,SH_ALC_CONSPT,China,15+,Female,2.39453
2010,SH_ALC_CONSPT,China,15+,Both sexes,5.90146
2010,SH_ALC_CONSPT,China,15+,Male,9.32792
2015,SH_ALC_CONSPT,China,15+,Both sexes,7.34536
2015,SH_ALC_CONSPT,China,15+,Female,2.99265
2015,SH_ALC_CONSPT,China,15+,Male,11.59976
2015,SH_ALC_CONSPT,Türkiye,15+,Both sexes,1.89513
2015,SH_ALC_CONSPT,Türkiye,15+,Female,0.46521
2015,SH_ALC_CONSPT,Türkiye,15+,Male,3.33536
2019,SH_ALC_CONSPT,Türkiye,15+,Female,0.44445
2019,SH_ALC_CONSPT,Türkiye,15+,Male,3.20718
2019,SH_ALC_CONSPT,Türkiye,15+,Both sexes,1.82036
2000,SH_ALC_CONSPT,Turkmenistan,15+,Both sexes,2.63152
2000,SH_ALC_CONSPT,Turkmenistan,15+,Male,4.61925
2000,SH_ALC_CONSPT,Turkmenistan,15+,Female,0.77217
2005,SH_ALC_CONSPT,Azerbaijan,15+,Both sexes,1.8068
2005,SH_ALC_CONSPT,Azerbaijan,15+,Male,3.2402
2005,SH_ALC_CONSPT,Azerbaijan,15+,Female,0.5178
2010,SH_ALC_CONSPT,Azerbaijan,15+,Male,3.22634
2010,SH_ALC_CONSPT,Azerbaijan,15+,Female,0.51598
2010,SH_ALC_CONSPT,Azerbaijan,15+,Both sexes,1.81272
2015,SH_ALC_CONSPT,Azerbaijan,15+,Both sexes,1.43723
2015,SH_ALC_CONSPT,Azerbaijan,15+,Female,0.39766
2015,SH_ALC_CONSPT,Azerbaijan,15+,Male,2.56645
2019,SH_ALC_CONSPT,China,15+,Male,9.09496
2019,SH_ALC_CONSPT,China,15+,Female,2.28075
2019,SH_ALC_CONSPT,China,15+,Both sexes,5.72525
2000,SH_ALC_CONSPT,Colombia,15+,Male,8.69109
2000,SH_ALC_CONSPT,Colombia,15+,Female,2.11661
2000,SH_ALC_CONSPT,Colombia,15+,Both sexes,5.33948
2005,SH_ALC_CONSPT,Colombia,15+,Female,2.06446
2005,SH_ALC_CONSPT,Colombia,15+,Male,8.52604
2005,SH_ALC_CONSPT,Colombia,15+,Both sexes,5.22725
2005,SH_ALC_CONSPT,Turkmenistan,15+,Male,4.65553
2005,SH_ALC_CONSPT,Turkmenistan,15+,Female,0.77778
2005,SH_ALC_CONSPT,Turkmenistan,15+,Both sexes,2.65514
2010,SH_ALC_CONSPT,Turkmenistan,15+,Male,4.65073
2010,SH_ALC_CONSPT,Turkmenistan,15+,Both sexes,2.66016
2010,SH_ALC_CONSPT,Turkmenistan,15+,Female,0.77817
2015,SH_ALC_CONSPT,Turkmenistan,15+,Both sexes,3.20481
2015,SH_ALC_CONSPT,Turkmenistan,15+,Male,5.59777
2015,SH_ALC_CONSPT,Turkmenistan,15+,Female,0.93347
2010,SH_ALC_CONSPT,Colombia,15+,Male,8.28588
2010,SH_ALC_CONSPT,Colombia,15+,Female,1.99063
2010,SH_ALC_CONSPT,Colombia,15+,Both sexes,5.06869
2015,SH_ALC_CONSPT,Colombia,15+,Both sexes,5.01742
2015,SH_ALC_CONSPT,Colombia,15+,Female,1.95709
2015,SH_ALC_CONSPT,Colombia,15+,Male,8.21967
2019,SH_ALC_CONSPT,Colombia,15+,Male,8.06018
2019,SH_ALC_CONSPT,Colombia,15+,Female,1.9079
2019,SH_ALC_CONSPT,Colombia,15+,Both sexes,4.91572
2019,SH_ALC_CONSPT,Azerbaijan,15+,Both sexes,1.96779
2019,SH_ALC_CONSPT,Azerbaijan,15+,Female,0.53951
2019,SH_ALC_CONSPT,Azerbaijan,15+,Male,3.51457
2000,SH_ALC_CONSPT,Australia,15+,Male,16.37168
2000,SH_ALC_CONSPT,Australia,15+,Both sexes,10.55397
2000,SH_ALC_CONSPT,Australia,15+,Female,4.9208
2005,SH_ALC_CONSPT,Australia,15+,Female,5.05318
2005,SH_ALC_CONSPT,Australia,15+,Male,16.76339
2005,SH_ALC_CONSPT,Australia,15+,Both sexes,10.8197
2019,SH_ALC_CONSPT,Turkmenistan,15+,Both sexes,2.92752
2019,SH_ALC_CONSPT,Turkmenistan,15+,Male,5.12408
2019,SH_ALC_CONSPT,Turkmenistan,15+,Female,0.84066
2000,SH_ALC_CONSPT,Ukraine,15+,Both sexes,10.5825
2000,SH_ALC_CONSPT,Ukraine,15+,Male,17.57755
2000,SH_ALC_CONSPT,Ukraine,15+,Female,4.79674
2005,SH_ALC_CONSPT,Ukraine,15+,Female,4.65692
2005,SH_ALC_CONSPT,Ukraine,15+,Male,17.06894
2005,SH_ALC_CONSPT,Ukraine,15+,Both sexes,10.27644
2010,SH_ALC_CONSPT,Australia,15+,Both sexes,11.1012
2010,SH_ALC_CONSPT,Australia,15+,Male,17.14478
2010,SH_ALC_CONSPT,Australia,15+,Female,5.19734
2015,SH_ALC_CONSPT,Australia,15+,Female,4.87468
2015,SH_ALC_CONSPT,Australia,15+,Male,16.06836
2015,SH_ALC_CONSPT,Australia,15+,Both sexes,10.3903
2019,SH_ALC_CONSPT,Australia,15+,Both sexes,10.0908
2019,SH_ALC_CONSPT,Australia,15+,Male,15.61773
2019,SH_ALC_CONSPT,Australia,15+,Female,4.73783
2000,SH_ALC_CONSPT,Austria,15+,Male,20.53406
2000,SH_ALC_CONSPT,Austria,15+,Both sexes,12.8907
2000,SH_ALC_CONSPT,Austria,15+,Female,5.87711
2005,SH_ALC_CONSPT,Austria,15+,Male,20.01465
2005,SH_ALC_CONSPT,Austria,15+,Female,5.75231
2005,SH_ALC_CONSPT,Austria,15+,Both sexes,12.6126
2010,SH_ALC_CONSPT,Austria,15+,Both sexes,12.23209
2010,SH_ALC_CONSPT,Austria,15+,Female,5.58297
2010,SH_ALC_CONSPT,Austria,15+,Male,19.36109
2000,SH_ALC_CONSPT,Costa Rica,15+,Both sexes,4.61119
2000,SH_ALC_CONSPT,Costa Rica,15+,Female,1.7809
2000,SH_ALC_CONSPT,Costa Rica,15+,Male,7.44767
2005,SH_ALC_CONSPT,Costa Rica,15+,Female,1.75075
2005,SH_ALC_CONSPT,Costa Rica,15+,Male,7.34189
2005,SH_ALC_CONSPT,Costa Rica,15+,Both sexes,4.5435
2010,SH_ALC_CONSPT,Costa Rica,15+,Both sexes,3.9975
2010,SH_ALC_CONSPT,Costa Rica,15+,Male,6.47887
2010,SH_ALC_CONSPT,Costa Rica,15+,Female,1.52438
2015,SH_ALC_CONSPT,Costa Rica,15+,Male,5.6944
2015,SH_ALC_CONSPT,Costa Rica,15+,Both sexes,3.50244
2015,SH_ALC_CONSPT,Costa Rica,15+,Female,1.32159
2019,SH_ALC_CONSPT,Costa Rica,15+,Male,5.61794
2019,SH_ALC_CONSPT,Costa Rica,15+,Female,1.30165
2019,SH_ALC_CONSPT,Costa Rica,15+,Both sexes,3.45249
2000,SH_ALC_CONSPT,Croatia,15+,Both sexes,10.94054
2000,SH_ALC_CONSPT,Croatia,15+,Male,17.74096
2000,SH_ALC_CONSPT,Croatia,15+,Female,4.82003
2010,SH_ALC_CONSPT,Ukraine,15+,Male,19.39596
2010,SH_ALC_CONSPT,Ukraine,15+,Both sexes,11.65607
2010,SH_ALC_CONSPT,Ukraine,15+,Female,5.26218
2015,SH_ALC_CONSPT,Ukraine,15+,Female,4.3171
2015,SH_ALC_CONSPT,Ukraine,15+,Both sexes,9.72957
2015,SH_ALC_CONSPT,Ukraine,15+,Male,16.25062
2019,SH_ALC_CONSPT,Ukraine,15+,Both sexes,8.69842
2019,SH_ALC_CONSPT,Ukraine,15+,Female,3.81947
2019,SH_ALC_CONSPT,Ukraine,15+,Male,14.56967
2000,SH_ALC_CONSPT,North Macedonia,15+,Female,1.65888
2000,SH_ALC_CONSPT,North Macedonia,15+,Male,7.28325
2000,SH_ALC_CONSPT,North Macedonia,15+,Both sexes,4.46226
2005,SH_ALC_CONSPT,North Macedonia,15+,Female,1.75261
2005,SH_ALC_CONSPT,North Macedonia,15+,Male,7.8085
2005,SH_ALC_CONSPT,North Macedonia,15+,Both sexes,4.75787
2010,SH_ALC_CONSPT,North Macedonia,15+,Both sexes,4.32093
2010,SH_ALC_CONSPT,North Macedonia,15+,Female,1.55349
2010,SH_ALC_CONSPT,North Macedonia,15+,Male,7.13708
2005,SH_ALC_CONSPT,Croatia,15+,Male,15.35762
2005,SH_ALC_CONSPT,Croatia,15+,Female,4.14481
2005,SH_ALC_CONSPT,Croatia,15+,Both sexes,9.4624
2010,SH_ALC_CONSPT,Croatia,15+,Both sexes,9.47901
2010,SH_ALC_CONSPT,Croatia,15+,Female,4.13443
2010,SH_ALC_CONSPT,Croatia,15+,Male,15.36006
2015,SH_ALC_CONSPT,Croatia,15+,Female,3.7087
2015,SH_ALC_CONSPT,Croatia,15+,Male,13.90193
2015,SH_ALC_CONSPT,Croatia,15+,Both sexes,8.59113
2015,SH_ALC_CONSPT,North Macedonia,15+,Male,7.12746
2015,SH_ALC_CONSPT,North Macedonia,15+,Female,1.52266
2015,SH_ALC_CONSPT,North Macedonia,15+,Both sexes,4.29946
2019,SH_ALC_CONSPT,North Macedonia,15+,Female,1.6304
2019,SH_ALC_CONSPT,North Macedonia,15+,Both sexes,4.61578
2019,SH_ALC_CONSPT,North Macedonia,15+,Male,7.65843
2000,SH_ALC_CONSPT,United Kingdom of Great Britain and Northern Ireland,15+,Male,19.44422
2000,SH_ALC_CONSPT,United Kingdom of Great Britain and Northern Ireland,15+,Both sexes,12.27756
2000,SH_ALC_CONSPT,United Kingdom of Great Britain and Northern Ireland,15+,Female,5.61377
2015,SH_ALC_CONSPT,Austria,15+,Male,19.19822
2015,SH_ALC_CONSPT,Austria,15+,Both sexes,12.19174
2015,SH_ALC_CONSPT,Austria,15+,Female,5.5633
2019,SH_ALC_CONSPT,Austria,15+,Female,5.45854
2019,SH_ALC_CONSPT,Austria,15+,Male,18.80739
2019,SH_ALC_CONSPT,Austria,15+,Both sexes,11.97275
2000,SH_ALC_CONSPT,Armenia,15+,Female,1.54893
2000,SH_ALC_CONSPT,Armenia,15+,Male,6.28179
2000,SH_ALC_CONSPT,Armenia,15+,Both sexes,3.71295
2005,SH_ALC_CONSPT,United Kingdom of Great Britain and Northern Ireland,15+,Female,5.67851
2005,SH_ALC_CONSPT,United Kingdom of Great Britain and Northern Ireland,15+,Both sexes,12.37859
2005,SH_ALC_CONSPT,United Kingdom of Great Britain and Northern Ireland,15+,Male,19.52656
2010,SH_ALC_CONSPT,United Kingdom of Great Britain and Northern Ireland,15+,Female,5.00985
2010,SH_ALC_CONSPT,United Kingdom of Great Britain and Northern Ireland,15+,Both sexes,10.95399
2010,SH_ALC_CONSPT,United Kingdom of Great Britain and Northern Ireland,15+,Male,17.23442
2015,SH_ALC_CONSPT,United Kingdom of Great Britain and Northern Ireland,15+,Female,4.80292
2015,SH_ALC_CONSPT,United Kingdom of Great Britain and Northern Ireland,15+,Male,16.50116
2015,SH_ALC_CONSPT,United Kingdom of Great Britain and Northern Ireland,15+,Both sexes,10.51561
2019,SH_ALC_CONSPT,Croatia,15+,Both sexes,8.54359
2019,SH_ALC_CONSPT,Croatia,15+,Female,3.68291
2019,SH_ALC_CONSPT,Croatia,15+,Male,13.79057
2000,SH_ALC_CONSPT,Cyprus,15+,Female,3.93107
2000,SH_ALC_CONSPT,Cyprus,15+,Both sexes,8.86417
2000,SH_ALC_CONSPT,Cyprus,15+,Male,13.76362
2005,SH_ALC_CONSPT,Cyprus,15+,Female,4.38152
2005,SH_ALC_CONSPT,Cyprus,15+,Male,15.38237
2005,SH_ALC_CONSPT,Cyprus,15+,Both sexes,9.88054
2019,SH_ALC_CONSPT,United Kingdom of Great Britain and Northern Ireland,15+,Both sexes,10.8168
2019,SH_ALC_CONSPT,United Kingdom of Great Britain and Northern Ireland,15+,Male,16.95108
2019,SH_ALC_CONSPT,United Kingdom of Great Britain and Northern Ireland,15+,Female,4.93842
2000,SH_ALC_CONSPT,Uzbekistan,15+,Female,1.01252
2000,SH_ALC_CONSPT,Uzbekistan,15+,Male,6.13877
2000,SH_ALC_CONSPT,Uzbekistan,15+,Both sexes,3.53753
2005,SH_ALC_CONSPT,Uzbekistan,15+,Male,7.50301
2005,SH_ALC_CONSPT,Uzbekistan,15+,Both sexes,4.33527
2005,SH_ALC_CONSPT,Uzbekistan,15+,Female,1.25752
2005,SH_ALC_CONSPT,Armenia,15+,Both sexes,4.84032
2005,SH_ALC_CONSPT,Armenia,15+,Male,8.18865
2005,SH_ALC_CONSPT,Armenia,15+,Female,2.07669
2010,SH_ALC_CONSPT,Armenia,15+,Female,2.19883
2010,SH_ALC_CONSPT,Armenia,15+,Male,8.61699
2010,SH_ALC_CONSPT,Armenia,15+,Both sexes,5.05579
2015,SH_ALC_CONSPT,Armenia,15+,Male,8.59122
2015,SH_ALC_CONSPT,Armenia,15+,Female,2.1553
2015,SH_ALC_CONSPT,Armenia,15+,Both sexes,4.97721
2010,SH_ALC_CONSPT,Cyprus,15+,Both sexes,9.1191
2010,SH_ALC_CONSPT,Cyprus,15+,Male,14.2644
2010,SH_ALC_CONSPT,Cyprus,15+,Female,3.98594
2015,SH_ALC_CONSPT,Cyprus,15+,Female,3.45781
2015,SH_ALC_CONSPT,Cyprus,15+,Male,12.8011
2015,SH_ALC_CONSPT,Cyprus,15+,Both sexes,8.11866
2019,SH_ALC_CONSPT,Cyprus,15+,Both sexes,8.05289
2019,SH_ALC_CONSPT,Cyprus,15+,Male,12.69752
2019,SH_ALC_CONSPT,Cyprus,15+,Female,3.4347
2010,SH_ALC_CONSPT,Uzbekistan,15+,Female,0.49643
2010,SH_ALC_CONSPT,Uzbekistan,15+,Male,3.10816
2010,SH_ALC_CONSPT,Uzbekistan,15+,Both sexes,1.78629
2015,SH_ALC_CONSPT,Uzbekistan,15+,Female,0.70613
2015,SH_ALC_CONSPT,Uzbekistan,15+,Both sexes,2.54709
2015,SH_ALC_CONSPT,Uzbekistan,15+,Male,4.43173
2019,SH_ALC_CONSPT,Uzbekistan,15+,Female,0.71404
2019,SH_ALC_CONSPT,Uzbekistan,15+,Male,4.53948
2019,SH_ALC_CONSPT,Uzbekistan,15+,Both sexes,2.60223
2000,SH_ALC_CONSPT,Czechia,15+,Both sexes,14.22081
2000,SH_ALC_CONSPT,Czechia,15+,Male,22.66293
2000,SH_ALC_CONSPT,Czechia,15+,Female,6.35851
2005,SH_ALC_CONSPT,Czechia,15+,Male,22.24506
2005,SH_ALC_CONSPT,Czechia,15+,Both sexes,13.9892
2005,SH_ALC_CONSPT,Czechia,15+,Female,6.23475
2010,SH_ALC_CONSPT,Czechia,15+,Female,5.9053
2010,SH_ALC_CONSPT,Czechia,15+,Both sexes,13.3274
2010,SH_ALC_CONSPT,Czechia,15+,Male,21.1529
2019,SH_ALC_CONSPT,Armenia,15+,Female,2.151
2019,SH_ALC_CONSPT,Armenia,15+,Male,8.6736
2019,SH_ALC_CONSPT,Armenia,15+,Both sexes,4.98389
2000,SH_ALC_CONSPT,Belgium,15+,Male,18.09263
2000,SH_ALC_CONSPT,Belgium,15+,Female,5.15116
2000,SH_ALC_CONSPT,Belgium,15+,Both sexes,11.41915
2005,SH_ALC_CONSPT,Belgium,15+,Male,17.80402
2005,SH_ALC_CONSPT,Belgium,15+,Female,5.07771
2005,SH_ALC_CONSPT,Belgium,15+,Both sexes,11.24895
2015,SH_ALC_CONSPT,Czechia,15+,Male,21.00366
2015,SH_ALC_CONSPT,Czechia,15+,Both sexes,13.21968
2015,SH_ALC_CONSPT,Czechia,15+,Female,5.8123
2019,SH_ALC_CONSPT,Czechia,15+,Male,21.09174
2019,SH_ALC_CONSPT,Czechia,15+,Both sexes,13.28805
2019,SH_ALC_CONSPT,Czechia,15+,Female,5.83671
2000,SH_ALC_CONSPT,Denmark,15+,Both sexes,11.68806
2000,SH_ALC_CONSPT,Denmark,15+,Male,18.35634
2000,SH_ALC_CONSPT,Denmark,15+,Female,5.27448
2010,SH_ALC_CONSPT,Belgium,15+,Both sexes,11.3319
2010,SH_ALC_CONSPT,Belgium,15+,Male,17.89522
2010,SH_ALC_CONSPT,Belgium,15+,Female,5.12689
2015,SH_ALC_CONSPT,Belgium,15+,Female,5.08809
2015,SH_ALC_CONSPT,Belgium,15+,Male,17.69386
2015,SH_ALC_CONSPT,Belgium,15+,Both sexes,11.2362
2019,SH_ALC_CONSPT,Belgium,15+,Male,16.16159
2019,SH_ALC_CONSPT,Belgium,15+,Both sexes,10.28089
2019,SH_ALC_CONSPT,Belgium,15+,Female,4.65149
2005,SH_ALC_CONSPT,Denmark,15+,Both sexes,11.32966
2005,SH_ALC_CONSPT,Denmark,15+,Male,17.76677
2005,SH_ALC_CONSPT,Denmark,15+,Female,5.12014
2010,SH_ALC_CONSPT,Denmark,15+,Both sexes,10.38865
2010,SH_ALC_CONSPT,Denmark,15+,Female,4.71538
2010,SH_ALC_CONSPT,Denmark,15+,Male,16.24359
2015,SH_ALC_CONSPT,Denmark,15+,Male,14.99871
2015,SH_ALC_CONSPT,Denmark,15+,Female,4.3703
2015,SH_ALC_CONSPT,Denmark,15+,Both sexes,9.61349
2000,SH_ALC_CONSPT,Bosnia and Herzegovina,15+,Both sexes,4.91776
2000,SH_ALC_CONSPT,Bosnia and Herzegovina,15+,Female,1.7509
2000,SH_ALC_CONSPT,Bosnia and Herzegovina,15+,Male,8.32153
2005,SH_ALC_CONSPT,Bosnia and Herzegovina,15+,Male,9.44751
2005,SH_ALC_CONSPT,Bosnia and Herzegovina,15+,Female,1.99073
2005,SH_ALC_CONSPT,Bosnia and Herzegovina,15+,Both sexes,5.58877
2010,SH_ALC_CONSPT,Bosnia and Herzegovina,15+,Both sexes,5.73725
2010,SH_ALC_CONSPT,Bosnia and Herzegovina,15+,Female,2.02234
2010,SH_ALC_CONSPT,Bosnia and Herzegovina,15+,Male,9.71157
2019,SH_ALC_CONSPT,Denmark,15+,Both sexes,9.40172
2019,SH_ALC_CONSPT,Denmark,15+,Female,4.28697
2019,SH_ALC_CONSPT,Denmark,15+,Male,14.64187
2000,SH_ALC_CONSPT,Estonia,15+,Female,4.86517
2000,SH_ALC_CONSPT,Estonia,15+,Male,17.13917
2000,SH_ALC_CONSPT,Estonia,15+,Both sexes,10.45458
2005,SH_ALC_CONSPT,Estonia,15+,Both sexes,15.25045
2005,SH_ALC_CONSPT,Estonia,15+,Female,7.12681
2005,SH_ALC_CONSPT,Estonia,15+,Male,24.9378
2015,SH_ALC_CONSPT,Bosnia and Herzegovina,15+,Female,2.08292
2015,SH_ALC_CONSPT,Bosnia and Herzegovina,15+,Male,10.05554
2015,SH_ALC_CONSPT,Bosnia and Herzegovina,15+,Both sexes,5.95437
2019,SH_ALC_CONSPT,Bosnia and Herzegovina,15+,Male,10.74545
2019,SH_ALC_CONSPT,Bosnia and Herzegovina,15+,Female,2.23367
2019,SH_ALC_CONSPT,Bosnia and Herzegovina,15+,Both sexes,6.3848
2000,SH_ALC_CONSPT,Bulgaria,15+,Both sexes,11.3699
2000,SH_ALC_CONSPT,Bulgaria,15+,Male,18.5679
2000,SH_ALC_CONSPT,Bulgaria,15+,Female,4.79656
2010,SH_ALC_CONSPT,Estonia,15+,Male,23.29998
2010,SH_ALC_CONSPT,Estonia,15+,Both sexes,14.22937
2010,SH_ALC_CONSPT,Estonia,15+,Female,6.59207
2015,SH_ALC_CONSPT,Estonia,15+,Female,6.88918
2015,SH_ALC_CONSPT,Estonia,15+,Male,24.66382
2015,SH_ALC_CONSPT,Estonia,15+,Both sexes,15.05872
2019,SH_ALC_CONSPT,Estonia,15+,Both sexes,11.26302
2019,SH_ALC_CONSPT,Estonia,15+,Male,18.39643
2019,SH_ALC_CONSPT,Estonia,15+,Female,5.11049
2000,SH_ALC_CONSPT,Finland,15+,Female,4.53425
2000,SH_ALC_CONSPT,Finland,15+,Male,15.84667
2000,SH_ALC_CONSPT,Finland,15+,Both sexes,10.00369
2005,SH_ALC_CONSPT,Finland,15+,Both sexes,10.94859
2005,SH_ALC_CONSPT,Finland,15+,Female,4.9758
2005,SH_ALC_CONSPT,Finland,15+,Male,17.29246
2010,SH_ALC_CONSPT,Finland,15+,Both sexes,10.73588
2010,SH_ALC_CONSPT,Finland,15+,Female,4.88897
2010,SH_ALC_CONSPT,Finland,15+,Male,16.90264
2015,SH_ALC_CONSPT,Finland,15+,Female,4.26953
2015,SH_ALC_CONSPT,Finland,15+,Male,14.84425
2015,SH_ALC_CONSPT,Finland,15+,Both sexes,9.43487
2019,SH_ALC_CONSPT,Finland,15+,Female,4.13998
2019,SH_ALC_CONSPT,Finland,15+,Both sexes,9.15577
2019,SH_ALC_CONSPT,Finland,15+,Male,14.37754
2000,SH_ALC_CONSPT,France,15+,Both sexes,13.71902
2000,SH_ALC_CONSPT,France,15+,Female,6.27775
2000,SH_ALC_CONSPT,France,15+,Male,21.82054
2005,SH_ALC_CONSPT,Bulgaria,15+,Female,4.47534
2005,SH_ALC_CONSPT,Bulgaria,15+,Male,17.45815
2005,SH_ALC_CONSPT,Bulgaria,15+,Both sexes,10.67911
2010,SH_ALC_CONSPT,Bulgaria,15+,Both sexes,10.65968
2010,SH_ALC_CONSPT,Bulgaria,15+,Female,4.42833
2010,SH_ALC_CONSPT,Bulgaria,15+,Male,17.43164
2015,SH_ALC_CONSPT,Bulgaria,15+,Female,4.70635
2015,SH_ALC_CONSPT,Bulgaria,15+,Male,18.73857
2015,SH_ALC_CONSPT,Bulgaria,15+,Both sexes,11.44063
2005,SH_ALC_CONSPT,France,15+,Female,5.84427
2005,SH_ALC_CONSPT,France,15+,Male,20.41304
2005,SH_ALC_CONSPT,France,15+,Both sexes,12.81452
2010,SH_ALC_CONSPT,France,15+,Female,5.57008
2010,SH_ALC_CONSPT,France,15+,Both sexes,12.25158
2010,SH_ALC_CONSPT,France,15+,Male,19.55246
2015,SH_ALC_CONSPT,France,15+,Female,5.32766
2015,SH_ALC_CONSPT,France,15+,Male,18.72897
2015,SH_ALC_CONSPT,France,15+,Both sexes,11.72756
2019,SH_ALC_CONSPT,Bulgaria,15+,Both sexes,11.91963
2019,SH_ALC_CONSPT,Bulgaria,15+,Female,4.90504
2019,SH_ALC_CONSPT,Bulgaria,15+,Male,19.5147
2000,SH_ALC_CONSPT,Belarus,15+,Female,5.75789
2000,SH_ALC_CONSPT,Belarus,15+,Male,20.81163
2000,SH_ALC_CONSPT,Belarus,15+,Both sexes,12.63263
2005,SH_ALC_CONSPT,Belarus,15+,Male,21.07757
2005,SH_ALC_CONSPT,Belarus,15+,Female,5.83655
2005,SH_ALC_CONSPT,Belarus,15+,Both sexes,12.7944
2019,SH_ALC_CONSPT,France,15+,Male,18.03671
2019,SH_ALC_CONSPT,France,15+,Female,5.14287
2019,SH_ALC_CONSPT,France,15+,Both sexes,11.30123
2000,SH_ALC_CONSPT,Georgia,15+,Both sexes,10.56528
2000,SH_ALC_CONSPT,Georgia,15+,Male,18.0482
2000,SH_ALC_CONSPT,Georgia,15+,Female,4.39903
2005,SH_ALC_CONSPT,Georgia,15+,Male,20.82365
2005,SH_ALC_CONSPT,Georgia,15+,Both sexes,12.26199
2005,SH_ALC_CONSPT,Georgia,15+,Female,5.15038
2010,SH_ALC_CONSPT,Georgia,15+,Female,6.21233
2010,SH_ALC_CONSPT,Georgia,15+,Both sexes,14.83722
2010,SH_ALC_CONSPT,Georgia,15+,Male,25.03355
2015,SH_ALC_CONSPT,Georgia,15+,Male,23.58212
2015,SH_ALC_CONSPT,Georgia,15+,Both sexes,13.94713
2015,SH_ALC_CONSPT,Georgia,15+,Female,5.73664
2019,SH_ALC_CONSPT,Georgia,15+,Male,24.3149
2019,SH_ALC_CONSPT,Georgia,15+,Female,5.86466
2019,SH_ALC_CONSPT,Georgia,15+,Both sexes,14.32856
2010,SH_ALC_CONSPT,Belarus,15+,Female,6.81932
2010,SH_ALC_CONSPT,Belarus,15+,Both sexes,14.98951
2010,SH_ALC_CONSPT,Belarus,15+,Male,24.77598
2015,SH_ALC_CONSPT,Belarus,15+,Male,18.3829
2015,SH_ALC_CONSPT,Belarus,15+,Both sexes,11.04492
2015,SH_ALC_CONSPT,Belarus,15+,Female,4.96855
2019,SH_ALC_CONSPT,Belarus,15+,Male,18.18706
2019,SH_ALC_CONSPT,Belarus,15+,Female,4.88579
2019,SH_ALC_CONSPT,Belarus,15+,Both sexes,10.90107
2000,SH_ALC_CONSPT,Germany,15+,Both sexes,13.81996
2000,SH_ALC_CONSPT,Germany,15+,Female,6.20564
2000,SH_ALC_CONSPT,Germany,15+,Male,22.01538
2005,SH_ALC_CONSPT,Germany,15+,Both sexes,13.00788
2005,SH_ALC_CONSPT,Germany,15+,Male,20.69394
2005,SH_ALC_CONSPT,Germany,15+,Female,5.84154
2010,SH_ALC_CONSPT,Germany,15+,Both sexes,12.41432
2010,SH_ALC_CONSPT,Germany,15+,Male,19.65862
2010,SH_ALC_CONSPT,Germany,15+,Female,5.57179
2015,SH_ALC_CONSPT,Germany,15+,Male,19.13814
2015,SH_ALC_CONSPT,Germany,15+,Both sexes,12.14919
2015,SH_ALC_CONSPT,Germany,15+,Female,5.45153
2019,SH_ALC_CONSPT,Germany,15+,Female,5.49089
2019,SH_ALC_CONSPT,Germany,15+,Both sexes,12.21997
2019,SH_ALC_CONSPT,Germany,15+,Male,19.22118
2000,SH_ALC_CONSPT,Greece,15+,Female,3.89119
2000,SH_ALC_CONSPT,Greece,15+,Male,13.64718
2000,SH_ALC_CONSPT,Greece,15+,Both sexes,8.72506
2005,SH_ALC_CONSPT,Greece,15+,Both sexes,9.27097
2005,SH_ALC_CONSPT,Greece,15+,Male,14.5223
2005,SH_ALC_CONSPT,Greece,15+,Female,4.13328
2010,SH_ALC_CONSPT,Greece,15+,Both sexes,8.71981
2010,SH_ALC_CONSPT,Greece,15+,Female,3.86129
2010,SH_ALC_CONSPT,Greece,15+,Male,13.75757
2015,SH_ALC_CONSPT,Greece,15+,Both sexes,7.4752
2015,SH_ALC_CONSPT,Greece,15+,Male,11.89236
2015,SH_ALC_CONSPT,Greece,15+,Female,3.27664
2000,SH_ALC_CONSPT,Canada,15+,Both sexes,9.37614
2000,SH_ALC_CONSPT,Canada,15+,Male,14.83141
2000,SH_ALC_CONSPT,Canada,15+,Female,4.10505
2005,SH_ALC_CONSPT,Canada,15+,Female,4.28457
2005,SH_ALC_CONSPT,Canada,15+,Male,15.4009
2005,SH_ALC_CONSPT,Canada,15+,Both sexes,9.75363
2010,SH_ALC_CONSPT,Canada,15+,Female,4.49131
2010,SH_ALC_CONSPT,Canada,15+,Male,16.11701
2010,SH_ALC_CONSPT,Canada,15+,Both sexes,10.21275
2019,SH_ALC_CONSPT,Greece,15+,Female,3.11558
2019,SH_ALC_CONSPT,Greece,15+,Male,11.33929
2019,SH_ALC_CONSPT,Greece,15+,Both sexes,7.11519
2000,SH_ALC_CONSPT,Hungary,15+,Both sexes,12.38419
2000,SH_ALC_CONSPT,Hungary,15+,Female,5.56181
2000,SH_ALC_CONSPT,Hungary,15+,Male,20.1279
2005,SH_ALC_CONSPT,Hungary,15+,Female,5.63738
2005,SH_ALC_CONSPT,Hungary,15+,Male,20.4821
2005,SH_ALC_CONSPT,Hungary,15+,Both sexes,12.58286
2010,SH_ALC_CONSPT,Hungary,15+,Female,4.82148
2010,SH_ALC_CONSPT,Hungary,15+,Both sexes,10.83775
2010,SH_ALC_CONSPT,Hungary,15+,Male,17.66167
2015,SH_ALC_CONSPT,Hungary,15+,Male,17.38058
2015,SH_ALC_CONSPT,Hungary,15+,Both sexes,10.67668
2015,SH_ALC_CONSPT,Hungary,15+,Female,4.72085
2019,SH_ALC_CONSPT,Hungary,15+,Female,4.67622
2019,SH_ALC_CONSPT,Hungary,15+,Male,17.22221
2019,SH_ALC_CONSPT,Hungary,15+,Both sexes,10.59925
2000,SH_ALC_CONSPT,Iceland,15+,Female,3.17607
2000,SH_ALC_CONSPT,Iceland,15+,Male,10.69966
2000,SH_ALC_CONSPT,Iceland,15+,Both sexes,6.91687
2005,SH_ALC_CONSPT,Iceland,15+,Both sexes,7.52491
2005,SH_ALC_CONSPT,Iceland,15+,Female,3.45296
2005,SH_ALC_CONSPT,Iceland,15+,Male,11.5738
2010,SH_ALC_CONSPT,Iceland,15+,Male,11.48784
2010,SH_ALC_CONSPT,Iceland,15+,Both sexes,7.47418
2010,SH_ALC_CONSPT,Iceland,15+,Female,3.4328
2015,SH_ALC_CONSPT,Iceland,15+,Female,3.62324
2015,SH_ALC_CONSPT,Iceland,15+,Male,12.05698
2015,SH_ALC_CONSPT,Iceland,15+,Both sexes,7.84791
2019,SH_ALC_CONSPT,Iceland,15+,Both sexes,8.07439
2019,SH_ALC_CONSPT,Iceland,15+,Male,12.28169
2019,SH_ALC_CONSPT,Iceland,15+,Female,3.69603
2000,SH_ALC_CONSPT,India,15+,Both sexes,1.97474
2000,SH_ALC_CONSPT,India,15+,Male,3.26576
2000,SH_ALC_CONSPT,India,15+,Female,0.60485
2005,SH_ALC_CONSPT,India,15+,Male,3.94728
2005,SH_ALC_CONSPT,India,15+,Both sexes,2.38698
2005,SH_ALC_CONSPT,India,15+,Female,0.73435
2010,SH_ALC_CONSPT,India,15+,Female,1.47336
2010,SH_ALC_CONSPT,India,15+,Both sexes,4.61673
2010,SH_ALC_CONSPT,India,15+,Male,7.59067
2015,SH_ALC_CONSPT,India,15+,Male,8.15575
2015,SH_ALC_CONSPT,India,15+,Both sexes,4.95978
2015,SH_ALC_CONSPT,India,15+,Female,1.58181
2019,SH_ALC_CONSPT,India,15+,Male,8.10305
2019,SH_ALC_CONSPT,India,15+,Female,1.56338
2019,SH_ALC_CONSPT,India,15+,Both sexes,4.92498
2000,SH_ALC_CONSPT,Ireland,15+,Female,7.0894
2000,SH_ALC_CONSPT,Ireland,15+,Both sexes,15.03272
2000,SH_ALC_CONSPT,Ireland,15+,Male,23.2207
2005,SH_ALC_CONSPT,Ireland,15+,Male,21.75948
2005,SH_ALC_CONSPT,Ireland,15+,Both sexes,14.14072
2005,SH_ALC_CONSPT,Ireland,15+,Female,6.66406
2010,SH_ALC_CONSPT,Ireland,15+,Male,18.87609
2010,SH_ALC_CONSPT,Ireland,15+,Female,5.74515
2010,SH_ALC_CONSPT,Ireland,15+,Both sexes,12.21442
2015,SH_ALC_CONSPT,Ireland,15+,Male,18.12455
2015,SH_ALC_CONSPT,Ireland,15+,Both sexes,11.71409
2015,SH_ALC_CONSPT,Ireland,15+,Female,5.54587
2019,SH_ALC_CONSPT,Ireland,15+,Female,5.57809
2019,SH_ALC_CONSPT,Ireland,15+,Both sexes,11.7039
2019,SH_ALC_CONSPT,Ireland,15+,Male,18.05577
2000,SH_ALC_CONSPT,Israel,15+,Male,4.68433
2000,SH_ALC_CONSPT,Israel,15+,Female,1.2607
2000,SH_ALC_CONSPT,Israel,15+,Both sexes,2.92545
2005,SH_ALC_CONSPT,Israel,15+,Male,4.56259
2005,SH_ALC_CONSPT,Israel,15+,Both sexes,2.8461
2005,SH_ALC_CONSPT,Israel,15+,Female,1.21432
2010,SH_ALC_CONSPT,Israel,15+,Both sexes,3.16162
2010,SH_ALC_CONSPT,Israel,15+,Female,1.34763
2010,SH_ALC_CONSPT,Israel,15+,Male,5.06021
2015,SH_ALC_CONSPT,Israel,15+,Male,4.69323
2015,SH_ALC_CONSPT,Israel,15+,Both sexes,2.94125
2015,SH_ALC_CONSPT,Israel,15+,Female,1.25246
2019,SH_ALC_CONSPT,Israel,15+,Female,1.28296
2019,SH_ALC_CONSPT,Israel,15+,Both sexes,3.00583
2019,SH_ALC_CONSPT,Israel,15+,Male,4.78471
2000,SH_ALC_CONSPT,Italy,15+,Female,4.49997
2000,SH_ALC_CONSPT,Italy,15+,Both sexes,9.95187
2000,SH_ALC_CONSPT,Italy,15+,Male,15.88389
2005,SH_ALC_CONSPT,Italy,15+,Female,3.72126
2005,SH_ALC_CONSPT,Italy,15+,Both sexes,8.31721
2005,SH_ALC_CONSPT,Italy,15+,Male,13.30496
2010,SH_ALC_CONSPT,Italy,15+,Female,3.21568
2010,SH_ALC_CONSPT,Italy,15+,Male,11.57386
2010,SH_ALC_CONSPT,Italy,15+,Both sexes,7.21902
2015,SH_ALC_CONSPT,Italy,15+,Both sexes,7.67835
2015,SH_ALC_CONSPT,Italy,15+,Male,12.29967
2015,SH_ALC_CONSPT,Italy,15+,Female,3.40767
2019,SH_ALC_CONSPT,Italy,15+,Male,12.71871
2019,SH_ALC_CONSPT,Italy,15+,Both sexes,7.96607
2019,SH_ALC_CONSPT,Italy,15+,Female,3.53716
2000,SH_ALC_CONSPT,Japan,15+,Male,12.18572
2000,SH_ALC_CONSPT,Japan,15+,Both sexes,7.65855
2000,SH_ALC_CONSPT,Japan,15+,Female,3.37822
2005,SH_ALC_CONSPT,Japan,15+,Female,3.25475
2005,SH_ALC_CONSPT,Japan,15+,Male,11.83638
2005,SH_ALC_CONSPT,Japan,15+,Both sexes,7.41497
2010,SH_ALC_CONSPT,Japan,15+,Both sexes,6.77009
2010,SH_ALC_CONSPT,Japan,15+,Male,10.85534
2010,SH_ALC_CONSPT,Japan,15+,Female,2.94439
2015,SH_ALC_CONSPT,Japan,15+,Female,2.91519
2015,SH_ALC_CONSPT,Japan,15+,Male,10.78773
2015,SH_ALC_CONSPT,Japan,15+,Both sexes,6.71821
2019,SH_ALC_CONSPT,Japan,15+,Female,2.89319
2019,SH_ALC_CONSPT,Japan,15+,Male,10.73643
2019,SH_ALC_CONSPT,Japan,15+,Both sexes,6.68016
2000,SH_ALC_CONSPT,Kazakhstan,15+,Female,2.22526
2000,SH_ALC_CONSPT,Kazakhstan,15+,Male,11.70605
2000,SH_ALC_CONSPT,Kazakhstan,15+,Both sexes,6.64084
2005,SH_ALC_CONSPT,Kazakhstan,15+,Male,13.05581
2005,SH_ALC_CONSPT,Kazakhstan,15+,Both sexes,7.4132
2005,SH_ALC_CONSPT,Kazakhstan,15+,Female,2.51067
2010,SH_ALC_CONSPT,Kazakhstan,15+,Female,1.3506
2010,SH_ALC_CONSPT,Kazakhstan,15+,Male,7.48397
2010,SH_ALC_CONSPT,Kazakhstan,15+,Both sexes,4.20016
2015,SH_ALC_CONSPT,Kazakhstan,15+,Male,7.44161
2015,SH_ALC_CONSPT,Kazakhstan,15+,Female,1.32563
2015,SH_ALC_CONSPT,Kazakhstan,15+,Both sexes,4.17174
2019,SH_ALC_CONSPT,Kazakhstan,15+,Female,1.43467
2019,SH_ALC_CONSPT,Kazakhstan,15+,Male,8.05736
2019,SH_ALC_CONSPT,Kazakhstan,15+,Both sexes,4.52228
2000,SH_ALC_CONSPT,Republic of Korea,15+,Male,16.93999
2000,SH_ALC_CONSPT,Republic of Korea,15+,Female,5.01532
2000,SH_ALC_CONSPT,Republic of Korea,15+,Both sexes,10.92941
2005,SH_ALC_CONSPT,Republic of Korea,15+,Both sexes,9.507
2005,SH_ALC_CONSPT,Republic of Korea,15+,Female,4.32602
2005,SH_ALC_CONSPT,Republic of Korea,15+,Male,14.79755
2010,SH_ALC_CONSPT,Republic of Korea,15+,Male,14.62893
2010,SH_ALC_CONSPT,Republic of Korea,15+,Female,4.23214
2010,SH_ALC_CONSPT,Republic of Korea,15+,Both sexes,9.37587
2015,SH_ALC_CONSPT,Republic of Korea,15+,Both sexes,8.52494
2015,SH_ALC_CONSPT,Republic of Korea,15+,Female,3.79666
2015,SH_ALC_CONSPT,Republic of Korea,15+,Male,13.2889
2019,SH_ALC_CONSPT,Republic of Korea,15+,Male,12.78769
2019,SH_ALC_CONSPT,Republic of Korea,15+,Both sexes,8.18953
2019,SH_ALC_CONSPT,Republic of Korea,15+,Female,3.62718
2000,SH_ALC_CONSPT,Kyrgyzstan,15+,Female,1.75551
2000,SH_ALC_CONSPT,Kyrgyzstan,15+,Male,9.65392
2000,SH_ALC_CONSPT,Kyrgyzstan,15+,Both sexes,5.53183
2005,SH_ALC_CONSPT,Kyrgyzstan,15+,Female,2.14468
2005,SH_ALC_CONSPT,Kyrgyzstan,15+,Both sexes,6.74098
2005,SH_ALC_CONSPT,Kyrgyzstan,15+,Male,11.7538
2010,SH_ALC_CONSPT,Kyrgyzstan,15+,Female,1.99263
2010,SH_ALC_CONSPT,Kyrgyzstan,15+,Male,11.14048
2010,SH_ALC_CONSPT,Kyrgyzstan,15+,Both sexes,6.3873
2015,SH_ALC_CONSPT,Kyrgyzstan,15+,Both sexes,6.16956
2015,SH_ALC_CONSPT,Kyrgyzstan,15+,Male,10.77745
2015,SH_ALC_CONSPT,Kyrgyzstan,15+,Female,1.89023
2019,SH_ALC_CONSPT,Kyrgyzstan,15+,Female,1.47485
2019,SH_ALC_CONSPT,Kyrgyzstan,15+,Male,8.69764
2019,SH_ALC_CONSPT,Kyrgyzstan,15+,Both sexes,4.95335
2000,SH_ALC_CONSPT,Latvia,15+,Both sexes,8.89898
2000,SH_ALC_CONSPT,Latvia,15+,Female,4.16652
2000,SH_ALC_CONSPT,Latvia,15+,Male,14.76419
2005,SH_ALC_CONSPT,Latvia,15+,Female,5.10982
2005,SH_ALC_CONSPT,Latvia,15+,Male,17.99379
2005,SH_ALC_CONSPT,Latvia,15+,Both sexes,10.86991
2010,SH_ALC_CONSPT,Latvia,15+,Male,18.24929
2010,SH_ALC_CONSPT,Latvia,15+,Female,5.12246
2010,SH_ALC_CONSPT,Latvia,15+,Both sexes,10.99456
2015,SH_ALC_CONSPT,Latvia,15+,Female,5.34309
2015,SH_ALC_CONSPT,Latvia,15+,Male,19.29576
2015,SH_ALC_CONSPT,Latvia,15+,Both sexes,11.60985
2019,SH_ALC_CONSPT,Latvia,15+,Male,21.73064
2019,SH_ALC_CONSPT,Latvia,15+,Female,5.99413
2019,SH_ALC_CONSPT,Latvia,15+,Both sexes,13.09042
2000,SH_ALC_CONSPT,Lithuania,15+,Female,5.41752
2000,SH_ALC_CONSPT,Lithuania,15+,Both sexes,11.5037
2000,SH_ALC_CONSPT,Lithuania,15+,Male,18.81211
2005,SH_ALC_CONSPT,Lithuania,15+,Both sexes,13.52593
2005,SH_ALC_CONSPT,Lithuania,15+,Male,22.17321
2005,SH_ALC_CONSPT,Lithuania,15+,Female,6.38661
2010,SH_ALC_CONSPT,Lithuania,15+,Female,6.59685
2010,SH_ALC_CONSPT,Lithuania,15+,Both sexes,14.05427
2010,SH_ALC_CONSPT,Lithuania,15+,Male,23.12288
2015,SH_ALC_CONSPT,Lithuania,15+,Male,23.293
2015,SH_ALC_CONSPT,Lithuania,15+,Both sexes,14.1729
2015,SH_ALC_CONSPT,Lithuania,15+,Female,6.55996
2019,SH_ALC_CONSPT,Lithuania,15+,Male,19.33714
2019,SH_ALC_CONSPT,Lithuania,15+,Both sexes,11.7853
2019,SH_ALC_CONSPT,Lithuania,15+,Female,5.39399
2000,SH_ALC_CONSPT,Luxembourg,15+,Both sexes,13.65228
2000,SH_ALC_CONSPT,Luxembourg,15+,Female,6.36052
2000,SH_ALC_CONSPT,Luxembourg,15+,Male,21.28594
2005,SH_ALC_CONSPT,Luxembourg,15+,Male,19.78971
2005,SH_ALC_CONSPT,Luxembourg,15+,Female,5.96724
2005,SH_ALC_CONSPT,Luxembourg,15+,Both sexes,12.74918
2010,SH_ALC_CONSPT,Luxembourg,15+,Female,5.71392
2010,SH_ALC_CONSPT,Luxembourg,15+,Male,18.70912
2010,SH_ALC_CONSPT,Luxembourg,15+,Both sexes,12.13358
2015,SH_ALC_CONSPT,Luxembourg,15+,Both sexes,11.71343
2015,SH_ALC_CONSPT,Luxembourg,15+,Male,17.92427
2015,SH_ALC_CONSPT,Luxembourg,15+,Female,5.52763
2019,SH_ALC_CONSPT,Luxembourg,15+,Male,17.59996
2019,SH_ALC_CONSPT,Luxembourg,15+,Both sexes,11.5288
2019,SH_ALC_CONSPT,Luxembourg,15+,Female,5.44147
2000,SH_ALC_CONSPT,Malta,15+,Female,2.53576
2000,SH_ALC_CONSPT,Malta,15+,Both sexes,5.69825
2000,SH_ALC_CONSPT,Malta,15+,Male,8.95563
2005,SH_ALC_CONSPT,Malta,15+,Female,3.02559
2005,SH_ALC_CONSPT,Malta,15+,Both sexes,6.76578
2005,SH_ALC_CONSPT,Malta,15+,Male,10.61398
2010,SH_ALC_CONSPT,Malta,15+,Both sexes,6.90897
2010,SH_ALC_CONSPT,Malta,15+,Male,10.82393
2010,SH_ALC_CONSPT,Malta,15+,Female,3.08387
2015,SH_ALC_CONSPT,Malta,15+,Female,3.43633
2015,SH_ALC_CONSPT,Malta,15+,Male,11.9299
2015,SH_ALC_CONSPT,Malta,15+,Both sexes,7.71665
2019,SH_ALC_CONSPT,Malta,15+,Male,13.03324
2019,SH_ALC_CONSPT,Malta,15+,Both sexes,8.52383
2019,SH_ALC_CONSPT,Malta,15+,Female,3.78689
2000,SH_ALC_CONSPT,Mexico,15+,Male,10.08283
2000,SH_ALC_CONSPT,Mexico,15+,Both sexes,6.16331
2000,SH_ALC_CONSPT,Mexico,15+,Female,2.53982
2005,SH_ALC_CONSPT,Mexico,15+,Female,2.53822
2005,SH_ALC_CONSPT,Mexico,15+,Both sexes,6.19044
2005,SH_ALC_CONSPT,Mexico,15+,Male,10.12759
2010,SH_ALC_CONSPT,Mexico,15+,Both sexes,5.23485
2010,SH_ALC_CONSPT,Mexico,15+,Female,2.11447
2010,SH_ALC_CONSPT,Mexico,15+,Male,8.59185
2015,SH_ALC_CONSPT,Mexico,15+,Female,2.06773
2015,SH_ALC_CONSPT,Mexico,15+,Male,8.4631
2015,SH_ALC_CONSPT,Mexico,15+,Both sexes,5.15441
2019,SH_ALC_CONSPT,Mexico,15+,Both sexes,5.71942
2019,SH_ALC_CONSPT,Mexico,15+,Male,9.38474
2019,SH_ALC_CONSPT,Mexico,15+,Female,2.29655
2000,SH_ALC_CONSPT,Moldova,15+,Both sexes,10.36363
2000,SH_ALC_CONSPT,Moldova,15+,Male,16.77494
2000,SH_ALC_CONSPT,Moldova,15+,Female,4.77218
2005,SH_ALC_CONSPT,Moldova,15+,Male,20.89971
2005,SH_ALC_CONSPT,Moldova,15+,Female,5.99617
2005,SH_ALC_CONSPT,Moldova,15+,Both sexes,12.94856
2010,SH_ALC_CONSPT,Moldova,15+,Both sexes,11.4277
2010,SH_ALC_CONSPT,Moldova,15+,Female,5.22744
2010,SH_ALC_CONSPT,Moldova,15+,Male,18.47843
2015,SH_ALC_CONSPT,Moldova,15+,Both sexes,11.34843
2015,SH_ALC_CONSPT,Moldova,15+,Male,18.41068
2015,SH_ALC_CONSPT,Moldova,15+,Female,5.12256
2019,SH_ALC_CONSPT,Moldova,15+,Both sexes,11.36078
2019,SH_ALC_CONSPT,Moldova,15+,Female,5.09434
2019,SH_ALC_CONSPT,Moldova,15+,Male,18.4899
2010,SH_ALC_CONSPT,Montenegro,15+,Both sexes,10.3988
2010,SH_ALC_CONSPT,Montenegro,15+,Male,16.92162
2010,SH_ALC_CONSPT,Montenegro,15+,Female,4.36238
2015,SH_ALC_CONSPT,Montenegro,15+,Both sexes,9.55367
2015,SH_ALC_CONSPT,Montenegro,15+,Male,15.58717
2015,SH_ALC_CONSPT,Montenegro,15+,Female,3.96058
2019,SH_ALC_CONSPT,Montenegro,15+,Both sexes,10.34273
2019,SH_ALC_CONSPT,Montenegro,15+,Female,4.30631
2019,SH_ALC_CONSPT,Montenegro,15+,Male,16.8618
2000,SH_ALC_CONSPT,Netherlands (Kingdom of the),15+,Both sexes,11.13971
2000,SH_ALC_CONSPT,Netherlands (Kingdom of the),15+,Female,5.04578
2000,SH_ALC_CONSPT,Netherlands (Kingdom of the),15+,Male,17.45999
2005,SH_ALC_CONSPT,Netherlands (Kingdom of the),15+,Male,16.83967
2005,SH_ALC_CONSPT,Netherlands (Kingdom of the),15+,Female,4.86419
2005,SH_ALC_CONSPT,Netherlands (Kingdom of the),15+,Both sexes,10.74507
2010,SH_ALC_CONSPT,Netherlands (Kingdom of the),15+,Both sexes,10.19669
2010,SH_ALC_CONSPT,Netherlands (Kingdom of the),15+,Male,15.96408
2010,SH_ALC_CONSPT,Netherlands (Kingdom of the),15+,Female,4.62202
2015,SH_ALC_CONSPT,Netherlands (Kingdom of the),15+,Female,4.2488
2015,SH_ALC_CONSPT,Netherlands (Kingdom of the),15+,Male,14.67182
2015,SH_ALC_CONSPT,Netherlands (Kingdom of the),15+,Both sexes,9.3835
2019,SH_ALC_CONSPT,Netherlands (Kingdom of the),15+,Both sexes,9.30324
2019,SH_ALC_CONSPT,Netherlands (Kingdom of the),15+,Female,4.22639
2019,SH_ALC_CONSPT,Netherlands (Kingdom of the),15+,Male,14.51377
2000,SH_ALC_CONSPT,New Zealand,15+,Both sexes,9.77084
2000,SH_ALC_CONSPT,New Zealand,15+,Female,4.6003
2000,SH_ALC_CONSPT,New Zealand,15+,Male,15.28181
2005,SH_ALC_CONSPT,New Zealand,15+,Male,15.86772
2005,SH_ALC_CONSPT,New Zealand,15+,Female,4.7988
2005,SH_ALC_CONSPT,New Zealand,15+,Both sexes,10.15271
2010,SH_ALC_CONSPT,New Zealand,15+,Both sexes,10.27561
2010,SH_ALC_CONSPT,New Zealand,15+,Female,4.86537
2010,SH_ALC_CONSPT,New Zealand,15+,Male,16.07084
2015,SH_ALC_CONSPT,New Zealand,15+,Both sexes,9.69342
2015,SH_ALC_CONSPT,New Zealand,15+,Female,4.58134
2015,SH_ALC_CONSPT,New Zealand,15+,Male,15.11621
2019,SH_ALC_CONSPT,New Zealand,15+,Female,4.65761
2019,SH_ALC_CONSPT,New Zealand,15+,Both sexes,9.88698
2019,SH_ALC_CONSPT,New Zealand,15+,Male,15.35855
2000,SH_ALC_CONSPT,Norway,15+,Both sexes,6.6346
2000,SH_ALC_CONSPT,Norway,15+,Male,10.42228
2000,SH_ALC_CONSPT,Norway,15+,Female,2.98079
2005,SH_ALC_CONSPT,Norway,15+,Both sexes,7.26719
2005,SH_ALC_CONSPT,Norway,15+,Male,11.36405
2005,SH_ALC_CONSPT,Norway,15+,Female,3.29899
2010,SH_ALC_CONSPT,Norway,15+,Male,11.51969
2010,SH_ALC_CONSPT,Norway,15+,Both sexes,7.42912
2010,SH_ALC_CONSPT,Norway,15+,Female,3.38644
2015,SH_ALC_CONSPT,Norway,15+,Both sexes,6.82976
2015,SH_ALC_CONSPT,Norway,15+,Male,10.54198
2015,SH_ALC_CONSPT,Norway,15+,Female,3.09854
2019,SH_ALC_CONSPT,Norway,15+,Female,3.09035
2019,SH_ALC_CONSPT,Norway,15+,Male,10.48831
2019,SH_ALC_CONSPT,Norway,15+,Both sexes,6.80397
2000,SH_ALC_CONSPT,Poland,15+,Both sexes,9.6517
2000,SH_ALC_CONSPT,Poland,15+,Male,15.44478
2000,SH_ALC_CONSPT,Poland,15+,Female,4.31117
2005,SH_ALC_CONSPT,Poland,15+,Female,4.79017
2005,SH_ALC_CONSPT,Poland,15+,Male,17.13745
2005,SH_ALC_CONSPT,Poland,15+,Both sexes,10.71499
2010,SH_ALC_CONSPT,Poland,15+,Both sexes,11.30438
2010,SH_ALC_CONSPT,Poland,15+,Male,18.10182
2010,SH_ALC_CONSPT,Poland,15+,Female,5.05029
2015,SH_ALC_CONSPT,Poland,15+,Both sexes,11.46278
2015,SH_ALC_CONSPT,Poland,15+,Male,18.39543
2015,SH_ALC_CONSPT,Poland,15+,Female,5.09315
2019,SH_ALC_CONSPT,Poland,15+,Both sexes,11.62513
2019,SH_ALC_CONSPT,Poland,15+,Female,5.15442
2019,SH_ALC_CONSPT,Poland,15+,Male,18.67462
2000,SH_ALC_CONSPT,Portugal,15+,Both sexes,12.77447
2000,SH_ALC_CONSPT,Portugal,15+,Female,5.91838
2000,SH_ALC_CONSPT,Portugal,15+,Male,20.31646
2005,SH_ALC_CONSPT,Portugal,15+,Female,5.61887
2005,SH_ALC_CONSPT,Portugal,15+,Male,19.43835
2005,SH_ALC_CONSPT,Portugal,15+,Both sexes,12.17916
2010,SH_ALC_CONSPT,Portugal,15+,Male,18.28931
2010,SH_ALC_CONSPT,Portugal,15+,Female,5.23832
2010,SH_ALC_CONSPT,Portugal,15+,Both sexes,11.40099
2015,SH_ALC_CONSPT,Portugal,15+,Male,17.01867
2015,SH_ALC_CONSPT,Portugal,15+,Female,4.83714
2015,SH_ALC_CONSPT,Portugal,15+,Both sexes,10.53851
2019,SH_ALC_CONSPT,Portugal,15+,Both sexes,10.44538
2019,SH_ALC_CONSPT,Portugal,15+,Male,16.89192
2019,SH_ALC_CONSPT,Portugal,15+,Female,4.80883
2000,SH_ALC_CONSPT,Romania,15+,Both sexes,19.04727
2000,SH_ALC_CONSPT,Romania,15+,Female,8.53606
2000,SH_ALC_CONSPT,Romania,15+,Male,30.46597
2005,SH_ALC_CONSPT,Romania,15+,Male,29.3264
2005,SH_ALC_CONSPT,Romania,15+,Both sexes,18.31993
2005,SH_ALC_CONSPT,Romania,15+,Female,8.17747
2010,SH_ALC_CONSPT,Romania,15+,Male,28.25402
2010,SH_ALC_CONSPT,Romania,15+,Both sexes,17.61868
2010,SH_ALC_CONSPT,Romania,15+,Female,7.81595
2015,SH_ALC_CONSPT,Romania,15+,Female,7.44352
2015,SH_ALC_CONSPT,Romania,15+,Male,27.07473
2015,SH_ALC_CONSPT,Romania,15+,Both sexes,16.85203
2019,SH_ALC_CONSPT,Romania,15+,Both sexes,16.98964
2019,SH_ALC_CONSPT,Romania,15+,Female,7.50884
2019,SH_ALC_CONSPT,Romania,15+,Male,27.30171
2010,SH_ALC_CONSPT,Serbia,15+,Both sexes,9.93455
2010,SH_ALC_CONSPT,Serbia,15+,Male,16.1606
2010,SH_ALC_CONSPT,Serbia,15+,Female,4.30309
2015,SH_ALC_CONSPT,Serbia,15+,Female,3.34074
2015,SH_ALC_CONSPT,Serbia,15+,Male,12.84503
2015,SH_ALC_CONSPT,Serbia,15+,Both sexes,7.84315
2019,SH_ALC_CONSPT,Serbia,15+,Male,12.9357
2019,SH_ALC_CONSPT,Serbia,15+,Female,3.35136
2019,SH_ALC_CONSPT,Serbia,15+,Both sexes,7.88971
2000,SH_ALC_CONSPT,Slovakia,15+,Female,5.01459
2000,SH_ALC_CONSPT,Slovakia,15+,Both sexes,11.09334
2000,SH_ALC_CONSPT,Slovakia,15+,Male,17.68592
2005,SH_ALC_CONSPT,Slovakia,15+,Female,4.77687
2005,SH_ALC_CONSPT,Slovakia,15+,Male,16.93157
2005,SH_ALC_CONSPT,Slovakia,15+,Both sexes,10.61838
2010,SH_ALC_CONSPT,Slovakia,15+,Female,4.72189
2010,SH_ALC_CONSPT,Slovakia,15+,Both sexes,10.54253
2010,SH_ALC_CONSPT,Slovakia,15+,Male,16.80512
2015,SH_ALC_CONSPT,Slovakia,15+,Male,16.46993
2015,SH_ALC_CONSPT,Slovakia,15+,Both sexes,10.31864
2015,SH_ALC_CONSPT,Slovakia,15+,Female,4.57514
2019,SH_ALC_CONSPT,Slovakia,15+,Female,4.61404
2019,SH_ALC_CONSPT,Slovakia,15+,Both sexes,10.47519
2019,SH_ALC_CONSPT,Slovakia,15+,Male,16.73585
2000,SH_ALC_CONSPT,Viet Nam,15+,Both sexes,3.28119
2000,SH_ALC_CONSPT,Viet Nam,15+,Female,1.28805
2000,SH_ALC_CONSPT,Viet Nam,15+,Male,5.43906
2005,SH_ALC_CONSPT,Viet Nam,15+,Both sexes,4.80995
2005,SH_ALC_CONSPT,Viet Nam,15+,Male,7.91946
2005,SH_ALC_CONSPT,Viet Nam,15+,Female,1.90834
2010,SH_ALC_CONSPT,Viet Nam,15+,Female,2.9752
2010,SH_ALC_CONSPT,Viet Nam,15+,Both sexes,7.36591
2010,SH_ALC_CONSPT,Viet Nam,15+,Male,12.04096
2015,SH_ALC_CONSPT,Viet Nam,15+,Male,14.46032
2015,SH_ALC_CONSPT,Viet Nam,15+,Female,3.58573
2015,SH_ALC_CONSPT,Viet Nam,15+,Both sexes,8.85372
2019,SH_ALC_CONSPT,Viet Nam,15+,Both sexes,9.33984
2019,SH_ALC_CONSPT,Viet Nam,15+,Female,3.77728
2019,SH_ALC_CONSPT,Viet Nam,15+,Male,15.25946
2000,SH_ALC_CONSPT,Slovenia,15+,Male,19.35548
2000,SH_ALC_CONSPT,Slovenia,15+,Both sexes,12.09817
2000,SH_ALC_CONSPT,Slovenia,15+,Female,5.33462
2005,SH_ALC_CONSPT,Slovenia,15+,Male,18.83036
2005,SH_ALC_CONSPT,Slovenia,15+,Female,5.17464
2005,SH_ALC_CONSPT,Slovenia,15+,Both sexes,11.8105
2010,SH_ALC_CONSPT,Slovenia,15+,Both sexes,11.14347
2010,SH_ALC_CONSPT,Slovenia,15+,Male,17.70949
2010,SH_ALC_CONSPT,Slovenia,15+,Female,4.81498
2015,SH_ALC_CONSPT,Slovenia,15+,Female,4.96777
2015,SH_ALC_CONSPT,Slovenia,15+,Male,18.36997
2015,SH_ALC_CONSPT,Slovenia,15+,Both sexes,11.57815
2019,SH_ALC_CONSPT,Slovenia,15+,Both sexes,10.97589
2019,SH_ALC_CONSPT,Slovenia,15+,Male,17.33298
2019,SH_ALC_CONSPT,Slovenia,15+,Female,4.68963
2000,SH_ALC_CONSPT,Spain,15+,Male,18.36281
2000,SH_ALC_CONSPT,Spain,15+,Female,5.33702
2000,SH_ALC_CONSPT,Spain,15+,Both sexes,11.66679
2005,SH_ALC_CONSPT,Spain,15+,Both sexes,11.95362
2005,SH_ALC_CONSPT,Spain,15+,Male,18.75724
2005,SH_ALC_CONSPT,Spain,15+,Female,5.43658
2010,SH_ALC_CONSPT,Spain,15+,Female,4.26371
2010,SH_ALC_CONSPT,Spain,15+,Male,14.91805
2010,SH_ALC_CONSPT,Spain,15+,Both sexes,9.48963
2015,SH_ALC_CONSPT,Spain,15+,Both sexes,9.94182
2015,SH_ALC_CONSPT,Spain,15+,Male,15.72154
2015,SH_ALC_CONSPT,Spain,15+,Female,4.45515
2019,SH_ALC_CONSPT,Spain,15+,Female,4.91652
2019,SH_ALC_CONSPT,Spain,15+,Male,17.25542
2019,SH_ALC_CONSPT,Spain,15+,Both sexes,10.91336
2000,SH_ALC_CONSPT,Sweden,15+,Male,14.76238
2000,SH_ALC_CONSPT,Sweden,15+,Both sexes,9.3746
2000,SH_ALC_CONSPT,Sweden,15+,Female,4.18452
2005,SH_ALC_CONSPT,Sweden,15+,Female,4.17042
2005,SH_ALC_CONSPT,Sweden,15+,Male,14.61095
2005,SH_ALC_CONSPT,Sweden,15+,Both sexes,9.31084
2010,SH_ALC_CONSPT,Sweden,15+,Both sexes,9.78872
2010,SH_ALC_CONSPT,Sweden,15+,Male,15.27233
2010,SH_ALC_CONSPT,Sweden,15+,Female,4.41575
2015,SH_ALC_CONSPT,Sweden,15+,Female,4.25363
2015,SH_ALC_CONSPT,Sweden,15+,Male,14.68035
2015,SH_ALC_CONSPT,Sweden,15+,Both sexes,9.4453
2019,SH_ALC_CONSPT,Sweden,15+,Female,4.17948
2019,SH_ALC_CONSPT,Sweden,15+,Male,14.41696
2019,SH_ALC_CONSPT,Sweden,15+,Both sexes,9.29617
2000,SH_ALC_CONSPT,Switzerland,15+,Both sexes,12.48461
2000,SH_ALC_CONSPT,Switzerland,15+,Male,19.71086
2000,SH_ALC_CONSPT,Switzerland,15+,Female,5.71776
2005,SH_ALC_CONSPT,Switzerland,15+,Female,5.33643
2005,SH_ALC_CONSPT,Switzerland,15+,Both sexes,11.66147
2005,SH_ALC_CONSPT,Switzerland,15+,Male,18.37537
2010,SH_ALC_CONSPT,Switzerland,15+,Male,17.72336
2010,SH_ALC_CONSPT,Switzerland,15+,Both sexes,11.31707
2010,SH_ALC_CONSPT,Switzerland,15+,Female,5.1958
2015,SH_ALC_CONSPT,Switzerland,15+,Male,16.6779
2015,SH_ALC_CONSPT,Switzerland,15+,Both sexes,10.69437
2015,SH_ALC_CONSPT,Switzerland,15+,Female,4.91056
2019,SH_ALC_CONSPT,Switzerland,15+,Both sexes,10.39688
2019,SH_ALC_CONSPT,Switzerland,15+,Female,4.76811
2019,SH_ALC_CONSPT,Switzerland,15+,Male,16.19171
2000,SH_ALC_CONSPT,Tajikistan,15+,Female,0.25996
2000,SH_ALC_CONSPT,Tajikistan,15+,Both sexes,0.90118
2000,SH_ALC_CONSPT,Tajikistan,15+,Male,1.57643
2005,SH_ALC_CONSPT,Tajikistan,15+,Male,1.33006
2005,SH_ALC_CONSPT,Tajikistan,15+,Both sexes,0.76232
2005,SH_ALC_CONSPT,Tajikistan,15+,Female,0.21789
2010,SH_ALC_CONSPT,Tajikistan,15+,Both sexes,0.69156
2010,SH_ALC_CONSPT,Tajikistan,15+,Male,1.20233
2010,SH_ALC_CONSPT,Tajikistan,15+,Female,0.19407
2015,SH_ALC_CONSPT,Tajikistan,15+,Male,1.53846
2015,SH_ALC_CONSPT,Tajikistan,15+,Both sexes,0.88627
2015,SH_ALC_CONSPT,Tajikistan,15+,Female,0.24511
2015,SH_ALC_CONSPT,Canada,15+,Both sexes,9.91687
2015,SH_ALC_CONSPT,Canada,15+,Male,15.63597
2015,SH_ALC_CONSPT,Canada,15+,Female,4.34831
2019,SH_ALC_CONSPT,Canada,15+,Male,15.59438
2019,SH_ALC_CONSPT,Canada,15+,Both sexes,9.89647
2019,SH_ALC_CONSPT,Canada,15+,Female,4.33655
2019,SH_ALC_CONSPT,Canada,15+,Female,4.33655
