Year,SeriesCode,Country,Value
2000,DC_TOF_HLTHL,Chile,0.12077
2001,DC_TOF_HLTHL,Chile,0.09706
2002,DC_TOF_HLTHL,Chile,0.35696
2003,DC_TOF_HLTHL,Chile,0.23256
2004,DC_TOF_HLTHL,Chile,2.13136
2005,DC_TOF_HLTHL,Chile,2.46825
2006,DC_TOF_HLTHL,Chile,0.59131
2007,DC_TOF_HLTHL,Chile,0.30316
2008,DC_TOF_HLTHL,Chile,0.30916
2009,DC_TOF_HLTHL,Chile,0.66911
2010,DC_TOF_HLTHL,Chile,1.175
2011,DC_TOF_HLTHL,Chile,0.82219
2012,DC_TOF_HLTHL,Chile,0.7313
2013,DC_TOF_HLTHL,Chile,0.38725
2014,DC_TOF_HLTHL,Chile,0.44968
2015,DC_TOF_HLTHL,Chile,0.38192
2000,DC_TOF_HLTHL,Albania,10.12307
2001,DC_TOF_HLTHL,Albania,4.84053
2002,DC_TOF_HLTHL,Albania,6.38912
2003,DC_TOF_HLTHL,Albania,11.12788
2004,DC_TOF_HLTHL,Albania,7.67291
2005,DC_TOF_HLTHL,Albania,16.1307
2006,DC_TOF_HLTHL,Albania,10.39921
2007,DC_TOF_HLTHL,Albania,9.99607
2016,DC_TOF_HLTHL,Chile,0.22159
2017,DC_TOF_HLTHL,Chile,0.71223
2000,DC_TOF_HLTHL,China,44.69672
2001,DC_TOF_HLTHL,China,38.88234
2002,DC_TOF_HLTHL,China,51.97921
2003,DC_TOF_HLTHL,China,65.58133
2004,DC_TOF_HLTHL,China,62.93758
2005,DC_TOF_HLTHL,China,57.72917
2008,DC_TOF_HLTHL,Albania,6.63976
2009,DC_TOF_HLTHL,Albania,3.27431
2010,DC_TOF_HLTHL,Albania,5.24349
2011,DC_TOF_HLTHL,Albania,5.48409
2012,DC_TOF_HLTHL,Albania,3.32267
2013,DC_TOF_HLTHL,Albania,1.89612
2014,DC_TOF_HLTHL,Albania,2.29721
2015,DC_TOF_HLTHL,Albania,2.31568
2006,DC_TOF_HLTHL,China,63.09875
2007,DC_TOF_HLTHL,China,114.33466
2008,DC_TOF_HLTHL,China,66.21634
2009,DC_TOF_HLTHL,China,119.25994
2010,DC_TOF_HLTHL,China,132.88379
2011,DC_TOF_HLTHL,China,82.45307
2012,DC_TOF_HLTHL,China,132.58084
2013,DC_TOF_HLTHL,China,104.56086
2000,DC_TOF_HLTHL,Serbia,17.00964
2001,DC_TOF_HLTHL,Serbia,12.96473
2002,DC_TOF_HLTHL,Serbia,5.37496
2003,DC_TOF_HLTHL,Serbia,4.7238
2004,DC_TOF_HLTHL,Serbia,2.66343
2005,DC_TOF_HLTHL,Serbia,10.23523
2006,DC_TOF_HLTHL,Serbia,8.57366
2007,DC_TOF_HLTHL,Serbia,4.97879
2016,DC_TOF_HLTHL,Albania,2.11278
2017,DC_TOF_HLTHL,Albania,2.51523
2018,DC_TOF_HLTHL,Albania,9.44562
2019,DC_TOF_HLTHL,Albania,6.94708
2020,DC_TOF_HLTHL,Albania,6.21979
2021,DC_TOF_HLTHL,Albania,26.90941
2000,DC_TOF_HLTHL,Azerbaijan,9.28317
2001,DC_TOF_HLTHL,Azerbaijan,1.97215
2002,DC_TOF_HLTHL,Azerbaijan,0.75093
2003,DC_TOF_HLTHL,Azerbaijan,1.07439
2004,DC_TOF_HLTHL,Azerbaijan,1.66333
2005,DC_TOF_HLTHL,Azerbaijan,5.16653
2006,DC_TOF_HLTHL,Azerbaijan,2.89367
2007,DC_TOF_HLTHL,Azerbaijan,8.71359
2008,DC_TOF_HLTHL,Azerbaijan,6.66196
2009,DC_TOF_HLTHL,Azerbaijan,9.7855
2010,DC_TOF_HLTHL,Azerbaijan,9.74872
2011,DC_TOF_HLTHL,Azerbaijan,14.41698
2012,DC_TOF_HLTHL,Azerbaijan,4.55727
2013,DC_TOF_HLTHL,Azerbaijan,11.28404
2014,DC_TOF_HLTHL,Azerbaijan,8.6147
2015,DC_TOF_HLTHL,Azerbaijan,5.9925
2016,DC_TOF_HLTHL,Azerbaijan,4.34155
2017,DC_TOF_HLTHL,Azerbaijan,9.3221
2008,DC_TOF_HLTHL,Serbia,7.81559
2009,DC_TOF_HLTHL,Serbia,1.13334
2010,DC_TOF_HLTHL,Serbia,2.83504
2011,DC_TOF_HLTHL,Serbia,2.08171
2012,DC_TOF_HLTHL,Serbia,1.55254
2013,DC_TOF_HLTHL,Serbia,1.88264
2014,DC_TOF_HLTHL,Serbia,2.19548
2015,DC_TOF_HLTHL,Serbia,1.34088
2016,DC_TOF_HLTHL,Serbia,0.96591
2017,DC_TOF_HLTHL,Serbia,28.33515
2018,DC_TOF_HLTHL,Serbia,0.56302
2019,DC_TOF_HLTHL,Serbia,28.93017
2020,DC_TOF_HLTHL,Serbia,13.24005
2021,DC_TOF_HLTHL,Serbia,44.85423
2000,DC_TOF_HLTHL,Viet Nam,21.52455
2001,DC_TOF_HLTHL,Viet Nam,25.90687
2018,DC_TOF_HLTHL,Azerbaijan,3.35931
2019,DC_TOF_HLTHL,Azerbaijan,4.30285
2020,DC_TOF_HLTHL,Azerbaijan,6.34695
2021,DC_TOF_HLTHL,Azerbaijan,4.0159
2000,DC_TOF_HLTHL,Armenia,7.90852
2001,DC_TOF_HLTHL,Armenia,0.40793
2002,DC_TOF_HLTHL,Armenia,3.10469
2003,DC_TOF_HLTHL,Armenia,2.37525
2004,DC_TOF_HLTHL,Armenia,0.97763
2005,DC_TOF_HLTHL,Armenia,7.41911
2006,DC_TOF_HLTHL,Armenia,13.96013
2007,DC_TOF_HLTHL,Armenia,17.27384
2008,DC_TOF_HLTHL,Armenia,10.90601
2009,DC_TOF_HLTHL,Armenia,13.96317
2010,DC_TOF_HLTHL,Armenia,15.94119
2011,DC_TOF_HLTHL,Armenia,11.65402
2012,DC_TOF_HLTHL,Armenia,9.79662
2013,DC_TOF_HLTHL,Armenia,10.43713
2014,DC_TOF_HLTHL,Armenia,6.31865
2015,DC_TOF_HLTHL,Armenia,6.14082
2016,DC_TOF_HLTHL,Armenia,16.76258
2017,DC_TOF_HLTHL,Armenia,6.93829
2018,DC_TOF_HLTHL,Armenia,10.02225
2019,DC_TOF_HLTHL,Armenia,5.99652
2014,DC_TOF_HLTHL,China,82.833
2015,DC_TOF_HLTHL,China,93.53685
2016,DC_TOF_HLTHL,China,189.5299
2017,DC_TOF_HLTHL,China,161.6175
2018,DC_TOF_HLTHL,China,93.02489
2019,DC_TOF_HLTHL,China,99.61502
2020,DC_TOF_HLTHL,China,87.96674
2021,DC_TOF_HLTHL,China,112.11749
2020,DC_TOF_HLTHL,Armenia,10.04924
2021,DC_TOF_HLTHL,Armenia,11.26073
2000,DC_TOF_HLTHL,Bosnia and Herzegovina,9.92204
2001,DC_TOF_HLTHL,Bosnia and Herzegovina,5.68417
2002,DC_TOF_HLTHL,Bosnia and Herzegovina,5.79317
2003,DC_TOF_HLTHL,Bosnia and Herzegovina,9.55218
2004,DC_TOF_HLTHL,Bosnia and Herzegovina,4.81767
2005,DC_TOF_HLTHL,Bosnia and Herzegovina,4.98474
2000,DC_TOF_HLTHL,Colombia,3.82038
2001,DC_TOF_HLTHL,Colombia,1.13217
2002,DC_TOF_HLTHL,Colombia,1.24599
2003,DC_TOF_HLTHL,Colombia,0.47401
2004,DC_TOF_HLTHL,Colombia,2.19327
2005,DC_TOF_HLTHL,Colombia,1.43784
2006,DC_TOF_HLTHL,Colombia,1.62273
2007,DC_TOF_HLTHL,Colombia,1.64935
2008,DC_TOF_HLTHL,Colombia,4.92464
2009,DC_TOF_HLTHL,Colombia,3.77403
2010,DC_TOF_HLTHL,Colombia,18.0896
2011,DC_TOF_HLTHL,Colombia,15.01012
2012,DC_TOF_HLTHL,Colombia,6.31254
2013,DC_TOF_HLTHL,Colombia,11.85255
2014,DC_TOF_HLTHL,Colombia,9.9413
2015,DC_TOF_HLTHL,Colombia,5.11189
2006,DC_TOF_HLTHL,Bosnia and Herzegovina,18.17695
2007,DC_TOF_HLTHL,Bosnia and Herzegovina,11.56616
2008,DC_TOF_HLTHL,Bosnia and Herzegovina,7.53101
2009,DC_TOF_HLTHL,Bosnia and Herzegovina,2.82595
2010,DC_TOF_HLTHL,Bosnia and Herzegovina,8.36612
2011,DC_TOF_HLTHL,Bosnia and Herzegovina,6.49254
2012,DC_TOF_HLTHL,Bosnia and Herzegovina,7.1079
2013,DC_TOF_HLTHL,Bosnia and Herzegovina,5.97241
2014,DC_TOF_HLTHL,Bosnia and Herzegovina,11.83457
2015,DC_TOF_HLTHL,Bosnia and Herzegovina,5.60344
2016,DC_TOF_HLTHL,Bosnia and Herzegovina,40.44537
2017,DC_TOF_HLTHL,Bosnia and Herzegovina,38.42615
2018,DC_TOF_HLTHL,Bosnia and Herzegovina,14.03139
2019,DC_TOF_HLTHL,Bosnia and Herzegovina,9.19295
2020,DC_TOF_HLTHL,Bosnia and Herzegovina,16.43896
2021,DC_TOF_HLTHL,Bosnia and Herzegovina,56.90372
2002,DC_TOF_HLTHL,Viet Nam,29.80465
2003,DC_TOF_HLTHL,Viet Nam,18.48878
2004,DC_TOF_HLTHL,Viet Nam,21.67553
2005,DC_TOF_HLTHL,Viet Nam,47.68286
2006,DC_TOF_HLTHL,Viet Nam,59.77645
2007,DC_TOF_HLTHL,Viet Nam,57.44363
2008,DC_TOF_HLTHL,Viet Nam,66.06076
2009,DC_TOF_HLTHL,Viet Nam,75.69579
2005,DC_TOF_HLTHL,Belarus,1.13324
2006,DC_TOF_HLTHL,Belarus,1.17349
2007,DC_TOF_HLTHL,Belarus,2.89686
2008,DC_TOF_HLTHL,Belarus,6.04307
2009,DC_TOF_HLTHL,Belarus,1.13368
2010,DC_TOF_HLTHL,Belarus,10.81096
2011,DC_TOF_HLTHL,Belarus,5.72306
2012,DC_TOF_HLTHL,Belarus,6.87121
2016,DC_TOF_HLTHL,Colombia,3.63559
2017,DC_TOF_HLTHL,Colombia,12.0041
2018,DC_TOF_HLTHL,Colombia,4.86487
2019,DC_TOF_HLTHL,Colombia,3.63046
2020,DC_TOF_HLTHL,Colombia,21.69198
2021,DC_TOF_HLTHL,Colombia,172.17248
2000,DC_TOF_HLTHL,Costa Rica,0.01975
2002,DC_TOF_HLTHL,Costa Rica,0.28058
2013,DC_TOF_HLTHL,Belarus,6.04477
2014,DC_TOF_HLTHL,Belarus,6.13823
2015,DC_TOF_HLTHL,Belarus,1.41772
2016,DC_TOF_HLTHL,Belarus,6.5452
2017,DC_TOF_HLTHL,Belarus,3.41164
2018,DC_TOF_HLTHL,Belarus,4.12708
2019,DC_TOF_HLTHL,Belarus,6.62185
2020,DC_TOF_HLTHL,Belarus,3.80283
2010,DC_TOF_HLTHL,Viet Nam,120.07278
2011,DC_TOF_HLTHL,Viet Nam,105.85674
2012,DC_TOF_HLTHL,Viet Nam,143.61123
2013,DC_TOF_HLTHL,Viet Nam,138.35967
2014,DC_TOF_HLTHL,Viet Nam,99.21895
2015,DC_TOF_HLTHL,Viet Nam,84.11102
2016,DC_TOF_HLTHL,Viet Nam,89.61071
2017,DC_TOF_HLTHL,Viet Nam,97.3948
2018,DC_TOF_HLTHL,Viet Nam,97.85283
2019,DC_TOF_HLTHL,Viet Nam,87.86068
2020,DC_TOF_HLTHL,Viet Nam,130.17288
2021,DC_TOF_HLTHL,Viet Nam,217.90694
2000,DC_TOF_HLTHL,Tajikistan,5.24959
2001,DC_TOF_HLTHL,Tajikistan,1.74313
2002,DC_TOF_HLTHL,Tajikistan,7.47855
2003,DC_TOF_HLTHL,Tajikistan,9.5851
2004,DC_TOF_HLTHL,Tajikistan,14.07313
2005,DC_TOF_HLTHL,Tajikistan,7.55331
2006,DC_TOF_HLTHL,Tajikistan,14.82222
2007,DC_TOF_HLTHL,Tajikistan,15.94557
2008,DC_TOF_HLTHL,Tajikistan,25.81139
2009,DC_TOF_HLTHL,Tajikistan,19.50818
2010,DC_TOF_HLTHL,Tajikistan,31.18054
2011,DC_TOF_HLTHL,Tajikistan,27.13189
2012,DC_TOF_HLTHL,Tajikistan,29.93982
2013,DC_TOF_HLTHL,Tajikistan,25.91208
2014,DC_TOF_HLTHL,Tajikistan,33.38921
2015,DC_TOF_HLTHL,Tajikistan,27.17482
2016,DC_TOF_HLTHL,Tajikistan,29.70745
2017,DC_TOF_HLTHL,Tajikistan,41.88968
2018,DC_TOF_HLTHL,Tajikistan,32.58293
2019,DC_TOF_HLTHL,Tajikistan,29.20603
2020,DC_TOF_HLTHL,Tajikistan,46.0437
2021,DC_TOF_HLTHL,Tajikistan,84.59441
2000,DC_TOF_HLTHL,Türkiye,0.19437
2001,DC_TOF_HLTHL,Türkiye,0.46041
2002,DC_TOF_HLTHL,Türkiye,0.224
2003,DC_TOF_HLTHL,Türkiye,0.15703
2004,DC_TOF_HLTHL,Türkiye,0.31968
2005,DC_TOF_HLTHL,Türkiye,0.28885
2006,DC_TOF_HLTHL,Türkiye,2.95135
2007,DC_TOF_HLTHL,Türkiye,7.36227
2008,DC_TOF_HLTHL,Türkiye,2.82412
2009,DC_TOF_HLTHL,Türkiye,1.62997
2010,DC_TOF_HLTHL,Türkiye,1.01531
2011,DC_TOF_HLTHL,Türkiye,1.06376
2012,DC_TOF_HLTHL,Türkiye,2.76914
2013,DC_TOF_HLTHL,Türkiye,3.54704
2014,DC_TOF_HLTHL,Türkiye,2.48565
2015,DC_TOF_HLTHL,Türkiye,2.48696
2016,DC_TOF_HLTHL,Türkiye,33.11913
2017,DC_TOF_HLTHL,Türkiye,187.08926
2018,DC_TOF_HLTHL,Türkiye,71.22253
2019,DC_TOF_HLTHL,Türkiye,83.03833
2020,DC_TOF_HLTHL,Türkiye,30.94174
2021,DC_TOF_HLTHL,Türkiye,27.47033
2000,DC_TOF_HLTHL,Turkmenistan,1.00107
2001,DC_TOF_HLTHL,Turkmenistan,1.2536
2002,DC_TOF_HLTHL,Turkmenistan,2.1373
2003,DC_TOF_HLTHL,Turkmenistan,2.11308
2004,DC_TOF_HLTHL,Turkmenistan,1.66622
2005,DC_TOF_HLTHL,Turkmenistan,2.04601
2006,DC_TOF_HLTHL,Turkmenistan,2.14724
2007,DC_TOF_HLTHL,Turkmenistan,3.02541
2008,DC_TOF_HLTHL,Turkmenistan,1.58197
2009,DC_TOF_HLTHL,Turkmenistan,2.9628
2010,DC_TOF_HLTHL,Turkmenistan,6.62623
2011,DC_TOF_HLTHL,Turkmenistan,6.60748
2012,DC_TOF_HLTHL,Turkmenistan,2.56522
2013,DC_TOF_HLTHL,Turkmenistan,6.02537
2014,DC_TOF_HLTHL,Turkmenistan,4.92366
2015,DC_TOF_HLTHL,Turkmenistan,3.22881
2016,DC_TOF_HLTHL,Turkmenistan,11.46784
2017,DC_TOF_HLTHL,Turkmenistan,3.04196
2018,DC_TOF_HLTHL,Turkmenistan,2.18507
2019,DC_TOF_HLTHL,Turkmenistan,2.84117
2020,DC_TOF_HLTHL,Turkmenistan,4.30416
2021,DC_TOF_HLTHL,Turkmenistan,10.72896
2005,DC_TOF_HLTHL,Ukraine,9.04594
2006,DC_TOF_HLTHL,Ukraine,15.73384
2007,DC_TOF_HLTHL,Ukraine,12.47654
2008,DC_TOF_HLTHL,Ukraine,10.87801
2009,DC_TOF_HLTHL,Ukraine,8.60713
2010,DC_TOF_HLTHL,Ukraine,5.04023
2011,DC_TOF_HLTHL,Ukraine,20.37812
2012,DC_TOF_HLTHL,Ukraine,22.14504
2013,DC_TOF_HLTHL,Ukraine,23.17755
2014,DC_TOF_HLTHL,Ukraine,34.98546
2015,DC_TOF_HLTHL,Ukraine,58.116
2016,DC_TOF_HLTHL,Ukraine,74.06754
2017,DC_TOF_HLTHL,Ukraine,37.95632
2018,DC_TOF_HLTHL,Ukraine,52.75528
2019,DC_TOF_HLTHL,Ukraine,62.60141
2020,DC_TOF_HLTHL,Ukraine,38.9008
2021,DC_TOF_HLTHL,Ukraine,51.13464
2000,DC_TOF_HLTHL,North Macedonia,0.39744
2001,DC_TOF_HLTHL,North Macedonia,8.35988
2002,DC_TOF_HLTHL,North Macedonia,1.56633
2003,DC_TOF_HLTHL,North Macedonia,0.71185
2004,DC_TOF_HLTHL,North Macedonia,1.87614
2005,DC_TOF_HLTHL,North Macedonia,0.15189
2006,DC_TOF_HLTHL,North Macedonia,3.38944
2007,DC_TOF_HLTHL,North Macedonia,1.71891
2008,DC_TOF_HLTHL,North Macedonia,0.94567
2009,DC_TOF_HLTHL,North Macedonia,1.09926
2010,DC_TOF_HLTHL,North Macedonia,0.84138
2011,DC_TOF_HLTHL,North Macedonia,3.00047
2012,DC_TOF_HLTHL,North Macedonia,0.09298
2013,DC_TOF_HLTHL,North Macedonia,2.12046
2014,DC_TOF_HLTHL,North Macedonia,0.65852
2015,DC_TOF_HLTHL,North Macedonia,1.56035
2016,DC_TOF_HLTHL,North Macedonia,1.33271
2017,DC_TOF_HLTHL,North Macedonia,1.14272
2018,DC_TOF_HLTHL,North Macedonia,0.45985
2019,DC_TOF_HLTHL,North Macedonia,1.50305
2020,DC_TOF_HLTHL,North Macedonia,3.35453
2021,DC_TOF_HLTHL,North Macedonia,17.16095
2000,DC_TOF_HLTHL,Uzbekistan,12.10765
2001,DC_TOF_HLTHL,Uzbekistan,10.35858
2002,DC_TOF_HLTHL,Uzbekistan,17.91035
2003,DC_TOF_HLTHL,Uzbekistan,11.31998
2004,DC_TOF_HLTHL,Uzbekistan,25.33451
2005,DC_TOF_HLTHL,Uzbekistan,17.32468
2006,DC_TOF_HLTHL,Uzbekistan,15.46146
2007,DC_TOF_HLTHL,Uzbekistan,16.05283
2008,DC_TOF_HLTHL,Uzbekistan,19.45159
2009,DC_TOF_HLTHL,Uzbekistan,23.11549
2010,DC_TOF_HLTHL,Uzbekistan,21.40032
2011,DC_TOF_HLTHL,Uzbekistan,20.45858
2012,DC_TOF_HLTHL,Uzbekistan,37.02257
2013,DC_TOF_HLTHL,Uzbekistan,27.96438
2014,DC_TOF_HLTHL,Uzbekistan,33.3019
2015,DC_TOF_HLTHL,Uzbekistan,25.55347
2016,DC_TOF_HLTHL,Uzbekistan,64.2848
2017,DC_TOF_HLTHL,Uzbekistan,44.32991
2018,DC_TOF_HLTHL,Uzbekistan,36.52171
2003,DC_TOF_HLTHL,Costa Rica,0.82735
2004,DC_TOF_HLTHL,Costa Rica,0.96706
2005,DC_TOF_HLTHL,Costa Rica,1.03448
2006,DC_TOF_HLTHL,Costa Rica,3.33213
2007,DC_TOF_HLTHL,Costa Rica,2.47091
2008,DC_TOF_HLTHL,Costa Rica,4.07043
2009,DC_TOF_HLTHL,Costa Rica,2.05165
2010,DC_TOF_HLTHL,Costa Rica,1.16794
2011,DC_TOF_HLTHL,Costa Rica,0.48959
2012,DC_TOF_HLTHL,Costa Rica,0.43672
2013,DC_TOF_HLTHL,Costa Rica,0.13806
2014,DC_TOF_HLTHL,Costa Rica,0.41088
2015,DC_TOF_HLTHL,Costa Rica,0.37547
2016,DC_TOF_HLTHL,Costa Rica,0.05646
2017,DC_TOF_HLTHL,Costa Rica,0.32372
2018,DC_TOF_HLTHL,Costa Rica,3.01275
2019,DC_TOF_HLTHL,Costa Rica,0.50407
2020,DC_TOF_HLTHL,Costa Rica,5.40871
2021,DC_TOF_HLTHL,Costa Rica,14.70555
2000,DC_TOF_HLTHL,Croatia,0.02219
2001,DC_TOF_HLTHL,Croatia,0.46866
2003,DC_TOF_HLTHL,Croatia,0.13409
2004,DC_TOF_HLTHL,Croatia,0.01343
2005,DC_TOF_HLTHL,Croatia,0.01317
2007,DC_TOF_HLTHL,Croatia,0.11362
2008,DC_TOF_HLTHL,Croatia,0.01896
2009,DC_TOF_HLTHL,Croatia,0.06407
2010,DC_TOF_HLTHL,Croatia,0.08838
2000,DC_TOF_HLTHL,Georgia,5.08517
2001,DC_TOF_HLTHL,Georgia,9.53789
2002,DC_TOF_HLTHL,Georgia,8.30629
2003,DC_TOF_HLTHL,Georgia,5.08646
2004,DC_TOF_HLTHL,Georgia,3.89514
2005,DC_TOF_HLTHL,Georgia,5.32341
2006,DC_TOF_HLTHL,Georgia,4.10143
2007,DC_TOF_HLTHL,Georgia,16.08053
2008,DC_TOF_HLTHL,Georgia,15.28393
2009,DC_TOF_HLTHL,Georgia,10.8213
2010,DC_TOF_HLTHL,Georgia,20.19902
2011,DC_TOF_HLTHL,Georgia,19.46727
2012,DC_TOF_HLTHL,Georgia,7.04377
2013,DC_TOF_HLTHL,Georgia,9.69681
2014,DC_TOF_HLTHL,Georgia,8.0281
2015,DC_TOF_HLTHL,Georgia,4.53512
2016,DC_TOF_HLTHL,Georgia,9.99633
2017,DC_TOF_HLTHL,Georgia,8.96849
2018,DC_TOF_HLTHL,Georgia,3.38985
2019,DC_TOF_HLTHL,Georgia,6.43441
2020,DC_TOF_HLTHL,Georgia,8.25279
2021,DC_TOF_HLTHL,Georgia,16.83322
2000,DC_TOF_HLTHL,India,372.19197
2001,DC_TOF_HLTHL,India,145.05304
2002,DC_TOF_HLTHL,India,323.09042
2003,DC_TOF_HLTHL,India,230.37222
2004,DC_TOF_HLTHL,India,217.62086
2005,DC_TOF_HLTHL,India,320.03153
2006,DC_TOF_HLTHL,India,288.80355
2007,DC_TOF_HLTHL,India,276.22214
2008,DC_TOF_HLTHL,India,235.78676
2009,DC_TOF_HLTHL,India,209.26492
2010,DC_TOF_HLTHL,India,303.63498
2011,DC_TOF_HLTHL,India,333.81944
2012,DC_TOF_HLTHL,India,281.47643
2013,DC_TOF_HLTHL,India,414.5518
2014,DC_TOF_HLTHL,India,266.87449
2015,DC_TOF_HLTHL,India,445.40194
2016,DC_TOF_HLTHL,India,423.41795
2017,DC_TOF_HLTHL,India,319.00506
2018,DC_TOF_HLTHL,India,261.34812
2019,DC_TOF_HLTHL,India,314.09604
2020,DC_TOF_HLTHL,India,377.57843
2021,DC_TOF_HLTHL,India,330.82033
2000,DC_TOF_HLTHL,Kazakhstan,3.10434
2001,DC_TOF_HLTHL,Kazakhstan,3.62735
2002,DC_TOF_HLTHL,Kazakhstan,10.19932
2003,DC_TOF_HLTHL,Kazakhstan,11.47654
2004,DC_TOF_HLTHL,Kazakhstan,6.75408
2005,DC_TOF_HLTHL,Kazakhstan,6.91566
2006,DC_TOF_HLTHL,Kazakhstan,7.22796
2007,DC_TOF_HLTHL,Kazakhstan,6.15469
2008,DC_TOF_HLTHL,Kazakhstan,5.97126
2009,DC_TOF_HLTHL,Kazakhstan,21.05917
2010,DC_TOF_HLTHL,Kazakhstan,30.49505
2011,DC_TOF_HLTHL,Kazakhstan,19.49576
2012,DC_TOF_HLTHL,Kazakhstan,14.31944
2013,DC_TOF_HLTHL,Kazakhstan,7.95856
2014,DC_TOF_HLTHL,Kazakhstan,9.72767
2015,DC_TOF_HLTHL,Kazakhstan,4.82478
2016,DC_TOF_HLTHL,Kazakhstan,7.36096
2017,DC_TOF_HLTHL,Kazakhstan,13.04205
2018,DC_TOF_HLTHL,Kazakhstan,6.37575
2019,DC_TOF_HLTHL,Kazakhstan,7.70832
2020,DC_TOF_HLTHL,Kazakhstan,8.56334
2021,DC_TOF_HLTHL,Kazakhstan,12.19396
2000,DC_TOF_HLTHL,Kyrgyzstan,1.66917
2001,DC_TOF_HLTHL,Kyrgyzstan,12.61484
2002,DC_TOF_HLTHL,Kyrgyzstan,6.96267
2003,DC_TOF_HLTHL,Kyrgyzstan,9.32977
2004,DC_TOF_HLTHL,Kyrgyzstan,10.04357
2005,DC_TOF_HLTHL,Kyrgyzstan,12.86215
2006,DC_TOF_HLTHL,Kyrgyzstan,12.58317
2007,DC_TOF_HLTHL,Kyrgyzstan,12.73277
2008,DC_TOF_HLTHL,Kyrgyzstan,15.47362
2009,DC_TOF_HLTHL,Kyrgyzstan,11.15616
2010,DC_TOF_HLTHL,Kyrgyzstan,12.21732
2011,DC_TOF_HLTHL,Kyrgyzstan,21.93867
2012,DC_TOF_HLTHL,Kyrgyzstan,21.37451
2013,DC_TOF_HLTHL,Kyrgyzstan,17.78658
2014,DC_TOF_HLTHL,Kyrgyzstan,26.62251
2015,DC_TOF_HLTHL,Kyrgyzstan,24.01055
2016,DC_TOF_HLTHL,Kyrgyzstan,19.69351
2017,DC_TOF_HLTHL,Kyrgyzstan,27.48631
2018,DC_TOF_HLTHL,Kyrgyzstan,27.79996
2019,DC_TOF_HLTHL,Kyrgyzstan,21.86297
2020,DC_TOF_HLTHL,Kyrgyzstan,26.07313
2021,DC_TOF_HLTHL,Kyrgyzstan,34.50963
2000,DC_TOF_HLTHL,Mexico,6.4667
2001,DC_TOF_HLTHL,Mexico,7.45191
2002,DC_TOF_HLTHL,Mexico,4.79111
2003,DC_TOF_HLTHL,Mexico,4.13956
2004,DC_TOF_HLTHL,Mexico,6.73644
2005,DC_TOF_HLTHL,Mexico,6.92733
2006,DC_TOF_HLTHL,Mexico,9.37746
2007,DC_TOF_HLTHL,Mexico,13.09884
2008,DC_TOF_HLTHL,Mexico,3.9868
2009,DC_TOF_HLTHL,Mexico,7.33119
2010,DC_TOF_HLTHL,Mexico,3.91193
2011,DC_TOF_HLTHL,Mexico,3.55659
2012,DC_TOF_HLTHL,Mexico,4.37321
2013,DC_TOF_HLTHL,Mexico,3.2001
2014,DC_TOF_HLTHL,Mexico,1.93133
2015,DC_TOF_HLTHL,Mexico,1.10988
2016,DC_TOF_HLTHL,Mexico,1.84975
2017,DC_TOF_HLTHL,Mexico,4.47057
2018,DC_TOF_HLTHL,Mexico,2.0212
2019,DC_TOF_HLTHL,Mexico,3.37978
2020,DC_TOF_HLTHL,Mexico,8.82187
2021,DC_TOF_HLTHL,Mexico,5.05516
2000,DC_TOF_HLTHL,Moldova,11.18008
2001,DC_TOF_HLTHL,Moldova,1.43186
2002,DC_TOF_HLTHL,Moldova,1.41634
2003,DC_TOF_HLTHL,Moldova,1.13454
2004,DC_TOF_HLTHL,Moldova,1.99898
2005,DC_TOF_HLTHL,Moldova,3.17224
2006,DC_TOF_HLTHL,Moldova,3.77442
2007,DC_TOF_HLTHL,Moldova,7.13306
2008,DC_TOF_HLTHL,Moldova,13.96863
2009,DC_TOF_HLTHL,Moldova,20.59729
2010,DC_TOF_HLTHL,Moldova,18.76511
2011,DC_TOF_HLTHL,Moldova,27.41164
2012,DC_TOF_HLTHL,Moldova,28.29927
2013,DC_TOF_HLTHL,Moldova,26.56423
2014,DC_TOF_HLTHL,Moldova,13.77229
2015,DC_TOF_HLTHL,Moldova,12.82956
2016,DC_TOF_HLTHL,Moldova,16.11189
2017,DC_TOF_HLTHL,Moldova,14.23474
2018,DC_TOF_HLTHL,Moldova,10.83216
2019,DC_TOF_HLTHL,Moldova,13.1298
2020,DC_TOF_HLTHL,Moldova,12.81852
2021,DC_TOF_HLTHL,Moldova,22.16713
2004,DC_TOF_HLTHL,Montenegro,0.1884
2005,DC_TOF_HLTHL,Montenegro,0.30296
2006,DC_TOF_HLTHL,Montenegro,2.70589
2007,DC_TOF_HLTHL,Montenegro,5.97738
2008,DC_TOF_HLTHL,Montenegro,3.76595
2009,DC_TOF_HLTHL,Montenegro,0.91721
2010,DC_TOF_HLTHL,Montenegro,0.85567
2011,DC_TOF_HLTHL,Montenegro,0.18679
2012,DC_TOF_HLTHL,Montenegro,0.30239
2013,DC_TOF_HLTHL,Montenegro,0.26522
2014,DC_TOF_HLTHL,Montenegro,0.20857
2015,DC_TOF_HLTHL,Montenegro,0.10006
2016,DC_TOF_HLTHL,Montenegro,1.34907
2017,DC_TOF_HLTHL,Montenegro,0.05305
2018,DC_TOF_HLTHL,Montenegro,0.19416
2019,DC_TOF_HLTHL,Montenegro,0.19245
2021,DC_TOF_HLTHL,Belarus,21.67711
2019,DC_TOF_HLTHL,Uzbekistan,53.95637
2020,DC_TOF_HLTHL,Uzbekistan,107.90239
2021,DC_TOF_HLTHL,Uzbekistan,78.59129
2020,DC_TOF_HLTHL,Montenegro,2.19348
2021,DC_TOF_HLTHL,Montenegro,14.14636
2021,DC_TOF_HLTHL,Montenegro,14.14636
