Year,SeriesCode,Country,Education level,Sex,Value
2017,SE_ACS_SANIT,Albania,UPPSEC,,82.93651
2018,SE_ACS_SANIT,Albania,PRIMAR,,82.75689
2018,SE_ACS_SANIT,Albania,LOWSEC,,95.39033
2018,SE_ACS_SANIT,Albania,UPPSEC,,89.89899
2019,SE_ACS_SANIT,Albania,LOWSEC,,95.11426
2019,SE_ACS_SANIT,Albania,PRIMAR,,73.79973
2019,SE_ACS_SANIT,Albania,UPPSEC,,89.53722
2020,SE_ACS_SANIT,Albania,UPPSEC,,100.0
2020,SE_ACS_SANIT,Albania,PRIMAR,,81.34398
2020,SE_ACS_SANIT,Albania,LOWSEC,,100.0
2021,SE_ACS_SANIT,Albania,LOWSEC,,81.82594
2021,SE_ACS_SANIT,Albania,PRIMAR,,81.82594
2021,SE_ACS_SANIT,Albania,UPPSEC,,90.96386
2016,SE_ACS_SANIT,Azerbaijan,LOWSEC,,100.0
2016,SE_ACS_SANIT,Azerbaijan,PRIMAR,,100.0
2016,SE_ACS_SANIT,Azerbaijan,UPPSEC,,100.0
2017,SE_ACS_SANIT,Azerbaijan,UPPSEC,,100.0
2017,SE_ACS_SANIT,Azerbaijan,PRIMAR,,100.0
2017,SE_ACS_SANIT,Azerbaijan,LOWSEC,,100.0
2018,SE_ACS_SANIT,Azerbaijan,LOWSEC,,100.0
2018,SE_ACS_SANIT,Azerbaijan,PRIMAR,,100.0
2018,SE_ACS_SANIT,Azerbaijan,UPPSEC,,100.0
2019,SE_ACS_SANIT,Azerbaijan,LOWSEC,,100.0
2019,SE_ACS_SANIT,Azerbaijan,UPPSEC,,100.0
2019,SE_ACS_SANIT,Azerbaijan,PRIMAR,,100.0
2020,SE_ACS_SANIT,Azerbaijan,LOWSEC,,100.0
2020,SE_ACS_SANIT,Azerbaijan,PRIMAR,,100.0
2020,SE_ACS_SANIT,Azerbaijan,UPPSEC,,100.0
2021,SE_ACS_SANIT,Azerbaijan,UPPSEC,,100.0
2021,SE_ACS_SANIT,Azerbaijan,PRIMAR,,100.0
2021,SE_ACS_SANIT,Azerbaijan,LOWSEC,,100.0
2000,SE_ACS_SANIT,Australia,UPPSEC,,100.0
2000,SE_ACS_SANIT,Australia,PRIMAR,,100.0
2000,SE_ACS_SANIT,Australia,LOWSEC,,100.0
2001,SE_ACS_SANIT,Australia,PRIMAR,,100.0
2001,SE_ACS_SANIT,Australia,UPPSEC,,100.0
2001,SE_ACS_SANIT,Australia,LOWSEC,,100.0
2002,SE_ACS_SANIT,Australia,UPPSEC,,100.0
2002,SE_ACS_SANIT,Australia,PRIMAR,,100.0
2002,SE_ACS_SANIT,Australia,LOWSEC,,100.0
2003,SE_ACS_SANIT,Australia,LOWSEC,,100.0
2003,SE_ACS_SANIT,Australia,PRIMAR,,100.0
2003,SE_ACS_SANIT,Australia,UPPSEC,,100.0
2004,SE_ACS_SANIT,Australia,UPPSEC,,100.0
2020,SE_ACS_SANIT,Lithuania,LOWSEC,,100.0
2020,SE_ACS_SANIT,Lithuania,UPPSEC,,100.0
2020,SE_ACS_SANIT,Lithuania,PRIMAR,,100.0
2016,SE_ACS_SANIT,Mexico,UPPSEC,,81.30525
2016,SE_ACS_SANIT,Mexico,PRIMAR,,74.7
2016,SE_ACS_SANIT,Moldova,PRIMAR,,100.0
2016,SE_ACS_SANIT,Moldova,UPPSEC,,100.0
2016,SE_ACS_SANIT,Moldova,LOWSEC,,100.0
2017,SE_ACS_SANIT,Moldova,LOWSEC,,100.0
2017,SE_ACS_SANIT,Moldova,UPPSEC,,100.0
2017,SE_ACS_SANIT,Moldova,PRIMAR,,100.0
2004,SE_ACS_SANIT,Australia,PRIMAR,,100.0
2004,SE_ACS_SANIT,Australia,LOWSEC,,100.0
2005,SE_ACS_SANIT,Australia,LOWSEC,,100.0
2005,SE_ACS_SANIT,Australia,PRIMAR,,100.0
2005,SE_ACS_SANIT,Australia,UPPSEC,,100.0
2006,SE_ACS_SANIT,Australia,PRIMAR,,100.0
2006,SE_ACS_SANIT,Australia,LOWSEC,,100.0
2006,SE_ACS_SANIT,Australia,UPPSEC,,100.0
2007,SE_ACS_SANIT,Australia,LOWSEC,,100.0
2007,SE_ACS_SANIT,Australia,PRIMAR,,100.0
2007,SE_ACS_SANIT,Australia,UPPSEC,,100.0
2018,SE_ACS_SANIT,Moldova,PRIMAR,,100.0
2018,SE_ACS_SANIT,Moldova,UPPSEC,,100.0
2018,SE_ACS_SANIT,Moldova,LOWSEC,,100.0
2019,SE_ACS_SANIT,Moldova,LOWSEC,,100.0
2019,SE_ACS_SANIT,Moldova,UPPSEC,,100.0
2019,SE_ACS_SANIT,Moldova,PRIMAR,,100.0
2000,SE_ACS_SANIT,Netherlands (Kingdom of the),PRIMAR,,100.0
2000,SE_ACS_SANIT,Netherlands (Kingdom of the),UPPSEC,,100.0
2000,SE_ACS_SANIT,Netherlands (Kingdom of the),LOWSEC,,100.0
2001,SE_ACS_SANIT,Netherlands (Kingdom of the),PRIMAR,,100.0
2008,SE_ACS_SANIT,Australia,UPPSEC,,100.0
2008,SE_ACS_SANIT,Australia,PRIMAR,,100.0
2008,SE_ACS_SANIT,Australia,LOWSEC,,100.0
2009,SE_ACS_SANIT,Australia,LOWSEC,,100.0
2009,SE_ACS_SANIT,Australia,PRIMAR,,100.0
2009,SE_ACS_SANIT,Australia,UPPSEC,,100.0
2010,SE_ACS_SANIT,Australia,UPPSEC,,100.0
2010,SE_ACS_SANIT,Australia,PRIMAR,,100.0
2010,SE_ACS_SANIT,Australia,LOWSEC,,100.0
2011,SE_ACS_SANIT,Australia,PRIMAR,,100.0
2011,SE_ACS_SANIT,Australia,UPPSEC,,100.0
2001,SE_ACS_SANIT,Netherlands (Kingdom of the),LOWSEC,,100.0
2001,SE_ACS_SANIT,Netherlands (Kingdom of the),UPPSEC,,100.0
2002,SE_ACS_SANIT,Netherlands (Kingdom of the),PRIMAR,,100.0
2002,SE_ACS_SANIT,Netherlands (Kingdom of the),UPPSEC,,100.0
2002,SE_ACS_SANIT,Netherlands (Kingdom of the),LOWSEC,,100.0
2003,SE_ACS_SANIT,Netherlands (Kingdom of the),LOWSEC,,100.0
2003,SE_ACS_SANIT,Netherlands (Kingdom of the),UPPSEC,,100.0
2003,SE_ACS_SANIT,Netherlands (Kingdom of the),PRIMAR,,100.0
2004,SE_ACS_SANIT,Netherlands (Kingdom of the),PRIMAR,,100.0
2004,SE_ACS_SANIT,Netherlands (Kingdom of the),UPPSEC,,100.0
2011,SE_ACS_SANIT,Australia,LOWSEC,,100.0
2012,SE_ACS_SANIT,Australia,UPPSEC,,100.0
2012,SE_ACS_SANIT,Australia,PRIMAR,,100.0
2012,SE_ACS_SANIT,Australia,LOWSEC,,100.0
2013,SE_ACS_SANIT,Australia,LOWSEC,,100.0
2013,SE_ACS_SANIT,Australia,PRIMAR,,100.0
2013,SE_ACS_SANIT,Australia,UPPSEC,,100.0
2014,SE_ACS_SANIT,Australia,UPPSEC,,100.0
2014,SE_ACS_SANIT,Australia,PRIMAR,,100.0
2014,SE_ACS_SANIT,Australia,LOWSEC,,100.0
2015,SE_ACS_SANIT,Australia,LOWSEC,,100.0
2004,SE_ACS_SANIT,Netherlands (Kingdom of the),LOWSEC,,100.0
2005,SE_ACS_SANIT,Netherlands (Kingdom of the),LOWSEC,,100.0
2005,SE_ACS_SANIT,Netherlands (Kingdom of the),UPPSEC,,100.0
2005,SE_ACS_SANIT,Netherlands (Kingdom of the),PRIMAR,,100.0
2006,SE_ACS_SANIT,Netherlands (Kingdom of the),UPPSEC,,100.0
2006,SE_ACS_SANIT,Netherlands (Kingdom of the),LOWSEC,,100.0
2006,SE_ACS_SANIT,Netherlands (Kingdom of the),PRIMAR,,100.0
2007,SE_ACS_SANIT,Netherlands (Kingdom of the),LOWSEC,,100.0
2007,SE_ACS_SANIT,Netherlands (Kingdom of the),UPPSEC,,100.0
2007,SE_ACS_SANIT,Netherlands (Kingdom of the),PRIMAR,,100.0
2015,SE_ACS_SANIT,Australia,PRIMAR,,100.0
2015,SE_ACS_SANIT,Australia,UPPSEC,,100.0
2016,SE_ACS_SANIT,Australia,PRIMAR,,100.0
2016,SE_ACS_SANIT,Australia,LOWSEC,,100.0
2016,SE_ACS_SANIT,Australia,UPPSEC,,100.0
2016,SE_ACS_SANIT,Belarus,LOWSEC,,100.0
2016,SE_ACS_SANIT,Belarus,PRIMAR,,100.0
2016,SE_ACS_SANIT,Belarus,UPPSEC,,100.0
2017,SE_ACS_SANIT,Belarus,UPPSEC,,100.0
2017,SE_ACS_SANIT,Belarus,PRIMAR,,100.0
2017,SE_ACS_SANIT,Belarus,LOWSEC,,100.0
2018,SE_ACS_SANIT,Belarus,PRIMAR,,100.0
2018,SE_ACS_SANIT,Belarus,UPPSEC,,100.0
2018,SE_ACS_SANIT,Belarus,LOWSEC,,100.0
2019,SE_ACS_SANIT,Belarus,UPPSEC,,100.0
2019,SE_ACS_SANIT,Belarus,PRIMAR,,100.0
2019,SE_ACS_SANIT,Belarus,LOWSEC,,100.0
2020,SE_ACS_SANIT,Belarus,LOWSEC,,100.0
2020,SE_ACS_SANIT,Belarus,PRIMAR,,100.0
2020,SE_ACS_SANIT,Belarus,UPPSEC,,100.0
2021,SE_ACS_SANIT,Belarus,UPPSEC,,100.0
2021,SE_ACS_SANIT,Belarus,PRIMAR,,100.0
2008,SE_ACS_SANIT,Netherlands (Kingdom of the),PRIMAR,,100.0
2008,SE_ACS_SANIT,Netherlands (Kingdom of the),UPPSEC,,100.0
2008,SE_ACS_SANIT,Netherlands (Kingdom of the),LOWSEC,,100.0
2009,SE_ACS_SANIT,Netherlands (Kingdom of the),LOWSEC,,100.0
2009,SE_ACS_SANIT,Netherlands (Kingdom of the),UPPSEC,,100.0
2009,SE_ACS_SANIT,Netherlands (Kingdom of the),PRIMAR,,100.0
2010,SE_ACS_SANIT,Netherlands (Kingdom of the),PRIMAR,,100.0
2010,SE_ACS_SANIT,Netherlands (Kingdom of the),UPPSEC,,100.0
2010,SE_ACS_SANIT,Netherlands (Kingdom of the),LOWSEC,,100.0
2011,SE_ACS_SANIT,Netherlands (Kingdom of the),LOWSEC,,100.0
2011,SE_ACS_SANIT,Netherlands (Kingdom of the),UPPSEC,,100.0
2011,SE_ACS_SANIT,Netherlands (Kingdom of the),PRIMAR,,100.0
2012,SE_ACS_SANIT,Netherlands (Kingdom of the),PRIMAR,,100.0
2012,SE_ACS_SANIT,Netherlands (Kingdom of the),UPPSEC,,100.0
2012,SE_ACS_SANIT,Netherlands (Kingdom of the),LOWSEC,,100.0
2013,SE_ACS_SANIT,Netherlands (Kingdom of the),LOWSEC,,100.0
2013,SE_ACS_SANIT,Netherlands (Kingdom of the),UPPSEC,,100.0
2013,SE_ACS_SANIT,Netherlands (Kingdom of the),PRIMAR,,100.0
2014,SE_ACS_SANIT,Netherlands (Kingdom of the),PRIMAR,,100.0
2014,SE_ACS_SANIT,Netherlands (Kingdom of the),UPPSEC,,100.0
2014,SE_ACS_SANIT,Netherlands (Kingdom of the),LOWSEC,,100.0
2015,SE_ACS_SANIT,Netherlands (Kingdom of the),PRIMAR,,100.0
2015,SE_ACS_SANIT,Netherlands (Kingdom of the),LOWSEC,,100.0
2015,SE_ACS_SANIT,Netherlands (Kingdom of the),UPPSEC,,100.0
2016,SE_ACS_SANIT,Netherlands (Kingdom of the),PRIMAR,,100.0
2016,SE_ACS_SANIT,Netherlands (Kingdom of the),UPPSEC,,100.0
2016,SE_ACS_SANIT,Netherlands (Kingdom of the),LOWSEC,,100.0
2017,SE_ACS_SANIT,Netherlands (Kingdom of the),LOWSEC,,100.0
2017,SE_ACS_SANIT,Netherlands (Kingdom of the),UPPSEC,,100.0
2017,SE_ACS_SANIT,Netherlands (Kingdom of the),PRIMAR,,100.0
2021,SE_ACS_SANIT,Belarus,LOWSEC,,100.0
2016,SE_ACS_SANIT,China,PRIMAR,,98.56134
2016,SE_ACS_SANIT,China,LOWSEC,,99.4199
2016,SE_ACS_SANIT,China,UPPSEC,,99.76252
2017,SE_ACS_SANIT,China,UPPSEC,,99.76108
2017,SE_ACS_SANIT,China,LOWSEC,,99.36107
2017,SE_ACS_SANIT,China,PRIMAR,,98.98386
2018,SE_ACS_SANIT,China,PRIMAR,,99.35572
2018,SE_ACS_SANIT,China,LOWSEC,,99.41804
2018,SE_ACS_SANIT,China,UPPSEC,,99.50054
2019,SE_ACS_SANIT,China,LOWSEC,,99.44981
2018,SE_ACS_SANIT,Netherlands (Kingdom of the),PRIMAR,,100.0
2018,SE_ACS_SANIT,Netherlands (Kingdom of the),UPPSEC,,100.0
2018,SE_ACS_SANIT,Netherlands (Kingdom of the),LOWSEC,,100.0
2019,SE_ACS_SANIT,Netherlands (Kingdom of the),LOWSEC,,100.0
2019,SE_ACS_SANIT,Netherlands (Kingdom of the),UPPSEC,,100.0
2019,SE_ACS_SANIT,Netherlands (Kingdom of the),PRIMAR,,100.0
2000,SE_ACS_SANIT,Norway,LOWSEC,,100.0
2000,SE_ACS_SANIT,Norway,PRIMAR,,100.0
2001,SE_ACS_SANIT,Norway,PRIMAR,,100.0
2001,SE_ACS_SANIT,Norway,LOWSEC,,100.0
2002,SE_ACS_SANIT,Norway,LOWSEC,,100.0
2002,SE_ACS_SANIT,Norway,PRIMAR,,100.0
2003,SE_ACS_SANIT,Norway,PRIMAR,,100.0
2003,SE_ACS_SANIT,Norway,LOWSEC,,100.0
2004,SE_ACS_SANIT,Norway,LOWSEC,,100.0
2004,SE_ACS_SANIT,Norway,PRIMAR,,100.0
2005,SE_ACS_SANIT,Norway,PRIMAR,,100.0
2005,SE_ACS_SANIT,Norway,LOWSEC,,100.0
2006,SE_ACS_SANIT,Norway,LOWSEC,,100.0
2006,SE_ACS_SANIT,Norway,PRIMAR,,100.0
2007,SE_ACS_SANIT,Norway,PRIMAR,,100.0
2007,SE_ACS_SANIT,Norway,LOWSEC,,100.0
2008,SE_ACS_SANIT,Norway,LOWSEC,,100.0
2008,SE_ACS_SANIT,Norway,PRIMAR,,100.0
2008,SE_ACS_SANIT,Norway,UPPSEC,,100.0
2009,SE_ACS_SANIT,Norway,LOWSEC,,100.0
2009,SE_ACS_SANIT,Norway,UPPSEC,,100.0
2009,SE_ACS_SANIT,Norway,PRIMAR,,100.0
2010,SE_ACS_SANIT,Norway,LOWSEC,,100.0
2010,SE_ACS_SANIT,Norway,PRIMAR,,100.0
2010,SE_ACS_SANIT,Norway,UPPSEC,,100.0
2011,SE_ACS_SANIT,Norway,UPPSEC,,100.0
2011,SE_ACS_SANIT,Norway,PRIMAR,,100.0
2011,SE_ACS_SANIT,Norway,LOWSEC,,100.0
2012,SE_ACS_SANIT,Norway,LOWSEC,,100.0
2012,SE_ACS_SANIT,Norway,PRIMAR,,100.0
2012,SE_ACS_SANIT,Norway,UPPSEC,,100.0
2013,SE_ACS_SANIT,Norway,UPPSEC,,100.0
2013,SE_ACS_SANIT,Norway,PRIMAR,,100.0
2013,SE_ACS_SANIT,Norway,LOWSEC,,100.0
2014,SE_ACS_SANIT,Norway,UPPSEC,,100.0
2014,SE_ACS_SANIT,Norway,LOWSEC,,100.0
2014,SE_ACS_SANIT,Norway,PRIMAR,,100.0
2015,SE_ACS_SANIT,Norway,UPPSEC,,100.0
2015,SE_ACS_SANIT,Norway,PRIMAR,,100.0
2015,SE_ACS_SANIT,Norway,LOWSEC,,100.0
2016,SE_ACS_SANIT,Norway,LOWSEC,,100.0
2016,SE_ACS_SANIT,Norway,PRIMAR,,100.0
2016,SE_ACS_SANIT,Norway,UPPSEC,,100.0
2017,SE_ACS_SANIT,Norway,UPPSEC,,100.0
2017,SE_ACS_SANIT,Norway,LOWSEC,,100.0
2017,SE_ACS_SANIT,Norway,PRIMAR,,100.0
2018,SE_ACS_SANIT,Norway,PRIMAR,,100.0
2018,SE_ACS_SANIT,Norway,LOWSEC,,100.0
2018,SE_ACS_SANIT,Norway,UPPSEC,,100.0
2019,SE_ACS_SANIT,Norway,PRIMAR,,100.0
2019,SE_ACS_SANIT,Norway,UPPSEC,,100.0
2019,SE_ACS_SANIT,Norway,LOWSEC,,100.0
2020,SE_ACS_SANIT,Norway,PRIMAR,,100.0
2020,SE_ACS_SANIT,Norway,LOWSEC,,100.0
2000,SE_ACS_SANIT,Poland,LOWSEC,,100.0
2000,SE_ACS_SANIT,Poland,PRIMAR,,100.0
2000,SE_ACS_SANIT,Poland,UPPSEC,,100.0
2001,SE_ACS_SANIT,Poland,UPPSEC,,100.0
2001,SE_ACS_SANIT,Poland,PRIMAR,,100.0
2001,SE_ACS_SANIT,Poland,LOWSEC,,100.0
2002,SE_ACS_SANIT,Poland,PRIMAR,,100.0
2002,SE_ACS_SANIT,Poland,UPPSEC,,100.0
2002,SE_ACS_SANIT,Poland,LOWSEC,,100.0
2003,SE_ACS_SANIT,Poland,UPPSEC,,100.0
2003,SE_ACS_SANIT,Poland,PRIMAR,,100.0
2003,SE_ACS_SANIT,Poland,LOWSEC,,100.0
2004,SE_ACS_SANIT,Poland,LOWSEC,,100.0
2004,SE_ACS_SANIT,Poland,PRIMAR,,100.0
2004,SE_ACS_SANIT,Poland,UPPSEC,,100.0
2005,SE_ACS_SANIT,Poland,UPPSEC,,100.0
2005,SE_ACS_SANIT,Poland,PRIMAR,,100.0
2005,SE_ACS_SANIT,Poland,LOWSEC,,100.0
2006,SE_ACS_SANIT,Poland,LOWSEC,,100.0
2006,SE_ACS_SANIT,Poland,PRIMAR,,100.0
2006,SE_ACS_SANIT,Poland,UPPSEC,,100.0
2007,SE_ACS_SANIT,Poland,PRIMAR,,100.0
2007,SE_ACS_SANIT,Poland,LOWSEC,,100.0
2007,SE_ACS_SANIT,Poland,UPPSEC,,100.0
2008,SE_ACS_SANIT,Poland,LOWSEC,,100.0
2008,SE_ACS_SANIT,Poland,PRIMAR,,100.0
2008,SE_ACS_SANIT,Poland,UPPSEC,,100.0
2009,SE_ACS_SANIT,Poland,UPPSEC,,100.0
2009,SE_ACS_SANIT,Poland,PRIMAR,,100.0
2009,SE_ACS_SANIT,Poland,LOWSEC,,100.0
2010,SE_ACS_SANIT,Poland,LOWSEC,,100.0
2010,SE_ACS_SANIT,Poland,PRIMAR,,100.0
2010,SE_ACS_SANIT,Poland,UPPSEC,,100.0
2011,SE_ACS_SANIT,Poland,UPPSEC,,100.0
2011,SE_ACS_SANIT,Poland,PRIMAR,,100.0
2011,SE_ACS_SANIT,Poland,LOWSEC,,100.0
2012,SE_ACS_SANIT,Poland,PRIMAR,,100.0
2012,SE_ACS_SANIT,Poland,UPPSEC,,100.0
2012,SE_ACS_SANIT,Poland,LOWSEC,,100.0
2013,SE_ACS_SANIT,Poland,UPPSEC,,100.0
2013,SE_ACS_SANIT,Poland,PRIMAR,,100.0
2013,SE_ACS_SANIT,Poland,LOWSEC,,100.0
2014,SE_ACS_SANIT,Poland,LOWSEC,,100.0
2014,SE_ACS_SANIT,Poland,PRIMAR,,100.0
2014,SE_ACS_SANIT,Poland,UPPSEC,,100.0
2015,SE_ACS_SANIT,Poland,UPPSEC,,100.0
2015,SE_ACS_SANIT,Poland,PRIMAR,,100.0
2015,SE_ACS_SANIT,Poland,LOWSEC,,100.0
2016,SE_ACS_SANIT,Poland,LOWSEC,,100.0
2016,SE_ACS_SANIT,Poland,PRIMAR,,100.0
2016,SE_ACS_SANIT,Poland,UPPSEC,,100.0
2000,SE_ACS_SANIT,Portugal,LOWSEC,,100.0
2000,SE_ACS_SANIT,Portugal,UPPSEC,,100.0
2000,SE_ACS_SANIT,Portugal,PRIMAR,,100.0
2001,SE_ACS_SANIT,Portugal,UPPSEC,,100.0
2001,SE_ACS_SANIT,Portugal,LOWSEC,,100.0
2001,SE_ACS_SANIT,Portugal,PRIMAR,,100.0
2002,SE_ACS_SANIT,Portugal,PRIMAR,,100.0
2002,SE_ACS_SANIT,Portugal,LOWSEC,,100.0
2002,SE_ACS_SANIT,Portugal,UPPSEC,,100.0
2003,SE_ACS_SANIT,Portugal,UPPSEC,,100.0
2003,SE_ACS_SANIT,Portugal,LOWSEC,,100.0
2003,SE_ACS_SANIT,Portugal,PRIMAR,,100.0
2004,SE_ACS_SANIT,Portugal,PRIMAR,,100.0
2004,SE_ACS_SANIT,Portugal,LOWSEC,,100.0
2004,SE_ACS_SANIT,Portugal,UPPSEC,,100.0
2005,SE_ACS_SANIT,Portugal,LOWSEC,,100.0
2005,SE_ACS_SANIT,Portugal,PRIMAR,,100.0
2005,SE_ACS_SANIT,Portugal,UPPSEC,,100.0
2006,SE_ACS_SANIT,Portugal,PRIMAR,,100.0
2006,SE_ACS_SANIT,Portugal,LOWSEC,,100.0
2006,SE_ACS_SANIT,Portugal,UPPSEC,,100.0
2007,SE_ACS_SANIT,Portugal,UPPSEC,,100.0
2007,SE_ACS_SANIT,Portugal,LOWSEC,,100.0
2007,SE_ACS_SANIT,Portugal,PRIMAR,,100.0
2008,SE_ACS_SANIT,Portugal,PRIMAR,,100.0
2008,SE_ACS_SANIT,Portugal,LOWSEC,,100.0
2008,SE_ACS_SANIT,Portugal,UPPSEC,,100.0
2009,SE_ACS_SANIT,Portugal,UPPSEC,,100.0
2009,SE_ACS_SANIT,Portugal,LOWSEC,,100.0
2009,SE_ACS_SANIT,Portugal,PRIMAR,,100.0
2010,SE_ACS_SANIT,Portugal,LOWSEC,,100.0
2010,SE_ACS_SANIT,Portugal,UPPSEC,,100.0
2010,SE_ACS_SANIT,Portugal,PRIMAR,,100.0
2011,SE_ACS_SANIT,Portugal,UPPSEC,,100.0
2011,SE_ACS_SANIT,Portugal,LOWSEC,,100.0
2011,SE_ACS_SANIT,Portugal,PRIMAR,,100.0
2012,SE_ACS_SANIT,Portugal,PRIMAR,,100.0
2012,SE_ACS_SANIT,Portugal,LOWSEC,,100.0
2012,SE_ACS_SANIT,Portugal,UPPSEC,,100.0
2013,SE_ACS_SANIT,Portugal,UPPSEC,,100.0
2013,SE_ACS_SANIT,Portugal,LOWSEC,,100.0
2013,SE_ACS_SANIT,Portugal,PRIMAR,,100.0
2014,SE_ACS_SANIT,Portugal,PRIMAR,,100.0
2014,SE_ACS_SANIT,Portugal,LOWSEC,,100.0
2014,SE_ACS_SANIT,Portugal,UPPSEC,,100.0
2015,SE_ACS_SANIT,Portugal,LOWSEC,,100.0
2015,SE_ACS_SANIT,Portugal,PRIMAR,,100.0
2015,SE_ACS_SANIT,Portugal,UPPSEC,,100.0
2016,SE_ACS_SANIT,Portugal,PRIMAR,,100.0
2016,SE_ACS_SANIT,Portugal,LOWSEC,,100.0
2016,SE_ACS_SANIT,Portugal,UPPSEC,,100.0
2017,SE_ACS_SANIT,Portugal,UPPSEC,,100.0
2017,SE_ACS_SANIT,Portugal,LOWSEC,,100.0
2019,SE_ACS_SANIT,China,PRIMAR,,99.48767
2019,SE_ACS_SANIT,China,UPPSEC,,99.52015
2020,SE_ACS_SANIT,China,PRIMAR,,99.52294
2020,SE_ACS_SANIT,China,LOWSEC,,99.45817
2020,SE_ACS_SANIT,China,UPPSEC,,99.48008
2021,SE_ACS_SANIT,China,UPPSEC,,96.3781
2021,SE_ACS_SANIT,China,LOWSEC,,99.47543
2021,SE_ACS_SANIT,China,PRIMAR,,99.54614
2016,SE_ACS_SANIT,Costa Rica,UPPSEC,,75.6162
2016,SE_ACS_SANIT,Costa Rica,LOWSEC,,75.59581
2016,SE_ACS_SANIT,Costa Rica,PRIMAR,,82.93737
2017,SE_ACS_SANIT,Costa Rica,LOWSEC,,67.45506
2017,SE_ACS_SANIT,Costa Rica,UPPSEC,,67.36292
2018,SE_ACS_SANIT,Costa Rica,UPPSEC,,75.49957
2018,SE_ACS_SANIT,Costa Rica,LOWSEC,,75.61205
2018,SE_ACS_SANIT,Costa Rica,PRIMAR,,68.21335
2019,SE_ACS_SANIT,Costa Rica,PRIMAR,,72.88996
2019,SE_ACS_SANIT,Costa Rica,LOWSEC,,81.46067
2019,SE_ACS_SANIT,Costa Rica,UPPSEC,,80.68085
2020,SE_ACS_SANIT,Costa Rica,UPPSEC,,82.9661
2020,SE_ACS_SANIT,Costa Rica,LOWSEC,,83.7535
2020,SE_ACS_SANIT,Costa Rica,PRIMAR,,75.70703
2001,SE_ACS_SANIT,Denmark,PRIMAR,,100.0
2001,SE_ACS_SANIT,Denmark,LOWSEC,,100.0
2002,SE_ACS_SANIT,Denmark,LOWSEC,,100.0
2002,SE_ACS_SANIT,Denmark,PRIMAR,,100.0
2003,SE_ACS_SANIT,Denmark,PRIMAR,,100.0
2003,SE_ACS_SANIT,Denmark,LOWSEC,,100.0
2004,SE_ACS_SANIT,Denmark,LOWSEC,,100.0
2004,SE_ACS_SANIT,Denmark,PRIMAR,,100.0
2005,SE_ACS_SANIT,Denmark,PRIMAR,,100.0
2005,SE_ACS_SANIT,Denmark,LOWSEC,,100.0
2006,SE_ACS_SANIT,Denmark,LOWSEC,,100.0
2006,SE_ACS_SANIT,Denmark,PRIMAR,,100.0
2007,SE_ACS_SANIT,Denmark,PRIMAR,,100.0
2007,SE_ACS_SANIT,Denmark,LOWSEC,,100.0
2008,SE_ACS_SANIT,Denmark,LOWSEC,,100.0
2008,SE_ACS_SANIT,Denmark,PRIMAR,,100.0
2009,SE_ACS_SANIT,Denmark,PRIMAR,,100.0
2009,SE_ACS_SANIT,Denmark,LOWSEC,,100.0
2010,SE_ACS_SANIT,Denmark,LOWSEC,,100.0
2010,SE_ACS_SANIT,Denmark,PRIMAR,,100.0
2011,SE_ACS_SANIT,Denmark,PRIMAR,,100.0
2011,SE_ACS_SANIT,Denmark,LOWSEC,,100.0
2012,SE_ACS_SANIT,Denmark,LOWSEC,,100.0
2012,SE_ACS_SANIT,Denmark,PRIMAR,,100.0
2013,SE_ACS_SANIT,Denmark,PRIMAR,,100.0
2013,SE_ACS_SANIT,Denmark,LOWSEC,,100.0
2014,SE_ACS_SANIT,Denmark,PRIMAR,,100.0
2014,SE_ACS_SANIT,Denmark,LOWSEC,,100.0
2015,SE_ACS_SANIT,Denmark,PRIMAR,,100.0
2015,SE_ACS_SANIT,Denmark,UPPSEC,,100.0
2015,SE_ACS_SANIT,Denmark,LOWSEC,,100.0
2016,SE_ACS_SANIT,Denmark,LOWSEC,,100.0
2016,SE_ACS_SANIT,Denmark,PRIMAR,,100.0
2000,SE_ACS_SANIT,Estonia,PRIMAR,,99.25706
2001,SE_ACS_SANIT,Estonia,PRIMAR,,99.21997
2002,SE_ACS_SANIT,Estonia,PRIMAR,,99.04
2003,SE_ACS_SANIT,Estonia,PRIMAR,,99.5122
2004,SE_ACS_SANIT,Estonia,PRIMAR,,98.82353
2005,SE_ACS_SANIT,Estonia,PRIMAR,,99.31624
2006,SE_ACS_SANIT,Estonia,PRIMAR,,99.12892
2007,SE_ACS_SANIT,Estonia,PRIMAR,,99.11348
2008,SE_ACS_SANIT,Estonia,PRIMAR,,99.45946
2009,SE_ACS_SANIT,Estonia,PRIMAR,,98.90511
2010,SE_ACS_SANIT,Estonia,PRIMAR,,100.0
2011,SE_ACS_SANIT,Estonia,PRIMAR,,99.62193
2012,SE_ACS_SANIT,Estonia,PRIMAR,,99.80695
2013,SE_ACS_SANIT,Estonia,PRIMAR,,99.23664
2000,SE_ACS_SANIT,Finland,LOWSEC,,100.0
2000,SE_ACS_SANIT,Finland,PRIMAR,,100.0
2000,SE_ACS_SANIT,Finland,UPPSEC,,100.0
2001,SE_ACS_SANIT,Finland,PRIMAR,,100.0
2001,SE_ACS_SANIT,Finland,LOWSEC,,100.0
2001,SE_ACS_SANIT,Finland,UPPSEC,,100.0
2002,SE_ACS_SANIT,Finland,LOWSEC,,100.0
2002,SE_ACS_SANIT,Finland,PRIMAR,,100.0
2002,SE_ACS_SANIT,Finland,UPPSEC,,100.0
2003,SE_ACS_SANIT,Finland,UPPSEC,,100.0
2003,SE_ACS_SANIT,Finland,PRIMAR,,100.0
2003,SE_ACS_SANIT,Finland,LOWSEC,,100.0
2004,SE_ACS_SANIT,Finland,LOWSEC,,100.0
2004,SE_ACS_SANIT,Finland,PRIMAR,,100.0
2004,SE_ACS_SANIT,Finland,UPPSEC,,100.0
2005,SE_ACS_SANIT,Finland,UPPSEC,,100.0
2005,SE_ACS_SANIT,Finland,PRIMAR,,100.0
2005,SE_ACS_SANIT,Finland,LOWSEC,,100.0
2006,SE_ACS_SANIT,Finland,PRIMAR,,100.0
2006,SE_ACS_SANIT,Finland,UPPSEC,,100.0
2006,SE_ACS_SANIT,Finland,LOWSEC,,100.0
2007,SE_ACS_SANIT,Finland,UPPSEC,,100.0
2007,SE_ACS_SANIT,Finland,PRIMAR,,100.0
2007,SE_ACS_SANIT,Finland,LOWSEC,,100.0
2008,SE_ACS_SANIT,Finland,PRIMAR,,100.0
2008,SE_ACS_SANIT,Finland,LOWSEC,,100.0
2008,SE_ACS_SANIT,Finland,UPPSEC,,100.0
2009,SE_ACS_SANIT,Finland,UPPSEC,,100.0
2009,SE_ACS_SANIT,Finland,LOWSEC,,100.0
2009,SE_ACS_SANIT,Finland,PRIMAR,,100.0
2010,SE_ACS_SANIT,Finland,PRIMAR,,100.0
2010,SE_ACS_SANIT,Finland,LOWSEC,,100.0
2010,SE_ACS_SANIT,Finland,UPPSEC,,100.0
2011,SE_ACS_SANIT,Finland,LOWSEC,,100.0
2011,SE_ACS_SANIT,Finland,PRIMAR,,100.0
2011,SE_ACS_SANIT,Finland,UPPSEC,,100.0
2012,SE_ACS_SANIT,Finland,PRIMAR,,100.0
2012,SE_ACS_SANIT,Finland,LOWSEC,,100.0
2012,SE_ACS_SANIT,Finland,UPPSEC,,100.0
2013,SE_ACS_SANIT,Finland,UPPSEC,,100.0
2013,SE_ACS_SANIT,Finland,LOWSEC,,100.0
2013,SE_ACS_SANIT,Finland,PRIMAR,,100.0
2014,SE_ACS_SANIT,Finland,PRIMAR,,100.0
2014,SE_ACS_SANIT,Finland,UPPSEC,,100.0
2014,SE_ACS_SANIT,Finland,LOWSEC,,100.0
2015,SE_ACS_SANIT,Finland,LOWSEC,,100.0
2015,SE_ACS_SANIT,Finland,UPPSEC,,100.0
2015,SE_ACS_SANIT,Finland,PRIMAR,,100.0
2016,SE_ACS_SANIT,Finland,UPPSEC,,100.0
2016,SE_ACS_SANIT,Finland,LOWSEC,,100.0
2016,SE_ACS_SANIT,Finland,PRIMAR,,100.0
2017,SE_ACS_SANIT,Finland,UPPSEC,,100.0
2017,SE_ACS_SANIT,Finland,PRIMAR,,100.0
2017,SE_ACS_SANIT,Finland,LOWSEC,,100.0
2018,SE_ACS_SANIT,Finland,PRIMAR,,100.0
2018,SE_ACS_SANIT,Finland,UPPSEC,,100.0
2018,SE_ACS_SANIT,Finland,LOWSEC,,100.0
2019,SE_ACS_SANIT,Finland,UPPSEC,,100.0
2019,SE_ACS_SANIT,Finland,PRIMAR,,100.0
2019,SE_ACS_SANIT,Finland,LOWSEC,,100.0
2000,SE_ACS_SANIT,France,LOWSEC,,100.0
2000,SE_ACS_SANIT,France,UPPSEC,,100.0
2001,SE_ACS_SANIT,France,PRIMAR,,100.0
2001,SE_ACS_SANIT,France,UPPSEC,,100.0
2001,SE_ACS_SANIT,France,LOWSEC,,100.0
2002,SE_ACS_SANIT,France,PRIMAR,,100.0
2002,SE_ACS_SANIT,France,LOWSEC,,100.0
2002,SE_ACS_SANIT,France,UPPSEC,,100.0
2003,SE_ACS_SANIT,France,UPPSEC,,100.0
2003,SE_ACS_SANIT,France,LOWSEC,,100.0
2003,SE_ACS_SANIT,France,PRIMAR,,100.0
2004,SE_ACS_SANIT,France,PRIMAR,,100.0
2004,SE_ACS_SANIT,France,LOWSEC,,100.0
2004,SE_ACS_SANIT,France,UPPSEC,,100.0
2005,SE_ACS_SANIT,France,UPPSEC,,100.0
2005,SE_ACS_SANIT,France,LOWSEC,,100.0
2005,SE_ACS_SANIT,France,PRIMAR,,100.0
2006,SE_ACS_SANIT,France,UPPSEC,,100.0
2006,SE_ACS_SANIT,France,PRIMAR,,100.0
2006,SE_ACS_SANIT,France,LOWSEC,,100.0
2007,SE_ACS_SANIT,France,UPPSEC,,100.0
2007,SE_ACS_SANIT,France,LOWSEC,,100.0
2007,SE_ACS_SANIT,France,PRIMAR,,100.0
2008,SE_ACS_SANIT,France,PRIMAR,,100.0
2008,SE_ACS_SANIT,France,LOWSEC,,100.0
2008,SE_ACS_SANIT,France,UPPSEC,,100.0
2009,SE_ACS_SANIT,France,UPPSEC,,100.0
2009,SE_ACS_SANIT,France,LOWSEC,,100.0
2009,SE_ACS_SANIT,France,PRIMAR,,100.0
2010,SE_ACS_SANIT,France,PRIMAR,,100.0
2010,SE_ACS_SANIT,France,LOWSEC,,100.0
2010,SE_ACS_SANIT,France,UPPSEC,,100.0
2011,SE_ACS_SANIT,France,PRIMAR,,100.0
2011,SE_ACS_SANIT,France,UPPSEC,,100.0
2011,SE_ACS_SANIT,France,LOWSEC,,100.0
2012,SE_ACS_SANIT,France,PRIMAR,,100.0
2012,SE_ACS_SANIT,France,LOWSEC,,100.0
2012,SE_ACS_SANIT,France,UPPSEC,,100.0
2013,SE_ACS_SANIT,France,UPPSEC,,100.0
2013,SE_ACS_SANIT,France,LOWSEC,,100.0
2013,SE_ACS_SANIT,France,PRIMAR,,100.0
2014,SE_ACS_SANIT,France,PRIMAR,,100.0
2014,SE_ACS_SANIT,France,LOWSEC,,100.0
2014,SE_ACS_SANIT,France,UPPSEC,,100.0
2015,SE_ACS_SANIT,France,UPPSEC,,100.0
2015,SE_ACS_SANIT,France,LOWSEC,,100.0
2015,SE_ACS_SANIT,France,PRIMAR,,100.0
2016,SE_ACS_SANIT,France,UPPSEC,,100.0
2016,SE_ACS_SANIT,France,PRIMAR,,100.0
2016,SE_ACS_SANIT,France,LOWSEC,,100.0
2017,SE_ACS_SANIT,France,UPPSEC,,100.0
2017,SE_ACS_SANIT,France,LOWSEC,,100.0
2017,SE_ACS_SANIT,France,PRIMAR,,100.0
2018,SE_ACS_SANIT,France,PRIMAR,,100.0
2018,SE_ACS_SANIT,France,LOWSEC,,100.0
2018,SE_ACS_SANIT,France,UPPSEC,,100.0
2019,SE_ACS_SANIT,France,UPPSEC,,100.0
2019,SE_ACS_SANIT,France,LOWSEC,,100.0
2019,SE_ACS_SANIT,France,PRIMAR,,100.0
2016,SE_ACS_SANIT,Georgia,PRIMAR,,100.0
2016,SE_ACS_SANIT,Georgia,LOWSEC,,98.69281
2016,SE_ACS_SANIT,Georgia,UPPSEC,,100.0
2017,SE_ACS_SANIT,Georgia,UPPSEC,,100.0
2017,SE_ACS_SANIT,Georgia,LOWSEC,,100.0
2017,SE_ACS_SANIT,Georgia,PRIMAR,,99.74026
2018,SE_ACS_SANIT,Georgia,PRIMAR,,100.0
2018,SE_ACS_SANIT,Georgia,LOWSEC,,100.0
2018,SE_ACS_SANIT,Georgia,UPPSEC,,100.0
2019,SE_ACS_SANIT,Georgia,UPPSEC,,100.0
2019,SE_ACS_SANIT,Georgia,LOWSEC,,100.0
2019,SE_ACS_SANIT,Georgia,PRIMAR,,100.0
2020,SE_ACS_SANIT,Georgia,PRIMAR,,100.0
2020,SE_ACS_SANIT,Georgia,LOWSEC,,100.0
2020,SE_ACS_SANIT,Georgia,UPPSEC,,100.0
2021,SE_ACS_SANIT,Georgia,UPPSEC,,100.0
2021,SE_ACS_SANIT,Georgia,LOWSEC,,100.0
2021,SE_ACS_SANIT,Georgia,PRIMAR,,100.0
2000,SE_ACS_SANIT,Germany,PRIMAR,,100.0
2000,SE_ACS_SANIT,Germany,LOWSEC,,100.0
2000,SE_ACS_SANIT,Germany,UPPSEC,,100.0
2001,SE_ACS_SANIT,Germany,UPPSEC,,100.0
2001,SE_ACS_SANIT,Germany,PRIMAR,,100.0
2001,SE_ACS_SANIT,Germany,LOWSEC,,100.0
2002,SE_ACS_SANIT,Germany,LOWSEC,,100.0
2002,SE_ACS_SANIT,Germany,PRIMAR,,100.0
2002,SE_ACS_SANIT,Germany,UPPSEC,,100.0
2003,SE_ACS_SANIT,Germany,UPPSEC,,100.0
2003,SE_ACS_SANIT,Germany,PRIMAR,,100.0
2003,SE_ACS_SANIT,Germany,LOWSEC,,100.0
2004,SE_ACS_SANIT,Germany,LOWSEC,,100.0
2004,SE_ACS_SANIT,Germany,PRIMAR,,100.0
2004,SE_ACS_SANIT,Germany,UPPSEC,,100.0
2005,SE_ACS_SANIT,Germany,UPPSEC,,100.0
2005,SE_ACS_SANIT,Germany,PRIMAR,,100.0
2005,SE_ACS_SANIT,Germany,LOWSEC,,100.0
2006,SE_ACS_SANIT,Germany,LOWSEC,,100.0
2006,SE_ACS_SANIT,Germany,PRIMAR,,100.0
2006,SE_ACS_SANIT,Germany,UPPSEC,,100.0
2007,SE_ACS_SANIT,Germany,UPPSEC,,100.0
2007,SE_ACS_SANIT,Germany,PRIMAR,,100.0
2007,SE_ACS_SANIT,Germany,LOWSEC,,100.0
2008,SE_ACS_SANIT,Germany,LOWSEC,,100.0
2008,SE_ACS_SANIT,Germany,PRIMAR,,100.0
2008,SE_ACS_SANIT,Germany,UPPSEC,,100.0
2009,SE_ACS_SANIT,Germany,UPPSEC,,100.0
2009,SE_ACS_SANIT,Germany,PRIMAR,,100.0
2009,SE_ACS_SANIT,Germany,LOWSEC,,100.0
2010,SE_ACS_SANIT,Germany,LOWSEC,,100.0
2010,SE_ACS_SANIT,Germany,PRIMAR,,100.0
2010,SE_ACS_SANIT,Germany,UPPSEC,,100.0
2011,SE_ACS_SANIT,Germany,UPPSEC,,100.0
2011,SE_ACS_SANIT,Germany,PRIMAR,,100.0
2011,SE_ACS_SANIT,Germany,LOWSEC,,100.0
2012,SE_ACS_SANIT,Germany,LOWSEC,,100.0
2012,SE_ACS_SANIT,Germany,PRIMAR,,100.0
2012,SE_ACS_SANIT,Germany,UPPSEC,,100.0
2013,SE_ACS_SANIT,Germany,UPPSEC,,100.0
2013,SE_ACS_SANIT,Germany,PRIMAR,,100.0
2013,SE_ACS_SANIT,Germany,LOWSEC,,100.0
2014,SE_ACS_SANIT,Germany,LOWSEC,,100.0
2014,SE_ACS_SANIT,Germany,PRIMAR,,100.0
2014,SE_ACS_SANIT,Germany,UPPSEC,,100.0
2015,SE_ACS_SANIT,Germany,UPPSEC,,100.0
2015,SE_ACS_SANIT,Germany,PRIMAR,,100.0
2015,SE_ACS_SANIT,Germany,LOWSEC,,100.0
2016,SE_ACS_SANIT,Germany,LOWSEC,,100.0
2016,SE_ACS_SANIT,Germany,PRIMAR,,100.0
2016,SE_ACS_SANIT,Germany,UPPSEC,,100.0
2017,SE_ACS_SANIT,Germany,UPPSEC,,100.0
2017,SE_ACS_SANIT,Germany,PRIMAR,,100.0
2017,SE_ACS_SANIT,Germany,LOWSEC,,100.0
2018,SE_ACS_SANIT,Germany,LOWSEC,,100.0
2018,SE_ACS_SANIT,Germany,PRIMAR,,100.0
2018,SE_ACS_SANIT,Germany,UPPSEC,,100.0
2019,SE_ACS_SANIT,Germany,UPPSEC,,100.0
2018,SE_ACS_SANIT,Portugal,LOWSEC,,100.0
2018,SE_ACS_SANIT,Portugal,PRIMAR,,100.0
2018,SE_ACS_SANIT,Portugal,UPPSEC,,100.0
2014,SE_ACS_SANIT,Slovakia,PRIMAR,,100.0
2014,SE_ACS_SANIT,Slovakia,UPPSEC,,100.0
2014,SE_ACS_SANIT,Slovakia,LOWSEC,,100.0
2015,SE_ACS_SANIT,Slovakia,LOWSEC,,100.0
2015,SE_ACS_SANIT,Slovakia,PRIMAR,,100.0
2015,SE_ACS_SANIT,Slovakia,UPPSEC,,100.0
2016,SE_ACS_SANIT,Slovakia,UPPSEC,,100.0
2016,SE_ACS_SANIT,Slovakia,PRIMAR,,100.0
2016,SE_ACS_SANIT,Slovakia,LOWSEC,,100.0
2017,SE_ACS_SANIT,Slovakia,LOWSEC,,100.0
2017,SE_ACS_SANIT,Slovakia,PRIMAR,,100.0
2017,SE_ACS_SANIT,Slovakia,UPPSEC,,100.0
2018,SE_ACS_SANIT,Slovakia,UPPSEC,,100.0
2018,SE_ACS_SANIT,Slovakia,PRIMAR,,100.0
2018,SE_ACS_SANIT,Slovakia,LOWSEC,,100.0
2019,SE_ACS_SANIT,Slovakia,LOWSEC,,100.0
2019,SE_ACS_SANIT,Slovakia,PRIMAR,,100.0
2019,SE_ACS_SANIT,Slovakia,UPPSEC,,100.0
2020,SE_ACS_SANIT,Slovakia,UPPSEC,,100.0
2019,SE_ACS_SANIT,Germany,PRIMAR,,100.0
2019,SE_ACS_SANIT,Germany,LOWSEC,,100.0
2000,SE_ACS_SANIT,Hungary,PRIMAR,,100.0
2000,SE_ACS_SANIT,Hungary,LOWSEC,,100.0
2000,SE_ACS_SANIT,Hungary,UPPSEC,,100.0
2001,SE_ACS_SANIT,Hungary,UPPSEC,,100.0
2001,SE_ACS_SANIT,Hungary,LOWSEC,,100.0
2001,SE_ACS_SANIT,Hungary,PRIMAR,,100.0
2002,SE_ACS_SANIT,Hungary,PRIMAR,,100.0
2002,SE_ACS_SANIT,Hungary,LOWSEC,,100.0
2002,SE_ACS_SANIT,Hungary,UPPSEC,,100.0
2020,SE_ACS_SANIT,Slovakia,PRIMAR,,100.0
2020,SE_ACS_SANIT,Slovakia,LOWSEC,,100.0
2021,SE_ACS_SANIT,Slovakia,LOWSEC,,100.0
2021,SE_ACS_SANIT,Slovakia,PRIMAR,,100.0
2021,SE_ACS_SANIT,Slovakia,UPPSEC,,100.0
2019,SE_ACS_SANIT,Viet Nam,PRIMAR,,96.77704
2021,SE_ACS_SANIT,Viet Nam,PRIMAR,,93.32017
2021,SE_ACS_SANIT,Viet Nam,LOWSEC,,90.46471
2021,SE_ACS_SANIT,Viet Nam,UPPSEC,,90.00345
2000,SE_ACS_SANIT,Slovenia,PRIMAR,,100.0
2000,SE_ACS_SANIT,Slovenia,LOWSEC,,100.0
2003,SE_ACS_SANIT,Hungary,UPPSEC,,100.0
2003,SE_ACS_SANIT,Hungary,LOWSEC,,100.0
2003,SE_ACS_SANIT,Hungary,PRIMAR,,100.0
2004,SE_ACS_SANIT,Hungary,UPPSEC,,100.0
2004,SE_ACS_SANIT,Hungary,PRIMAR,,100.0
2004,SE_ACS_SANIT,Hungary,LOWSEC,,100.0
2005,SE_ACS_SANIT,Hungary,UPPSEC,,100.0
2005,SE_ACS_SANIT,Hungary,LOWSEC,,100.0
2005,SE_ACS_SANIT,Hungary,PRIMAR,,100.0
2006,SE_ACS_SANIT,Hungary,PRIMAR,,100.0
2006,SE_ACS_SANIT,Hungary,LOWSEC,,100.0
2001,SE_ACS_SANIT,Slovenia,PRIMAR,,100.0
2001,SE_ACS_SANIT,Slovenia,LOWSEC,,100.0
2002,SE_ACS_SANIT,Slovenia,PRIMAR,,100.0
2002,SE_ACS_SANIT,Slovenia,LOWSEC,,100.0
2003,SE_ACS_SANIT,Slovenia,LOWSEC,,100.0
2003,SE_ACS_SANIT,Slovenia,PRIMAR,,100.0
2004,SE_ACS_SANIT,Slovenia,PRIMAR,,100.0
2004,SE_ACS_SANIT,Slovenia,UPPSEC,,100.0
2004,SE_ACS_SANIT,Slovenia,LOWSEC,,100.0
2005,SE_ACS_SANIT,Slovenia,LOWSEC,,100.0
2005,SE_ACS_SANIT,Slovenia,UPPSEC,,100.0
2006,SE_ACS_SANIT,Hungary,UPPSEC,,100.0
2007,SE_ACS_SANIT,Hungary,UPPSEC,,100.0
2007,SE_ACS_SANIT,Hungary,LOWSEC,,100.0
2007,SE_ACS_SANIT,Hungary,PRIMAR,,100.0
2008,SE_ACS_SANIT,Hungary,PRIMAR,,100.0
2008,SE_ACS_SANIT,Hungary,LOWSEC,,100.0
2008,SE_ACS_SANIT,Hungary,UPPSEC,,100.0
2009,SE_ACS_SANIT,Hungary,PRIMAR,,100.0
2009,SE_ACS_SANIT,Hungary,UPPSEC,,100.0
2009,SE_ACS_SANIT,Hungary,LOWSEC,,100.0
2010,SE_ACS_SANIT,Hungary,PRIMAR,,100.0
2005,SE_ACS_SANIT,Slovenia,PRIMAR,,100.0
2006,SE_ACS_SANIT,Slovenia,PRIMAR,,100.0
2006,SE_ACS_SANIT,Slovenia,UPPSEC,,100.0
2006,SE_ACS_SANIT,Slovenia,LOWSEC,,100.0
2007,SE_ACS_SANIT,Slovenia,UPPSEC,,100.0
2007,SE_ACS_SANIT,Slovenia,PRIMAR,,100.0
2007,SE_ACS_SANIT,Slovenia,LOWSEC,,100.0
2008,SE_ACS_SANIT,Slovenia,PRIMAR,,100.0
2008,SE_ACS_SANIT,Slovenia,UPPSEC,,100.0
2008,SE_ACS_SANIT,Slovenia,LOWSEC,,100.0
2009,SE_ACS_SANIT,Slovenia,LOWSEC,,100.0
2010,SE_ACS_SANIT,Hungary,LOWSEC,,100.0
2010,SE_ACS_SANIT,Hungary,UPPSEC,,100.0
2011,SE_ACS_SANIT,Hungary,UPPSEC,,100.0
2011,SE_ACS_SANIT,Hungary,LOWSEC,,100.0
2011,SE_ACS_SANIT,Hungary,PRIMAR,,100.0
2012,SE_ACS_SANIT,Hungary,PRIMAR,,100.0
2012,SE_ACS_SANIT,Hungary,LOWSEC,,100.0
2012,SE_ACS_SANIT,Hungary,UPPSEC,,100.0
2013,SE_ACS_SANIT,Hungary,UPPSEC,,100.0
2013,SE_ACS_SANIT,Hungary,LOWSEC,,100.0
2013,SE_ACS_SANIT,Hungary,PRIMAR,,100.0
2009,SE_ACS_SANIT,Slovenia,PRIMAR,,100.0
2009,SE_ACS_SANIT,Slovenia,UPPSEC,,100.0
2010,SE_ACS_SANIT,Slovenia,UPPSEC,,100.0
2010,SE_ACS_SANIT,Slovenia,PRIMAR,,100.0
2010,SE_ACS_SANIT,Slovenia,LOWSEC,,100.0
2011,SE_ACS_SANIT,Slovenia,LOWSEC,,100.0
2011,SE_ACS_SANIT,Slovenia,PRIMAR,,100.0
2011,SE_ACS_SANIT,Slovenia,UPPSEC,,100.0
2012,SE_ACS_SANIT,Slovenia,PRIMAR,,100.0
2012,SE_ACS_SANIT,Slovenia,LOWSEC,,100.0
2012,SE_ACS_SANIT,Slovenia,UPPSEC,,100.0
2014,SE_ACS_SANIT,Hungary,UPPSEC,,100.0
2014,SE_ACS_SANIT,Hungary,PRIMAR,,100.0
2014,SE_ACS_SANIT,Hungary,LOWSEC,,100.0
2015,SE_ACS_SANIT,Hungary,UPPSEC,,100.0
2015,SE_ACS_SANIT,Hungary,LOWSEC,,100.0
2015,SE_ACS_SANIT,Hungary,PRIMAR,,100.0
2016,SE_ACS_SANIT,Hungary,PRIMAR,,100.0
2016,SE_ACS_SANIT,Hungary,LOWSEC,,100.0
2016,SE_ACS_SANIT,Hungary,UPPSEC,,100.0
2016,SE_ACS_SANIT,India,UPPSEC,,94.86243
2016,SE_ACS_SANIT,India,LOWSEC,,94.71147
2013,SE_ACS_SANIT,Slovenia,LOWSEC,,100.0
2013,SE_ACS_SANIT,Slovenia,PRIMAR,,100.0
2013,SE_ACS_SANIT,Slovenia,UPPSEC,,100.0
2014,SE_ACS_SANIT,Slovenia,UPPSEC,,100.0
2014,SE_ACS_SANIT,Slovenia,PRIMAR,,100.0
2014,SE_ACS_SANIT,Slovenia,LOWSEC,,100.0
2015,SE_ACS_SANIT,Slovenia,LOWSEC,,100.0
2015,SE_ACS_SANIT,Slovenia,PRIMAR,,100.0
2015,SE_ACS_SANIT,Slovenia,UPPSEC,,100.0
2016,SE_ACS_SANIT,Slovenia,UPPSEC,,100.0
2016,SE_ACS_SANIT,Slovenia,PRIMAR,,100.0
2016,SE_ACS_SANIT,Slovenia,LOWSEC,,100.0
2000,SE_ACS_SANIT,Spain,PRIMAR,,100.0
2000,SE_ACS_SANIT,Spain,LOWSEC,,100.0
2001,SE_ACS_SANIT,Spain,LOWSEC,,100.0
2001,SE_ACS_SANIT,Spain,PRIMAR,,100.0
2002,SE_ACS_SANIT,Spain,PRIMAR,,100.0
2002,SE_ACS_SANIT,Spain,LOWSEC,,100.0
2003,SE_ACS_SANIT,Spain,LOWSEC,,100.0
2003,SE_ACS_SANIT,Spain,PRIMAR,,100.0
2004,SE_ACS_SANIT,Spain,PRIMAR,,100.0
2004,SE_ACS_SANIT,Spain,LOWSEC,,100.0
2016,SE_ACS_SANIT,India,PRIMAR,,93.31446
2017,SE_ACS_SANIT,India,PRIMAR,,89.3383
2017,SE_ACS_SANIT,India,LOWSEC,,92.8786
2017,SE_ACS_SANIT,India,UPPSEC,,93.08243
2018,SE_ACS_SANIT,India,LOWSEC,,93.81853
2018,SE_ACS_SANIT,India,PRIMAR,,91.72676
2018,SE_ACS_SANIT,India,UPPSEC,,93.63585
2019,SE_ACS_SANIT,India,PRIMAR,,88.62395
2019,SE_ACS_SANIT,India,LOWSEC,,91.91832
2019,SE_ACS_SANIT,India,UPPSEC,,92.34766
2005,SE_ACS_SANIT,Spain,LOWSEC,,100.0
2005,SE_ACS_SANIT,Spain,PRIMAR,,100.0
2006,SE_ACS_SANIT,Spain,PRIMAR,,100.0
2006,SE_ACS_SANIT,Spain,LOWSEC,,100.0
2007,SE_ACS_SANIT,Spain,PRIMAR,,100.0
2007,SE_ACS_SANIT,Spain,UPPSEC,,100.0
2007,SE_ACS_SANIT,Spain,LOWSEC,,100.0
2008,SE_ACS_SANIT,Spain,UPPSEC,,100.0
2008,SE_ACS_SANIT,Spain,PRIMAR,,100.0
2008,SE_ACS_SANIT,Spain,LOWSEC,,100.0
2009,SE_ACS_SANIT,Spain,LOWSEC,,100.0
2020,SE_ACS_SANIT,India,UPPSEC,,94.34197
2020,SE_ACS_SANIT,India,LOWSEC,,94.07249
2020,SE_ACS_SANIT,India,PRIMAR,,90.74369
2021,SE_ACS_SANIT,India,PRIMAR,,95.7329
2021,SE_ACS_SANIT,India,LOWSEC,,97.49056
2021,SE_ACS_SANIT,India,UPPSEC,,96.95024
2022,SE_ACS_SANIT,India,UPPSEC,,99.55711
2022,SE_ACS_SANIT,India,LOWSEC,,99.19459
2009,SE_ACS_SANIT,Spain,PRIMAR,,100.0
2009,SE_ACS_SANIT,Spain,UPPSEC,,100.0
2010,SE_ACS_SANIT,Spain,UPPSEC,,100.0
2010,SE_ACS_SANIT,Spain,PRIMAR,,100.0
2010,SE_ACS_SANIT,Spain,LOWSEC,,100.0
2011,SE_ACS_SANIT,Spain,LOWSEC,,100.0
2011,SE_ACS_SANIT,Spain,PRIMAR,,100.0
2011,SE_ACS_SANIT,Spain,UPPSEC,,100.0
2012,SE_ACS_SANIT,Spain,PRIMAR,,100.0
2012,SE_ACS_SANIT,Spain,LOWSEC,,100.0
2012,SE_ACS_SANIT,Spain,UPPSEC,,100.0
2013,SE_ACS_SANIT,Spain,LOWSEC,,100.0
2013,SE_ACS_SANIT,Spain,PRIMAR,,100.0
2013,SE_ACS_SANIT,Spain,UPPSEC,,100.0
2014,SE_ACS_SANIT,Spain,UPPSEC,,100.0
2014,SE_ACS_SANIT,Spain,PRIMAR,,100.0
2014,SE_ACS_SANIT,Spain,LOWSEC,,100.0
2015,SE_ACS_SANIT,Spain,LOWSEC,,100.0
2015,SE_ACS_SANIT,Spain,PRIMAR,,100.0
2015,SE_ACS_SANIT,Spain,UPPSEC,,100.0
2016,SE_ACS_SANIT,Spain,UPPSEC,,100.0
2016,SE_ACS_SANIT,Spain,PRIMAR,,100.0
2016,SE_ACS_SANIT,Spain,LOWSEC,,100.0
2017,SE_ACS_SANIT,Spain,PRIMAR,,100.0
2017,SE_ACS_SANIT,Spain,UPPSEC,,100.0
2017,SE_ACS_SANIT,Spain,LOWSEC,,100.0
2018,SE_ACS_SANIT,Spain,UPPSEC,,100.0
2018,SE_ACS_SANIT,Spain,PRIMAR,,100.0
2018,SE_ACS_SANIT,Spain,LOWSEC,,100.0
2019,SE_ACS_SANIT,Spain,LOWSEC,,100.0
2019,SE_ACS_SANIT,Spain,PRIMAR,,100.0
2019,SE_ACS_SANIT,Spain,UPPSEC,,100.0
2020,SE_ACS_SANIT,Spain,UPPSEC,,100.0
2020,SE_ACS_SANIT,Spain,PRIMAR,,100.0
2020,SE_ACS_SANIT,Spain,LOWSEC,,100.0
2021,SE_ACS_SANIT,Spain,LOWSEC,,100.0
2021,SE_ACS_SANIT,Spain,PRIMAR,,100.0
2021,SE_ACS_SANIT,Spain,UPPSEC,,100.0
2011,SE_ACS_SANIT,Switzerland,LOWSEC,,100.0
2011,SE_ACS_SANIT,Switzerland,UPPSEC,,100.0
2011,SE_ACS_SANIT,Switzerland,PRIMAR,,100.0
2012,SE_ACS_SANIT,Switzerland,PRIMAR,,100.0
2012,SE_ACS_SANIT,Switzerland,UPPSEC,,100.0
2012,SE_ACS_SANIT,Switzerland,LOWSEC,,100.0
2022,SE_ACS_SANIT,India,PRIMAR,,98.10417
2000,SE_ACS_SANIT,Israel,UPPSEC,,100.0
2000,SE_ACS_SANIT,Israel,PRIMAR,,100.0
2000,SE_ACS_SANIT,Israel,LOWSEC,,100.0
2001,SE_ACS_SANIT,Israel,LOWSEC,,100.0
2001,SE_ACS_SANIT,Israel,PRIMAR,,100.0
2001,SE_ACS_SANIT,Israel,UPPSEC,,100.0
2002,SE_ACS_SANIT,Israel,UPPSEC,,100.0
2002,SE_ACS_SANIT,Israel,PRIMAR,,100.0
2002,SE_ACS_SANIT,Israel,LOWSEC,,100.0
2013,SE_ACS_SANIT,Switzerland,LOWSEC,,100.0
2013,SE_ACS_SANIT,Switzerland,UPPSEC,,100.0
2013,SE_ACS_SANIT,Switzerland,PRIMAR,,100.0
2014,SE_ACS_SANIT,Switzerland,UPPSEC,,100.0
2014,SE_ACS_SANIT,Switzerland,PRIMAR,,100.0
2014,SE_ACS_SANIT,Switzerland,LOWSEC,,100.0
2015,SE_ACS_SANIT,Switzerland,UPPSEC,,100.0
2015,SE_ACS_SANIT,Switzerland,PRIMAR,,100.0
2015,SE_ACS_SANIT,Switzerland,LOWSEC,,100.0
2016,SE_ACS_SANIT,Switzerland,PRIMAR,,100.0
2016,SE_ACS_SANIT,Switzerland,UPPSEC,,100.0
2016,SE_ACS_SANIT,Switzerland,LOWSEC,,100.0
2016,SE_ACS_SANIT,United Arab Emirates,UPPSEC,,100.0
2016,SE_ACS_SANIT,United Arab Emirates,LOWSEC,,100.0
2016,SE_ACS_SANIT,United Arab Emirates,PRIMAR,,100.0
2017,SE_ACS_SANIT,United Arab Emirates,PRIMAR,,100.0
2017,SE_ACS_SANIT,United Arab Emirates,LOWSEC,,100.0
2017,SE_ACS_SANIT,United Arab Emirates,UPPSEC,,100.0
2019,SE_ACS_SANIT,United Arab Emirates,LOWSEC,,100.0
2019,SE_ACS_SANIT,United Arab Emirates,PRIMAR,,100.0
2019,SE_ACS_SANIT,United Arab Emirates,UPPSEC,,100.0
2003,SE_ACS_SANIT,Israel,LOWSEC,,100.0
2003,SE_ACS_SANIT,Israel,PRIMAR,,100.0
2003,SE_ACS_SANIT,Israel,UPPSEC,,100.0
2004,SE_ACS_SANIT,Israel,UPPSEC,,100.0
2004,SE_ACS_SANIT,Israel,PRIMAR,,100.0
2004,SE_ACS_SANIT,Israel,LOWSEC,,100.0
2005,SE_ACS_SANIT,Israel,LOWSEC,,100.0
2005,SE_ACS_SANIT,Israel,PRIMAR,,100.0
2005,SE_ACS_SANIT,Israel,UPPSEC,,100.0
2006,SE_ACS_SANIT,Israel,UPPSEC,,100.0
2006,SE_ACS_SANIT,Israel,PRIMAR,,100.0
2020,SE_ACS_SANIT,United Arab Emirates,PRIMAR,,100.0
2020,SE_ACS_SANIT,United Arab Emirates,LOWSEC,,100.0
2020,SE_ACS_SANIT,United Arab Emirates,UPPSEC,,100.0
2022,SE_ACS_SANIT,United Arab Emirates,UPPSEC,,100.0
2022,SE_ACS_SANIT,United Arab Emirates,LOWSEC,,100.0
2022,SE_ACS_SANIT,United Arab Emirates,PRIMAR,,100.0
2019,SE_ACS_SANIT,Turkmenistan,LOWSEC,,100.0
2019,SE_ACS_SANIT,Turkmenistan,UPPSEC,,100.0
2019,SE_ACS_SANIT,Turkmenistan,PRIMAR,,100.0
2020,SE_ACS_SANIT,Turkmenistan,PRIMAR,,100.0
2006,SE_ACS_SANIT,Israel,LOWSEC,,100.0
2007,SE_ACS_SANIT,Israel,LOWSEC,,100.0
2007,SE_ACS_SANIT,Israel,UPPSEC,,100.0
2007,SE_ACS_SANIT,Israel,PRIMAR,,100.0
2008,SE_ACS_SANIT,Israel,UPPSEC,,100.0
2008,SE_ACS_SANIT,Israel,LOWSEC,,100.0
2008,SE_ACS_SANIT,Israel,PRIMAR,,100.0
2009,SE_ACS_SANIT,Israel,LOWSEC,,100.0
2009,SE_ACS_SANIT,Israel,UPPSEC,,100.0
2009,SE_ACS_SANIT,Israel,PRIMAR,,100.0
2010,SE_ACS_SANIT,Israel,PRIMAR,,100.0
2020,SE_ACS_SANIT,Turkmenistan,LOWSEC,,100.0
2020,SE_ACS_SANIT,Turkmenistan,UPPSEC,,100.0
2018,SE_ACS_SANIT,Uzbekistan,PRIMAR,,92.28679
2018,SE_ACS_SANIT,Uzbekistan,LOWSEC,,90.80424
2019,SE_ACS_SANIT,Uzbekistan,LOWSEC,,59.49876
2019,SE_ACS_SANIT,Uzbekistan,PRIMAR,,84.90149
2020,SE_ACS_SANIT,Uzbekistan,PRIMAR,,63.03774
2020,SE_ACS_SANIT,Uzbekistan,LOWSEC,,63.4081
2021,SE_ACS_SANIT,Uzbekistan,LOWSEC,,67.84337
2021,SE_ACS_SANIT,Uzbekistan,UPPSEC,,91.07579
2021,SE_ACS_SANIT,Uzbekistan,PRIMAR,,67.00472
2010,SE_ACS_SANIT,Israel,UPPSEC,,100.0
2010,SE_ACS_SANIT,Israel,LOWSEC,,100.0
2011,SE_ACS_SANIT,Israel,LOWSEC,,100.0
2011,SE_ACS_SANIT,Israel,UPPSEC,,100.0
2011,SE_ACS_SANIT,Israel,PRIMAR,,100.0
2012,SE_ACS_SANIT,Israel,PRIMAR,,100.0
2012,SE_ACS_SANIT,Israel,UPPSEC,,100.0
2012,SE_ACS_SANIT,Israel,LOWSEC,,100.0
2013,SE_ACS_SANIT,Israel,LOWSEC,,100.0
2013,SE_ACS_SANIT,Israel,UPPSEC,,100.0
2013,SE_ACS_SANIT,Israel,PRIMAR,,100.0
2014,SE_ACS_SANIT,Israel,PRIMAR,,100.0
2014,SE_ACS_SANIT,Israel,UPPSEC,,100.0
2014,SE_ACS_SANIT,Israel,LOWSEC,,100.0
2015,SE_ACS_SANIT,Israel,LOWSEC,,100.0
2015,SE_ACS_SANIT,Israel,UPPSEC,,100.0
2015,SE_ACS_SANIT,Israel,PRIMAR,,100.0
2016,SE_ACS_SANIT,Israel,PRIMAR,,100.0
2016,SE_ACS_SANIT,Israel,UPPSEC,,100.0
2016,SE_ACS_SANIT,Israel,LOWSEC,,100.0
2000,SE_ACS_SANIT,Italy,LOWSEC,,100.0
2000,SE_ACS_SANIT,Italy,UPPSEC,,100.0
2000,SE_ACS_SANIT,Italy,PRIMAR,,100.0
2001,SE_ACS_SANIT,Italy,PRIMAR,,100.0
2001,SE_ACS_SANIT,Italy,UPPSEC,,100.0
2001,SE_ACS_SANIT,Italy,LOWSEC,,100.0
2002,SE_ACS_SANIT,Italy,LOWSEC,,100.0
2002,SE_ACS_SANIT,Italy,UPPSEC,,100.0
2002,SE_ACS_SANIT,Italy,PRIMAR,,100.0
2003,SE_ACS_SANIT,Italy,PRIMAR,,100.0
2003,SE_ACS_SANIT,Italy,UPPSEC,,100.0
2003,SE_ACS_SANIT,Italy,LOWSEC,,100.0
2004,SE_ACS_SANIT,Italy,LOWSEC,,100.0
2004,SE_ACS_SANIT,Italy,UPPSEC,,100.0
2004,SE_ACS_SANIT,Italy,PRIMAR,,100.0
2005,SE_ACS_SANIT,Italy,PRIMAR,,100.0
2005,SE_ACS_SANIT,Italy,UPPSEC,,100.0
2005,SE_ACS_SANIT,Italy,LOWSEC,,100.0
2006,SE_ACS_SANIT,Italy,LOWSEC,,100.0
2006,SE_ACS_SANIT,Italy,UPPSEC,,100.0
2006,SE_ACS_SANIT,Italy,PRIMAR,,100.0
2007,SE_ACS_SANIT,Italy,PRIMAR,,100.0
2007,SE_ACS_SANIT,Italy,UPPSEC,,100.0
2007,SE_ACS_SANIT,Italy,LOWSEC,,100.0
2008,SE_ACS_SANIT,Italy,LOWSEC,,100.0
2008,SE_ACS_SANIT,Italy,UPPSEC,,100.0
2008,SE_ACS_SANIT,Italy,PRIMAR,,100.0
2009,SE_ACS_SANIT,Italy,PRIMAR,,100.0
2009,SE_ACS_SANIT,Italy,UPPSEC,,100.0
2009,SE_ACS_SANIT,Italy,LOWSEC,,100.0
2010,SE_ACS_SANIT,Italy,LOWSEC,,100.0
2010,SE_ACS_SANIT,Italy,UPPSEC,,100.0
2010,SE_ACS_SANIT,Italy,PRIMAR,,100.0
2011,SE_ACS_SANIT,Italy,PRIMAR,,100.0
2011,SE_ACS_SANIT,Italy,UPPSEC,,100.0
2011,SE_ACS_SANIT,Italy,LOWSEC,,100.0
2012,SE_ACS_SANIT,Italy,LOWSEC,,100.0
2012,SE_ACS_SANIT,Italy,UPPSEC,,100.0
2012,SE_ACS_SANIT,Italy,PRIMAR,,100.0
2013,SE_ACS_SANIT,Italy,PRIMAR,,100.0
2013,SE_ACS_SANIT,Italy,UPPSEC,,100.0
2013,SE_ACS_SANIT,Italy,LOWSEC,,100.0
2014,SE_ACS_SANIT,Italy,LOWSEC,,100.0
2014,SE_ACS_SANIT,Italy,UPPSEC,,100.0
2014,SE_ACS_SANIT,Italy,PRIMAR,,100.0
2015,SE_ACS_SANIT,Italy,PRIMAR,,100.0
2015,SE_ACS_SANIT,Italy,UPPSEC,,100.0
2015,SE_ACS_SANIT,Italy,LOWSEC,,100.0
2016,SE_ACS_SANIT,Italy,LOWSEC,,100.0
2016,SE_ACS_SANIT,Italy,UPPSEC,,100.0
2016,SE_ACS_SANIT,Italy,PRIMAR,,100.0
2000,SE_ACS_SANIT,Republic of Korea,LOWSEC,,100.0
2000,SE_ACS_SANIT,Republic of Korea,PRIMAR,,100.0
2000,SE_ACS_SANIT,Republic of Korea,UPPSEC,,100.0
2001,SE_ACS_SANIT,Republic of Korea,LOWSEC,,100.0
2001,SE_ACS_SANIT,Republic of Korea,UPPSEC,,100.0
2001,SE_ACS_SANIT,Republic of Korea,PRIMAR,,100.0
2002,SE_ACS_SANIT,Republic of Korea,PRIMAR,,100.0
2002,SE_ACS_SANIT,Republic of Korea,UPPSEC,,100.0
2002,SE_ACS_SANIT,Republic of Korea,LOWSEC,,100.0
2003,SE_ACS_SANIT,Republic of Korea,LOWSEC,,100.0
2003,SE_ACS_SANIT,Republic of Korea,UPPSEC,,100.0
2003,SE_ACS_SANIT,Republic of Korea,PRIMAR,,100.0
2004,SE_ACS_SANIT,Republic of Korea,PRIMAR,,100.0
2004,SE_ACS_SANIT,Republic of Korea,UPPSEC,,100.0
2004,SE_ACS_SANIT,Republic of Korea,LOWSEC,,100.0
2005,SE_ACS_SANIT,Republic of Korea,UPPSEC,,100.0
2005,SE_ACS_SANIT,Republic of Korea,PRIMAR,,100.0
2005,SE_ACS_SANIT,Republic of Korea,LOWSEC,,100.0
2006,SE_ACS_SANIT,Republic of Korea,PRIMAR,,100.0
2006,SE_ACS_SANIT,Republic of Korea,UPPSEC,,100.0
2006,SE_ACS_SANIT,Republic of Korea,LOWSEC,,100.0
2007,SE_ACS_SANIT,Republic of Korea,LOWSEC,,100.0
2007,SE_ACS_SANIT,Republic of Korea,UPPSEC,,100.0
2007,SE_ACS_SANIT,Republic of Korea,PRIMAR,,100.0
2008,SE_ACS_SANIT,Republic of Korea,PRIMAR,,100.0
2008,SE_ACS_SANIT,Republic of Korea,UPPSEC,,100.0
2008,SE_ACS_SANIT,Republic of Korea,LOWSEC,,100.0
2009,SE_ACS_SANIT,Republic of Korea,LOWSEC,,100.0
2009,SE_ACS_SANIT,Republic of Korea,UPPSEC,,100.0
2009,SE_ACS_SANIT,Republic of Korea,PRIMAR,,100.0
2010,SE_ACS_SANIT,Republic of Korea,PRIMAR,,100.0
2010,SE_ACS_SANIT,Republic of Korea,UPPSEC,,100.0
2010,SE_ACS_SANIT,Republic of Korea,LOWSEC,,100.0
2011,SE_ACS_SANIT,Republic of Korea,LOWSEC,,100.0
2011,SE_ACS_SANIT,Republic of Korea,UPPSEC,,100.0
2011,SE_ACS_SANIT,Republic of Korea,PRIMAR,,100.0
2012,SE_ACS_SANIT,Republic of Korea,PRIMAR,,100.0
2012,SE_ACS_SANIT,Republic of Korea,UPPSEC,,100.0
2012,SE_ACS_SANIT,Republic of Korea,LOWSEC,,100.0
2013,SE_ACS_SANIT,Republic of Korea,LOWSEC,,100.0
2013,SE_ACS_SANIT,Republic of Korea,UPPSEC,,100.0
2013,SE_ACS_SANIT,Republic of Korea,PRIMAR,,100.0
2014,SE_ACS_SANIT,Republic of Korea,LOWSEC,,100.0
2014,SE_ACS_SANIT,Republic of Korea,PRIMAR,,100.0
2014,SE_ACS_SANIT,Republic of Korea,UPPSEC,,100.0
2015,SE_ACS_SANIT,Republic of Korea,LOWSEC,,100.0
2015,SE_ACS_SANIT,Republic of Korea,UPPSEC,,100.0
2015,SE_ACS_SANIT,Republic of Korea,PRIMAR,,100.0
2016,SE_ACS_SANIT,Republic of Korea,PRIMAR,,100.0
2016,SE_ACS_SANIT,Republic of Korea,UPPSEC,,100.0
2016,SE_ACS_SANIT,Republic of Korea,LOWSEC,,100.0
2017,SE_ACS_SANIT,Republic of Korea,LOWSEC,,100.0
2017,SE_ACS_SANIT,Republic of Korea,UPPSEC,,100.0
2017,SE_ACS_SANIT,Republic of Korea,PRIMAR,,100.0
2018,SE_ACS_SANIT,Republic of Korea,PRIMAR,,100.0
2018,SE_ACS_SANIT,Republic of Korea,UPPSEC,,100.0
2018,SE_ACS_SANIT,Republic of Korea,LOWSEC,,100.0
2019,SE_ACS_SANIT,Republic of Korea,UPPSEC,,100.0
2019,SE_ACS_SANIT,Republic of Korea,PRIMAR,,100.0
2019,SE_ACS_SANIT,Republic of Korea,LOWSEC,,100.0
2020,SE_ACS_SANIT,Republic of Korea,PRIMAR,,100.0
2020,SE_ACS_SANIT,Republic of Korea,UPPSEC,,100.0
2020,SE_ACS_SANIT,Republic of Korea,LOWSEC,,100.0
2016,SE_ACS_SANIT,Latvia,PRIMAR,,100.0
2016,SE_ACS_SANIT,Latvia,LOWSEC,,100.0
2016,SE_ACS_SANIT,Latvia,UPPSEC,,100.0
2016,SE_ACS_SANIT,Latvia,UPPSEC,,100.0
