Year,SeriesCode,Country,Age,Location,Sex,Value
2010,SL_DOM_TSPDCW,Switzerland,55-64,All areas,Female,0.25417
2010,SL_DOM_TSPDCW,Switzerland,65+,All areas,Female,0.11667
2010,SL_DOM_TSPDCW,Switzerland,15+,All areas,Male,1.8125
2010,SL_DOM_TSPDCW,Switzerland,25-44,All areas,Female,6.62917
2010,SL_DOM_TSPDCW,Switzerland,45-54,All areas,Female,2.09167
2010,SL_DOM_TSPDCW,Switzerland,15-24,All areas,Male,1.1125
2010,SL_DOM_TSPDCW,Switzerland,45-54,All areas,Male,1.9
2010,SL_DOM_TSPDCW,Switzerland,65+,Rural,Female,0.12917
2010,SL_DOM_TSPDCW,Switzerland,55-64,Urban,Female,0.24167
2013,SL_DOM_TSPDCW,Switzerland,15-24,Urban,Female,1.28333
2013,SL_DOM_TSPDCW,Switzerland,55-64,Urban,Female,0.325
2013,SL_DOM_TSPDCW,Switzerland,15-24,Rural,Female,1.79167
2013,SL_DOM_TSPDCW,Switzerland,55-64,Rural,Female,0.1125
2013,SL_DOM_TSPDCW,Switzerland,45-54,Rural,Female,1.62083
2013,SL_DOM_TSPDCW,Switzerland,65+,Rural,Female,0.13333
2013,SL_DOM_TSPDCW,Switzerland,55-64,Rural,Male,0.3375
2013,SL_DOM_TSPDCW,Switzerland,15+,Rural,Male,1.86667
2013,SL_DOM_TSPDCW,Switzerland,25-44,Rural,Female,8.15833
2013,SL_DOM_TSPDCW,Switzerland,15+,Rural,Female,3.02083
2013,SL_DOM_TSPDCW,Switzerland,65+,All areas,Female,0.16667
2011,SL_DOM_TSPDCW,Albania,10+,Rural,Female,3.33333
2011,SL_DOM_TSPDCW,Albania,10+,Urban,Male,0.41667
2011,SL_DOM_TSPDCW,Albania,65+,Urban,Male,0.55556
2011,SL_DOM_TSPDCW,Albania,65+,Rural,Female,1.11111
2011,SL_DOM_TSPDCW,Albania,10+,Rural,Male,0.34722
2011,SL_DOM_TSPDCW,Albania,65+,Rural,Male,0.27778
2011,SL_DOM_TSPDCW,Albania,65+,All areas,Female,1.38889
2011,SL_DOM_TSPDCW,Albania,10+,All areas,Male,0.34722
2011,SL_DOM_TSPDCW,Albania,65+,All areas,Male,0.34722
2013,SL_DOM_TSPDCW,Switzerland,15+,All areas,Male,1.92083
2013,SL_DOM_TSPDCW,Switzerland,25-44,All areas,Male,3.62083
2013,SL_DOM_TSPDCW,Switzerland,15-24,Rural,Male,0.975
2013,SL_DOM_TSPDCW,Switzerland,25-44,Urban,Female,6.6625
2013,SL_DOM_TSPDCW,Switzerland,15+,All areas,Female,3.0125
2013,SL_DOM_TSPDCW,Switzerland,25-44,All areas,Female,7.35833
2013,SL_DOM_TSPDCW,Switzerland,45-54,Urban,Female,2.025
2013,SL_DOM_TSPDCW,Switzerland,15+,Urban,Female,2.82083
2013,SL_DOM_TSPDCW,Switzerland,65+,Rural,Male,0.16667
2013,SL_DOM_TSPDCW,Switzerland,15+,Urban,Male,1.8875
2011,SL_DOM_TSPDCW,Albania,10+,Urban,Female,2.70833
2011,SL_DOM_TSPDCW,Albania,65+,Urban,Female,1.59722
2011,SL_DOM_TSPDCW,Albania,10+,All areas,Female,2.98611
2006,SL_DOM_TSPDCW,Australia,15+,All areas,Female,4.86111
2006,SL_DOM_TSPDCW,Australia,15+,All areas,Male,2.01389
2021,SL_DOM_TSPDCW,Australia,15+,All areas,Male,2.15278
2021,SL_DOM_TSPDCW,Australia,15+,All areas,Female,4.23611
2009,SL_DOM_TSPDCW,Austria,10+,All areas,Female,2.89381
2013,SL_DOM_TSPDCW,Switzerland,15-24,Urban,Male,1.73333
2013,SL_DOM_TSPDCW,Switzerland,25-44,Urban,Male,3.09167
2013,SL_DOM_TSPDCW,Switzerland,65+,Urban,Female,0.30833
2013,SL_DOM_TSPDCW,Switzerland,45-54,Urban,Male,2.1125
2013,SL_DOM_TSPDCW,Switzerland,65+,Urban,Male,0.08333
2013,SL_DOM_TSPDCW,Switzerland,45-54,Rural,Male,2.10833
2013,SL_DOM_TSPDCW,Switzerland,25-44,Rural,Male,3.90833
2013,SL_DOM_TSPDCW,Switzerland,45-54,All areas,Female,2.0875
2013,SL_DOM_TSPDCW,Switzerland,55-64,All areas,Female,0.27917
2013,SL_DOM_TSPDCW,Switzerland,55-64,Urban,Male,0.53333
2009,SL_DOM_TSPDCW,Austria,15+,All areas,Female,3.03468
2009,SL_DOM_TSPDCW,Austria,15-24,All areas,Female,1.52585
2009,SL_DOM_TSPDCW,Austria,25-44,All areas,Female,6.95977
2009,SL_DOM_TSPDCW,Austria,45-54,All areas,Female,1.16339
2009,SL_DOM_TSPDCW,Austria,55-64,All areas,Female,0.95407
2009,SL_DOM_TSPDCW,Austria,15-24,Rural,Female,1.83995
2009,SL_DOM_TSPDCW,Austria,25-44,Rural,Female,7.08241
2009,SL_DOM_TSPDCW,Austria,45-54,Rural,Female,1.28937
2009,SL_DOM_TSPDCW,Austria,55-64,Rural,Female,1.09529
2009,SL_DOM_TSPDCW,Austria,15-24,All areas,Male,0.42513
2013,SL_DOM_TSPDCW,Switzerland,65+,All areas,Male,0.125
2013,SL_DOM_TSPDCW,Switzerland,45-54,All areas,Male,2.31667
2013,SL_DOM_TSPDCW,Switzerland,55-64,All areas,Male,0.38333
2013,SL_DOM_TSPDCW,Switzerland,15-24,All areas,Female,1.59583
2013,SL_DOM_TSPDCW,Switzerland,15-24,All areas,Male,1.22917
2016,SL_DOM_TSPDCW,Switzerland,65+,Urban,Male,0.12083
2016,SL_DOM_TSPDCW,Switzerland,55-64,Urban,Male,0.54583
2016,SL_DOM_TSPDCW,Switzerland,15+,All areas,Male,1.90833
2016,SL_DOM_TSPDCW,Switzerland,25-44,All areas,Female,7.125
2016,SL_DOM_TSPDCW,Switzerland,15+,All areas,Female,2.92083
2009,SL_DOM_TSPDCW,Austria,65+,Rural,Female,0.57632
2009,SL_DOM_TSPDCW,Austria,10+,Rural,Male,1.15612
2009,SL_DOM_TSPDCW,Austria,55-64,Urban,Male,0.28427
2009,SL_DOM_TSPDCW,Austria,65+,Urban,Male,0.87505
2009,SL_DOM_TSPDCW,Austria,25-44,Rural,Male,2.41844
2009,SL_DOM_TSPDCW,Austria,45-54,Rural,Male,0.7796
2009,SL_DOM_TSPDCW,Austria,55-64,Rural,Male,0.48312
2009,SL_DOM_TSPDCW,Austria,65+,Rural,Male,0.43218
2009,SL_DOM_TSPDCW,Austria,10+,Urban,Female,2.82799
2009,SL_DOM_TSPDCW,Austria,15+,Rural,Male,1.23275
2016,SL_DOM_TSPDCW,Switzerland,45-54,All areas,Female,2.24583
2016,SL_DOM_TSPDCW,Switzerland,55-64,Urban,Female,0.23333
2016,SL_DOM_TSPDCW,Switzerland,25-44,Urban,Female,6.375
2016,SL_DOM_TSPDCW,Switzerland,45-54,Urban,Female,2.45417
2016,SL_DOM_TSPDCW,Switzerland,15-24,All areas,Male,1.02917
2016,SL_DOM_TSPDCW,Switzerland,25-44,All areas,Male,3.71667
2016,SL_DOM_TSPDCW,Switzerland,15-24,Rural,Male,0.84583
2016,SL_DOM_TSPDCW,Switzerland,15+,Urban,Male,2.00833
2016,SL_DOM_TSPDCW,Switzerland,15+,Urban,Female,2.86667
2016,SL_DOM_TSPDCW,Switzerland,65+,Urban,Female,0.17083
2009,SL_DOM_TSPDCW,Austria,15-24,Rural,Male,0.61662
2009,SL_DOM_TSPDCW,Austria,55-64,Urban,Female,0.69722
2009,SL_DOM_TSPDCW,Austria,65+,Urban,Female,0.5936
2009,SL_DOM_TSPDCW,Austria,10+,Urban,Male,1.78134
2009,SL_DOM_TSPDCW,Austria,15+,Urban,Male,1.90707
2009,SL_DOM_TSPDCW,Austria,15-24,Urban,Male,0.08549
2009,SL_DOM_TSPDCW,Austria,25-44,Urban,Male,2.89903
2009,SL_DOM_TSPDCW,Austria,45-54,Urban,Male,3.37623
2009,SL_DOM_TSPDCW,Austria,15+,Urban,Female,2.95203
2009,SL_DOM_TSPDCW,Austria,15-24,Urban,Female,1.01553
2016,SL_DOM_TSPDCW,Switzerland,15+,Rural,Male,1.87917
2016,SL_DOM_TSPDCW,Switzerland,65+,Rural,Male,0.09167
2016,SL_DOM_TSPDCW,Switzerland,25-44,Rural,Male,4.27917
2016,SL_DOM_TSPDCW,Switzerland,45-54,Rural,Male,2.12917
2016,SL_DOM_TSPDCW,Switzerland,45-54,Urban,Male,2.23333
2016,SL_DOM_TSPDCW,Switzerland,65+,All areas,Female,0.15417
2016,SL_DOM_TSPDCW,Switzerland,25-44,Rural,Female,7.40833
2016,SL_DOM_TSPDCW,Switzerland,15-24,Rural,Female,1.58333
2016,SL_DOM_TSPDCW,Switzerland,45-54,Rural,Female,2.00417
2016,SL_DOM_TSPDCW,Switzerland,65+,All areas,Male,0.26667
2009,SL_DOM_TSPDCW,Austria,25-44,Urban,Female,6.76248
2009,SL_DOM_TSPDCW,Austria,45-54,Urban,Female,0.95092
2009,SL_DOM_TSPDCW,Austria,15+,All areas,Male,1.47158
2009,SL_DOM_TSPDCW,Austria,25-44,All areas,Male,2.59618
2009,SL_DOM_TSPDCW,Austria,45-54,All areas,Male,1.70267
2009,SL_DOM_TSPDCW,Austria,55-64,All areas,Male,0.4186
2009,SL_DOM_TSPDCW,Austria,65+,All areas,Female,0.58183
2009,SL_DOM_TSPDCW,Austria,10+,All areas,Male,1.37771
2009,SL_DOM_TSPDCW,Austria,65+,All areas,Male,0.58187
2009,SL_DOM_TSPDCW,Austria,10+,Rural,Female,2.93076
2016,SL_DOM_TSPDCW,Switzerland,15-24,All areas,Female,1.6
2016,SL_DOM_TSPDCW,Switzerland,15+,Rural,Female,2.84583
2016,SL_DOM_TSPDCW,Switzerland,55-64,All areas,Female,0.2
2016,SL_DOM_TSPDCW,Switzerland,55-64,All areas,Male,0.41667
2016,SL_DOM_TSPDCW,Switzerland,45-54,All areas,Male,2.19167
2016,SL_DOM_TSPDCW,Switzerland,65+,Rural,Female,0.0375
2016,SL_DOM_TSPDCW,Switzerland,55-64,Rural,Male,0.5125
2016,SL_DOM_TSPDCW,Switzerland,55-64,Rural,Female,0.1125
2016,SL_DOM_TSPDCW,Switzerland,15-24,Urban,Female,1.75417
2016,SL_DOM_TSPDCW,Switzerland,25-44,Urban,Male,3.6125
2009,SL_DOM_TSPDCW,Austria,15+,Rural,Female,3.0818
2004,SL_DOM_TSPDCW,Armenia,15+,All areas,Female,3.75
2004,SL_DOM_TSPDCW,Armenia,15+,All areas,Male,1.11111
2008,SL_DOM_TSPDCW,Armenia,25-44,All areas,Male,0.96667
2008,SL_DOM_TSPDCW,Armenia,45-54,All areas,Male,0.2875
2008,SL_DOM_TSPDCW,Armenia,55-64,All areas,Male,0.62083
2008,SL_DOM_TSPDCW,Armenia,65+,All areas,Male,0.35
2008,SL_DOM_TSPDCW,Armenia,15+,Rural,Female,2.56667
2008,SL_DOM_TSPDCW,Armenia,15-24,Rural,Female,4.425
2008,SL_DOM_TSPDCW,Armenia,25-44,Rural,Female,3.73333
2008,SL_DOM_TSPDCW,Armenia,45-54,Rural,Male,0.33333
2008,SL_DOM_TSPDCW,Armenia,55-64,Rural,Male,0.92083
2008,SL_DOM_TSPDCW,Armenia,65+,Rural,Male,0.0125
2008,SL_DOM_TSPDCW,Armenia,15-24,Urban,Female,3.32083
2008,SL_DOM_TSPDCW,Armenia,25-44,Urban,Female,5.92083
2008,SL_DOM_TSPDCW,Armenia,45-54,Urban,Female,2.10833
2008,SL_DOM_TSPDCW,Armenia,15+,Urban,Female,3.55833
2008,SL_DOM_TSPDCW,Armenia,15-24,Urban,Male,0.5375
2008,SL_DOM_TSPDCW,Armenia,15+,Urban,Male,0.72083
2008,SL_DOM_TSPDCW,Armenia,45-54,Urban,Male,0.25417
2008,SL_DOM_TSPDCW,Armenia,55-64,Urban,Male,0.49583
2008,SL_DOM_TSPDCW,Armenia,65+,Urban,Male,0.52917
2008,SL_DOM_TSPDCW,Armenia,15+,All areas,Female,3.25833
2008,SL_DOM_TSPDCW,Armenia,15-24,All areas,Female,3.62083
2008,SL_DOM_TSPDCW,Armenia,25-44,All areas,Female,5.25417
2008,SL_DOM_TSPDCW,Armenia,55-64,All areas,Female,1.3625
2008,SL_DOM_TSPDCW,Armenia,15-24,All areas,Male,0.63333
2008,SL_DOM_TSPDCW,Armenia,45-54,Rural,Female,1.1125
2016,SL_DOM_TSPDCW,Switzerland,15-24,Urban,Male,0.99167
2020,SL_DOM_TSPDCW,Switzerland,45-54,All areas,Male,2.73333
2020,SL_DOM_TSPDCW,Switzerland,25-44,All areas,Male,3.85417
2020,SL_DOM_TSPDCW,Switzerland,15-24,All areas,Male,0.90417
2020,SL_DOM_TSPDCW,Switzerland,55-64,All areas,Male,0.47083
2020,SL_DOM_TSPDCW,Switzerland,15+,All areas,Male,1.98333
2020,SL_DOM_TSPDCW,Switzerland,25-44,Urban,Male,2.90417
2020,SL_DOM_TSPDCW,Switzerland,55-64,Urban,Female,0.51667
2020,SL_DOM_TSPDCW,Switzerland,15+,Rural,Male,1.97917
2008,SL_DOM_TSPDCW,Armenia,55-64,Rural,Female,0.725
2008,SL_DOM_TSPDCW,Armenia,65+,Rural,Female,0.7875
2008,SL_DOM_TSPDCW,Armenia,15+,Rural,Male,0.475
2008,SL_DOM_TSPDCW,Armenia,15-24,Rural,Male,0.79167
2008,SL_DOM_TSPDCW,Armenia,25-44,Rural,Male,0.475
2008,SL_DOM_TSPDCW,Armenia,65+,All areas,Female,1.39583
2008,SL_DOM_TSPDCW,Armenia,55-64,Urban,Female,1.59583
2020,SL_DOM_TSPDCW,Switzerland,65+,Urban,Female,0.1375
2020,SL_DOM_TSPDCW,Switzerland,15-24,All areas,Female,1.57917
2020,SL_DOM_TSPDCW,Switzerland,15+,All areas,Female,3.05
2020,SL_DOM_TSPDCW,Switzerland,45-54,All areas,Female,2.8875
2020,SL_DOM_TSPDCW,Switzerland,25-44,All areas,Female,7.22917
2020,SL_DOM_TSPDCW,Switzerland,65+,All areas,Female,0.1125
2020,SL_DOM_TSPDCW,Switzerland,55-64,All areas,Female,0.40833
2020,SL_DOM_TSPDCW,Switzerland,45-54,Urban,Female,3.4375
2020,SL_DOM_TSPDCW,Switzerland,15-24,Urban,Female,2.55833
2008,SL_DOM_TSPDCW,Armenia,65+,Urban,Female,1.725
2008,SL_DOM_TSPDCW,Armenia,15+,All areas,Male,0.6375
2008,SL_DOM_TSPDCW,Armenia,45-54,All areas,Female,1.7875
2008,SL_DOM_TSPDCW,Armenia,25-44,Urban,Male,1.17917
2000,SL_DOM_TSPDCW,Belgium,12+,All areas,Female,1.94444
2000,SL_DOM_TSPDCW,Belgium,12+,All areas,Male,0.97222
2005,SL_DOM_TSPDCW,Belgium,12+,All areas,Female,1.80556
2005,SL_DOM_TSPDCW,Belgium,12+,All areas,Male,0.97222
2020,SL_DOM_TSPDCW,Switzerland,15+,Urban,Female,3.3
2020,SL_DOM_TSPDCW,Switzerland,55-64,Urban,Male,0.55833
2020,SL_DOM_TSPDCW,Switzerland,45-54,Urban,Male,2.61667
2020,SL_DOM_TSPDCW,Switzerland,65+,Urban,Male,0.12917
2020,SL_DOM_TSPDCW,Switzerland,45-54,Rural,Male,2.42083
2020,SL_DOM_TSPDCW,Switzerland,55-64,Rural,Female,0.24583
2020,SL_DOM_TSPDCW,Switzerland,15-24,Rural,Male,0.90417
2020,SL_DOM_TSPDCW,Switzerland,45-54,Rural,Female,3.07917
2020,SL_DOM_TSPDCW,Switzerland,25-44,Rural,Male,4.49583
2013,SL_DOM_TSPDCW,Belgium,12+,All areas,Female,2.08333
2013,SL_DOM_TSPDCW,Belgium,15+,All areas,Female,0.31792
2013,SL_DOM_TSPDCW,Belgium,15-24,All areas,Female,1.01917
2013,SL_DOM_TSPDCW,Belgium,25-44,All areas,Female,3.19583
2013,SL_DOM_TSPDCW,Belgium,25-44,All areas,Male,2.27083
2013,SL_DOM_TSPDCW,Belgium,45-54,All areas,Male,0.64625
2013,SL_DOM_TSPDCW,Belgium,55-64,All areas,Male,0.61375
2013,SL_DOM_TSPDCW,Belgium,65+,All areas,Male,0.87958
2020,SL_DOM_TSPDCW,Switzerland,65+,Rural,Male,0.18333
2020,SL_DOM_TSPDCW,Switzerland,55-64,Rural,Male,0.41667
2020,SL_DOM_TSPDCW,Switzerland,65+,Rural,Female,0.10833
2020,SL_DOM_TSPDCW,Switzerland,15-24,Rural,Female,1.2125
2020,SL_DOM_TSPDCW,Switzerland,65+,All areas,Male,0.15417
2020,SL_DOM_TSPDCW,Switzerland,15+,Rural,Female,3.03333
2020,SL_DOM_TSPDCW,Switzerland,25-44,Rural,Female,7.84167
2020,SL_DOM_TSPDCW,Switzerland,15+,Urban,Male,1.77083
2020,SL_DOM_TSPDCW,Switzerland,15-24,Urban,Male,0.83333
2013,SL_DOM_TSPDCW,Belgium,45-54,All areas,Female,0.95375
2013,SL_DOM_TSPDCW,Belgium,55-64,All areas,Female,1.76667
2013,SL_DOM_TSPDCW,Belgium,65+,All areas,Female,1.1725
2013,SL_DOM_TSPDCW,Belgium,12+,All areas,Male,1.11111
2013,SL_DOM_TSPDCW,Belgium,15+,All areas,Male,0.07333
2013,SL_DOM_TSPDCW,Belgium,15-24,All areas,Male,0.41958
2002,SL_DOM_TSPDCW,Bulgaria,20-74,All areas,Female,1.73611
2002,SL_DOM_TSPDCW,Bulgaria,20-74,All areas,Male,0.55556
2010,SL_DOM_TSPDCW,Bulgaria,20-74,All areas,Female,1.04167
2020,SL_DOM_TSPDCW,Switzerland,25-44,Urban,Female,6.70417
2006,SL_DOM_TSPDCW,Türkiye,55-64,All areas,Male,0.65332
2006,SL_DOM_TSPDCW,Türkiye,65+,All areas,Male,0.52611
2006,SL_DOM_TSPDCW,Türkiye,55-64,Rural,Female,1.57399
2006,SL_DOM_TSPDCW,Türkiye,55-64,All areas,Female,1.33984
2006,SL_DOM_TSPDCW,Türkiye,15+,Rural,Female,3.20763
2006,SL_DOM_TSPDCW,Türkiye,25-44,Rural,Female,4.47776
2006,SL_DOM_TSPDCW,Türkiye,45-54,Rural,Female,1.68836
2006,SL_DOM_TSPDCW,Türkiye,15-24,Rural,Female,3.63657
2010,SL_DOM_TSPDCW,Bulgaria,20-74,All areas,Male,0.34722
2015,SL_DOM_TSPDCW,Belarus,10+,All areas,Female,2.22222
2015,SL_DOM_TSPDCW,Belarus,10+,All areas,Male,0.69444
2005,SL_DOM_TSPDCW,Canada,15+,All areas,Female,2.5
2005,SL_DOM_TSPDCW,Canada,15+,All areas,Male,1.25
2010,SL_DOM_TSPDCW,Canada,15+,All areas,Male,1.66667
2010,SL_DOM_TSPDCW,Canada,15+,All areas,Female,2.91667
2015,SL_DOM_TSPDCW,Canada,15+,All areas,Female,2.08333
2015,SL_DOM_TSPDCW,Canada,55-64,Urban,Female,0.83333
2015,SL_DOM_TSPDCW,Canada,25-44,All areas,Female,5.41667
2006,SL_DOM_TSPDCW,Türkiye,45-54,All areas,Male,0.71423
2006,SL_DOM_TSPDCW,Türkiye,15+,Rural,Male,0.90013
2006,SL_DOM_TSPDCW,Türkiye,25-44,All areas,Male,1.21357
2006,SL_DOM_TSPDCW,Türkiye,55-64,Urban,Male,0.64241
2006,SL_DOM_TSPDCW,Türkiye,65+,Urban,Male,0.43942
2006,SL_DOM_TSPDCW,Türkiye,45-54,Urban,Female,1.47233
2006,SL_DOM_TSPDCW,Türkiye,55-64,Rural,Male,0.66685
2006,SL_DOM_TSPDCW,Türkiye,25-44,Urban,Male,1.25872
2006,SL_DOM_TSPDCW,Türkiye,15-24,Urban,Male,0.74829
2015,SL_DOM_TSPDCW,Canada,45-54,All areas,Female,1.25
2015,SL_DOM_TSPDCW,Canada,55-64,All areas,Female,0.41667
2015,SL_DOM_TSPDCW,Canada,65+,All areas,Female,0.41667
2015,SL_DOM_TSPDCW,Canada,15+,All areas,Male,1.25
2015,SL_DOM_TSPDCW,Canada,25-44,All areas,Male,2.5
2015,SL_DOM_TSPDCW,Canada,45-54,All areas,Male,1.25
2015,SL_DOM_TSPDCW,Canada,55-64,All areas,Male,0.41667
2015,SL_DOM_TSPDCW,Canada,65+,All areas,Male,0.41667
2015,SL_DOM_TSPDCW,Canada,45-54,Rural,Female,1.25
2015,SL_DOM_TSPDCW,Canada,15+,Rural,Male,0.83333
2006,SL_DOM_TSPDCW,Türkiye,65+,All areas,Female,1.07862
2006,SL_DOM_TSPDCW,Türkiye,15+,All areas,Male,0.94954
2006,SL_DOM_TSPDCW,Türkiye,25-44,All areas,Female,4.93285
2006,SL_DOM_TSPDCW,Türkiye,15-24,All areas,Female,2.85674
2006,SL_DOM_TSPDCW,Türkiye,15+,All areas,Female,3.29102
2006,SL_DOM_TSPDCW,Türkiye,15-24,All areas,Male,0.82625
2006,SL_DOM_TSPDCW,Türkiye,45-54,All areas,Female,1.55071
2006,SL_DOM_TSPDCW,Türkiye,65+,Rural,Female,1.09408
2006,SL_DOM_TSPDCW,Türkiye,15+,Urban,Female,3.33968
2015,SL_DOM_TSPDCW,Canada,25-44,Rural,Male,2.5
2015,SL_DOM_TSPDCW,Canada,45-54,Rural,Male,0.41667
2015,SL_DOM_TSPDCW,Canada,15+,Urban,Female,2.08333
2015,SL_DOM_TSPDCW,Canada,15-24,Urban,Female,0.41667
2015,SL_DOM_TSPDCW,Canada,25-44,Urban,Female,5.41667
2015,SL_DOM_TSPDCW,Canada,45-54,Urban,Female,1.25
2015,SL_DOM_TSPDCW,Canada,15+,Rural,Female,2.08333
2015,SL_DOM_TSPDCW,Canada,15-24,All areas,Female,0.41667
2015,SL_DOM_TSPDCW,Canada,25-44,Rural,Female,6.25
2015,SL_DOM_TSPDCW,Canada,55-64,Rural,Female,0.83333
2015,SL_DOM_TSPDCW,Canada,65+,Rural,Female,0.41667
2015,SL_DOM_TSPDCW,Canada,65+,Urban,Female,0.41667
2015,SL_DOM_TSPDCW,Canada,45-54,Urban,Male,1.25
2015,SL_DOM_TSPDCW,Canada,15+,Urban,Male,1.25
2015,SL_DOM_TSPDCW,Canada,25-44,Urban,Male,2.5
2015,SL_DOM_TSPDCW,Canada,55-64,Urban,Male,0.41667
2015,SL_DOM_TSPDCW,Canada,65+,Urban,Male,0.41667
2008,SL_DOM_TSPDCW,Chile,25-44,All areas,Female,5.31222
2008,SL_DOM_TSPDCW,Chile,45-54,All areas,Female,2.30782
2008,SL_DOM_TSPDCW,Chile,55-64,All areas,Female,3.83964
2008,SL_DOM_TSPDCW,Chile,15-24,All areas,Male,0.23839
2008,SL_DOM_TSPDCW,Chile,25-44,All areas,Male,0.94714
2008,SL_DOM_TSPDCW,Chile,15+,All areas,Male,0.58331
2008,SL_DOM_TSPDCW,Chile,65+,All areas,Female,1.3726
2008,SL_DOM_TSPDCW,Chile,65+,All areas,Male,0.39672
2008,SL_DOM_TSPDCW,Chile,55-64,All areas,Male,0.67022
2008,SL_DOM_TSPDCW,Chile,45-54,All areas,Male,0.39239
2008,SL_DOM_TSPDCW,Chile,15+,All areas,Female,3.42622
2008,SL_DOM_TSPDCW,Chile,15-24,All areas,Female,2.67947
2015,SL_DOM_TSPDCW,Chile,25-44,All areas,Male,4.5897
2015,SL_DOM_TSPDCW,Chile,45-54,All areas,Male,2.59616
2015,SL_DOM_TSPDCW,Chile,55-64,All areas,Male,1.38488
2015,SL_DOM_TSPDCW,Chile,65+,All areas,Male,1.07502
2015,SL_DOM_TSPDCW,Chile,12-24,All areas,Female,6.44234
2015,SL_DOM_TSPDCW,Chile,12+,All areas,Female,6.54675
2015,SL_DOM_TSPDCW,Chile,25-44,All areas,Female,12.4907
2015,SL_DOM_TSPDCW,Chile,45-54,All areas,Female,4.13454
2015,SL_DOM_TSPDCW,Chile,55-64,All areas,Female,2.40933
2015,SL_DOM_TSPDCW,Chile,65+,All areas,Female,1.19409
2015,SL_DOM_TSPDCW,Chile,12-24,All areas,Male,2.40978
2015,SL_DOM_TSPDCW,Chile,12+,All areas,Male,2.83709
2008,SL_DOM_TSPDCW,China,15+,All areas,Male,1.38889
2008,SL_DOM_TSPDCW,China,15+,All areas,Female,2.91667
2018,SL_DOM_TSPDCW,China,15+,All areas,Male,2.08333
2018,SL_DOM_TSPDCW,China,65-74,All areas,Male,2.15278
2018,SL_DOM_TSPDCW,China,75-84,All areas,Male,1.11111
2018,SL_DOM_TSPDCW,China,15+,All areas,Female,5.13889
2018,SL_DOM_TSPDCW,China,15-24,All areas,Female,2.36111
2018,SL_DOM_TSPDCW,China,25-34,All areas,Female,9.79167
2018,SL_DOM_TSPDCW,China,35-44,All areas,Female,5.97222
2018,SL_DOM_TSPDCW,China,15+,Urban,Male,2.43056
2018,SL_DOM_TSPDCW,China,25-34,All areas,Male,2.70833
2018,SL_DOM_TSPDCW,China,35-44,All areas,Male,3.125
2018,SL_DOM_TSPDCW,China,65-74,All areas,Female,3.05556
2018,SL_DOM_TSPDCW,China,75-84,All areas,Female,1.18056
2018,SL_DOM_TSPDCW,China,85+,All areas,Female,1.31944
2018,SL_DOM_TSPDCW,China,45-54,All areas,Male,1.31944
2018,SL_DOM_TSPDCW,China,55-64,All areas,Male,2.36111
2018,SL_DOM_TSPDCW,China,45-54,All areas,Female,4.02778
2018,SL_DOM_TSPDCW,China,55-64,All areas,Female,5.55556
2018,SL_DOM_TSPDCW,China,85+,All areas,Male,0.55556
2018,SL_DOM_TSPDCW,China,15+,Rural,Female,4.72222
2018,SL_DOM_TSPDCW,China,15+,Rural,Male,1.45833
2018,SL_DOM_TSPDCW,China,15+,Urban,Female,5.48611
2018,SL_DOM_TSPDCW,China,15-24,All areas,Male,0.34722
2013,SL_DOM_TSPDCW,Colombia,55-64,All areas,Male,4.39135
2013,SL_DOM_TSPDCW,Colombia,65+,All areas,Male,4.51032
2013,SL_DOM_TSPDCW,Colombia,10+,Rural,Female,2.91714
2013,SL_DOM_TSPDCW,Colombia,15+,Rural,Female,1.36027
2013,SL_DOM_TSPDCW,Colombia,15-24,Rural,Female,4.93529
2013,SL_DOM_TSPDCW,Colombia,25-44,Rural,Female,4.06882
2013,SL_DOM_TSPDCW,Colombia,45-54,Rural,Female,1.22696
2013,SL_DOM_TSPDCW,Colombia,55-64,Rural,Female,0.60016
2013,SL_DOM_TSPDCW,Colombia,65+,Rural,Female,0.36043
2013,SL_DOM_TSPDCW,Colombia,65+,All areas,Female,13.67353
2013,SL_DOM_TSPDCW,Colombia,10+,All areas,Male,0.85797
2013,SL_DOM_TSPDCW,Colombia,15+,All areas,Male,2.03329
2006,SL_DOM_TSPDCW,Türkiye,15-24,Urban,Female,2.40684
2006,SL_DOM_TSPDCW,Türkiye,65+,Rural,Male,0.60919
2006,SL_DOM_TSPDCW,Türkiye,25-44,Urban,Female,5.16761
2006,SL_DOM_TSPDCW,Türkiye,15-24,Rural,Male,0.96469
2006,SL_DOM_TSPDCW,Türkiye,25-44,Rural,Male,1.1227
2006,SL_DOM_TSPDCW,Türkiye,45-54,Rural,Male,0.52769
2006,SL_DOM_TSPDCW,Türkiye,45-54,Urban,Male,0.81107
2006,SL_DOM_TSPDCW,Türkiye,15+,Urban,Male,0.97774
2006,SL_DOM_TSPDCW,Türkiye,65+,Urban,Female,1.06582
2013,SL_DOM_TSPDCW,Colombia,15-24,All areas,Male,2.82365
2013,SL_DOM_TSPDCW,Colombia,55-64,Rural,Male,0.29206
2013,SL_DOM_TSPDCW,Colombia,65+,Rural,Male,0.27627
2013,SL_DOM_TSPDCW,Colombia,10+,Urban,Female,2.57619
2013,SL_DOM_TSPDCW,Colombia,15+,Urban,Female,0.97896
2013,SL_DOM_TSPDCW,Colombia,15-24,Urban,Female,3.34692
2013,SL_DOM_TSPDCW,Colombia,45-54,Urban,Male,0.71444
2013,SL_DOM_TSPDCW,Colombia,55-64,Urban,Male,0.48462
2013,SL_DOM_TSPDCW,Colombia,65+,Urban,Male,0.39503
2013,SL_DOM_TSPDCW,Colombia,15+,Rural,Male,1.01741
2006,SL_DOM_TSPDCW,Türkiye,55-64,Urban,Female,1.15648
2015,SL_DOM_TSPDCW,Türkiye,55-64,All areas,Male,0.48458
2015,SL_DOM_TSPDCW,Türkiye,45-54,All areas,Male,0.5656
2015,SL_DOM_TSPDCW,Türkiye,65+,All areas,Male,0.42708
2015,SL_DOM_TSPDCW,Türkiye,25-44,All areas,Male,1.19059
2015,SL_DOM_TSPDCW,Türkiye,15-24,All areas,Male,0.32802
2015,SL_DOM_TSPDCW,Türkiye,15-24,All areas,Female,2.16032
2015,SL_DOM_TSPDCW,Türkiye,15+,All areas,Male,0.75919
2015,SL_DOM_TSPDCW,Türkiye,65+,All areas,Female,0.60861
2013,SL_DOM_TSPDCW,Colombia,15-24,Rural,Male,0.7119
2013,SL_DOM_TSPDCW,Colombia,25-44,Rural,Male,1.26708
2013,SL_DOM_TSPDCW,Colombia,45-54,Rural,Male,0.48175
2013,SL_DOM_TSPDCW,Colombia,25-44,All areas,Male,3.01229
2013,SL_DOM_TSPDCW,Colombia,10+,Rural,Male,0.8113
2013,SL_DOM_TSPDCW,Colombia,45-54,All areas,Male,3.60909
2013,SL_DOM_TSPDCW,Colombia,10+,All areas,Female,2.64601
2013,SL_DOM_TSPDCW,Colombia,15+,All areas,Female,4.22497
2013,SL_DOM_TSPDCW,Colombia,15-24,All areas,Female,9.85111
2013,SL_DOM_TSPDCW,Colombia,25-44,All areas,Female,15.34222
2013,SL_DOM_TSPDCW,Colombia,45-54,All areas,Female,16.72867
2013,SL_DOM_TSPDCW,Colombia,55-64,All areas,Female,17.62061
2013,SL_DOM_TSPDCW,Colombia,25-44,Urban,Female,4.07542
2013,SL_DOM_TSPDCW,Colombia,45-54,Urban,Female,1.38725
2013,SL_DOM_TSPDCW,Colombia,55-64,Urban,Female,1.09436
2013,SL_DOM_TSPDCW,Colombia,65+,Urban,Female,0.55895
2013,SL_DOM_TSPDCW,Colombia,10+,Urban,Male,0.873
2013,SL_DOM_TSPDCW,Colombia,15+,Urban,Male,0.6863
2013,SL_DOM_TSPDCW,Colombia,15-24,Urban,Male,0.59803
2013,SL_DOM_TSPDCW,Colombia,25-44,Urban,Male,1.39289
2015,SL_DOM_TSPDCW,Türkiye,25-44,All areas,Female,4.88922
2015,SL_DOM_TSPDCW,Türkiye,15+,All areas,Female,2.85923
2015,SL_DOM_TSPDCW,Türkiye,45-54,All areas,Female,1.22454
2015,SL_DOM_TSPDCW,Türkiye,55-64,All areas,Female,1.36798
2004,SL_DOM_TSPDCW,North Macedonia,20-74,All areas,Male,1.38889
2004,SL_DOM_TSPDCW,North Macedonia,20-74,All areas,Female,4.44444
2009,SL_DOM_TSPDCW,North Macedonia,10+,All areas,Female,2.01389
2009,SL_DOM_TSPDCW,North Macedonia,10+,All areas,Male,0.625
2009,SL_DOM_TSPDCW,North Macedonia,20-74,All areas,Female,2.56944
2017,SL_DOM_TSPDCW,Colombia,25-44,All areas,Male,1.44467
2017,SL_DOM_TSPDCW,Colombia,15+,Urban,Female,2.77695
2017,SL_DOM_TSPDCW,Colombia,15-24,Urban,Female,3.64936
2017,SL_DOM_TSPDCW,Colombia,25-44,Urban,Female,4.16154
2017,SL_DOM_TSPDCW,Colombia,45-54,Urban,Female,1.30264
2017,SL_DOM_TSPDCW,Colombia,55-64,Urban,Female,0.96466
2017,SL_DOM_TSPDCW,Colombia,65+,Urban,Female,0.48805
2017,SL_DOM_TSPDCW,Colombia,15+,Urban,Male,0.89284
2017,SL_DOM_TSPDCW,Colombia,15-24,Rural,Female,5.06847
2017,SL_DOM_TSPDCW,Colombia,25-44,Rural,Female,4.34464
2017,SL_DOM_TSPDCW,Colombia,45-54,Rural,Female,1.16601
2009,SL_DOM_TSPDCW,North Macedonia,20-74,All areas,Male,0.76389
2015,SL_DOM_TSPDCW,North Macedonia,10-14,All areas,Female,0.06944
2015,SL_DOM_TSPDCW,North Macedonia,25-44,All areas,Male,1.04167
2015,SL_DOM_TSPDCW,North Macedonia,10+,All areas,Female,1.52778
2015,SL_DOM_TSPDCW,North Macedonia,15-24,All areas,Male,0.20833
2015,SL_DOM_TSPDCW,North Macedonia,10+,Urban,Male,0.69444
2015,SL_DOM_TSPDCW,North Macedonia,65+,All areas,Male,0.41667
2015,SL_DOM_TSPDCW,North Macedonia,10+,Rural,Female,2.15278
2015,SL_DOM_TSPDCW,North Macedonia,45-64,All areas,Female,1.18056
2015,SL_DOM_TSPDCW,North Macedonia,15-24,All areas,Female,1.04167
2015,SL_DOM_TSPDCW,North Macedonia,25-44,All areas,Female,2.91667
2015,SL_DOM_TSPDCW,North Macedonia,10-14,All areas,Male,0.06944
2015,SL_DOM_TSPDCW,North Macedonia,10+,All areas,Male,0.55556
2015,SL_DOM_TSPDCW,North Macedonia,65+,All areas,Female,0.625
2015,SL_DOM_TSPDCW,North Macedonia,45-64,All areas,Male,0.41667
2015,SL_DOM_TSPDCW,North Macedonia,10+,Rural,Male,0.41667
2015,SL_DOM_TSPDCW,North Macedonia,10+,Urban,Female,1.18056
2001,SL_DOM_TSPDCW,United Kingdom of Great Britain and Northern Ireland,15+,All areas,Male,1.45417
2017,SL_DOM_TSPDCW,Colombia,55-64,Rural,Female,0.62788
2017,SL_DOM_TSPDCW,Colombia,65+,Rural,Female,0.36642
2017,SL_DOM_TSPDCW,Colombia,15+,Rural,Male,0.81324
2017,SL_DOM_TSPDCW,Colombia,15-24,Rural,Male,0.86588
2017,SL_DOM_TSPDCW,Colombia,25-44,Rural,Male,1.28507
2017,SL_DOM_TSPDCW,Colombia,10+,All areas,Female,2.70236
2017,SL_DOM_TSPDCW,Colombia,10+,All areas,Male,0.87885
2017,SL_DOM_TSPDCW,Colombia,10+,Urban,Female,2.63043
2017,SL_DOM_TSPDCW,Colombia,10+,Urban,Male,0.88258
2017,SL_DOM_TSPDCW,Colombia,10+,Rural,Female,2.99024
2017,SL_DOM_TSPDCW,Colombia,10+,Rural,Male,0.86685
2001,SL_DOM_TSPDCW,United Kingdom of Great Britain and Northern Ireland,15-24,All areas,Female,2.58424
2001,SL_DOM_TSPDCW,United Kingdom of Great Britain and Northern Ireland,15+,All areas,Female,3.26808
2001,SL_DOM_TSPDCW,United Kingdom of Great Britain and Northern Ireland,65+,All areas,Male,0.60636
2001,SL_DOM_TSPDCW,United Kingdom of Great Britain and Northern Ireland,45-54,All areas,Male,0.98205
2001,SL_DOM_TSPDCW,United Kingdom of Great Britain and Northern Ireland,55-64,All areas,Female,1.62803
2001,SL_DOM_TSPDCW,United Kingdom of Great Britain and Northern Ireland,45-54,All areas,Female,1.73551
2001,SL_DOM_TSPDCW,United Kingdom of Great Britain and Northern Ireland,25-44,All areas,Female,6.02911
2001,SL_DOM_TSPDCW,United Kingdom of Great Britain and Northern Ireland,15-24,All areas,Male,0.5575
2017,SL_DOM_TSPDCW,Colombia,15-24,All areas,Male,0.64278
2017,SL_DOM_TSPDCW,Colombia,65+,All areas,Female,0.46556
2017,SL_DOM_TSPDCW,Colombia,15-24,Urban,Male,0.57406
2017,SL_DOM_TSPDCW,Colombia,65+,Urban,Male,0.26879
2017,SL_DOM_TSPDCW,Colombia,55-64,Urban,Male,0.35606
2017,SL_DOM_TSPDCW,Colombia,45-54,Urban,Male,0.67324
2017,SL_DOM_TSPDCW,Colombia,25-44,Urban,Male,1.48901
2017,SL_DOM_TSPDCW,Colombia,45-54,All areas,Male,0.63208
2017,SL_DOM_TSPDCW,Colombia,55-64,All areas,Male,0.34061
2017,SL_DOM_TSPDCW,Colombia,65+,All areas,Male,0.24266
2017,SL_DOM_TSPDCW,Colombia,15+,Rural,Female,3.22282
2001,SL_DOM_TSPDCW,United Kingdom of Great Britain and Northern Ireland,65+,All areas,Female,0.71785
2001,SL_DOM_TSPDCW,United Kingdom of Great Britain and Northern Ireland,25-44,All areas,Male,2.66146
2001,SL_DOM_TSPDCW,United Kingdom of Great Britain and Northern Ireland,55-64,All areas,Male,0.9254
2015,SL_DOM_TSPDCW,United Kingdom of Great Britain and Northern Ireland,25-44,All areas,Female,6.21055
2015,SL_DOM_TSPDCW,United Kingdom of Great Britain and Northern Ireland,15+,All areas,Female,2.86806
2015,SL_DOM_TSPDCW,United Kingdom of Great Britain and Northern Ireland,15-24,All areas,Female,1.64399
2015,SL_DOM_TSPDCW,United Kingdom of Great Britain and Northern Ireland,65+,All areas,Female,0.79613
2015,SL_DOM_TSPDCW,United Kingdom of Great Britain and Northern Ireland,55-64,All areas,Female,1.52774
2015,SL_DOM_TSPDCW,United Kingdom of Great Britain and Northern Ireland,45-54,All areas,Female,1.49709
2015,SL_DOM_TSPDCW,United Kingdom of Great Britain and Northern Ireland,15+,All areas,Male,1.27083
2015,SL_DOM_TSPDCW,United Kingdom of Great Britain and Northern Ireland,65+,All areas,Male,0.83578
2015,SL_DOM_TSPDCW,United Kingdom of Great Britain and Northern Ireland,55-64,All areas,Male,0.60416
2015,SL_DOM_TSPDCW,United Kingdom of Great Britain and Northern Ireland,45-54,All areas,Male,0.89664
2015,SL_DOM_TSPDCW,United Kingdom of Great Britain and Northern Ireland,25-44,All areas,Male,2.49953
2015,SL_DOM_TSPDCW,United Kingdom of Great Britain and Northern Ireland,15-24,All areas,Male,0.1832
2022,SL_DOM_TSPDCW,United Kingdom of Great Britain and Northern Ireland,65+,All areas,Male,1.24549
2017,SL_DOM_TSPDCW,Colombia,45-54,Rural,Male,0.49664
2017,SL_DOM_TSPDCW,Colombia,55-64,Rural,Male,0.29106
2017,SL_DOM_TSPDCW,Colombia,65+,Rural,Male,0.16607
2017,SL_DOM_TSPDCW,Colombia,15+,All areas,Male,0.8745
2017,SL_DOM_TSPDCW,Colombia,15+,All areas,Female,2.86285
2017,SL_DOM_TSPDCW,Colombia,15-24,All areas,Female,3.95596
2017,SL_DOM_TSPDCW,Colombia,25-44,All areas,Female,4.1966
2017,SL_DOM_TSPDCW,Colombia,45-54,All areas,Female,1.27884
2017,SL_DOM_TSPDCW,Colombia,55-64,All areas,Female,0.9032
2021,SL_DOM_TSPDCW,Colombia,15-24,Urban,Male,0.49681
2021,SL_DOM_TSPDCW,Colombia,25-44,Urban,Male,1.26643
2022,SL_DOM_TSPDCW,United Kingdom of Great Britain and Northern Ireland,25-44,All areas,Male,3.31985
2022,SL_DOM_TSPDCW,United Kingdom of Great Britain and Northern Ireland,55-64,All areas,Male,0.56591
2022,SL_DOM_TSPDCW,United Kingdom of Great Britain and Northern Ireland,45-54,All areas,Male,2.35017
2022,SL_DOM_TSPDCW,United Kingdom of Great Britain and Northern Ireland,65+,All areas,Female,0.81368
2022,SL_DOM_TSPDCW,United Kingdom of Great Britain and Northern Ireland,45-54,All areas,Female,2.20541
2022,SL_DOM_TSPDCW,United Kingdom of Great Britain and Northern Ireland,25-44,All areas,Female,5.77444
2022,SL_DOM_TSPDCW,United Kingdom of Great Britain and Northern Ireland,15-24,All areas,Female,1.02625
2021,SL_DOM_TSPDCW,Colombia,25-44,Rural,Male,1.14286
2021,SL_DOM_TSPDCW,Colombia,10+,Urban,Male,0.7678
2021,SL_DOM_TSPDCW,Colombia,10+,Rural,Female,3.43646
2021,SL_DOM_TSPDCW,Colombia,10+,Rural,Male,0.71238
2021,SL_DOM_TSPDCW,Colombia,10+,All areas,Female,2.69981
2021,SL_DOM_TSPDCW,Colombia,10+,All areas,Male,0.75439
2021,SL_DOM_TSPDCW,Colombia,10+,Urban,Female,2.50592
2021,SL_DOM_TSPDCW,Colombia,15+,Urban,Female,2.63082
2021,SL_DOM_TSPDCW,Colombia,55-64,All areas,Female,0.78366
2021,SL_DOM_TSPDCW,Colombia,65+,All areas,Female,0.5942
2021,SL_DOM_TSPDCW,Colombia,15+,All areas,Male,0.74414
2021,SL_DOM_TSPDCW,Colombia,15-24,All areas,Male,0.52054
2021,SL_DOM_TSPDCW,Colombia,25-44,All areas,Male,1.23921
2021,SL_DOM_TSPDCW,Colombia,15+,All areas,Female,2.83651
2021,SL_DOM_TSPDCW,Colombia,45-54,All areas,Male,0.55924
2021,SL_DOM_TSPDCW,Colombia,55-64,All areas,Male,0.29285
2021,SL_DOM_TSPDCW,Colombia,45-54,Urban,Male,0.5792
2021,SL_DOM_TSPDCW,Colombia,55-64,Urban,Male,0.30396
2021,SL_DOM_TSPDCW,Colombia,65+,Urban,Male,0.23768
2021,SL_DOM_TSPDCW,Colombia,45-54,Urban,Female,1.22291
2021,SL_DOM_TSPDCW,Colombia,55-64,Urban,Female,0.8259
2021,SL_DOM_TSPDCW,Colombia,65+,Urban,Female,0.5979
2021,SL_DOM_TSPDCW,Colombia,15+,Urban,Male,0.76362
2021,SL_DOM_TSPDCW,Colombia,65+,Rural,Male,0.18599
2021,SL_DOM_TSPDCW,Colombia,55-64,Rural,Male,0.25756
2021,SL_DOM_TSPDCW,Colombia,15-24,Urban,Female,3.12229
2021,SL_DOM_TSPDCW,Colombia,25-44,Urban,Female,4.28452
2021,SL_DOM_TSPDCW,Colombia,45-54,Rural,Female,1.3674
2021,SL_DOM_TSPDCW,Colombia,55-64,Rural,Female,0.61246
2021,SL_DOM_TSPDCW,Colombia,65+,Rural,Female,0.57973
2021,SL_DOM_TSPDCW,Colombia,25-44,Rural,Female,5.34756
2021,SL_DOM_TSPDCW,Colombia,15-24,All areas,Female,3.65487
2021,SL_DOM_TSPDCW,Colombia,25-44,All areas,Female,4.50017
2021,SL_DOM_TSPDCW,Colombia,45-54,All areas,Female,1.24889
2021,SL_DOM_TSPDCW,Colombia,65+,All areas,Male,0.22361
2021,SL_DOM_TSPDCW,Colombia,15+,Rural,Female,3.64307
2021,SL_DOM_TSPDCW,Colombia,15-24,Rural,Female,5.41
2021,SL_DOM_TSPDCW,Colombia,15+,Rural,Male,0.68202
2021,SL_DOM_TSPDCW,Colombia,15-24,Rural,Male,0.59393
2021,SL_DOM_TSPDCW,Colombia,45-54,Rural,Male,0.49396
2017,SL_DOM_TSPDCW,Costa Rica,65+,All areas,Female,0.91843
2017,SL_DOM_TSPDCW,Costa Rica,15+,All areas,Male,1.48229
2017,SL_DOM_TSPDCW,Costa Rica,12+,Urban,Male,1.40983
2017,SL_DOM_TSPDCW,Costa Rica,12+,All areas,Male,1.44235
2017,SL_DOM_TSPDCW,Costa Rica,12+,All areas,Female,3.78541
2017,SL_DOM_TSPDCW,Costa Rica,15+,All areas,Female,3.93894
2017,SL_DOM_TSPDCW,Costa Rica,15-24,All areas,Female,3.87614
2017,SL_DOM_TSPDCW,Costa Rica,45-54,All areas,Male,1.34839
2017,SL_DOM_TSPDCW,Costa Rica,12+,Rural,Male,1.51134
2017,SL_DOM_TSPDCW,Costa Rica,15+,Rural,Male,1.55613
2017,SL_DOM_TSPDCW,Costa Rica,15-24,Rural,Male,0.83893
2017,SL_DOM_TSPDCW,Costa Rica,25-44,Rural,Male,2.41922
2017,SL_DOM_TSPDCW,Costa Rica,45-54,Rural,Male,1.23552
2017,SL_DOM_TSPDCW,Costa Rica,55-64,Rural,Male,0.74434
2017,SL_DOM_TSPDCW,Costa Rica,65+,Rural,Male,0.39512
2017,SL_DOM_TSPDCW,Costa Rica,12+,Urban,Female,3.63054
2017,SL_DOM_TSPDCW,Costa Rica,15-24,Urban,Male,0.71247
2017,SL_DOM_TSPDCW,Costa Rica,65+,Urban,Male,0.65721
2017,SL_DOM_TSPDCW,Costa Rica,25-44,Urban,Male,2.29441
2017,SL_DOM_TSPDCW,Costa Rica,45-54,Urban,Male,1.38885
2017,SL_DOM_TSPDCW,Costa Rica,55-64,Urban,Male,0.7092
2017,SL_DOM_TSPDCW,Costa Rica,25-44,All areas,Female,6.04494
2017,SL_DOM_TSPDCW,Costa Rica,45-54,All areas,Female,2.32421
2017,SL_DOM_TSPDCW,Costa Rica,55-64,All areas,Female,1.75224
2017,SL_DOM_TSPDCW,Costa Rica,55-64,All areas,Male,0.71996
2017,SL_DOM_TSPDCW,Costa Rica,65+,All areas,Male,0.5612
2017,SL_DOM_TSPDCW,Costa Rica,12+,Rural,Female,4.15363
2017,SL_DOM_TSPDCW,Costa Rica,15+,Rural,Female,4.3419
2017,SL_DOM_TSPDCW,Costa Rica,15-24,Rural,Female,4.35002
2017,SL_DOM_TSPDCW,Costa Rica,25-44,Rural,Female,6.57914
2017,SL_DOM_TSPDCW,Costa Rica,45-54,Rural,Female,1.87404
2017,SL_DOM_TSPDCW,Costa Rica,55-64,Rural,Female,2.24884
2017,SL_DOM_TSPDCW,Costa Rica,65+,Rural,Female,0.71982
2017,SL_DOM_TSPDCW,Costa Rica,15+,Urban,Female,3.77159
2017,SL_DOM_TSPDCW,Costa Rica,15-24,Urban,Female,3.66773
2017,SL_DOM_TSPDCW,Costa Rica,25-44,Urban,Female,5.81008
2017,SL_DOM_TSPDCW,Costa Rica,45-54,Urban,Female,2.46846
2017,SL_DOM_TSPDCW,Costa Rica,55-64,Urban,Female,1.5145
2017,SL_DOM_TSPDCW,Costa Rica,25-44,All areas,Male,2.3385
2017,SL_DOM_TSPDCW,Costa Rica,15-24,All areas,Male,0.74878
2017,SL_DOM_TSPDCW,Costa Rica,15+,Urban,Male,1.44733
2017,SL_DOM_TSPDCW,Costa Rica,65+,Urban,Female,0.98944
2009,SL_DOM_TSPDCW,Denmark,20-74,All areas,Female,3.26389
2009,SL_DOM_TSPDCW,Denmark,20-74,All areas,Male,1.875
2000,SL_DOM_TSPDCW,Estonia,15-24,All areas,Female,3.61111
2000,SL_DOM_TSPDCW,Estonia,25-44,All areas,Female,3.95833
2000,SL_DOM_TSPDCW,Estonia,45-64,All areas,Female,0.69444
2000,SL_DOM_TSPDCW,Estonia,65+,All areas,Female,0.27778
2000,SL_DOM_TSPDCW,Estonia,25-44,All areas,Male,1.45833
2000,SL_DOM_TSPDCW,Estonia,15-24,All areas,Male,0.27778
2000,SL_DOM_TSPDCW,Estonia,10+,All areas,Male,0.55556
2000,SL_DOM_TSPDCW,Estonia,45-64,All areas,Male,0.20833
2000,SL_DOM_TSPDCW,Estonia,65+,All areas,Male,0.20833
2000,SL_DOM_TSPDCW,Estonia,10+,All areas,Female,2.15278
2010,SL_DOM_TSPDCW,Estonia,10+,All areas,Female,2.15278
2010,SL_DOM_TSPDCW,Estonia,25-44,All areas,Female,5.55556
2010,SL_DOM_TSPDCW,Estonia,45-64,All areas,Female,0.41667
2010,SL_DOM_TSPDCW,Estonia,65+,All areas,Female,0.27778
2010,SL_DOM_TSPDCW,Estonia,10+,All areas,Male,0.76389
2000,SL_DOM_TSPDCW,Finland,15+,Urban,Male,0.81667
2000,SL_DOM_TSPDCW,Finland,10+,Urban,Male,0.77083
2000,SL_DOM_TSPDCW,Finland,65+,Urban,Female,0.11667
2000,SL_DOM_TSPDCW,Finland,25-44,Urban,Male,1.70833
2000,SL_DOM_TSPDCW,Finland,15-24,Rural,Female,1.29167
2000,SL_DOM_TSPDCW,Finland,25-44,Rural,Female,4.81667
2000,SL_DOM_TSPDCW,Finland,45-54,Rural,Female,0.41667
2000,SL_DOM_TSPDCW,Finland,55-64,Rural,Female,0.1125
2000,SL_DOM_TSPDCW,Finland,65+,Rural,Female,0.175
2000,SL_DOM_TSPDCW,Finland,10+,Rural,Male,0.6375
2000,SL_DOM_TSPDCW,Finland,15+,Rural,Male,0.69583
2000,SL_DOM_TSPDCW,Finland,15-24,Rural,Male,0.1875
2000,SL_DOM_TSPDCW,Finland,55-64,Urban,Female,0.15417
2000,SL_DOM_TSPDCW,Finland,25-44,All areas,Male,1.72917
2000,SL_DOM_TSPDCW,Finland,15-24,All areas,Male,0.15417
2000,SL_DOM_TSPDCW,Finland,10+,All areas,Male,0.74167
2000,SL_DOM_TSPDCW,Finland,10+,All areas,Female,1.69583
2000,SL_DOM_TSPDCW,Finland,15+,All areas,Female,1.80417
2000,SL_DOM_TSPDCW,Finland,15-24,All areas,Female,1.3375
2000,SL_DOM_TSPDCW,Finland,25-44,All areas,Female,4.5375
2000,SL_DOM_TSPDCW,Finland,25-44,Rural,Male,1.84167
2000,SL_DOM_TSPDCW,Finland,45-54,Rural,Male,0.225
2000,SL_DOM_TSPDCW,Finland,55-64,Rural,Male,0.0875
2000,SL_DOM_TSPDCW,Finland,65+,Rural,Male,0.19167
2000,SL_DOM_TSPDCW,Finland,10+,Urban,Female,1.72917
2000,SL_DOM_TSPDCW,Finland,15+,Urban,Female,1.82917
2000,SL_DOM_TSPDCW,Finland,15-24,Urban,Female,1.34583
2000,SL_DOM_TSPDCW,Finland,25-44,Urban,Female,4.4875
2000,SL_DOM_TSPDCW,Finland,45-54,Urban,Female,0.3875
2000,SL_DOM_TSPDCW,Finland,45-54,All areas,Female,0.39583
2000,SL_DOM_TSPDCW,Finland,55-64,All areas,Female,0.14583
2000,SL_DOM_TSPDCW,Finland,65+,All areas,Female,0.12917
2000,SL_DOM_TSPDCW,Finland,15+,All areas,Male,0.79167
2000,SL_DOM_TSPDCW,Finland,45-54,Urban,Male,0.47083
2000,SL_DOM_TSPDCW,Finland,55-64,Urban,Male,0.2125
2000,SL_DOM_TSPDCW,Finland,65+,Urban,Male,0.1125
2000,SL_DOM_TSPDCW,Finland,15-24,Urban,Male,0.15
2000,SL_DOM_TSPDCW,Finland,45-54,All areas,Male,0.41667
2000,SL_DOM_TSPDCW,Finland,55-64,All areas,Male,0.1875
2000,SL_DOM_TSPDCW,Finland,65+,All areas,Male,0.13333
2000,SL_DOM_TSPDCW,Finland,10+,Rural,Female,1.53333
2000,SL_DOM_TSPDCW,Finland,15+,Rural,Female,1.675
2010,SL_DOM_TSPDCW,Finland,55-64,Urban,Male,0.09583
2010,SL_DOM_TSPDCW,Finland,65+,Urban,Male,0.05417
2010,SL_DOM_TSPDCW,Finland,65+,Urban,Female,0.20833
2010,SL_DOM_TSPDCW,Finland,10+,Rural,Male,0.82083
2010,SL_DOM_TSPDCW,Finland,65+,Rural,Female,0.47917
2010,SL_DOM_TSPDCW,Finland,55-64,Rural,Female,0.4875
2010,SL_DOM_TSPDCW,Finland,10+,All areas,Female,1.8
2010,SL_DOM_TSPDCW,Finland,15+,All areas,Female,1.90417
2010,SL_DOM_TSPDCW,Finland,45-54,All areas,Male,0.75417
2010,SL_DOM_TSPDCW,Finland,55-64,All areas,Male,0.10833
2010,SL_DOM_TSPDCW,Finland,65+,All areas,Male,0.07917
2010,SL_DOM_TSPDCW,Finland,10+,Rural,Female,1.50833
2010,SL_DOM_TSPDCW,Finland,15+,Rural,Female,1.64167
2010,SL_DOM_TSPDCW,Finland,15-24,Rural,Female,0.5375
2010,SL_DOM_TSPDCW,Finland,25-44,Rural,Female,4.21667
2010,SL_DOM_TSPDCW,Finland,45-54,Rural,Female,0.42083
2010,SL_DOM_TSPDCW,Finland,25-44,Rural,Male,2.69583
2010,SL_DOM_TSPDCW,Finland,55-64,Rural,Male,0.19583
2010,SL_DOM_TSPDCW,Finland,65+,Rural,Male,0.17083
2010,SL_DOM_TSPDCW,Finland,10+,Urban,Male,0.82083
2010,SL_DOM_TSPDCW,Finland,15+,Urban,Male,0.875
2010,SL_DOM_TSPDCW,Finland,15-24,Urban,Male,0.125
2010,SL_DOM_TSPDCW,Finland,25-44,Urban,Male,2.2
2010,SL_DOM_TSPDCW,Finland,45-54,Urban,Male,0.87083
2010,SL_DOM_TSPDCW,Finland,15-24,All areas,Female,0.60833
2010,SL_DOM_TSPDCW,Finland,25-44,All areas,Female,5.6375
2010,SL_DOM_TSPDCW,Finland,45-54,All areas,Female,0.7375
2010,SL_DOM_TSPDCW,Finland,55-64,All areas,Female,0.20417
2010,SL_DOM_TSPDCW,Finland,65+,All areas,Female,0.25417
2010,SL_DOM_TSPDCW,Finland,10+,All areas,Male,0.82083
2010,SL_DOM_TSPDCW,Finland,15+,All areas,Male,0.875
2010,SL_DOM_TSPDCW,Finland,15-24,All areas,Male,0.1375
2010,SL_DOM_TSPDCW,Finland,25-44,All areas,Male,2.275
2010,SL_DOM_TSPDCW,Finland,10+,Urban,Female,1.85833
2010,SL_DOM_TSPDCW,Finland,15+,Urban,Female,1.95
2010,SL_DOM_TSPDCW,Finland,15-24,Urban,Female,0.61667
2010,SL_DOM_TSPDCW,Finland,25-44,Urban,Female,5.9375
2010,SL_DOM_TSPDCW,Finland,45-54,Urban,Female,0.8
2010,SL_DOM_TSPDCW,Finland,15+,Rural,Male,0.875
2010,SL_DOM_TSPDCW,Finland,55-64,Urban,Female,0.15
2010,SL_DOM_TSPDCW,Finland,15-24,Rural,Male,0.225
2010,SL_DOM_TSPDCW,Finland,45-54,Rural,Male,0.31667
2021,SL_DOM_TSPDCW,Finland,10+,Urban,Male,1.29192
2021,SL_DOM_TSPDCW,Finland,10+,All areas,Female,1.61547
2021,SL_DOM_TSPDCW,Finland,10+,All areas,Male,1.24032
2021,SL_DOM_TSPDCW,Finland,10+,Urban,Female,1.70834
2021,SL_DOM_TSPDCW,Finland,10+,Rural,Female,0.90742
2021,SL_DOM_TSPDCW,Finland,65+,Rural,Female,0.16153
2021,SL_DOM_TSPDCW,Finland,15+,Rural,Male,1.01085
2021,SL_DOM_TSPDCW,Finland,25-44,Rural,Male,2.82349
2021,SL_DOM_TSPDCW,Finland,45-54,Rural,Male,1.82513
2021,SL_DOM_TSPDCW,Finland,55-64,Rural,Male,0.66481
2021,SL_DOM_TSPDCW,Finland,65+,Rural,Male,0.14124
2021,SL_DOM_TSPDCW,Finland,15+,Urban,Female,1.79381
2021,SL_DOM_TSPDCW,Finland,10+,Rural,Male,0.94531
2021,SL_DOM_TSPDCW,Finland,15+,Rural,Female,0.96577
2021,SL_DOM_TSPDCW,Finland,15-24,Rural,Female,0.39781
2021,SL_DOM_TSPDCW,Finland,25-44,Rural,Female,3.07715
2021,SL_DOM_TSPDCW,Finland,45-54,Rural,Female,1.11289
2021,SL_DOM_TSPDCW,Finland,55-64,Rural,Female,0.35254
2021,SL_DOM_TSPDCW,Finland,15-24,All areas,Female,0.62544
2021,SL_DOM_TSPDCW,Finland,25-44,All areas,Female,5.00044
2021,SL_DOM_TSPDCW,Finland,45-54,Urban,Female,1.14824
2021,SL_DOM_TSPDCW,Finland,15+,All areas,Female,1.69769
2021,SL_DOM_TSPDCW,Finland,65+,Urban,Female,0.2632
2021,SL_DOM_TSPDCW,Finland,15+,Urban,Male,1.36744
2021,SL_DOM_TSPDCW,Finland,15-24,Urban,Male,0.10093
2021,SL_DOM_TSPDCW,Finland,25-44,Urban,Male,3.12892
2021,SL_DOM_TSPDCW,Finland,45-54,Urban,Male,1.42315
2021,SL_DOM_TSPDCW,Finland,55-64,Urban,Male,0.43683
2021,SL_DOM_TSPDCW,Finland,65+,Urban,Male,0.27494
2021,SL_DOM_TSPDCW,Finland,55-64,Urban,Female,0.17221
2021,SL_DOM_TSPDCW,Finland,45-54,All areas,Female,1.14397
2021,SL_DOM_TSPDCW,Finland,55-64,All areas,Female,0.19526
2021,SL_DOM_TSPDCW,Finland,65+,All areas,Female,0.24524
2021,SL_DOM_TSPDCW,Finland,15+,All areas,Male,1.31365
2021,SL_DOM_TSPDCW,Finland,15-24,All areas,Male,0.09628
2021,SL_DOM_TSPDCW,Finland,25-44,All areas,Male,3.08913
2021,SL_DOM_TSPDCW,Finland,45-54,All areas,Male,1.48528
2021,SL_DOM_TSPDCW,Finland,55-64,All areas,Male,0.47245
2021,SL_DOM_TSPDCW,Finland,65+,All areas,Male,0.24497
2021,SL_DOM_TSPDCW,Finland,25-44,Urban,Female,5.21947
2021,SL_DOM_TSPDCW,Finland,15-24,Urban,Female,0.65485
2010,SL_DOM_TSPDCW,France,65+,All areas,Female,0.76899
2010,SL_DOM_TSPDCW,France,15+,All areas,Male,1.21203
2010,SL_DOM_TSPDCW,France,15-24,All areas,Male,0.31405
2010,SL_DOM_TSPDCW,France,25-44,All areas,Male,2.36262
2010,SL_DOM_TSPDCW,France,45-54,All areas,Male,0.98921
2010,SL_DOM_TSPDCW,France,55-64,All areas,Male,0.91282
2010,SL_DOM_TSPDCW,France,55-64,All areas,Female,1.69604
2010,SL_DOM_TSPDCW,France,15+,All areas,Female,2.51964
2010,SL_DOM_TSPDCW,France,15-24,All areas,Female,1.12829
2010,SL_DOM_TSPDCW,France,25-44,All areas,Female,5.43018
2010,SL_DOM_TSPDCW,France,45-54,All areas,Female,1.97829
2010,SL_DOM_TSPDCW,France,65+,All areas,Male,0.71458
2021,SL_DOM_TSPDCW,Georgia,65+,Rural,Male,0.30213
2021,SL_DOM_TSPDCW,Georgia,15+,Urban,Female,3.92394
2021,SL_DOM_TSPDCW,Georgia,15-24,Urban,Female,2.80906
2021,SL_DOM_TSPDCW,Georgia,25-44,Urban,Female,8.60336
2021,SL_DOM_TSPDCW,Georgia,45-54,Urban,Female,2.22036
2021,SL_DOM_TSPDCW,Georgia,55-64,Urban,Female,2.39718
2021,SL_DOM_TSPDCW,Georgia,65+,Urban,Female,1.04087
2021,SL_DOM_TSPDCW,Georgia,55-64,Urban,Male,0.78644
2021,SL_DOM_TSPDCW,Georgia,65+,All areas,Male,0.3985
2021,SL_DOM_TSPDCW,Georgia,15+,Rural,Female,3.50142
2021,SL_DOM_TSPDCW,Georgia,15-24,Rural,Female,6.5919
2021,SL_DOM_TSPDCW,Georgia,25-44,Rural,Female,8.20973
2021,SL_DOM_TSPDCW,Georgia,45-54,Rural,Female,1.28754
2021,SL_DOM_TSPDCW,Georgia,55-64,Rural,Female,0.91454
2021,SL_DOM_TSPDCW,Georgia,65+,Rural,Female,1.05782
2021,SL_DOM_TSPDCW,Georgia,15+,Rural,Male,0.67287
2021,SL_DOM_TSPDCW,Georgia,15-24,All areas,Female,4.06934
2021,SL_DOM_TSPDCW,Georgia,25-44,All areas,Female,8.45799
2021,SL_DOM_TSPDCW,Georgia,15+,All areas,Female,3.7575
2021,SL_DOM_TSPDCW,Georgia,45-54,All areas,Female,1.86304
2021,SL_DOM_TSPDCW,Georgia,55-64,All areas,Female,1.82366
2021,SL_DOM_TSPDCW,Georgia,65+,All areas,Female,1.04859
2021,SL_DOM_TSPDCW,Georgia,15+,All areas,Male,0.83087
2021,SL_DOM_TSPDCW,Georgia,55-64,Rural,Male,0.38566
2021,SL_DOM_TSPDCW,Georgia,15-24,Rural,Male,0.10783
2021,SL_DOM_TSPDCW,Georgia,25-44,Rural,Male,1.30899
2021,SL_DOM_TSPDCW,Georgia,45-54,Rural,Male,0.74386
2021,SL_DOM_TSPDCW,Georgia,65+,Urban,Male,0.50944
2021,SL_DOM_TSPDCW,Georgia,45-54,Urban,Male,0.78409
2021,SL_DOM_TSPDCW,Georgia,25-44,Urban,Male,1.59156
2021,SL_DOM_TSPDCW,Georgia,15-24,Urban,Male,0.19465
2021,SL_DOM_TSPDCW,Georgia,15+,Urban,Male,0.96052
2021,SL_DOM_TSPDCW,Georgia,15-24,All areas,Male,0.15858
2021,SL_DOM_TSPDCW,Georgia,25-44,All areas,Male,1.48064
2021,SL_DOM_TSPDCW,Georgia,45-54,All areas,Male,0.76354
2021,SL_DOM_TSPDCW,Georgia,55-64,All areas,Male,0.60728
2002,SL_DOM_TSPDCW,Germany,10+,All areas,Female,1.825
2002,SL_DOM_TSPDCW,Germany,10+,All areas,Male,0.8125
2013,SL_DOM_TSPDCW,Germany,10+,All areas,Male,0.75833
2013,SL_DOM_TSPDCW,Germany,15+,All areas,Male,0.79167
2013,SL_DOM_TSPDCW,Germany,25-44,All areas,Male,1.91667
2013,SL_DOM_TSPDCW,Germany,45-54,All areas,Male,0.68333
2013,SL_DOM_TSPDCW,Germany,55-64,All areas,Male,0.2625
2013,SL_DOM_TSPDCW,Germany,15+,Urban,Female,1.72083
2013,SL_DOM_TSPDCW,Germany,10+,Urban,Female,1.64583
2013,SL_DOM_TSPDCW,Germany,10+,Urban,Male,0.79583
2013,SL_DOM_TSPDCW,Germany,15+,Urban,Male,0.83333
2013,SL_DOM_TSPDCW,Germany,25-44,Urban,Male,1.975
2013,SL_DOM_TSPDCW,Germany,45-54,Urban,Male,0.7375
2013,SL_DOM_TSPDCW,Germany,25-44,Urban,Female,4.9625
2013,SL_DOM_TSPDCW,Germany,10+,All areas,Female,1.625
2013,SL_DOM_TSPDCW,Germany,15+,All areas,Female,1.7
2013,SL_DOM_TSPDCW,Germany,25-44,All areas,Female,4.9625
2013,SL_DOM_TSPDCW,Germany,45-54,All areas,Female,0.89167
2013,SL_DOM_TSPDCW,Germany,25-44,Rural,Male,1.675
2013,SL_DOM_TSPDCW,Germany,10+,Rural,Female,1.54583
2013,SL_DOM_TSPDCW,Germany,15+,Rural,Female,1.62083
2013,SL_DOM_TSPDCW,Germany,25-44,Rural,Female,4.97083
2013,SL_DOM_TSPDCW,Germany,45-54,Rural,Female,0.625
2013,SL_DOM_TSPDCW,Germany,10+,Rural,Male,0.6125
2013,SL_DOM_TSPDCW,Germany,15+,Rural,Male,0.63333
2013,SL_DOM_TSPDCW,Germany,45-54,Urban,Female,0.95417
2014,SL_DOM_TSPDCW,Greece,15-24,All areas,Male,0.34722
2014,SL_DOM_TSPDCW,Greece,45-54,All areas,Male,1.59722
2014,SL_DOM_TSPDCW,Greece,55-64,All areas,Male,0.83333
2014,SL_DOM_TSPDCW,Greece,25-44,All areas,Male,1.80555
2014,SL_DOM_TSPDCW,Greece,65+,All areas,Male,0.55556
2014,SL_DOM_TSPDCW,Greece,10+,Rural,Female,1.52778
2014,SL_DOM_TSPDCW,Greece,45-54,All areas,Female,1.31944
2014,SL_DOM_TSPDCW,Greece,15-24,Rural,Male,1.04167
2014,SL_DOM_TSPDCW,Greece,25-44,Rural,Male,1.31944
2014,SL_DOM_TSPDCW,Greece,45-54,Rural,Male,1.18056
2014,SL_DOM_TSPDCW,Greece,55-64,Rural,Male,1.04167
2014,SL_DOM_TSPDCW,Greece,65+,Rural,Male,1.11111
2014,SL_DOM_TSPDCW,Greece,10+,Urban,Female,1.66667
2014,SL_DOM_TSPDCW,Greece,15+,Urban,Female,1.80556
2014,SL_DOM_TSPDCW,Greece,25-44,Urban,Male,1.875
2014,SL_DOM_TSPDCW,Greece,45-54,Urban,Male,1.66667
2014,SL_DOM_TSPDCW,Greece,55-64,Urban,Male,0.76389
2014,SL_DOM_TSPDCW,Greece,65+,Urban,Male,0.34722
2014,SL_DOM_TSPDCW,Greece,10+,All areas,Female,1.66667
2014,SL_DOM_TSPDCW,Greece,15+,All areas,Female,1.73611
2014,SL_DOM_TSPDCW,Greece,15-24,All areas,Female,0.55556
2014,SL_DOM_TSPDCW,Greece,25-44,All areas,Female,3.95833
2014,SL_DOM_TSPDCW,Greece,55-64,All areas,Female,0.55555
2014,SL_DOM_TSPDCW,Greece,65+,All areas,Female,0.48611
2014,SL_DOM_TSPDCW,Greece,10+,All areas,Male,1.04167
2014,SL_DOM_TSPDCW,Greece,15+,All areas,Male,1.11111
2014,SL_DOM_TSPDCW,Greece,15+,Rural,Female,1.52778
2014,SL_DOM_TSPDCW,Greece,25-44,Rural,Female,3.88889
2014,SL_DOM_TSPDCW,Greece,45-54,Rural,Female,1.45833
2014,SL_DOM_TSPDCW,Greece,15-24,Rural,Female,1.45833
2014,SL_DOM_TSPDCW,Greece,55-64,Rural,Female,0.97222
2014,SL_DOM_TSPDCW,Greece,65+,Rural,Female,0.48611
2014,SL_DOM_TSPDCW,Greece,10+,Rural,Male,1.11111
2014,SL_DOM_TSPDCW,Greece,15+,Rural,Male,1.18056
2014,SL_DOM_TSPDCW,Greece,15-24,Urban,Female,0.41667
2014,SL_DOM_TSPDCW,Greece,25-44,Urban,Female,3.95833
2014,SL_DOM_TSPDCW,Greece,45-54,Urban,Female,1.25
2014,SL_DOM_TSPDCW,Greece,55-64,Urban,Female,0.41667
2014,SL_DOM_TSPDCW,Greece,65+,Urban,Female,0.41667
2014,SL_DOM_TSPDCW,Greece,10+,Urban,Male,1.04167
2014,SL_DOM_TSPDCW,Greece,15+,Urban,Male,1.11111
2014,SL_DOM_TSPDCW,Greece,15-24,Urban,Male,0.0
2000,SL_DOM_TSPDCW,Hungary,15+,All areas,Female,1.94444
2000,SL_DOM_TSPDCW,Hungary,15+,All areas,Male,0.83333
2010,SL_DOM_TSPDCW,Hungary,15+,All areas,Female,2.81007
2010,SL_DOM_TSPDCW,Hungary,55-64,All areas,Female,1.43272
2010,SL_DOM_TSPDCW,Hungary,65+,All areas,Female,0.69616
2010,SL_DOM_TSPDCW,Hungary,10+,All areas,Male,1.20206
2010,SL_DOM_TSPDCW,Hungary,15+,All areas,Male,1.23501
2010,SL_DOM_TSPDCW,Hungary,15-24,All areas,Male,0.40053
2010,SL_DOM_TSPDCW,Hungary,25-44,All areas,Male,2.3151
2010,SL_DOM_TSPDCW,Hungary,15-24,Rural,Female,1.8778
2010,SL_DOM_TSPDCW,Hungary,45-54,Rural,Female,1.19067
2010,SL_DOM_TSPDCW,Hungary,25-44,Rural,Female,6.32424
2010,SL_DOM_TSPDCW,Hungary,15+,Urban,Female,2.77611
2010,SL_DOM_TSPDCW,Hungary,15-24,Urban,Female,1.41495
2010,SL_DOM_TSPDCW,Hungary,25-44,Urban,Female,6.23923
2010,SL_DOM_TSPDCW,Hungary,45-54,Urban,Female,1.0264
2010,SL_DOM_TSPDCW,Hungary,10+,Urban,Male,1.23251
2010,SL_DOM_TSPDCW,Hungary,55-64,Urban,Female,1.54829
2010,SL_DOM_TSPDCW,Hungary,65+,Urban,Female,0.74605
2010,SL_DOM_TSPDCW,Hungary,55-64,Urban,Male,0.6486
2010,SL_DOM_TSPDCW,Hungary,65+,Urban,Male,0.44181
2010,SL_DOM_TSPDCW,Hungary,45-54,Urban,Male,0.77354
2010,SL_DOM_TSPDCW,Hungary,15-24,Urban,Male,0.48755
2010,SL_DOM_TSPDCW,Hungary,10+,All areas,Female,2.69566
2010,SL_DOM_TSPDCW,Hungary,15+,Rural,Male,1.1105
2010,SL_DOM_TSPDCW,Hungary,15-24,Rural,Male,0.23593
2010,SL_DOM_TSPDCW,Hungary,25-44,Rural,Male,2.03125
2010,SL_DOM_TSPDCW,Hungary,45-54,Rural,Male,0.51646
2010,SL_DOM_TSPDCW,Hungary,55-64,Rural,Male,0.80752
2010,SL_DOM_TSPDCW,Hungary,65+,Rural,Male,0.68348
2010,SL_DOM_TSPDCW,Hungary,10+,Urban,Female,2.65775
2010,SL_DOM_TSPDCW,Hungary,15+,Urban,Male,1.29129
2010,SL_DOM_TSPDCW,Hungary,45-54,All areas,Male,0.68612
2010,SL_DOM_TSPDCW,Hungary,55-64,All areas,Male,0.695
2010,SL_DOM_TSPDCW,Hungary,65+,All areas,Male,0.50494
2010,SL_DOM_TSPDCW,Hungary,15-24,All areas,Female,1.57224
2010,SL_DOM_TSPDCW,Hungary,25-44,All areas,Female,6.26517
2010,SL_DOM_TSPDCW,Hungary,45-54,All areas,Female,1.07462
2010,SL_DOM_TSPDCW,Hungary,10+,Rural,Female,2.78608
2010,SL_DOM_TSPDCW,Hungary,15+,Rural,Female,2.89151
2010,SL_DOM_TSPDCW,Hungary,25-44,Urban,Male,2.44446
2010,SL_DOM_TSPDCW,Hungary,55-64,Rural,Female,1.11896
2010,SL_DOM_TSPDCW,Hungary,65+,Rural,Female,0.56206
2010,SL_DOM_TSPDCW,Hungary,10+,Rural,Male,1.13503
2005,SL_DOM_TSPDCW,Ireland,15-64,All areas,Female,7.91667
2005,SL_DOM_TSPDCW,Ireland,15-64,All areas,Male,2.01389
2003,SL_DOM_TSPDCW,Italy,15-24,All areas,Male,0.29167
2003,SL_DOM_TSPDCW,Italy,25-44,All areas,Male,1.83333
2003,SL_DOM_TSPDCW,Italy,3+,All areas,Male,1.04167
2003,SL_DOM_TSPDCW,Italy,45-54,All areas,Male,1.08333
2003,SL_DOM_TSPDCW,Italy,55-64,All areas,Male,0.91667
2003,SL_DOM_TSPDCW,Italy,65+,All areas,Male,0.75
2003,SL_DOM_TSPDCW,Italy,15+,Rural,Female,2.45833
2003,SL_DOM_TSPDCW,Italy,25-44,Rural,Female,5.08333
2003,SL_DOM_TSPDCW,Italy,3+,Rural,Female,2.16667
2003,SL_DOM_TSPDCW,Italy,45-54,Rural,Female,1.29167
2003,SL_DOM_TSPDCW,Italy,55-64,All areas,Female,1.375
2003,SL_DOM_TSPDCW,Italy,55-64,Rural,Female,1.25
2003,SL_DOM_TSPDCW,Italy,65+,Rural,Female,1.0
2003,SL_DOM_TSPDCW,Italy,15+,Rural,Male,1.125
2003,SL_DOM_TSPDCW,Italy,65+,Urban,Male,0.83333
2003,SL_DOM_TSPDCW,Italy,15-24,Urban,Male,0.29167
2003,SL_DOM_TSPDCW,Italy,25-44,Urban,Male,1.79167
2003,SL_DOM_TSPDCW,Italy,65+,Rural,Male,0.625
2003,SL_DOM_TSPDCW,Italy,15+,Urban,Female,2.54167
2003,SL_DOM_TSPDCW,Italy,15-24,Urban,Female,0.79167
2003,SL_DOM_TSPDCW,Italy,25-44,Urban,Female,5.20833
2003,SL_DOM_TSPDCW,Italy,3+,Urban,Female,2.25
2003,SL_DOM_TSPDCW,Italy,45-54,Urban,Female,1.45833
2003,SL_DOM_TSPDCW,Italy,3+,Rural,Male,1.0
2003,SL_DOM_TSPDCW,Italy,25-44,Rural,Male,1.875
2003,SL_DOM_TSPDCW,Italy,15-24,Rural,Male,0.25
2003,SL_DOM_TSPDCW,Italy,15-24,Rural,Female,1.08333
2003,SL_DOM_TSPDCW,Italy,25-44,All areas,Female,5.20833
2003,SL_DOM_TSPDCW,Italy,15+,All areas,Female,2.5
2003,SL_DOM_TSPDCW,Italy,15-24,All areas,Female,0.875
2003,SL_DOM_TSPDCW,Italy,3+,All areas,Female,2.25
2003,SL_DOM_TSPDCW,Italy,45-54,All areas,Female,1.41667
2003,SL_DOM_TSPDCW,Italy,65+,All areas,Female,0.875
2003,SL_DOM_TSPDCW,Italy,15+,All areas,Male,1.16667
2003,SL_DOM_TSPDCW,Italy,3+,Urban,Male,1.04167
2003,SL_DOM_TSPDCW,Italy,45-54,Urban,Male,1.125
2003,SL_DOM_TSPDCW,Italy,55-64,Urban,Male,0.91667
2003,SL_DOM_TSPDCW,Italy,55-64,Urban,Female,1.41667
2003,SL_DOM_TSPDCW,Italy,65+,Urban,Female,0.79167
2003,SL_DOM_TSPDCW,Italy,15+,Urban,Male,1.16667
2003,SL_DOM_TSPDCW,Italy,45-54,Rural,Male,1.04167
2003,SL_DOM_TSPDCW,Italy,55-64,Rural,Male,0.875
2009,SL_DOM_TSPDCW,Italy,15+,All areas,Female,2.20833
2009,SL_DOM_TSPDCW,Italy,3+,All areas,Female,1.95833
2009,SL_DOM_TSPDCW,Italy,15-24,All areas,Female,0.70833
2009,SL_DOM_TSPDCW,Italy,3+,Rural,Male,0.91667
2009,SL_DOM_TSPDCW,Italy,45-54,Rural,Male,1.16667
2009,SL_DOM_TSPDCW,Italy,55-64,Rural,Male,0.45833
2009,SL_DOM_TSPDCW,Italy,65+,Rural,Male,0.54167
2009,SL_DOM_TSPDCW,Italy,15+,Rural,Female,2.25
2009,SL_DOM_TSPDCW,Italy,15-24,Rural,Female,0.79167
2009,SL_DOM_TSPDCW,Italy,25-44,Rural,Female,5.20833
2009,SL_DOM_TSPDCW,Italy,3+,Rural,Female,2.0
2009,SL_DOM_TSPDCW,Italy,45-54,Rural,Female,1.45833
2009,SL_DOM_TSPDCW,Italy,55-64,Rural,Female,0.58333
2009,SL_DOM_TSPDCW,Italy,65+,Rural,Female,0.41667
2009,SL_DOM_TSPDCW,Italy,15-24,Urban,Male,0.16667
2009,SL_DOM_TSPDCW,Italy,25-44,Urban,Male,1.875
2009,SL_DOM_TSPDCW,Italy,3+,Urban,Male,0.91667
2009,SL_DOM_TSPDCW,Italy,45-54,Urban,Male,1.08333
2009,SL_DOM_TSPDCW,Italy,55-64,Urban,Male,0.58333
2009,SL_DOM_TSPDCW,Italy,65+,Urban,Male,0.45833
2009,SL_DOM_TSPDCW,Italy,3+,Urban,Female,1.95833
2009,SL_DOM_TSPDCW,Italy,25-44,All areas,Female,5.20833
2009,SL_DOM_TSPDCW,Italy,45-54,All areas,Female,1.45833
2009,SL_DOM_TSPDCW,Italy,55-64,All areas,Female,0.54167
2009,SL_DOM_TSPDCW,Italy,65+,All areas,Female,0.29167
2009,SL_DOM_TSPDCW,Italy,15+,All areas,Male,1.04167
2009,SL_DOM_TSPDCW,Italy,15-24,All areas,Male,0.20833
2009,SL_DOM_TSPDCW,Italy,25-44,All areas,Male,1.875
2009,SL_DOM_TSPDCW,Italy,3+,All areas,Male,0.91667
2009,SL_DOM_TSPDCW,Italy,45-54,All areas,Male,1.08333
2009,SL_DOM_TSPDCW,Italy,55-64,All areas,Male,0.54167
2009,SL_DOM_TSPDCW,Italy,65+,All areas,Male,0.45833
2009,SL_DOM_TSPDCW,Italy,15+,Rural,Male,1.04167
2009,SL_DOM_TSPDCW,Italy,15-24,Rural,Male,0.33333
2009,SL_DOM_TSPDCW,Italy,25-44,Rural,Male,1.79167
2009,SL_DOM_TSPDCW,Italy,25-44,Urban,Female,5.20833
2009,SL_DOM_TSPDCW,Italy,15-24,Urban,Female,0.70833
2009,SL_DOM_TSPDCW,Italy,15+,Urban,Female,2.16667
2009,SL_DOM_TSPDCW,Italy,45-54,Urban,Female,1.45833
2009,SL_DOM_TSPDCW,Italy,55-64,Urban,Female,0.54167
2009,SL_DOM_TSPDCW,Italy,65+,Urban,Female,0.25
2009,SL_DOM_TSPDCW,Italy,15+,Urban,Male,1.04167
2014,SL_DOM_TSPDCW,Italy,55-64,Urban,Male,0.54167
2014,SL_DOM_TSPDCW,Italy,65+,All areas,Female,0.29167
2014,SL_DOM_TSPDCW,Italy,15+,All areas,Male,1.16667
2014,SL_DOM_TSPDCW,Italy,15-24,All areas,Male,0.25
2014,SL_DOM_TSPDCW,Italy,25-44,All areas,Male,2.125
2014,SL_DOM_TSPDCW,Italy,3+,All areas,Male,1.04167
2014,SL_DOM_TSPDCW,Italy,45-54,All areas,Male,1.5
2014,SL_DOM_TSPDCW,Italy,55-64,All areas,Male,0.58333
2014,SL_DOM_TSPDCW,Italy,45-54,Urban,Male,1.625
2014,SL_DOM_TSPDCW,Italy,15+,All areas,Female,2.33333
2014,SL_DOM_TSPDCW,Italy,25-44,Urban,Female,5.95833
2014,SL_DOM_TSPDCW,Italy,3+,Urban,Female,2.125
2014,SL_DOM_TSPDCW,Italy,25-44,Rural,Male,1.91667
2014,SL_DOM_TSPDCW,Italy,3+,Rural,Male,0.91667
2014,SL_DOM_TSPDCW,Italy,45-54,Rural,Male,1.16667
2014,SL_DOM_TSPDCW,Italy,55-64,Rural,Male,0.58333
2014,SL_DOM_TSPDCW,Italy,25-44,Rural,Female,5.45833
2014,SL_DOM_TSPDCW,Italy,65+,Rural,Male,0.375
2014,SL_DOM_TSPDCW,Italy,45-54,Urban,Female,1.83333
2014,SL_DOM_TSPDCW,Italy,55-64,Urban,Female,0.54167
2014,SL_DOM_TSPDCW,Italy,3+,Rural,Female,1.91667
2014,SL_DOM_TSPDCW,Italy,45-54,Rural,Female,1.54167
2014,SL_DOM_TSPDCW,Italy,55-64,Rural,Female,0.54167
2014,SL_DOM_TSPDCW,Italy,65+,Rural,Female,0.33333
2014,SL_DOM_TSPDCW,Italy,15+,Rural,Male,1.04167
2014,SL_DOM_TSPDCW,Italy,15-24,Rural,Male,0.16667
2014,SL_DOM_TSPDCW,Italy,65+,Urban,Male,0.45833
2014,SL_DOM_TSPDCW,Italy,15-24,All areas,Female,0.875
2014,SL_DOM_TSPDCW,Italy,25-44,All areas,Female,5.83333
2014,SL_DOM_TSPDCW,Italy,65+,All areas,Male,0.41667
2014,SL_DOM_TSPDCW,Italy,3+,All areas,Female,2.04167
2014,SL_DOM_TSPDCW,Italy,45-54,All areas,Female,1.75
2014,SL_DOM_TSPDCW,Italy,55-64,All areas,Female,0.54167
2014,SL_DOM_TSPDCW,Italy,15-24,Urban,Female,0.83333
2014,SL_DOM_TSPDCW,Italy,65+,Urban,Female,0.29167
2014,SL_DOM_TSPDCW,Italy,15+,Urban,Male,1.25
2014,SL_DOM_TSPDCW,Italy,15-24,Urban,Male,0.29167
2014,SL_DOM_TSPDCW,Italy,25-44,Urban,Male,2.20833
2014,SL_DOM_TSPDCW,Italy,3+,Urban,Male,1.08333
2014,SL_DOM_TSPDCW,Italy,15+,Urban,Female,2.375
2014,SL_DOM_TSPDCW,Italy,15-24,Rural,Female,0.95833
2014,SL_DOM_TSPDCW,Italy,15+,Rural,Female,2.16667
2001,SL_DOM_TSPDCW,Japan,45-54,All areas,Male,0.20833
2001,SL_DOM_TSPDCW,Japan,55-64,All areas,Male,0.20833
2001,SL_DOM_TSPDCW,Japan,65+,All areas,Male,0.34722
2001,SL_DOM_TSPDCW,Japan,15+,All areas,Female,1.94444
2001,SL_DOM_TSPDCW,Japan,15-24,All areas,Female,0.69444
2001,SL_DOM_TSPDCW,Japan,25-44,All areas,Female,4.375
2001,SL_DOM_TSPDCW,Japan,45-54,All areas,Female,0.76389
2001,SL_DOM_TSPDCW,Japan,15-24,All areas,Male,0.06944
2001,SL_DOM_TSPDCW,Japan,25-44,All areas,Male,0.625
2001,SL_DOM_TSPDCW,Japan,55-64,All areas,Female,1.18056
2001,SL_DOM_TSPDCW,Japan,65+,All areas,Female,0.69444
2001,SL_DOM_TSPDCW,Japan,10+,All areas,Male,0.27778
2001,SL_DOM_TSPDCW,Japan,15+,All areas,Male,0.34722
2001,SL_DOM_TSPDCW,Japan,10+,All areas,Female,1.875
2006,SL_DOM_TSPDCW,Japan,10+,All areas,Female,1.875
2006,SL_DOM_TSPDCW,Japan,55-64,All areas,Male,0.34722
2006,SL_DOM_TSPDCW,Japan,45-54,All areas,Male,0.20833
2006,SL_DOM_TSPDCW,Japan,25-44,All areas,Male,0.75
2006,SL_DOM_TSPDCW,Japan,15+,All areas,Female,1.94444
2006,SL_DOM_TSPDCW,Japan,15-24,All areas,Female,0.76389
2006,SL_DOM_TSPDCW,Japan,25-44,All areas,Female,4.58333
2006,SL_DOM_TSPDCW,Japan,45-54,All areas,Female,0.76389
2006,SL_DOM_TSPDCW,Japan,55-64,All areas,Female,1.11111
2006,SL_DOM_TSPDCW,Japan,65+,All areas,Female,0.69444
2006,SL_DOM_TSPDCW,Japan,10+,All areas,Male,0.41667
2006,SL_DOM_TSPDCW,Japan,15+,All areas,Male,0.48611
2006,SL_DOM_TSPDCW,Japan,15-24,All areas,Male,0.06944
2006,SL_DOM_TSPDCW,Japan,65+,All areas,Male,0.41667
2011,SL_DOM_TSPDCW,Japan,55-64,All areas,Female,1.11111
2011,SL_DOM_TSPDCW,Japan,65+,All areas,Female,0.625
2011,SL_DOM_TSPDCW,Japan,10+,All areas,Male,0.48611
2011,SL_DOM_TSPDCW,Japan,15+,All areas,Male,0.48611
2011,SL_DOM_TSPDCW,Japan,15-24,All areas,Male,0.06944
2011,SL_DOM_TSPDCW,Japan,55-64,All areas,Male,0.34722
2011,SL_DOM_TSPDCW,Japan,25-44,All areas,Male,0.875
2011,SL_DOM_TSPDCW,Japan,45-54,All areas,Female,0.97222
2011,SL_DOM_TSPDCW,Japan,65+,All areas,Male,0.41667
2011,SL_DOM_TSPDCW,Japan,45-54,All areas,Male,0.27778
2011,SL_DOM_TSPDCW,Japan,10+,All areas,Female,1.94444
2011,SL_DOM_TSPDCW,Japan,15+,All areas,Female,2.01389
2011,SL_DOM_TSPDCW,Japan,15-24,All areas,Female,0.69444
2011,SL_DOM_TSPDCW,Japan,25-44,All areas,Female,4.75
2016,SL_DOM_TSPDCW,Japan,15-24,All areas,Female,0.48611
2016,SL_DOM_TSPDCW,Japan,25-44,All areas,Female,5.58333
2016,SL_DOM_TSPDCW,Japan,45-54,All areas,Female,0.97222
2016,SL_DOM_TSPDCW,Japan,55-64,All areas,Female,1.25
2016,SL_DOM_TSPDCW,Japan,65+,All areas,Female,0.69444
2016,SL_DOM_TSPDCW,Japan,10+,All areas,Female,2.08333
2016,SL_DOM_TSPDCW,Japan,10+,All areas,Male,0.55556
2016,SL_DOM_TSPDCW,Japan,15+,All areas,Female,2.22222
2016,SL_DOM_TSPDCW,Japan,15+,All areas,Male,0.55556
2016,SL_DOM_TSPDCW,Japan,15-24,All areas,Male,0.06944
2016,SL_DOM_TSPDCW,Japan,25-44,All areas,Male,1.125
2016,SL_DOM_TSPDCW,Japan,45-54,All areas,Male,0.41667
2016,SL_DOM_TSPDCW,Japan,55-64,All areas,Male,0.34722
2016,SL_DOM_TSPDCW,Japan,65+,All areas,Male,0.41667
2021,SL_DOM_TSPDCW,Japan,15+,All areas,Female,1.79167
2021,SL_DOM_TSPDCW,Japan,15-24,All areas,Female,0.41667
2021,SL_DOM_TSPDCW,Japan,25-44,All areas,Female,5.29167
2021,SL_DOM_TSPDCW,Japan,45-54,All areas,Female,0.91667
2021,SL_DOM_TSPDCW,Japan,55-64,All areas,Female,0.83333
2021,SL_DOM_TSPDCW,Japan,65+,All areas,Female,0.625
2021,SL_DOM_TSPDCW,Japan,10+,All areas,Male,0.54167
2021,SL_DOM_TSPDCW,Japan,15+,All areas,Male,0.625
2021,SL_DOM_TSPDCW,Japan,10+,All areas,Female,1.75
2021,SL_DOM_TSPDCW,Japan,15-24,All areas,Male,0.08333
2021,SL_DOM_TSPDCW,Japan,25-44,All areas,Male,1.33333
2021,SL_DOM_TSPDCW,Japan,45-54,All areas,Male,0.5
2021,SL_DOM_TSPDCW,Japan,55-64,All areas,Male,0.29167
2021,SL_DOM_TSPDCW,Japan,65+,All areas,Male,0.41667
2003,SL_DOM_TSPDCW,Kazakhstan,20-74,All areas,Female,3.68056
2003,SL_DOM_TSPDCW,Kazakhstan,20-74,All areas,Male,1.38889
2006,SL_DOM_TSPDCW,Kazakhstan,20-74,All areas,Male,1.18056
2006,SL_DOM_TSPDCW,Kazakhstan,20-74,All areas,Female,2.84722
2012,SL_DOM_TSPDCW,Kazakhstan,10+,All areas,Female,2.08333
2012,SL_DOM_TSPDCW,Kazakhstan,10+,All areas,Male,0.76389
2018,SL_DOM_TSPDCW,Kazakhstan,10+,All areas,Female,2.84722
2018,SL_DOM_TSPDCW,Kazakhstan,65+,Rural,Male,0.625
2018,SL_DOM_TSPDCW,Kazakhstan,10+,Urban,Female,3.05556
2018,SL_DOM_TSPDCW,Kazakhstan,25-44,All areas,Female,5.06944
2018,SL_DOM_TSPDCW,Kazakhstan,55-64,Urban,Male,0.625
2018,SL_DOM_TSPDCW,Kazakhstan,65+,Urban,Male,0.55556
2018,SL_DOM_TSPDCW,Kazakhstan,45-54,Urban,Male,0.83333
2018,SL_DOM_TSPDCW,Kazakhstan,15+,Urban,Male,1.38889
2018,SL_DOM_TSPDCW,Kazakhstan,15-24,Urban,Male,0.41667
2018,SL_DOM_TSPDCW,Kazakhstan,15+,Rural,Female,2.77778
2018,SL_DOM_TSPDCW,Kazakhstan,25-44,Rural,Female,4.375
2018,SL_DOM_TSPDCW,Kazakhstan,45-54,Rural,Female,1.25
2018,SL_DOM_TSPDCW,Kazakhstan,55-64,Rural,Female,1.66667
2018,SL_DOM_TSPDCW,Kazakhstan,65+,Rural,Female,1.31944
2018,SL_DOM_TSPDCW,Kazakhstan,10+,Rural,Male,0.90278
2018,SL_DOM_TSPDCW,Kazakhstan,55-64,All areas,Male,0.55556
2018,SL_DOM_TSPDCW,Kazakhstan,65+,All areas,Male,0.625
2018,SL_DOM_TSPDCW,Kazakhstan,15-24,Rural,Male,0.55556
2018,SL_DOM_TSPDCW,Kazakhstan,25-44,Rural,Male,1.31944
2018,SL_DOM_TSPDCW,Kazakhstan,15+,Urban,Female,3.19444
2018,SL_DOM_TSPDCW,Kazakhstan,15-24,Urban,Female,2.36111
2018,SL_DOM_TSPDCW,Kazakhstan,15-24,All areas,Female,2.43056
2018,SL_DOM_TSPDCW,Kazakhstan,15+,All areas,Female,3.05556
2018,SL_DOM_TSPDCW,Kazakhstan,45-54,Rural,Male,0.625
2018,SL_DOM_TSPDCW,Kazakhstan,55-64,Rural,Male,0.48611
2018,SL_DOM_TSPDCW,Kazakhstan,15-24,Rural,Female,2.56944
2018,SL_DOM_TSPDCW,Kazakhstan,25-44,Urban,Male,2.22222
2018,SL_DOM_TSPDCW,Kazakhstan,25-44,Urban,Female,5.48611
2018,SL_DOM_TSPDCW,Kazakhstan,45-54,Urban,Female,1.45833
2018,SL_DOM_TSPDCW,Kazakhstan,55-64,Urban,Female,1.45833
2018,SL_DOM_TSPDCW,Kazakhstan,65+,Urban,Female,1.04167
2018,SL_DOM_TSPDCW,Kazakhstan,10+,Urban,Male,1.31944
2018,SL_DOM_TSPDCW,Kazakhstan,10+,Rural,Female,2.56944
2018,SL_DOM_TSPDCW,Kazakhstan,45-54,All areas,Female,1.38889
2018,SL_DOM_TSPDCW,Kazakhstan,15+,Rural,Male,0.90278
2018,SL_DOM_TSPDCW,Kazakhstan,55-64,All areas,Female,1.52778
2018,SL_DOM_TSPDCW,Kazakhstan,65+,All areas,Female,1.11111
2018,SL_DOM_TSPDCW,Kazakhstan,10+,All areas,Male,1.11111
2018,SL_DOM_TSPDCW,Kazakhstan,15+,All areas,Male,1.18056
2018,SL_DOM_TSPDCW,Kazakhstan,15-24,All areas,Male,0.48611
2018,SL_DOM_TSPDCW,Kazakhstan,25-44,All areas,Male,1.875
2018,SL_DOM_TSPDCW,Kazakhstan,45-54,All areas,Male,0.76389
2004,SL_DOM_TSPDCW,Republic of Korea,10+,All areas,Female,3.26389
2004,SL_DOM_TSPDCW,Republic of Korea,10+,All areas,Male,0.90278
2009,SL_DOM_TSPDCW,Republic of Korea,10+,All areas,Female,3.19444
2009,SL_DOM_TSPDCW,Republic of Korea,10+,All areas,Male,0.90278
2014,SL_DOM_TSPDCW,Republic of Korea,10+,All areas,Female,2.84583
2014,SL_DOM_TSPDCW,Republic of Korea,65+,Rural,Male,0.625
2014,SL_DOM_TSPDCW,Republic of Korea,10+,Urban,Female,2.98333
2014,SL_DOM_TSPDCW,Republic of Korea,15+,Urban,Female,3.125
2014,SL_DOM_TSPDCW,Republic of Korea,15-24,Urban,Female,0.35
2014,SL_DOM_TSPDCW,Republic of Korea,25-44,Urban,Female,6.875
2014,SL_DOM_TSPDCW,Republic of Korea,45-54,Urban,Female,1.31667
2014,SL_DOM_TSPDCW,Republic of Korea,55-64,Urban,Female,1.875
2014,SL_DOM_TSPDCW,Republic of Korea,15+,Rural,Male,0.83333
2014,SL_DOM_TSPDCW,Republic of Korea,65+,All areas,Male,0.69583
2014,SL_DOM_TSPDCW,Republic of Korea,10+,Rural,Female,2.225
2014,SL_DOM_TSPDCW,Republic of Korea,15+,Rural,Female,2.29167
2014,SL_DOM_TSPDCW,Republic of Korea,15-24,Rural,Female,0.83333
2014,SL_DOM_TSPDCW,Republic of Korea,25-44,Rural,Female,7.08333
2014,SL_DOM_TSPDCW,Republic of Korea,45-54,All areas,Female,1.25
2014,SL_DOM_TSPDCW,Republic of Korea,55-64,All areas,Female,1.7375
2014,SL_DOM_TSPDCW,Republic of Korea,15+,All areas,Female,2.98333
2014,SL_DOM_TSPDCW,Republic of Korea,15-24,All areas,Female,0.41667
2014,SL_DOM_TSPDCW,Republic of Korea,25-44,All areas,Female,6.94583
2014,SL_DOM_TSPDCW,Republic of Korea,65+,Urban,Female,0.9
2014,SL_DOM_TSPDCW,Republic of Korea,45-54,All areas,Male,0.69583
2014,SL_DOM_TSPDCW,Republic of Korea,25-44,All areas,Male,1.59583
2014,SL_DOM_TSPDCW,Republic of Korea,15+,Urban,Male,0.97083
2014,SL_DOM_TSPDCW,Republic of Korea,15+,All areas,Male,0.97083
2014,SL_DOM_TSPDCW,Republic of Korea,55-64,Rural,Male,0.55417
2014,SL_DOM_TSPDCW,Republic of Korea,15-24,Rural,Male,0.07083
2014,SL_DOM_TSPDCW,Republic of Korea,25-44,Rural,Male,1.66667
2014,SL_DOM_TSPDCW,Republic of Korea,45-54,Rural,Male,0.83333
2014,SL_DOM_TSPDCW,Republic of Korea,10+,Rural,Male,0.83333
2014,SL_DOM_TSPDCW,Republic of Korea,45-54,Rural,Female,0.97083
2014,SL_DOM_TSPDCW,Republic of Korea,55-64,Rural,Female,1.04167
2014,SL_DOM_TSPDCW,Republic of Korea,65+,Rural,Female,0.41667
2014,SL_DOM_TSPDCW,Republic of Korea,55-64,All areas,Male,0.625
2014,SL_DOM_TSPDCW,Republic of Korea,65+,All areas,Female,0.7625
2014,SL_DOM_TSPDCW,Republic of Korea,15-24,All areas,Male,0.07083
2014,SL_DOM_TSPDCW,Republic of Korea,10+,All areas,Male,0.83333
2014,SL_DOM_TSPDCW,Republic of Korea,25-44,Urban,Male,1.59583
2014,SL_DOM_TSPDCW,Republic of Korea,45-54,Urban,Male,0.69583
2014,SL_DOM_TSPDCW,Republic of Korea,55-64,Urban,Male,0.625
2014,SL_DOM_TSPDCW,Republic of Korea,65+,Urban,Male,0.69583
2014,SL_DOM_TSPDCW,Republic of Korea,15-24,Urban,Male,0.07083
2014,SL_DOM_TSPDCW,Republic of Korea,10+,Urban,Male,0.83333
2019,SL_DOM_TSPDCW,Republic of Korea,10+,All areas,Female,2.29167
2019,SL_DOM_TSPDCW,Republic of Korea,15+,All areas,Female,2.36111
2019,SL_DOM_TSPDCW,Republic of Korea,15-24,All areas,Female,0.28503
2019,SL_DOM_TSPDCW,Republic of Korea,25-44,All areas,Female,5.66566
2019,SL_DOM_TSPDCW,Republic of Korea,45-54,All areas,Female,1.35646
2019,SL_DOM_TSPDCW,Republic of Korea,55-64,All areas,Female,1.07749
2019,SL_DOM_TSPDCW,Republic of Korea,65+,All areas,Female,0.67514
2019,SL_DOM_TSPDCW,Republic of Korea,10+,All areas,Male,0.76389
2019,SL_DOM_TSPDCW,Republic of Korea,45-54,Rural,Female,1.02496
2019,SL_DOM_TSPDCW,Republic of Korea,55-64,Rural,Female,0.60673
2019,SL_DOM_TSPDCW,Republic of Korea,10+,Urban,Male,0.76389
2019,SL_DOM_TSPDCW,Republic of Korea,15+,Rural,Male,0.83333
2019,SL_DOM_TSPDCW,Republic of Korea,10+,Rural,Male,0.76389
2019,SL_DOM_TSPDCW,Republic of Korea,65+,Rural,Female,0.43799
2019,SL_DOM_TSPDCW,Republic of Korea,25-44,Rural,Male,1.83775
2019,SL_DOM_TSPDCW,Republic of Korea,45-54,Rural,Male,0.82346
2019,SL_DOM_TSPDCW,Republic of Korea,15+,Urban,Male,0.76389
2019,SL_DOM_TSPDCW,Republic of Korea,15-24,Urban,Male,0.05343
2019,SL_DOM_TSPDCW,Republic of Korea,25-44,Urban,Male,1.51114
2019,SL_DOM_TSPDCW,Republic of Korea,45-54,Urban,Male,0.67563
2019,SL_DOM_TSPDCW,Republic of Korea,55-64,Urban,Male,0.29782
2019,SL_DOM_TSPDCW,Republic of Korea,65+,Urban,Male,0.4786
2019,SL_DOM_TSPDCW,Republic of Korea,15+,All areas,Male,0.83333
2019,SL_DOM_TSPDCW,Republic of Korea,15-24,All areas,Male,0.08012
2019,SL_DOM_TSPDCW,Republic of Korea,25-44,All areas,Male,1.56199
2019,SL_DOM_TSPDCW,Republic of Korea,45-54,All areas,Male,0.70208
2019,SL_DOM_TSPDCW,Republic of Korea,55-64,All areas,Male,0.30946
2019,SL_DOM_TSPDCW,Republic of Korea,65+,All areas,Male,0.43882
2019,SL_DOM_TSPDCW,Republic of Korea,10+,Rural,Female,2.01389
2019,SL_DOM_TSPDCW,Republic of Korea,15+,Rural,Female,2.08333
2019,SL_DOM_TSPDCW,Republic of Korea,15-24,Rural,Female,0.54144
2019,SL_DOM_TSPDCW,Republic of Korea,25-44,Rural,Female,6.69479
2019,SL_DOM_TSPDCW,Republic of Korea,55-64,Rural,Male,0.34932
2019,SL_DOM_TSPDCW,Republic of Korea,65+,Rural,Male,0.34615
2019,SL_DOM_TSPDCW,Republic of Korea,10+,Urban,Female,2.29167
2019,SL_DOM_TSPDCW,Republic of Korea,15+,Urban,Female,2.43056
2019,SL_DOM_TSPDCW,Republic of Korea,15-24,Urban,Female,0.24632
2019,SL_DOM_TSPDCW,Republic of Korea,25-44,Urban,Female,5.49634
2019,SL_DOM_TSPDCW,Republic of Korea,45-54,Urban,Female,1.41283
2019,SL_DOM_TSPDCW,Republic of Korea,55-64,Urban,Female,1.19635
2019,SL_DOM_TSPDCW,Republic of Korea,15-24,Rural,Male,0.23955
2019,SL_DOM_TSPDCW,Republic of Korea,65+,Urban,Female,0.76964
2000,SL_DOM_TSPDCW,Kyrgyzstan,20-74,All areas,Female,5.34722
2000,SL_DOM_TSPDCW,Kyrgyzstan,20-74,All areas,Male,1.59722
2005,SL_DOM_TSPDCW,Kyrgyzstan,20-74,All areas,Female,3.88889
2005,SL_DOM_TSPDCW,Kyrgyzstan,20-74,All areas,Male,1.04167
2010,SL_DOM_TSPDCW,Kyrgyzstan,12+,All areas,Female,1.38889
2010,SL_DOM_TSPDCW,Kyrgyzstan,12+,All areas,Male,0.625
2015,SL_DOM_TSPDCW,Kyrgyzstan,12+,All areas,Female,1.18056
2015,SL_DOM_TSPDCW,Kyrgyzstan,12+,All areas,Male,0.55556
2003,SL_DOM_TSPDCW,Latvia,20-74,All areas,Female,2.22222
2003,SL_DOM_TSPDCW,Latvia,20-74,All areas,Male,0.76389
2003,SL_DOM_TSPDCW,Lithuania,20-74,All areas,Female,1.73611
2003,SL_DOM_TSPDCW,Lithuania,45-64,All areas,Female,0.41667
2003,SL_DOM_TSPDCW,Lithuania,65+,All areas,Female,0.06667
2003,SL_DOM_TSPDCW,Lithuania,10+,All areas,Male,0.45
2003,SL_DOM_TSPDCW,Lithuania,15-24,All areas,Male,0.26667
2003,SL_DOM_TSPDCW,Lithuania,20-74,All areas,Male,0.48611
2003,SL_DOM_TSPDCW,Lithuania,25-44,All areas,Male,0.87917
2003,SL_DOM_TSPDCW,Lithuania,45-64,All areas,Male,0.12083
2003,SL_DOM_TSPDCW,Lithuania,65+,All areas,Male,0.04167
2003,SL_DOM_TSPDCW,Lithuania,25-44,All areas,Female,3.10417
2003,SL_DOM_TSPDCW,Lithuania,10+,All areas,Female,1.35417
2003,SL_DOM_TSPDCW,Lithuania,15-24,All areas,Female,1.89167
2014,SL_DOM_TSPDCW,Luxembourg,10+,All areas,Female,1.73611
2014,SL_DOM_TSPDCW,Luxembourg,10+,All areas,Male,0.76389
2002,SL_DOM_TSPDCW,Malta,10+,All areas,Female,1.66667
2002,SL_DOM_TSPDCW,Malta,10+,All areas,Male,0.76389
2002,SL_DOM_TSPDCW,Mexico,12+,All areas,Female,6.98173
2002,SL_DOM_TSPDCW,Mexico,12+,All areas,Male,1.97581
2009,SL_DOM_TSPDCW,Mexico,12+,All areas,Female,11.99564
2009,SL_DOM_TSPDCW,Mexico,15+,All areas,Female,12.57295
2009,SL_DOM_TSPDCW,Mexico,15-24,All areas,Female,10.97632
2009,SL_DOM_TSPDCW,Mexico,25-44,All areas,Female,18.08256
2009,SL_DOM_TSPDCW,Mexico,45-54,All areas,Female,9.01786
2009,SL_DOM_TSPDCW,Mexico,25-44,Urban,Female,17.7661
2009,SL_DOM_TSPDCW,Mexico,45-54,Urban,Female,9.33606
2009,SL_DOM_TSPDCW,Mexico,15-24,Urban,Female,10.69258
2009,SL_DOM_TSPDCW,Mexico,12+,All areas,Male,5.3306
2009,SL_DOM_TSPDCW,Mexico,65+,Rural,Female,5.23726
2009,SL_DOM_TSPDCW,Mexico,15-24,Rural,Male,3.51013
2009,SL_DOM_TSPDCW,Mexico,25-44,Rural,Male,7.11731
2009,SL_DOM_TSPDCW,Mexico,45-54,Rural,Male,4.40243
2009,SL_DOM_TSPDCW,Mexico,55-64,Rural,Male,3.84832
2009,SL_DOM_TSPDCW,Mexico,65+,Rural,Male,4.14299
2009,SL_DOM_TSPDCW,Mexico,15-24,All areas,Male,3.98638
2009,SL_DOM_TSPDCW,Mexico,25-44,All areas,Male,7.27477
2009,SL_DOM_TSPDCW,Mexico,45-54,All areas,Male,5.27681
2009,SL_DOM_TSPDCW,Mexico,55-64,All areas,Male,4.28058
2009,SL_DOM_TSPDCW,Mexico,65+,All areas,Male,4.16379
2009,SL_DOM_TSPDCW,Mexico,12+,Rural,Female,12.30611
2009,SL_DOM_TSPDCW,Mexico,15+,Rural,Female,13.14772
2009,SL_DOM_TSPDCW,Mexico,15-24,Rural,Female,12.02028
2009,SL_DOM_TSPDCW,Mexico,55-64,Urban,Female,6.82184
2009,SL_DOM_TSPDCW,Mexico,65+,Urban,Female,5.27483
2009,SL_DOM_TSPDCW,Mexico,12+,Urban,Male,5.45058
2009,SL_DOM_TSPDCW,Mexico,15+,Urban,Male,5.61717
2009,SL_DOM_TSPDCW,Mexico,15-24,Urban,Male,4.10944
2009,SL_DOM_TSPDCW,Mexico,25-44,Urban,Male,7.31411
2009,SL_DOM_TSPDCW,Mexico,45-54,Urban,Male,5.48765
2009,SL_DOM_TSPDCW,Mexico,65+,All areas,Female,5.26724
2009,SL_DOM_TSPDCW,Mexico,55-64,All areas,Female,6.62374
2009,SL_DOM_TSPDCW,Mexico,12+,Urban,Female,11.91607
2009,SL_DOM_TSPDCW,Mexico,15+,Urban,Female,12.42899
2009,SL_DOM_TSPDCW,Mexico,55-64,Urban,Male,4.3919
2009,SL_DOM_TSPDCW,Mexico,65+,Urban,Male,4.17152
2009,SL_DOM_TSPDCW,Mexico,45-54,Rural,Female,7.58616
2009,SL_DOM_TSPDCW,Mexico,15+,All areas,Male,5.51051
2009,SL_DOM_TSPDCW,Mexico,55-64,Rural,Female,5.77274
2009,SL_DOM_TSPDCW,Mexico,12+,Rural,Male,4.88242
2009,SL_DOM_TSPDCW,Mexico,15+,Rural,Male,5.10311
2009,SL_DOM_TSPDCW,Mexico,25-44,Rural,Female,19.33924
2014,SL_DOM_TSPDCW,Mexico,45-54,All areas,Female,6.57256
2014,SL_DOM_TSPDCW,Mexico,55-64,All areas,Female,7.26124
2014,SL_DOM_TSPDCW,Mexico,25-44,Rural,Female,8.89169
2014,SL_DOM_TSPDCW,Mexico,45-54,All areas,Male,3.53585
2014,SL_DOM_TSPDCW,Mexico,55-64,All areas,Male,3.68247
2014,SL_DOM_TSPDCW,Mexico,65+,All areas,Male,4.09256
2014,SL_DOM_TSPDCW,Mexico,12+,Rural,Female,7.49773
2014,SL_DOM_TSPDCW,Mexico,15+,Rural,Female,7.9673
2014,SL_DOM_TSPDCW,Mexico,55-64,Rural,Male,3.59633
2014,SL_DOM_TSPDCW,Mexico,15+,Rural,Male,3.49218
2014,SL_DOM_TSPDCW,Mexico,15+,Urban,Female,8.09831
2014,SL_DOM_TSPDCW,Mexico,15-24,Urban,Female,7.12417
2014,SL_DOM_TSPDCW,Mexico,65+,Rural,Male,3.40355
2014,SL_DOM_TSPDCW,Mexico,12+,Urban,Female,7.74154
2014,SL_DOM_TSPDCW,Mexico,25-44,Urban,Female,9.17316
2014,SL_DOM_TSPDCW,Mexico,45-54,Urban,Female,6.68411
2014,SL_DOM_TSPDCW,Mexico,25-44,All areas,Male,4.25589
2014,SL_DOM_TSPDCW,Mexico,12+,Urban,Male,3.56292
2014,SL_DOM_TSPDCW,Mexico,15+,Urban,Male,3.72299
2014,SL_DOM_TSPDCW,Mexico,55-64,Rural,Female,5.48181
2014,SL_DOM_TSPDCW,Mexico,45-54,Rural,Female,6.10626
2014,SL_DOM_TSPDCW,Mexico,15-24,Rural,Female,7.95691
2014,SL_DOM_TSPDCW,Mexico,15-24,Rural,Male,2.70548
2014,SL_DOM_TSPDCW,Mexico,25-44,Rural,Male,3.9666
2014,SL_DOM_TSPDCW,Mexico,45-54,Rural,Male,3.38899
2014,SL_DOM_TSPDCW,Mexico,55-64,Urban,Female,7.6755
2014,SL_DOM_TSPDCW,Mexico,65+,Urban,Female,6.48277
2014,SL_DOM_TSPDCW,Mexico,15-24,Urban,Male,2.6011
2014,SL_DOM_TSPDCW,Mexico,25-44,Urban,Male,4.33234
2014,SL_DOM_TSPDCW,Mexico,45-54,Urban,Male,3.57166
2014,SL_DOM_TSPDCW,Mexico,55-64,Urban,Male,3.70256
2014,SL_DOM_TSPDCW,Mexico,65+,Urban,Male,4.31884
2014,SL_DOM_TSPDCW,Mexico,65+,Rural,Female,6.57951
2014,SL_DOM_TSPDCW,Mexico,12+,Rural,Male,3.30604
2014,SL_DOM_TSPDCW,Mexico,12+,All areas,Female,7.68728
2014,SL_DOM_TSPDCW,Mexico,15+,All areas,Female,8.06983
2014,SL_DOM_TSPDCW,Mexico,65+,All areas,Female,6.5049
2014,SL_DOM_TSPDCW,Mexico,12+,All areas,Male,3.50766
2014,SL_DOM_TSPDCW,Mexico,15+,All areas,Male,3.67469
2014,SL_DOM_TSPDCW,Mexico,15-24,All areas,Male,2.62357
2014,SL_DOM_TSPDCW,Mexico,15-24,All areas,Female,7.32784
2014,SL_DOM_TSPDCW,Mexico,25-44,All areas,Female,9.11294
2019,SL_DOM_TSPDCW,Mexico,55-64,All areas,Female,7.27388
2019,SL_DOM_TSPDCW,Mexico,65+,All areas,Female,6.21511
2019,SL_DOM_TSPDCW,Mexico,12+,All areas,Male,3.74987
2019,SL_DOM_TSPDCW,Mexico,15+,All areas,Male,3.91203
2019,SL_DOM_TSPDCW,Mexico,15-24,All areas,Male,2.82498
2019,SL_DOM_TSPDCW,Mexico,25-44,All areas,Male,4.44625
2019,SL_DOM_TSPDCW,Mexico,45-54,All areas,Male,3.80564
2019,SL_DOM_TSPDCW,Mexico,55-64,All areas,Male,4.13215
2019,SL_DOM_TSPDCW,Mexico,12+,Rural,Male,3.77939
2019,SL_DOM_TSPDCW,Mexico,12+,Rural,Female,8.33994
2019,SL_DOM_TSPDCW,Mexico,15+,Rural,Female,8.769
2019,SL_DOM_TSPDCW,Mexico,15-24,Rural,Female,8.54785
2019,SL_DOM_TSPDCW,Mexico,25-44,Rural,Female,9.87232
2019,SL_DOM_TSPDCW,Mexico,45-54,Rural,Female,7.19772
2019,SL_DOM_TSPDCW,Mexico,55-64,Rural,Female,6.91664
2019,SL_DOM_TSPDCW,Mexico,65+,Rural,Female,6.25057
2019,SL_DOM_TSPDCW,Mexico,55-64,Urban,Male,4.29753
2019,SL_DOM_TSPDCW,Mexico,65+,Urban,Male,3.89085
2019,SL_DOM_TSPDCW,Mexico,25-44,Urban,Male,4.4621
2019,SL_DOM_TSPDCW,Mexico,12+,All areas,Female,8.00919
2019,SL_DOM_TSPDCW,Mexico,25-44,All areas,Female,9.50273
2019,SL_DOM_TSPDCW,Mexico,15-24,All areas,Female,7.92757
2019,SL_DOM_TSPDCW,Mexico,15+,All areas,Female,8.34389
2019,SL_DOM_TSPDCW,Mexico,45-54,Urban,Male,3.68569
2019,SL_DOM_TSPDCW,Mexico,15-24,Urban,Female,7.70978
2019,SL_DOM_TSPDCW,Mexico,15+,Urban,Female,8.21532
2019,SL_DOM_TSPDCW,Mexico,12+,Urban,Female,7.90695
2019,SL_DOM_TSPDCW,Mexico,15+,Rural,Male,3.96849
2019,SL_DOM_TSPDCW,Mexico,15-24,Rural,Male,2.84979
2019,SL_DOM_TSPDCW,Mexico,25-44,Rural,Male,4.39155
2019,SL_DOM_TSPDCW,Mexico,45-54,Rural,Male,4.28694
2019,SL_DOM_TSPDCW,Mexico,55-64,Rural,Male,3.43374
2019,SL_DOM_TSPDCW,Mexico,65+,Rural,Male,5.29493
2019,SL_DOM_TSPDCW,Mexico,45-54,All areas,Female,6.63093
2019,SL_DOM_TSPDCW,Mexico,65+,All areas,Male,4.21685
2019,SL_DOM_TSPDCW,Mexico,25-44,Urban,Female,9.38963
2019,SL_DOM_TSPDCW,Mexico,45-54,Urban,Female,6.48615
2019,SL_DOM_TSPDCW,Mexico,55-64,Urban,Female,7.36412
2019,SL_DOM_TSPDCW,Mexico,65+,Urban,Female,6.2044
2019,SL_DOM_TSPDCW,Mexico,12+,Urban,Male,3.74126
2019,SL_DOM_TSPDCW,Mexico,15+,Urban,Male,3.89601
2019,SL_DOM_TSPDCW,Mexico,15-24,Urban,Male,2.81733
2012,SL_DOM_TSPDCW,Moldova,10+,All areas,Male,0.62083
2012,SL_DOM_TSPDCW,Moldova,15+,All areas,Male,0.62099
2012,SL_DOM_TSPDCW,Moldova,15-24,All areas,Male,0.27174
2012,SL_DOM_TSPDCW,Moldova,25-44,All areas,Male,1.51651
2012,SL_DOM_TSPDCW,Moldova,45-54,All areas,Male,0.24302
2012,SL_DOM_TSPDCW,Moldova,55-64,All areas,Male,0.02757
2012,SL_DOM_TSPDCW,Moldova,65+,All areas,Male,0.10701
2012,SL_DOM_TSPDCW,Moldova,65+,Rural,Female,0.12117
2012,SL_DOM_TSPDCW,Moldova,10+,Rural,Male,0.58877
2012,SL_DOM_TSPDCW,Moldova,15+,Rural,Male,0.57512
2012,SL_DOM_TSPDCW,Moldova,15-24,Rural,Male,0.30829
2012,SL_DOM_TSPDCW,Moldova,25-44,Rural,Male,1.44232
2012,SL_DOM_TSPDCW,Moldova,45-54,Rural,Male,0.27969
2012,SL_DOM_TSPDCW,Moldova,55-64,Rural,Male,0.03448
2012,SL_DOM_TSPDCW,Moldova,65+,Rural,Male,0.08292
2012,SL_DOM_TSPDCW,Moldova,15+,Urban,Female,2.50168
2012,SL_DOM_TSPDCW,Moldova,15-24,Urban,Female,2.1461
2012,SL_DOM_TSPDCW,Moldova,25-44,Urban,Female,5.24144
2012,SL_DOM_TSPDCW,Moldova,45-54,Urban,Female,0.3188
2012,SL_DOM_TSPDCW,Moldova,55-64,Urban,Female,0.47083
2012,SL_DOM_TSPDCW,Moldova,65+,Urban,Female,0.12022
2012,SL_DOM_TSPDCW,Moldova,10+,Urban,Male,0.67408
2012,SL_DOM_TSPDCW,Moldova,15+,Urban,Male,0.69255
2012,SL_DOM_TSPDCW,Moldova,10+,Rural,Female,2.16811
2012,SL_DOM_TSPDCW,Moldova,65+,All areas,Female,0.12077
2012,SL_DOM_TSPDCW,Moldova,55-64,All areas,Female,0.34657
2012,SL_DOM_TSPDCW,Moldova,15-24,Rural,Female,3.60999
2012,SL_DOM_TSPDCW,Moldova,45-54,Rural,Female,0.25518
2012,SL_DOM_TSPDCW,Moldova,15+,Rural,Female,2.25662
2012,SL_DOM_TSPDCW,Moldova,55-64,Rural,Female,0.22347
2012,SL_DOM_TSPDCW,Moldova,45-54,All areas,Female,0.28534
2012,SL_DOM_TSPDCW,Moldova,25-44,Rural,Female,4.62689
2012,SL_DOM_TSPDCW,Moldova,25-44,All areas,Female,4.94911
2012,SL_DOM_TSPDCW,Moldova,15-24,All areas,Female,2.89086
2012,SL_DOM_TSPDCW,Moldova,10+,All areas,Female,2.30667
2012,SL_DOM_TSPDCW,Moldova,15+,All areas,Female,2.37663
2012,SL_DOM_TSPDCW,Moldova,10+,Urban,Female,2.46057
2012,SL_DOM_TSPDCW,Moldova,15-24,Urban,Male,0.217
2012,SL_DOM_TSPDCW,Moldova,25-44,Urban,Male,1.61026
2012,SL_DOM_TSPDCW,Moldova,45-54,Urban,Male,0.17102
2012,SL_DOM_TSPDCW,Moldova,65+,Urban,Male,0.1543
2012,SL_DOM_TSPDCW,Moldova,55-64,Urban,Male,0.01569
2001,SL_DOM_TSPDCW,Netherlands (Kingdom of the),12+,All areas,Female,2.36111
2001,SL_DOM_TSPDCW,Netherlands (Kingdom of the),12+,All areas,Male,1.18056
2003,SL_DOM_TSPDCW,Netherlands (Kingdom of the),12+,All areas,Female,2.15278
2003,SL_DOM_TSPDCW,Netherlands (Kingdom of the),12+,All areas,Male,1.25
2006,SL_DOM_TSPDCW,Netherlands (Kingdom of the),20-74,All areas,Male,1.25
2006,SL_DOM_TSPDCW,Netherlands (Kingdom of the),20-74,All areas,Female,2.56944
2012,SL_DOM_TSPDCW,Netherlands (Kingdom of the),20-74,All areas,Female,2.29167
2012,SL_DOM_TSPDCW,Netherlands (Kingdom of the),20-74,All areas,Male,1.18056
2010,SL_DOM_TSPDCW,New Zealand,12+,All areas,Male,1.31944
2010,SL_DOM_TSPDCW,New Zealand,12+,All areas,Female,3.33333
2001,SL_DOM_TSPDCW,Norway,16+,All areas,Female,2.91667
2001,SL_DOM_TSPDCW,Norway,16+,All areas,Male,1.66667
2011,SL_DOM_TSPDCW,Norway,45-54,All areas,Female,1.3875
2011,SL_DOM_TSPDCW,Norway,55-64,All areas,Female,1.59583
2011,SL_DOM_TSPDCW,Norway,65+,All areas,Female,1.04167
2011,SL_DOM_TSPDCW,Norway,15+,All areas,Male,2.08333
2011,SL_DOM_TSPDCW,Norway,15-24,All areas,Male,0.55417
2011,SL_DOM_TSPDCW,Norway,16+,All areas,Male,2.15278
2011,SL_DOM_TSPDCW,Norway,25-44,All areas,Male,3.75
2011,SL_DOM_TSPDCW,Norway,45-54,All areas,Male,1.45833
2011,SL_DOM_TSPDCW,Norway,15-24,Urban,Male,0.48333
2011,SL_DOM_TSPDCW,Norway,25-44,Urban,Male,3.75
2011,SL_DOM_TSPDCW,Norway,45-54,Urban,Male,1.3875
2011,SL_DOM_TSPDCW,Norway,55-64,Urban,Male,0.97083
2011,SL_DOM_TSPDCW,Norway,65+,Urban,Male,1.45833
2011,SL_DOM_TSPDCW,Norway,15-24,Rural,Male,0.625
2011,SL_DOM_TSPDCW,Norway,15+,Rural,Male,2.08333
2011,SL_DOM_TSPDCW,Norway,55-64,Rural,Female,2.6375
2011,SL_DOM_TSPDCW,Norway,15+,All areas,Female,2.775
2011,SL_DOM_TSPDCW,Norway,15-24,All areas,Female,0.97083
2011,SL_DOM_TSPDCW,Norway,16+,All areas,Female,2.91667
2011,SL_DOM_TSPDCW,Norway,25-44,All areas,Female,5.48333
2011,SL_DOM_TSPDCW,Norway,55-64,All areas,Male,1.04167
2011,SL_DOM_TSPDCW,Norway,65+,All areas,Male,1.66667
2011,SL_DOM_TSPDCW,Norway,15+,Rural,Female,3.05417
2011,SL_DOM_TSPDCW,Norway,15-24,Rural,Female,1.10833
2011,SL_DOM_TSPDCW,Norway,25-44,Rural,Female,5.83333
2011,SL_DOM_TSPDCW,Norway,45-54,Rural,Female,1.45833
2011,SL_DOM_TSPDCW,Norway,65+,Rural,Female,1.17917
2011,SL_DOM_TSPDCW,Norway,65+,Urban,Female,0.97083
2011,SL_DOM_TSPDCW,Norway,15+,Urban,Male,2.08333
2011,SL_DOM_TSPDCW,Norway,25-44,Rural,Male,3.67917
2011,SL_DOM_TSPDCW,Norway,45-54,Rural,Male,1.80417
2011,SL_DOM_TSPDCW,Norway,55-64,Rural,Male,1.25
2011,SL_DOM_TSPDCW,Norway,65+,Rural,Male,2.08333
2011,SL_DOM_TSPDCW,Norway,15+,Urban,Female,2.6375
2011,SL_DOM_TSPDCW,Norway,15-24,Urban,Female,0.9
2011,SL_DOM_TSPDCW,Norway,25-44,Urban,Female,5.41667
2011,SL_DOM_TSPDCW,Norway,45-54,Urban,Female,1.31667
2011,SL_DOM_TSPDCW,Norway,55-64,Urban,Female,1.25
2004,SL_DOM_TSPDCW,Poland,15-64,All areas,Female,2.70833
2004,SL_DOM_TSPDCW,Poland,20-74,All areas,Female,2.84722
2004,SL_DOM_TSPDCW,Poland,20-74,All areas,Male,1.11111
2004,SL_DOM_TSPDCW,Poland,15-64,All areas,Male,1.04167
2013,SL_DOM_TSPDCW,Poland,15+,Urban,Male,0.41667
2013,SL_DOM_TSPDCW,Poland,10+,Urban,Male,1.45833
2013,SL_DOM_TSPDCW,Poland,15-24,Urban,Male,3.33333
2013,SL_DOM_TSPDCW,Poland,45-54,Urban,Male,0.34583
2013,SL_DOM_TSPDCW,Poland,25-44,Urban,Male,0.625
2013,SL_DOM_TSPDCW,Poland,65+,Urban,Male,3.47083
2013,SL_DOM_TSPDCW,Poland,55-64,Urban,Male,0.27917
2013,SL_DOM_TSPDCW,Poland,65+,All areas,Male,0.34583
2013,SL_DOM_TSPDCW,Poland,15-24,All areas,Female,2.70833
2013,SL_DOM_TSPDCW,Poland,65+,Rural,Female,0.41667
2013,SL_DOM_TSPDCW,Poland,15-24,Rural,Male,0.34583
2013,SL_DOM_TSPDCW,Poland,65+,Urban,Female,0.34583
2013,SL_DOM_TSPDCW,Poland,55-64,Urban,Female,0.55417
2013,SL_DOM_TSPDCW,Poland,45-54,Urban,Female,0.97083
2013,SL_DOM_TSPDCW,Poland,65+,Rural,Male,0.27917
2013,SL_DOM_TSPDCW,Poland,25-44,Urban,Female,7.5
2013,SL_DOM_TSPDCW,Poland,45-54,Rural,Male,0.55417
2013,SL_DOM_TSPDCW,Poland,25-44,Rural,Male,2.77917
2013,SL_DOM_TSPDCW,Poland,15+,Rural,Male,1.3875
2013,SL_DOM_TSPDCW,Poland,10+,Rural,Male,1.25
2013,SL_DOM_TSPDCW,Poland,45-54,All areas,Female,1.1125
2013,SL_DOM_TSPDCW,Poland,25-44,All areas,Female,7.5
2013,SL_DOM_TSPDCW,Poland,10+,All areas,Female,3.125
2013,SL_DOM_TSPDCW,Poland,15+,All areas,Female,3.2625
2013,SL_DOM_TSPDCW,Poland,55-64,All areas,Male,0.34583
2013,SL_DOM_TSPDCW,Poland,10+,Rural,Female,3.33333
2013,SL_DOM_TSPDCW,Poland,15+,Rural,Female,3.47083
2013,SL_DOM_TSPDCW,Poland,45-54,Rural,Female,1.32083
2013,SL_DOM_TSPDCW,Poland,15-24,Rural,Female,2.5
2013,SL_DOM_TSPDCW,Poland,65+,All areas,Female,0.34583
2013,SL_DOM_TSPDCW,Poland,55-64,All areas,Female,0.7625
2013,SL_DOM_TSPDCW,Poland,55-64,Rural,Female,1.17917
2013,SL_DOM_TSPDCW,Poland,25-44,Rural,Female,7.5
2013,SL_DOM_TSPDCW,Poland,15-24,Urban,Female,2.77917
2013,SL_DOM_TSPDCW,Poland,15+,Urban,Female,3.19583
2013,SL_DOM_TSPDCW,Poland,10+,Urban,Female,3.05417
2013,SL_DOM_TSPDCW,Poland,25-44,All areas,Male,3.125
2013,SL_DOM_TSPDCW,Poland,15-24,All areas,Male,0.34583
2013,SL_DOM_TSPDCW,Poland,15+,All areas,Male,1.45833
2013,SL_DOM_TSPDCW,Poland,45-54,All areas,Male,0.625
2013,SL_DOM_TSPDCW,Poland,10+,All areas,Male,1.3875
2013,SL_DOM_TSPDCW,Poland,55-64,Rural,Male,0.4875
2015,SL_DOM_TSPDCW,Portugal,55-64,All areas,Female,4.44231
2015,SL_DOM_TSPDCW,Portugal,45-54,All areas,Female,4.98052
2015,SL_DOM_TSPDCW,Portugal,25-44,All areas,Female,9.83822
2015,SL_DOM_TSPDCW,Portugal,15-24,All areas,Female,3.35789
2015,SL_DOM_TSPDCW,Portugal,15+,All areas,Female,5.2916
2015,SL_DOM_TSPDCW,Portugal,65+,All areas,Female,2.32244
2015,SL_DOM_TSPDCW,Portugal,15+,All areas,Male,2.94353
2015,SL_DOM_TSPDCW,Portugal,25-44,All areas,Male,5.37247
2015,SL_DOM_TSPDCW,Portugal,15-24,All areas,Male,1.64572
2015,SL_DOM_TSPDCW,Portugal,65+,All areas,Male,1.88676
2015,SL_DOM_TSPDCW,Portugal,45-54,All areas,Male,2.79154
2015,SL_DOM_TSPDCW,Portugal,55-64,All areas,Male,1.93128
2000,SL_DOM_TSPDCW,Romania,65+,Rural,Female,0.0
2000,SL_DOM_TSPDCW,Romania,65+,Urban,Male,0.0
2000,SL_DOM_TSPDCW,Romania,10+,Urban,Female,1.25
2000,SL_DOM_TSPDCW,Romania,65+,Rural,Male,0.0
2000,SL_DOM_TSPDCW,Romania,15-24,Rural,Female,2.91667
2000,SL_DOM_TSPDCW,Romania,45-64,Rural,Female,0.41667
2000,SL_DOM_TSPDCW,Romania,10+,Rural,Female,1.66667
2000,SL_DOM_TSPDCW,Romania,65+,All areas,Male,0.0
2000,SL_DOM_TSPDCW,Romania,25-44,Rural,Male,0.83333
2000,SL_DOM_TSPDCW,Romania,10+,Rural,Male,0.41667
2000,SL_DOM_TSPDCW,Romania,45-64,Rural,Male,0.0
2000,SL_DOM_TSPDCW,Romania,10+,All areas,Male,0.41667
2000,SL_DOM_TSPDCW,Romania,15-24,All areas,Female,2.08333
2000,SL_DOM_TSPDCW,Romania,25-44,All areas,Female,2.91667
2000,SL_DOM_TSPDCW,Romania,45-64,All areas,Female,0.41667
2000,SL_DOM_TSPDCW,Romania,10+,All areas,Female,1.25
2000,SL_DOM_TSPDCW,Romania,65+,All areas,Female,0.41667
2000,SL_DOM_TSPDCW,Romania,15-24,All areas,Male,0.0
2000,SL_DOM_TSPDCW,Romania,45-64,All areas,Male,0.0
2000,SL_DOM_TSPDCW,Romania,25-44,All areas,Male,0.83333
2000,SL_DOM_TSPDCW,Romania,25-44,Rural,Female,3.33333
2000,SL_DOM_TSPDCW,Romania,15-24,Rural,Male,0.0
2000,SL_DOM_TSPDCW,Romania,25-44,Urban,Female,2.5
2000,SL_DOM_TSPDCW,Romania,65+,Urban,Female,0.41667
2000,SL_DOM_TSPDCW,Romania,45-64,Urban,Female,0.41667
2000,SL_DOM_TSPDCW,Romania,45-64,Urban,Male,0.0
2000,SL_DOM_TSPDCW,Romania,25-44,Urban,Male,0.83333
2000,SL_DOM_TSPDCW,Romania,15-24,Urban,Male,0.41667
2000,SL_DOM_TSPDCW,Romania,10+,Urban,Male,0.41667
2000,SL_DOM_TSPDCW,Romania,15-24,Urban,Female,1.25
2012,SL_DOM_TSPDCW,Romania,15-24,All areas,Male,0.27778
2012,SL_DOM_TSPDCW,Romania,45-54,All areas,Male,0.27778
2012,SL_DOM_TSPDCW,Romania,55-64,All areas,Male,0.27778
2012,SL_DOM_TSPDCW,Romania,10+,Rural,Female,1.52778
2012,SL_DOM_TSPDCW,Romania,25-44,All areas,Male,1.31944
2012,SL_DOM_TSPDCW,Romania,15-24,Rural,Male,0.20833
2012,SL_DOM_TSPDCW,Romania,65+,Rural,Female,0.34722
2012,SL_DOM_TSPDCW,Romania,10+,Rural,Male,0.55556
2012,SL_DOM_TSPDCW,Romania,25-44,Rural,Male,0.83333
2012,SL_DOM_TSPDCW,Romania,45-54,Rural,Male,0.20833
2012,SL_DOM_TSPDCW,Romania,10+,Urban,Male,0.83333
2012,SL_DOM_TSPDCW,Romania,45-54,Urban,Male,0.34722
2012,SL_DOM_TSPDCW,Romania,55-64,Urban,Female,0.69444
2012,SL_DOM_TSPDCW,Romania,55-64,Rural,Male,0.13889
2012,SL_DOM_TSPDCW,Romania,25-44,Urban,Female,3.26389
2012,SL_DOM_TSPDCW,Romania,15-24,Urban,Female,0.90278
2012,SL_DOM_TSPDCW,Romania,65+,Rural,Male,0.20833
2012,SL_DOM_TSPDCW,Romania,10+,Urban,Female,1.59722
2012,SL_DOM_TSPDCW,Romania,65+,All areas,Male,0.20833
2012,SL_DOM_TSPDCW,Romania,10+,All areas,Male,0.69444
2012,SL_DOM_TSPDCW,Romania,15-24,Rural,Female,2.56944
2012,SL_DOM_TSPDCW,Romania,10+,All areas,Female,1.59722
2012,SL_DOM_TSPDCW,Romania,45-54,All areas,Female,0.55556
2012,SL_DOM_TSPDCW,Romania,65+,All areas,Female,0.41667
2012,SL_DOM_TSPDCW,Romania,55-64,All areas,Female,0.69444
2012,SL_DOM_TSPDCW,Romania,25-44,All areas,Female,3.125
2012,SL_DOM_TSPDCW,Romania,15-24,All areas,Female,1.66667
2012,SL_DOM_TSPDCW,Romania,25-44,Urban,Male,1.59722
2012,SL_DOM_TSPDCW,Romania,15-24,Urban,Male,0.20833
2012,SL_DOM_TSPDCW,Romania,25-44,Rural,Female,2.98611
2012,SL_DOM_TSPDCW,Romania,65+,Urban,Male,0.27778
2012,SL_DOM_TSPDCW,Romania,55-64,Urban,Male,0.41667
2012,SL_DOM_TSPDCW,Romania,55-64,Rural,Female,0.69444
2012,SL_DOM_TSPDCW,Romania,45-54,Rural,Female,0.55556
2012,SL_DOM_TSPDCW,Romania,65+,Urban,Female,0.55556
2012,SL_DOM_TSPDCW,Romania,45-54,Urban,Female,0.48611
2011,SL_DOM_TSPDCW,Serbia,15-24,All areas,Male,0.13472
2011,SL_DOM_TSPDCW,Serbia,55-64,All areas,Male,0.22339
2011,SL_DOM_TSPDCW,Serbia,15+,Urban,Male,0.95643
2011,SL_DOM_TSPDCW,Serbia,65+,Urban,Male,0.41749
2011,SL_DOM_TSPDCW,Serbia,55-64,Urban,Male,0.30381
2011,SL_DOM_TSPDCW,Serbia,45-54,Urban,Male,0.746
2011,SL_DOM_TSPDCW,Serbia,45-54,Rural,Female,0.36929
2011,SL_DOM_TSPDCW,Serbia,55-64,Urban,Female,0.63318
2011,SL_DOM_TSPDCW,Serbia,45-54,Urban,Female,0.76078
2011,SL_DOM_TSPDCW,Serbia,15-24,Urban,Female,0.857
2011,SL_DOM_TSPDCW,Serbia,55-64,Rural,Male,0.13545
2011,SL_DOM_TSPDCW,Serbia,25-44,Urban,Female,5.58519
2011,SL_DOM_TSPDCW,Serbia,25-44,Rural,Female,5.39803
2011,SL_DOM_TSPDCW,Serbia,15+,All areas,Male,0.84671
2011,SL_DOM_TSPDCW,Serbia,15-24,Rural,Female,2.08133
2011,SL_DOM_TSPDCW,Serbia,15+,All areas,Female,1.94141
2011,SL_DOM_TSPDCW,Serbia,15+,Rural,Female,1.71148
2011,SL_DOM_TSPDCW,Serbia,65+,All areas,Male,0.26039
2011,SL_DOM_TSPDCW,Serbia,45-54,All areas,Male,0.66989
2011,SL_DOM_TSPDCW,Serbia,25-44,All areas,Male,2.13769
2011,SL_DOM_TSPDCW,Serbia,25-44,Urban,Male,2.15839
2011,SL_DOM_TSPDCW,Serbia,15-24,Urban,Male,0.14058
2011,SL_DOM_TSPDCW,Serbia,65+,Rural,Female,0.13383
2011,SL_DOM_TSPDCW,Serbia,15-24,Rural,Male,0.12461
2011,SL_DOM_TSPDCW,Serbia,15+,Rural,Male,0.71117
2011,SL_DOM_TSPDCW,Serbia,45-54,Rural,Male,0.56879
2011,SL_DOM_TSPDCW,Serbia,25-44,Rural,Male,2.10687
2011,SL_DOM_TSPDCW,Serbia,55-64,Rural,Female,0.35674
2011,SL_DOM_TSPDCW,Serbia,15+,Urban,Female,2.09225
2011,SL_DOM_TSPDCW,Serbia,65+,Rural,Male,0.12634
2011,SL_DOM_TSPDCW,Serbia,65+,Urban,Female,0.40801
2011,SL_DOM_TSPDCW,Serbia,65+,All areas,Female,0.27302
2011,SL_DOM_TSPDCW,Serbia,55-64,All areas,Female,0.52779
2011,SL_DOM_TSPDCW,Serbia,25-44,All areas,Female,5.51942
2011,SL_DOM_TSPDCW,Serbia,15-24,All areas,Female,1.31731
2011,SL_DOM_TSPDCW,Serbia,45-54,All areas,Female,0.6117
2015,SL_DOM_TSPDCW,Serbia,15+,All areas,Female,4.00604
2015,SL_DOM_TSPDCW,Serbia,25-44,All areas,Female,7.90758
2015,SL_DOM_TSPDCW,Serbia,45-54,Rural,Male,1.55354
2015,SL_DOM_TSPDCW,Serbia,25-44,Rural,Male,2.29039
2015,SL_DOM_TSPDCW,Serbia,65+,Rural,Male,0.84188
2015,SL_DOM_TSPDCW,Serbia,65+,Urban,Female,1.67666
2015,SL_DOM_TSPDCW,Serbia,55-64,Urban,Female,2.83665
2015,SL_DOM_TSPDCW,Serbia,15-24,Rural,Male,0.17275
2015,SL_DOM_TSPDCW,Serbia,45-54,Urban,Female,1.88118
2015,SL_DOM_TSPDCW,Serbia,45-54,All areas,Male,1.13588
2015,SL_DOM_TSPDCW,Serbia,25-44,All areas,Male,3.18515
2015,SL_DOM_TSPDCW,Serbia,15+,All areas,Male,1.67534
2015,SL_DOM_TSPDCW,Serbia,55-64,Rural,Female,3.33837
2015,SL_DOM_TSPDCW,Serbia,45-54,Rural,Female,2.17133
2015,SL_DOM_TSPDCW,Serbia,15+,Rural,Female,4.25394
2015,SL_DOM_TSPDCW,Serbia,15-24,All areas,Female,2.36554
2015,SL_DOM_TSPDCW,Serbia,55-64,Urban,Male,0.60953
2015,SL_DOM_TSPDCW,Serbia,65+,Urban,Male,1.64391
2015,SL_DOM_TSPDCW,Serbia,45-54,All areas,Female,1.98791
2015,SL_DOM_TSPDCW,Serbia,25-44,Urban,Female,7.47828
2015,SL_DOM_TSPDCW,Serbia,15-24,Urban,Female,2.64689
2015,SL_DOM_TSPDCW,Serbia,15+,Urban,Female,3.8487
2015,SL_DOM_TSPDCW,Serbia,55-64,Rural,Male,1.31059
2015,SL_DOM_TSPDCW,Serbia,45-54,Urban,Male,0.84431
2015,SL_DOM_TSPDCW,Serbia,25-44,Urban,Male,3.76136
2015,SL_DOM_TSPDCW,Serbia,15-24,Urban,Male,0.10552
2015,SL_DOM_TSPDCW,Serbia,15+,Urban,Male,1.87345
2015,SL_DOM_TSPDCW,Serbia,55-64,All areas,Female,3.05044
2015,SL_DOM_TSPDCW,Serbia,15-24,All areas,Male,0.13541
2015,SL_DOM_TSPDCW,Serbia,65+,All areas,Female,1.95158
2015,SL_DOM_TSPDCW,Serbia,55-64,All areas,Male,0.92665
2015,SL_DOM_TSPDCW,Serbia,25-44,Rural,Female,8.64247
2015,SL_DOM_TSPDCW,Serbia,15-24,Rural,Female,1.7385
2015,SL_DOM_TSPDCW,Serbia,15+,Rural,Male,1.39981
2015,SL_DOM_TSPDCW,Serbia,65+,All areas,Male,1.30729
2015,SL_DOM_TSPDCW,Serbia,65+,Rural,Female,2.30478
2001,SL_DOM_TSPDCW,Slovenia,20-74,All areas,Female,2.29167
2001,SL_DOM_TSPDCW,Slovenia,20-74,All areas,Male,0.97222
2003,SL_DOM_TSPDCW,Spain,20-74,All areas,Male,1.18056
2003,SL_DOM_TSPDCW,Spain,20-74,All areas,Female,3.40278
2010,SL_DOM_TSPDCW,Spain,20-74,All areas,Female,2.98611
2010,SL_DOM_TSPDCW,Spain,20-74,All areas,Male,1.66667
2001,SL_DOM_TSPDCW,Sweden,20+,All areas,Female,2.51392
2001,SL_DOM_TSPDCW,Sweden,20-24,All areas,Female,1.18561
2001,SL_DOM_TSPDCW,Sweden,65+,All areas,Male,0.81928
2001,SL_DOM_TSPDCW,Sweden,55-64,All areas,Male,1.02812
2001,SL_DOM_TSPDCW,Sweden,65+,All areas,Female,0.89404
2001,SL_DOM_TSPDCW,Sweden,55-64,All areas,Female,1.07736
2001,SL_DOM_TSPDCW,Sweden,45-54,All areas,Female,1.62922
2001,SL_DOM_TSPDCW,Sweden,25-44,All areas,Male,2.44125
2001,SL_DOM_TSPDCW,Sweden,20-64,All areas,Male,1.80556
2001,SL_DOM_TSPDCW,Sweden,20-24,All areas,Male,0.29376
2001,SL_DOM_TSPDCW,Sweden,45-54,All areas,Male,1.5222
2001,SL_DOM_TSPDCW,Sweden,25-44,All areas,Female,4.71479
2001,SL_DOM_TSPDCW,Sweden,20-64,All areas,Female,2.91667
2001,SL_DOM_TSPDCW,Sweden,20+,All areas,Male,1.61317
2011,SL_DOM_TSPDCW,Sweden,55-64,All areas,Male,1.13108
2011,SL_DOM_TSPDCW,Sweden,25-44,All areas,Male,2.95639
2011,SL_DOM_TSPDCW,Sweden,15+,All areas,Male,1.69542
2011,SL_DOM_TSPDCW,Sweden,20-64,All areas,Male,2.01389
2011,SL_DOM_TSPDCW,Sweden,65+,All areas,Male,1.26414
2011,SL_DOM_TSPDCW,Sweden,55-64,All areas,Female,1.19463
2011,SL_DOM_TSPDCW,Sweden,25-44,All areas,Female,4.98697
2011,SL_DOM_TSPDCW,Sweden,45-54,All areas,Female,1.53905
2011,SL_DOM_TSPDCW,Sweden,20-64,All areas,Female,2.84722
2011,SL_DOM_TSPDCW,Sweden,15+,All areas,Female,2.40473
2011,SL_DOM_TSPDCW,Sweden,65+,All areas,Female,1.33698
2011,SL_DOM_TSPDCW,Sweden,45-54,All areas,Male,1.56541
2000,SL_DOM_TSPDCW,Switzerland,15-24,All areas,Female,1.83333
2000,SL_DOM_TSPDCW,Switzerland,45-54,All areas,Female,1.19167
2000,SL_DOM_TSPDCW,Switzerland,45-54,All areas,Male,1.70417
2000,SL_DOM_TSPDCW,Switzerland,55-64,All areas,Male,0.27083
2000,SL_DOM_TSPDCW,Switzerland,65+,All areas,Male,0.3125
2000,SL_DOM_TSPDCW,Switzerland,25-44,All areas,Male,3.6
2000,SL_DOM_TSPDCW,Switzerland,55-64,All areas,Female,0.125
2000,SL_DOM_TSPDCW,Switzerland,15-24,All areas,Male,1.11667
2000,SL_DOM_TSPDCW,Switzerland,15+,All areas,Female,2.8125
2000,SL_DOM_TSPDCW,Switzerland,25-44,All areas,Female,6.4125
2000,SL_DOM_TSPDCW,Switzerland,15+,All areas,Male,1.96667
2000,SL_DOM_TSPDCW,Switzerland,65+,All areas,Female,0.2
2004,SL_DOM_TSPDCW,Switzerland,15+,All areas,Female,2.93333
2004,SL_DOM_TSPDCW,Switzerland,15-24,All areas,Female,1.49167
2004,SL_DOM_TSPDCW,Switzerland,15+,All areas,Male,1.87083
2004,SL_DOM_TSPDCW,Switzerland,45-54,All areas,Female,1.7
2004,SL_DOM_TSPDCW,Switzerland,65+,All areas,Female,0.2125
2004,SL_DOM_TSPDCW,Switzerland,55-64,All areas,Female,0.35833
2004,SL_DOM_TSPDCW,Switzerland,65+,All areas,Male,0.15
2004,SL_DOM_TSPDCW,Switzerland,45-54,All areas,Male,2.00833
2004,SL_DOM_TSPDCW,Switzerland,55-64,All areas,Male,0.30417
2004,SL_DOM_TSPDCW,Switzerland,25-44,All areas,Male,3.52917
2004,SL_DOM_TSPDCW,Switzerland,15-24,All areas,Male,0.875
2004,SL_DOM_TSPDCW,Switzerland,25-44,All areas,Female,6.7125
2007,SL_DOM_TSPDCW,Switzerland,45-54,All areas,Female,1.8375
2007,SL_DOM_TSPDCW,Switzerland,25-44,All areas,Female,6.975
2007,SL_DOM_TSPDCW,Switzerland,55-64,All areas,Female,0.27083
2007,SL_DOM_TSPDCW,Switzerland,15+,All areas,Female,2.99583
2007,SL_DOM_TSPDCW,Switzerland,15-24,All areas,Female,1.60417
2007,SL_DOM_TSPDCW,Switzerland,25-44,All areas,Male,3.77083
2007,SL_DOM_TSPDCW,Switzerland,15-24,All areas,Male,1.025
2007,SL_DOM_TSPDCW,Switzerland,65+,All areas,Female,0.2625
2007,SL_DOM_TSPDCW,Switzerland,15+,All areas,Male,2.03333
2007,SL_DOM_TSPDCW,Switzerland,65+,All areas,Male,0.25417
2007,SL_DOM_TSPDCW,Switzerland,55-64,All areas,Male,0.42083
2007,SL_DOM_TSPDCW,Switzerland,45-54,All areas,Male,2.375
2010,SL_DOM_TSPDCW,Switzerland,15+,All areas,Female,2.83333
2010,SL_DOM_TSPDCW,Switzerland,15-24,All areas,Female,1.7125
2010,SL_DOM_TSPDCW,Switzerland,15-24,Urban,Male,1.04167
2010,SL_DOM_TSPDCW,Switzerland,45-54,Urban,Male,2.1375
2010,SL_DOM_TSPDCW,Switzerland,55-64,Rural,Male,0.2
2010,SL_DOM_TSPDCW,Switzerland,25-44,Rural,Male,3.93333
2010,SL_DOM_TSPDCW,Switzerland,15+,Urban,Female,2.38333
2010,SL_DOM_TSPDCW,Switzerland,65+,Rural,Male,0.05833
2010,SL_DOM_TSPDCW,Switzerland,25-44,Urban,Female,5.42083
2010,SL_DOM_TSPDCW,Switzerland,15-24,Rural,Male,1.01667
2010,SL_DOM_TSPDCW,Switzerland,15-24,Urban,Female,1.325
2010,SL_DOM_TSPDCW,Switzerland,65+,Urban,Female,0.1375
2010,SL_DOM_TSPDCW,Switzerland,55-64,Rural,Female,0.24583
2010,SL_DOM_TSPDCW,Switzerland,55-64,Urban,Male,0.26667
2010,SL_DOM_TSPDCW,Switzerland,45-54,Rural,Female,2.3125
2010,SL_DOM_TSPDCW,Switzerland,25-44,Rural,Female,7.00833
2010,SL_DOM_TSPDCW,Switzerland,65+,Urban,Male,0.0625
2010,SL_DOM_TSPDCW,Switzerland,15-24,Rural,Female,1.65
2010,SL_DOM_TSPDCW,Switzerland,25-44,Urban,Male,2.87917
2010,SL_DOM_TSPDCW,Switzerland,15+,Rural,Male,1.8375
2010,SL_DOM_TSPDCW,Switzerland,45-54,Rural,Male,1.67083
2022,SL_DOM_TSPDCW,United Kingdom of Great Britain and Northern Ireland,15-24,All areas,Male,0.29534
2022,SL_DOM_TSPDCW,United Kingdom of Great Britain and Northern Ireland,15+,All areas,Male,1.94424
2022,SL_DOM_TSPDCW,United Kingdom of Great Britain and Northern Ireland,55-64,All areas,Female,1.50156
2022,SL_DOM_TSPDCW,United Kingdom of Great Britain and Northern Ireland,15+,All areas,Female,2.95658
2010,SL_DOM_TSPDCW,Switzerland,55-64,All areas,Male,0.37083
2010,SL_DOM_TSPDCW,Switzerland,25-44,All areas,Male,3.52083
2010,SL_DOM_TSPDCW,Switzerland,15+,Rural,Female,3.06667
2010,SL_DOM_TSPDCW,Switzerland,65+,All areas,Male,0.0875
2010,SL_DOM_TSPDCW,Switzerland,45-54,Urban,Female,2.02083
2010,SL_DOM_TSPDCW,Switzerland,15+,Urban,Male,1.69583
2010,SL_DOM_TSPDCW,Switzerland,15+,Urban,Male,1.69583
