Year,SeriesCode,Country,Sex,Value
2010,SG_GEN_PARL,Finland,Female,40.0
2011,SG_GEN_PARL,Finland,Female,40.0
2012,SG_GEN_PARL,Finland,Female,42.5
2013,SG_GEN_PARL,Finland,Female,42.5
2014,SG_GEN_PARL,Finland,Female,42.5
2015,SG_GEN_PARL,Finland,Female,42.5
2016,SG_GEN_PARL,Finland,Female,41.5
2017,SG_GEN_PARL,Finland,Female,42.0
2018,SG_GEN_PARL,Finland,Female,42.0
2000,SG_GEN_PARL,Albania,Female,5.16
2001,SG_GEN_PARL,Albania,Female,5.16
2002,SG_GEN_PARL,Albania,Female,5.71
2003,SG_GEN_PARL,Albania,Female,5.71
2004,SG_GEN_PARL,Albania,Female,5.71
2005,SG_GEN_PARL,Albania,Female,6.43
2006,SG_GEN_PARL,Albania,Female,7.14
2007,SG_GEN_PARL,Albania,Female,7.14
2008,SG_GEN_PARL,Albania,Female,7.14
2019,SG_GEN_PARL,Finland,Female,41.5
2020,SG_GEN_PARL,Finland,Female,46.0
2021,SG_GEN_PARL,Finland,Female,46.0
2022,SG_GEN_PARL,Finland,Female,45.5
2023,SG_GEN_PARL,Finland,Female,45.5
2000,SG_GEN_PARL,France,Female,10.92
2001,SG_GEN_PARL,France,Female,10.92
2002,SG_GEN_PARL,France,Female,10.92
2003,SG_GEN_PARL,France,Female,12.2
2009,SG_GEN_PARL,Albania,Female,7.14
2010,SG_GEN_PARL,Albania,Female,16.43
2011,SG_GEN_PARL,Albania,Female,16.43
2012,SG_GEN_PARL,Albania,Female,15.71
2013,SG_GEN_PARL,Albania,Female,15.71
2014,SG_GEN_PARL,Albania,Female,20.0
2015,SG_GEN_PARL,Albania,Female,20.71
2016,SG_GEN_PARL,Albania,Female,20.71
2017,SG_GEN_PARL,Albania,Female,22.86
2004,SG_GEN_PARL,France,Female,12.2
2005,SG_GEN_PARL,France,Female,12.2
2006,SG_GEN_PARL,France,Female,12.2
2007,SG_GEN_PARL,France,Female,12.2
2008,SG_GEN_PARL,France,Female,18.2
2009,SG_GEN_PARL,France,Female,18.2
2010,SG_GEN_PARL,France,Female,18.89
2011,SG_GEN_PARL,France,Female,18.89
2012,SG_GEN_PARL,France,Female,18.89
2013,SG_GEN_PARL,France,Female,26.86
2014,SG_GEN_PARL,France,Female,26.17
2015,SG_GEN_PARL,France,Female,26.17
2016,SG_GEN_PARL,France,Female,26.17
2017,SG_GEN_PARL,France,Female,25.82
2018,SG_GEN_PARL,France,Female,38.99
2019,SG_GEN_PARL,France,Female,39.69
2020,SG_GEN_PARL,France,Female,39.51
2021,SG_GEN_PARL,France,Female,39.51
2018,SG_GEN_PARL,Albania,Female,27.86
2019,SG_GEN_PARL,Albania,Female,29.29
2020,SG_GEN_PARL,Albania,Female,29.51
2021,SG_GEN_PARL,Albania,Female,29.51
2022,SG_GEN_PARL,Albania,Female,35.71
2023,SG_GEN_PARL,Albania,Female,35.71
2000,SG_GEN_PARL,Azerbaijan,Female,10.4
2001,SG_GEN_PARL,Azerbaijan,Female,10.4
2002,SG_GEN_PARL,Azerbaijan,Female,10.48
2016,SG_GEN_PARL,Romania,Female,13.72
2017,SG_GEN_PARL,Romania,Female,20.67
2018,SG_GEN_PARL,Romania,Female,20.67
2019,SG_GEN_PARL,Romania,Female,20.67
2020,SG_GEN_PARL,Romania,Female,21.88
2021,SG_GEN_PARL,Romania,Female,18.54
2022,SG_GEN_PARL,Romania,Female,19.09
2023,SG_GEN_PARL,Romania,Female,19.09
2007,SG_GEN_PARL,Serbia,Female,20.4
2022,SG_GEN_PARL,France,Female,39.51
2023,SG_GEN_PARL,France,Female,37.78
2000,SG_GEN_PARL,Georgia,Female,7.23
2001,SG_GEN_PARL,Georgia,Female,7.23
2002,SG_GEN_PARL,Georgia,Female,7.23
2003,SG_GEN_PARL,Georgia,Female,7.23
2004,SG_GEN_PARL,Georgia,Female,7.23
2005,SG_GEN_PARL,Georgia,Female,9.36
2006,SG_GEN_PARL,Georgia,Female,9.36
2003,SG_GEN_PARL,Azerbaijan,Female,10.48
2004,SG_GEN_PARL,Azerbaijan,Female,10.48
2005,SG_GEN_PARL,Azerbaijan,Female,10.48
2006,SG_GEN_PARL,Azerbaijan,Female,12.0
2007,SG_GEN_PARL,Azerbaijan,Female,11.29
2008,SG_GEN_PARL,Azerbaijan,Female,11.38
2009,SG_GEN_PARL,Azerbaijan,Female,11.38
2010,SG_GEN_PARL,Azerbaijan,Female,11.38
2011,SG_GEN_PARL,Azerbaijan,Female,16.0
2007,SG_GEN_PARL,Georgia,Female,9.36
2008,SG_GEN_PARL,Georgia,Female,9.36
2009,SG_GEN_PARL,Georgia,Female,6.0
2010,SG_GEN_PARL,Georgia,Female,5.11
2011,SG_GEN_PARL,Georgia,Female,6.52
2012,SG_GEN_PARL,Georgia,Female,6.57
2013,SG_GEN_PARL,Georgia,Female,12.0
2014,SG_GEN_PARL,Georgia,Female,12.0
2015,SG_GEN_PARL,Georgia,Female,11.33
2012,SG_GEN_PARL,Azerbaijan,Female,16.0
2013,SG_GEN_PARL,Azerbaijan,Female,16.0
2014,SG_GEN_PARL,Azerbaijan,Female,15.57
2015,SG_GEN_PARL,Azerbaijan,Female,15.57
2016,SG_GEN_PARL,Azerbaijan,Female,16.94
2017,SG_GEN_PARL,Azerbaijan,Female,16.8
2018,SG_GEN_PARL,Azerbaijan,Female,16.8
2019,SG_GEN_PARL,Azerbaijan,Female,16.81
2020,SG_GEN_PARL,Azerbaijan,Female,16.81
2008,SG_GEN_PARL,Serbia,Female,20.4
2009,SG_GEN_PARL,Serbia,Female,21.6
2010,SG_GEN_PARL,Serbia,Female,21.6
2011,SG_GEN_PARL,Serbia,Female,21.6
2012,SG_GEN_PARL,Serbia,Female,22.0
2013,SG_GEN_PARL,Serbia,Female,33.2
2014,SG_GEN_PARL,Serbia,Female,33.6
2015,SG_GEN_PARL,Serbia,Female,34.0
2016,SG_GEN_PARL,Serbia,Female,34.0
2016,SG_GEN_PARL,Georgia,Female,11.33
2017,SG_GEN_PARL,Georgia,Female,16.0
2018,SG_GEN_PARL,Georgia,Female,16.0
2019,SG_GEN_PARL,Georgia,Female,14.77
2020,SG_GEN_PARL,Georgia,Female,14.09
2021,SG_GEN_PARL,Georgia,Female,20.67
2022,SG_GEN_PARL,Georgia,Female,19.05
2023,SG_GEN_PARL,Georgia,Female,18.44
2000,SG_GEN_PARL,Germany,Female,30.94
2001,SG_GEN_PARL,Germany,Female,30.94
2002,SG_GEN_PARL,Germany,Female,31.68
2003,SG_GEN_PARL,Germany,Female,32.17
2004,SG_GEN_PARL,Germany,Female,32.17
2005,SG_GEN_PARL,Germany,Female,32.78
2006,SG_GEN_PARL,Germany,Female,31.76
2007,SG_GEN_PARL,Germany,Female,31.6
2008,SG_GEN_PARL,Germany,Female,31.65
2009,SG_GEN_PARL,Germany,Female,32.19
2021,SG_GEN_PARL,Azerbaijan,Female,18.18
2022,SG_GEN_PARL,Azerbaijan,Female,18.33
2023,SG_GEN_PARL,Azerbaijan,Female,18.64
2000,SG_GEN_PARL,Australia,Female,22.45
2001,SG_GEN_PARL,Australia,Female,22.97
2002,SG_GEN_PARL,Australia,Female,25.33
2003,SG_GEN_PARL,Australia,Female,25.33
2004,SG_GEN_PARL,Australia,Female,25.33
2005,SG_GEN_PARL,Australia,Female,24.67
2017,SG_GEN_PARL,Serbia,Female,34.4
2018,SG_GEN_PARL,Serbia,Female,34.4
2019,SG_GEN_PARL,Serbia,Female,37.65
2020,SG_GEN_PARL,Serbia,Female,37.65
2021,SG_GEN_PARL,Serbia,Female,39.2
2022,SG_GEN_PARL,Serbia,Female,40.0
2023,SG_GEN_PARL,Serbia,Female,34.8
2000,SG_GEN_PARL,Slovakia,Female,12.67
2001,SG_GEN_PARL,Slovakia,Female,14.0
2010,SG_GEN_PARL,Germany,Female,32.8
2011,SG_GEN_PARL,Germany,Female,32.8
2012,SG_GEN_PARL,Germany,Female,32.9
2013,SG_GEN_PARL,Germany,Female,32.9
2014,SG_GEN_PARL,Germany,Female,36.45
2015,SG_GEN_PARL,Germany,Female,36.45
2016,SG_GEN_PARL,Germany,Female,36.45
2017,SG_GEN_PARL,Germany,Female,36.98
2018,SG_GEN_PARL,Germany,Female,30.75
2019,SG_GEN_PARL,Germany,Female,30.89
2020,SG_GEN_PARL,Germany,Female,31.17
2021,SG_GEN_PARL,Germany,Female,31.45
2022,SG_GEN_PARL,Germany,Female,34.92
2023,SG_GEN_PARL,Germany,Female,35.05
2000,SG_GEN_PARL,Greece,Female,6.33
2001,SG_GEN_PARL,Greece,Female,8.67
2002,SG_GEN_PARL,Greece,Female,8.67
2003,SG_GEN_PARL,Greece,Female,8.67
2006,SG_GEN_PARL,Australia,Female,24.67
2007,SG_GEN_PARL,Australia,Female,24.67
2008,SG_GEN_PARL,Australia,Female,26.67
2009,SG_GEN_PARL,Australia,Female,26.67
2010,SG_GEN_PARL,Australia,Female,27.33
2011,SG_GEN_PARL,Australia,Female,24.67
2012,SG_GEN_PARL,Australia,Female,24.67
2013,SG_GEN_PARL,Australia,Female,24.67
2014,SG_GEN_PARL,Australia,Female,26.0
2004,SG_GEN_PARL,Greece,Female,8.67
2005,SG_GEN_PARL,Greece,Female,14.0
2006,SG_GEN_PARL,Greece,Female,13.0
2007,SG_GEN_PARL,Greece,Female,13.0
2008,SG_GEN_PARL,Greece,Female,14.67
2009,SG_GEN_PARL,Greece,Female,14.67
2010,SG_GEN_PARL,Greece,Female,17.33
2011,SG_GEN_PARL,Greece,Female,17.33
2012,SG_GEN_PARL,Greece,Female,18.67
2013,SG_GEN_PARL,Greece,Female,21.0
2014,SG_GEN_PARL,Greece,Female,21.0
2015,SG_GEN_PARL,Greece,Female,23.0
2016,SG_GEN_PARL,Greece,Female,19.67
2017,SG_GEN_PARL,Greece,Female,18.33
2018,SG_GEN_PARL,Greece,Female,18.33
2019,SG_GEN_PARL,Greece,Female,18.67
2020,SG_GEN_PARL,Greece,Female,20.67
2021,SG_GEN_PARL,Greece,Female,21.67
2002,SG_GEN_PARL,Slovakia,Female,14.0
2003,SG_GEN_PARL,Slovakia,Female,19.33
2004,SG_GEN_PARL,Slovakia,Female,19.33
2005,SG_GEN_PARL,Slovakia,Female,16.67
2006,SG_GEN_PARL,Slovakia,Female,16.67
2007,SG_GEN_PARL,Slovakia,Female,20.0
2008,SG_GEN_PARL,Slovakia,Female,19.33
2009,SG_GEN_PARL,Slovakia,Female,19.33
2010,SG_GEN_PARL,Slovakia,Female,18.0
2015,SG_GEN_PARL,Australia,Female,26.67
2016,SG_GEN_PARL,Australia,Female,26.67
2017,SG_GEN_PARL,Australia,Female,28.67
2018,SG_GEN_PARL,Australia,Female,28.67
2019,SG_GEN_PARL,Australia,Female,30.0
2020,SG_GEN_PARL,Australia,Female,30.46
2021,SG_GEN_PARL,Australia,Female,31.13
2022,SG_GEN_PARL,Australia,Female,31.13
2023,SG_GEN_PARL,Australia,Female,38.41
2011,SG_GEN_PARL,Slovakia,Female,15.33
2012,SG_GEN_PARL,Slovakia,Female,16.0
2013,SG_GEN_PARL,Slovakia,Female,18.67
2014,SG_GEN_PARL,Slovakia,Female,18.67
2015,SG_GEN_PARL,Slovakia,Female,18.67
2016,SG_GEN_PARL,Slovakia,Female,18.67
2017,SG_GEN_PARL,Slovakia,Female,20.0
2018,SG_GEN_PARL,Slovakia,Female,20.0
2019,SG_GEN_PARL,Slovakia,Female,20.0
2022,SG_GEN_PARL,Greece,Female,21.0
2023,SG_GEN_PARL,Greece,Female,21.0
2000,SG_GEN_PARL,Hungary,Female,8.29
2001,SG_GEN_PARL,Hungary,Female,8.29
2002,SG_GEN_PARL,Hungary,Female,8.29
2003,SG_GEN_PARL,Hungary,Female,9.84
2004,SG_GEN_PARL,Hungary,Female,9.84
2005,SG_GEN_PARL,Hungary,Female,9.09
2006,SG_GEN_PARL,Hungary,Female,9.09
2000,SG_GEN_PARL,Austria,Female,26.78
2001,SG_GEN_PARL,Austria,Female,26.78
2002,SG_GEN_PARL,Austria,Female,26.78
2003,SG_GEN_PARL,Austria,Female,33.88
2004,SG_GEN_PARL,Austria,Female,33.88
2005,SG_GEN_PARL,Austria,Female,33.88
2006,SG_GEN_PARL,Austria,Female,33.88
2007,SG_GEN_PARL,Austria,Female,32.24
2008,SG_GEN_PARL,Austria,Female,32.79
2009,SG_GEN_PARL,Austria,Female,27.32
2010,SG_GEN_PARL,Austria,Female,27.87
2011,SG_GEN_PARL,Austria,Female,27.87
2012,SG_GEN_PARL,Austria,Female,27.87
2013,SG_GEN_PARL,Austria,Female,27.87
2014,SG_GEN_PARL,Austria,Female,32.24
2015,SG_GEN_PARL,Austria,Female,30.6
2016,SG_GEN_PARL,Austria,Female,30.6
2017,SG_GEN_PARL,Austria,Female,30.6
2020,SG_GEN_PARL,Slovakia,Female,20.67
2021,SG_GEN_PARL,Slovakia,Female,22.67
2022,SG_GEN_PARL,Slovakia,Female,21.33
2023,SG_GEN_PARL,Slovakia,Female,22.0
2000,SG_GEN_PARL,Viet Nam,Female,26.0
2001,SG_GEN_PARL,Viet Nam,Female,26.0
2002,SG_GEN_PARL,Viet Nam,Female,26.0
2003,SG_GEN_PARL,Viet Nam,Female,27.31
2004,SG_GEN_PARL,Viet Nam,Female,27.31
2018,SG_GEN_PARL,Austria,Female,34.43
2019,SG_GEN_PARL,Austria,Female,37.16
2020,SG_GEN_PARL,Austria,Female,39.34
2021,SG_GEN_PARL,Austria,Female,39.89
2022,SG_GEN_PARL,Austria,Female,41.53
2023,SG_GEN_PARL,Austria,Female,40.44
2000,SG_GEN_PARL,Armenia,Female,3.05
2001,SG_GEN_PARL,Armenia,Female,3.05
2002,SG_GEN_PARL,Armenia,Female,3.05
2007,SG_GEN_PARL,Hungary,Female,10.36
2008,SG_GEN_PARL,Hungary,Female,11.14
2009,SG_GEN_PARL,Hungary,Female,11.14
2010,SG_GEN_PARL,Hungary,Female,11.14
2011,SG_GEN_PARL,Hungary,Female,9.07
2012,SG_GEN_PARL,Hungary,Female,8.81
2013,SG_GEN_PARL,Hungary,Female,8.81
2014,SG_GEN_PARL,Hungary,Female,9.38
2015,SG_GEN_PARL,Hungary,Female,10.1
2005,SG_GEN_PARL,Viet Nam,Female,27.31
2006,SG_GEN_PARL,Viet Nam,Female,27.31
2007,SG_GEN_PARL,Viet Nam,Female,27.31
2008,SG_GEN_PARL,Viet Nam,Female,25.76
2009,SG_GEN_PARL,Viet Nam,Female,25.76
2010,SG_GEN_PARL,Viet Nam,Female,25.76
2011,SG_GEN_PARL,Viet Nam,Female,25.76
2012,SG_GEN_PARL,Viet Nam,Female,24.4
2013,SG_GEN_PARL,Viet Nam,Female,24.4
2014,SG_GEN_PARL,Viet Nam,Female,24.3
2015,SG_GEN_PARL,Viet Nam,Female,24.3
2016,SG_GEN_PARL,Viet Nam,Female,24.3
2017,SG_GEN_PARL,Viet Nam,Female,26.72
2018,SG_GEN_PARL,Viet Nam,Female,26.72
2019,SG_GEN_PARL,Viet Nam,Female,26.72
2020,SG_GEN_PARL,Viet Nam,Female,26.72
2021,SG_GEN_PARL,Viet Nam,Female,26.72
2022,SG_GEN_PARL,Viet Nam,Female,30.26
2003,SG_GEN_PARL,Armenia,Female,3.05
2004,SG_GEN_PARL,Armenia,Female,4.58
2005,SG_GEN_PARL,Armenia,Female,5.34
2006,SG_GEN_PARL,Armenia,Female,5.34
2007,SG_GEN_PARL,Armenia,Female,5.34
2008,SG_GEN_PARL,Armenia,Female,9.16
2009,SG_GEN_PARL,Armenia,Female,8.4
2010,SG_GEN_PARL,Armenia,Female,9.16
2011,SG_GEN_PARL,Armenia,Female,9.16
2023,SG_GEN_PARL,Viet Nam,Female,30.26
2000,SG_GEN_PARL,Slovenia,Female,7.78
2001,SG_GEN_PARL,Slovenia,Female,12.22
2002,SG_GEN_PARL,Slovenia,Female,12.22
2003,SG_GEN_PARL,Slovenia,Female,12.22
2004,SG_GEN_PARL,Slovenia,Female,12.22
2005,SG_GEN_PARL,Slovenia,Female,12.22
2006,SG_GEN_PARL,Slovenia,Female,12.22
2007,SG_GEN_PARL,Slovenia,Female,12.22
2008,SG_GEN_PARL,Slovenia,Female,12.22
2009,SG_GEN_PARL,Slovenia,Female,13.33
2010,SG_GEN_PARL,Slovenia,Female,14.44
2011,SG_GEN_PARL,Slovenia,Female,14.44
2012,SG_GEN_PARL,Slovenia,Female,32.22
2013,SG_GEN_PARL,Slovenia,Female,32.22
2014,SG_GEN_PARL,Slovenia,Female,33.33
2015,SG_GEN_PARL,Slovenia,Female,36.67
2016,SG_GEN_PARL,Slovenia,Female,36.67
2016,SG_GEN_PARL,Hungary,Female,10.1
2017,SG_GEN_PARL,Hungary,Female,10.05
2018,SG_GEN_PARL,Hungary,Female,10.05
2019,SG_GEN_PARL,Hungary,Female,12.56
2020,SG_GEN_PARL,Hungary,Female,12.06
2021,SG_GEN_PARL,Hungary,Female,12.56
2022,SG_GEN_PARL,Hungary,Female,13.07
2023,SG_GEN_PARL,Hungary,Female,13.07
2000,SG_GEN_PARL,Iceland,Female,34.92
2012,SG_GEN_PARL,Armenia,Female,8.4
2013,SG_GEN_PARL,Armenia,Female,10.69
2014,SG_GEN_PARL,Armenia,Female,10.69
2015,SG_GEN_PARL,Armenia,Female,10.69
2016,SG_GEN_PARL,Armenia,Female,10.69
2017,SG_GEN_PARL,Armenia,Female,9.92
2018,SG_GEN_PARL,Armenia,Female,18.1
2019,SG_GEN_PARL,Armenia,Female,24.24
2020,SG_GEN_PARL,Armenia,Female,23.48
2017,SG_GEN_PARL,Slovenia,Female,36.67
2018,SG_GEN_PARL,Slovenia,Female,36.67
2019,SG_GEN_PARL,Slovenia,Female,24.44
2020,SG_GEN_PARL,Slovenia,Female,27.78
2021,SG_GEN_PARL,Slovenia,Female,26.67
2022,SG_GEN_PARL,Slovenia,Female,28.89
2023,SG_GEN_PARL,Slovenia,Female,37.78
2000,SG_GEN_PARL,Spain,Female,21.55
2001,SG_GEN_PARL,Spain,Female,28.29
2001,SG_GEN_PARL,Iceland,Female,34.92
2002,SG_GEN_PARL,Iceland,Female,34.92
2003,SG_GEN_PARL,Iceland,Female,34.92
2004,SG_GEN_PARL,Iceland,Female,30.16
2005,SG_GEN_PARL,Iceland,Female,30.16
2006,SG_GEN_PARL,Iceland,Female,33.33
2007,SG_GEN_PARL,Iceland,Female,33.33
2008,SG_GEN_PARL,Iceland,Female,33.33
2009,SG_GEN_PARL,Iceland,Female,33.33
2002,SG_GEN_PARL,Spain,Female,28.29
2003,SG_GEN_PARL,Spain,Female,28.29
2004,SG_GEN_PARL,Spain,Female,28.29
2005,SG_GEN_PARL,Spain,Female,36.0
2006,SG_GEN_PARL,Spain,Female,36.0
2007,SG_GEN_PARL,Spain,Female,36.0
2008,SG_GEN_PARL,Spain,Female,36.57
2009,SG_GEN_PARL,Spain,Female,36.29
2010,SG_GEN_PARL,Spain,Female,36.57
2011,SG_GEN_PARL,Spain,Female,36.57
2012,SG_GEN_PARL,Spain,Female,36.0
2013,SG_GEN_PARL,Spain,Female,36.0
2014,SG_GEN_PARL,Spain,Female,39.71
2015,SG_GEN_PARL,Spain,Female,41.14
2016,SG_GEN_PARL,Spain,Female,40.0
2017,SG_GEN_PARL,Spain,Female,39.14
2018,SG_GEN_PARL,Spain,Female,39.14
2019,SG_GEN_PARL,Spain,Female,41.14
2010,SG_GEN_PARL,Iceland,Female,42.86
2011,SG_GEN_PARL,Iceland,Female,42.86
2012,SG_GEN_PARL,Iceland,Female,39.68
2013,SG_GEN_PARL,Iceland,Female,39.68
2014,SG_GEN_PARL,Iceland,Female,39.68
2015,SG_GEN_PARL,Iceland,Female,41.27
2016,SG_GEN_PARL,Iceland,Female,41.27
2017,SG_GEN_PARL,Iceland,Female,47.62
2018,SG_GEN_PARL,Iceland,Female,38.1
2021,SG_GEN_PARL,Armenia,Female,22.73
2022,SG_GEN_PARL,Armenia,Female,34.58
2023,SG_GEN_PARL,Armenia,Female,35.51
2000,SG_GEN_PARL,Belgium,Female,23.33
2001,SG_GEN_PARL,Belgium,Female,23.33
2002,SG_GEN_PARL,Belgium,Female,23.33
2003,SG_GEN_PARL,Belgium,Female,23.33
2004,SG_GEN_PARL,Belgium,Female,35.33
2005,SG_GEN_PARL,Belgium,Female,34.67
2006,SG_GEN_PARL,Belgium,Female,34.67
2007,SG_GEN_PARL,Belgium,Female,34.67
2008,SG_GEN_PARL,Belgium,Female,35.33
2009,SG_GEN_PARL,Belgium,Female,35.33
2010,SG_GEN_PARL,Belgium,Female,38.0
2011,SG_GEN_PARL,Belgium,Female,39.33
2012,SG_GEN_PARL,Belgium,Female,38.0
2013,SG_GEN_PARL,Belgium,Female,38.0
2014,SG_GEN_PARL,Belgium,Female,41.33
2015,SG_GEN_PARL,Belgium,Female,39.33
2016,SG_GEN_PARL,Belgium,Female,39.33
2017,SG_GEN_PARL,Belgium,Female,38.0
2018,SG_GEN_PARL,Belgium,Female,38.0
2019,SG_GEN_PARL,Belgium,Female,38.0
2020,SG_GEN_PARL,Belgium,Female,40.67
2021,SG_GEN_PARL,Belgium,Female,42.0
2022,SG_GEN_PARL,Belgium,Female,42.0
2023,SG_GEN_PARL,Belgium,Female,42.67
2020,SG_GEN_PARL,Spain,Female,44.0
2021,SG_GEN_PARL,Spain,Female,44.0
2022,SG_GEN_PARL,Spain,Female,42.98
2023,SG_GEN_PARL,Spain,Female,42.41
2000,SG_GEN_PARL,Sweden,Female,42.69
2001,SG_GEN_PARL,Sweden,Female,42.69
2002,SG_GEN_PARL,Sweden,Female,42.69
2003,SG_GEN_PARL,Sweden,Female,45.27
2004,SG_GEN_PARL,Sweden,Female,45.27
2005,SG_GEN_PARL,Sweden,Female,45.27
2006,SG_GEN_PARL,Sweden,Female,45.27
2007,SG_GEN_PARL,Sweden,Female,47.28
2008,SG_GEN_PARL,Sweden,Female,46.99
2009,SG_GEN_PARL,Sweden,Female,46.99
2010,SG_GEN_PARL,Sweden,Female,46.42
2011,SG_GEN_PARL,Sweden,Female,44.99
2012,SG_GEN_PARL,Sweden,Female,44.7
2013,SG_GEN_PARL,Sweden,Female,44.7
2019,SG_GEN_PARL,Iceland,Female,38.1
2020,SG_GEN_PARL,Iceland,Female,38.1
2021,SG_GEN_PARL,Iceland,Female,39.68
2022,SG_GEN_PARL,Iceland,Female,47.62
2023,SG_GEN_PARL,Iceland,Female,47.62
2000,SG_GEN_PARL,India,Female,9.02
2001,SG_GEN_PARL,India,Female,9.01
2002,SG_GEN_PARL,India,Female,8.84
2003,SG_GEN_PARL,India,Female,8.84
2014,SG_GEN_PARL,Sweden,Female,44.99
2015,SG_GEN_PARL,Sweden,Female,43.55
2016,SG_GEN_PARL,Sweden,Female,43.55
2017,SG_GEN_PARL,Sweden,Female,43.55
2018,SG_GEN_PARL,Sweden,Female,43.55
2019,SG_GEN_PARL,Sweden,Female,47.28
2020,SG_GEN_PARL,Sweden,Female,46.99
2021,SG_GEN_PARL,Sweden,Female,46.99
2022,SG_GEN_PARL,Sweden,Female,46.13
2000,SG_GEN_PARL,Bosnia and Herzegovina,Female,7.14
2001,SG_GEN_PARL,Bosnia and Herzegovina,Female,7.14
2002,SG_GEN_PARL,Bosnia and Herzegovina,Female,16.67
2003,SG_GEN_PARL,Bosnia and Herzegovina,Female,16.67
2004,SG_GEN_PARL,Bosnia and Herzegovina,Female,16.67
2005,SG_GEN_PARL,Bosnia and Herzegovina,Female,16.67
2006,SG_GEN_PARL,Bosnia and Herzegovina,Female,16.67
2007,SG_GEN_PARL,Bosnia and Herzegovina,Female,14.29
2023,SG_GEN_PARL,Sweden,Female,46.42
2000,SG_GEN_PARL,Switzerland,Female,22.5
2001,SG_GEN_PARL,Switzerland,Female,23.0
2002,SG_GEN_PARL,Switzerland,Female,23.0
2003,SG_GEN_PARL,Switzerland,Female,23.0
2004,SG_GEN_PARL,Switzerland,Female,25.0
2005,SG_GEN_PARL,Switzerland,Female,25.0
2006,SG_GEN_PARL,Switzerland,Female,25.0
2007,SG_GEN_PARL,Switzerland,Female,25.0
2008,SG_GEN_PARL,Bosnia and Herzegovina,Female,11.9
2009,SG_GEN_PARL,Bosnia and Herzegovina,Female,11.9
2010,SG_GEN_PARL,Bosnia and Herzegovina,Female,19.05
2011,SG_GEN_PARL,Bosnia and Herzegovina,Female,16.67
2012,SG_GEN_PARL,Bosnia and Herzegovina,Female,21.43
2013,SG_GEN_PARL,Bosnia and Herzegovina,Female,21.43
2014,SG_GEN_PARL,Bosnia and Herzegovina,Female,21.43
2015,SG_GEN_PARL,Bosnia and Herzegovina,Female,21.43
2008,SG_GEN_PARL,Switzerland,Female,28.5
2009,SG_GEN_PARL,Switzerland,Female,28.5
2010,SG_GEN_PARL,Switzerland,Female,29.0
2011,SG_GEN_PARL,Switzerland,Female,29.0
2012,SG_GEN_PARL,Switzerland,Female,28.5
2013,SG_GEN_PARL,Switzerland,Female,29.0
2014,SG_GEN_PARL,Switzerland,Female,31.0
2015,SG_GEN_PARL,Switzerland,Female,30.5
2016,SG_GEN_PARL,Switzerland,Female,32.0
2004,SG_GEN_PARL,India,Female,8.84
2005,SG_GEN_PARL,India,Female,8.29
2006,SG_GEN_PARL,India,Female,8.26
2007,SG_GEN_PARL,India,Female,8.26
2008,SG_GEN_PARL,India,Female,9.06
2009,SG_GEN_PARL,India,Female,9.06
2010,SG_GEN_PARL,India,Female,10.83
2011,SG_GEN_PARL,India,Female,10.83
2012,SG_GEN_PARL,India,Female,11.01
2016,SG_GEN_PARL,Bosnia and Herzegovina,Female,21.43
2017,SG_GEN_PARL,Bosnia and Herzegovina,Female,21.43
2018,SG_GEN_PARL,Bosnia and Herzegovina,Female,21.43
2019,SG_GEN_PARL,Bosnia and Herzegovina,Female,21.43
2020,SG_GEN_PARL,Bosnia and Herzegovina,Female,21.43
2021,SG_GEN_PARL,Bosnia and Herzegovina,Female,26.19
2022,SG_GEN_PARL,Bosnia and Herzegovina,Female,26.19
2023,SG_GEN_PARL,Bosnia and Herzegovina,Female,19.05
2017,SG_GEN_PARL,Switzerland,Female,32.5
2018,SG_GEN_PARL,Switzerland,Female,32.5
2019,SG_GEN_PARL,Switzerland,Female,32.5
2020,SG_GEN_PARL,Switzerland,Female,41.5
2021,SG_GEN_PARL,Switzerland,Female,42.0
2022,SG_GEN_PARL,Switzerland,Female,42.5
2023,SG_GEN_PARL,Switzerland,Female,41.71
2000,SG_GEN_PARL,Tajikistan,Female,2.76
2013,SG_GEN_PARL,India,Female,11.01
2014,SG_GEN_PARL,India,Female,11.38
2015,SG_GEN_PARL,India,Female,11.97
2016,SG_GEN_PARL,India,Female,11.97
2017,SG_GEN_PARL,India,Female,11.81
2018,SG_GEN_PARL,India,Female,11.81
2019,SG_GEN_PARL,India,Female,12.6
2020,SG_GEN_PARL,India,Female,14.36
2021,SG_GEN_PARL,India,Female,14.44
2001,SG_GEN_PARL,Tajikistan,Female,15.0
2002,SG_GEN_PARL,Tajikistan,Female,12.7
2003,SG_GEN_PARL,Tajikistan,Female,12.7
2004,SG_GEN_PARL,Tajikistan,Female,12.7
2005,SG_GEN_PARL,Tajikistan,Female,12.7
2006,SG_GEN_PARL,Tajikistan,Female,17.46
2007,SG_GEN_PARL,Tajikistan,Female,17.46
2008,SG_GEN_PARL,Tajikistan,Female,17.46
2009,SG_GEN_PARL,Tajikistan,Female,17.46
2010,SG_GEN_PARL,Tajikistan,Female,17.46
2011,SG_GEN_PARL,Tajikistan,Female,19.05
2012,SG_GEN_PARL,Tajikistan,Female,19.05
2013,SG_GEN_PARL,Tajikistan,Female,19.05
2014,SG_GEN_PARL,Tajikistan,Female,15.87
2015,SG_GEN_PARL,Tajikistan,Female,16.95
2016,SG_GEN_PARL,Tajikistan,Female,19.05
2017,SG_GEN_PARL,Tajikistan,Female,19.05
2018,SG_GEN_PARL,Tajikistan,Female,19.05
2019,SG_GEN_PARL,Tajikistan,Female,19.05
2020,SG_GEN_PARL,Tajikistan,Female,19.05
2021,SG_GEN_PARL,Tajikistan,Female,23.81
2022,SG_GEN_PARL,Tajikistan,Female,26.98
2023,SG_GEN_PARL,Tajikistan,Female,26.98
2000,SG_GEN_PARL,United Arab Emirates,Female,0.0
2001,SG_GEN_PARL,United Arab Emirates,Female,0.0
2002,SG_GEN_PARL,United Arab Emirates,Female,0.0
2022,SG_GEN_PARL,India,Female,14.94
2023,SG_GEN_PARL,India,Female,15.13
2000,SG_GEN_PARL,Ireland,Female,12.05
2001,SG_GEN_PARL,Ireland,Female,12.05
2002,SG_GEN_PARL,Ireland,Female,12.05
2003,SG_GEN_PARL,Ireland,Female,13.25
2004,SG_GEN_PARL,Ireland,Female,13.25
2005,SG_GEN_PARL,Ireland,Female,13.25
2006,SG_GEN_PARL,Ireland,Female,13.25
2000,SG_GEN_PARL,Bulgaria,Female,10.83
2001,SG_GEN_PARL,Bulgaria,Female,10.83
2002,SG_GEN_PARL,Bulgaria,Female,26.25
2003,SG_GEN_PARL,Bulgaria,Female,26.25
2004,SG_GEN_PARL,Bulgaria,Female,26.25
2005,SG_GEN_PARL,Bulgaria,Female,26.25
2006,SG_GEN_PARL,Bulgaria,Female,22.08
2007,SG_GEN_PARL,Bulgaria,Female,22.08
2008,SG_GEN_PARL,Bulgaria,Female,21.67
2007,SG_GEN_PARL,Ireland,Female,13.25
2008,SG_GEN_PARL,Ireland,Female,13.25
2009,SG_GEN_PARL,Ireland,Female,13.25
2010,SG_GEN_PARL,Ireland,Female,13.94
2011,SG_GEN_PARL,Ireland,Female,13.94
2012,SG_GEN_PARL,Ireland,Female,15.06
2013,SG_GEN_PARL,Ireland,Female,15.06
2014,SG_GEN_PARL,Ireland,Female,15.66
2015,SG_GEN_PARL,Ireland,Female,16.27
2016,SG_GEN_PARL,Ireland,Female,16.27
2017,SG_GEN_PARL,Ireland,Female,22.15
2018,SG_GEN_PARL,Ireland,Female,22.15
2019,SG_GEN_PARL,Ireland,Female,22.15
2020,SG_GEN_PARL,Ireland,Female,20.89
2021,SG_GEN_PARL,Ireland,Female,22.5
2022,SG_GEN_PARL,Ireland,Female,23.12
2023,SG_GEN_PARL,Ireland,Female,23.12
2000,SG_GEN_PARL,Israel,Female,11.67
2003,SG_GEN_PARL,United Arab Emirates,Female,0.0
2004,SG_GEN_PARL,United Arab Emirates,Female,0.0
2005,SG_GEN_PARL,United Arab Emirates,Female,0.0
2006,SG_GEN_PARL,United Arab Emirates,Female,0.0
2007,SG_GEN_PARL,United Arab Emirates,Female,22.5
2008,SG_GEN_PARL,United Arab Emirates,Female,22.5
2009,SG_GEN_PARL,United Arab Emirates,Female,22.5
2010,SG_GEN_PARL,United Arab Emirates,Female,22.5
2001,SG_GEN_PARL,Israel,Female,12.5
2002,SG_GEN_PARL,Israel,Female,13.33
2003,SG_GEN_PARL,Israel,Female,15.0
2004,SG_GEN_PARL,Israel,Female,15.0
2005,SG_GEN_PARL,Israel,Female,15.0
2006,SG_GEN_PARL,Israel,Female,15.0
2007,SG_GEN_PARL,Israel,Female,14.17
2008,SG_GEN_PARL,Israel,Female,14.17
2009,SG_GEN_PARL,Israel,Female,14.17
2009,SG_GEN_PARL,Bulgaria,Female,21.67
2010,SG_GEN_PARL,Bulgaria,Female,20.83
2011,SG_GEN_PARL,Bulgaria,Female,20.83
2012,SG_GEN_PARL,Bulgaria,Female,20.83
2013,SG_GEN_PARL,Bulgaria,Female,22.92
2014,SG_GEN_PARL,Bulgaria,Female,24.58
2015,SG_GEN_PARL,Bulgaria,Female,20.42
2016,SG_GEN_PARL,Bulgaria,Female,20.42
2017,SG_GEN_PARL,Bulgaria,Female,19.17
2018,SG_GEN_PARL,Bulgaria,Female,23.75
2019,SG_GEN_PARL,Bulgaria,Female,25.83
2020,SG_GEN_PARL,Bulgaria,Female,26.67
2021,SG_GEN_PARL,Bulgaria,Female,27.08
2022,SG_GEN_PARL,Bulgaria,Female,22.5
2023,SG_GEN_PARL,Bulgaria,Female,24.17
2000,SG_GEN_PARL,Belarus,Female,9.09
2001,SG_GEN_PARL,Belarus,Female,9.09
2002,SG_GEN_PARL,Belarus,Female,10.31
2011,SG_GEN_PARL,United Arab Emirates,Female,22.5
2012,SG_GEN_PARL,United Arab Emirates,Female,17.5
2013,SG_GEN_PARL,United Arab Emirates,Female,17.5
2014,SG_GEN_PARL,United Arab Emirates,Female,17.5
2015,SG_GEN_PARL,United Arab Emirates,Female,17.5
2016,SG_GEN_PARL,United Arab Emirates,Female,22.5
2017,SG_GEN_PARL,United Arab Emirates,Female,20.0
2018,SG_GEN_PARL,United Arab Emirates,Female,22.5
2010,SG_GEN_PARL,Israel,Female,19.17
2011,SG_GEN_PARL,Israel,Female,19.17
2012,SG_GEN_PARL,Israel,Female,20.0
2013,SG_GEN_PARL,Israel,Female,21.67
2014,SG_GEN_PARL,Israel,Female,22.5
2015,SG_GEN_PARL,Israel,Female,22.5
2016,SG_GEN_PARL,Israel,Female,26.67
2017,SG_GEN_PARL,Israel,Female,27.5
2018,SG_GEN_PARL,Israel,Female,27.5
2019,SG_GEN_PARL,United Arab Emirates,Female,22.5
2020,SG_GEN_PARL,United Arab Emirates,Female,50.0
2021,SG_GEN_PARL,United Arab Emirates,Female,50.0
2022,SG_GEN_PARL,United Arab Emirates,Female,50.0
2023,SG_GEN_PARL,United Arab Emirates,Female,50.0
2000,SG_GEN_PARL,Türkiye,Female,4.18
2001,SG_GEN_PARL,Türkiye,Female,4.18
2002,SG_GEN_PARL,Türkiye,Female,4.18
2019,SG_GEN_PARL,Israel,Female,29.17
2020,SG_GEN_PARL,Israel,Female,23.33
2021,SG_GEN_PARL,Israel,Female,26.67
2022,SG_GEN_PARL,Israel,Female,30.0
2023,SG_GEN_PARL,Israel,Female,24.17
2000,SG_GEN_PARL,Italy,Female,11.11
2001,SG_GEN_PARL,Italy,Female,11.11
2002,SG_GEN_PARL,Italy,Female,9.84
2003,SG_GEN_PARL,Türkiye,Female,4.36
2004,SG_GEN_PARL,Türkiye,Female,4.36
2005,SG_GEN_PARL,Türkiye,Female,4.36
2006,SG_GEN_PARL,Türkiye,Female,4.36
2007,SG_GEN_PARL,Türkiye,Female,4.36
2008,SG_GEN_PARL,Türkiye,Female,9.11
2009,SG_GEN_PARL,Türkiye,Female,9.11
2010,SG_GEN_PARL,Türkiye,Female,9.11
2011,SG_GEN_PARL,Türkiye,Female,9.11
2012,SG_GEN_PARL,Türkiye,Female,14.18
2013,SG_GEN_PARL,Türkiye,Female,14.18
2014,SG_GEN_PARL,Türkiye,Female,14.42
2015,SG_GEN_PARL,Türkiye,Female,14.42
2016,SG_GEN_PARL,Türkiye,Female,14.91
2017,SG_GEN_PARL,Türkiye,Female,14.91
2018,SG_GEN_PARL,Türkiye,Female,14.57
2019,SG_GEN_PARL,Türkiye,Female,17.45
2020,SG_GEN_PARL,Türkiye,Female,17.32
2003,SG_GEN_PARL,Italy,Female,11.49
2004,SG_GEN_PARL,Italy,Female,11.49
2005,SG_GEN_PARL,Italy,Female,11.53
2006,SG_GEN_PARL,Italy,Female,11.53
2007,SG_GEN_PARL,Italy,Female,17.3
2008,SG_GEN_PARL,Italy,Female,17.3
2009,SG_GEN_PARL,Italy,Female,21.27
2010,SG_GEN_PARL,Italy,Female,21.27
2011,SG_GEN_PARL,Italy,Female,21.27
2003,SG_GEN_PARL,Belarus,Female,10.31
2004,SG_GEN_PARL,Belarus,Female,10.31
2005,SG_GEN_PARL,Belarus,Female,29.36
2006,SG_GEN_PARL,Belarus,Female,29.09
2007,SG_GEN_PARL,Belarus,Female,29.09
2008,SG_GEN_PARL,Belarus,Female,29.09
2009,SG_GEN_PARL,Belarus,Female,31.82
2010,SG_GEN_PARL,Belarus,Female,31.82
2011,SG_GEN_PARL,Belarus,Female,31.82
2012,SG_GEN_PARL,Belarus,Female,31.82
2013,SG_GEN_PARL,Belarus,Female,26.61
2014,SG_GEN_PARL,Belarus,Female,26.61
2015,SG_GEN_PARL,Belarus,Female,27.27
2016,SG_GEN_PARL,Belarus,Female,27.27
2017,SG_GEN_PARL,Belarus,Female,34.55
2018,SG_GEN_PARL,Belarus,Female,34.55
2019,SG_GEN_PARL,Belarus,Female,34.55
2020,SG_GEN_PARL,Belarus,Female,40.0
2012,SG_GEN_PARL,Italy,Female,21.59
2013,SG_GEN_PARL,Italy,Female,21.43
2014,SG_GEN_PARL,Italy,Female,31.43
2015,SG_GEN_PARL,Italy,Female,30.95
2016,SG_GEN_PARL,Italy,Female,30.95
2017,SG_GEN_PARL,Italy,Female,30.95
2018,SG_GEN_PARL,Italy,Female,30.95
2019,SG_GEN_PARL,Italy,Female,35.71
2020,SG_GEN_PARL,Italy,Female,35.71
2021,SG_GEN_PARL,Türkiye,Female,17.33
2022,SG_GEN_PARL,Türkiye,Female,17.35
2023,SG_GEN_PARL,Türkiye,Female,17.41
2000,SG_GEN_PARL,Turkmenistan,Female,26.0
2001,SG_GEN_PARL,Turkmenistan,Female,26.0
2002,SG_GEN_PARL,Turkmenistan,Female,26.0
2003,SG_GEN_PARL,Turkmenistan,Female,26.0
2004,SG_GEN_PARL,Turkmenistan,Female,26.0
2006,SG_GEN_PARL,Turkmenistan,Female,16.0
2021,SG_GEN_PARL,Belarus,Female,40.0
2022,SG_GEN_PARL,Belarus,Female,40.0
2023,SG_GEN_PARL,Belarus,Female,40.0
2000,SG_GEN_PARL,Canada,Female,20.6
2001,SG_GEN_PARL,Canada,Female,20.6
2002,SG_GEN_PARL,Canada,Female,20.6
2003,SG_GEN_PARL,Canada,Female,20.6
2004,SG_GEN_PARL,Canada,Female,20.6
2005,SG_GEN_PARL,Canada,Female,21.1
2007,SG_GEN_PARL,Turkmenistan,Female,16.0
2008,SG_GEN_PARL,Turkmenistan,Female,16.0
2009,SG_GEN_PARL,Turkmenistan,Female,16.8
2010,SG_GEN_PARL,Turkmenistan,Female,16.8
2011,SG_GEN_PARL,Turkmenistan,Female,16.8
2012,SG_GEN_PARL,Turkmenistan,Female,16.8
2013,SG_GEN_PARL,Turkmenistan,Female,16.8
2014,SG_GEN_PARL,Turkmenistan,Female,26.4
2015,SG_GEN_PARL,Turkmenistan,Female,25.81
2006,SG_GEN_PARL,Canada,Female,20.78
2007,SG_GEN_PARL,Canada,Female,20.78
2008,SG_GEN_PARL,Canada,Female,21.31
2009,SG_GEN_PARL,Canada,Female,22.08
2010,SG_GEN_PARL,Canada,Female,22.08
2011,SG_GEN_PARL,Canada,Female,22.08
2012,SG_GEN_PARL,Canada,Female,24.76
2013,SG_GEN_PARL,Canada,Female,24.68
2014,SG_GEN_PARL,Canada,Female,25.08
2016,SG_GEN_PARL,Turkmenistan,Female,25.81
2017,SG_GEN_PARL,Turkmenistan,Female,25.81
2018,SG_GEN_PARL,Turkmenistan,Female,25.81
2019,SG_GEN_PARL,Turkmenistan,Female,25.0
2020,SG_GEN_PARL,Turkmenistan,Female,25.0
2021,SG_GEN_PARL,Turkmenistan,Female,25.0
2022,SG_GEN_PARL,Turkmenistan,Female,25.86
2023,SG_GEN_PARL,Turkmenistan,Female,25.86
2021,SG_GEN_PARL,Italy,Female,35.71
2022,SG_GEN_PARL,Italy,Female,36.25
2023,SG_GEN_PARL,Italy,Female,32.25
2000,SG_GEN_PARL,Japan,Female,4.6
2001,SG_GEN_PARL,Japan,Female,7.29
2002,SG_GEN_PARL,Japan,Female,7.29
2003,SG_GEN_PARL,Japan,Female,7.29
2004,SG_GEN_PARL,Japan,Female,7.08
2005,SG_GEN_PARL,Japan,Female,7.08
2015,SG_GEN_PARL,Canada,Female,25.16
2016,SG_GEN_PARL,Canada,Female,26.04
2017,SG_GEN_PARL,Canada,Female,26.27
2018,SG_GEN_PARL,Canada,Female,27.0
2019,SG_GEN_PARL,Canada,Female,26.95
2020,SG_GEN_PARL,Canada,Female,28.99
2021,SG_GEN_PARL,Canada,Female,29.59
2022,SG_GEN_PARL,Canada,Female,30.47
2023,SG_GEN_PARL,Canada,Female,30.65
2000,SG_GEN_PARL,Ukraine,Female,7.78
2001,SG_GEN_PARL,Ukraine,Female,7.78
2002,SG_GEN_PARL,Ukraine,Female,7.78
2003,SG_GEN_PARL,Ukraine,Female,5.33
2004,SG_GEN_PARL,Ukraine,Female,5.33
2005,SG_GEN_PARL,Ukraine,Female,5.33
2006,SG_GEN_PARL,Ukraine,Female,5.33
2007,SG_GEN_PARL,Ukraine,Female,8.67
2008,SG_GEN_PARL,Ukraine,Female,8.22
2006,SG_GEN_PARL,Japan,Female,8.96
2007,SG_GEN_PARL,Japan,Female,9.38
2008,SG_GEN_PARL,Japan,Female,9.38
2009,SG_GEN_PARL,Japan,Female,9.38
2010,SG_GEN_PARL,Japan,Female,11.25
2011,SG_GEN_PARL,Japan,Female,11.25
2012,SG_GEN_PARL,Japan,Female,10.83
2013,SG_GEN_PARL,Japan,Female,7.92
2014,SG_GEN_PARL,Japan,Female,8.13
2009,SG_GEN_PARL,Ukraine,Female,8.22
2010,SG_GEN_PARL,Ukraine,Female,8.0
2011,SG_GEN_PARL,Ukraine,Female,8.0
2012,SG_GEN_PARL,Ukraine,Female,8.0
2013,SG_GEN_PARL,Ukraine,Female,9.44
2014,SG_GEN_PARL,Ukraine,Female,9.73
2015,SG_GEN_PARL,Ukraine,Female,11.85
2016,SG_GEN_PARL,Ukraine,Female,12.09
2017,SG_GEN_PARL,Ukraine,Female,12.29
2015,SG_GEN_PARL,Japan,Female,9.47
2016,SG_GEN_PARL,Japan,Female,9.47
2017,SG_GEN_PARL,Japan,Female,9.26
2018,SG_GEN_PARL,Japan,Female,10.11
2019,SG_GEN_PARL,Japan,Female,10.15
2020,SG_GEN_PARL,Japan,Female,9.91
2021,SG_GEN_PARL,Japan,Female,9.91
2022,SG_GEN_PARL,Japan,Female,9.68
2023,SG_GEN_PARL,Japan,Female,9.96
2018,SG_GEN_PARL,Ukraine,Female,12.29
2019,SG_GEN_PARL,Ukraine,Female,11.58
2020,SG_GEN_PARL,Ukraine,Female,20.8
2021,SG_GEN_PARL,Ukraine,Female,20.8
2022,SG_GEN_PARL,Ukraine,Female,20.33
2023,SG_GEN_PARL,Ukraine,Female,20.43
2000,SG_GEN_PARL,North Macedonia,Female,7.5
2001,SG_GEN_PARL,North Macedonia,Female,6.67
2002,SG_GEN_PARL,North Macedonia,Female,6.67
2000,SG_GEN_PARL,Chile,Female,10.83
2001,SG_GEN_PARL,Chile,Female,10.83
2002,SG_GEN_PARL,Chile,Female,12.5
2003,SG_GEN_PARL,Chile,Female,12.5
2004,SG_GEN_PARL,Chile,Female,12.5
2005,SG_GEN_PARL,Chile,Female,12.5
2006,SG_GEN_PARL,Chile,Female,15.0
2007,SG_GEN_PARL,Chile,Female,15.0
2008,SG_GEN_PARL,Chile,Female,15.0
2000,SG_GEN_PARL,Kazakhstan,Female,10.39
2001,SG_GEN_PARL,Kazakhstan,Female,10.39
2002,SG_GEN_PARL,Kazakhstan,Female,10.39
2003,SG_GEN_PARL,Kazakhstan,Female,10.39
2004,SG_GEN_PARL,Kazakhstan,Female,10.39
2005,SG_GEN_PARL,Kazakhstan,Female,10.39
2006,SG_GEN_PARL,Kazakhstan,Female,10.39
2007,SG_GEN_PARL,Kazakhstan,Female,10.39
2008,SG_GEN_PARL,Kazakhstan,Female,15.89
2003,SG_GEN_PARL,North Macedonia,Female,18.33
2004,SG_GEN_PARL,North Macedonia,Female,18.33
2005,SG_GEN_PARL,North Macedonia,Female,19.17
2006,SG_GEN_PARL,North Macedonia,Female,19.17
2007,SG_GEN_PARL,North Macedonia,Female,28.33
2008,SG_GEN_PARL,North Macedonia,Female,29.17
2009,SG_GEN_PARL,North Macedonia,Female,31.67
2010,SG_GEN_PARL,North Macedonia,Female,32.5
2011,SG_GEN_PARL,North Macedonia,Female,32.5
2009,SG_GEN_PARL,Chile,Female,15.0
2010,SG_GEN_PARL,Chile,Female,14.17
2011,SG_GEN_PARL,Chile,Female,14.17
2012,SG_GEN_PARL,Chile,Female,14.17
2013,SG_GEN_PARL,Chile,Female,14.17
2014,SG_GEN_PARL,Chile,Female,15.83
2015,SG_GEN_PARL,Chile,Female,15.83
2016,SG_GEN_PARL,Chile,Female,15.83
2017,SG_GEN_PARL,Chile,Female,15.83
2012,SG_GEN_PARL,North Macedonia,Female,30.89
2013,SG_GEN_PARL,North Macedonia,Female,32.52
2014,SG_GEN_PARL,North Macedonia,Female,34.15
2015,SG_GEN_PARL,North Macedonia,Female,33.33
2016,SG_GEN_PARL,North Macedonia,Female,33.33
2017,SG_GEN_PARL,North Macedonia,Female,31.67
2018,SG_GEN_PARL,North Macedonia,Female,37.5
2019,SG_GEN_PARL,North Macedonia,Female,38.33
2020,SG_GEN_PARL,North Macedonia,Female,40.0
2021,SG_GEN_PARL,North Macedonia,Female,39.17
2022,SG_GEN_PARL,North Macedonia,Female,41.67
2023,SG_GEN_PARL,North Macedonia,Female,41.67
2000,SG_GEN_PARL,United Kingdom of Great Britain and Northern Ireland,Female,18.36
2001,SG_GEN_PARL,United Kingdom of Great Britain and Northern Ireland,Female,18.36
2002,SG_GEN_PARL,United Kingdom of Great Britain and Northern Ireland,Female,17.91
2003,SG_GEN_PARL,United Kingdom of Great Britain and Northern Ireland,Female,17.91
2004,SG_GEN_PARL,United Kingdom of Great Britain and Northern Ireland,Female,17.91
2005,SG_GEN_PARL,United Kingdom of Great Britain and Northern Ireland,Female,18.06
2006,SG_GEN_PARL,United Kingdom of Great Britain and Northern Ireland,Female,19.66
2007,SG_GEN_PARL,United Kingdom of Great Britain and Northern Ireland,Female,19.66
2008,SG_GEN_PARL,United Kingdom of Great Britain and Northern Ireland,Female,19.5
2009,SG_GEN_PARL,United Kingdom of Great Britain and Northern Ireland,Female,19.5
2010,SG_GEN_PARL,United Kingdom of Great Britain and Northern Ireland,Female,19.5
2011,SG_GEN_PARL,United Kingdom of Great Britain and Northern Ireland,Female,22.0
2012,SG_GEN_PARL,United Kingdom of Great Britain and Northern Ireland,Female,22.31
2019,SG_GEN_PARL,Chile,Female,22.58
2020,SG_GEN_PARL,Chile,Female,22.58
2021,SG_GEN_PARL,Chile,Female,22.58
2022,SG_GEN_PARL,Chile,Female,35.48
2023,SG_GEN_PARL,Chile,Female,35.48
2000,SG_GEN_PARL,China,Female,21.82
2001,SG_GEN_PARL,China,Female,21.78
2002,SG_GEN_PARL,China,Female,21.78
2003,SG_GEN_PARL,China,Female,21.78
2013,SG_GEN_PARL,United Kingdom of Great Britain and Northern Ireland,Female,22.46
2014,SG_GEN_PARL,United Kingdom of Great Britain and Northern Ireland,Female,22.62
2015,SG_GEN_PARL,United Kingdom of Great Britain and Northern Ireland,Female,22.77
2016,SG_GEN_PARL,United Kingdom of Great Britain and Northern Ireland,Female,29.38
2017,SG_GEN_PARL,United Kingdom of Great Britain and Northern Ireland,Female,30.0
2018,SG_GEN_PARL,United Kingdom of Great Britain and Northern Ireland,Female,32.0
2019,SG_GEN_PARL,United Kingdom of Great Britain and Northern Ireland,Female,32.0
2020,SG_GEN_PARL,United Kingdom of Great Britain and Northern Ireland,Female,33.85
2004,SG_GEN_PARL,China,Female,20.23
2005,SG_GEN_PARL,China,Female,20.23
2006,SG_GEN_PARL,China,Female,20.27
2007,SG_GEN_PARL,China,Female,20.27
2008,SG_GEN_PARL,China,Female,20.62
2009,SG_GEN_PARL,China,Female,21.33
2010,SG_GEN_PARL,China,Female,21.33
2011,SG_GEN_PARL,China,Female,21.33
2012,SG_GEN_PARL,China,Female,21.32
2013,SG_GEN_PARL,China,Female,21.32
2014,SG_GEN_PARL,China,Female,23.4
2015,SG_GEN_PARL,China,Female,23.62
2016,SG_GEN_PARL,China,Female,23.62
2017,SG_GEN_PARL,China,Female,23.7
2018,SG_GEN_PARL,China,Female,24.25
2019,SG_GEN_PARL,China,Female,24.94
2020,SG_GEN_PARL,China,Female,24.94
2021,SG_GEN_PARL,China,Female,24.94
2021,SG_GEN_PARL,United Kingdom of Great Britain and Northern Ireland,Female,33.85
2022,SG_GEN_PARL,United Kingdom of Great Britain and Northern Ireland,Female,34.36
2023,SG_GEN_PARL,United Kingdom of Great Britain and Northern Ireland,Female,34.51
2000,SG_GEN_PARL,Uzbekistan,Female,6.8
2001,SG_GEN_PARL,Uzbekistan,Female,7.2
2002,SG_GEN_PARL,Uzbekistan,Female,7.2
2003,SG_GEN_PARL,Uzbekistan,Female,7.2
2004,SG_GEN_PARL,Uzbekistan,Female,7.2
2022,SG_GEN_PARL,China,Female,24.94
2023,SG_GEN_PARL,China,Female,24.94
2000,SG_GEN_PARL,Colombia,Female,11.8
2001,SG_GEN_PARL,Colombia,Female,11.8
2002,SG_GEN_PARL,Colombia,Female,11.8
2003,SG_GEN_PARL,Colombia,Female,12.05
2004,SG_GEN_PARL,Colombia,Female,12.05
2005,SG_GEN_PARL,Colombia,Female,12.05
2006,SG_GEN_PARL,Colombia,Female,12.12
2009,SG_GEN_PARL,Kazakhstan,Female,15.89
2010,SG_GEN_PARL,Kazakhstan,Female,17.76
2011,SG_GEN_PARL,Kazakhstan,Female,17.76
2012,SG_GEN_PARL,Kazakhstan,Female,24.3
2013,SG_GEN_PARL,Kazakhstan,Female,24.3
2014,SG_GEN_PARL,Kazakhstan,Female,25.22
2015,SG_GEN_PARL,Kazakhstan,Female,26.17
2016,SG_GEN_PARL,Kazakhstan,Female,26.17
2017,SG_GEN_PARL,Kazakhstan,Female,27.1
2007,SG_GEN_PARL,Colombia,Female,8.43
2008,SG_GEN_PARL,Colombia,Female,8.43
2009,SG_GEN_PARL,Colombia,Female,8.43
2010,SG_GEN_PARL,Colombia,Female,8.43
2011,SG_GEN_PARL,Colombia,Female,12.65
2012,SG_GEN_PARL,Colombia,Female,12.12
2013,SG_GEN_PARL,Colombia,Female,12.12
2014,SG_GEN_PARL,Colombia,Female,12.12
2015,SG_GEN_PARL,Colombia,Female,19.88
2018,SG_GEN_PARL,Kazakhstan,Female,27.1
2019,SG_GEN_PARL,Kazakhstan,Female,27.1
2020,SG_GEN_PARL,Kazakhstan,Female,27.1
2021,SG_GEN_PARL,Kazakhstan,Female,27.1
2022,SG_GEN_PARL,Kazakhstan,Female,27.36
2023,SG_GEN_PARL,Kazakhstan,Female,27.36
2000,SG_GEN_PARL,Republic of Korea,Female,3.68
2001,SG_GEN_PARL,Republic of Korea,Female,5.86
2016,SG_GEN_PARL,Colombia,Female,19.88
2017,SG_GEN_PARL,Colombia,Female,18.67
2018,SG_GEN_PARL,Colombia,Female,18.67
2019,SG_GEN_PARL,Colombia,Female,18.71
2020,SG_GEN_PARL,Colombia,Female,18.34
2021,SG_GEN_PARL,Colombia,Female,18.82
2022,SG_GEN_PARL,Colombia,Female,18.56
2023,SG_GEN_PARL,Colombia,Female,28.88
2000,SG_GEN_PARL,Costa Rica,Female,19.3
2001,SG_GEN_PARL,Costa Rica,Female,19.3
2002,SG_GEN_PARL,Costa Rica,Female,19.3
2003,SG_GEN_PARL,Costa Rica,Female,35.09
2004,SG_GEN_PARL,Costa Rica,Female,35.09
2005,SG_GEN_PARL,Costa Rica,Female,35.09
2006,SG_GEN_PARL,Costa Rica,Female,35.09
2007,SG_GEN_PARL,Costa Rica,Female,38.6
2008,SG_GEN_PARL,Costa Rica,Female,36.84
2009,SG_GEN_PARL,Costa Rica,Female,36.84
2005,SG_GEN_PARL,Uzbekistan,Female,17.5
2006,SG_GEN_PARL,Uzbekistan,Female,17.5
2007,SG_GEN_PARL,Uzbekistan,Female,17.5
2008,SG_GEN_PARL,Uzbekistan,Female,17.5
2009,SG_GEN_PARL,Uzbekistan,Female,17.5
2010,SG_GEN_PARL,Uzbekistan,Female,22.0
2011,SG_GEN_PARL,Uzbekistan,Female,22.0
2012,SG_GEN_PARL,Uzbekistan,Female,22.0
2013,SG_GEN_PARL,Uzbekistan,Female,22.0
2010,SG_GEN_PARL,Costa Rica,Female,36.84
2011,SG_GEN_PARL,Costa Rica,Female,38.6
2012,SG_GEN_PARL,Costa Rica,Female,38.6
2013,SG_GEN_PARL,Costa Rica,Female,38.6
2014,SG_GEN_PARL,Costa Rica,Female,38.6
2015,SG_GEN_PARL,Costa Rica,Female,33.33
2016,SG_GEN_PARL,Costa Rica,Female,33.33
2017,SG_GEN_PARL,Costa Rica,Female,35.09
2018,SG_GEN_PARL,Costa Rica,Female,35.09
2014,SG_GEN_PARL,Uzbekistan,Female,22.0
2015,SG_GEN_PARL,Uzbekistan,Female,16.0
2016,SG_GEN_PARL,Uzbekistan,Female,16.0
2017,SG_GEN_PARL,Uzbekistan,Female,16.0
2018,SG_GEN_PARL,Uzbekistan,Female,16.0
2019,SG_GEN_PARL,Uzbekistan,Female,16.0
2020,SG_GEN_PARL,Uzbekistan,Female,32.0
2021,SG_GEN_PARL,Uzbekistan,Female,32.65
2022,SG_GEN_PARL,Uzbekistan,Female,33.33
2002,SG_GEN_PARL,Republic of Korea,Female,5.86
2003,SG_GEN_PARL,Republic of Korea,Female,5.86
2004,SG_GEN_PARL,Republic of Korea,Female,5.54
2005,SG_GEN_PARL,Republic of Korea,Female,13.04
2006,SG_GEN_PARL,Republic of Korea,Female,13.38
2007,SG_GEN_PARL,Republic of Korea,Female,13.38
2008,SG_GEN_PARL,Republic of Korea,Female,14.38
2009,SG_GEN_PARL,Republic of Korea,Female,13.71
2010,SG_GEN_PARL,Republic of Korea,Female,14.72
2019,SG_GEN_PARL,Costa Rica,Female,45.61
2020,SG_GEN_PARL,Costa Rica,Female,45.61
2021,SG_GEN_PARL,Costa Rica,Female,45.61
2022,SG_GEN_PARL,Costa Rica,Female,45.61
2023,SG_GEN_PARL,Costa Rica,Female,47.37
2000,SG_GEN_PARL,Croatia,Female,0.0
2001,SG_GEN_PARL,Croatia,Female,20.53
2002,SG_GEN_PARL,Croatia,Female,20.53
2011,SG_GEN_PARL,Republic of Korea,Female,14.72
2012,SG_GEN_PARL,Republic of Korea,Female,14.72
2013,SG_GEN_PARL,Republic of Korea,Female,15.67
2014,SG_GEN_PARL,Republic of Korea,Female,15.67
2015,SG_GEN_PARL,Republic of Korea,Female,16.33
2016,SG_GEN_PARL,Republic of Korea,Female,16.33
2017,SG_GEN_PARL,Republic of Korea,Female,17.0
2018,SG_GEN_PARL,Republic of Korea,Female,17.0
2019,SG_GEN_PARL,Republic of Korea,Female,17.11
2003,SG_GEN_PARL,Croatia,Female,20.53
2004,SG_GEN_PARL,Croatia,Female,17.76
2005,SG_GEN_PARL,Croatia,Female,21.71
2006,SG_GEN_PARL,Croatia,Female,21.71
2007,SG_GEN_PARL,Croatia,Female,21.71
2008,SG_GEN_PARL,Croatia,Female,20.92
2009,SG_GEN_PARL,Croatia,Female,20.92
2010,SG_GEN_PARL,Croatia,Female,23.53
2011,SG_GEN_PARL,Croatia,Female,23.53
2020,SG_GEN_PARL,Republic of Korea,Female,17.29
2021,SG_GEN_PARL,Republic of Korea,Female,19.0
2022,SG_GEN_PARL,Republic of Korea,Female,18.64
2023,SG_GEN_PARL,Republic of Korea,Female,19.06
2000,SG_GEN_PARL,Kyrgyzstan,Female,1.43
2001,SG_GEN_PARL,Kyrgyzstan,Female,2.33
2002,SG_GEN_PARL,Kyrgyzstan,Female,10.0
2003,SG_GEN_PARL,Kyrgyzstan,Female,10.0
2012,SG_GEN_PARL,Croatia,Female,23.84
2013,SG_GEN_PARL,Croatia,Female,23.84
2014,SG_GEN_PARL,Croatia,Female,23.84
2015,SG_GEN_PARL,Croatia,Female,25.83
2016,SG_GEN_PARL,Croatia,Female,15.23
2017,SG_GEN_PARL,Croatia,Female,19.87
2018,SG_GEN_PARL,Croatia,Female,18.54
2019,SG_GEN_PARL,Croatia,Female,20.53
2020,SG_GEN_PARL,Croatia,Female,19.21
2021,SG_GEN_PARL,Croatia,Female,31.13
2022,SG_GEN_PARL,Croatia,Female,31.79
2023,SG_GEN_PARL,Croatia,Female,31.79
2000,SG_GEN_PARL,Cyprus,Female,5.36
2001,SG_GEN_PARL,Cyprus,Female,7.14
2002,SG_GEN_PARL,Cyprus,Female,10.71
2003,SG_GEN_PARL,Cyprus,Female,10.71
2004,SG_GEN_PARL,Cyprus,Female,10.71
2005,SG_GEN_PARL,Cyprus,Female,16.07
2006,SG_GEN_PARL,Cyprus,Female,16.07
2007,SG_GEN_PARL,Cyprus,Female,14.29
2008,SG_GEN_PARL,Cyprus,Female,14.29
2009,SG_GEN_PARL,Cyprus,Female,14.29
2010,SG_GEN_PARL,Cyprus,Female,12.5
2011,SG_GEN_PARL,Cyprus,Female,12.5
2012,SG_GEN_PARL,Cyprus,Female,10.71
2013,SG_GEN_PARL,Cyprus,Female,10.71
2014,SG_GEN_PARL,Cyprus,Female,12.5
2015,SG_GEN_PARL,Cyprus,Female,12.5
2016,SG_GEN_PARL,Cyprus,Female,12.5
2017,SG_GEN_PARL,Cyprus,Female,17.86
2018,SG_GEN_PARL,Cyprus,Female,17.86
2019,SG_GEN_PARL,Cyprus,Female,17.86
2020,SG_GEN_PARL,Cyprus,Female,19.64
2021,SG_GEN_PARL,Cyprus,Female,21.43
2022,SG_GEN_PARL,Cyprus,Female,14.29
2023,SG_GEN_PARL,Cyprus,Female,14.29
2000,SG_GEN_PARL,Czechia,Female,15.0
2001,SG_GEN_PARL,Czechia,Female,15.0
2002,SG_GEN_PARL,Czechia,Female,15.0
2003,SG_GEN_PARL,Czechia,Female,17.0
2004,SG_GEN_PARL,Czechia,Female,17.0
2005,SG_GEN_PARL,Czechia,Female,17.0
2006,SG_GEN_PARL,Czechia,Female,17.0
2007,SG_GEN_PARL,Czechia,Female,15.5
2008,SG_GEN_PARL,Czechia,Female,15.5
2009,SG_GEN_PARL,Czechia,Female,15.5
2010,SG_GEN_PARL,Czechia,Female,15.5
2011,SG_GEN_PARL,Czechia,Female,22.0
2012,SG_GEN_PARL,Czechia,Female,22.0
2013,SG_GEN_PARL,Czechia,Female,22.0
2014,SG_GEN_PARL,Czechia,Female,19.5
2015,SG_GEN_PARL,Czechia,Female,19.0
2016,SG_GEN_PARL,Czechia,Female,20.0
2017,SG_GEN_PARL,Czechia,Female,20.0
2018,SG_GEN_PARL,Czechia,Female,22.0
2019,SG_GEN_PARL,Czechia,Female,22.5
2020,SG_GEN_PARL,Czechia,Female,22.5
2021,SG_GEN_PARL,Czechia,Female,23.0
2022,SG_GEN_PARL,Czechia,Female,25.5
2023,SG_GEN_PARL,Czechia,Female,26.0
2000,SG_GEN_PARL,Denmark,Female,37.43
2001,SG_GEN_PARL,Denmark,Female,37.43
2002,SG_GEN_PARL,Denmark,Female,37.99
2003,SG_GEN_PARL,Denmark,Female,37.99
2004,SG_GEN_PARL,Denmark,Female,37.99
2005,SG_GEN_PARL,Denmark,Female,37.99
2006,SG_GEN_PARL,Denmark,Female,36.87
2007,SG_GEN_PARL,Denmark,Female,36.87
2008,SG_GEN_PARL,Denmark,Female,37.99
2009,SG_GEN_PARL,Denmark,Female,37.99
2010,SG_GEN_PARL,Denmark,Female,37.99
2011,SG_GEN_PARL,Denmark,Female,37.99
2012,SG_GEN_PARL,Denmark,Female,39.11
2013,SG_GEN_PARL,Denmark,Female,39.11
2014,SG_GEN_PARL,Denmark,Female,39.11
2015,SG_GEN_PARL,Denmark,Female,37.99
2016,SG_GEN_PARL,Denmark,Female,37.43
2017,SG_GEN_PARL,Denmark,Female,37.43
2018,SG_GEN_PARL,Denmark,Female,37.43
2019,SG_GEN_PARL,Denmark,Female,37.43
2020,SG_GEN_PARL,Denmark,Female,39.66
2004,SG_GEN_PARL,Kyrgyzstan,Female,10.0
2005,SG_GEN_PARL,Kyrgyzstan,Female,10.0
2006,SG_GEN_PARL,Kyrgyzstan,Female,0.0
2007,SG_GEN_PARL,Kyrgyzstan,Female,0.0
2008,SG_GEN_PARL,Kyrgyzstan,Female,25.56
2009,SG_GEN_PARL,Kyrgyzstan,Female,25.56
2010,SG_GEN_PARL,Kyrgyzstan,Female,25.56
2011,SG_GEN_PARL,Kyrgyzstan,Female,23.33
2012,SG_GEN_PARL,Kyrgyzstan,Female,23.33
2013,SG_GEN_PARL,Kyrgyzstan,Female,23.33
2014,SG_GEN_PARL,Kyrgyzstan,Female,23.33
2015,SG_GEN_PARL,Kyrgyzstan,Female,23.33
2016,SG_GEN_PARL,Kyrgyzstan,Female,19.17
2017,SG_GEN_PARL,Kyrgyzstan,Female,19.17
2018,SG_GEN_PARL,Kyrgyzstan,Female,19.17
2019,SG_GEN_PARL,Kyrgyzstan,Female,19.17
2020,SG_GEN_PARL,Kyrgyzstan,Female,19.17
2021,SG_GEN_PARL,Kyrgyzstan,Female,17.09
2021,SG_GEN_PARL,Denmark,Female,39.66
2022,SG_GEN_PARL,Denmark,Female,39.66
2023,SG_GEN_PARL,Denmark,Female,43.58
2000,SG_GEN_PARL,Estonia,Female,17.82
2001,SG_GEN_PARL,Estonia,Female,17.82
2002,SG_GEN_PARL,Estonia,Female,17.82
2003,SG_GEN_PARL,Estonia,Female,17.82
2004,SG_GEN_PARL,Estonia,Female,18.81
2005,SG_GEN_PARL,Estonia,Female,18.81
2006,SG_GEN_PARL,Estonia,Female,18.81
2007,SG_GEN_PARL,Estonia,Female,18.81
2008,SG_GEN_PARL,Estonia,Female,20.79
2009,SG_GEN_PARL,Estonia,Female,20.79
2010,SG_GEN_PARL,Estonia,Female,22.77
2011,SG_GEN_PARL,Estonia,Female,22.77
2012,SG_GEN_PARL,Estonia,Female,19.8
2013,SG_GEN_PARL,Estonia,Female,20.79
2014,SG_GEN_PARL,Estonia,Female,19.0
2022,SG_GEN_PARL,Kyrgyzstan,Female,20.45
2023,SG_GEN_PARL,Kyrgyzstan,Female,20.0
2000,SG_GEN_PARL,Latvia,Female,17.0
2001,SG_GEN_PARL,Latvia,Female,17.0
2002,SG_GEN_PARL,Latvia,Female,17.0
2003,SG_GEN_PARL,Latvia,Female,21.0
2004,SG_GEN_PARL,Latvia,Female,21.0
2005,SG_GEN_PARL,Latvia,Female,21.0
2006,SG_GEN_PARL,Latvia,Female,21.0
2015,SG_GEN_PARL,Estonia,Female,19.8
2016,SG_GEN_PARL,Estonia,Female,23.76
2017,SG_GEN_PARL,Estonia,Female,26.73
2018,SG_GEN_PARL,Estonia,Female,26.73
2019,SG_GEN_PARL,Estonia,Female,28.71
2020,SG_GEN_PARL,Estonia,Female,28.71
2021,SG_GEN_PARL,Estonia,Female,27.72
2022,SG_GEN_PARL,Estonia,Female,25.74
2023,SG_GEN_PARL,Estonia,Female,27.72
2007,SG_GEN_PARL,Latvia,Female,19.0
2008,SG_GEN_PARL,Latvia,Female,20.0
2009,SG_GEN_PARL,Latvia,Female,20.0
2010,SG_GEN_PARL,Latvia,Female,22.0
2011,SG_GEN_PARL,Latvia,Female,20.0
2012,SG_GEN_PARL,Latvia,Female,23.0
2013,SG_GEN_PARL,Latvia,Female,23.0
2014,SG_GEN_PARL,Latvia,Female,25.0
2015,SG_GEN_PARL,Latvia,Female,18.0
2016,SG_GEN_PARL,Latvia,Female,18.0
2017,SG_GEN_PARL,Latvia,Female,16.0
2018,SG_GEN_PARL,Latvia,Female,16.0
2019,SG_GEN_PARL,Latvia,Female,31.0
2020,SG_GEN_PARL,Latvia,Female,30.0
2021,SG_GEN_PARL,Latvia,Female,29.0
2022,SG_GEN_PARL,Latvia,Female,27.0
2023,SG_GEN_PARL,Latvia,Female,29.0
2000,SG_GEN_PARL,Liechtenstein,Female,4.0
2000,SG_GEN_PARL,Finland,Female,37.0
2001,SG_GEN_PARL,Finland,Female,36.5
2002,SG_GEN_PARL,Finland,Female,36.5
2003,SG_GEN_PARL,Finland,Female,36.5
2004,SG_GEN_PARL,Finland,Female,37.5
2005,SG_GEN_PARL,Finland,Female,37.5
2006,SG_GEN_PARL,Finland,Female,37.5
2007,SG_GEN_PARL,Finland,Female,38.0
2008,SG_GEN_PARL,Finland,Female,41.5
2001,SG_GEN_PARL,Liechtenstein,Female,4.0
2002,SG_GEN_PARL,Liechtenstein,Female,12.0
2003,SG_GEN_PARL,Liechtenstein,Female,12.0
2004,SG_GEN_PARL,Liechtenstein,Female,12.0
2005,SG_GEN_PARL,Liechtenstein,Female,12.0
2006,SG_GEN_PARL,Liechtenstein,Female,24.0
2007,SG_GEN_PARL,Liechtenstein,Female,24.0
2008,SG_GEN_PARL,Liechtenstein,Female,24.0
2009,SG_GEN_PARL,Liechtenstein,Female,24.0
2010,SG_GEN_PARL,Liechtenstein,Female,24.0
2011,SG_GEN_PARL,Liechtenstein,Female,24.0
2012,SG_GEN_PARL,Liechtenstein,Female,24.0
2013,SG_GEN_PARL,Liechtenstein,Female,24.0
2014,SG_GEN_PARL,Liechtenstein,Female,20.0
2015,SG_GEN_PARL,Liechtenstein,Female,20.0
2016,SG_GEN_PARL,Liechtenstein,Female,20.0
2017,SG_GEN_PARL,Liechtenstein,Female,12.0
2018,SG_GEN_PARL,Liechtenstein,Female,12.0
2019,SG_GEN_PARL,Liechtenstein,Female,12.0
2020,SG_GEN_PARL,Liechtenstein,Female,12.0
2021,SG_GEN_PARL,Liechtenstein,Female,12.0
2022,SG_GEN_PARL,Liechtenstein,Female,28.0
2023,SG_GEN_PARL,Liechtenstein,Female,28.0
2000,SG_GEN_PARL,Lithuania,Female,17.52
2001,SG_GEN_PARL,Lithuania,Female,10.64
2002,SG_GEN_PARL,Lithuania,Female,10.64
2003,SG_GEN_PARL,Lithuania,Female,10.64
2004,SG_GEN_PARL,Lithuania,Female,10.64
2005,SG_GEN_PARL,Lithuania,Female,21.99
2006,SG_GEN_PARL,Lithuania,Female,21.99
2007,SG_GEN_PARL,Lithuania,Female,24.82
2008,SG_GEN_PARL,Lithuania,Female,22.7
2009,SG_GEN_PARL,Lithuania,Female,17.73
2010,SG_GEN_PARL,Lithuania,Female,19.15
2011,SG_GEN_PARL,Lithuania,Female,19.15
2012,SG_GEN_PARL,Lithuania,Female,19.15
2013,SG_GEN_PARL,Lithuania,Female,24.46
2014,SG_GEN_PARL,Lithuania,Female,24.11
2015,SG_GEN_PARL,Lithuania,Female,23.4
2016,SG_GEN_PARL,Lithuania,Female,23.4
2017,SG_GEN_PARL,Lithuania,Female,21.28
2018,SG_GEN_PARL,Lithuania,Female,21.28
2019,SG_GEN_PARL,Lithuania,Female,21.28
2020,SG_GEN_PARL,Lithuania,Female,24.11
2021,SG_GEN_PARL,Lithuania,Female,27.66
2022,SG_GEN_PARL,Lithuania,Female,28.37
2023,SG_GEN_PARL,Lithuania,Female,28.37
2000,SG_GEN_PARL,Luxembourg,Female,16.67
2001,SG_GEN_PARL,Luxembourg,Female,16.67
2002,SG_GEN_PARL,Luxembourg,Female,16.67
2003,SG_GEN_PARL,Luxembourg,Female,16.67
2004,SG_GEN_PARL,Luxembourg,Female,16.67
2005,SG_GEN_PARL,Luxembourg,Female,23.33
2006,SG_GEN_PARL,Luxembourg,Female,23.33
2007,SG_GEN_PARL,Luxembourg,Female,23.33
2008,SG_GEN_PARL,Luxembourg,Female,23.33
2009,SG_GEN_PARL,Luxembourg,Female,23.33
2010,SG_GEN_PARL,Luxembourg,Female,20.0
2011,SG_GEN_PARL,Luxembourg,Female,20.0
2012,SG_GEN_PARL,Luxembourg,Female,25.0
2013,SG_GEN_PARL,Luxembourg,Female,21.67
2014,SG_GEN_PARL,Luxembourg,Female,28.33
2015,SG_GEN_PARL,Luxembourg,Female,28.33
2016,SG_GEN_PARL,Luxembourg,Female,28.33
2017,SG_GEN_PARL,Luxembourg,Female,28.33
2018,SG_GEN_PARL,Luxembourg,Female,28.33
2019,SG_GEN_PARL,Luxembourg,Female,25.0
2020,SG_GEN_PARL,Luxembourg,Female,30.0
2021,SG_GEN_PARL,Luxembourg,Female,31.67
2022,SG_GEN_PARL,Luxembourg,Female,33.33
2023,SG_GEN_PARL,Luxembourg,Female,35.0
2000,SG_GEN_PARL,Malta,Female,9.23
2001,SG_GEN_PARL,Malta,Female,9.23
2002,SG_GEN_PARL,Malta,Female,9.23
2003,SG_GEN_PARL,Malta,Female,9.23
2004,SG_GEN_PARL,Malta,Female,9.23
2005,SG_GEN_PARL,Malta,Female,9.23
2006,SG_GEN_PARL,Malta,Female,9.23
2007,SG_GEN_PARL,Malta,Female,9.23
2008,SG_GEN_PARL,Malta,Female,9.23
2009,SG_GEN_PARL,Malta,Female,8.7
2010,SG_GEN_PARL,Malta,Female,8.7
2011,SG_GEN_PARL,Malta,Female,8.7
2012,SG_GEN_PARL,Malta,Female,8.7
2013,SG_GEN_PARL,Malta,Female,8.7
2014,SG_GEN_PARL,Malta,Female,14.29
2015,SG_GEN_PARL,Malta,Female,12.86
2016,SG_GEN_PARL,Malta,Female,12.86
2017,SG_GEN_PARL,Malta,Female,12.5
2018,SG_GEN_PARL,Malta,Female,11.94
2019,SG_GEN_PARL,Malta,Female,11.94
2020,SG_GEN_PARL,Malta,Female,13.43
2021,SG_GEN_PARL,Malta,Female,13.43
2022,SG_GEN_PARL,Malta,Female,13.43
2023,SG_GEN_PARL,Malta,Female,27.85
2000,SG_GEN_PARL,Mexico,Female,18.2
2001,SG_GEN_PARL,Mexico,Female,16.0
2002,SG_GEN_PARL,Mexico,Female,16.0
2003,SG_GEN_PARL,Mexico,Female,16.0
2004,SG_GEN_PARL,Mexico,Female,22.6
2005,SG_GEN_PARL,Mexico,Female,22.6
2006,SG_GEN_PARL,Mexico,Female,24.2
2007,SG_GEN_PARL,Mexico,Female,22.6
2008,SG_GEN_PARL,Mexico,Female,23.2
2009,SG_GEN_PARL,Mexico,Female,23.2
2010,SG_GEN_PARL,Mexico,Female,27.6
2011,SG_GEN_PARL,Mexico,Female,26.2
2012,SG_GEN_PARL,Mexico,Female,26.2
2013,SG_GEN_PARL,Mexico,Female,36.8
2014,SG_GEN_PARL,Mexico,Female,37.4
2015,SG_GEN_PARL,Mexico,Female,38.0
2016,SG_GEN_PARL,Mexico,Female,42.37
2017,SG_GEN_PARL,Mexico,Female,42.6
2018,SG_GEN_PARL,Mexico,Female,42.6
2019,SG_GEN_PARL,Mexico,Female,48.2
2020,SG_GEN_PARL,Mexico,Female,48.2
2021,SG_GEN_PARL,Mexico,Female,48.2
2022,SG_GEN_PARL,Mexico,Female,50.0
2023,SG_GEN_PARL,Mexico,Female,50.0
2000,SG_GEN_PARL,Moldova,Female,8.91
2001,SG_GEN_PARL,Moldova,Female,7.92
2002,SG_GEN_PARL,Moldova,Female,12.87
2003,SG_GEN_PARL,Moldova,Female,12.87
2004,SG_GEN_PARL,Moldova,Female,12.87
2005,SG_GEN_PARL,Moldova,Female,15.84
2006,SG_GEN_PARL,Moldova,Female,21.78
2007,SG_GEN_PARL,Moldova,Female,21.78
2008,SG_GEN_PARL,Moldova,Female,21.78
2009,SG_GEN_PARL,Moldova,Female,21.78
2010,SG_GEN_PARL,Moldova,Female,23.76
2011,SG_GEN_PARL,Moldova,Female,18.81
2012,SG_GEN_PARL,Moldova,Female,19.8
2013,SG_GEN_PARL,Moldova,Female,19.8
2014,SG_GEN_PARL,Moldova,Female,18.81
2015,SG_GEN_PARL,Moldova,Female,20.79
2016,SG_GEN_PARL,Moldova,Female,21.78
2017,SG_GEN_PARL,Moldova,Female,22.77
2018,SG_GEN_PARL,Moldova,Female,22.77
2019,SG_GEN_PARL,Moldova,Female,22.77
2020,SG_GEN_PARL,Moldova,Female,24.75
2021,SG_GEN_PARL,Moldova,Female,24.75
2022,SG_GEN_PARL,Moldova,Female,40.59
2023,SG_GEN_PARL,Moldova,Female,38.61
2007,SG_GEN_PARL,Montenegro,Female,8.64
2008,SG_GEN_PARL,Montenegro,Female,11.11
2009,SG_GEN_PARL,Montenegro,Female,11.11
2010,SG_GEN_PARL,Montenegro,Female,11.11
2011,SG_GEN_PARL,Montenegro,Female,11.11
2012,SG_GEN_PARL,Montenegro,Female,12.35
2013,SG_GEN_PARL,Montenegro,Female,17.28
2014,SG_GEN_PARL,Montenegro,Female,14.81
2015,SG_GEN_PARL,Montenegro,Female,17.28
2016,SG_GEN_PARL,Montenegro,Female,17.28
2017,SG_GEN_PARL,Montenegro,Female,23.46
2018,SG_GEN_PARL,Montenegro,Female,23.46
2019,SG_GEN_PARL,Montenegro,Female,23.46
2020,SG_GEN_PARL,Montenegro,Female,29.63
2021,SG_GEN_PARL,Montenegro,Female,24.69
2022,SG_GEN_PARL,Montenegro,Female,27.16
2023,SG_GEN_PARL,Montenegro,Female,28.4
2000,SG_GEN_PARL,Netherlands (Kingdom of the),Female,36.0
2001,SG_GEN_PARL,Netherlands (Kingdom of the),Female,36.0
2002,SG_GEN_PARL,Netherlands (Kingdom of the),Female,36.0
2003,SG_GEN_PARL,Netherlands (Kingdom of the),Female,36.67
2004,SG_GEN_PARL,Netherlands (Kingdom of the),Female,36.67
2005,SG_GEN_PARL,Netherlands (Kingdom of the),Female,36.67
2006,SG_GEN_PARL,Netherlands (Kingdom of the),Female,36.67
2007,SG_GEN_PARL,Netherlands (Kingdom of the),Female,36.67
2008,SG_GEN_PARL,Netherlands (Kingdom of the),Female,39.33
2009,SG_GEN_PARL,Netherlands (Kingdom of the),Female,41.33
2010,SG_GEN_PARL,Netherlands (Kingdom of the),Female,42.0
2011,SG_GEN_PARL,Netherlands (Kingdom of the),Female,40.67
2012,SG_GEN_PARL,Netherlands (Kingdom of the),Female,40.67
2013,SG_GEN_PARL,Netherlands (Kingdom of the),Female,38.67
2014,SG_GEN_PARL,Netherlands (Kingdom of the),Female,38.67
2015,SG_GEN_PARL,Netherlands (Kingdom of the),Female,37.33
2016,SG_GEN_PARL,Netherlands (Kingdom of the),Female,37.33
2017,SG_GEN_PARL,Netherlands (Kingdom of the),Female,38.0
2018,SG_GEN_PARL,Netherlands (Kingdom of the),Female,36.0
2019,SG_GEN_PARL,Netherlands (Kingdom of the),Female,31.33
2020,SG_GEN_PARL,Netherlands (Kingdom of the),Female,33.33
2021,SG_GEN_PARL,Netherlands (Kingdom of the),Female,33.33
2022,SG_GEN_PARL,Netherlands (Kingdom of the),Female,40.67
2023,SG_GEN_PARL,Netherlands (Kingdom of the),Female,40.67
2000,SG_GEN_PARL,New Zealand,Female,29.17
2001,SG_GEN_PARL,New Zealand,Female,30.83
2002,SG_GEN_PARL,New Zealand,Female,30.83
2003,SG_GEN_PARL,New Zealand,Female,29.17
2004,SG_GEN_PARL,New Zealand,Female,28.33
2005,SG_GEN_PARL,New Zealand,Female,28.33
2006,SG_GEN_PARL,New Zealand,Female,32.23
2007,SG_GEN_PARL,New Zealand,Female,32.23
2008,SG_GEN_PARL,New Zealand,Female,33.06
2009,SG_GEN_PARL,New Zealand,Female,33.61
2010,SG_GEN_PARL,New Zealand,Female,33.61
2011,SG_GEN_PARL,New Zealand,Female,33.61
2012,SG_GEN_PARL,New Zealand,Female,32.23
2013,SG_GEN_PARL,New Zealand,Female,32.23
2014,SG_GEN_PARL,New Zealand,Female,33.88
2015,SG_GEN_PARL,New Zealand,Female,31.41
2016,SG_GEN_PARL,New Zealand,Female,31.41
2017,SG_GEN_PARL,New Zealand,Female,34.17
2018,SG_GEN_PARL,New Zealand,Female,38.33
2019,SG_GEN_PARL,New Zealand,Female,40.0
2020,SG_GEN_PARL,New Zealand,Female,40.83
2021,SG_GEN_PARL,New Zealand,Female,48.33
2022,SG_GEN_PARL,New Zealand,Female,49.17
2023,SG_GEN_PARL,New Zealand,Female,50.0
2000,SG_GEN_PARL,Norway,Female,36.36
2001,SG_GEN_PARL,Norway,Female,36.36
2002,SG_GEN_PARL,Norway,Female,35.76
2003,SG_GEN_PARL,Norway,Female,36.36
2004,SG_GEN_PARL,Norway,Female,36.36
2005,SG_GEN_PARL,Norway,Female,38.18
2006,SG_GEN_PARL,Norway,Female,37.87
2007,SG_GEN_PARL,Norway,Female,37.87
2008,SG_GEN_PARL,Norway,Female,36.09
2009,SG_GEN_PARL,Norway,Female,36.09
2010,SG_GEN_PARL,Norway,Female,39.65
2011,SG_GEN_PARL,Norway,Female,39.65
2012,SG_GEN_PARL,Norway,Female,39.65
2013,SG_GEN_PARL,Norway,Female,39.65
2014,SG_GEN_PARL,Norway,Female,39.65
2015,SG_GEN_PARL,Norway,Female,39.65
2016,SG_GEN_PARL,Norway,Female,39.65
2017,SG_GEN_PARL,Norway,Female,39.65
2018,SG_GEN_PARL,Norway,Female,41.42
2019,SG_GEN_PARL,Norway,Female,40.83
2020,SG_GEN_PARL,Norway,Female,41.42
2021,SG_GEN_PARL,Norway,Female,44.38
2022,SG_GEN_PARL,Norway,Female,44.97
2023,SG_GEN_PARL,Norway,Female,46.15
2000,SG_GEN_PARL,Poland,Female,13.04
2001,SG_GEN_PARL,Poland,Female,13.04
2002,SG_GEN_PARL,Poland,Female,20.22
2003,SG_GEN_PARL,Poland,Female,20.22
2004,SG_GEN_PARL,Poland,Female,20.22
2005,SG_GEN_PARL,Poland,Female,20.22
2006,SG_GEN_PARL,Poland,Female,20.43
2007,SG_GEN_PARL,Poland,Female,20.43
2008,SG_GEN_PARL,Poland,Female,20.43
2009,SG_GEN_PARL,Poland,Female,20.22
2010,SG_GEN_PARL,Poland,Female,20.0
2011,SG_GEN_PARL,Poland,Female,20.0
2012,SG_GEN_PARL,Poland,Female,23.7
2013,SG_GEN_PARL,Poland,Female,23.7
2014,SG_GEN_PARL,Poland,Female,24.35
2015,SG_GEN_PARL,Poland,Female,24.13
2016,SG_GEN_PARL,Poland,Female,27.39
2017,SG_GEN_PARL,Poland,Female,28.04
2018,SG_GEN_PARL,Poland,Female,28.04
2019,SG_GEN_PARL,Poland,Female,29.13
2020,SG_GEN_PARL,Poland,Female,28.7
2021,SG_GEN_PARL,Poland,Female,28.32
2022,SG_GEN_PARL,Poland,Female,28.26
2023,SG_GEN_PARL,Poland,Female,28.26
2000,SG_GEN_PARL,Portugal,Female,18.7
2001,SG_GEN_PARL,Portugal,Female,17.39
2002,SG_GEN_PARL,Portugal,Female,18.7
2003,SG_GEN_PARL,Portugal,Female,19.13
2004,SG_GEN_PARL,Portugal,Female,19.13
2005,SG_GEN_PARL,Portugal,Female,19.13
2006,SG_GEN_PARL,Portugal,Female,21.3
2007,SG_GEN_PARL,Portugal,Female,21.3
2008,SG_GEN_PARL,Portugal,Female,28.26
2009,SG_GEN_PARL,Portugal,Female,28.26
2010,SG_GEN_PARL,Portugal,Female,27.39
2011,SG_GEN_PARL,Portugal,Female,27.39
2012,SG_GEN_PARL,Portugal,Female,28.7
2013,SG_GEN_PARL,Portugal,Female,28.7
2014,SG_GEN_PARL,Portugal,Female,31.3
2015,SG_GEN_PARL,Portugal,Female,31.3
2016,SG_GEN_PARL,Portugal,Female,34.78
2017,SG_GEN_PARL,Portugal,Female,34.78
2018,SG_GEN_PARL,Portugal,Female,34.78
2019,SG_GEN_PARL,Portugal,Female,35.65
2020,SG_GEN_PARL,Portugal,Female,40.0
2021,SG_GEN_PARL,Portugal,Female,40.0
2022,SG_GEN_PARL,Portugal,Female,40.0
2023,SG_GEN_PARL,Portugal,Female,36.09
2000,SG_GEN_PARL,Romania,Female,7.29
2001,SG_GEN_PARL,Romania,Female,10.72
2002,SG_GEN_PARL,Romania,Female,10.72
2003,SG_GEN_PARL,Romania,Female,10.72
2004,SG_GEN_PARL,Romania,Female,10.72
2005,SG_GEN_PARL,Romania,Female,11.45
2006,SG_GEN_PARL,Romania,Female,11.18
2007,SG_GEN_PARL,Romania,Female,11.18
2008,SG_GEN_PARL,Romania,Female,9.39
2009,SG_GEN_PARL,Romania,Female,11.38
2010,SG_GEN_PARL,Romania,Female,11.38
2011,SG_GEN_PARL,Romania,Female,11.38
2012,SG_GEN_PARL,Romania,Female,11.21
2013,SG_GEN_PARL,Romania,Female,13.35
2014,SG_GEN_PARL,Romania,Female,13.51
2015,SG_GEN_PARL,Romania,Female,13.72
2023,SG_GEN_PARL,Uzbekistan,Female,33.57
2009,SG_GEN_PARL,Finland,Female,41.5
2009,SG_GEN_PARL,Finland,Female,41.5
