Year,SeriesCode,Country,Value
2000,EN_LKRV_PWAP,Armenia,0.02704
2001,EN_LKRV_PWAP,Armenia,0.02713
2002,EN_LKRV_PWAP,Armenia,0.03611
2003,EN_LKRV_PWAP,Armenia,0.04516
2004,EN_LKRV_PWAP,Armenia,0.04519
2005,EN_LKRV_PWAP,Armenia,0.04525
2006,EN_LKRV_PWAP,Armenia,0.0454
2007,EN_LKRV_PWAP,Armenia,0.04557
2008,EN_LKRV_PWAP,Armenia,0.0457
2009,EN_LKRV_PWAP,Armenia,0.04577
2010,EN_LKRV_PWAP,Armenia,0.04584
2011,EN_LKRV_PWAP,Armenia,0.04591
2012,EN_LKRV_PWAP,Armenia,0.04602
2013,EN_LKRV_PWAP,Armenia,0.04603
2014,EN_LKRV_PWAP,Armenia,0.0461
2015,EN_LKRV_PWAP,Armenia,0.04612
2016,EN_LKRV_PWAP,Armenia,0.04616
2017,EN_LKRV_PWAP,Armenia,0.04615
2018,EN_LKRV_PWAP,Armenia,0.0462
2019,EN_LKRV_PWAP,Armenia,0.04622
2020,EN_LKRV_PWAP,Armenia,0.04627
2021,EN_LKRV_PWAP,Armenia,0.0463
2022,EN_LKRV_PWAP,Armenia,0.0463
2000,EN_LKRV_PWAP,Belgium,0.00194
2001,EN_LKRV_PWAP,Belgium,0.00268
2002,EN_LKRV_PWAP,Belgium,0.0034
2003,EN_LKRV_PWAP,Belgium,0.00348
2004,EN_LKRV_PWAP,Belgium,0.00352
2005,EN_LKRV_PWAP,Belgium,0.00371
2006,EN_LKRV_PWAP,Belgium,0.00368
2007,EN_LKRV_PWAP,Belgium,0.00371
2008,EN_LKRV_PWAP,Belgium,0.00367
2009,EN_LKRV_PWAP,Belgium,0.00366
2010,EN_LKRV_PWAP,Belgium,0.00362
2011,EN_LKRV_PWAP,Belgium,0.00366
2012,EN_LKRV_PWAP,Belgium,0.00368
2013,EN_LKRV_PWAP,Belgium,0.0037
2014,EN_LKRV_PWAP,Belgium,0.00374
2015,EN_LKRV_PWAP,Belgium,0.00378
2016,EN_LKRV_PWAP,Belgium,0.0038
2017,EN_LKRV_PWAP,Belgium,0.00381
2018,EN_LKRV_PWAP,Belgium,0.00384
2019,EN_LKRV_PWAP,Belgium,0.00384
2020,EN_LKRV_PWAP,Belgium,0.00386
2021,EN_LKRV_PWAP,Belgium,0.0039
2022,EN_LKRV_PWAP,Belgium,0.00395
2000,EN_LKRV_PWAP,Bosnia and Herzegovina,0.00038
2001,EN_LKRV_PWAP,Bosnia and Herzegovina,0.00074
2002,EN_LKRV_PWAP,Bosnia and Herzegovina,0.00114
2003,EN_LKRV_PWAP,Bosnia and Herzegovina,0.00154
2004,EN_LKRV_PWAP,Bosnia and Herzegovina,0.00188
2005,EN_LKRV_PWAP,Bosnia and Herzegovina,0.00188
2006,EN_LKRV_PWAP,Bosnia and Herzegovina,0.00192
2007,EN_LKRV_PWAP,Bosnia and Herzegovina,0.00192
2008,EN_LKRV_PWAP,Bosnia and Herzegovina,0.00187
2009,EN_LKRV_PWAP,Bosnia and Herzegovina,0.00188
2010,EN_LKRV_PWAP,Bosnia and Herzegovina,0.00187
2011,EN_LKRV_PWAP,Bosnia and Herzegovina,0.00184
2012,EN_LKRV_PWAP,Bosnia and Herzegovina,0.00181
2013,EN_LKRV_PWAP,Bosnia and Herzegovina,0.0018
2014,EN_LKRV_PWAP,Bosnia and Herzegovina,0.00184
2015,EN_LKRV_PWAP,Bosnia and Herzegovina,0.00189
2016,EN_LKRV_PWAP,Bosnia and Herzegovina,0.00191
2017,EN_LKRV_PWAP,Bosnia and Herzegovina,0.00195
2018,EN_LKRV_PWAP,Bosnia and Herzegovina,0.00199
2019,EN_LKRV_PWAP,Bosnia and Herzegovina,0.00201
2020,EN_LKRV_PWAP,Bosnia and Herzegovina,0.00197
2021,EN_LKRV_PWAP,Bosnia and Herzegovina,0.00196
2022,EN_LKRV_PWAP,Bosnia and Herzegovina,0.00193
2000,EN_LKRV_PWAP,New Zealand,0.00246
2001,EN_LKRV_PWAP,New Zealand,0.00496
2002,EN_LKRV_PWAP,New Zealand,0.00746
2003,EN_LKRV_PWAP,New Zealand,0.00998
2004,EN_LKRV_PWAP,New Zealand,0.01246
2005,EN_LKRV_PWAP,New Zealand,0.01255
2006,EN_LKRV_PWAP,New Zealand,0.01253
2007,EN_LKRV_PWAP,New Zealand,0.01252
2008,EN_LKRV_PWAP,New Zealand,0.01245
2009,EN_LKRV_PWAP,New Zealand,0.01243
2010,EN_LKRV_PWAP,New Zealand,0.01237
2000,EN_LKRV_PWAP,Albania,0.00156
2001,EN_LKRV_PWAP,Albania,0.0032
2002,EN_LKRV_PWAP,Albania,0.00484
2003,EN_LKRV_PWAP,Albania,0.00648
2004,EN_LKRV_PWAP,Albania,0.00809
2005,EN_LKRV_PWAP,Albania,0.00818
2006,EN_LKRV_PWAP,Albania,0.00822
2007,EN_LKRV_PWAP,Albania,0.00825
2008,EN_LKRV_PWAP,Albania,0.00818
2009,EN_LKRV_PWAP,Albania,0.00816
2010,EN_LKRV_PWAP,Albania,0.00815
2011,EN_LKRV_PWAP,Albania,0.00815
2011,EN_LKRV_PWAP,New Zealand,0.01238
2012,EN_LKRV_PWAP,New Zealand,0.01242
2013,EN_LKRV_PWAP,New Zealand,0.01246
2014,EN_LKRV_PWAP,New Zealand,0.0125
2015,EN_LKRV_PWAP,New Zealand,0.01252
2016,EN_LKRV_PWAP,New Zealand,0.01248
2017,EN_LKRV_PWAP,New Zealand,0.01243
2018,EN_LKRV_PWAP,New Zealand,0.01243
2019,EN_LKRV_PWAP,New Zealand,0.01243
2020,EN_LKRV_PWAP,New Zealand,0.0124
2021,EN_LKRV_PWAP,New Zealand,0.01248
2012,EN_LKRV_PWAP,Albania,0.00817
2013,EN_LKRV_PWAP,Albania,0.00826
2014,EN_LKRV_PWAP,Albania,0.00842
2015,EN_LKRV_PWAP,Albania,0.00851
2016,EN_LKRV_PWAP,Albania,0.00856
2017,EN_LKRV_PWAP,Albania,0.00862
2018,EN_LKRV_PWAP,Albania,0.00866
2019,EN_LKRV_PWAP,Albania,0.00869
2020,EN_LKRV_PWAP,Albania,0.00869
2021,EN_LKRV_PWAP,Albania,0.00876
2022,EN_LKRV_PWAP,Albania,0.00878
2000,EN_LKRV_PWAP,Azerbaijan,0.40858
2022,EN_LKRV_PWAP,New Zealand,0.01251
2000,EN_LKRV_PWAP,Norway,0.01358
2001,EN_LKRV_PWAP,Norway,0.01989
2002,EN_LKRV_PWAP,Norway,0.02622
2003,EN_LKRV_PWAP,Norway,0.03136
2004,EN_LKRV_PWAP,Norway,0.03087
2005,EN_LKRV_PWAP,Norway,0.03158
2006,EN_LKRV_PWAP,Norway,0.03169
2007,EN_LKRV_PWAP,Norway,0.03185
2008,EN_LKRV_PWAP,Norway,0.03164
2009,EN_LKRV_PWAP,Norway,0.03134
2010,EN_LKRV_PWAP,Norway,0.03114
2001,EN_LKRV_PWAP,Azerbaijan,0.50165
2002,EN_LKRV_PWAP,Azerbaijan,0.63505
2003,EN_LKRV_PWAP,Azerbaijan,0.79668
2004,EN_LKRV_PWAP,Azerbaijan,0.78838
2005,EN_LKRV_PWAP,Azerbaijan,0.80663
2006,EN_LKRV_PWAP,Azerbaijan,0.80471
2007,EN_LKRV_PWAP,Azerbaijan,0.81116
2008,EN_LKRV_PWAP,Azerbaijan,0.81577
2009,EN_LKRV_PWAP,Azerbaijan,0.82402
2010,EN_LKRV_PWAP,Azerbaijan,0.82425
2011,EN_LKRV_PWAP,Azerbaijan,0.82599
2012,EN_LKRV_PWAP,Azerbaijan,0.82473
2013,EN_LKRV_PWAP,Azerbaijan,0.82474
2014,EN_LKRV_PWAP,Azerbaijan,0.83076
2015,EN_LKRV_PWAP,Azerbaijan,0.83855
2016,EN_LKRV_PWAP,Azerbaijan,0.86343
2017,EN_LKRV_PWAP,Azerbaijan,0.88787
2018,EN_LKRV_PWAP,Azerbaijan,0.91121
2019,EN_LKRV_PWAP,Azerbaijan,0.93011
2020,EN_LKRV_PWAP,Azerbaijan,0.94882
2021,EN_LKRV_PWAP,Azerbaijan,0.94858
2022,EN_LKRV_PWAP,Azerbaijan,0.9482
2011,EN_LKRV_PWAP,Norway,0.03108
2012,EN_LKRV_PWAP,Norway,0.03101
2013,EN_LKRV_PWAP,Norway,0.03033
2014,EN_LKRV_PWAP,Norway,0.03128
2015,EN_LKRV_PWAP,Norway,0.0315
2016,EN_LKRV_PWAP,Norway,0.03168
2017,EN_LKRV_PWAP,Norway,0.03174
2018,EN_LKRV_PWAP,Norway,0.03267
2019,EN_LKRV_PWAP,Norway,0.03267
2020,EN_LKRV_PWAP,Norway,0.03916
2021,EN_LKRV_PWAP,Norway,0.03953
2022,EN_LKRV_PWAP,Norway,0.03998
2000,EN_LKRV_PWAP,Poland,0.00467
2001,EN_LKRV_PWAP,Poland,0.00666
2002,EN_LKRV_PWAP,Poland,0.00865
2003,EN_LKRV_PWAP,Poland,0.00972
2004,EN_LKRV_PWAP,Poland,0.00986
2005,EN_LKRV_PWAP,Poland,0.00994
2006,EN_LKRV_PWAP,Poland,0.00997
2007,EN_LKRV_PWAP,Poland,0.00999
2008,EN_LKRV_PWAP,Poland,0.01002
2009,EN_LKRV_PWAP,Poland,0.01
2010,EN_LKRV_PWAP,Poland,0.00998
2011,EN_LKRV_PWAP,Poland,0.00999
2012,EN_LKRV_PWAP,Poland,0.00997
2013,EN_LKRV_PWAP,Poland,0.00996
2014,EN_LKRV_PWAP,Poland,0.01001
2015,EN_LKRV_PWAP,Poland,0.01007
2016,EN_LKRV_PWAP,Poland,0.01007
2017,EN_LKRV_PWAP,Poland,0.01011
2018,EN_LKRV_PWAP,Poland,0.01018
2019,EN_LKRV_PWAP,Poland,0.01018
2020,EN_LKRV_PWAP,Poland,0.01014
2021,EN_LKRV_PWAP,Poland,0.01016
2022,EN_LKRV_PWAP,Poland,0.01016
2000,EN_LKRV_PWAP,Portugal,0.00031
2001,EN_LKRV_PWAP,Portugal,0.00061
2002,EN_LKRV_PWAP,Portugal,0.00096
2003,EN_LKRV_PWAP,Portugal,0.00129
2004,EN_LKRV_PWAP,Portugal,0.00161
2005,EN_LKRV_PWAP,Portugal,0.00164
2006,EN_LKRV_PWAP,Portugal,0.00162
2007,EN_LKRV_PWAP,Portugal,0.00166
2008,EN_LKRV_PWAP,Portugal,0.00168
2009,EN_LKRV_PWAP,Portugal,0.00175
2010,EN_LKRV_PWAP,Portugal,0.00176
2011,EN_LKRV_PWAP,Portugal,0.00188
2012,EN_LKRV_PWAP,Portugal,0.0019
2013,EN_LKRV_PWAP,Portugal,0.00187
2014,EN_LKRV_PWAP,Portugal,0.00188
2015,EN_LKRV_PWAP,Portugal,0.00198
2016,EN_LKRV_PWAP,Portugal,0.00195
2017,EN_LKRV_PWAP,Portugal,0.00198
2018,EN_LKRV_PWAP,Portugal,0.00205
2019,EN_LKRV_PWAP,Portugal,0.00207
2020,EN_LKRV_PWAP,Portugal,0.00203
2021,EN_LKRV_PWAP,Portugal,0.00206
2022,EN_LKRV_PWAP,Portugal,0.00205
2000,EN_LKRV_PWAP,Romania,0.00458
2001,EN_LKRV_PWAP,Romania,0.00489
2002,EN_LKRV_PWAP,Romania,0.00534
2003,EN_LKRV_PWAP,Romania,0.00572
2004,EN_LKRV_PWAP,Romania,0.00702
2005,EN_LKRV_PWAP,Romania,0.00699
2006,EN_LKRV_PWAP,Romania,0.00704
2007,EN_LKRV_PWAP,Romania,0.00719
2008,EN_LKRV_PWAP,Romania,0.00722
2009,EN_LKRV_PWAP,Romania,0.00727
2010,EN_LKRV_PWAP,Romania,0.00728
2011,EN_LKRV_PWAP,Romania,0.00729
2012,EN_LKRV_PWAP,Romania,0.00716
2013,EN_LKRV_PWAP,Romania,0.00707
2014,EN_LKRV_PWAP,Romania,0.0071
2015,EN_LKRV_PWAP,Romania,0.00716
2016,EN_LKRV_PWAP,Romania,0.00712
2017,EN_LKRV_PWAP,Romania,0.00715
2018,EN_LKRV_PWAP,Romania,0.00728
2019,EN_LKRV_PWAP,Romania,0.0073
2020,EN_LKRV_PWAP,Romania,0.00728
2021,EN_LKRV_PWAP,Romania,0.0073
2022,EN_LKRV_PWAP,Romania,0.0073
2006,EN_LKRV_PWAP,Serbia,0.00474
2007,EN_LKRV_PWAP,Serbia,0.00472
2008,EN_LKRV_PWAP,Serbia,0.00471
2009,EN_LKRV_PWAP,Serbia,0.00472
2010,EN_LKRV_PWAP,Serbia,0.00473
2011,EN_LKRV_PWAP,Serbia,0.00475
2012,EN_LKRV_PWAP,Serbia,0.00476
2013,EN_LKRV_PWAP,Serbia,0.00476
2014,EN_LKRV_PWAP,Serbia,0.00481
2015,EN_LKRV_PWAP,Serbia,0.00485
2016,EN_LKRV_PWAP,Serbia,0.00486
2017,EN_LKRV_PWAP,Serbia,0.00486
2018,EN_LKRV_PWAP,Serbia,0.00489
2019,EN_LKRV_PWAP,Serbia,0.00486
2020,EN_LKRV_PWAP,Serbia,0.00481
2021,EN_LKRV_PWAP,Serbia,0.0048
2022,EN_LKRV_PWAP,Serbia,0.00478
2000,EN_LKRV_PWAP,Slovakia,0.00039
2001,EN_LKRV_PWAP,Slovakia,0.0008
2002,EN_LKRV_PWAP,Slovakia,0.00121
2003,EN_LKRV_PWAP,Slovakia,0.00159
2004,EN_LKRV_PWAP,Slovakia,0.002
2005,EN_LKRV_PWAP,Slovakia,0.00203
2006,EN_LKRV_PWAP,Slovakia,0.00205
2007,EN_LKRV_PWAP,Slovakia,0.00206
2008,EN_LKRV_PWAP,Slovakia,0.00208
2009,EN_LKRV_PWAP,Slovakia,0.00209
2010,EN_LKRV_PWAP,Slovakia,0.00209
2011,EN_LKRV_PWAP,Slovakia,0.00209
2012,EN_LKRV_PWAP,Slovakia,0.00208
2013,EN_LKRV_PWAP,Slovakia,0.00207
2014,EN_LKRV_PWAP,Slovakia,0.0021
2015,EN_LKRV_PWAP,Slovakia,0.00211
2016,EN_LKRV_PWAP,Slovakia,0.00211
2017,EN_LKRV_PWAP,Slovakia,0.00213
2018,EN_LKRV_PWAP,Slovakia,0.00217
2019,EN_LKRV_PWAP,Slovakia,0.00218
2020,EN_LKRV_PWAP,Slovakia,0.00218
2021,EN_LKRV_PWAP,Slovakia,0.00219
2022,EN_LKRV_PWAP,Slovakia,0.00219
2000,EN_LKRV_PWAP,Viet Nam,0.00406
2001,EN_LKRV_PWAP,Viet Nam,0.00457
2002,EN_LKRV_PWAP,Viet Nam,0.00463
2003,EN_LKRV_PWAP,Viet Nam,0.00566
2004,EN_LKRV_PWAP,Viet Nam,0.00723
2005,EN_LKRV_PWAP,Viet Nam,0.00785
2006,EN_LKRV_PWAP,Viet Nam,0.0082
2007,EN_LKRV_PWAP,Viet Nam,0.00871
2008,EN_LKRV_PWAP,Viet Nam,0.00912
2009,EN_LKRV_PWAP,Viet Nam,0.00924
2010,EN_LKRV_PWAP,Viet Nam,0.00907
2011,EN_LKRV_PWAP,Viet Nam,0.00918
2012,EN_LKRV_PWAP,Viet Nam,0.00927
2013,EN_LKRV_PWAP,Viet Nam,0.00921
2014,EN_LKRV_PWAP,Viet Nam,0.00901
2015,EN_LKRV_PWAP,Viet Nam,0.00894
2016,EN_LKRV_PWAP,Viet Nam,0.00852
2017,EN_LKRV_PWAP,Viet Nam,0.00823
2018,EN_LKRV_PWAP,Viet Nam,0.00807
2019,EN_LKRV_PWAP,Viet Nam,0.00798
2020,EN_LKRV_PWAP,Viet Nam,0.00786
2021,EN_LKRV_PWAP,Viet Nam,0.0082
2022,EN_LKRV_PWAP,Viet Nam,0.00836
2000,EN_LKRV_PWAP,Slovenia,0.00031
2001,EN_LKRV_PWAP,Slovenia,0.00063
2002,EN_LKRV_PWAP,Slovenia,0.00098
2003,EN_LKRV_PWAP,Slovenia,0.00133
2004,EN_LKRV_PWAP,Slovenia,0.00164
2005,EN_LKRV_PWAP,Slovenia,0.0017
2006,EN_LKRV_PWAP,Slovenia,0.00176
2007,EN_LKRV_PWAP,Slovenia,0.00178
2008,EN_LKRV_PWAP,Slovenia,0.00177
2009,EN_LKRV_PWAP,Slovenia,0.0018
2010,EN_LKRV_PWAP,Slovenia,0.0018
2011,EN_LKRV_PWAP,Slovenia,0.0018
2012,EN_LKRV_PWAP,Slovenia,0.00179
2013,EN_LKRV_PWAP,Slovenia,0.00179
2014,EN_LKRV_PWAP,Slovenia,0.00182
2015,EN_LKRV_PWAP,Slovenia,0.00186
2016,EN_LKRV_PWAP,Slovenia,0.00189
2017,EN_LKRV_PWAP,Slovenia,0.00193
2018,EN_LKRV_PWAP,Slovenia,0.002
2019,EN_LKRV_PWAP,Slovenia,0.00201
2020,EN_LKRV_PWAP,Slovenia,0.00203
2021,EN_LKRV_PWAP,Slovenia,0.00206
2022,EN_LKRV_PWAP,Slovenia,0.00208
2000,EN_LKRV_PWAP,Spain,0.00036
2001,EN_LKRV_PWAP,Spain,0.00051
2002,EN_LKRV_PWAP,Spain,0.00069
2003,EN_LKRV_PWAP,Spain,0.00085
2004,EN_LKRV_PWAP,Spain,0.00104
2005,EN_LKRV_PWAP,Spain,0.00107
2006,EN_LKRV_PWAP,Spain,0.00107
2007,EN_LKRV_PWAP,Spain,0.00107
2008,EN_LKRV_PWAP,Spain,0.00109
2009,EN_LKRV_PWAP,Spain,0.00109
2010,EN_LKRV_PWAP,Spain,0.00108
2011,EN_LKRV_PWAP,Spain,0.00112
2012,EN_LKRV_PWAP,Spain,0.00116
2013,EN_LKRV_PWAP,Spain,0.00116
2014,EN_LKRV_PWAP,Spain,0.0012
2015,EN_LKRV_PWAP,Spain,0.00126
2016,EN_LKRV_PWAP,Spain,0.00124
2017,EN_LKRV_PWAP,Spain,0.00123
2018,EN_LKRV_PWAP,Spain,0.00124
2019,EN_LKRV_PWAP,Spain,0.00121
2020,EN_LKRV_PWAP,Spain,0.00118
2021,EN_LKRV_PWAP,Spain,0.00119
2022,EN_LKRV_PWAP,Spain,0.00119
2000,EN_LKRV_PWAP,Switzerland,0.01315
2001,EN_LKRV_PWAP,Switzerland,0.01966
2002,EN_LKRV_PWAP,Switzerland,0.02617
2003,EN_LKRV_PWAP,Switzerland,0.03043
2004,EN_LKRV_PWAP,Switzerland,0.03259
2005,EN_LKRV_PWAP,Switzerland,0.03261
2006,EN_LKRV_PWAP,Switzerland,0.03262
2007,EN_LKRV_PWAP,Switzerland,0.03264
2008,EN_LKRV_PWAP,Switzerland,0.03261
2009,EN_LKRV_PWAP,Switzerland,0.03259
2010,EN_LKRV_PWAP,Switzerland,0.03258
2011,EN_LKRV_PWAP,Switzerland,0.03259
2012,EN_LKRV_PWAP,Switzerland,0.03258
2013,EN_LKRV_PWAP,Switzerland,0.03259
2014,EN_LKRV_PWAP,Switzerland,0.03263
2015,EN_LKRV_PWAP,Switzerland,0.03263
2016,EN_LKRV_PWAP,Switzerland,0.03263
2017,EN_LKRV_PWAP,Switzerland,0.03265
2018,EN_LKRV_PWAP,Switzerland,0.03266
2019,EN_LKRV_PWAP,Switzerland,0.03265
2020,EN_LKRV_PWAP,Switzerland,0.03265
2021,EN_LKRV_PWAP,Switzerland,0.03269
2022,EN_LKRV_PWAP,Switzerland,0.0327
2000,EN_LKRV_PWAP,Tajikistan,0.00626
2001,EN_LKRV_PWAP,Tajikistan,0.00712
2002,EN_LKRV_PWAP,Tajikistan,0.00715
2003,EN_LKRV_PWAP,Tajikistan,0.00826
2004,EN_LKRV_PWAP,Tajikistan,0.00826
2005,EN_LKRV_PWAP,Tajikistan,0.00821
2006,EN_LKRV_PWAP,Tajikistan,0.00826
2007,EN_LKRV_PWAP,Tajikistan,0.0083
2008,EN_LKRV_PWAP,Tajikistan,0.00832
2009,EN_LKRV_PWAP,Tajikistan,0.00828
2010,EN_LKRV_PWAP,Tajikistan,0.00825
2011,EN_LKRV_PWAP,Tajikistan,0.00827
2012,EN_LKRV_PWAP,Tajikistan,0.00825
2013,EN_LKRV_PWAP,Tajikistan,0.00825
2014,EN_LKRV_PWAP,Tajikistan,0.00833
2015,EN_LKRV_PWAP,Tajikistan,0.00832
2016,EN_LKRV_PWAP,Tajikistan,0.00824
2017,EN_LKRV_PWAP,Tajikistan,0.00827
2018,EN_LKRV_PWAP,Tajikistan,0.00827
2019,EN_LKRV_PWAP,Tajikistan,0.00829
2020,EN_LKRV_PWAP,Tajikistan,0.00832
2021,EN_LKRV_PWAP,Tajikistan,0.00837
2022,EN_LKRV_PWAP,Tajikistan,0.00843
2000,EN_LKRV_PWAP,Türkiye,0.00391
2001,EN_LKRV_PWAP,Türkiye,0.00546
2002,EN_LKRV_PWAP,Türkiye,0.00728
2003,EN_LKRV_PWAP,Türkiye,0.00919
2004,EN_LKRV_PWAP,Türkiye,0.00947
2005,EN_LKRV_PWAP,Türkiye,0.00946
2006,EN_LKRV_PWAP,Türkiye,0.00946
2007,EN_LKRV_PWAP,Türkiye,0.00953
2008,EN_LKRV_PWAP,Türkiye,0.00945
2009,EN_LKRV_PWAP,Türkiye,0.00934
2010,EN_LKRV_PWAP,Türkiye,0.00934
2011,EN_LKRV_PWAP,Türkiye,0.00937
2012,EN_LKRV_PWAP,Türkiye,0.00942
2013,EN_LKRV_PWAP,Türkiye,0.0095
2014,EN_LKRV_PWAP,Türkiye,0.0096
2015,EN_LKRV_PWAP,Türkiye,0.00956
2016,EN_LKRV_PWAP,Türkiye,0.00957
2017,EN_LKRV_PWAP,Türkiye,0.00953
2018,EN_LKRV_PWAP,Türkiye,0.00948
2019,EN_LKRV_PWAP,Türkiye,0.00944
2020,EN_LKRV_PWAP,Türkiye,0.00947
2021,EN_LKRV_PWAP,Türkiye,0.00939
2022,EN_LKRV_PWAP,Türkiye,0.00932
2000,EN_LKRV_PWAP,Turkmenistan,0.14559
2001,EN_LKRV_PWAP,Turkmenistan,0.14988
2002,EN_LKRV_PWAP,Turkmenistan,0.17017
2003,EN_LKRV_PWAP,Turkmenistan,0.18253
2004,EN_LKRV_PWAP,Turkmenistan,0.18276
2005,EN_LKRV_PWAP,Turkmenistan,0.18247
2006,EN_LKRV_PWAP,Turkmenistan,0.18244
2007,EN_LKRV_PWAP,Turkmenistan,0.18265
2008,EN_LKRV_PWAP,Turkmenistan,0.18274
2009,EN_LKRV_PWAP,Turkmenistan,0.18305
2010,EN_LKRV_PWAP,Turkmenistan,0.18312
2011,EN_LKRV_PWAP,Turkmenistan,0.18325
2012,EN_LKRV_PWAP,Turkmenistan,0.18311
2013,EN_LKRV_PWAP,Turkmenistan,0.18289
2014,EN_LKRV_PWAP,Turkmenistan,0.18274
2015,EN_LKRV_PWAP,Turkmenistan,0.18255
2016,EN_LKRV_PWAP,Turkmenistan,0.18367
2017,EN_LKRV_PWAP,Turkmenistan,0.18505
2018,EN_LKRV_PWAP,Turkmenistan,0.18645
2019,EN_LKRV_PWAP,Turkmenistan,0.18759
2020,EN_LKRV_PWAP,Turkmenistan,0.18888
2021,EN_LKRV_PWAP,Turkmenistan,0.18872
2022,EN_LKRV_PWAP,Turkmenistan,0.18838
2000,EN_LKRV_PWAP,Ukraine,0.00514
2001,EN_LKRV_PWAP,Ukraine,0.00546
2002,EN_LKRV_PWAP,Ukraine,0.00591
2003,EN_LKRV_PWAP,Ukraine,0.00617
2004,EN_LKRV_PWAP,Ukraine,0.00715
2005,EN_LKRV_PWAP,Ukraine,0.0072
2006,EN_LKRV_PWAP,Ukraine,0.00723
2007,EN_LKRV_PWAP,Ukraine,0.00729
2008,EN_LKRV_PWAP,Ukraine,0.00728
2009,EN_LKRV_PWAP,Ukraine,0.00722
2010,EN_LKRV_PWAP,Ukraine,0.00711
2011,EN_LKRV_PWAP,Ukraine,0.00707
2012,EN_LKRV_PWAP,Ukraine,0.00696
2013,EN_LKRV_PWAP,Ukraine,0.00688
2014,EN_LKRV_PWAP,Ukraine,0.00686
2015,EN_LKRV_PWAP,Ukraine,0.00687
2016,EN_LKRV_PWAP,Ukraine,0.00684
2017,EN_LKRV_PWAP,Ukraine,0.00684
2018,EN_LKRV_PWAP,Ukraine,0.00691
2019,EN_LKRV_PWAP,Ukraine,0.00691
2020,EN_LKRV_PWAP,Ukraine,0.00686
2021,EN_LKRV_PWAP,Ukraine,0.00681
2022,EN_LKRV_PWAP,Ukraine,0.00678
2000,EN_LKRV_PWAP,North Macedonia,0.00358
2001,EN_LKRV_PWAP,North Macedonia,0.00718
2002,EN_LKRV_PWAP,North Macedonia,0.01076
2003,EN_LKRV_PWAP,North Macedonia,0.01431
2004,EN_LKRV_PWAP,North Macedonia,0.01789
2005,EN_LKRV_PWAP,North Macedonia,0.01789
2006,EN_LKRV_PWAP,North Macedonia,0.01787
2007,EN_LKRV_PWAP,North Macedonia,0.01802
2008,EN_LKRV_PWAP,North Macedonia,0.01803
2009,EN_LKRV_PWAP,North Macedonia,0.018
2010,EN_LKRV_PWAP,North Macedonia,0.018
2011,EN_LKRV_PWAP,North Macedonia,0.01801
2012,EN_LKRV_PWAP,North Macedonia,0.01801
2013,EN_LKRV_PWAP,North Macedonia,0.01802
2014,EN_LKRV_PWAP,North Macedonia,0.01807
2015,EN_LKRV_PWAP,North Macedonia,0.01808
2016,EN_LKRV_PWAP,North Macedonia,0.01808
2017,EN_LKRV_PWAP,North Macedonia,0.01811
2018,EN_LKRV_PWAP,North Macedonia,0.01813
2019,EN_LKRV_PWAP,North Macedonia,0.01813
2020,EN_LKRV_PWAP,North Macedonia,0.01813
2021,EN_LKRV_PWAP,North Macedonia,0.01812
2022,EN_LKRV_PWAP,North Macedonia,0.01809
2000,EN_LKRV_PWAP,United Kingdom of Great Britain and Northern Ireland,0.00315
2001,EN_LKRV_PWAP,United Kingdom of Great Britain and Northern Ireland,0.00462
2002,EN_LKRV_PWAP,United Kingdom of Great Britain and Northern Ireland,0.00608
2003,EN_LKRV_PWAP,United Kingdom of Great Britain and Northern Ireland,0.00705
2004,EN_LKRV_PWAP,United Kingdom of Great Britain and Northern Ireland,0.00711
2005,EN_LKRV_PWAP,United Kingdom of Great Britain and Northern Ireland,0.00694
2006,EN_LKRV_PWAP,United Kingdom of Great Britain and Northern Ireland,0.00594
2007,EN_LKRV_PWAP,United Kingdom of Great Britain and Northern Ireland,0.00553
2008,EN_LKRV_PWAP,United Kingdom of Great Britain and Northern Ireland,0.0048
2009,EN_LKRV_PWAP,United Kingdom of Great Britain and Northern Ireland,0.00405
2010,EN_LKRV_PWAP,United Kingdom of Great Britain and Northern Ireland,0.00453
2011,EN_LKRV_PWAP,United Kingdom of Great Britain and Northern Ireland,0.00536
2012,EN_LKRV_PWAP,United Kingdom of Great Britain and Northern Ireland,0.00582
2013,EN_LKRV_PWAP,United Kingdom of Great Britain and Northern Ireland,0.00635
2014,EN_LKRV_PWAP,United Kingdom of Great Britain and Northern Ireland,0.00714
2015,EN_LKRV_PWAP,United Kingdom of Great Britain and Northern Ireland,0.00718
2016,EN_LKRV_PWAP,United Kingdom of Great Britain and Northern Ireland,0.00741
2017,EN_LKRV_PWAP,United Kingdom of Great Britain and Northern Ireland,0.0074
2018,EN_LKRV_PWAP,United Kingdom of Great Britain and Northern Ireland,0.0076
2019,EN_LKRV_PWAP,United Kingdom of Great Britain and Northern Ireland,0.00758
2020,EN_LKRV_PWAP,United Kingdom of Great Britain and Northern Ireland,0.00752
2021,EN_LKRV_PWAP,United Kingdom of Great Britain and Northern Ireland,0.00753
2022,EN_LKRV_PWAP,United Kingdom of Great Britain and Northern Ireland,0.00754
2000,EN_LKRV_PWAP,Uzbekistan,0.03844
2001,EN_LKRV_PWAP,Uzbekistan,0.04361
2002,EN_LKRV_PWAP,Uzbekistan,0.04133
2003,EN_LKRV_PWAP,Uzbekistan,0.04561
2004,EN_LKRV_PWAP,Uzbekistan,0.04397
2005,EN_LKRV_PWAP,Uzbekistan,0.04161
2006,EN_LKRV_PWAP,Uzbekistan,0.04012
2007,EN_LKRV_PWAP,Uzbekistan,0.03828
2008,EN_LKRV_PWAP,Uzbekistan,0.03635
2009,EN_LKRV_PWAP,Uzbekistan,0.03259
2010,EN_LKRV_PWAP,Uzbekistan,0.02914
2011,EN_LKRV_PWAP,Uzbekistan,0.02731
2012,EN_LKRV_PWAP,Uzbekistan,0.02542
2013,EN_LKRV_PWAP,Uzbekistan,0.0241
2014,EN_LKRV_PWAP,Uzbekistan,0.02367
2015,EN_LKRV_PWAP,Uzbekistan,0.02312
2016,EN_LKRV_PWAP,Uzbekistan,0.02161
2017,EN_LKRV_PWAP,Uzbekistan,0.02124
2018,EN_LKRV_PWAP,Uzbekistan,0.02138
2019,EN_LKRV_PWAP,Uzbekistan,0.0212
2000,EN_LKRV_PWAP,Australia,0.00075
2001,EN_LKRV_PWAP,Australia,0.00078
2002,EN_LKRV_PWAP,Australia,0.00082
2003,EN_LKRV_PWAP,Australia,0.00079
2004,EN_LKRV_PWAP,Australia,0.00075
2005,EN_LKRV_PWAP,Australia,0.00071
2006,EN_LKRV_PWAP,Australia,0.00065
2007,EN_LKRV_PWAP,Australia,0.00058
2008,EN_LKRV_PWAP,Australia,0.00057
2009,EN_LKRV_PWAP,Australia,0.00057
2010,EN_LKRV_PWAP,Australia,0.00056
2011,EN_LKRV_PWAP,Australia,0.00058
2012,EN_LKRV_PWAP,Australia,0.00068
2013,EN_LKRV_PWAP,Australia,0.00076
2014,EN_LKRV_PWAP,Australia,0.00078
2015,EN_LKRV_PWAP,Australia,0.0008
2016,EN_LKRV_PWAP,Australia,0.00077
2017,EN_LKRV_PWAP,Australia,0.00066
2018,EN_LKRV_PWAP,Australia,0.00062
2019,EN_LKRV_PWAP,Australia,0.0006
2020,EN_LKRV_PWAP,Australia,0.00057
2021,EN_LKRV_PWAP,Australia,0.00057
2022,EN_LKRV_PWAP,Australia,0.00058
2000,EN_LKRV_PWAP,Austria,0.0022
2001,EN_LKRV_PWAP,Austria,0.00351
2002,EN_LKRV_PWAP,Austria,0.00484
2003,EN_LKRV_PWAP,Austria,0.00585
2004,EN_LKRV_PWAP,Austria,0.00659
2005,EN_LKRV_PWAP,Austria,0.00661
2006,EN_LKRV_PWAP,Austria,0.00663
2007,EN_LKRV_PWAP,Austria,0.00664
2008,EN_LKRV_PWAP,Austria,0.00662
2009,EN_LKRV_PWAP,Austria,0.00661
2010,EN_LKRV_PWAP,Austria,0.00661
2011,EN_LKRV_PWAP,Austria,0.00662
2012,EN_LKRV_PWAP,Austria,0.0066
2013,EN_LKRV_PWAP,Austria,0.00661
2014,EN_LKRV_PWAP,Austria,0.00665
2015,EN_LKRV_PWAP,Austria,0.00666
2016,EN_LKRV_PWAP,Austria,0.00666
2017,EN_LKRV_PWAP,Austria,0.00669
2018,EN_LKRV_PWAP,Austria,0.00672
2019,EN_LKRV_PWAP,Austria,0.00672
2020,EN_LKRV_PWAP,Austria,0.00671
2021,EN_LKRV_PWAP,Austria,0.00672
2022,EN_LKRV_PWAP,Austria,0.00672
2000,EN_LKRV_PWAP,Bulgaria,0.00085
2001,EN_LKRV_PWAP,Bulgaria,0.00146
2002,EN_LKRV_PWAP,Bulgaria,0.00221
2003,EN_LKRV_PWAP,Bulgaria,0.00294
2004,EN_LKRV_PWAP,Bulgaria,0.00367
2005,EN_LKRV_PWAP,Bulgaria,0.00368
2006,EN_LKRV_PWAP,Bulgaria,0.00374
2007,EN_LKRV_PWAP,Bulgaria,0.0038
2008,EN_LKRV_PWAP,Bulgaria,0.00381
2009,EN_LKRV_PWAP,Bulgaria,0.00383
2010,EN_LKRV_PWAP,Bulgaria,0.00383
2011,EN_LKRV_PWAP,Bulgaria,0.00384
2012,EN_LKRV_PWAP,Bulgaria,0.00381
2013,EN_LKRV_PWAP,Bulgaria,0.00379
2014,EN_LKRV_PWAP,Bulgaria,0.00382
2015,EN_LKRV_PWAP,Bulgaria,0.00385
2016,EN_LKRV_PWAP,Bulgaria,0.00382
2017,EN_LKRV_PWAP,Bulgaria,0.00386
2018,EN_LKRV_PWAP,Bulgaria,0.00391
2019,EN_LKRV_PWAP,Bulgaria,0.00392
2020,EN_LKRV_PWAP,Bulgaria,0.00389
2021,EN_LKRV_PWAP,Bulgaria,0.00387
2022,EN_LKRV_PWAP,Bulgaria,0.00383
2000,EN_LKRV_PWAP,Canada,0.10119
2001,EN_LKRV_PWAP,Canada,0.10108
2002,EN_LKRV_PWAP,Canada,0.10104
2003,EN_LKRV_PWAP,Canada,0.10118
2004,EN_LKRV_PWAP,Canada,0.10136
2005,EN_LKRV_PWAP,Canada,0.10158
2006,EN_LKRV_PWAP,Canada,0.10181
2007,EN_LKRV_PWAP,Canada,0.10194
2008,EN_LKRV_PWAP,Canada,0.10202
2009,EN_LKRV_PWAP,Canada,0.10204
2010,EN_LKRV_PWAP,Canada,0.10204
2011,EN_LKRV_PWAP,Canada,0.10193
2012,EN_LKRV_PWAP,Canada,0.10187
2013,EN_LKRV_PWAP,Canada,0.10124
2014,EN_LKRV_PWAP,Canada,0.10129
2015,EN_LKRV_PWAP,Canada,0.10137
2016,EN_LKRV_PWAP,Canada,0.10151
2017,EN_LKRV_PWAP,Canada,0.10159
2018,EN_LKRV_PWAP,Canada,0.1023
2019,EN_LKRV_PWAP,Canada,0.10224
2020,EN_LKRV_PWAP,Canada,0.10211
2021,EN_LKRV_PWAP,Canada,0.10217
2022,EN_LKRV_PWAP,Canada,0.10221
2000,EN_LKRV_PWAP,Chile,0.00718
2001,EN_LKRV_PWAP,Chile,0.00999
2002,EN_LKRV_PWAP,Chile,0.01282
2003,EN_LKRV_PWAP,Chile,0.01475
2004,EN_LKRV_PWAP,Chile,0.01477
2005,EN_LKRV_PWAP,Chile,0.01483
2006,EN_LKRV_PWAP,Chile,0.01491
2007,EN_LKRV_PWAP,Chile,0.01495
2008,EN_LKRV_PWAP,Chile,0.01498
2009,EN_LKRV_PWAP,Chile,0.01499
2010,EN_LKRV_PWAP,Chile,0.01492
2011,EN_LKRV_PWAP,Chile,0.01488
2012,EN_LKRV_PWAP,Chile,0.01484
2013,EN_LKRV_PWAP,Chile,0.01479
2014,EN_LKRV_PWAP,Chile,0.0148
2015,EN_LKRV_PWAP,Chile,0.01484
2016,EN_LKRV_PWAP,Chile,0.01484
2017,EN_LKRV_PWAP,Chile,0.01484
2018,EN_LKRV_PWAP,Chile,0.01489
2019,EN_LKRV_PWAP,Chile,0.0149
2020,EN_LKRV_PWAP,Chile,0.01493
2021,EN_LKRV_PWAP,Chile,0.01505
2022,EN_LKRV_PWAP,Chile,0.01513
2000,EN_LKRV_PWAP,China,0.00708
2001,EN_LKRV_PWAP,China,0.00744
2002,EN_LKRV_PWAP,China,0.00756
2003,EN_LKRV_PWAP,China,0.00866
2004,EN_LKRV_PWAP,China,0.00941
2005,EN_LKRV_PWAP,China,0.00948
2006,EN_LKRV_PWAP,China,0.00957
2007,EN_LKRV_PWAP,China,0.0097
2008,EN_LKRV_PWAP,China,0.00982
2009,EN_LKRV_PWAP,China,0.0098
2010,EN_LKRV_PWAP,China,0.00983
2011,EN_LKRV_PWAP,China,0.0099
2012,EN_LKRV_PWAP,China,0.00994
2020,EN_LKRV_PWAP,Uzbekistan,0.02111
2021,EN_LKRV_PWAP,Uzbekistan,0.02048
2022,EN_LKRV_PWAP,Uzbekistan,0.01971
2013,EN_LKRV_PWAP,China,0.01004
2014,EN_LKRV_PWAP,China,0.01015
2015,EN_LKRV_PWAP,China,0.0102
2016,EN_LKRV_PWAP,China,0.01025
2017,EN_LKRV_PWAP,China,0.01035
2018,EN_LKRV_PWAP,China,0.01043
2019,EN_LKRV_PWAP,China,0.01049
2020,EN_LKRV_PWAP,China,0.01061
2021,EN_LKRV_PWAP,China,0.01071
2022,EN_LKRV_PWAP,China,0.0108
2000,EN_LKRV_PWAP,Colombia,0.00581
2001,EN_LKRV_PWAP,Colombia,0.00687
2002,EN_LKRV_PWAP,Colombia,0.00676
2003,EN_LKRV_PWAP,Colombia,0.00683
2004,EN_LKRV_PWAP,Colombia,0.00683
2005,EN_LKRV_PWAP,Colombia,0.00671
2006,EN_LKRV_PWAP,Colombia,0.00662
2007,EN_LKRV_PWAP,Colombia,0.00686
2008,EN_LKRV_PWAP,Colombia,0.00706
2009,EN_LKRV_PWAP,Colombia,0.00732
2010,EN_LKRV_PWAP,Colombia,0.00749
2011,EN_LKRV_PWAP,Colombia,0.00749
2012,EN_LKRV_PWAP,Colombia,0.00758
2013,EN_LKRV_PWAP,Colombia,0.00763
2014,EN_LKRV_PWAP,Colombia,0.00751
2015,EN_LKRV_PWAP,Colombia,0.00729
2016,EN_LKRV_PWAP,Colombia,0.0071
2017,EN_LKRV_PWAP,Colombia,0.00661
2018,EN_LKRV_PWAP,Colombia,0.00638
2019,EN_LKRV_PWAP,Colombia,0.00636
2020,EN_LKRV_PWAP,Colombia,0.00629
2021,EN_LKRV_PWAP,Colombia,0.00623
2022,EN_LKRV_PWAP,Colombia,0.00645
2000,EN_LKRV_PWAP,Costa Rica,0.00082
2001,EN_LKRV_PWAP,Costa Rica,0.00102
2002,EN_LKRV_PWAP,Costa Rica,0.001
2003,EN_LKRV_PWAP,Costa Rica,0.00099
2004,EN_LKRV_PWAP,Costa Rica,0.00094
2005,EN_LKRV_PWAP,Costa Rica,0.00088
2006,EN_LKRV_PWAP,Costa Rica,0.00087
2007,EN_LKRV_PWAP,Costa Rica,0.00084
2008,EN_LKRV_PWAP,Costa Rica,0.00081
2009,EN_LKRV_PWAP,Costa Rica,0.00082
2010,EN_LKRV_PWAP,Costa Rica,0.00083
2011,EN_LKRV_PWAP,Costa Rica,0.00082
2012,EN_LKRV_PWAP,Costa Rica,0.00082
2013,EN_LKRV_PWAP,Costa Rica,0.00083
2014,EN_LKRV_PWAP,Costa Rica,0.00083
2015,EN_LKRV_PWAP,Costa Rica,0.00084
2016,EN_LKRV_PWAP,Costa Rica,0.00081
2017,EN_LKRV_PWAP,Costa Rica,0.00079
2018,EN_LKRV_PWAP,Costa Rica,0.00079
2019,EN_LKRV_PWAP,Costa Rica,0.00079
2020,EN_LKRV_PWAP,Costa Rica,0.0008
2021,EN_LKRV_PWAP,Costa Rica,0.00084
2022,EN_LKRV_PWAP,Costa Rica,0.00088
2000,EN_LKRV_PWAP,Croatia,0.00079
2001,EN_LKRV_PWAP,Croatia,0.00152
2002,EN_LKRV_PWAP,Croatia,0.00231
2003,EN_LKRV_PWAP,Croatia,0.00312
2004,EN_LKRV_PWAP,Croatia,0.0038
2005,EN_LKRV_PWAP,Croatia,0.00379
2006,EN_LKRV_PWAP,Croatia,0.00386
2007,EN_LKRV_PWAP,Croatia,0.00387
2008,EN_LKRV_PWAP,Croatia,0.0038
2009,EN_LKRV_PWAP,Croatia,0.00384
2010,EN_LKRV_PWAP,Croatia,0.0038
2011,EN_LKRV_PWAP,Croatia,0.00376
2012,EN_LKRV_PWAP,Croatia,0.00369
2013,EN_LKRV_PWAP,Croatia,0.00366
2014,EN_LKRV_PWAP,Croatia,0.00372
2015,EN_LKRV_PWAP,Croatia,0.00381
2016,EN_LKRV_PWAP,Croatia,0.00386
2017,EN_LKRV_PWAP,Croatia,0.00395
2018,EN_LKRV_PWAP,Croatia,0.00403
2019,EN_LKRV_PWAP,Croatia,0.00404
2020,EN_LKRV_PWAP,Croatia,0.004
2021,EN_LKRV_PWAP,Croatia,0.004
2022,EN_LKRV_PWAP,Croatia,0.00397
2000,EN_LKRV_PWAP,Cyprus,0.00018
2001,EN_LKRV_PWAP,Cyprus,0.00027
2002,EN_LKRV_PWAP,Cyprus,0.00037
2003,EN_LKRV_PWAP,Cyprus,0.0005
2004,EN_LKRV_PWAP,Cyprus,0.00059
2005,EN_LKRV_PWAP,Cyprus,0.00065
2006,EN_LKRV_PWAP,Cyprus,0.00073
2007,EN_LKRV_PWAP,Cyprus,0.00078
2008,EN_LKRV_PWAP,Cyprus,0.00077
2009,EN_LKRV_PWAP,Cyprus,0.00071
2010,EN_LKRV_PWAP,Cyprus,0.00065
2011,EN_LKRV_PWAP,Cyprus,0.00061
2012,EN_LKRV_PWAP,Cyprus,0.00063
2013,EN_LKRV_PWAP,Cyprus,0.00069
2014,EN_LKRV_PWAP,Cyprus,0.00078
2015,EN_LKRV_PWAP,Cyprus,0.0008
2016,EN_LKRV_PWAP,Cyprus,0.00084
2017,EN_LKRV_PWAP,Cyprus,0.00082
2018,EN_LKRV_PWAP,Cyprus,0.00078
2019,EN_LKRV_PWAP,Cyprus,0.00073
2020,EN_LKRV_PWAP,Cyprus,0.00078
2021,EN_LKRV_PWAP,Cyprus,0.00082
2022,EN_LKRV_PWAP,Cyprus,0.00086
2000,EN_LKRV_PWAP,Czechia,0.00119
2001,EN_LKRV_PWAP,Czechia,0.00195
2002,EN_LKRV_PWAP,Czechia,0.00279
2003,EN_LKRV_PWAP,Czechia,0.00354
2004,EN_LKRV_PWAP,Czechia,0.00405
2005,EN_LKRV_PWAP,Czechia,0.00412
2006,EN_LKRV_PWAP,Czechia,0.00424
2007,EN_LKRV_PWAP,Czechia,0.0043
2008,EN_LKRV_PWAP,Czechia,0.00428
2009,EN_LKRV_PWAP,Czechia,0.00432
2010,EN_LKRV_PWAP,Czechia,0.00434
2011,EN_LKRV_PWAP,Czechia,0.00436
2012,EN_LKRV_PWAP,Czechia,0.00434
2013,EN_LKRV_PWAP,Czechia,0.00437
2014,EN_LKRV_PWAP,Czechia,0.00442
2015,EN_LKRV_PWAP,Czechia,0.00442
2016,EN_LKRV_PWAP,Czechia,0.00441
2017,EN_LKRV_PWAP,Czechia,0.00447
2018,EN_LKRV_PWAP,Czechia,0.00457
2019,EN_LKRV_PWAP,Czechia,0.00458
2020,EN_LKRV_PWAP,Czechia,0.00462
2021,EN_LKRV_PWAP,Czechia,0.00465
2022,EN_LKRV_PWAP,Czechia,0.00465
2000,EN_LKRV_PWAP,Denmark,0.00484
2001,EN_LKRV_PWAP,Denmark,0.00682
2002,EN_LKRV_PWAP,Denmark,0.00877
2003,EN_LKRV_PWAP,Denmark,0.00982
2004,EN_LKRV_PWAP,Denmark,0.00984
2005,EN_LKRV_PWAP,Denmark,0.00996
2006,EN_LKRV_PWAP,Denmark,0.01003
2007,EN_LKRV_PWAP,Denmark,0.01013
2008,EN_LKRV_PWAP,Denmark,0.01024
2009,EN_LKRV_PWAP,Denmark,0.01026
2010,EN_LKRV_PWAP,Denmark,0.01028
2011,EN_LKRV_PWAP,Denmark,0.01032
2012,EN_LKRV_PWAP,Denmark,0.01036
2013,EN_LKRV_PWAP,Denmark,0.01036
2014,EN_LKRV_PWAP,Denmark,0.01049
2015,EN_LKRV_PWAP,Denmark,0.0106
2016,EN_LKRV_PWAP,Denmark,0.01069
2017,EN_LKRV_PWAP,Denmark,0.01075
2018,EN_LKRV_PWAP,Denmark,0.01081
2019,EN_LKRV_PWAP,Denmark,0.01078
2020,EN_LKRV_PWAP,Denmark,0.01075
2021,EN_LKRV_PWAP,Denmark,0.01079
2022,EN_LKRV_PWAP,Denmark,0.01083
2000,EN_LKRV_PWAP,Estonia,0.02579
2001,EN_LKRV_PWAP,Estonia,0.03535
2002,EN_LKRV_PWAP,Estonia,0.04487
2003,EN_LKRV_PWAP,Estonia,0.04767
2004,EN_LKRV_PWAP,Estonia,0.04765
2005,EN_LKRV_PWAP,Estonia,0.0477
2006,EN_LKRV_PWAP,Estonia,0.04768
2007,EN_LKRV_PWAP,Estonia,0.04769
2008,EN_LKRV_PWAP,Estonia,0.04773
2009,EN_LKRV_PWAP,Estonia,0.0477
2010,EN_LKRV_PWAP,Estonia,0.04765
2011,EN_LKRV_PWAP,Estonia,0.0476
2012,EN_LKRV_PWAP,Estonia,0.04756
2013,EN_LKRV_PWAP,Estonia,0.04636
2014,EN_LKRV_PWAP,Estonia,0.04634
2015,EN_LKRV_PWAP,Estonia,0.04633
2016,EN_LKRV_PWAP,Estonia,0.04634
2017,EN_LKRV_PWAP,Estonia,0.04638
2018,EN_LKRV_PWAP,Estonia,0.04642
2019,EN_LKRV_PWAP,Estonia,0.04642
2020,EN_LKRV_PWAP,Estonia,0.0464
2021,EN_LKRV_PWAP,Estonia,0.04642
2022,EN_LKRV_PWAP,Estonia,0.04642
2000,EN_LKRV_PWAP,Finland,0.03047
2001,EN_LKRV_PWAP,Finland,0.04485
2002,EN_LKRV_PWAP,Finland,0.05907
2003,EN_LKRV_PWAP,Finland,0.07159
2004,EN_LKRV_PWAP,Finland,0.06939
2005,EN_LKRV_PWAP,Finland,0.06973
2006,EN_LKRV_PWAP,Finland,0.07001
2007,EN_LKRV_PWAP,Finland,0.07037
2008,EN_LKRV_PWAP,Finland,0.07055
2009,EN_LKRV_PWAP,Finland,0.07153
2010,EN_LKRV_PWAP,Finland,0.07139
2011,EN_LKRV_PWAP,Finland,0.07115
2012,EN_LKRV_PWAP,Finland,0.07105
2013,EN_LKRV_PWAP,Finland,0.07091
2014,EN_LKRV_PWAP,Finland,0.07233
2015,EN_LKRV_PWAP,Finland,0.07257
2016,EN_LKRV_PWAP,Finland,0.07288
2017,EN_LKRV_PWAP,Finland,0.0731
2018,EN_LKRV_PWAP,Finland,0.07349
2019,EN_LKRV_PWAP,Finland,0.07359
2020,EN_LKRV_PWAP,Finland,0.07356
2021,EN_LKRV_PWAP,Finland,0.07366
2022,EN_LKRV_PWAP,Finland,0.07373
2000,EN_LKRV_PWAP,France,0.001
2001,EN_LKRV_PWAP,France,0.00187
2002,EN_LKRV_PWAP,France,0.00273
2003,EN_LKRV_PWAP,France,0.00355
2004,EN_LKRV_PWAP,France,0.00433
2005,EN_LKRV_PWAP,France,0.00438
2006,EN_LKRV_PWAP,France,0.00439
2007,EN_LKRV_PWAP,France,0.00441
2008,EN_LKRV_PWAP,France,0.00442
2009,EN_LKRV_PWAP,France,0.00443
2010,EN_LKRV_PWAP,France,0.00442
2011,EN_LKRV_PWAP,France,0.00443
2012,EN_LKRV_PWAP,France,0.00443
2013,EN_LKRV_PWAP,France,0.00441
2014,EN_LKRV_PWAP,France,0.00446
2015,EN_LKRV_PWAP,France,0.00451
2016,EN_LKRV_PWAP,France,0.00455
2017,EN_LKRV_PWAP,France,0.00461
2018,EN_LKRV_PWAP,France,0.00462
2019,EN_LKRV_PWAP,France,0.00463
2020,EN_LKRV_PWAP,France,0.00461
2021,EN_LKRV_PWAP,France,0.00462
2022,EN_LKRV_PWAP,France,0.00463
2000,EN_LKRV_PWAP,Georgia,0.00131
2001,EN_LKRV_PWAP,Georgia,0.00185
2002,EN_LKRV_PWAP,Georgia,0.00247
2003,EN_LKRV_PWAP,Georgia,0.0031
2004,EN_LKRV_PWAP,Georgia,0.00314
2005,EN_LKRV_PWAP,Georgia,0.00317
2006,EN_LKRV_PWAP,Georgia,0.00322
2007,EN_LKRV_PWAP,Georgia,0.00324
2008,EN_LKRV_PWAP,Georgia,0.00324
2009,EN_LKRV_PWAP,Georgia,0.00322
2010,EN_LKRV_PWAP,Georgia,0.00323
2011,EN_LKRV_PWAP,Georgia,0.0032
2012,EN_LKRV_PWAP,Georgia,0.00323
2013,EN_LKRV_PWAP,Georgia,0.00321
2014,EN_LKRV_PWAP,Georgia,0.00325
2015,EN_LKRV_PWAP,Georgia,0.00325
2016,EN_LKRV_PWAP,Georgia,0.00325
2017,EN_LKRV_PWAP,Georgia,0.00326
2018,EN_LKRV_PWAP,Georgia,0.00332
2019,EN_LKRV_PWAP,Georgia,0.0033
2020,EN_LKRV_PWAP,Georgia,0.00332
2021,EN_LKRV_PWAP,Georgia,0.00336
2022,EN_LKRV_PWAP,Georgia,0.00333
2000,EN_LKRV_PWAP,Germany,0.00476
2001,EN_LKRV_PWAP,Germany,0.00655
2002,EN_LKRV_PWAP,Germany,0.00831
2003,EN_LKRV_PWAP,Germany,0.00891
2004,EN_LKRV_PWAP,Germany,0.00898
2005,EN_LKRV_PWAP,Germany,0.00908
2006,EN_LKRV_PWAP,Germany,0.00915
2007,EN_LKRV_PWAP,Germany,0.00927
2008,EN_LKRV_PWAP,Germany,0.0093
2009,EN_LKRV_PWAP,Germany,0.0092
2010,EN_LKRV_PWAP,Germany,0.00921
2011,EN_LKRV_PWAP,Germany,0.00924
2012,EN_LKRV_PWAP,Germany,0.00927
2013,EN_LKRV_PWAP,Germany,0.00928
2014,EN_LKRV_PWAP,Germany,0.00946
2015,EN_LKRV_PWAP,Germany,0.00951
2016,EN_LKRV_PWAP,Germany,0.00953
2017,EN_LKRV_PWAP,Germany,0.00957
2018,EN_LKRV_PWAP,Germany,0.00964
2019,EN_LKRV_PWAP,Germany,0.00963
2020,EN_LKRV_PWAP,Germany,0.00964
2021,EN_LKRV_PWAP,Germany,0.00968
2022,EN_LKRV_PWAP,Germany,0.00968
2000,EN_LKRV_PWAP,Greece,0.00097
2001,EN_LKRV_PWAP,Greece,0.00183
2002,EN_LKRV_PWAP,Greece,0.00269
2003,EN_LKRV_PWAP,Greece,0.00355
2004,EN_LKRV_PWAP,Greece,0.00447
2005,EN_LKRV_PWAP,Greece,0.00449
2006,EN_LKRV_PWAP,Greece,0.00448
2007,EN_LKRV_PWAP,Greece,0.00456
2008,EN_LKRV_PWAP,Greece,0.00461
2009,EN_LKRV_PWAP,Greece,0.00456
2010,EN_LKRV_PWAP,Greece,0.00454
2011,EN_LKRV_PWAP,Greece,0.00457
2012,EN_LKRV_PWAP,Greece,0.00461
2013,EN_LKRV_PWAP,Greece,0.00467
2014,EN_LKRV_PWAP,Greece,0.00479
2015,EN_LKRV_PWAP,Greece,0.00485
2016,EN_LKRV_PWAP,Greece,0.00496
2017,EN_LKRV_PWAP,Greece,0.00504
2018,EN_LKRV_PWAP,Greece,0.00512
2019,EN_LKRV_PWAP,Greece,0.00519
2020,EN_LKRV_PWAP,Greece,0.00526
2021,EN_LKRV_PWAP,Greece,0.00527
2022,EN_LKRV_PWAP,Greece,0.00526
2000,EN_LKRV_PWAP,Hungary,0.00241
2001,EN_LKRV_PWAP,Hungary,0.00483
2002,EN_LKRV_PWAP,Hungary,0.00726
2003,EN_LKRV_PWAP,Hungary,0.00964
2004,EN_LKRV_PWAP,Hungary,0.01199
2005,EN_LKRV_PWAP,Hungary,0.01202
2006,EN_LKRV_PWAP,Hungary,0.01205
2007,EN_LKRV_PWAP,Hungary,0.0121
2008,EN_LKRV_PWAP,Hungary,0.01215
2009,EN_LKRV_PWAP,Hungary,0.0121
2010,EN_LKRV_PWAP,Hungary,0.01211
2011,EN_LKRV_PWAP,Hungary,0.01215
2012,EN_LKRV_PWAP,Hungary,0.01214
2013,EN_LKRV_PWAP,Hungary,0.01213
2014,EN_LKRV_PWAP,Hungary,0.01209
2015,EN_LKRV_PWAP,Hungary,0.01216
2016,EN_LKRV_PWAP,Hungary,0.0122
2017,EN_LKRV_PWAP,Hungary,0.01231
2018,EN_LKRV_PWAP,Hungary,0.01243
2019,EN_LKRV_PWAP,Hungary,0.01249
2020,EN_LKRV_PWAP,Hungary,0.01252
2021,EN_LKRV_PWAP,Hungary,0.01254
2022,EN_LKRV_PWAP,Hungary,0.0125
2000,EN_LKRV_PWAP,Iceland,0.00579
2001,EN_LKRV_PWAP,Iceland,0.00878
2002,EN_LKRV_PWAP,Iceland,0.01164
2003,EN_LKRV_PWAP,Iceland,0.01458
2004,EN_LKRV_PWAP,Iceland,0.01444
2005,EN_LKRV_PWAP,Iceland,0.01431
2006,EN_LKRV_PWAP,Iceland,0.01404
2007,EN_LKRV_PWAP,Iceland,0.01412
2008,EN_LKRV_PWAP,Iceland,0.01396
2009,EN_LKRV_PWAP,Iceland,0.01405
2010,EN_LKRV_PWAP,Iceland,0.01422
2011,EN_LKRV_PWAP,Iceland,0.01428
2012,EN_LKRV_PWAP,Iceland,0.0142
2013,EN_LKRV_PWAP,Iceland,0.0144
2014,EN_LKRV_PWAP,Iceland,0.01453
2015,EN_LKRV_PWAP,Iceland,0.01461
2016,EN_LKRV_PWAP,Iceland,0.01475
2017,EN_LKRV_PWAP,Iceland,0.01503
2018,EN_LKRV_PWAP,Iceland,0.01511
2019,EN_LKRV_PWAP,Iceland,0.01502
2020,EN_LKRV_PWAP,Iceland,0.01525
2021,EN_LKRV_PWAP,Iceland,0.01594
2022,EN_LKRV_PWAP,Iceland,0.01648
2000,EN_LKRV_PWAP,India,0.00215
2001,EN_LKRV_PWAP,India,0.00216
2002,EN_LKRV_PWAP,India,0.00214
2003,EN_LKRV_PWAP,India,0.00232
2004,EN_LKRV_PWAP,India,0.00255
2005,EN_LKRV_PWAP,India,0.0024
2006,EN_LKRV_PWAP,India,0.00241
2007,EN_LKRV_PWAP,India,0.00244
2008,EN_LKRV_PWAP,India,0.00252
2009,EN_LKRV_PWAP,India,0.00258
2010,EN_LKRV_PWAP,India,0.00261
2011,EN_LKRV_PWAP,India,0.00261
2012,EN_LKRV_PWAP,India,0.00263
2013,EN_LKRV_PWAP,India,0.00261
2014,EN_LKRV_PWAP,India,0.00259
2015,EN_LKRV_PWAP,India,0.00263
2016,EN_LKRV_PWAP,India,0.00264
2017,EN_LKRV_PWAP,India,0.00262
2018,EN_LKRV_PWAP,India,0.00263
2019,EN_LKRV_PWAP,India,0.00261
2020,EN_LKRV_PWAP,India,0.00257
2021,EN_LKRV_PWAP,India,0.00269
2022,EN_LKRV_PWAP,India,0.00278
2000,EN_LKRV_PWAP,Ireland,0.00481
2001,EN_LKRV_PWAP,Ireland,0.00732
2002,EN_LKRV_PWAP,Ireland,0.0099
2003,EN_LKRV_PWAP,Ireland,0.01198
2004,EN_LKRV_PWAP,Ireland,0.01198
2005,EN_LKRV_PWAP,Ireland,0.01182
2006,EN_LKRV_PWAP,Ireland,0.01097
2007,EN_LKRV_PWAP,Ireland,0.01033
2008,EN_LKRV_PWAP,Ireland,0.00977
2009,EN_LKRV_PWAP,Ireland,0.00906
2010,EN_LKRV_PWAP,Ireland,0.00996
2011,EN_LKRV_PWAP,Ireland,0.01011
2012,EN_LKRV_PWAP,Ireland,0.00967
2013,EN_LKRV_PWAP,Ireland,0.01003
2014,EN_LKRV_PWAP,Ireland,0.01072
2015,EN_LKRV_PWAP,Ireland,0.01093
2016,EN_LKRV_PWAP,Ireland,0.01174
2017,EN_LKRV_PWAP,Ireland,0.0128
2018,EN_LKRV_PWAP,Ireland,0.01299
2019,EN_LKRV_PWAP,Ireland,0.01297
2020,EN_LKRV_PWAP,Ireland,0.01294
2021,EN_LKRV_PWAP,Ireland,0.01297
2022,EN_LKRV_PWAP,Ireland,0.01303
2000,EN_LKRV_PWAP,Israel,0.00853
2001,EN_LKRV_PWAP,Israel,0.01278
2002,EN_LKRV_PWAP,Israel,0.01694
2003,EN_LKRV_PWAP,Israel,0.02113
2004,EN_LKRV_PWAP,Israel,0.02107
2005,EN_LKRV_PWAP,Israel,0.02106
2006,EN_LKRV_PWAP,Israel,0.02102
2007,EN_LKRV_PWAP,Israel,0.02111
2008,EN_LKRV_PWAP,Israel,0.02114
2009,EN_LKRV_PWAP,Israel,0.02109
2010,EN_LKRV_PWAP,Israel,0.02098
2011,EN_LKRV_PWAP,Israel,0.021
2012,EN_LKRV_PWAP,Israel,0.02091
2013,EN_LKRV_PWAP,Israel,0.02084
2014,EN_LKRV_PWAP,Israel,0.02086
2015,EN_LKRV_PWAP,Israel,0.0209
2016,EN_LKRV_PWAP,Israel,0.02089
2017,EN_LKRV_PWAP,Israel,0.02092
2018,EN_LKRV_PWAP,Israel,0.02093
2019,EN_LKRV_PWAP,Israel,0.02092
2020,EN_LKRV_PWAP,Israel,0.02089
2021,EN_LKRV_PWAP,Israel,0.02089
2022,EN_LKRV_PWAP,Israel,0.02086
2000,EN_LKRV_PWAP,Italy,0.00128
2001,EN_LKRV_PWAP,Italy,0.00248
2002,EN_LKRV_PWAP,Italy,0.00373
2003,EN_LKRV_PWAP,Italy,0.00498
2004,EN_LKRV_PWAP,Italy,0.00619
2005,EN_LKRV_PWAP,Italy,0.00624
2006,EN_LKRV_PWAP,Italy,0.00628
2007,EN_LKRV_PWAP,Italy,0.00631
2008,EN_LKRV_PWAP,Italy,0.00632
2009,EN_LKRV_PWAP,Italy,0.00634
2010,EN_LKRV_PWAP,Italy,0.00636
2011,EN_LKRV_PWAP,Italy,0.00638
2012,EN_LKRV_PWAP,Italy,0.00639
2013,EN_LKRV_PWAP,Italy,0.00637
2014,EN_LKRV_PWAP,Italy,0.00641
2015,EN_LKRV_PWAP,Italy,0.00643
2016,EN_LKRV_PWAP,Italy,0.00644
2017,EN_LKRV_PWAP,Italy,0.00647
2018,EN_LKRV_PWAP,Italy,0.00654
2019,EN_LKRV_PWAP,Italy,0.00655
2020,EN_LKRV_PWAP,Italy,0.00656
2021,EN_LKRV_PWAP,Italy,0.00659
2022,EN_LKRV_PWAP,Italy,0.00659
2000,EN_LKRV_PWAP,Japan,0.00462
2001,EN_LKRV_PWAP,Japan,0.00461
2002,EN_LKRV_PWAP,Japan,0.00457
2003,EN_LKRV_PWAP,Japan,0.0045
2004,EN_LKRV_PWAP,Japan,0.00452
2005,EN_LKRV_PWAP,Japan,0.00449
2006,EN_LKRV_PWAP,Japan,0.00448
2007,EN_LKRV_PWAP,Japan,0.00452
2008,EN_LKRV_PWAP,Japan,0.00454
2009,EN_LKRV_PWAP,Japan,0.00448
2010,EN_LKRV_PWAP,Japan,0.00448
2011,EN_LKRV_PWAP,Japan,0.00447
2012,EN_LKRV_PWAP,Japan,0.00446
2013,EN_LKRV_PWAP,Japan,0.00447
2014,EN_LKRV_PWAP,Japan,0.00449
2015,EN_LKRV_PWAP,Japan,0.00447
2016,EN_LKRV_PWAP,Japan,0.00443
2017,EN_LKRV_PWAP,Japan,0.0044
2018,EN_LKRV_PWAP,Japan,0.00437
2019,EN_LKRV_PWAP,Japan,0.00435
2020,EN_LKRV_PWAP,Japan,0.00433
2021,EN_LKRV_PWAP,Japan,0.00436
2022,EN_LKRV_PWAP,Japan,0.00436
2000,EN_LKRV_PWAP,Kazakhstan,0.03876
2001,EN_LKRV_PWAP,Kazakhstan,0.04304
2002,EN_LKRV_PWAP,Kazakhstan,0.04908
2003,EN_LKRV_PWAP,Kazakhstan,0.05831
2004,EN_LKRV_PWAP,Kazakhstan,0.05813
2005,EN_LKRV_PWAP,Kazakhstan,0.05788
2006,EN_LKRV_PWAP,Kazakhstan,0.05781
2007,EN_LKRV_PWAP,Kazakhstan,0.05773
2008,EN_LKRV_PWAP,Kazakhstan,0.05774
2009,EN_LKRV_PWAP,Kazakhstan,0.05739
2010,EN_LKRV_PWAP,Kazakhstan,0.05687
2011,EN_LKRV_PWAP,Kazakhstan,0.05628
2012,EN_LKRV_PWAP,Kazakhstan,0.05567
2013,EN_LKRV_PWAP,Kazakhstan,0.05485
2014,EN_LKRV_PWAP,Kazakhstan,0.05463
2015,EN_LKRV_PWAP,Kazakhstan,0.0544
2016,EN_LKRV_PWAP,Kazakhstan,0.05485
2017,EN_LKRV_PWAP,Kazakhstan,0.05569
2018,EN_LKRV_PWAP,Kazakhstan,0.05675
2019,EN_LKRV_PWAP,Kazakhstan,0.05739
2020,EN_LKRV_PWAP,Kazakhstan,0.05808
2021,EN_LKRV_PWAP,Kazakhstan,0.05803
2022,EN_LKRV_PWAP,Kazakhstan,0.05759
2000,EN_LKRV_PWAP,Republic of Korea,0.00521
2001,EN_LKRV_PWAP,Republic of Korea,0.0051
2002,EN_LKRV_PWAP,Republic of Korea,0.00496
2003,EN_LKRV_PWAP,Republic of Korea,0.00485
2004,EN_LKRV_PWAP,Republic of Korea,0.00479
2005,EN_LKRV_PWAP,Republic of Korea,0.00473
2006,EN_LKRV_PWAP,Republic of Korea,0.00464
2007,EN_LKRV_PWAP,Republic of Korea,0.00473
2008,EN_LKRV_PWAP,Republic of Korea,0.00472
2009,EN_LKRV_PWAP,Republic of Korea,0.00454
2010,EN_LKRV_PWAP,Republic of Korea,0.00439
2011,EN_LKRV_PWAP,Republic of Korea,0.00445
2012,EN_LKRV_PWAP,Republic of Korea,0.00448
2013,EN_LKRV_PWAP,Republic of Korea,0.00448
2014,EN_LKRV_PWAP,Republic of Korea,0.00449
2015,EN_LKRV_PWAP,Republic of Korea,0.00457
2016,EN_LKRV_PWAP,Republic of Korea,0.00457
2017,EN_LKRV_PWAP,Republic of Korea,0.00445
2018,EN_LKRV_PWAP,Republic of Korea,0.00448
2019,EN_LKRV_PWAP,Republic of Korea,0.00456
2020,EN_LKRV_PWAP,Republic of Korea,0.00458
2021,EN_LKRV_PWAP,Republic of Korea,0.00465
2022,EN_LKRV_PWAP,Republic of Korea,0.00476
2000,EN_LKRV_PWAP,Kyrgyzstan,0.03499
2001,EN_LKRV_PWAP,Kyrgyzstan,0.03586
2002,EN_LKRV_PWAP,Kyrgyzstan,0.03591
2003,EN_LKRV_PWAP,Kyrgyzstan,0.03609
2004,EN_LKRV_PWAP,Kyrgyzstan,0.0363
2005,EN_LKRV_PWAP,Kyrgyzstan,0.03633
2006,EN_LKRV_PWAP,Kyrgyzstan,0.03637
2007,EN_LKRV_PWAP,Kyrgyzstan,0.03642
2008,EN_LKRV_PWAP,Kyrgyzstan,0.03641
2009,EN_LKRV_PWAP,Kyrgyzstan,0.03642
2010,EN_LKRV_PWAP,Kyrgyzstan,0.0364
2011,EN_LKRV_PWAP,Kyrgyzstan,0.0364
2012,EN_LKRV_PWAP,Kyrgyzstan,0.0364
2013,EN_LKRV_PWAP,Kyrgyzstan,0.03643
2014,EN_LKRV_PWAP,Kyrgyzstan,0.03643
2015,EN_LKRV_PWAP,Kyrgyzstan,0.03639
2016,EN_LKRV_PWAP,Kyrgyzstan,0.03633
2017,EN_LKRV_PWAP,Kyrgyzstan,0.0363
2018,EN_LKRV_PWAP,Kyrgyzstan,0.0363
2019,EN_LKRV_PWAP,Kyrgyzstan,0.03632
2020,EN_LKRV_PWAP,Kyrgyzstan,0.03636
2021,EN_LKRV_PWAP,Kyrgyzstan,0.03639
2022,EN_LKRV_PWAP,Kyrgyzstan,0.03638
2000,EN_LKRV_PWAP,Latvia,0.00641
2001,EN_LKRV_PWAP,Latvia,0.00858
2002,EN_LKRV_PWAP,Latvia,0.01106
2003,EN_LKRV_PWAP,Latvia,0.01243
2004,EN_LKRV_PWAP,Latvia,0.01242
2005,EN_LKRV_PWAP,Latvia,0.01253
2006,EN_LKRV_PWAP,Latvia,0.01253
2007,EN_LKRV_PWAP,Latvia,0.0126
2008,EN_LKRV_PWAP,Latvia,0.0126
2009,EN_LKRV_PWAP,Latvia,0.01259
2010,EN_LKRV_PWAP,Latvia,0.01255
2011,EN_LKRV_PWAP,Latvia,0.01251
2012,EN_LKRV_PWAP,Latvia,0.01244
2013,EN_LKRV_PWAP,Latvia,0.01249
2014,EN_LKRV_PWAP,Latvia,0.01248
2015,EN_LKRV_PWAP,Latvia,0.01251
2016,EN_LKRV_PWAP,Latvia,0.01259
2017,EN_LKRV_PWAP,Latvia,0.01268
2018,EN_LKRV_PWAP,Latvia,0.01275
2019,EN_LKRV_PWAP,Latvia,0.01279
2020,EN_LKRV_PWAP,Latvia,0.01274
2021,EN_LKRV_PWAP,Latvia,0.01273
2022,EN_LKRV_PWAP,Latvia,0.0127
2000,EN_LKRV_PWAP,Liechtenstein,0.00182
2001,EN_LKRV_PWAP,Liechtenstein,0.00278
2002,EN_LKRV_PWAP,Liechtenstein,0.00377
2003,EN_LKRV_PWAP,Liechtenstein,0.00457
2004,EN_LKRV_PWAP,Liechtenstein,0.00452
2005,EN_LKRV_PWAP,Liechtenstein,0.00449
2006,EN_LKRV_PWAP,Liechtenstein,0.00436
2007,EN_LKRV_PWAP,Liechtenstein,0.00426
2008,EN_LKRV_PWAP,Liechtenstein,0.00406
2009,EN_LKRV_PWAP,Liechtenstein,0.0041
2010,EN_LKRV_PWAP,Liechtenstein,0.00403
2011,EN_LKRV_PWAP,Liechtenstein,0.00405
2012,EN_LKRV_PWAP,Liechtenstein,0.00406
2013,EN_LKRV_PWAP,Liechtenstein,0.00439
2014,EN_LKRV_PWAP,Liechtenstein,0.00447
2015,EN_LKRV_PWAP,Liechtenstein,0.00453
2016,EN_LKRV_PWAP,Liechtenstein,0.00448
2017,EN_LKRV_PWAP,Liechtenstein,0.00459
2018,EN_LKRV_PWAP,Liechtenstein,0.00458
2019,EN_LKRV_PWAP,Liechtenstein,0.00461
2020,EN_LKRV_PWAP,Liechtenstein,0.00462
2021,EN_LKRV_PWAP,Liechtenstein,0.00479
2022,EN_LKRV_PWAP,Liechtenstein,0.0048
2000,EN_LKRV_PWAP,Lithuania,0.00705
2001,EN_LKRV_PWAP,Lithuania,0.00977
2002,EN_LKRV_PWAP,Lithuania,0.0124
2003,EN_LKRV_PWAP,Lithuania,0.01347
2004,EN_LKRV_PWAP,Lithuania,0.01341
2005,EN_LKRV_PWAP,Lithuania,0.01345
2006,EN_LKRV_PWAP,Lithuania,0.01344
2007,EN_LKRV_PWAP,Lithuania,0.01355
2008,EN_LKRV_PWAP,Lithuania,0.01355
2009,EN_LKRV_PWAP,Lithuania,0.01349
2010,EN_LKRV_PWAP,Lithuania,0.01345
2011,EN_LKRV_PWAP,Lithuania,0.0134
2012,EN_LKRV_PWAP,Lithuania,0.0133
2013,EN_LKRV_PWAP,Lithuania,0.01329
2014,EN_LKRV_PWAP,Lithuania,0.01334
2015,EN_LKRV_PWAP,Lithuania,0.01338
2016,EN_LKRV_PWAP,Lithuania,0.01348
2017,EN_LKRV_PWAP,Lithuania,0.01362
2018,EN_LKRV_PWAP,Lithuania,0.01374
2019,EN_LKRV_PWAP,Lithuania,0.0138
2020,EN_LKRV_PWAP,Lithuania,0.01379
2021,EN_LKRV_PWAP,Lithuania,0.01377
2022,EN_LKRV_PWAP,Lithuania,0.01374
2000,EN_LKRV_PWAP,Luxembourg,0.00072
2001,EN_LKRV_PWAP,Luxembourg,0.00095
2002,EN_LKRV_PWAP,Luxembourg,0.00113
2003,EN_LKRV_PWAP,Luxembourg,0.0011
2004,EN_LKRV_PWAP,Luxembourg,0.0011
2005,EN_LKRV_PWAP,Luxembourg,0.0011
2006,EN_LKRV_PWAP,Luxembourg,0.0011
2007,EN_LKRV_PWAP,Luxembourg,0.00116
2008,EN_LKRV_PWAP,Luxembourg,0.00116
2009,EN_LKRV_PWAP,Luxembourg,0.00114
2010,EN_LKRV_PWAP,Luxembourg,0.0011
2011,EN_LKRV_PWAP,Luxembourg,0.0011
2012,EN_LKRV_PWAP,Luxembourg,0.00107
2013,EN_LKRV_PWAP,Luxembourg,0.00107
2014,EN_LKRV_PWAP,Luxembourg,0.00108
2015,EN_LKRV_PWAP,Luxembourg,0.0011
2016,EN_LKRV_PWAP,Luxembourg,0.0011
2017,EN_LKRV_PWAP,Luxembourg,0.00114
2018,EN_LKRV_PWAP,Luxembourg,0.00113
2019,EN_LKRV_PWAP,Luxembourg,0.00114
2020,EN_LKRV_PWAP,Luxembourg,0.00113
2021,EN_LKRV_PWAP,Luxembourg,0.00114
2022,EN_LKRV_PWAP,Luxembourg,0.00109
2000,EN_LKRV_PWAP,Malta,0.00015
2001,EN_LKRV_PWAP,Malta,0.00044
2002,EN_LKRV_PWAP,Malta,0.00071
2003,EN_LKRV_PWAP,Malta,0.00111
2004,EN_LKRV_PWAP,Malta,0.0016
2005,EN_LKRV_PWAP,Malta,0.00195
2006,EN_LKRV_PWAP,Malta,0.00182
2007,EN_LKRV_PWAP,Malta,0.00176
2008,EN_LKRV_PWAP,Malta,0.00157
2009,EN_LKRV_PWAP,Malta,0.00128
2010,EN_LKRV_PWAP,Malta,0.00107
2011,EN_LKRV_PWAP,Malta,0.00141
2012,EN_LKRV_PWAP,Malta,0.00148
2013,EN_LKRV_PWAP,Malta,0.00164
2014,EN_LKRV_PWAP,Malta,0.00199
2015,EN_LKRV_PWAP,Malta,0.0023
2016,EN_LKRV_PWAP,Malta,0.00219
2017,EN_LKRV_PWAP,Malta,0.00202
2018,EN_LKRV_PWAP,Malta,0.00176
2019,EN_LKRV_PWAP,Malta,0.00132
2020,EN_LKRV_PWAP,Malta,0.00083
2021,EN_LKRV_PWAP,Malta,0.00057
2022,EN_LKRV_PWAP,Malta,0.00062
2000,EN_LKRV_PWAP,Mexico,0.0027
2001,EN_LKRV_PWAP,Mexico,0.00268
2002,EN_LKRV_PWAP,Mexico,0.00263
2003,EN_LKRV_PWAP,Mexico,0.00257
2004,EN_LKRV_PWAP,Mexico,0.0026
2005,EN_LKRV_PWAP,Mexico,0.00263
2006,EN_LKRV_PWAP,Mexico,0.00267
2007,EN_LKRV_PWAP,Mexico,0.00275
2008,EN_LKRV_PWAP,Mexico,0.00282
2009,EN_LKRV_PWAP,Mexico,0.00288
2010,EN_LKRV_PWAP,Mexico,0.00289
2011,EN_LKRV_PWAP,Mexico,0.00292
2012,EN_LKRV_PWAP,Mexico,0.00292
2013,EN_LKRV_PWAP,Mexico,0.00289
2014,EN_LKRV_PWAP,Mexico,0.00281
2015,EN_LKRV_PWAP,Mexico,0.00285
2016,EN_LKRV_PWAP,Mexico,0.00289
2017,EN_LKRV_PWAP,Mexico,0.00294
2018,EN_LKRV_PWAP,Mexico,0.003
2019,EN_LKRV_PWAP,Mexico,0.00308
2020,EN_LKRV_PWAP,Mexico,0.00307
2021,EN_LKRV_PWAP,Mexico,0.00299
2022,EN_LKRV_PWAP,Mexico,0.00295
2000,EN_LKRV_PWAP,Moldova,0.00629
2001,EN_LKRV_PWAP,Moldova,0.00633
2002,EN_LKRV_PWAP,Moldova,0.00689
2003,EN_LKRV_PWAP,Moldova,0.00664
2004,EN_LKRV_PWAP,Moldova,0.00723
2005,EN_LKRV_PWAP,Moldova,0.00727
2006,EN_LKRV_PWAP,Moldova,0.00737
2007,EN_LKRV_PWAP,Moldova,0.00748
2008,EN_LKRV_PWAP,Moldova,0.00745
2009,EN_LKRV_PWAP,Moldova,0.00748
2010,EN_LKRV_PWAP,Moldova,0.00747
2011,EN_LKRV_PWAP,Moldova,0.00746
2012,EN_LKRV_PWAP,Moldova,0.00742
2013,EN_LKRV_PWAP,Moldova,0.00731
2014,EN_LKRV_PWAP,Moldova,0.00731
2015,EN_LKRV_PWAP,Moldova,0.00738
2016,EN_LKRV_PWAP,Moldova,0.00726
2017,EN_LKRV_PWAP,Moldova,0.00705
2018,EN_LKRV_PWAP,Moldova,0.00716
2019,EN_LKRV_PWAP,Moldova,0.00711
2020,EN_LKRV_PWAP,Moldova,0.00704
2021,EN_LKRV_PWAP,Moldova,0.00707
2022,EN_LKRV_PWAP,Moldova,0.00718
2006,EN_LKRV_PWAP,Montenegro,0.0015
2007,EN_LKRV_PWAP,Montenegro,0.00146
2008,EN_LKRV_PWAP,Montenegro,0.00146
2009,EN_LKRV_PWAP,Montenegro,0.00144
2010,EN_LKRV_PWAP,Montenegro,0.00141
2011,EN_LKRV_PWAP,Montenegro,0.00139
2012,EN_LKRV_PWAP,Montenegro,0.0014
2013,EN_LKRV_PWAP,Montenegro,0.00139
2014,EN_LKRV_PWAP,Montenegro,0.00139
2015,EN_LKRV_PWAP,Montenegro,0.00141
2016,EN_LKRV_PWAP,Montenegro,0.00142
2017,EN_LKRV_PWAP,Montenegro,0.00142
2018,EN_LKRV_PWAP,Montenegro,0.00141
2019,EN_LKRV_PWAP,Montenegro,0.00139
2020,EN_LKRV_PWAP,Montenegro,0.00138
2021,EN_LKRV_PWAP,Montenegro,0.0014
2022,EN_LKRV_PWAP,Montenegro,0.0014
2022,EN_LKRV_PWAP,Montenegro,0.0014
