Year,Country,Location,Value
2000,Austria,URBAN,100.0
2000,Austria,ALLAREA,100.0
2000,Austria,RURAL,100.0
2001,Austria,RURAL,100.0
2001,Austria,URBAN,100.0
2001,Austria,ALLAREA,100.0
2002,Austria,ALLAREA,100.0
2002,Austria,URBAN,100.0
2002,Austria,RURAL,100.0
2003,Austria,URBAN,100.0
2003,Austria,ALLAREA,100.0
2003,Austria,RURAL,100.0
2004,Austria,ALLAREA,100.0
2004,Austria,URBAN,100.0
2004,Austria,RURAL,100.0
2005,Austria,RURAL,100.0
2005,Austria,URBAN,100.0
2005,Austria,ALLAREA,100.0
2006,Austria,ALLAREA,100.0
2006,Austria,URBAN,100.0
2006,Austria,RURAL,100.0
2007,Austria,RURAL,100.0
2007,Austria,URBAN,100.0
2007,Austria,ALLAREA,100.0
2008,Austria,ALLAREA,100.0
2008,Austria,URBAN,100.0
2008,Austria,RURAL,100.0
2009,Austria,RURAL,100.0
2009,Austria,URBAN,100.0
2009,Austria,ALLAREA,100.0
2010,Austria,URBAN,100.0
2010,Austria,RURAL,100.0
2010,Austria,ALLAREA,100.0
2011,Austria,ALLAREA,100.0
2011,Austria,RURAL,100.0
2011,Austria,URBAN,100.0
2012,Austria,URBAN,100.0
2012,Austria,RURAL,100.0
2012,Austria,ALLAREA,100.0
2000,Czechia,ALLAREA,100.0
2000,Czechia,URBAN,100.0
2000,Czechia,RURAL,100.0
2001,Czechia,URBAN,100.0
2001,Czechia,RURAL,100.0
2001,Czechia,ALLAREA,100.0
2002,Czechia,ALLAREA,100.0
2002,Czechia,RURAL,100.0
2002,Czechia,URBAN,100.0
2003,Czechia,URBAN,99.9
2003,Czechia,RURAL,100.0
2003,Czechia,ALLAREA,100.0
2004,Czechia,RURAL,100.0
2013,Austria,ALLAREA,100.0
2013,Austria,RURAL,100.0
2013,Austria,URBAN,100.0
2014,Austria,URBAN,100.0
2014,Austria,ALLAREA,100.0
2014,Austria,RURAL,100.0
2015,Austria,RURAL,100.0
2015,Austria,URBAN,100.0
2015,Austria,ALLAREA,100.0
2016,Austria,RURAL,100.0
2016,Austria,ALLAREA,100.0
2016,Austria,URBAN,100.0
2017,Austria,RURAL,100.0
2017,Austria,URBAN,100.0
2017,Austria,ALLAREA,100.0
2018,Austria,ALLAREA,100.0
2018,Austria,URBAN,100.0
2018,Austria,RURAL,100.0
2019,Austria,RURAL,100.0
2019,Austria,ALLAREA,100.0
2019,Austria,URBAN,100.0
2020,Austria,ALLAREA,100.0
2020,Austria,URBAN,100.0
2020,Austria,RURAL,100.0
2021,Austria,URBAN,100.0
2021,Austria,RURAL,100.0
2004,Czechia,URBAN,99.9
2004,Czechia,ALLAREA,100.0
2005,Czechia,URBAN,99.8
2005,Czechia,RURAL,100.0
2005,Czechia,ALLAREA,100.0
2006,Czechia,ALLAREA,100.0
2006,Czechia,RURAL,100.0
2006,Czechia,URBAN,100.0
2007,Czechia,URBAN,100.0
2007,Czechia,RURAL,100.0
2007,Czechia,ALLAREA,100.0
2008,Czechia,RURAL,100.0
2008,Czechia,URBAN,100.0
2000,Kyrgyzstan,ALLAREA,99.6
2000,Kyrgyzstan,URBAN,99.7
2000,Kyrgyzstan,RURAL,99.5
2001,Kyrgyzstan,RURAL,99.5
2001,Kyrgyzstan,URBAN,99.6
2001,Kyrgyzstan,ALLAREA,99.5
2002,Kyrgyzstan,ALLAREA,100.0
2002,Kyrgyzstan,URBAN,100.0
2002,Kyrgyzstan,RURAL,100.0
2003,Kyrgyzstan,URBAN,99.4
2003,Kyrgyzstan,RURAL,99.4
2003,Kyrgyzstan,ALLAREA,99.4
2004,Kyrgyzstan,URBAN,99.4
2004,Kyrgyzstan,ALLAREA,99.3
2004,Kyrgyzstan,RURAL,99.3
2005,Kyrgyzstan,RURAL,99.3
2005,Kyrgyzstan,ALLAREA,99.4
2005,Kyrgyzstan,URBAN,99.8
2006,Kyrgyzstan,URBAN,98.5
2006,Kyrgyzstan,ALLAREA,98.9
2006,Kyrgyzstan,RURAL,99.1
2007,Kyrgyzstan,RURAL,99.5
2007,Kyrgyzstan,URBAN,99.6
2007,Kyrgyzstan,ALLAREA,99.5
2008,Kyrgyzstan,ALLAREA,99.5
2008,Kyrgyzstan,URBAN,99.4
2008,Kyrgyzstan,RURAL,99.6
2009,Kyrgyzstan,RURAL,99.5
2009,Kyrgyzstan,URBAN,99.5
2009,Kyrgyzstan,ALLAREA,99.5
2010,Kyrgyzstan,RURAL,98.9
2010,Kyrgyzstan,URBAN,99.1
2010,Kyrgyzstan,ALLAREA,99.0
2011,Kyrgyzstan,URBAN,99.3
2011,Kyrgyzstan,RURAL,97.8
2011,Kyrgyzstan,ALLAREA,98.3
2012,Kyrgyzstan,ALLAREA,99.8
2012,Kyrgyzstan,URBAN,99.8
2012,Kyrgyzstan,RURAL,99.8
2013,Kyrgyzstan,URBAN,99.0
2013,Kyrgyzstan,RURAL,98.9
2013,Kyrgyzstan,ALLAREA,98.9
2014,Kyrgyzstan,ALLAREA,99.8
2014,Kyrgyzstan,RURAL,99.7
2014,Kyrgyzstan,URBAN,99.9
2015,Kyrgyzstan,URBAN,98.7
2015,Kyrgyzstan,RURAL,98.7
2015,Kyrgyzstan,ALLAREA,98.7
2016,Kyrgyzstan,RURAL,99.8
2016,Kyrgyzstan,URBAN,99.5
2016,Kyrgyzstan,ALLAREA,99.7
2017,Kyrgyzstan,ALLAREA,100.0
2017,Kyrgyzstan,URBAN,100.0
2017,Kyrgyzstan,RURAL,100.0
2018,Kyrgyzstan,RURAL,100.0
2018,Kyrgyzstan,URBAN,100.0
2018,Kyrgyzstan,ALLAREA,100.0
2019,Kyrgyzstan,URBAN,99.8
2019,Kyrgyzstan,RURAL,99.9
2019,Kyrgyzstan,ALLAREA,99.9
2020,Kyrgyzstan,RURAL,99.9
2020,Kyrgyzstan,URBAN,99.8
2020,Kyrgyzstan,ALLAREA,99.9
2021,Kyrgyzstan,ALLAREA,99.7
2021,Kyrgyzstan,URBAN,99.8
2000,Albania,ALLAREA,99.4
2000,Albania,URBAN,96.1
2000,Albania,RURAL,100.0
2001,Albania,RURAL,100.0
2001,Albania,URBAN,96.3
2001,Albania,ALLAREA,99.4
2002,Albania,ALLAREA,99.4
2002,Albania,URBAN,96.6
2002,Albania,RURAL,100.0
2003,Albania,ALLAREA,99.4
2003,Albania,RURAL,100.0
2003,Albania,URBAN,96.8
2004,Albania,ALLAREA,99.4
2021,Austria,ALLAREA,100.0
2000,Armenia,URBAN,99.1
2000,Armenia,ALLAREA,98.9
2000,Armenia,RURAL,98.5
2001,Armenia,RURAL,100.0
2001,Armenia,ALLAREA,100.0
2001,Armenia,URBAN,99.3
2002,Armenia,URBAN,99.2
2002,Armenia,ALLAREA,98.0
2002,Armenia,RURAL,95.8
2003,Armenia,ALLAREA,99.1
2003,Armenia,RURAL,98.9
2003,Armenia,URBAN,99.2
2021,Kyrgyzstan,RURAL,99.6
2000,Latvia,ALLAREA,99.9
2000,Latvia,URBAN,99.6
2000,Latvia,RURAL,100.0
2001,Latvia,ALLAREA,99.9
2001,Latvia,RURAL,100.0
2001,Latvia,URBAN,99.5
2002,Latvia,ALLAREA,99.8
2002,Latvia,URBAN,99.5
2002,Latvia,RURAL,100.0
2003,Latvia,RURAL,100.0
2003,Latvia,URBAN,99.5
2003,Latvia,ALLAREA,99.8
2004,Albania,URBAN,97.1
2004,Albania,RURAL,100.0
2005,Albania,RURAL,100.0
2005,Albania,URBAN,97.4
2005,Albania,ALLAREA,99.4
2006,Albania,ALLAREA,99.4
2006,Albania,URBAN,97.7
2006,Albania,RURAL,100.0
2007,Albania,RURAL,100.0
2007,Albania,URBAN,98.0
2007,Albania,ALLAREA,99.4
2008,Albania,URBAN,98.3
2008,Albania,ALLAREA,100.0
2008,Albania,RURAL,100.0
2009,Albania,RURAL,100.0
2009,Albania,ALLAREA,99.6
2009,Albania,URBAN,98.7
2010,Albania,URBAN,99.1
2010,Albania,ALLAREA,99.6
2010,Albania,RURAL,100.0
2011,Albania,RURAL,100.0
2011,Albania,URBAN,99.5
2011,Albania,ALLAREA,99.7
2012,Albania,ALLAREA,99.9
2012,Albania,URBAN,99.9
2012,Albania,RURAL,99.9
2004,Armenia,ALLAREA,99.1
2004,Armenia,URBAN,99.2
2004,Armenia,RURAL,98.9
2005,Armenia,URBAN,99.9
2005,Armenia,RURAL,99.6
2005,Armenia,ALLAREA,99.8
2006,Armenia,ALLAREA,99.1
2006,Armenia,RURAL,98.9
2006,Armenia,URBAN,99.2
2007,Armenia,URBAN,99.3
2007,Armenia,RURAL,98.9
2007,Armenia,ALLAREA,99.2
2008,Armenia,ALLAREA,99.2
2013,Albania,RURAL,99.8
2013,Albania,URBAN,99.9
2013,Albania,ALLAREA,99.9
2014,Albania,ALLAREA,100.0
2014,Albania,URBAN,100.0
2014,Albania,RURAL,99.9
2015,Albania,RURAL,100.0
2015,Albania,URBAN,100.0
2015,Albania,ALLAREA,100.0
2016,Albania,ALLAREA,99.9
2016,Albania,URBAN,100.0
2016,Albania,RURAL,99.7
2017,Albania,ALLAREA,99.9
2008,Czechia,ALLAREA,100.0
2009,Czechia,ALLAREA,100.0
2009,Czechia,URBAN,100.0
2009,Czechia,RURAL,100.0
2010,Czechia,RURAL,100.0
2010,Czechia,URBAN,100.0
2010,Czechia,ALLAREA,100.0
2011,Czechia,ALLAREA,100.0
2011,Czechia,URBAN,100.0
2011,Czechia,RURAL,100.0
2012,Czechia,RURAL,100.0
2012,Czechia,URBAN,100.0
2012,Czechia,ALLAREA,100.0
2017,Albania,RURAL,99.7
2017,Albania,URBAN,100.0
2018,Albania,ALLAREA,100.0
2018,Albania,URBAN,100.0
2018,Albania,RURAL,100.0
2019,Albania,RURAL,100.0
2019,Albania,URBAN,100.0
2019,Albania,ALLAREA,100.0
2020,Albania,ALLAREA,100.0
2020,Albania,URBAN,100.0
2020,Albania,RURAL,100.0
2021,Albania,RURAL,100.0
2021,Albania,URBAN,100.0
2013,Czechia,ALLAREA,100.0
2013,Czechia,URBAN,100.0
2013,Czechia,RURAL,100.0
2014,Czechia,RURAL,100.0
2014,Czechia,URBAN,100.0
2014,Czechia,ALLAREA,100.0
2015,Czechia,ALLAREA,100.0
2015,Czechia,URBAN,100.0
2015,Czechia,RURAL,100.0
2016,Czechia,RURAL,100.0
2016,Czechia,URBAN,100.0
2016,Czechia,ALLAREA,100.0
2017,Czechia,RURAL,100.0
2004,Latvia,ALLAREA,99.7
2004,Latvia,URBAN,99.4
2004,Latvia,RURAL,100.0
2005,Latvia,RURAL,100.0
2005,Latvia,URBAN,99.4
2005,Latvia,ALLAREA,99.7
2006,Latvia,ALLAREA,99.6
2006,Latvia,URBAN,99.5
2006,Latvia,RURAL,100.0
2007,Latvia,URBAN,99.5
2007,Latvia,RURAL,100.0
2007,Latvia,ALLAREA,99.7
2008,Latvia,ALLAREA,99.7
2017,Czechia,ALLAREA,100.0
2017,Czechia,URBAN,100.0
2018,Czechia,RURAL,100.0
2018,Czechia,URBAN,100.0
2018,Czechia,ALLAREA,100.0
2019,Czechia,URBAN,100.0
2019,Czechia,ALLAREA,100.0
2019,Czechia,RURAL,100.0
2020,Czechia,RURAL,100.0
2020,Czechia,ALLAREA,100.0
2020,Czechia,URBAN,100.0
2021,Czechia,URBAN,100.0
2021,Czechia,ALLAREA,100.0
2008,Latvia,RURAL,99.9
2008,Latvia,URBAN,99.6
2009,Latvia,ALLAREA,100.0
2009,Latvia,URBAN,100.0
2009,Latvia,RURAL,100.0
2010,Latvia,RURAL,99.8
2010,Latvia,URBAN,99.7
2010,Latvia,ALLAREA,99.8
2011,Latvia,URBAN,99.8
2011,Latvia,RURAL,99.8
2011,Latvia,ALLAREA,99.8
2012,Latvia,RURAL,100.0
2012,Latvia,ALLAREA,100.0
2008,Armenia,URBAN,99.4
2008,Armenia,RURAL,98.9
2009,Armenia,RURAL,99.0
2009,Armenia,URBAN,99.4
2009,Armenia,ALLAREA,99.3
2010,Armenia,RURAL,100.0
2010,Armenia,ALLAREA,99.8
2010,Armenia,URBAN,99.7
2011,Armenia,RURAL,99.3
2011,Armenia,URBAN,99.6
2011,Armenia,ALLAREA,99.5
2012,Armenia,ALLAREA,99.5
2012,Armenia,URBAN,99.7
2012,Latvia,URBAN,100.0
2013,Latvia,ALLAREA,100.0
2013,Latvia,RURAL,100.0
2013,Latvia,URBAN,100.0
2014,Latvia,URBAN,100.0
2014,Latvia,RURAL,100.0
2014,Latvia,ALLAREA,100.0
2015,Latvia,URBAN,100.0
2015,Latvia,ALLAREA,100.0
2015,Latvia,RURAL,100.0
2016,Latvia,URBAN,100.0
2016,Latvia,RURAL,100.0
2016,Latvia,ALLAREA,100.0
2017,Latvia,ALLAREA,100.0
2017,Latvia,RURAL,100.0
2017,Latvia,URBAN,100.0
2018,Latvia,URBAN,100.0
2018,Latvia,RURAL,100.0
2018,Latvia,ALLAREA,100.0
2019,Latvia,ALLAREA,100.0
2019,Latvia,URBAN,100.0
2019,Latvia,RURAL,100.0
2020,Latvia,RURAL,100.0
2020,Latvia,URBAN,100.0
2020,Latvia,ALLAREA,100.0
2021,Latvia,ALLAREA,100.0
2021,Albania,ALLAREA,100.0
2000,Azerbaijan,RURAL,98.1
2000,Azerbaijan,ALLAREA,98.9
2000,Azerbaijan,URBAN,99.7
2001,Azerbaijan,ALLAREA,98.6
2001,Azerbaijan,RURAL,97.6
2001,Azerbaijan,URBAN,99.5
2002,Azerbaijan,RURAL,100.0
2002,Azerbaijan,ALLAREA,100.0
2002,Azerbaijan,URBAN,99.5
2003,Azerbaijan,URBAN,99.5
2003,Azerbaijan,ALLAREA,98.8
2003,Azerbaijan,RURAL,98.1
2021,Czechia,RURAL,100.0
2000,Denmark,ALLAREA,100.0
2000,Denmark,URBAN,100.0
2000,Denmark,RURAL,100.0
2001,Denmark,RURAL,100.0
2001,Denmark,URBAN,100.0
2001,Denmark,ALLAREA,100.0
2002,Denmark,ALLAREA,100.0
2002,Denmark,URBAN,100.0
2002,Denmark,RURAL,100.0
2003,Denmark,RURAL,100.0
2003,Denmark,URBAN,100.0
2003,Denmark,ALLAREA,100.0
2012,Armenia,RURAL,99.2
2013,Armenia,RURAL,99.4
2013,Armenia,URBAN,99.4
2013,Armenia,ALLAREA,99.4
2014,Armenia,ALLAREA,99.7
2014,Armenia,URBAN,99.7
2014,Armenia,RURAL,99.8
2015,Armenia,RURAL,100.0
2015,Armenia,URBAN,100.0
2015,Armenia,ALLAREA,100.0
2016,Armenia,ALLAREA,99.8
2016,Armenia,URBAN,99.8
2016,Armenia,RURAL,99.8
2021,Latvia,URBAN,100.0
2021,Latvia,RURAL,100.0
2000,Liechtenstein,ALLAREA,100.0
2000,Liechtenstein,RURAL,100.0
2000,Liechtenstein,URBAN,100.0
2001,Liechtenstein,URBAN,100.0
2001,Liechtenstein,RURAL,100.0
2001,Liechtenstein,ALLAREA,100.0
2002,Liechtenstein,ALLAREA,100.0
2002,Liechtenstein,RURAL,100.0
2002,Liechtenstein,URBAN,100.0
2003,Liechtenstein,URBAN,100.0
2003,Liechtenstein,ALLAREA,100.0
2004,Denmark,ALLAREA,100.0
2004,Denmark,URBAN,100.0
2004,Denmark,RURAL,100.0
2005,Denmark,URBAN,100.0
2005,Denmark,RURAL,100.0
2005,Denmark,ALLAREA,100.0
2006,Denmark,RURAL,100.0
2006,Denmark,ALLAREA,100.0
2006,Denmark,URBAN,100.0
2007,Denmark,RURAL,100.0
2007,Denmark,URBAN,100.0
2007,Denmark,ALLAREA,100.0
2008,Denmark,ALLAREA,100.0
2004,Azerbaijan,RURAL,98.4
2004,Azerbaijan,ALLAREA,99.0
2004,Azerbaijan,URBAN,99.5
2005,Azerbaijan,URBAN,99.6
2005,Azerbaijan,ALLAREA,99.1
2005,Azerbaijan,RURAL,98.6
2006,Azerbaijan,RURAL,99.2
2006,Azerbaijan,URBAN,99.8
2006,Azerbaijan,ALLAREA,99.5
2007,Azerbaijan,ALLAREA,99.5
2007,Azerbaijan,URBAN,99.7
2007,Azerbaijan,RURAL,99.2
2008,Azerbaijan,RURAL,99.5
2008,Denmark,URBAN,100.0
2008,Denmark,RURAL,100.0
2009,Denmark,RURAL,100.0
2009,Denmark,URBAN,100.0
2009,Denmark,ALLAREA,100.0
2010,Denmark,ALLAREA,100.0
2010,Denmark,URBAN,100.0
2010,Denmark,RURAL,100.0
2011,Denmark,RURAL,100.0
2011,Denmark,URBAN,100.0
2011,Denmark,ALLAREA,100.0
2012,Denmark,ALLAREA,100.0
2012,Denmark,URBAN,100.0
2008,Azerbaijan,URBAN,99.8
2008,Azerbaijan,ALLAREA,99.7
2009,Azerbaijan,ALLAREA,99.9
2009,Azerbaijan,URBAN,99.9
2009,Azerbaijan,RURAL,99.9
2010,Azerbaijan,RURAL,99.9
2010,Azerbaijan,URBAN,100.0
2010,Azerbaijan,ALLAREA,99.9
2011,Azerbaijan,ALLAREA,99.9
2011,Azerbaijan,RURAL,99.9
2011,Azerbaijan,URBAN,99.9
2012,Azerbaijan,RURAL,100.0
2012,Azerbaijan,URBAN,100.0
2003,Liechtenstein,RURAL,100.0
2004,Liechtenstein,RURAL,100.0
2004,Liechtenstein,ALLAREA,100.0
2004,Liechtenstein,URBAN,100.0
2005,Liechtenstein,RURAL,100.0
2005,Liechtenstein,URBAN,100.0
2005,Liechtenstein,ALLAREA,100.0
2006,Liechtenstein,URBAN,100.0
2006,Liechtenstein,ALLAREA,100.0
2006,Liechtenstein,RURAL,100.0
2007,Liechtenstein,RURAL,100.0
2007,Liechtenstein,ALLAREA,100.0
2007,Liechtenstein,URBAN,100.0
2017,Armenia,ALLAREA,99.7
2017,Armenia,RURAL,99.5
2017,Armenia,URBAN,99.8
2018,Armenia,ALLAREA,99.9
2018,Armenia,URBAN,99.9
2018,Armenia,RURAL,99.9
2019,Armenia,RURAL,100.0
2019,Armenia,URBAN,100.0
2019,Armenia,ALLAREA,100.0
2020,Armenia,ALLAREA,100.0
2020,Armenia,URBAN,100.0
2020,Armenia,RURAL,100.0
2021,Armenia,RURAL,100.0
2008,Liechtenstein,URBAN,100.0
2008,Liechtenstein,ALLAREA,100.0
2008,Liechtenstein,RURAL,100.0
2009,Liechtenstein,ALLAREA,100.0
2009,Liechtenstein,URBAN,100.0
2009,Liechtenstein,RURAL,100.0
2010,Liechtenstein,RURAL,100.0
2010,Liechtenstein,URBAN,100.0
2010,Liechtenstein,ALLAREA,100.0
2011,Liechtenstein,ALLAREA,100.0
2011,Liechtenstein,URBAN,100.0
2011,Liechtenstein,RURAL,100.0
2012,Liechtenstein,RURAL,100.0
2012,Azerbaijan,ALLAREA,100.0
2013,Azerbaijan,ALLAREA,100.0
2013,Azerbaijan,URBAN,100.0
2013,Azerbaijan,RURAL,100.0
2014,Azerbaijan,ALLAREA,100.0
2014,Azerbaijan,RURAL,100.0
2014,Azerbaijan,URBAN,100.0
2015,Azerbaijan,ALLAREA,100.0
2015,Azerbaijan,URBAN,100.0
2015,Azerbaijan,RURAL,100.0
2016,Azerbaijan,RURAL,100.0
2016,Azerbaijan,URBAN,100.0
2016,Azerbaijan,ALLAREA,100.0
2012,Denmark,RURAL,100.0
2013,Denmark,URBAN,100.0
2013,Denmark,ALLAREA,100.0
2013,Denmark,RURAL,100.0
2014,Denmark,ALLAREA,100.0
2014,Denmark,URBAN,100.0
2014,Denmark,RURAL,100.0
2015,Denmark,RURAL,100.0
2015,Denmark,URBAN,100.0
2015,Denmark,ALLAREA,100.0
2016,Denmark,ALLAREA,100.0
2016,Denmark,RURAL,100.0
2016,Denmark,URBAN,100.0
2017,Azerbaijan,ALLAREA,100.0
2017,Azerbaijan,URBAN,100.0
2017,Azerbaijan,RURAL,100.0
2018,Azerbaijan,URBAN,100.0
2018,Azerbaijan,RURAL,100.0
2018,Azerbaijan,ALLAREA,100.0
2019,Azerbaijan,ALLAREA,100.0
2019,Azerbaijan,URBAN,100.0
2019,Azerbaijan,RURAL,100.0
2020,Azerbaijan,RURAL,100.0
2020,Azerbaijan,URBAN,100.0
2020,Azerbaijan,ALLAREA,100.0
2021,Azerbaijan,URBAN,100.0
2012,Liechtenstein,URBAN,100.0
2012,Liechtenstein,ALLAREA,100.0
2013,Liechtenstein,ALLAREA,100.0
2013,Liechtenstein,URBAN,100.0
2013,Liechtenstein,RURAL,100.0
2014,Liechtenstein,RURAL,100.0
2014,Liechtenstein,URBAN,100.0
2014,Liechtenstein,ALLAREA,100.0
2015,Liechtenstein,ALLAREA,100.0
2015,Liechtenstein,URBAN,100.0
2015,Liechtenstein,RURAL,100.0
2016,Liechtenstein,URBAN,100.0
2016,Liechtenstein,RURAL,100.0
2017,Denmark,URBAN,100.0
2017,Denmark,RURAL,100.0
2017,Denmark,ALLAREA,100.0
2018,Denmark,ALLAREA,100.0
2018,Denmark,RURAL,100.0
2018,Denmark,URBAN,100.0
2019,Denmark,ALLAREA,100.0
2019,Denmark,URBAN,100.0
2019,Denmark,RURAL,100.0
2020,Denmark,RURAL,100.0
2020,Denmark,URBAN,100.0
2020,Denmark,ALLAREA,100.0
2021,Denmark,ALLAREA,100.0
2016,Liechtenstein,ALLAREA,100.0
2017,Liechtenstein,ALLAREA,100.0
2017,Liechtenstein,RURAL,100.0
2017,Liechtenstein,URBAN,100.0
2018,Liechtenstein,RURAL,100.0
2018,Liechtenstein,URBAN,100.0
2018,Liechtenstein,ALLAREA,100.0
2019,Liechtenstein,RURAL,100.0
2019,Liechtenstein,ALLAREA,100.0
2019,Liechtenstein,URBAN,100.0
2020,Liechtenstein,URBAN,100.0
2020,Liechtenstein,ALLAREA,100.0
2020,Liechtenstein,RURAL,100.0
2021,Azerbaijan,RURAL,100.0
2021,Azerbaijan,ALLAREA,100.0
2000,Poland,ALLAREA,100.0
2000,Poland,RURAL,100.0
2000,Poland,URBAN,99.8
2001,Poland,URBAN,99.7
2001,Poland,RURAL,100.0
2001,Poland,ALLAREA,100.0
2002,Poland,ALLAREA,100.0
2002,Poland,URBAN,99.7
2002,Poland,RURAL,100.0
2003,Poland,RURAL,100.0
2003,Poland,URBAN,99.6
2021,Liechtenstein,RURAL,100.0
2021,Liechtenstein,ALLAREA,100.0
2021,Liechtenstein,URBAN,100.0
2000,Lithuania,URBAN,99.1
2000,Lithuania,RURAL,100.0
2000,Lithuania,ALLAREA,99.5
2001,Lithuania,ALLAREA,99.5
2001,Lithuania,RURAL,100.0
2001,Lithuania,URBAN,99.1
2002,Lithuania,URBAN,99.1
2002,Lithuania,RURAL,100.0
2002,Lithuania,ALLAREA,99.4
2003,Lithuania,RURAL,100.0
2003,Poland,ALLAREA,99.9
2004,Poland,URBAN,99.6
2004,Poland,RURAL,100.0
2004,Poland,ALLAREA,99.9
2005,Poland,URBAN,99.6
2005,Poland,ALLAREA,99.8
2005,Poland,RURAL,100.0
2006,Poland,RURAL,100.0
2006,Poland,ALLAREA,99.8
2006,Poland,URBAN,99.6
2007,Poland,URBAN,99.6
2007,Poland,RURAL,100.0
2007,Poland,ALLAREA,99.8
2021,Denmark,URBAN,100.0
2021,Denmark,RURAL,100.0
2000,Estonia,ALLAREA,100.0
2000,Estonia,RURAL,100.0
2000,Estonia,URBAN,100.0
2001,Estonia,URBAN,100.0
2001,Estonia,ALLAREA,100.0
2001,Estonia,RURAL,100.0
2002,Estonia,ALLAREA,100.0
2002,Estonia,URBAN,100.0
2002,Estonia,RURAL,100.0
2003,Estonia,RURAL,100.0
2003,Estonia,URBAN,99.9
2003,Lithuania,URBAN,99.1
2003,Lithuania,ALLAREA,99.4
2004,Lithuania,URBAN,99.1
2004,Lithuania,RURAL,100.0
2004,Lithuania,ALLAREA,99.4
2005,Lithuania,ALLAREA,99.4
2005,Lithuania,RURAL,99.9
2005,Lithuania,URBAN,99.1
2006,Lithuania,URBAN,99.1
2006,Lithuania,RURAL,99.8
2006,Lithuania,ALLAREA,99.4
2007,Lithuania,ALLAREA,99.4
2007,Lithuania,RURAL,99.8
2008,Poland,ALLAREA,99.8
2008,Poland,RURAL,99.9
2008,Poland,URBAN,99.7
2009,Poland,URBAN,100.0
2009,Poland,ALLAREA,100.0
2009,Poland,RURAL,100.0
2010,Poland,RURAL,100.0
2010,Poland,URBAN,100.0
2010,Poland,ALLAREA,100.0
2011,Poland,URBAN,100.0
2011,Poland,RURAL,100.0
2011,Poland,ALLAREA,100.0
2012,Poland,URBAN,100.0
2003,Estonia,ALLAREA,100.0
2004,Estonia,ALLAREA,100.0
2004,Estonia,URBAN,99.9
2004,Estonia,RURAL,100.0
2005,Estonia,RURAL,100.0
2005,Estonia,URBAN,99.8
2005,Estonia,ALLAREA,100.0
2006,Estonia,ALLAREA,100.0
2006,Estonia,URBAN,100.0
2006,Estonia,RURAL,100.0
2007,Estonia,RURAL,100.0
2007,Estonia,URBAN,100.0
2007,Estonia,ALLAREA,100.0
2007,Lithuania,URBAN,99.2
2008,Lithuania,URBAN,99.3
2008,Lithuania,RURAL,99.7
2008,Lithuania,ALLAREA,99.4
2009,Lithuania,ALLAREA,99.5
2009,Lithuania,RURAL,99.7
2009,Lithuania,URBAN,99.4
2010,Lithuania,URBAN,99.5
2010,Lithuania,ALLAREA,99.7
2010,Lithuania,RURAL,100.0
2011,Lithuania,RURAL,99.7
2011,Lithuania,URBAN,99.7
2011,Lithuania,ALLAREA,99.7
2012,Poland,RURAL,100.0
2012,Poland,ALLAREA,100.0
2013,Poland,ALLAREA,100.0
2013,Poland,URBAN,100.0
2013,Poland,RURAL,100.0
2014,Poland,RURAL,100.0
2014,Poland,URBAN,100.0
2014,Poland,ALLAREA,100.0
2015,Poland,ALLAREA,100.0
2015,Poland,URBAN,100.0
2015,Poland,RURAL,100.0
2016,Poland,RURAL,100.0
2016,Poland,URBAN,100.0
2008,Estonia,ALLAREA,100.0
2008,Estonia,URBAN,100.0
2008,Estonia,RURAL,100.0
2009,Estonia,RURAL,100.0
2009,Estonia,URBAN,100.0
2009,Estonia,ALLAREA,100.0
2010,Estonia,ALLAREA,100.0
2010,Estonia,URBAN,100.0
2010,Estonia,RURAL,100.0
2011,Estonia,RURAL,100.0
2011,Estonia,URBAN,100.0
2011,Estonia,ALLAREA,100.0
2012,Estonia,ALLAREA,100.0
2012,Lithuania,ALLAREA,100.0
2012,Lithuania,URBAN,100.0
2012,Lithuania,RURAL,100.0
2013,Lithuania,RURAL,100.0
2013,Lithuania,ALLAREA,100.0
2013,Lithuania,URBAN,100.0
2014,Lithuania,RURAL,100.0
2014,Lithuania,ALLAREA,100.0
2014,Lithuania,URBAN,100.0
2015,Lithuania,URBAN,100.0
2015,Lithuania,ALLAREA,100.0
2015,Lithuania,RURAL,100.0
2016,Lithuania,URBAN,100.0
2016,Poland,ALLAREA,100.0
2017,Poland,ALLAREA,100.0
2017,Poland,URBAN,100.0
2017,Poland,RURAL,100.0
2018,Poland,RURAL,100.0
2018,Poland,ALLAREA,100.0
2018,Poland,URBAN,100.0
2019,Poland,ALLAREA,100.0
2019,Poland,URBAN,100.0
2019,Poland,RURAL,100.0
2020,Poland,RURAL,100.0
2020,Poland,URBAN,100.0
2020,Poland,ALLAREA,100.0
2012,Estonia,URBAN,100.0
2012,Estonia,RURAL,100.0
2013,Estonia,RURAL,100.0
2013,Estonia,URBAN,100.0
2013,Estonia,ALLAREA,100.0
2014,Estonia,RURAL,100.0
2014,Estonia,ALLAREA,100.0
2014,Estonia,URBAN,100.0
2015,Estonia,RURAL,100.0
2015,Estonia,URBAN,100.0
2015,Estonia,ALLAREA,100.0
2016,Estonia,URBAN,100.0
2016,Estonia,RURAL,100.0
2016,Lithuania,RURAL,100.0
2016,Lithuania,ALLAREA,100.0
2017,Lithuania,URBAN,100.0
2017,Lithuania,ALLAREA,100.0
2017,Lithuania,RURAL,100.0
2018,Lithuania,RURAL,100.0
2018,Lithuania,ALLAREA,100.0
2018,Lithuania,URBAN,100.0
2019,Lithuania,URBAN,100.0
2019,Lithuania,ALLAREA,100.0
2019,Lithuania,RURAL,100.0
2020,Lithuania,ALLAREA,100.0
2020,Lithuania,RURAL,100.0
2021,Poland,ALLAREA,100.0
2021,Poland,URBAN,100.0
2021,Poland,RURAL,100.0
2000,Portugal,ALLAREA,100.0
2000,Portugal,URBAN,100.0
2000,Portugal,RURAL,100.0
2001,Portugal,RURAL,100.0
2001,Portugal,URBAN,100.0
2001,Portugal,ALLAREA,100.0
2002,Portugal,URBAN,100.0
2002,Portugal,RURAL,100.0
2002,Portugal,ALLAREA,100.0
2003,Portugal,ALLAREA,100.0
2016,Estonia,ALLAREA,100.0
2017,Estonia,ALLAREA,100.0
2017,Estonia,RURAL,100.0
2017,Estonia,URBAN,100.0
2018,Estonia,RURAL,100.0
2018,Estonia,ALLAREA,100.0
2018,Estonia,URBAN,100.0
2019,Estonia,ALLAREA,100.0
2019,Estonia,RURAL,100.0
2019,Estonia,URBAN,100.0
2020,Estonia,URBAN,100.0
2020,Estonia,ALLAREA,100.0
2020,Estonia,RURAL,100.0
2003,Portugal,RURAL,100.0
2003,Portugal,URBAN,100.0
2004,Portugal,URBAN,100.0
2004,Portugal,RURAL,100.0
2004,Portugal,ALLAREA,100.0
2005,Portugal,ALLAREA,100.0
2005,Portugal,RURAL,100.0
2005,Portugal,URBAN,100.0
2006,Portugal,URBAN,100.0
2006,Portugal,RURAL,100.0
2006,Portugal,ALLAREA,100.0
2007,Portugal,ALLAREA,100.0
2007,Portugal,RURAL,100.0
2021,Estonia,ALLAREA,100.0
2021,Estonia,URBAN,100.0
2021,Estonia,RURAL,100.0
2000,Finland,ALLAREA,100.0
2000,Finland,URBAN,100.0
2000,Finland,RURAL,100.0
2001,Finland,RURAL,100.0
2001,Finland,URBAN,100.0
2001,Finland,ALLAREA,100.0
2002,Finland,ALLAREA,100.0
2002,Finland,URBAN,100.0
2002,Finland,RURAL,100.0
2003,Finland,RURAL,100.0
2020,Lithuania,URBAN,100.0
2021,Lithuania,RURAL,100.0
2021,Lithuania,ALLAREA,100.0
2021,Lithuania,URBAN,100.0
2000,Luxembourg,RURAL,100.0
2000,Luxembourg,ALLAREA,100.0
2000,Luxembourg,URBAN,100.0
2001,Luxembourg,URBAN,100.0
2001,Luxembourg,RURAL,100.0
2001,Luxembourg,ALLAREA,100.0
2002,Luxembourg,RURAL,100.0
2002,Luxembourg,ALLAREA,100.0
2002,Luxembourg,URBAN,100.0
2007,Portugal,URBAN,100.0
2008,Portugal,URBAN,100.0
2008,Portugal,RURAL,100.0
2008,Portugal,ALLAREA,100.0
2009,Portugal,URBAN,100.0
2009,Portugal,ALLAREA,100.0
2009,Portugal,RURAL,100.0
2010,Portugal,URBAN,100.0
2010,Portugal,RURAL,100.0
2010,Portugal,ALLAREA,100.0
2011,Portugal,ALLAREA,100.0
2011,Portugal,RURAL,100.0
2011,Portugal,URBAN,100.0
2003,Finland,URBAN,100.0
2003,Finland,ALLAREA,100.0
2004,Finland,ALLAREA,100.0
2004,Finland,URBAN,100.0
2004,Finland,RURAL,100.0
2005,Finland,RURAL,100.0
2005,Finland,URBAN,100.0
2005,Finland,ALLAREA,100.0
2006,Finland,ALLAREA,100.0
2006,Finland,URBAN,100.0
2006,Finland,RURAL,100.0
2007,Finland,RURAL,100.0
2007,Finland,URBAN,100.0
2003,Luxembourg,URBAN,100.0
2003,Luxembourg,ALLAREA,100.0
2003,Luxembourg,RURAL,100.0
2004,Luxembourg,RURAL,100.0
2004,Luxembourg,ALLAREA,100.0
2004,Luxembourg,URBAN,100.0
2005,Luxembourg,URBAN,100.0
2005,Luxembourg,RURAL,100.0
2005,Luxembourg,ALLAREA,100.0
2006,Luxembourg,ALLAREA,100.0
2006,Luxembourg,RURAL,100.0
2006,Luxembourg,URBAN,100.0
2007,Luxembourg,RURAL,100.0
2007,Finland,ALLAREA,100.0
2008,Finland,URBAN,100.0
2008,Finland,ALLAREA,100.0
2008,Finland,RURAL,100.0
2009,Finland,URBAN,100.0
2009,Finland,RURAL,100.0
2009,Finland,ALLAREA,100.0
2010,Finland,ALLAREA,100.0
2010,Finland,RURAL,100.0
2010,Finland,URBAN,100.0
2011,Finland,URBAN,100.0
2011,Finland,RURAL,100.0
2011,Finland,ALLAREA,100.0
2012,Portugal,URBAN,100.0
2012,Portugal,RURAL,100.0
2012,Portugal,ALLAREA,100.0
2013,Portugal,ALLAREA,100.0
2013,Portugal,RURAL,100.0
2013,Portugal,URBAN,100.0
2014,Portugal,URBAN,100.0
2014,Portugal,ALLAREA,100.0
2014,Portugal,RURAL,100.0
2015,Portugal,RURAL,100.0
2015,Portugal,ALLAREA,100.0
2015,Portugal,URBAN,100.0
2016,Portugal,ALLAREA,100.0
2007,Luxembourg,ALLAREA,100.0
2007,Luxembourg,URBAN,100.0
2008,Luxembourg,URBAN,100.0
2008,Luxembourg,ALLAREA,100.0
2008,Luxembourg,RURAL,100.0
2009,Luxembourg,RURAL,100.0
2009,Luxembourg,ALLAREA,100.0
2009,Luxembourg,URBAN,100.0
2010,Luxembourg,URBAN,100.0
2010,Luxembourg,ALLAREA,100.0
2010,Luxembourg,RURAL,100.0
2011,Luxembourg,RURAL,100.0
2011,Luxembourg,ALLAREA,100.0
2012,Finland,ALLAREA,100.0
2012,Finland,URBAN,100.0
2012,Finland,RURAL,100.0
2013,Finland,RURAL,100.0
2013,Finland,URBAN,100.0
2013,Finland,ALLAREA,100.0
2014,Finland,ALLAREA,100.0
2014,Finland,RURAL,100.0
2014,Finland,URBAN,100.0
2015,Finland,URBAN,100.0
2015,Finland,ALLAREA,100.0
2015,Finland,RURAL,100.0
2016,Finland,ALLAREA,100.0
2011,Luxembourg,URBAN,100.0
2012,Luxembourg,URBAN,100.0
2012,Luxembourg,ALLAREA,100.0
2012,Luxembourg,RURAL,100.0
2013,Luxembourg,RURAL,100.0
2013,Luxembourg,ALLAREA,100.0
2013,Luxembourg,URBAN,100.0
2014,Luxembourg,RURAL,100.0
2014,Luxembourg,URBAN,100.0
2014,Luxembourg,ALLAREA,100.0
2015,Luxembourg,RURAL,100.0
2015,Luxembourg,ALLAREA,100.0
2015,Luxembourg,URBAN,100.0
2016,Finland,URBAN,100.0
2016,Finland,RURAL,100.0
2017,Finland,URBAN,100.0
2017,Finland,RURAL,100.0
2017,Finland,ALLAREA,100.0
2018,Finland,ALLAREA,100.0
2018,Finland,URBAN,100.0
2018,Finland,RURAL,100.0
2019,Finland,RURAL,100.0
2019,Finland,URBAN,100.0
2019,Finland,ALLAREA,100.0
2020,Finland,ALLAREA,100.0
2020,Finland,URBAN,100.0
2016,Luxembourg,URBAN,100.0
2016,Luxembourg,RURAL,100.0
2016,Luxembourg,ALLAREA,100.0
2017,Luxembourg,ALLAREA,100.0
2017,Luxembourg,RURAL,100.0
2017,Luxembourg,URBAN,100.0
2018,Luxembourg,URBAN,100.0
2018,Luxembourg,RURAL,100.0
2018,Luxembourg,ALLAREA,100.0
2019,Luxembourg,URBAN,100.0
2019,Luxembourg,ALLAREA,100.0
2019,Luxembourg,RURAL,100.0
2020,Luxembourg,RURAL,100.0
2020,Finland,RURAL,100.0
2021,Finland,RURAL,100.0
2021,Finland,URBAN,100.0
2021,Finland,ALLAREA,100.0
2000,France,RURAL,100.0
2000,France,URBAN,100.0
2000,France,ALLAREA,100.0
2001,France,ALLAREA,100.0
2001,France,URBAN,100.0
2001,France,RURAL,100.0
2002,France,URBAN,100.0
2002,France,RURAL,100.0
2002,France,ALLAREA,100.0
2003,France,ALLAREA,100.0
2003,France,RURAL,100.0
2003,France,URBAN,100.0
2004,France,RURAL,100.0
2004,France,URBAN,100.0
2004,France,ALLAREA,100.0
2005,France,ALLAREA,100.0
2005,France,URBAN,100.0
2005,France,RURAL,100.0
2006,France,RURAL,100.0
2006,France,URBAN,100.0
2006,France,ALLAREA,100.0
2007,France,ALLAREA,100.0
2016,Portugal,RURAL,100.0
2016,Portugal,URBAN,100.0
2017,Portugal,RURAL,100.0
2017,Portugal,URBAN,100.0
2017,Portugal,ALLAREA,100.0
2018,Portugal,ALLAREA,100.0
2018,Portugal,RURAL,100.0
2018,Portugal,URBAN,100.0
2019,Portugal,RURAL,100.0
2019,Portugal,URBAN,100.0
2019,Portugal,ALLAREA,100.0
2020,Portugal,ALLAREA,100.0
2020,Portugal,URBAN,100.0
2020,Luxembourg,URBAN,100.0
2020,Luxembourg,ALLAREA,100.0
2021,Luxembourg,URBAN,100.0
2021,Luxembourg,RURAL,100.0
2021,Luxembourg,ALLAREA,100.0
2000,Malta,ALLAREA,100.0
2000,Malta,RURAL,100.0
2000,Malta,URBAN,100.0
2001,Malta,URBAN,100.0
2001,Malta,RURAL,100.0
2001,Malta,ALLAREA,100.0
2002,Malta,ALLAREA,100.0
2002,Malta,RURAL,100.0
2007,France,URBAN,100.0
2007,France,RURAL,100.0
2008,France,RURAL,100.0
2008,France,URBAN,100.0
2008,France,ALLAREA,100.0
2009,France,ALLAREA,100.0
2009,France,URBAN,100.0
2009,France,RURAL,100.0
2010,France,RURAL,100.0
2010,France,URBAN,100.0
2010,France,ALLAREA,100.0
2011,France,ALLAREA,100.0
2011,France,URBAN,100.0
2002,Malta,URBAN,100.0
2003,Malta,RURAL,100.0
2003,Malta,URBAN,100.0
2003,Malta,ALLAREA,100.0
2004,Malta,ALLAREA,100.0
2004,Malta,URBAN,100.0
2004,Malta,RURAL,100.0
2005,Malta,URBAN,100.0
2005,Malta,ALLAREA,100.0
2005,Malta,RURAL,100.0
2006,Malta,ALLAREA,100.0
2006,Malta,URBAN,100.0
2006,Malta,RURAL,100.0
2007,Malta,RURAL,100.0
2007,Malta,URBAN,100.0
2007,Malta,ALLAREA,100.0
2008,Malta,ALLAREA,100.0
2008,Malta,URBAN,100.0
2008,Malta,RURAL,100.0
2009,Malta,RURAL,100.0
2009,Malta,URBAN,100.0
2009,Malta,ALLAREA,100.0
2010,Malta,ALLAREA,100.0
2010,Malta,URBAN,100.0
2010,Malta,RURAL,100.0
2011,Malta,RURAL,100.0
2020,Portugal,RURAL,100.0
2021,Portugal,RURAL,100.0
2021,Portugal,URBAN,100.0
2021,Portugal,ALLAREA,100.0
2000,Romania,ALLAREA,94.4
2000,Romania,RURAL,93.4
2000,Romania,URBAN,95.3
2001,Romania,URBAN,95.5
2001,Romania,RURAL,93.7
2001,Romania,ALLAREA,94.6
2002,Romania,ALLAREA,94.9
2002,Romania,RURAL,94.0
2002,Romania,URBAN,95.7
2011,Malta,URBAN,100.0
2011,Malta,ALLAREA,100.0
2012,Malta,URBAN,100.0
2012,Malta,RURAL,100.0
2012,Malta,ALLAREA,100.0
2013,Malta,RURAL,100.0
2013,Malta,URBAN,100.0
2013,Malta,ALLAREA,100.0
2014,Malta,ALLAREA,100.0
2014,Malta,URBAN,100.0
2014,Malta,RURAL,100.0
2015,Malta,RURAL,100.0
2015,Malta,URBAN,100.0
2003,Romania,URBAN,95.9
2003,Romania,RURAL,94.3
2003,Romania,ALLAREA,95.1
2004,Romania,ALLAREA,95.3
2004,Romania,RURAL,94.5
2004,Romania,URBAN,96.1
2005,Romania,RURAL,94.8
2005,Romania,ALLAREA,95.6
2005,Romania,URBAN,96.3
2006,Romania,RURAL,95.1
2006,Romania,ALLAREA,95.9
2006,Romania,URBAN,96.5
2007,Romania,URBAN,96.8
2015,Malta,ALLAREA,100.0
2016,Malta,URBAN,100.0
2016,Malta,RURAL,100.0
2016,Malta,ALLAREA,100.0
2017,Malta,ALLAREA,100.0
2017,Malta,RURAL,100.0
2017,Malta,URBAN,100.0
2018,Malta,ALLAREA,100.0
2018,Malta,RURAL,100.0
2018,Malta,URBAN,100.0
2019,Malta,RURAL,100.0
2019,Malta,ALLAREA,100.0
2019,Malta,URBAN,100.0
2011,France,RURAL,100.0
2012,France,RURAL,100.0
2012,France,URBAN,100.0
2012,France,ALLAREA,100.0
2013,France,URBAN,100.0
2013,France,RURAL,100.0
2013,France,ALLAREA,100.0
2014,France,RURAL,100.0
2014,France,URBAN,100.0
2014,France,ALLAREA,100.0
2015,France,URBAN,100.0
2015,France,ALLAREA,100.0
2015,France,RURAL,100.0
2016,France,RURAL,100.0
2016,France,ALLAREA,100.0
2016,France,URBAN,100.0
2017,France,ALLAREA,100.0
2017,France,RURAL,100.0
2017,France,URBAN,100.0
2018,France,URBAN,100.0
2018,France,RURAL,100.0
2018,France,ALLAREA,100.0
2019,France,ALLAREA,100.0
2019,France,URBAN,100.0
2019,France,RURAL,100.0
2020,France,RURAL,100.0
2007,Romania,RURAL,95.4
2007,Romania,ALLAREA,96.1
2008,Romania,RURAL,95.8
2008,Romania,ALLAREA,96.5
2008,Romania,URBAN,97.0
2009,Romania,ALLAREA,96.8
2009,Romania,RURAL,96.1
2009,Romania,URBAN,97.3
2010,Romania,URBAN,98.0
2010,Romania,RURAL,96.0
2010,Romania,ALLAREA,97.1
2011,Romania,ALLAREA,97.4
2011,Romania,RURAL,96.3
2020,Malta,ALLAREA,100.0
2020,Malta,RURAL,100.0
2020,Malta,URBAN,100.0
2021,Malta,RURAL,100.0
2021,Malta,URBAN,100.0
2021,Malta,ALLAREA,100.0
2000,Republic of Moldova,URBAN,99.1
2000,Republic of Moldova,ALLAREA,98.7
2000,Republic of Moldova,RURAL,98.4
2001,Republic of Moldova,URBAN,99.1
2001,Republic of Moldova,RURAL,98.5
2001,Republic of Moldova,ALLAREA,98.8
2002,Republic of Moldova,ALLAREA,99.0
2020,France,URBAN,100.0
2020,France,ALLAREA,100.0
2021,France,ALLAREA,100.0
2021,France,URBAN,100.0
2021,France,RURAL,100.0
2000,Georgia,ALLAREA,99.8
2000,Georgia,RURAL,99.7
2000,Georgia,URBAN,99.9
2001,Georgia,RURAL,99.7
2001,Georgia,URBAN,99.9
2001,Georgia,ALLAREA,99.8
2002,Georgia,RURAL,99.8
2002,Georgia,URBAN,100.0
2021,Armenia,URBAN,99.9
2021,Armenia,ALLAREA,100.0
2000,Belgium,ALLAREA,100.0
2000,Belgium,URBAN,100.0
2000,Belgium,RURAL,100.0
2001,Belgium,RURAL,100.0
2001,Belgium,URBAN,100.0
2001,Belgium,ALLAREA,100.0
2002,Belgium,ALLAREA,100.0
2002,Belgium,URBAN,100.0
2002,Belgium,RURAL,100.0
2003,Belgium,ALLAREA,100.0
2003,Belgium,RURAL,100.0
2002,Republic of Moldova,URBAN,99.1
2002,Republic of Moldova,RURAL,98.9
2003,Republic of Moldova,URBAN,99.1
2003,Republic of Moldova,ALLAREA,98.8
2003,Republic of Moldova,RURAL,98.6
2004,Republic of Moldova,ALLAREA,99.1
2004,Republic of Moldova,URBAN,99.1
2004,Republic of Moldova,RURAL,99.1
2005,Republic of Moldova,RURAL,98.0
2005,Republic of Moldova,URBAN,99.4
2005,Republic of Moldova,ALLAREA,98.6
2006,Republic of Moldova,ALLAREA,98.9
2006,Republic of Moldova,URBAN,99.2
2002,Georgia,ALLAREA,99.9
2003,Georgia,URBAN,100.0
2003,Georgia,ALLAREA,100.0
2003,Georgia,RURAL,100.0
2004,Georgia,RURAL,99.9
2004,Georgia,ALLAREA,99.9
2004,Georgia,URBAN,99.9
2005,Georgia,ALLAREA,97.9
2005,Georgia,URBAN,98.3
2005,Georgia,RURAL,97.5
2006,Georgia,RURAL,100.0
2006,Georgia,URBAN,100.0
2006,Georgia,ALLAREA,100.0
2006,Republic of Moldova,RURAL,98.7
2007,Republic of Moldova,RURAL,98.8
2007,Republic of Moldova,URBAN,99.2
2007,Republic of Moldova,ALLAREA,99.0
2008,Republic of Moldova,ALLAREA,99.1
2008,Republic of Moldova,URBAN,99.3
2008,Republic of Moldova,RURAL,98.9
2009,Republic of Moldova,URBAN,99.4
2009,Republic of Moldova,RURAL,99.0
2009,Republic of Moldova,ALLAREA,99.2
2010,Republic of Moldova,ALLAREA,99.3
2010,Republic of Moldova,URBAN,99.6
2010,Republic of Moldova,RURAL,99.1
2007,Georgia,ALLAREA,100.0
2007,Georgia,URBAN,100.0
2007,Georgia,RURAL,100.0
2008,Georgia,ALLAREA,100.0
2008,Georgia,RURAL,100.0
2008,Georgia,URBAN,100.0
2009,Georgia,ALLAREA,100.0
2009,Georgia,URBAN,100.0
2009,Georgia,RURAL,100.0
2010,Georgia,RURAL,100.0
2010,Georgia,URBAN,100.0
2010,Georgia,ALLAREA,100.0
2011,Georgia,ALLAREA,100.0
2011,Republic of Moldova,RURAL,99.2
2011,Republic of Moldova,URBAN,99.7
2011,Republic of Moldova,ALLAREA,99.4
2012,Republic of Moldova,URBAN,99.8
2012,Republic of Moldova,RURAL,99.3
2012,Republic of Moldova,ALLAREA,99.5
2013,Republic of Moldova,RURAL,99.5
2013,Republic of Moldova,URBAN,99.9
2013,Republic of Moldova,ALLAREA,99.6
2014,Republic of Moldova,URBAN,99.9
2014,Republic of Moldova,RURAL,99.6
2014,Republic of Moldova,ALLAREA,99.8
2015,Republic of Moldova,RURAL,99.8
2011,Georgia,URBAN,100.0
2011,Georgia,RURAL,100.0
2012,Georgia,RURAL,100.0
2012,Georgia,URBAN,100.0
2012,Georgia,ALLAREA,100.0
2013,Georgia,ALLAREA,100.0
2013,Georgia,URBAN,100.0
2013,Georgia,RURAL,100.0
2014,Georgia,RURAL,100.0
2014,Georgia,URBAN,100.0
2014,Georgia,ALLAREA,100.0
2015,Georgia,ALLAREA,100.0
2015,Georgia,RURAL,100.0
2015,Republic of Moldova,URBAN,100.0
2015,Republic of Moldova,ALLAREA,99.9
2016,Republic of Moldova,ALLAREA,99.9
2016,Republic of Moldova,RURAL,99.9
2016,Republic of Moldova,URBAN,100.0
2017,Republic of Moldova,URBAN,100.0
2017,Republic of Moldova,RURAL,100.0
2017,Republic of Moldova,ALLAREA,100.0
2018,Republic of Moldova,ALLAREA,100.0
2018,Republic of Moldova,RURAL,100.0
2018,Republic of Moldova,URBAN,100.0
2019,Republic of Moldova,URBAN,100.0
2019,Republic of Moldova,RURAL,100.0
2015,Georgia,URBAN,100.0
2016,Georgia,RURAL,100.0
2016,Georgia,URBAN,100.0
2016,Georgia,ALLAREA,100.0
2017,Georgia,ALLAREA,100.0
2017,Georgia,URBAN,100.0
2017,Georgia,RURAL,100.0
2018,Georgia,RURAL,100.0
2018,Georgia,URBAN,99.8
2018,Georgia,ALLAREA,99.9
2019,Georgia,ALLAREA,100.0
2019,Georgia,URBAN,100.0
2019,Georgia,RURAL,100.0
2019,Republic of Moldova,ALLAREA,100.0
2020,Republic of Moldova,URBAN,100.0
2020,Republic of Moldova,ALLAREA,100.0
2020,Republic of Moldova,RURAL,100.0
2021,Republic of Moldova,URBAN,100.0
2021,Republic of Moldova,RURAL,100.0
2021,Republic of Moldova,ALLAREA,100.0
2000,Montenegro,ALLAREA,99.1
2000,Montenegro,RURAL,98.2
2000,Montenegro,URBAN,99.7
2001,Montenegro,URBAN,99.7
2001,Montenegro,RURAL,98.2
2001,Montenegro,ALLAREA,99.1
2002,Montenegro,ALLAREA,99.0
2002,Montenegro,RURAL,98.2
2002,Montenegro,URBAN,99.6
2003,Montenegro,URBAN,99.5
2003,Montenegro,RURAL,98.1
2003,Montenegro,ALLAREA,99.0
2004,Montenegro,RURAL,98.1
2004,Montenegro,URBAN,99.5
2004,Montenegro,ALLAREA,99.0
2005,Montenegro,URBAN,100.0
2005,Montenegro,RURAL,99.5
2005,Montenegro,ALLAREA,99.8
2006,Montenegro,RURAL,98.1
2006,Montenegro,URBAN,99.5
2006,Montenegro,ALLAREA,99.0
2007,Montenegro,URBAN,99.5
2007,Montenegro,ALLAREA,99.0
2007,Montenegro,RURAL,98.1
2008,Montenegro,URBAN,99.6
2008,Montenegro,RURAL,98.1
2008,Montenegro,ALLAREA,99.0
2009,Montenegro,ALLAREA,99.1
2009,Montenegro,RURAL,98.1
2009,Montenegro,URBAN,99.6
2010,Montenegro,URBAN,99.7
2010,Montenegro,RURAL,98.2
2020,Georgia,RURAL,100.0
2020,Georgia,URBAN,100.0
2020,Georgia,ALLAREA,100.0
2021,Georgia,ALLAREA,100.0
2021,Georgia,URBAN,99.9
2021,Georgia,RURAL,100.0
2000,Germany,ALLAREA,100.0
2000,Germany,URBAN,100.0
2000,Germany,RURAL,100.0
2001,Germany,RURAL,100.0
2001,Germany,ALLAREA,100.0
2001,Germany,URBAN,100.0
2002,Germany,URBAN,100.0
2010,Montenegro,ALLAREA,99.2
2011,Montenegro,ALLAREA,99.0
2011,Montenegro,URBAN,99.8
2011,Montenegro,RURAL,97.6
2012,Montenegro,URBAN,99.8
2012,Montenegro,RURAL,98.3
2012,Montenegro,ALLAREA,99.3
2013,Montenegro,ALLAREA,99.7
2013,Montenegro,RURAL,99.9
2013,Montenegro,URBAN,99.6
2014,Montenegro,RURAL,94.1
2014,Montenegro,ALLAREA,97.7
2014,Montenegro,URBAN,99.6
2003,Belgium,URBAN,100.0
2004,Belgium,ALLAREA,100.0
2004,Belgium,URBAN,100.0
2004,Belgium,RURAL,100.0
2005,Belgium,RURAL,100.0
2005,Belgium,URBAN,100.0
2005,Belgium,ALLAREA,100.0
2006,Belgium,ALLAREA,100.0
2006,Belgium,URBAN,100.0
2006,Belgium,RURAL,100.0
2007,Belgium,RURAL,100.0
2007,Belgium,ALLAREA,100.0
2007,Belgium,URBAN,100.0
2002,Germany,ALLAREA,100.0
2002,Germany,RURAL,100.0
2003,Germany,RURAL,100.0
2003,Germany,ALLAREA,100.0
2003,Germany,URBAN,100.0
2004,Germany,ALLAREA,100.0
2004,Germany,URBAN,100.0
2004,Germany,RURAL,100.0
2005,Germany,RURAL,100.0
2005,Germany,URBAN,100.0
2005,Germany,ALLAREA,100.0
2006,Germany,RURAL,100.0
2006,Germany,URBAN,100.0
2006,Germany,ALLAREA,100.0
2007,Germany,RURAL,100.0
2007,Germany,URBAN,100.0
2007,Germany,ALLAREA,100.0
2008,Germany,ALLAREA,100.0
2008,Germany,URBAN,100.0
2008,Germany,RURAL,100.0
2009,Germany,URBAN,100.0
2009,Germany,RURAL,100.0
2009,Germany,ALLAREA,100.0
2010,Germany,ALLAREA,100.0
2010,Germany,RURAL,100.0
2010,Germany,URBAN,100.0
2015,Montenegro,ALLAREA,99.5
2015,Montenegro,RURAL,98.6
2015,Montenegro,URBAN,99.9
2016,Montenegro,URBAN,99.9
2016,Montenegro,RURAL,98.9
2016,Montenegro,ALLAREA,99.6
2017,Montenegro,RURAL,100.0
2017,Montenegro,URBAN,99.9
2017,Montenegro,ALLAREA,100.0
2018,Montenegro,ALLAREA,100.0
2018,Montenegro,URBAN,100.0
2018,Montenegro,RURAL,100.0
2019,Montenegro,RURAL,99.9
2011,Romania,URBAN,98.4
2012,Romania,ALLAREA,97.8
2012,Romania,RURAL,96.7
2012,Romania,URBAN,98.7
2013,Romania,RURAL,97.1
2013,Romania,ALLAREA,98.1
2013,Romania,URBAN,99.0
2014,Romania,URBAN,99.1
2014,Romania,ALLAREA,98.4
2014,Romania,RURAL,97.6
2015,Romania,RURAL,98.2
2015,Romania,ALLAREA,98.8
2015,Romania,URBAN,99.2
2011,Germany,URBAN,100.0
2011,Germany,RURAL,100.0
2011,Germany,ALLAREA,100.0
2012,Germany,ALLAREA,100.0
2012,Germany,RURAL,100.0
2012,Germany,URBAN,100.0
2013,Germany,RURAL,100.0
2013,Germany,ALLAREA,100.0
2013,Germany,URBAN,100.0
2014,Germany,ALLAREA,100.0
2014,Germany,RURAL,100.0
2014,Germany,URBAN,100.0
2015,Germany,URBAN,100.0
2019,Montenegro,URBAN,100.0
2019,Montenegro,ALLAREA,100.0
2020,Montenegro,ALLAREA,99.9
2020,Montenegro,URBAN,100.0
2020,Montenegro,RURAL,99.5
2021,Montenegro,RURAL,99.4
2021,Montenegro,URBAN,100.0
2021,Montenegro,ALLAREA,99.8
2000,Netherlands (Kingdom of the),ALLAREA,100.0
2000,Netherlands (Kingdom of the),RURAL,100.0
2000,Netherlands (Kingdom of the),URBAN,100.0
2001,Netherlands (Kingdom of the),URBAN,100.0
2001,Netherlands (Kingdom of the),RURAL,100.0
2016,Romania,URBAN,99.5
2016,Romania,ALLAREA,99.1
2016,Romania,RURAL,98.6
2017,Romania,RURAL,100.0
2017,Romania,URBAN,99.6
2017,Romania,ALLAREA,100.0
2018,Romania,ALLAREA,99.8
2018,Romania,URBAN,99.8
2018,Romania,RURAL,99.9
2019,Romania,URBAN,100.0
2019,Romania,ALLAREA,100.0
2019,Romania,RURAL,100.0
2020,Romania,ALLAREA,100.0
2001,Netherlands (Kingdom of the),ALLAREA,100.0
2002,Netherlands (Kingdom of the),ALLAREA,100.0
2002,Netherlands (Kingdom of the),RURAL,100.0
2002,Netherlands (Kingdom of the),URBAN,100.0
2003,Netherlands (Kingdom of the),URBAN,100.0
2003,Netherlands (Kingdom of the),RURAL,100.0
2003,Netherlands (Kingdom of the),ALLAREA,100.0
2004,Netherlands (Kingdom of the),ALLAREA,100.0
2004,Netherlands (Kingdom of the),RURAL,100.0
2004,Netherlands (Kingdom of the),URBAN,100.0
2005,Netherlands (Kingdom of the),URBAN,100.0
2005,Netherlands (Kingdom of the),RURAL,100.0
2005,Netherlands (Kingdom of the),ALLAREA,100.0
2015,Germany,RURAL,100.0
2015,Germany,ALLAREA,100.0
2016,Germany,ALLAREA,100.0
2016,Germany,RURAL,100.0
2016,Germany,URBAN,100.0
2017,Germany,URBAN,100.0
2017,Germany,RURAL,100.0
2017,Germany,ALLAREA,100.0
2018,Germany,RURAL,100.0
2018,Germany,ALLAREA,100.0
2018,Germany,URBAN,100.0
2019,Germany,URBAN,100.0
2019,Germany,ALLAREA,100.0
2006,Netherlands (Kingdom of the),ALLAREA,100.0
2006,Netherlands (Kingdom of the),RURAL,100.0
2006,Netherlands (Kingdom of the),URBAN,100.0
2007,Netherlands (Kingdom of the),URBAN,100.0
2007,Netherlands (Kingdom of the),RURAL,100.0
2007,Netherlands (Kingdom of the),ALLAREA,100.0
2008,Netherlands (Kingdom of the),ALLAREA,100.0
2008,Netherlands (Kingdom of the),RURAL,100.0
2008,Netherlands (Kingdom of the),URBAN,100.0
2009,Netherlands (Kingdom of the),URBAN,100.0
2009,Netherlands (Kingdom of the),RURAL,100.0
2009,Netherlands (Kingdom of the),ALLAREA,100.0
2010,Netherlands (Kingdom of the),ALLAREA,100.0
2010,Netherlands (Kingdom of the),RURAL,100.0
2010,Netherlands (Kingdom of the),URBAN,100.0
2011,Netherlands (Kingdom of the),URBAN,100.0
2011,Netherlands (Kingdom of the),RURAL,100.0
2011,Netherlands (Kingdom of the),ALLAREA,100.0
2012,Netherlands (Kingdom of the),RURAL,100.0
2012,Netherlands (Kingdom of the),URBAN,100.0
2012,Netherlands (Kingdom of the),ALLAREA,100.0
2013,Netherlands (Kingdom of the),URBAN,100.0
2013,Netherlands (Kingdom of the),RURAL,100.0
2013,Netherlands (Kingdom of the),ALLAREA,100.0
2014,Netherlands (Kingdom of the),RURAL,100.0
2014,Netherlands (Kingdom of the),ALLAREA,100.0
2019,Germany,RURAL,100.0
2020,Germany,RURAL,100.0
2020,Germany,ALLAREA,100.0
2020,Germany,URBAN,100.0
2021,Germany,URBAN,100.0
2021,Germany,ALLAREA,100.0
2021,Germany,RURAL,100.0
2000,Greece,ALLAREA,100.0
2000,Greece,URBAN,100.0
2000,Greece,RURAL,100.0
2001,Greece,RURAL,100.0
2001,Greece,URBAN,100.0
2001,Greece,ALLAREA,100.0
2014,Netherlands (Kingdom of the),URBAN,100.0
2015,Netherlands (Kingdom of the),ALLAREA,100.0
2015,Netherlands (Kingdom of the),URBAN,100.0
2015,Netherlands (Kingdom of the),RURAL,100.0
2016,Netherlands (Kingdom of the),URBAN,100.0
2016,Netherlands (Kingdom of the),ALLAREA,100.0
2016,Netherlands (Kingdom of the),RURAL,100.0
2017,Netherlands (Kingdom of the),RURAL,100.0
2017,Netherlands (Kingdom of the),ALLAREA,100.0
2017,Netherlands (Kingdom of the),URBAN,100.0
2018,Netherlands (Kingdom of the),URBAN,100.0
2018,Netherlands (Kingdom of the),ALLAREA,100.0
2018,Netherlands (Kingdom of the),RURAL,100.0
2002,Greece,ALLAREA,100.0
2002,Greece,URBAN,100.0
2002,Greece,RURAL,100.0
2003,Greece,RURAL,100.0
2003,Greece,URBAN,100.0
2003,Greece,ALLAREA,100.0
2004,Greece,URBAN,100.0
2004,Greece,ALLAREA,100.0
2004,Greece,RURAL,100.0
2005,Greece,RURAL,100.0
2005,Greece,ALLAREA,100.0
2005,Greece,URBAN,100.0
2006,Greece,ALLAREA,100.0
2020,Romania,URBAN,100.0
2020,Romania,RURAL,100.0
2021,Romania,RURAL,100.0
2021,Romania,URBAN,100.0
2021,Romania,ALLAREA,100.0
2000,Serbia,ALLAREA,99.9
2000,Serbia,URBAN,99.6
2000,Serbia,RURAL,100.0
2001,Serbia,RURAL,100.0
2001,Serbia,URBAN,99.6
2001,Serbia,ALLAREA,99.8
2002,Serbia,ALLAREA,100.0
2002,Serbia,URBAN,99.6
2006,Greece,RURAL,100.0
2006,Greece,URBAN,100.0
2007,Greece,URBAN,100.0
2007,Greece,RURAL,100.0
2007,Greece,ALLAREA,100.0
2008,Greece,ALLAREA,100.0
2008,Greece,URBAN,100.0
2008,Greece,RURAL,100.0
2009,Greece,URBAN,100.0
2009,Greece,RURAL,100.0
2009,Greece,ALLAREA,100.0
2010,Greece,ALLAREA,100.0
2010,Greece,RURAL,100.0
2002,Serbia,RURAL,100.0
2003,Serbia,RURAL,99.9
2003,Serbia,URBAN,99.5
2003,Serbia,ALLAREA,99.7
2004,Serbia,ALLAREA,99.6
2004,Serbia,RURAL,99.8
2004,Serbia,URBAN,99.5
2005,Serbia,RURAL,99.6
2005,Serbia,ALLAREA,99.7
2005,Serbia,URBAN,99.8
2006,Serbia,RURAL,99.7
2006,Serbia,URBAN,99.5
2006,Serbia,ALLAREA,99.6
2008,Belgium,URBAN,100.0
2008,Belgium,ALLAREA,100.0
2008,Belgium,RURAL,100.0
2009,Belgium,RURAL,100.0
2009,Belgium,URBAN,100.0
2009,Belgium,ALLAREA,100.0
2010,Belgium,URBAN,100.0
2010,Belgium,RURAL,100.0
2010,Belgium,ALLAREA,100.0
2011,Belgium,RURAL,100.0
2011,Belgium,URBAN,100.0
2011,Belgium,ALLAREA,100.0
2012,Belgium,ALLAREA,100.0
2007,Serbia,URBAN,99.5
2007,Serbia,ALLAREA,99.6
2007,Serbia,RURAL,99.7
2008,Serbia,URBAN,99.6
2008,Serbia,RURAL,99.6
2008,Serbia,ALLAREA,99.6
2009,Serbia,ALLAREA,99.6
2009,Serbia,URBAN,99.7
2009,Serbia,RURAL,99.6
2010,Serbia,RURAL,99.5
2010,Serbia,URBAN,99.9
2010,Serbia,ALLAREA,99.7
2011,Serbia,ALLAREA,99.7
2010,Greece,URBAN,100.0
2011,Greece,URBAN,100.0
2011,Greece,RURAL,100.0
2011,Greece,ALLAREA,100.0
2012,Greece,ALLAREA,100.0
2012,Greece,RURAL,100.0
2012,Greece,URBAN,100.0
2013,Greece,URBAN,100.0
2013,Greece,RURAL,100.0
2013,Greece,ALLAREA,100.0
2014,Greece,ALLAREA,100.0
2014,Greece,RURAL,100.0
2014,Greece,URBAN,100.0
2019,Netherlands (Kingdom of the),RURAL,100.0
2019,Netherlands (Kingdom of the),ALLAREA,100.0
2019,Netherlands (Kingdom of the),URBAN,100.0
2020,Netherlands (Kingdom of the),URBAN,100.0
2020,Netherlands (Kingdom of the),ALLAREA,100.0
2020,Netherlands (Kingdom of the),RURAL,100.0
2021,Netherlands (Kingdom of the),RURAL,100.0
2021,Netherlands (Kingdom of the),ALLAREA,100.0
2021,Netherlands (Kingdom of the),URBAN,100.0
2000,Norway,RURAL,100.0
2000,Norway,ALLAREA,100.0
2000,Norway,URBAN,100.0
2001,Norway,URBAN,100.0
2015,Greece,URBAN,100.0
2015,Greece,RURAL,100.0
2015,Greece,ALLAREA,100.0
2016,Greece,ALLAREA,100.0
2016,Greece,RURAL,100.0
2016,Greece,URBAN,100.0
2017,Greece,URBAN,100.0
2017,Greece,RURAL,100.0
2017,Greece,ALLAREA,100.0
2018,Greece,ALLAREA,100.0
2018,Greece,RURAL,100.0
2018,Greece,URBAN,100.0
2019,Greece,RURAL,100.0
2001,Norway,RURAL,100.0
2001,Norway,ALLAREA,100.0
2002,Norway,ALLAREA,100.0
2002,Norway,RURAL,100.0
2002,Norway,URBAN,100.0
2003,Norway,ALLAREA,100.0
2003,Norway,URBAN,100.0
2003,Norway,RURAL,100.0
2004,Norway,ALLAREA,100.0
2004,Norway,RURAL,100.0
2004,Norway,URBAN,100.0
2005,Norway,URBAN,100.0
2005,Norway,RURAL,100.0
2005,Norway,ALLAREA,100.0
2006,Norway,ALLAREA,100.0
2006,Norway,RURAL,100.0
2006,Norway,URBAN,100.0
2007,Norway,URBAN,100.0
2007,Norway,RURAL,100.0
2007,Norway,ALLAREA,100.0
2008,Norway,ALLAREA,100.0
2008,Norway,RURAL,100.0
2008,Norway,URBAN,100.0
2009,Norway,URBAN,100.0
2009,Norway,RURAL,100.0
2009,Norway,ALLAREA,100.0
2011,Serbia,URBAN,99.8
2011,Serbia,RURAL,99.6
2012,Serbia,ALLAREA,99.8
2012,Serbia,RURAL,99.6
2012,Serbia,URBAN,99.9
2013,Serbia,ALLAREA,99.9
2013,Serbia,URBAN,99.9
2013,Serbia,RURAL,99.9
2014,Serbia,RURAL,99.5
2014,Serbia,URBAN,99.8
2014,Serbia,ALLAREA,99.7
2015,Serbia,ALLAREA,99.9
2015,Serbia,URBAN,99.9
2012,Belgium,URBAN,100.0
2012,Belgium,RURAL,100.0
2013,Belgium,RURAL,100.0
2013,Belgium,ALLAREA,100.0
2013,Belgium,URBAN,100.0
2014,Belgium,ALLAREA,100.0
2014,Belgium,RURAL,100.0
2014,Belgium,URBAN,100.0
2015,Belgium,URBAN,100.0
2015,Belgium,RURAL,100.0
2015,Belgium,ALLAREA,100.0
2016,Belgium,ALLAREA,100.0
2016,Belgium,RURAL,100.0
2019,Greece,URBAN,100.0
2019,Greece,ALLAREA,100.0
2020,Greece,ALLAREA,100.0
2020,Greece,URBAN,100.0
2020,Greece,RURAL,100.0
2021,Greece,RURAL,100.0
2021,Greece,URBAN,100.0
2021,Greece,ALLAREA,100.0
2000,Hungary,URBAN,100.0
2000,Hungary,RURAL,100.0
2000,Hungary,ALLAREA,100.0
2001,Hungary,ALLAREA,100.0
2001,Hungary,URBAN,100.0
2010,Norway,URBAN,100.0
2010,Norway,ALLAREA,100.0
2010,Norway,RURAL,100.0
2011,Norway,RURAL,100.0
2011,Norway,URBAN,100.0
2011,Norway,ALLAREA,100.0
2012,Norway,ALLAREA,100.0
2012,Norway,URBAN,100.0
2012,Norway,RURAL,100.0
2013,Norway,RURAL,100.0
2013,Norway,URBAN,100.0
2013,Norway,ALLAREA,100.0
2014,Norway,ALLAREA,100.0
2001,Hungary,RURAL,100.0
2002,Hungary,RURAL,100.0
2002,Hungary,URBAN,99.9
2002,Hungary,ALLAREA,100.0
2003,Hungary,ALLAREA,100.0
2003,Hungary,URBAN,99.9
2003,Hungary,RURAL,100.0
2004,Hungary,RURAL,100.0
2004,Hungary,URBAN,99.8
2004,Hungary,ALLAREA,100.0
2005,Hungary,ALLAREA,99.9
2005,Hungary,URBAN,99.8
2005,Hungary,RURAL,100.0
2014,Norway,URBAN,100.0
2014,Norway,RURAL,100.0
2015,Norway,RURAL,100.0
2015,Norway,URBAN,100.0
2015,Norway,ALLAREA,100.0
2016,Norway,ALLAREA,100.0
2016,Norway,URBAN,100.0
2016,Norway,RURAL,100.0
2017,Norway,ALLAREA,100.0
2017,Norway,RURAL,100.0
2017,Norway,URBAN,100.0
2018,Norway,ALLAREA,100.0
2018,Norway,URBAN,100.0
2015,Serbia,RURAL,99.9
2016,Serbia,RURAL,99.9
2016,Serbia,URBAN,100.0
2016,Serbia,ALLAREA,99.9
2017,Serbia,URBAN,100.0
2017,Serbia,ALLAREA,100.0
2017,Serbia,RURAL,100.0
2018,Serbia,RURAL,100.0
2018,Serbia,ALLAREA,100.0
2018,Serbia,URBAN,100.0
2019,Serbia,RURAL,99.7
2019,Serbia,URBAN,99.9
2019,Serbia,ALLAREA,99.8
2016,Belgium,URBAN,100.0
2017,Belgium,RURAL,100.0
2017,Belgium,URBAN,100.0
2017,Belgium,ALLAREA,100.0
2018,Belgium,ALLAREA,100.0
2018,Belgium,URBAN,100.0
2018,Belgium,RURAL,100.0
2019,Belgium,RURAL,100.0
2019,Belgium,URBAN,100.0
2019,Belgium,ALLAREA,100.0
2020,Belgium,ALLAREA,100.0
2020,Belgium,URBAN,100.0
2020,Belgium,RURAL,100.0
2006,Hungary,RURAL,100.0
2006,Hungary,URBAN,99.8
2006,Hungary,ALLAREA,99.9
2007,Hungary,URBAN,100.0
2007,Hungary,RURAL,100.0
2007,Hungary,ALLAREA,100.0
2008,Hungary,ALLAREA,100.0
2008,Hungary,RURAL,100.0
2008,Hungary,URBAN,100.0
2009,Hungary,URBAN,100.0
2009,Hungary,RURAL,100.0
2009,Hungary,ALLAREA,100.0
2010,Hungary,RURAL,100.0
2018,Norway,RURAL,100.0
2019,Norway,RURAL,100.0
2019,Norway,URBAN,100.0
2019,Norway,ALLAREA,100.0
2020,Norway,ALLAREA,100.0
2020,Norway,URBAN,100.0
2020,Norway,RURAL,100.0
2021,Norway,RURAL,100.0
2021,Norway,URBAN,100.0
2021,Norway,ALLAREA,100.0
2000,Türkiye,ALLAREA,99.9
2000,Türkiye,URBAN,99.6
2000,Türkiye,RURAL,100.0
2020,Serbia,RURAL,100.0
2020,Serbia,ALLAREA,100.0
2020,Serbia,URBAN,100.0
2021,Serbia,URBAN,100.0
2021,Serbia,ALLAREA,100.0
2021,Serbia,RURAL,100.0
2000,Slovakia,ALLAREA,100.0
2000,Slovakia,RURAL,100.0
2000,Slovakia,URBAN,100.0
2001,Slovakia,ALLAREA,100.0
2001,Slovakia,URBAN,100.0
2001,Slovakia,RURAL,100.0
2002,Slovakia,ALLAREA,100.0
2010,Hungary,URBAN,100.0
2010,Hungary,ALLAREA,100.0
2011,Hungary,ALLAREA,100.0
2011,Hungary,URBAN,100.0
2011,Hungary,RURAL,100.0
2012,Hungary,URBAN,100.0
2012,Hungary,ALLAREA,100.0
2012,Hungary,RURAL,99.9
2013,Hungary,RURAL,100.0
2013,Hungary,URBAN,100.0
2013,Hungary,ALLAREA,100.0
2014,Hungary,RURAL,100.0
2014,Hungary,ALLAREA,100.0
2014,Hungary,URBAN,100.0
2015,Hungary,RURAL,100.0
2015,Hungary,ALLAREA,100.0
2015,Hungary,URBAN,100.0
2016,Hungary,RURAL,100.0
2016,Hungary,ALLAREA,100.0
2016,Hungary,URBAN,100.0
2017,Hungary,URBAN,100.0
2017,Hungary,ALLAREA,100.0
2017,Hungary,RURAL,100.0
2018,Hungary,RURAL,100.0
2018,Hungary,ALLAREA,100.0
2018,Hungary,URBAN,100.0
2001,Türkiye,RURAL,100.0
2001,Türkiye,URBAN,99.5
2001,Türkiye,ALLAREA,99.9
2002,Türkiye,ALLAREA,99.8
2002,Türkiye,RURAL,100.0
2002,Türkiye,URBAN,99.5
2003,Türkiye,RURAL,100.0
2003,Türkiye,URBAN,99.5
2003,Türkiye,ALLAREA,99.8
2004,Türkiye,ALLAREA,99.7
2004,Türkiye,RURAL,100.0
2004,Türkiye,URBAN,99.4
2005,Türkiye,URBAN,99.4
2005,Türkiye,RURAL,100.0
2005,Türkiye,ALLAREA,99.7
2006,Türkiye,ALLAREA,99.7
2006,Türkiye,RURAL,100.0
2006,Türkiye,URBAN,99.5
2007,Türkiye,URBAN,99.5
2007,Türkiye,RURAL,100.0
2007,Türkiye,ALLAREA,99.7
2008,Türkiye,ALLAREA,99.7
2008,Türkiye,RURAL,99.9
2008,Türkiye,URBAN,99.6
2009,Türkiye,URBAN,99.7
2009,Türkiye,RURAL,99.9
2002,Slovakia,URBAN,99.9
2002,Slovakia,RURAL,100.0
2003,Slovakia,RURAL,100.0
2003,Slovakia,URBAN,99.8
2003,Slovakia,ALLAREA,100.0
2004,Slovakia,ALLAREA,100.0
2004,Slovakia,URBAN,99.8
2004,Slovakia,RURAL,100.0
2005,Slovakia,RURAL,100.0
2005,Slovakia,URBAN,99.8
2005,Slovakia,ALLAREA,99.9
2006,Slovakia,ALLAREA,99.9
2006,Slovakia,URBAN,99.8
2019,Hungary,URBAN,100.0
2019,Hungary,ALLAREA,100.0
2019,Hungary,RURAL,100.0
2020,Hungary,RURAL,100.0
2020,Hungary,ALLAREA,100.0
2020,Hungary,URBAN,100.0
2021,Hungary,URBAN,100.0
2021,Hungary,ALLAREA,100.0
2021,Hungary,RURAL,100.0
2000,Iceland,URBAN,100.0
2000,Iceland,RURAL,100.0
2000,Iceland,ALLAREA,100.0
2001,Iceland,RURAL,100.0
2009,Türkiye,ALLAREA,99.7
2010,Türkiye,ALLAREA,100.0
2010,Türkiye,RURAL,100.0
2010,Türkiye,URBAN,100.0
2011,Türkiye,RURAL,100.0
2011,Türkiye,URBAN,100.0
2011,Türkiye,ALLAREA,100.0
2012,Türkiye,ALLAREA,100.0
2012,Türkiye,URBAN,100.0
2012,Türkiye,RURAL,100.0
2013,Türkiye,RURAL,100.0
2013,Türkiye,URBAN,100.0
2013,Türkiye,ALLAREA,100.0
2014,Türkiye,ALLAREA,100.0
2014,Türkiye,RURAL,100.0
2014,Türkiye,URBAN,100.0
2015,Türkiye,URBAN,100.0
2015,Türkiye,RURAL,100.0
2015,Türkiye,ALLAREA,100.0
2016,Türkiye,ALLAREA,100.0
2016,Türkiye,URBAN,100.0
2016,Türkiye,RURAL,100.0
2017,Türkiye,RURAL,100.0
2017,Türkiye,URBAN,100.0
2017,Türkiye,ALLAREA,100.0
2018,Türkiye,ALLAREA,100.0
2001,Iceland,URBAN,100.0
2001,Iceland,ALLAREA,100.0
2002,Iceland,ALLAREA,100.0
2002,Iceland,URBAN,100.0
2002,Iceland,RURAL,100.0
2003,Iceland,RURAL,100.0
2003,Iceland,URBAN,100.0
2003,Iceland,ALLAREA,100.0
2004,Iceland,ALLAREA,100.0
2004,Iceland,URBAN,100.0
2004,Iceland,RURAL,100.0
2005,Iceland,RURAL,100.0
2005,Iceland,URBAN,100.0
2018,Türkiye,URBAN,100.0
2018,Türkiye,RURAL,100.0
2019,Türkiye,ALLAREA,100.0
2019,Türkiye,RURAL,100.0
2019,Türkiye,URBAN,100.0
2020,Türkiye,ALLAREA,100.0
2020,Türkiye,URBAN,100.0
2020,Türkiye,RURAL,100.0
2021,Türkiye,RURAL,100.0
2021,Türkiye,ALLAREA,100.0
2021,Türkiye,URBAN,100.0
2000,Turkmenistan,URBAN,99.7
2000,Turkmenistan,ALLAREA,99.6
2000,Turkmenistan,RURAL,99.5
2001,Turkmenistan,RURAL,99.6
2001,Turkmenistan,ALLAREA,99.6
2001,Turkmenistan,URBAN,99.7
2002,Turkmenistan,URBAN,99.6
2002,Turkmenistan,ALLAREA,99.6
2002,Turkmenistan,RURAL,99.6
2003,Turkmenistan,RURAL,99.5
2003,Turkmenistan,ALLAREA,99.6
2003,Turkmenistan,URBAN,99.6
2004,Turkmenistan,ALLAREA,99.5
2004,Turkmenistan,RURAL,99.5
2004,Turkmenistan,URBAN,99.6
2005,Iceland,ALLAREA,100.0
2006,Iceland,URBAN,100.0
2006,Iceland,ALLAREA,100.0
2006,Iceland,RURAL,100.0
2007,Iceland,ALLAREA,100.0
2007,Iceland,URBAN,100.0
2007,Iceland,RURAL,100.0
2008,Iceland,RURAL,100.0
2008,Iceland,ALLAREA,100.0
2008,Iceland,URBAN,100.0
2009,Iceland,URBAN,100.0
2009,Iceland,ALLAREA,100.0
2009,Iceland,RURAL,100.0
2005,Turkmenistan,RURAL,99.5
2005,Turkmenistan,ALLAREA,99.5
2005,Turkmenistan,URBAN,99.6
2006,Turkmenistan,URBAN,99.9
2006,Turkmenistan,ALLAREA,99.8
2006,Turkmenistan,RURAL,99.8
2007,Turkmenistan,RURAL,99.5
2007,Turkmenistan,ALLAREA,99.6
2007,Turkmenistan,URBAN,99.6
2008,Turkmenistan,URBAN,99.7
2008,Turkmenistan,ALLAREA,99.6
2008,Turkmenistan,RURAL,99.5
2009,Turkmenistan,URBAN,99.8
2009,Turkmenistan,ALLAREA,99.7
2009,Turkmenistan,RURAL,99.6
2010,Turkmenistan,ALLAREA,100.0
2010,Turkmenistan,URBAN,100.0
2010,Turkmenistan,RURAL,100.0
2011,Turkmenistan,RURAL,99.7
2011,Turkmenistan,URBAN,99.9
2011,Turkmenistan,ALLAREA,99.8
2012,Turkmenistan,ALLAREA,99.9
2012,Turkmenistan,URBAN,100.0
2012,Turkmenistan,RURAL,99.8
2013,Turkmenistan,RURAL,99.9
2013,Turkmenistan,ALLAREA,99.9
2010,Iceland,RURAL,100.0
2010,Iceland,ALLAREA,100.0
2010,Iceland,URBAN,100.0
2011,Iceland,URBAN,100.0
2011,Iceland,ALLAREA,100.0
2011,Iceland,RURAL,100.0
2012,Iceland,RURAL,100.0
2012,Iceland,ALLAREA,100.0
2012,Iceland,URBAN,100.0
2013,Iceland,RURAL,100.0
2013,Iceland,URBAN,100.0
2013,Iceland,ALLAREA,100.0
2014,Iceland,RURAL,100.0
2013,Turkmenistan,URBAN,100.0
2014,Turkmenistan,URBAN,100.0
2014,Turkmenistan,ALLAREA,100.0
2014,Turkmenistan,RURAL,100.0
2015,Turkmenistan,RURAL,100.0
2015,Turkmenistan,URBAN,100.0
2015,Turkmenistan,ALLAREA,100.0
2016,Turkmenistan,ALLAREA,100.0
2016,Turkmenistan,RURAL,100.0
2016,Turkmenistan,URBAN,100.0
2017,Turkmenistan,ALLAREA,100.0
2017,Turkmenistan,RURAL,100.0
2017,Turkmenistan,URBAN,100.0
2006,Slovakia,RURAL,100.0
2007,Slovakia,RURAL,100.0
2007,Slovakia,URBAN,100.0
2007,Slovakia,ALLAREA,100.0
2008,Slovakia,URBAN,100.0
2008,Slovakia,RURAL,100.0
2008,Slovakia,ALLAREA,100.0
2009,Slovakia,RURAL,100.0
2009,Slovakia,URBAN,100.0
2009,Slovakia,ALLAREA,100.0
2010,Slovakia,ALLAREA,100.0
2010,Slovakia,URBAN,100.0
2010,Slovakia,RURAL,100.0
2014,Iceland,ALLAREA,100.0
2014,Iceland,URBAN,100.0
2015,Iceland,URBAN,100.0
2015,Iceland,ALLAREA,100.0
2015,Iceland,RURAL,100.0
2016,Iceland,RURAL,100.0
2016,Iceland,ALLAREA,100.0
2016,Iceland,URBAN,100.0
2017,Iceland,ALLAREA,100.0
2017,Iceland,URBAN,100.0
2017,Iceland,RURAL,100.0
2018,Iceland,RURAL,100.0
2018,Iceland,URBAN,100.0
2011,Slovakia,RURAL,100.0
2011,Slovakia,URBAN,100.0
2011,Slovakia,ALLAREA,100.0
2012,Slovakia,ALLAREA,100.0
2012,Slovakia,URBAN,100.0
2012,Slovakia,RURAL,100.0
2013,Slovakia,RURAL,100.0
2013,Slovakia,URBAN,100.0
2013,Slovakia,ALLAREA,100.0
2014,Slovakia,ALLAREA,100.0
2014,Slovakia,URBAN,100.0
2014,Slovakia,RURAL,100.0
2015,Slovakia,RURAL,100.0
2018,Turkmenistan,ALLAREA,100.0
2018,Turkmenistan,RURAL,100.0
2018,Turkmenistan,URBAN,100.0
2019,Turkmenistan,URBAN,99.9
2019,Turkmenistan,RURAL,99.9
2019,Turkmenistan,ALLAREA,99.9
2020,Turkmenistan,ALLAREA,100.0
2020,Turkmenistan,RURAL,100.0
2020,Turkmenistan,URBAN,100.0
2021,Turkmenistan,URBAN,100.0
2021,Turkmenistan,RURAL,100.0
2021,Turkmenistan,ALLAREA,100.0
2000,Ukraine,ALLAREA,99.1
2018,Iceland,ALLAREA,100.0
2019,Iceland,ALLAREA,100.0
2019,Iceland,URBAN,100.0
2019,Iceland,RURAL,100.0
2020,Iceland,RURAL,100.0
2020,Iceland,ALLAREA,100.0
2020,Iceland,URBAN,100.0
2021,Iceland,ALLAREA,100.0
2021,Iceland,RURAL,100.0
2021,Iceland,URBAN,100.0
2000,India,RURAL,49.2
2000,India,ALLAREA,60.3
2000,India,URBAN,89.4
2000,Ukraine,RURAL,98.3
2000,Ukraine,URBAN,99.5
2001,Ukraine,RURAL,98.5
2001,Ukraine,URBAN,99.5
2001,Ukraine,ALLAREA,99.2
2002,Ukraine,ALLAREA,99.3
2002,Ukraine,URBAN,99.5
2002,Ukraine,RURAL,98.7
2003,Ukraine,RURAL,98.8
2003,Ukraine,ALLAREA,99.3
2003,Ukraine,URBAN,99.6
2004,Ukraine,URBAN,99.6
2004,Ukraine,ALLAREA,99.4
2021,Belgium,RURAL,100.0
2021,Belgium,URBAN,100.0
2021,Belgium,ALLAREA,100.0
2000,Bosnia and Herzegovina,ALLAREA,99.0
2000,Bosnia and Herzegovina,URBAN,99.1
2000,Bosnia and Herzegovina,RURAL,98.9
2001,Bosnia and Herzegovina,RURAL,99.6
2001,Bosnia and Herzegovina,URBAN,99.1
2001,Bosnia and Herzegovina,ALLAREA,99.4
2002,Bosnia and Herzegovina,ALLAREA,98.5
2002,Bosnia and Herzegovina,URBAN,99.3
2002,Bosnia and Herzegovina,RURAL,97.9
2003,Bosnia and Herzegovina,RURAL,98.9
2001,India,ALLAREA,62.0
2001,India,RURAL,51.2
2001,India,URBAN,89.9
2002,India,RURAL,51.3
2002,India,URBAN,90.4
2002,India,ALLAREA,62.3
2003,India,ALLAREA,65.4
2003,India,RURAL,55.2
2003,India,URBAN,90.9
2004,India,URBAN,91.3
2004,India,RURAL,53.4
2004,India,ALLAREA,64.4
2005,India,URBAN,91.9
2004,Ukraine,RURAL,99.0
2005,Ukraine,RURAL,99.8
2005,Ukraine,ALLAREA,99.9
2005,Ukraine,URBAN,99.9
2006,Ukraine,URBAN,99.7
2006,Ukraine,ALLAREA,99.5
2006,Ukraine,RURAL,99.3
2007,Ukraine,RURAL,99.6
2007,Ukraine,ALLAREA,99.8
2007,Ukraine,URBAN,99.9
2008,Ukraine,ALLAREA,99.8
2008,Ukraine,RURAL,99.6
2008,Ukraine,URBAN,99.9
2015,Slovakia,URBAN,100.0
2015,Slovakia,ALLAREA,100.0
2016,Slovakia,ALLAREA,100.0
2016,Slovakia,URBAN,100.0
2016,Slovakia,RURAL,100.0
2017,Slovakia,RURAL,100.0
2017,Slovakia,URBAN,100.0
2017,Slovakia,ALLAREA,100.0
2018,Slovakia,ALLAREA,100.0
2018,Slovakia,URBAN,100.0
2018,Slovakia,RURAL,100.0
2019,Slovakia,RURAL,100.0
2019,Slovakia,URBAN,100.0
2005,India,RURAL,59.3
2005,India,ALLAREA,68.8
2006,India,URBAN,93.1
2006,India,RURAL,57.3
2006,India,ALLAREA,67.9
2007,India,ALLAREA,72.3
2007,India,RURAL,63.5
2007,India,URBAN,93.0
2008,India,URBAN,93.6
2008,India,RURAL,65.7
2008,India,ALLAREA,74.1
2009,India,ALLAREA,75.0
2009,India,RURAL,65.7
2009,Ukraine,URBAN,99.9
2009,Ukraine,RURAL,99.8
2009,Ukraine,ALLAREA,99.9
2010,Ukraine,ALLAREA,100.0
2010,Ukraine,RURAL,99.9
2010,Ukraine,URBAN,100.0
2011,Ukraine,URBAN,100.0
2011,Ukraine,RURAL,100.0
2011,Ukraine,ALLAREA,100.0
2012,Ukraine,ALLAREA,99.9
2012,Ukraine,RURAL,99.8
2012,Ukraine,URBAN,99.9
2013,Ukraine,URBAN,100.0
2009,India,URBAN,96.1
2010,India,URBAN,94.0
2010,India,RURAL,68.4
2010,India,ALLAREA,76.3
2011,India,ALLAREA,79.5
2011,India,RURAL,72.3
2011,India,URBAN,95.4
2012,India,RURAL,72.4
2012,India,ALLAREA,79.9
2012,India,URBAN,96.1
2013,India,ALLAREA,83.1
2013,India,RURAL,76.8
2013,India,URBAN,96.6
2013,Ukraine,RURAL,100.0
2013,Ukraine,ALLAREA,100.0
2014,Ukraine,ALLAREA,100.0
2014,Ukraine,RURAL,100.0
2014,Ukraine,URBAN,100.0
2015,Ukraine,URBAN,100.0
2015,Ukraine,RURAL,100.0
2015,Ukraine,ALLAREA,100.0
2016,Ukraine,ALLAREA,100.0
2016,Ukraine,RURAL,100.0
2016,Ukraine,URBAN,100.0
2017,Ukraine,RURAL,100.0
2017,Ukraine,URBAN,100.0
2019,Slovakia,ALLAREA,100.0
2020,Slovakia,URBAN,100.0
2020,Slovakia,RURAL,100.0
2020,Slovakia,ALLAREA,100.0
2021,Slovakia,URBAN,100.0
2021,Slovakia,ALLAREA,100.0
2021,Slovakia,RURAL,100.0
2000,Slovenia,RURAL,100.0
2000,Slovenia,ALLAREA,100.0
2000,Slovenia,URBAN,100.0
2001,Slovenia,URBAN,100.0
2001,Slovenia,RURAL,100.0
2001,Slovenia,ALLAREA,100.0
2014,India,URBAN,97.1
2014,India,RURAL,79.4
2014,India,ALLAREA,85.1
2015,India,ALLAREA,88.0
2015,India,RURAL,83.4
2015,India,URBAN,97.5
2016,India,URBAN,98.2
2016,India,RURAL,85.3
2016,India,ALLAREA,89.6
2017,India,ALLAREA,91.8
2017,India,RURAL,88.3
2017,India,URBAN,98.7
2018,India,URBAN,99.1
2002,Slovenia,ALLAREA,100.0
2002,Slovenia,RURAL,100.0
2002,Slovenia,URBAN,100.0
2003,Slovenia,URBAN,100.0
2003,Slovenia,RURAL,100.0
2003,Slovenia,ALLAREA,100.0
2004,Slovenia,ALLAREA,100.0
2004,Slovenia,RURAL,100.0
2004,Slovenia,URBAN,100.0
2005,Slovenia,URBAN,100.0
2005,Slovenia,RURAL,100.0
2005,Slovenia,ALLAREA,100.0
2006,Slovenia,URBAN,100.0
2017,Ukraine,ALLAREA,100.0
2018,Ukraine,RURAL,100.0
2018,Ukraine,ALLAREA,100.0
2018,Ukraine,URBAN,100.0
2019,Ukraine,URBAN,100.0
2019,Ukraine,ALLAREA,100.0
2019,Ukraine,RURAL,100.0
2020,Ukraine,RURAL,100.0
2020,Ukraine,ALLAREA,100.0
2020,Ukraine,URBAN,100.0
2021,Ukraine,URBAN,100.0
2021,Ukraine,ALLAREA,100.0
2021,Ukraine,RURAL,100.0
2003,Bosnia and Herzegovina,URBAN,99.2
2003,Bosnia and Herzegovina,ALLAREA,99.0
2004,Bosnia and Herzegovina,ALLAREA,99.1
2004,Bosnia and Herzegovina,URBAN,99.3
2004,Bosnia and Herzegovina,RURAL,98.9
2005,Bosnia and Herzegovina,ALLAREA,99.1
2005,Bosnia and Herzegovina,RURAL,98.9
2005,Bosnia and Herzegovina,URBAN,99.3
2006,Bosnia and Herzegovina,ALLAREA,99.4
2006,Bosnia and Herzegovina,URBAN,99.7
2006,Bosnia and Herzegovina,RURAL,99.1
2007,Bosnia and Herzegovina,URBAN,99.5
2007,Bosnia and Herzegovina,RURAL,99.8
2000,North Macedonia,RURAL,99.2
2000,North Macedonia,ALLAREA,99.0
2000,North Macedonia,URBAN,98.9
2001,North Macedonia,URBAN,98.9
2001,North Macedonia,ALLAREA,99.0
2001,North Macedonia,RURAL,99.2
2002,North Macedonia,RURAL,99.2
2002,North Macedonia,ALLAREA,99.0
2002,North Macedonia,URBAN,98.9
2003,North Macedonia,URBAN,98.9
2003,North Macedonia,ALLAREA,99.0
2003,North Macedonia,RURAL,99.2
2004,North Macedonia,RURAL,98.9
2018,India,RURAL,93.9
2018,India,ALLAREA,95.7
2019,India,RURAL,93.8
2019,India,URBAN,99.8
2019,India,ALLAREA,95.9
2020,India,URBAN,99.0
2020,India,RURAL,95.2
2020,India,ALLAREA,96.5
2021,India,ALLAREA,99.6
2021,India,RURAL,99.3
2021,India,URBAN,100.0
2000,Ireland,URBAN,100.0
2000,Ireland,ALLAREA,100.0
2006,Slovenia,RURAL,100.0
2006,Slovenia,ALLAREA,100.0
2007,Slovenia,URBAN,100.0
2007,Slovenia,RURAL,100.0
2007,Slovenia,ALLAREA,100.0
2008,Slovenia,ALLAREA,100.0
2008,Slovenia,RURAL,100.0
2008,Slovenia,URBAN,100.0
2009,Slovenia,URBAN,100.0
2009,Slovenia,RURAL,100.0
2009,Slovenia,ALLAREA,100.0
2010,Slovenia,RURAL,100.0
2010,Slovenia,URBAN,100.0
2000,Ireland,RURAL,100.0
2001,Ireland,ALLAREA,100.0
2001,Ireland,URBAN,100.0
2001,Ireland,RURAL,100.0
2002,Ireland,RURAL,100.0
2002,Ireland,URBAN,100.0
2002,Ireland,ALLAREA,100.0
2003,Ireland,URBAN,100.0
2003,Ireland,RURAL,100.0
2003,Ireland,ALLAREA,100.0
2004,Ireland,ALLAREA,100.0
2004,Ireland,RURAL,100.0
2004,Ireland,URBAN,100.0
2004,North Macedonia,ALLAREA,99.4
2004,North Macedonia,URBAN,99.8
2005,North Macedonia,URBAN,98.9
2005,North Macedonia,ALLAREA,99.1
2005,North Macedonia,RURAL,99.2
2006,North Macedonia,RURAL,100.0
2006,North Macedonia,ALLAREA,99.0
2006,North Macedonia,URBAN,98.0
2007,North Macedonia,URBAN,99.1
2007,North Macedonia,ALLAREA,99.1
2007,North Macedonia,RURAL,99.3
2008,North Macedonia,RURAL,99.2
2008,North Macedonia,ALLAREA,99.2
2010,Slovenia,ALLAREA,100.0
2011,Slovenia,ALLAREA,100.0
2011,Slovenia,URBAN,100.0
2011,Slovenia,RURAL,100.0
2012,Slovenia,RURAL,100.0
2012,Slovenia,URBAN,100.0
2012,Slovenia,ALLAREA,100.0
2013,Slovenia,ALLAREA,100.0
2013,Slovenia,URBAN,100.0
2013,Slovenia,RURAL,100.0
2014,Slovenia,URBAN,100.0
2014,Slovenia,RURAL,100.0
2014,Slovenia,ALLAREA,100.0
2005,Ireland,ALLAREA,100.0
2005,Ireland,RURAL,100.0
2005,Ireland,URBAN,100.0
2006,Ireland,RURAL,100.0
2006,Ireland,ALLAREA,100.0
2006,Ireland,URBAN,100.0
2007,Ireland,URBAN,100.0
2007,Ireland,ALLAREA,100.0
2007,Ireland,RURAL,100.0
2008,Ireland,RURAL,100.0
2008,Ireland,ALLAREA,100.0
2008,Ireland,URBAN,100.0
2009,Ireland,URBAN,100.0
2015,Slovenia,ALLAREA,100.0
2015,Slovenia,RURAL,100.0
2015,Slovenia,URBAN,100.0
2016,Slovenia,URBAN,100.0
2016,Slovenia,RURAL,100.0
2016,Slovenia,ALLAREA,100.0
2017,Slovenia,ALLAREA,100.0
2017,Slovenia,RURAL,100.0
2017,Slovenia,URBAN,100.0
2018,Slovenia,URBAN,100.0
2018,Slovenia,RURAL,100.0
2018,Slovenia,ALLAREA,100.0
2019,Slovenia,RURAL,100.0
2008,North Macedonia,URBAN,99.2
2009,North Macedonia,URBAN,99.3
2009,North Macedonia,ALLAREA,99.2
2009,North Macedonia,RURAL,99.1
2010,North Macedonia,RURAL,99.6
2010,North Macedonia,ALLAREA,99.5
2010,North Macedonia,URBAN,99.4
2011,North Macedonia,URBAN,99.8
2011,North Macedonia,ALLAREA,99.7
2011,North Macedonia,RURAL,99.6
2012,North Macedonia,URBAN,99.8
2012,North Macedonia,RURAL,99.4
2012,North Macedonia,ALLAREA,99.6
2009,Ireland,ALLAREA,100.0
2009,Ireland,RURAL,100.0
2010,Ireland,RURAL,100.0
2010,Ireland,ALLAREA,100.0
2010,Ireland,URBAN,100.0
2011,Ireland,ALLAREA,100.0
2011,Ireland,RURAL,100.0
2011,Ireland,URBAN,100.0
2012,Ireland,URBAN,100.0
2012,Ireland,ALLAREA,100.0
2012,Ireland,RURAL,100.0
2013,Ireland,RURAL,100.0
2013,Ireland,ALLAREA,100.0
2007,Bosnia and Herzegovina,ALLAREA,99.7
2008,Bosnia and Herzegovina,ALLAREA,99.3
2008,Bosnia and Herzegovina,URBAN,99.7
2008,Bosnia and Herzegovina,RURAL,99.0
2009,Bosnia and Herzegovina,RURAL,99.0
2009,Bosnia and Herzegovina,URBAN,99.8
2009,Bosnia and Herzegovina,ALLAREA,99.4
2010,Bosnia and Herzegovina,ALLAREA,99.5
2010,Bosnia and Herzegovina,URBAN,99.9
2010,Bosnia and Herzegovina,RURAL,99.1
2011,Bosnia and Herzegovina,RURAL,99.7
2011,Bosnia and Herzegovina,URBAN,99.8
2011,Bosnia and Herzegovina,ALLAREA,99.7
2013,Ireland,URBAN,100.0
2014,Ireland,URBAN,100.0
2014,Ireland,ALLAREA,100.0
2014,Ireland,RURAL,100.0
2015,Ireland,RURAL,100.0
2015,Ireland,ALLAREA,100.0
2015,Ireland,URBAN,100.0
2016,Ireland,URBAN,100.0
2016,Ireland,ALLAREA,100.0
2016,Ireland,RURAL,100.0
2017,Ireland,RURAL,100.0
2017,Ireland,ALLAREA,100.0
2017,Ireland,URBAN,100.0
2019,Slovenia,ALLAREA,100.0
2019,Slovenia,URBAN,100.0
2020,Slovenia,URBAN,100.0
2020,Slovenia,ALLAREA,100.0
2020,Slovenia,RURAL,100.0
2021,Slovenia,ALLAREA,100.0
2021,Slovenia,URBAN,100.0
2021,Slovenia,RURAL,100.0
2000,Spain,RURAL,100.0
2000,Spain,URBAN,100.0
2000,Spain,ALLAREA,100.0
2001,Spain,ALLAREA,100.0
2001,Spain,URBAN,100.0
2013,North Macedonia,URBAN,99.9
2013,North Macedonia,ALLAREA,99.7
2013,North Macedonia,RURAL,99.5
2014,North Macedonia,RURAL,99.7
2014,North Macedonia,ALLAREA,99.8
2014,North Macedonia,URBAN,99.9
2015,North Macedonia,URBAN,99.9
2015,North Macedonia,ALLAREA,99.9
2015,North Macedonia,RURAL,99.9
2016,North Macedonia,RURAL,100.0
2016,North Macedonia,ALLAREA,100.0
2016,North Macedonia,URBAN,99.9
2017,North Macedonia,URBAN,100.0
2001,Spain,RURAL,100.0
2002,Spain,RURAL,100.0
2002,Spain,URBAN,100.0
2002,Spain,ALLAREA,100.0
2003,Spain,ALLAREA,100.0
2003,Spain,RURAL,100.0
2003,Spain,URBAN,100.0
2004,Spain,URBAN,100.0
2004,Spain,RURAL,100.0
2004,Spain,ALLAREA,100.0
2005,Spain,ALLAREA,100.0
2005,Spain,RURAL,100.0
2005,Spain,URBAN,100.0
2018,Ireland,RURAL,100.0
2018,Ireland,URBAN,100.0
2018,Ireland,ALLAREA,100.0
2019,Ireland,RURAL,100.0
2019,Ireland,ALLAREA,100.0
2019,Ireland,URBAN,100.0
2020,Ireland,URBAN,100.0
2020,Ireland,ALLAREA,100.0
2020,Ireland,RURAL,100.0
2021,Ireland,RURAL,100.0
2021,Ireland,ALLAREA,100.0
2021,Ireland,URBAN,100.0
2000,Italy,RURAL,100.0
2006,Spain,URBAN,100.0
2006,Spain,RURAL,100.0
2006,Spain,ALLAREA,100.0
2007,Spain,ALLAREA,100.0
2007,Spain,RURAL,100.0
2007,Spain,URBAN,100.0
2008,Spain,URBAN,100.0
2008,Spain,RURAL,100.0
2008,Spain,ALLAREA,100.0
2009,Spain,ALLAREA,100.0
2009,Spain,RURAL,100.0
2009,Spain,URBAN,100.0
2010,Spain,URBAN,100.0
2000,Italy,URBAN,100.0
2000,Italy,ALLAREA,100.0
2001,Italy,URBAN,100.0
2001,Italy,RURAL,100.0
2001,Italy,ALLAREA,100.0
2002,Italy,ALLAREA,100.0
2002,Italy,RURAL,100.0
2002,Italy,URBAN,100.0
2003,Italy,URBAN,100.0
2003,Italy,RURAL,100.0
2003,Italy,ALLAREA,100.0
2004,Italy,ALLAREA,100.0
2004,Italy,RURAL,100.0
2012,Bosnia and Herzegovina,ALLAREA,99.7
2012,Bosnia and Herzegovina,URBAN,100.0
2012,Bosnia and Herzegovina,RURAL,99.5
2013,Bosnia and Herzegovina,RURAL,99.1
2013,Bosnia and Herzegovina,URBAN,100.0
2013,Bosnia and Herzegovina,ALLAREA,99.5
2014,Bosnia and Herzegovina,ALLAREA,99.9
2014,Bosnia and Herzegovina,URBAN,100.0
2014,Bosnia and Herzegovina,RURAL,99.9
2015,Bosnia and Herzegovina,RURAL,99.4
2015,Bosnia and Herzegovina,URBAN,100.0
2015,Bosnia and Herzegovina,ALLAREA,99.7
2016,Bosnia and Herzegovina,ALLAREA,100.0
2010,Spain,RURAL,100.0
2010,Spain,ALLAREA,100.0
2011,Spain,ALLAREA,100.0
2011,Spain,RURAL,100.0
2011,Spain,URBAN,100.0
2012,Spain,URBAN,100.0
2012,Spain,RURAL,100.0
2012,Spain,ALLAREA,100.0
2013,Spain,RURAL,100.0
2013,Spain,URBAN,100.0
2013,Spain,ALLAREA,100.0
2014,Spain,ALLAREA,100.0
2014,Spain,URBAN,100.0
2017,North Macedonia,ALLAREA,100.0
2017,North Macedonia,RURAL,100.0
2018,North Macedonia,RURAL,99.8
2018,North Macedonia,ALLAREA,99.8
2018,North Macedonia,URBAN,99.8
2019,North Macedonia,ALLAREA,100.0
2019,North Macedonia,RURAL,100.0
2019,North Macedonia,URBAN,100.0
2020,North Macedonia,RURAL,100.0
2020,North Macedonia,URBAN,100.0
2020,North Macedonia,ALLAREA,100.0
2021,North Macedonia,ALLAREA,100.0
2021,North Macedonia,URBAN,100.0
2004,Italy,URBAN,100.0
2005,Italy,URBAN,100.0
2005,Italy,RURAL,100.0
2005,Italy,ALLAREA,100.0
2006,Italy,ALLAREA,100.0
2006,Italy,RURAL,100.0
2006,Italy,URBAN,100.0
2007,Italy,RURAL,100.0
2007,Italy,URBAN,100.0
2007,Italy,ALLAREA,100.0
2008,Italy,RURAL,100.0
2008,Italy,ALLAREA,100.0
2008,Italy,URBAN,100.0
2016,Bosnia and Herzegovina,URBAN,100.0
2016,Bosnia and Herzegovina,RURAL,100.0
2017,Bosnia and Herzegovina,RURAL,100.0
2017,Bosnia and Herzegovina,URBAN,100.0
2017,Bosnia and Herzegovina,ALLAREA,100.0
2018,Bosnia and Herzegovina,RURAL,100.0
2018,Bosnia and Herzegovina,URBAN,100.0
2018,Bosnia and Herzegovina,ALLAREA,100.0
2019,Bosnia and Herzegovina,URBAN,100.0
2019,Bosnia and Herzegovina,RURAL,100.0
2019,Bosnia and Herzegovina,ALLAREA,100.0
2020,Bosnia and Herzegovina,ALLAREA,100.0
2020,Bosnia and Herzegovina,RURAL,100.0
2014,Spain,RURAL,100.0
2015,Spain,RURAL,100.0
2015,Spain,URBAN,100.0
2015,Spain,ALLAREA,100.0
2016,Spain,ALLAREA,100.0
2016,Spain,URBAN,100.0
2016,Spain,RURAL,100.0
2017,Spain,RURAL,100.0
2017,Spain,URBAN,100.0
2017,Spain,ALLAREA,100.0
2018,Spain,ALLAREA,100.0
2018,Spain,URBAN,100.0
2018,Spain,RURAL,100.0
2009,Italy,RURAL,100.0
2009,Italy,URBAN,100.0
2009,Italy,ALLAREA,100.0
2010,Italy,ALLAREA,100.0
2010,Italy,RURAL,100.0
2010,Italy,URBAN,100.0
2011,Italy,URBAN,100.0
2011,Italy,ALLAREA,100.0
2011,Italy,RURAL,100.0
2012,Italy,RURAL,100.0
2012,Italy,ALLAREA,100.0
2012,Italy,URBAN,100.0
2013,Italy,URBAN,100.0
2020,Bosnia and Herzegovina,URBAN,100.0
2021,Bosnia and Herzegovina,URBAN,100.0
2021,Bosnia and Herzegovina,RURAL,100.0
2021,Bosnia and Herzegovina,ALLAREA,100.0
2000,Bulgaria,URBAN,92.8
2000,Bulgaria,ALLAREA,88.1
2000,Bulgaria,RURAL,77.8
2001,Bulgaria,URBAN,93.0
2001,Bulgaria,ALLAREA,88.6
2001,Bulgaria,RURAL,78.6
2002,Bulgaria,RURAL,79.5
2002,Bulgaria,ALLAREA,89.1
2002,Bulgaria,URBAN,93.3
2013,Italy,ALLAREA,100.0
2013,Italy,RURAL,100.0
2014,Italy,ALLAREA,100.0
2014,Italy,URBAN,100.0
2014,Italy,RURAL,100.0
2015,Italy,URBAN,100.0
2015,Italy,ALLAREA,100.0
2015,Italy,RURAL,100.0
2016,Italy,RURAL,100.0
2016,Italy,ALLAREA,100.0
2016,Italy,URBAN,100.0
2017,Italy,URBAN,100.0
2017,Italy,RURAL,100.0
2019,Spain,RURAL,100.0
2019,Spain,URBAN,100.0
2019,Spain,ALLAREA,100.0
2020,Spain,ALLAREA,100.0
2020,Spain,URBAN,100.0
2020,Spain,RURAL,100.0
2021,Spain,RURAL,100.0
2021,Spain,URBAN,100.0
2021,Spain,ALLAREA,100.0
2000,Sweden,RURAL,100.0
2000,Sweden,ALLAREA,100.0
2000,Sweden,URBAN,100.0
2001,Sweden,URBAN,100.0
2021,North Macedonia,RURAL,100.0
2000,United Kingdom of Great Britain and Northern Ireland,ALLAREA,100.0
2000,United Kingdom of Great Britain and Northern Ireland,RURAL,100.0
2000,United Kingdom of Great Britain and Northern Ireland,URBAN,100.0
2001,United Kingdom of Great Britain and Northern Ireland,URBAN,100.0
2001,United Kingdom of Great Britain and Northern Ireland,RURAL,100.0
2001,United Kingdom of Great Britain and Northern Ireland,ALLAREA,100.0
2002,United Kingdom of Great Britain and Northern Ireland,ALLAREA,100.0
2002,United Kingdom of Great Britain and Northern Ireland,RURAL,100.0
2002,United Kingdom of Great Britain and Northern Ireland,URBAN,100.0
2003,United Kingdom of Great Britain and Northern Ireland,URBAN,100.0
2003,United Kingdom of Great Britain and Northern Ireland,RURAL,100.0
2017,Italy,ALLAREA,100.0
2018,Italy,ALLAREA,100.0
2018,Italy,RURAL,100.0
2018,Italy,URBAN,100.0
2019,Italy,URBAN,100.0
2019,Italy,RURAL,100.0
2019,Italy,ALLAREA,100.0
2020,Italy,ALLAREA,100.0
2020,Italy,RURAL,100.0
2020,Italy,URBAN,100.0
2021,Italy,RURAL,100.0
2021,Italy,ALLAREA,100.0
2021,Italy,URBAN,100.0
2001,Sweden,ALLAREA,100.0
2001,Sweden,RURAL,100.0
2002,Sweden,RURAL,100.0
2002,Sweden,ALLAREA,100.0
2002,Sweden,URBAN,100.0
2003,Sweden,URBAN,100.0
2003,Sweden,ALLAREA,100.0
2003,Sweden,RURAL,100.0
2004,Sweden,RURAL,100.0
2004,Sweden,ALLAREA,100.0
2004,Sweden,URBAN,100.0
2005,Sweden,URBAN,100.0
2005,Sweden,ALLAREA,100.0
2003,United Kingdom of Great Britain and Northern Ireland,ALLAREA,100.0
2004,United Kingdom of Great Britain and Northern Ireland,ALLAREA,100.0
2004,United Kingdom of Great Britain and Northern Ireland,RURAL,100.0
2004,United Kingdom of Great Britain and Northern Ireland,URBAN,100.0
2005,United Kingdom of Great Britain and Northern Ireland,ALLAREA,100.0
2005,United Kingdom of Great Britain and Northern Ireland,URBAN,100.0
2005,United Kingdom of Great Britain and Northern Ireland,RURAL,100.0
2006,United Kingdom of Great Britain and Northern Ireland,RURAL,100.0
2006,United Kingdom of Great Britain and Northern Ireland,ALLAREA,100.0
2006,United Kingdom of Great Britain and Northern Ireland,URBAN,100.0
2007,United Kingdom of Great Britain and Northern Ireland,URBAN,100.0
2007,United Kingdom of Great Britain and Northern Ireland,ALLAREA,100.0
2005,Sweden,RURAL,100.0
2006,Sweden,RURAL,100.0
2006,Sweden,ALLAREA,100.0
2006,Sweden,URBAN,100.0
2007,Sweden,ALLAREA,100.0
2007,Sweden,RURAL,100.0
2007,Sweden,URBAN,100.0
2008,Sweden,URBAN,100.0
2008,Sweden,RURAL,100.0
2008,Sweden,ALLAREA,100.0
2009,Sweden,ALLAREA,100.0
2009,Sweden,RURAL,100.0
2009,Sweden,URBAN,100.0
2000,Kazakhstan,URBAN,99.9
2000,Kazakhstan,ALLAREA,99.6
2000,Kazakhstan,RURAL,99.1
2001,Kazakhstan,RURAL,99.5
2001,Kazakhstan,ALLAREA,99.7
2001,Kazakhstan,URBAN,99.8
2002,Kazakhstan,URBAN,99.9
2002,Kazakhstan,ALLAREA,99.8
2002,Kazakhstan,RURAL,99.7
2003,Kazakhstan,RURAL,99.8
2003,Kazakhstan,ALLAREA,99.9
2003,Kazakhstan,URBAN,100.0
2004,Kazakhstan,URBAN,100.0
2007,United Kingdom of Great Britain and Northern Ireland,RURAL,100.0
2008,United Kingdom of Great Britain and Northern Ireland,RURAL,100.0
2008,United Kingdom of Great Britain and Northern Ireland,ALLAREA,100.0
2008,United Kingdom of Great Britain and Northern Ireland,URBAN,100.0
2009,United Kingdom of Great Britain and Northern Ireland,URBAN,100.0
2009,United Kingdom of Great Britain and Northern Ireland,ALLAREA,100.0
2009,United Kingdom of Great Britain and Northern Ireland,RURAL,100.0
2010,United Kingdom of Great Britain and Northern Ireland,URBAN,100.0
2010,United Kingdom of Great Britain and Northern Ireland,ALLAREA,100.0
2010,United Kingdom of Great Britain and Northern Ireland,RURAL,100.0
2011,United Kingdom of Great Britain and Northern Ireland,URBAN,100.0
2011,United Kingdom of Great Britain and Northern Ireland,ALLAREA,100.0
2010,Sweden,URBAN,100.0
2010,Sweden,RURAL,100.0
2010,Sweden,ALLAREA,100.0
2011,Sweden,ALLAREA,100.0
2011,Sweden,RURAL,100.0
2011,Sweden,URBAN,100.0
2012,Sweden,URBAN,100.0
2012,Sweden,RURAL,100.0
2012,Sweden,ALLAREA,100.0
2013,Sweden,ALLAREA,100.0
2013,Sweden,RURAL,100.0
2013,Sweden,URBAN,100.0
2014,Sweden,URBAN,100.0
2011,United Kingdom of Great Britain and Northern Ireland,RURAL,100.0
2012,United Kingdom of Great Britain and Northern Ireland,RURAL,100.0
2012,United Kingdom of Great Britain and Northern Ireland,ALLAREA,100.0
2012,United Kingdom of Great Britain and Northern Ireland,URBAN,100.0
2013,United Kingdom of Great Britain and Northern Ireland,URBAN,100.0
2013,United Kingdom of Great Britain and Northern Ireland,ALLAREA,100.0
2013,United Kingdom of Great Britain and Northern Ireland,RURAL,100.0
2014,United Kingdom of Great Britain and Northern Ireland,RURAL,100.0
2014,United Kingdom of Great Britain and Northern Ireland,ALLAREA,100.0
2014,United Kingdom of Great Britain and Northern Ireland,URBAN,100.0
2015,United Kingdom of Great Britain and Northern Ireland,URBAN,100.0
2015,United Kingdom of Great Britain and Northern Ireland,ALLAREA,100.0
2004,Kazakhstan,ALLAREA,100.0
2004,Kazakhstan,RURAL,99.9
2005,Kazakhstan,RURAL,100.0
2005,Kazakhstan,ALLAREA,100.0
2005,Kazakhstan,URBAN,100.0
2006,Kazakhstan,URBAN,99.8
2006,Kazakhstan,ALLAREA,99.8
2006,Kazakhstan,RURAL,99.7
2007,Kazakhstan,RURAL,100.0
2007,Kazakhstan,ALLAREA,100.0
2007,Kazakhstan,URBAN,100.0
2008,Kazakhstan,URBAN,100.0
2008,Kazakhstan,ALLAREA,100.0
2014,Sweden,RURAL,100.0
2014,Sweden,ALLAREA,100.0
2015,Sweden,RURAL,100.0
2015,Sweden,ALLAREA,100.0
2015,Sweden,URBAN,100.0
2016,Sweden,URBAN,100.0
2016,Sweden,ALLAREA,100.0
2016,Sweden,RURAL,100.0
2017,Sweden,RURAL,100.0
2017,Sweden,ALLAREA,100.0
2017,Sweden,URBAN,100.0
2018,Sweden,URBAN,100.0
2018,Sweden,ALLAREA,100.0
2008,Kazakhstan,RURAL,100.0
2009,Kazakhstan,URBAN,100.0
2009,Kazakhstan,RURAL,100.0
2009,Kazakhstan,ALLAREA,100.0
2010,Kazakhstan,URBAN,100.0
2010,Kazakhstan,ALLAREA,100.0
2010,Kazakhstan,RURAL,100.0
2011,Kazakhstan,RURAL,99.6
2011,Kazakhstan,ALLAREA,99.8
2011,Kazakhstan,URBAN,100.0
2012,Kazakhstan,URBAN,100.0
2012,Kazakhstan,ALLAREA,100.0
2012,Kazakhstan,RURAL,100.0
2003,Bulgaria,ALLAREA,89.6
2003,Bulgaria,URBAN,93.6
2003,Bulgaria,RURAL,80.3
2004,Bulgaria,RURAL,81.2
2004,Bulgaria,URBAN,93.9
2004,Bulgaria,ALLAREA,90.1
2005,Bulgaria,ALLAREA,90.6
2005,Bulgaria,URBAN,94.2
2005,Bulgaria,RURAL,82.0
2006,Bulgaria,RURAL,82.9
2006,Bulgaria,URBAN,94.6
2006,Bulgaria,ALLAREA,91.2
2007,Bulgaria,RURAL,83.8
2015,United Kingdom of Great Britain and Northern Ireland,RURAL,100.0
2016,United Kingdom of Great Britain and Northern Ireland,ALLAREA,100.0
2016,United Kingdom of Great Britain and Northern Ireland,URBAN,100.0
2016,United Kingdom of Great Britain and Northern Ireland,RURAL,100.0
2017,United Kingdom of Great Britain and Northern Ireland,URBAN,100.0
2017,United Kingdom of Great Britain and Northern Ireland,ALLAREA,100.0
2017,United Kingdom of Great Britain and Northern Ireland,RURAL,100.0
2018,United Kingdom of Great Britain and Northern Ireland,RURAL,100.0
2018,United Kingdom of Great Britain and Northern Ireland,URBAN,100.0
2018,United Kingdom of Great Britain and Northern Ireland,ALLAREA,100.0
2019,United Kingdom of Great Britain and Northern Ireland,ALLAREA,100.0
2019,United Kingdom of Great Britain and Northern Ireland,URBAN,100.0
2013,Kazakhstan,RURAL,100.0
2013,Kazakhstan,ALLAREA,100.0
2013,Kazakhstan,URBAN,100.0
2014,Kazakhstan,URBAN,100.0
2014,Kazakhstan,ALLAREA,100.0
2014,Kazakhstan,RURAL,100.0
2015,Kazakhstan,RURAL,100.0
2015,Kazakhstan,URBAN,100.0
2015,Kazakhstan,ALLAREA,100.0
2016,Kazakhstan,RURAL,100.0
2016,Kazakhstan,URBAN,100.0
2016,Kazakhstan,ALLAREA,100.0
2017,Kazakhstan,URBAN,100.0
2007,Bulgaria,ALLAREA,91.7
2007,Bulgaria,URBAN,95.0
2008,Bulgaria,RURAL,84.7
2008,Bulgaria,URBAN,95.3
2008,Bulgaria,ALLAREA,92.3
2009,Bulgaria,ALLAREA,92.9
2009,Bulgaria,URBAN,95.7
2009,Bulgaria,RURAL,85.6
2010,Bulgaria,RURAL,86.6
2010,Bulgaria,URBAN,96.2
2010,Bulgaria,ALLAREA,93.5
2011,Bulgaria,ALLAREA,94.1
2011,Bulgaria,URBAN,96.6
2017,Kazakhstan,RURAL,100.0
2017,Kazakhstan,ALLAREA,100.0
2018,Kazakhstan,ALLAREA,100.0
2018,Kazakhstan,URBAN,100.0
2018,Kazakhstan,RURAL,100.0
2019,Kazakhstan,URBAN,100.0
2019,Kazakhstan,RURAL,100.0
2019,Kazakhstan,ALLAREA,100.0
2020,Kazakhstan,ALLAREA,100.0
2020,Kazakhstan,URBAN,100.0
2020,Kazakhstan,RURAL,100.0
2021,Kazakhstan,URBAN,100.0
2021,Kazakhstan,RURAL,100.0
2018,Sweden,RURAL,100.0
2019,Sweden,RURAL,100.0
2019,Sweden,ALLAREA,100.0
2019,Sweden,URBAN,100.0
2020,Sweden,URBAN,100.0
2020,Sweden,ALLAREA,100.0
2020,Sweden,RURAL,100.0
2021,Sweden,RURAL,100.0
2021,Sweden,ALLAREA,100.0
2021,Sweden,URBAN,100.0
2000,Switzerland,ALLAREA,100.0
2000,Switzerland,RURAL,100.0
2000,Switzerland,URBAN,100.0
2001,Switzerland,URBAN,100.0
2001,Switzerland,RURAL,100.0
2001,Switzerland,ALLAREA,100.0
2002,Switzerland,URBAN,100.0
2002,Switzerland,ALLAREA,100.0
2002,Switzerland,RURAL,100.0
2003,Switzerland,URBAN,100.0
2003,Switzerland,RURAL,100.0
2003,Switzerland,ALLAREA,100.0
2004,Switzerland,ALLAREA,100.0
2004,Switzerland,URBAN,100.0
2004,Switzerland,RURAL,100.0
2005,Switzerland,RURAL,100.0
2005,Switzerland,URBAN,100.0
2005,Switzerland,ALLAREA,100.0
2006,Switzerland,URBAN,100.0
2006,Switzerland,ALLAREA,100.0
2006,Switzerland,RURAL,100.0
2007,Switzerland,RURAL,100.0
2007,Switzerland,ALLAREA,100.0
2007,Switzerland,URBAN,100.0
2008,Switzerland,URBAN,100.0
2008,Switzerland,ALLAREA,100.0
2008,Switzerland,RURAL,100.0
2009,Switzerland,ALLAREA,100.0
2009,Switzerland,URBAN,100.0
2009,Switzerland,RURAL,100.0
2010,Switzerland,URBAN,100.0
2010,Switzerland,ALLAREA,100.0
2010,Switzerland,RURAL,100.0
2011,Switzerland,URBAN,100.0
2011,Switzerland,RURAL,100.0
2011,Switzerland,ALLAREA,100.0
2012,Switzerland,RURAL,100.0
2012,Switzerland,ALLAREA,100.0
2012,Switzerland,URBAN,100.0
2013,Switzerland,URBAN,100.0
2013,Switzerland,ALLAREA,100.0
2013,Switzerland,RURAL,100.0
2014,Switzerland,RURAL,100.0
2014,Switzerland,ALLAREA,100.0
2014,Switzerland,URBAN,100.0
2015,Switzerland,URBAN,100.0
2015,Switzerland,ALLAREA,100.0
2015,Switzerland,RURAL,100.0
2016,Switzerland,ALLAREA,100.0
2016,Switzerland,RURAL,100.0
2016,Switzerland,URBAN,100.0
2017,Switzerland,URBAN,100.0
2017,Switzerland,ALLAREA,100.0
2017,Switzerland,RURAL,100.0
2018,Switzerland,ALLAREA,100.0
2018,Switzerland,RURAL,100.0
2018,Switzerland,URBAN,100.0
2019,Switzerland,URBAN,100.0
2019,Switzerland,RURAL,100.0
2019,Switzerland,ALLAREA,100.0
2020,Switzerland,RURAL,100.0
2020,Switzerland,ALLAREA,100.0
2020,Switzerland,URBAN,100.0
2021,Switzerland,URBAN,100.0
2021,Switzerland,ALLAREA,100.0
2021,Switzerland,RURAL,100.0
2000,Tajikistan,ALLAREA,98.5
2000,Tajikistan,URBAN,99.7
2011,Bulgaria,RURAL,87.5
2012,Bulgaria,RURAL,88.4
2012,Bulgaria,URBAN,97.1
2012,Bulgaria,ALLAREA,94.7
2013,Bulgaria,URBAN,97.5
2013,Bulgaria,ALLAREA,95.3
2013,Bulgaria,RURAL,89.4
2014,Bulgaria,URBAN,97.8
2014,Bulgaria,ALLAREA,95.9
2014,Bulgaria,RURAL,90.7
2015,Bulgaria,ALLAREA,96.6
2015,Bulgaria,URBAN,98.1
2015,Bulgaria,RURAL,92.3
2019,United Kingdom of Great Britain and Northern Ireland,RURAL,100.0
2020,United Kingdom of Great Britain and Northern Ireland,RURAL,100.0
2020,United Kingdom of Great Britain and Northern Ireland,URBAN,100.0
2020,United Kingdom of Great Britain and Northern Ireland,ALLAREA,100.0
2021,United Kingdom of Great Britain and Northern Ireland,ALLAREA,100.0
2021,United Kingdom of Great Britain and Northern Ireland,URBAN,100.0
2021,United Kingdom of Great Britain and Northern Ireland,RURAL,100.0
2000,Uzbekistan,ALLAREA,99.6
2000,Uzbekistan,RURAL,99.4
2000,Uzbekistan,URBAN,99.9
2001,Uzbekistan,RURAL,99.4
2001,Uzbekistan,ALLAREA,99.6
2000,Tajikistan,RURAL,98.0
2001,Tajikistan,RURAL,98.2
2001,Tajikistan,URBAN,99.8
2001,Tajikistan,ALLAREA,98.6
2002,Tajikistan,ALLAREA,99.0
2002,Tajikistan,URBAN,99.7
2002,Tajikistan,RURAL,98.8
2003,Tajikistan,RURAL,100.0
2003,Tajikistan,URBAN,99.9
2003,Tajikistan,ALLAREA,100.0
2004,Tajikistan,URBAN,99.5
2004,Tajikistan,RURAL,98.2
2004,Tajikistan,ALLAREA,98.5
2005,Tajikistan,RURAL,99.2
2005,Tajikistan,URBAN,99.7
2005,Tajikistan,ALLAREA,99.3
2006,Tajikistan,ALLAREA,98.6
2006,Tajikistan,URBAN,99.4
2006,Tajikistan,RURAL,98.3
2007,Tajikistan,RURAL,98.3
2007,Tajikistan,ALLAREA,98.6
2007,Tajikistan,URBAN,99.3
2008,Tajikistan,URBAN,99.3
2008,Tajikistan,ALLAREA,98.6
2008,Tajikistan,RURAL,98.4
2009,Tajikistan,RURAL,98.9
2009,Tajikistan,ALLAREA,99.0
2009,Tajikistan,URBAN,99.4
2010,Tajikistan,URBAN,99.4
2010,Tajikistan,ALLAREA,98.8
2010,Tajikistan,RURAL,98.6
2011,Tajikistan,RURAL,98.7
2011,Tajikistan,URBAN,99.4
2011,Tajikistan,ALLAREA,98.9
2012,Tajikistan,ALLAREA,99.1
2012,Tajikistan,URBAN,99.8
2012,Tajikistan,RURAL,98.8
2013,Tajikistan,RURAL,98.9
2013,Tajikistan,ALLAREA,99.0
2013,Tajikistan,URBAN,99.4
2014,Tajikistan,ALLAREA,99.1
2014,Tajikistan,RURAL,99.0
2014,Tajikistan,URBAN,99.4
2015,Tajikistan,URBAN,98.5
2015,Tajikistan,RURAL,97.8
2015,Tajikistan,ALLAREA,98.0
2016,Tajikistan,ALLAREA,99.3
2016,Tajikistan,URBAN,99.3
2016,Tajikistan,RURAL,99.2
2017,Tajikistan,ALLAREA,99.3
2017,Tajikistan,RURAL,99.3
2017,Tajikistan,URBAN,99.2
2001,Uzbekistan,URBAN,99.9
2002,Uzbekistan,ALLAREA,99.7
2002,Uzbekistan,RURAL,99.5
2002,Uzbekistan,URBAN,99.9
2003,Uzbekistan,URBAN,99.8
2003,Uzbekistan,RURAL,99.3
2003,Uzbekistan,ALLAREA,99.5
2004,Uzbekistan,ALLAREA,99.5
2004,Uzbekistan,RURAL,99.2
2004,Uzbekistan,URBAN,99.7
2005,Uzbekistan,URBAN,99.7
2005,Uzbekistan,RURAL,99.2
2005,Uzbekistan,ALLAREA,99.4
2016,Bulgaria,RURAL,94.2
2016,Bulgaria,URBAN,98.4
2016,Bulgaria,ALLAREA,97.3
2017,Bulgaria,ALLAREA,98.1
2017,Bulgaria,URBAN,98.8
2017,Bulgaria,RURAL,96.0
2018,Bulgaria,RURAL,97.4
2018,Bulgaria,URBAN,99.1
2018,Bulgaria,ALLAREA,98.7
2019,Bulgaria,ALLAREA,99.2
2019,Bulgaria,URBAN,99.4
2019,Bulgaria,RURAL,98.4
2020,Bulgaria,RURAL,99.4
2006,Uzbekistan,ALLAREA,99.5
2006,Uzbekistan,RURAL,99.2
2006,Uzbekistan,URBAN,99.8
2007,Uzbekistan,URBAN,99.8
2007,Uzbekistan,ALLAREA,99.5
2007,Uzbekistan,RURAL,99.2
2008,Uzbekistan,RURAL,99.2
2008,Uzbekistan,ALLAREA,99.5
2008,Uzbekistan,URBAN,99.8
2009,Uzbekistan,URBAN,99.9
2009,Uzbekistan,ALLAREA,99.5
2009,Uzbekistan,RURAL,99.2
2010,Uzbekistan,RURAL,99.2
2010,Uzbekistan,ALLAREA,99.6
2010,Uzbekistan,URBAN,100.0
2011,Uzbekistan,URBAN,100.0
2011,Uzbekistan,ALLAREA,99.7
2011,Uzbekistan,RURAL,99.3
2012,Uzbekistan,RURAL,99.4
2012,Uzbekistan,ALLAREA,99.7
2012,Uzbekistan,URBAN,100.0
2013,Uzbekistan,URBAN,100.0
2013,Uzbekistan,ALLAREA,99.8
2013,Uzbekistan,RURAL,99.6
2014,Uzbekistan,URBAN,100.0
2014,Uzbekistan,RURAL,99.7
2020,Bulgaria,URBAN,99.8
2020,Bulgaria,ALLAREA,99.7
2021,Bulgaria,ALLAREA,99.8
2021,Bulgaria,URBAN,99.9
2021,Bulgaria,RURAL,99.5
2000,Belarus,ALLAREA,89.0
2000,Belarus,URBAN,93.1
2000,Belarus,RURAL,79.4
2001,Belarus,URBAN,93.4
2001,Belarus,ALLAREA,89.5
2001,Belarus,RURAL,80.2
2002,Belarus,ALLAREA,90.0
2002,Belarus,RURAL,81.0
2014,Uzbekistan,ALLAREA,99.8
2015,Uzbekistan,URBAN,100.0
2015,Uzbekistan,ALLAREA,99.9
2015,Uzbekistan,RURAL,99.8
2016,Uzbekistan,RURAL,99.9
2016,Uzbekistan,ALLAREA,99.9
2016,Uzbekistan,URBAN,100.0
2017,Uzbekistan,URBAN,100.0
2017,Uzbekistan,RURAL,99.9
2017,Uzbekistan,ALLAREA,100.0
2018,Uzbekistan,ALLAREA,100.0
2018,Uzbekistan,RURAL,100.0
2018,Uzbekistan,URBAN,100.0
2002,Belarus,URBAN,93.7
2003,Belarus,URBAN,94.0
2003,Belarus,RURAL,81.8
2003,Belarus,ALLAREA,90.5
2004,Belarus,ALLAREA,91.0
2004,Belarus,RURAL,82.6
2004,Belarus,URBAN,94.3
2005,Belarus,URBAN,94.6
2005,Belarus,RURAL,83.3
2005,Belarus,ALLAREA,91.5
2006,Belarus,ALLAREA,92.1
2006,Belarus,RURAL,84.2
2006,Belarus,URBAN,95.0
2007,Belarus,URBAN,95.4
2007,Belarus,RURAL,85.0
2007,Belarus,ALLAREA,92.6
2008,Belarus,ALLAREA,93.2
2008,Belarus,RURAL,85.9
2008,Belarus,URBAN,95.8
2009,Belarus,URBAN,96.2
2009,Belarus,RURAL,86.8
2009,Belarus,ALLAREA,93.8
2010,Belarus,ALLAREA,94.4
2010,Belarus,RURAL,87.7
2010,Belarus,URBAN,96.6
2011,Belarus,URBAN,97.1
2011,Belarus,RURAL,88.7
2011,Belarus,ALLAREA,95.0
2012,Belarus,ALLAREA,95.6
2012,Belarus,RURAL,89.7
2012,Belarus,URBAN,97.5
2013,Belarus,URBAN,97.9
2013,Belarus,RURAL,90.7
2013,Belarus,ALLAREA,96.2
2014,Belarus,ALLAREA,96.8
2014,Belarus,RURAL,91.9
2014,Belarus,URBAN,98.3
2015,Belarus,URBAN,98.6
2015,Belarus,RURAL,93.1
2015,Belarus,ALLAREA,97.4
2016,Belarus,RURAL,94.7
2016,Belarus,ALLAREA,98.0
2016,Belarus,URBAN,99.0
2017,Belarus,URBAN,99.3
2017,Belarus,ALLAREA,98.7
2017,Belarus,RURAL,96.6
2018,Belarus,RURAL,98.2
2018,Belarus,ALLAREA,99.3
2018,Belarus,URBAN,99.7
2019,Belarus,ALLAREA,100.0
2019,Belarus,URBAN,100.0
2019,Belarus,RURAL,100.0
2020,Belarus,RURAL,100.0
2020,Belarus,ALLAREA,100.0
2020,Belarus,URBAN,100.0
2021,Belarus,ALLAREA,100.0
2021,Belarus,URBAN,100.0
2021,Belarus,RURAL,100.0
2000,China,ALLAREA,96.7
2000,China,URBAN,100.0
2000,China,RURAL,94.9
2001,China,RURAL,95.4
2001,China,URBAN,99.7
2001,China,ALLAREA,97.0
2002,China,URBAN,99.7
2002,China,ALLAREA,97.2
2002,China,RURAL,95.7
2003,China,RURAL,96.0
2003,China,ALLAREA,97.4
2003,China,URBAN,99.7
2004,China,ALLAREA,97.7
2004,China,RURAL,96.3
2004,China,URBAN,99.7
2005,China,RURAL,96.6
2005,China,ALLAREA,97.9
2005,China,URBAN,99.8
2006,China,URBAN,99.8
2006,China,ALLAREA,98.2
2006,China,RURAL,96.9
2007,China,RURAL,97.3
2007,China,ALLAREA,98.5
2007,China,URBAN,99.9
2008,China,URBAN,100.0
2008,China,ALLAREA,98.8
2008,China,RURAL,97.8
2009,China,RURAL,98.3
2009,China,ALLAREA,99.1
2009,China,URBAN,100.0
2010,China,URBAN,100.0
2010,China,ALLAREA,99.7
2010,China,RURAL,99.4
2011,China,ALLAREA,99.9
2011,China,URBAN,100.0
2011,China,RURAL,99.8
2012,China,ALLAREA,99.9
2012,China,URBAN,100.0
2012,China,RURAL,99.9
2013,China,RURAL,100.0
2013,China,URBAN,100.0
2013,China,ALLAREA,100.0
2014,China,URBAN,100.0
2014,China,ALLAREA,100.0
2014,China,RURAL,100.0
2015,China,RURAL,100.0
2015,China,URBAN,100.0
2015,China,ALLAREA,100.0
2016,China,ALLAREA,100.0
2016,China,URBAN,100.0
2016,China,RURAL,100.0
2017,China,RURAL,100.0
2017,China,URBAN,100.0
2017,China,ALLAREA,100.0
2018,China,RURAL,100.0
2018,China,URBAN,100.0
2018,China,ALLAREA,100.0
2019,China,URBAN,100.0
2019,China,RURAL,100.0
2019,China,ALLAREA,100.0
2020,China,ALLAREA,100.0
2020,China,RURAL,100.0
2020,China,URBAN,100.0
2021,China,URBAN,100.0
2021,China,RURAL,100.0
2021,China,ALLAREA,100.0
2000,Croatia,ALLAREA,100.0
2000,Croatia,URBAN,99.9
2000,Croatia,RURAL,100.0
2001,Croatia,RURAL,100.0
2001,Croatia,URBAN,99.9
2001,Croatia,ALLAREA,100.0
2002,Croatia,ALLAREA,100.0
2002,Croatia,URBAN,99.8
2002,Croatia,RURAL,100.0
2003,Croatia,RURAL,100.0
2003,Croatia,ALLAREA,100.0
2003,Croatia,URBAN,99.7
2004,Croatia,URBAN,99.7
2004,Croatia,ALLAREA,99.9
2004,Croatia,RURAL,100.0
2005,Croatia,RURAL,100.0
2005,Croatia,ALLAREA,99.9
2005,Croatia,URBAN,99.7
2006,Croatia,URBAN,99.7
2006,Croatia,ALLAREA,99.8
2006,Croatia,RURAL,100.0
2007,Croatia,RURAL,100.0
2007,Croatia,URBAN,99.7
2007,Croatia,ALLAREA,99.8
2008,Croatia,ALLAREA,100.0
2008,Croatia,URBAN,100.0
2008,Croatia,RURAL,100.0
2009,Croatia,RURAL,100.0
2009,Croatia,ALLAREA,100.0
2009,Croatia,URBAN,100.0
2010,Croatia,URBAN,100.0
2010,Croatia,ALLAREA,100.0
2010,Croatia,RURAL,100.0
2011,Croatia,RURAL,100.0
2011,Croatia,ALLAREA,100.0
2011,Croatia,URBAN,100.0
2012,Croatia,URBAN,100.0
2012,Croatia,ALLAREA,100.0
2012,Croatia,RURAL,100.0
2013,Croatia,RURAL,100.0
2013,Croatia,URBAN,100.0
2013,Croatia,ALLAREA,100.0
2014,Croatia,ALLAREA,100.0
2014,Croatia,URBAN,100.0
2014,Croatia,RURAL,100.0
2015,Croatia,ALLAREA,100.0
2015,Croatia,RURAL,100.0
2015,Croatia,URBAN,100.0
2016,Croatia,ALLAREA,100.0
2016,Croatia,RURAL,100.0
2016,Croatia,URBAN,100.0
2017,Croatia,URBAN,100.0
2017,Croatia,RURAL,100.0
2017,Croatia,ALLAREA,100.0
2018,Croatia,ALLAREA,100.0
2018,Croatia,URBAN,100.0
2018,Croatia,RURAL,100.0
2019,Croatia,RURAL,100.0
2019,Croatia,URBAN,100.0
2019,Croatia,ALLAREA,100.0
2020,Croatia,ALLAREA,100.0
2020,Croatia,URBAN,100.0
2020,Croatia,RURAL,100.0
2021,Croatia,RURAL,100.0
2021,Croatia,URBAN,100.0
2021,Croatia,ALLAREA,100.0
2000,Cyprus,URBAN,100.0
2000,Cyprus,ALLAREA,100.0
2000,Cyprus,RURAL,100.0
2001,Cyprus,RURAL,100.0
2001,Cyprus,ALLAREA,100.0
2001,Cyprus,URBAN,100.0
2002,Cyprus,URBAN,100.0
2002,Cyprus,ALLAREA,100.0
2002,Cyprus,RURAL,100.0
2003,Cyprus,RURAL,100.0
2003,Cyprus,ALLAREA,100.0
2003,Cyprus,URBAN,100.0
2004,Cyprus,URBAN,100.0
2004,Cyprus,ALLAREA,100.0
2004,Cyprus,RURAL,100.0
2005,Cyprus,URBAN,100.0
2005,Cyprus,ALLAREA,100.0
2005,Cyprus,RURAL,100.0
2006,Cyprus,ALLAREA,100.0
2006,Cyprus,URBAN,100.0
2006,Cyprus,RURAL,100.0
2007,Cyprus,RURAL,100.0
2007,Cyprus,URBAN,100.0
2007,Cyprus,ALLAREA,100.0
2008,Cyprus,ALLAREA,100.0
2008,Cyprus,URBAN,100.0
2008,Cyprus,RURAL,100.0
2009,Cyprus,RURAL,100.0
2009,Cyprus,ALLAREA,100.0
2009,Cyprus,URBAN,100.0
2010,Cyprus,URBAN,100.0
2010,Cyprus,ALLAREA,100.0
2010,Cyprus,RURAL,100.0
2011,Cyprus,RURAL,100.0
2011,Cyprus,URBAN,100.0
2011,Cyprus,ALLAREA,100.0
2012,Cyprus,URBAN,100.0
2012,Cyprus,ALLAREA,100.0
2012,Cyprus,RURAL,100.0
2013,Cyprus,ALLAREA,100.0
2013,Cyprus,URBAN,100.0
2013,Cyprus,RURAL,100.0
2014,Cyprus,URBAN,100.0
2014,Cyprus,ALLAREA,100.0
2014,Cyprus,RURAL,100.0
2015,Cyprus,RURAL,100.0
2015,Cyprus,ALLAREA,100.0
2015,Cyprus,URBAN,100.0
2016,Cyprus,URBAN,100.0
2016,Cyprus,RURAL,100.0
2016,Cyprus,ALLAREA,100.0
2017,Cyprus,URBAN,100.0
2017,Cyprus,ALLAREA,100.0
2017,Cyprus,RURAL,100.0
2018,Cyprus,RURAL,100.0
2018,Cyprus,URBAN,100.0
2018,Cyprus,ALLAREA,100.0
2019,Cyprus,URBAN,100.0
2019,Cyprus,RURAL,100.0
2019,Cyprus,ALLAREA,100.0
2020,Cyprus,RURAL,100.0
2020,Cyprus,URBAN,100.0
2020,Cyprus,ALLAREA,100.0
2021,Cyprus,ALLAREA,100.0
2021,Cyprus,URBAN,100.0
2021,Cyprus,RURAL,100.0
2018,Tajikistan,ALLAREA,99.3
2018,Tajikistan,RURAL,99.3
2018,Tajikistan,URBAN,99.2
2019,Tajikistan,URBAN,99.1
2019,Tajikistan,RURAL,99.6
2019,Tajikistan,ALLAREA,99.4
2020,Tajikistan,ALLAREA,99.5
2020,Tajikistan,RURAL,99.7
2020,Tajikistan,URBAN,99.0
2021,Tajikistan,URBAN,98.9
2021,Tajikistan,RURAL,99.8
2021,Tajikistan,ALLAREA,99.6
2021,Kazakhstan,ALLAREA,100.0
2019,Uzbekistan,URBAN,100.0
2019,Uzbekistan,RURAL,100.0
2019,Uzbekistan,ALLAREA,100.0
2020,Uzbekistan,ALLAREA,100.0
2020,Uzbekistan,RURAL,100.0
2020,Uzbekistan,URBAN,100.0
2021,Uzbekistan,RURAL,99.8
2021,Uzbekistan,ALLAREA,99.9
2021,Uzbekistan,URBAN,100.0
2021,Uzbekistan,URBAN,100.0
