Year,SeriesCode,Country,Activity,Value
2000,NV_IND_MANF,Malta,ISIC4_C,13.1
2001,NV_IND_MANF,Malta,ISIC4_C,10.96
2002,NV_IND_MANF,Malta,ISIC4_C,11.09
2003,NV_IND_MANF,Malta,ISIC4_C,11.45
2004,NV_IND_MANF,Malta,ISIC4_C,10.22
2005,NV_IND_MANF,Malta,ISIC4_C,9.91
2006,NV_IND_MANF,Malta,ISIC4_C,9.58
2007,NV_IND_MANF,Malta,ISIC4_C,9.88
2008,NV_IND_MANF,Malta,ISIC4_C,11.09
2009,NV_IND_MANF,Malta,ISIC4_C,9.47
2000,NV_IND_MANF,Belgium,ISIC4_C,14.37
2001,NV_IND_MANF,Belgium,ISIC4_C,14.31
2002,NV_IND_MANF,Belgium,ISIC4_C,14.13
2003,NV_IND_MANF,Belgium,ISIC4_C,13.96
2004,NV_IND_MANF,Belgium,ISIC4_C,14.16
2005,NV_IND_MANF,Belgium,ISIC4_C,14.21
2006,NV_IND_MANF,Belgium,ISIC4_C,13.53
2007,NV_IND_MANF,Belgium,ISIC4_C,13.88
2008,NV_IND_MANF,Belgium,ISIC4_C,13.36
2009,NV_IND_MANF,Belgium,ISIC4_C,12.45
2010,NV_IND_MANF,Malta,ISIC4_C,10.03
2011,NV_IND_MANF,Malta,ISIC4_C,9.82
2012,NV_IND_MANF,Malta,ISIC4_C,9.92
2013,NV_IND_MANF,Malta,ISIC4_C,8.93
2014,NV_IND_MANF,Malta,ISIC4_C,8.25
2015,NV_IND_MANF,Malta,ISIC4_C,7.45
2016,NV_IND_MANF,Malta,ISIC4_C,7.0
2017,NV_IND_MANF,Malta,ISIC4_C,6.65
2018,NV_IND_MANF,Malta,ISIC4_C,6.58
2019,NV_IND_MANF,Malta,ISIC4_C,6.42
2010,NV_IND_MANF,Belgium,ISIC4_C,12.84
2011,NV_IND_MANF,Belgium,ISIC4_C,12.64
2012,NV_IND_MANF,Belgium,ISIC4_C,12.35
2013,NV_IND_MANF,Belgium,ISIC4_C,12.42
2014,NV_IND_MANF,Belgium,ISIC4_C,12.61
2015,NV_IND_MANF,Belgium,ISIC4_C,12.69
2016,NV_IND_MANF,Belgium,ISIC4_C,12.33
2017,NV_IND_MANF,Belgium,ISIC4_C,12.32
2018,NV_IND_MANF,Belgium,ISIC4_C,12.1
2019,NV_IND_MANF,Belgium,ISIC4_C,12.32
2020,NV_IND_MANF,Malta,ISIC4_C,7.03
2021,NV_IND_MANF,Malta,ISIC4_C,6.49
2022,NV_IND_MANF,Malta,ISIC4_C,6.29
2000,NV_IND_MANF,Mexico,ISIC4_C,19.8
2001,NV_IND_MANF,Mexico,ISIC4_C,19.33
2002,NV_IND_MANF,Mexico,ISIC4_C,18.87
2003,NV_IND_MANF,Mexico,ISIC4_C,18.47
2004,NV_IND_MANF,Mexico,ISIC4_C,18.37
2005,NV_IND_MANF,Mexico,ISIC4_C,18.35
2006,NV_IND_MANF,Mexico,ISIC4_C,18.38
2007,NV_IND_MANF,Mexico,ISIC4_C,18.08
2008,NV_IND_MANF,Mexico,ISIC4_C,17.63
2009,NV_IND_MANF,Mexico,ISIC4_C,16.73
2010,NV_IND_MANF,Mexico,ISIC4_C,17.29
2011,NV_IND_MANF,Mexico,ISIC4_C,17.21
2012,NV_IND_MANF,Mexico,ISIC4_C,17.26
2013,NV_IND_MANF,Mexico,ISIC4_C,17.12
2014,NV_IND_MANF,Mexico,ISIC4_C,17.31
2015,NV_IND_MANF,Mexico,ISIC4_C,17.26
2016,NV_IND_MANF,Mexico,ISIC4_C,17.07
2020,NV_IND_MANF,Belgium,ISIC4_C,12.48
2021,NV_IND_MANF,Belgium,ISIC4_C,11.76
2022,NV_IND_MANF,Belgium,ISIC4_C,11.74
2000,NV_IND_MANF,Bosnia and Herzegovina,ISIC4_C,8.26
2001,NV_IND_MANF,Bosnia and Herzegovina,ISIC4_C,8.59
2002,NV_IND_MANF,Bosnia and Herzegovina,ISIC4_C,8.86
2003,NV_IND_MANF,Bosnia and Herzegovina,ISIC4_C,8.79
2004,NV_IND_MANF,Bosnia and Herzegovina,ISIC4_C,8.65
2005,NV_IND_MANF,Bosnia and Herzegovina,ISIC4_C,9.11
2006,NV_IND_MANF,Bosnia and Herzegovina,ISIC4_C,9.88
2000,NV_IND_MANF,Albania,ISIC4_C,4.12
2001,NV_IND_MANF,Albania,ISIC4_C,4.02
2002,NV_IND_MANF,Albania,ISIC4_C,4.01
2003,NV_IND_MANF,Albania,ISIC4_C,4.53
2004,NV_IND_MANF,Albania,ISIC4_C,4.55
2005,NV_IND_MANF,Albania,ISIC4_C,4.91
2006,NV_IND_MANF,Albania,ISIC4_C,5.24
2007,NV_IND_MANF,Albania,ISIC4_C,5.57
2008,NV_IND_MANF,Albania,ISIC4_C,4.92
2009,NV_IND_MANF,Albania,ISIC4_C,4.9
2007,NV_IND_MANF,Bosnia and Herzegovina,ISIC4_C,10.32
2008,NV_IND_MANF,Bosnia and Herzegovina,ISIC4_C,10.42
2009,NV_IND_MANF,Bosnia and Herzegovina,ISIC4_C,10.16
2010,NV_IND_MANF,Bosnia and Herzegovina,ISIC4_C,10.79
2011,NV_IND_MANF,Bosnia and Herzegovina,ISIC4_C,10.69
2012,NV_IND_MANF,Bosnia and Herzegovina,ISIC4_C,10.69
2013,NV_IND_MANF,Bosnia and Herzegovina,ISIC4_C,10.97
2014,NV_IND_MANF,Bosnia and Herzegovina,ISIC4_C,11.31
2015,NV_IND_MANF,Bosnia and Herzegovina,ISIC4_C,11.67
2016,NV_IND_MANF,Bosnia and Herzegovina,ISIC4_C,11.92
2017,NV_IND_MANF,Bosnia and Herzegovina,ISIC4_C,12.52
2018,NV_IND_MANF,Bosnia and Herzegovina,ISIC4_C,12.28
2019,NV_IND_MANF,Bosnia and Herzegovina,ISIC4_C,11.95
2020,NV_IND_MANF,Bosnia and Herzegovina,ISIC4_C,11.81
2021,NV_IND_MANF,Bosnia and Herzegovina,ISIC4_C,12.56
2022,NV_IND_MANF,Bosnia and Herzegovina,ISIC4_C,12.72
2000,NV_IND_MANF,Bulgaria,ISIC4_C,11.87
2001,NV_IND_MANF,Bulgaria,ISIC4_C,12.23
2002,NV_IND_MANF,Bulgaria,ISIC4_C,12.28
2003,NV_IND_MANF,Bulgaria,ISIC4_C,13.1
2004,NV_IND_MANF,Bulgaria,ISIC4_C,12.59
2005,NV_IND_MANF,Bulgaria,ISIC4_C,12.5
2006,NV_IND_MANF,Bulgaria,ISIC4_C,12.9
2007,NV_IND_MANF,Bulgaria,ISIC4_C,13.91
2008,NV_IND_MANF,Bulgaria,ISIC4_C,13.37
2009,NV_IND_MANF,Bulgaria,ISIC4_C,12.68
2010,NV_IND_MANF,Bulgaria,ISIC4_C,12.04
2011,NV_IND_MANF,Bulgaria,ISIC4_C,12.57
2012,NV_IND_MANF,Bulgaria,ISIC4_C,13.72
2013,NV_IND_MANF,Bulgaria,ISIC4_C,13.01
2014,NV_IND_MANF,Bulgaria,ISIC4_C,13.15
2015,NV_IND_MANF,Bulgaria,ISIC4_C,13.63
2016,NV_IND_MANF,Bulgaria,ISIC4_C,13.83
2017,NV_IND_MANF,Bulgaria,ISIC4_C,13.68
2018,NV_IND_MANF,Bulgaria,ISIC4_C,13.76
2019,NV_IND_MANF,Bulgaria,ISIC4_C,13.41
2020,NV_IND_MANF,Bulgaria,ISIC4_C,12.22
2021,NV_IND_MANF,Bulgaria,ISIC4_C,11.64
2022,NV_IND_MANF,Bulgaria,ISIC4_C,11.65
2000,NV_IND_MANF,Belarus,ISIC4_C,16.29
2001,NV_IND_MANF,Belarus,ISIC4_C,16.68
2002,NV_IND_MANF,Belarus,ISIC4_C,16.97
2003,NV_IND_MANF,Belarus,ISIC4_C,17.42
2004,NV_IND_MANF,Belarus,ISIC4_C,18.79
2005,NV_IND_MANF,Belarus,ISIC4_C,19.64
2006,NV_IND_MANF,Belarus,ISIC4_C,20.28
2007,NV_IND_MANF,Belarus,ISIC4_C,20.24
2008,NV_IND_MANF,Belarus,ISIC4_C,21.05
2009,NV_IND_MANF,Belarus,ISIC4_C,20.56
2010,NV_IND_MANF,Belarus,ISIC4_C,21.13
2011,NV_IND_MANF,Belarus,ISIC4_C,21.97
2012,NV_IND_MANF,Belarus,ISIC4_C,22.88
2013,NV_IND_MANF,Belarus,ISIC4_C,21.56
2014,NV_IND_MANF,Belarus,ISIC4_C,21.22
2015,NV_IND_MANF,Belarus,ISIC4_C,20.64
2016,NV_IND_MANF,Belarus,ISIC4_C,21.12
2017,NV_IND_MANF,Belarus,ISIC4_C,22.01
2018,NV_IND_MANF,Belarus,ISIC4_C,22.43
2019,NV_IND_MANF,Belarus,ISIC4_C,22.39
2020,NV_IND_MANF,Belarus,ISIC4_C,22.6
2021,NV_IND_MANF,Belarus,ISIC4_C,23.39
2022,NV_IND_MANF,Belarus,ISIC4_C,23.3
2000,NV_IND_MANF,Canada,ISIC4_C,14.9
2001,NV_IND_MANF,Canada,ISIC4_C,14.11
2002,NV_IND_MANF,Canada,ISIC4_C,13.95
2003,NV_IND_MANF,Canada,ISIC4_C,13.52
2004,NV_IND_MANF,Canada,ISIC4_C,13.44
2005,NV_IND_MANF,Canada,ISIC4_C,13.28
2006,NV_IND_MANF,Canada,ISIC4_C,12.73
2007,NV_IND_MANF,Canada,ISIC4_C,12.1
2010,NV_IND_MANF,Albania,ISIC4_C,5.27
2011,NV_IND_MANF,Albania,ISIC4_C,5.68
2012,NV_IND_MANF,Albania,ISIC4_C,4.73
2013,NV_IND_MANF,Albania,ISIC4_C,5.14
2014,NV_IND_MANF,Albania,ISIC4_C,5.52
2015,NV_IND_MANF,Albania,ISIC4_C,5.67
2016,NV_IND_MANF,Albania,ISIC4_C,5.74
2017,NV_IND_MANF,Albania,ISIC4_C,6.22
2018,NV_IND_MANF,Albania,ISIC4_C,6.35
2019,NV_IND_MANF,Albania,ISIC4_C,6.56
2008,NV_IND_MANF,Canada,ISIC4_C,11.34
2009,NV_IND_MANF,Canada,ISIC4_C,10.07
2010,NV_IND_MANF,Canada,ISIC4_C,10.24
2011,NV_IND_MANF,Canada,ISIC4_C,10.27
2012,NV_IND_MANF,Canada,ISIC4_C,10.24
2013,NV_IND_MANF,Canada,ISIC4_C,9.97
2014,NV_IND_MANF,Canada,ISIC4_C,9.98
2015,NV_IND_MANF,Canada,ISIC4_C,9.98
2016,NV_IND_MANF,Canada,ISIC4_C,9.88
2017,NV_IND_MANF,Canada,ISIC4_C,9.77
2020,NV_IND_MANF,Albania,ISIC4_C,6.38
2021,NV_IND_MANF,Albania,ISIC4_C,6.85
2022,NV_IND_MANF,Albania,ISIC4_C,6.93
2000,NV_IND_MANF,Azerbaijan,ISIC4_C,9.35
2001,NV_IND_MANF,Azerbaijan,ISIC4_C,8.86
2002,NV_IND_MANF,Azerbaijan,ISIC4_C,8.67
2003,NV_IND_MANF,Azerbaijan,ISIC4_C,8.89
2004,NV_IND_MANF,Azerbaijan,ISIC4_C,8.92
2005,NV_IND_MANF,Azerbaijan,ISIC4_C,8.2
2006,NV_IND_MANF,Azerbaijan,ISIC4_C,6.65
2007,NV_IND_MANF,Azerbaijan,ISIC4_C,5.86
2008,NV_IND_MANF,Azerbaijan,ISIC4_C,5.67
2009,NV_IND_MANF,Azerbaijan,ISIC4_C,4.53
2010,NV_IND_MANF,Azerbaijan,ISIC4_C,4.61
2011,NV_IND_MANF,Azerbaijan,ISIC4_C,4.92
2012,NV_IND_MANF,Azerbaijan,ISIC4_C,5.04
2013,NV_IND_MANF,Azerbaijan,ISIC4_C,4.86
2014,NV_IND_MANF,Azerbaijan,ISIC4_C,4.91
2015,NV_IND_MANF,Azerbaijan,ISIC4_C,4.99
2016,NV_IND_MANF,Azerbaijan,ISIC4_C,5.09
2017,NV_IND_MANF,Azerbaijan,ISIC4_C,5.03
2018,NV_IND_MANF,Azerbaijan,ISIC4_C,5.27
2019,NV_IND_MANF,Azerbaijan,ISIC4_C,5.68
2020,NV_IND_MANF,Azerbaijan,ISIC4_C,6.5
2021,NV_IND_MANF,Azerbaijan,ISIC4_C,7.34
2022,NV_IND_MANF,Azerbaijan,ISIC4_C,7.19
2000,NV_IND_MANF,Australia,ISIC4_C,9.43
2001,NV_IND_MANF,Australia,ISIC4_C,9.32
2002,NV_IND_MANF,Australia,ISIC4_C,9.41
2003,NV_IND_MANF,Australia,ISIC4_C,9.16
2004,NV_IND_MANF,Australia,ISIC4_C,8.8
2005,NV_IND_MANF,Australia,ISIC4_C,8.52
2006,NV_IND_MANF,Australia,ISIC4_C,8.37
2007,NV_IND_MANF,Australia,ISIC4_C,8.4
2008,NV_IND_MANF,Australia,ISIC4_C,7.82
2009,NV_IND_MANF,Australia,ISIC4_C,7.68
2010,NV_IND_MANF,Australia,ISIC4_C,7.48
2011,NV_IND_MANF,Australia,ISIC4_C,7.28
2012,NV_IND_MANF,Australia,ISIC4_C,6.86
2013,NV_IND_MANF,Australia,ISIC4_C,6.63
2014,NV_IND_MANF,Australia,ISIC4_C,6.39
2015,NV_IND_MANF,Australia,ISIC4_C,6.09
2016,NV_IND_MANF,Australia,ISIC4_C,5.92
2017,NV_IND_MANF,Australia,ISIC4_C,5.88
2018,NV_IND_MANF,Australia,ISIC4_C,5.7
2019,NV_IND_MANF,Australia,ISIC4_C,5.6
2020,NV_IND_MANF,Australia,ISIC4_C,5.6
2021,NV_IND_MANF,Australia,ISIC4_C,5.54
2022,NV_IND_MANF,Australia,ISIC4_C,5.43
2000,NV_IND_MANF,Austria,ISIC4_C,15.21
2001,NV_IND_MANF,Austria,ISIC4_C,15.43
2002,NV_IND_MANF,Austria,ISIC4_C,14.98
2003,NV_IND_MANF,Austria,ISIC4_C,14.94
2004,NV_IND_MANF,Austria,ISIC4_C,14.98
2005,NV_IND_MANF,Austria,ISIC4_C,15.31
2006,NV_IND_MANF,Austria,ISIC4_C,15.97
2007,NV_IND_MANF,Austria,ISIC4_C,16.59
2008,NV_IND_MANF,Austria,ISIC4_C,16.53
2009,NV_IND_MANF,Austria,ISIC4_C,14.65
2010,NV_IND_MANF,Austria,ISIC4_C,15.55
2018,NV_IND_MANF,Canada,ISIC4_C,9.83
2019,NV_IND_MANF,Canada,ISIC4_C,9.65
2020,NV_IND_MANF,Canada,ISIC4_C,9.17
2021,NV_IND_MANF,Canada,ISIC4_C,9.18
2022,NV_IND_MANF,Canada,ISIC4_C,9.22
2000,NV_IND_MANF,Chile,ISIC4_C,14.96
2001,NV_IND_MANF,Chile,ISIC4_C,14.56
2002,NV_IND_MANF,Chile,ISIC4_C,14.52
2003,NV_IND_MANF,Chile,ISIC4_C,14.45
2004,NV_IND_MANF,Chile,ISIC4_C,14.33
2017,NV_IND_MANF,Mexico,ISIC4_C,17.08
2018,NV_IND_MANF,Mexico,ISIC4_C,17.02
2019,NV_IND_MANF,Mexico,ISIC4_C,17.09
2020,NV_IND_MANF,Mexico,ISIC4_C,16.87
2021,NV_IND_MANF,Mexico,ISIC4_C,17.48
2022,NV_IND_MANF,Mexico,ISIC4_C,17.49
2000,NV_IND_MANF,Moldova,ISIC4_C,14.28
2001,NV_IND_MANF,Moldova,ISIC4_C,14.2
2002,NV_IND_MANF,Moldova,ISIC4_C,13.55
2003,NV_IND_MANF,Moldova,ISIC4_C,14.97
2004,NV_IND_MANF,Moldova,ISIC4_C,15.04
2005,NV_IND_MANF,Moldova,ISIC4_C,14.35
2006,NV_IND_MANF,Moldova,ISIC4_C,13.09
2007,NV_IND_MANF,Moldova,ISIC4_C,12.55
2008,NV_IND_MANF,Moldova,ISIC4_C,11.77
2009,NV_IND_MANF,Moldova,ISIC4_C,9.79
2010,NV_IND_MANF,Moldova,ISIC4_C,10.15
2011,NV_IND_MANF,Moldova,ISIC4_C,10.81
2012,NV_IND_MANF,Moldova,ISIC4_C,11.05
2013,NV_IND_MANF,Moldova,ISIC4_C,11.06
2011,NV_IND_MANF,Austria,ISIC4_C,16.2
2012,NV_IND_MANF,Austria,ISIC4_C,16.42
2013,NV_IND_MANF,Austria,ISIC4_C,16.46
2014,NV_IND_MANF,Austria,ISIC4_C,16.72
2015,NV_IND_MANF,Austria,ISIC4_C,16.69
2016,NV_IND_MANF,Austria,ISIC4_C,17.08
2017,NV_IND_MANF,Austria,ISIC4_C,17.24
2018,NV_IND_MANF,Austria,ISIC4_C,17.58
2019,NV_IND_MANF,Austria,ISIC4_C,17.49
2020,NV_IND_MANF,Austria,ISIC4_C,17.61
2014,NV_IND_MANF,Moldova,ISIC4_C,11.42
2015,NV_IND_MANF,Moldova,ISIC4_C,11.96
2016,NV_IND_MANF,Moldova,ISIC4_C,11.85
2017,NV_IND_MANF,Moldova,ISIC4_C,11.77
2018,NV_IND_MANF,Moldova,ISIC4_C,11.69
2019,NV_IND_MANF,Moldova,ISIC4_C,11.61
2020,NV_IND_MANF,Moldova,ISIC4_C,11.67
2021,NV_IND_MANF,Moldova,ISIC4_C,10.22
2022,NV_IND_MANF,Moldova,ISIC4_C,9.84
2000,NV_IND_MANF,Montenegro,ISIC4_C,11.47
2021,NV_IND_MANF,Austria,ISIC4_C,18.44
2022,NV_IND_MANF,Austria,ISIC4_C,18.97
2000,NV_IND_MANF,Armenia,ISIC4_C,9.76
2001,NV_IND_MANF,Armenia,ISIC4_C,9.15
2002,NV_IND_MANF,Armenia,ISIC4_C,9.31
2003,NV_IND_MANF,Armenia,ISIC4_C,9.48
2004,NV_IND_MANF,Armenia,ISIC4_C,10.71
2005,NV_IND_MANF,Armenia,ISIC4_C,10.23
2006,NV_IND_MANF,Armenia,ISIC4_C,9.0
2007,NV_IND_MANF,Armenia,ISIC4_C,8.04
2008,NV_IND_MANF,Armenia,ISIC4_C,7.58
2009,NV_IND_MANF,Armenia,ISIC4_C,8.2
2010,NV_IND_MANF,Armenia,ISIC4_C,9.03
2011,NV_IND_MANF,Armenia,ISIC4_C,9.7
2012,NV_IND_MANF,Armenia,ISIC4_C,9.42
2013,NV_IND_MANF,Armenia,ISIC4_C,9.83
2014,NV_IND_MANF,Armenia,ISIC4_C,10.06
2015,NV_IND_MANF,Armenia,ISIC4_C,9.21
2016,NV_IND_MANF,Armenia,ISIC4_C,10.21
2017,NV_IND_MANF,Armenia,ISIC4_C,10.62
2005,NV_IND_MANF,Chile,ISIC4_C,14.16
2006,NV_IND_MANF,Chile,ISIC4_C,14.0
2007,NV_IND_MANF,Chile,ISIC4_C,13.69
2008,NV_IND_MANF,Chile,ISIC4_C,13.39
2009,NV_IND_MANF,Chile,ISIC4_C,12.79
2010,NV_IND_MANF,Chile,ISIC4_C,12.47
2011,NV_IND_MANF,Chile,ISIC4_C,12.68
2012,NV_IND_MANF,Chile,ISIC4_C,12.44
2013,NV_IND_MANF,Chile,ISIC4_C,12.2
2014,NV_IND_MANF,Chile,ISIC4_C,11.91
2015,NV_IND_MANF,Chile,ISIC4_C,11.66
2016,NV_IND_MANF,Chile,ISIC4_C,11.34
2017,NV_IND_MANF,Chile,ISIC4_C,11.33
2018,NV_IND_MANF,Chile,ISIC4_C,11.34
2019,NV_IND_MANF,Chile,ISIC4_C,11.09
2020,NV_IND_MANF,Chile,ISIC4_C,11.41
2021,NV_IND_MANF,Chile,ISIC4_C,11.07
2022,NV_IND_MANF,Chile,ISIC4_C,10.93
2000,NV_IND_MANF,China,ISIC4_C,16.48
2001,NV_IND_MANF,China,ISIC4_C,17.19
2002,NV_IND_MANF,China,ISIC4_C,18.77
2003,NV_IND_MANF,China,ISIC4_C,22.9
2004,NV_IND_MANF,China,ISIC4_C,26.44
2005,NV_IND_MANF,China,ISIC4_C,25.99
2006,NV_IND_MANF,China,ISIC4_C,26.09
2007,NV_IND_MANF,China,ISIC4_C,26.64
2008,NV_IND_MANF,China,ISIC4_C,26.58
2009,NV_IND_MANF,China,ISIC4_C,27.41
2010,NV_IND_MANF,China,ISIC4_C,27.49
2011,NV_IND_MANF,China,ISIC4_C,27.82
2001,NV_IND_MANF,Montenegro,ISIC4_C,11.48
2002,NV_IND_MANF,Montenegro,ISIC4_C,10.77
2003,NV_IND_MANF,Montenegro,ISIC4_C,9.84
2004,NV_IND_MANF,Montenegro,ISIC4_C,9.95
2005,NV_IND_MANF,Montenegro,ISIC4_C,10.07
2006,NV_IND_MANF,Montenegro,ISIC4_C,9.69
2007,NV_IND_MANF,Montenegro,ISIC4_C,6.89
2008,NV_IND_MANF,Montenegro,ISIC4_C,6.08
2009,NV_IND_MANF,Montenegro,ISIC4_C,4.58
2010,NV_IND_MANF,Montenegro,ISIC4_C,4.19
2012,NV_IND_MANF,China,ISIC4_C,28.27
2013,NV_IND_MANF,China,ISIC4_C,28.44
2014,NV_IND_MANF,China,ISIC4_C,28.9
2015,NV_IND_MANF,China,ISIC4_C,28.95
2016,NV_IND_MANF,China,ISIC4_C,28.8
2017,NV_IND_MANF,China,ISIC4_C,28.49
2018,NV_IND_MANF,China,ISIC4_C,28.31
2019,NV_IND_MANF,China,ISIC4_C,27.9
2020,NV_IND_MANF,China,ISIC4_C,28.0
2021,NV_IND_MANF,China,ISIC4_C,28.38
2022,NV_IND_MANF,China,ISIC4_C,28.28
2000,NV_IND_MANF,Colombia,ISIC4_C,14.68
2001,NV_IND_MANF,Colombia,ISIC4_C,14.66
2002,NV_IND_MANF,Colombia,ISIC4_C,14.44
2003,NV_IND_MANF,Colombia,ISIC4_C,14.9
2004,NV_IND_MANF,Colombia,ISIC4_C,14.9
2005,NV_IND_MANF,Colombia,ISIC4_C,15.0
2006,NV_IND_MANF,Colombia,ISIC4_C,15.09
2007,NV_IND_MANF,Colombia,ISIC4_C,15.23
2008,NV_IND_MANF,Colombia,ISIC4_C,14.8
2009,NV_IND_MANF,Colombia,ISIC4_C,14.1
2010,NV_IND_MANF,Colombia,ISIC4_C,13.74
2011,NV_IND_MANF,Colombia,ISIC4_C,13.57
2012,NV_IND_MANF,Colombia,ISIC4_C,13.17
2013,NV_IND_MANF,Colombia,ISIC4_C,12.71
2014,NV_IND_MANF,Colombia,ISIC4_C,12.52
2015,NV_IND_MANF,Colombia,ISIC4_C,12.4
2016,NV_IND_MANF,Colombia,ISIC4_C,12.54
2017,NV_IND_MANF,Colombia,ISIC4_C,12.15
2018,NV_IND_MANF,Colombia,ISIC4_C,12.02
2019,NV_IND_MANF,Colombia,ISIC4_C,11.79
2020,NV_IND_MANF,Colombia,ISIC4_C,11.44
2021,NV_IND_MANF,Colombia,ISIC4_C,12.02
2022,NV_IND_MANF,Colombia,ISIC4_C,12.02
2000,NV_IND_MANF,Costa Rica,ISIC4_C,17.96
2001,NV_IND_MANF,Costa Rica,ISIC4_C,17.26
2002,NV_IND_MANF,Costa Rica,ISIC4_C,17.27
2003,NV_IND_MANF,Costa Rica,ISIC4_C,16.78
2004,NV_IND_MANF,Costa Rica,ISIC4_C,16.72
2005,NV_IND_MANF,Costa Rica,ISIC4_C,16.65
2006,NV_IND_MANF,Costa Rica,ISIC4_C,16.14
2007,NV_IND_MANF,Costa Rica,ISIC4_C,15.34
2008,NV_IND_MANF,Costa Rica,ISIC4_C,14.31
2009,NV_IND_MANF,Costa Rica,ISIC4_C,13.29
2010,NV_IND_MANF,Costa Rica,ISIC4_C,13.47
2011,NV_IND_MANF,Costa Rica,ISIC4_C,13.39
2012,NV_IND_MANF,Costa Rica,ISIC4_C,13.29
2013,NV_IND_MANF,Costa Rica,ISIC4_C,12.96
2014,NV_IND_MANF,Costa Rica,ISIC4_C,12.54
2015,NV_IND_MANF,Costa Rica,ISIC4_C,11.61
2016,NV_IND_MANF,Costa Rica,ISIC4_C,11.61
2017,NV_IND_MANF,Costa Rica,ISIC4_C,11.59
2018,NV_IND_MANF,Costa Rica,ISIC4_C,11.77
2019,NV_IND_MANF,Costa Rica,ISIC4_C,11.84
2020,NV_IND_MANF,Costa Rica,ISIC4_C,12.72
2021,NV_IND_MANF,Costa Rica,ISIC4_C,13.35
2022,NV_IND_MANF,Costa Rica,ISIC4_C,13.19
2000,NV_IND_MANF,Croatia,ISIC4_C,15.49
2001,NV_IND_MANF,Croatia,ISIC4_C,15.23
2002,NV_IND_MANF,Croatia,ISIC4_C,14.69
2003,NV_IND_MANF,Croatia,ISIC4_C,14.5
2004,NV_IND_MANF,Croatia,ISIC4_C,14.39
2005,NV_IND_MANF,Croatia,ISIC4_C,14.13
2006,NV_IND_MANF,Croatia,ISIC4_C,13.97
2007,NV_IND_MANF,Croatia,ISIC4_C,14.22
2008,NV_IND_MANF,Croatia,ISIC4_C,13.97
2009,NV_IND_MANF,Croatia,ISIC4_C,13.16
2010,NV_IND_MANF,Croatia,ISIC4_C,12.62
2011,NV_IND_MANF,Croatia,ISIC4_C,12.69
2012,NV_IND_MANF,Croatia,ISIC4_C,12.33
2013,NV_IND_MANF,Croatia,ISIC4_C,12.07
2014,NV_IND_MANF,Croatia,ISIC4_C,12.55
2015,NV_IND_MANF,Croatia,ISIC4_C,12.75
2016,NV_IND_MANF,Croatia,ISIC4_C,13.11
2017,NV_IND_MANF,Croatia,ISIC4_C,13.08
2018,NV_IND_MANF,Croatia,ISIC4_C,12.72
2019,NV_IND_MANF,Croatia,ISIC4_C,12.52
2020,NV_IND_MANF,Croatia,ISIC4_C,12.91
2021,NV_IND_MANF,Croatia,ISIC4_C,12.39
2022,NV_IND_MANF,Croatia,ISIC4_C,12.3
2000,NV_IND_MANF,Cyprus,ISIC4_C,7.65
2001,NV_IND_MANF,Cyprus,ISIC4_C,7.19
2002,NV_IND_MANF,Cyprus,ISIC4_C,7.08
2003,NV_IND_MANF,Cyprus,ISIC4_C,7.08
2004,NV_IND_MANF,Cyprus,ISIC4_C,6.76
2005,NV_IND_MANF,Cyprus,ISIC4_C,6.39
2006,NV_IND_MANF,Cyprus,ISIC4_C,5.94
2007,NV_IND_MANF,Cyprus,ISIC4_C,5.73
2008,NV_IND_MANF,Cyprus,ISIC4_C,5.72
2009,NV_IND_MANF,Cyprus,ISIC4_C,5.44
2010,NV_IND_MANF,Cyprus,ISIC4_C,5.19
2011,NV_IND_MANF,Cyprus,ISIC4_C,4.7
2012,NV_IND_MANF,Cyprus,ISIC4_C,4.45
2013,NV_IND_MANF,Cyprus,ISIC4_C,3.97
2014,NV_IND_MANF,Cyprus,ISIC4_C,4.08
2015,NV_IND_MANF,Cyprus,ISIC4_C,4.26
2016,NV_IND_MANF,Cyprus,ISIC4_C,4.58
2017,NV_IND_MANF,Cyprus,ISIC4_C,4.95
2018,NV_IND_MANF,Cyprus,ISIC4_C,5.46
2019,NV_IND_MANF,Cyprus,ISIC4_C,5.58
2011,NV_IND_MANF,Montenegro,ISIC4_C,4.5
2012,NV_IND_MANF,Montenegro,ISIC4_C,4.03
2013,NV_IND_MANF,Montenegro,ISIC4_C,4.15
2014,NV_IND_MANF,Montenegro,ISIC4_C,3.99
2015,NV_IND_MANF,Montenegro,ISIC4_C,4.09
2016,NV_IND_MANF,Montenegro,ISIC4_C,3.81
2017,NV_IND_MANF,Montenegro,ISIC4_C,3.98
2018,NV_IND_MANF,Montenegro,ISIC4_C,4.13
2019,NV_IND_MANF,Montenegro,ISIC4_C,3.93
2020,NV_IND_MANF,Montenegro,ISIC4_C,4.34
2020,NV_IND_MANF,Cyprus,ISIC4_C,5.7
2021,NV_IND_MANF,Cyprus,ISIC4_C,5.71
2022,NV_IND_MANF,Cyprus,ISIC4_C,5.57
2000,NV_IND_MANF,Czechia,ISIC4_C,16.58
2001,NV_IND_MANF,Czechia,ISIC4_C,16.76
2002,NV_IND_MANF,Czechia,ISIC4_C,17.15
2003,NV_IND_MANF,Czechia,ISIC4_C,16.6
2004,NV_IND_MANF,Czechia,ISIC4_C,17.2
2005,NV_IND_MANF,Czechia,ISIC4_C,18.47
2006,NV_IND_MANF,Czechia,ISIC4_C,20.86
2007,NV_IND_MANF,Czechia,ISIC4_C,21.05
2008,NV_IND_MANF,Czechia,ISIC4_C,22.17
2009,NV_IND_MANF,Czechia,ISIC4_C,20.35
2010,NV_IND_MANF,Czechia,ISIC4_C,22.19
2011,NV_IND_MANF,Czechia,ISIC4_C,24.21
2012,NV_IND_MANF,Czechia,ISIC4_C,23.42
2013,NV_IND_MANF,Czechia,ISIC4_C,23.14
2014,NV_IND_MANF,Czechia,ISIC4_C,23.43
2015,NV_IND_MANF,Czechia,ISIC4_C,23.92
2016,NV_IND_MANF,Czechia,ISIC4_C,24.4
2017,NV_IND_MANF,Czechia,ISIC4_C,25.21
2018,NV_IND_MANF,Czechia,ISIC4_C,24.88
2019,NV_IND_MANF,Czechia,ISIC4_C,25.28
2020,NV_IND_MANF,Czechia,ISIC4_C,23.71
2021,NV_IND_MANF,Czechia,ISIC4_C,24.03
2022,NV_IND_MANF,Czechia,ISIC4_C,24.53
2000,NV_IND_MANF,Denmark,ISIC4_C,13.37
2001,NV_IND_MANF,Denmark,ISIC4_C,13.47
2002,NV_IND_MANF,Denmark,ISIC4_C,13.08
2003,NV_IND_MANF,Denmark,ISIC4_C,12.65
2004,NV_IND_MANF,Denmark,ISIC4_C,12.53
2005,NV_IND_MANF,Denmark,ISIC4_C,12.04
2006,NV_IND_MANF,Denmark,ISIC4_C,12.2
2007,NV_IND_MANF,Denmark,ISIC4_C,12.24
2008,NV_IND_MANF,Denmark,ISIC4_C,12.23
2009,NV_IND_MANF,Denmark,ISIC4_C,11.33
2010,NV_IND_MANF,Denmark,ISIC4_C,11.54
2011,NV_IND_MANF,Denmark,ISIC4_C,12.1
2012,NV_IND_MANF,Denmark,ISIC4_C,12.56
2013,NV_IND_MANF,Denmark,ISIC4_C,12.8
2021,NV_IND_MANF,Montenegro,ISIC4_C,3.98
2022,NV_IND_MANF,Montenegro,ISIC4_C,3.9
2000,NV_IND_MANF,Netherlands (Kingdom of the),ISIC4_C,11.12
2001,NV_IND_MANF,Netherlands (Kingdom of the),ISIC4_C,11.15
2002,NV_IND_MANF,Netherlands (Kingdom of the),ISIC4_C,11.06
2003,NV_IND_MANF,Netherlands (Kingdom of the),ISIC4_C,10.94
2004,NV_IND_MANF,Netherlands (Kingdom of the),ISIC4_C,11.13
2005,NV_IND_MANF,Netherlands (Kingdom of the),ISIC4_C,11.26
2006,NV_IND_MANF,Netherlands (Kingdom of the),ISIC4_C,11.15
2007,NV_IND_MANF,Netherlands (Kingdom of the),ISIC4_C,11.34
2014,NV_IND_MANF,Denmark,ISIC4_C,12.76
2015,NV_IND_MANF,Denmark,ISIC4_C,12.4
2016,NV_IND_MANF,Denmark,ISIC4_C,12.73
2017,NV_IND_MANF,Denmark,ISIC4_C,13.55
2018,NV_IND_MANF,Denmark,ISIC4_C,13.68
2019,NV_IND_MANF,Denmark,ISIC4_C,14.17
2020,NV_IND_MANF,Denmark,ISIC4_C,14.08
2021,NV_IND_MANF,Denmark,ISIC4_C,14.14
2022,NV_IND_MANF,Denmark,ISIC4_C,14.37
2000,NV_IND_MANF,Estonia,ISIC4_C,11.58
2008,NV_IND_MANF,Netherlands (Kingdom of the),ISIC4_C,11.03
2009,NV_IND_MANF,Netherlands (Kingdom of the),ISIC4_C,10.3
2010,NV_IND_MANF,Netherlands (Kingdom of the),ISIC4_C,10.6
2011,NV_IND_MANF,Netherlands (Kingdom of the),ISIC4_C,10.91
2012,NV_IND_MANF,Netherlands (Kingdom of the),ISIC4_C,10.92
2013,NV_IND_MANF,Netherlands (Kingdom of the),ISIC4_C,10.83
2014,NV_IND_MANF,Netherlands (Kingdom of the),ISIC4_C,10.94
2015,NV_IND_MANF,Netherlands (Kingdom of the),ISIC4_C,10.8
2016,NV_IND_MANF,Netherlands (Kingdom of the),ISIC4_C,10.8
2017,NV_IND_MANF,Netherlands (Kingdom of the),ISIC4_C,11.13
2018,NV_IND_MANF,Netherlands (Kingdom of the),ISIC4_C,11.31
2019,NV_IND_MANF,Netherlands (Kingdom of the),ISIC4_C,11.13
2020,NV_IND_MANF,Netherlands (Kingdom of the),ISIC4_C,11.32
2021,NV_IND_MANF,Netherlands (Kingdom of the),ISIC4_C,11.54
2022,NV_IND_MANF,Netherlands (Kingdom of the),ISIC4_C,11.59
2000,NV_IND_MANF,New Zealand,ISIC4_C,15.88
2001,NV_IND_MANF,New Zealand,ISIC4_C,15.52
2002,NV_IND_MANF,New Zealand,ISIC4_C,15.92
2003,NV_IND_MANF,New Zealand,ISIC4_C,15.66
2004,NV_IND_MANF,New Zealand,ISIC4_C,15.63
2005,NV_IND_MANF,New Zealand,ISIC4_C,15.25
2006,NV_IND_MANF,New Zealand,ISIC4_C,14.43
2007,NV_IND_MANF,New Zealand,ISIC4_C,14.05
2008,NV_IND_MANF,New Zealand,ISIC4_C,13.06
2009,NV_IND_MANF,New Zealand,ISIC4_C,12.21
2010,NV_IND_MANF,New Zealand,ISIC4_C,12.34
2011,NV_IND_MANF,New Zealand,ISIC4_C,11.97
2012,NV_IND_MANF,New Zealand,ISIC4_C,11.79
2013,NV_IND_MANF,New Zealand,ISIC4_C,11.66
2014,NV_IND_MANF,New Zealand,ISIC4_C,11.5
2015,NV_IND_MANF,New Zealand,ISIC4_C,11.28
2016,NV_IND_MANF,New Zealand,ISIC4_C,11.16
2017,NV_IND_MANF,New Zealand,ISIC4_C,10.92
2018,NV_IND_MANF,New Zealand,ISIC4_C,10.78
2019,NV_IND_MANF,New Zealand,ISIC4_C,10.47
2020,NV_IND_MANF,New Zealand,ISIC4_C,10.36
2021,NV_IND_MANF,New Zealand,ISIC4_C,10.55
2022,NV_IND_MANF,New Zealand,ISIC4_C,10.36
2000,NV_IND_MANF,Norway,ISIC4_C,7.33
2001,NV_IND_MANF,Norway,ISIC4_C,7.12
2002,NV_IND_MANF,Norway,ISIC4_C,6.97
2003,NV_IND_MANF,Norway,ISIC4_C,7.13
2004,NV_IND_MANF,Norway,ISIC4_C,7.17
2005,NV_IND_MANF,Norway,ISIC4_C,7.25
2006,NV_IND_MANF,Norway,ISIC4_C,7.25
2007,NV_IND_MANF,Norway,ISIC4_C,7.29
2008,NV_IND_MANF,Norway,ISIC4_C,7.45
2009,NV_IND_MANF,Norway,ISIC4_C,7.03
2010,NV_IND_MANF,Norway,ISIC4_C,7.1
2011,NV_IND_MANF,Norway,ISIC4_C,7.16
2001,NV_IND_MANF,Estonia,ISIC4_C,12.36
2002,NV_IND_MANF,Estonia,ISIC4_C,12.44
2003,NV_IND_MANF,Estonia,ISIC4_C,12.43
2004,NV_IND_MANF,Estonia,ISIC4_C,12.0
2005,NV_IND_MANF,Estonia,ISIC4_C,12.02
2006,NV_IND_MANF,Estonia,ISIC4_C,12.15
2007,NV_IND_MANF,Estonia,ISIC4_C,11.85
2008,NV_IND_MANF,Estonia,ISIC4_C,12.03
2009,NV_IND_MANF,Estonia,ISIC4_C,10.83
2010,NV_IND_MANF,Estonia,ISIC4_C,12.64
2011,NV_IND_MANF,Estonia,ISIC4_C,13.53
2012,NV_IND_MANF,Estonia,ISIC4_C,13.27
2013,NV_IND_MANF,Estonia,ISIC4_C,13.49
2014,NV_IND_MANF,Estonia,ISIC4_C,13.83
2015,NV_IND_MANF,Estonia,ISIC4_C,13.91
2016,NV_IND_MANF,Estonia,ISIC4_C,14.05
2017,NV_IND_MANF,Estonia,ISIC4_C,13.82
2018,NV_IND_MANF,Estonia,ISIC4_C,13.96
2019,NV_IND_MANF,Estonia,ISIC4_C,13.69
2020,NV_IND_MANF,Estonia,ISIC4_C,12.86
2021,NV_IND_MANF,Estonia,ISIC4_C,12.72
2022,NV_IND_MANF,Estonia,ISIC4_C,12.7
2000,NV_IND_MANF,Finland,ISIC4_C,16.72
2001,NV_IND_MANF,Finland,ISIC4_C,16.89
2002,NV_IND_MANF,Finland,ISIC4_C,17.15
2003,NV_IND_MANF,Finland,ISIC4_C,17.3
2004,NV_IND_MANF,Finland,ISIC4_C,17.45
2005,NV_IND_MANF,Finland,ISIC4_C,17.63
2006,NV_IND_MANF,Finland,ISIC4_C,18.88
2007,NV_IND_MANF,Finland,ISIC4_C,19.74
2008,NV_IND_MANF,Finland,ISIC4_C,19.08
2009,NV_IND_MANF,Finland,ISIC4_C,15.93
2010,NV_IND_MANF,Finland,ISIC4_C,16.61
2011,NV_IND_MANF,Finland,ISIC4_C,16.21
2012,NV_IND_MANF,Finland,ISIC4_C,14.54
2013,NV_IND_MANF,Finland,ISIC4_C,14.79
2014,NV_IND_MANF,Finland,ISIC4_C,14.71
2015,NV_IND_MANF,Finland,ISIC4_C,14.68
2016,NV_IND_MANF,Finland,ISIC4_C,14.98
2017,NV_IND_MANF,Finland,ISIC4_C,15.6
2018,NV_IND_MANF,Finland,ISIC4_C,14.76
2019,NV_IND_MANF,Finland,ISIC4_C,15.04
2020,NV_IND_MANF,Finland,ISIC4_C,15.06
2021,NV_IND_MANF,Finland,ISIC4_C,14.76
2022,NV_IND_MANF,Finland,ISIC4_C,14.95
2000,NV_IND_MANF,France,ISIC4_C,11.17
2001,NV_IND_MANF,France,ISIC4_C,11.08
2002,NV_IND_MANF,France,ISIC4_C,10.94
2003,NV_IND_MANF,France,ISIC4_C,11.09
2004,NV_IND_MANF,France,ISIC4_C,11.05
2005,NV_IND_MANF,France,ISIC4_C,11.05
2006,NV_IND_MANF,France,ISIC4_C,11.07
2007,NV_IND_MANF,France,ISIC4_C,11.02
2008,NV_IND_MANF,France,ISIC4_C,10.64
2009,NV_IND_MANF,France,ISIC4_C,10.31
2010,NV_IND_MANF,France,ISIC4_C,10.36
2011,NV_IND_MANF,France,ISIC4_C,10.54
2012,NV_IND_MANF,France,ISIC4_C,10.48
2013,NV_IND_MANF,France,ISIC4_C,10.41
2014,NV_IND_MANF,France,ISIC4_C,10.48
2015,NV_IND_MANF,France,ISIC4_C,10.43
2016,NV_IND_MANF,France,ISIC4_C,10.41
2017,NV_IND_MANF,France,ISIC4_C,10.4
2018,NV_IND_MANF,France,ISIC4_C,10.38
2019,NV_IND_MANF,France,ISIC4_C,10.41
2020,NV_IND_MANF,France,ISIC4_C,9.85
2021,NV_IND_MANF,France,ISIC4_C,9.71
2022,NV_IND_MANF,France,ISIC4_C,9.74
2000,NV_IND_MANF,Georgia,ISIC4_C,8.0
2001,NV_IND_MANF,Georgia,ISIC4_C,7.54
2002,NV_IND_MANF,Georgia,ISIC4_C,8.11
2003,NV_IND_MANF,Georgia,ISIC4_C,7.88
2004,NV_IND_MANF,Georgia,ISIC4_C,8.0
2005,NV_IND_MANF,Georgia,ISIC4_C,8.29
2006,NV_IND_MANF,Georgia,ISIC4_C,8.8
2007,NV_IND_MANF,Georgia,ISIC4_C,9.05
2008,NV_IND_MANF,Georgia,ISIC4_C,8.64
2009,NV_IND_MANF,Georgia,ISIC4_C,8.37
2010,NV_IND_MANF,Georgia,ISIC4_C,8.83
2011,NV_IND_MANF,Georgia,ISIC4_C,9.52
2012,NV_IND_MANF,Georgia,ISIC4_C,10.06
2013,NV_IND_MANF,Georgia,ISIC4_C,10.52
2014,NV_IND_MANF,Georgia,ISIC4_C,10.45
2015,NV_IND_MANF,Georgia,ISIC4_C,8.86
2016,NV_IND_MANF,Georgia,ISIC4_C,8.94
2017,NV_IND_MANF,Georgia,ISIC4_C,8.67
2018,NV_IND_MANF,Georgia,ISIC4_C,8.61
2019,NV_IND_MANF,Georgia,ISIC4_C,8.31
2020,NV_IND_MANF,Georgia,ISIC4_C,8.28
2021,NV_IND_MANF,Georgia,ISIC4_C,8.18
2022,NV_IND_MANF,Georgia,ISIC4_C,8.43
2000,NV_IND_MANF,Germany,ISIC4_C,19.03
2001,NV_IND_MANF,Germany,ISIC4_C,18.98
2002,NV_IND_MANF,Germany,ISIC4_C,18.55
2003,NV_IND_MANF,Germany,ISIC4_C,18.88
2004,NV_IND_MANF,Germany,ISIC4_C,19.34
2005,NV_IND_MANF,Germany,ISIC4_C,19.52
2006,NV_IND_MANF,Germany,ISIC4_C,20.42
2007,NV_IND_MANF,Germany,ISIC4_C,20.67
2008,NV_IND_MANF,Germany,ISIC4_C,20.05
2009,NV_IND_MANF,Germany,ISIC4_C,17.15
2010,NV_IND_MANF,Germany,ISIC4_C,19.61
2011,NV_IND_MANF,Germany,ISIC4_C,20.44
2012,NV_IND_MANF,Germany,ISIC4_C,19.99
2013,NV_IND_MANF,Germany,ISIC4_C,19.89
2014,NV_IND_MANF,Germany,ISIC4_C,20.43
2015,NV_IND_MANF,Germany,ISIC4_C,20.35
2016,NV_IND_MANF,Germany,ISIC4_C,20.68
2017,NV_IND_MANF,Germany,ISIC4_C,20.87
2018,NV_IND_MANF,Germany,ISIC4_C,20.85
2019,NV_IND_MANF,Germany,ISIC4_C,20.38
2020,NV_IND_MANF,Germany,ISIC4_C,19.45
2021,NV_IND_MANF,Germany,ISIC4_C,19.91
2022,NV_IND_MANF,Germany,ISIC4_C,19.98
2000,NV_IND_MANF,Greece,ISIC4_C,11.21
2001,NV_IND_MANF,Greece,ISIC4_C,11.82
2002,NV_IND_MANF,Greece,ISIC4_C,11.98
2003,NV_IND_MANF,Greece,ISIC4_C,11.57
2004,NV_IND_MANF,Greece,ISIC4_C,10.74
2005,NV_IND_MANF,Greece,ISIC4_C,10.77
2006,NV_IND_MANF,Greece,ISIC4_C,10.17
2007,NV_IND_MANF,Greece,ISIC4_C,10.32
2008,NV_IND_MANF,Greece,ISIC4_C,9.72
2009,NV_IND_MANF,Greece,ISIC4_C,9.71
2010,NV_IND_MANF,Greece,ISIC4_C,8.9
2011,NV_IND_MANF,Greece,ISIC4_C,8.65
2012,NV_IND_MANF,Greece,ISIC4_C,8.52
2013,NV_IND_MANF,Greece,ISIC4_C,7.98
2014,NV_IND_MANF,Greece,ISIC4_C,8.13
2015,NV_IND_MANF,Greece,ISIC4_C,8.29
2016,NV_IND_MANF,Greece,ISIC4_C,8.0
2017,NV_IND_MANF,Greece,ISIC4_C,8.27
2018,NV_IND_MANF,Greece,ISIC4_C,8.6
2019,NV_IND_MANF,Greece,ISIC4_C,8.58
2020,NV_IND_MANF,Greece,ISIC4_C,10.14
2021,NV_IND_MANF,Greece,ISIC4_C,10.48
2022,NV_IND_MANF,Greece,ISIC4_C,10.4
2000,NV_IND_MANF,Hungary,ISIC4_C,18.29
2001,NV_IND_MANF,Hungary,ISIC4_C,18.38
2002,NV_IND_MANF,Hungary,ISIC4_C,18.82
2003,NV_IND_MANF,Hungary,ISIC4_C,19.6
2004,NV_IND_MANF,Hungary,ISIC4_C,19.79
2005,NV_IND_MANF,Hungary,ISIC4_C,19.98
2006,NV_IND_MANF,Hungary,ISIC4_C,20.52
2007,NV_IND_MANF,Hungary,ISIC4_C,21.73
2008,NV_IND_MANF,Hungary,ISIC4_C,20.78
2009,NV_IND_MANF,Hungary,ISIC4_C,18.3
2010,NV_IND_MANF,Hungary,ISIC4_C,19.78
2011,NV_IND_MANF,Hungary,ISIC4_C,19.53
2012,NV_IND_MANF,Hungary,ISIC4_C,19.53
2012,NV_IND_MANF,Norway,ISIC4_C,7.11
2013,NV_IND_MANF,Norway,ISIC4_C,7.28
2014,NV_IND_MANF,Norway,ISIC4_C,7.35
2015,NV_IND_MANF,Norway,ISIC4_C,6.87
2016,NV_IND_MANF,Norway,ISIC4_C,6.51
2017,NV_IND_MANF,Norway,ISIC4_C,6.38
2018,NV_IND_MANF,Norway,ISIC4_C,6.43
2019,NV_IND_MANF,Norway,ISIC4_C,6.49
2020,NV_IND_MANF,Norway,ISIC4_C,6.38
2021,NV_IND_MANF,Norway,ISIC4_C,6.33
2022,NV_IND_MANF,Norway,ISIC4_C,6.25
2000,NV_IND_MANF,Poland,ISIC4_C,10.6
2001,NV_IND_MANF,Poland,ISIC4_C,10.34
2002,NV_IND_MANF,Poland,ISIC4_C,10.39
2003,NV_IND_MANF,Poland,ISIC4_C,11.24
2004,NV_IND_MANF,Poland,ISIC4_C,12.1
2005,NV_IND_MANF,Poland,ISIC4_C,12.24
2006,NV_IND_MANF,Poland,ISIC4_C,13.44
2007,NV_IND_MANF,Poland,ISIC4_C,14.32
2008,NV_IND_MANF,Poland,ISIC4_C,14.89
2009,NV_IND_MANF,Poland,ISIC4_C,14.74
2010,NV_IND_MANF,Poland,ISIC4_C,16.32
2011,NV_IND_MANF,Poland,ISIC4_C,16.4
2012,NV_IND_MANF,Poland,ISIC4_C,16.58
2013,NV_IND_MANF,Poland,ISIC4_C,15.87
2014,NV_IND_MANF,Poland,ISIC4_C,17.06
2015,NV_IND_MANF,Poland,ISIC4_C,17.5
2016,NV_IND_MANF,Poland,ISIC4_C,17.9
2017,NV_IND_MANF,Poland,ISIC4_C,17.34
2018,NV_IND_MANF,Poland,ISIC4_C,17.31
2019,NV_IND_MANF,Poland,ISIC4_C,16.99
2020,NV_IND_MANF,Poland,ISIC4_C,16.98
2021,NV_IND_MANF,Poland,ISIC4_C,16.2
2022,NV_IND_MANF,Poland,ISIC4_C,16.56
2000,NV_IND_MANF,Portugal,ISIC4_C,12.66
2001,NV_IND_MANF,Portugal,ISIC4_C,12.61
2002,NV_IND_MANF,Portugal,ISIC4_C,12.44
2003,NV_IND_MANF,Portugal,ISIC4_C,12.42
2004,NV_IND_MANF,Portugal,ISIC4_C,12.28
2005,NV_IND_MANF,Portugal,ISIC4_C,12.04
2006,NV_IND_MANF,Portugal,ISIC4_C,11.98
2007,NV_IND_MANF,Portugal,ISIC4_C,11.94
2008,NV_IND_MANF,Portugal,ISIC4_C,11.62
2009,NV_IND_MANF,Portugal,ISIC4_C,10.7
2010,NV_IND_MANF,Portugal,ISIC4_C,11.26
2011,NV_IND_MANF,Portugal,ISIC4_C,11.52
2012,NV_IND_MANF,Portugal,ISIC4_C,11.59
2013,NV_IND_MANF,Portugal,ISIC4_C,11.79
2014,NV_IND_MANF,Portugal,ISIC4_C,12.02
2015,NV_IND_MANF,Portugal,ISIC4_C,12.14
2016,NV_IND_MANF,Portugal,ISIC4_C,12.15
2017,NV_IND_MANF,Portugal,ISIC4_C,12.44
2018,NV_IND_MANF,Portugal,ISIC4_C,12.53
2019,NV_IND_MANF,Portugal,ISIC4_C,12.27
2020,NV_IND_MANF,Portugal,ISIC4_C,12.41
2021,NV_IND_MANF,Portugal,ISIC4_C,12.56
2022,NV_IND_MANF,Portugal,ISIC4_C,12.54
2000,NV_IND_MANF,Romania,ISIC4_C,18.94
2001,NV_IND_MANF,Romania,ISIC4_C,20.01
2002,NV_IND_MANF,Romania,ISIC4_C,20.07
2003,NV_IND_MANF,Romania,ISIC4_C,20.72
2004,NV_IND_MANF,Romania,ISIC4_C,20.47
2005,NV_IND_MANF,Romania,ISIC4_C,20.27
2006,NV_IND_MANF,Romania,ISIC4_C,20.31
2007,NV_IND_MANF,Romania,ISIC4_C,18.85
2008,NV_IND_MANF,Romania,ISIC4_C,20.02
2009,NV_IND_MANF,Romania,ISIC4_C,19.94
2010,NV_IND_MANF,Romania,ISIC4_C,20.96
2011,NV_IND_MANF,Romania,ISIC4_C,22.2
2012,NV_IND_MANF,Romania,ISIC4_C,18.9
2013,NV_IND_MANF,Romania,ISIC4_C,18.75
2014,NV_IND_MANF,Romania,ISIC4_C,19.86
2015,NV_IND_MANF,Romania,ISIC4_C,20.21
2016,NV_IND_MANF,Romania,ISIC4_C,19.89
2017,NV_IND_MANF,Romania,ISIC4_C,19.92
2018,NV_IND_MANF,Romania,ISIC4_C,20.0
2019,NV_IND_MANF,Romania,ISIC4_C,18.96
2020,NV_IND_MANF,Romania,ISIC4_C,18.09
2021,NV_IND_MANF,Romania,ISIC4_C,18.32
2022,NV_IND_MANF,Romania,ISIC4_C,18.41
2000,NV_IND_MANF,Serbia,ISIC4_C,18.45
2001,NV_IND_MANF,Serbia,ISIC4_C,18.08
2002,NV_IND_MANF,Serbia,ISIC4_C,18.47
2003,NV_IND_MANF,Serbia,ISIC4_C,18.0
2004,NV_IND_MANF,Serbia,ISIC4_C,17.86
2005,NV_IND_MANF,Serbia,ISIC4_C,17.32
2006,NV_IND_MANF,Serbia,ISIC4_C,16.52
2007,NV_IND_MANF,Serbia,ISIC4_C,16.44
2008,NV_IND_MANF,Serbia,ISIC4_C,16.1
2009,NV_IND_MANF,Serbia,ISIC4_C,14.46
2010,NV_IND_MANF,Serbia,ISIC4_C,14.46
2011,NV_IND_MANF,Serbia,ISIC4_C,14.38
2012,NV_IND_MANF,Serbia,ISIC4_C,14.83
2013,NV_IND_MANF,Serbia,ISIC4_C,15.33
2014,NV_IND_MANF,Serbia,ISIC4_C,14.58
2015,NV_IND_MANF,Serbia,ISIC4_C,14.77
2016,NV_IND_MANF,Serbia,ISIC4_C,14.72
2017,NV_IND_MANF,Serbia,ISIC4_C,15.06
2018,NV_IND_MANF,Serbia,ISIC4_C,14.63
2019,NV_IND_MANF,Serbia,ISIC4_C,14.03
2013,NV_IND_MANF,Hungary,ISIC4_C,18.77
2014,NV_IND_MANF,Hungary,ISIC4_C,19.29
2015,NV_IND_MANF,Hungary,ISIC4_C,20.22
2016,NV_IND_MANF,Hungary,ISIC4_C,19.84
2017,NV_IND_MANF,Hungary,ISIC4_C,19.65
2018,NV_IND_MANF,Hungary,ISIC4_C,19.16
2019,NV_IND_MANF,Hungary,ISIC4_C,18.59
2020,NV_IND_MANF,Hungary,ISIC4_C,17.94
2021,NV_IND_MANF,Hungary,ISIC4_C,18.24
2022,NV_IND_MANF,Hungary,ISIC4_C,18.68
2000,NV_IND_MANF,Iceland,ISIC4_C,10.22
2001,NV_IND_MANF,Iceland,ISIC4_C,10.42
2002,NV_IND_MANF,Iceland,ISIC4_C,10.13
2003,NV_IND_MANF,Iceland,ISIC4_C,10.01
2004,NV_IND_MANF,Iceland,ISIC4_C,9.82
2005,NV_IND_MANF,Iceland,ISIC4_C,8.87
2006,NV_IND_MANF,Iceland,ISIC4_C,8.61
2007,NV_IND_MANF,Iceland,ISIC4_C,8.26
2008,NV_IND_MANF,Iceland,ISIC4_C,8.7
2009,NV_IND_MANF,Iceland,ISIC4_C,9.12
2020,NV_IND_MANF,Serbia,ISIC4_C,14.19
2021,NV_IND_MANF,Serbia,ISIC4_C,13.91
2022,NV_IND_MANF,Serbia,ISIC4_C,13.84
2000,NV_IND_MANF,Slovakia,ISIC4_C,9.63
2001,NV_IND_MANF,Slovakia,ISIC4_C,10.88
2002,NV_IND_MANF,Slovakia,ISIC4_C,10.74
2003,NV_IND_MANF,Slovakia,ISIC4_C,11.92
2004,NV_IND_MANF,Slovakia,ISIC4_C,13.66
2005,NV_IND_MANF,Slovakia,ISIC4_C,14.5
2006,NV_IND_MANF,Slovakia,ISIC4_C,15.01
2007,NV_IND_MANF,Slovakia,ISIC4_C,14.93
2008,NV_IND_MANF,Slovakia,ISIC4_C,14.59
2009,NV_IND_MANF,Slovakia,ISIC4_C,13.14
2010,NV_IND_MANF,Slovakia,ISIC4_C,15.79
2011,NV_IND_MANF,Slovakia,ISIC4_C,16.02
2012,NV_IND_MANF,Slovakia,ISIC4_C,15.87
2013,NV_IND_MANF,Slovakia,ISIC4_C,15.63
2014,NV_IND_MANF,Slovakia,ISIC4_C,18.29
2015,NV_IND_MANF,Slovakia,ISIC4_C,19.59
2016,NV_IND_MANF,Slovakia,ISIC4_C,19.02
2010,NV_IND_MANF,Iceland,ISIC4_C,9.6
2011,NV_IND_MANF,Iceland,ISIC4_C,10.17
2012,NV_IND_MANF,Iceland,ISIC4_C,10.39
2013,NV_IND_MANF,Iceland,ISIC4_C,10.57
2014,NV_IND_MANF,Iceland,ISIC4_C,10.64
2015,NV_IND_MANF,Iceland,ISIC4_C,10.7
2016,NV_IND_MANF,Iceland,ISIC4_C,9.94
2017,NV_IND_MANF,Iceland,ISIC4_C,9.66
2018,NV_IND_MANF,Iceland,ISIC4_C,9.64
2019,NV_IND_MANF,Iceland,ISIC4_C,9.08
2020,NV_IND_MANF,Iceland,ISIC4_C,9.27
2021,NV_IND_MANF,Iceland,ISIC4_C,9.24
2022,NV_IND_MANF,Iceland,ISIC4_C,9.03
2000,NV_IND_MANF,India,ISIC4_C,13.47
2001,NV_IND_MANF,India,ISIC4_C,13.3
2002,NV_IND_MANF,India,ISIC4_C,13.38
2003,NV_IND_MANF,India,ISIC4_C,13.25
2004,NV_IND_MANF,India,ISIC4_C,13.47
2005,NV_IND_MANF,India,ISIC4_C,13.65
2006,NV_IND_MANF,India,ISIC4_C,14.88
2007,NV_IND_MANF,India,ISIC4_C,14.78
2008,NV_IND_MANF,India,ISIC4_C,15.01
2009,NV_IND_MANF,India,ISIC4_C,15.44
2010,NV_IND_MANF,India,ISIC4_C,15.33
2011,NV_IND_MANF,India,ISIC4_C,15.02
2012,NV_IND_MANF,India,ISIC4_C,15.02
2013,NV_IND_MANF,India,ISIC4_C,14.82
2014,NV_IND_MANF,India,ISIC4_C,14.89
2015,NV_IND_MANF,India,ISIC4_C,15.58
2016,NV_IND_MANF,India,ISIC4_C,15.54
2017,NV_IND_MANF,India,ISIC4_C,15.64
2018,NV_IND_MANF,India,ISIC4_C,15.49
2019,NV_IND_MANF,India,ISIC4_C,14.5
2020,NV_IND_MANF,India,ISIC4_C,15.43
2021,NV_IND_MANF,India,ISIC4_C,15.6
2022,NV_IND_MANF,India,ISIC4_C,15.67
2000,NV_IND_MANF,Ireland,ISIC4_C,26.74
2001,NV_IND_MANF,Ireland,ISIC4_C,26.72
2002,NV_IND_MANF,Ireland,ISIC4_C,28.17
2003,NV_IND_MANF,Ireland,ISIC4_C,27.13
2004,NV_IND_MANF,Ireland,ISIC4_C,25.25
2005,NV_IND_MANF,Ireland,ISIC4_C,25.24
2006,NV_IND_MANF,Ireland,ISIC4_C,24.55
2007,NV_IND_MANF,Ireland,ISIC4_C,24.69
2008,NV_IND_MANF,Ireland,ISIC4_C,23.37
2009,NV_IND_MANF,Ireland,ISIC4_C,23.38
2010,NV_IND_MANF,Ireland,ISIC4_C,24.01
2011,NV_IND_MANF,Ireland,ISIC4_C,24.7
2012,NV_IND_MANF,Ireland,ISIC4_C,24.19
2013,NV_IND_MANF,Ireland,ISIC4_C,22.8
2014,NV_IND_MANF,Ireland,ISIC4_C,23.23
2015,NV_IND_MANF,Ireland,ISIC4_C,34.65
2016,NV_IND_MANF,Ireland,ISIC4_C,33.32
2017,NV_IND_MANF,Ireland,ISIC4_C,31.7
2018,NV_IND_MANF,Ireland,ISIC4_C,32.53
2019,NV_IND_MANF,Ireland,ISIC4_C,31.44
2020,NV_IND_MANF,Ireland,ISIC4_C,36.5
2021,NV_IND_MANF,Ireland,ISIC4_C,39.4
2022,NV_IND_MANF,Ireland,ISIC4_C,41.88
2000,NV_IND_MANF,Israel,ISIC4_C,19.31
2001,NV_IND_MANF,Israel,ISIC4_C,17.79
2002,NV_IND_MANF,Israel,ISIC4_C,16.85
2003,NV_IND_MANF,Israel,ISIC4_C,16.95
2004,NV_IND_MANF,Israel,ISIC4_C,16.48
2005,NV_IND_MANF,Israel,ISIC4_C,17.34
2006,NV_IND_MANF,Israel,ISIC4_C,16.94
2007,NV_IND_MANF,Israel,ISIC4_C,16.73
2008,NV_IND_MANF,Israel,ISIC4_C,15.49
2009,NV_IND_MANF,Israel,ISIC4_C,14.35
2010,NV_IND_MANF,Israel,ISIC4_C,15.62
2011,NV_IND_MANF,Israel,ISIC4_C,14.82
2012,NV_IND_MANF,Israel,ISIC4_C,14.53
2013,NV_IND_MANF,Israel,ISIC4_C,13.6
2014,NV_IND_MANF,Israel,ISIC4_C,13.23
2015,NV_IND_MANF,Israel,ISIC4_C,12.7
2016,NV_IND_MANF,Israel,ISIC4_C,11.65
2017,NV_IND_MANF,Israel,ISIC4_C,11.7
2018,NV_IND_MANF,Israel,ISIC4_C,12.24
2019,NV_IND_MANF,Israel,ISIC4_C,11.93
2020,NV_IND_MANF,Israel,ISIC4_C,12.29
2021,NV_IND_MANF,Israel,ISIC4_C,11.9
2022,NV_IND_MANF,Israel,ISIC4_C,11.78
2000,NV_IND_MANF,Italy,ISIC4_C,15.63
2001,NV_IND_MANF,Italy,ISIC4_C,15.28
2002,NV_IND_MANF,Italy,ISIC4_C,15.23
2003,NV_IND_MANF,Italy,ISIC4_C,14.9
2004,NV_IND_MANF,Italy,ISIC4_C,14.94
2005,NV_IND_MANF,Italy,ISIC4_C,14.92
2006,NV_IND_MANF,Italy,ISIC4_C,15.31
2007,NV_IND_MANF,Italy,ISIC4_C,15.55
2008,NV_IND_MANF,Italy,ISIC4_C,15.19
2009,NV_IND_MANF,Italy,ISIC4_C,13.08
2010,NV_IND_MANF,Italy,ISIC4_C,14.07
2011,NV_IND_MANF,Italy,ISIC4_C,14.19
2012,NV_IND_MANF,Italy,ISIC4_C,14.04
2013,NV_IND_MANF,Italy,ISIC4_C,14.12
2014,NV_IND_MANF,Italy,ISIC4_C,14.15
2015,NV_IND_MANF,Italy,ISIC4_C,14.4
2016,NV_IND_MANF,Italy,ISIC4_C,14.63
2017,NV_IND_MANF,Italy,ISIC4_C,14.89
2018,NV_IND_MANF,Italy,ISIC4_C,15.01
2019,NV_IND_MANF,Italy,ISIC4_C,14.87
2020,NV_IND_MANF,Italy,ISIC4_C,14.16
2021,NV_IND_MANF,Italy,ISIC4_C,14.97
2022,NV_IND_MANF,Italy,ISIC4_C,15.24
2000,NV_IND_MANF,Japan,ISIC4_C,19.61
2001,NV_IND_MANF,Japan,ISIC4_C,18.52
2002,NV_IND_MANF,Japan,ISIC4_C,18.26
2003,NV_IND_MANF,Japan,ISIC4_C,18.77
2004,NV_IND_MANF,Japan,ISIC4_C,19.36
2017,NV_IND_MANF,Slovakia,ISIC4_C,18.69
2018,NV_IND_MANF,Slovakia,ISIC4_C,20.14
2019,NV_IND_MANF,Slovakia,ISIC4_C,21.14
2020,NV_IND_MANF,Slovakia,ISIC4_C,18.57
2021,NV_IND_MANF,Slovakia,ISIC4_C,19.41
2022,NV_IND_MANF,Slovakia,ISIC4_C,19.85
2000,NV_IND_MANF,Viet Nam,ISIC4_C,14.01
2001,NV_IND_MANF,Viet Nam,ISIC4_C,14.59
2002,NV_IND_MANF,Viet Nam,ISIC4_C,15.21
2003,NV_IND_MANF,Viet Nam,ISIC4_C,15.8
2004,NV_IND_MANF,Viet Nam,ISIC4_C,16.29
2005,NV_IND_MANF,Viet Nam,ISIC4_C,17.1
2006,NV_IND_MANF,Viet Nam,ISIC4_C,19.15
2007,NV_IND_MANF,Viet Nam,ISIC4_C,21.16
2008,NV_IND_MANF,Viet Nam,ISIC4_C,23.16
2009,NV_IND_MANF,Viet Nam,ISIC4_C,23.69
2010,NV_IND_MANF,Viet Nam,ISIC4_C,18.71
2011,NV_IND_MANF,Viet Nam,ISIC4_C,19.8
2012,NV_IND_MANF,Viet Nam,ISIC4_C,20.34
2013,NV_IND_MANF,Viet Nam,ISIC4_C,20.52
2014,NV_IND_MANF,Viet Nam,ISIC4_C,20.54
2015,NV_IND_MANF,Viet Nam,ISIC4_C,20.96
2016,NV_IND_MANF,Viet Nam,ISIC4_C,21.83
2017,NV_IND_MANF,Viet Nam,ISIC4_C,22.89
2018,NV_IND_MANF,Viet Nam,ISIC4_C,23.75
2019,NV_IND_MANF,Viet Nam,ISIC4_C,24.24
2020,NV_IND_MANF,Viet Nam,ISIC4_C,24.74
2021,NV_IND_MANF,Viet Nam,ISIC4_C,25.59
2022,NV_IND_MANF,Viet Nam,ISIC4_C,26.57
2000,NV_IND_MANF,Slovenia,ISIC4_C,18.33
2001,NV_IND_MANF,Slovenia,ISIC4_C,18.68
2002,NV_IND_MANF,Slovenia,ISIC4_C,19.02
2003,NV_IND_MANF,Slovenia,ISIC4_C,19.53
2004,NV_IND_MANF,Slovenia,ISIC4_C,19.8
2005,NV_IND_MANF,Slovenia,ISIC4_C,19.77
2006,NV_IND_MANF,Slovenia,ISIC4_C,20.0
2007,NV_IND_MANF,Slovenia,ISIC4_C,20.34
2008,NV_IND_MANF,Slovenia,ISIC4_C,19.87
2009,NV_IND_MANF,Slovenia,ISIC4_C,18.14
2010,NV_IND_MANF,Slovenia,ISIC4_C,19.03
2011,NV_IND_MANF,Slovenia,ISIC4_C,19.48
2012,NV_IND_MANF,Slovenia,ISIC4_C,19.43
2013,NV_IND_MANF,Slovenia,ISIC4_C,19.49
2014,NV_IND_MANF,Slovenia,ISIC4_C,19.82
2015,NV_IND_MANF,Slovenia,ISIC4_C,19.94
2016,NV_IND_MANF,Slovenia,ISIC4_C,20.4
2017,NV_IND_MANF,Slovenia,ISIC4_C,20.97
2018,NV_IND_MANF,Slovenia,ISIC4_C,20.73
2019,NV_IND_MANF,Slovenia,ISIC4_C,21.68
2020,NV_IND_MANF,Slovenia,ISIC4_C,21.96
2021,NV_IND_MANF,Slovenia,ISIC4_C,22.61
2022,NV_IND_MANF,Slovenia,ISIC4_C,23.01
2000,NV_IND_MANF,Spain,ISIC4_C,14.94
2001,NV_IND_MANF,Spain,ISIC4_C,14.87
2002,NV_IND_MANF,Spain,ISIC4_C,14.49
2003,NV_IND_MANF,Spain,ISIC4_C,14.28
2004,NV_IND_MANF,Spain,ISIC4_C,13.91
2005,NV_IND_MANF,Spain,ISIC4_C,13.6
2006,NV_IND_MANF,Spain,ISIC4_C,13.37
2007,NV_IND_MANF,Spain,ISIC4_C,13.04
2008,NV_IND_MANF,Spain,ISIC4_C,12.59
2009,NV_IND_MANF,Spain,ISIC4_C,11.59
2010,NV_IND_MANF,Spain,ISIC4_C,11.53
2011,NV_IND_MANF,Spain,ISIC4_C,11.44
2012,NV_IND_MANF,Spain,ISIC4_C,11.09
2013,NV_IND_MANF,Spain,ISIC4_C,11.14
2014,NV_IND_MANF,Spain,ISIC4_C,11.21
2015,NV_IND_MANF,Spain,ISIC4_C,11.29
2016,NV_IND_MANF,Spain,ISIC4_C,11.21
2017,NV_IND_MANF,Spain,ISIC4_C,11.51
2005,NV_IND_MANF,Japan,ISIC4_C,19.95
2006,NV_IND_MANF,Japan,ISIC4_C,20.43
2007,NV_IND_MANF,Japan,ISIC4_C,21.18
2008,NV_IND_MANF,Japan,ISIC4_C,21.38
2009,NV_IND_MANF,Japan,ISIC4_C,18.61
2010,NV_IND_MANF,Japan,ISIC4_C,20.81
2011,NV_IND_MANF,Japan,ISIC4_C,20.18
2012,NV_IND_MANF,Japan,ISIC4_C,20.33
2013,NV_IND_MANF,Japan,ISIC4_C,19.81
2014,NV_IND_MANF,Japan,ISIC4_C,20.21
2015,NV_IND_MANF,Japan,ISIC4_C,20.46
2016,NV_IND_MANF,Japan,ISIC4_C,20.33
2017,NV_IND_MANF,Japan,ISIC4_C,20.82
2018,NV_IND_MANF,Japan,ISIC4_C,21.39
2019,NV_IND_MANF,Japan,ISIC4_C,20.93
2020,NV_IND_MANF,Japan,ISIC4_C,20.47
2021,NV_IND_MANF,Japan,ISIC4_C,20.06
2022,NV_IND_MANF,Japan,ISIC4_C,20.14
2000,NV_IND_MANF,Kazakhstan,ISIC4_C,12.95
2001,NV_IND_MANF,Kazakhstan,ISIC4_C,12.97
2002,NV_IND_MANF,Kazakhstan,ISIC4_C,12.72
2003,NV_IND_MANF,Kazakhstan,ISIC4_C,12.55
2004,NV_IND_MANF,Kazakhstan,ISIC4_C,12.61
2005,NV_IND_MANF,Kazakhstan,ISIC4_C,12.31
2006,NV_IND_MANF,Kazakhstan,ISIC4_C,12.0
2007,NV_IND_MANF,Kazakhstan,ISIC4_C,11.85
2008,NV_IND_MANF,Kazakhstan,ISIC4_C,11.13
2009,NV_IND_MANF,Kazakhstan,ISIC4_C,10.69
2010,NV_IND_MANF,Kazakhstan,ISIC4_C,11.33
2011,NV_IND_MANF,Kazakhstan,ISIC4_C,11.13
2018,NV_IND_MANF,Spain,ISIC4_C,11.12
2019,NV_IND_MANF,Spain,ISIC4_C,10.95
2020,NV_IND_MANF,Spain,ISIC4_C,10.45
2021,NV_IND_MANF,Spain,ISIC4_C,10.79
2022,NV_IND_MANF,Spain,ISIC4_C,10.8
2000,NV_IND_MANF,Sweden,ISIC4_C,16.3
2001,NV_IND_MANF,Sweden,ISIC4_C,15.93
2002,NV_IND_MANF,Sweden,ISIC4_C,16.31
2003,NV_IND_MANF,Sweden,ISIC4_C,16.49
2004,NV_IND_MANF,Sweden,ISIC4_C,16.7
2012,NV_IND_MANF,Kazakhstan,ISIC4_C,10.95
2013,NV_IND_MANF,Kazakhstan,ISIC4_C,10.64
2014,NV_IND_MANF,Kazakhstan,ISIC4_C,10.37
2015,NV_IND_MANF,Kazakhstan,ISIC4_C,10.28
2016,NV_IND_MANF,Kazakhstan,ISIC4_C,10.35
2017,NV_IND_MANF,Kazakhstan,ISIC4_C,10.32
2018,NV_IND_MANF,Kazakhstan,ISIC4_C,10.36
2019,NV_IND_MANF,Kazakhstan,ISIC4_C,10.49
2020,NV_IND_MANF,Kazakhstan,ISIC4_C,11.18
2021,NV_IND_MANF,Kazakhstan,ISIC4_C,11.35
2022,NV_IND_MANF,Kazakhstan,ISIC4_C,11.34
2000,NV_IND_MANF,Republic of Korea,ISIC4_C,22.96
2001,NV_IND_MANF,Republic of Korea,ISIC4_C,22.52
2002,NV_IND_MANF,Republic of Korea,ISIC4_C,22.89
2003,NV_IND_MANF,Republic of Korea,ISIC4_C,23.31
2004,NV_IND_MANF,Republic of Korea,ISIC4_C,24.44
2005,NV_IND_MANF,Republic of Korea,ISIC4_C,24.68
2006,NV_IND_MANF,Republic of Korea,ISIC4_C,25.29
2007,NV_IND_MANF,Republic of Korea,ISIC4_C,25.86
2008,NV_IND_MANF,Republic of Korea,ISIC4_C,25.99
2009,NV_IND_MANF,Republic of Korea,ISIC4_C,25.19
2010,NV_IND_MANF,Republic of Korea,ISIC4_C,26.79
2011,NV_IND_MANF,Republic of Korea,ISIC4_C,27.2
2012,NV_IND_MANF,Republic of Korea,ISIC4_C,26.93
2013,NV_IND_MANF,Republic of Korea,ISIC4_C,26.91
2014,NV_IND_MANF,Republic of Korea,ISIC4_C,26.9
2015,NV_IND_MANF,Republic of Korea,ISIC4_C,26.61
2016,NV_IND_MANF,Republic of Korea,ISIC4_C,26.44
2017,NV_IND_MANF,Republic of Korea,ISIC4_C,26.58
2018,NV_IND_MANF,Republic of Korea,ISIC4_C,26.68
2019,NV_IND_MANF,Republic of Korea,ISIC4_C,26.39
2020,NV_IND_MANF,Republic of Korea,ISIC4_C,26.29
2021,NV_IND_MANF,Republic of Korea,ISIC4_C,26.99
2022,NV_IND_MANF,Republic of Korea,ISIC4_C,27.01
2000,NV_IND_MANF,Kyrgyzstan,ISIC4_C,23.87
2001,NV_IND_MANF,Kyrgyzstan,ISIC4_C,24.72
2002,NV_IND_MANF,Kyrgyzstan,ISIC4_C,22.03
2003,NV_IND_MANF,Kyrgyzstan,ISIC4_C,24.26
2004,NV_IND_MANF,Kyrgyzstan,ISIC4_C,23.17
2005,NV_IND_MANF,Kyrgyzstan,ISIC4_C,19.3
2006,NV_IND_MANF,Kyrgyzstan,ISIC4_C,16.07
2007,NV_IND_MANF,Kyrgyzstan,ISIC4_C,15.75
2008,NV_IND_MANF,Kyrgyzstan,ISIC4_C,17.61
2009,NV_IND_MANF,Kyrgyzstan,ISIC4_C,15.52
2010,NV_IND_MANF,Kyrgyzstan,ISIC4_C,17.36
2011,NV_IND_MANF,Kyrgyzstan,ISIC4_C,17.29
2012,NV_IND_MANF,Kyrgyzstan,ISIC4_C,12.53
2013,NV_IND_MANF,Kyrgyzstan,ISIC4_C,16.67
2014,NV_IND_MANF,Kyrgyzstan,ISIC4_C,15.57
2015,NV_IND_MANF,Kyrgyzstan,ISIC4_C,14.05
2016,NV_IND_MANF,Kyrgyzstan,ISIC4_C,14.25
2017,NV_IND_MANF,Kyrgyzstan,ISIC4_C,14.52
2018,NV_IND_MANF,Kyrgyzstan,ISIC4_C,14.7
2019,NV_IND_MANF,Kyrgyzstan,ISIC4_C,15.16
2020,NV_IND_MANF,Kyrgyzstan,ISIC4_C,15.38
2021,NV_IND_MANF,Kyrgyzstan,ISIC4_C,15.43
2022,NV_IND_MANF,Kyrgyzstan,ISIC4_C,15.63
2000,NV_IND_MANF,Latvia,ISIC4_C,13.52
2001,NV_IND_MANF,Latvia,ISIC4_C,13.63
2002,NV_IND_MANF,Latvia,ISIC4_C,14.18
2005,NV_IND_MANF,Sweden,ISIC4_C,16.7
2006,NV_IND_MANF,Sweden,ISIC4_C,17.14
2007,NV_IND_MANF,Sweden,ISIC4_C,17.25
2008,NV_IND_MANF,Sweden,ISIC4_C,16.61
2009,NV_IND_MANF,Sweden,ISIC4_C,13.33
2010,NV_IND_MANF,Sweden,ISIC4_C,15.3
2011,NV_IND_MANF,Sweden,ISIC4_C,15.69
2012,NV_IND_MANF,Sweden,ISIC4_C,14.66
2013,NV_IND_MANF,Sweden,ISIC4_C,13.98
2014,NV_IND_MANF,Sweden,ISIC4_C,13.47
2003,NV_IND_MANF,Latvia,ISIC4_C,13.5
2004,NV_IND_MANF,Latvia,ISIC4_C,13.26
2005,NV_IND_MANF,Latvia,ISIC4_C,12.6
2006,NV_IND_MANF,Latvia,ISIC4_C,12.08
2007,NV_IND_MANF,Latvia,ISIC4_C,10.91
2008,NV_IND_MANF,Latvia,ISIC4_C,10.46
2009,NV_IND_MANF,Latvia,ISIC4_C,9.52
2010,NV_IND_MANF,Latvia,ISIC4_C,11.36
2011,NV_IND_MANF,Latvia,ISIC4_C,11.31
2012,NV_IND_MANF,Latvia,ISIC4_C,11.09
2015,NV_IND_MANF,Sweden,ISIC4_C,13.61
2016,NV_IND_MANF,Sweden,ISIC4_C,13.39
2017,NV_IND_MANF,Sweden,ISIC4_C,13.55
2018,NV_IND_MANF,Sweden,ISIC4_C,13.6
2019,NV_IND_MANF,Sweden,ISIC4_C,13.09
2020,NV_IND_MANF,Sweden,ISIC4_C,12.64
2021,NV_IND_MANF,Sweden,ISIC4_C,13.12
2022,NV_IND_MANF,Sweden,ISIC4_C,13.26
2000,NV_IND_MANF,Switzerland,ISIC4_C,16.57
2001,NV_IND_MANF,Switzerland,ISIC4_C,17.24
2013,NV_IND_MANF,Latvia,ISIC4_C,10.78
2014,NV_IND_MANF,Latvia,ISIC4_C,10.41
2015,NV_IND_MANF,Latvia,ISIC4_C,10.47
2016,NV_IND_MANF,Latvia,ISIC4_C,10.4
2017,NV_IND_MANF,Latvia,ISIC4_C,10.75
2018,NV_IND_MANF,Latvia,ISIC4_C,11.12
2019,NV_IND_MANF,Latvia,ISIC4_C,11.24
2020,NV_IND_MANF,Latvia,ISIC4_C,11.78
2021,NV_IND_MANF,Latvia,ISIC4_C,12.16
2022,NV_IND_MANF,Latvia,ISIC4_C,11.99
2002,NV_IND_MANF,Switzerland,ISIC4_C,17.63
2003,NV_IND_MANF,Switzerland,ISIC4_C,17.58
2004,NV_IND_MANF,Switzerland,ISIC4_C,17.38
2005,NV_IND_MANF,Switzerland,ISIC4_C,17.7
2006,NV_IND_MANF,Switzerland,ISIC4_C,18.13
2007,NV_IND_MANF,Switzerland,ISIC4_C,18.34
2008,NV_IND_MANF,Switzerland,ISIC4_C,18.42
2009,NV_IND_MANF,Switzerland,ISIC4_C,16.5
2010,NV_IND_MANF,Switzerland,ISIC4_C,17.14
2011,NV_IND_MANF,Switzerland,ISIC4_C,18.34
2012,NV_IND_MANF,Switzerland,ISIC4_C,17.67
2013,NV_IND_MANF,Switzerland,ISIC4_C,17.74
2014,NV_IND_MANF,Switzerland,ISIC4_C,17.64
2015,NV_IND_MANF,Switzerland,ISIC4_C,17.47
2016,NV_IND_MANF,Switzerland,ISIC4_C,17.88
2017,NV_IND_MANF,Switzerland,ISIC4_C,18.45
2018,NV_IND_MANF,Switzerland,ISIC4_C,18.84
2019,NV_IND_MANF,Switzerland,ISIC4_C,19.17
2020,NV_IND_MANF,Switzerland,ISIC4_C,19.06
2021,NV_IND_MANF,Switzerland,ISIC4_C,20.44
2000,NV_IND_MANF,Liechtenstein,ISIC4_C,33.6
2001,NV_IND_MANF,Liechtenstein,ISIC4_C,35.79
2002,NV_IND_MANF,Liechtenstein,ISIC4_C,36.61
2003,NV_IND_MANF,Liechtenstein,ISIC4_C,37.13
2004,NV_IND_MANF,Liechtenstein,ISIC4_C,36.73
2005,NV_IND_MANF,Liechtenstein,ISIC4_C,36.56
2006,NV_IND_MANF,Liechtenstein,ISIC4_C,35.92
2007,NV_IND_MANF,Liechtenstein,ISIC4_C,35.11
2008,NV_IND_MANF,Liechtenstein,ISIC4_C,36.88
2009,NV_IND_MANF,Liechtenstein,ISIC4_C,37.85
2022,NV_IND_MANF,Switzerland,ISIC4_C,20.66
2000,NV_IND_MANF,Tajikistan,ISIC4_C,39.33
2001,NV_IND_MANF,Tajikistan,ISIC4_C,40.1
2002,NV_IND_MANF,Tajikistan,ISIC4_C,40.25
2003,NV_IND_MANF,Tajikistan,ISIC4_C,39.63
2004,NV_IND_MANF,Tajikistan,ISIC4_C,35.23
2005,NV_IND_MANF,Tajikistan,ISIC4_C,35.11
2006,NV_IND_MANF,Tajikistan,ISIC4_C,34.32
2007,NV_IND_MANF,Tajikistan,ISIC4_C,29.08
2008,NV_IND_MANF,Tajikistan,ISIC4_C,24.62
2010,NV_IND_MANF,Liechtenstein,ISIC4_C,36.29
2011,NV_IND_MANF,Liechtenstein,ISIC4_C,39.14
2012,NV_IND_MANF,Liechtenstein,ISIC4_C,38.52
2013,NV_IND_MANF,Liechtenstein,ISIC4_C,37.59
2014,NV_IND_MANF,Liechtenstein,ISIC4_C,36.77
2015,NV_IND_MANF,Liechtenstein,ISIC4_C,36.41
2016,NV_IND_MANF,Liechtenstein,ISIC4_C,36.87
2017,NV_IND_MANF,Liechtenstein,ISIC4_C,38.73
2018,NV_IND_MANF,Liechtenstein,ISIC4_C,36.54
2019,NV_IND_MANF,Liechtenstein,ISIC4_C,38.73
2020,NV_IND_MANF,Liechtenstein,ISIC4_C,38.0
2021,NV_IND_MANF,Liechtenstein,ISIC4_C,37.76
2022,NV_IND_MANF,Liechtenstein,ISIC4_C,37.71
2000,NV_IND_MANF,Lithuania,ISIC4_C,13.62
2001,NV_IND_MANF,Lithuania,ISIC4_C,14.48
2002,NV_IND_MANF,Lithuania,ISIC4_C,14.27
2003,NV_IND_MANF,Lithuania,ISIC4_C,14.66
2004,NV_IND_MANF,Lithuania,ISIC4_C,15.48
2005,NV_IND_MANF,Lithuania,ISIC4_C,15.7
2006,NV_IND_MANF,Lithuania,ISIC4_C,16.03
2007,NV_IND_MANF,Lithuania,ISIC4_C,15.13
2008,NV_IND_MANF,Lithuania,ISIC4_C,15.08
2009,NV_IND_MANF,Lithuania,ISIC4_C,14.87
2010,NV_IND_MANF,Lithuania,ISIC4_C,15.94
2011,NV_IND_MANF,Lithuania,ISIC4_C,16.57
2012,NV_IND_MANF,Lithuania,ISIC4_C,16.75
2013,NV_IND_MANF,Lithuania,ISIC4_C,16.92
2014,NV_IND_MANF,Lithuania,ISIC4_C,17.05
2015,NV_IND_MANF,Lithuania,ISIC4_C,17.21
2016,NV_IND_MANF,Lithuania,ISIC4_C,17.32
2009,NV_IND_MANF,Tajikistan,ISIC4_C,22.13
2010,NV_IND_MANF,Tajikistan,ISIC4_C,19.18
2011,NV_IND_MANF,Tajikistan,ISIC4_C,11.63
2012,NV_IND_MANF,Tajikistan,ISIC4_C,12.22
2013,NV_IND_MANF,Tajikistan,ISIC4_C,9.0
2014,NV_IND_MANF,Tajikistan,ISIC4_C,8.77
2015,NV_IND_MANF,Tajikistan,ISIC4_C,10.08
2016,NV_IND_MANF,Tajikistan,ISIC4_C,12.17
2017,NV_IND_MANF,Tajikistan,ISIC4_C,14.08
2018,NV_IND_MANF,Tajikistan,ISIC4_C,14.79
2017,NV_IND_MANF,Lithuania,ISIC4_C,17.54
2018,NV_IND_MANF,Lithuania,ISIC4_C,17.51
2019,NV_IND_MANF,Lithuania,ISIC4_C,17.41
2020,NV_IND_MANF,Lithuania,ISIC4_C,17.6
2021,NV_IND_MANF,Lithuania,ISIC4_C,18.52
2022,NV_IND_MANF,Lithuania,ISIC4_C,18.65
2000,NV_IND_MANF,Luxembourg,ISIC4_C,7.15
2001,NV_IND_MANF,Luxembourg,ISIC4_C,6.77
2002,NV_IND_MANF,Luxembourg,ISIC4_C,6.87
2003,NV_IND_MANF,Luxembourg,ISIC4_C,7.5
2019,NV_IND_MANF,Tajikistan,ISIC4_C,15.41
2020,NV_IND_MANF,Tajikistan,ISIC4_C,18.74
2021,NV_IND_MANF,Tajikistan,ISIC4_C,19.14
2022,NV_IND_MANF,Tajikistan,ISIC4_C,19.05
2000,NV_IND_MANF,United Arab Emirates,ISIC4_C,9.81
2001,NV_IND_MANF,United Arab Emirates,ISIC4_C,9.76
2002,NV_IND_MANF,United Arab Emirates,ISIC4_C,9.81
2003,NV_IND_MANF,United Arab Emirates,ISIC4_C,9.4
2004,NV_IND_MANF,United Arab Emirates,ISIC4_C,9.26
2005,NV_IND_MANF,United Arab Emirates,ISIC4_C,9.41
2006,NV_IND_MANF,United Arab Emirates,ISIC4_C,9.19
2007,NV_IND_MANF,United Arab Emirates,ISIC4_C,9.07
2008,NV_IND_MANF,United Arab Emirates,ISIC4_C,9.7
2009,NV_IND_MANF,United Arab Emirates,ISIC4_C,8.8
2010,NV_IND_MANF,United Arab Emirates,ISIC4_C,8.86
2011,NV_IND_MANF,United Arab Emirates,ISIC4_C,8.98
2012,NV_IND_MANF,United Arab Emirates,ISIC4_C,8.76
2013,NV_IND_MANF,United Arab Emirates,ISIC4_C,8.84
2014,NV_IND_MANF,United Arab Emirates,ISIC4_C,8.79
2015,NV_IND_MANF,United Arab Emirates,ISIC4_C,8.83
2016,NV_IND_MANF,United Arab Emirates,ISIC4_C,9.01
2017,NV_IND_MANF,United Arab Emirates,ISIC4_C,9.52
2018,NV_IND_MANF,United Arab Emirates,ISIC4_C,9.33
2019,NV_IND_MANF,United Arab Emirates,ISIC4_C,9.22
2020,NV_IND_MANF,United Arab Emirates,ISIC4_C,9.92
2021,NV_IND_MANF,United Arab Emirates,ISIC4_C,10.28
2022,NV_IND_MANF,United Arab Emirates,ISIC4_C,10.57
2000,NV_IND_MANF,Türkiye,ISIC4_C,15.21
2001,NV_IND_MANF,Türkiye,ISIC4_C,14.75
2002,NV_IND_MANF,Türkiye,ISIC4_C,14.46
2003,NV_IND_MANF,Türkiye,ISIC4_C,15.0
2004,NV_IND_MANF,Türkiye,ISIC4_C,15.51
2005,NV_IND_MANF,Türkiye,ISIC4_C,15.58
2006,NV_IND_MANF,Türkiye,ISIC4_C,15.97
2007,NV_IND_MANF,Türkiye,ISIC4_C,16.22
2008,NV_IND_MANF,Türkiye,ISIC4_C,16.17
2009,NV_IND_MANF,Türkiye,ISIC4_C,15.46
2010,NV_IND_MANF,Türkiye,ISIC4_C,15.57
2011,NV_IND_MANF,Türkiye,ISIC4_C,16.84
2012,NV_IND_MANF,Türkiye,ISIC4_C,16.41
2013,NV_IND_MANF,Türkiye,ISIC4_C,16.62
2014,NV_IND_MANF,Türkiye,ISIC4_C,16.72
2015,NV_IND_MANF,Türkiye,ISIC4_C,16.7
2016,NV_IND_MANF,Türkiye,ISIC4_C,16.81
2017,NV_IND_MANF,Türkiye,ISIC4_C,17.08
2018,NV_IND_MANF,Türkiye,ISIC4_C,16.79
2019,NV_IND_MANF,Türkiye,ISIC4_C,16.25
2020,NV_IND_MANF,Türkiye,ISIC4_C,16.48
2021,NV_IND_MANF,Türkiye,ISIC4_C,17.53
2022,NV_IND_MANF,Türkiye,ISIC4_C,17.72
2000,NV_IND_MANF,Turkmenistan,ISIC4_C,33.01
2001,NV_IND_MANF,Turkmenistan,ISIC4_C,33.2
2002,NV_IND_MANF,Turkmenistan,ISIC4_C,30.76
2003,NV_IND_MANF,Turkmenistan,ISIC4_C,30.68
2004,NV_IND_MANF,Turkmenistan,ISIC4_C,29.87
2005,NV_IND_MANF,Turkmenistan,ISIC4_C,28.93
2006,NV_IND_MANF,Turkmenistan,ISIC4_C,28.13
2007,NV_IND_MANF,Turkmenistan,ISIC4_C,29.61
2008,NV_IND_MANF,Turkmenistan,ISIC4_C,47.46
2009,NV_IND_MANF,Turkmenistan,ISIC4_C,47.82
2004,NV_IND_MANF,Luxembourg,ISIC4_C,7.09
2005,NV_IND_MANF,Luxembourg,ISIC4_C,6.86
2006,NV_IND_MANF,Luxembourg,ISIC4_C,6.2
2007,NV_IND_MANF,Luxembourg,ISIC4_C,6.7
2008,NV_IND_MANF,Luxembourg,ISIC4_C,5.45
2009,NV_IND_MANF,Luxembourg,ISIC4_C,4.57
2010,NV_IND_MANF,Luxembourg,ISIC4_C,4.63
2011,NV_IND_MANF,Luxembourg,ISIC4_C,4.1
2012,NV_IND_MANF,Luxembourg,ISIC4_C,4.24
2013,NV_IND_MANF,Luxembourg,ISIC4_C,4.59
2010,NV_IND_MANF,Turkmenistan,ISIC4_C,46.4
2011,NV_IND_MANF,Turkmenistan,ISIC4_C,51.68
2012,NV_IND_MANF,Turkmenistan,ISIC4_C,52.25
2013,NV_IND_MANF,Turkmenistan,ISIC4_C,49.77
2014,NV_IND_MANF,Turkmenistan,ISIC4_C,47.6
2015,NV_IND_MANF,Turkmenistan,ISIC4_C,42.6
2016,NV_IND_MANF,Turkmenistan,ISIC4_C,40.36
2017,NV_IND_MANF,Turkmenistan,ISIC4_C,34.81
2018,NV_IND_MANF,Turkmenistan,ISIC4_C,34.01
2019,NV_IND_MANF,Turkmenistan,ISIC4_C,32.46
2020,NV_IND_MANF,Turkmenistan,ISIC4_C,33.76
2021,NV_IND_MANF,Turkmenistan,ISIC4_C,33.41
2022,NV_IND_MANF,Turkmenistan,ISIC4_C,32.58
2000,NV_IND_MANF,Ukraine,ISIC4_C,15.0
2001,NV_IND_MANF,Ukraine,ISIC4_C,15.46
2002,NV_IND_MANF,Ukraine,ISIC4_C,16.25
2003,NV_IND_MANF,Ukraine,ISIC4_C,17.34
2004,NV_IND_MANF,Ukraine,ISIC4_C,17.37
2005,NV_IND_MANF,Ukraine,ISIC4_C,16.83
2006,NV_IND_MANF,Ukraine,ISIC4_C,16.96
2007,NV_IND_MANF,Ukraine,ISIC4_C,17.2
2008,NV_IND_MANF,Ukraine,ISIC4_C,16.03
2009,NV_IND_MANF,Ukraine,ISIC4_C,14.81
2010,NV_IND_MANF,Ukraine,ISIC4_C,15.06
2011,NV_IND_MANF,Ukraine,ISIC4_C,14.75
2012,NV_IND_MANF,Ukraine,ISIC4_C,14.38
2013,NV_IND_MANF,Ukraine,ISIC4_C,12.96
2014,NV_IND_MANF,Ukraine,ISIC4_C,12.67
2015,NV_IND_MANF,Ukraine,ISIC4_C,11.9
2016,NV_IND_MANF,Ukraine,ISIC4_C,12.05
2017,NV_IND_MANF,Ukraine,ISIC4_C,12.24
2018,NV_IND_MANF,Ukraine,ISIC4_C,12.02
2019,NV_IND_MANF,Ukraine,ISIC4_C,11.75
2020,NV_IND_MANF,Ukraine,ISIC4_C,11.5
2021,NV_IND_MANF,Ukraine,ISIC4_C,11.39
2022,NV_IND_MANF,Ukraine,ISIC4_C,9.71
2000,NV_IND_MANF,North Macedonia,ISIC4_C,9.16
2001,NV_IND_MANF,North Macedonia,ISIC4_C,8.91
2002,NV_IND_MANF,North Macedonia,ISIC4_C,9.04
2003,NV_IND_MANF,North Macedonia,ISIC4_C,9.65
2004,NV_IND_MANF,North Macedonia,ISIC4_C,9.88
2005,NV_IND_MANF,North Macedonia,ISIC4_C,10.43
2006,NV_IND_MANF,North Macedonia,ISIC4_C,11.17
2007,NV_IND_MANF,North Macedonia,ISIC4_C,9.13
2008,NV_IND_MANF,North Macedonia,ISIC4_C,8.49
2009,NV_IND_MANF,North Macedonia,ISIC4_C,8.87
2010,NV_IND_MANF,North Macedonia,ISIC4_C,8.56
2011,NV_IND_MANF,North Macedonia,ISIC4_C,9.38
2012,NV_IND_MANF,North Macedonia,ISIC4_C,9.32
2013,NV_IND_MANF,North Macedonia,ISIC4_C,9.92
2014,NV_IND_MANF,North Macedonia,ISIC4_C,11.64
2015,NV_IND_MANF,North Macedonia,ISIC4_C,11.76
2016,NV_IND_MANF,North Macedonia,ISIC4_C,11.26
2017,NV_IND_MANF,North Macedonia,ISIC4_C,11.32
2018,NV_IND_MANF,North Macedonia,ISIC4_C,11.69
2019,NV_IND_MANF,North Macedonia,ISIC4_C,11.54
2020,NV_IND_MANF,North Macedonia,ISIC4_C,11.48
2021,NV_IND_MANF,North Macedonia,ISIC4_C,11.05
2022,NV_IND_MANF,North Macedonia,ISIC4_C,11.06
2000,NV_IND_MANF,United Kingdom of Great Britain and Northern Ireland,ISIC4_C,9.66
2001,NV_IND_MANF,United Kingdom of Great Britain and Northern Ireland,ISIC4_C,9.63
2002,NV_IND_MANF,United Kingdom of Great Britain and Northern Ireland,ISIC4_C,9.76
2003,NV_IND_MANF,United Kingdom of Great Britain and Northern Ireland,ISIC4_C,9.74
2004,NV_IND_MANF,United Kingdom of Great Britain and Northern Ireland,ISIC4_C,9.71
2005,NV_IND_MANF,United Kingdom of Great Britain and Northern Ireland,ISIC4_C,9.63
2006,NV_IND_MANF,United Kingdom of Great Britain and Northern Ireland,ISIC4_C,10.01
2007,NV_IND_MANF,United Kingdom of Great Britain and Northern Ireland,ISIC4_C,9.79
2008,NV_IND_MANF,United Kingdom of Great Britain and Northern Ireland,ISIC4_C,9.88
2009,NV_IND_MANF,United Kingdom of Great Britain and Northern Ireland,ISIC4_C,9.42
2010,NV_IND_MANF,United Kingdom of Great Britain and Northern Ireland,ISIC4_C,9.33
2011,NV_IND_MANF,United Kingdom of Great Britain and Northern Ireland,ISIC4_C,9.12
2012,NV_IND_MANF,United Kingdom of Great Britain and Northern Ireland,ISIC4_C,9.2
2013,NV_IND_MANF,United Kingdom of Great Britain and Northern Ireland,ISIC4_C,9.38
2014,NV_IND_MANF,United Kingdom of Great Britain and Northern Ireland,ISIC4_C,9.37
2015,NV_IND_MANF,United Kingdom of Great Britain and Northern Ireland,ISIC4_C,9.22
2016,NV_IND_MANF,United Kingdom of Great Britain and Northern Ireland,ISIC4_C,8.97
2017,NV_IND_MANF,United Kingdom of Great Britain and Northern Ireland,ISIC4_C,8.86
2018,NV_IND_MANF,United Kingdom of Great Britain and Northern Ireland,ISIC4_C,9.09
2019,NV_IND_MANF,United Kingdom of Great Britain and Northern Ireland,ISIC4_C,9.05
2020,NV_IND_MANF,United Kingdom of Great Britain and Northern Ireland,ISIC4_C,10.18
2021,NV_IND_MANF,United Kingdom of Great Britain and Northern Ireland,ISIC4_C,10.4
2022,NV_IND_MANF,United Kingdom of Great Britain and Northern Ireland,ISIC4_C,10.39
2000,NV_IND_MANF,Uzbekistan,ISIC4_C,16.46
2001,NV_IND_MANF,Uzbekistan,ISIC4_C,16.18
2002,NV_IND_MANF,Uzbekistan,ISIC4_C,16.06
2003,NV_IND_MANF,Uzbekistan,ISIC4_C,15.87
2004,NV_IND_MANF,Uzbekistan,ISIC4_C,15.7
2005,NV_IND_MANF,Uzbekistan,ISIC4_C,15.25
2006,NV_IND_MANF,Uzbekistan,ISIC4_C,14.9
2007,NV_IND_MANF,Uzbekistan,ISIC4_C,14.26
2008,NV_IND_MANF,Uzbekistan,ISIC4_C,13.86
2009,NV_IND_MANF,Uzbekistan,ISIC4_C,13.23
2010,NV_IND_MANF,Uzbekistan,ISIC4_C,12.28
2011,NV_IND_MANF,Uzbekistan,ISIC4_C,12.35
2012,NV_IND_MANF,Uzbekistan,ISIC4_C,12.25
2013,NV_IND_MANF,Uzbekistan,ISIC4_C,12.84
2014,NV_IND_MANF,Uzbekistan,ISIC4_C,12.97
2015,NV_IND_MANF,Uzbekistan,ISIC4_C,12.81
2016,NV_IND_MANF,Uzbekistan,ISIC4_C,12.9
2017,NV_IND_MANF,Uzbekistan,ISIC4_C,12.88
2018,NV_IND_MANF,Uzbekistan,ISIC4_C,13.19
2019,NV_IND_MANF,Uzbekistan,ISIC4_C,13.31
2020,NV_IND_MANF,Uzbekistan,ISIC4_C,14.1
2021,NV_IND_MANF,Uzbekistan,ISIC4_C,14.2
2022,NV_IND_MANF,Uzbekistan,ISIC4_C,14.0
2018,NV_IND_MANF,Armenia,ISIC4_C,11.23
2019,NV_IND_MANF,Armenia,ISIC4_C,11.42
2020,NV_IND_MANF,Armenia,ISIC4_C,11.81
2021,NV_IND_MANF,Armenia,ISIC4_C,11.67
2022,NV_IND_MANF,Armenia,ISIC4_C,11.44
2014,NV_IND_MANF,Luxembourg,ISIC4_C,4.7
2015,NV_IND_MANF,Luxembourg,ISIC4_C,5.48
2016,NV_IND_MANF,Luxembourg,ISIC4_C,5.52
2017,NV_IND_MANF,Luxembourg,ISIC4_C,4.59
2018,NV_IND_MANF,Luxembourg,ISIC4_C,4.45
2019,NV_IND_MANF,Luxembourg,ISIC4_C,4.93
2020,NV_IND_MANF,Luxembourg,ISIC4_C,4.98
2021,NV_IND_MANF,Luxembourg,ISIC4_C,4.98
2022,NV_IND_MANF,Luxembourg,ISIC4_C,4.88
2022,NV_IND_MANF,Luxembourg,ISIC4_C,4.88
