Year,SeriesCode,Country,Activity,Value
2000,NV_IND_MANFPC,Bulgaria,ISIC4_C,445.24
2001,NV_IND_MANFPC,Bulgaria,ISIC4_C,480.03
2002,NV_IND_MANFPC,Bulgaria,ISIC4_C,514.17
2003,NV_IND_MANFPC,Bulgaria,ISIC4_C,581.42
2004,NV_IND_MANFPC,Bulgaria,ISIC4_C,598.87
2005,NV_IND_MANFPC,Bulgaria,ISIC4_C,640.79
2006,NV_IND_MANFPC,Bulgaria,ISIC4_C,711.07
2007,NV_IND_MANFPC,Bulgaria,ISIC4_C,822.23
2008,NV_IND_MANFPC,Bulgaria,ISIC4_C,844.04
2009,NV_IND_MANFPC,Bulgaria,ISIC4_C,777.72
2010,NV_IND_MANFPC,Bulgaria,ISIC4_C,754.02
2011,NV_IND_MANFPC,Bulgaria,ISIC4_C,808.59
2012,NV_IND_MANFPC,Bulgaria,ISIC4_C,896.22
2013,NV_IND_MANFPC,Bulgaria,ISIC4_C,851.34
2014,NV_IND_MANFPC,Bulgaria,ISIC4_C,875.65
2015,NV_IND_MANFPC,Bulgaria,ISIC4_C,946.62
2016,NV_IND_MANFPC,Bulgaria,ISIC4_C,998.52
2017,NV_IND_MANFPC,Bulgaria,ISIC4_C,1024.11
2018,NV_IND_MANFPC,Bulgaria,ISIC4_C,1067.13
2019,NV_IND_MANFPC,Bulgaria,ISIC4_C,1092.07
2020,NV_IND_MANFPC,Bulgaria,ISIC4_C,966.22
2021,NV_IND_MANFPC,Bulgaria,ISIC4_C,1003.98
2022,NV_IND_MANFPC,Bulgaria,ISIC4_C,1054.48
2000,NV_IND_MANFPC,Belarus,ISIC4_C,414.51
2001,NV_IND_MANFPC,Belarus,ISIC4_C,447.03
2002,NV_IND_MANFPC,Belarus,ISIC4_C,480.72
2003,NV_IND_MANFPC,Belarus,ISIC4_C,531.67
2004,NV_IND_MANFPC,Belarus,ISIC4_C,642.9
2005,NV_IND_MANFPC,Belarus,ISIC4_C,740.24
2006,NV_IND_MANFPC,Belarus,ISIC4_C,846.17
2007,NV_IND_MANFPC,Belarus,ISIC4_C,921.2
2008,NV_IND_MANFPC,Belarus,ISIC4_C,1060.73
2009,NV_IND_MANFPC,Belarus,ISIC4_C,1040.77
2010,NV_IND_MANFPC,Belarus,ISIC4_C,1155.54
2011,NV_IND_MANFPC,Belarus,ISIC4_C,1271.24
2012,NV_IND_MANFPC,Belarus,ISIC4_C,1348.86
2013,NV_IND_MANFPC,Belarus,ISIC4_C,1283.71
2014,NV_IND_MANFPC,Belarus,ISIC4_C,1285.3
2015,NV_IND_MANFPC,Belarus,ISIC4_C,1201.44
2016,NV_IND_MANFPC,Belarus,ISIC4_C,1197.8
2017,NV_IND_MANFPC,Belarus,ISIC4_C,1279.91
2018,NV_IND_MANFPC,Belarus,ISIC4_C,1347.54
2019,NV_IND_MANFPC,Belarus,ISIC4_C,1367.52
2020,NV_IND_MANFPC,Belarus,ISIC4_C,1376.64
2021,NV_IND_MANFPC,Belarus,ISIC4_C,1465.62
2022,NV_IND_MANFPC,Belarus,ISIC4_C,1396.98
2000,NV_IND_MANFPC,Canada,ISIC4_C,5651.53
2001,NV_IND_MANFPC,Canada,ISIC4_C,5389.39
2002,NV_IND_MANFPC,Canada,ISIC4_C,5432.32
2003,NV_IND_MANFPC,Canada,ISIC4_C,5312.23
2004,NV_IND_MANFPC,Canada,ISIC4_C,5391.49
2005,NV_IND_MANFPC,Canada,ISIC4_C,5447.81
2006,NV_IND_MANFPC,Canada,ISIC4_C,5307.87
2007,NV_IND_MANFPC,Canada,ISIC4_C,5096.13
2008,NV_IND_MANFPC,Canada,ISIC4_C,4772.12
2009,NV_IND_MANFPC,Canada,ISIC4_C,4068.09
2010,NV_IND_MANFPC,Canada,ISIC4_C,4218.14
2011,NV_IND_MANFPC,Canada,ISIC4_C,4318.69
2012,NV_IND_MANFPC,Canada,ISIC4_C,4335.02
2013,NV_IND_MANFPC,Canada,ISIC4_C,4275.09
2000,NV_IND_MANFPC,Albania,ISIC4_C,78.4
2001,NV_IND_MANFPC,Albania,ISIC4_C,83.66
2002,NV_IND_MANFPC,Albania,ISIC4_C,88.0
2003,NV_IND_MANFPC,Albania,ISIC4_C,106.02
2004,NV_IND_MANFPC,Albania,ISIC4_C,113.51
2005,NV_IND_MANFPC,Albania,ISIC4_C,130.55
2006,NV_IND_MANFPC,Albania,ISIC4_C,149.0
2007,NV_IND_MANFPC,Albania,ISIC4_C,169.39
2008,NV_IND_MANFPC,Albania,ISIC4_C,162.2
2009,NV_IND_MANFPC,Albania,ISIC4_C,168.1
2010,NV_IND_MANFPC,Albania,ISIC4_C,188.66
2011,NV_IND_MANFPC,Albania,ISIC4_C,209.33
2012,NV_IND_MANFPC,Albania,ISIC4_C,177.07
2013,NV_IND_MANFPC,Albania,ISIC4_C,194.86
2014,NV_IND_MANFPC,Albania,ISIC4_C,213.34
2015,NV_IND_MANFPC,Albania,ISIC4_C,224.05
2016,NV_IND_MANFPC,Albania,ISIC4_C,234.34
2017,NV_IND_MANFPC,Albania,ISIC4_C,263.62
2018,NV_IND_MANFPC,Albania,ISIC4_C,280.35
2019,NV_IND_MANFPC,Albania,ISIC4_C,296.14
2020,NV_IND_MANFPC,Albania,ISIC4_C,278.52
2000,NV_IND_MANFPC,Norway,ISIC4_C,4940.58
2001,NV_IND_MANFPC,Norway,ISIC4_C,4877.65
2002,NV_IND_MANFPC,Norway,ISIC4_C,4819.43
2003,NV_IND_MANFPC,Norway,ISIC4_C,4941.24
2004,NV_IND_MANFPC,Norway,ISIC4_C,5134.84
2005,NV_IND_MANFPC,Norway,ISIC4_C,5295.47
2006,NV_IND_MANFPC,Norway,ISIC4_C,5378.72
2007,NV_IND_MANFPC,Norway,ISIC4_C,5513.89
2008,NV_IND_MANFPC,Norway,ISIC4_C,5593.02
2009,NV_IND_MANFPC,Norway,ISIC4_C,5117.08
2010,NV_IND_MANFPC,Norway,ISIC4_C,5143.1
2011,NV_IND_MANFPC,Norway,ISIC4_C,5165.7
2012,NV_IND_MANFPC,Norway,ISIC4_C,5205.47
2013,NV_IND_MANFPC,Norway,ISIC4_C,5315.67
2014,NV_IND_MANFPC,Norway,ISIC4_C,5414.15
2015,NV_IND_MANFPC,Norway,ISIC4_C,5109.34
2016,NV_IND_MANFPC,Norway,ISIC4_C,4847.69
2017,NV_IND_MANFPC,Norway,ISIC4_C,4824.88
2018,NV_IND_MANFPC,Norway,ISIC4_C,4880.69
2019,NV_IND_MANFPC,Norway,ISIC4_C,4934.52
2020,NV_IND_MANFPC,Norway,ISIC4_C,4782.6
2021,NV_IND_MANFPC,Albania,ISIC4_C,325.76
2022,NV_IND_MANFPC,Albania,ISIC4_C,343.59
2000,NV_IND_MANFPC,Azerbaijan,ISIC4_C,134.14
2001,NV_IND_MANFPC,Azerbaijan,ISIC4_C,138.07
2002,NV_IND_MANFPC,Azerbaijan,ISIC4_C,147.78
2003,NV_IND_MANFPC,Azerbaijan,ISIC4_C,166.69
2004,NV_IND_MANFPC,Azerbaijan,ISIC4_C,182.15
2005,NV_IND_MANFPC,Azerbaijan,ISIC4_C,209.38
2006,NV_IND_MANFPC,Azerbaijan,ISIC4_C,225.45
2007,NV_IND_MANFPC,Azerbaijan,ISIC4_C,245.21
2008,NV_IND_MANFPC,Azerbaijan,ISIC4_C,259.09
2009,NV_IND_MANFPC,Azerbaijan,ISIC4_C,223.44
2010,NV_IND_MANFPC,Azerbaijan,ISIC4_C,235.54
2011,NV_IND_MANFPC,Azerbaijan,ISIC4_C,248.28
2012,NV_IND_MANFPC,Azerbaijan,ISIC4_C,256.41
2013,NV_IND_MANFPC,Azerbaijan,ISIC4_C,258.27
2014,NV_IND_MANFPC,Azerbaijan,ISIC4_C,264.36
2015,NV_IND_MANFPC,Azerbaijan,ISIC4_C,268.56
2016,NV_IND_MANFPC,Azerbaijan,ISIC4_C,262.22
2017,NV_IND_MANFPC,Azerbaijan,ISIC4_C,256.81
2018,NV_IND_MANFPC,Azerbaijan,ISIC4_C,271.11
2019,NV_IND_MANFPC,Azerbaijan,ISIC4_C,296.94
2020,NV_IND_MANFPC,Azerbaijan,ISIC4_C,323.88
2021,NV_IND_MANFPC,Azerbaijan,ISIC4_C,385.07
2022,NV_IND_MANFPC,Azerbaijan,ISIC4_C,392.7
2000,NV_IND_MANFPC,Australia,ISIC4_C,3967.59
2001,NV_IND_MANFPC,Australia,ISIC4_C,4026.64
2002,NV_IND_MANFPC,Australia,ISIC4_C,4145.44
2003,NV_IND_MANFPC,Australia,ISIC4_C,4157.08
2004,NV_IND_MANFPC,Australia,ISIC4_C,4073.13
2021,NV_IND_MANFPC,Norway,ISIC4_C,4909.18
2022,NV_IND_MANFPC,Norway,ISIC4_C,4978.78
2000,NV_IND_MANFPC,Poland,ISIC4_C,773.52
2001,NV_IND_MANFPC,Poland,ISIC4_C,761.07
2002,NV_IND_MANFPC,Poland,ISIC4_C,780.24
2003,NV_IND_MANFPC,Poland,ISIC4_C,874.58
2004,NV_IND_MANFPC,Poland,ISIC4_C,988.5
2005,NV_IND_MANFPC,Poland,ISIC4_C,1036.32
2006,NV_IND_MANFPC,Poland,ISIC4_C,1208.14
2007,NV_IND_MANFPC,Poland,ISIC4_C,1379.06
2008,NV_IND_MANFPC,Poland,ISIC4_C,1494.34
2005,NV_IND_MANFPC,Australia,ISIC4_C,3999.14
2006,NV_IND_MANFPC,Australia,ISIC4_C,4019.05
2007,NV_IND_MANFPC,Australia,ISIC4_C,4106.34
2008,NV_IND_MANFPC,Australia,ISIC4_C,3815.81
2009,NV_IND_MANFPC,Australia,ISIC4_C,3759.93
2010,NV_IND_MANFPC,Australia,ISIC4_C,3685.64
2011,NV_IND_MANFPC,Australia,ISIC4_C,3672.55
2012,NV_IND_MANFPC,Australia,ISIC4_C,3493.31
2013,NV_IND_MANFPC,Australia,ISIC4_C,3404.99
2014,NV_IND_MANFPC,Australia,ISIC4_C,3301.83
2015,NV_IND_MANFPC,Australia,ISIC4_C,3181.61
2016,NV_IND_MANFPC,Australia,ISIC4_C,3114.46
2017,NV_IND_MANFPC,Australia,ISIC4_C,3133.13
2018,NV_IND_MANFPC,Australia,ISIC4_C,3054.37
2019,NV_IND_MANFPC,Australia,ISIC4_C,2955.6
2020,NV_IND_MANFPC,Australia,ISIC4_C,2985.05
2021,NV_IND_MANFPC,Australia,ISIC4_C,3031.28
2022,NV_IND_MANFPC,Australia,ISIC4_C,3049.53
2000,NV_IND_MANFPC,Austria,ISIC4_C,5907.72
2001,NV_IND_MANFPC,Austria,ISIC4_C,6046.96
2002,NV_IND_MANFPC,Austria,ISIC4_C,5936.28
2003,NV_IND_MANFPC,Austria,ISIC4_C,5945.59
2004,NV_IND_MANFPC,Austria,ISIC4_C,6087.35
2005,NV_IND_MANFPC,Austria,ISIC4_C,6316.17
2006,NV_IND_MANFPC,Austria,ISIC4_C,6783.3
2007,NV_IND_MANFPC,Austria,ISIC4_C,7287.62
2008,NV_IND_MANFPC,Austria,ISIC4_C,7343.49
2009,NV_IND_MANFPC,Austria,ISIC4_C,6245.7
2010,NV_IND_MANFPC,Austria,ISIC4_C,6736.71
2011,NV_IND_MANFPC,Austria,ISIC4_C,7199.37
2012,NV_IND_MANFPC,Austria,ISIC4_C,7312.64
2013,NV_IND_MANFPC,Austria,ISIC4_C,7288.52
2014,NV_IND_MANFPC,Austria,ISIC4_C,7393.58
2015,NV_IND_MANFPC,Austria,ISIC4_C,7373.57
2016,NV_IND_MANFPC,Austria,ISIC4_C,7611.95
2017,NV_IND_MANFPC,Austria,ISIC4_C,7802.94
2018,NV_IND_MANFPC,Austria,ISIC4_C,8111.33
2019,NV_IND_MANFPC,Austria,ISIC4_C,8153.6
2020,NV_IND_MANFPC,Austria,ISIC4_C,7655.5
2021,NV_IND_MANFPC,Austria,ISIC4_C,8369.41
2014,NV_IND_MANFPC,Canada,ISIC4_C,4359.76
2015,NV_IND_MANFPC,Canada,ISIC4_C,4344.28
2016,NV_IND_MANFPC,Canada,ISIC4_C,4298.02
2017,NV_IND_MANFPC,Canada,ISIC4_C,4328.77
2018,NV_IND_MANFPC,Canada,ISIC4_C,4403.28
2019,NV_IND_MANFPC,Canada,ISIC4_C,4345.28
2020,NV_IND_MANFPC,Canada,ISIC4_C,3890.36
2021,NV_IND_MANFPC,Canada,ISIC4_C,4042.84
2022,NV_IND_MANFPC,Canada,ISIC4_C,4162.76
2000,NV_IND_MANFPC,Chile,ISIC4_C,1310.54
2001,NV_IND_MANFPC,Chile,ISIC4_C,1303.97
2002,NV_IND_MANFPC,Chile,ISIC4_C,1314.25
2003,NV_IND_MANFPC,Chile,ISIC4_C,1343.3
2004,NV_IND_MANFPC,Chile,ISIC4_C,1411.11
2005,NV_IND_MANFPC,Chile,ISIC4_C,1465.68
2006,NV_IND_MANFPC,Chile,ISIC4_C,1526.0
2007,NV_IND_MANFPC,Chile,ISIC4_C,1550.44
2008,NV_IND_MANFPC,Chile,ISIC4_C,1554.41
2009,NV_IND_MANFPC,Chile,ISIC4_C,1445.95
2010,NV_IND_MANFPC,Chile,ISIC4_C,1478.22
2011,NV_IND_MANFPC,Chile,ISIC4_C,1579.07
2012,NV_IND_MANFPC,Chile,ISIC4_C,1615.84
2013,NV_IND_MANFPC,Chile,ISIC4_C,1632.85
2014,NV_IND_MANFPC,Chile,ISIC4_C,1605.02
2015,NV_IND_MANFPC,Chile,ISIC4_C,1591.7
2016,NV_IND_MANFPC,Chile,ISIC4_C,1556.18
2017,NV_IND_MANFPC,Chile,ISIC4_C,1548.49
2018,NV_IND_MANFPC,Chile,ISIC4_C,1578.39
2019,NV_IND_MANFPC,Chile,ISIC4_C,1528.38
2020,NV_IND_MANFPC,Chile,ISIC4_C,1458.26
2021,NV_IND_MANFPC,Chile,ISIC4_C,1564.29
2022,NV_IND_MANFPC,Chile,ISIC4_C,1572.89
2000,NV_IND_MANFPC,China,ISIC4_C,361.06
2001,NV_IND_MANFPC,China,ISIC4_C,405.42
2002,NV_IND_MANFPC,China,ISIC4_C,479.93
2003,NV_IND_MANFPC,China,ISIC4_C,640.28
2004,NV_IND_MANFPC,China,ISIC4_C,809.14
2005,NV_IND_MANFPC,China,ISIC4_C,880.62
2006,NV_IND_MANFPC,China,ISIC4_C,990.13
2007,NV_IND_MANFPC,China,ISIC4_C,1147.4
2008,NV_IND_MANFPC,China,ISIC4_C,1247.12
2009,NV_IND_MANFPC,China,ISIC4_C,1397.79
2010,NV_IND_MANFPC,China,ISIC4_C,1540.19
2011,NV_IND_MANFPC,China,ISIC4_C,1696.28
2012,NV_IND_MANFPC,China,ISIC4_C,1846.58
2013,NV_IND_MANFPC,China,ISIC4_C,1988.1
2014,NV_IND_MANFPC,China,ISIC4_C,2155.86
2015,NV_IND_MANFPC,China,ISIC4_C,2297.82
2016,NV_IND_MANFPC,China,ISIC4_C,2428.27
2017,NV_IND_MANFPC,China,ISIC4_C,2553.14
2018,NV_IND_MANFPC,China,ISIC4_C,2695.61
2019,NV_IND_MANFPC,China,ISIC4_C,2805.06
2020,NV_IND_MANFPC,China,ISIC4_C,2872.43
2021,NV_IND_MANFPC,China,ISIC4_C,3145.22
2022,NV_IND_MANFPC,China,ISIC4_C,3228.26
2000,NV_IND_MANFPC,Colombia,ISIC4_C,588.29
2001,NV_IND_MANFPC,Colombia,ISIC4_C,588.12
2002,NV_IND_MANFPC,Colombia,ISIC4_C,584.85
2003,NV_IND_MANFPC,Colombia,ISIC4_C,618.04
2004,NV_IND_MANFPC,Colombia,ISIC4_C,641.7
2005,NV_IND_MANFPC,Colombia,ISIC4_C,667.32
2006,NV_IND_MANFPC,Colombia,ISIC4_C,706.74
2007,NV_IND_MANFPC,Colombia,ISIC4_C,752.22
2008,NV_IND_MANFPC,Colombia,ISIC4_C,746.14
2009,NV_IND_MANFPC,Colombia,ISIC4_C,710.71
2010,NV_IND_MANFPC,Colombia,ISIC4_C,715.98
2011,NV_IND_MANFPC,Colombia,ISIC4_C,747.76
2012,NV_IND_MANFPC,Colombia,ISIC4_C,746.17
2013,NV_IND_MANFPC,Colombia,ISIC4_C,749.97
2014,NV_IND_MANFPC,Colombia,ISIC4_C,764.38
2015,NV_IND_MANFPC,Colombia,ISIC4_C,772.38
2016,NV_IND_MANFPC,Colombia,ISIC4_C,788.81
2017,NV_IND_MANFPC,Colombia,ISIC4_C,762.85
2018,NV_IND_MANFPC,Colombia,ISIC4_C,759.57
2019,NV_IND_MANFPC,Colombia,ISIC4_C,754.78
2020,NV_IND_MANFPC,Colombia,ISIC4_C,670.83
2021,NV_IND_MANFPC,Colombia,ISIC4_C,771.7
2022,NV_IND_MANFPC,Colombia,ISIC4_C,823.83
2000,NV_IND_MANFPC,Costa Rica,ISIC4_C,1373.49
2001,NV_IND_MANFPC,Costa Rica,ISIC4_C,1340.77
2002,NV_IND_MANFPC,Costa Rica,ISIC4_C,1363.91
2003,NV_IND_MANFPC,Costa Rica,ISIC4_C,1360.82
2004,NV_IND_MANFPC,Costa Rica,ISIC4_C,1394.17
2005,NV_IND_MANFPC,Costa Rica,ISIC4_C,1423.14
2006,NV_IND_MANFPC,Costa Rica,ISIC4_C,1459.72
2007,NV_IND_MANFPC,Costa Rica,ISIC4_C,1480.17
2008,NV_IND_MANFPC,Costa Rica,ISIC4_C,1426.43
2009,NV_IND_MANFPC,Costa Rica,ISIC4_C,1294.89
2010,NV_IND_MANFPC,Costa Rica,ISIC4_C,1365.69
2011,NV_IND_MANFPC,Costa Rica,ISIC4_C,1399.57
2012,NV_IND_MANFPC,Costa Rica,ISIC4_C,1439.53
2013,NV_IND_MANFPC,Costa Rica,ISIC4_C,1422.1
2014,NV_IND_MANFPC,Costa Rica,ISIC4_C,1410.04
2015,NV_IND_MANFPC,Costa Rica,ISIC4_C,1338.29
2016,NV_IND_MANFPC,Costa Rica,ISIC4_C,1381.07
2017,NV_IND_MANFPC,Costa Rica,ISIC4_C,1421.73
2018,NV_IND_MANFPC,Costa Rica,ISIC4_C,1467.73
2019,NV_IND_MANFPC,Costa Rica,ISIC4_C,1498.86
2020,NV_IND_MANFPC,Costa Rica,ISIC4_C,1534.19
2021,NV_IND_MANFPC,Costa Rica,ISIC4_C,1720.79
2022,NV_IND_MANFPC,Costa Rica,ISIC4_C,1765.61
2000,NV_IND_MANFPC,Croatia,ISIC4_C,1337.21
2001,NV_IND_MANFPC,Croatia,ISIC4_C,1368.8
2002,NV_IND_MANFPC,Croatia,ISIC4_C,1403.91
2003,NV_IND_MANFPC,Croatia,ISIC4_C,1470.51
2004,NV_IND_MANFPC,Croatia,ISIC4_C,1526.68
2005,NV_IND_MANFPC,Croatia,ISIC4_C,1568.15
2006,NV_IND_MANFPC,Croatia,ISIC4_C,1631.83
2007,NV_IND_MANFPC,Croatia,ISIC4_C,1747.39
2008,NV_IND_MANFPC,Croatia,ISIC4_C,1756.52
2009,NV_IND_MANFPC,Croatia,ISIC4_C,1539.82
2010,NV_IND_MANFPC,Croatia,ISIC4_C,1463.24
2011,NV_IND_MANFPC,Croatia,ISIC4_C,1475.38
2012,NV_IND_MANFPC,Croatia,ISIC4_C,1406.07
2013,NV_IND_MANFPC,Croatia,ISIC4_C,1378.34
2014,NV_IND_MANFPC,Croatia,ISIC4_C,1435.66
2015,NV_IND_MANFPC,Croatia,ISIC4_C,1506.06
2016,NV_IND_MANFPC,Croatia,ISIC4_C,1614.88
2017,NV_IND_MANFPC,Croatia,ISIC4_C,1678.87
2018,NV_IND_MANFPC,Croatia,ISIC4_C,1690.8
2019,NV_IND_MANFPC,Croatia,ISIC4_C,1734.05
2020,NV_IND_MANFPC,Croatia,ISIC4_C,1647.53
2021,NV_IND_MANFPC,Croatia,ISIC4_C,1804.99
2022,NV_IND_MANFPC,Croatia,ISIC4_C,1919.58
2000,NV_IND_MANFPC,Cyprus,ISIC4_C,1253.16
2001,NV_IND_MANFPC,Cyprus,ISIC4_C,1202.5
2002,NV_IND_MANFPC,Cyprus,ISIC4_C,1206.47
2003,NV_IND_MANFPC,Cyprus,ISIC4_C,1216.87
2004,NV_IND_MANFPC,Cyprus,ISIC4_C,1196.99
2005,NV_IND_MANFPC,Cyprus,ISIC4_C,1165.65
2006,NV_IND_MANFPC,Cyprus,ISIC4_C,1114.3
2007,NV_IND_MANFPC,Cyprus,ISIC4_C,1110.91
2008,NV_IND_MANFPC,Cyprus,ISIC4_C,1130.76
2009,NV_IND_MANFPC,Cyprus,ISIC4_C,1035.47
2010,NV_IND_MANFPC,Cyprus,ISIC4_C,994.06
2011,NV_IND_MANFPC,Cyprus,ISIC4_C,892.14
2022,NV_IND_MANFPC,Austria,ISIC4_C,9021.5
2000,NV_IND_MANFPC,Armenia,ISIC4_C,120.09
2001,NV_IND_MANFPC,Armenia,ISIC4_C,124.69
2002,NV_IND_MANFPC,Armenia,ISIC4_C,147.27
2003,NV_IND_MANFPC,Armenia,ISIC4_C,172.26
2004,NV_IND_MANFPC,Armenia,ISIC4_C,216.19
2005,NV_IND_MANFPC,Armenia,ISIC4_C,236.73
2006,NV_IND_MANFPC,Armenia,ISIC4_C,237.25
2007,NV_IND_MANFPC,Armenia,ISIC4_C,242.81
2008,NV_IND_MANFPC,Armenia,ISIC4_C,246.61
2012,NV_IND_MANFPC,Cyprus,ISIC4_C,806.08
2013,NV_IND_MANFPC,Cyprus,ISIC4_C,666.88
2014,NV_IND_MANFPC,Cyprus,ISIC4_C,667.12
2015,NV_IND_MANFPC,Cyprus,ISIC4_C,714.04
2016,NV_IND_MANFPC,Cyprus,ISIC4_C,810.2
2017,NV_IND_MANFPC,Cyprus,ISIC4_C,917.78
2018,NV_IND_MANFPC,Cyprus,ISIC4_C,1061.42
2019,NV_IND_MANFPC,Cyprus,ISIC4_C,1134.93
2020,NV_IND_MANFPC,Cyprus,ISIC4_C,1102.13
2021,NV_IND_MANFPC,Cyprus,ISIC4_C,1170.85
2022,NV_IND_MANFPC,Cyprus,ISIC4_C,1198.55
2000,NV_IND_MANFPC,Czechia,ISIC4_C,2044.99
2001,NV_IND_MANFPC,Czechia,ISIC4_C,2131.19
2002,NV_IND_MANFPC,Czechia,ISIC4_C,2213.08
2003,NV_IND_MANFPC,Czechia,ISIC4_C,2217.1
2004,NV_IND_MANFPC,Czechia,ISIC4_C,2405.35
2005,NV_IND_MANFPC,Czechia,ISIC4_C,2747.72
2006,NV_IND_MANFPC,Czechia,ISIC4_C,3305.86
2007,NV_IND_MANFPC,Czechia,ISIC4_C,3509.84
2008,NV_IND_MANFPC,Czechia,ISIC4_C,3781.48
2009,NV_IND_MANFPC,Czechia,ISIC4_C,3296.53
2010,NV_IND_MANFPC,Czechia,ISIC4_C,3665.28
2011,NV_IND_MANFPC,Czechia,ISIC4_C,4058.2
2012,NV_IND_MANFPC,Czechia,ISIC4_C,3889.24
2013,NV_IND_MANFPC,Czechia,ISIC4_C,3839.13
2014,NV_IND_MANFPC,Czechia,ISIC4_C,3975.4
2015,NV_IND_MANFPC,Czechia,ISIC4_C,4274.19
2016,NV_IND_MANFPC,Czechia,ISIC4_C,4468.05
2017,NV_IND_MANFPC,Czechia,ISIC4_C,4853.51
2018,NV_IND_MANFPC,Czechia,ISIC4_C,4943.53
2019,NV_IND_MANFPC,Czechia,ISIC4_C,5173.91
2020,NV_IND_MANFPC,Czechia,ISIC4_C,4587.38
2021,NV_IND_MANFPC,Czechia,ISIC4_C,4823.98
2022,NV_IND_MANFPC,Czechia,ISIC4_C,5051.63
2000,NV_IND_MANFPC,Denmark,ISIC4_C,6582.16
2001,NV_IND_MANFPC,Denmark,ISIC4_C,6662.42
2002,NV_IND_MANFPC,Denmark,ISIC4_C,6478.97
2003,NV_IND_MANFPC,Denmark,ISIC4_C,6268.63
2004,NV_IND_MANFPC,Denmark,ISIC4_C,6353.64
2005,NV_IND_MANFPC,Denmark,ISIC4_C,6219.33
2006,NV_IND_MANFPC,Denmark,ISIC4_C,6526.99
2007,NV_IND_MANFPC,Denmark,ISIC4_C,6579.25
2008,NV_IND_MANFPC,Denmark,ISIC4_C,6511.09
2009,NV_IND_MANFPC,Denmark,ISIC4_C,5711.84
2010,NV_IND_MANFPC,Denmark,ISIC4_C,5901.88
2011,NV_IND_MANFPC,Denmark,ISIC4_C,6242.43
2012,NV_IND_MANFPC,Denmark,ISIC4_C,6468.29
2013,NV_IND_MANFPC,Denmark,ISIC4_C,6619.65
2014,NV_IND_MANFPC,Denmark,ISIC4_C,6678.53
2015,NV_IND_MANFPC,Denmark,ISIC4_C,6612.04
2016,NV_IND_MANFPC,Denmark,ISIC4_C,6973.3
2017,NV_IND_MANFPC,Denmark,ISIC4_C,7586.07
2018,NV_IND_MANFPC,Denmark,ISIC4_C,7773.42
2019,NV_IND_MANFPC,Denmark,ISIC4_C,8134.04
2020,NV_IND_MANFPC,Denmark,ISIC4_C,7877.2
2021,NV_IND_MANFPC,Denmark,ISIC4_C,8255.19
2022,NV_IND_MANFPC,Denmark,ISIC4_C,8649.9
2000,NV_IND_MANFPC,Estonia,ISIC4_C,1153.04
2001,NV_IND_MANFPC,Estonia,ISIC4_C,1312.67
2002,NV_IND_MANFPC,Estonia,ISIC4_C,1420.12
2003,NV_IND_MANFPC,Estonia,ISIC4_C,1536.06
2004,NV_IND_MANFPC,Estonia,ISIC4_C,1593.61
2005,NV_IND_MANFPC,Estonia,ISIC4_C,1758.39
2006,NV_IND_MANFPC,Estonia,ISIC4_C,1962.29
2007,NV_IND_MANFPC,Estonia,ISIC4_C,2067.72
2008,NV_IND_MANFPC,Estonia,ISIC4_C,1997.01
2009,NV_IND_MANFPC,Estonia,ISIC4_C,1537.74
2010,NV_IND_MANFPC,Estonia,ISIC4_C,1842.26
2011,NV_IND_MANFPC,Estonia,ISIC4_C,2122.63
2012,NV_IND_MANFPC,Estonia,ISIC4_C,2157.33
2013,NV_IND_MANFPC,Estonia,ISIC4_C,2232.02
2014,NV_IND_MANFPC,Estonia,ISIC4_C,2364.22
2015,NV_IND_MANFPC,Estonia,ISIC4_C,2420.34
2016,NV_IND_MANFPC,Estonia,ISIC4_C,2520.99
2017,NV_IND_MANFPC,Estonia,ISIC4_C,2619.15
2018,NV_IND_MANFPC,Estonia,ISIC4_C,2737.04
2019,NV_IND_MANFPC,Estonia,ISIC4_C,2772.5
2020,NV_IND_MANFPC,Estonia,ISIC4_C,2586.96
2021,NV_IND_MANFPC,Estonia,ISIC4_C,2764.28
2022,NV_IND_MANFPC,Estonia,ISIC4_C,2729.77
2000,NV_IND_MANFPC,Finland,ISIC4_C,6332.74
2001,NV_IND_MANFPC,Finland,ISIC4_C,6546.87
2002,NV_IND_MANFPC,Finland,ISIC4_C,6747.9
2003,NV_IND_MANFPC,Finland,ISIC4_C,6925.46
2004,NV_IND_MANFPC,Finland,ISIC4_C,7243.32
2005,NV_IND_MANFPC,Finland,ISIC4_C,7494.03
2006,NV_IND_MANFPC,Finland,ISIC4_C,8318.45
2007,NV_IND_MANFPC,Finland,ISIC4_C,9118.83
2008,NV_IND_MANFPC,Finland,ISIC4_C,8839.6
2009,NV_IND_MANFPC,Finland,ISIC4_C,6755.18
2010,NV_IND_MANFPC,Finland,ISIC4_C,7234.73
2011,NV_IND_MANFPC,Finland,ISIC4_C,7205.01
2012,NV_IND_MANFPC,Finland,ISIC4_C,6340.32
2013,NV_IND_MANFPC,Finland,ISIC4_C,6362.96
2014,NV_IND_MANFPC,Finland,ISIC4_C,6280.41
2015,NV_IND_MANFPC,Finland,ISIC4_C,6282.83
2016,NV_IND_MANFPC,Finland,ISIC4_C,6571.99
2017,NV_IND_MANFPC,Finland,ISIC4_C,7043.84
2018,NV_IND_MANFPC,Finland,ISIC4_C,6731.86
2019,NV_IND_MANFPC,Finland,ISIC4_C,6936.57
2020,NV_IND_MANFPC,Finland,ISIC4_C,6782.2
2021,NV_IND_MANFPC,Finland,ISIC4_C,6836.92
2022,NV_IND_MANFPC,Finland,ISIC4_C,7064.57
2000,NV_IND_MANFPC,France,ISIC4_C,3896.66
2001,NV_IND_MANFPC,France,ISIC4_C,3917.42
2002,NV_IND_MANFPC,France,ISIC4_C,3887.45
2003,NV_IND_MANFPC,France,ISIC4_C,3949.21
2004,NV_IND_MANFPC,France,ISIC4_C,4020.06
2005,NV_IND_MANFPC,France,ISIC4_C,4060.02
2006,NV_IND_MANFPC,France,ISIC4_C,4139.5
2007,NV_IND_MANFPC,France,ISIC4_C,4194.46
2008,NV_IND_MANFPC,France,ISIC4_C,4032.5
2009,NV_IND_MANFPC,France,ISIC4_C,3774.3
2010,NV_IND_MANFPC,France,ISIC4_C,3841.66
2011,NV_IND_MANFPC,France,ISIC4_C,3975.87
2012,NV_IND_MANFPC,France,ISIC4_C,3947.48
2013,NV_IND_MANFPC,France,ISIC4_C,3926.53
2014,NV_IND_MANFPC,France,ISIC4_C,3974.11
2015,NV_IND_MANFPC,France,ISIC4_C,3986.76
2016,NV_IND_MANFPC,France,ISIC4_C,4009.64
2017,NV_IND_MANFPC,France,ISIC4_C,4089.52
2018,NV_IND_MANFPC,France,ISIC4_C,4148.77
2019,NV_IND_MANFPC,France,ISIC4_C,4226.37
2020,NV_IND_MANFPC,France,ISIC4_C,3686.08
2021,NV_IND_MANFPC,France,ISIC4_C,3877.86
2022,NV_IND_MANFPC,France,ISIC4_C,3986.27
2000,NV_IND_MANFPC,Georgia,ISIC4_C,119.78
2001,NV_IND_MANFPC,Georgia,ISIC4_C,121.77
2002,NV_IND_MANFPC,Georgia,ISIC4_C,140.92
2003,NV_IND_MANFPC,Georgia,ISIC4_C,153.71
2004,NV_IND_MANFPC,Georgia,ISIC4_C,166.44
2005,NV_IND_MANFPC,Georgia,ISIC4_C,190.31
2006,NV_IND_MANFPC,Georgia,ISIC4_C,222.36
2007,NV_IND_MANFPC,Georgia,ISIC4_C,259.39
2008,NV_IND_MANFPC,Georgia,ISIC4_C,255.49
2009,NV_IND_MANFPC,Georgia,ISIC4_C,239.83
2010,NV_IND_MANFPC,Georgia,ISIC4_C,270.19
2011,NV_IND_MANFPC,Georgia,ISIC4_C,313.88
2012,NV_IND_MANFPC,Georgia,ISIC4_C,354.58
2013,NV_IND_MANFPC,Georgia,ISIC4_C,386.09
2014,NV_IND_MANFPC,Georgia,ISIC4_C,401.9
2015,NV_IND_MANFPC,Georgia,ISIC4_C,351.51
2016,NV_IND_MANFPC,Georgia,ISIC4_C,364.61
2017,NV_IND_MANFPC,Georgia,ISIC4_C,370.79
2018,NV_IND_MANFPC,Georgia,ISIC4_C,386.08
2019,NV_IND_MANFPC,Georgia,ISIC4_C,391.38
2020,NV_IND_MANFPC,Georgia,ISIC4_C,364.08
2021,NV_IND_MANFPC,Georgia,ISIC4_C,397.77
2022,NV_IND_MANFPC,Georgia,ISIC4_C,453.1
2000,NV_IND_MANFPC,Germany,ISIC4_C,6614.72
2001,NV_IND_MANFPC,Germany,ISIC4_C,6709.88
2002,NV_IND_MANFPC,Germany,ISIC4_C,6552.23
2003,NV_IND_MANFPC,Germany,ISIC4_C,6627.18
2004,NV_IND_MANFPC,Germany,ISIC4_C,6875.73
2005,NV_IND_MANFPC,Germany,ISIC4_C,6997.23
2006,NV_IND_MANFPC,Germany,ISIC4_C,7602.54
2007,NV_IND_MANFPC,Germany,ISIC4_C,7923.32
2008,NV_IND_MANFPC,Germany,ISIC4_C,7754.39
2009,NV_IND_MANFPC,Germany,ISIC4_C,6253.5
2010,NV_IND_MANFPC,Germany,ISIC4_C,7441.82
2011,NV_IND_MANFPC,Germany,ISIC4_C,8051.82
2012,NV_IND_MANFPC,Germany,ISIC4_C,7895.71
2013,NV_IND_MANFPC,Germany,ISIC4_C,7877.64
2014,NV_IND_MANFPC,Germany,ISIC4_C,8253.43
2015,NV_IND_MANFPC,Germany,ISIC4_C,8320.9
2016,NV_IND_MANFPC,Germany,ISIC4_C,8619.14
2017,NV_IND_MANFPC,Germany,ISIC4_C,8899.35
2018,NV_IND_MANFPC,Germany,ISIC4_C,8950.03
2019,NV_IND_MANFPC,Germany,ISIC4_C,8810.44
2020,NV_IND_MANFPC,Germany,ISIC4_C,8081.59
2021,NV_IND_MANFPC,Germany,ISIC4_C,8483.27
2022,NV_IND_MANFPC,Germany,ISIC4_C,8669.1
2000,NV_IND_MANFPC,Greece,ISIC4_C,2044.44
2001,NV_IND_MANFPC,Greece,ISIC4_C,2238.24
2002,NV_IND_MANFPC,Greece,ISIC4_C,2352.04
2003,NV_IND_MANFPC,Greece,ISIC4_C,2401.15
2004,NV_IND_MANFPC,Greece,ISIC4_C,2341.46
2005,NV_IND_MANFPC,Greece,ISIC4_C,2360.28
2006,NV_IND_MANFPC,Greece,ISIC4_C,2356.74
2007,NV_IND_MANFPC,Greece,ISIC4_C,2473.23
2008,NV_IND_MANFPC,Greece,ISIC4_C,2325.36
2009,NV_IND_MANFPC,Greece,ISIC4_C,2227.81
2009,NV_IND_MANFPC,Armenia,ISIC4_C,230.55
2010,NV_IND_MANFPC,Armenia,ISIC4_C,261.09
2011,NV_IND_MANFPC,Armenia,ISIC4_C,295.14
2012,NV_IND_MANFPC,Armenia,ISIC4_C,308.88
2013,NV_IND_MANFPC,Armenia,ISIC4_C,334.27
2014,NV_IND_MANFPC,Armenia,ISIC4_C,355.69
2015,NV_IND_MANFPC,Armenia,ISIC4_C,337.51
2016,NV_IND_MANFPC,Armenia,ISIC4_C,376.73
2017,NV_IND_MANFPC,Armenia,ISIC4_C,423.17
2018,NV_IND_MANFPC,Armenia,ISIC4_C,473.31
2010,NV_IND_MANFPC,Greece,ISIC4_C,1934.01
2011,NV_IND_MANFPC,Greece,ISIC4_C,1693.59
2012,NV_IND_MANFPC,Greece,ISIC4_C,1554.5
2013,NV_IND_MANFPC,Greece,ISIC4_C,1426.57
2014,NV_IND_MANFPC,Greece,ISIC4_C,1466.63
2015,NV_IND_MANFPC,Greece,ISIC4_C,1501.32
2016,NV_IND_MANFPC,Greece,ISIC4_C,1448.38
2017,NV_IND_MANFPC,Greece,ISIC4_C,1522.38
2018,NV_IND_MANFPC,Greece,ISIC4_C,1618.73
2019,NV_IND_MANFPC,Greece,ISIC4_C,1654.49
2019,NV_IND_MANFPC,Armenia,ISIC4_C,521.21
2020,NV_IND_MANFPC,Armenia,ISIC4_C,503.22
2021,NV_IND_MANFPC,Armenia,ISIC4_C,528.04
2022,NV_IND_MANFPC,Armenia,ISIC4_C,585.33
2000,NV_IND_MANFPC,Belgium,ISIC4_C,5117.73
2001,NV_IND_MANFPC,Belgium,ISIC4_C,5131.58
2002,NV_IND_MANFPC,Belgium,ISIC4_C,5130.01
2003,NV_IND_MANFPC,Belgium,ISIC4_C,5096.64
2004,NV_IND_MANFPC,Belgium,ISIC4_C,5328.61
2005,NV_IND_MANFPC,Belgium,ISIC4_C,5438.05
2009,NV_IND_MANFPC,Poland,ISIC4_C,1520.06
2010,NV_IND_MANFPC,Poland,ISIC4_C,1729.67
2011,NV_IND_MANFPC,Poland,ISIC4_C,1824.62
2012,NV_IND_MANFPC,Poland,ISIC4_C,1873.98
2013,NV_IND_MANFPC,Poland,ISIC4_C,1809.52
2014,NV_IND_MANFPC,Poland,ISIC4_C,2021.34
2015,NV_IND_MANFPC,Poland,ISIC4_C,2165.98
2016,NV_IND_MANFPC,Poland,ISIC4_C,2281.29
2017,NV_IND_MANFPC,Poland,ISIC4_C,2323.97
2018,NV_IND_MANFPC,Poland,ISIC4_C,2459.4
2020,NV_IND_MANFPC,Greece,ISIC4_C,1789.11
2021,NV_IND_MANFPC,Greece,ISIC4_C,2017.64
2022,NV_IND_MANFPC,Greece,ISIC4_C,2133.42
2000,NV_IND_MANFPC,Hungary,ISIC4_C,1641.65
2001,NV_IND_MANFPC,Hungary,ISIC4_C,1721.01
2002,NV_IND_MANFPC,Hungary,ISIC4_C,1850.97
2003,NV_IND_MANFPC,Hungary,ISIC4_C,2012.3
2004,NV_IND_MANFPC,Hungary,ISIC4_C,2139.08
2005,NV_IND_MANFPC,Hungary,ISIC4_C,2256.96
2006,NV_IND_MANFPC,Hungary,ISIC4_C,2413.11
2019,NV_IND_MANFPC,Poland,ISIC4_C,2523.05
2020,NV_IND_MANFPC,Poland,ISIC4_C,2474.89
2021,NV_IND_MANFPC,Poland,ISIC4_C,2530.18
2022,NV_IND_MANFPC,Poland,ISIC4_C,2606.61
2000,NV_IND_MANFPC,Portugal,ISIC4_C,2375.63
2001,NV_IND_MANFPC,Portugal,ISIC4_C,2395.15
2002,NV_IND_MANFPC,Portugal,ISIC4_C,2368.54
2003,NV_IND_MANFPC,Portugal,ISIC4_C,2333.1
2004,NV_IND_MANFPC,Portugal,ISIC4_C,2341.4
2005,NV_IND_MANFPC,Portugal,ISIC4_C,2308.8
2006,NV_IND_MANFPC,Portugal,ISIC4_C,2329.72
2007,NV_IND_MANFPC,Portugal,ISIC4_C,2376.55
2008,NV_IND_MANFPC,Portugal,ISIC4_C,2315.5
2009,NV_IND_MANFPC,Portugal,ISIC4_C,2064.52
2010,NV_IND_MANFPC,Portugal,ISIC4_C,2210.96
2011,NV_IND_MANFPC,Portugal,ISIC4_C,2228.86
2012,NV_IND_MANFPC,Portugal,ISIC4_C,2160.08
2013,NV_IND_MANFPC,Portugal,ISIC4_C,2189.04
2014,NV_IND_MANFPC,Portugal,ISIC4_C,2260.46
2015,NV_IND_MANFPC,Portugal,ISIC4_C,2334.12
2007,NV_IND_MANFPC,Hungary,ISIC4_C,2565.87
2008,NV_IND_MANFPC,Hungary,ISIC4_C,2482.68
2009,NV_IND_MANFPC,Hungary,ISIC4_C,2045.82
2010,NV_IND_MANFPC,Hungary,ISIC4_C,2239.12
2011,NV_IND_MANFPC,Hungary,ISIC4_C,2260.76
2012,NV_IND_MANFPC,Hungary,ISIC4_C,2239.3
2013,NV_IND_MANFPC,Hungary,ISIC4_C,2197.22
2014,NV_IND_MANFPC,Hungary,ISIC4_C,2359.52
2015,NV_IND_MANFPC,Hungary,ISIC4_C,2570.47
2016,NV_IND_MANFPC,Hungary,ISIC4_C,2585.76
2017,NV_IND_MANFPC,Hungary,ISIC4_C,2677.1
2018,NV_IND_MANFPC,Hungary,ISIC4_C,2754.47
2019,NV_IND_MANFPC,Hungary,ISIC4_C,2804.11
2020,NV_IND_MANFPC,Hungary,ISIC4_C,2587.8
2021,NV_IND_MANFPC,Hungary,ISIC4_C,2830.25
2022,NV_IND_MANFPC,Hungary,ISIC4_C,2962.76
2000,NV_IND_MANFPC,Iceland,ISIC4_C,4307.66
2001,NV_IND_MANFPC,Iceland,ISIC4_C,4504.75
2002,NV_IND_MANFPC,Iceland,ISIC4_C,4366.08
2003,NV_IND_MANFPC,Iceland,ISIC4_C,4378.12
2004,NV_IND_MANFPC,Iceland,ISIC4_C,4585.9
2005,NV_IND_MANFPC,Iceland,ISIC4_C,4330.38
2006,NV_IND_MANFPC,Iceland,ISIC4_C,4365.73
2007,NV_IND_MANFPC,Iceland,ISIC4_C,4429.36
2008,NV_IND_MANFPC,Iceland,ISIC4_C,4678.28
2009,NV_IND_MANFPC,Iceland,ISIC4_C,4513.47
2010,NV_IND_MANFPC,Iceland,ISIC4_C,4624.59
2011,NV_IND_MANFPC,Iceland,ISIC4_C,4971.38
2012,NV_IND_MANFPC,Iceland,ISIC4_C,5106.37
2013,NV_IND_MANFPC,Iceland,ISIC4_C,5381.07
2016,NV_IND_MANFPC,Portugal,ISIC4_C,2390.12
2017,NV_IND_MANFPC,Portugal,ISIC4_C,2540.27
2018,NV_IND_MANFPC,Portugal,ISIC4_C,2635.25
2019,NV_IND_MANFPC,Portugal,ISIC4_C,2650.19
2020,NV_IND_MANFPC,Portugal,ISIC4_C,2456.47
2021,NV_IND_MANFPC,Portugal,ISIC4_C,2623.58
2022,NV_IND_MANFPC,Portugal,ISIC4_C,2800.85
2000,NV_IND_MANFPC,Romania,ISIC4_C,885.88
2001,NV_IND_MANFPC,Romania,ISIC4_C,990.04
2002,NV_IND_MANFPC,Romania,ISIC4_C,1056.45
2003,NV_IND_MANFPC,Romania,ISIC4_C,1125.29
2004,NV_IND_MANFPC,Romania,ISIC4_C,1238.84
2005,NV_IND_MANFPC,Romania,ISIC4_C,1296.06
2006,NV_IND_MANFPC,Romania,ISIC4_C,1414.77
2007,NV_IND_MANFPC,Romania,ISIC4_C,1419.17
2008,NV_IND_MANFPC,Romania,ISIC4_C,1659.91
2009,NV_IND_MANFPC,Romania,ISIC4_C,1571.74
2010,NV_IND_MANFPC,Romania,ISIC4_C,1597.91
2011,NV_IND_MANFPC,Romania,ISIC4_C,1779.23
2012,NV_IND_MANFPC,Romania,ISIC4_C,1550.05
2013,NV_IND_MANFPC,Romania,ISIC4_C,1547.6
2014,NV_IND_MANFPC,Romania,ISIC4_C,1712.46
2015,NV_IND_MANFPC,Romania,ISIC4_C,1805.83
2016,NV_IND_MANFPC,Romania,ISIC4_C,1838.59
2017,NV_IND_MANFPC,Romania,ISIC4_C,2002.27
2018,NV_IND_MANFPC,Romania,ISIC4_C,2141.36
2019,NV_IND_MANFPC,Romania,ISIC4_C,2116.39
2020,NV_IND_MANFPC,Romania,ISIC4_C,1954.06
2021,NV_IND_MANFPC,Romania,ISIC4_C,2091.6
2022,NV_IND_MANFPC,Romania,ISIC4_C,2166.14
2014,NV_IND_MANFPC,Iceland,ISIC4_C,5445.81
2015,NV_IND_MANFPC,Iceland,ISIC4_C,5659.98
2016,NV_IND_MANFPC,Iceland,ISIC4_C,5514.72
2017,NV_IND_MANFPC,Iceland,ISIC4_C,5451.78
2018,NV_IND_MANFPC,Iceland,ISIC4_C,5560.26
2019,NV_IND_MANFPC,Iceland,ISIC4_C,5247.1
2020,NV_IND_MANFPC,Iceland,ISIC4_C,4907.08
2021,NV_IND_MANFPC,Iceland,ISIC4_C,5056.53
2022,NV_IND_MANFPC,Iceland,ISIC4_C,5223.84
2000,NV_IND_MANFPC,India,ISIC4_C,103.81
2001,NV_IND_MANFPC,India,ISIC4_C,105.59
2002,NV_IND_MANFPC,India,ISIC4_C,108.29
2003,NV_IND_MANFPC,India,ISIC4_C,113.74
2004,NV_IND_MANFPC,India,ISIC4_C,122.68
2005,NV_IND_MANFPC,India,ISIC4_C,132.02
2006,NV_IND_MANFPC,India,ISIC4_C,153.15
2007,NV_IND_MANFPC,India,ISIC4_C,161.46
2008,NV_IND_MANFPC,India,ISIC4_C,166.6
2009,NV_IND_MANFPC,India,ISIC4_C,182.32
2010,NV_IND_MANFPC,India,ISIC4_C,193.66
2011,NV_IND_MANFPC,India,ISIC4_C,197.01
2012,NV_IND_MANFPC,India,ISIC4_C,205.0
2013,NV_IND_MANFPC,India,ISIC4_C,212.41
2014,NV_IND_MANFPC,India,ISIC4_C,226.36
2015,NV_IND_MANFPC,India,ISIC4_C,252.9
2016,NV_IND_MANFPC,India,ISIC4_C,269.73
2017,NV_IND_MANFPC,India,ISIC4_C,286.7
2018,NV_IND_MANFPC,India,ISIC4_C,298.94
2019,NV_IND_MANFPC,India,ISIC4_C,287.29
2020,NV_IND_MANFPC,India,ISIC4_C,282.86
2021,NV_IND_MANFPC,India,ISIC4_C,308.46
2022,NV_IND_MANFPC,India,ISIC4_C,328.63
2000,NV_IND_MANFPC,Serbia,ISIC4_C,558.1
2001,NV_IND_MANFPC,Serbia,ISIC4_C,585.71
2002,NV_IND_MANFPC,Serbia,ISIC4_C,637.8
2003,NV_IND_MANFPC,Serbia,ISIC4_C,650.11
2004,NV_IND_MANFPC,Serbia,ISIC4_C,705.5
2005,NV_IND_MANFPC,Serbia,ISIC4_C,724.97
2006,NV_IND_MANFPC,Serbia,ISIC4_C,730.16
2007,NV_IND_MANFPC,Serbia,ISIC4_C,776.84
2008,NV_IND_MANFPC,Serbia,ISIC4_C,807.6
2009,NV_IND_MANFPC,Serbia,ISIC4_C,708.67
2010,NV_IND_MANFPC,Serbia,ISIC4_C,716.93
2011,NV_IND_MANFPC,Serbia,ISIC4_C,730.78
2012,NV_IND_MANFPC,Serbia,ISIC4_C,751.55
2013,NV_IND_MANFPC,Serbia,ISIC4_C,802.0
2014,NV_IND_MANFPC,Serbia,ISIC4_C,752.82
2015,NV_IND_MANFPC,Serbia,ISIC4_C,778.82
2016,NV_IND_MANFPC,Serbia,ISIC4_C,804.83
2017,NV_IND_MANFPC,Serbia,ISIC4_C,844.34
2018,NV_IND_MANFPC,Serbia,ISIC4_C,860.4
2019,NV_IND_MANFPC,Serbia,ISIC4_C,864.74
2020,NV_IND_MANFPC,Serbia,ISIC4_C,871.43
2021,NV_IND_MANFPC,Serbia,ISIC4_C,924.69
2000,NV_IND_MANFPC,Ireland,ISIC4_C,11359.64
2001,NV_IND_MANFPC,Ireland,ISIC4_C,11766.69
2002,NV_IND_MANFPC,Ireland,ISIC4_C,12919.18
2003,NV_IND_MANFPC,Ireland,ISIC4_C,12606.31
2004,NV_IND_MANFPC,Ireland,ISIC4_C,12300.46
2005,NV_IND_MANFPC,Ireland,ISIC4_C,12722.46
2006,NV_IND_MANFPC,Ireland,ISIC4_C,12644.1
2007,NV_IND_MANFPC,Ireland,ISIC4_C,13004.42
2008,NV_IND_MANFPC,Ireland,ISIC4_C,11514.37
2009,NV_IND_MANFPC,Ireland,ISIC4_C,10815.17
2010,NV_IND_MANFPC,Ireland,ISIC4_C,11233.64
2011,NV_IND_MANFPC,Ireland,ISIC4_C,11600.48
2012,NV_IND_MANFPC,Ireland,ISIC4_C,11310.11
2013,NV_IND_MANFPC,Ireland,ISIC4_C,10724.08
2014,NV_IND_MANFPC,Ireland,ISIC4_C,11785.39
2015,NV_IND_MANFPC,Ireland,ISIC4_C,21660.42
2016,NV_IND_MANFPC,Ireland,ISIC4_C,21018.28
2017,NV_IND_MANFPC,Ireland,ISIC4_C,21547.08
2018,NV_IND_MANFPC,Ireland,ISIC4_C,23680.26
2019,NV_IND_MANFPC,Ireland,ISIC4_C,23830.6
2022,NV_IND_MANFPC,Serbia,ISIC4_C,950.59
2000,NV_IND_MANFPC,Slovakia,ISIC4_C,859.92
2001,NV_IND_MANFPC,Slovakia,ISIC4_C,1003.21
2002,NV_IND_MANFPC,Slovakia,ISIC4_C,1035.74
2003,NV_IND_MANFPC,Slovakia,ISIC4_C,1212.68
2004,NV_IND_MANFPC,Slovakia,ISIC4_C,1462.38
2005,NV_IND_MANFPC,Slovakia,ISIC4_C,1654.71
2006,NV_IND_MANFPC,Slovakia,ISIC4_C,1858.7
2007,NV_IND_MANFPC,Slovakia,ISIC4_C,2047.96
2008,NV_IND_MANFPC,Slovakia,ISIC4_C,2112.37
2006,NV_IND_MANFPC,Belgium,ISIC4_C,5278.7
2007,NV_IND_MANFPC,Belgium,ISIC4_C,5576.27
2008,NV_IND_MANFPC,Belgium,ISIC4_C,5353.26
2009,NV_IND_MANFPC,Belgium,ISIC4_C,4853.01
2010,NV_IND_MANFPC,Belgium,ISIC4_C,5112.58
2011,NV_IND_MANFPC,Belgium,ISIC4_C,5082.84
2012,NV_IND_MANFPC,Belgium,ISIC4_C,4968.7
2013,NV_IND_MANFPC,Belgium,ISIC4_C,4987.56
2014,NV_IND_MANFPC,Belgium,ISIC4_C,5109.21
2015,NV_IND_MANFPC,Belgium,ISIC4_C,5215.2
2020,NV_IND_MANFPC,Ireland,ISIC4_C,29078.88
2021,NV_IND_MANFPC,Ireland,ISIC4_C,35364.94
2022,NV_IND_MANFPC,Ireland,ISIC4_C,41783.25
2000,NV_IND_MANFPC,Israel,ISIC4_C,5708.51
2001,NV_IND_MANFPC,Israel,ISIC4_C,5161.4
2002,NV_IND_MANFPC,Israel,ISIC4_C,4786.6
2003,NV_IND_MANFPC,Israel,ISIC4_C,4781.4
2004,NV_IND_MANFPC,Israel,ISIC4_C,4790.58
2005,NV_IND_MANFPC,Israel,ISIC4_C,5155.02
2006,NV_IND_MANFPC,Israel,ISIC4_C,5237.58
2016,NV_IND_MANFPC,Belgium,ISIC4_C,5098.39
2017,NV_IND_MANFPC,Belgium,ISIC4_C,5145.87
2018,NV_IND_MANFPC,Belgium,ISIC4_C,5117.12
2019,NV_IND_MANFPC,Belgium,ISIC4_C,5298.19
2020,NV_IND_MANFPC,Belgium,ISIC4_C,5056.68
2021,NV_IND_MANFPC,Belgium,ISIC4_C,5036.53
2022,NV_IND_MANFPC,Belgium,ISIC4_C,5161.01
2000,NV_IND_MANFPC,Bosnia and Herzegovina,ISIC4_C,211.1
2001,NV_IND_MANFPC,Bosnia and Herzegovina,ISIC4_C,223.93
2002,NV_IND_MANFPC,Bosnia and Herzegovina,ISIC4_C,242.43
2009,NV_IND_MANFPC,Slovakia,ISIC4_C,1795.9
2010,NV_IND_MANFPC,Slovakia,ISIC4_C,2299.84
2011,NV_IND_MANFPC,Slovakia,ISIC4_C,2392.11
2012,NV_IND_MANFPC,Slovakia,ISIC4_C,2398.48
2013,NV_IND_MANFPC,Slovakia,ISIC4_C,2374.34
2014,NV_IND_MANFPC,Slovakia,ISIC4_C,2851.35
2015,NV_IND_MANFPC,Slovakia,ISIC4_C,3208.85
2016,NV_IND_MANFPC,Slovakia,ISIC4_C,3173.12
2017,NV_IND_MANFPC,Slovakia,ISIC4_C,3204.52
2018,NV_IND_MANFPC,Slovakia,ISIC4_C,3587.9
2003,NV_IND_MANFPC,Bosnia and Herzegovina,ISIC4_C,250.64
2004,NV_IND_MANFPC,Bosnia and Herzegovina,ISIC4_C,264.86
2005,NV_IND_MANFPC,Bosnia and Herzegovina,ISIC4_C,293.19
2006,NV_IND_MANFPC,Bosnia and Herzegovina,ISIC4_C,338.17
2007,NV_IND_MANFPC,Bosnia and Herzegovina,ISIC4_C,378.83
2008,NV_IND_MANFPC,Bosnia and Herzegovina,ISIC4_C,409.7
2009,NV_IND_MANFPC,Bosnia and Herzegovina,ISIC4_C,393.88
2010,NV_IND_MANFPC,Bosnia and Herzegovina,ISIC4_C,429.67
2011,NV_IND_MANFPC,Bosnia and Herzegovina,ISIC4_C,437.29
2012,NV_IND_MANFPC,Bosnia and Herzegovina,ISIC4_C,441.9
2019,NV_IND_MANFPC,Slovakia,ISIC4_C,3855.82
2020,NV_IND_MANFPC,Slovakia,ISIC4_C,3270.15
2021,NV_IND_MANFPC,Slovakia,ISIC4_C,3527.66
2022,NV_IND_MANFPC,Slovakia,ISIC4_C,3540.36
2000,NV_IND_MANFPC,Viet Nam,ISIC4_C,128.29
2001,NV_IND_MANFPC,Viet Nam,ISIC4_C,141.39
2002,NV_IND_MANFPC,Viet Nam,ISIC4_C,156.17
2003,NV_IND_MANFPC,Viet Nam,ISIC4_C,172.4
2004,NV_IND_MANFPC,Viet Nam,ISIC4_C,189.19
2005,NV_IND_MANFPC,Viet Nam,ISIC4_C,211.5
2006,NV_IND_MANFPC,Viet Nam,ISIC4_C,263.2
2007,NV_IND_MANFPC,Viet Nam,ISIC4_C,323.63
2008,NV_IND_MANFPC,Viet Nam,ISIC4_C,388.85
2009,NV_IND_MANFPC,Viet Nam,ISIC4_C,435.15
2010,NV_IND_MANFPC,Viet Nam,ISIC4_C,379.64
2011,NV_IND_MANFPC,Viet Nam,ISIC4_C,422.9
2012,NV_IND_MANFPC,Viet Nam,ISIC4_C,453.46
2013,NV_IND_MANFPC,Viet Nam,ISIC4_C,477.77
2014,NV_IND_MANFPC,Viet Nam,ISIC4_C,503.42
2015,NV_IND_MANFPC,Viet Nam,ISIC4_C,543.96
2007,NV_IND_MANFPC,Israel,ISIC4_C,5392.02
2008,NV_IND_MANFPC,Israel,ISIC4_C,5077.45
2009,NV_IND_MANFPC,Israel,ISIC4_C,4674.24
2010,NV_IND_MANFPC,Israel,ISIC4_C,5282.68
2011,NV_IND_MANFPC,Israel,ISIC4_C,5196.24
2012,NV_IND_MANFPC,Israel,ISIC4_C,5145.29
2013,NV_IND_MANFPC,Israel,ISIC4_C,4960.02
2014,NV_IND_MANFPC,Israel,ISIC4_C,4936.6
2015,NV_IND_MANFPC,Israel,ISIC4_C,4759.4
2016,NV_IND_MANFPC,Israel,ISIC4_C,4475.34
2017,NV_IND_MANFPC,Israel,ISIC4_C,4607.93
2016,NV_IND_MANFPC,Viet Nam,ISIC4_C,598.49
2017,NV_IND_MANFPC,Viet Nam,ISIC4_C,664.6
2018,NV_IND_MANFPC,Viet Nam,ISIC4_C,734.01
2019,NV_IND_MANFPC,Viet Nam,ISIC4_C,797.2
2020,NV_IND_MANFPC,Viet Nam,ISIC4_C,829.44
2021,NV_IND_MANFPC,Viet Nam,ISIC4_C,872.26
2022,NV_IND_MANFPC,Viet Nam,ISIC4_C,971.06
2000,NV_IND_MANFPC,Slovenia,ISIC4_C,2983.26
2001,NV_IND_MANFPC,Slovenia,ISIC4_C,3140.84
2002,NV_IND_MANFPC,Slovenia,ISIC4_C,3307.67
2013,NV_IND_MANFPC,Bosnia and Herzegovina,ISIC4_C,471.32
2014,NV_IND_MANFPC,Bosnia and Herzegovina,ISIC4_C,497.97
2015,NV_IND_MANFPC,Bosnia and Herzegovina,ISIC4_C,536.83
2016,NV_IND_MANFPC,Bosnia and Herzegovina,ISIC4_C,572.79
2017,NV_IND_MANFPC,Bosnia and Herzegovina,ISIC4_C,627.77
2018,NV_IND_MANFPC,Bosnia and Herzegovina,ISIC4_C,646.34
2019,NV_IND_MANFPC,Bosnia and Herzegovina,ISIC4_C,654.49
2020,NV_IND_MANFPC,Bosnia and Herzegovina,ISIC4_C,634.5
2021,NV_IND_MANFPC,Bosnia and Herzegovina,ISIC4_C,736.53
2022,NV_IND_MANFPC,Bosnia and Herzegovina,ISIC4_C,782.89
2018,NV_IND_MANFPC,Israel,ISIC4_C,4925.11
2019,NV_IND_MANFPC,Israel,ISIC4_C,4892.23
2020,NV_IND_MANFPC,Israel,ISIC4_C,4848.68
2021,NV_IND_MANFPC,Israel,ISIC4_C,4997.16
2022,NV_IND_MANFPC,Israel,ISIC4_C,5183.62
2000,NV_IND_MANFPC,Italy,ISIC4_C,5053.11
2001,NV_IND_MANFPC,Italy,ISIC4_C,5033.34
2002,NV_IND_MANFPC,Italy,ISIC4_C,5020.79
2003,NV_IND_MANFPC,Italy,ISIC4_C,4891.76
2004,NV_IND_MANFPC,Italy,ISIC4_C,4935.66
2005,NV_IND_MANFPC,Italy,ISIC4_C,4939.65
2006,NV_IND_MANFPC,Italy,ISIC4_C,5139.22
2007,NV_IND_MANFPC,Italy,ISIC4_C,5267.53
2008,NV_IND_MANFPC,Italy,ISIC4_C,5057.68
2009,NV_IND_MANFPC,Italy,ISIC4_C,4099.71
2010,NV_IND_MANFPC,Italy,ISIC4_C,4466.52
2011,NV_IND_MANFPC,Italy,ISIC4_C,4523.13
2012,NV_IND_MANFPC,Italy,ISIC4_C,4330.46
2013,NV_IND_MANFPC,Italy,ISIC4_C,4263.86
2014,NV_IND_MANFPC,Italy,ISIC4_C,4272.62
2015,NV_IND_MANFPC,Italy,ISIC4_C,4387.71
2016,NV_IND_MANFPC,Italy,ISIC4_C,4526.77
2017,NV_IND_MANFPC,Italy,ISIC4_C,4693.04
2018,NV_IND_MANFPC,Italy,ISIC4_C,4784.03
2019,NV_IND_MANFPC,Italy,ISIC4_C,4774.72
2020,NV_IND_MANFPC,Italy,ISIC4_C,4150.33
2021,NV_IND_MANFPC,Italy,ISIC4_C,4704.01
2022,NV_IND_MANFPC,Italy,ISIC4_C,4980.89
2000,NV_IND_MANFPC,Japan,ISIC4_C,6164.34
2001,NV_IND_MANFPC,Japan,ISIC4_C,5833.43
2002,NV_IND_MANFPC,Japan,ISIC4_C,5743.72
2003,NV_IND_MANFPC,Japan,ISIC4_C,5984.18
2004,NV_IND_MANFPC,Japan,ISIC4_C,6299.01
2003,NV_IND_MANFPC,Slovenia,ISIC4_C,3487.43
2004,NV_IND_MANFPC,Slovenia,ISIC4_C,3675.06
2005,NV_IND_MANFPC,Slovenia,ISIC4_C,3793.3
2006,NV_IND_MANFPC,Slovenia,ISIC4_C,4041.37
2007,NV_IND_MANFPC,Slovenia,ISIC4_C,4375.05
2008,NV_IND_MANFPC,Slovenia,ISIC4_C,4400.07
2009,NV_IND_MANFPC,Slovenia,ISIC4_C,3693.43
2010,NV_IND_MANFPC,Slovenia,ISIC4_C,3904.56
2011,NV_IND_MANFPC,Slovenia,ISIC4_C,4014.6
2012,NV_IND_MANFPC,Slovenia,ISIC4_C,3892.15
2013,NV_IND_MANFPC,Slovenia,ISIC4_C,3857.73
2014,NV_IND_MANFPC,Slovenia,ISIC4_C,4027.42
2015,NV_IND_MANFPC,Slovenia,ISIC4_C,4129.02
2016,NV_IND_MANFPC,Slovenia,ISIC4_C,4339.56
2017,NV_IND_MANFPC,Slovenia,ISIC4_C,4657.17
2018,NV_IND_MANFPC,Slovenia,ISIC4_C,4792.12
2019,NV_IND_MANFPC,Slovenia,ISIC4_C,5168.23
2020,NV_IND_MANFPC,Slovenia,ISIC4_C,4996.6
2021,NV_IND_MANFPC,Slovenia,ISIC4_C,5562.01
2022,NV_IND_MANFPC,Slovenia,ISIC4_C,5964.22
2000,NV_IND_MANFPC,Spain,ISIC4_C,3560.74
2001,NV_IND_MANFPC,Spain,ISIC4_C,3662.19
2002,NV_IND_MANFPC,Spain,ISIC4_C,3622.0
2003,NV_IND_MANFPC,Spain,ISIC4_C,3610.26
2004,NV_IND_MANFPC,Spain,ISIC4_C,3563.16
2005,NV_IND_MANFPC,Spain,ISIC4_C,3551.37
2006,NV_IND_MANFPC,Spain,ISIC4_C,3575.05
2007,NV_IND_MANFPC,Spain,ISIC4_C,3545.45
2008,NV_IND_MANFPC,Spain,ISIC4_C,3400.34
2009,NV_IND_MANFPC,Spain,ISIC4_C,2985.27
2010,NV_IND_MANFPC,Spain,ISIC4_C,2961.75
2011,NV_IND_MANFPC,Spain,ISIC4_C,2904.55
2012,NV_IND_MANFPC,Spain,ISIC4_C,2733.1
2013,NV_IND_MANFPC,Spain,ISIC4_C,2713.59
2014,NV_IND_MANFPC,Spain,ISIC4_C,2778.0
2015,NV_IND_MANFPC,Spain,ISIC4_C,2908.38
2016,NV_IND_MANFPC,Spain,ISIC4_C,2972.53
2017,NV_IND_MANFPC,Spain,ISIC4_C,3133.96
2018,NV_IND_MANFPC,Spain,ISIC4_C,3084.37
2019,NV_IND_MANFPC,Spain,ISIC4_C,3076.0
2020,NV_IND_MANFPC,Spain,ISIC4_C,2589.89
2021,NV_IND_MANFPC,Spain,ISIC4_C,2813.23
2022,NV_IND_MANFPC,Spain,ISIC4_C,2967.24
2000,NV_IND_MANFPC,Sweden,ISIC4_C,6703.46
2001,NV_IND_MANFPC,Sweden,ISIC4_C,6626.03
2002,NV_IND_MANFPC,Sweden,ISIC4_C,6908.93
2003,NV_IND_MANFPC,Sweden,ISIC4_C,7118.53
2004,NV_IND_MANFPC,Sweden,ISIC4_C,7487.47
2005,NV_IND_MANFPC,Sweden,ISIC4_C,7663.03
2006,NV_IND_MANFPC,Sweden,ISIC4_C,8183.23
2007,NV_IND_MANFPC,Sweden,ISIC4_C,8463.23
2008,NV_IND_MANFPC,Sweden,ISIC4_C,8054.09
2005,NV_IND_MANFPC,Japan,ISIC4_C,6601.75
2006,NV_IND_MANFPC,Japan,ISIC4_C,6849.02
2007,NV_IND_MANFPC,Japan,ISIC4_C,7197.22
2008,NV_IND_MANFPC,Japan,ISIC4_C,7175.31
2009,NV_IND_MANFPC,Japan,ISIC4_C,5887.79
2010,NV_IND_MANFPC,Japan,ISIC4_C,6852.2
2011,NV_IND_MANFPC,Japan,ISIC4_C,6653.17
2012,NV_IND_MANFPC,Japan,ISIC4_C,6800.76
2013,NV_IND_MANFPC,Japan,ISIC4_C,6770.68
2014,NV_IND_MANFPC,Japan,ISIC4_C,6936.96
2015,NV_IND_MANFPC,Japan,ISIC4_C,7147.63
2016,NV_IND_MANFPC,Japan,ISIC4_C,7169.6
2017,NV_IND_MANFPC,Japan,ISIC4_C,7485.62
2018,NV_IND_MANFPC,Japan,ISIC4_C,7761.08
2019,NV_IND_MANFPC,Japan,ISIC4_C,7602.96
2020,NV_IND_MANFPC,Japan,ISIC4_C,7130.14
2021,NV_IND_MANFPC,Japan,ISIC4_C,7140.07
2022,NV_IND_MANFPC,Japan,ISIC4_C,7283.3
2000,NV_IND_MANFPC,Kazakhstan,ISIC4_C,555.67
2001,NV_IND_MANFPC,Kazakhstan,ISIC4_C,629.93
2002,NV_IND_MANFPC,Kazakhstan,ISIC4_C,675.26
2003,NV_IND_MANFPC,Kazakhstan,ISIC4_C,724.93
2004,NV_IND_MANFPC,Kazakhstan,ISIC4_C,792.73
2005,NV_IND_MANFPC,Kazakhstan,ISIC4_C,841.73
2006,NV_IND_MANFPC,Kazakhstan,ISIC4_C,898.67
2007,NV_IND_MANFPC,Kazakhstan,ISIC4_C,955.89
2008,NV_IND_MANFPC,Kazakhstan,ISIC4_C,916.32
2009,NV_IND_MANFPC,Kazakhstan,ISIC4_C,879.48
2010,NV_IND_MANFPC,Kazakhstan,ISIC4_C,985.55
2011,NV_IND_MANFPC,Kazakhstan,ISIC4_C,1040.35
2012,NV_IND_MANFPC,Kazakhstan,ISIC4_C,1056.8
2013,NV_IND_MANFPC,Kazakhstan,ISIC4_C,1072.72
2014,NV_IND_MANFPC,Kazakhstan,ISIC4_C,1074.34
2015,NV_IND_MANFPC,Kazakhstan,ISIC4_C,1062.28
2016,NV_IND_MANFPC,Kazakhstan,ISIC4_C,1066.73
2017,NV_IND_MANFPC,Kazakhstan,ISIC4_C,1121.87
2018,NV_IND_MANFPC,Kazakhstan,ISIC4_C,1158.21
2019,NV_IND_MANFPC,Kazakhstan,ISIC4_C,1211.6
2020,NV_IND_MANFPC,Kazakhstan,ISIC4_C,1245.16
2021,NV_IND_MANFPC,Kazakhstan,ISIC4_C,1300.09
2022,NV_IND_MANFPC,Kazakhstan,ISIC4_C,1326.52
2000,NV_IND_MANFPC,Republic of Korea,ISIC4_C,3919.99
2001,NV_IND_MANFPC,Republic of Korea,ISIC4_C,4007.78
2002,NV_IND_MANFPC,Republic of Korea,ISIC4_C,4364.01
2003,NV_IND_MANFPC,Republic of Korea,ISIC4_C,4562.34
2004,NV_IND_MANFPC,Republic of Korea,ISIC4_C,5014.21
2005,NV_IND_MANFPC,Republic of Korea,ISIC4_C,5262.92
2006,NV_IND_MANFPC,Republic of Korea,ISIC4_C,5657.73
2007,NV_IND_MANFPC,Republic of Korea,ISIC4_C,6098.96
2008,NV_IND_MANFPC,Republic of Korea,ISIC4_C,6291.9
2009,NV_IND_MANFPC,Republic of Korea,ISIC4_C,6121.03
2010,NV_IND_MANFPC,Republic of Korea,ISIC4_C,6922.79
2011,NV_IND_MANFPC,Republic of Korea,ISIC4_C,7232.83
2012,NV_IND_MANFPC,Republic of Korea,ISIC4_C,7266.3
2013,NV_IND_MANFPC,Republic of Korea,ISIC4_C,7420.16
2014,NV_IND_MANFPC,Republic of Korea,ISIC4_C,7586.3
2015,NV_IND_MANFPC,Republic of Korea,ISIC4_C,7647.59
2016,NV_IND_MANFPC,Republic of Korea,ISIC4_C,7775.62
2017,NV_IND_MANFPC,Republic of Korea,ISIC4_C,8033.09
2018,NV_IND_MANFPC,Republic of Korea,ISIC4_C,8271.88
2019,NV_IND_MANFPC,Republic of Korea,ISIC4_C,8343.84
2020,NV_IND_MANFPC,Republic of Korea,ISIC4_C,8247.85
2021,NV_IND_MANFPC,Republic of Korea,ISIC4_C,8818.73
2022,NV_IND_MANFPC,Republic of Korea,ISIC4_C,9054.29
2000,NV_IND_MANFPC,Kyrgyzstan,ISIC4_C,170.18
2001,NV_IND_MANFPC,Kyrgyzstan,ISIC4_C,183.89
2002,NV_IND_MANFPC,Kyrgyzstan,ISIC4_C,162.42
2003,NV_IND_MANFPC,Kyrgyzstan,ISIC4_C,189.46
2004,NV_IND_MANFPC,Kyrgyzstan,ISIC4_C,191.41
2005,NV_IND_MANFPC,Kyrgyzstan,ISIC4_C,157.48
2006,NV_IND_MANFPC,Kyrgyzstan,ISIC4_C,133.82
2007,NV_IND_MANFPC,Kyrgyzstan,ISIC4_C,141.02
2008,NV_IND_MANFPC,Kyrgyzstan,ISIC4_C,169.31
2009,NV_IND_MANFPC,Kyrgyzstan,ISIC4_C,151.61
2010,NV_IND_MANFPC,Kyrgyzstan,ISIC4_C,166.64
2011,NV_IND_MANFPC,Kyrgyzstan,ISIC4_C,173.66
2012,NV_IND_MANFPC,Kyrgyzstan,ISIC4_C,124.0
2013,NV_IND_MANFPC,Kyrgyzstan,ISIC4_C,180.13
2014,NV_IND_MANFPC,Kyrgyzstan,ISIC4_C,172.13
2015,NV_IND_MANFPC,Kyrgyzstan,ISIC4_C,158.64
2016,NV_IND_MANFPC,Kyrgyzstan,ISIC4_C,165.03
2017,NV_IND_MANFPC,Kyrgyzstan,ISIC4_C,173.13
2018,NV_IND_MANFPC,Kyrgyzstan,ISIC4_C,178.92
2019,NV_IND_MANFPC,Kyrgyzstan,ISIC4_C,189.85
2020,NV_IND_MANFPC,Kyrgyzstan,ISIC4_C,173.67
2021,NV_IND_MANFPC,Kyrgyzstan,ISIC4_C,182.03
2022,NV_IND_MANFPC,Kyrgyzstan,ISIC4_C,194.29
2000,NV_IND_MANFPC,Latvia,ISIC4_C,899.65
2001,NV_IND_MANFPC,Latvia,ISIC4_C,977.52
2002,NV_IND_MANFPC,Latvia,ISIC4_C,1105.01
2003,NV_IND_MANFPC,Latvia,ISIC4_C,1156.36
2004,NV_IND_MANFPC,Latvia,ISIC4_C,1246.78
2005,NV_IND_MANFPC,Latvia,ISIC4_C,1328.66
2006,NV_IND_MANFPC,Latvia,ISIC4_C,1446.02
2007,NV_IND_MANFPC,Latvia,ISIC4_C,1453.35
2008,NV_IND_MANFPC,Latvia,ISIC4_C,1364.29
2009,NV_IND_MANFPC,Latvia,ISIC4_C,1077.62
2010,NV_IND_MANFPC,Latvia,ISIC4_C,1242.17
2011,NV_IND_MANFPC,Latvia,ISIC4_C,1283.74
2012,NV_IND_MANFPC,Latvia,ISIC4_C,1362.66
2013,NV_IND_MANFPC,Latvia,ISIC4_C,1366.55
2014,NV_IND_MANFPC,Latvia,ISIC4_C,1358.37
2015,NV_IND_MANFPC,Latvia,ISIC4_C,1432.13
2016,NV_IND_MANFPC,Latvia,ISIC4_C,1470.66
2017,NV_IND_MANFPC,Latvia,ISIC4_C,1585.55
2018,NV_IND_MANFPC,Latvia,ISIC4_C,1721.82
2019,NV_IND_MANFPC,Latvia,ISIC4_C,1803.42
2020,NV_IND_MANFPC,Latvia,ISIC4_C,1867.52
2021,NV_IND_MANFPC,Latvia,ISIC4_C,2029.86
2022,NV_IND_MANFPC,Latvia,ISIC4_C,2067.88
2000,NV_IND_MANFPC,Liechtenstein,ISIC4_C,52480.23
2001,NV_IND_MANFPC,Liechtenstein,ISIC4_C,54904.15
2002,NV_IND_MANFPC,Liechtenstein,ISIC4_C,55084.13
2003,NV_IND_MANFPC,Liechtenstein,ISIC4_C,54286.85
2004,NV_IND_MANFPC,Liechtenstein,ISIC4_C,54861.4
2005,NV_IND_MANFPC,Liechtenstein,ISIC4_C,56732.9
2006,NV_IND_MANFPC,Liechtenstein,ISIC4_C,60239.27
2007,NV_IND_MANFPC,Liechtenstein,ISIC4_C,63885.87
2008,NV_IND_MANFPC,Liechtenstein,ISIC4_C,64819.04
2009,NV_IND_MANFPC,Liechtenstein,ISIC4_C,59073.6
2010,NV_IND_MANFPC,Liechtenstein,ISIC4_C,60415.89
2011,NV_IND_MANFPC,Liechtenstein,ISIC4_C,62056.35
2012,NV_IND_MANFPC,Liechtenstein,ISIC4_C,61199.23
2013,NV_IND_MANFPC,Liechtenstein,ISIC4_C,62135.39
2014,NV_IND_MANFPC,Liechtenstein,ISIC4_C,62107.55
2015,NV_IND_MANFPC,Liechtenstein,ISIC4_C,61098.8
2016,NV_IND_MANFPC,Liechtenstein,ISIC4_C,62881.04
2017,NV_IND_MANFPC,Liechtenstein,ISIC4_C,67656.23
2018,NV_IND_MANFPC,Liechtenstein,ISIC4_C,64419.19
2019,NV_IND_MANFPC,Liechtenstein,ISIC4_C,65871.18
2020,NV_IND_MANFPC,Liechtenstein,ISIC4_C,58102.92
2021,NV_IND_MANFPC,Liechtenstein,ISIC4_C,59930.76
2022,NV_IND_MANFPC,Liechtenstein,ISIC4_C,60683.56
2000,NV_IND_MANFPC,Lithuania,ISIC4_C,850.4
2001,NV_IND_MANFPC,Lithuania,ISIC4_C,973.8
2002,NV_IND_MANFPC,Lithuania,ISIC4_C,1037.11
2003,NV_IND_MANFPC,Lithuania,ISIC4_C,1193.83
2004,NV_IND_MANFPC,Lithuania,ISIC4_C,1361.76
2005,NV_IND_MANFPC,Lithuania,ISIC4_C,1509.94
2006,NV_IND_MANFPC,Lithuania,ISIC4_C,1680.82
2007,NV_IND_MANFPC,Lithuania,ISIC4_C,1789.49
2008,NV_IND_MANFPC,Lithuania,ISIC4_C,1857.43
2009,NV_IND_MANFPC,Lithuania,ISIC4_C,1581.16
2010,NV_IND_MANFPC,Lithuania,ISIC4_C,1746.42
2011,NV_IND_MANFPC,Lithuania,ISIC4_C,1948.87
2012,NV_IND_MANFPC,Lithuania,ISIC4_C,2070.4
2013,NV_IND_MANFPC,Lithuania,ISIC4_C,2190.63
2014,NV_IND_MANFPC,Lithuania,ISIC4_C,2311.25
2015,NV_IND_MANFPC,Lithuania,ISIC4_C,2405.35
2016,NV_IND_MANFPC,Lithuania,ISIC4_C,2506.63
2017,NV_IND_MANFPC,Lithuania,ISIC4_C,2673.68
2018,NV_IND_MANFPC,Lithuania,ISIC4_C,2804.22
2019,NV_IND_MANFPC,Lithuania,ISIC4_C,2943.75
2020,NV_IND_MANFPC,Lithuania,ISIC4_C,3005.28
2021,NV_IND_MANFPC,Lithuania,ISIC4_C,3393.45
2022,NV_IND_MANFPC,Lithuania,ISIC4_C,3527.0
2000,NV_IND_MANFPC,Luxembourg,ISIC4_C,6624.15
2001,NV_IND_MANFPC,Luxembourg,ISIC4_C,6381.18
2002,NV_IND_MANFPC,Luxembourg,ISIC4_C,6611.49
2003,NV_IND_MANFPC,Luxembourg,ISIC4_C,7326.04
2004,NV_IND_MANFPC,Luxembourg,ISIC4_C,7109.67
2005,NV_IND_MANFPC,Luxembourg,ISIC4_C,6947.91
2006,NV_IND_MANFPC,Luxembourg,ISIC4_C,6550.25
2007,NV_IND_MANFPC,Luxembourg,ISIC4_C,7527.47
2008,NV_IND_MANFPC,Luxembourg,ISIC4_C,5992.46
2009,NV_IND_MANFPC,Luxembourg,ISIC4_C,4776.97
2010,NV_IND_MANFPC,Luxembourg,ISIC4_C,4927.53
2011,NV_IND_MANFPC,Luxembourg,ISIC4_C,4319.48
2012,NV_IND_MANFPC,Luxembourg,ISIC4_C,4428.21
2013,NV_IND_MANFPC,Luxembourg,ISIC4_C,4830.53
2014,NV_IND_MANFPC,Luxembourg,ISIC4_C,4962.73
2015,NV_IND_MANFPC,Luxembourg,ISIC4_C,5778.59
2016,NV_IND_MANFPC,Luxembourg,ISIC4_C,5970.15
2017,NV_IND_MANFPC,Luxembourg,ISIC4_C,4919.88
2018,NV_IND_MANFPC,Luxembourg,ISIC4_C,4730.01
2019,NV_IND_MANFPC,Luxembourg,ISIC4_C,5255.52
2020,NV_IND_MANFPC,Luxembourg,ISIC4_C,5184.35
2021,NV_IND_MANFPC,Luxembourg,ISIC4_C,5370.49
2022,NV_IND_MANFPC,Luxembourg,ISIC4_C,5275.27
2000,NV_IND_MANFPC,Malta,ISIC4_C,2199.45
2001,NV_IND_MANFPC,Malta,ISIC4_C,1805.56
2002,NV_IND_MANFPC,Malta,ISIC4_C,1862.15
2003,NV_IND_MANFPC,Malta,ISIC4_C,1990.45
2004,NV_IND_MANFPC,Malta,ISIC4_C,1770.23
2005,NV_IND_MANFPC,Malta,ISIC4_C,1768.2
2006,NV_IND_MANFPC,Malta,ISIC4_C,1747.49
2007,NV_IND_MANFPC,Malta,ISIC4_C,1884.5
2008,NV_IND_MANFPC,Malta,ISIC4_C,2190.5
2009,NV_IND_MANFPC,Malta,ISIC4_C,1839.64
2010,NV_IND_MANFPC,Malta,ISIC4_C,2039.6
2011,NV_IND_MANFPC,Malta,ISIC4_C,1983.42
2012,NV_IND_MANFPC,Malta,ISIC4_C,2055.31
2013,NV_IND_MANFPC,Malta,ISIC4_C,1917.12
2014,NV_IND_MANFPC,Malta,ISIC4_C,1869.64
2015,NV_IND_MANFPC,Malta,ISIC4_C,1808.69
2016,NV_IND_MANFPC,Malta,ISIC4_C,1715.16
2017,NV_IND_MANFPC,Malta,ISIC4_C,1761.57
2018,NV_IND_MANFPC,Malta,ISIC4_C,1807.14
2019,NV_IND_MANFPC,Malta,ISIC4_C,1839.21
2020,NV_IND_MANFPC,Malta,ISIC4_C,1798.88
2021,NV_IND_MANFPC,Malta,ISIC4_C,1816.41
2022,NV_IND_MANFPC,Malta,ISIC4_C,1856.56
2000,NV_IND_MANFPC,Mexico,ISIC4_C,1773.49
2001,NV_IND_MANFPC,Mexico,ISIC4_C,1697.3
2002,NV_IND_MANFPC,Mexico,ISIC4_C,1631.83
2003,NV_IND_MANFPC,Mexico,ISIC4_C,1596.38
2004,NV_IND_MANFPC,Mexico,ISIC4_C,1625.71
2005,NV_IND_MANFPC,Mexico,ISIC4_C,1637.56
2006,NV_IND_MANFPC,Mexico,ISIC4_C,1690.66
2007,NV_IND_MANFPC,Mexico,ISIC4_C,1679.08
2008,NV_IND_MANFPC,Mexico,ISIC4_C,1635.45
2009,NV_IND_MANFPC,Mexico,ISIC4_C,1452.13
2010,NV_IND_MANFPC,Mexico,ISIC4_C,1556.82
2011,NV_IND_MANFPC,Mexico,ISIC4_C,1583.14
2012,NV_IND_MANFPC,Mexico,ISIC4_C,1622.49
2013,NV_IND_MANFPC,Mexico,ISIC4_C,1610.11
2014,NV_IND_MANFPC,Mexico,ISIC4_C,1653.2
2015,NV_IND_MANFPC,Mexico,ISIC4_C,1683.2
2016,NV_IND_MANFPC,Mexico,ISIC4_C,1689.18
2017,NV_IND_MANFPC,Mexico,ISIC4_C,1707.91
2018,NV_IND_MANFPC,Mexico,ISIC4_C,1722.93
2019,NV_IND_MANFPC,Mexico,ISIC4_C,1711.52
2020,NV_IND_MANFPC,Mexico,ISIC4_C,1543.44
2021,NV_IND_MANFPC,Mexico,ISIC4_C,1665.5
2022,NV_IND_MANFPC,Mexico,ISIC4_C,1706.7
2000,NV_IND_MANFPC,Moldova,ISIC4_C,131.33
2001,NV_IND_MANFPC,Moldova,ISIC4_C,140.29
2002,NV_IND_MANFPC,Moldova,ISIC4_C,146.19
2003,NV_IND_MANFPC,Moldova,ISIC4_C,174.51
2004,NV_IND_MANFPC,Moldova,ISIC4_C,190.35
2005,NV_IND_MANFPC,Moldova,ISIC4_C,197.43
2006,NV_IND_MANFPC,Moldova,ISIC4_C,191.5
2007,NV_IND_MANFPC,Moldova,ISIC4_C,192.35
2008,NV_IND_MANFPC,Moldova,ISIC4_C,197.86
2009,NV_IND_MANFPC,Moldova,ISIC4_C,157.37
2010,NV_IND_MANFPC,Moldova,ISIC4_C,178.0
2011,NV_IND_MANFPC,Moldova,ISIC4_C,205.32
2012,NV_IND_MANFPC,Moldova,ISIC4_C,213.92
2013,NV_IND_MANFPC,Moldova,ISIC4_C,239.63
2014,NV_IND_MANFPC,Moldova,ISIC4_C,265.93
2015,NV_IND_MANFPC,Moldova,ISIC4_C,282.6
2016,NV_IND_MANFPC,Moldova,ISIC4_C,297.06
2017,NV_IND_MANFPC,Moldova,ISIC4_C,313.26
2018,NV_IND_MANFPC,Moldova,ISIC4_C,328.56
2019,NV_IND_MANFPC,Moldova,ISIC4_C,341.91
2020,NV_IND_MANFPC,Moldova,ISIC4_C,320.9
2021,NV_IND_MANFPC,Moldova,ISIC4_C,322.66
2022,NV_IND_MANFPC,Moldova,ISIC4_C,274.25
2000,NV_IND_MANFPC,Montenegro,ISIC4_C,485.48
2001,NV_IND_MANFPC,Montenegro,ISIC4_C,491.4
2002,NV_IND_MANFPC,Montenegro,ISIC4_C,469.82
2003,NV_IND_MANFPC,Montenegro,ISIC4_C,440.06
2004,NV_IND_MANFPC,Montenegro,ISIC4_C,464.62
2005,NV_IND_MANFPC,Montenegro,ISIC4_C,489.74
2006,NV_IND_MANFPC,Montenegro,ISIC4_C,512.04
2007,NV_IND_MANFPC,Montenegro,ISIC4_C,389.19
2008,NV_IND_MANFPC,Montenegro,ISIC4_C,368.5
2009,NV_IND_MANFPC,Montenegro,ISIC4_C,261.52
2010,NV_IND_MANFPC,Montenegro,ISIC4_C,246.17
2011,NV_IND_MANFPC,Montenegro,ISIC4_C,272.29
2012,NV_IND_MANFPC,Montenegro,ISIC4_C,236.75
2013,NV_IND_MANFPC,Montenegro,ISIC4_C,251.83
2014,NV_IND_MANFPC,Montenegro,ISIC4_C,246.53
2015,NV_IND_MANFPC,Montenegro,ISIC4_C,261.36
2016,NV_IND_MANFPC,Montenegro,ISIC4_C,250.91
2017,NV_IND_MANFPC,Montenegro,ISIC4_C,275.16
2018,NV_IND_MANFPC,Montenegro,ISIC4_C,300.38
2019,NV_IND_MANFPC,Montenegro,ISIC4_C,297.92
2020,NV_IND_MANFPC,Montenegro,ISIC4_C,279.43
2021,NV_IND_MANFPC,Montenegro,ISIC4_C,290.26
2022,NV_IND_MANFPC,Montenegro,ISIC4_C,302.55
2000,NV_IND_MANFPC,Netherlands (Kingdom of the),ISIC4_C,4506.13
2001,NV_IND_MANFPC,Netherlands (Kingdom of the),ISIC4_C,4596.81
2002,NV_IND_MANFPC,Netherlands (Kingdom of the),ISIC4_C,4549.74
2003,NV_IND_MANFPC,Netherlands (Kingdom of the),ISIC4_C,4485.41
2004,NV_IND_MANFPC,Netherlands (Kingdom of the),ISIC4_C,4637.99
2005,NV_IND_MANFPC,Netherlands (Kingdom of the),ISIC4_C,4767.9
2006,NV_IND_MANFPC,Netherlands (Kingdom of the),ISIC4_C,4863.59
2007,NV_IND_MANFPC,Netherlands (Kingdom of the),ISIC4_C,5113.98
2008,NV_IND_MANFPC,Netherlands (Kingdom of the),ISIC4_C,5061.38
2009,NV_IND_MANFPC,Netherlands (Kingdom of the),ISIC4_C,4530.51
2010,NV_IND_MANFPC,Netherlands (Kingdom of the),ISIC4_C,4703.21
2011,NV_IND_MANFPC,Netherlands (Kingdom of the),ISIC4_C,4891.22
2012,NV_IND_MANFPC,Netherlands (Kingdom of the),ISIC4_C,4821.13
2013,NV_IND_MANFPC,Netherlands (Kingdom of the),ISIC4_C,4752.84
2014,NV_IND_MANFPC,Netherlands (Kingdom of the),ISIC4_C,4841.04
2015,NV_IND_MANFPC,Netherlands (Kingdom of the),ISIC4_C,4850.75
2016,NV_IND_MANFPC,Netherlands (Kingdom of the),ISIC4_C,4931.0
2017,NV_IND_MANFPC,Netherlands (Kingdom of the),ISIC4_C,5205.85
2018,NV_IND_MANFPC,Netherlands (Kingdom of the),ISIC4_C,5387.91
2019,NV_IND_MANFPC,Netherlands (Kingdom of the),ISIC4_C,5385.51
2020,NV_IND_MANFPC,Netherlands (Kingdom of the),ISIC4_C,5242.26
2021,NV_IND_MANFPC,Netherlands (Kingdom of the),ISIC4_C,5580.22
2022,NV_IND_MANFPC,Netherlands (Kingdom of the),ISIC4_C,5838.45
2000,NV_IND_MANFPC,New Zealand,ISIC4_C,4812.97
2001,NV_IND_MANFPC,New Zealand,ISIC4_C,4841.83
2002,NV_IND_MANFPC,New Zealand,ISIC4_C,5139.15
2003,NV_IND_MANFPC,New Zealand,ISIC4_C,5191.68
2004,NV_IND_MANFPC,New Zealand,ISIC4_C,5269.4
2005,NV_IND_MANFPC,New Zealand,ISIC4_C,5248.94
2006,NV_IND_MANFPC,New Zealand,ISIC4_C,5031.07
2007,NV_IND_MANFPC,New Zealand,ISIC4_C,5037.02
2008,NV_IND_MANFPC,New Zealand,ISIC4_C,4562.45
2009,NV_IND_MANFPC,New Zealand,ISIC4_C,4310.22
2010,NV_IND_MANFPC,New Zealand,ISIC4_C,4348.9
2011,NV_IND_MANFPC,New Zealand,ISIC4_C,4297.24
2012,NV_IND_MANFPC,New Zealand,ISIC4_C,4313.78
2013,NV_IND_MANFPC,New Zealand,ISIC4_C,4316.48
2014,NV_IND_MANFPC,New Zealand,ISIC4_C,4353.09
2015,NV_IND_MANFPC,New Zealand,ISIC4_C,4376.41
2016,NV_IND_MANFPC,New Zealand,ISIC4_C,4415.78
2017,NV_IND_MANFPC,New Zealand,ISIC4_C,4435.48
2018,NV_IND_MANFPC,New Zealand,ISIC4_C,4464.46
2019,NV_IND_MANFPC,New Zealand,ISIC4_C,4343.46
2020,NV_IND_MANFPC,New Zealand,ISIC4_C,4195.25
2009,NV_IND_MANFPC,Sweden,ISIC4_C,6137.56
2010,NV_IND_MANFPC,Sweden,ISIC4_C,7399.01
2011,NV_IND_MANFPC,Sweden,ISIC4_C,7759.34
2012,NV_IND_MANFPC,Sweden,ISIC4_C,7137.38
2013,NV_IND_MANFPC,Sweden,ISIC4_C,6824.06
2014,NV_IND_MANFPC,Sweden,ISIC4_C,6678.34
2015,NV_IND_MANFPC,Sweden,ISIC4_C,6977.13
2016,NV_IND_MANFPC,Sweden,ISIC4_C,6936.16
2017,NV_IND_MANFPC,Sweden,ISIC4_C,7121.96
2018,NV_IND_MANFPC,Sweden,ISIC4_C,7215.99
2019,NV_IND_MANFPC,Sweden,ISIC4_C,7010.97
2020,NV_IND_MANFPC,Sweden,ISIC4_C,6554.91
2021,NV_IND_MANFPC,Sweden,ISIC4_C,7081.89
2022,NV_IND_MANFPC,Sweden,ISIC4_C,7291.84
2000,NV_IND_MANFPC,Switzerland,ISIC4_C,12269.0
2001,NV_IND_MANFPC,Switzerland,ISIC4_C,12889.0
2002,NV_IND_MANFPC,Switzerland,ISIC4_C,13086.18
2003,NV_IND_MANFPC,Switzerland,ISIC4_C,12946.38
2004,NV_IND_MANFPC,Switzerland,ISIC4_C,13065.92
2005,NV_IND_MANFPC,Switzerland,ISIC4_C,13606.36
2006,NV_IND_MANFPC,Switzerland,ISIC4_C,14403.46
2007,NV_IND_MANFPC,Switzerland,ISIC4_C,15021.95
2008,NV_IND_MANFPC,Switzerland,ISIC4_C,15305.72
2009,NV_IND_MANFPC,Switzerland,ISIC4_C,13263.21
2010,NV_IND_MANFPC,Switzerland,ISIC4_C,14063.39
2011,NV_IND_MANFPC,Switzerland,ISIC4_C,15163.38
2012,NV_IND_MANFPC,Switzerland,ISIC4_C,14634.36
2013,NV_IND_MANFPC,Switzerland,ISIC4_C,14790.7
2014,NV_IND_MANFPC,Switzerland,ISIC4_C,14880.09
2015,NV_IND_MANFPC,Switzerland,ISIC4_C,14815.31
2016,NV_IND_MANFPC,Switzerland,ISIC4_C,15301.28
2017,NV_IND_MANFPC,Switzerland,ISIC4_C,15891.47
2018,NV_IND_MANFPC,Switzerland,ISIC4_C,16578.05
2019,NV_IND_MANFPC,Switzerland,ISIC4_C,16952.16
2020,NV_IND_MANFPC,Switzerland,ISIC4_C,16328.7
2021,NV_IND_MANFPC,Switzerland,ISIC4_C,18043.9
2022,NV_IND_MANFPC,Switzerland,ISIC4_C,18526.6
2000,NV_IND_MANFPC,Tajikistan,ISIC4_C,178.33
2001,NV_IND_MANFPC,Tajikistan,ISIC4_C,194.95
2002,NV_IND_MANFPC,Tajikistan,ISIC4_C,212.42
2003,NV_IND_MANFPC,Tajikistan,ISIC4_C,227.83
2004,NV_IND_MANFPC,Tajikistan,ISIC4_C,219.18
2005,NV_IND_MANFPC,Tajikistan,ISIC4_C,228.81
2006,NV_IND_MANFPC,Tajikistan,ISIC4_C,234.09
2007,NV_IND_MANFPC,Tajikistan,ISIC4_C,209.82
2008,NV_IND_MANFPC,Tajikistan,ISIC4_C,187.59
2009,NV_IND_MANFPC,Tajikistan,ISIC4_C,172.02
2010,NV_IND_MANFPC,Tajikistan,ISIC4_C,155.57
2011,NV_IND_MANFPC,Tajikistan,ISIC4_C,94.58
2012,NV_IND_MANFPC,Tajikistan,ISIC4_C,104.56
2013,NV_IND_MANFPC,Tajikistan,ISIC4_C,80.92
2014,NV_IND_MANFPC,Tajikistan,ISIC4_C,82.19
2015,NV_IND_MANFPC,Tajikistan,ISIC4_C,97.81
2016,NV_IND_MANFPC,Tajikistan,ISIC4_C,123.41
2017,NV_IND_MANFPC,Tajikistan,ISIC4_C,149.45
2018,NV_IND_MANFPC,Tajikistan,ISIC4_C,165.08
2019,NV_IND_MANFPC,Tajikistan,ISIC4_C,180.68
2020,NV_IND_MANFPC,Tajikistan,ISIC4_C,224.34
2021,NV_IND_MANFPC,Tajikistan,ISIC4_C,244.97
2022,NV_IND_MANFPC,Tajikistan,ISIC4_C,257.96
2000,NV_IND_MANFPC,United Arab Emirates,ISIC4_C,5701.28
2001,NV_IND_MANFPC,United Arab Emirates,ISIC4_C,5452.71
2002,NV_IND_MANFPC,United Arab Emirates,ISIC4_C,5333.56
2003,NV_IND_MANFPC,United Arab Emirates,ISIC4_C,5300.01
2004,NV_IND_MANFPC,United Arab Emirates,ISIC4_C,5461.93
2005,NV_IND_MANFPC,United Arab Emirates,ISIC4_C,5429.78
2006,NV_IND_MANFPC,United Arab Emirates,ISIC4_C,5089.37
2007,NV_IND_MANFPC,United Arab Emirates,ISIC4_C,4325.07
2008,NV_IND_MANFPC,United Arab Emirates,ISIC4_C,4007.55
2009,NV_IND_MANFPC,United Arab Emirates,ISIC4_C,3011.73
2010,NV_IND_MANFPC,United Arab Emirates,ISIC4_C,2905.92
2011,NV_IND_MANFPC,United Arab Emirates,ISIC4_C,3116.01
2012,NV_IND_MANFPC,United Arab Emirates,ISIC4_C,3142.74
2013,NV_IND_MANFPC,United Arab Emirates,ISIC4_C,3298.36
2014,NV_IND_MANFPC,United Arab Emirates,ISIC4_C,3391.78
2015,NV_IND_MANFPC,United Arab Emirates,ISIC4_C,3547.78
2016,NV_IND_MANFPC,United Arab Emirates,ISIC4_C,3694.27
2017,NV_IND_MANFPC,United Arab Emirates,ISIC4_C,3963.75
2018,NV_IND_MANFPC,United Arab Emirates,ISIC4_C,3899.09
2019,NV_IND_MANFPC,United Arab Emirates,ISIC4_C,3953.49
2020,NV_IND_MANFPC,United Arab Emirates,ISIC4_C,4016.18
2021,NV_IND_MANFPC,United Arab Emirates,ISIC4_C,4282.03
2022,NV_IND_MANFPC,United Arab Emirates,ISIC4_C,4693.87
2000,NV_IND_MANFPC,Türkiye,ISIC4_C,981.61
2001,NV_IND_MANFPC,Türkiye,ISIC4_C,883.84
2002,NV_IND_MANFPC,Türkiye,ISIC4_C,909.89
2003,NV_IND_MANFPC,Türkiye,ISIC4_C,985.33
2004,NV_IND_MANFPC,Türkiye,ISIC4_C,1102.97
2005,NV_IND_MANFPC,Türkiye,ISIC4_C,1191.86
2006,NV_IND_MANFPC,Türkiye,ISIC4_C,1289.47
2007,NV_IND_MANFPC,Türkiye,ISIC4_C,1359.07
2008,NV_IND_MANFPC,Türkiye,ISIC4_C,1349.02
2009,NV_IND_MANFPC,Türkiye,ISIC4_C,1212.81
2010,NV_IND_MANFPC,Türkiye,ISIC4_C,1306.52
2011,NV_IND_MANFPC,Türkiye,ISIC4_C,1550.16
2012,NV_IND_MANFPC,Türkiye,ISIC4_C,1560.54
2013,NV_IND_MANFPC,Türkiye,ISIC4_C,1684.62
2014,NV_IND_MANFPC,Türkiye,ISIC4_C,1744.18
2015,NV_IND_MANFPC,Türkiye,ISIC4_C,1811.86
2016,NV_IND_MANFPC,Türkiye,ISIC4_C,1852.57
2017,NV_IND_MANFPC,Türkiye,ISIC4_C,1997.82
2018,NV_IND_MANFPC,Türkiye,ISIC4_C,2004.74
2019,NV_IND_MANFPC,Türkiye,ISIC4_C,1939.69
2020,NV_IND_MANFPC,Türkiye,ISIC4_C,1989.67
2021,NV_IND_MANFPC,Türkiye,ISIC4_C,2339.38
2022,NV_IND_MANFPC,Türkiye,ISIC4_C,2478.94
2000,NV_IND_MANFPC,Turkmenistan,ISIC4_C,912.46
2001,NV_IND_MANFPC,Turkmenistan,ISIC4_C,943.98
2002,NV_IND_MANFPC,Turkmenistan,ISIC4_C,864.99
2003,NV_IND_MANFPC,Turkmenistan,ISIC4_C,879.62
2004,NV_IND_MANFPC,Turkmenistan,ISIC4_C,887.98
2005,NV_IND_MANFPC,Turkmenistan,ISIC4_C,958.73
2006,NV_IND_MANFPC,Turkmenistan,ISIC4_C,1020.56
2007,NV_IND_MANFPC,Turkmenistan,ISIC4_C,1175.87
2008,NV_IND_MANFPC,Turkmenistan,ISIC4_C,2131.08
2009,NV_IND_MANFPC,Turkmenistan,ISIC4_C,2243.17
2010,NV_IND_MANFPC,Turkmenistan,ISIC4_C,2487.37
2011,NV_IND_MANFPC,Turkmenistan,ISIC4_C,3072.19
2012,NV_IND_MANFPC,Turkmenistan,ISIC4_C,3237.56
2013,NV_IND_MANFPC,Turkmenistan,ISIC4_C,3017.45
2014,NV_IND_MANFPC,Turkmenistan,ISIC4_C,2942.55
2015,NV_IND_MANFPC,Turkmenistan,ISIC4_C,2663.49
2016,NV_IND_MANFPC,Turkmenistan,ISIC4_C,2454.94
2017,NV_IND_MANFPC,Turkmenistan,ISIC4_C,2180.13
2018,NV_IND_MANFPC,Turkmenistan,ISIC4_C,2114.76
2019,NV_IND_MANFPC,Turkmenistan,ISIC4_C,1920.42
2020,NV_IND_MANFPC,Turkmenistan,ISIC4_C,1909.73
2021,NV_IND_MANFPC,Turkmenistan,ISIC4_C,1948.79
2022,NV_IND_MANFPC,Turkmenistan,ISIC4_C,1907.52
2000,NV_IND_MANFPC,Ukraine,ISIC4_C,213.15
2001,NV_IND_MANFPC,Ukraine,ISIC4_C,242.3
2002,NV_IND_MANFPC,Ukraine,ISIC4_C,270.47
2003,NV_IND_MANFPC,Ukraine,ISIC4_C,318.8
2004,NV_IND_MANFPC,Ukraine,ISIC4_C,359.67
2005,NV_IND_MANFPC,Ukraine,ISIC4_C,361.76
2006,NV_IND_MANFPC,Ukraine,ISIC4_C,394.93
2007,NV_IND_MANFPC,Ukraine,ISIC4_C,435.99
2008,NV_IND_MANFPC,Ukraine,ISIC4_C,417.71
2009,NV_IND_MANFPC,Ukraine,ISIC4_C,328.91
2010,NV_IND_MANFPC,Ukraine,ISIC4_C,336.75
2011,NV_IND_MANFPC,Ukraine,ISIC4_C,349.1
2012,NV_IND_MANFPC,Ukraine,ISIC4_C,341.99
2013,NV_IND_MANFPC,Ukraine,ISIC4_C,308.76
2014,NV_IND_MANFPC,Ukraine,ISIC4_C,283.12
2015,NV_IND_MANFPC,Ukraine,ISIC4_C,240.88
2016,NV_IND_MANFPC,Ukraine,ISIC4_C,250.54
2017,NV_IND_MANFPC,Ukraine,ISIC4_C,261.58
2018,NV_IND_MANFPC,Ukraine,ISIC4_C,267.17
2019,NV_IND_MANFPC,Ukraine,ISIC4_C,270.91
2020,NV_IND_MANFPC,Ukraine,ISIC4_C,257.04
2021,NV_IND_MANFPC,Ukraine,ISIC4_C,265.31
2022,NV_IND_MANFPC,Ukraine,ISIC4_C,172.89
2000,NV_IND_MANFPC,North Macedonia,ISIC4_C,299.03
2001,NV_IND_MANFPC,North Macedonia,ISIC4_C,279.88
2002,NV_IND_MANFPC,North Macedonia,ISIC4_C,286.56
2003,NV_IND_MANFPC,North Macedonia,ISIC4_C,311.73
2004,NV_IND_MANFPC,North Macedonia,ISIC4_C,333.26
2005,NV_IND_MANFPC,North Macedonia,ISIC4_C,367.92
2006,NV_IND_MANFPC,North Macedonia,ISIC4_C,413.78
2007,NV_IND_MANFPC,North Macedonia,ISIC4_C,359.98
2008,NV_IND_MANFPC,North Macedonia,ISIC4_C,352.27
2009,NV_IND_MANFPC,North Macedonia,ISIC4_C,366.16
2010,NV_IND_MANFPC,North Macedonia,ISIC4_C,364.75
2011,NV_IND_MANFPC,North Macedonia,ISIC4_C,408.37
2012,NV_IND_MANFPC,North Macedonia,ISIC4_C,403.13
2013,NV_IND_MANFPC,North Macedonia,ISIC4_C,441.39
2014,NV_IND_MANFPC,North Macedonia,ISIC4_C,535.62
2015,NV_IND_MANFPC,North Macedonia,ISIC4_C,561.5
2016,NV_IND_MANFPC,North Macedonia,ISIC4_C,552.32
2017,NV_IND_MANFPC,North Macedonia,ISIC4_C,560.92
2018,NV_IND_MANFPC,North Macedonia,ISIC4_C,595.19
2019,NV_IND_MANFPC,North Macedonia,ISIC4_C,610.39
2020,NV_IND_MANFPC,North Macedonia,ISIC4_C,571.27
2021,NV_IND_MANFPC,North Macedonia,ISIC4_C,573.48
2022,NV_IND_MANFPC,North Macedonia,ISIC4_C,589.69
2000,NV_IND_MANFPC,United Kingdom of Great Britain and Northern Ireland,ISIC4_C,3786.51
2001,NV_IND_MANFPC,United Kingdom of Great Britain and Northern Ireland,ISIC4_C,3842.05
2002,NV_IND_MANFPC,United Kingdom of Great Britain and Northern Ireland,ISIC4_C,3946.9
2003,NV_IND_MANFPC,United Kingdom of Great Britain and Northern Ireland,ISIC4_C,4039.48
2004,NV_IND_MANFPC,United Kingdom of Great Britain and Northern Ireland,ISIC4_C,4098.61
2005,NV_IND_MANFPC,United Kingdom of Great Britain and Northern Ireland,ISIC4_C,4144.77
2006,NV_IND_MANFPC,United Kingdom of Great Britain and Northern Ireland,ISIC4_C,4373.88
2007,NV_IND_MANFPC,United Kingdom of Great Britain and Northern Ireland,ISIC4_C,4351.7
2008,NV_IND_MANFPC,United Kingdom of Great Britain and Northern Ireland,ISIC4_C,4351.3
2009,NV_IND_MANFPC,United Kingdom of Great Britain and Northern Ireland,ISIC4_C,3930.73
2010,NV_IND_MANFPC,United Kingdom of Great Britain and Northern Ireland,ISIC4_C,3956.82
2011,NV_IND_MANFPC,United Kingdom of Great Britain and Northern Ireland,ISIC4_C,3876.24
2012,NV_IND_MANFPC,United Kingdom of Great Britain and Northern Ireland,ISIC4_C,3932.99
2013,NV_IND_MANFPC,United Kingdom of Great Britain and Northern Ireland,ISIC4_C,4051.77
2014,NV_IND_MANFPC,United Kingdom of Great Britain and Northern Ireland,ISIC4_C,4146.84
2015,NV_IND_MANFPC,United Kingdom of Great Britain and Northern Ireland,ISIC4_C,4148.45
2016,NV_IND_MANFPC,United Kingdom of Great Britain and Northern Ireland,ISIC4_C,4096.07
2017,NV_IND_MANFPC,United Kingdom of Great Britain and Northern Ireland,ISIC4_C,4119.95
2018,NV_IND_MANFPC,United Kingdom of Great Britain and Northern Ireland,ISIC4_C,4273.03
2019,NV_IND_MANFPC,United Kingdom of Great Britain and Northern Ireland,ISIC4_C,4301.07
2020,NV_IND_MANFPC,United Kingdom of Great Britain and Northern Ireland,ISIC4_C,4287.87
2021,NV_IND_MANFPC,United Kingdom of Great Britain and Northern Ireland,ISIC4_C,4695.56
2022,NV_IND_MANFPC,United Kingdom of Great Britain and Northern Ireland,ISIC4_C,4860.47
2000,NV_IND_MANFPC,Uzbekistan,ISIC4_C,192.29
2001,NV_IND_MANFPC,Uzbekistan,ISIC4_C,194.93
2002,NV_IND_MANFPC,Uzbekistan,ISIC4_C,198.96
2003,NV_IND_MANFPC,Uzbekistan,ISIC4_C,202.41
2004,NV_IND_MANFPC,Uzbekistan,ISIC4_C,212.5
2005,NV_IND_MANFPC,Uzbekistan,ISIC4_C,217.87
2006,NV_IND_MANFPC,Uzbekistan,ISIC4_C,228.66
2007,NV_IND_MANFPC,Uzbekistan,ISIC4_C,239.31
2008,NV_IND_MANFPC,Uzbekistan,ISIC4_C,252.84
2009,NV_IND_MANFPC,Uzbekistan,ISIC4_C,260.13
2010,NV_IND_MANFPC,Uzbekistan,ISIC4_C,261.22
2011,NV_IND_MANFPC,Uzbekistan,ISIC4_C,278.15
2012,NV_IND_MANFPC,Uzbekistan,ISIC4_C,291.1
2013,NV_IND_MANFPC,Uzbekistan,ISIC4_C,322.36
2014,NV_IND_MANFPC,Uzbekistan,ISIC4_C,342.48
2015,NV_IND_MANFPC,Uzbekistan,ISIC4_C,356.75
2016,NV_IND_MANFPC,Uzbekistan,ISIC4_C,374.48
2017,NV_IND_MANFPC,Uzbekistan,ISIC4_C,384.26
2018,NV_IND_MANFPC,Uzbekistan,ISIC4_C,408.36
2019,NV_IND_MANFPC,Uzbekistan,ISIC4_C,428.42
2020,NV_IND_MANFPC,Uzbekistan,ISIC4_C,454.75
2021,NV_IND_MANFPC,Uzbekistan,ISIC4_C,484.05
2022,NV_IND_MANFPC,Uzbekistan,ISIC4_C,496.38
2021,NV_IND_MANFPC,New Zealand,ISIC4_C,4371.54
2022,NV_IND_MANFPC,New Zealand,ISIC4_C,4350.87
2022,NV_IND_MANFPC,New Zealand,ISIC4_C,4350.87
