Year,SeriesCode,Country,Activity,Value
2004,NV_IND_MANF_CD,Azerbaijan,ISIC4_C,8.28
2005,NV_IND_MANF_CD,Azerbaijan,ISIC4_C,6.49
2006,NV_IND_MANF_CD,Azerbaijan,ISIC4_C,5.77
2007,NV_IND_MANF_CD,Azerbaijan,ISIC4_C,4.98
2008,NV_IND_MANF_CD,Azerbaijan,ISIC4_C,4.71
2009,NV_IND_MANF_CD,Azerbaijan,ISIC4_C,5.53
2010,NV_IND_MANF_CD,Azerbaijan,ISIC4_C,4.74
2011,NV_IND_MANF_CD,Azerbaijan,ISIC4_C,3.99
2012,NV_IND_MANF_CD,Azerbaijan,ISIC4_C,4.24
2013,NV_IND_MANF_CD,Azerbaijan,ISIC4_C,4.22
2014,NV_IND_MANF_CD,Azerbaijan,ISIC4_C,4.71
2015,NV_IND_MANF_CD,Azerbaijan,ISIC4_C,4.99
2016,NV_IND_MANF_CD,Azerbaijan,ISIC4_C,4.89
2017,NV_IND_MANF_CD,Azerbaijan,ISIC4_C,4.7
2018,NV_IND_MANF_CD,Azerbaijan,ISIC4_C,4.62
2019,NV_IND_MANF_CD,Azerbaijan,ISIC4_C,5.0
2020,NV_IND_MANF_CD,Azerbaijan,ISIC4_C,6.1
2021,NV_IND_MANF_CD,Azerbaijan,ISIC4_C,6.82
2000,NV_IND_MANF_CD,Australia,ISIC4_C,10.98
2001,NV_IND_MANF_CD,Australia,ISIC4_C,10.55
2002,NV_IND_MANF_CD,Australia,ISIC4_C,10.86
2003,NV_IND_MANF_CD,Australia,ISIC4_C,10.88
2004,NV_IND_MANF_CD,Australia,ISIC4_C,10.33
2005,NV_IND_MANF_CD,Australia,ISIC4_C,9.89
2006,NV_IND_MANF_CD,Australia,ISIC4_C,9.29
2007,NV_IND_MANF_CD,Australia,ISIC4_C,9.2
2008,NV_IND_MANF_CD,Australia,ISIC4_C,8.45
2009,NV_IND_MANF_CD,Australia,ISIC4_C,7.99
2010,NV_IND_MANF_CD,Australia,ISIC4_C,7.37
2011,NV_IND_MANF_CD,Australia,ISIC4_C,7.05
2012,NV_IND_MANF_CD,Australia,ISIC4_C,6.61
2013,NV_IND_MANF_CD,Australia,ISIC4_C,6.37
2014,NV_IND_MANF_CD,Australia,ISIC4_C,6.3
2015,NV_IND_MANF_CD,Australia,ISIC4_C,6.09
2016,NV_IND_MANF_CD,Australia,ISIC4_C,5.8
2017,NV_IND_MANF_CD,Australia,ISIC4_C,5.78
2018,NV_IND_MANF_CD,Australia,ISIC4_C,5.61
2019,NV_IND_MANF_CD,Australia,ISIC4_C,5.63
2020,NV_IND_MANF_CD,Australia,ISIC4_C,5.55
2021,NV_IND_MANF_CD,Australia,ISIC4_C,5.42
2000,NV_IND_MANF_CD,Austria,ISIC4_C,18.21
2001,NV_IND_MANF_CD,Austria,ISIC4_C,18.34
2002,NV_IND_MANF_CD,Austria,ISIC4_C,17.73
2003,NV_IND_MANF_CD,Austria,ISIC4_C,17.45
2004,NV_IND_MANF_CD,Austria,ISIC4_C,17.34
2005,NV_IND_MANF_CD,Austria,ISIC4_C,17.41
2006,NV_IND_MANF_CD,Austria,ISIC4_C,17.82
2007,NV_IND_MANF_CD,Austria,ISIC4_C,18.15
2008,NV_IND_MANF_CD,Austria,ISIC4_C,17.42
2009,NV_IND_MANF_CD,Austria,ISIC4_C,16.36
2010,NV_IND_MANF_CD,Austria,ISIC4_C,16.48
2011,NV_IND_MANF_CD,Austria,ISIC4_C,16.6
2012,NV_IND_MANF_CD,Austria,ISIC4_C,16.71
2013,NV_IND_MANF_CD,Austria,ISIC4_C,16.5
2014,NV_IND_MANF_CD,Austria,ISIC4_C,16.56
2015,NV_IND_MANF_CD,Austria,ISIC4_C,16.69
2016,NV_IND_MANF_CD,Austria,ISIC4_C,17.05
2017,NV_IND_MANF_CD,Austria,ISIC4_C,16.84
2018,NV_IND_MANF_CD,Austria,ISIC4_C,16.83
2019,NV_IND_MANF_CD,Austria,ISIC4_C,16.59
2020,NV_IND_MANF_CD,Austria,ISIC4_C,16.41
2021,NV_IND_MANF_CD,Austria,ISIC4_C,16.55
2000,NV_IND_MANF_CD,Armenia,ISIC4_C,15.83
2001,NV_IND_MANF_CD,Armenia,ISIC4_C,14.74
2002,NV_IND_MANF_CD,Armenia,ISIC4_C,14.21
2003,NV_IND_MANF_CD,Armenia,ISIC4_C,14.39
2004,NV_IND_MANF_CD,Armenia,ISIC4_C,12.75
2005,NV_IND_MANF_CD,Armenia,ISIC4_C,12.73
2006,NV_IND_MANF_CD,Armenia,ISIC4_C,10.2
2007,NV_IND_MANF_CD,Armenia,ISIC4_C,8.81
2008,NV_IND_MANF_CD,Armenia,ISIC4_C,8.31
2009,NV_IND_MANF_CD,Armenia,ISIC4_C,8.17
2010,NV_IND_MANF_CD,Armenia,ISIC4_C,9.19
2011,NV_IND_MANF_CD,Armenia,ISIC4_C,10.02
2012,NV_IND_MANF_CD,Armenia,ISIC4_C,9.42
2013,NV_IND_MANF_CD,Armenia,ISIC4_C,9.68
2014,NV_IND_MANF_CD,Armenia,ISIC4_C,9.67
2015,NV_IND_MANF_CD,Armenia,ISIC4_C,9.21
2016,NV_IND_MANF_CD,Armenia,ISIC4_C,10.28
2017,NV_IND_MANF_CD,Armenia,ISIC4_C,10.63
2018,NV_IND_MANF_CD,Armenia,ISIC4_C,11.27
2019,NV_IND_MANF_CD,Armenia,ISIC4_C,11.71
2020,NV_IND_MANF_CD,Armenia,ISIC4_C,12.34
2021,NV_IND_MANF_CD,Armenia,ISIC4_C,11.4
2000,NV_IND_MANF_CD,Belgium,ISIC4_C,17.54
2001,NV_IND_MANF_CD,Belgium,ISIC4_C,17.04
2002,NV_IND_MANF_CD,Belgium,ISIC4_C,16.79
2003,NV_IND_MANF_CD,Belgium,ISIC4_C,16.2
2004,NV_IND_MANF_CD,Belgium,ISIC4_C,16.09
2005,NV_IND_MANF_CD,Belgium,ISIC4_C,15.87
2006,NV_IND_MANF_CD,Belgium,ISIC4_C,15.02
2007,NV_IND_MANF_CD,Belgium,ISIC4_C,15.06
2008,NV_IND_MANF_CD,Belgium,ISIC4_C,13.99
2009,NV_IND_MANF_CD,Belgium,ISIC4_C,12.92
2010,NV_IND_MANF_CD,Belgium,ISIC4_C,13.34
2011,NV_IND_MANF_CD,Belgium,ISIC4_C,12.93
2012,NV_IND_MANF_CD,Belgium,ISIC4_C,12.62
2013,NV_IND_MANF_CD,Belgium,ISIC4_C,12.56
2014,NV_IND_MANF_CD,Belgium,ISIC4_C,12.56
2015,NV_IND_MANF_CD,Belgium,ISIC4_C,12.69
2016,NV_IND_MANF_CD,Belgium,ISIC4_C,12.36
2017,NV_IND_MANF_CD,Belgium,ISIC4_C,12.43
2018,NV_IND_MANF_CD,Belgium,ISIC4_C,12.17
2019,NV_IND_MANF_CD,Belgium,ISIC4_C,12.35
2020,NV_IND_MANF_CD,Belgium,ISIC4_C,12.29
2021,NV_IND_MANF_CD,Belgium,ISIC4_C,12.32
2000,NV_IND_MANF_CD,Bosnia and Herzegovina,ISIC4_C,9.3
2001,NV_IND_MANF_CD,Bosnia and Herzegovina,ISIC4_C,9.41
2002,NV_IND_MANF_CD,Bosnia and Herzegovina,ISIC4_C,9.31
2003,NV_IND_MANF_CD,Bosnia and Herzegovina,ISIC4_C,9.3
2004,NV_IND_MANF_CD,Bosnia and Herzegovina,ISIC4_C,9.12
2005,NV_IND_MANF_CD,Bosnia and Herzegovina,ISIC4_C,9.94
2006,NV_IND_MANF_CD,Bosnia and Herzegovina,ISIC4_C,10.02
2007,NV_IND_MANF_CD,Bosnia and Herzegovina,ISIC4_C,10.81
2008,NV_IND_MANF_CD,Bosnia and Herzegovina,ISIC4_C,11.01
2009,NV_IND_MANF_CD,Bosnia and Herzegovina,ISIC4_C,10.48
2010,NV_IND_MANF_CD,Bosnia and Herzegovina,ISIC4_C,10.88
2011,NV_IND_MANF_CD,Bosnia and Herzegovina,ISIC4_C,10.92
2012,NV_IND_MANF_CD,Bosnia and Herzegovina,ISIC4_C,10.55
2013,NV_IND_MANF_CD,Bosnia and Herzegovina,ISIC4_C,10.94
2000,NV_IND_MANF_CD,Albania,ISIC4_C,4.32
2001,NV_IND_MANF_CD,Albania,ISIC4_C,4.1
2002,NV_IND_MANF_CD,Albania,ISIC4_C,4.07
2003,NV_IND_MANF_CD,Albania,ISIC4_C,4.12
2004,NV_IND_MANF_CD,Albania,ISIC4_C,4.18
2005,NV_IND_MANF_CD,Albania,ISIC4_C,4.43
2006,NV_IND_MANF_CD,Albania,ISIC4_C,4.9
2007,NV_IND_MANF_CD,Albania,ISIC4_C,5.3
2008,NV_IND_MANF_CD,Albania,ISIC4_C,5.0
2009,NV_IND_MANF_CD,Albania,ISIC4_C,5.2
2000,NV_IND_MANF_CD,Malta,ISIC4_C,19.31
2001,NV_IND_MANF_CD,Malta,ISIC4_C,15.83
2002,NV_IND_MANF_CD,Malta,ISIC4_C,15.59
2003,NV_IND_MANF_CD,Malta,ISIC4_C,15.55
2004,NV_IND_MANF_CD,Malta,ISIC4_C,13.53
2005,NV_IND_MANF_CD,Malta,ISIC4_C,12.98
2006,NV_IND_MANF_CD,Malta,ISIC4_C,12.44
2007,NV_IND_MANF_CD,Malta,ISIC4_C,12.43
2008,NV_IND_MANF_CD,Malta,ISIC4_C,13.51
2009,NV_IND_MANF_CD,Malta,ISIC4_C,11.26
2010,NV_IND_MANF_CD,Albania,ISIC4_C,5.45
2011,NV_IND_MANF_CD,Albania,ISIC4_C,5.66
2012,NV_IND_MANF_CD,Albania,ISIC4_C,4.61
2013,NV_IND_MANF_CD,Albania,ISIC4_C,5.06
2014,NV_IND_MANF_CD,Albania,ISIC4_C,5.33
2015,NV_IND_MANF_CD,Albania,ISIC4_C,5.67
2016,NV_IND_MANF_CD,Albania,ISIC4_C,5.68
2017,NV_IND_MANF_CD,Albania,ISIC4_C,6.16
2018,NV_IND_MANF_CD,Albania,ISIC4_C,6.13
2019,NV_IND_MANF_CD,Albania,ISIC4_C,6.26
2010,NV_IND_MANF_CD,Malta,ISIC4_C,11.24
2011,NV_IND_MANF_CD,Malta,ISIC4_C,11.23
2012,NV_IND_MANF_CD,Malta,ISIC4_C,10.94
2013,NV_IND_MANF_CD,Malta,ISIC4_C,9.44
2014,NV_IND_MANF_CD,Malta,ISIC4_C,8.52
2015,NV_IND_MANF_CD,Malta,ISIC4_C,7.45
2016,NV_IND_MANF_CD,Malta,ISIC4_C,7.19
2017,NV_IND_MANF_CD,Malta,ISIC4_C,6.89
2018,NV_IND_MANF_CD,Malta,ISIC4_C,6.8
2019,NV_IND_MANF_CD,Malta,ISIC4_C,6.6
2020,NV_IND_MANF_CD,Malta,ISIC4_C,7.14
2021,NV_IND_MANF_CD,Malta,ISIC4_C,6.69
2000,NV_IND_MANF_CD,Mexico,ISIC4_C,19.12
2001,NV_IND_MANF_CD,Mexico,ISIC4_C,18.18
2002,NV_IND_MANF_CD,Mexico,ISIC4_C,17.39
2003,NV_IND_MANF_CD,Mexico,ISIC4_C,16.72
2004,NV_IND_MANF_CD,Mexico,ISIC4_C,16.77
2005,NV_IND_MANF_CD,Mexico,ISIC4_C,15.83
2006,NV_IND_MANF_CD,Mexico,ISIC4_C,16.76
2007,NV_IND_MANF_CD,Mexico,ISIC4_C,16.02
2014,NV_IND_MANF_CD,Bosnia and Herzegovina,ISIC4_C,10.94
2015,NV_IND_MANF_CD,Bosnia and Herzegovina,ISIC4_C,11.67
2016,NV_IND_MANF_CD,Bosnia and Herzegovina,ISIC4_C,12.37
2017,NV_IND_MANF_CD,Bosnia and Herzegovina,ISIC4_C,13.12
2018,NV_IND_MANF_CD,Bosnia and Herzegovina,ISIC4_C,13.23
2019,NV_IND_MANF_CD,Bosnia and Herzegovina,ISIC4_C,12.94
2020,NV_IND_MANF_CD,Bosnia and Herzegovina,ISIC4_C,13.11
2021,NV_IND_MANF_CD,Bosnia and Herzegovina,ISIC4_C,14.44
2000,NV_IND_MANF_CD,Bulgaria,ISIC4_C,12.16
2001,NV_IND_MANF_CD,Bulgaria,ISIC4_C,13.02
2008,NV_IND_MANF_CD,Mexico,ISIC4_C,15.94
2009,NV_IND_MANF_CD,Mexico,ISIC4_C,15.2
2010,NV_IND_MANF_CD,Mexico,ISIC4_C,15.66
2011,NV_IND_MANF_CD,Mexico,ISIC4_C,15.44
2012,NV_IND_MANF_CD,Mexico,ISIC4_C,16.44
2013,NV_IND_MANF_CD,Mexico,ISIC4_C,15.93
2014,NV_IND_MANF_CD,Mexico,ISIC4_C,16.0
2015,NV_IND_MANF_CD,Mexico,ISIC4_C,17.26
2016,NV_IND_MANF_CD,Mexico,ISIC4_C,17.26
2017,NV_IND_MANF_CD,Mexico,ISIC4_C,17.44
2002,NV_IND_MANF_CD,Bulgaria,ISIC4_C,13.52
2003,NV_IND_MANF_CD,Bulgaria,ISIC4_C,13.8
2004,NV_IND_MANF_CD,Bulgaria,ISIC4_C,12.71
2005,NV_IND_MANF_CD,Bulgaria,ISIC4_C,13.61
2006,NV_IND_MANF_CD,Bulgaria,ISIC4_C,13.44
2007,NV_IND_MANF_CD,Bulgaria,ISIC4_C,14.0
2008,NV_IND_MANF_CD,Bulgaria,ISIC4_C,12.32
2009,NV_IND_MANF_CD,Bulgaria,ISIC4_C,12.88
2010,NV_IND_MANF_CD,Bulgaria,ISIC4_C,11.64
2011,NV_IND_MANF_CD,Bulgaria,ISIC4_C,13.19
2018,NV_IND_MANF_CD,Mexico,ISIC4_C,17.54
2019,NV_IND_MANF_CD,Mexico,ISIC4_C,17.25
2020,NV_IND_MANF_CD,Mexico,ISIC4_C,17.37
2021,NV_IND_MANF_CD,Mexico,ISIC4_C,18.08
2000,NV_IND_MANF_CD,Moldova,ISIC4_C,13.62
2001,NV_IND_MANF_CD,Moldova,ISIC4_C,15.1
2002,NV_IND_MANF_CD,Moldova,ISIC4_C,14.22
2003,NV_IND_MANF_CD,Moldova,ISIC4_C,14.78
2004,NV_IND_MANF_CD,Moldova,ISIC4_C,13.9
2005,NV_IND_MANF_CD,Moldova,ISIC4_C,12.77
2006,NV_IND_MANF_CD,Moldova,ISIC4_C,11.96
2007,NV_IND_MANF_CD,Moldova,ISIC4_C,11.27
2008,NV_IND_MANF_CD,Moldova,ISIC4_C,10.78
2009,NV_IND_MANF_CD,Moldova,ISIC4_C,10.13
2010,NV_IND_MANF_CD,Moldova,ISIC4_C,9.95
2011,NV_IND_MANF_CD,Moldova,ISIC4_C,10.56
2012,NV_IND_MANF_CD,Moldova,ISIC4_C,10.65
2013,NV_IND_MANF_CD,Moldova,ISIC4_C,11.19
2014,NV_IND_MANF_CD,Moldova,ISIC4_C,11.6
2015,NV_IND_MANF_CD,Moldova,ISIC4_C,11.96
2016,NV_IND_MANF_CD,Moldova,ISIC4_C,11.9
2017,NV_IND_MANF_CD,Moldova,ISIC4_C,11.55
2018,NV_IND_MANF_CD,Moldova,ISIC4_C,11.21
2019,NV_IND_MANF_CD,Moldova,ISIC4_C,10.64
2020,NV_IND_MANF_CD,Moldova,ISIC4_C,10.49
2021,NV_IND_MANF_CD,Moldova,ISIC4_C,9.38
2000,NV_IND_MANF_CD,Montenegro,ISIC4_C,9.41
2001,NV_IND_MANF_CD,Montenegro,ISIC4_C,11.71
2002,NV_IND_MANF_CD,Montenegro,ISIC4_C,10.54
2003,NV_IND_MANF_CD,Montenegro,ISIC4_C,8.88
2004,NV_IND_MANF_CD,Montenegro,ISIC4_C,8.85
2005,NV_IND_MANF_CD,Montenegro,ISIC4_C,8.3
2006,NV_IND_MANF_CD,Montenegro,ISIC4_C,7.77
2007,NV_IND_MANF_CD,Montenegro,ISIC4_C,5.1
2008,NV_IND_MANF_CD,Montenegro,ISIC4_C,5.13
2009,NV_IND_MANF_CD,Montenegro,ISIC4_C,4.53
2010,NV_IND_MANF_CD,Montenegro,ISIC4_C,4.53
2011,NV_IND_MANF_CD,Montenegro,ISIC4_C,4.97
2012,NV_IND_MANF_CD,Montenegro,ISIC4_C,4.08
2013,NV_IND_MANF_CD,Montenegro,ISIC4_C,4.04
2012,NV_IND_MANF_CD,Bulgaria,ISIC4_C,14.05
2013,NV_IND_MANF_CD,Bulgaria,ISIC4_C,12.77
2014,NV_IND_MANF_CD,Bulgaria,ISIC4_C,13.03
2015,NV_IND_MANF_CD,Bulgaria,ISIC4_C,13.63
2016,NV_IND_MANF_CD,Bulgaria,ISIC4_C,14.4
2017,NV_IND_MANF_CD,Bulgaria,ISIC4_C,14.01
2018,NV_IND_MANF_CD,Bulgaria,ISIC4_C,13.55
2019,NV_IND_MANF_CD,Bulgaria,ISIC4_C,13.38
2020,NV_IND_MANF_CD,Bulgaria,ISIC4_C,12.75
2021,NV_IND_MANF_CD,Bulgaria,ISIC4_C,11.47
2014,NV_IND_MANF_CD,Montenegro,ISIC4_C,3.88
2015,NV_IND_MANF_CD,Montenegro,ISIC4_C,4.09
2016,NV_IND_MANF_CD,Montenegro,ISIC4_C,3.74
2017,NV_IND_MANF_CD,Montenegro,ISIC4_C,3.85
2018,NV_IND_MANF_CD,Montenegro,ISIC4_C,3.98
2019,NV_IND_MANF_CD,Montenegro,ISIC4_C,3.72
2020,NV_IND_MANF_CD,Montenegro,ISIC4_C,4.11
2021,NV_IND_MANF_CD,Montenegro,ISIC4_C,3.77
2000,NV_IND_MANF_CD,Netherlands (Kingdom of the),ISIC4_C,13.35
2001,NV_IND_MANF_CD,Netherlands (Kingdom of the),ISIC4_C,13.12
2002,NV_IND_MANF_CD,Netherlands (Kingdom of the),ISIC4_C,12.54
2003,NV_IND_MANF_CD,Netherlands (Kingdom of the),ISIC4_C,12.18
2004,NV_IND_MANF_CD,Netherlands (Kingdom of the),ISIC4_C,12.27
2005,NV_IND_MANF_CD,Netherlands (Kingdom of the),ISIC4_C,12.3
2006,NV_IND_MANF_CD,Netherlands (Kingdom of the),ISIC4_C,11.93
2007,NV_IND_MANF_CD,Netherlands (Kingdom of the),ISIC4_C,12.0
2008,NV_IND_MANF_CD,Netherlands (Kingdom of the),ISIC4_C,11.46
2009,NV_IND_MANF_CD,Netherlands (Kingdom of the),ISIC4_C,10.5
2010,NV_IND_MANF_CD,Netherlands (Kingdom of the),ISIC4_C,10.47
2011,NV_IND_MANF_CD,Netherlands (Kingdom of the),ISIC4_C,10.8
2000,NV_IND_MANF_CD,Belarus,ISIC4_C,22.85
2001,NV_IND_MANF_CD,Belarus,ISIC4_C,21.77
2002,NV_IND_MANF_CD,Belarus,ISIC4_C,22.51
2003,NV_IND_MANF_CD,Belarus,ISIC4_C,21.85
2004,NV_IND_MANF_CD,Belarus,ISIC4_C,23.57
2005,NV_IND_MANF_CD,Belarus,ISIC4_C,23.84
2006,NV_IND_MANF_CD,Belarus,ISIC4_C,23.52
2007,NV_IND_MANF_CD,Belarus,ISIC4_C,23.43
2008,NV_IND_MANF_CD,Belarus,ISIC4_C,24.63
2009,NV_IND_MANF_CD,Belarus,ISIC4_C,22.46
2010,NV_IND_MANF_CD,Belarus,ISIC4_C,22.51
2011,NV_IND_MANF_CD,Belarus,ISIC4_C,26.42
2012,NV_IND_MANF_CD,Belarus,ISIC4_C,24.78
2013,NV_IND_MANF_CD,Belarus,ISIC4_C,22.0
2014,NV_IND_MANF_CD,Belarus,ISIC4_C,21.09
2015,NV_IND_MANF_CD,Belarus,ISIC4_C,20.64
2016,NV_IND_MANF_CD,Belarus,ISIC4_C,20.15
2017,NV_IND_MANF_CD,Belarus,ISIC4_C,21.63
2018,NV_IND_MANF_CD,Belarus,ISIC4_C,21.26
2019,NV_IND_MANF_CD,Belarus,ISIC4_C,21.64
2020,NV_IND_MANF_CD,Belarus,ISIC4_C,21.49
2021,NV_IND_MANF_CD,Belarus,ISIC4_C,22.86
2000,NV_IND_MANF_CD,Canada,ISIC4_C,17.02
2001,NV_IND_MANF_CD,Canada,ISIC4_C,16.04
2002,NV_IND_MANF_CD,Canada,ISIC4_C,15.71
2003,NV_IND_MANF_CD,Canada,ISIC4_C,14.66
2004,NV_IND_MANF_CD,Canada,ISIC4_C,14.3
2005,NV_IND_MANF_CD,Canada,ISIC4_C,13.37
2006,NV_IND_MANF_CD,Canada,ISIC4_C,12.58
2007,NV_IND_MANF_CD,Canada,ISIC4_C,11.9
2012,NV_IND_MANF_CD,Netherlands (Kingdom of the),ISIC4_C,10.74
2013,NV_IND_MANF_CD,Netherlands (Kingdom of the),ISIC4_C,10.29
2014,NV_IND_MANF_CD,Netherlands (Kingdom of the),ISIC4_C,10.36
2015,NV_IND_MANF_CD,Netherlands (Kingdom of the),ISIC4_C,10.8
2016,NV_IND_MANF_CD,Netherlands (Kingdom of the),ISIC4_C,10.85
2017,NV_IND_MANF_CD,Netherlands (Kingdom of the),ISIC4_C,11.05
2018,NV_IND_MANF_CD,Netherlands (Kingdom of the),ISIC4_C,11.06
2019,NV_IND_MANF_CD,Netherlands (Kingdom of the),ISIC4_C,10.77
2020,NV_IND_MANF_CD,Netherlands (Kingdom of the),ISIC4_C,10.83
2021,NV_IND_MANF_CD,Netherlands (Kingdom of the),ISIC4_C,10.83
2000,NV_IND_MANF_CD,New Zealand,ISIC4_C,15.5
2001,NV_IND_MANF_CD,New Zealand,ISIC4_C,15.19
2002,NV_IND_MANF_CD,New Zealand,ISIC4_C,15.55
2003,NV_IND_MANF_CD,New Zealand,ISIC4_C,14.72
2004,NV_IND_MANF_CD,New Zealand,ISIC4_C,14.56
2005,NV_IND_MANF_CD,New Zealand,ISIC4_C,14.52
2006,NV_IND_MANF_CD,New Zealand,ISIC4_C,13.31
2007,NV_IND_MANF_CD,New Zealand,ISIC4_C,12.33
2008,NV_IND_MANF_CD,New Zealand,ISIC4_C,12.41
2009,NV_IND_MANF_CD,New Zealand,ISIC4_C,10.77
2010,NV_IND_MANF_CD,New Zealand,ISIC4_C,10.84
2011,NV_IND_MANF_CD,New Zealand,ISIC4_C,10.94
2012,NV_IND_MANF_CD,New Zealand,ISIC4_C,10.61
2013,NV_IND_MANF_CD,New Zealand,ISIC4_C,10.24
2014,NV_IND_MANF_CD,New Zealand,ISIC4_C,11.07
2015,NV_IND_MANF_CD,New Zealand,ISIC4_C,11.28
2016,NV_IND_MANF_CD,New Zealand,ISIC4_C,10.09
2017,NV_IND_MANF_CD,New Zealand,ISIC4_C,10.19
2018,NV_IND_MANF_CD,New Zealand,ISIC4_C,9.95
2019,NV_IND_MANF_CD,New Zealand,ISIC4_C,9.83
2020,NV_IND_MANF_CD,New Zealand,ISIC4_C,9.99
2021,NV_IND_MANF_CD,New Zealand,ISIC4_C,9.92
2000,NV_IND_MANF_CD,Norway,ISIC4_C,8.85
2001,NV_IND_MANF_CD,Norway,ISIC4_C,8.91
2002,NV_IND_MANF_CD,Norway,ISIC4_C,8.9
2003,NV_IND_MANF_CD,Norway,ISIC4_C,8.85
2004,NV_IND_MANF_CD,Norway,ISIC4_C,8.53
2005,NV_IND_MANF_CD,Norway,ISIC4_C,8.16
2006,NV_IND_MANF_CD,Norway,ISIC4_C,8.3
2007,NV_IND_MANF_CD,Norway,ISIC4_C,8.29
2008,NV_IND_MANF_CD,Canada,ISIC4_C,10.61
2009,NV_IND_MANF_CD,Canada,ISIC4_C,10.06
2010,NV_IND_MANF_CD,Canada,ISIC4_C,10.03
2011,NV_IND_MANF_CD,Canada,ISIC4_C,9.96
2012,NV_IND_MANF_CD,Canada,ISIC4_C,10.02
2013,NV_IND_MANF_CD,Canada,ISIC4_C,9.59
2014,NV_IND_MANF_CD,Canada,ISIC4_C,9.43
2015,NV_IND_MANF_CD,Canada,ISIC4_C,9.98
2016,NV_IND_MANF_CD,Canada,ISIC4_C,9.93
2017,NV_IND_MANF_CD,Canada,ISIC4_C,9.68
2018,NV_IND_MANF_CD,Canada,ISIC4_C,9.89
2019,NV_IND_MANF_CD,Canada,ISIC4_C,9.83
2020,NV_IND_MANF_CD,Canada,ISIC4_C,9.8
2021,NV_IND_MANF_CD,Canada,ISIC4_C,9.84
2000,NV_IND_MANF_CD,Chile,ISIC4_C,17.8
2001,NV_IND_MANF_CD,Chile,ISIC4_C,18.63
2002,NV_IND_MANF_CD,Chile,ISIC4_C,18.55
2003,NV_IND_MANF_CD,Chile,ISIC4_C,16.81
2004,NV_IND_MANF_CD,Chile,ISIC4_C,15.83
2005,NV_IND_MANF_CD,Chile,ISIC4_C,14.29
2006,NV_IND_MANF_CD,Chile,ISIC4_C,12.89
2007,NV_IND_MANF_CD,Chile,ISIC4_C,11.96
2008,NV_IND_MANF_CD,Chile,ISIC4_C,11.14
2009,NV_IND_MANF_CD,Chile,ISIC4_C,11.24
2010,NV_IND_MANF_CD,Chile,ISIC4_C,10.77
2011,NV_IND_MANF_CD,Chile,ISIC4_C,11.01
2012,NV_IND_MANF_CD,Chile,ISIC4_C,10.81
2013,NV_IND_MANF_CD,Chile,ISIC4_C,11.12
2014,NV_IND_MANF_CD,Chile,ISIC4_C,11.32
2015,NV_IND_MANF_CD,Chile,ISIC4_C,11.66
2016,NV_IND_MANF_CD,Chile,ISIC4_C,10.98
2017,NV_IND_MANF_CD,Chile,ISIC4_C,10.4
2018,NV_IND_MANF_CD,Chile,ISIC4_C,9.6
2019,NV_IND_MANF_CD,Chile,ISIC4_C,8.99
2020,NV_IND_MANF_CD,Chile,ISIC4_C,8.91
2021,NV_IND_MANF_CD,Chile,ISIC4_C,8.66
2000,NV_IND_MANF_CD,China,ISIC4_C,20.85
2001,NV_IND_MANF_CD,China,ISIC4_C,21.37
2002,NV_IND_MANF_CD,China,ISIC4_C,22.95
2003,NV_IND_MANF_CD,China,ISIC4_C,28.05
2004,NV_IND_MANF_CD,China,ISIC4_C,31.98
2005,NV_IND_MANF_CD,China,ISIC4_C,32.09
2006,NV_IND_MANF_CD,China,ISIC4_C,32.45
2007,NV_IND_MANF_CD,China,ISIC4_C,32.38
2008,NV_IND_MANF_CD,China,ISIC4_C,32.12
2009,NV_IND_MANF_CD,China,ISIC4_C,31.6
2010,NV_IND_MANF_CD,China,ISIC4_C,31.61
2011,NV_IND_MANF_CD,China,ISIC4_C,32.06
2012,NV_IND_MANF_CD,China,ISIC4_C,31.53
2013,NV_IND_MANF_CD,China,ISIC4_C,30.67
2014,NV_IND_MANF_CD,China,ISIC4_C,30.4
2015,NV_IND_MANF_CD,China,ISIC4_C,28.95
2016,NV_IND_MANF_CD,China,ISIC4_C,28.07
2017,NV_IND_MANF_CD,China,ISIC4_C,28.11
2018,NV_IND_MANF_CD,China,ISIC4_C,27.84
2019,NV_IND_MANF_CD,China,ISIC4_C,26.77
2020,NV_IND_MANF_CD,China,ISIC4_C,26.29
2021,NV_IND_MANF_CD,China,ISIC4_C,27.44
2000,NV_IND_MANF_CD,Colombia,ISIC4_C,15.76
2001,NV_IND_MANF_CD,Colombia,ISIC4_C,15.99
2002,NV_IND_MANF_CD,Colombia,ISIC4_C,15.88
2003,NV_IND_MANF_CD,Colombia,ISIC4_C,16.11
2004,NV_IND_MANF_CD,Colombia,ISIC4_C,16.31
2005,NV_IND_MANF_CD,Colombia,ISIC4_C,15.99
2006,NV_IND_MANF_CD,Colombia,ISIC4_C,15.98
2007,NV_IND_MANF_CD,Colombia,ISIC4_C,16.15
2008,NV_IND_MANF_CD,Colombia,ISIC4_C,15.37
2009,NV_IND_MANF_CD,Colombia,ISIC4_C,14.78
2010,NV_IND_MANF_CD,Colombia,ISIC4_C,13.97
2011,NV_IND_MANF_CD,Colombia,ISIC4_C,13.22
2012,NV_IND_MANF_CD,Colombia,ISIC4_C,13.09
2013,NV_IND_MANF_CD,Colombia,ISIC4_C,12.66
2014,NV_IND_MANF_CD,Colombia,ISIC4_C,12.27
2015,NV_IND_MANF_CD,Colombia,ISIC4_C,12.4
2016,NV_IND_MANF_CD,Colombia,ISIC4_C,12.3
2017,NV_IND_MANF_CD,Colombia,ISIC4_C,11.41
2018,NV_IND_MANF_CD,Colombia,ISIC4_C,11.15
2019,NV_IND_MANF_CD,Colombia,ISIC4_C,10.93
2020,NV_IND_MANF_CD,Colombia,ISIC4_C,10.87
2021,NV_IND_MANF_CD,Colombia,ISIC4_C,11.52
2000,NV_IND_MANF_CD,Costa Rica,ISIC4_C,18.32
2001,NV_IND_MANF_CD,Costa Rica,ISIC4_C,17.43
2002,NV_IND_MANF_CD,Costa Rica,ISIC4_C,17.39
2003,NV_IND_MANF_CD,Costa Rica,ISIC4_C,17.1
2004,NV_IND_MANF_CD,Costa Rica,ISIC4_C,16.89
2005,NV_IND_MANF_CD,Costa Rica,ISIC4_C,16.87
2006,NV_IND_MANF_CD,Costa Rica,ISIC4_C,16.49
2007,NV_IND_MANF_CD,Costa Rica,ISIC4_C,16.13
2008,NV_IND_MANF_CD,Costa Rica,ISIC4_C,15.13
2009,NV_IND_MANF_CD,Costa Rica,ISIC4_C,14.15
2010,NV_IND_MANF_CD,Costa Rica,ISIC4_C,14.58
2011,NV_IND_MANF_CD,Costa Rica,ISIC4_C,14.3
2012,NV_IND_MANF_CD,Costa Rica,ISIC4_C,13.88
2013,NV_IND_MANF_CD,Costa Rica,ISIC4_C,12.84
2014,NV_IND_MANF_CD,Costa Rica,ISIC4_C,12.29
2015,NV_IND_MANF_CD,Costa Rica,ISIC4_C,11.61
2016,NV_IND_MANF_CD,Costa Rica,ISIC4_C,11.61
2017,NV_IND_MANF_CD,Costa Rica,ISIC4_C,11.73
2018,NV_IND_MANF_CD,Costa Rica,ISIC4_C,11.92
2019,NV_IND_MANF_CD,Costa Rica,ISIC4_C,12.05
2020,NV_IND_MANF_CD,Costa Rica,ISIC4_C,12.73
2021,NV_IND_MANF_CD,Costa Rica,ISIC4_C,13.88
2000,NV_IND_MANF_CD,Croatia,ISIC4_C,16.68
2001,NV_IND_MANF_CD,Croatia,ISIC4_C,16.36
2002,NV_IND_MANF_CD,Croatia,ISIC4_C,15.22
2003,NV_IND_MANF_CD,Croatia,ISIC4_C,14.84
2004,NV_IND_MANF_CD,Croatia,ISIC4_C,15.01
2005,NV_IND_MANF_CD,Croatia,ISIC4_C,14.28
2006,NV_IND_MANF_CD,Croatia,ISIC4_C,13.78
2007,NV_IND_MANF_CD,Croatia,ISIC4_C,13.87
2008,NV_IND_MANF_CD,Croatia,ISIC4_C,13.48
2009,NV_IND_MANF_CD,Croatia,ISIC4_C,13.23
2010,NV_IND_MANF_CD,Croatia,ISIC4_C,12.93
2011,NV_IND_MANF_CD,Croatia,ISIC4_C,13.56
2012,NV_IND_MANF_CD,Croatia,ISIC4_C,13.51
2013,NV_IND_MANF_CD,Croatia,ISIC4_C,12.61
2014,NV_IND_MANF_CD,Croatia,ISIC4_C,12.73
2015,NV_IND_MANF_CD,Croatia,ISIC4_C,12.75
2016,NV_IND_MANF_CD,Croatia,ISIC4_C,12.87
2017,NV_IND_MANF_CD,Croatia,ISIC4_C,12.74
2018,NV_IND_MANF_CD,Croatia,ISIC4_C,12.3
2019,NV_IND_MANF_CD,Croatia,ISIC4_C,11.9
2020,NV_IND_MANF_CD,Croatia,ISIC4_C,12.06
2021,NV_IND_MANF_CD,Croatia,ISIC4_C,11.4
2000,NV_IND_MANF_CD,Cyprus,ISIC4_C,8.15
2001,NV_IND_MANF_CD,Cyprus,ISIC4_C,7.75
2002,NV_IND_MANF_CD,Cyprus,ISIC4_C,7.73
2003,NV_IND_MANF_CD,Cyprus,ISIC4_C,7.34
2004,NV_IND_MANF_CD,Cyprus,ISIC4_C,7.21
2005,NV_IND_MANF_CD,Cyprus,ISIC4_C,6.8
2006,NV_IND_MANF_CD,Cyprus,ISIC4_C,6.13
2007,NV_IND_MANF_CD,Cyprus,ISIC4_C,5.74
2008,NV_IND_MANF_CD,Cyprus,ISIC4_C,5.48
2009,NV_IND_MANF_CD,Cyprus,ISIC4_C,5.38
2010,NV_IND_MANF_CD,Cyprus,ISIC4_C,5.05
2011,NV_IND_MANF_CD,Cyprus,ISIC4_C,4.6
2012,NV_IND_MANF_CD,Cyprus,ISIC4_C,4.19
2013,NV_IND_MANF_CD,Cyprus,ISIC4_C,3.88
2014,NV_IND_MANF_CD,Cyprus,ISIC4_C,4.08
2015,NV_IND_MANF_CD,Cyprus,ISIC4_C,4.26
2016,NV_IND_MANF_CD,Cyprus,ISIC4_C,4.57
2017,NV_IND_MANF_CD,Cyprus,ISIC4_C,4.89
2018,NV_IND_MANF_CD,Cyprus,ISIC4_C,5.33
2019,NV_IND_MANF_CD,Cyprus,ISIC4_C,5.45
2020,NV_IND_MANF_CD,Cyprus,ISIC4_C,5.67
2021,NV_IND_MANF_CD,Cyprus,ISIC4_C,5.7
2000,NV_IND_MANF_CD,Czechia,ISIC4_C,23.38
2001,NV_IND_MANF_CD,Czechia,ISIC4_C,23.65
2002,NV_IND_MANF_CD,Czechia,ISIC4_C,22.35
2003,NV_IND_MANF_CD,Czechia,ISIC4_C,21.66
2004,NV_IND_MANF_CD,Czechia,ISIC4_C,22.74
2005,NV_IND_MANF_CD,Czechia,ISIC4_C,22.62
2006,NV_IND_MANF_CD,Czechia,ISIC4_C,23.26
2007,NV_IND_MANF_CD,Czechia,ISIC4_C,23.2
2008,NV_IND_MANF_CD,Czechia,ISIC4_C,21.97
2009,NV_IND_MANF_CD,Czechia,ISIC4_C,20.36
2010,NV_IND_MANF_CD,Czechia,ISIC4_C,20.96
2011,NV_IND_MANF_CD,Czechia,ISIC4_C,22.11
2012,NV_IND_MANF_CD,Czechia,ISIC4_C,21.94
2013,NV_IND_MANF_CD,Czechia,ISIC4_C,21.96
2014,NV_IND_MANF_CD,Czechia,ISIC4_C,23.71
2015,NV_IND_MANF_CD,Czechia,ISIC4_C,23.92
2016,NV_IND_MANF_CD,Czechia,ISIC4_C,24.03
2017,NV_IND_MANF_CD,Czechia,ISIC4_C,23.53
2018,NV_IND_MANF_CD,Czechia,ISIC4_C,22.67
2019,NV_IND_MANF_CD,Czechia,ISIC4_C,22.62
2020,NV_IND_MANF_CD,Czechia,ISIC4_C,21.35
2021,NV_IND_MANF_CD,Czechia,ISIC4_C,21.08
2000,NV_IND_MANF_CD,Denmark,ISIC4_C,14.14
2001,NV_IND_MANF_CD,Denmark,ISIC4_C,14.04
2002,NV_IND_MANF_CD,Denmark,ISIC4_C,13.93
2003,NV_IND_MANF_CD,Denmark,ISIC4_C,13.24
2004,NV_IND_MANF_CD,Denmark,ISIC4_C,12.75
2005,NV_IND_MANF_CD,Denmark,ISIC4_C,12.04
2006,NV_IND_MANF_CD,Denmark,ISIC4_C,12.07
2007,NV_IND_MANF_CD,Denmark,ISIC4_C,11.95
2008,NV_IND_MANF_CD,Denmark,ISIC4_C,11.72
2009,NV_IND_MANF_CD,Denmark,ISIC4_C,11.11
2010,NV_IND_MANF_CD,Denmark,ISIC4_C,10.93
2011,NV_IND_MANF_CD,Denmark,ISIC4_C,11.04
2012,NV_IND_MANF_CD,Denmark,ISIC4_C,11.43
2013,NV_IND_MANF_CD,Denmark,ISIC4_C,11.78
2014,NV_IND_MANF_CD,Denmark,ISIC4_C,11.86
2015,NV_IND_MANF_CD,Denmark,ISIC4_C,12.4
2016,NV_IND_MANF_CD,Denmark,ISIC4_C,12.93
2017,NV_IND_MANF_CD,Denmark,ISIC4_C,13.01
2018,NV_IND_MANF_CD,Denmark,ISIC4_C,13.09
2019,NV_IND_MANF_CD,Denmark,ISIC4_C,13.41
2020,NV_IND_MANF_CD,Denmark,ISIC4_C,13.19
2021,NV_IND_MANF_CD,Denmark,ISIC4_C,11.96
2000,NV_IND_MANF_CD,Estonia,ISIC4_C,15.47
2001,NV_IND_MANF_CD,Estonia,ISIC4_C,16.05
2002,NV_IND_MANF_CD,Estonia,ISIC4_C,15.67
2003,NV_IND_MANF_CD,Estonia,ISIC4_C,15.75
2004,NV_IND_MANF_CD,Estonia,ISIC4_C,14.92
2005,NV_IND_MANF_CD,Estonia,ISIC4_C,14.67
2006,NV_IND_MANF_CD,Estonia,ISIC4_C,14.47
2007,NV_IND_MANF_CD,Estonia,ISIC4_C,13.87
2008,NV_IND_MANF_CD,Estonia,ISIC4_C,13.74
2009,NV_IND_MANF_CD,Estonia,ISIC4_C,12.29
2010,NV_IND_MANF_CD,Estonia,ISIC4_C,13.75
2011,NV_IND_MANF_CD,Estonia,ISIC4_C,14.61
2012,NV_IND_MANF_CD,Estonia,ISIC4_C,14.01
2013,NV_IND_MANF_CD,Estonia,ISIC4_C,13.74
2014,NV_IND_MANF_CD,Estonia,ISIC4_C,14.18
2015,NV_IND_MANF_CD,Estonia,ISIC4_C,13.91
2016,NV_IND_MANF_CD,Estonia,ISIC4_C,13.89
2017,NV_IND_MANF_CD,Estonia,ISIC4_C,13.61
2018,NV_IND_MANF_CD,Estonia,ISIC4_C,13.47
2019,NV_IND_MANF_CD,Estonia,ISIC4_C,13.1
2020,NV_IND_MANF_CD,Estonia,ISIC4_C,12.83
2021,NV_IND_MANF_CD,Estonia,ISIC4_C,12.72
2000,NV_IND_MANF_CD,Finland,ISIC4_C,24.15
2001,NV_IND_MANF_CD,Finland,ISIC4_C,23.6
2002,NV_IND_MANF_CD,Finland,ISIC4_C,22.87
2003,NV_IND_MANF_CD,Finland,ISIC4_C,21.95
2004,NV_IND_MANF_CD,Finland,ISIC4_C,21.54
2005,NV_IND_MANF_CD,Finland,ISIC4_C,21.22
2006,NV_IND_MANF_CD,Finland,ISIC4_C,21.81
2007,NV_IND_MANF_CD,Finland,ISIC4_C,22.13
2008,NV_IND_MANF_CD,Finland,ISIC4_C,20.79
2009,NV_IND_MANF_CD,Finland,ISIC4_C,16.67
2010,NV_IND_MANF_CD,Finland,ISIC4_C,16.97
2011,NV_IND_MANF_CD,Finland,ISIC4_C,16.26
2012,NV_IND_MANF_CD,Finland,ISIC4_C,14.46
2013,NV_IND_MANF_CD,Finland,ISIC4_C,14.5
2014,NV_IND_MANF_CD,Finland,ISIC4_C,14.46
2015,NV_IND_MANF_CD,Finland,ISIC4_C,14.68
2016,NV_IND_MANF_CD,Finland,ISIC4_C,14.57
2017,NV_IND_MANF_CD,Finland,ISIC4_C,15.2
2018,NV_IND_MANF_CD,Finland,ISIC4_C,14.59
2019,NV_IND_MANF_CD,Finland,ISIC4_C,14.41
2020,NV_IND_MANF_CD,Finland,ISIC4_C,14.25
2021,NV_IND_MANF_CD,Finland,ISIC4_C,14.68
2000,NV_IND_MANF_CD,France,ISIC4_C,14.48
2001,NV_IND_MANF_CD,France,ISIC4_C,14.03
2002,NV_IND_MANF_CD,France,ISIC4_C,13.59
2003,NV_IND_MANF_CD,France,ISIC4_C,13.09
2004,NV_IND_MANF_CD,France,ISIC4_C,12.68
2005,NV_IND_MANF_CD,France,ISIC4_C,12.25
2006,NV_IND_MANF_CD,France,ISIC4_C,11.73
2007,NV_IND_MANF_CD,France,ISIC4_C,11.63
2008,NV_IND_MANF_CD,France,ISIC4_C,11.1
2009,NV_IND_MANF_CD,France,ISIC4_C,10.59
2010,NV_IND_MANF_CD,France,ISIC4_C,10.33
2011,NV_IND_MANF_CD,France,ISIC4_C,10.4
2012,NV_IND_MANF_CD,France,ISIC4_C,10.36
2013,NV_IND_MANF_CD,France,ISIC4_C,10.35
2014,NV_IND_MANF_CD,France,ISIC4_C,10.28
2015,NV_IND_MANF_CD,France,ISIC4_C,10.43
2016,NV_IND_MANF_CD,France,ISIC4_C,10.28
2017,NV_IND_MANF_CD,France,ISIC4_C,10.14
2018,NV_IND_MANF_CD,France,ISIC4_C,9.97
2019,NV_IND_MANF_CD,France,ISIC4_C,10.01
2020,NV_IND_MANF_CD,France,ISIC4_C,9.27
2021,NV_IND_MANF_CD,France,ISIC4_C,8.88
2000,NV_IND_MANF_CD,Georgia,ISIC4_C,10.59
2001,NV_IND_MANF_CD,Georgia,ISIC4_C,10.58
2002,NV_IND_MANF_CD,Georgia,ISIC4_C,11.08
2003,NV_IND_MANF_CD,Georgia,ISIC4_C,11.27
2004,NV_IND_MANF_CD,Georgia,ISIC4_C,10.57
2005,NV_IND_MANF_CD,Georgia,ISIC4_C,10.46
2006,NV_IND_MANF_CD,Georgia,ISIC4_C,9.62
2007,NV_IND_MANF_CD,Georgia,ISIC4_C,9.47
2008,NV_IND_MANF_CD,Georgia,ISIC4_C,9.03
2009,NV_IND_MANF_CD,Georgia,ISIC4_C,8.59
2010,NV_IND_MANF_CD,Georgia,ISIC4_C,9.14
2011,NV_IND_MANF_CD,Georgia,ISIC4_C,9.81
2012,NV_IND_MANF_CD,Georgia,ISIC4_C,9.49
2013,NV_IND_MANF_CD,Georgia,ISIC4_C,9.51
2014,NV_IND_MANF_CD,Georgia,ISIC4_C,9.61
2015,NV_IND_MANF_CD,Georgia,ISIC4_C,8.86
2016,NV_IND_MANF_CD,Georgia,ISIC4_C,7.79
2017,NV_IND_MANF_CD,Georgia,ISIC4_C,8.6
2018,NV_IND_MANF_CD,Georgia,ISIC4_C,8.83
2019,NV_IND_MANF_CD,Georgia,ISIC4_C,8.87
2020,NV_IND_MANF_CD,Georgia,ISIC4_C,9.35
2021,NV_IND_MANF_CD,Georgia,ISIC4_C,10.18
2000,NV_IND_MANF_CD,Germany,ISIC4_C,20.55
2001,NV_IND_MANF_CD,Germany,ISIC4_C,20.34
2002,NV_IND_MANF_CD,Germany,ISIC4_C,19.79
2003,NV_IND_MANF_CD,Germany,ISIC4_C,19.84
2004,NV_IND_MANF_CD,Germany,ISIC4_C,20.03
2005,NV_IND_MANF_CD,Germany,ISIC4_C,20.07
2006,NV_IND_MANF_CD,Germany,ISIC4_C,20.66
2007,NV_IND_MANF_CD,Germany,ISIC4_C,20.85
2008,NV_IND_MANF_CD,Germany,ISIC4_C,20.05
2009,NV_IND_MANF_CD,Germany,ISIC4_C,17.68
2010,NV_IND_MANF_CD,Germany,ISIC4_C,19.7
2011,NV_IND_MANF_CD,Germany,ISIC4_C,20.23
2012,NV_IND_MANF_CD,Germany,ISIC4_C,20.16
2013,NV_IND_MANF_CD,Germany,ISIC4_C,19.93
2014,NV_IND_MANF_CD,Germany,ISIC4_C,20.22
2015,NV_IND_MANF_CD,Germany,ISIC4_C,20.35
2016,NV_IND_MANF_CD,Germany,ISIC4_C,20.66
2017,NV_IND_MANF_CD,Germany,ISIC4_C,20.39
2018,NV_IND_MANF_CD,Germany,ISIC4_C,20.04
2019,NV_IND_MANF_CD,Germany,ISIC4_C,19.56
2020,NV_IND_MANF_CD,Germany,ISIC4_C,18.7
2021,NV_IND_MANF_CD,Germany,ISIC4_C,18.86
2000,NV_IND_MANF_CD,Greece,ISIC4_C,9.49
2001,NV_IND_MANF_CD,Greece,ISIC4_C,9.94
2002,NV_IND_MANF_CD,Greece,ISIC4_C,9.84
2003,NV_IND_MANF_CD,Greece,ISIC4_C,9.15
2004,NV_IND_MANF_CD,Greece,ISIC4_C,8.75
2005,NV_IND_MANF_CD,Greece,ISIC4_C,8.59
2006,NV_IND_MANF_CD,Greece,ISIC4_C,8.46
2007,NV_IND_MANF_CD,Greece,ISIC4_C,8.46
2008,NV_IND_MANF_CD,Greece,ISIC4_C,8.5
2009,NV_IND_MANF_CD,Greece,ISIC4_C,7.64
2010,NV_IND_MANF_CD,Greece,ISIC4_C,7.85
2011,NV_IND_MANF_CD,Greece,ISIC4_C,7.97
2012,NV_IND_MANF_CD,Greece,ISIC4_C,7.79
2013,NV_IND_MANF_CD,Greece,ISIC4_C,7.61
2014,NV_IND_MANF_CD,Greece,ISIC4_C,7.63
2015,NV_IND_MANF_CD,Greece,ISIC4_C,8.29
2016,NV_IND_MANF_CD,Greece,ISIC4_C,8.1
2017,NV_IND_MANF_CD,Greece,ISIC4_C,8.11
2018,NV_IND_MANF_CD,Greece,ISIC4_C,8.17
2019,NV_IND_MANF_CD,Greece,ISIC4_C,7.81
2020,NV_IND_MANF_CD,Greece,ISIC4_C,8.72
2021,NV_IND_MANF_CD,Greece,ISIC4_C,8.65
2000,NV_IND_MANF_CD,Hungary,ISIC4_C,19.11
2001,NV_IND_MANF_CD,Hungary,ISIC4_C,19.17
2002,NV_IND_MANF_CD,Hungary,ISIC4_C,18.56
2003,NV_IND_MANF_CD,Hungary,ISIC4_C,18.58
2004,NV_IND_MANF_CD,Hungary,ISIC4_C,18.95
2005,NV_IND_MANF_CD,Hungary,ISIC4_C,19.02
2006,NV_IND_MANF_CD,Hungary,ISIC4_C,19.69
2007,NV_IND_MANF_CD,Hungary,ISIC4_C,19.06
2008,NV_IND_MANF_CD,Hungary,ISIC4_C,18.26
2009,NV_IND_MANF_CD,Hungary,ISIC4_C,17.13
2010,NV_IND_MANF_CD,Hungary,ISIC4_C,18.08
2011,NV_IND_MANF_CD,Hungary,ISIC4_C,18.44
2012,NV_IND_MANF_CD,Hungary,ISIC4_C,18.47
2013,NV_IND_MANF_CD,Hungary,ISIC4_C,18.71
2014,NV_IND_MANF_CD,Hungary,ISIC4_C,19.44
2015,NV_IND_MANF_CD,Hungary,ISIC4_C,20.22
2016,NV_IND_MANF_CD,Hungary,ISIC4_C,19.61
2017,NV_IND_MANF_CD,Hungary,ISIC4_C,19.13
2018,NV_IND_MANF_CD,Hungary,ISIC4_C,18.5
2019,NV_IND_MANF_CD,Hungary,ISIC4_C,17.44
2020,NV_IND_MANF_CD,Hungary,ISIC4_C,17.32
2021,NV_IND_MANF_CD,Hungary,ISIC4_C,16.95
2000,NV_IND_MANF_CD,Iceland,ISIC4_C,11.67
2001,NV_IND_MANF_CD,Iceland,ISIC4_C,13.44
2002,NV_IND_MANF_CD,Iceland,ISIC4_C,11.7
2003,NV_IND_MANF_CD,Iceland,ISIC4_C,11.06
2004,NV_IND_MANF_CD,Iceland,ISIC4_C,10.59
2005,NV_IND_MANF_CD,Iceland,ISIC4_C,8.76
2006,NV_IND_MANF_CD,Iceland,ISIC4_C,9.13
2007,NV_IND_MANF_CD,Iceland,ISIC4_C,7.91
2008,NV_IND_MANF_CD,Iceland,ISIC4_C,10.99
2009,NV_IND_MANF_CD,Iceland,ISIC4_C,10.87
2010,NV_IND_MANF_CD,Iceland,ISIC4_C,12.97
2011,NV_IND_MANF_CD,Iceland,ISIC4_C,13.22
2012,NV_IND_MANF_CD,Iceland,ISIC4_C,11.74
2013,NV_IND_MANF_CD,Iceland,ISIC4_C,11.68
2014,NV_IND_MANF_CD,Iceland,ISIC4_C,11.46
2015,NV_IND_MANF_CD,Iceland,ISIC4_C,10.7
2016,NV_IND_MANF_CD,Iceland,ISIC4_C,9.31
2017,NV_IND_MANF_CD,Iceland,ISIC4_C,8.9
2018,NV_IND_MANF_CD,Iceland,ISIC4_C,8.62
2019,NV_IND_MANF_CD,Iceland,ISIC4_C,8.63
2020,NV_IND_MANF_CD,Iceland,ISIC4_C,8.7
2021,NV_IND_MANF_CD,Iceland,ISIC4_C,9.17
2000,NV_IND_MANF_CD,India,ISIC4_C,15.67
2001,NV_IND_MANF_CD,India,ISIC4_C,15.37
2002,NV_IND_MANF_CD,India,ISIC4_C,15.3
2003,NV_IND_MANF_CD,India,ISIC4_C,15.37
2004,NV_IND_MANF_CD,India,ISIC4_C,15.83
2005,NV_IND_MANF_CD,India,ISIC4_C,15.97
2006,NV_IND_MANF_CD,India,ISIC4_C,17.3
2007,NV_IND_MANF_CD,India,ISIC4_C,16.86
2008,NV_IND_MANF_CD,India,ISIC4_C,17.1
2009,NV_IND_MANF_CD,India,ISIC4_C,17.14
2010,NV_IND_MANF_CD,India,ISIC4_C,17.03
2011,NV_IND_MANF_CD,India,ISIC4_C,16.14
2012,NV_IND_MANF_CD,India,ISIC4_C,15.82
2013,NV_IND_MANF_CD,India,ISIC4_C,15.25
2014,NV_IND_MANF_CD,India,ISIC4_C,15.07
2015,NV_IND_MANF_CD,India,ISIC4_C,15.58
2016,NV_IND_MANF_CD,India,ISIC4_C,15.16
2017,NV_IND_MANF_CD,India,ISIC4_C,15.02
2018,NV_IND_MANF_CD,India,ISIC4_C,14.88
2019,NV_IND_MANF_CD,India,ISIC4_C,13.47
2020,NV_IND_MANF_CD,India,ISIC4_C,13.68
2021,NV_IND_MANF_CD,India,ISIC4_C,13.98
2000,NV_IND_MANF_CD,Ireland,ISIC4_C,23.12
2001,NV_IND_MANF_CD,Ireland,ISIC4_C,25.25
2002,NV_IND_MANF_CD,Ireland,ISIC4_C,26.75
2003,NV_IND_MANF_CD,Ireland,ISIC4_C,23.36
2004,NV_IND_MANF_CD,Ireland,ISIC4_C,21.13
2005,NV_IND_MANF_CD,Ireland,ISIC4_C,19.59
2006,NV_IND_MANF_CD,Ireland,ISIC4_C,18.57
2007,NV_IND_MANF_CD,Ireland,ISIC4_C,17.97
2008,NV_IND_MANF_CD,Ireland,ISIC4_C,17.56
2009,NV_IND_MANF_CD,Ireland,ISIC4_C,20.39
2010,NV_IND_MANF_CD,Ireland,ISIC4_C,19.49
2011,NV_IND_MANF_CD,Ireland,ISIC4_C,20.55
2012,NV_IND_MANF_CD,Ireland,ISIC4_C,19.65
2013,NV_IND_MANF_CD,Ireland,ISIC4_C,19.21
2014,NV_IND_MANF_CD,Ireland,ISIC4_C,19.54
2015,NV_IND_MANF_CD,Ireland,ISIC4_C,34.65
2016,NV_IND_MANF_CD,Ireland,ISIC4_C,33.11
2017,NV_IND_MANF_CD,Ireland,ISIC4_C,31.88
2018,NV_IND_MANF_CD,Ireland,ISIC4_C,32.77
2019,NV_IND_MANF_CD,Ireland,ISIC4_C,31.59
2020,NV_IND_MANF_CD,Ireland,ISIC4_C,34.05
2021,NV_IND_MANF_CD,Ireland,ISIC4_C,34.62
2000,NV_IND_MANF_CD,Israel,ISIC4_C,16.96
2001,NV_IND_MANF_CD,Israel,ISIC4_C,15.63
2002,NV_IND_MANF_CD,Israel,ISIC4_C,14.97
2003,NV_IND_MANF_CD,Israel,ISIC4_C,14.53
2004,NV_IND_MANF_CD,Israel,ISIC4_C,14.47
2005,NV_IND_MANF_CD,Israel,ISIC4_C,15.08
2006,NV_IND_MANF_CD,Israel,ISIC4_C,15.28
2007,NV_IND_MANF_CD,Israel,ISIC4_C,15.63
2008,NV_IND_MANF_CD,Israel,ISIC4_C,14.93
2009,NV_IND_MANF_CD,Israel,ISIC4_C,14.15
2010,NV_IND_MANF_CD,Israel,ISIC4_C,14.13
2011,NV_IND_MANF_CD,Israel,ISIC4_C,13.64
2012,NV_IND_MANF_CD,Israel,ISIC4_C,13.91
2013,NV_IND_MANF_CD,Israel,ISIC4_C,12.73
2014,NV_IND_MANF_CD,Israel,ISIC4_C,12.53
2015,NV_IND_MANF_CD,Israel,ISIC4_C,12.7
2016,NV_IND_MANF_CD,Israel,ISIC4_C,11.81
2017,NV_IND_MANF_CD,Israel,ISIC4_C,11.34
2018,NV_IND_MANF_CD,Israel,ISIC4_C,11.49
2019,NV_IND_MANF_CD,Israel,ISIC4_C,11.29
2020,NV_IND_MANF_CD,Israel,ISIC4_C,11.32
2021,NV_IND_MANF_CD,Israel,ISIC4_C,11.03
2000,NV_IND_MANF_CD,Italy,ISIC4_C,17.57
2001,NV_IND_MANF_CD,Italy,ISIC4_C,17.14
2002,NV_IND_MANF_CD,Italy,ISIC4_C,16.81
2003,NV_IND_MANF_CD,Italy,ISIC4_C,16.13
2004,NV_IND_MANF_CD,Italy,ISIC4_C,15.9
2005,NV_IND_MANF_CD,Italy,ISIC4_C,15.55
2006,NV_IND_MANF_CD,Italy,ISIC4_C,15.61
2007,NV_IND_MANF_CD,Italy,ISIC4_C,15.96
2008,NV_IND_MANF_CD,Italy,ISIC4_C,15.47
2009,NV_IND_MANF_CD,Italy,ISIC4_C,13.71
2010,NV_IND_MANF_CD,Italy,ISIC4_C,14.23
2011,NV_IND_MANF_CD,Italy,ISIC4_C,14.21
2012,NV_IND_MANF_CD,Italy,ISIC4_C,13.85
2013,NV_IND_MANF_CD,Italy,ISIC4_C,13.88
2014,NV_IND_MANF_CD,Italy,ISIC4_C,13.98
2015,NV_IND_MANF_CD,Italy,ISIC4_C,14.4
2016,NV_IND_MANF_CD,Italy,ISIC4_C,14.79
2017,NV_IND_MANF_CD,Italy,ISIC4_C,14.91
2018,NV_IND_MANF_CD,Italy,ISIC4_C,15.01
2019,NV_IND_MANF_CD,Italy,ISIC4_C,14.88
2020,NV_IND_MANF_CD,Italy,ISIC4_C,14.58
2021,NV_IND_MANF_CD,Italy,ISIC4_C,14.9
2000,NV_IND_MANF_CD,Japan,ISIC4_C,22.45
2001,NV_IND_MANF_CD,Japan,ISIC4_C,21.12
2002,NV_IND_MANF_CD,Japan,ISIC4_C,20.71
2003,NV_IND_MANF_CD,Japan,ISIC4_C,20.92
2004,NV_IND_MANF_CD,Japan,ISIC4_C,21.12
2005,NV_IND_MANF_CD,Japan,ISIC4_C,21.42
2006,NV_IND_MANF_CD,Japan,ISIC4_C,21.4
2007,NV_IND_MANF_CD,Japan,ISIC4_C,21.88
2008,NV_IND_MANF_CD,Japan,ISIC4_C,21.27
2009,NV_IND_MANF_CD,Japan,ISIC4_C,19.05
2010,NV_IND_MANF_CD,Japan,ISIC4_C,20.77
2011,NV_IND_MANF_CD,Japan,ISIC4_C,19.54
2012,NV_IND_MANF_CD,Japan,ISIC4_C,19.67
2013,NV_IND_MANF_CD,Japan,ISIC4_C,19.33
2014,NV_IND_MANF_CD,Japan,ISIC4_C,19.59
2015,NV_IND_MANF_CD,Japan,ISIC4_C,20.46
2016,NV_IND_MANF_CD,Japan,ISIC4_C,20.29
2017,NV_IND_MANF_CD,Japan,ISIC4_C,20.44
2018,NV_IND_MANF_CD,Japan,ISIC4_C,20.62
2019,NV_IND_MANF_CD,Japan,ISIC4_C,20.06
2020,NV_IND_MANF_CD,Japan,ISIC4_C,19.75
2021,NV_IND_MANF_CD,Japan,ISIC4_C,20.14
2000,NV_IND_MANF_CD,Kazakhstan,ISIC4_C,16.5
2001,NV_IND_MANF_CD,Kazakhstan,ISIC4_C,16.45
2002,NV_IND_MANF_CD,Kazakhstan,ISIC4_C,14.5
2003,NV_IND_MANF_CD,Kazakhstan,ISIC4_C,14.22
2004,NV_IND_MANF_CD,Kazakhstan,ISIC4_C,13.31
2005,NV_IND_MANF_CD,Kazakhstan,ISIC4_C,12.04
2006,NV_IND_MANF_CD,Kazakhstan,ISIC4_C,11.63
2007,NV_IND_MANF_CD,Kazakhstan,ISIC4_C,11.49
2008,NV_IND_MANF_CD,Kazakhstan,ISIC4_C,11.77
2009,NV_IND_MANF_CD,Kazakhstan,ISIC4_C,10.87
2010,NV_IND_MANF_CD,Kazakhstan,ISIC4_C,11.32
2011,NV_IND_MANF_CD,Kazakhstan,ISIC4_C,11.09
2012,NV_IND_MANF_CD,Kazakhstan,ISIC4_C,11.08
2013,NV_IND_MANF_CD,Kazakhstan,ISIC4_C,10.63
2014,NV_IND_MANF_CD,Kazakhstan,ISIC4_C,10.32
2015,NV_IND_MANF_CD,Kazakhstan,ISIC4_C,10.28
2016,NV_IND_MANF_CD,Kazakhstan,ISIC4_C,11.33
2017,NV_IND_MANF_CD,Kazakhstan,ISIC4_C,11.28
2018,NV_IND_MANF_CD,Kazakhstan,ISIC4_C,11.43
2019,NV_IND_MANF_CD,Kazakhstan,ISIC4_C,11.47
2020,NV_IND_MANF_CD,Kazakhstan,ISIC4_C,13.07
2021,NV_IND_MANF_CD,Kazakhstan,ISIC4_C,13.89
2000,NV_IND_MANF_CD,Republic of Korea,ISIC4_C,26.45
2001,NV_IND_MANF_CD,Republic of Korea,ISIC4_C,24.88
2002,NV_IND_MANF_CD,Republic of Korea,ISIC4_C,24.49
2003,NV_IND_MANF_CD,Republic of Korea,ISIC4_C,24.12
2004,NV_IND_MANF_CD,Republic of Korea,ISIC4_C,26.12
2005,NV_IND_MANF_CD,Republic of Korea,ISIC4_C,25.74
2006,NV_IND_MANF_CD,Republic of Korea,ISIC4_C,25.31
2007,NV_IND_MANF_CD,Republic of Korea,ISIC4_C,25.48
2008,NV_IND_MANF_CD,Republic of Korea,ISIC4_C,25.62
2009,NV_IND_MANF_CD,Republic of Korea,ISIC4_C,25.77
2010,NV_IND_MANF_CD,Republic of Korea,ISIC4_C,27.44
2011,NV_IND_MANF_CD,Republic of Korea,ISIC4_C,28.24
2012,NV_IND_MANF_CD,Republic of Korea,ISIC4_C,27.83
2013,NV_IND_MANF_CD,Republic of Korea,ISIC4_C,27.79
2014,NV_IND_MANF_CD,Republic of Korea,ISIC4_C,27.04
2015,NV_IND_MANF_CD,Republic of Korea,ISIC4_C,26.61
2016,NV_IND_MANF_CD,Republic of Korea,ISIC4_C,26.36
2017,NV_IND_MANF_CD,Republic of Korea,ISIC4_C,26.95
2018,NV_IND_MANF_CD,Republic of Korea,ISIC4_C,26.64
2019,NV_IND_MANF_CD,Republic of Korea,ISIC4_C,25.22
2020,NV_IND_MANF_CD,Republic of Korea,ISIC4_C,24.78
2021,NV_IND_MANF_CD,Republic of Korea,ISIC4_C,25.46
2000,NV_IND_MANF_CD,Kyrgyzstan,ISIC4_C,18.0
2001,NV_IND_MANF_CD,Kyrgyzstan,ISIC4_C,17.55
2002,NV_IND_MANF_CD,Kyrgyzstan,ISIC4_C,12.98
2003,NV_IND_MANF_CD,Kyrgyzstan,ISIC4_C,13.2
2004,NV_IND_MANF_CD,Kyrgyzstan,ISIC4_C,15.24
2005,NV_IND_MANF_CD,Kyrgyzstan,ISIC4_C,12.78
2006,NV_IND_MANF_CD,Kyrgyzstan,ISIC4_C,10.93
2007,NV_IND_MANF_CD,Kyrgyzstan,ISIC4_C,9.87
2008,NV_IND_MANF_CD,Kyrgyzstan,ISIC4_C,13.15
2009,NV_IND_MANF_CD,Kyrgyzstan,ISIC4_C,14.15
2010,NV_IND_MANF_CD,Kyrgyzstan,ISIC4_C,16.86
2011,NV_IND_MANF_CD,Kyrgyzstan,ISIC4_C,18.27
2012,NV_IND_MANF_CD,Kyrgyzstan,ISIC4_C,12.07
2013,NV_IND_MANF_CD,Kyrgyzstan,ISIC4_C,15.77
2014,NV_IND_MANF_CD,Kyrgyzstan,ISIC4_C,13.68
2015,NV_IND_MANF_CD,Kyrgyzstan,ISIC4_C,14.05
2016,NV_IND_MANF_CD,Kyrgyzstan,ISIC4_C,15.43
2017,NV_IND_MANF_CD,Kyrgyzstan,ISIC4_C,14.99
2018,NV_IND_MANF_CD,Kyrgyzstan,ISIC4_C,14.26
2019,NV_IND_MANF_CD,Kyrgyzstan,ISIC4_C,14.71
2020,NV_IND_MANF_CD,Kyrgyzstan,ISIC4_C,14.46
2021,NV_IND_MANF_CD,Kyrgyzstan,ISIC4_C,12.94
2000,NV_IND_MANF_CD,Latvia,ISIC4_C,13.61
2001,NV_IND_MANF_CD,Latvia,ISIC4_C,13.6
2002,NV_IND_MANF_CD,Latvia,ISIC4_C,13.54
2003,NV_IND_MANF_CD,Latvia,ISIC4_C,12.36
2004,NV_IND_MANF_CD,Latvia,ISIC4_C,12.25
2005,NV_IND_MANF_CD,Latvia,ISIC4_C,11.4
2006,NV_IND_MANF_CD,Latvia,ISIC4_C,10.56
2007,NV_IND_MANF_CD,Latvia,ISIC4_C,10.02
2008,NV_IND_MANF_CD,Latvia,ISIC4_C,9.6
2009,NV_IND_MANF_CD,Latvia,ISIC4_C,9.72
2010,NV_IND_MANF_CD,Latvia,ISIC4_C,11.88
2011,NV_IND_MANF_CD,Latvia,ISIC4_C,11.75
2012,NV_IND_MANF_CD,Latvia,ISIC4_C,11.36
2013,NV_IND_MANF_CD,Latvia,ISIC4_C,11.09
2014,NV_IND_MANF_CD,Latvia,ISIC4_C,10.5
2015,NV_IND_MANF_CD,Latvia,ISIC4_C,10.47
2016,NV_IND_MANF_CD,Latvia,ISIC4_C,10.17
2017,NV_IND_MANF_CD,Latvia,ISIC4_C,10.47
2018,NV_IND_MANF_CD,Latvia,ISIC4_C,10.56
2019,NV_IND_MANF_CD,Latvia,ISIC4_C,10.6
2020,NV_IND_MANF_CD,Latvia,ISIC4_C,10.99
2021,NV_IND_MANF_CD,Latvia,ISIC4_C,11.97
2000,NV_IND_MANF_CD,Liechtenstein,ISIC4_C,33.6
2001,NV_IND_MANF_CD,Liechtenstein,ISIC4_C,35.79
2002,NV_IND_MANF_CD,Liechtenstein,ISIC4_C,36.61
2003,NV_IND_MANF_CD,Liechtenstein,ISIC4_C,37.13
2004,NV_IND_MANF_CD,Liechtenstein,ISIC4_C,36.73
2005,NV_IND_MANF_CD,Liechtenstein,ISIC4_C,36.56
2006,NV_IND_MANF_CD,Liechtenstein,ISIC4_C,35.92
2007,NV_IND_MANF_CD,Liechtenstein,ISIC4_C,35.11
2008,NV_IND_MANF_CD,Liechtenstein,ISIC4_C,36.88
2009,NV_IND_MANF_CD,Liechtenstein,ISIC4_C,37.85
2010,NV_IND_MANF_CD,Liechtenstein,ISIC4_C,36.29
2011,NV_IND_MANF_CD,Liechtenstein,ISIC4_C,39.14
2012,NV_IND_MANF_CD,Liechtenstein,ISIC4_C,38.52
2013,NV_IND_MANF_CD,Liechtenstein,ISIC4_C,37.59
2014,NV_IND_MANF_CD,Liechtenstein,ISIC4_C,36.77
2015,NV_IND_MANF_CD,Liechtenstein,ISIC4_C,36.41
2016,NV_IND_MANF_CD,Liechtenstein,ISIC4_C,36.87
2017,NV_IND_MANF_CD,Liechtenstein,ISIC4_C,38.73
2018,NV_IND_MANF_CD,Liechtenstein,ISIC4_C,36.54
2019,NV_IND_MANF_CD,Liechtenstein,ISIC4_C,38.73
2020,NV_IND_MANF_CD,Liechtenstein,ISIC4_C,38.0
2021,NV_IND_MANF_CD,Liechtenstein,ISIC4_C,37.76
2000,NV_IND_MANF_CD,Lithuania,ISIC4_C,16.78
2001,NV_IND_MANF_CD,Lithuania,ISIC4_C,17.25
2002,NV_IND_MANF_CD,Lithuania,ISIC4_C,16.31
2003,NV_IND_MANF_CD,Lithuania,ISIC4_C,16.69
2004,NV_IND_MANF_CD,Lithuania,ISIC4_C,18.24
2005,NV_IND_MANF_CD,Lithuania,ISIC4_C,18.27
2006,NV_IND_MANF_CD,Lithuania,ISIC4_C,17.59
2007,NV_IND_MANF_CD,Lithuania,ISIC4_C,15.91
2008,NV_IND_MANF_CD,Lithuania,ISIC4_C,15.72
2009,NV_IND_MANF_CD,Lithuania,ISIC4_C,15.11
2010,NV_IND_MANF_CD,Lithuania,ISIC4_C,16.93
2011,NV_IND_MANF_CD,Lithuania,ISIC4_C,18.38
2012,NV_IND_MANF_CD,Lithuania,ISIC4_C,18.71
2013,NV_IND_MANF_CD,Lithuania,ISIC4_C,17.63
2014,NV_IND_MANF_CD,Lithuania,ISIC4_C,17.37
2015,NV_IND_MANF_CD,Lithuania,ISIC4_C,17.21
2016,NV_IND_MANF_CD,Lithuania,ISIC4_C,16.9
2017,NV_IND_MANF_CD,Lithuania,ISIC4_C,16.97
2018,NV_IND_MANF_CD,Lithuania,ISIC4_C,16.58
2019,NV_IND_MANF_CD,Lithuania,ISIC4_C,16.08
2020,NV_IND_MANF_CD,Lithuania,ISIC4_C,15.58
2021,NV_IND_MANF_CD,Lithuania,ISIC4_C,16.12
2000,NV_IND_MANF_CD,Luxembourg,ISIC4_C,9.64
2001,NV_IND_MANF_CD,Luxembourg,ISIC4_C,9.13
2002,NV_IND_MANF_CD,Luxembourg,ISIC4_C,8.72
2003,NV_IND_MANF_CD,Luxembourg,ISIC4_C,8.84
2004,NV_IND_MANF_CD,Luxembourg,ISIC4_C,8.29
2005,NV_IND_MANF_CD,Luxembourg,ISIC4_C,7.83
2006,NV_IND_MANF_CD,Luxembourg,ISIC4_C,7.08
2007,NV_IND_MANF_CD,Luxembourg,ISIC4_C,7.97
2008,NV_IND_MANF_CD,Luxembourg,ISIC4_C,6.68
2009,NV_IND_MANF_CD,Luxembourg,ISIC4_C,4.65
2010,NV_IND_MANF_CD,Luxembourg,ISIC4_C,4.97
2011,NV_IND_MANF_CD,Luxembourg,ISIC4_C,4.87
2012,NV_IND_MANF_CD,Luxembourg,ISIC4_C,4.56
2013,NV_IND_MANF_CD,Luxembourg,ISIC4_C,4.55
2014,NV_IND_MANF_CD,Luxembourg,ISIC4_C,4.73
2015,NV_IND_MANF_CD,Luxembourg,ISIC4_C,5.48
2016,NV_IND_MANF_CD,Luxembourg,ISIC4_C,5.79
2017,NV_IND_MANF_CD,Luxembourg,ISIC4_C,4.78
2018,NV_IND_MANF_CD,Luxembourg,ISIC4_C,4.96
2019,NV_IND_MANF_CD,Luxembourg,ISIC4_C,4.99
2020,NV_IND_MANF_CD,Luxembourg,ISIC4_C,5.03
2021,NV_IND_MANF_CD,Luxembourg,ISIC4_C,4.85
2008,NV_IND_MANF_CD,Norway,ISIC4_C,7.74
2009,NV_IND_MANF_CD,Norway,ISIC4_C,7.35
2010,NV_IND_MANF_CD,Norway,ISIC4_C,7.19
2011,NV_IND_MANF_CD,Norway,ISIC4_C,6.75
2012,NV_IND_MANF_CD,Norway,ISIC4_C,6.61
2013,NV_IND_MANF_CD,Norway,ISIC4_C,6.62
2014,NV_IND_MANF_CD,Norway,ISIC4_C,6.81
2015,NV_IND_MANF_CD,Norway,ISIC4_C,6.87
2016,NV_IND_MANF_CD,Norway,ISIC4_C,6.56
2017,NV_IND_MANF_CD,Norway,ISIC4_C,6.4
2018,NV_IND_MANF_CD,Norway,ISIC4_C,6.0
2019,NV_IND_MANF_CD,Norway,ISIC4_C,6.18
2020,NV_IND_MANF_CD,Norway,ISIC4_C,6.51
2021,NV_IND_MANF_CD,Norway,ISIC4_C,5.49
2000,NV_IND_MANF_CD,Poland,ISIC4_C,16.05
2001,NV_IND_MANF_CD,Poland,ISIC4_C,14.54
2002,NV_IND_MANF_CD,Poland,ISIC4_C,14.31
2003,NV_IND_MANF_CD,Poland,ISIC4_C,15.52
2004,NV_IND_MANF_CD,Poland,ISIC4_C,16.43
2005,NV_IND_MANF_CD,Poland,ISIC4_C,16.01
2006,NV_IND_MANF_CD,Poland,ISIC4_C,16.3
2007,NV_IND_MANF_CD,Poland,ISIC4_C,16.32
2008,NV_IND_MANF_CD,Poland,ISIC4_C,16.1
2009,NV_IND_MANF_CD,Poland,ISIC4_C,16.33
2010,NV_IND_MANF_CD,Poland,ISIC4_C,15.47
2011,NV_IND_MANF_CD,Poland,ISIC4_C,15.82
2012,NV_IND_MANF_CD,Poland,ISIC4_C,16.18
2013,NV_IND_MANF_CD,Poland,ISIC4_C,15.8
2014,NV_IND_MANF_CD,Poland,ISIC4_C,16.64
2015,NV_IND_MANF_CD,Poland,ISIC4_C,17.5
2016,NV_IND_MANF_CD,Poland,ISIC4_C,18.07
2017,NV_IND_MANF_CD,Poland,ISIC4_C,16.88
2018,NV_IND_MANF_CD,Poland,ISIC4_C,16.69
2019,NV_IND_MANF_CD,Poland,ISIC4_C,16.55
2020,NV_IND_MANF_CD,Poland,ISIC4_C,16.47
2021,NV_IND_MANF_CD,Poland,ISIC4_C,16.72
2000,NV_IND_MANF_CD,Portugal,ISIC4_C,15.05
2001,NV_IND_MANF_CD,Portugal,ISIC4_C,14.68
2002,NV_IND_MANF_CD,Portugal,ISIC4_C,14.19
2003,NV_IND_MANF_CD,Portugal,ISIC4_C,13.48
2004,NV_IND_MANF_CD,Portugal,ISIC4_C,13.05
2005,NV_IND_MANF_CD,Portugal,ISIC4_C,12.57
2006,NV_IND_MANF_CD,Portugal,ISIC4_C,12.34
2007,NV_IND_MANF_CD,Portugal,ISIC4_C,12.24
2008,NV_IND_MANF_CD,Portugal,ISIC4_C,11.9
2009,NV_IND_MANF_CD,Portugal,ISIC4_C,11.13
2010,NV_IND_MANF_CD,Portugal,ISIC4_C,11.6
2011,NV_IND_MANF_CD,Portugal,ISIC4_C,11.34
2012,NV_IND_MANF_CD,Portugal,ISIC4_C,11.39
2013,NV_IND_MANF_CD,Portugal,ISIC4_C,11.55
2014,NV_IND_MANF_CD,Portugal,ISIC4_C,11.79
2015,NV_IND_MANF_CD,Portugal,ISIC4_C,12.14
2016,NV_IND_MANF_CD,Portugal,ISIC4_C,12.15
2017,NV_IND_MANF_CD,Portugal,ISIC4_C,12.34
2018,NV_IND_MANF_CD,Portugal,ISIC4_C,12.26
2019,NV_IND_MANF_CD,Portugal,ISIC4_C,11.9
2020,NV_IND_MANF_CD,Portugal,ISIC4_C,12.02
2021,NV_IND_MANF_CD,Portugal,ISIC4_C,12.43
2000,NV_IND_MANF_CD,Romania,ISIC4_C,19.81
2001,NV_IND_MANF_CD,Romania,ISIC4_C,22.02
2002,NV_IND_MANF_CD,Romania,ISIC4_C,21.81
2003,NV_IND_MANF_CD,Romania,ISIC4_C,21.05
2004,NV_IND_MANF_CD,Romania,ISIC4_C,21.24
2005,NV_IND_MANF_CD,Romania,ISIC4_C,21.27
2006,NV_IND_MANF_CD,Romania,ISIC4_C,21.11
2007,NV_IND_MANF_CD,Romania,ISIC4_C,21.03
2008,NV_IND_MANF_CD,Romania,ISIC4_C,21.95
2009,NV_IND_MANF_CD,Romania,ISIC4_C,21.01
2010,NV_IND_MANF_CD,Romania,ISIC4_C,23.36
2011,NV_IND_MANF_CD,Romania,ISIC4_C,25.91
2012,NV_IND_MANF_CD,Romania,ISIC4_C,21.28
2013,NV_IND_MANF_CD,Romania,ISIC4_C,20.22
2014,NV_IND_MANF_CD,Romania,ISIC4_C,21.51
2015,NV_IND_MANF_CD,Romania,ISIC4_C,20.21
2016,NV_IND_MANF_CD,Romania,ISIC4_C,20.12
2017,NV_IND_MANF_CD,Romania,ISIC4_C,19.81
2018,NV_IND_MANF_CD,Romania,ISIC4_C,18.94
2019,NV_IND_MANF_CD,Romania,ISIC4_C,17.17
2020,NV_IND_MANF_CD,Romania,ISIC4_C,15.86
2021,NV_IND_MANF_CD,Romania,ISIC4_C,15.56
2000,NV_IND_MANF_CD,Serbia,ISIC4_C,27.12
2001,NV_IND_MANF_CD,Serbia,ISIC4_C,24.8
2002,NV_IND_MANF_CD,Serbia,ISIC4_C,22.45
2003,NV_IND_MANF_CD,Serbia,ISIC4_C,20.19
2004,NV_IND_MANF_CD,Serbia,ISIC4_C,20.48
2005,NV_IND_MANF_CD,Serbia,ISIC4_C,19.54
2006,NV_IND_MANF_CD,Serbia,ISIC4_C,18.58
2007,NV_IND_MANF_CD,Serbia,ISIC4_C,17.77
2008,NV_IND_MANF_CD,Serbia,ISIC4_C,17.17
2009,NV_IND_MANF_CD,Serbia,ISIC4_C,14.92
2010,NV_IND_MANF_CD,Serbia,ISIC4_C,15.3
2011,NV_IND_MANF_CD,Serbia,ISIC4_C,15.23
2012,NV_IND_MANF_CD,Serbia,ISIC4_C,15.82
2013,NV_IND_MANF_CD,Serbia,ISIC4_C,16.12
2014,NV_IND_MANF_CD,Serbia,ISIC4_C,14.96
2015,NV_IND_MANF_CD,Serbia,ISIC4_C,14.77
2016,NV_IND_MANF_CD,Serbia,ISIC4_C,14.81
2017,NV_IND_MANF_CD,Serbia,ISIC4_C,15.09
2018,NV_IND_MANF_CD,Serbia,ISIC4_C,14.53
2019,NV_IND_MANF_CD,Serbia,ISIC4_C,13.68
2020,NV_IND_MANF_CD,Serbia,ISIC4_C,13.27
2021,NV_IND_MANF_CD,Serbia,ISIC4_C,13.24
2000,NV_IND_MANF_CD,Slovakia,ISIC4_C,19.98
2001,NV_IND_MANF_CD,Slovakia,ISIC4_C,21.33
2002,NV_IND_MANF_CD,Slovakia,ISIC4_C,19.41
2003,NV_IND_MANF_CD,Slovakia,ISIC4_C,19.71
2004,NV_IND_MANF_CD,Slovakia,ISIC4_C,20.4
2005,NV_IND_MANF_CD,Slovakia,ISIC4_C,20.61
2006,NV_IND_MANF_CD,Slovakia,ISIC4_C,20.66
2007,NV_IND_MANF_CD,Slovakia,ISIC4_C,20.34
2008,NV_IND_MANF_CD,Slovakia,ISIC4_C,19.0
2009,NV_IND_MANF_CD,Slovakia,ISIC4_C,15.18
2010,NV_IND_MANF_CD,Slovakia,ISIC4_C,18.03
2011,NV_IND_MANF_CD,Slovakia,ISIC4_C,18.18
2012,NV_IND_MANF_CD,Slovakia,ISIC4_C,18.14
2013,NV_IND_MANF_CD,Slovakia,ISIC4_C,17.49
2014,NV_IND_MANF_CD,Slovakia,ISIC4_C,19.31
2015,NV_IND_MANF_CD,Slovakia,ISIC4_C,19.59
2016,NV_IND_MANF_CD,Slovakia,ISIC4_C,18.6
2017,NV_IND_MANF_CD,Slovakia,ISIC4_C,17.95
2018,NV_IND_MANF_CD,Slovakia,ISIC4_C,18.88
2019,NV_IND_MANF_CD,Slovakia,ISIC4_C,19.75
2020,NV_IND_MANF_CD,Slovakia,ISIC4_C,18.11
2021,NV_IND_MANF_CD,Slovakia,ISIC4_C,19.74
2000,NV_IND_MANF_CD,Viet Nam,ISIC4_C,18.45
2001,NV_IND_MANF_CD,Viet Nam,ISIC4_C,19.66
2002,NV_IND_MANF_CD,Viet Nam,ISIC4_C,20.46
2003,NV_IND_MANF_CD,Viet Nam,ISIC4_C,20.33
2004,NV_IND_MANF_CD,Viet Nam,ISIC4_C,18.55
2005,NV_IND_MANF_CD,Viet Nam,ISIC4_C,18.82
2006,NV_IND_MANF_CD,Viet Nam,ISIC4_C,20.48
2007,NV_IND_MANF_CD,Viet Nam,ISIC4_C,21.57
2008,NV_IND_MANF_CD,Viet Nam,ISIC4_C,21.79
2009,NV_IND_MANF_CD,Viet Nam,ISIC4_C,22.51
2010,NV_IND_MANF_CD,Viet Nam,ISIC4_C,17.13
2011,NV_IND_MANF_CD,Viet Nam,ISIC4_C,18.69
2012,NV_IND_MANF_CD,Viet Nam,ISIC4_C,20.27
2013,NV_IND_MANF_CD,Viet Nam,ISIC4_C,20.69
2014,NV_IND_MANF_CD,Viet Nam,ISIC4_C,20.37
2015,NV_IND_MANF_CD,Viet Nam,ISIC4_C,20.96
2016,NV_IND_MANF_CD,Viet Nam,ISIC4_C,21.49
2017,NV_IND_MANF_CD,Viet Nam,ISIC4_C,22.63
2018,NV_IND_MANF_CD,Viet Nam,ISIC4_C,23.37
2019,NV_IND_MANF_CD,Viet Nam,ISIC4_C,23.79
2020,NV_IND_MANF_CD,Viet Nam,ISIC4_C,23.95
2021,NV_IND_MANF_CD,Viet Nam,ISIC4_C,24.62
2000,NV_IND_MANF_CD,Slovenia,ISIC4_C,21.66
2001,NV_IND_MANF_CD,Slovenia,ISIC4_C,21.93
2002,NV_IND_MANF_CD,Slovenia,ISIC4_C,21.54
2003,NV_IND_MANF_CD,Slovenia,ISIC4_C,21.69
2004,NV_IND_MANF_CD,Slovenia,ISIC4_C,21.44
2005,NV_IND_MANF_CD,Slovenia,ISIC4_C,20.61
2006,NV_IND_MANF_CD,Slovenia,ISIC4_C,20.47
2007,NV_IND_MANF_CD,Slovenia,ISIC4_C,20.38
2008,NV_IND_MANF_CD,Slovenia,ISIC4_C,19.2
2009,NV_IND_MANF_CD,Slovenia,ISIC4_C,17.13
2010,NV_IND_MANF_CD,Slovenia,ISIC4_C,17.48
2011,NV_IND_MANF_CD,Slovenia,ISIC4_C,18.21
2012,NV_IND_MANF_CD,Slovenia,ISIC4_C,18.73
2013,NV_IND_MANF_CD,Slovenia,ISIC4_C,19.16
2014,NV_IND_MANF_CD,Slovenia,ISIC4_C,19.62
2015,NV_IND_MANF_CD,Slovenia,ISIC4_C,19.94
2016,NV_IND_MANF_CD,Slovenia,ISIC4_C,20.17
2017,NV_IND_MANF_CD,Slovenia,ISIC4_C,20.57
2018,NV_IND_MANF_CD,Slovenia,ISIC4_C,20.31
2019,NV_IND_MANF_CD,Slovenia,ISIC4_C,20.62
2020,NV_IND_MANF_CD,Slovenia,ISIC4_C,20.54
2021,NV_IND_MANF_CD,Slovenia,ISIC4_C,20.03
2000,NV_IND_MANF_CD,Spain,ISIC4_C,16.23
2001,NV_IND_MANF_CD,Spain,ISIC4_C,15.83
2002,NV_IND_MANF_CD,Spain,ISIC4_C,15.24
2003,NV_IND_MANF_CD,Spain,ISIC4_C,14.7
2004,NV_IND_MANF_CD,Spain,ISIC4_C,14.17
2005,NV_IND_MANF_CD,Spain,ISIC4_C,13.71
2006,NV_IND_MANF_CD,Spain,ISIC4_C,13.34
2007,NV_IND_MANF_CD,Spain,ISIC4_C,12.9
2008,NV_IND_MANF_CD,Spain,ISIC4_C,12.7
2009,NV_IND_MANF_CD,Spain,ISIC4_C,11.59
2010,NV_IND_MANF_CD,Spain,ISIC4_C,11.4
2011,NV_IND_MANF_CD,Spain,ISIC4_C,11.5
2012,NV_IND_MANF_CD,Spain,ISIC4_C,11.12
2013,NV_IND_MANF_CD,Spain,ISIC4_C,11.19
2014,NV_IND_MANF_CD,Spain,ISIC4_C,11.3
2015,NV_IND_MANF_CD,Spain,ISIC4_C,11.29
2016,NV_IND_MANF_CD,Spain,ISIC4_C,11.26
2017,NV_IND_MANF_CD,Spain,ISIC4_C,11.33
2018,NV_IND_MANF_CD,Spain,ISIC4_C,11.03
2019,NV_IND_MANF_CD,Spain,ISIC4_C,10.91
2020,NV_IND_MANF_CD,Spain,ISIC4_C,11.01
2021,NV_IND_MANF_CD,Spain,ISIC4_C,11.54
2000,NV_IND_MANF_CD,Sweden,ISIC4_C,20.16
2001,NV_IND_MANF_CD,Sweden,ISIC4_C,19.22
2002,NV_IND_MANF_CD,Sweden,ISIC4_C,18.67
2003,NV_IND_MANF_CD,Sweden,ISIC4_C,18.08
2004,NV_IND_MANF_CD,Sweden,ISIC4_C,17.39
2005,NV_IND_MANF_CD,Sweden,ISIC4_C,17.16
2006,NV_IND_MANF_CD,Sweden,ISIC4_C,17.15
2007,NV_IND_MANF_CD,Sweden,ISIC4_C,17.18
2008,NV_IND_MANF_CD,Sweden,ISIC4_C,15.79
2009,NV_IND_MANF_CD,Sweden,ISIC4_C,13.75
2010,NV_IND_MANF_CD,Sweden,ISIC4_C,14.72
2011,NV_IND_MANF_CD,Sweden,ISIC4_C,14.6
2012,NV_IND_MANF_CD,Sweden,ISIC4_C,13.92
2013,NV_IND_MANF_CD,Sweden,ISIC4_C,13.3
2014,NV_IND_MANF_CD,Sweden,ISIC4_C,13.06
2015,NV_IND_MANF_CD,Sweden,ISIC4_C,13.61
2016,NV_IND_MANF_CD,Sweden,ISIC4_C,13.19
2017,NV_IND_MANF_CD,Sweden,ISIC4_C,13.05
2018,NV_IND_MANF_CD,Sweden,ISIC4_C,13.03
2019,NV_IND_MANF_CD,Sweden,ISIC4_C,12.8
2020,NV_IND_MANF_CD,Sweden,ISIC4_C,12.36
2021,NV_IND_MANF_CD,Sweden,ISIC4_C,12.68
2000,NV_IND_MANF_CD,Switzerland,ISIC4_C,17.73
2001,NV_IND_MANF_CD,Switzerland,ISIC4_C,18.46
2002,NV_IND_MANF_CD,Switzerland,ISIC4_C,18.87
2003,NV_IND_MANF_CD,Switzerland,ISIC4_C,18.67
2004,NV_IND_MANF_CD,Switzerland,ISIC4_C,18.6
2005,NV_IND_MANF_CD,Switzerland,ISIC4_C,18.91
2006,NV_IND_MANF_CD,Switzerland,ISIC4_C,19.25
2007,NV_IND_MANF_CD,Switzerland,ISIC4_C,19.46
2008,NV_IND_MANF_CD,Switzerland,ISIC4_C,19.54
2009,NV_IND_MANF_CD,Switzerland,ISIC4_C,18.16
2010,NV_IND_MANF_CD,Switzerland,ISIC4_C,18.17
2011,NV_IND_MANF_CD,Switzerland,ISIC4_C,18.5
2012,NV_IND_MANF_CD,Switzerland,ISIC4_C,18.06
2013,NV_IND_MANF_CD,Switzerland,ISIC4_C,18.12
2014,NV_IND_MANF_CD,Switzerland,ISIC4_C,17.92
2015,NV_IND_MANF_CD,Switzerland,ISIC4_C,17.47
2016,NV_IND_MANF_CD,Switzerland,ISIC4_C,17.77
2017,NV_IND_MANF_CD,Switzerland,ISIC4_C,17.86
2018,NV_IND_MANF_CD,Switzerland,ISIC4_C,18.01
2019,NV_IND_MANF_CD,Switzerland,ISIC4_C,18.22
2020,NV_IND_MANF_CD,Switzerland,ISIC4_C,18.14
2021,NV_IND_MANF_CD,Switzerland,ISIC4_C,18.84
2000,NV_IND_MANF_CD,Tajikistan,ISIC4_C,33.14
2001,NV_IND_MANF_CD,Tajikistan,ISIC4_C,33.46
2002,NV_IND_MANF_CD,Tajikistan,ISIC4_C,33.1
2003,NV_IND_MANF_CD,Tajikistan,ISIC4_C,30.25
2004,NV_IND_MANF_CD,Tajikistan,ISIC4_C,26.66
2005,NV_IND_MANF_CD,Tajikistan,ISIC4_C,22.83
2006,NV_IND_MANF_CD,Tajikistan,ISIC4_C,21.29
2007,NV_IND_MANF_CD,Tajikistan,ISIC4_C,18.35
2008,NV_IND_MANF_CD,Tajikistan,ISIC4_C,14.21
2009,NV_IND_MANF_CD,Tajikistan,ISIC4_C,14.34
2010,NV_IND_MANF_CD,Tajikistan,ISIC4_C,14.74
2011,NV_IND_MANF_CD,Tajikistan,ISIC4_C,9.66
2012,NV_IND_MANF_CD,Tajikistan,ISIC4_C,9.87
2013,NV_IND_MANF_CD,Tajikistan,ISIC4_C,9.45
2014,NV_IND_MANF_CD,Tajikistan,ISIC4_C,8.62
2015,NV_IND_MANF_CD,Tajikistan,ISIC4_C,10.08
2016,NV_IND_MANF_CD,Tajikistan,ISIC4_C,12.4
2017,NV_IND_MANF_CD,Tajikistan,ISIC4_C,12.81
2018,NV_IND_MANF_CD,Tajikistan,ISIC4_C,13.23
2019,NV_IND_MANF_CD,Tajikistan,ISIC4_C,13.43
2020,NV_IND_MANF_CD,Tajikistan,ISIC4_C,15.63
2021,NV_IND_MANF_CD,Tajikistan,ISIC4_C,9.22
2000,NV_IND_MANF_CD,United Arab Emirates,ISIC4_C,11.55
2001,NV_IND_MANF_CD,United Arab Emirates,ISIC4_C,11.79
2002,NV_IND_MANF_CD,United Arab Emirates,ISIC4_C,11.57
2003,NV_IND_MANF_CD,United Arab Emirates,ISIC4_C,10.86
2004,NV_IND_MANF_CD,United Arab Emirates,ISIC4_C,10.19
2005,NV_IND_MANF_CD,United Arab Emirates,ISIC4_C,9.39
2006,NV_IND_MANF_CD,United Arab Emirates,ISIC4_C,8.55
2007,NV_IND_MANF_CD,United Arab Emirates,ISIC4_C,7.99
2008,NV_IND_MANF_CD,United Arab Emirates,ISIC4_C,7.61
2009,NV_IND_MANF_CD,United Arab Emirates,ISIC4_C,8.14
2010,NV_IND_MANF_CD,United Arab Emirates,ISIC4_C,7.95
2011,NV_IND_MANF_CD,United Arab Emirates,ISIC4_C,7.7
2012,NV_IND_MANF_CD,United Arab Emirates,ISIC4_C,7.67
2013,NV_IND_MANF_CD,United Arab Emirates,ISIC4_C,7.53
2014,NV_IND_MANF_CD,United Arab Emirates,ISIC4_C,7.76
2015,NV_IND_MANF_CD,United Arab Emirates,ISIC4_C,8.83
2016,NV_IND_MANF_CD,United Arab Emirates,ISIC4_C,8.98
2017,NV_IND_MANF_CD,United Arab Emirates,ISIC4_C,9.15
2018,NV_IND_MANF_CD,United Arab Emirates,ISIC4_C,8.73
2019,NV_IND_MANF_CD,United Arab Emirates,ISIC4_C,8.79
2020,NV_IND_MANF_CD,United Arab Emirates,ISIC4_C,10.38
2021,NV_IND_MANF_CD,United Arab Emirates,ISIC4_C,10.14
2000,NV_IND_MANF_CD,Türkiye,ISIC4_C,18.71
2001,NV_IND_MANF_CD,Türkiye,ISIC4_C,17.71
2002,NV_IND_MANF_CD,Türkiye,ISIC4_C,16.93
2003,NV_IND_MANF_CD,Türkiye,ISIC4_C,17.11
2004,NV_IND_MANF_CD,Türkiye,ISIC4_C,16.95
2005,NV_IND_MANF_CD,Türkiye,ISIC4_C,16.9
2006,NV_IND_MANF_CD,Türkiye,ISIC4_C,17.06
2007,NV_IND_MANF_CD,Türkiye,ISIC4_C,16.8
2008,NV_IND_MANF_CD,Türkiye,ISIC4_C,16.26
2009,NV_IND_MANF_CD,Türkiye,ISIC4_C,15.16
2010,NV_IND_MANF_CD,Türkiye,ISIC4_C,15.05
2011,NV_IND_MANF_CD,Türkiye,ISIC4_C,16.45
2012,NV_IND_MANF_CD,Türkiye,ISIC4_C,15.83
2013,NV_IND_MANF_CD,Türkiye,ISIC4_C,16.28
2014,NV_IND_MANF_CD,Türkiye,ISIC4_C,16.77
2015,NV_IND_MANF_CD,Türkiye,ISIC4_C,16.7
2016,NV_IND_MANF_CD,Türkiye,ISIC4_C,16.6
2017,NV_IND_MANF_CD,Türkiye,ISIC4_C,17.59
2018,NV_IND_MANF_CD,Türkiye,ISIC4_C,19.04
2019,NV_IND_MANF_CD,Türkiye,ISIC4_C,18.29
2020,NV_IND_MANF_CD,Türkiye,ISIC4_C,19.13
2021,NV_IND_MANF_CD,Türkiye,ISIC4_C,22.21
2000,NV_IND_MANF_CD,Turkmenistan,ISIC4_C,33.01
2001,NV_IND_MANF_CD,Turkmenistan,ISIC4_C,33.2
2002,NV_IND_MANF_CD,Turkmenistan,ISIC4_C,30.76
2003,NV_IND_MANF_CD,Turkmenistan,ISIC4_C,30.68
2004,NV_IND_MANF_CD,Turkmenistan,ISIC4_C,29.87
2005,NV_IND_MANF_CD,Turkmenistan,ISIC4_C,28.93
2006,NV_IND_MANF_CD,Turkmenistan,ISIC4_C,28.13
2007,NV_IND_MANF_CD,Turkmenistan,ISIC4_C,29.61
2008,NV_IND_MANF_CD,Turkmenistan,ISIC4_C,47.46
2009,NV_IND_MANF_CD,Turkmenistan,ISIC4_C,47.82
2010,NV_IND_MANF_CD,Turkmenistan,ISIC4_C,46.4
2011,NV_IND_MANF_CD,Turkmenistan,ISIC4_C,51.68
2012,NV_IND_MANF_CD,Turkmenistan,ISIC4_C,52.25
2013,NV_IND_MANF_CD,Turkmenistan,ISIC4_C,49.77
2014,NV_IND_MANF_CD,Turkmenistan,ISIC4_C,47.6
2015,NV_IND_MANF_CD,Turkmenistan,ISIC4_C,42.6
2016,NV_IND_MANF_CD,Turkmenistan,ISIC4_C,40.36
2017,NV_IND_MANF_CD,Turkmenistan,ISIC4_C,34.81
2018,NV_IND_MANF_CD,Turkmenistan,ISIC4_C,34.01
2019,NV_IND_MANF_CD,Turkmenistan,ISIC4_C,32.46
2020,NV_IND_MANF_CD,Turkmenistan,ISIC4_C,33.76
2021,NV_IND_MANF_CD,Turkmenistan,ISIC4_C,33.41
2000,NV_IND_MANF_CD,Ukraine,ISIC4_C,17.39
2001,NV_IND_MANF_CD,Ukraine,ISIC4_C,16.33
2002,NV_IND_MANF_CD,Ukraine,ISIC4_C,16.93
2003,NV_IND_MANF_CD,Ukraine,ISIC4_C,17.54
2004,NV_IND_MANF_CD,Ukraine,ISIC4_C,17.51
2005,NV_IND_MANF_CD,Ukraine,ISIC4_C,18.51
2006,NV_IND_MANF_CD,Ukraine,ISIC4_C,18.75
2007,NV_IND_MANF_CD,Ukraine,ISIC4_C,18.4
2008,NV_IND_MANF_CD,Ukraine,ISIC4_C,15.89
2009,NV_IND_MANF_CD,Ukraine,ISIC4_C,14.32
2010,NV_IND_MANF_CD,Ukraine,ISIC4_C,13.22
2011,NV_IND_MANF_CD,Ukraine,ISIC4_C,11.9
2012,NV_IND_MANF_CD,Ukraine,ISIC4_C,12.38
2013,NV_IND_MANF_CD,Ukraine,ISIC4_C,11.27
2014,NV_IND_MANF_CD,Ukraine,ISIC4_C,12.23
2015,NV_IND_MANF_CD,Ukraine,ISIC4_C,11.9
2016,NV_IND_MANF_CD,Ukraine,ISIC4_C,12.22
2017,NV_IND_MANF_CD,Ukraine,ISIC4_C,11.98
2018,NV_IND_MANF_CD,Ukraine,ISIC4_C,11.53
2019,NV_IND_MANF_CD,Ukraine,ISIC4_C,10.79
2020,NV_IND_MANF_CD,Ukraine,ISIC4_C,10.1
2021,NV_IND_MANF_CD,Ukraine,ISIC4_C,10.3
2000,NV_IND_MANF_CD,North Macedonia,ISIC4_C,8.97
2001,NV_IND_MANF_CD,North Macedonia,ISIC4_C,8.96
2002,NV_IND_MANF_CD,North Macedonia,ISIC4_C,8.44
2003,NV_IND_MANF_CD,North Macedonia,ISIC4_C,8.93
2004,NV_IND_MANF_CD,North Macedonia,ISIC4_C,7.69
2005,NV_IND_MANF_CD,North Macedonia,ISIC4_C,9.69
2006,NV_IND_MANF_CD,North Macedonia,ISIC4_C,10.22
2007,NV_IND_MANF_CD,North Macedonia,ISIC4_C,10.2
2008,NV_IND_MANF_CD,North Macedonia,ISIC4_C,9.77
2009,NV_IND_MANF_CD,North Macedonia,ISIC4_C,8.83
2010,NV_IND_MANF_CD,North Macedonia,ISIC4_C,9.87
2011,NV_IND_MANF_CD,North Macedonia,ISIC4_C,11.41
2012,NV_IND_MANF_CD,North Macedonia,ISIC4_C,10.24
2013,NV_IND_MANF_CD,North Macedonia,ISIC4_C,9.91
2014,NV_IND_MANF_CD,North Macedonia,ISIC4_C,10.95
2015,NV_IND_MANF_CD,North Macedonia,ISIC4_C,11.76
2016,NV_IND_MANF_CD,North Macedonia,ISIC4_C,12.29
2017,NV_IND_MANF_CD,North Macedonia,ISIC4_C,12.6
2018,NV_IND_MANF_CD,North Macedonia,ISIC4_C,13.35
2019,NV_IND_MANF_CD,North Macedonia,ISIC4_C,13.39
2020,NV_IND_MANF_CD,North Macedonia,ISIC4_C,13.57
2021,NV_IND_MANF_CD,North Macedonia,ISIC4_C,12.61
2000,NV_IND_MANF_CD,United Kingdom of Great Britain and Northern Ireland,ISIC4_C,13.25
2001,NV_IND_MANF_CD,United Kingdom of Great Britain and Northern Ireland,ISIC4_C,12.41
2002,NV_IND_MANF_CD,United Kingdom of Great Britain and Northern Ireland,ISIC4_C,12.08
2003,NV_IND_MANF_CD,United Kingdom of Great Britain and Northern Ireland,ISIC4_C,11.54
2004,NV_IND_MANF_CD,United Kingdom of Great Britain and Northern Ireland,ISIC4_C,10.93
2005,NV_IND_MANF_CD,United Kingdom of Great Britain and Northern Ireland,ISIC4_C,10.51
2006,NV_IND_MANF_CD,United Kingdom of Great Britain and Northern Ireland,ISIC4_C,10.04
2007,NV_IND_MANF_CD,United Kingdom of Great Britain and Northern Ireland,ISIC4_C,9.65
2008,NV_IND_MANF_CD,United Kingdom of Great Britain and Northern Ireland,ISIC4_C,9.58
2009,NV_IND_MANF_CD,United Kingdom of Great Britain and Northern Ireland,ISIC4_C,9.03
2010,NV_IND_MANF_CD,United Kingdom of Great Britain and Northern Ireland,ISIC4_C,9.51
2011,NV_IND_MANF_CD,United Kingdom of Great Britain and Northern Ireland,ISIC4_C,9.33
2012,NV_IND_MANF_CD,United Kingdom of Great Britain and Northern Ireland,ISIC4_C,9.29
2013,NV_IND_MANF_CD,United Kingdom of Great Britain and Northern Ireland,ISIC4_C,9.54
2014,NV_IND_MANF_CD,United Kingdom of Great Britain and Northern Ireland,ISIC4_C,9.35
2015,NV_IND_MANF_CD,United Kingdom of Great Britain and Northern Ireland,ISIC4_C,9.22
2016,NV_IND_MANF_CD,United Kingdom of Great Britain and Northern Ireland,ISIC4_C,9.02
2017,NV_IND_MANF_CD,United Kingdom of Great Britain and Northern Ireland,ISIC4_C,8.98
2018,NV_IND_MANF_CD,United Kingdom of Great Britain and Northern Ireland,ISIC4_C,8.83
2019,NV_IND_MANF_CD,United Kingdom of Great Britain and Northern Ireland,ISIC4_C,8.71
2020,NV_IND_MANF_CD,United Kingdom of Great Britain and Northern Ireland,ISIC4_C,8.72
2021,NV_IND_MANF_CD,United Kingdom of Great Britain and Northern Ireland,ISIC4_C,8.78
2000,NV_IND_MANF_CD,Uzbekistan,ISIC4_C,6.61
2001,NV_IND_MANF_CD,Uzbekistan,ISIC4_C,6.65
2002,NV_IND_MANF_CD,Uzbekistan,ISIC4_C,6.82
2003,NV_IND_MANF_CD,Uzbekistan,ISIC4_C,7.43
2004,NV_IND_MANF_CD,Uzbekistan,ISIC4_C,8.23
2005,NV_IND_MANF_CD,Uzbekistan,ISIC4_C,9.97
2006,NV_IND_MANF_CD,Uzbekistan,ISIC4_C,10.14
2007,NV_IND_MANF_CD,Uzbekistan,ISIC4_C,9.55
2008,NV_IND_MANF_CD,Uzbekistan,ISIC4_C,10.68
2009,NV_IND_MANF_CD,Uzbekistan,ISIC4_C,10.66
2010,NV_IND_MANF_CD,Uzbekistan,ISIC4_C,10.18
2011,NV_IND_MANF_CD,Uzbekistan,ISIC4_C,10.25
2012,NV_IND_MANF_CD,Uzbekistan,ISIC4_C,10.54
2013,NV_IND_MANF_CD,Uzbekistan,ISIC4_C,11.61
2014,NV_IND_MANF_CD,Uzbekistan,ISIC4_C,12.69
2015,NV_IND_MANF_CD,Uzbekistan,ISIC4_C,12.81
2016,NV_IND_MANF_CD,Uzbekistan,ISIC4_C,13.65
2017,NV_IND_MANF_CD,Uzbekistan,ISIC4_C,13.82
2018,NV_IND_MANF_CD,Uzbekistan,ISIC4_C,16.24
2019,NV_IND_MANF_CD,Uzbekistan,ISIC4_C,17.9
2020,NV_IND_MANF_CD,Uzbekistan,ISIC4_C,19.64
2021,NV_IND_MANF_CD,Uzbekistan,ISIC4_C,19.98
2020,NV_IND_MANF_CD,Albania,ISIC4_C,6.04
2021,NV_IND_MANF_CD,Albania,ISIC4_C,6.23
2000,NV_IND_MANF_CD,Azerbaijan,ISIC4_C,5.29
2001,NV_IND_MANF_CD,Azerbaijan,ISIC4_C,6.19
2002,NV_IND_MANF_CD,Azerbaijan,ISIC4_C,7.43
2003,NV_IND_MANF_CD,Azerbaijan,ISIC4_C,8.64
2003,NV_IND_MANF_CD,Azerbaijan,ISIC4_C,8.64
