Year,SeriesCode,Country,Activity,Value
2000,NV_IND_TECH,Colombia,ISIC4_C,21.7
2001,NV_IND_TECH,Colombia,ISIC4_C,21.98
2002,NV_IND_TECH,Colombia,ISIC4_C,21.89
2003,NV_IND_TECH,Colombia,ISIC4_C,21.21
2004,NV_IND_TECH,Colombia,ISIC4_C,20.59
2005,NV_IND_TECH,Colombia,ISIC4_C,20.71
2006,NV_IND_TECH,Colombia,ISIC4_C,20.05
2007,NV_IND_TECH,Colombia,ISIC4_C,19.87
2008,NV_IND_TECH,Colombia,ISIC4_C,20.02
2009,NV_IND_TECH,Colombia,ISIC4_C,20.91
2010,NV_IND_TECH,Colombia,ISIC4_C,24.95
2011,NV_IND_TECH,Colombia,ISIC4_C,20.95
2012,NV_IND_TECH,Colombia,ISIC4_C,21.35
2013,NV_IND_TECH,Colombia,ISIC4_C,20.76
2014,NV_IND_TECH,Colombia,ISIC4_C,20.72
2015,NV_IND_TECH,Colombia,ISIC4_C,22.54
2016,NV_IND_TECH,Colombia,ISIC4_C,23.33
2017,NV_IND_TECH,Colombia,ISIC4_C,23.27
2018,NV_IND_TECH,Colombia,ISIC4_C,22.61
2019,NV_IND_TECH,Colombia,ISIC4_C,23.93
2020,NV_IND_TECH,Colombia,ISIC4_C,23.93
2000,NV_IND_TECH,Costa Rica,ISIC4_C,18.76
2001,NV_IND_TECH,Costa Rica,ISIC4_C,16.71
2002,NV_IND_TECH,Costa Rica,ISIC4_C,17.19
2003,NV_IND_TECH,Costa Rica,ISIC4_C,16.75
2004,NV_IND_TECH,Costa Rica,ISIC4_C,21.69
2005,NV_IND_TECH,Costa Rica,ISIC4_C,21.9
2006,NV_IND_TECH,Costa Rica,ISIC4_C,24.69
2007,NV_IND_TECH,Costa Rica,ISIC4_C,21.42
2008,NV_IND_TECH,Costa Rica,ISIC4_C,19.76
2009,NV_IND_TECH,Costa Rica,ISIC4_C,19.68
2010,NV_IND_TECH,Costa Rica,ISIC4_C,19.28
2011,NV_IND_TECH,Costa Rica,ISIC4_C,21.08
2012,NV_IND_TECH,Costa Rica,ISIC4_C,21.87
2013,NV_IND_TECH,Costa Rica,ISIC4_C,22.17
2014,NV_IND_TECH,Costa Rica,ISIC4_C,19.92
2015,NV_IND_TECH,Costa Rica,ISIC4_C,16.59
2016,NV_IND_TECH,Costa Rica,ISIC4_C,15.22
2017,NV_IND_TECH,Costa Rica,ISIC4_C,14.62
2018,NV_IND_TECH,Costa Rica,ISIC4_C,14.42
2019,NV_IND_TECH,Costa Rica,ISIC4_C,14.36
2020,NV_IND_TECH,Costa Rica,ISIC4_C,14.16
2000,NV_IND_TECH,Croatia,ISIC4_C,10.9
2001,NV_IND_TECH,Croatia,ISIC4_C,10.9
2002,NV_IND_TECH,Croatia,ISIC4_C,10.9
2003,NV_IND_TECH,Croatia,ISIC4_C,7.24
2004,NV_IND_TECH,Croatia,ISIC4_C,7.24
2005,NV_IND_TECH,Croatia,ISIC4_C,7.24
2006,NV_IND_TECH,Croatia,ISIC4_C,7.24
2007,NV_IND_TECH,Croatia,ISIC4_C,7.24
2008,NV_IND_TECH,Croatia,ISIC4_C,23.13
2009,NV_IND_TECH,Croatia,ISIC4_C,26.2
2010,NV_IND_TECH,Croatia,ISIC4_C,28.96
2011,NV_IND_TECH,Croatia,ISIC4_C,27.61
2012,NV_IND_TECH,Croatia,ISIC4_C,26.03
2013,NV_IND_TECH,Croatia,ISIC4_C,25.98
2014,NV_IND_TECH,Croatia,ISIC4_C,26.87
2015,NV_IND_TECH,Croatia,ISIC4_C,27.56
2016,NV_IND_TECH,Croatia,ISIC4_C,25.74
2017,NV_IND_TECH,Croatia,ISIC4_C,24.61
2018,NV_IND_TECH,Croatia,ISIC4_C,24.53
2019,NV_IND_TECH,Croatia,ISIC4_C,26.77
2020,NV_IND_TECH,Croatia,ISIC4_C,30.53
2000,NV_IND_TECH,Cyprus,ISIC4_C,11.37
2001,NV_IND_TECH,Cyprus,ISIC4_C,11.3
2002,NV_IND_TECH,Cyprus,ISIC4_C,10.75
2000,NV_IND_TECH,Albania,ISIC4_C,7.61
2001,NV_IND_TECH,Albania,ISIC4_C,12.31
2002,NV_IND_TECH,Albania,ISIC4_C,7.8
2003,NV_IND_TECH,Albania,ISIC4_C,6.43
2004,NV_IND_TECH,Albania,ISIC4_C,8.8
2005,NV_IND_TECH,Albania,ISIC4_C,16.98
2006,NV_IND_TECH,Albania,ISIC4_C,20.21
2007,NV_IND_TECH,Albania,ISIC4_C,18.95
2008,NV_IND_TECH,Albania,ISIC4_C,14.09
2009,NV_IND_TECH,Albania,ISIC4_C,14.36
2010,NV_IND_TECH,Albania,ISIC4_C,6.56
2003,NV_IND_TECH,Cyprus,ISIC4_C,10.12
2004,NV_IND_TECH,Cyprus,ISIC4_C,10.14
2005,NV_IND_TECH,Cyprus,ISIC4_C,4.21
2006,NV_IND_TECH,Cyprus,ISIC4_C,4.83
2007,NV_IND_TECH,Cyprus,ISIC4_C,5.29
2008,NV_IND_TECH,Cyprus,ISIC4_C,11.88
2009,NV_IND_TECH,Cyprus,ISIC4_C,12.31
2010,NV_IND_TECH,Cyprus,ISIC4_C,13.95
2011,NV_IND_TECH,Cyprus,ISIC4_C,14.68
2012,NV_IND_TECH,Cyprus,ISIC4_C,15.51
2013,NV_IND_TECH,Cyprus,ISIC4_C,18.89
2014,NV_IND_TECH,Cyprus,ISIC4_C,19.9
2015,NV_IND_TECH,Cyprus,ISIC4_C,21.51
2016,NV_IND_TECH,Cyprus,ISIC4_C,18.78
2017,NV_IND_TECH,Cyprus,ISIC4_C,19.9
2018,NV_IND_TECH,Cyprus,ISIC4_C,20.1
2019,NV_IND_TECH,Cyprus,ISIC4_C,20.52
2020,NV_IND_TECH,Cyprus,ISIC4_C,28.1
2000,NV_IND_TECH,Czechia,ISIC4_C,39.12
2001,NV_IND_TECH,Czechia,ISIC4_C,39.89
2002,NV_IND_TECH,Czechia,ISIC4_C,39.55
2003,NV_IND_TECH,Czechia,ISIC4_C,40.28
2004,NV_IND_TECH,Czechia,ISIC4_C,40.6
2005,NV_IND_TECH,Czechia,ISIC4_C,41.05
2006,NV_IND_TECH,Czechia,ISIC4_C,44.36
2007,NV_IND_TECH,Czechia,ISIC4_C,44.61
2008,NV_IND_TECH,Czechia,ISIC4_C,40.88
2009,NV_IND_TECH,Czechia,ISIC4_C,41.3
2010,NV_IND_TECH,Czechia,ISIC4_C,44.99
2011,NV_IND_TECH,Czechia,ISIC4_C,45.72
2012,NV_IND_TECH,Czechia,ISIC4_C,46.72
2013,NV_IND_TECH,Czechia,ISIC4_C,47.34
2014,NV_IND_TECH,Czechia,ISIC4_C,48.27
2015,NV_IND_TECH,Czechia,ISIC4_C,51.83
2016,NV_IND_TECH,Czechia,ISIC4_C,51.22
2017,NV_IND_TECH,Czechia,ISIC4_C,52.24
2018,NV_IND_TECH,Czechia,ISIC4_C,51.53
2019,NV_IND_TECH,Czechia,ISIC4_C,51.77
2020,NV_IND_TECH,Czechia,ISIC4_C,52.42
2000,NV_IND_TECH,Denmark,ISIC4_C,38.27
2001,NV_IND_TECH,Denmark,ISIC4_C,39.66
2002,NV_IND_TECH,Denmark,ISIC4_C,38.77
2003,NV_IND_TECH,Denmark,ISIC4_C,39.43
2004,NV_IND_TECH,Denmark,ISIC4_C,39.46
2005,NV_IND_TECH,Denmark,ISIC4_C,40.73
2006,NV_IND_TECH,Denmark,ISIC4_C,42.72
2007,NV_IND_TECH,Denmark,ISIC4_C,42.88
2008,NV_IND_TECH,Denmark,ISIC4_C,42.83
2009,NV_IND_TECH,Denmark,ISIC4_C,47.65
2010,NV_IND_TECH,Denmark,ISIC4_C,48.82
2011,NV_IND_TECH,Denmark,ISIC4_C,50.92
2012,NV_IND_TECH,Denmark,ISIC4_C,51.98
2013,NV_IND_TECH,Denmark,ISIC4_C,52.73
2014,NV_IND_TECH,Denmark,ISIC4_C,53.31
2015,NV_IND_TECH,Denmark,ISIC4_C,52.65
2011,NV_IND_TECH,Albania,ISIC4_C,10.55
2012,NV_IND_TECH,Albania,ISIC4_C,17.1
2013,NV_IND_TECH,Albania,ISIC4_C,5.64
2014,NV_IND_TECH,Albania,ISIC4_C,6.63
2015,NV_IND_TECH,Albania,ISIC4_C,5.8
2016,NV_IND_TECH,Albania,ISIC4_C,4.47
2017,NV_IND_TECH,Albania,ISIC4_C,4.88
2018,NV_IND_TECH,Albania,ISIC4_C,4.61
2019,NV_IND_TECH,Albania,ISIC4_C,4.24
2020,NV_IND_TECH,Albania,ISIC4_C,4.24
2000,NV_IND_TECH,Azerbaijan,ISIC4_C,9.83
2001,NV_IND_TECH,Azerbaijan,ISIC4_C,13.3
2002,NV_IND_TECH,Azerbaijan,ISIC4_C,12.61
2003,NV_IND_TECH,Azerbaijan,ISIC4_C,9.41
2004,NV_IND_TECH,Azerbaijan,ISIC4_C,10.28
2005,NV_IND_TECH,Azerbaijan,ISIC4_C,11.91
2006,NV_IND_TECH,Azerbaijan,ISIC4_C,9.56
2007,NV_IND_TECH,Azerbaijan,ISIC4_C,10.93
2008,NV_IND_TECH,Azerbaijan,ISIC4_C,7.33
2009,NV_IND_TECH,Azerbaijan,ISIC4_C,6.34
2010,NV_IND_TECH,Azerbaijan,ISIC4_C,7.96
2011,NV_IND_TECH,Azerbaijan,ISIC4_C,9.92
2016,NV_IND_TECH,Denmark,ISIC4_C,53.83
2017,NV_IND_TECH,Denmark,ISIC4_C,54.39
2018,NV_IND_TECH,Denmark,ISIC4_C,56.98
2019,NV_IND_TECH,Denmark,ISIC4_C,55.33
2020,NV_IND_TECH,Denmark,ISIC4_C,58.47
2000,NV_IND_TECH,Estonia,ISIC4_C,16.74
2001,NV_IND_TECH,Estonia,ISIC4_C,12.57
2002,NV_IND_TECH,Estonia,ISIC4_C,11.5
2003,NV_IND_TECH,Estonia,ISIC4_C,16.44
2004,NV_IND_TECH,Estonia,ISIC4_C,17.01
2005,NV_IND_TECH,Estonia,ISIC4_C,18.89
2006,NV_IND_TECH,Estonia,ISIC4_C,19.36
2007,NV_IND_TECH,Estonia,ISIC4_C,19.17
2008,NV_IND_TECH,Estonia,ISIC4_C,28.8
2009,NV_IND_TECH,Estonia,ISIC4_C,25.65
2010,NV_IND_TECH,Estonia,ISIC4_C,26.75
2011,NV_IND_TECH,Estonia,ISIC4_C,27.76
2012,NV_IND_TECH,Estonia,ISIC4_C,26.94
2013,NV_IND_TECH,Estonia,ISIC4_C,28.14
2014,NV_IND_TECH,Estonia,ISIC4_C,28.39
2015,NV_IND_TECH,Estonia,ISIC4_C,25.72
2016,NV_IND_TECH,Estonia,ISIC4_C,26.64
2017,NV_IND_TECH,Estonia,ISIC4_C,27.43
2018,NV_IND_TECH,Estonia,ISIC4_C,25.78
2019,NV_IND_TECH,Estonia,ISIC4_C,29.43
2020,NV_IND_TECH,Estonia,ISIC4_C,30.21
2000,NV_IND_TECH,Finland,ISIC4_C,42.43
2001,NV_IND_TECH,Finland,ISIC4_C,44.91
2002,NV_IND_TECH,Finland,ISIC4_C,43.06
2003,NV_IND_TECH,Finland,ISIC4_C,44.87
2004,NV_IND_TECH,Finland,ISIC4_C,42.64
2005,NV_IND_TECH,Finland,ISIC4_C,44.01
2006,NV_IND_TECH,Finland,ISIC4_C,42.94
2012,NV_IND_TECH,Azerbaijan,ISIC4_C,8.47
2013,NV_IND_TECH,Azerbaijan,ISIC4_C,10.25
2014,NV_IND_TECH,Azerbaijan,ISIC4_C,9.86
2015,NV_IND_TECH,Azerbaijan,ISIC4_C,10.66
2016,NV_IND_TECH,Azerbaijan,ISIC4_C,10.13
2017,NV_IND_TECH,Azerbaijan,ISIC4_C,10.82
2018,NV_IND_TECH,Azerbaijan,ISIC4_C,10.29
2019,NV_IND_TECH,Azerbaijan,ISIC4_C,11.28
2020,NV_IND_TECH,Azerbaijan,ISIC4_C,15.23
2000,NV_IND_TECH,Australia,ISIC4_C,25.6
2001,NV_IND_TECH,Australia,ISIC4_C,24.07
2007,NV_IND_TECH,Finland,ISIC4_C,48.02
2008,NV_IND_TECH,Finland,ISIC4_C,47.89
2009,NV_IND_TECH,Finland,ISIC4_C,44.29
2010,NV_IND_TECH,Finland,ISIC4_C,44.59
2011,NV_IND_TECH,Finland,ISIC4_C,36.98
2012,NV_IND_TECH,Finland,ISIC4_C,33.85
2013,NV_IND_TECH,Finland,ISIC4_C,36.5
2014,NV_IND_TECH,Finland,ISIC4_C,42.66
2015,NV_IND_TECH,Finland,ISIC4_C,42.16
2016,NV_IND_TECH,Finland,ISIC4_C,44.11
2017,NV_IND_TECH,Finland,ISIC4_C,44.53
2002,NV_IND_TECH,Australia,ISIC4_C,22.82
2003,NV_IND_TECH,Australia,ISIC4_C,21.98
2004,NV_IND_TECH,Australia,ISIC4_C,22.73
2005,NV_IND_TECH,Australia,ISIC4_C,22.48
2006,NV_IND_TECH,Australia,ISIC4_C,23.01
2007,NV_IND_TECH,Australia,ISIC4_C,26.48
2008,NV_IND_TECH,Australia,ISIC4_C,26.18
2009,NV_IND_TECH,Australia,ISIC4_C,28.03
2010,NV_IND_TECH,Australia,ISIC4_C,27.82
2011,NV_IND_TECH,Australia,ISIC4_C,26.99
2012,NV_IND_TECH,Australia,ISIC4_C,27.95
2018,NV_IND_TECH,Finland,ISIC4_C,43.8
2019,NV_IND_TECH,Finland,ISIC4_C,39.95
2020,NV_IND_TECH,Finland,ISIC4_C,43.81
2000,NV_IND_TECH,France,ISIC4_C,45.36
2001,NV_IND_TECH,France,ISIC4_C,45.34
2002,NV_IND_TECH,France,ISIC4_C,44.77
2003,NV_IND_TECH,France,ISIC4_C,45.16
2004,NV_IND_TECH,France,ISIC4_C,43.88
2005,NV_IND_TECH,France,ISIC4_C,44.48
2006,NV_IND_TECH,France,ISIC4_C,44.59
2007,NV_IND_TECH,France,ISIC4_C,45.67
2013,NV_IND_TECH,Australia,ISIC4_C,27.81
2014,NV_IND_TECH,Australia,ISIC4_C,27.26
2015,NV_IND_TECH,Australia,ISIC4_C,26.12
2016,NV_IND_TECH,Australia,ISIC4_C,26.7
2017,NV_IND_TECH,Australia,ISIC4_C,26.55
2018,NV_IND_TECH,Australia,ISIC4_C,25.98
2019,NV_IND_TECH,Australia,ISIC4_C,26.31
2020,NV_IND_TECH,Australia,ISIC4_C,29.83
2000,NV_IND_TECH,Austria,ISIC4_C,38.72
2001,NV_IND_TECH,Austria,ISIC4_C,38.15
2002,NV_IND_TECH,Austria,ISIC4_C,38.23
2008,NV_IND_TECH,France,ISIC4_C,45.88
2009,NV_IND_TECH,France,ISIC4_C,44.66
2010,NV_IND_TECH,France,ISIC4_C,45.45
2011,NV_IND_TECH,France,ISIC4_C,45.41
2012,NV_IND_TECH,France,ISIC4_C,46.14
2013,NV_IND_TECH,France,ISIC4_C,46.58
2014,NV_IND_TECH,France,ISIC4_C,47.04
2015,NV_IND_TECH,France,ISIC4_C,47.98
2016,NV_IND_TECH,France,ISIC4_C,49.89
2017,NV_IND_TECH,France,ISIC4_C,48.38
2018,NV_IND_TECH,France,ISIC4_C,50.2
2003,NV_IND_TECH,Austria,ISIC4_C,39.59
2004,NV_IND_TECH,Austria,ISIC4_C,39.75
2005,NV_IND_TECH,Austria,ISIC4_C,41.58
2006,NV_IND_TECH,Austria,ISIC4_C,42.05
2007,NV_IND_TECH,Austria,ISIC4_C,42.52
2008,NV_IND_TECH,Austria,ISIC4_C,43.71
2009,NV_IND_TECH,Austria,ISIC4_C,41.61
2010,NV_IND_TECH,Austria,ISIC4_C,43.78
2011,NV_IND_TECH,Austria,ISIC4_C,45.0
2012,NV_IND_TECH,Austria,ISIC4_C,44.64
2013,NV_IND_TECH,Austria,ISIC4_C,44.98
2019,NV_IND_TECH,France,ISIC4_C,50.94
2020,NV_IND_TECH,France,ISIC4_C,52.38
2000,NV_IND_TECH,Georgia,ISIC4_C,19.32
2001,NV_IND_TECH,Georgia,ISIC4_C,16.17
2002,NV_IND_TECH,Georgia,ISIC4_C,14.15
2003,NV_IND_TECH,Georgia,ISIC4_C,14.42
2004,NV_IND_TECH,Georgia,ISIC4_C,15.52
2005,NV_IND_TECH,Georgia,ISIC4_C,18.58
2006,NV_IND_TECH,Georgia,ISIC4_C,20.23
2007,NV_IND_TECH,Georgia,ISIC4_C,14.76
2008,NV_IND_TECH,Georgia,ISIC4_C,14.94
2014,NV_IND_TECH,Austria,ISIC4_C,45.4
2015,NV_IND_TECH,Austria,ISIC4_C,45.12
2016,NV_IND_TECH,Austria,ISIC4_C,45.43
2017,NV_IND_TECH,Austria,ISIC4_C,45.43
2018,NV_IND_TECH,Austria,ISIC4_C,45.26
2019,NV_IND_TECH,Austria,ISIC4_C,45.07
2020,NV_IND_TECH,Austria,ISIC4_C,45.14
2000,NV_IND_TECH,Armenia,ISIC4_C,9.53
2001,NV_IND_TECH,Armenia,ISIC4_C,9.96
2002,NV_IND_TECH,Armenia,ISIC4_C,7.75
2003,NV_IND_TECH,Armenia,ISIC4_C,7.55
2004,NV_IND_TECH,Armenia,ISIC4_C,4.08
2005,NV_IND_TECH,Armenia,ISIC4_C,3.91
2006,NV_IND_TECH,Armenia,ISIC4_C,3.9
2007,NV_IND_TECH,Armenia,ISIC4_C,3.91
2008,NV_IND_TECH,Armenia,ISIC4_C,3.91
2009,NV_IND_TECH,Armenia,ISIC4_C,4.51
2010,NV_IND_TECH,Armenia,ISIC4_C,4.51
2011,NV_IND_TECH,Armenia,ISIC4_C,4.51
2012,NV_IND_TECH,Armenia,ISIC4_C,4.51
2013,NV_IND_TECH,Armenia,ISIC4_C,4.51
2014,NV_IND_TECH,Armenia,ISIC4_C,4.51
2015,NV_IND_TECH,Armenia,ISIC4_C,4.09
2016,NV_IND_TECH,Armenia,ISIC4_C,4.33
2017,NV_IND_TECH,Armenia,ISIC4_C,4.63
2018,NV_IND_TECH,Armenia,ISIC4_C,7.05
2019,NV_IND_TECH,Armenia,ISIC4_C,8.21
2020,NV_IND_TECH,Armenia,ISIC4_C,8.21
2000,NV_IND_TECH,Belgium,ISIC4_C,43.65
2001,NV_IND_TECH,Belgium,ISIC4_C,43.85
2002,NV_IND_TECH,Belgium,ISIC4_C,44.0
2003,NV_IND_TECH,Belgium,ISIC4_C,42.86
2004,NV_IND_TECH,Belgium,ISIC4_C,42.4
2005,NV_IND_TECH,Belgium,ISIC4_C,43.37
2006,NV_IND_TECH,Belgium,ISIC4_C,44.81
2007,NV_IND_TECH,Belgium,ISIC4_C,41.89
2008,NV_IND_TECH,Belgium,ISIC4_C,42.97
2009,NV_IND_TECH,Belgium,ISIC4_C,41.92
2010,NV_IND_TECH,Belgium,ISIC4_C,34.39
2011,NV_IND_TECH,Belgium,ISIC4_C,36.93
2012,NV_IND_TECH,Belgium,ISIC4_C,47.38
2013,NV_IND_TECH,Belgium,ISIC4_C,50.04
2014,NV_IND_TECH,Belgium,ISIC4_C,49.16
2015,NV_IND_TECH,Belgium,ISIC4_C,48.98
2016,NV_IND_TECH,Belgium,ISIC4_C,49.27
2017,NV_IND_TECH,Belgium,ISIC4_C,49.23
2018,NV_IND_TECH,Belgium,ISIC4_C,50.59
2019,NV_IND_TECH,Belgium,ISIC4_C,51.29
2020,NV_IND_TECH,Belgium,ISIC4_C,51.56
2000,NV_IND_TECH,Bosnia and Herzegovina,ISIC4_C,29.17
2001,NV_IND_TECH,Bosnia and Herzegovina,ISIC4_C,14.99
2002,NV_IND_TECH,Bosnia and Herzegovina,ISIC4_C,14.99
2003,NV_IND_TECH,Bosnia and Herzegovina,ISIC4_C,14.99
2004,NV_IND_TECH,Bosnia and Herzegovina,ISIC4_C,14.99
2005,NV_IND_TECH,Bosnia and Herzegovina,ISIC4_C,14.99
2006,NV_IND_TECH,Bosnia and Herzegovina,ISIC4_C,14.99
2007,NV_IND_TECH,Bosnia and Herzegovina,ISIC4_C,14.99
2008,NV_IND_TECH,Bosnia and Herzegovina,ISIC4_C,14.99
2009,NV_IND_TECH,Bosnia and Herzegovina,ISIC4_C,14.99
2010,NV_IND_TECH,Bosnia and Herzegovina,ISIC4_C,14.99
2011,NV_IND_TECH,Bosnia and Herzegovina,ISIC4_C,16.33
2012,NV_IND_TECH,Bosnia and Herzegovina,ISIC4_C,18.03
2013,NV_IND_TECH,Bosnia and Herzegovina,ISIC4_C,17.2
2014,NV_IND_TECH,Bosnia and Herzegovina,ISIC4_C,17.35
2015,NV_IND_TECH,Bosnia and Herzegovina,ISIC4_C,18.35
2016,NV_IND_TECH,Bosnia and Herzegovina,ISIC4_C,17.18
2017,NV_IND_TECH,Bosnia and Herzegovina,ISIC4_C,17.93
2018,NV_IND_TECH,Bosnia and Herzegovina,ISIC4_C,19.07
2019,NV_IND_TECH,Bosnia and Herzegovina,ISIC4_C,17.63
2020,NV_IND_TECH,Bosnia and Herzegovina,ISIC4_C,17.86
2000,NV_IND_TECH,Bulgaria,ISIC4_C,27.8
2001,NV_IND_TECH,Bulgaria,ISIC4_C,31.13
2002,NV_IND_TECH,Bulgaria,ISIC4_C,30.7
2003,NV_IND_TECH,Bulgaria,ISIC4_C,27.38
2004,NV_IND_TECH,Bulgaria,ISIC4_C,22.64
2005,NV_IND_TECH,Bulgaria,ISIC4_C,24.15
2006,NV_IND_TECH,Bulgaria,ISIC4_C,24.2
2007,NV_IND_TECH,Bulgaria,ISIC4_C,24.39
2008,NV_IND_TECH,Bulgaria,ISIC4_C,25.02
2009,NV_IND_TECH,Bulgaria,ISIC4_C,24.04
2010,NV_IND_TECH,Bulgaria,ISIC4_C,24.7
2011,NV_IND_TECH,Bulgaria,ISIC4_C,25.44
2012,NV_IND_TECH,Bulgaria,ISIC4_C,29.27
2013,NV_IND_TECH,Bulgaria,ISIC4_C,31.72
2014,NV_IND_TECH,Bulgaria,ISIC4_C,28.09
2015,NV_IND_TECH,Bulgaria,ISIC4_C,28.17
2016,NV_IND_TECH,Bulgaria,ISIC4_C,25.68
2017,NV_IND_TECH,Bulgaria,ISIC4_C,26.85
2018,NV_IND_TECH,Bulgaria,ISIC4_C,30.62
2019,NV_IND_TECH,Bulgaria,ISIC4_C,30.54
2020,NV_IND_TECH,Bulgaria,ISIC4_C,32.63
2000,NV_IND_TECH,Belarus,ISIC4_C,42.0
2001,NV_IND_TECH,Belarus,ISIC4_C,42.0
2002,NV_IND_TECH,Belarus,ISIC4_C,42.0
2003,NV_IND_TECH,Belarus,ISIC4_C,42.0
2004,NV_IND_TECH,Belarus,ISIC4_C,42.0
2005,NV_IND_TECH,Belarus,ISIC4_C,42.0
2006,NV_IND_TECH,Belarus,ISIC4_C,42.0
2007,NV_IND_TECH,Belarus,ISIC4_C,42.0
2008,NV_IND_TECH,Belarus,ISIC4_C,42.0
2009,NV_IND_TECH,Belarus,ISIC4_C,36.84
2010,NV_IND_TECH,Belarus,ISIC4_C,39.98
2011,NV_IND_TECH,Belarus,ISIC4_C,47.13
2012,NV_IND_TECH,Belarus,ISIC4_C,43.26
2013,NV_IND_TECH,Belarus,ISIC4_C,36.45
2014,NV_IND_TECH,Belarus,ISIC4_C,37.99
2015,NV_IND_TECH,Belarus,ISIC4_C,41.05
2016,NV_IND_TECH,Belarus,ISIC4_C,38.83
2017,NV_IND_TECH,Belarus,ISIC4_C,40.01
2018,NV_IND_TECH,Belarus,ISIC4_C,42.21
2019,NV_IND_TECH,Belarus,ISIC4_C,41.2
2020,NV_IND_TECH,Belarus,ISIC4_C,41.2
2000,NV_IND_TECH,Canada,ISIC4_C,43.24
2001,NV_IND_TECH,Canada,ISIC4_C,41.39
2002,NV_IND_TECH,Canada,ISIC4_C,41.04
2003,NV_IND_TECH,Canada,ISIC4_C,40.37
2004,NV_IND_TECH,Canada,ISIC4_C,35.21
2005,NV_IND_TECH,Canada,ISIC4_C,36.06
2006,NV_IND_TECH,Canada,ISIC4_C,36.27
2007,NV_IND_TECH,Canada,ISIC4_C,36.98
2008,NV_IND_TECH,Canada,ISIC4_C,35.84
2009,NV_IND_TECH,Canada,ISIC4_C,35.83
2010,NV_IND_TECH,Canada,ISIC4_C,35.73
2011,NV_IND_TECH,Canada,ISIC4_C,36.65
2012,NV_IND_TECH,Canada,ISIC4_C,37.24
2013,NV_IND_TECH,Canada,ISIC4_C,36.36
2014,NV_IND_TECH,Canada,ISIC4_C,37.04
2015,NV_IND_TECH,Canada,ISIC4_C,38.44
2016,NV_IND_TECH,Canada,ISIC4_C,37.15
2017,NV_IND_TECH,Canada,ISIC4_C,36.35
2018,NV_IND_TECH,Canada,ISIC4_C,36.36
2019,NV_IND_TECH,Canada,ISIC4_C,36.93
2020,NV_IND_TECH,Canada,ISIC4_C,37.45
2000,NV_IND_TECH,Chile,ISIC4_C,25.12
2001,NV_IND_TECH,Chile,ISIC4_C,25.61
2002,NV_IND_TECH,Chile,ISIC4_C,29.18
2003,NV_IND_TECH,Chile,ISIC4_C,37.03
2004,NV_IND_TECH,Chile,ISIC4_C,36.61
2005,NV_IND_TECH,Chile,ISIC4_C,14.57
2006,NV_IND_TECH,Chile,ISIC4_C,12.99
2007,NV_IND_TECH,Chile,ISIC4_C,9.93
2008,NV_IND_TECH,Chile,ISIC4_C,18.92
2009,NV_IND_TECH,Chile,ISIC4_C,17.11
2010,NV_IND_TECH,Chile,ISIC4_C,20.32
2011,NV_IND_TECH,Chile,ISIC4_C,15.0
2012,NV_IND_TECH,Chile,ISIC4_C,11.44
2013,NV_IND_TECH,Chile,ISIC4_C,15.96
2014,NV_IND_TECH,Chile,ISIC4_C,17.1
2015,NV_IND_TECH,Chile,ISIC4_C,14.06
2016,NV_IND_TECH,Chile,ISIC4_C,7.96
2017,NV_IND_TECH,Chile,ISIC4_C,20.12
2018,NV_IND_TECH,Chile,ISIC4_C,19.63
2019,NV_IND_TECH,Chile,ISIC4_C,19.63
2020,NV_IND_TECH,Chile,ISIC4_C,20.37
2000,NV_IND_TECH,China,ISIC4_C,42.88
2001,NV_IND_TECH,China,ISIC4_C,42.73
2002,NV_IND_TECH,China,ISIC4_C,43.88
2003,NV_IND_TECH,China,ISIC4_C,42.95
2004,NV_IND_TECH,China,ISIC4_C,42.4
2005,NV_IND_TECH,China,ISIC4_C,41.61
2006,NV_IND_TECH,China,ISIC4_C,41.29
2007,NV_IND_TECH,China,ISIC4_C,40.7
2008,NV_IND_TECH,China,ISIC4_C,41.38
2009,NV_IND_TECH,China,ISIC4_C,41.38
2010,NV_IND_TECH,China,ISIC4_C,41.38
2011,NV_IND_TECH,China,ISIC4_C,41.45
2012,NV_IND_TECH,China,ISIC4_C,41.45
2013,NV_IND_TECH,China,ISIC4_C,41.45
2014,NV_IND_TECH,China,ISIC4_C,41.45
2015,NV_IND_TECH,China,ISIC4_C,41.45
2016,NV_IND_TECH,China,ISIC4_C,41.45
2017,NV_IND_TECH,China,ISIC4_C,41.45
2018,NV_IND_TECH,China,ISIC4_C,41.45
2019,NV_IND_TECH,China,ISIC4_C,41.45
2020,NV_IND_TECH,China,ISIC4_C,41.45
2009,NV_IND_TECH,Georgia,ISIC4_C,21.39
2010,NV_IND_TECH,Georgia,ISIC4_C,16.99
2011,NV_IND_TECH,Georgia,ISIC4_C,21.6
2012,NV_IND_TECH,Georgia,ISIC4_C,17.85
2013,NV_IND_TECH,Georgia,ISIC4_C,18.61
2014,NV_IND_TECH,Georgia,ISIC4_C,14.7
2015,NV_IND_TECH,Georgia,ISIC4_C,14.73
2016,NV_IND_TECH,Georgia,ISIC4_C,12.14
2017,NV_IND_TECH,Georgia,ISIC4_C,13.42
2018,NV_IND_TECH,Georgia,ISIC4_C,12.78
2019,NV_IND_TECH,Georgia,ISIC4_C,12.43
2020,NV_IND_TECH,Georgia,ISIC4_C,12.45
2000,NV_IND_TECH,Germany,ISIC4_C,53.95
2001,NV_IND_TECH,Germany,ISIC4_C,54.33
2002,NV_IND_TECH,Germany,ISIC4_C,55.07
2003,NV_IND_TECH,Germany,ISIC4_C,56.11
2004,NV_IND_TECH,Germany,ISIC4_C,55.86
2005,NV_IND_TECH,Germany,ISIC4_C,56.5
2006,NV_IND_TECH,Germany,ISIC4_C,57.0
2007,NV_IND_TECH,Germany,ISIC4_C,57.98
2008,NV_IND_TECH,Germany,ISIC4_C,59.44
2009,NV_IND_TECH,Germany,ISIC4_C,56.07
2010,NV_IND_TECH,Germany,ISIC4_C,59.08
2011,NV_IND_TECH,Germany,ISIC4_C,59.18
2012,NV_IND_TECH,Germany,ISIC4_C,59.18
2013,NV_IND_TECH,Germany,ISIC4_C,59.29
2014,NV_IND_TECH,Germany,ISIC4_C,60.59
2015,NV_IND_TECH,Germany,ISIC4_C,60.7
2016,NV_IND_TECH,Germany,ISIC4_C,60.91
2017,NV_IND_TECH,Germany,ISIC4_C,60.87
2018,NV_IND_TECH,Germany,ISIC4_C,59.86
2019,NV_IND_TECH,Germany,ISIC4_C,60.38
2020,NV_IND_TECH,Germany,ISIC4_C,61.25
2000,NV_IND_TECH,Greece,ISIC4_C,24.12
2001,NV_IND_TECH,Greece,ISIC4_C,20.45
2002,NV_IND_TECH,Greece,ISIC4_C,20.45
2003,NV_IND_TECH,Greece,ISIC4_C,17.45
2004,NV_IND_TECH,Greece,ISIC4_C,17.75
2005,NV_IND_TECH,Greece,ISIC4_C,15.9
2006,NV_IND_TECH,Greece,ISIC4_C,16.64
2007,NV_IND_TECH,Greece,ISIC4_C,17.16
2008,NV_IND_TECH,Greece,ISIC4_C,19.29
2009,NV_IND_TECH,Greece,ISIC4_C,18.14
2010,NV_IND_TECH,Greece,ISIC4_C,14.71
2011,NV_IND_TECH,Greece,ISIC4_C,18.31
2012,NV_IND_TECH,Greece,ISIC4_C,18.76
2013,NV_IND_TECH,Greece,ISIC4_C,22.18
2014,NV_IND_TECH,Greece,ISIC4_C,20.73
2015,NV_IND_TECH,Greece,ISIC4_C,18.85
2016,NV_IND_TECH,Greece,ISIC4_C,18.31
2017,NV_IND_TECH,Greece,ISIC4_C,18.1
2018,NV_IND_TECH,Greece,ISIC4_C,18.07
2019,NV_IND_TECH,Greece,ISIC4_C,19.98
2020,NV_IND_TECH,Greece,ISIC4_C,21.74
2000,NV_IND_TECH,Hungary,ISIC4_C,48.12
2001,NV_IND_TECH,Hungary,ISIC4_C,45.95
2002,NV_IND_TECH,Hungary,ISIC4_C,45.54
2003,NV_IND_TECH,Hungary,ISIC4_C,50.24
2004,NV_IND_TECH,Hungary,ISIC4_C,51.96
2005,NV_IND_TECH,Hungary,ISIC4_C,53.11
2006,NV_IND_TECH,Hungary,ISIC4_C,53.41
2007,NV_IND_TECH,Hungary,ISIC4_C,52.44
2008,NV_IND_TECH,Hungary,ISIC4_C,51.94
2009,NV_IND_TECH,Hungary,ISIC4_C,52.64
2010,NV_IND_TECH,Hungary,ISIC4_C,54.63
2011,NV_IND_TECH,Hungary,ISIC4_C,56.39
2012,NV_IND_TECH,Hungary,ISIC4_C,55.65
2013,NV_IND_TECH,Hungary,ISIC4_C,56.52
2014,NV_IND_TECH,Hungary,ISIC4_C,58.5
2015,NV_IND_TECH,Hungary,ISIC4_C,59.45
2016,NV_IND_TECH,Hungary,ISIC4_C,56.3
2017,NV_IND_TECH,Hungary,ISIC4_C,56.97
2018,NV_IND_TECH,Hungary,ISIC4_C,51.54
2019,NV_IND_TECH,Hungary,ISIC4_C,51.7
2020,NV_IND_TECH,Hungary,ISIC4_C,53.3
2000,NV_IND_TECH,Iceland,ISIC4_C,11.09
2001,NV_IND_TECH,Iceland,ISIC4_C,11.42
2002,NV_IND_TECH,Iceland,ISIC4_C,12.59
2003,NV_IND_TECH,Iceland,ISIC4_C,14.55
2004,NV_IND_TECH,Iceland,ISIC4_C,16.99
2005,NV_IND_TECH,Iceland,ISIC4_C,14.18
2006,NV_IND_TECH,Iceland,ISIC4_C,16.57
2007,NV_IND_TECH,Iceland,ISIC4_C,16.57
2008,NV_IND_TECH,Iceland,ISIC4_C,16.57
2009,NV_IND_TECH,Iceland,ISIC4_C,16.57
2010,NV_IND_TECH,Iceland,ISIC4_C,16.57
2011,NV_IND_TECH,Iceland,ISIC4_C,14.51
2012,NV_IND_TECH,Iceland,ISIC4_C,14.51
2013,NV_IND_TECH,Iceland,ISIC4_C,14.51
2014,NV_IND_TECH,Iceland,ISIC4_C,14.51
2015,NV_IND_TECH,Iceland,ISIC4_C,11.27
2016,NV_IND_TECH,Iceland,ISIC4_C,11.52
2017,NV_IND_TECH,Iceland,ISIC4_C,2.29
2018,NV_IND_TECH,Iceland,ISIC4_C,12.62
2019,NV_IND_TECH,Iceland,ISIC4_C,14.92
2020,NV_IND_TECH,Iceland,ISIC4_C,14.92
2000,NV_IND_TECH,India,ISIC4_C,41.03
2001,NV_IND_TECH,India,ISIC4_C,41.77
2002,NV_IND_TECH,India,ISIC4_C,39.29
2003,NV_IND_TECH,India,ISIC4_C,39.12
2004,NV_IND_TECH,India,ISIC4_C,37.22
2005,NV_IND_TECH,India,ISIC4_C,39.24
2006,NV_IND_TECH,India,ISIC4_C,36.14
2007,NV_IND_TECH,India,ISIC4_C,34.13
2008,NV_IND_TECH,India,ISIC4_C,37.05
2009,NV_IND_TECH,India,ISIC4_C,39.38
2010,NV_IND_TECH,India,ISIC4_C,38.13
2011,NV_IND_TECH,India,ISIC4_C,40.51
2012,NV_IND_TECH,India,ISIC4_C,39.58
2013,NV_IND_TECH,India,ISIC4_C,37.61
2014,NV_IND_TECH,India,ISIC4_C,38.67
2015,NV_IND_TECH,India,ISIC4_C,42.86
2016,NV_IND_TECH,India,ISIC4_C,41.39
2017,NV_IND_TECH,India,ISIC4_C,41.2
2018,NV_IND_TECH,India,ISIC4_C,44.45
2019,NV_IND_TECH,India,ISIC4_C,44.58
2020,NV_IND_TECH,India,ISIC4_C,44.58
2000,NV_IND_TECH,Ireland,ISIC4_C,64.65
2001,NV_IND_TECH,Ireland,ISIC4_C,64.62
2002,NV_IND_TECH,Ireland,ISIC4_C,65.4
2003,NV_IND_TECH,Ireland,ISIC4_C,62.09
2004,NV_IND_TECH,Ireland,ISIC4_C,57.9
2005,NV_IND_TECH,Ireland,ISIC4_C,59.57
2006,NV_IND_TECH,Ireland,ISIC4_C,58.31
2007,NV_IND_TECH,Ireland,ISIC4_C,60.88
2008,NV_IND_TECH,Ireland,ISIC4_C,58.25
2009,NV_IND_TECH,Ireland,ISIC4_C,63.02
2010,NV_IND_TECH,Ireland,ISIC4_C,61.69
2011,NV_IND_TECH,Ireland,ISIC4_C,60.13
2012,NV_IND_TECH,Ireland,ISIC4_C,61.06
2013,NV_IND_TECH,Ireland,ISIC4_C,55.93
2014,NV_IND_TECH,Ireland,ISIC4_C,55.21
2015,NV_IND_TECH,Ireland,ISIC4_C,54.35
2016,NV_IND_TECH,Ireland,ISIC4_C,54.31
2017,NV_IND_TECH,Ireland,ISIC4_C,54.51
2018,NV_IND_TECH,Ireland,ISIC4_C,54.51
2019,NV_IND_TECH,Ireland,ISIC4_C,54.79
2020,NV_IND_TECH,Ireland,ISIC4_C,54.8
2000,NV_IND_TECH,Israel,ISIC4_C,57.66
2001,NV_IND_TECH,Israel,ISIC4_C,49.69
2002,NV_IND_TECH,Israel,ISIC4_C,49.26
2003,NV_IND_TECH,Israel,ISIC4_C,50.27
2004,NV_IND_TECH,Israel,ISIC4_C,53.95
2005,NV_IND_TECH,Israel,ISIC4_C,54.44
2006,NV_IND_TECH,Israel,ISIC4_C,57.78
2007,NV_IND_TECH,Israel,ISIC4_C,59.2
2008,NV_IND_TECH,Israel,ISIC4_C,59.48
2009,NV_IND_TECH,Israel,ISIC4_C,60.95
2010,NV_IND_TECH,Israel,ISIC4_C,61.97
2011,NV_IND_TECH,Israel,ISIC4_C,37.44
2012,NV_IND_TECH,Israel,ISIC4_C,42.7
2013,NV_IND_TECH,Israel,ISIC4_C,40.52
2014,NV_IND_TECH,Israel,ISIC4_C,42.12
2015,NV_IND_TECH,Israel,ISIC4_C,39.23
2016,NV_IND_TECH,Israel,ISIC4_C,39.0
2017,NV_IND_TECH,Israel,ISIC4_C,39.76
2018,NV_IND_TECH,Israel,ISIC4_C,40.66
2019,NV_IND_TECH,Israel,ISIC4_C,41.0
2020,NV_IND_TECH,Israel,ISIC4_C,41.0
2000,NV_IND_TECH,Italy,ISIC4_C,36.93
2001,NV_IND_TECH,Italy,ISIC4_C,36.26
2002,NV_IND_TECH,Italy,ISIC4_C,36.09
2003,NV_IND_TECH,Italy,ISIC4_C,35.86
2004,NV_IND_TECH,Italy,ISIC4_C,35.47
2005,NV_IND_TECH,Italy,ISIC4_C,36.15
2006,NV_IND_TECH,Italy,ISIC4_C,36.9
2007,NV_IND_TECH,Italy,ISIC4_C,36.44
2008,NV_IND_TECH,Italy,ISIC4_C,37.84
2009,NV_IND_TECH,Italy,ISIC4_C,39.07
2010,NV_IND_TECH,Italy,ISIC4_C,41.11
2011,NV_IND_TECH,Italy,ISIC4_C,40.69
2012,NV_IND_TECH,Italy,ISIC4_C,41.64
2013,NV_IND_TECH,Italy,ISIC4_C,42.22
2014,NV_IND_TECH,Italy,ISIC4_C,41.93
2015,NV_IND_TECH,Italy,ISIC4_C,42.09
2016,NV_IND_TECH,Italy,ISIC4_C,41.98
2017,NV_IND_TECH,Italy,ISIC4_C,42.69
2018,NV_IND_TECH,Italy,ISIC4_C,42.01
2019,NV_IND_TECH,Italy,ISIC4_C,41.63
2020,NV_IND_TECH,Italy,ISIC4_C,42.89
2000,NV_IND_TECH,Japan,ISIC4_C,50.9
2001,NV_IND_TECH,Japan,ISIC4_C,50.12
2002,NV_IND_TECH,Japan,ISIC4_C,52.01
2003,NV_IND_TECH,Japan,ISIC4_C,53.06
2004,NV_IND_TECH,Japan,ISIC4_C,53.39
2005,NV_IND_TECH,Japan,ISIC4_C,53.94
2006,NV_IND_TECH,Japan,ISIC4_C,54.83
2007,NV_IND_TECH,Japan,ISIC4_C,55.4
2008,NV_IND_TECH,Japan,ISIC4_C,53.8
2009,NV_IND_TECH,Japan,ISIC4_C,51.71
2010,NV_IND_TECH,Japan,ISIC4_C,53.7
2011,NV_IND_TECH,Japan,ISIC4_C,54.48
2012,NV_IND_TECH,Japan,ISIC4_C,55.01
2013,NV_IND_TECH,Japan,ISIC4_C,55.34
2014,NV_IND_TECH,Japan,ISIC4_C,56.21
2015,NV_IND_TECH,Japan,ISIC4_C,56.77
2016,NV_IND_TECH,Japan,ISIC4_C,56.57
2017,NV_IND_TECH,Japan,ISIC4_C,56.91
2018,NV_IND_TECH,Japan,ISIC4_C,56.91
2019,NV_IND_TECH,Japan,ISIC4_C,56.91
2020,NV_IND_TECH,Japan,ISIC4_C,56.91
2000,NV_IND_TECH,Kazakhstan,ISIC4_C,5.13
2001,NV_IND_TECH,Kazakhstan,ISIC4_C,5.92
2002,NV_IND_TECH,Kazakhstan,ISIC4_C,7.04
2003,NV_IND_TECH,Kazakhstan,ISIC4_C,7.88
2004,NV_IND_TECH,Kazakhstan,ISIC4_C,6.64
2005,NV_IND_TECH,Kazakhstan,ISIC4_C,6.86
2006,NV_IND_TECH,Kazakhstan,ISIC4_C,6.5
2007,NV_IND_TECH,Kazakhstan,ISIC4_C,6.84
2008,NV_IND_TECH,Kazakhstan,ISIC4_C,12.38
2009,NV_IND_TECH,Kazakhstan,ISIC4_C,11.5
2010,NV_IND_TECH,Kazakhstan,ISIC4_C,12.75
2011,NV_IND_TECH,Kazakhstan,ISIC4_C,12.92
2012,NV_IND_TECH,Kazakhstan,ISIC4_C,14.01
2013,NV_IND_TECH,Kazakhstan,ISIC4_C,16.48
2014,NV_IND_TECH,Kazakhstan,ISIC4_C,16.59
2015,NV_IND_TECH,Kazakhstan,ISIC4_C,14.18
2016,NV_IND_TECH,Kazakhstan,ISIC4_C,12.5
2017,NV_IND_TECH,Kazakhstan,ISIC4_C,13.8
2018,NV_IND_TECH,Kazakhstan,ISIC4_C,14.13
2019,NV_IND_TECH,Kazakhstan,ISIC4_C,15.9
2020,NV_IND_TECH,Kazakhstan,ISIC4_C,16.91
2000,NV_IND_TECH,Republic of Korea,ISIC4_C,52.5
2001,NV_IND_TECH,Republic of Korea,ISIC4_C,51.87
2002,NV_IND_TECH,Republic of Korea,ISIC4_C,53.39
2003,NV_IND_TECH,Republic of Korea,ISIC4_C,54.03
2004,NV_IND_TECH,Republic of Korea,ISIC4_C,54.8
2005,NV_IND_TECH,Republic of Korea,ISIC4_C,54.14
2006,NV_IND_TECH,Republic of Korea,ISIC4_C,55.12
2007,NV_IND_TECH,Republic of Korea,ISIC4_C,55.13
2008,NV_IND_TECH,Republic of Korea,ISIC4_C,52.92
2009,NV_IND_TECH,Republic of Korea,ISIC4_C,55.31
2010,NV_IND_TECH,Republic of Korea,ISIC4_C,61.23
2011,NV_IND_TECH,Republic of Korea,ISIC4_C,58.39
2012,NV_IND_TECH,Republic of Korea,ISIC4_C,59.38
2013,NV_IND_TECH,Republic of Korea,ISIC4_C,60.06
2014,NV_IND_TECH,Republic of Korea,ISIC4_C,59.78
2015,NV_IND_TECH,Republic of Korea,ISIC4_C,60.35
2016,NV_IND_TECH,Republic of Korea,ISIC4_C,59.84
2017,NV_IND_TECH,Republic of Korea,ISIC4_C,61.47
2018,NV_IND_TECH,Republic of Korea,ISIC4_C,63.83
2019,NV_IND_TECH,Republic of Korea,ISIC4_C,63.83
2020,NV_IND_TECH,Republic of Korea,ISIC4_C,63.83
2000,NV_IND_TECH,Kyrgyzstan,ISIC4_C,5.92
2001,NV_IND_TECH,Kyrgyzstan,ISIC4_C,5.92
2002,NV_IND_TECH,Kyrgyzstan,ISIC4_C,5.7
2003,NV_IND_TECH,Kyrgyzstan,ISIC4_C,4.92
2004,NV_IND_TECH,Kyrgyzstan,ISIC4_C,7.78
2005,NV_IND_TECH,Kyrgyzstan,ISIC4_C,5.96
2006,NV_IND_TECH,Kyrgyzstan,ISIC4_C,6.64
2007,NV_IND_TECH,Kyrgyzstan,ISIC4_C,8.9
2008,NV_IND_TECH,Kyrgyzstan,ISIC4_C,6.13
2009,NV_IND_TECH,Kyrgyzstan,ISIC4_C,4.36
2010,NV_IND_TECH,Kyrgyzstan,ISIC4_C,3.45
2011,NV_IND_TECH,Kyrgyzstan,ISIC4_C,3.71
2012,NV_IND_TECH,Kyrgyzstan,ISIC4_C,6.74
2013,NV_IND_TECH,Kyrgyzstan,ISIC4_C,6.61
2014,NV_IND_TECH,Kyrgyzstan,ISIC4_C,4.13
2015,NV_IND_TECH,Kyrgyzstan,ISIC4_C,2.96
2016,NV_IND_TECH,Kyrgyzstan,ISIC4_C,2.71
2017,NV_IND_TECH,Kyrgyzstan,ISIC4_C,2.78
2018,NV_IND_TECH,Kyrgyzstan,ISIC4_C,2.37
2019,NV_IND_TECH,Kyrgyzstan,ISIC4_C,2.21
2020,NV_IND_TECH,Kyrgyzstan,ISIC4_C,2.22
2000,NV_IND_TECH,Latvia,ISIC4_C,11.68
2001,NV_IND_TECH,Latvia,ISIC4_C,12.33
2002,NV_IND_TECH,Latvia,ISIC4_C,11.41
2003,NV_IND_TECH,Latvia,ISIC4_C,13.47
2004,NV_IND_TECH,Latvia,ISIC4_C,13.98
2005,NV_IND_TECH,Latvia,ISIC4_C,14.65
2006,NV_IND_TECH,Latvia,ISIC4_C,14.59
2007,NV_IND_TECH,Latvia,ISIC4_C,15.8
2008,NV_IND_TECH,Latvia,ISIC4_C,20.7
2009,NV_IND_TECH,Latvia,ISIC4_C,20.77
2010,NV_IND_TECH,Latvia,ISIC4_C,16.61
2011,NV_IND_TECH,Latvia,ISIC4_C,16.9
2012,NV_IND_TECH,Latvia,ISIC4_C,16.59
2013,NV_IND_TECH,Latvia,ISIC4_C,16.74
2014,NV_IND_TECH,Latvia,ISIC4_C,17.73
2015,NV_IND_TECH,Latvia,ISIC4_C,18.87
2016,NV_IND_TECH,Latvia,ISIC4_C,18.53
2017,NV_IND_TECH,Latvia,ISIC4_C,19.01
2018,NV_IND_TECH,Latvia,ISIC4_C,20.22
2019,NV_IND_TECH,Latvia,ISIC4_C,20.27
2020,NV_IND_TECH,Latvia,ISIC4_C,21.45
2000,NV_IND_TECH,Lithuania,ISIC4_C,15.15
2001,NV_IND_TECH,Lithuania,ISIC4_C,18.19
2002,NV_IND_TECH,Lithuania,ISIC4_C,17.83
2003,NV_IND_TECH,Lithuania,ISIC4_C,18.13
2004,NV_IND_TECH,Lithuania,ISIC4_C,18.14
2005,NV_IND_TECH,Lithuania,ISIC4_C,16.41
2006,NV_IND_TECH,Lithuania,ISIC4_C,18.54
2007,NV_IND_TECH,Lithuania,ISIC4_C,20.23
2008,NV_IND_TECH,Lithuania,ISIC4_C,23.92
2009,NV_IND_TECH,Lithuania,ISIC4_C,16.11
2010,NV_IND_TECH,Lithuania,ISIC4_C,22.81
2011,NV_IND_TECH,Lithuania,ISIC4_C,23.29
2012,NV_IND_TECH,Lithuania,ISIC4_C,19.46
2013,NV_IND_TECH,Lithuania,ISIC4_C,17.84
2014,NV_IND_TECH,Lithuania,ISIC4_C,20.84
2015,NV_IND_TECH,Lithuania,ISIC4_C,23.62
2016,NV_IND_TECH,Lithuania,ISIC4_C,20.55
2017,NV_IND_TECH,Lithuania,ISIC4_C,22.26
2018,NV_IND_TECH,Lithuania,ISIC4_C,23.01
2019,NV_IND_TECH,Lithuania,ISIC4_C,24.68
2020,NV_IND_TECH,Lithuania,ISIC4_C,29.26
2000,NV_IND_TECH,Luxembourg,ISIC4_C,17.76
2001,NV_IND_TECH,Luxembourg,ISIC4_C,15.76
2002,NV_IND_TECH,Luxembourg,ISIC4_C,16.23
2003,NV_IND_TECH,Luxembourg,ISIC4_C,14.96
2004,NV_IND_TECH,Luxembourg,ISIC4_C,14.54
2005,NV_IND_TECH,Luxembourg,ISIC4_C,15.86
2006,NV_IND_TECH,Luxembourg,ISIC4_C,15.04
2007,NV_IND_TECH,Luxembourg,ISIC4_C,13.78
2008,NV_IND_TECH,Luxembourg,ISIC4_C,8.64
2009,NV_IND_TECH,Luxembourg,ISIC4_C,7.11
2010,NV_IND_TECH,Luxembourg,ISIC4_C,7.58
2011,NV_IND_TECH,Luxembourg,ISIC4_C,7.13
2012,NV_IND_TECH,Luxembourg,ISIC4_C,22.41
2013,NV_IND_TECH,Luxembourg,ISIC4_C,23.95
2014,NV_IND_TECH,Luxembourg,ISIC4_C,22.46
2015,NV_IND_TECH,Luxembourg,ISIC4_C,23.67
2016,NV_IND_TECH,Luxembourg,ISIC4_C,20.41
2017,NV_IND_TECH,Luxembourg,ISIC4_C,21.77
2018,NV_IND_TECH,Luxembourg,ISIC4_C,21.13
2019,NV_IND_TECH,Luxembourg,ISIC4_C,21.97
2020,NV_IND_TECH,Luxembourg,ISIC4_C,21.32
2000,NV_IND_TECH,Malta,ISIC4_C,44.81
2001,NV_IND_TECH,Malta,ISIC4_C,37.47
2002,NV_IND_TECH,Malta,ISIC4_C,35.17
2003,NV_IND_TECH,Malta,ISIC4_C,40.84
2004,NV_IND_TECH,Malta,ISIC4_C,40.98
2005,NV_IND_TECH,Malta,ISIC4_C,35.3
2006,NV_IND_TECH,Malta,ISIC4_C,41.95
2007,NV_IND_TECH,Malta,ISIC4_C,45.08
2008,NV_IND_TECH,Malta,ISIC4_C,44.92
2009,NV_IND_TECH,Malta,ISIC4_C,16.63
2010,NV_IND_TECH,Malta,ISIC4_C,19.16
2011,NV_IND_TECH,Malta,ISIC4_C,8.53
2012,NV_IND_TECH,Malta,ISIC4_C,5.37
2013,NV_IND_TECH,Malta,ISIC4_C,5.7
2014,NV_IND_TECH,Malta,ISIC4_C,17.57
2015,NV_IND_TECH,Malta,ISIC4_C,37.99
2016,NV_IND_TECH,Malta,ISIC4_C,36.99
2017,NV_IND_TECH,Malta,ISIC4_C,42.7
2018,NV_IND_TECH,Malta,ISIC4_C,27.84
2019,NV_IND_TECH,Malta,ISIC4_C,20.02
2020,NV_IND_TECH,Malta,ISIC4_C,31.48
2000,NV_IND_TECH,Mexico,ISIC4_C,42.56
2001,NV_IND_TECH,Mexico,ISIC4_C,43.09
2002,NV_IND_TECH,Mexico,ISIC4_C,42.56
2003,NV_IND_TECH,Mexico,ISIC4_C,43.5
2004,NV_IND_TECH,Mexico,ISIC4_C,39.43
2005,NV_IND_TECH,Mexico,ISIC4_C,39.67
2006,NV_IND_TECH,Mexico,ISIC4_C,39.54
2007,NV_IND_TECH,Mexico,ISIC4_C,38.45
2008,NV_IND_TECH,Mexico,ISIC4_C,37.42
2009,NV_IND_TECH,Mexico,ISIC4_C,35.76
2010,NV_IND_TECH,Mexico,ISIC4_C,36.89
2011,NV_IND_TECH,Mexico,ISIC4_C,38.65
2012,NV_IND_TECH,Mexico,ISIC4_C,40.15
2013,NV_IND_TECH,Mexico,ISIC4_C,39.5
2014,NV_IND_TECH,Mexico,ISIC4_C,40.39
2015,NV_IND_TECH,Mexico,ISIC4_C,39.69
2016,NV_IND_TECH,Mexico,ISIC4_C,43.24
2017,NV_IND_TECH,Mexico,ISIC4_C,44.44
2018,NV_IND_TECH,Mexico,ISIC4_C,44.87
2019,NV_IND_TECH,Mexico,ISIC4_C,45.6
2020,NV_IND_TECH,Mexico,ISIC4_C,45.6
2000,NV_IND_TECH,Moldova,ISIC4_C,6.87
2001,NV_IND_TECH,Moldova,ISIC4_C,6.8
2002,NV_IND_TECH,Moldova,ISIC4_C,7.21
2003,NV_IND_TECH,Moldova,ISIC4_C,7.28
2004,NV_IND_TECH,Moldova,ISIC4_C,6.9
2005,NV_IND_TECH,Moldova,ISIC4_C,6.89
2006,NV_IND_TECH,Moldova,ISIC4_C,7.73
2007,NV_IND_TECH,Moldova,ISIC4_C,7.82
2008,NV_IND_TECH,Moldova,ISIC4_C,9.84
2009,NV_IND_TECH,Moldova,ISIC4_C,8.68
2010,NV_IND_TECH,Moldova,ISIC4_C,8.91
2011,NV_IND_TECH,Moldova,ISIC4_C,8.96
2012,NV_IND_TECH,Moldova,ISIC4_C,12.28
2013,NV_IND_TECH,Moldova,ISIC4_C,14.46
2014,NV_IND_TECH,Moldova,ISIC4_C,18.76
2015,NV_IND_TECH,Moldova,ISIC4_C,16.33
2016,NV_IND_TECH,Moldova,ISIC4_C,19.46
2017,NV_IND_TECH,Moldova,ISIC4_C,17.73
2018,NV_IND_TECH,Moldova,ISIC4_C,17.6
2019,NV_IND_TECH,Moldova,ISIC4_C,22.95
2020,NV_IND_TECH,Moldova,ISIC4_C,22.99
2000,NV_IND_TECH,Montenegro,ISIC4_C,16.26
2001,NV_IND_TECH,Montenegro,ISIC4_C,16.26
2002,NV_IND_TECH,Montenegro,ISIC4_C,16.26
2003,NV_IND_TECH,Montenegro,ISIC4_C,16.26
2004,NV_IND_TECH,Montenegro,ISIC4_C,16.26
2005,NV_IND_TECH,Montenegro,ISIC4_C,16.26
2006,NV_IND_TECH,Montenegro,ISIC4_C,16.26
2007,NV_IND_TECH,Montenegro,ISIC4_C,16.26
2008,NV_IND_TECH,Montenegro,ISIC4_C,16.26
2009,NV_IND_TECH,Montenegro,ISIC4_C,16.26
2010,NV_IND_TECH,Montenegro,ISIC4_C,16.26
2011,NV_IND_TECH,Montenegro,ISIC4_C,13.99
2012,NV_IND_TECH,Montenegro,ISIC4_C,18.85
2013,NV_IND_TECH,Montenegro,ISIC4_C,15.88
2014,NV_IND_TECH,Montenegro,ISIC4_C,16.06
2015,NV_IND_TECH,Montenegro,ISIC4_C,14.86
2016,NV_IND_TECH,Montenegro,ISIC4_C,14.86
2017,NV_IND_TECH,Montenegro,ISIC4_C,14.86
2018,NV_IND_TECH,Montenegro,ISIC4_C,14.86
2019,NV_IND_TECH,Montenegro,ISIC4_C,14.86
2020,NV_IND_TECH,Montenegro,ISIC4_C,14.86
2000,NV_IND_TECH,Netherlands (Kingdom of the),ISIC4_C,38.17
2001,NV_IND_TECH,Netherlands (Kingdom of the),ISIC4_C,35.61
2002,NV_IND_TECH,Netherlands (Kingdom of the),ISIC4_C,37.72
2003,NV_IND_TECH,Netherlands (Kingdom of the),ISIC4_C,38.22
2004,NV_IND_TECH,Netherlands (Kingdom of the),ISIC4_C,40.28
2005,NV_IND_TECH,Netherlands (Kingdom of the),ISIC4_C,42.44
2006,NV_IND_TECH,Netherlands (Kingdom of the),ISIC4_C,39.73
2007,NV_IND_TECH,Netherlands (Kingdom of the),ISIC4_C,38.83
2008,NV_IND_TECH,Netherlands (Kingdom of the),ISIC4_C,40.07
2009,NV_IND_TECH,Netherlands (Kingdom of the),ISIC4_C,42.18
2010,NV_IND_TECH,Netherlands (Kingdom of the),ISIC4_C,45.62
2011,NV_IND_TECH,Netherlands (Kingdom of the),ISIC4_C,47.05
2012,NV_IND_TECH,Netherlands (Kingdom of the),ISIC4_C,47.44
2013,NV_IND_TECH,Netherlands (Kingdom of the),ISIC4_C,45.8
2014,NV_IND_TECH,Netherlands (Kingdom of the),ISIC4_C,46.79
2015,NV_IND_TECH,Netherlands (Kingdom of the),ISIC4_C,47.28
2016,NV_IND_TECH,Netherlands (Kingdom of the),ISIC4_C,47.44
2017,NV_IND_TECH,Netherlands (Kingdom of the),ISIC4_C,48.57
2018,NV_IND_TECH,Netherlands (Kingdom of the),ISIC4_C,50.51
2019,NV_IND_TECH,Netherlands (Kingdom of the),ISIC4_C,50.21
2020,NV_IND_TECH,Netherlands (Kingdom of the),ISIC4_C,51.19
2000,NV_IND_TECH,New Zealand,ISIC4_C,12.45
2001,NV_IND_TECH,New Zealand,ISIC4_C,12.93
2002,NV_IND_TECH,New Zealand,ISIC4_C,15.01
2003,NV_IND_TECH,New Zealand,ISIC4_C,17.98
2004,NV_IND_TECH,New Zealand,ISIC4_C,18.12
2005,NV_IND_TECH,New Zealand,ISIC4_C,16.86
2006,NV_IND_TECH,New Zealand,ISIC4_C,16.54
2007,NV_IND_TECH,New Zealand,ISIC4_C,16.62
2008,NV_IND_TECH,New Zealand,ISIC4_C,17.77
2009,NV_IND_TECH,New Zealand,ISIC4_C,16.5
2010,NV_IND_TECH,New Zealand,ISIC4_C,17.61
2011,NV_IND_TECH,New Zealand,ISIC4_C,18.06
2012,NV_IND_TECH,New Zealand,ISIC4_C,17.25
2013,NV_IND_TECH,New Zealand,ISIC4_C,17.7
2014,NV_IND_TECH,New Zealand,ISIC4_C,18.38
2015,NV_IND_TECH,New Zealand,ISIC4_C,18.0
2016,NV_IND_TECH,New Zealand,ISIC4_C,19.72
2017,NV_IND_TECH,New Zealand,ISIC4_C,22.14
2018,NV_IND_TECH,New Zealand,ISIC4_C,21.4
2019,NV_IND_TECH,New Zealand,ISIC4_C,21.72
2020,NV_IND_TECH,New Zealand,ISIC4_C,21.72
2000,NV_IND_TECH,Norway,ISIC4_C,29.38
2001,NV_IND_TECH,Norway,ISIC4_C,29.3
2002,NV_IND_TECH,Norway,ISIC4_C,30.13
2003,NV_IND_TECH,Norway,ISIC4_C,28.12
2004,NV_IND_TECH,Norway,ISIC4_C,28.15
2005,NV_IND_TECH,Norway,ISIC4_C,28.48
2006,NV_IND_TECH,Norway,ISIC4_C,30.17
2007,NV_IND_TECH,Norway,ISIC4_C,30.99
2008,NV_IND_TECH,Norway,ISIC4_C,33.18
2009,NV_IND_TECH,Norway,ISIC4_C,36.73
2010,NV_IND_TECH,Norway,ISIC4_C,32.54
2011,NV_IND_TECH,Norway,ISIC4_C,32.45
2012,NV_IND_TECH,Norway,ISIC4_C,32.14
2013,NV_IND_TECH,Norway,ISIC4_C,35.22
2014,NV_IND_TECH,Norway,ISIC4_C,31.8
2015,NV_IND_TECH,Norway,ISIC4_C,32.26
2016,NV_IND_TECH,Norway,ISIC4_C,29.78
2017,NV_IND_TECH,Norway,ISIC4_C,28.94
2018,NV_IND_TECH,Norway,ISIC4_C,30.12
2019,NV_IND_TECH,Norway,ISIC4_C,35.03
2020,NV_IND_TECH,Norway,ISIC4_C,45.16
2000,NV_IND_TECH,Poland,ISIC4_C,26.6
2001,NV_IND_TECH,Poland,ISIC4_C,28.14
2002,NV_IND_TECH,Poland,ISIC4_C,26.08
2003,NV_IND_TECH,Poland,ISIC4_C,26.2
2004,NV_IND_TECH,Poland,ISIC4_C,26.61
2005,NV_IND_TECH,Poland,ISIC4_C,27.42
2006,NV_IND_TECH,Poland,ISIC4_C,32.51
2007,NV_IND_TECH,Poland,ISIC4_C,31.58
2008,NV_IND_TECH,Poland,ISIC4_C,33.66
2009,NV_IND_TECH,Poland,ISIC4_C,34.54
2010,NV_IND_TECH,Poland,ISIC4_C,35.88
2011,NV_IND_TECH,Poland,ISIC4_C,35.84
2012,NV_IND_TECH,Poland,ISIC4_C,34.31
2013,NV_IND_TECH,Poland,ISIC4_C,35.21
2014,NV_IND_TECH,Poland,ISIC4_C,33.94
2015,NV_IND_TECH,Poland,ISIC4_C,33.98
2016,NV_IND_TECH,Poland,ISIC4_C,32.99
2017,NV_IND_TECH,Poland,ISIC4_C,32.74
2018,NV_IND_TECH,Poland,ISIC4_C,32.23
2019,NV_IND_TECH,Poland,ISIC4_C,32.28
2020,NV_IND_TECH,Poland,ISIC4_C,33.25
2000,NV_IND_TECH,Portugal,ISIC4_C,24.89
2001,NV_IND_TECH,Portugal,ISIC4_C,24.33
2002,NV_IND_TECH,Portugal,ISIC4_C,23.86
2003,NV_IND_TECH,Portugal,ISIC4_C,23.51
2004,NV_IND_TECH,Portugal,ISIC4_C,23.89
2005,NV_IND_TECH,Portugal,ISIC4_C,24.46
2006,NV_IND_TECH,Portugal,ISIC4_C,23.8
2007,NV_IND_TECH,Portugal,ISIC4_C,20.41
2008,NV_IND_TECH,Portugal,ISIC4_C,25.26
2009,NV_IND_TECH,Portugal,ISIC4_C,23.42
2010,NV_IND_TECH,Portugal,ISIC4_C,23.96
2011,NV_IND_TECH,Portugal,ISIC4_C,24.65
2012,NV_IND_TECH,Portugal,ISIC4_C,24.72
2013,NV_IND_TECH,Portugal,ISIC4_C,24.51
2014,NV_IND_TECH,Portugal,ISIC4_C,24.62
2015,NV_IND_TECH,Portugal,ISIC4_C,24.41
2016,NV_IND_TECH,Portugal,ISIC4_C,23.9
2017,NV_IND_TECH,Portugal,ISIC4_C,24.42
2018,NV_IND_TECH,Portugal,ISIC4_C,24.47
2019,NV_IND_TECH,Portugal,ISIC4_C,25.96
2020,NV_IND_TECH,Portugal,ISIC4_C,27.13
2000,NV_IND_TECH,Romania,ISIC4_C,21.02
2001,NV_IND_TECH,Romania,ISIC4_C,21.01
2002,NV_IND_TECH,Romania,ISIC4_C,21.8
2003,NV_IND_TECH,Romania,ISIC4_C,27.24
2004,NV_IND_TECH,Romania,ISIC4_C,25.48
2005,NV_IND_TECH,Romania,ISIC4_C,25.01
2006,NV_IND_TECH,Romania,ISIC4_C,25.13
2007,NV_IND_TECH,Romania,ISIC4_C,27.1
2008,NV_IND_TECH,Romania,ISIC4_C,25.98
2009,NV_IND_TECH,Romania,ISIC4_C,33.99
2010,NV_IND_TECH,Romania,ISIC4_C,35.24
2011,NV_IND_TECH,Romania,ISIC4_C,36.02
2012,NV_IND_TECH,Romania,ISIC4_C,36.79
2013,NV_IND_TECH,Romania,ISIC4_C,37.7
2014,NV_IND_TECH,Romania,ISIC4_C,36.96
2015,NV_IND_TECH,Romania,ISIC4_C,41.39
2016,NV_IND_TECH,Romania,ISIC4_C,40.77
2017,NV_IND_TECH,Romania,ISIC4_C,42.9
2018,NV_IND_TECH,Romania,ISIC4_C,42.77
2019,NV_IND_TECH,Romania,ISIC4_C,40.95
2020,NV_IND_TECH,Romania,ISIC4_C,44.36
2000,NV_IND_TECH,Serbia,ISIC4_C,24.41
2001,NV_IND_TECH,Serbia,ISIC4_C,24.41
2002,NV_IND_TECH,Serbia,ISIC4_C,24.41
2003,NV_IND_TECH,Serbia,ISIC4_C,24.41
2004,NV_IND_TECH,Serbia,ISIC4_C,24.41
2005,NV_IND_TECH,Serbia,ISIC4_C,24.41
2006,NV_IND_TECH,Serbia,ISIC4_C,21.36
2007,NV_IND_TECH,Serbia,ISIC4_C,22.07
2008,NV_IND_TECH,Serbia,ISIC4_C,21.85
2009,NV_IND_TECH,Serbia,ISIC4_C,20.42
2010,NV_IND_TECH,Serbia,ISIC4_C,18.64
2011,NV_IND_TECH,Serbia,ISIC4_C,19.63
2012,NV_IND_TECH,Serbia,ISIC4_C,20.06
2013,NV_IND_TECH,Serbia,ISIC4_C,24.88
2014,NV_IND_TECH,Serbia,ISIC4_C,25.92
2015,NV_IND_TECH,Serbia,ISIC4_C,25.74
2016,NV_IND_TECH,Serbia,ISIC4_C,25.42
2017,NV_IND_TECH,Serbia,ISIC4_C,25.77
2018,NV_IND_TECH,Serbia,ISIC4_C,24.65
2019,NV_IND_TECH,Serbia,ISIC4_C,25.07
2020,NV_IND_TECH,Serbia,ISIC4_C,25.07
2000,NV_IND_TECH,Slovakia,ISIC4_C,33.66
2001,NV_IND_TECH,Slovakia,ISIC4_C,34.72
2002,NV_IND_TECH,Slovakia,ISIC4_C,35.91
2003,NV_IND_TECH,Slovakia,ISIC4_C,37.99
2004,NV_IND_TECH,Slovakia,ISIC4_C,34.77
2005,NV_IND_TECH,Slovakia,ISIC4_C,36.13
2006,NV_IND_TECH,Slovakia,ISIC4_C,39.99
2007,NV_IND_TECH,Slovakia,ISIC4_C,43.11
2008,NV_IND_TECH,Slovakia,ISIC4_C,41.26
2009,NV_IND_TECH,Slovakia,ISIC4_C,43.3
2010,NV_IND_TECH,Slovakia,ISIC4_C,45.75
2011,NV_IND_TECH,Slovakia,ISIC4_C,44.52
2012,NV_IND_TECH,Slovakia,ISIC4_C,47.82
2013,NV_IND_TECH,Slovakia,ISIC4_C,49.43
2014,NV_IND_TECH,Slovakia,ISIC4_C,47.48
2015,NV_IND_TECH,Slovakia,ISIC4_C,49.39
2016,NV_IND_TECH,Slovakia,ISIC4_C,47.77
2017,NV_IND_TECH,Slovakia,ISIC4_C,47.93
2018,NV_IND_TECH,Slovakia,ISIC4_C,49.51
2019,NV_IND_TECH,Slovakia,ISIC4_C,51.17
2020,NV_IND_TECH,Slovakia,ISIC4_C,52.78
2000,NV_IND_TECH,Viet Nam,ISIC4_C,20.26
2001,NV_IND_TECH,Viet Nam,ISIC4_C,21.86
2002,NV_IND_TECH,Viet Nam,ISIC4_C,21.86
2003,NV_IND_TECH,Viet Nam,ISIC4_C,21.86
2004,NV_IND_TECH,Viet Nam,ISIC4_C,24.04
2005,NV_IND_TECH,Viet Nam,ISIC4_C,24.04
2006,NV_IND_TECH,Viet Nam,ISIC4_C,22.65
2007,NV_IND_TECH,Viet Nam,ISIC4_C,23.15
2008,NV_IND_TECH,Viet Nam,ISIC4_C,22.47
2009,NV_IND_TECH,Viet Nam,ISIC4_C,23.54
2010,NV_IND_TECH,Viet Nam,ISIC4_C,23.35
2011,NV_IND_TECH,Viet Nam,ISIC4_C,19.08
2012,NV_IND_TECH,Viet Nam,ISIC4_C,23.22
2013,NV_IND_TECH,Viet Nam,ISIC4_C,29.77
2014,NV_IND_TECH,Viet Nam,ISIC4_C,38.51
2015,NV_IND_TECH,Viet Nam,ISIC4_C,36.85
2016,NV_IND_TECH,Viet Nam,ISIC4_C,37.35
2017,NV_IND_TECH,Viet Nam,ISIC4_C,40.08
2018,NV_IND_TECH,Viet Nam,ISIC4_C,38.51
2019,NV_IND_TECH,Viet Nam,ISIC4_C,37.84
2020,NV_IND_TECH,Viet Nam,ISIC4_C,38.25
2000,NV_IND_TECH,Slovenia,ISIC4_C,36.36
2001,NV_IND_TECH,Slovenia,ISIC4_C,37.13
2002,NV_IND_TECH,Slovenia,ISIC4_C,38.33
2003,NV_IND_TECH,Slovenia,ISIC4_C,41.45
2004,NV_IND_TECH,Slovenia,ISIC4_C,42.08
2005,NV_IND_TECH,Slovenia,ISIC4_C,41.76
2006,NV_IND_TECH,Slovenia,ISIC4_C,42.65
2007,NV_IND_TECH,Slovenia,ISIC4_C,42.47
2008,NV_IND_TECH,Slovenia,ISIC4_C,44.34
2009,NV_IND_TECH,Slovenia,ISIC4_C,45.42
2010,NV_IND_TECH,Slovenia,ISIC4_C,46.76
2011,NV_IND_TECH,Slovenia,ISIC4_C,47.78
2012,NV_IND_TECH,Slovenia,ISIC4_C,49.66
2013,NV_IND_TECH,Slovenia,ISIC4_C,48.03
2014,NV_IND_TECH,Slovenia,ISIC4_C,47.33
2015,NV_IND_TECH,Slovenia,ISIC4_C,37.41
2016,NV_IND_TECH,Slovenia,ISIC4_C,37.09
2017,NV_IND_TECH,Slovenia,ISIC4_C,37.98
2018,NV_IND_TECH,Slovenia,ISIC4_C,37.13
2019,NV_IND_TECH,Slovenia,ISIC4_C,36.83
2020,NV_IND_TECH,Slovenia,ISIC4_C,36.92
2000,NV_IND_TECH,Spain,ISIC4_C,32.75
2001,NV_IND_TECH,Spain,ISIC4_C,32.3
2002,NV_IND_TECH,Spain,ISIC4_C,31.13
2003,NV_IND_TECH,Spain,ISIC4_C,31.37
2004,NV_IND_TECH,Spain,ISIC4_C,30.96
2005,NV_IND_TECH,Spain,ISIC4_C,29.65
2006,NV_IND_TECH,Spain,ISIC4_C,30.31
2007,NV_IND_TECH,Spain,ISIC4_C,30.84
2008,NV_IND_TECH,Spain,ISIC4_C,31.95
2009,NV_IND_TECH,Spain,ISIC4_C,33.58
2010,NV_IND_TECH,Spain,ISIC4_C,34.73
2011,NV_IND_TECH,Spain,ISIC4_C,34.88
2012,NV_IND_TECH,Spain,ISIC4_C,35.95
2013,NV_IND_TECH,Spain,ISIC4_C,37.39
2014,NV_IND_TECH,Spain,ISIC4_C,38.68
2015,NV_IND_TECH,Spain,ISIC4_C,38.52
2016,NV_IND_TECH,Spain,ISIC4_C,38.77
2017,NV_IND_TECH,Spain,ISIC4_C,38.7
2018,NV_IND_TECH,Spain,ISIC4_C,37.8
2019,NV_IND_TECH,Spain,ISIC4_C,37.79
2020,NV_IND_TECH,Spain,ISIC4_C,39.58
2000,NV_IND_TECH,Sweden,ISIC4_C,49.17
2001,NV_IND_TECH,Sweden,ISIC4_C,46.7
2002,NV_IND_TECH,Sweden,ISIC4_C,46.9
2003,NV_IND_TECH,Sweden,ISIC4_C,50.22
2004,NV_IND_TECH,Sweden,ISIC4_C,52.19
2005,NV_IND_TECH,Sweden,ISIC4_C,52.94
2006,NV_IND_TECH,Sweden,ISIC4_C,52.87
2007,NV_IND_TECH,Sweden,ISIC4_C,52.23
2008,NV_IND_TECH,Sweden,ISIC4_C,45.02
2009,NV_IND_TECH,Sweden,ISIC4_C,39.02
2010,NV_IND_TECH,Sweden,ISIC4_C,42.96
2011,NV_IND_TECH,Sweden,ISIC4_C,45.9
2012,NV_IND_TECH,Sweden,ISIC4_C,52.53
2013,NV_IND_TECH,Sweden,ISIC4_C,53.15
2014,NV_IND_TECH,Sweden,ISIC4_C,44.65
2015,NV_IND_TECH,Sweden,ISIC4_C,51.61
2016,NV_IND_TECH,Sweden,ISIC4_C,50.94
2017,NV_IND_TECH,Sweden,ISIC4_C,51.11
2018,NV_IND_TECH,Sweden,ISIC4_C,51.62
2019,NV_IND_TECH,Sweden,ISIC4_C,51.89
2020,NV_IND_TECH,Sweden,ISIC4_C,52.81
2000,NV_IND_TECH,Switzerland,ISIC4_C,52.37
2001,NV_IND_TECH,Switzerland,ISIC4_C,52.05
2002,NV_IND_TECH,Switzerland,ISIC4_C,55.61
2003,NV_IND_TECH,Switzerland,ISIC4_C,53.47
2004,NV_IND_TECH,Switzerland,ISIC4_C,57.18
2005,NV_IND_TECH,Switzerland,ISIC4_C,62.17
2006,NV_IND_TECH,Switzerland,ISIC4_C,60.39
2007,NV_IND_TECH,Switzerland,ISIC4_C,62.23
2008,NV_IND_TECH,Switzerland,ISIC4_C,63.98
2009,NV_IND_TECH,Switzerland,ISIC4_C,60.91
2010,NV_IND_TECH,Switzerland,ISIC4_C,61.32
2011,NV_IND_TECH,Switzerland,ISIC4_C,60.82
2012,NV_IND_TECH,Switzerland,ISIC4_C,62.71
2013,NV_IND_TECH,Switzerland,ISIC4_C,62.57
2014,NV_IND_TECH,Switzerland,ISIC4_C,63.0
2015,NV_IND_TECH,Switzerland,ISIC4_C,63.56
2016,NV_IND_TECH,Switzerland,ISIC4_C,63.32
2017,NV_IND_TECH,Switzerland,ISIC4_C,65.05
2018,NV_IND_TECH,Switzerland,ISIC4_C,66.22
2019,NV_IND_TECH,Switzerland,ISIC4_C,65.55
2020,NV_IND_TECH,Switzerland,ISIC4_C,65.55
2000,NV_IND_TECH,Tajikistan,ISIC4_C,2.7
2001,NV_IND_TECH,Tajikistan,ISIC4_C,2.7
2002,NV_IND_TECH,Tajikistan,ISIC4_C,2.7
2003,NV_IND_TECH,Tajikistan,ISIC4_C,2.7
2004,NV_IND_TECH,Tajikistan,ISIC4_C,2.7
2005,NV_IND_TECH,Tajikistan,ISIC4_C,2.53
2006,NV_IND_TECH,Tajikistan,ISIC4_C,3.28
2007,NV_IND_TECH,Tajikistan,ISIC4_C,1.26
2008,NV_IND_TECH,Tajikistan,ISIC4_C,2.61
2009,NV_IND_TECH,Tajikistan,ISIC4_C,2.61
2010,NV_IND_TECH,Tajikistan,ISIC4_C,3.65
2011,NV_IND_TECH,Tajikistan,ISIC4_C,3.65
2012,NV_IND_TECH,Tajikistan,ISIC4_C,2.95
2013,NV_IND_TECH,Tajikistan,ISIC4_C,2.49
2014,NV_IND_TECH,Tajikistan,ISIC4_C,1.86
2015,NV_IND_TECH,Tajikistan,ISIC4_C,2.19
2016,NV_IND_TECH,Tajikistan,ISIC4_C,2.83
2017,NV_IND_TECH,Tajikistan,ISIC4_C,2.8
2018,NV_IND_TECH,Tajikistan,ISIC4_C,2.58
2019,NV_IND_TECH,Tajikistan,ISIC4_C,2.82
2020,NV_IND_TECH,Tajikistan,ISIC4_C,2.82
2000,NV_IND_TECH,United Arab Emirates,ISIC4_C,37.63
2001,NV_IND_TECH,United Arab Emirates,ISIC4_C,37.63
2002,NV_IND_TECH,United Arab Emirates,ISIC4_C,37.63
2003,NV_IND_TECH,United Arab Emirates,ISIC4_C,37.63
2004,NV_IND_TECH,United Arab Emirates,ISIC4_C,37.63
2005,NV_IND_TECH,United Arab Emirates,ISIC4_C,37.63
2006,NV_IND_TECH,United Arab Emirates,ISIC4_C,37.63
2007,NV_IND_TECH,United Arab Emirates,ISIC4_C,37.63
2008,NV_IND_TECH,United Arab Emirates,ISIC4_C,37.63
2009,NV_IND_TECH,United Arab Emirates,ISIC4_C,37.63
2010,NV_IND_TECH,United Arab Emirates,ISIC4_C,37.63
2011,NV_IND_TECH,United Arab Emirates,ISIC4_C,37.63
2012,NV_IND_TECH,United Arab Emirates,ISIC4_C,37.78
2013,NV_IND_TECH,United Arab Emirates,ISIC4_C,37.87
2014,NV_IND_TECH,United Arab Emirates,ISIC4_C,37.83
2015,NV_IND_TECH,United Arab Emirates,ISIC4_C,35.93
2016,NV_IND_TECH,United Arab Emirates,ISIC4_C,35.92
2017,NV_IND_TECH,United Arab Emirates,ISIC4_C,36.63
2018,NV_IND_TECH,United Arab Emirates,ISIC4_C,37.49
2019,NV_IND_TECH,United Arab Emirates,ISIC4_C,39.19
2020,NV_IND_TECH,United Arab Emirates,ISIC4_C,39.21
2000,NV_IND_TECH,Türkiye,ISIC4_C,27.76
2001,NV_IND_TECH,Türkiye,ISIC4_C,25.35
2002,NV_IND_TECH,Türkiye,ISIC4_C,25.26
2003,NV_IND_TECH,Türkiye,ISIC4_C,29.84
2004,NV_IND_TECH,Türkiye,ISIC4_C,30.69
2005,NV_IND_TECH,Türkiye,ISIC4_C,29.27
2006,NV_IND_TECH,Türkiye,ISIC4_C,29.81
2007,NV_IND_TECH,Türkiye,ISIC4_C,29.77
2008,NV_IND_TECH,Türkiye,ISIC4_C,30.04
2009,NV_IND_TECH,Türkiye,ISIC4_C,30.45
2010,NV_IND_TECH,Türkiye,ISIC4_C,30.23
2011,NV_IND_TECH,Türkiye,ISIC4_C,29.95
2012,NV_IND_TECH,Türkiye,ISIC4_C,29.89
2013,NV_IND_TECH,Türkiye,ISIC4_C,29.93
2014,NV_IND_TECH,Türkiye,ISIC4_C,29.24
2015,NV_IND_TECH,Türkiye,ISIC4_C,29.78
2016,NV_IND_TECH,Türkiye,ISIC4_C,29.94
2017,NV_IND_TECH,Türkiye,ISIC4_C,30.82
2018,NV_IND_TECH,Türkiye,ISIC4_C,33.66
2019,NV_IND_TECH,Türkiye,ISIC4_C,35.83
2020,NV_IND_TECH,Türkiye,ISIC4_C,36.74
2000,NV_IND_TECH,Ukraine,ISIC4_C,22.3
2001,NV_IND_TECH,Ukraine,ISIC4_C,33.01
2002,NV_IND_TECH,Ukraine,ISIC4_C,33.14
2003,NV_IND_TECH,Ukraine,ISIC4_C,32.98
2004,NV_IND_TECH,Ukraine,ISIC4_C,33.48
2005,NV_IND_TECH,Ukraine,ISIC4_C,33.12
2006,NV_IND_TECH,Ukraine,ISIC4_C,33.15
2007,NV_IND_TECH,Ukraine,ISIC4_C,33.15
2008,NV_IND_TECH,Ukraine,ISIC4_C,32.92
2009,NV_IND_TECH,Ukraine,ISIC4_C,32.91
2010,NV_IND_TECH,Ukraine,ISIC4_C,32.74
2011,NV_IND_TECH,Ukraine,ISIC4_C,32.79
2012,NV_IND_TECH,Ukraine,ISIC4_C,32.92
2013,NV_IND_TECH,Ukraine,ISIC4_C,39.39
2014,NV_IND_TECH,Ukraine,ISIC4_C,29.58
2015,NV_IND_TECH,Ukraine,ISIC4_C,30.03
2016,NV_IND_TECH,Ukraine,ISIC4_C,28.44
2017,NV_IND_TECH,Ukraine,ISIC4_C,26.01
2018,NV_IND_TECH,Ukraine,ISIC4_C,27.37
2019,NV_IND_TECH,Ukraine,ISIC4_C,31.8
2020,NV_IND_TECH,Ukraine,ISIC4_C,32.68
2000,NV_IND_TECH,North Macedonia,ISIC4_C,14.55
2001,NV_IND_TECH,North Macedonia,ISIC4_C,15.31
2002,NV_IND_TECH,North Macedonia,ISIC4_C,7.95
2003,NV_IND_TECH,North Macedonia,ISIC4_C,13.78
2004,NV_IND_TECH,North Macedonia,ISIC4_C,14.69
2005,NV_IND_TECH,North Macedonia,ISIC4_C,14.08
2006,NV_IND_TECH,North Macedonia,ISIC4_C,14.09
2007,NV_IND_TECH,North Macedonia,ISIC4_C,12.67
2008,NV_IND_TECH,North Macedonia,ISIC4_C,13.69
2009,NV_IND_TECH,North Macedonia,ISIC4_C,14.6
2010,NV_IND_TECH,North Macedonia,ISIC4_C,19.5
2011,NV_IND_TECH,North Macedonia,ISIC4_C,15.48
2012,NV_IND_TECH,North Macedonia,ISIC4_C,23.52
2013,NV_IND_TECH,North Macedonia,ISIC4_C,15.35
2014,NV_IND_TECH,North Macedonia,ISIC4_C,23.03
2015,NV_IND_TECH,North Macedonia,ISIC4_C,29.61
2016,NV_IND_TECH,North Macedonia,ISIC4_C,31.64
2017,NV_IND_TECH,North Macedonia,ISIC4_C,31.98
2018,NV_IND_TECH,North Macedonia,ISIC4_C,33.73
2019,NV_IND_TECH,North Macedonia,ISIC4_C,33.73
2020,NV_IND_TECH,North Macedonia,ISIC4_C,33.73
2000,NV_IND_TECH,United Kingdom of Great Britain and Northern Ireland,ISIC4_C,41.91
2001,NV_IND_TECH,United Kingdom of Great Britain and Northern Ireland,ISIC4_C,40.64
2002,NV_IND_TECH,United Kingdom of Great Britain and Northern Ireland,ISIC4_C,41.33
2003,NV_IND_TECH,United Kingdom of Great Britain and Northern Ireland,ISIC4_C,40.55
2004,NV_IND_TECH,United Kingdom of Great Britain and Northern Ireland,ISIC4_C,40.52
2005,NV_IND_TECH,United Kingdom of Great Britain and Northern Ireland,ISIC4_C,41.0
2006,NV_IND_TECH,United Kingdom of Great Britain and Northern Ireland,ISIC4_C,42.33
2007,NV_IND_TECH,United Kingdom of Great Britain and Northern Ireland,ISIC4_C,41.2
2008,NV_IND_TECH,United Kingdom of Great Britain and Northern Ireland,ISIC4_C,43.07
2009,NV_IND_TECH,United Kingdom of Great Britain and Northern Ireland,ISIC4_C,42.69
2010,NV_IND_TECH,United Kingdom of Great Britain and Northern Ireland,ISIC4_C,45.19
2011,NV_IND_TECH,United Kingdom of Great Britain and Northern Ireland,ISIC4_C,45.0
2012,NV_IND_TECH,United Kingdom of Great Britain and Northern Ireland,ISIC4_C,43.47
2013,NV_IND_TECH,United Kingdom of Great Britain and Northern Ireland,ISIC4_C,44.74
2014,NV_IND_TECH,United Kingdom of Great Britain and Northern Ireland,ISIC4_C,44.56
2015,NV_IND_TECH,United Kingdom of Great Britain and Northern Ireland,ISIC4_C,42.54
2016,NV_IND_TECH,United Kingdom of Great Britain and Northern Ireland,ISIC4_C,42.19
2017,NV_IND_TECH,United Kingdom of Great Britain and Northern Ireland,ISIC4_C,42.93
2018,NV_IND_TECH,United Kingdom of Great Britain and Northern Ireland,ISIC4_C,43.42
2019,NV_IND_TECH,United Kingdom of Great Britain and Northern Ireland,ISIC4_C,48.17
2020,NV_IND_TECH,United Kingdom of Great Britain and Northern Ireland,ISIC4_C,48.17
2000,NV_IND_TECH,Uzbekistan,ISIC4_C,19.73
2001,NV_IND_TECH,Uzbekistan,ISIC4_C,19.73
2002,NV_IND_TECH,Uzbekistan,ISIC4_C,19.73
2003,NV_IND_TECH,Uzbekistan,ISIC4_C,19.73
2004,NV_IND_TECH,Uzbekistan,ISIC4_C,19.73
2005,NV_IND_TECH,Uzbekistan,ISIC4_C,19.73
2006,NV_IND_TECH,Uzbekistan,ISIC4_C,19.73
2007,NV_IND_TECH,Uzbekistan,ISIC4_C,19.73
2008,NV_IND_TECH,Uzbekistan,ISIC4_C,19.73
2009,NV_IND_TECH,Uzbekistan,ISIC4_C,19.73
2010,NV_IND_TECH,Uzbekistan,ISIC4_C,19.73
2011,NV_IND_TECH,Uzbekistan,ISIC4_C,19.73
2012,NV_IND_TECH,Uzbekistan,ISIC4_C,19.73
2013,NV_IND_TECH,Uzbekistan,ISIC4_C,19.73
2014,NV_IND_TECH,Uzbekistan,ISIC4_C,19.34
2015,NV_IND_TECH,Uzbekistan,ISIC4_C,17.57
2016,NV_IND_TECH,Uzbekistan,ISIC4_C,16.16
2017,NV_IND_TECH,Uzbekistan,ISIC4_C,19.64
2018,NV_IND_TECH,Uzbekistan,ISIC4_C,23.08
2019,NV_IND_TECH,Uzbekistan,ISIC4_C,20.45
2020,NV_IND_TECH,Uzbekistan,ISIC4_C,20.6
2020,NV_IND_TECH,Uzbekistan,ISIC4_C,20.6
