Year,SeriesCode,Country,Value
2000,IT_MOB_2GNTWK,Azerbaijan,93.5
2001,IT_MOB_2GNTWK,Azerbaijan,94.0
2002,IT_MOB_2GNTWK,Azerbaijan,95.0
2003,IT_MOB_2GNTWK,Azerbaijan,95.0
2004,IT_MOB_2GNTWK,Azerbaijan,97.0
2005,IT_MOB_2GNTWK,Azerbaijan,99.0
2006,IT_MOB_2GNTWK,Azerbaijan,95.0
2007,IT_MOB_2GNTWK,Azerbaijan,99.0
2008,IT_MOB_2GNTWK,Azerbaijan,99.0
2009,IT_MOB_2GNTWK,Azerbaijan,99.6
2010,IT_MOB_2GNTWK,Azerbaijan,100.0
2011,IT_MOB_2GNTWK,Azerbaijan,100.0
2012,IT_MOB_2GNTWK,Azerbaijan,100.0
2013,IT_MOB_2GNTWK,Azerbaijan,100.0
2014,IT_MOB_2GNTWK,Azerbaijan,100.0
2015,IT_MOB_2GNTWK,Azerbaijan,100.0
2016,IT_MOB_2GNTWK,Azerbaijan,100.0
2017,IT_MOB_2GNTWK,Azerbaijan,100.0
2018,IT_MOB_2GNTWK,Azerbaijan,100.0
2019,IT_MOB_2GNTWK,Azerbaijan,100.0
2020,IT_MOB_2GNTWK,Azerbaijan,100.0
2021,IT_MOB_2GNTWK,Azerbaijan,100.0
2000,IT_MOB_2GNTWK,Australia,95.6
2001,IT_MOB_2GNTWK,Australia,96.0
2002,IT_MOB_2GNTWK,Australia,96.0
2003,IT_MOB_2GNTWK,Australia,96.0
2004,IT_MOB_2GNTWK,Australia,96.0
2005,IT_MOB_2GNTWK,Australia,98.0
2006,IT_MOB_2GNTWK,Australia,98.1
2007,IT_MOB_2GNTWK,Australia,98.8
2008,IT_MOB_2GNTWK,Australia,98.8
2009,IT_MOB_2GNTWK,Australia,99.0
2010,IT_MOB_2GNTWK,Australia,99.0
2011,IT_MOB_2GNTWK,Australia,99.0
2012,IT_MOB_2GNTWK,Australia,99.0
2013,IT_MOB_2GNTWK,Australia,99.0
2014,IT_MOB_2GNTWK,Australia,99.0
2015,IT_MOB_2GNTWK,Australia,99.0
2016,IT_MOB_2GNTWK,Australia,99.3
2017,IT_MOB_2GNTWK,Australia,99.4
2018,IT_MOB_2GNTWK,Australia,99.4
2019,IT_MOB_2GNTWK,Australia,99.5
2020,IT_MOB_2GNTWK,Australia,99.5
2021,IT_MOB_2GNTWK,Australia,99.5
2000,IT_MOB_2GNTWK,Austria,98.0
2001,IT_MOB_2GNTWK,Austria,98.0
2002,IT_MOB_2GNTWK,Austria,98.0
2003,IT_MOB_2GNTWK,Austria,98.0
2004,IT_MOB_2GNTWK,Austria,98.5
2005,IT_MOB_2GNTWK,Austria,98.5
2006,IT_MOB_2GNTWK,Austria,98.5
2007,IT_MOB_2GNTWK,Austria,98.5
2008,IT_MOB_2GNTWK,Austria,99.0
2009,IT_MOB_2GNTWK,Austria,99.0
2000,IT_MOB_2GNTWK,Slovakia,98.0
2001,IT_MOB_2GNTWK,Slovakia,98.0
2002,IT_MOB_2GNTWK,Slovakia,98.0
2003,IT_MOB_2GNTWK,Slovakia,99.0
2004,IT_MOB_2GNTWK,Slovakia,99.0
2005,IT_MOB_2GNTWK,Slovakia,99.5
2006,IT_MOB_2GNTWK,Slovakia,99.7
2007,IT_MOB_2GNTWK,Slovakia,99.8
2008,IT_MOB_2GNTWK,Slovakia,99.82
2009,IT_MOB_2GNTWK,Slovakia,99.84
2010,IT_MOB_2GNTWK,Slovakia,99.85
2010,IT_MOB_2GNTWK,Austria,99.0
2011,IT_MOB_2GNTWK,Austria,99.0
2012,IT_MOB_2GNTWK,Austria,99.0
2013,IT_MOB_2GNTWK,Austria,99.0
2014,IT_MOB_2GNTWK,Austria,99.0
2015,IT_MOB_2GNTWK,Austria,99.0
2016,IT_MOB_2GNTWK,Austria,99.0
2017,IT_MOB_2GNTWK,Austria,99.0
2018,IT_MOB_2GNTWK,Austria,99.0
2019,IT_MOB_2GNTWK,Austria,99.0
2020,IT_MOB_2GNTWK,Austria,99.0
2021,IT_MOB_2GNTWK,Austria,99.0
2001,IT_MOB_2GNTWK,Armenia,38.0
2014,IT_MOB_4GNTWK,Albania,0.0
2015,IT_MOB_4GNTWK,Albania,35.0
2016,IT_MOB_4GNTWK,Albania,80.2
2017,IT_MOB_4GNTWK,Albania,85.3
2018,IT_MOB_4GNTWK,Albania,85.5
2019,IT_MOB_4GNTWK,Albania,95.0
2020,IT_MOB_4GNTWK,Albania,98.38
2021,IT_MOB_4GNTWK,Albania,98.9
2012,IT_MOB_4GNTWK,Azerbaijan,6.68
2013,IT_MOB_4GNTWK,Azerbaijan,14.31
2014,IT_MOB_4GNTWK,Azerbaijan,49.0
2015,IT_MOB_4GNTWK,Azerbaijan,39.0
2016,IT_MOB_4GNTWK,Azerbaijan,41.0
2001,IT_MOB_2GNTWK,Albania,84.0
2002,IT_MOB_2GNTWK,Albania,90.0
2003,IT_MOB_2GNTWK,Albania,90.4
2004,IT_MOB_2GNTWK,Albania,89.0
2005,IT_MOB_2GNTWK,Albania,91.0
2006,IT_MOB_2GNTWK,Albania,96.5
2007,IT_MOB_2GNTWK,Albania,96.5
2008,IT_MOB_2GNTWK,Albania,99.3
2010,IT_MOB_2GNTWK,Albania,98.2
2011,IT_MOB_2GNTWK,Albania,99.0
2012,IT_MOB_2GNTWK,Albania,99.0
2013,IT_MOB_2GNTWK,Albania,100.0
2011,IT_MOB_2GNTWK,Slovakia,100.0
2012,IT_MOB_2GNTWK,Slovakia,100.0
2013,IT_MOB_2GNTWK,Slovakia,100.0
2014,IT_MOB_2GNTWK,Slovakia,100.0
2015,IT_MOB_2GNTWK,Slovakia,100.0
2016,IT_MOB_2GNTWK,Slovakia,100.0
2017,IT_MOB_2GNTWK,Slovakia,100.0
2018,IT_MOB_2GNTWK,Slovakia,100.0
2019,IT_MOB_2GNTWK,Slovakia,100.0
2020,IT_MOB_2GNTWK,Slovakia,100.0
2021,IT_MOB_2GNTWK,Slovakia,100.0
2006,IT_MOB_2GNTWK,Viet Nam,70.0
2003,IT_MOB_2GNTWK,Armenia,83.4
2004,IT_MOB_2GNTWK,Armenia,84.0
2005,IT_MOB_2GNTWK,Armenia,85.17
2006,IT_MOB_2GNTWK,Armenia,87.8
2009,IT_MOB_2GNTWK,Armenia,95.0
2010,IT_MOB_2GNTWK,Armenia,98.9
2011,IT_MOB_2GNTWK,Armenia,98.0
2012,IT_MOB_2GNTWK,Armenia,99.8
2013,IT_MOB_2GNTWK,Armenia,100.0
2014,IT_MOB_2GNTWK,Armenia,100.0
2015,IT_MOB_2GNTWK,Armenia,100.0
2016,IT_MOB_2GNTWK,Armenia,100.0
2017,IT_MOB_2GNTWK,Armenia,100.0
2017,IT_MOB_4GNTWK,Azerbaijan,42.0
2018,IT_MOB_4GNTWK,Azerbaijan,49.0
2019,IT_MOB_4GNTWK,Azerbaijan,93.0
2020,IT_MOB_4GNTWK,Azerbaijan,93.0
2021,IT_MOB_4GNTWK,Azerbaijan,94.0
2012,IT_MOB_4GNTWK,Australia,52.21
2013,IT_MOB_4GNTWK,Australia,85.0
2014,IT_MOB_4GNTWK,Australia,95.0
2015,IT_MOB_4GNTWK,Australia,94.0
2016,IT_MOB_4GNTWK,Australia,98.0
2017,IT_MOB_4GNTWK,Australia,99.0
2018,IT_MOB_2GNTWK,Armenia,100.0
2019,IT_MOB_2GNTWK,Armenia,100.0
2020,IT_MOB_2GNTWK,Armenia,100.0
2021,IT_MOB_2GNTWK,Armenia,100.0
2000,IT_MOB_2GNTWK,Belgium,99.0
2001,IT_MOB_2GNTWK,Belgium,99.0
2002,IT_MOB_2GNTWK,Belgium,99.0
2003,IT_MOB_2GNTWK,Belgium,99.0
2004,IT_MOB_2GNTWK,Belgium,99.0
2005,IT_MOB_2GNTWK,Belgium,99.0
2006,IT_MOB_2GNTWK,Belgium,99.9
2015,IT_MOB_2GNTWK,Viet Nam,94.0
2016,IT_MOB_2GNTWK,Viet Nam,94.0
2017,IT_MOB_2GNTWK,Viet Nam,99.5
2018,IT_MOB_2GNTWK,Viet Nam,99.6
2019,IT_MOB_2GNTWK,Viet Nam,99.8
2020,IT_MOB_2GNTWK,Viet Nam,99.8
2021,IT_MOB_2GNTWK,Viet Nam,99.8
2000,IT_MOB_2GNTWK,Slovenia,97.8
2001,IT_MOB_2GNTWK,Slovenia,98.4
2002,IT_MOB_2GNTWK,Slovenia,99.0
2003,IT_MOB_2GNTWK,Slovenia,99.0
2004,IT_MOB_2GNTWK,Slovenia,99.0
2007,IT_MOB_2GNTWK,Belgium,99.9
2008,IT_MOB_2GNTWK,Belgium,99.9
2009,IT_MOB_2GNTWK,Belgium,99.9
2010,IT_MOB_2GNTWK,Belgium,99.9
2011,IT_MOB_2GNTWK,Belgium,99.9
2012,IT_MOB_2GNTWK,Belgium,99.9
2013,IT_MOB_2GNTWK,Belgium,99.9
2014,IT_MOB_2GNTWK,Belgium,99.9
2015,IT_MOB_2GNTWK,Belgium,100.0
2016,IT_MOB_2GNTWK,Belgium,100.0
2017,IT_MOB_2GNTWK,Belgium,100.0
2018,IT_MOB_2GNTWK,Belgium,100.0
2019,IT_MOB_2GNTWK,Belgium,100.0
2018,IT_MOB_4GNTWK,Australia,99.2
2019,IT_MOB_4GNTWK,Australia,99.4
2020,IT_MOB_4GNTWK,Australia,99.5
2021,IT_MOB_4GNTWK,Australia,99.5
2012,IT_MOB_4GNTWK,Austria,31.57
2013,IT_MOB_4GNTWK,Austria,58.41
2014,IT_MOB_4GNTWK,Austria,85.0
2015,IT_MOB_4GNTWK,Austria,98.0
2016,IT_MOB_4GNTWK,Austria,98.0
2017,IT_MOB_4GNTWK,Austria,98.0
2018,IT_MOB_4GNTWK,Austria,98.0
2019,IT_MOB_4GNTWK,Austria,98.0
2020,IT_MOB_4GNTWK,Austria,98.0
2021,IT_MOB_4GNTWK,Austria,98.0
2012,IT_MOB_4GNTWK,Armenia,17.54
2013,IT_MOB_4GNTWK,Armenia,44.0
2014,IT_MOB_4GNTWK,Armenia,46.0
2015,IT_MOB_4GNTWK,Armenia,46.5
2016,IT_MOB_4GNTWK,Armenia,52.48
2017,IT_MOB_4GNTWK,Armenia,90.05
2018,IT_MOB_4GNTWK,Armenia,99.1
2020,IT_MOB_2GNTWK,Belgium,100.0
2021,IT_MOB_2GNTWK,Belgium,100.0
2000,IT_MOB_2GNTWK,Bosnia and Herzegovina,60.0
2001,IT_MOB_2GNTWK,Bosnia and Herzegovina,80.0
2002,IT_MOB_2GNTWK,Bosnia and Herzegovina,90.0
2003,IT_MOB_2GNTWK,Bosnia and Herzegovina,93.0
2004,IT_MOB_2GNTWK,Bosnia and Herzegovina,95.0
2005,IT_MOB_2GNTWK,Bosnia and Herzegovina,97.0
2006,IT_MOB_2GNTWK,Bosnia and Herzegovina,99.0
2007,IT_MOB_2GNTWK,Bosnia and Herzegovina,99.0
2008,IT_MOB_2GNTWK,Bosnia and Herzegovina,99.3
2019,IT_MOB_4GNTWK,Armenia,99.3
2020,IT_MOB_4GNTWK,Armenia,100.0
2021,IT_MOB_4GNTWK,Armenia,100.0
2012,IT_MOB_4GNTWK,Belgium,12.23
2013,IT_MOB_4GNTWK,Belgium,51.7
2014,IT_MOB_4GNTWK,Belgium,88.0
2015,IT_MOB_4GNTWK,Belgium,99.89
2016,IT_MOB_4GNTWK,Belgium,100.0
2017,IT_MOB_4GNTWK,Belgium,100.0
2018,IT_MOB_4GNTWK,Belgium,100.0
2019,IT_MOB_4GNTWK,Belgium,100.0
2020,IT_MOB_4GNTWK,Belgium,100.0
2021,IT_MOB_4GNTWK,Belgium,100.0
2005,IT_MOB_2GNTWK,Slovenia,99.4
2006,IT_MOB_2GNTWK,Slovenia,99.6
2007,IT_MOB_2GNTWK,Slovenia,99.6
2008,IT_MOB_2GNTWK,Slovenia,99.6
2009,IT_MOB_2GNTWK,Slovenia,99.7
2010,IT_MOB_2GNTWK,Slovenia,99.7
2011,IT_MOB_2GNTWK,Slovenia,99.7
2012,IT_MOB_2GNTWK,Slovenia,99.7
2013,IT_MOB_2GNTWK,Slovenia,99.7
2014,IT_MOB_2GNTWK,Slovenia,99.7
2015,IT_MOB_2GNTWK,Slovenia,99.7
2016,IT_MOB_2GNTWK,Slovenia,99.7
2009,IT_MOB_2GNTWK,Bosnia and Herzegovina,99.5
2010,IT_MOB_2GNTWK,Bosnia and Herzegovina,99.7
2011,IT_MOB_2GNTWK,Bosnia and Herzegovina,99.7
2012,IT_MOB_2GNTWK,Bosnia and Herzegovina,99.8
2013,IT_MOB_2GNTWK,Bosnia and Herzegovina,99.8
2014,IT_MOB_2GNTWK,Bosnia and Herzegovina,99.8
2015,IT_MOB_2GNTWK,Bosnia and Herzegovina,100.0
2016,IT_MOB_2GNTWK,Bosnia and Herzegovina,100.0
2017,IT_MOB_2GNTWK,Bosnia and Herzegovina,100.0
2018,IT_MOB_2GNTWK,Bosnia and Herzegovina,100.0
2019,IT_MOB_2GNTWK,Bosnia and Herzegovina,100.0
2020,IT_MOB_2GNTWK,Bosnia and Herzegovina,100.0
2021,IT_MOB_2GNTWK,Bosnia and Herzegovina,100.0
2000,IT_MOB_2GNTWK,Bulgaria,95.0
2001,IT_MOB_2GNTWK,Bulgaria,95.0
2002,IT_MOB_2GNTWK,Bulgaria,95.73
2003,IT_MOB_2GNTWK,Bulgaria,99.36
2005,IT_MOB_2GNTWK,Bulgaria,99.7
2006,IT_MOB_2GNTWK,Bulgaria,99.82
2007,IT_MOB_2GNTWK,Bulgaria,99.95
2008,IT_MOB_2GNTWK,Bulgaria,99.96
2009,IT_MOB_2GNTWK,Bulgaria,99.97
2010,IT_MOB_2GNTWK,Bulgaria,99.99
2011,IT_MOB_2GNTWK,Bulgaria,99.99
2017,IT_MOB_2GNTWK,Slovenia,99.8
2018,IT_MOB_2GNTWK,Slovenia,99.8
2019,IT_MOB_2GNTWK,Slovenia,99.84
2020,IT_MOB_2GNTWK,Slovenia,99.92
2021,IT_MOB_2GNTWK,Slovenia,99.99
2000,IT_MOB_2GNTWK,Spain,99.0
2001,IT_MOB_2GNTWK,Spain,99.0
2002,IT_MOB_2GNTWK,Spain,99.0
2003,IT_MOB_2GNTWK,Spain,99.0
2004,IT_MOB_2GNTWK,Spain,99.0
2005,IT_MOB_2GNTWK,Spain,99.0
2006,IT_MOB_2GNTWK,Spain,99.0
2012,IT_MOB_2GNTWK,Bulgaria,99.99
2013,IT_MOB_2GNTWK,Bulgaria,99.99
2014,IT_MOB_2GNTWK,Bulgaria,99.99
2015,IT_MOB_2GNTWK,Bulgaria,99.99
2016,IT_MOB_2GNTWK,Bulgaria,99.99
2017,IT_MOB_2GNTWK,Bulgaria,99.99
2018,IT_MOB_2GNTWK,Bulgaria,99.99
2019,IT_MOB_2GNTWK,Bulgaria,99.99
2020,IT_MOB_2GNTWK,Bulgaria,99.99
2021,IT_MOB_2GNTWK,Bulgaria,99.99
2002,IT_MOB_2GNTWK,Belarus,87.0
2007,IT_MOB_2GNTWK,Spain,99.0
2008,IT_MOB_2GNTWK,Spain,99.0
2009,IT_MOB_2GNTWK,Spain,99.8
2010,IT_MOB_2GNTWK,Spain,99.8
2011,IT_MOB_2GNTWK,Spain,99.8
2012,IT_MOB_2GNTWK,Spain,99.8
2013,IT_MOB_2GNTWK,Spain,99.8
2014,IT_MOB_2GNTWK,Spain,99.8
2015,IT_MOB_2GNTWK,Spain,99.8
2016,IT_MOB_2GNTWK,Spain,99.8
2017,IT_MOB_2GNTWK,Spain,99.8
2018,IT_MOB_2GNTWK,Spain,99.8
2019,IT_MOB_2GNTWK,Spain,99.8
2014,IT_MOB_4GNTWK,Bosnia and Herzegovina,0.0
2015,IT_MOB_4GNTWK,Bosnia and Herzegovina,0.0
2016,IT_MOB_4GNTWK,Bosnia and Herzegovina,0.0
2017,IT_MOB_4GNTWK,Bosnia and Herzegovina,0.0
2018,IT_MOB_4GNTWK,Bosnia and Herzegovina,0.0
2019,IT_MOB_4GNTWK,Bosnia and Herzegovina,82.0
2020,IT_MOB_4GNTWK,Bosnia and Herzegovina,82.0
2021,IT_MOB_4GNTWK,Bosnia and Herzegovina,93.0
2012,IT_MOB_4GNTWK,Bulgaria,0.0
2013,IT_MOB_4GNTWK,Bulgaria,0.0
2014,IT_MOB_4GNTWK,Bulgaria,34.5
2015,IT_MOB_4GNTWK,Bulgaria,56.73
2020,IT_MOB_2GNTWK,Spain,99.8
2021,IT_MOB_2GNTWK,Spain,99.8
2001,IT_MOB_2GNTWK,Sweden,99.0
2002,IT_MOB_2GNTWK,Sweden,99.0
2003,IT_MOB_2GNTWK,Sweden,99.0
2004,IT_MOB_2GNTWK,Sweden,99.0
2005,IT_MOB_2GNTWK,Sweden,99.0
2006,IT_MOB_2GNTWK,Sweden,98.0
2007,IT_MOB_2GNTWK,Sweden,99.0
2008,IT_MOB_2GNTWK,Sweden,99.0
2009,IT_MOB_2GNTWK,Sweden,99.0
2010,IT_MOB_2GNTWK,Sweden,99.99
2016,IT_MOB_4GNTWK,Bulgaria,86.75
2017,IT_MOB_4GNTWK,Bulgaria,99.34
2018,IT_MOB_4GNTWK,Bulgaria,99.71
2019,IT_MOB_4GNTWK,Bulgaria,99.94
2020,IT_MOB_4GNTWK,Bulgaria,99.85
2021,IT_MOB_4GNTWK,Bulgaria,99.85
2014,IT_MOB_4GNTWK,Belarus,6.0
2015,IT_MOB_4GNTWK,Belarus,20.4
2016,IT_MOB_4GNTWK,Belarus,41.5
2017,IT_MOB_4GNTWK,Belarus,68.5
2018,IT_MOB_4GNTWK,Belarus,75.7
2019,IT_MOB_4GNTWK,Belarus,75.7
2011,IT_MOB_2GNTWK,Sweden,99.99
2012,IT_MOB_2GNTWK,Sweden,99.99
2014,IT_MOB_2GNTWK,Sweden,99.99
2015,IT_MOB_2GNTWK,Sweden,99.99
2016,IT_MOB_2GNTWK,Sweden,100.0
2017,IT_MOB_2GNTWK,Sweden,100.0
2018,IT_MOB_2GNTWK,Sweden,100.0
2019,IT_MOB_2GNTWK,Sweden,100.0
2020,IT_MOB_2GNTWK,Sweden,100.0
2021,IT_MOB_2GNTWK,Sweden,100.0
2000,IT_MOB_2GNTWK,Switzerland,98.0
2001,IT_MOB_2GNTWK,Switzerland,99.0
2002,IT_MOB_2GNTWK,Switzerland,99.0
2003,IT_MOB_2GNTWK,Switzerland,100.0
2004,IT_MOB_2GNTWK,Switzerland,100.0
2005,IT_MOB_2GNTWK,Switzerland,100.0
2006,IT_MOB_2GNTWK,Switzerland,100.0
2007,IT_MOB_2GNTWK,Switzerland,100.0
2008,IT_MOB_2GNTWK,Switzerland,100.0
2009,IT_MOB_2GNTWK,Switzerland,100.0
2010,IT_MOB_2GNTWK,Switzerland,100.0
2011,IT_MOB_2GNTWK,Switzerland,100.0
2012,IT_MOB_2GNTWK,Switzerland,100.0
2013,IT_MOB_2GNTWK,Switzerland,100.0
2014,IT_MOB_2GNTWK,Switzerland,100.0
2015,IT_MOB_2GNTWK,Switzerland,100.0
2016,IT_MOB_2GNTWK,Switzerland,100.0
2017,IT_MOB_2GNTWK,Switzerland,100.0
2020,IT_MOB_4GNTWK,Belarus,89.5
2021,IT_MOB_4GNTWK,Belarus,97.4
2012,IT_MOB_4GNTWK,Canada,67.0
2013,IT_MOB_4GNTWK,Canada,81.0
2014,IT_MOB_4GNTWK,Canada,93.0
2015,IT_MOB_4GNTWK,Canada,97.4
2016,IT_MOB_4GNTWK,Canada,98.5
2017,IT_MOB_4GNTWK,Canada,99.0
2018,IT_MOB_4GNTWK,Canada,99.3
2019,IT_MOB_4GNTWK,Canada,99.5
2020,IT_MOB_4GNTWK,Canada,99.5
2021,IT_MOB_4GNTWK,Canada,99.4
2013,IT_MOB_4GNTWK,Chile,34.52
2014,IT_MOB_4GNTWK,Chile,50.0
2015,IT_MOB_4GNTWK,Chile,76.0
2016,IT_MOB_4GNTWK,Chile,79.0
2017,IT_MOB_4GNTWK,Chile,88.0
2019,IT_MOB_4GNTWK,Chile,88.0
2020,IT_MOB_4GNTWK,Chile,88.0
2021,IT_MOB_4GNTWK,Chile,88.0
2013,IT_MOB_4GNTWK,China,10.0
2014,IT_MOB_4GNTWK,China,43.59
2015,IT_MOB_4GNTWK,China,85.0
2016,IT_MOB_4GNTWK,China,97.0
2017,IT_MOB_4GNTWK,China,98.0
2018,IT_MOB_4GNTWK,China,99.4
2018,IT_MOB_2GNTWK,Switzerland,100.0
2019,IT_MOB_2GNTWK,Switzerland,100.0
2020,IT_MOB_2GNTWK,Switzerland,100.0
2021,IT_MOB_2GNTWK,Switzerland,100.0
2001,IT_MOB_2GNTWK,Tajikistan,0.0
2015,IT_MOB_2GNTWK,Tajikistan,60.0
2016,IT_MOB_2GNTWK,Tajikistan,90.0
2017,IT_MOB_2GNTWK,Tajikistan,90.0
2019,IT_MOB_2GNTWK,Tajikistan,90.0
2020,IT_MOB_2GNTWK,Tajikistan,90.0
2021,IT_MOB_2GNTWK,Tajikistan,90.0
2000,IT_MOB_2GNTWK,United Arab Emirates,100.0
2001,IT_MOB_2GNTWK,United Arab Emirates,100.0
2019,IT_MOB_4GNTWK,China,99.9
2020,IT_MOB_4GNTWK,China,99.9
2021,IT_MOB_4GNTWK,China,99.9
2013,IT_MOB_4GNTWK,Colombia,10.0
2014,IT_MOB_4GNTWK,Colombia,56.0
2015,IT_MOB_4GNTWK,Colombia,81.0
2016,IT_MOB_4GNTWK,Colombia,92.0
2017,IT_MOB_4GNTWK,Colombia,96.0
2018,IT_MOB_4GNTWK,Colombia,98.0
2019,IT_MOB_4GNTWK,Colombia,98.0
2020,IT_MOB_4GNTWK,Colombia,98.0
2002,IT_MOB_2GNTWK,United Arab Emirates,100.0
2003,IT_MOB_2GNTWK,United Arab Emirates,100.0
2004,IT_MOB_2GNTWK,United Arab Emirates,100.0
2005,IT_MOB_2GNTWK,United Arab Emirates,100.0
2006,IT_MOB_2GNTWK,United Arab Emirates,100.0
2007,IT_MOB_2GNTWK,United Arab Emirates,100.0
2008,IT_MOB_2GNTWK,United Arab Emirates,100.0
2009,IT_MOB_2GNTWK,United Arab Emirates,100.0
2010,IT_MOB_2GNTWK,United Arab Emirates,100.0
2011,IT_MOB_2GNTWK,United Arab Emirates,100.0
2012,IT_MOB_2GNTWK,United Arab Emirates,100.0
2021,IT_MOB_4GNTWK,Colombia,99.5
2013,IT_MOB_4GNTWK,Costa Rica,10.0
2014,IT_MOB_4GNTWK,Costa Rica,21.0
2015,IT_MOB_4GNTWK,Costa Rica,68.9
2016,IT_MOB_4GNTWK,Costa Rica,71.0
2017,IT_MOB_4GNTWK,Costa Rica,82.2
2018,IT_MOB_4GNTWK,Costa Rica,86.54
2019,IT_MOB_4GNTWK,Costa Rica,93.8
2020,IT_MOB_4GNTWK,Costa Rica,93.0
2021,IT_MOB_4GNTWK,Costa Rica,93.0
2012,IT_MOB_4GNTWK,Croatia,13.9
2013,IT_MOB_4GNTWK,Croatia,23.0
2014,IT_MOB_4GNTWK,Croatia,45.0
2015,IT_MOB_4GNTWK,Croatia,98.0
2016,IT_MOB_4GNTWK,Croatia,96.85
2017,IT_MOB_4GNTWK,Croatia,98.31
2018,IT_MOB_4GNTWK,Croatia,98.5
2019,IT_MOB_4GNTWK,Croatia,99.44
2020,IT_MOB_4GNTWK,Croatia,99.53
2021,IT_MOB_4GNTWK,Croatia,99.45
2014,IT_MOB_4GNTWK,Cyprus,0.0
2015,IT_MOB_4GNTWK,Cyprus,60.0
2016,IT_MOB_4GNTWK,Cyprus,73.0
2017,IT_MOB_4GNTWK,Cyprus,96.0
2013,IT_MOB_2GNTWK,United Arab Emirates,100.0
2014,IT_MOB_2GNTWK,United Arab Emirates,100.0
2015,IT_MOB_2GNTWK,United Arab Emirates,100.0
2016,IT_MOB_2GNTWK,United Arab Emirates,100.0
2017,IT_MOB_2GNTWK,United Arab Emirates,100.0
2018,IT_MOB_2GNTWK,United Arab Emirates,100.0
2019,IT_MOB_2GNTWK,United Arab Emirates,100.0
2020,IT_MOB_2GNTWK,United Arab Emirates,100.0
2021,IT_MOB_2GNTWK,United Arab Emirates,100.0
2000,IT_MOB_2GNTWK,Türkiye,50.2
2001,IT_MOB_2GNTWK,Türkiye,87.5
2002,IT_MOB_2GNTWK,Türkiye,88.2
2003,IT_MOB_2GNTWK,Türkiye,94.96
2018,IT_MOB_4GNTWK,Cyprus,97.53
2019,IT_MOB_4GNTWK,Cyprus,99.6
2020,IT_MOB_4GNTWK,Cyprus,99.93
2021,IT_MOB_4GNTWK,Cyprus,99.91
2012,IT_MOB_4GNTWK,Czechia,0.0
2013,IT_MOB_4GNTWK,Czechia,0.0
2014,IT_MOB_4GNTWK,Czechia,92.1
2015,IT_MOB_4GNTWK,Czechia,98.7
2016,IT_MOB_4GNTWK,Czechia,99.7
2017,IT_MOB_4GNTWK,Czechia,99.8
2018,IT_MOB_4GNTWK,Czechia,99.8
2019,IT_MOB_4GNTWK,Czechia,99.8
2003,IT_MOB_2GNTWK,Belarus,87.0
2004,IT_MOB_2GNTWK,Belarus,88.0
2005,IT_MOB_2GNTWK,Belarus,90.0
2006,IT_MOB_2GNTWK,Belarus,92.5
2007,IT_MOB_2GNTWK,Belarus,96.6
2008,IT_MOB_2GNTWK,Belarus,98.6
2009,IT_MOB_2GNTWK,Belarus,99.4
2010,IT_MOB_2GNTWK,Belarus,99.7
2011,IT_MOB_2GNTWK,Belarus,99.7
2012,IT_MOB_2GNTWK,Belarus,99.7
2013,IT_MOB_2GNTWK,Belarus,99.9
2014,IT_MOB_2GNTWK,Belarus,99.8
2004,IT_MOB_2GNTWK,Türkiye,95.0
2005,IT_MOB_2GNTWK,Türkiye,96.3
2006,IT_MOB_2GNTWK,Türkiye,98.76
2007,IT_MOB_2GNTWK,Türkiye,98.01
2008,IT_MOB_2GNTWK,Türkiye,100.0
2009,IT_MOB_2GNTWK,Türkiye,100.0
2010,IT_MOB_2GNTWK,Türkiye,100.0
2013,IT_MOB_2GNTWK,Türkiye,98.0
2014,IT_MOB_2GNTWK,Türkiye,98.0
2015,IT_MOB_2GNTWK,Türkiye,98.51
2016,IT_MOB_2GNTWK,Türkiye,99.67
2017,IT_MOB_2GNTWK,Türkiye,99.84
2018,IT_MOB_2GNTWK,Türkiye,99.69
2019,IT_MOB_2GNTWK,Türkiye,99.7
2020,IT_MOB_2GNTWK,Türkiye,99.7
2021,IT_MOB_2GNTWK,Türkiye,99.75
2001,IT_MOB_2GNTWK,Turkmenistan,12.4
2005,IT_MOB_2GNTWK,Turkmenistan,13.7
2006,IT_MOB_2GNTWK,Turkmenistan,13.7
2015,IT_MOB_2GNTWK,Turkmenistan,60.0
2016,IT_MOB_2GNTWK,Turkmenistan,75.8
2017,IT_MOB_2GNTWK,Turkmenistan,95.76067
2018,IT_MOB_2GNTWK,Turkmenistan,96.5
2019,IT_MOB_2GNTWK,Turkmenistan,97.16
2020,IT_MOB_2GNTWK,Turkmenistan,97.76
2015,IT_MOB_2GNTWK,Belarus,99.9
2016,IT_MOB_2GNTWK,Belarus,99.9
2017,IT_MOB_2GNTWK,Belarus,99.9
2018,IT_MOB_2GNTWK,Belarus,99.9
2019,IT_MOB_2GNTWK,Belarus,99.9
2020,IT_MOB_2GNTWK,Belarus,99.9
2021,IT_MOB_2GNTWK,Belarus,99.9
2000,IT_MOB_2GNTWK,Canada,90.0
2004,IT_MOB_2GNTWK,Canada,94.0
2005,IT_MOB_2GNTWK,Canada,97.0
2006,IT_MOB_2GNTWK,Canada,98.0
2007,IT_MOB_2GNTWK,Canada,98.0
2008,IT_MOB_2GNTWK,Canada,98.0
2021,IT_MOB_2GNTWK,Turkmenistan,97.87
2002,IT_MOB_2GNTWK,Ukraine,75.0
2004,IT_MOB_2GNTWK,Ukraine,92.0
2005,IT_MOB_2GNTWK,Ukraine,96.0
2006,IT_MOB_2GNTWK,Ukraine,96.16
2008,IT_MOB_2GNTWK,Ukraine,99.9
2009,IT_MOB_2GNTWK,Ukraine,99.9
2010,IT_MOB_2GNTWK,Ukraine,99.9
2011,IT_MOB_2GNTWK,Ukraine,99.9
2012,IT_MOB_2GNTWK,Ukraine,99.9
2013,IT_MOB_2GNTWK,Ukraine,99.9
2014,IT_MOB_2GNTWK,Ukraine,99.9
2009,IT_MOB_2GNTWK,Canada,99.0
2010,IT_MOB_2GNTWK,Canada,99.0
2011,IT_MOB_2GNTWK,Canada,99.0
2012,IT_MOB_2GNTWK,Canada,99.0
2013,IT_MOB_2GNTWK,Canada,99.0
2014,IT_MOB_2GNTWK,Canada,99.0
2015,IT_MOB_2GNTWK,Canada,99.3
2016,IT_MOB_2GNTWK,Canada,99.4
2017,IT_MOB_2GNTWK,Canada,99.4
2018,IT_MOB_2GNTWK,Canada,99.5
2019,IT_MOB_2GNTWK,Canada,99.7
2020,IT_MOB_2GNTWK,Canada,99.7
2020,IT_MOB_4GNTWK,Czechia,99.8
2021,IT_MOB_4GNTWK,Czechia,99.8
2012,IT_MOB_4GNTWK,Denmark,83.08
2014,IT_MOB_4GNTWK,Denmark,99.5
2015,IT_MOB_4GNTWK,Denmark,99.99
2016,IT_MOB_4GNTWK,Denmark,100.0
2017,IT_MOB_4GNTWK,Denmark,100.0
2018,IT_MOB_4GNTWK,Denmark,100.0
2019,IT_MOB_4GNTWK,Denmark,100.0
2020,IT_MOB_4GNTWK,Denmark,100.0
2021,IT_MOB_4GNTWK,Denmark,100.0
2012,IT_MOB_4GNTWK,Estonia,70.0
2013,IT_MOB_4GNTWK,Estonia,97.0
2014,IT_MOB_4GNTWK,Estonia,100.0
2015,IT_MOB_4GNTWK,Estonia,100.0
2016,IT_MOB_4GNTWK,Estonia,99.0
2017,IT_MOB_4GNTWK,Estonia,99.0
2018,IT_MOB_4GNTWK,Estonia,99.0
2019,IT_MOB_4GNTWK,Estonia,99.0
2020,IT_MOB_4GNTWK,Estonia,99.0
2021,IT_MOB_4GNTWK,Estonia,99.0
2012,IT_MOB_4GNTWK,Finland,65.11
2013,IT_MOB_4GNTWK,Finland,79.14
2014,IT_MOB_4GNTWK,Finland,95.0
2015,IT_MOB_4GNTWK,Finland,99.9
2016,IT_MOB_4GNTWK,Finland,99.9
2017,IT_MOB_4GNTWK,Finland,99.9
2018,IT_MOB_4GNTWK,Finland,99.9
2019,IT_MOB_4GNTWK,Finland,99.9
2020,IT_MOB_4GNTWK,Finland,99.9
2021,IT_MOB_4GNTWK,Finland,99.9
2012,IT_MOB_4GNTWK,France,20.0
2013,IT_MOB_4GNTWK,France,63.0
2014,IT_MOB_4GNTWK,France,74.0
2015,IT_MOB_4GNTWK,France,80.0
2016,IT_MOB_4GNTWK,France,90.0
2017,IT_MOB_4GNTWK,France,98.0
2018,IT_MOB_4GNTWK,France,99.0
2019,IT_MOB_4GNTWK,France,99.0
2021,IT_MOB_2GNTWK,Canada,99.7
2000,IT_MOB_2GNTWK,Chile,100.0
2001,IT_MOB_2GNTWK,Chile,100.0
2002,IT_MOB_2GNTWK,Chile,100.0
2003,IT_MOB_2GNTWK,Chile,100.0
2004,IT_MOB_2GNTWK,Chile,100.0
2005,IT_MOB_2GNTWK,Chile,100.0
2006,IT_MOB_2GNTWK,Chile,100.0
2007,IT_MOB_2GNTWK,Chile,100.0
2008,IT_MOB_2GNTWK,Chile,100.0
2009,IT_MOB_2GNTWK,Chile,100.0
2010,IT_MOB_2GNTWK,Chile,100.0
2015,IT_MOB_2GNTWK,Ukraine,99.9
2016,IT_MOB_2GNTWK,Ukraine,99.9
2017,IT_MOB_2GNTWK,Ukraine,99.9
2018,IT_MOB_2GNTWK,Ukraine,99.9
2019,IT_MOB_2GNTWK,Ukraine,99.9
2020,IT_MOB_2GNTWK,Ukraine,99.9
2021,IT_MOB_2GNTWK,Ukraine,99.9
2000,IT_MOB_2GNTWK,North Macedonia,90.0
2004,IT_MOB_2GNTWK,North Macedonia,98.0
2005,IT_MOB_2GNTWK,North Macedonia,99.0
2006,IT_MOB_2GNTWK,North Macedonia,99.8
2020,IT_MOB_4GNTWK,France,99.0
2021,IT_MOB_4GNTWK,France,99.0
2013,IT_MOB_4GNTWK,Georgia,8.86
2014,IT_MOB_4GNTWK,Georgia,20.0
2015,IT_MOB_4GNTWK,Georgia,82.0
2016,IT_MOB_4GNTWK,Georgia,91.99
2017,IT_MOB_4GNTWK,Georgia,99.72
2018,IT_MOB_4GNTWK,Georgia,99.72
2019,IT_MOB_4GNTWK,Georgia,99.72
2020,IT_MOB_4GNTWK,Georgia,99.72
2021,IT_MOB_4GNTWK,Georgia,99.72
2012,IT_MOB_4GNTWK,Germany,53.0
2013,IT_MOB_4GNTWK,Germany,67.0
2014,IT_MOB_4GNTWK,Germany,92.1
2007,IT_MOB_2GNTWK,North Macedonia,99.9
2010,IT_MOB_2GNTWK,North Macedonia,99.9
2015,IT_MOB_2GNTWK,North Macedonia,99.7
2016,IT_MOB_2GNTWK,North Macedonia,99.7
2017,IT_MOB_2GNTWK,North Macedonia,99.7
2018,IT_MOB_2GNTWK,North Macedonia,99.88
2019,IT_MOB_2GNTWK,North Macedonia,99.88
2020,IT_MOB_2GNTWK,North Macedonia,99.88
2021,IT_MOB_2GNTWK,North Macedonia,99.88
2000,IT_MOB_2GNTWK,United Kingdom of Great Britain and Northern Ireland,99.0
2001,IT_MOB_2GNTWK,United Kingdom of Great Britain and Northern Ireland,99.0
2002,IT_MOB_2GNTWK,United Kingdom of Great Britain and Northern Ireland,99.0
2015,IT_MOB_4GNTWK,Germany,95.7
2016,IT_MOB_4GNTWK,Germany,96.2
2017,IT_MOB_4GNTWK,Germany,96.2
2018,IT_MOB_4GNTWK,Germany,98.2
2019,IT_MOB_4GNTWK,Germany,99.0
2020,IT_MOB_4GNTWK,Germany,99.64
2021,IT_MOB_4GNTWK,Germany,99.83
2012,IT_MOB_4GNTWK,Greece,35.13
2013,IT_MOB_4GNTWK,Greece,55.0
2014,IT_MOB_4GNTWK,Greece,55.0
2015,IT_MOB_4GNTWK,Greece,83.0
2016,IT_MOB_4GNTWK,Greece,93.0
2003,IT_MOB_2GNTWK,United Kingdom of Great Britain and Northern Ireland,99.0
2004,IT_MOB_2GNTWK,United Kingdom of Great Britain and Northern Ireland,99.0
2005,IT_MOB_2GNTWK,United Kingdom of Great Britain and Northern Ireland,99.0
2006,IT_MOB_2GNTWK,United Kingdom of Great Britain and Northern Ireland,99.8
2007,IT_MOB_2GNTWK,United Kingdom of Great Britain and Northern Ireland,99.8
2008,IT_MOB_2GNTWK,United Kingdom of Great Britain and Northern Ireland,99.8
2009,IT_MOB_2GNTWK,United Kingdom of Great Britain and Northern Ireland,99.8
2010,IT_MOB_2GNTWK,United Kingdom of Great Britain and Northern Ireland,99.8
2011,IT_MOB_2GNTWK,United Kingdom of Great Britain and Northern Ireland,99.7
2012,IT_MOB_2GNTWK,United Kingdom of Great Britain and Northern Ireland,99.6
2017,IT_MOB_4GNTWK,Greece,98.0
2018,IT_MOB_4GNTWK,Greece,98.8
2019,IT_MOB_4GNTWK,Greece,98.8
2020,IT_MOB_4GNTWK,Greece,98.8
2021,IT_MOB_4GNTWK,Greece,98.8
2012,IT_MOB_4GNTWK,Hungary,27.0
2013,IT_MOB_4GNTWK,Hungary,38.0
2014,IT_MOB_4GNTWK,Hungary,78.3
2015,IT_MOB_4GNTWK,Hungary,97.3
2016,IT_MOB_4GNTWK,Hungary,98.0
2017,IT_MOB_4GNTWK,Hungary,99.0
2018,IT_MOB_4GNTWK,Hungary,99.2
2019,IT_MOB_4GNTWK,Hungary,99.2
2020,IT_MOB_4GNTWK,Hungary,99.2
2021,IT_MOB_4GNTWK,Hungary,99.2
2013,IT_MOB_4GNTWK,Iceland,67.7
2014,IT_MOB_4GNTWK,Iceland,89.0
2015,IT_MOB_4GNTWK,Iceland,93.0
2016,IT_MOB_4GNTWK,Iceland,95.5
2017,IT_MOB_4GNTWK,Iceland,98.2
2018,IT_MOB_4GNTWK,Iceland,98.2
2019,IT_MOB_4GNTWK,Iceland,98.9
2020,IT_MOB_4GNTWK,Iceland,99.98
2021,IT_MOB_4GNTWK,Iceland,99.98
2014,IT_MOB_4GNTWK,India,2.0
2015,IT_MOB_4GNTWK,India,4.0
2011,IT_MOB_2GNTWK,Chile,100.0
2012,IT_MOB_2GNTWK,Chile,95.0
2014,IT_MOB_2GNTWK,Chile,96.0
2015,IT_MOB_2GNTWK,Chile,96.0
2016,IT_MOB_2GNTWK,Chile,96.0
2017,IT_MOB_2GNTWK,Chile,96.0
2018,IT_MOB_2GNTWK,Chile,99.0
2019,IT_MOB_2GNTWK,Chile,99.0
2020,IT_MOB_2GNTWK,Chile,99.0
2021,IT_MOB_2GNTWK,Chile,99.0
2000,IT_MOB_2GNTWK,China,50.0
2001,IT_MOB_2GNTWK,China,50.0
2016,IT_MOB_4GNTWK,India,73.5
2017,IT_MOB_4GNTWK,India,88.0
2018,IT_MOB_4GNTWK,India,94.0
2019,IT_MOB_4GNTWK,India,97.92
2020,IT_MOB_4GNTWK,India,98.45
2021,IT_MOB_4GNTWK,India,98.67
2013,IT_MOB_4GNTWK,Ireland,40.0
2014,IT_MOB_4GNTWK,Ireland,87.0
2015,IT_MOB_4GNTWK,Ireland,90.0
2016,IT_MOB_4GNTWK,Ireland,90.0
2017,IT_MOB_4GNTWK,Ireland,90.0
2018,IT_MOB_4GNTWK,Ireland,90.0
2019,IT_MOB_4GNTWK,Ireland,90.0
2013,IT_MOB_2GNTWK,United Kingdom of Great Britain and Northern Ireland,99.7
2014,IT_MOB_2GNTWK,United Kingdom of Great Britain and Northern Ireland,99.7
2015,IT_MOB_2GNTWK,United Kingdom of Great Britain and Northern Ireland,99.6
2016,IT_MOB_2GNTWK,United Kingdom of Great Britain and Northern Ireland,99.6
2017,IT_MOB_2GNTWK,United Kingdom of Great Britain and Northern Ireland,99.8
2018,IT_MOB_2GNTWK,United Kingdom of Great Britain and Northern Ireland,99.9
2019,IT_MOB_2GNTWK,United Kingdom of Great Britain and Northern Ireland,99.9
2020,IT_MOB_2GNTWK,United Kingdom of Great Britain and Northern Ireland,99.9
2021,IT_MOB_2GNTWK,United Kingdom of Great Britain and Northern Ireland,99.9
2002,IT_MOB_2GNTWK,Uzbekistan,75.0
2020,IT_MOB_4GNTWK,Ireland,90.0
2021,IT_MOB_4GNTWK,Ireland,90.0
2014,IT_MOB_4GNTWK,Israel,60.0
2015,IT_MOB_4GNTWK,Israel,60.0
2016,IT_MOB_4GNTWK,Israel,70.0
2017,IT_MOB_4GNTWK,Israel,82.0
2018,IT_MOB_4GNTWK,Israel,90.0
2019,IT_MOB_4GNTWK,Israel,94.0
2020,IT_MOB_4GNTWK,Israel,97.0
2021,IT_MOB_4GNTWK,Israel,97.0
2012,IT_MOB_4GNTWK,Italy,7.09
2013,IT_MOB_4GNTWK,Italy,49.0
2014,IT_MOB_4GNTWK,Italy,90.0
2005,IT_MOB_2GNTWK,China,95.0
2006,IT_MOB_2GNTWK,China,95.0
2007,IT_MOB_2GNTWK,China,97.19
2008,IT_MOB_2GNTWK,China,98.68
2009,IT_MOB_2GNTWK,China,99.46
2010,IT_MOB_2GNTWK,China,99.46
2011,IT_MOB_2GNTWK,China,99.46
2012,IT_MOB_2GNTWK,China,99.46
2013,IT_MOB_2GNTWK,China,99.46
2014,IT_MOB_2GNTWK,China,99.5
2015,IT_MOB_2GNTWK,China,99.5
2016,IT_MOB_2GNTWK,China,99.5
2015,IT_MOB_4GNTWK,Italy,93.0
2016,IT_MOB_4GNTWK,Italy,96.0
2017,IT_MOB_4GNTWK,Italy,98.0
2018,IT_MOB_4GNTWK,Italy,99.0
2019,IT_MOB_4GNTWK,Italy,100.0
2020,IT_MOB_4GNTWK,Italy,100.0
2021,IT_MOB_4GNTWK,Italy,100.0
2012,IT_MOB_4GNTWK,Japan,84.0
2013,IT_MOB_4GNTWK,Japan,98.7
2014,IT_MOB_4GNTWK,Japan,99.0
2015,IT_MOB_4GNTWK,Japan,99.0
2016,IT_MOB_4GNTWK,Japan,99.0
2017,IT_MOB_4GNTWK,Japan,99.0
2018,IT_MOB_4GNTWK,Japan,99.9
2003,IT_MOB_2GNTWK,Uzbekistan,75.0
2004,IT_MOB_2GNTWK,Uzbekistan,75.0
2005,IT_MOB_2GNTWK,Uzbekistan,75.0
2006,IT_MOB_2GNTWK,Uzbekistan,75.0
2008,IT_MOB_2GNTWK,Uzbekistan,93.0
2012,IT_MOB_2GNTWK,Uzbekistan,92.0
2014,IT_MOB_2GNTWK,Uzbekistan,97.8
2015,IT_MOB_2GNTWK,Uzbekistan,98.0
2016,IT_MOB_2GNTWK,Uzbekistan,98.4
2017,IT_MOB_2GNTWK,Uzbekistan,98.4
2018,IT_MOB_2GNTWK,Uzbekistan,98.6
2017,IT_MOB_2GNTWK,China,99.5
2018,IT_MOB_2GNTWK,China,99.9
2019,IT_MOB_2GNTWK,China,99.9
2020,IT_MOB_2GNTWK,China,99.9
2021,IT_MOB_2GNTWK,China,99.9
2004,IT_MOB_2GNTWK,Colombia,80.0
2005,IT_MOB_2GNTWK,Colombia,82.0
2006,IT_MOB_2GNTWK,Colombia,83.0
2012,IT_MOB_2GNTWK,Colombia,100.0
2013,IT_MOB_2GNTWK,Colombia,100.0
2014,IT_MOB_2GNTWK,Colombia,100.0
2015,IT_MOB_2GNTWK,Colombia,100.0
2019,IT_MOB_4GNTWK,Japan,99.9
2020,IT_MOB_4GNTWK,Japan,99.9
2021,IT_MOB_4GNTWK,Japan,99.9
2012,IT_MOB_4GNTWK,Kazakhstan,2.67
2013,IT_MOB_4GNTWK,Kazakhstan,25.86
2014,IT_MOB_4GNTWK,Kazakhstan,43.3
2015,IT_MOB_4GNTWK,Kazakhstan,65.5
2016,IT_MOB_4GNTWK,Kazakhstan,69.0
2017,IT_MOB_4GNTWK,Kazakhstan,72.9
2018,IT_MOB_4GNTWK,Kazakhstan,75.3
2019,IT_MOB_4GNTWK,Kazakhstan,75.7
2020,IT_MOB_4GNTWK,Kazakhstan,81.3
2021,IT_MOB_4GNTWK,Kazakhstan,83.5
2014,IT_MOB_4GNTWK,Republic of Korea,99.0
2015,IT_MOB_4GNTWK,Republic of Korea,99.0
2016,IT_MOB_4GNTWK,Republic of Korea,99.9
2017,IT_MOB_4GNTWK,Republic of Korea,99.9
2018,IT_MOB_4GNTWK,Republic of Korea,99.9
2019,IT_MOB_4GNTWK,Republic of Korea,99.9
2020,IT_MOB_4GNTWK,Republic of Korea,99.9
2021,IT_MOB_4GNTWK,Republic of Korea,99.9
2014,IT_MOB_4GNTWK,Kyrgyzstan,0.5
2015,IT_MOB_4GNTWK,Kyrgyzstan,1.6
2016,IT_MOB_4GNTWK,Kyrgyzstan,40.0
2016,IT_MOB_2GNTWK,Colombia,100.0
2017,IT_MOB_2GNTWK,Colombia,100.0
2018,IT_MOB_2GNTWK,Colombia,100.0
2019,IT_MOB_2GNTWK,Colombia,100.0
2020,IT_MOB_2GNTWK,Colombia,100.0
2021,IT_MOB_2GNTWK,Colombia,100.0
2005,IT_MOB_2GNTWK,Costa Rica,86.38
2006,IT_MOB_2GNTWK,Costa Rica,87.0
2007,IT_MOB_2GNTWK,Costa Rica,60.44
2008,IT_MOB_2GNTWK,Costa Rica,69.16
2009,IT_MOB_2GNTWK,Costa Rica,69.5
2015,IT_MOB_2GNTWK,Costa Rica,93.4
2016,IT_MOB_2GNTWK,Costa Rica,97.1
2017,IT_MOB_2GNTWK,Costa Rica,97.3
2018,IT_MOB_2GNTWK,Costa Rica,97.31
2019,IT_MOB_2GNTWK,Costa Rica,97.7
2020,IT_MOB_2GNTWK,Costa Rica,97.9
2021,IT_MOB_2GNTWK,Costa Rica,97.9
2000,IT_MOB_2GNTWK,Croatia,98.0
2001,IT_MOB_2GNTWK,Croatia,98.0
2017,IT_MOB_4GNTWK,Kyrgyzstan,50.0
2018,IT_MOB_4GNTWK,Kyrgyzstan,70.0
2019,IT_MOB_4GNTWK,Kyrgyzstan,85.0
2020,IT_MOB_4GNTWK,Kyrgyzstan,85.0
2021,IT_MOB_4GNTWK,Kyrgyzstan,85.0
2012,IT_MOB_4GNTWK,Latvia,26.67
2013,IT_MOB_4GNTWK,Latvia,38.64
2014,IT_MOB_4GNTWK,Latvia,75.0
2015,IT_MOB_4GNTWK,Latvia,90.0
2016,IT_MOB_4GNTWK,Latvia,95.0
2017,IT_MOB_4GNTWK,Latvia,95.0
2019,IT_MOB_4GNTWK,Latvia,95.0
2020,IT_MOB_4GNTWK,Latvia,95.0
2002,IT_MOB_2GNTWK,Croatia,98.0
2003,IT_MOB_2GNTWK,Croatia,98.0
2004,IT_MOB_2GNTWK,Croatia,99.0
2005,IT_MOB_2GNTWK,Croatia,100.0
2006,IT_MOB_2GNTWK,Croatia,100.0
2007,IT_MOB_2GNTWK,Croatia,100.0
2008,IT_MOB_2GNTWK,Croatia,100.0
2009,IT_MOB_2GNTWK,Croatia,100.0
2010,IT_MOB_2GNTWK,Croatia,100.0
2011,IT_MOB_2GNTWK,Croatia,100.0
2012,IT_MOB_2GNTWK,Croatia,100.0
2013,IT_MOB_2GNTWK,Croatia,100.0
2021,IT_MOB_4GNTWK,Latvia,95.0
2014,IT_MOB_4GNTWK,Liechtenstein,0.0
2015,IT_MOB_4GNTWK,Liechtenstein,96.0
2016,IT_MOB_4GNTWK,Liechtenstein,96.0
2017,IT_MOB_4GNTWK,Liechtenstein,97.0
2018,IT_MOB_4GNTWK,Liechtenstein,98.0
2019,IT_MOB_4GNTWK,Liechtenstein,98.0
2020,IT_MOB_4GNTWK,Liechtenstein,98.0
2021,IT_MOB_4GNTWK,Liechtenstein,98.33
2012,IT_MOB_4GNTWK,Lithuania,44.44
2013,IT_MOB_4GNTWK,Lithuania,48.89
2014,IT_MOB_4GNTWK,Lithuania,80.0
2015,IT_MOB_4GNTWK,Lithuania,91.0
2016,IT_MOB_4GNTWK,Lithuania,98.0
2017,IT_MOB_4GNTWK,Lithuania,98.0
2018,IT_MOB_4GNTWK,Lithuania,99.0
2019,IT_MOB_4GNTWK,Lithuania,99.99
2020,IT_MOB_4GNTWK,Lithuania,99.99
2021,IT_MOB_4GNTWK,Lithuania,99.99
2012,IT_MOB_4GNTWK,Luxembourg,90.0
2013,IT_MOB_4GNTWK,Luxembourg,90.0
2014,IT_MOB_4GNTWK,Luxembourg,93.0
2015,IT_MOB_4GNTWK,Luxembourg,96.0
2016,IT_MOB_4GNTWK,Luxembourg,95.0
2017,IT_MOB_4GNTWK,Luxembourg,96.0
2018,IT_MOB_4GNTWK,Luxembourg,97.0
2014,IT_MOB_2GNTWK,Croatia,100.0
2015,IT_MOB_2GNTWK,Croatia,100.0
2016,IT_MOB_2GNTWK,Croatia,100.0
2017,IT_MOB_2GNTWK,Croatia,100.0
2018,IT_MOB_2GNTWK,Croatia,100.0
2019,IT_MOB_2GNTWK,Croatia,100.0
2020,IT_MOB_2GNTWK,Croatia,100.0
2021,IT_MOB_2GNTWK,Croatia,100.0
2000,IT_MOB_2GNTWK,Cyprus,99.0
2001,IT_MOB_2GNTWK,Cyprus,99.0
2002,IT_MOB_2GNTWK,Cyprus,99.97
2003,IT_MOB_2GNTWK,Cyprus,99.98
2019,IT_MOB_2GNTWK,Uzbekistan,99.2
2020,IT_MOB_2GNTWK,Uzbekistan,99.3
2021,IT_MOB_2GNTWK,Uzbekistan,99.4
2011,IT_MOB_3GNTWK,Albania,85.6
2012,IT_MOB_3GNTWK,Albania,99.0
2013,IT_MOB_3GNTWK,Albania,99.0
2014,IT_MOB_3GNTWK,Albania,99.0
2015,IT_MOB_3GNTWK,Albania,99.0
2016,IT_MOB_3GNTWK,Albania,99.0
2017,IT_MOB_3GNTWK,Albania,99.2
2018,IT_MOB_3GNTWK,Albania,99.2
2019,IT_MOB_3GNTWK,Albania,99.2
2004,IT_MOB_2GNTWK,Cyprus,99.98
2005,IT_MOB_2GNTWK,Cyprus,99.98
2006,IT_MOB_2GNTWK,Cyprus,99.98
2007,IT_MOB_2GNTWK,Cyprus,99.98
2008,IT_MOB_2GNTWK,Cyprus,99.98
2009,IT_MOB_2GNTWK,Cyprus,99.98
2010,IT_MOB_2GNTWK,Cyprus,99.98
2011,IT_MOB_2GNTWK,Cyprus,99.98
2012,IT_MOB_2GNTWK,Cyprus,99.98
2013,IT_MOB_2GNTWK,Cyprus,99.98
2014,IT_MOB_2GNTWK,Cyprus,99.98
2019,IT_MOB_4GNTWK,Luxembourg,98.0
2020,IT_MOB_4GNTWK,Luxembourg,98.0
2021,IT_MOB_4GNTWK,Luxembourg,99.8
2013,IT_MOB_4GNTWK,Malta,30.0
2014,IT_MOB_4GNTWK,Malta,62.0
2015,IT_MOB_4GNTWK,Malta,100.0
2016,IT_MOB_4GNTWK,Malta,100.0
2017,IT_MOB_4GNTWK,Malta,100.0
2018,IT_MOB_4GNTWK,Malta,100.0
2019,IT_MOB_4GNTWK,Malta,100.0
2020,IT_MOB_4GNTWK,Malta,100.0
2021,IT_MOB_4GNTWK,Malta,100.0
2012,IT_MOB_4GNTWK,Mexico,9.66
2013,IT_MOB_4GNTWK,Mexico,18.43
2014,IT_MOB_4GNTWK,Mexico,30.0
2015,IT_MOB_4GNTWK,Mexico,58.0
2016,IT_MOB_4GNTWK,Mexico,58.0
2018,IT_MOB_4GNTWK,Mexico,88.2
2019,IT_MOB_4GNTWK,Mexico,90.04
2020,IT_MOB_4GNTWK,Mexico,93.47
2021,IT_MOB_4GNTWK,Mexico,94.96
2012,IT_MOB_4GNTWK,Moldova,22.87
2013,IT_MOB_4GNTWK,Moldova,28.67
2014,IT_MOB_4GNTWK,Moldova,33.0
2015,IT_MOB_4GNTWK,Moldova,84.0
2016,IT_MOB_4GNTWK,Moldova,97.0
2015,IT_MOB_2GNTWK,Cyprus,99.98
2016,IT_MOB_2GNTWK,Cyprus,99.98
2017,IT_MOB_2GNTWK,Cyprus,99.98
2018,IT_MOB_2GNTWK,Cyprus,99.98
2019,IT_MOB_2GNTWK,Cyprus,99.98
2020,IT_MOB_2GNTWK,Cyprus,99.98
2021,IT_MOB_2GNTWK,Cyprus,99.98
2000,IT_MOB_2GNTWK,Czechia,99.0
2001,IT_MOB_2GNTWK,Czechia,99.0
2002,IT_MOB_2GNTWK,Czechia,99.0
2003,IT_MOB_2GNTWK,Czechia,99.0
2020,IT_MOB_3GNTWK,Albania,99.2
2021,IT_MOB_3GNTWK,Albania,99.2
2009,IT_MOB_3GNTWK,Azerbaijan,32.2
2010,IT_MOB_3GNTWK,Azerbaijan,69.2
2011,IT_MOB_3GNTWK,Azerbaijan,89.3
2012,IT_MOB_3GNTWK,Azerbaijan,96.5
2013,IT_MOB_3GNTWK,Azerbaijan,96.9
2014,IT_MOB_3GNTWK,Azerbaijan,97.1
2015,IT_MOB_3GNTWK,Azerbaijan,95.47
2016,IT_MOB_3GNTWK,Azerbaijan,95.5
2017,IT_MOB_3GNTWK,Azerbaijan,96.3
2018,IT_MOB_3GNTWK,Azerbaijan,97.1
2017,IT_MOB_4GNTWK,Moldova,97.0
2018,IT_MOB_4GNTWK,Moldova,97.0
2019,IT_MOB_4GNTWK,Moldova,98.0
2020,IT_MOB_4GNTWK,Moldova,99.0
2021,IT_MOB_4GNTWK,Moldova,99.0
2012,IT_MOB_4GNTWK,Montenegro,10.0
2013,IT_MOB_4GNTWK,Montenegro,38.0
2014,IT_MOB_4GNTWK,Montenegro,62.0
2015,IT_MOB_4GNTWK,Montenegro,65.0
2016,IT_MOB_4GNTWK,Montenegro,85.0
2017,IT_MOB_4GNTWK,Montenegro,98.0
2018,IT_MOB_4GNTWK,Montenegro,97.62
2004,IT_MOB_2GNTWK,Czechia,99.6
2005,IT_MOB_2GNTWK,Czechia,99.6
2006,IT_MOB_2GNTWK,Czechia,99.7
2007,IT_MOB_2GNTWK,Czechia,99.7
2008,IT_MOB_2GNTWK,Czechia,99.7
2009,IT_MOB_2GNTWK,Czechia,99.8
2010,IT_MOB_2GNTWK,Czechia,99.8
2011,IT_MOB_2GNTWK,Czechia,99.6
2012,IT_MOB_2GNTWK,Czechia,99.8
2013,IT_MOB_2GNTWK,Czechia,99.8
2014,IT_MOB_2GNTWK,Czechia,99.8
2015,IT_MOB_2GNTWK,Czechia,99.82
2016,IT_MOB_2GNTWK,Czechia,99.8
2017,IT_MOB_2GNTWK,Czechia,99.8
2018,IT_MOB_2GNTWK,Czechia,99.8
2019,IT_MOB_2GNTWK,Czechia,99.8
2020,IT_MOB_2GNTWK,Czechia,99.8
2021,IT_MOB_2GNTWK,Czechia,99.8
2012,IT_MOB_2GNTWK,Denmark,99.5
2013,IT_MOB_2GNTWK,Denmark,99.5
2014,IT_MOB_2GNTWK,Denmark,99.5
2015,IT_MOB_2GNTWK,Denmark,99.99
2016,IT_MOB_2GNTWK,Denmark,100.0
2017,IT_MOB_2GNTWK,Denmark,100.0
2018,IT_MOB_2GNTWK,Denmark,100.0
2019,IT_MOB_3GNTWK,Azerbaijan,97.6
2020,IT_MOB_3GNTWK,Azerbaijan,97.6
2021,IT_MOB_3GNTWK,Azerbaijan,99.5
2008,IT_MOB_3GNTWK,Australia,98.8
2009,IT_MOB_3GNTWK,Australia,99.0
2010,IT_MOB_3GNTWK,Australia,99.0
2011,IT_MOB_3GNTWK,Australia,99.0
2012,IT_MOB_3GNTWK,Australia,99.0
2013,IT_MOB_3GNTWK,Australia,99.0
2014,IT_MOB_3GNTWK,Australia,99.0
2015,IT_MOB_3GNTWK,Australia,99.0
2016,IT_MOB_3GNTWK,Australia,99.3
2019,IT_MOB_4GNTWK,Montenegro,97.65
2020,IT_MOB_4GNTWK,Montenegro,97.52
2021,IT_MOB_4GNTWK,Montenegro,97.83
2012,IT_MOB_4GNTWK,Netherlands (Kingdom of the),29.28
2013,IT_MOB_4GNTWK,Netherlands (Kingdom of the),80.0
2014,IT_MOB_4GNTWK,Netherlands (Kingdom of the),99.0
2015,IT_MOB_4GNTWK,Netherlands (Kingdom of the),99.0
2016,IT_MOB_4GNTWK,Netherlands (Kingdom of the),99.0
2017,IT_MOB_4GNTWK,Netherlands (Kingdom of the),99.0
2018,IT_MOB_4GNTWK,Netherlands (Kingdom of the),99.0
2019,IT_MOB_4GNTWK,Netherlands (Kingdom of the),99.0
2020,IT_MOB_4GNTWK,Netherlands (Kingdom of the),99.0
2019,IT_MOB_2GNTWK,Denmark,100.0
2020,IT_MOB_2GNTWK,Denmark,100.0
2021,IT_MOB_2GNTWK,Denmark,100.0
2000,IT_MOB_2GNTWK,Estonia,99.0
2001,IT_MOB_2GNTWK,Estonia,99.0
2002,IT_MOB_2GNTWK,Estonia,99.0
2003,IT_MOB_2GNTWK,Estonia,99.0
2004,IT_MOB_2GNTWK,Estonia,99.0
2005,IT_MOB_2GNTWK,Estonia,99.3
2006,IT_MOB_2GNTWK,Estonia,99.99
2007,IT_MOB_2GNTWK,Estonia,99.99
2017,IT_MOB_3GNTWK,Australia,99.4
2018,IT_MOB_3GNTWK,Australia,99.4
2019,IT_MOB_3GNTWK,Australia,99.5
2020,IT_MOB_3GNTWK,Australia,99.5
2021,IT_MOB_3GNTWK,Australia,99.5
2007,IT_MOB_3GNTWK,Austria,84.0
2009,IT_MOB_3GNTWK,Austria,96.0
2010,IT_MOB_3GNTWK,Austria,96.0
2008,IT_MOB_2GNTWK,Estonia,99.99
2009,IT_MOB_2GNTWK,Estonia,99.99
2010,IT_MOB_2GNTWK,Estonia,99.99
2011,IT_MOB_2GNTWK,Estonia,99.99
2012,IT_MOB_2GNTWK,Estonia,99.99
2013,IT_MOB_2GNTWK,Estonia,99.99
2014,IT_MOB_2GNTWK,Estonia,100.0
2015,IT_MOB_2GNTWK,Estonia,100.0
2016,IT_MOB_2GNTWK,Estonia,99.0
2017,IT_MOB_2GNTWK,Estonia,100.0
2018,IT_MOB_2GNTWK,Estonia,100.0
2019,IT_MOB_2GNTWK,Estonia,100.0
2020,IT_MOB_2GNTWK,Estonia,100.0
2011,IT_MOB_3GNTWK,Austria,96.0
2012,IT_MOB_3GNTWK,Austria,96.0
2013,IT_MOB_3GNTWK,Austria,96.0
2014,IT_MOB_3GNTWK,Austria,97.0
2015,IT_MOB_3GNTWK,Austria,98.0
2016,IT_MOB_3GNTWK,Austria,98.0
2017,IT_MOB_3GNTWK,Austria,98.0
2018,IT_MOB_3GNTWK,Austria,98.0
2019,IT_MOB_3GNTWK,Austria,98.0
2020,IT_MOB_3GNTWK,Austria,98.0
2021,IT_MOB_3GNTWK,Austria,98.0
2009,IT_MOB_3GNTWK,Armenia,81.1
2010,IT_MOB_3GNTWK,Armenia,93.0
2021,IT_MOB_4GNTWK,Netherlands (Kingdom of the),99.0
2014,IT_MOB_4GNTWK,New Zealand,50.0
2015,IT_MOB_4GNTWK,New Zealand,88.0
2016,IT_MOB_4GNTWK,New Zealand,90.0
2017,IT_MOB_4GNTWK,New Zealand,94.0
2018,IT_MOB_4GNTWK,New Zealand,97.0
2019,IT_MOB_4GNTWK,New Zealand,97.33
2020,IT_MOB_4GNTWK,New Zealand,97.5
2021,IT_MOB_4GNTWK,New Zealand,97.5
2012,IT_MOB_4GNTWK,Norway,54.92
2013,IT_MOB_4GNTWK,Norway,68.95
2014,IT_MOB_4GNTWK,Norway,85.0
2015,IT_MOB_4GNTWK,Norway,99.0
2021,IT_MOB_2GNTWK,Estonia,100.0
2000,IT_MOB_2GNTWK,Finland,99.0
2001,IT_MOB_2GNTWK,Finland,99.0
2002,IT_MOB_2GNTWK,Finland,99.0
2003,IT_MOB_2GNTWK,Finland,99.0
2004,IT_MOB_2GNTWK,Finland,99.0
2005,IT_MOB_2GNTWK,Finland,99.0
2006,IT_MOB_2GNTWK,Finland,99.0
2007,IT_MOB_2GNTWK,Finland,99.0
2008,IT_MOB_2GNTWK,Finland,99.5
2009,IT_MOB_2GNTWK,Finland,99.99
2011,IT_MOB_3GNTWK,Armenia,95.0
2012,IT_MOB_3GNTWK,Armenia,96.3
2013,IT_MOB_3GNTWK,Armenia,97.68
2014,IT_MOB_3GNTWK,Armenia,98.8
2015,IT_MOB_3GNTWK,Armenia,99.9
2016,IT_MOB_3GNTWK,Armenia,100.0
2017,IT_MOB_3GNTWK,Armenia,100.0
2018,IT_MOB_3GNTWK,Armenia,100.0
2019,IT_MOB_3GNTWK,Armenia,100.0
2020,IT_MOB_3GNTWK,Armenia,100.0
2021,IT_MOB_3GNTWK,Armenia,100.0
2007,IT_MOB_3GNTWK,Belgium,85.0
2008,IT_MOB_3GNTWK,Belgium,89.9
2010,IT_MOB_2GNTWK,Finland,99.99
2011,IT_MOB_2GNTWK,Finland,99.99
2012,IT_MOB_2GNTWK,Finland,99.99
2013,IT_MOB_2GNTWK,Finland,99.99
2014,IT_MOB_2GNTWK,Finland,99.99
2015,IT_MOB_2GNTWK,Finland,99.99
2016,IT_MOB_2GNTWK,Finland,99.99
2017,IT_MOB_2GNTWK,Finland,99.99
2018,IT_MOB_2GNTWK,Finland,99.99
2019,IT_MOB_2GNTWK,Finland,99.99
2020,IT_MOB_2GNTWK,Finland,99.99
2021,IT_MOB_2GNTWK,Finland,99.99
2009,IT_MOB_3GNTWK,Belgium,96.7
2010,IT_MOB_3GNTWK,Belgium,97.0
2011,IT_MOB_3GNTWK,Belgium,97.0
2012,IT_MOB_3GNTWK,Belgium,99.5
2013,IT_MOB_3GNTWK,Belgium,99.5
2014,IT_MOB_3GNTWK,Belgium,99.5
2015,IT_MOB_3GNTWK,Belgium,100.0
2016,IT_MOB_3GNTWK,Belgium,100.0
2017,IT_MOB_3GNTWK,Belgium,100.0
2018,IT_MOB_3GNTWK,Belgium,100.0
2019,IT_MOB_3GNTWK,Belgium,100.0
2020,IT_MOB_3GNTWK,Belgium,100.0
2000,IT_MOB_2GNTWK,France,99.4
2001,IT_MOB_2GNTWK,France,99.0
2002,IT_MOB_2GNTWK,France,99.0
2003,IT_MOB_2GNTWK,France,99.0
2004,IT_MOB_2GNTWK,France,99.0
2005,IT_MOB_2GNTWK,France,99.0
2006,IT_MOB_2GNTWK,France,99.0
2007,IT_MOB_2GNTWK,France,99.0
2008,IT_MOB_2GNTWK,France,99.0
2009,IT_MOB_2GNTWK,France,99.0
2010,IT_MOB_2GNTWK,France,99.0
2016,IT_MOB_4GNTWK,Norway,99.2
2017,IT_MOB_4GNTWK,Norway,99.8
2018,IT_MOB_4GNTWK,Norway,99.9
2019,IT_MOB_4GNTWK,Norway,99.9
2020,IT_MOB_4GNTWK,Norway,99.9
2021,IT_MOB_4GNTWK,Norway,99.9
2012,IT_MOB_4GNTWK,Poland,50.0
2013,IT_MOB_4GNTWK,Poland,66.7
2014,IT_MOB_4GNTWK,Poland,80.0
2015,IT_MOB_4GNTWK,Poland,100.0
2016,IT_MOB_4GNTWK,Poland,100.0
2017,IT_MOB_4GNTWK,Poland,100.0
2018,IT_MOB_4GNTWK,Poland,100.0
2019,IT_MOB_4GNTWK,Poland,100.0
2020,IT_MOB_4GNTWK,Poland,100.0
2021,IT_MOB_4GNTWK,Poland,100.0
2012,IT_MOB_4GNTWK,Portugal,90.0
2013,IT_MOB_4GNTWK,Portugal,93.0
2014,IT_MOB_4GNTWK,Portugal,95.0
2015,IT_MOB_4GNTWK,Portugal,94.3
2016,IT_MOB_4GNTWK,Portugal,98.8
2017,IT_MOB_4GNTWK,Portugal,98.9
2018,IT_MOB_4GNTWK,Portugal,99.2
2019,IT_MOB_4GNTWK,Portugal,99.7
2021,IT_MOB_3GNTWK,Belgium,100.0
2009,IT_MOB_3GNTWK,Bosnia and Herzegovina,25.0
2010,IT_MOB_3GNTWK,Bosnia and Herzegovina,60.0
2011,IT_MOB_3GNTWK,Bosnia and Herzegovina,70.0
2012,IT_MOB_3GNTWK,Bosnia and Herzegovina,72.0
2013,IT_MOB_3GNTWK,Bosnia and Herzegovina,90.0
2014,IT_MOB_3GNTWK,Bosnia and Herzegovina,95.0
2015,IT_MOB_3GNTWK,Bosnia and Herzegovina,95.0
2016,IT_MOB_3GNTWK,Bosnia and Herzegovina,95.0
2017,IT_MOB_3GNTWK,Bosnia and Herzegovina,95.0
2018,IT_MOB_3GNTWK,Bosnia and Herzegovina,95.0
2019,IT_MOB_3GNTWK,Bosnia and Herzegovina,95.0
2020,IT_MOB_3GNTWK,Bosnia and Herzegovina,95.0
2020,IT_MOB_4GNTWK,Portugal,99.9
2021,IT_MOB_4GNTWK,Portugal,99.8
2012,IT_MOB_4GNTWK,Romania,54.0
2013,IT_MOB_4GNTWK,Romania,59.0
2014,IT_MOB_4GNTWK,Romania,55.8
2015,IT_MOB_4GNTWK,Romania,66.1
2016,IT_MOB_4GNTWK,Romania,75.2
2017,IT_MOB_4GNTWK,Romania,88.54
2018,IT_MOB_4GNTWK,Romania,92.56
2019,IT_MOB_4GNTWK,Romania,98.13
2020,IT_MOB_4GNTWK,Romania,98.22
2011,IT_MOB_2GNTWK,France,99.0
2012,IT_MOB_2GNTWK,France,99.0
2014,IT_MOB_2GNTWK,France,99.0
2015,IT_MOB_2GNTWK,France,99.0
2016,IT_MOB_2GNTWK,France,99.0
2017,IT_MOB_2GNTWK,France,99.0
2018,IT_MOB_2GNTWK,France,99.0
2019,IT_MOB_2GNTWK,France,99.0
2020,IT_MOB_2GNTWK,France,99.0
2021,IT_MOB_2GNTWK,France,99.0
2001,IT_MOB_2GNTWK,Georgia,79.0
2004,IT_MOB_2GNTWK,Georgia,94.0
2021,IT_MOB_3GNTWK,Bosnia and Herzegovina,97.0
2007,IT_MOB_3GNTWK,Bulgaria,49.03
2008,IT_MOB_3GNTWK,Bulgaria,75.69
2009,IT_MOB_3GNTWK,Bulgaria,82.05
2010,IT_MOB_3GNTWK,Bulgaria,93.43
2011,IT_MOB_3GNTWK,Bulgaria,97.81
2012,IT_MOB_3GNTWK,Bulgaria,99.46
2013,IT_MOB_3GNTWK,Bulgaria,99.81
2014,IT_MOB_3GNTWK,Bulgaria,99.88
2015,IT_MOB_3GNTWK,Bulgaria,99.95
2016,IT_MOB_3GNTWK,Bulgaria,99.98
2017,IT_MOB_3GNTWK,Bulgaria,99.99
2005,IT_MOB_2GNTWK,Georgia,95.0
2006,IT_MOB_2GNTWK,Georgia,95.9
2007,IT_MOB_2GNTWK,Georgia,95.9
2008,IT_MOB_2GNTWK,Georgia,98.0
2009,IT_MOB_2GNTWK,Georgia,99.3
2010,IT_MOB_2GNTWK,Georgia,99.0
2011,IT_MOB_2GNTWK,Georgia,99.1
2015,IT_MOB_2GNTWK,Georgia,99.0
2016,IT_MOB_2GNTWK,Georgia,99.93
2017,IT_MOB_2GNTWK,Georgia,99.98
2018,IT_MOB_2GNTWK,Georgia,99.98
2019,IT_MOB_2GNTWK,Georgia,99.98
2020,IT_MOB_2GNTWK,Georgia,99.98
2018,IT_MOB_3GNTWK,Bulgaria,99.99
2019,IT_MOB_3GNTWK,Bulgaria,99.99
2020,IT_MOB_3GNTWK,Bulgaria,99.99
2021,IT_MOB_3GNTWK,Bulgaria,99.99
2007,IT_MOB_3GNTWK,Belarus,0.0
2009,IT_MOB_3GNTWK,Belarus,59.3
2010,IT_MOB_3GNTWK,Belarus,67.0
2011,IT_MOB_3GNTWK,Belarus,80.0
2012,IT_MOB_3GNTWK,Belarus,87.4
2013,IT_MOB_3GNTWK,Belarus,89.1
2014,IT_MOB_3GNTWK,Belarus,95.7
2015,IT_MOB_3GNTWK,Belarus,95.7
2021,IT_MOB_4GNTWK,Romania,98.63
2014,IT_MOB_4GNTWK,Serbia,0.0
2015,IT_MOB_4GNTWK,Serbia,56.74
2016,IT_MOB_4GNTWK,Serbia,78.2
2017,IT_MOB_4GNTWK,Serbia,94.4
2018,IT_MOB_4GNTWK,Serbia,96.7
2019,IT_MOB_4GNTWK,Serbia,96.86
2020,IT_MOB_4GNTWK,Serbia,98.1
2021,IT_MOB_4GNTWK,Serbia,98.19
2012,IT_MOB_4GNTWK,Slovakia,11.15
2013,IT_MOB_4GNTWK,Slovakia,24.0
2014,IT_MOB_4GNTWK,Slovakia,52.0
2021,IT_MOB_2GNTWK,Georgia,99.98
2000,IT_MOB_2GNTWK,Germany,99.0
2001,IT_MOB_2GNTWK,Germany,99.0
2002,IT_MOB_2GNTWK,Germany,99.0
2003,IT_MOB_2GNTWK,Germany,99.0
2004,IT_MOB_2GNTWK,Germany,99.0
2005,IT_MOB_2GNTWK,Germany,99.0
2006,IT_MOB_2GNTWK,Germany,99.0
2007,IT_MOB_2GNTWK,Germany,99.0
2008,IT_MOB_2GNTWK,Germany,99.0
2009,IT_MOB_2GNTWK,Germany,99.0
2016,IT_MOB_3GNTWK,Belarus,98.7
2017,IT_MOB_3GNTWK,Belarus,99.9
2018,IT_MOB_3GNTWK,Belarus,99.9
2019,IT_MOB_3GNTWK,Belarus,99.9
2020,IT_MOB_3GNTWK,Belarus,99.9
2021,IT_MOB_3GNTWK,Belarus,99.9
2007,IT_MOB_3GNTWK,Canada,78.0
2009,IT_MOB_3GNTWK,Canada,96.0
2010,IT_MOB_3GNTWK,Canada,98.0
2011,IT_MOB_3GNTWK,Canada,99.0
2012,IT_MOB_3GNTWK,Canada,99.0
2013,IT_MOB_3GNTWK,Canada,99.0
2015,IT_MOB_4GNTWK,Slovakia,75.0
2016,IT_MOB_4GNTWK,Slovakia,87.0
2017,IT_MOB_4GNTWK,Slovakia,92.0
2018,IT_MOB_4GNTWK,Slovakia,94.0
2019,IT_MOB_4GNTWK,Slovakia,97.0
2020,IT_MOB_4GNTWK,Slovakia,99.0
2021,IT_MOB_4GNTWK,Slovakia,99.0
2014,IT_MOB_4GNTWK,Viet Nam,0.0
2015,IT_MOB_4GNTWK,Viet Nam,0.0
2016,IT_MOB_4GNTWK,Viet Nam,5.0
2017,IT_MOB_4GNTWK,Viet Nam,95.0
2018,IT_MOB_4GNTWK,Viet Nam,93.89
2019,IT_MOB_4GNTWK,Viet Nam,97.0
2010,IT_MOB_2GNTWK,Germany,99.0
2011,IT_MOB_2GNTWK,Germany,99.0
2012,IT_MOB_2GNTWK,Germany,99.0
2013,IT_MOB_2GNTWK,Germany,99.0
2014,IT_MOB_2GNTWK,Germany,99.0
2015,IT_MOB_2GNTWK,Germany,99.0
2016,IT_MOB_2GNTWK,Germany,99.0
2017,IT_MOB_2GNTWK,Germany,99.0
2018,IT_MOB_2GNTWK,Germany,99.0
2019,IT_MOB_2GNTWK,Germany,99.0
2020,IT_MOB_2GNTWK,Germany,99.9
2021,IT_MOB_2GNTWK,Germany,99.83
2020,IT_MOB_4GNTWK,Viet Nam,99.5
2021,IT_MOB_4GNTWK,Viet Nam,99.7
2012,IT_MOB_4GNTWK,Slovenia,12.8
2013,IT_MOB_4GNTWK,Slovenia,63.4
2014,IT_MOB_4GNTWK,Slovenia,89.7
2015,IT_MOB_4GNTWK,Slovenia,95.7
2016,IT_MOB_4GNTWK,Slovenia,97.4
2017,IT_MOB_4GNTWK,Slovenia,98.6
2018,IT_MOB_4GNTWK,Slovenia,99.5
2019,IT_MOB_4GNTWK,Slovenia,99.7
2020,IT_MOB_4GNTWK,Slovenia,99.9
2021,IT_MOB_4GNTWK,Slovenia,99.99
2014,IT_MOB_3GNTWK,Canada,99.0
2015,IT_MOB_3GNTWK,Canada,99.3
2016,IT_MOB_3GNTWK,Canada,99.4
2017,IT_MOB_3GNTWK,Canada,99.4
2018,IT_MOB_3GNTWK,Canada,99.5
2019,IT_MOB_3GNTWK,Canada,99.5
2020,IT_MOB_3GNTWK,Canada,99.5
2021,IT_MOB_3GNTWK,Canada,99.5
2014,IT_MOB_3GNTWK,Chile,50.0
2015,IT_MOB_3GNTWK,Chile,90.0
2016,IT_MOB_3GNTWK,Chile,95.0
2017,IT_MOB_3GNTWK,Chile,95.0
2018,IT_MOB_3GNTWK,Chile,95.0
2019,IT_MOB_3GNTWK,Chile,95.0
2020,IT_MOB_3GNTWK,Chile,95.0
2021,IT_MOB_3GNTWK,Chile,95.0
2014,IT_MOB_3GNTWK,China,43.59
2015,IT_MOB_3GNTWK,China,95.0
2016,IT_MOB_3GNTWK,China,98.0
2017,IT_MOB_3GNTWK,China,98.0
2018,IT_MOB_3GNTWK,China,99.4
2019,IT_MOB_3GNTWK,China,99.9
2020,IT_MOB_3GNTWK,China,99.9
2021,IT_MOB_3GNTWK,China,99.9
2012,IT_MOB_3GNTWK,Colombia,100.0
2000,IT_MOB_2GNTWK,Greece,99.0
2001,IT_MOB_2GNTWK,Greece,99.5
2002,IT_MOB_2GNTWK,Greece,99.6
2003,IT_MOB_2GNTWK,Greece,99.6
2004,IT_MOB_2GNTWK,Greece,99.6
2005,IT_MOB_2GNTWK,Greece,99.7
2006,IT_MOB_2GNTWK,Greece,99.9
2007,IT_MOB_2GNTWK,Greece,99.9
2008,IT_MOB_2GNTWK,Greece,99.9
2009,IT_MOB_2GNTWK,Greece,99.9
2010,IT_MOB_2GNTWK,Greece,99.9
2011,IT_MOB_2GNTWK,Greece,99.9
2012,IT_MOB_2GNTWK,Greece,99.9
2013,IT_MOB_3GNTWK,Colombia,100.0
2014,IT_MOB_3GNTWK,Colombia,100.0
2015,IT_MOB_3GNTWK,Colombia,100.0
2016,IT_MOB_3GNTWK,Colombia,100.0
2017,IT_MOB_3GNTWK,Colombia,100.0
2018,IT_MOB_3GNTWK,Colombia,100.0
2019,IT_MOB_3GNTWK,Colombia,100.0
2020,IT_MOB_3GNTWK,Colombia,100.0
2021,IT_MOB_3GNTWK,Colombia,100.0
2009,IT_MOB_3GNTWK,Costa Rica,44.85
2012,IT_MOB_3GNTWK,Costa Rica,43.03
2013,IT_MOB_3GNTWK,Costa Rica,57.14
2015,IT_MOB_3GNTWK,Costa Rica,93.4
2016,IT_MOB_3GNTWK,Costa Rica,97.1
2017,IT_MOB_3GNTWK,Costa Rica,97.3
2018,IT_MOB_3GNTWK,Costa Rica,97.31
2019,IT_MOB_3GNTWK,Costa Rica,97.7
2020,IT_MOB_3GNTWK,Costa Rica,94.0
2021,IT_MOB_3GNTWK,Costa Rica,94.0
2009,IT_MOB_3GNTWK,Croatia,75.5
2010,IT_MOB_3GNTWK,Croatia,78.8
2013,IT_MOB_2GNTWK,Greece,99.9
2014,IT_MOB_2GNTWK,Greece,99.9
2015,IT_MOB_2GNTWK,Greece,99.9
2016,IT_MOB_2GNTWK,Greece,99.9
2017,IT_MOB_2GNTWK,Greece,99.9
2018,IT_MOB_2GNTWK,Greece,99.9
2019,IT_MOB_2GNTWK,Greece,99.9
2020,IT_MOB_2GNTWK,Greece,99.9
2021,IT_MOB_2GNTWK,Greece,99.9
2000,IT_MOB_2GNTWK,Hungary,95.05
2001,IT_MOB_2GNTWK,Hungary,95.83
2002,IT_MOB_2GNTWK,Hungary,99.0
2013,IT_MOB_4GNTWK,Spain,51.27
2014,IT_MOB_4GNTWK,Spain,75.0
2015,IT_MOB_4GNTWK,Spain,91.3
2016,IT_MOB_4GNTWK,Spain,91.3
2017,IT_MOB_4GNTWK,Spain,96.2
2018,IT_MOB_4GNTWK,Spain,97.8
2019,IT_MOB_4GNTWK,Spain,99.4
2020,IT_MOB_4GNTWK,Spain,99.6
2021,IT_MOB_4GNTWK,Spain,99.6
2012,IT_MOB_4GNTWK,Sweden,93.26
2013,IT_MOB_4GNTWK,Sweden,99.19
2014,IT_MOB_4GNTWK,Sweden,99.45
2015,IT_MOB_4GNTWK,Sweden,99.99
2011,IT_MOB_3GNTWK,Croatia,81.0
2012,IT_MOB_3GNTWK,Croatia,93.74
2013,IT_MOB_3GNTWK,Croatia,98.6
2014,IT_MOB_3GNTWK,Croatia,98.95
2015,IT_MOB_3GNTWK,Croatia,99.06
2016,IT_MOB_3GNTWK,Croatia,99.14
2017,IT_MOB_3GNTWK,Croatia,99.34
2018,IT_MOB_3GNTWK,Croatia,99.4
2019,IT_MOB_3GNTWK,Croatia,99.84
2020,IT_MOB_3GNTWK,Croatia,99.85
2021,IT_MOB_3GNTWK,Croatia,99.99
2009,IT_MOB_3GNTWK,Cyprus,85.0
2016,IT_MOB_4GNTWK,Sweden,100.0
2017,IT_MOB_4GNTWK,Sweden,100.0
2018,IT_MOB_4GNTWK,Sweden,100.0
2019,IT_MOB_4GNTWK,Sweden,100.0
2020,IT_MOB_4GNTWK,Sweden,100.0
2021,IT_MOB_4GNTWK,Sweden,100.0
2012,IT_MOB_4GNTWK,Switzerland,20.0
2013,IT_MOB_4GNTWK,Switzerland,85.0
2014,IT_MOB_4GNTWK,Switzerland,98.0
2015,IT_MOB_4GNTWK,Switzerland,98.0
2016,IT_MOB_4GNTWK,Switzerland,99.0
2017,IT_MOB_4GNTWK,Switzerland,99.0
2018,IT_MOB_4GNTWK,Switzerland,99.0
2003,IT_MOB_2GNTWK,Hungary,99.0
2004,IT_MOB_2GNTWK,Hungary,99.0
2005,IT_MOB_2GNTWK,Hungary,99.0
2006,IT_MOB_2GNTWK,Hungary,99.0
2007,IT_MOB_2GNTWK,Hungary,99.0
2008,IT_MOB_2GNTWK,Hungary,99.0
2009,IT_MOB_2GNTWK,Hungary,99.0
2010,IT_MOB_2GNTWK,Hungary,99.0
2011,IT_MOB_2GNTWK,Hungary,99.0
2012,IT_MOB_2GNTWK,Hungary,99.0
2013,IT_MOB_2GNTWK,Hungary,99.0
2014,IT_MOB_2GNTWK,Hungary,99.0
2010,IT_MOB_3GNTWK,Cyprus,85.0
2011,IT_MOB_3GNTWK,Cyprus,85.3
2012,IT_MOB_3GNTWK,Cyprus,85.3
2013,IT_MOB_3GNTWK,Cyprus,90.0
2014,IT_MOB_3GNTWK,Cyprus,90.01
2015,IT_MOB_3GNTWK,Cyprus,90.01
2016,IT_MOB_3GNTWK,Cyprus,99.97
2017,IT_MOB_3GNTWK,Cyprus,99.97
2018,IT_MOB_3GNTWK,Cyprus,99.97
2019,IT_MOB_3GNTWK,Cyprus,99.97
2020,IT_MOB_3GNTWK,Cyprus,99.93
2019,IT_MOB_4GNTWK,Switzerland,99.94
2020,IT_MOB_4GNTWK,Switzerland,99.95
2021,IT_MOB_4GNTWK,Switzerland,99.96
2012,IT_MOB_4GNTWK,Tajikistan,8.38
2013,IT_MOB_4GNTWK,Tajikistan,17.37
2014,IT_MOB_4GNTWK,Tajikistan,35.0
2015,IT_MOB_4GNTWK,Tajikistan,60.0
2016,IT_MOB_4GNTWK,Tajikistan,73.59
2017,IT_MOB_4GNTWK,Tajikistan,80.0
2019,IT_MOB_4GNTWK,Tajikistan,80.0
2020,IT_MOB_4GNTWK,Tajikistan,80.0
2021,IT_MOB_4GNTWK,Tajikistan,80.0
2012,IT_MOB_4GNTWK,United Arab Emirates,82.0
2015,IT_MOB_2GNTWK,Hungary,99.0
2016,IT_MOB_2GNTWK,Hungary,99.0
2017,IT_MOB_2GNTWK,Hungary,99.0
2018,IT_MOB_2GNTWK,Hungary,99.2
2019,IT_MOB_2GNTWK,Hungary,99.2
2020,IT_MOB_2GNTWK,Hungary,99.2
2021,IT_MOB_2GNTWK,Hungary,99.2
2000,IT_MOB_2GNTWK,Iceland,99.0
2001,IT_MOB_2GNTWK,Iceland,99.0
2002,IT_MOB_2GNTWK,Iceland,99.0
2003,IT_MOB_2GNTWK,Iceland,99.0
2004,IT_MOB_2GNTWK,Iceland,99.0
2013,IT_MOB_4GNTWK,United Arab Emirates,83.5
2014,IT_MOB_4GNTWK,United Arab Emirates,85.0
2015,IT_MOB_4GNTWK,United Arab Emirates,95.29
2016,IT_MOB_4GNTWK,United Arab Emirates,99.6
2017,IT_MOB_4GNTWK,United Arab Emirates,99.64
2018,IT_MOB_4GNTWK,United Arab Emirates,99.73
2019,IT_MOB_4GNTWK,United Arab Emirates,99.82
2020,IT_MOB_4GNTWK,United Arab Emirates,99.82
2021,IT_MOB_4GNTWK,United Arab Emirates,99.83
2014,IT_MOB_4GNTWK,Türkiye,0.0
2015,IT_MOB_4GNTWK,Türkiye,0.0
2016,IT_MOB_4GNTWK,Türkiye,82.5
2017,IT_MOB_4GNTWK,Türkiye,86.52
2005,IT_MOB_2GNTWK,Iceland,99.0
2006,IT_MOB_2GNTWK,Iceland,99.0
2007,IT_MOB_2GNTWK,Iceland,99.0
2008,IT_MOB_2GNTWK,Iceland,99.0
2009,IT_MOB_2GNTWK,Iceland,99.0
2010,IT_MOB_2GNTWK,Iceland,99.0
2011,IT_MOB_2GNTWK,Iceland,99.0
2012,IT_MOB_2GNTWK,Iceland,99.0
2013,IT_MOB_2GNTWK,Iceland,99.0
2014,IT_MOB_2GNTWK,Iceland,99.0
2015,IT_MOB_2GNTWK,Iceland,99.0
2016,IT_MOB_2GNTWK,Iceland,99.0
2017,IT_MOB_2GNTWK,Iceland,99.0
2021,IT_MOB_3GNTWK,Cyprus,99.93
2008,IT_MOB_3GNTWK,Czechia,84.0
2009,IT_MOB_3GNTWK,Czechia,90.4
2010,IT_MOB_3GNTWK,Czechia,90.4
2011,IT_MOB_3GNTWK,Czechia,87.0
2012,IT_MOB_3GNTWK,Czechia,90.1
2013,IT_MOB_3GNTWK,Czechia,90.3
2014,IT_MOB_3GNTWK,Czechia,98.4
2015,IT_MOB_3GNTWK,Czechia,99.0
2016,IT_MOB_3GNTWK,Czechia,99.7
2017,IT_MOB_3GNTWK,Czechia,99.8
2018,IT_MOB_3GNTWK,Czechia,99.8
2018,IT_MOB_4GNTWK,Türkiye,93.17
2019,IT_MOB_4GNTWK,Türkiye,96.71
2020,IT_MOB_4GNTWK,Türkiye,92.24
2021,IT_MOB_4GNTWK,Türkiye,96.83
2013,IT_MOB_4GNTWK,Turkmenistan,6.0
2014,IT_MOB_4GNTWK,Turkmenistan,10.0
2015,IT_MOB_4GNTWK,Turkmenistan,25.0
2016,IT_MOB_4GNTWK,Turkmenistan,46.1
2017,IT_MOB_4GNTWK,Turkmenistan,67.0
2019,IT_MOB_4GNTWK,Turkmenistan,67.0
2020,IT_MOB_4GNTWK,Turkmenistan,67.0
2021,IT_MOB_4GNTWK,Turkmenistan,67.0
2014,IT_MOB_4GNTWK,Ukraine,0.0
2018,IT_MOB_2GNTWK,Iceland,99.0
2019,IT_MOB_2GNTWK,Iceland,99.0
2020,IT_MOB_2GNTWK,Iceland,99.98
2021,IT_MOB_2GNTWK,Iceland,99.98
2000,IT_MOB_2GNTWK,India,21.1
2001,IT_MOB_2GNTWK,India,21.1
2005,IT_MOB_2GNTWK,India,30.5
2006,IT_MOB_2GNTWK,India,60.9
2007,IT_MOB_2GNTWK,India,70.0
2009,IT_MOB_2GNTWK,India,83.0
2013,IT_MOB_2GNTWK,India,93.46
2015,IT_MOB_2GNTWK,India,95.0
2016,IT_MOB_2GNTWK,India,96.0
2015,IT_MOB_4GNTWK,Ukraine,0.0
2016,IT_MOB_4GNTWK,Ukraine,1.44
2017,IT_MOB_4GNTWK,Ukraine,3.0
2019,IT_MOB_4GNTWK,Ukraine,78.1
2020,IT_MOB_4GNTWK,Ukraine,87.15
2021,IT_MOB_4GNTWK,Ukraine,91.6
2013,IT_MOB_4GNTWK,North Macedonia,25.0
2014,IT_MOB_4GNTWK,North Macedonia,45.0
2015,IT_MOB_4GNTWK,North Macedonia,71.03
2016,IT_MOB_4GNTWK,North Macedonia,91.5
2017,IT_MOB_4GNTWK,North Macedonia,96.0
2018,IT_MOB_4GNTWK,North Macedonia,99.53
2019,IT_MOB_4GNTWK,North Macedonia,99.53
2020,IT_MOB_4GNTWK,North Macedonia,99.58
2021,IT_MOB_4GNTWK,North Macedonia,99.58
2012,IT_MOB_4GNTWK,United Kingdom of Great Britain and Northern Ireland,43.0
2013,IT_MOB_4GNTWK,United Kingdom of Great Britain and Northern Ireland,70.0
2014,IT_MOB_4GNTWK,United Kingdom of Great Britain and Northern Ireland,80.0
2015,IT_MOB_4GNTWK,United Kingdom of Great Britain and Northern Ireland,97.8
2016,IT_MOB_4GNTWK,United Kingdom of Great Britain and Northern Ireland,98.5
2017,IT_MOB_4GNTWK,United Kingdom of Great Britain and Northern Ireland,99.3
2018,IT_MOB_4GNTWK,United Kingdom of Great Britain and Northern Ireland,99.7
2019,IT_MOB_4GNTWK,United Kingdom of Great Britain and Northern Ireland,99.7
2020,IT_MOB_4GNTWK,United Kingdom of Great Britain and Northern Ireland,99.9
2019,IT_MOB_3GNTWK,Czechia,99.8
2020,IT_MOB_3GNTWK,Czechia,99.8
2021,IT_MOB_3GNTWK,Czechia,99.8
2008,IT_MOB_3GNTWK,Denmark,97.0
2012,IT_MOB_3GNTWK,Denmark,70.1
2013,IT_MOB_3GNTWK,Denmark,73.6
2014,IT_MOB_3GNTWK,Denmark,99.5
2015,IT_MOB_3GNTWK,Denmark,99.99
2016,IT_MOB_3GNTWK,Denmark,100.0
2017,IT_MOB_3GNTWK,Denmark,100.0
2018,IT_MOB_3GNTWK,Denmark,100.0
2019,IT_MOB_3GNTWK,Denmark,100.0
2020,IT_MOB_3GNTWK,Denmark,100.0
2017,IT_MOB_2GNTWK,India,97.0
2018,IT_MOB_2GNTWK,India,97.0
2019,IT_MOB_2GNTWK,India,99.06
2020,IT_MOB_2GNTWK,India,99.12
2021,IT_MOB_2GNTWK,India,99.21
2000,IT_MOB_2GNTWK,Ireland,98.0
2001,IT_MOB_2GNTWK,Ireland,98.0
2002,IT_MOB_2GNTWK,Ireland,99.0
2003,IT_MOB_2GNTWK,Ireland,99.0
2004,IT_MOB_2GNTWK,Ireland,99.0
2005,IT_MOB_2GNTWK,Ireland,99.0
2006,IT_MOB_2GNTWK,Ireland,99.0
2007,IT_MOB_2GNTWK,Ireland,99.0
2008,IT_MOB_2GNTWK,Ireland,99.0
2009,IT_MOB_2GNTWK,Ireland,99.0
2010,IT_MOB_2GNTWK,Ireland,99.0
2011,IT_MOB_2GNTWK,Ireland,99.0
2012,IT_MOB_2GNTWK,Ireland,99.0
2013,IT_MOB_2GNTWK,Ireland,99.0
2014,IT_MOB_2GNTWK,Ireland,99.0
2015,IT_MOB_2GNTWK,Ireland,99.0
2016,IT_MOB_2GNTWK,Ireland,99.0
2017,IT_MOB_2GNTWK,Ireland,99.0
2018,IT_MOB_2GNTWK,Ireland,99.0
2019,IT_MOB_2GNTWK,Ireland,99.0
2020,IT_MOB_2GNTWK,Ireland,99.0
2021,IT_MOB_2GNTWK,Ireland,99.0
2002,IT_MOB_2GNTWK,Israel,97.0
2003,IT_MOB_2GNTWK,Israel,97.0
2004,IT_MOB_2GNTWK,Israel,98.0
2005,IT_MOB_2GNTWK,Israel,99.0
2006,IT_MOB_2GNTWK,Israel,99.7
2008,IT_MOB_2GNTWK,Israel,100.0
2010,IT_MOB_2GNTWK,Israel,99.0
2011,IT_MOB_2GNTWK,Israel,99.0
2012,IT_MOB_2GNTWK,Israel,99.0
2013,IT_MOB_2GNTWK,Israel,100.0
2015,IT_MOB_2GNTWK,Israel,99.0
2016,IT_MOB_2GNTWK,Israel,99.0
2017,IT_MOB_2GNTWK,Israel,99.0
2018,IT_MOB_2GNTWK,Israel,99.0
2019,IT_MOB_2GNTWK,Israel,99.0
2020,IT_MOB_2GNTWK,Israel,99.0
2021,IT_MOB_2GNTWK,Israel,99.0
2000,IT_MOB_2GNTWK,Italy,99.6
2001,IT_MOB_2GNTWK,Italy,99.6
2002,IT_MOB_2GNTWK,Italy,99.8
2003,IT_MOB_2GNTWK,Italy,99.8
2004,IT_MOB_2GNTWK,Italy,99.8
2005,IT_MOB_2GNTWK,Italy,99.8
2006,IT_MOB_2GNTWK,Italy,99.8
2007,IT_MOB_2GNTWK,Italy,99.8
2008,IT_MOB_2GNTWK,Italy,99.0
2009,IT_MOB_2GNTWK,Italy,99.0
2010,IT_MOB_2GNTWK,Italy,99.0
2011,IT_MOB_2GNTWK,Italy,99.0
2012,IT_MOB_2GNTWK,Italy,99.0
2013,IT_MOB_2GNTWK,Italy,100.0
2014,IT_MOB_2GNTWK,Italy,100.0
2015,IT_MOB_2GNTWK,Italy,100.0
2016,IT_MOB_2GNTWK,Italy,100.0
2017,IT_MOB_2GNTWK,Italy,100.0
2018,IT_MOB_2GNTWK,Italy,100.0
2021,IT_MOB_3GNTWK,Denmark,100.0
2009,IT_MOB_3GNTWK,Estonia,85.0
2010,IT_MOB_3GNTWK,Estonia,95.0
2011,IT_MOB_3GNTWK,Estonia,97.0
2012,IT_MOB_3GNTWK,Estonia,97.0
2013,IT_MOB_3GNTWK,Estonia,100.0
2014,IT_MOB_3GNTWK,Estonia,100.0
2015,IT_MOB_3GNTWK,Estonia,100.0
2016,IT_MOB_3GNTWK,Estonia,99.0
2017,IT_MOB_3GNTWK,Estonia,100.0
2018,IT_MOB_3GNTWK,Estonia,100.0
2019,IT_MOB_3GNTWK,Estonia,100.0
2020,IT_MOB_3GNTWK,Estonia,100.0
2019,IT_MOB_2GNTWK,Italy,100.0
2020,IT_MOB_2GNTWK,Italy,100.0
2021,IT_MOB_2GNTWK,Italy,100.0
2000,IT_MOB_2GNTWK,Japan,99.0
2001,IT_MOB_2GNTWK,Japan,99.0
2002,IT_MOB_2GNTWK,Japan,99.0
2003,IT_MOB_2GNTWK,Japan,99.0
2004,IT_MOB_2GNTWK,Japan,99.0
2005,IT_MOB_2GNTWK,Japan,99.0
2006,IT_MOB_2GNTWK,Japan,99.7
2007,IT_MOB_2GNTWK,Japan,99.77
2008,IT_MOB_2GNTWK,Japan,99.88
2021,IT_MOB_3GNTWK,Estonia,100.0
2008,IT_MOB_3GNTWK,Finland,80.0
2011,IT_MOB_3GNTWK,Finland,95.0
2014,IT_MOB_3GNTWK,Finland,95.0
2015,IT_MOB_3GNTWK,Finland,99.9
2016,IT_MOB_3GNTWK,Finland,99.9
2017,IT_MOB_3GNTWK,Finland,99.9
2018,IT_MOB_3GNTWK,Finland,99.9
2019,IT_MOB_3GNTWK,Finland,99.9
2020,IT_MOB_3GNTWK,Finland,99.9
2021,IT_MOB_3GNTWK,Finland,99.9
2008,IT_MOB_3GNTWK,France,72.5
2010,IT_MOB_3GNTWK,France,91.0
2009,IT_MOB_2GNTWK,Japan,99.9
2010,IT_MOB_2GNTWK,Japan,99.9
2011,IT_MOB_2GNTWK,Japan,99.9
2012,IT_MOB_2GNTWK,Japan,99.9
2013,IT_MOB_2GNTWK,Japan,99.9
2014,IT_MOB_2GNTWK,Japan,99.9
2015,IT_MOB_2GNTWK,Japan,99.9
2016,IT_MOB_2GNTWK,Japan,99.9
2017,IT_MOB_2GNTWK,Japan,99.9
2018,IT_MOB_2GNTWK,Japan,99.9
2019,IT_MOB_2GNTWK,Japan,99.9
2020,IT_MOB_2GNTWK,Japan,99.9
2021,IT_MOB_2GNTWK,Japan,99.9
2001,IT_MOB_2GNTWK,Kazakhstan,94.0
2006,IT_MOB_2GNTWK,Kazakhstan,51.0
2007,IT_MOB_2GNTWK,Kazakhstan,81.0
2008,IT_MOB_2GNTWK,Kazakhstan,94.0
2010,IT_MOB_2GNTWK,Kazakhstan,95.0
2014,IT_MOB_2GNTWK,Kazakhstan,86.6
2015,IT_MOB_2GNTWK,Kazakhstan,96.6
2016,IT_MOB_2GNTWK,Kazakhstan,96.6
2017,IT_MOB_2GNTWK,Kazakhstan,96.6
2018,IT_MOB_2GNTWK,Kazakhstan,96.6
2019,IT_MOB_2GNTWK,Kazakhstan,98.0
2011,IT_MOB_3GNTWK,France,98.0
2012,IT_MOB_3GNTWK,France,98.0
2014,IT_MOB_3GNTWK,France,98.0
2015,IT_MOB_3GNTWK,France,99.0
2016,IT_MOB_3GNTWK,France,99.0
2017,IT_MOB_3GNTWK,France,99.0
2018,IT_MOB_3GNTWK,France,99.0
2019,IT_MOB_3GNTWK,France,99.0
2020,IT_MOB_3GNTWK,France,99.0
2021,IT_MOB_3GNTWK,France,99.0
2012,IT_MOB_3GNTWK,Georgia,74.35
2013,IT_MOB_3GNTWK,Georgia,80.79
2014,IT_MOB_3GNTWK,Georgia,99.0
2020,IT_MOB_2GNTWK,Kazakhstan,98.0
2021,IT_MOB_2GNTWK,Kazakhstan,98.2
2000,IT_MOB_2GNTWK,Republic of Korea,99.0
2001,IT_MOB_2GNTWK,Republic of Korea,99.0
2002,IT_MOB_2GNTWK,Republic of Korea,99.0
2003,IT_MOB_2GNTWK,Republic of Korea,99.0
2004,IT_MOB_2GNTWK,Republic of Korea,99.0
2005,IT_MOB_2GNTWK,Republic of Korea,79.65
2006,IT_MOB_2GNTWK,Republic of Korea,83.23
2007,IT_MOB_2GNTWK,Republic of Korea,89.77
2015,IT_MOB_3GNTWK,Georgia,99.0
2016,IT_MOB_3GNTWK,Georgia,99.85
2017,IT_MOB_3GNTWK,Georgia,99.98
2018,IT_MOB_3GNTWK,Georgia,99.98
2019,IT_MOB_3GNTWK,Georgia,99.98
2020,IT_MOB_3GNTWK,Georgia,99.98
2021,IT_MOB_3GNTWK,Georgia,99.98
2008,IT_MOB_3GNTWK,Germany,80.0
2011,IT_MOB_3GNTWK,Germany,89.0
2012,IT_MOB_3GNTWK,Germany,90.0
2013,IT_MOB_3GNTWK,Germany,92.0
2014,IT_MOB_3GNTWK,Germany,92.5
2015,IT_MOB_3GNTWK,Germany,95.7
2008,IT_MOB_2GNTWK,Republic of Korea,94.3
2009,IT_MOB_2GNTWK,Republic of Korea,99.9
2010,IT_MOB_2GNTWK,Republic of Korea,99.9
2011,IT_MOB_2GNTWK,Republic of Korea,99.9
2012,IT_MOB_2GNTWK,Republic of Korea,99.9
2013,IT_MOB_2GNTWK,Republic of Korea,99.9
2014,IT_MOB_2GNTWK,Republic of Korea,99.9
2015,IT_MOB_2GNTWK,Republic of Korea,99.9
2016,IT_MOB_2GNTWK,Republic of Korea,99.9
2017,IT_MOB_2GNTWK,Republic of Korea,99.9
2018,IT_MOB_2GNTWK,Republic of Korea,99.9
2019,IT_MOB_2GNTWK,Republic of Korea,99.9
2020,IT_MOB_2GNTWK,Republic of Korea,99.9
2019,IT_MOB_3GNTWK,Germany,99.0
2020,IT_MOB_3GNTWK,Germany,99.64
2021,IT_MOB_3GNTWK,Germany,99.83
2008,IT_MOB_3GNTWK,Greece,88.0
2009,IT_MOB_3GNTWK,Greece,74.5
2010,IT_MOB_3GNTWK,Greece,96.0
2011,IT_MOB_3GNTWK,Greece,98.0
2012,IT_MOB_3GNTWK,Greece,98.0
2013,IT_MOB_3GNTWK,Greece,98.7
2014,IT_MOB_3GNTWK,Greece,98.7
2015,IT_MOB_3GNTWK,Greece,99.3
2016,IT_MOB_3GNTWK,Greece,99.4
2021,IT_MOB_2GNTWK,Republic of Korea,99.9
2004,IT_MOB_2GNTWK,Kyrgyzstan,5.2
2006,IT_MOB_2GNTWK,Kyrgyzstan,24.3
2007,IT_MOB_2GNTWK,Kyrgyzstan,41.5
2008,IT_MOB_2GNTWK,Kyrgyzstan,64.33
2009,IT_MOB_2GNTWK,Kyrgyzstan,82.8
2010,IT_MOB_2GNTWK,Kyrgyzstan,96.0
2011,IT_MOB_2GNTWK,Kyrgyzstan,97.0
2012,IT_MOB_2GNTWK,Kyrgyzstan,97.5
2013,IT_MOB_2GNTWK,Kyrgyzstan,97.6
2014,IT_MOB_2GNTWK,Kyrgyzstan,97.7
2015,IT_MOB_2GNTWK,Kyrgyzstan,97.8
2016,IT_MOB_2GNTWK,Kyrgyzstan,99.0
2017,IT_MOB_2GNTWK,Kyrgyzstan,99.05
2018,IT_MOB_2GNTWK,Kyrgyzstan,99.2
2019,IT_MOB_2GNTWK,Kyrgyzstan,99.3
2020,IT_MOB_2GNTWK,Kyrgyzstan,99.3
2021,IT_MOB_2GNTWK,Kyrgyzstan,99.3
2000,IT_MOB_2GNTWK,Latvia,89.0
2001,IT_MOB_2GNTWK,Latvia,92.0
2002,IT_MOB_2GNTWK,Latvia,96.9
2003,IT_MOB_2GNTWK,Latvia,97.2
2004,IT_MOB_2GNTWK,Latvia,98.1
2017,IT_MOB_3GNTWK,Greece,99.6
2018,IT_MOB_3GNTWK,Greece,99.7
2019,IT_MOB_3GNTWK,Greece,99.7
2020,IT_MOB_3GNTWK,Greece,99.7
2021,IT_MOB_3GNTWK,Greece,99.7
2008,IT_MOB_3GNTWK,Hungary,70.0
2009,IT_MOB_3GNTWK,Hungary,79.0
2010,IT_MOB_3GNTWK,Hungary,66.0
2011,IT_MOB_3GNTWK,Hungary,71.0
2012,IT_MOB_3GNTWK,Hungary,97.4
2014,IT_MOB_3GNTWK,Hungary,98.4
2015,IT_MOB_3GNTWK,Hungary,99.0
2016,IT_MOB_3GNTWK,Hungary,99.0
2005,IT_MOB_2GNTWK,Latvia,98.4
2006,IT_MOB_2GNTWK,Latvia,98.0
2007,IT_MOB_2GNTWK,Latvia,98.8
2008,IT_MOB_2GNTWK,Latvia,98.8
2009,IT_MOB_2GNTWK,Latvia,98.8
2010,IT_MOB_2GNTWK,Latvia,98.8
2011,IT_MOB_2GNTWK,Latvia,98.8
2012,IT_MOB_2GNTWK,Latvia,98.8
2013,IT_MOB_2GNTWK,Latvia,98.8
2015,IT_MOB_2GNTWK,Latvia,99.0
2016,IT_MOB_2GNTWK,Latvia,99.0
2017,IT_MOB_3GNTWK,Hungary,99.0
2018,IT_MOB_3GNTWK,Hungary,99.2
2019,IT_MOB_3GNTWK,Hungary,99.2
2020,IT_MOB_3GNTWK,Hungary,99.2
2021,IT_MOB_3GNTWK,Hungary,99.2
2007,IT_MOB_3GNTWK,Iceland,63.0
2009,IT_MOB_3GNTWK,Iceland,87.0
2010,IT_MOB_3GNTWK,Iceland,92.0
2011,IT_MOB_3GNTWK,Iceland,96.0
2012,IT_MOB_3GNTWK,Iceland,96.0
2013,IT_MOB_3GNTWK,Iceland,96.0
2014,IT_MOB_3GNTWK,Iceland,98.0
2015,IT_MOB_3GNTWK,Iceland,99.0
2017,IT_MOB_2GNTWK,Latvia,99.0
2019,IT_MOB_2GNTWK,Latvia,99.0
2020,IT_MOB_2GNTWK,Latvia,99.0
2021,IT_MOB_2GNTWK,Latvia,99.0
2001,IT_MOB_2GNTWK,Liechtenstein,90.0
2002,IT_MOB_2GNTWK,Liechtenstein,90.0
2003,IT_MOB_2GNTWK,Liechtenstein,91.0
2004,IT_MOB_2GNTWK,Liechtenstein,92.0
2005,IT_MOB_2GNTWK,Liechtenstein,94.0
2006,IT_MOB_2GNTWK,Liechtenstein,95.0
2007,IT_MOB_2GNTWK,Liechtenstein,95.0
2012,IT_MOB_2GNTWK,Liechtenstein,100.0
2013,IT_MOB_2GNTWK,Liechtenstein,100.0
2014,IT_MOB_2GNTWK,Liechtenstein,100.0
2015,IT_MOB_2GNTWK,Liechtenstein,100.0
2016,IT_MOB_2GNTWK,Liechtenstein,100.0
2017,IT_MOB_2GNTWK,Liechtenstein,100.0
2018,IT_MOB_2GNTWK,Liechtenstein,100.0
2019,IT_MOB_2GNTWK,Liechtenstein,100.0
2020,IT_MOB_2GNTWK,Liechtenstein,100.0
2021,IT_MOB_2GNTWK,Liechtenstein,100.0
2000,IT_MOB_2GNTWK,Lithuania,100.0
2001,IT_MOB_2GNTWK,Lithuania,100.0
2002,IT_MOB_2GNTWK,Lithuania,100.0
2003,IT_MOB_2GNTWK,Lithuania,100.0
2004,IT_MOB_2GNTWK,Lithuania,100.0
2005,IT_MOB_2GNTWK,Lithuania,100.0
2006,IT_MOB_2GNTWK,Lithuania,100.0
2007,IT_MOB_2GNTWK,Lithuania,100.0
2008,IT_MOB_2GNTWK,Lithuania,100.0
2009,IT_MOB_2GNTWK,Lithuania,100.0
2010,IT_MOB_2GNTWK,Lithuania,98.0
2011,IT_MOB_2GNTWK,Lithuania,100.0
2012,IT_MOB_2GNTWK,Lithuania,100.0
2013,IT_MOB_2GNTWK,Lithuania,100.0
2014,IT_MOB_2GNTWK,Lithuania,100.0
2015,IT_MOB_2GNTWK,Lithuania,100.0
2016,IT_MOB_2GNTWK,Lithuania,100.0
2017,IT_MOB_2GNTWK,Lithuania,100.0
2018,IT_MOB_2GNTWK,Lithuania,100.0
2019,IT_MOB_2GNTWK,Lithuania,100.0
2020,IT_MOB_2GNTWK,Lithuania,100.0
2021,IT_MOB_2GNTWK,Lithuania,100.0
2000,IT_MOB_2GNTWK,Luxembourg,98.0
2001,IT_MOB_2GNTWK,Luxembourg,98.0
2002,IT_MOB_2GNTWK,Luxembourg,98.0
2003,IT_MOB_2GNTWK,Luxembourg,98.0
2016,IT_MOB_3GNTWK,Iceland,99.0
2017,IT_MOB_3GNTWK,Iceland,99.0
2018,IT_MOB_3GNTWK,Iceland,99.0
2019,IT_MOB_3GNTWK,Iceland,99.0
2020,IT_MOB_3GNTWK,Iceland,99.98
2021,IT_MOB_3GNTWK,Iceland,99.98
2007,IT_MOB_3GNTWK,India,0.0
2008,IT_MOB_3GNTWK,India,0.0
2009,IT_MOB_3GNTWK,India,0.08
2012,IT_MOB_3GNTWK,India,36.53
2013,IT_MOB_3GNTWK,India,47.26
2014,IT_MOB_3GNTWK,India,61.0
2015,IT_MOB_3GNTWK,India,74.0
2004,IT_MOB_2GNTWK,Luxembourg,98.0
2005,IT_MOB_2GNTWK,Luxembourg,98.5
2006,IT_MOB_2GNTWK,Luxembourg,99.0
2007,IT_MOB_2GNTWK,Luxembourg,99.0
2008,IT_MOB_2GNTWK,Luxembourg,99.9
2009,IT_MOB_2GNTWK,Luxembourg,99.9
2010,IT_MOB_2GNTWK,Luxembourg,99.9
2014,IT_MOB_2GNTWK,Luxembourg,99.0
2015,IT_MOB_2GNTWK,Luxembourg,99.0
2016,IT_MOB_2GNTWK,Luxembourg,99.0
2017,IT_MOB_2GNTWK,Luxembourg,99.0
2018,IT_MOB_2GNTWK,Luxembourg,99.0
2016,IT_MOB_3GNTWK,India,79.67
2017,IT_MOB_3GNTWK,India,88.0
2018,IT_MOB_3GNTWK,India,94.0
2019,IT_MOB_3GNTWK,India,98.15
2020,IT_MOB_3GNTWK,India,98.56
2021,IT_MOB_3GNTWK,India,98.82
2008,IT_MOB_3GNTWK,Ireland,89.0
2011,IT_MOB_3GNTWK,Ireland,95.0
2012,IT_MOB_3GNTWK,Ireland,95.0
2013,IT_MOB_3GNTWK,Ireland,95.0
2014,IT_MOB_3GNTWK,Ireland,95.0
2015,IT_MOB_3GNTWK,Ireland,95.0
2016,IT_MOB_3GNTWK,Ireland,95.0
2017,IT_MOB_3GNTWK,Ireland,95.0
2018,IT_MOB_3GNTWK,Ireland,95.0
2019,IT_MOB_3GNTWK,Ireland,95.0
2020,IT_MOB_3GNTWK,Ireland,95.0
2021,IT_MOB_3GNTWK,Ireland,95.0
2010,IT_MOB_3GNTWK,Israel,99.0
2011,IT_MOB_3GNTWK,Israel,99.0
2012,IT_MOB_3GNTWK,Israel,99.0
2013,IT_MOB_3GNTWK,Israel,99.0
2014,IT_MOB_3GNTWK,Israel,99.0
2015,IT_MOB_3GNTWK,Israel,99.0
2016,IT_MOB_3GNTWK,Israel,99.0
2017,IT_MOB_3GNTWK,Israel,99.0
2019,IT_MOB_2GNTWK,Luxembourg,99.0
2020,IT_MOB_2GNTWK,Luxembourg,99.0
2021,IT_MOB_2GNTWK,Luxembourg,99.0
2000,IT_MOB_2GNTWK,Malta,99.0
2001,IT_MOB_2GNTWK,Malta,99.0
2002,IT_MOB_2GNTWK,Malta,99.0
2003,IT_MOB_2GNTWK,Malta,99.0
2004,IT_MOB_2GNTWK,Malta,99.0
2005,IT_MOB_2GNTWK,Malta,99.0
2006,IT_MOB_2GNTWK,Malta,100.0
2007,IT_MOB_2GNTWK,Malta,100.0
2018,IT_MOB_3GNTWK,Israel,99.0
2019,IT_MOB_3GNTWK,Israel,99.0
2020,IT_MOB_3GNTWK,Israel,99.0
2021,IT_MOB_3GNTWK,Israel,99.0
2008,IT_MOB_3GNTWK,Italy,62.0
2009,IT_MOB_3GNTWK,Italy,70.0
2010,IT_MOB_3GNTWK,Italy,80.0
2011,IT_MOB_3GNTWK,Italy,98.0
2012,IT_MOB_3GNTWK,Italy,99.0
2013,IT_MOB_3GNTWK,Italy,99.7
2014,IT_MOB_3GNTWK,Italy,99.0
2015,IT_MOB_3GNTWK,Italy,100.0
2016,IT_MOB_3GNTWK,Italy,100.0
2008,IT_MOB_2GNTWK,Malta,100.0
2009,IT_MOB_2GNTWK,Malta,100.0
2010,IT_MOB_2GNTWK,Malta,100.0
2011,IT_MOB_2GNTWK,Malta,100.0
2012,IT_MOB_2GNTWK,Malta,100.0
2013,IT_MOB_2GNTWK,Malta,100.0
2014,IT_MOB_2GNTWK,Malta,100.0
2015,IT_MOB_2GNTWK,Malta,100.0
2016,IT_MOB_2GNTWK,Malta,100.0
2017,IT_MOB_2GNTWK,Malta,100.0
2018,IT_MOB_2GNTWK,Malta,100.0
2019,IT_MOB_2GNTWK,Malta,100.0
2020,IT_MOB_2GNTWK,Malta,100.0
2021,IT_MOB_2GNTWK,Malta,100.0
2000,IT_MOB_2GNTWK,Mexico,85.5
2001,IT_MOB_2GNTWK,Mexico,99.3
2002,IT_MOB_2GNTWK,Mexico,99.9
2003,IT_MOB_2GNTWK,Mexico,99.9
2004,IT_MOB_2GNTWK,Mexico,99.9
2005,IT_MOB_2GNTWK,Mexico,99.9
2006,IT_MOB_2GNTWK,Mexico,99.9
2007,IT_MOB_2GNTWK,Mexico,99.9
2008,IT_MOB_2GNTWK,Mexico,99.9
2009,IT_MOB_2GNTWK,Mexico,99.9
2010,IT_MOB_2GNTWK,Mexico,99.9
2017,IT_MOB_3GNTWK,Italy,100.0
2018,IT_MOB_3GNTWK,Italy,100.0
2019,IT_MOB_3GNTWK,Italy,100.0
2020,IT_MOB_3GNTWK,Italy,100.0
2021,IT_MOB_3GNTWK,Italy,100.0
2012,IT_MOB_3GNTWK,Japan,99.9
2013,IT_MOB_3GNTWK,Japan,99.9
2014,IT_MOB_3GNTWK,Japan,99.9
2015,IT_MOB_3GNTWK,Japan,99.9
2016,IT_MOB_3GNTWK,Japan,99.9
2017,IT_MOB_3GNTWK,Japan,99.9
2018,IT_MOB_3GNTWK,Japan,99.9
2019,IT_MOB_3GNTWK,Japan,99.9
2020,IT_MOB_3GNTWK,Japan,99.9
2021,IT_MOB_3GNTWK,Japan,99.9
2012,IT_MOB_3GNTWK,Kazakhstan,45.73
2013,IT_MOB_3GNTWK,Kazakhstan,59.0
2014,IT_MOB_3GNTWK,Kazakhstan,59.0
2015,IT_MOB_3GNTWK,Kazakhstan,72.7
2016,IT_MOB_3GNTWK,Kazakhstan,86.8
2017,IT_MOB_3GNTWK,Kazakhstan,87.5
2018,IT_MOB_3GNTWK,Kazakhstan,87.9
2019,IT_MOB_3GNTWK,Kazakhstan,88.8
2020,IT_MOB_3GNTWK,Kazakhstan,93.4
2011,IT_MOB_2GNTWK,Mexico,99.9
2012,IT_MOB_2GNTWK,Mexico,99.9
2013,IT_MOB_2GNTWK,Mexico,99.9
2015,IT_MOB_2GNTWK,Mexico,93.0
2016,IT_MOB_2GNTWK,Mexico,93.0
2018,IT_MOB_2GNTWK,Mexico,92.68
2019,IT_MOB_2GNTWK,Mexico,95.83
2020,IT_MOB_2GNTWK,Mexico,96.02
2021,IT_MOB_2GNTWK,Mexico,96.96
2000,IT_MOB_2GNTWK,Moldova,70.0
2001,IT_MOB_2GNTWK,Moldova,76.0
2002,IT_MOB_2GNTWK,Moldova,77.01
2021,IT_MOB_3GNTWK,Kazakhstan,96.0
2007,IT_MOB_3GNTWK,Republic of Korea,99.0
2008,IT_MOB_3GNTWK,Republic of Korea,99.0
2009,IT_MOB_3GNTWK,Republic of Korea,99.0
2010,IT_MOB_3GNTWK,Republic of Korea,99.0
2011,IT_MOB_3GNTWK,Republic of Korea,99.0
2012,IT_MOB_3GNTWK,Republic of Korea,99.0
2013,IT_MOB_3GNTWK,Republic of Korea,99.0
2014,IT_MOB_3GNTWK,Republic of Korea,99.0
2015,IT_MOB_3GNTWK,Republic of Korea,99.0
2016,IT_MOB_3GNTWK,Republic of Korea,99.9
2017,IT_MOB_3GNTWK,Republic of Korea,99.9
2003,IT_MOB_2GNTWK,Moldova,79.45
2004,IT_MOB_2GNTWK,Moldova,90.0
2005,IT_MOB_2GNTWK,Moldova,96.87
2006,IT_MOB_2GNTWK,Moldova,96.96
2007,IT_MOB_2GNTWK,Moldova,97.98
2011,IT_MOB_2GNTWK,Moldova,99.0
2012,IT_MOB_2GNTWK,Moldova,99.0
2013,IT_MOB_2GNTWK,Moldova,99.0
2014,IT_MOB_2GNTWK,Moldova,99.0
2015,IT_MOB_2GNTWK,Moldova,99.0
2018,IT_MOB_3GNTWK,Republic of Korea,99.9
2019,IT_MOB_3GNTWK,Republic of Korea,99.9
2020,IT_MOB_3GNTWK,Republic of Korea,99.9
2021,IT_MOB_3GNTWK,Republic of Korea,99.9
2011,IT_MOB_3GNTWK,Kyrgyzstan,32.0
2012,IT_MOB_3GNTWK,Kyrgyzstan,46.32
2013,IT_MOB_3GNTWK,Kyrgyzstan,51.0
2014,IT_MOB_3GNTWK,Kyrgyzstan,57.0
2015,IT_MOB_3GNTWK,Kyrgyzstan,59.0
2016,IT_MOB_3GNTWK,Kyrgyzstan,60.0
2017,IT_MOB_3GNTWK,Kyrgyzstan,75.0
2018,IT_MOB_3GNTWK,Kyrgyzstan,88.0
2016,IT_MOB_2GNTWK,Moldova,99.0
2017,IT_MOB_2GNTWK,Moldova,99.99
2018,IT_MOB_2GNTWK,Moldova,99.99
2019,IT_MOB_2GNTWK,Moldova,99.99
2020,IT_MOB_2GNTWK,Moldova,99.99
2021,IT_MOB_2GNTWK,Moldova,99.99
2004,IT_MOB_2GNTWK,Montenegro,95.1
2005,IT_MOB_2GNTWK,Montenegro,99.0
2006,IT_MOB_2GNTWK,Montenegro,99.0
2007,IT_MOB_2GNTWK,Montenegro,99.0
2008,IT_MOB_2GNTWK,Montenegro,99.0
2019,IT_MOB_3GNTWK,Kyrgyzstan,91.0
2020,IT_MOB_3GNTWK,Kyrgyzstan,91.0
2021,IT_MOB_3GNTWK,Kyrgyzstan,91.0
2012,IT_MOB_3GNTWK,Latvia,95.0
2013,IT_MOB_3GNTWK,Latvia,95.0
2014,IT_MOB_3GNTWK,Latvia,95.0
2015,IT_MOB_3GNTWK,Latvia,95.0
2016,IT_MOB_3GNTWK,Latvia,99.0
2017,IT_MOB_3GNTWK,Latvia,99.0
2019,IT_MOB_3GNTWK,Latvia,99.0
2020,IT_MOB_3GNTWK,Latvia,99.0
2021,IT_MOB_3GNTWK,Latvia,99.0
2012,IT_MOB_3GNTWK,Liechtenstein,98.0
2009,IT_MOB_2GNTWK,Montenegro,100.0
2010,IT_MOB_2GNTWK,Montenegro,100.0
2014,IT_MOB_2GNTWK,Montenegro,99.5
2015,IT_MOB_2GNTWK,Montenegro,99.5
2016,IT_MOB_2GNTWK,Montenegro,99.5
2017,IT_MOB_2GNTWK,Montenegro,99.5
2018,IT_MOB_2GNTWK,Montenegro,99.58
2019,IT_MOB_2GNTWK,Montenegro,98.52
2020,IT_MOB_2GNTWK,Montenegro,98.34
2021,IT_MOB_2GNTWK,Montenegro,98.41
2000,IT_MOB_2GNTWK,Netherlands (Kingdom of the),99.5
2013,IT_MOB_3GNTWK,Liechtenstein,99.0
2014,IT_MOB_3GNTWK,Liechtenstein,99.0
2015,IT_MOB_3GNTWK,Liechtenstein,99.0
2016,IT_MOB_3GNTWK,Liechtenstein,99.0
2017,IT_MOB_3GNTWK,Liechtenstein,99.0
2018,IT_MOB_3GNTWK,Liechtenstein,99.0
2019,IT_MOB_3GNTWK,Liechtenstein,99.0
2020,IT_MOB_3GNTWK,Liechtenstein,99.0
2021,IT_MOB_3GNTWK,Liechtenstein,99.0
2009,IT_MOB_3GNTWK,Lithuania,75.5
2010,IT_MOB_3GNTWK,Lithuania,46.0
2011,IT_MOB_3GNTWK,Lithuania,40.0
2012,IT_MOB_3GNTWK,Lithuania,54.0
2013,IT_MOB_3GNTWK,Lithuania,94.0
2014,IT_MOB_3GNTWK,Lithuania,99.0
2015,IT_MOB_3GNTWK,Lithuania,99.98
2016,IT_MOB_3GNTWK,Lithuania,99.98
2017,IT_MOB_3GNTWK,Lithuania,99.99
2018,IT_MOB_3GNTWK,Lithuania,99.99
2019,IT_MOB_3GNTWK,Lithuania,99.99
2020,IT_MOB_3GNTWK,Lithuania,99.99
2021,IT_MOB_3GNTWK,Lithuania,99.99
2008,IT_MOB_3GNTWK,Luxembourg,90.0
2009,IT_MOB_3GNTWK,Luxembourg,80.0
2010,IT_MOB_3GNTWK,Luxembourg,90.0
2012,IT_MOB_3GNTWK,Luxembourg,95.0
2014,IT_MOB_3GNTWK,Luxembourg,97.0
2015,IT_MOB_3GNTWK,Luxembourg,99.0
2016,IT_MOB_3GNTWK,Luxembourg,99.0
2017,IT_MOB_3GNTWK,Luxembourg,99.0
2018,IT_MOB_3GNTWK,Luxembourg,99.0
2019,IT_MOB_3GNTWK,Luxembourg,99.0
2020,IT_MOB_3GNTWK,Luxembourg,99.0
2021,IT_MOB_3GNTWK,Luxembourg,99.0
2012,IT_MOB_3GNTWK,Malta,88.64
2013,IT_MOB_3GNTWK,Malta,96.32
2014,IT_MOB_3GNTWK,Malta,99.0
2015,IT_MOB_3GNTWK,Malta,100.0
2016,IT_MOB_3GNTWK,Malta,100.0
2017,IT_MOB_3GNTWK,Malta,100.0
2018,IT_MOB_3GNTWK,Malta,100.0
2019,IT_MOB_3GNTWK,Malta,100.0
2020,IT_MOB_3GNTWK,Malta,100.0
2021,IT_MOB_3GNTWK,Malta,100.0
2012,IT_MOB_3GNTWK,Mexico,91.71
2013,IT_MOB_3GNTWK,Mexico,95.0
2014,IT_MOB_3GNTWK,Mexico,95.0
2015,IT_MOB_3GNTWK,Mexico,89.0
2016,IT_MOB_3GNTWK,Mexico,89.0
2018,IT_MOB_3GNTWK,Mexico,89.64
2019,IT_MOB_3GNTWK,Mexico,95.01
2020,IT_MOB_3GNTWK,Mexico,95.58
2021,IT_MOB_3GNTWK,Mexico,95.68
2009,IT_MOB_3GNTWK,Moldova,61.9
2011,IT_MOB_3GNTWK,Moldova,99.0
2012,IT_MOB_3GNTWK,Moldova,99.0
2013,IT_MOB_3GNTWK,Moldova,99.0
2014,IT_MOB_3GNTWK,Moldova,99.0
2015,IT_MOB_3GNTWK,Moldova,99.0
2016,IT_MOB_3GNTWK,Moldova,99.0
2017,IT_MOB_3GNTWK,Moldova,99.5
2018,IT_MOB_3GNTWK,Moldova,99.8
2019,IT_MOB_3GNTWK,Moldova,99.9
2020,IT_MOB_3GNTWK,Moldova,99.9
2021,IT_MOB_3GNTWK,Moldova,99.9
2010,IT_MOB_3GNTWK,Montenegro,72.0
2012,IT_MOB_3GNTWK,Montenegro,75.28
2013,IT_MOB_3GNTWK,Montenegro,81.81
2014,IT_MOB_3GNTWK,Montenegro,97.2
2015,IT_MOB_3GNTWK,Montenegro,97.2
2016,IT_MOB_3GNTWK,Montenegro,95.0
2017,IT_MOB_3GNTWK,Montenegro,98.0
2018,IT_MOB_3GNTWK,Montenegro,98.0
2019,IT_MOB_3GNTWK,Montenegro,98.0
2020,IT_MOB_3GNTWK,Montenegro,98.34
2021,IT_MOB_3GNTWK,Montenegro,98.01
2007,IT_MOB_3GNTWK,Netherlands (Kingdom of the),90.0
2010,IT_MOB_3GNTWK,Netherlands (Kingdom of the),99.0
2011,IT_MOB_3GNTWK,Netherlands (Kingdom of the),99.0
2012,IT_MOB_3GNTWK,Netherlands (Kingdom of the),99.0
2014,IT_MOB_3GNTWK,Netherlands (Kingdom of the),99.0
2015,IT_MOB_3GNTWK,Netherlands (Kingdom of the),99.0
2016,IT_MOB_3GNTWK,Netherlands (Kingdom of the),99.0
2017,IT_MOB_3GNTWK,Netherlands (Kingdom of the),99.0
2018,IT_MOB_3GNTWK,Netherlands (Kingdom of the),99.0
2001,IT_MOB_2GNTWK,Netherlands (Kingdom of the),99.5
2002,IT_MOB_2GNTWK,Netherlands (Kingdom of the),99.5
2003,IT_MOB_2GNTWK,Netherlands (Kingdom of the),99.5
2004,IT_MOB_2GNTWK,Netherlands (Kingdom of the),99.5
2005,IT_MOB_2GNTWK,Netherlands (Kingdom of the),99.9
2006,IT_MOB_2GNTWK,Netherlands (Kingdom of the),98.0
2007,IT_MOB_2GNTWK,Netherlands (Kingdom of the),98.0
2008,IT_MOB_2GNTWK,Netherlands (Kingdom of the),98.0
2010,IT_MOB_2GNTWK,Netherlands (Kingdom of the),100.0
2011,IT_MOB_2GNTWK,Netherlands (Kingdom of the),100.0
2012,IT_MOB_2GNTWK,Netherlands (Kingdom of the),100.0
2014,IT_MOB_2GNTWK,Netherlands (Kingdom of the),100.0
2015,IT_MOB_2GNTWK,Netherlands (Kingdom of the),100.0
2016,IT_MOB_2GNTWK,Netherlands (Kingdom of the),100.0
2017,IT_MOB_2GNTWK,Netherlands (Kingdom of the),100.0
2018,IT_MOB_2GNTWK,Netherlands (Kingdom of the),100.0
2019,IT_MOB_2GNTWK,Netherlands (Kingdom of the),100.0
2020,IT_MOB_2GNTWK,Netherlands (Kingdom of the),100.0
2021,IT_MOB_2GNTWK,Netherlands (Kingdom of the),100.0
2000,IT_MOB_2GNTWK,New Zealand,97.0
2001,IT_MOB_2GNTWK,New Zealand,97.0
2002,IT_MOB_2GNTWK,New Zealand,97.0
2003,IT_MOB_2GNTWK,New Zealand,98.0
2004,IT_MOB_2GNTWK,New Zealand,98.0
2005,IT_MOB_2GNTWK,New Zealand,98.0
2006,IT_MOB_2GNTWK,New Zealand,98.0
2007,IT_MOB_2GNTWK,New Zealand,97.0
2008,IT_MOB_2GNTWK,New Zealand,97.0
2009,IT_MOB_2GNTWK,New Zealand,97.0
2010,IT_MOB_2GNTWK,New Zealand,97.0
2011,IT_MOB_2GNTWK,New Zealand,97.0
2012,IT_MOB_2GNTWK,New Zealand,97.0
2014,IT_MOB_2GNTWK,New Zealand,97.0
2015,IT_MOB_2GNTWK,New Zealand,98.0
2016,IT_MOB_2GNTWK,New Zealand,98.0
2019,IT_MOB_3GNTWK,Netherlands (Kingdom of the),99.0
2020,IT_MOB_3GNTWK,Netherlands (Kingdom of the),99.0
2021,IT_MOB_3GNTWK,Netherlands (Kingdom of the),99.0
2008,IT_MOB_3GNTWK,New Zealand,97.0
2009,IT_MOB_3GNTWK,New Zealand,97.0
2010,IT_MOB_3GNTWK,New Zealand,97.0
2011,IT_MOB_3GNTWK,New Zealand,97.0
2012,IT_MOB_3GNTWK,New Zealand,97.0
2014,IT_MOB_3GNTWK,New Zealand,97.0
2015,IT_MOB_3GNTWK,New Zealand,98.0
2016,IT_MOB_3GNTWK,New Zealand,98.0
2017,IT_MOB_3GNTWK,New Zealand,98.0
2018,IT_MOB_3GNTWK,New Zealand,98.0
2019,IT_MOB_3GNTWK,New Zealand,98.0
2020,IT_MOB_3GNTWK,New Zealand,98.5
2021,IT_MOB_3GNTWK,New Zealand,98.25
2007,IT_MOB_3GNTWK,Norway,90.0
2012,IT_MOB_3GNTWK,Norway,90.0
2013,IT_MOB_3GNTWK,Norway,97.0
2014,IT_MOB_3GNTWK,Norway,98.0
2015,IT_MOB_3GNTWK,Norway,99.0
2016,IT_MOB_3GNTWK,Norway,99.2
2017,IT_MOB_3GNTWK,Norway,99.8
2018,IT_MOB_3GNTWK,Norway,99.9
2019,IT_MOB_3GNTWK,Norway,99.9
2020,IT_MOB_3GNTWK,Norway,99.9
2021,IT_MOB_3GNTWK,Norway,99.9
2007,IT_MOB_3GNTWK,Poland,25.5
2009,IT_MOB_3GNTWK,Poland,56.63
2010,IT_MOB_3GNTWK,Poland,61.16
2011,IT_MOB_3GNTWK,Poland,82.34
2012,IT_MOB_3GNTWK,Poland,80.52
2013,IT_MOB_3GNTWK,Poland,93.6
2014,IT_MOB_3GNTWK,Poland,99.9
2015,IT_MOB_3GNTWK,Poland,100.0
2016,IT_MOB_3GNTWK,Poland,100.0
2017,IT_MOB_3GNTWK,Poland,100.0
2018,IT_MOB_3GNTWK,Poland,100.0
2019,IT_MOB_3GNTWK,Poland,100.0
2020,IT_MOB_3GNTWK,Poland,100.0
2021,IT_MOB_3GNTWK,Poland,100.0
2009,IT_MOB_3GNTWK,Portugal,79.0
2010,IT_MOB_3GNTWK,Portugal,84.0
2011,IT_MOB_3GNTWK,Portugal,85.0
2012,IT_MOB_3GNTWK,Portugal,87.5
2013,IT_MOB_3GNTWK,Portugal,96.2
2014,IT_MOB_3GNTWK,Portugal,99.1
2015,IT_MOB_3GNTWK,Portugal,99.1
2016,IT_MOB_3GNTWK,Portugal,99.3
2017,IT_MOB_2GNTWK,New Zealand,98.0
2018,IT_MOB_2GNTWK,New Zealand,98.0
2019,IT_MOB_2GNTWK,New Zealand,98.0
2020,IT_MOB_2GNTWK,New Zealand,98.5
2021,IT_MOB_2GNTWK,New Zealand,98.25
2000,IT_MOB_2GNTWK,Norway,96.0
2001,IT_MOB_2GNTWK,Norway,97.0
2011,IT_MOB_2GNTWK,Norway,100.0
2012,IT_MOB_2GNTWK,Norway,100.0
2013,IT_MOB_2GNTWK,Norway,100.0
2014,IT_MOB_2GNTWK,Norway,100.0
2015,IT_MOB_2GNTWK,Norway,100.0
2016,IT_MOB_2GNTWK,Norway,99.2
2017,IT_MOB_3GNTWK,Portugal,99.5
2018,IT_MOB_3GNTWK,Portugal,99.2
2019,IT_MOB_3GNTWK,Portugal,99.7
2020,IT_MOB_3GNTWK,Portugal,99.9
2021,IT_MOB_3GNTWK,Portugal,99.9
2007,IT_MOB_3GNTWK,Romania,45.0
2008,IT_MOB_3GNTWK,Romania,60.0
2009,IT_MOB_3GNTWK,Romania,90.0
2010,IT_MOB_3GNTWK,Romania,91.0
2011,IT_MOB_3GNTWK,Romania,95.0
2012,IT_MOB_3GNTWK,Romania,99.8
2013,IT_MOB_3GNTWK,Romania,99.8
2014,IT_MOB_3GNTWK,Romania,99.8
2015,IT_MOB_3GNTWK,Romania,99.9
2016,IT_MOB_3GNTWK,Romania,99.96
2017,IT_MOB_3GNTWK,Romania,99.96
2018,IT_MOB_3GNTWK,Romania,99.96
2019,IT_MOB_3GNTWK,Romania,99.96
2020,IT_MOB_3GNTWK,Romania,99.98
2021,IT_MOB_3GNTWK,Romania,99.98
2008,IT_MOB_3GNTWK,Serbia,55.85
2009,IT_MOB_3GNTWK,Serbia,63.15
2010,IT_MOB_3GNTWK,Serbia,68.93
2011,IT_MOB_3GNTWK,Serbia,76.36
2012,IT_MOB_3GNTWK,Serbia,90.4
2013,IT_MOB_3GNTWK,Serbia,99.71
2014,IT_MOB_3GNTWK,Serbia,97.16
2015,IT_MOB_3GNTWK,Serbia,97.29
2016,IT_MOB_3GNTWK,Serbia,98.51
2017,IT_MOB_3GNTWK,Serbia,98.67
2018,IT_MOB_3GNTWK,Serbia,98.67
2019,IT_MOB_3GNTWK,Serbia,98.88
2020,IT_MOB_3GNTWK,Serbia,98.94
2021,IT_MOB_3GNTWK,Serbia,98.99
2007,IT_MOB_3GNTWK,Slovakia,56.0
2008,IT_MOB_3GNTWK,Slovakia,61.1
2009,IT_MOB_3GNTWK,Slovakia,67.8
2010,IT_MOB_3GNTWK,Slovakia,69.2
2011,IT_MOB_3GNTWK,Slovakia,71.1
2012,IT_MOB_3GNTWK,Slovakia,77.0
2013,IT_MOB_3GNTWK,Slovakia,85.0
2014,IT_MOB_3GNTWK,Slovakia,91.0
2015,IT_MOB_3GNTWK,Slovakia,93.0
2016,IT_MOB_3GNTWK,Slovakia,94.0
2017,IT_MOB_3GNTWK,Slovakia,95.0
2018,IT_MOB_3GNTWK,Slovakia,95.0
2019,IT_MOB_3GNTWK,Slovakia,97.0
2020,IT_MOB_3GNTWK,Slovakia,99.0
2021,IT_MOB_3GNTWK,Slovakia,99.0
2012,IT_MOB_3GNTWK,Viet Nam,30.96
2013,IT_MOB_3GNTWK,Viet Nam,40.58
2014,IT_MOB_3GNTWK,Viet Nam,55.0
2015,IT_MOB_3GNTWK,Viet Nam,70.0
2016,IT_MOB_3GNTWK,Viet Nam,77.32
2017,IT_MOB_3GNTWK,Viet Nam,98.0
2018,IT_MOB_3GNTWK,Viet Nam,99.6
2019,IT_MOB_3GNTWK,Viet Nam,99.8
2020,IT_MOB_3GNTWK,Viet Nam,99.8
2021,IT_MOB_3GNTWK,Viet Nam,99.8
2007,IT_MOB_3GNTWK,Slovenia,72.3
2008,IT_MOB_3GNTWK,Slovenia,72.9
2017,IT_MOB_2GNTWK,Norway,99.8
2018,IT_MOB_2GNTWK,Norway,99.9
2019,IT_MOB_2GNTWK,Norway,99.9
2020,IT_MOB_2GNTWK,Norway,99.9
2021,IT_MOB_2GNTWK,Norway,99.9
2000,IT_MOB_2GNTWK,Poland,95.0
2003,IT_MOB_2GNTWK,Poland,99.0
2004,IT_MOB_2GNTWK,Poland,99.0
2005,IT_MOB_2GNTWK,Poland,99.0
2006,IT_MOB_2GNTWK,Poland,99.0
2007,IT_MOB_2GNTWK,Poland,99.0
2008,IT_MOB_2GNTWK,Poland,99.0
2009,IT_MOB_3GNTWK,Slovenia,73.6
2010,IT_MOB_3GNTWK,Slovenia,84.6
2011,IT_MOB_3GNTWK,Slovenia,90.6
2012,IT_MOB_3GNTWK,Slovenia,91.4
2013,IT_MOB_3GNTWK,Slovenia,92.3
2014,IT_MOB_3GNTWK,Slovenia,99.4
2015,IT_MOB_3GNTWK,Slovenia,98.0
2016,IT_MOB_3GNTWK,Slovenia,98.1
2017,IT_MOB_3GNTWK,Slovenia,98.6
2018,IT_MOB_3GNTWK,Slovenia,99.5
2019,IT_MOB_3GNTWK,Slovenia,99.7
2020,IT_MOB_3GNTWK,Slovenia,99.9
2021,IT_MOB_3GNTWK,Slovenia,99.99
2009,IT_MOB_2GNTWK,Poland,99.0
2010,IT_MOB_2GNTWK,Poland,99.0
2011,IT_MOB_2GNTWK,Poland,99.54
2012,IT_MOB_2GNTWK,Poland,99.54
2013,IT_MOB_2GNTWK,Poland,99.54
2014,IT_MOB_2GNTWK,Poland,99.9
2015,IT_MOB_2GNTWK,Poland,100.0
2016,IT_MOB_2GNTWK,Poland,100.0
2017,IT_MOB_2GNTWK,Poland,100.0
2018,IT_MOB_2GNTWK,Poland,100.0
2019,IT_MOB_2GNTWK,Poland,100.0
2020,IT_MOB_2GNTWK,Poland,100.0
2021,IT_MOB_2GNTWK,Poland,100.0
2008,IT_MOB_3GNTWK,Spain,83.0
2009,IT_MOB_3GNTWK,Spain,91.4
2010,IT_MOB_3GNTWK,Spain,95.1
2011,IT_MOB_3GNTWK,Spain,94.8
2012,IT_MOB_3GNTWK,Spain,97.9
2013,IT_MOB_3GNTWK,Spain,97.9
2014,IT_MOB_3GNTWK,Spain,98.9
2015,IT_MOB_3GNTWK,Spain,99.4
2016,IT_MOB_3GNTWK,Spain,99.6
2017,IT_MOB_3GNTWK,Spain,99.7
2018,IT_MOB_3GNTWK,Spain,99.7
2019,IT_MOB_3GNTWK,Spain,99.7
2020,IT_MOB_3GNTWK,Spain,99.8
2000,IT_MOB_2GNTWK,Portugal,99.0
2001,IT_MOB_2GNTWK,Portugal,99.0
2002,IT_MOB_2GNTWK,Portugal,99.0
2003,IT_MOB_2GNTWK,Portugal,99.0
2004,IT_MOB_2GNTWK,Portugal,99.0
2005,IT_MOB_2GNTWK,Portugal,99.0
2006,IT_MOB_2GNTWK,Portugal,99.0
2007,IT_MOB_2GNTWK,Portugal,99.0
2008,IT_MOB_2GNTWK,Portugal,99.0
2009,IT_MOB_2GNTWK,Portugal,99.0
2010,IT_MOB_2GNTWK,Portugal,99.0
2021,IT_MOB_3GNTWK,Spain,99.8
2007,IT_MOB_3GNTWK,Sweden,99.0
2008,IT_MOB_3GNTWK,Sweden,99.0
2009,IT_MOB_3GNTWK,Sweden,99.0
2010,IT_MOB_3GNTWK,Sweden,99.98
2011,IT_MOB_3GNTWK,Sweden,99.98
2012,IT_MOB_3GNTWK,Sweden,99.99
2014,IT_MOB_3GNTWK,Sweden,99.99
2015,IT_MOB_3GNTWK,Sweden,99.99
2016,IT_MOB_3GNTWK,Sweden,100.0
2017,IT_MOB_3GNTWK,Sweden,100.0
2018,IT_MOB_3GNTWK,Sweden,100.0
2019,IT_MOB_3GNTWK,Sweden,100.0
2020,IT_MOB_3GNTWK,Sweden,100.0
2021,IT_MOB_3GNTWK,Sweden,100.0
2007,IT_MOB_3GNTWK,Switzerland,91.0
2008,IT_MOB_3GNTWK,Switzerland,93.0
2009,IT_MOB_3GNTWK,Switzerland,94.0
2010,IT_MOB_3GNTWK,Switzerland,96.0
2011,IT_MOB_3GNTWK,Switzerland,97.0
2012,IT_MOB_3GNTWK,Switzerland,97.0
2013,IT_MOB_3GNTWK,Switzerland,99.0
2014,IT_MOB_3GNTWK,Switzerland,100.0
2015,IT_MOB_3GNTWK,Switzerland,100.0
2016,IT_MOB_3GNTWK,Switzerland,100.0
2017,IT_MOB_3GNTWK,Switzerland,100.0
2011,IT_MOB_2GNTWK,Portugal,99.0
2012,IT_MOB_2GNTWK,Portugal,99.0
2013,IT_MOB_2GNTWK,Portugal,99.0
2014,IT_MOB_2GNTWK,Portugal,99.0
2015,IT_MOB_2GNTWK,Portugal,99.8
2016,IT_MOB_2GNTWK,Portugal,99.8
2017,IT_MOB_2GNTWK,Portugal,99.88
2018,IT_MOB_2GNTWK,Portugal,99.88
2019,IT_MOB_2GNTWK,Portugal,99.88
2020,IT_MOB_2GNTWK,Portugal,99.9
2021,IT_MOB_2GNTWK,Portugal,99.9
2000,IT_MOB_2GNTWK,Romania,97.0
2018,IT_MOB_3GNTWK,Switzerland,100.0
2019,IT_MOB_3GNTWK,Switzerland,100.0
2020,IT_MOB_3GNTWK,Switzerland,100.0
2021,IT_MOB_3GNTWK,Switzerland,100.0
2014,IT_MOB_3GNTWK,Tajikistan,60.0
2015,IT_MOB_3GNTWK,Tajikistan,60.0
2016,IT_MOB_3GNTWK,Tajikistan,90.0
2017,IT_MOB_3GNTWK,Tajikistan,90.0
2019,IT_MOB_3GNTWK,Tajikistan,90.0
2020,IT_MOB_3GNTWK,Tajikistan,90.0
2021,IT_MOB_3GNTWK,Tajikistan,90.0
2010,IT_MOB_3GNTWK,United Arab Emirates,100.0
2011,IT_MOB_3GNTWK,United Arab Emirates,100.0
2012,IT_MOB_3GNTWK,United Arab Emirates,100.0
2013,IT_MOB_3GNTWK,United Arab Emirates,100.0
2014,IT_MOB_3GNTWK,United Arab Emirates,100.0
2015,IT_MOB_3GNTWK,United Arab Emirates,100.0
2016,IT_MOB_3GNTWK,United Arab Emirates,100.0
2017,IT_MOB_3GNTWK,United Arab Emirates,100.0
2018,IT_MOB_3GNTWK,United Arab Emirates,100.0
2019,IT_MOB_3GNTWK,United Arab Emirates,100.0
2020,IT_MOB_3GNTWK,United Arab Emirates,100.0
2021,IT_MOB_3GNTWK,United Arab Emirates,100.0
2007,IT_MOB_3GNTWK,Türkiye,0.0
2008,IT_MOB_3GNTWK,Türkiye,0.0
2001,IT_MOB_2GNTWK,Romania,98.0
2002,IT_MOB_2GNTWK,Romania,98.0
2003,IT_MOB_2GNTWK,Romania,98.0
2006,IT_MOB_2GNTWK,Romania,97.0
2007,IT_MOB_2GNTWK,Romania,99.0
2008,IT_MOB_2GNTWK,Romania,99.5
2009,IT_MOB_2GNTWK,Romania,99.9
2010,IT_MOB_2GNTWK,Romania,99.9
2011,IT_MOB_2GNTWK,Romania,99.9
2012,IT_MOB_2GNTWK,Romania,99.9
2013,IT_MOB_2GNTWK,Romania,99.9
2014,IT_MOB_2GNTWK,Romania,99.9
2012,IT_MOB_3GNTWK,Türkiye,84.02
2013,IT_MOB_3GNTWK,Türkiye,86.17
2014,IT_MOB_3GNTWK,Türkiye,93.0
2015,IT_MOB_3GNTWK,Türkiye,95.03
2016,IT_MOB_3GNTWK,Türkiye,96.04
2017,IT_MOB_3GNTWK,Türkiye,97.38
2018,IT_MOB_3GNTWK,Türkiye,98.32
2019,IT_MOB_3GNTWK,Türkiye,98.56
2020,IT_MOB_3GNTWK,Türkiye,97.86
2021,IT_MOB_3GNTWK,Türkiye,98.81
2012,IT_MOB_3GNTWK,Turkmenistan,28.53
2013,IT_MOB_3GNTWK,Turkmenistan,37.92
2014,IT_MOB_3GNTWK,Turkmenistan,60.0
2015,IT_MOB_3GNTWK,Turkmenistan,60.0
2016,IT_MOB_3GNTWK,Turkmenistan,75.8
2017,IT_MOB_3GNTWK,Turkmenistan,75.8
2019,IT_MOB_3GNTWK,Turkmenistan,75.8
2020,IT_MOB_3GNTWK,Turkmenistan,75.8
2021,IT_MOB_3GNTWK,Turkmenistan,75.8
2008,IT_MOB_3GNTWK,Ukraine,0.5
2009,IT_MOB_3GNTWK,Ukraine,0.8
2010,IT_MOB_3GNTWK,Ukraine,1.4
2011,IT_MOB_3GNTWK,Ukraine,1.7
2012,IT_MOB_3GNTWK,Ukraine,2.2
2013,IT_MOB_3GNTWK,Ukraine,1.7
2014,IT_MOB_3GNTWK,Ukraine,1.7
2015,IT_MOB_3GNTWK,Ukraine,35.0
2016,IT_MOB_3GNTWK,Ukraine,90.0
2017,IT_MOB_3GNTWK,Ukraine,90.0
2019,IT_MOB_3GNTWK,Ukraine,89.1
2020,IT_MOB_3GNTWK,Ukraine,89.1
2021,IT_MOB_3GNTWK,Ukraine,91.6
2010,IT_MOB_3GNTWK,North Macedonia,67.0
2014,IT_MOB_3GNTWK,North Macedonia,67.0
2015,IT_MOB_3GNTWK,North Macedonia,98.07
2016,IT_MOB_3GNTWK,North Macedonia,99.02
2017,IT_MOB_3GNTWK,North Macedonia,99.2
2018,IT_MOB_3GNTWK,North Macedonia,99.88
2019,IT_MOB_3GNTWK,North Macedonia,99.88
2020,IT_MOB_3GNTWK,North Macedonia,99.88
2021,IT_MOB_3GNTWK,North Macedonia,99.88
2008,IT_MOB_3GNTWK,United Kingdom of Great Britain and Northern Ireland,90.0
2009,IT_MOB_3GNTWK,United Kingdom of Great Britain and Northern Ireland,93.0
2010,IT_MOB_3GNTWK,United Kingdom of Great Britain and Northern Ireland,95.0
2011,IT_MOB_3GNTWK,United Kingdom of Great Britain and Northern Ireland,99.1
2012,IT_MOB_3GNTWK,United Kingdom of Great Britain and Northern Ireland,99.1
2013,IT_MOB_3GNTWK,United Kingdom of Great Britain and Northern Ireland,99.2
2014,IT_MOB_3GNTWK,United Kingdom of Great Britain and Northern Ireland,99.3
2015,IT_MOB_3GNTWK,United Kingdom of Great Britain and Northern Ireland,99.6
2016,IT_MOB_3GNTWK,United Kingdom of Great Britain and Northern Ireland,99.6
2015,IT_MOB_2GNTWK,Romania,99.9
2016,IT_MOB_2GNTWK,Romania,99.99
2017,IT_MOB_2GNTWK,Romania,99.96
2018,IT_MOB_2GNTWK,Romania,99.96
2019,IT_MOB_2GNTWK,Romania,99.96
2020,IT_MOB_2GNTWK,Romania,99.98
2021,IT_MOB_2GNTWK,Romania,99.98
2004,IT_MOB_2GNTWK,Serbia,95.1
2005,IT_MOB_2GNTWK,Serbia,95.5
2006,IT_MOB_2GNTWK,Serbia,97.0
2010,IT_MOB_2GNTWK,Serbia,96.95
2011,IT_MOB_2GNTWK,Serbia,97.38
2017,IT_MOB_3GNTWK,United Kingdom of Great Britain and Northern Ireland,99.6
2018,IT_MOB_3GNTWK,United Kingdom of Great Britain and Northern Ireland,99.7
2019,IT_MOB_3GNTWK,United Kingdom of Great Britain and Northern Ireland,99.7
2020,IT_MOB_3GNTWK,United Kingdom of Great Britain and Northern Ireland,99.9
2021,IT_MOB_3GNTWK,United Kingdom of Great Britain and Northern Ireland,99.9
2012,IT_MOB_3GNTWK,Uzbekistan,40.0
2015,IT_MOB_3GNTWK,Uzbekistan,43.04
2016,IT_MOB_3GNTWK,Uzbekistan,45.3
2017,IT_MOB_3GNTWK,Uzbekistan,75.0
2018,IT_MOB_3GNTWK,Uzbekistan,75.5
2012,IT_MOB_2GNTWK,Serbia,99.7
2013,IT_MOB_2GNTWK,Serbia,99.71
2014,IT_MOB_2GNTWK,Serbia,99.75
2015,IT_MOB_2GNTWK,Serbia,99.75
2016,IT_MOB_2GNTWK,Serbia,99.76
2017,IT_MOB_2GNTWK,Serbia,99.76
2018,IT_MOB_2GNTWK,Serbia,99.77
2019,IT_MOB_2GNTWK,Serbia,99.16
2020,IT_MOB_2GNTWK,Serbia,99.19
2021,IT_MOB_2GNTWK,Serbia,99.26
2019,IT_MOB_3GNTWK,Uzbekistan,80.7
2020,IT_MOB_3GNTWK,Uzbekistan,90.0
2021,IT_MOB_3GNTWK,Uzbekistan,95.0
2021,IT_MOB_4GNTWK,United Kingdom of Great Britain and Northern Ireland,99.9
2014,IT_MOB_4GNTWK,Uzbekistan,1.0
2015,IT_MOB_4GNTWK,Uzbekistan,10.0
2016,IT_MOB_4GNTWK,Uzbekistan,16.9
2017,IT_MOB_4GNTWK,Uzbekistan,43.0
2018,IT_MOB_4GNTWK,Uzbekistan,44.0
2019,IT_MOB_4GNTWK,Uzbekistan,47.7
2020,IT_MOB_4GNTWK,Uzbekistan,65.9
2021,IT_MOB_4GNTWK,Uzbekistan,75.0
2014,IT_MOB_2GNTWK,Albania,99.8
2015,IT_MOB_2GNTWK,Albania,100.0
2016,IT_MOB_2GNTWK,Albania,99.8
2017,IT_MOB_2GNTWK,Albania,99.86
2018,IT_MOB_2GNTWK,Albania,99.86
2019,IT_MOB_2GNTWK,Albania,99.86
2020,IT_MOB_2GNTWK,Albania,99.86
2021,IT_MOB_2GNTWK,Albania,99.86
2021,IT_MOB_2GNTWK,Albania,99.86
