Year,SI_POV,GeoAreaName,Value
2001,SI_POV_DDAY,Kazakhstan,12.8
2001,SI_POV_LMIC,Kazakhstan,37.6
2001,SI_POV_UMIC,Kazakhstan,74.5
2002,SI_POV_DDAY,Kazakhstan,8.9
2002,SI_POV_LMIC,Kazakhstan,33.4
2002,SI_POV_UMIC,Kazakhstan,72.3
2003,SI_POV_DDAY,Kazakhstan,6.2
2003,SI_POV_LMIC,Kazakhstan,28.0
2003,SI_POV_UMIC,Kazakhstan,67.6
2004,SI_POV_DDAY,Kazakhstan,3.3
2004,SI_POV_LMIC,Kazakhstan,21.6
2004,SI_POV_UMIC,Kazakhstan,64.3
2005,SI_POV_DDAY,Kazakhstan,8.7
2005,SI_POV_LMIC,Kazakhstan,28.4
2005,SI_POV_UMIC,Kazakhstan,61.5
2006,SI_POV_DDAY,Kazakhstan,1.0
2006,SI_POV_LMIC,Kazakhstan,8.4
2006,SI_POV_UMIC,Kazakhstan,50.8
2007,SI_POV_DDAY,Kazakhstan,0.4
2007,SI_POV_LMIC,Kazakhstan,4.5
2007,SI_POV_UMIC,Kazakhstan,38.0
2008,SI_POV_DDAY,Kazakhstan,0.2
2008,SI_POV_LMIC,Kazakhstan,3.4
2008,SI_POV_UMIC,Kazakhstan,36.7
2009,SI_POV_DDAY,Kazakhstan,0.2
2009,SI_POV_LMIC,Kazakhstan,4.0
2009,SI_POV_UMIC,Kazakhstan,37.6
2010,SI_POV_DDAY,Kazakhstan,0.2
2010,SI_POV_LMIC,Kazakhstan,2.9
2010,SI_POV_UMIC,Kazakhstan,32.0
2011,SI_POV_DDAY,Kazakhstan,0.1
2011,SI_POV_LMIC,Kazakhstan,1.1
2011,SI_POV_UMIC,Kazakhstan,19.2
2012,SI_POV_DDAY,Kazakhstan,0.0
2012,SI_POV_LMIC,Kazakhstan,0.9
2012,SI_POV_UMIC,Kazakhstan,19.0
2013,SI_POV_DDAY,Kazakhstan,0.0
2013,SI_POV_LMIC,Kazakhstan,0.4
2013,SI_POV_UMIC,Kazakhstan,13.7
2014,SI_POV_DDAY,Kazakhstan,0.0
2014,SI_POV_LMIC,Kazakhstan,0.5
2014,SI_POV_UMIC,Kazakhstan,14.8
2015,SI_POV_DDAY,Kazakhstan,0.0
2015,SI_POV_LMIC,Kazakhstan,0.7
2015,SI_POV_UMIC,Kazakhstan,17.2
2016,SI_POV_DDAY,Kazakhstan,0.1
2016,SI_POV_LMIC,Kazakhstan,1.3
2016,SI_POV_UMIC,Kazakhstan,23.8
2017,SI_POV_DDAY,Kazakhstan,0.0
2017,SI_POV_LMIC,Kazakhstan,0.7
2017,SI_POV_UMIC,Kazakhstan,18.8
2018,SI_POV_DDAY,Kazakhstan,0.0
2018,SI_POV_LMIC,Kazakhstan,0.5
2018,SI_POV_UMIC,Kazakhstan,14.3
2000,SI_POV_DDAY,Kyrgyz Republic,38.2
2000,SI_POV_LMIC,Kyrgyz Republic,75.7
2000,SI_POV_UMIC,Kyrgyz Republic,95.2
2001,SI_POV_DDAY,Kyrgyz Republic,33.4
2001,SI_POV_LMIC,Kyrgyz Republic,71.5
2001,SI_POV_UMIC,Kyrgyz Republic,95.0
2002,SI_POV_DDAY,Kyrgyz Republic,31.1
2002,SI_POV_LMIC,Kyrgyz Republic,69.7
2002,SI_POV_UMIC,Kyrgyz Republic,94.6
2003,SI_POV_DDAY,Kyrgyz Republic,25.7
2003,SI_POV_LMIC,Kyrgyz Republic,67.5
2003,SI_POV_UMIC,Kyrgyz Republic,94.1
2004,SI_POV_DDAY,Kyrgyz Republic,11.6
2004,SI_POV_LMIC,Kyrgyz Republic,44.2
2004,SI_POV_UMIC,Kyrgyz Republic,80.0
2005,SI_POV_DDAY,Kyrgyz Republic,13.6
2005,SI_POV_LMIC,Kyrgyz Republic,49.7
2005,SI_POV_UMIC,Kyrgyz Republic,84.7
2006,SI_POV_DDAY,Kyrgyz Republic,8.4
2006,SI_POV_LMIC,Kyrgyz Republic,37.0
2006,SI_POV_UMIC,Kyrgyz Republic,72.9
2007,SI_POV_DDAY,Kyrgyz Republic,8.8
2007,SI_POV_LMIC,Kyrgyz Republic,33.6
2007,SI_POV_UMIC,Kyrgyz Republic,74.2
2008,SI_POV_DDAY,Kyrgyz Republic,3.3
2008,SI_POV_LMIC,Kyrgyz Republic,22.7
2008,SI_POV_UMIC,Kyrgyz Republic,67.6
2009,SI_POV_DDAY,Kyrgyz Republic,1.5
2009,SI_POV_LMIC,Kyrgyz Republic,18.7
2009,SI_POV_UMIC,Kyrgyz Republic,67.6
2010,SI_POV_DDAY,Kyrgyz Republic,3.5
2010,SI_POV_LMIC,Kyrgyz Republic,21.4
2010,SI_POV_UMIC,Kyrgyz Republic,70.5
2011,SI_POV_DDAY,Kyrgyz Republic,1.3
2011,SI_POV_LMIC,Kyrgyz Republic,19.3
2011,SI_POV_UMIC,Kyrgyz Republic,70.6
2012,SI_POV_DDAY,Kyrgyz Republic,2.6
2012,SI_POV_LMIC,Kyrgyz Republic,20.0
2012,SI_POV_UMIC,Kyrgyz Republic,73.3
2013,SI_POV_DDAY,Kyrgyz Republic,2.6
2013,SI_POV_LMIC,Kyrgyz Republic,24.1
2013,SI_POV_UMIC,Kyrgyz Republic,73.3
2014,SI_POV_DDAY,Kyrgyz Republic,1.0
2014,SI_POV_LMIC,Kyrgyz Republic,17.6
2014,SI_POV_UMIC,Kyrgyz Republic,70.8
2015,SI_POV_DDAY,Kyrgyz Republic,2.2
2015,SI_POV_LMIC,Kyrgyz Republic,21.1
2015,SI_POV_UMIC,Kyrgyz Republic,73.8
2016,SI_POV_DDAY,Kyrgyz Republic,1.1
2016,SI_POV_LMIC,Kyrgyz Republic,17.0
2016,SI_POV_UMIC,Kyrgyz Republic,71.3
2017,SI_POV_DDAY,Kyrgyz Republic,1.3
2017,SI_POV_LMIC,Kyrgyz Republic,17.3
2017,SI_POV_UMIC,Kyrgyz Republic,70.3
2018,SI_POV_DDAY,Kyrgyz Republic,0.7
2018,SI_POV_LMIC,Kyrgyz Republic,13.2
2018,SI_POV_UMIC,Kyrgyz Republic,66.1
2019,SI_POV_DDAY,Kyrgyz Republic,0.7
2019,SI_POV_LMIC,Kyrgyz Republic,11.7
2019,SI_POV_UMIC,Kyrgyz Republic,63.7
2020,SI_POV_DDAY,Kyrgyz Republic,1.3
2020,SI_POV_LMIC,Kyrgyz Republic,18.7
2020,SI_POV_UMIC,Kyrgyz Republic,67.6
1999,SI_POV_DDAY,Tajikistan,62.0
1999,SI_POV_LMIC,Tajikistan,90.4
1999,SI_POV_UMIC,Tajikistan,99.2
2003,SI_POV_DDAY,Tajikistan,36.7
2003,SI_POV_LMIC,Tajikistan,72.7
2003,SI_POV_UMIC,Tajikistan,94.8
2004,SI_POV_DDAY,Tajikistan,21.4
2004,SI_POV_LMIC,Tajikistan,55.0
2004,SI_POV_UMIC,Tajikistan,87.7
2007,SI_POV_DDAY,Tajikistan,12.8
2007,SI_POV_LMIC,Tajikistan,42.7
2007,SI_POV_UMIC,Tajikistan,85.0
2009,SI_POV_DDAY,Tajikistan,6.8
2009,SI_POV_LMIC,Tajikistan,32.0
2009,SI_POV_UMIC,Tajikistan,76.3
2015,SI_POV_DDAY,Tajikistan,6.1
2015,SI_POV_LMIC,Tajikistan,25.7
2015,SI_POV_UMIC,Tajikistan,66.4
1998,SI_POV_DDAY,Turkmenistan,43.1
1998,SI_POV_LMIC,Turkmenistan,71.1
1998,SI_POV_UMIC,Turkmenistan,91.3
1998,SI_POV_DDAY,Uzbekistan,58.8
1998,SI_POV_LMIC,Uzbekistan,82.3
1998,SI_POV_UMIC,Uzbekistan,95.5
2000,SI_POV_DDAY,Uzbekistan,81.3
2000,SI_POV_LMIC,Uzbekistan,94.7
2000,SI_POV_UMIC,Uzbekistan,99.0
2002,SI_POV_DDAY,Uzbekistan,80.5
2002,SI_POV_LMIC,Uzbekistan,94.2
2002,SI_POV_UMIC,Uzbekistan,99.1
2003,SI_POV_DDAY,Uzbekistan,81.5
2003,SI_POV_LMIC,Uzbekistan,94.6
2003,SI_POV_UMIC,Uzbekistan,99.1
2002,SI_POV_DDAY,Albania,1.1
2002,SI_POV_LMIC,Albania,11.4
2002,SI_POV_UMIC,Albania,52.1
2005,SI_POV_DDAY,Albania,0.6
2005,SI_POV_LMIC,Albania,7.3
2005,SI_POV_UMIC,Albania,40.4
2008,SI_POV_DDAY,Albania,0.2
2008,SI_POV_LMIC,Albania,3.9
2008,SI_POV_UMIC,Albania,33.4
2012,SI_POV_DDAY,Albania,0.6
2012,SI_POV_LMIC,Albania,4.8
2012,SI_POV_UMIC,Albania,36.7
2014,SI_POV_DDAY,Albania,1.0
2014,SI_POV_LMIC,Albania,9.7
2014,SI_POV_UMIC,Albania,38.7
2015,SI_POV_DDAY,Albania,0.1
2015,SI_POV_LMIC,Albania,3.7
2015,SI_POV_UMIC,Albania,26.2
2016,SI_POV_DDAY,Albania,0.1
2016,SI_POV_LMIC,Albania,4.7
2016,SI_POV_UMIC,Albania,25.4
2017,SI_POV_DDAY,Albania,0.4
2017,SI_POV_LMIC,Albania,3.6
2017,SI_POV_UMIC,Albania,25.5
2018,SI_POV_DDAY,Albania,0.0
2018,SI_POV_LMIC,Albania,2.7
2018,SI_POV_UMIC,Albania,18.2
2019,SI_POV_DDAY,Albania,0.0
2019,SI_POV_LMIC,Albania,1.2
2019,SI_POV_UMIC,Albania,14.9
2020,SI_POV_DDAY,Albania,0.0
2020,SI_POV_LMIC,Albania,1.5
2020,SI_POV_UMIC,Albania,13.7
1999,SI_POV_DDAY,Armenia,11.9
1999,SI_POV_LMIC,Armenia,44.8
1999,SI_POV_UMIC,Armenia,82.3
2001,SI_POV_DDAY,Armenia,14.0
2001,SI_POV_LMIC,Armenia,47.2
2001,SI_POV_UMIC,Armenia,83.8
2002,SI_POV_DDAY,Armenia,10.0
2002,SI_POV_LMIC,Armenia,43.7
2002,SI_POV_UMIC,Armenia,82.9
2003,SI_POV_DDAY,Armenia,7.5
2003,SI_POV_LMIC,Armenia,39.7
2003,SI_POV_UMIC,Armenia,82.6
2004,SI_POV_DDAY,Armenia,5.3
2004,SI_POV_LMIC,Armenia,28.9
2004,SI_POV_UMIC,Armenia,73.5
2005,SI_POV_DDAY,Armenia,2.6
2005,SI_POV_LMIC,Armenia,19.4
2005,SI_POV_UMIC,Armenia,67.5
2006,SI_POV_DDAY,Armenia,2.0
2006,SI_POV_LMIC,Armenia,15.5
2006,SI_POV_UMIC,Armenia,62.8
2007,SI_POV_DDAY,Armenia,1.5
2007,SI_POV_LMIC,Armenia,13.7
2007,SI_POV_UMIC,Armenia,56.0
2008,SI_POV_DDAY,Armenia,0.9
2008,SI_POV_LMIC,Armenia,9.2
2008,SI_POV_UMIC,Armenia,52.1
2009,SI_POV_DDAY,Armenia,1.2
2009,SI_POV_LMIC,Armenia,13.8
2009,SI_POV_UMIC,Armenia,60.7
2010,SI_POV_DDAY,Armenia,1.0
2010,SI_POV_LMIC,Armenia,14.0
2010,SI_POV_UMIC,Armenia,62.1
2011,SI_POV_DDAY,Armenia,1.2
2011,SI_POV_LMIC,Armenia,13.1
2011,SI_POV_UMIC,Armenia,59.3
2012,SI_POV_DDAY,Armenia,0.8
2012,SI_POV_LMIC,Armenia,11.2
2012,SI_POV_UMIC,Armenia,55.2
2013,SI_POV_DDAY,Armenia,1.7
2013,SI_POV_LMIC,Armenia,11.3
2013,SI_POV_UMIC,Armenia,53.1
2014,SI_POV_DDAY,Armenia,1.4
2014,SI_POV_LMIC,Armenia,11.4
2014,SI_POV_UMIC,Armenia,51.1
2015,SI_POV_DDAY,Armenia,1.1
2015,SI_POV_LMIC,Armenia,9.4
2015,SI_POV_UMIC,Armenia,46.7
2016,SI_POV_DDAY,Armenia,1.1
2016,SI_POV_LMIC,Armenia,9.5
2016,SI_POV_UMIC,Armenia,42.4
2017,SI_POV_DDAY,Armenia,0.8
2017,SI_POV_LMIC,Armenia,8.1
2017,SI_POV_UMIC,Armenia,48.7
2018,SI_POV_DDAY,Armenia,1.3
2018,SI_POV_LMIC,Armenia,9.4
2018,SI_POV_UMIC,Armenia,48.9
2019,SI_POV_DDAY,Armenia,1.0
2019,SI_POV_LMIC,Armenia,9.8
2019,SI_POV_UMIC,Armenia,52.1
2020,SI_POV_DDAY,Armenia,0.4
2020,SI_POV_LMIC,Armenia,6.7
2020,SI_POV_UMIC,Armenia,53.2
2021,SI_POV_DDAY,Armenia,0.5
2021,SI_POV_LMIC,Armenia,8.7
2021,SI_POV_UMIC,Armenia,51.7
2001,SI_POV_DDAY,Azerbaijan,6.2
2001,SI_POV_LMIC,Azerbaijan,28.3
2001,SI_POV_UMIC,Azerbaijan,71.0
2002,SI_POV_DDAY,Azerbaijan,0.1
2002,SI_POV_LMIC,Azerbaijan,2.6
2002,SI_POV_UMIC,Azerbaijan,48.5
2003,SI_POV_DDAY,Azerbaijan,0.1
2003,SI_POV_LMIC,Azerbaijan,3.3
2003,SI_POV_UMIC,Azerbaijan,44.6
2004,SI_POV_DDAY,Azerbaijan,0.0
2004,SI_POV_LMIC,Azerbaijan,1.0
2004,SI_POV_UMIC,Azerbaijan,42.3
2005,SI_POV_DDAY,Azerbaijan,0.0
2005,SI_POV_LMIC,Azerbaijan,0.3
2005,SI_POV_UMIC,Azerbaijan,31.3
1998,SI_POV_DDAY,Belarus,21.8
1998,SI_POV_LMIC,Belarus,56.7
1998,SI_POV_UMIC,Belarus,90.1
1999,SI_POV_DDAY,Belarus,19.2
1999,SI_POV_LMIC,Belarus,51.1
1999,SI_POV_UMIC,Belarus,88.0
2000,SI_POV_DDAY,Belarus,13.6
2000,SI_POV_LMIC,Belarus,43.3
2000,SI_POV_UMIC,Belarus,84.4
2001,SI_POV_DDAY,Belarus,6.6
2001,SI_POV_LMIC,Belarus,28.1
2001,SI_POV_UMIC,Belarus,73.7
2002,SI_POV_DDAY,Belarus,4.4
2002,SI_POV_LMIC,Belarus,22.3
2002,SI_POV_UMIC,Belarus,67.7
2003,SI_POV_DDAY,Belarus,3.5
2003,SI_POV_LMIC,Belarus,18.8
2003,SI_POV_UMIC,Belarus,64.8
2004,SI_POV_DDAY,Belarus,1.3
2004,SI_POV_LMIC,Belarus,10.6
2004,SI_POV_UMIC,Belarus,54.3
2005,SI_POV_DDAY,Belarus,0.9
2005,SI_POV_LMIC,Belarus,6.0
2005,SI_POV_UMIC,Belarus,36.0
2006,SI_POV_DDAY,Belarus,0.4
2006,SI_POV_LMIC,Belarus,3.5
2006,SI_POV_UMIC,Belarus,27.9
2007,SI_POV_DDAY,Belarus,0.2
2007,SI_POV_LMIC,Belarus,2.7
2007,SI_POV_UMIC,Belarus,20.7
2008,SI_POV_DDAY,Belarus,0.2
2008,SI_POV_LMIC,Belarus,1.7
2008,SI_POV_UMIC,Belarus,16.4
2009,SI_POV_DDAY,Belarus,0.1
2009,SI_POV_LMIC,Belarus,1.8
2009,SI_POV_UMIC,Belarus,15.6
2010,SI_POV_DDAY,Belarus,0.0
2010,SI_POV_LMIC,Belarus,0.9
2010,SI_POV_UMIC,Belarus,11.8
2011,SI_POV_DDAY,Belarus,0.0
2011,SI_POV_LMIC,Belarus,0.6
2011,SI_POV_UMIC,Belarus,10.0
2012,SI_POV_DDAY,Belarus,0.0
2012,SI_POV_LMIC,Belarus,0.1
2012,SI_POV_UMIC,Belarus,5.9
2013,SI_POV_DDAY,Belarus,0.0
2013,SI_POV_LMIC,Belarus,0.1
2013,SI_POV_UMIC,Belarus,3.4
2014,SI_POV_DDAY,Belarus,0.0
2014,SI_POV_LMIC,Belarus,0.1
2014,SI_POV_UMIC,Belarus,3.2
2015,SI_POV_DDAY,Belarus,0.0
2015,SI_POV_LMIC,Belarus,0.1
2015,SI_POV_UMIC,Belarus,4.1
2016,SI_POV_DDAY,Belarus,0.0
2016,SI_POV_LMIC,Belarus,0.1
2016,SI_POV_UMIC,Belarus,4.6
2017,SI_POV_DDAY,Belarus,0.0
2017,SI_POV_LMIC,Belarus,0.1
2017,SI_POV_UMIC,Belarus,3.3
2018,SI_POV_DDAY,Belarus,0.0
2018,SI_POV_LMIC,Belarus,0.1
2018,SI_POV_UMIC,Belarus,1.9
2019,SI_POV_DDAY,Belarus,0.0
2019,SI_POV_LMIC,Belarus,0.0
2019,SI_POV_UMIC,Belarus,2.4
2020,SI_POV_DDAY,Belarus,0.0
2020,SI_POV_LMIC,Belarus,0.1
2020,SI_POV_UMIC,Belarus,1.3
2001,SI_POV_DDAY,Bosnia and Herzegovina,0.3
2001,SI_POV_LMIC,Bosnia and Herzegovina,1.1
2001,SI_POV_UMIC,Bosnia and Herzegovina,13.8
2004,SI_POV_DDAY,Bosnia and Herzegovina,0.2
2004,SI_POV_LMIC,Bosnia and Herzegovina,0.7
2004,SI_POV_UMIC,Bosnia and Herzegovina,6.6
2007,SI_POV_DDAY,Bosnia and Herzegovina,0.1
2007,SI_POV_LMIC,Bosnia and Herzegovina,0.4
2007,SI_POV_UMIC,Bosnia and Herzegovina,4.8
2011,SI_POV_DDAY,Bosnia and Herzegovina,0.1
2011,SI_POV_LMIC,Bosnia and Herzegovina,0.8
2011,SI_POV_UMIC,Bosnia and Herzegovina,5.8
1998,SI_POV_DDAY,Georgia,17.0
1998,SI_POV_LMIC,Georgia,39.4
1998,SI_POV_UMIC,Georgia,74.1
1999,SI_POV_DDAY,Georgia,21.8
1999,SI_POV_LMIC,Georgia,47.1
1999,SI_POV_UMIC,Georgia,79.6
2000,SI_POV_DDAY,Georgia,22.9
2000,SI_POV_LMIC,Georgia,49.6
2000,SI_POV_UMIC,Georgia,81.6
2001,SI_POV_DDAY,Georgia,23.0
2001,SI_POV_LMIC,Georgia,52.4
2001,SI_POV_UMIC,Georgia,83.5
2002,SI_POV_DDAY,Georgia,12.7
2002,SI_POV_LMIC,Georgia,35.5
2002,SI_POV_UMIC,Georgia,72.7
2003,SI_POV_DDAY,Georgia,12.9
2003,SI_POV_LMIC,Georgia,35.9
2003,SI_POV_UMIC,Georgia,72.0
2004,SI_POV_DDAY,Georgia,12.4
2004,SI_POV_LMIC,Georgia,32.7
2004,SI_POV_UMIC,Georgia,70.0
2005,SI_POV_DDAY,Georgia,12.9
2005,SI_POV_LMIC,Georgia,35.2
2005,SI_POV_UMIC,Georgia,71.7
2006,SI_POV_DDAY,Georgia,12.6
2006,SI_POV_LMIC,Georgia,35.6
2006,SI_POV_UMIC,Georgia,72.7
2007,SI_POV_DDAY,Georgia,14.2
2007,SI_POV_LMIC,Georgia,37.8
2007,SI_POV_UMIC,Georgia,74.1
2008,SI_POV_DDAY,Georgia,12.4
2008,SI_POV_LMIC,Georgia,34.1
2008,SI_POV_UMIC,Georgia,70.2
2009,SI_POV_DDAY,Georgia,12.1
2009,SI_POV_LMIC,Georgia,34.3
2009,SI_POV_UMIC,Georgia,70.5
2010,SI_POV_DDAY,Georgia,14.4
2010,SI_POV_LMIC,Georgia,35.7
2010,SI_POV_UMIC,Georgia,70.6
2011,SI_POV_DDAY,Georgia,13.4
2011,SI_POV_LMIC,Georgia,33.3
2011,SI_POV_UMIC,Georgia,69.0
2012,SI_POV_DDAY,Georgia,10.7
2012,SI_POV_LMIC,Georgia,29.6
2012,SI_POV_UMIC,Georgia,65.5
2013,SI_POV_DDAY,Georgia,8.1
2013,SI_POV_LMIC,Georgia,25.3
2013,SI_POV_UMIC,Georgia,60.0
2014,SI_POV_DDAY,Georgia,6.1
2014,SI_POV_LMIC,Georgia,22.0
2014,SI_POV_UMIC,Georgia,57.0
2015,SI_POV_DDAY,Georgia,4.9
2015,SI_POV_LMIC,Georgia,20.0
2015,SI_POV_UMIC,Georgia,56.2
2016,SI_POV_DDAY,Georgia,4.9
2016,SI_POV_LMIC,Georgia,20.1
2016,SI_POV_UMIC,Georgia,56.3
2017,SI_POV_DDAY,Georgia,6.2
2017,SI_POV_LMIC,Georgia,20.1
2017,SI_POV_UMIC,Georgia,53.9
2018,SI_POV_DDAY,Georgia,5.6
2018,SI_POV_LMIC,Georgia,19.6
2018,SI_POV_UMIC,Georgia,53.9
2019,SI_POV_DDAY,Georgia,4.8
2019,SI_POV_LMIC,Georgia,18.5
2019,SI_POV_UMIC,Georgia,54.2
2020,SI_POV_DDAY,Georgia,5.8
2020,SI_POV_LMIC,Georgia,21.4
2020,SI_POV_UMIC,Georgia,58.3
2021,SI_POV_DDAY,Georgia,5.5
2021,SI_POV_LMIC,Georgia,19.1
2021,SI_POV_UMIC,Georgia,55.4
2012,SI_POV_DDAY,Montenegro,3.0
2012,SI_POV_LMIC,Montenegro,10.4
2012,SI_POV_UMIC,Montenegro,26.3
2013,SI_POV_DDAY,Montenegro,3.0
2013,SI_POV_LMIC,Montenegro,8.2
2013,SI_POV_UMIC,Montenegro,23.3
2014,SI_POV_DDAY,Montenegro,1.6
2014,SI_POV_LMIC,Montenegro,8.4
2014,SI_POV_UMIC,Montenegro,22.6
2015,SI_POV_DDAY,Montenegro,1.3
2015,SI_POV_LMIC,Montenegro,8.0
2015,SI_POV_UMIC,Montenegro,21.3
2016,SI_POV_DDAY,Montenegro,2.5
2016,SI_POV_LMIC,Montenegro,5.9
2016,SI_POV_UMIC,Montenegro,17.3
2017,SI_POV_DDAY,Montenegro,3.3
2017,SI_POV_LMIC,Montenegro,7.0
2017,SI_POV_UMIC,Montenegro,17.2
2018,SI_POV_DDAY,Montenegro,2.8
2018,SI_POV_LMIC,Montenegro,6.3
2018,SI_POV_UMIC,Montenegro,18.5
2009,SI_POV_DDAY,North Macedonia,9.8
2009,SI_POV_LMIC,North Macedonia,18.6
2009,SI_POV_UMIC,North Macedonia,40.8
2010,SI_POV_DDAY,North Macedonia,10.4
2010,SI_POV_LMIC,North Macedonia,17.9
2010,SI_POV_UMIC,North Macedonia,37.8
2011,SI_POV_DDAY,North Macedonia,9.1
2011,SI_POV_LMIC,North Macedonia,15.5
2011,SI_POV_UMIC,North Macedonia,37.2
2012,SI_POV_DDAY,North Macedonia,6.9
2012,SI_POV_LMIC,North Macedonia,14.1
2012,SI_POV_UMIC,North Macedonia,35.7
2013,SI_POV_DDAY,North Macedonia,5.2
2013,SI_POV_LMIC,North Macedonia,12.0
2013,SI_POV_UMIC,North Macedonia,34.1
2014,SI_POV_DDAY,North Macedonia,4.5
2014,SI_POV_LMIC,North Macedonia,10.5
2014,SI_POV_UMIC,North Macedonia,29.8
2015,SI_POV_DDAY,North Macedonia,5.5
2015,SI_POV_LMIC,North Macedonia,10.1
2015,SI_POV_UMIC,North Macedonia,28.8
2016,SI_POV_DDAY,North Macedonia,4.2
2016,SI_POV_LMIC,North Macedonia,9.7
2016,SI_POV_UMIC,North Macedonia,24.9
2017,SI_POV_DDAY,North Macedonia,4.5
2017,SI_POV_LMIC,North Macedonia,9.2
2017,SI_POV_UMIC,North Macedonia,23.1
2018,SI_POV_DDAY,North Macedonia,3.4
2018,SI_POV_LMIC,North Macedonia,7.1
2018,SI_POV_UMIC,North Macedonia,20.8
2019,SI_POV_DDAY,North Macedonia,2.7
2019,SI_POV_LMIC,North Macedonia,7.5
2019,SI_POV_UMIC,North Macedonia,19.0
1998,SI_POV_DDAY,Moldova,24.0
1998,SI_POV_LMIC,Moldova,53.1
1998,SI_POV_UMIC,Moldova,83.9
1999,SI_POV_DDAY,Moldova,33.5
1999,SI_POV_LMIC,Moldova,66.0
1999,SI_POV_UMIC,Moldova,88.4
2000,SI_POV_DDAY,Moldova,31.1
2000,SI_POV_LMIC,Moldova,64.7
2000,SI_POV_UMIC,Moldova,90.8
2001,SI_POV_DDAY,Moldova,23.3
2001,SI_POV_LMIC,Moldova,55.1
2001,SI_POV_UMIC,Moldova,85.8
2002,SI_POV_DDAY,Moldova,13.6
2002,SI_POV_LMIC,Moldova,40.5
2002,SI_POV_UMIC,Moldova,76.9
2003,SI_POV_DDAY,Moldova,5.6
2003,SI_POV_LMIC,Moldova,27.7
2003,SI_POV_UMIC,Moldova,69.6
2004,SI_POV_DDAY,Moldova,6.6
2004,SI_POV_LMIC,Moldova,28.7
2004,SI_POV_UMIC,Moldova,70.2
2005,SI_POV_DDAY,Moldova,10.9
2005,SI_POV_LMIC,Moldova,35.7
2005,SI_POV_UMIC,Moldova,75.3
2006,SI_POV_DDAY,Moldova,2.0
2006,SI_POV_LMIC,Moldova,10.6
2006,SI_POV_UMIC,Moldova,41.9
2007,SI_POV_DDAY,Moldova,1.0
2007,SI_POV_LMIC,Moldova,6.5
2007,SI_POV_UMIC,Moldova,32.5
2008,SI_POV_DDAY,Moldova,1.0
2008,SI_POV_LMIC,Moldova,7.2
2008,SI_POV_UMIC,Moldova,34.0
2009,SI_POV_DDAY,Moldova,0.7
2009,SI_POV_LMIC,Moldova,6.6
2009,SI_POV_UMIC,Moldova,33.0
2010,SI_POV_DDAY,Moldova,0.4
2010,SI_POV_LMIC,Moldova,4.5
2010,SI_POV_UMIC,Moldova,30.1
2011,SI_POV_DDAY,Moldova,0.2
2011,SI_POV_LMIC,Moldova,3.1
2011,SI_POV_UMIC,Moldova,27.0
2012,SI_POV_DDAY,Moldova,0.1
2012,SI_POV_LMIC,Moldova,2.3
2012,SI_POV_UMIC,Moldova,25.9
2013,SI_POV_DDAY,Moldova,0.0
2013,SI_POV_LMIC,Moldova,1.6
2013,SI_POV_UMIC,Moldova,21.1
2014,SI_POV_DDAY,Moldova,0.0
2014,SI_POV_LMIC,Moldova,0.8
2014,SI_POV_UMIC,Moldova,19.9
2015,SI_POV_DDAY,Moldova,0.0
2015,SI_POV_LMIC,Moldova,0.9
2015,SI_POV_UMIC,Moldova,17.7
2016,SI_POV_DDAY,Moldova,0.1
2016,SI_POV_LMIC,Moldova,1.1
2016,SI_POV_UMIC,Moldova,17.7
2017,SI_POV_DDAY,Moldova,0.0
2017,SI_POV_LMIC,Moldova,0.7
2017,SI_POV_UMIC,Moldova,17.5
2018,SI_POV_DDAY,Moldova,0.0
2018,SI_POV_LMIC,Moldova,0.6
2018,SI_POV_UMIC,Moldova,14.6
2019,SI_POV_DDAY,Moldova,0.0
2019,SI_POV_LMIC,Moldova,0.4
2019,SI_POV_UMIC,Moldova,14.7
2021,SI_POV_DDAY,Moldova,0.0
2021,SI_POV_LMIC,Moldova,0.3
2021,SI_POV_UMIC,Moldova,14.4
2012,SI_POV_DDAY,Serbia,5.3
2012,SI_POV_LMIC,Serbia,10.2
2012,SI_POV_UMIC,Serbia,25.0
2013,SI_POV_DDAY,Serbia,5.8
2013,SI_POV_LMIC,Serbia,11.6
2013,SI_POV_UMIC,Serbia,28.3
2014,SI_POV_DDAY,Serbia,6.9
2014,SI_POV_LMIC,Serbia,12.2
2014,SI_POV_UMIC,Serbia,28.2
2015,SI_POV_DDAY,Serbia,6.6
2015,SI_POV_LMIC,Serbia,11.6
2015,SI_POV_UMIC,Serbia,27.2
2016,SI_POV_DDAY,Serbia,6.4
2016,SI_POV_LMIC,Serbia,11.0
2016,SI_POV_UMIC,Serbia,24.6
2017,SI_POV_DDAY,Serbia,5.4
2017,SI_POV_LMIC,Serbia,9.0
2017,SI_POV_UMIC,Serbia,21.7
2018,SI_POV_DDAY,Serbia,2.9
2018,SI_POV_LMIC,Serbia,5.9
2018,SI_POV_UMIC,Serbia,17.2
2019,SI_POV_DDAY,Serbia,2.3
2019,SI_POV_LMIC,Serbia,4.0
2019,SI_POV_UMIC,Serbia,12.0
2020,SI_POV_DDAY,Serbia,1.6
2020,SI_POV_LMIC,Serbia,2.8
2020,SI_POV_UMIC,Serbia,10.1
2002,SI_POV_DDAY,Turkiye,2.1
2002,SI_POV_LMIC,Turkiye,12.3
2002,SI_POV_UMIC,Turkiye,38.8
2003,SI_POV_DDAY,Turkiye,3.9
2003,SI_POV_LMIC,Turkiye,14.6
2003,SI_POV_UMIC,Turkiye,42.0
2004,SI_POV_DDAY,Turkiye,2.0
2004,SI_POV_LMIC,Turkiye,9.9
2004,SI_POV_UMIC,Turkiye,30.8
2005,SI_POV_DDAY,Turkiye,2.3
2005,SI_POV_LMIC,Turkiye,9.5
2005,SI_POV_UMIC,Turkiye,28.4
2006,SI_POV_DDAY,Turkiye,1.8
2006,SI_POV_LMIC,Turkiye,8.0
2006,SI_POV_UMIC,Turkiye,25.9
2007,SI_POV_DDAY,Turkiye,1.3
2007,SI_POV_LMIC,Turkiye,6.4
2007,SI_POV_UMIC,Turkiye,22.3
2008,SI_POV_DDAY,Turkiye,0.6
2008,SI_POV_LMIC,Turkiye,5.6
2008,SI_POV_UMIC,Turkiye,18.8
2009,SI_POV_DDAY,Turkiye,0.7
2009,SI_POV_LMIC,Turkiye,4.8
2009,SI_POV_UMIC,Turkiye,19.2
2010,SI_POV_DDAY,Turkiye,0.8
2010,SI_POV_LMIC,Turkiye,4.4
2010,SI_POV_UMIC,Turkiye,18.2
2011,SI_POV_DDAY,Turkiye,0.1
2011,SI_POV_LMIC,Turkiye,4.0
2011,SI_POV_UMIC,Turkiye,15.9
2012,SI_POV_DDAY,Turkiye,0.1
2012,SI_POV_LMIC,Turkiye,3.2
2012,SI_POV_UMIC,Turkiye,14.8
2013,SI_POV_DDAY,Turkiye,0.3
2013,SI_POV_LMIC,Turkiye,2.7
2013,SI_POV_UMIC,Turkiye,13.8
2014,SI_POV_DDAY,Turkiye,0.2
2014,SI_POV_LMIC,Turkiye,2.2
2014,SI_POV_UMIC,Turkiye,12.4
2015,SI_POV_DDAY,Turkiye,0.2
2015,SI_POV_LMIC,Turkiye,2.5
2015,SI_POV_UMIC,Turkiye,13.7
2016,SI_POV_DDAY,Turkiye,0.2
2016,SI_POV_LMIC,Turkiye,1.6
2016,SI_POV_UMIC,Turkiye,11.6
2017,SI_POV_DDAY,Turkiye,0.1
2017,SI_POV_LMIC,Turkiye,1.5
2017,SI_POV_UMIC,Turkiye,10.9
2018,SI_POV_DDAY,Turkiye,0.0
2018,SI_POV_LMIC,Turkiye,1.4
2018,SI_POV_UMIC,Turkiye,10.9
2019,SI_POV_DDAY,Turkiye,0.4
2019,SI_POV_LMIC,Turkiye,2.2
2019,SI_POV_UMIC,Turkiye,12.6
2002,SI_POV_DDAY,Ukraine,2.7
2002,SI_POV_LMIC,Ukraine,17.0
2002,SI_POV_UMIC,Ukraine,61.9
2003,SI_POV_DDAY,Ukraine,1.1
2003,SI_POV_LMIC,Ukraine,10.4
2003,SI_POV_UMIC,Ukraine,54.1
2004,SI_POV_DDAY,Ukraine,0.9
2004,SI_POV_LMIC,Ukraine,8.3
2004,SI_POV_UMIC,Ukraine,43.9
2005,SI_POV_DDAY,Ukraine,0.4
2005,SI_POV_LMIC,Ukraine,3.9
2005,SI_POV_UMIC,Ukraine,31.0
2006,SI_POV_DDAY,Ukraine,0.2
2006,SI_POV_LMIC,Ukraine,2.7
2006,SI_POV_UMIC,Ukraine,26.6
2007,SI_POV_DDAY,Ukraine,0.1
2007,SI_POV_LMIC,Ukraine,2.1
2007,SI_POV_UMIC,Ukraine,26.4
2008,SI_POV_DDAY,Ukraine,0.0
2008,SI_POV_LMIC,Ukraine,0.9
2008,SI_POV_UMIC,Ukraine,16.7
2009,SI_POV_DDAY,Ukraine,0.1
2009,SI_POV_LMIC,Ukraine,1.0
2009,SI_POV_UMIC,Ukraine,19.3
2010,SI_POV_DDAY,Ukraine,0.0
2010,SI_POV_LMIC,Ukraine,0.4
2010,SI_POV_UMIC,Ukraine,15.2
2011,SI_POV_DDAY,Ukraine,0.0
2011,SI_POV_LMIC,Ukraine,0.5
2011,SI_POV_UMIC,Ukraine,12.4
2012,SI_POV_DDAY,Ukraine,0.1
2012,SI_POV_LMIC,Ukraine,0.4
2012,SI_POV_UMIC,Ukraine,11.0
2013,SI_POV_DDAY,Ukraine,0.0
2013,SI_POV_LMIC,Ukraine,0.3
2013,SI_POV_UMIC,Ukraine,8.4
2014,SI_POV_DDAY,Ukraine,0.0
2014,SI_POV_LMIC,Ukraine,0.2
2014,SI_POV_UMIC,Ukraine,9.0
2015,SI_POV_DDAY,Ukraine,0.1
2015,SI_POV_LMIC,Ukraine,0.9
2015,SI_POV_UMIC,Ukraine,15.0
2016,SI_POV_DDAY,Ukraine,0.1
2016,SI_POV_LMIC,Ukraine,0.7
2016,SI_POV_UMIC,Ukraine,15.4
2017,SI_POV_DDAY,Ukraine,0.0
2017,SI_POV_LMIC,Ukraine,0.6
2017,SI_POV_UMIC,Ukraine,10.8
2018,SI_POV_DDAY,Ukraine,0.0
2018,SI_POV_LMIC,Ukraine,0.5
2018,SI_POV_UMIC,Ukraine,9.4
2019,SI_POV_DDAY,Ukraine,0.0
2019,SI_POV_LMIC,Ukraine,0.3
2019,SI_POV_UMIC,Ukraine,7.1
2020,SI_POV_DDAY,Ukraine,0.0
2020,SI_POV_LMIC,Ukraine,0.2
2020,SI_POV_UMIC,Ukraine,7.1
2001,SI_POV_DDAY,Australia,0.7
2001,SI_POV_LMIC,Australia,1.0
2001,SI_POV_UMIC,Australia,1.5
2003,SI_POV_DDAY,Australia,1.0
2003,SI_POV_LMIC,Australia,1.2
2003,SI_POV_UMIC,Australia,1.7
2004,SI_POV_DDAY,Australia,0.7
2004,SI_POV_LMIC,Australia,0.7
2004,SI_POV_UMIC,Australia,1.2
2008,SI_POV_DDAY,Australia,0.4
2008,SI_POV_LMIC,Australia,0.7
2008,SI_POV_UMIC,Australia,0.7
2010,SI_POV_DDAY,Australia,0.3
2010,SI_POV_LMIC,Australia,0.7
2010,SI_POV_UMIC,Australia,1.0
2014,SI_POV_DDAY,Australia,0.5
2014,SI_POV_LMIC,Australia,0.7
2014,SI_POV_UMIC,Australia,1.0
2016,SI_POV_DDAY,Australia,0.5
2016,SI_POV_LMIC,Australia,0.5
2016,SI_POV_UMIC,Australia,1.0
2018,SI_POV_DDAY,Australia,0.5
2018,SI_POV_LMIC,Australia,0.7
2018,SI_POV_UMIC,Australia,1.0
1998,SI_POV_DDAY,Canada,0.5
1998,SI_POV_LMIC,Canada,0.7
1998,SI_POV_UMIC,Canada,1.2
1999,SI_POV_DDAY,Canada,0.5
1999,SI_POV_LMIC,Canada,0.5
1999,SI_POV_UMIC,Canada,1.2
2000,SI_POV_DDAY,Canada,0.2
2000,SI_POV_LMIC,Canada,0.5
2000,SI_POV_UMIC,Canada,1.0
2001,SI_POV_DDAY,Canada,0.2
2001,SI_POV_LMIC,Canada,0.5
2001,SI_POV_UMIC,Canada,0.7
2002,SI_POV_DDAY,Canada,0.2
2002,SI_POV_LMIC,Canada,0.5
2002,SI_POV_UMIC,Canada,0.7
2003,SI_POV_DDAY,Canada,0.2
2003,SI_POV_LMIC,Canada,0.5
2003,SI_POV_UMIC,Canada,0.7
2004,SI_POV_DDAY,Canada,0.2
2004,SI_POV_LMIC,Canada,0.2
2004,SI_POV_UMIC,Canada,0.7
2005,SI_POV_DDAY,Canada,0.2
2005,SI_POV_LMIC,Canada,0.5
2005,SI_POV_UMIC,Canada,1.0
2006,SI_POV_DDAY,Canada,0.2
2006,SI_POV_LMIC,Canada,0.5
2006,SI_POV_UMIC,Canada,0.7
2007,SI_POV_DDAY,Canada,0.2
2007,SI_POV_LMIC,Canada,0.2
2007,SI_POV_UMIC,Canada,0.5
2008,SI_POV_DDAY,Canada,0.2
2008,SI_POV_LMIC,Canada,0.2
2008,SI_POV_UMIC,Canada,0.7
2009,SI_POV_DDAY,Canada,0.2
2009,SI_POV_LMIC,Canada,0.2
2009,SI_POV_UMIC,Canada,0.7
2010,SI_POV_DDAY,Canada,0.2
2010,SI_POV_LMIC,Canada,0.2
2010,SI_POV_UMIC,Canada,0.5
2011,SI_POV_DDAY,Canada,0.2
2011,SI_POV_LMIC,Canada,0.5
2011,SI_POV_UMIC,Canada,0.7
2012,SI_POV_DDAY,Canada,0.2
2012,SI_POV_LMIC,Canada,0.5
2012,SI_POV_UMIC,Canada,0.7
2013,SI_POV_DDAY,Canada,0.5
2013,SI_POV_LMIC,Canada,0.5
2013,SI_POV_UMIC,Canada,1.0
2014,SI_POV_DDAY,Canada,0.2
2014,SI_POV_LMIC,Canada,0.5
2014,SI_POV_UMIC,Canada,1.0
2015,SI_POV_DDAY,Canada,0.2
2015,SI_POV_LMIC,Canada,0.5
2015,SI_POV_UMIC,Canada,1.0
2016,SI_POV_DDAY,Canada,0.2
2016,SI_POV_LMIC,Canada,0.5
2016,SI_POV_UMIC,Canada,1.0
2017,SI_POV_DDAY,Canada,0.2
2017,SI_POV_LMIC,Canada,0.5
2017,SI_POV_UMIC,Canada,0.7
2018,SI_POV_DDAY,Canada,0.2
2018,SI_POV_LMIC,Canada,0.5
2018,SI_POV_UMIC,Canada,0.7
2019,SI_POV_DDAY,Canada,0.2
2019,SI_POV_LMIC,Canada,0.5
2019,SI_POV_UMIC,Canada,0.7
1998,SI_POV_DDAY,Chile,4.6
1998,SI_POV_LMIC,Chile,14.9
1998,SI_POV_UMIC,Chile,38.9
2000,SI_POV_DDAY,Chile,5.8
2000,SI_POV_LMIC,Chile,16.0
2000,SI_POV_UMIC,Chile,41.4
2003,SI_POV_DDAY,Chile,5.3
2003,SI_POV_LMIC,Chile,15.3
2003,SI_POV_UMIC,Chile,40.6
2006,SI_POV_DDAY,Chile,2.1
2006,SI_POV_LMIC,Chile,7.8
2006,SI_POV_UMIC,Chile,29.9
2009,SI_POV_DDAY,Chile,1.7
2009,SI_POV_LMIC,Chile,5.8
2009,SI_POV_UMIC,Chile,25.4
2011,SI_POV_DDAY,Chile,0.9
2011,SI_POV_LMIC,Chile,4.0
2011,SI_POV_UMIC,Chile,21.2
2013,SI_POV_DDAY,Chile,0.5
2013,SI_POV_LMIC,Chile,2.0
2013,SI_POV_UMIC,Chile,12.9
2015,SI_POV_DDAY,Chile,0.4
2015,SI_POV_LMIC,Chile,1.6
2015,SI_POV_UMIC,Chile,10.2
2017,SI_POV_DDAY,Chile,0.3
2017,SI_POV_LMIC,Chile,1.1
2017,SI_POV_UMIC,Chile,7.5
2020,SI_POV_DDAY,Chile,0.7
2020,SI_POV_LMIC,Chile,1.7
2020,SI_POV_UMIC,Chile,8.0
1999,SI_POV_DDAY,China,46.0
1999,SI_POV_LMIC,China,73.3
1999,SI_POV_UMIC,China,93.1
2002,SI_POV_DDAY,China,36.5
2002,SI_POV_LMIC,China,62.8
2002,SI_POV_UMIC,China,86.9
2005,SI_POV_DDAY,China,22.1
2005,SI_POV_LMIC,China,49.0
2005,SI_POV_UMIC,China,78.5
2008,SI_POV_DDAY,China,18.0
2008,SI_POV_LMIC,China,39.7
2008,SI_POV_UMIC,China,69.5
2010,SI_POV_DDAY,China,13.9
2010,SI_POV_LMIC,China,33.1
2010,SI_POV_UMIC,China,62.5
2011,SI_POV_DDAY,China,10.2
2011,SI_POV_LMIC,China,28.0
2011,SI_POV_UMIC,China,58.9
2012,SI_POV_DDAY,China,8.5
2012,SI_POV_LMIC,China,24.2
2012,SI_POV_UMIC,China,54.1
2013,SI_POV_DDAY,China,2.9
2013,SI_POV_LMIC,China,15.8
2013,SI_POV_UMIC,China,47.3
2014,SI_POV_DDAY,China,2.1
2014,SI_POV_LMIC,China,12.7
2014,SI_POV_UMIC,China,42.3
2015,SI_POV_DDAY,China,1.2
2015,SI_POV_LMIC,China,9.8
2015,SI_POV_UMIC,China,37.9
2016,SI_POV_DDAY,China,0.8
2016,SI_POV_LMIC,China,7.8
2016,SI_POV_UMIC,China,34.2
2017,SI_POV_DDAY,China,0.7
2017,SI_POV_LMIC,China,6.8
2017,SI_POV_UMIC,China,32.0
2018,SI_POV_DDAY,China,0.4
2018,SI_POV_LMIC,China,5.0
2018,SI_POV_UMIC,China,28.1
2019,SI_POV_DDAY,China,0.1
2019,SI_POV_LMIC,China,3.0
2019,SI_POV_UMIC,China,24.7
2020,SI_POV_DDAY,China,0.1
2020,SI_POV_LMIC,China,2.0
2020,SI_POV_UMIC,China,24.7
1999,SI_POV_DDAY,Colombia,21.4
1999,SI_POV_LMIC,Colombia,38.2
1999,SI_POV_UMIC,Colombia,64.3
2000,SI_POV_DDAY,Colombia,17.5
2000,SI_POV_LMIC,Colombia,33.2
2000,SI_POV_UMIC,Colombia,59.5
2001,SI_POV_DDAY,Colombia,21.0
2001,SI_POV_LMIC,Colombia,39.5
2001,SI_POV_UMIC,Colombia,67.0
2002,SI_POV_DDAY,Colombia,14.2
2002,SI_POV_LMIC,Colombia,30.9
2002,SI_POV_UMIC,Colombia,57.7
2003,SI_POV_DDAY,Colombia,13.0
2003,SI_POV_LMIC,Colombia,29.3
2003,SI_POV_UMIC,Colombia,58.0
2004,SI_POV_DDAY,Colombia,12.0
2004,SI_POV_LMIC,Colombia,28.8
2004,SI_POV_UMIC,Colombia,57.3
2005,SI_POV_DDAY,Colombia,10.7
2005,SI_POV_LMIC,Colombia,25.6
2005,SI_POV_UMIC,Colombia,53.5
2008,SI_POV_DDAY,Colombia,11.0
2008,SI_POV_LMIC,Colombia,24.1
2008,SI_POV_UMIC,Colombia,48.5
2009,SI_POV_DDAY,Colombia,9.6
2009,SI_POV_LMIC,Colombia,22.2
2009,SI_POV_UMIC,Colombia,47.3
2010,SI_POV_DDAY,Colombia,8.3
2010,SI_POV_LMIC,Colombia,20.0
2010,SI_POV_UMIC,Colombia,44.6
2011,SI_POV_DDAY,Colombia,6.8
2011,SI_POV_LMIC,Colombia,17.9
2011,SI_POV_UMIC,Colombia,41.6
2012,SI_POV_DDAY,Colombia,6.7
2012,SI_POV_LMIC,Colombia,16.8
2012,SI_POV_UMIC,Colombia,39.8
2013,SI_POV_DDAY,Colombia,6.1
2013,SI_POV_LMIC,Colombia,15.3
2013,SI_POV_UMIC,Colombia,37.6
2014,SI_POV_DDAY,Colombia,5.4
2014,SI_POV_LMIC,Colombia,14.3
2014,SI_POV_UMIC,Colombia,35.4
2015,SI_POV_DDAY,Colombia,4.9
2015,SI_POV_LMIC,Colombia,13.0
2015,SI_POV_UMIC,Colombia,34.6
2016,SI_POV_DDAY,Colombia,4.9
2016,SI_POV_LMIC,Colombia,12.9
2016,SI_POV_UMIC,Colombia,34.3
2017,SI_POV_DDAY,Colombia,4.3
2017,SI_POV_LMIC,Colombia,12.1
2017,SI_POV_UMIC,Colombia,33.7
2018,SI_POV_DDAY,Colombia,4.5
2018,SI_POV_LMIC,Colombia,12.2
2018,SI_POV_UMIC,Colombia,33.9
2019,SI_POV_DDAY,Colombia,5.3
2019,SI_POV_LMIC,Colombia,13.7
2019,SI_POV_UMIC,Colombia,34.8
2020,SI_POV_DDAY,Colombia,9.4
2020,SI_POV_LMIC,Colombia,19.3
2020,SI_POV_UMIC,Colombia,42.2
2021,SI_POV_DDAY,Colombia,6.6
2021,SI_POV_LMIC,Colombia,16.0
2021,SI_POV_UMIC,Colombia,39.2
1998,SI_POV_DDAY,Costa Rica,5.2
1998,SI_POV_LMIC,Costa Rica,11.9
1998,SI_POV_UMIC,Costa Rica,33.6
1999,SI_POV_DDAY,Costa Rica,6.8
1999,SI_POV_LMIC,Costa Rica,14.0
1999,SI_POV_UMIC,Costa Rica,36.1
2000,SI_POV_DDAY,Costa Rica,6.9
2000,SI_POV_LMIC,Costa Rica,14.8
2000,SI_POV_UMIC,Costa Rica,36.1
2001,SI_POV_DDAY,Costa Rica,5.1
2001,SI_POV_LMIC,Costa Rica,11.5
2001,SI_POV_UMIC,Costa Rica,28.0
2002,SI_POV_DDAY,Costa Rica,4.7
2002,SI_POV_LMIC,Costa Rica,10.5
2002,SI_POV_UMIC,Costa Rica,27.8
2003,SI_POV_DDAY,Costa Rica,4.7
2003,SI_POV_LMIC,Costa Rica,10.5
2003,SI_POV_UMIC,Costa Rica,26.5
2004,SI_POV_DDAY,Costa Rica,4.7
2004,SI_POV_LMIC,Costa Rica,9.8
2004,SI_POV_UMIC,Costa Rica,27.9
2005,SI_POV_DDAY,Costa Rica,3.3
2005,SI_POV_LMIC,Costa Rica,8.5
2005,SI_POV_UMIC,Costa Rica,25.4
2006,SI_POV_DDAY,Costa Rica,3.3
2006,SI_POV_LMIC,Costa Rica,8.2
2006,SI_POV_UMIC,Costa Rica,25.1
2007,SI_POV_DDAY,Costa Rica,1.8
2007,SI_POV_LMIC,Costa Rica,5.9
2007,SI_POV_UMIC,Costa Rica,20.3
2008,SI_POV_DDAY,Costa Rica,2.4
2008,SI_POV_LMIC,Costa Rica,5.7
2008,SI_POV_UMIC,Costa Rica,20.0
2009,SI_POV_DDAY,Costa Rica,2.5
2009,SI_POV_LMIC,Costa Rica,6.1
2009,SI_POV_UMIC,Costa Rica,19.4
2010,SI_POV_DDAY,Costa Rica,1.5
2010,SI_POV_LMIC,Costa Rica,4.1
2010,SI_POV_UMIC,Costa Rica,15.6
2011,SI_POV_DDAY,Costa Rica,1.8
2011,SI_POV_LMIC,Costa Rica,4.8
2011,SI_POV_UMIC,Costa Rica,16.4
2012,SI_POV_DDAY,Costa Rica,1.7
2012,SI_POV_LMIC,Costa Rica,4.4
2012,SI_POV_UMIC,Costa Rica,15.6
2013,SI_POV_DDAY,Costa Rica,1.6
2013,SI_POV_LMIC,Costa Rica,4.3
2013,SI_POV_UMIC,Costa Rica,15.6
2014,SI_POV_DDAY,Costa Rica,1.5
2014,SI_POV_LMIC,Costa Rica,4.3
2014,SI_POV_UMIC,Costa Rica,15.1
2015,SI_POV_DDAY,Costa Rica,1.6
2015,SI_POV_LMIC,Costa Rica,4.4
2015,SI_POV_UMIC,Costa Rica,14.8
2016,SI_POV_DDAY,Costa Rica,1.3
2016,SI_POV_LMIC,Costa Rica,4.1
2016,SI_POV_UMIC,Costa Rica,14.2
2017,SI_POV_DDAY,Costa Rica,1.2
2017,SI_POV_LMIC,Costa Rica,3.1
2017,SI_POV_UMIC,Costa Rica,12.9
2018,SI_POV_DDAY,Costa Rica,1.5
2018,SI_POV_LMIC,Costa Rica,4.0
2018,SI_POV_UMIC,Costa Rica,13.9
2019,SI_POV_DDAY,Costa Rica,1.1
2019,SI_POV_LMIC,Costa Rica,3.5
2019,SI_POV_UMIC,Costa Rica,13.7
2020,SI_POV_DDAY,Costa Rica,2.3
2020,SI_POV_LMIC,Costa Rica,6.0
2020,SI_POV_UMIC,Costa Rica,19.9
2021,SI_POV_DDAY,Costa Rica,1.2
2021,SI_POV_LMIC,Costa Rica,3.7
2021,SI_POV_UMIC,Costa Rica,14.5
2022,SI_POV_DDAY,Costa Rica,0.9
2022,SI_POV_LMIC,Costa Rica,3.3
2022,SI_POV_UMIC,Costa Rica,14.1
2004,SI_POV_DDAY,India,39.9
2004,SI_POV_LMIC,India,76.6
2004,SI_POV_UMIC,India,94.4
2009,SI_POV_DDAY,India,32.9
2009,SI_POV_LMIC,India,71.6
2009,SI_POV_UMIC,India,92.9
2011,SI_POV_DDAY,India,22.5
2011,SI_POV_LMIC,India,62.3
2011,SI_POV_UMIC,India,89.9
2015,SI_POV_DDAY,India,18.7
2015,SI_POV_LMIC,India,60.9
2015,SI_POV_UMIC,India,88.9
2016,SI_POV_DDAY,India,18.1
2016,SI_POV_LMIC,India,59.8
2016,SI_POV_UMIC,India,88.7
2017,SI_POV_DDAY,India,13.4
2017,SI_POV_LMIC,India,54.3
2017,SI_POV_UMIC,India,85.3
2018,SI_POV_DDAY,India,11.1
2018,SI_POV_LMIC,India,46.8
2018,SI_POV_UMIC,India,82.6
2019,SI_POV_DDAY,India,12.7
2019,SI_POV_LMIC,India,45.9
2019,SI_POV_UMIC,India,82.4
2020,SI_POV_DDAY,India,14.7
2020,SI_POV_LMIC,India,49.7
2020,SI_POV_UMIC,India,84.0
2021,SI_POV_DDAY,India,11.9
2021,SI_POV_LMIC,India,46.5
2021,SI_POV_UMIC,India,83.0
2001,SI_POV_DDAY,Israel,0.2
2001,SI_POV_LMIC,Israel,0.5
2001,SI_POV_UMIC,Israel,4.2
2002,SI_POV_DDAY,Israel,0.5
2002,SI_POV_LMIC,Israel,1.7
2002,SI_POV_UMIC,Israel,8.5
2003,SI_POV_DDAY,Israel,0.5
2003,SI_POV_LMIC,Israel,2.0
2003,SI_POV_UMIC,Israel,9.0
2004,SI_POV_DDAY,Israel,0.5
2004,SI_POV_LMIC,Israel,2.0
2004,SI_POV_UMIC,Israel,9.7
2005,SI_POV_DDAY,Israel,0.5
2005,SI_POV_LMIC,Israel,1.5
2005,SI_POV_UMIC,Israel,9.4
2006,SI_POV_DDAY,Israel,0.2
2006,SI_POV_LMIC,Israel,1.2
2006,SI_POV_UMIC,Israel,9.0
2007,SI_POV_DDAY,Israel,0.5
2007,SI_POV_LMIC,Israel,1.0
2007,SI_POV_UMIC,Israel,7.2
2008,SI_POV_DDAY,Israel,0.5
2008,SI_POV_LMIC,Israel,1.5
2008,SI_POV_UMIC,Israel,7.2
2009,SI_POV_DDAY,Israel,0.5
2009,SI_POV_LMIC,Israel,1.7
2009,SI_POV_UMIC,Israel,8.2
2010,SI_POV_DDAY,Israel,0.2
2010,SI_POV_LMIC,Israel,1.2
2010,SI_POV_UMIC,Israel,7.2
2011,SI_POV_DDAY,Israel,0.2
2011,SI_POV_LMIC,Israel,1.5
2011,SI_POV_UMIC,Israel,7.0
2012,SI_POV_DDAY,Israel,0.7
2012,SI_POV_LMIC,Israel,1.5
2012,SI_POV_UMIC,Israel,6.7
2013,SI_POV_DDAY,Israel,0.5
2013,SI_POV_LMIC,Israel,1.0
2013,SI_POV_UMIC,Israel,5.2
2014,SI_POV_DDAY,Israel,0.5
2014,SI_POV_LMIC,Israel,1.2
2014,SI_POV_UMIC,Israel,5.5
2015,SI_POV_DDAY,Israel,0.5
2015,SI_POV_LMIC,Israel,0.7
2015,SI_POV_UMIC,Israel,5.0
2016,SI_POV_DDAY,Israel,0.2
2016,SI_POV_LMIC,Israel,1.0
2016,SI_POV_UMIC,Israel,4.0
2017,SI_POV_DDAY,Israel,0.5
2017,SI_POV_LMIC,Israel,1.2
2017,SI_POV_UMIC,Israel,4.2
2018,SI_POV_DDAY,Israel,0.5
2018,SI_POV_LMIC,Israel,1.0
2018,SI_POV_UMIC,Israel,3.2
2008,SI_POV_DDAY,Japan,0.5
2008,SI_POV_LMIC,Japan,1.0
2008,SI_POV_UMIC,Japan,2.2
2010,SI_POV_DDAY,Japan,0.0
2010,SI_POV_LMIC,Japan,0.2
2010,SI_POV_UMIC,Japan,0.5
2013,SI_POV_DDAY,Japan,0.7
2013,SI_POV_LMIC,Japan,0.9
2013,SI_POV_UMIC,Japan,1.4
1998,SI_POV_DDAY,Mexico,12.9
1998,SI_POV_LMIC,Mexico,27.8
1998,SI_POV_UMIC,Mexico,55.2
2000,SI_POV_DDAY,Mexico,8.9
2000,SI_POV_LMIC,Mexico,21.3
2000,SI_POV_UMIC,Mexico,48.2
2002,SI_POV_DDAY,Mexico,6.6
2002,SI_POV_LMIC,Mexico,19.0
2002,SI_POV_UMIC,Mexico,45.3
2004,SI_POV_DDAY,Mexico,6.0
2004,SI_POV_LMIC,Mexico,16.0
2004,SI_POV_UMIC,Mexico,42.1
2005,SI_POV_DDAY,Mexico,6.5
2005,SI_POV_LMIC,Mexico,16.1
2005,SI_POV_UMIC,Mexico,40.9
2006,SI_POV_DDAY,Mexico,4.2
2006,SI_POV_LMIC,Mexico,13.1
2006,SI_POV_UMIC,Mexico,37.2
2008,SI_POV_DDAY,Mexico,5.4
2008,SI_POV_LMIC,Mexico,14.5
2008,SI_POV_UMIC,Mexico,37.8
2010,SI_POV_DDAY,Mexico,4.5
2010,SI_POV_LMIC,Mexico,12.8
2010,SI_POV_UMIC,Mexico,38.1
2012,SI_POV_DDAY,Mexico,3.8
2012,SI_POV_LMIC,Mexico,12.2
2012,SI_POV_UMIC,Mexico,35.4
2014,SI_POV_DDAY,Mexico,3.7
2014,SI_POV_LMIC,Mexico,12.0
2014,SI_POV_UMIC,Mexico,38.3
2016,SI_POV_DDAY,Mexico,3.2
2016,SI_POV_LMIC,Mexico,10.7
2016,SI_POV_UMIC,Mexico,33.6
2018,SI_POV_DDAY,Mexico,2.6
2018,SI_POV_LMIC,Mexico,9.4
2018,SI_POV_UMIC,Mexico,31.1
2020,SI_POV_DDAY,Mexico,3.1
2020,SI_POV_LMIC,Mexico,9.9
2020,SI_POV_UMIC,Mexico,32.5
2006,SI_POV_DDAY,"Korea, Rep.",0.2
2006,SI_POV_LMIC,"Korea, Rep.",0.7
2006,SI_POV_UMIC,"Korea, Rep.",2.0
2008,SI_POV_DDAY,"Korea, Rep.",0.2
2008,SI_POV_LMIC,"Korea, Rep.",0.7
2008,SI_POV_UMIC,"Korea, Rep.",1.7
2010,SI_POV_DDAY,"Korea, Rep.",0.5
2010,SI_POV_LMIC,"Korea, Rep.",0.7
2010,SI_POV_UMIC,"Korea, Rep.",2.2
2012,SI_POV_DDAY,"Korea, Rep.",0.2
2012,SI_POV_LMIC,"Korea, Rep.",0.7
2012,SI_POV_UMIC,"Korea, Rep.",1.7
2014,SI_POV_DDAY,"Korea, Rep.",0.2
2014,SI_POV_LMIC,"Korea, Rep.",0.5
2014,SI_POV_UMIC,"Korea, Rep.",1.5
2016,SI_POV_DDAY,"Korea, Rep.",0.2
2016,SI_POV_LMIC,"Korea, Rep.",0.5
2016,SI_POV_UMIC,"Korea, Rep.",1.2
2013,SI_POV_DDAY,United Arab Emirates,0.0
2013,SI_POV_LMIC,United Arab Emirates,0.0
2013,SI_POV_UMIC,United Arab Emirates,0.0
2018,SI_POV_DDAY,United Arab Emirates,0.0
2018,SI_POV_LMIC,United Arab Emirates,0.0
2018,SI_POV_UMIC,United Arab Emirates,0.4
2002,SI_POV_DDAY,Viet Nam,29.9
2002,SI_POV_LMIC,Viet Nam,65.6
2002,SI_POV_UMIC,Viet Nam,88.9
2004,SI_POV_DDAY,Viet Nam,20.1
2004,SI_POV_LMIC,Viet Nam,54.1
2004,SI_POV_UMIC,Viet Nam,84.2
2006,SI_POV_DDAY,Viet Nam,14.9
2006,SI_POV_LMIC,Viet Nam,44.6
2006,SI_POV_UMIC,Viet Nam,79.8
2008,SI_POV_DDAY,Viet Nam,11.1
2008,SI_POV_LMIC,Viet Nam,39.7
2008,SI_POV_UMIC,Viet Nam,77.7
2010,SI_POV_DDAY,Viet Nam,2.9
2010,SI_POV_LMIC,Viet Nam,14.0
2010,SI_POV_UMIC,Viet Nam,46.7
2012,SI_POV_DDAY,Viet Nam,1.7
2012,SI_POV_LMIC,Viet Nam,10.2
2012,SI_POV_UMIC,Viet Nam,40.7
2014,SI_POV_DDAY,Viet Nam,1.9
2014,SI_POV_LMIC,Viet Nam,8.8
2014,SI_POV_UMIC,Viet Nam,34.9
2016,SI_POV_DDAY,Viet Nam,1.3
2016,SI_POV_LMIC,Viet Nam,6.4
2016,SI_POV_UMIC,Viet Nam,27.1
2018,SI_POV_DDAY,Viet Nam,1.2
2018,SI_POV_LMIC,Viet Nam,5.3
2018,SI_POV_UMIC,Viet Nam,22.2
2020,SI_POV_DDAY,Viet Nam,0.7
2020,SI_POV_LMIC,Viet Nam,3.8
2020,SI_POV_UMIC,Viet Nam,18.7
1998,SI_POV_DDAY,Austria,0.2
1998,SI_POV_LMIC,Austria,0.5
1998,SI_POV_UMIC,Austria,1.0
1999,SI_POV_DDAY,Austria,0.2
1999,SI_POV_LMIC,Austria,0.2
1999,SI_POV_UMIC,Austria,0.5
2000,SI_POV_DDAY,Austria,0.0
2000,SI_POV_LMIC,Austria,0.2
2000,SI_POV_UMIC,Austria,0.6
2003,SI_POV_DDAY,Austria,0.3
2003,SI_POV_LMIC,Austria,0.4
2003,SI_POV_UMIC,Austria,0.7
2004,SI_POV_DDAY,Austria,0.1
2004,SI_POV_LMIC,Austria,0.1
2004,SI_POV_UMIC,Austria,0.4
2005,SI_POV_DDAY,Austria,0.2
2005,SI_POV_LMIC,Austria,0.2
2005,SI_POV_UMIC,Austria,0.5
2006,SI_POV_DDAY,Austria,0.1
2006,SI_POV_LMIC,Austria,0.2
2006,SI_POV_UMIC,Austria,0.5
2007,SI_POV_DDAY,Austria,0.4
2007,SI_POV_LMIC,Austria,0.6
2007,SI_POV_UMIC,Austria,0.8
2008,SI_POV_DDAY,Austria,0.5
2008,SI_POV_LMIC,Austria,0.6
2008,SI_POV_UMIC,Austria,1.0
2009,SI_POV_DDAY,Austria,0.7
2009,SI_POV_LMIC,Austria,0.7
2009,SI_POV_UMIC,Austria,1.0
2010,SI_POV_DDAY,Austria,0.5
2010,SI_POV_LMIC,Austria,0.6
2010,SI_POV_UMIC,Austria,0.8
2011,SI_POV_DDAY,Austria,0.4
2011,SI_POV_LMIC,Austria,0.6
2011,SI_POV_UMIC,Austria,1.0
2012,SI_POV_DDAY,Austria,0.6
2012,SI_POV_LMIC,Austria,0.7
2012,SI_POV_UMIC,Austria,1.1
2013,SI_POV_DDAY,Austria,0.3
2013,SI_POV_LMIC,Austria,0.4
2013,SI_POV_UMIC,Austria,0.7
2014,SI_POV_DDAY,Austria,0.2
2014,SI_POV_LMIC,Austria,0.3
2014,SI_POV_UMIC,Austria,0.7
2015,SI_POV_DDAY,Austria,0.7
2015,SI_POV_LMIC,Austria,0.7
2015,SI_POV_UMIC,Austria,1.0
2016,SI_POV_DDAY,Austria,0.7
2016,SI_POV_LMIC,Austria,0.9
2016,SI_POV_UMIC,Austria,1.3
2017,SI_POV_DDAY,Austria,0.3
2017,SI_POV_LMIC,Austria,0.4
2017,SI_POV_UMIC,Austria,0.7
2018,SI_POV_DDAY,Austria,0.6
2018,SI_POV_LMIC,Austria,0.7
2018,SI_POV_UMIC,Austria,1.2
2019,SI_POV_DDAY,Austria,0.6
2019,SI_POV_LMIC,Austria,0.7
2019,SI_POV_UMIC,Austria,0.8
2020,SI_POV_DDAY,Austria,0.7
2020,SI_POV_LMIC,Austria,0.9
2020,SI_POV_UMIC,Austria,1.0
2000,SI_POV_DDAY,Belgium,0.3
2000,SI_POV_LMIC,Belgium,0.7
2000,SI_POV_UMIC,Belgium,1.0
2003,SI_POV_DDAY,Belgium,0.3
2003,SI_POV_LMIC,Belgium,0.5
2003,SI_POV_UMIC,Belgium,0.9
2004,SI_POV_DDAY,Belgium,0.1
2004,SI_POV_LMIC,Belgium,0.1
2004,SI_POV_UMIC,Belgium,0.4
2005,SI_POV_DDAY,Belgium,0.2
2005,SI_POV_LMIC,Belgium,0.3
2005,SI_POV_UMIC,Belgium,0.5
2006,SI_POV_DDAY,Belgium,0.2
2006,SI_POV_LMIC,Belgium,0.2
2006,SI_POV_UMIC,Belgium,0.4
2007,SI_POV_DDAY,Belgium,0.2
2007,SI_POV_LMIC,Belgium,0.2
2007,SI_POV_UMIC,Belgium,0.4
2008,SI_POV_DDAY,Belgium,0.1
2008,SI_POV_LMIC,Belgium,0.1
2008,SI_POV_UMIC,Belgium,0.3
2009,SI_POV_DDAY,Belgium,0.1
2009,SI_POV_LMIC,Belgium,0.2
2009,SI_POV_UMIC,Belgium,0.3
2010,SI_POV_DDAY,Belgium,0.1
2010,SI_POV_LMIC,Belgium,0.2
2010,SI_POV_UMIC,Belgium,0.5
2011,SI_POV_DDAY,Belgium,0.2
2011,SI_POV_LMIC,Belgium,0.3
2011,SI_POV_UMIC,Belgium,0.6
2012,SI_POV_DDAY,Belgium,0.2
2012,SI_POV_LMIC,Belgium,0.2
2012,SI_POV_UMIC,Belgium,0.5
2013,SI_POV_DDAY,Belgium,0.1
2013,SI_POV_LMIC,Belgium,0.2
2013,SI_POV_UMIC,Belgium,0.5
2014,SI_POV_DDAY,Belgium,0.1
2014,SI_POV_LMIC,Belgium,0.1
2014,SI_POV_UMIC,Belgium,0.3
2015,SI_POV_DDAY,Belgium,0.1
2015,SI_POV_LMIC,Belgium,0.2
2015,SI_POV_UMIC,Belgium,0.2
2016,SI_POV_DDAY,Belgium,0.1
2016,SI_POV_LMIC,Belgium,0.1
2016,SI_POV_UMIC,Belgium,0.3
2017,SI_POV_DDAY,Belgium,0.1
2017,SI_POV_LMIC,Belgium,0.2
2017,SI_POV_UMIC,Belgium,0.4
2018,SI_POV_DDAY,Belgium,0.1
2018,SI_POV_LMIC,Belgium,0.1
2018,SI_POV_UMIC,Belgium,0.2
2019,SI_POV_DDAY,Belgium,0.1
2019,SI_POV_LMIC,Belgium,0.1
2019,SI_POV_UMIC,Belgium,0.2
2020,SI_POV_DDAY,Belgium,0.1
2020,SI_POV_LMIC,Belgium,0.1
2020,SI_POV_UMIC,Belgium,0.3
2006,SI_POV_DDAY,Bulgaria,5.8
2006,SI_POV_LMIC,Bulgaria,11.5
2006,SI_POV_UMIC,Bulgaria,28.5
2007,SI_POV_DDAY,Bulgaria,1.8
2007,SI_POV_LMIC,Bulgaria,4.9
2007,SI_POV_UMIC,Bulgaria,15.0
2008,SI_POV_DDAY,Bulgaria,1.3
2008,SI_POV_LMIC,Bulgaria,3.5
2008,SI_POV_UMIC,Bulgaria,11.3
2009,SI_POV_DDAY,Bulgaria,1.3
2009,SI_POV_LMIC,Bulgaria,3.0
2009,SI_POV_UMIC,Bulgaria,11.0
2010,SI_POV_DDAY,Bulgaria,2.0
2010,SI_POV_LMIC,Bulgaria,4.6
2010,SI_POV_UMIC,Bulgaria,13.4
2011,SI_POV_DDAY,Bulgaria,2.5
2011,SI_POV_LMIC,Bulgaria,5.1
2011,SI_POV_UMIC,Bulgaria,14.1
2012,SI_POV_DDAY,Bulgaria,2.3
2012,SI_POV_LMIC,Bulgaria,5.5
2012,SI_POV_UMIC,Bulgaria,14.1
2013,SI_POV_DDAY,Bulgaria,1.8
2013,SI_POV_LMIC,Bulgaria,5.0
2013,SI_POV_UMIC,Bulgaria,13.2
2014,SI_POV_DDAY,Bulgaria,1.7
2014,SI_POV_LMIC,Bulgaria,3.9
2014,SI_POV_UMIC,Bulgaria,11.0
2015,SI_POV_DDAY,Bulgaria,3.4
2015,SI_POV_LMIC,Bulgaria,6.1
2015,SI_POV_UMIC,Bulgaria,14.1
2016,SI_POV_DDAY,Bulgaria,2.0
2016,SI_POV_LMIC,Bulgaria,4.8
2016,SI_POV_UMIC,Bulgaria,10.4
2017,SI_POV_DDAY,Bulgaria,1.4
2017,SI_POV_LMIC,Bulgaria,3.5
2017,SI_POV_UMIC,Bulgaria,9.4
2018,SI_POV_DDAY,Bulgaria,0.9
2018,SI_POV_LMIC,Bulgaria,2.3
2018,SI_POV_UMIC,Bulgaria,8.0
2019,SI_POV_DDAY,Bulgaria,0.9
2019,SI_POV_LMIC,Bulgaria,2.8
2019,SI_POV_UMIC,Bulgaria,7.2
2020,SI_POV_DDAY,Bulgaria,0.2
2020,SI_POV_LMIC,Bulgaria,1.4
2020,SI_POV_UMIC,Bulgaria,4.5
2009,SI_POV_DDAY,Croatia,0.9
2009,SI_POV_LMIC,Croatia,1.6
2009,SI_POV_UMIC,Croatia,5.1
2010,SI_POV_DDAY,Croatia,1.2
2010,SI_POV_LMIC,Croatia,2.2
2010,SI_POV_UMIC,Croatia,6.6
2011,SI_POV_DDAY,Croatia,0.6
2011,SI_POV_LMIC,Croatia,1.8
2011,SI_POV_UMIC,Croatia,7.5
2012,SI_POV_DDAY,Croatia,0.8
2012,SI_POV_LMIC,Croatia,2.0
2012,SI_POV_UMIC,Croatia,8.1
2013,SI_POV_DDAY,Croatia,0.7
2013,SI_POV_LMIC,Croatia,2.0
2013,SI_POV_UMIC,Croatia,7.8
2014,SI_POV_DDAY,Croatia,1.0
2014,SI_POV_LMIC,Croatia,1.7
2014,SI_POV_UMIC,Croatia,6.6
2015,SI_POV_DDAY,Croatia,0.6
2015,SI_POV_LMIC,Croatia,1.3
2015,SI_POV_UMIC,Croatia,5.8
2016,SI_POV_DDAY,Croatia,0.6
2016,SI_POV_LMIC,Croatia,1.3
2016,SI_POV_UMIC,Croatia,4.7
2017,SI_POV_DDAY,Croatia,0.5
2017,SI_POV_LMIC,Croatia,1.1
2017,SI_POV_UMIC,Croatia,4.2
2018,SI_POV_DDAY,Croatia,0.4
2018,SI_POV_LMIC,Croatia,0.7
2018,SI_POV_UMIC,Croatia,2.7
2019,SI_POV_DDAY,Croatia,0.3
2019,SI_POV_LMIC,Croatia,0.6
2019,SI_POV_UMIC,Croatia,2.4
2020,SI_POV_DDAY,Croatia,0.3
2020,SI_POV_LMIC,Croatia,0.7
2020,SI_POV_UMIC,Croatia,2.1
2004,SI_POV_DDAY,Cyprus,0.1
2004,SI_POV_LMIC,Cyprus,0.1
2004,SI_POV_UMIC,Cyprus,0.3
2005,SI_POV_DDAY,Cyprus,0.0
2005,SI_POV_LMIC,Cyprus,0.1
2005,SI_POV_UMIC,Cyprus,0.1
2006,SI_POV_DDAY,Cyprus,0.0
2006,SI_POV_LMIC,Cyprus,0.0
2006,SI_POV_UMIC,Cyprus,0.0
2007,SI_POV_DDAY,Cyprus,0.0
2007,SI_POV_LMIC,Cyprus,0.0
2007,SI_POV_UMIC,Cyprus,0.1
2008,SI_POV_DDAY,Cyprus,0.0
2008,SI_POV_LMIC,Cyprus,0.0
2008,SI_POV_UMIC,Cyprus,0.0
2009,SI_POV_DDAY,Cyprus,0.1
2009,SI_POV_LMIC,Cyprus,0.1
2009,SI_POV_UMIC,Cyprus,0.2
2010,SI_POV_DDAY,Cyprus,0.0
2010,SI_POV_LMIC,Cyprus,0.1
2010,SI_POV_UMIC,Cyprus,0.2
2011,SI_POV_DDAY,Cyprus,0.0
2011,SI_POV_LMIC,Cyprus,0.0
2011,SI_POV_UMIC,Cyprus,0.2
2012,SI_POV_DDAY,Cyprus,0.0
2012,SI_POV_LMIC,Cyprus,0.0
2012,SI_POV_UMIC,Cyprus,0.1
2013,SI_POV_DDAY,Cyprus,0.1
2013,SI_POV_LMIC,Cyprus,0.2
2013,SI_POV_UMIC,Cyprus,0.3
2014,SI_POV_DDAY,Cyprus,0.1
2014,SI_POV_LMIC,Cyprus,0.2
2014,SI_POV_UMIC,Cyprus,0.4
2015,SI_POV_DDAY,Cyprus,0.0
2015,SI_POV_LMIC,Cyprus,0.1
2015,SI_POV_UMIC,Cyprus,0.1
2016,SI_POV_DDAY,Cyprus,0.0
2016,SI_POV_LMIC,Cyprus,0.1
2016,SI_POV_UMIC,Cyprus,0.1
2017,SI_POV_DDAY,Cyprus,0.0
2017,SI_POV_LMIC,Cyprus,0.1
2017,SI_POV_UMIC,Cyprus,0.1
2018,SI_POV_DDAY,Cyprus,0.0
2018,SI_POV_LMIC,Cyprus,0.1
2018,SI_POV_UMIC,Cyprus,0.2
2019,SI_POV_DDAY,Cyprus,0.2
2019,SI_POV_LMIC,Cyprus,0.2
2019,SI_POV_UMIC,Cyprus,0.3
2020,SI_POV_DDAY,Cyprus,0.0
2020,SI_POV_LMIC,Cyprus,0.1
2020,SI_POV_UMIC,Cyprus,0.2
2002,SI_POV_DDAY,Czechia,0.0
2002,SI_POV_LMIC,Czechia,0.0
2002,SI_POV_UMIC,Czechia,0.7
2004,SI_POV_DDAY,Czechia,0.0
2004,SI_POV_LMIC,Czechia,0.0
2004,SI_POV_UMIC,Czechia,1.3
2005,SI_POV_DDAY,Czechia,0.0
2005,SI_POV_LMIC,Czechia,0.1
2005,SI_POV_UMIC,Czechia,0.8
2006,SI_POV_DDAY,Czechia,0.1
2006,SI_POV_LMIC,Czechia,0.1
2006,SI_POV_UMIC,Czechia,0.8
2007,SI_POV_DDAY,Czechia,0.1
2007,SI_POV_LMIC,Czechia,0.2
2007,SI_POV_UMIC,Czechia,0.7
2008,SI_POV_DDAY,Czechia,0.0
2008,SI_POV_LMIC,Czechia,0.1
2008,SI_POV_UMIC,Czechia,0.5
2009,SI_POV_DDAY,Czechia,0.0
2009,SI_POV_LMIC,Czechia,0.1
2009,SI_POV_UMIC,Czechia,0.8
2010,SI_POV_DDAY,Czechia,0.0
2010,SI_POV_LMIC,Czechia,0.1
2010,SI_POV_UMIC,Czechia,0.9
2011,SI_POV_DDAY,Czechia,0.0
2011,SI_POV_LMIC,Czechia,0.1
2011,SI_POV_UMIC,Czechia,0.8
2012,SI_POV_DDAY,Czechia,0.0
2012,SI_POV_LMIC,Czechia,0.1
2012,SI_POV_UMIC,Czechia,0.9
2013,SI_POV_DDAY,Czechia,0.0
2013,SI_POV_LMIC,Czechia,0.1
2013,SI_POV_UMIC,Czechia,0.7
2014,SI_POV_DDAY,Czechia,0.0
2014,SI_POV_LMIC,Czechia,0.1
2014,SI_POV_UMIC,Czechia,0.8
2015,SI_POV_DDAY,Czechia,0.0
2015,SI_POV_LMIC,Czechia,0.0
2015,SI_POV_UMIC,Czechia,0.4
2016,SI_POV_DDAY,Czechia,0.0
2016,SI_POV_LMIC,Czechia,0.1
2016,SI_POV_UMIC,Czechia,0.7
2017,SI_POV_DDAY,Czechia,0.0
2017,SI_POV_LMIC,Czechia,0.1
2017,SI_POV_UMIC,Czechia,0.5
2018,SI_POV_DDAY,Czechia,0.0
2018,SI_POV_LMIC,Czechia,0.0
2018,SI_POV_UMIC,Czechia,0.2
2019,SI_POV_DDAY,Czechia,0.0
2019,SI_POV_LMIC,Czechia,0.0
2019,SI_POV_UMIC,Czechia,0.3
2020,SI_POV_DDAY,Czechia,0.0
2020,SI_POV_LMIC,Czechia,0.0
2020,SI_POV_UMIC,Czechia,0.4
2000,SI_POV_DDAY,Denmark,0.0
2000,SI_POV_LMIC,Denmark,0.0
2000,SI_POV_UMIC,Denmark,0.2
2003,SI_POV_DDAY,Denmark,0.3
2003,SI_POV_LMIC,Denmark,0.4
2003,SI_POV_UMIC,Denmark,0.4
2004,SI_POV_DDAY,Denmark,0.3
2004,SI_POV_LMIC,Denmark,0.3
2004,SI_POV_UMIC,Denmark,0.4
2005,SI_POV_DDAY,Denmark,0.3
2005,SI_POV_LMIC,Denmark,0.3
2005,SI_POV_UMIC,Denmark,0.5
2006,SI_POV_DDAY,Denmark,0.1
2006,SI_POV_LMIC,Denmark,0.2
2006,SI_POV_UMIC,Denmark,0.3
2007,SI_POV_DDAY,Denmark,0.0
2007,SI_POV_LMIC,Denmark,0.3
2007,SI_POV_UMIC,Denmark,0.6
2008,SI_POV_DDAY,Denmark,0.1
2008,SI_POV_LMIC,Denmark,0.4
2008,SI_POV_UMIC,Denmark,0.8
2009,SI_POV_DDAY,Denmark,0.5
2009,SI_POV_LMIC,Denmark,0.6
2009,SI_POV_UMIC,Denmark,1.0
2010,SI_POV_DDAY,Denmark,0.1
2010,SI_POV_LMIC,Denmark,0.1
2010,SI_POV_UMIC,Denmark,0.2
2011,SI_POV_DDAY,Denmark,0.0
2011,SI_POV_LMIC,Denmark,0.0
2011,SI_POV_UMIC,Denmark,0.6
2012,SI_POV_DDAY,Denmark,0.0
2012,SI_POV_LMIC,Denmark,0.0
2012,SI_POV_UMIC,Denmark,0.4
2013,SI_POV_DDAY,Denmark,0.3
2013,SI_POV_LMIC,Denmark,0.3
2013,SI_POV_UMIC,Denmark,0.6
2014,SI_POV_DDAY,Denmark,0.2
2014,SI_POV_LMIC,Denmark,0.2
2014,SI_POV_UMIC,Denmark,0.7
2015,SI_POV_DDAY,Denmark,0.2
2015,SI_POV_LMIC,Denmark,0.3
2015,SI_POV_UMIC,Denmark,0.4
2016,SI_POV_DDAY,Denmark,0.3
2016,SI_POV_LMIC,Denmark,0.3
2016,SI_POV_UMIC,Denmark,0.5
2017,SI_POV_DDAY,Denmark,0.1
2017,SI_POV_LMIC,Denmark,0.2
2017,SI_POV_UMIC,Denmark,0.3
2018,SI_POV_DDAY,Denmark,0.2
2018,SI_POV_LMIC,Denmark,0.2
2018,SI_POV_UMIC,Denmark,0.3
2019,SI_POV_DDAY,Denmark,0.3
2019,SI_POV_LMIC,Denmark,0.3
2019,SI_POV_UMIC,Denmark,0.4
2020,SI_POV_DDAY,Denmark,0.2
2020,SI_POV_LMIC,Denmark,0.2
2020,SI_POV_UMIC,Denmark,0.4
2003,SI_POV_DDAY,Estonia,2.5
2003,SI_POV_LMIC,Estonia,5.5
2003,SI_POV_UMIC,Estonia,16.9
2004,SI_POV_DDAY,Estonia,1.1
2004,SI_POV_LMIC,Estonia,3.2
2004,SI_POV_UMIC,Estonia,10.9
2005,SI_POV_DDAY,Estonia,0.8
2005,SI_POV_LMIC,Estonia,1.9
2005,SI_POV_UMIC,Estonia,7.6
2006,SI_POV_DDAY,Estonia,0.8
2006,SI_POV_LMIC,Estonia,1.4
2006,SI_POV_UMIC,Estonia,4.6
2007,SI_POV_DDAY,Estonia,0.4
2007,SI_POV_LMIC,Estonia,0.9
2007,SI_POV_UMIC,Estonia,3.0
2008,SI_POV_DDAY,Estonia,0.4
2008,SI_POV_LMIC,Estonia,0.9
2008,SI_POV_UMIC,Estonia,3.0
2009,SI_POV_DDAY,Estonia,0.6
2009,SI_POV_LMIC,Estonia,1.2
2009,SI_POV_UMIC,Estonia,4.0
2010,SI_POV_DDAY,Estonia,0.8
2010,SI_POV_LMIC,Estonia,1.8
2010,SI_POV_UMIC,Estonia,5.8
2011,SI_POV_DDAY,Estonia,1.0
2011,SI_POV_LMIC,Estonia,1.6
2011,SI_POV_UMIC,Estonia,4.7
2012,SI_POV_DDAY,Estonia,0.7
2012,SI_POV_LMIC,Estonia,1.5
2012,SI_POV_UMIC,Estonia,4.1
2013,SI_POV_DDAY,Estonia,0.9
2013,SI_POV_LMIC,Estonia,1.6
2013,SI_POV_UMIC,Estonia,4.2
2014,SI_POV_DDAY,Estonia,0.8
2014,SI_POV_LMIC,Estonia,1.4
2014,SI_POV_UMIC,Estonia,4.0
2015,SI_POV_DDAY,Estonia,0.6
2015,SI_POV_LMIC,Estonia,0.9
2015,SI_POV_UMIC,Estonia,2.3
2016,SI_POV_DDAY,Estonia,0.5
2016,SI_POV_LMIC,Estonia,0.7
2016,SI_POV_UMIC,Estonia,1.8
2017,SI_POV_DDAY,Estonia,0.3
2017,SI_POV_LMIC,Estonia,0.6
2017,SI_POV_UMIC,Estonia,1.3
2018,SI_POV_DDAY,Estonia,0.2
2018,SI_POV_LMIC,Estonia,0.5
2018,SI_POV_UMIC,Estonia,1.1
2019,SI_POV_DDAY,Estonia,0.6
2019,SI_POV_LMIC,Estonia,0.9
2019,SI_POV_UMIC,Estonia,1.4
2020,SI_POV_DDAY,Estonia,0.3
2020,SI_POV_LMIC,Estonia,0.5
2020,SI_POV_UMIC,Estonia,1.3
2000,SI_POV_DDAY,Finland,0.0
2000,SI_POV_LMIC,Finland,0.0
2000,SI_POV_UMIC,Finland,0.2
2003,SI_POV_DDAY,Finland,0.0
2003,SI_POV_LMIC,Finland,0.1
2003,SI_POV_UMIC,Finland,0.2
2004,SI_POV_DDAY,Finland,0.0
2004,SI_POV_LMIC,Finland,0.1
2004,SI_POV_UMIC,Finland,0.2
2005,SI_POV_DDAY,Finland,0.1
2005,SI_POV_LMIC,Finland,0.1
2005,SI_POV_UMIC,Finland,0.2
2006,SI_POV_DDAY,Finland,0.1
2006,SI_POV_LMIC,Finland,0.1
2006,SI_POV_UMIC,Finland,0.2
2007,SI_POV_DDAY,Finland,0.1
2007,SI_POV_LMIC,Finland,0.1
2007,SI_POV_UMIC,Finland,0.1
2008,SI_POV_DDAY,Finland,0.1
2008,SI_POV_LMIC,Finland,0.1
2008,SI_POV_UMIC,Finland,0.2
2009,SI_POV_DDAY,Finland,0.1
2009,SI_POV_LMIC,Finland,0.1
2009,SI_POV_UMIC,Finland,0.1
2010,SI_POV_DDAY,Finland,0.1
2010,SI_POV_LMIC,Finland,0.1
2010,SI_POV_UMIC,Finland,0.2
2011,SI_POV_DDAY,Finland,0.0
2011,SI_POV_LMIC,Finland,0.1
2011,SI_POV_UMIC,Finland,0.1
2012,SI_POV_DDAY,Finland,0.1
2012,SI_POV_LMIC,Finland,0.1
2012,SI_POV_UMIC,Finland,0.2
2013,SI_POV_DDAY,Finland,0.1
2013,SI_POV_LMIC,Finland,0.1
2013,SI_POV_UMIC,Finland,0.2
2014,SI_POV_DDAY,Finland,0.1
2014,SI_POV_LMIC,Finland,0.1
2014,SI_POV_UMIC,Finland,0.2
2015,SI_POV_DDAY,Finland,0.1
2015,SI_POV_LMIC,Finland,0.1
2015,SI_POV_UMIC,Finland,0.2
2016,SI_POV_DDAY,Finland,0.0
2016,SI_POV_LMIC,Finland,0.1
2016,SI_POV_UMIC,Finland,0.2
2017,SI_POV_DDAY,Finland,0.1
2017,SI_POV_LMIC,Finland,0.1
2017,SI_POV_UMIC,Finland,0.1
2018,SI_POV_DDAY,Finland,0.1
2018,SI_POV_LMIC,Finland,0.1
2018,SI_POV_UMIC,Finland,0.2
2019,SI_POV_DDAY,Finland,0.0
2019,SI_POV_LMIC,Finland,0.1
2019,SI_POV_UMIC,Finland,0.2
2020,SI_POV_DDAY,Finland,0.0
2020,SI_POV_LMIC,Finland,0.0
2020,SI_POV_UMIC,Finland,0.1
1998,SI_POV_DDAY,France,0.0
1998,SI_POV_LMIC,France,0.2
1998,SI_POV_UMIC,France,0.5
1999,SI_POV_DDAY,France,0.0
1999,SI_POV_LMIC,France,0.2
1999,SI_POV_UMIC,France,0.5
2000,SI_POV_DDAY,France,0.0
2000,SI_POV_LMIC,France,0.2
2000,SI_POV_UMIC,France,0.5
2001,SI_POV_DDAY,France,0.0
2001,SI_POV_LMIC,France,0.2
2001,SI_POV_UMIC,France,0.2
2002,SI_POV_DDAY,France,0.0
2002,SI_POV_LMIC,France,0.0
2002,SI_POV_UMIC,France,0.2
2003,SI_POV_DDAY,France,0.2
2003,SI_POV_LMIC,France,0.2
2003,SI_POV_UMIC,France,0.4
2004,SI_POV_DDAY,France,0.0
2004,SI_POV_LMIC,France,0.1
2004,SI_POV_UMIC,France,0.3
2005,SI_POV_DDAY,France,0.0
2005,SI_POV_LMIC,France,0.1
2005,SI_POV_UMIC,France,0.3
2006,SI_POV_DDAY,France,0.0
2006,SI_POV_LMIC,France,0.1
2006,SI_POV_UMIC,France,0.2
2007,SI_POV_DDAY,France,0.0
2007,SI_POV_LMIC,France,0.0
2007,SI_POV_UMIC,France,0.1
2008,SI_POV_DDAY,France,0.0
2008,SI_POV_LMIC,France,0.0
2008,SI_POV_UMIC,France,0.1
2009,SI_POV_DDAY,France,0.0
2009,SI_POV_LMIC,France,0.1
2009,SI_POV_UMIC,France,0.4
2010,SI_POV_DDAY,France,0.1
2010,SI_POV_LMIC,France,0.1
2010,SI_POV_UMIC,France,0.3
2011,SI_POV_DDAY,France,0.0
2011,SI_POV_LMIC,France,0.1
2011,SI_POV_UMIC,France,0.2
2012,SI_POV_DDAY,France,0.1
2012,SI_POV_LMIC,France,0.1
2012,SI_POV_UMIC,France,0.3
2013,SI_POV_DDAY,France,0.1
2013,SI_POV_LMIC,France,0.1
2013,SI_POV_UMIC,France,0.2
2014,SI_POV_DDAY,France,0.0
2014,SI_POV_LMIC,France,0.0
2014,SI_POV_UMIC,France,0.2
2015,SI_POV_DDAY,France,0.1
2015,SI_POV_LMIC,France,0.2
2015,SI_POV_UMIC,France,0.3
2016,SI_POV_DDAY,France,0.1
2016,SI_POV_LMIC,France,0.1
2016,SI_POV_UMIC,France,0.3
2017,SI_POV_DDAY,France,0.0
2017,SI_POV_LMIC,France,0.0
2017,SI_POV_UMIC,France,0.1
2018,SI_POV_DDAY,France,0.0
2018,SI_POV_LMIC,France,0.1
2018,SI_POV_UMIC,France,0.1
2019,SI_POV_DDAY,France,0.1
2019,SI_POV_LMIC,France,0.1
2019,SI_POV_UMIC,France,0.4
2020,SI_POV_DDAY,France,0.1
2020,SI_POV_LMIC,France,0.2
2020,SI_POV_UMIC,France,0.4
1998,SI_POV_DDAY,Germany,0.0
1998,SI_POV_LMIC,Germany,0.0
1998,SI_POV_UMIC,Germany,0.2
1999,SI_POV_DDAY,Germany,0.0
1999,SI_POV_LMIC,Germany,0.2
1999,SI_POV_UMIC,Germany,0.2
2000,SI_POV_DDAY,Germany,0.0
2000,SI_POV_LMIC,Germany,0.0
2000,SI_POV_UMIC,Germany,0.2
2001,SI_POV_DDAY,Germany,0.0
2001,SI_POV_LMIC,Germany,0.2
2001,SI_POV_UMIC,Germany,0.2
2002,SI_POV_DDAY,Germany,0.0
2002,SI_POV_LMIC,Germany,0.0
2002,SI_POV_UMIC,Germany,0.2
2003,SI_POV_DDAY,Germany,0.0
2003,SI_POV_LMIC,Germany,0.2
2003,SI_POV_UMIC,Germany,0.5
2004,SI_POV_DDAY,Germany,0.0
2004,SI_POV_LMIC,Germany,0.0
2004,SI_POV_UMIC,Germany,0.2
2005,SI_POV_DDAY,Germany,0.0
2005,SI_POV_LMIC,Germany,0.0
2005,SI_POV_UMIC,Germany,0.2
2006,SI_POV_DDAY,Germany,0.0
2006,SI_POV_LMIC,Germany,0.0
2006,SI_POV_UMIC,Germany,0.2
2007,SI_POV_DDAY,Germany,0.0
2007,SI_POV_LMIC,Germany,0.0
2007,SI_POV_UMIC,Germany,0.2
2008,SI_POV_DDAY,Germany,0.0
2008,SI_POV_LMIC,Germany,0.2
2008,SI_POV_UMIC,Germany,0.2
2009,SI_POV_DDAY,Germany,0.0
2009,SI_POV_LMIC,Germany,0.0
2009,SI_POV_UMIC,Germany,0.2
2010,SI_POV_DDAY,Germany,0.0
2010,SI_POV_LMIC,Germany,0.2
2010,SI_POV_UMIC,Germany,0.2
2011,SI_POV_DDAY,Germany,0.0
2011,SI_POV_LMIC,Germany,0.0
2011,SI_POV_UMIC,Germany,0.2
2012,SI_POV_DDAY,Germany,0.0
2012,SI_POV_LMIC,Germany,0.0
2012,SI_POV_UMIC,Germany,0.2
2013,SI_POV_DDAY,Germany,0.0
2013,SI_POV_LMIC,Germany,0.0
2013,SI_POV_UMIC,Germany,0.2
2014,SI_POV_DDAY,Germany,0.0
2014,SI_POV_LMIC,Germany,0.2
2014,SI_POV_UMIC,Germany,0.2
2015,SI_POV_DDAY,Germany,0.0
2015,SI_POV_LMIC,Germany,0.0
2015,SI_POV_UMIC,Germany,0.2
2016,SI_POV_DDAY,Germany,0.0
2016,SI_POV_LMIC,Germany,0.2
2016,SI_POV_UMIC,Germany,0.2
2017,SI_POV_DDAY,Germany,0.2
2017,SI_POV_LMIC,Germany,0.5
2017,SI_POV_UMIC,Germany,1.0
2018,SI_POV_DDAY,Germany,0.0
2018,SI_POV_LMIC,Germany,0.2
2018,SI_POV_UMIC,Germany,0.2
2019,SI_POV_DDAY,Germany,0.0
2019,SI_POV_LMIC,Germany,0.2
2019,SI_POV_UMIC,Germany,0.2
2000,SI_POV_DDAY,Greece,0.5
2000,SI_POV_LMIC,Greece,1.0
2000,SI_POV_UMIC,Greece,2.7
2003,SI_POV_DDAY,Greece,0.5
2003,SI_POV_LMIC,Greece,0.7
2003,SI_POV_UMIC,Greece,1.9
2004,SI_POV_DDAY,Greece,0.6
2004,SI_POV_LMIC,Greece,1.0
2004,SI_POV_UMIC,Greece,1.9
2005,SI_POV_DDAY,Greece,0.3
2005,SI_POV_LMIC,Greece,0.5
2005,SI_POV_UMIC,Greece,1.7
2006,SI_POV_DDAY,Greece,0.6
2006,SI_POV_LMIC,Greece,0.9
2006,SI_POV_UMIC,Greece,2.2
2007,SI_POV_DDAY,Greece,0.5
2007,SI_POV_LMIC,Greece,0.7
2007,SI_POV_UMIC,Greece,1.7
2008,SI_POV_DDAY,Greece,0.3
2008,SI_POV_LMIC,Greece,0.5
2008,SI_POV_UMIC,Greece,1.6
2009,SI_POV_DDAY,Greece,0.6
2009,SI_POV_LMIC,Greece,0.7
2009,SI_POV_UMIC,Greece,1.8
2010,SI_POV_DDAY,Greece,1.0
2010,SI_POV_LMIC,Greece,1.3
2010,SI_POV_UMIC,Greece,2.6
2011,SI_POV_DDAY,Greece,1.1
2011,SI_POV_LMIC,Greece,2.0
2011,SI_POV_UMIC,Greece,5.2
2012,SI_POV_DDAY,Greece,1.5
2012,SI_POV_LMIC,Greece,2.8
2012,SI_POV_UMIC,Greece,7.2
2013,SI_POV_DDAY,Greece,1.0
2013,SI_POV_LMIC,Greece,2.6
2013,SI_POV_UMIC,Greece,8.3
2014,SI_POV_DDAY,Greece,1.5
2014,SI_POV_LMIC,Greece,2.9
2014,SI_POV_UMIC,Greece,7.7
2015,SI_POV_DDAY,Greece,1.4
2015,SI_POV_LMIC,Greece,2.8
2015,SI_POV_UMIC,Greece,7.8
2016,SI_POV_DDAY,Greece,1.0
2016,SI_POV_LMIC,Greece,2.0
2016,SI_POV_UMIC,Greece,6.4
2017,SI_POV_DDAY,Greece,0.9
2017,SI_POV_LMIC,Greece,1.6
2017,SI_POV_UMIC,Greece,5.3
2018,SI_POV_DDAY,Greece,0.1
2018,SI_POV_LMIC,Greece,0.3
2018,SI_POV_UMIC,Greece,3.7
2019,SI_POV_DDAY,Greece,0.7
2019,SI_POV_LMIC,Greece,1.3
2019,SI_POV_UMIC,Greece,3.9
2020,SI_POV_DDAY,Greece,0.8
2020,SI_POV_LMIC,Greece,1.6
2020,SI_POV_UMIC,Greece,3.9
2004,SI_POV_DDAY,Hungary,0.1
2004,SI_POV_LMIC,Hungary,0.4
2004,SI_POV_UMIC,Hungary,5.7
2005,SI_POV_DDAY,Hungary,0.7
2005,SI_POV_LMIC,Hungary,1.5
2005,SI_POV_UMIC,Hungary,7.4
2006,SI_POV_DDAY,Hungary,0.1
2006,SI_POV_LMIC,Hungary,0.3
2006,SI_POV_UMIC,Hungary,4.0
2007,SI_POV_DDAY,Hungary,0.1
2007,SI_POV_LMIC,Hungary,0.4
2007,SI_POV_UMIC,Hungary,4.0
2008,SI_POV_DDAY,Hungary,0.0
2008,SI_POV_LMIC,Hungary,0.2
2008,SI_POV_UMIC,Hungary,3.3
2009,SI_POV_DDAY,Hungary,0.1
2009,SI_POV_LMIC,Hungary,0.2
2009,SI_POV_UMIC,Hungary,4.0
2010,SI_POV_DDAY,Hungary,0.1
2010,SI_POV_LMIC,Hungary,0.3
2010,SI_POV_UMIC,Hungary,5.4
2011,SI_POV_DDAY,Hungary,0.1
2011,SI_POV_LMIC,Hungary,0.3
2011,SI_POV_UMIC,Hungary,5.8
2012,SI_POV_DDAY,Hungary,0.3
2012,SI_POV_LMIC,Hungary,1.0
2012,SI_POV_UMIC,Hungary,7.8
2013,SI_POV_DDAY,Hungary,0.2
2013,SI_POV_LMIC,Hungary,0.9
2013,SI_POV_UMIC,Hungary,7.3
2014,SI_POV_DDAY,Hungary,0.7
2014,SI_POV_LMIC,Hungary,1.1
2014,SI_POV_UMIC,Hungary,5.4
2015,SI_POV_DDAY,Hungary,0.6
2015,SI_POV_LMIC,Hungary,1.3
2015,SI_POV_UMIC,Hungary,3.9
2016,SI_POV_DDAY,Hungary,1.3
2016,SI_POV_LMIC,Hungary,1.9
2016,SI_POV_UMIC,Hungary,3.3
2017,SI_POV_DDAY,Hungary,0.6
2017,SI_POV_LMIC,Hungary,1.5
2017,SI_POV_UMIC,Hungary,4.0
2018,SI_POV_DDAY,Hungary,0.2
2018,SI_POV_LMIC,Hungary,0.7
2018,SI_POV_UMIC,Hungary,2.8
2019,SI_POV_DDAY,Hungary,0.3
2019,SI_POV_LMIC,Hungary,0.9
2019,SI_POV_UMIC,Hungary,2.5
2020,SI_POV_DDAY,Hungary,0.4
2020,SI_POV_LMIC,Hungary,0.8
2020,SI_POV_UMIC,Hungary,2.5
2003,SI_POV_DDAY,Iceland,0.0
2003,SI_POV_LMIC,Iceland,0.1
2003,SI_POV_UMIC,Iceland,0.4
2004,SI_POV_DDAY,Iceland,0.2
2004,SI_POV_LMIC,Iceland,0.2
2004,SI_POV_UMIC,Iceland,0.4
2005,SI_POV_DDAY,Iceland,0.0
2005,SI_POV_LMIC,Iceland,0.1
2005,SI_POV_UMIC,Iceland,0.2
2006,SI_POV_DDAY,Iceland,0.1
2006,SI_POV_LMIC,Iceland,0.3
2006,SI_POV_UMIC,Iceland,0.4
2007,SI_POV_DDAY,Iceland,0.1
2007,SI_POV_LMIC,Iceland,0.1
2007,SI_POV_UMIC,Iceland,0.3
2008,SI_POV_DDAY,Iceland,0.1
2008,SI_POV_LMIC,Iceland,0.1
2008,SI_POV_UMIC,Iceland,0.2
2009,SI_POV_DDAY,Iceland,0.1
2009,SI_POV_LMIC,Iceland,0.1
2009,SI_POV_UMIC,Iceland,0.3
2010,SI_POV_DDAY,Iceland,0.1
2010,SI_POV_LMIC,Iceland,0.2
2010,SI_POV_UMIC,Iceland,0.5
2011,SI_POV_DDAY,Iceland,0.1
2011,SI_POV_LMIC,Iceland,0.2
2011,SI_POV_UMIC,Iceland,0.8
2012,SI_POV_DDAY,Iceland,0.0
2012,SI_POV_LMIC,Iceland,0.1
2012,SI_POV_UMIC,Iceland,0.3
2013,SI_POV_DDAY,Iceland,0.0
2013,SI_POV_LMIC,Iceland,0.1
2013,SI_POV_UMIC,Iceland,0.2
2014,SI_POV_DDAY,Iceland,0.0
2014,SI_POV_LMIC,Iceland,0.1
2014,SI_POV_UMIC,Iceland,0.1
2015,SI_POV_DDAY,Iceland,0.0
2015,SI_POV_LMIC,Iceland,0.0
2015,SI_POV_UMIC,Iceland,0.1
2016,SI_POV_DDAY,Iceland,0.0
2016,SI_POV_LMIC,Iceland,0.1
2016,SI_POV_UMIC,Iceland,0.2
2017,SI_POV_DDAY,Iceland,0.0
2017,SI_POV_LMIC,Iceland,0.0
2017,SI_POV_UMIC,Iceland,0.0
2000,SI_POV_DDAY,Ireland,0.2
2000,SI_POV_LMIC,Ireland,0.2
2000,SI_POV_UMIC,Ireland,0.5
2002,SI_POV_DDAY,Ireland,0.2
2002,SI_POV_LMIC,Ireland,0.5
2002,SI_POV_UMIC,Ireland,1.2
2003,SI_POV_DDAY,Ireland,0.1
2003,SI_POV_LMIC,Ireland,0.2
2003,SI_POV_UMIC,Ireland,0.5
2004,SI_POV_DDAY,Ireland,0.1
2004,SI_POV_LMIC,Ireland,0.1
2004,SI_POV_UMIC,Ireland,0.4
2005,SI_POV_DDAY,Ireland,0.0
2005,SI_POV_LMIC,Ireland,0.1
2005,SI_POV_UMIC,Ireland,0.3
2006,SI_POV_DDAY,Ireland,0.4
2006,SI_POV_LMIC,Ireland,0.5
2006,SI_POV_UMIC,Ireland,0.6
2007,SI_POV_DDAY,Ireland,0.1
2007,SI_POV_LMIC,Ireland,0.1
2007,SI_POV_UMIC,Ireland,0.5
2008,SI_POV_DDAY,Ireland,0.2
2008,SI_POV_LMIC,Ireland,0.3
2008,SI_POV_UMIC,Ireland,0.8
2009,SI_POV_DDAY,Ireland,0.5
2009,SI_POV_LMIC,Ireland,0.7
2009,SI_POV_UMIC,Ireland,1.4
2010,SI_POV_DDAY,Ireland,0.5
2010,SI_POV_LMIC,Ireland,0.9
2010,SI_POV_UMIC,Ireland,1.7
2011,SI_POV_DDAY,Ireland,0.5
2011,SI_POV_LMIC,Ireland,0.9
2011,SI_POV_UMIC,Ireland,1.4
2012,SI_POV_DDAY,Ireland,0.3
2012,SI_POV_LMIC,Ireland,0.7
2012,SI_POV_UMIC,Ireland,1.3
2013,SI_POV_DDAY,Ireland,0.7
2013,SI_POV_LMIC,Ireland,1.0
2013,SI_POV_UMIC,Ireland,1.5
2014,SI_POV_DDAY,Ireland,0.4
2014,SI_POV_LMIC,Ireland,0.5
2014,SI_POV_UMIC,Ireland,1.2
2015,SI_POV_DDAY,Ireland,0.4
2015,SI_POV_LMIC,Ireland,0.5
2015,SI_POV_UMIC,Ireland,0.8
2016,SI_POV_DDAY,Ireland,0.1
2016,SI_POV_LMIC,Ireland,0.4
2016,SI_POV_UMIC,Ireland,0.8
2017,SI_POV_DDAY,Ireland,0.2
2017,SI_POV_LMIC,Ireland,0.3
2017,SI_POV_UMIC,Ireland,0.5
2018,SI_POV_DDAY,Ireland,0.0
2018,SI_POV_LMIC,Ireland,0.1
2018,SI_POV_UMIC,Ireland,0.1
2019,SI_POV_DDAY,Ireland,0.1
2019,SI_POV_LMIC,Ireland,0.1
2019,SI_POV_UMIC,Ireland,0.2
2020,SI_POV_DDAY,Ireland,0.1
2020,SI_POV_LMIC,Ireland,0.2
2020,SI_POV_UMIC,Ireland,0.2
1998,SI_POV_DDAY,Italy,1.7
1998,SI_POV_LMIC,Italy,2.2
1998,SI_POV_UMIC,Italy,4.0
2000,SI_POV_DDAY,Italy,1.2
2000,SI_POV_LMIC,Italy,1.7
2000,SI_POV_UMIC,Italy,3.5
2003,SI_POV_DDAY,Italy,0.8
2003,SI_POV_LMIC,Italy,1.1
2003,SI_POV_UMIC,Italy,2.1
2004,SI_POV_DDAY,Italy,0.6
2004,SI_POV_LMIC,Italy,0.9
2004,SI_POV_UMIC,Italy,1.7
2005,SI_POV_DDAY,Italy,0.6
2005,SI_POV_LMIC,Italy,1.0
2005,SI_POV_UMIC,Italy,1.9
2006,SI_POV_DDAY,Italy,0.7
2006,SI_POV_LMIC,Italy,0.9
2006,SI_POV_UMIC,Italy,1.6
2007,SI_POV_DDAY,Italy,0.7
2007,SI_POV_LMIC,Italy,1.1
2007,SI_POV_UMIC,Italy,1.7
2008,SI_POV_DDAY,Italy,0.7
2008,SI_POV_LMIC,Italy,1.0
2008,SI_POV_UMIC,Italy,1.8
2009,SI_POV_DDAY,Italy,0.9
2009,SI_POV_LMIC,Italy,1.3
2009,SI_POV_UMIC,Italy,2.1
2010,SI_POV_DDAY,Italy,1.3
2010,SI_POV_LMIC,Italy,1.6
2010,SI_POV_UMIC,Italy,2.7
2011,SI_POV_DDAY,Italy,1.2
2011,SI_POV_LMIC,Italy,1.5
2011,SI_POV_UMIC,Italy,2.7
2012,SI_POV_DDAY,Italy,1.2
2012,SI_POV_LMIC,Italy,1.8
2012,SI_POV_UMIC,Italy,3.1
2013,SI_POV_DDAY,Italy,1.4
2013,SI_POV_LMIC,Italy,2.0
2013,SI_POV_UMIC,Italy,3.2
2014,SI_POV_DDAY,Italy,1.2
2014,SI_POV_LMIC,Italy,1.8
2014,SI_POV_UMIC,Italy,3.1
2015,SI_POV_DDAY,Italy,1.9
2015,SI_POV_LMIC,Italy,2.6
2015,SI_POV_UMIC,Italy,3.9
2016,SI_POV_DDAY,Italy,1.6
2016,SI_POV_LMIC,Italy,2.3
2016,SI_POV_UMIC,Italy,3.4
2017,SI_POV_DDAY,Italy,1.4
2017,SI_POV_LMIC,Italy,1.8
2017,SI_POV_UMIC,Italy,3.3
2018,SI_POV_DDAY,Italy,1.5
2018,SI_POV_LMIC,Italy,2.1
2018,SI_POV_UMIC,Italy,3.2
2019,SI_POV_DDAY,Italy,1.0
2019,SI_POV_LMIC,Italy,1.3
2019,SI_POV_UMIC,Italy,2.6
2020,SI_POV_DDAY,Italy,0.8
2020,SI_POV_LMIC,Italy,1.2
2020,SI_POV_UMIC,Italy,2.2
2004,SI_POV_DDAY,Latvia,2.5
2004,SI_POV_LMIC,Latvia,5.8
2004,SI_POV_UMIC,Latvia,19.3
2005,SI_POV_DDAY,Latvia,2.4
2005,SI_POV_LMIC,Latvia,5.2
2005,SI_POV_UMIC,Latvia,17.3
2006,SI_POV_DDAY,Latvia,1.6
2006,SI_POV_LMIC,Latvia,2.7
2006,SI_POV_UMIC,Latvia,9.4
2007,SI_POV_DDAY,Latvia,0.6
2007,SI_POV_LMIC,Latvia,1.7
2007,SI_POV_UMIC,Latvia,6.1
2008,SI_POV_DDAY,Latvia,1.3
2008,SI_POV_LMIC,Latvia,2.4
2008,SI_POV_UMIC,Latvia,7.9
2009,SI_POV_DDAY,Latvia,1.7
2009,SI_POV_LMIC,Latvia,3.9
2009,SI_POV_UMIC,Latvia,11.7
2010,SI_POV_DDAY,Latvia,1.7
2010,SI_POV_LMIC,Latvia,3.8
2010,SI_POV_UMIC,Latvia,11.9
2011,SI_POV_DDAY,Latvia,1.0
2011,SI_POV_LMIC,Latvia,3.1
2011,SI_POV_UMIC,Latvia,11.2
2012,SI_POV_DDAY,Latvia,1.1
2012,SI_POV_LMIC,Latvia,2.8
2012,SI_POV_UMIC,Latvia,10.4
2013,SI_POV_DDAY,Latvia,1.2
2013,SI_POV_LMIC,Latvia,2.5
2013,SI_POV_UMIC,Latvia,8.1
2014,SI_POV_DDAY,Latvia,0.8
2014,SI_POV_LMIC,Latvia,1.9
2014,SI_POV_UMIC,Latvia,7.1
2015,SI_POV_DDAY,Latvia,0.7
2015,SI_POV_LMIC,Latvia,1.6
2015,SI_POV_UMIC,Latvia,4.9
2016,SI_POV_DDAY,Latvia,0.6
2016,SI_POV_LMIC,Latvia,1.5
2016,SI_POV_UMIC,Latvia,4.6
2017,SI_POV_DDAY,Latvia,0.8
2017,SI_POV_LMIC,Latvia,1.5
2017,SI_POV_UMIC,Latvia,4.5
2018,SI_POV_DDAY,Latvia,0.4
2018,SI_POV_LMIC,Latvia,0.9
2018,SI_POV_UMIC,Latvia,3.0
2019,SI_POV_DDAY,Latvia,0.2
2019,SI_POV_LMIC,Latvia,0.8
2019,SI_POV_UMIC,Latvia,2.6
2020,SI_POV_DDAY,Latvia,0.5
2020,SI_POV_LMIC,Latvia,0.8
2020,SI_POV_UMIC,Latvia,2.5
2004,SI_POV_DDAY,Lithuania,2.7
2004,SI_POV_LMIC,Lithuania,7.3
2004,SI_POV_UMIC,Lithuania,21.6
2005,SI_POV_DDAY,Lithuania,1.8
2005,SI_POV_LMIC,Lithuania,4.4
2005,SI_POV_UMIC,Lithuania,14.9
2006,SI_POV_DDAY,Lithuania,1.5
2006,SI_POV_LMIC,Lithuania,2.9
2006,SI_POV_UMIC,Lithuania,8.7
2007,SI_POV_DDAY,Lithuania,1.3
2007,SI_POV_LMIC,Lithuania,1.9
2007,SI_POV_UMIC,Lithuania,6.1
2008,SI_POV_DDAY,Lithuania,1.4
2008,SI_POV_LMIC,Lithuania,2.3
2008,SI_POV_UMIC,Lithuania,5.3
2009,SI_POV_DDAY,Lithuania,2.2
2009,SI_POV_LMIC,Lithuania,4.3
2009,SI_POV_UMIC,Lithuania,10.2
2010,SI_POV_DDAY,Lithuania,1.5
2010,SI_POV_LMIC,Lithuania,3.2
2010,SI_POV_UMIC,Lithuania,10.4
2011,SI_POV_DDAY,Lithuania,0.7
2011,SI_POV_LMIC,Lithuania,1.6
2011,SI_POV_UMIC,Lithuania,7.0
2012,SI_POV_DDAY,Lithuania,0.9
2012,SI_POV_LMIC,Lithuania,2.0
2012,SI_POV_UMIC,Lithuania,7.0
2013,SI_POV_DDAY,Lithuania,0.7
2013,SI_POV_LMIC,Lithuania,2.0
2013,SI_POV_UMIC,Lithuania,5.8
2014,SI_POV_DDAY,Lithuania,1.3
2014,SI_POV_LMIC,Lithuania,2.7
2014,SI_POV_UMIC,Lithuania,6.3
2015,SI_POV_DDAY,Lithuania,0.7
2015,SI_POV_LMIC,Lithuania,1.4
2015,SI_POV_UMIC,Lithuania,4.8
2016,SI_POV_DDAY,Lithuania,1.3
2016,SI_POV_LMIC,Lithuania,2.2
2016,SI_POV_UMIC,Lithuania,4.9
2017,SI_POV_DDAY,Lithuania,1.0
2017,SI_POV_LMIC,Lithuania,1.5
2017,SI_POV_UMIC,Lithuania,4.4
2018,SI_POV_DDAY,Lithuania,0.9
2018,SI_POV_LMIC,Lithuania,1.3
2018,SI_POV_UMIC,Lithuania,2.9
2019,SI_POV_DDAY,Lithuania,0.5
2019,SI_POV_LMIC,Lithuania,0.7
2019,SI_POV_UMIC,Lithuania,1.6
2020,SI_POV_DDAY,Lithuania,0.2
2020,SI_POV_LMIC,Lithuania,0.6
2020,SI_POV_UMIC,Lithuania,1.6
1998,SI_POV_DDAY,Luxembourg,0.0
1998,SI_POV_LMIC,Luxembourg,0.0
1998,SI_POV_UMIC,Luxembourg,0.0
1999,SI_POV_DDAY,Luxembourg,0.0
1999,SI_POV_LMIC,Luxembourg,0.0
1999,SI_POV_UMIC,Luxembourg,0.0
2000,SI_POV_DDAY,Luxembourg,0.0
2000,SI_POV_LMIC,Luxembourg,0.0
2000,SI_POV_UMIC,Luxembourg,0.0
2001,SI_POV_DDAY,Luxembourg,0.0
2001,SI_POV_LMIC,Luxembourg,0.0
2001,SI_POV_UMIC,Luxembourg,0.0
2002,SI_POV_DDAY,Luxembourg,0.0
2002,SI_POV_LMIC,Luxembourg,0.0
2002,SI_POV_UMIC,Luxembourg,0.0
2003,SI_POV_DDAY,Luxembourg,0.1
2003,SI_POV_LMIC,Luxembourg,0.1
2003,SI_POV_UMIC,Luxembourg,0.5
2004,SI_POV_DDAY,Luxembourg,0.0
2004,SI_POV_LMIC,Luxembourg,0.0
2004,SI_POV_UMIC,Luxembourg,0.1
2005,SI_POV_DDAY,Luxembourg,0.0
2005,SI_POV_LMIC,Luxembourg,0.1
2005,SI_POV_UMIC,Luxembourg,0.1
2006,SI_POV_DDAY,Luxembourg,0.0
2006,SI_POV_LMIC,Luxembourg,0.0
2006,SI_POV_UMIC,Luxembourg,0.0
2007,SI_POV_DDAY,Luxembourg,0.0
2007,SI_POV_LMIC,Luxembourg,0.0
2007,SI_POV_UMIC,Luxembourg,0.0
2008,SI_POV_DDAY,Luxembourg,0.0
2008,SI_POV_LMIC,Luxembourg,0.0
2008,SI_POV_UMIC,Luxembourg,0.1
2009,SI_POV_DDAY,Luxembourg,0.0
2009,SI_POV_LMIC,Luxembourg,0.1
2009,SI_POV_UMIC,Luxembourg,0.2
2010,SI_POV_DDAY,Luxembourg,0.0
2010,SI_POV_LMIC,Luxembourg,0.0
2010,SI_POV_UMIC,Luxembourg,0.3
2011,SI_POV_DDAY,Luxembourg,0.1
2011,SI_POV_LMIC,Luxembourg,0.1
2011,SI_POV_UMIC,Luxembourg,0.2
2012,SI_POV_DDAY,Luxembourg,0.0
2012,SI_POV_LMIC,Luxembourg,0.1
2012,SI_POV_UMIC,Luxembourg,0.3
2013,SI_POV_DDAY,Luxembourg,0.1
2013,SI_POV_LMIC,Luxembourg,0.1
2013,SI_POV_UMIC,Luxembourg,0.3
2014,SI_POV_DDAY,Luxembourg,0.1
2014,SI_POV_LMIC,Luxembourg,0.2
2014,SI_POV_UMIC,Luxembourg,0.3
2015,SI_POV_DDAY,Luxembourg,0.3
2015,SI_POV_LMIC,Luxembourg,0.4
2015,SI_POV_UMIC,Luxembourg,0.7
2016,SI_POV_DDAY,Luxembourg,0.1
2016,SI_POV_LMIC,Luxembourg,0.1
2016,SI_POV_UMIC,Luxembourg,0.5
2017,SI_POV_DDAY,Luxembourg,0.3
2017,SI_POV_LMIC,Luxembourg,0.4
2017,SI_POV_UMIC,Luxembourg,0.9
2018,SI_POV_DDAY,Luxembourg,0.3
2018,SI_POV_LMIC,Luxembourg,0.4
2018,SI_POV_UMIC,Luxembourg,0.7
2019,SI_POV_DDAY,Luxembourg,0.1
2019,SI_POV_LMIC,Luxembourg,0.1
2019,SI_POV_UMIC,Luxembourg,0.3
2020,SI_POV_DDAY,Luxembourg,0.0
2020,SI_POV_LMIC,Luxembourg,0.0
2020,SI_POV_UMIC,Luxembourg,0.0
2006,SI_POV_DDAY,Malta,0.5
2006,SI_POV_LMIC,Malta,0.6
2006,SI_POV_UMIC,Malta,0.8
2007,SI_POV_DDAY,Malta,0.4
2007,SI_POV_LMIC,Malta,0.7
2007,SI_POV_UMIC,Malta,1.1
2008,SI_POV_DDAY,Malta,0.1
2008,SI_POV_LMIC,Malta,0.2
2008,SI_POV_UMIC,Malta,0.6
2009,SI_POV_DDAY,Malta,0.4
2009,SI_POV_LMIC,Malta,0.5
2009,SI_POV_UMIC,Malta,1.0
2010,SI_POV_DDAY,Malta,0.2
2010,SI_POV_LMIC,Malta,0.3
2010,SI_POV_UMIC,Malta,0.5
2011,SI_POV_DDAY,Malta,0.2
2011,SI_POV_LMIC,Malta,0.4
2011,SI_POV_UMIC,Malta,0.6
2012,SI_POV_DDAY,Malta,0.1
2012,SI_POV_LMIC,Malta,0.3
2012,SI_POV_UMIC,Malta,0.4
2013,SI_POV_DDAY,Malta,0.0
2013,SI_POV_LMIC,Malta,0.0
2013,SI_POV_UMIC,Malta,0.2
2014,SI_POV_DDAY,Malta,0.0
2014,SI_POV_LMIC,Malta,0.0
2014,SI_POV_UMIC,Malta,0.1
2015,SI_POV_DDAY,Malta,0.1
2015,SI_POV_LMIC,Malta,0.1
2015,SI_POV_UMIC,Malta,0.3
2016,SI_POV_DDAY,Malta,0.1
2016,SI_POV_LMIC,Malta,0.2
2016,SI_POV_UMIC,Malta,0.3
2017,SI_POV_DDAY,Malta,0.2
2017,SI_POV_LMIC,Malta,0.2
2017,SI_POV_UMIC,Malta,0.3
2018,SI_POV_DDAY,Malta,0.1
2018,SI_POV_LMIC,Malta,0.2
2018,SI_POV_UMIC,Malta,0.3
2019,SI_POV_DDAY,Malta,0.3
2019,SI_POV_LMIC,Malta,0.4
2019,SI_POV_UMIC,Malta,0.7
2020,SI_POV_DDAY,Malta,0.3
2020,SI_POV_LMIC,Malta,0.7
2020,SI_POV_UMIC,Malta,0.8
1999,SI_POV_DDAY,Netherlands,0.2
1999,SI_POV_LMIC,Netherlands,0.5
1999,SI_POV_UMIC,Netherlands,0.7
2004,SI_POV_DDAY,Netherlands,0.2
2004,SI_POV_LMIC,Netherlands,0.4
2004,SI_POV_UMIC,Netherlands,0.8
2005,SI_POV_DDAY,Netherlands,0.1
2005,SI_POV_LMIC,Netherlands,0.2
2005,SI_POV_UMIC,Netherlands,0.5
2006,SI_POV_DDAY,Netherlands,0.0
2006,SI_POV_LMIC,Netherlands,0.1
2006,SI_POV_UMIC,Netherlands,0.2
2007,SI_POV_DDAY,Netherlands,0.0
2007,SI_POV_LMIC,Netherlands,0.1
2007,SI_POV_UMIC,Netherlands,0.4
2008,SI_POV_DDAY,Netherlands,0.1
2008,SI_POV_LMIC,Netherlands,0.2
2008,SI_POV_UMIC,Netherlands,0.6
2009,SI_POV_DDAY,Netherlands,0.1
2009,SI_POV_LMIC,Netherlands,0.2
2009,SI_POV_UMIC,Netherlands,0.4
2010,SI_POV_DDAY,Netherlands,0.0
2010,SI_POV_LMIC,Netherlands,0.1
2010,SI_POV_UMIC,Netherlands,0.2
2011,SI_POV_DDAY,Netherlands,0.1
2011,SI_POV_LMIC,Netherlands,0.2
2011,SI_POV_UMIC,Netherlands,0.4
2012,SI_POV_DDAY,Netherlands,0.1
2012,SI_POV_LMIC,Netherlands,0.1
2012,SI_POV_UMIC,Netherlands,0.2
2013,SI_POV_DDAY,Netherlands,0.1
2013,SI_POV_LMIC,Netherlands,0.2
2013,SI_POV_UMIC,Netherlands,0.3
2014,SI_POV_DDAY,Netherlands,0.1
2014,SI_POV_LMIC,Netherlands,0.2
2014,SI_POV_UMIC,Netherlands,0.4
2015,SI_POV_DDAY,Netherlands,0.1
2015,SI_POV_LMIC,Netherlands,0.1
2015,SI_POV_UMIC,Netherlands,0.4
2016,SI_POV_DDAY,Netherlands,0.0
2016,SI_POV_LMIC,Netherlands,0.2
2016,SI_POV_UMIC,Netherlands,0.4
2017,SI_POV_DDAY,Netherlands,0.2
2017,SI_POV_LMIC,Netherlands,0.3
2017,SI_POV_UMIC,Netherlands,0.4
2018,SI_POV_DDAY,Netherlands,0.1
2018,SI_POV_LMIC,Netherlands,0.2
2018,SI_POV_UMIC,Netherlands,0.4
2019,SI_POV_DDAY,Netherlands,0.1
2019,SI_POV_LMIC,Netherlands,0.1
2019,SI_POV_UMIC,Netherlands,0.4
2020,SI_POV_DDAY,Netherlands,0.0
2020,SI_POV_LMIC,Netherlands,0.1
2020,SI_POV_UMIC,Netherlands,0.2
2000,SI_POV_DDAY,Norway,0.2
2000,SI_POV_LMIC,Norway,0.2
2000,SI_POV_UMIC,Norway,0.5
2003,SI_POV_DDAY,Norway,0.2
2003,SI_POV_LMIC,Norway,0.2
2003,SI_POV_UMIC,Norway,0.4
2004,SI_POV_DDAY,Norway,0.3
2004,SI_POV_LMIC,Norway,0.3
2004,SI_POV_UMIC,Norway,0.6
2005,SI_POV_DDAY,Norway,0.2
2005,SI_POV_LMIC,Norway,0.3
2005,SI_POV_UMIC,Norway,0.5
2006,SI_POV_DDAY,Norway,0.1
2006,SI_POV_LMIC,Norway,0.3
2006,SI_POV_UMIC,Norway,0.7
2007,SI_POV_DDAY,Norway,0.1
2007,SI_POV_LMIC,Norway,0.3
2007,SI_POV_UMIC,Norway,0.5
2008,SI_POV_DDAY,Norway,0.2
2008,SI_POV_LMIC,Norway,0.3
2008,SI_POV_UMIC,Norway,0.5
2009,SI_POV_DDAY,Norway,0.1
2009,SI_POV_LMIC,Norway,0.1
2009,SI_POV_UMIC,Norway,0.3
2010,SI_POV_DDAY,Norway,0.2
2010,SI_POV_LMIC,Norway,0.2
2010,SI_POV_UMIC,Norway,0.4
2011,SI_POV_DDAY,Norway,0.1
2011,SI_POV_LMIC,Norway,0.1
2011,SI_POV_UMIC,Norway,0.3
2012,SI_POV_DDAY,Norway,0.1
2012,SI_POV_LMIC,Norway,0.2
2012,SI_POV_UMIC,Norway,0.3
2013,SI_POV_DDAY,Norway,0.1
2013,SI_POV_LMIC,Norway,0.2
2013,SI_POV_UMIC,Norway,0.4
2014,SI_POV_DDAY,Norway,0.1
2014,SI_POV_LMIC,Norway,0.1
2014,SI_POV_UMIC,Norway,0.4
2015,SI_POV_DDAY,Norway,0.2
2015,SI_POV_LMIC,Norway,0.2
2015,SI_POV_UMIC,Norway,0.4
2016,SI_POV_DDAY,Norway,0.3
2016,SI_POV_LMIC,Norway,0.4
2016,SI_POV_UMIC,Norway,0.7
2017,SI_POV_DDAY,Norway,0.3
2017,SI_POV_LMIC,Norway,0.3
2017,SI_POV_UMIC,Norway,0.6
2018,SI_POV_DDAY,Norway,0.3
2018,SI_POV_LMIC,Norway,0.3
2018,SI_POV_UMIC,Norway,0.5
2019,SI_POV_DDAY,Norway,0.2
2019,SI_POV_LMIC,Norway,0.3
2019,SI_POV_UMIC,Norway,0.5
2004,SI_POV_DDAY,Poland,2.2
2004,SI_POV_LMIC,Poland,5.0
2004,SI_POV_UMIC,Poland,16.2
2005,SI_POV_DDAY,Poland,0.9
2005,SI_POV_LMIC,Poland,2.8
2005,SI_POV_UMIC,Poland,12.5
2006,SI_POV_DDAY,Poland,0.7
2006,SI_POV_LMIC,Poland,1.8
2006,SI_POV_UMIC,Poland,9.2
2007,SI_POV_DDAY,Poland,0.5
2007,SI_POV_LMIC,Poland,1.3
2007,SI_POV_UMIC,Poland,5.7
2008,SI_POV_DDAY,Poland,0.2
2008,SI_POV_LMIC,Poland,0.7
2008,SI_POV_UMIC,Poland,4.5
2009,SI_POV_DDAY,Poland,0.4
2009,SI_POV_LMIC,Poland,0.9
2009,SI_POV_UMIC,Poland,4.3
2010,SI_POV_DDAY,Poland,0.3
2010,SI_POV_LMIC,Poland,1.1
2010,SI_POV_UMIC,Poland,4.1
2011,SI_POV_DDAY,Poland,0.3
2011,SI_POV_LMIC,Poland,0.9
2011,SI_POV_UMIC,Poland,4.0
2012,SI_POV_DDAY,Poland,0.2
2012,SI_POV_LMIC,Poland,0.7
2012,SI_POV_UMIC,Poland,4.3
2013,SI_POV_DDAY,Poland,0.4
2013,SI_POV_LMIC,Poland,0.9
2013,SI_POV_UMIC,Poland,3.9
2014,SI_POV_DDAY,Poland,0.4
2014,SI_POV_LMIC,Poland,1.1
2014,SI_POV_UMIC,Poland,3.8
2015,SI_POV_DDAY,Poland,0.4
2015,SI_POV_LMIC,Poland,0.9
2015,SI_POV_UMIC,Poland,3.4
2016,SI_POV_DDAY,Poland,0.2
2016,SI_POV_LMIC,Poland,0.6
2016,SI_POV_UMIC,Poland,2.4
2017,SI_POV_DDAY,Poland,0.3
2017,SI_POV_LMIC,Poland,0.6
2017,SI_POV_UMIC,Poland,1.7
2018,SI_POV_DDAY,Poland,0.2
2018,SI_POV_LMIC,Poland,0.4
2018,SI_POV_UMIC,Poland,1.4
2019,SI_POV_DDAY,Poland,0.1
2019,SI_POV_LMIC,Poland,0.2
2019,SI_POV_UMIC,Poland,0.8
2003,SI_POV_DDAY,Portugal,0.9
2003,SI_POV_LMIC,Portugal,1.5
2003,SI_POV_UMIC,Portugal,4.0
2004,SI_POV_DDAY,Portugal,0.5
2004,SI_POV_LMIC,Portugal,1.1
2004,SI_POV_UMIC,Portugal,3.3
2005,SI_POV_DDAY,Portugal,0.5
2005,SI_POV_LMIC,Portugal,1.1
2005,SI_POV_UMIC,Portugal,3.3
2006,SI_POV_DDAY,Portugal,0.1
2006,SI_POV_LMIC,Portugal,0.6
2006,SI_POV_UMIC,Portugal,3.0
2007,SI_POV_DDAY,Portugal,0.3
2007,SI_POV_LMIC,Portugal,0.9
2007,SI_POV_UMIC,Portugal,2.2
2008,SI_POV_DDAY,Portugal,0.1
2008,SI_POV_LMIC,Portugal,0.9
2008,SI_POV_UMIC,Portugal,2.9
2009,SI_POV_DDAY,Portugal,0.2
2009,SI_POV_LMIC,Portugal,0.5
2009,SI_POV_UMIC,Portugal,2.3
2010,SI_POV_DDAY,Portugal,0.1
2010,SI_POV_LMIC,Portugal,0.5
2010,SI_POV_UMIC,Portugal,2.6
2011,SI_POV_DDAY,Portugal,0.5
2011,SI_POV_LMIC,Portugal,0.9
2011,SI_POV_UMIC,Portugal,3.7
2012,SI_POV_DDAY,Portugal,0.7
2012,SI_POV_LMIC,Portugal,1.5
2012,SI_POV_UMIC,Portugal,5.5
2013,SI_POV_DDAY,Portugal,0.9
2013,SI_POV_LMIC,Portugal,1.8
2013,SI_POV_UMIC,Portugal,5.4
2014,SI_POV_DDAY,Portugal,0.5
2014,SI_POV_LMIC,Portugal,1.5
2014,SI_POV_UMIC,Portugal,4.7
2015,SI_POV_DDAY,Portugal,0.5
2015,SI_POV_LMIC,Portugal,1.2
2015,SI_POV_UMIC,Portugal,3.6
2016,SI_POV_DDAY,Portugal,0.4
2016,SI_POV_LMIC,Portugal,0.7
2016,SI_POV_UMIC,Portugal,3.6
2017,SI_POV_DDAY,Portugal,0.4
2017,SI_POV_LMIC,Portugal,0.7
2017,SI_POV_UMIC,Portugal,2.3
2018,SI_POV_DDAY,Portugal,0.3
2018,SI_POV_LMIC,Portugal,0.7
2018,SI_POV_UMIC,Portugal,2.1
2019,SI_POV_DDAY,Portugal,0.1
2019,SI_POV_LMIC,Portugal,0.2
2019,SI_POV_UMIC,Portugal,1.5
2020,SI_POV_DDAY,Portugal,0.5
2020,SI_POV_LMIC,Portugal,1.0
2020,SI_POV_UMIC,Portugal,2.6
2006,SI_POV_DDAY,Romania,7.4
2006,SI_POV_LMIC,Romania,18.0
2006,SI_POV_UMIC,Romania,42.2
2007,SI_POV_DDAY,Romania,5.3
2007,SI_POV_LMIC,Romania,13.9
2007,SI_POV_UMIC,Romania,36.2
2008,SI_POV_DDAY,Romania,4.1
2008,SI_POV_LMIC,Romania,10.3
2008,SI_POV_UMIC,Romania,29.4
2009,SI_POV_DDAY,Romania,3.1
2009,SI_POV_LMIC,Romania,9.9
2009,SI_POV_UMIC,Romania,27.7
2010,SI_POV_DDAY,Romania,4.2
2010,SI_POV_LMIC,Romania,11.0
2010,SI_POV_UMIC,Romania,29.6
2011,SI_POV_DDAY,Romania,5.4
2011,SI_POV_LMIC,Romania,12.6
2011,SI_POV_UMIC,Romania,33.5
2012,SI_POV_DDAY,Romania,6.2
2012,SI_POV_LMIC,Romania,12.8
2012,SI_POV_UMIC,Romania,33.6
2013,SI_POV_DDAY,Romania,6.6
2013,SI_POV_LMIC,Romania,15.1
2013,SI_POV_UMIC,Romania,32.8
2014,SI_POV_DDAY,Romania,7.0
2014,SI_POV_LMIC,Romania,13.9
2014,SI_POV_UMIC,Romania,29.7
2015,SI_POV_DDAY,Romania,5.3
2015,SI_POV_LMIC,Romania,12.2
2015,SI_POV_UMIC,Romania,27.4
2016,SI_POV_DDAY,Romania,3.2
2016,SI_POV_LMIC,Romania,8.9
2016,SI_POV_UMIC,Romania,21.8
2017,SI_POV_DDAY,Romania,3.3
2017,SI_POV_LMIC,Romania,6.7
2017,SI_POV_UMIC,Romania,16.3
2018,SI_POV_DDAY,Romania,2.7
2018,SI_POV_LMIC,Romania,5.7
2018,SI_POV_UMIC,Romania,13.0
2019,SI_POV_DDAY,Romania,2.2
2019,SI_POV_LMIC,Romania,4.7
2019,SI_POV_UMIC,Romania,10.9
2020,SI_POV_DDAY,Romania,1.4
2020,SI_POV_LMIC,Romania,3.9
2020,SI_POV_UMIC,Romania,10.0
2004,SI_POV_DDAY,Slovak Republic,0.1
2004,SI_POV_LMIC,Slovak Republic,1.0
2004,SI_POV_UMIC,Slovak Republic,8.3
2005,SI_POV_DDAY,Slovak Republic,0.2
2005,SI_POV_LMIC,Slovak Republic,0.9
2005,SI_POV_UMIC,Slovak Republic,5.2
2006,SI_POV_DDAY,Slovak Republic,0.2
2006,SI_POV_LMIC,Slovak Republic,0.8
2006,SI_POV_UMIC,Slovak Republic,3.5
2007,SI_POV_DDAY,Slovak Republic,0.4
2007,SI_POV_LMIC,Slovak Republic,1.0
2007,SI_POV_UMIC,Slovak Republic,3.2
2008,SI_POV_DDAY,Slovak Republic,0.4
2008,SI_POV_LMIC,Slovak Republic,1.1
2008,SI_POV_UMIC,Slovak Republic,3.9
2009,SI_POV_DDAY,Slovak Republic,0.4
2009,SI_POV_LMIC,Slovak Republic,1.1
2009,SI_POV_UMIC,Slovak Republic,3.9
2010,SI_POV_DDAY,Slovak Republic,0.5
2010,SI_POV_LMIC,Slovak Republic,1.2
2010,SI_POV_UMIC,Slovak Republic,3.4
2011,SI_POV_DDAY,Slovak Republic,0.4
2011,SI_POV_LMIC,Slovak Republic,0.9
2011,SI_POV_UMIC,Slovak Republic,3.0
2012,SI_POV_DDAY,Slovak Republic,0.4
2012,SI_POV_LMIC,Slovak Republic,1.1
2012,SI_POV_UMIC,Slovak Republic,4.5
2013,SI_POV_DDAY,Slovak Republic,0.3
2013,SI_POV_LMIC,Slovak Republic,1.2
2013,SI_POV_UMIC,Slovak Republic,4.1
2014,SI_POV_DDAY,Slovak Republic,0.7
2014,SI_POV_LMIC,Slovak Republic,1.8
2014,SI_POV_UMIC,Slovak Republic,4.8
2015,SI_POV_DDAY,Slovak Republic,0.7
2015,SI_POV_LMIC,Slovak Republic,1.2
2015,SI_POV_UMIC,Slovak Republic,4.3
2016,SI_POV_DDAY,Slovak Republic,1.4
2016,SI_POV_LMIC,Slovak Republic,2.1
2016,SI_POV_UMIC,Slovak Republic,4.3
2017,SI_POV_DDAY,Slovak Republic,0.2
2017,SI_POV_LMIC,Slovak Republic,1.3
2017,SI_POV_UMIC,Slovak Republic,2.7
2018,SI_POV_DDAY,Slovak Republic,0.2
2018,SI_POV_LMIC,Slovak Republic,1.3
2018,SI_POV_UMIC,Slovak Republic,3.4
2019,SI_POV_DDAY,Slovak Republic,0.1
2019,SI_POV_LMIC,Slovak Republic,0.5
2019,SI_POV_UMIC,Slovak Republic,2.0
2004,SI_POV_DDAY,Slovenia,0.0
2004,SI_POV_LMIC,Slovenia,0.2
2004,SI_POV_UMIC,Slovenia,0.5
2005,SI_POV_DDAY,Slovenia,0.1
2005,SI_POV_LMIC,Slovenia,0.2
2005,SI_POV_UMIC,Slovenia,0.5
2006,SI_POV_DDAY,Slovenia,0.1
2006,SI_POV_LMIC,Slovenia,0.1
2006,SI_POV_UMIC,Slovenia,0.4
2007,SI_POV_DDAY,Slovenia,0.0
2007,SI_POV_LMIC,Slovenia,0.1
2007,SI_POV_UMIC,Slovenia,0.2
2008,SI_POV_DDAY,Slovenia,0.0
2008,SI_POV_LMIC,Slovenia,0.0
2008,SI_POV_UMIC,Slovenia,0.1
2009,SI_POV_DDAY,Slovenia,0.0
2009,SI_POV_LMIC,Slovenia,0.0
2009,SI_POV_UMIC,Slovenia,0.2
2010,SI_POV_DDAY,Slovenia,0.0
2010,SI_POV_LMIC,Slovenia,0.0
2010,SI_POV_UMIC,Slovenia,0.1
2011,SI_POV_DDAY,Slovenia,0.0
2011,SI_POV_LMIC,Slovenia,0.0
2011,SI_POV_UMIC,Slovenia,0.3
2012,SI_POV_DDAY,Slovenia,0.0
2012,SI_POV_LMIC,Slovenia,0.0
2012,SI_POV_UMIC,Slovenia,0.3
2013,SI_POV_DDAY,Slovenia,0.0
2013,SI_POV_LMIC,Slovenia,0.1
2013,SI_POV_UMIC,Slovenia,0.4
2014,SI_POV_DDAY,Slovenia,0.0
2014,SI_POV_LMIC,Slovenia,0.0
2014,SI_POV_UMIC,Slovenia,0.3
2015,SI_POV_DDAY,Slovenia,0.0
2015,SI_POV_LMIC,Slovenia,0.0
2015,SI_POV_UMIC,Slovenia,0.3
2016,SI_POV_DDAY,Slovenia,0.0
2016,SI_POV_LMIC,Slovenia,0.0
2016,SI_POV_UMIC,Slovenia,0.2
2017,SI_POV_DDAY,Slovenia,0.0
2017,SI_POV_LMIC,Slovenia,0.0
2017,SI_POV_UMIC,Slovenia,0.1
2018,SI_POV_DDAY,Slovenia,0.0
2018,SI_POV_LMIC,Slovenia,0.0
2018,SI_POV_UMIC,Slovenia,0.1
2019,SI_POV_DDAY,Slovenia,0.0
2019,SI_POV_LMIC,Slovenia,0.0
2019,SI_POV_UMIC,Slovenia,0.1
2020,SI_POV_DDAY,Slovenia,0.0
2020,SI_POV_LMIC,Slovenia,0.0
2020,SI_POV_UMIC,Slovenia,0.0
1998,SI_POV_DDAY,Spain,1.0
1998,SI_POV_LMIC,Spain,1.2
1998,SI_POV_UMIC,Spain,3.0
1999,SI_POV_DDAY,Spain,0.7
1999,SI_POV_LMIC,Spain,1.0
1999,SI_POV_UMIC,Spain,2.5
2000,SI_POV_DDAY,Spain,0.7
2000,SI_POV_LMIC,Spain,1.1
2000,SI_POV_UMIC,Spain,2.4
2003,SI_POV_DDAY,Spain,0.8
2003,SI_POV_LMIC,Spain,1.2
2003,SI_POV_UMIC,Spain,2.2
2004,SI_POV_DDAY,Spain,0.8
2004,SI_POV_LMIC,Spain,1.3
2004,SI_POV_UMIC,Spain,2.4
2005,SI_POV_DDAY,Spain,0.7
2005,SI_POV_LMIC,Spain,1.1
2005,SI_POV_UMIC,Spain,2.6
2006,SI_POV_DDAY,Spain,0.8
2006,SI_POV_LMIC,Spain,1.1
2006,SI_POV_UMIC,Spain,2.6
2007,SI_POV_DDAY,Spain,0.4
2007,SI_POV_LMIC,Spain,0.7
2007,SI_POV_UMIC,Spain,1.6
2008,SI_POV_DDAY,Spain,0.5
2008,SI_POV_LMIC,Spain,0.9
2008,SI_POV_UMIC,Spain,1.9
2009,SI_POV_DDAY,Spain,0.8
2009,SI_POV_LMIC,Spain,1.1
2009,SI_POV_UMIC,Spain,2.3
2010,SI_POV_DDAY,Spain,0.7
2010,SI_POV_LMIC,Spain,1.1
2010,SI_POV_UMIC,Spain,2.7
2011,SI_POV_DDAY,Spain,1.1
2011,SI_POV_LMIC,Spain,1.6
2011,SI_POV_UMIC,Spain,3.0
2012,SI_POV_DDAY,Spain,0.9
2012,SI_POV_LMIC,Spain,1.5
2012,SI_POV_UMIC,Spain,3.4
2013,SI_POV_DDAY,Spain,1.1
2013,SI_POV_LMIC,Spain,1.7
2013,SI_POV_UMIC,Spain,3.8
2014,SI_POV_DDAY,Spain,0.8
2014,SI_POV_LMIC,Spain,1.5
2014,SI_POV_UMIC,Spain,3.3
2015,SI_POV_DDAY,Spain,0.9
2015,SI_POV_LMIC,Spain,1.5
2015,SI_POV_UMIC,Spain,3.5
2016,SI_POV_DDAY,Spain,1.1
2016,SI_POV_LMIC,Spain,1.7
2016,SI_POV_UMIC,Spain,3.5
2017,SI_POV_DDAY,Spain,0.7
2017,SI_POV_LMIC,Spain,1.1
2017,SI_POV_UMIC,Spain,2.5
2018,SI_POV_DDAY,Spain,0.8
2018,SI_POV_LMIC,Spain,1.2
2018,SI_POV_UMIC,Spain,2.7
2019,SI_POV_DDAY,Spain,0.8
2019,SI_POV_LMIC,Spain,1.1
2019,SI_POV_UMIC,Spain,2.8
2020,SI_POV_DDAY,Spain,0.9
2020,SI_POV_LMIC,Spain,1.4
2020,SI_POV_UMIC,Spain,3.1
2000,SI_POV_DDAY,Sweden,0.0
2000,SI_POV_LMIC,Sweden,0.0
2000,SI_POV_UMIC,Sweden,0.5
2002,SI_POV_DDAY,Sweden,0.0
2002,SI_POV_LMIC,Sweden,0.2
2002,SI_POV_UMIC,Sweden,0.5
2003,SI_POV_DDAY,Sweden,0.3
2003,SI_POV_LMIC,Sweden,0.5
2003,SI_POV_UMIC,Sweden,1.0
2004,SI_POV_DDAY,Sweden,0.4
2004,SI_POV_LMIC,Sweden,0.6
2004,SI_POV_UMIC,Sweden,1.0
2005,SI_POV_DDAY,Sweden,1.1
2005,SI_POV_LMIC,Sweden,1.3
2005,SI_POV_UMIC,Sweden,1.8
2006,SI_POV_DDAY,Sweden,0.4
2006,SI_POV_LMIC,Sweden,0.5
2006,SI_POV_UMIC,Sweden,1.0
2007,SI_POV_DDAY,Sweden,0.4
2007,SI_POV_LMIC,Sweden,0.6
2007,SI_POV_UMIC,Sweden,0.9
2008,SI_POV_DDAY,Sweden,0.6
2008,SI_POV_LMIC,Sweden,0.8
2008,SI_POV_UMIC,Sweden,1.0
2009,SI_POV_DDAY,Sweden,0.5
2009,SI_POV_LMIC,Sweden,0.8
2009,SI_POV_UMIC,Sweden,1.1
2010,SI_POV_DDAY,Sweden,0.5
2010,SI_POV_LMIC,Sweden,0.8
2010,SI_POV_UMIC,Sweden,1.3
2011,SI_POV_DDAY,Sweden,0.6
2011,SI_POV_LMIC,Sweden,0.8
2011,SI_POV_UMIC,Sweden,1.4
2012,SI_POV_DDAY,Sweden,0.5
2012,SI_POV_LMIC,Sweden,0.6
2012,SI_POV_UMIC,Sweden,1.2
2013,SI_POV_DDAY,Sweden,0.7
2013,SI_POV_LMIC,Sweden,0.8
2013,SI_POV_UMIC,Sweden,1.3
2014,SI_POV_DDAY,Sweden,0.5
2014,SI_POV_LMIC,Sweden,0.7
2014,SI_POV_UMIC,Sweden,1.1
2015,SI_POV_DDAY,Sweden,0.6
2015,SI_POV_LMIC,Sweden,0.8
2015,SI_POV_UMIC,Sweden,1.1
2016,SI_POV_DDAY,Sweden,0.3
2016,SI_POV_LMIC,Sweden,0.5
2016,SI_POV_UMIC,Sweden,0.9
2017,SI_POV_DDAY,Sweden,0.2
2017,SI_POV_LMIC,Sweden,0.3
2017,SI_POV_UMIC,Sweden,0.8
2018,SI_POV_DDAY,Sweden,0.7
2018,SI_POV_LMIC,Sweden,0.9
2018,SI_POV_UMIC,Sweden,1.4
2019,SI_POV_DDAY,Sweden,0.3
2019,SI_POV_LMIC,Sweden,0.4
2019,SI_POV_UMIC,Sweden,0.9
2020,SI_POV_DDAY,Sweden,0.4
2020,SI_POV_LMIC,Sweden,0.5
2020,SI_POV_UMIC,Sweden,0.9
2000,SI_POV_DDAY,Switzerland,0.0
2000,SI_POV_LMIC,Switzerland,0.2
2000,SI_POV_UMIC,Switzerland,0.5
2002,SI_POV_DDAY,Switzerland,0.0
2002,SI_POV_LMIC,Switzerland,0.0
2002,SI_POV_UMIC,Switzerland,0.2
2006,SI_POV_DDAY,Switzerland,0.0
2006,SI_POV_LMIC,Switzerland,0.2
2006,SI_POV_UMIC,Switzerland,0.4
2007,SI_POV_DDAY,Switzerland,0.0
2007,SI_POV_LMIC,Switzerland,0.1
2007,SI_POV_UMIC,Switzerland,0.4
2008,SI_POV_DDAY,Switzerland,0.1
2008,SI_POV_LMIC,Switzerland,0.1
2008,SI_POV_UMIC,Switzerland,0.3
2009,SI_POV_DDAY,Switzerland,0.0
2009,SI_POV_LMIC,Switzerland,0.1
2009,SI_POV_UMIC,Switzerland,0.2
2010,SI_POV_DDAY,Switzerland,0.0
2010,SI_POV_LMIC,Switzerland,0.1
2010,SI_POV_UMIC,Switzerland,0.4
2011,SI_POV_DDAY,Switzerland,0.0
2011,SI_POV_LMIC,Switzerland,0.0
2011,SI_POV_UMIC,Switzerland,0.1
2012,SI_POV_DDAY,Switzerland,0.0
2012,SI_POV_LMIC,Switzerland,0.0
2012,SI_POV_UMIC,Switzerland,0.0
2013,SI_POV_DDAY,Switzerland,0.0
2013,SI_POV_LMIC,Switzerland,0.0
2013,SI_POV_UMIC,Switzerland,0.1
2014,SI_POV_DDAY,Switzerland,0.0
2014,SI_POV_LMIC,Switzerland,0.0
2014,SI_POV_UMIC,Switzerland,0.1
2015,SI_POV_DDAY,Switzerland,0.0
2015,SI_POV_LMIC,Switzerland,0.0
2015,SI_POV_UMIC,Switzerland,0.1
2016,SI_POV_DDAY,Switzerland,0.0
2016,SI_POV_LMIC,Switzerland,0.1
2016,SI_POV_UMIC,Switzerland,0.1
2017,SI_POV_DDAY,Switzerland,0.0
2017,SI_POV_LMIC,Switzerland,0.0
2017,SI_POV_UMIC,Switzerland,0.1
2018,SI_POV_DDAY,Switzerland,0.0
2018,SI_POV_LMIC,Switzerland,0.0
2018,SI_POV_UMIC,Switzerland,0.2
1998,SI_POV_DDAY,United Kingdom,0.2
1998,SI_POV_LMIC,United Kingdom,0.2
1998,SI_POV_UMIC,United Kingdom,0.7
1999,SI_POV_DDAY,United Kingdom,0.2
1999,SI_POV_LMIC,United Kingdom,0.2
1999,SI_POV_UMIC,United Kingdom,0.7
2000,SI_POV_DDAY,United Kingdom,0.2
2000,SI_POV_LMIC,United Kingdom,0.2
2000,SI_POV_UMIC,United Kingdom,0.7
2001,SI_POV_DDAY,United Kingdom,0.2
2001,SI_POV_LMIC,United Kingdom,0.5
2001,SI_POV_UMIC,United Kingdom,0.7
2002,SI_POV_DDAY,United Kingdom,0.2
2002,SI_POV_LMIC,United Kingdom,0.5
2002,SI_POV_UMIC,United Kingdom,0.7
2003,SI_POV_DDAY,United Kingdom,0.2
2003,SI_POV_LMIC,United Kingdom,0.2
2003,SI_POV_UMIC,United Kingdom,0.7
2004,SI_POV_DDAY,United Kingdom,0.2
2004,SI_POV_LMIC,United Kingdom,0.2
2004,SI_POV_UMIC,United Kingdom,0.5
2005,SI_POV_DDAY,United Kingdom,0.2
2005,SI_POV_LMIC,United Kingdom,0.5
2005,SI_POV_UMIC,United Kingdom,0.7
2006,SI_POV_DDAY,United Kingdom,0.2
2006,SI_POV_LMIC,United Kingdom,0.2
2006,SI_POV_UMIC,United Kingdom,0.7
2007,SI_POV_DDAY,United Kingdom,0.2
2007,SI_POV_LMIC,United Kingdom,0.5
2007,SI_POV_UMIC,United Kingdom,0.7
2008,SI_POV_DDAY,United Kingdom,0.2
2008,SI_POV_LMIC,United Kingdom,0.5
2008,SI_POV_UMIC,United Kingdom,0.7
2009,SI_POV_DDAY,United Kingdom,0.2
2009,SI_POV_LMIC,United Kingdom,0.5
2009,SI_POV_UMIC,United Kingdom,0.7
2010,SI_POV_DDAY,United Kingdom,0.2
2010,SI_POV_LMIC,United Kingdom,0.5
2010,SI_POV_UMIC,United Kingdom,0.7
2011,SI_POV_DDAY,United Kingdom,0.2
2011,SI_POV_LMIC,United Kingdom,0.5
2011,SI_POV_UMIC,United Kingdom,0.7
2012,SI_POV_DDAY,United Kingdom,0.2
2012,SI_POV_LMIC,United Kingdom,0.5
2012,SI_POV_UMIC,United Kingdom,0.7
2013,SI_POV_DDAY,United Kingdom,0.2
2013,SI_POV_LMIC,United Kingdom,0.2
2013,SI_POV_UMIC,United Kingdom,0.5
2014,SI_POV_DDAY,United Kingdom,0.2
2014,SI_POV_LMIC,United Kingdom,0.5
2014,SI_POV_UMIC,United Kingdom,0.5
2015,SI_POV_DDAY,United Kingdom,0.2
2015,SI_POV_LMIC,United Kingdom,0.5
2015,SI_POV_UMIC,United Kingdom,0.7
2016,SI_POV_DDAY,United Kingdom,0.2
2016,SI_POV_LMIC,United Kingdom,0.5
2016,SI_POV_UMIC,United Kingdom,0.7
2017,SI_POV_DDAY,United Kingdom,0.2
2017,SI_POV_LMIC,United Kingdom,0.5
2017,SI_POV_UMIC,United Kingdom,0.7
2018,SI_POV_DDAY,United Kingdom,0.5
2018,SI_POV_LMIC,United Kingdom,0.5
2018,SI_POV_UMIC,United Kingdom,0.7
2019,SI_POV_DDAY,United Kingdom,0.5
2019,SI_POV_LMIC,United Kingdom,0.5
2019,SI_POV_UMIC,United Kingdom,0.7
2020,SI_POV_DDAY,United Kingdom,0.5
2020,SI_POV_LMIC,United Kingdom,0.5
2020,SI_POV_UMIC,United Kingdom,0.7
