Year,SeriesCode,GeoAreaName,Value
2005,FI_FSI_FSANL,Mexico,1.81638248738848
2006,FI_FSI_FSANL,Mexico,1.9944212361405
2007,FI_FSI_FSANL,Mexico,2.5413127799359
2008,FI_FSI_FSANL,Mexico,3.20802543521284
2009,FI_FSI_FSANL,Mexico,3.06903578149087
2010,FI_FSI_FSANL,Mexico,2.32838597424659
2011,FI_FSI_FSANL,Mexico,2.44685147061432
2012,FI_FSI_FSANL,Mexico,2.52922017747363
2013,FI_FSI_FSANL,Mexico,3.36157018477857
2014,FI_FSI_FSANL,Mexico,3.13402337702184
2015,FI_FSI_FSANL,Mexico,2.60441021807811
2016,FI_FSI_FSANL,Mexico,2.14676314546594
2017,FI_FSI_FSANL,Mexico,2.14605834181442
2018,FI_FSI_FSANL,Mexico,2.1077378613675
2019,FI_FSI_FSANL,Mexico,2.20172618969779
2020,FI_FSI_FSANL,Mexico,2.56401799892127
2021,FI_FSI_FSANL,Mexico,2.05078594596887
2022,FI_FSI_FSANL,Mexico,2.08583676861479
2009,FI_FSI_FSANL,Republic of Moldova,16.388686779902
2010,FI_FSI_FSANL,Republic of Moldova,13.3375805604831
2011,FI_FSI_FSANL,Republic of Moldova,10.6758881878265
2012,FI_FSI_FSANL,Republic of Moldova,14.4995942986054
2013,FI_FSI_FSANL,Republic of Moldova,11.5773748871241
2014,FI_FSI_FSANL,Republic of Moldova,11.7289639558726
2015,FI_FSI_FSANL,Republic of Moldova,9.91786681707727
2016,FI_FSI_FSANL,Republic of Moldova,16.4051517258091
2017,FI_FSI_FSANL,Republic of Moldova,18.2468257499407
2018,FI_FSI_FSANL,Republic of Moldova,12.4916886374529
2019,FI_FSI_FSANL,Republic of Moldova,8.49630682504005
2020,FI_FSI_FSANL,Republic of Moldova,7.37754096553309
2021,FI_FSI_FSANL,Republic of Moldova,6.12732657064783
2006,FI_FSI_FSANL,Montenegro,2.88924830799956
2007,FI_FSI_FSANL,Montenegro,3.20083686790681
2008,FI_FSI_FSANL,Montenegro,7.27535879705032
2009,FI_FSI_FSANL,Montenegro,13.5504391510384
2010,FI_FSI_FSANL,Montenegro,20.9294667304236
2011,FI_FSI_FSANL,Montenegro,15.2910548471522
2012,FI_FSI_FSANL,Montenegro,17.3025070519201
2013,FI_FSI_FSANL,Montenegro,20.3084823035393
2014,FI_FSI_FSANL,Montenegro,18.586564885194
2015,FI_FSI_FSANL,Montenegro,14.5783594660382
2016,FI_FSI_FSANL,Montenegro,11.354372633992
2017,FI_FSI_FSANL,Montenegro,8.29218459497308
2010,FI_FSI_FSANL,Albania,13.5082167685541
2011,FI_FSI_FSANL,Albania,18.047853036844
2012,FI_FSI_FSANL,Albania,21.1949876792055
2013,FI_FSI_FSANL,Albania,22.2438572106859
2014,FI_FSI_FSANL,Albania,21.4603340500503
2015,FI_FSI_FSANL,Albania,16.8424536921792
2016,FI_FSI_FSANL,Albania,16.5545127518585
2017,FI_FSI_FSANL,Albania,11.97172277931
2018,FI_FSI_FSANL,Albania,10.4273900688183
2019,FI_FSI_FSANL,Albania,7.97222983771095
2020,FI_FSI_FSANL,Albania,7.65009174813949
2021,FI_FSI_FSANL,Albania,5.39391025321323
2022,FI_FSI_FSANL,Albania,4.78957460572704
2005,FI_FSI_FSANL,Australia,0.564453032698765
2006,FI_FSI_FSANL,Australia,0.574013140486956
2007,FI_FSI_FSANL,Australia,0.559225604529488
2008,FI_FSI_FSANL,Australia,1.35526208847002
2009,FI_FSI_FSANL,Australia,2.01806458457878
2010,FI_FSI_FSANL,Australia,2.14856125999861
2011,FI_FSI_FSANL,Australia,1.96838634633669
2012,FI_FSI_FSANL,Australia,1.70189150824109
2013,FI_FSI_FSANL,Australia,1.36517488167218
2014,FI_FSI_FSANL,Australia,1.01384449933768
2015,FI_FSI_FSANL,Australia,0.88872549882617
2016,FI_FSI_FSANL,Australia,0.947676353339703
2017,FI_FSI_FSANL,Australia,0.857013750175751
2018,FI_FSI_FSANL,Australia,0.901855193874304
2019,FI_FSI_FSANL,Australia,0.961493162441897
2020,FI_FSI_FSANL,Australia,1.10778271314938
2021,FI_FSI_FSANL,Australia,0.912575245358043
2006,FI_FSI_FSANL,Austria,2.73942939162815
2007,FI_FSI_FSANL,Austria,2.24246731582086
2008,FI_FSI_FSANL,Austria,1.90306942802893
2009,FI_FSI_FSANL,Austria,2.25042258658752
2010,FI_FSI_FSANL,Austria,2.83071715205898
2011,FI_FSI_FSANL,Austria,2.70681550509306
2012,FI_FSI_FSANL,Austria,2.81336476630545
2013,FI_FSI_FSANL,Austria,2.86654169526513
2014,FI_FSI_FSANL,Austria,3.47337431453068
2015,FI_FSI_FSANL,Austria,3.39283728404187
2016,FI_FSI_FSANL,Austria,2.69521741465076
2017,FI_FSI_FSANL,Austria,2.36889544229069
2018,FI_FSI_FSANL,Montenegro,7.35692267453808
2019,FI_FSI_FSANL,Montenegro,5.09127517723506
2020,FI_FSI_FSANL,Montenegro,5.86672519968626
2021,FI_FSI_FSANL,Montenegro,6.82517015780468
2008,FI_FSI_FSANL,Netherlands (Kingdom of the),1.68139773681757
2009,FI_FSI_FSANL,Netherlands (Kingdom of the),3.20168767980185
2010,FI_FSI_FSANL,Netherlands (Kingdom of the),2.83234869790716
2011,FI_FSI_FSANL,Netherlands (Kingdom of the),2.71087690835903
2012,FI_FSI_FSANL,Netherlands (Kingdom of the),3.09784428543666
2013,FI_FSI_FSANL,Netherlands (Kingdom of the),3.22716888618912
2014,FI_FSI_FSANL,Netherlands (Kingdom of the),2.98266215275664
2015,FI_FSI_FSANL,Netherlands (Kingdom of the),2.71198466589929
2016,FI_FSI_FSANL,Netherlands (Kingdom of the),2.54052744825368
2017,FI_FSI_FSANL,Netherlands (Kingdom of the),2.30542707664559
2018,FI_FSI_FSANL,Netherlands (Kingdom of the),1.95988149570236
2019,FI_FSI_FSANL,Netherlands (Kingdom of the),1.87157220045172
2020,FI_FSI_FSANL,Netherlands (Kingdom of the),1.91249906883262
2021,FI_FSI_FSANL,Netherlands (Kingdom of the),1.76399199586688
2008,FI_FSI_FSANL,Norway,0.723251027713466
2009,FI_FSI_FSANL,Norway,1.27871052608886
2010,FI_FSI_FSANL,Norway,1.51981365217834
2011,FI_FSI_FSANL,Norway,1.68434907314772
2012,FI_FSI_FSANL,Norway,1.51215755076448
2013,FI_FSI_FSANL,Norway,1.33872670729875
2014,FI_FSI_FSANL,Norway,1.13088790719266
2015,FI_FSI_FSANL,Norway,1.0533756114736
2016,FI_FSI_FSANL,Norway,1.18473037859688
2017,FI_FSI_FSANL,Norway,1.00040357973015
2018,FI_FSI_FSANL,Norway,0.746427849824663
2019,FI_FSI_FSANL,Norway,0.801131694159603
2020,FI_FSI_FSANL,Norway,0.736074194281787
2021,FI_FSI_FSANL,Norway,0.525489505428339
2008,FI_FSI_FSANL,Poland,2.82208199288245
2009,FI_FSI_FSANL,Poland,4.08301602290229
2010,FI_FSI_FSANL,Poland,4.70497582133693
2011,FI_FSI_FSANL,Poland,4.53797781890379
2012,FI_FSI_FSANL,Poland,4.92137936955479
2013,FI_FSI_FSANL,Poland,4.79348889261062
2014,FI_FSI_FSANL,Poland,4.61948181975495
2015,FI_FSI_FSANL,Poland,4.16510529138445
2016,FI_FSI_FSANL,Poland,3.93108996669006
2017,FI_FSI_FSANL,Poland,3.83219672759303
2018,FI_FSI_FSANL,Poland,3.86657827897154
2019,FI_FSI_FSANL,Poland,3.81150994513216
2020,FI_FSI_FSANL,Poland,3.71722963023515
2021,FI_FSI_FSANL,Poland,2.85023106835435
2007,FI_FSI_FSANL,Portugal,2.29637920040576
2008,FI_FSI_FSANL,Portugal,3.1090344283813
2009,FI_FSI_FSANL,Portugal,4.33080924700152
2010,FI_FSI_FSANL,Portugal,4.6936814254669
2011,FI_FSI_FSANL,Portugal,6.37513416721368
2012,FI_FSI_FSANL,Portugal,8.1867265178227
2013,FI_FSI_FSANL,Portugal,9.21340777024835
2014,FI_FSI_FSANL,Portugal,10.448048080803
2015,FI_FSI_FSANL,Portugal,16.7400634913285
2016,FI_FSI_FSANL,Portugal,16.5658132039701
2017,FI_FSI_FSANL,Portugal,13.1873609272177
2018,FI_FSI_FSANL,Portugal,9.42696352418473
2019,FI_FSI_FSANL,Portugal,6.18151003441012
2020,FI_FSI_FSANL,Portugal,4.8872570305011
2021,FI_FSI_FSANL,Portugal,3.68197985762537
2007,FI_FSI_FSANL,Romania,2.58539372816182
2008,FI_FSI_FSANL,Romania,2.74650265367714
2009,FI_FSI_FSANL,Romania,7.89184425906008
2010,FI_FSI_FSANL,Romania,11.8538634983107
2011,FI_FSI_FSANL,Romania,14.3279565951415
2012,FI_FSI_FSANL,Romania,18.2374449705832
2013,FI_FSI_FSANL,Romania,21.8729747751981
2014,FI_FSI_FSANL,Romania,13.9376956709833
2015,FI_FSI_FSANL,Romania,13.5062192718409
2016,FI_FSI_FSANL,Romania,9.621565156777
2017,FI_FSI_FSANL,Romania,6.41189409197437
2018,FI_FSI_FSANL,Romania,4.95654593972538
2019,FI_FSI_FSANL,Romania,4.08547976539077
2020,FI_FSI_FSANL,Romania,3.83324214154
2021,FI_FSI_FSANL,Romania,3.35133532671853
2005,FI_FSI_FSANL,Slovakia,5.03102650551527
2008,FI_FSI_FSANL,Slovakia,2.32821565494645
2009,FI_FSI_FSANL,Slovakia,4.78794997593851
2010,FI_FSI_FSANL,Slovakia,5.36854918034668
2011,FI_FSI_FSANL,Slovakia,5.30571463582038
2012,FI_FSI_FSANL,Slovakia,5.15691742164664
2013,FI_FSI_FSANL,Slovakia,5.15521654499405
2014,FI_FSI_FSANL,Slovakia,5.2026408246472
2015,FI_FSI_FSANL,Slovakia,4.70929220260798
2016,FI_FSI_FSANL,Slovakia,4.3455769187676
2017,FI_FSI_FSANL,Slovakia,3.62697846954924
2018,FI_FSI_FSANL,Slovakia,3.11539804225056
2019,FI_FSI_FSANL,Slovakia,2.95897371585084
2020,FI_FSI_FSANL,Slovakia,2.56788614282869
2021,FI_FSI_FSANL,Slovakia,2.1170420643996
2008,FI_FSI_FSANL,Viet Nam,2.15099820496032
2009,FI_FSI_FSANL,Viet Nam,1.79656609383679
2010,FI_FSI_FSANL,Viet Nam,2.09259938242001
2011,FI_FSI_FSANL,Viet Nam,2.79209384764478
2012,FI_FSI_FSANL,Viet Nam,3.43791016533393
2013,FI_FSI_FSANL,Viet Nam,3.10707263260723
2014,FI_FSI_FSANL,Viet Nam,3.49733108025613
2018,FI_FSI_FSANL,Austria,1.88242856429559
2019,FI_FSI_FSANL,Austria,1.62862135995416
2020,FI_FSI_FSANL,Austria,1.57678096672626
2005,FI_FSI_FSANL,Armenia,1.97208948345974
2006,FI_FSI_FSANL,Armenia,2.4475556859775
2007,FI_FSI_FSANL,Armenia,2.40401572394746
2008,FI_FSI_FSANL,Armenia,4.28418920018598
2009,FI_FSI_FSANL,Armenia,4.86361900244843
2010,FI_FSI_FSANL,Armenia,3.04141129948019
2011,FI_FSI_FSANL,Armenia,3.42109151341693
2012,FI_FSI_FSANL,Armenia,3.66922217057882
2013,FI_FSI_FSANL,Armenia,4.48533892299217
2014,FI_FSI_FSANL,Armenia,6.96975042813576
2015,FI_FSI_FSANL,Armenia,7.94971668385926
2016,FI_FSI_FSANL,Armenia,6.72411125058909
2017,FI_FSI_FSANL,Armenia,5.43231777940314
2018,FI_FSI_FSANL,Armenia,4.75439825091817
2019,FI_FSI_FSANL,Armenia,5.50666582915208
2020,FI_FSI_FSANL,Armenia,6.55481572888625
2006,FI_FSI_FSANL,Belgium,1.28016415707089
2007,FI_FSI_FSANL,Belgium,1.16267286868485
2008,FI_FSI_FSANL,Belgium,1.66567893097526
2009,FI_FSI_FSANL,Belgium,3.11494720432571
2010,FI_FSI_FSANL,Belgium,2.83293355859471
2011,FI_FSI_FSANL,Belgium,3.34867691886338
2012,FI_FSI_FSANL,Belgium,3.79788657163647
2013,FI_FSI_FSANL,Belgium,4.318537467084
2014,FI_FSI_FSANL,Belgium,4.24739060198863
2015,FI_FSI_FSANL,Belgium,3.85093164747182
2016,FI_FSI_FSANL,Belgium,3.48452664274546
2017,FI_FSI_FSANL,Belgium,2.96174954064201
2018,FI_FSI_FSANL,Belgium,2.26826570545996
2019,FI_FSI_FSANL,Belgium,2.08706915566812
2020,FI_FSI_FSANL,Belgium,2.06995809018823
2021,FI_FSI_FSANL,Belgium,2.03126042204704
2000,FI_FSI_FSANL,Bosnia and Herzegovina,21.215964833505
2001,FI_FSI_FSANL,Bosnia and Herzegovina,17.9071007297324
2002,FI_FSI_FSANL,Bosnia and Herzegovina,11.0172196258194
2003,FI_FSI_FSANL,Bosnia and Herzegovina,8.38582572565641
2004,FI_FSI_FSANL,Bosnia and Herzegovina,6.07354427319199
2005,FI_FSI_FSANL,Bosnia and Herzegovina,5.27560000618114
2006,FI_FSI_FSANL,Bosnia and Herzegovina,3.99876150251155
2007,FI_FSI_FSANL,Bosnia and Herzegovina,3.01859191826486
2008,FI_FSI_FSANL,Bosnia and Herzegovina,3.09119803439691
2009,FI_FSI_FSANL,Bosnia and Herzegovina,5.8712072518763
2010,FI_FSI_FSANL,Bosnia and Herzegovina,11.421782175376
2011,FI_FSI_FSANL,Bosnia and Herzegovina,11.7997140822193
2012,FI_FSI_FSANL,Bosnia and Herzegovina,13.4656882284517
2013,FI_FSI_FSANL,Bosnia and Herzegovina,15.1198478740683
2014,FI_FSI_FSANL,Bosnia and Herzegovina,14.1653123764986
2015,FI_FSI_FSANL,Bosnia and Herzegovina,13.7084158662801
2016,FI_FSI_FSANL,Bosnia and Herzegovina,11.7777190845963
2017,FI_FSI_FSANL,Bosnia and Herzegovina,10.0462751524632
2018,FI_FSI_FSANL,Bosnia and Herzegovina,8.77033547967657
2019,FI_FSI_FSANL,Bosnia and Herzegovina,7.41165705829786
2020,FI_FSI_FSANL,Bosnia and Herzegovina,6.12240215634338
2021,FI_FSI_FSANL,Bosnia and Herzegovina,5.77886406049307
2008,FI_FSI_FSANL,Bulgaria,2.40390652919768
2009,FI_FSI_FSANL,Bulgaria,6.42293385932725
2010,FI_FSI_FSANL,Bulgaria,11.9177087634194
2011,FI_FSI_FSANL,Bulgaria,14.9736139565097
2012,FI_FSI_FSANL,Bulgaria,16.6263209293069
2013,FI_FSI_FSANL,Bulgaria,16.8785208328338
2014,FI_FSI_FSANL,Bulgaria,16.7465294214345
2015,FI_FSI_FSANL,Bulgaria,14.612050861519
2016,FI_FSI_FSANL,Bulgaria,13.1730655335127
2017,FI_FSI_FSANL,Bulgaria,10.434453416252
2018,FI_FSI_FSANL,Bulgaria,7.80156177334957
2019,FI_FSI_FSANL,Bulgaria,6.62129943689451
2020,FI_FSI_FSANL,Bulgaria,5.79835202186254
2010,FI_FSI_FSANL,Belarus,3.54880427143014
2011,FI_FSI_FSANL,Belarus,4.15959581162895
2012,FI_FSI_FSANL,Belarus,5.50187400609008
2013,FI_FSI_FSANL,Belarus,4.44733135755543
2014,FI_FSI_FSANL,Belarus,4.37130403366124
2015,FI_FSI_FSANL,Belarus,6.83494796382143
2016,FI_FSI_FSANL,Belarus,12.791174278387
2017,FI_FSI_FSANL,Belarus,12.8521944714263
2018,FI_FSI_FSANL,Belarus,5.0102862381755
2019,FI_FSI_FSANL,Belarus,4.62787813876966
2020,FI_FSI_FSANL,Belarus,4.82924273960356
2021,FI_FSI_FSANL,Belarus,5.29876920745631
2005,FI_FSI_FSANL,Canada,0.499517649324799
2006,FI_FSI_FSANL,Canada,0.420325955427002
2015,FI_FSI_FSANL,Viet Nam,2.75511790461507
2016,FI_FSI_FSANL,Viet Nam,2.63885944068427
2017,FI_FSI_FSANL,Viet Nam,2.11141959192174
2018,FI_FSI_FSANL,Viet Nam,2.12656065140467
2019,FI_FSI_FSANL,Viet Nam,1.77330386734804
2020,FI_FSI_FSANL,Viet Nam,1.87185415971075
2021,FI_FSI_FSANL,Viet Nam,1.59911146644285
2008,FI_FSI_FSANL,Slovenia,4.21574658021237
2009,FI_FSI_FSANL,Slovenia,5.79123054219476
2010,FI_FSI_FSANL,Slovenia,8.21418388709017
2011,FI_FSI_FSANL,Slovenia,11.814021388063
2012,FI_FSI_FSANL,Slovenia,15.1800772229366
2013,FI_FSI_FSANL,Slovenia,13.3118940728928
2014,FI_FSI_FSANL,Slovenia,11.7319347333409
2015,FI_FSI_FSANL,Slovenia,9.96211515631996
2016,FI_FSI_FSANL,Slovenia,5.07141393661737
2017,FI_FSI_FSANL,Slovenia,3.20363588164704
2018,FI_FSI_FSANL,Slovenia,6.00921749143582
2019,FI_FSI_FSANL,Slovenia,3.364772691154
2020,FI_FSI_FSANL,Slovenia,3.01762967051172
2021,FI_FSI_FSANL,Slovenia,2.0551823830108
2022,FI_FSI_FSANL,Slovenia,1.7502288020953
2012,FI_FSI_FSANL,Spain,5.71026349860104
2013,FI_FSI_FSANL,Spain,7.12373619141485
2014,FI_FSI_FSANL,Spain,6.38267849950904
2015,FI_FSI_FSANL,Spain,5.09174595659944
2016,FI_FSI_FSANL,Spain,4.71813279786195
2017,FI_FSI_FSANL,Spain,4.46120203086986
2018,FI_FSI_FSANL,Spain,3.68642493378735
2019,FI_FSI_FSANL,Spain,3.15282728174409
2020,FI_FSI_FSANL,Spain,2.85122667258747
2021,FI_FSI_FSANL,Spain,2.91575876060378
2006,FI_FSI_FSANL,Sweden,0.104624639923306
2007,FI_FSI_FSANL,Sweden,0.0818078029672855
2008,FI_FSI_FSANL,Sweden,0.462078291866641
2009,FI_FSI_FSANL,Sweden,0.834133007850543
2010,FI_FSI_FSANL,Sweden,0.783563259562689
2011,FI_FSI_FSANL,Sweden,0.654054944661704
2012,FI_FSI_FSANL,Sweden,0.700061654813063
2013,FI_FSI_FSANL,Sweden,0.614387787530393
2014,FI_FSI_FSANL,Sweden,1.23836746975005
2015,FI_FSI_FSANL,Sweden,1.16510580742993
2016,FI_FSI_FSANL,Sweden,1.06459067890898
2017,FI_FSI_FSANL,Sweden,1.11978084734839
2018,FI_FSI_FSANL,Sweden,0.494908669779694
2019,FI_FSI_FSANL,Sweden,0.581325196187856
2020,FI_FSI_FSANL,Sweden,0.513361451406936
2021,FI_FSI_FSANL,Sweden,0.417650657609339
2005,FI_FSI_FSANL,Switzerland,1.97203216008724
2006,FI_FSI_FSANL,Switzerland,1.3880941098103
2007,FI_FSI_FSANL,Switzerland,1.11331194362192
2008,FI_FSI_FSANL,Switzerland,1.47404015453346
2009,FI_FSI_FSANL,Switzerland,1.90149580931642
2010,FI_FSI_FSANL,Switzerland,0.856718804822854
2011,FI_FSI_FSANL,Switzerland,0.809200258986167
2012,FI_FSI_FSANL,Switzerland,0.772055443634477
2013,FI_FSI_FSANL,Switzerland,0.76062170262865
2014,FI_FSI_FSANL,Switzerland,0.713941399054859
2015,FI_FSI_FSANL,Switzerland,0.747486157103378
2016,FI_FSI_FSANL,Switzerland,0.739474218197545
2017,FI_FSI_FSANL,Switzerland,0.637213989984464
2018,FI_FSI_FSANL,Switzerland,0.661973847784663
2019,FI_FSI_FSANL,Switzerland,0.64341884743557
2020,FI_FSI_FSANL,Switzerland,0.751274827365151
2021,FI_FSI_FSANL,Switzerland,0.657443629740033
2010,FI_FSI_FSANL,Tajikistan,6.08782854089517
2011,FI_FSI_FSANL,Tajikistan,5.05854780225549
2012,FI_FSI_FSANL,Tajikistan,5.99506688381505
2013,FI_FSI_FSANL,Tajikistan,8.27382585661298
2014,FI_FSI_FSANL,Tajikistan,19.8486775882401
2015,FI_FSI_FSANL,Tajikistan,26.2569938097746
2016,FI_FSI_FSANL,Tajikistan,47.5958495651832
2017,FI_FSI_FSANL,Tajikistan,36.5052970282406
2018,FI_FSI_FSANL,Tajikistan,31.1178674044007
2019,FI_FSI_FSANL,Tajikistan,26.9555451538116
2020,FI_FSI_FSANL,Tajikistan,23.8270235145523
2021,FI_FSI_FSANL,Tajikistan,13.6547196765819
2009,FI_FSI_FSANL,United Arab Emirates,4.17812783392795
2010,FI_FSI_FSANL,United Arab Emirates,5.26698896173513
2011,FI_FSI_FSANL,United Arab Emirates,6.08629581295722
2012,FI_FSI_FSANL,United Arab Emirates,7.12965175228017
2013,FI_FSI_FSANL,United Arab Emirates,5.85229580988926
2014,FI_FSI_FSANL,United Arab Emirates,5.31214096469623
2015,FI_FSI_FSANL,United Arab Emirates,4.74620283630956
2007,FI_FSI_FSANL,Canada,0.431596614050767
2008,FI_FSI_FSANL,Canada,0.763250457412455
2009,FI_FSI_FSANL,Canada,1.26687055816181
2010,FI_FSI_FSANL,Canada,1.19245724160614
2011,FI_FSI_FSANL,Canada,0.844688790542748
2012,FI_FSI_FSANL,Canada,0.651152891186439
2013,FI_FSI_FSANL,Canada,0.574918196148753
2014,FI_FSI_FSANL,Canada,0.517878594833065
2015,FI_FSI_FSANL,Canada,0.516596294246744
2016,FI_FSI_FSANL,Canada,0.596050944805398
2017,FI_FSI_FSANL,Canada,0.449461039885323
2018,FI_FSI_FSANL,Canada,0.505214192405336
2019,FI_FSI_FSANL,Canada,0.503405461160356
2020,FI_FSI_FSANL,Canada,0.529013916915578
2021,FI_FSI_FSANL,Canada,0.37810794618724
2001,FI_FSI_FSANL,Chile,1.61915877786992
2002,FI_FSI_FSANL,Chile,1.8229968378738
2003,FI_FSI_FSANL,Chile,1.63483787843428
2004,FI_FSI_FSANL,Chile,1.20249750508307
2005,FI_FSI_FSANL,Chile,0.905289363028412
2006,FI_FSI_FSANL,Chile,0.748131241077717
2007,FI_FSI_FSANL,Chile,0.750701584683206
2008,FI_FSI_FSANL,Chile,0.963982159718427
2009,FI_FSI_FSANL,Chile,2.87804131970691
2010,FI_FSI_FSANL,Chile,2.64236372125984
2011,FI_FSI_FSANL,Chile,2.29689810626242
2012,FI_FSI_FSANL,Chile,2.06521444417698
2013,FI_FSI_FSANL,Chile,1.95980657852685
2014,FI_FSI_FSANL,Chile,1.92055529368576
2015,FI_FSI_FSANL,Chile,1.71974445235599
2016,FI_FSI_FSANL,Chile,1.83263616219253
2017,FI_FSI_FSANL,Chile,1.91636250925282
2018,FI_FSI_FSANL,Chile,1.87201462093851
2019,FI_FSI_FSANL,Chile,2.05504919265993
2020,FI_FSI_FSANL,Chile,1.55298924761219
2021,FI_FSI_FSANL,Chile,1.22877234927757
2010,FI_FSI_FSANL,China,1.13237045139299
2011,FI_FSI_FSANL,China,0.961585528954036
2012,FI_FSI_FSANL,China,0.953674330051852
2013,FI_FSI_FSANL,China,0.999702805112438
2014,FI_FSI_FSANL,China,1.24873335628106
2015,FI_FSI_FSANL,China,1.67388016445151
2016,FI_FSI_FSANL,China,1.74447934478824
2017,FI_FSI_FSANL,China,1.74435460635256
2018,FI_FSI_FSANL,China,1.83294883223349
2019,FI_FSI_FSANL,China,1.86175485330958
2020,FI_FSI_FSANL,China,1.83961969163289
2021,FI_FSI_FSANL,China,1.72739169215062
2005,FI_FSI_FSANL,Colombia,2.74843383039405
2006,FI_FSI_FSANL,Colombia,2.65981848339105
2007,FI_FSI_FSANL,Colombia,3.22929327504345
2008,FI_FSI_FSANL,Colombia,3.93217828600418
2009,FI_FSI_FSANL,Colombia,4.01283835055224
2010,FI_FSI_FSANL,Colombia,2.86337656354999
2011,FI_FSI_FSANL,Colombia,2.49554384848147
2012,FI_FSI_FSANL,Colombia,2.758458591123
2013,FI_FSI_FSANL,Colombia,2.7753536292828
2014,FI_FSI_FSANL,Colombia,2.91526084121936
2015,FI_FSI_FSANL,Colombia,2.8476727881339
2016,FI_FSI_FSANL,Colombia,3.12453653608401
2017,FI_FSI_FSANL,Colombia,4.17978145473376
2018,FI_FSI_FSANL,Colombia,3.42763699082025
2019,FI_FSI_FSANL,Colombia,3.1496313020411
2020,FI_FSI_FSANL,Colombia,3.67474893917793
2021,FI_FSI_FSANL,Colombia,3.03403217872113
2008,FI_FSI_FSANL,Costa Rica,1.53566142380974
2009,FI_FSI_FSANL,Costa Rica,2.05989758950483
2010,FI_FSI_FSANL,Costa Rica,1.8552046455176
2011,FI_FSI_FSANL,Costa Rica,1.81687656526001
2012,FI_FSI_FSANL,Costa Rica,1.74515621736086
2013,FI_FSI_FSANL,Costa Rica,1.74861174964302
2014,FI_FSI_FSANL,Costa Rica,1.55295060069473
2015,FI_FSI_FSANL,Costa Rica,1.66417841493179
2016,FI_FSI_FSANL,Costa Rica,1.55323813386631
2017,FI_FSI_FSANL,Costa Rica,2.05328160465289
2018,FI_FSI_FSANL,Costa Rica,2.11773116690607
2019,FI_FSI_FSANL,Costa Rica,2.39529605631216
2020,FI_FSI_FSANL,Costa Rica,2.41359316382932
2021,FI_FSI_FSANL,Costa Rica,2.25766935021348
2022,FI_FSI_FSANL,Costa Rica,2.10881876900767
2021,FI_FSI_FSANL,Croatia,5.69923091645787
2008,FI_FSI_FSANL,Cyprus,3.59414947955595
2009,FI_FSI_FSANL,Cyprus,4.50936302926019
2010,FI_FSI_FSANL,Cyprus,5.82172259923197
2011,FI_FSI_FSANL,Cyprus,9.98623419964975
2012,FI_FSI_FSANL,Cyprus,18.3749456234796
2016,FI_FSI_FSANL,United Arab Emirates,4.79735362210193
2017,FI_FSI_FSANL,United Arab Emirates,4.99704232082412
2018,FI_FSI_FSANL,United Arab Emirates,5.25650797811494
2019,FI_FSI_FSANL,United Arab Emirates,6.02686885240592
2020,FI_FSI_FSANL,United Arab Emirates,7.57146032262558
2021,FI_FSI_FSANL,United Arab Emirates,7.28694437688478
2022,FI_FSI_FSANL,United Arab Emirates,6.38946847304318
2005,FI_FSI_FSANL,Türkiye,4.31589850311115
2006,FI_FSI_FSANL,Türkiye,3.58098683705457
2007,FI_FSI_FSANL,Türkiye,3.3213977793724
2008,FI_FSI_FSANL,Türkiye,3.44167340058132
2009,FI_FSI_FSANL,Türkiye,4.96997625418198
2010,FI_FSI_FSANL,Türkiye,3.48959158482402
2011,FI_FSI_FSANL,Türkiye,2.57632211204451
2012,FI_FSI_FSANL,Türkiye,2.7433675978872
2013,FI_FSI_FSANL,Türkiye,2.63627102630174
2014,FI_FSI_FSANL,Türkiye,2.74183131997442
2015,FI_FSI_FSANL,Türkiye,2.98772329214314
2016,FI_FSI_FSANL,Türkiye,3.10968373133547
2017,FI_FSI_FSANL,Türkiye,2.84271365893527
2018,FI_FSI_FSANL,Türkiye,3.68690904641214
2019,FI_FSI_FSANL,Türkiye,5.02294929309671
2020,FI_FSI_FSANL,Türkiye,3.89009244045221
2021,FI_FSI_FSANL,Türkiye,2.97599400811766
2005,FI_FSI_FSANL,Ukraine,57.9897716519799
2006,FI_FSI_FSANL,Ukraine,59.7566320355279
2007,FI_FSI_FSANL,Ukraine,48.1183737206673
2008,FI_FSI_FSANL,Ukraine,3.88384823823554
2009,FI_FSI_FSANL,Ukraine,13.6977713199854
2010,FI_FSI_FSANL,Ukraine,15.2665117708456
2011,FI_FSI_FSANL,Ukraine,14.7322884259186
2012,FI_FSI_FSANL,Ukraine,20.3740677541987
2013,FI_FSI_FSANL,Ukraine,16.3528524705885
2014,FI_FSI_FSANL,Ukraine,23.32072094246
2015,FI_FSI_FSANL,Ukraine,35.3852494023724
2016,FI_FSI_FSANL,Ukraine,38.9524888709753
2017,FI_FSI_FSANL,Ukraine,54.8232758416853
2018,FI_FSI_FSANL,Ukraine,54.4100172630314
2019,FI_FSI_FSANL,Ukraine,50.5258505757219
2020,FI_FSI_FSANL,Ukraine,43.4686522704987
2021,FI_FSI_FSANL,Ukraine,31.7178311337652
2005,FI_FSI_FSANL,North Macedonia,14.8928467760632
2006,FI_FSI_FSANL,North Macedonia,11.2137062334098
2007,FI_FSI_FSANL,North Macedonia,7.51448842858048
2008,FI_FSI_FSANL,North Macedonia,6.71462622878091
2009,FI_FSI_FSANL,North Macedonia,8.93736962216569
2010,FI_FSI_FSANL,North Macedonia,9.04070956501971
2011,FI_FSI_FSANL,North Macedonia,9.52269121137581
2012,FI_FSI_FSANL,North Macedonia,10.1123971304148
2013,FI_FSI_FSANL,North Macedonia,10.9395684304263
2014,FI_FSI_FSANL,North Macedonia,10.8059133941614
2015,FI_FSI_FSANL,North Macedonia,10.3144498806434
2016,FI_FSI_FSANL,North Macedonia,6.28661409822794
2017,FI_FSI_FSANL,North Macedonia,6.09844460015566
2018,FI_FSI_FSANL,North Macedonia,5.03609299230044
2019,FI_FSI_FSANL,North Macedonia,4.62471134653538
2020,FI_FSI_FSANL,North Macedonia,3.26129559130556
2021,FI_FSI_FSANL,North Macedonia,3.13085707013007
2005,FI_FSI_FSANL,United Kingdom of Great Britain and Northern Ireland,0.993470630559824
2008,FI_FSI_FSANL,United Kingdom of Great Britain and Northern Ireland,1.55697368984839
2009,FI_FSI_FSANL,United Kingdom of Great Britain and Northern Ireland,3.50865701820859
2010,FI_FSI_FSANL,United Kingdom of Great Britain and Northern Ireland,3.95483378788783
2011,FI_FSI_FSANL,United Kingdom of Great Britain and Northern Ireland,3.9618682056152
2012,FI_FSI_FSANL,United Kingdom of Great Britain and Northern Ireland,3.58628400773794
2013,FI_FSI_FSANL,United Kingdom of Great Britain and Northern Ireland,3.11174173873799
2014,FI_FSI_FSANL,United Kingdom of Great Britain and Northern Ireland,1.65439245472471
2015,FI_FSI_FSANL,United Kingdom of Great Britain and Northern Ireland,1.01450855087338
2016,FI_FSI_FSANL,United Kingdom of Great Britain and Northern Ireland,1.68730158721445
2017,FI_FSI_FSANL,United Kingdom of Great Britain and Northern Ireland,1.35974413009585
2018,FI_FSI_FSANL,United Kingdom of Great Britain and Northern Ireland,1.09642081691302
2019,FI_FSI_FSANL,United Kingdom of Great Britain and Northern Ireland,1.01809938348475
2020,FI_FSI_FSANL,United Kingdom of Great Britain and Northern Ireland,0.983324581629099
2021,FI_FSI_FSANL,United Kingdom of Great Britain and Northern Ireland,0.969313312364283
2010,FI_FSI_FSANL,Uzbekistan,0.965131048293637
2011,FI_FSI_FSANL,Uzbekistan,0.709190155100445
2012,FI_FSI_FSANL,Uzbekistan,3.05328353123232
2013,FI_FSI_FSANL,Uzbekistan,2.81670032876534
2014,FI_FSI_FSANL,Uzbekistan,2.09687034766166
2015,FI_FSI_FSANL,Uzbekistan,1.46241461373233
2016,FI_FSI_FSANL,Uzbekistan,0.744086678772422
2017,FI_FSI_FSANL,Uzbekistan,1.19780753069296
2018,FI_FSI_FSANL,Uzbekistan,1.27871644313014
2019,FI_FSI_FSANL,Uzbekistan,1.47850042070039
2013,FI_FSI_FSANL,Cyprus,38.5570399026523
2014,FI_FSI_FSANL,Cyprus,44.972072758843
2015,FI_FSI_FSANL,Cyprus,47.7478457712877
2016,FI_FSI_FSANL,Cyprus,36.6991177413136
2017,FI_FSI_FSANL,Cyprus,31.3888946804868
2018,FI_FSI_FSANL,Cyprus,19.520510219693
2019,FI_FSI_FSANL,Cyprus,17.0931036488541
2020,FI_FSI_FSANL,Cyprus,15.0190835443793
2021,FI_FSI_FSANL,Cyprus,8.99828242700788
2007,FI_FSI_FSANL,Czechia,2.36644725441615
2008,FI_FSI_FSANL,Czechia,2.82387346236027
2009,FI_FSI_FSANL,Czechia,4.49075321988402
2010,FI_FSI_FSANL,Czechia,5.45823355942604
2011,FI_FSI_FSANL,Czechia,5.29287307900868
2012,FI_FSI_FSANL,Czechia,5.35167967265287
2013,FI_FSI_FSANL,Czechia,5.26338617282875
2014,FI_FSI_FSANL,Czechia,5.63910825786119
2015,FI_FSI_FSANL,Czechia,5.43997199514248
2016,FI_FSI_FSANL,Czechia,4.52193536660192
2017,FI_FSI_FSANL,Czechia,3.682523035196
2018,FI_FSI_FSANL,Czechia,3.09590989646024
2019,FI_FSI_FSANL,Czechia,1.69280340962665
2020,FI_FSI_FSANL,Czechia,1.91231094967574
2021,FI_FSI_FSANL,Czechia,1.71615122107918
2005,FI_FSI_FSANL,Denmark,0.190194759302831
2010,FI_FSI_FSANL,Denmark,4.06863631073088
2011,FI_FSI_FSANL,Denmark,3.66034288721246
2012,FI_FSI_FSANL,Denmark,5.95051780307892
2013,FI_FSI_FSANL,Denmark,4.61814370485933
2014,FI_FSI_FSANL,Denmark,4.40079073803811
2015,FI_FSI_FSANL,Denmark,3.27824443113
2016,FI_FSI_FSANL,Denmark,2.65748344310486
2017,FI_FSI_FSANL,Denmark,1.74230597655898
2018,FI_FSI_FSANL,Denmark,1.76025735351403
2019,FI_FSI_FSANL,Denmark,1.36888337331626
2020,FI_FSI_FSANL,Denmark,1.40572759059854
2021,FI_FSI_FSANL,Denmark,1.24098689385217
2008,FI_FSI_FSANL,Estonia,1.9446847760978
2009,FI_FSI_FSANL,Estonia,5.20231138473194
2010,FI_FSI_FSANL,Estonia,5.37548640616725
2011,FI_FSI_FSANL,Estonia,4.04580581090276
2012,FI_FSI_FSANL,Estonia,2.62266859406297
2013,FI_FSI_FSANL,Estonia,1.47462231497042
2014,FI_FSI_FSANL,Estonia,1.38823609881308
2015,FI_FSI_FSANL,Estonia,2.76894770314042
2016,FI_FSI_FSANL,Estonia,2.17676369026511
2017,FI_FSI_FSANL,Estonia,2.37887496554021
2018,FI_FSI_FSANL,Estonia,1.55123999961087
2019,FI_FSI_FSANL,Estonia,1.97424852159292
2020,FI_FSI_FSANL,Estonia,1.64284699281484
2021,FI_FSI_FSANL,Estonia,1.08679556479312
2007,FI_FSI_FSANL,Finland,0.226516077373678
2008,FI_FSI_FSANL,Finland,0.409453887918507
2009,FI_FSI_FSANL,Finland,0.56999382899243
2010,FI_FSI_FSANL,Finland,0.505748742041625
2011,FI_FSI_FSANL,Finland,0.456371196024312
2012,FI_FSI_FSANL,Finland,0.445132847109479
2013,FI_FSI_FSANL,Finland,0.440752731540527
2014,FI_FSI_FSANL,Finland,0.847591074961831
2015,FI_FSI_FSANL,Finland,0.93246083066103
2016,FI_FSI_FSANL,Finland,1.04758761475179
2017,FI_FSI_FSANL,Finland,0.72626236804278
2018,FI_FSI_FSANL,Finland,0.950566178824407
2019,FI_FSI_FSANL,Finland,1.5073192904517
2020,FI_FSI_FSANL,Finland,1.45017555342117
2021,FI_FSI_FSANL,Finland,1.47082760274416
2008,FI_FSI_FSANL,France,2.81942025282791
2009,FI_FSI_FSANL,France,4.02193112740747
2010,FI_FSI_FSANL,France,3.75857389340272
2011,FI_FSI_FSANL,France,4.29145434826523
2012,FI_FSI_FSANL,France,4.29452327369679
2013,FI_FSI_FSANL,France,4.49543407979547
2014,FI_FSI_FSANL,France,4.16249928399605
2015,FI_FSI_FSANL,France,4.0452542986778
2016,FI_FSI_FSANL,France,3.70275907528325
2017,FI_FSI_FSANL,France,3.12359565297023
2018,FI_FSI_FSANL,France,2.74834162277966
2019,FI_FSI_FSANL,France,2.47314366528244
2020,FI_FSI_FSANL,France,2.70533899736906
2021,FI_FSI_FSANL,France,2.42255628688584
2003,FI_FSI_FSANL,Georgia,2.34319465597397
2004,FI_FSI_FSANL,Georgia,1.97156766439632
2005,FI_FSI_FSANL,Georgia,1.19432598058677
2006,FI_FSI_FSANL,Georgia,0.80588216364693
2007,FI_FSI_FSANL,Georgia,0.838418571196985
2008,FI_FSI_FSANL,Georgia,4.05808130517855
2009,FI_FSI_FSANL,Georgia,6.25544102917719
2010,FI_FSI_FSANL,Georgia,5.91968270460939
2011,FI_FSI_FSANL,Georgia,4.52600160107428
2012,FI_FSI_FSANL,Georgia,3.68025550193123
2013,FI_FSI_FSANL,Georgia,3.03171606579417
2014,FI_FSI_FSANL,Georgia,3.027064429527
2015,FI_FSI_FSANL,Georgia,2.7114511435798
2016,FI_FSI_FSANL,Georgia,3.44697501744778
2017,FI_FSI_FSANL,Georgia,2.77879996979284
2018,FI_FSI_FSANL,Georgia,2.67886834382407
2019,FI_FSI_FSANL,Georgia,1.92840956509862
2020,FI_FSI_FSANL,Georgia,2.26743833598589
2021,FI_FSI_FSANL,Georgia,1.87663102481132
2022,FI_FSI_FSANL,Georgia,1.51410975758066
2005,FI_FSI_FSANL,Germany,4.05
2006,FI_FSI_FSANL,Germany,3.41
2007,FI_FSI_FSANL,Germany,2.65
2008,FI_FSI_FSANL,Germany,2.85
2009,FI_FSI_FSANL,Germany,3.31
2010,FI_FSI_FSANL,Germany,3.2
2011,FI_FSI_FSANL,Germany,3.03
2012,FI_FSI_FSANL,Germany,2.86
2013,FI_FSI_FSANL,Germany,2.7
2014,FI_FSI_FSANL,Germany,2.34
2015,FI_FSI_FSANL,Germany,1.97
2016,FI_FSI_FSANL,Germany,1.71
2017,FI_FSI_FSANL,Germany,1.5
2018,FI_FSI_FSANL,Germany,1.24
2019,FI_FSI_FSANL,Germany,1.05
2008,FI_FSI_FSANL,Greece,2.47019680774369
2009,FI_FSI_FSANL,Greece,3.7737094478324
2010,FI_FSI_FSANL,Greece,5.62295516381546
2011,FI_FSI_FSANL,Greece,9.19946087632775
2012,FI_FSI_FSANL,Greece,15.7182240298714
2013,FI_FSI_FSANL,Greece,27.8147390613922
2014,FI_FSI_FSANL,Greece,29.9945374662288
2015,FI_FSI_FSANL,Greece,35.7068688820245
2016,FI_FSI_FSANL,Greece,37.3561319650912
2017,FI_FSI_FSANL,Greece,45.5723195514792
2018,FI_FSI_FSANL,Greece,41.9878672308848
2019,FI_FSI_FSANL,Greece,36.4485402973695
2020,FI_FSI_FSANL,Greece,26.978044320607
2021,FI_FSI_FSANL,Greece,9.16143294899957
2008,FI_FSI_FSANL,Hungary,3.22977053583448
2009,FI_FSI_FSANL,Hungary,8.13169846349339
2010,FI_FSI_FSANL,Hungary,10.0371610997272
2011,FI_FSI_FSANL,Hungary,13.6774946903895
2012,FI_FSI_FSANL,Hungary,16.042828623319
2013,FI_FSI_FSANL,Hungary,16.8257283651434
2014,FI_FSI_FSANL,Hungary,15.6215268130428
2015,FI_FSI_FSANL,Hungary,11.6631260334093
2016,FI_FSI_FSANL,Hungary,7.42356209737637
2017,FI_FSI_FSANL,Hungary,4.16778804339289
2018,FI_FSI_FSANL,Hungary,2.46529955892284
2019,FI_FSI_FSANL,Hungary,1.50911884316991
2020,FI_FSI_FSANL,Hungary,3.95320327433446
2021,FI_FSI_FSANL,Hungary,3.66343769038352
2015,FI_FSI_FSANL,Iceland,5.85225689416538
2016,FI_FSI_FSANL,Iceland,4.12279811915939
2017,FI_FSI_FSANL,Iceland,2.86409951072451
2018,FI_FSI_FSANL,Iceland,2.51329639871644
2019,FI_FSI_FSANL,Iceland,2.92802451232259
2020,FI_FSI_FSANL,Iceland,2.90217036371759
2021,FI_FSI_FSANL,Iceland,2.06156567231269
2022,FI_FSI_FSANL,Iceland,1.39911577474254
2005,FI_FSI_FSANL,India,4.40178559448821
2008,FI_FSI_FSANL,India,2.44971206075607
2011,FI_FSI_FSANL,India,2.67019501469286
2012,FI_FSI_FSANL,India,3.37395391664123
2013,FI_FSI_FSANL,India,4.02772863501631
2014,FI_FSI_FSANL,India,4.34584976316209
2015,FI_FSI_FSANL,India,5.88352227400692
2016,FI_FSI_FSANL,India,9.18565591814957
2017,FI_FSI_FSANL,India,9.97528206363178
2018,FI_FSI_FSANL,India,9.46095691207992
2019,FI_FSI_FSANL,India,9.23442899080834
2020,FI_FSI_FSANL,India,7.93883072465331
2021,FI_FSI_FSANL,India,6.54245582956179
2005,FI_FSI_FSANL,Ireland,0.480366744116291
2006,FI_FSI_FSANL,Ireland,0.534720753421795
2007,FI_FSI_FSANL,Ireland,0.629176742433281
2008,FI_FSI_FSANL,Ireland,1.92252115115214
2009,FI_FSI_FSANL,Ireland,9.7963666080107
2010,FI_FSI_FSANL,Ireland,12.4666710113595
2011,FI_FSI_FSANL,Ireland,16.1214680824703
2012,FI_FSI_FSANL,Ireland,21.3116231755291
2013,FI_FSI_FSANL,Ireland,22.3727039607198
2014,FI_FSI_FSANL,Ireland,20.64880382204
2015,FI_FSI_FSANL,Ireland,16.9137587763139
2016,FI_FSI_FSANL,Ireland,12.6269750146121
2017,FI_FSI_FSANL,Ireland,11.4589228987576
2018,FI_FSI_FSANL,Ireland,5.45685456904851
2019,FI_FSI_FSANL,Ireland,3.36383712525729
2020,FI_FSI_FSANL,Ireland,3.36142776920367
2021,FI_FSI_FSANL,Ireland,2.4821487470182
2012,FI_FSI_FSANL,Israel,3.45556340472652
2013,FI_FSI_FSANL,Israel,2.90140768348366
2014,FI_FSI_FSANL,Israel,2.16639379251709
2015,FI_FSI_FSANL,Israel,1.8448062230203
2016,FI_FSI_FSANL,Israel,1.6065430145001
2017,FI_FSI_FSANL,Israel,1.29067074436066
2018,FI_FSI_FSANL,Israel,1.21092611547297
2019,FI_FSI_FSANL,Israel,1.38801645888401
2020,FI_FSI_FSANL,Israel,1.47602162943813
2021,FI_FSI_FSANL,Israel,1.12523478748013
2005,FI_FSI_FSANL,Italy,6.99617313682385
2006,FI_FSI_FSANL,Italy,6.56811457626493
2007,FI_FSI_FSANL,Italy,5.7776082194137
2008,FI_FSI_FSANL,Italy,6.28258103994627
2009,FI_FSI_FSANL,Italy,9.4463437392788
2010,FI_FSI_FSANL,Italy,10.0278370674613
2011,FI_FSI_FSANL,Italy,11.7423491843706
2012,FI_FSI_FSANL,Italy,13.7463696406392
2013,FI_FSI_FSANL,Italy,16.5427056350995
2014,FI_FSI_FSANL,Italy,18.0330469839719
2015,FI_FSI_FSANL,Italy,18.064368830052
2016,FI_FSI_FSANL,Italy,17.1162385246125
2017,FI_FSI_FSANL,Italy,14.3832990405839
2018,FI_FSI_FSANL,Italy,8.38628316437891
2019,FI_FSI_FSANL,Italy,6.74918443535526
2020,FI_FSI_FSANL,Italy,4.35972073669912
2021,FI_FSI_FSANL,Italy,3.34809683915318
2008,FI_FSI_FSANL,Kazakhstan,7.08977471729689
2009,FI_FSI_FSANL,Kazakhstan,18.9234054057108
2010,FI_FSI_FSANL,Kazakhstan,20.9306236433774
2011,FI_FSI_FSANL,Kazakhstan,20.6654679453399
2012,FI_FSI_FSANL,Kazakhstan,19.3898666527902
2013,FI_FSI_FSANL,Kazakhstan,19.4708307953111
2014,FI_FSI_FSANL,Kazakhstan,12.3921431661953
2015,FI_FSI_FSANL,Kazakhstan,7.95254057239387
2016,FI_FSI_FSANL,Kazakhstan,6.71835222170944
2017,FI_FSI_FSANL,Kazakhstan,9.30976808361683
2018,FI_FSI_FSANL,Kazakhstan,7.38538294911547
2019,FI_FSI_FSANL,Kazakhstan,8.14263936186248
2020,FI_FSI_FSANL,Kazakhstan,6.85230170596321
2008,FI_FSI_FSANL,Republic of Korea,0.571914662174038
2009,FI_FSI_FSANL,Republic of Korea,0.584500588542436
2010,FI_FSI_FSANL,Republic of Korea,0.588001422921593
2011,FI_FSI_FSANL,Republic of Korea,0.484155586674748
2012,FI_FSI_FSANL,Republic of Korea,0.594291798596701
2013,FI_FSI_FSANL,Republic of Korea,0.570682157690436
2014,FI_FSI_FSANL,Republic of Korea,0.487829016283245
2015,FI_FSI_FSANL,Republic of Korea,0.456859010234891
2016,FI_FSI_FSANL,Republic of Korea,0.469220791445101
2017,FI_FSI_FSANL,Republic of Korea,0.352361433161398
2018,FI_FSI_FSANL,Republic of Korea,0.254435738088805
2019,FI_FSI_FSANL,Republic of Korea,0.251149391152259
2020,FI_FSI_FSANL,Republic of Korea,0.249057696611218
2021,FI_FSI_FSANL,Republic of Korea,0.233334670386676
2010,FI_FSI_FSANL,Kyrgyzstan,14.7757186410975
2011,FI_FSI_FSANL,Kyrgyzstan,9.39821221158704
2012,FI_FSI_FSANL,Kyrgyzstan,6.55111366918828
2013,FI_FSI_FSANL,Kyrgyzstan,5.09046603734623
2014,FI_FSI_FSANL,Kyrgyzstan,4.18259903121424
2015,FI_FSI_FSANL,Kyrgyzstan,6.74285924908889
2016,FI_FSI_FSANL,Kyrgyzstan,8.51774848332393
2017,FI_FSI_FSANL,Kyrgyzstan,7.36791636375828
2018,FI_FSI_FSANL,Kyrgyzstan,7.29695767112001
2019,FI_FSI_FSANL,Kyrgyzstan,7.73068414377395
2020,FI_FSI_FSANL,Kyrgyzstan,10.0935469076538
2021,FI_FSI_FSANL,Kyrgyzstan,10.8192081411845
2022,FI_FSI_FSANL,Kyrgyzstan,12.4535695064953
2008,FI_FSI_FSANL,Latvia,3.04485753229265
2009,FI_FSI_FSANL,Latvia,20.2710789757026
2010,FI_FSI_FSANL,Latvia,22.2897256358893
2011,FI_FSI_FSANL,Latvia,14.0547877289945
2012,FI_FSI_FSANL,Latvia,8.7237859152224
2013,FI_FSI_FSANL,Latvia,6.4070404515206
2014,FI_FSI_FSANL,Latvia,4.59775813860822
2015,FI_FSI_FSANL,Latvia,4.64467819332291
2016,FI_FSI_FSANL,Latvia,6.25574429476529
2017,FI_FSI_FSANL,Latvia,5.50697759974228
2018,FI_FSI_FSANL,Latvia,5.28840202667788
2019,FI_FSI_FSANL,Latvia,5.00157140027426
2020,FI_FSI_FSANL,Latvia,3.09137577308037
2021,FI_FSI_FSANL,Latvia,2.47301429041714
2008,FI_FSI_FSANL,Lithuania,5.9947885892443
2009,FI_FSI_FSANL,Lithuania,22.1397887438421
2010,FI_FSI_FSANL,Lithuania,21.3129447476114
2011,FI_FSI_FSANL,Lithuania,17.6402783873711
2012,FI_FSI_FSANL,Lithuania,14.1140616832463
2013,FI_FSI_FSANL,Lithuania,11.5860323295319
2014,FI_FSI_FSANL,Lithuania,8.1860494113904
2015,FI_FSI_FSANL,Lithuania,4.94956913376007
2016,FI_FSI_FSANL,Lithuania,3.66064619634649
2017,FI_FSI_FSANL,Lithuania,3.17709584415856
2018,FI_FSI_FSANL,Lithuania,2.27014872045055
2019,FI_FSI_FSANL,Lithuania,1.04438547521426
2020,FI_FSI_FSANL,Lithuania,0.96915521153795
2021,FI_FSI_FSANL,Lithuania,0.510408710751457
2009,FI_FSI_FSANL,Luxembourg,0.670613945190373
2010,FI_FSI_FSANL,Luxembourg,0.247232603084002
2011,FI_FSI_FSANL,Luxembourg,0.379416485489736
2012,FI_FSI_FSANL,Luxembourg,0.145588493246799
2013,FI_FSI_FSANL,Luxembourg,0.21316440756553
2016,FI_FSI_FSANL,Luxembourg,0.904844283559195
2017,FI_FSI_FSANL,Luxembourg,0.791204996244052
2018,FI_FSI_FSANL,Luxembourg,0.896966330444119
2019,FI_FSI_FSANL,Luxembourg,0.738897535704604
2020,FI_FSI_FSANL,Luxembourg,1.02804099898325
2021,FI_FSI_FSANL,Luxembourg,0.791158078604692
2005,FI_FSI_FSANL,Malta,8.20906380726336
2006,FI_FSI_FSANL,Malta,6.47013971237757
2007,FI_FSI_FSANL,Malta,5.31015886166558
2008,FI_FSI_FSANL,Malta,5.01177403541518
2009,FI_FSI_FSANL,Malta,5.78360747367995
2010,FI_FSI_FSANL,Malta,7.01547424164959
2011,FI_FSI_FSANL,Malta,7.0887209730083
2012,FI_FSI_FSANL,Malta,7.75197194482716
2013,FI_FSI_FSANL,Malta,8.94793807670442
2014,FI_FSI_FSANL,Malta,9.04960051895585
2015,FI_FSI_FSANL,Malta,7.09795110848624
2016,FI_FSI_FSANL,Malta,5.29469189649343
2017,FI_FSI_FSANL,Malta,4.06994769176586
2018,FI_FSI_FSANL,Malta,3.35528926091019
2019,FI_FSI_FSANL,Malta,3.20817921458462
2020,FI_FSI_FSANL,Malta,3.66282402946949
2021,FI_FSI_FSANL,Malta,3.43931378803346
2020,FI_FSI_FSANL,Uzbekistan,2.06065321360246
2021,FI_FSI_FSANL,Uzbekistan,5.1302251620447
2022,FI_FSI_FSANL,Uzbekistan,3.53227061739395
2022,FI_FSI_FSANL,Uzbekistan,3.53227061739395
