Year,SeriesCode,GeoAreaName,Value
2010,FI_FSI_FSKNL,Albania,35.9460427642301
2011,FI_FSI_FSKNL,Albania,52.0111702395648
2012,FI_FSI_FSKNL,Albania,55.6225293052017
2013,FI_FSI_FSKNL,Albania,40.2212321023147
2014,FI_FSI_FSKNL,Albania,38.2510617027294
2015,FI_FSI_FSKNL,Albania,24.059438106513
2016,FI_FSI_FSKNL,Albania,23.0830360854874
2017,FI_FSI_FSKNL,Albania,15.7209501746281
2018,FI_FSI_FSKNL,Albania,15.5062913972016
2019,FI_FSI_FSKNL,Albania,13.6412174045044
2020,FI_FSI_FSKNL,Albania,11.2838202448708
2021,FI_FSI_FSKNL,Albania,7.12602349920201
2022,FI_FSI_FSKNL,Albania,7.34822151999476
2005,FI_FSI_FSKNL,Australia,4.62090313369471
2006,FI_FSI_FSKNL,Australia,4.749533311325
2007,FI_FSI_FSKNL,Australia,4.73258665315006
2008,FI_FSI_FSKNL,Australia,11.4479187873598
2009,FI_FSI_FSKNL,Australia,17.1389886411256
2010,FI_FSI_FSKNL,Australia,19.8419431072711
2011,FI_FSI_FSKNL,Australia,18.6719035635503
2012,FI_FSI_FSKNL,Australia,15.6565536324125
2013,FI_FSI_FSKNL,Australia,12.6493510823537
2014,FI_FSI_FSKNL,Australia,9.3007737262737
2015,FI_FSI_FSKNL,Australia,7.2864645287214
2016,FI_FSI_FSKNL,Australia,7.58784942313708
2017,FI_FSI_FSKNL,Australia,6.91845391587525
2018,FI_FSI_FSKNL,Australia,7.50651029929153
2019,FI_FSI_FSKNL,Australia,7.55513488351701
2020,FI_FSI_FSKNL,Australia,7.74296292908064
2021,FI_FSI_FSKNL,Australia,6.52302122940652
2006,FI_FSI_FSKNL,Austria,6.58350148018322
2007,FI_FSI_FSKNL,Austria,4.38180502755883
2008,FI_FSI_FSKNL,Austria,6.51516651966521
2009,FI_FSI_FSKNL,Austria,4.85836469104874
2010,FI_FSI_FSKNL,Austria,6.48788960187479
2011,FI_FSI_FSKNL,Austria,6.41889934747806
2012,FI_FSI_FSKNL,Austria,5.60563848458115
2013,FI_FSI_FSKNL,Austria,4.67966805687607
2014,FI_FSI_FSKNL,Austria,10.3262581402519
2015,FI_FSI_FSKNL,Austria,10.0848243890068
2016,FI_FSI_FSKNL,Austria,8.84137321871464
2017,FI_FSI_FSKNL,Austria,8.66383970944368
2018,FI_FSI_FSKNL,Austria,6.66746202337983
2019,FI_FSI_FSKNL,Austria,5.40118556287243
2020,FI_FSI_FSKNL,Austria,3.93396003414167
2005,FI_FSI_FSKNL,Armenia,3.38569179313711
2006,FI_FSI_FSKNL,Armenia,3.92059229093062
2007,FI_FSI_FSKNL,Armenia,4.57419548613605
2008,FI_FSI_FSKNL,Armenia,11.0866790300436
2009,FI_FSI_FSKNL,Armenia,9.73961477863621
2010,FI_FSI_FSKNL,Armenia,7.28018409743819
2011,FI_FSI_FSKNL,Armenia,9.62825177596374
2012,FI_FSI_FSKNL,Armenia,11.8382192708128
2013,FI_FSI_FSKNL,Armenia,13.9962871478486
2014,FI_FSI_FSKNL,Armenia,24.7531255507825
2015,FI_FSI_FSKNL,Armenia,24.9845729150802
2016,FI_FSI_FSKNL,Armenia,17.0567985455288
2017,FI_FSI_FSKNL,Armenia,14.671173240213
2018,FI_FSI_FSKNL,Armenia,8.78643123613849
2019,FI_FSI_FSKNL,Armenia,12.545846274371
2020,FI_FSI_FSKNL,Armenia,16.8975806340161
2018,FI_FSI_FSKNL,Belgium,13.6320482465093
2019,FI_FSI_FSKNL,Belgium,13.171114568551
2020,FI_FSI_FSKNL,Belgium,13.6748213217229
2021,FI_FSI_FSKNL,Belgium,10.6295965711829
2000,FI_FSI_FSKNL,Bosnia and Herzegovina,30.3025143311198
2001,FI_FSI_FSKNL,Bosnia and Herzegovina,33.4647106349994
2002,FI_FSI_FSKNL,Bosnia and Herzegovina,24.4193211742133
2003,FI_FSI_FSKNL,Bosnia and Herzegovina,19.7738219895288
2004,FI_FSI_FSKNL,Bosnia and Herzegovina,15.5333872144707
2005,FI_FSI_FSKNL,Bosnia and Herzegovina,15.652780550162
2006,FI_FSI_FSKNL,Bosnia and Herzegovina,11.7611558500533
2007,FI_FSI_FSKNL,Bosnia and Herzegovina,9.53644976500117
2008,FI_FSI_FSKNL,Bosnia and Herzegovina,10.2740374753594
2009,FI_FSI_FSKNL,Bosnia and Herzegovina,19.6420942940095
2010,FI_FSI_FSKNL,Bosnia and Herzegovina,32.8362046798663
2011,FI_FSI_FSKNL,Bosnia and Herzegovina,20.5991825597654
2012,FI_FSI_FSKNL,Bosnia and Herzegovina,24.7880360947389
2013,FI_FSI_FSKNL,Bosnia and Herzegovina,26.4445838685561
2014,FI_FSI_FSKNL,Bosnia and Herzegovina,24.635117268701
2015,FI_FSI_FSKNL,Bosnia and Herzegovina,24.8954020604884
2016,FI_FSI_FSKNL,Bosnia and Herzegovina,17.550705025481
2017,FI_FSI_FSKNL,Bosnia and Herzegovina,13.5162711632087
2018,FI_FSI_FSKNL,Bosnia and Herzegovina,11.4232644117347
2019,FI_FSI_FSKNL,Bosnia and Herzegovina,9.61235371458789
2020,FI_FSI_FSKNL,Bosnia and Herzegovina,7.38030003427457
2021,FI_FSI_FSKNL,Bosnia and Herzegovina,6.9967130809057
2008,FI_FSI_FSKNL,Bulgaria,3.48709847208362
2009,FI_FSI_FSKNL,Bulgaria,15.0868133930954
2010,FI_FSI_FSKNL,Bulgaria,28.0167577882702
2011,FI_FSI_FSKNL,Bulgaria,36.9203188859219
2012,FI_FSI_FSKNL,Bulgaria,38.9370158119795
2013,FI_FSI_FSKNL,Bulgaria,36.2110489506021
2014,FI_FSI_FSKNL,Bulgaria,43.5062409597353
2015,FI_FSI_FSKNL,Bulgaria,49.8458176491775
2016,FI_FSI_FSKNL,Bulgaria,44.658782526272
2017,FI_FSI_FSKNL,Bulgaria,36.5695570937047
2018,FI_FSI_FSKNL,Bulgaria,28.2156662755102
2019,FI_FSI_FSKNL,Bulgaria,23.8565678216866
2020,FI_FSI_FSKNL,Bulgaria,20.7745299968727
2010,FI_FSI_FSKNL,Belarus,12.398305784379
2011,FI_FSI_FSKNL,Belarus,11.7925463721319
2012,FI_FSI_FSKNL,Belarus,17.6479666609841
2013,FI_FSI_FSKNL,Belarus,13.9769871674716
2014,FI_FSI_FSKNL,Belarus,14.5813049402908
2015,FI_FSI_FSKNL,Belarus,21.175640118137
2016,FI_FSI_FSKNL,Belarus,38.87746136633
2017,FI_FSI_FSKNL,Belarus,37.1720314866011
2018,FI_FSI_FSKNL,Belarus,15.55062319233
2019,FI_FSI_FSKNL,Belarus,16.0231037590644
2020,FI_FSI_FSKNL,Belarus,18.7928652590104
2021,FI_FSI_FSKNL,Belarus,16.5734742829237
2005,FI_FSI_FSKNL,Canada,2.25218692650608
2006,FI_FSI_FSKNL,Canada,1.82027535510002
2007,FI_FSI_FSKNL,Canada,2.36199610192292
2008,FI_FSI_FSKNL,Canada,5.42363423453069
2009,FI_FSI_FSKNL,Canada,8.71612760144166
2010,FI_FSI_FSKNL,Canada,8.56831892878509
2011,FI_FSI_FSKNL,Canada,5.58164543017869
2012,FI_FSI_FSKNL,Canada,5.61076121775413
2013,FI_FSI_FSKNL,Canada,5.78395743807459
2014,FI_FSI_FSKNL,Canada,5.08002295777744
2015,FI_FSI_FSKNL,Canada,5.02546119970632
2016,FI_FSI_FSKNL,Canada,5.66729567606056
2017,FI_FSI_FSKNL,Canada,4.45032841427846
2018,FI_FSI_FSKNL,Canada,4.77057967000844
2019,FI_FSI_FSKNL,Canada,4.48085314637725
2020,FI_FSI_FSKNL,Canada,4.23088465385782
2021,FI_FSI_FSKNL,Canada,2.87170618731718
2001,FI_FSI_FSKNL,Chile,-5.85896190032083
2002,FI_FSI_FSKNL,Chile,-3.57021152917734
2003,FI_FSI_FSKNL,Chile,-3.6033344754916
2004,FI_FSI_FSKNL,Chile,-5.80521823308617
2005,FI_FSI_FSKNL,Chile,-5.56648976005474
2006,FI_FSI_FSKNL,Chile,-5.96815018375419
2007,FI_FSI_FSKNL,Chile,-6.80053819215315
2008,FI_FSI_FSKNL,Chile,-5.82706198965243
2009,FI_FSI_FSKNL,Chile,3.48933166872305
2010,FI_FSI_FSKNL,Chile,1.0969013631799
2011,FI_FSI_FSKNL,Chile,-0.0350699715474217
2012,FI_FSI_FSKNL,Chile,-1.10384770569764
2013,FI_FSI_FSKNL,Chile,-2.78078563965975
2014,FI_FSI_FSKNL,Chile,-3.11325545804911
2015,FI_FSI_FSKNL,Chile,-4.5174719794297
2016,FI_FSI_FSKNL,Chile,-4.39482421812283
2017,FI_FSI_FSKNL,Chile,-3.84638379722679
2018,FI_FSI_FSKNL,Chile,-3.81242333045206
2019,FI_FSI_FSKNL,Chile,-3.60548410447239
2020,FI_FSI_FSKNL,Chile,-7.70945611003444
2021,FI_FSI_FSKNL,Chile,-7.48421320657209
2010,FI_FSI_FSKNL,China,-2.15018230175433
2011,FI_FSI_FSKNL,China,-4.00632553894207
2012,FI_FSI_FSKNL,China,-4.47279434329883
2013,FI_FSI_FSKNL,China,-11.6515426673426
2014,FI_FSI_FSKNL,China,-9.82325809664589
2015,FI_FSI_FSKNL,China,-7.89531107034252
2016,FI_FSI_FSKNL,China,-7.8372982722039
2017,FI_FSI_FSKNL,China,-8.27539384416264
2018,FI_FSI_FSKNL,China,-9.208127197297
2019,FI_FSI_FSKNL,China,-9.34798740780688
2020,FI_FSI_FSKNL,China,-9.31854432136289
2021,FI_FSI_FSKNL,China,-10.0659473114736
2005,FI_FSI_FSKNL,Colombia,-8.28263079056355
2006,FI_FSI_FSKNL,Colombia,-7.67859863813625
2007,FI_FSI_FSKNL,Colombia,-5.8943451467226
2008,FI_FSI_FSKNL,Colombia,-5.42093225387993
2009,FI_FSI_FSKNL,Colombia,-7.97816511588896
2010,FI_FSI_FSKNL,Colombia,-10.0251254118825
2011,FI_FSI_FSKNL,Colombia,-10.2744732695068
2012,FI_FSI_FSKNL,Colombia,-8.32327926659654
2013,FI_FSI_FSKNL,Colombia,-8.49395236364867
2014,FI_FSI_FSKNL,Colombia,-7.54302951190322
2015,FI_FSI_FSKNL,Colombia,-8.17319073834329
2016,FI_FSI_FSKNL,Colombia,-8.53335486856746
2017,FI_FSI_FSKNL,Colombia,-7.15601747674007
2018,FI_FSI_FSKNL,Colombia,-2.91392134819736
2019,FI_FSI_FSKNL,Colombia,-3.78865039835901
2020,FI_FSI_FSKNL,Colombia,-4.68219365805303
2021,FI_FSI_FSKNL,Colombia,-3.88960053332027
2008,FI_FSI_FSKNL,Costa Rica,-2.11331441335872
2009,FI_FSI_FSKNL,Costa Rica,-0.0394705664921313
2010,FI_FSI_FSKNL,Costa Rica,-0.227017058208734
2011,FI_FSI_FSKNL,Costa Rica,-0.218555548221713
2012,FI_FSI_FSKNL,Costa Rica,-0.377322265412898
2013,FI_FSI_FSKNL,Costa Rica,0.247441240001796
2014,FI_FSI_FSKNL,Costa Rica,0.055483422241037
2015,FI_FSI_FSKNL,Costa Rica,-0.670258138573968
2016,FI_FSI_FSKNL,Costa Rica,-1.578355585789
2017,FI_FSI_FSKNL,Costa Rica,-0.841162768211407
2018,FI_FSI_FSKNL,Costa Rica,-1.76509639899197
2019,FI_FSI_FSKNL,Costa Rica,1.42669669927135
2020,FI_FSI_FSKNL,Costa Rica,-2.7319094320826
2021,FI_FSI_FSKNL,Costa Rica,-5.39426259291844
2022,FI_FSI_FSKNL,Costa Rica,-4.5121977138148
2021,FI_FSI_FSKNL,Croatia,3.4755932849267
2008,FI_FSI_FSKNL,Cyprus,16.1199101305867
2009,FI_FSI_FSKNL,Cyprus,23.4906087265949
2010,FI_FSI_FSKNL,Cyprus,37.9731681150526
2011,FI_FSI_FSKNL,Cyprus,102.719514500909
2012,FI_FSI_FSKNL,Cyprus,236.19807093188
2013,FI_FSI_FSKNL,Cyprus,299.025520462459
2014,FI_FSI_FSKNL,Cyprus,282.63469086333
2015,FI_FSI_FSKNL,Cyprus,261.065588584276
2016,FI_FSI_FSKNL,Cyprus,210.716049660733
2017,FI_FSI_FSKNL,Cyprus,184.355376597972
2018,FI_FSI_FSKNL,Cyprus,100.714753515451
2019,FI_FSI_FSKNL,Cyprus,76.651750400127
2020,FI_FSI_FSKNL,Cyprus,50.1244065674576
2021,FI_FSI_FSKNL,Cyprus,31.1483875058844
2007,FI_FSI_FSKNL,Czechia,10.074100208342
2008,FI_FSI_FSKNL,Czechia,13.7755596750911
2009,FI_FSI_FSKNL,Czechia,21.1335855945134
2010,FI_FSI_FSKNL,Czechia,25.6715438148887
2011,FI_FSI_FSKNL,Czechia,24.556895981574
2012,FI_FSI_FSKNL,Czechia,23.8657149531569
2013,FI_FSI_FSKNL,Czechia,21.6086620854716
2014,FI_FSI_FSKNL,Czechia,24.0681615839959
2015,FI_FSI_FSKNL,Czechia,23.1400130730837
2016,FI_FSI_FSKNL,Czechia,18.2243641583785
2017,FI_FSI_FSKNL,Czechia,14.7712485782873
2018,FI_FSI_FSKNL,Czechia,12.0069862667324
2019,FI_FSI_FSKNL,Czechia,9.41586247116764
2020,FI_FSI_FSKNL,Czechia,10.1511827385751
2021,FI_FSI_FSKNL,Czechia,9.11820510139041
2010,FI_FSI_FSKNL,Denmark,18.9664379903874
2011,FI_FSI_FSKNL,Denmark,20.3779357045346
2012,FI_FSI_FSKNL,Denmark,26.5004732519045
2013,FI_FSI_FSKNL,Denmark,28.9324811448139
2014,FI_FSI_FSKNL,Denmark,30.8993073531006
2015,FI_FSI_FSKNL,Denmark,25.4918446367839
2016,FI_FSI_FSKNL,Denmark,20.822031697647
2017,FI_FSI_FSKNL,Denmark,13.8183473844291
2018,FI_FSI_FSKNL,Denmark,20.0393495973877
2019,FI_FSI_FSKNL,Denmark,15.2601433083458
2020,FI_FSI_FSKNL,Denmark,14.0647898862821
2021,FI_FSI_FSKNL,Denmark,12.2417455676467
2008,FI_FSI_FSKNL,Estonia,15.4790933826451
2009,FI_FSI_FSKNL,Estonia,34.4457456768543
2010,FI_FSI_FSKNL,Estonia,34.7732104107648
2011,FI_FSI_FSKNL,Estonia,38.1197516554301
2012,FI_FSI_FSKNL,Estonia,22.3238182377656
2013,FI_FSI_FSKNL,Estonia,12.2227759814374
2014,FI_FSI_FSKNL,Estonia,9.21707884126863
2015,FI_FSI_FSKNL,Estonia,7.45605198218924
2016,FI_FSI_FSKNL,Estonia,4.8114686091224
2017,FI_FSI_FSKNL,Estonia,7.8363300985298
2018,FI_FSI_FSKNL,Estonia,4.95678662074639
2019,FI_FSI_FSKNL,Estonia,5.81131661179608
2020,FI_FSI_FSKNL,Estonia,4.09455804587212
2021,FI_FSI_FSKNL,Estonia,2.1595155423162
2014,FI_FSI_FSKNL,Finland,4.63146263984163
2015,FI_FSI_FSKNL,Finland,4.72865275142315
2016,FI_FSI_FSKNL,Finland,6.69988298795908
2017,FI_FSI_FSKNL,Finland,5.70832310336361
2018,FI_FSI_FSKNL,Finland,8.79960707654585
2019,FI_FSI_FSKNL,Finland,10.7055822786282
2020,FI_FSI_FSKNL,Finland,9.67393081571354
2021,FI_FSI_FSKNL,Finland,9.23906907478625
2008,FI_FSI_FSKNL,France,10.4797674958377
2009,FI_FSI_FSKNL,France,17.8125308674807
2010,FI_FSI_FSKNL,France,18.4179607247211
2011,FI_FSI_FSKNL,France,22.6050625511914
2012,FI_FSI_FSKNL,France,22.1127631726336
2013,FI_FSI_FSKNL,France,22.1370253480623
2014,FI_FSI_FSKNL,France,19.2254187723138
2015,FI_FSI_FSKNL,France,17.9532996332079
2016,FI_FSI_FSKNL,France,16.2223120921397
2017,FI_FSI_FSKNL,France,14.9665209810423
2018,FI_FSI_FSKNL,France,13.5643641395994
2019,FI_FSI_FSKNL,France,12.1598993517901
2020,FI_FSI_FSKNL,France,11.8614233865474
2021,FI_FSI_FSKNL,France,10.3112918576627
2004,FI_FSI_FSKNL,Georgia,1.13021588501593
2005,FI_FSI_FSKNL,Georgia,0.96772838114978
2006,FI_FSI_FSKNL,Georgia,0.564814636386988
2007,FI_FSI_FSKNL,Georgia,1.05369502741287
2008,FI_FSI_FSKNL,Georgia,5.54013115752826
2009,FI_FSI_FSKNL,Georgia,5.89359017179994
2010,FI_FSI_FSKNL,Georgia,6.98161800966068
2011,FI_FSI_FSKNL,Georgia,4.38199152680511
2012,FI_FSI_FSKNL,Georgia,5.25910556660466
2013,FI_FSI_FSKNL,Georgia,4.50022137664445
2014,FI_FSI_FSKNL,Georgia,4.7740435443138
2015,FI_FSI_FSKNL,Georgia,4.55188176635741
2016,FI_FSI_FSKNL,Georgia,6.56952391850972
2017,FI_FSI_FSKNL,Georgia,5.16934462425619
2018,FI_FSI_FSKNL,Georgia,5.17343553365292
2019,FI_FSI_FSKNL,Georgia,3.81169368072707
2020,FI_FSI_FSKNL,Georgia,5.16473857478463
2021,FI_FSI_FSKNL,Georgia,3.85037587221324
2022,FI_FSI_FSKNL,Georgia,3.41539173307292
2005,FI_FSI_FSKNL,Germany,34.97
2006,FI_FSI_FSKNL,Germany,28.66
2007,FI_FSI_FSKNL,Germany,21.58
2008,FI_FSI_FSKNL,Germany,25.33
2009,FI_FSI_FSKNL,Germany,36.85
2010,FI_FSI_FSKNL,Germany,34.22
2011,FI_FSI_FSKNL,Germany,31.63
2012,FI_FSI_FSKNL,Germany,27.41
2013,FI_FSI_FSKNL,Germany,24.98
2014,FI_FSI_FSKNL,Germany,21.28
2015,FI_FSI_FSKNL,Germany,17.36
2016,FI_FSI_FSKNL,Germany,14.68
2017,FI_FSI_FSKNL,Germany,11.89
2018,FI_FSI_FSKNL,Germany,9.06
2019,FI_FSI_FSKNL,Germany,6.78
2008,FI_FSI_FSKNL,Greece,8.9655157464202
2009,FI_FSI_FSKNL,Greece,20.3972296040637
2010,FI_FSI_FSKNL,Greece,24.3366340171845
2011,FI_FSI_FSKNL,Greece,-303.78577724012
2012,FI_FSI_FSKNL,Greece,93.1222961445541
2013,FI_FSI_FSKNL,Greece,147.439689474096
2014,FI_FSI_FSKNL,Greece,130.972215872625
2015,FI_FSI_FSKNL,Greece,119.902079949702
2016,FI_FSI_FSKNL,Greece,118.160087325041
2017,FI_FSI_FSKNL,Greece,172.385140762464
2018,FI_FSI_FSKNL,Greece,157.596801408566
2019,FI_FSI_FSKNL,Greece,129.226216704093
2020,FI_FSI_FSKNL,Greece,105.43752332861
2021,FI_FSI_FSKNL,Greece,44.9278138030645
2008,FI_FSI_FSKNL,Hungary,13.6466479324022
2009,FI_FSI_FSKNL,Hungary,36.3598675047907
2010,FI_FSI_FSKNL,Hungary,40.0569517054052
2011,FI_FSI_FSKNL,Hungary,47.6391773457173
2012,FI_FSI_FSKNL,Hungary,43.1262645885183
2013,FI_FSI_FSKNL,Hungary,40.702445692705
2014,FI_FSI_FSKNL,Hungary,32.813041061307
2015,FI_FSI_FSKNL,Hungary,17.5746152376113
2016,FI_FSI_FSKNL,Hungary,9.52961182269418
2017,FI_FSI_FSKNL,Hungary,5.11716759624857
2018,FI_FSI_FSKNL,Hungary,3.26816357072949
2019,FI_FSI_FSKNL,Hungary,2.04634025280296
2020,FI_FSI_FSKNL,Hungary,10.0560215450042
2021,FI_FSI_FSKNL,Hungary,12.0163940233639
2015,FI_FSI_FSKNL,Iceland,9.06818267901117
2016,FI_FSI_FSKNL,Iceland,6.75047704527239
2017,FI_FSI_FSKNL,Iceland,5.77261672288429
2018,FI_FSI_FSKNL,Iceland,6.61137605948629
2019,FI_FSI_FSKNL,Iceland,7.97932161780354
2020,FI_FSI_FSKNL,Iceland,5.56401003679985
2021,FI_FSI_FSKNL,Iceland,5.01685136330613
2022,FI_FSI_FSKNL,Iceland,3.6273901908443
2008,FI_FSI_FSKNL,India,8.35980448819675
2011,FI_FSI_FSKNL,India,12.4814783224077
2012,FI_FSI_FSKNL,India,12.1171306453141
2013,FI_FSI_FSKNL,India,16.704978457065
2014,FI_FSI_FSKNL,India,17.3219288320413
2015,FI_FSI_FSKNL,India,24.0061605632919
2016,FI_FSI_FSKNL,India,38.7104104135982
2017,FI_FSI_FSKNL,India,41.6185718816884
2018,FI_FSI_FSKNL,India,26.9176230408295
2019,FI_FSI_FSKNL,India,38.7358393496124
2020,FI_FSI_FSKNL,India,23.2430753278583
2021,FI_FSI_FSKNL,India,13.6908437472296
2005,FI_FSI_FSKNL,Ireland,3.13846472027852
2006,FI_FSI_FSKNL,Ireland,4.09468018674358
2007,FI_FSI_FSKNL,Ireland,4.87149827822318
2008,FI_FSI_FSKNL,Ireland,15.7703668041586
2009,FI_FSI_FSKNL,Ireland,68.2438861316121
2010,FI_FSI_FSKNL,Ireland,85.6989216473557
2011,FI_FSI_FSKNL,Ireland,80.6055501976392
2012,FI_FSI_FSKNL,Ireland,91.1607758491471
2013,FI_FSI_FSKNL,Ireland,84.7291358660109
2014,FI_FSI_FSKNL,Ireland,82.8613406795225
2015,FI_FSI_FSKNL,Ireland,61.0754691800706
2016,FI_FSI_FSKNL,Ireland,38.6532569678677
2017,FI_FSI_FSKNL,Ireland,38.0214416635086
2018,FI_FSI_FSKNL,Ireland,18.7311267589272
2019,FI_FSI_FSKNL,Ireland,12.0973014740846
2020,FI_FSI_FSKNL,Ireland,9.96859299318635
2021,FI_FSI_FSKNL,Ireland,7.28793579687591
2012,FI_FSI_FSKNL,Israel,21.5575981206329
2013,FI_FSI_FSKNL,Israel,18.2850802444139
2014,FI_FSI_FSKNL,Israel,13.5008012712334
2015,FI_FSI_FSKNL,Israel,10.4794636808207
2016,FI_FSI_FSKNL,Israel,9.07019240052576
2017,FI_FSI_FSKNL,Israel,7.64402986552591
2018,FI_FSI_FSKNL,Israel,7.28419598448024
2019,FI_FSI_FSKNL,Israel,7.7670087629176
2020,FI_FSI_FSKNL,Israel,8.08363971407237
2021,FI_FSI_FSKNL,Israel,6.53930880428041
2005,FI_FSI_FSKNL,Italy,36.9297090267557
2006,FI_FSI_FSKNL,Italy,30.6977179991974
2007,FI_FSI_FSKNL,Italy,23.4681563748163
2008,FI_FSI_FSKNL,Italy,37.0885380106838
2009,FI_FSI_FSKNL,Italy,54.8418995260723
2010,FI_FSI_FSKNL,Italy,60.1726606163307
2011,FI_FSI_FSKNL,Italy,64.5736670381317
2012,FI_FSI_FSKNL,Italy,79.6722997715993
2013,FI_FSI_FSKNL,Italy,89.8741520479698
2014,FI_FSI_FSKNL,Italy,93.40646061218
2015,FI_FSI_FSKNL,Italy,89.0096787068449
2016,FI_FSI_FSKNL,Italy,85.1504845736641
2017,FI_FSI_FSKNL,Italy,57.9980899495904
2018,FI_FSI_FSKNL,Italy,40.1487607604484
2019,FI_FSI_FSKNL,Italy,29.6292128762783
2020,FI_FSI_FSKNL,Italy,20.2265628681968
2021,FI_FSI_FSKNL,Italy,16.4572330214109
2008,FI_FSI_FSKNL,Kazakhstan,6.81015380138
2009,FI_FSI_FSKNL,Kazakhstan,55.9738385600332
2010,FI_FSI_FSKNL,Kazakhstan,37.6246099530603
2011,FI_FSI_FSKNL,Kazakhstan,50.8734962852297
2012,FI_FSI_FSKNL,Kazakhstan,43.1835848808112
2013,FI_FSI_FSKNL,Kazakhstan,34.4248334878035
2014,FI_FSI_FSKNL,Kazakhstan,27.8337959624996
2015,FI_FSI_FSKNL,Kazakhstan,13.6678810178224
2016,FI_FSI_FSKNL,Kazakhstan,8.9918393696821
2017,FI_FSI_FSKNL,Kazakhstan,3.63215691030527
2018,FI_FSI_FSKNL,Kazakhstan,6.54234847833201
2019,FI_FSI_FSKNL,Kazakhstan,5.2867335342004
2020,FI_FSI_FSKNL,Kazakhstan,5.0047887813961
2008,FI_FSI_FSKNL,Republic of Korea,2.42480446774996
2009,FI_FSI_FSKNL,Republic of Korea,2.46086992385985
2010,FI_FSI_FSKNL,Republic of Korea,2.89751409416921
2011,FI_FSI_FSKNL,Republic of Korea,2.50654388344003
2012,FI_FSI_FSKNL,Republic of Korea,2.84392844616344
2013,FI_FSI_FSKNL,Republic of Korea,3.23352679431797
2014,FI_FSI_FSKNL,Republic of Korea,2.52527626447159
2015,FI_FSI_FSKNL,Republic of Korea,1.965418202558
2016,FI_FSI_FSKNL,Republic of Korea,1.89799109917565
2017,FI_FSI_FSKNL,Republic of Korea,1.50994835408493
2018,FI_FSI_FSKNL,Republic of Korea,1.17064893897361
2019,FI_FSI_FSKNL,Republic of Korea,1.10965728951739
2020,FI_FSI_FSKNL,Republic of Korea,1.130502751247
2021,FI_FSI_FSKNL,Republic of Korea,1.21636352365256
2010,FI_FSI_FSKNL,Kyrgyzstan,11.5937558126989
2011,FI_FSI_FSKNL,Kyrgyzstan,9.03557899691668
2012,FI_FSI_FSKNL,Kyrgyzstan,6.31822292850471
2013,FI_FSI_FSKNL,Kyrgyzstan,6.5661181617465
2014,FI_FSI_FSKNL,Kyrgyzstan,6.58697537165413
2015,FI_FSI_FSKNL,Kyrgyzstan,11.2758765589573
2016,FI_FSI_FSKNL,Kyrgyzstan,11.9862772968929
2017,FI_FSI_FSKNL,Kyrgyzstan,10.0700450461732
2018,FI_FSI_FSKNL,Kyrgyzstan,11.9378613607183
2019,FI_FSI_FSKNL,Kyrgyzstan,11.6287936237174
2020,FI_FSI_FSKNL,Kyrgyzstan,14.9861752890377
2021,FI_FSI_FSKNL,Kyrgyzstan,14.4003320716923
2022,FI_FSI_FSKNL,Kyrgyzstan,10.5456483491117
2008,FI_FSI_FSKNL,Latvia,9.26987062913549
2009,FI_FSI_FSKNL,Latvia,77.2568017398558
2010,FI_FSI_FSKNL,Latvia,85.248433611255
2011,FI_FSI_FSKNL,Latvia,40.6942439269348
2012,FI_FSI_FSKNL,Latvia,19.2355318554741
2013,FI_FSI_FSKNL,Latvia,11.5875473085266
2014,FI_FSI_FSKNL,Latvia,7.42030078478771
2015,FI_FSI_FSKNL,Latvia,5.75426486106226
2016,FI_FSI_FSKNL,Latvia,27.257203629114
2017,FI_FSI_FSKNL,Latvia,23.2186332539116
2018,FI_FSI_FSKNL,Latvia,23.2318202839465
2019,FI_FSI_FSKNL,Latvia,26.7803045852937
2020,FI_FSI_FSKNL,Latvia,15.6894150693783
2021,FI_FSI_FSKNL,Latvia,12.4600497431158
2008,FI_FSI_FSKNL,Lithuania,44.0454509250746
2009,FI_FSI_FSKNL,Lithuania,128.719708262257
2010,FI_FSI_FSKNL,Lithuania,99.3867752216278
2011,FI_FSI_FSKNL,Lithuania,80.9377617495522
2012,FI_FSI_FSKNL,Lithuania,62.5340300078514
2013,FI_FSI_FSKNL,Lithuania,49.7907491462429
2014,FI_FSI_FSKNL,Lithuania,34.4852654618699
2015,FI_FSI_FSKNL,Lithuania,25.3913141730446
2016,FI_FSI_FSKNL,Lithuania,24.7416598190529
2017,FI_FSI_FSKNL,Lithuania,22.9492669587701
2018,FI_FSI_FSKNL,Lithuania,17.9459051266696
2019,FI_FSI_FSKNL,Lithuania,5.40993317875906
2020,FI_FSI_FSKNL,Lithuania,5.29010835913998
2021,FI_FSI_FSKNL,Lithuania,1.43832331251542
2009,FI_FSI_FSKNL,Luxembourg,2.86316724003995
2010,FI_FSI_FSKNL,Luxembourg,2.54691053828658
2011,FI_FSI_FSKNL,Luxembourg,5.08296681327469
2012,FI_FSI_FSKNL,Luxembourg,1.16221932616916
2013,FI_FSI_FSKNL,Luxembourg,2.05883541439366
2016,FI_FSI_FSKNL,Luxembourg,5.34845432086708
2017,FI_FSI_FSKNL,Luxembourg,4.46597372856515
2018,FI_FSI_FSKNL,Luxembourg,6.43394386262804
2019,FI_FSI_FSKNL,Luxembourg,5.35619665049962
2020,FI_FSI_FSKNL,Luxembourg,6.18554235064277
2021,FI_FSI_FSKNL,Luxembourg,4.9457727164527
2005,FI_FSI_FSKNL,Malta,32.6676746177377
2006,FI_FSI_FSKNL,Malta,26.9492689643831
2007,FI_FSI_FSKNL,Malta,25.0353658686616
2008,FI_FSI_FSKNL,Malta,27.1065387278663
2009,FI_FSI_FSKNL,Malta,28.6877045427569
2010,FI_FSI_FSKNL,Malta,37.8066637552342
2011,FI_FSI_FSKNL,Malta,36.7566174635003
2012,FI_FSI_FSKNL,Malta,37.4360953726495
2013,FI_FSI_FSKNL,Malta,39.0115287536667
2014,FI_FSI_FSKNL,Malta,41.588804337356
2015,FI_FSI_FSKNL,Malta,39.6912091225569
2016,FI_FSI_FSKNL,Malta,27.9720106200839
2017,FI_FSI_FSKNL,Malta,20.7460005133031
2018,FI_FSI_FSKNL,Malta,16.6305728805729
2019,FI_FSI_FSKNL,Malta,15.2342652821928
2020,FI_FSI_FSKNL,Malta,19.2974427188702
2021,FI_FSI_FSKNL,Malta,20.044663355178
2005,FI_FSI_FSKNL,Mexico,-11.9871082750519
2006,FI_FSI_FSKNL,Mexico,-8.90368136418641
2007,FI_FSI_FSKNL,Mexico,-6.99756554290362
2008,FI_FSI_FSKNL,Mexico,-7.86389395818317
2009,FI_FSI_FSKNL,Mexico,-8.38798845686218
2010,FI_FSI_FSKNL,Mexico,-8.76809780200483
2011,FI_FSI_FSKNL,Mexico,-9.2585491414074
2012,FI_FSI_FSKNL,Mexico,-9.16094675944825
2013,FI_FSI_FSKNL,Mexico,-7.19479097679742
2014,FI_FSI_FSKNL,Mexico,-4.67165481071395
2015,FI_FSI_FSKNL,Mexico,-5.29790356847485
2016,FI_FSI_FSKNL,Mexico,-6.48739869548604
2017,FI_FSI_FSKNL,Mexico,-6.22008082596433
2018,FI_FSI_FSKNL,Mexico,-5.85551243415675
2019,FI_FSI_FSKNL,Mexico,-5.15395040226278
2020,FI_FSI_FSKNL,Mexico,-6.83528572312871
2021,FI_FSI_FSKNL,Mexico,-5.31245433107064
2022,FI_FSI_FSKNL,Mexico,-5.66417463374219
2009,FI_FSI_FSKNL,Republic of Moldova,32.1566028163361
2010,FI_FSI_FSKNL,Republic of Moldova,28.6983285426992
2011,FI_FSI_FSKNL,Republic of Moldova,25.8056819142804
2012,FI_FSI_FSKNL,Republic of Moldova,32.018033896671
2013,FI_FSI_FSKNL,Republic of Moldova,23.2488227554873
2014,FI_FSI_FSKNL,Republic of Moldova,17.7741145588922
2015,FI_FSI_FSKNL,Republic of Moldova,17.6863497427104
2016,FI_FSI_FSKNL,Republic of Moldova,20.0046352569745
2017,FI_FSI_FSKNL,Republic of Moldova,18.7979149730559
2018,FI_FSI_FSKNL,Republic of Moldova,13.4037350075472
2019,FI_FSI_FSKNL,Republic of Moldova,10.4739380675073
2020,FI_FSI_FSKNL,Republic of Moldova,8.58392798472802
2021,FI_FSI_FSKNL,Republic of Moldova,8.55456451708477
2006,FI_FSI_FSKNL,Montenegro,14.6701882950084
2007,FI_FSI_FSKNL,Montenegro,22.3239709964781
2008,FI_FSI_FSKNL,Montenegro,49.0042934102411
2009,FI_FSI_FSKNL,Montenegro,59.2121600131206
2010,FI_FSI_FSKNL,Montenegro,98.5557218470524
2011,FI_FSI_FSKNL,Montenegro,66.2897705593456
2012,FI_FSI_FSKNL,Montenegro,72.5386984401542
2013,FI_FSI_FSKNL,Montenegro,91.7738902543753
2014,FI_FSI_FSKNL,Montenegro,68.8464786675387
2015,FI_FSI_FSKNL,Montenegro,52.5030093403831
2016,FI_FSI_FSKNL,Montenegro,38.2909172535705
2017,FI_FSI_FSKNL,Montenegro,28.8818498574596
2018,FI_FSI_FSKNL,Montenegro,21.0437997093016
2019,FI_FSI_FSKNL,Montenegro,14.9392562590272
2020,FI_FSI_FSKNL,Montenegro,21.2138260047707
2021,FI_FSI_FSKNL,Montenegro,22.6306345907171
2019,FI_FSI_FSKNL,Netherlands (Kingdom of the),28.64065101953
2020,FI_FSI_FSKNL,Netherlands (Kingdom of the),33.2039013709718
2021,FI_FSI_FSKNL,Netherlands (Kingdom of the),25.7236324635661
2008,FI_FSI_FSKNL,Norway,4.35689479925462
2009,FI_FSI_FSKNL,Norway,9.62207218766315
2010,FI_FSI_FSKNL,Norway,10.627006943049
2011,FI_FSI_FSKNL,Norway,12.1722148110273
2012,FI_FSI_FSKNL,Norway,9.86858516657327
2013,FI_FSI_FSKNL,Norway,8.0061025852302
2014,FI_FSI_FSKNL,Norway,6.65854953374573
2015,FI_FSI_FSKNL,Norway,5.41538976147493
2016,FI_FSI_FSKNL,Norway,4.9035772540762
2017,FI_FSI_FSKNL,Norway,2.54025210206774
2018,FI_FSI_FSKNL,Norway,0.13916574042604
2019,FI_FSI_FSKNL,Norway,0.745317711451296
2020,FI_FSI_FSKNL,Norway,0.298485833496028
2021,FI_FSI_FSKNL,Norway,0.290168105336787
2008,FI_FSI_FSKNL,Poland,8.3473887698518
2009,FI_FSI_FSKNL,Poland,13.7990652740724
2010,FI_FSI_FSKNL,Poland,11.4919770538486
2011,FI_FSI_FSKNL,Poland,11.6431648743388
2012,FI_FSI_FSKNL,Poland,12.9037286503642
2013,FI_FSI_FSKNL,Poland,12.0986211737057
2014,FI_FSI_FSKNL,Poland,12.0704182471322
2015,FI_FSI_FSKNL,Poland,10.173319484138
2016,FI_FSI_FSKNL,Poland,9.16995167129254
2017,FI_FSI_FSKNL,Poland,8.0669173659435
2018,FI_FSI_FSKNL,Poland,9.60343765065101
2019,FI_FSI_FSKNL,Poland,9.17471182039197
2020,FI_FSI_FSKNL,Poland,7.59421797223686
2021,FI_FSI_FSKNL,Poland,6.43570964687806
2007,FI_FSI_FSKNL,Portugal,4.38665625961112
2008,FI_FSI_FSKNL,Portugal,7.07642001060115
2009,FI_FSI_FSKNL,Portugal,17.7737561494188
2010,FI_FSI_FSKNL,Portugal,21.7429275286788
2011,FI_FSI_FSKNL,Portugal,36.4151680063927
2012,FI_FSI_FSKNL,Portugal,38.5985815288439
2013,FI_FSI_FSKNL,Portugal,40.1431421916673
2014,FI_FSI_FSKNL,Portugal,40.1685288108875
2015,FI_FSI_FSKNL,Portugal,94.9443411624713
2016,FI_FSI_FSKNL,Portugal,95.898113073943
2017,FI_FSI_FSKNL,Portugal,61.1214723189371
2018,FI_FSI_FSKNL,Portugal,42.1962872645428
2019,FI_FSI_FSKNL,Portugal,25.4453163633153
2020,FI_FSI_FSKNL,Portugal,19.4392857115684
2021,FI_FSI_FSKNL,Portugal,17.6449665260546
2015,FI_FSI_FSKNL,Romania,43.493715310186
2016,FI_FSI_FSKNL,Romania,29.5122147029093
2017,FI_FSI_FSKNL,Romania,19.1924347638479
2018,FI_FSI_FSKNL,Romania,13.5014874726596
2019,FI_FSI_FSKNL,Romania,9.71555467031738
2020,FI_FSI_FSKNL,Romania,8.4047040820014
2021,FI_FSI_FSKNL,Romania,7.78300485852679
2008,FI_FSI_FSKNL,Slovakia,8.4876985180425
2009,FI_FSI_FSKNL,Slovakia,17.33252440973
2010,FI_FSI_FSKNL,Slovakia,20.4091262459212
2011,FI_FSI_FSKNL,Slovakia,20.7443549852236
2012,FI_FSI_FSKNL,Slovakia,18.1355466251463
2013,FI_FSI_FSKNL,Slovakia,19.4270556325867
2014,FI_FSI_FSKNL,Slovakia,22.1687605629885
2015,FI_FSI_FSKNL,Slovakia,18.6356372845969
2016,FI_FSI_FSKNL,Slovakia,16.000052944986
2017,FI_FSI_FSKNL,Slovakia,11.7468451803435
2018,FI_FSI_FSKNL,Slovakia,8.99277126620889
2019,FI_FSI_FSKNL,Slovakia,9.53770005663367
2020,FI_FSI_FSKNL,Slovakia,8.33387653374233
2021,FI_FSI_FSKNL,Slovakia,6.71515192539262
2008,FI_FSI_FSKNL,Viet Nam,8.28372947550982
2009,FI_FSI_FSKNL,Viet Nam,7.58177841862858
2010,FI_FSI_FSKNL,Viet Nam,8.86639105088897
2011,FI_FSI_FSKNL,Viet Nam,11.5009498100423
2012,FI_FSI_FSKNL,Viet Nam,19.9780425151456
2013,FI_FSI_FSKNL,Viet Nam,14.8997131804404
2014,FI_FSI_FSKNL,Viet Nam,16.2208484488482
2015,FI_FSI_FSKNL,Viet Nam,11.417480277416
2016,FI_FSI_FSKNL,Viet Nam,11.7282763308472
2017,FI_FSI_FSKNL,Viet Nam,10.9366770006656
2018,FI_FSI_FSKNL,Viet Nam,9.27963783401037
2019,FI_FSI_FSKNL,Viet Nam,7.53726918555691
2020,FI_FSI_FSKNL,Viet Nam,8.03001143424829
2021,FI_FSI_FSKNL,Viet Nam,4.2847662365465
2008,FI_FSI_FSKNL,Slovenia,27.1025540813325
2009,FI_FSI_FSKNL,Slovenia,33.1216878432584
2010,FI_FSI_FSKNL,Slovenia,44.8589516699897
2011,FI_FSI_FSKNL,Slovenia,62.3067612447467
2012,FI_FSI_FSKNL,Slovenia,85.0739741804863
2013,FI_FSI_FSKNL,Slovenia,52.5799683775777
2014,FI_FSI_FSKNL,Slovenia,35.7446366345415
2015,FI_FSI_FSKNL,Slovenia,24.118109798897
2016,FI_FSI_FSKNL,Slovenia,10.1590774512423
2017,FI_FSI_FSKNL,Slovenia,5.91237712722742
2018,FI_FSI_FSKNL,Slovenia,12.5661226948307
2019,FI_FSI_FSKNL,Slovenia,5.24805460521559
2020,FI_FSI_FSKNL,Slovenia,4.05813762079397
2021,FI_FSI_FSKNL,Slovenia,1.83797124631765
2022,FI_FSI_FSKNL,Slovenia,1.06889823454838
2012,FI_FSI_FSKNL,Spain,29.1419512490246
2013,FI_FSI_FSKNL,Spain,45.0103555745135
2014,FI_FSI_FSKNL,Spain,35.837103651955
2015,FI_FSI_FSKNL,Spain,24.6368679562361
2016,FI_FSI_FSKNL,Spain,23.5899527710131
2017,FI_FSI_FSKNL,Spain,19.4350969730152
2018,FI_FSI_FSKNL,Spain,14.6744211257513
2019,FI_FSI_FSKNL,Spain,11.8939986559243
2020,FI_FSI_FSKNL,Spain,7.97008064818751
2021,FI_FSI_FSKNL,Spain,12.4052598108742
2006,FI_FSI_FSKNL,Sweden,1.47567845533444
2007,FI_FSI_FSKNL,Sweden,1.20989523653626
2008,FI_FSI_FSKNL,Sweden,6.48731053061054
2009,FI_FSI_FSKNL,Sweden,10.9601008570723
2010,FI_FSI_FSKNL,Sweden,10.5674524535917
2011,FI_FSI_FSKNL,Sweden,9.86840267065744
2012,FI_FSI_FSKNL,Sweden,10.0089188171716
2013,FI_FSI_FSKNL,Sweden,8.75988071584069
2014,FI_FSI_FSKNL,Sweden,7.43336102558084
2015,FI_FSI_FSKNL,Sweden,6.99712111343759
2016,FI_FSI_FSKNL,Sweden,7.49648505133568
2017,FI_FSI_FSKNL,Sweden,8.9319908453774
2018,FI_FSI_FSKNL,Sweden,3.48270238031789
2019,FI_FSI_FSKNL,Sweden,4.02921526090167
2020,FI_FSI_FSKNL,Sweden,2.62610173874472
2021,FI_FSI_FSKNL,Sweden,1.42545612360705
2005,FI_FSI_FSKNL,Switzerland,9.24256678246136
2006,FI_FSI_FSKNL,Switzerland,7.61426643461666
2007,FI_FSI_FSKNL,Switzerland,6.46429371646614
2008,FI_FSI_FSKNL,Switzerland,8.71720263985756
2009,FI_FSI_FSKNL,Switzerland,9.620897681715
2010,FI_FSI_FSKNL,Switzerland,5.96114760552612
2011,FI_FSI_FSKNL,Switzerland,5.42822323347499
2012,FI_FSI_FSKNL,Switzerland,5.02502604569398
2013,FI_FSI_FSKNL,Switzerland,4.47453981994091
2014,FI_FSI_FSKNL,Switzerland,3.71256688243568
2015,FI_FSI_FSKNL,Switzerland,3.78156264611882
2016,FI_FSI_FSKNL,Switzerland,3.91477623087665
2017,FI_FSI_FSKNL,Switzerland,3.00666644595579
2018,FI_FSI_FSKNL,Switzerland,3.19479758639963
2019,FI_FSI_FSKNL,Switzerland,2.97007265026358
2020,FI_FSI_FSKNL,Switzerland,3.37866155098109
2021,FI_FSI_FSKNL,Switzerland,2.9413514818999
2008,FI_FSI_FSKNL,Tajikistan,6.0716016406998
2009,FI_FSI_FSKNL,Tajikistan,8.30268317010383
2010,FI_FSI_FSKNL,Tajikistan,5.26018875873881
2011,FI_FSI_FSKNL,Tajikistan,3.80238667049221
2012,FI_FSI_FSKNL,Tajikistan,5.82388453339891
2013,FI_FSI_FSKNL,Tajikistan,2.36973774951319
2014,FI_FSI_FSKNL,Tajikistan,-150.926898495954
2015,FI_FSI_FSKNL,Tajikistan,66.7228861569669
2016,FI_FSI_FSKNL,Tajikistan,105.481096641505
2017,FI_FSI_FSKNL,Tajikistan,36.5665761564481
2018,FI_FSI_FSKNL,Tajikistan,23.1020576805332
2019,FI_FSI_FSKNL,Tajikistan,19.0153264297229
2020,FI_FSI_FSKNL,Tajikistan,16.1599510298575
2021,FI_FSI_FSKNL,Tajikistan,3.24585492300582
2009,FI_FSI_FSKNL,United Arab Emirates,7.62488061764097
2010,FI_FSI_FSKNL,United Arab Emirates,9.16285381605219
2011,FI_FSI_FSKNL,United Arab Emirates,9.50482967122564
2012,FI_FSI_FSKNL,United Arab Emirates,12.0279514224879
2013,FI_FSI_FSKNL,United Arab Emirates,9.55151306655666
2014,FI_FSI_FSKNL,United Arab Emirates,7.22852911249262
2015,FI_FSI_FSKNL,United Arab Emirates,5.16915144869578
2016,FI_FSI_FSKNL,United Arab Emirates,5.14644761104931
2017,FI_FSI_FSKNL,United Arab Emirates,6.06114275895796
2018,FI_FSI_FSKNL,United Arab Emirates,7.21217105263158
2019,FI_FSI_FSKNL,United Arab Emirates,10.188016473639
2020,FI_FSI_FSKNL,United Arab Emirates,14.0208928324521
2021,FI_FSI_FSKNL,United Arab Emirates,12.8144048536026
2022,FI_FSI_FSKNL,United Arab Emirates,11.3189314792051
2005,FI_FSI_FSKNL,Türkiye,1.80952553513378
2006,FI_FSI_FSKNL,Türkiye,1.46626561471152
2007,FI_FSI_FSKNL,Türkiye,1.76788705624841
2008,FI_FSI_FSKNL,Türkiye,3.06178449816332
2009,FI_FSI_FSKNL,Türkiye,3.11061697177097
2010,FI_FSI_FSKNL,Türkiye,2.35536962112334
2011,FI_FSI_FSKNL,Türkiye,2.47700282816095
2012,FI_FSI_FSKNL,Türkiye,2.95901390619468
2013,FI_FSI_FSKNL,Türkiye,3.14600884599435
2014,FI_FSI_FSKNL,Türkiye,3.51409625680956
2015,FI_FSI_FSKNL,Türkiye,3.94463686064752
2016,FI_FSI_FSKNL,Türkiye,3.78206760054683
2017,FI_FSI_FSKNL,Türkiye,3.16364892717927
2018,FI_FSI_FSKNL,Türkiye,5.9293404757079
2019,FI_FSI_FSKNL,Türkiye,8.30342660392095
2020,FI_FSI_FSKNL,Türkiye,4.96728639440686
2021,FI_FSI_FSKNL,Türkiye,3.32984277387658
2005,FI_FSI_FSKNL,Ukraine,314.152674343344
2006,FI_FSI_FSKNL,Ukraine,362.506883637963
2007,FI_FSI_FSKNL,Ukraine,300.934868614967
2008,FI_FSI_FSKNL,Ukraine,8.84812920913724
2009,FI_FSI_FSKNL,Ukraine,27.1078075137702
2010,FI_FSI_FSKNL,Ukraine,24.9684228401275
2011,FI_FSI_FSKNL,Ukraine,22.4402224750871
2012,FI_FSI_FSKNL,Ukraine,36.5687852555659
2013,FI_FSI_FSKNL,Ukraine,29.2386987348419
2014,FI_FSI_FSKNL,Ukraine,48.4118749298832
2015,FI_FSI_FSKNL,Ukraine,105.961576731493
2016,FI_FSI_FSKNL,Ukraine,107.671695076224
2017,FI_FSI_FSKNL,Ukraine,96.8484179022958
2018,FI_FSI_FSKNL,Ukraine,69.8850969462739
2019,FI_FSI_FSKNL,Ukraine,33.7811930464596
2020,FI_FSI_FSKNL,Ukraine,25.343461932165
2021,FI_FSI_FSKNL,Ukraine,13.7608480117623
2005,FI_FSI_FSKNL,North Macedonia,2.87785059971209
2006,FI_FSI_FSKNL,North Macedonia,0.728476217973472
2007,FI_FSI_FSKNL,North Macedonia,-4.96946687038921
2008,FI_FSI_FSKNL,North Macedonia,-6.17593756330839
2009,FI_FSI_FSKNL,North Macedonia,-0.606996965430969
2010,FI_FSI_FSKNL,North Macedonia,-0.313597241477653
2011,FI_FSI_FSKNL,North Macedonia,-1.91824160619534
2012,FI_FSI_FSKNL,North Macedonia,-3.67606513681795
2013,FI_FSI_FSKNL,North Macedonia,-1.82740681778474
2014,FI_FSI_FSKNL,North Macedonia,-2.95188480269348
2015,FI_FSI_FSKNL,North Macedonia,-5.25810593439497
2016,FI_FSI_FSKNL,North Macedonia,-5.51586884979085
2017,FI_FSI_FSKNL,North Macedonia,-3.69774148588325
2018,FI_FSI_FSKNL,North Macedonia,-5.19565064696538
2019,FI_FSI_FSKNL,North Macedonia,-2.35119280432661
2020,FI_FSI_FSKNL,North Macedonia,-6.92994077856185
2021,FI_FSI_FSKNL,North Macedonia,-5.42857521099009
2008,FI_FSI_FSKNL,United Kingdom of Great Britain and Northern Ireland,8.64848697073157
2009,FI_FSI_FSKNL,United Kingdom of Great Britain and Northern Ireland,14.7975849187733
2010,FI_FSI_FSKNL,United Kingdom of Great Britain and Northern Ireland,16.8649363390134
2011,FI_FSI_FSKNL,United Kingdom of Great Britain and Northern Ireland,16.1134062245664
2012,FI_FSI_FSKNL,United Kingdom of Great Britain and Northern Ireland,13.8721492816137
2013,FI_FSI_FSKNL,United Kingdom of Great Britain and Northern Ireland,9.4770603431779
2014,FI_FSI_FSKNL,United Kingdom of Great Britain and Northern Ireland,5.43580310956542
2015,FI_FSI_FSKNL,United Kingdom of Great Britain and Northern Ireland,3.90355481300604
2016,FI_FSI_FSKNL,United Kingdom of Great Britain and Northern Ireland,7.44144323326081
2017,FI_FSI_FSKNL,United Kingdom of Great Britain and Northern Ireland,6.37482832974993
2018,FI_FSI_FSKNL,United Kingdom of Great Britain and Northern Ireland,6.78980872399468
2019,FI_FSI_FSKNL,United Kingdom of Great Britain and Northern Ireland,6.46569670377243
2020,FI_FSI_FSKNL,United Kingdom of Great Britain and Northern Ireland,7.10087431111716
2021,FI_FSI_FSKNL,United Kingdom of Great Britain and Northern Ireland,6.8765205331121
2010,FI_FSI_FSKNL,Uzbekistan,1.43582797155435
2011,FI_FSI_FSKNL,Uzbekistan,1.26321529187241
2012,FI_FSI_FSKNL,Uzbekistan,6.92755983662075
2013,FI_FSI_FSKNL,Uzbekistan,7.3351090639836
2014,FI_FSI_FSKNL,Uzbekistan,5.46570229960047
2015,FI_FSI_FSKNL,Uzbekistan,4.4570858627139
2016,FI_FSI_FSKNL,Uzbekistan,2.30290638085553
2017,FI_FSI_FSKNL,Uzbekistan,3.04909539005829
2018,FI_FSI_FSKNL,Uzbekistan,4.7062442633867
2019,FI_FSI_FSKNL,Uzbekistan,2.61837834188702
2020,FI_FSI_FSKNL,Uzbekistan,3.60745307909808
2021,FI_FSI_FSKNL,Uzbekistan,13.0873579374532
2022,FI_FSI_FSKNL,Uzbekistan,8.95156251819829
2022,FI_FSI_FSKNL,Uzbekistan,8.95156251819829
