Year,SeriesCode,GeoAreaName,Value
2010,FI_FSI_FSSNO,Albania,5.02921064531658
2011,FI_FSI_FSSNO,Albania,3.93790358253002
2012,FI_FSI_FSSNO,Albania,3.97571475310227
2013,FI_FSI_FSSNO,Albania,4.07615418605366
2014,FI_FSI_FSSNO,Albania,8.48397935758822
2015,FI_FSI_FSSNO,Albania,7.50081831959146
2016,FI_FSI_FSSNO,Albania,7.03158110589388
2017,FI_FSI_FSSNO,Albania,6.67965828331533
2018,FI_FSI_FSSNO,Albania,7.78021978637956
2019,FI_FSI_FSSNO,Albania,7.43377226464567
2020,FI_FSI_FSSNO,Albania,8.43652311127636
2021,FI_FSI_FSSNO,Albania,9.19544487911859
2022,FI_FSI_FSSNO,Albania,4.98943221677961
2006,FI_FSI_FSSNO,Austria,6.46382251503558
2007,FI_FSI_FSSNO,Austria,2.46542619703618
2008,FI_FSI_FSSNO,Austria,1.61666979639949
2009,FI_FSI_FSSNO,Austria,0.617055751709437
2010,FI_FSI_FSSNO,Austria,0.30318447867341
2011,FI_FSI_FSSNO,Austria,0.115156986285357
2012,FI_FSI_FSSNO,Austria,0.446433683103773
2013,FI_FSI_FSSNO,Austria,0.154127149180375
2014,FI_FSI_FSSNO,Austria,0.653615252475192
2015,FI_FSI_FSSNO,Austria,0.226030291984889
2016,FI_FSI_FSSNO,Austria,0.976386669480176
2017,FI_FSI_FSSNO,Austria,0.0987637424248317
2018,FI_FSI_FSSNO,Austria,0.6770980687584
2019,FI_FSI_FSSNO,Austria,0.639698400487376
2020,FI_FSI_FSSNO,Austria,2.00839329707486
2005,FI_FSI_FSSNO,Armenia,0.814034037233852
2006,FI_FSI_FSSNO,Armenia,-0.433818257144081
2007,FI_FSI_FSSNO,Armenia,-2.35349160774452
2008,FI_FSI_FSSNO,Armenia,-8.83936526875237
2009,FI_FSI_FSSNO,Armenia,0.51079779215787
2010,FI_FSI_FSSNO,Armenia,-1.69594674178465
2011,FI_FSI_FSSNO,Armenia,-1.83227091793612
2012,FI_FSI_FSSNO,Armenia,0.539989243366122
2013,FI_FSI_FSSNO,Armenia,-0.88875370004352
2014,FI_FSI_FSSNO,Armenia,-11.5638422326138
2015,FI_FSI_FSSNO,Armenia,-2.84732975816266
2016,FI_FSI_FSSNO,Armenia,-3.48183526347462
2017,FI_FSI_FSSNO,Armenia,-1.41994339026254
2018,FI_FSI_FSSNO,Armenia,-3.15932144421365
2019,FI_FSI_FSSNO,Armenia,-0.65941076360485
2020,FI_FSI_FSSNO,Armenia,1.91966883034645
2005,FI_FSI_FSSNO,Belgium,3.67394446843261
2006,FI_FSI_FSSNO,Belgium,4.8876694424492
2007,FI_FSI_FSSNO,Belgium,3.28062298673956
2008,FI_FSI_FSSNO,Belgium,6.56371918783437
2009,FI_FSI_FSSNO,Belgium,4.70295607744887
2010,FI_FSI_FSSNO,Belgium,3.25547898687441
2011,FI_FSI_FSSNO,Belgium,1.42861546127728
2012,FI_FSI_FSSNO,Belgium,2.08613624684905
2013,FI_FSI_FSSNO,Belgium,2.14908285790504
2014,FI_FSI_FSSNO,Belgium,3.32681441681893
2015,FI_FSI_FSSNO,Belgium,2.58972417888844
2016,FI_FSI_FSSNO,Belgium,2.08275544409701
2017,FI_FSI_FSSNO,Belgium,1.60187768924608
2018,FI_FSI_FSSNO,Belgium,1.85135945660819
2019,FI_FSI_FSSNO,Belgium,2.09878898566408
2020,FI_FSI_FSSNO,Belgium,1.96570468199092
2021,FI_FSI_FSSNO,Belgium,1.65243765621801
2003,FI_FSI_FSSNO,Bosnia and Herzegovina,33.0981437410757
2004,FI_FSI_FSSNO,Bosnia and Herzegovina,9.20790723045881
2005,FI_FSI_FSSNO,Bosnia and Herzegovina,6.34986884102241
2006,FI_FSI_FSSNO,Bosnia and Herzegovina,6.81396929806884
2007,FI_FSI_FSSNO,Bosnia and Herzegovina,4.33969633937397
2008,FI_FSI_FSSNO,Bosnia and Herzegovina,4.61266400067035
2009,FI_FSI_FSSNO,Bosnia and Herzegovina,1.31004052869304
2010,FI_FSI_FSSNO,Bosnia and Herzegovina,3.41532366474511
2011,FI_FSI_FSSNO,Bosnia and Herzegovina,12.7049261529927
2012,FI_FSI_FSSNO,Bosnia and Herzegovina,4.41681703778294
2013,FI_FSI_FSSNO,Bosnia and Herzegovina,5.72097050311884
2014,FI_FSI_FSSNO,Bosnia and Herzegovina,9.85364944157847
2015,FI_FSI_FSSNO,Bosnia and Herzegovina,8.30719422998859
2016,FI_FSI_FSSNO,Bosnia and Herzegovina,1.58889074675476
2017,FI_FSI_FSSNO,Bosnia and Herzegovina,-0.214282191487767
2018,FI_FSI_FSSNO,Bosnia and Herzegovina,2.10766752909235
2019,FI_FSI_FSSNO,Bosnia and Herzegovina,3.42322386853206
2020,FI_FSI_FSSNO,Bosnia and Herzegovina,4.17420626401316
2021,FI_FSI_FSSNO,Bosnia and Herzegovina,3.99763123190001
2008,FI_FSI_FSSNO,Bulgaria,0.21074643518543
2009,FI_FSI_FSSNO,Bulgaria,0.222049359334666
2010,FI_FSI_FSSNO,Belarus,-1.17979204588223
2011,FI_FSI_FSSNO,Belarus,5.473732684574
2012,FI_FSI_FSSNO,Belarus,9.17106246757061
2013,FI_FSI_FSSNO,Belarus,11.3342382354077
2014,FI_FSI_FSSNO,Belarus,9.1126713419351
2015,FI_FSI_FSSNO,Belarus,4.40667845396781
2016,FI_FSI_FSSNO,Belarus,6.27004900996216
2017,FI_FSI_FSSNO,Belarus,2.99419064901533
2018,FI_FSI_FSSNO,Belarus,2.95523302605481
2019,FI_FSI_FSSNO,Belarus,3.54099958608901
2020,FI_FSI_FSSNO,Belarus,3.89917518862758
2021,FI_FSI_FSSNO,Belarus,4.20859486089367
2005,FI_FSI_FSSNO,Chile,-23.3178242625769
2008,FI_FSI_FSSNO,Chile,4.75896782699426
2009,FI_FSI_FSSNO,Chile,0.594898850204524
2010,FI_FSI_FSSNO,Chile,0.635784300278204
2011,FI_FSI_FSSNO,Chile,1.46433879600633
2012,FI_FSI_FSSNO,Chile,4.36003971758954
2013,FI_FSI_FSSNO,Chile,-0.190229403199136
2014,FI_FSI_FSSNO,Chile,2.72803345406605
2015,FI_FSI_FSSNO,Chile,-0.563159600512694
2016,FI_FSI_FSSNO,Chile,-10.9790935032664
2017,FI_FSI_FSSNO,Chile,-1.20948366869158
2018,FI_FSI_FSSNO,Chile,3.67152331198141
2019,FI_FSI_FSSNO,Chile,8.5309181425309
2020,FI_FSI_FSSNO,Chile,14.2804496440415
2010,FI_FSI_FSSNO,China,6.74885886689376
2011,FI_FSI_FSSNO,China,4.58656200684153
2012,FI_FSI_FSSNO,China,3.9295893125822
2013,FI_FSI_FSSNO,China,3.69236471551399
2014,FI_FSI_FSSNO,China,3.50531187822532
2015,FI_FSI_FSSNO,China,3.685070947197
2016,FI_FSI_FSSNO,China,3.55450877528126
2017,FI_FSI_FSSNO,China,2.55268582868776
2018,FI_FSI_FSSNO,China,2.44469477535615
2019,FI_FSI_FSSNO,China,2.67205767249862
2020,FI_FSI_FSSNO,China,2.14434103895721
2021,FI_FSI_FSSNO,China,1.61734865747773
2005,FI_FSI_FSSNO,Colombia,1.19174209272756
2006,FI_FSI_FSSNO,Colombia,-0.0551136595756792
2007,FI_FSI_FSSNO,Colombia,0.595827085637937
2008,FI_FSI_FSSNO,Colombia,0.0927344902034256
2009,FI_FSI_FSSNO,Colombia,0.601979620010114
2010,FI_FSI_FSSNO,Colombia,0.64246640900522
2011,FI_FSI_FSSNO,Colombia,1.15173704772329
2012,FI_FSI_FSSNO,Colombia,0.650140169690591
2013,FI_FSI_FSSNO,Colombia,0.614186739409009
2014,FI_FSI_FSSNO,Colombia,0.820268110294974
2015,FI_FSI_FSSNO,Colombia,1.3914649097344
2016,FI_FSI_FSSNO,Colombia,6.72359791059155
2017,FI_FSI_FSSNO,Colombia,7.44297691844226
2018,FI_FSI_FSSNO,Colombia,9.32714546965953
2019,FI_FSI_FSSNO,Colombia,0.915493228507564
2020,FI_FSI_FSSNO,Colombia,1.12351268816043
2021,FI_FSI_FSSNO,Colombia,0.738818084171584
2008,FI_FSI_FSSNO,Costa Rica,23.2476861106336
2009,FI_FSI_FSSNO,Costa Rica,28.3879121867413
2010,FI_FSI_FSSNO,Costa Rica,21.2858518752927
2011,FI_FSI_FSSNO,Costa Rica,21.6174153867541
2012,FI_FSI_FSSNO,Costa Rica,21.6794276300476
2013,FI_FSI_FSSNO,Costa Rica,19.429868953168
2014,FI_FSI_FSSNO,Costa Rica,17.8233501209077
2015,FI_FSI_FSSNO,Costa Rica,20.9963960173889
2016,FI_FSI_FSSNO,Costa Rica,22.9021268495761
2017,FI_FSI_FSSNO,Costa Rica,24.7969155833419
2018,FI_FSI_FSSNO,Costa Rica,23.3720709163513
2019,FI_FSI_FSSNO,Costa Rica,26.5352274660914
2020,FI_FSI_FSSNO,Costa Rica,28.8142448747159
2021,FI_FSI_FSSNO,Costa Rica,30.9996048348055
2022,FI_FSI_FSSNO,Costa Rica,26.1648038996741
2021,FI_FSI_FSSNO,Croatia,3.47317713197429
2008,FI_FSI_FSSNO,Cyprus,0.81193236995358
2009,FI_FSI_FSSNO,Cyprus,0.955098776456986
2010,FI_FSI_FSSNO,Cyprus,2.19583460870828
2011,FI_FSI_FSSNO,Cyprus,3.49764761099381
2012,FI_FSI_FSSNO,Cyprus,3.32156280477434
2013,FI_FSI_FSSNO,Cyprus,1.01455662999849
2014,FI_FSI_FSSNO,Cyprus,0.639794801655515
2015,FI_FSI_FSSNO,Cyprus,0.207628223756556
2016,FI_FSI_FSSNO,Cyprus,0.175909912700845
2017,FI_FSI_FSSNO,Cyprus,0.139732226914668
2018,FI_FSI_FSSNO,Cyprus,0.0990295277046489
2019,FI_FSI_FSSNO,Cyprus,0.0443673868400274
2020,FI_FSI_FSSNO,Cyprus,1.57890389447938
2021,FI_FSI_FSSNO,Cyprus,0.137144190214631
2005,FI_FSI_FSSNO,Czechia,-0.0750698087940063
2007,FI_FSI_FSSNO,Czechia,-4.52960834836284
2008,FI_FSI_FSSNO,Czechia,-0.0249965240865993
2009,FI_FSI_FSSNO,Czechia,0.464692755819306
2010,FI_FSI_FSSNO,Czechia,0.334290489864141
2011,FI_FSI_FSSNO,Czechia,-2.92838429308632
2012,FI_FSI_FSSNO,Czechia,4.98605846028044
2013,FI_FSI_FSSNO,Czechia,1.14930592515114
2014,FI_FSI_FSSNO,Czechia,1.2071816876011
2015,FI_FSI_FSSNO,Czechia,-0.31884835050741
2016,FI_FSI_FSSNO,Czechia,0.43497278379453
2017,FI_FSI_FSSNO,Czechia,0.713451269092881
2018,FI_FSI_FSSNO,Czechia,1.00872537416542
2005,FI_FSI_FSSNO,Denmark,-59.4121083024662
2006,FI_FSI_FSSNO,Denmark,-52.5768322235152
2007,FI_FSI_FSSNO,Denmark,-66.3036884800637
2008,FI_FSI_FSSNO,Denmark,-48.2092424544253
2009,FI_FSI_FSSNO,Denmark,-30.0285129221294
2010,FI_FSI_FSSNO,Denmark,-23.5760511235263
2011,FI_FSI_FSSNO,Denmark,-43.2276067360909
2012,FI_FSI_FSSNO,Denmark,-22.2372725699716
2013,FI_FSI_FSSNO,Denmark,-12.4125036258415
2014,FI_FSI_FSSNO,Denmark,-12.7877818845216
2015,FI_FSI_FSSNO,Denmark,-5.51552461997874
2016,FI_FSI_FSSNO,Denmark,-11.2320844677804
2017,FI_FSI_FSSNO,Denmark,-12.5887212569432
2018,FI_FSI_FSSNO,Denmark,-26.1225653891787
2019,FI_FSI_FSSNO,Denmark,-16.0074601520833
2020,FI_FSI_FSSNO,Denmark,-2.47280543686733
2021,FI_FSI_FSSNO,Denmark,-1.95509256997375
2008,FI_FSI_FSSNO,Estonia,12.7972147420575
2009,FI_FSI_FSSNO,Estonia,32.1412479482169
2010,FI_FSI_FSSNO,Estonia,36.7966456750481
2011,FI_FSI_FSSNO,Estonia,-13.9772425066118
2012,FI_FSI_FSSNO,Estonia,-10.5269443106807
2013,FI_FSI_FSSNO,Estonia,-24.8189635970895
2008,FI_FSI_FSSNO,France,53.5485336020547
2009,FI_FSI_FSSNO,France,52.2569696993879
2010,FI_FSI_FSSNO,France,70.324337296688
2011,FI_FSI_FSSNO,France,29.5073052858391
2002,FI_FSI_FSSNO,Georgia,6.81582110612942
2003,FI_FSI_FSSNO,Georgia,6.13891791798159
2004,FI_FSI_FSSNO,Georgia,6.30879699765578
2005,FI_FSI_FSSNO,Georgia,5.38006118698664
2006,FI_FSI_FSSNO,Georgia,2.01032071662114
2007,FI_FSI_FSSNO,Georgia,4.99596624462264
2008,FI_FSI_FSSNO,Georgia,1.73531713273037
2009,FI_FSI_FSSNO,Georgia,1.74642837680527
2010,FI_FSI_FSSNO,Georgia,8.05855543748628
2011,FI_FSI_FSSNO,Georgia,5.90221149764833
2012,FI_FSI_FSSNO,Georgia,3.33913459175421
2013,FI_FSI_FSSNO,Georgia,2.05753891508843
2014,FI_FSI_FSSNO,Georgia,2.01311683351186
2015,FI_FSI_FSSNO,Georgia,-0.570756341693828
2016,FI_FSI_FSSNO,Georgia,4.73158020169887
2017,FI_FSI_FSSNO,Georgia,4.28971990019125
2018,FI_FSI_FSSNO,Georgia,5.17199846713286
2019,FI_FSI_FSSNO,Georgia,0.15165206227129
2020,FI_FSI_FSSNO,Georgia,0.187624976124146
2021,FI_FSI_FSSNO,Georgia,2.57189229028771
2022,FI_FSI_FSSNO,Georgia,1.64036603925422
2008,FI_FSI_FSSNO,Germany,6.56
2009,FI_FSI_FSSNO,Germany,5.28
2010,FI_FSI_FSSNO,Germany,4.4
2011,FI_FSI_FSSNO,Germany,4.48
2012,FI_FSI_FSSNO,Germany,3.93
2013,FI_FSI_FSSNO,Germany,3.84
2014,FI_FSI_FSSNO,Germany,3.95
2015,FI_FSI_FSSNO,Germany,4.62
2016,FI_FSI_FSSNO,Germany,4.0
2017,FI_FSI_FSSNO,Germany,3.67
2018,FI_FSI_FSSNO,Germany,3.19
2019,FI_FSI_FSSNO,Germany,3.72
2020,FI_FSI_FSSNO,Germany,3.4
2021,FI_FSI_FSSNO,Germany,4.35
2005,FI_FSI_FSSNO,Greece,3.00845748425784
2008,FI_FSI_FSSNO,Greece,8.23069919955446
2009,FI_FSI_FSSNO,Greece,16.3131195762016
2010,FI_FSI_FSSNO,Greece,12.4388564843105
2011,FI_FSI_FSSNO,Greece,-82.1739609585688
2012,FI_FSI_FSSNO,Greece,15.9462468074562
2013,FI_FSI_FSSNO,Greece,4.5735506117478
2014,FI_FSI_FSSNO,Greece,5.37458223102245
2015,FI_FSI_FSSNO,Greece,5.61620189856922
2016,FI_FSI_FSSNO,Greece,0.821316233446276
2017,FI_FSI_FSSNO,Greece,1.32091705923064
2018,FI_FSI_FSSNO,Greece,0.736984106490857
2019,FI_FSI_FSSNO,Greece,0.641036782924563
2020,FI_FSI_FSSNO,Greece,0.683204928393583
2021,FI_FSI_FSSNO,Greece,1.09051006875959
2008,FI_FSI_FSSNO,Hungary,11.5658961960892
2009,FI_FSI_FSSNO,Hungary,13.6521529515023
2010,FI_FSI_FSSNO,Hungary,11.860846983482
2011,FI_FSI_FSSNO,Hungary,17.6237616234572
2012,FI_FSI_FSSNO,Hungary,15.0413465587803
2013,FI_FSI_FSSNO,Hungary,11.6515046048719
2014,FI_FSI_FSSNO,Hungary,20.5085865020558
2015,FI_FSI_FSSNO,Hungary,16.6422913403852
2016,FI_FSI_FSSNO,Hungary,16.1193787580675
2017,FI_FSI_FSSNO,Hungary,-1.30339855366754
2018,FI_FSI_FSSNO,Hungary,-1.05521813958291
2019,FI_FSI_FSSNO,Hungary,-0.696836980605344
2020,FI_FSI_FSSNO,Hungary,-1.35708042211732
2014,FI_FSI_FSSNO,Iceland,5.76855751014821
2015,FI_FSI_FSSNO,Iceland,2.02742669960936
2016,FI_FSI_FSSNO,Iceland,-0.480732827224536
2017,FI_FSI_FSSNO,Iceland,0.558153164423019
2018,FI_FSI_FSSNO,Iceland,-0.242153359866071
2019,FI_FSI_FSSNO,Iceland,-1.0360073594247
2020,FI_FSI_FSSNO,Iceland,2.2558288842225
2021,FI_FSI_FSSNO,Iceland,-0.71434107520763
2022,FI_FSI_FSSNO,Iceland,0.479081809466055
2005,FI_FSI_FSSNO,India,1.54662687783842
2008,FI_FSI_FSSNO,India,1.00988623918736
2011,FI_FSI_FSSNO,India,0.438072381048991
2012,FI_FSI_FSSNO,India,0.250932614790774
2013,FI_FSI_FSSNO,India,0.226080670173287
2014,FI_FSI_FSSNO,India,0.201212722680539
2015,FI_FSI_FSSNO,India,0.338179613892936
2016,FI_FSI_FSSNO,India,0.262736596010405
2017,FI_FSI_FSSNO,India,0.219739330193797
2018,FI_FSI_FSSNO,India,0.276231130375081
2019,FI_FSI_FSSNO,India,0.268820068244212
2020,FI_FSI_FSSNO,India,0.255161644688115
2021,FI_FSI_FSSNO,India,0.794096807692666
2005,FI_FSI_FSSNO,Ireland,1.18920409499845
2006,FI_FSI_FSSNO,Ireland,2.25400695828006
2007,FI_FSI_FSSNO,Ireland,2.63651230505365
2008,FI_FSI_FSSNO,Ireland,0.0273248929775025
2009,FI_FSI_FSSNO,Ireland,3.25301514644997
2010,FI_FSI_FSSNO,Ireland,4.45824251462659
2011,FI_FSI_FSSNO,Ireland,0.326002798190685
2012,FI_FSI_FSSNO,Ireland,0.430194561861079
2013,FI_FSI_FSSNO,Ireland,1.35727184463631
2014,FI_FSI_FSSNO,Ireland,0.765840220385675
2015,FI_FSI_FSSNO,Ireland,0.900408930322972
2016,FI_FSI_FSSNO,Ireland,1.42421261671678
2017,FI_FSI_FSSNO,Ireland,1.49873664831274
2018,FI_FSI_FSSNO,Ireland,2.43348048276709
2019,FI_FSI_FSSNO,Ireland,1.88867094626724
2020,FI_FSI_FSSNO,Ireland,2.00868817665539
2021,FI_FSI_FSSNO,Ireland,1.41462724285604
2002,FI_FSI_FSSNO,Israel,2.05721694843151
2003,FI_FSI_FSSNO,Israel,1.65326373729564
2004,FI_FSI_FSSNO,Israel,3.05455821230821
2005,FI_FSI_FSSNO,Israel,-0.60820301035596
2006,FI_FSI_FSSNO,Israel,0.778679077796796
2007,FI_FSI_FSSNO,Israel,-5.70746115094549
2008,FI_FSI_FSSNO,Israel,-9.21804573460695
2009,FI_FSI_FSSNO,Israel,-5.30193576904243
2010,FI_FSI_FSSNO,Israel,-6.10775399447539
2011,FI_FSI_FSSNO,Israel,-5.96741975189477
2012,FI_FSI_FSSNO,Israel,1.01995936551258
2013,FI_FSI_FSSNO,Israel,-0.612115097180921
2014,FI_FSI_FSSNO,Israel,-1.68397047045354
2015,FI_FSI_FSSNO,Israel,-0.397013787257591
2016,FI_FSI_FSSNO,Israel,0.142143195999675
2017,FI_FSI_FSSNO,Israel,-0.0264063005433096
2018,FI_FSI_FSSNO,Israel,-0.775410269644283
2019,FI_FSI_FSSNO,Israel,0.178474326824053
2020,FI_FSI_FSSNO,Israel,-0.0089701389421057
2021,FI_FSI_FSSNO,Israel,-0.456857105648275
2008,FI_FSI_FSSNO,Italy,2.46151877265524
2009,FI_FSI_FSSNO,Italy,1.90123322481478
2010,FI_FSI_FSSNO,Italy,1.87959996477081
2011,FI_FSI_FSSNO,Italy,1.57691828333448
2012,FI_FSI_FSSNO,Italy,1.24249880383253
2013,FI_FSI_FSSNO,Italy,1.8691110608564
2014,FI_FSI_FSSNO,Italy,0.0366027541311725
2015,FI_FSI_FSSNO,Italy,0.268908401516663
2016,FI_FSI_FSSNO,Italy,1.5598604072197
2017,FI_FSI_FSSNO,Italy,1.3198054505356
2018,FI_FSI_FSSNO,Italy,0.692309692855842
2019,FI_FSI_FSSNO,Italy,0.408234912861875
2020,FI_FSI_FSSNO,Italy,0.820904794752379
2021,FI_FSI_FSSNO,Italy,-0.0201617321557713
2008,FI_FSI_FSSNO,Kazakhstan,4.89415178167977
2009,FI_FSI_FSSNO,Kazakhstan,-73.2989978161185
2010,FI_FSI_FSSNO,Kazakhstan,-1.52489595669345
2011,FI_FSI_FSSNO,Kazakhstan,-0.0586896952013524
2012,FI_FSI_FSSNO,Kazakhstan,-4.32644605866674
2013,FI_FSI_FSSNO,Kazakhstan,-3.99509432080624
2014,FI_FSI_FSSNO,Kazakhstan,-1.10672501607211
2015,FI_FSI_FSSNO,Kazakhstan,2.65338612000506
2016,FI_FSI_FSSNO,Kazakhstan,1.62654668393571
2017,FI_FSI_FSSNO,Kazakhstan,-0.0139805910944373
2018,FI_FSI_FSSNO,Kazakhstan,2.51818133670514
2019,FI_FSI_FSSNO,Kazakhstan,1.6493384928173
2020,FI_FSI_FSSNO,Kazakhstan,0.316154061977499
2008,FI_FSI_FSSNO,Republic of Korea,1.87520030548718
2009,FI_FSI_FSSNO,Republic of Korea,2.910997598612
2010,FI_FSI_FSSNO,Republic of Korea,0.937660530473967
2011,FI_FSI_FSSNO,Republic of Korea,0.934750386325649
2012,FI_FSI_FSSNO,Republic of Korea,0.154542653527393
2013,FI_FSI_FSSNO,Republic of Korea,-0.150401408263831
2014,FI_FSI_FSSNO,Republic of Korea,0.46559734185627
2015,FI_FSI_FSSNO,Republic of Korea,-0.0386484552952495
2016,FI_FSI_FSSNO,Republic of Korea,0.0191377162952684
2017,FI_FSI_FSSNO,Republic of Korea,-0.980681201583182
2018,FI_FSI_FSSNO,Republic of Korea,0.0410319384924971
2019,FI_FSI_FSSNO,Republic of Korea,0.107359133075
2020,FI_FSI_FSSNO,Republic of Korea,-0.0206018860443601
2021,FI_FSI_FSSNO,Republic of Korea,1.49874086508699
2010,FI_FSI_FSSNO,Kyrgyzstan,-15.0717356950654
2011,FI_FSI_FSSNO,Kyrgyzstan,2.22809560046409
2012,FI_FSI_FSSNO,Kyrgyzstan,4.49060356707029
2013,FI_FSI_FSSNO,Kyrgyzstan,2.24067236114885
2014,FI_FSI_FSSNO,Kyrgyzstan,8.31912695538302
2015,FI_FSI_FSSNO,Kyrgyzstan,-2.10537205938667
2016,FI_FSI_FSSNO,Kyrgyzstan,4.3355632194904
2017,FI_FSI_FSSNO,Kyrgyzstan,2.97544506613224
2018,FI_FSI_FSSNO,Kyrgyzstan,3.58223979434714
2019,FI_FSI_FSSNO,Kyrgyzstan,5.10482170528087
2020,FI_FSI_FSSNO,Kyrgyzstan,2.80452624503617
2021,FI_FSI_FSSNO,Kyrgyzstan,5.18805876649276
2022,FI_FSI_FSSNO,Kyrgyzstan,2.65800863250201
2008,FI_FSI_FSSNO,Latvia,8.11155660924267
2009,FI_FSI_FSSNO,Latvia,9.98348466664637
2010,FI_FSI_FSSNO,Latvia,7.39180977542936
2011,FI_FSI_FSSNO,Latvia,12.7084510283933
2012,FI_FSI_FSSNO,Latvia,11.9259770575248
2013,FI_FSI_FSSNO,Latvia,9.17228846422673
2014,FI_FSI_FSSNO,Latvia,2.47735023887039
2015,FI_FSI_FSSNO,Latvia,2.31112758152857
2016,FI_FSI_FSSNO,Latvia,3.50788510946748
2017,FI_FSI_FSSNO,Latvia,2.10539347014492
2018,FI_FSI_FSSNO,Latvia,0.9620301698686
2019,FI_FSI_FSSNO,Latvia,5.1544091941858
2020,FI_FSI_FSSNO,Latvia,1.31667220342392
2021,FI_FSI_FSSNO,Latvia,0.473043614932782
2008,FI_FSI_FSSNO,Lithuania,0.974186762234267
2009,FI_FSI_FSSNO,Lithuania,1.00556896605563
2010,FI_FSI_FSSNO,Lithuania,0.53564164043118
2011,FI_FSI_FSSNO,Lithuania,0.624826406538974
2012,FI_FSI_FSSNO,Lithuania,0.290335711579717
2013,FI_FSI_FSSNO,Lithuania,0.443776739184106
2014,FI_FSI_FSSNO,Lithuania,0.402226976204644
2015,FI_FSI_FSSNO,Lithuania,0.0507592540761579
2016,FI_FSI_FSSNO,Lithuania,0.0214729828418111
2017,FI_FSI_FSSNO,Lithuania,0.0121835107463077
2018,FI_FSI_FSSNO,Lithuania,0.0230335683044323
2019,FI_FSI_FSSNO,Lithuania,0.0234758433571855
2005,FI_FSI_FSSNO,Luxembourg,-7.51385606310045
2006,FI_FSI_FSSNO,Luxembourg,-12.1565234495444
2007,FI_FSI_FSSNO,Luxembourg,2.87705272519809
2008,FI_FSI_FSSNO,Luxembourg,1.6057391837101
2009,FI_FSI_FSSNO,Luxembourg,-0.612584618799245
2010,FI_FSI_FSSNO,Luxembourg,0.331690674753601
2011,FI_FSI_FSSNO,Luxembourg,2.03668532586965
2012,FI_FSI_FSSNO,Luxembourg,0.30123699446664
2013,FI_FSI_FSSNO,Luxembourg,0.290944356891744
2016,FI_FSI_FSSNO,Luxembourg,2.88724313718264
2017,FI_FSI_FSSNO,Luxembourg,1.86718989796207
2018,FI_FSI_FSSNO,Luxembourg,1.82859179174554
2019,FI_FSI_FSSNO,Luxembourg,1.53615952914563
2020,FI_FSI_FSSNO,Luxembourg,1.6097814960516
2021,FI_FSI_FSSNO,Luxembourg,1.09257487768573
2005,FI_FSI_FSSNO,Malta,-3.62237898695166
2006,FI_FSI_FSSNO,Malta,1.17030729780777
2007,FI_FSI_FSSNO,Malta,2.4066197459114
2008,FI_FSI_FSSNO,Malta,-0.269448983084547
2009,FI_FSI_FSSNO,Malta,-0.191171748088099
2010,FI_FSI_FSSNO,Malta,-0.0338987369512341
2011,FI_FSI_FSSNO,Malta,-0.327081078121105
2012,FI_FSI_FSSNO,Malta,0.123613340955775
2013,FI_FSI_FSSNO,Malta,0.143938877140323
2014,FI_FSI_FSSNO,Malta,1.04993738905478
2015,FI_FSI_FSSNO,Malta,0.354294016063156
2016,FI_FSI_FSSNO,Malta,0.376541525024193
2017,FI_FSI_FSSNO,Malta,-0.0507956198134999
2018,FI_FSI_FSSNO,Malta,-0.0067375067375067
2019,FI_FSI_FSSNO,Malta,0.128401182360888
2020,FI_FSI_FSSNO,Malta,0.538915240608546
2021,FI_FSI_FSSNO,Malta,0.265058229327545
2005,FI_FSI_FSSNO,Mexico,-91.7694610197239
2006,FI_FSI_FSSNO,Mexico,-30.6774725083522
2007,FI_FSI_FSSNO,Mexico,-35.2435495410065
2008,FI_FSI_FSSNO,Mexico,-70.3606239352047
2009,FI_FSI_FSSNO,Mexico,-52.6107772051846
2010,FI_FSI_FSSNO,Mexico,-47.2530311473653
2011,FI_FSI_FSSNO,Mexico,-67.8644439766263
2012,FI_FSI_FSSNO,Mexico,-52.5277726429722
2013,FI_FSI_FSSNO,Mexico,-56.6971595620789
2014,FI_FSI_FSSNO,Mexico,-74.2211001104205
2015,FI_FSI_FSSNO,Mexico,-84.5331772144031
2016,FI_FSI_FSSNO,Mexico,-101.842498048639
2017,FI_FSI_FSSNO,Mexico,-92.4987315265592
2018,FI_FSI_FSSNO,Mexico,-69.56811401335
2019,FI_FSI_FSSNO,Mexico,-42.6117029373358
2020,FI_FSI_FSSNO,Mexico,-71.2456129784568
2021,FI_FSI_FSSNO,Mexico,-67.957656559163
2022,FI_FSI_FSSNO,Mexico,-74.8783140705594
2009,FI_FSI_FSSNO,Republic of Moldova,4.70611089711611
2010,FI_FSI_FSSNO,Republic of Moldova,4.98175403010377
2011,FI_FSI_FSSNO,Republic of Moldova,4.80303569814259
2012,FI_FSI_FSSNO,Republic of Moldova,3.65781301487941
2013,FI_FSI_FSSNO,Republic of Moldova,5.08052156719306
2014,FI_FSI_FSSNO,Republic of Moldova,49.417789157664
2015,FI_FSI_FSSNO,Republic of Moldova,-9.86883084127164
2016,FI_FSI_FSSNO,Republic of Moldova,-9.41950159246975
2017,FI_FSI_FSSNO,Republic of Moldova,-8.23925318089963
2018,FI_FSI_FSSNO,Republic of Moldova,-12.9004593591178
2019,FI_FSI_FSSNO,Republic of Moldova,-12.5912116132767
2020,FI_FSI_FSSNO,Republic of Moldova,-14.2166365387009
2021,FI_FSI_FSSNO,Republic of Moldova,-12.8094876276056
2006,FI_FSI_FSSNO,Montenegro,-0.0640249311539144
2007,FI_FSI_FSSNO,Montenegro,0.0571783716594158
2008,FI_FSI_FSSNO,Montenegro,-3.40847254720575
2009,FI_FSI_FSSNO,Montenegro,0.568463041116191
2010,FI_FSI_FSSNO,Montenegro,0.635496823649241
2011,FI_FSI_FSSNO,Montenegro,0.861633999611877
2012,FI_FSI_FSSNO,Montenegro,-0.738402803380872
2013,FI_FSI_FSSNO,Montenegro,0.508232402499334
2014,FI_FSI_FSSNO,Montenegro,0.60006476889569
2015,FI_FSI_FSSNO,Montenegro,2.14508829937985
2016,FI_FSI_FSSNO,Montenegro,1.56513931367322
2017,FI_FSI_FSSNO,Montenegro,0.831168831168831
2018,FI_FSI_FSSNO,Montenegro,0.0227031002070424
2019,FI_FSI_FSSNO,Montenegro,0.600095120994343
2020,FI_FSI_FSSNO,Montenegro,0.683894619265248
2021,FI_FSI_FSSNO,Montenegro,0.0863981629022204
2005,FI_FSI_FSSNO,Norway,645.501262566522
2008,FI_FSI_FSSNO,Norway,-90.7499364729798
2009,FI_FSI_FSSNO,Norway,-96.7007636424773
2010,FI_FSI_FSSNO,Norway,-54.7422295676281
2011,FI_FSI_FSSNO,Norway,-52.2076603989743
2012,FI_FSI_FSSNO,Norway,-39.3243072251044
2013,FI_FSI_FSSNO,Norway,-35.5964826449686
2008,FI_FSI_FSSNO,Poland,-0.67221985753654
2009,FI_FSI_FSSNO,Poland,2.39221614434416
2010,FI_FSI_FSSNO,Poland,0.276900829960606
2011,FI_FSI_FSSNO,Poland,-0.289975476975873
2012,FI_FSI_FSSNO,Poland,0.14165085722249
2013,FI_FSI_FSSNO,Poland,-0.134011673856512
2014,FI_FSI_FSSNO,Poland,0.246883982987957
2015,FI_FSI_FSSNO,Poland,0.703977053597465
2016,FI_FSI_FSSNO,Poland,0.70273252068565
2017,FI_FSI_FSSNO,Poland,0.325770973653522
2018,FI_FSI_FSSNO,Poland,0.120389411515147
2019,FI_FSI_FSSNO,Poland,0.194611102108094
2020,FI_FSI_FSSNO,Poland,7.13503598186389
2021,FI_FSI_FSSNO,Poland,1.39633767469339
2007,FI_FSI_FSSNO,Romania,1.49174124485272
2008,FI_FSI_FSSNO,Romania,1.53311757534727
2009,FI_FSI_FSSNO,Romania,2.3276064843812
2010,FI_FSI_FSSNO,Romania,-1.42778224000036
2011,FI_FSI_FSSNO,Romania,-4.68245255306733
2012,FI_FSI_FSSNO,Romania,-1.7467461827418
2013,FI_FSI_FSSNO,Romania,2.43208072769101
2014,FI_FSI_FSSNO,Romania,1.99628300867867
2015,FI_FSI_FSSNO,Romania,0.710933593160253
2016,FI_FSI_FSSNO,Romania,0.490104258452527
2017,FI_FSI_FSSNO,Romania,0.764521134980697
2018,FI_FSI_FSSNO,Romania,0.664867480551007
2019,FI_FSI_FSSNO,Romania,0.869333123066682
2020,FI_FSI_FSSNO,Romania,-2.54928086944549
2021,FI_FSI_FSSNO,Romania,4.48234147490443
2005,FI_FSI_FSSNO,Slovakia,-68.9750000060687
2008,FI_FSI_FSSNO,Slovakia,-26.1645996395401
2009,FI_FSI_FSSNO,Slovakia,-0.0613716157161217
2010,FI_FSI_FSSNO,Slovakia,-1.45583315673964
2011,FI_FSI_FSSNO,Slovakia,-0.84258657795456
2012,FI_FSI_FSSNO,Slovakia,-0.900381925403671
2013,FI_FSI_FSSNO,Slovakia,1.74617095227409
2014,FI_FSI_FSSNO,Slovakia,0.884327167716218
2015,FI_FSI_FSSNO,Slovakia,5.04291604526069
2016,FI_FSI_FSSNO,Slovakia,5.04000474441847
2017,FI_FSI_FSSNO,Slovakia,0.883373148703511
2018,FI_FSI_FSSNO,Slovakia,0.701212183226104
2019,FI_FSI_FSSNO,Slovakia,5.07883902008192
2020,FI_FSI_FSSNO,Slovakia,0.48166356266433
2021,FI_FSI_FSSNO,Slovakia,0.153669926326534
2008,FI_FSI_FSSNO,Slovenia,-2.15962706141641
2009,FI_FSI_FSSNO,Slovenia,-0.914931562460812
2010,FI_FSI_FSSNO,Slovenia,-1.22919058363416
2011,FI_FSI_FSSNO,Slovenia,-1.81080179603677
2012,FI_FSI_FSSNO,Slovenia,-2.65328253147987
2013,FI_FSI_FSSNO,Slovenia,-4.1380295710021
2014,FI_FSI_FSSNO,Slovenia,-0.848564017115268
2015,FI_FSI_FSSNO,Slovenia,0.890173332911995
2016,FI_FSI_FSSNO,Slovenia,0.609478145686619
2017,FI_FSI_FSSNO,Slovenia,10.8251922686879
2018,FI_FSI_FSSNO,Slovenia,12.029056988602
2019,FI_FSI_FSSNO,Slovenia,10.7261298303562
2020,FI_FSI_FSSNO,Slovenia,21.7446317842985
2005,FI_FSI_FSSNO,Spain,7.82873873453488
2006,FI_FSI_FSSNO,Spain,7.68474358925985
2007,FI_FSI_FSSNO,Spain,9.0158571223109
2006,FI_FSI_FSSNO,Sweden,1.94173084884127
2007,FI_FSI_FSSNO,Sweden,1.60107467167635
2008,FI_FSI_FSSNO,Sweden,4.35187393634155
2009,FI_FSI_FSSNO,Sweden,5.89227423752333
2010,FI_FSI_FSSNO,Sweden,8.05510940032316
2011,FI_FSI_FSSNO,Sweden,5.52827774520776
2012,FI_FSI_FSSNO,Sweden,5.44112320933986
2013,FI_FSI_FSSNO,Sweden,4.65006350945531
2014,FI_FSI_FSSNO,Sweden,4.0358884123386
2015,FI_FSI_FSSNO,Sweden,3.95710231235686
2016,FI_FSI_FSSNO,Sweden,1.58973814849456
2017,FI_FSI_FSSNO,Sweden,1.23488601327313
2018,FI_FSI_FSSNO,Sweden,1.38825252942776
2019,FI_FSI_FSSNO,Sweden,0.476123967770171
2020,FI_FSI_FSSNO,Sweden,0.562117949258991
2021,FI_FSI_FSSNO,Sweden,0.922701426988538
2005,FI_FSI_FSSNO,Switzerland,33.2491086734932
2006,FI_FSI_FSSNO,Switzerland,24.9000046309678
2007,FI_FSI_FSSNO,Switzerland,13.3322224799676
2008,FI_FSI_FSSNO,Switzerland,-17.650235432319
2009,FI_FSI_FSSNO,Switzerland,-28.3889367890824
2010,FI_FSI_FSSNO,Switzerland,-37.0267672330563
2011,FI_FSI_FSSNO,Switzerland,-56.7952620317798
2012,FI_FSI_FSSNO,Switzerland,-44.5155519150155
2013,FI_FSI_FSSNO,Switzerland,-38.8026868866035
2014,FI_FSI_FSSNO,Switzerland,-45.5643555074278
2015,FI_FSI_FSSNO,Switzerland,-72.8160876599566
2016,FI_FSI_FSSNO,Switzerland,-95.4256055449363
2017,FI_FSI_FSSNO,Switzerland,-65.3306732503526
2018,FI_FSI_FSSNO,Switzerland,-51.4931183779782
2019,FI_FSI_FSSNO,Switzerland,-47.3481233072646
2020,FI_FSI_FSSNO,Switzerland,-68.0517203219018
2021,FI_FSI_FSSNO,Switzerland,-75.9659260514918
2008,FI_FSI_FSSNO,Tajikistan,6.32303409783271
2009,FI_FSI_FSSNO,Tajikistan,17.0165809197215
2010,FI_FSI_FSSNO,Tajikistan,-0.30879734346683
2011,FI_FSI_FSSNO,Tajikistan,-5.60839766872576
2012,FI_FSI_FSSNO,Tajikistan,-0.702412695271633
2013,FI_FSI_FSSNO,Tajikistan,-2.47142871625932
2014,FI_FSI_FSSNO,Tajikistan,1.2132305788604
2015,FI_FSI_FSSNO,Tajikistan,-17.2505396567306
2016,FI_FSI_FSSNO,Tajikistan,-10.0113829618338
2017,FI_FSI_FSSNO,Tajikistan,-9.47696004086093
2018,FI_FSI_FSSNO,Tajikistan,-9.63133501494045
2019,FI_FSI_FSSNO,Tajikistan,-1.09012402435709
2020,FI_FSI_FSSNO,Tajikistan,-11.4831380406535
2021,FI_FSI_FSSNO,Tajikistan,4.70519797847297
2013,FI_FSI_FSSNO,United Arab Emirates,10.5417707377286
2014,FI_FSI_FSSNO,United Arab Emirates,8.73472681689425
2015,FI_FSI_FSSNO,United Arab Emirates,19.0921032156453
2016,FI_FSI_FSSNO,United Arab Emirates,8.69264810979444
2017,FI_FSI_FSSNO,United Arab Emirates,14.6011528040286
2018,FI_FSI_FSSNO,United Arab Emirates,9.2402376910017
2019,FI_FSI_FSSNO,United Arab Emirates,-2.48442521060326
2020,FI_FSI_FSSNO,United Arab Emirates,26.0898172473145
2021,FI_FSI_FSSNO,United Arab Emirates,24.8464230355937
2022,FI_FSI_FSSNO,United Arab Emirates,34.5392807462656
2005,FI_FSI_FSSNO,Türkiye,-4.63273099895349
2006,FI_FSI_FSSNO,Türkiye,-4.43778237395089
2007,FI_FSI_FSSNO,Türkiye,-2.38420843406007
2008,FI_FSI_FSSNO,Türkiye,-1.69099325592209
2009,FI_FSI_FSSNO,Türkiye,0.346317484021372
2010,FI_FSI_FSSNO,Türkiye,-0.120145549207003
2011,FI_FSI_FSSNO,Türkiye,-1.11136028624035
2012,FI_FSI_FSSNO,Türkiye,0.0024569001402221
2013,FI_FSI_FSSNO,Türkiye,-3.45270504474906
2014,FI_FSI_FSSNO,Türkiye,-2.13106314188437
2015,FI_FSI_FSSNO,Türkiye,-0.400276472111421
2016,FI_FSI_FSSNO,Türkiye,0.205056593646296
2017,FI_FSI_FSSNO,Türkiye,0.713251354744684
2018,FI_FSI_FSSNO,Türkiye,1.52170234585531
2019,FI_FSI_FSSNO,Türkiye,-0.997199007950712
2020,FI_FSI_FSSNO,Türkiye,2.66449814240483
2021,FI_FSI_FSSNO,Türkiye,5.46059233690478
2005,FI_FSI_FSSNO,Ukraine,1.35595006936916
2006,FI_FSI_FSSNO,Ukraine,10.8550049455263
2007,FI_FSI_FSSNO,Ukraine,12.8261793102303
2008,FI_FSI_FSSNO,Ukraine,10.8772223512338
2009,FI_FSI_FSSNO,Ukraine,26.432170448004
2010,FI_FSI_FSSNO,Ukraine,39.7801578120753
2011,FI_FSI_FSSNO,Ukraine,43.9250835251814
2012,FI_FSI_FSSNO,Ukraine,37.1421585569853
2013,FI_FSI_FSSNO,Ukraine,19.8292265746235
2014,FI_FSI_FSSNO,Ukraine,35.4698448582857
2015,FI_FSI_FSSNO,Ukraine,36.1452445344053
2016,FI_FSI_FSSNO,Ukraine,57.0667033263691
2017,FI_FSI_FSSNO,Ukraine,43.3130315762203
2018,FI_FSI_FSSNO,Ukraine,46.9948511577019
2019,FI_FSI_FSSNO,Ukraine,47.4396468470466
2020,FI_FSI_FSSNO,Ukraine,32.8487523050931
2021,FI_FSI_FSSNO,Ukraine,30.6727269419041
2005,FI_FSI_FSSNO,North Macedonia,50.4643031938749
2006,FI_FSI_FSSNO,North Macedonia,44.0122517755166
2007,FI_FSI_FSSNO,North Macedonia,36.68374584278
2008,FI_FSI_FSSNO,North Macedonia,24.2110993677754
2009,FI_FSI_FSSNO,North Macedonia,12.4315496458936
2010,FI_FSI_FSSNO,North Macedonia,18.1529403368053
2011,FI_FSI_FSSNO,North Macedonia,20.3441487352246
2012,FI_FSI_FSSNO,North Macedonia,10.9604629057015
2013,FI_FSI_FSSNO,North Macedonia,14.9659278913626
2014,FI_FSI_FSSNO,North Macedonia,16.7402791102782
2015,FI_FSI_FSSNO,North Macedonia,10.5875175649281
2016,FI_FSI_FSSNO,North Macedonia,13.8420638402296
2017,FI_FSI_FSSNO,North Macedonia,5.95587579590808
2018,FI_FSI_FSSNO,North Macedonia,3.65571003349663
2019,FI_FSI_FSSNO,North Macedonia,5.76956524282289
2020,FI_FSI_FSSNO,North Macedonia,9.70090619376279
2021,FI_FSI_FSSNO,North Macedonia,2.02794874538068
2005,FI_FSI_FSSNO,United Kingdom of Great Britain and Northern Ireland,5.82706766917293
2008,FI_FSI_FSSNO,United Kingdom of Great Britain and Northern Ireland,59.3148180571362
2009,FI_FSI_FSSNO,United Kingdom of Great Britain and Northern Ireland,1.36108939275476
2010,FI_FSI_FSSNO,United Kingdom of Great Britain and Northern Ireland,7.2057412186227
2011,FI_FSI_FSSNO,United Kingdom of Great Britain and Northern Ireland,4.59027303718376
2012,FI_FSI_FSSNO,United Kingdom of Great Britain and Northern Ireland,-8.85761363517102
2013,FI_FSI_FSSNO,United Kingdom of Great Britain and Northern Ireland,-13.2580771193468
2014,FI_FSI_FSSNO,United Kingdom of Great Britain and Northern Ireland,5.19898478826314
2015,FI_FSI_FSSNO,United Kingdom of Great Britain and Northern Ireland,-0.754730754401748
2016,FI_FSI_FSSNO,United Kingdom of Great Britain and Northern Ireland,-7.3421967118192
2017,FI_FSI_FSSNO,United Kingdom of Great Britain and Northern Ireland,-8.5697116451916
2018,FI_FSI_FSSNO,United Kingdom of Great Britain and Northern Ireland,-8.448713978424
2019,FI_FSI_FSSNO,United Kingdom of Great Britain and Northern Ireland,-15.0901194650817
2020,FI_FSI_FSSNO,United Kingdom of Great Britain and Northern Ireland,-13.2903202858722
2021,FI_FSI_FSSNO,United Kingdom of Great Britain and Northern Ireland,-8.38754554723612
2013,FI_FSI_FSSNO,Uzbekistan,17.923475390203
2014,FI_FSI_FSSNO,Uzbekistan,16.6012266685955
2015,FI_FSI_FSSNO,Uzbekistan,17.2566323826293
2016,FI_FSI_FSSNO,Uzbekistan,12.6455241277535
2017,FI_FSI_FSSNO,Uzbekistan,13.9990791877132
2018,FI_FSI_FSSNO,Uzbekistan,2.28067598649145
2019,FI_FSI_FSSNO,Uzbekistan,11.279764386529
2020,FI_FSI_FSSNO,Uzbekistan,4.03832580519517
2021,FI_FSI_FSSNO,Uzbekistan,6.03448510849966
2022,FI_FSI_FSSNO,Uzbekistan,1.69473498845541
2022,FI_FSI_FSSNO,Uzbekistan,1.69473498845541
