Year,SeriesCode,GeoAreaName,Value
2000,SM_POP_REFG_OR,Bulgaria,29.7971
2001,SM_POP_REFG_OR,Bulgaria,26.50397
2002,SM_POP_REFG_OR,Bulgaria,35.76893
2003,SM_POP_REFG_OR,Bulgaria,32.49859
2004,SM_POP_REFG_OR,Bulgaria,28.39556
2005,SM_POP_REFG_OR,Bulgaria,54.52812
2006,SM_POP_REFG_OR,Bulgaria,44.29607
2007,SM_POP_REFG_OR,Bulgaria,42.93953
2008,SM_POP_REFG_OR,Bulgaria,39.65015
2009,SM_POP_REFG_OR,Bulgaria,36.0055
2010,SM_POP_REFG_OR,Bulgaria,33.7843
2011,SM_POP_REFG_OR,Bulgaria,30.8794
2012,SM_POP_REFG_OR,Bulgaria,28.72047
2013,SM_POP_REFG_OR,Bulgaria,25.3215
2014,SM_POP_REFG_OR,Bulgaria,22.38859
2015,SM_POP_REFG_OR,Bulgaria,17.36648
2016,SM_POP_REFG_OR,Bulgaria,11.07319
2017,SM_POP_REFG_OR,Bulgaria,10.01294
2018,SM_POP_REFG_OR,Bulgaria,8.75033
2019,SM_POP_REFG_OR,Bulgaria,8.06176
2020,SM_POP_REFG_OR,Bulgaria,7.35016
2021,SM_POP_REFG_OR,Bulgaria,6.65781
2022,SM_POP_REFG_OR,Bulgaria,8.93468
2000,SM_POP_REFG_OR,Belarus,24.57481
2001,SM_POP_REFG_OR,Belarus,36.27673
2002,SM_POP_REFG_OR,Belarus,62.99063
2003,SM_POP_REFG_OR,Belarus,77.86109
2004,SM_POP_REFG_OR,Belarus,82.4596
2000,SM_POP_REFG_OR,Hungary,5.02397
2001,SM_POP_REFG_OR,Hungary,9.33483
2002,SM_POP_REFG_OR,Hungary,34.68164
2003,SM_POP_REFG_OR,Hungary,33.5774
2004,SM_POP_REFG_OR,Hungary,27.2327
2005,SM_POP_REFG_OR,Hungary,34.92885
2006,SM_POP_REFG_OR,Hungary,31.00079
2005,SM_POP_REFG_OR,Belarus,89.27917
2006,SM_POP_REFG_OR,Belarus,95.04861
2007,SM_POP_REFG_OR,Belarus,50.56934
2008,SM_POP_REFG_OR,Belarus,54.99352
2009,SM_POP_REFG_OR,Belarus,56.59132
2010,SM_POP_REFG_OR,Belarus,58.98085
2011,SM_POP_REFG_OR,Belarus,60.97637
2007,SM_POP_REFG_OR,Hungary,33.72445
2008,SM_POP_REFG_OR,Hungary,16.09143
2009,SM_POP_REFG_OR,Hungary,15.34608
2010,SM_POP_REFG_OR,Hungary,14.38731
2011,SM_POP_REFG_OR,Hungary,12.42062
2012,SM_POP_REFG_OR,Hungary,10.9469
2013,SM_POP_REFG_OR,Hungary,12.32781
2000,SM_POP_REFG_OR,Norway,0.0
2001,SM_POP_REFG_OR,Norway,0.0
2002,SM_POP_REFG_OR,Norway,0.10983
2003,SM_POP_REFG_OR,Norway,0.10922
2004,SM_POP_REFG_OR,Norway,0.10854
2005,SM_POP_REFG_OR,Norway,0.25858
2006,SM_POP_REFG_OR,Norway,0.0
2007,SM_POP_REFG_OR,Norway,0.0
2008,SM_POP_REFG_OR,Norway,0.0
2009,SM_POP_REFG_OR,Norway,0.0
2010,SM_POP_REFG_OR,Norway,0.0
2011,SM_POP_REFG_OR,Norway,0.10027
2012,SM_POP_REFG_OR,Norway,0.09898
2013,SM_POP_REFG_OR,Norway,0.29357
2014,SM_POP_REFG_OR,Hungary,12.82183
2015,SM_POP_REFG_OR,Hungary,14.71573
2016,SM_POP_REFG_OR,Hungary,29.67899
2017,SM_POP_REFG_OR,Hungary,34.10143
2018,SM_POP_REFG_OR,Hungary,40.16406
2019,SM_POP_REFG_OR,Hungary,40.99599
2020,SM_POP_REFG_OR,Hungary,47.42368
2021,SM_POP_REFG_OR,Hungary,48.00272
2022,SM_POP_REFG_OR,Hungary,19.58019
2000,SM_POP_REFG_OR,Iceland,1.76284
2001,SM_POP_REFG_OR,Iceland,0.0
2002,SM_POP_REFG_OR,Iceland,4.50199
2003,SM_POP_REFG_OR,Iceland,3.78182
2004,SM_POP_REFG_OR,Iceland,2.72225
2005,SM_POP_REFG_OR,Iceland,3.33111
2006,SM_POP_REFG_OR,Iceland,10.39018
2007,SM_POP_REFG_OR,Iceland,3.16691
2008,SM_POP_REFG_OR,Iceland,3.12808
2009,SM_POP_REFG_OR,Iceland,1.57267
2010,SM_POP_REFG_OR,Iceland,1.56865
2011,SM_POP_REFG_OR,Iceland,0.0
2012,SM_POP_REFG_OR,Iceland,0.0
2013,SM_POP_REFG_OR,Iceland,0.0
2014,SM_POP_REFG_OR,Iceland,0.0
2015,SM_POP_REFG_OR,Iceland,0.0
2016,SM_POP_REFG_OR,Iceland,0.0
2017,SM_POP_REFG_OR,Iceland,1.43395
2018,SM_POP_REFG_OR,Iceland,1.39972
2000,SM_POP_REFG_OR,Albania,214.19602
2001,SM_POP_REFG_OR,Albania,242.39454
2002,SM_POP_REFG_OR,Albania,344.92222
2003,SM_POP_REFG_OR,Albania,336.18746
2004,SM_POP_REFG_OR,Albania,342.51783
2005,SM_POP_REFG_OR,Albania,419.66437
2006,SM_POP_REFG_OR,Albania,468.82274
2019,SM_POP_REFG_OR,Iceland,1.37233
2020,SM_POP_REFG_OR,Iceland,1.355
2021,SM_POP_REFG_OR,Iceland,1.34525
2022,SM_POP_REFG_OR,Iceland,24.66547
2000,SM_POP_REFG_OR,India,1.06587
2001,SM_POP_REFG_OR,India,1.06182
2002,SM_POP_REFG_OR,India,1.29509
2003,SM_POP_REFG_OR,India,1.21599
2004,SM_POP_REFG_OR,India,1.16397
2005,SM_POP_REFG_OR,India,1.39861
2006,SM_POP_REFG_OR,India,1.50678
2007,SM_POP_REFG_OR,India,1.70701
2008,SM_POP_REFG_OR,India,1.60885
2009,SM_POP_REFG_OR,India,1.58233
2014,SM_POP_REFG_OR,Norway,0.29034
2015,SM_POP_REFG_OR,Norway,0.19178
2016,SM_POP_REFG_OR,Norway,0.19016
2017,SM_POP_REFG_OR,Norway,0.28323
2018,SM_POP_REFG_OR,Norway,0.09383
2019,SM_POP_REFG_OR,Norway,0.09315
2020,SM_POP_REFG_OR,Norway,0.09273
2010,SM_POP_REFG_OR,India,1.42224
2011,SM_POP_REFG_OR,India,1.28156
2012,SM_POP_REFG_OR,India,1.11039
2013,SM_POP_REFG_OR,India,0.84901
2014,SM_POP_REFG_OR,India,0.79316
2015,SM_POP_REFG_OR,India,0.74265
2016,SM_POP_REFG_OR,India,0.54119
2017,SM_POP_REFG_OR,India,0.58204
2018,SM_POP_REFG_OR,India,0.69652
2019,SM_POP_REFG_OR,India,0.848
2020,SM_POP_REFG_OR,India,0.88379
2021,SM_POP_REFG_OR,India,1.00755
2022,SM_POP_REFG_OR,India,1.19963
2000,SM_POP_REFG_OR,Ireland,0.13172
2012,SM_POP_REFG_OR,Belarus,63.73823
2013,SM_POP_REFG_OR,Belarus,45.24843
2014,SM_POP_REFG_OR,Belarus,44.28502
2015,SM_POP_REFG_OR,Belarus,42.40468
2016,SM_POP_REFG_OR,Belarus,39.43251
2017,SM_POP_REFG_OR,Belarus,37.59825
2018,SM_POP_REFG_OR,Belarus,36.38644
2021,SM_POP_REFG_OR,Norway,0.09235
2022,SM_POP_REFG_OR,Norway,0.18402
2000,SM_POP_REFG_OR,Poland,2.22143
2001,SM_POP_REFG_OR,Poland,8.24346
2002,SM_POP_REFG_OR,Poland,43.23753
2003,SM_POP_REFG_OR,Poland,39.38524
2004,SM_POP_REFG_OR,Poland,27.67838
2001,SM_POP_REFG_OR,Ireland,0.12946
2002,SM_POP_REFG_OR,Ireland,0.12734
2003,SM_POP_REFG_OR,Ireland,0.15034
2004,SM_POP_REFG_OR,Ireland,0.12276
2005,SM_POP_REFG_OR,Ireland,0.55162
2006,SM_POP_REFG_OR,Ireland,0.11628
2007,SM_POP_REFG_OR,Ireland,0.20364
2008,SM_POP_REFG_OR,Ireland,0.15607
2009,SM_POP_REFG_OR,Ireland,0.15506
2010,SM_POP_REFG_OR,Ireland,0.15436
2011,SM_POP_REFG_OR,Ireland,0.15371
2012,SM_POP_REFG_OR,Ireland,0.15301
2013,SM_POP_REFG_OR,Ireland,0.15208
2014,SM_POP_REFG_OR,Ireland,0.15081
2015,SM_POP_REFG_OR,Ireland,0.10661
2016,SM_POP_REFG_OR,Ireland,0.0
2017,SM_POP_REFG_OR,Ireland,0.0
2018,SM_POP_REFG_OR,Ireland,0.0
2019,SM_POP_REFG_OR,Ireland,0.0
2020,SM_POP_REFG_OR,Ireland,0.0
2021,SM_POP_REFG_OR,Ireland,0.09988
2019,SM_POP_REFG_OR,Belarus,35.43909
2020,SM_POP_REFG_OR,Belarus,32.66533
2021,SM_POP_REFG_OR,Belarus,48.47962
2022,SM_POP_REFG_OR,Belarus,93.46309
2000,SM_POP_REFG_OR,Canada,0.08107
2001,SM_POP_REFG_OR,Canada,0.01604
2002,SM_POP_REFG_OR,Canada,0.1652
2005,SM_POP_REFG_OR,Poland,50.90548
2006,SM_POP_REFG_OR,Poland,35.04723
2007,SM_POP_REFG_OR,Poland,7.55753
2008,SM_POP_REFG_OR,Poland,6.18947
2009,SM_POP_REFG_OR,Poland,5.31856
2010,SM_POP_REFG_OR,Poland,4.55244
2011,SM_POP_REFG_OR,Poland,4.68824
2003,SM_POP_REFG_OR,Canada,0.19205
2004,SM_POP_REFG_OR,Canada,0.17779
2005,SM_POP_REFG_OR,Canada,0.3707
2006,SM_POP_REFG_OR,Canada,0.28753
2007,SM_POP_REFG_OR,Canada,1.60446
2008,SM_POP_REFG_OR,Canada,0.29936
2009,SM_POP_REFG_OR,Canada,0.28713
2010,SM_POP_REFG_OR,Canada,0.25188
2011,SM_POP_REFG_OR,Canada,0.31301
2012,SM_POP_REFG_OR,Canada,0.3469
2013,SM_POP_REFG_OR,Canada,0.26669
2014,SM_POP_REFG_OR,Canada,0.25026
2015,SM_POP_REFG_OR,Canada,0.20333
2016,SM_POP_REFG_OR,Canada,0.20922
2022,SM_POP_REFG_OR,Ireland,0.45788
2000,SM_POP_REFG_OR,Israel,6.70045
2001,SM_POP_REFG_OR,Israel,5.73194
2002,SM_POP_REFG_OR,Israel,8.74341
2003,SM_POP_REFG_OR,Israel,9.57662
2004,SM_POP_REFG_OR,Israel,10.0503
2005,SM_POP_REFG_OR,Israel,9.21302
2012,SM_POP_REFG_OR,Poland,4.2406
2013,SM_POP_REFG_OR,Poland,3.70033
2014,SM_POP_REFG_OR,Poland,3.38558
2015,SM_POP_REFG_OR,Poland,3.36849
2016,SM_POP_REFG_OR,Poland,3.0078
2017,SM_POP_REFG_OR,Poland,2.91425
2018,SM_POP_REFG_OR,Poland,2.81743
2006,SM_POP_REFG_OR,Israel,12.70923
2007,SM_POP_REFG_OR,Israel,21.94248
2008,SM_POP_REFG_OR,Israel,20.81735
2009,SM_POP_REFG_OR,Israel,17.86916
2010,SM_POP_REFG_OR,Israel,17.44288
2011,SM_POP_REFG_OR,Israel,17.57779
2012,SM_POP_REFG_OR,Israel,17.30999
2019,SM_POP_REFG_OR,Poland,2.49747
2020,SM_POP_REFG_OR,Poland,2.37105
2021,SM_POP_REFG_OR,Poland,2.31971
2022,SM_POP_REFG_OR,Poland,2.39098
2000,SM_POP_REFG_OR,Portugal,0.23212
2001,SM_POP_REFG_OR,Portugal,0.13456
2002,SM_POP_REFG_OR,Portugal,0.57375
2017,SM_POP_REFG_OR,Canada,0.20389
2018,SM_POP_REFG_OR,Canada,0.21723
2019,SM_POP_REFG_OR,Canada,0.18804
2020,SM_POP_REFG_OR,Canada,0.17097
2021,SM_POP_REFG_OR,Canada,0.1567
2022,SM_POP_REFG_OR,Canada,0.34066
2000,SM_POP_REFG_OR,Chile,5.557
2013,SM_POP_REFG_OR,Israel,13.16163
2014,SM_POP_REFG_OR,Israel,12.18759
2015,SM_POP_REFG_OR,Israel,9.73647
2016,SM_POP_REFG_OR,Israel,5.91286
2017,SM_POP_REFG_OR,Israel,5.59453
2018,SM_POP_REFG_OR,Israel,5.76738
2019,SM_POP_REFG_OR,Israel,5.20375
2020,SM_POP_REFG_OR,Israel,4.22435
2021,SM_POP_REFG_OR,Israel,5.0495
2022,SM_POP_REFG_OR,Israel,6.43884
2000,SM_POP_REFG_OR,Italy,0.08073
2001,SM_POP_REFG_OR,Italy,0.06315
2002,SM_POP_REFG_OR,Italy,0.38981
2003,SM_POP_REFG_OR,Italy,0.36084
2003,SM_POP_REFG_OR,Portugal,0.51481
2004,SM_POP_REFG_OR,Portugal,0.40898
2005,SM_POP_REFG_OR,Portugal,0.70256
2006,SM_POP_REFG_OR,Portugal,0.23685
2007,SM_POP_REFG_OR,Portugal,0.2742
2008,SM_POP_REFG_OR,Portugal,0.33063
2009,SM_POP_REFG_OR,Portugal,0.2831
2001,SM_POP_REFG_OR,Chile,5.34284
2002,SM_POP_REFG_OR,Chile,10.8045
2003,SM_POP_REFG_OR,Chile,9.71707
2004,SM_POP_REFG_OR,Chile,7.3489
2005,SM_POP_REFG_OR,Chile,5.71513
2006,SM_POP_REFG_OR,Chile,4.86118
2007,SM_POP_REFG_OR,Chile,5.81527
2010,SM_POP_REFG_OR,Portugal,0.2741
2011,SM_POP_REFG_OR,Portugal,0.27489
2012,SM_POP_REFG_OR,Portugal,0.30492
2013,SM_POP_REFG_OR,Portugal,0.25876
2014,SM_POP_REFG_OR,Portugal,0.28896
2015,SM_POP_REFG_OR,Portugal,0.27057
2016,SM_POP_REFG_OR,Portugal,0.19386
2004,SM_POP_REFG_OR,Italy,0.33059
2005,SM_POP_REFG_OR,Italy,0.3755
2006,SM_POP_REFG_OR,Italy,0.18108
2007,SM_POP_REFG_OR,Italy,0.14233
2008,SM_POP_REFG_OR,Italy,0.09591
2009,SM_POP_REFG_OR,Italy,0.07036
2010,SM_POP_REFG_OR,Italy,0.07506
2008,SM_POP_REFG_OR,Chile,5.89928
2009,SM_POP_REFG_OR,Chile,7.71214
2010,SM_POP_REFG_OR,Chile,6.80538
2011,SM_POP_REFG_OR,Chile,6.84818
2012,SM_POP_REFG_OR,Chile,6.57072
2013,SM_POP_REFG_OR,Chile,3.34171
2014,SM_POP_REFG_OR,Chile,3.21155
2011,SM_POP_REFG_OR,Italy,0.09484
2012,SM_POP_REFG_OR,Italy,0.10783
2013,SM_POP_REFG_OR,Italy,0.10605
2014,SM_POP_REFG_OR,Italy,0.10448
2015,SM_POP_REFG_OR,Italy,0.11468
2016,SM_POP_REFG_OR,Italy,0.08157
2017,SM_POP_REFG_OR,Italy,0.08675
2018,SM_POP_REFG_OR,Italy,0.11535
2019,SM_POP_REFG_OR,Italy,0.12743
2020,SM_POP_REFG_OR,Italy,0.10445
2021,SM_POP_REFG_OR,Italy,0.10318
2022,SM_POP_REFG_OR,Italy,0.18124
2000,SM_POP_REFG_OR,Japan,0.00394
2001,SM_POP_REFG_OR,Japan,0.00393
2015,SM_POP_REFG_OR,Chile,3.08433
2016,SM_POP_REFG_OR,Chile,2.71873
2017,SM_POP_REFG_OR,Chile,2.66039
2018,SM_POP_REFG_OR,Chile,2.53805
2019,SM_POP_REFG_OR,Chile,2.5303
2020,SM_POP_REFG_OR,Chile,3.39785
2021,SM_POP_REFG_OR,Chile,5.03741
2007,SM_POP_REFG_OR,Albania,514.8518
2008,SM_POP_REFG_OR,Albania,507.81793
2009,SM_POP_REFG_OR,Albania,534.86953
2010,SM_POP_REFG_OR,Albania,505.7396
2011,SM_POP_REFG_OR,Albania,465.87128
2012,SM_POP_REFG_OR,Albania,433.18241
2013,SM_POP_REFG_OR,Albania,348.99722
2017,SM_POP_REFG_OR,Portugal,0.15537
2018,SM_POP_REFG_OR,Portugal,0.19452
2019,SM_POP_REFG_OR,Portugal,0.24276
2020,SM_POP_REFG_OR,Portugal,0.26219
2021,SM_POP_REFG_OR,Portugal,0.25286
2022,SM_POP_REFG_OR,Portugal,0.27262
2000,SM_POP_REFG_OR,Romania,33.60158
2002,SM_POP_REFG_OR,Japan,0.01099
2003,SM_POP_REFG_OR,Japan,0.01332
2004,SM_POP_REFG_OR,Japan,0.01487
2005,SM_POP_REFG_OR,Japan,0.00782
2006,SM_POP_REFG_OR,Japan,0.12973
2007,SM_POP_REFG_OR,Japan,0.4053
2008,SM_POP_REFG_OR,Japan,0.14285
2022,SM_POP_REFG_OR,Chile,6.31472
2000,SM_POP_REFG_OR,China,10.21982
2001,SM_POP_REFG_OR,China,10.62956
2002,SM_POP_REFG_OR,China,11.67974
2003,SM_POP_REFG_OR,China,11.58628
2004,SM_POP_REFG_OR,China,11.68992
2005,SM_POP_REFG_OR,China,10.83286
2001,SM_POP_REFG_OR,Romania,27.83737
2002,SM_POP_REFG_OR,Romania,40.97047
2003,SM_POP_REFG_OR,Romania,39.18037
2004,SM_POP_REFG_OR,Romania,28.51207
2005,SM_POP_REFG_OR,Romania,54.71846
2006,SM_POP_REFG_OR,Romania,34.68077
2007,SM_POP_REFG_OR,Romania,25.63495
2008,SM_POP_REFG_OR,Romania,23.11768
2009,SM_POP_REFG_OR,Romania,21.31552
2010,SM_POP_REFG_OR,Romania,19.36754
2011,SM_POP_REFG_OR,Romania,16.96
2012,SM_POP_REFG_OR,Romania,13.93782
2013,SM_POP_REFG_OR,Romania,11.63484
2014,SM_POP_REFG_OR,Romania,9.6036
2009,SM_POP_REFG_OR,Japan,0.11551
2010,SM_POP_REFG_OR,Japan,0.11633
2011,SM_POP_REFG_OR,Japan,0.13757
2012,SM_POP_REFG_OR,Japan,0.1354
2013,SM_POP_REFG_OR,Japan,0.1207
2014,SM_POP_REFG_OR,Japan,0.20178
2015,SM_POP_REFG_OR,Japan,0.11012
2015,SM_POP_REFG_OR,Romania,8.71841
2016,SM_POP_REFG_OR,Romania,6.05246
2017,SM_POP_REFG_OR,Romania,6.15585
2018,SM_POP_REFG_OR,Romania,5.90495
2019,SM_POP_REFG_OR,Romania,6.93651
2020,SM_POP_REFG_OR,Romania,6.92422
2021,SM_POP_REFG_OR,Romania,7.35562
2006,SM_POP_REFG_OR,China,11.99477
2007,SM_POP_REFG_OR,China,12.54756
2008,SM_POP_REFG_OR,China,14.3801
2009,SM_POP_REFG_OR,China,14.67677
2010,SM_POP_REFG_OR,China,14.51192
2011,SM_POP_REFG_OR,China,14.83389
2012,SM_POP_REFG_OR,China,14.94143
2016,SM_POP_REFG_OR,Japan,0.04178
2017,SM_POP_REFG_OR,Japan,0.03479
2018,SM_POP_REFG_OR,Japan,0.03332
2019,SM_POP_REFG_OR,Japan,0.03107
2020,SM_POP_REFG_OR,Japan,0.03201
2021,SM_POP_REFG_OR,Japan,0.03138
2022,SM_POP_REFG_OR,Japan,0.0476
2000,SM_POP_REFG_OR,Kazakhstan,16.62665
2001,SM_POP_REFG_OR,Kazakhstan,18.30916
2002,SM_POP_REFG_OR,Kazakhstan,41.07877
2003,SM_POP_REFG_OR,Kazakhstan,42.42808
2004,SM_POP_REFG_OR,Kazakhstan,39.28663
2005,SM_POP_REFG_OR,Kazakhstan,27.46118
2006,SM_POP_REFG_OR,Kazakhstan,46.31255
2013,SM_POP_REFG_OR,China,14.96867
2014,SM_POP_REFG_OR,China,15.97884
2015,SM_POP_REFG_OR,China,16.03888
2016,SM_POP_REFG_OR,China,15.47584
2017,SM_POP_REFG_OR,China,15.38224
2018,SM_POP_REFG_OR,China,15.62405
2019,SM_POP_REFG_OR,China,15.56728
2014,SM_POP_REFG_OR,Albania,351.01641
2015,SM_POP_REFG_OR,Albania,359.72504
2016,SM_POP_REFG_OR,Albania,382.51617
2017,SM_POP_REFG_OR,Albania,420.95693
2018,SM_POP_REFG_OR,Albania,467.68097
2019,SM_POP_REFG_OR,Albania,520.47741
2020,SM_POP_REFG_OR,Albania,539.53821
2020,SM_POP_REFG_OR,China,12.96111
2021,SM_POP_REFG_OR,China,12.60805
2022,SM_POP_REFG_OR,China,12.20277
2000,SM_POP_REFG_OR,Colombia,23.46623
2001,SM_POP_REFG_OR,Colombia,44.65795
2002,SM_POP_REFG_OR,Colombia,75.07473
2003,SM_POP_REFG_OR,Colombia,91.78445
2021,SM_POP_REFG_OR,Albania,692.08774
2022,SM_POP_REFG_OR,Albania,707.85696
2000,SM_POP_REFG_OR,Azerbaijan,3336.18979
2001,SM_POP_REFG_OR,Azerbaijan,3126.49742
2002,SM_POP_REFG_OR,Azerbaijan,2998.86426
2003,SM_POP_REFG_OR,Azerbaijan,2890.65433
2004,SM_POP_REFG_OR,Azerbaijan,2829.7831
2022,SM_POP_REFG_OR,Romania,11.6115
2000,SM_POP_REFG_OR,Serbia,1482.20833
2001,SM_POP_REFG_OR,Serbia,1455.94066
2002,SM_POP_REFG_OR,Serbia,3253.84257
2003,SM_POP_REFG_OR,Serbia,2963.17585
2004,SM_POP_REFG_OR,Serbia,2390.59726
2005,SM_POP_REFG_OR,Serbia,1933.78424
2004,SM_POP_REFG_OR,Colombia,112.83834
2005,SM_POP_REFG_OR,Colombia,142.02628
2006,SM_POP_REFG_OR,Colombia,168.82031
2007,SM_POP_REFG_OR,Colombia,1250.5726
2008,SM_POP_REFG_OR,Colombia,840.59103
2009,SM_POP_REFG_OR,Colombia,866.99846
2010,SM_POP_REFG_OR,Colombia,870.10702
2006,SM_POP_REFG_OR,Serbia,1782.21085
2007,SM_POP_REFG_OR,Serbia,1705.46705
2008,SM_POP_REFG_OR,Serbia,1918.41935
2009,SM_POP_REFG_OR,Serbia,2024.95196
2010,SM_POP_REFG_OR,Serbia,1907.0613
2011,SM_POP_REFG_OR,Serbia,1688.45806
2012,SM_POP_REFG_OR,Serbia,1663.65525
2007,SM_POP_REFG_OR,Kazakhstan,32.49159
2008,SM_POP_REFG_OR,Kazakhstan,29.60038
2009,SM_POP_REFG_OR,Kazakhstan,22.6551
2010,SM_POP_REFG_OR,Kazakhstan,21.67735
2011,SM_POP_REFG_OR,Kazakhstan,20.58663
2012,SM_POP_REFG_OR,Kazakhstan,20.70703
2013,SM_POP_REFG_OR,Kazakhstan,12.09998
2014,SM_POP_REFG_OR,Kazakhstan,12.52411
2015,SM_POP_REFG_OR,Kazakhstan,12.60129
2016,SM_POP_REFG_OR,Kazakhstan,12.99768
2017,SM_POP_REFG_OR,Kazakhstan,13.05399
2018,SM_POP_REFG_OR,Kazakhstan,13.51208
2019,SM_POP_REFG_OR,Kazakhstan,14.61528
2020,SM_POP_REFG_OR,Kazakhstan,14.35066
2011,SM_POP_REFG_OR,Colombia,861.7712
2012,SM_POP_REFG_OR,Colombia,849.21778
2013,SM_POP_REFG_OR,Colombia,846.62643
2014,SM_POP_REFG_OR,Colombia,762.43932
2015,SM_POP_REFG_OR,Colombia,713.25837
2016,SM_POP_REFG_OR,Colombia,645.1062
2017,SM_POP_REFG_OR,Colombia,391.18945
2013,SM_POP_REFG_OR,Serbia,518.30199
2014,SM_POP_REFG_OR,Serbia,489.76647
2015,SM_POP_REFG_OR,Serbia,415.06874
2016,SM_POP_REFG_OR,Serbia,398.82982
2017,SM_POP_REFG_OR,Serbia,361.20553
2018,SM_POP_REFG_OR,Serbia,353.78745
2019,SM_POP_REFG_OR,Serbia,343.77829
2021,SM_POP_REFG_OR,Kazakhstan,16.57106
2022,SM_POP_REFG_OR,Kazakhstan,18.46757
2000,SM_POP_REFG_OR,Republic of Korea,0.14704
2001,SM_POP_REFG_OR,Republic of Korea,0.17584
2002,SM_POP_REFG_OR,Republic of Korea,0.51434
2003,SM_POP_REFG_OR,Republic of Korea,0.49537
2004,SM_POP_REFG_OR,Republic of Korea,0.56259
2018,SM_POP_REFG_OR,Colombia,277.74166
2019,SM_POP_REFG_OR,Colombia,372.50118
2020,SM_POP_REFG_OR,Colombia,369.14375
2021,SM_POP_REFG_OR,Colombia,223.08612
2022,SM_POP_REFG_OR,Colombia,223.4076
2000,SM_POP_REFG_OR,Costa Rica,1.36904
2001,SM_POP_REFG_OR,Costa Rica,2.10311
2002,SM_POP_REFG_OR,Costa Rica,2.33383
2003,SM_POP_REFG_OR,Costa Rica,2.15581
2004,SM_POP_REFG_OR,Costa Rica,3.17411
2005,SM_POP_REFG_OR,Costa Rica,4.04838
2006,SM_POP_REFG_OR,Costa Rica,6.41813
2007,SM_POP_REFG_OR,Costa Rica,8.07372
2008,SM_POP_REFG_OR,Costa Rica,7.80895
2009,SM_POP_REFG_OR,Costa Rica,7.48853
2010,SM_POP_REFG_OR,Costa Rica,7.56744
2011,SM_POP_REFG_OR,Costa Rica,7.05028
2012,SM_POP_REFG_OR,Costa Rica,6.82084
2013,SM_POP_REFG_OR,Costa Rica,9.60771
2014,SM_POP_REFG_OR,Costa Rica,8.50032
2015,SM_POP_REFG_OR,Costa Rica,7.60029
2005,SM_POP_REFG_OR,Azerbaijan,2613.40997
2006,SM_POP_REFG_OR,Azerbaijan,1409.37545
2007,SM_POP_REFG_OR,Azerbaijan,177.82281
2008,SM_POP_REFG_OR,Azerbaijan,179.79069
2009,SM_POP_REFG_OR,Azerbaijan,184.29007
2010,SM_POP_REFG_OR,Azerbaijan,179.91355
2011,SM_POP_REFG_OR,Azerbaijan,171.3149
2020,SM_POP_REFG_OR,Serbia,332.02702
2021,SM_POP_REFG_OR,Serbia,354.53799
2022,SM_POP_REFG_OR,Serbia,347.13807
2000,SM_POP_REFG_OR,Slovakia,4.01684
2001,SM_POP_REFG_OR,Slovakia,3.51566
2002,SM_POP_REFG_OR,Slovakia,11.08786
2003,SM_POP_REFG_OR,Slovakia,12.42845
2016,SM_POP_REFG_OR,Costa Rica,4.06429
2017,SM_POP_REFG_OR,Costa Rica,3.88604
2018,SM_POP_REFG_OR,Costa Rica,4.08775
2019,SM_POP_REFG_OR,Costa Rica,4.03481
2020,SM_POP_REFG_OR,Costa Rica,4.04586
2021,SM_POP_REFG_OR,Costa Rica,4.54783
2022,SM_POP_REFG_OR,Costa Rica,4.94105
2000,SM_POP_REFG_OR,Croatia,6904.72733
2001,SM_POP_REFG_OR,Croatia,6067.33696
2002,SM_POP_REFG_OR,Croatia,5790.0097
2003,SM_POP_REFG_OR,Croatia,4917.80689
2004,SM_POP_REFG_OR,Croatia,4632.41742
2005,SM_POP_REFG_OR,Croatia,2623.13343
2006,SM_POP_REFG_OR,Croatia,2081.13839
2004,SM_POP_REFG_OR,Slovakia,11.49472
2005,SM_POP_REFG_OR,Slovakia,14.63503
2006,SM_POP_REFG_OR,Slovakia,13.7771
2007,SM_POP_REFG_OR,Slovakia,6.43199
2008,SM_POP_REFG_OR,Slovakia,6.18431
2009,SM_POP_REFG_OR,Slovakia,6.22922
2010,SM_POP_REFG_OR,Slovakia,2.90773
2005,SM_POP_REFG_OR,Republic of Korea,0.55457
2006,SM_POP_REFG_OR,Republic of Korea,2.7693
2007,SM_POP_REFG_OR,Republic of Korea,2.44883
2008,SM_POP_REFG_OR,Republic of Korea,2.26642
2009,SM_POP_REFG_OR,Republic of Korea,1.16458
2010,SM_POP_REFG_OR,Republic of Korea,1.18103
2011,SM_POP_REFG_OR,Republic of Korea,1.02833
2007,SM_POP_REFG_OR,Croatia,2231.92915
2008,SM_POP_REFG_OR,Croatia,2163.06219
2009,SM_POP_REFG_OR,Croatia,1717.6137
2010,SM_POP_REFG_OR,Croatia,1487.73174
2011,SM_POP_REFG_OR,Croatia,1422.27551
2012,SM_POP_REFG_OR,Croatia,1428.27681
2013,SM_POP_REFG_OR,Croatia,1144.64988
2014,SM_POP_REFG_OR,Croatia,930.64933
2015,SM_POP_REFG_OR,Croatia,783.02916
2016,SM_POP_REFG_OR,Croatia,619.37759
2017,SM_POP_REFG_OR,Croatia,591.98162
2018,SM_POP_REFG_OR,Croatia,578.20051
2019,SM_POP_REFG_OR,Croatia,574.9279
2020,SM_POP_REFG_OR,Croatia,571.61995
2011,SM_POP_REFG_OR,Slovakia,5.0126
2012,SM_POP_REFG_OR,Slovakia,4.26775
2013,SM_POP_REFG_OR,Slovakia,5.92542
2014,SM_POP_REFG_OR,Slovakia,5.82764
2015,SM_POP_REFG_OR,Slovakia,5.98847
2016,SM_POP_REFG_OR,Slovakia,14.56838
2017,SM_POP_REFG_OR,Slovakia,16.77042
2012,SM_POP_REFG_OR,Republic of Korea,1.11292
2013,SM_POP_REFG_OR,Republic of Korea,0.98353
2014,SM_POP_REFG_OR,Republic of Korea,0.94116
2015,SM_POP_REFG_OR,Republic of Korea,0.67576
2016,SM_POP_REFG_OR,Republic of Korea,0.47259
2017,SM_POP_REFG_OR,Republic of Korea,0.46314
2018,SM_POP_REFG_OR,Republic of Korea,0.52947
2021,SM_POP_REFG_OR,Croatia,445.47594
2022,SM_POP_REFG_OR,Croatia,441.35393
2000,SM_POP_REFG_OR,Cyprus,1.25459
2001,SM_POP_REFG_OR,Cyprus,0.51377
2002,SM_POP_REFG_OR,Cyprus,0.50443
2003,SM_POP_REFG_OR,Cyprus,0.49529
2004,SM_POP_REFG_OR,Cyprus,0.0
2018,SM_POP_REFG_OR,Slovakia,22.34242
2019,SM_POP_REFG_OR,Slovakia,24.60205
2020,SM_POP_REFG_OR,Slovakia,25.06791
2021,SM_POP_REFG_OR,Slovakia,26.20909
2022,SM_POP_REFG_OR,Slovakia,10.66609
2000,SM_POP_REFG_OR,Viet Nam,464.70517
2001,SM_POP_REFG_OR,Viet Nam,438.35157
2005,SM_POP_REFG_OR,Cyprus,0.47789
2006,SM_POP_REFG_OR,Cyprus,0.46965
2007,SM_POP_REFG_OR,Cyprus,0.92325
2008,SM_POP_REFG_OR,Cyprus,0.90771
2009,SM_POP_REFG_OR,Cyprus,0.89262
2010,SM_POP_REFG_OR,Cyprus,0.87789
2011,SM_POP_REFG_OR,Cyprus,0.86873
2002,SM_POP_REFG_OR,Viet Nam,458.93596
2003,SM_POP_REFG_OR,Viet Nam,441.52209
2004,SM_POP_REFG_OR,Viet Nam,421.02485
2005,SM_POP_REFG_OR,Viet Nam,426.96226
2006,SM_POP_REFG_OR,Viet Nam,441.75514
2007,SM_POP_REFG_OR,Viet Nam,383.35059
2008,SM_POP_REFG_OR,Viet Nam,380.05626
2009,SM_POP_REFG_OR,Viet Nam,388.72874
2010,SM_POP_REFG_OR,Viet Nam,383.95289
2011,SM_POP_REFG_OR,Viet Nam,378.90511
2012,SM_POP_REFG_OR,Viet Nam,373.8814
2013,SM_POP_REFG_OR,Viet Nam,344.91659
2014,SM_POP_REFG_OR,Viet Nam,340.56127
2015,SM_POP_REFG_OR,Viet Nam,336.79886
2019,SM_POP_REFG_OR,Republic of Korea,0.3471
2020,SM_POP_REFG_OR,Republic of Korea,0.28168
2021,SM_POP_REFG_OR,Republic of Korea,0.22574
2022,SM_POP_REFG_OR,Republic of Korea,0.23931
2000,SM_POP_REFG_OR,Kyrgyzstan,15.06136
2001,SM_POP_REFG_OR,Kyrgyzstan,13.72734
2002,SM_POP_REFG_OR,Kyrgyzstan,58.42871
2016,SM_POP_REFG_OR,Viet Nam,350.67384
2017,SM_POP_REFG_OR,Viet Nam,352.34029
2018,SM_POP_REFG_OR,Viet Nam,349.5495
2019,SM_POP_REFG_OR,Viet Nam,327.85006
2020,SM_POP_REFG_OR,Viet Nam,325.14769
2021,SM_POP_REFG_OR,Viet Nam,323.69288
2022,SM_POP_REFG_OR,Viet Nam,15.94053
2012,SM_POP_REFG_OR,Cyprus,0.86056
2013,SM_POP_REFG_OR,Cyprus,0.8533
2014,SM_POP_REFG_OR,Cyprus,0.84596
2015,SM_POP_REFG_OR,Cyprus,0.0
2016,SM_POP_REFG_OR,Cyprus,0.0
2017,SM_POP_REFG_OR,Cyprus,0.0
2018,SM_POP_REFG_OR,Cyprus,0.57194
2003,SM_POP_REFG_OR,Kyrgyzstan,61.48324
2004,SM_POP_REFG_OR,Kyrgyzstan,63.55688
2005,SM_POP_REFG_OR,Kyrgyzstan,59.87591
2006,SM_POP_REFG_OR,Kyrgyzstan,47.24524
2007,SM_POP_REFG_OR,Kyrgyzstan,42.44429
2008,SM_POP_REFG_OR,Kyrgyzstan,46.96866
2009,SM_POP_REFG_OR,Kyrgyzstan,47.86212
2010,SM_POP_REFG_OR,Kyrgyzstan,49.80378
2011,SM_POP_REFG_OR,Kyrgyzstan,56.55356
2012,SM_POP_REFG_OR,Kyrgyzstan,61.46935
2013,SM_POP_REFG_OR,Kyrgyzstan,39.86279
2014,SM_POP_REFG_OR,Kyrgyzstan,41.74693
2015,SM_POP_REFG_OR,Kyrgyzstan,41.8523
2016,SM_POP_REFG_OR,Kyrgyzstan,42.33451
2000,SM_POP_REFG_OR,Slovenia,164.99117
2001,SM_POP_REFG_OR,Slovenia,38.44134
2002,SM_POP_REFG_OR,Slovenia,42.93103
2003,SM_POP_REFG_OR,Slovenia,30.50102
2004,SM_POP_REFG_OR,Slovenia,28.98181
2005,SM_POP_REFG_OR,Slovenia,7.66537
2006,SM_POP_REFG_OR,Slovenia,86.9796
2019,SM_POP_REFG_OR,Cyprus,0.0
2020,SM_POP_REFG_OR,Cyprus,0.0
2021,SM_POP_REFG_OR,Cyprus,0.40093
2022,SM_POP_REFG_OR,Cyprus,0.0
2000,SM_POP_REFG_OR,Czechia,7.90908
2001,SM_POP_REFG_OR,Czechia,11.50111
2002,SM_POP_REFG_OR,Czechia,68.14161
2017,SM_POP_REFG_OR,Kyrgyzstan,44.87592
2018,SM_POP_REFG_OR,Kyrgyzstan,46.73545
2019,SM_POP_REFG_OR,Kyrgyzstan,46.4763
2020,SM_POP_REFG_OR,Kyrgyzstan,44.48867
2021,SM_POP_REFG_OR,Kyrgyzstan,46.11688
2022,SM_POP_REFG_OR,Kyrgyzstan,49.09646
2000,SM_POP_REFG_OR,Latvia,20.36532
2007,SM_POP_REFG_OR,Slovenia,2.31727
2008,SM_POP_REFG_OR,Slovenia,2.40206
2009,SM_POP_REFG_OR,Slovenia,1.70621
2010,SM_POP_REFG_OR,Slovenia,1.6963
2011,SM_POP_REFG_OR,Slovenia,1.45092
2012,SM_POP_REFG_OR,Slovenia,1.54506
2013,SM_POP_REFG_OR,Slovenia,1.30203
2003,SM_POP_REFG_OR,Czechia,65.29846
2004,SM_POP_REFG_OR,Czechia,44.07166
2005,SM_POP_REFG_OR,Czechia,34.86441
2006,SM_POP_REFG_OR,Czechia,20.69529
2007,SM_POP_REFG_OR,Czechia,13.3134
2008,SM_POP_REFG_OR,Czechia,13.01683
2009,SM_POP_REFG_OR,Czechia,10.14984
2001,SM_POP_REFG_OR,Latvia,26.03495
2002,SM_POP_REFG_OR,Latvia,133.16189
2003,SM_POP_REFG_OR,Latvia,139.04695
2004,SM_POP_REFG_OR,Latvia,125.37107
2005,SM_POP_REFG_OR,Latvia,109.3376
2006,SM_POP_REFG_OR,Latvia,64.99217
2007,SM_POP_REFG_OR,Latvia,30.51096
2014,SM_POP_REFG_OR,Slovenia,1.20413
2015,SM_POP_REFG_OR,Slovenia,1.00692
2016,SM_POP_REFG_OR,Slovenia,0.95488
2017,SM_POP_REFG_OR,Slovenia,0.80863
2018,SM_POP_REFG_OR,Slovenia,0.90066
2019,SM_POP_REFG_OR,Slovenia,0.89781
2020,SM_POP_REFG_OR,Slovenia,0.80225
2010,SM_POP_REFG_OR,Czechia,7.73276
2011,SM_POP_REFG_OR,Czechia,7.2146
2012,SM_POP_REFG_OR,Czechia,5.8952
2013,SM_POP_REFG_OR,Czechia,9.35924
2014,SM_POP_REFG_OR,Czechia,12.55347
2015,SM_POP_REFG_OR,Czechia,12.15897
2016,SM_POP_REFG_OR,Czechia,12.0222
2008,SM_POP_REFG_OR,Latvia,35.76284
2009,SM_POP_REFG_OR,Latvia,37.2106
2010,SM_POP_REFG_OR,Latvia,34.07398
2011,SM_POP_REFG_OR,Latvia,34.1757
2012,SM_POP_REFG_OR,Latvia,32.40579
2013,SM_POP_REFG_OR,Latvia,11.28144
2014,SM_POP_REFG_OR,Latvia,10.29231
2021,SM_POP_REFG_OR,Slovenia,0.80196
2022,SM_POP_REFG_OR,Slovenia,0.56608
2000,SM_POP_REFG_OR,Spain,0.1836
2001,SM_POP_REFG_OR,Spain,0.10953
2002,SM_POP_REFG_OR,Spain,0.13852
2003,SM_POP_REFG_OR,Spain,0.11975
2004,SM_POP_REFG_OR,Spain,0.12231
2017,SM_POP_REFG_OR,Czechia,12.07447
2018,SM_POP_REFG_OR,Czechia,11.73002
2019,SM_POP_REFG_OR,Czechia,11.06359
2020,SM_POP_REFG_OR,Czechia,10.56521
2021,SM_POP_REFG_OR,Czechia,7.22024
2022,SM_POP_REFG_OR,Czechia,5.82204
2000,SM_POP_REFG_OR,Denmark,0.48172
2001,SM_POP_REFG_OR,Denmark,0.09231
2002,SM_POP_REFG_OR,Denmark,0.11041
2003,SM_POP_REFG_OR,Denmark,0.18338
2004,SM_POP_REFG_OR,Denmark,0.18268
2005,SM_POP_REFG_OR,Denmark,0.18198
2006,SM_POP_REFG_OR,Denmark,0.18125
2007,SM_POP_REFG_OR,Denmark,0.2708
2015,SM_POP_REFG_OR,Latvia,9.43107
2016,SM_POP_REFG_OR,Latvia,8.3991
2017,SM_POP_REFG_OR,Latvia,8.32667
2018,SM_POP_REFG_OR,Latvia,7.89193
2019,SM_POP_REFG_OR,Latvia,7.54959
2020,SM_POP_REFG_OR,Latvia,7.57815
2021,SM_POP_REFG_OR,Latvia,6.55526
2005,SM_POP_REFG_OR,Spain,0.11126
2006,SM_POP_REFG_OR,Spain,5.4499
2007,SM_POP_REFG_OR,Spain,0.08099
2008,SM_POP_REFG_OR,Spain,0.05622
2009,SM_POP_REFG_OR,Spain,0.07314
2010,SM_POP_REFG_OR,Spain,0.08787
2011,SM_POP_REFG_OR,Spain,0.08974
2008,SM_POP_REFG_OR,Denmark,0.17975
2009,SM_POP_REFG_OR,Denmark,0.179
2010,SM_POP_REFG_OR,Denmark,0.10691
2011,SM_POP_REFG_OR,Denmark,0.10644
2012,SM_POP_REFG_OR,Denmark,0.10597
2013,SM_POP_REFG_OR,Denmark,0.10553
2014,SM_POP_REFG_OR,Denmark,0.19256
2012,SM_POP_REFG_OR,Spain,0.11775
2013,SM_POP_REFG_OR,Spain,0.12044
2014,SM_POP_REFG_OR,Spain,0.12922
2015,SM_POP_REFG_OR,Spain,0.12923
2016,SM_POP_REFG_OR,Spain,0.07309
2017,SM_POP_REFG_OR,Spain,0.0836
2018,SM_POP_REFG_OR,Spain,0.09801
2022,SM_POP_REFG_OR,Latvia,5.72739
2000,SM_POP_REFG_OR,Liechtenstein,0.0
2001,SM_POP_REFG_OR,Liechtenstein,0.0
2002,SM_POP_REFG_OR,Liechtenstein,0.0
2003,SM_POP_REFG_OR,Liechtenstein,0.0
2004,SM_POP_REFG_OR,Liechtenstein,0.0
2005,SM_POP_REFG_OR,Liechtenstein,0.0
2015,SM_POP_REFG_OR,Denmark,0.19161
2016,SM_POP_REFG_OR,Denmark,0.0
2017,SM_POP_REFG_OR,Denmark,0.0
2018,SM_POP_REFG_OR,Denmark,0.0
2019,SM_POP_REFG_OR,Denmark,0.08528
2020,SM_POP_REFG_OR,Denmark,0.08484
2021,SM_POP_REFG_OR,Denmark,0.13511
2019,SM_POP_REFG_OR,Spain,0.10775
2020,SM_POP_REFG_OR,Spain,0.10971
2021,SM_POP_REFG_OR,Spain,0.1156
2022,SM_POP_REFG_OR,Spain,0.12406
2000,SM_POP_REFG_OR,Sweden,0.19137
2001,SM_POP_REFG_OR,Sweden,0.05612
2002,SM_POP_REFG_OR,Sweden,0.30195
2006,SM_POP_REFG_OR,Liechtenstein,0.0
2007,SM_POP_REFG_OR,Liechtenstein,0.0
2008,SM_POP_REFG_OR,Liechtenstein,0.0
2009,SM_POP_REFG_OR,Liechtenstein,0.0
2010,SM_POP_REFG_OR,Liechtenstein,0.0
2011,SM_POP_REFG_OR,Liechtenstein,0.0
2012,SM_POP_REFG_OR,Liechtenstein,0.0
2022,SM_POP_REFG_OR,Denmark,0.0
2000,SM_POP_REFG_OR,Estonia,33.02097
2001,SM_POP_REFG_OR,Estonia,34.90192
2002,SM_POP_REFG_OR,Estonia,76.88155
2003,SM_POP_REFG_OR,Estonia,74.67506
2004,SM_POP_REFG_OR,Estonia,62.44603
2005,SM_POP_REFG_OR,Estonia,54.61258
2013,SM_POP_REFG_OR,Liechtenstein,0.0
2014,SM_POP_REFG_OR,Liechtenstein,0.0
2015,SM_POP_REFG_OR,Liechtenstein,0.0
2016,SM_POP_REFG_OR,Liechtenstein,0.0
2017,SM_POP_REFG_OR,Liechtenstein,0.0
2018,SM_POP_REFG_OR,Liechtenstein,0.0
2019,SM_POP_REFG_OR,Liechtenstein,0.0
2003,SM_POP_REFG_OR,Sweden,0.3897
2004,SM_POP_REFG_OR,Sweden,0.33232
2005,SM_POP_REFG_OR,Sweden,0.82634
2006,SM_POP_REFG_OR,Sweden,0.17518
2007,SM_POP_REFG_OR,Sweden,0.18488
2008,SM_POP_REFG_OR,Sweden,0.17272
2009,SM_POP_REFG_OR,Sweden,0.16061
2006,SM_POP_REFG_OR,Estonia,46.29898
2007,SM_POP_REFG_OR,Estonia,19.27406
2008,SM_POP_REFG_OR,Estonia,18.56369
2009,SM_POP_REFG_OR,Estonia,18.67044
2010,SM_POP_REFG_OR,Estonia,18.19683
2011,SM_POP_REFG_OR,Estonia,16.97571
2012,SM_POP_REFG_OR,Estonia,34.45349
2010,SM_POP_REFG_OR,Sweden,0.24406
2011,SM_POP_REFG_OR,Sweden,0.24183
2012,SM_POP_REFG_OR,Sweden,0.21872
2013,SM_POP_REFG_OR,Sweden,0.18563
2014,SM_POP_REFG_OR,Sweden,0.18371
2015,SM_POP_REFG_OR,Sweden,0.18181
2016,SM_POP_REFG_OR,Sweden,0.12992
2020,SM_POP_REFG_OR,Liechtenstein,0.0
2021,SM_POP_REFG_OR,Liechtenstein,12.75478
2022,SM_POP_REFG_OR,Liechtenstein,12.7123
2000,SM_POP_REFG_OR,Lithuania,4.3275
2001,SM_POP_REFG_OR,Lithuania,5.93404
2002,SM_POP_REFG_OR,Lithuania,39.06399
2003,SM_POP_REFG_OR,Lithuania,44.51878
2013,SM_POP_REFG_OR,Estonia,26.51682
2014,SM_POP_REFG_OR,Estonia,25.88317
2015,SM_POP_REFG_OR,Estonia,23.92939
2016,SM_POP_REFG_OR,Estonia,23.02264
2017,SM_POP_REFG_OR,Estonia,21.82493
2018,SM_POP_REFG_OR,Estonia,21.20319
2019,SM_POP_REFG_OR,Estonia,20.61142
2020,SM_POP_REFG_OR,Estonia,20.82583
2021,SM_POP_REFG_OR,Estonia,20.40861
2022,SM_POP_REFG_OR,Estonia,12.21513
2000,SM_POP_REFG_OR,Finland,0.0965
2001,SM_POP_REFG_OR,Finland,0.0
2002,SM_POP_REFG_OR,Finland,0.15366
2003,SM_POP_REFG_OR,Finland,0.11495
2017,SM_POP_REFG_OR,Sweden,0.13847
2018,SM_POP_REFG_OR,Sweden,0.15664
2019,SM_POP_REFG_OR,Sweden,0.12595
2020,SM_POP_REFG_OR,Sweden,0.0768
2021,SM_POP_REFG_OR,Sweden,0.08557
2022,SM_POP_REFG_OR,Sweden,0.15167
2000,SM_POP_REFG_OR,Switzerland,0.95811
2004,SM_POP_REFG_OR,Lithuania,43.2327
2005,SM_POP_REFG_OR,Lithuania,42.988
2006,SM_POP_REFG_OR,Lithuania,28.37682
2007,SM_POP_REFG_OR,Lithuania,14.19438
2008,SM_POP_REFG_OR,Lithuania,15.17831
2009,SM_POP_REFG_OR,Lithuania,15.69619
2010,SM_POP_REFG_OR,Lithuania,16.28707
2012,SM_POP_REFG_OR,Azerbaijan,162.4732
2013,SM_POP_REFG_OR,Azerbaijan,111.53725
2014,SM_POP_REFG_OR,Azerbaijan,107.06017
2015,SM_POP_REFG_OR,Azerbaijan,97.73328
2016,SM_POP_REFG_OR,Azerbaijan,100.77502
2017,SM_POP_REFG_OR,Azerbaijan,107.59626
2018,SM_POP_REFG_OR,Azerbaijan,110.22006
2001,SM_POP_REFG_OR,Switzerland,0.8279
2002,SM_POP_REFG_OR,Switzerland,0.75283
2003,SM_POP_REFG_OR,Switzerland,0.46222
2004,SM_POP_REFG_OR,Switzerland,0.14852
2005,SM_POP_REFG_OR,Switzerland,0.18791
2006,SM_POP_REFG_OR,Switzerland,0.50668
2007,SM_POP_REFG_OR,Switzerland,0.43512
2011,SM_POP_REFG_OR,Lithuania,16.97177
2012,SM_POP_REFG_OR,Lithuania,15.98764
2013,SM_POP_REFG_OR,Lithuania,7.20696
2014,SM_POP_REFG_OR,Lithuania,6.10887
2015,SM_POP_REFG_OR,Lithuania,4.84979
2016,SM_POP_REFG_OR,Lithuania,2.53513
2017,SM_POP_REFG_OR,Lithuania,2.5259
2008,SM_POP_REFG_OR,Switzerland,0.41599
2009,SM_POP_REFG_OR,Switzerland,0.24433
2010,SM_POP_REFG_OR,Switzerland,0.25418
2011,SM_POP_REFG_OR,Switzerland,0.25146
2012,SM_POP_REFG_OR,Switzerland,0.19905
2013,SM_POP_REFG_OR,Switzerland,0.13516
2014,SM_POP_REFG_OR,Switzerland,0.19425
2004,SM_POP_REFG_OR,Finland,0.0
2005,SM_POP_REFG_OR,Finland,0.09514
2006,SM_POP_REFG_OR,Finland,0.1895
2007,SM_POP_REFG_OR,Finland,0.09433
2008,SM_POP_REFG_OR,Finland,0.0
2009,SM_POP_REFG_OR,Finland,0.11212
2010,SM_POP_REFG_OR,Finland,0.11162
2015,SM_POP_REFG_OR,Switzerland,0.19216
2016,SM_POP_REFG_OR,Switzerland,0.05939
2017,SM_POP_REFG_OR,Switzerland,0.05893
2018,SM_POP_REFG_OR,Switzerland,0.05852
2019,SM_POP_REFG_OR,Switzerland,0.0581
2020,SM_POP_REFG_OR,Switzerland,0.05766
2021,SM_POP_REFG_OR,Switzerland,0.0
2018,SM_POP_REFG_OR,Lithuania,2.30581
2019,SM_POP_REFG_OR,Lithuania,2.15095
2020,SM_POP_REFG_OR,Lithuania,2.06796
2021,SM_POP_REFG_OR,Lithuania,1.95036
2022,SM_POP_REFG_OR,Lithuania,2.29081
2000,SM_POP_REFG_OR,Luxembourg,0.0
2001,SM_POP_REFG_OR,Luxembourg,0.0
2022,SM_POP_REFG_OR,Switzerland,0.05721
2000,SM_POP_REFG_OR,Tajikistan,936.20843
2001,SM_POP_REFG_OR,Tajikistan,859.01325
2002,SM_POP_REFG_OR,Tajikistan,948.29866
2003,SM_POP_REFG_OR,Tajikistan,867.21839
2004,SM_POP_REFG_OR,Tajikistan,820.19539
2005,SM_POP_REFG_OR,Tajikistan,776.90663
2011,SM_POP_REFG_OR,Finland,0.11109
2012,SM_POP_REFG_OR,Finland,0.09214
2013,SM_POP_REFG_OR,Finland,0.09172
2014,SM_POP_REFG_OR,Finland,0.09138
2015,SM_POP_REFG_OR,Finland,0.18224
2016,SM_POP_REFG_OR,Finland,0.09086
2017,SM_POP_REFG_OR,Finland,0.09069
2018,SM_POP_REFG_OR,Finland,0.09061
2019,SM_POP_REFG_OR,Finland,0.0
2020,SM_POP_REFG_OR,Finland,0.0
2021,SM_POP_REFG_OR,Finland,0.09028
2022,SM_POP_REFG_OR,Finland,0.09024
2000,SM_POP_REFG_OR,France,0.12573
2001,SM_POP_REFG_OR,France,0.06924
2006,SM_POP_REFG_OR,Tajikistan,9.06964
2007,SM_POP_REFG_OR,Tajikistan,12.22496
2008,SM_POP_REFG_OR,Tajikistan,7.31572
2009,SM_POP_REFG_OR,Tajikistan,7.37083
2010,SM_POP_REFG_OR,Tajikistan,7.44017
2011,SM_POP_REFG_OR,Tajikistan,7.67532
2012,SM_POP_REFG_OR,Tajikistan,8.31608
2002,SM_POP_REFG_OR,Luxembourg,0.0
2003,SM_POP_REFG_OR,Luxembourg,0.0
2004,SM_POP_REFG_OR,Luxembourg,0.0
2005,SM_POP_REFG_OR,Luxembourg,0.0
2006,SM_POP_REFG_OR,Luxembourg,0.0
2007,SM_POP_REFG_OR,Luxembourg,0.0
2008,SM_POP_REFG_OR,Luxembourg,0.0
2009,SM_POP_REFG_OR,Luxembourg,0.0
2010,SM_POP_REFG_OR,Luxembourg,0.0
2011,SM_POP_REFG_OR,Luxembourg,0.0
2012,SM_POP_REFG_OR,Luxembourg,0.0
2013,SM_POP_REFG_OR,Luxembourg,0.0
2014,SM_POP_REFG_OR,Luxembourg,0.0
2015,SM_POP_REFG_OR,Luxembourg,0.0
2016,SM_POP_REFG_OR,Luxembourg,0.0
2017,SM_POP_REFG_OR,Luxembourg,0.0
2018,SM_POP_REFG_OR,Luxembourg,0.0
2019,SM_POP_REFG_OR,Luxembourg,0.79861
2020,SM_POP_REFG_OR,Luxembourg,0.78774
2021,SM_POP_REFG_OR,Luxembourg,0.0
2022,SM_POP_REFG_OR,Luxembourg,0.0
2002,SM_POP_REFG_OR,France,0.15443
2003,SM_POP_REFG_OR,France,0.18356
2004,SM_POP_REFG_OR,France,0.18563
2005,SM_POP_REFG_OR,France,0.47093
2006,SM_POP_REFG_OR,France,0.12918
2007,SM_POP_REFG_OR,France,0.16084
2008,SM_POP_REFG_OR,France,0.15661
2013,SM_POP_REFG_OR,Tajikistan,7.98309
2014,SM_POP_REFG_OR,Tajikistan,8.57056
2015,SM_POP_REFG_OR,Tajikistan,9.15894
2016,SM_POP_REFG_OR,Tajikistan,10.55863
2017,SM_POP_REFG_OR,Tajikistan,15.16655
2018,SM_POP_REFG_OR,Tajikistan,18.35829
2019,SM_POP_REFG_OR,Tajikistan,21.03802
2009,SM_POP_REFG_OR,France,0.12842
2010,SM_POP_REFG_OR,France,0.14368
2011,SM_POP_REFG_OR,France,0.14613
2012,SM_POP_REFG_OR,France,0.14866
2013,SM_POP_REFG_OR,France,0.14492
2014,SM_POP_REFG_OR,France,0.13179
2015,SM_POP_REFG_OR,France,0.14079
2000,SM_POP_REFG_OR,Malta,4.2418
2001,SM_POP_REFG_OR,Malta,1.73459
2002,SM_POP_REFG_OR,Malta,1.72475
2003,SM_POP_REFG_OR,Malta,1.47061
2004,SM_POP_REFG_OR,Malta,0.0
2005,SM_POP_REFG_OR,Malta,0.0
2006,SM_POP_REFG_OR,Malta,6.07367
2020,SM_POP_REFG_OR,Tajikistan,23.00479
2021,SM_POP_REFG_OR,Tajikistan,24.4651
2022,SM_POP_REFG_OR,Tajikistan,31.20764
2000,SM_POP_REFG_OR,United Arab Emirates,0.50527
2001,SM_POP_REFG_OR,United Arab Emirates,0.50792
2002,SM_POP_REFG_OR,United Arab Emirates,0.77884
2003,SM_POP_REFG_OR,United Arab Emirates,0.40989
2016,SM_POP_REFG_OR,France,0.07801
2017,SM_POP_REFG_OR,France,0.08407
2018,SM_POP_REFG_OR,France,0.09167
2019,SM_POP_REFG_OR,France,0.07754
2020,SM_POP_REFG_OR,France,0.07594
2021,SM_POP_REFG_OR,France,0.05884
2022,SM_POP_REFG_OR,France,0.08817
2007,SM_POP_REFG_OR,Malta,2.42375
2008,SM_POP_REFG_OR,Malta,2.41407
2009,SM_POP_REFG_OR,Malta,2.39934
2010,SM_POP_REFG_OR,Malta,1.18837
2011,SM_POP_REFG_OR,Malta,1.17259
2012,SM_POP_REFG_OR,Malta,1.15363
2013,SM_POP_REFG_OR,Malta,1.13213
2019,SM_POP_REFG_OR,Azerbaijan,113.03671
2020,SM_POP_REFG_OR,Azerbaijan,975.85634
2021,SM_POP_REFG_OR,Azerbaijan,380.72779
2022,SM_POP_REFG_OR,Azerbaijan,400.31901
2000,SM_POP_REFG_OR,Australia,0.0
2001,SM_POP_REFG_OR,Australia,0.0
2002,SM_POP_REFG_OR,Australia,0.04595
2014,SM_POP_REFG_OR,Malta,0.0
2015,SM_POP_REFG_OR,Malta,0.0
2016,SM_POP_REFG_OR,Malta,0.0
2017,SM_POP_REFG_OR,Malta,0.0
2018,SM_POP_REFG_OR,Malta,1.00466
2019,SM_POP_REFG_OR,Malta,0.98116
2020,SM_POP_REFG_OR,Malta,0.95946
2004,SM_POP_REFG_OR,United Arab Emirates,1.6898
2005,SM_POP_REFG_OR,United Arab Emirates,0.69216
2006,SM_POP_REFG_OR,United Arab Emirates,4.88774
2007,SM_POP_REFG_OR,United Arab Emirates,4.74606
2008,SM_POP_REFG_OR,United Arab Emirates,3.37679
2009,SM_POP_REFG_OR,United Arab Emirates,4.8729
2010,SM_POP_REFG_OR,United Arab Emirates,4.90037
2011,SM_POP_REFG_OR,United Arab Emirates,5.61397
2012,SM_POP_REFG_OR,United Arab Emirates,6.65927
2013,SM_POP_REFG_OR,United Arab Emirates,0.95512
2014,SM_POP_REFG_OR,United Arab Emirates,0.94623
2015,SM_POP_REFG_OR,United Arab Emirates,1.01601
2016,SM_POP_REFG_OR,United Arab Emirates,1.14037
2017,SM_POP_REFG_OR,United Arab Emirates,1.50472
2021,SM_POP_REFG_OR,Malta,1.31485
2022,SM_POP_REFG_OR,Malta,0.0
2000,SM_POP_REFG_OR,Mexico,1.30581
2001,SM_POP_REFG_OR,Mexico,1.58953
2002,SM_POP_REFG_OR,Mexico,1.64041
2003,SM_POP_REFG_OR,Mexico,1.59915
2004,SM_POP_REFG_OR,Mexico,1.66165
2018,SM_POP_REFG_OR,United Arab Emirates,1.84177
2019,SM_POP_REFG_OR,United Arab Emirates,1.67609
2020,SM_POP_REFG_OR,United Arab Emirates,1.94056
2021,SM_POP_REFG_OR,United Arab Emirates,1.70151
2022,SM_POP_REFG_OR,United Arab Emirates,1.90652
2000,SM_POP_REFG_OR,Türkiye,72.9608
2001,SM_POP_REFG_OR,Türkiye,71.76601
2000,SM_POP_REFG_OR,Georgia,516.8692
2001,SM_POP_REFG_OR,Georgia,425.84927
2002,SM_POP_REFG_OR,Georgia,419.05084
2003,SM_POP_REFG_OR,Georgia,310.99652
2004,SM_POP_REFG_OR,Georgia,166.27534
2005,SM_POP_REFG_OR,Georgia,184.3019
2006,SM_POP_REFG_OR,Georgia,161.39314
2007,SM_POP_REFG_OR,Georgia,302.33214
2008,SM_POP_REFG_OR,Georgia,324.73584
2009,SM_POP_REFG_OR,Georgia,389.10476
2010,SM_POP_REFG_OR,Georgia,276.94635
2011,SM_POP_REFG_OR,Georgia,264.53989
2012,SM_POP_REFG_OR,Georgia,243.55541
2013,SM_POP_REFG_OR,Georgia,179.37824
2002,SM_POP_REFG_OR,Türkiye,290.7968
2003,SM_POP_REFG_OR,Türkiye,274.18368
2004,SM_POP_REFG_OR,Türkiye,255.12738
2005,SM_POP_REFG_OR,Türkiye,246.01058
2006,SM_POP_REFG_OR,Türkiye,323.36944
2007,SM_POP_REFG_OR,Türkiye,312.07928
2008,SM_POP_REFG_OR,Türkiye,297.88568
2009,SM_POP_REFG_OR,Türkiye,200.93109
2010,SM_POP_REFG_OR,Türkiye,198.80407
2011,SM_POP_REFG_OR,Türkiye,186.8483
2012,SM_POP_REFG_OR,Türkiye,178.02639
2013,SM_POP_REFG_OR,Türkiye,86.07632
2014,SM_POP_REFG_OR,Türkiye,80.83241
2015,SM_POP_REFG_OR,Türkiye,74.07421
2005,SM_POP_REFG_OR,Mexico,2.17474
2006,SM_POP_REFG_OR,Mexico,3.06769
2007,SM_POP_REFG_OR,Mexico,5.10781
2008,SM_POP_REFG_OR,Mexico,5.58116
2009,SM_POP_REFG_OR,Mexico,5.7571
2010,SM_POP_REFG_OR,Mexico,6.0077
2011,SM_POP_REFG_OR,Mexico,6.4978
2014,SM_POP_REFG_OR,Georgia,176.98347
2015,SM_POP_REFG_OR,Georgia,172.22039
2016,SM_POP_REFG_OR,Georgia,169.53446
2017,SM_POP_REFG_OR,Georgia,172.94092
2018,SM_POP_REFG_OR,Georgia,184.76375
2019,SM_POP_REFG_OR,Georgia,199.08905
2020,SM_POP_REFG_OR,Georgia,194.85478
2016,SM_POP_REFG_OR,Türkiye,70.82615
2017,SM_POP_REFG_OR,Türkiye,74.37812
2018,SM_POP_REFG_OR,Türkiye,82.79201
2019,SM_POP_REFG_OR,Türkiye,99.21816
2020,SM_POP_REFG_OR,Türkiye,110.85367
2021,SM_POP_REFG_OR,Türkiye,123.26658
2022,SM_POP_REFG_OR,Türkiye,119.87898
2000,SM_POP_REFG_OR,Turkmenistan,6.49573
2001,SM_POP_REFG_OR,Turkmenistan,6.53417
2002,SM_POP_REFG_OR,Turkmenistan,16.84537
2003,SM_POP_REFG_OR,Turkmenistan,17.45908
2004,SM_POP_REFG_OR,Turkmenistan,16.79409
2005,SM_POP_REFG_OR,Turkmenistan,16.62505
2006,SM_POP_REFG_OR,Turkmenistan,13.80961
2012,SM_POP_REFG_OR,Mexico,7.23979
2013,SM_POP_REFG_OR,Mexico,7.95942
2014,SM_POP_REFG_OR,Mexico,8.93182
2015,SM_POP_REFG_OR,Mexico,9.3844
2016,SM_POP_REFG_OR,Mexico,8.49852
2017,SM_POP_REFG_OR,Mexico,9.45827
2018,SM_POP_REFG_OR,Mexico,10.33129
2021,SM_POP_REFG_OR,Georgia,259.20305
2022,SM_POP_REFG_OR,Georgia,317.43927
2000,SM_POP_REFG_OR,Germany,1.44954
2001,SM_POP_REFG_OR,Germany,1.26153
2002,SM_POP_REFG_OR,Germany,1.13513
2003,SM_POP_REFG_OR,Germany,0.88443
2004,SM_POP_REFG_OR,Germany,0.09109
2007,SM_POP_REFG_OR,Turkmenistan,13.17696
2008,SM_POP_REFG_OR,Turkmenistan,14.30044
2009,SM_POP_REFG_OR,Turkmenistan,14.05139
2010,SM_POP_REFG_OR,Turkmenistan,13.6063
2011,SM_POP_REFG_OR,Turkmenistan,13.14393
2012,SM_POP_REFG_OR,Turkmenistan,12.85067
2013,SM_POP_REFG_OR,Turkmenistan,8.94518
2005,SM_POP_REFG_OR,Germany,0.09238
2006,SM_POP_REFG_OR,Germany,0.14044
2007,SM_POP_REFG_OR,Germany,0.15518
2008,SM_POP_REFG_OR,Germany,0.19941
2009,SM_POP_REFG_OR,Germany,0.20545
2010,SM_POP_REFG_OR,Germany,0.19541
2011,SM_POP_REFG_OR,Germany,0.20741
2019,SM_POP_REFG_OR,Mexico,11.6386
2020,SM_POP_REFG_OR,Mexico,12.18181
2021,SM_POP_REFG_OR,Mexico,12.91163
2022,SM_POP_REFG_OR,Mexico,12.72268
2000,SM_POP_REFG_OR,Republic of Moldova,62.66035
2001,SM_POP_REFG_OR,Republic of Moldova,89.29612
2002,SM_POP_REFG_OR,Republic of Moldova,245.00696
2014,SM_POP_REFG_OR,Turkmenistan,8.22351
2015,SM_POP_REFG_OR,Turkmenistan,7.66526
2016,SM_POP_REFG_OR,Turkmenistan,6.26744
2017,SM_POP_REFG_OR,Turkmenistan,6.06511
2018,SM_POP_REFG_OR,Turkmenistan,7.47596
2019,SM_POP_REFG_OR,Turkmenistan,7.70366
2020,SM_POP_REFG_OR,Turkmenistan,7.90852
2012,SM_POP_REFG_OR,Germany,0.21321
2013,SM_POP_REFG_OR,Germany,0.20061
2014,SM_POP_REFG_OR,Germany,0.2074
2015,SM_POP_REFG_OR,Germany,0.18618
2016,SM_POP_REFG_OR,Germany,0.08123
2017,SM_POP_REFG_OR,Germany,0.07974
2018,SM_POP_REFG_OR,Germany,0.07347
2003,SM_POP_REFG_OR,Republic of Moldova,273.17601
2004,SM_POP_REFG_OR,Republic of Moldova,295.53735
2005,SM_POP_REFG_OR,Republic of Moldova,302.53108
2006,SM_POP_REFG_OR,Republic of Moldova,297.8664
2007,SM_POP_REFG_OR,Republic of Moldova,127.64162
2008,SM_POP_REFG_OR,Republic of Moldova,146.60944
2009,SM_POP_REFG_OR,Republic of Moldova,159.17453
2021,SM_POP_REFG_OR,Turkmenistan,8.81373
2022,SM_POP_REFG_OR,Turkmenistan,27.26768
2000,SM_POP_REFG_OR,Ukraine,39.67314
2001,SM_POP_REFG_OR,Ukraine,55.41637
2002,SM_POP_REFG_OR,Ukraine,178.13043
2003,SM_POP_REFG_OR,Ukraine,198.07479
2004,SM_POP_REFG_OR,Ukraine,189.87428
2019,SM_POP_REFG_OR,Germany,0.08287
2020,SM_POP_REFG_OR,Germany,0.08514
2021,SM_POP_REFG_OR,Germany,0.07072
2022,SM_POP_REFG_OR,Germany,0.12235
2000,SM_POP_REFG_OR,Greece,1.1214
2001,SM_POP_REFG_OR,Greece,0.83882
2002,SM_POP_REFG_OR,Greece,2.66507
2010,SM_POP_REFG_OR,Republic of Moldova,170.23892
2011,SM_POP_REFG_OR,Republic of Moldova,175.94848
2012,SM_POP_REFG_OR,Republic of Moldova,177.25947
2013,SM_POP_REFG_OR,Republic of Moldova,65.5192
2014,SM_POP_REFG_OR,Republic of Moldova,67.41119
2015,SM_POP_REFG_OR,Republic of Moldova,70.40393
2016,SM_POP_REFG_OR,Republic of Moldova,72.2934
2005,SM_POP_REFG_OR,Ukraine,179.88916
2006,SM_POP_REFG_OR,Ukraine,136.9834
2007,SM_POP_REFG_OR,Ukraine,56.23113
2008,SM_POP_REFG_OR,Ukraine,61.80334
2009,SM_POP_REFG_OR,Ukraine,53.51662
2010,SM_POP_REFG_OR,Ukraine,55.03249
2011,SM_POP_REFG_OR,Ukraine,55.79982
2003,SM_POP_REFG_OR,Greece,2.41118
2004,SM_POP_REFG_OR,Greece,1.98817
2005,SM_POP_REFG_OR,Greece,2.99685
2006,SM_POP_REFG_OR,Greece,0.83777
2007,SM_POP_REFG_OR,Greece,0.83016
2008,SM_POP_REFG_OR,Greece,0.6055
2009,SM_POP_REFG_OR,Greece,0.55224
2017,SM_POP_REFG_OR,Republic of Moldova,73.97088
2018,SM_POP_REFG_OR,Republic of Moldova,76.67076
2019,SM_POP_REFG_OR,Republic of Moldova,78.35475
2020,SM_POP_REFG_OR,Republic of Moldova,71.6961
2021,SM_POP_REFG_OR,Republic of Moldova,71.79073
2022,SM_POP_REFG_OR,Republic of Moldova,110.47984
2000,SM_POP_REFG_OR,Montenegro,0.0
2012,SM_POP_REFG_OR,Ukraine,55.62043
2013,SM_POP_REFG_OR,Ukraine,11.38975
2014,SM_POP_REFG_OR,Ukraine,524.6832
2015,SM_POP_REFG_OR,Ukraine,710.48702
2016,SM_POP_REFG_OR,Ukraine,531.35322
2017,SM_POP_REFG_OR,Ukraine,312.24783
2018,SM_POP_REFG_OR,Ukraine,209.90104
2010,SM_POP_REFG_OR,Greece,0.4718
2011,SM_POP_REFG_OR,Greece,0.49145
2012,SM_POP_REFG_OR,Greece,0.43878
2013,SM_POP_REFG_OR,Greece,0.80811
2014,SM_POP_REFG_OR,Greece,0.99663
2015,SM_POP_REFG_OR,Greece,1.02997
2016,SM_POP_REFG_OR,Greece,0.94193
2019,SM_POP_REFG_OR,Ukraine,135.54535
2020,SM_POP_REFG_OR,Ukraine,80.33124
2021,SM_POP_REFG_OR,Ukraine,63.56291
2022,SM_POP_REFG_OR,Ukraine,12046.95866
2000,SM_POP_REFG_OR,North Macedonia,106.22467
2001,SM_POP_REFG_OR,North Macedonia,587.96637
2002,SM_POP_REFG_OR,North Macedonia,390.23591
2001,SM_POP_REFG_OR,Montenegro,0.0
2002,SM_POP_REFG_OR,Montenegro,0.0
2003,SM_POP_REFG_OR,Montenegro,0.0
2004,SM_POP_REFG_OR,Montenegro,0.0
2005,SM_POP_REFG_OR,Montenegro,0.0
2006,SM_POP_REFG_OR,Montenegro,21.50619
2007,SM_POP_REFG_OR,Montenegro,87.79423
2003,SM_POP_REFG_OR,North Macedonia,287.52209
2004,SM_POP_REFG_OR,North Macedonia,245.16865
2005,SM_POP_REFG_OR,North Macedonia,411.94492
2006,SM_POP_REFG_OR,North Macedonia,379.70535
2007,SM_POP_REFG_OR,North Macedonia,385.72548
2008,SM_POP_REFG_OR,North Macedonia,358.55431
2009,SM_POP_REFG_OR,North Macedonia,377.25335
2008,SM_POP_REFG_OR,Montenegro,202.33699
2009,SM_POP_REFG_OR,Montenegro,406.87232
2010,SM_POP_REFG_OR,Montenegro,511.2763
2011,SM_POP_REFG_OR,Montenegro,581.39992
2012,SM_POP_REFG_OR,Montenegro,635.47925
2013,SM_POP_REFG_OR,Montenegro,85.37369
2014,SM_POP_REFG_OR,Montenegro,94.66415
2010,SM_POP_REFG_OR,North Macedonia,374.55907
2011,SM_POP_REFG_OR,North Macedonia,364.53874
2012,SM_POP_REFG_OR,North Macedonia,359.63204
2013,SM_POP_REFG_OR,North Macedonia,77.04113
2014,SM_POP_REFG_OR,North Macedonia,83.08882
2015,SM_POP_REFG_OR,North Macedonia,83.80478
2016,SM_POP_REFG_OR,North Macedonia,81.87283
2017,SM_POP_REFG_OR,Greece,0.99419
2018,SM_POP_REFG_OR,Greece,1.00898
2019,SM_POP_REFG_OR,Greece,0.90103
2020,SM_POP_REFG_OR,Greece,0.85868
2021,SM_POP_REFG_OR,Greece,0.83576
2022,SM_POP_REFG_OR,Greece,1.0881
2000,SM_POP_REFG_OR,Uzbekistan,14.46168
2015,SM_POP_REFG_OR,Montenegro,101.84391
2016,SM_POP_REFG_OR,Montenegro,112.53476
2017,SM_POP_REFG_OR,Montenegro,111.26723
2018,SM_POP_REFG_OR,Montenegro,113.20151
2019,SM_POP_REFG_OR,Montenegro,104.5121
2020,SM_POP_REFG_OR,Montenegro,84.29625
2021,SM_POP_REFG_OR,Montenegro,99.1825
2017,SM_POP_REFG_OR,North Macedonia,78.18165
2018,SM_POP_REFG_OR,North Macedonia,81.33082
2019,SM_POP_REFG_OR,North Macedonia,84.31767
2020,SM_POP_REFG_OR,North Macedonia,74.70274
2021,SM_POP_REFG_OR,North Macedonia,87.69829
2022,SM_POP_REFG_OR,North Macedonia,90.71821
2000,SM_POP_REFG_OR,United Kingdom of Great Britain and Northern Ireland,0.18358
2001,SM_POP_REFG_OR,Uzbekistan,13.58934
2002,SM_POP_REFG_OR,Uzbekistan,26.72476
2003,SM_POP_REFG_OR,Uzbekistan,28.35701
2004,SM_POP_REFG_OR,Uzbekistan,27.61091
2005,SM_POP_REFG_OR,Uzbekistan,31.10725
2006,SM_POP_REFG_OR,Uzbekistan,33.53806
2007,SM_POP_REFG_OR,Uzbekistan,20.56293
2001,SM_POP_REFG_OR,United Kingdom of Great Britain and Northern Ireland,0.17439
2002,SM_POP_REFG_OR,United Kingdom of Great Britain and Northern Ireland,0.26368
2003,SM_POP_REFG_OR,United Kingdom of Great Britain and Northern Ireland,0.24235
2004,SM_POP_REFG_OR,United Kingdom of Great Britain and Northern Ireland,0.23257
2005,SM_POP_REFG_OR,United Kingdom of Great Britain and Northern Ireland,0.21956
2006,SM_POP_REFG_OR,United Kingdom of Great Britain and Northern Ireland,0.27651
2007,SM_POP_REFG_OR,United Kingdom of Great Britain and Northern Ireland,0.31955
2008,SM_POP_REFG_OR,Uzbekistan,22.52949
2009,SM_POP_REFG_OR,Uzbekistan,23.4589
2010,SM_POP_REFG_OR,Uzbekistan,30.64965
2011,SM_POP_REFG_OR,Uzbekistan,43.24526
2012,SM_POP_REFG_OR,Uzbekistan,38.9821
2013,SM_POP_REFG_OR,Uzbekistan,16.39865
2014,SM_POP_REFG_OR,Uzbekistan,15.60305
2008,SM_POP_REFG_OR,United Kingdom of Great Britain and Northern Ireland,0.29138
2009,SM_POP_REFG_OR,United Kingdom of Great Britain and Northern Ireland,0.24611
2010,SM_POP_REFG_OR,United Kingdom of Great Britain and Northern Ireland,0.23933
2011,SM_POP_REFG_OR,United Kingdom of Great Britain and Northern Ireland,0.2342
2012,SM_POP_REFG_OR,United Kingdom of Great Britain and Northern Ireland,0.23231
2013,SM_POP_REFG_OR,United Kingdom of Great Britain and Northern Ireland,0.21521
2014,SM_POP_REFG_OR,United Kingdom of Great Britain and Northern Ireland,0.20906
2022,SM_POP_REFG_OR,Montenegro,98.13636
2000,SM_POP_REFG_OR,Netherlands (Kingdom of the),0.08782
2001,SM_POP_REFG_OR,Netherlands (Kingdom of the),0.03121
2002,SM_POP_REFG_OR,Netherlands (Kingdom of the),0.19884
2003,SM_POP_REFG_OR,Netherlands (Kingdom of the),0.23512
2004,SM_POP_REFG_OR,Netherlands (Kingdom of the),0.27726
2005,SM_POP_REFG_OR,Netherlands (Kingdom of the),0.95128
2006,SM_POP_REFG_OR,Netherlands (Kingdom of the),0.25064
2007,SM_POP_REFG_OR,Netherlands (Kingdom of the),0.26789
2008,SM_POP_REFG_OR,Netherlands (Kingdom of the),0.27884
2009,SM_POP_REFG_OR,Netherlands (Kingdom of the),0.26545
2010,SM_POP_REFG_OR,Netherlands (Kingdom of the),0.31215
2011,SM_POP_REFG_OR,Netherlands (Kingdom of the),0.3643
2012,SM_POP_REFG_OR,Netherlands (Kingdom of the),0.41007
2015,SM_POP_REFG_OR,Uzbekistan,13.44817
2016,SM_POP_REFG_OR,Uzbekistan,12.06063
2017,SM_POP_REFG_OR,Uzbekistan,10.57712
2018,SM_POP_REFG_OR,Uzbekistan,10.01415
2019,SM_POP_REFG_OR,Uzbekistan,9.67615
2020,SM_POP_REFG_OR,Uzbekistan,9.20357
2021,SM_POP_REFG_OR,Uzbekistan,8.77283
2015,SM_POP_REFG_OR,United Kingdom of Great Britain and Northern Ireland,0.19401
2016,SM_POP_REFG_OR,United Kingdom of Great Britain and Northern Ireland,0.11744
2017,SM_POP_REFG_OR,United Kingdom of Great Britain and Northern Ireland,0.1272
2018,SM_POP_REFG_OR,United Kingdom of Great Britain and Northern Ireland,0.12503
2019,SM_POP_REFG_OR,United Kingdom of Great Britain and Northern Ireland,0.10216
2020,SM_POP_REFG_OR,United Kingdom of Great Britain and Northern Ireland,0.09148
2021,SM_POP_REFG_OR,United Kingdom of Great Britain and Northern Ireland,0.14851
2013,SM_POP_REFG_OR,Netherlands (Kingdom of the),0.34894
2014,SM_POP_REFG_OR,Netherlands (Kingdom of the),0.37059
2015,SM_POP_REFG_OR,Netherlands (Kingdom of the),0.37465
2016,SM_POP_REFG_OR,Netherlands (Kingdom of the),0.18641
2017,SM_POP_REFG_OR,Netherlands (Kingdom of the),0.22611
2018,SM_POP_REFG_OR,Netherlands (Kingdom of the),0.23666
2019,SM_POP_REFG_OR,Netherlands (Kingdom of the),0.31605
2003,SM_POP_REFG_OR,Australia,0.06058
2004,SM_POP_REFG_OR,Australia,0.05489
2005,SM_POP_REFG_OR,Australia,0.20194
2006,SM_POP_REFG_OR,Australia,0.14057
2007,SM_POP_REFG_OR,Australia,0.27103
2008,SM_POP_REFG_OR,Australia,0.17237
2009,SM_POP_REFG_OR,Australia,0.10523
2010,SM_POP_REFG_OR,Australia,0.17131
2011,SM_POP_REFG_OR,Australia,0.16864
2012,SM_POP_REFG_OR,Australia,0.20501
2013,SM_POP_REFG_OR,Australia,0.11589
2014,SM_POP_REFG_OR,Australia,0.11421
2015,SM_POP_REFG_OR,Australia,0.0875
2016,SM_POP_REFG_OR,Australia,0.06149
2020,SM_POP_REFG_OR,Netherlands (Kingdom of the),0.29198
2021,SM_POP_REFG_OR,Netherlands (Kingdom of the),0.33074
2022,SM_POP_REFG_OR,Netherlands (Kingdom of the),0.27329
2000,SM_POP_REFG_OR,New Zealand,0.0
2001,SM_POP_REFG_OR,New Zealand,0.0
2002,SM_POP_REFG_OR,New Zealand,0.0
2003,SM_POP_REFG_OR,New Zealand,0.0
2004,SM_POP_REFG_OR,New Zealand,0.0
2005,SM_POP_REFG_OR,New Zealand,0.12023
2006,SM_POP_REFG_OR,New Zealand,0.16651
2007,SM_POP_REFG_OR,New Zealand,0.2829
2008,SM_POP_REFG_OR,New Zealand,0.18686
2009,SM_POP_REFG_OR,New Zealand,0.20799
2010,SM_POP_REFG_OR,New Zealand,0.25181
2017,SM_POP_REFG_OR,Australia,0.04034
2018,SM_POP_REFG_OR,Australia,0.03973
2019,SM_POP_REFG_OR,Australia,0.0783
2020,SM_POP_REFG_OR,Australia,0.07753
2021,SM_POP_REFG_OR,Australia,0.06143
2022,SM_POP_REFG_OR,Australia,0.12988
2000,SM_POP_REFG_OR,Austria,0.41149
2011,SM_POP_REFG_OR,New Zealand,0.29565
2012,SM_POP_REFG_OR,New Zealand,0.42924
2013,SM_POP_REFG_OR,New Zealand,0.33498
2014,SM_POP_REFG_OR,New Zealand,0.30745
2015,SM_POP_REFG_OR,New Zealand,0.34553
2016,SM_POP_REFG_OR,New Zealand,0.53096
2017,SM_POP_REFG_OR,New Zealand,0.71025
2001,SM_POP_REFG_OR,Austria,0.335
2002,SM_POP_REFG_OR,Austria,0.88906
2003,SM_POP_REFG_OR,Austria,0.83519
2004,SM_POP_REFG_OR,Austria,0.53654
2005,SM_POP_REFG_OR,Austria,0.7512
2006,SM_POP_REFG_OR,Austria,0.36223
2007,SM_POP_REFG_OR,Austria,0.22871
2008,SM_POP_REFG_OR,Austria,0.17997
2009,SM_POP_REFG_OR,Austria,0.17962
2010,SM_POP_REFG_OR,Austria,0.11941
2011,SM_POP_REFG_OR,Austria,0.11894
2012,SM_POP_REFG_OR,Austria,0.17748
2013,SM_POP_REFG_OR,Austria,0.05877
2014,SM_POP_REFG_OR,Austria,0.05824
2015,SM_POP_REFG_OR,Austria,0.0
2016,SM_POP_REFG_OR,Austria,0.0
2017,SM_POP_REFG_OR,Austria,0.11335
2018,SM_POP_REFG_OR,Austria,0.27092
2019,SM_POP_REFG_OR,Austria,0.20222
2020,SM_POP_REFG_OR,Austria,0.20192
2021,SM_POP_REFG_OR,Austria,0.25757
2022,SM_POP_REFG_OR,Austria,0.29084
2000,SM_POP_REFG_OR,Armenia,183.41488
2001,SM_POP_REFG_OR,Armenia,230.6571
2002,SM_POP_REFG_OR,Armenia,426.34465
2003,SM_POP_REFG_OR,Armenia,426.07358
2004,SM_POP_REFG_OR,Armenia,436.79545
2005,SM_POP_REFG_OR,Armenia,457.56761
2006,SM_POP_REFG_OR,Armenia,492.20372
2007,SM_POP_REFG_OR,Armenia,512.91151
2008,SM_POP_REFG_OR,Armenia,546.37881
2009,SM_POP_REFG_OR,Armenia,605.45895
2010,SM_POP_REFG_OR,Armenia,594.10445
2011,SM_POP_REFG_OR,Armenia,561.40243
2012,SM_POP_REFG_OR,Armenia,545.07739
2013,SM_POP_REFG_OR,Armenia,412.63946
2014,SM_POP_REFG_OR,Armenia,408.69277
2015,SM_POP_REFG_OR,Armenia,388.80616
2016,SM_POP_REFG_OR,Armenia,373.04722
2017,SM_POP_REFG_OR,Armenia,377.76781
2018,SM_POP_REFG_OR,Armenia,388.76703
2019,SM_POP_REFG_OR,Armenia,388.24732
2020,SM_POP_REFG_OR,Armenia,367.88173
2021,SM_POP_REFG_OR,Armenia,438.3861
2022,SM_POP_REFG_OR,Armenia,516.86724
2000,SM_POP_REFG_OR,Belgium,0.19444
2001,SM_POP_REFG_OR,Belgium,0.10646
2002,SM_POP_REFG_OR,Belgium,0.20234
2003,SM_POP_REFG_OR,Belgium,0.38363
2004,SM_POP_REFG_OR,Belgium,0.39101
2005,SM_POP_REFG_OR,Belgium,0.90061
2006,SM_POP_REFG_OR,Belgium,0.59335
2007,SM_POP_REFG_OR,Belgium,0.4958
2008,SM_POP_REFG_OR,Belgium,0.53885
2009,SM_POP_REFG_OR,Belgium,0.60891
2010,SM_POP_REFG_OR,Belgium,0.73281
2011,SM_POP_REFG_OR,Belgium,0.80038
2012,SM_POP_REFG_OR,Belgium,0.82221
2013,SM_POP_REFG_OR,Belgium,0.68229
2014,SM_POP_REFG_OR,Belgium,0.67768
2015,SM_POP_REFG_OR,Belgium,0.585
2016,SM_POP_REFG_OR,Belgium,0.38761
2017,SM_POP_REFG_OR,Belgium,0.45545
2018,SM_POP_REFG_OR,Belgium,0.43554
2019,SM_POP_REFG_OR,Belgium,0.29459
2020,SM_POP_REFG_OR,Belgium,0.24175
2021,SM_POP_REFG_OR,Belgium,0.24913
2022,SM_POP_REFG_OR,Belgium,0.23164
2000,SM_POP_REFG_OR,Bosnia and Herzegovina,10762.64112
2001,SM_POP_REFG_OR,Bosnia and Herzegovina,9619.50231
2002,SM_POP_REFG_OR,Bosnia and Herzegovina,8835.22596
2003,SM_POP_REFG_OR,Bosnia and Herzegovina,6706.3083
2004,SM_POP_REFG_OR,Bosnia and Herzegovina,5271.01571
2005,SM_POP_REFG_OR,Bosnia and Herzegovina,2625.92526
2006,SM_POP_REFG_OR,Bosnia and Herzegovina,4716.11287
2007,SM_POP_REFG_OR,Bosnia and Herzegovina,1930.4746
2008,SM_POP_REFG_OR,Bosnia and Herzegovina,1865.89111
2009,SM_POP_REFG_OR,Bosnia and Herzegovina,1788.26508
2010,SM_POP_REFG_OR,Bosnia and Herzegovina,1640.33544
2011,SM_POP_REFG_OR,Bosnia and Herzegovina,1554.69915
2012,SM_POP_REFG_OR,Bosnia and Herzegovina,1403.54707
2013,SM_POP_REFG_OR,Bosnia and Herzegovina,739.56357
2014,SM_POP_REFG_OR,Bosnia and Herzegovina,613.17461
2015,SM_POP_REFG_OR,Bosnia and Herzegovina,532.96558
2016,SM_POP_REFG_OR,Bosnia and Herzegovina,523.05071
2017,SM_POP_REFG_OR,Bosnia and Herzegovina,514.61833
2018,SM_POP_REFG_OR,Bosnia and Herzegovina,499.0868
2019,SM_POP_REFG_OR,Bosnia and Herzegovina,493.10058
2020,SM_POP_REFG_OR,Bosnia and Herzegovina,470.43277
2021,SM_POP_REFG_OR,Bosnia and Herzegovina,557.22108
2022,SM_POP_REFG_OR,Bosnia and Herzegovina,558.96881
2022,SM_POP_REFG_OR,Uzbekistan,10.8572
2018,SM_POP_REFG_OR,New Zealand,0.69483
2019,SM_POP_REFG_OR,New Zealand,0.67617
2020,SM_POP_REFG_OR,New Zealand,0.68659
2021,SM_POP_REFG_OR,New Zealand,0.63884
2022,SM_POP_REFG_OR,New Zealand,0.79041
2022,SM_POP_REFG_OR,United Kingdom of Great Britain and Northern Ireland,0.23925
2022,SM_POP_REFG_OR,United Kingdom of Great Britain and Northern Ireland,0.23925
