Year,SeriesCode,GeoAreaName,Counterpart,Value
2016,SI_RMT_COST_BC,Australia,TH,11.32662
2016,SI_RMT_COST_BC,Australia,LB,12.97482
2016,SI_RMT_COST_BC,Australia,WS,14.31882
2016,SI_RMT_COST_BC,Australia,ZW,11.95291
2016,SI_RMT_COST_BC,Australia,PH,5.40107
2016,SI_RMT_COST_BC,Australia,FJ,9.37727
2016,SI_RMT_COST_BC,Australia,SO,9.03333
2016,SI_RMT_COST_BC,Australia,VU,16.66711
2016,SI_RMT_COST_BC,Australia,TO,10.49759
2016,SI_RMT_COST_BC,Australia,LK,8.40408
2016,SI_RMT_COST_BC,Australia,IN,6.51441
2016,SI_RMT_COST_BC,Australia,PK,7.48685
2016,SI_RMT_COST_BC,Australia,ID,8.30886
2016,SI_RMT_COST_BC,Australia,CN,10.32034
2016,SI_RMT_COST_BC,Australia,VN,9.11525
2016,SI_RMT_COST_BC,Australia,MY,13.07705
2017,SI_RMT_COST_BC,Australia,LB,12.84539
2017,SI_RMT_COST_BC,Australia,VU,18.63035
2017,SI_RMT_COST_BC,Australia,PK,7.13214
2017,SI_RMT_COST_BC,Australia,SO,11.32083
2017,SI_RMT_COST_BC,Australia,VN,7.44797
2017,SI_RMT_COST_BC,Australia,LK,7.40553
2017,SI_RMT_COST_BC,Australia,ID,6.86404
2017,SI_RMT_COST_BC,Australia,TO,9.18315
2017,SI_RMT_COST_BC,Australia,PH,5.32277
2017,SI_RMT_COST_BC,Australia,IN,5.69126
2017,SI_RMT_COST_BC,Australia,MY,11.76791
2017,SI_RMT_COST_BC,Australia,WS,11.09589
2017,SI_RMT_COST_BC,Australia,CN,9.02968
2017,SI_RMT_COST_BC,Australia,FJ,8.60821
2017,SI_RMT_COST_BC,Australia,TH,11.46806
2017,SI_RMT_COST_BC,Australia,ZW,12.21196
2018,SI_RMT_COST_BC,Australia,VN,6.95276
2018,SI_RMT_COST_BC,Australia,LK,6.21273
2018,SI_RMT_COST_BC,Australia,WS,8.57376
2018,SI_RMT_COST_BC,Australia,ID,6.8304
2018,SI_RMT_COST_BC,Australia,LB,11.53426
2018,SI_RMT_COST_BC,Australia,SO,10.20761
2018,SI_RMT_COST_BC,Australia,FJ,7.48671
2018,SI_RMT_COST_BC,Australia,IN,4.85611
2018,SI_RMT_COST_BC,Australia,TO,9.14205
2018,SI_RMT_COST_BC,Australia,VU,12.94312
2018,SI_RMT_COST_BC,Australia,ZW,9.06002
2018,SI_RMT_COST_BC,Australia,PH,5.38355
2018,SI_RMT_COST_BC,Australia,MY,11.02685
2018,SI_RMT_COST_BC,Australia,TH,9.11891
2018,SI_RMT_COST_BC,Australia,CN,6.5519
2018,SI_RMT_COST_BC,Australia,PK,6.15771
2019,SI_RMT_COST_BC,Australia,VN,6.41033
2019,SI_RMT_COST_BC,Australia,LK,5.22676
2019,SI_RMT_COST_BC,Australia,SO,9.07783
2019,SI_RMT_COST_BC,Australia,PH,5.05941
2019,SI_RMT_COST_BC,Australia,FJ,8.06803
2019,SI_RMT_COST_BC,Australia,MY,7.92894
2019,SI_RMT_COST_BC,Australia,WS,8.36113
2019,SI_RMT_COST_BC,Australia,VU,13.03624
2019,SI_RMT_COST_BC,Australia,CN,8.59743
2019,SI_RMT_COST_BC,Australia,IN,4.52549
2019,SI_RMT_COST_BC,Australia,TO,8.50198
2019,SI_RMT_COST_BC,Australia,PK,5.92108
2016,SI_RMT_COST_BC,Spain,DO,6.18285
2016,SI_RMT_COST_BC,Spain,BR,6.2781
2016,SI_RMT_COST_BC,Spain,CO,8.16283
2016,SI_RMT_COST_BC,Spain,CN,17.34382
2016,SI_RMT_COST_BC,Spain,BG,7.65047
2016,SI_RMT_COST_BC,Spain,HN,8.1496
2016,SI_RMT_COST_BC,Spain,PH,4.45978
2016,SI_RMT_COST_BC,Spain,RO,4.69781
2016,SI_RMT_COST_BC,Spain,EC,5.09686
2016,SI_RMT_COST_BC,Spain,BO,5.68441
2019,SI_RMT_COST_BC,Australia,TH,8.66799
2019,SI_RMT_COST_BC,Australia,ZW,9.37136
2019,SI_RMT_COST_BC,Australia,LB,12.30283
2019,SI_RMT_COST_BC,Australia,ID,5.77234
2020,SI_RMT_COST_BC,Australia,PK,5.40222
2020,SI_RMT_COST_BC,Australia,MY,5.40565
2020,SI_RMT_COST_BC,Australia,LK,5.34578
2020,SI_RMT_COST_BC,Australia,ID,5.87873
2020,SI_RMT_COST_BC,Australia,LB,12.91859
2020,SI_RMT_COST_BC,Australia,ZW,9.60532
2020,SI_RMT_COST_BC,Australia,FJ,6.70973
2020,SI_RMT_COST_BC,Australia,SO,9.04643
2020,SI_RMT_COST_BC,Australia,VN,7.27787
2020,SI_RMT_COST_BC,Australia,IN,4.34273
2020,SI_RMT_COST_BC,Australia,CN,7.19899
2020,SI_RMT_COST_BC,Australia,TH,7.376
2020,SI_RMT_COST_BC,Australia,PH,4.19872
2020,SI_RMT_COST_BC,Australia,TO,9.33493
2020,SI_RMT_COST_BC,Australia,VU,11.96131
2020,SI_RMT_COST_BC,Australia,WS,8.31166
2021,SI_RMT_COST_BC,Australia,WS,9.60188
2021,SI_RMT_COST_BC,Australia,MY,4.8
2021,SI_RMT_COST_BC,Australia,FJ,6.84389
2021,SI_RMT_COST_BC,Australia,LK,4.25808
2021,SI_RMT_COST_BC,Australia,ID,7.50625
2021,SI_RMT_COST_BC,Australia,LB,12.82269
2021,SI_RMT_COST_BC,Australia,ZW,13.67182
2021,SI_RMT_COST_BC,Australia,TH,11.0175
2021,SI_RMT_COST_BC,Australia,CN,4.484
2021,SI_RMT_COST_BC,Australia,VU,8.664
2021,SI_RMT_COST_BC,Australia,TO,9.17765
2021,SI_RMT_COST_BC,Australia,PH,4.49371
2021,SI_RMT_COST_BC,Australia,PK,6.10421
2021,SI_RMT_COST_BC,Australia,VN,6.39565
2021,SI_RMT_COST_BC,Australia,IN,4.75909
2021,SI_RMT_COST_BC,Australia,SO,11.495
2016,SI_RMT_COST_BC,Austria,HR,4.35345
2016,SI_RMT_COST_BC,Austria,XK,7.2381
2016,SI_RMT_COST_BC,Austria,TR,6.32613
2016,SI_RMT_COST_BC,Austria,HU,6.4924
2016,SI_RMT_COST_BC,Austria,BA,8.73864
2016,SI_RMT_COST_BC,Austria,RS,7.81822
2017,SI_RMT_COST_BC,Austria,XK,7.2381
2017,SI_RMT_COST_BC,Austria,RS,8.75944
2017,SI_RMT_COST_BC,Austria,TR,6.43202
2017,SI_RMT_COST_BC,Austria,HU,7.2679
2017,SI_RMT_COST_BC,Austria,BA,6.96707
2017,SI_RMT_COST_BC,Austria,HR,5.98666
2018,SI_RMT_COST_BC,Austria,RS,6.61212
2018,SI_RMT_COST_BC,Austria,XK,6.3051
2016,SI_RMT_COST_BC,Spain,NG,5.93078
2016,SI_RMT_COST_BC,Spain,PE,5.83808
2016,SI_RMT_COST_BC,Spain,MA,5.97529
2017,SI_RMT_COST_BC,Spain,HN,4.39919
2017,SI_RMT_COST_BC,Spain,CN,17.44663
2017,SI_RMT_COST_BC,Spain,PE,4.52488
2017,SI_RMT_COST_BC,Spain,EC,4.572
2017,SI_RMT_COST_BC,Spain,BR,5.56817
2017,SI_RMT_COST_BC,Spain,PH,6.3527
2017,SI_RMT_COST_BC,Spain,BG,5.03143
2017,SI_RMT_COST_BC,Spain,RO,4.78506
2017,SI_RMT_COST_BC,Spain,MA,6.62511
2017,SI_RMT_COST_BC,Spain,BO,4.63002
2017,SI_RMT_COST_BC,Spain,NG,6.29597
2017,SI_RMT_COST_BC,Spain,DO,5.63097
2017,SI_RMT_COST_BC,Spain,CO,5.49316
2018,SI_RMT_COST_BC,Spain,HN,5.0771
2018,SI_RMT_COST_BC,Spain,CO,5.45479
2018,SI_RMT_COST_BC,Spain,MA,5.07583
2018,SI_RMT_COST_BC,Spain,NG,7.18723
2018,SI_RMT_COST_BC,Spain,DO,4.86207
2018,SI_RMT_COST_BC,Spain,EC,4.8601
2018,SI_RMT_COST_BC,Spain,BR,6.58299
2018,SI_RMT_COST_BC,Spain,PE,4.25695
2018,SI_RMT_COST_BC,Spain,BO,5.33537
2018,SI_RMT_COST_BC,Spain,CN,12.85665
2018,SI_RMT_COST_BC,Spain,RO,4.20803
2018,SI_RMT_COST_BC,Spain,PH,4.47911
2018,SI_RMT_COST_BC,Spain,BG,7.43692
2019,SI_RMT_COST_BC,Spain,CO,5.29697
2019,SI_RMT_COST_BC,Spain,MA,4.70625
2019,SI_RMT_COST_BC,Spain,EC,5.36493
2019,SI_RMT_COST_BC,Spain,BG,4.41286
2019,SI_RMT_COST_BC,Spain,PH,4.26812
2019,SI_RMT_COST_BC,Spain,DO,3.19686
2019,SI_RMT_COST_BC,Spain,RO,4.17279
2019,SI_RMT_COST_BC,Spain,BO,5.14939
2019,SI_RMT_COST_BC,Spain,PE,5.37868
2019,SI_RMT_COST_BC,Spain,BR,6.1694
2019,SI_RMT_COST_BC,Spain,NG,8.25119
2019,SI_RMT_COST_BC,Spain,HN,4.2757
2019,SI_RMT_COST_BC,Spain,CN,11.68131
2020,SI_RMT_COST_BC,Spain,PE,5.49894
2020,SI_RMT_COST_BC,Spain,DO,4.27832
2020,SI_RMT_COST_BC,Spain,PH,4.05585
2020,SI_RMT_COST_BC,Spain,EC,5.4784
2020,SI_RMT_COST_BC,Spain,BG,3.83879
2020,SI_RMT_COST_BC,Spain,RO,3.35736
2020,SI_RMT_COST_BC,Spain,MA,5.16037
2020,SI_RMT_COST_BC,Spain,CN,9.43714
2020,SI_RMT_COST_BC,Spain,HN,5.54903
2020,SI_RMT_COST_BC,Spain,NG,6.37203
2020,SI_RMT_COST_BC,Spain,BR,4.85591
2020,SI_RMT_COST_BC,Spain,BO,4.64265
2020,SI_RMT_COST_BC,Spain,CO,4.40963
2021,SI_RMT_COST_BC,Spain,CO,7.72556
2021,SI_RMT_COST_BC,Spain,BO,6.05467
2021,SI_RMT_COST_BC,Spain,PH,3.5713
2021,SI_RMT_COST_BC,Spain,DO,4.45563
2021,SI_RMT_COST_BC,Spain,PE,4.83211
2021,SI_RMT_COST_BC,Spain,BR,6.57889
2021,SI_RMT_COST_BC,Spain,NG,4.80571
2021,SI_RMT_COST_BC,Spain,HN,5.90933
2021,SI_RMT_COST_BC,Spain,CN,5.02182
2021,SI_RMT_COST_BC,Spain,MA,4.55833
2021,SI_RMT_COST_BC,Spain,RO,4.53333
2021,SI_RMT_COST_BC,Spain,EC,5.12263
2021,SI_RMT_COST_BC,Spain,BG,3.63889
2016,SI_RMT_COST_BC,Sweden,LB,9.18834
2016,SI_RMT_COST_BC,Sweden,SO,9.451
2016,SI_RMT_COST_BC,Sweden,CN,6.57307
2016,SI_RMT_COST_BC,Sweden,IN,7.58073
2017,SI_RMT_COST_BC,Sweden,IN,8.08848
2017,SI_RMT_COST_BC,Sweden,LB,11.20851
2017,SI_RMT_COST_BC,Sweden,CN,9.51912
2017,SI_RMT_COST_BC,Sweden,SO,10.31137
2018,SI_RMT_COST_BC,Sweden,LB,9.61081
2018,SI_RMT_COST_BC,Sweden,SO,8.55167
2018,SI_RMT_COST_BC,Sweden,IN,6.29437
2018,SI_RMT_COST_BC,Sweden,CN,9.26603
2019,SI_RMT_COST_BC,Sweden,LB,9.52832
2019,SI_RMT_COST_BC,Sweden,SO,9.00261
2019,SI_RMT_COST_BC,Sweden,CN,10.03318
2019,SI_RMT_COST_BC,Sweden,IN,5.72875
2020,SI_RMT_COST_BC,Sweden,IN,6.12238
2020,SI_RMT_COST_BC,Sweden,SO,10.55175
2020,SI_RMT_COST_BC,Sweden,CN,8.11458
2020,SI_RMT_COST_BC,Sweden,LB,10.03986
2021,SI_RMT_COST_BC,Sweden,IN,5.9462
2021,SI_RMT_COST_BC,Sweden,CN,6.97875
2021,SI_RMT_COST_BC,Sweden,SO,10.92571
2021,SI_RMT_COST_BC,Sweden,LB,9.09087
2016,SI_RMT_COST_BC,Switzerland,LK,14.65857
2016,SI_RMT_COST_BC,Switzerland,HU,11.18695
2016,SI_RMT_COST_BC,Switzerland,AL,12.65886
2016,SI_RMT_COST_BC,Switzerland,XK,10.819
2016,SI_RMT_COST_BC,Switzerland,RS,16.36717
2017,SI_RMT_COST_BC,Switzerland,RS,15.70098
2017,SI_RMT_COST_BC,Switzerland,LK,8.98022
2017,SI_RMT_COST_BC,Switzerland,AL,11.27359
2017,SI_RMT_COST_BC,Switzerland,HU,8.87311
2017,SI_RMT_COST_BC,Switzerland,XK,6.07963
2018,SI_RMT_COST_BC,Switzerland,LK,6.06242
2018,SI_RMT_COST_BC,Switzerland,RS,11.50059
2018,SI_RMT_COST_BC,Switzerland,HU,8.9502
2018,SI_RMT_COST_BC,Switzerland,AL,10.62646
2018,SI_RMT_COST_BC,Switzerland,XK,8.33359
2019,SI_RMT_COST_BC,Switzerland,LK,6.47744
2019,SI_RMT_COST_BC,Switzerland,RS,8.65224
2019,SI_RMT_COST_BC,Switzerland,AL,10.47816
2019,SI_RMT_COST_BC,Switzerland,XK,7.34391
2019,SI_RMT_COST_BC,Switzerland,HU,8.60706
2020,SI_RMT_COST_BC,Switzerland,XK,8.56948
2020,SI_RMT_COST_BC,Switzerland,AL,10.0331
2020,SI_RMT_COST_BC,Switzerland,RS,7.68347
2020,SI_RMT_COST_BC,Switzerland,LK,5.76185
2020,SI_RMT_COST_BC,Switzerland,HU,8.8198
2021,SI_RMT_COST_BC,Switzerland,XK,6.45
2021,SI_RMT_COST_BC,Switzerland,HU,6.748
2021,SI_RMT_COST_BC,Switzerland,RS,5.34462
2021,SI_RMT_COST_BC,Switzerland,AL,7.59542
2021,SI_RMT_COST_BC,Switzerland,LK,5.0532
2016,SI_RMT_COST_BC,United Arab Emirates,PK,3.20853
2016,SI_RMT_COST_BC,United Arab Emirates,BD,2.68888
2016,SI_RMT_COST_BC,United Arab Emirates,IN,2.83599
2016,SI_RMT_COST_BC,United Arab Emirates,SD,0.26816
2016,SI_RMT_COST_BC,United Arab Emirates,LK,3.05123
2016,SI_RMT_COST_BC,United Arab Emirates,SS,6.7039
2016,SI_RMT_COST_BC,United Arab Emirates,ID,6.12346
2016,SI_RMT_COST_BC,United Arab Emirates,EG,3.6394
2016,SI_RMT_COST_BC,United Arab Emirates,PH,3.69114
2016,SI_RMT_COST_BC,United Arab Emirates,NP,3.68432
2016,SI_RMT_COST_BC,United Arab Emirates,JO,5.28724
2016,SI_RMT_COST_BC,United Arab Emirates,YE,4.14648
2017,SI_RMT_COST_BC,United Arab Emirates,JO,7.0198
2017,SI_RMT_COST_BC,United Arab Emirates,SS,2.37605
2017,SI_RMT_COST_BC,United Arab Emirates,ID,6.85231
2017,SI_RMT_COST_BC,United Arab Emirates,IN,3.01075
2017,SI_RMT_COST_BC,United Arab Emirates,BD,2.79589
2017,SI_RMT_COST_BC,United Arab Emirates,LK,4.64456
2017,SI_RMT_COST_BC,United Arab Emirates,YE,5.4224
2017,SI_RMT_COST_BC,United Arab Emirates,SD,2.37605
2017,SI_RMT_COST_BC,United Arab Emirates,NP,4.77628
2017,SI_RMT_COST_BC,United Arab Emirates,EG,4.14416
2017,SI_RMT_COST_BC,United Arab Emirates,PH,3.85831
2017,SI_RMT_COST_BC,United Arab Emirates,PK,4.02548
2018,SI_RMT_COST_BC,United Arab Emirates,BD,2.54563
2018,SI_RMT_COST_BC,United Arab Emirates,YE,5.24205
2018,SI_RMT_COST_BC,United Arab Emirates,ID,5.10028
2018,SI_RMT_COST_BC,United Arab Emirates,LK,2.5709
2018,SI_RMT_COST_BC,United Arab Emirates,PK,4.94662
2018,SI_RMT_COST_BC,United Arab Emirates,NP,4.27699
2018,SI_RMT_COST_BC,United Arab Emirates,EG,3.41265
2018,SI_RMT_COST_BC,United Arab Emirates,PH,2.94606
2018,SI_RMT_COST_BC,United Arab Emirates,SS,6.25015
2018,SI_RMT_COST_BC,United Arab Emirates,SD,5.58047
2018,SI_RMT_COST_BC,United Arab Emirates,IN,2.86032
2018,SI_RMT_COST_BC,United Arab Emirates,JO,3.58183
2019,SI_RMT_COST_BC,United Arab Emirates,LK,2.46643
2019,SI_RMT_COST_BC,United Arab Emirates,IN,2.34708
2019,SI_RMT_COST_BC,United Arab Emirates,PK,3.34718
2019,SI_RMT_COST_BC,United Arab Emirates,YE,5.51619
2019,SI_RMT_COST_BC,United Arab Emirates,BD,1.96191
2019,SI_RMT_COST_BC,United Arab Emirates,SD,9.24827
2019,SI_RMT_COST_BC,United Arab Emirates,EG,3.34383
2019,SI_RMT_COST_BC,United Arab Emirates,PH,2.86656
2019,SI_RMT_COST_BC,United Arab Emirates,NP,3.96642
2019,SI_RMT_COST_BC,United Arab Emirates,ID,4.41335
2019,SI_RMT_COST_BC,United Arab Emirates,SS,8.14877
2019,SI_RMT_COST_BC,United Arab Emirates,JO,3.80867
2020,SI_RMT_COST_BC,United Arab Emirates,NP,3.88392
2020,SI_RMT_COST_BC,United Arab Emirates,YE,6.7039
2020,SI_RMT_COST_BC,United Arab Emirates,PK,4.12537
2020,SI_RMT_COST_BC,United Arab Emirates,IN,2.96686
2020,SI_RMT_COST_BC,United Arab Emirates,LK,2.37421
2020,SI_RMT_COST_BC,United Arab Emirates,JO,6.26559
2020,SI_RMT_COST_BC,United Arab Emirates,SS,9.18663
2020,SI_RMT_COST_BC,United Arab Emirates,BD,2.33507
2020,SI_RMT_COST_BC,United Arab Emirates,SD,10.0971
2020,SI_RMT_COST_BC,United Arab Emirates,ID,5.23047
2020,SI_RMT_COST_BC,United Arab Emirates,PH,3.07401
2020,SI_RMT_COST_BC,United Arab Emirates,EG,3.95522
2021,SI_RMT_COST_BC,United Arab Emirates,YE,5.66667
2021,SI_RMT_COST_BC,United Arab Emirates,PK,2.98588
2021,SI_RMT_COST_BC,United Arab Emirates,BD,5.41
2021,SI_RMT_COST_BC,United Arab Emirates,SS,3.32333
2021,SI_RMT_COST_BC,United Arab Emirates,ID,7.15875
2021,SI_RMT_COST_BC,United Arab Emirates,SD,5.8675
2021,SI_RMT_COST_BC,United Arab Emirates,PH,2.88211
2021,SI_RMT_COST_BC,United Arab Emirates,NP,3.09111
2021,SI_RMT_COST_BC,United Arab Emirates,EG,5.31267
2021,SI_RMT_COST_BC,United Arab Emirates,IN,3.50286
2021,SI_RMT_COST_BC,United Arab Emirates,LK,2.28647
2021,SI_RMT_COST_BC,United Arab Emirates,JO,5.04667
2016,SI_RMT_COST_BC,Türkiye,BG,10.37941
2017,SI_RMT_COST_BC,Türkiye,BG,10.40887
2018,SI_RMT_COST_BC,Türkiye,BG,13.09107
2019,SI_RMT_COST_BC,Türkiye,BG,13.60294
2020,SI_RMT_COST_BC,Türkiye,BG,11.11484
2021,SI_RMT_COST_BC,Türkiye,BG,22.44455
2016,SI_RMT_COST_BC,United Kingdom of Great Britain and Northern Ireland,AL,8.57443
2016,SI_RMT_COST_BC,United Kingdom of Great Britain and Northern Ireland,VN,8.31491
2016,SI_RMT_COST_BC,United Kingdom of Great Britain and Northern Ireland,SL,7.48717
2016,SI_RMT_COST_BC,United Kingdom of Great Britain and Northern Ireland,GH,6.07414
2016,SI_RMT_COST_BC,United Kingdom of Great Britain and Northern Ireland,LK,5.12637
2016,SI_RMT_COST_BC,United Kingdom of Great Britain and Northern Ireland,GM,12.46131
2016,SI_RMT_COST_BC,United Kingdom of Great Britain and Northern Ireland,PH,6.99734
2016,SI_RMT_COST_BC,United Kingdom of Great Britain and Northern Ireland,BD,4.55477
2016,SI_RMT_COST_BC,United Kingdom of Great Britain and Northern Ireland,ZA,7.07212
2016,SI_RMT_COST_BC,United Kingdom of Great Britain and Northern Ireland,IN,4.18821
2016,SI_RMT_COST_BC,United Kingdom of Great Britain and Northern Ireland,TZ,11.64004
2016,SI_RMT_COST_BC,United Kingdom of Great Britain and Northern Ireland,AF,9.5771
2016,SI_RMT_COST_BC,United Kingdom of Great Britain and Northern Ireland,RO,9.39808
2016,SI_RMT_COST_BC,United Kingdom of Great Britain and Northern Ireland,ER,8.80033
2016,SI_RMT_COST_BC,United Kingdom of Great Britain and Northern Ireland,JM,8.07002
2016,SI_RMT_COST_BC,United Kingdom of Great Britain and Northern Ireland,ET,9.42892
2016,SI_RMT_COST_BC,United Kingdom of Great Britain and Northern Ireland,ZW,8.03637
2016,SI_RMT_COST_BC,United Kingdom of Great Britain and Northern Ireland,PK,4.12417
2016,SI_RMT_COST_BC,United Kingdom of Great Britain and Northern Ireland,BG,10.00002
2016,SI_RMT_COST_BC,United Kingdom of Great Britain and Northern Ireland,PL,5.31171
2016,SI_RMT_COST_BC,United Kingdom of Great Britain and Northern Ireland,NP,5.99368
2016,SI_RMT_COST_BC,United Kingdom of Great Britain and Northern Ireland,TH,9.86149
2016,SI_RMT_COST_BC,United Kingdom of Great Britain and Northern Ireland,CN,6.61364
2016,SI_RMT_COST_BC,United Kingdom of Great Britain and Northern Ireland,KE,6.44315
2016,SI_RMT_COST_BC,United Kingdom of Great Britain and Northern Ireland,SO,7.83798
2016,SI_RMT_COST_BC,United Kingdom of Great Britain and Northern Ireland,LT,6.74309
2016,SI_RMT_COST_BC,United Kingdom of Great Britain and Northern Ireland,BR,6.57066
2016,SI_RMT_COST_BC,United Kingdom of Great Britain and Northern Ireland,ZM,9.05203
2016,SI_RMT_COST_BC,United Kingdom of Great Britain and Northern Ireland,NG,8.01291
2016,SI_RMT_COST_BC,United Kingdom of Great Britain and Northern Ireland,UG,8.81468
2016,SI_RMT_COST_BC,United Kingdom of Great Britain and Northern Ireland,RW,13.04338
2016,SI_RMT_COST_BC,United Kingdom of Great Britain and Northern Ireland,LB,14.83535
2016,SI_RMT_COST_BC,United Kingdom of Great Britain and Northern Ireland,SS,11.03166
2017,SI_RMT_COST_BC,United Kingdom of Great Britain and Northern Ireland,CN,8.85495
2017,SI_RMT_COST_BC,United Kingdom of Great Britain and Northern Ireland,NP,6.12398
2017,SI_RMT_COST_BC,United Kingdom of Great Britain and Northern Ireland,GH,6.01555
2017,SI_RMT_COST_BC,United Kingdom of Great Britain and Northern Ireland,LB,14.82614
2017,SI_RMT_COST_BC,United Kingdom of Great Britain and Northern Ireland,SO,7.46448
2017,SI_RMT_COST_BC,United Kingdom of Great Britain and Northern Ireland,ZW,7.99592
2017,SI_RMT_COST_BC,United Kingdom of Great Britain and Northern Ireland,TZ,9.47947
2017,SI_RMT_COST_BC,United Kingdom of Great Britain and Northern Ireland,BG,9.35523
2017,SI_RMT_COST_BC,United Kingdom of Great Britain and Northern Ireland,BD,4.48675
2017,SI_RMT_COST_BC,United Kingdom of Great Britain and Northern Ireland,ZA,8.45322
2017,SI_RMT_COST_BC,United Kingdom of Great Britain and Northern Ireland,TH,9.90314
2017,SI_RMT_COST_BC,United Kingdom of Great Britain and Northern Ireland,LK,5.0389
2017,SI_RMT_COST_BC,United Kingdom of Great Britain and Northern Ireland,SL,8.30958
2017,SI_RMT_COST_BC,United Kingdom of Great Britain and Northern Ireland,IN,4.02775
2017,SI_RMT_COST_BC,United Kingdom of Great Britain and Northern Ireland,PL,5.69212
2017,SI_RMT_COST_BC,United Kingdom of Great Britain and Northern Ireland,RW,10.05452
2017,SI_RMT_COST_BC,United Kingdom of Great Britain and Northern Ireland,VN,9.74191
2017,SI_RMT_COST_BC,United Kingdom of Great Britain and Northern Ireland,BR,4.21538
2017,SI_RMT_COST_BC,United Kingdom of Great Britain and Northern Ireland,KE,5.21103
2017,SI_RMT_COST_BC,United Kingdom of Great Britain and Northern Ireland,NG,4.84922
2017,SI_RMT_COST_BC,United Kingdom of Great Britain and Northern Ireland,JM,9.05192
2017,SI_RMT_COST_BC,United Kingdom of Great Britain and Northern Ireland,AF,10.34954
2017,SI_RMT_COST_BC,United Kingdom of Great Britain and Northern Ireland,RO,7.04173
2017,SI_RMT_COST_BC,United Kingdom of Great Britain and Northern Ireland,ET,8.79886
2017,SI_RMT_COST_BC,United Kingdom of Great Britain and Northern Ireland,GM,9.71662
2017,SI_RMT_COST_BC,United Kingdom of Great Britain and Northern Ireland,SS,10.9998
2017,SI_RMT_COST_BC,United Kingdom of Great Britain and Northern Ireland,LT,6.90961
2017,SI_RMT_COST_BC,United Kingdom of Great Britain and Northern Ireland,PH,5.8552
2017,SI_RMT_COST_BC,United Kingdom of Great Britain and Northern Ireland,AL,10.02317
2017,SI_RMT_COST_BC,United Kingdom of Great Britain and Northern Ireland,ER,13.11366
2017,SI_RMT_COST_BC,United Kingdom of Great Britain and Northern Ireland,UG,7.36131
2017,SI_RMT_COST_BC,United Kingdom of Great Britain and Northern Ireland,ZM,11.37147
2017,SI_RMT_COST_BC,United Kingdom of Great Britain and Northern Ireland,PK,3.89728
2018,SI_RMT_COST_BC,United Kingdom of Great Britain and Northern Ireland,PH,5.22973
2018,SI_RMT_COST_BC,United Kingdom of Great Britain and Northern Ireland,LT,6.83036
2018,SI_RMT_COST_BC,United Kingdom of Great Britain and Northern Ireland,BR,7.04601
2018,SI_RMT_COST_BC,United Kingdom of Great Britain and Northern Ireland,VN,7.74698
2018,SI_RMT_COST_BC,United Kingdom of Great Britain and Northern Ireland,ZW,8.23606
2018,SI_RMT_COST_BC,United Kingdom of Great Britain and Northern Ireland,NG,5.89516
2018,SI_RMT_COST_BC,United Kingdom of Great Britain and Northern Ireland,BG,7.7109
2018,SI_RMT_COST_BC,United Kingdom of Great Britain and Northern Ireland,PL,4.76371
2018,SI_RMT_COST_BC,United Kingdom of Great Britain and Northern Ireland,KE,5.95321
2018,SI_RMT_COST_BC,United Kingdom of Great Britain and Northern Ireland,JM,8.56747
2018,SI_RMT_COST_BC,United Kingdom of Great Britain and Northern Ireland,SS,9.43569
2018,SI_RMT_COST_BC,United Kingdom of Great Britain and Northern Ireland,ZM,9.97353
2018,SI_RMT_COST_BC,United Kingdom of Great Britain and Northern Ireland,AF,10.44064
2018,SI_RMT_COST_BC,United Kingdom of Great Britain and Northern Ireland,RW,9.93324
2018,SI_RMT_COST_BC,United Kingdom of Great Britain and Northern Ireland,BD,5.20275
2018,SI_RMT_COST_BC,United Kingdom of Great Britain and Northern Ireland,UG,7.50622
2018,SI_RMT_COST_BC,United Kingdom of Great Britain and Northern Ireland,ER,12.21924
2018,SI_RMT_COST_BC,United Kingdom of Great Britain and Northern Ireland,TH,8.78418
2018,SI_RMT_COST_BC,United Kingdom of Great Britain and Northern Ireland,GM,12.67105
2018,SI_RMT_COST_BC,United Kingdom of Great Britain and Northern Ireland,ZA,8.1655
2018,SI_RMT_COST_BC,United Kingdom of Great Britain and Northern Ireland,SL,10.35175
2018,SI_RMT_COST_BC,United Kingdom of Great Britain and Northern Ireland,LB,12.83274
2018,SI_RMT_COST_BC,United Kingdom of Great Britain and Northern Ireland,TZ,9.7573
2018,SI_RMT_COST_BC,United Kingdom of Great Britain and Northern Ireland,RO,6.16375
2018,SI_RMT_COST_BC,United Kingdom of Great Britain and Northern Ireland,CN,7.63058
2018,SI_RMT_COST_BC,United Kingdom of Great Britain and Northern Ireland,ET,8.62765
2018,SI_RMT_COST_BC,United Kingdom of Great Britain and Northern Ireland,NP,6.84286
2018,SI_RMT_COST_BC,United Kingdom of Great Britain and Northern Ireland,LK,5.03203
2018,SI_RMT_COST_BC,United Kingdom of Great Britain and Northern Ireland,GH,5.71583
2018,SI_RMT_COST_BC,United Kingdom of Great Britain and Northern Ireland,PK,4.38934
2018,SI_RMT_COST_BC,United Kingdom of Great Britain and Northern Ireland,IN,4.01127
2018,SI_RMT_COST_BC,United Kingdom of Great Britain and Northern Ireland,AL,8.62522
2018,SI_RMT_COST_BC,United Kingdom of Great Britain and Northern Ireland,SO,7.01965
2019,SI_RMT_COST_BC,United Kingdom of Great Britain and Northern Ireland,ZM,9.41576
2019,SI_RMT_COST_BC,United Kingdom of Great Britain and Northern Ireland,VN,8.39389
2019,SI_RMT_COST_BC,United Kingdom of Great Britain and Northern Ireland,AL,10.55096
2019,SI_RMT_COST_BC,United Kingdom of Great Britain and Northern Ireland,JM,8.85824
2019,SI_RMT_COST_BC,United Kingdom of Great Britain and Northern Ireland,AF,9.85659
2019,SI_RMT_COST_BC,United Kingdom of Great Britain and Northern Ireland,LB,11.69903
2019,SI_RMT_COST_BC,United Kingdom of Great Britain and Northern Ireland,BG,7.89829
2019,SI_RMT_COST_BC,United Kingdom of Great Britain and Northern Ireland,IN,3.65481
2019,SI_RMT_COST_BC,United Kingdom of Great Britain and Northern Ireland,ER,11.3525
2019,SI_RMT_COST_BC,United Kingdom of Great Britain and Northern Ireland,RW,10.08758
2019,SI_RMT_COST_BC,United Kingdom of Great Britain and Northern Ireland,BD,5.10969
2019,SI_RMT_COST_BC,United Kingdom of Great Britain and Northern Ireland,CN,8.7324
2019,SI_RMT_COST_BC,United Kingdom of Great Britain and Northern Ireland,SS,9.2494
2019,SI_RMT_COST_BC,United Kingdom of Great Britain and Northern Ireland,GM,13.26285
2019,SI_RMT_COST_BC,United Kingdom of Great Britain and Northern Ireland,LK,5.29087
2019,SI_RMT_COST_BC,United Kingdom of Great Britain and Northern Ireland,UG,9.1675
2019,SI_RMT_COST_BC,United Kingdom of Great Britain and Northern Ireland,NG,6.73966
2019,SI_RMT_COST_BC,United Kingdom of Great Britain and Northern Ireland,ZW,7.23558
2019,SI_RMT_COST_BC,United Kingdom of Great Britain and Northern Ireland,SL,11.25876
2019,SI_RMT_COST_BC,United Kingdom of Great Britain and Northern Ireland,PH,4.72371
2019,SI_RMT_COST_BC,United Kingdom of Great Britain and Northern Ireland,RO,5.69086
2019,SI_RMT_COST_BC,United Kingdom of Great Britain and Northern Ireland,ZA,7.79324
2019,SI_RMT_COST_BC,United Kingdom of Great Britain and Northern Ireland,KE,5.96043
2019,SI_RMT_COST_BC,United Kingdom of Great Britain and Northern Ireland,NP,6.78926
2019,SI_RMT_COST_BC,United Kingdom of Great Britain and Northern Ireland,TH,10.00574
2019,SI_RMT_COST_BC,United Kingdom of Great Britain and Northern Ireland,GH,5.10835
2019,SI_RMT_COST_BC,United Kingdom of Great Britain and Northern Ireland,ET,8.83017
2019,SI_RMT_COST_BC,United Kingdom of Great Britain and Northern Ireland,LT,6.39292
2019,SI_RMT_COST_BC,United Kingdom of Great Britain and Northern Ireland,BR,7.28393
2019,SI_RMT_COST_BC,United Kingdom of Great Britain and Northern Ireland,PK,4.86524
2019,SI_RMT_COST_BC,United Kingdom of Great Britain and Northern Ireland,SO,8.69676
2019,SI_RMT_COST_BC,United Kingdom of Great Britain and Northern Ireland,PL,4.75339
2019,SI_RMT_COST_BC,United Kingdom of Great Britain and Northern Ireland,TZ,9.46688
2020,SI_RMT_COST_BC,United Kingdom of Great Britain and Northern Ireland,LT,6.90253
2020,SI_RMT_COST_BC,United Kingdom of Great Britain and Northern Ireland,BR,6.66889
2020,SI_RMT_COST_BC,United Kingdom of Great Britain and Northern Ireland,ER,11.08324
2020,SI_RMT_COST_BC,United Kingdom of Great Britain and Northern Ireland,ZW,6.06128
2020,SI_RMT_COST_BC,United Kingdom of Great Britain and Northern Ireland,NP,6.95194
2020,SI_RMT_COST_BC,United Kingdom of Great Britain and Northern Ireland,RO,4.05039
2020,SI_RMT_COST_BC,United Kingdom of Great Britain and Northern Ireland,BG,8.95939
2020,SI_RMT_COST_BC,United Kingdom of Great Britain and Northern Ireland,ZA,7.97147
2020,SI_RMT_COST_BC,United Kingdom of Great Britain and Northern Ireland,SL,9.81661
2020,SI_RMT_COST_BC,United Kingdom of Great Britain and Northern Ireland,TH,8.3305
2020,SI_RMT_COST_BC,United Kingdom of Great Britain and Northern Ireland,VN,6.95941
2020,SI_RMT_COST_BC,United Kingdom of Great Britain and Northern Ireland,AF,8.49554
2020,SI_RMT_COST_BC,United Kingdom of Great Britain and Northern Ireland,BD,4.16327
2020,SI_RMT_COST_BC,United Kingdom of Great Britain and Northern Ireland,LK,5.66062
2020,SI_RMT_COST_BC,United Kingdom of Great Britain and Northern Ireland,CN,7.61239
2020,SI_RMT_COST_BC,United Kingdom of Great Britain and Northern Ireland,GM,9.15847
2020,SI_RMT_COST_BC,United Kingdom of Great Britain and Northern Ireland,SS,11.57908
2020,SI_RMT_COST_BC,United Kingdom of Great Britain and Northern Ireland,PH,3.89128
2020,SI_RMT_COST_BC,United Kingdom of Great Britain and Northern Ireland,SO,8.25022
2020,SI_RMT_COST_BC,United Kingdom of Great Britain and Northern Ireland,NG,3.70317
2020,SI_RMT_COST_BC,United Kingdom of Great Britain and Northern Ireland,IN,2.92119
2020,SI_RMT_COST_BC,United Kingdom of Great Britain and Northern Ireland,JM,6.79278
2020,SI_RMT_COST_BC,United Kingdom of Great Britain and Northern Ireland,UG,7.08095
2020,SI_RMT_COST_BC,United Kingdom of Great Britain and Northern Ireland,AL,10.63574
2020,SI_RMT_COST_BC,United Kingdom of Great Britain and Northern Ireland,ZM,9.85277
2020,SI_RMT_COST_BC,United Kingdom of Great Britain and Northern Ireland,KE,6.15254
2020,SI_RMT_COST_BC,United Kingdom of Great Britain and Northern Ireland,GH,7.18673
2020,SI_RMT_COST_BC,United Kingdom of Great Britain and Northern Ireland,RW,9.45185
2020,SI_RMT_COST_BC,United Kingdom of Great Britain and Northern Ireland,PL,3.41491
2020,SI_RMT_COST_BC,United Kingdom of Great Britain and Northern Ireland,PK,2.75305
2020,SI_RMT_COST_BC,United Kingdom of Great Britain and Northern Ireland,TZ,7.68678
2020,SI_RMT_COST_BC,United Kingdom of Great Britain and Northern Ireland,ET,7.59513
2020,SI_RMT_COST_BC,United Kingdom of Great Britain and Northern Ireland,LB,11.3921
2021,SI_RMT_COST_BC,United Kingdom of Great Britain and Northern Ireland,SL,8.36875
2021,SI_RMT_COST_BC,United Kingdom of Great Britain and Northern Ireland,ZM,8.52765
2021,SI_RMT_COST_BC,United Kingdom of Great Britain and Northern Ireland,VN,5.61909
2021,SI_RMT_COST_BC,United Kingdom of Great Britain and Northern Ireland,AL,10.83684
2021,SI_RMT_COST_BC,United Kingdom of Great Britain and Northern Ireland,JM,5.51211
2021,SI_RMT_COST_BC,United Kingdom of Great Britain and Northern Ireland,UG,5.63917
2021,SI_RMT_COST_BC,United Kingdom of Great Britain and Northern Ireland,GH,6.30818
2021,SI_RMT_COST_BC,United Kingdom of Great Britain and Northern Ireland,BG,7.552
2021,SI_RMT_COST_BC,United Kingdom of Great Britain and Northern Ireland,IN,4.186
2021,SI_RMT_COST_BC,United Kingdom of Great Britain and Northern Ireland,PK,2.67565
2021,SI_RMT_COST_BC,United Kingdom of Great Britain and Northern Ireland,LB,10.10333
2021,SI_RMT_COST_BC,United Kingdom of Great Britain and Northern Ireland,CN,5.76933
2021,SI_RMT_COST_BC,United Kingdom of Great Britain and Northern Ireland,TZ,7.147
2021,SI_RMT_COST_BC,United Kingdom of Great Britain and Northern Ireland,SS,9.19111
2021,SI_RMT_COST_BC,United Kingdom of Great Britain and Northern Ireland,GM,12.22619
2021,SI_RMT_COST_BC,United Kingdom of Great Britain and Northern Ireland,BD,3.34
2021,SI_RMT_COST_BC,United Kingdom of Great Britain and Northern Ireland,ER,9.11091
2021,SI_RMT_COST_BC,United Kingdom of Great Britain and Northern Ireland,NG,2.98077
2021,SI_RMT_COST_BC,United Kingdom of Great Britain and Northern Ireland,ZW,7.78462
2021,SI_RMT_COST_BC,United Kingdom of Great Britain and Northern Ireland,AF,8.395
2021,SI_RMT_COST_BC,United Kingdom of Great Britain and Northern Ireland,PH,3.6975
2021,SI_RMT_COST_BC,United Kingdom of Great Britain and Northern Ireland,RO,4.21316
2021,SI_RMT_COST_BC,United Kingdom of Great Britain and Northern Ireland,ZA,7.91143
2021,SI_RMT_COST_BC,United Kingdom of Great Britain and Northern Ireland,KE,6.14731
2021,SI_RMT_COST_BC,United Kingdom of Great Britain and Northern Ireland,NP,5.15733
2021,SI_RMT_COST_BC,United Kingdom of Great Britain and Northern Ireland,TH,6.52167
2021,SI_RMT_COST_BC,United Kingdom of Great Britain and Northern Ireland,RW,8.994
2021,SI_RMT_COST_BC,United Kingdom of Great Britain and Northern Ireland,ET,6.01
2021,SI_RMT_COST_BC,United Kingdom of Great Britain and Northern Ireland,LT,6.03619
2021,SI_RMT_COST_BC,United Kingdom of Great Britain and Northern Ireland,BR,6.59316
2021,SI_RMT_COST_BC,United Kingdom of Great Britain and Northern Ireland,SO,6.95867
2021,SI_RMT_COST_BC,United Kingdom of Great Britain and Northern Ireland,LK,3.64046
2021,SI_RMT_COST_BC,United Kingdom of Great Britain and Northern Ireland,PL,4.23926
2018,SI_RMT_COST_BC,Austria,HR,6.22393
2018,SI_RMT_COST_BC,Austria,BA,6.68496
2018,SI_RMT_COST_BC,Austria,HU,6.90961
2018,SI_RMT_COST_BC,Austria,TR,6.13892
2019,SI_RMT_COST_BC,Austria,HR,6.04248
2019,SI_RMT_COST_BC,Austria,BA,7.04566
2019,SI_RMT_COST_BC,Austria,RS,6.38442
2019,SI_RMT_COST_BC,Austria,XK,6.19286
2019,SI_RMT_COST_BC,Austria,TR,5.94807
2019,SI_RMT_COST_BC,Austria,HU,5.89309
2020,SI_RMT_COST_BC,Austria,BA,7.44458
2020,SI_RMT_COST_BC,Austria,HU,5.47971
2020,SI_RMT_COST_BC,Austria,TR,6.316
2020,SI_RMT_COST_BC,Austria,XK,5.75893
2020,SI_RMT_COST_BC,Austria,RS,6.39273
2020,SI_RMT_COST_BC,Austria,HR,6.90193
2021,SI_RMT_COST_BC,Austria,TR,5.93118
2021,SI_RMT_COST_BC,Austria,XK,4.87222
2021,SI_RMT_COST_BC,Austria,HR,6.99471
2021,SI_RMT_COST_BC,Austria,RS,6.31375
2021,SI_RMT_COST_BC,Austria,HU,6.25813
2021,SI_RMT_COST_BC,Austria,BA,7.91667
2016,SI_RMT_COST_BC,Belgium,TR,9.18748
2016,SI_RMT_COST_BC,Belgium,MA,5.80669
2016,SI_RMT_COST_BC,Belgium,DZ,7.51457
2016,SI_RMT_COST_BC,Belgium,CD,8.22301
2017,SI_RMT_COST_BC,Belgium,MA,6.24958
2017,SI_RMT_COST_BC,Belgium,TR,7.58513
2017,SI_RMT_COST_BC,Belgium,CD,8.67311
2017,SI_RMT_COST_BC,Belgium,DZ,8.12525
2018,SI_RMT_COST_BC,Belgium,CD,8.18508
2018,SI_RMT_COST_BC,Belgium,TR,9.24375
2018,SI_RMT_COST_BC,Belgium,MA,5.067
2018,SI_RMT_COST_BC,Belgium,DZ,9.93785
2019,SI_RMT_COST_BC,Belgium,DZ,11.22607
2019,SI_RMT_COST_BC,Belgium,CD,8.74342
2019,SI_RMT_COST_BC,Belgium,TR,7.78493
2019,SI_RMT_COST_BC,Belgium,MA,5.93164
2020,SI_RMT_COST_BC,Belgium,MA,5.23685
2020,SI_RMT_COST_BC,Belgium,TR,7.94104
2020,SI_RMT_COST_BC,Belgium,CD,8.87331
2020,SI_RMT_COST_BC,Belgium,DZ,10.08374
2021,SI_RMT_COST_BC,Belgium,MA,5.02606
2021,SI_RMT_COST_BC,Belgium,TR,8.28292
2021,SI_RMT_COST_BC,Belgium,CD,7.41091
2021,SI_RMT_COST_BC,Belgium,DZ,9.07375
2016,SI_RMT_COST_BC,Canada,PH,6.21893
2016,SI_RMT_COST_BC,Canada,ZW,10.45499
2016,SI_RMT_COST_BC,Canada,NG,4.27403
2016,SI_RMT_COST_BC,Canada,GH,9.67131
2016,SI_RMT_COST_BC,Canada,LK,6.28061
2016,SI_RMT_COST_BC,Canada,RW,9.85259
2016,SI_RMT_COST_BC,Canada,HT,9.97901
2016,SI_RMT_COST_BC,Canada,KE,10.2673
2016,SI_RMT_COST_BC,Canada,GY,10.9894
2016,SI_RMT_COST_BC,Canada,IN,8.10659
2016,SI_RMT_COST_BC,Canada,PK,5.47789
2016,SI_RMT_COST_BC,Canada,CN,9.23573
2016,SI_RMT_COST_BC,Canada,JM,10.11825
2016,SI_RMT_COST_BC,Canada,LB,13.41688
2016,SI_RMT_COST_BC,Canada,VN,7.96405
2017,SI_RMT_COST_BC,Canada,LK,6.4136
2017,SI_RMT_COST_BC,Canada,HT,10.27849
2017,SI_RMT_COST_BC,Canada,ZW,10.40042
2017,SI_RMT_COST_BC,Canada,GY,10.59322
2017,SI_RMT_COST_BC,Canada,RW,9.24476
2017,SI_RMT_COST_BC,Canada,GH,9.25609
2017,SI_RMT_COST_BC,Canada,KE,8.75286
2017,SI_RMT_COST_BC,Canada,JM,9.7342
2017,SI_RMT_COST_BC,Canada,CN,6.13868
2017,SI_RMT_COST_BC,Canada,VN,6.45563
2017,SI_RMT_COST_BC,Canada,IN,5.89715
2017,SI_RMT_COST_BC,Canada,LB,10.3594
2017,SI_RMT_COST_BC,Canada,PH,4.52666
2017,SI_RMT_COST_BC,Canada,PK,4.60108
2017,SI_RMT_COST_BC,Canada,NG,6.31875
2018,SI_RMT_COST_BC,Canada,HT,8.72412
2018,SI_RMT_COST_BC,Canada,GY,11.24469
2018,SI_RMT_COST_BC,Canada,ZW,10.45239
2018,SI_RMT_COST_BC,Canada,KE,9.74015
2018,SI_RMT_COST_BC,Canada,PH,5.43485
2018,SI_RMT_COST_BC,Canada,PK,10.89661
2018,SI_RMT_COST_BC,Canada,LK,6.29478
2018,SI_RMT_COST_BC,Canada,RW,10.66309
2018,SI_RMT_COST_BC,Canada,JM,8.82905
2018,SI_RMT_COST_BC,Canada,NG,5.91484
2018,SI_RMT_COST_BC,Canada,IN,6.3816
2018,SI_RMT_COST_BC,Canada,VN,7.63614
2018,SI_RMT_COST_BC,Canada,LB,12.36259
2018,SI_RMT_COST_BC,Canada,CN,5.88892
2018,SI_RMT_COST_BC,Canada,GH,9.67512
2019,SI_RMT_COST_BC,Canada,GY,9.41595
2019,SI_RMT_COST_BC,Canada,JM,9.8063
2019,SI_RMT_COST_BC,Canada,LB,10.4337
2019,SI_RMT_COST_BC,Canada,VN,8.92238
2019,SI_RMT_COST_BC,Canada,IN,5.80052
2019,SI_RMT_COST_BC,Canada,CN,7.9831
2019,SI_RMT_COST_BC,Canada,RW,10.77836
2019,SI_RMT_COST_BC,Canada,HT,8.26235
2019,SI_RMT_COST_BC,Canada,PK,5.81824
2019,SI_RMT_COST_BC,Canada,ZW,11.00719
2019,SI_RMT_COST_BC,Canada,NG,7.32203
2019,SI_RMT_COST_BC,Canada,KE,9.5848
2019,SI_RMT_COST_BC,Canada,GH,8.83511
2019,SI_RMT_COST_BC,Canada,PH,5.86207
2019,SI_RMT_COST_BC,Canada,LK,5.95321
2020,SI_RMT_COST_BC,Canada,NG,5.26099
2020,SI_RMT_COST_BC,Canada,GY,7.4615
2020,SI_RMT_COST_BC,Canada,IN,4.9567
2020,SI_RMT_COST_BC,Canada,PH,4.84788
2020,SI_RMT_COST_BC,Canada,KE,7.29734
2020,SI_RMT_COST_BC,Canada,ZW,8.22778
2020,SI_RMT_COST_BC,Canada,PK,4.37882
2020,SI_RMT_COST_BC,Canada,VN,6.74796
2020,SI_RMT_COST_BC,Canada,HT,6.24992
2020,SI_RMT_COST_BC,Canada,GH,6.07269
2020,SI_RMT_COST_BC,Canada,CN,6.01501
2020,SI_RMT_COST_BC,Canada,LB,10.20383
2020,SI_RMT_COST_BC,Canada,JM,6.55875
2020,SI_RMT_COST_BC,Canada,RW,7.46483
2020,SI_RMT_COST_BC,Canada,LK,5.26728
2021,SI_RMT_COST_BC,Canada,HT,7.188
2021,SI_RMT_COST_BC,Canada,CN,6.97385
2021,SI_RMT_COST_BC,Canada,GY,8.89909
2021,SI_RMT_COST_BC,Canada,PH,4.76
2021,SI_RMT_COST_BC,Canada,NG,4.47
2021,SI_RMT_COST_BC,Canada,KE,7.87348
2021,SI_RMT_COST_BC,Canada,ZW,9.54615
2021,SI_RMT_COST_BC,Canada,JM,6.30235
2021,SI_RMT_COST_BC,Canada,RW,8.38143
2021,SI_RMT_COST_BC,Canada,LK,3.63667
2021,SI_RMT_COST_BC,Canada,LB,10.93445
2021,SI_RMT_COST_BC,Canada,IN,5.23828
2021,SI_RMT_COST_BC,Canada,VN,5.423
2021,SI_RMT_COST_BC,Canada,GH,8.59714
2021,SI_RMT_COST_BC,Canada,PK,4.78529
2016,SI_RMT_COST_BC,Chile,PE,3.49555
2017,SI_RMT_COST_BC,Chile,PE,4.25474
2018,SI_RMT_COST_BC,Chile,PE,4.58648
2019,SI_RMT_COST_BC,Chile,PE,2.64391
2020,SI_RMT_COST_BC,Chile,PE,7.56706
2021,SI_RMT_COST_BC,Chile,PE,5.26143
2016,SI_RMT_COST_BC,Costa Rica,NI,3.12458
2017,SI_RMT_COST_BC,Costa Rica,NI,3.33292
2018,SI_RMT_COST_BC,Costa Rica,NI,5.49955
2019,SI_RMT_COST_BC,Costa Rica,NI,5.83333
2020,SI_RMT_COST_BC,Costa Rica,NI,5.125
2021,SI_RMT_COST_BC,Costa Rica,NI,7.5
2016,SI_RMT_COST_BC,Czechia,UA,10.0423
2016,SI_RMT_COST_BC,Czechia,VN,10.4208
2017,SI_RMT_COST_BC,Czechia,UA,8.94214
2017,SI_RMT_COST_BC,Czechia,VN,10.76762
2018,SI_RMT_COST_BC,Czechia,UA,8.81549
2018,SI_RMT_COST_BC,Czechia,VN,8.91363
2019,SI_RMT_COST_BC,Czechia,VN,8.99736
2019,SI_RMT_COST_BC,Czechia,UA,8.96233
2020,SI_RMT_COST_BC,Czechia,UA,9.5153
2020,SI_RMT_COST_BC,Czechia,VN,8.09138
2021,SI_RMT_COST_BC,Czechia,UA,6.97154
2021,SI_RMT_COST_BC,Czechia,VN,7.14167
2016,SI_RMT_COST_BC,France,SN,4.96753
2016,SI_RMT_COST_BC,France,LB,11.7355
2016,SI_RMT_COST_BC,France,MA,6.21162
2016,SI_RMT_COST_BC,France,TG,5.32143
2016,SI_RMT_COST_BC,France,KM,5.93695
2016,SI_RMT_COST_BC,France,IN,5.84318
2016,SI_RMT_COST_BC,France,ML,5.20556
2016,SI_RMT_COST_BC,France,CN,10.36253
2016,SI_RMT_COST_BC,France,CI,5.74405
2016,SI_RMT_COST_BC,France,TN,7.04199
2016,SI_RMT_COST_BC,France,CM,4.44643
2016,SI_RMT_COST_BC,France,RS,7.67857
2016,SI_RMT_COST_BC,France,DZ,8.82786
2016,SI_RMT_COST_BC,France,HT,9.67177
2016,SI_RMT_COST_BC,France,VN,9.31999
2016,SI_RMT_COST_BC,France,MG,9.08181
2017,SI_RMT_COST_BC,France,MA,6.01146
2017,SI_RMT_COST_BC,France,MG,7.91974
2017,SI_RMT_COST_BC,France,ML,5.16555
2017,SI_RMT_COST_BC,France,CI,5.5199
2017,SI_RMT_COST_BC,France,VN,9.04689
2017,SI_RMT_COST_BC,France,CN,10.29335
2017,SI_RMT_COST_BC,France,HT,9.71761
2017,SI_RMT_COST_BC,France,TN,7.28054
2017,SI_RMT_COST_BC,France,DZ,8.41245
2017,SI_RMT_COST_BC,France,TG,5.36286
2017,SI_RMT_COST_BC,France,IN,6.65278
2017,SI_RMT_COST_BC,France,RS,8.8566
2017,SI_RMT_COST_BC,France,KM,4.78975
2017,SI_RMT_COST_BC,France,LB,8.51188
2017,SI_RMT_COST_BC,France,CM,4.4038
2017,SI_RMT_COST_BC,France,SN,4.90785
2018,SI_RMT_COST_BC,France,VN,7.59859
2018,SI_RMT_COST_BC,France,HT,8.88938
2018,SI_RMT_COST_BC,France,DZ,11.78725
2018,SI_RMT_COST_BC,France,KM,4.78832
2018,SI_RMT_COST_BC,France,SN,4.8181
2018,SI_RMT_COST_BC,France,RS,8.15625
2018,SI_RMT_COST_BC,France,TN,6.83553
2018,SI_RMT_COST_BC,France,CM,4.18429
2018,SI_RMT_COST_BC,France,TG,5.48333
2018,SI_RMT_COST_BC,France,LB,9.05181
2018,SI_RMT_COST_BC,France,CI,5.5199
2018,SI_RMT_COST_BC,France,ML,5.02071
2018,SI_RMT_COST_BC,France,IN,6.46476
2018,SI_RMT_COST_BC,France,MG,8.1575
2018,SI_RMT_COST_BC,France,CN,11.22313
2018,SI_RMT_COST_BC,France,MA,5.6937
2019,SI_RMT_COST_BC,France,SN,4.90755
2019,SI_RMT_COST_BC,France,CN,12.3554
2019,SI_RMT_COST_BC,France,CM,4.44833
2019,SI_RMT_COST_BC,France,CI,5.54959
2019,SI_RMT_COST_BC,France,HT,10.07207
2019,SI_RMT_COST_BC,France,LB,8.96967
2019,SI_RMT_COST_BC,France,ML,4.98242
2019,SI_RMT_COST_BC,France,TG,5.32619
2019,SI_RMT_COST_BC,France,IN,6.6153
2019,SI_RMT_COST_BC,France,MA,5.73127
2019,SI_RMT_COST_BC,France,DZ,10.11949
2019,SI_RMT_COST_BC,France,MG,8.58077
2019,SI_RMT_COST_BC,France,TN,8.43052
2019,SI_RMT_COST_BC,France,VN,7.93006
2019,SI_RMT_COST_BC,France,KM,4.73423
2019,SI_RMT_COST_BC,France,RS,7.82155
2020,SI_RMT_COST_BC,France,HT,10.6746
2020,SI_RMT_COST_BC,France,KM,4.56583
2020,SI_RMT_COST_BC,France,TN,6.7794
2020,SI_RMT_COST_BC,France,MG,9.78004
2020,SI_RMT_COST_BC,France,SN,4.23911
2020,SI_RMT_COST_BC,France,CN,9.37354
2020,SI_RMT_COST_BC,France,DZ,10.95455
2020,SI_RMT_COST_BC,France,ML,3.94191
2020,SI_RMT_COST_BC,France,VN,9.26472
2020,SI_RMT_COST_BC,France,CM,3.63171
2020,SI_RMT_COST_BC,France,LB,9.16429
2020,SI_RMT_COST_BC,France,MA,5.03788
2020,SI_RMT_COST_BC,France,TG,4.52088
2020,SI_RMT_COST_BC,France,RS,7.63612
2020,SI_RMT_COST_BC,France,IN,7.15362
2020,SI_RMT_COST_BC,France,CI,4.6158
2021,SI_RMT_COST_BC,France,VN,7.28
2021,SI_RMT_COST_BC,France,CM,4.71087
2021,SI_RMT_COST_BC,France,LB,8.66
2021,SI_RMT_COST_BC,France,TG,4.17857
2021,SI_RMT_COST_BC,France,RS,7.63875
2021,SI_RMT_COST_BC,France,MA,6.97061
2021,SI_RMT_COST_BC,France,IN,7.38927
2021,SI_RMT_COST_BC,France,CI,4.04318
2021,SI_RMT_COST_BC,France,HT,9.05929
2021,SI_RMT_COST_BC,France,KM,4.74
2021,SI_RMT_COST_BC,France,TN,6.40211
2021,SI_RMT_COST_BC,France,DZ,9.349
2021,SI_RMT_COST_BC,France,MG,10.666
2021,SI_RMT_COST_BC,France,SN,4.2272
2021,SI_RMT_COST_BC,France,CN,7.5675
2021,SI_RMT_COST_BC,France,ML,3.94177
2016,SI_RMT_COST_BC,Germany,TR,6.95583
2016,SI_RMT_COST_BC,Germany,XK,6.4881
2016,SI_RMT_COST_BC,Germany,KG,8.67858
2016,SI_RMT_COST_BC,Germany,GH,10.86887
2016,SI_RMT_COST_BC,Germany,BA,9.65627
2016,SI_RMT_COST_BC,Germany,LB,11.4946
2016,SI_RMT_COST_BC,Germany,MA,8.55168
2016,SI_RMT_COST_BC,Germany,BG,5.60909
2016,SI_RMT_COST_BC,Germany,HU,5.72444
2016,SI_RMT_COST_BC,Germany,MK,10.19818
2016,SI_RMT_COST_BC,Germany,CN,11.49434
2016,SI_RMT_COST_BC,Germany,TH,11.90553
2016,SI_RMT_COST_BC,Germany,AL,8.31892
2016,SI_RMT_COST_BC,Germany,MD,11.98602
2016,SI_RMT_COST_BC,Germany,UA,7.35078
2016,SI_RMT_COST_BC,Germany,NG,8.27809
2016,SI_RMT_COST_BC,Germany,TG,8.30405
2016,SI_RMT_COST_BC,Germany,TJ,10.91481
2016,SI_RMT_COST_BC,Germany,VN,9.47528
2016,SI_RMT_COST_BC,Germany,RS,8.85858
2016,SI_RMT_COST_BC,Germany,IN,8.99664
2016,SI_RMT_COST_BC,Germany,HR,6.51118
2016,SI_RMT_COST_BC,Germany,RO,5.02359
2016,SI_RMT_COST_BC,Germany,AF,10.47546
2017,SI_RMT_COST_BC,Germany,TR,6.45365
2017,SI_RMT_COST_BC,Germany,MD,7.77975
2017,SI_RMT_COST_BC,Germany,XK,6.96429
2017,SI_RMT_COST_BC,Germany,HR,6.45153
2017,SI_RMT_COST_BC,Germany,MA,8.21925
2017,SI_RMT_COST_BC,Germany,RO,4.048
2017,SI_RMT_COST_BC,Germany,KG,7.98964
2017,SI_RMT_COST_BC,Germany,VN,7.54254
2017,SI_RMT_COST_BC,Germany,AF,12.23877
2017,SI_RMT_COST_BC,Germany,UA,8.04833
2017,SI_RMT_COST_BC,Germany,AL,6.09729
2017,SI_RMT_COST_BC,Germany,RS,8.43065
2017,SI_RMT_COST_BC,Germany,IN,7.00681
2017,SI_RMT_COST_BC,Germany,NG,8.64701
2017,SI_RMT_COST_BC,Germany,BA,6.16901
2017,SI_RMT_COST_BC,Germany,BG,5.8634
2017,SI_RMT_COST_BC,Germany,HU,8.35865
2017,SI_RMT_COST_BC,Germany,TH,10.11113
2017,SI_RMT_COST_BC,Germany,TJ,8.07538
2017,SI_RMT_COST_BC,Germany,MK,10.43039
2017,SI_RMT_COST_BC,Germany,GH,10.71295
2017,SI_RMT_COST_BC,Germany,LB,12.15646
2017,SI_RMT_COST_BC,Germany,TG,7.51395
2017,SI_RMT_COST_BC,Germany,CN,9.19876
2018,SI_RMT_COST_BC,Germany,TJ,6.81782
2018,SI_RMT_COST_BC,Germany,GH,8.6601
2018,SI_RMT_COST_BC,Germany,AF,11.7677
2018,SI_RMT_COST_BC,Germany,IN,6.37349
2018,SI_RMT_COST_BC,Germany,RS,8.26369
2018,SI_RMT_COST_BC,Germany,RO,4.12908
2018,SI_RMT_COST_BC,Germany,TH,7.41137
2018,SI_RMT_COST_BC,Germany,LB,10.74789
2018,SI_RMT_COST_BC,Germany,MK,10.17591
2018,SI_RMT_COST_BC,Germany,KG,9.05227
2018,SI_RMT_COST_BC,Germany,MA,7.33851
2018,SI_RMT_COST_BC,Germany,AL,5.43899
2018,SI_RMT_COST_BC,Germany,NG,9.23611
2018,SI_RMT_COST_BC,Germany,TG,9.48238
2018,SI_RMT_COST_BC,Germany,TR,6.27772
2018,SI_RMT_COST_BC,Germany,MD,6.89883
2018,SI_RMT_COST_BC,Germany,BG,5.65485
2018,SI_RMT_COST_BC,Germany,HU,9.70567
2018,SI_RMT_COST_BC,Germany,CN,9.32448
2018,SI_RMT_COST_BC,Germany,HR,6.20111
2018,SI_RMT_COST_BC,Germany,UA,6.4727
2018,SI_RMT_COST_BC,Germany,VN,6.96262
2018,SI_RMT_COST_BC,Germany,BA,7.04387
2018,SI_RMT_COST_BC,Germany,XK,6.77381
2019,SI_RMT_COST_BC,Germany,XK,5.90714
2019,SI_RMT_COST_BC,Germany,VN,6.73372
2019,SI_RMT_COST_BC,Germany,BA,8.03195
2019,SI_RMT_COST_BC,Germany,IN,6.49918
2019,SI_RMT_COST_BC,Germany,KG,6.86084
2019,SI_RMT_COST_BC,Germany,CN,10.97516
2019,SI_RMT_COST_BC,Germany,LB,10.02949
2019,SI_RMT_COST_BC,Germany,TH,7.43556
2019,SI_RMT_COST_BC,Germany,AF,10.3528
2019,SI_RMT_COST_BC,Germany,MD,8.08141
2019,SI_RMT_COST_BC,Germany,GH,10.57015
2019,SI_RMT_COST_BC,Germany,BG,5.73196
2019,SI_RMT_COST_BC,Germany,NG,9.73619
2019,SI_RMT_COST_BC,Germany,TG,6.10266
2019,SI_RMT_COST_BC,Germany,AL,8.17626
2019,SI_RMT_COST_BC,Germany,RS,7.59451
2019,SI_RMT_COST_BC,Germany,UA,6.42307
2019,SI_RMT_COST_BC,Germany,HR,7.66351
2019,SI_RMT_COST_BC,Germany,TR,6.86367
2019,SI_RMT_COST_BC,Germany,TJ,6.58882
2019,SI_RMT_COST_BC,Germany,HU,8.88672
2019,SI_RMT_COST_BC,Germany,MK,11.13835
2019,SI_RMT_COST_BC,Germany,RO,4.61575
2019,SI_RMT_COST_BC,Germany,MA,7.82192
2020,SI_RMT_COST_BC,Germany,HU,9.81861
2020,SI_RMT_COST_BC,Germany,BG,5.68061
2020,SI_RMT_COST_BC,Germany,CN,10.00561
2020,SI_RMT_COST_BC,Germany,KG,6.59284
2020,SI_RMT_COST_BC,Germany,AF,11.10467
2020,SI_RMT_COST_BC,Germany,BA,7.14809
2020,SI_RMT_COST_BC,Germany,VN,8.56063
2020,SI_RMT_COST_BC,Germany,AL,8.14441
2020,SI_RMT_COST_BC,Germany,TG,5.84905
2020,SI_RMT_COST_BC,Germany,HR,6.84393
2020,SI_RMT_COST_BC,Germany,TR,7.35289
2020,SI_RMT_COST_BC,Germany,MK,7.41143
2020,SI_RMT_COST_BC,Germany,TJ,9.16285
2020,SI_RMT_COST_BC,Germany,MD,7.90271
2020,SI_RMT_COST_BC,Germany,GH,9.73751
2020,SI_RMT_COST_BC,Germany,TH,8.40101
2020,SI_RMT_COST_BC,Germany,LB,9.57722
2020,SI_RMT_COST_BC,Germany,NG,7.97048
2020,SI_RMT_COST_BC,Germany,MA,7.05552
2020,SI_RMT_COST_BC,Germany,IN,6.48059
2020,SI_RMT_COST_BC,Germany,XK,5.8051
2020,SI_RMT_COST_BC,Germany,RO,4.65625
2020,SI_RMT_COST_BC,Germany,UA,6.80006
2020,SI_RMT_COST_BC,Germany,RS,7.53816
2021,SI_RMT_COST_BC,Germany,MA,5.18429
2021,SI_RMT_COST_BC,Germany,AF,11.72
2021,SI_RMT_COST_BC,Germany,KG,6.41
2021,SI_RMT_COST_BC,Germany,TG,5.18083
2021,SI_RMT_COST_BC,Germany,HR,9.14133
2021,SI_RMT_COST_BC,Germany,BA,6.25769
2021,SI_RMT_COST_BC,Germany,VN,5.638
2021,SI_RMT_COST_BC,Germany,XK,5.37714
2021,SI_RMT_COST_BC,Germany,RO,6.66963
2021,SI_RMT_COST_BC,Germany,TH,6.54923
2021,SI_RMT_COST_BC,Germany,LB,7.52125
2021,SI_RMT_COST_BC,Germany,CN,8.17111
2021,SI_RMT_COST_BC,Germany,TJ,4.364
2021,SI_RMT_COST_BC,Germany,MD,5.68714
2021,SI_RMT_COST_BC,Germany,GH,8.57926
2021,SI_RMT_COST_BC,Germany,HU,8.00071
2021,SI_RMT_COST_BC,Germany,BG,4.55
2021,SI_RMT_COST_BC,Germany,MK,6.74714
2021,SI_RMT_COST_BC,Germany,IN,5.1645
2021,SI_RMT_COST_BC,Germany,UA,5.15
2021,SI_RMT_COST_BC,Germany,RS,6.24214
2021,SI_RMT_COST_BC,Germany,AL,7.0175
2021,SI_RMT_COST_BC,Germany,NG,4.20471
2021,SI_RMT_COST_BC,Germany,TR,5.918
2016,SI_RMT_COST_BC,India,LK,4.20113
2016,SI_RMT_COST_BC,India,BD,4.20113
2016,SI_RMT_COST_BC,India,NP,1.25266
2016,SI_RMT_COST_BC,India,PK,4.20113
2017,SI_RMT_COST_BC,India,NP,3.0318
2020,SI_RMT_COST_BC,India,LK,4.12314
2020,SI_RMT_COST_BC,India,BD,3.4843
2020,SI_RMT_COST_BC,India,PK,4.07843
2020,SI_RMT_COST_BC,India,NP,4.22484
2021,SI_RMT_COST_BC,India,NP,5.5125
2021,SI_RMT_COST_BC,India,BD,7.19778
2021,SI_RMT_COST_BC,India,LK,6.41632
2021,SI_RMT_COST_BC,India,PK,8.05375
2016,SI_RMT_COST_BC,Israel,MA,11.65121
2017,SI_RMT_COST_BC,Israel,MA,11.22856
2018,SI_RMT_COST_BC,Israel,MA,10.48321
2019,SI_RMT_COST_BC,Israel,MA,12.02745
2020,SI_RMT_COST_BC,Israel,MA,12.31409
2021,SI_RMT_COST_BC,Israel,MA,13.91
2016,SI_RMT_COST_BC,Italy,BR,6.98991
2016,SI_RMT_COST_BC,Italy,IN,4.3798
2016,SI_RMT_COST_BC,Italy,RS,7.15179
2016,SI_RMT_COST_BC,Italy,ET,8.09495
2016,SI_RMT_COST_BC,Italy,CN,7.95406
2016,SI_RMT_COST_BC,Italy,XK,8.30952
2016,SI_RMT_COST_BC,Italy,RO,4.5917
2016,SI_RMT_COST_BC,Italy,UA,5.25276
2016,SI_RMT_COST_BC,Italy,NG,7.23611
2016,SI_RMT_COST_BC,Italy,AL,7.06172
2016,SI_RMT_COST_BC,Italy,SN,5.58937
2016,SI_RMT_COST_BC,Italy,MD,5.99381
2016,SI_RMT_COST_BC,Italy,PH,5.39208
2016,SI_RMT_COST_BC,Italy,LK,4.20178
2016,SI_RMT_COST_BC,Italy,TN,9.69055
2016,SI_RMT_COST_BC,Italy,EC,3.41907
2016,SI_RMT_COST_BC,Italy,MA,6.1879
2016,SI_RMT_COST_BC,Italy,EG,7.17132
2017,SI_RMT_COST_BC,Italy,MA,5.91348
2017,SI_RMT_COST_BC,Italy,AL,6.95308
2017,SI_RMT_COST_BC,Italy,TN,9.31608
2017,SI_RMT_COST_BC,Italy,EG,6.82579
2017,SI_RMT_COST_BC,Italy,RS,7.245
2017,SI_RMT_COST_BC,Italy,NG,5.98637
2017,SI_RMT_COST_BC,Italy,IN,4.24936
2017,SI_RMT_COST_BC,Italy,CN,9.77277
2017,SI_RMT_COST_BC,Italy,EC,4.04091
2017,SI_RMT_COST_BC,Italy,XK,7.76837
2017,SI_RMT_COST_BC,Italy,RO,4.75488
2017,SI_RMT_COST_BC,Italy,SN,5.22536
2017,SI_RMT_COST_BC,Italy,LK,4.48478
2017,SI_RMT_COST_BC,Italy,MD,6.46456
2017,SI_RMT_COST_BC,Italy,BR,7.48588
2017,SI_RMT_COST_BC,Italy,UA,5.68374
2017,SI_RMT_COST_BC,Italy,PH,5.39254
2017,SI_RMT_COST_BC,Italy,ET,6.56761
2018,SI_RMT_COST_BC,Italy,XK,8.6875
2018,SI_RMT_COST_BC,Italy,IN,4.28293
2018,SI_RMT_COST_BC,Italy,TN,10.02417
2018,SI_RMT_COST_BC,Italy,LK,4.32683
2018,SI_RMT_COST_BC,Italy,MA,5.17201
2018,SI_RMT_COST_BC,Italy,MD,6.38662
2018,SI_RMT_COST_BC,Italy,SN,5.48275
2018,SI_RMT_COST_BC,Italy,UA,5.87216
2018,SI_RMT_COST_BC,Italy,RS,8.07922
2018,SI_RMT_COST_BC,Italy,RO,4.73384
2018,SI_RMT_COST_BC,Italy,AL,7.98659
2018,SI_RMT_COST_BC,Italy,PH,5.40464
2018,SI_RMT_COST_BC,Italy,EC,3.81356
2018,SI_RMT_COST_BC,Italy,EG,5.83691
2018,SI_RMT_COST_BC,Italy,NG,5.99312
2018,SI_RMT_COST_BC,Italy,BR,8.16192
2018,SI_RMT_COST_BC,Italy,CN,8.54652
2018,SI_RMT_COST_BC,Italy,ET,7.95786
2019,SI_RMT_COST_BC,Italy,BD,4.16
2019,SI_RMT_COST_BC,Italy,MA,6.45015
2019,SI_RMT_COST_BC,Italy,NG,8.06314
2019,SI_RMT_COST_BC,Italy,AL,7.59136
2019,SI_RMT_COST_BC,Italy,EG,6.60123
2019,SI_RMT_COST_BC,Italy,EC,4.94888
2019,SI_RMT_COST_BC,Italy,IN,3.76437
2019,SI_RMT_COST_BC,Italy,LK,4.41911
2019,SI_RMT_COST_BC,Italy,PH,5.38702
2019,SI_RMT_COST_BC,Italy,BR,9.63956
2019,SI_RMT_COST_BC,Italy,CN,8.49391
2019,SI_RMT_COST_BC,Italy,XK,8.7898
2019,SI_RMT_COST_BC,Italy,ET,9.17
2019,SI_RMT_COST_BC,Italy,MD,5.35302
2019,SI_RMT_COST_BC,Italy,SN,5.84931
2019,SI_RMT_COST_BC,Italy,TN,10.03967
2019,SI_RMT_COST_BC,Italy,UA,6.00784
2019,SI_RMT_COST_BC,Italy,RS,7.09464
2019,SI_RMT_COST_BC,Italy,RO,4.87951
2020,SI_RMT_COST_BC,Italy,BD,4.92
2020,SI_RMT_COST_BC,Italy,SN,4.78415
2020,SI_RMT_COST_BC,Italy,EC,5.5894
2020,SI_RMT_COST_BC,Italy,PH,5.57079
2020,SI_RMT_COST_BC,Italy,AL,6.63507
2020,SI_RMT_COST_BC,Italy,NG,6.90856
2020,SI_RMT_COST_BC,Italy,MA,7.45899
2020,SI_RMT_COST_BC,Italy,UA,5.1667
2020,SI_RMT_COST_BC,Italy,MD,4.86398
2020,SI_RMT_COST_BC,Italy,RS,6.84592
2020,SI_RMT_COST_BC,Italy,EG,7.7583
2020,SI_RMT_COST_BC,Italy,IN,3.86037
2020,SI_RMT_COST_BC,Italy,LK,4.73798
2020,SI_RMT_COST_BC,Italy,TN,10.04565
2020,SI_RMT_COST_BC,Italy,BR,6.80366
2020,SI_RMT_COST_BC,Italy,ET,9.22369
2020,SI_RMT_COST_BC,Italy,XK,8.79592
2020,SI_RMT_COST_BC,Italy,CN,7.58475
2020,SI_RMT_COST_BC,Italy,RO,4.776
2021,SI_RMT_COST_BC,Italy,BR,5.34578
2021,SI_RMT_COST_BC,Italy,ET,8.46
2021,SI_RMT_COST_BC,Italy,XK,6.7575
2021,SI_RMT_COST_BC,Italy,CN,4.32503
2021,SI_RMT_COST_BC,Italy,RO,4.97426
2021,SI_RMT_COST_BC,Italy,AL,6.32014
2021,SI_RMT_COST_BC,Italy,NG,4.571
2021,SI_RMT_COST_BC,Italy,MA,5.12807
2021,SI_RMT_COST_BC,Italy,LK,3.46283
2021,SI_RMT_COST_BC,Italy,IN,3.05969
2021,SI_RMT_COST_BC,Italy,EC,3.89458
2021,SI_RMT_COST_BC,Italy,MD,4.04034
2021,SI_RMT_COST_BC,Italy,TN,7.03047
2021,SI_RMT_COST_BC,Italy,BD,2.79
2021,SI_RMT_COST_BC,Italy,SN,4.70786
2021,SI_RMT_COST_BC,Italy,EG,5.14322
2021,SI_RMT_COST_BC,Italy,RS,6.45063
2021,SI_RMT_COST_BC,Italy,UA,4.67277
2021,SI_RMT_COST_BC,Italy,PH,3.74521
2016,SI_RMT_COST_BC,Japan,VN,7.14173
2016,SI_RMT_COST_BC,Japan,BR,9.86568
2016,SI_RMT_COST_BC,Japan,IN,13.36423
2016,SI_RMT_COST_BC,Japan,CN,15.39415
2016,SI_RMT_COST_BC,Japan,ID,9.2491
2016,SI_RMT_COST_BC,Japan,PH,9.6523
2016,SI_RMT_COST_BC,Japan,TH,10.55181
2017,SI_RMT_COST_BC,Japan,ID,8.45151
2017,SI_RMT_COST_BC,Japan,VN,6.53263
2017,SI_RMT_COST_BC,Japan,TH,10.10768
2017,SI_RMT_COST_BC,Japan,PH,9.71797
2017,SI_RMT_COST_BC,Japan,BR,9.00962
2017,SI_RMT_COST_BC,Japan,IN,13.05038
2017,SI_RMT_COST_BC,Japan,CN,15.37092
2018,SI_RMT_COST_BC,Japan,ID,8.56475
2018,SI_RMT_COST_BC,Japan,TH,9.7419
2018,SI_RMT_COST_BC,Japan,VN,6.39952
2018,SI_RMT_COST_BC,Japan,BR,10.74428
2018,SI_RMT_COST_BC,Japan,PH,9.11869
2018,SI_RMT_COST_BC,Japan,IN,12.71572
2018,SI_RMT_COST_BC,Japan,CN,8.05719
2019,SI_RMT_COST_BC,Japan,IN,12.13719
2019,SI_RMT_COST_BC,Japan,PH,9.33693
2019,SI_RMT_COST_BC,Japan,ID,8.49355
2019,SI_RMT_COST_BC,Japan,TH,10.1863
2019,SI_RMT_COST_BC,Japan,BR,12.16152
2019,SI_RMT_COST_BC,Japan,CN,9.67535
2019,SI_RMT_COST_BC,Japan,VN,6.65381
2020,SI_RMT_COST_BC,Japan,IN,12.78402
2020,SI_RMT_COST_BC,Japan,BR,11.05393
2020,SI_RMT_COST_BC,Japan,CN,11.50182
2020,SI_RMT_COST_BC,Japan,TH,12.16525
2020,SI_RMT_COST_BC,Japan,VN,8.5659
2020,SI_RMT_COST_BC,Japan,ID,9.37116
2020,SI_RMT_COST_BC,Japan,PH,9.18878
2021,SI_RMT_COST_BC,Japan,VN,4.82529
2021,SI_RMT_COST_BC,Japan,ID,6.99619
2021,SI_RMT_COST_BC,Japan,PH,7.00553
2021,SI_RMT_COST_BC,Japan,TH,8.40385
2021,SI_RMT_COST_BC,Japan,BR,8.94385
2021,SI_RMT_COST_BC,Japan,CN,8.75857
2021,SI_RMT_COST_BC,Japan,IN,11.24458
2016,SI_RMT_COST_BC,Republic of Korea,VN,4.65945
2016,SI_RMT_COST_BC,Republic of Korea,CN,5.54707
2017,SI_RMT_COST_BC,Republic of Korea,CN,5.01151
2017,SI_RMT_COST_BC,Republic of Korea,VN,4.64154
2018,SI_RMT_COST_BC,Republic of Korea,CN,5.24008
2018,SI_RMT_COST_BC,Republic of Korea,VN,4.91537
2019,SI_RMT_COST_BC,Republic of Korea,CN,4.96757
2019,SI_RMT_COST_BC,Republic of Korea,VN,4.78727
2020,SI_RMT_COST_BC,Republic of Korea,VN,3.91146
2020,SI_RMT_COST_BC,Republic of Korea,CN,5.74343
2021,SI_RMT_COST_BC,Republic of Korea,CN,4.53682
2021,SI_RMT_COST_BC,Republic of Korea,VN,3.87039
2016,SI_RMT_COST_BC,Netherlands (Kingdom of the),SR,7.58438
2016,SI_RMT_COST_BC,Netherlands (Kingdom of the),ID,10.60513
2016,SI_RMT_COST_BC,Netherlands (Kingdom of the),SO,6.83055
2016,SI_RMT_COST_BC,Netherlands (Kingdom of the),MA,7.03618
2016,SI_RMT_COST_BC,Netherlands (Kingdom of the),DO,8.61522
2016,SI_RMT_COST_BC,Netherlands (Kingdom of the),GH,8.60693
2016,SI_RMT_COST_BC,Netherlands (Kingdom of the),NG,7.11059
2016,SI_RMT_COST_BC,Netherlands (Kingdom of the),TR,8.90885
2017,SI_RMT_COST_BC,Netherlands (Kingdom of the),TR,7.51488
2017,SI_RMT_COST_BC,Netherlands (Kingdom of the),MA,7.01798
2017,SI_RMT_COST_BC,Netherlands (Kingdom of the),SO,7.38412
2017,SI_RMT_COST_BC,Netherlands (Kingdom of the),ID,11.35922
2017,SI_RMT_COST_BC,Netherlands (Kingdom of the),GH,5.06104
2017,SI_RMT_COST_BC,Netherlands (Kingdom of the),SR,5.56161
2017,SI_RMT_COST_BC,Netherlands (Kingdom of the),DO,8.75505
2017,SI_RMT_COST_BC,Netherlands (Kingdom of the),NG,16.47703
2018,SI_RMT_COST_BC,Netherlands (Kingdom of the),ID,8.90085
2018,SI_RMT_COST_BC,Netherlands (Kingdom of the),TR,8.32574
2018,SI_RMT_COST_BC,Netherlands (Kingdom of the),SO,6.52424
2018,SI_RMT_COST_BC,Netherlands (Kingdom of the),MA,6.52615
2018,SI_RMT_COST_BC,Netherlands (Kingdom of the),GH,7.37351
2018,SI_RMT_COST_BC,Netherlands (Kingdom of the),DO,8.0577
2018,SI_RMT_COST_BC,Netherlands (Kingdom of the),SR,8.60859
2018,SI_RMT_COST_BC,Netherlands (Kingdom of the),NG,7.38807
2019,SI_RMT_COST_BC,Netherlands (Kingdom of the),SR,6.47767
2019,SI_RMT_COST_BC,Netherlands (Kingdom of the),ID,6.87113
2019,SI_RMT_COST_BC,Netherlands (Kingdom of the),TR,6.62874
2019,SI_RMT_COST_BC,Netherlands (Kingdom of the),DO,7.86388
2019,SI_RMT_COST_BC,Netherlands (Kingdom of the),GH,7.51993
2019,SI_RMT_COST_BC,Netherlands (Kingdom of the),SO,8.93751
2019,SI_RMT_COST_BC,Netherlands (Kingdom of the),NG,6.7339
2019,SI_RMT_COST_BC,Netherlands (Kingdom of the),MA,5.38486
2020,SI_RMT_COST_BC,Netherlands (Kingdom of the),SO,8.16557
2020,SI_RMT_COST_BC,Netherlands (Kingdom of the),GH,7.58954
2020,SI_RMT_COST_BC,Netherlands (Kingdom of the),DO,6.69381
2020,SI_RMT_COST_BC,Netherlands (Kingdom of the),MA,6.83597
2020,SI_RMT_COST_BC,Netherlands (Kingdom of the),TR,7.49965
2020,SI_RMT_COST_BC,Netherlands (Kingdom of the),SR,7.05503
2020,SI_RMT_COST_BC,Netherlands (Kingdom of the),ID,8.1998
2020,SI_RMT_COST_BC,Netherlands (Kingdom of the),NG,7.09111
2021,SI_RMT_COST_BC,Netherlands (Kingdom of the),SR,8.409
2021,SI_RMT_COST_BC,Netherlands (Kingdom of the),TR,7.17095
2021,SI_RMT_COST_BC,Netherlands (Kingdom of the),SO,7.625
2021,SI_RMT_COST_BC,Netherlands (Kingdom of the),MA,6.2735
2021,SI_RMT_COST_BC,Netherlands (Kingdom of the),NG,3.58188
2021,SI_RMT_COST_BC,Netherlands (Kingdom of the),GH,8.04462
2021,SI_RMT_COST_BC,Netherlands (Kingdom of the),DO,5.77875
2021,SI_RMT_COST_BC,Netherlands (Kingdom of the),ID,5.535
2016,SI_RMT_COST_BC,New Zealand,VN,8.19056
2016,SI_RMT_COST_BC,New Zealand,TO,10.11601
2016,SI_RMT_COST_BC,New Zealand,WS,8.11613
2016,SI_RMT_COST_BC,New Zealand,CN,9.1599
2016,SI_RMT_COST_BC,New Zealand,FJ,9.40589
2016,SI_RMT_COST_BC,New Zealand,VU,13.05392
2016,SI_RMT_COST_BC,New Zealand,IN,6.56299
2016,SI_RMT_COST_BC,New Zealand,PH,7.35122
2017,SI_RMT_COST_BC,New Zealand,VU,14.84164
2017,SI_RMT_COST_BC,New Zealand,FJ,9.09781
2017,SI_RMT_COST_BC,New Zealand,TO,9.83056
2017,SI_RMT_COST_BC,New Zealand,PH,7.33883
2017,SI_RMT_COST_BC,New Zealand,VN,8.65248
2017,SI_RMT_COST_BC,New Zealand,CN,9.77262
2017,SI_RMT_COST_BC,New Zealand,WS,10.17363
2017,SI_RMT_COST_BC,New Zealand,IN,6.61045
2018,SI_RMT_COST_BC,New Zealand,FJ,9.34445
2018,SI_RMT_COST_BC,New Zealand,CN,5.80943
2018,SI_RMT_COST_BC,New Zealand,TO,9.65871
2018,SI_RMT_COST_BC,New Zealand,WS,9.32207
2018,SI_RMT_COST_BC,New Zealand,IN,6.48703
2018,SI_RMT_COST_BC,New Zealand,VU,11.29668
2018,SI_RMT_COST_BC,New Zealand,VN,7.8687
2018,SI_RMT_COST_BC,New Zealand,PH,6.65606
2019,SI_RMT_COST_BC,New Zealand,VN,7.59323
2019,SI_RMT_COST_BC,New Zealand,WS,9.74065
2019,SI_RMT_COST_BC,New Zealand,IN,6.0565
2019,SI_RMT_COST_BC,New Zealand,CN,7.14645
2019,SI_RMT_COST_BC,New Zealand,PH,6.06598
2019,SI_RMT_COST_BC,New Zealand,FJ,9.08599
2019,SI_RMT_COST_BC,New Zealand,TO,10.07827
2019,SI_RMT_COST_BC,New Zealand,VU,11.24332
2020,SI_RMT_COST_BC,New Zealand,CN,6.8299
2020,SI_RMT_COST_BC,New Zealand,PH,6.19294
2020,SI_RMT_COST_BC,New Zealand,IN,5.58386
2020,SI_RMT_COST_BC,New Zealand,VN,7.51137
2020,SI_RMT_COST_BC,New Zealand,WS,8.46449
2020,SI_RMT_COST_BC,New Zealand,FJ,8.13791
2020,SI_RMT_COST_BC,New Zealand,TO,10.09703
2020,SI_RMT_COST_BC,New Zealand,VU,10.88101
2021,SI_RMT_COST_BC,New Zealand,FJ,7.76692
2021,SI_RMT_COST_BC,New Zealand,VN,6.82677
2021,SI_RMT_COST_BC,New Zealand,TO,10.2508
2021,SI_RMT_COST_BC,New Zealand,IN,5.71333
2021,SI_RMT_COST_BC,New Zealand,WS,9.14
2021,SI_RMT_COST_BC,New Zealand,VU,10.03357
2021,SI_RMT_COST_BC,New Zealand,PH,5.48565
2021,SI_RMT_COST_BC,New Zealand,CN,4.73261
2016,SI_RMT_COST_BC,Norway,PK,9.25585
2016,SI_RMT_COST_BC,Norway,PL,7.3543
2017,SI_RMT_COST_BC,Norway,PK,6.64929
2017,SI_RMT_COST_BC,Norway,PL,5.83033
2018,SI_RMT_COST_BC,Norway,PK,7.12767
2018,SI_RMT_COST_BC,Norway,PL,5.43755
2019,SI_RMT_COST_BC,Norway,PL,5.78072
2019,SI_RMT_COST_BC,Norway,PK,6.63246
2020,SI_RMT_COST_BC,Norway,PL,4.19482
2020,SI_RMT_COST_BC,Norway,PK,3.97941
2021,SI_RMT_COST_BC,Norway,PL,5.58909
2021,SI_RMT_COST_BC,Norway,PK,4.5925
2016,SI_RMT_COST_BC,Portugal,CV,6.85465
2016,SI_RMT_COST_BC,Portugal,BR,4.90312
2016,SI_RMT_COST_BC,Portugal,MZ,9.89262
2017,SI_RMT_COST_BC,Portugal,CV,8.50328
2017,SI_RMT_COST_BC,Portugal,BR,6.48736
2017,SI_RMT_COST_BC,Portugal,MZ,10.68915
2018,SI_RMT_COST_BC,Portugal,CV,8.31379
2018,SI_RMT_COST_BC,Portugal,BR,5.53281
2018,SI_RMT_COST_BC,Portugal,MZ,3.68335
2019,SI_RMT_COST_BC,Portugal,CV,7.394
2019,SI_RMT_COST_BC,Portugal,MZ,9.45239
2019,SI_RMT_COST_BC,Portugal,BR,6.80935
2020,SI_RMT_COST_BC,Portugal,CV,7.38767
2020,SI_RMT_COST_BC,Portugal,BR,6.51711
2020,SI_RMT_COST_BC,Portugal,MZ,8.01346
2021,SI_RMT_COST_BC,Portugal,CV,7.46167
2021,SI_RMT_COST_BC,Portugal,BR,5.17158
2021,SI_RMT_COST_BC,Portugal,MZ,6.51188
2021,SI_RMT_COST_BC,Portugal,MZ,6.51188
