Year,SeriesCode,GeoAreaName,Value
2005,VC_DSR_BSDN,Albania,50.0
2006,VC_DSR_BSDN,Albania,4.0
2007,VC_DSR_BSDN,Albania,5.0
2008,VC_DSR_BSDN,Albania,1.0
2009,VC_DSR_BSDN,Albania,6.0
2010,VC_DSR_BSDN,Albania,26.0
2011,VC_DSR_BSDN,Albania,11.0
2012,VC_DSR_BSDN,Albania,21.0
2013,VC_DSR_BSDN,Albania,2.0
2014,VC_DSR_BSDN,Albania,1.0
2015,VC_DSR_BSDN,Albania,19.0
2016,VC_DSR_BSDN,Albania,7.0
2018,VC_DSR_BSDN,Albania,1.0
2019,VC_DSR_BSDN,Albania,5.0
2020,VC_DSR_BSDN,Albania,4.0
2015,VC_DSR_BSDN,Australia,88.0
2016,VC_DSR_BSDN,Australia,14.0
2017,VC_DSR_BSDN,Australia,226.0
2018,VC_DSR_BSDN,Australia,197.0
2019,VC_DSR_BSDN,Australia,288733.0
2020,VC_DSR_BSDN,Australia,258720.0
2021,VC_DSR_BSDN,Australia,51143.0
2018,VC_DSR_BSDN,Austria,26.0
2019,VC_DSR_BSDN,Austria,41.0
2020,VC_DSR_BSDN,Austria,21.0
2017,VC_DSR_BSDN,Armenia,0.0
2018,VC_DSR_BSDN,Armenia,4.0
2019,VC_DSR_BSDN,Armenia,34.0
2020,VC_DSR_BSDN,Armenia,24.0
2021,VC_DSR_BSDN,Armenia,29.0
2005,VC_DSR_BSDN,Bulgaria,31.0
2006,VC_DSR_BSDN,Bulgaria,0.0
2007,VC_DSR_BSDN,Bulgaria,6.0
2008,VC_DSR_BSDN,Bulgaria,4.0
2009,VC_DSR_BSDN,Bulgaria,0.0
2010,VC_DSR_BSDN,Bulgaria,4.0
2011,VC_DSR_BSDN,Bulgaria,1.0
2012,VC_DSR_BSDN,Bulgaria,14.0
2013,VC_DSR_BSDN,Bulgaria,2.0
2014,VC_DSR_BSDN,Bulgaria,11.0
2015,VC_DSR_BSDN,Bulgaria,22.0
2016,VC_DSR_BSDN,Bulgaria,10.0
2017,VC_DSR_BSDN,Bulgaria,13.0
2018,VC_DSR_BSDN,Bulgaria,42.0
2019,VC_DSR_BSDN,Bulgaria,0.0
2020,VC_DSR_BSDN,Bulgaria,16.0
2021,VC_DSR_BSDN,Bulgaria,69.0
2015,VC_DSR_BSDN,Belarus,0.0
2016,VC_DSR_BSDN,Belarus,0.0
2017,VC_DSR_BSDN,Belarus,0.0
2018,VC_DSR_BSDN,Belarus,0.0
2019,VC_DSR_BSDN,Belarus,0.0
2020,VC_DSR_BSDN,Belarus,0.0
2021,VC_DSR_BSDN,Belarus,0.0
2005,VC_DSR_BSDN,Chile,0.0
2006,VC_DSR_BSDN,Chile,2.0
2007,VC_DSR_BSDN,Chile,0.0
2008,VC_DSR_BSDN,Chile,0.0
2009,VC_DSR_BSDN,Chile,0.0
2010,VC_DSR_BSDN,Chile,1.0
2011,VC_DSR_BSDN,Chile,0.0
2012,VC_DSR_BSDN,Chile,0.0
2013,VC_DSR_BSDN,Chile,0.0
2014,VC_DSR_BSDN,Chile,0.0
2015,VC_DSR_BSDN,Chile,5.0
2016,VC_DSR_BSDN,Chile,4.0
2017,VC_DSR_BSDN,Chile,7.0
2018,VC_DSR_BSDN,Chile,0.0
2019,VC_DSR_BSDN,Chile,0.0
2020,VC_DSR_BSDN,Chile,358.0
2021,VC_DSR_BSDN,Chile,0.0
2005,VC_DSR_BSDN,Colombia,116.0
2006,VC_DSR_BSDN,Colombia,108.0
2007,VC_DSR_BSDN,Colombia,67.0
2008,VC_DSR_BSDN,Colombia,151.0
2009,VC_DSR_BSDN,Colombia,100.0
2010,VC_DSR_BSDN,Colombia,382.0
2011,VC_DSR_BSDN,Colombia,343.0
2012,VC_DSR_BSDN,Colombia,497.0
2013,VC_DSR_BSDN,Colombia,266.0
2014,VC_DSR_BSDN,Colombia,240.0
2015,VC_DSR_BSDN,Colombia,239.0
2016,VC_DSR_BSDN,Colombia,223.0
2017,VC_DSR_BSDN,Colombia,251.0
2018,VC_DSR_BSDN,Colombia,216.0
2019,VC_DSR_BSDN,Colombia,625.0
2020,VC_DSR_BSDN,Colombia,146.0
2021,VC_DSR_BSDN,Colombia,524.0
2005,VC_DSR_BSDN,Costa Rica,15.0
2006,VC_DSR_BSDN,Costa Rica,6.0
2007,VC_DSR_BSDN,Costa Rica,10.0
2008,VC_DSR_BSDN,Costa Rica,9.0
2009,VC_DSR_BSDN,Costa Rica,10.0
2010,VC_DSR_BSDN,Costa Rica,5.0
2011,VC_DSR_BSDN,Costa Rica,0.0
2012,VC_DSR_BSDN,Costa Rica,5.0
2013,VC_DSR_BSDN,Costa Rica,0.0
2014,VC_DSR_BSDN,Costa Rica,238.0
2015,VC_DSR_BSDN,Costa Rica,5.0
2016,VC_DSR_BSDN,Costa Rica,8.0
2017,VC_DSR_BSDN,Costa Rica,8.0
2018,VC_DSR_BSDN,Costa Rica,4.0
2019,VC_DSR_BSDN,Costa Rica,2.0
2020,VC_DSR_BSDN,Costa Rica,2.0
2021,VC_DSR_BSDN,Costa Rica,305.0
2017,VC_DSR_BSDN,Croatia,144.0
2015,VC_DSR_BSDN,Czechia,0.0
2016,VC_DSR_BSDN,Czechia,0.0
2017,VC_DSR_BSDN,Czechia,0.0
2020,VC_DSR_BSDN,Denmark,0.0
2005,VC_DSR_BSDN,Estonia,1.0
2006,VC_DSR_BSDN,Estonia,0.0
2007,VC_DSR_BSDN,Estonia,0.0
2008,VC_DSR_BSDN,Estonia,0.0
2009,VC_DSR_BSDN,Estonia,0.0
2010,VC_DSR_BSDN,Estonia,1.0
2011,VC_DSR_BSDN,Estonia,2.0
2012,VC_DSR_BSDN,Estonia,0.0
2013,VC_DSR_BSDN,Estonia,0.0
2014,VC_DSR_BSDN,Estonia,0.0
2015,VC_DSR_BSDN,Estonia,0.0
2016,VC_DSR_BSDN,Estonia,0.0
2017,VC_DSR_BSDN,Estonia,0.0
2018,VC_DSR_BSDN,Estonia,0.0
2015,VC_DSR_BSDN,Finland,22.0
2016,VC_DSR_BSDN,Finland,20.0
2017,VC_DSR_BSDN,Finland,16.0
2018,VC_DSR_BSDN,Finland,14.0
2019,VC_DSR_BSDN,Finland,0.0
2015,VC_DSR_BSDN,Georgia,1.0
2016,VC_DSR_BSDN,Georgia,0.0
2017,VC_DSR_BSDN,Georgia,6.0
2018,VC_DSR_BSDN,Georgia,0.0
2019,VC_DSR_BSDN,Georgia,0.0
2020,VC_DSR_BSDN,Georgia,0.0
2021,VC_DSR_BSDN,Georgia,0.0
2020,VC_DSR_BSDN,Hungary,0.0
2021,VC_DSR_BSDN,Hungary,13.0
2015,VC_DSR_BSDN,Ireland,0.0
2016,VC_DSR_BSDN,Ireland,1.0
2017,VC_DSR_BSDN,Ireland,494002.0
2015,VC_DSR_BSDN,Japan,882.0
2016,VC_DSR_BSDN,Japan,1097.0
2017,VC_DSR_BSDN,Japan,8667.0
2018,VC_DSR_BSDN,Japan,20373.0
2019,VC_DSR_BSDN,Japan,11971.0
2020,VC_DSR_BSDN,Japan,15120.0
2005,VC_DSR_BSDN,Kazakhstan,1.0
2006,VC_DSR_BSDN,Kazakhstan,1.0
2007,VC_DSR_BSDN,Kazakhstan,0.0
2008,VC_DSR_BSDN,Kazakhstan,0.0
2009,VC_DSR_BSDN,Kazakhstan,1.0
2010,VC_DSR_BSDN,Kazakhstan,0.0
2011,VC_DSR_BSDN,Kazakhstan,0.0
2012,VC_DSR_BSDN,Kazakhstan,0.0
2013,VC_DSR_BSDN,Kazakhstan,0.0
2014,VC_DSR_BSDN,Kazakhstan,2.0
2015,VC_DSR_BSDN,Kazakhstan,0.0
2016,VC_DSR_BSDN,Kazakhstan,1.0
2017,VC_DSR_BSDN,Kazakhstan,12.0
2018,VC_DSR_BSDN,Kazakhstan,5.0
2019,VC_DSR_BSDN,Kazakhstan,3.0
2020,VC_DSR_BSDN,Kazakhstan,6.0
2017,VC_DSR_BSDN,Republic of Korea,0.0
2015,VC_DSR_BSDN,Kyrgyzstan,123.0
2016,VC_DSR_BSDN,Kyrgyzstan,10.0
2017,VC_DSR_BSDN,Kyrgyzstan,12.0
2018,VC_DSR_BSDN,Kyrgyzstan,76.0
2019,VC_DSR_BSDN,Kyrgyzstan,38.0
2017,VC_DSR_BSDN,Luxembourg,0.0
2018,VC_DSR_BSDN,Luxembourg,0.0
2015,VC_DSR_BSDN,Mexico,13.0
2016,VC_DSR_BSDN,Mexico,117.0
2017,VC_DSR_BSDN,Mexico,84.0
2018,VC_DSR_BSDN,Mexico,46.0
2019,VC_DSR_BSDN,Mexico,22.0
2020,VC_DSR_BSDN,Mexico,19.0
2021,VC_DSR_BSDN,Mexico,1492170697.1
2020,VC_DSR_BSDN,Montenegro,3.0
2021,VC_DSR_BSDN,Montenegro,1.0
2017,VC_DSR_BSDN,Netherlands (Kingdom of the),0.0
2019,VC_DSR_BSDN,Netherlands (Kingdom of the),0.0
2015,VC_DSR_BSDN,New Zealand,5.0
2016,VC_DSR_BSDN,New Zealand,276.0
2017,VC_DSR_BSDN,New Zealand,235.0
2018,VC_DSR_BSDN,New Zealand,478.0
2019,VC_DSR_BSDN,New Zealand,244.0
2020,VC_DSR_BSDN,New Zealand,26.0
2017,VC_DSR_BSDN,Norway,0.0
2021,VC_DSR_BSDN,Portugal,0.0
2018,VC_DSR_BSDN,Romania,4.0
2019,VC_DSR_BSDN,Romania,0.0
2020,VC_DSR_BSDN,Romania,0.0
2021,VC_DSR_BSDN,Romania,0.0
2020,VC_DSR_BSDN,Serbia,5.0
2021,VC_DSR_BSDN,Serbia,1.0
2005,VC_DSR_BSDN,Viet Nam,0.0
2006,VC_DSR_BSDN,Viet Nam,0.0
2007,VC_DSR_BSDN,Viet Nam,0.0
2008,VC_DSR_BSDN,Viet Nam,0.0
2009,VC_DSR_BSDN,Viet Nam,0.0
2010,VC_DSR_BSDN,Viet Nam,0.0
2019,VC_DSR_BSDN,Viet Nam,0.0
2015,VC_DSR_BSDN,Sweden,0.0
2016,VC_DSR_BSDN,Sweden,0.0
2017,VC_DSR_BSDN,Sweden,0.0
2018,VC_DSR_BSDN,Sweden,0.0
2019,VC_DSR_BSDN,Sweden,0.0
2020,VC_DSR_BSDN,Sweden,3.0
2015,VC_DSR_BSDN,Tajikistan,45.0
2016,VC_DSR_BSDN,Tajikistan,27.0
2017,VC_DSR_BSDN,Tajikistan,13.0
2018,VC_DSR_BSDN,Tajikistan,99.0
2019,VC_DSR_BSDN,Tajikistan,2.0
2020,VC_DSR_BSDN,Tajikistan,22.0
2020,VC_DSR_BSDN,United Arab Emirates,0.0
2015,VC_DSR_BSDN,Türkiye,136.0
2016,VC_DSR_BSDN,Türkiye,20329.0
2017,VC_DSR_BSDN,Türkiye,735.0
2018,VC_DSR_BSDN,Türkiye,289.0
2019,VC_DSR_BSDN,Türkiye,876.0
2020,VC_DSR_BSDN,Türkiye,432.0
2021,VC_DSR_BSDN,Türkiye,8.0
2005,VC_DSR_BSDN,Ukraine,47.0
2006,VC_DSR_BSDN,Ukraine,35.0
2007,VC_DSR_BSDN,Ukraine,50.0
2008,VC_DSR_BSDN,Ukraine,30.0
2009,VC_DSR_BSDN,Ukraine,39.0
2010,VC_DSR_BSDN,Ukraine,22.0
2011,VC_DSR_BSDN,Ukraine,2.0
2012,VC_DSR_BSDN,Ukraine,7.0
2013,VC_DSR_BSDN,Ukraine,10.0
2014,VC_DSR_BSDN,Ukraine,6.0
2015,VC_DSR_BSDN,Ukraine,6.0
2016,VC_DSR_BSDN,Ukraine,18.0
2017,VC_DSR_BSDN,Ukraine,35.0
2018,VC_DSR_BSDN,Ukraine,5.0
2019,VC_DSR_BSDN,Ukraine,115.0
2020,VC_DSR_BSDN,Ukraine,9.0
2021,VC_DSR_BSDN,Ukraine,12.0
2019,VC_DSR_BSDN,Uzbekistan,0.0
2020,VC_DSR_BSDN,Uzbekistan,11757.0
2020,VC_DSR_BSDN,Uzbekistan,11757.0
