Year,SeriesCode,GeoAreaName,Cities,Custom Breakdown,Value
2020,EN_URB_OPENSP,Bulgaria,BG_PLEVEN,,47.2
2020,EN_URB_OPENSP,Bulgaria,BG_MONTANA,,89.8
2020,EN_URB_OPENSP,Bulgaria,BG_DOBRIC,,84.1
2020,EN_URB_OPENSP,Bulgaria,BG_BURGAS,,85.0
2020,EN_URB_OPENSP,Bulgaria,BG_RUSE,,91.2
2020,EN_URB_OPENSP,Bulgaria,BG_SOFIJA,,63.8
2020,EN_URB_OPENSP,Bulgaria,BG_VARNA,,78.2
2020,EN_URB_OPENSP,Bulgaria,BG_PLOVDIV,,66.9
2020,EN_URB_OPENSP,Belarus,BY_VICIEBSK,,69.0
2020,EN_URB_OPENSP,Belarus,BY_GOMEL,,42.1
2020,EN_URB_OPENSP,Belarus,BY_HRODNA,,76.5
2020,EN_URB_OPENSP,Belarus,BY_POLACK,,50.8
2020,EN_URB_OPENSP,Belarus,BY_SALIHORSK,,77.1
2020,EN_URB_OPENSP,Belarus,BY_BREST,,50.2
2020,EN_URB_OPENSP,Belarus,BY_BABRUJSK,,46.7
2020,EN_URB_OPENSP,Belarus,BY_MAZYR,,47.4
2020,EN_URB_OPENSP,Belarus,BY_MINSK,,83.3
2020,EN_URB_OPENSP,Belarus,BY_KOBRYN,,33.7
2020,EN_URB_OPENSP,Kyrgyzstan,KG_BISKEK,,59.5
2020,EN_URB_OPENSP,Kyrgyzstan,KG_KARA_BALTA,,36.3
2020,EN_URB_OPENSP,Kyrgyzstan,KG_KARA_KO,,49.6
2020,EN_URB_OPENSP,United Kingdom of Great Britain and Northern Ireland,GB_MANCHESTER,,81.6
2020,EN_URB_OPENSP,United Kingdom of Great Britain and Northern Ireland,GB_SHEFFIELD,,58.2
2020,EN_URB_OPENSP,United Kingdom of Great Britain and Northern Ireland,GB_LONDON,,81.3
2020,EN_URB_OPENSP,Azerbaijan,AZ_BAKU,,57.0
2020,EN_URB_OPENSP,Australia,AU_LAUNCESTON,,81.0
2020,EN_URB_OPENSP,Australia,AU_PERTH,,85.6
2020,EN_URB_OPENSP,Australia,AU_MELBOURNE,,84.4
2020,EN_URB_OPENSP,Australia,AU_GEELONG,,88.9
2020,EN_URB_OPENSP,Australia,AU_KINGAROY,,75.1
2020,EN_URB_OPENSP,Australia,AU_HOBART,,73.9
2020,EN_URB_OPENSP,Australia,AU_GOLD_COAST,,94.3
2020,EN_URB_OPENSP,Australia,AU_DARWIN,,86.7
2020,EN_URB_OPENSP,Australia,AU_CESSNOCK,,54.0
2020,EN_URB_OPENSP,Australia,AU_CANBERRA,,97.5
2020,EN_URB_OPENSP,Australia,AU_WOLLONGONG,,80.6
2020,EN_URB_OPENSP,Lithuania,LT_KAUNAS,,61.4
2020,EN_URB_OPENSP,Mexico,MX_GRO_ACAPULCO_DE_JUAREZ,,56.5
2020,EN_URB_OPENSP,Mexico,MX_GUA_IRAPUATO,,85.0
2020,EN_URB_OPENSP,Australia,AU_SYDNEY,,33.4
2020,EN_URB_OPENSP,Australia,AU_SHEPPARTON,,92.3
2020,EN_URB_OPENSP,Australia,AU_CAIRNS,,97.8
2020,EN_URB_OPENSP,Australia,AU_BUNBURY,,96.8
2020,EN_URB_OPENSP,Australia,AU_BRISBANE,,80.5
2020,EN_URB_OPENSP,Australia,AU_ALICE_SPRINGS,,92.4
2020,EN_URB_OPENSP,Australia,AU_ADELAIDE,,72.2
2020,EN_URB_OPENSP,Australia,AU_MUSWELLBROOK,,80.8
2020,EN_URB_OPENSP,Austria,AT_WIEN,,72.4
2020,EN_URB_OPENSP,Canada,CA_WINNIPEG_MAN,,76.3
2020,EN_URB_OPENSP,Canada,CA_VICTORIA_BC,,93.6
2020,EN_URB_OPENSP,Canada,CA_SAINT_JEAN_SUR_RICHELIEU_QUE,,89.5
2020,EN_URB_OPENSP,Canada,CA_REGINA_SASK,,95.5
2020,EN_URB_OPENSP,Canada,CA_MONTREAL_QUE,,91.8
2020,EN_URB_OPENSP,Canada,CA_KELOWNA_BC,,77.5
2020,EN_URB_OPENSP,Canada,CA_EDMONTON_ALTA,,82.5
2020,EN_URB_OPENSP,Canada,CA_CALGARY_ALTA,,92.5
2020,EN_URB_OPENSP,Canada,CA_BARRIE_ONT,,89.4
2020,EN_URB_OPENSP,Uzbekistan,UZ_QOQON,,24.6
2020,EN_URB_OPENSP,Uzbekistan,UZ_TOSHKENT,,26.3
2020,EN_URB_OPENSP,Uzbekistan,UZ_ANDIJAN,,27.2
2020,EN_URB_OPENSP,Uzbekistan,UZ_BEKOBOD,,62.7
2020,EN_URB_OPENSP,Uzbekistan,UZ_NAVOIY,,12.2
2020,EN_URB_OPENSP,Uzbekistan,UZ_NUKUS,,54.1
2020,EN_URB_OPENSP,Uzbekistan,UZ_DENAU,,14.6
2020,EN_URB_OPENSP,Uzbekistan,UZ_NAMANGAN,,16.5
2020,EN_URB_OPENSP,Uzbekistan,UZ_BESHARYK,,60.2
2020,EN_URB_OPENSP,Uzbekistan,UZ_BUXORO,,38.9
2020,EN_URB_OPENSP,Uzbekistan,UZ_TORTKOL,,23.1
2020,EN_URB_OPENSP,Uzbekistan,UZ_TERMIZ,,30.9
2022,EN_URB_OPENSP,Chile,CL_PUNTA_ARENAS,,98.9
2022,EN_URB_OPENSP,Chile,CL_OSORNO,,100.0
2022,EN_URB_OPENSP,Chile,CL_PENAFLOR,,86.6
2022,EN_URB_OPENSP,Chile,CL_RANCAGUA,,98.2
2022,EN_URB_OPENSP,Chile,CL_CONCEPCION,,90.9
2022,EN_URB_OPENSP,Chile,CL_ARICA,,87.9
2022,EN_URB_OPENSP,Chile,CL_ANTOFAGASTA,,76.9
2022,EN_URB_OPENSP,Chile,CL_LOS_ANGELES,,93.6
2022,EN_URB_OPENSP,Chile,CL_LA_SERENA,,89.6
2022,EN_URB_OPENSP,Chile,CL_IQUIQUE,,96.3
2020,EN_URB_OPENSP,Mexico,MX_CIUDAD_DE_MEXICO,,46.3
2020,EN_URB_OPENSP,Mexico,MX_CAM_CAMPECHE,,81.2
2020,EN_URB_OPENSP,Mexico,MX_GUA_LEON,,56.2
2020,EN_URB_OPENSP,Mexico,MX_JAL_GUADALAJARA,,50.5
2020,EN_URB_OPENSP,Mexico,MX_GUA_GUANAJUATO,,45.7
2020,EN_URB_OPENSP,Mexico,MX_SIN_CULIACAN,,72.5
2020,EN_URB_OPENSP,Mexico,MX_BCN_ENSENADA,,42.9
2020,EN_URB_OPENSP,Mexico,MX_CHH_JUAREZ,,54.8
2020,EN_URB_OPENSP,Mexico,MX_CHP_COMITAN_DE_DOMINGUEZ,,71.4
2020,EN_URB_OPENSP,Mexico,MX_NLE_MONTERREY,,72.6
2020,EN_URB_OPENSP,Mexico,MX_NAY_TEPIC,,55.4
2020,EN_URB_OPENSP,Mexico,MX_JAL_PUERTO_VALLARTA,,46.5
2022,EN_URB_OPENSP,Chile,CL_CURICO,,93.9
2022,EN_URB_OPENSP,Chile,CL_COPIAPO,,96.7
2022,EN_URB_OPENSP,Chile,CL_VALPARAISO,,66.9
2022,EN_URB_OPENSP,Chile,CL_TEMUCO,,93.9
2022,EN_URB_OPENSP,Chile,CL_OVALLE,,99.5
2022,EN_URB_OPENSP,Chile,CL_TALCA,,98.2
2022,EN_URB_OPENSP,Chile,CL_SANTIAGO,,92.9
2020,EN_URB_OPENSP,China,CN_CHANGZHOU_JINGSU,,24.3
2020,EN_URB_OPENSP,China,CN_JINAN_SHANDONG,,26.1
2020,EN_URB_OPENSP,China,CN_ANQING_ANHUI,,32.8
2020,EN_URB_OPENSP,China,CN_CHENGDU_SICHUAN,,15.1
2020,EN_URB_OPENSP,China,CN_LESHAN_SICHUAN,,27.6
2020,EN_URB_OPENSP,China,CN_KAIPING_GUANGDONG,,34.7
2020,EN_URB_OPENSP,China,CN_QINGDAO_SHANDONG,,28.5
2020,EN_URB_OPENSP,China,CN_HANGZHOU_ZHEJIANG,,20.5
2020,EN_URB_OPENSP,China,CN_HAIKOU_HAINAN,,19.7
2020,EN_URB_OPENSP,China,CN_HONG_KONG,,89.1
2020,EN_URB_OPENSP,China,CN_ZUNYI_GUIZHOU,,25.4
2020,EN_URB_OPENSP,China,CN_YULIN_GUANGXI,,49.2
2020,EN_URB_OPENSP,China,CN_SUINING_SICHUAN,,16.9
2020,EN_URB_OPENSP,China,CN_WUHAN_HUBEI,,16.0
2020,EN_URB_OPENSP,China,CN_XINGPING_SHAANXI,,31.0
2020,EN_URB_OPENSP,China,CN_YIYANG_HUNAN,,46.3
2020,EN_URB_OPENSP,China,CN_GUIXI_CHONGQING,,65.8
2020,EN_URB_OPENSP,China,CN_GAOYOU_JIANGSU,,52.4
2020,EN_URB_OPENSP,China,CN_CHENGGUAN_GUIZHOU,,24.0
2020,EN_URB_OPENSP,China,CN_SHENZHEN_GUANGDONG,,21.9
2020,EN_URB_OPENSP,China,CN_CHANGZHI_HUNAN,,15.2
2020,EN_URB_OPENSP,China,CN_GUANGZHOU_GUANGDONG,,17.2
2020,EN_URB_OPENSP,Colombia,CO_VAC_GUADALAJARA_DE_BUGA,,71.1
2020,EN_URB_OPENSP,Colombia,CO_SUC_SINCELEJO,,57.0
2020,EN_URB_OPENSP,Colombia,CO_ANT_MEDELLIN,,52.8
2020,EN_URB_OPENSP,Colombia,CO_LAG_MAICAO,,58.9
2020,EN_URB_OPENSP,Colombia,CO_BOY_TUNJA,,81.3
2020,EN_URB_OPENSP,Colombia,CO_CUN_GIRARDOT,,46.0
2020,EN_URB_OPENSP,Colombia,CO_CAQ_FLORENCIA,,49.9
2020,EN_URB_OPENSP,Colombia,CO_NSA_CUCUTA,,51.7
2020,EN_URB_OPENSP,Colombia,CO_VAC_CARTAGO,,50.1
2020,EN_URB_OPENSP,Colombia,CO_BOL_CARTAGENA_DE_INDIAS,,43.6
2020,EN_URB_OPENSP,Colombia,CO_VAC_CALI,,70.3
2020,EN_URB_OPENSP,Colombia,CO_CES_VALLEDUPAR,,35.4
2020,EN_URB_OPENSP,Colombia,CO_MET_VILLAVICENCIO,,52.4
2020,EN_URB_OPENSP,Colombia,CO_ATL_BARRANQUILLA,,43.1
2020,EN_URB_OPENSP,Colombia,CO_ARA_ARAUCA,,64.1
2020,EN_URB_OPENSP,Colombia,CO_SAN_BUCARAMANGA,,78.7
2020,EN_URB_OPENSP,Colombia,CO_BOGOTA,,87.5
2020,EN_URB_OPENSP,Colombia,CO_CUN_ZIPAQUIRA,,70.4
2020,EN_URB_OPENSP,Colombia,CO_HUI_NEIVA,,78.7
2020,EN_URB_OPENSP,Costa Rica,CR_SAN_JOSE,,59.1
2020,EN_URB_OPENSP,Costa Rica,CR_PUNTARENAS,,76.3
2020,EN_URB_OPENSP,Costa Rica,CR_LIMON,,55.7
2020,EN_URB_OPENSP,Costa Rica,CR_CARTAGO,,50.6
2020,EN_URB_OPENSP,Costa Rica,CR_LIBERIA,,70.9
2020,EN_URB_OPENSP,Denmark,DK_HERNING,,97.7
2020,EN_URB_OPENSP,Denmark,DK_SVENDBORG,,98.7
2020,EN_URB_OPENSP,Denmark,DK_SLAGELSE,,97.8
2020,EN_URB_OPENSP,Denmark,DK_ODENSE,,98.1
2020,EN_URB_OPENSP,Denmark,DK_HJORRING,,98.4
2020,EN_URB_OPENSP,Denmark,DK_AALBORG,,96.5
2020,EN_URB_OPENSP,Denmark,DK_HORSHOLM,,99.8
2020,EN_URB_OPENSP,France,FR_BESANCON,,91.1
2020,EN_URB_OPENSP,France,FR_NICE,,60.6
2020,EN_URB_OPENSP,France,FR_PARIS,,51.6
2020,EN_URB_OPENSP,France,FR_NIMES,,34.4
2020,EN_URB_OPENSP,France,FR_NANTES,,67.6
2020,EN_URB_OPENSP,France,FR_STRASBOURG,,73.2
2020,EN_URB_OPENSP,France,FR_METZ,,39.0
2020,EN_URB_OPENSP,France,FR_MARSEILLE,,46.5
2020,EN_URB_OPENSP,France,FR_LYON,,66.5
2020,EN_URB_OPENSP,France,FR_LILLE,,67.0
2020,EN_URB_OPENSP,France,FR_LE_MANS,,81.2
2020,EN_URB_OPENSP,France,FR_GRENOBLE,,75.5
2020,EN_URB_OPENSP,France,FR_TOULOUSE,,47.2
2020,EN_URB_OPENSP,Germany,DE_HALLE,,76.4
2020,EN_URB_OPENSP,Germany,DE_BERLIN,,68.2
2020,EN_URB_OPENSP,Germany,DE_OLDENBURG,,90.6
2020,EN_URB_OPENSP,Greece,GR_THESSALONIKI,,65.7
2020,EN_URB_OPENSP,Hungary,HU_BUDAPEST,,58.8
2020,EN_URB_OPENSP,India,IN_TUMKUR,,60.4
2020,EN_URB_OPENSP,India,IN_BELGAUM,,39.7
2020,EN_URB_OPENSP,India,IN_BAREILLY,,22.3
2020,EN_URB_OPENSP,India,IN_AHMADABAD,,29.4
2020,EN_URB_OPENSP,India,IN_BERHAMPORE,,27.9
2020,EN_URB_OPENSP,India,IN_BENGALURU,,34.6
2020,EN_URB_OPENSP,India,IN_CHANDIGARH,,54.8
2020,EN_URB_OPENSP,India,IN_SURAT,,45.0
2020,EN_URB_OPENSP,India,IN_THOOTHUKKUDI,,24.2
2020,EN_URB_OPENSP,India,IN_MUMBAI,,35.3
2020,EN_URB_OPENSP,India,IN_COIMBATORE,,18.8
2020,EN_URB_OPENSP,India,IN_BHOPAL,,30.4
2020,EN_URB_OPENSP,India,IN_BHIWANDI,,29.7
2020,EN_URB_OPENSP,India,IN_KOLKATA,,27.7
2020,EN_URB_OPENSP,India,IN_KOZHIKODE,,7.1
2020,EN_URB_OPENSP,India,IN_MALEGAON,,25.0
2020,EN_URB_OPENSP,India,IN_MORENA,,39.8
2020,EN_URB_OPENSP,India,IN_NELLORE,,35.3
2020,EN_URB_OPENSP,India,IN_PALI,,23.3
2020,EN_URB_OPENSP,India,IN_PARBHANI,,10.2
2020,EN_URB_OPENSP,India,IN_PATNA,,36.8
2020,EN_URB_OPENSP,India,IN_PUNE,,30.8
2020,EN_URB_OPENSP,India,IN_JALNA,,20.1
2020,EN_URB_OPENSP,India,IN_SITAPUR,,28.6
2020,EN_URB_OPENSP,India,IN_HINDUPUR,,24.2
2020,EN_URB_OPENSP,India,IN_HYDERABAD,,52.3
2020,EN_URB_OPENSP,India,IN_JAIPUR,,18.5
2020,EN_URB_OPENSP,India,IN_KANCHIPURAM,,34.3
2020,EN_URB_OPENSP,India,IN_KANPUR,,19.2
2020,EN_URB_OPENSP,India,IN_VIJAYAWADA,,45.7
2020,EN_URB_OPENSP,India,IN_SINGRAULI,,28.0
2020,EN_URB_OPENSP,Israel,IL_TEL_AVIV_YAFO,,75.8
2020,EN_URB_OPENSP,Italy,IT_MILANO,,76.2
2020,EN_URB_OPENSP,Italy,IT_PALERMO,,42.2
2020,EN_URB_OPENSP,Japan,JP_FUKUOKA,,70.1
2020,EN_URB_OPENSP,Japan,JP_OSAKA,,72.2
2020,EN_URB_OPENSP,Japan,JP_YAMAGUCHI,,35.9
2020,EN_URB_OPENSP,Japan,JP_TOKYO,,74.8
2020,EN_URB_OPENSP,Japan,JP_OKAYAMA,,64.0
2020,EN_URB_OPENSP,Kazakhstan,KZ_QASKELEN,,20.3
2020,EN_URB_OPENSP,Kazakhstan,KZ_PAVLODAR,,38.9
2020,EN_URB_OPENSP,Kazakhstan,KZ_OSKEMEN,,29.5
2020,EN_URB_OPENSP,Kazakhstan,KZ_SHYMKENT,,14.5
2020,EN_URB_OPENSP,Kazakhstan,KZ_RYDNYJ,,29.1
2020,EN_URB_OPENSP,Kazakhstan,KZ_SEMEI,,19.8
2020,EN_URB_OPENSP,Kazakhstan,KZ_TARAZ,,24.3
2020,EN_URB_OPENSP,Kazakhstan,KZ_TEMIRTAY,,53.2
2020,EN_URB_OPENSP,Kazakhstan,KZ_TALDYQORGAN,,22.0
2020,EN_URB_OPENSP,Kazakhstan,KZ_TURKISTAN,,32.2
2020,EN_URB_OPENSP,Kazakhstan,KZ_QARAGANDY,,35.4
2020,EN_URB_OPENSP,Kazakhstan,KZ_AQTAY,,42.1
2020,EN_URB_OPENSP,Kazakhstan,KZ_QULSARY,,36.4
2020,EN_URB_OPENSP,Kazakhstan,KZ_ALMATY,,62.5
2020,EN_URB_OPENSP,Kazakhstan,KZ_ASTANA,,26.2
2020,EN_URB_OPENSP,Kazakhstan,KZ_BALQASH,,44.8
2020,EN_URB_OPENSP,Kazakhstan,KZ_AQTOBE,,44.8
2020,EN_URB_OPENSP,Kazakhstan,KZ_ORAL,,33.3
2020,EN_URB_OPENSP,Republic of Korea,KR_BUSAN,,48.7
2020,EN_URB_OPENSP,Republic of Korea,KR_CHEONAN,,31.2
2020,EN_URB_OPENSP,Republic of Korea,KR_GWANGJU,,65.4
2020,EN_URB_OPENSP,Republic of Korea,KR_JINJU,,38.4
2020,EN_URB_OPENSP,Republic of Korea,KR_SEOUL,,48.8
2020,EN_URB_OPENSP,Kyrgyzstan,KG_OS,,46.3
2020,EN_URB_OPENSP,Kyrgyzstan,KG_KYZYL_KYJA,,62.0
2020,EN_URB_OPENSP,Kyrgyzstan,KG_OZGON,,96.1
2020,EN_URB_OPENSP,Kyrgyzstan,KG_TALAS,,71.2
2020,EN_URB_OPENSP,Kyrgyzstan,KG_NARYN,,89.1
2020,EN_URB_OPENSP,Kyrgyzstan,KG_TOKMOK,,66.7
2020,EN_URB_OPENSP,Kyrgyzstan,KG_ZALAL_ABAT,,48.6
2020,EN_URB_OPENSP,Mexico,MX_QUE_SAN_JUAN_DEL_RIO,,71.8
2020,EN_URB_OPENSP,Mexico,MX_SON_SAN_LUIS_RIO_COLORADO,,26.7
2020,EN_URB_OPENSP,Mexico,MX_PUE_TEHUACAN,,64.3
2020,EN_URB_OPENSP,Mexico,MX_BCN_TIJUANA,,51.9
2020,EN_URB_OPENSP,Mexico,MX_VER_VERACRUZ,,52.5
2020,EN_URB_OPENSP,Mexico,MX_TAM_REYNOSA,,27.8
2020,EN_URB_OPENSP,Mexico,MX_COA_SALTILLO,,52.0
2020,EN_URB_OPENSP,Mexico,MX_TAB_VILLAHERMOSA,,89.6
2020,EN_URB_OPENSP,Mexico,MX_VER_XALAPA,,60.3
2020,EN_URB_OPENSP,Mexico,MX_TAM_RIO_BRAVO,,81.9
2020,EN_URB_OPENSP,Mexico,MX_MIC_APATZINGAN,,53.8
2020,EN_URB_OPENSP,Mexico,MX_PUE_PUEBLA,,33.2
2020,EN_URB_OPENSP,Netherlands (Kingdom of the),NL_ZWOLLE,,91.9
2020,EN_URB_OPENSP,New Zealand,NZ_CHRISTCHURCH,,83.4
2020,EN_URB_OPENSP,New Zealand,NZ_NAPIER,,90.3
2020,EN_URB_OPENSP,New Zealand,NZ_LOWER_HUTT,,78.1
2020,EN_URB_OPENSP,New Zealand,NZ_HAMILTON,,86.4
2020,EN_URB_OPENSP,New Zealand,NZ_DUNEDIN,,76.8
2020,EN_URB_OPENSP,New Zealand,NZ_AUCKLAND,,88.4
2020,EN_URB_OPENSP,New Zealand,NZ_TAURANGA,,83.9
2020,EN_URB_OPENSP,New Zealand,NZ_WELLINGTON,,82.5
2020,EN_URB_OPENSP,New Zealand,NZ_PALMERSTON,,87.1
2018,EN_URB_OPENSP,Norway,NO_ALESUND,,64.0
2018,EN_URB_OPENSP,Norway,NO_DRAMMEN,,52.0
2018,EN_URB_OPENSP,Norway,NO_BERGEN,,58.0
2018,EN_URB_OPENSP,Norway,NO_FREDRIKSTAD_SARPSBORG,,53.0
2018,EN_URB_OPENSP,Norway,NO_KRISTIANSAND,,57.0
2018,EN_URB_OPENSP,Norway,NO_OSLO,,56.0
2018,EN_URB_OPENSP,Norway,NO_PORSGRUNN_SKIEN,,57.0
2018,EN_URB_OPENSP,Norway,NO_TRONDHEIM,,71.0
2018,EN_URB_OPENSP,Norway,NO_STAVANGER,,55.0
2018,EN_URB_OPENSP,Norway,NO_TONSBERG,,46.0
2020,EN_URB_OPENSP,Poland,PL_POZNAN,,61.6
2020,EN_URB_OPENSP,Poland,PL_WARSZAWA,,64.8
2020,EN_URB_OPENSP,Poland,PL_WROCLAW,,56.0
2020,EN_URB_OPENSP,Poland,PL_MIELEC,,52.3
2020,EN_URB_OPENSP,Poland,PL_LUBLIN,,49.1
2020,EN_URB_OPENSP,Poland,PL_LODZ,,49.4
2020,EN_URB_OPENSP,Poland,PL_KATOWICE,,70.8
2020,EN_URB_OPENSP,Poland,PL_LOMZA,,67.1
2020,EN_URB_OPENSP,Romania,RO_ARAD,,51.5
2020,EN_URB_OPENSP,Romania,RO_BUCURESTI,,54.1
2020,EN_URB_OPENSP,Romania,RO_NAVODARI,,19.6
2020,EN_URB_OPENSP,Romania,RO_REGHIN,,48.8
2020,EN_URB_OPENSP,Romania,RO_MANGALIA,,66.8
2020,EN_URB_OPENSP,Romania,RO_CAMPIA_TURZII,,50.2
2020,EN_URB_OPENSP,Romania,RO_CRAIOVA,,60.6
2020,EN_URB_OPENSP,Romania,RO_TARGU_JIU,,36.3
2020,EN_URB_OPENSP,Romania,RO_FALTICENI,,44.5
2020,EN_URB_OPENSP,Serbia,RS_BEOGRAD,,63.8
2020,EN_URB_OPENSP,Serbia,RS_ZRENJANIN,,48.3
2020,EN_URB_OPENSP,Serbia,RS_POZAREVAC,,37.6
2020,EN_URB_OPENSP,Serbia,RS_BORCA,,36.8
2020,EN_URB_OPENSP,Serbia,RS_NIS,,57.2
2020,EN_URB_OPENSP,Serbia,RS_NOVI_PAZAR,,73.2
2020,EN_URB_OPENSP,Serbia,RS_NOVI_SAD,,52.9
2020,EN_URB_OPENSP,Serbia,RS_KIKINDA,,17.7
2020,EN_URB_OPENSP,Serbia,RS_KRAGUJEVAC,,45.0
2020,EN_URB_OPENSP,Viet Nam,VN_THANH_PHO_HO_CHI_MINH,,30.4
2020,EN_URB_OPENSP,Viet Nam,VN_VINH_LONG,,6.7
2020,EN_URB_OPENSP,Spain,ES_MADRID,,63.1
2020,EN_URB_OPENSP,Switzerland,CH_NEUCHATEL,,70.1
2020,EN_URB_OPENSP,Switzerland,CH_LAUSANNE,,76.9
2020,EN_URB_OPENSP,Switzerland,CH_BERN,,77.1
2020,EN_URB_OPENSP,Switzerland,CH_BASEL,,81.8
2020,EN_URB_OPENSP,Switzerland,CH_WETZIKON,,85.4
2020,EN_URB_OPENSP,Switzerland,CH_WINTERTHUR,,81.9
2020,EN_URB_OPENSP,Switzerland,CH_FRIBOURG,,80.3
2020,EN_URB_OPENSP,Switzerland,CH_EMMEN,,87.8
2020,EN_URB_OPENSP,Switzerland,CH_ST_GALLEN,,82.9
2020,EN_URB_OPENSP,Switzerland,CH_ZURICH,,67.6
2020,EN_URB_OPENSP,Tajikistan,TJ_KONIBODOM,,51.4
2020,EN_URB_OPENSP,Tajikistan,TJ_KHOROG,,83.4
2020,EN_URB_OPENSP,Tajikistan,TJ_ISFARA,,54.8
2020,EN_URB_OPENSP,Tajikistan,TJ_BOKHTAR,,60.8
2020,EN_URB_OPENSP,Tajikistan,TJ_DUSANBE,,38.7
2020,EN_URB_OPENSP,Tajikistan,TJ_KULOB,,42.7
2020,EN_URB_OPENSP,Tajikistan,TJ_NORAK,,51.6
2020,EN_URB_OPENSP,Tajikistan,TJ_PANCAKENT,,41.0
2020,EN_URB_OPENSP,Tajikistan,TJ_TURSUNZODA,,30.5
2020,EN_URB_OPENSP,Tajikistan,TJ_VAHDAT,,38.9
2020,EN_URB_OPENSP,Tajikistan,TJ_ISTARAVSAN,,40.4
2020,EN_URB_OPENSP,Tajikistan,TJ_KHUJAND,,56.5
2020,EN_URB_OPENSP,Tajikistan,TJ_BUSTON,,86.8
2020,EN_URB_OPENSP,United Arab Emirates,AE_AL_FUJAYRAH,,82.3
2020,EN_URB_OPENSP,United Arab Emirates,AE_ABU_ZABY,,37.6
2020,EN_URB_OPENSP,United Arab Emirates,AE_AL_AYN,,41.3
2020,EN_URB_OPENSP,United Arab Emirates,AE_DUBAYY,,40.6
2020,EN_URB_OPENSP,United Arab Emirates,AE_RAS_AL_KHAYMAH,,66.1
2020,EN_URB_OPENSP,Türkiye,TR_BALIKESIR,,90.3
2020,EN_URB_OPENSP,Türkiye,TR_ADIYAMAN,,84.6
2020,EN_URB_OPENSP,Türkiye,TR_AGRI,,70.6
2020,EN_URB_OPENSP,Türkiye,TR_ANKARA,,76.8
2020,EN_URB_OPENSP,Türkiye,TR_BURSA,,70.7
2020,EN_URB_OPENSP,Türkiye,TR_ANTALYA,,69.8
2020,EN_URB_OPENSP,Türkiye,TR_VIRANSEHIR,,84.1
2020,EN_URB_OPENSP,Türkiye,TR_NIGDE,,71.5
2020,EN_URB_OPENSP,Türkiye,TR_SAMSUN,,71.2
2020,EN_URB_OPENSP,Türkiye,TR_SANLIURFA,,83.8
2020,EN_URB_OPENSP,Türkiye,TR_TARSUS,,70.3
2020,EN_URB_OPENSP,Türkiye,TR_UZUNKOPRU,,67.2
2020,EN_URB_OPENSP,Türkiye,TR_CARSAMBA,,77.3
2020,EN_URB_OPENSP,Türkiye,TR_CERKEZKOY,,69.2
2020,EN_URB_OPENSP,Türkiye,TR_ELBISTAN,,60.6
2020,EN_URB_OPENSP,Türkiye,TR_IZMIR,,68.9
2020,EN_URB_OPENSP,Türkiye,TR_CORUM,,80.3
2020,EN_URB_OPENSP,Türkiye,TR_DENIZLI,,76.7
2020,EN_URB_OPENSP,Türkiye,TR_MALATYA,,58.8
2020,EN_URB_OPENSP,Türkiye,TR_KONYA,,65.3
2020,EN_URB_OPENSP,Türkiye,TR_KAYSERI,,66.7
2020,EN_URB_OPENSP,Türkiye,TR_ISTANBUL,,59.8
2020,EN_URB_OPENSP,Türkiye,TR_SIVAS,,72.0
2020,EN_URB_OPENSP,Türkiye,TR_ADAPAZARI,,41.8
2020,EN_URB_OPENSP,Türkiye,TR_GAZIANTEP,,83.1
2020,EN_URB_OPENSP,Turkmenistan,TM_BALKANABAT,,70.6
2020,EN_URB_OPENSP,Turkmenistan,TM_DASOGUZ,,20.9
2020,EN_URB_OPENSP,Turkmenistan,TM_BAYRAMALY,,33.5
2020,EN_URB_OPENSP,Turkmenistan,TM_MARY,,27.8
2020,EN_URB_OPENSP,Turkmenistan,TM_SERDAR,,36.9
2020,EN_URB_OPENSP,Turkmenistan,TM_TEJEN,,52.2
2020,EN_URB_OPENSP,Turkmenistan,TM_TURKMENABAT,,38.4
2020,EN_URB_OPENSP,Turkmenistan,TM_TURKMENBASY,,49.7
2020,EN_URB_OPENSP,Turkmenistan,TM_ASHGABAT,,48.8
2020,EN_URB_OPENSP,Ukraine,UA_LVIV,,77.9
2020,EN_URB_OPENSP,Uzbekistan,UZ_QARSHI,,28.8
2020,EN_URB_OPENSP,Uzbekistan,UZ_URGANCH,,24.9
2020,EN_URB_OPENSP,Ukraine,UA_MYKOLAIV,,48.0
2020,EN_URB_OPENSP,Ukraine,UA_RIVNE,,55.5
2020,EN_URB_OPENSP,Belgium,BE_ANTWERPEN,,64.4
2020,EN_URB_OPENSP,Kyrgyzstan,KG_BALYKCY,,74.7
2020,EN_URB_OPENSP,Kyrgyzstan,KG_BALYKCY,,74.7
