Year,SeriesCode,GeoAreaName,Food Waste Sector,Value
2019,AG_FOOD_WST,Albania,OOHC,79651.33802
2019,AG_FOOD_WST,Albania,RTL,45057.93456
2019,AG_FOOD_WST,Albania,HHS,238491.7727
2019,AG_FOOD_WST,Albania,ALL,363201.04528
2019,AG_FOOD_WST,Azerbaijan,RTL,157148.32485
2019,AG_FOOD_WST,Azerbaijan,OOHC,277799.55882
2019,AG_FOOD_WST,Azerbaijan,HHS,934872.32903
2019,AG_FOOD_WST,Azerbaijan,ALL,1369820.21271
2019,AG_FOOD_WST,Australia,HHS,2563110.26578
2019,AG_FOOD_WST,Australia,ALL,3347697.57067
2019,AG_FOOD_WST,Australia,OOHC,546339.63441
2019,AG_FOOD_WST,Australia,RTL,238247.67049
2019,AG_FOOD_WST,Austria,RTL,77288.92633
2019,AG_FOOD_WST,Austria,OOHC,254190.70717
2019,AG_FOOD_WST,Austria,HHS,349248.9
2019,AG_FOOD_WST,Austria,ALL,680728.5335
2019,AG_FOOD_WST,Armenia,OOHC,81774.71015
2019,AG_FOOD_WST,Armenia,HHS,275194.51094
2019,AG_FOOD_WST,Armenia,ALL,403228.3252
2019,AG_FOOD_WST,Armenia,RTL,46259.10412
2019,AG_FOOD_WST,Belgium,RTL,112100.16873
2019,AG_FOOD_WST,Belgium,OOHC,227371.14388
2019,AG_FOOD_WST,Belgium,HHS,576036.22282
2019,AG_FOOD_WST,Belgium,ALL,915507.53543
2019,AG_FOOD_WST,Bosnia and Herzegovina,ALL,416163.92463
2019,AG_FOOD_WST,Bosnia and Herzegovina,RTL,51628.39459
2019,AG_FOOD_WST,Bosnia and Herzegovina,OOHC,91266.29414
2019,AG_FOOD_WST,Bosnia and Herzegovina,HHS,273269.2359
2019,AG_FOOD_WST,Bulgaria,RTL,109483.16419
2019,AG_FOOD_WST,Bulgaria,OOHC,193539.28677
2019,AG_FOOD_WST,Bulgaria,HHS,478667.29649
2019,AG_FOOD_WST,Bulgaria,ALL,781689.74745
2019,AG_FOOD_WST,Belarus,HHS,646355.73111
2019,AG_FOOD_WST,Belarus,RTL,147837.69677
2019,AG_FOOD_WST,Belarus,OOHC,261340.66003
2019,AG_FOOD_WST,Belarus,ALL,1055534.08791
2019,AG_FOOD_WST,Canada,RTL,479283.89781
2019,AG_FOOD_WST,Canada,OOHC,956614.90795
2019,AG_FOOD_WST,Canada,HHS,2938320.59533
2019,AG_FOOD_WST,Canada,ALL,4374219.40109
2019,AG_FOOD_WST,Chile,OOHC,484610.56201
2019,AG_FOOD_WST,Chile,HHS,1400946.42688
2019,AG_FOOD_WST,Chile,ALL,2128356.92558
2019,AG_FOOD_WST,Chile,RTL,242799.93669
2019,AG_FOOD_WST,China,RTL,22424704.82353
2019,AG_FOOD_WST,China,OOHC,65377740.84179
2019,AG_FOOD_WST,China,HHS,91646212.70629
2019,AG_FOOD_WST,China,ALL,179448658.3716
2019,AG_FOOD_WST,Colombia,RTL,787319.72333
2019,AG_FOOD_WST,Colombia,OOHC,1391787.48483
2019,AG_FOOD_WST,Colombia,HHS,3545498.98279
2019,AG_FOOD_WST,Colombia,ALL,5724606.19094
2019,AG_FOOD_WST,Costa Rica,RTL,78945.61786
2019,AG_FOOD_WST,Costa Rica,OOHC,139556.42118
2019,AG_FOOD_WST,Costa Rica,HHS,365608.5846
2019,AG_FOOD_WST,Costa Rica,ALL,584110.62363
2019,AG_FOOD_WST,Croatia,RTL,52914.55142
2019,AG_FOOD_WST,Croatia,OOHC,105613.49748
2019,AG_FOOD_WST,Croatia,HHS,348070.21242
2019,AG_FOOD_WST,Croatia,ALL,506598.26132
2019,AG_FOOD_WST,Cyprus,RTL,15355.63551
2019,AG_FOOD_WST,Cyprus,ALL,159310.421
2019,AG_FOOD_WST,Cyprus,OOHC,30648.70302
2019,AG_FOOD_WST,Cyprus,HHS,113306.08247
2019,AG_FOOD_WST,Czechia,RTL,136942.64897
2019,AG_FOOD_WST,Czechia,OOHC,273327.31213
2019,AG_FOOD_WST,Czechia,HHS,746840.21347
2019,AG_FOOD_WST,Czechia,ALL,1157110.17456
2019,AG_FOOD_WST,Denmark,RTL,172002.62
2019,AG_FOOD_WST,Denmark,OOHC,119134.266
2019,AG_FOOD_WST,Denmark,HHS,469448.98769
2019,AG_FOOD_WST,Denmark,ALL,760585.87369
2019,AG_FOOD_WST,Estonia,RTL,6242.79107
2019,AG_FOOD_WST,Estonia,OOHC,22012.57292
2019,AG_FOOD_WST,Estonia,HHS,102743.4957
2019,AG_FOOD_WST,Estonia,ALL,130998.85969
2019,AG_FOOD_WST,Finland,RTL,70874.72614
2019,AG_FOOD_WST,Finland,OOHC,128927.40238
2019,AG_FOOD_WST,Finland,HHS,361936.9313
2019,AG_FOOD_WST,Finland,ALL,561739.05982
2019,AG_FOOD_WST,France,HHS,5522358.45303
2019,AG_FOOD_WST,France,RTL,1667567.7439
2019,AG_FOOD_WST,France,OOHC,1594579.43675
2019,AG_FOOD_WST,France,ALL,8784505.63368
2019,AG_FOOD_WST,Georgia,RTL,62510.86565
2019,AG_FOOD_WST,Georgia,OOHC,110503.82443
2019,AG_FOOD_WST,Georgia,HHS,403572.8832
2019,AG_FOOD_WST,Georgia,ALL,576587.57328
2019,AG_FOOD_WST,Germany,RTL,498243.85247
2019,AG_FOOD_WST,Germany,OOHC,1718432.87891
2019,AG_FOOD_WST,Germany,HHS,6263775.0
2019,AG_FOOD_WST,Germany,ALL,8480451.73138
2019,AG_FOOD_WST,Greece,HHS,1483995.91691
2019,AG_FOOD_WST,Greece,RTL,77331.53355
2019,AG_FOOD_WST,Greece,ALL,1829139.22342
2019,AG_FOOD_WST,Greece,OOHC,267811.77297
2019,AG_FOOD_WST,Hungary,RTL,124073.68862
2019,AG_FOOD_WST,Hungary,OOHC,247641.82724
2019,AG_FOOD_WST,Hungary,HHS,908669.05874
2019,AG_FOOD_WST,Hungary,ALL,1280384.57461
2019,AG_FOOD_WST,Iceland,RTL,4343.0339
2019,AG_FOOD_WST,Iceland,OOHC,8668.3717
2019,AG_FOOD_WST,Iceland,HHS,25826.8775
2019,AG_FOOD_WST,Iceland,ALL,38838.28311
2019,AG_FOOD_WST,India,RTL,21371086.74803
2019,AG_FOOD_WST,India,OOHC,37778821.2233
2019,AG_FOOD_WST,India,HHS,68760163.39164
2019,AG_FOOD_WST,India,ALL,127910071.36298
2019,AG_FOOD_WST,Ireland,ALL,603758.90043
2019,AG_FOOD_WST,Ireland,HHS,267072.75
2019,AG_FOOD_WST,Ireland,RTL,62551.21839
2019,AG_FOOD_WST,Ireland,OOHC,274134.93204
2019,AG_FOOD_WST,Israel,RTL,437996.93383
2019,AG_FOOD_WST,Israel,OOHC,233752.04784
2019,AG_FOOD_WST,Israel,HHS,848395.24324
2019,AG_FOOD_WST,Israel,ALL,1520144.22491
2019,AG_FOOD_WST,Italy,RTL,219551.83218
2019,AG_FOOD_WST,Italy,OOHC,1548291.36719
2019,AG_FOOD_WST,Italy,HHS,4059806.13181
2019,AG_FOOD_WST,Italy,ALL,5827649.33117
2019,AG_FOOD_WST,Japan,ALL,11125934.24371
2019,AG_FOOD_WST,Japan,OOHC,1870735.46901
2019,AG_FOOD_WST,Japan,HHS,8159891.21623
2019,AG_FOOD_WST,Japan,RTL,1095307.55847
2019,AG_FOOD_WST,Kazakhstan,RTL,290148.13675
2019,AG_FOOD_WST,Kazakhstan,OOHC,512910.49051
2019,AG_FOOD_WST,Kazakhstan,HHS,1404584.35853
2019,AG_FOOD_WST,Kazakhstan,ALL,2207642.98579
2019,AG_FOOD_WST,Republic of Korea,HHS,3657763.88497
2019,AG_FOOD_WST,Republic of Korea,ALL,5623879.38828
2019,AG_FOOD_WST,Republic of Korea,OOHC,1309852.33338
2019,AG_FOOD_WST,Republic of Korea,RTL,656263.16994
2019,AG_FOOD_WST,Kyrgyzstan,RTL,100346.14264
2019,AG_FOOD_WST,Kyrgyzstan,OOHC,177387.28161
2019,AG_FOOD_WST,Kyrgyzstan,HHS,583950.70641
2019,AG_FOOD_WST,Kyrgyzstan,ALL,861684.13066
2019,AG_FOOD_WST,Latvia,RTL,24427.32373
2019,AG_FOOD_WST,Latvia,OOHC,48755.11601
2019,AG_FOOD_WST,Latvia,HHS,145262.85348
2019,AG_FOOD_WST,Latvia,ALL,218445.29322
2019,AG_FOOD_WST,Liechtenstein,OOHC,971.67588
2019,AG_FOOD_WST,Liechtenstein,ALL,4182.16097
2019,AG_FOOD_WST,Liechtenstein,HHS,2723.65533
2019,AG_FOOD_WST,Liechtenstein,RTL,486.82976
2019,AG_FOOD_WST,Lithuania,RTL,35354.08956
2019,AG_FOOD_WST,Lithuania,OOHC,70564.12552
2019,AG_FOOD_WST,Lithuania,HHS,210241.44883
2019,AG_FOOD_WST,Lithuania,ALL,316159.66391
2019,AG_FOOD_WST,Luxembourg,RTL,4433.04
2019,AG_FOOD_WST,Luxembourg,OOHC,12868.13
2019,AG_FOOD_WST,Luxembourg,HHS,54951.225
2019,AG_FOOD_WST,Luxembourg,ALL,72252.395
2019,AG_FOOD_WST,Malta,RTL,5642.10068
2019,AG_FOOD_WST,Malta,OOHC,11261.21209
2019,AG_FOOD_WST,Malta,HHS,56811.6
2019,AG_FOOD_WST,Malta,ALL,73714.91277
2019,AG_FOOD_WST,Mexico,RTL,1995309.9831
2019,AG_FOOD_WST,Mexico,OOHC,3527216.93685
2019,AG_FOOD_WST,Mexico,HHS,11979364.27373
2019,AG_FOOD_WST,Mexico,ALL,17501891.19368
2019,AG_FOOD_WST,Republic of Moldova,RTL,63238.13628
2019,AG_FOOD_WST,Republic of Moldova,OOHC,111789.45989
2019,AG_FOOD_WST,Republic of Moldova,HHS,307418.5509
2019,AG_FOOD_WST,Republic of Moldova,ALL,482446.14707
2019,AG_FOOD_WST,Montenegro,OOHC,17362.99083
2019,AG_FOOD_WST,Montenegro,HHS,51988.20968
2019,AG_FOOD_WST,Montenegro,ALL,79173.26406
2019,AG_FOOD_WST,Montenegro,RTL,9822.06356
2019,AG_FOOD_WST,Netherlands (Kingdom of the),RTL,188068.1
2019,AG_FOOD_WST,Netherlands (Kingdom of the),OOHC,437179.99366
2019,AG_FOOD_WST,Netherlands (Kingdom of the),HHS,854855.0
2019,AG_FOOD_WST,Netherlands (Kingdom of the),ALL,1480103.09366
2019,AG_FOOD_WST,New Zealand,RTL,14923.272
2019,AG_FOOD_WST,New Zealand,OOHC,122305.86636
2019,AG_FOOD_WST,New Zealand,ALL,428998.23836
2019,AG_FOOD_WST,New Zealand,HHS,291769.1
2019,AG_FOOD_WST,Norway,ALL,524630.5078
2019,AG_FOOD_WST,Norway,OOHC,26685.484
2019,AG_FOOD_WST,Norway,RTL,74087.70379
2019,AG_FOOD_WST,Norway,HHS,423857.32
2019,AG_FOOD_WST,Poland,ALL,3573654.11175
2019,AG_FOOD_WST,Poland,HHS,2119454.89834
2019,AG_FOOD_WST,Poland,OOHC,968806.88325
2019,AG_FOOD_WST,Poland,RTL,485392.33016
2019,AG_FOOD_WST,Portugal,OOHC,261488.20859
2019,AG_FOOD_WST,Portugal,ALL,1254285.43687
2019,AG_FOOD_WST,Portugal,HHS,861786.21558
2019,AG_FOOD_WST,Portugal,RTL,131011.01269
2019,AG_FOOD_WST,Romania,ALL,2096225.69382
2019,AG_FOOD_WST,Romania,HHS,1352978.89438
2019,AG_FOOD_WST,Romania,OOHC,495160.91648
2019,AG_FOOD_WST,Romania,RTL,248085.88296
2019,AG_FOOD_WST,Serbia,OOHC,52633.2
2019,AG_FOOD_WST,Serbia,RTL,137199.21328
2019,AG_FOOD_WST,Serbia,ALL,916028.23004
2019,AG_FOOD_WST,Serbia,HHS,726195.81676
2019,AG_FOOD_WST,Slovakia,RTL,69911.31567
2019,AG_FOOD_WST,Slovakia,OOHC,139537.77105
2019,AG_FOOD_WST,Slovakia,HHS,381273.34552
2019,AG_FOOD_WST,Slovakia,ALL,590722.43223
2019,AG_FOOD_WST,Viet Nam,OOHC,2666991.33363
2019,AG_FOOD_WST,Viet Nam,RTL,1508689.29474
2019,AG_FOOD_WST,Viet Nam,HHS,7346716.80655
2019,AG_FOOD_WST,Viet Nam,ALL,11522397.43492
2019,AG_FOOD_WST,Slovenia,ALL,126757.57825
2019,AG_FOOD_WST,Slovenia,OOHC,41740.85416
2019,AG_FOOD_WST,Slovenia,HHS,71106.54454
2019,AG_FOOD_WST,Slovenia,RTL,13910.17955
2019,AG_FOOD_WST,Spain,HHS,3613954.12725
2019,AG_FOOD_WST,Spain,OOHC,1195079.51217
2019,AG_FOOD_WST,Spain,ALL,5407793.24689
2019,AG_FOOD_WST,Spain,RTL,598759.60747
2019,AG_FOOD_WST,Sweden,RTL,100364.0
2019,AG_FOOD_WST,Sweden,OOHC,205746.2
2019,AG_FOOD_WST,Sweden,HHS,812948.4
2019,AG_FOOD_WST,Sweden,ALL,1119058.6
2019,AG_FOOD_WST,Switzerland,OOHC,343656.0
2019,AG_FOOD_WST,Switzerland,HHS,615789.79912
2019,AG_FOOD_WST,Switzerland,ALL,1069512.88313
2019,AG_FOOD_WST,Switzerland,RTL,110067.084
2019,AG_FOOD_WST,Tajikistan,OOHC,257707.70303
2019,AG_FOOD_WST,Tajikistan,RTL,145782.57073
2019,AG_FOOD_WST,Tajikistan,HHS,906208.59909
2019,AG_FOOD_WST,Tajikistan,ALL,1309698.87285
2019,AG_FOOD_WST,United Arab Emirates,RTL,125172.89898
2019,AG_FOOD_WST,United Arab Emirates,OOHC,249835.76911
2019,AG_FOOD_WST,United Arab Emirates,HHS,923625.12833
2019,AG_FOOD_WST,United Arab Emirates,ALL,1298633.79641
2019,AG_FOOD_WST,Türkiye,RTL,1304858.01558
2019,AG_FOOD_WST,Türkiye,ALL,11374100.78108
2019,AG_FOOD_WST,Türkiye,OOHC,2306667.80185
2019,AG_FOOD_WST,Türkiye,HHS,7762574.96366
2019,AG_FOOD_WST,Turkmenistan,RTL,92935.80233
2019,AG_FOOD_WST,Turkmenistan,OOHC,164287.62388
2019,AG_FOOD_WST,Turkmenistan,HHS,449894.92528
2019,AG_FOOD_WST,Turkmenistan,ALL,707118.35149
2019,AG_FOOD_WST,Ukraine,OOHC,1216338.33325
2019,AG_FOOD_WST,Ukraine,RTL,688069.96071
2019,AG_FOOD_WST,Ukraine,HHS,3344903.60866
2019,AG_FOOD_WST,Ukraine,ALL,5249311.90262
2019,AG_FOOD_WST,North Macedonia,HHS,172479.99182
2019,AG_FOOD_WST,North Macedonia,OOHC,57604.76336
2019,AG_FOOD_WST,North Macedonia,ALL,262671.17145
2019,AG_FOOD_WST,North Macedonia,RTL,32586.41628
2019,AG_FOOD_WST,United Kingdom of Great Britain and Northern Ireland,ALL,6597700.54
2019,AG_FOOD_WST,United Kingdom of Great Britain and Northern Ireland,HHS,5199825.4
2019,AG_FOOD_WST,United Kingdom of Great Britain and Northern Ireland,RTL,283626.84
2019,AG_FOOD_WST,United Kingdom of Great Britain and Northern Ireland,OOHC,1114248.3
2019,AG_FOOD_WST,Uzbekistan,ALL,4429590.1576
2019,AG_FOOD_WST,Uzbekistan,RTL,515841.32745
2019,AG_FOOD_WST,Uzbekistan,OOHC,911880.50093
2019,AG_FOOD_WST,Uzbekistan,HHS,3001868.32923
2019,AG_FOOD_WST,Uzbekistan,HHS,3001868.32923
