Year,SeriesCode,GeoAreaName,Type of waste treatment,Value
2010,EN_HAZ_TREATV,Albania,RECYCL,98366.0
2010,EN_HAZ_TREATV,Albania,INCINRT_EGY,264.0
2012,EN_HAZ_TREATV,Albania,RECYCL,42127.0
2012,EN_HAZ_TREATV,Albania,INCINRT_EGY,139.0
2013,EN_HAZ_TREATV,Albania,RECYCL,0.0
2014,EN_HAZ_TREATV,Albania,RECYCL,56251.0
2014,EN_HAZ_TREATV,Albania,LANDFIL,0.0
2014,EN_HAZ_TREATV,Albania,OTHERWM,0.0
2014,EN_HAZ_TREATV,Albania,INCINRT_EGY,2286.0
2014,EN_HAZ_TREATV,Albania,INCINRT,0.0
2015,EN_HAZ_TREATV,Albania,RECYCL,0.0
2016,EN_HAZ_TREATV,Albania,RECYCL,57403.0
2016,EN_HAZ_TREATV,Albania,INCINRT_EGY,4554.0
2018,EN_HAZ_TREATV,Albania,RECYCL,55921.0
2018,EN_HAZ_TREATV,Albania,INCINRT_EGY,11474.0
2020,EN_HAZ_TREATV,Albania,INCINRT_EGY,5604.0
2020,EN_HAZ_TREATV,Albania,RECYCL,78209.0
2000,EN_HAZ_TREATV,Azerbaijan,RECYCL,11435.0
2000,EN_HAZ_TREATV,Azerbaijan,LANDFIL,15348.0
2001,EN_HAZ_TREATV,Azerbaijan,LANDFIL,4532.0
2001,EN_HAZ_TREATV,Azerbaijan,RECYCL,395.0
2002,EN_HAZ_TREATV,Azerbaijan,RECYCL,728.0
2002,EN_HAZ_TREATV,Azerbaijan,LANDFIL,1607.0
2002,EN_HAZ_TREATV,Azerbaijan,INCINRT,1007.0
2003,EN_HAZ_TREATV,Azerbaijan,INCINRT,9747.0
2003,EN_HAZ_TREATV,Azerbaijan,RECYCL,1359.0
2003,EN_HAZ_TREATV,Azerbaijan,LANDFIL,386.0
2004,EN_HAZ_TREATV,Azerbaijan,INCINRT,969.0
2004,EN_HAZ_TREATV,Azerbaijan,LANDFIL,100360.0
2004,EN_HAZ_TREATV,Azerbaijan,RECYCL,3836.0
2005,EN_HAZ_TREATV,Azerbaijan,INCINRT,38.0
2005,EN_HAZ_TREATV,Azerbaijan,LANDFIL,622.0
2005,EN_HAZ_TREATV,Azerbaijan,RECYCL,4911.0
2006,EN_HAZ_TREATV,Azerbaijan,INCINRT,25999.0
2006,EN_HAZ_TREATV,Azerbaijan,RECYCL,3263.0
2006,EN_HAZ_TREATV,Azerbaijan,LANDFIL,1406220.0
2007,EN_HAZ_TREATV,Azerbaijan,RECYCL,4926.0
2007,EN_HAZ_TREATV,Azerbaijan,LANDFIL,1510.0
2007,EN_HAZ_TREATV,Azerbaijan,INCINRT,1241.0
2008,EN_HAZ_TREATV,Azerbaijan,LANDFIL,55840.0
2008,EN_HAZ_TREATV,Azerbaijan,RECYCL,4741.0
2008,EN_HAZ_TREATV,Azerbaijan,INCINRT,8599.0
2009,EN_HAZ_TREATV,Azerbaijan,RECYCL,18739.0996
2009,EN_HAZ_TREATV,Azerbaijan,INCINRT,10401.2002
2009,EN_HAZ_TREATV,Azerbaijan,LANDFIL,144517.7969
2010,EN_HAZ_TREATV,Azerbaijan,RECYCL,5548.2002
2010,EN_HAZ_TREATV,Azerbaijan,LANDFIL,87314.6016
2010,EN_HAZ_TREATV,Azerbaijan,INCINRT,58429.1016
2011,EN_HAZ_TREATV,Azerbaijan,RECYCL,3619.1001
2011,EN_HAZ_TREATV,Azerbaijan,LANDFIL,97530.2969
2011,EN_HAZ_TREATV,Azerbaijan,INCINRT,37132.1016
2012,EN_HAZ_TREATV,Azerbaijan,RECYCL,6316.6001
2012,EN_HAZ_TREATV,Azerbaijan,LANDFIL,84996.2031
2012,EN_HAZ_TREATV,Azerbaijan,INCINRT,113898.3984
2013,EN_HAZ_TREATV,Azerbaijan,RECYCL,618.4
2013,EN_HAZ_TREATV,Azerbaijan,INCINRT,86426.5
2013,EN_HAZ_TREATV,Azerbaijan,LANDFIL,65401.1016
2014,EN_HAZ_TREATV,Azerbaijan,RECYCL,3163.3999
2014,EN_HAZ_TREATV,Azerbaijan,INCINRT,111309.5
2014,EN_HAZ_TREATV,Azerbaijan,LANDFIL,414633.5938
2015,EN_HAZ_TREATV,Azerbaijan,LANDFIL,166965.0938
2015,EN_HAZ_TREATV,Azerbaijan,RECYCL,5174.8999
2015,EN_HAZ_TREATV,Azerbaijan,INCINRT,210858.0
2016,EN_HAZ_TREATV,Azerbaijan,RECYCL,47845.0
2016,EN_HAZ_TREATV,Azerbaijan,INCINRT,25923.0
2016,EN_HAZ_TREATV,Azerbaijan,LANDFIL,634000.0
2017,EN_HAZ_TREATV,Azerbaijan,LANDFIL,175613.0
2017,EN_HAZ_TREATV,Azerbaijan,INCINRT,35772.0
2017,EN_HAZ_TREATV,Azerbaijan,RECYCL,5452.0
2010,EN_HAZ_TREATV,Norway,INCINRT,25551.0
2012,EN_HAZ_TREATV,Norway,INCINRT_EGY,111958.0
2012,EN_HAZ_TREATV,Norway,RECYCL,513591.0
2012,EN_HAZ_TREATV,Norway,LANDFIL,463658.0
2012,EN_HAZ_TREATV,Norway,INCINRT,84606.0
2012,EN_HAZ_TREATV,Norway,OTHERWM,0.0
2014,EN_HAZ_TREATV,Norway,RECYCL,674066.0
2014,EN_HAZ_TREATV,Norway,LANDFIL,736656.0
2014,EN_HAZ_TREATV,Norway,INCINRT_EGY,102777.0
2014,EN_HAZ_TREATV,Norway,OTHERWM,427.0
2014,EN_HAZ_TREATV,Norway,INCINRT,48298.0
2016,EN_HAZ_TREATV,Norway,LANDFIL,706945.0
2016,EN_HAZ_TREATV,Norway,INCINRT,56637.0
2018,EN_HAZ_TREATV,Azerbaijan,LANDFIL,213653.0
2018,EN_HAZ_TREATV,Azerbaijan,INCINRT,64222.0
2018,EN_HAZ_TREATV,Azerbaijan,RECYCL,5725.0
2019,EN_HAZ_TREATV,Azerbaijan,LANDFIL,174795.0
2019,EN_HAZ_TREATV,Azerbaijan,INCINRT,66171.0
2019,EN_HAZ_TREATV,Azerbaijan,RECYCL,13484.0
2020,EN_HAZ_TREATV,Azerbaijan,LANDFIL,219002.0
2020,EN_HAZ_TREATV,Azerbaijan,RECYCL,15939.0
2020,EN_HAZ_TREATV,Azerbaijan,INCINRT,61429.0
2021,EN_HAZ_TREATV,Azerbaijan,INCINRT,102494.0
2021,EN_HAZ_TREATV,Azerbaijan,RECYCL,5787.0
2021,EN_HAZ_TREATV,Azerbaijan,LANDFIL,190761.0
2004,EN_HAZ_TREATV,Austria,LANDFIL,43465.0
2004,EN_HAZ_TREATV,Austria,INCINRT_EGY,35668.0
2004,EN_HAZ_TREATV,Austria,INCINRT,150206.0
2004,EN_HAZ_TREATV,Austria,OTHERWM,0.0
2006,EN_HAZ_TREATV,Austria,LANDFIL,0.0
2006,EN_HAZ_TREATV,Austria,INCINRT_EGY,73195.0
2006,EN_HAZ_TREATV,Austria,OTHERWM,0.0
2006,EN_HAZ_TREATV,Austria,INCINRT,79972.0
2008,EN_HAZ_TREATV,Austria,OTHERWM,0.0
2008,EN_HAZ_TREATV,Austria,INCINRT,77201.0
2008,EN_HAZ_TREATV,Austria,LANDFIL,45033.0
2008,EN_HAZ_TREATV,Austria,INCINRT_EGY,83500.0
2010,EN_HAZ_TREATV,Austria,INCINRT,67983.0
2010,EN_HAZ_TREATV,Austria,LANDFIL,47959.0
2010,EN_HAZ_TREATV,Austria,INCINRT_EGY,88184.0
2010,EN_HAZ_TREATV,Austria,OTHERWM,0.0
2010,EN_HAZ_TREATV,Austria,RECYCL,1117841.0
2012,EN_HAZ_TREATV,Austria,RECYCL,1158065.0
2012,EN_HAZ_TREATV,Austria,LANDFIL,59046.0
2012,EN_HAZ_TREATV,Austria,INCINRT_EGY,130516.0
2012,EN_HAZ_TREATV,Austria,OTHERWM,0.0
2012,EN_HAZ_TREATV,Austria,INCINRT,62905.0
2014,EN_HAZ_TREATV,Austria,RECYCL,1492430.0
2014,EN_HAZ_TREATV,Austria,OTHERWM,0.0
2014,EN_HAZ_TREATV,Austria,LANDFIL,60260.0
2016,EN_HAZ_TREATV,Austria,LANDFIL,66429.0
2016,EN_HAZ_TREATV,Austria,OTHERWM,0.0
2016,EN_HAZ_TREATV,Austria,RECYCL,926403.0
2018,EN_HAZ_TREATV,Austria,RECYCL,1728815.0
2016,EN_HAZ_TREATV,Norway,RECYCL,751742.0
2016,EN_HAZ_TREATV,Norway,INCINRT_EGY,34174.0
2016,EN_HAZ_TREATV,Norway,OTHERWM,0.0
2018,EN_HAZ_TREATV,Norway,INCINRT,51143.0
2018,EN_HAZ_TREATV,Norway,LANDFIL,701237.0
2018,EN_HAZ_TREATV,Norway,RECYCL,876809.0
2018,EN_HAZ_TREATV,Norway,OTHERWM,0.0
2018,EN_HAZ_TREATV,Norway,INCINRT_EGY,22624.0
2020,EN_HAZ_TREATV,Norway,OTHERWM,1022.0
2020,EN_HAZ_TREATV,Norway,LANDFIL,775025.0
2020,EN_HAZ_TREATV,Norway,INCINRT,41000.0
2004,EN_HAZ_TREATV,Poland,INCINRT_EGY,19526.0
2004,EN_HAZ_TREATV,Poland,LANDFIL,617880.0
2018,EN_HAZ_TREATV,Austria,OTHERWM,0.0
2018,EN_HAZ_TREATV,Austria,LANDFIL,73286.0
2020,EN_HAZ_TREATV,Austria,RECYCL,1153284.0
2020,EN_HAZ_TREATV,Austria,LANDFIL,80681.0
2020,EN_HAZ_TREATV,Austria,OTHERWM,0.0
2000,EN_HAZ_TREATV,Armenia,LANDFIL,381578.0
2000,EN_HAZ_TREATV,Armenia,INCINRT,0.0
2000,EN_HAZ_TREATV,Armenia,RECYCL,0.0
2001,EN_HAZ_TREATV,Armenia,RECYCL,0.0
2001,EN_HAZ_TREATV,Armenia,LANDFIL,375500.0
2001,EN_HAZ_TREATV,Armenia,INCINRT,0.0
2002,EN_HAZ_TREATV,Armenia,LANDFIL,377900.0
2002,EN_HAZ_TREATV,Armenia,INCINRT,0.0
2002,EN_HAZ_TREATV,Armenia,RECYCL,0.0
2003,EN_HAZ_TREATV,Armenia,LANDFIL,344095.0
2003,EN_HAZ_TREATV,Armenia,RECYCL,0.0
2003,EN_HAZ_TREATV,Armenia,INCINRT,0.0
2004,EN_HAZ_TREATV,Armenia,INCINRT,0.0
2004,EN_HAZ_TREATV,Armenia,LANDFIL,351400.0
2004,EN_HAZ_TREATV,Armenia,RECYCL,0.0
2005,EN_HAZ_TREATV,Armenia,INCINRT,0.0
2005,EN_HAZ_TREATV,Armenia,RECYCL,0.0
2005,EN_HAZ_TREATV,Armenia,LANDFIL,346325.0
2004,EN_HAZ_TREATV,Poland,OTHERWM,8406.0
2004,EN_HAZ_TREATV,Poland,INCINRT,66303.0
2006,EN_HAZ_TREATV,Poland,LANDFIL,767157.0
2006,EN_HAZ_TREATV,Poland,OTHERWM,9206.0
2006,EN_HAZ_TREATV,Poland,INCINRT,103648.0
2006,EN_HAZ_TREATV,Poland,INCINRT_EGY,56172.0
2008,EN_HAZ_TREATV,Poland,OTHERWM,28329.0
2008,EN_HAZ_TREATV,Poland,LANDFIL,617609.0
2008,EN_HAZ_TREATV,Poland,INCINRT,138859.0
2008,EN_HAZ_TREATV,Poland,INCINRT_EGY,5852.0
2010,EN_HAZ_TREATV,Poland,INCINRT_EGY,5814.0
2006,EN_HAZ_TREATV,Armenia,INCINRT,0.0
2006,EN_HAZ_TREATV,Armenia,LANDFIL,352279.0
2006,EN_HAZ_TREATV,Armenia,RECYCL,0.0
2007,EN_HAZ_TREATV,Armenia,INCINRT,0.0
2007,EN_HAZ_TREATV,Armenia,LANDFIL,362275.0
2007,EN_HAZ_TREATV,Armenia,RECYCL,0.0
2008,EN_HAZ_TREATV,Armenia,INCINRT,1359.0
2008,EN_HAZ_TREATV,Armenia,RECYCL,2362.0
2008,EN_HAZ_TREATV,Armenia,LANDFIL,433537.53125
2009,EN_HAZ_TREATV,Armenia,INCINRT,456.0
2009,EN_HAZ_TREATV,Armenia,RECYCL,2340.0
2009,EN_HAZ_TREATV,Armenia,LANDFIL,438227.5625
2010,EN_HAZ_TREATV,Poland,INCINRT,145489.0
2010,EN_HAZ_TREATV,Poland,LANDFIL,308822.0
2010,EN_HAZ_TREATV,Poland,RECYCL,202065.0
2010,EN_HAZ_TREATV,Poland,OTHERWM,1912.0
2012,EN_HAZ_TREATV,Poland,RECYCL,190131.0
2012,EN_HAZ_TREATV,Poland,LANDFIL,132213.0
2012,EN_HAZ_TREATV,Poland,OTHERWM,1221.0
2012,EN_HAZ_TREATV,Poland,INCINRT,142805.0
2012,EN_HAZ_TREATV,Poland,INCINRT_EGY,1902.0
2014,EN_HAZ_TREATV,Poland,OTHERWM,1426.0
2014,EN_HAZ_TREATV,Poland,LANDFIL,246212.0
2014,EN_HAZ_TREATV,Poland,INCINRT,135443.0
2014,EN_HAZ_TREATV,Poland,RECYCL,216024.0
2014,EN_HAZ_TREATV,Poland,INCINRT_EGY,2492.0
2016,EN_HAZ_TREATV,Poland,LANDFIL,303888.0
2016,EN_HAZ_TREATV,Poland,OTHERWM,1676.0
2016,EN_HAZ_TREATV,Poland,INCINRT,155729.0
2016,EN_HAZ_TREATV,Poland,RECYCL,196077.0
2016,EN_HAZ_TREATV,Poland,INCINRT_EGY,5408.0
2018,EN_HAZ_TREATV,Poland,INCINRT_EGY,4321.0
2018,EN_HAZ_TREATV,Poland,RECYCL,244438.0
2018,EN_HAZ_TREATV,Poland,OTHERWM,167.0
2010,EN_HAZ_TREATV,Armenia,LANDFIL,432811.78125
2010,EN_HAZ_TREATV,Armenia,RECYCL,2286.0
2010,EN_HAZ_TREATV,Armenia,INCINRT,300.0
2011,EN_HAZ_TREATV,Armenia,RECYCL,5154.0
2011,EN_HAZ_TREATV,Armenia,INCINRT,12.0
2011,EN_HAZ_TREATV,Armenia,LANDFIL,457729.8125
2012,EN_HAZ_TREATV,Armenia,LANDFIL,460844.6875
2012,EN_HAZ_TREATV,Armenia,INCINRT,167.39999
2012,EN_HAZ_TREATV,Armenia,RECYCL,7983.0
2013,EN_HAZ_TREATV,Armenia,INCINRT,17.0
2013,EN_HAZ_TREATV,Armenia,RECYCL,4059.0
2013,EN_HAZ_TREATV,Armenia,LANDFIL,574973.8125
2014,EN_HAZ_TREATV,Armenia,RECYCL,2290.0
2014,EN_HAZ_TREATV,Armenia,INCINRT,2379.0
2014,EN_HAZ_TREATV,Armenia,LANDFIL,571750.375
2015,EN_HAZ_TREATV,Armenia,LANDFIL,551020.0625
2015,EN_HAZ_TREATV,Armenia,RECYCL,3766.80005
2015,EN_HAZ_TREATV,Armenia,INCINRT,289.70001
2016,EN_HAZ_TREATV,Armenia,INCINRT,604.90002
2018,EN_HAZ_TREATV,Poland,INCINRT,194741.0
2018,EN_HAZ_TREATV,Poland,LANDFIL,256242.0
2020,EN_HAZ_TREATV,Poland,INCINRT_EGY,3557.0
2020,EN_HAZ_TREATV,Poland,RECYCL,135215.0
2020,EN_HAZ_TREATV,Poland,INCINRT,164955.0
2020,EN_HAZ_TREATV,Poland,OTHERWM,0.0
2020,EN_HAZ_TREATV,Poland,LANDFIL,295078.0
2004,EN_HAZ_TREATV,Portugal,LANDFIL,1352913.0
2004,EN_HAZ_TREATV,Portugal,OTHERWM,43183.0
2004,EN_HAZ_TREATV,Portugal,INCINRT_EGY,57641.0
2004,EN_HAZ_TREATV,Portugal,INCINRT,6611.0
2006,EN_HAZ_TREATV,Portugal,LANDFIL,1583826.0
2016,EN_HAZ_TREATV,Armenia,LANDFIL,601917.375
2016,EN_HAZ_TREATV,Armenia,RECYCL,12948.29981
2017,EN_HAZ_TREATV,Armenia,INCINRT,582.79999
2017,EN_HAZ_TREATV,Armenia,LANDFIL,535594.0
2017,EN_HAZ_TREATV,Armenia,RECYCL,1636.90002
2018,EN_HAZ_TREATV,Armenia,LANDFIL,504833.59375
2018,EN_HAZ_TREATV,Armenia,INCINRT,1680.40002
2018,EN_HAZ_TREATV,Armenia,RECYCL,4344.5
2019,EN_HAZ_TREATV,Armenia,INCINRT,929.40002
2019,EN_HAZ_TREATV,Armenia,RECYCL,16063.0
2019,EN_HAZ_TREATV,Armenia,LANDFIL,553544.625
2004,EN_HAZ_TREATV,Belgium,INCINRT_EGY,165211.0
2004,EN_HAZ_TREATV,Belgium,OTHERWM,0.0
2004,EN_HAZ_TREATV,Belgium,LANDFIL,1306543.0
2004,EN_HAZ_TREATV,Belgium,INCINRT,193790.0
2006,EN_HAZ_TREATV,Belgium,INCINRT,160202.0
2006,EN_HAZ_TREATV,Belgium,OTHERWM,0.0
2006,EN_HAZ_TREATV,Belgium,INCINRT_EGY,442981.0
2006,EN_HAZ_TREATV,Belgium,LANDFIL,283073.0
2008,EN_HAZ_TREATV,Belgium,INCINRT_EGY,368644.0
2008,EN_HAZ_TREATV,Belgium,LANDFIL,443605.0
2008,EN_HAZ_TREATV,Belgium,OTHERWM,0.0
2008,EN_HAZ_TREATV,Belgium,INCINRT,155556.0
2010,EN_HAZ_TREATV,Belgium,INCINRT,158400.0
2010,EN_HAZ_TREATV,Belgium,OTHERWM,0.0
2006,EN_HAZ_TREATV,Portugal,INCINRT,28159.0
2006,EN_HAZ_TREATV,Portugal,OTHERWM,113.0
2006,EN_HAZ_TREATV,Portugal,INCINRT_EGY,101476.0
2008,EN_HAZ_TREATV,Portugal,INCINRT_EGY,10665.0
2008,EN_HAZ_TREATV,Portugal,INCINRT,4849.0
2008,EN_HAZ_TREATV,Portugal,LANDFIL,53208.0
2010,EN_HAZ_TREATV,Portugal,INCINRT_EGY,29420.0
2010,EN_HAZ_TREATV,Portugal,INCINRT,12418.0
2010,EN_HAZ_TREATV,Portugal,RECYCL,240506.0
2010,EN_HAZ_TREATV,Portugal,LANDFIL,87075.0
2010,EN_HAZ_TREATV,Portugal,OTHERWM,0.0
2012,EN_HAZ_TREATV,Portugal,OTHERWM,0.0
2012,EN_HAZ_TREATV,Portugal,INCINRT_EGY,45485.0
2010,EN_HAZ_TREATV,Belgium,INCINRT_EGY,214337.0
2010,EN_HAZ_TREATV,Belgium,LANDFIL,981568.0
2010,EN_HAZ_TREATV,Belgium,RECYCL,58195.0
2012,EN_HAZ_TREATV,Belgium,INCINRT_EGY,114014.0
2012,EN_HAZ_TREATV,Belgium,INCINRT,186829.0
2012,EN_HAZ_TREATV,Belgium,OTHERWM,0.0
2012,EN_HAZ_TREATV,Belgium,LANDFIL,739347.0
2012,EN_HAZ_TREATV,Belgium,RECYCL,61337.0
2014,EN_HAZ_TREATV,Belgium,OTHERWM,0.0
2014,EN_HAZ_TREATV,Belgium,INCINRT_EGY,134510.0
2014,EN_HAZ_TREATV,Belgium,RECYCL,151901.0
2014,EN_HAZ_TREATV,Belgium,LANDFIL,960148.0
2014,EN_HAZ_TREATV,Belgium,INCINRT,287112.0
2012,EN_HAZ_TREATV,Portugal,INCINRT,14527.0
2012,EN_HAZ_TREATV,Portugal,RECYCL,202734.0
2012,EN_HAZ_TREATV,Portugal,LANDFIL,194056.0
2014,EN_HAZ_TREATV,Portugal,INCINRT_EGY,24143.0
2014,EN_HAZ_TREATV,Portugal,INCINRT,16379.0
2014,EN_HAZ_TREATV,Portugal,RECYCL,190958.0
2014,EN_HAZ_TREATV,Portugal,OTHERWM,0.0
2014,EN_HAZ_TREATV,Portugal,LANDFIL,209651.0
2016,EN_HAZ_TREATV,Portugal,RECYCL,72518.0
2016,EN_HAZ_TREATV,Portugal,LANDFIL,248366.0
2016,EN_HAZ_TREATV,Portugal,INCINRT_EGY,29049.0
2016,EN_HAZ_TREATV,Portugal,OTHERWM,0.0
2016,EN_HAZ_TREATV,Portugal,INCINRT,17464.0
2016,EN_HAZ_TREATV,Belgium,OTHERWM,0.0
2016,EN_HAZ_TREATV,Belgium,INCINRT,258006.0
2016,EN_HAZ_TREATV,Belgium,LANDFIL,1219738.0
2016,EN_HAZ_TREATV,Belgium,RECYCL,112277.0
2016,EN_HAZ_TREATV,Belgium,INCINRT_EGY,160745.0
2018,EN_HAZ_TREATV,Belgium,RECYCL,253467.0
2018,EN_HAZ_TREATV,Belgium,OTHERWM,0.0
2018,EN_HAZ_TREATV,Belgium,INCINRT_EGY,142024.0
2018,EN_HAZ_TREATV,Belgium,LANDFIL,1538654.0
2018,EN_HAZ_TREATV,Belgium,INCINRT,357688.0
2020,EN_HAZ_TREATV,Belgium,INCINRT_EGY,175783.0
2020,EN_HAZ_TREATV,Belgium,INCINRT,141517.0
2020,EN_HAZ_TREATV,Belgium,RECYCL,332170.0
2020,EN_HAZ_TREATV,Belgium,OTHERWM,0.0
2020,EN_HAZ_TREATV,Belgium,LANDFIL,1266537.0
2001,EN_HAZ_TREATV,Bosnia and Herzegovina,INCINRT,0.0
2002,EN_HAZ_TREATV,Bosnia and Herzegovina,INCINRT,0.0
2003,EN_HAZ_TREATV,Bosnia and Herzegovina,INCINRT,0.0
2004,EN_HAZ_TREATV,Bosnia and Herzegovina,INCINRT,0.0
2005,EN_HAZ_TREATV,Bosnia and Herzegovina,INCINRT,0.0
2006,EN_HAZ_TREATV,Bosnia and Herzegovina,INCINRT,0.0
2007,EN_HAZ_TREATV,Bosnia and Herzegovina,INCINRT,0.0
2008,EN_HAZ_TREATV,Bosnia and Herzegovina,INCINRT,0.0
2009,EN_HAZ_TREATV,Bosnia and Herzegovina,INCINRT,0.0
2010,EN_HAZ_TREATV,Bosnia and Herzegovina,INCINRT,0.0
2018,EN_HAZ_TREATV,Portugal,INCINRT_EGY,39062.0
2018,EN_HAZ_TREATV,Portugal,LANDFIL,307181.0
2018,EN_HAZ_TREATV,Portugal,OTHERWM,0.0
2018,EN_HAZ_TREATV,Portugal,RECYCL,264389.0
2018,EN_HAZ_TREATV,Portugal,INCINRT,23582.0
2020,EN_HAZ_TREATV,Portugal,OTHERWM,0.0
2020,EN_HAZ_TREATV,Portugal,INCINRT,26926.0
2020,EN_HAZ_TREATV,Portugal,INCINRT_EGY,33269.0
2020,EN_HAZ_TREATV,Portugal,LANDFIL,243558.0
2020,EN_HAZ_TREATV,Portugal,RECYCL,223066.0
2004,EN_HAZ_TREATV,Romania,OTHERWM,24400.0
2004,EN_HAZ_TREATV,Romania,LANDFIL,1513700.0
2004,EN_HAZ_TREATV,Romania,INCINRT_EGY,56300.0
2004,EN_HAZ_TREATV,Romania,INCINRT,400.0
2006,EN_HAZ_TREATV,Romania,INCINRT,1070.0
2006,EN_HAZ_TREATV,Romania,LANDFIL,641467.0
2006,EN_HAZ_TREATV,Romania,OTHERWM,0.0
2006,EN_HAZ_TREATV,Romania,INCINRT_EGY,94033.0
2008,EN_HAZ_TREATV,Romania,LANDFIL,21075.0
2008,EN_HAZ_TREATV,Romania,INCINRT,31505.0
2008,EN_HAZ_TREATV,Romania,INCINRT_EGY,35060.0
2008,EN_HAZ_TREATV,Romania,OTHERWM,0.0
2010,EN_HAZ_TREATV,Romania,LANDFIL,61307.0
2010,EN_HAZ_TREATV,Romania,RECYCL,45643.0
2010,EN_HAZ_TREATV,Romania,INCINRT,15662.0
2010,EN_HAZ_TREATV,Romania,OTHERWM,20343.0
2010,EN_HAZ_TREATV,Romania,INCINRT_EGY,113605.0
2012,EN_HAZ_TREATV,Romania,LANDFIL,115202.0
2012,EN_HAZ_TREATV,Romania,RECYCL,48005.0
2012,EN_HAZ_TREATV,Romania,INCINRT_EGY,166106.0
2012,EN_HAZ_TREATV,Romania,INCINRT,136245.0
2012,EN_HAZ_TREATV,Romania,OTHERWM,32769.0
2014,EN_HAZ_TREATV,Romania,OTHERWM,28152.0
2014,EN_HAZ_TREATV,Romania,RECYCL,69613.0
2014,EN_HAZ_TREATV,Romania,INCINRT,32456.0
2014,EN_HAZ_TREATV,Romania,INCINRT_EGY,124293.0
2014,EN_HAZ_TREATV,Romania,LANDFIL,152687.0
2016,EN_HAZ_TREATV,Romania,OTHERWM,17612.0
2016,EN_HAZ_TREATV,Romania,LANDFIL,128337.0
2016,EN_HAZ_TREATV,Romania,INCINRT,26472.0
2016,EN_HAZ_TREATV,Romania,INCINRT_EGY,121059.0
2016,EN_HAZ_TREATV,Romania,RECYCL,51151.0
2018,EN_HAZ_TREATV,Romania,INCINRT,25282.0
2018,EN_HAZ_TREATV,Romania,RECYCL,50254.0
2018,EN_HAZ_TREATV,Romania,OTHERWM,8022.0
2018,EN_HAZ_TREATV,Romania,INCINRT_EGY,114058.0
2018,EN_HAZ_TREATV,Romania,LANDFIL,132604.0
2020,EN_HAZ_TREATV,Romania,RECYCL,39335.0
2020,EN_HAZ_TREATV,Romania,LANDFIL,44840.0
2020,EN_HAZ_TREATV,Romania,INCINRT,19847.0
2020,EN_HAZ_TREATV,Romania,INCINRT_EGY,82430.0
2020,EN_HAZ_TREATV,Romania,OTHERWM,2266.0
2004,EN_HAZ_TREATV,Serbia,INCINRT_EGY,0.0
2006,EN_HAZ_TREATV,Serbia,INCINRT_EGY,0.0
2008,EN_HAZ_TREATV,Serbia,INCINRT,2479.0
2008,EN_HAZ_TREATV,Serbia,LANDFIL,8255117.0
2008,EN_HAZ_TREATV,Serbia,RECYCL,134405.0
2008,EN_HAZ_TREATV,Serbia,OTHERWM,0.0
2008,EN_HAZ_TREATV,Serbia,INCINRT_EGY,122249.0
2009,EN_HAZ_TREATV,Serbia,RECYCL,106176.0
2009,EN_HAZ_TREATV,Serbia,INCINRT_EGY,382.0
2009,EN_HAZ_TREATV,Serbia,INCINRT,435.0
2009,EN_HAZ_TREATV,Serbia,LANDFIL,9963501.0
2009,EN_HAZ_TREATV,Serbia,OTHERWM,0.0
2010,EN_HAZ_TREATV,Serbia,RECYCL,200627.0
2010,EN_HAZ_TREATV,Serbia,LANDFIL,11082001.0
2010,EN_HAZ_TREATV,Serbia,OTHERWM,0.0
2010,EN_HAZ_TREATV,Serbia,INCINRT,23.0
2010,EN_HAZ_TREATV,Serbia,INCINRT_EGY,32834.0
2011,EN_HAZ_TREATV,Serbia,RECYCL,90026.0
2011,EN_HAZ_TREATV,Serbia,LANDFIL,12711008.0
2011,EN_HAZ_TREATV,Serbia,INCINRT_EGY,332.0
2011,EN_HAZ_TREATV,Serbia,INCINRT,370.0
2011,EN_HAZ_TREATV,Serbia,OTHERWM,0.0
2012,EN_HAZ_TREATV,Serbia,OTHERWM,0.0
2012,EN_HAZ_TREATV,Serbia,INCINRT,5.0
2012,EN_HAZ_TREATV,Serbia,LANDFIL,14386862.0
2012,EN_HAZ_TREATV,Serbia,INCINRT_EGY,224420.0
2012,EN_HAZ_TREATV,Serbia,RECYCL,555754.0
2013,EN_HAZ_TREATV,Serbia,INCINRT_EGY,308.0
2013,EN_HAZ_TREATV,Serbia,OTHERWM,0.0
2013,EN_HAZ_TREATV,Serbia,LANDFIL,16528642.0
2013,EN_HAZ_TREATV,Serbia,RECYCL,31303.0
2013,EN_HAZ_TREATV,Serbia,INCINRT,308.0
2014,EN_HAZ_TREATV,Serbia,OTHERWM,66.0
2014,EN_HAZ_TREATV,Serbia,INCINRT_EGY,185314.0
2014,EN_HAZ_TREATV,Serbia,LANDFIL,13435010.0
2014,EN_HAZ_TREATV,Serbia,RECYCL,437731.0
2014,EN_HAZ_TREATV,Serbia,INCINRT,0.0
2015,EN_HAZ_TREATV,Serbia,OTHERWM,0.0
2015,EN_HAZ_TREATV,Serbia,LANDFIL,16494383.0
2015,EN_HAZ_TREATV,Serbia,RECYCL,52796.0
2015,EN_HAZ_TREATV,Serbia,INCINRT_EGY,11395.0
2015,EN_HAZ_TREATV,Serbia,INCINRT,11410.0
2016,EN_HAZ_TREATV,Serbia,INCINRT_EGY,302108.0
2016,EN_HAZ_TREATV,Serbia,INCINRT,0.0
2016,EN_HAZ_TREATV,Serbia,LANDFIL,17147694.0
2016,EN_HAZ_TREATV,Serbia,RECYCL,696322.0
2016,EN_HAZ_TREATV,Serbia,OTHERWM,85.0
2018,EN_HAZ_TREATV,Serbia,RECYCL,1165717.0
2018,EN_HAZ_TREATV,Serbia,INCINRT_EGY,482235.0
2018,EN_HAZ_TREATV,Serbia,OTHERWM,0.0
2018,EN_HAZ_TREATV,Serbia,INCINRT,0.0
2018,EN_HAZ_TREATV,Serbia,LANDFIL,15266719.0
2020,EN_HAZ_TREATV,Serbia,RECYCL,1805231.0
2020,EN_HAZ_TREATV,Serbia,LANDFIL,11249727.0
2020,EN_HAZ_TREATV,Serbia,INCINRT,0.0
2020,EN_HAZ_TREATV,Serbia,INCINRT_EGY,508271.0
2020,EN_HAZ_TREATV,Serbia,OTHERWM,0.0
2004,EN_HAZ_TREATV,Slovakia,INCINRT,47870.0
2004,EN_HAZ_TREATV,Slovakia,LANDFIL,135760.0
2004,EN_HAZ_TREATV,Slovakia,INCINRT_EGY,21710.0
2004,EN_HAZ_TREATV,Slovakia,OTHERWM,18310.0
2006,EN_HAZ_TREATV,Slovakia,OTHERWM,82842.0
2006,EN_HAZ_TREATV,Slovakia,LANDFIL,194262.0
2006,EN_HAZ_TREATV,Slovakia,INCINRT_EGY,8919.0
2006,EN_HAZ_TREATV,Slovakia,INCINRT,47929.0
2008,EN_HAZ_TREATV,Slovakia,OTHERWM,117973.0
2008,EN_HAZ_TREATV,Slovakia,LANDFIL,228251.0
2008,EN_HAZ_TREATV,Slovakia,INCINRT,47459.0
2008,EN_HAZ_TREATV,Slovakia,INCINRT_EGY,12588.0
2010,EN_HAZ_TREATV,Slovakia,INCINRT_EGY,4036.0
2010,EN_HAZ_TREATV,Slovakia,OTHERWM,48075.0
2010,EN_HAZ_TREATV,Slovakia,LANDFIL,145445.0
2010,EN_HAZ_TREATV,Slovakia,INCINRT,43196.0
2010,EN_HAZ_TREATV,Slovakia,RECYCL,286443.0
2012,EN_HAZ_TREATV,Slovakia,INCINRT_EGY,4248.0
2012,EN_HAZ_TREATV,Slovakia,OTHERWM,49575.0
2012,EN_HAZ_TREATV,Slovakia,LANDFIL,134816.0
2012,EN_HAZ_TREATV,Slovakia,INCINRT,20133.0
2012,EN_HAZ_TREATV,Slovakia,RECYCL,285278.0
2014,EN_HAZ_TREATV,Slovakia,RECYCL,169314.0
2014,EN_HAZ_TREATV,Slovakia,OTHERWM,84669.0
2014,EN_HAZ_TREATV,Slovakia,INCINRT_EGY,4607.0
2014,EN_HAZ_TREATV,Slovakia,INCINRT,17290.0
2014,EN_HAZ_TREATV,Slovakia,LANDFIL,137203.0
2016,EN_HAZ_TREATV,Slovakia,INCINRT_EGY,4216.0
2016,EN_HAZ_TREATV,Slovakia,LANDFIL,79798.0
2016,EN_HAZ_TREATV,Slovakia,INCINRT,14451.0
2016,EN_HAZ_TREATV,Slovakia,OTHERWM,11458.0
2016,EN_HAZ_TREATV,Slovakia,RECYCL,112860.0
2018,EN_HAZ_TREATV,Slovakia,INCINRT_EGY,7495.0
2018,EN_HAZ_TREATV,Slovakia,OTHERWM,19622.0
2018,EN_HAZ_TREATV,Slovakia,RECYCL,213206.0
2018,EN_HAZ_TREATV,Slovakia,LANDFIL,87220.0
2018,EN_HAZ_TREATV,Slovakia,INCINRT,7041.0
2020,EN_HAZ_TREATV,Slovakia,OTHERWM,4480.0
2020,EN_HAZ_TREATV,Slovakia,INCINRT,6858.0
2020,EN_HAZ_TREATV,Slovakia,RECYCL,204088.0
2020,EN_HAZ_TREATV,Slovakia,LANDFIL,55611.0
2020,EN_HAZ_TREATV,Slovakia,INCINRT_EGY,6549.0
2004,EN_HAZ_TREATV,Slovenia,OTHERWM,0.0
2004,EN_HAZ_TREATV,Slovenia,INCINRT,11586.0
2004,EN_HAZ_TREATV,Slovenia,LANDFIL,7734.0
2004,EN_HAZ_TREATV,Slovenia,INCINRT_EGY,31617.0
2006,EN_HAZ_TREATV,Slovenia,OTHERWM,0.0
2006,EN_HAZ_TREATV,Slovenia,LANDFIL,24144.0
2006,EN_HAZ_TREATV,Slovenia,INCINRT_EGY,14993.0
2006,EN_HAZ_TREATV,Slovenia,INCINRT,13073.0
2008,EN_HAZ_TREATV,Slovenia,OTHERWM,1.0
2008,EN_HAZ_TREATV,Slovenia,LANDFIL,49426.0
2008,EN_HAZ_TREATV,Slovenia,INCINRT,11112.0
2008,EN_HAZ_TREATV,Slovenia,INCINRT_EGY,9791.0
2010,EN_HAZ_TREATV,Slovenia,OTHERWM,0.0
2010,EN_HAZ_TREATV,Slovenia,RECYCL,31131.0
2010,EN_HAZ_TREATV,Slovenia,LANDFIL,29970.0
2010,EN_HAZ_TREATV,Slovenia,INCINRT,12615.0
2010,EN_HAZ_TREATV,Slovenia,INCINRT_EGY,8685.0
2012,EN_HAZ_TREATV,Slovenia,LANDFIL,12539.0
2012,EN_HAZ_TREATV,Slovenia,RECYCL,40196.0
2012,EN_HAZ_TREATV,Slovenia,INCINRT,8658.0
2012,EN_HAZ_TREATV,Slovenia,INCINRT_EGY,4500.0
2012,EN_HAZ_TREATV,Slovenia,OTHERWM,0.0
2014,EN_HAZ_TREATV,Slovenia,INCINRT,9965.0
2014,EN_HAZ_TREATV,Slovenia,OTHERWM,0.0
2014,EN_HAZ_TREATV,Slovenia,RECYCL,42719.0
2014,EN_HAZ_TREATV,Slovenia,LANDFIL,10675.0
2014,EN_HAZ_TREATV,Slovenia,INCINRT_EGY,1443.0
2016,EN_HAZ_TREATV,Slovenia,RECYCL,72570.0
2016,EN_HAZ_TREATV,Slovenia,INCINRT_EGY,5014.0
2016,EN_HAZ_TREATV,Slovenia,OTHERWM,0.0
2016,EN_HAZ_TREATV,Slovenia,LANDFIL,10674.0
2016,EN_HAZ_TREATV,Slovenia,INCINRT,9887.0
2018,EN_HAZ_TREATV,Slovenia,OTHERWM,0.0
2018,EN_HAZ_TREATV,Slovenia,LANDFIL,14219.0
2018,EN_HAZ_TREATV,Slovenia,RECYCL,50644.0
2018,EN_HAZ_TREATV,Slovenia,INCINRT_EGY,4090.0
2018,EN_HAZ_TREATV,Slovenia,INCINRT,8009.0
2020,EN_HAZ_TREATV,Slovenia,RECYCL,53669.0
2020,EN_HAZ_TREATV,Slovenia,INCINRT_EGY,2773.0
2020,EN_HAZ_TREATV,Slovenia,LANDFIL,11983.0
2020,EN_HAZ_TREATV,Slovenia,INCINRT,7144.0
2020,EN_HAZ_TREATV,Slovenia,OTHERWM,0.0
2004,EN_HAZ_TREATV,Spain,INCINRT,124295.0
2004,EN_HAZ_TREATV,Spain,LANDFIL,1236503.0
2004,EN_HAZ_TREATV,Spain,INCINRT_EGY,357847.0
2004,EN_HAZ_TREATV,Spain,OTHERWM,32025.0
2006,EN_HAZ_TREATV,Spain,LANDFIL,1254790.0
2006,EN_HAZ_TREATV,Spain,OTHERWM,2508.0
2006,EN_HAZ_TREATV,Spain,INCINRT_EGY,313051.0
2006,EN_HAZ_TREATV,Spain,INCINRT,93668.0
2008,EN_HAZ_TREATV,Spain,OTHERWM,92038.0
2008,EN_HAZ_TREATV,Spain,LANDFIL,1187376.0
2008,EN_HAZ_TREATV,Spain,INCINRT,10425.0
2008,EN_HAZ_TREATV,Spain,INCINRT_EGY,341526.0
2010,EN_HAZ_TREATV,Spain,OTHERWM,27333.0
2010,EN_HAZ_TREATV,Spain,INCINRT_EGY,205079.0
2010,EN_HAZ_TREATV,Spain,RECYCL,3415081.0
2010,EN_HAZ_TREATV,Spain,LANDFIL,901543.0
2010,EN_HAZ_TREATV,Spain,INCINRT,18465.0
2012,EN_HAZ_TREATV,Spain,INCINRT_EGY,163962.0
2012,EN_HAZ_TREATV,Spain,LANDFIL,643688.0
2012,EN_HAZ_TREATV,Spain,OTHERWM,13478.0
2012,EN_HAZ_TREATV,Spain,INCINRT,6.0
2012,EN_HAZ_TREATV,Spain,RECYCL,3475951.0
2014,EN_HAZ_TREATV,Spain,INCINRT,354.0
2014,EN_HAZ_TREATV,Spain,OTHERWM,114.0
2014,EN_HAZ_TREATV,Spain,INCINRT_EGY,137387.0
2014,EN_HAZ_TREATV,Spain,RECYCL,2366474.0
2014,EN_HAZ_TREATV,Spain,LANDFIL,524826.0
2016,EN_HAZ_TREATV,Spain,RECYCL,2229863.0
2016,EN_HAZ_TREATV,Spain,OTHERWM,733.0
2016,EN_HAZ_TREATV,Spain,LANDFIL,399024.0
2016,EN_HAZ_TREATV,Spain,INCINRT_EGY,148534.0
2016,EN_HAZ_TREATV,Spain,INCINRT,636.0
2018,EN_HAZ_TREATV,Spain,LANDFIL,519996.0
2018,EN_HAZ_TREATV,Spain,OTHERWM,6034.0
2018,EN_HAZ_TREATV,Spain,INCINRT_EGY,94030.0
2018,EN_HAZ_TREATV,Spain,RECYCL,3349096.0
2018,EN_HAZ_TREATV,Spain,INCINRT,65778.0
2020,EN_HAZ_TREATV,Spain,RECYCL,2435403.0
2020,EN_HAZ_TREATV,Spain,LANDFIL,490290.0
2020,EN_HAZ_TREATV,Spain,INCINRT,52864.0
2020,EN_HAZ_TREATV,Spain,OTHERWM,10002.0
2020,EN_HAZ_TREATV,Spain,INCINRT_EGY,81719.0
2004,EN_HAZ_TREATV,Sweden,INCINRT,71120.0
2004,EN_HAZ_TREATV,Sweden,INCINRT_EGY,310802.0
2004,EN_HAZ_TREATV,Sweden,OTHERWM,0.0
2004,EN_HAZ_TREATV,Sweden,LANDFIL,494123.0
2006,EN_HAZ_TREATV,Sweden,OTHERWM,0.0
2006,EN_HAZ_TREATV,Sweden,INCINRT,103455.0
2006,EN_HAZ_TREATV,Sweden,LANDFIL,143853.0
2006,EN_HAZ_TREATV,Sweden,INCINRT_EGY,208781.0
2008,EN_HAZ_TREATV,Sweden,OTHERWM,0.0
2008,EN_HAZ_TREATV,Sweden,LANDFIL,384266.0
2008,EN_HAZ_TREATV,Sweden,INCINRT_EGY,100154.0
2008,EN_HAZ_TREATV,Sweden,INCINRT,86805.0
2010,EN_HAZ_TREATV,Sweden,OTHERWM,0.0
2010,EN_HAZ_TREATV,Sweden,INCINRT_EGY,82826.0
2010,EN_HAZ_TREATV,Sweden,INCINRT,85830.0
2010,EN_HAZ_TREATV,Sweden,LANDFIL,355732.0
2010,EN_HAZ_TREATV,Sweden,RECYCL,6352.0
2012,EN_HAZ_TREATV,Sweden,LANDFIL,466196.0
2012,EN_HAZ_TREATV,Sweden,RECYCL,10749.0
2012,EN_HAZ_TREATV,Sweden,OTHERWM,0.0
2012,EN_HAZ_TREATV,Sweden,INCINRT,42347.0
2012,EN_HAZ_TREATV,Sweden,INCINRT_EGY,137461.0
2014,EN_HAZ_TREATV,Sweden,INCINRT,102739.0
2014,EN_HAZ_TREATV,Sweden,INCINRT_EGY,153013.0
2014,EN_HAZ_TREATV,Sweden,RECYCL,24109.0
2014,EN_HAZ_TREATV,Sweden,LANDFIL,426026.0
2014,EN_HAZ_TREATV,Sweden,OTHERWM,0.0
2016,EN_HAZ_TREATV,Sweden,RECYCL,17611.0
2016,EN_HAZ_TREATV,Sweden,OTHERWM,0.0
2016,EN_HAZ_TREATV,Sweden,INCINRT_EGY,109902.0
2016,EN_HAZ_TREATV,Sweden,INCINRT,210477.0
2016,EN_HAZ_TREATV,Sweden,LANDFIL,626580.0
2018,EN_HAZ_TREATV,Sweden,RECYCL,12245.0
2018,EN_HAZ_TREATV,Sweden,INCINRT_EGY,403770.0
2018,EN_HAZ_TREATV,Sweden,LANDFIL,636526.0
2018,EN_HAZ_TREATV,Sweden,OTHERWM,0.0
2018,EN_HAZ_TREATV,Sweden,INCINRT,129928.0
2020,EN_HAZ_TREATV,Sweden,INCINRT,67523.0
2020,EN_HAZ_TREATV,Sweden,OTHERWM,4070810.0
2020,EN_HAZ_TREATV,Sweden,INCINRT_EGY,285101.0
2020,EN_HAZ_TREATV,Sweden,LANDFIL,4782526.0
2010,EN_HAZ_TREATV,United Arab Emirates,RECYCL,0.0
2010,EN_HAZ_TREATV,United Arab Emirates,LANDFIL,144835.42188
2010,EN_HAZ_TREATV,United Arab Emirates,OTHERWM,177105.8125
2010,EN_HAZ_TREATV,United Arab Emirates,INCINRT,2612.0
2011,EN_HAZ_TREATV,United Arab Emirates,OTHERWM,281943.25
2011,EN_HAZ_TREATV,United Arab Emirates,LANDFIL,51697.0
2011,EN_HAZ_TREATV,United Arab Emirates,INCINRT,10334.03125
2011,EN_HAZ_TREATV,United Arab Emirates,RECYCL,0.0
2012,EN_HAZ_TREATV,United Arab Emirates,LANDFIL,167075.17188
2012,EN_HAZ_TREATV,United Arab Emirates,OTHERWM,158693.1875
2012,EN_HAZ_TREATV,United Arab Emirates,RECYCL,0.0
2012,EN_HAZ_TREATV,United Arab Emirates,INCINRT,15654.90039
2013,EN_HAZ_TREATV,United Arab Emirates,RECYCL,10515.0
2013,EN_HAZ_TREATV,United Arab Emirates,INCINRT,16888.62891
2013,EN_HAZ_TREATV,United Arab Emirates,OTHERWM,227945.6094
2013,EN_HAZ_TREATV,United Arab Emirates,LANDFIL,49350.01172
2014,EN_HAZ_TREATV,United Arab Emirates,RECYCL,52971.64844
2014,EN_HAZ_TREATV,United Arab Emirates,LANDFIL,58778.98047
2014,EN_HAZ_TREATV,United Arab Emirates,INCINRT,24149.06641
2014,EN_HAZ_TREATV,United Arab Emirates,OTHERWM,222993.6875
2015,EN_HAZ_TREATV,United Arab Emirates,LANDFIL,75040.34375
2015,EN_HAZ_TREATV,United Arab Emirates,OTHERWM,190685.9063
2015,EN_HAZ_TREATV,United Arab Emirates,RECYCL,37124.04688
2015,EN_HAZ_TREATV,United Arab Emirates,INCINRT,6177.67529
2016,EN_HAZ_TREATV,United Arab Emirates,INCINRT,6772.45313
2016,EN_HAZ_TREATV,United Arab Emirates,OTHERWM,137838.0313
2016,EN_HAZ_TREATV,United Arab Emirates,LANDFIL,57433.87891
2016,EN_HAZ_TREATV,United Arab Emirates,RECYCL,33419.32422
2017,EN_HAZ_TREATV,United Arab Emirates,INCINRT,11159.76856
2017,EN_HAZ_TREATV,United Arab Emirates,OTHERWM,246837.7813
2017,EN_HAZ_TREATV,United Arab Emirates,RECYCL,38553.96484
2017,EN_HAZ_TREATV,United Arab Emirates,LANDFIL,72221.00781
2018,EN_HAZ_TREATV,United Arab Emirates,INCINRT,24294.65039
2018,EN_HAZ_TREATV,United Arab Emirates,OTHERWM,223531.6094
2018,EN_HAZ_TREATV,United Arab Emirates,LANDFIL,149894.51563
2018,EN_HAZ_TREATV,United Arab Emirates,INCINRT_EGY,4833.95996
2018,EN_HAZ_TREATV,United Arab Emirates,RECYCL,32220.06055
2019,EN_HAZ_TREATV,United Arab Emirates,LANDFIL,67144.67188
2019,EN_HAZ_TREATV,United Arab Emirates,RECYCL,354271.375
2019,EN_HAZ_TREATV,United Arab Emirates,INCINRT,25082.63086
2019,EN_HAZ_TREATV,United Arab Emirates,INCINRT_EGY,4527.25977
2019,EN_HAZ_TREATV,United Arab Emirates,OTHERWM,130044.4219
2004,EN_HAZ_TREATV,Türkiye,OTHERWM,65.0
2004,EN_HAZ_TREATV,Türkiye,INCINRT,191901.0
2004,EN_HAZ_TREATV,Türkiye,LANDFIL,790840.0
2006,EN_HAZ_TREATV,Türkiye,OTHERWM,0.0
2006,EN_HAZ_TREATV,Türkiye,LANDFIL,26241.0
2006,EN_HAZ_TREATV,Türkiye,INCINRT,28251.0
2008,EN_HAZ_TREATV,Türkiye,LANDFIL,738319.0
2008,EN_HAZ_TREATV,Türkiye,OTHERWM,126.0
2008,EN_HAZ_TREATV,Türkiye,INCINRT,56947.0
2010,EN_HAZ_TREATV,Türkiye,INCINRT,27331.0
2010,EN_HAZ_TREATV,Türkiye,OTHERWM,7.0
2012,EN_HAZ_TREATV,Türkiye,LANDFIL,2750268.0
2012,EN_HAZ_TREATV,Türkiye,INCINRT,40559.0
2012,EN_HAZ_TREATV,Türkiye,OTHERWM,33.0
2014,EN_HAZ_TREATV,Türkiye,INCINRT,33329.0
2014,EN_HAZ_TREATV,Türkiye,OTHERWM,0.0
2016,EN_HAZ_TREATV,Türkiye,INCINRT,57814.0
2016,EN_HAZ_TREATV,Türkiye,INCINRT_EGY,0.0
2018,EN_HAZ_TREATV,Türkiye,OTHERWM,0.0
2018,EN_HAZ_TREATV,Türkiye,INCINRT,62068.0
2018,EN_HAZ_TREATV,Türkiye,LANDFIL,17497261.0
2020,EN_HAZ_TREATV,Türkiye,INCINRT,50897.0
2020,EN_HAZ_TREATV,Türkiye,INCINRT_EGY,0.0
2020,EN_HAZ_TREATV,Türkiye,OTHERWM,0.0
2020,EN_HAZ_TREATV,Türkiye,LANDFIL,35861448.0
2000,EN_HAZ_TREATV,Ukraine,OTHERWM,13183.0
2000,EN_HAZ_TREATV,Ukraine,RECYCL,1280924.0
2000,EN_HAZ_TREATV,Ukraine,INCINRT,95301.0
2000,EN_HAZ_TREATV,Ukraine,LANDFIL,760626.0
2001,EN_HAZ_TREATV,Ukraine,INCINRT,121935.0
2001,EN_HAZ_TREATV,Ukraine,RECYCL,2170048.0
2001,EN_HAZ_TREATV,Ukraine,LANDFIL,640041.0
2001,EN_HAZ_TREATV,Ukraine,OTHERWM,12183.0
2002,EN_HAZ_TREATV,Ukraine,INCINRT,390358.0
2002,EN_HAZ_TREATV,Ukraine,LANDFIL,726922.0
2002,EN_HAZ_TREATV,Ukraine,RECYCL,1310757.0
2002,EN_HAZ_TREATV,Ukraine,OTHERWM,8534.0
2003,EN_HAZ_TREATV,Ukraine,RECYCL,802010.0
2003,EN_HAZ_TREATV,Ukraine,INCINRT,382185.0
2003,EN_HAZ_TREATV,Ukraine,LANDFIL,931700.0
2003,EN_HAZ_TREATV,Ukraine,OTHERWM,8136.0
2004,EN_HAZ_TREATV,Ukraine,RECYCL,689365.0
2004,EN_HAZ_TREATV,Ukraine,INCINRT,150660.0
2004,EN_HAZ_TREATV,Ukraine,LANDFIL,1102787.0
2004,EN_HAZ_TREATV,Ukraine,OTHERWM,13415.0
2005,EN_HAZ_TREATV,Ukraine,RECYCL,811305.0
2005,EN_HAZ_TREATV,Ukraine,INCINRT,123486.0
2005,EN_HAZ_TREATV,Ukraine,OTHERWM,1843.0
2005,EN_HAZ_TREATV,Ukraine,LANDFIL,948461.0
2006,EN_HAZ_TREATV,Ukraine,INCINRT,120043.0
2006,EN_HAZ_TREATV,Ukraine,LANDFIL,1056953.0
2006,EN_HAZ_TREATV,Ukraine,OTHERWM,1916.0
2006,EN_HAZ_TREATV,Ukraine,RECYCL,789994.0
2007,EN_HAZ_TREATV,Ukraine,OTHERWM,1362.0
2007,EN_HAZ_TREATV,Ukraine,LANDFIL,990591.0
2007,EN_HAZ_TREATV,Ukraine,INCINRT,75388.0
2007,EN_HAZ_TREATV,Ukraine,RECYCL,995424.0
2008,EN_HAZ_TREATV,Ukraine,OTHERWM,4837.0
2008,EN_HAZ_TREATV,Ukraine,LANDFIL,1066308.0
2008,EN_HAZ_TREATV,Ukraine,INCINRT,56288.0
2008,EN_HAZ_TREATV,Ukraine,RECYCL,894834.0
2009,EN_HAZ_TREATV,Ukraine,LANDFIL,333246.0
2009,EN_HAZ_TREATV,Ukraine,INCINRT,47298.0
2009,EN_HAZ_TREATV,Ukraine,RECYCL,794407.0
2009,EN_HAZ_TREATV,Ukraine,OTHERWM,805.0
2010,EN_HAZ_TREATV,Ukraine,OTHERWM,179845.0
2010,EN_HAZ_TREATV,Ukraine,INCINRT,16473.0
2010,EN_HAZ_TREATV,Ukraine,RECYCL,642392.0
2010,EN_HAZ_TREATV,Ukraine,INCINRT_EGY,6212.0
2010,EN_HAZ_TREATV,Ukraine,LANDFIL,126849.0
2011,EN_HAZ_TREATV,Ukraine,INCINRT,15612.0
2011,EN_HAZ_TREATV,Ukraine,OTHERWM,104.0
2011,EN_HAZ_TREATV,Ukraine,LANDFIL,138455.0
2011,EN_HAZ_TREATV,Ukraine,RECYCL,597529.0
2011,EN_HAZ_TREATV,Ukraine,INCINRT_EGY,4394.0
2012,EN_HAZ_TREATV,Ukraine,OTHERWM,31.0
2012,EN_HAZ_TREATV,Ukraine,RECYCL,541356.0
2012,EN_HAZ_TREATV,Ukraine,INCINRT_EGY,765.0
2012,EN_HAZ_TREATV,Ukraine,INCINRT,14007.0
2012,EN_HAZ_TREATV,Ukraine,LANDFIL,146760.0
2013,EN_HAZ_TREATV,Ukraine,LANDFIL,102983.0
2013,EN_HAZ_TREATV,Ukraine,INCINRT,15097.0
2013,EN_HAZ_TREATV,Ukraine,INCINRT_EGY,1079.0
2013,EN_HAZ_TREATV,Ukraine,RECYCL,439049.0
2013,EN_HAZ_TREATV,Ukraine,OTHERWM,40.0
2014,EN_HAZ_TREATV,Ukraine,LANDFIL,81584.0
2014,EN_HAZ_TREATV,Ukraine,OTHERWM,351.0
2014,EN_HAZ_TREATV,Ukraine,INCINRT,8273.0
2014,EN_HAZ_TREATV,Ukraine,INCINRT_EGY,635.0
2014,EN_HAZ_TREATV,Ukraine,RECYCL,327134.0
2015,EN_HAZ_TREATV,Ukraine,RECYCL,314543.0
2015,EN_HAZ_TREATV,Ukraine,OTHERWM,711.0
2015,EN_HAZ_TREATV,Ukraine,INCINRT,5808.0
2015,EN_HAZ_TREATV,Ukraine,INCINRT_EGY,554.0
2015,EN_HAZ_TREATV,Ukraine,LANDFIL,78650.0
2016,EN_HAZ_TREATV,Ukraine,INCINRT,6232.0
2016,EN_HAZ_TREATV,Ukraine,OTHERWM,1092.0
2016,EN_HAZ_TREATV,Ukraine,LANDFIL,102517.0
2016,EN_HAZ_TREATV,Ukraine,RECYCL,337658.0
2016,EN_HAZ_TREATV,Ukraine,INCINRT_EGY,271.0
2017,EN_HAZ_TREATV,Ukraine,RECYCL,305545.0
2017,EN_HAZ_TREATV,Ukraine,INCINRT,8748.0
2017,EN_HAZ_TREATV,Ukraine,INCINRT_EGY,1346.0
2017,EN_HAZ_TREATV,Ukraine,LANDFIL,96810.0
2017,EN_HAZ_TREATV,Ukraine,OTHERWM,1178.0
2018,EN_HAZ_TREATV,Ukraine,LANDFIL,114914.0
2018,EN_HAZ_TREATV,Ukraine,INCINRT_EGY,1567.0
2018,EN_HAZ_TREATV,Ukraine,INCINRT,11895.0
2018,EN_HAZ_TREATV,Ukraine,RECYCL,276491.0
2018,EN_HAZ_TREATV,Ukraine,OTHERWM,1448.0
2019,EN_HAZ_TREATV,Ukraine,OTHERWM,1089.0
2019,EN_HAZ_TREATV,Ukraine,RECYCL,252075.0
2019,EN_HAZ_TREATV,Ukraine,INCINRT,10626.0
2019,EN_HAZ_TREATV,Ukraine,LANDFIL,93262.0
2019,EN_HAZ_TREATV,Ukraine,INCINRT_EGY,1309.0
2008,EN_HAZ_TREATV,North Macedonia,INCINRT,20.0
2008,EN_HAZ_TREATV,North Macedonia,OTHERWM,0.0
2008,EN_HAZ_TREATV,North Macedonia,LANDFIL,2693.0
2010,EN_HAZ_TREATV,North Macedonia,LANDFIL,148936.0
2010,EN_HAZ_TREATV,North Macedonia,OTHERWM,0.0
2010,EN_HAZ_TREATV,North Macedonia,INCINRT,120.0
2012,EN_HAZ_TREATV,North Macedonia,OTHERWM,0.0
2012,EN_HAZ_TREATV,North Macedonia,LANDFIL,676021.0
2012,EN_HAZ_TREATV,North Macedonia,INCINRT,149.0
2014,EN_HAZ_TREATV,North Macedonia,OTHERWM,21.25
2014,EN_HAZ_TREATV,North Macedonia,INCINRT_EGY,0.0
2014,EN_HAZ_TREATV,North Macedonia,INCINRT,0.0
2014,EN_HAZ_TREATV,North Macedonia,LANDFIL,3763.0
2014,EN_HAZ_TREATV,North Macedonia,RECYCL,0.0
2018,EN_HAZ_TREATV,North Macedonia,LANDFIL,7121.0
2018,EN_HAZ_TREATV,North Macedonia,INCINRT,1665.0
2018,EN_HAZ_TREATV,North Macedonia,OTHERWM,3561.0
2020,EN_HAZ_TREATV,North Macedonia,OTHERWM,588.0
2020,EN_HAZ_TREATV,North Macedonia,INCINRT,1151.0
2020,EN_HAZ_TREATV,North Macedonia,LANDFIL,410645.0
2004,EN_HAZ_TREATV,United Kingdom of Great Britain and Northern Ireland,OTHERWM,7396.0
2004,EN_HAZ_TREATV,United Kingdom of Great Britain and Northern Ireland,INCINRT,116585.0
2004,EN_HAZ_TREATV,United Kingdom of Great Britain and Northern Ireland,LANDFIL,3011088.0
2006,EN_HAZ_TREATV,United Kingdom of Great Britain and Northern Ireland,LANDFIL,1533467.0
2006,EN_HAZ_TREATV,United Kingdom of Great Britain and Northern Ireland,INCINRT,440947.0
2006,EN_HAZ_TREATV,United Kingdom of Great Britain and Northern Ireland,OTHERWM,24161.0
2008,EN_HAZ_TREATV,United Kingdom of Great Britain and Northern Ireland,INCINRT,432555.0
2008,EN_HAZ_TREATV,United Kingdom of Great Britain and Northern Ireland,OTHERWM,0.0
2008,EN_HAZ_TREATV,United Kingdom of Great Britain and Northern Ireland,LANDFIL,1270785.0
2010,EN_HAZ_TREATV,United Kingdom of Great Britain and Northern Ireland,INCINRT,262759.0
2010,EN_HAZ_TREATV,United Kingdom of Great Britain and Northern Ireland,LANDFIL,1331655.0
2010,EN_HAZ_TREATV,United Kingdom of Great Britain and Northern Ireland,OTHERWM,34801.0
2012,EN_HAZ_TREATV,United Kingdom of Great Britain and Northern Ireland,INCINRT_EGY,167.0
2012,EN_HAZ_TREATV,United Kingdom of Great Britain and Northern Ireland,LANDFIL,1034933.0
2012,EN_HAZ_TREATV,United Kingdom of Great Britain and Northern Ireland,RECYCL,3025.0
2012,EN_HAZ_TREATV,United Kingdom of Great Britain and Northern Ireland,OTHERWM,0.0
2012,EN_HAZ_TREATV,United Kingdom of Great Britain and Northern Ireland,INCINRT,239519.0
2014,EN_HAZ_TREATV,United Kingdom of Great Britain and Northern Ireland,INCINRT_EGY,0.0
2014,EN_HAZ_TREATV,United Kingdom of Great Britain and Northern Ireland,OTHERWM,0.0
2014,EN_HAZ_TREATV,United Kingdom of Great Britain and Northern Ireland,RECYCL,5585.0
2014,EN_HAZ_TREATV,United Kingdom of Great Britain and Northern Ireland,INCINRT,241230.0
2014,EN_HAZ_TREATV,United Kingdom of Great Britain and Northern Ireland,LANDFIL,869205.0
2016,EN_HAZ_TREATV,United Kingdom of Great Britain and Northern Ireland,INCINRT,300070.0
2016,EN_HAZ_TREATV,United Kingdom of Great Britain and Northern Ireland,INCINRT_EGY,8.0
2016,EN_HAZ_TREATV,United Kingdom of Great Britain and Northern Ireland,RECYCL,3439.0
2016,EN_HAZ_TREATV,United Kingdom of Great Britain and Northern Ireland,LANDFIL,844535.0
2016,EN_HAZ_TREATV,United Kingdom of Great Britain and Northern Ireland,OTHERWM,0.0
2011,EN_HAZ_TREATV,Bosnia and Herzegovina,INCINRT,0.0
2012,EN_HAZ_TREATV,Bosnia and Herzegovina,INCINRT,0.0
2016,EN_HAZ_TREATV,Bosnia and Herzegovina,RECYCL,0.0
2020,EN_HAZ_TREATV,Bosnia and Herzegovina,RECYCL,0.0
2004,EN_HAZ_TREATV,Bulgaria,INCINRT_EGY,322.0
2004,EN_HAZ_TREATV,Bulgaria,LANDFIL,11981941.0
2004,EN_HAZ_TREATV,Bulgaria,INCINRT,44984.0
2004,EN_HAZ_TREATV,Bulgaria,OTHERWM,0.0
2006,EN_HAZ_TREATV,Bulgaria,INCINRT_EGY,782.0
2006,EN_HAZ_TREATV,Bulgaria,LANDFIL,13302797.0
2006,EN_HAZ_TREATV,Bulgaria,OTHERWM,0.0
2006,EN_HAZ_TREATV,Bulgaria,INCINRT,81641.0
2008,EN_HAZ_TREATV,Bulgaria,INCINRT,49759.0
2008,EN_HAZ_TREATV,Bulgaria,OTHERWM,0.0
2008,EN_HAZ_TREATV,Bulgaria,LANDFIL,12846297.0
2008,EN_HAZ_TREATV,Bulgaria,INCINRT_EGY,0.0
2010,EN_HAZ_TREATV,Bulgaria,RECYCL,391266.0
2010,EN_HAZ_TREATV,Bulgaria,INCINRT,1762.0
2010,EN_HAZ_TREATV,Bulgaria,INCINRT_EGY,0.0
2010,EN_HAZ_TREATV,Bulgaria,OTHERWM,0.0
2010,EN_HAZ_TREATV,Bulgaria,LANDFIL,13501203.0
2012,EN_HAZ_TREATV,Bulgaria,INCINRT_EGY,188.0
2012,EN_HAZ_TREATV,Bulgaria,RECYCL,356786.0
2012,EN_HAZ_TREATV,Bulgaria,OTHERWM,164883.0
2012,EN_HAZ_TREATV,Bulgaria,INCINRT,5352.0
2012,EN_HAZ_TREATV,Bulgaria,LANDFIL,13322743.0
2014,EN_HAZ_TREATV,Bulgaria,LANDFIL,12017033.0
2014,EN_HAZ_TREATV,Bulgaria,INCINRT,7171.0
2014,EN_HAZ_TREATV,Bulgaria,OTHERWM,163064.0
2014,EN_HAZ_TREATV,Bulgaria,RECYCL,222970.0
2014,EN_HAZ_TREATV,Bulgaria,INCINRT_EGY,333.0
2016,EN_HAZ_TREATV,Bulgaria,INCINRT_EGY,659.0
2016,EN_HAZ_TREATV,Bulgaria,INCINRT,5259.0
2016,EN_HAZ_TREATV,Bulgaria,OTHERWM,13021325.0
2016,EN_HAZ_TREATV,Bulgaria,LANDFIL,13059515.0
2016,EN_HAZ_TREATV,Bulgaria,RECYCL,248036.0
2018,EN_HAZ_TREATV,Bulgaria,OTHERWM,13215461.0
2018,EN_HAZ_TREATV,Bulgaria,LANDFIL,13295635.0
2018,EN_HAZ_TREATV,Bulgaria,RECYCL,232003.0
2018,EN_HAZ_TREATV,Bulgaria,INCINRT,3814.0
2018,EN_HAZ_TREATV,Bulgaria,INCINRT_EGY,5016.0
2020,EN_HAZ_TREATV,Bulgaria,INCINRT_EGY,24566.0
2020,EN_HAZ_TREATV,Bulgaria,LANDFIL,13336987.0
2020,EN_HAZ_TREATV,Bulgaria,INCINRT,98152.0
2020,EN_HAZ_TREATV,Bulgaria,RECYCL,265969.0
2020,EN_HAZ_TREATV,Bulgaria,OTHERWM,13293040.0
2005,EN_HAZ_TREATV,Belarus,RECYCL,227400.0
2005,EN_HAZ_TREATV,Belarus,OTHERWM,0.0
2005,EN_HAZ_TREATV,Belarus,LANDFIL,19200.0
2005,EN_HAZ_TREATV,Belarus,INCINRT,50200.0
2006,EN_HAZ_TREATV,Belarus,INCINRT,54200.0
2006,EN_HAZ_TREATV,Belarus,LANDFIL,16800.0
2006,EN_HAZ_TREATV,Belarus,RECYCL,252900.0
2006,EN_HAZ_TREATV,Belarus,OTHERWM,0.0
2007,EN_HAZ_TREATV,Belarus,RECYCL,344700.0
2007,EN_HAZ_TREATV,Belarus,INCINRT,41400.0
2007,EN_HAZ_TREATV,Belarus,OTHERWM,0.0
2007,EN_HAZ_TREATV,Belarus,LANDFIL,34300.0
2008,EN_HAZ_TREATV,Belarus,LANDFIL,61200.0
2008,EN_HAZ_TREATV,Belarus,RECYCL,437100.0
2008,EN_HAZ_TREATV,Belarus,INCINRT,39600.0
2008,EN_HAZ_TREATV,Belarus,OTHERWM,0.0
2009,EN_HAZ_TREATV,Belarus,RECYCL,675200.0
2009,EN_HAZ_TREATV,Belarus,OTHERWM,0.0
2009,EN_HAZ_TREATV,Belarus,INCINRT,34600.0
2009,EN_HAZ_TREATV,Belarus,LANDFIL,100000.0
2010,EN_HAZ_TREATV,Belarus,LANDFIL,136600.0
2010,EN_HAZ_TREATV,Belarus,INCINRT,46000.0
2010,EN_HAZ_TREATV,Belarus,OTHERWM,0.0
2010,EN_HAZ_TREATV,Belarus,RECYCL,774900.0
2011,EN_HAZ_TREATV,Belarus,OTHERWM,0.0
2011,EN_HAZ_TREATV,Belarus,RECYCL,827600.0
2011,EN_HAZ_TREATV,Belarus,INCINRT,57100.0
2011,EN_HAZ_TREATV,Belarus,LANDFIL,83700.0
2012,EN_HAZ_TREATV,Belarus,LANDFIL,123680.0
2012,EN_HAZ_TREATV,Belarus,OTHERWM,0.0
2012,EN_HAZ_TREATV,Belarus,RECYCL,1324330.0
2012,EN_HAZ_TREATV,Belarus,INCINRT,29050.0
2013,EN_HAZ_TREATV,Belarus,LANDFIL,124720.0
2013,EN_HAZ_TREATV,Belarus,OTHERWM,0.0
2013,EN_HAZ_TREATV,Belarus,RECYCL,1091670.0
2013,EN_HAZ_TREATV,Belarus,INCINRT,21250.0
2014,EN_HAZ_TREATV,Belarus,OTHERWM,0.0
2014,EN_HAZ_TREATV,Belarus,INCINRT,59290.0
2014,EN_HAZ_TREATV,Belarus,LANDFIL,153560.0
2014,EN_HAZ_TREATV,Belarus,RECYCL,1242210.0
2015,EN_HAZ_TREATV,Belarus,OTHERWM,0.0
2015,EN_HAZ_TREATV,Belarus,RECYCL,889780.0
2015,EN_HAZ_TREATV,Belarus,LANDFIL,99280.0
2015,EN_HAZ_TREATV,Belarus,INCINRT,24510.0
2016,EN_HAZ_TREATV,Belarus,RECYCL,1201580.0
2016,EN_HAZ_TREATV,Belarus,INCINRT,33810.0
2016,EN_HAZ_TREATV,Belarus,OTHERWM,0.0
2016,EN_HAZ_TREATV,Belarus,LANDFIL,115960.0
2017,EN_HAZ_TREATV,Belarus,RECYCL,1047870.0
2017,EN_HAZ_TREATV,Belarus,INCINRT,49820.0
2017,EN_HAZ_TREATV,Belarus,OTHERWM,0.0
2017,EN_HAZ_TREATV,Belarus,LANDFIL,110730.0
2018,EN_HAZ_TREATV,Belarus,INCINRT,29069.0
2018,EN_HAZ_TREATV,Belarus,LANDFIL,123918.0
2018,EN_HAZ_TREATV,Belarus,RECYCL,2041936.0
2018,EN_HAZ_TREATV,Belarus,OTHERWM,0.0
2019,EN_HAZ_TREATV,Belarus,INCINRT,30330.0
2019,EN_HAZ_TREATV,Belarus,OTHERWM,0.0
2019,EN_HAZ_TREATV,Belarus,RECYCL,1505210.0
2019,EN_HAZ_TREATV,Belarus,LANDFIL,177170.0
2020,EN_HAZ_TREATV,Belarus,LANDFIL,134146.0
2020,EN_HAZ_TREATV,Belarus,RECYCL,1759552.0
2020,EN_HAZ_TREATV,Belarus,OTHERWM,0.0
2020,EN_HAZ_TREATV,Belarus,INCINRT,17809.0
2021,EN_HAZ_TREATV,Belarus,LANDFIL,160872.0
2021,EN_HAZ_TREATV,Belarus,INCINRT,18697.0
2021,EN_HAZ_TREATV,Belarus,OTHERWM,0.0
2021,EN_HAZ_TREATV,Belarus,RECYCL,1484471.0
2000,EN_HAZ_TREATV,Croatia,OTHERWM,2000.0
2004,EN_HAZ_TREATV,Croatia,INCINRT_EGY,19062.0
2004,EN_HAZ_TREATV,Croatia,LANDFIL,14078.0
2004,EN_HAZ_TREATV,Croatia,OTHERWM,3417.0
2004,EN_HAZ_TREATV,Croatia,INCINRT,41.0
2006,EN_HAZ_TREATV,Croatia,LANDFIL,562856.0
2006,EN_HAZ_TREATV,Croatia,INCINRT_EGY,823.0
2006,EN_HAZ_TREATV,Croatia,INCINRT,47133.0
2006,EN_HAZ_TREATV,Croatia,OTHERWM,2054.0
2008,EN_HAZ_TREATV,Croatia,INCINRT,402.0
2008,EN_HAZ_TREATV,Croatia,LANDFIL,3246.0
2008,EN_HAZ_TREATV,Croatia,OTHERWM,9466.0
2008,EN_HAZ_TREATV,Croatia,INCINRT_EGY,5250.0
2010,EN_HAZ_TREATV,Croatia,RECYCL,1866212.0
2010,EN_HAZ_TREATV,Croatia,OTHERWM,58.0
2010,EN_HAZ_TREATV,Croatia,LANDFIL,8793.0
2010,EN_HAZ_TREATV,Croatia,INCINRT,4573.0
2010,EN_HAZ_TREATV,Croatia,INCINRT_EGY,28817.0
2011,EN_HAZ_TREATV,Croatia,OTHERWM,61.0
2012,EN_HAZ_TREATV,Croatia,INCINRT_EGY,8380.0
2012,EN_HAZ_TREATV,Croatia,INCINRT,45.0
2012,EN_HAZ_TREATV,Croatia,OTHERWM,6.6
2012,EN_HAZ_TREATV,Croatia,LANDFIL,10319.0
2012,EN_HAZ_TREATV,Croatia,RECYCL,1636793.0
2014,EN_HAZ_TREATV,Croatia,LANDFIL,10035.0
2014,EN_HAZ_TREATV,Croatia,INCINRT_EGY,11371.0
2014,EN_HAZ_TREATV,Croatia,RECYCL,1821805.0
2014,EN_HAZ_TREATV,Croatia,INCINRT,0.0
2014,EN_HAZ_TREATV,Croatia,OTHERWM,0.0
2016,EN_HAZ_TREATV,Croatia,INCINRT,0.0
2016,EN_HAZ_TREATV,Croatia,INCINRT_EGY,14076.0
2016,EN_HAZ_TREATV,Croatia,OTHERWM,0.0
2016,EN_HAZ_TREATV,Croatia,RECYCL,1861771.0
2016,EN_HAZ_TREATV,Croatia,LANDFIL,6251.0
2018,EN_HAZ_TREATV,Croatia,INCINRT,0.0
2018,EN_HAZ_TREATV,Croatia,LANDFIL,2827.0
2018,EN_HAZ_TREATV,Croatia,INCINRT_EGY,10158.0
2018,EN_HAZ_TREATV,Croatia,RECYCL,2712452.0
2018,EN_HAZ_TREATV,Croatia,OTHERWM,0.0
2020,EN_HAZ_TREATV,Croatia,INCINRT_EGY,13797.0
2020,EN_HAZ_TREATV,Croatia,RECYCL,2568744.0
2020,EN_HAZ_TREATV,Croatia,INCINRT,0.0
2020,EN_HAZ_TREATV,Croatia,OTHERWM,0.0
2020,EN_HAZ_TREATV,Croatia,LANDFIL,3497.0
2004,EN_HAZ_TREATV,Cyprus,LANDFIL,18904.0
2004,EN_HAZ_TREATV,Cyprus,INCINRT,2207.0
2004,EN_HAZ_TREATV,Cyprus,OTHERWM,308.0
2004,EN_HAZ_TREATV,Cyprus,INCINRT_EGY,1758.0
2006,EN_HAZ_TREATV,Cyprus,INCINRT_EGY,34.0
2006,EN_HAZ_TREATV,Cyprus,OTHERWM,0.0
2006,EN_HAZ_TREATV,Cyprus,LANDFIL,5064.0
2006,EN_HAZ_TREATV,Cyprus,INCINRT,47.0
2008,EN_HAZ_TREATV,Cyprus,INCINRT,53.0
2008,EN_HAZ_TREATV,Cyprus,LANDFIL,13154.0
2008,EN_HAZ_TREATV,Cyprus,OTHERWM,0.0
2008,EN_HAZ_TREATV,Cyprus,INCINRT_EGY,1156.0
2010,EN_HAZ_TREATV,Cyprus,INCINRT_EGY,1324.0
2010,EN_HAZ_TREATV,Cyprus,RECYCL,44942.0
2010,EN_HAZ_TREATV,Cyprus,INCINRT,89.0
2010,EN_HAZ_TREATV,Cyprus,OTHERWM,4.0
2010,EN_HAZ_TREATV,Cyprus,LANDFIL,14814.0
2012,EN_HAZ_TREATV,Cyprus,OTHERWM,93.0
2012,EN_HAZ_TREATV,Cyprus,INCINRT_EGY,59.0
2012,EN_HAZ_TREATV,Cyprus,LANDFIL,5563.0
2012,EN_HAZ_TREATV,Cyprus,INCINRT,3.0
2012,EN_HAZ_TREATV,Cyprus,RECYCL,35678.0
2014,EN_HAZ_TREATV,Cyprus,INCINRT_EGY,1379.0
2014,EN_HAZ_TREATV,Cyprus,RECYCL,24564.0
2014,EN_HAZ_TREATV,Cyprus,OTHERWM,0.0
2014,EN_HAZ_TREATV,Cyprus,LANDFIL,141248.0
2014,EN_HAZ_TREATV,Cyprus,INCINRT,0.0
2016,EN_HAZ_TREATV,Cyprus,LANDFIL,128870.0
2016,EN_HAZ_TREATV,Cyprus,RECYCL,15645.0
2016,EN_HAZ_TREATV,Cyprus,INCINRT_EGY,237.0
2016,EN_HAZ_TREATV,Cyprus,INCINRT,0.0
2016,EN_HAZ_TREATV,Cyprus,OTHERWM,0.0
2018,EN_HAZ_TREATV,Cyprus,INCINRT_EGY,916.0
2018,EN_HAZ_TREATV,Cyprus,OTHERWM,0.0
2018,EN_HAZ_TREATV,Cyprus,LANDFIL,194224.0
2018,EN_HAZ_TREATV,Cyprus,INCINRT,0.0
2018,EN_HAZ_TREATV,Cyprus,RECYCL,16865.0
2020,EN_HAZ_TREATV,Cyprus,INCINRT_EGY,306.0
2020,EN_HAZ_TREATV,Cyprus,LANDFIL,1085.0
2020,EN_HAZ_TREATV,Cyprus,INCINRT,0.0
2020,EN_HAZ_TREATV,Cyprus,RECYCL,14188.0
2020,EN_HAZ_TREATV,Cyprus,OTHERWM,0.0
2004,EN_HAZ_TREATV,Czechia,INCINRT_EGY,29171.0
2004,EN_HAZ_TREATV,Czechia,OTHERWM,0.0
2004,EN_HAZ_TREATV,Czechia,LANDFIL,150858.0
2004,EN_HAZ_TREATV,Czechia,INCINRT,30693.0
2006,EN_HAZ_TREATV,Czechia,INCINRT,49141.0
2006,EN_HAZ_TREATV,Czechia,OTHERWM,0.0
2006,EN_HAZ_TREATV,Czechia,LANDFIL,65263.0
2006,EN_HAZ_TREATV,Czechia,INCINRT_EGY,55784.0
2008,EN_HAZ_TREATV,Czechia,OTHERWM,2080.0
2008,EN_HAZ_TREATV,Czechia,INCINRT,61128.0
2008,EN_HAZ_TREATV,Czechia,INCINRT_EGY,61643.0
2008,EN_HAZ_TREATV,Czechia,LANDFIL,79496.0
2010,EN_HAZ_TREATV,Czechia,OTHERWM,0.0
2010,EN_HAZ_TREATV,Czechia,INCINRT,49533.0
2010,EN_HAZ_TREATV,Czechia,LANDFIL,60288.0
2010,EN_HAZ_TREATV,Czechia,INCINRT_EGY,41901.0
2010,EN_HAZ_TREATV,Czechia,RECYCL,237150.0
2012,EN_HAZ_TREATV,Czechia,INCINRT_EGY,38262.0
2012,EN_HAZ_TREATV,Czechia,OTHERWM,3078.0
2012,EN_HAZ_TREATV,Czechia,RECYCL,505973.0
2012,EN_HAZ_TREATV,Czechia,INCINRT,71077.0
2012,EN_HAZ_TREATV,Czechia,LANDFIL,36716.0
2014,EN_HAZ_TREATV,Czechia,INCINRT_EGY,51433.0
2014,EN_HAZ_TREATV,Czechia,LANDFIL,35512.0
2014,EN_HAZ_TREATV,Czechia,RECYCL,312465.0
2014,EN_HAZ_TREATV,Czechia,INCINRT,73373.0
2014,EN_HAZ_TREATV,Czechia,OTHERWM,0.0
2016,EN_HAZ_TREATV,Czechia,INCINRT,77049.0
2016,EN_HAZ_TREATV,Czechia,OTHERWM,1.0
2016,EN_HAZ_TREATV,Czechia,RECYCL,514749.0
2016,EN_HAZ_TREATV,Czechia,LANDFIL,33206.0
2016,EN_HAZ_TREATV,Czechia,INCINRT_EGY,30401.0
2018,EN_HAZ_TREATV,Czechia,INCINRT_EGY,33160.0
2018,EN_HAZ_TREATV,Czechia,OTHERWM,0.0
2018,EN_HAZ_TREATV,Czechia,INCINRT,87273.0
2018,EN_HAZ_TREATV,Czechia,LANDFIL,94334.0
2018,EN_HAZ_TREATV,Czechia,RECYCL,1410674.0
2020,EN_HAZ_TREATV,Czechia,LANDFIL,221703.0
2020,EN_HAZ_TREATV,Czechia,RECYCL,741650.0
2020,EN_HAZ_TREATV,Czechia,OTHERWM,0.0
2020,EN_HAZ_TREATV,Czechia,INCINRT_EGY,60547.0
2020,EN_HAZ_TREATV,Czechia,INCINRT,81612.0
2004,EN_HAZ_TREATV,Denmark,LANDFIL,115162.0
2004,EN_HAZ_TREATV,Denmark,INCINRT_EGY,0.0
2004,EN_HAZ_TREATV,Denmark,INCINRT,93137.0
2006,EN_HAZ_TREATV,Denmark,INCINRT_EGY,84699.0
2006,EN_HAZ_TREATV,Denmark,INCINRT,0.0
2006,EN_HAZ_TREATV,Denmark,LANDFIL,163542.0
2008,EN_HAZ_TREATV,Denmark,INCINRT,0.0
2008,EN_HAZ_TREATV,Denmark,INCINRT_EGY,91978.0
2008,EN_HAZ_TREATV,Denmark,OTHERWM,0.0
2008,EN_HAZ_TREATV,Denmark,LANDFIL,169800.0
2010,EN_HAZ_TREATV,Denmark,OTHERWM,0.0
2010,EN_HAZ_TREATV,Denmark,INCINRT,0.0
2010,EN_HAZ_TREATV,Denmark,RECYCL,9500261.0
2010,EN_HAZ_TREATV,Denmark,INCINRT_EGY,167878.0
2010,EN_HAZ_TREATV,Denmark,LANDFIL,668190.0
2012,EN_HAZ_TREATV,Denmark,RECYCL,9687326.0
2012,EN_HAZ_TREATV,Denmark,OTHERWM,0.0
2012,EN_HAZ_TREATV,Denmark,LANDFIL,526737.0
2012,EN_HAZ_TREATV,Denmark,INCINRT_EGY,171171.0
2012,EN_HAZ_TREATV,Denmark,INCINRT,2701.0
2014,EN_HAZ_TREATV,Denmark,INCINRT,3293.0
2014,EN_HAZ_TREATV,Denmark,RECYCL,9641160.0
2014,EN_HAZ_TREATV,Denmark,INCINRT_EGY,199765.0
2014,EN_HAZ_TREATV,Denmark,LANDFIL,1031289.0
2014,EN_HAZ_TREATV,Denmark,OTHERWM,0.0
2016,EN_HAZ_TREATV,Denmark,RECYCL,9843189.0
2016,EN_HAZ_TREATV,Denmark,INCINRT_EGY,233738.0
2016,EN_HAZ_TREATV,Denmark,LANDFIL,1132336.0
2016,EN_HAZ_TREATV,Denmark,OTHERWM,0.0
2016,EN_HAZ_TREATV,Denmark,INCINRT,4109.0
2018,EN_HAZ_TREATV,Denmark,INCINRT,4386.0
2018,EN_HAZ_TREATV,Denmark,INCINRT_EGY,207608.0
2018,EN_HAZ_TREATV,Denmark,LANDFIL,139322.0
2018,EN_HAZ_TREATV,Denmark,RECYCL,10137059.0
2018,EN_HAZ_TREATV,Denmark,OTHERWM,788.0
2020,EN_HAZ_TREATV,Denmark,RECYCL,9334607.0
2020,EN_HAZ_TREATV,Denmark,INCINRT_EGY,217250.0
2020,EN_HAZ_TREATV,Denmark,LANDFIL,95687.0
2020,EN_HAZ_TREATV,Denmark,OTHERWM,830.0
2020,EN_HAZ_TREATV,Denmark,INCINRT,939.0
2004,EN_HAZ_TREATV,Estonia,INCINRT_EGY,44094.0
2004,EN_HAZ_TREATV,Estonia,LANDFIL,6643259.0
2004,EN_HAZ_TREATV,Estonia,INCINRT,477.0
2004,EN_HAZ_TREATV,Estonia,OTHERWM,298.0
2006,EN_HAZ_TREATV,Estonia,OTHERWM,221300.0
2006,EN_HAZ_TREATV,Estonia,LANDFIL,6315240.0
2006,EN_HAZ_TREATV,Estonia,INCINRT_EGY,32647.0
2006,EN_HAZ_TREATV,Estonia,INCINRT,40.0
2008,EN_HAZ_TREATV,Estonia,INCINRT,0.0
2008,EN_HAZ_TREATV,Estonia,OTHERWM,0.0
2008,EN_HAZ_TREATV,Estonia,LANDFIL,6429778.0
2008,EN_HAZ_TREATV,Estonia,INCINRT_EGY,36806.0
2010,EN_HAZ_TREATV,Estonia,INCINRT_EGY,15968.0
2010,EN_HAZ_TREATV,Estonia,OTHERWM,0.0
2010,EN_HAZ_TREATV,Estonia,LANDFIL,7979192.0
2010,EN_HAZ_TREATV,Estonia,RECYCL,143043.0
2010,EN_HAZ_TREATV,Estonia,INCINRT,0.0
2012,EN_HAZ_TREATV,Estonia,LANDFIL,7466476.0
2012,EN_HAZ_TREATV,Estonia,INCINRT_EGY,18666.0
2012,EN_HAZ_TREATV,Estonia,OTHERWM,0.0
2012,EN_HAZ_TREATV,Estonia,INCINRT,38.0
2012,EN_HAZ_TREATV,Estonia,RECYCL,22364.0
2014,EN_HAZ_TREATV,Estonia,LANDFIL,8983360.0
2014,EN_HAZ_TREATV,Estonia,RECYCL,3220.0
2014,EN_HAZ_TREATV,Estonia,INCINRT_EGY,15279.0
2014,EN_HAZ_TREATV,Estonia,OTHERWM,0.0
2014,EN_HAZ_TREATV,Estonia,INCINRT,20.0
2016,EN_HAZ_TREATV,Estonia,OTHERWM,0.0
2016,EN_HAZ_TREATV,Estonia,INCINRT,59.0
2016,EN_HAZ_TREATV,Estonia,INCINRT_EGY,12729.0
2016,EN_HAZ_TREATV,Estonia,LANDFIL,9232944.0
2016,EN_HAZ_TREATV,Estonia,RECYCL,2739.0
2018,EN_HAZ_TREATV,Estonia,INCINRT_EGY,16345.0
2018,EN_HAZ_TREATV,Estonia,LANDFIL,10068058.0
2018,EN_HAZ_TREATV,Estonia,OTHERWM,0.0
2018,EN_HAZ_TREATV,Estonia,INCINRT,43.0
2018,EN_HAZ_TREATV,Estonia,RECYCL,2667.0
2020,EN_HAZ_TREATV,Estonia,INCINRT,4.0
2020,EN_HAZ_TREATV,Estonia,OTHERWM,0.0
2020,EN_HAZ_TREATV,Estonia,LANDFIL,979835.0
2020,EN_HAZ_TREATV,Estonia,INCINRT_EGY,7004.0
2004,EN_HAZ_TREATV,Finland,OTHERWM,666.0
2004,EN_HAZ_TREATV,Finland,INCINRT_EGY,147958.0
2004,EN_HAZ_TREATV,Finland,INCINRT,93676.0
2004,EN_HAZ_TREATV,Finland,LANDFIL,1818793.0
2006,EN_HAZ_TREATV,Finland,INCINRT_EGY,91502.0
2006,EN_HAZ_TREATV,Finland,OTHERWM,54.0
2006,EN_HAZ_TREATV,Finland,LANDFIL,1738261.0
2006,EN_HAZ_TREATV,Finland,INCINRT,79679.0
2008,EN_HAZ_TREATV,Finland,INCINRT_EGY,57879.0
2008,EN_HAZ_TREATV,Finland,LANDFIL,1721934.0
2008,EN_HAZ_TREATV,Finland,OTHERWM,152.0
2008,EN_HAZ_TREATV,Finland,INCINRT,112686.0
2010,EN_HAZ_TREATV,Finland,RECYCL,245358.0
2010,EN_HAZ_TREATV,Finland,LANDFIL,877708.0
2010,EN_HAZ_TREATV,Finland,OTHERWM,4030.0
2010,EN_HAZ_TREATV,Finland,INCINRT_EGY,60107.0
2010,EN_HAZ_TREATV,Finland,INCINRT,141509.0
2012,EN_HAZ_TREATV,Finland,INCINRT_EGY,68000.0
2012,EN_HAZ_TREATV,Finland,OTHERWM,6565.0
2012,EN_HAZ_TREATV,Finland,LANDFIL,950554.0
2012,EN_HAZ_TREATV,Finland,RECYCL,454933.0
2012,EN_HAZ_TREATV,Finland,INCINRT,107476.0
2014,EN_HAZ_TREATV,Finland,LANDFIL,1551237.0
2014,EN_HAZ_TREATV,Finland,INCINRT_EGY,45705.0
2014,EN_HAZ_TREATV,Finland,RECYCL,411036.0
2014,EN_HAZ_TREATV,Finland,INCINRT,149463.0
2014,EN_HAZ_TREATV,Finland,OTHERWM,363431.0
2016,EN_HAZ_TREATV,Finland,OTHERWM,5239.0
2016,EN_HAZ_TREATV,Finland,INCINRT,42460.0
2016,EN_HAZ_TREATV,Finland,RECYCL,385016.0
2016,EN_HAZ_TREATV,Finland,LANDFIL,1723271.0
2016,EN_HAZ_TREATV,Finland,INCINRT_EGY,125313.0
2018,EN_HAZ_TREATV,Finland,LANDFIL,1329817.0
2018,EN_HAZ_TREATV,Finland,INCINRT,84304.0
2018,EN_HAZ_TREATV,Finland,OTHERWM,4012.0
2018,EN_HAZ_TREATV,Finland,INCINRT_EGY,94513.0
2018,EN_HAZ_TREATV,Finland,RECYCL,372532.0
2020,EN_HAZ_TREATV,Finland,INCINRT_EGY,116280.0
2020,EN_HAZ_TREATV,Finland,RECYCL,1819547.0
2020,EN_HAZ_TREATV,Finland,LANDFIL,2614967.0
2020,EN_HAZ_TREATV,Finland,OTHERWM,1515977.0
2020,EN_HAZ_TREATV,Finland,INCINRT,104023.0
2004,EN_HAZ_TREATV,France,INCINRT,37000.0
2004,EN_HAZ_TREATV,France,LANDFIL,1707000.0
2004,EN_HAZ_TREATV,France,INCINRT_EGY,2332000.0
2004,EN_HAZ_TREATV,France,OTHERWM,0.0
2006,EN_HAZ_TREATV,France,INCINRT,1220900.0
2006,EN_HAZ_TREATV,France,INCINRT_EGY,1630100.0
2006,EN_HAZ_TREATV,France,OTHERWM,300.0
2006,EN_HAZ_TREATV,France,LANDFIL,1769040.0
2008,EN_HAZ_TREATV,France,OTHERWM,0.0
2008,EN_HAZ_TREATV,France,LANDFIL,2120360.0
2008,EN_HAZ_TREATV,France,INCINRT_EGY,1042501.0
2008,EN_HAZ_TREATV,France,INCINRT,1228645.0
2010,EN_HAZ_TREATV,France,OTHERWM,0.0
2010,EN_HAZ_TREATV,France,INCINRT,1306167.0
2010,EN_HAZ_TREATV,France,RECYCL,26371.0
2010,EN_HAZ_TREATV,France,INCINRT_EGY,1083008.0
2010,EN_HAZ_TREATV,France,LANDFIL,2729389.0
2012,EN_HAZ_TREATV,France,INCINRT_EGY,1103481.0
2012,EN_HAZ_TREATV,France,OTHERWM,0.0
2012,EN_HAZ_TREATV,France,INCINRT,1422701.0
2012,EN_HAZ_TREATV,France,RECYCL,54660.0
2012,EN_HAZ_TREATV,France,LANDFIL,2838870.0
2014,EN_HAZ_TREATV,France,INCINRT,1520287.0
2014,EN_HAZ_TREATV,France,LANDFIL,2672055.0
2014,EN_HAZ_TREATV,France,RECYCL,44649.0
2014,EN_HAZ_TREATV,France,INCINRT_EGY,1046249.0
2014,EN_HAZ_TREATV,France,OTHERWM,0.0
2016,EN_HAZ_TREATV,France,OTHERWM,0.0
2016,EN_HAZ_TREATV,France,INCINRT,1514417.0
2016,EN_HAZ_TREATV,France,LANDFIL,2322485.0
2016,EN_HAZ_TREATV,France,INCINRT_EGY,1098465.0
2016,EN_HAZ_TREATV,France,RECYCL,55565.0
2018,EN_HAZ_TREATV,France,INCINRT_EGY,1110043.0
2018,EN_HAZ_TREATV,France,OTHERWM,0.0
2018,EN_HAZ_TREATV,France,LANDFIL,3285021.0
2018,EN_HAZ_TREATV,France,INCINRT,1778037.0
2018,EN_HAZ_TREATV,France,RECYCL,67651.0
2020,EN_HAZ_TREATV,France,INCINRT_EGY,1105699.0
2020,EN_HAZ_TREATV,France,RECYCL,88332.0
2020,EN_HAZ_TREATV,France,LANDFIL,2886539.0
2020,EN_HAZ_TREATV,France,INCINRT,1691252.0
2020,EN_HAZ_TREATV,France,OTHERWM,0.0
2004,EN_HAZ_TREATV,Georgia,RECYCL,0.0
2004,EN_HAZ_TREATV,Georgia,INCINRT,0.0
2004,EN_HAZ_TREATV,Georgia,LANDFIL,0.0
2005,EN_HAZ_TREATV,Georgia,LANDFIL,0.0
2005,EN_HAZ_TREATV,Georgia,RECYCL,0.0
2005,EN_HAZ_TREATV,Georgia,INCINRT,0.0
2004,EN_HAZ_TREATV,Germany,INCINRT_EGY,1741450.0
2004,EN_HAZ_TREATV,Germany,INCINRT,1436474.0
2004,EN_HAZ_TREATV,Germany,OTHERWM,809186.0
2004,EN_HAZ_TREATV,Germany,LANDFIL,5570009.0
2006,EN_HAZ_TREATV,Germany,OTHERWM,575094.0
2006,EN_HAZ_TREATV,Germany,INCINRT,1351419.0
2006,EN_HAZ_TREATV,Germany,INCINRT_EGY,1813661.0
2006,EN_HAZ_TREATV,Germany,LANDFIL,4826070.0
2008,EN_HAZ_TREATV,Germany,LANDFIL,5215311.0
2008,EN_HAZ_TREATV,Germany,OTHERWM,158200.0
2008,EN_HAZ_TREATV,Germany,INCINRT,1543961.0
2008,EN_HAZ_TREATV,Germany,INCINRT_EGY,2390370.0
2010,EN_HAZ_TREATV,Germany,INCINRT_EGY,2592474.0
2010,EN_HAZ_TREATV,Germany,OTHERWM,44315.0
2010,EN_HAZ_TREATV,Germany,INCINRT,1128772.0
2010,EN_HAZ_TREATV,Germany,RECYCL,933398.0
2010,EN_HAZ_TREATV,Germany,LANDFIL,3983980.0
2012,EN_HAZ_TREATV,Germany,RECYCL,1568605.0
2012,EN_HAZ_TREATV,Germany,INCINRT,1142653.0
2012,EN_HAZ_TREATV,Germany,LANDFIL,4863231.0
2012,EN_HAZ_TREATV,Germany,INCINRT_EGY,3169878.0
2012,EN_HAZ_TREATV,Germany,OTHERWM,24121.0
2014,EN_HAZ_TREATV,Germany,INCINRT_EGY,2788642.0
2014,EN_HAZ_TREATV,Germany,RECYCL,1316434.0
2014,EN_HAZ_TREATV,Germany,LANDFIL,4649719.0
2014,EN_HAZ_TREATV,Germany,OTHERWM,37402.0
2014,EN_HAZ_TREATV,Germany,INCINRT,1263306.0
2016,EN_HAZ_TREATV,Germany,LANDFIL,5215508.0
2016,EN_HAZ_TREATV,Germany,OTHERWM,40074.0
2016,EN_HAZ_TREATV,Germany,RECYCL,214601.0
2016,EN_HAZ_TREATV,Germany,INCINRT,1056183.0
2016,EN_HAZ_TREATV,Germany,INCINRT_EGY,2954075.0
2018,EN_HAZ_TREATV,Germany,OTHERWM,42420.0
2018,EN_HAZ_TREATV,Germany,LANDFIL,5800429.0
2018,EN_HAZ_TREATV,Germany,INCINRT,945280.0
2018,EN_HAZ_TREATV,Germany,INCINRT_EGY,3128166.0
2018,EN_HAZ_TREATV,Germany,RECYCL,615843.0
2020,EN_HAZ_TREATV,Germany,OTHERWM,16715.0
2020,EN_HAZ_TREATV,Germany,INCINRT,1040575.0
2020,EN_HAZ_TREATV,Germany,LANDFIL,5427389.0
2020,EN_HAZ_TREATV,Germany,INCINRT_EGY,3066914.0
2020,EN_HAZ_TREATV,Germany,RECYCL,487713.0
2004,EN_HAZ_TREATV,Greece,INCINRT_EGY,2979.0
2004,EN_HAZ_TREATV,Greece,LANDFIL,143971.0
2004,EN_HAZ_TREATV,Greece,OTHERWM,0.0
2004,EN_HAZ_TREATV,Greece,INCINRT,27.0
2006,EN_HAZ_TREATV,Greece,INCINRT,13404.0
2006,EN_HAZ_TREATV,Greece,INCINRT_EGY,7517.0
2006,EN_HAZ_TREATV,Greece,LANDFIL,33118.0
2006,EN_HAZ_TREATV,Greece,OTHERWM,0.0
2008,EN_HAZ_TREATV,Greece,LANDFIL,15748.0
2008,EN_HAZ_TREATV,Greece,OTHERWM,0.0
2008,EN_HAZ_TREATV,Greece,INCINRT,4449.0
2008,EN_HAZ_TREATV,Greece,INCINRT_EGY,7884.0
2010,EN_HAZ_TREATV,Greece,OTHERWM,112.0
2010,EN_HAZ_TREATV,Greece,INCINRT,3772.0
2010,EN_HAZ_TREATV,Greece,RECYCL,1618549.0
2010,EN_HAZ_TREATV,Greece,INCINRT_EGY,4020.0
2010,EN_HAZ_TREATV,Greece,LANDFIL,11910.0
2012,EN_HAZ_TREATV,Greece,INCINRT,3170.0
2012,EN_HAZ_TREATV,Greece,LANDFIL,16997.0
2012,EN_HAZ_TREATV,Greece,RECYCL,1612927.0
2012,EN_HAZ_TREATV,Greece,INCINRT_EGY,3006.0
2012,EN_HAZ_TREATV,Greece,OTHERWM,0.0
2014,EN_HAZ_TREATV,Greece,INCINRT_EGY,3211.0
2014,EN_HAZ_TREATV,Greece,OTHERWM,0.0
2014,EN_HAZ_TREATV,Greece,RECYCL,1658969.0
2014,EN_HAZ_TREATV,Greece,INCINRT,2937.0
2014,EN_HAZ_TREATV,Greece,LANDFIL,19303.0
2016,EN_HAZ_TREATV,Greece,INCINRT,4649.0
2016,EN_HAZ_TREATV,Greece,LANDFIL,0.0
2016,EN_HAZ_TREATV,Greece,OTHERWM,0.0
2016,EN_HAZ_TREATV,Greece,INCINRT_EGY,20632.0
2016,EN_HAZ_TREATV,Greece,RECYCL,1570261.0
2018,EN_HAZ_TREATV,Greece,INCINRT_EGY,26091.0
2018,EN_HAZ_TREATV,Greece,LANDFIL,16340.0
2018,EN_HAZ_TREATV,Greece,INCINRT,3845.0
2018,EN_HAZ_TREATV,Greece,OTHERWM,0.0
2018,EN_HAZ_TREATV,Greece,RECYCL,1629967.0
2020,EN_HAZ_TREATV,Greece,INCINRT,3478.0
2020,EN_HAZ_TREATV,Greece,OTHERWM,0.0
2020,EN_HAZ_TREATV,Greece,RECYCL,1555966.0
2020,EN_HAZ_TREATV,Greece,INCINRT_EGY,28375.0
2020,EN_HAZ_TREATV,Greece,LANDFIL,18790.0
2004,EN_HAZ_TREATV,Hungary,INCINRT,49226.0
2004,EN_HAZ_TREATV,Hungary,OTHERWM,0.0
2004,EN_HAZ_TREATV,Hungary,INCINRT_EGY,41153.0
2004,EN_HAZ_TREATV,Hungary,LANDFIL,81207.0
2006,EN_HAZ_TREATV,Hungary,LANDFIL,836448.0
2006,EN_HAZ_TREATV,Hungary,INCINRT_EGY,62467.0
2006,EN_HAZ_TREATV,Hungary,INCINRT,66784.0
2006,EN_HAZ_TREATV,Hungary,OTHERWM,0.0
2008,EN_HAZ_TREATV,Hungary,LANDFIL,215076.0
2008,EN_HAZ_TREATV,Hungary,INCINRT_EGY,39591.0
2008,EN_HAZ_TREATV,Hungary,INCINRT,59036.0
2008,EN_HAZ_TREATV,Hungary,OTHERWM,0.0
2010,EN_HAZ_TREATV,Hungary,INCINRT,69452.0
2010,EN_HAZ_TREATV,Hungary,INCINRT_EGY,25670.0
2010,EN_HAZ_TREATV,Hungary,LANDFIL,87068.0
2010,EN_HAZ_TREATV,Hungary,OTHERWM,0.0
2010,EN_HAZ_TREATV,Hungary,RECYCL,73.0
2012,EN_HAZ_TREATV,Hungary,INCINRT,76829.0
2012,EN_HAZ_TREATV,Hungary,LANDFIL,155827.0
2012,EN_HAZ_TREATV,Hungary,RECYCL,0.0
2012,EN_HAZ_TREATV,Hungary,INCINRT_EGY,19699.0
2012,EN_HAZ_TREATV,Hungary,OTHERWM,0.0
2014,EN_HAZ_TREATV,Hungary,INCINRT,81181.0
2014,EN_HAZ_TREATV,Hungary,LANDFIL,85563.0
2014,EN_HAZ_TREATV,Hungary,RECYCL,0.0
2014,EN_HAZ_TREATV,Hungary,INCINRT_EGY,21541.0
2014,EN_HAZ_TREATV,Hungary,OTHERWM,0.0
2016,EN_HAZ_TREATV,Hungary,OTHERWM,0.0
2016,EN_HAZ_TREATV,Hungary,RECYCL,0.0
2016,EN_HAZ_TREATV,Hungary,INCINRT_EGY,24876.0
2016,EN_HAZ_TREATV,Hungary,INCINRT,74222.0
2016,EN_HAZ_TREATV,Hungary,LANDFIL,69187.0
2018,EN_HAZ_TREATV,Hungary,INCINRT,75073.0
2018,EN_HAZ_TREATV,Hungary,INCINRT_EGY,36893.0
2018,EN_HAZ_TREATV,Hungary,LANDFIL,87704.0
2018,EN_HAZ_TREATV,Hungary,OTHERWM,0.0
2018,EN_HAZ_TREATV,Hungary,RECYCL,0.0
2020,EN_HAZ_TREATV,Hungary,OTHERWM,0.0
2020,EN_HAZ_TREATV,Hungary,LANDFIL,96313.0
2020,EN_HAZ_TREATV,Hungary,RECYCL,0.0
2020,EN_HAZ_TREATV,Hungary,INCINRT,78516.0
2020,EN_HAZ_TREATV,Hungary,INCINRT_EGY,35025.0
2004,EN_HAZ_TREATV,Iceland,LANDFIL,2000.0
2004,EN_HAZ_TREATV,Iceland,INCINRT_EGY,4500.0
2004,EN_HAZ_TREATV,Iceland,OTHERWM,0.0
2004,EN_HAZ_TREATV,Iceland,INCINRT,4500.0
2008,EN_HAZ_TREATV,Iceland,LANDFIL,129039.0
2008,EN_HAZ_TREATV,Iceland,INCINRT_EGY,729.0
2008,EN_HAZ_TREATV,Iceland,INCINRT,0.0
2008,EN_HAZ_TREATV,Iceland,OTHERWM,0.0
2010,EN_HAZ_TREATV,Iceland,OTHERWM,0.0
2010,EN_HAZ_TREATV,Iceland,LANDFIL,1386.0
2010,EN_HAZ_TREATV,Iceland,INCINRT_EGY,187.0
2010,EN_HAZ_TREATV,Iceland,INCINRT,0.0
2012,EN_HAZ_TREATV,Iceland,LANDFIL,758.0
2012,EN_HAZ_TREATV,Iceland,INCINRT_EGY,132.0
2012,EN_HAZ_TREATV,Iceland,INCINRT,0.0
2012,EN_HAZ_TREATV,Iceland,OTHERWM,0.0
2014,EN_HAZ_TREATV,Iceland,OTHERWM,0.0
2014,EN_HAZ_TREATV,Iceland,LANDFIL,10106.0
2014,EN_HAZ_TREATV,Iceland,INCINRT_EGY,1303.0
2014,EN_HAZ_TREATV,Iceland,INCINRT,732.0
2016,EN_HAZ_TREATV,Iceland,LANDFIL,26531.0
2016,EN_HAZ_TREATV,Iceland,INCINRT_EGY,2358.0
2016,EN_HAZ_TREATV,Iceland,OTHERWM,0.0
2016,EN_HAZ_TREATV,Iceland,INCINRT,1352.0
2018,EN_HAZ_TREATV,Iceland,INCINRT,1277.0
2018,EN_HAZ_TREATV,Iceland,OTHERWM,810.0
2018,EN_HAZ_TREATV,Iceland,INCINRT_EGY,8.0
2018,EN_HAZ_TREATV,Iceland,LANDFIL,13490.0
2000,EN_HAZ_TREATV,India,INCINRT,118941.0
2000,EN_HAZ_TREATV,India,RECYCL,1429281.0
2000,EN_HAZ_TREATV,India,LANDFIL,5250173.0
2008,EN_HAZ_TREATV,India,RECYCL,3088387.0
2008,EN_HAZ_TREATV,India,LANDFIL,2728326.0
2008,EN_HAZ_TREATV,India,INCINRT,415794.0
2011,EN_HAZ_TREATV,India,RECYCL,3980639.0
2011,EN_HAZ_TREATV,India,LANDFIL,3321147.0
2011,EN_HAZ_TREATV,India,INCINRT,601842.0
2012,EN_HAZ_TREATV,India,LANDFIL,1997733.0
2012,EN_HAZ_TREATV,India,INCINRT,92954.0
2014,EN_HAZ_TREATV,India,INCINRT,803549.0
2014,EN_HAZ_TREATV,India,LANDFIL,3364549.0
2014,EN_HAZ_TREATV,India,RECYCL,3254904.0
2015,EN_HAZ_TREATV,India,LANDFIL,3821571.0
2015,EN_HAZ_TREATV,India,RECYCL,3152023.0
2015,EN_HAZ_TREATV,India,INCINRT,829923.0
2016,EN_HAZ_TREATV,India,LANDFIL,1792714.0
2016,EN_HAZ_TREATV,India,RECYCL,1092050.2
2016,EN_HAZ_TREATV,India,OTHERWM,1523239.27
2016,EN_HAZ_TREATV,India,INCINRT,241173.874
2017,EN_HAZ_TREATV,India,INCINRT_EGY,23066.0
2017,EN_HAZ_TREATV,India,LANDFIL,2563267.0
2017,EN_HAZ_TREATV,India,OTHERWM,2677462.0
2017,EN_HAZ_TREATV,India,INCINRT,279502.0
2017,EN_HAZ_TREATV,India,RECYCL,1000535.0
2018,EN_HAZ_TREATV,India,OTHERWM,3634192.0
2018,EN_HAZ_TREATV,India,INCINRT,160345.57
2018,EN_HAZ_TREATV,India,RECYCL,1216547.0
2018,EN_HAZ_TREATV,India,LANDFIL,1930754.34
2019,EN_HAZ_TREATV,India,OTHERWM,3512984.0
2019,EN_HAZ_TREATV,India,LANDFIL,3063950.0
2019,EN_HAZ_TREATV,India,RECYCL,1295738.0
2019,EN_HAZ_TREATV,India,INCINRT,308377.0
2004,EN_HAZ_TREATV,Ireland,OTHERWM,0.0
2004,EN_HAZ_TREATV,Ireland,INCINRT,37303.0
2004,EN_HAZ_TREATV,Ireland,INCINRT_EGY,6025.0
2004,EN_HAZ_TREATV,Ireland,LANDFIL,13675.0
2006,EN_HAZ_TREATV,Ireland,LANDFIL,13790.0
2006,EN_HAZ_TREATV,Ireland,INCINRT,35121.0
2006,EN_HAZ_TREATV,Ireland,INCINRT_EGY,9919.0
2006,EN_HAZ_TREATV,Ireland,OTHERWM,24.0
2008,EN_HAZ_TREATV,Ireland,INCINRT,20897.0
2008,EN_HAZ_TREATV,Ireland,LANDFIL,12583.0
2008,EN_HAZ_TREATV,Ireland,INCINRT_EGY,36297.0
2008,EN_HAZ_TREATV,Ireland,OTHERWM,1.0
2010,EN_HAZ_TREATV,Ireland,INCINRT_EGY,44605.0
2010,EN_HAZ_TREATV,Ireland,OTHERWM,0.0
2010,EN_HAZ_TREATV,Ireland,RECYCL,88500.0
2010,EN_HAZ_TREATV,Ireland,LANDFIL,21011.0
2010,EN_HAZ_TREATV,Ireland,INCINRT,19676.0
2012,EN_HAZ_TREATV,Ireland,LANDFIL,15853.0
2012,EN_HAZ_TREATV,Ireland,INCINRT,13386.0
2012,EN_HAZ_TREATV,Ireland,OTHERWM,0.0
2012,EN_HAZ_TREATV,Ireland,INCINRT_EGY,17508.0
2012,EN_HAZ_TREATV,Ireland,RECYCL,84931.0
2014,EN_HAZ_TREATV,Ireland,OTHERWM,19200.0
2014,EN_HAZ_TREATV,Ireland,LANDFIL,37741.0
2014,EN_HAZ_TREATV,Ireland,INCINRT_EGY,32436.0
2014,EN_HAZ_TREATV,Ireland,RECYCL,89564.0
2014,EN_HAZ_TREATV,Ireland,INCINRT,13121.0
2016,EN_HAZ_TREATV,Ireland,RECYCL,394126.0
2016,EN_HAZ_TREATV,Ireland,INCINRT,7488.0
2016,EN_HAZ_TREATV,Ireland,LANDFIL,19120.0
2016,EN_HAZ_TREATV,Ireland,INCINRT_EGY,34932.0
2016,EN_HAZ_TREATV,Ireland,OTHERWM,816.0
2018,EN_HAZ_TREATV,Ireland,RECYCL,453667.0
2018,EN_HAZ_TREATV,Ireland,OTHERWM,0.0
2018,EN_HAZ_TREATV,Ireland,INCINRT_EGY,71825.0
2018,EN_HAZ_TREATV,Ireland,INCINRT,6846.0
2018,EN_HAZ_TREATV,Ireland,LANDFIL,15014.0
2020,EN_HAZ_TREATV,Ireland,RECYCL,418032.0
2000,EN_HAZ_TREATV,Israel,OTHERWM,18882.75977
2001,EN_HAZ_TREATV,Israel,OTHERWM,37200.0
2002,EN_HAZ_TREATV,Israel,OTHERWM,26000.0
2003,EN_HAZ_TREATV,Israel,OTHERWM,87000.0
2004,EN_HAZ_TREATV,Israel,OTHERWM,123000.0
2005,EN_HAZ_TREATV,Israel,OTHERWM,115000.0
2006,EN_HAZ_TREATV,Israel,OTHERWM,119400.0
2007,EN_HAZ_TREATV,Israel,OTHERWM,95700.0
2008,EN_HAZ_TREATV,Israel,OTHERWM,125000.0
2004,EN_HAZ_TREATV,Italy,INCINRT,539697.0
2004,EN_HAZ_TREATV,Italy,LANDFIL,615182.0
2004,EN_HAZ_TREATV,Italy,OTHERWM,0.0
2004,EN_HAZ_TREATV,Italy,INCINRT_EGY,189364.0
2006,EN_HAZ_TREATV,Italy,INCINRT_EGY,133011.0
2006,EN_HAZ_TREATV,Italy,INCINRT,506582.0
2006,EN_HAZ_TREATV,Italy,LANDFIL,518527.0
2006,EN_HAZ_TREATV,Italy,OTHERWM,0.0
2008,EN_HAZ_TREATV,Italy,OTHERWM,0.0
2008,EN_HAZ_TREATV,Italy,INCINRT_EGY,143783.0
2008,EN_HAZ_TREATV,Italy,INCINRT,448750.0
2008,EN_HAZ_TREATV,Italy,LANDFIL,690629.0
2010,EN_HAZ_TREATV,Italy,LANDFIL,736999.0
2010,EN_HAZ_TREATV,Italy,INCINRT_EGY,120836.0
2010,EN_HAZ_TREATV,Italy,RECYCL,14552.0
2010,EN_HAZ_TREATV,Italy,INCINRT,382719.0
2010,EN_HAZ_TREATV,Italy,OTHERWM,0.0
2012,EN_HAZ_TREATV,Italy,INCINRT_EGY,164144.0
2012,EN_HAZ_TREATV,Italy,INCINRT,393680.0
2012,EN_HAZ_TREATV,Italy,LANDFIL,1063650.0
2012,EN_HAZ_TREATV,Italy,OTHERWM,0.0
2012,EN_HAZ_TREATV,Italy,RECYCL,7652.0
2014,EN_HAZ_TREATV,Italy,OTHERWM,0.0
2014,EN_HAZ_TREATV,Italy,LANDFIL,1268619.0
2014,EN_HAZ_TREATV,Italy,RECYCL,14616.0
2014,EN_HAZ_TREATV,Italy,INCINRT_EGY,76739.0
2014,EN_HAZ_TREATV,Italy,INCINRT,407142.0
2016,EN_HAZ_TREATV,Italy,RECYCL,12397.0
2016,EN_HAZ_TREATV,Italy,OTHERWM,0.0
2016,EN_HAZ_TREATV,Italy,LANDFIL,1289000.0
2016,EN_HAZ_TREATV,Italy,INCINRT_EGY,123032.0
2016,EN_HAZ_TREATV,Italy,INCINRT,374739.0
2018,EN_HAZ_TREATV,Italy,LANDFIL,1280412.0
2018,EN_HAZ_TREATV,Italy,INCINRT,424890.0
2018,EN_HAZ_TREATV,Italy,RECYCL,15504.0
2018,EN_HAZ_TREATV,Italy,OTHERWM,0.0
2018,EN_HAZ_TREATV,Italy,INCINRT_EGY,113443.0
2020,EN_HAZ_TREATV,Italy,RECYCL,21044.0
2020,EN_HAZ_TREATV,Italy,INCINRT,383737.0
2020,EN_HAZ_TREATV,Italy,INCINRT_EGY,145172.0
2020,EN_HAZ_TREATV,Italy,LANDFIL,1315206.0
2020,EN_HAZ_TREATV,Italy,OTHERWM,0.0
2004,EN_HAZ_TREATV,Kazakhstan,INCINRT,91314.0
2004,EN_HAZ_TREATV,Kazakhstan,LANDFIL,170632.29688
2004,EN_HAZ_TREATV,Kazakhstan,OTHERWM,10461900.0
2004,EN_HAZ_TREATV,Kazakhstan,RECYCL,17680272.0
2005,EN_HAZ_TREATV,Kazakhstan,LANDFIL,104829.99219
2005,EN_HAZ_TREATV,Kazakhstan,OTHERWM,6427427.0
2005,EN_HAZ_TREATV,Kazakhstan,INCINRT,56099.83594
2005,EN_HAZ_TREATV,Kazakhstan,RECYCL,10862084.0
2006,EN_HAZ_TREATV,Kazakhstan,LANDFIL,365585.53125
2006,EN_HAZ_TREATV,Kazakhstan,INCINRT,195643.32813
2006,EN_HAZ_TREATV,Kazakhstan,RECYCL,37880576.0
2006,EN_HAZ_TREATV,Kazakhstan,OTHERWM,22414692.0
2007,EN_HAZ_TREATV,Kazakhstan,INCINRT,1227241.875
2007,EN_HAZ_TREATV,Kazakhstan,OTHERWM,42712852.0
2007,EN_HAZ_TREATV,Kazakhstan,LANDFIL,2168479.75
2007,EN_HAZ_TREATV,Kazakhstan,RECYCL,237619312.0
2008,EN_HAZ_TREATV,Kazakhstan,RECYCL,280732896.0
2008,EN_HAZ_TREATV,Kazakhstan,INCINRT,1449912.25
2008,EN_HAZ_TREATV,Kazakhstan,OTHERWM,85110312.0
2008,EN_HAZ_TREATV,Kazakhstan,LANDFIL,2561928.0
2009,EN_HAZ_TREATV,Kazakhstan,LANDFIL,570977.0
2009,EN_HAZ_TREATV,Kazakhstan,OTHERWM,46028780.0
2009,EN_HAZ_TREATV,Kazakhstan,RECYCL,59162456.0
2009,EN_HAZ_TREATV,Kazakhstan,INCINRT,305558.6875
2010,EN_HAZ_TREATV,Kazakhstan,LANDFIL,4484692.0
2010,EN_HAZ_TREATV,Kazakhstan,INCINRT,648117.5
2010,EN_HAZ_TREATV,Kazakhstan,RECYCL,19586874.0
2010,EN_HAZ_TREATV,Kazakhstan,OTHERWM,60562972.0
2011,EN_HAZ_TREATV,Kazakhstan,LANDFIL,8948527.0
2011,EN_HAZ_TREATV,Kazakhstan,OTHERWM,53548652.0
2011,EN_HAZ_TREATV,Kazakhstan,INCINRT,577116.8125
2011,EN_HAZ_TREATV,Kazakhstan,RECYCL,45027776.0
2012,EN_HAZ_TREATV,Kazakhstan,LANDFIL,980434.9375
2012,EN_HAZ_TREATV,Kazakhstan,INCINRT,908047.25
2012,EN_HAZ_TREATV,Kazakhstan,OTHERWM,30235016.0
2012,EN_HAZ_TREATV,Kazakhstan,RECYCL,94720088.0
2012,EN_HAZ_TREATV,Kazakhstan,INCINRT_EGY,50469.28125
2013,EN_HAZ_TREATV,Kazakhstan,OTHERWM,92899440.0
2013,EN_HAZ_TREATV,Kazakhstan,RECYCL,81826296.0
2013,EN_HAZ_TREATV,Kazakhstan,INCINRT,511195.25
2013,EN_HAZ_TREATV,Kazakhstan,LANDFIL,484519.59375
2013,EN_HAZ_TREATV,Kazakhstan,INCINRT_EGY,20354.35156
2014,EN_HAZ_TREATV,Kazakhstan,OTHERWM,20470682.0
2014,EN_HAZ_TREATV,Kazakhstan,RECYCL,110138368.0
2014,EN_HAZ_TREATV,Kazakhstan,LANDFIL,581783.6875
2014,EN_HAZ_TREATV,Kazakhstan,INCINRT_EGY,75677.98438
2014,EN_HAZ_TREATV,Kazakhstan,INCINRT,416856.03125
2015,EN_HAZ_TREATV,Kazakhstan,RECYCL,74131552.0
2015,EN_HAZ_TREATV,Kazakhstan,INCINRT,421800.03125
2015,EN_HAZ_TREATV,Kazakhstan,LANDFIL,676513.875
2015,EN_HAZ_TREATV,Kazakhstan,INCINRT_EGY,38929.85156
2015,EN_HAZ_TREATV,Kazakhstan,OTHERWM,11139415.0
2016,EN_HAZ_TREATV,Kazakhstan,INCINRT_EGY,50459.4375
2016,EN_HAZ_TREATV,Kazakhstan,INCINRT,378135.65625
2016,EN_HAZ_TREATV,Kazakhstan,OTHERWM,18873426.0
2016,EN_HAZ_TREATV,Kazakhstan,LANDFIL,679065.1875
2016,EN_HAZ_TREATV,Kazakhstan,RECYCL,33279666.0
2017,EN_HAZ_TREATV,Kazakhstan,LANDFIL,454900.0
2017,EN_HAZ_TREATV,Kazakhstan,INCINRT,384536.90625
2017,EN_HAZ_TREATV,Kazakhstan,INCINRT_EGY,128863.5
2017,EN_HAZ_TREATV,Kazakhstan,RECYCL,190401152.0
2017,EN_HAZ_TREATV,Kazakhstan,OTHERWM,208317504.0
2018,EN_HAZ_TREATV,Kazakhstan,INCINRT_EGY,137908.70313
2018,EN_HAZ_TREATV,Kazakhstan,LANDFIL,21854200.0
2018,EN_HAZ_TREATV,Kazakhstan,OTHERWM,484694784.0
2018,EN_HAZ_TREATV,Kazakhstan,INCINRT,367620.40625
2018,EN_HAZ_TREATV,Kazakhstan,RECYCL,29625610.0
2019,EN_HAZ_TREATV,Kazakhstan,INCINRT_EGY,99202.64844
2019,EN_HAZ_TREATV,Kazakhstan,OTHERWM,333937408.0
2019,EN_HAZ_TREATV,Kazakhstan,LANDFIL,26465500.0
2019,EN_HAZ_TREATV,Kazakhstan,RECYCL,36087352.0
2019,EN_HAZ_TREATV,Kazakhstan,INCINRT,557954.8125
2000,EN_HAZ_TREATV,Kyrgyzstan,RECYCL,4011426.0
2001,EN_HAZ_TREATV,Kyrgyzstan,RECYCL,35.0
2002,EN_HAZ_TREATV,Kyrgyzstan,RECYCL,39.0
2003,EN_HAZ_TREATV,Kyrgyzstan,RECYCL,5327.0
2004,EN_HAZ_TREATV,Kyrgyzstan,RECYCL,307.0
2005,EN_HAZ_TREATV,Kyrgyzstan,RECYCL,1555.0
2006,EN_HAZ_TREATV,Kyrgyzstan,RECYCL,1258.0
2007,EN_HAZ_TREATV,Kyrgyzstan,RECYCL,7909705.0
2008,EN_HAZ_TREATV,Kyrgyzstan,RECYCL,3006.0
2009,EN_HAZ_TREATV,Kyrgyzstan,RECYCL,19342756.0
2010,EN_HAZ_TREATV,Kyrgyzstan,RECYCL,187180.79688
2011,EN_HAZ_TREATV,Kyrgyzstan,RECYCL,82317.14063
2012,EN_HAZ_TREATV,Kyrgyzstan,RECYCL,53942.76953
2013,EN_HAZ_TREATV,Kyrgyzstan,RECYCL,3131828.75
2014,EN_HAZ_TREATV,Kyrgyzstan,RECYCL,4983976.0
2015,EN_HAZ_TREATV,Kyrgyzstan,RECYCL,4950896.5
2016,EN_HAZ_TREATV,Kyrgyzstan,INCINRT,4046918.25
2016,EN_HAZ_TREATV,Kyrgyzstan,RECYCL,11410.20508
2017,EN_HAZ_TREATV,Kyrgyzstan,INCINRT,5067700.5
2017,EN_HAZ_TREATV,Kyrgyzstan,RECYCL,18566.4082
2004,EN_HAZ_TREATV,Latvia,OTHERWM,0.0
2004,EN_HAZ_TREATV,Latvia,INCINRT,322.0
2004,EN_HAZ_TREATV,Latvia,INCINRT_EGY,17386.0
2004,EN_HAZ_TREATV,Latvia,LANDFIL,726.0
2006,EN_HAZ_TREATV,Latvia,INCINRT_EGY,6429.0
2006,EN_HAZ_TREATV,Latvia,INCINRT,940.0
2006,EN_HAZ_TREATV,Latvia,LANDFIL,705.0
2006,EN_HAZ_TREATV,Latvia,OTHERWM,0.0
2008,EN_HAZ_TREATV,Latvia,INCINRT_EGY,6670.0
2008,EN_HAZ_TREATV,Latvia,LANDFIL,1115.0
2008,EN_HAZ_TREATV,Latvia,INCINRT,311.0
2008,EN_HAZ_TREATV,Latvia,OTHERWM,44.0
2010,EN_HAZ_TREATV,Latvia,LANDFIL,5563.0
2010,EN_HAZ_TREATV,Latvia,OTHERWM,6.0
2010,EN_HAZ_TREATV,Latvia,RECYCL,42850.0
2010,EN_HAZ_TREATV,Latvia,INCINRT,212.0
2010,EN_HAZ_TREATV,Latvia,INCINRT_EGY,3477.0
2012,EN_HAZ_TREATV,Latvia,INCINRT_EGY,2678.0
2012,EN_HAZ_TREATV,Latvia,LANDFIL,3378.0
2012,EN_HAZ_TREATV,Latvia,RECYCL,45540.0
2012,EN_HAZ_TREATV,Latvia,INCINRT,15.0
2012,EN_HAZ_TREATV,Latvia,OTHERWM,0.0
2014,EN_HAZ_TREATV,Latvia,INCINRT_EGY,12119.0
2014,EN_HAZ_TREATV,Latvia,LANDFIL,6681.0
2014,EN_HAZ_TREATV,Latvia,RECYCL,35181.0
2014,EN_HAZ_TREATV,Latvia,INCINRT,11.0
2014,EN_HAZ_TREATV,Latvia,OTHERWM,0.0
2016,EN_HAZ_TREATV,Latvia,OTHERWM,0.0
2016,EN_HAZ_TREATV,Latvia,RECYCL,46097.0
2016,EN_HAZ_TREATV,Latvia,INCINRT,9.0
2016,EN_HAZ_TREATV,Latvia,INCINRT_EGY,3227.0
2016,EN_HAZ_TREATV,Latvia,LANDFIL,1610.0
2018,EN_HAZ_TREATV,Latvia,OTHERWM,28.0
2018,EN_HAZ_TREATV,Latvia,INCINRT_EGY,19362.0
2018,EN_HAZ_TREATV,Latvia,INCINRT,154.0
2018,EN_HAZ_TREATV,Latvia,LANDFIL,3190.0
2018,EN_HAZ_TREATV,Latvia,RECYCL,48488.0
2020,EN_HAZ_TREATV,Latvia,RECYCL,73855.0
2020,EN_HAZ_TREATV,Latvia,INCINRT_EGY,12470.0
2020,EN_HAZ_TREATV,Latvia,INCINRT,8.0
2020,EN_HAZ_TREATV,Latvia,LANDFIL,3048.0
2020,EN_HAZ_TREATV,Latvia,OTHERWM,0.0
2004,EN_HAZ_TREATV,Liechtenstein,INCINRT_EGY,68126.0
2006,EN_HAZ_TREATV,Liechtenstein,INCINRT_EGY,85670.0
2008,EN_HAZ_TREATV,Liechtenstein,INCINRT_EGY,112812.0
2010,EN_HAZ_TREATV,Liechtenstein,RECYCL,574162.0
2010,EN_HAZ_TREATV,Liechtenstein,INCINRT_EGY,332208.0
2012,EN_HAZ_TREATV,Liechtenstein,RECYCL,208234.0
2012,EN_HAZ_TREATV,Liechtenstein,INCINRT_EGY,256529.0
2014,EN_HAZ_TREATV,Liechtenstein,RECYCL,415809.0
2014,EN_HAZ_TREATV,Liechtenstein,INCINRT_EGY,282575.0
2016,EN_HAZ_TREATV,Liechtenstein,INCINRT_EGY,257705.0
2016,EN_HAZ_TREATV,Liechtenstein,RECYCL,359224.0
2018,EN_HAZ_TREATV,Liechtenstein,INCINRT_EGY,261120.0
2018,EN_HAZ_TREATV,Liechtenstein,RECYCL,399306.0
2020,EN_HAZ_TREATV,Liechtenstein,RECYCL,318718.0
2020,EN_HAZ_TREATV,Liechtenstein,INCINRT_EGY,265987.0
2004,EN_HAZ_TREATV,Lithuania,OTHERWM,8984.0
2004,EN_HAZ_TREATV,Lithuania,LANDFIL,23272.0
2004,EN_HAZ_TREATV,Lithuania,INCINRT,1866.0
2004,EN_HAZ_TREATV,Lithuania,INCINRT_EGY,1316.0
2006,EN_HAZ_TREATV,Lithuania,INCINRT_EGY,5859.0
2006,EN_HAZ_TREATV,Lithuania,INCINRT,3070.0
2006,EN_HAZ_TREATV,Lithuania,OTHERWM,0.0
2006,EN_HAZ_TREATV,Lithuania,LANDFIL,1810.0
2008,EN_HAZ_TREATV,Lithuania,OTHERWM,0.0
2008,EN_HAZ_TREATV,Lithuania,INCINRT_EGY,257.0
2008,EN_HAZ_TREATV,Lithuania,INCINRT,693.0
2008,EN_HAZ_TREATV,Lithuania,LANDFIL,2343.0
2010,EN_HAZ_TREATV,Lithuania,INCINRT_EGY,0.0
2010,EN_HAZ_TREATV,Lithuania,OTHERWM,0.0
2010,EN_HAZ_TREATV,Lithuania,LANDFIL,4523.0
2010,EN_HAZ_TREATV,Lithuania,RECYCL,2941.0
2010,EN_HAZ_TREATV,Lithuania,INCINRT,1480.0
2012,EN_HAZ_TREATV,Lithuania,RECYCL,1640.0
2012,EN_HAZ_TREATV,Lithuania,OTHERWM,8238.0
2012,EN_HAZ_TREATV,Lithuania,LANDFIL,23687.0
2012,EN_HAZ_TREATV,Lithuania,INCINRT_EGY,0.0
2012,EN_HAZ_TREATV,Lithuania,INCINRT,1019.0
2014,EN_HAZ_TREATV,Lithuania,RECYCL,2644.0
2014,EN_HAZ_TREATV,Lithuania,LANDFIL,18344.0
2014,EN_HAZ_TREATV,Lithuania,OTHERWM,176.0
2014,EN_HAZ_TREATV,Lithuania,INCINRT_EGY,0.0
2014,EN_HAZ_TREATV,Lithuania,INCINRT,1932.0
2016,EN_HAZ_TREATV,Lithuania,RECYCL,3303.0
2016,EN_HAZ_TREATV,Lithuania,LANDFIL,10441.0
2016,EN_HAZ_TREATV,Lithuania,INCINRT,617.0
2016,EN_HAZ_TREATV,Lithuania,OTHERWM,0.0
2016,EN_HAZ_TREATV,Lithuania,INCINRT_EGY,4024.0
2018,EN_HAZ_TREATV,Lithuania,OTHERWM,0.0
2018,EN_HAZ_TREATV,Lithuania,INCINRT_EGY,5198.0
2018,EN_HAZ_TREATV,Lithuania,INCINRT,727.0
2018,EN_HAZ_TREATV,Lithuania,RECYCL,9372.0
2018,EN_HAZ_TREATV,Lithuania,LANDFIL,18677.0
2020,EN_HAZ_TREATV,Lithuania,LANDFIL,28819.0
2020,EN_HAZ_TREATV,Lithuania,INCINRT_EGY,6647.0
2020,EN_HAZ_TREATV,Lithuania,OTHERWM,0.0
2020,EN_HAZ_TREATV,Lithuania,RECYCL,14019.0
2020,EN_HAZ_TREATV,Lithuania,INCINRT,1970.0
2004,EN_HAZ_TREATV,Luxembourg,OTHERWM,0.0
2004,EN_HAZ_TREATV,Luxembourg,LANDFIL,0.0
2004,EN_HAZ_TREATV,Luxembourg,INCINRT,0.0
2006,EN_HAZ_TREATV,Luxembourg,OTHERWM,0.0
2006,EN_HAZ_TREATV,Luxembourg,INCINRT,0.0
2006,EN_HAZ_TREATV,Luxembourg,LANDFIL,0.0
2008,EN_HAZ_TREATV,Luxembourg,LANDFIL,0.0
2008,EN_HAZ_TREATV,Luxembourg,OTHERWM,0.0
2010,EN_HAZ_TREATV,Luxembourg,OTHERWM,0.0
2010,EN_HAZ_TREATV,Luxembourg,RECYCL,191809.0
2010,EN_HAZ_TREATV,Luxembourg,LANDFIL,0.0
2010,EN_HAZ_TREATV,Luxembourg,INCINRT_EGY,331.0
2010,EN_HAZ_TREATV,Luxembourg,INCINRT,0.0
2012,EN_HAZ_TREATV,Luxembourg,LANDFIL,0.0
2012,EN_HAZ_TREATV,Luxembourg,INCINRT,11.0
2012,EN_HAZ_TREATV,Luxembourg,INCINRT_EGY,341.0
2012,EN_HAZ_TREATV,Luxembourg,OTHERWM,0.0
2012,EN_HAZ_TREATV,Luxembourg,RECYCL,124456.0
2014,EN_HAZ_TREATV,Luxembourg,LANDFIL,0.0
2014,EN_HAZ_TREATV,Luxembourg,INCINRT_EGY,35199.0
2014,EN_HAZ_TREATV,Luxembourg,INCINRT,0.0
2014,EN_HAZ_TREATV,Luxembourg,RECYCL,184295.0
2014,EN_HAZ_TREATV,Luxembourg,OTHERWM,0.0
2016,EN_HAZ_TREATV,Luxembourg,LANDFIL,7.0
2016,EN_HAZ_TREATV,Luxembourg,OTHERWM,0.0
2016,EN_HAZ_TREATV,Luxembourg,INCINRT,11.0
2016,EN_HAZ_TREATV,Luxembourg,INCINRT_EGY,42561.0
2016,EN_HAZ_TREATV,Luxembourg,RECYCL,173375.0
2018,EN_HAZ_TREATV,Luxembourg,LANDFIL,0.0
2018,EN_HAZ_TREATV,Luxembourg,INCINRT_EGY,46686.0
2018,EN_HAZ_TREATV,Luxembourg,OTHERWM,0.0
2018,EN_HAZ_TREATV,Luxembourg,RECYCL,184336.0
2018,EN_HAZ_TREATV,Luxembourg,INCINRT,0.0
2020,EN_HAZ_TREATV,Luxembourg,INCINRT,7.0
2020,EN_HAZ_TREATV,Luxembourg,LANDFIL,0.0
2020,EN_HAZ_TREATV,Luxembourg,RECYCL,211348.0
2020,EN_HAZ_TREATV,Luxembourg,INCINRT_EGY,61776.0
2020,EN_HAZ_TREATV,Luxembourg,OTHERWM,0.0
2004,EN_HAZ_TREATV,Malta,OTHERWM,0.0
2004,EN_HAZ_TREATV,Malta,INCINRT,0.0
2004,EN_HAZ_TREATV,Malta,LANDFIL,0.0
2004,EN_HAZ_TREATV,Malta,INCINRT_EGY,0.0
2006,EN_HAZ_TREATV,Malta,LANDFIL,0.0
2006,EN_HAZ_TREATV,Malta,INCINRT,0.0
2006,EN_HAZ_TREATV,Malta,OTHERWM,0.0
2006,EN_HAZ_TREATV,Malta,INCINRT_EGY,0.0
2008,EN_HAZ_TREATV,Malta,INCINRT_EGY,0.0
2008,EN_HAZ_TREATV,Malta,INCINRT,327.0
2008,EN_HAZ_TREATV,Malta,OTHERWM,0.0
2008,EN_HAZ_TREATV,Malta,LANDFIL,0.0
2010,EN_HAZ_TREATV,Malta,LANDFIL,0.0
2010,EN_HAZ_TREATV,Malta,OTHERWM,0.0
2010,EN_HAZ_TREATV,Malta,RECYCL,2290586.0
2010,EN_HAZ_TREATV,Malta,INCINRT,364.0
2010,EN_HAZ_TREATV,Malta,INCINRT_EGY,0.0
2012,EN_HAZ_TREATV,Malta,INCINRT,502.0
2012,EN_HAZ_TREATV,Malta,INCINRT_EGY,0.0
2012,EN_HAZ_TREATV,Malta,OTHERWM,0.0
2012,EN_HAZ_TREATV,Malta,LANDFIL,0.0
2012,EN_HAZ_TREATV,Malta,RECYCL,2585906.0
2014,EN_HAZ_TREATV,Malta,LANDFIL,0.0
2014,EN_HAZ_TREATV,Malta,INCINRT,438.0
2014,EN_HAZ_TREATV,Malta,INCINRT_EGY,0.0
2014,EN_HAZ_TREATV,Malta,RECYCL,2521121.0
2014,EN_HAZ_TREATV,Malta,OTHERWM,0.0
2016,EN_HAZ_TREATV,Malta,LANDFIL,0.0
2016,EN_HAZ_TREATV,Malta,INCINRT_EGY,0.0
2016,EN_HAZ_TREATV,Malta,RECYCL,3581477.0
2016,EN_HAZ_TREATV,Malta,INCINRT,477.0
2016,EN_HAZ_TREATV,Malta,OTHERWM,0.0
2018,EN_HAZ_TREATV,Malta,INCINRT_EGY,0.0
2018,EN_HAZ_TREATV,Malta,OTHERWM,0.0
2018,EN_HAZ_TREATV,Malta,INCINRT,473.0
2018,EN_HAZ_TREATV,Malta,LANDFIL,0.0
2018,EN_HAZ_TREATV,Malta,RECYCL,3423568.0
2020,EN_HAZ_TREATV,Malta,INCINRT,642.0
2020,EN_HAZ_TREATV,Malta,LANDFIL,0.0
2020,EN_HAZ_TREATV,Malta,RECYCL,3044618.0
2020,EN_HAZ_TREATV,Malta,INCINRT_EGY,0.0
2020,EN_HAZ_TREATV,Malta,OTHERWM,0.0
2000,EN_HAZ_TREATV,Republic of Moldova,RECYCL,1083.0
2000,EN_HAZ_TREATV,Republic of Moldova,OTHERWM,650.0
2000,EN_HAZ_TREATV,Republic of Moldova,LANDFIL,642.0
2001,EN_HAZ_TREATV,Republic of Moldova,LANDFIL,481.0
2001,EN_HAZ_TREATV,Republic of Moldova,OTHERWM,769.0
2001,EN_HAZ_TREATV,Republic of Moldova,RECYCL,652.0
2002,EN_HAZ_TREATV,Republic of Moldova,RECYCL,1108.0
2002,EN_HAZ_TREATV,Republic of Moldova,LANDFIL,498.0
2002,EN_HAZ_TREATV,Republic of Moldova,OTHERWM,1534.0
2003,EN_HAZ_TREATV,Republic of Moldova,OTHERWM,1431.0
2003,EN_HAZ_TREATV,Republic of Moldova,RECYCL,601.0
2003,EN_HAZ_TREATV,Republic of Moldova,LANDFIL,1904.0
2004,EN_HAZ_TREATV,Republic of Moldova,OTHERWM,610.0
2004,EN_HAZ_TREATV,Republic of Moldova,LANDFIL,1034.0
2004,EN_HAZ_TREATV,Republic of Moldova,RECYCL,576.0
2005,EN_HAZ_TREATV,Republic of Moldova,RECYCL,271.0
2005,EN_HAZ_TREATV,Republic of Moldova,LANDFIL,669.0
2005,EN_HAZ_TREATV,Republic of Moldova,OTHERWM,271.0
2006,EN_HAZ_TREATV,Republic of Moldova,RECYCL,780.0
2006,EN_HAZ_TREATV,Republic of Moldova,LANDFIL,273.0
2006,EN_HAZ_TREATV,Republic of Moldova,OTHERWM,554.0
2007,EN_HAZ_TREATV,Republic of Moldova,RECYCL,1478.0
2007,EN_HAZ_TREATV,Republic of Moldova,OTHERWM,1676.0
2007,EN_HAZ_TREATV,Republic of Moldova,LANDFIL,408.0
2008,EN_HAZ_TREATV,Republic of Moldova,LANDFIL,188.0
2008,EN_HAZ_TREATV,Republic of Moldova,RECYCL,800.0
2008,EN_HAZ_TREATV,Republic of Moldova,OTHERWM,886.0
2009,EN_HAZ_TREATV,Republic of Moldova,RECYCL,594.0
2009,EN_HAZ_TREATV,Republic of Moldova,OTHERWM,253.0
2009,EN_HAZ_TREATV,Republic of Moldova,LANDFIL,746.0
2010,EN_HAZ_TREATV,Republic of Moldova,RECYCL,593.0
2010,EN_HAZ_TREATV,Republic of Moldova,OTHERWM,223.0
2010,EN_HAZ_TREATV,Republic of Moldova,LANDFIL,148.0
2011,EN_HAZ_TREATV,Republic of Moldova,RECYCL,874.20001
2011,EN_HAZ_TREATV,Republic of Moldova,LANDFIL,20.0
2011,EN_HAZ_TREATV,Republic of Moldova,OTHERWM,379.70001
2012,EN_HAZ_TREATV,Republic of Moldova,RECYCL,571.40002
2012,EN_HAZ_TREATV,Republic of Moldova,LANDFIL,112.0
2012,EN_HAZ_TREATV,Republic of Moldova,OTHERWM,323.29999
2013,EN_HAZ_TREATV,Republic of Moldova,OTHERWM,647.59998
2013,EN_HAZ_TREATV,Republic of Moldova,RECYCL,834.09998
2013,EN_HAZ_TREATV,Republic of Moldova,LANDFIL,30.3
2014,EN_HAZ_TREATV,Republic of Moldova,LANDFIL,37.7
2014,EN_HAZ_TREATV,Republic of Moldova,OTHERWM,397.29999
2014,EN_HAZ_TREATV,Republic of Moldova,RECYCL,854.20001
2015,EN_HAZ_TREATV,Republic of Moldova,RECYCL,935.40002
2015,EN_HAZ_TREATV,Republic of Moldova,OTHERWM,294.70001
2015,EN_HAZ_TREATV,Republic of Moldova,LANDFIL,24.8
2016,EN_HAZ_TREATV,Republic of Moldova,LANDFIL,106.9
2016,EN_HAZ_TREATV,Republic of Moldova,RECYCL,2277.3999
2016,EN_HAZ_TREATV,Republic of Moldova,OTHERWM,597.09998
2017,EN_HAZ_TREATV,Republic of Moldova,LANDFIL,679.29999
2017,EN_HAZ_TREATV,Republic of Moldova,RECYCL,6167.8999
2017,EN_HAZ_TREATV,Republic of Moldova,OTHERWM,767.70001
2018,EN_HAZ_TREATV,Republic of Moldova,OTHERWM,1975.40002
2018,EN_HAZ_TREATV,Republic of Moldova,RECYCL,4582.1001
2018,EN_HAZ_TREATV,Republic of Moldova,LANDFIL,127.7
2019,EN_HAZ_TREATV,Republic of Moldova,LANDFIL,19.2
2019,EN_HAZ_TREATV,Republic of Moldova,RECYCL,4570.1001
2019,EN_HAZ_TREATV,Republic of Moldova,OTHERWM,370.89999
2008,EN_HAZ_TREATV,Montenegro,INCINRT_EGY,0.0
2010,EN_HAZ_TREATV,Montenegro,INCINRT_EGY,10.0
2010,EN_HAZ_TREATV,Montenegro,RECYCL,3899.0
2012,EN_HAZ_TREATV,Montenegro,RECYCL,4900.0
2012,EN_HAZ_TREATV,Montenegro,LANDFIL,206382.0
2012,EN_HAZ_TREATV,Montenegro,OTHERWM,0.0
2012,EN_HAZ_TREATV,Montenegro,INCINRT_EGY,0.0
2012,EN_HAZ_TREATV,Montenegro,INCINRT,8.0
2014,EN_HAZ_TREATV,Montenegro,INCINRT,1.0
2014,EN_HAZ_TREATV,Montenegro,INCINRT_EGY,0.0
2014,EN_HAZ_TREATV,Montenegro,RECYCL,0.0
2014,EN_HAZ_TREATV,Montenegro,LANDFIL,262882.0
2014,EN_HAZ_TREATV,Montenegro,OTHERWM,100.0
2016,EN_HAZ_TREATV,Montenegro,INCINRT,2.0
2016,EN_HAZ_TREATV,Montenegro,LANDFIL,321800.0
2016,EN_HAZ_TREATV,Montenegro,OTHERWM,34.0
2018,EN_HAZ_TREATV,Montenegro,INCINRT_EGY,0.0
2018,EN_HAZ_TREATV,Montenegro,LANDFIL,335201.0
2018,EN_HAZ_TREATV,Montenegro,OTHERWM,107.0
2018,EN_HAZ_TREATV,Montenegro,RECYCL,15157.0
2018,EN_HAZ_TREATV,Montenegro,INCINRT,0.0
2020,EN_HAZ_TREATV,Montenegro,RECYCL,4159.0
2020,EN_HAZ_TREATV,Montenegro,INCINRT_EGY,0.0
2020,EN_HAZ_TREATV,Montenegro,OTHERWM,67.0
2020,EN_HAZ_TREATV,Montenegro,LANDFIL,315912.0
2020,EN_HAZ_TREATV,Montenegro,INCINRT,0.0
2004,EN_HAZ_TREATV,Netherlands (Kingdom of the),LANDFIL,544724.0
2004,EN_HAZ_TREATV,Netherlands (Kingdom of the),INCINRT,335925.0
2004,EN_HAZ_TREATV,Netherlands (Kingdom of the),OTHERWM,219547.0
2004,EN_HAZ_TREATV,Netherlands (Kingdom of the),INCINRT_EGY,111848.0
2006,EN_HAZ_TREATV,Netherlands (Kingdom of the),OTHERWM,239820.0
2006,EN_HAZ_TREATV,Netherlands (Kingdom of the),INCINRT,299953.0
2006,EN_HAZ_TREATV,Netherlands (Kingdom of the),INCINRT_EGY,238096.0
2006,EN_HAZ_TREATV,Netherlands (Kingdom of the),LANDFIL,973305.0
2008,EN_HAZ_TREATV,Netherlands (Kingdom of the),INCINRT,364120.0
2008,EN_HAZ_TREATV,Netherlands (Kingdom of the),LANDFIL,1056166.0
2008,EN_HAZ_TREATV,Netherlands (Kingdom of the),INCINRT_EGY,191842.0
2008,EN_HAZ_TREATV,Netherlands (Kingdom of the),OTHERWM,224535.0
2010,EN_HAZ_TREATV,Netherlands (Kingdom of the),INCINRT,493902.0
2010,EN_HAZ_TREATV,Netherlands (Kingdom of the),RECYCL,196956.0
2010,EN_HAZ_TREATV,Netherlands (Kingdom of the),INCINRT_EGY,205837.0
2010,EN_HAZ_TREATV,Netherlands (Kingdom of the),LANDFIL,809502.0
2010,EN_HAZ_TREATV,Netherlands (Kingdom of the),OTHERWM,4246.0
2012,EN_HAZ_TREATV,Netherlands (Kingdom of the),LANDFIL,1128025.0
2012,EN_HAZ_TREATV,Netherlands (Kingdom of the),RECYCL,86393.0
2012,EN_HAZ_TREATV,Netherlands (Kingdom of the),INCINRT_EGY,184575.0
2012,EN_HAZ_TREATV,Netherlands (Kingdom of the),INCINRT,544584.0
2012,EN_HAZ_TREATV,Netherlands (Kingdom of the),OTHERWM,8612.0
2014,EN_HAZ_TREATV,Netherlands (Kingdom of the),RECYCL,164800.0
2014,EN_HAZ_TREATV,Netherlands (Kingdom of the),OTHERWM,39009.0
2014,EN_HAZ_TREATV,Netherlands (Kingdom of the),LANDFIL,1373492.0
2014,EN_HAZ_TREATV,Netherlands (Kingdom of the),INCINRT,331812.0
2014,EN_HAZ_TREATV,Netherlands (Kingdom of the),INCINRT_EGY,269081.0
2016,EN_HAZ_TREATV,Netherlands (Kingdom of the),INCINRT_EGY,386016.0
2016,EN_HAZ_TREATV,Netherlands (Kingdom of the),LANDFIL,1008182.0
2016,EN_HAZ_TREATV,Netherlands (Kingdom of the),RECYCL,162296.0
2016,EN_HAZ_TREATV,Netherlands (Kingdom of the),INCINRT,330102.0
2016,EN_HAZ_TREATV,Netherlands (Kingdom of the),OTHERWM,45386.0
2018,EN_HAZ_TREATV,Netherlands (Kingdom of the),LANDFIL,1037007.0
2018,EN_HAZ_TREATV,Netherlands (Kingdom of the),RECYCL,174021.0
2018,EN_HAZ_TREATV,Netherlands (Kingdom of the),OTHERWM,46130.0
2018,EN_HAZ_TREATV,Netherlands (Kingdom of the),INCINRT,394446.0
2018,EN_HAZ_TREATV,Netherlands (Kingdom of the),INCINRT_EGY,373659.0
2020,EN_HAZ_TREATV,Netherlands (Kingdom of the),OTHERWM,36328.0
2020,EN_HAZ_TREATV,Netherlands (Kingdom of the),INCINRT,298845.0
2020,EN_HAZ_TREATV,Netherlands (Kingdom of the),LANDFIL,1145403.0
2020,EN_HAZ_TREATV,Netherlands (Kingdom of the),INCINRT_EGY,392011.0
2020,EN_HAZ_TREATV,Netherlands (Kingdom of the),RECYCL,124900.0
2004,EN_HAZ_TREATV,Norway,INCINRT,1405.0
2004,EN_HAZ_TREATV,Norway,LANDFIL,919780.0
2004,EN_HAZ_TREATV,Norway,INCINRT_EGY,171932.0
2004,EN_HAZ_TREATV,Norway,OTHERWM,34060.0
2006,EN_HAZ_TREATV,Norway,LANDFIL,1122502.0
2006,EN_HAZ_TREATV,Norway,INCINRT_EGY,13639.0
2006,EN_HAZ_TREATV,Norway,OTHERWM,58402.0
2018,EN_HAZ_TREATV,United Kingdom of Great Britain and Northern Ireland,INCINRT,310784.0
2018,EN_HAZ_TREATV,United Kingdom of Great Britain and Northern Ireland,INCINRT_EGY,0.0
2018,EN_HAZ_TREATV,United Kingdom of Great Britain and Northern Ireland,RECYCL,2206.0
2018,EN_HAZ_TREATV,United Kingdom of Great Britain and Northern Ireland,LANDFIL,817866.0
2018,EN_HAZ_TREATV,United Kingdom of Great Britain and Northern Ireland,OTHERWM,0.0
2020,EN_HAZ_TREATV,United Kingdom of Great Britain and Northern Ireland,RECYCL,2588.0
2020,EN_HAZ_TREATV,United Kingdom of Great Britain and Northern Ireland,INCINRT_EGY,5.0
2006,EN_HAZ_TREATV,Norway,INCINRT,9729.0
2008,EN_HAZ_TREATV,Norway,LANDFIL,1021516.0
2008,EN_HAZ_TREATV,Norway,OTHERWM,0.0
2008,EN_HAZ_TREATV,Norway,INCINRT,45227.0
2008,EN_HAZ_TREATV,Norway,INCINRT_EGY,11057.0
2010,EN_HAZ_TREATV,Norway,RECYCL,254814.0
2010,EN_HAZ_TREATV,Norway,OTHERWM,0.0
2010,EN_HAZ_TREATV,Norway,INCINRT_EGY,124219.0
2010,EN_HAZ_TREATV,Norway,LANDFIL,627234.0
2010,EN_HAZ_TREATV,Norway,LANDFIL,627234.0
