Year,SeriesCode,GeoAreaName,Activity,Level of requirement,Value
2016,EN_SCP_FRMN,Hungary,TOTAL,TOTAL,4
2016,EN_SCP_FRMN,Hungary,ISIC4_C,TOTAL,2
2016,EN_SCP_FRMN,Hungary,ISIC4_G,TOTAL,4
2016,EN_SCP_FRMN,Hungary,ISIC4_J,TOTAL,1
2016,EN_SCP_FRMN,Hungary,ISIC4_K,TOTAL,1
2017,EN_SCP_FRMN,Hungary,ISIC4_C,TOTAL,2
2017,EN_SCP_FRMN,Hungary,ISIC4_K,TOTAL,1
2017,EN_SCP_FRMN,Hungary,TOTAL,TOTAL,4
2017,EN_SCP_FRMN,Hungary,ISIC4_G,TOTAL,4
2017,EN_SCP_FRMN,Hungary,ISIC4_J,TOTAL,1
2018,EN_SCP_FRMN,Hungary,ISIC4_K,TOTAL,1
2018,EN_SCP_FRMN,Hungary,ISIC4_J,TOTAL,1
2018,EN_SCP_FRMN,Hungary,ISIC4_C,TOTAL,2
2018,EN_SCP_FRMN,Hungary,ISIC4_G,TOTAL,4
2018,EN_SCP_FRMN,Hungary,TOTAL,TOTAL,4
2019,EN_SCP_FRMN,Hungary,ISIC4_G,TOTAL,4
2019,EN_SCP_FRMN,Hungary,TOTAL,TOTAL,4
2019,EN_SCP_FRMN,Hungary,ISIC4_K,TOTAL,1
2019,EN_SCP_FRMN,Hungary,ISIC4_J,TOTAL,1
2019,EN_SCP_FRMN,Hungary,ISIC4_C,TOTAL,2
2020,EN_SCP_FRMN,Hungary,ISIC4_J,TOTAL,1
2020,EN_SCP_FRMN,Hungary,ISIC4_K,TOTAL,1
2020,EN_SCP_FRMN,Hungary,ISIC4_C,TOTAL,2
2020,EN_SCP_FRMN,Hungary,ISIC4_G,TOTAL,4
2020,EN_SCP_FRMN,Hungary,TOTAL,TOTAL,4
2021,EN_SCP_FRMN,Hungary,ISIC4_C,TOTAL,2
2021,EN_SCP_FRMN,Hungary,ISIC4_G,TOTAL,6
2021,EN_SCP_FRMN,Hungary,ISIC4_F,TOTAL,2
2021,EN_SCP_FRMN,Hungary,ISIC4_J,TOTAL,1
2021,EN_SCP_FRMN,Hungary,TOTAL,TOTAL,6
2021,EN_SCP_FRMN,Hungary,ISIC4_K,TOTAL,1
2020,EN_SCP_FRMN,Iceland,ISIC4_A,TOTAL,1
2020,EN_SCP_FRMN,Iceland,ISIC4_K,TOTAL,1
2020,EN_SCP_FRMN,Iceland,ISIC4_G,TOTAL,7
2020,EN_SCP_FRMN,Iceland,ISIC4_M,TOTAL,1
2020,EN_SCP_FRMN,Iceland,ISIC4_C,TOTAL,1
2020,EN_SCP_FRMN,Iceland,TOTAL,TOTAL,7
2020,EN_SCP_FRMN,Iceland,ISIC4_H,TOTAL,1
2021,EN_SCP_FRMN,Iceland,ISIC4_A,TOTAL,1
2021,EN_SCP_FRMN,Iceland,ISIC4_M,TOTAL,1
2021,EN_SCP_FRMN,Iceland,ISIC4_G,TOTAL,8
2021,EN_SCP_FRMN,Iceland,TOTAL,TOTAL,8
2021,EN_SCP_FRMN,Iceland,ISIC4_H,TOTAL,1
2021,EN_SCP_FRMN,Iceland,ISIC4_C,TOTAL,1
2021,EN_SCP_FRMN,Iceland,ISIC4_K,TOTAL,2
2016,EN_SCP_FRMN,India,ISIC4_F,TOTAL,3
2016,EN_SCP_FRMN,India,TOTAL,TOTAL,80
2016,EN_SCP_FRMN,India,ISIC4_J,TOTAL,4
2016,EN_SCP_FRMN,India,ISIC4_B,TOTAL,2
2016,EN_SCP_FRMN,India,ISIC4_H,TOTAL,3
2016,EN_SCP_FRMN,India,ISIC4_C,TOTAL,38
2016,EN_SCP_FRMN,India,ISIC4_Q,TOTAL,1
2016,EN_SCP_FRMN,India,ISIC4_G,TOTAL,80
2016,EN_SCP_FRMN,India,ISIC4_K,TOTAL,17
2016,EN_SCP_FRMN,India,ISIC4_M,TOTAL,7
2017,EN_SCP_FRMN,India,ISIC4_J,TOTAL,4
2017,EN_SCP_FRMN,India,ISIC4_G,TOTAL,87
2017,EN_SCP_FRMN,India,ISIC4_F,TOTAL,4
2017,EN_SCP_FRMN,India,ISIC4_Q,TOTAL,1
2017,EN_SCP_FRMN,India,ISIC4_M,TOTAL,7
2017,EN_SCP_FRMN,India,TOTAL,TOTAL,87
2017,EN_SCP_FRMN,India,ISIC4_C,TOTAL,41
2017,EN_SCP_FRMN,India,ISIC4_K,TOTAL,18
2017,EN_SCP_FRMN,India,ISIC4_H,TOTAL,4
2017,EN_SCP_FRMN,India,ISIC4_B,TOTAL,3
2018,EN_SCP_FRMN,India,ISIC4_K,TOTAL,18
2021,EN_SCP_FRMN,Azerbaijan,ISIC4_B,TOTAL,1
2021,EN_SCP_FRMN,Azerbaijan,TOTAL,TOTAL,1
2021,EN_SCP_FRMN,Azerbaijan,ISIC4_G,TOTAL,1
2016,EN_SCP_FRMN,Australia,ISIC4_M,TOTAL,4
2016,EN_SCP_FRMN,Australia,ISIC4_I,TOTAL,1
2016,EN_SCP_FRMN,Australia,ISIC4_B,TOTAL,24
2016,EN_SCP_FRMN,Australia,ISIC4_K,TOTAL,13
2016,EN_SCP_FRMN,Australia,ISIC4_G,TOTAL,98
2016,EN_SCP_FRMN,Australia,ISIC4_Q,TOTAL,2
2016,EN_SCP_FRMN,Australia,TOTAL,TOTAL,99
2016,EN_SCP_FRMN,Australia,ISIC4_N,TOTAL,2
2018,EN_SCP_FRMN,India,ISIC4_G,TOTAL,93
2018,EN_SCP_FRMN,India,ISIC4_J,TOTAL,4
2018,EN_SCP_FRMN,India,ISIC4_C,TOTAL,47
2018,EN_SCP_FRMN,India,ISIC4_Q,TOTAL,1
2018,EN_SCP_FRMN,India,ISIC4_M,TOTAL,7
2018,EN_SCP_FRMN,India,ISIC4_H,TOTAL,4
2018,EN_SCP_FRMN,India,ISIC4_B,TOTAL,3
2018,EN_SCP_FRMN,India,TOTAL,TOTAL,93
2018,EN_SCP_FRMN,India,ISIC4_F,TOTAL,4
2019,EN_SCP_FRMN,India,ISIC4_J,TOTAL,6
2019,EN_SCP_FRMN,India,ISIC4_B,TOTAL,3
2019,EN_SCP_FRMN,India,ISIC4_C,TOTAL,68
2019,EN_SCP_FRMN,India,ISIC4_F,TOTAL,7
2019,EN_SCP_FRMN,India,ISIC4_G,TOTAL,134
2019,EN_SCP_FRMN,India,ISIC4_M,TOTAL,7
2019,EN_SCP_FRMN,India,ISIC4_K,TOTAL,25
2019,EN_SCP_FRMN,India,ISIC4_L,TOTAL,1
2019,EN_SCP_FRMN,India,ISIC4_I,TOTAL,2
2019,EN_SCP_FRMN,India,TOTAL,TOTAL,134
2019,EN_SCP_FRMN,India,ISIC4_H,TOTAL,5
2019,EN_SCP_FRMN,India,ISIC4_Q,TOTAL,1
2020,EN_SCP_FRMN,India,ISIC4_C,TOTAL,72
2020,EN_SCP_FRMN,India,ISIC4_B,TOTAL,3
2020,EN_SCP_FRMN,India,ISIC4_L,TOTAL,1
2020,EN_SCP_FRMN,India,ISIC4_G,TOTAL,150
2020,EN_SCP_FRMN,India,ISIC4_M,TOTAL,10
2020,EN_SCP_FRMN,India,ISIC4_K,TOTAL,28
2020,EN_SCP_FRMN,India,TOTAL,TOTAL,150
2020,EN_SCP_FRMN,India,ISIC4_H,TOTAL,5
2020,EN_SCP_FRMN,India,ISIC4_J,TOTAL,8
2020,EN_SCP_FRMN,India,ISIC4_F,TOTAL,7
2020,EN_SCP_FRMN,India,ISIC4_I,TOTAL,2
2020,EN_SCP_FRMN,India,ISIC4_Q,TOTAL,1
2021,EN_SCP_FRMN,India,TOTAL,TOTAL,213
2021,EN_SCP_FRMN,India,ISIC4_N,TOTAL,2
2021,EN_SCP_FRMN,India,ISIC4_Q,TOTAL,2
2021,EN_SCP_FRMN,India,ISIC4_M,TOTAL,12
2021,EN_SCP_FRMN,India,ISIC4_I,TOTAL,3
2021,EN_SCP_FRMN,India,ISIC4_F,TOTAL,8
2021,EN_SCP_FRMN,India,ISIC4_L,TOTAL,1
2021,EN_SCP_FRMN,India,ISIC4_J,TOTAL,10
2021,EN_SCP_FRMN,India,ISIC4_H,TOTAL,5
2021,EN_SCP_FRMN,India,ISIC4_G,TOTAL,213
2021,EN_SCP_FRMN,India,ISIC4_K,TOTAL,40
2016,EN_SCP_FRMN,Australia,ISIC4_L,TOTAL,12
2016,EN_SCP_FRMN,Australia,ISIC4_A,TOTAL,2
2016,EN_SCP_FRMN,Australia,ISIC4_H,TOTAL,4
2016,EN_SCP_FRMN,Australia,ISIC4_R,TOTAL,2
2016,EN_SCP_FRMN,Australia,ISIC4_F,TOTAL,4
2016,EN_SCP_FRMN,Australia,ISIC4_J,TOTAL,2
2016,EN_SCP_FRMN,Australia,ISIC4_C,TOTAL,20
2017,EN_SCP_FRMN,Australia,ISIC4_K,TOTAL,15
2017,EN_SCP_FRMN,Australia,ISIC4_N,TOTAL,2
2017,EN_SCP_FRMN,Australia,ISIC4_G,TOTAL,110
2017,EN_SCP_FRMN,Australia,ISIC4_B,TOTAL,27
2021,EN_SCP_FRMN,India,ISIC4_C,TOTAL,107
2021,EN_SCP_FRMN,India,ISIC4_B,TOTAL,4
2016,EN_SCP_FRMN,Ireland,ISIC4_M,TOTAL,1
2016,EN_SCP_FRMN,Ireland,ISIC4_K,TOTAL,1
2016,EN_SCP_FRMN,Ireland,TOTAL,TOTAL,18
2016,EN_SCP_FRMN,Ireland,ISIC4_B,TOTAL,1
2016,EN_SCP_FRMN,Ireland,ISIC4_H,TOTAL,1
2016,EN_SCP_FRMN,Ireland,ISIC4_N,TOTAL,1
2016,EN_SCP_FRMN,Ireland,ISIC4_G,TOTAL,18
2016,EN_SCP_FRMN,Ireland,ISIC4_S,TOTAL,1
2016,EN_SCP_FRMN,Ireland,ISIC4_C,TOTAL,10
2017,EN_SCP_FRMN,Australia,ISIC4_A,TOTAL,3
2017,EN_SCP_FRMN,Australia,ISIC4_M,TOTAL,5
2017,EN_SCP_FRMN,Australia,ISIC4_C,TOTAL,22
2017,EN_SCP_FRMN,Australia,ISIC4_R,TOTAL,2
2017,EN_SCP_FRMN,Australia,TOTAL,TOTAL,111
2017,EN_SCP_FRMN,Australia,ISIC4_I,TOTAL,1
2017,EN_SCP_FRMN,Australia,ISIC4_F,TOTAL,5
2017,EN_SCP_FRMN,Australia,ISIC4_Q,TOTAL,2
2017,EN_SCP_FRMN,Australia,ISIC4_L,TOTAL,13
2017,EN_SCP_FRMN,Australia,ISIC4_J,TOTAL,2
2017,EN_SCP_FRMN,Australia,ISIC4_H,TOTAL,4
2018,EN_SCP_FRMN,Australia,ISIC4_I,TOTAL,2
2018,EN_SCP_FRMN,Australia,ISIC4_R,TOTAL,2
2018,EN_SCP_FRMN,Australia,ISIC4_J,TOTAL,3
2018,EN_SCP_FRMN,Australia,ISIC4_C,TOTAL,22
2018,EN_SCP_FRMN,Australia,ISIC4_B,TOTAL,30
2018,EN_SCP_FRMN,Australia,ISIC4_Q,TOTAL,4
2018,EN_SCP_FRMN,Australia,ISIC4_H,TOTAL,4
2018,EN_SCP_FRMN,Australia,ISIC4_G,TOTAL,122
2018,EN_SCP_FRMN,Australia,TOTAL,TOTAL,124
2018,EN_SCP_FRMN,Australia,ISIC4_F,TOTAL,5
2018,EN_SCP_FRMN,Australia,ISIC4_N,TOTAL,2
2018,EN_SCP_FRMN,Australia,ISIC4_L,TOTAL,14
2018,EN_SCP_FRMN,Australia,ISIC4_M,TOTAL,5
2018,EN_SCP_FRMN,Australia,ISIC4_K,TOTAL,16
2018,EN_SCP_FRMN,Australia,ISIC4_A,TOTAL,4
2019,EN_SCP_FRMN,Australia,ISIC4_I,TOTAL,2
2019,EN_SCP_FRMN,Australia,ISIC4_A,TOTAL,4
2019,EN_SCP_FRMN,Australia,ISIC4_B,TOTAL,38
2019,EN_SCP_FRMN,Australia,ISIC4_M,TOTAL,6
2019,EN_SCP_FRMN,Australia,ISIC4_R,TOTAL,2
2019,EN_SCP_FRMN,Australia,TOTAL,TOTAL,170
2019,EN_SCP_FRMN,Australia,ISIC4_F,TOTAL,6
2019,EN_SCP_FRMN,Australia,ISIC4_Q,TOTAL,7
2019,EN_SCP_FRMN,Australia,ISIC4_S,TOTAL,1
2019,EN_SCP_FRMN,Australia,ISIC4_N,TOTAL,5
2019,EN_SCP_FRMN,Australia,ISIC4_H,TOTAL,5
2019,EN_SCP_FRMN,Australia,ISIC4_K,TOTAL,22
2019,EN_SCP_FRMN,Australia,ISIC4_L,TOTAL,16
2019,EN_SCP_FRMN,Australia,ISIC4_J,TOTAL,10
2019,EN_SCP_FRMN,Australia,ISIC4_G,TOTAL,168
2019,EN_SCP_FRMN,Australia,ISIC4_C,TOTAL,29
2020,EN_SCP_FRMN,Australia,ISIC4_S,TOTAL,2
2020,EN_SCP_FRMN,Australia,ISIC4_M,TOTAL,10
2020,EN_SCP_FRMN,Australia,ISIC4_G,TOTAL,203
2020,EN_SCP_FRMN,Australia,ISIC4_I,TOTAL,2
2020,EN_SCP_FRMN,Australia,ISIC4_R,TOTAL,4
2020,EN_SCP_FRMN,Australia,ISIC4_N,TOTAL,5
2020,EN_SCP_FRMN,Australia,TOTAL,TOTAL,205
2020,EN_SCP_FRMN,Australia,ISIC4_C,TOTAL,33
2020,EN_SCP_FRMN,Australia,ISIC4_H,TOTAL,6
2020,EN_SCP_FRMN,Australia,ISIC4_K,TOTAL,26
2020,EN_SCP_FRMN,Australia,ISIC4_B,TOTAL,49
2020,EN_SCP_FRMN,Australia,ISIC4_J,TOTAL,15
2020,EN_SCP_FRMN,Australia,ISIC4_Q,TOTAL,7
2020,EN_SCP_FRMN,Australia,ISIC4_A,TOTAL,4
2020,EN_SCP_FRMN,Australia,ISIC4_L,TOTAL,18
2020,EN_SCP_FRMN,Australia,ISIC4_F,TOTAL,6
2021,EN_SCP_FRMN,Australia,ISIC4_A,TOTAL,4
2021,EN_SCP_FRMN,Australia,ISIC4_Q,TOTAL,6
2021,EN_SCP_FRMN,Australia,ISIC4_L,TOTAL,20
2021,EN_SCP_FRMN,Australia,ISIC4_K,TOTAL,31
2021,EN_SCP_FRMN,Australia,ISIC4_I,TOTAL,3
2021,EN_SCP_FRMN,Australia,ISIC4_F,TOTAL,9
2021,EN_SCP_FRMN,Australia,TOTAL,TOTAL,242
2021,EN_SCP_FRMN,Australia,ISIC4_M,TOTAL,12
2021,EN_SCP_FRMN,Australia,ISIC4_N,TOTAL,4
2021,EN_SCP_FRMN,Australia,ISIC4_S,TOTAL,2
2021,EN_SCP_FRMN,Australia,ISIC4_C,TOTAL,35
2021,EN_SCP_FRMN,Australia,ISIC4_G,TOTAL,240
2021,EN_SCP_FRMN,Australia,ISIC4_R,TOTAL,4
2021,EN_SCP_FRMN,Australia,ISIC4_B,TOTAL,63
2021,EN_SCP_FRMN,Australia,ISIC4_J,TOTAL,19
2021,EN_SCP_FRMN,Australia,ISIC4_H,TOTAL,6
2016,EN_SCP_FRMN,Austria,ISIC4_G,TOTAL,15
2016,EN_SCP_FRMN,Austria,ISIC4_K,TOTAL,3
2016,EN_SCP_FRMN,Austria,ISIC4_B,TOTAL,1
2016,EN_SCP_FRMN,Austria,TOTAL,TOTAL,15
2016,EN_SCP_FRMN,Austria,ISIC4_C,TOTAL,6
2016,EN_SCP_FRMN,Austria,ISIC4_J,TOTAL,1
2016,EN_SCP_FRMN,Austria,ISIC4_L,TOTAL,1
2016,EN_SCP_FRMN,Austria,ISIC4_H,TOTAL,1
2016,EN_SCP_FRMN,Austria,ISIC4_F,TOTAL,1
2017,EN_SCP_FRMN,Austria,ISIC4_C,TOTAL,6
2017,EN_SCP_FRMN,Austria,ISIC4_K,TOTAL,4
2017,EN_SCP_FRMN,Austria,ISIC4_H,TOTAL,1
2017,EN_SCP_FRMN,Austria,ISIC4_J,TOTAL,1
2017,EN_SCP_FRMN,Austria,ISIC4_B,TOTAL,1
2017,EN_SCP_FRMN,Austria,ISIC4_F,TOTAL,1
2017,EN_SCP_FRMN,Austria,TOTAL,TOTAL,17
2017,EN_SCP_FRMN,Austria,ISIC4_L,TOTAL,2
2017,EN_SCP_FRMN,Austria,ISIC4_G,TOTAL,17
2018,EN_SCP_FRMN,Austria,ISIC4_K,TOTAL,5
2018,EN_SCP_FRMN,Austria,ISIC4_J,TOTAL,1
2018,EN_SCP_FRMN,Austria,ISIC4_B,TOTAL,1
2018,EN_SCP_FRMN,Austria,ISIC4_F,TOTAL,2
2018,EN_SCP_FRMN,Austria,ISIC4_G,TOTAL,28
2018,EN_SCP_FRMN,Austria,TOTAL,TOTAL,28
2018,EN_SCP_FRMN,Austria,ISIC4_C,TOTAL,13
2018,EN_SCP_FRMN,Austria,ISIC4_H,TOTAL,1
2018,EN_SCP_FRMN,Austria,ISIC4_L,TOTAL,3
2019,EN_SCP_FRMN,Austria,ISIC4_H,TOTAL,1
2019,EN_SCP_FRMN,Austria,ISIC4_F,TOTAL,2
2019,EN_SCP_FRMN,Austria,ISIC4_B,TOTAL,1
2019,EN_SCP_FRMN,Austria,ISIC4_C,TOTAL,16
2019,EN_SCP_FRMN,Austria,TOTAL,TOTAL,32
2019,EN_SCP_FRMN,Austria,ISIC4_L,TOTAL,3
2019,EN_SCP_FRMN,Austria,ISIC4_I,TOTAL,1
2019,EN_SCP_FRMN,Austria,ISIC4_K,TOTAL,5
2019,EN_SCP_FRMN,Austria,ISIC4_G,TOTAL,32
2019,EN_SCP_FRMN,Austria,ISIC4_J,TOTAL,1
2020,EN_SCP_FRMN,Austria,ISIC4_K,TOTAL,5
2020,EN_SCP_FRMN,Austria,ISIC4_L,TOTAL,3
2020,EN_SCP_FRMN,Austria,ISIC4_F,TOTAL,2
2020,EN_SCP_FRMN,Austria,ISIC4_I,TOTAL,1
2020,EN_SCP_FRMN,Austria,ISIC4_J,TOTAL,1
2020,EN_SCP_FRMN,Austria,ISIC4_H,TOTAL,2
2020,EN_SCP_FRMN,Austria,ISIC4_C,TOTAL,16
2020,EN_SCP_FRMN,Austria,ISIC4_G,TOTAL,34
2020,EN_SCP_FRMN,Austria,TOTAL,TOTAL,34
2020,EN_SCP_FRMN,Austria,ISIC4_B,TOTAL,2
2021,EN_SCP_FRMN,Austria,ISIC4_L,TOTAL,3
2021,EN_SCP_FRMN,Austria,ISIC4_H,TOTAL,2
2021,EN_SCP_FRMN,Austria,ISIC4_F,TOTAL,2
2021,EN_SCP_FRMN,Austria,ISIC4_C,TOTAL,16
2021,EN_SCP_FRMN,Austria,ISIC4_J,TOTAL,1
2021,EN_SCP_FRMN,Austria,ISIC4_I,TOTAL,1
2021,EN_SCP_FRMN,Austria,ISIC4_B,TOTAL,2
2021,EN_SCP_FRMN,Austria,ISIC4_G,TOTAL,34
2021,EN_SCP_FRMN,Austria,ISIC4_K,TOTAL,5
2021,EN_SCP_FRMN,Austria,TOTAL,TOTAL,34
2016,EN_SCP_FRMN,Belgium,ISIC4_J,TOTAL,1
2016,EN_SCP_FRMN,Belgium,ISIC4_G,TOTAL,15
2016,EN_SCP_FRMN,Belgium,ISIC4_H,TOTAL,2
2016,EN_SCP_FRMN,Belgium,ISIC4_K,TOTAL,1
2016,EN_SCP_FRMN,Belgium,ISIC4_C,TOTAL,7
2016,EN_SCP_FRMN,Belgium,TOTAL,TOTAL,15
2016,EN_SCP_FRMN,Belgium,ISIC4_L,TOTAL,2
2017,EN_SCP_FRMN,Belgium,ISIC4_K,TOTAL,1
2017,EN_SCP_FRMN,Belgium,ISIC4_J,TOTAL,1
2017,EN_SCP_FRMN,Belgium,TOTAL,TOTAL,17
2017,EN_SCP_FRMN,Belgium,ISIC4_H,TOTAL,2
2017,EN_SCP_FRMN,Belgium,ISIC4_F,TOTAL,1
2017,EN_SCP_FRMN,Belgium,ISIC4_G,TOTAL,17
2017,EN_SCP_FRMN,Belgium,ISIC4_L,TOTAL,2
2017,EN_SCP_FRMN,Belgium,ISIC4_C,TOTAL,8
2018,EN_SCP_FRMN,Belgium,ISIC4_J,TOTAL,2
2018,EN_SCP_FRMN,Belgium,ISIC4_C,TOTAL,14
2018,EN_SCP_FRMN,Belgium,TOTAL,TOTAL,32
2018,EN_SCP_FRMN,Belgium,ISIC4_F,TOTAL,2
2018,EN_SCP_FRMN,Belgium,ISIC4_K,TOTAL,2
2018,EN_SCP_FRMN,Belgium,ISIC4_H,TOTAL,2
2018,EN_SCP_FRMN,Belgium,ISIC4_G,TOTAL,32
2018,EN_SCP_FRMN,Belgium,ISIC4_L,TOTAL,6
2018,EN_SCP_FRMN,Belgium,ISIC4_M,TOTAL,2
2019,EN_SCP_FRMN,Belgium,ISIC4_K,TOTAL,3
2019,EN_SCP_FRMN,Belgium,ISIC4_H,TOTAL,2
2019,EN_SCP_FRMN,Belgium,ISIC4_G,TOTAL,36
2019,EN_SCP_FRMN,Belgium,ISIC4_F,TOTAL,2
2019,EN_SCP_FRMN,Belgium,ISIC4_L,TOTAL,7
2019,EN_SCP_FRMN,Belgium,ISIC4_J,TOTAL,3
2019,EN_SCP_FRMN,Belgium,ISIC4_M,TOTAL,2
2019,EN_SCP_FRMN,Belgium,TOTAL,TOTAL,36
2019,EN_SCP_FRMN,Belgium,ISIC4_C,TOTAL,15
2020,EN_SCP_FRMN,Belgium,ISIC4_M,TOTAL,2
2020,EN_SCP_FRMN,Belgium,ISIC4_H,TOTAL,2
2020,EN_SCP_FRMN,Belgium,ISIC4_J,TOTAL,4
2020,EN_SCP_FRMN,Belgium,ISIC4_L,TOTAL,8
2020,EN_SCP_FRMN,Belgium,TOTAL,TOTAL,38
2020,EN_SCP_FRMN,Belgium,ISIC4_K,TOTAL,3
2020,EN_SCP_FRMN,Belgium,ISIC4_F,TOTAL,2
2020,EN_SCP_FRMN,Belgium,ISIC4_G,TOTAL,38
2020,EN_SCP_FRMN,Belgium,ISIC4_C,TOTAL,15
2021,EN_SCP_FRMN,Belgium,ISIC4_C,TOTAL,17
2021,EN_SCP_FRMN,Belgium,ISIC4_L,TOTAL,8
2021,EN_SCP_FRMN,Belgium,ISIC4_F,TOTAL,2
2021,EN_SCP_FRMN,Belgium,ISIC4_H,TOTAL,2
2021,EN_SCP_FRMN,Belgium,ISIC4_G,TOTAL,41
2021,EN_SCP_FRMN,Belgium,ISIC4_J,TOTAL,4
2021,EN_SCP_FRMN,Belgium,TOTAL,TOTAL,41
2021,EN_SCP_FRMN,Belgium,ISIC4_M,TOTAL,2
2021,EN_SCP_FRMN,Belgium,ISIC4_K,TOTAL,3
2016,EN_SCP_FRMN,Canada,ISIC4_K,TOTAL,13
2016,EN_SCP_FRMN,Canada,ISIC4_M,TOTAL,4
2016,EN_SCP_FRMN,Canada,ISIC4_B,TOTAL,36
2016,EN_SCP_FRMN,Canada,ISIC4_H,TOTAL,3
2016,EN_SCP_FRMN,Canada,ISIC4_P,TOTAL,1
2016,EN_SCP_FRMN,Canada,ISIC4_L,TOTAL,1
2016,EN_SCP_FRMN,Canada,ISIC4_C,TOTAL,11
2016,EN_SCP_FRMN,Canada,ISIC4_J,TOTAL,6
2016,EN_SCP_FRMN,Canada,ISIC4_G,TOTAL,88
2016,EN_SCP_FRMN,Canada,TOTAL,TOTAL,88
2017,EN_SCP_FRMN,Canada,ISIC4_G,TOTAL,99
2017,EN_SCP_FRMN,Canada,ISIC4_K,TOTAL,13
2017,EN_SCP_FRMN,Canada,ISIC4_N,TOTAL,1
2017,EN_SCP_FRMN,Canada,ISIC4_M,TOTAL,3
2017,EN_SCP_FRMN,Canada,ISIC4_C,TOTAL,12
2017,EN_SCP_FRMN,Canada,ISIC4_J,TOTAL,6
2017,EN_SCP_FRMN,Canada,ISIC4_H,TOTAL,5
2017,EN_SCP_FRMN,Canada,TOTAL,TOTAL,99
2017,EN_SCP_FRMN,Canada,ISIC4_P,TOTAL,1
2017,EN_SCP_FRMN,Canada,ISIC4_B,TOTAL,43
2017,EN_SCP_FRMN,Canada,ISIC4_L,TOTAL,1
2018,EN_SCP_FRMN,Canada,TOTAL,TOTAL,119
2018,EN_SCP_FRMN,Canada,ISIC4_F,TOTAL,1
2018,EN_SCP_FRMN,Canada,ISIC4_L,TOTAL,6
2018,EN_SCP_FRMN,Canada,ISIC4_G,TOTAL,119
2018,EN_SCP_FRMN,Canada,ISIC4_K,TOTAL,15
2018,EN_SCP_FRMN,Canada,ISIC4_J,TOTAL,5
2018,EN_SCP_FRMN,Canada,ISIC4_N,TOTAL,1
2018,EN_SCP_FRMN,Canada,ISIC4_P,TOTAL,1
2018,EN_SCP_FRMN,Canada,ISIC4_H,TOTAL,4
2018,EN_SCP_FRMN,Canada,ISIC4_B,TOTAL,47
2018,EN_SCP_FRMN,Canada,ISIC4_C,TOTAL,16
2018,EN_SCP_FRMN,Canada,ISIC4_M,TOTAL,4
2019,EN_SCP_FRMN,Canada,ISIC4_N,TOTAL,1
2019,EN_SCP_FRMN,Canada,ISIC4_C,TOTAL,25
2019,EN_SCP_FRMN,Canada,ISIC4_K,TOTAL,16
2019,EN_SCP_FRMN,Canada,ISIC4_G,TOTAL,159
2019,EN_SCP_FRMN,Canada,ISIC4_M,TOTAL,4
2019,EN_SCP_FRMN,Canada,TOTAL,TOTAL,159
2019,EN_SCP_FRMN,Canada,ISIC4_L,TOTAL,15
2019,EN_SCP_FRMN,Canada,ISIC4_F,TOTAL,1
2019,EN_SCP_FRMN,Canada,ISIC4_H,TOTAL,6
2019,EN_SCP_FRMN,Canada,ISIC4_P,TOTAL,1
2019,EN_SCP_FRMN,Canada,ISIC4_B,TOTAL,57
2019,EN_SCP_FRMN,Canada,ISIC4_J,TOTAL,8
2020,EN_SCP_FRMN,Canada,ISIC4_P,TOTAL,1
2020,EN_SCP_FRMN,Canada,ISIC4_Q,TOTAL,1
2020,EN_SCP_FRMN,Canada,ISIC4_L,TOTAL,20
2020,EN_SCP_FRMN,Canada,ISIC4_J,TOTAL,9
2020,EN_SCP_FRMN,Canada,ISIC4_C,TOTAL,31
2020,EN_SCP_FRMN,Canada,ISIC4_I,TOTAL,1
2020,EN_SCP_FRMN,Canada,ISIC4_B,TOTAL,71
2020,EN_SCP_FRMN,Canada,ISIC4_K,TOTAL,16
2020,EN_SCP_FRMN,Canada,ISIC4_M,TOTAL,8
2020,EN_SCP_FRMN,Canada,TOTAL,TOTAL,195
2020,EN_SCP_FRMN,Canada,ISIC4_G,TOTAL,195
2020,EN_SCP_FRMN,Canada,ISIC4_H,TOTAL,7
2020,EN_SCP_FRMN,Canada,ISIC4_N,TOTAL,2
2020,EN_SCP_FRMN,Canada,ISIC4_F,TOTAL,2
2021,EN_SCP_FRMN,Canada,TOTAL,TOTAL,237
2021,EN_SCP_FRMN,Canada,ISIC4_P,TOTAL,1
2021,EN_SCP_FRMN,Canada,ISIC4_K,TOTAL,22
2021,EN_SCP_FRMN,Canada,ISIC4_I,TOTAL,2
2021,EN_SCP_FRMN,Canada,ISIC4_J,TOTAL,10
2021,EN_SCP_FRMN,Canada,ISIC4_M,TOTAL,10
2021,EN_SCP_FRMN,Canada,ISIC4_G,TOTAL,237
2021,EN_SCP_FRMN,Canada,ISIC4_C,TOTAL,38
2021,EN_SCP_FRMN,Canada,ISIC4_F,TOTAL,2
2021,EN_SCP_FRMN,Canada,ISIC4_N,TOTAL,4
2021,EN_SCP_FRMN,Canada,ISIC4_H,TOTAL,12
2021,EN_SCP_FRMN,Canada,ISIC4_B,TOTAL,81
2021,EN_SCP_FRMN,Canada,ISIC4_Q,TOTAL,2
2021,EN_SCP_FRMN,Canada,ISIC4_L,TOTAL,24
2016,EN_SCP_FRMN,Chile,ISIC4_J,TOTAL,1
2016,EN_SCP_FRMN,Chile,ISIC4_K,TOTAL,3
2016,EN_SCP_FRMN,Chile,ISIC4_H,TOTAL,2
2016,EN_SCP_FRMN,Chile,ISIC4_G,TOTAL,20
2016,EN_SCP_FRMN,Chile,ISIC4_M,TOTAL,1
2016,EN_SCP_FRMN,Chile,ISIC4_L,TOTAL,1
2016,EN_SCP_FRMN,Chile,TOTAL,TOTAL,20
2016,EN_SCP_FRMN,Chile,ISIC4_C,TOTAL,5
2017,EN_SCP_FRMN,Chile,ISIC4_J,TOTAL,1
2017,EN_SCP_FRMN,Chile,ISIC4_G,TOTAL,21
2017,EN_SCP_FRMN,Chile,ISIC4_H,TOTAL,2
2017,EN_SCP_FRMN,Chile,ISIC4_K,TOTAL,4
2017,EN_SCP_FRMN,Chile,ISIC4_L,TOTAL,1
2017,EN_SCP_FRMN,Chile,ISIC4_M,TOTAL,1
2017,EN_SCP_FRMN,Chile,TOTAL,TOTAL,21
2017,EN_SCP_FRMN,Chile,ISIC4_C,TOTAL,4
2017,EN_SCP_FRMN,Chile,ISIC4_B,TOTAL,1
2018,EN_SCP_FRMN,Chile,ISIC4_M,TOTAL,1
2018,EN_SCP_FRMN,Chile,ISIC4_L,TOTAL,1
2018,EN_SCP_FRMN,Chile,TOTAL,TOTAL,24
2018,EN_SCP_FRMN,Chile,ISIC4_H,TOTAL,2
2018,EN_SCP_FRMN,Chile,ISIC4_B,TOTAL,1
2018,EN_SCP_FRMN,Chile,ISIC4_J,TOTAL,1
2018,EN_SCP_FRMN,Chile,ISIC4_G,TOTAL,24
2018,EN_SCP_FRMN,Chile,ISIC4_C,TOTAL,5
2018,EN_SCP_FRMN,Chile,ISIC4_K,TOTAL,5
2019,EN_SCP_FRMN,Chile,ISIC4_K,TOTAL,5
2019,EN_SCP_FRMN,Chile,ISIC4_M,TOTAL,1
2019,EN_SCP_FRMN,Chile,ISIC4_C,TOTAL,5
2019,EN_SCP_FRMN,Chile,ISIC4_G,TOTAL,26
2019,EN_SCP_FRMN,Chile,ISIC4_B,TOTAL,1
2019,EN_SCP_FRMN,Chile,ISIC4_J,TOTAL,1
2019,EN_SCP_FRMN,Chile,ISIC4_F,TOTAL,1
2019,EN_SCP_FRMN,Chile,ISIC4_L,TOTAL,2
2019,EN_SCP_FRMN,Chile,ISIC4_H,TOTAL,2
2019,EN_SCP_FRMN,Chile,TOTAL,TOTAL,26
2020,EN_SCP_FRMN,Chile,ISIC4_L,TOTAL,2
2020,EN_SCP_FRMN,Chile,ISIC4_H,TOTAL,2
2020,EN_SCP_FRMN,Chile,ISIC4_J,TOTAL,1
2020,EN_SCP_FRMN,Chile,TOTAL,TOTAL,30
2020,EN_SCP_FRMN,Chile,ISIC4_C,TOTAL,5
2020,EN_SCP_FRMN,Chile,ISIC4_M,TOTAL,1
2020,EN_SCP_FRMN,Chile,ISIC4_G,TOTAL,30
2020,EN_SCP_FRMN,Chile,ISIC4_K,TOTAL,6
2020,EN_SCP_FRMN,Chile,ISIC4_B,TOTAL,1
2020,EN_SCP_FRMN,Chile,ISIC4_F,TOTAL,2
2021,EN_SCP_FRMN,Chile,ISIC4_G,TOTAL,32
2021,EN_SCP_FRMN,Chile,ISIC4_F,TOTAL,2
2021,EN_SCP_FRMN,Chile,ISIC4_L,TOTAL,2
2021,EN_SCP_FRMN,Chile,ISIC4_C,TOTAL,5
2021,EN_SCP_FRMN,Chile,TOTAL,TOTAL,32
2021,EN_SCP_FRMN,Chile,ISIC4_M,TOTAL,1
2021,EN_SCP_FRMN,Chile,ISIC4_J,TOTAL,1
2021,EN_SCP_FRMN,Chile,ISIC4_K,TOTAL,6
2021,EN_SCP_FRMN,Chile,ISIC4_H,TOTAL,2
2021,EN_SCP_FRMN,Chile,ISIC4_B,TOTAL,1
2016,EN_SCP_FRMN,China,ISIC4_L,TOTAL,2
2016,EN_SCP_FRMN,China,ISIC4_C,TOTAL,40
2016,EN_SCP_FRMN,China,ISIC4_J,TOTAL,4
2016,EN_SCP_FRMN,China,ISIC4_F,TOTAL,13
2016,EN_SCP_FRMN,China,ISIC4_B,TOTAL,5
2016,EN_SCP_FRMN,China,ISIC4_K,TOTAL,18
2016,EN_SCP_FRMN,China,TOTAL,TOTAL,102
2016,EN_SCP_FRMN,China,ISIC4_H,TOTAL,6
2016,EN_SCP_FRMN,China,ISIC4_G,TOTAL,102
2017,EN_SCP_FRMN,China,ISIC4_I,TOTAL,1
2017,EN_SCP_FRMN,China,ISIC4_L,TOTAL,4
2017,EN_SCP_FRMN,China,ISIC4_M,TOTAL,6
2017,EN_SCP_FRMN,China,ISIC4_A,TOTAL,1
2017,EN_SCP_FRMN,China,TOTAL,TOTAL,241
2017,EN_SCP_FRMN,China,ISIC4_G,TOTAL,241
2017,EN_SCP_FRMN,China,ISIC4_B,TOTAL,11
2017,EN_SCP_FRMN,China,ISIC4_F,TOTAL,26
2017,EN_SCP_FRMN,China,ISIC4_J,TOTAL,7
2017,EN_SCP_FRMN,China,ISIC4_C,TOTAL,96
2017,EN_SCP_FRMN,China,ISIC4_Q,TOTAL,1
2017,EN_SCP_FRMN,China,ISIC4_R,TOTAL,1
2017,EN_SCP_FRMN,China,ISIC4_H,TOTAL,12
2017,EN_SCP_FRMN,China,ISIC4_K,TOTAL,46
2018,EN_SCP_FRMN,China,ISIC4_B,TOTAL,12
2018,EN_SCP_FRMN,China,ISIC4_K,TOTAL,51
2018,EN_SCP_FRMN,China,ISIC4_I,TOTAL,2
2018,EN_SCP_FRMN,China,TOTAL,TOTAL,293
2018,EN_SCP_FRMN,China,ISIC4_C,TOTAL,120
2018,EN_SCP_FRMN,China,ISIC4_J,TOTAL,11
2018,EN_SCP_FRMN,China,ISIC4_Q,TOTAL,1
2018,EN_SCP_FRMN,China,ISIC4_F,TOTAL,31
2018,EN_SCP_FRMN,China,ISIC4_G,TOTAL,293
2018,EN_SCP_FRMN,China,ISIC4_H,TOTAL,14
2018,EN_SCP_FRMN,China,ISIC4_A,TOTAL,2
2018,EN_SCP_FRMN,China,ISIC4_R,TOTAL,1
2018,EN_SCP_FRMN,China,ISIC4_M,TOTAL,8
2018,EN_SCP_FRMN,China,ISIC4_L,TOTAL,4
2019,EN_SCP_FRMN,China,ISIC4_C,TOTAL,253
2019,EN_SCP_FRMN,China,ISIC4_J,TOTAL,23
2019,EN_SCP_FRMN,China,ISIC4_G,TOTAL,520
2019,EN_SCP_FRMN,China,ISIC4_P,TOTAL,3
2019,EN_SCP_FRMN,China,ISIC4_L,TOTAL,8
2019,EN_SCP_FRMN,China,ISIC4_H,TOTAL,23
2019,EN_SCP_FRMN,China,ISIC4_Q,TOTAL,4
2019,EN_SCP_FRMN,China,ISIC4_A,TOTAL,4
2019,EN_SCP_FRMN,China,ISIC4_I,TOTAL,3
2019,EN_SCP_FRMN,China,ISIC4_K,TOTAL,65
2019,EN_SCP_FRMN,China,ISIC4_N,TOTAL,5
2019,EN_SCP_FRMN,China,ISIC4_B,TOTAL,18
2019,EN_SCP_FRMN,China,ISIC4_M,TOTAL,18
2019,EN_SCP_FRMN,China,ISIC4_F,TOTAL,40
2019,EN_SCP_FRMN,China,ISIC4_R,TOTAL,1
2019,EN_SCP_FRMN,China,TOTAL,TOTAL,520
2020,EN_SCP_FRMN,China,ISIC4_I,TOTAL,5
2020,EN_SCP_FRMN,China,ISIC4_A,TOTAL,5
2020,EN_SCP_FRMN,China,ISIC4_K,TOTAL,72
2020,EN_SCP_FRMN,China,ISIC4_B,TOTAL,22
2020,EN_SCP_FRMN,China,ISIC4_L,TOTAL,13
2020,EN_SCP_FRMN,China,ISIC4_P,TOTAL,4
2020,EN_SCP_FRMN,China,TOTAL,TOTAL,681
2020,EN_SCP_FRMN,China,ISIC4_F,TOTAL,48
2020,EN_SCP_FRMN,China,ISIC4_N,TOTAL,6
2020,EN_SCP_FRMN,China,ISIC4_R,TOTAL,1
2020,EN_SCP_FRMN,China,ISIC4_J,TOTAL,28
2020,EN_SCP_FRMN,China,ISIC4_Q,TOTAL,5
2020,EN_SCP_FRMN,China,ISIC4_G,TOTAL,681
2020,EN_SCP_FRMN,China,ISIC4_M,TOTAL,28
2020,EN_SCP_FRMN,China,ISIC4_H,TOTAL,29
2020,EN_SCP_FRMN,China,ISIC4_C,TOTAL,349
2021,EN_SCP_FRMN,China,ISIC4_J,TOTAL,36
2021,EN_SCP_FRMN,China,ISIC4_N,TOTAL,7
2021,EN_SCP_FRMN,China,ISIC4_F,TOTAL,65
2021,EN_SCP_FRMN,China,ISIC4_M,TOTAL,32
2021,EN_SCP_FRMN,China,ISIC4_Q,TOTAL,6
2021,EN_SCP_FRMN,China,ISIC4_R,TOTAL,1
2021,EN_SCP_FRMN,China,ISIC4_C,TOTAL,464
2021,EN_SCP_FRMN,China,ISIC4_L,TOTAL,14
2021,EN_SCP_FRMN,China,ISIC4_G,TOTAL,891
2021,EN_SCP_FRMN,China,ISIC4_B,TOTAL,33
2021,EN_SCP_FRMN,China,ISIC4_P,TOTAL,4
2021,EN_SCP_FRMN,China,ISIC4_I,TOTAL,5
2021,EN_SCP_FRMN,China,ISIC4_A,TOTAL,6
2021,EN_SCP_FRMN,China,ISIC4_K,TOTAL,99
2021,EN_SCP_FRMN,China,ISIC4_H,TOTAL,35
2021,EN_SCP_FRMN,China,TOTAL,TOTAL,891
2016,EN_SCP_FRMN,Colombia,ISIC4_J,TOTAL,1
2016,EN_SCP_FRMN,Colombia,ISIC4_G,TOTAL,10
2016,EN_SCP_FRMN,Colombia,ISIC4_K,TOTAL,4
2016,EN_SCP_FRMN,Colombia,ISIC4_B,TOTAL,1
2016,EN_SCP_FRMN,Colombia,ISIC4_C,TOTAL,3
2016,EN_SCP_FRMN,Colombia,TOTAL,TOTAL,10
2017,EN_SCP_FRMN,Colombia,ISIC4_G,TOTAL,11
2017,EN_SCP_FRMN,Colombia,ISIC4_J,TOTAL,1
2017,EN_SCP_FRMN,Colombia,ISIC4_B,TOTAL,1
2017,EN_SCP_FRMN,Colombia,ISIC4_C,TOTAL,3
2017,EN_SCP_FRMN,Colombia,ISIC4_K,TOTAL,4
2017,EN_SCP_FRMN,Colombia,TOTAL,TOTAL,11
2017,EN_SCP_FRMN,Colombia,ISIC4_F,TOTAL,1
2018,EN_SCP_FRMN,Colombia,ISIC4_B,TOTAL,1
2018,EN_SCP_FRMN,Colombia,TOTAL,TOTAL,12
2018,EN_SCP_FRMN,Colombia,ISIC4_G,TOTAL,12
2018,EN_SCP_FRMN,Colombia,ISIC4_F,TOTAL,1
2018,EN_SCP_FRMN,Colombia,ISIC4_C,TOTAL,3
2018,EN_SCP_FRMN,Colombia,ISIC4_J,TOTAL,1
2018,EN_SCP_FRMN,Colombia,ISIC4_K,TOTAL,5
2019,EN_SCP_FRMN,Colombia,ISIC4_J,TOTAL,1
2019,EN_SCP_FRMN,Colombia,ISIC4_G,TOTAL,14
2019,EN_SCP_FRMN,Colombia,ISIC4_B,TOTAL,1
2019,EN_SCP_FRMN,Colombia,ISIC4_K,TOTAL,6
2019,EN_SCP_FRMN,Colombia,ISIC4_F,TOTAL,1
2019,EN_SCP_FRMN,Colombia,ISIC4_C,TOTAL,4
2019,EN_SCP_FRMN,Colombia,TOTAL,TOTAL,14
2020,EN_SCP_FRMN,Colombia,ISIC4_J,TOTAL,1
2020,EN_SCP_FRMN,Colombia,ISIC4_B,TOTAL,1
2020,EN_SCP_FRMN,Colombia,ISIC4_F,TOTAL,1
2020,EN_SCP_FRMN,Colombia,ISIC4_G,TOTAL,14
2020,EN_SCP_FRMN,Colombia,TOTAL,TOTAL,14
2020,EN_SCP_FRMN,Colombia,ISIC4_K,TOTAL,6
2020,EN_SCP_FRMN,Colombia,ISIC4_C,TOTAL,4
2021,EN_SCP_FRMN,Colombia,ISIC4_J,TOTAL,1
2021,EN_SCP_FRMN,Colombia,ISIC4_F,TOTAL,1
2021,EN_SCP_FRMN,Colombia,ISIC4_G,TOTAL,14
2021,EN_SCP_FRMN,Colombia,ISIC4_C,TOTAL,4
2021,EN_SCP_FRMN,Colombia,TOTAL,TOTAL,14
2021,EN_SCP_FRMN,Colombia,ISIC4_B,TOTAL,1
2021,EN_SCP_FRMN,Colombia,ISIC4_K,TOTAL,6
2016,EN_SCP_FRMN,Cyprus,ISIC4_B,TOTAL,1
2016,EN_SCP_FRMN,Cyprus,ISIC4_G,TOTAL,1
2016,EN_SCP_FRMN,Cyprus,TOTAL,TOTAL,1
2017,EN_SCP_FRMN,Cyprus,ISIC4_B,TOTAL,1
2017,EN_SCP_FRMN,Cyprus,ISIC4_G,TOTAL,2
2017,EN_SCP_FRMN,Cyprus,TOTAL,TOTAL,2
2017,EN_SCP_FRMN,Cyprus,ISIC4_K,TOTAL,1
2018,EN_SCP_FRMN,Cyprus,ISIC4_B,TOTAL,1
2018,EN_SCP_FRMN,Cyprus,TOTAL,TOTAL,4
2018,EN_SCP_FRMN,Cyprus,ISIC4_G,TOTAL,4
2018,EN_SCP_FRMN,Cyprus,ISIC4_H,TOTAL,1
2018,EN_SCP_FRMN,Cyprus,ISIC4_K,TOTAL,1
2018,EN_SCP_FRMN,Cyprus,ISIC4_A,TOTAL,1
2019,EN_SCP_FRMN,Cyprus,ISIC4_G,TOTAL,9
2019,EN_SCP_FRMN,Cyprus,ISIC4_A,TOTAL,1
2019,EN_SCP_FRMN,Cyprus,ISIC4_K,TOTAL,2
2019,EN_SCP_FRMN,Cyprus,ISIC4_B,TOTAL,1
2019,EN_SCP_FRMN,Cyprus,ISIC4_H,TOTAL,2
2019,EN_SCP_FRMN,Cyprus,ISIC4_N,TOTAL,1
2019,EN_SCP_FRMN,Cyprus,TOTAL,TOTAL,9
2019,EN_SCP_FRMN,Cyprus,ISIC4_F,TOTAL,1
2019,EN_SCP_FRMN,Cyprus,ISIC4_M,TOTAL,1
2020,EN_SCP_FRMN,Cyprus,ISIC4_B,TOTAL,1
2020,EN_SCP_FRMN,Cyprus,ISIC4_F,TOTAL,1
2020,EN_SCP_FRMN,Cyprus,TOTAL,TOTAL,10
2020,EN_SCP_FRMN,Cyprus,ISIC4_K,TOTAL,2
2020,EN_SCP_FRMN,Cyprus,ISIC4_G,TOTAL,10
2020,EN_SCP_FRMN,Cyprus,ISIC4_H,TOTAL,2
2020,EN_SCP_FRMN,Cyprus,ISIC4_A,TOTAL,1
2020,EN_SCP_FRMN,Cyprus,ISIC4_N,TOTAL,1
2020,EN_SCP_FRMN,Cyprus,ISIC4_M,TOTAL,1
2020,EN_SCP_FRMN,Cyprus,ISIC4_Q,TOTAL,1
2021,EN_SCP_FRMN,Cyprus,ISIC4_A,TOTAL,1
2021,EN_SCP_FRMN,Cyprus,ISIC4_Q,TOTAL,1
2021,EN_SCP_FRMN,Cyprus,ISIC4_M,TOTAL,1
2021,EN_SCP_FRMN,Cyprus,ISIC4_B,TOTAL,2
2021,EN_SCP_FRMN,Cyprus,ISIC4_N,TOTAL,1
2021,EN_SCP_FRMN,Cyprus,TOTAL,TOTAL,12
2021,EN_SCP_FRMN,Cyprus,ISIC4_K,TOTAL,2
2021,EN_SCP_FRMN,Cyprus,ISIC4_G,TOTAL,12
2021,EN_SCP_FRMN,Cyprus,ISIC4_H,TOTAL,2
2021,EN_SCP_FRMN,Cyprus,ISIC4_F,TOTAL,1
2016,EN_SCP_FRMN,Czechia,ISIC4_K,TOTAL,1
2016,EN_SCP_FRMN,Czechia,ISIC4_G,TOTAL,1
2016,EN_SCP_FRMN,Czechia,TOTAL,TOTAL,1
2017,EN_SCP_FRMN,Czechia,ISIC4_G,TOTAL,2
2017,EN_SCP_FRMN,Czechia,TOTAL,TOTAL,2
2017,EN_SCP_FRMN,Czechia,ISIC4_K,TOTAL,2
2018,EN_SCP_FRMN,Czechia,ISIC4_K,TOTAL,2
2018,EN_SCP_FRMN,Czechia,ISIC4_G,TOTAL,2
2018,EN_SCP_FRMN,Czechia,TOTAL,TOTAL,2
2019,EN_SCP_FRMN,Czechia,ISIC4_G,TOTAL,2
2019,EN_SCP_FRMN,Czechia,ISIC4_K,TOTAL,2
2019,EN_SCP_FRMN,Czechia,TOTAL,TOTAL,2
2020,EN_SCP_FRMN,Czechia,ISIC4_G,TOTAL,2
2020,EN_SCP_FRMN,Czechia,TOTAL,TOTAL,2
2020,EN_SCP_FRMN,Czechia,ISIC4_K,TOTAL,2
2021,EN_SCP_FRMN,Czechia,TOTAL,TOTAL,2
2021,EN_SCP_FRMN,Czechia,ISIC4_G,TOTAL,2
2021,EN_SCP_FRMN,Czechia,ISIC4_K,TOTAL,2
2016,EN_SCP_FRMN,Denmark,ISIC4_N,TOTAL,1
2016,EN_SCP_FRMN,Denmark,TOTAL,TOTAL,25
2016,EN_SCP_FRMN,Denmark,ISIC4_C,TOTAL,14
2016,EN_SCP_FRMN,Denmark,ISIC4_J,TOTAL,1
2016,EN_SCP_FRMN,Denmark,ISIC4_K,TOTAL,4
2016,EN_SCP_FRMN,Denmark,ISIC4_M,TOTAL,1
2016,EN_SCP_FRMN,Denmark,ISIC4_H,TOTAL,3
2016,EN_SCP_FRMN,Denmark,ISIC4_G,TOTAL,25
2017,EN_SCP_FRMN,Denmark,TOTAL,TOTAL,28
2017,EN_SCP_FRMN,Denmark,ISIC4_C,TOTAL,15
2017,EN_SCP_FRMN,Denmark,ISIC4_K,TOTAL,5
2017,EN_SCP_FRMN,Denmark,ISIC4_N,TOTAL,1
2017,EN_SCP_FRMN,Denmark,ISIC4_M,TOTAL,1
2017,EN_SCP_FRMN,Denmark,ISIC4_G,TOTAL,28
2017,EN_SCP_FRMN,Denmark,ISIC4_J,TOTAL,1
2017,EN_SCP_FRMN,Denmark,ISIC4_H,TOTAL,3
2018,EN_SCP_FRMN,Denmark,ISIC4_J,TOTAL,1
2018,EN_SCP_FRMN,Denmark,ISIC4_K,TOTAL,6
2018,EN_SCP_FRMN,Denmark,ISIC4_N,TOTAL,1
2018,EN_SCP_FRMN,Denmark,ISIC4_M,TOTAL,2
2018,EN_SCP_FRMN,Denmark,TOTAL,TOTAL,36
2018,EN_SCP_FRMN,Denmark,ISIC4_G,TOTAL,36
2018,EN_SCP_FRMN,Denmark,ISIC4_F,TOTAL,1
2018,EN_SCP_FRMN,Denmark,ISIC4_C,TOTAL,19
2018,EN_SCP_FRMN,Denmark,ISIC4_H,TOTAL,4
2019,EN_SCP_FRMN,Denmark,TOTAL,TOTAL,44
2019,EN_SCP_FRMN,Denmark,ISIC4_J,TOTAL,1
2019,EN_SCP_FRMN,Denmark,ISIC4_G,TOTAL,44
2019,EN_SCP_FRMN,Denmark,ISIC4_B,TOTAL,1
2019,EN_SCP_FRMN,Denmark,ISIC4_F,TOTAL,2
2019,EN_SCP_FRMN,Denmark,ISIC4_N,TOTAL,1
2019,EN_SCP_FRMN,Denmark,ISIC4_H,TOTAL,4
2019,EN_SCP_FRMN,Denmark,ISIC4_K,TOTAL,7
2019,EN_SCP_FRMN,Denmark,ISIC4_C,TOTAL,22
2019,EN_SCP_FRMN,Denmark,ISIC4_M,TOTAL,3
2020,EN_SCP_FRMN,Denmark,ISIC4_B,TOTAL,1
2020,EN_SCP_FRMN,Denmark,ISIC4_L,TOTAL,1
2020,EN_SCP_FRMN,Denmark,ISIC4_N,TOTAL,1
2020,EN_SCP_FRMN,Denmark,TOTAL,TOTAL,55
2020,EN_SCP_FRMN,Denmark,ISIC4_M,TOTAL,5
2020,EN_SCP_FRMN,Denmark,ISIC4_F,TOTAL,3
2020,EN_SCP_FRMN,Denmark,ISIC4_K,TOTAL,7
2020,EN_SCP_FRMN,Denmark,ISIC4_C,TOTAL,26
2020,EN_SCP_FRMN,Denmark,ISIC4_H,TOTAL,5
2020,EN_SCP_FRMN,Denmark,ISIC4_J,TOTAL,3
2020,EN_SCP_FRMN,Denmark,ISIC4_G,TOTAL,55
2021,EN_SCP_FRMN,Denmark,ISIC4_N,TOTAL,1
2021,EN_SCP_FRMN,Denmark,ISIC4_G,TOTAL,58
2021,EN_SCP_FRMN,Denmark,ISIC4_L,TOTAL,1
2021,EN_SCP_FRMN,Denmark,ISIC4_M,TOTAL,6
2021,EN_SCP_FRMN,Denmark,ISIC4_H,TOTAL,6
2021,EN_SCP_FRMN,Denmark,ISIC4_J,TOTAL,3
2021,EN_SCP_FRMN,Denmark,ISIC4_F,TOTAL,3
2021,EN_SCP_FRMN,Denmark,ISIC4_C,TOTAL,27
2021,EN_SCP_FRMN,Denmark,ISIC4_K,TOTAL,7
2021,EN_SCP_FRMN,Denmark,ISIC4_B,TOTAL,1
2021,EN_SCP_FRMN,Denmark,TOTAL,TOTAL,58
2016,EN_SCP_FRMN,Finland,ISIC4_M,TOTAL,1
2016,EN_SCP_FRMN,Finland,ISIC4_J,TOTAL,2
2016,EN_SCP_FRMN,Finland,ISIC4_G,TOTAL,21
2016,EN_SCP_FRMN,Finland,TOTAL,TOTAL,21
2016,EN_SCP_FRMN,Finland,ISIC4_K,TOTAL,1
2016,EN_SCP_FRMN,Finland,ISIC4_F,TOTAL,1
2016,EN_SCP_FRMN,Finland,ISIC4_C,TOTAL,14
2017,EN_SCP_FRMN,Finland,ISIC4_F,TOTAL,1
2017,EN_SCP_FRMN,Finland,ISIC4_K,TOTAL,1
2017,EN_SCP_FRMN,Finland,ISIC4_C,TOTAL,16
2017,EN_SCP_FRMN,Finland,ISIC4_M,TOTAL,1
2017,EN_SCP_FRMN,Finland,ISIC4_G,TOTAL,23
2017,EN_SCP_FRMN,Finland,ISIC4_J,TOTAL,2
2017,EN_SCP_FRMN,Finland,TOTAL,TOTAL,23
2018,EN_SCP_FRMN,Finland,TOTAL,TOTAL,29
2018,EN_SCP_FRMN,Finland,ISIC4_L,TOTAL,1
2018,EN_SCP_FRMN,Finland,ISIC4_J,TOTAL,3
2018,EN_SCP_FRMN,Finland,ISIC4_F,TOTAL,2
2018,EN_SCP_FRMN,Finland,ISIC4_H,TOTAL,1
2018,EN_SCP_FRMN,Finland,ISIC4_K,TOTAL,2
2018,EN_SCP_FRMN,Finland,ISIC4_G,TOTAL,29
2018,EN_SCP_FRMN,Finland,ISIC4_M,TOTAL,1
2018,EN_SCP_FRMN,Finland,ISIC4_C,TOTAL,16
2019,EN_SCP_FRMN,Finland,ISIC4_F,TOTAL,2
2019,EN_SCP_FRMN,Finland,TOTAL,TOTAL,37
2019,EN_SCP_FRMN,Finland,ISIC4_G,TOTAL,37
2019,EN_SCP_FRMN,Finland,ISIC4_J,TOTAL,5
2019,EN_SCP_FRMN,Finland,ISIC4_H,TOTAL,1
2019,EN_SCP_FRMN,Finland,ISIC4_M,TOTAL,2
2019,EN_SCP_FRMN,Finland,ISIC4_L,TOTAL,2
2019,EN_SCP_FRMN,Finland,ISIC4_C,TOTAL,19
2019,EN_SCP_FRMN,Finland,ISIC4_K,TOTAL,3
2020,EN_SCP_FRMN,Finland,TOTAL,TOTAL,62
2020,EN_SCP_FRMN,Finland,ISIC4_J,TOTAL,6
2020,EN_SCP_FRMN,Finland,ISIC4_C,TOTAL,31
2020,EN_SCP_FRMN,Finland,ISIC4_N,TOTAL,1
2020,EN_SCP_FRMN,Finland,ISIC4_M,TOTAL,4
2020,EN_SCP_FRMN,Finland,ISIC4_F,TOTAL,3
2020,EN_SCP_FRMN,Finland,ISIC4_Q,TOTAL,1
2020,EN_SCP_FRMN,Finland,ISIC4_G,TOTAL,62
2020,EN_SCP_FRMN,Finland,ISIC4_L,TOTAL,2
2020,EN_SCP_FRMN,Finland,ISIC4_K,TOTAL,4
2020,EN_SCP_FRMN,Finland,ISIC4_H,TOTAL,2
2021,EN_SCP_FRMN,Finland,ISIC4_L,TOTAL,2
2021,EN_SCP_FRMN,Finland,ISIC4_H,TOTAL,2
2021,EN_SCP_FRMN,Finland,ISIC4_J,TOTAL,7
2021,EN_SCP_FRMN,Finland,ISIC4_G,TOTAL,65
2021,EN_SCP_FRMN,Finland,ISIC4_K,TOTAL,4
2021,EN_SCP_FRMN,Finland,ISIC4_C,TOTAL,31
2021,EN_SCP_FRMN,Finland,ISIC4_N,TOTAL,1
2021,EN_SCP_FRMN,Finland,TOTAL,TOTAL,65
2021,EN_SCP_FRMN,Finland,ISIC4_F,TOTAL,3
2021,EN_SCP_FRMN,Finland,ISIC4_M,TOTAL,5
2021,EN_SCP_FRMN,Finland,ISIC4_Q,TOTAL,2
2016,EN_SCP_FRMN,France,ISIC4_Q,TOTAL,1
2016,EN_SCP_FRMN,France,ISIC4_F,TOTAL,3
2016,EN_SCP_FRMN,France,ISIC4_B,TOTAL,3
2016,EN_SCP_FRMN,France,ISIC4_I,TOTAL,3
2016,EN_SCP_FRMN,France,ISIC4_H,TOTAL,2
2016,EN_SCP_FRMN,France,ISIC4_L,TOTAL,4
2016,EN_SCP_FRMN,France,ISIC4_N,TOTAL,1
2016,EN_SCP_FRMN,France,ISIC4_C,TOTAL,29
2016,EN_SCP_FRMN,Ireland,ISIC4_R,TOTAL,1
2017,EN_SCP_FRMN,Ireland,ISIC4_H,TOTAL,1
2017,EN_SCP_FRMN,Ireland,ISIC4_G,TOTAL,21
2017,EN_SCP_FRMN,Ireland,ISIC4_K,TOTAL,2
2017,EN_SCP_FRMN,Ireland,ISIC4_S,TOTAL,1
2017,EN_SCP_FRMN,Ireland,ISIC4_R,TOTAL,1
2017,EN_SCP_FRMN,Ireland,ISIC4_C,TOTAL,11
2017,EN_SCP_FRMN,Ireland,ISIC4_B,TOTAL,1
2017,EN_SCP_FRMN,Ireland,ISIC4_M,TOTAL,2
2017,EN_SCP_FRMN,Ireland,TOTAL,TOTAL,21
2017,EN_SCP_FRMN,Ireland,ISIC4_N,TOTAL,1
2016,EN_SCP_FRMN,France,ISIC4_K,TOTAL,8
2016,EN_SCP_FRMN,France,ISIC4_M,TOTAL,11
2016,EN_SCP_FRMN,France,TOTAL,TOTAL,81
2016,EN_SCP_FRMN,France,ISIC4_G,TOTAL,81
2016,EN_SCP_FRMN,France,ISIC4_J,TOTAL,9
2017,EN_SCP_FRMN,France,ISIC4_S,TOTAL,1
2017,EN_SCP_FRMN,France,ISIC4_F,TOTAL,3
2017,EN_SCP_FRMN,France,ISIC4_L,TOTAL,4
2017,EN_SCP_FRMN,France,ISIC4_N,TOTAL,2
2017,EN_SCP_FRMN,France,ISIC4_B,TOTAL,4
2017,EN_SCP_FRMN,France,ISIC4_M,TOTAL,14
2018,EN_SCP_FRMN,Ireland,ISIC4_R,TOTAL,1
2018,EN_SCP_FRMN,Ireland,ISIC4_B,TOTAL,1
2018,EN_SCP_FRMN,Ireland,TOTAL,TOTAL,24
2018,EN_SCP_FRMN,Ireland,ISIC4_L,TOTAL,1
2018,EN_SCP_FRMN,Ireland,ISIC4_K,TOTAL,2
2018,EN_SCP_FRMN,Ireland,ISIC4_M,TOTAL,2
2018,EN_SCP_FRMN,Ireland,ISIC4_H,TOTAL,1
2018,EN_SCP_FRMN,Ireland,ISIC4_N,TOTAL,1
2018,EN_SCP_FRMN,Ireland,ISIC4_C,TOTAL,12
2018,EN_SCP_FRMN,Ireland,ISIC4_G,TOTAL,24
2018,EN_SCP_FRMN,Ireland,ISIC4_S,TOTAL,1
2019,EN_SCP_FRMN,Ireland,ISIC4_M,TOTAL,2
2019,EN_SCP_FRMN,Ireland,ISIC4_A,TOTAL,1
2019,EN_SCP_FRMN,Ireland,ISIC4_C,TOTAL,14
2019,EN_SCP_FRMN,Ireland,ISIC4_L,TOTAL,2
2019,EN_SCP_FRMN,Ireland,ISIC4_N,TOTAL,1
2019,EN_SCP_FRMN,Ireland,ISIC4_K,TOTAL,3
2019,EN_SCP_FRMN,Ireland,ISIC4_H,TOTAL,1
2019,EN_SCP_FRMN,Ireland,TOTAL,TOTAL,32
2019,EN_SCP_FRMN,Ireland,ISIC4_R,TOTAL,1
2019,EN_SCP_FRMN,Ireland,ISIC4_S,TOTAL,1
2019,EN_SCP_FRMN,Ireland,ISIC4_B,TOTAL,1
2019,EN_SCP_FRMN,Ireland,ISIC4_J,TOTAL,1
2019,EN_SCP_FRMN,Ireland,ISIC4_F,TOTAL,2
2019,EN_SCP_FRMN,Ireland,ISIC4_G,TOTAL,32
2020,EN_SCP_FRMN,Ireland,ISIC4_A,TOTAL,1
2020,EN_SCP_FRMN,Ireland,ISIC4_G,TOTAL,36
2020,EN_SCP_FRMN,Ireland,TOTAL,TOTAL,36
2020,EN_SCP_FRMN,Ireland,ISIC4_M,TOTAL,3
2020,EN_SCP_FRMN,Ireland,ISIC4_B,TOTAL,1
2020,EN_SCP_FRMN,Ireland,ISIC4_S,TOTAL,1
2020,EN_SCP_FRMN,Ireland,ISIC4_L,TOTAL,3
2020,EN_SCP_FRMN,Ireland,ISIC4_J,TOTAL,2
2017,EN_SCP_FRMN,France,ISIC4_K,TOTAL,9
2017,EN_SCP_FRMN,France,ISIC4_H,TOTAL,2
2017,EN_SCP_FRMN,France,ISIC4_C,TOTAL,29
2017,EN_SCP_FRMN,France,ISIC4_Q,TOTAL,1
2017,EN_SCP_FRMN,France,ISIC4_G,TOTAL,89
2017,EN_SCP_FRMN,France,TOTAL,TOTAL,89
2017,EN_SCP_FRMN,France,ISIC4_J,TOTAL,9
2017,EN_SCP_FRMN,France,ISIC4_I,TOTAL,3
2018,EN_SCP_FRMN,France,ISIC4_G,TOTAL,118
2018,EN_SCP_FRMN,France,ISIC4_B,TOTAL,4
2018,EN_SCP_FRMN,France,ISIC4_Q,TOTAL,2
2018,EN_SCP_FRMN,France,ISIC4_F,TOTAL,5
2018,EN_SCP_FRMN,France,ISIC4_C,TOTAL,43
2018,EN_SCP_FRMN,France,ISIC4_M,TOTAL,16
2018,EN_SCP_FRMN,France,TOTAL,TOTAL,118
2018,EN_SCP_FRMN,France,ISIC4_A,TOTAL,1
2018,EN_SCP_FRMN,France,ISIC4_K,TOTAL,11
2018,EN_SCP_FRMN,France,ISIC4_J,TOTAL,9
2018,EN_SCP_FRMN,France,ISIC4_I,TOTAL,3
2018,EN_SCP_FRMN,France,ISIC4_L,TOTAL,5
2018,EN_SCP_FRMN,France,ISIC4_N,TOTAL,5
2018,EN_SCP_FRMN,France,ISIC4_S,TOTAL,1
2020,EN_SCP_FRMN,Ireland,ISIC4_N,TOTAL,2
2020,EN_SCP_FRMN,Ireland,ISIC4_C,TOTAL,14
2020,EN_SCP_FRMN,Ireland,ISIC4_F,TOTAL,2
2020,EN_SCP_FRMN,Ireland,ISIC4_K,TOTAL,3
2020,EN_SCP_FRMN,Ireland,ISIC4_H,TOTAL,1
2020,EN_SCP_FRMN,Ireland,ISIC4_R,TOTAL,1
2021,EN_SCP_FRMN,Ireland,ISIC4_J,TOTAL,2
2021,EN_SCP_FRMN,Ireland,ISIC4_R,TOTAL,1
2021,EN_SCP_FRMN,Ireland,ISIC4_K,TOTAL,3
2021,EN_SCP_FRMN,Ireland,ISIC4_H,TOTAL,1
2021,EN_SCP_FRMN,Ireland,ISIC4_C,TOTAL,14
2021,EN_SCP_FRMN,Ireland,ISIC4_A,TOTAL,1
2021,EN_SCP_FRMN,Ireland,ISIC4_F,TOTAL,2
2021,EN_SCP_FRMN,Ireland,ISIC4_M,TOTAL,3
2021,EN_SCP_FRMN,Ireland,ISIC4_B,TOTAL,1
2021,EN_SCP_FRMN,Ireland,TOTAL,TOTAL,37
2021,EN_SCP_FRMN,Ireland,ISIC4_S,TOTAL,1
2021,EN_SCP_FRMN,Ireland,ISIC4_N,TOTAL,2
2021,EN_SCP_FRMN,Ireland,ISIC4_L,TOTAL,3
2021,EN_SCP_FRMN,Ireland,ISIC4_G,TOTAL,37
2016,EN_SCP_FRMN,Israel,ISIC4_C,TOTAL,1
2016,EN_SCP_FRMN,Israel,ISIC4_K,TOTAL,3
2016,EN_SCP_FRMN,Israel,TOTAL,TOTAL,4
2016,EN_SCP_FRMN,Israel,ISIC4_G,TOTAL,4
2017,EN_SCP_FRMN,Israel,ISIC4_K,TOTAL,3
2017,EN_SCP_FRMN,Israel,ISIC4_C,TOTAL,1
2017,EN_SCP_FRMN,Israel,TOTAL,TOTAL,4
2017,EN_SCP_FRMN,Israel,ISIC4_G,TOTAL,4
2018,EN_SCP_FRMN,Israel,ISIC4_C,TOTAL,2
2018,EN_SCP_FRMN,Israel,ISIC4_K,TOTAL,3
2018,EN_SCP_FRMN,Israel,ISIC4_G,TOTAL,5
2018,EN_SCP_FRMN,Israel,TOTAL,TOTAL,5
2019,EN_SCP_FRMN,Israel,TOTAL,TOTAL,5
2019,EN_SCP_FRMN,Israel,ISIC4_C,TOTAL,2
2019,EN_SCP_FRMN,Israel,ISIC4_K,TOTAL,3
2019,EN_SCP_FRMN,Israel,ISIC4_G,TOTAL,5
2020,EN_SCP_FRMN,Israel,TOTAL,TOTAL,6
2020,EN_SCP_FRMN,Israel,ISIC4_K,TOTAL,3
2020,EN_SCP_FRMN,Israel,ISIC4_G,TOTAL,6
2020,EN_SCP_FRMN,Israel,ISIC4_C,TOTAL,3
2021,EN_SCP_FRMN,Israel,ISIC4_C,TOTAL,4
2021,EN_SCP_FRMN,Israel,ISIC4_K,TOTAL,3
2021,EN_SCP_FRMN,Israel,ISIC4_J,TOTAL,1
2021,EN_SCP_FRMN,Israel,ISIC4_G,TOTAL,8
2021,EN_SCP_FRMN,Israel,TOTAL,TOTAL,8
2016,EN_SCP_FRMN,Italy,ISIC4_I,TOTAL,1
2016,EN_SCP_FRMN,Italy,ISIC4_C,TOTAL,6
2016,EN_SCP_FRMN,Italy,TOTAL,TOTAL,26
2016,EN_SCP_FRMN,Italy,ISIC4_G,TOTAL,26
2016,EN_SCP_FRMN,Italy,ISIC4_H,TOTAL,2
2016,EN_SCP_FRMN,Italy,ISIC4_J,TOTAL,3
2016,EN_SCP_FRMN,Italy,ISIC4_K,TOTAL,7
2017,EN_SCP_FRMN,Italy,ISIC4_I,TOTAL,1
2017,EN_SCP_FRMN,Italy,ISIC4_G,TOTAL,35
2017,EN_SCP_FRMN,Italy,ISIC4_H,TOTAL,2
2018,EN_SCP_FRMN,France,ISIC4_H,TOTAL,3
2019,EN_SCP_FRMN,France,ISIC4_I,TOTAL,3
2019,EN_SCP_FRMN,France,ISIC4_B,TOTAL,4
2019,EN_SCP_FRMN,France,ISIC4_N,TOTAL,5
2019,EN_SCP_FRMN,France,ISIC4_S,TOTAL,1
2019,EN_SCP_FRMN,France,ISIC4_K,TOTAL,12
2019,EN_SCP_FRMN,France,ISIC4_C,TOTAL,46
2019,EN_SCP_FRMN,France,ISIC4_Q,TOTAL,2
2019,EN_SCP_FRMN,France,TOTAL,TOTAL,123
2019,EN_SCP_FRMN,France,ISIC4_F,TOTAL,5
2019,EN_SCP_FRMN,France,ISIC4_A,TOTAL,1
2019,EN_SCP_FRMN,France,ISIC4_G,TOTAL,123
2019,EN_SCP_FRMN,France,ISIC4_L,TOTAL,6
2019,EN_SCP_FRMN,France,ISIC4_M,TOTAL,16
2019,EN_SCP_FRMN,France,ISIC4_H,TOTAL,3
2019,EN_SCP_FRMN,France,ISIC4_J,TOTAL,9
2020,EN_SCP_FRMN,France,ISIC4_L,TOTAL,8
2020,EN_SCP_FRMN,France,ISIC4_M,TOTAL,17
2020,EN_SCP_FRMN,France,ISIC4_I,TOTAL,3
2020,EN_SCP_FRMN,France,ISIC4_N,TOTAL,5
2020,EN_SCP_FRMN,France,ISIC4_J,TOTAL,10
2020,EN_SCP_FRMN,France,ISIC4_G,TOTAL,138
2020,EN_SCP_FRMN,France,ISIC4_B,TOTAL,4
2020,EN_SCP_FRMN,France,TOTAL,TOTAL,138
2020,EN_SCP_FRMN,France,ISIC4_K,TOTAL,12
2020,EN_SCP_FRMN,France,ISIC4_A,TOTAL,1
2020,EN_SCP_FRMN,France,ISIC4_C,TOTAL,53
2020,EN_SCP_FRMN,France,ISIC4_F,TOTAL,5
2020,EN_SCP_FRMN,France,ISIC4_S,TOTAL,1
2020,EN_SCP_FRMN,France,ISIC4_H,TOTAL,4
2020,EN_SCP_FRMN,France,ISIC4_Q,TOTAL,2
2021,EN_SCP_FRMN,France,ISIC4_H,TOTAL,4
2021,EN_SCP_FRMN,France,ISIC4_A,TOTAL,1
2021,EN_SCP_FRMN,France,TOTAL,TOTAL,150
2021,EN_SCP_FRMN,France,ISIC4_J,TOTAL,12
2021,EN_SCP_FRMN,France,ISIC4_G,TOTAL,150
2021,EN_SCP_FRMN,France,ISIC4_S,TOTAL,1
2021,EN_SCP_FRMN,France,ISIC4_K,TOTAL,13
2021,EN_SCP_FRMN,France,ISIC4_Q,TOTAL,2
2021,EN_SCP_FRMN,France,ISIC4_C,TOTAL,58
2021,EN_SCP_FRMN,France,ISIC4_I,TOTAL,3
2021,EN_SCP_FRMN,France,ISIC4_M,TOTAL,17
2021,EN_SCP_FRMN,France,ISIC4_N,TOTAL,4
2021,EN_SCP_FRMN,France,ISIC4_F,TOTAL,5
2021,EN_SCP_FRMN,France,ISIC4_L,TOTAL,11
2021,EN_SCP_FRMN,France,ISIC4_B,TOTAL,5
2018,EN_SCP_FRMN,Georgia,ISIC4_K,TOTAL,1
2018,EN_SCP_FRMN,Georgia,ISIC4_G,TOTAL,1
2018,EN_SCP_FRMN,Georgia,TOTAL,TOTAL,1
2019,EN_SCP_FRMN,Georgia,ISIC4_G,TOTAL,1
2019,EN_SCP_FRMN,Georgia,ISIC4_K,TOTAL,1
2019,EN_SCP_FRMN,Georgia,TOTAL,TOTAL,1
2020,EN_SCP_FRMN,Georgia,ISIC4_G,TOTAL,1
2020,EN_SCP_FRMN,Georgia,TOTAL,TOTAL,1
2020,EN_SCP_FRMN,Georgia,ISIC4_K,TOTAL,1
2021,EN_SCP_FRMN,Georgia,ISIC4_K,TOTAL,1
2021,EN_SCP_FRMN,Georgia,ISIC4_G,TOTAL,1
2021,EN_SCP_FRMN,Georgia,TOTAL,TOTAL,1
2016,EN_SCP_FRMN,Germany,ISIC4_K,TOTAL,7
2016,EN_SCP_FRMN,Germany,TOTAL,TOTAL,59
2016,EN_SCP_FRMN,Germany,ISIC4_G,TOTAL,59
2016,EN_SCP_FRMN,Germany,ISIC4_L,TOTAL,2
2016,EN_SCP_FRMN,Germany,ISIC4_M,TOTAL,1
2016,EN_SCP_FRMN,Germany,ISIC4_Q,TOTAL,3
2016,EN_SCP_FRMN,Germany,ISIC4_H,TOTAL,3
2016,EN_SCP_FRMN,Germany,ISIC4_J,TOTAL,5
2016,EN_SCP_FRMN,Germany,ISIC4_N,TOTAL,1
2016,EN_SCP_FRMN,Germany,ISIC4_F,TOTAL,1
2016,EN_SCP_FRMN,Germany,ISIC4_B,TOTAL,1
2016,EN_SCP_FRMN,Germany,ISIC4_C,TOTAL,27
2017,EN_SCP_FRMN,Germany,ISIC4_H,TOTAL,4
2017,EN_SCP_FRMN,Germany,TOTAL,TOTAL,86
2017,EN_SCP_FRMN,Germany,ISIC4_R,TOTAL,1
2017,EN_SCP_FRMN,Germany,ISIC4_Q,TOTAL,3
2017,EN_SCP_FRMN,Germany,ISIC4_L,TOTAL,6
2017,EN_SCP_FRMN,Germany,ISIC4_G,TOTAL,86
2017,EN_SCP_FRMN,Germany,ISIC4_J,TOTAL,8
2017,EN_SCP_FRMN,Germany,ISIC4_F,TOTAL,1
2017,EN_SCP_FRMN,Germany,ISIC4_N,TOTAL,1
2017,EN_SCP_FRMN,Germany,ISIC4_C,TOTAL,37
2017,EN_SCP_FRMN,Germany,ISIC4_B,TOTAL,1
2017,EN_SCP_FRMN,Germany,ISIC4_M,TOTAL,4
2017,EN_SCP_FRMN,Germany,ISIC4_K,TOTAL,8
2018,EN_SCP_FRMN,Germany,ISIC4_L,TOTAL,9
2018,EN_SCP_FRMN,Germany,ISIC4_H,TOTAL,4
2018,EN_SCP_FRMN,Germany,ISIC4_R,TOTAL,1
2018,EN_SCP_FRMN,Germany,ISIC4_J,TOTAL,12
2018,EN_SCP_FRMN,Germany,ISIC4_A,TOTAL,1
2018,EN_SCP_FRMN,Germany,ISIC4_N,TOTAL,2
2018,EN_SCP_FRMN,Germany,ISIC4_B,TOTAL,1
2018,EN_SCP_FRMN,Germany,ISIC4_C,TOTAL,54
2018,EN_SCP_FRMN,Germany,ISIC4_K,TOTAL,10
2018,EN_SCP_FRMN,Germany,ISIC4_Q,TOTAL,3
2018,EN_SCP_FRMN,Germany,ISIC4_G,TOTAL,120
2018,EN_SCP_FRMN,Germany,TOTAL,TOTAL,120
2018,EN_SCP_FRMN,Germany,ISIC4_M,TOTAL,7
2018,EN_SCP_FRMN,Germany,ISIC4_F,TOTAL,1
2019,EN_SCP_FRMN,Germany,ISIC4_H,TOTAL,4
2019,EN_SCP_FRMN,Germany,ISIC4_C,TOTAL,61
2019,EN_SCP_FRMN,Germany,ISIC4_J,TOTAL,13
2019,EN_SCP_FRMN,Germany,ISIC4_R,TOTAL,2
2019,EN_SCP_FRMN,Germany,ISIC4_L,TOTAL,10
2019,EN_SCP_FRMN,Germany,ISIC4_K,TOTAL,13
2019,EN_SCP_FRMN,Germany,ISIC4_A,TOTAL,1
2019,EN_SCP_FRMN,Germany,ISIC4_F,TOTAL,1
2019,EN_SCP_FRMN,Germany,ISIC4_N,TOTAL,3
2019,EN_SCP_FRMN,Germany,ISIC4_M,TOTAL,7
2019,EN_SCP_FRMN,Germany,ISIC4_B,TOTAL,1
2019,EN_SCP_FRMN,Germany,TOTAL,TOTAL,135
2019,EN_SCP_FRMN,Germany,ISIC4_G,TOTAL,135
2019,EN_SCP_FRMN,Germany,ISIC4_Q,TOTAL,3
2020,EN_SCP_FRMN,Germany,ISIC4_R,TOTAL,2
2020,EN_SCP_FRMN,Germany,ISIC4_F,TOTAL,3
2020,EN_SCP_FRMN,Germany,ISIC4_M,TOTAL,12
2020,EN_SCP_FRMN,Germany,ISIC4_H,TOTAL,4
2020,EN_SCP_FRMN,Germany,ISIC4_B,TOTAL,1
2020,EN_SCP_FRMN,Germany,ISIC4_A,TOTAL,1
2020,EN_SCP_FRMN,Germany,ISIC4_Q,TOTAL,3
2020,EN_SCP_FRMN,Germany,ISIC4_N,TOTAL,4
2020,EN_SCP_FRMN,Germany,ISIC4_G,TOTAL,181
2020,EN_SCP_FRMN,Germany,ISIC4_K,TOTAL,14
2020,EN_SCP_FRMN,Germany,ISIC4_J,TOTAL,20
2020,EN_SCP_FRMN,Germany,ISIC4_C,TOTAL,88
2020,EN_SCP_FRMN,Germany,TOTAL,TOTAL,181
2020,EN_SCP_FRMN,Germany,ISIC4_L,TOTAL,10
2021,EN_SCP_FRMN,Germany,TOTAL,TOTAL,195
2021,EN_SCP_FRMN,Germany,ISIC4_K,TOTAL,16
2021,EN_SCP_FRMN,Germany,ISIC4_F,TOTAL,3
2021,EN_SCP_FRMN,Germany,ISIC4_B,TOTAL,1
2021,EN_SCP_FRMN,Germany,ISIC4_C,TOTAL,94
2021,EN_SCP_FRMN,Germany,ISIC4_G,TOTAL,195
2021,EN_SCP_FRMN,Germany,ISIC4_A,TOTAL,1
2021,EN_SCP_FRMN,Germany,ISIC4_L,TOTAL,11
2021,EN_SCP_FRMN,Germany,ISIC4_H,TOTAL,4
2021,EN_SCP_FRMN,Germany,ISIC4_R,TOTAL,2
2021,EN_SCP_FRMN,Germany,ISIC4_J,TOTAL,23
2021,EN_SCP_FRMN,Germany,ISIC4_N,TOTAL,4
2021,EN_SCP_FRMN,Germany,ISIC4_S,TOTAL,1
2021,EN_SCP_FRMN,Germany,ISIC4_Q,TOTAL,3
2021,EN_SCP_FRMN,Germany,ISIC4_M,TOTAL,13
2016,EN_SCP_FRMN,Greece,ISIC4_R,TOTAL,1
2016,EN_SCP_FRMN,Greece,ISIC4_G,TOTAL,6
2016,EN_SCP_FRMN,Greece,TOTAL,TOTAL,6
2016,EN_SCP_FRMN,Greece,ISIC4_F,TOTAL,1
2016,EN_SCP_FRMN,Greece,ISIC4_K,TOTAL,2
2016,EN_SCP_FRMN,Greece,ISIC4_C,TOTAL,2
2017,EN_SCP_FRMN,Greece,ISIC4_C,TOTAL,3
2017,EN_SCP_FRMN,Greece,ISIC4_G,TOTAL,9
2017,EN_SCP_FRMN,Greece,ISIC4_F,TOTAL,2
2017,EN_SCP_FRMN,Greece,TOTAL,TOTAL,9
2017,EN_SCP_FRMN,Greece,ISIC4_K,TOTAL,2
2017,EN_SCP_FRMN,Greece,ISIC4_R,TOTAL,1
2018,EN_SCP_FRMN,Greece,ISIC4_C,TOTAL,4
2018,EN_SCP_FRMN,Greece,TOTAL,TOTAL,11
2018,EN_SCP_FRMN,Greece,ISIC4_K,TOTAL,2
2018,EN_SCP_FRMN,Greece,ISIC4_F,TOTAL,2
2018,EN_SCP_FRMN,Greece,ISIC4_R,TOTAL,1
2018,EN_SCP_FRMN,Greece,ISIC4_G,TOTAL,11
2019,EN_SCP_FRMN,Greece,ISIC4_R,TOTAL,1
2019,EN_SCP_FRMN,Greece,ISIC4_G,TOTAL,12
2019,EN_SCP_FRMN,Greece,ISIC4_C,TOTAL,4
2019,EN_SCP_FRMN,Greece,TOTAL,TOTAL,12
2019,EN_SCP_FRMN,Greece,ISIC4_H,TOTAL,1
2019,EN_SCP_FRMN,Greece,ISIC4_F,TOTAL,2
2019,EN_SCP_FRMN,Greece,ISIC4_K,TOTAL,2
2020,EN_SCP_FRMN,Greece,ISIC4_K,TOTAL,2
2020,EN_SCP_FRMN,Greece,ISIC4_G,TOTAL,13
2020,EN_SCP_FRMN,Greece,ISIC4_R,TOTAL,1
2020,EN_SCP_FRMN,Greece,ISIC4_H,TOTAL,2
2020,EN_SCP_FRMN,Greece,ISIC4_F,TOTAL,2
2020,EN_SCP_FRMN,Greece,ISIC4_C,TOTAL,4
2020,EN_SCP_FRMN,Greece,TOTAL,TOTAL,13
2021,EN_SCP_FRMN,Greece,ISIC4_R,TOTAL,1
2021,EN_SCP_FRMN,Greece,ISIC4_C,TOTAL,4
2021,EN_SCP_FRMN,Greece,TOTAL,TOTAL,13
2021,EN_SCP_FRMN,Greece,ISIC4_H,TOTAL,2
2017,EN_SCP_FRMN,Italy,ISIC4_J,TOTAL,4
2017,EN_SCP_FRMN,Italy,ISIC4_C,TOTAL,9
2017,EN_SCP_FRMN,Italy,TOTAL,TOTAL,35
2017,EN_SCP_FRMN,Italy,ISIC4_K,TOTAL,9
2018,EN_SCP_FRMN,Italy,ISIC4_G,TOTAL,66
2018,EN_SCP_FRMN,Italy,ISIC4_K,TOTAL,13
2018,EN_SCP_FRMN,Italy,ISIC4_L,TOTAL,1
2018,EN_SCP_FRMN,Italy,ISIC4_S,TOTAL,1
2018,EN_SCP_FRMN,Italy,ISIC4_J,TOTAL,5
2018,EN_SCP_FRMN,Italy,ISIC4_C,TOTAL,25
2018,EN_SCP_FRMN,Italy,ISIC4_M,TOTAL,1
2018,EN_SCP_FRMN,Italy,ISIC4_F,TOTAL,2
2018,EN_SCP_FRMN,Italy,TOTAL,TOTAL,66
2018,EN_SCP_FRMN,Italy,ISIC4_I,TOTAL,1
2018,EN_SCP_FRMN,Italy,ISIC4_H,TOTAL,3
2019,EN_SCP_FRMN,Italy,ISIC4_I,TOTAL,1
2019,EN_SCP_FRMN,Italy,ISIC4_H,TOTAL,3
2019,EN_SCP_FRMN,Italy,ISIC4_L,TOTAL,1
2019,EN_SCP_FRMN,Italy,ISIC4_F,TOTAL,2
2019,EN_SCP_FRMN,Italy,ISIC4_J,TOTAL,5
2019,EN_SCP_FRMN,Italy,ISIC4_S,TOTAL,1
2019,EN_SCP_FRMN,Italy,ISIC4_C,TOTAL,25
2019,EN_SCP_FRMN,Italy,ISIC4_K,TOTAL,15
2019,EN_SCP_FRMN,Italy,ISIC4_M,TOTAL,1
2019,EN_SCP_FRMN,Italy,ISIC4_G,TOTAL,68
2019,EN_SCP_FRMN,Italy,TOTAL,TOTAL,68
2020,EN_SCP_FRMN,Italy,TOTAL,TOTAL,89
2020,EN_SCP_FRMN,Italy,ISIC4_G,TOTAL,89
2020,EN_SCP_FRMN,Italy,ISIC4_N,TOTAL,1
2020,EN_SCP_FRMN,Italy,ISIC4_Q,TOTAL,1
2020,EN_SCP_FRMN,Italy,ISIC4_S,TOTAL,1
2020,EN_SCP_FRMN,Italy,ISIC4_L,TOTAL,1
2020,EN_SCP_FRMN,Italy,ISIC4_F,TOTAL,2
2020,EN_SCP_FRMN,Italy,ISIC4_H,TOTAL,4
2020,EN_SCP_FRMN,Italy,ISIC4_C,TOTAL,33
2020,EN_SCP_FRMN,Italy,ISIC4_J,TOTAL,10
2020,EN_SCP_FRMN,Italy,ISIC4_I,TOTAL,1
2020,EN_SCP_FRMN,Italy,ISIC4_M,TOTAL,3
2020,EN_SCP_FRMN,Italy,ISIC4_K,TOTAL,16
2021,EN_SCP_FRMN,Italy,ISIC4_M,TOTAL,3
2021,EN_SCP_FRMN,Italy,ISIC4_Q,TOTAL,1
2021,EN_SCP_FRMN,Italy,TOTAL,TOTAL,94
2021,EN_SCP_FRMN,Italy,ISIC4_L,TOTAL,1
2021,EN_SCP_FRMN,Italy,ISIC4_C,TOTAL,36
2021,EN_SCP_FRMN,Italy,ISIC4_F,TOTAL,2
2021,EN_SCP_FRMN,Italy,ISIC4_S,TOTAL,1
2021,EN_SCP_FRMN,Italy,ISIC4_J,TOTAL,9
2021,EN_SCP_FRMN,Italy,ISIC4_G,TOTAL,94
2021,EN_SCP_FRMN,Italy,ISIC4_N,TOTAL,2
2021,EN_SCP_FRMN,Italy,ISIC4_K,TOTAL,16
2021,EN_SCP_FRMN,Italy,ISIC4_I,TOTAL,1
2021,EN_SCP_FRMN,Italy,ISIC4_H,TOTAL,4
2016,EN_SCP_FRMN,Japan,ISIC4_L,TOTAL,7
2016,EN_SCP_FRMN,Japan,TOTAL,TOTAL,265
2016,EN_SCP_FRMN,Japan,ISIC4_G,TOTAL,265
2016,EN_SCP_FRMN,Japan,ISIC4_J,TOTAL,6
2016,EN_SCP_FRMN,Japan,ISIC4_F,TOTAL,13
2016,EN_SCP_FRMN,Japan,ISIC4_K,TOTAL,16
2016,EN_SCP_FRMN,Japan,ISIC4_M,TOTAL,10
2016,EN_SCP_FRMN,Japan,ISIC4_B,TOTAL,3
2016,EN_SCP_FRMN,Japan,ISIC4_R,TOTAL,1
2016,EN_SCP_FRMN,Japan,ISIC4_P,TOTAL,1
2016,EN_SCP_FRMN,Japan,ISIC4_I,TOTAL,1
2016,EN_SCP_FRMN,Japan,ISIC4_N,TOTAL,1
2016,EN_SCP_FRMN,Japan,ISIC4_H,TOTAL,12
2016,EN_SCP_FRMN,Japan,ISIC4_C,TOTAL,168
2017,EN_SCP_FRMN,Japan,ISIC4_G,TOTAL,274
2017,EN_SCP_FRMN,Japan,ISIC4_B,TOTAL,3
2017,EN_SCP_FRMN,Japan,ISIC4_J,TOTAL,8
2017,EN_SCP_FRMN,Japan,ISIC4_C,TOTAL,170
2017,EN_SCP_FRMN,Japan,ISIC4_F,TOTAL,13
2017,EN_SCP_FRMN,Japan,ISIC4_N,TOTAL,1
2017,EN_SCP_FRMN,Japan,ISIC4_P,TOTAL,1
2017,EN_SCP_FRMN,Japan,ISIC4_R,TOTAL,1
2017,EN_SCP_FRMN,Japan,ISIC4_L,TOTAL,9
2017,EN_SCP_FRMN,Japan,ISIC4_M,TOTAL,10
2017,EN_SCP_FRMN,Japan,TOTAL,TOTAL,274
2017,EN_SCP_FRMN,Japan,ISIC4_I,TOTAL,1
2017,EN_SCP_FRMN,Japan,ISIC4_K,TOTAL,16
2017,EN_SCP_FRMN,Japan,ISIC4_H,TOTAL,14
2018,EN_SCP_FRMN,Japan,ISIC4_K,TOTAL,20
2018,EN_SCP_FRMN,Japan,ISIC4_P,TOTAL,1
2018,EN_SCP_FRMN,Japan,ISIC4_R,TOTAL,1
2018,EN_SCP_FRMN,Japan,ISIC4_I,TOTAL,1
2018,EN_SCP_FRMN,Japan,ISIC4_N,TOTAL,1
2018,EN_SCP_FRMN,Japan,ISIC4_L,TOTAL,13
2018,EN_SCP_FRMN,Japan,ISIC4_J,TOTAL,9
2018,EN_SCP_FRMN,Japan,ISIC4_B,TOTAL,3
2018,EN_SCP_FRMN,Japan,TOTAL,TOTAL,296
2018,EN_SCP_FRMN,Japan,ISIC4_G,TOTAL,296
2018,EN_SCP_FRMN,Japan,ISIC4_C,TOTAL,174
2018,EN_SCP_FRMN,Japan,ISIC4_Q,TOTAL,1
2018,EN_SCP_FRMN,Japan,ISIC4_H,TOTAL,15
2018,EN_SCP_FRMN,Japan,ISIC4_F,TOTAL,14
2018,EN_SCP_FRMN,Japan,ISIC4_M,TOTAL,11
2019,EN_SCP_FRMN,Japan,ISIC4_C,TOTAL,183
2019,EN_SCP_FRMN,Japan,ISIC4_B,TOTAL,3
2019,EN_SCP_FRMN,Japan,ISIC4_I,TOTAL,2
2019,EN_SCP_FRMN,Japan,ISIC4_K,TOTAL,27
2019,EN_SCP_FRMN,Japan,ISIC4_R,TOTAL,1
2019,EN_SCP_FRMN,Japan,ISIC4_J,TOTAL,10
2019,EN_SCP_FRMN,Japan,ISIC4_L,TOTAL,17
2019,EN_SCP_FRMN,Japan,TOTAL,TOTAL,327
2019,EN_SCP_FRMN,Japan,ISIC4_S,TOTAL,1
2019,EN_SCP_FRMN,Japan,ISIC4_M,TOTAL,14
2019,EN_SCP_FRMN,Japan,ISIC4_G,TOTAL,327
2019,EN_SCP_FRMN,Japan,ISIC4_N,TOTAL,1
2019,EN_SCP_FRMN,Japan,ISIC4_Q,TOTAL,1
2019,EN_SCP_FRMN,Japan,ISIC4_F,TOTAL,15
2019,EN_SCP_FRMN,Japan,ISIC4_H,TOTAL,17
2019,EN_SCP_FRMN,Japan,ISIC4_P,TOTAL,1
2020,EN_SCP_FRMN,Japan,ISIC4_H,TOTAL,17
2020,EN_SCP_FRMN,Japan,ISIC4_P,TOTAL,1
2020,EN_SCP_FRMN,Japan,ISIC4_B,TOTAL,3
2020,EN_SCP_FRMN,Japan,ISIC4_N,TOTAL,1
2020,EN_SCP_FRMN,Japan,ISIC4_J,TOTAL,10
2020,EN_SCP_FRMN,Japan,ISIC4_C,TOTAL,190
2020,EN_SCP_FRMN,Japan,ISIC4_G,TOTAL,340
2020,EN_SCP_FRMN,Japan,ISIC4_I,TOTAL,2
2020,EN_SCP_FRMN,Japan,ISIC4_F,TOTAL,15
2020,EN_SCP_FRMN,Japan,TOTAL,TOTAL,340
2020,EN_SCP_FRMN,Japan,ISIC4_L,TOTAL,16
2020,EN_SCP_FRMN,Japan,ISIC4_R,TOTAL,1
2020,EN_SCP_FRMN,Japan,ISIC4_Q,TOTAL,1
2020,EN_SCP_FRMN,Japan,ISIC4_M,TOTAL,16
2020,EN_SCP_FRMN,Japan,ISIC4_S,TOTAL,1
2020,EN_SCP_FRMN,Japan,ISIC4_K,TOTAL,28
2021,EN_SCP_FRMN,Japan,ISIC4_P,TOTAL,1
2021,EN_SCP_FRMN,Japan,ISIC4_M,TOTAL,17
2021,EN_SCP_FRMN,Japan,ISIC4_Q,TOTAL,1
2021,EN_SCP_FRMN,Japan,ISIC4_J,TOTAL,11
2021,EN_SCP_FRMN,Japan,ISIC4_K,TOTAL,33
2021,EN_SCP_FRMN,Japan,ISIC4_N,TOTAL,2
2021,EN_SCP_FRMN,Japan,ISIC4_F,TOTAL,14
2021,EN_SCP_FRMN,Japan,TOTAL,TOTAL,367
2021,EN_SCP_FRMN,Japan,ISIC4_G,TOTAL,367
2021,EN_SCP_FRMN,Japan,ISIC4_I,TOTAL,3
2021,EN_SCP_FRMN,Japan,ISIC4_B,TOTAL,3
2021,EN_SCP_FRMN,Japan,ISIC4_S,TOTAL,1
2021,EN_SCP_FRMN,Japan,ISIC4_R,TOTAL,1
2021,EN_SCP_FRMN,Japan,ISIC4_C,TOTAL,198
2021,EN_SCP_FRMN,Japan,ISIC4_L,TOTAL,18
2021,EN_SCP_FRMN,Japan,ISIC4_H,TOTAL,19
2017,EN_SCP_FRMN,Kazakhstan,TOTAL,TOTAL,1
2017,EN_SCP_FRMN,Kazakhstan,ISIC4_G,TOTAL,1
2017,EN_SCP_FRMN,Kazakhstan,ISIC4_B,TOTAL,1
2018,EN_SCP_FRMN,Kazakhstan,ISIC4_G,TOTAL,2
2018,EN_SCP_FRMN,Kazakhstan,ISIC4_B,TOTAL,2
2018,EN_SCP_FRMN,Kazakhstan,TOTAL,TOTAL,2
2019,EN_SCP_FRMN,Kazakhstan,TOTAL,TOTAL,2
2019,EN_SCP_FRMN,Kazakhstan,ISIC4_G,TOTAL,2
2019,EN_SCP_FRMN,Kazakhstan,ISIC4_B,TOTAL,2
2020,EN_SCP_FRMN,Kazakhstan,TOTAL,TOTAL,2
2020,EN_SCP_FRMN,Kazakhstan,ISIC4_G,TOTAL,2
2020,EN_SCP_FRMN,Kazakhstan,ISIC4_B,TOTAL,2
2021,EN_SCP_FRMN,Kazakhstan,TOTAL,TOTAL,3
2021,EN_SCP_FRMN,Kazakhstan,ISIC4_G,TOTAL,3
2021,EN_SCP_FRMN,Kazakhstan,ISIC4_K,TOTAL,1
2021,EN_SCP_FRMN,Kazakhstan,ISIC4_B,TOTAL,2
2016,EN_SCP_FRMN,Republic of Korea,ISIC4_F,TOTAL,4
2016,EN_SCP_FRMN,Republic of Korea,TOTAL,TOTAL,28
2016,EN_SCP_FRMN,Republic of Korea,ISIC4_C,TOTAL,18
2016,EN_SCP_FRMN,Republic of Korea,ISIC4_G,TOTAL,28
2016,EN_SCP_FRMN,Republic of Korea,ISIC4_J,TOTAL,2
2016,EN_SCP_FRMN,Republic of Korea,ISIC4_K,TOTAL,2
2016,EN_SCP_FRMN,Republic of Korea,ISIC4_H,TOTAL,1
2017,EN_SCP_FRMN,Republic of Korea,ISIC4_J,TOTAL,2
2017,EN_SCP_FRMN,Republic of Korea,ISIC4_F,TOTAL,4
2017,EN_SCP_FRMN,Republic of Korea,ISIC4_K,TOTAL,3
2017,EN_SCP_FRMN,Republic of Korea,TOTAL,TOTAL,32
2017,EN_SCP_FRMN,Republic of Korea,ISIC4_C,TOTAL,22
2017,EN_SCP_FRMN,Republic of Korea,ISIC4_G,TOTAL,32
2018,EN_SCP_FRMN,Republic of Korea,ISIC4_G,TOTAL,34
2018,EN_SCP_FRMN,Republic of Korea,ISIC4_F,TOTAL,4
2018,EN_SCP_FRMN,Republic of Korea,ISIC4_J,TOTAL,2
2018,EN_SCP_FRMN,Republic of Korea,TOTAL,TOTAL,34
2018,EN_SCP_FRMN,Republic of Korea,ISIC4_C,TOTAL,24
2018,EN_SCP_FRMN,Republic of Korea,ISIC4_K,TOTAL,2
2019,EN_SCP_FRMN,Republic of Korea,ISIC4_M,TOTAL,1
2019,EN_SCP_FRMN,Republic of Korea,ISIC4_J,TOTAL,3
2019,EN_SCP_FRMN,Republic of Korea,ISIC4_G,TOTAL,41
2019,EN_SCP_FRMN,Republic of Korea,TOTAL,TOTAL,41
2019,EN_SCP_FRMN,Republic of Korea,ISIC4_C,TOTAL,25
2019,EN_SCP_FRMN,Republic of Korea,ISIC4_H,TOTAL,1
2019,EN_SCP_FRMN,Republic of Korea,ISIC4_F,TOTAL,4
2019,EN_SCP_FRMN,Republic of Korea,ISIC4_K,TOTAL,4
2020,EN_SCP_FRMN,Republic of Korea,ISIC4_H,TOTAL,1
2020,EN_SCP_FRMN,Republic of Korea,ISIC4_G,TOTAL,47
2020,EN_SCP_FRMN,Republic of Korea,ISIC4_M,TOTAL,1
2020,EN_SCP_FRMN,Republic of Korea,ISIC4_C,TOTAL,31
2020,EN_SCP_FRMN,Republic of Korea,TOTAL,TOTAL,47
2020,EN_SCP_FRMN,Republic of Korea,ISIC4_J,TOTAL,3
2020,EN_SCP_FRMN,Republic of Korea,ISIC4_K,TOTAL,4
2020,EN_SCP_FRMN,Republic of Korea,ISIC4_F,TOTAL,4
2021,EN_SCP_FRMN,Republic of Korea,ISIC4_M,TOTAL,2
2021,EN_SCP_FRMN,Republic of Korea,ISIC4_C,TOTAL,32
2021,EN_SCP_FRMN,Republic of Korea,ISIC4_J,TOTAL,4
2021,EN_SCP_FRMN,Republic of Korea,TOTAL,TOTAL,55
2021,EN_SCP_FRMN,Republic of Korea,ISIC4_K,TOTAL,7
2021,EN_SCP_FRMN,Republic of Korea,ISIC4_H,TOTAL,1
2021,EN_SCP_FRMN,Republic of Korea,ISIC4_G,TOTAL,55
2021,EN_SCP_FRMN,Republic of Korea,ISIC4_F,TOTAL,4
2018,EN_SCP_FRMN,Liechtenstein,TOTAL,TOTAL,1
2018,EN_SCP_FRMN,Liechtenstein,ISIC4_G,TOTAL,1
2018,EN_SCP_FRMN,Liechtenstein,ISIC4_K,TOTAL,1
2019,EN_SCP_FRMN,Liechtenstein,ISIC4_K,TOTAL,2
2019,EN_SCP_FRMN,Liechtenstein,ISIC4_G,TOTAL,2
2019,EN_SCP_FRMN,Liechtenstein,TOTAL,TOTAL,2
2020,EN_SCP_FRMN,Liechtenstein,ISIC4_K,TOTAL,2
2020,EN_SCP_FRMN,Liechtenstein,ISIC4_G,TOTAL,2
2020,EN_SCP_FRMN,Liechtenstein,TOTAL,TOTAL,2
2021,EN_SCP_FRMN,Liechtenstein,ISIC4_G,TOTAL,2
2021,EN_SCP_FRMN,Liechtenstein,TOTAL,TOTAL,2
2021,EN_SCP_FRMN,Liechtenstein,ISIC4_K,TOTAL,2
2016,EN_SCP_FRMN,Luxembourg,ISIC4_G,TOTAL,7
2016,EN_SCP_FRMN,Luxembourg,ISIC4_M,TOTAL,1
2016,EN_SCP_FRMN,Luxembourg,ISIC4_J,TOTAL,1
2021,EN_SCP_FRMN,Greece,ISIC4_F,TOTAL,2
2021,EN_SCP_FRMN,Greece,ISIC4_G,TOTAL,13
2021,EN_SCP_FRMN,Greece,ISIC4_K,TOTAL,2
2016,EN_SCP_FRMN,Luxembourg,TOTAL,TOTAL,7
2016,EN_SCP_FRMN,Luxembourg,ISIC4_C,TOTAL,4
2017,EN_SCP_FRMN,Luxembourg,ISIC4_C,TOTAL,4
2017,EN_SCP_FRMN,Luxembourg,TOTAL,TOTAL,8
2017,EN_SCP_FRMN,Luxembourg,ISIC4_G,TOTAL,8
2017,EN_SCP_FRMN,Luxembourg,ISIC4_J,TOTAL,1
2017,EN_SCP_FRMN,Luxembourg,ISIC4_M,TOTAL,1
2017,EN_SCP_FRMN,Luxembourg,ISIC4_L,TOTAL,1
2018,EN_SCP_FRMN,Luxembourg,ISIC4_L,TOTAL,1
2018,EN_SCP_FRMN,Luxembourg,ISIC4_C,TOTAL,5
2018,EN_SCP_FRMN,Luxembourg,ISIC4_J,TOTAL,1
2018,EN_SCP_FRMN,Luxembourg,ISIC4_G,TOTAL,10
2018,EN_SCP_FRMN,Luxembourg,ISIC4_M,TOTAL,1
2018,EN_SCP_FRMN,Luxembourg,ISIC4_N,TOTAL,1
2018,EN_SCP_FRMN,Luxembourg,TOTAL,TOTAL,10
2019,EN_SCP_FRMN,Luxembourg,ISIC4_J,TOTAL,1
2019,EN_SCP_FRMN,Luxembourg,ISIC4_B,TOTAL,1
2019,EN_SCP_FRMN,Luxembourg,TOTAL,TOTAL,15
2019,EN_SCP_FRMN,Luxembourg,ISIC4_M,TOTAL,2
2019,EN_SCP_FRMN,Luxembourg,ISIC4_N,TOTAL,1
2019,EN_SCP_FRMN,Luxembourg,ISIC4_G,TOTAL,15
2019,EN_SCP_FRMN,Luxembourg,ISIC4_C,TOTAL,7
2019,EN_SCP_FRMN,Luxembourg,ISIC4_L,TOTAL,2
2020,EN_SCP_FRMN,Luxembourg,ISIC4_N,TOTAL,1
2020,EN_SCP_FRMN,Luxembourg,ISIC4_K,TOTAL,1
2020,EN_SCP_FRMN,Luxembourg,ISIC4_G,TOTAL,21
2020,EN_SCP_FRMN,Luxembourg,ISIC4_L,TOTAL,4
2020,EN_SCP_FRMN,Luxembourg,ISIC4_A,TOTAL,1
2020,EN_SCP_FRMN,Luxembourg,ISIC4_B,TOTAL,1
2020,EN_SCP_FRMN,Luxembourg,ISIC4_C,TOTAL,7
2020,EN_SCP_FRMN,Luxembourg,ISIC4_J,TOTAL,1
2020,EN_SCP_FRMN,Luxembourg,TOTAL,TOTAL,21
2020,EN_SCP_FRMN,Luxembourg,ISIC4_M,TOTAL,3
2021,EN_SCP_FRMN,Luxembourg,ISIC4_J,TOTAL,2
2021,EN_SCP_FRMN,Luxembourg,ISIC4_C,TOTAL,7
2021,EN_SCP_FRMN,Luxembourg,ISIC4_L,TOTAL,4
2021,EN_SCP_FRMN,Luxembourg,ISIC4_G,TOTAL,24
2021,EN_SCP_FRMN,Luxembourg,ISIC4_K,TOTAL,1
2021,EN_SCP_FRMN,Luxembourg,ISIC4_B,TOTAL,1
2021,EN_SCP_FRMN,Luxembourg,TOTAL,TOTAL,24
2021,EN_SCP_FRMN,Luxembourg,ISIC4_A,TOTAL,1
2021,EN_SCP_FRMN,Luxembourg,ISIC4_M,TOTAL,3
2021,EN_SCP_FRMN,Luxembourg,ISIC4_H,TOTAL,1
2021,EN_SCP_FRMN,Luxembourg,ISIC4_N,TOTAL,1
2018,EN_SCP_FRMN,Malta,ISIC4_J,TOTAL,2
2018,EN_SCP_FRMN,Malta,TOTAL,TOTAL,2
2018,EN_SCP_FRMN,Malta,ISIC4_G,TOTAL,2
2019,EN_SCP_FRMN,Malta,ISIC4_K,TOTAL,1
2019,EN_SCP_FRMN,Malta,TOTAL,TOTAL,2
2019,EN_SCP_FRMN,Malta,ISIC4_G,TOTAL,2
2019,EN_SCP_FRMN,Malta,ISIC4_J,TOTAL,1
2020,EN_SCP_FRMN,Malta,ISIC4_J,TOTAL,2
2020,EN_SCP_FRMN,Malta,ISIC4_G,TOTAL,3
2020,EN_SCP_FRMN,Malta,TOTAL,TOTAL,3
2020,EN_SCP_FRMN,Malta,ISIC4_K,TOTAL,1
2021,EN_SCP_FRMN,Malta,ISIC4_J,TOTAL,3
2021,EN_SCP_FRMN,Malta,ISIC4_K,TOTAL,1
2021,EN_SCP_FRMN,Malta,ISIC4_G,TOTAL,5
2021,EN_SCP_FRMN,Malta,TOTAL,TOTAL,5
2021,EN_SCP_FRMN,Malta,ISIC4_A,TOTAL,1
2016,EN_SCP_FRMN,Mexico,ISIC4_J,TOTAL,2
2016,EN_SCP_FRMN,Mexico,ISIC4_I,TOTAL,1
2016,EN_SCP_FRMN,Mexico,ISIC4_B,TOTAL,2
2016,EN_SCP_FRMN,Mexico,ISIC4_C,TOTAL,10
2016,EN_SCP_FRMN,Mexico,TOTAL,TOTAL,23
2016,EN_SCP_FRMN,Mexico,ISIC4_H,TOTAL,2
2016,EN_SCP_FRMN,Mexico,ISIC4_K,TOTAL,3
2016,EN_SCP_FRMN,Mexico,ISIC4_G,TOTAL,23
2017,EN_SCP_FRMN,Mexico,ISIC4_B,TOTAL,2
2017,EN_SCP_FRMN,Mexico,ISIC4_G,TOTAL,24
2017,EN_SCP_FRMN,Mexico,ISIC4_J,TOTAL,2
2017,EN_SCP_FRMN,Mexico,ISIC4_H,TOTAL,2
2017,EN_SCP_FRMN,Mexico,TOTAL,TOTAL,24
2017,EN_SCP_FRMN,Mexico,ISIC4_I,TOTAL,1
2017,EN_SCP_FRMN,Mexico,ISIC4_C,TOTAL,11
2017,EN_SCP_FRMN,Mexico,ISIC4_K,TOTAL,3
2018,EN_SCP_FRMN,Mexico,ISIC4_H,TOTAL,2
2018,EN_SCP_FRMN,Mexico,ISIC4_C,TOTAL,11
2018,EN_SCP_FRMN,Mexico,ISIC4_G,TOTAL,24
2018,EN_SCP_FRMN,Mexico,TOTAL,TOTAL,24
2018,EN_SCP_FRMN,Mexico,ISIC4_B,TOTAL,2
2018,EN_SCP_FRMN,Mexico,ISIC4_J,TOTAL,2
2018,EN_SCP_FRMN,Mexico,ISIC4_I,TOTAL,1
2018,EN_SCP_FRMN,Mexico,ISIC4_K,TOTAL,3
2019,EN_SCP_FRMN,Mexico,ISIC4_B,TOTAL,2
2019,EN_SCP_FRMN,Mexico,ISIC4_I,TOTAL,1
2019,EN_SCP_FRMN,Mexico,ISIC4_L,TOTAL,1
2019,EN_SCP_FRMN,Mexico,ISIC4_J,TOTAL,2
2019,EN_SCP_FRMN,Mexico,ISIC4_H,TOTAL,2
2019,EN_SCP_FRMN,Mexico,ISIC4_K,TOTAL,3
2019,EN_SCP_FRMN,Mexico,ISIC4_A,TOTAL,1
2019,EN_SCP_FRMN,Mexico,ISIC4_C,TOTAL,13
2019,EN_SCP_FRMN,Mexico,TOTAL,TOTAL,28
2019,EN_SCP_FRMN,Mexico,ISIC4_G,TOTAL,28
2020,EN_SCP_FRMN,Mexico,ISIC4_K,TOTAL,3
2020,EN_SCP_FRMN,Mexico,ISIC4_L,TOTAL,1
2020,EN_SCP_FRMN,Mexico,ISIC4_G,TOTAL,31
2020,EN_SCP_FRMN,Mexico,TOTAL,TOTAL,31
2020,EN_SCP_FRMN,Mexico,ISIC4_J,TOTAL,3
2020,EN_SCP_FRMN,Mexico,ISIC4_H,TOTAL,2
2020,EN_SCP_FRMN,Mexico,ISIC4_B,TOTAL,3
2020,EN_SCP_FRMN,Mexico,ISIC4_I,TOTAL,1
2020,EN_SCP_FRMN,Mexico,ISIC4_A,TOTAL,1
2020,EN_SCP_FRMN,Mexico,ISIC4_C,TOTAL,13
2021,EN_SCP_FRMN,Mexico,ISIC4_H,TOTAL,4
2021,EN_SCP_FRMN,Mexico,ISIC4_R,TOTAL,1
2021,EN_SCP_FRMN,Mexico,ISIC4_A,TOTAL,1
2021,EN_SCP_FRMN,Mexico,ISIC4_K,TOTAL,5
2021,EN_SCP_FRMN,Mexico,ISIC4_I,TOTAL,1
2021,EN_SCP_FRMN,Mexico,ISIC4_L,TOTAL,4
2021,EN_SCP_FRMN,Mexico,ISIC4_C,TOTAL,23
2021,EN_SCP_FRMN,Mexico,ISIC4_B,TOTAL,3
2021,EN_SCP_FRMN,Mexico,ISIC4_Q,TOTAL,1
2021,EN_SCP_FRMN,Mexico,ISIC4_G,TOTAL,55
2021,EN_SCP_FRMN,Mexico,TOTAL,TOTAL,55
2021,EN_SCP_FRMN,Mexico,ISIC4_J,TOTAL,4
2016,EN_SCP_FRMN,Netherlands (Kingdom of the),ISIC4_N,TOTAL,1
2016,EN_SCP_FRMN,Netherlands (Kingdom of the),TOTAL,TOTAL,32
2016,EN_SCP_FRMN,Netherlands (Kingdom of the),ISIC4_F,TOTAL,1
2016,EN_SCP_FRMN,Netherlands (Kingdom of the),ISIC4_J,TOTAL,2
2016,EN_SCP_FRMN,Netherlands (Kingdom of the),ISIC4_C,TOTAL,13
2016,EN_SCP_FRMN,Netherlands (Kingdom of the),ISIC4_G,TOTAL,32
2016,EN_SCP_FRMN,Netherlands (Kingdom of the),ISIC4_L,TOTAL,2
2016,EN_SCP_FRMN,Netherlands (Kingdom of the),ISIC4_B,TOTAL,4
2016,EN_SCP_FRMN,Netherlands (Kingdom of the),ISIC4_H,TOTAL,2
2016,EN_SCP_FRMN,Netherlands (Kingdom of the),ISIC4_K,TOTAL,7
2017,EN_SCP_FRMN,Netherlands (Kingdom of the),ISIC4_L,TOTAL,2
2017,EN_SCP_FRMN,Netherlands (Kingdom of the),ISIC4_J,TOTAL,2
2017,EN_SCP_FRMN,Netherlands (Kingdom of the),ISIC4_C,TOTAL,15
2017,EN_SCP_FRMN,Netherlands (Kingdom of the),ISIC4_H,TOTAL,2
2017,EN_SCP_FRMN,Netherlands (Kingdom of the),ISIC4_F,TOTAL,1
2017,EN_SCP_FRMN,Netherlands (Kingdom of the),TOTAL,TOTAL,34
2017,EN_SCP_FRMN,Netherlands (Kingdom of the),ISIC4_G,TOTAL,34
2017,EN_SCP_FRMN,Netherlands (Kingdom of the),ISIC4_K,TOTAL,7
2017,EN_SCP_FRMN,Netherlands (Kingdom of the),ISIC4_B,TOTAL,4
2017,EN_SCP_FRMN,Netherlands (Kingdom of the),ISIC4_N,TOTAL,1
2018,EN_SCP_FRMN,Netherlands (Kingdom of the),ISIC4_K,TOTAL,7
2018,EN_SCP_FRMN,Netherlands (Kingdom of the),ISIC4_B,TOTAL,5
2018,EN_SCP_FRMN,Netherlands (Kingdom of the),ISIC4_C,TOTAL,17
2018,EN_SCP_FRMN,Netherlands (Kingdom of the),TOTAL,TOTAL,44
2018,EN_SCP_FRMN,Netherlands (Kingdom of the),ISIC4_G,TOTAL,44
2018,EN_SCP_FRMN,Netherlands (Kingdom of the),ISIC4_L,TOTAL,4
2018,EN_SCP_FRMN,Netherlands (Kingdom of the),ISIC4_H,TOTAL,2
2018,EN_SCP_FRMN,Netherlands (Kingdom of the),ISIC4_M,TOTAL,1
2018,EN_SCP_FRMN,Netherlands (Kingdom of the),ISIC4_J,TOTAL,2
2018,EN_SCP_FRMN,Netherlands (Kingdom of the),ISIC4_N,TOTAL,1
2018,EN_SCP_FRMN,Netherlands (Kingdom of the),ISIC4_I,TOTAL,1
2018,EN_SCP_FRMN,Netherlands (Kingdom of the),ISIC4_F,TOTAL,2
2019,EN_SCP_FRMN,Netherlands (Kingdom of the),ISIC4_C,TOTAL,20
2019,EN_SCP_FRMN,Netherlands (Kingdom of the),TOTAL,TOTAL,50
2019,EN_SCP_FRMN,Netherlands (Kingdom of the),ISIC4_G,TOTAL,50
2019,EN_SCP_FRMN,Netherlands (Kingdom of the),ISIC4_L,TOTAL,4
2019,EN_SCP_FRMN,Netherlands (Kingdom of the),ISIC4_J,TOTAL,3
2019,EN_SCP_FRMN,Netherlands (Kingdom of the),ISIC4_N,TOTAL,2
2019,EN_SCP_FRMN,Netherlands (Kingdom of the),ISIC4_M,TOTAL,1
2019,EN_SCP_FRMN,Netherlands (Kingdom of the),ISIC4_I,TOTAL,1
2019,EN_SCP_FRMN,Netherlands (Kingdom of the),ISIC4_B,TOTAL,5
2019,EN_SCP_FRMN,Netherlands (Kingdom of the),ISIC4_H,TOTAL,2
2019,EN_SCP_FRMN,Netherlands (Kingdom of the),ISIC4_K,TOTAL,8
2019,EN_SCP_FRMN,Netherlands (Kingdom of the),ISIC4_F,TOTAL,2
2020,EN_SCP_FRMN,Netherlands (Kingdom of the),ISIC4_H,TOTAL,2
2020,EN_SCP_FRMN,Netherlands (Kingdom of the),TOTAL,TOTAL,56
2020,EN_SCP_FRMN,Netherlands (Kingdom of the),ISIC4_C,TOTAL,22
2020,EN_SCP_FRMN,Netherlands (Kingdom of the),ISIC4_K,TOTAL,8
2020,EN_SCP_FRMN,Netherlands (Kingdom of the),ISIC4_J,TOTAL,5
2020,EN_SCP_FRMN,Netherlands (Kingdom of the),ISIC4_G,TOTAL,56
2020,EN_SCP_FRMN,Netherlands (Kingdom of the),ISIC4_B,TOTAL,5
2020,EN_SCP_FRMN,Netherlands (Kingdom of the),ISIC4_F,TOTAL,2
2020,EN_SCP_FRMN,Netherlands (Kingdom of the),ISIC4_M,TOTAL,2
2020,EN_SCP_FRMN,Netherlands (Kingdom of the),ISIC4_I,TOTAL,1
2020,EN_SCP_FRMN,Netherlands (Kingdom of the),ISIC4_L,TOTAL,4
2020,EN_SCP_FRMN,Netherlands (Kingdom of the),ISIC4_R,TOTAL,1
2020,EN_SCP_FRMN,Netherlands (Kingdom of the),ISIC4_N,TOTAL,2
2021,EN_SCP_FRMN,Netherlands (Kingdom of the),ISIC4_B,TOTAL,5
2021,EN_SCP_FRMN,Netherlands (Kingdom of the),ISIC4_L,TOTAL,5
2021,EN_SCP_FRMN,Netherlands (Kingdom of the),ISIC4_J,TOTAL,6
2021,EN_SCP_FRMN,Netherlands (Kingdom of the),ISIC4_C,TOTAL,22
2021,EN_SCP_FRMN,Netherlands (Kingdom of the),ISIC4_K,TOTAL,9
2021,EN_SCP_FRMN,Netherlands (Kingdom of the),ISIC4_N,TOTAL,2
2021,EN_SCP_FRMN,Netherlands (Kingdom of the),ISIC4_I,TOTAL,2
2021,EN_SCP_FRMN,Netherlands (Kingdom of the),ISIC4_M,TOTAL,2
2021,EN_SCP_FRMN,Netherlands (Kingdom of the),TOTAL,TOTAL,61
2021,EN_SCP_FRMN,Netherlands (Kingdom of the),ISIC4_G,TOTAL,61
2021,EN_SCP_FRMN,Netherlands (Kingdom of the),ISIC4_F,TOTAL,3
2021,EN_SCP_FRMN,Netherlands (Kingdom of the),ISIC4_H,TOTAL,2
2021,EN_SCP_FRMN,Netherlands (Kingdom of the),ISIC4_R,TOTAL,1
2016,EN_SCP_FRMN,New Zealand,ISIC4_H,TOTAL,3
2016,EN_SCP_FRMN,New Zealand,ISIC4_G,TOTAL,19
2016,EN_SCP_FRMN,New Zealand,ISIC4_A,TOTAL,2
2016,EN_SCP_FRMN,New Zealand,ISIC4_J,TOTAL,1
2016,EN_SCP_FRMN,New Zealand,ISIC4_C,TOTAL,1
2016,EN_SCP_FRMN,New Zealand,ISIC4_I,TOTAL,2
2016,EN_SCP_FRMN,New Zealand,TOTAL,TOTAL,19
2016,EN_SCP_FRMN,New Zealand,ISIC4_L,TOTAL,1
2017,EN_SCP_FRMN,New Zealand,ISIC4_C,TOTAL,1
2017,EN_SCP_FRMN,New Zealand,ISIC4_J,TOTAL,2
2017,EN_SCP_FRMN,New Zealand,ISIC4_A,TOTAL,2
2017,EN_SCP_FRMN,New Zealand,ISIC4_G,TOTAL,21
2017,EN_SCP_FRMN,New Zealand,ISIC4_I,TOTAL,2
2017,EN_SCP_FRMN,New Zealand,ISIC4_H,TOTAL,3
2017,EN_SCP_FRMN,New Zealand,TOTAL,TOTAL,21
2017,EN_SCP_FRMN,New Zealand,ISIC4_L,TOTAL,2
2018,EN_SCP_FRMN,New Zealand,ISIC4_J,TOTAL,3
2018,EN_SCP_FRMN,New Zealand,ISIC4_A,TOTAL,3
2018,EN_SCP_FRMN,New Zealand,ISIC4_C,TOTAL,1
2018,EN_SCP_FRMN,New Zealand,TOTAL,TOTAL,26
2018,EN_SCP_FRMN,New Zealand,ISIC4_I,TOTAL,2
2018,EN_SCP_FRMN,New Zealand,ISIC4_G,TOTAL,26
2018,EN_SCP_FRMN,New Zealand,ISIC4_L,TOTAL,2
2018,EN_SCP_FRMN,New Zealand,ISIC4_Q,TOTAL,1
2018,EN_SCP_FRMN,New Zealand,ISIC4_B,TOTAL,1
2018,EN_SCP_FRMN,New Zealand,ISIC4_K,TOTAL,1
2018,EN_SCP_FRMN,New Zealand,ISIC4_H,TOTAL,3
2019,EN_SCP_FRMN,New Zealand,ISIC4_L,TOTAL,4
2019,EN_SCP_FRMN,New Zealand,ISIC4_B,TOTAL,1
2019,EN_SCP_FRMN,New Zealand,ISIC4_J,TOTAL,3
2019,EN_SCP_FRMN,New Zealand,ISIC4_I,TOTAL,2
2019,EN_SCP_FRMN,New Zealand,ISIC4_G,TOTAL,29
2019,EN_SCP_FRMN,New Zealand,ISIC4_A,TOTAL,4
2019,EN_SCP_FRMN,New Zealand,ISIC4_H,TOTAL,3
2019,EN_SCP_FRMN,New Zealand,ISIC4_K,TOTAL,1
2019,EN_SCP_FRMN,New Zealand,TOTAL,TOTAL,29
2019,EN_SCP_FRMN,New Zealand,ISIC4_C,TOTAL,2
2020,EN_SCP_FRMN,New Zealand,ISIC4_Q,TOTAL,1
2020,EN_SCP_FRMN,New Zealand,ISIC4_A,TOTAL,4
2020,EN_SCP_FRMN,New Zealand,ISIC4_B,TOTAL,1
2020,EN_SCP_FRMN,New Zealand,ISIC4_H,TOTAL,5
2020,EN_SCP_FRMN,New Zealand,TOTAL,TOTAL,36
2020,EN_SCP_FRMN,New Zealand,ISIC4_C,TOTAL,3
2020,EN_SCP_FRMN,New Zealand,ISIC4_M,TOTAL,1
2020,EN_SCP_FRMN,New Zealand,ISIC4_K,TOTAL,1
2020,EN_SCP_FRMN,New Zealand,ISIC4_L,TOTAL,4
2020,EN_SCP_FRMN,New Zealand,ISIC4_I,TOTAL,2
2020,EN_SCP_FRMN,New Zealand,ISIC4_J,TOTAL,3
2020,EN_SCP_FRMN,New Zealand,ISIC4_G,TOTAL,36
2021,EN_SCP_FRMN,New Zealand,ISIC4_C,TOTAL,4
2021,EN_SCP_FRMN,New Zealand,ISIC4_H,TOTAL,6
2021,EN_SCP_FRMN,New Zealand,ISIC4_M,TOTAL,1
2021,EN_SCP_FRMN,New Zealand,TOTAL,TOTAL,45
2021,EN_SCP_FRMN,New Zealand,ISIC4_G,TOTAL,45
2021,EN_SCP_FRMN,New Zealand,ISIC4_Q,TOTAL,2
2021,EN_SCP_FRMN,New Zealand,ISIC4_K,TOTAL,2
2021,EN_SCP_FRMN,New Zealand,ISIC4_A,TOTAL,4
2021,EN_SCP_FRMN,New Zealand,ISIC4_B,TOTAL,1
2021,EN_SCP_FRMN,New Zealand,ISIC4_L,TOTAL,6
2021,EN_SCP_FRMN,New Zealand,ISIC4_I,TOTAL,2
2021,EN_SCP_FRMN,New Zealand,ISIC4_J,TOTAL,5
2016,EN_SCP_FRMN,Norway,ISIC4_J,TOTAL,2
2016,EN_SCP_FRMN,Norway,ISIC4_G,TOTAL,18
2016,EN_SCP_FRMN,Norway,ISIC4_C,TOTAL,7
2016,EN_SCP_FRMN,Norway,TOTAL,TOTAL,18
2016,EN_SCP_FRMN,Norway,ISIC4_M,TOTAL,1
2016,EN_SCP_FRMN,Norway,ISIC4_K,TOTAL,3
2016,EN_SCP_FRMN,Norway,ISIC4_B,TOTAL,4
2017,EN_SCP_FRMN,Norway,ISIC4_J,TOTAL,2
2017,EN_SCP_FRMN,Norway,ISIC4_M,TOTAL,1
2017,EN_SCP_FRMN,Norway,ISIC4_K,TOTAL,3
2017,EN_SCP_FRMN,Norway,ISIC4_C,TOTAL,9
2017,EN_SCP_FRMN,Norway,ISIC4_B,TOTAL,5
2017,EN_SCP_FRMN,Norway,ISIC4_G,TOTAL,21
2017,EN_SCP_FRMN,Norway,TOTAL,TOTAL,21
2018,EN_SCP_FRMN,Norway,ISIC4_M,TOTAL,1
2018,EN_SCP_FRMN,Norway,ISIC4_F,TOTAL,1
2018,EN_SCP_FRMN,Norway,ISIC4_B,TOTAL,5
2018,EN_SCP_FRMN,Norway,ISIC4_G,TOTAL,42
2018,EN_SCP_FRMN,Norway,ISIC4_A,TOTAL,1
2018,EN_SCP_FRMN,Norway,ISIC4_J,TOTAL,2
2018,EN_SCP_FRMN,Norway,ISIC4_K,TOTAL,9
2018,EN_SCP_FRMN,Norway,ISIC4_H,TOTAL,2
2018,EN_SCP_FRMN,Norway,ISIC4_C,TOTAL,16
2018,EN_SCP_FRMN,Norway,TOTAL,TOTAL,42
2019,EN_SCP_FRMN,Norway,ISIC4_M,TOTAL,2
2019,EN_SCP_FRMN,Norway,ISIC4_G,TOTAL,49
2019,EN_SCP_FRMN,Norway,ISIC4_K,TOTAL,11
2019,EN_SCP_FRMN,Norway,ISIC4_B,TOTAL,5
2019,EN_SCP_FRMN,Norway,TOTAL,TOTAL,49
2019,EN_SCP_FRMN,Norway,ISIC4_F,TOTAL,1
2019,EN_SCP_FRMN,Norway,ISIC4_H,TOTAL,2
2019,EN_SCP_FRMN,Norway,ISIC4_C,TOTAL,17
2019,EN_SCP_FRMN,Norway,ISIC4_J,TOTAL,2
2019,EN_SCP_FRMN,Norway,ISIC4_L,TOTAL,1
2019,EN_SCP_FRMN,Norway,ISIC4_A,TOTAL,1
2020,EN_SCP_FRMN,Norway,ISIC4_L,TOTAL,1
2020,EN_SCP_FRMN,Norway,ISIC4_C,TOTAL,22
2020,EN_SCP_FRMN,Norway,ISIC4_R,TOTAL,1
2020,EN_SCP_FRMN,Norway,ISIC4_M,TOTAL,4
2020,EN_SCP_FRMN,Norway,ISIC4_K,TOTAL,12
2020,EN_SCP_FRMN,Norway,TOTAL,TOTAL,67
2020,EN_SCP_FRMN,Norway,ISIC4_G,TOTAL,67
2020,EN_SCP_FRMN,Norway,ISIC4_B,TOTAL,7
2020,EN_SCP_FRMN,Norway,ISIC4_A,TOTAL,2
2020,EN_SCP_FRMN,Norway,ISIC4_J,TOTAL,3
2020,EN_SCP_FRMN,Norway,ISIC4_F,TOTAL,3
2020,EN_SCP_FRMN,Norway,ISIC4_H,TOTAL,3
2021,EN_SCP_FRMN,Norway,ISIC4_F,TOTAL,3
2021,EN_SCP_FRMN,Norway,ISIC4_K,TOTAL,12
2021,EN_SCP_FRMN,Norway,TOTAL,TOTAL,68
2021,EN_SCP_FRMN,Norway,ISIC4_C,TOTAL,22
2021,EN_SCP_FRMN,Norway,ISIC4_B,TOTAL,7
2021,EN_SCP_FRMN,Norway,ISIC4_J,TOTAL,3
2021,EN_SCP_FRMN,Norway,ISIC4_G,TOTAL,68
2021,EN_SCP_FRMN,Norway,ISIC4_L,TOTAL,1
2021,EN_SCP_FRMN,Norway,ISIC4_R,TOTAL,1
2021,EN_SCP_FRMN,Norway,ISIC4_M,TOTAL,5
2021,EN_SCP_FRMN,Norway,ISIC4_A,TOTAL,2
2021,EN_SCP_FRMN,Norway,ISIC4_H,TOTAL,3
2016,EN_SCP_FRMN,Poland,ISIC4_K,TOTAL,4
2016,EN_SCP_FRMN,Poland,TOTAL,TOTAL,12
2016,EN_SCP_FRMN,Poland,ISIC4_B,TOTAL,1
2016,EN_SCP_FRMN,Poland,ISIC4_J,TOTAL,1
2016,EN_SCP_FRMN,Poland,ISIC4_H,TOTAL,1
2016,EN_SCP_FRMN,Poland,ISIC4_G,TOTAL,12
2016,EN_SCP_FRMN,Poland,ISIC4_C,TOTAL,2
2017,EN_SCP_FRMN,Poland,ISIC4_G,TOTAL,18
2017,EN_SCP_FRMN,Poland,TOTAL,TOTAL,18
2017,EN_SCP_FRMN,Poland,ISIC4_J,TOTAL,3
2017,EN_SCP_FRMN,Poland,ISIC4_B,TOTAL,1
2017,EN_SCP_FRMN,Poland,ISIC4_C,TOTAL,2
2017,EN_SCP_FRMN,Poland,ISIC4_K,TOTAL,5
2017,EN_SCP_FRMN,Poland,ISIC4_H,TOTAL,1
2018,EN_SCP_FRMN,Poland,ISIC4_C,TOTAL,4
2018,EN_SCP_FRMN,Poland,TOTAL,TOTAL,24
2018,EN_SCP_FRMN,Poland,ISIC4_G,TOTAL,24
2018,EN_SCP_FRMN,Poland,ISIC4_B,TOTAL,2
2018,EN_SCP_FRMN,Poland,ISIC4_K,TOTAL,6
2018,EN_SCP_FRMN,Poland,ISIC4_H,TOTAL,1
2018,EN_SCP_FRMN,Poland,ISIC4_J,TOTAL,3
2018,EN_SCP_FRMN,Poland,ISIC4_N,TOTAL,1
2018,EN_SCP_FRMN,Poland,ISIC4_F,TOTAL,1
2019,EN_SCP_FRMN,Poland,ISIC4_K,TOTAL,7
2019,EN_SCP_FRMN,Poland,ISIC4_B,TOTAL,2
2019,EN_SCP_FRMN,Poland,ISIC4_H,TOTAL,1
2019,EN_SCP_FRMN,Poland,ISIC4_G,TOTAL,26
2019,EN_SCP_FRMN,Poland,ISIC4_F,TOTAL,1
2019,EN_SCP_FRMN,Poland,ISIC4_J,TOTAL,4
2019,EN_SCP_FRMN,Poland,TOTAL,TOTAL,26
2019,EN_SCP_FRMN,Poland,ISIC4_C,TOTAL,5
2019,EN_SCP_FRMN,Poland,ISIC4_N,TOTAL,1
2020,EN_SCP_FRMN,Poland,ISIC4_L,TOTAL,1
2020,EN_SCP_FRMN,Poland,ISIC4_B,TOTAL,2
2020,EN_SCP_FRMN,Poland,ISIC4_C,TOTAL,5
2020,EN_SCP_FRMN,Poland,ISIC4_K,TOTAL,8
2020,EN_SCP_FRMN,Poland,ISIC4_G,TOTAL,29
2020,EN_SCP_FRMN,Poland,ISIC4_F,TOTAL,1
2020,EN_SCP_FRMN,Poland,ISIC4_N,TOTAL,1
2020,EN_SCP_FRMN,Poland,ISIC4_H,TOTAL,1
2020,EN_SCP_FRMN,Poland,TOTAL,TOTAL,29
2020,EN_SCP_FRMN,Poland,ISIC4_J,TOTAL,4
2021,EN_SCP_FRMN,Poland,ISIC4_B,TOTAL,2
2021,EN_SCP_FRMN,Poland,ISIC4_K,TOTAL,8
2021,EN_SCP_FRMN,Poland,ISIC4_N,TOTAL,1
2021,EN_SCP_FRMN,Poland,TOTAL,TOTAL,30
2021,EN_SCP_FRMN,Poland,ISIC4_C,TOTAL,5
2021,EN_SCP_FRMN,Poland,ISIC4_F,TOTAL,1
2021,EN_SCP_FRMN,Poland,ISIC4_H,TOTAL,1
2021,EN_SCP_FRMN,Poland,ISIC4_J,TOTAL,5
2021,EN_SCP_FRMN,Poland,ISIC4_L,TOTAL,1
2021,EN_SCP_FRMN,Poland,ISIC4_G,TOTAL,30
2016,EN_SCP_FRMN,Portugal,ISIC4_K,TOTAL,1
2016,EN_SCP_FRMN,Portugal,TOTAL,TOTAL,4
2016,EN_SCP_FRMN,Portugal,ISIC4_G,TOTAL,4
2016,EN_SCP_FRMN,Portugal,ISIC4_C,TOTAL,1
2017,EN_SCP_FRMN,Portugal,ISIC4_C,TOTAL,2
2017,EN_SCP_FRMN,Portugal,TOTAL,TOTAL,5
2017,EN_SCP_FRMN,Portugal,ISIC4_K,TOTAL,1
2017,EN_SCP_FRMN,Portugal,ISIC4_G,TOTAL,5
2018,EN_SCP_FRMN,Portugal,ISIC4_H,TOTAL,1
2018,EN_SCP_FRMN,Portugal,ISIC4_F,TOTAL,1
2018,EN_SCP_FRMN,Portugal,TOTAL,TOTAL,9
2018,EN_SCP_FRMN,Portugal,ISIC4_K,TOTAL,1
2018,EN_SCP_FRMN,Portugal,ISIC4_C,TOTAL,3
2018,EN_SCP_FRMN,Portugal,ISIC4_G,TOTAL,9
2019,EN_SCP_FRMN,Portugal,ISIC4_G,TOTAL,9
2019,EN_SCP_FRMN,Portugal,ISIC4_F,TOTAL,1
2019,EN_SCP_FRMN,Portugal,TOTAL,TOTAL,9
2019,EN_SCP_FRMN,Portugal,ISIC4_K,TOTAL,1
2019,EN_SCP_FRMN,Portugal,ISIC4_H,TOTAL,1
2019,EN_SCP_FRMN,Portugal,ISIC4_C,TOTAL,3
2020,EN_SCP_FRMN,Portugal,ISIC4_H,TOTAL,1
2020,EN_SCP_FRMN,Portugal,ISIC4_F,TOTAL,1
2020,EN_SCP_FRMN,Portugal,TOTAL,TOTAL,9
2020,EN_SCP_FRMN,Portugal,ISIC4_K,TOTAL,1
2020,EN_SCP_FRMN,Portugal,ISIC4_G,TOTAL,9
2020,EN_SCP_FRMN,Portugal,ISIC4_C,TOTAL,3
2021,EN_SCP_FRMN,Portugal,ISIC4_K,TOTAL,1
2021,EN_SCP_FRMN,Portugal,ISIC4_H,TOTAL,1
2021,EN_SCP_FRMN,Portugal,TOTAL,TOTAL,10
2021,EN_SCP_FRMN,Portugal,ISIC4_F,TOTAL,1
2021,EN_SCP_FRMN,Portugal,ISIC4_G,TOTAL,10
2021,EN_SCP_FRMN,Portugal,ISIC4_C,TOTAL,3
2017,EN_SCP_FRMN,Romania,ISIC4_K,TOTAL,1
2017,EN_SCP_FRMN,Romania,TOTAL,TOTAL,1
2017,EN_SCP_FRMN,Romania,ISIC4_G,TOTAL,1
2018,EN_SCP_FRMN,Romania,TOTAL,TOTAL,1
2018,EN_SCP_FRMN,Romania,ISIC4_K,TOTAL,1
2018,EN_SCP_FRMN,Romania,ISIC4_G,TOTAL,1
2019,EN_SCP_FRMN,Romania,ISIC4_G,TOTAL,2
2019,EN_SCP_FRMN,Romania,ISIC4_K,TOTAL,2
2019,EN_SCP_FRMN,Romania,TOTAL,TOTAL,2
2020,EN_SCP_FRMN,Romania,ISIC4_K,TOTAL,2
2020,EN_SCP_FRMN,Romania,ISIC4_C,TOTAL,1
2020,EN_SCP_FRMN,Romania,TOTAL,TOTAL,3
2020,EN_SCP_FRMN,Romania,ISIC4_G,TOTAL,3
2021,EN_SCP_FRMN,Romania,ISIC4_Q,TOTAL,1
2021,EN_SCP_FRMN,Romania,ISIC4_I,TOTAL,1
2021,EN_SCP_FRMN,Romania,ISIC4_J,TOTAL,1
2021,EN_SCP_FRMN,Romania,TOTAL,TOTAL,7
2021,EN_SCP_FRMN,Romania,ISIC4_G,TOTAL,7
2021,EN_SCP_FRMN,Romania,ISIC4_C,TOTAL,1
2021,EN_SCP_FRMN,Romania,ISIC4_K,TOTAL,2
2019,EN_SCP_FRMN,Viet Nam,ISIC4_G,TOTAL,2
2019,EN_SCP_FRMN,Viet Nam,ISIC4_C,TOTAL,1
2019,EN_SCP_FRMN,Viet Nam,TOTAL,TOTAL,2
2019,EN_SCP_FRMN,Viet Nam,ISIC4_F,TOTAL,1
2020,EN_SCP_FRMN,Viet Nam,ISIC4_K,TOTAL,1
2020,EN_SCP_FRMN,Viet Nam,ISIC4_F,TOTAL,3
2020,EN_SCP_FRMN,Viet Nam,ISIC4_C,TOTAL,2
2020,EN_SCP_FRMN,Viet Nam,TOTAL,TOTAL,6
2020,EN_SCP_FRMN,Viet Nam,ISIC4_G,TOTAL,6
2021,EN_SCP_FRMN,Viet Nam,ISIC4_G,TOTAL,13
2021,EN_SCP_FRMN,Viet Nam,ISIC4_K,TOTAL,2
2021,EN_SCP_FRMN,Viet Nam,ISIC4_C,TOTAL,3
2021,EN_SCP_FRMN,Viet Nam,TOTAL,TOTAL,13
2021,EN_SCP_FRMN,Viet Nam,ISIC4_M,TOTAL,1
2021,EN_SCP_FRMN,Viet Nam,ISIC4_F,TOTAL,5
2021,EN_SCP_FRMN,Viet Nam,ISIC4_L,TOTAL,1
2017,EN_SCP_FRMN,Slovenia,TOTAL,TOTAL,1
2017,EN_SCP_FRMN,Slovenia,ISIC4_C,TOTAL,1
2017,EN_SCP_FRMN,Slovenia,ISIC4_G,TOTAL,1
2018,EN_SCP_FRMN,Slovenia,ISIC4_C,TOTAL,1
2018,EN_SCP_FRMN,Slovenia,ISIC4_G,TOTAL,1
2018,EN_SCP_FRMN,Slovenia,TOTAL,TOTAL,1
2019,EN_SCP_FRMN,Slovenia,ISIC4_C,TOTAL,1
2019,EN_SCP_FRMN,Slovenia,ISIC4_G,TOTAL,1
2019,EN_SCP_FRMN,Slovenia,TOTAL,TOTAL,1
2020,EN_SCP_FRMN,Slovenia,ISIC4_G,TOTAL,1
2020,EN_SCP_FRMN,Slovenia,TOTAL,TOTAL,1
2020,EN_SCP_FRMN,Slovenia,ISIC4_C,TOTAL,1
2021,EN_SCP_FRMN,Slovenia,ISIC4_J,TOTAL,1
2021,EN_SCP_FRMN,Slovenia,ISIC4_K,TOTAL,1
2021,EN_SCP_FRMN,Slovenia,ISIC4_G,TOTAL,3
2021,EN_SCP_FRMN,Slovenia,TOTAL,TOTAL,3
2021,EN_SCP_FRMN,Slovenia,ISIC4_C,TOTAL,1
2016,EN_SCP_FRMN,Spain,ISIC4_F,TOTAL,5
2016,EN_SCP_FRMN,Spain,ISIC4_J,TOTAL,4
2016,EN_SCP_FRMN,Spain,ISIC4_M,TOTAL,1
2016,EN_SCP_FRMN,Spain,ISIC4_N,TOTAL,2
2016,EN_SCP_FRMN,Spain,ISIC4_B,TOTAL,1
2016,EN_SCP_FRMN,Spain,ISIC4_K,TOTAL,7
2016,EN_SCP_FRMN,Spain,ISIC4_I,TOTAL,1
2016,EN_SCP_FRMN,Spain,ISIC4_G,TOTAL,36
2016,EN_SCP_FRMN,Spain,ISIC4_L,TOTAL,2
2016,EN_SCP_FRMN,Spain,TOTAL,TOTAL,36
2016,EN_SCP_FRMN,Spain,ISIC4_C,TOTAL,6
2017,EN_SCP_FRMN,Spain,ISIC4_L,TOTAL,2
2017,EN_SCP_FRMN,Spain,ISIC4_F,TOTAL,5
2017,EN_SCP_FRMN,Spain,ISIC4_I,TOTAL,1
2017,EN_SCP_FRMN,Spain,ISIC4_J,TOTAL,4
2017,EN_SCP_FRMN,Spain,ISIC4_N,TOTAL,2
2017,EN_SCP_FRMN,Spain,ISIC4_B,TOTAL,1
2017,EN_SCP_FRMN,Spain,ISIC4_G,TOTAL,41
2017,EN_SCP_FRMN,Spain,TOTAL,TOTAL,41
2017,EN_SCP_FRMN,Spain,ISIC4_C,TOTAL,9
2017,EN_SCP_FRMN,Spain,ISIC4_M,TOTAL,2
2017,EN_SCP_FRMN,Spain,ISIC4_K,TOTAL,8
2018,EN_SCP_FRMN,Spain,ISIC4_I,TOTAL,2
2018,EN_SCP_FRMN,Spain,TOTAL,TOTAL,56
2018,EN_SCP_FRMN,Spain,ISIC4_C,TOTAL,14
2018,EN_SCP_FRMN,Spain,ISIC4_L,TOTAL,3
2018,EN_SCP_FRMN,Spain,ISIC4_M,TOTAL,4
2018,EN_SCP_FRMN,Spain,ISIC4_N,TOTAL,3
2018,EN_SCP_FRMN,Spain,ISIC4_J,TOTAL,4
2018,EN_SCP_FRMN,Spain,ISIC4_F,TOTAL,9
2018,EN_SCP_FRMN,Spain,ISIC4_B,TOTAL,1
2018,EN_SCP_FRMN,Spain,ISIC4_K,TOTAL,9
2018,EN_SCP_FRMN,Spain,ISIC4_G,TOTAL,56
2019,EN_SCP_FRMN,Spain,ISIC4_G,TOTAL,57
2019,EN_SCP_FRMN,Spain,ISIC4_J,TOTAL,4
2019,EN_SCP_FRMN,Spain,ISIC4_B,TOTAL,1
2019,EN_SCP_FRMN,Spain,TOTAL,TOTAL,57
2019,EN_SCP_FRMN,Spain,ISIC4_M,TOTAL,4
2019,EN_SCP_FRMN,Spain,ISIC4_I,TOTAL,2
2019,EN_SCP_FRMN,Spain,ISIC4_N,TOTAL,4
2019,EN_SCP_FRMN,Spain,ISIC4_L,TOTAL,3
2019,EN_SCP_FRMN,Spain,ISIC4_C,TOTAL,13
2019,EN_SCP_FRMN,Spain,ISIC4_K,TOTAL,9
2019,EN_SCP_FRMN,Spain,ISIC4_F,TOTAL,10
2020,EN_SCP_FRMN,Spain,ISIC4_I,TOTAL,2
2020,EN_SCP_FRMN,Spain,ISIC4_K,TOTAL,9
2020,EN_SCP_FRMN,Spain,ISIC4_M,TOTAL,4
2020,EN_SCP_FRMN,Spain,ISIC4_G,TOTAL,61
2020,EN_SCP_FRMN,Spain,ISIC4_C,TOTAL,16
2020,EN_SCP_FRMN,Spain,ISIC4_F,TOTAL,10
2020,EN_SCP_FRMN,Spain,ISIC4_B,TOTAL,1
2020,EN_SCP_FRMN,Spain,TOTAL,TOTAL,61
2020,EN_SCP_FRMN,Spain,ISIC4_N,TOTAL,4
2020,EN_SCP_FRMN,Spain,ISIC4_J,TOTAL,4
2020,EN_SCP_FRMN,Spain,ISIC4_L,TOTAL,3
2021,EN_SCP_FRMN,Spain,ISIC4_B,TOTAL,1
2021,EN_SCP_FRMN,Spain,ISIC4_C,TOTAL,16
2021,EN_SCP_FRMN,Spain,TOTAL,TOTAL,63
2021,EN_SCP_FRMN,Spain,ISIC4_J,TOTAL,4
2021,EN_SCP_FRMN,Spain,ISIC4_N,TOTAL,4
2021,EN_SCP_FRMN,Spain,ISIC4_K,TOTAL,9
2021,EN_SCP_FRMN,Spain,ISIC4_M,TOTAL,4
2021,EN_SCP_FRMN,Spain,ISIC4_F,TOTAL,11
2021,EN_SCP_FRMN,Spain,ISIC4_I,TOTAL,2
2021,EN_SCP_FRMN,Spain,ISIC4_L,TOTAL,3
2021,EN_SCP_FRMN,Spain,ISIC4_G,TOTAL,63
2016,EN_SCP_FRMN,Sweden,ISIC4_C,TOTAL,23
2016,EN_SCP_FRMN,Sweden,ISIC4_H,TOTAL,1
2016,EN_SCP_FRMN,Sweden,ISIC4_G,TOTAL,46
2016,EN_SCP_FRMN,Sweden,ISIC4_K,TOTAL,5
2016,EN_SCP_FRMN,Sweden,ISIC4_J,TOTAL,3
2016,EN_SCP_FRMN,Sweden,ISIC4_F,TOTAL,3
2016,EN_SCP_FRMN,Sweden,ISIC4_N,TOTAL,2
2016,EN_SCP_FRMN,Sweden,TOTAL,TOTAL,46
2016,EN_SCP_FRMN,Sweden,ISIC4_L,TOTAL,5
2016,EN_SCP_FRMN,Sweden,ISIC4_S,TOTAL,1
2017,EN_SCP_FRMN,Sweden,ISIC4_N,TOTAL,3
2017,EN_SCP_FRMN,Sweden,ISIC4_F,TOTAL,3
2017,EN_SCP_FRMN,Sweden,ISIC4_K,TOTAL,6
2017,EN_SCP_FRMN,Sweden,ISIC4_J,TOTAL,3
2017,EN_SCP_FRMN,Sweden,ISIC4_S,TOTAL,1
2017,EN_SCP_FRMN,Sweden,ISIC4_G,TOTAL,56
2017,EN_SCP_FRMN,Sweden,ISIC4_L,TOTAL,6
2017,EN_SCP_FRMN,Sweden,ISIC4_C,TOTAL,27
2017,EN_SCP_FRMN,Sweden,ISIC4_H,TOTAL,2
2017,EN_SCP_FRMN,Sweden,TOTAL,TOTAL,56
2018,EN_SCP_FRMN,Sweden,ISIC4_L,TOTAL,8
2018,EN_SCP_FRMN,Sweden,ISIC4_S,TOTAL,2
2018,EN_SCP_FRMN,Sweden,ISIC4_K,TOTAL,12
2018,EN_SCP_FRMN,Sweden,ISIC4_H,TOTAL,2
2018,EN_SCP_FRMN,Sweden,ISIC4_C,TOTAL,45
2018,EN_SCP_FRMN,Sweden,ISIC4_R,TOTAL,1
2018,EN_SCP_FRMN,Sweden,ISIC4_J,TOTAL,6
2018,EN_SCP_FRMN,Sweden,ISIC4_F,TOTAL,6
2018,EN_SCP_FRMN,Sweden,ISIC4_G,TOTAL,99
2018,EN_SCP_FRMN,Sweden,ISIC4_N,TOTAL,3
2018,EN_SCP_FRMN,Sweden,ISIC4_M,TOTAL,4
2018,EN_SCP_FRMN,Sweden,TOTAL,TOTAL,99
2018,EN_SCP_FRMN,Sweden,ISIC4_I,TOTAL,2
2018,EN_SCP_FRMN,Sweden,ISIC4_A,TOTAL,1
2018,EN_SCP_FRMN,Sweden,ISIC4_Q,TOTAL,2
2019,EN_SCP_FRMN,Sweden,ISIC4_H,TOTAL,2
2019,EN_SCP_FRMN,Sweden,ISIC4_K,TOTAL,14
2019,EN_SCP_FRMN,Sweden,ISIC4_A,TOTAL,1
2019,EN_SCP_FRMN,Sweden,ISIC4_G,TOTAL,132
2019,EN_SCP_FRMN,Sweden,ISIC4_Q,TOTAL,3
2019,EN_SCP_FRMN,Sweden,ISIC4_M,TOTAL,7
2019,EN_SCP_FRMN,Sweden,ISIC4_I,TOTAL,2
2019,EN_SCP_FRMN,Sweden,ISIC4_J,TOTAL,10
2019,EN_SCP_FRMN,Sweden,ISIC4_S,TOTAL,2
2019,EN_SCP_FRMN,Sweden,ISIC4_R,TOTAL,1
2019,EN_SCP_FRMN,Sweden,ISIC4_L,TOTAL,12
2019,EN_SCP_FRMN,Sweden,ISIC4_P,TOTAL,1
2019,EN_SCP_FRMN,Sweden,ISIC4_C,TOTAL,59
2019,EN_SCP_FRMN,Sweden,ISIC4_N,TOTAL,4
2019,EN_SCP_FRMN,Sweden,TOTAL,TOTAL,132
2019,EN_SCP_FRMN,Sweden,ISIC4_F,TOTAL,7
2020,EN_SCP_FRMN,Sweden,ISIC4_L,TOTAL,18
2020,EN_SCP_FRMN,Sweden,ISIC4_H,TOTAL,3
2020,EN_SCP_FRMN,Sweden,ISIC4_P,TOTAL,1
2020,EN_SCP_FRMN,Sweden,ISIC4_R,TOTAL,1
2020,EN_SCP_FRMN,Sweden,ISIC4_K,TOTAL,18
2020,EN_SCP_FRMN,Sweden,ISIC4_N,TOTAL,5
2020,EN_SCP_FRMN,Sweden,ISIC4_S,TOTAL,2
2020,EN_SCP_FRMN,Sweden,ISIC4_Q,TOTAL,3
2020,EN_SCP_FRMN,Sweden,ISIC4_A,TOTAL,1
2020,EN_SCP_FRMN,Sweden,ISIC4_J,TOTAL,15
2020,EN_SCP_FRMN,Sweden,ISIC4_F,TOTAL,9
2020,EN_SCP_FRMN,Sweden,ISIC4_M,TOTAL,18
2020,EN_SCP_FRMN,Sweden,ISIC4_C,TOTAL,82
2020,EN_SCP_FRMN,Sweden,ISIC4_G,TOTAL,197
2020,EN_SCP_FRMN,Sweden,ISIC4_I,TOTAL,2
2020,EN_SCP_FRMN,Sweden,ISIC4_B,TOTAL,2
2020,EN_SCP_FRMN,Sweden,TOTAL,TOTAL,197
2021,EN_SCP_FRMN,Sweden,ISIC4_K,TOTAL,19
2021,EN_SCP_FRMN,Sweden,ISIC4_H,TOTAL,4
2021,EN_SCP_FRMN,Sweden,ISIC4_P,TOTAL,1
2021,EN_SCP_FRMN,Sweden,ISIC4_F,TOTAL,10
2021,EN_SCP_FRMN,Sweden,ISIC4_I,TOTAL,2
2021,EN_SCP_FRMN,Sweden,ISIC4_S,TOTAL,2
2021,EN_SCP_FRMN,Sweden,ISIC4_L,TOTAL,19
2021,EN_SCP_FRMN,Sweden,TOTAL,TOTAL,217
2021,EN_SCP_FRMN,Sweden,ISIC4_M,TOTAL,20
2021,EN_SCP_FRMN,Sweden,ISIC4_J,TOTAL,15
2021,EN_SCP_FRMN,Sweden,ISIC4_R,TOTAL,1
2021,EN_SCP_FRMN,Sweden,ISIC4_Q,TOTAL,3
2021,EN_SCP_FRMN,Sweden,ISIC4_B,TOTAL,2
2021,EN_SCP_FRMN,Sweden,ISIC4_G,TOTAL,217
2021,EN_SCP_FRMN,Sweden,ISIC4_C,TOTAL,93
2021,EN_SCP_FRMN,Sweden,ISIC4_N,TOTAL,5
2021,EN_SCP_FRMN,Sweden,ISIC4_A,TOTAL,1
2016,EN_SCP_FRMN,Switzerland,ISIC4_C,TOTAL,29
2016,EN_SCP_FRMN,Switzerland,ISIC4_N,TOTAL,1
2016,EN_SCP_FRMN,Switzerland,TOTAL,TOTAL,50
2016,EN_SCP_FRMN,Switzerland,ISIC4_M,TOTAL,1
2016,EN_SCP_FRMN,Switzerland,ISIC4_L,TOTAL,3
2016,EN_SCP_FRMN,Switzerland,ISIC4_B,TOTAL,3
2016,EN_SCP_FRMN,Switzerland,ISIC4_H,TOTAL,2
2016,EN_SCP_FRMN,Switzerland,ISIC4_J,TOTAL,2
2016,EN_SCP_FRMN,Switzerland,ISIC4_G,TOTAL,50
2016,EN_SCP_FRMN,Switzerland,ISIC4_K,TOTAL,9
2017,EN_SCP_FRMN,Switzerland,ISIC4_C,TOTAL,32
2017,EN_SCP_FRMN,Switzerland,ISIC4_K,TOTAL,11
2017,EN_SCP_FRMN,Switzerland,ISIC4_N,TOTAL,1
2017,EN_SCP_FRMN,Switzerland,ISIC4_L,TOTAL,4
2017,EN_SCP_FRMN,Switzerland,ISIC4_H,TOTAL,2
2017,EN_SCP_FRMN,Switzerland,ISIC4_G,TOTAL,57
2017,EN_SCP_FRMN,Switzerland,ISIC4_B,TOTAL,2
2017,EN_SCP_FRMN,Switzerland,TOTAL,TOTAL,57
2017,EN_SCP_FRMN,Switzerland,ISIC4_J,TOTAL,2
2017,EN_SCP_FRMN,Switzerland,ISIC4_M,TOTAL,2
2018,EN_SCP_FRMN,Switzerland,ISIC4_K,TOTAL,12
2018,EN_SCP_FRMN,Switzerland,ISIC4_C,TOTAL,46
2018,EN_SCP_FRMN,Switzerland,ISIC4_B,TOTAL,3
2018,EN_SCP_FRMN,Switzerland,ISIC4_N,TOTAL,1
2018,EN_SCP_FRMN,Switzerland,ISIC4_H,TOTAL,3
2018,EN_SCP_FRMN,Switzerland,ISIC4_L,TOTAL,4
2018,EN_SCP_FRMN,Switzerland,ISIC4_M,TOTAL,5
2018,EN_SCP_FRMN,Switzerland,ISIC4_F,TOTAL,1
2018,EN_SCP_FRMN,Switzerland,ISIC4_G,TOTAL,80
2018,EN_SCP_FRMN,Switzerland,ISIC4_J,TOTAL,2
2018,EN_SCP_FRMN,Switzerland,TOTAL,TOTAL,80
2019,EN_SCP_FRMN,Switzerland,TOTAL,TOTAL,95
2019,EN_SCP_FRMN,Switzerland,ISIC4_N,TOTAL,3
2019,EN_SCP_FRMN,Switzerland,ISIC4_K,TOTAL,12
2019,EN_SCP_FRMN,Switzerland,ISIC4_G,TOTAL,95
2019,EN_SCP_FRMN,Switzerland,ISIC4_B,TOTAL,3
2019,EN_SCP_FRMN,Switzerland,ISIC4_M,TOTAL,7
2019,EN_SCP_FRMN,Switzerland,ISIC4_J,TOTAL,2
2019,EN_SCP_FRMN,Switzerland,ISIC4_L,TOTAL,6
2019,EN_SCP_FRMN,Switzerland,ISIC4_C,TOTAL,55
2019,EN_SCP_FRMN,Switzerland,ISIC4_H,TOTAL,3
2019,EN_SCP_FRMN,Switzerland,ISIC4_F,TOTAL,1
2020,EN_SCP_FRMN,Switzerland,ISIC4_C,TOTAL,70
2020,EN_SCP_FRMN,Switzerland,ISIC4_H,TOTAL,3
2020,EN_SCP_FRMN,Switzerland,ISIC4_K,TOTAL,16
2020,EN_SCP_FRMN,Switzerland,ISIC4_M,TOTAL,7
2020,EN_SCP_FRMN,Switzerland,ISIC4_F,TOTAL,1
2020,EN_SCP_FRMN,Switzerland,ISIC4_L,TOTAL,8
2020,EN_SCP_FRMN,Switzerland,ISIC4_J,TOTAL,3
2020,EN_SCP_FRMN,Switzerland,ISIC4_N,TOTAL,3
2020,EN_SCP_FRMN,Switzerland,ISIC4_G,TOTAL,119
2020,EN_SCP_FRMN,Switzerland,ISIC4_B,TOTAL,3
2020,EN_SCP_FRMN,Switzerland,TOTAL,TOTAL,119
2021,EN_SCP_FRMN,Switzerland,ISIC4_M,TOTAL,8
2021,EN_SCP_FRMN,Switzerland,ISIC4_N,TOTAL,3
2021,EN_SCP_FRMN,Switzerland,ISIC4_B,TOTAL,3
2021,EN_SCP_FRMN,Switzerland,ISIC4_L,TOTAL,10
2021,EN_SCP_FRMN,Switzerland,ISIC4_K,TOTAL,18
2021,EN_SCP_FRMN,Switzerland,ISIC4_F,TOTAL,1
2021,EN_SCP_FRMN,Switzerland,ISIC4_G,TOTAL,130
2021,EN_SCP_FRMN,Switzerland,ISIC4_H,TOTAL,3
2021,EN_SCP_FRMN,Switzerland,ISIC4_J,TOTAL,4
2021,EN_SCP_FRMN,Switzerland,TOTAL,TOTAL,130
2021,EN_SCP_FRMN,Switzerland,ISIC4_C,TOTAL,74
2016,EN_SCP_FRMN,United Arab Emirates,ISIC4_B,TOTAL,1
2016,EN_SCP_FRMN,United Arab Emirates,TOTAL,TOTAL,3
2016,EN_SCP_FRMN,United Arab Emirates,ISIC4_G,TOTAL,3
2016,EN_SCP_FRMN,United Arab Emirates,ISIC4_K,TOTAL,1
2016,EN_SCP_FRMN,United Arab Emirates,ISIC4_J,TOTAL,1
2017,EN_SCP_FRMN,United Arab Emirates,ISIC4_K,TOTAL,3
2017,EN_SCP_FRMN,United Arab Emirates,TOTAL,TOTAL,5
2017,EN_SCP_FRMN,United Arab Emirates,ISIC4_B,TOTAL,1
2017,EN_SCP_FRMN,United Arab Emirates,ISIC4_G,TOTAL,5
2017,EN_SCP_FRMN,United Arab Emirates,ISIC4_J,TOTAL,1
2018,EN_SCP_FRMN,United Arab Emirates,ISIC4_G,TOTAL,7
2018,EN_SCP_FRMN,United Arab Emirates,ISIC4_L,TOTAL,1
2018,EN_SCP_FRMN,United Arab Emirates,TOTAL,TOTAL,7
2018,EN_SCP_FRMN,United Arab Emirates,ISIC4_B,TOTAL,1
2018,EN_SCP_FRMN,United Arab Emirates,ISIC4_J,TOTAL,1
2018,EN_SCP_FRMN,United Arab Emirates,ISIC4_K,TOTAL,4
2019,EN_SCP_FRMN,United Arab Emirates,ISIC4_J,TOTAL,1
2019,EN_SCP_FRMN,United Arab Emirates,TOTAL,TOTAL,9
2019,EN_SCP_FRMN,United Arab Emirates,ISIC4_L,TOTAL,1
2019,EN_SCP_FRMN,United Arab Emirates,ISIC4_K,TOTAL,6
2019,EN_SCP_FRMN,United Arab Emirates,ISIC4_B,TOTAL,1
2019,EN_SCP_FRMN,United Arab Emirates,ISIC4_G,TOTAL,9
2020,EN_SCP_FRMN,United Arab Emirates,ISIC4_J,TOTAL,1
2020,EN_SCP_FRMN,United Arab Emirates,TOTAL,TOTAL,12
2020,EN_SCP_FRMN,United Arab Emirates,ISIC4_G,TOTAL,12
2020,EN_SCP_FRMN,United Arab Emirates,ISIC4_M,TOTAL,1
2020,EN_SCP_FRMN,United Arab Emirates,ISIC4_K,TOTAL,7
2020,EN_SCP_FRMN,United Arab Emirates,ISIC4_B,TOTAL,1
2020,EN_SCP_FRMN,United Arab Emirates,ISIC4_L,TOTAL,1
2021,EN_SCP_FRMN,United Arab Emirates,ISIC4_K,TOTAL,24
2021,EN_SCP_FRMN,United Arab Emirates,TOTAL,TOTAL,47
2021,EN_SCP_FRMN,United Arab Emirates,ISIC4_M,TOTAL,1
2021,EN_SCP_FRMN,United Arab Emirates,ISIC4_L,TOTAL,3
2021,EN_SCP_FRMN,United Arab Emirates,ISIC4_C,TOTAL,9
2021,EN_SCP_FRMN,United Arab Emirates,ISIC4_G,TOTAL,47
2021,EN_SCP_FRMN,United Arab Emirates,ISIC4_B,TOTAL,2
2021,EN_SCP_FRMN,United Arab Emirates,ISIC4_I,TOTAL,2
2021,EN_SCP_FRMN,United Arab Emirates,ISIC4_J,TOTAL,1
2021,EN_SCP_FRMN,United Arab Emirates,ISIC4_F,TOTAL,1
2016,EN_SCP_FRMN,Türkiye,ISIC4_C,TOTAL,9
2016,EN_SCP_FRMN,Türkiye,ISIC4_J,TOTAL,2
2016,EN_SCP_FRMN,Türkiye,ISIC4_K,TOTAL,8
2016,EN_SCP_FRMN,Türkiye,ISIC4_G,TOTAL,21
2016,EN_SCP_FRMN,Türkiye,ISIC4_H,TOTAL,2
2016,EN_SCP_FRMN,Türkiye,TOTAL,TOTAL,21
2017,EN_SCP_FRMN,Türkiye,ISIC4_C,TOTAL,11
2017,EN_SCP_FRMN,Türkiye,TOTAL,TOTAL,25
2017,EN_SCP_FRMN,Türkiye,ISIC4_A,TOTAL,1
2017,EN_SCP_FRMN,Türkiye,ISIC4_G,TOTAL,25
2017,EN_SCP_FRMN,Türkiye,ISIC4_F,TOTAL,1
2017,EN_SCP_FRMN,Türkiye,ISIC4_J,TOTAL,2
2017,EN_SCP_FRMN,Türkiye,ISIC4_H,TOTAL,1
2017,EN_SCP_FRMN,Türkiye,ISIC4_K,TOTAL,8
2018,EN_SCP_FRMN,Türkiye,ISIC4_F,TOTAL,1
2018,EN_SCP_FRMN,Türkiye,ISIC4_C,TOTAL,15
2018,EN_SCP_FRMN,Türkiye,ISIC4_K,TOTAL,11
2018,EN_SCP_FRMN,Türkiye,ISIC4_A,TOTAL,1
2018,EN_SCP_FRMN,Türkiye,TOTAL,TOTAL,40
2018,EN_SCP_FRMN,Türkiye,ISIC4_J,TOTAL,2
2018,EN_SCP_FRMN,Türkiye,ISIC4_G,TOTAL,40
2018,EN_SCP_FRMN,Türkiye,ISIC4_H,TOTAL,2
2019,EN_SCP_FRMN,Türkiye,ISIC4_H,TOTAL,4
2019,EN_SCP_FRMN,Türkiye,ISIC4_G,TOTAL,50
2019,EN_SCP_FRMN,Türkiye,ISIC4_Q,TOTAL,1
2019,EN_SCP_FRMN,Türkiye,ISIC4_C,TOTAL,20
2019,EN_SCP_FRMN,Türkiye,ISIC4_J,TOTAL,2
2019,EN_SCP_FRMN,Türkiye,TOTAL,TOTAL,50
2019,EN_SCP_FRMN,Türkiye,ISIC4_F,TOTAL,1
2019,EN_SCP_FRMN,Türkiye,ISIC4_A,TOTAL,1
2019,EN_SCP_FRMN,Türkiye,ISIC4_K,TOTAL,12
2020,EN_SCP_FRMN,Türkiye,ISIC4_M,TOTAL,1
2020,EN_SCP_FRMN,Türkiye,TOTAL,TOTAL,67
2020,EN_SCP_FRMN,Türkiye,ISIC4_J,TOTAL,2
2020,EN_SCP_FRMN,Türkiye,ISIC4_A,TOTAL,1
2020,EN_SCP_FRMN,Türkiye,ISIC4_K,TOTAL,16
2020,EN_SCP_FRMN,Türkiye,ISIC4_Q,TOTAL,1
2020,EN_SCP_FRMN,Türkiye,ISIC4_F,TOTAL,1
2020,EN_SCP_FRMN,Türkiye,ISIC4_C,TOTAL,29
2020,EN_SCP_FRMN,Türkiye,ISIC4_L,TOTAL,1
2020,EN_SCP_FRMN,Türkiye,ISIC4_H,TOTAL,4
2020,EN_SCP_FRMN,Türkiye,ISIC4_G,TOTAL,67
2021,EN_SCP_FRMN,Türkiye,TOTAL,TOTAL,77
2021,EN_SCP_FRMN,Türkiye,ISIC4_K,TOTAL,17
2021,EN_SCP_FRMN,Türkiye,ISIC4_G,TOTAL,77
2021,EN_SCP_FRMN,Türkiye,ISIC4_A,TOTAL,1
2021,EN_SCP_FRMN,Türkiye,ISIC4_H,TOTAL,4
2021,EN_SCP_FRMN,Türkiye,ISIC4_C,TOTAL,32
2021,EN_SCP_FRMN,Türkiye,ISIC4_Q,TOTAL,1
2021,EN_SCP_FRMN,Türkiye,ISIC4_F,TOTAL,4
2021,EN_SCP_FRMN,Türkiye,ISIC4_J,TOTAL,2
2021,EN_SCP_FRMN,Türkiye,ISIC4_M,TOTAL,1
2021,EN_SCP_FRMN,Türkiye,ISIC4_L,TOTAL,3
2016,EN_SCP_FRMN,Ukraine,TOTAL,TOTAL,1
2016,EN_SCP_FRMN,Ukraine,ISIC4_G,TOTAL,1
2016,EN_SCP_FRMN,Ukraine,ISIC4_A,TOTAL,1
2017,EN_SCP_FRMN,Ukraine,TOTAL,TOTAL,1
2017,EN_SCP_FRMN,Ukraine,ISIC4_A,TOTAL,1
2017,EN_SCP_FRMN,Ukraine,ISIC4_G,TOTAL,1
2018,EN_SCP_FRMN,Ukraine,ISIC4_A,TOTAL,1
2018,EN_SCP_FRMN,Ukraine,TOTAL,TOTAL,1
2018,EN_SCP_FRMN,Ukraine,ISIC4_G,TOTAL,1
2019,EN_SCP_FRMN,Ukraine,TOTAL,TOTAL,1
2019,EN_SCP_FRMN,Ukraine,ISIC4_A,TOTAL,1
2019,EN_SCP_FRMN,Ukraine,ISIC4_G,TOTAL,1
2020,EN_SCP_FRMN,Ukraine,TOTAL,TOTAL,2
2020,EN_SCP_FRMN,Ukraine,ISIC4_G,TOTAL,2
2020,EN_SCP_FRMN,Ukraine,ISIC4_A,TOTAL,2
2021,EN_SCP_FRMN,Ukraine,ISIC4_A,TOTAL,2
2021,EN_SCP_FRMN,Ukraine,TOTAL,TOTAL,2
2021,EN_SCP_FRMN,Ukraine,ISIC4_G,TOTAL,2
2016,EN_SCP_FRMN,United Kingdom of Great Britain and Northern Ireland,ISIC4_N,TOTAL,6
2016,EN_SCP_FRMN,United Kingdom of Great Britain and Northern Ireland,ISIC4_L,TOTAL,21
2016,EN_SCP_FRMN,United Kingdom of Great Britain and Northern Ireland,ISIC4_G,TOTAL,239
2016,EN_SCP_FRMN,United Kingdom of Great Britain and Northern Ireland,ISIC4_R,TOTAL,2
2016,EN_SCP_FRMN,United Kingdom of Great Britain and Northern Ireland,ISIC4_M,TOTAL,12
2016,EN_SCP_FRMN,United Kingdom of Great Britain and Northern Ireland,ISIC4_B,TOTAL,15
2016,EN_SCP_FRMN,United Kingdom of Great Britain and Northern Ireland,ISIC4_F,TOTAL,13
2016,EN_SCP_FRMN,United Kingdom of Great Britain and Northern Ireland,ISIC4_C,TOTAL,65
2016,EN_SCP_FRMN,United Kingdom of Great Britain and Northern Ireland,TOTAL,TOTAL,239
2016,EN_SCP_FRMN,United Kingdom of Great Britain and Northern Ireland,ISIC4_I,TOTAL,9
2016,EN_SCP_FRMN,United Kingdom of Great Britain and Northern Ireland,ISIC4_H,TOTAL,10
2016,EN_SCP_FRMN,United Kingdom of Great Britain and Northern Ireland,ISIC4_Q,TOTAL,2
2016,EN_SCP_FRMN,United Kingdom of Great Britain and Northern Ireland,ISIC4_J,TOTAL,11
2016,EN_SCP_FRMN,United Kingdom of Great Britain and Northern Ireland,ISIC4_K,TOTAL,32
2017,EN_SCP_FRMN,United Kingdom of Great Britain and Northern Ireland,ISIC4_F,TOTAL,13
2017,EN_SCP_FRMN,United Kingdom of Great Britain and Northern Ireland,ISIC4_B,TOTAL,17
2017,EN_SCP_FRMN,United Kingdom of Great Britain and Northern Ireland,ISIC4_K,TOTAL,34
2017,EN_SCP_FRMN,United Kingdom of Great Britain and Northern Ireland,ISIC4_J,TOTAL,12
2017,EN_SCP_FRMN,United Kingdom of Great Britain and Northern Ireland,ISIC4_I,TOTAL,9
2017,EN_SCP_FRMN,United Kingdom of Great Britain and Northern Ireland,ISIC4_H,TOTAL,10
2017,EN_SCP_FRMN,United Kingdom of Great Britain and Northern Ireland,ISIC4_Q,TOTAL,2
2017,EN_SCP_FRMN,United Kingdom of Great Britain and Northern Ireland,ISIC4_L,TOTAL,22
2017,EN_SCP_FRMN,United Kingdom of Great Britain and Northern Ireland,ISIC4_N,TOTAL,7
2017,EN_SCP_FRMN,United Kingdom of Great Britain and Northern Ireland,ISIC4_C,TOTAL,67
2017,EN_SCP_FRMN,United Kingdom of Great Britain and Northern Ireland,ISIC4_R,TOTAL,2
2017,EN_SCP_FRMN,United Kingdom of Great Britain and Northern Ireland,TOTAL,TOTAL,250
2017,EN_SCP_FRMN,United Kingdom of Great Britain and Northern Ireland,ISIC4_G,TOTAL,250
2017,EN_SCP_FRMN,United Kingdom of Great Britain and Northern Ireland,ISIC4_M,TOTAL,13
2018,EN_SCP_FRMN,United Kingdom of Great Britain and Northern Ireland,ISIC4_R,TOTAL,2
2018,EN_SCP_FRMN,United Kingdom of Great Britain and Northern Ireland,ISIC4_Q,TOTAL,2
2018,EN_SCP_FRMN,United Kingdom of Great Britain and Northern Ireland,TOTAL,TOTAL,275
2018,EN_SCP_FRMN,United Kingdom of Great Britain and Northern Ireland,ISIC4_K,TOTAL,35
2018,EN_SCP_FRMN,United Kingdom of Great Britain and Northern Ireland,ISIC4_M,TOTAL,16
2018,EN_SCP_FRMN,United Kingdom of Great Britain and Northern Ireland,ISIC4_I,TOTAL,9
2018,EN_SCP_FRMN,United Kingdom of Great Britain and Northern Ireland,ISIC4_F,TOTAL,14
2018,EN_SCP_FRMN,United Kingdom of Great Britain and Northern Ireland,ISIC4_B,TOTAL,19
2018,EN_SCP_FRMN,United Kingdom of Great Britain and Northern Ireland,ISIC4_H,TOTAL,11
2018,EN_SCP_FRMN,United Kingdom of Great Britain and Northern Ireland,ISIC4_J,TOTAL,14
2018,EN_SCP_FRMN,United Kingdom of Great Britain and Northern Ireland,ISIC4_N,TOTAL,7
2018,EN_SCP_FRMN,United Kingdom of Great Britain and Northern Ireland,ISIC4_G,TOTAL,275
2018,EN_SCP_FRMN,United Kingdom of Great Britain and Northern Ireland,ISIC4_L,TOTAL,25
2018,EN_SCP_FRMN,United Kingdom of Great Britain and Northern Ireland,ISIC4_C,TOTAL,73
2019,EN_SCP_FRMN,United Kingdom of Great Britain and Northern Ireland,ISIC4_R,TOTAL,2
2019,EN_SCP_FRMN,United Kingdom of Great Britain and Northern Ireland,ISIC4_N,TOTAL,9
2019,EN_SCP_FRMN,United Kingdom of Great Britain and Northern Ireland,ISIC4_L,TOTAL,29
2019,EN_SCP_FRMN,United Kingdom of Great Britain and Northern Ireland,ISIC4_C,TOTAL,82
2019,EN_SCP_FRMN,United Kingdom of Great Britain and Northern Ireland,ISIC4_G,TOTAL,305
2019,EN_SCP_FRMN,United Kingdom of Great Britain and Northern Ireland,ISIC4_M,TOTAL,18
2019,EN_SCP_FRMN,United Kingdom of Great Britain and Northern Ireland,ISIC4_F,TOTAL,15
2019,EN_SCP_FRMN,United Kingdom of Great Britain and Northern Ireland,ISIC4_H,TOTAL,12
2019,EN_SCP_FRMN,United Kingdom of Great Britain and Northern Ireland,ISIC4_K,TOTAL,39
2019,EN_SCP_FRMN,United Kingdom of Great Britain and Northern Ireland,ISIC4_Q,TOTAL,2
2019,EN_SCP_FRMN,United Kingdom of Great Britain and Northern Ireland,ISIC4_B,TOTAL,23
2019,EN_SCP_FRMN,United Kingdom of Great Britain and Northern Ireland,TOTAL,TOTAL,305
2019,EN_SCP_FRMN,United Kingdom of Great Britain and Northern Ireland,ISIC4_I,TOTAL,9
2019,EN_SCP_FRMN,United Kingdom of Great Britain and Northern Ireland,ISIC4_J,TOTAL,15
2020,EN_SCP_FRMN,United Kingdom of Great Britain and Northern Ireland,ISIC4_A,TOTAL,3
2020,EN_SCP_FRMN,United Kingdom of Great Britain and Northern Ireland,ISIC4_S,TOTAL,1
2020,EN_SCP_FRMN,United Kingdom of Great Britain and Northern Ireland,ISIC4_K,TOTAL,58
2020,EN_SCP_FRMN,United Kingdom of Great Britain and Northern Ireland,ISIC4_J,TOTAL,32
2020,EN_SCP_FRMN,United Kingdom of Great Britain and Northern Ireland,ISIC4_F,TOTAL,19
2020,EN_SCP_FRMN,United Kingdom of Great Britain and Northern Ireland,ISIC4_C,TOTAL,114
2020,EN_SCP_FRMN,United Kingdom of Great Britain and Northern Ireland,ISIC4_B,TOTAL,24
2020,EN_SCP_FRMN,United Kingdom of Great Britain and Northern Ireland,ISIC4_R,TOTAL,7
2020,EN_SCP_FRMN,United Kingdom of Great Britain and Northern Ireland,ISIC4_G,TOTAL,433
2020,EN_SCP_FRMN,United Kingdom of Great Britain and Northern Ireland,TOTAL,TOTAL,433
2020,EN_SCP_FRMN,United Kingdom of Great Britain and Northern Ireland,ISIC4_Q,TOTAL,3
2020,EN_SCP_FRMN,United Kingdom of Great Britain and Northern Ireland,ISIC4_L,TOTAL,37
2020,EN_SCP_FRMN,United Kingdom of Great Britain and Northern Ireland,ISIC4_N,TOTAL,15
2020,EN_SCP_FRMN,United Kingdom of Great Britain and Northern Ireland,ISIC4_M,TOTAL,34
2020,EN_SCP_FRMN,United Kingdom of Great Britain and Northern Ireland,ISIC4_H,TOTAL,15
2020,EN_SCP_FRMN,United Kingdom of Great Britain and Northern Ireland,ISIC4_I,TOTAL,12
2021,EN_SCP_FRMN,United Kingdom of Great Britain and Northern Ireland,ISIC4_L,TOTAL,40
2021,EN_SCP_FRMN,United Kingdom of Great Britain and Northern Ireland,ISIC4_C,TOTAL,126
2021,EN_SCP_FRMN,United Kingdom of Great Britain and Northern Ireland,ISIC4_A,TOTAL,3
2021,EN_SCP_FRMN,United Kingdom of Great Britain and Northern Ireland,ISIC4_B,TOTAL,25
2021,EN_SCP_FRMN,United Kingdom of Great Britain and Northern Ireland,ISIC4_M,TOTAL,41
2021,EN_SCP_FRMN,United Kingdom of Great Britain and Northern Ireland,ISIC4_J,TOTAL,42
2021,EN_SCP_FRMN,United Kingdom of Great Britain and Northern Ireland,ISIC4_F,TOTAL,21
2021,EN_SCP_FRMN,United Kingdom of Great Britain and Northern Ireland,ISIC4_K,TOTAL,67
2021,EN_SCP_FRMN,United Kingdom of Great Britain and Northern Ireland,ISIC4_G,TOTAL,492
2021,EN_SCP_FRMN,United Kingdom of Great Britain and Northern Ireland,ISIC4_H,TOTAL,19
2021,EN_SCP_FRMN,United Kingdom of Great Britain and Northern Ireland,ISIC4_N,TOTAL,15
2021,EN_SCP_FRMN,United Kingdom of Great Britain and Northern Ireland,TOTAL,TOTAL,492
2021,EN_SCP_FRMN,United Kingdom of Great Britain and Northern Ireland,ISIC4_Q,TOTAL,3
2021,EN_SCP_FRMN,United Kingdom of Great Britain and Northern Ireland,ISIC4_S,TOTAL,2
2021,EN_SCP_FRMN,United Kingdom of Great Britain and Northern Ireland,ISIC4_I,TOTAL,13
2021,EN_SCP_FRMN,United Kingdom of Great Britain and Northern Ireland,ISIC4_R,TOTAL,8
2021,EN_SCP_FRMN,United Kingdom of Great Britain and Northern Ireland,ISIC4_R,TOTAL,8
