Year,SeriesCode,GeoAreaName,Frequency of Chlorophyll-a concentration,Value
2018,EN_MAR_CHLANM,Estonia,Moderate,6.15175
2018,EN_MAR_CHLANM,Estonia,High,10.06738
2018,EN_MAR_CHLANM,Estonia,Extreme,8.26977
2019,EN_MAR_CHLANM,Estonia,Extreme,2.96392
2019,EN_MAR_CHLANM,Estonia,Moderate,9.32853
2019,EN_MAR_CHLANM,Estonia,High,10.56473
2020,EN_MAR_CHLANM,Estonia,High,4.93163
2020,EN_MAR_CHLANM,Estonia,Moderate,5.7449
2020,EN_MAR_CHLANM,Estonia,Extreme,1.30899
2021,EN_MAR_CHLANM,Estonia,Extreme,2.78651
2021,EN_MAR_CHLANM,Estonia,High,11.03257
2021,EN_MAR_CHLANM,Estonia,Moderate,8.21546
2022,EN_MAR_CHLANM,Estonia,Moderate,5.97128
2022,EN_MAR_CHLANM,Estonia,Extreme,2.35459
2022,EN_MAR_CHLANM,Estonia,High,7.39173
2018,EN_MAR_CHLANM,Finland,Extreme,8.67561
2018,EN_MAR_CHLANM,Finland,Moderate,6.75271
2018,EN_MAR_CHLANM,Finland,High,10.39131
2019,EN_MAR_CHLANM,Finland,High,10.87248
2019,EN_MAR_CHLANM,Finland,Moderate,8.63226
2019,EN_MAR_CHLANM,Finland,Extreme,3.87616
2020,EN_MAR_CHLANM,Finland,Extreme,1.29457
2020,EN_MAR_CHLANM,Finland,High,5.11911
2020,EN_MAR_CHLANM,Finland,Moderate,5.21577
2021,EN_MAR_CHLANM,Finland,Moderate,8.94727
2021,EN_MAR_CHLANM,Finland,High,9.07453
2021,EN_MAR_CHLANM,Finland,Extreme,1.82416
2022,EN_MAR_CHLANM,Finland,High,7.21015
2022,EN_MAR_CHLANM,Finland,Extreme,2.1528
2022,EN_MAR_CHLANM,Finland,Moderate,6.65745
2018,EN_MAR_CHLANM,France,Moderate,7.6712
2018,EN_MAR_CHLANM,France,High,2.37091
2018,EN_MAR_CHLANM,France,Extreme,0.45389
2019,EN_MAR_CHLANM,France,Extreme,0.69235
2019,EN_MAR_CHLANM,France,Moderate,6.48408
2019,EN_MAR_CHLANM,France,High,8.94218
2020,EN_MAR_CHLANM,France,High,3.21692
2020,EN_MAR_CHLANM,France,Moderate,3.71015
2020,EN_MAR_CHLANM,France,Extreme,0.0
2021,EN_MAR_CHLANM,France,Extreme,1.44493
2021,EN_MAR_CHLANM,France,High,6.3252
2021,EN_MAR_CHLANM,France,Moderate,4.0652
2022,EN_MAR_CHLANM,France,High,4.63404
2022,EN_MAR_CHLANM,France,Moderate,5.92535
2022,EN_MAR_CHLANM,France,Extreme,0.92153
2018,EN_MAR_CHLANM,Georgia,Extreme,0.27761
2018,EN_MAR_CHLANM,Georgia,High,2.68556
2018,EN_MAR_CHLANM,Georgia,Moderate,5.24545
2019,EN_MAR_CHLANM,Georgia,Moderate,5.33925
2019,EN_MAR_CHLANM,Georgia,High,4.25811
2019,EN_MAR_CHLANM,Georgia,Extreme,0.56191
2020,EN_MAR_CHLANM,Georgia,High,3.59548
2020,EN_MAR_CHLANM,Georgia,Extreme,0.09982
2020,EN_MAR_CHLANM,Georgia,Moderate,6.74078
2021,EN_MAR_CHLANM,Georgia,Moderate,5.17084
2021,EN_MAR_CHLANM,Georgia,High,2.52414
2021,EN_MAR_CHLANM,Georgia,Extreme,0.33049
2022,EN_MAR_CHLANM,Georgia,Extreme,0.15409
2022,EN_MAR_CHLANM,Georgia,High,3.14479
2022,EN_MAR_CHLANM,Georgia,Moderate,5.05384
2018,EN_MAR_CHLANM,Germany,Moderate,7.0647
2018,EN_MAR_CHLANM,Germany,High,7.15726
2018,EN_MAR_CHLANM,Germany,Extreme,1.81561
2019,EN_MAR_CHLANM,Germany,High,5.73943
2019,EN_MAR_CHLANM,Germany,Moderate,6.0918
2018,EN_MAR_CHLANM,Albania,High,3.34498
2018,EN_MAR_CHLANM,Albania,Extreme,0.48617
2018,EN_MAR_CHLANM,Albania,Moderate,4.97492
2019,EN_MAR_CHLANM,Albania,Moderate,4.97701
2019,EN_MAR_CHLANM,Albania,High,3.87968
2019,EN_MAR_CHLANM,Albania,Extreme,0.67904
2020,EN_MAR_CHLANM,Albania,Extreme,0.30194
2020,EN_MAR_CHLANM,Albania,High,3.54833
2020,EN_MAR_CHLANM,Albania,Moderate,4.07618
2021,EN_MAR_CHLANM,Albania,Moderate,5.67499
2021,EN_MAR_CHLANM,Albania,High,6.04622
2021,EN_MAR_CHLANM,Albania,Extreme,0.96543
2022,EN_MAR_CHLANM,Albania,High,3.31277
2019,EN_MAR_CHLANM,Germany,Extreme,1.4095
2020,EN_MAR_CHLANM,Germany,Moderate,4.65744
2020,EN_MAR_CHLANM,Germany,High,5.12419
2020,EN_MAR_CHLANM,Germany,Extreme,1.85413
2021,EN_MAR_CHLANM,Germany,Extreme,1.12432
2021,EN_MAR_CHLANM,Germany,High,4.26262
2021,EN_MAR_CHLANM,Germany,Moderate,5.41035
2022,EN_MAR_CHLANM,Germany,High,3.73659
2022,EN_MAR_CHLANM,Germany,Moderate,4.64106
2022,EN_MAR_CHLANM,Germany,Extreme,0.56388
2018,EN_MAR_CHLANM,Greece,Extreme,0.15239
2018,EN_MAR_CHLANM,Greece,High,0.83339
2018,EN_MAR_CHLANM,Greece,Moderate,2.54734
2019,EN_MAR_CHLANM,Greece,Extreme,0.2441
2019,EN_MAR_CHLANM,Greece,High,1.08827
2019,EN_MAR_CHLANM,Greece,Moderate,2.57551
2020,EN_MAR_CHLANM,Greece,Extreme,0.11645
2020,EN_MAR_CHLANM,Greece,High,1.06861
2020,EN_MAR_CHLANM,Greece,Moderate,2.23013
2021,EN_MAR_CHLANM,Greece,Moderate,3.24463
2021,EN_MAR_CHLANM,Greece,High,2.26059
2021,EN_MAR_CHLANM,Greece,Extreme,0.88685
2022,EN_MAR_CHLANM,Greece,Extreme,0.16049
2022,EN_MAR_CHLANM,Greece,Moderate,2.32319
2022,EN_MAR_CHLANM,Greece,High,1.02928
2018,EN_MAR_CHLANM,Iceland,Extreme,2.10798
2018,EN_MAR_CHLANM,Iceland,High,8.99441
2018,EN_MAR_CHLANM,Iceland,Moderate,4.23251
2019,EN_MAR_CHLANM,Iceland,High,10.91583
2019,EN_MAR_CHLANM,Iceland,Moderate,13.27296
2019,EN_MAR_CHLANM,Iceland,Extreme,1.49536
2020,EN_MAR_CHLANM,Iceland,Extreme,2.48184
2020,EN_MAR_CHLANM,Iceland,Moderate,6.42171
2020,EN_MAR_CHLANM,Iceland,High,9.6728
2021,EN_MAR_CHLANM,Iceland,High,4.23773
2021,EN_MAR_CHLANM,Iceland,Extreme,0.19964
2021,EN_MAR_CHLANM,Iceland,Moderate,6.80729
2022,EN_MAR_CHLANM,Iceland,Moderate,9.91657
2022,EN_MAR_CHLANM,Iceland,Extreme,2.33474
2022,EN_MAR_CHLANM,Iceland,High,10.5124
2018,EN_MAR_CHLANM,India,High,6.07967
2018,EN_MAR_CHLANM,India,Extreme,2.79263
2018,EN_MAR_CHLANM,India,Moderate,5.17261
2019,EN_MAR_CHLANM,India,High,5.57504
2019,EN_MAR_CHLANM,India,Moderate,5.96835
2019,EN_MAR_CHLANM,India,Extreme,2.23686
2020,EN_MAR_CHLANM,India,Extreme,1.86766
2020,EN_MAR_CHLANM,India,High,5.84081
2020,EN_MAR_CHLANM,India,Moderate,5.89724
2021,EN_MAR_CHLANM,India,Moderate,4.94043
2021,EN_MAR_CHLANM,India,Extreme,1.95176
2021,EN_MAR_CHLANM,India,High,5.77964
2022,EN_MAR_CHLANM,India,High,6.53003
2022,EN_MAR_CHLANM,India,Extreme,2.2826
2022,EN_MAR_CHLANM,India,Moderate,5.78297
2018,EN_MAR_CHLANM,Ireland,Extreme,1.1294
2018,EN_MAR_CHLANM,Ireland,Moderate,6.58704
2018,EN_MAR_CHLANM,Ireland,High,6.90833
2019,EN_MAR_CHLANM,Ireland,High,6.54218
2019,EN_MAR_CHLANM,Ireland,Moderate,7.42729
2019,EN_MAR_CHLANM,Ireland,Extreme,1.05415
2020,EN_MAR_CHLANM,Ireland,Moderate,5.86139
2020,EN_MAR_CHLANM,Ireland,High,7.41496
2020,EN_MAR_CHLANM,Ireland,Extreme,3.06013
2021,EN_MAR_CHLANM,Ireland,High,5.02936
2021,EN_MAR_CHLANM,Ireland,Moderate,6.57373
2021,EN_MAR_CHLANM,Ireland,Extreme,1.02929
2022,EN_MAR_CHLANM,Ireland,High,8.01589
2022,EN_MAR_CHLANM,Ireland,Extreme,1.6264
2022,EN_MAR_CHLANM,Ireland,Moderate,8.52105
2018,EN_MAR_CHLANM,Israel,Extreme,0.25739
2018,EN_MAR_CHLANM,Israel,Moderate,6.38161
2018,EN_MAR_CHLANM,Israel,High,2.64006
2019,EN_MAR_CHLANM,Israel,High,3.1399
2019,EN_MAR_CHLANM,Israel,Moderate,7.37034
2019,EN_MAR_CHLANM,Israel,Extreme,0.40502
2020,EN_MAR_CHLANM,Israel,Moderate,7.21574
2020,EN_MAR_CHLANM,Israel,High,4.09814
2022,EN_MAR_CHLANM,Albania,Extreme,0.6257
2022,EN_MAR_CHLANM,Albania,Moderate,3.54341
2018,EN_MAR_CHLANM,Azerbaijan,Extreme,1.21395
2018,EN_MAR_CHLANM,Azerbaijan,Moderate,5.61599
2018,EN_MAR_CHLANM,Azerbaijan,High,6.79933
2019,EN_MAR_CHLANM,Azerbaijan,High,3.72966
2019,EN_MAR_CHLANM,Azerbaijan,Extreme,0.55254
2019,EN_MAR_CHLANM,Azerbaijan,Moderate,6.01042
2020,EN_MAR_CHLANM,Azerbaijan,Moderate,3.45126
2020,EN_MAR_CHLANM,Azerbaijan,High,1.95356
2020,EN_MAR_CHLANM,Azerbaijan,Extreme,0.18116
2021,EN_MAR_CHLANM,Azerbaijan,Extreme,0.19721
2021,EN_MAR_CHLANM,Azerbaijan,Moderate,6.02817
2020,EN_MAR_CHLANM,Israel,Extreme,0.63964
2021,EN_MAR_CHLANM,Israel,Extreme,0.98117
2021,EN_MAR_CHLANM,Israel,High,3.99179
2021,EN_MAR_CHLANM,Israel,Moderate,5.85524
2022,EN_MAR_CHLANM,Israel,Moderate,6.52615
2022,EN_MAR_CHLANM,Israel,High,3.27364
2022,EN_MAR_CHLANM,Israel,Extreme,0.40341
2018,EN_MAR_CHLANM,Italy,Extreme,0.44421
2018,EN_MAR_CHLANM,Italy,High,2.95002
2018,EN_MAR_CHLANM,Italy,Moderate,5.20881
2019,EN_MAR_CHLANM,Italy,High,2.92456
2019,EN_MAR_CHLANM,Italy,Extreme,0.58006
2019,EN_MAR_CHLANM,Italy,Moderate,5.15404
2020,EN_MAR_CHLANM,Italy,Moderate,3.67455
2020,EN_MAR_CHLANM,Italy,Extreme,0.32231
2020,EN_MAR_CHLANM,Italy,High,1.96348
2021,EN_MAR_CHLANM,Italy,Extreme,0.52112
2021,EN_MAR_CHLANM,Italy,Moderate,5.09195
2021,EN_MAR_CHLANM,Italy,High,3.32783
2022,EN_MAR_CHLANM,Italy,Extreme,0.26787
2022,EN_MAR_CHLANM,Italy,Moderate,3.90297
2022,EN_MAR_CHLANM,Italy,High,1.96482
2018,EN_MAR_CHLANM,Japan,Moderate,5.10254
2018,EN_MAR_CHLANM,Japan,High,3.3261
2018,EN_MAR_CHLANM,Japan,Extreme,0.54961
2019,EN_MAR_CHLANM,Japan,High,3.54951
2021,EN_MAR_CHLANM,Azerbaijan,High,2.8151
2022,EN_MAR_CHLANM,Azerbaijan,High,1.08009
2022,EN_MAR_CHLANM,Azerbaijan,Moderate,4.0552
2022,EN_MAR_CHLANM,Azerbaijan,Extreme,0.03223
2018,EN_MAR_CHLANM,Australia,Extreme,0.39602
2018,EN_MAR_CHLANM,Australia,Moderate,5.34322
2018,EN_MAR_CHLANM,Australia,High,3.48344
2019,EN_MAR_CHLANM,Australia,Moderate,5.43367
2019,EN_MAR_CHLANM,Australia,High,3.07145
2019,EN_MAR_CHLANM,Australia,Extreme,0.30717
2020,EN_MAR_CHLANM,Australia,High,3.16474
2020,EN_MAR_CHLANM,Australia,Moderate,5.09077
2020,EN_MAR_CHLANM,Australia,Extreme,0.42966
2019,EN_MAR_CHLANM,Japan,Moderate,5.81658
2019,EN_MAR_CHLANM,Japan,Extreme,0.6374
2020,EN_MAR_CHLANM,Japan,Extreme,0.57403
2020,EN_MAR_CHLANM,Japan,High,3.22879
2020,EN_MAR_CHLANM,Japan,Moderate,5.17346
2021,EN_MAR_CHLANM,Japan,Moderate,6.23081
2021,EN_MAR_CHLANM,Japan,Extreme,0.89467
2021,EN_MAR_CHLANM,Japan,High,4.29674
2022,EN_MAR_CHLANM,Japan,Extreme,0.8862
2022,EN_MAR_CHLANM,Japan,High,3.82286
2022,EN_MAR_CHLANM,Japan,Moderate,6.15652
2018,EN_MAR_CHLANM,Kazakhstan,Moderate,7.44578
2018,EN_MAR_CHLANM,Kazakhstan,High,6.65817
2018,EN_MAR_CHLANM,Kazakhstan,Extreme,0.54393
2019,EN_MAR_CHLANM,Kazakhstan,Extreme,0.98533
2019,EN_MAR_CHLANM,Kazakhstan,High,5.97132
2019,EN_MAR_CHLANM,Kazakhstan,Moderate,6.72797
2020,EN_MAR_CHLANM,Kazakhstan,Moderate,6.02158
2020,EN_MAR_CHLANM,Kazakhstan,High,5.46935
2020,EN_MAR_CHLANM,Kazakhstan,Extreme,1.49061
2021,EN_MAR_CHLANM,Kazakhstan,Extreme,0.50959
2021,EN_MAR_CHLANM,Kazakhstan,High,4.52949
2021,EN_MAR_CHLANM,Kazakhstan,Moderate,5.95935
2022,EN_MAR_CHLANM,Kazakhstan,Moderate,5.54478
2022,EN_MAR_CHLANM,Kazakhstan,Extreme,0.33117
2022,EN_MAR_CHLANM,Kazakhstan,High,2.66099
2021,EN_MAR_CHLANM,Australia,Moderate,4.68085
2021,EN_MAR_CHLANM,Australia,High,2.45134
2021,EN_MAR_CHLANM,Australia,Extreme,0.31869
2022,EN_MAR_CHLANM,Australia,High,2.99872
2022,EN_MAR_CHLANM,Australia,Moderate,4.89332
2022,EN_MAR_CHLANM,Australia,Extreme,0.36321
2018,EN_MAR_CHLANM,Belgium,High,6.22509
2018,EN_MAR_CHLANM,Belgium,Extreme,0.49942
2018,EN_MAR_CHLANM,Belgium,Moderate,7.48846
2019,EN_MAR_CHLANM,Belgium,Moderate,5.87594
2019,EN_MAR_CHLANM,Belgium,High,6.67827
2019,EN_MAR_CHLANM,Belgium,Extreme,0.83136
2020,EN_MAR_CHLANM,Belgium,High,5.69607
2018,EN_MAR_CHLANM,Republic of Korea,High,3.81858
2018,EN_MAR_CHLANM,Republic of Korea,Extreme,0.21941
2018,EN_MAR_CHLANM,Republic of Korea,Moderate,7.39639
2019,EN_MAR_CHLANM,Republic of Korea,Moderate,7.25943
2019,EN_MAR_CHLANM,Republic of Korea,Extreme,0.34902
2019,EN_MAR_CHLANM,Republic of Korea,High,4.12956
2020,EN_MAR_CHLANM,Republic of Korea,Moderate,5.82524
2020,EN_MAR_CHLANM,Republic of Korea,High,4.94786
2020,EN_MAR_CHLANM,Republic of Korea,Extreme,0.82425
2021,EN_MAR_CHLANM,Republic of Korea,Moderate,6.73394
2021,EN_MAR_CHLANM,Republic of Korea,High,5.22719
2021,EN_MAR_CHLANM,Republic of Korea,Extreme,0.62655
2022,EN_MAR_CHLANM,Republic of Korea,Extreme,1.40883
2022,EN_MAR_CHLANM,Republic of Korea,High,7.04451
2022,EN_MAR_CHLANM,Republic of Korea,Moderate,6.87649
2018,EN_MAR_CHLANM,Latvia,High,11.01573
2018,EN_MAR_CHLANM,Latvia,Extreme,7.8312
2018,EN_MAR_CHLANM,Latvia,Moderate,6.81062
2019,EN_MAR_CHLANM,Latvia,Moderate,8.22425
2019,EN_MAR_CHLANM,Latvia,High,10.64393
2019,EN_MAR_CHLANM,Latvia,Extreme,1.97327
2020,EN_MAR_CHLANM,Latvia,Extreme,1.5689
2020,EN_MAR_CHLANM,Latvia,Moderate,6.25967
2020,EN_MAR_CHLANM,Latvia,High,7.94
2021,EN_MAR_CHLANM,Latvia,Moderate,8.62578
2021,EN_MAR_CHLANM,Latvia,Extreme,2.96617
2021,EN_MAR_CHLANM,Latvia,High,8.99734
2022,EN_MAR_CHLANM,Latvia,Extreme,0.88864
2022,EN_MAR_CHLANM,Latvia,Moderate,6.04779
2022,EN_MAR_CHLANM,Latvia,High,5.60191
2018,EN_MAR_CHLANM,Lithuania,High,10.4738
2018,EN_MAR_CHLANM,Lithuania,Extreme,10.15593
2018,EN_MAR_CHLANM,Lithuania,Moderate,6.9854
2019,EN_MAR_CHLANM,Lithuania,Moderate,9.78321
2019,EN_MAR_CHLANM,Lithuania,High,10.81025
2019,EN_MAR_CHLANM,Lithuania,Extreme,2.01001
2020,EN_MAR_CHLANM,Lithuania,High,5.49008
2020,EN_MAR_CHLANM,Lithuania,Extreme,1.41386
2020,EN_MAR_CHLANM,Lithuania,Moderate,6.65593
2021,EN_MAR_CHLANM,Lithuania,Moderate,8.85603
2021,EN_MAR_CHLANM,Lithuania,Extreme,3.02413
2021,EN_MAR_CHLANM,Lithuania,High,10.0882
2022,EN_MAR_CHLANM,Lithuania,Extreme,0.70072
2022,EN_MAR_CHLANM,Lithuania,High,5.229
2022,EN_MAR_CHLANM,Lithuania,Moderate,5.099
2018,EN_MAR_CHLANM,Malta,Extreme,0.02231
2018,EN_MAR_CHLANM,Malta,High,0.597
2018,EN_MAR_CHLANM,Malta,Moderate,3.43227
2019,EN_MAR_CHLANM,Malta,Moderate,4.91146
2019,EN_MAR_CHLANM,Malta,Extreme,0.23448
2019,EN_MAR_CHLANM,Malta,High,1.60461
2020,EN_MAR_CHLANM,Belgium,Extreme,0.50994
2020,EN_MAR_CHLANM,Belgium,Moderate,5.17142
2021,EN_MAR_CHLANM,Belgium,Moderate,11.37177
2021,EN_MAR_CHLANM,Belgium,High,10.84895
2021,EN_MAR_CHLANM,Belgium,Extreme,1.24598
2022,EN_MAR_CHLANM,Belgium,Moderate,5.7354
2022,EN_MAR_CHLANM,Belgium,High,4.925
2022,EN_MAR_CHLANM,Belgium,Extreme,1.04177
2022,EN_MAR_CHLANM,Bosnia and Herzegovina,Moderate,3.10902
2022,EN_MAR_CHLANM,Bosnia and Herzegovina,High,0.0
2022,EN_MAR_CHLANM,Bosnia and Herzegovina,Extreme,0.0
2018,EN_MAR_CHLANM,Bulgaria,Extreme,0.47301
2018,EN_MAR_CHLANM,Bulgaria,Moderate,6.24353
2018,EN_MAR_CHLANM,Bulgaria,High,4.52404
2019,EN_MAR_CHLANM,Bulgaria,Moderate,4.30863
2019,EN_MAR_CHLANM,Bulgaria,Extreme,0.5706
2019,EN_MAR_CHLANM,Bulgaria,High,4.05743
2020,EN_MAR_CHLANM,Bulgaria,Extreme,0.35153
2020,EN_MAR_CHLANM,Bulgaria,Moderate,4.93738
2020,EN_MAR_CHLANM,Bulgaria,High,4.45551
2021,EN_MAR_CHLANM,Bulgaria,Moderate,3.81995
2021,EN_MAR_CHLANM,Bulgaria,High,2.05318
2021,EN_MAR_CHLANM,Bulgaria,Extreme,0.22325
2022,EN_MAR_CHLANM,Bulgaria,High,2.58723
2022,EN_MAR_CHLANM,Bulgaria,Extreme,0.18473
2022,EN_MAR_CHLANM,Bulgaria,Moderate,5.83529
2018,EN_MAR_CHLANM,Canada,Extreme,3.90291
2018,EN_MAR_CHLANM,Canada,Moderate,7.43851
2018,EN_MAR_CHLANM,Canada,High,10.78918
2019,EN_MAR_CHLANM,Canada,Moderate,5.90859
2019,EN_MAR_CHLANM,Canada,Extreme,1.41246
2019,EN_MAR_CHLANM,Canada,High,6.26816
2020,EN_MAR_CHLANM,Canada,Extreme,3.37674
2020,EN_MAR_CHLANM,Canada,Moderate,6.86883
2020,EN_MAR_CHLANM,Canada,High,10.09436
2021,EN_MAR_CHLANM,Canada,Extreme,4.21431
2021,EN_MAR_CHLANM,Canada,High,11.40364
2021,EN_MAR_CHLANM,Canada,Moderate,8.67072
2022,EN_MAR_CHLANM,Canada,Moderate,7.87635
2020,EN_MAR_CHLANM,Malta,Extreme,0.19988
2020,EN_MAR_CHLANM,Malta,Moderate,3.74545
2020,EN_MAR_CHLANM,Malta,High,1.17662
2021,EN_MAR_CHLANM,Malta,High,3.53364
2021,EN_MAR_CHLANM,Malta,Extreme,0.25647
2021,EN_MAR_CHLANM,Malta,Moderate,8.75677
2022,EN_MAR_CHLANM,Malta,High,2.14609
2022,EN_MAR_CHLANM,Malta,Extreme,0.06717
2022,EN_MAR_CHLANM,Malta,Moderate,6.04405
2018,EN_MAR_CHLANM,Mexico,Extreme,1.11197
2018,EN_MAR_CHLANM,Mexico,High,4.36748
2018,EN_MAR_CHLANM,Mexico,Moderate,4.66505
2019,EN_MAR_CHLANM,Mexico,Moderate,4.16251
2019,EN_MAR_CHLANM,Mexico,High,3.55575
2019,EN_MAR_CHLANM,Mexico,Extreme,0.88654
2020,EN_MAR_CHLANM,Mexico,Extreme,1.30566
2020,EN_MAR_CHLANM,Mexico,High,4.42336
2020,EN_MAR_CHLANM,Mexico,Moderate,4.65145
2021,EN_MAR_CHLANM,Mexico,Moderate,4.13713
2021,EN_MAR_CHLANM,Mexico,High,3.71891
2021,EN_MAR_CHLANM,Mexico,Extreme,1.08377
2022,EN_MAR_CHLANM,Mexico,Extreme,1.45013
2022,EN_MAR_CHLANM,Mexico,High,4.90436
2022,EN_MAR_CHLANM,Mexico,Moderate,5.09473
2018,EN_MAR_CHLANM,Montenegro,Moderate,4.7332
2018,EN_MAR_CHLANM,Montenegro,High,3.12616
2022,EN_MAR_CHLANM,Canada,Extreme,1.60251
2022,EN_MAR_CHLANM,Canada,High,7.34946
2018,EN_MAR_CHLANM,Chile,Moderate,5.93093
2018,EN_MAR_CHLANM,Chile,Extreme,1.91369
2018,EN_MAR_CHLANM,Chile,High,5.69732
2019,EN_MAR_CHLANM,Chile,Extreme,1.45833
2019,EN_MAR_CHLANM,Chile,Moderate,5.36316
2019,EN_MAR_CHLANM,Chile,High,4.61767
2020,EN_MAR_CHLANM,Chile,Moderate,5.77671
2020,EN_MAR_CHLANM,Chile,High,5.50406
2020,EN_MAR_CHLANM,Chile,Extreme,1.52649
2021,EN_MAR_CHLANM,Chile,High,5.61672
2021,EN_MAR_CHLANM,Chile,Extreme,1.45484
2018,EN_MAR_CHLANM,Montenegro,Extreme,0.15554
2019,EN_MAR_CHLANM,Montenegro,Moderate,4.24908
2019,EN_MAR_CHLANM,Montenegro,Extreme,0.42847
2019,EN_MAR_CHLANM,Montenegro,High,3.43747
2020,EN_MAR_CHLANM,Montenegro,High,1.7827
2020,EN_MAR_CHLANM,Montenegro,Extreme,0.17576
2020,EN_MAR_CHLANM,Montenegro,Moderate,3.68424
2021,EN_MAR_CHLANM,Montenegro,Moderate,5.47595
2021,EN_MAR_CHLANM,Montenegro,Extreme,0.65477
2021,EN_MAR_CHLANM,Montenegro,High,5.29118
2022,EN_MAR_CHLANM,Montenegro,High,3.43485
2022,EN_MAR_CHLANM,Montenegro,Extreme,0.46676
2022,EN_MAR_CHLANM,Montenegro,Moderate,4.02863
2021,EN_MAR_CHLANM,Chile,Moderate,6.03157
2022,EN_MAR_CHLANM,Chile,High,5.26327
2022,EN_MAR_CHLANM,Chile,Extreme,1.08009
2022,EN_MAR_CHLANM,Chile,Moderate,5.97118
2018,EN_MAR_CHLANM,China,Moderate,3.00475
2018,EN_MAR_CHLANM,China,High,2.35683
2018,EN_MAR_CHLANM,China,Extreme,0.31602
2019,EN_MAR_CHLANM,China,Extreme,0.30437
2019,EN_MAR_CHLANM,China,Moderate,6.10261
2019,EN_MAR_CHLANM,China,High,3.50385
2020,EN_MAR_CHLANM,China,High,2.52947
2020,EN_MAR_CHLANM,China,Moderate,5.03596
2020,EN_MAR_CHLANM,China,Extreme,0.0804
2018,EN_MAR_CHLANM,Netherlands (Kingdom of the),Extreme,3.44762
2018,EN_MAR_CHLANM,Netherlands (Kingdom of the),High,8.26603
2018,EN_MAR_CHLANM,Netherlands (Kingdom of the),Moderate,9.16083
2019,EN_MAR_CHLANM,Netherlands (Kingdom of the),Extreme,0.61306
2019,EN_MAR_CHLANM,Netherlands (Kingdom of the),High,5.59859
2019,EN_MAR_CHLANM,Netherlands (Kingdom of the),Moderate,7.50354
2020,EN_MAR_CHLANM,Netherlands (Kingdom of the),Moderate,7.44929
2020,EN_MAR_CHLANM,Netherlands (Kingdom of the),High,7.79144
2020,EN_MAR_CHLANM,Netherlands (Kingdom of the),Extreme,2.36706
2021,EN_MAR_CHLANM,Netherlands (Kingdom of the),Extreme,0.69541
2021,EN_MAR_CHLANM,Netherlands (Kingdom of the),High,6.02035
2021,EN_MAR_CHLANM,Netherlands (Kingdom of the),Moderate,6.56349
2021,EN_MAR_CHLANM,China,Extreme,0.04549
2021,EN_MAR_CHLANM,China,High,2.4277
2021,EN_MAR_CHLANM,China,Moderate,4.89938
2022,EN_MAR_CHLANM,China,High,3.79704
2022,EN_MAR_CHLANM,China,Extreme,0.8049
2022,EN_MAR_CHLANM,China,Moderate,4.89122
2018,EN_MAR_CHLANM,Colombia,High,7.02647
2018,EN_MAR_CHLANM,Colombia,Moderate,5.57677
2018,EN_MAR_CHLANM,Colombia,Extreme,0.88856
2019,EN_MAR_CHLANM,Colombia,Moderate,6.90098
2019,EN_MAR_CHLANM,Colombia,Extreme,0.0
2019,EN_MAR_CHLANM,Colombia,High,2.39146
2020,EN_MAR_CHLANM,Colombia,Moderate,3.44402
2022,EN_MAR_CHLANM,Netherlands (Kingdom of the),Moderate,5.29475
2022,EN_MAR_CHLANM,Netherlands (Kingdom of the),High,4.11199
2022,EN_MAR_CHLANM,Netherlands (Kingdom of the),Extreme,0.80976
2018,EN_MAR_CHLANM,New Zealand,High,4.79873
2018,EN_MAR_CHLANM,New Zealand,Moderate,7.10191
2018,EN_MAR_CHLANM,New Zealand,Extreme,0.79157
2019,EN_MAR_CHLANM,New Zealand,Moderate,7.8383
2019,EN_MAR_CHLANM,New Zealand,Extreme,1.0678
2019,EN_MAR_CHLANM,New Zealand,High,5.33455
2020,EN_MAR_CHLANM,New Zealand,High,3.7729
2020,EN_MAR_CHLANM,New Zealand,Extreme,0.60225
2020,EN_MAR_CHLANM,New Zealand,Moderate,6.24087
2020,EN_MAR_CHLANM,Colombia,High,3.18408
2020,EN_MAR_CHLANM,Colombia,Extreme,0.05381
2021,EN_MAR_CHLANM,Colombia,Extreme,2.10544
2021,EN_MAR_CHLANM,Colombia,Moderate,6.13294
2021,EN_MAR_CHLANM,Colombia,High,8.58657
2022,EN_MAR_CHLANM,Colombia,High,3.68565
2022,EN_MAR_CHLANM,Colombia,Moderate,4.61282
2022,EN_MAR_CHLANM,Colombia,Extreme,0.90742
2018,EN_MAR_CHLANM,Costa Rica,Extreme,0.0
2018,EN_MAR_CHLANM,Costa Rica,High,0.35545
2018,EN_MAR_CHLANM,Costa Rica,Moderate,1.80399
2019,EN_MAR_CHLANM,Costa Rica,Moderate,3.7476
2019,EN_MAR_CHLANM,Costa Rica,High,3.4749
2019,EN_MAR_CHLANM,Costa Rica,Extreme,0.3071
2020,EN_MAR_CHLANM,Costa Rica,Extreme,0.00098
2020,EN_MAR_CHLANM,Costa Rica,High,0.64327
2020,EN_MAR_CHLANM,Costa Rica,Moderate,2.65435
2021,EN_MAR_CHLANM,Costa Rica,Moderate,6.52852
2021,EN_MAR_CHLANM,Costa Rica,High,3.34519
2021,EN_MAR_CHLANM,Costa Rica,Extreme,0.00656
2022,EN_MAR_CHLANM,Costa Rica,Extreme,0.84834
2022,EN_MAR_CHLANM,Costa Rica,High,2.87415
2022,EN_MAR_CHLANM,Costa Rica,Moderate,3.71329
2018,EN_MAR_CHLANM,Croatia,Extreme,0.33455
2018,EN_MAR_CHLANM,Croatia,High,2.15491
2018,EN_MAR_CHLANM,Croatia,Moderate,3.18023
2021,EN_MAR_CHLANM,New Zealand,Extreme,0.68902
2021,EN_MAR_CHLANM,New Zealand,High,4.41186
2021,EN_MAR_CHLANM,New Zealand,Moderate,7.22734
2022,EN_MAR_CHLANM,New Zealand,High,3.91831
2022,EN_MAR_CHLANM,New Zealand,Extreme,0.60525
2022,EN_MAR_CHLANM,New Zealand,Moderate,6.17518
2018,EN_MAR_CHLANM,Norway,Extreme,4.75964
2018,EN_MAR_CHLANM,Norway,Moderate,8.31894
2018,EN_MAR_CHLANM,Norway,High,10.98513
2019,EN_MAR_CHLANM,Norway,High,14.23898
2019,EN_MAR_CHLANM,Norway,Moderate,7.82958
2019,EN_MAR_CHLANM,Norway,Extreme,5.72331
2020,EN_MAR_CHLANM,Norway,Moderate,5.99011
2019,EN_MAR_CHLANM,Croatia,Moderate,3.83212
2019,EN_MAR_CHLANM,Croatia,High,2.47882
2019,EN_MAR_CHLANM,Croatia,Extreme,0.44028
2020,EN_MAR_CHLANM,Croatia,Extreme,0.11386
2020,EN_MAR_CHLANM,Croatia,High,2.01541
2020,EN_MAR_CHLANM,Croatia,Moderate,3.28837
2021,EN_MAR_CHLANM,Croatia,Moderate,3.25959
2021,EN_MAR_CHLANM,Croatia,High,2.84477
2021,EN_MAR_CHLANM,Croatia,Extreme,0.35469
2022,EN_MAR_CHLANM,Croatia,Moderate,2.20189
2022,EN_MAR_CHLANM,Croatia,High,1.17986
2022,EN_MAR_CHLANM,Croatia,Extreme,0.09099
2018,EN_MAR_CHLANM,Cyprus,Moderate,2.8159
2018,EN_MAR_CHLANM,Cyprus,High,0.51197
2018,EN_MAR_CHLANM,Cyprus,Extreme,0.02791
2019,EN_MAR_CHLANM,Cyprus,High,0.34937
2019,EN_MAR_CHLANM,Cyprus,Moderate,2.9884
2019,EN_MAR_CHLANM,Cyprus,Extreme,0.03737
2020,EN_MAR_CHLANM,Cyprus,High,1.05946
2020,EN_MAR_CHLANM,Cyprus,Moderate,4.98842
2020,EN_MAR_CHLANM,Cyprus,Extreme,0.05004
2021,EN_MAR_CHLANM,Cyprus,High,0.81386
2021,EN_MAR_CHLANM,Cyprus,Extreme,0.07353
2021,EN_MAR_CHLANM,Cyprus,Moderate,3.87397
2022,EN_MAR_CHLANM,Cyprus,High,0.77212
2022,EN_MAR_CHLANM,Cyprus,Moderate,4.7559
2020,EN_MAR_CHLANM,Norway,High,3.84191
2020,EN_MAR_CHLANM,Norway,Extreme,0.53472
2021,EN_MAR_CHLANM,Norway,Extreme,0.0
2021,EN_MAR_CHLANM,Norway,High,4.15905
2021,EN_MAR_CHLANM,Norway,Moderate,8.6214
2022,EN_MAR_CHLANM,Norway,Moderate,9.80492
2022,EN_MAR_CHLANM,Norway,High,9.35145
2022,EN_MAR_CHLANM,Norway,Extreme,2.16338
2018,EN_MAR_CHLANM,Poland,Moderate,8.21932
2018,EN_MAR_CHLANM,Poland,Extreme,8.70498
2018,EN_MAR_CHLANM,Poland,High,14.7997
2019,EN_MAR_CHLANM,Poland,High,11.69585
2019,EN_MAR_CHLANM,Poland,Extreme,3.24411
2022,EN_MAR_CHLANM,Cyprus,Extreme,0.02969
2018,EN_MAR_CHLANM,Denmark,Moderate,6.48186
2018,EN_MAR_CHLANM,Denmark,High,7.48828
2018,EN_MAR_CHLANM,Denmark,Extreme,2.58966
2019,EN_MAR_CHLANM,Denmark,Extreme,2.19431
2019,EN_MAR_CHLANM,Denmark,High,6.62881
2019,EN_MAR_CHLANM,Denmark,Moderate,6.73485
2020,EN_MAR_CHLANM,Denmark,Moderate,4.535
2020,EN_MAR_CHLANM,Denmark,High,6.23495
2020,EN_MAR_CHLANM,Denmark,Extreme,2.00696
2021,EN_MAR_CHLANM,Denmark,Extreme,1.27838
2021,EN_MAR_CHLANM,Denmark,High,5.32478
2021,EN_MAR_CHLANM,Denmark,Moderate,6.09479
2019,EN_MAR_CHLANM,Poland,Moderate,9.52353
2020,EN_MAR_CHLANM,Poland,Moderate,7.7239
2020,EN_MAR_CHLANM,Poland,Extreme,2.91138
2020,EN_MAR_CHLANM,Poland,High,11.40781
2021,EN_MAR_CHLANM,Poland,High,9.91869
2021,EN_MAR_CHLANM,Poland,Extreme,2.8913
2021,EN_MAR_CHLANM,Poland,Moderate,7.95459
2022,EN_MAR_CHLANM,Poland,Moderate,6.83688
2022,EN_MAR_CHLANM,Poland,Extreme,1.71321
2022,EN_MAR_CHLANM,Poland,High,7.64149
2018,EN_MAR_CHLANM,Portugal,Moderate,8.03409
2018,EN_MAR_CHLANM,Portugal,High,4.52206
2018,EN_MAR_CHLANM,Portugal,Extreme,0.63017
2019,EN_MAR_CHLANM,Portugal,Extreme,0.9016
2019,EN_MAR_CHLANM,Portugal,High,3.9951
2019,EN_MAR_CHLANM,Portugal,Moderate,5.46952
2020,EN_MAR_CHLANM,Portugal,Moderate,3.97978
2020,EN_MAR_CHLANM,Portugal,High,2.80628
2020,EN_MAR_CHLANM,Portugal,Extreme,0.93033
2021,EN_MAR_CHLANM,Portugal,Moderate,5.65634
2021,EN_MAR_CHLANM,Portugal,Extreme,0.87284
2021,EN_MAR_CHLANM,Portugal,High,3.78727
2022,EN_MAR_CHLANM,Portugal,Moderate,4.46941
2022,EN_MAR_CHLANM,Portugal,High,3.97606
2022,EN_MAR_CHLANM,Portugal,Extreme,0.71469
2018,EN_MAR_CHLANM,Romania,Extreme,0.64276
2018,EN_MAR_CHLANM,Romania,High,3.18334
2018,EN_MAR_CHLANM,Romania,Moderate,4.7039
2019,EN_MAR_CHLANM,Romania,Moderate,8.15041
2019,EN_MAR_CHLANM,Romania,Extreme,1.27791
2019,EN_MAR_CHLANM,Romania,High,8.59765
2020,EN_MAR_CHLANM,Romania,Extreme,0.65419
2020,EN_MAR_CHLANM,Romania,High,5.22944
2020,EN_MAR_CHLANM,Romania,Moderate,5.68692
2021,EN_MAR_CHLANM,Romania,Moderate,5.48706
2021,EN_MAR_CHLANM,Romania,High,5.35874
2021,EN_MAR_CHLANM,Romania,Extreme,0.69472
2022,EN_MAR_CHLANM,Romania,Extreme,0.39514
2022,EN_MAR_CHLANM,Romania,High,4.57836
2022,EN_MAR_CHLANM,Romania,Moderate,6.7363
2018,EN_MAR_CHLANM,Viet Nam,Extreme,0.87201
2018,EN_MAR_CHLANM,Viet Nam,High,3.94454
2018,EN_MAR_CHLANM,Viet Nam,Moderate,5.02176
2019,EN_MAR_CHLANM,Viet Nam,Moderate,5.28686
2019,EN_MAR_CHLANM,Viet Nam,High,4.44093
2019,EN_MAR_CHLANM,Viet Nam,Extreme,1.11818
2020,EN_MAR_CHLANM,Viet Nam,Extreme,0.96193
2020,EN_MAR_CHLANM,Viet Nam,High,5.32386
2020,EN_MAR_CHLANM,Viet Nam,Moderate,6.00087
2021,EN_MAR_CHLANM,Viet Nam,High,5.08779
2021,EN_MAR_CHLANM,Viet Nam,Extreme,1.39529
2021,EN_MAR_CHLANM,Viet Nam,Moderate,5.53973
2022,EN_MAR_CHLANM,Viet Nam,Moderate,5.23727
2022,EN_MAR_CHLANM,Viet Nam,Extreme,0.81082
2022,EN_MAR_CHLANM,Viet Nam,High,4.26641
2018,EN_MAR_CHLANM,Slovenia,Extreme,1.94429
2018,EN_MAR_CHLANM,Slovenia,High,7.07943
2018,EN_MAR_CHLANM,Slovenia,Moderate,10.17649
2019,EN_MAR_CHLANM,Slovenia,Moderate,9.05757
2019,EN_MAR_CHLANM,Slovenia,High,14.38212
2019,EN_MAR_CHLANM,Slovenia,Extreme,1.76128
2020,EN_MAR_CHLANM,Slovenia,Extreme,0.28184
2020,EN_MAR_CHLANM,Slovenia,High,7.7829
2020,EN_MAR_CHLANM,Slovenia,Moderate,9.35117
2021,EN_MAR_CHLANM,Slovenia,Moderate,9.80769
2021,EN_MAR_CHLANM,Slovenia,High,10.2167
2021,EN_MAR_CHLANM,Slovenia,Extreme,0.33002
2022,EN_MAR_CHLANM,Slovenia,Extreme,1.45574
2022,EN_MAR_CHLANM,Slovenia,High,7.39711
2022,EN_MAR_CHLANM,Slovenia,Moderate,6.86338
2018,EN_MAR_CHLANM,Spain,High,6.7948
2018,EN_MAR_CHLANM,Spain,Extreme,1.26108
2018,EN_MAR_CHLANM,Spain,Moderate,7.83119
2019,EN_MAR_CHLANM,Spain,High,5.33465
2019,EN_MAR_CHLANM,Spain,Moderate,6.43313
2019,EN_MAR_CHLANM,Spain,Extreme,1.34299
2020,EN_MAR_CHLANM,Spain,Extreme,1.00146
2020,EN_MAR_CHLANM,Spain,Moderate,4.96864
2020,EN_MAR_CHLANM,Spain,High,4.2159
2021,EN_MAR_CHLANM,Spain,High,5.1686
2021,EN_MAR_CHLANM,Spain,Extreme,1.24614
2021,EN_MAR_CHLANM,Spain,Moderate,5.98481
2022,EN_MAR_CHLANM,Spain,Moderate,4.72975
2022,EN_MAR_CHLANM,Spain,High,3.89267
2022,EN_MAR_CHLANM,Spain,Extreme,1.19728
2018,EN_MAR_CHLANM,Sweden,Extreme,8.98264
2018,EN_MAR_CHLANM,Sweden,Moderate,6.87155
2018,EN_MAR_CHLANM,Sweden,High,10.43977
2019,EN_MAR_CHLANM,Sweden,High,13.74389
2019,EN_MAR_CHLANM,Sweden,Moderate,8.95976
2019,EN_MAR_CHLANM,Sweden,Extreme,5.21071
2020,EN_MAR_CHLANM,Sweden,Extreme,2.82453
2020,EN_MAR_CHLANM,Sweden,Moderate,6.81033
2020,EN_MAR_CHLANM,Sweden,High,9.2552
2021,EN_MAR_CHLANM,Sweden,Moderate,8.81229
2021,EN_MAR_CHLANM,Sweden,Extreme,1.78288
2021,EN_MAR_CHLANM,Sweden,High,8.48293
2022,EN_MAR_CHLANM,Sweden,High,7.34133
2022,EN_MAR_CHLANM,Sweden,Extreme,1.84604
2022,EN_MAR_CHLANM,Sweden,Moderate,6.68259
2018,EN_MAR_CHLANM,United Arab Emirates,Extreme,1.46216
2018,EN_MAR_CHLANM,United Arab Emirates,Moderate,7.99522
2018,EN_MAR_CHLANM,United Arab Emirates,High,7.92576
2019,EN_MAR_CHLANM,United Arab Emirates,High,4.89123
2019,EN_MAR_CHLANM,United Arab Emirates,Extreme,0.77611
2019,EN_MAR_CHLANM,United Arab Emirates,Moderate,6.96575
2020,EN_MAR_CHLANM,United Arab Emirates,High,3.50302
2020,EN_MAR_CHLANM,United Arab Emirates,Extreme,0.10809
2020,EN_MAR_CHLANM,United Arab Emirates,Moderate,7.20382
2021,EN_MAR_CHLANM,United Arab Emirates,Extreme,0.06317
2021,EN_MAR_CHLANM,United Arab Emirates,High,2.54852
2021,EN_MAR_CHLANM,United Arab Emirates,Moderate,6.0048
2022,EN_MAR_CHLANM,United Arab Emirates,Moderate,3.93786
2022,EN_MAR_CHLANM,United Arab Emirates,High,2.0684
2022,EN_MAR_CHLANM,United Arab Emirates,Extreme,0.16579
2018,EN_MAR_CHLANM,Türkiye,Extreme,0.4654
2018,EN_MAR_CHLANM,Türkiye,Moderate,5.35737
2018,EN_MAR_CHLANM,Türkiye,High,2.88519
2019,EN_MAR_CHLANM,Türkiye,High,2.60254
2019,EN_MAR_CHLANM,Türkiye,Extreme,0.5574
2019,EN_MAR_CHLANM,Türkiye,Moderate,3.92803
2020,EN_MAR_CHLANM,Türkiye,Extreme,0.33496
2020,EN_MAR_CHLANM,Türkiye,High,3.57101
2020,EN_MAR_CHLANM,Türkiye,Moderate,5.71196
2021,EN_MAR_CHLANM,Türkiye,High,3.00239
2021,EN_MAR_CHLANM,Türkiye,Moderate,5.72364
2021,EN_MAR_CHLANM,Türkiye,Extreme,0.42829
2022,EN_MAR_CHLANM,Türkiye,High,2.51054
2022,EN_MAR_CHLANM,Türkiye,Moderate,5.06362
2022,EN_MAR_CHLANM,Türkiye,Extreme,0.20511
2018,EN_MAR_CHLANM,Turkmenistan,Extreme,0.47837
2018,EN_MAR_CHLANM,Turkmenistan,Moderate,4.53762
2018,EN_MAR_CHLANM,Turkmenistan,High,6.69149
2019,EN_MAR_CHLANM,Turkmenistan,Extreme,0.20793
2019,EN_MAR_CHLANM,Turkmenistan,Moderate,4.99702
2019,EN_MAR_CHLANM,Turkmenistan,High,2.15591
2020,EN_MAR_CHLANM,Turkmenistan,High,0.67669
2020,EN_MAR_CHLANM,Turkmenistan,Extreme,0.04516
2020,EN_MAR_CHLANM,Turkmenistan,Moderate,2.10493
2021,EN_MAR_CHLANM,Turkmenistan,Moderate,5.29009
2021,EN_MAR_CHLANM,Turkmenistan,Extreme,0.05896
2021,EN_MAR_CHLANM,Turkmenistan,High,2.26461
2022,EN_MAR_CHLANM,Turkmenistan,Extreme,0.02594
2022,EN_MAR_CHLANM,Turkmenistan,High,0.592
2022,EN_MAR_CHLANM,Turkmenistan,Moderate,2.91885
2018,EN_MAR_CHLANM,Ukraine,Moderate,4.29864
2018,EN_MAR_CHLANM,Ukraine,Extreme,0.4026
2018,EN_MAR_CHLANM,Ukraine,High,2.40729
2019,EN_MAR_CHLANM,Ukraine,Extreme,0.47999
2019,EN_MAR_CHLANM,Ukraine,High,3.86354
2019,EN_MAR_CHLANM,Ukraine,Moderate,5.02857
2020,EN_MAR_CHLANM,Ukraine,Moderate,5.86344
2020,EN_MAR_CHLANM,Ukraine,High,3.1924
2020,EN_MAR_CHLANM,Ukraine,Extreme,0.24997
2021,EN_MAR_CHLANM,Ukraine,Extreme,0.64406
2021,EN_MAR_CHLANM,Ukraine,High,3.47451
2021,EN_MAR_CHLANM,Ukraine,Moderate,5.96842
2018,EN_MAR_CHLANM,United Kingdom of Great Britain and Northern Ireland,High,9.21822
2018,EN_MAR_CHLANM,United Kingdom of Great Britain and Northern Ireland,Extreme,1.56311
2018,EN_MAR_CHLANM,United Kingdom of Great Britain and Northern Ireland,Moderate,8.69429
2019,EN_MAR_CHLANM,United Kingdom of Great Britain and Northern Ireland,Moderate,8.89782
2019,EN_MAR_CHLANM,United Kingdom of Great Britain and Northern Ireland,High,8.68392
2019,EN_MAR_CHLANM,United Kingdom of Great Britain and Northern Ireland,Extreme,1.38811
2020,EN_MAR_CHLANM,United Kingdom of Great Britain and Northern Ireland,High,7.97308
2020,EN_MAR_CHLANM,United Kingdom of Great Britain and Northern Ireland,Extreme,2.44957
2020,EN_MAR_CHLANM,United Kingdom of Great Britain and Northern Ireland,Moderate,6.46111
2021,EN_MAR_CHLANM,United Kingdom of Great Britain and Northern Ireland,Extreme,1.49674
2022,EN_MAR_CHLANM,Denmark,Moderate,5.20073
2022,EN_MAR_CHLANM,Denmark,High,4.078
2022,EN_MAR_CHLANM,Denmark,Extreme,0.6963
2021,EN_MAR_CHLANM,United Kingdom of Great Britain and Northern Ireland,Moderate,10.19161
2021,EN_MAR_CHLANM,United Kingdom of Great Britain and Northern Ireland,High,10.60801
2022,EN_MAR_CHLANM,United Kingdom of Great Britain and Northern Ireland,High,6.57183
2022,EN_MAR_CHLANM,United Kingdom of Great Britain and Northern Ireland,Extreme,1.57098
2022,EN_MAR_CHLANM,United Kingdom of Great Britain and Northern Ireland,Moderate,6.99955
2022,EN_MAR_CHLANM,United Kingdom of Great Britain and Northern Ireland,Moderate,6.99955
