Year,SeriesCode,GeoAreaName,Age,Freq,Location,Sex,Value
2020,ER_PTD_TERR,Czechia,,,,,94.71397
2021,ER_PTD_TERR,Czechia,,,,,94.71397
2022,ER_PTD_TERR,Czechia,,,,,94.71397
2000,ER_PTD_TERR,Denmark,,,,,85.75514
2001,ER_PTD_TERR,Denmark,,,,,85.75514
2002,ER_PTD_TERR,Denmark,,,,,85.75514
2003,ER_PTD_TERR,Denmark,,,,,85.99468
2004,ER_PTD_TERR,Denmark,,,,,86.33434
2005,ER_PTD_TERR,Denmark,,,,,86.36737
2006,ER_PTD_TERR,Denmark,,,,,86.36737
2007,ER_PTD_TERR,Denmark,,,,,86.7347
2008,ER_PTD_TERR,Denmark,,,,,86.7347
2000,ER_PTD_TERR,Armenia,,,,,12.53867
2001,ER_PTD_TERR,Armenia,,,,,12.53867
2002,ER_PTD_TERR,Armenia,,,,,15.01847
2003,ER_PTD_TERR,Armenia,,,,,15.01847
2004,ER_PTD_TERR,Armenia,,,,,15.01847
2005,ER_PTD_TERR,Armenia,,,,,15.01847
2009,ER_PTD_TERR,Denmark,,,,,87.85466
2010,ER_PTD_TERR,Denmark,,,,,87.87983
2011,ER_PTD_TERR,Denmark,,,,,88.57224
2012,ER_PTD_TERR,Denmark,,,,,88.57224
2013,ER_PTD_TERR,Denmark,,,,,88.57224
2014,ER_PTD_TERR,Denmark,,,,,88.59677
2006,ER_PTD_TERR,Armenia,,,,,15.01847
2007,ER_PTD_TERR,Armenia,,,,,15.05219
2008,ER_PTD_TERR,Armenia,,,,,15.05219
2009,ER_PTD_TERR,Armenia,,,,,21.55102
2010,ER_PTD_TERR,Armenia,,,,,21.55102
2011,ER_PTD_TERR,Armenia,,,,,22.5695
2015,ER_PTD_TERR,Denmark,,,,,88.59677
2016,ER_PTD_TERR,Denmark,,,,,88.63242
2017,ER_PTD_TERR,Denmark,,,,,88.63242
2018,ER_PTD_TERR,Denmark,,,,,88.63242
2019,ER_PTD_TERR,Denmark,,,,,88.63242
2020,ER_PTD_TERR,Denmark,,,,,88.63242
2004,ER_PTD_TERR,Japan,,,,,46.06074
2005,ER_PTD_TERR,Japan,,,,,47.28976
2006,ER_PTD_TERR,Japan,,,,,48.02907
2007,ER_PTD_TERR,Japan,,,,,48.48811
2008,ER_PTD_TERR,Japan,,,,,48.76929
2009,ER_PTD_TERR,Japan,,,,,49.12081
2012,ER_PTD_TERR,Armenia,,,,,22.5695
2013,ER_PTD_TERR,Armenia,,,,,22.5695
2014,ER_PTD_TERR,Armenia,,,,,22.5695
2015,ER_PTD_TERR,Armenia,,,,,22.5695
2016,ER_PTD_TERR,Armenia,,,,,22.5695
2017,ER_PTD_TERR,Armenia,,,,,22.5695
2018,ER_PTD_TERR,Armenia,,,,,22.5695
2019,ER_PTD_TERR,Armenia,,,,,22.5695
2020,ER_PTD_TERR,Armenia,,,,,22.5695
2021,ER_PTD_TERR,Armenia,,,,,22.5695
2022,ER_PTD_TERR,Armenia,,,,,22.5695
2000,ER_PTD_TERR,Belgium,,,,,57.17461
2001,ER_PTD_TERR,Belgium,,,,,57.19214
2002,ER_PTD_TERR,Belgium,,,,,57.83257
2003,ER_PTD_TERR,Belgium,,,,,62.38601
2004,ER_PTD_TERR,Belgium,,,,,62.40783
2005,ER_PTD_TERR,Belgium,,,,,65.16382
2006,ER_PTD_TERR,Belgium,,,,,65.17962
2007,ER_PTD_TERR,Belgium,,,,,65.18273
2008,ER_PTD_TERR,Belgium,,,,,65.18898
2009,ER_PTD_TERR,Belgium,,,,,65.25738
2010,ER_PTD_TERR,Belgium,,,,,65.26788
2011,ER_PTD_TERR,Belgium,,,,,65.27002
2012,ER_PTD_TERR,Belgium,,,,,65.2713
2021,ER_PTD_TERR,Denmark,,,,,88.63242
2022,ER_PTD_TERR,Denmark,,,,,88.63242
2000,ER_PTD_TERR,Estonia,,,,,8.71811
2001,ER_PTD_TERR,Estonia,,,,,8.79969
2002,ER_PTD_TERR,Estonia,,,,,8.79969
2003,ER_PTD_TERR,Estonia,,,,,9.11931
2000,ER_PTD_TERR,Albania,,,,,18.00857
2001,ER_PTD_TERR,Albania,,,,,18.00857
2002,ER_PTD_TERR,Albania,,,,,18.00857
2003,ER_PTD_TERR,Albania,,,,,18.00857
2004,ER_PTD_TERR,Albania,,,,,21.39582
2005,ER_PTD_TERR,Albania,,,,,24.35709
2013,ER_PTD_TERR,Belgium,,,,,65.27991
2014,ER_PTD_TERR,Belgium,,,,,66.41195
2015,ER_PTD_TERR,Belgium,,,,,67.00714
2016,ER_PTD_TERR,Belgium,,,,,75.69773
2017,ER_PTD_TERR,Belgium,,,,,75.69813
2018,ER_PTD_TERR,Belgium,,,,,75.84614
2004,ER_PTD_TERR,Estonia,,,,,94.73818
2005,ER_PTD_TERR,Estonia,,,,,94.74056
2006,ER_PTD_TERR,Estonia,,,,,94.74172
2007,ER_PTD_TERR,Estonia,,,,,94.74356
2008,ER_PTD_TERR,Estonia,,,,,94.74379
2009,ER_PTD_TERR,Estonia,,,,,94.74482
2006,ER_PTD_TERR,Albania,,,,,25.8089
2007,ER_PTD_TERR,Albania,,,,,29.27365
2008,ER_PTD_TERR,Albania,,,,,32.5212
2009,ER_PTD_TERR,Albania,,,,,32.5212
2010,ER_PTD_TERR,Albania,,,,,39.33411
2011,ER_PTD_TERR,Albania,,,,,42.49268
2019,ER_PTD_TERR,Belgium,,,,,75.88409
2020,ER_PTD_TERR,Belgium,,,,,75.88952
2021,ER_PTD_TERR,Belgium,,,,,75.88952
2022,ER_PTD_TERR,Belgium,,,,,75.88952
2000,ER_PTD_TERR,Bosnia and Herzegovina,,,,,10.69051
2001,ER_PTD_TERR,Bosnia and Herzegovina,,,,,10.69051
2010,ER_PTD_TERR,Estonia,,,,,94.7454
2011,ER_PTD_TERR,Estonia,,,,,94.74988
2012,ER_PTD_TERR,Estonia,,,,,94.74991
2013,ER_PTD_TERR,Estonia,,,,,94.74991
2014,ER_PTD_TERR,Estonia,,,,,94.80731
2015,ER_PTD_TERR,Estonia,,,,,94.80737
2016,ER_PTD_TERR,Estonia,,,,,94.80745
2017,ER_PTD_TERR,Estonia,,,,,94.84957
2018,ER_PTD_TERR,Estonia,,,,,94.85726
2019,ER_PTD_TERR,Estonia,,,,,94.86216
2020,ER_PTD_TERR,Estonia,,,,,94.86836
2021,ER_PTD_TERR,Estonia,,,,,94.86944
2002,ER_PTD_TERR,Bosnia and Herzegovina,,,,,10.69051
2003,ER_PTD_TERR,Bosnia and Herzegovina,,,,,10.69051
2004,ER_PTD_TERR,Bosnia and Herzegovina,,,,,10.69051
2005,ER_PTD_TERR,Bosnia and Herzegovina,,,,,10.69051
2006,ER_PTD_TERR,Bosnia and Herzegovina,,,,,10.69051
2007,ER_PTD_TERR,Bosnia and Herzegovina,,,,,19.78142
2008,ER_PTD_TERR,Bosnia and Herzegovina,,,,,28.87233
2009,ER_PTD_TERR,Bosnia and Herzegovina,,,,,28.87233
2010,ER_PTD_TERR,Bosnia and Herzegovina,,,,,28.87233
2011,ER_PTD_TERR,Bosnia and Herzegovina,,,,,28.99242
2012,ER_PTD_TERR,Bosnia and Herzegovina,,,,,28.99242
2013,ER_PTD_TERR,Bosnia and Herzegovina,,,,,28.99242
2012,ER_PTD_TERR,Albania,,,,,45.69862
2013,ER_PTD_TERR,Albania,,,,,47.74644
2014,ER_PTD_TERR,Albania,,,,,47.74644
2015,ER_PTD_TERR,Albania,,,,,47.74644
2016,ER_PTD_TERR,Albania,,,,,47.75835
2017,ER_PTD_TERR,Albania,,,,,47.75835
2022,ER_PTD_TERR,Estonia,,,,,94.86944
2000,ER_PTD_TERR,Finland,,,,,60.17911
2001,ER_PTD_TERR,Finland,,,,,60.21177
2002,ER_PTD_TERR,Finland,,,,,60.36901
2003,ER_PTD_TERR,Finland,,,,,60.40828
2004,ER_PTD_TERR,Finland,,,,,64.10873
2014,ER_PTD_TERR,Bosnia and Herzegovina,,,,,28.99242
2015,ER_PTD_TERR,Bosnia and Herzegovina,,,,,28.99242
2016,ER_PTD_TERR,Bosnia and Herzegovina,,,,,28.99242
2017,ER_PTD_TERR,Bosnia and Herzegovina,,,,,28.99242
2018,ER_PTD_TERR,Bosnia and Herzegovina,,,,,28.99242
2019,ER_PTD_TERR,Bosnia and Herzegovina,,,,,28.99242
2018,ER_PTD_TERR,Albania,,,,,48.64983
2019,ER_PTD_TERR,Albania,,,,,48.64983
2020,ER_PTD_TERR,Albania,,,,,48.64983
2021,ER_PTD_TERR,Albania,,,,,48.64983
2022,ER_PTD_TERR,Albania,,,,,48.64983
2000,ER_PTD_TERR,Azerbaijan,,,,,21.56186
2001,ER_PTD_TERR,Azerbaijan,,,,,21.56186
2002,ER_PTD_TERR,Azerbaijan,,,,,21.56186
2003,ER_PTD_TERR,Azerbaijan,,,,,25.9245
2004,ER_PTD_TERR,Azerbaijan,,,,,28.70238
2005,ER_PTD_TERR,Azerbaijan,,,,,28.93473
2006,ER_PTD_TERR,Azerbaijan,,,,,33.20337
2010,ER_PTD_TERR,Japan,,,,,49.90027
2011,ER_PTD_TERR,Japan,,,,,50.88554
2012,ER_PTD_TERR,Japan,,,,,53.99104
2013,ER_PTD_TERR,Japan,,,,,60.70493
2014,ER_PTD_TERR,Japan,,,,,62.60732
2015,ER_PTD_TERR,Japan,,,,,63.25997
2005,ER_PTD_TERR,Finland,,,,,68.51311
2006,ER_PTD_TERR,Finland,,,,,68.57112
2007,ER_PTD_TERR,Finland,,,,,68.5895
2008,ER_PTD_TERR,Finland,,,,,68.59588
2009,ER_PTD_TERR,Finland,,,,,68.6452
2010,ER_PTD_TERR,Finland,,,,,68.65669
2011,ER_PTD_TERR,Finland,,,,,69.0753
2012,ER_PTD_TERR,Finland,,,,,69.07966
2013,ER_PTD_TERR,Finland,,,,,69.08701
2014,ER_PTD_TERR,Finland,,,,,69.17329
2015,ER_PTD_TERR,Finland,,,,,71.6894
2016,ER_PTD_TERR,Finland,,,,,71.72813
2016,ER_PTD_TERR,Japan,,,,,63.54724
2017,ER_PTD_TERR,Japan,,,,,63.8846
2018,ER_PTD_TERR,Japan,,,,,64.52471
2019,ER_PTD_TERR,Japan,,,,,64.55146
2020,ER_PTD_TERR,Japan,,,,,64.55146
2021,ER_PTD_TERR,Japan,,,,,65.06376
2007,ER_PTD_TERR,Azerbaijan,,,,,33.20337
2008,ER_PTD_TERR,Azerbaijan,,,,,34.98926
2009,ER_PTD_TERR,Azerbaijan,,,,,36.09448
2010,ER_PTD_TERR,Azerbaijan,,,,,36.09448
2011,ER_PTD_TERR,Azerbaijan,,,,,36.09448
2012,ER_PTD_TERR,Azerbaijan,,,,,36.09448
2022,ER_PTD_TERR,Japan,,,,,65.06376
2000,ER_PTD_TERR,Kazakhstan,,,,,8.94233
2001,ER_PTD_TERR,Kazakhstan,,,,,19.90723
2002,ER_PTD_TERR,Kazakhstan,,,,,19.90723
2003,ER_PTD_TERR,Kazakhstan,,,,,21.49199
2004,ER_PTD_TERR,Kazakhstan,,,,,22.9101
2005,ER_PTD_TERR,Kazakhstan,,,,,24.12909
2006,ER_PTD_TERR,Kazakhstan,,,,,24.80127
2007,ER_PTD_TERR,Kazakhstan,,,,,24.82104
2008,ER_PTD_TERR,Kazakhstan,,,,,25.48747
2009,ER_PTD_TERR,Kazakhstan,,,,,25.7894
2010,ER_PTD_TERR,Kazakhstan,,,,,26.20056
2017,ER_PTD_TERR,Finland,,,,,71.75235
2018,ER_PTD_TERR,Finland,,,,,71.75346
2019,ER_PTD_TERR,Finland,,,,,71.75563
2020,ER_PTD_TERR,Finland,,,,,71.77046
2021,ER_PTD_TERR,Finland,,,,,71.77046
2022,ER_PTD_TERR,Finland,,,,,71.77046
2000,ER_PTD_TERR,France,,,,,29.48484
2001,ER_PTD_TERR,France,,,,,31.92837
2002,ER_PTD_TERR,France,,,,,31.98353
2003,ER_PTD_TERR,France,,,,,33.67578
2004,ER_PTD_TERR,France,,,,,34.64947
2005,ER_PTD_TERR,France,,,,,38.01201
2011,ER_PTD_TERR,Kazakhstan,,,,,26.36655
2012,ER_PTD_TERR,Kazakhstan,,,,,26.88695
2013,ER_PTD_TERR,Kazakhstan,,,,,26.88695
2014,ER_PTD_TERR,Kazakhstan,,,,,26.88695
2015,ER_PTD_TERR,Kazakhstan,,,,,26.88695
2016,ER_PTD_TERR,Kazakhstan,,,,,27.57262
2013,ER_PTD_TERR,Azerbaijan,,,,,36.09448
2014,ER_PTD_TERR,Azerbaijan,,,,,36.09448
2015,ER_PTD_TERR,Azerbaijan,,,,,36.09448
2016,ER_PTD_TERR,Azerbaijan,,,,,36.09448
2017,ER_PTD_TERR,Azerbaijan,,,,,36.09448
2018,ER_PTD_TERR,Azerbaijan,,,,,36.61487
2017,ER_PTD_TERR,Kazakhstan,,,,,27.57262
2018,ER_PTD_TERR,Kazakhstan,,,,,28.54459
2019,ER_PTD_TERR,Kazakhstan,,,,,28.54459
2020,ER_PTD_TERR,Kazakhstan,,,,,28.54459
2021,ER_PTD_TERR,Kazakhstan,,,,,28.54459
2022,ER_PTD_TERR,Kazakhstan,,,,,28.54459
2006,ER_PTD_TERR,France,,,,,41.28396
2007,ER_PTD_TERR,France,,,,,44.09207
2008,ER_PTD_TERR,France,,,,,45.97047
2009,ER_PTD_TERR,France,,,,,48.29391
2010,ER_PTD_TERR,France,,,,,49.54842
2011,ER_PTD_TERR,France,,,,,50.939
2012,ER_PTD_TERR,France,,,,,54.61032
2013,ER_PTD_TERR,France,,,,,55.13892
2014,ER_PTD_TERR,France,,,,,62.67754
2015,ER_PTD_TERR,France,,,,,64.52243
2016,ER_PTD_TERR,France,,,,,65.98001
2017,ER_PTD_TERR,France,,,,,67.14732
2018,ER_PTD_TERR,France,,,,,73.58045
2019,ER_PTD_TERR,France,,,,,79.18799
2020,ER_PTD_TERR,France,,,,,81.11635
2021,ER_PTD_TERR,France,,,,,81.11635
2022,ER_PTD_TERR,France,,,,,81.11635
2000,ER_PTD_TERR,Georgia,,,,,21.28073
2001,ER_PTD_TERR,Georgia,,,,,21.28073
2002,ER_PTD_TERR,Georgia,,,,,21.28073
2003,ER_PTD_TERR,Georgia,,,,,27.24431
2004,ER_PTD_TERR,Georgia,,,,,27.24431
2005,ER_PTD_TERR,Georgia,,,,,27.24431
2006,ER_PTD_TERR,Georgia,,,,,29.21395
2007,ER_PTD_TERR,Georgia,,,,,34.41954
2008,ER_PTD_TERR,Georgia,,,,,34.41954
2009,ER_PTD_TERR,Georgia,,,,,34.41954
2010,ER_PTD_TERR,Georgia,,,,,34.41954
2011,ER_PTD_TERR,Georgia,,,,,37.85399
2012,ER_PTD_TERR,Georgia,,,,,38.61304
2000,ER_PTD_TERR,Republic of Korea,,,,,23.8624
2001,ER_PTD_TERR,Republic of Korea,,,,,23.8624
2002,ER_PTD_TERR,Republic of Korea,,,,,23.86369
2003,ER_PTD_TERR,Republic of Korea,,,,,23.93122
2004,ER_PTD_TERR,Republic of Korea,,,,,23.93643
2005,ER_PTD_TERR,Republic of Korea,,,,,23.93647
2013,ER_PTD_TERR,Georgia,,,,,38.61311
2014,ER_PTD_TERR,Georgia,,,,,40.34226
2015,ER_PTD_TERR,Georgia,,,,,40.34226
2016,ER_PTD_TERR,Georgia,,,,,40.34226
2017,ER_PTD_TERR,Georgia,,,,,40.34226
2018,ER_PTD_TERR,Georgia,,,,,40.34226
2006,ER_PTD_TERR,Republic of Korea,,,,,27.04462
2007,ER_PTD_TERR,Republic of Korea,,,,,27.0453
2008,ER_PTD_TERR,Republic of Korea,,,,,33.38283
2009,ER_PTD_TERR,Republic of Korea,,,,,33.79177
2010,ER_PTD_TERR,Republic of Korea,,,,,33.79177
2011,ER_PTD_TERR,Republic of Korea,,,,,33.89654
2020,ER_PTD_TERR,Bosnia and Herzegovina,,,,,37.13973
2021,ER_PTD_TERR,Bosnia and Herzegovina,,,,,37.13973
2022,ER_PTD_TERR,Bosnia and Herzegovina,,,,,37.13973
2000,ER_PTD_TERR,Bulgaria,,,,,12.40748
2001,ER_PTD_TERR,Bulgaria,,,,,14.34809
2002,ER_PTD_TERR,Bulgaria,,,,,27.33322
2003,ER_PTD_TERR,Bulgaria,,,,,27.33492
2004,ER_PTD_TERR,Bulgaria,,,,,27.3364
2005,ER_PTD_TERR,Bulgaria,,,,,27.79562
2006,ER_PTD_TERR,Bulgaria,,,,,27.87695
2007,ER_PTD_TERR,Bulgaria,,,,,97.68615
2008,ER_PTD_TERR,Bulgaria,,,,,98.31813
2009,ER_PTD_TERR,Bulgaria,,,,,98.31813
2010,ER_PTD_TERR,Bulgaria,,,,,98.31813
2011,ER_PTD_TERR,Bulgaria,,,,,98.32241
2012,ER_PTD_TERR,Bulgaria,,,,,98.32241
2013,ER_PTD_TERR,Bulgaria,,,,,98.32241
2014,ER_PTD_TERR,Bulgaria,,,,,98.32241
2012,ER_PTD_TERR,Republic of Korea,,,,,36.39654
2013,ER_PTD_TERR,Republic of Korea,,,,,36.40539
2014,ER_PTD_TERR,Republic of Korea,,,,,36.40539
2015,ER_PTD_TERR,Republic of Korea,,,,,36.40637
2016,ER_PTD_TERR,Republic of Korea,,,,,36.40637
2017,ER_PTD_TERR,Republic of Korea,,,,,36.53074
2015,ER_PTD_TERR,Bulgaria,,,,,98.32246
2016,ER_PTD_TERR,Bulgaria,,,,,98.32246
2017,ER_PTD_TERR,Bulgaria,,,,,98.32246
2018,ER_PTD_TERR,Bulgaria,,,,,99.19406
2019,ER_PTD_TERR,Bulgaria,,,,,99.2754
2020,ER_PTD_TERR,Bulgaria,,,,,99.2754
2018,ER_PTD_TERR,Republic of Korea,,,,,37.48651
2019,ER_PTD_TERR,Republic of Korea,,,,,37.579
2020,ER_PTD_TERR,Republic of Korea,,,,,37.579
2021,ER_PTD_TERR,Republic of Korea,,,,,37.579
2022,ER_PTD_TERR,Republic of Korea,,,,,37.579
2000,ER_PTD_TERR,Kyrgyzstan,,,,,23.60218
2021,ER_PTD_TERR,Bulgaria,,,,,99.2754
2022,ER_PTD_TERR,Bulgaria,,,,,99.2754
2000,ER_PTD_TERR,Belarus,,,,,69.21331
2001,ER_PTD_TERR,Belarus,,,,,76.06976
2002,ER_PTD_TERR,Belarus,,,,,76.06976
2003,ER_PTD_TERR,Belarus,,,,,76.06976
2001,ER_PTD_TERR,Kyrgyzstan,,,,,23.60218
2002,ER_PTD_TERR,Kyrgyzstan,,,,,23.60218
2003,ER_PTD_TERR,Kyrgyzstan,,,,,23.60218
2004,ER_PTD_TERR,Kyrgyzstan,,,,,23.60218
2005,ER_PTD_TERR,Kyrgyzstan,,,,,23.60218
2006,ER_PTD_TERR,Kyrgyzstan,,,,,23.60218
2004,ER_PTD_TERR,Belarus,,,,,76.06976
2005,ER_PTD_TERR,Belarus,,,,,77.43318
2006,ER_PTD_TERR,Belarus,,,,,77.43318
2007,ER_PTD_TERR,Belarus,,,,,77.43318
2008,ER_PTD_TERR,Belarus,,,,,77.43318
2009,ER_PTD_TERR,Belarus,,,,,77.43318
2007,ER_PTD_TERR,Kyrgyzstan,,,,,23.60218
2008,ER_PTD_TERR,Kyrgyzstan,,,,,23.60218
2009,ER_PTD_TERR,Kyrgyzstan,,,,,23.60218
2010,ER_PTD_TERR,Kyrgyzstan,,,,,23.60218
2011,ER_PTD_TERR,Kyrgyzstan,,,,,23.60218
2012,ER_PTD_TERR,Kyrgyzstan,,,,,23.60218
2010,ER_PTD_TERR,Belarus,,,,,77.43318
2011,ER_PTD_TERR,Belarus,,,,,77.43318
2012,ER_PTD_TERR,Belarus,,,,,78.91919
2013,ER_PTD_TERR,Belarus,,,,,78.91919
2014,ER_PTD_TERR,Belarus,,,,,85.31275
2015,ER_PTD_TERR,Belarus,,,,,87.90428
2013,ER_PTD_TERR,Kyrgyzstan,,,,,23.60218
2014,ER_PTD_TERR,Kyrgyzstan,,,,,23.60218
2015,ER_PTD_TERR,Kyrgyzstan,,,,,23.60218
2016,ER_PTD_TERR,Kyrgyzstan,,,,,23.60218
2017,ER_PTD_TERR,Kyrgyzstan,,,,,23.60218
2018,ER_PTD_TERR,Kyrgyzstan,,,,,23.60218
2016,ER_PTD_TERR,Belarus,,,,,87.90428
2017,ER_PTD_TERR,Belarus,,,,,87.90428
2018,ER_PTD_TERR,Belarus,,,,,87.90428
2019,ER_PTD_TERR,Belarus,,,,,87.90428
2020,ER_PTD_TERR,Belarus,,,,,87.90428
2021,ER_PTD_TERR,Belarus,,,,,87.90428
2022,ER_PTD_TERR,Belarus,,,,,87.90428
2000,ER_PTD_TERR,Canada,,,,,18.87466
2001,ER_PTD_TERR,Canada,,,,,18.99399
2002,ER_PTD_TERR,Canada,,,,,19.31141
2003,ER_PTD_TERR,Canada,,,,,19.67361
2004,ER_PTD_TERR,Canada,,,,,19.69094
2019,ER_PTD_TERR,Kyrgyzstan,,,,,23.60218
2020,ER_PTD_TERR,Kyrgyzstan,,,,,23.60218
2021,ER_PTD_TERR,Kyrgyzstan,,,,,23.60218
2022,ER_PTD_TERR,Kyrgyzstan,,,,,23.60218
2000,ER_PTD_TERR,Latvia,,,,,59.52408
2001,ER_PTD_TERR,Latvia,,,,,59.52443
2005,ER_PTD_TERR,Canada,,,,,22.43243
2006,ER_PTD_TERR,Canada,,,,,22.48227
2007,ER_PTD_TERR,Canada,,,,,22.52551
2008,ER_PTD_TERR,Canada,,,,,23.59514
2009,ER_PTD_TERR,Canada,,,,,23.86032
2010,ER_PTD_TERR,Canada,,,,,26.54251
2011,ER_PTD_TERR,Canada,,,,,26.61789
2012,ER_PTD_TERR,Canada,,,,,26.62537
2013,ER_PTD_TERR,Canada,,,,,26.65414
2014,ER_PTD_TERR,Canada,,,,,26.89448
2015,ER_PTD_TERR,Canada,,,,,27.10364
2016,ER_PTD_TERR,Canada,,,,,27.4406
2002,ER_PTD_TERR,Latvia,,,,,64.26494
2003,ER_PTD_TERR,Latvia,,,,,64.31099
2004,ER_PTD_TERR,Latvia,,,,,91.03775
2005,ER_PTD_TERR,Latvia,,,,,91.03775
2006,ER_PTD_TERR,Latvia,,,,,91.03775
2007,ER_PTD_TERR,Latvia,,,,,91.03775
2017,ER_PTD_TERR,Canada,,,,,28.95098
2018,ER_PTD_TERR,Canada,,,,,29.41574
2019,ER_PTD_TERR,Canada,,,,,29.46959
2020,ER_PTD_TERR,Canada,,,,,30.88934
2021,ER_PTD_TERR,Canada,,,,,30.89395
2022,ER_PTD_TERR,Canada,,,,,30.89395
2008,ER_PTD_TERR,Latvia,,,,,92.22668
2009,ER_PTD_TERR,Latvia,,,,,92.54991
2010,ER_PTD_TERR,Latvia,,,,,97.3103
2011,ER_PTD_TERR,Latvia,,,,,97.3103
2012,ER_PTD_TERR,Latvia,,,,,97.3103
2013,ER_PTD_TERR,Latvia,,,,,97.31033
2000,ER_PTD_TERR,Chile,,,,,23.20575
2001,ER_PTD_TERR,Chile,,,,,23.20575
2002,ER_PTD_TERR,Chile,,,,,23.20575
2003,ER_PTD_TERR,Chile,,,,,23.20575
2004,ER_PTD_TERR,Chile,,,,,23.8761
2005,ER_PTD_TERR,Chile,,,,,24.85261
2014,ER_PTD_TERR,Latvia,,,,,97.31033
2015,ER_PTD_TERR,Latvia,,,,,97.31033
2016,ER_PTD_TERR,Latvia,,,,,97.31033
2017,ER_PTD_TERR,Latvia,,,,,97.31033
2018,ER_PTD_TERR,Latvia,,,,,97.31033
2019,ER_PTD_TERR,Latvia,,,,,97.31033
2006,ER_PTD_TERR,Chile,,,,,24.85261
2007,ER_PTD_TERR,Chile,,,,,25.40498
2008,ER_PTD_TERR,Chile,,,,,25.40498
2009,ER_PTD_TERR,Chile,,,,,25.83267
2010,ER_PTD_TERR,Chile,,,,,26.93846
2011,ER_PTD_TERR,Chile,,,,,26.93846
2019,ER_PTD_TERR,Georgia,,,,,40.34578
2020,ER_PTD_TERR,Georgia,,,,,40.34578
2021,ER_PTD_TERR,Georgia,,,,,42.37266
2022,ER_PTD_TERR,Georgia,,,,,42.37266
2000,ER_PTD_TERR,Germany,,,,,46.02583
2001,ER_PTD_TERR,Germany,,,,,55.29396
2020,ER_PTD_TERR,Latvia,,,,,97.31033
2021,ER_PTD_TERR,Latvia,,,,,97.31033
2022,ER_PTD_TERR,Latvia,,,,,97.31033
2000,ER_PTD_TERR,Liechtenstein,,,,,80.80091
2001,ER_PTD_TERR,Liechtenstein,,,,,80.80091
2002,ER_PTD_TERR,Liechtenstein,,,,,80.80091
2002,ER_PTD_TERR,Germany,,,,,55.67264
2003,ER_PTD_TERR,Germany,,,,,56.43976
2004,ER_PTD_TERR,Germany,,,,,64.66645
2005,ER_PTD_TERR,Germany,,,,,66.00031
2006,ER_PTD_TERR,Germany,,,,,70.45026
2007,ER_PTD_TERR,Germany,,,,,73.46591
2008,ER_PTD_TERR,Germany,,,,,75.63933
2009,ER_PTD_TERR,Germany,,,,,76.04563
2010,ER_PTD_TERR,Germany,,,,,76.21894
2011,ER_PTD_TERR,Germany,,,,,76.58543
2012,ER_PTD_TERR,Germany,,,,,76.65634
2013,ER_PTD_TERR,Germany,,,,,76.86593
2003,ER_PTD_TERR,Liechtenstein,,,,,80.80091
2004,ER_PTD_TERR,Liechtenstein,,,,,80.80091
2005,ER_PTD_TERR,Liechtenstein,,,,,80.80091
2006,ER_PTD_TERR,Liechtenstein,,,,,80.80091
2007,ER_PTD_TERR,Liechtenstein,,,,,80.80091
2008,ER_PTD_TERR,Liechtenstein,,,,,80.80091
2014,ER_PTD_TERR,Germany,,,,,76.9359
2015,ER_PTD_TERR,Germany,,,,,77.0129
2016,ER_PTD_TERR,Germany,,,,,77.25156
2017,ER_PTD_TERR,Germany,,,,,77.55135
2018,ER_PTD_TERR,Germany,,,,,78.20505
2019,ER_PTD_TERR,Germany,,,,,79.13985
2009,ER_PTD_TERR,Liechtenstein,,,,,80.80091
2010,ER_PTD_TERR,Liechtenstein,,,,,80.80091
2011,ER_PTD_TERR,Liechtenstein,,,,,80.80091
2012,ER_PTD_TERR,Liechtenstein,,,,,80.80091
2013,ER_PTD_TERR,Liechtenstein,,,,,80.80091
2014,ER_PTD_TERR,Liechtenstein,,,,,80.80091
2020,ER_PTD_TERR,Germany,,,,,79.13985
2021,ER_PTD_TERR,Germany,,,,,79.13985
2022,ER_PTD_TERR,Germany,,,,,79.13985
2000,ER_PTD_TERR,Greece,,,,,26.47725
2001,ER_PTD_TERR,Greece,,,,,44.01327
2002,ER_PTD_TERR,Greece,,,,,54.243
2015,ER_PTD_TERR,Liechtenstein,,,,,80.80091
2016,ER_PTD_TERR,Liechtenstein,,,,,80.80091
2017,ER_PTD_TERR,Liechtenstein,,,,,80.80091
2018,ER_PTD_TERR,Liechtenstein,,,,,80.80091
2019,ER_PTD_TERR,Liechtenstein,,,,,80.80091
2020,ER_PTD_TERR,Liechtenstein,,,,,80.80091
2012,ER_PTD_TERR,Chile,,,,,26.93846
2013,ER_PTD_TERR,Chile,,,,,27.49012
2014,ER_PTD_TERR,Chile,,,,,28.04421
2015,ER_PTD_TERR,Chile,,,,,28.90063
2016,ER_PTD_TERR,Chile,,,,,28.90063
2017,ER_PTD_TERR,Chile,,,,,28.9354
2021,ER_PTD_TERR,Liechtenstein,,,,,80.80091
2022,ER_PTD_TERR,Liechtenstein,,,,,80.80091
2000,ER_PTD_TERR,Lithuania,,,,,38.41434
2001,ER_PTD_TERR,Lithuania,,,,,38.41434
2002,ER_PTD_TERR,Lithuania,,,,,39.19654
2003,ER_PTD_TERR,Lithuania,,,,,39.19654
2004,ER_PTD_TERR,Lithuania,,,,,75.58561
2005,ER_PTD_TERR,Lithuania,,,,,90.20256
2006,ER_PTD_TERR,Lithuania,,,,,90.27481
2007,ER_PTD_TERR,Lithuania,,,,,90.27481
2008,ER_PTD_TERR,Lithuania,,,,,90.27481
2009,ER_PTD_TERR,Lithuania,,,,,91.19015
2010,ER_PTD_TERR,Lithuania,,,,,91.39803
2011,ER_PTD_TERR,Lithuania,,,,,91.67222
2012,ER_PTD_TERR,Lithuania,,,,,91.67456
2013,ER_PTD_TERR,Lithuania,,,,,91.67456
2014,ER_PTD_TERR,Lithuania,,,,,91.6776
2015,ER_PTD_TERR,Lithuania,,,,,91.68138
2016,ER_PTD_TERR,Lithuania,,,,,91.68138
2017,ER_PTD_TERR,Lithuania,,,,,91.68138
2018,ER_PTD_TERR,Lithuania,,,,,91.68138
2019,ER_PTD_TERR,Lithuania,,,,,91.68138
2020,ER_PTD_TERR,Lithuania,,,,,91.68155
2021,ER_PTD_TERR,Lithuania,,,,,91.68155
2022,ER_PTD_TERR,Lithuania,,,,,91.68155
2000,ER_PTD_TERR,Luxembourg,,,,,42.87528
2001,ER_PTD_TERR,Luxembourg,,,,,42.87528
2002,ER_PTD_TERR,Luxembourg,,,,,68.48544
2003,ER_PTD_TERR,Luxembourg,,,,,69.09542
2004,ER_PTD_TERR,Luxembourg,,,,,74.67049
2018,ER_PTD_TERR,Chile,,,,,30.17721
2019,ER_PTD_TERR,Chile,,,,,31.83887
2020,ER_PTD_TERR,Chile,,,,,32.49785
2021,ER_PTD_TERR,Chile,,,,,32.49867
2022,ER_PTD_TERR,Chile,,,,,33.25903
2000,ER_PTD_TERR,China,,,,,3.16449
2003,ER_PTD_TERR,Greece,,,,,54.59755
2004,ER_PTD_TERR,Greece,,,,,54.77783
2005,ER_PTD_TERR,Greece,,,,,55.99235
2006,ER_PTD_TERR,Greece,,,,,56.39316
2007,ER_PTD_TERR,Greece,,,,,56.73898
2008,ER_PTD_TERR,Greece,,,,,61.25224
2005,ER_PTD_TERR,Luxembourg,,,,,74.73414
2006,ER_PTD_TERR,Luxembourg,,,,,74.73414
2007,ER_PTD_TERR,Luxembourg,,,,,74.7989
2008,ER_PTD_TERR,Luxembourg,,,,,74.7989
2009,ER_PTD_TERR,Luxembourg,,,,,78.59105
2010,ER_PTD_TERR,Luxembourg,,,,,78.59105
2001,ER_PTD_TERR,China,,,,,3.23644
2002,ER_PTD_TERR,China,,,,,3.96772
2003,ER_PTD_TERR,China,,,,,5.94422
2004,ER_PTD_TERR,China,,,,,6.4138
2005,ER_PTD_TERR,China,,,,,6.4138
2006,ER_PTD_TERR,China,,,,,8.22984
2007,ER_PTD_TERR,China,,,,,8.35293
2008,ER_PTD_TERR,China,,,,,8.43736
2009,ER_PTD_TERR,China,,,,,8.5277
2010,ER_PTD_TERR,China,,,,,8.59446
2011,ER_PTD_TERR,China,,,,,8.95356
2012,ER_PTD_TERR,China,,,,,8.95356
2013,ER_PTD_TERR,China,,,,,9.33912
2014,ER_PTD_TERR,China,,,,,9.33912
2015,ER_PTD_TERR,China,,,,,9.4886
2016,ER_PTD_TERR,China,,,,,9.59369
2017,ER_PTD_TERR,China,,,,,9.5937
2018,ER_PTD_TERR,China,,,,,10.07423
2019,ER_PTD_TERR,Azerbaijan,,,,,36.61487
2020,ER_PTD_TERR,Azerbaijan,,,,,36.61487
2021,ER_PTD_TERR,Azerbaijan,,,,,36.61487
2022,ER_PTD_TERR,Azerbaijan,,,,,36.61487
2000,ER_PTD_TERR,Australia,,,,,33.3949
2001,ER_PTD_TERR,Australia,,,,,33.82905
2002,ER_PTD_TERR,Australia,,,,,35.76584
2003,ER_PTD_TERR,Australia,,,,,36.41554
2004,ER_PTD_TERR,Australia,,,,,36.94242
2005,ER_PTD_TERR,Australia,,,,,37.42629
2006,ER_PTD_TERR,Australia,,,,,39.31484
2007,ER_PTD_TERR,Australia,,,,,40.44195
2019,ER_PTD_TERR,China,,,,,10.07423
2020,ER_PTD_TERR,China,,,,,10.07423
2021,ER_PTD_TERR,China,,,,,10.07423
2022,ER_PTD_TERR,China,,,,,10.07423
2000,ER_PTD_TERR,Colombia,,,,,25.48382
2001,ER_PTD_TERR,Colombia,,,,,25.55716
2008,ER_PTD_TERR,Australia,,,,,41.43883
2009,ER_PTD_TERR,Australia,,,,,44.53989
2010,ER_PTD_TERR,Australia,,,,,45.52077
2011,ER_PTD_TERR,Australia,,,,,48.05369
2012,ER_PTD_TERR,Australia,,,,,49.20044
2013,ER_PTD_TERR,Australia,,,,,50.89503
2011,ER_PTD_TERR,Luxembourg,,,,,78.59105
2012,ER_PTD_TERR,Luxembourg,,,,,78.94256
2013,ER_PTD_TERR,Luxembourg,,,,,78.94256
2014,ER_PTD_TERR,Luxembourg,,,,,78.98003
2015,ER_PTD_TERR,Luxembourg,,,,,79.66529
2016,ER_PTD_TERR,Luxembourg,,,,,84.04548
2014,ER_PTD_TERR,Australia,,,,,51.45081
2015,ER_PTD_TERR,Australia,,,,,51.83329
2016,ER_PTD_TERR,Australia,,,,,54.37491
2017,ER_PTD_TERR,Australia,,,,,55.09472
2018,ER_PTD_TERR,Australia,,,,,56.01391
2019,ER_PTD_TERR,Australia,,,,,57.22695
2009,ER_PTD_TERR,Greece,,,,,63.16368
2010,ER_PTD_TERR,Greece,,,,,80.44927
2011,ER_PTD_TERR,Greece,,,,,86.51999
2012,ER_PTD_TERR,Greece,,,,,86.51999
2013,ER_PTD_TERR,Greece,,,,,86.51999
2014,ER_PTD_TERR,Greece,,,,,86.51999
2020,ER_PTD_TERR,Australia,,,,,57.26235
2021,ER_PTD_TERR,Australia,,,,,57.26235
2022,ER_PTD_TERR,Australia,,,,,57.26235
2000,ER_PTD_TERR,Austria,,,,,54.48809
2001,ER_PTD_TERR,Austria,,,,,56.36168
2002,ER_PTD_TERR,Austria,,,,,56.74739
2002,ER_PTD_TERR,Colombia,,,,,25.61176
2003,ER_PTD_TERR,Colombia,,,,,25.61176
2004,ER_PTD_TERR,Colombia,,,,,25.61186
2005,ER_PTD_TERR,Colombia,,,,,27.31377
2006,ER_PTD_TERR,Colombia,,,,,30.26018
2007,ER_PTD_TERR,Colombia,,,,,32.6841
2003,ER_PTD_TERR,Austria,,,,,56.75995
2004,ER_PTD_TERR,Austria,,,,,61.1298
2005,ER_PTD_TERR,Austria,,,,,61.16749
2006,ER_PTD_TERR,Austria,,,,,62.28147
2007,ER_PTD_TERR,Austria,,,,,62.75006
2008,ER_PTD_TERR,Austria,,,,,63.89834
2015,ER_PTD_TERR,Greece,,,,,86.51999
2016,ER_PTD_TERR,Greece,,,,,86.51999
2017,ER_PTD_TERR,Greece,,,,,86.51999
2018,ER_PTD_TERR,Greece,,,,,86.51999
2019,ER_PTD_TERR,Greece,,,,,86.51999
2020,ER_PTD_TERR,Greece,,,,,86.51999
2009,ER_PTD_TERR,Austria,,,,,63.90579
2010,ER_PTD_TERR,Austria,,,,,65.51354
2011,ER_PTD_TERR,Austria,,,,,66.29324
2012,ER_PTD_TERR,Austria,,,,,66.31031
2013,ER_PTD_TERR,Austria,,,,,67.28282
2014,ER_PTD_TERR,Austria,,,,,67.30545
2008,ER_PTD_TERR,Colombia,,,,,35.75174
2009,ER_PTD_TERR,Colombia,,,,,38.63747
2010,ER_PTD_TERR,Colombia,,,,,38.92547
2011,ER_PTD_TERR,Colombia,,,,,42.85449
2012,ER_PTD_TERR,Colombia,,,,,42.95146
2013,ER_PTD_TERR,Colombia,,,,,44.20119
2015,ER_PTD_TERR,Austria,,,,,67.44086
2016,ER_PTD_TERR,Austria,,,,,67.44563
2017,ER_PTD_TERR,Austria,,,,,67.44563
2018,ER_PTD_TERR,Austria,,,,,67.87518
2019,ER_PTD_TERR,Austria,,,,,67.90795
2020,ER_PTD_TERR,Austria,,,,,67.90834
2021,ER_PTD_TERR,Austria,,,,,67.90834
2022,ER_PTD_TERR,Austria,,,,,67.90834
2010,ER_PTD_TERR,New Zealand,,,,,45.44658
2011,ER_PTD_TERR,New Zealand,,,,,45.52056
2012,ER_PTD_TERR,New Zealand,,,,,45.56499
2013,ER_PTD_TERR,New Zealand,,,,,45.64604
2014,ER_PTD_TERR,New Zealand,,,,,45.69056
2015,ER_PTD_TERR,New Zealand,,,,,46.16322
2016,ER_PTD_TERR,New Zealand,,,,,46.19341
2017,ER_PTD_TERR,New Zealand,,,,,46.194
2018,ER_PTD_TERR,New Zealand,,,,,46.21796
2019,ER_PTD_TERR,New Zealand,,,,,46.21796
2021,ER_PTD_TERR,Greece,,,,,86.51999
2022,ER_PTD_TERR,Greece,,,,,86.51999
2000,ER_PTD_TERR,Hungary,,,,,45.54759
2001,ER_PTD_TERR,Hungary,,,,,45.54776
2002,ER_PTD_TERR,Hungary,,,,,46.77411
2003,ER_PTD_TERR,Hungary,,,,,46.77411
2014,ER_PTD_TERR,Colombia,,,,,46.2843
2015,ER_PTD_TERR,Colombia,,,,,49.4624
2016,ER_PTD_TERR,Colombia,,,,,51.38324
2017,ER_PTD_TERR,Colombia,,,,,53.20505
2018,ER_PTD_TERR,Colombia,,,,,55.52219
2019,ER_PTD_TERR,Colombia,,,,,58.56208
2020,ER_PTD_TERR,Colombia,,,,,58.59543
2021,ER_PTD_TERR,Colombia,,,,,58.62637
2022,ER_PTD_TERR,Colombia,,,,,58.62637
2000,ER_PTD_TERR,Costa Rica,,,,,42.52256
2001,ER_PTD_TERR,Costa Rica,,,,,42.89776
2002,ER_PTD_TERR,Costa Rica,,,,,43.09063
2017,ER_PTD_TERR,Luxembourg,,,,,84.04599
2018,ER_PTD_TERR,Luxembourg,,,,,84.04665
2019,ER_PTD_TERR,Luxembourg,,,,,84.24528
2020,ER_PTD_TERR,Luxembourg,,,,,84.25695
2021,ER_PTD_TERR,Luxembourg,,,,,84.25695
2022,ER_PTD_TERR,Luxembourg,,,,,84.25695
2020,ER_PTD_TERR,New Zealand,,,,,46.21859
2021,ER_PTD_TERR,New Zealand,,,,,46.21859
2022,ER_PTD_TERR,New Zealand,,,,,46.21859
2000,ER_PTD_TERR,Norway,,,,,38.17048
2001,ER_PTD_TERR,Norway,,,,,38.17048
2002,ER_PTD_TERR,Norway,,,,,47.8091
2003,ER_PTD_TERR,Norway,,,,,49.54954
2004,ER_PTD_TERR,Norway,,,,,50.34386
2005,ER_PTD_TERR,Norway,,,,,50.65045
2006,ER_PTD_TERR,Norway,,,,,52.07204
2007,ER_PTD_TERR,Norway,,,,,52.15569
2008,ER_PTD_TERR,Norway,,,,,52.37764
2000,ER_PTD_TERR,Malta,,,,,75.38589
2001,ER_PTD_TERR,Malta,,,,,75.38589
2002,ER_PTD_TERR,Malta,,,,,75.66296
2003,ER_PTD_TERR,Malta,,,,,85.47628
2004,ER_PTD_TERR,Malta,,,,,85.47628
2005,ER_PTD_TERR,Malta,,,,,85.57851
2004,ER_PTD_TERR,Hungary,,,,,82.35241
2005,ER_PTD_TERR,Hungary,,,,,82.35241
2006,ER_PTD_TERR,Hungary,,,,,82.55393
2007,ER_PTD_TERR,Hungary,,,,,82.55393
2008,ER_PTD_TERR,Hungary,,,,,82.55394
2009,ER_PTD_TERR,Hungary,,,,,82.55456
2009,ER_PTD_TERR,Norway,,,,,52.46165
2010,ER_PTD_TERR,Norway,,,,,52.719
2011,ER_PTD_TERR,Norway,,,,,52.94827
2012,ER_PTD_TERR,Norway,,,,,53.05657
2013,ER_PTD_TERR,Norway,,,,,53.87206
2014,ER_PTD_TERR,Norway,,,,,54.40397
2010,ER_PTD_TERR,Hungary,,,,,84.26138
2011,ER_PTD_TERR,Hungary,,,,,84.26138
2012,ER_PTD_TERR,Hungary,,,,,84.26138
2013,ER_PTD_TERR,Hungary,,,,,84.26138
2014,ER_PTD_TERR,Hungary,,,,,84.26157
2015,ER_PTD_TERR,Hungary,,,,,84.2616
2015,ER_PTD_TERR,Norway,,,,,54.47905
2016,ER_PTD_TERR,Norway,,,,,55.70525
2017,ER_PTD_TERR,Norway,,,,,55.75827
2018,ER_PTD_TERR,Norway,,,,,56.48848
2019,ER_PTD_TERR,Norway,,,,,56.51899
2020,ER_PTD_TERR,Norway,,,,,56.80124
2016,ER_PTD_TERR,Hungary,,,,,84.2616
2017,ER_PTD_TERR,Hungary,,,,,84.2616
2018,ER_PTD_TERR,Hungary,,,,,84.26164
2019,ER_PTD_TERR,Hungary,,,,,84.26164
2020,ER_PTD_TERR,Hungary,,,,,84.26164
2021,ER_PTD_TERR,Hungary,,,,,84.26164
2021,ER_PTD_TERR,Norway,,,,,56.80124
2022,ER_PTD_TERR,Norway,,,,,56.80124
2000,ER_PTD_TERR,Poland,,,,,51.25272
2001,ER_PTD_TERR,Poland,,,,,51.47221
2002,ER_PTD_TERR,Poland,,,,,51.66861
2003,ER_PTD_TERR,Poland,,,,,53.7725
2003,ER_PTD_TERR,Costa Rica,,,,,43.19348
2004,ER_PTD_TERR,Costa Rica,,,,,43.26639
2005,ER_PTD_TERR,Costa Rica,,,,,43.2721
2006,ER_PTD_TERR,Costa Rica,,,,,43.27745
2007,ER_PTD_TERR,Costa Rica,,,,,43.27933
2008,ER_PTD_TERR,Costa Rica,,,,,43.27933
2004,ER_PTD_TERR,Poland,,,,,69.3309
2005,ER_PTD_TERR,Poland,,,,,69.42155
2006,ER_PTD_TERR,Poland,,,,,69.42215
2007,ER_PTD_TERR,Poland,,,,,81.86592
2008,ER_PTD_TERR,Poland,,,,,85.13831
2009,ER_PTD_TERR,Poland,,,,,85.61265
2009,ER_PTD_TERR,Costa Rica,,,,,43.29858
2010,ER_PTD_TERR,Costa Rica,,,,,43.79611
2011,ER_PTD_TERR,Costa Rica,,,,,43.79735
2012,ER_PTD_TERR,Costa Rica,,,,,43.79852
2013,ER_PTD_TERR,Costa Rica,,,,,43.80587
2014,ER_PTD_TERR,Costa Rica,,,,,43.83292
2010,ER_PTD_TERR,Poland,,,,,85.61265
2011,ER_PTD_TERR,Poland,,,,,88.43967
2012,ER_PTD_TERR,Poland,,,,,88.66537
2013,ER_PTD_TERR,Poland,,,,,88.66662
2014,ER_PTD_TERR,Poland,,,,,88.66662
2015,ER_PTD_TERR,Poland,,,,,88.66782
2016,ER_PTD_TERR,Poland,,,,,88.66782
2017,ER_PTD_TERR,Poland,,,,,88.6824
2018,ER_PTD_TERR,Poland,,,,,88.70072
2019,ER_PTD_TERR,Poland,,,,,88.70074
2020,ER_PTD_TERR,Poland,,,,,88.70074
2021,ER_PTD_TERR,Poland,,,,,88.70091
2015,ER_PTD_TERR,Costa Rica,,,,,43.83292
2016,ER_PTD_TERR,Costa Rica,,,,,43.83292
2017,ER_PTD_TERR,Costa Rica,,,,,43.83292
2018,ER_PTD_TERR,Costa Rica,,,,,43.83604
2019,ER_PTD_TERR,Costa Rica,,,,,43.93192
2020,ER_PTD_TERR,Costa Rica,,,,,43.9337
2022,ER_PTD_TERR,Poland,,,,,88.70091
2000,ER_PTD_TERR,Portugal,,,,,45.12032
2001,ER_PTD_TERR,Portugal,,,,,45.2877
2002,ER_PTD_TERR,Portugal,,,,,45.2877
2003,ER_PTD_TERR,Portugal,,,,,46.82576
2004,ER_PTD_TERR,Portugal,,,,,47.85936
2022,ER_PTD_TERR,Hungary,,,,,84.26164
2000,ER_PTD_TERR,Iceland,,,,,12.59379
2001,ER_PTD_TERR,Iceland,,,,,12.59379
2002,ER_PTD_TERR,Iceland,,,,,12.62947
2003,ER_PTD_TERR,Iceland,,,,,12.62947
2004,ER_PTD_TERR,Iceland,,,,,12.98481
2021,ER_PTD_TERR,Costa Rica,,,,,43.9337
2022,ER_PTD_TERR,Costa Rica,,,,,43.9337
2000,ER_PTD_TERR,Croatia,,,,,21.46881
2001,ER_PTD_TERR,Croatia,,,,,21.71731
2002,ER_PTD_TERR,Croatia,,,,,21.71774
2003,ER_PTD_TERR,Croatia,,,,,21.9165
2005,ER_PTD_TERR,Portugal,,,,,50.17559
2006,ER_PTD_TERR,Portugal,,,,,50.27417
2007,ER_PTD_TERR,Portugal,,,,,50.27417
2008,ER_PTD_TERR,Portugal,,,,,72.76265
2009,ER_PTD_TERR,Portugal,,,,,73.9219
2010,ER_PTD_TERR,Portugal,,,,,73.9219
2004,ER_PTD_TERR,Croatia,,,,,21.9165
2005,ER_PTD_TERR,Croatia,,,,,21.9165
2006,ER_PTD_TERR,Croatia,,,,,24.75404
2007,ER_PTD_TERR,Croatia,,,,,24.75404
2008,ER_PTD_TERR,Croatia,,,,,24.75404
2009,ER_PTD_TERR,Croatia,,,,,24.75404
2011,ER_PTD_TERR,Portugal,,,,,76.95007
2012,ER_PTD_TERR,Portugal,,,,,77.00693
2013,ER_PTD_TERR,Portugal,,,,,77.00693
2014,ER_PTD_TERR,Portugal,,,,,77.00693
2015,ER_PTD_TERR,Portugal,,,,,77.00693
2016,ER_PTD_TERR,Portugal,,,,,77.00693
2010,ER_PTD_TERR,Croatia,,,,,24.75658
2011,ER_PTD_TERR,Croatia,,,,,28.52719
2012,ER_PTD_TERR,Croatia,,,,,28.52719
2013,ER_PTD_TERR,Croatia,,,,,73.37383
2014,ER_PTD_TERR,Croatia,,,,,80.77662
2015,ER_PTD_TERR,Croatia,,,,,80.77662
2017,ER_PTD_TERR,Portugal,,,,,77.00693
2018,ER_PTD_TERR,Portugal,,,,,77.2651
2019,ER_PTD_TERR,Portugal,,,,,77.2651
2020,ER_PTD_TERR,Portugal,,,,,77.2651
2021,ER_PTD_TERR,Portugal,,,,,77.2651
2022,ER_PTD_TERR,Portugal,,,,,77.2651
2016,ER_PTD_TERR,Croatia,,,,,80.77662
2017,ER_PTD_TERR,Croatia,,,,,80.77662
2018,ER_PTD_TERR,Croatia,,,,,80.77662
2019,ER_PTD_TERR,Croatia,,,,,80.77662
2020,ER_PTD_TERR,Croatia,,,,,80.77662
2021,ER_PTD_TERR,Croatia,,,,,80.77662
2000,ER_PTD_TERR,Romania,,,,,13.30808
2001,ER_PTD_TERR,Romania,,,,,13.30808
2002,ER_PTD_TERR,Romania,,,,,13.30808
2003,ER_PTD_TERR,Romania,,,,,13.30808
2004,ER_PTD_TERR,Romania,,,,,13.30808
2005,ER_PTD_TERR,Romania,,,,,17.31823
2006,ER_PTD_TERR,Romania,,,,,17.38512
2007,ER_PTD_TERR,Romania,,,,,60.26574
2008,ER_PTD_TERR,Romania,,,,,61.53778
2009,ER_PTD_TERR,Romania,,,,,64.96568
2010,ER_PTD_TERR,Romania,,,,,64.96568
2011,ER_PTD_TERR,Romania,,,,,75.14236
2006,ER_PTD_TERR,Malta,,,,,87.89543
2007,ER_PTD_TERR,Malta,,,,,88.07482
2008,ER_PTD_TERR,Malta,,,,,88.07877
2009,ER_PTD_TERR,Malta,,,,,88.07877
2010,ER_PTD_TERR,Malta,,,,,89.25163
2011,ER_PTD_TERR,Malta,,,,,90.6446
2005,ER_PTD_TERR,Iceland,,,,,14.44589
2006,ER_PTD_TERR,Iceland,,,,,14.79892
2007,ER_PTD_TERR,Iceland,,,,,14.79892
2008,ER_PTD_TERR,Iceland,,,,,14.79892
2009,ER_PTD_TERR,Iceland,,,,,16.07925
2010,ER_PTD_TERR,Iceland,,,,,16.07925
2012,ER_PTD_TERR,Romania,,,,,75.14236
2013,ER_PTD_TERR,Romania,,,,,75.89913
2014,ER_PTD_TERR,Romania,,,,,75.89913
2015,ER_PTD_TERR,Romania,,,,,75.89913
2016,ER_PTD_TERR,Romania,,,,,75.90178
2017,ER_PTD_TERR,Romania,,,,,75.90178
2011,ER_PTD_TERR,Iceland,,,,,16.3994
2012,ER_PTD_TERR,Iceland,,,,,18.31586
2013,ER_PTD_TERR,Iceland,,,,,18.31586
2014,ER_PTD_TERR,Iceland,,,,,18.31586
2015,ER_PTD_TERR,Iceland,,,,,18.31586
2016,ER_PTD_TERR,Iceland,,,,,18.31586
2018,ER_PTD_TERR,Romania,,,,,75.95557
2019,ER_PTD_TERR,Romania,,,,,75.95557
2020,ER_PTD_TERR,Romania,,,,,75.95557
2021,ER_PTD_TERR,Romania,,,,,75.95557
2022,ER_PTD_TERR,Romania,,,,,75.95557
2000,ER_PTD_TERR,Serbia,,,,,17.23779
2001,ER_PTD_TERR,Serbia,,,,,19.65726
2002,ER_PTD_TERR,Serbia,,,,,19.65726
2003,ER_PTD_TERR,Serbia,,,,,19.65726
2004,ER_PTD_TERR,Serbia,,,,,19.65726
2005,ER_PTD_TERR,Serbia,,,,,20.98879
2006,ER_PTD_TERR,Serbia,,,,,21.35205
2017,ER_PTD_TERR,Iceland,,,,,18.31586
2018,ER_PTD_TERR,Iceland,,,,,18.31586
2019,ER_PTD_TERR,Iceland,,,,,18.31587
2020,ER_PTD_TERR,Iceland,,,,,18.31587
2021,ER_PTD_TERR,Iceland,,,,,19.60194
2022,ER_PTD_TERR,Iceland,,,,,19.60194
2007,ER_PTD_TERR,Serbia,,,,,21.35205
2008,ER_PTD_TERR,Serbia,,,,,21.45894
2009,ER_PTD_TERR,Serbia,,,,,21.46972
2010,ER_PTD_TERR,Serbia,,,,,21.46972
2011,ER_PTD_TERR,Serbia,,,,,21.46972
2012,ER_PTD_TERR,Serbia,,,,,21.5484
2022,ER_PTD_TERR,Croatia,,,,,80.77662
2000,ER_PTD_TERR,Cyprus,,,,,4.60592
2001,ER_PTD_TERR,Cyprus,,,,,6.27847
2002,ER_PTD_TERR,Cyprus,,,,,6.27847
2003,ER_PTD_TERR,Cyprus,,,,,7.07566
2004,ER_PTD_TERR,Cyprus,,,,,8.35087
2000,ER_PTD_TERR,India,,,,,1.45206
2001,ER_PTD_TERR,India,,,,,1.45206
2002,ER_PTD_TERR,India,,,,,1.45206
2003,ER_PTD_TERR,India,,,,,1.45206
2004,ER_PTD_TERR,India,,,,,1.45206
2005,ER_PTD_TERR,India,,,,,1.45206
2013,ER_PTD_TERR,Serbia,,,,,22.93515
2014,ER_PTD_TERR,Serbia,,,,,24.7165
2015,ER_PTD_TERR,Serbia,,,,,26.74926
2016,ER_PTD_TERR,Serbia,,,,,26.82042
2017,ER_PTD_TERR,Serbia,,,,,26.82055
2018,ER_PTD_TERR,Serbia,,,,,28.58239
2006,ER_PTD_TERR,India,,,,,1.45206
2007,ER_PTD_TERR,India,,,,,1.45206
2008,ER_PTD_TERR,India,,,,,1.45206
2009,ER_PTD_TERR,India,,,,,1.45206
2010,ER_PTD_TERR,India,,,,,1.45206
2011,ER_PTD_TERR,India,,,,,1.45206
2012,ER_PTD_TERR,India,,,,,6.00736
2013,ER_PTD_TERR,India,,,,,6.00736
2014,ER_PTD_TERR,India,,,,,6.21065
2015,ER_PTD_TERR,India,,,,,6.21065
2016,ER_PTD_TERR,India,,,,,6.32911
2017,ER_PTD_TERR,India,,,,,6.32911
2019,ER_PTD_TERR,Serbia,,,,,29.44499
2020,ER_PTD_TERR,Serbia,,,,,29.44499
2021,ER_PTD_TERR,Serbia,,,,,29.44499
2022,ER_PTD_TERR,Serbia,,,,,29.44499
2000,ER_PTD_TERR,Slovakia,,,,,34.2002
2001,ER_PTD_TERR,Slovakia,,,,,40.27077
2018,ER_PTD_TERR,India,,,,,6.32911
2019,ER_PTD_TERR,India,,,,,6.32911
2020,ER_PTD_TERR,India,,,,,6.32911
2021,ER_PTD_TERR,India,,,,,6.32911
2022,ER_PTD_TERR,India,,,,,6.32911
2000,ER_PTD_TERR,Ireland,,,,,46.54385
2005,ER_PTD_TERR,Cyprus,,,,,18.90698
2006,ER_PTD_TERR,Cyprus,,,,,18.90698
2007,ER_PTD_TERR,Cyprus,,,,,40.8441
2008,ER_PTD_TERR,Cyprus,,,,,54.0622
2009,ER_PTD_TERR,Cyprus,,,,,58.14288
2010,ER_PTD_TERR,Cyprus,,,,,58.14288
2002,ER_PTD_TERR,Slovakia,,,,,43.025
2003,ER_PTD_TERR,Slovakia,,,,,48.07335
2004,ER_PTD_TERR,Slovakia,,,,,71.78611
2005,ER_PTD_TERR,Slovakia,,,,,73.21551
2006,ER_PTD_TERR,Slovakia,,,,,73.21551
2007,ER_PTD_TERR,Slovakia,,,,,73.45847
2011,ER_PTD_TERR,Cyprus,,,,,59.40756
2012,ER_PTD_TERR,Cyprus,,,,,59.40756
2013,ER_PTD_TERR,Cyprus,,,,,62.34268
2014,ER_PTD_TERR,Cyprus,,,,,68.98873
2015,ER_PTD_TERR,Cyprus,,,,,69.15333
2016,ER_PTD_TERR,Cyprus,,,,,72.45536
2012,ER_PTD_TERR,Malta,,,,,90.64468
2013,ER_PTD_TERR,Malta,,,,,90.64468
2014,ER_PTD_TERR,Malta,,,,,90.64468
2015,ER_PTD_TERR,Malta,,,,,90.64468
2016,ER_PTD_TERR,Malta,,,,,90.85365
2017,ER_PTD_TERR,Malta,,,,,90.85365
2001,ER_PTD_TERR,Ireland,,,,,46.54385
2002,ER_PTD_TERR,Ireland,,,,,46.54385
2003,ER_PTD_TERR,Ireland,,,,,46.78742
2004,ER_PTD_TERR,Ireland,,,,,48.97342
2005,ER_PTD_TERR,Ireland,,,,,51.9921
2006,ER_PTD_TERR,Ireland,,,,,59.79244
2017,ER_PTD_TERR,Cyprus,,,,,72.45536
2018,ER_PTD_TERR,Cyprus,,,,,72.45539
2019,ER_PTD_TERR,Cyprus,,,,,74.28598
2020,ER_PTD_TERR,Cyprus,,,,,74.28598
2021,ER_PTD_TERR,Cyprus,,,,,74.28598
2022,ER_PTD_TERR,Cyprus,,,,,74.28598
2007,ER_PTD_TERR,Ireland,,,,,64.70109
2008,ER_PTD_TERR,Ireland,,,,,65.67984
2009,ER_PTD_TERR,Ireland,,,,,71.93299
2010,ER_PTD_TERR,Ireland,,,,,75.01927
2011,ER_PTD_TERR,Ireland,,,,,76.61184
2012,ER_PTD_TERR,Ireland,,,,,76.61184
2013,ER_PTD_TERR,Ireland,,,,,76.61184
2014,ER_PTD_TERR,Ireland,,,,,76.61184
2015,ER_PTD_TERR,Ireland,,,,,76.61184
2016,ER_PTD_TERR,Ireland,,,,,76.86169
2017,ER_PTD_TERR,Ireland,,,,,77.51042
2018,ER_PTD_TERR,Ireland,,,,,78.93303
2000,ER_PTD_TERR,Czechia,,,,,48.24276
2001,ER_PTD_TERR,Czechia,,,,,48.25195
2002,ER_PTD_TERR,Czechia,,,,,48.27031
2003,ER_PTD_TERR,Czechia,,,,,48.27031
2004,ER_PTD_TERR,Czechia,,,,,76.71974
2005,ER_PTD_TERR,Czechia,,,,,88.29386
2018,ER_PTD_TERR,Malta,,,,,90.85365
2019,ER_PTD_TERR,Malta,,,,,90.8537
2020,ER_PTD_TERR,Malta,,,,,90.8537
2021,ER_PTD_TERR,Malta,,,,,90.8537
2022,ER_PTD_TERR,Malta,,,,,90.8537
2000,ER_PTD_TERR,Mexico,,,,,16.82919
2019,ER_PTD_TERR,Ireland,,,,,83.42101
2020,ER_PTD_TERR,Ireland,,,,,83.44004
2021,ER_PTD_TERR,Ireland,,,,,83.44004
2022,ER_PTD_TERR,Ireland,,,,,83.44004
2000,ER_PTD_TERR,Israel,,,,,8.36255
2001,ER_PTD_TERR,Israel,,,,,8.36255
2006,ER_PTD_TERR,Czechia,,,,,88.35107
2007,ER_PTD_TERR,Czechia,,,,,88.35107
2008,ER_PTD_TERR,Czechia,,,,,89.54215
2009,ER_PTD_TERR,Czechia,,,,,94.07476
2010,ER_PTD_TERR,Czechia,,,,,94.07476
2011,ER_PTD_TERR,Czechia,,,,,94.08137
2002,ER_PTD_TERR,Israel,,,,,8.62482
2003,ER_PTD_TERR,Israel,,,,,13.07781
2004,ER_PTD_TERR,Israel,,,,,13.08115
2005,ER_PTD_TERR,Israel,,,,,13.18425
2006,ER_PTD_TERR,Israel,,,,,13.18525
2007,ER_PTD_TERR,Israel,,,,,13.84382
2008,ER_PTD_TERR,Israel,,,,,14.76823
2009,ER_PTD_TERR,Israel,,,,,15.57752
2010,ER_PTD_TERR,Israel,,,,,16.07941
2011,ER_PTD_TERR,Israel,,,,,16.14689
2012,ER_PTD_TERR,Israel,,,,,16.20549
2013,ER_PTD_TERR,Israel,,,,,16.32955
2001,ER_PTD_TERR,Mexico,,,,,17.66868
2002,ER_PTD_TERR,Mexico,,,,,20.02236
2003,ER_PTD_TERR,Mexico,,,,,21.01685
2004,ER_PTD_TERR,Mexico,,,,,23.40401
2005,ER_PTD_TERR,Mexico,,,,,25.78824
2006,ER_PTD_TERR,Mexico,,,,,26.67614
2014,ER_PTD_TERR,Israel,,,,,16.32955
2015,ER_PTD_TERR,Israel,,,,,16.3692
2016,ER_PTD_TERR,Israel,,,,,16.46628
2017,ER_PTD_TERR,Israel,,,,,16.63383
2018,ER_PTD_TERR,Israel,,,,,17.02672
2019,ER_PTD_TERR,Israel,,,,,17.05169
2007,ER_PTD_TERR,Mexico,,,,,27.81851
2008,ER_PTD_TERR,Mexico,,,,,31.90609
2009,ER_PTD_TERR,Mexico,,,,,33.50528
2010,ER_PTD_TERR,Mexico,,,,,33.85876
2011,ER_PTD_TERR,Mexico,,,,,34.42949
2012,ER_PTD_TERR,Mexico,,,,,34.7918
2013,ER_PTD_TERR,Mexico,,,,,35.21835
2014,ER_PTD_TERR,Mexico,,,,,35.21984
2015,ER_PTD_TERR,Mexico,,,,,35.22232
2016,ER_PTD_TERR,Mexico,,,,,36.62799
2017,ER_PTD_TERR,Mexico,,,,,36.66282
2018,ER_PTD_TERR,Mexico,,,,,36.69766
2012,ER_PTD_TERR,Czechia,,,,,94.08397
2013,ER_PTD_TERR,Czechia,,,,,94.09003
2014,ER_PTD_TERR,Czechia,,,,,94.09549
2015,ER_PTD_TERR,Czechia,,,,,94.09748
2016,ER_PTD_TERR,Czechia,,,,,94.09869
2017,ER_PTD_TERR,Czechia,,,,,94.11017
2020,ER_PTD_TERR,Israel,,,,,17.05169
2021,ER_PTD_TERR,Israel,,,,,17.05169
2022,ER_PTD_TERR,Israel,,,,,17.05169
2000,ER_PTD_TERR,Italy,,,,,43.47074
2001,ER_PTD_TERR,Italy,,,,,44.70606
2002,ER_PTD_TERR,Italy,,,,,45.17658
2019,ER_PTD_TERR,Mexico,,,,,36.73627
2020,ER_PTD_TERR,Mexico,,,,,36.73902
2021,ER_PTD_TERR,Mexico,,,,,36.87516
2022,ER_PTD_TERR,Mexico,,,,,37.13003
2000,ER_PTD_TERR,Republic of Moldova,,,,,42.89976
2001,ER_PTD_TERR,Republic of Moldova,,,,,44.86717
2018,ER_PTD_TERR,Czechia,,,,,94.71397
2019,ER_PTD_TERR,Czechia,,,,,94.71397
2000,ER_PTD_TERR,Spain,,,,,34.62471
2001,ER_PTD_TERR,Spain,,,,,39.83764
2002,ER_PTD_TERR,Spain,,,,,40.22432
2003,ER_PTD_TERR,Spain,,,,,41.31896
2003,ER_PTD_TERR,Italy,,,,,48.75089
2004,ER_PTD_TERR,Italy,,,,,54.37497
2005,ER_PTD_TERR,Italy,,,,,63.17599
2006,ER_PTD_TERR,Italy,,,,,66.01181
2007,ER_PTD_TERR,Italy,,,,,68.41886
2008,ER_PTD_TERR,Italy,,,,,68.42952
2009,ER_PTD_TERR,Italy,,,,,72.86686
2010,ER_PTD_TERR,Italy,,,,,72.86686
2011,ER_PTD_TERR,Italy,,,,,72.86686
2012,ER_PTD_TERR,Italy,,,,,72.92865
2013,ER_PTD_TERR,Italy,,,,,73.21298
2014,ER_PTD_TERR,Italy,,,,,73.39473
2002,ER_PTD_TERR,Republic of Moldova,,,,,47.75232
2003,ER_PTD_TERR,Republic of Moldova,,,,,49.03145
2004,ER_PTD_TERR,Republic of Moldova,,,,,52.92326
2005,ER_PTD_TERR,Republic of Moldova,,,,,53.87297
2006,ER_PTD_TERR,Republic of Moldova,,,,,56.83502
2007,ER_PTD_TERR,Republic of Moldova,,,,,58.67689
2004,ER_PTD_TERR,Spain,,,,,42.1465
2005,ER_PTD_TERR,Spain,,,,,44.64187
2006,ER_PTD_TERR,Spain,,,,,49.50187
2007,ER_PTD_TERR,Spain,,,,,49.85023
2008,ER_PTD_TERR,Spain,,,,,50.20707
2009,ER_PTD_TERR,Spain,,,,,50.84094
2008,ER_PTD_TERR,Republic of Moldova,,,,,60.19496
2009,ER_PTD_TERR,Republic of Moldova,,,,,61.18733
2010,ER_PTD_TERR,Republic of Moldova,,,,,62.16741
2011,ER_PTD_TERR,Republic of Moldova,,,,,64.87067
2012,ER_PTD_TERR,Republic of Moldova,,,,,66.60314
2013,ER_PTD_TERR,Republic of Moldova,,,,,68.07014
2014,ER_PTD_TERR,Republic of Moldova,,,,,69.77341
2015,ER_PTD_TERR,Republic of Moldova,,,,,71.92164
2016,ER_PTD_TERR,Republic of Moldova,,,,,73.36808
2017,ER_PTD_TERR,Republic of Moldova,,,,,78.08425
2018,ER_PTD_TERR,Republic of Moldova,,,,,78.36995
2019,ER_PTD_TERR,Republic of Moldova,,,,,78.36995
2015,ER_PTD_TERR,Italy,,,,,73.78246
2016,ER_PTD_TERR,Italy,,,,,74.0478
2017,ER_PTD_TERR,Italy,,,,,75.99337
2018,ER_PTD_TERR,Italy,,,,,76.49506
2019,ER_PTD_TERR,Italy,,,,,76.64024
2020,ER_PTD_TERR,Italy,,,,,76.64042
2010,ER_PTD_TERR,Spain,,,,,51.32725
2011,ER_PTD_TERR,Spain,,,,,51.82945
2012,ER_PTD_TERR,Spain,,,,,51.85323
2013,ER_PTD_TERR,Spain,,,,,51.92948
2014,ER_PTD_TERR,Spain,,,,,54.55418
2015,ER_PTD_TERR,Spain,,,,,57.27809
2020,ER_PTD_TERR,Republic of Moldova,,,,,78.36995
2021,ER_PTD_TERR,Republic of Moldova,,,,,78.36995
2022,ER_PTD_TERR,Republic of Moldova,,,,,78.36995
2000,ER_PTD_TERR,Montenegro,,,,,17.65621
2001,ER_PTD_TERR,Montenegro,,,,,17.65621
2002,ER_PTD_TERR,Montenegro,,,,,17.65621
2021,ER_PTD_TERR,Italy,,,,,76.64042
2022,ER_PTD_TERR,Italy,,,,,76.64042
2000,ER_PTD_TERR,Japan,,,,,44.65515
2001,ER_PTD_TERR,Japan,,,,,44.96862
2002,ER_PTD_TERR,Japan,,,,,45.39228
2003,ER_PTD_TERR,Japan,,,,,45.51057
2016,ER_PTD_TERR,Spain,,,,,57.32562
2017,ER_PTD_TERR,Spain,,,,,57.59504
2018,ER_PTD_TERR,Spain,,,,,57.59538
2019,ER_PTD_TERR,Spain,,,,,57.59786
2020,ER_PTD_TERR,Spain,,,,,57.61379
2021,ER_PTD_TERR,Spain,,,,,57.61379
2022,ER_PTD_TERR,Spain,,,,,57.61379
2000,ER_PTD_TERR,Sweden,,,,,48.58995
2001,ER_PTD_TERR,Sweden,,,,,49.99966
2002,ER_PTD_TERR,Sweden,,,,,51.21265
2003,ER_PTD_TERR,Sweden,,,,,51.22511
2004,ER_PTD_TERR,Sweden,,,,,52.89106
2003,ER_PTD_TERR,Montenegro,,,,,17.65621
2004,ER_PTD_TERR,Montenegro,,,,,17.65621
2005,ER_PTD_TERR,Montenegro,,,,,17.65621
2006,ER_PTD_TERR,Montenegro,,,,,17.65621
2007,ER_PTD_TERR,Montenegro,,,,,17.65621
2008,ER_PTD_TERR,Montenegro,,,,,17.65621
2008,ER_PTD_TERR,Slovakia,,,,,73.45847
2009,ER_PTD_TERR,Slovakia,,,,,73.51421
2010,ER_PTD_TERR,Slovakia,,,,,73.66163
2011,ER_PTD_TERR,Slovakia,,,,,84.87862
2012,ER_PTD_TERR,Slovakia,,,,,85.28316
2013,ER_PTD_TERR,Slovakia,,,,,85.28316
2009,ER_PTD_TERR,Montenegro,,,,,17.65621
2010,ER_PTD_TERR,Montenegro,,,,,17.65621
2011,ER_PTD_TERR,Montenegro,,,,,17.65621
2012,ER_PTD_TERR,Montenegro,,,,,17.65621
2013,ER_PTD_TERR,Montenegro,,,,,17.65621
2014,ER_PTD_TERR,Montenegro,,,,,17.65621
2015,ER_PTD_TERR,Montenegro,,,,,17.65621
2016,ER_PTD_TERR,Montenegro,,,,,17.65621
2017,ER_PTD_TERR,Montenegro,,,,,17.65621
2018,ER_PTD_TERR,Montenegro,,,,,17.65621
2019,ER_PTD_TERR,Montenegro,,,,,25.90711
2020,ER_PTD_TERR,Montenegro,,,,,25.90711
2005,ER_PTD_TERR,Sweden,,,,,52.90252
2006,ER_PTD_TERR,Sweden,,,,,54.21716
2007,ER_PTD_TERR,Sweden,,,,,54.2192
2008,ER_PTD_TERR,Sweden,,,,,56.32256
2009,ER_PTD_TERR,Sweden,,,,,56.45898
2010,ER_PTD_TERR,Sweden,,,,,56.50953
2011,ER_PTD_TERR,Sweden,,,,,57.66467
2012,ER_PTD_TERR,Sweden,,,,,57.78933
2013,ER_PTD_TERR,Sweden,,,,,57.78988
2014,ER_PTD_TERR,Sweden,,,,,57.97568
2015,ER_PTD_TERR,Sweden,,,,,58.03643
2016,ER_PTD_TERR,Sweden,,,,,58.62913
2017,ER_PTD_TERR,Sweden,,,,,58.7856
2018,ER_PTD_TERR,Sweden,,,,,58.94376
2019,ER_PTD_TERR,Sweden,,,,,59.09743
2020,ER_PTD_TERR,Sweden,,,,,59.23071
2021,ER_PTD_TERR,Sweden,,,,,59.23142
2022,ER_PTD_TERR,Sweden,,,,,59.23142
2000,ER_PTD_TERR,Switzerland,,,,,26.04049
2001,ER_PTD_TERR,Switzerland,,,,,32.59874
2002,ER_PTD_TERR,Switzerland,,,,,32.59874
2003,ER_PTD_TERR,Switzerland,,,,,32.95193
2004,ER_PTD_TERR,Switzerland,,,,,32.95193
2005,ER_PTD_TERR,Switzerland,,,,,33.17339
2014,ER_PTD_TERR,Slovakia,,,,,85.28316
2015,ER_PTD_TERR,Slovakia,,,,,85.28316
2016,ER_PTD_TERR,Slovakia,,,,,85.5223
2017,ER_PTD_TERR,Slovakia,,,,,85.77913
2018,ER_PTD_TERR,Slovakia,,,,,85.77913
2019,ER_PTD_TERR,Slovakia,,,,,85.77913
2021,ER_PTD_TERR,Montenegro,,,,,25.90711
2022,ER_PTD_TERR,Montenegro,,,,,25.90711
2000,ER_PTD_TERR,Netherlands (Kingdom of the),,,,,63.26954
2001,ER_PTD_TERR,Netherlands (Kingdom of the),,,,,63.26954
2002,ER_PTD_TERR,Netherlands (Kingdom of the),,,,,64.01663
2003,ER_PTD_TERR,Netherlands (Kingdom of the),,,,,64.01663
2004,ER_PTD_TERR,Netherlands (Kingdom of the),,,,,64.3294
2005,ER_PTD_TERR,Netherlands (Kingdom of the),,,,,65.30978
2006,ER_PTD_TERR,Netherlands (Kingdom of the),,,,,65.34816
2007,ER_PTD_TERR,Netherlands (Kingdom of the),,,,,65.34816
2008,ER_PTD_TERR,Netherlands (Kingdom of the),,,,,65.37239
2009,ER_PTD_TERR,Netherlands (Kingdom of the),,,,,65.38114
2020,ER_PTD_TERR,Slovakia,,,,,85.79254
2021,ER_PTD_TERR,Slovakia,,,,,85.79254
2022,ER_PTD_TERR,Slovakia,,,,,85.79254
2000,ER_PTD_TERR,Viet Nam,,,,,11.69001
2001,ER_PTD_TERR,Viet Nam,,,,,16.55715
2002,ER_PTD_TERR,Viet Nam,,,,,22.89737
2010,ER_PTD_TERR,Netherlands (Kingdom of the),,,,,68.19487
2011,ER_PTD_TERR,Netherlands (Kingdom of the),,,,,68.27505
2012,ER_PTD_TERR,Netherlands (Kingdom of the),,,,,68.27505
2013,ER_PTD_TERR,Netherlands (Kingdom of the),,,,,73.53972
2014,ER_PTD_TERR,Netherlands (Kingdom of the),,,,,75.08522
2015,ER_PTD_TERR,Netherlands (Kingdom of the),,,,,76.16401
2016,ER_PTD_TERR,Netherlands (Kingdom of the),,,,,76.30962
2017,ER_PTD_TERR,Netherlands (Kingdom of the),,,,,77.60738
2018,ER_PTD_TERR,Netherlands (Kingdom of the),,,,,79.58852
2019,ER_PTD_TERR,Netherlands (Kingdom of the),,,,,79.58852
2020,ER_PTD_TERR,Netherlands (Kingdom of the),,,,,79.58852
2021,ER_PTD_TERR,Netherlands (Kingdom of the),,,,,79.58852
2006,ER_PTD_TERR,Switzerland,,,,,33.17339
2007,ER_PTD_TERR,Switzerland,,,,,33.34435
2008,ER_PTD_TERR,Switzerland,,,,,33.34435
2009,ER_PTD_TERR,Switzerland,,,,,33.5836
2010,ER_PTD_TERR,Switzerland,,,,,34.48107
2011,ER_PTD_TERR,Switzerland,,,,,34.48107
2012,ER_PTD_TERR,Switzerland,,,,,34.55698
2013,ER_PTD_TERR,Switzerland,,,,,34.55698
2014,ER_PTD_TERR,Switzerland,,,,,34.55698
2015,ER_PTD_TERR,Switzerland,,,,,34.55698
2016,ER_PTD_TERR,Switzerland,,,,,34.55698
2017,ER_PTD_TERR,Switzerland,,,,,34.99503
2003,ER_PTD_TERR,Viet Nam,,,,,25.81604
2004,ER_PTD_TERR,Viet Nam,,,,,28.52976
2005,ER_PTD_TERR,Viet Nam,,,,,28.52976
2006,ER_PTD_TERR,Viet Nam,,,,,30.93772
2007,ER_PTD_TERR,Viet Nam,,,,,31.12035
2008,ER_PTD_TERR,Viet Nam,,,,,31.12035
2009,ER_PTD_TERR,Viet Nam,,,,,31.24244
2010,ER_PTD_TERR,Viet Nam,,,,,31.24244
2011,ER_PTD_TERR,Viet Nam,,,,,32.70133
2012,ER_PTD_TERR,Viet Nam,,,,,33.40106
2013,ER_PTD_TERR,Viet Nam,,,,,35.96044
2014,ER_PTD_TERR,Viet Nam,,,,,39.87318
2018,ER_PTD_TERR,Switzerland,,,,,36.94992
2019,ER_PTD_TERR,Switzerland,,,,,37.07802
2020,ER_PTD_TERR,Switzerland,,,,,37.08132
2021,ER_PTD_TERR,Switzerland,,,,,37.09475
2022,ER_PTD_TERR,Switzerland,,,,,37.09475
2000,ER_PTD_TERR,Tajikistan,,,,,15.76866
2015,ER_PTD_TERR,Viet Nam,,,,,40.10166
2016,ER_PTD_TERR,Viet Nam,,,,,40.10166
2017,ER_PTD_TERR,Viet Nam,,,,,40.10166
2018,ER_PTD_TERR,Viet Nam,,,,,40.10166
2019,ER_PTD_TERR,Viet Nam,,,,,40.10166
2020,ER_PTD_TERR,Viet Nam,,,,,40.10166
2001,ER_PTD_TERR,Tajikistan,,,,,15.76866
2002,ER_PTD_TERR,Tajikistan,,,,,15.76866
2003,ER_PTD_TERR,Tajikistan,,,,,15.76866
2004,ER_PTD_TERR,Tajikistan,,,,,15.76866
2005,ER_PTD_TERR,Tajikistan,,,,,15.76866
2006,ER_PTD_TERR,Tajikistan,,,,,15.76866
2007,ER_PTD_TERR,Tajikistan,,,,,15.76866
2008,ER_PTD_TERR,Tajikistan,,,,,15.76866
2009,ER_PTD_TERR,Tajikistan,,,,,15.76866
2010,ER_PTD_TERR,Tajikistan,,,,,15.76866
2011,ER_PTD_TERR,Tajikistan,,,,,15.76866
2012,ER_PTD_TERR,Tajikistan,,,,,15.76866
2021,ER_PTD_TERR,Viet Nam,,,,,40.10166
2022,ER_PTD_TERR,Viet Nam,,,,,40.10166
2000,ER_PTD_TERR,Slovenia,,,,,14.30257
2001,ER_PTD_TERR,Slovenia,,,,,14.30257
2002,ER_PTD_TERR,Slovenia,,,,,17.39686
2003,ER_PTD_TERR,Slovenia,,,,,20.1807
2022,ER_PTD_TERR,Netherlands (Kingdom of the),,,,,79.58852
2000,ER_PTD_TERR,New Zealand,,,,,41.76509
2001,ER_PTD_TERR,New Zealand,,,,,41.81869
2002,ER_PTD_TERR,New Zealand,,,,,43.7243
2003,ER_PTD_TERR,New Zealand,,,,,43.74733
2004,ER_PTD_TERR,New Zealand,,,,,43.78692
2004,ER_PTD_TERR,Slovenia,,,,,70.92566
2005,ER_PTD_TERR,Slovenia,,,,,70.92566
2006,ER_PTD_TERR,Slovenia,,,,,70.92613
2007,ER_PTD_TERR,Slovenia,,,,,70.92613
2008,ER_PTD_TERR,Slovenia,,,,,71.0001
2009,ER_PTD_TERR,Slovenia,,,,,71.0001
2010,ER_PTD_TERR,Slovenia,,,,,71.00011
2011,ER_PTD_TERR,Slovenia,,,,,71.00011
2012,ER_PTD_TERR,Slovenia,,,,,71.06052
2013,ER_PTD_TERR,Slovenia,,,,,73.3632
2014,ER_PTD_TERR,Slovenia,,,,,73.37105
2015,ER_PTD_TERR,Slovenia,,,,,73.37618
2016,ER_PTD_TERR,Slovenia,,,,,73.40965
2017,ER_PTD_TERR,Slovenia,,,,,73.41141
2018,ER_PTD_TERR,Slovenia,,,,,73.86553
2019,ER_PTD_TERR,Slovenia,,,,,73.86553
2020,ER_PTD_TERR,Slovenia,,,,,73.86553
2021,ER_PTD_TERR,Slovenia,,,,,73.86553
2013,ER_PTD_TERR,Tajikistan,,,,,16.80902
2014,ER_PTD_TERR,Tajikistan,,,,,16.80902
2015,ER_PTD_TERR,Tajikistan,,,,,16.80902
2016,ER_PTD_TERR,Tajikistan,,,,,16.80902
2017,ER_PTD_TERR,Tajikistan,,,,,16.80902
2018,ER_PTD_TERR,Tajikistan,,,,,16.80902
2022,ER_PTD_TERR,Slovenia,,,,,73.86553
2005,ER_PTD_TERR,New Zealand,,,,,43.98877
2006,ER_PTD_TERR,New Zealand,,,,,44.41122
2007,ER_PTD_TERR,New Zealand,,,,,44.53436
2008,ER_PTD_TERR,New Zealand,,,,,44.83049
2009,ER_PTD_TERR,New Zealand,,,,,45.21214
2019,ER_PTD_TERR,Tajikistan,,,,,16.80902
2020,ER_PTD_TERR,Tajikistan,,,,,16.80902
2021,ER_PTD_TERR,Tajikistan,,,,,16.80902
2022,ER_PTD_TERR,Tajikistan,,,,,16.80902
2000,ER_PTD_TERR,United Arab Emirates,,,,,7.13149
2001,ER_PTD_TERR,United Arab Emirates,,,,,14.27435
2002,ER_PTD_TERR,United Arab Emirates,,,,,14.27435
2003,ER_PTD_TERR,United Arab Emirates,,,,,14.27435
2004,ER_PTD_TERR,United Arab Emirates,,,,,14.27435
2005,ER_PTD_TERR,United Arab Emirates,,,,,28.55837
2006,ER_PTD_TERR,United Arab Emirates,,,,,28.55837
2007,ER_PTD_TERR,United Arab Emirates,,,,,28.55837
2008,ER_PTD_TERR,United Arab Emirates,,,,,28.55837
2009,ER_PTD_TERR,United Arab Emirates,,,,,28.55837
2010,ER_PTD_TERR,United Arab Emirates,,,,,28.55837
2011,ER_PTD_TERR,United Arab Emirates,,,,,28.55837
2012,ER_PTD_TERR,United Arab Emirates,,,,,35.3547
2013,ER_PTD_TERR,United Arab Emirates,,,,,35.70123
2014,ER_PTD_TERR,United Arab Emirates,,,,,42.83066
2015,ER_PTD_TERR,United Arab Emirates,,,,,42.83066
2016,ER_PTD_TERR,United Arab Emirates,,,,,42.83066
2017,ER_PTD_TERR,United Arab Emirates,,,,,49.05733
2018,ER_PTD_TERR,United Arab Emirates,,,,,51.55007
2019,ER_PTD_TERR,United Arab Emirates,,,,,51.55007
2020,ER_PTD_TERR,United Arab Emirates,,,,,51.55007
2021,ER_PTD_TERR,United Arab Emirates,,,,,51.55007
2022,ER_PTD_TERR,United Arab Emirates,,,,,51.55007
2000,ER_PTD_TERR,Türkiye,,,,,2.06704
2001,ER_PTD_TERR,Türkiye,,,,,2.06704
2002,ER_PTD_TERR,Türkiye,,,,,2.06704
2003,ER_PTD_TERR,Türkiye,,,,,2.06704
2004,ER_PTD_TERR,Türkiye,,,,,2.06704
2005,ER_PTD_TERR,Türkiye,,,,,2.27132
2006,ER_PTD_TERR,Türkiye,,,,,2.27132
2007,ER_PTD_TERR,Türkiye,,,,,2.27132
2008,ER_PTD_TERR,Türkiye,,,,,2.27132
2009,ER_PTD_TERR,Türkiye,,,,,2.27132
2010,ER_PTD_TERR,Türkiye,,,,,2.27132
2011,ER_PTD_TERR,Türkiye,,,,,2.27132
2012,ER_PTD_TERR,Türkiye,,,,,2.27132
2013,ER_PTD_TERR,Türkiye,,,,,2.32686
2014,ER_PTD_TERR,Türkiye,,,,,2.32686
2015,ER_PTD_TERR,Türkiye,,,,,2.32686
2016,ER_PTD_TERR,Türkiye,,,,,2.32686
2017,ER_PTD_TERR,Türkiye,,,,,2.32686
2018,ER_PTD_TERR,Türkiye,,,,,2.32686
2019,ER_PTD_TERR,Türkiye,,,,,2.32686
2020,ER_PTD_TERR,Türkiye,,,,,2.32686
2021,ER_PTD_TERR,Türkiye,,,,,2.32686
2022,ER_PTD_TERR,Türkiye,,,,,2.32686
2000,ER_PTD_TERR,Turkmenistan,,,,,14.03967
2001,ER_PTD_TERR,Turkmenistan,,,,,14.03967
2002,ER_PTD_TERR,Turkmenistan,,,,,14.03967
2003,ER_PTD_TERR,Turkmenistan,,,,,14.03967
2004,ER_PTD_TERR,Turkmenistan,,,,,14.03967
2005,ER_PTD_TERR,Turkmenistan,,,,,14.03967
2006,ER_PTD_TERR,Turkmenistan,,,,,14.03967
2007,ER_PTD_TERR,Turkmenistan,,,,,14.03967
2008,ER_PTD_TERR,Turkmenistan,,,,,14.03967
2009,ER_PTD_TERR,Turkmenistan,,,,,14.03967
2010,ER_PTD_TERR,Turkmenistan,,,,,14.03967
2011,ER_PTD_TERR,Turkmenistan,,,,,14.03967
2012,ER_PTD_TERR,Turkmenistan,,,,,14.03967
2013,ER_PTD_TERR,Turkmenistan,,,,,14.03967
2014,ER_PTD_TERR,Turkmenistan,,,,,14.03967
2015,ER_PTD_TERR,Turkmenistan,,,,,14.03967
2016,ER_PTD_TERR,Turkmenistan,,,,,14.03967
2017,ER_PTD_TERR,Turkmenistan,,,,,14.03967
2018,ER_PTD_TERR,Turkmenistan,,,,,14.03967
2019,ER_PTD_TERR,Turkmenistan,,,,,14.03967
2020,ER_PTD_TERR,Turkmenistan,,,,,14.03967
2021,ER_PTD_TERR,Turkmenistan,,,,,14.03967
2022,ER_PTD_TERR,Turkmenistan,,,,,14.03967
2000,ER_PTD_TERR,Ukraine,,,,,56.02659
2001,ER_PTD_TERR,Ukraine,,,,,56.02659
2002,ER_PTD_TERR,Ukraine,,,,,56.02659
2003,ER_PTD_TERR,Ukraine,,,,,56.02659
2004,ER_PTD_TERR,Ukraine,,,,,56.43453
2005,ER_PTD_TERR,Ukraine,,,,,56.43453
2006,ER_PTD_TERR,Ukraine,,,,,56.43453
2007,ER_PTD_TERR,Ukraine,,,,,57.09088
2008,ER_PTD_TERR,Ukraine,,,,,57.09088
2009,ER_PTD_TERR,Ukraine,,,,,57.09088
2010,ER_PTD_TERR,Ukraine,,,,,57.09088
2011,ER_PTD_TERR,Ukraine,,,,,57.09088
2012,ER_PTD_TERR,Ukraine,,,,,57.65206
2013,ER_PTD_TERR,Ukraine,,,,,58.28561
2014,ER_PTD_TERR,Ukraine,,,,,58.28561
2015,ER_PTD_TERR,Ukraine,,,,,58.28561
2016,ER_PTD_TERR,Ukraine,,,,,59.7676
2017,ER_PTD_TERR,Ukraine,,,,,59.7676
2018,ER_PTD_TERR,Ukraine,,,,,59.7676
2019,ER_PTD_TERR,Ukraine,,,,,59.7676
2020,ER_PTD_TERR,Ukraine,,,,,59.7676
2021,ER_PTD_TERR,Ukraine,,,,,59.7676
2022,ER_PTD_TERR,Ukraine,,,,,59.7676
2000,ER_PTD_TERR,North Macedonia,,,,,23.78272
2001,ER_PTD_TERR,North Macedonia,,,,,23.78272
2002,ER_PTD_TERR,North Macedonia,,,,,23.94696
2003,ER_PTD_TERR,North Macedonia,,,,,24.18279
2004,ER_PTD_TERR,North Macedonia,,,,,24.18279
2005,ER_PTD_TERR,North Macedonia,,,,,24.18279
2006,ER_PTD_TERR,North Macedonia,,,,,24.38869
2007,ER_PTD_TERR,North Macedonia,,,,,24.39829
2008,ER_PTD_TERR,North Macedonia,,,,,24.39829
2009,ER_PTD_TERR,North Macedonia,,,,,24.39829
2010,ER_PTD_TERR,North Macedonia,,,,,24.39829
2011,ER_PTD_TERR,North Macedonia,,,,,24.39829
2012,ER_PTD_TERR,North Macedonia,,,,,24.39829
2013,ER_PTD_TERR,North Macedonia,,,,,24.39829
2014,ER_PTD_TERR,North Macedonia,,,,,24.39829
2015,ER_PTD_TERR,North Macedonia,,,,,24.39829
2016,ER_PTD_TERR,North Macedonia,,,,,24.39829
2017,ER_PTD_TERR,North Macedonia,,,,,24.39829
2018,ER_PTD_TERR,North Macedonia,,,,,24.39829
2019,ER_PTD_TERR,North Macedonia,,,,,24.39829
2020,ER_PTD_TERR,North Macedonia,,,,,27.06583
2021,ER_PTD_TERR,North Macedonia,,,,,27.06583
2022,ER_PTD_TERR,North Macedonia,,,,,27.06583
2000,ER_PTD_TERR,United Kingdom of Great Britain and Northern Ireland,,,,,74.15274
2001,ER_PTD_TERR,United Kingdom of Great Britain and Northern Ireland,,,,,75.6432
2002,ER_PTD_TERR,United Kingdom of Great Britain and Northern Ireland,,,,,75.67927
2003,ER_PTD_TERR,United Kingdom of Great Britain and Northern Ireland,,,,,76.77621
2004,ER_PTD_TERR,United Kingdom of Great Britain and Northern Ireland,,,,,77.09212
2005,ER_PTD_TERR,United Kingdom of Great Britain and Northern Ireland,,,,,79.36199
2006,ER_PTD_TERR,United Kingdom of Great Britain and Northern Ireland,,,,,79.9189
2007,ER_PTD_TERR,United Kingdom of Great Britain and Northern Ireland,,,,,79.94205
2008,ER_PTD_TERR,United Kingdom of Great Britain and Northern Ireland,,,,,79.96974
2009,ER_PTD_TERR,United Kingdom of Great Britain and Northern Ireland,,,,,79.97629
2010,ER_PTD_TERR,United Kingdom of Great Britain and Northern Ireland,,,,,80.40163
2011,ER_PTD_TERR,United Kingdom of Great Britain and Northern Ireland,,,,,80.85208
2012,ER_PTD_TERR,United Kingdom of Great Britain and Northern Ireland,,,,,80.85375
2013,ER_PTD_TERR,United Kingdom of Great Britain and Northern Ireland,,,,,80.85375
2014,ER_PTD_TERR,United Kingdom of Great Britain and Northern Ireland,,,,,80.96204
2015,ER_PTD_TERR,United Kingdom of Great Britain and Northern Ireland,,,,,80.96212
2016,ER_PTD_TERR,United Kingdom of Great Britain and Northern Ireland,,,,,80.96251
2017,ER_PTD_TERR,United Kingdom of Great Britain and Northern Ireland,,,,,81.15844
2018,ER_PTD_TERR,United Kingdom of Great Britain and Northern Ireland,,,,,81.39444
2019,ER_PTD_TERR,United Kingdom of Great Britain and Northern Ireland,,,,,81.41049
2020,ER_PTD_TERR,United Kingdom of Great Britain and Northern Ireland,,,,,81.41052
2021,ER_PTD_TERR,United Kingdom of Great Britain and Northern Ireland,,,,,81.41052
2022,ER_PTD_TERR,United Kingdom of Great Britain and Northern Ireland,,,,,81.41052
2000,ER_PTD_TERR,Uzbekistan,,,,,15.39439
2001,ER_PTD_TERR,Uzbekistan,,,,,15.39439
2002,ER_PTD_TERR,Uzbekistan,,,,,15.39439
2003,ER_PTD_TERR,Uzbekistan,,,,,15.39439
2004,ER_PTD_TERR,Uzbekistan,,,,,15.39439
2005,ER_PTD_TERR,Uzbekistan,,,,,15.39439
2006,ER_PTD_TERR,Uzbekistan,,,,,15.39439
2007,ER_PTD_TERR,Uzbekistan,,,,,15.39439
2008,ER_PTD_TERR,Uzbekistan,,,,,15.39439
2009,ER_PTD_TERR,Uzbekistan,,,,,15.39439
2010,ER_PTD_TERR,Uzbekistan,,,,,15.39439
2011,ER_PTD_TERR,Uzbekistan,,,,,15.39439
2012,ER_PTD_TERR,Uzbekistan,,,,,15.39439
2013,ER_PTD_TERR,Uzbekistan,,,,,15.39439
2014,ER_PTD_TERR,Uzbekistan,,,,,15.39439
2015,ER_PTD_TERR,Uzbekistan,,,,,15.39439
2016,ER_PTD_TERR,Uzbekistan,,,,,17.73125
2017,ER_PTD_TERR,Uzbekistan,,,,,17.73125
2018,ER_PTD_TERR,Uzbekistan,,,,,17.73125
2019,ER_PTD_TERR,Uzbekistan,,,,,17.73125
2020,ER_PTD_TERR,Uzbekistan,,,,,17.73125
2021,ER_PTD_TERR,Uzbekistan,,,,,17.73125
2022,ER_PTD_TERR,Uzbekistan,,,,,17.73125
2022,ER_PTD_TERR,Uzbekistan,,,,,17.73125
