Year,SeriesCode,GeoAreaName,Age,Freq,Location,Sex,Value
2000,ER_PTD_FRHWTR,Albania,,,,,48.88993
2001,ER_PTD_FRHWTR,Albania,,,,,48.88993
2002,ER_PTD_FRHWTR,Albania,,,,,48.88993
2003,ER_PTD_FRHWTR,Albania,,,,,48.88993
2004,ER_PTD_FRHWTR,Albania,,,,,62.91313
2005,ER_PTD_FRHWTR,Albania,,,,,62.91313
2006,ER_PTD_FRHWTR,Albania,,,,,62.91313
2007,ER_PTD_FRHWTR,Albania,,,,,69.02074
2008,ER_PTD_FRHWTR,Albania,,,,,69.02074
2009,ER_PTD_FRHWTR,Albania,,,,,69.02074
2010,ER_PTD_FRHWTR,Albania,,,,,96.58663
2011,ER_PTD_FRHWTR,Albania,,,,,96.58663
2012,ER_PTD_FRHWTR,Albania,,,,,96.58663
2013,ER_PTD_FRHWTR,Albania,,,,,96.58663
2014,ER_PTD_FRHWTR,Albania,,,,,96.58663
2015,ER_PTD_FRHWTR,Albania,,,,,96.58663
2016,ER_PTD_FRHWTR,Albania,,,,,96.58663
2017,ER_PTD_FRHWTR,Albania,,,,,96.58663
2018,ER_PTD_FRHWTR,Albania,,,,,96.58663
2019,ER_PTD_FRHWTR,Albania,,,,,96.58663
2020,ER_PTD_FRHWTR,Albania,,,,,96.58663
2021,ER_PTD_FRHWTR,Albania,,,,,96.58663
2022,ER_PTD_FRHWTR,Albania,,,,,96.58663
2000,ER_PTD_FRHWTR,Azerbaijan,,,,,3.67615
2001,ER_PTD_FRHWTR,Azerbaijan,,,,,3.67615
2002,ER_PTD_FRHWTR,Azerbaijan,,,,,3.67615
2003,ER_PTD_FRHWTR,Azerbaijan,,,,,12.32493
2004,ER_PTD_FRHWTR,Azerbaijan,,,,,12.32493
2005,ER_PTD_FRHWTR,Azerbaijan,,,,,12.7054
2006,ER_PTD_FRHWTR,Azerbaijan,,,,,12.7054
2007,ER_PTD_FRHWTR,Azerbaijan,,,,,12.7054
2008,ER_PTD_FRHWTR,Azerbaijan,,,,,12.7054
2009,ER_PTD_FRHWTR,Azerbaijan,,,,,12.7054
2010,ER_PTD_FRHWTR,Azerbaijan,,,,,12.7054
2011,ER_PTD_FRHWTR,Azerbaijan,,,,,12.7054
2012,ER_PTD_FRHWTR,Azerbaijan,,,,,12.7054
2000,ER_PTD_FRHWTR,Finland,,,,,61.76309
2001,ER_PTD_FRHWTR,Finland,,,,,61.78541
2002,ER_PTD_FRHWTR,Finland,,,,,62.23035
2003,ER_PTD_FRHWTR,Finland,,,,,62.32876
2004,ER_PTD_FRHWTR,Finland,,,,,71.22315
2005,ER_PTD_FRHWTR,Finland,,,,,75.45177
2000,ER_PTD_FRHWTR,Bulgaria,,,,,13.72236
2001,ER_PTD_FRHWTR,Bulgaria,,,,,18.22249
2002,ER_PTD_FRHWTR,Bulgaria,,,,,32.16041
2003,ER_PTD_FRHWTR,Bulgaria,,,,,32.16041
2004,ER_PTD_FRHWTR,Bulgaria,,,,,32.16041
2005,ER_PTD_FRHWTR,Bulgaria,,,,,32.16073
2000,ER_PTD_FRHWTR,Latvia,,,,,53.68777
2001,ER_PTD_FRHWTR,Latvia,,,,,53.6882
2002,ER_PTD_FRHWTR,Latvia,,,,,63.03078
2003,ER_PTD_FRHWTR,Latvia,,,,,63.03078
2004,ER_PTD_FRHWTR,Latvia,,,,,96.65741
2005,ER_PTD_FRHWTR,Latvia,,,,,96.65741
2013,ER_PTD_FRHWTR,Azerbaijan,,,,,12.7054
2014,ER_PTD_FRHWTR,Azerbaijan,,,,,12.7054
2015,ER_PTD_FRHWTR,Azerbaijan,,,,,12.7054
2016,ER_PTD_FRHWTR,Azerbaijan,,,,,12.7054
2017,ER_PTD_FRHWTR,Azerbaijan,,,,,12.7054
2018,ER_PTD_FRHWTR,Azerbaijan,,,,,14.52677
2006,ER_PTD_FRHWTR,Bulgaria,,,,,32.42361
2007,ER_PTD_FRHWTR,Bulgaria,,,,,94.95133
2008,ER_PTD_FRHWTR,Bulgaria,,,,,94.98791
2009,ER_PTD_FRHWTR,Bulgaria,,,,,94.98791
2010,ER_PTD_FRHWTR,Bulgaria,,,,,94.98791
2011,ER_PTD_FRHWTR,Bulgaria,,,,,94.98791
2006,ER_PTD_FRHWTR,Latvia,,,,,96.65741
2007,ER_PTD_FRHWTR,Latvia,,,,,96.65741
2008,ER_PTD_FRHWTR,Latvia,,,,,96.65741
2009,ER_PTD_FRHWTR,Latvia,,,,,97.43761
2010,ER_PTD_FRHWTR,Latvia,,,,,97.43761
2011,ER_PTD_FRHWTR,Latvia,,,,,97.43761
2019,ER_PTD_FRHWTR,Azerbaijan,,,,,14.52677
2020,ER_PTD_FRHWTR,Azerbaijan,,,,,14.52677
2021,ER_PTD_FRHWTR,Azerbaijan,,,,,14.52677
2022,ER_PTD_FRHWTR,Azerbaijan,,,,,14.52677
2000,ER_PTD_FRHWTR,Australia,,,,,22.55408
2001,ER_PTD_FRHWTR,Australia,,,,,22.57221
2012,ER_PTD_FRHWTR,Bulgaria,,,,,94.98791
2013,ER_PTD_FRHWTR,Bulgaria,,,,,94.98791
2014,ER_PTD_FRHWTR,Bulgaria,,,,,94.98791
2015,ER_PTD_FRHWTR,Bulgaria,,,,,94.98791
2016,ER_PTD_FRHWTR,Bulgaria,,,,,94.98791
2017,ER_PTD_FRHWTR,Bulgaria,,,,,94.98791
2006,ER_PTD_FRHWTR,Finland,,,,,75.45958
2007,ER_PTD_FRHWTR,Finland,,,,,75.46063
2008,ER_PTD_FRHWTR,Finland,,,,,75.46132
2009,ER_PTD_FRHWTR,Finland,,,,,75.46248
2010,ER_PTD_FRHWTR,Finland,,,,,75.46255
2011,ER_PTD_FRHWTR,Finland,,,,,75.46349
2002,ER_PTD_FRHWTR,Australia,,,,,25.61833
2003,ER_PTD_FRHWTR,Australia,,,,,25.87665
2004,ER_PTD_FRHWTR,Australia,,,,,26.08761
2005,ER_PTD_FRHWTR,Australia,,,,,26.11333
2006,ER_PTD_FRHWTR,Australia,,,,,26.11828
2007,ER_PTD_FRHWTR,Australia,,,,,28.32133
2018,ER_PTD_FRHWTR,Bulgaria,,,,,98.66798
2019,ER_PTD_FRHWTR,Bulgaria,,,,,98.66798
2020,ER_PTD_FRHWTR,Bulgaria,,,,,98.66798
2021,ER_PTD_FRHWTR,Bulgaria,,,,,98.66798
2022,ER_PTD_FRHWTR,Bulgaria,,,,,98.66798
2000,ER_PTD_FRHWTR,Belarus,,,,,74.41934
2012,ER_PTD_FRHWTR,Finland,,,,,75.46353
2013,ER_PTD_FRHWTR,Finland,,,,,75.46368
2014,ER_PTD_FRHWTR,Finland,,,,,75.46626
2015,ER_PTD_FRHWTR,Finland,,,,,75.78502
2016,ER_PTD_FRHWTR,Finland,,,,,75.78583
2017,ER_PTD_FRHWTR,Finland,,,,,75.8049
2008,ER_PTD_FRHWTR,Australia,,,,,28.38157
2009,ER_PTD_FRHWTR,Australia,,,,,29.71156
2010,ER_PTD_FRHWTR,Australia,,,,,29.72381
2011,ER_PTD_FRHWTR,Australia,,,,,29.92775
2012,ER_PTD_FRHWTR,Australia,,,,,30.25864
2013,ER_PTD_FRHWTR,Australia,,,,,31.83033
2001,ER_PTD_FRHWTR,Belarus,,,,,79.09908
2002,ER_PTD_FRHWTR,Belarus,,,,,79.09908
2003,ER_PTD_FRHWTR,Belarus,,,,,79.09908
2004,ER_PTD_FRHWTR,Belarus,,,,,79.09908
2005,ER_PTD_FRHWTR,Belarus,,,,,81.99909
2006,ER_PTD_FRHWTR,Belarus,,,,,81.99909
2007,ER_PTD_FRHWTR,Belarus,,,,,81.99909
2008,ER_PTD_FRHWTR,Belarus,,,,,81.99909
2009,ER_PTD_FRHWTR,Belarus,,,,,81.99909
2010,ER_PTD_FRHWTR,Belarus,,,,,81.99909
2011,ER_PTD_FRHWTR,Belarus,,,,,81.99909
2012,ER_PTD_FRHWTR,Belarus,,,,,81.99909
2018,ER_PTD_FRHWTR,Finland,,,,,75.80764
2019,ER_PTD_FRHWTR,Finland,,,,,75.81041
2020,ER_PTD_FRHWTR,Finland,,,,,75.81041
2021,ER_PTD_FRHWTR,Finland,,,,,75.81041
2022,ER_PTD_FRHWTR,Finland,,,,,75.81041
2000,ER_PTD_FRHWTR,France,,,,,32.51417
2014,ER_PTD_FRHWTR,Australia,,,,,33.50694
2015,ER_PTD_FRHWTR,Australia,,,,,33.52467
2016,ER_PTD_FRHWTR,Australia,,,,,34.93561
2017,ER_PTD_FRHWTR,Australia,,,,,35.28953
2018,ER_PTD_FRHWTR,Australia,,,,,37.13276
2019,ER_PTD_FRHWTR,Australia,,,,,37.44022
2001,ER_PTD_FRHWTR,France,,,,,33.63129
2002,ER_PTD_FRHWTR,France,,,,,33.63129
2003,ER_PTD_FRHWTR,France,,,,,35.00165
2004,ER_PTD_FRHWTR,France,,,,,35.68437
2005,ER_PTD_FRHWTR,France,,,,,36.43772
2006,ER_PTD_FRHWTR,France,,,,,40.07035
2007,ER_PTD_FRHWTR,France,,,,,42.28349
2008,ER_PTD_FRHWTR,France,,,,,45.09359
2009,ER_PTD_FRHWTR,France,,,,,48.0168
2010,ER_PTD_FRHWTR,France,,,,,48.08091
2011,ER_PTD_FRHWTR,France,,,,,48.26182
2012,ER_PTD_FRHWTR,France,,,,,48.62684
2013,ER_PTD_FRHWTR,Belarus,,,,,81.99909
2014,ER_PTD_FRHWTR,Belarus,,,,,88.94108
2015,ER_PTD_FRHWTR,Belarus,,,,,90.17736
2016,ER_PTD_FRHWTR,Belarus,,,,,90.17736
2017,ER_PTD_FRHWTR,Belarus,,,,,90.17736
2018,ER_PTD_FRHWTR,Belarus,,,,,90.17736
2013,ER_PTD_FRHWTR,France,,,,,49.39886
2014,ER_PTD_FRHWTR,France,,,,,57.29339
2015,ER_PTD_FRHWTR,France,,,,,59.50041
2016,ER_PTD_FRHWTR,France,,,,,60.95331
2017,ER_PTD_FRHWTR,France,,,,,63.19499
2018,ER_PTD_FRHWTR,France,,,,,71.20825
2020,ER_PTD_FRHWTR,Australia,,,,,37.64578
2021,ER_PTD_FRHWTR,Australia,,,,,37.64578
2022,ER_PTD_FRHWTR,Australia,,,,,37.64578
2000,ER_PTD_FRHWTR,Austria,,,,,68.20649
2001,ER_PTD_FRHWTR,Austria,,,,,68.20649
2002,ER_PTD_FRHWTR,Austria,,,,,68.20649
2003,ER_PTD_FRHWTR,Austria,,,,,68.20649
2004,ER_PTD_FRHWTR,Austria,,,,,68.22149
2005,ER_PTD_FRHWTR,Austria,,,,,68.22149
2006,ER_PTD_FRHWTR,Austria,,,,,68.22149
2007,ER_PTD_FRHWTR,Austria,,,,,68.22149
2008,ER_PTD_FRHWTR,Austria,,,,,68.22149
2019,ER_PTD_FRHWTR,Belarus,,,,,90.17736
2020,ER_PTD_FRHWTR,Belarus,,,,,90.17736
2021,ER_PTD_FRHWTR,Belarus,,,,,90.17736
2022,ER_PTD_FRHWTR,Belarus,,,,,90.17736
2000,ER_PTD_FRHWTR,Canada,,,,,18.18936
2001,ER_PTD_FRHWTR,Canada,,,,,18.47087
2019,ER_PTD_FRHWTR,France,,,,,75.82114
2020,ER_PTD_FRHWTR,France,,,,,77.98986
2021,ER_PTD_FRHWTR,France,,,,,77.98986
2022,ER_PTD_FRHWTR,France,,,,,77.98986
2000,ER_PTD_FRHWTR,Georgia,,,,,21.27444
2001,ER_PTD_FRHWTR,Georgia,,,,,21.27444
2009,ER_PTD_FRHWTR,Austria,,,,,68.22149
2010,ER_PTD_FRHWTR,Austria,,,,,68.22149
2011,ER_PTD_FRHWTR,Austria,,,,,68.8131
2012,ER_PTD_FRHWTR,Austria,,,,,68.8131
2013,ER_PTD_FRHWTR,Austria,,,,,68.8131
2014,ER_PTD_FRHWTR,Austria,,,,,68.8131
2002,ER_PTD_FRHWTR,Canada,,,,,18.84393
2003,ER_PTD_FRHWTR,Canada,,,,,19.59274
2004,ER_PTD_FRHWTR,Canada,,,,,19.60958
2005,ER_PTD_FRHWTR,Canada,,,,,21.75959
2006,ER_PTD_FRHWTR,Canada,,,,,21.80293
2007,ER_PTD_FRHWTR,Canada,,,,,21.89675
2015,ER_PTD_FRHWTR,Austria,,,,,68.8131
2016,ER_PTD_FRHWTR,Austria,,,,,68.8131
2017,ER_PTD_FRHWTR,Austria,,,,,68.8131
2018,ER_PTD_FRHWTR,Austria,,,,,71.22317
2019,ER_PTD_FRHWTR,Austria,,,,,71.22317
2020,ER_PTD_FRHWTR,Austria,,,,,71.22317
2021,ER_PTD_FRHWTR,Austria,,,,,71.22317
2022,ER_PTD_FRHWTR,Austria,,,,,71.22317
2000,ER_PTD_FRHWTR,Armenia,,,,,24.97653
2001,ER_PTD_FRHWTR,Armenia,,,,,24.97653
2002,ER_PTD_FRHWTR,Armenia,,,,,24.97653
2003,ER_PTD_FRHWTR,Armenia,,,,,24.97653
2008,ER_PTD_FRHWTR,Canada,,,,,21.90321
2009,ER_PTD_FRHWTR,Canada,,,,,21.90795
2010,ER_PTD_FRHWTR,Canada,,,,,21.91288
2011,ER_PTD_FRHWTR,Canada,,,,,22.00754
2012,ER_PTD_FRHWTR,Canada,,,,,22.01413
2013,ER_PTD_FRHWTR,Canada,,,,,22.05563
2014,ER_PTD_FRHWTR,Canada,,,,,22.06991
2015,ER_PTD_FRHWTR,Canada,,,,,22.13071
2016,ER_PTD_FRHWTR,Canada,,,,,22.3434
2017,ER_PTD_FRHWTR,Canada,,,,,22.39877
2018,ER_PTD_FRHWTR,Canada,,,,,22.8151
2019,ER_PTD_FRHWTR,Canada,,,,,22.82228
2002,ER_PTD_FRHWTR,Georgia,,,,,21.27444
2003,ER_PTD_FRHWTR,Georgia,,,,,22.1542
2004,ER_PTD_FRHWTR,Georgia,,,,,22.1542
2005,ER_PTD_FRHWTR,Georgia,,,,,22.1542
2006,ER_PTD_FRHWTR,Georgia,,,,,22.46065
2007,ER_PTD_FRHWTR,Georgia,,,,,22.46065
2020,ER_PTD_FRHWTR,Canada,,,,,22.96889
2021,ER_PTD_FRHWTR,Canada,,,,,22.97617
2022,ER_PTD_FRHWTR,Canada,,,,,22.97617
2000,ER_PTD_FRHWTR,Chile,,,,,36.42388
2001,ER_PTD_FRHWTR,Chile,,,,,36.42388
2002,ER_PTD_FRHWTR,Chile,,,,,36.42388
2003,ER_PTD_FRHWTR,Chile,,,,,36.42388
2004,ER_PTD_FRHWTR,Chile,,,,,36.42388
2005,ER_PTD_FRHWTR,Chile,,,,,36.57369
2006,ER_PTD_FRHWTR,Chile,,,,,36.57369
2007,ER_PTD_FRHWTR,Chile,,,,,36.57369
2008,ER_PTD_FRHWTR,Chile,,,,,36.57369
2009,ER_PTD_FRHWTR,Chile,,,,,39.40703
2010,ER_PTD_FRHWTR,Chile,,,,,39.41323
2011,ER_PTD_FRHWTR,Chile,,,,,39.41323
2012,ER_PTD_FRHWTR,Chile,,,,,39.41323
2013,ER_PTD_FRHWTR,Chile,,,,,43.5737
2014,ER_PTD_FRHWTR,Chile,,,,,43.5737
2004,ER_PTD_FRHWTR,Armenia,,,,,24.97653
2005,ER_PTD_FRHWTR,Armenia,,,,,24.97653
2006,ER_PTD_FRHWTR,Armenia,,,,,24.97653
2007,ER_PTD_FRHWTR,Armenia,,,,,24.97653
2008,ER_PTD_FRHWTR,Armenia,,,,,24.97653
2009,ER_PTD_FRHWTR,Armenia,,,,,26.79856
2010,ER_PTD_FRHWTR,Armenia,,,,,26.79856
2011,ER_PTD_FRHWTR,Armenia,,,,,30.53009
2012,ER_PTD_FRHWTR,Armenia,,,,,30.53009
2013,ER_PTD_FRHWTR,Armenia,,,,,30.53009
2014,ER_PTD_FRHWTR,Armenia,,,,,30.53009
2015,ER_PTD_FRHWTR,Armenia,,,,,30.53009
2015,ER_PTD_FRHWTR,Chile,,,,,43.5737
2016,ER_PTD_FRHWTR,Chile,,,,,43.5737
2017,ER_PTD_FRHWTR,Chile,,,,,43.5737
2018,ER_PTD_FRHWTR,Chile,,,,,43.5737
2019,ER_PTD_FRHWTR,Chile,,,,,43.5737
2020,ER_PTD_FRHWTR,Chile,,,,,47.65985
2021,ER_PTD_FRHWTR,Chile,,,,,47.65985
2022,ER_PTD_FRHWTR,Chile,,,,,47.65985
2000,ER_PTD_FRHWTR,China,,,,,2.66203
2001,ER_PTD_FRHWTR,China,,,,,2.66203
2002,ER_PTD_FRHWTR,China,,,,,4.03202
2003,ER_PTD_FRHWTR,China,,,,,4.03202
2016,ER_PTD_FRHWTR,Armenia,,,,,30.53009
2017,ER_PTD_FRHWTR,Armenia,,,,,30.53009
2018,ER_PTD_FRHWTR,Armenia,,,,,30.53009
2019,ER_PTD_FRHWTR,Armenia,,,,,30.53009
2020,ER_PTD_FRHWTR,Armenia,,,,,30.53009
2021,ER_PTD_FRHWTR,Armenia,,,,,30.53009
2022,ER_PTD_FRHWTR,Armenia,,,,,30.53009
2000,ER_PTD_FRHWTR,Belgium,,,,,65.57246
2001,ER_PTD_FRHWTR,Belgium,,,,,65.57469
2002,ER_PTD_FRHWTR,Belgium,,,,,67.38698
2003,ER_PTD_FRHWTR,Belgium,,,,,79.59635
2004,ER_PTD_FRHWTR,Belgium,,,,,79.5964
2005,ER_PTD_FRHWTR,Belgium,,,,,80.85379
2006,ER_PTD_FRHWTR,Belgium,,,,,80.89279
2007,ER_PTD_FRHWTR,Belgium,,,,,80.89435
2008,ER_PTD_FRHWTR,Belgium,,,,,80.89435
2009,ER_PTD_FRHWTR,Belgium,,,,,80.94226
2010,ER_PTD_FRHWTR,Belgium,,,,,80.9442
2008,ER_PTD_FRHWTR,Georgia,,,,,22.46065
2009,ER_PTD_FRHWTR,Georgia,,,,,22.46065
2010,ER_PTD_FRHWTR,Georgia,,,,,22.46065
2011,ER_PTD_FRHWTR,Georgia,,,,,38.946
2012,ER_PTD_FRHWTR,Georgia,,,,,38.94615
2013,ER_PTD_FRHWTR,Georgia,,,,,38.94615
2011,ER_PTD_FRHWTR,Belgium,,,,,80.9442
2012,ER_PTD_FRHWTR,Belgium,,,,,80.94429
2013,ER_PTD_FRHWTR,Belgium,,,,,80.95357
2014,ER_PTD_FRHWTR,Belgium,,,,,82.5035
2015,ER_PTD_FRHWTR,Belgium,,,,,82.6631
2016,ER_PTD_FRHWTR,Belgium,,,,,85.17844
2017,ER_PTD_FRHWTR,Belgium,,,,,85.17857
2018,ER_PTD_FRHWTR,Belgium,,,,,85.60136
2019,ER_PTD_FRHWTR,Belgium,,,,,85.64302
2020,ER_PTD_FRHWTR,Belgium,,,,,85.65745
2021,ER_PTD_FRHWTR,Belgium,,,,,85.65745
2022,ER_PTD_FRHWTR,Belgium,,,,,85.65745
2014,ER_PTD_FRHWTR,Georgia,,,,,38.94615
2015,ER_PTD_FRHWTR,Georgia,,,,,38.94615
2016,ER_PTD_FRHWTR,Georgia,,,,,38.94615
2017,ER_PTD_FRHWTR,Georgia,,,,,38.94615
2018,ER_PTD_FRHWTR,Georgia,,,,,38.94615
2019,ER_PTD_FRHWTR,Georgia,,,,,38.94615
2000,ER_PTD_FRHWTR,Bosnia and Herzegovina,,,,,33.29167
2001,ER_PTD_FRHWTR,Bosnia and Herzegovina,,,,,33.29167
2002,ER_PTD_FRHWTR,Bosnia and Herzegovina,,,,,33.29167
2003,ER_PTD_FRHWTR,Bosnia and Herzegovina,,,,,33.29167
2004,ER_PTD_FRHWTR,Bosnia and Herzegovina,,,,,33.29167
2005,ER_PTD_FRHWTR,Bosnia and Herzegovina,,,,,33.29167
2006,ER_PTD_FRHWTR,Bosnia and Herzegovina,,,,,33.29167
2007,ER_PTD_FRHWTR,Bosnia and Herzegovina,,,,,66.62501
2008,ER_PTD_FRHWTR,Bosnia and Herzegovina,,,,,99.95834
2009,ER_PTD_FRHWTR,Bosnia and Herzegovina,,,,,99.95834
2010,ER_PTD_FRHWTR,Bosnia and Herzegovina,,,,,99.95834
2011,ER_PTD_FRHWTR,Bosnia and Herzegovina,,,,,99.95834
2020,ER_PTD_FRHWTR,Georgia,,,,,38.94615
2021,ER_PTD_FRHWTR,Georgia,,,,,38.94615
2022,ER_PTD_FRHWTR,Georgia,,,,,38.94615
2000,ER_PTD_FRHWTR,Germany,,,,,48.52724
2001,ER_PTD_FRHWTR,Germany,,,,,60.22709
2002,ER_PTD_FRHWTR,Germany,,,,,60.7913
2004,ER_PTD_FRHWTR,China,,,,,4.80612
2005,ER_PTD_FRHWTR,China,,,,,4.80612
2006,ER_PTD_FRHWTR,China,,,,,6.8774
2007,ER_PTD_FRHWTR,China,,,,,6.8774
2008,ER_PTD_FRHWTR,China,,,,,6.8774
2009,ER_PTD_FRHWTR,China,,,,,6.8774
2010,ER_PTD_FRHWTR,China,,,,,6.8774
2011,ER_PTD_FRHWTR,China,,,,,7.9311
2012,ER_PTD_FRHWTR,China,,,,,7.9311
2013,ER_PTD_FRHWTR,China,,,,,8.3816
2014,ER_PTD_FRHWTR,China,,,,,8.3816
2015,ER_PTD_FRHWTR,China,,,,,8.8202
2012,ER_PTD_FRHWTR,Bosnia and Herzegovina,,,,,99.95834
2013,ER_PTD_FRHWTR,Bosnia and Herzegovina,,,,,99.95834
2014,ER_PTD_FRHWTR,Bosnia and Herzegovina,,,,,99.95834
2015,ER_PTD_FRHWTR,Bosnia and Herzegovina,,,,,99.95834
2016,ER_PTD_FRHWTR,Bosnia and Herzegovina,,,,,99.95834
2017,ER_PTD_FRHWTR,Bosnia and Herzegovina,,,,,99.95834
2003,ER_PTD_FRHWTR,Germany,,,,,61.40878
2004,ER_PTD_FRHWTR,Germany,,,,,67.54744
2005,ER_PTD_FRHWTR,Germany,,,,,68.04166
2006,ER_PTD_FRHWTR,Germany,,,,,71.88512
2007,ER_PTD_FRHWTR,Germany,,,,,72.88289
2008,ER_PTD_FRHWTR,Germany,,,,,75.80821
2016,ER_PTD_FRHWTR,China,,,,,8.8202
2017,ER_PTD_FRHWTR,China,,,,,8.82021
2018,ER_PTD_FRHWTR,China,,,,,9.5843
2019,ER_PTD_FRHWTR,China,,,,,9.5843
2020,ER_PTD_FRHWTR,China,,,,,9.5843
2021,ER_PTD_FRHWTR,China,,,,,9.5843
2022,ER_PTD_FRHWTR,China,,,,,9.5843
2000,ER_PTD_FRHWTR,Colombia,,,,,25.24073
2001,ER_PTD_FRHWTR,Colombia,,,,,25.24073
2002,ER_PTD_FRHWTR,Colombia,,,,,25.24073
2003,ER_PTD_FRHWTR,Colombia,,,,,25.24073
2004,ER_PTD_FRHWTR,Colombia,,,,,25.24076
2009,ER_PTD_FRHWTR,Germany,,,,,76.33116
2010,ER_PTD_FRHWTR,Germany,,,,,76.68149
2011,ER_PTD_FRHWTR,Germany,,,,,76.90283
2012,ER_PTD_FRHWTR,Germany,,,,,76.91138
2013,ER_PTD_FRHWTR,Germany,,,,,76.98038
2014,ER_PTD_FRHWTR,Germany,,,,,77.06016
2018,ER_PTD_FRHWTR,Bosnia and Herzegovina,,,,,99.95834
2019,ER_PTD_FRHWTR,Bosnia and Herzegovina,,,,,99.95834
2020,ER_PTD_FRHWTR,Bosnia and Herzegovina,,,,,99.95834
2021,ER_PTD_FRHWTR,Bosnia and Herzegovina,,,,,99.95834
2022,ER_PTD_FRHWTR,Bosnia and Herzegovina,,,,,99.95834
2000,ER_PTD_FRHWTR,Poland,,,,,53.35881
2005,ER_PTD_FRHWTR,Colombia,,,,,25.3122
2006,ER_PTD_FRHWTR,Colombia,,,,,26.57118
2007,ER_PTD_FRHWTR,Colombia,,,,,26.61643
2008,ER_PTD_FRHWTR,Colombia,,,,,28.70725
2009,ER_PTD_FRHWTR,Colombia,,,,,32.03947
2010,ER_PTD_FRHWTR,Colombia,,,,,32.03947
2011,ER_PTD_FRHWTR,Colombia,,,,,38.70614
2012,ER_PTD_FRHWTR,Colombia,,,,,39.23155
2013,ER_PTD_FRHWTR,Colombia,,,,,40.42511
2014,ER_PTD_FRHWTR,Colombia,,,,,40.44615
2015,ER_PTD_FRHWTR,Colombia,,,,,49.95761
2016,ER_PTD_FRHWTR,Colombia,,,,,49.95761
2015,ER_PTD_FRHWTR,Germany,,,,,77.21146
2016,ER_PTD_FRHWTR,Germany,,,,,77.52778
2017,ER_PTD_FRHWTR,Germany,,,,,77.78733
2018,ER_PTD_FRHWTR,Germany,,,,,78.25234
2019,ER_PTD_FRHWTR,Germany,,,,,79.31185
2020,ER_PTD_FRHWTR,Germany,,,,,79.31185
2001,ER_PTD_FRHWTR,Poland,,,,,53.7292
2002,ER_PTD_FRHWTR,Poland,,,,,54.11287
2003,ER_PTD_FRHWTR,Poland,,,,,56.13114
2004,ER_PTD_FRHWTR,Poland,,,,,76.28732
2005,ER_PTD_FRHWTR,Poland,,,,,76.2925
2006,ER_PTD_FRHWTR,Poland,,,,,76.2925
2017,ER_PTD_FRHWTR,Colombia,,,,,53.38808
2018,ER_PTD_FRHWTR,Colombia,,,,,57.18785
2019,ER_PTD_FRHWTR,Colombia,,,,,60.52119
2020,ER_PTD_FRHWTR,Colombia,,,,,60.54661
2021,ER_PTD_FRHWTR,Colombia,,,,,60.54661
2022,ER_PTD_FRHWTR,Colombia,,,,,60.54661
2021,ER_PTD_FRHWTR,Germany,,,,,79.31185
2022,ER_PTD_FRHWTR,Germany,,,,,79.31185
2000,ER_PTD_FRHWTR,Greece,,,,,30.45508
2001,ER_PTD_FRHWTR,Greece,,,,,46.92449
2002,ER_PTD_FRHWTR,Greece,,,,,63.77459
2003,ER_PTD_FRHWTR,Greece,,,,,65.94621
2007,ER_PTD_FRHWTR,Poland,,,,,87.64562
2008,ER_PTD_FRHWTR,Poland,,,,,91.4288
2009,ER_PTD_FRHWTR,Poland,,,,,91.57093
2010,ER_PTD_FRHWTR,Poland,,,,,91.57093
2011,ER_PTD_FRHWTR,Poland,,,,,91.64558
2012,ER_PTD_FRHWTR,Poland,,,,,91.64558
2004,ER_PTD_FRHWTR,Greece,,,,,65.94621
2005,ER_PTD_FRHWTR,Greece,,,,,65.94621
2006,ER_PTD_FRHWTR,Greece,,,,,65.95023
2007,ER_PTD_FRHWTR,Greece,,,,,65.95484
2008,ER_PTD_FRHWTR,Greece,,,,,65.95836
2009,ER_PTD_FRHWTR,Greece,,,,,67.34894
2000,ER_PTD_FRHWTR,Costa Rica,,,,,49.72119
2001,ER_PTD_FRHWTR,Costa Rica,,,,,50.04232
2002,ER_PTD_FRHWTR,Costa Rica,,,,,50.04232
2003,ER_PTD_FRHWTR,Costa Rica,,,,,50.04232
2004,ER_PTD_FRHWTR,Costa Rica,,,,,50.04232
2005,ER_PTD_FRHWTR,Costa Rica,,,,,50.04232
2013,ER_PTD_FRHWTR,Poland,,,,,91.64657
2014,ER_PTD_FRHWTR,Poland,,,,,91.64657
2015,ER_PTD_FRHWTR,Poland,,,,,91.64657
2016,ER_PTD_FRHWTR,Poland,,,,,91.64657
2017,ER_PTD_FRHWTR,Poland,,,,,91.64764
2018,ER_PTD_FRHWTR,Poland,,,,,91.66306
2006,ER_PTD_FRHWTR,Costa Rica,,,,,50.04232
2007,ER_PTD_FRHWTR,Costa Rica,,,,,50.04232
2008,ER_PTD_FRHWTR,Costa Rica,,,,,50.04232
2009,ER_PTD_FRHWTR,Costa Rica,,,,,50.16261
2010,ER_PTD_FRHWTR,Costa Rica,,,,,53.27216
2011,ER_PTD_FRHWTR,Costa Rica,,,,,53.27994
2019,ER_PTD_FRHWTR,Poland,,,,,91.66306
2020,ER_PTD_FRHWTR,Poland,,,,,91.66306
2021,ER_PTD_FRHWTR,Poland,,,,,91.66338
2022,ER_PTD_FRHWTR,Poland,,,,,91.66338
2000,ER_PTD_FRHWTR,Portugal,,,,,47.79907
2001,ER_PTD_FRHWTR,Portugal,,,,,48.55225
2010,ER_PTD_FRHWTR,Greece,,,,,80.05364
2011,ER_PTD_FRHWTR,Greece,,,,,90.43109
2012,ER_PTD_FRHWTR,Greece,,,,,90.43109
2013,ER_PTD_FRHWTR,Greece,,,,,90.43109
2014,ER_PTD_FRHWTR,Greece,,,,,90.43109
2015,ER_PTD_FRHWTR,Greece,,,,,90.43109
2012,ER_PTD_FRHWTR,Costa Rica,,,,,53.27994
2013,ER_PTD_FRHWTR,Costa Rica,,,,,53.31956
2014,ER_PTD_FRHWTR,Costa Rica,,,,,53.31956
2015,ER_PTD_FRHWTR,Costa Rica,,,,,53.31956
2016,ER_PTD_FRHWTR,Costa Rica,,,,,53.31956
2017,ER_PTD_FRHWTR,Costa Rica,,,,,53.31956
2002,ER_PTD_FRHWTR,Portugal,,,,,48.55225
2003,ER_PTD_FRHWTR,Portugal,,,,,55.47352
2004,ER_PTD_FRHWTR,Portugal,,,,,55.47352
2005,ER_PTD_FRHWTR,Portugal,,,,,55.47352
2006,ER_PTD_FRHWTR,Portugal,,,,,55.47352
2007,ER_PTD_FRHWTR,Portugal,,,,,55.47352
2016,ER_PTD_FRHWTR,Greece,,,,,90.43109
2017,ER_PTD_FRHWTR,Greece,,,,,90.43109
2018,ER_PTD_FRHWTR,Greece,,,,,90.43109
2019,ER_PTD_FRHWTR,Greece,,,,,90.43109
2020,ER_PTD_FRHWTR,Greece,,,,,90.43109
2021,ER_PTD_FRHWTR,Greece,,,,,90.43109
2018,ER_PTD_FRHWTR,Costa Rica,,,,,53.31956
2019,ER_PTD_FRHWTR,Costa Rica,,,,,53.31956
2020,ER_PTD_FRHWTR,Costa Rica,,,,,53.33067
2021,ER_PTD_FRHWTR,Costa Rica,,,,,53.33067
2022,ER_PTD_FRHWTR,Costa Rica,,,,,53.33067
2000,ER_PTD_FRHWTR,Croatia,,,,,16.95644
2008,ER_PTD_FRHWTR,Portugal,,,,,68.02474
2009,ER_PTD_FRHWTR,Portugal,,,,,68.37284
2010,ER_PTD_FRHWTR,Portugal,,,,,68.37284
2011,ER_PTD_FRHWTR,Portugal,,,,,68.37284
2012,ER_PTD_FRHWTR,Portugal,,,,,68.62855
2013,ER_PTD_FRHWTR,Portugal,,,,,68.62855
2001,ER_PTD_FRHWTR,Croatia,,,,,17.50671
2002,ER_PTD_FRHWTR,Croatia,,,,,17.50671
2003,ER_PTD_FRHWTR,Croatia,,,,,17.50671
2004,ER_PTD_FRHWTR,Croatia,,,,,17.50671
2005,ER_PTD_FRHWTR,Croatia,,,,,17.50671
2006,ER_PTD_FRHWTR,Croatia,,,,,17.50671
2022,ER_PTD_FRHWTR,Greece,,,,,90.43109
2000,ER_PTD_FRHWTR,Hungary,,,,,52.5737
2001,ER_PTD_FRHWTR,Hungary,,,,,52.574
2002,ER_PTD_FRHWTR,Hungary,,,,,52.574
2003,ER_PTD_FRHWTR,Hungary,,,,,52.574
2004,ER_PTD_FRHWTR,Hungary,,,,,86.38677
2014,ER_PTD_FRHWTR,Portugal,,,,,68.62855
2015,ER_PTD_FRHWTR,Portugal,,,,,68.62855
2016,ER_PTD_FRHWTR,Portugal,,,,,68.62855
2017,ER_PTD_FRHWTR,Portugal,,,,,68.62855
2018,ER_PTD_FRHWTR,Portugal,,,,,68.62855
2019,ER_PTD_FRHWTR,Portugal,,,,,68.62855
2007,ER_PTD_FRHWTR,Croatia,,,,,17.50671
2008,ER_PTD_FRHWTR,Croatia,,,,,17.50671
2009,ER_PTD_FRHWTR,Croatia,,,,,17.50671
2010,ER_PTD_FRHWTR,Croatia,,,,,17.52516
2011,ER_PTD_FRHWTR,Croatia,,,,,41.96349
2012,ER_PTD_FRHWTR,Croatia,,,,,41.96349
2005,ER_PTD_FRHWTR,Hungary,,,,,86.38677
2006,ER_PTD_FRHWTR,Hungary,,,,,86.3868
2007,ER_PTD_FRHWTR,Hungary,,,,,86.3868
2008,ER_PTD_FRHWTR,Hungary,,,,,86.38681
2009,ER_PTD_FRHWTR,Hungary,,,,,86.3879
2010,ER_PTD_FRHWTR,Hungary,,,,,86.73907
2011,ER_PTD_FRHWTR,Hungary,,,,,86.73907
2012,ER_PTD_FRHWTR,Hungary,,,,,86.73907
2013,ER_PTD_FRHWTR,Hungary,,,,,86.73907
2014,ER_PTD_FRHWTR,Hungary,,,,,86.73907
2015,ER_PTD_FRHWTR,Hungary,,,,,86.73907
2016,ER_PTD_FRHWTR,Hungary,,,,,86.73907
2013,ER_PTD_FRHWTR,Croatia,,,,,99.97157
2014,ER_PTD_FRHWTR,Croatia,,,,,99.97157
2015,ER_PTD_FRHWTR,Croatia,,,,,99.97157
2016,ER_PTD_FRHWTR,Croatia,,,,,99.97157
2017,ER_PTD_FRHWTR,Croatia,,,,,99.97157
2018,ER_PTD_FRHWTR,Croatia,,,,,99.97157
2020,ER_PTD_FRHWTR,Portugal,,,,,68.62855
2021,ER_PTD_FRHWTR,Portugal,,,,,68.62855
2022,ER_PTD_FRHWTR,Portugal,,,,,68.62855
2000,ER_PTD_FRHWTR,Romania,,,,,6.77781
2001,ER_PTD_FRHWTR,Romania,,,,,6.77781
2002,ER_PTD_FRHWTR,Romania,,,,,6.77781
2017,ER_PTD_FRHWTR,Hungary,,,,,86.73907
2018,ER_PTD_FRHWTR,Hungary,,,,,86.73907
2019,ER_PTD_FRHWTR,Hungary,,,,,86.73907
2020,ER_PTD_FRHWTR,Hungary,,,,,86.73907
2021,ER_PTD_FRHWTR,Hungary,,,,,86.73907
2022,ER_PTD_FRHWTR,Hungary,,,,,86.73907
2000,ER_PTD_FRHWTR,Iceland,,,,,27.5507
2001,ER_PTD_FRHWTR,Iceland,,,,,27.5507
2002,ER_PTD_FRHWTR,Iceland,,,,,27.5507
2003,ER_PTD_FRHWTR,Iceland,,,,,27.5507
2004,ER_PTD_FRHWTR,Iceland,,,,,27.57271
2005,ER_PTD_FRHWTR,Iceland,,,,,35.85212
2019,ER_PTD_FRHWTR,Croatia,,,,,99.97157
2020,ER_PTD_FRHWTR,Croatia,,,,,99.97157
2021,ER_PTD_FRHWTR,Croatia,,,,,99.97157
2022,ER_PTD_FRHWTR,Croatia,,,,,99.97157
2000,ER_PTD_FRHWTR,Cyprus,,,,,0.0
2001,ER_PTD_FRHWTR,Cyprus,,,,,0.0
2006,ER_PTD_FRHWTR,Iceland,,,,,35.85212
2007,ER_PTD_FRHWTR,Iceland,,,,,35.85212
2008,ER_PTD_FRHWTR,Iceland,,,,,35.85212
2009,ER_PTD_FRHWTR,Iceland,,,,,35.85212
2010,ER_PTD_FRHWTR,Iceland,,,,,35.85212
2011,ER_PTD_FRHWTR,Iceland,,,,,35.85212
2002,ER_PTD_FRHWTR,Cyprus,,,,,0.0
2003,ER_PTD_FRHWTR,Cyprus,,,,,0.0
2004,ER_PTD_FRHWTR,Cyprus,,,,,0.0
2005,ER_PTD_FRHWTR,Cyprus,,,,,0.0
2006,ER_PTD_FRHWTR,Cyprus,,,,,0.0
2007,ER_PTD_FRHWTR,Cyprus,,,,,0.0
2008,ER_PTD_FRHWTR,Cyprus,,,,,9.03312
2009,ER_PTD_FRHWTR,Cyprus,,,,,36.57262
2010,ER_PTD_FRHWTR,Cyprus,,,,,36.57262
2011,ER_PTD_FRHWTR,Cyprus,,,,,36.57262
2012,ER_PTD_FRHWTR,Cyprus,,,,,36.57262
2013,ER_PTD_FRHWTR,Cyprus,,,,,36.57262
2012,ER_PTD_FRHWTR,Iceland,,,,,35.85212
2013,ER_PTD_FRHWTR,Iceland,,,,,35.85212
2014,ER_PTD_FRHWTR,Iceland,,,,,35.85212
2015,ER_PTD_FRHWTR,Iceland,,,,,35.85212
2016,ER_PTD_FRHWTR,Iceland,,,,,35.85212
2017,ER_PTD_FRHWTR,Iceland,,,,,35.85212
2003,ER_PTD_FRHWTR,Romania,,,,,6.77781
2004,ER_PTD_FRHWTR,Romania,,,,,6.77781
2005,ER_PTD_FRHWTR,Romania,,,,,13.59657
2006,ER_PTD_FRHWTR,Romania,,,,,13.59657
2007,ER_PTD_FRHWTR,Romania,,,,,51.86671
2008,ER_PTD_FRHWTR,Romania,,,,,53.36303
2018,ER_PTD_FRHWTR,Iceland,,,,,35.85212
2019,ER_PTD_FRHWTR,Iceland,,,,,35.85212
2020,ER_PTD_FRHWTR,Iceland,,,,,35.85212
2021,ER_PTD_FRHWTR,Iceland,,,,,35.85212
2022,ER_PTD_FRHWTR,Iceland,,,,,35.85212
2000,ER_PTD_FRHWTR,India,,,,,2.59323
2001,ER_PTD_FRHWTR,India,,,,,2.59323
2002,ER_PTD_FRHWTR,India,,,,,2.59323
2003,ER_PTD_FRHWTR,India,,,,,2.59323
2004,ER_PTD_FRHWTR,India,,,,,2.59323
2005,ER_PTD_FRHWTR,India,,,,,2.59323
2006,ER_PTD_FRHWTR,India,,,,,2.59323
2014,ER_PTD_FRHWTR,Cyprus,,,,,36.57262
2015,ER_PTD_FRHWTR,Cyprus,,,,,36.57262
2016,ER_PTD_FRHWTR,Cyprus,,,,,36.57262
2017,ER_PTD_FRHWTR,Cyprus,,,,,36.57262
2018,ER_PTD_FRHWTR,Cyprus,,,,,36.57262
2019,ER_PTD_FRHWTR,Cyprus,,,,,36.57262
2020,ER_PTD_FRHWTR,Cyprus,,,,,36.57262
2021,ER_PTD_FRHWTR,Cyprus,,,,,36.57262
2022,ER_PTD_FRHWTR,Cyprus,,,,,36.57262
2000,ER_PTD_FRHWTR,Czechia,,,,,51.18674
2001,ER_PTD_FRHWTR,Czechia,,,,,51.18674
2002,ER_PTD_FRHWTR,Czechia,,,,,51.22345
2007,ER_PTD_FRHWTR,India,,,,,2.59323
2008,ER_PTD_FRHWTR,India,,,,,2.59323
2009,ER_PTD_FRHWTR,India,,,,,2.59323
2010,ER_PTD_FRHWTR,India,,,,,2.59323
2011,ER_PTD_FRHWTR,India,,,,,2.59323
2012,ER_PTD_FRHWTR,India,,,,,7.87113
2009,ER_PTD_FRHWTR,Romania,,,,,57.23964
2010,ER_PTD_FRHWTR,Romania,,,,,57.23964
2011,ER_PTD_FRHWTR,Romania,,,,,59.69177
2012,ER_PTD_FRHWTR,Romania,,,,,59.69177
2013,ER_PTD_FRHWTR,Romania,,,,,60.757
2014,ER_PTD_FRHWTR,Romania,,,,,60.757
2013,ER_PTD_FRHWTR,India,,,,,7.87113
2014,ER_PTD_FRHWTR,India,,,,,7.87113
2015,ER_PTD_FRHWTR,India,,,,,7.87113
2016,ER_PTD_FRHWTR,India,,,,,8.2807
2017,ER_PTD_FRHWTR,India,,,,,8.2807
2018,ER_PTD_FRHWTR,India,,,,,8.2807
2019,ER_PTD_FRHWTR,India,,,,,8.2807
2020,ER_PTD_FRHWTR,India,,,,,8.2807
2021,ER_PTD_FRHWTR,India,,,,,8.2807
2022,ER_PTD_FRHWTR,India,,,,,8.2807
2000,ER_PTD_FRHWTR,Ireland,,,,,74.14864
2001,ER_PTD_FRHWTR,Ireland,,,,,74.14864
2002,ER_PTD_FRHWTR,Ireland,,,,,74.14864
2003,ER_PTD_FRHWTR,Ireland,,,,,77.44029
2004,ER_PTD_FRHWTR,Ireland,,,,,77.44029
2005,ER_PTD_FRHWTR,Ireland,,,,,80.85006
2006,ER_PTD_FRHWTR,Ireland,,,,,80.85006
2007,ER_PTD_FRHWTR,Ireland,,,,,93.10504
2015,ER_PTD_FRHWTR,Romania,,,,,60.757
2016,ER_PTD_FRHWTR,Romania,,,,,60.76765
2017,ER_PTD_FRHWTR,Romania,,,,,60.76765
2018,ER_PTD_FRHWTR,Romania,,,,,60.77522
2019,ER_PTD_FRHWTR,Romania,,,,,60.77522
2020,ER_PTD_FRHWTR,Romania,,,,,60.77522
2008,ER_PTD_FRHWTR,Ireland,,,,,93.10504
2009,ER_PTD_FRHWTR,Ireland,,,,,93.10504
2010,ER_PTD_FRHWTR,Ireland,,,,,96.76024
2011,ER_PTD_FRHWTR,Ireland,,,,,96.76024
2012,ER_PTD_FRHWTR,Ireland,,,,,96.76024
2013,ER_PTD_FRHWTR,Ireland,,,,,96.76024
2014,ER_PTD_FRHWTR,Ireland,,,,,96.76024
2015,ER_PTD_FRHWTR,Ireland,,,,,96.76024
2016,ER_PTD_FRHWTR,Ireland,,,,,96.76024
2017,ER_PTD_FRHWTR,Ireland,,,,,96.76024
2018,ER_PTD_FRHWTR,Ireland,,,,,98.68597
2019,ER_PTD_FRHWTR,Ireland,,,,,98.68597
2020,ER_PTD_FRHWTR,Ireland,,,,,98.68597
2021,ER_PTD_FRHWTR,Ireland,,,,,98.68597
2022,ER_PTD_FRHWTR,Ireland,,,,,98.68597
2000,ER_PTD_FRHWTR,Israel,,,,,11.13285
2001,ER_PTD_FRHWTR,Israel,,,,,11.13285
2002,ER_PTD_FRHWTR,Israel,,,,,11.13594
2003,ER_PTD_FRHWTR,Czechia,,,,,51.22345
2004,ER_PTD_FRHWTR,Czechia,,,,,72.37217
2005,ER_PTD_FRHWTR,Czechia,,,,,72.49183
2006,ER_PTD_FRHWTR,Czechia,,,,,72.62297
2007,ER_PTD_FRHWTR,Czechia,,,,,72.62297
2008,ER_PTD_FRHWTR,Czechia,,,,,76.28785
2003,ER_PTD_FRHWTR,Israel,,,,,19.40989
2004,ER_PTD_FRHWTR,Israel,,,,,19.41615
2005,ER_PTD_FRHWTR,Israel,,,,,19.60947
2006,ER_PTD_FRHWTR,Israel,,,,,19.61136
2007,ER_PTD_FRHWTR,Israel,,,,,20.84617
2008,ER_PTD_FRHWTR,Israel,,,,,20.89293
2009,ER_PTD_FRHWTR,Czechia,,,,,90.23436
2010,ER_PTD_FRHWTR,Czechia,,,,,90.23436
2011,ER_PTD_FRHWTR,Czechia,,,,,90.23436
2012,ER_PTD_FRHWTR,Czechia,,,,,90.2344
2013,ER_PTD_FRHWTR,Czechia,,,,,90.251
2014,ER_PTD_FRHWTR,Czechia,,,,,90.25106
2009,ER_PTD_FRHWTR,Israel,,,,,22.34271
2010,ER_PTD_FRHWTR,Israel,,,,,22.34271
2011,ER_PTD_FRHWTR,Israel,,,,,22.34427
2012,ER_PTD_FRHWTR,Israel,,,,,22.34427
2013,ER_PTD_FRHWTR,Israel,,,,,22.34427
2014,ER_PTD_FRHWTR,Israel,,,,,22.34427
2015,ER_PTD_FRHWTR,Israel,,,,,22.34427
2016,ER_PTD_FRHWTR,Israel,,,,,22.5263
2017,ER_PTD_FRHWTR,Israel,,,,,22.62439
2018,ER_PTD_FRHWTR,Israel,,,,,22.68652
2019,ER_PTD_FRHWTR,Israel,,,,,22.73334
2020,ER_PTD_FRHWTR,Israel,,,,,22.73334
2021,ER_PTD_FRHWTR,Israel,,,,,22.73334
2022,ER_PTD_FRHWTR,Israel,,,,,22.73334
2000,ER_PTD_FRHWTR,Italy,,,,,49.41885
2001,ER_PTD_FRHWTR,Italy,,,,,49.42499
2002,ER_PTD_FRHWTR,Italy,,,,,51.52294
2003,ER_PTD_FRHWTR,Italy,,,,,56.71699
2004,ER_PTD_FRHWTR,Italy,,,,,65.33889
2005,ER_PTD_FRHWTR,Italy,,,,,75.3128
2006,ER_PTD_FRHWTR,Italy,,,,,83.6491
2007,ER_PTD_FRHWTR,Italy,,,,,83.65621
2008,ER_PTD_FRHWTR,Italy,,,,,83.65621
2009,ER_PTD_FRHWTR,Italy,,,,,83.65621
2015,ER_PTD_FRHWTR,Czechia,,,,,90.25719
2016,ER_PTD_FRHWTR,Czechia,,,,,90.25719
2017,ER_PTD_FRHWTR,Czechia,,,,,90.25726
2018,ER_PTD_FRHWTR,Czechia,,,,,92.11373
2019,ER_PTD_FRHWTR,Czechia,,,,,92.11373
2020,ER_PTD_FRHWTR,Czechia,,,,,92.11373
2010,ER_PTD_FRHWTR,Italy,,,,,83.65621
2011,ER_PTD_FRHWTR,Italy,,,,,83.65621
2012,ER_PTD_FRHWTR,Italy,,,,,83.65621
2013,ER_PTD_FRHWTR,Italy,,,,,83.65621
2014,ER_PTD_FRHWTR,Italy,,,,,83.83715
2015,ER_PTD_FRHWTR,Italy,,,,,83.83792
2016,ER_PTD_FRHWTR,Italy,,,,,84.54814
2017,ER_PTD_FRHWTR,Italy,,,,,85.27671
2018,ER_PTD_FRHWTR,Italy,,,,,85.28184
2019,ER_PTD_FRHWTR,Italy,,,,,85.44784
2020,ER_PTD_FRHWTR,Italy,,,,,85.44784
2021,ER_PTD_FRHWTR,Italy,,,,,85.44784
2021,ER_PTD_FRHWTR,Romania,,,,,60.77522
2022,ER_PTD_FRHWTR,Romania,,,,,60.77522
2000,ER_PTD_FRHWTR,Serbia,,,,,14.70828
2001,ER_PTD_FRHWTR,Serbia,,,,,15.0914
2002,ER_PTD_FRHWTR,Serbia,,,,,15.0914
2003,ER_PTD_FRHWTR,Serbia,,,,,15.0914
2021,ER_PTD_FRHWTR,Czechia,,,,,92.11373
2022,ER_PTD_FRHWTR,Czechia,,,,,92.11373
2000,ER_PTD_FRHWTR,Denmark,,,,,99.47953
2001,ER_PTD_FRHWTR,Denmark,,,,,99.47953
2002,ER_PTD_FRHWTR,Denmark,,,,,99.47953
2003,ER_PTD_FRHWTR,Denmark,,,,,99.47953
2022,ER_PTD_FRHWTR,Italy,,,,,85.44784
2000,ER_PTD_FRHWTR,Japan,,,,,40.23847
2001,ER_PTD_FRHWTR,Japan,,,,,40.23847
2002,ER_PTD_FRHWTR,Japan,,,,,40.24238
2003,ER_PTD_FRHWTR,Japan,,,,,40.24458
2004,ER_PTD_FRHWTR,Japan,,,,,40.24686
2004,ER_PTD_FRHWTR,Denmark,,,,,99.47953
2005,ER_PTD_FRHWTR,Denmark,,,,,99.47953
2006,ER_PTD_FRHWTR,Denmark,,,,,99.47953
2007,ER_PTD_FRHWTR,Denmark,,,,,99.47953
2008,ER_PTD_FRHWTR,Denmark,,,,,99.47953
2009,ER_PTD_FRHWTR,Denmark,,,,,99.47953
2004,ER_PTD_FRHWTR,Serbia,,,,,15.0914
2005,ER_PTD_FRHWTR,Serbia,,,,,16.24563
2006,ER_PTD_FRHWTR,Serbia,,,,,16.88497
2007,ER_PTD_FRHWTR,Serbia,,,,,16.88497
2008,ER_PTD_FRHWTR,Serbia,,,,,17.0731
2009,ER_PTD_FRHWTR,Serbia,,,,,17.0731
2005,ER_PTD_FRHWTR,Japan,,,,,44.01736
2006,ER_PTD_FRHWTR,Japan,,,,,44.80946
2007,ER_PTD_FRHWTR,Japan,,,,,44.81023
2008,ER_PTD_FRHWTR,Japan,,,,,45.23706
2009,ER_PTD_FRHWTR,Japan,,,,,45.38678
2010,ER_PTD_FRHWTR,Japan,,,,,46.73186
2011,ER_PTD_FRHWTR,Japan,,,,,47.0254
2012,ER_PTD_FRHWTR,Japan,,,,,52.40642
2013,ER_PTD_FRHWTR,Japan,,,,,58.33119
2014,ER_PTD_FRHWTR,Japan,,,,,58.79662
2015,ER_PTD_FRHWTR,Japan,,,,,59.01574
2016,ER_PTD_FRHWTR,Japan,,,,,59.75924
2010,ER_PTD_FRHWTR,Denmark,,,,,99.47953
2011,ER_PTD_FRHWTR,Denmark,,,,,99.47953
2012,ER_PTD_FRHWTR,Denmark,,,,,99.47953
2013,ER_PTD_FRHWTR,Denmark,,,,,99.47953
2014,ER_PTD_FRHWTR,Denmark,,,,,99.47953
2015,ER_PTD_FRHWTR,Denmark,,,,,99.47953
2016,ER_PTD_FRHWTR,Denmark,,,,,99.47953
2017,ER_PTD_FRHWTR,Denmark,,,,,99.47953
2018,ER_PTD_FRHWTR,Denmark,,,,,99.47953
2019,ER_PTD_FRHWTR,Denmark,,,,,99.47953
2020,ER_PTD_FRHWTR,Denmark,,,,,99.47953
2021,ER_PTD_FRHWTR,Denmark,,,,,99.47953
2017,ER_PTD_FRHWTR,Japan,,,,,60.39487
2018,ER_PTD_FRHWTR,Japan,,,,,62.34825
2019,ER_PTD_FRHWTR,Japan,,,,,62.35442
2020,ER_PTD_FRHWTR,Japan,,,,,62.35442
2021,ER_PTD_FRHWTR,Japan,,,,,63.48966
2022,ER_PTD_FRHWTR,Japan,,,,,63.48966
2000,ER_PTD_FRHWTR,Kazakhstan,,,,,8.3588
2001,ER_PTD_FRHWTR,Kazakhstan,,,,,15.30371
2002,ER_PTD_FRHWTR,Kazakhstan,,,,,15.30371
2003,ER_PTD_FRHWTR,Kazakhstan,,,,,16.47903
2004,ER_PTD_FRHWTR,Kazakhstan,,,,,16.47903
2005,ER_PTD_FRHWTR,Kazakhstan,,,,,18.24111
2006,ER_PTD_FRHWTR,Kazakhstan,,,,,18.24111
2007,ER_PTD_FRHWTR,Kazakhstan,,,,,18.27042
2008,ER_PTD_FRHWTR,Kazakhstan,,,,,19.2583
2009,ER_PTD_FRHWTR,Kazakhstan,,,,,19.70587
2010,ER_PTD_FRHWTR,Kazakhstan,,,,,19.70587
2011,ER_PTD_FRHWTR,Kazakhstan,,,,,19.70587
2022,ER_PTD_FRHWTR,Denmark,,,,,99.47953
2000,ER_PTD_FRHWTR,Estonia,,,,,14.67701
2001,ER_PTD_FRHWTR,Estonia,,,,,14.83234
2002,ER_PTD_FRHWTR,Estonia,,,,,14.83234
2003,ER_PTD_FRHWTR,Estonia,,,,,15.27555
2004,ER_PTD_FRHWTR,Estonia,,,,,92.69329
2012,ER_PTD_FRHWTR,Kazakhstan,,,,,20.47097
2013,ER_PTD_FRHWTR,Kazakhstan,,,,,20.47097
2014,ER_PTD_FRHWTR,Kazakhstan,,,,,20.47097
2015,ER_PTD_FRHWTR,Kazakhstan,,,,,20.47097
2016,ER_PTD_FRHWTR,Kazakhstan,,,,,20.47237
2017,ER_PTD_FRHWTR,Kazakhstan,,,,,20.47237
2005,ER_PTD_FRHWTR,Estonia,,,,,92.69523
2006,ER_PTD_FRHWTR,Estonia,,,,,92.69656
2007,ER_PTD_FRHWTR,Estonia,,,,,92.69666
2008,ER_PTD_FRHWTR,Estonia,,,,,92.69734
2009,ER_PTD_FRHWTR,Estonia,,,,,92.69761
2010,ER_PTD_FRHWTR,Estonia,,,,,92.69761
2011,ER_PTD_FRHWTR,Estonia,,,,,92.70951
2012,ER_PTD_FRHWTR,Estonia,,,,,92.70951
2013,ER_PTD_FRHWTR,Estonia,,,,,92.70951
2014,ER_PTD_FRHWTR,Estonia,,,,,92.88444
2015,ER_PTD_FRHWTR,Estonia,,,,,92.88444
2016,ER_PTD_FRHWTR,Estonia,,,,,92.88469
2018,ER_PTD_FRHWTR,Kazakhstan,,,,,20.47237
2019,ER_PTD_FRHWTR,Kazakhstan,,,,,20.47237
2020,ER_PTD_FRHWTR,Kazakhstan,,,,,20.47237
2021,ER_PTD_FRHWTR,Kazakhstan,,,,,20.47237
2022,ER_PTD_FRHWTR,Kazakhstan,,,,,20.47237
2000,ER_PTD_FRHWTR,Republic of Korea,,,,,29.7046
2017,ER_PTD_FRHWTR,Estonia,,,,,92.88469
2018,ER_PTD_FRHWTR,Estonia,,,,,92.89198
2019,ER_PTD_FRHWTR,Estonia,,,,,92.89448
2020,ER_PTD_FRHWTR,Estonia,,,,,92.90188
2021,ER_PTD_FRHWTR,Estonia,,,,,92.90188
2022,ER_PTD_FRHWTR,Estonia,,,,,92.90188
2010,ER_PTD_FRHWTR,Serbia,,,,,17.0731
2011,ER_PTD_FRHWTR,Serbia,,,,,17.0731
2012,ER_PTD_FRHWTR,Serbia,,,,,17.07367
2013,ER_PTD_FRHWTR,Serbia,,,,,19.21931
2014,ER_PTD_FRHWTR,Serbia,,,,,19.60425
2015,ER_PTD_FRHWTR,Serbia,,,,,20.0479
2001,ER_PTD_FRHWTR,Tajikistan,,,,,27.87407
2002,ER_PTD_FRHWTR,Tajikistan,,,,,27.87407
2003,ER_PTD_FRHWTR,Tajikistan,,,,,27.87407
2004,ER_PTD_FRHWTR,Tajikistan,,,,,27.87407
2005,ER_PTD_FRHWTR,Tajikistan,,,,,27.87407
2006,ER_PTD_FRHWTR,Tajikistan,,,,,27.87407
2007,ER_PTD_FRHWTR,Tajikistan,,,,,27.87407
2008,ER_PTD_FRHWTR,Tajikistan,,,,,27.87407
2009,ER_PTD_FRHWTR,Tajikistan,,,,,27.87407
2010,ER_PTD_FRHWTR,Tajikistan,,,,,27.87407
2011,ER_PTD_FRHWTR,Tajikistan,,,,,27.87407
2012,ER_PTD_FRHWTR,Tajikistan,,,,,27.87407
2016,ER_PTD_FRHWTR,Serbia,,,,,20.16127
2017,ER_PTD_FRHWTR,Serbia,,,,,20.16127
2018,ER_PTD_FRHWTR,Serbia,,,,,23.26198
2019,ER_PTD_FRHWTR,Serbia,,,,,24.78014
2020,ER_PTD_FRHWTR,Serbia,,,,,24.78014
2021,ER_PTD_FRHWTR,Serbia,,,,,24.78014
2001,ER_PTD_FRHWTR,Republic of Korea,,,,,29.7046
2002,ER_PTD_FRHWTR,Republic of Korea,,,,,29.7046
2003,ER_PTD_FRHWTR,Republic of Korea,,,,,29.7046
2004,ER_PTD_FRHWTR,Republic of Korea,,,,,29.71949
2005,ER_PTD_FRHWTR,Republic of Korea,,,,,29.71949
2006,ER_PTD_FRHWTR,Republic of Korea,,,,,29.72495
2013,ER_PTD_FRHWTR,Tajikistan,,,,,30.47497
2014,ER_PTD_FRHWTR,Tajikistan,,,,,30.47497
2015,ER_PTD_FRHWTR,Tajikistan,,,,,30.47497
2016,ER_PTD_FRHWTR,Tajikistan,,,,,30.47497
2017,ER_PTD_FRHWTR,Tajikistan,,,,,30.47497
2018,ER_PTD_FRHWTR,Tajikistan,,,,,30.47497
2019,ER_PTD_FRHWTR,Tajikistan,,,,,30.47497
2020,ER_PTD_FRHWTR,Tajikistan,,,,,30.47497
2021,ER_PTD_FRHWTR,Tajikistan,,,,,30.47497
2022,ER_PTD_FRHWTR,Tajikistan,,,,,30.47497
2007,ER_PTD_FRHWTR,Republic of Korea,,,,,29.72532
2008,ER_PTD_FRHWTR,Republic of Korea,,,,,36.77975
2009,ER_PTD_FRHWTR,Republic of Korea,,,,,36.77975
2010,ER_PTD_FRHWTR,Republic of Korea,,,,,36.77975
2011,ER_PTD_FRHWTR,Republic of Korea,,,,,36.77975
2012,ER_PTD_FRHWTR,Republic of Korea,,,,,36.77975
2013,ER_PTD_FRHWTR,Republic of Korea,,,,,36.78704
2014,ER_PTD_FRHWTR,Republic of Korea,,,,,36.78704
2015,ER_PTD_FRHWTR,Republic of Korea,,,,,36.78704
2016,ER_PTD_FRHWTR,Republic of Korea,,,,,36.78704
2017,ER_PTD_FRHWTR,Republic of Korea,,,,,36.78704
2018,ER_PTD_FRHWTR,Republic of Korea,,,,,36.7956
2000,ER_PTD_FRHWTR,Türkiye,,,,,4.00991
2001,ER_PTD_FRHWTR,Türkiye,,,,,4.00991
2002,ER_PTD_FRHWTR,Türkiye,,,,,4.00991
2003,ER_PTD_FRHWTR,Türkiye,,,,,4.00991
2004,ER_PTD_FRHWTR,Türkiye,,,,,4.00991
2005,ER_PTD_FRHWTR,Türkiye,,,,,4.02693
2006,ER_PTD_FRHWTR,Türkiye,,,,,4.02693
2007,ER_PTD_FRHWTR,Türkiye,,,,,4.02693
2008,ER_PTD_FRHWTR,Türkiye,,,,,4.02693
2022,ER_PTD_FRHWTR,Serbia,,,,,24.78014
2000,ER_PTD_FRHWTR,Slovakia,,,,,49.07701
2001,ER_PTD_FRHWTR,Slovakia,,,,,49.07701
2002,ER_PTD_FRHWTR,Slovakia,,,,,49.07701
2003,ER_PTD_FRHWTR,Slovakia,,,,,60.81977
2004,ER_PTD_FRHWTR,Slovakia,,,,,85.59163
2009,ER_PTD_FRHWTR,Türkiye,,,,,4.02693
2010,ER_PTD_FRHWTR,Türkiye,,,,,4.02693
2011,ER_PTD_FRHWTR,Türkiye,,,,,4.02693
2012,ER_PTD_FRHWTR,Türkiye,,,,,4.02693
2013,ER_PTD_FRHWTR,Türkiye,,,,,4.16741
2014,ER_PTD_FRHWTR,Türkiye,,,,,4.16741
2019,ER_PTD_FRHWTR,Republic of Korea,,,,,36.82722
2020,ER_PTD_FRHWTR,Republic of Korea,,,,,36.82722
2021,ER_PTD_FRHWTR,Republic of Korea,,,,,36.82722
2022,ER_PTD_FRHWTR,Republic of Korea,,,,,36.82722
2000,ER_PTD_FRHWTR,Kyrgyzstan,,,,,35.40327
2001,ER_PTD_FRHWTR,Kyrgyzstan,,,,,35.40327
2015,ER_PTD_FRHWTR,Türkiye,,,,,4.16741
2016,ER_PTD_FRHWTR,Türkiye,,,,,4.16741
2017,ER_PTD_FRHWTR,Türkiye,,,,,4.16741
2018,ER_PTD_FRHWTR,Türkiye,,,,,4.16741
2019,ER_PTD_FRHWTR,Türkiye,,,,,4.16741
2020,ER_PTD_FRHWTR,Türkiye,,,,,4.16741
2021,ER_PTD_FRHWTR,Türkiye,,,,,4.16741
2022,ER_PTD_FRHWTR,Türkiye,,,,,4.16741
2000,ER_PTD_FRHWTR,Turkmenistan,,,,,12.74696
2001,ER_PTD_FRHWTR,Turkmenistan,,,,,12.74696
2002,ER_PTD_FRHWTR,Turkmenistan,,,,,12.74696
2003,ER_PTD_FRHWTR,Turkmenistan,,,,,12.74696
2002,ER_PTD_FRHWTR,Kyrgyzstan,,,,,35.40327
2003,ER_PTD_FRHWTR,Kyrgyzstan,,,,,35.40327
2004,ER_PTD_FRHWTR,Kyrgyzstan,,,,,35.40327
2005,ER_PTD_FRHWTR,Kyrgyzstan,,,,,35.40327
2006,ER_PTD_FRHWTR,Kyrgyzstan,,,,,35.40327
2007,ER_PTD_FRHWTR,Kyrgyzstan,,,,,35.40327
2004,ER_PTD_FRHWTR,Turkmenistan,,,,,12.74696
2005,ER_PTD_FRHWTR,Turkmenistan,,,,,12.74696
2006,ER_PTD_FRHWTR,Turkmenistan,,,,,12.74696
2007,ER_PTD_FRHWTR,Turkmenistan,,,,,12.74696
2008,ER_PTD_FRHWTR,Turkmenistan,,,,,12.74696
2009,ER_PTD_FRHWTR,Turkmenistan,,,,,12.74696
2008,ER_PTD_FRHWTR,Kyrgyzstan,,,,,35.40327
2009,ER_PTD_FRHWTR,Kyrgyzstan,,,,,35.40327
2010,ER_PTD_FRHWTR,Kyrgyzstan,,,,,35.40327
2011,ER_PTD_FRHWTR,Kyrgyzstan,,,,,35.40327
2012,ER_PTD_FRHWTR,Kyrgyzstan,,,,,35.40327
2013,ER_PTD_FRHWTR,Kyrgyzstan,,,,,35.40327
2010,ER_PTD_FRHWTR,Turkmenistan,,,,,12.74696
2011,ER_PTD_FRHWTR,Turkmenistan,,,,,12.74696
2012,ER_PTD_FRHWTR,Turkmenistan,,,,,12.74696
2013,ER_PTD_FRHWTR,Turkmenistan,,,,,12.74696
2014,ER_PTD_FRHWTR,Turkmenistan,,,,,12.74696
2015,ER_PTD_FRHWTR,Turkmenistan,,,,,12.74696
2005,ER_PTD_FRHWTR,Slovakia,,,,,85.79336
2006,ER_PTD_FRHWTR,Slovakia,,,,,85.79336
2007,ER_PTD_FRHWTR,Slovakia,,,,,85.79336
2008,ER_PTD_FRHWTR,Slovakia,,,,,85.79336
2009,ER_PTD_FRHWTR,Slovakia,,,,,86.18492
2010,ER_PTD_FRHWTR,Slovakia,,,,,86.27116
2016,ER_PTD_FRHWTR,Turkmenistan,,,,,12.74696
2017,ER_PTD_FRHWTR,Turkmenistan,,,,,12.74696
2018,ER_PTD_FRHWTR,Turkmenistan,,,,,12.74696
2019,ER_PTD_FRHWTR,Turkmenistan,,,,,12.74696
2020,ER_PTD_FRHWTR,Turkmenistan,,,,,12.74696
2021,ER_PTD_FRHWTR,Turkmenistan,,,,,12.74696
2014,ER_PTD_FRHWTR,Kyrgyzstan,,,,,35.40327
2015,ER_PTD_FRHWTR,Kyrgyzstan,,,,,35.40327
2016,ER_PTD_FRHWTR,Kyrgyzstan,,,,,35.40327
2017,ER_PTD_FRHWTR,Kyrgyzstan,,,,,35.40327
2018,ER_PTD_FRHWTR,Kyrgyzstan,,,,,35.40327
2019,ER_PTD_FRHWTR,Kyrgyzstan,,,,,35.40327
2022,ER_PTD_FRHWTR,Turkmenistan,,,,,12.74696
2000,ER_PTD_FRHWTR,Ukraine,,,,,53.07939
2001,ER_PTD_FRHWTR,Ukraine,,,,,53.07939
2002,ER_PTD_FRHWTR,Ukraine,,,,,53.07939
2003,ER_PTD_FRHWTR,Ukraine,,,,,53.07939
2004,ER_PTD_FRHWTR,Ukraine,,,,,53.51145
2011,ER_PTD_FRHWTR,Slovakia,,,,,86.27122
2012,ER_PTD_FRHWTR,Slovakia,,,,,86.27122
2013,ER_PTD_FRHWTR,Slovakia,,,,,86.27122
2014,ER_PTD_FRHWTR,Slovakia,,,,,86.27122
2015,ER_PTD_FRHWTR,Slovakia,,,,,86.27122
2016,ER_PTD_FRHWTR,Slovakia,,,,,86.27122
2005,ER_PTD_FRHWTR,Ukraine,,,,,53.51145
2006,ER_PTD_FRHWTR,Ukraine,,,,,53.51145
2007,ER_PTD_FRHWTR,Ukraine,,,,,53.51145
2008,ER_PTD_FRHWTR,Ukraine,,,,,53.51145
2009,ER_PTD_FRHWTR,Ukraine,,,,,53.51145
2010,ER_PTD_FRHWTR,Ukraine,,,,,53.51145
2011,ER_PTD_FRHWTR,Ukraine,,,,,53.51145
2012,ER_PTD_FRHWTR,Ukraine,,,,,54.43115
2013,ER_PTD_FRHWTR,Ukraine,,,,,55.53136
2014,ER_PTD_FRHWTR,Ukraine,,,,,55.53136
2015,ER_PTD_FRHWTR,Ukraine,,,,,55.53136
2016,ER_PTD_FRHWTR,Ukraine,,,,,57.2678
2017,ER_PTD_FRHWTR,Ukraine,,,,,57.2678
2018,ER_PTD_FRHWTR,Ukraine,,,,,57.2678
2019,ER_PTD_FRHWTR,Ukraine,,,,,57.2678
2020,ER_PTD_FRHWTR,Ukraine,,,,,57.2678
2021,ER_PTD_FRHWTR,Ukraine,,,,,57.2678
2022,ER_PTD_FRHWTR,Ukraine,,,,,57.2678
2017,ER_PTD_FRHWTR,Slovakia,,,,,86.27122
2018,ER_PTD_FRHWTR,Slovakia,,,,,86.27122
2019,ER_PTD_FRHWTR,Slovakia,,,,,86.27122
2020,ER_PTD_FRHWTR,Slovakia,,,,,86.27122
2021,ER_PTD_FRHWTR,Slovakia,,,,,86.27122
2022,ER_PTD_FRHWTR,Slovakia,,,,,86.27122
2000,ER_PTD_FRHWTR,North Macedonia,,,,,93.53878
2001,ER_PTD_FRHWTR,North Macedonia,,,,,93.53878
2002,ER_PTD_FRHWTR,North Macedonia,,,,,93.53878
2003,ER_PTD_FRHWTR,North Macedonia,,,,,93.53878
2004,ER_PTD_FRHWTR,North Macedonia,,,,,93.53878
2005,ER_PTD_FRHWTR,North Macedonia,,,,,93.53878
2012,ER_PTD_FRHWTR,Latvia,,,,,97.43761
2013,ER_PTD_FRHWTR,Latvia,,,,,97.43761
2014,ER_PTD_FRHWTR,Latvia,,,,,97.43761
2015,ER_PTD_FRHWTR,Latvia,,,,,97.43761
2016,ER_PTD_FRHWTR,Latvia,,,,,97.43761
2017,ER_PTD_FRHWTR,Latvia,,,,,97.43761
2000,ER_PTD_FRHWTR,Viet Nam,,,,,8.78523
2001,ER_PTD_FRHWTR,Viet Nam,,,,,14.0114
2002,ER_PTD_FRHWTR,Viet Nam,,,,,29.53037
2003,ER_PTD_FRHWTR,Viet Nam,,,,,29.53037
2004,ER_PTD_FRHWTR,Viet Nam,,,,,29.53546
2005,ER_PTD_FRHWTR,Viet Nam,,,,,29.53546
2006,ER_PTD_FRHWTR,North Macedonia,,,,,93.53878
2007,ER_PTD_FRHWTR,North Macedonia,,,,,93.63795
2008,ER_PTD_FRHWTR,North Macedonia,,,,,93.63795
2009,ER_PTD_FRHWTR,North Macedonia,,,,,93.63795
2010,ER_PTD_FRHWTR,North Macedonia,,,,,93.63795
2011,ER_PTD_FRHWTR,North Macedonia,,,,,93.63795
2006,ER_PTD_FRHWTR,Viet Nam,,,,,29.53546
2007,ER_PTD_FRHWTR,Viet Nam,,,,,30.23448
2008,ER_PTD_FRHWTR,Viet Nam,,,,,30.23448
2009,ER_PTD_FRHWTR,Viet Nam,,,,,30.23448
2010,ER_PTD_FRHWTR,Viet Nam,,,,,30.23448
2011,ER_PTD_FRHWTR,Viet Nam,,,,,33.54233
2012,ER_PTD_FRHWTR,North Macedonia,,,,,93.63795
2013,ER_PTD_FRHWTR,North Macedonia,,,,,93.63795
2014,ER_PTD_FRHWTR,North Macedonia,,,,,93.63795
2015,ER_PTD_FRHWTR,North Macedonia,,,,,93.63795
2016,ER_PTD_FRHWTR,North Macedonia,,,,,93.63795
2017,ER_PTD_FRHWTR,North Macedonia,,,,,93.63795
2012,ER_PTD_FRHWTR,Viet Nam,,,,,34.23752
2013,ER_PTD_FRHWTR,Viet Nam,,,,,34.23752
2014,ER_PTD_FRHWTR,Viet Nam,,,,,38.6234
2015,ER_PTD_FRHWTR,Viet Nam,,,,,39.49829
2016,ER_PTD_FRHWTR,Viet Nam,,,,,39.49829
2017,ER_PTD_FRHWTR,Viet Nam,,,,,39.49829
2018,ER_PTD_FRHWTR,North Macedonia,,,,,93.63795
2019,ER_PTD_FRHWTR,North Macedonia,,,,,93.63795
2020,ER_PTD_FRHWTR,North Macedonia,,,,,93.63795
2021,ER_PTD_FRHWTR,North Macedonia,,,,,93.63795
2022,ER_PTD_FRHWTR,North Macedonia,,,,,93.63795
2000,ER_PTD_FRHWTR,United Kingdom of Great Britain and Northern Ireland,,,,,87.9963
2001,ER_PTD_FRHWTR,United Kingdom of Great Britain and Northern Ireland,,,,,87.9963
2002,ER_PTD_FRHWTR,United Kingdom of Great Britain and Northern Ireland,,,,,87.9963
2003,ER_PTD_FRHWTR,United Kingdom of Great Britain and Northern Ireland,,,,,87.9963
2004,ER_PTD_FRHWTR,United Kingdom of Great Britain and Northern Ireland,,,,,87.9963
2005,ER_PTD_FRHWTR,United Kingdom of Great Britain and Northern Ireland,,,,,89.71646
2018,ER_PTD_FRHWTR,Viet Nam,,,,,39.49829
2019,ER_PTD_FRHWTR,Viet Nam,,,,,39.49829
2020,ER_PTD_FRHWTR,Viet Nam,,,,,39.49829
2021,ER_PTD_FRHWTR,Viet Nam,,,,,39.49829
2022,ER_PTD_FRHWTR,Viet Nam,,,,,39.49829
2000,ER_PTD_FRHWTR,Slovenia,,,,,10.47213
2001,ER_PTD_FRHWTR,Slovenia,,,,,10.47213
2002,ER_PTD_FRHWTR,Slovenia,,,,,27.32573
2003,ER_PTD_FRHWTR,Slovenia,,,,,27.32573
2004,ER_PTD_FRHWTR,Slovenia,,,,,83.64026
2005,ER_PTD_FRHWTR,Slovenia,,,,,83.64026
2006,ER_PTD_FRHWTR,Slovenia,,,,,83.64187
2018,ER_PTD_FRHWTR,Latvia,,,,,97.43761
2019,ER_PTD_FRHWTR,Latvia,,,,,97.43761
2020,ER_PTD_FRHWTR,Latvia,,,,,97.43761
2021,ER_PTD_FRHWTR,Latvia,,,,,97.43761
2022,ER_PTD_FRHWTR,Latvia,,,,,97.43761
2007,ER_PTD_FRHWTR,Slovenia,,,,,83.64187
2008,ER_PTD_FRHWTR,Slovenia,,,,,84.07337
2009,ER_PTD_FRHWTR,Slovenia,,,,,84.07337
2010,ER_PTD_FRHWTR,Slovenia,,,,,84.07337
2011,ER_PTD_FRHWTR,Slovenia,,,,,84.07337
2012,ER_PTD_FRHWTR,Slovenia,,,,,84.09537
2013,ER_PTD_FRHWTR,Slovenia,,,,,84.10447
2014,ER_PTD_FRHWTR,Slovenia,,,,,84.10447
2015,ER_PTD_FRHWTR,Slovenia,,,,,84.10457
2016,ER_PTD_FRHWTR,Slovenia,,,,,84.10457
2017,ER_PTD_FRHWTR,Slovenia,,,,,84.10457
2018,ER_PTD_FRHWTR,Slovenia,,,,,84.10457
2006,ER_PTD_FRHWTR,United Kingdom of Great Britain and Northern Ireland,,,,,89.71646
2007,ER_PTD_FRHWTR,United Kingdom of Great Britain and Northern Ireland,,,,,89.81708
2008,ER_PTD_FRHWTR,United Kingdom of Great Britain and Northern Ireland,,,,,89.81708
2009,ER_PTD_FRHWTR,United Kingdom of Great Britain and Northern Ireland,,,,,89.81708
2010,ER_PTD_FRHWTR,United Kingdom of Great Britain and Northern Ireland,,,,,90.94033
2019,ER_PTD_FRHWTR,Slovenia,,,,,84.10457
2020,ER_PTD_FRHWTR,Slovenia,,,,,84.10457
2021,ER_PTD_FRHWTR,Slovenia,,,,,84.10457
2022,ER_PTD_FRHWTR,Slovenia,,,,,84.10457
2000,ER_PTD_FRHWTR,Spain,,,,,31.34298
2001,ER_PTD_FRHWTR,Spain,,,,,33.27563
2011,ER_PTD_FRHWTR,United Kingdom of Great Britain and Northern Ireland,,,,,90.94033
2012,ER_PTD_FRHWTR,United Kingdom of Great Britain and Northern Ireland,,,,,90.94033
2013,ER_PTD_FRHWTR,United Kingdom of Great Britain and Northern Ireland,,,,,90.94033
2014,ER_PTD_FRHWTR,United Kingdom of Great Britain and Northern Ireland,,,,,90.94033
2015,ER_PTD_FRHWTR,United Kingdom of Great Britain and Northern Ireland,,,,,90.94033
2016,ER_PTD_FRHWTR,United Kingdom of Great Britain and Northern Ireland,,,,,90.94033
2017,ER_PTD_FRHWTR,United Kingdom of Great Britain and Northern Ireland,,,,,90.94033
2018,ER_PTD_FRHWTR,United Kingdom of Great Britain and Northern Ireland,,,,,90.94033
2019,ER_PTD_FRHWTR,United Kingdom of Great Britain and Northern Ireland,,,,,90.94033
2020,ER_PTD_FRHWTR,United Kingdom of Great Britain and Northern Ireland,,,,,90.94033
2002,ER_PTD_FRHWTR,Spain,,,,,33.40684
2003,ER_PTD_FRHWTR,Spain,,,,,35.18583
2004,ER_PTD_FRHWTR,Spain,,,,,36.90725
2005,ER_PTD_FRHWTR,Spain,,,,,43.04358
2006,ER_PTD_FRHWTR,Spain,,,,,44.50604
2007,ER_PTD_FRHWTR,Spain,,,,,45.06128
2021,ER_PTD_FRHWTR,United Kingdom of Great Britain and Northern Ireland,,,,,90.94033
2022,ER_PTD_FRHWTR,United Kingdom of Great Britain and Northern Ireland,,,,,90.94033
2000,ER_PTD_FRHWTR,Uzbekistan,,,,,13.44146
2001,ER_PTD_FRHWTR,Uzbekistan,,,,,13.44146
2002,ER_PTD_FRHWTR,Uzbekistan,,,,,13.44146
2003,ER_PTD_FRHWTR,Uzbekistan,,,,,13.44146
2008,ER_PTD_FRHWTR,Spain,,,,,46.3739
2009,ER_PTD_FRHWTR,Spain,,,,,46.96355
2010,ER_PTD_FRHWTR,Spain,,,,,46.99376
2011,ER_PTD_FRHWTR,Spain,,,,,47.69639
2012,ER_PTD_FRHWTR,Spain,,,,,47.69801
2013,ER_PTD_FRHWTR,Spain,,,,,47.69801
2004,ER_PTD_FRHWTR,Uzbekistan,,,,,13.44146
2005,ER_PTD_FRHWTR,Uzbekistan,,,,,13.44146
2006,ER_PTD_FRHWTR,Uzbekistan,,,,,13.44146
2007,ER_PTD_FRHWTR,Uzbekistan,,,,,13.44146
2008,ER_PTD_FRHWTR,Uzbekistan,,,,,13.44146
2009,ER_PTD_FRHWTR,Uzbekistan,,,,,13.44146
2014,ER_PTD_FRHWTR,Spain,,,,,47.8802
2015,ER_PTD_FRHWTR,Spain,,,,,50.62149
2016,ER_PTD_FRHWTR,Spain,,,,,50.64876
2017,ER_PTD_FRHWTR,Spain,,,,,51.28775
2018,ER_PTD_FRHWTR,Spain,,,,,51.28775
2019,ER_PTD_FRHWTR,Spain,,,,,51.29108
2010,ER_PTD_FRHWTR,Uzbekistan,,,,,13.44146
2011,ER_PTD_FRHWTR,Uzbekistan,,,,,13.44146
2012,ER_PTD_FRHWTR,Uzbekistan,,,,,13.44146
2013,ER_PTD_FRHWTR,Uzbekistan,,,,,13.44146
2014,ER_PTD_FRHWTR,Uzbekistan,,,,,13.44146
2015,ER_PTD_FRHWTR,Uzbekistan,,,,,13.44146
2016,ER_PTD_FRHWTR,Uzbekistan,,,,,13.44146
2017,ER_PTD_FRHWTR,Uzbekistan,,,,,13.44146
2018,ER_PTD_FRHWTR,Uzbekistan,,,,,13.44146
2019,ER_PTD_FRHWTR,Uzbekistan,,,,,13.44146
2020,ER_PTD_FRHWTR,Uzbekistan,,,,,13.44146
2021,ER_PTD_FRHWTR,Uzbekistan,,,,,13.44146
2000,ER_PTD_FRHWTR,Lithuania,,,,,39.40536
2001,ER_PTD_FRHWTR,Lithuania,,,,,39.40536
2020,ER_PTD_FRHWTR,Spain,,,,,51.31842
2021,ER_PTD_FRHWTR,Spain,,,,,51.31842
2022,ER_PTD_FRHWTR,Spain,,,,,51.31842
2000,ER_PTD_FRHWTR,Sweden,,,,,55.85819
2001,ER_PTD_FRHWTR,Sweden,,,,,56.69111
2002,ER_PTD_FRHWTR,Sweden,,,,,56.72925
2003,ER_PTD_FRHWTR,Sweden,,,,,56.75243
2004,ER_PTD_FRHWTR,Sweden,,,,,57.92013
2005,ER_PTD_FRHWTR,Sweden,,,,,57.92198
2006,ER_PTD_FRHWTR,Sweden,,,,,58.02844
2007,ER_PTD_FRHWTR,Sweden,,,,,58.0314
2008,ER_PTD_FRHWTR,Sweden,,,,,58.09241
2002,ER_PTD_FRHWTR,Lithuania,,,,,44.05352
2003,ER_PTD_FRHWTR,Lithuania,,,,,44.05352
2004,ER_PTD_FRHWTR,Lithuania,,,,,80.16846
2005,ER_PTD_FRHWTR,Lithuania,,,,,95.16498
2006,ER_PTD_FRHWTR,Lithuania,,,,,95.16498
2007,ER_PTD_FRHWTR,Lithuania,,,,,95.16498
2009,ER_PTD_FRHWTR,Sweden,,,,,58.33553
2010,ER_PTD_FRHWTR,Sweden,,,,,58.35888
2011,ER_PTD_FRHWTR,Sweden,,,,,58.86041
2012,ER_PTD_FRHWTR,Sweden,,,,,58.86872
2013,ER_PTD_FRHWTR,Sweden,,,,,58.86896
2014,ER_PTD_FRHWTR,Sweden,,,,,58.87065
2008,ER_PTD_FRHWTR,Lithuania,,,,,95.16498
2009,ER_PTD_FRHWTR,Lithuania,,,,,95.16498
2010,ER_PTD_FRHWTR,Lithuania,,,,,95.16498
2011,ER_PTD_FRHWTR,Lithuania,,,,,95.16601
2012,ER_PTD_FRHWTR,Lithuania,,,,,95.16601
2013,ER_PTD_FRHWTR,Lithuania,,,,,95.16601
2015,ER_PTD_FRHWTR,Sweden,,,,,58.97686
2016,ER_PTD_FRHWTR,Sweden,,,,,59.0071
2017,ER_PTD_FRHWTR,Sweden,,,,,59.28626
2018,ER_PTD_FRHWTR,Sweden,,,,,59.38399
2019,ER_PTD_FRHWTR,Sweden,,,,,59.4129
2020,ER_PTD_FRHWTR,Sweden,,,,,59.41702
2014,ER_PTD_FRHWTR,Lithuania,,,,,95.16601
2015,ER_PTD_FRHWTR,Lithuania,,,,,95.16601
2016,ER_PTD_FRHWTR,Lithuania,,,,,95.16601
2017,ER_PTD_FRHWTR,Lithuania,,,,,95.16601
2018,ER_PTD_FRHWTR,Lithuania,,,,,95.16601
2019,ER_PTD_FRHWTR,Lithuania,,,,,95.16601
2020,ER_PTD_FRHWTR,Lithuania,,,,,95.16621
2021,ER_PTD_FRHWTR,Lithuania,,,,,95.16621
2022,ER_PTD_FRHWTR,Lithuania,,,,,95.16621
2000,ER_PTD_FRHWTR,Luxembourg,,,,,0.0
2001,ER_PTD_FRHWTR,Luxembourg,,,,,0.0
2002,ER_PTD_FRHWTR,Luxembourg,,,,,37.13124
2021,ER_PTD_FRHWTR,Sweden,,,,,59.41702
2022,ER_PTD_FRHWTR,Sweden,,,,,59.41702
2000,ER_PTD_FRHWTR,Switzerland,,,,,49.17843
2001,ER_PTD_FRHWTR,Switzerland,,,,,59.72535
2002,ER_PTD_FRHWTR,Switzerland,,,,,59.72535
2003,ER_PTD_FRHWTR,Switzerland,,,,,59.8141
2004,ER_PTD_FRHWTR,Switzerland,,,,,59.8141
2005,ER_PTD_FRHWTR,Switzerland,,,,,59.82895
2006,ER_PTD_FRHWTR,Switzerland,,,,,59.82895
2007,ER_PTD_FRHWTR,Switzerland,,,,,60.17018
2008,ER_PTD_FRHWTR,Switzerland,,,,,60.17018
2009,ER_PTD_FRHWTR,Switzerland,,,,,60.20922
2003,ER_PTD_FRHWTR,Luxembourg,,,,,37.13124
2004,ER_PTD_FRHWTR,Luxembourg,,,,,37.13126
2005,ER_PTD_FRHWTR,Luxembourg,,,,,37.13126
2006,ER_PTD_FRHWTR,Luxembourg,,,,,37.13126
2007,ER_PTD_FRHWTR,Luxembourg,,,,,37.13126
2008,ER_PTD_FRHWTR,Luxembourg,,,,,37.13126
2010,ER_PTD_FRHWTR,Switzerland,,,,,60.21007
2011,ER_PTD_FRHWTR,Switzerland,,,,,60.21007
2012,ER_PTD_FRHWTR,Switzerland,,,,,60.21007
2013,ER_PTD_FRHWTR,Switzerland,,,,,60.21007
2014,ER_PTD_FRHWTR,Switzerland,,,,,60.21007
2015,ER_PTD_FRHWTR,Switzerland,,,,,60.21007
2016,ER_PTD_FRHWTR,Switzerland,,,,,60.21007
2017,ER_PTD_FRHWTR,Switzerland,,,,,60.21008
2018,ER_PTD_FRHWTR,Switzerland,,,,,60.23337
2019,ER_PTD_FRHWTR,Switzerland,,,,,60.23337
2020,ER_PTD_FRHWTR,Switzerland,,,,,60.23337
2021,ER_PTD_FRHWTR,Switzerland,,,,,60.23337
2009,ER_PTD_FRHWTR,Luxembourg,,,,,37.13126
2010,ER_PTD_FRHWTR,Luxembourg,,,,,37.13126
2011,ER_PTD_FRHWTR,Luxembourg,,,,,37.13126
2012,ER_PTD_FRHWTR,Luxembourg,,,,,37.13126
2013,ER_PTD_FRHWTR,Luxembourg,,,,,37.13126
2014,ER_PTD_FRHWTR,Luxembourg,,,,,37.13126
2015,ER_PTD_FRHWTR,Luxembourg,,,,,37.13126
2016,ER_PTD_FRHWTR,Luxembourg,,,,,37.13126
2017,ER_PTD_FRHWTR,Luxembourg,,,,,37.13126
2018,ER_PTD_FRHWTR,Luxembourg,,,,,37.13126
2019,ER_PTD_FRHWTR,Luxembourg,,,,,37.13126
2020,ER_PTD_FRHWTR,Luxembourg,,,,,37.13126
2021,ER_PTD_FRHWTR,Luxembourg,,,,,37.13126
2022,ER_PTD_FRHWTR,Luxembourg,,,,,37.13126
2000,ER_PTD_FRHWTR,Mexico,,,,,13.54057
2001,ER_PTD_FRHWTR,Mexico,,,,,14.90135
2002,ER_PTD_FRHWTR,Mexico,,,,,15.77675
2003,ER_PTD_FRHWTR,Mexico,,,,,17.39394
2004,ER_PTD_FRHWTR,Mexico,,,,,25.88369
2005,ER_PTD_FRHWTR,Mexico,,,,,29.75471
2006,ER_PTD_FRHWTR,Mexico,,,,,31.23183
2007,ER_PTD_FRHWTR,Mexico,,,,,32.08446
2008,ER_PTD_FRHWTR,Mexico,,,,,45.81564
2009,ER_PTD_FRHWTR,Mexico,,,,,47.99303
2010,ER_PTD_FRHWTR,Mexico,,,,,48.63014
2011,ER_PTD_FRHWTR,Mexico,,,,,49.5925
2012,ER_PTD_FRHWTR,Mexico,,,,,49.59784
2013,ER_PTD_FRHWTR,Mexico,,,,,49.94344
2014,ER_PTD_FRHWTR,Mexico,,,,,49.9488
2015,ER_PTD_FRHWTR,Mexico,,,,,49.95472
2016,ER_PTD_FRHWTR,Mexico,,,,,50.43016
2017,ER_PTD_FRHWTR,Mexico,,,,,50.43734
2018,ER_PTD_FRHWTR,Mexico,,,,,50.43734
2019,ER_PTD_FRHWTR,Mexico,,,,,50.43734
2020,ER_PTD_FRHWTR,Mexico,,,,,50.43734
2021,ER_PTD_FRHWTR,Mexico,,,,,50.44513
2022,ER_PTD_FRHWTR,Mexico,,,,,51.52004
2000,ER_PTD_FRHWTR,Republic of Moldova,,,,,45.97466
2001,ER_PTD_FRHWTR,Republic of Moldova,,,,,47.43348
2002,ER_PTD_FRHWTR,Republic of Moldova,,,,,50.67083
2003,ER_PTD_FRHWTR,Republic of Moldova,,,,,51.26358
2004,ER_PTD_FRHWTR,Republic of Moldova,,,,,53.27709
2005,ER_PTD_FRHWTR,Republic of Moldova,,,,,55.14704
2006,ER_PTD_FRHWTR,Republic of Moldova,,,,,55.57116
2007,ER_PTD_FRHWTR,Republic of Moldova,,,,,57.76176
2008,ER_PTD_FRHWTR,Republic of Moldova,,,,,61.01887
2009,ER_PTD_FRHWTR,Republic of Moldova,,,,,66.61068
2010,ER_PTD_FRHWTR,Republic of Moldova,,,,,67.87408
2011,ER_PTD_FRHWTR,Republic of Moldova,,,,,68.54218
2012,ER_PTD_FRHWTR,Republic of Moldova,,,,,69.49857
2013,ER_PTD_FRHWTR,Republic of Moldova,,,,,70.22505
2014,ER_PTD_FRHWTR,Republic of Moldova,,,,,79.73717
2015,ER_PTD_FRHWTR,Republic of Moldova,,,,,81.75068
2016,ER_PTD_FRHWTR,Republic of Moldova,,,,,81.75068
2017,ER_PTD_FRHWTR,Republic of Moldova,,,,,81.75068
2018,ER_PTD_FRHWTR,Republic of Moldova,,,,,81.75068
2019,ER_PTD_FRHWTR,Republic of Moldova,,,,,81.75068
2020,ER_PTD_FRHWTR,Republic of Moldova,,,,,81.75068
2021,ER_PTD_FRHWTR,Republic of Moldova,,,,,81.75068
2022,ER_PTD_FRHWTR,Republic of Moldova,,,,,81.75068
2000,ER_PTD_FRHWTR,Montenegro,,,,,49.22269
2001,ER_PTD_FRHWTR,Montenegro,,,,,49.22269
2002,ER_PTD_FRHWTR,Montenegro,,,,,49.22269
2003,ER_PTD_FRHWTR,Montenegro,,,,,49.22269
2004,ER_PTD_FRHWTR,Montenegro,,,,,49.22269
2005,ER_PTD_FRHWTR,Montenegro,,,,,49.22269
2006,ER_PTD_FRHWTR,Montenegro,,,,,49.22269
2007,ER_PTD_FRHWTR,Montenegro,,,,,49.22269
2008,ER_PTD_FRHWTR,Montenegro,,,,,49.22269
2009,ER_PTD_FRHWTR,Montenegro,,,,,49.22269
2010,ER_PTD_FRHWTR,Montenegro,,,,,49.22269
2011,ER_PTD_FRHWTR,Montenegro,,,,,49.22269
2012,ER_PTD_FRHWTR,Montenegro,,,,,49.22269
2013,ER_PTD_FRHWTR,Montenegro,,,,,49.22269
2014,ER_PTD_FRHWTR,Montenegro,,,,,49.22269
2015,ER_PTD_FRHWTR,Montenegro,,,,,49.22269
2016,ER_PTD_FRHWTR,Montenegro,,,,,49.22269
2017,ER_PTD_FRHWTR,Montenegro,,,,,49.22269
2018,ER_PTD_FRHWTR,Montenegro,,,,,49.22269
2019,ER_PTD_FRHWTR,Montenegro,,,,,49.22269
2020,ER_PTD_FRHWTR,Montenegro,,,,,49.22269
2021,ER_PTD_FRHWTR,Montenegro,,,,,49.22269
2022,ER_PTD_FRHWTR,Montenegro,,,,,49.22269
2000,ER_PTD_FRHWTR,Netherlands (Kingdom of the),,,,,80.53035
2001,ER_PTD_FRHWTR,Netherlands (Kingdom of the),,,,,80.53035
2002,ER_PTD_FRHWTR,Netherlands (Kingdom of the),,,,,80.53035
2003,ER_PTD_FRHWTR,Netherlands (Kingdom of the),,,,,80.53035
2004,ER_PTD_FRHWTR,Netherlands (Kingdom of the),,,,,81.12517
2005,ER_PTD_FRHWTR,Netherlands (Kingdom of the),,,,,81.12517
2006,ER_PTD_FRHWTR,Netherlands (Kingdom of the),,,,,81.12517
2007,ER_PTD_FRHWTR,Netherlands (Kingdom of the),,,,,81.12517
2008,ER_PTD_FRHWTR,Netherlands (Kingdom of the),,,,,81.18849
2009,ER_PTD_FRHWTR,Netherlands (Kingdom of the),,,,,81.18849
2010,ER_PTD_FRHWTR,Netherlands (Kingdom of the),,,,,81.18849
2011,ER_PTD_FRHWTR,Netherlands (Kingdom of the),,,,,81.3982
2012,ER_PTD_FRHWTR,Netherlands (Kingdom of the),,,,,81.3982
2013,ER_PTD_FRHWTR,Netherlands (Kingdom of the),,,,,81.50456
2014,ER_PTD_FRHWTR,Netherlands (Kingdom of the),,,,,83.46055
2015,ER_PTD_FRHWTR,Netherlands (Kingdom of the),,,,,84.48451
2016,ER_PTD_FRHWTR,Netherlands (Kingdom of the),,,,,84.48451
2017,ER_PTD_FRHWTR,Netherlands (Kingdom of the),,,,,85.67358
2018,ER_PTD_FRHWTR,Netherlands (Kingdom of the),,,,,87.29729
2019,ER_PTD_FRHWTR,Netherlands (Kingdom of the),,,,,87.29729
2020,ER_PTD_FRHWTR,Netherlands (Kingdom of the),,,,,87.29729
2021,ER_PTD_FRHWTR,Netherlands (Kingdom of the),,,,,87.29729
2022,ER_PTD_FRHWTR,Netherlands (Kingdom of the),,,,,87.29729
2000,ER_PTD_FRHWTR,New Zealand,,,,,18.03516
2001,ER_PTD_FRHWTR,New Zealand,,,,,18.0352
2002,ER_PTD_FRHWTR,New Zealand,,,,,18.17914
2003,ER_PTD_FRHWTR,New Zealand,,,,,18.2189
2004,ER_PTD_FRHWTR,New Zealand,,,,,18.28258
2005,ER_PTD_FRHWTR,New Zealand,,,,,18.85008
2006,ER_PTD_FRHWTR,New Zealand,,,,,20.47792
2007,ER_PTD_FRHWTR,New Zealand,,,,,20.92126
2008,ER_PTD_FRHWTR,New Zealand,,,,,21.46146
2009,ER_PTD_FRHWTR,New Zealand,,,,,22.93284
2010,ER_PTD_FRHWTR,New Zealand,,,,,22.93359
2011,ER_PTD_FRHWTR,New Zealand,,,,,22.9336
2012,ER_PTD_FRHWTR,New Zealand,,,,,23.10355
2013,ER_PTD_FRHWTR,New Zealand,,,,,23.41554
2014,ER_PTD_FRHWTR,New Zealand,,,,,23.52269
2015,ER_PTD_FRHWTR,New Zealand,,,,,24.04266
2016,ER_PTD_FRHWTR,New Zealand,,,,,24.15553
2017,ER_PTD_FRHWTR,New Zealand,,,,,24.15783
2018,ER_PTD_FRHWTR,New Zealand,,,,,24.15934
2019,ER_PTD_FRHWTR,New Zealand,,,,,24.15934
2020,ER_PTD_FRHWTR,New Zealand,,,,,24.16177
2021,ER_PTD_FRHWTR,New Zealand,,,,,24.16177
2022,ER_PTD_FRHWTR,New Zealand,,,,,24.16177
2000,ER_PTD_FRHWTR,Norway,,,,,53.89169
2001,ER_PTD_FRHWTR,Norway,,,,,53.89169
2002,ER_PTD_FRHWTR,Norway,,,,,56.28255
2003,ER_PTD_FRHWTR,Norway,,,,,57.00202
2004,ER_PTD_FRHWTR,Norway,,,,,57.20225
2005,ER_PTD_FRHWTR,Norway,,,,,57.20225
2006,ER_PTD_FRHWTR,Norway,,,,,57.20225
2007,ER_PTD_FRHWTR,Norway,,,,,57.20225
2008,ER_PTD_FRHWTR,Norway,,,,,57.20225
2009,ER_PTD_FRHWTR,Norway,,,,,57.20225
2010,ER_PTD_FRHWTR,Norway,,,,,57.64817
2011,ER_PTD_FRHWTR,Norway,,,,,60.54011
2012,ER_PTD_FRHWTR,Norway,,,,,60.54011
2013,ER_PTD_FRHWTR,Norway,,,,,60.54011
2014,ER_PTD_FRHWTR,Norway,,,,,61.3866
2015,ER_PTD_FRHWTR,Norway,,,,,61.52396
2016,ER_PTD_FRHWTR,Norway,,,,,61.52396
2017,ER_PTD_FRHWTR,Norway,,,,,61.52396
2018,ER_PTD_FRHWTR,Norway,,,,,64.31848
2019,ER_PTD_FRHWTR,Norway,,,,,64.31848
2020,ER_PTD_FRHWTR,Norway,,,,,65.46232
2021,ER_PTD_FRHWTR,Norway,,,,,65.46232
2022,ER_PTD_FRHWTR,Uzbekistan,,,,,13.44146
2022,ER_PTD_FRHWTR,Norway,,,,,65.46232
2022,ER_PTD_FRHWTR,Switzerland,,,,,60.23337
2000,ER_PTD_FRHWTR,Tajikistan,,,,,27.87407
2020,ER_PTD_FRHWTR,Kyrgyzstan,,,,,35.40327
2021,ER_PTD_FRHWTR,Kyrgyzstan,,,,,35.40327
2022,ER_PTD_FRHWTR,Kyrgyzstan,,,,,35.40327
2022,ER_PTD_FRHWTR,Kyrgyzstan,,,,,35.40327
