Year,SeriesCode,GeoAreaName,Value
2021,ER_CBD_NAGOYA,Serbia,1
2022,ER_CBD_NAGOYA,Serbia,1
2021,ER_CBD_NAGOYA,Slovakia,1
2022,ER_CBD_NAGOYA,Slovakia,1
2021,ER_CBD_NAGOYA,Viet Nam,1
2022,ER_CBD_NAGOYA,Viet Nam,1
2021,ER_CBD_NAGOYA,Slovenia,0
2022,ER_CBD_NAGOYA,Slovenia,0
2021,ER_CBD_NAGOYA,Spain,1
2022,ER_CBD_NAGOYA,Spain,1
2021,ER_CBD_NAGOYA,Sweden,1
2022,ER_CBD_NAGOYA,Sweden,1
2021,ER_CBD_NAGOYA,Switzerland,1
2022,ER_CBD_NAGOYA,Switzerland,1
2021,ER_CBD_NAGOYA,Tajikistan,1
2022,ER_CBD_NAGOYA,Tajikistan,1
2021,ER_CBD_NAGOYA,United Arab Emirates,1
2022,ER_CBD_NAGOYA,United Arab Emirates,1
2021,ER_CBD_NAGOYA,Türkiye,0
2022,ER_CBD_NAGOYA,Türkiye,0
2021,ER_CBD_NAGOYA,Turkmenistan,1
2022,ER_CBD_NAGOYA,Turkmenistan,1
2021,ER_CBD_NAGOYA,Ukraine,0
2022,ER_CBD_NAGOYA,Ukraine,1
2021,ER_CBD_NAGOYA,North Macedonia,0
2022,ER_CBD_NAGOYA,North Macedonia,0
2021,ER_CBD_NAGOYA,United Kingdom of Great Britain and Northern Ireland,1
2022,ER_CBD_NAGOYA,United Kingdom of Great Britain and Northern Ireland,1
2021,ER_CBD_NAGOYA,Uzbekistan,0
2022,ER_CBD_NAGOYA,Uzbekistan,0
2021,ER_CBD_NAGOYA,Albania,1
2022,ER_CBD_NAGOYA,Albania,1
2021,ER_CBD_NAGOYA,Azerbaijan,0
2022,ER_CBD_NAGOYA,Azerbaijan,0
2021,ER_CBD_NAGOYA,Australia,0
2022,ER_CBD_NAGOYA,Australia,0
2021,ER_CBD_NAGOYA,Austria,1
2022,ER_CBD_NAGOYA,Austria,1
2021,ER_CBD_NAGOYA,Armenia,0
2022,ER_CBD_NAGOYA,Armenia,0
2021,ER_CBD_NAGOYA,Belgium,1
2022,ER_CBD_NAGOYA,Belgium,1
2021,ER_CBD_NAGOYA,Bosnia and Herzegovina,0
2022,ER_CBD_NAGOYA,Bosnia and Herzegovina,0
2021,ER_CBD_NAGOYA,Bulgaria,1
2022,ER_CBD_NAGOYA,Bulgaria,1
2021,ER_CBD_NAGOYA,Belarus,1
2022,ER_CBD_NAGOYA,Belarus,1
2021,ER_CBD_NAGOYA,Canada,0
2022,ER_CBD_NAGOYA,Canada,0
2021,ER_CBD_NAGOYA,Chile,0
2022,ER_CBD_NAGOYA,Chile,0
2021,ER_CBD_NAGOYA,China,1
2022,ER_CBD_NAGOYA,China,1
2021,ER_CBD_NAGOYA,Colombia,0
2022,ER_CBD_NAGOYA,Colombia,0
2021,ER_CBD_NAGOYA,Costa Rica,0
2022,ER_CBD_NAGOYA,Costa Rica,0
2021,ER_CBD_NAGOYA,Croatia,1
2022,ER_CBD_NAGOYA,Croatia,1
2021,ER_CBD_NAGOYA,Cyprus,0
2022,ER_CBD_NAGOYA,Cyprus,0
2021,ER_CBD_NAGOYA,Czechia,1
2022,ER_CBD_NAGOYA,Czechia,1
2021,ER_CBD_NAGOYA,Denmark,1
2022,ER_CBD_NAGOYA,Denmark,1
2021,ER_CBD_NAGOYA,Estonia,1
2022,ER_CBD_NAGOYA,Estonia,1
2021,ER_CBD_NAGOYA,Finland,1
2022,ER_CBD_NAGOYA,Finland,1
2021,ER_CBD_NAGOYA,France,1
2022,ER_CBD_NAGOYA,France,1
2021,ER_CBD_NAGOYA,Georgia,0
2022,ER_CBD_NAGOYA,Georgia,0
2021,ER_CBD_NAGOYA,Germany,1
2022,ER_CBD_NAGOYA,Germany,1
2021,ER_CBD_NAGOYA,Greece,1
2022,ER_CBD_NAGOYA,Greece,1
2021,ER_CBD_NAGOYA,Hungary,1
2022,ER_CBD_NAGOYA,Hungary,1
2021,ER_CBD_NAGOYA,Iceland,0
2022,ER_CBD_NAGOYA,Iceland,0
2021,ER_CBD_NAGOYA,India,1
2022,ER_CBD_NAGOYA,India,1
2021,ER_CBD_NAGOYA,Ireland,0
2022,ER_CBD_NAGOYA,Ireland,0
2021,ER_CBD_NAGOYA,Israel,0
2022,ER_CBD_NAGOYA,Israel,0
2021,ER_CBD_NAGOYA,Italy,0
2022,ER_CBD_NAGOYA,Italy,0
2021,ER_CBD_NAGOYA,Japan,1
2022,ER_CBD_NAGOYA,Japan,1
2021,ER_CBD_NAGOYA,Kazakhstan,1
2022,ER_CBD_NAGOYA,Kazakhstan,1
2021,ER_CBD_NAGOYA,Republic of Korea,1
2022,ER_CBD_NAGOYA,Republic of Korea,1
2021,ER_CBD_NAGOYA,Kyrgyzstan,1
2022,ER_CBD_NAGOYA,Kyrgyzstan,1
2021,ER_CBD_NAGOYA,Latvia,0
2022,ER_CBD_NAGOYA,Latvia,0
2021,ER_CBD_NAGOYA,Liechtenstein,0
2022,ER_CBD_NAGOYA,Liechtenstein,0
2021,ER_CBD_NAGOYA,Lithuania,0
2022,ER_CBD_NAGOYA,Lithuania,0
2021,ER_CBD_NAGOYA,Luxembourg,1
2022,ER_CBD_NAGOYA,Luxembourg,1
2021,ER_CBD_NAGOYA,Malta,1
2022,ER_CBD_NAGOYA,Malta,1
2021,ER_CBD_NAGOYA,Mexico,1
2022,ER_CBD_NAGOYA,Mexico,1
2021,ER_CBD_NAGOYA,Republic of Moldova,1
2022,ER_CBD_NAGOYA,Republic of Moldova,1
2021,ER_CBD_NAGOYA,Montenegro,1
2022,ER_CBD_NAGOYA,Montenegro,1
2021,ER_CBD_NAGOYA,Netherlands (Kingdom of the),1
2022,ER_CBD_NAGOYA,Netherlands (Kingdom of the),1
2021,ER_CBD_NAGOYA,New Zealand,0
2022,ER_CBD_NAGOYA,New Zealand,0
2021,ER_CBD_NAGOYA,Norway,1
2022,ER_CBD_NAGOYA,Norway,1
2021,ER_CBD_NAGOYA,Poland,0
2022,ER_CBD_NAGOYA,Poland,0
2021,ER_CBD_NAGOYA,Portugal,1
2022,ER_CBD_NAGOYA,Portugal,1
2021,ER_CBD_NAGOYA,Romania,1
2022,ER_CBD_NAGOYA,Romania,1
2022,ER_CBD_NAGOYA,Romania,1
