Year,SeriesCode,GeoAreaName,Value
2007,IC_FRM_BRIB,Albania,26.49
2013,IC_FRM_BRIB,Albania,20.4
2019,IC_FRM_BRIB,Albania,36.1
2009,IC_FRM_BRIB,Azerbaijan,52.04
2013,IC_FRM_BRIB,Azerbaijan,16.04
2019,IC_FRM_BRIB,Azerbaijan,12.06
2021,IC_FRM_BRIB,Austria,1.29
2009,IC_FRM_BRIB,Armenia,15.5
2013,IC_FRM_BRIB,Armenia,8.7
2020,IC_FRM_BRIB,Armenia,1.45
2020,IC_FRM_BRIB,Belgium,4.34
2009,IC_FRM_BRIB,Bosnia and Herzegovina,10.19
2013,IC_FRM_BRIB,Bosnia and Herzegovina,13.0
2019,IC_FRM_BRIB,Bosnia and Herzegovina,16.0
2007,IC_FRM_BRIB,Bulgaria,6.67
2009,IC_FRM_BRIB,Bulgaria,10.87
2013,IC_FRM_BRIB,Bulgaria,7.32
2019,IC_FRM_BRIB,Bulgaria,10.05
2008,IC_FRM_BRIB,Belarus,15.47
2013,IC_FRM_BRIB,Belarus,7.86
2018,IC_FRM_BRIB,Belarus,4.91
2006,IC_FRM_BRIB,Chile,7.77
2010,IC_FRM_BRIB,Chile,1.29
2012,IC_FRM_BRIB,China,11.59
2006,IC_FRM_BRIB,Colombia,3.51
2010,IC_FRM_BRIB,Colombia,2.22
2017,IC_FRM_BRIB,Colombia,6.57
2010,IC_FRM_BRIB,Costa Rica,8.7
2007,IC_FRM_BRIB,Croatia,4.92
2013,IC_FRM_BRIB,Croatia,5.96
2019,IC_FRM_BRIB,Croatia,10.14
2019,IC_FRM_BRIB,Cyprus,0.17
2009,IC_FRM_BRIB,Czechia,7.15
2013,IC_FRM_BRIB,Czechia,3.69
2019,IC_FRM_BRIB,Czechia,3.46
2020,IC_FRM_BRIB,Denmark,3.37
2009,IC_FRM_BRIB,Estonia,5.66
2013,IC_FRM_BRIB,Estonia,0.0
2019,IC_FRM_BRIB,Estonia,0.0
2020,IC_FRM_BRIB,Finland,2.85
2021,IC_FRM_BRIB,France,1.59
2008,IC_FRM_BRIB,Georgia,9.84
2013,IC_FRM_BRIB,Georgia,1.43
2019,IC_FRM_BRIB,Georgia,1.31
2021,IC_FRM_BRIB,Germany,2.25
2018,IC_FRM_BRIB,Greece,5.55
2009,IC_FRM_BRIB,Hungary,0.97
2013,IC_FRM_BRIB,Hungary,2.24
2019,IC_FRM_BRIB,Hungary,4.72
2014,IC_FRM_BRIB,India,22.66
2022,IC_FRM_BRIB,India,27.23
2020,IC_FRM_BRIB,Ireland,0.43
2013,IC_FRM_BRIB,Israel,0.08
2019,IC_FRM_BRIB,Italy,11.81
2009,IC_FRM_BRIB,Kazakhstan,32.82
2013,IC_FRM_BRIB,Kazakhstan,25.61
2019,IC_FRM_BRIB,Kazakhstan,11.59
2009,IC_FRM_BRIB,Kyrgyzstan,42.54
2013,IC_FRM_BRIB,Kyrgyzstan,56.58
2019,IC_FRM_BRIB,Kyrgyzstan,31.37
2009,IC_FRM_BRIB,Latvia,8.88
2013,IC_FRM_BRIB,Latvia,2.38
2019,IC_FRM_BRIB,Latvia,1.96
2009,IC_FRM_BRIB,Lithuania,7.15
2013,IC_FRM_BRIB,Lithuania,8.37
2019,IC_FRM_BRIB,Lithuania,0.21
2020,IC_FRM_BRIB,Luxembourg,0.0
2019,IC_FRM_BRIB,Malta,2.38
2006,IC_FRM_BRIB,Mexico,14.07
2010,IC_FRM_BRIB,Mexico,17.6
2009,IC_FRM_BRIB,Republic of Moldova,17.79
2013,IC_FRM_BRIB,Republic of Moldova,30.3
2019,IC_FRM_BRIB,Republic of Moldova,11.9
2009,IC_FRM_BRIB,Montenegro,3.3
2013,IC_FRM_BRIB,Montenegro,17.02
2019,IC_FRM_BRIB,Montenegro,21.37
2020,IC_FRM_BRIB,Netherlands (Kingdom of the),0.28
2009,IC_FRM_BRIB,Poland,8.18
2013,IC_FRM_BRIB,Poland,1.86
2019,IC_FRM_BRIB,Poland,2.78
2019,IC_FRM_BRIB,Portugal,0.35
2009,IC_FRM_BRIB,Romania,19.71
2013,IC_FRM_BRIB,Romania,9.59
2019,IC_FRM_BRIB,Romania,5.39
2009,IC_FRM_BRIB,Serbia,11.86
2013,IC_FRM_BRIB,Serbia,8.95
2019,IC_FRM_BRIB,Serbia,6.85
2009,IC_FRM_BRIB,Slovakia,5.68
2013,IC_FRM_BRIB,Slovakia,4.38
2019,IC_FRM_BRIB,Slovakia,2.43
2009,IC_FRM_BRIB,Viet Nam,38.34
2015,IC_FRM_BRIB,Viet Nam,26.13
2009,IC_FRM_BRIB,Slovenia,2.3
2013,IC_FRM_BRIB,Slovenia,0.16
2019,IC_FRM_BRIB,Slovenia,1.78
2021,IC_FRM_BRIB,Spain,3.5
2014,IC_FRM_BRIB,Sweden,1.87
2020,IC_FRM_BRIB,Sweden,0.0
2008,IC_FRM_BRIB,Tajikistan,37.85
2013,IC_FRM_BRIB,Tajikistan,35.5
2019,IC_FRM_BRIB,Tajikistan,11.07
2008,IC_FRM_BRIB,Türkiye,9.15
2013,IC_FRM_BRIB,Türkiye,4.67
2019,IC_FRM_BRIB,Türkiye,1.36
2008,IC_FRM_BRIB,Ukraine,38.46
2013,IC_FRM_BRIB,Ukraine,49.34
2019,IC_FRM_BRIB,Ukraine,37.37
2009,IC_FRM_BRIB,North Macedonia,14.71
2013,IC_FRM_BRIB,North Macedonia,9.34
2019,IC_FRM_BRIB,North Macedonia,7.36
2008,IC_FRM_BRIB,Uzbekistan,55.51
2013,IC_FRM_BRIB,Uzbekistan,6.01
2019,IC_FRM_BRIB,Uzbekistan,5.94
2019,IC_FRM_BRIB,Uzbekistan,5.94
