Year,Metric,GeoAreaName,Value
2021,Regulatory Quality,Albania,0.192754015
2020,Regulatory Quality,Albania,0.235864624
2019,Regulatory Quality,Albania,0.285658628
2018,Regulatory Quality,Albania,0.266459137
2017,Regulatory Quality,Albania,0.23308672
2016,Regulatory Quality,Albania,0.196168706
2015,Regulatory Quality,Albania,0.189514965
2014,Regulatory Quality,Albania,0.279037684
2013,Regulatory Quality,Albania,0.254160255
2012,Regulatory Quality,Albania,0.240491986
2011,Regulatory Quality,Albania,0.283972561
2010,Regulatory Quality,Albania,0.233281955
2009,Regulatory Quality,Albania,0.241446003
2008,Regulatory Quality,Albania,0.137666509
2007,Regulatory Quality,Albania,0.034550302
2006,Regulatory Quality,Albania,-0.148599386
2005,Regulatory Quality,Albania,-0.400731236
2004,Regulatory Quality,Albania,-0.187491566
2003,Regulatory Quality,Albania,-0.490216553
2002,Regulatory Quality,Albania,-0.311400771
2000,Regulatory Quality,Albania,-0.415910125
1998,Regulatory Quality,Albania,-0.441555828
1996,Regulatory Quality,Albania,-0.474401653
2021,Regulatory Quality,Armenia,0.145152628
2020,Regulatory Quality,Armenia,0.251729071
2019,Regulatory Quality,Armenia,0.255927444
2018,Regulatory Quality,Armenia,0.360776484
2017,Regulatory Quality,Armenia,0.240957707
2016,Regulatory Quality,Armenia,0.214404643
2015,Regulatory Quality,Armenia,0.201865211
2014,Regulatory Quality,Armenia,0.158519909
2013,Regulatory Quality,Armenia,0.235182688
2012,Regulatory Quality,Armenia,0.334273398
2011,Regulatory Quality,Armenia,0.246940598
2010,Regulatory Quality,Armenia,0.268946558
2009,Regulatory Quality,Armenia,0.27345407
2008,Regulatory Quality,Armenia,0.300939858
2007,Regulatory Quality,Armenia,0.265207171
2006,Regulatory Quality,Armenia,0.292330682
2005,Regulatory Quality,Armenia,0.089062668
2004,Regulatory Quality,Armenia,0.109250002
2003,Regulatory Quality,Armenia,0.167570353
2002,Regulatory Quality,Armenia,0.056333646
2000,Regulatory Quality,Armenia,-0.172101572
1998,Regulatory Quality,Armenia,-0.252395779
1996,Regulatory Quality,Armenia,-0.282764524
2021,Regulatory Quality,Austria,1.348706007
2020,Regulatory Quality,Austria,1.405209184
2019,Regulatory Quality,Austria,1.4575665
2018,Regulatory Quality,Austria,1.530134678
2017,Regulatory Quality,Austria,1.435420275
2016,Regulatory Quality,Austria,1.437176466
2015,Regulatory Quality,Austria,1.398648381
2014,Regulatory Quality,Austria,1.482170105
2013,Regulatory Quality,Austria,1.482213736
2012,Regulatory Quality,Austria,1.517164707
2011,Regulatory Quality,Austria,1.376976848
2010,Regulatory Quality,Austria,1.450515866
2009,Regulatory Quality,Austria,1.450018525
2008,Regulatory Quality,Austria,1.60645175
2007,Regulatory Quality,Austria,1.691163898
2006,Regulatory Quality,Austria,1.644411087
2005,Regulatory Quality,Austria,1.604957461
2004,Regulatory Quality,Austria,1.514102817
2003,Regulatory Quality,Austria,1.537136078
2002,Regulatory Quality,Austria,1.538056254
2000,Regulatory Quality,Austria,1.47547555
1998,Regulatory Quality,Austria,1.346461296
1996,Regulatory Quality,Austria,1.658712149
2021,Regulatory Quality,Azerbaijan,-0.059605457
2020,Regulatory Quality,Azerbaijan,-0.323556036
2019,Regulatory Quality,Azerbaijan,-0.214039907
2018,Regulatory Quality,Azerbaijan,-0.302665323
2017,Regulatory Quality,Azerbaijan,-0.357856959
2016,Regulatory Quality,Azerbaijan,-0.386264741
2015,Regulatory Quality,Azerbaijan,-0.353247523
2014,Regulatory Quality,Azerbaijan,-0.268493652
2013,Regulatory Quality,Azerbaijan,-0.425340503
2012,Regulatory Quality,Azerbaijan,-0.488716811
2011,Regulatory Quality,Azerbaijan,-0.386364639
2010,Regulatory Quality,Azerbaijan,-0.392555356
2009,Regulatory Quality,Azerbaijan,-0.316738784
2008,Regulatory Quality,Azerbaijan,-0.367752314
2007,Regulatory Quality,Azerbaijan,-0.466508985
2006,Regulatory Quality,Azerbaijan,-0.52337569
2005,Regulatory Quality,Azerbaijan,-0.580545425
2004,Regulatory Quality,Azerbaijan,-0.621019125
2003,Regulatory Quality,Azerbaijan,-0.601958394
2002,Regulatory Quality,Azerbaijan,-0.731832385
2000,Regulatory Quality,Azerbaijan,-0.859866619
1998,Regulatory Quality,Azerbaijan,-1.046715021
1996,Regulatory Quality,Azerbaijan,-1.196308613
2021,Regulatory Quality,Belgium,1.342472672
2020,Regulatory Quality,Belgium,1.354357123
2019,Regulatory Quality,Belgium,1.289381981
2018,Regulatory Quality,Belgium,1.266826153
2017,Regulatory Quality,Belgium,1.242281437
2016,Regulatory Quality,Belgium,1.337367177
2015,Regulatory Quality,Belgium,1.283219576
2014,Regulatory Quality,Belgium,1.152885199
2013,Regulatory Quality,Belgium,1.283747077
2012,Regulatory Quality,Belgium,1.222170353
2011,Regulatory Quality,Belgium,1.236216903
2010,Regulatory Quality,Belgium,1.282815099
2009,Regulatory Quality,Belgium,1.310220242
2008,Regulatory Quality,Belgium,1.405670285
2007,Regulatory Quality,Belgium,1.420544147
2006,Regulatory Quality,Belgium,1.329937816
2005,Regulatory Quality,Belgium,1.271361947
2004,Regulatory Quality,Belgium,1.346416473
2003,Regulatory Quality,Belgium,1.281626225
2002,Regulatory Quality,Belgium,1.254180551
2000,Regulatory Quality,Belgium,1.152969837
1998,Regulatory Quality,Belgium,1.005810738
1996,Regulatory Quality,Belgium,1.21423173
2021,Regulatory Quality,Bulgaria,0.448316187
2020,Regulatory Quality,Bulgaria,0.474105209
2019,Regulatory Quality,Bulgaria,0.543415308
2018,Regulatory Quality,Bulgaria,0.615697503
2017,Regulatory Quality,Bulgaria,0.668624163
2016,Regulatory Quality,Bulgaria,0.710182667
2015,Regulatory Quality,Bulgaria,0.591456354
2014,Regulatory Quality,Bulgaria,0.585273623
2013,Regulatory Quality,Bulgaria,0.549109817
2012,Regulatory Quality,Bulgaria,0.574710846
2011,Regulatory Quality,Bulgaria,0.552520037
2010,Regulatory Quality,Bulgaria,0.680432558
2009,Regulatory Quality,Bulgaria,0.694785178
2008,Regulatory Quality,Bulgaria,0.734121799
2007,Regulatory Quality,Bulgaria,0.643360615
2006,Regulatory Quality,Bulgaria,0.616540432
2005,Regulatory Quality,Bulgaria,0.657545507
2004,Regulatory Quality,Bulgaria,0.707843781
2003,Regulatory Quality,Bulgaria,0.668375254
2002,Regulatory Quality,Bulgaria,0.52767992
2000,Regulatory Quality,Bulgaria,0.19995749
1998,Regulatory Quality,Bulgaria,0.18892239
1996,Regulatory Quality,Bulgaria,-0.184434712
2021,Regulatory Quality,Bosnia and Herzegovina,-0.178626731
2020,Regulatory Quality,Bosnia and Herzegovina,-0.166626409
2019,Regulatory Quality,Bosnia and Herzegovina,-0.112791009
2018,Regulatory Quality,Bosnia and Herzegovina,-0.128680289
2017,Regulatory Quality,Bosnia and Herzegovina,-0.043219082
2016,Regulatory Quality,Bosnia and Herzegovina,-0.128769919
2015,Regulatory Quality,Bosnia and Herzegovina,-0.167333737
2014,Regulatory Quality,Bosnia and Herzegovina,-0.041672681
2013,Regulatory Quality,Bosnia and Herzegovina,-0.074898683
2012,Regulatory Quality,Bosnia and Herzegovina,-0.061737765
2011,Regulatory Quality,Bosnia and Herzegovina,-0.058966167
2010,Regulatory Quality,Bosnia and Herzegovina,-0.119476207
2009,Regulatory Quality,Bosnia and Herzegovina,-0.110355966
2008,Regulatory Quality,Bosnia and Herzegovina,-0.175438628
2007,Regulatory Quality,Bosnia and Herzegovina,-0.286616474
2006,Regulatory Quality,Bosnia and Herzegovina,-0.468090147
2005,Regulatory Quality,Bosnia and Herzegovina,-0.578913093
2004,Regulatory Quality,Bosnia and Herzegovina,-0.23462072
2003,Regulatory Quality,Bosnia and Herzegovina,-0.46620518
2002,Regulatory Quality,Bosnia and Herzegovina,-0.607061386
2000,Regulatory Quality,Bosnia and Herzegovina,-0.683763087
1998,Regulatory Quality,Bosnia and Herzegovina,-1.030670643
1996,Regulatory Quality,Bosnia and Herzegovina,-0.910771251
2021,Regulatory Quality,Belarus,-0.919227362
2020,Regulatory Quality,Belarus,-0.784566402
2019,Regulatory Quality,Belarus,-0.663383305
2018,Regulatory Quality,Belarus,-0.801075876
2017,Regulatory Quality,Belarus,-0.841620028
2016,Regulatory Quality,Belarus,-1.079789042
2015,Regulatory Quality,Belarus,-1.143447757
2014,Regulatory Quality,Belarus,-1.099450231
2013,Regulatory Quality,Belarus,-1.159445167
2012,Regulatory Quality,Belarus,-1.174061537
2011,Regulatory Quality,Belarus,-1.323641777
2010,Regulatory Quality,Belarus,-1.188309073
2009,Regulatory Quality,Belarus,-1.157031417
2008,Regulatory Quality,Belarus,-1.246820211
2007,Regulatory Quality,Belarus,-1.42256093
2006,Regulatory Quality,Belarus,-1.596236467
2005,Regulatory Quality,Belarus,-1.44191277
2004,Regulatory Quality,Belarus,-1.190362096
2003,Regulatory Quality,Belarus,-1.30027616
2002,Regulatory Quality,Belarus,-1.395955443
2000,Regulatory Quality,Belarus,-1.496406198
1998,Regulatory Quality,Belarus,-1.495453
1996,Regulatory Quality,Belarus,-1.093996763
2021,Regulatory Quality,Switzerland,1.732929707
2020,Regulatory Quality,Switzerland,1.594970226
2019,Regulatory Quality,Switzerland,1.663013697
2018,Regulatory Quality,Switzerland,1.79746151
2017,Regulatory Quality,Switzerland,1.881804347
2016,Regulatory Quality,Switzerland,1.908908963
2015,Regulatory Quality,Switzerland,1.736241698
2014,Regulatory Quality,Switzerland,1.800340295
2013,Regulatory Quality,Switzerland,1.619792342
2012,Regulatory Quality,Switzerland,1.651066184
2011,Regulatory Quality,Switzerland,1.61533618
2010,Regulatory Quality,Switzerland,1.620867133
2009,Regulatory Quality,Switzerland,1.549013495
2008,Regulatory Quality,Switzerland,1.562006712
2007,Regulatory Quality,Switzerland,1.645464301
2006,Regulatory Quality,Switzerland,1.495481372
2005,Regulatory Quality,Switzerland,1.550629139
2004,Regulatory Quality,Switzerland,1.636825681
2003,Regulatory Quality,Switzerland,1.683715343
2002,Regulatory Quality,Switzerland,1.733826637
2000,Regulatory Quality,Switzerland,1.792244911
1998,Regulatory Quality,Switzerland,1.641245961
1996,Regulatory Quality,Switzerland,1.55765903
2021,Regulatory Quality,Cyprus,0.859048605
2020,Regulatory Quality,Cyprus,1.004639149
2019,Regulatory Quality,Cyprus,1.010613084
2018,Regulatory Quality,Cyprus,0.871259332
2017,Regulatory Quality,Cyprus,1.028041244
2016,Regulatory Quality,Cyprus,1.049146056
2015,Regulatory Quality,Cyprus,1.057938099
2014,Regulatory Quality,Cyprus,1.094099283
2013,Regulatory Quality,Cyprus,0.910857201
2012,Regulatory Quality,Cyprus,1.124545097
2011,Regulatory Quality,Cyprus,1.231003046
2010,Regulatory Quality,Cyprus,1.42102325
2009,Regulatory Quality,Cyprus,1.360155106
2008,Regulatory Quality,Cyprus,1.367998362
2007,Regulatory Quality,Cyprus,1.33180058
2006,Regulatory Quality,Cyprus,1.276648402
2005,Regulatory Quality,Cyprus,1.220127702
2004,Regulatory Quality,Cyprus,1.219127893
2003,Regulatory Quality,Cyprus,1.181729555
2002,Regulatory Quality,Cyprus,1.193389654
2000,Regulatory Quality,Cyprus,1.087764502
1998,Regulatory Quality,Cyprus,1.155306935
1996,Regulatory Quality,Cyprus,1.261966825
2021,Regulatory Quality,Czechia,1.348507047
2020,Regulatory Quality,Czechia,1.244384527
2019,Regulatory Quality,Czechia,1.243492723
2018,Regulatory Quality,Czechia,1.27421844
2017,Regulatory Quality,Czechia,1.230645299
2016,Regulatory Quality,Czechia,0.982883334
2015,Regulatory Quality,Czechia,1.094446421
2014,Regulatory Quality,Czechia,1.001393437
2013,Regulatory Quality,Czechia,1.078564048
2012,Regulatory Quality,Czechia,1.053033829
2011,Regulatory Quality,Czechia,1.195796847
2010,Regulatory Quality,Czechia,1.297292113
2009,Regulatory Quality,Czechia,1.309280157
2008,Regulatory Quality,Czechia,1.222459078
2007,Regulatory Quality,Czechia,1.053171277
2006,Regulatory Quality,Czechia,1.108067632
2005,Regulatory Quality,Czechia,1.109028459
2004,Regulatory Quality,Czechia,0.999590993
2003,Regulatory Quality,Czechia,1.136814356
2002,Regulatory Quality,Czechia,1.11261797
2000,Regulatory Quality,Czechia,0.743665814
1998,Regulatory Quality,Czechia,0.916880608
1996,Regulatory Quality,Czechia,1.071839333
2021,Regulatory Quality,Germany,1.631536007
2020,Regulatory Quality,Germany,1.587336659
2019,Regulatory Quality,Germany,1.721608162
2018,Regulatory Quality,Germany,1.761803269
2017,Regulatory Quality,Germany,1.781149268
2016,Regulatory Quality,Germany,1.813969851
2015,Regulatory Quality,Germany,1.718244433
2014,Regulatory Quality,Germany,1.697039127
2013,Regulatory Quality,Germany,1.544340372
2012,Regulatory Quality,Germany,1.529082894
2011,Regulatory Quality,Germany,1.548867702
2010,Regulatory Quality,Germany,1.570686102
2009,Regulatory Quality,Germany,1.516452789
2008,Regulatory Quality,Germany,1.488884568
2007,Regulatory Quality,Germany,1.616165519
2006,Regulatory Quality,Germany,1.568908811
2005,Regulatory Quality,Germany,1.515106559
2004,Regulatory Quality,Germany,1.469573021
2003,Regulatory Quality,Germany,1.501877904
2002,Regulatory Quality,Germany,1.510943174
2000,Regulatory Quality,Germany,1.456143498
1998,Regulatory Quality,Germany,1.231304526
1996,Regulatory Quality,Germany,1.481484294
2021,Regulatory Quality,Denmark,1.808820605
2020,Regulatory Quality,Denmark,1.79638803
2019,Regulatory Quality,Denmark,1.563506484
2018,Regulatory Quality,Denmark,1.635126829
2017,Regulatory Quality,Denmark,1.61937356
2016,Regulatory Quality,Denmark,1.572224855
2015,Regulatory Quality,Denmark,1.729733348
2014,Regulatory Quality,Denmark,1.681104422
2013,Regulatory Quality,Denmark,1.800287366
2012,Regulatory Quality,Denmark,1.799161315
2011,Regulatory Quality,Denmark,1.898631096
2010,Regulatory Quality,Denmark,1.873854399
2009,Regulatory Quality,Denmark,1.878651261
2008,Regulatory Quality,Denmark,1.873647332
2007,Regulatory Quality,Denmark,1.92670846
2006,Regulatory Quality,Denmark,1.803427815
2005,Regulatory Quality,Denmark,1.649631262
2004,Regulatory Quality,Denmark,1.748650074
2003,Regulatory Quality,Denmark,1.73271966
2002,Regulatory Quality,Denmark,1.711368322
2000,Regulatory Quality,Denmark,1.710643649
1998,Regulatory Quality,Denmark,1.711708307
1996,Regulatory Quality,Denmark,1.783265352
2021,Regulatory Quality,Spain,0.811001599
2020,Regulatory Quality,Spain,0.768865943
2019,Regulatory Quality,Spain,1.048474908
2018,Regulatory Quality,Spain,0.947160602
2017,Regulatory Quality,Spain,0.940882087
2016,Regulatory Quality,Spain,1.005098581
2015,Regulatory Quality,Spain,0.803421438
2014,Regulatory Quality,Spain,0.74645406
2013,Regulatory Quality,Spain,0.932680726
2012,Regulatory Quality,Spain,0.947154939
2011,Regulatory Quality,Spain,1.060738206
2010,Regulatory Quality,Spain,1.15819037
2009,Regulatory Quality,Spain,1.187052488
2008,Regulatory Quality,Spain,1.254889965
2007,Regulatory Quality,Spain,1.215253234
2006,Regulatory Quality,Spain,1.176645756
2005,Regulatory Quality,Spain,1.30437541
2004,Regulatory Quality,Spain,1.306747794
2003,Regulatory Quality,Spain,1.304303527
2002,Regulatory Quality,Spain,1.329032183
2000,Regulatory Quality,Spain,1.238091946
1998,Regulatory Quality,Spain,1.196217299
1996,Regulatory Quality,Spain,1.184066415
2021,Regulatory Quality,Estonia,1.559108973
2020,Regulatory Quality,Estonia,1.539809346
2019,Regulatory Quality,Estonia,1.589628816
2018,Regulatory Quality,Estonia,1.550559521
2017,Regulatory Quality,Estonia,1.640106797
2016,Regulatory Quality,Estonia,1.695028782
2015,Regulatory Quality,Estonia,1.664242387
2014,Regulatory Quality,Estonia,1.670609236
2013,Regulatory Quality,Estonia,1.439240932
2012,Regulatory Quality,Estonia,1.410284042
2011,Regulatory Quality,Estonia,1.385317087
2010,Regulatory Quality,Estonia,1.388202071
2009,Regulatory Quality,Estonia,1.392692685
2008,Regulatory Quality,Estonia,1.388366342
2007,Regulatory Quality,Estonia,1.322783232
2006,Regulatory Quality,Estonia,1.29370141
2005,Regulatory Quality,Estonia,1.247087121
2004,Regulatory Quality,Estonia,1.225506902
2003,Regulatory Quality,Estonia,1.17419982
2002,Regulatory Quality,Estonia,1.263140082
2000,Regulatory Quality,Estonia,1.271518111
1998,Regulatory Quality,Estonia,1.195787311
1996,Regulatory Quality,Estonia,1.240009665
2021,Regulatory Quality,Finland,1.898075581
2020,Regulatory Quality,Finland,1.860526443
2019,Regulatory Quality,Finland,1.84962523
2018,Regulatory Quality,Finland,1.784577489
2017,Regulatory Quality,Finland,1.817978024
2016,Regulatory Quality,Finland,1.814362049
2015,Regulatory Quality,Finland,1.831471682
2014,Regulatory Quality,Finland,1.877657652
2013,Regulatory Quality,Finland,1.841672182
2012,Regulatory Quality,Finland,1.821589112
2011,Regulatory Quality,Finland,1.813329816
2010,Regulatory Quality,Finland,1.873101711
2009,Regulatory Quality,Finland,1.809459329
2008,Regulatory Quality,Finland,1.610931396
2007,Regulatory Quality,Finland,1.548881292
2006,Regulatory Quality,Finland,1.601819754
2005,Regulatory Quality,Finland,1.661587238
2004,Regulatory Quality,Finland,1.780430794
2003,Regulatory Quality,Finland,1.826323748
2002,Regulatory Quality,Finland,1.815653443
2000,Regulatory Quality,Finland,1.782545924
1998,Regulatory Quality,Finland,1.761387587
1996,Regulatory Quality,Finland,1.54816103
2021,Regulatory Quality,France,1.235557437
2020,Regulatory Quality,France,1.198949456
2019,Regulatory Quality,France,1.438735008
2018,Regulatory Quality,France,1.154914618
2017,Regulatory Quality,France,1.154984117
2016,Regulatory Quality,France,1.066853166
2015,Regulatory Quality,France,1.125261545
2014,Regulatory Quality,France,1.074068427
2013,Regulatory Quality,France,1.149894834
2012,Regulatory Quality,France,1.124174118
2011,Regulatory Quality,France,1.156042576
2010,Regulatory Quality,France,1.310160756
2009,Regulatory Quality,France,1.214702845
2008,Regulatory Quality,France,1.284252644
2007,Regulatory Quality,France,1.287566423
2006,Regulatory Quality,France,1.239821672
2005,Regulatory Quality,France,1.244961619
2004,Regulatory Quality,France,1.21646452
2003,Regulatory Quality,France,1.215464473
2002,Regulatory Quality,France,0.975888848
2000,Regulatory Quality,France,0.914936781
1998,Regulatory Quality,France,0.825750649
1996,Regulatory Quality,France,1.048776388
2021,Regulatory Quality,Georgia,1.060541391
2020,Regulatory Quality,Georgia,1.011490703
2019,Regulatory Quality,Georgia,1.033326149
2018,Regulatory Quality,Georgia,1.03835392
2017,Regulatory Quality,Georgia,0.957064092
2016,Regulatory Quality,Georgia,0.86886698
2015,Regulatory Quality,Georgia,0.765643656
2014,Regulatory Quality,Georgia,0.760027528
2013,Regulatory Quality,Georgia,0.725804985
2012,Regulatory Quality,Georgia,0.664130926
2011,Regulatory Quality,Georgia,0.651625037
2010,Regulatory Quality,Georgia,0.586639822
2009,Regulatory Quality,Georgia,0.508792341
2008,Regulatory Quality,Georgia,0.475642592
2007,Regulatory Quality,Georgia,0.29865846
2006,Regulatory Quality,Georgia,-0.128548279
2005,Regulatory Quality,Georgia,-0.604643524
2004,Regulatory Quality,Georgia,-0.437420189
2003,Regulatory Quality,Georgia,-0.617242515
2002,Regulatory Quality,Georgia,-0.736232042
2000,Regulatory Quality,Georgia,-0.51660037
1998,Regulatory Quality,Georgia,-0.701988518
1996,Regulatory Quality,Georgia,-1.014463782
2021,Regulatory Quality,Greece,0.44170779
2020,Regulatory Quality,Greece,0.550261974
2019,Regulatory Quality,Greece,0.527953088
2018,Regulatory Quality,Greece,0.412088543
2017,Regulatory Quality,Greece,0.23626326
2016,Regulatory Quality,Greece,0.144393101
2015,Regulatory Quality,Greece,0.405676454
2014,Regulatory Quality,Greece,0.326164484
2013,Regulatory Quality,Greece,0.628217578
2012,Regulatory Quality,Greece,0.521992683
2011,Regulatory Quality,Greece,0.492343783
2010,Regulatory Quality,Greece,0.642821491
2009,Regulatory Quality,Greece,0.834921479
2008,Regulatory Quality,Greece,0.881061792
2007,Regulatory Quality,Greece,0.894383371
2006,Regulatory Quality,Greece,0.85774231
2005,Regulatory Quality,Greece,0.958650231
2004,Regulatory Quality,Greece,0.836224496
2003,Regulatory Quality,Greece,0.987252712
2002,Regulatory Quality,Greece,0.946032047
2000,Regulatory Quality,Greece,0.736641586
1998,Regulatory Quality,Greece,0.577563286
1996,Regulatory Quality,Greece,0.537135065
2021,Regulatory Quality,Croatia,0.502004385
2020,Regulatory Quality,Croatia,0.373428524
2019,Regulatory Quality,Croatia,0.56277436
2018,Regulatory Quality,Croatia,0.499120563
2017,Regulatory Quality,Croatia,0.311782539
2016,Regulatory Quality,Croatia,0.248335615
2015,Regulatory Quality,Croatia,0.252695084
2014,Regulatory Quality,Croatia,0.276575357
2013,Regulatory Quality,Croatia,0.369632989
2012,Regulatory Quality,Croatia,0.353815705
2011,Regulatory Quality,Croatia,0.442892551
2010,Regulatory Quality,Croatia,0.489483297
2009,Regulatory Quality,Croatia,0.472275615
2008,Regulatory Quality,Croatia,0.413963556
2007,Regulatory Quality,Croatia,0.411397368
2006,Regulatory Quality,Croatia,0.365195125
2005,Regulatory Quality,Croatia,0.475249559
2004,Regulatory Quality,Croatia,0.531916022
2003,Regulatory Quality,Croatia,0.466213048
2002,Regulatory Quality,Croatia,0.294281095
2000,Regulatory Quality,Croatia,-0.118701681
1998,Regulatory Quality,Croatia,-0.14538075
1996,Regulatory Quality,Croatia,-0.17141071
2021,Regulatory Quality,Hungary,0.496175766
2020,Regulatory Quality,Hungary,0.481639713
2019,Regulatory Quality,Hungary,0.601590693
2018,Regulatory Quality,Hungary,0.573088288
2017,Regulatory Quality,Hungary,0.647817969
2016,Regulatory Quality,Hungary,0.599686682
2015,Regulatory Quality,Hungary,0.762045562
2014,Regulatory Quality,Hungary,0.747946262
2013,Regulatory Quality,Hungary,0.899946392
2012,Regulatory Quality,Hungary,0.982062161
2011,Regulatory Quality,Hungary,1.027545452
2010,Regulatory Quality,Hungary,1.014453888
2009,Regulatory Quality,Hungary,1.081859827
2008,Regulatory Quality,Hungary,1.17410326
2007,Regulatory Quality,Hungary,1.206072092
2006,Regulatory Quality,Hungary,1.20098865
2005,Regulatory Quality,Hungary,1.047473431
2004,Regulatory Quality,Hungary,1.168114185
2003,Regulatory Quality,Hungary,1.118963718
2002,Regulatory Quality,Hungary,1.259091735
2000,Regulatory Quality,Hungary,1.042225122
1998,Regulatory Quality,Hungary,0.960597098
1996,Regulatory Quality,Hungary,0.850572765
2021,Regulatory Quality,Ireland,1.562218428
2020,Regulatory Quality,Ireland,1.477955937
2019,Regulatory Quality,Ireland,1.600419521
2018,Regulatory Quality,Ireland,1.626639247
2017,Regulatory Quality,Ireland,1.583136082
2016,Regulatory Quality,Ireland,1.737876177
2015,Regulatory Quality,Ireland,1.813976288
2014,Regulatory Quality,Ireland,1.758731842
2013,Regulatory Quality,Ireland,1.574061632
2012,Regulatory Quality,Ireland,1.563885331
2011,Regulatory Quality,Ireland,1.594802141
2010,Regulatory Quality,Ireland,1.618432999
2009,Regulatory Quality,Ireland,1.695926785
2008,Regulatory Quality,Ireland,1.914259195
2007,Regulatory Quality,Ireland,1.850816965
2006,Regulatory Quality,Ireland,1.837045074
2005,Regulatory Quality,Ireland,1.487961888
2004,Regulatory Quality,Ireland,1.56711328
2003,Regulatory Quality,Ireland,1.58466208
2002,Regulatory Quality,Ireland,1.719497442
2000,Regulatory Quality,Ireland,1.781777143
1998,Regulatory Quality,Ireland,1.638005257
1996,Regulatory Quality,Ireland,1.512729764
2021,Regulatory Quality,Iceland,1.53473568
2020,Regulatory Quality,Iceland,1.452088833
2019,Regulatory Quality,Iceland,1.371400595
2018,Regulatory Quality,Iceland,1.414281607
2017,Regulatory Quality,Iceland,1.430084705
2016,Regulatory Quality,Iceland,1.273493886
2015,Regulatory Quality,Iceland,1.269204736
2014,Regulatory Quality,Iceland,1.21289432
2013,Regulatory Quality,Iceland,1.132940769
2012,Regulatory Quality,Iceland,1.113124132
2011,Regulatory Quality,Iceland,1.051945329
2010,Regulatory Quality,Iceland,0.920679152
2009,Regulatory Quality,Iceland,1.013762355
2008,Regulatory Quality,Iceland,1.310835004
2007,Regulatory Quality,Iceland,1.50993681
2006,Regulatory Quality,Iceland,1.526693583
2005,Regulatory Quality,Iceland,1.602320313
2004,Regulatory Quality,Iceland,1.612708211
2003,Regulatory Quality,Iceland,1.630003452
2002,Regulatory Quality,Iceland,1.505573153
2000,Regulatory Quality,Iceland,1.552639365
1998,Regulatory Quality,Iceland,1.300396681
1996,Regulatory Quality,Iceland,1.253651857
2021,Regulatory Quality,Italy,0.545158207
2020,Regulatory Quality,Italy,0.503073335
2019,Regulatory Quality,Italy,0.953209758
2018,Regulatory Quality,Italy,0.724453866
2017,Regulatory Quality,Italy,0.702070951
2016,Regulatory Quality,Italy,0.706917465
2015,Regulatory Quality,Italy,0.724648535
2014,Regulatory Quality,Italy,0.638065696
2013,Regulatory Quality,Italy,0.778938115
2012,Regulatory Quality,Italy,0.744578302
2011,Regulatory Quality,Italy,0.713232815
2010,Regulatory Quality,Italy,0.894350588
2009,Regulatory Quality,Italy,0.966553986
2008,Regulatory Quality,Italy,0.974892855
2007,Regulatory Quality,Italy,0.940306902
2006,Regulatory Quality,Italy,0.976830065
2005,Regulatory Quality,Italy,0.996279657
2004,Regulatory Quality,Italy,1.084582567
2003,Regulatory Quality,Italy,1.044891357
2002,Regulatory Quality,Italy,0.90430069
2000,Regulatory Quality,Italy,0.791893303
1998,Regulatory Quality,Italy,0.711156845
1996,Regulatory Quality,Italy,0.855295658
2021,Regulatory Quality,Kazakhstan,0.089868896
2020,Regulatory Quality,Kazakhstan,0.120286413
2019,Regulatory Quality,Kazakhstan,0.118897773
2018,Regulatory Quality,Kazakhstan,0.105743252
2017,Regulatory Quality,Kazakhstan,0.16787082
2016,Regulatory Quality,Kazakhstan,-0.151735261
2015,Regulatory Quality,Kazakhstan,-0.074353531
2014,Regulatory Quality,Kazakhstan,-0.239125565
2013,Regulatory Quality,Kazakhstan,-0.375282854
2012,Regulatory Quality,Kazakhstan,-0.390580028
2011,Regulatory Quality,Kazakhstan,-0.235385776
2010,Regulatory Quality,Kazakhstan,-0.283094168
2009,Regulatory Quality,Kazakhstan,-0.268264323
2008,Regulatory Quality,Kazakhstan,-0.294380695
2007,Regulatory Quality,Kazakhstan,-0.350907624
2006,Regulatory Quality,Kazakhstan,-0.34330833
2005,Regulatory Quality,Kazakhstan,-0.281207561
2004,Regulatory Quality,Kazakhstan,-0.472706974
2003,Regulatory Quality,Kazakhstan,-0.403342277
2002,Regulatory Quality,Kazakhstan,-0.693716347
2000,Regulatory Quality,Kazakhstan,-0.612051308
1998,Regulatory Quality,Kazakhstan,-0.410246044
1996,Regulatory Quality,Kazakhstan,-0.334077597
2021,Regulatory Quality,Kyrgyzstan,-0.577635109
2020,Regulatory Quality,Kyrgyzstan,-0.401575565
2019,Regulatory Quality,Kyrgyzstan,-0.34816134
2018,Regulatory Quality,Kyrgyzstan,-0.351335853
2017,Regulatory Quality,Kyrgyzstan,-0.359377325
2016,Regulatory Quality,Kyrgyzstan,-0.366465747
2015,Regulatory Quality,Kyrgyzstan,-0.5149616
2014,Regulatory Quality,Kyrgyzstan,-0.450190425
2013,Regulatory Quality,Kyrgyzstan,-0.325828105
2012,Regulatory Quality,Kyrgyzstan,-0.34460786
2011,Regulatory Quality,Kyrgyzstan,-0.223706394
2010,Regulatory Quality,Kyrgyzstan,-0.26139462
2009,Regulatory Quality,Kyrgyzstan,-0.333194166
2008,Regulatory Quality,Kyrgyzstan,-0.350435883
2007,Regulatory Quality,Kyrgyzstan,-0.416844815
2006,Regulatory Quality,Kyrgyzstan,-0.656034946
2005,Regulatory Quality,Kyrgyzstan,-1.008081913
2004,Regulatory Quality,Kyrgyzstan,-0.389383018
2003,Regulatory Quality,Kyrgyzstan,-0.405866712
2002,Regulatory Quality,Kyrgyzstan,-0.140870079
2000,Regulatory Quality,Kyrgyzstan,-0.234089404
1998,Regulatory Quality,Kyrgyzstan,-0.188530892
1996,Regulatory Quality,Kyrgyzstan,-0.298121572
2021,Regulatory Quality,Lithuania,1.276888251
2020,Regulatory Quality,Lithuania,1.090660095
2019,Regulatory Quality,Lithuania,1.155692458
2018,Regulatory Quality,Lithuania,1.100566149
2017,Regulatory Quality,Lithuania,1.154124022
2016,Regulatory Quality,Lithuania,1.132786036
2015,Regulatory Quality,Lithuania,1.272503018
2014,Regulatory Quality,Lithuania,1.188768387
2013,Regulatory Quality,Lithuania,1.147009254
2012,Regulatory Quality,Lithuania,1.117751122
2011,Regulatory Quality,Lithuania,0.926461577
2010,Regulatory Quality,Lithuania,0.960122764
2009,Regulatory Quality,Lithuania,0.951837957
2008,Regulatory Quality,Lithuania,1.042177677
2007,Regulatory Quality,Lithuania,1.010036111
2006,Regulatory Quality,Lithuania,0.973231792
2005,Regulatory Quality,Lithuania,0.936665177
2004,Regulatory Quality,Lithuania,1.058151603
2003,Regulatory Quality,Lithuania,1.038295269
2002,Regulatory Quality,Lithuania,1.077029228
2000,Regulatory Quality,Lithuania,0.714432061
1998,Regulatory Quality,Lithuania,0.91604811
1996,Regulatory Quality,Lithuania,1.076940894
2021,Regulatory Quality,Luxembourg,1.915203333
2020,Regulatory Quality,Luxembourg,1.847934842
2019,Regulatory Quality,Luxembourg,1.698431134
2018,Regulatory Quality,Luxembourg,1.756064296
2017,Regulatory Quality,Luxembourg,1.689293742
2016,Regulatory Quality,Luxembourg,1.718979716
2015,Regulatory Quality,Luxembourg,1.65323925
2014,Regulatory Quality,Luxembourg,1.625041127
2013,Regulatory Quality,Luxembourg,1.770977259
2012,Regulatory Quality,Luxembourg,1.759886026
2011,Regulatory Quality,Luxembourg,1.85898304
2010,Regulatory Quality,Luxembourg,1.673909426
2009,Regulatory Quality,Luxembourg,1.643333912
2008,Regulatory Quality,Luxembourg,1.658034682
2007,Regulatory Quality,Luxembourg,1.737618685
2006,Regulatory Quality,Luxembourg,1.674869657
2005,Regulatory Quality,Luxembourg,1.638608694
2004,Regulatory Quality,Luxembourg,1.784244657
2003,Regulatory Quality,Luxembourg,1.788604856
2002,Regulatory Quality,Luxembourg,1.864336729
2000,Regulatory Quality,Luxembourg,1.849446416
1998,Regulatory Quality,Luxembourg,1.491168499
1996,Regulatory Quality,Luxembourg,1.757416725
2021,Regulatory Quality,Latvia,1.223477721
2020,Regulatory Quality,Latvia,1.190822363
2019,Regulatory Quality,Latvia,1.191028714
2018,Regulatory Quality,Latvia,1.140990019
2017,Regulatory Quality,Latvia,1.152490377
2016,Regulatory Quality,Latvia,1.076778889
2015,Regulatory Quality,Latvia,1.084394813
2014,Regulatory Quality,Latvia,1.166745305
2013,Regulatory Quality,Latvia,1.037102938
2012,Regulatory Quality,Latvia,1.010626793
2011,Regulatory Quality,Latvia,0.954886913
2010,Regulatory Quality,Latvia,0.928532481
2009,Regulatory Quality,Latvia,0.922658324
2008,Regulatory Quality,Latvia,0.966387451
2007,Regulatory Quality,Latvia,0.954827309
2006,Regulatory Quality,Latvia,0.933780432
2005,Regulatory Quality,Latvia,0.874489903
2004,Regulatory Quality,Latvia,0.921956718
2003,Regulatory Quality,Latvia,0.954042315
2002,Regulatory Quality,Latvia,0.883539677
2000,Regulatory Quality,Latvia,0.69623071
1998,Regulatory Quality,Latvia,0.83918637
1996,Regulatory Quality,Latvia,0.904138863
2021,Regulatory Quality,Moldova,0.013904043
2020,Regulatory Quality,Moldova,0.002466966
2019,Regulatory Quality,Moldova,-0.035521571
2018,Regulatory Quality,Moldova,-0.020723321
2017,Regulatory Quality,Moldova,-0.034842685
2016,Regulatory Quality,Moldova,-0.123699941
2015,Regulatory Quality,Moldova,-0.06467668
2014,Regulatory Quality,Moldova,0.014869669
2013,Regulatory Quality,Moldova,-0.085767806
2012,Regulatory Quality,Moldova,-0.11593055
2011,Regulatory Quality,Moldova,-0.103003003
2010,Regulatory Quality,Moldova,-0.132566243
2009,Regulatory Quality,Moldova,-0.144404069
2008,Regulatory Quality,Moldova,-0.201783881
2007,Regulatory Quality,Moldova,-0.283888221
2006,Regulatory Quality,Moldova,-0.348091394
2005,Regulatory Quality,Moldova,-0.460677326
2004,Regulatory Quality,Moldova,-0.430486381
2003,Regulatory Quality,Moldova,-0.41021201
2002,Regulatory Quality,Moldova,-0.403108656
2000,Regulatory Quality,Moldova,-0.13722226
1998,Regulatory Quality,Moldova,-0.106951557
1996,Regulatory Quality,Moldova,-0.066545919
2021,Regulatory Quality,North Macedonia,0.41672489
2020,Regulatory Quality,North Macedonia,0.448257148
2019,Regulatory Quality,North Macedonia,0.452311516
2018,Regulatory Quality,North Macedonia,0.52442342
2017,Regulatory Quality,North Macedonia,0.454407305
2016,Regulatory Quality,North Macedonia,0.392085105
2015,Regulatory Quality,North Macedonia,0.373514771
2014,Regulatory Quality,North Macedonia,0.421686172
2013,Regulatory Quality,North Macedonia,0.247319892
2012,Regulatory Quality,North Macedonia,0.264106423
2011,Regulatory Quality,North Macedonia,0.215584025
2010,Regulatory Quality,North Macedonia,0.237565532
2009,Regulatory Quality,North Macedonia,0.194719598
2008,Regulatory Quality,North Macedonia,0.119425923
2007,Regulatory Quality,North Macedonia,0.042447865
2006,Regulatory Quality,North Macedonia,-0.09363433
2005,Regulatory Quality,North Macedonia,-0.232430562
2004,Regulatory Quality,North Macedonia,0.020573849
2003,Regulatory Quality,North Macedonia,-0.173230603
2002,Regulatory Quality,North Macedonia,-0.161741629
2000,Regulatory Quality,North Macedonia,-0.258749276
1998,Regulatory Quality,North Macedonia,-0.365546852
1996,Regulatory Quality,North Macedonia,-0.348028451
2021,Regulatory Quality,Malta,0.813723207
2020,Regulatory Quality,Malta,1.222333431
2019,Regulatory Quality,Malta,0.953892291
2018,Regulatory Quality,Malta,1.335242867
2017,Regulatory Quality,Malta,1.280290246
2016,Regulatory Quality,Malta,1.153371334
2015,Regulatory Quality,Malta,1.164396167
2014,Regulatory Quality,Malta,1.078362703
2013,Regulatory Quality,Malta,1.290717721
2012,Regulatory Quality,Malta,1.321319699
2011,Regulatory Quality,Malta,1.334326267
2010,Regulatory Quality,Malta,1.42860508
2009,Regulatory Quality,Malta,1.364444613
2008,Regulatory Quality,Malta,1.201978564
2007,Regulatory Quality,Malta,1.144415736
2006,Regulatory Quality,Malta,1.114864707
2005,Regulatory Quality,Malta,1.060323238
2004,Regulatory Quality,Malta,1.124591827
2003,Regulatory Quality,Malta,1.148790598
2002,Regulatory Quality,Malta,1.060881257
2000,Regulatory Quality,Malta,1.100150585
1998,Regulatory Quality,Malta,1.012163877
1996,Regulatory Quality,Malta,0.967723608
2021,Regulatory Quality,Montenegro,0.43062079
2020,Regulatory Quality,Montenegro,0.437879831
2019,Regulatory Quality,Montenegro,0.408847392
2018,Regulatory Quality,Montenegro,0.402972072
2017,Regulatory Quality,Montenegro,0.336299419
2016,Regulatory Quality,Montenegro,0.243920729
2015,Regulatory Quality,Montenegro,0.241498619
2014,Regulatory Quality,Montenegro,0.175064266
2013,Regulatory Quality,Montenegro,0.093567498
2012,Regulatory Quality,Montenegro,0.034414675
2011,Regulatory Quality,Montenegro,0.000100756
2010,Regulatory Quality,Montenegro,-0.007252727
2009,Regulatory Quality,Montenegro,0.029315198
2008,Regulatory Quality,Montenegro,-0.070495389
2007,Regulatory Quality,Montenegro,-0.127576694
2006,Regulatory Quality,Montenegro,-0.549078822
2005,Regulatory Quality,Montenegro,-0.132531121
2021,Regulatory Quality,Netherlands,1.752583385
2020,Regulatory Quality,Netherlands,1.758723021
2019,Regulatory Quality,Netherlands,1.859692931
2018,Regulatory Quality,Netherlands,2.01860261
2017,Regulatory Quality,Netherlands,2.04545331
2016,Regulatory Quality,Netherlands,1.973211288
2015,Regulatory Quality,Netherlands,1.794146419
2014,Regulatory Quality,Netherlands,1.7631253
2013,Regulatory Quality,Netherlands,1.760917544
2012,Regulatory Quality,Netherlands,1.745505095
2011,Regulatory Quality,Netherlands,1.804837584
2010,Regulatory Quality,Netherlands,1.729081273
2009,Regulatory Quality,Netherlands,1.697055578
2008,Regulatory Quality,Netherlands,1.775118947
2007,Regulatory Quality,Netherlands,1.800438523
2006,Regulatory Quality,Netherlands,1.682605624
2005,Regulatory Quality,Netherlands,1.654107094
2004,Regulatory Quality,Netherlands,1.765661716
2003,Regulatory Quality,Netherlands,1.718166828
2002,Regulatory Quality,Netherlands,1.819209218
2000,Regulatory Quality,Netherlands,2.025181293
1998,Regulatory Quality,Netherlands,1.862751842
1996,Regulatory Quality,Netherlands,1.8410604
2021,Regulatory Quality,Norway,1.635414124
2020,Regulatory Quality,Norway,1.703167439
2019,Regulatory Quality,Norway,1.802645683
2018,Regulatory Quality,Norway,1.789726734
2017,Regulatory Quality,Norway,1.811427236
2016,Regulatory Quality,Norway,1.69484961
2015,Regulatory Quality,Norway,1.602116466
2014,Regulatory Quality,Norway,1.640582204
2013,Regulatory Quality,Norway,1.657411098
2012,Regulatory Quality,Norway,1.539739251
2011,Regulatory Quality,Norway,1.602969527
2010,Regulatory Quality,Norway,1.511984587
2009,Regulatory Quality,Norway,1.464951038
2008,Regulatory Quality,Norway,1.372900724
2007,Regulatory Quality,Norway,1.329770327
2006,Regulatory Quality,Norway,1.220952749
2005,Regulatory Quality,Norway,1.478502393
2004,Regulatory Quality,Norway,1.439240694
2003,Regulatory Quality,Norway,1.307568908
2002,Regulatory Quality,Norway,1.220713973
2000,Regulatory Quality,Norway,1.107441306
1998,Regulatory Quality,Norway,1.407007694
1996,Regulatory Quality,Norway,1.531025887
2021,Regulatory Quality,Poland,0.840023577
2020,Regulatory Quality,Poland,0.861159921
2019,Regulatory Quality,Poland,1.021948099
2018,Regulatory Quality,Poland,0.882684767
2017,Regulatory Quality,Poland,0.815237224
2016,Regulatory Quality,Poland,0.914959908
2015,Regulatory Quality,Poland,0.965730309
2014,Regulatory Quality,Poland,1.063315392
2013,Regulatory Quality,Poland,1.05261457
2012,Regulatory Quality,Poland,0.996395767
2011,Regulatory Quality,Poland,0.958582044
2010,Regulatory Quality,Poland,1.023158789
2009,Regulatory Quality,Poland,0.976622403
2008,Regulatory Quality,Poland,0.844261587
2007,Regulatory Quality,Poland,0.768656671
2006,Regulatory Quality,Poland,0.701598585
2005,Regulatory Quality,Poland,0.812517762
2004,Regulatory Quality,Poland,0.75869143
2003,Regulatory Quality,Poland,0.694821358
2002,Regulatory Quality,Poland,0.650061429
2000,Regulatory Quality,Poland,0.704200506
1998,Regulatory Quality,Poland,0.616440833
1996,Regulatory Quality,Poland,0.724792421
2021,Regulatory Quality,Portugal,0.736070037
2020,Regulatory Quality,Portugal,0.834571183
2019,Regulatory Quality,Portugal,0.967999637
2018,Regulatory Quality,Portugal,0.883467257
2017,Regulatory Quality,Portugal,0.90679121
2016,Regulatory Quality,Portugal,0.840800703
2015,Regulatory Quality,Portugal,0.952535808
2014,Regulatory Quality,Portugal,0.745933354
2013,Regulatory Quality,Portugal,0.798301339
2012,Regulatory Quality,Portugal,0.821372986
2011,Regulatory Quality,Portugal,0.62163049
2010,Regulatory Quality,Portugal,0.717936516
2009,Regulatory Quality,Portugal,0.98944813
2008,Regulatory Quality,Portugal,1.100550771
2007,Regulatory Quality,Portugal,1.081407785
2006,Regulatory Quality,Portugal,1.064929008
2005,Regulatory Quality,Portugal,1.279269099
2004,Regulatory Quality,Portugal,1.187247157
2003,Regulatory Quality,Portugal,1.222377777
2002,Regulatory Quality,Portugal,1.247205257
2000,Regulatory Quality,Portugal,0.919032693
1998,Regulatory Quality,Portugal,1.085837483
1996,Regulatory Quality,Portugal,1.219081879
2021,Regulatory Quality,Romania,0.30902037
2020,Regulatory Quality,Romania,0.360423952
2019,Regulatory Quality,Romania,0.459240168
2018,Regulatory Quality,Romania,0.417061269
2017,Regulatory Quality,Romania,0.445294321
2016,Regulatory Quality,Romania,0.575496197
2015,Regulatory Quality,Romania,0.581416547
2014,Regulatory Quality,Romania,0.600805342
2013,Regulatory Quality,Romania,0.634414732
2012,Regulatory Quality,Romania,0.564533114
2011,Regulatory Quality,Romania,0.687459826
2010,Regulatory Quality,Romania,0.67256701
2009,Regulatory Quality,Romania,0.617714942
2008,Regulatory Quality,Romania,0.597521305
2007,Regulatory Quality,Romania,0.506391943
2006,Regulatory Quality,Romania,0.441958904
2005,Regulatory Quality,Romania,0.242886126
2004,Regulatory Quality,Romania,0.180780634
2003,Regulatory Quality,Romania,-0.051850341
2002,Regulatory Quality,Romania,0.045701791
2000,Regulatory Quality,Romania,-0.104750372
1998,Regulatory Quality,Romania,0.211220115
1996,Regulatory Quality,Romania,0.026118133
2021,Regulatory Quality,Serbia,0.052124023
2020,Regulatory Quality,Serbia,0.094855107
2019,Regulatory Quality,Serbia,0.1117725
2018,Regulatory Quality,Serbia,0.111153185
2017,Regulatory Quality,Serbia,-0.032494158
2016,Regulatory Quality,Serbia,0.034261219
2015,Regulatory Quality,Serbia,0.151395857
2014,Regulatory Quality,Serbia,0.181434169
2013,Regulatory Quality,Serbia,-0.0626247
2012,Regulatory Quality,Serbia,-0.070326254
2011,Regulatory Quality,Serbia,-0.016896952
2010,Regulatory Quality,Serbia,-0.065657973
2009,Regulatory Quality,Serbia,-0.182950586
2008,Regulatory Quality,Serbia,-0.386879176
2007,Regulatory Quality,Serbia,-0.437243164
2006,Regulatory Quality,Serbia,-0.530395031
2005,Regulatory Quality,Serbia,-0.623985469
2004,Regulatory Quality,Serbia,-0.467083603
2003,Regulatory Quality,Serbia,-0.611243188
2002,Regulatory Quality,Serbia,-0.638883829
2000,Regulatory Quality,Serbia,-0.857414663
1998,Regulatory Quality,Serbia,-0.822418809
1996,Regulatory Quality,Serbia,-0.717159688
2021,Regulatory Quality,Slovak Republic,0.874235034
2020,Regulatory Quality,Slovak Republic,0.78571862
2019,Regulatory Quality,Slovak Republic,1.005047917
2018,Regulatory Quality,Slovak Republic,0.806757152
2017,Regulatory Quality,Slovak Republic,0.821869314
2016,Regulatory Quality,Slovak Republic,0.885478973
2015,Regulatory Quality,Slovak Republic,0.784459472
2014,Regulatory Quality,Slovak Republic,0.885451794
2013,Regulatory Quality,Slovak Republic,0.92778039
2012,Regulatory Quality,Slovak Republic,1.040906668
2011,Regulatory Quality,Slovak Republic,0.999639213
2010,Regulatory Quality,Slovak Republic,0.999186158
2009,Regulatory Quality,Slovak Republic,1.048043728
2008,Regulatory Quality,Slovak Republic,1.078327537
2007,Regulatory Quality,Slovak Republic,0.974188089
2006,Regulatory Quality,Slovak Republic,1.084782243
2005,Regulatory Quality,Slovak Republic,1.126772285
2004,Regulatory Quality,Slovak Republic,1.083422542
2003,Regulatory Quality,Slovak Republic,0.91302371
2002,Regulatory Quality,Slovak Republic,0.903905571
2000,Regulatory Quality,Slovak Republic,0.57780838
1998,Regulatory Quality,Slovak Republic,0.496213675
1996,Regulatory Quality,Slovak Republic,0.672422051
2021,Regulatory Quality,Slovenia,0.834269524
2020,Regulatory Quality,Slovenia,0.92386055
2019,Regulatory Quality,Slovenia,1.007107973
2018,Regulatory Quality,Slovenia,0.652155876
2017,Regulatory Quality,Slovenia,0.576206565
2016,Regulatory Quality,Slovenia,0.636555076
2015,Regulatory Quality,Slovenia,0.622256517
2014,Regulatory Quality,Slovenia,0.657770276
2013,Regulatory Quality,Slovenia,0.624960363
2012,Regulatory Quality,Slovenia,0.625475347
2011,Regulatory Quality,Slovenia,0.69279635
2010,Regulatory Quality,Slovenia,0.759355605
2009,Regulatory Quality,Slovenia,0.913787246
2008,Regulatory Quality,Slovenia,0.847147286
2007,Regulatory Quality,Slovenia,0.800101042
2006,Regulatory Quality,Slovenia,0.794790149
2005,Regulatory Quality,Slovenia,0.883193433
2004,Regulatory Quality,Slovenia,0.844685614
2003,Regulatory Quality,Slovenia,0.881739914
2002,Regulatory Quality,Slovenia,0.851863027
2000,Regulatory Quality,Slovenia,0.672722459
1998,Regulatory Quality,Slovenia,1.049601316
1996,Regulatory Quality,Slovenia,1.09056139
2021,Regulatory Quality,Sweden,1.752570987
2020,Regulatory Quality,Sweden,1.687518954
2019,Regulatory Quality,Sweden,1.800264716
2018,Regulatory Quality,Sweden,1.831447601
2017,Regulatory Quality,Sweden,1.796406507
2016,Regulatory Quality,Sweden,1.851178288
2015,Regulatory Quality,Sweden,1.810170889
2014,Regulatory Quality,Sweden,1.805163264
2013,Regulatory Quality,Sweden,1.895466685
2012,Regulatory Quality,Sweden,1.900038838
2011,Regulatory Quality,Sweden,1.892241955
2010,Regulatory Quality,Sweden,1.656240582
2009,Regulatory Quality,Sweden,1.649703622
2008,Regulatory Quality,Sweden,1.635884047
2007,Regulatory Quality,Sweden,1.572997212
2006,Regulatory Quality,Sweden,1.439547062
2005,Regulatory Quality,Sweden,1.532868862
2004,Regulatory Quality,Sweden,1.669409156
2003,Regulatory Quality,Sweden,1.610253572
2002,Regulatory Quality,Sweden,1.590243936
2000,Regulatory Quality,Sweden,1.34945941
1998,Regulatory Quality,Sweden,1.164456725
1996,Regulatory Quality,Sweden,1.319948554
2021,Regulatory Quality,Tajikistan,-1.125773072
2020,Regulatory Quality,Tajikistan,-1.038092852
2019,Regulatory Quality,Tajikistan,-1.030121803
2018,Regulatory Quality,Tajikistan,-1.06789577
2017,Regulatory Quality,Tajikistan,-1.08035326
2016,Regulatory Quality,Tajikistan,-1.102454185
2015,Regulatory Quality,Tajikistan,-1.041050673
2014,Regulatory Quality,Tajikistan,-1.036864042
2013,Regulatory Quality,Tajikistan,-1.066145539
2012,Regulatory Quality,Tajikistan,-1.011844516
2011,Regulatory Quality,Tajikistan,-0.977914989
2010,Regulatory Quality,Tajikistan,-1.010269761
2009,Regulatory Quality,Tajikistan,-1.064246535
2008,Regulatory Quality,Tajikistan,-1.077060342
2007,Regulatory Quality,Tajikistan,-1.132352829
2006,Regulatory Quality,Tajikistan,-1.106146812
2005,Regulatory Quality,Tajikistan,-1.127930045
2004,Regulatory Quality,Tajikistan,-1.12121141
2003,Regulatory Quality,Tajikistan,-1.089490056
2002,Regulatory Quality,Tajikistan,-1.346471786
2000,Regulatory Quality,Tajikistan,-1.161776781
1998,Regulatory Quality,Tajikistan,-1.465714335
1996,Regulatory Quality,Tajikistan,-1.521551132
2021,Regulatory Quality,Turkmenistan,-2.018804789
2020,Regulatory Quality,Turkmenistan,-2.036666393
2019,Regulatory Quality,Turkmenistan,-2.014978647
2018,Regulatory Quality,Turkmenistan,-1.981237888
2017,Regulatory Quality,Turkmenistan,-1.975878716
2016,Regulatory Quality,Turkmenistan,-2.10329628
2015,Regulatory Quality,Turkmenistan,-2.073918819
2014,Regulatory Quality,Turkmenistan,-2.097846508
2013,Regulatory Quality,Turkmenistan,-2.132285595
2012,Regulatory Quality,Turkmenistan,-2.114089966
2011,Regulatory Quality,Turkmenistan,-2.050928116
2010,Regulatory Quality,Turkmenistan,-2.061424971
2009,Regulatory Quality,Turkmenistan,-1.967352509
2008,Regulatory Quality,Turkmenistan,-1.959103823
2007,Regulatory Quality,Turkmenistan,-2.009495258
2006,Regulatory Quality,Turkmenistan,-2.087571383
2005,Regulatory Quality,Turkmenistan,-1.789073229
2004,Regulatory Quality,Turkmenistan,-1.841409445
2003,Regulatory Quality,Turkmenistan,-1.744266748
2002,Regulatory Quality,Turkmenistan,-1.667082429
2000,Regulatory Quality,Turkmenistan,-1.768283486
1998,Regulatory Quality,Turkmenistan,-1.748048067
1996,Regulatory Quality,Turkmenistan,-1.376553655
2021,Regulatory Quality,Türkiye,-0.08191213
2020,Regulatory Quality,Türkiye,-0.010028477
2019,Regulatory Quality,Türkiye,-0.003839991
2018,Regulatory Quality,Türkiye,0.028570814
2017,Regulatory Quality,Türkiye,0.057467476
2016,Regulatory Quality,Türkiye,0.203276694
2015,Regulatory Quality,Türkiye,0.288755
2014,Regulatory Quality,Türkiye,0.432501823
2013,Regulatory Quality,Türkiye,0.463030308
2012,Regulatory Quality,Türkiye,0.450981587
2011,Regulatory Quality,Türkiye,0.393024772
2010,Regulatory Quality,Türkiye,0.312994033
2009,Regulatory Quality,Türkiye,0.288754821
2008,Regulatory Quality,Türkiye,0.269334227
2007,Regulatory Quality,Türkiye,0.329305053
2006,Regulatory Quality,Türkiye,0.280463099
2005,Regulatory Quality,Türkiye,0.269054443
2004,Regulatory Quality,Türkiye,0.030695695
2003,Regulatory Quality,Türkiye,0.015878489
2002,Regulatory Quality,Türkiye,0.055775434
2000,Regulatory Quality,Türkiye,0.245814547
1998,Regulatory Quality,Türkiye,0.363668382
1996,Regulatory Quality,Türkiye,0.103578582
2021,Regulatory Quality,Ukraine,-0.278163433
2020,Regulatory Quality,Ukraine,-0.252103299
2019,Regulatory Quality,Ukraine,-0.202633947
2018,Regulatory Quality,Ukraine,-0.244220331
2017,Regulatory Quality,Ukraine,-0.266749024
2016,Regulatory Quality,Ukraine,-0.400204659
2015,Regulatory Quality,Ukraine,-0.598943889
2014,Regulatory Quality,Ukraine,-0.586776257
2013,Regulatory Quality,Ukraine,-0.585612416
2012,Regulatory Quality,Ukraine,-0.554683208
2011,Regulatory Quality,Ukraine,-0.563705266
2010,Regulatory Quality,Ukraine,-0.454440266
2009,Regulatory Quality,Ukraine,-0.559112489
2008,Regulatory Quality,Ukraine,-0.516110599
2007,Regulatory Quality,Ukraine,-0.409717262
2006,Regulatory Quality,Ukraine,-0.486631006
2005,Regulatory Quality,Ukraine,-0.510850072
2004,Regulatory Quality,Ukraine,-0.347879618
2003,Regulatory Quality,Ukraine,-0.555056512
2002,Regulatory Quality,Ukraine,-0.624253511
2000,Regulatory Quality,Ukraine,-0.405505002
1998,Regulatory Quality,Ukraine,-0.707292855
1996,Regulatory Quality,Ukraine,-0.41892156
2021,Regulatory Quality,Uzbekistan,-0.581233621
2020,Regulatory Quality,Uzbekistan,-0.977474451
2019,Regulatory Quality,Uzbekistan,-1.030110121
2018,Regulatory Quality,Uzbekistan,-1.106446624
2017,Regulatory Quality,Uzbekistan,-1.281056523
2016,Regulatory Quality,Uzbekistan,-1.627996325
2015,Regulatory Quality,Uzbekistan,-1.663137794
2014,Regulatory Quality,Uzbekistan,-1.729825616
2013,Regulatory Quality,Uzbekistan,-1.603982806
2012,Regulatory Quality,Uzbekistan,-1.579983473
2011,Regulatory Quality,Uzbekistan,-1.557781339
2010,Regulatory Quality,Uzbekistan,-1.536477327
2009,Regulatory Quality,Uzbekistan,-1.469173312
2008,Regulatory Quality,Uzbekistan,-1.363840461
2007,Regulatory Quality,Uzbekistan,-1.506052732
2006,Regulatory Quality,Uzbekistan,-1.628457427
2005,Regulatory Quality,Uzbekistan,-1.513823986
2004,Regulatory Quality,Uzbekistan,-1.581190109
2003,Regulatory Quality,Uzbekistan,-1.423900008
2002,Regulatory Quality,Uzbekistan,-1.510510683
2000,Regulatory Quality,Uzbekistan,-2.242905617
1998,Regulatory Quality,Uzbekistan,-2.021319866
1996,Regulatory Quality,Uzbekistan,-1.776772618
2021,Regulatory Quality,Kosovo⁎,-0.272519022
2020,Regulatory Quality,Kosovo⁎,-0.303990692
2019,Regulatory Quality,Kosovo⁎,-0.374860853
2018,Regulatory Quality,Kosovo⁎,-0.324225783
2017,Regulatory Quality,Kosovo⁎,-0.136985153
2016,Regulatory Quality,Kosovo⁎,-0.203981861
2015,Regulatory Quality,Kosovo⁎,-0.300878823
2014,Regulatory Quality,Kosovo⁎,-0.161953509
2013,Regulatory Quality,Kosovo⁎,-0.040910311
2012,Regulatory Quality,Kosovo⁎,-0.040483929
2011,Regulatory Quality,Kosovo⁎,-0.151747063
2010,Regulatory Quality,Kosovo⁎,-0.096795879
2009,Regulatory Quality,Kosovo⁎,0.061585706
2008,Regulatory Quality,Kosovo⁎,0.032282241
2007,Regulatory Quality,Kosovo⁎,0.037798978
