Year,SeriesCode,GeoAreaName,Age,Disability status,Population Group,Sex,Type of occupation,Value
2021,SG_DMK_JDC,Austria,<45Y,_T,TOTAL,BOTHSEX,JUDGES,0.52
2021,SG_DMK_JDC,Austria,ALLAGE,_T,TOTAL,FEMALE,REGISTRARS,1.25
2021,SG_DMK_JDC,Austria,ALLAGE,_T,TOTAL,FEMALE,JUDGES,1.1
2021,SG_DMK_JDC,Austria,<45Y,_T,TOTAL,BOTHSEX,REGISTRARS,0.76
2022,SG_DMK_JDC,Austria,ALLAGE,_T,TOTAL,FEMALE,REGISTRARS,1.28
2022,SG_DMK_JDC,Austria,ALLAGE,_T,TOTAL,FEMALE,JUDGES,1.13
2022,SG_DMK_JDC,Austria,<45Y,_T,TOTAL,BOTHSEX,REGISTRARS,0.76
2022,SG_DMK_JDC,Austria,<45Y,_T,TOTAL,BOTHSEX,JUDGES,0.53
2021,SG_DMK_JDC,Bosnia and Herzegovina,ALLAGE,_T,TOTAL,FEMALE,JUDGES,1.27
2021,SG_DMK_JDC,Bosnia and Herzegovina,<45Y,_T,TOTAL,BOTHSEX,JUDGES,0.49
2022,SG_DMK_JDC,Belarus,<45Y,_T,TOTAL,BOTHSEX,JUDGES,0.73
2022,SG_DMK_JDC,Belarus,ALLAGE,_T,TOTAL,FEMALE,JUDGES,1.16
2020,SG_DMK_JDC,Croatia,<45Y,_T,TOTAL,BOTHSEX,REGISTRARS,0.99
2020,SG_DMK_JDC,Croatia,<45Y,_T,TOTAL,BOTHSEX,JUDGES,0.35
2020,SG_DMK_JDC,Croatia,ALLAGE,_T,TOTAL,FEMALE,REGISTRARS,1.73
2020,SG_DMK_JDC,Croatia,ALLAGE,_T,TOTAL,FEMALE,JUDGES,1.42
2021,SG_DMK_JDC,Croatia,<45Y,_T,TOTAL,BOTHSEX,REGISTRARS,0.97
2021,SG_DMK_JDC,Croatia,<45Y,_T,TOTAL,BOTHSEX,JUDGES,0.36
2021,SG_DMK_JDC,Croatia,ALLAGE,_T,TOTAL,FEMALE,JUDGES,1.43
2021,SG_DMK_JDC,Croatia,ALLAGE,_T,TOTAL,FEMALE,REGISTRARS,1.73
2020,SG_DMK_JDC,Cyprus,<45Y,_T,TOTAL,BOTHSEX,REGISTRARS,1.66
2020,SG_DMK_JDC,Cyprus,<45Y,_T,TOTAL,BOTHSEX,JUDGES,1.25
2020,SG_DMK_JDC,Cyprus,ALLAGE,_T,TOTAL,FEMALE,REGISTRARS,1.48
2020,SG_DMK_JDC,Cyprus,ALLAGE,_T,TOTAL,FEMALE,JUDGES,1.05
2021,SG_DMK_JDC,Cyprus,ALLAGE,_T,TOTAL,FEMALE,JUDGES,1.05
2021,SG_DMK_JDC,Cyprus,ALLAGE,_T,TOTAL,FEMALE,REGISTRARS,1.43
2021,SG_DMK_JDC,Cyprus,<45Y,_T,TOTAL,BOTHSEX,REGISTRARS,1.27
2021,SG_DMK_JDC,Cyprus,<45Y,_T,TOTAL,BOTHSEX,JUDGES,1.24
2021,SG_DMK_JDC,Czechia,<45Y,_T,TOTAL,BOTHSEX,JUDGES,0.73
2021,SG_DMK_JDC,Czechia,ALLAGE,_T,TOTAL,FEMALE,JUDGES,1.2
2022,SG_DMK_JDC,Czechia,<45Y,_T,TOTAL,BOTHSEX,JUDGES,0.31
2022,SG_DMK_JDC,Czechia,ALLAGE,_T,TOTAL,FEMALE,JUDGES,1.19
2019,SG_DMK_JDC,Denmark,ALLAGE,_T,POP_C,BOTHSEX,JUDGES,0.14
2019,SG_DMK_JDC,Denmark,<45Y,_T,TOTAL,BOTHSEX,REGISTRARS,1.12
2019,SG_DMK_JDC,Denmark,<45Y,_T,TOTAL,BOTHSEX,JUDGES,0.58
2019,SG_DMK_JDC,Denmark,ALLAGE,_T,TOTAL,FEMALE,REGISTRARS,1.86
2019,SG_DMK_JDC,Denmark,ALLAGE,_T,TOTAL,FEMALE,JUDGES,1.2
2019,SG_DMK_JDC,Denmark,ALLAGE,_T,POP_A,BOTHSEX,REGISTRARS,1.12
2019,SG_DMK_JDC,Denmark,ALLAGE,_T,POP_A,BOTHSEX,JUDGES,1.17
2019,SG_DMK_JDC,Denmark,ALLAGE,_T,POP_B,BOTHSEX,REGISTRARS,0.08
2019,SG_DMK_JDC,Denmark,ALLAGE,_T,POP_B,BOTHSEX,JUDGES,0.12
2019,SG_DMK_JDC,Denmark,ALLAGE,_T,POP_C,BOTHSEX,REGISTRARS,0.48
2020,SG_DMK_JDC,Denmark,<45Y,_T,TOTAL,BOTHSEX,JUDGES,0.54
2020,SG_DMK_JDC,Denmark,ALLAGE,_T,TOTAL,FEMALE,JUDGES,1.17
2020,SG_DMK_JDC,Denmark,ALLAGE,_T,TOTAL,FEMALE,REGISTRARS,1.67
2020,SG_DMK_JDC,Denmark,<45Y,_T,TOTAL,BOTHSEX,REGISTRARS,1.06
2020,SG_DMK_JDC,Estonia,ALLAGE,_T,TOTAL,FEMALE,REGISTRARS,1.71
2020,SG_DMK_JDC,Estonia,ALLAGE,_T,TOTAL,FEMALE,JUDGES,1.3
2020,SG_DMK_JDC,Estonia,<45Y,_T,TOTAL,BOTHSEX,REGISTRARS,1.21
2020,SG_DMK_JDC,Estonia,<45Y,_T,TOTAL,BOTHSEX,JUDGES,0.62
2021,SG_DMK_JDC,Estonia,<45Y,_T,TOTAL,BOTHSEX,REGISTRARS,1.25
2021,SG_DMK_JDC,Estonia,<45Y,_T,TOTAL,BOTHSEX,JUDGES,0.57
2021,SG_DMK_JDC,Estonia,ALLAGE,_T,TOTAL,FEMALE,REGISTRARS,1.72
2021,SG_DMK_JDC,Estonia,ALLAGE,_T,TOTAL,FEMALE,JUDGES,1.32
2020,SG_DMK_JDC,Finland,<45Y,_T,TOTAL,BOTHSEX,JUDGES,0.55
2020,SG_DMK_JDC,Finland,<45Y,_T,TOTAL,BOTHSEX,REGISTRARS,0.92
2020,SG_DMK_JDC,Finland,ALLAGE,_T,TOTAL,FEMALE,REGISTRARS,1.65
2020,SG_DMK_JDC,Finland,ALLAGE,_T,TOTAL,FEMALE,JUDGES,1.23
2019,SG_DMK_JDC,Germany,ALLAGE,_T,TOTAL,FEMALE,JUDGES,0.93
2020,SG_DMK_JDC,Greece,ALLAGE,_T,TOTAL,FEMALE,JUDGES,1.45
2021,SG_DMK_JDC,Israel,ALLAGE,_T,TOTAL,FEMALE,REGISTRARS,1.28
2021,SG_DMK_JDC,Israel,<45Y,_T,TOTAL,BOTHSEX,REGISTRARS,1.39
2021,SG_DMK_JDC,Israel,ALLAGE,_T,POP_A,BOTHSEX,JUDGES,0.33
2021,SG_DMK_JDC,Israel,ALLAGE,_T,TOTAL,FEMALE,JUDGES,1.04
2021,SG_DMK_JDC,Israel,ALLAGE,_T,POP_A,BOTHSEX,REGISTRARS,0.43
2021,SG_DMK_JDC,Israel,<45Y,_T,TOTAL,BOTHSEX,JUDGES,0.21
2022,SG_DMK_JDC,Israel,ALLAGE,_T,TOTAL,FEMALE,JUDGES,1.06
2022,SG_DMK_JDC,Israel,ALLAGE,_T,POP_A,BOTHSEX,REGISTRARS,0.47
2022,SG_DMK_JDC,Israel,<45Y,_T,TOTAL,BOTHSEX,REGISTRARS,1.41
2022,SG_DMK_JDC,Israel,<45Y,_T,TOTAL,BOTHSEX,JUDGES,0.27
2022,SG_DMK_JDC,Israel,ALLAGE,_T,POP_A,BOTHSEX,JUDGES,0.32
2022,SG_DMK_JDC,Israel,ALLAGE,_T,TOTAL,FEMALE,REGISTRARS,1.27
2020,SG_DMK_JDC,Japan,<45Y,_T,TOTAL,BOTHSEX,REGISTRARS,0.75
2020,SG_DMK_JDC,Japan,<45Y,_T,TOTAL,BOTHSEX,JUDGES,0.83
2020,SG_DMK_JDC,Japan,ALLAGE,_T,TOTAL,FEMALE,REGISTRARS,0.72
2020,SG_DMK_JDC,Japan,ALLAGE,_T,TOTAL,FEMALE,JUDGES,0.46
2021,SG_DMK_JDC,Japan,<45Y,_T,TOTAL,BOTHSEX,REGISTRARS,0.74
2021,SG_DMK_JDC,Japan,<45Y,_T,TOTAL,BOTHSEX,JUDGES,0.81
2021,SG_DMK_JDC,Japan,ALLAGE,_T,TOTAL,FEMALE,REGISTRARS,0.74
2021,SG_DMK_JDC,Japan,ALLAGE,_T,TOTAL,FEMALE,JUDGES,0.47
2021,SG_DMK_JDC,Kazakhstan,ALLAGE,_T,TOTAL,FEMALE,REGISTRARS,1.42
2021,SG_DMK_JDC,Kazakhstan,ALLAGE,_T,TOTAL,FEMALE,JUDGES,1.01
2021,SG_DMK_JDC,Kazakhstan,ALLAGE,PD,TOTAL,BOTHSEX,REGISTRARS,0.21
2021,SG_DMK_JDC,Kazakhstan,ALLAGE,PD,TOTAL,BOTHSEX,JUDGES,0.1
2021,SG_DMK_JDC,Kazakhstan,<45Y,_T,TOTAL,BOTHSEX,REGISTRARS,1.33
2021,SG_DMK_JDC,Kazakhstan,<45Y,_T,TOTAL,BOTHSEX,JUDGES,0.67
2022,SG_DMK_JDC,Kazakhstan,<45Y,_T,TOTAL,BOTHSEX,JUDGES,0.74
2022,SG_DMK_JDC,Kazakhstan,ALLAGE,_T,TOTAL,FEMALE,REGISTRARS,1.45
2022,SG_DMK_JDC,Kazakhstan,ALLAGE,_T,TOTAL,FEMALE,JUDGES,1.06
2022,SG_DMK_JDC,Kazakhstan,<45Y,_T,TOTAL,BOTHSEX,REGISTRARS,1.4
2020,SG_DMK_JDC,Latvia,<45Y,_T,TOTAL,BOTHSEX,REGISTRARS,1.34
2020,SG_DMK_JDC,Latvia,<45Y,_T,TOTAL,BOTHSEX,JUDGES,0.44
2020,SG_DMK_JDC,Latvia,ALLAGE,_T,TOTAL,FEMALE,REGISTRARS,1.9
2020,SG_DMK_JDC,Latvia,ALLAGE,_T,TOTAL,FEMALE,JUDGES,1.63
2021,SG_DMK_JDC,Latvia,<45Y,_T,TOTAL,BOTHSEX,JUDGES,0.4
2021,SG_DMK_JDC,Latvia,<45Y,_T,TOTAL,BOTHSEX,REGISTRARS,1.44
2021,SG_DMK_JDC,Latvia,ALLAGE,_T,TOTAL,FEMALE,REGISTRARS,1.92
2021,SG_DMK_JDC,Latvia,ALLAGE,_T,TOTAL,FEMALE,JUDGES,1.61
2020,SG_DMK_JDC,Liechtenstein,ALLAGE,_T,TOTAL,FEMALE,JUDGES,0.59
2020,SG_DMK_JDC,Lithuania,ALLAGE,_T,TOTAL,FEMALE,REGISTRARS,1.18
2020,SG_DMK_JDC,Lithuania,ALLAGE,_T,TOTAL,FEMALE,JUDGES,1.29
2020,SG_DMK_JDC,Lithuania,<45Y,_T,TOTAL,BOTHSEX,REGISTRARS,1.07
2020,SG_DMK_JDC,Lithuania,<45Y,_T,TOTAL,BOTHSEX,JUDGES,0.61
2021,SG_DMK_JDC,Lithuania,ALLAGE,_T,TOTAL,FEMALE,REGISTRARS,1.33
2021,SG_DMK_JDC,Lithuania,<45Y,_T,TOTAL,BOTHSEX,JUDGES,0.58
2021,SG_DMK_JDC,Lithuania,<45Y,_T,TOTAL,BOTHSEX,REGISTRARS,1.01
2021,SG_DMK_JDC,Lithuania,ALLAGE,_T,TOTAL,FEMALE,JUDGES,1.31
2020,SG_DMK_JDC,Malta,ALLAGE,_T,TOTAL,FEMALE,JUDGES,1.14
2020,SG_DMK_JDC,Malta,<45Y,_T,TOTAL,BOTHSEX,JUDGES,0.29
2021,SG_DMK_JDC,Malta,ALLAGE,_T,TOTAL,FEMALE,JUDGES,1.11
2021,SG_DMK_JDC,Malta,<45Y,_T,TOTAL,BOTHSEX,JUDGES,0.24
2019,SG_DMK_JDC,Mexico,ALLAGE,_T,TOTAL,FEMALE,JUDGES,0.43
2019,SG_DMK_JDC,Mexico,<45Y,_T,TOTAL,BOTHSEX,JUDGES,0.36
2020,SG_DMK_JDC,Mexico,ALLAGE,_T,TOTAL,FEMALE,JUDGES,0.76
2020,SG_DMK_JDC,Mexico,<45Y,_T,TOTAL,BOTHSEX,JUDGES,0.41
2020,SG_DMK_JDC,Mexico,ALLAGE,_T,TOTAL,FEMALE,REGISTRARS,1.3
2019,SG_DMK_JDC,Republic of Moldova,ALLAGE,_T,TOTAL,FEMALE,REGISTRARS,1.61
2019,SG_DMK_JDC,Republic of Moldova,ALLAGE,_T,TOTAL,FEMALE,JUDGES,0.99
2019,SG_DMK_JDC,Republic of Moldova,<45Y,_T,TOTAL,BOTHSEX,REGISTRARS,2.03
2019,SG_DMK_JDC,Republic of Moldova,<45Y,_T,TOTAL,BOTHSEX,JUDGES,1.17
2019,SG_DMK_JDC,Republic of Moldova,ALLAGE,PD,TOTAL,BOTHSEX,REGISTRARS,0.03
2019,SG_DMK_JDC,Republic of Moldova,ALLAGE,PD,TOTAL,BOTHSEX,JUDGES,0.04
2021,SG_DMK_JDC,Republic of Moldova,<45Y,_T,TOTAL,BOTHSEX,REGISTRARS,2.01
2021,SG_DMK_JDC,Republic of Moldova,ALLAGE,PD,TOTAL,BOTHSEX,REGISTRARS,0.03
2021,SG_DMK_JDC,Republic of Moldova,ALLAGE,_T,TOTAL,FEMALE,JUDGES,0.96
2021,SG_DMK_JDC,Republic of Moldova,ALLAGE,_T,TOTAL,FEMALE,REGISTRARS,1.62
2021,SG_DMK_JDC,Republic of Moldova,<45Y,_T,TOTAL,BOTHSEX,JUDGES,1.08
2021,SG_DMK_JDC,Republic of Moldova,ALLAGE,PD,TOTAL,BOTHSEX,JUDGES,0.04
2020,SG_DMK_JDC,Norway,<45Y,_T,TOTAL,BOTHSEX,REGISTRARS,1.22
2020,SG_DMK_JDC,Norway,ALLAGE,_T,POP_B,BOTHSEX,REGISTRARS,0.46
2020,SG_DMK_JDC,Norway,ALLAGE,_T,TOTAL,FEMALE,REGISTRARS,1.12
2020,SG_DMK_JDC,Norway,<45Y,_T,TOTAL,BOTHSEX,JUDGES,0.67
2020,SG_DMK_JDC,Norway,ALLAGE,_T,POP_A,BOTHSEX,REGISTRARS,1.13
2020,SG_DMK_JDC,Norway,ALLAGE,_T,POP_A,BOTHSEX,JUDGES,1.11
2020,SG_DMK_JDC,Norway,ALLAGE,_T,POP_B,BOTHSEX,JUDGES,0.54
2020,SG_DMK_JDC,Norway,ALLAGE,_T,TOTAL,FEMALE,JUDGES,0.94
2021,SG_DMK_JDC,Norway,<45Y,_T,TOTAL,BOTHSEX,JUDGES,0.64
2021,SG_DMK_JDC,Norway,ALLAGE,_T,POP_A,BOTHSEX,REGISTRARS,1.1
2021,SG_DMK_JDC,Norway,ALLAGE,_T,TOTAL,FEMALE,JUDGES,0.96
2021,SG_DMK_JDC,Norway,ALLAGE,_T,POP_A,BOTHSEX,JUDGES,1.11
2021,SG_DMK_JDC,Norway,ALLAGE,_T,TOTAL,FEMALE,REGISTRARS,1.19
2021,SG_DMK_JDC,Norway,<45Y,_T,TOTAL,BOTHSEX,REGISTRARS,0.98
2021,SG_DMK_JDC,Norway,ALLAGE,_T,POP_B,BOTHSEX,JUDGES,0.53
2021,SG_DMK_JDC,Norway,ALLAGE,_T,POP_B,BOTHSEX,REGISTRARS,0.61
2018,SG_DMK_JDC,Poland,<45Y,_T,TOTAL,BOTHSEX,JUDGES,0.7
2018,SG_DMK_JDC,Poland,<45Y,_T,TOTAL,BOTHSEX,REGISTRARS,1.05
2018,SG_DMK_JDC,Poland,ALLAGE,_T,TOTAL,FEMALE,REGISTRARS,1.68
2018,SG_DMK_JDC,Poland,ALLAGE,_T,TOTAL,FEMALE,JUDGES,1.24
2020,SG_DMK_JDC,Poland,ALLAGE,PD,TOTAL,BOTHSEX,JUDGES,0.1
2020,SG_DMK_JDC,Poland,ALLAGE,PD,TOTAL,BOTHSEX,REGISTRARS,0.41
2020,SG_DMK_JDC,Poland,ALLAGE,_T,TOTAL,FEMALE,REGISTRARS,1.68
2020,SG_DMK_JDC,Poland,<45Y,_T,TOTAL,BOTHSEX,REGISTRARS,1.47
2020,SG_DMK_JDC,Poland,<45Y,_T,TOTAL,BOTHSEX,JUDGES,0.78
2020,SG_DMK_JDC,Poland,ALLAGE,_T,TOTAL,FEMALE,JUDGES,1.23
2020,SG_DMK_JDC,Slovakia,ALLAGE,_T,TOTAL,FEMALE,REGISTRARS,1.96
2020,SG_DMK_JDC,Slovakia,ALLAGE,_T,TOTAL,FEMALE,JUDGES,1.37
2020,SG_DMK_JDC,Slovakia,<45Y,_T,TOTAL,BOTHSEX,REGISTRARS,0.91
2020,SG_DMK_JDC,Slovakia,<45Y,_T,TOTAL,BOTHSEX,JUDGES,0.67
2021,SG_DMK_JDC,Slovakia,<45Y,_T,TOTAL,BOTHSEX,JUDGES,0.63
2021,SG_DMK_JDC,Slovakia,<45Y,_T,TOTAL,BOTHSEX,REGISTRARS,0.9
2021,SG_DMK_JDC,Slovakia,ALLAGE,_T,TOTAL,FEMALE,REGISTRARS,1.96
2021,SG_DMK_JDC,Slovakia,ALLAGE,_T,TOTAL,FEMALE,JUDGES,1.37
2020,SG_DMK_JDC,Spain,ALLAGE,_T,TOTAL,FEMALE,REGISTRARS,1.34
2020,SG_DMK_JDC,Spain,ALLAGE,_T,TOTAL,FEMALE,JUDGES,1.14
2022,SG_DMK_JDC,Spain,ALLAGE,_T,TOTAL,FEMALE,JUDGES,1.13
2022,SG_DMK_JDC,Spain,ALLAGE,_T,TOTAL,FEMALE,REGISTRARS,1.38
2019,SG_DMK_JDC,Sweden,<45Y,_T,TOTAL,BOTHSEX,REGISTRARS,1.1
2019,SG_DMK_JDC,Sweden,<45Y,_T,TOTAL,BOTHSEX,JUDGES,1.15
2019,SG_DMK_JDC,Sweden,ALLAGE,_T,TOTAL,FEMALE,REGISTRARS,1.8
2019,SG_DMK_JDC,Sweden,ALLAGE,_T,TOTAL,FEMALE,JUDGES,1.39
2020,SG_DMK_JDC,Sweden,ALLAGE,_T,TOTAL,FEMALE,JUDGES,1.38
2020,SG_DMK_JDC,Sweden,<45Y,_T,TOTAL,BOTHSEX,REGISTRARS,1.11
2020,SG_DMK_JDC,Sweden,<45Y,_T,TOTAL,BOTHSEX,JUDGES,1.14
2020,SG_DMK_JDC,Sweden,ALLAGE,_T,TOTAL,FEMALE,REGISTRARS,1.78
2019,SG_DMK_JDC,Switzerland,<45Y,_T,TOTAL,BOTHSEX,REGISTRARS,0.56
2019,SG_DMK_JDC,Switzerland,<45Y,_T,TOTAL,BOTHSEX,JUDGES,0.03
2019,SG_DMK_JDC,Switzerland,ALLAGE,_T,TOTAL,FEMALE,REGISTRARS,1.24
2019,SG_DMK_JDC,Switzerland,ALLAGE,_T,TOTAL,FEMALE,JUDGES,0.85
2020,SG_DMK_JDC,Switzerland,ALLAGE,_T,TOTAL,FEMALE,REGISTRARS,1.25
2020,SG_DMK_JDC,Switzerland,<45Y,_T,TOTAL,BOTHSEX,REGISTRARS,1.22
2020,SG_DMK_JDC,Switzerland,<45Y,_T,TOTAL,BOTHSEX,JUDGES,0.44
2020,SG_DMK_JDC,Switzerland,ALLAGE,_T,TOTAL,FEMALE,JUDGES,0.99
2021,SG_DMK_JDC,United Kingdom of Great Britain and Northern Ireland,ALLAGE,_T,TOTAL,FEMALE,JUDGES,0.68
2022,SG_DMK_JDC,United Kingdom of Great Britain and Northern Ireland,ALLAGE,_T,TOTAL,FEMALE,JUDGES,0.71
2022,SG_DMK_JDC,United Kingdom of Great Britain and Northern Ireland,ALLAGE,_T,TOTAL,FEMALE,JUDGES,0.71
