Year,SeriesCode,GeoAreaName,Age,Disability status,Population Group,Sex,Type of occupation,Value
2020,SG_DMK_PSRVC,Poland,ALLAGE,_T,TOTAL,FEMALE,SENIORMAN,1.02
2020,SG_DMK_PSRVC,Poland,ALLAGE,_T,TOTAL,FEMALE,OTHERMAN,0.98
2020,SG_DMK_PSRVC,Poland,ALLAGE,PD,TOTAL,BOTHSEX,TOTAL_PSP,0.07
2020,SG_DMK_PSRVC,Poland,<35Y,_T,TOTAL,BOTHSEX,TOTAL_PSP,0.29
2020,SG_DMK_PSRVC,Poland,ALLAGE,_T,TOTAL,FEMALE,TOTAL_PSP,1.03
2020,SG_DMK_PSRVC,Poland,ALLAGE,_T,TOTAL,FEMALE,ASSOCPRO,0.51
2020,SG_DMK_PSRVC,Poland,ALLAGE,_T,TOTAL,FEMALE,ADMINPRO,1.62
2020,SG_DMK_PSRVC,Poland,ALLAGE,_T,TOTAL,FEMALE,GENERAL,1.6
2020,SG_DMK_PSRVC,Portugal,<35Y,_T,TOTAL,BOTHSEX,TOTAL_PSP,0.44
2020,SG_DMK_PSRVC,Slovakia,ALLAGE,_T,TOTAL,FEMALE,ADMINPRO,1.33621
2020,SG_DMK_PSRVC,Slovakia,ALLAGE,_T,TOTAL,FEMALE,OTHERMAN,1.11012
2020,SG_DMK_PSRVC,Slovakia,ALLAGE,_T,TOTAL,FEMALE,ASSOCPRO,1.50292
2020,SG_DMK_PSRVC,Slovakia,ALLAGE,_T,TOTAL,FEMALE,GENERAL,1.8386
2020,SG_DMK_PSRVC,Slovakia,ALLAGE,_T,TOTAL,FEMALE,SENIORMAN,0.98043
2021,SG_DMK_PSRVC,Slovakia,ALLAGE,_T,TOTAL,FEMALE,TOTAL_PSP,1.35
2021,SG_DMK_PSRVC,Slovakia,ALLAGE,_T,TOTAL,FEMALE,SENIORMAN,0.99
2021,SG_DMK_PSRVC,Slovakia,ALLAGE,_T,TOTAL,FEMALE,OTHERMAN,1.08
2021,SG_DMK_PSRVC,Slovakia,<35Y,_T,TOTAL,BOTHSEX,TOTAL_PSP,0.33559
2021,SG_DMK_PSRVC,Slovakia,ALLAGE,_T,TOTAL,FEMALE,GENERAL,1.83
2021,SG_DMK_PSRVC,Slovakia,ALLAGE,_T,TOTAL,FEMALE,ASSOCPRO,1.52
2021,SG_DMK_PSRVC,Slovakia,ALLAGE,_T,TOTAL,FEMALE,ADMINPRO,1.4
2020,SG_DMK_PSRVC,Slovenia,<35Y,_T,TOTAL,BOTHSEX,TOTAL_PSP,0.37
2020,SG_DMK_PSRVC,Slovenia,ALLAGE,_T,TOTAL,FEMALE,ADMINPRO,1.36507
2020,SG_DMK_PSRVC,Slovenia,ALLAGE,_T,TOTAL,FEMALE,ASSOCPRO,1.42594
2020,SG_DMK_PSRVC,Slovenia,ALLAGE,_T,TOTAL,FEMALE,GENERAL,1.83604
2020,SG_DMK_PSRVC,Slovenia,ALLAGE,_T,TOTAL,FEMALE,TOTAL_PSP,1.41
2020,SG_DMK_PSRVC,Slovenia,ALLAGE,_T,TOTAL,FEMALE,SENIORMAN,1.23566
2020,SG_DMK_PSRVC,Slovenia,ALLAGE,_T,TOTAL,FEMALE,OTHERMAN,1.31445
2021,SG_DMK_PSRVC,Slovenia,<35Y,_T,TOTAL,BOTHSEX,TOTAL_PSP,0.19
2021,SG_DMK_PSRVC,Slovenia,ALLAGE,_T,TOTAL,FEMALE,TOTAL_PSP,1.42
2021,SG_DMK_PSRVC,Slovenia,ALLAGE,_T,TOTAL,FEMALE,OTHERMAN,1.3
2021,SG_DMK_PSRVC,Slovenia,ALLAGE,_T,TOTAL,FEMALE,GENERAL,1.83
2020,SG_DMK_PSRVC,Albania,ALLAGE,_T,TOTAL,FEMALE,ASSOCPRO,1.00986
2020,SG_DMK_PSRVC,Albania,ALLAGE,_T,TOTAL,FEMALE,SENIORMAN,1.06197
2020,SG_DMK_PSRVC,Albania,ALLAGE,_T,TOTAL,FEMALE,OTHERMAN,0.46687
2020,SG_DMK_PSRVC,Albania,ALLAGE,_T,TOTAL,FEMALE,ADMINPRO,1.03685
2020,SG_DMK_PSRVC,Albania,ALLAGE,_T,TOTAL,FEMALE,GENERAL,1.18116
2020,SG_DMK_PSRVC,Bosnia and Herzegovina,ALLAGE,_T,TOTAL,FEMALE,ADMINPRO,0.98966
2020,SG_DMK_PSRVC,Bosnia and Herzegovina,ALLAGE,_T,TOTAL,FEMALE,SENIORMAN,0.28815
2020,SG_DMK_PSRVC,Bosnia and Herzegovina,ALLAGE,_T,TOTAL,FEMALE,OTHERMAN,0.79518
2020,SG_DMK_PSRVC,Bosnia and Herzegovina,ALLAGE,_T,TOTAL,FEMALE,TOTAL_PSP,1.11
2021,SG_DMK_PSRVC,Slovenia,ALLAGE,_T,TOTAL,FEMALE,ADMINPRO,1.36
2021,SG_DMK_PSRVC,Slovenia,ALLAGE,_T,TOTAL,FEMALE,ASSOCPRO,1.43
2021,SG_DMK_PSRVC,Slovenia,ALLAGE,_T,TOTAL,FEMALE,SENIORMAN,1.25
2021,SG_DMK_PSRVC,Spain,ALLAGE,_T,TOTAL,FEMALE,SENIORMAN,0.71
2021,SG_DMK_PSRVC,Spain,ALLAGE,_T,TOTAL,FEMALE,TOTAL_PSP,1.24
2019,SG_DMK_PSRVC,Sweden,<35Y,_T,TOTAL,BOTHSEX,TOTAL_PSP,0.65766
2019,SG_DMK_PSRVC,Sweden,ALLAGE,_T,TOTAL,FEMALE,TOTAL_PSP,1.4167
2019,SG_DMK_PSRVC,Sweden,ALLAGE,_T,TOTAL,FEMALE,OTHERMAN,1.04711
2019,SG_DMK_PSRVC,Sweden,ALLAGE,_T,TOTAL,FEMALE,SENIORMAN,0.96167
2020,SG_DMK_PSRVC,Sweden,ALLAGE,_T,TOTAL,FEMALE,TOTAL_PSP,1.42
2020,SG_DMK_PSRVC,Sweden,<35Y,_T,TOTAL,BOTHSEX,TOTAL_PSP,0.64531
2020,SG_DMK_PSRVC,Sweden,ALLAGE,_T,TOTAL,FEMALE,OTHERMAN,1.06
2020,SG_DMK_PSRVC,Sweden,ALLAGE,_T,TOTAL,FEMALE,SENIORMAN,0.96
2019,SG_DMK_PSRVC,Switzerland,ALLAGE,_T,TOTAL,FEMALE,SENIORMAN,0.68637
2019,SG_DMK_PSRVC,Switzerland,ALLAGE,_T,TOTAL,FEMALE,GENERAL,1.49516
2019,SG_DMK_PSRVC,Switzerland,ALLAGE,_T,TOTAL,FEMALE,ASSOCPRO,1.1907
2019,SG_DMK_PSRVC,Switzerland,ALLAGE,_T,TOTAL,FEMALE,ADMINPRO,1.12009
2019,SG_DMK_PSRVC,Switzerland,ALLAGE,_T,TOTAL,FEMALE,OTHERMAN,0.89408
2019,SG_DMK_PSRVC,Switzerland,ALLAGE,PD,TOTAL,BOTHSEX,TOTAL_PSP,0.16
2019,SG_DMK_PSRVC,Switzerland,<35Y,_T,TOTAL,BOTHSEX,TOTAL_PSP,0.14
2019,SG_DMK_PSRVC,Switzerland,ALLAGE,_T,TOTAL,FEMALE,TOTAL_PSP,1.13
2020,SG_DMK_PSRVC,Switzerland,ALLAGE,PD,TOTAL,BOTHSEX,TOTAL_PSP,0.13
2020,SG_DMK_PSRVC,Switzerland,<35Y,_T,TOTAL,BOTHSEX,TOTAL_PSP,0.17
2020,SG_DMK_PSRVC,Switzerland,ALLAGE,_T,TOTAL,FEMALE,ASSOCPRO,1.27
2020,SG_DMK_PSRVC,Switzerland,ALLAGE,_T,TOTAL,FEMALE,ADMINPRO,1.25
2020,SG_DMK_PSRVC,Switzerland,ALLAGE,_T,TOTAL,FEMALE,OTHERMAN,0.91
2020,SG_DMK_PSRVC,Switzerland,ALLAGE,_T,TOTAL,FEMALE,SENIORMAN,0.7
2020,SG_DMK_PSRVC,Switzerland,ALLAGE,_T,TOTAL,FEMALE,TOTAL_PSP,1.15
2020,SG_DMK_PSRVC,Switzerland,ALLAGE,_T,TOTAL,FEMALE,GENERAL,1.52
2020,SG_DMK_PSRVC,United Kingdom of Great Britain and Northern Ireland,ALLAGE,_T,TOTAL,FEMALE,GENERAL,1.52473
2020,SG_DMK_PSRVC,United Kingdom of Great Britain and Northern Ireland,ALLAGE,_T,TOTAL,FEMALE,TOTAL_PSP,1.3
2020,SG_DMK_PSRVC,United Kingdom of Great Britain and Northern Ireland,ALLAGE,_T,TOTAL,FEMALE,SENIORMAN,0.98905
2020,SG_DMK_PSRVC,United Kingdom of Great Britain and Northern Ireland,ALLAGE,_T,TOTAL,FEMALE,ADMINPRO,1.3612
2020,SG_DMK_PSRVC,United Kingdom of Great Britain and Northern Ireland,ALLAGE,_T,TOTAL,FEMALE,ASSOCPRO,1.02135
2020,SG_DMK_PSRVC,Bosnia and Herzegovina,ALLAGE,_T,TOTAL,FEMALE,ASSOCPRO,0.9053
2020,SG_DMK_PSRVC,Bosnia and Herzegovina,ALLAGE,_T,TOTAL,FEMALE,GENERAL,1.19263
2020,SG_DMK_PSRVC,Bosnia and Herzegovina,<35Y,_T,TOTAL,BOTHSEX,TOTAL_PSP,0.44
2020,SG_DMK_PSRVC,Bulgaria,ALLAGE,_T,TOTAL,FEMALE,GENERAL,1.80198
2020,SG_DMK_PSRVC,Bulgaria,ALLAGE,_T,TOTAL,FEMALE,ASSOCPRO,1.4245
2020,SG_DMK_PSRVC,Bulgaria,<35Y,_T,TOTAL,BOTHSEX,TOTAL_PSP,0.47815
2020,SG_DMK_PSRVC,Bulgaria,ALLAGE,_T,TOTAL,FEMALE,SENIORMAN,1.07692
2020,SG_DMK_PSRVC,Bulgaria,ALLAGE,_T,TOTAL,FEMALE,TOTAL_PSP,1.28136
2020,SG_DMK_PSRVC,Bulgaria,ALLAGE,_T,TOTAL,FEMALE,ADMINPRO,1.31579
2020,SG_DMK_PSRVC,Bulgaria,ALLAGE,_T,TOTAL,FEMALE,OTHERMAN,0.86486
2019,SG_DMK_PSRVC,Belarus,<35Y,_T,TOTAL,BOTHSEX,TOTAL_PSP,0.754
2019,SG_DMK_PSRVC,Belarus,ALLAGE,PD,TOTAL,BOTHSEX,TOTAL_PSP,0.989
2019,SG_DMK_PSRVC,Belarus,ALLAGE,_T,TOTAL,FEMALE,TOTAL_PSP,1.249
2021,SG_DMK_PSRVC,Belarus,ALLAGE,_T,TOTAL,FEMALE,TOTAL_PSP,1.284
2021,SG_DMK_PSRVC,Belarus,<35Y,_T,TOTAL,BOTHSEX,TOTAL_PSP,0.755
2021,SG_DMK_PSRVC,Belarus,ALLAGE,PD,TOTAL,BOTHSEX,TOTAL_PSP,0.66
2022,SG_DMK_PSRVC,Colombia,ALLAGE,_T,TOTAL,FEMALE,GENERAL,0.78
2022,SG_DMK_PSRVC,Colombia,<35Y,_T,TOTAL,BOTHSEX,TOTAL_PSP,0.25433
2022,SG_DMK_PSRVC,Colombia,ALLAGE,_T,TOTAL,FEMALE,OTHERMAN,1.04
2022,SG_DMK_PSRVC,Colombia,ALLAGE,_T,TOTAL,FEMALE,ADMINPRO,1.23
2022,SG_DMK_PSRVC,Colombia,ALLAGE,_T,TOTAL,FEMALE,ASSOCPRO,1.03
2022,SG_DMK_PSRVC,Colombia,ALLAGE,_T,TOTAL,FEMALE,TOTAL_PSP,1.0
2022,SG_DMK_PSRVC,Costa Rica,ALLAGE,_T,TOTAL,FEMALE,TOTAL_PSP,1.17
2020,SG_DMK_PSRVC,Cyprus,ALLAGE,_T,TOTAL,FEMALE,OTHERMAN,1.17032
2020,SG_DMK_PSRVC,Cyprus,ALLAGE,_T,TOTAL,FEMALE,ASSOCPRO,0.80732
2020,SG_DMK_PSRVC,Cyprus,ALLAGE,_T,TOTAL,FEMALE,GENERAL,1.55371
2020,SG_DMK_PSRVC,Cyprus,ALLAGE,_T,TOTAL,FEMALE,ADMINPRO,1.42955
2020,SG_DMK_PSRVC,Cyprus,ALLAGE,_T,TOTAL,FEMALE,SENIORMAN,0.64186
2021,SG_DMK_PSRVC,Cyprus,ALLAGE,_T,TOTAL,FEMALE,SENIORMAN,0.69
2021,SG_DMK_PSRVC,Cyprus,ALLAGE,_T,TOTAL,FEMALE,OTHERMAN,1.17
2021,SG_DMK_PSRVC,Cyprus,ALLAGE,_T,TOTAL,FEMALE,ADMINPRO,1.43
2021,SG_DMK_PSRVC,Cyprus,ALLAGE,_T,TOTAL,FEMALE,ASSOCPRO,0.82
2021,SG_DMK_PSRVC,Cyprus,ALLAGE,_T,TOTAL,FEMALE,GENERAL,1.66
2019,SG_DMK_PSRVC,Denmark,ALLAGE,_T,TOTAL,FEMALE,ADMINPRO,1.21438
2019,SG_DMK_PSRVC,Denmark,ALLAGE,_T,TOTAL,FEMALE,OTHERMAN,0.96664
2019,SG_DMK_PSRVC,Denmark,ALLAGE,_T,TOTAL,FEMALE,SENIORMAN,0.76658
2019,SG_DMK_PSRVC,Denmark,ALLAGE,_T,TOTAL,FEMALE,TOTAL_PSP,1.43392
2019,SG_DMK_PSRVC,Denmark,<35Y,_T,TOTAL,BOTHSEX,TOTAL_PSP,0.72929
2019,SG_DMK_PSRVC,Denmark,ALLAGE,_T,TOTAL,FEMALE,ASSOCPRO,1.51817
2019,SG_DMK_PSRVC,Denmark,ALLAGE,_T,POP_C,BOTHSEX,TOTAL_PSP,0.64
2019,SG_DMK_PSRVC,Denmark,ALLAGE,_T,POP_B,BOTHSEX,TOTAL_PSP,0.54
2019,SG_DMK_PSRVC,Denmark,ALLAGE,_T,TOTAL,FEMALE,GENERAL,1.66896
2019,SG_DMK_PSRVC,Denmark,ALLAGE,_T,POP_A,BOTHSEX,TOTAL_PSP,1.07
2020,SG_DMK_PSRVC,Denmark,ALLAGE,_T,TOTAL,FEMALE,TOTAL_PSP,1.43
2020,SG_DMK_PSRVC,Denmark,ALLAGE,_T,TOTAL,FEMALE,SENIORMAN,0.75
2020,SG_DMK_PSRVC,Denmark,ALLAGE,_T,TOTAL,FEMALE,OTHERMAN,0.98
2020,SG_DMK_PSRVC,Denmark,ALLAGE,_T,TOTAL,FEMALE,ASSOCPRO,1.52
2020,SG_DMK_PSRVC,Denmark,ALLAGE,_T,TOTAL,FEMALE,ADMINPRO,1.22
2020,SG_DMK_PSRVC,Denmark,ALLAGE,_T,TOTAL,FEMALE,GENERAL,1.66
2020,SG_DMK_PSRVC,Denmark,<35Y,_T,TOTAL,BOTHSEX,TOTAL_PSP,0.34701
2020,SG_DMK_PSRVC,Estonia,<35Y,_T,TOTAL,BOTHSEX,TOTAL_PSP,0.69935
2021,SG_DMK_PSRVC,Estonia,ALLAGE,_T,TOTAL,FEMALE,TOTAL_PSP,1.19
2021,SG_DMK_PSRVC,Estonia,ALLAGE,_T,TOTAL,FEMALE,SENIORMAN,0.88
2021,SG_DMK_PSRVC,Estonia,ALLAGE,_T,TOTAL,FEMALE,OTHERMAN,1.09
2021,SG_DMK_PSRVC,Estonia,ALLAGE,_T,TOTAL,FEMALE,ADMINPRO,1.42
2021,SG_DMK_PSRVC,Estonia,ALLAGE,_T,TOTAL,FEMALE,ASSOCPRO,1.16
2021,SG_DMK_PSRVC,Estonia,ALLAGE,_T,TOTAL,FEMALE,GENERAL,1.74
2021,SG_DMK_PSRVC,Estonia,<35Y,_T,TOTAL,BOTHSEX,TOTAL_PSP,1.1285
2019,SG_DMK_PSRVC,France,ALLAGE,_T,TOTAL,FEMALE,OTHERMAN,0.81346
2019,SG_DMK_PSRVC,France,ALLAGE,_T,TOTAL,FEMALE,ADMINPRO,0.97232
2019,SG_DMK_PSRVC,France,ALLAGE,_T,TOTAL,FEMALE,ASSOCPRO,1.16833
2019,SG_DMK_PSRVC,France,ALLAGE,_T,TOTAL,FEMALE,GENERAL,1.16964
2019,SG_DMK_PSRVC,Germany,ALLAGE,_T,TOTAL,FEMALE,SENIORMAN,1.06583
2020,SG_DMK_PSRVC,Greece,ALLAGE,_T,TOTAL,FEMALE,TOTAL_PSP,1.02294
2020,SG_DMK_PSRVC,Israel,ALLAGE,_T,TOTAL,FEMALE,TOTAL_PSP,1.21719
2020,SG_DMK_PSRVC,Israel,ALLAGE,PD,TOTAL,BOTHSEX,TOTAL_PSP,0.41
2020,SG_DMK_PSRVC,Israel,<35Y,_T,TOTAL,BOTHSEX,TOTAL_PSP,1.32624
2020,SG_DMK_PSRVC,Israel,ALLAGE,_T,POP_B,BOTHSEX,TOTAL_PSP,1.15
2020,SG_DMK_PSRVC,Israel,ALLAGE,_T,POP_A,BOTHSEX,TOTAL_PSP,0.53
2020,SG_DMK_PSRVC,Israel,ALLAGE,_T,TOTAL,FEMALE,ADMINPRO,1.68559
2020,SG_DMK_PSRVC,Israel,ALLAGE,_T,TOTAL,FEMALE,OTHERMAN,0.70909
2020,SG_DMK_PSRVC,Israel,ALLAGE,_T,TOTAL,FEMALE,GENERAL,1.80724
2020,SG_DMK_PSRVC,Israel,ALLAGE,_T,TOTAL,FEMALE,ASSOCPRO,1.57904
2021,SG_DMK_PSRVC,Israel,ALLAGE,_T,TOTAL,FEMALE,ADMINPRO,1.8
2021,SG_DMK_PSRVC,Israel,ALLAGE,_T,TOTAL,FEMALE,OTHERMAN,0.8
2021,SG_DMK_PSRVC,Israel,ALLAGE,_T,TOTAL,FEMALE,TOTAL_PSP,1.21
2021,SG_DMK_PSRVC,Israel,ALLAGE,_T,TOTAL,FEMALE,GENERAL,1.8
2021,SG_DMK_PSRVC,Israel,ALLAGE,_T,TOTAL,FEMALE,ASSOCPRO,1.53
2021,SG_DMK_PSRVC,Israel,<35Y,_T,TOTAL,BOTHSEX,TOTAL_PSP,1.33219
2021,SG_DMK_PSRVC,Israel,ALLAGE,_T,POP_B,BOTHSEX,TOTAL_PSP,1.14
2021,SG_DMK_PSRVC,Israel,ALLAGE,_T,POP_A,BOTHSEX,TOTAL_PSP,0.535
2021,SG_DMK_PSRVC,Israel,ALLAGE,PD,TOTAL,BOTHSEX,TOTAL_PSP,0.43833
2018,SG_DMK_PSRVC,Japan,<35Y,_T,TOTAL,BOTHSEX,TOTAL_PSP,1.32118
2018,SG_DMK_PSRVC,Japan,ALLAGE,_T,TOTAL,FEMALE,TOTAL_PSP,0.76
2021,SG_DMK_PSRVC,Kazakhstan,ALLAGE,_T,TOTAL,FEMALE,SENIORMAN,0.25061
2021,SG_DMK_PSRVC,Kazakhstan,ALLAGE,_T,TOTAL,FEMALE,GENERAL,1.09127
2022,SG_DMK_PSRVC,Kazakhstan,ALLAGE,_T,TOTAL,FEMALE,SENIORMAN,0.26
2022,SG_DMK_PSRVC,Kazakhstan,ALLAGE,_T,TOTAL,FEMALE,TOTAL_PSP,1.08
2020,SG_DMK_PSRVC,Latvia,ALLAGE,_T,TOTAL,FEMALE,GENERAL,1.81915
2020,SG_DMK_PSRVC,Latvia,ALLAGE,_T,TOTAL,FEMALE,ASSOCPRO,1.25533
2020,SG_DMK_PSRVC,Latvia,ALLAGE,_T,TOTAL,FEMALE,ADMINPRO,1.56107
2020,SG_DMK_PSRVC,Latvia,ALLAGE,_T,TOTAL,FEMALE,OTHERMAN,1.49987
2020,SG_DMK_PSRVC,Latvia,ALLAGE,_T,TOTAL,FEMALE,SENIORMAN,1.07143
2021,SG_DMK_PSRVC,Latvia,ALLAGE,_T,TOTAL,FEMALE,GENERAL,1.8
2021,SG_DMK_PSRVC,Latvia,ALLAGE,_T,TOTAL,FEMALE,ASSOCPRO,1.29
2021,SG_DMK_PSRVC,Latvia,ALLAGE,_T,TOTAL,FEMALE,ADMINPRO,1.56
2021,SG_DMK_PSRVC,Latvia,ALLAGE,_T,TOTAL,FEMALE,OTHERMAN,1.49
2021,SG_DMK_PSRVC,Latvia,ALLAGE,_T,TOTAL,FEMALE,SENIORMAN,1.09
2020,SG_DMK_PSRVC,Lithuania,<35Y,_T,TOTAL,BOTHSEX,TOTAL_PSP,0.58284
2020,SG_DMK_PSRVC,Lithuania,ALLAGE,_T,TOTAL,FEMALE,TOTAL_PSP,1.30319
2020,SG_DMK_PSRVC,United Kingdom of Great Britain and Northern Ireland,ALLAGE,PD,TOTAL,BOTHSEX,TOTAL_PSP,0.78
2020,SG_DMK_PSRVC,United Kingdom of Great Britain and Northern Ireland,<35Y,_T,TOTAL,BOTHSEX,TOTAL_PSP,0.74
2020,SG_DMK_PSRVC,Lithuania,ALLAGE,_T,TOTAL,FEMALE,GENERAL,1.6053
2020,SG_DMK_PSRVC,Lithuania,ALLAGE,_T,TOTAL,FEMALE,SENIORMAN,1.17062
2020,SG_DMK_PSRVC,Lithuania,ALLAGE,_T,TOTAL,FEMALE,OTHERMAN,1.22741
2020,SG_DMK_PSRVC,Lithuania,ALLAGE,_T,TOTAL,FEMALE,ADMINPRO,1.51292
2020,SG_DMK_PSRVC,Lithuania,ALLAGE,_T,TOTAL,FEMALE,ASSOCPRO,1.00623
2021,SG_DMK_PSRVC,Lithuania,<35Y,_T,TOTAL,BOTHSEX,TOTAL_PSP,0.30567
2021,SG_DMK_PSRVC,Lithuania,ALLAGE,_T,TOTAL,FEMALE,GENERAL,1.61
2021,SG_DMK_PSRVC,Lithuania,ALLAGE,_T,TOTAL,FEMALE,ASSOCPRO,1.02
2021,SG_DMK_PSRVC,Lithuania,ALLAGE,_T,TOTAL,FEMALE,ADMINPRO,1.51
2021,SG_DMK_PSRVC,Lithuania,ALLAGE,_T,TOTAL,FEMALE,OTHERMAN,1.23
2021,SG_DMK_PSRVC,Lithuania,ALLAGE,_T,TOTAL,FEMALE,SENIORMAN,1.19
2021,SG_DMK_PSRVC,Lithuania,ALLAGE,_T,TOTAL,FEMALE,TOTAL_PSP,1.31
2020,SG_DMK_PSRVC,Luxembourg,ALLAGE,_T,TOTAL,FEMALE,OTHERMAN,1.06219
2020,SG_DMK_PSRVC,Luxembourg,ALLAGE,_T,TOTAL,FEMALE,SENIORMAN,0.56997
2022,SG_DMK_PSRVC,Malta,ALLAGE,_T,TOTAL,FEMALE,ASSOCPRO,1.07
2022,SG_DMK_PSRVC,Malta,ALLAGE,_T,TOTAL,FEMALE,TOTAL_PSP,1.11
2022,SG_DMK_PSRVC,Malta,ALLAGE,_T,TOTAL,FEMALE,GENERAL,1.42
2022,SG_DMK_PSRVC,Malta,<35Y,_T,TOTAL,BOTHSEX,TOTAL_PSP,0.5
2022,SG_DMK_PSRVC,Malta,ALLAGE,_T,TOTAL,FEMALE,OTHERMAN,0.98
2022,SG_DMK_PSRVC,Malta,ALLAGE,_T,TOTAL,FEMALE,ADMINPRO,1.38
2019,SG_DMK_PSRVC,Mexico,<35Y,_T,TOTAL,BOTHSEX,TOTAL_PSP,0.55
2019,SG_DMK_PSRVC,Mexico,ALLAGE,_T,TOTAL,FEMALE,TOTAL_PSP,1.04114
2019,SG_DMK_PSRVC,Mexico,ALLAGE,_T,TOTAL,FEMALE,SENIORMAN,0.5
2020,SG_DMK_PSRVC,Mexico,<35Y,_T,TOTAL,BOTHSEX,TOTAL_PSP,0.40178
2020,SG_DMK_PSRVC,Mexico,ALLAGE,_T,TOTAL,FEMALE,SENIORMAN,0.53
2020,SG_DMK_PSRVC,Mexico,ALLAGE,_T,TOTAL,FEMALE,TOTAL_PSP,1.11
2020,SG_DMK_PSRVC,Republic of Moldova,ALLAGE,_T,TOTAL,FEMALE,TOTAL_PSP,0.78103
2021,SG_DMK_PSRVC,Republic of Moldova,ALLAGE,_T,TOTAL,FEMALE,TOTAL_PSP,0.78
2020,SG_DMK_PSRVC,Norway,<35Y,_T,TOTAL,BOTHSEX,TOTAL_PSP,0.86712
2020,SG_DMK_PSRVC,Norway,ALLAGE,PD,TOTAL,BOTHSEX,TOTAL_PSP,1.71
2020,SG_DMK_PSRVC,Norway,ALLAGE,_T,TOTAL,FEMALE,TOTAL_PSP,1.19867
2020,SG_DMK_PSRVC,Norway,ALLAGE,_T,TOTAL,FEMALE,GENERAL,1.694
2020,SG_DMK_PSRVC,Norway,ALLAGE,_T,TOTAL,FEMALE,ADMINPRO,1.30984
2020,SG_DMK_PSRVC,Norway,ALLAGE,_T,TOTAL,FEMALE,OTHERMAN,1.03967
2020,SG_DMK_PSRVC,Norway,ALLAGE,_T,TOTAL,FEMALE,SENIORMAN,0.96471
2020,SG_DMK_PSRVC,Norway,ALLAGE,_T,POP_A,BOTHSEX,TOTAL_PSP,1.0
2020,SG_DMK_PSRVC,Norway,ALLAGE,_T,POP_B,BOTHSEX,TOTAL_PSP,0.63
2020,SG_DMK_PSRVC,Norway,ALLAGE,_T,POP_C,BOTHSEX,TOTAL_PSP,0.84
2020,SG_DMK_PSRVC,Norway,ALLAGE,_T,TOTAL,FEMALE,ASSOCPRO,1.06284
2021,SG_DMK_PSRVC,Norway,ALLAGE,_T,POP_B,BOTHSEX,TOTAL_PSP,0.65333
2021,SG_DMK_PSRVC,Norway,ALLAGE,_T,POP_A,BOTHSEX,TOTAL_PSP,1.00375
2021,SG_DMK_PSRVC,Norway,<35Y,_T,TOTAL,BOTHSEX,TOTAL_PSP,0.89286
2021,SG_DMK_PSRVC,Norway,ALLAGE,_T,TOTAL,FEMALE,SENIORMAN,0.89
2021,SG_DMK_PSRVC,Norway,ALLAGE,_T,TOTAL,FEMALE,TOTAL_PSP,1.21
2021,SG_DMK_PSRVC,Norway,ALLAGE,_T,TOTAL,FEMALE,GENERAL,1.67
2021,SG_DMK_PSRVC,Norway,ALLAGE,_T,TOTAL,FEMALE,ASSOCPRO,1.05
2021,SG_DMK_PSRVC,Norway,ALLAGE,_T,TOTAL,FEMALE,ADMINPRO,1.32
2021,SG_DMK_PSRVC,Norway,ALLAGE,_T,TOTAL,FEMALE,OTHERMAN,1.06
2018,SG_DMK_PSRVC,Poland,<35Y,_T,TOTAL,BOTHSEX,TOTAL_PSP,0.52
2018,SG_DMK_PSRVC,Poland,ALLAGE,_T,TOTAL,FEMALE,OTHERMAN,0.87612
2018,SG_DMK_PSRVC,Poland,ALLAGE,_T,TOTAL,FEMALE,TOTAL_PSP,1.01
2018,SG_DMK_PSRVC,Poland,ALLAGE,_T,TOTAL,FEMALE,GENERAL,1.55373
2018,SG_DMK_PSRVC,Poland,ALLAGE,_T,TOTAL,FEMALE,ASSOCPRO,0.46567
2018,SG_DMK_PSRVC,Poland,ALLAGE,_T,TOTAL,FEMALE,ADMINPRO,1.41146
2018,SG_DMK_PSRVC,Poland,ALLAGE,_T,TOTAL,FEMALE,SENIORMAN,1.17114
2018,SG_DMK_PSRVC,Poland,ALLAGE,_T,TOTAL,FEMALE,SENIORMAN,1.17114
