Year,SeriesCode,GeoAreaName,Value
2000,BX_KLT_DINV_WD_GD_ZS,Belarus,0.93273
2001,BX_KLT_DINV_WD_GD_ZS,Belarus,0.77541
2002,BX_KLT_DINV_WD_GD_ZS,Belarus,1.69313
2003,BX_KLT_DINV_WD_GD_ZS,Belarus,0.96366
2004,BX_KLT_DINV_WD_GD_ZS,Belarus,0.70773
2005,BX_KLT_DINV_WD_GD_ZS,Belarus,1.01498
2006,BX_KLT_DINV_WD_GD_ZS,Belarus,0.96633
2007,BX_KLT_DINV_WD_GD_ZS,Belarus,3.99162
2008,BX_KLT_DINV_WD_GD_ZS,Belarus,3.60068
2009,BX_KLT_DINV_WD_GD_ZS,Belarus,3.68852
2010,BX_KLT_DINV_WD_GD_ZS,Belarus,2.43506
2011,BX_KLT_DINV_WD_GD_ZS,Belarus,6.4808
2012,BX_KLT_DINV_WD_GD_ZS,Belarus,2.22821
2013,BX_KLT_DINV_WD_GD_ZS,Belarus,2.97386
2014,BX_KLT_DINV_WD_GD_ZS,Belarus,2.36253
2015,BX_KLT_DINV_WD_GD_ZS,Belarus,2.92677
2016,BX_KLT_DINV_WD_GD_ZS,Belarus,2.61281
2017,BX_KLT_DINV_WD_GD_ZS,Belarus,2.33214
2000,BX_KLT_DINV_WD_GD_ZS,Georgia,4.29984
2001,BX_KLT_DINV_WD_GD_ZS,Georgia,3.4127
2002,BX_KLT_DINV_WD_GD_ZS,Georgia,4.72354
2003,BX_KLT_DINV_WD_GD_ZS,Georgia,8.39056
2004,BX_KLT_DINV_WD_GD_ZS,Georgia,9.61362
2005,BX_KLT_DINV_WD_GD_ZS,Georgia,7.06785
2006,BX_KLT_DINV_WD_GD_ZS,Georgia,15.12376
2007,BX_KLT_DINV_WD_GD_ZS,Georgia,18.59939
2008,BX_KLT_DINV_WD_GD_ZS,Georgia,12.52226
2018,BX_KLT_DINV_WD_GD_ZS,Belarus,2.37626
2019,BX_KLT_DINV_WD_GD_ZS,Belarus,1.97688
2020,BX_KLT_DINV_WD_GD_ZS,Belarus,2.27012
2021,BX_KLT_DINV_WD_GD_ZS,Belarus,1.80444
2000,BX_KLT_DINV_WD_GD_ZS,Canada,9.17102
2001,BX_KLT_DINV_WD_GD_ZS,Canada,3.84192
2002,BX_KLT_DINV_WD_GD_ZS,Canada,3.21915
2003,BX_KLT_DINV_WD_GD_ZS,Canada,0.78297
2004,BX_KLT_DINV_WD_GD_ZS,Canada,0.14147
2009,BX_KLT_DINV_WD_GD_ZS,Georgia,6.13737
2010,BX_KLT_DINV_WD_GD_ZS,Georgia,7.52167
2011,BX_KLT_DINV_WD_GD_ZS,Georgia,7.74511
2012,BX_KLT_DINV_WD_GD_ZS,Georgia,5.87198
2013,BX_KLT_DINV_WD_GD_ZS,Georgia,6.08836
2014,BX_KLT_DINV_WD_GD_ZS,Georgia,10.42082
2015,BX_KLT_DINV_WD_GD_ZS,Georgia,11.60419
2016,BX_KLT_DINV_WD_GD_ZS,Georgia,10.96187
2017,BX_KLT_DINV_WD_GD_ZS,Georgia,11.88445
2005,BX_KLT_DINV_WD_GD_ZS,Canada,2.17816
2006,BX_KLT_DINV_WD_GD_ZS,Canada,4.8741
2007,BX_KLT_DINV_WD_GD_ZS,Canada,8.20056
2008,BX_KLT_DINV_WD_GD_ZS,Canada,4.51514
2009,BX_KLT_DINV_WD_GD_ZS,Canada,1.52413
2010,BX_KLT_DINV_WD_GD_ZS,Canada,1.83726
2011,BX_KLT_DINV_WD_GD_ZS,Canada,2.13783
2012,BX_KLT_DINV_WD_GD_ZS,Canada,2.70017
2013,BX_KLT_DINV_WD_GD_ZS,Canada,3.6298
2000,BX_KLT_DINV_WD_GD_ZS,Albania,4.10878
2001,BX_KLT_DINV_WD_GD_ZS,Albania,5.28543
2002,BX_KLT_DINV_WD_GD_ZS,Albania,3.10483
2003,BX_KLT_DINV_WD_GD_ZS,Albania,3.17271
2004,BX_KLT_DINV_WD_GD_ZS,Albania,4.75017
2005,BX_KLT_DINV_WD_GD_ZS,Albania,3.25977
2006,BX_KLT_DINV_WD_GD_ZS,Albania,3.65485
2007,BX_KLT_DINV_WD_GD_ZS,Albania,6.10898
2008,BX_KLT_DINV_WD_GD_ZS,Albania,9.68207
2000,BX_KLT_DINV_WD_GD_ZS,Azerbaijan,2.46429
2001,BX_KLT_DINV_WD_GD_ZS,Azerbaijan,14.35913
2002,BX_KLT_DINV_WD_GD_ZS,Azerbaijan,32.4667
2003,BX_KLT_DINV_WD_GD_ZS,Azerbaijan,55.0703
2004,BX_KLT_DINV_WD_GD_ZS,Azerbaijan,54.36527
2005,BX_KLT_DINV_WD_GD_ZS,Azerbaijan,33.79505
2006,BX_KLT_DINV_WD_GD_ZS,Azerbaijan,21.37906
2007,BX_KLT_DINV_WD_GD_ZS,Azerbaijan,13.90071
2008,BX_KLT_DINV_WD_GD_ZS,Azerbaijan,8.16091
2018,BX_KLT_DINV_WD_GD_ZS,Georgia,7.41576
2019,BX_KLT_DINV_WD_GD_ZS,Georgia,7.91323
2020,BX_KLT_DINV_WD_GD_ZS,Georgia,3.48322
2021,BX_KLT_DINV_WD_GD_ZS,Georgia,6.8031
2000,BX_KLT_DINV_WD_GD_ZS,Germany,12.7315
2001,BX_KLT_DINV_WD_GD_ZS,Germany,2.92676
2002,BX_KLT_DINV_WD_GD_ZS,Germany,2.46662
2003,BX_KLT_DINV_WD_GD_ZS,Germany,2.61435
2004,BX_KLT_DINV_WD_GD_ZS,Germany,-0.72515
2009,BX_KLT_DINV_WD_GD_ZS,Albania,11.17064
2010,BX_KLT_DINV_WD_GD_ZS,Albania,9.13813
2011,BX_KLT_DINV_WD_GD_ZS,Albania,8.13533
2012,BX_KLT_DINV_WD_GD_ZS,Albania,7.45136
2013,BX_KLT_DINV_WD_GD_ZS,Albania,9.81629
2014,BX_KLT_DINV_WD_GD_ZS,Albania,8.69304
2015,BX_KLT_DINV_WD_GD_ZS,Albania,8.69054
2016,BX_KLT_DINV_WD_GD_ZS,Albania,8.80509
2017,BX_KLT_DINV_WD_GD_ZS,Albania,7.85547
2009,BX_KLT_DINV_WD_GD_ZS,Azerbaijan,6.5476
2010,BX_KLT_DINV_WD_GD_ZS,Azerbaijan,6.33726
2011,BX_KLT_DINV_WD_GD_ZS,Azerbaijan,6.80062
2012,BX_KLT_DINV_WD_GD_ZS,Azerbaijan,7.59608
2013,BX_KLT_DINV_WD_GD_ZS,Azerbaijan,3.53193
2014,BX_KLT_DINV_WD_GD_ZS,Azerbaijan,5.88811
2015,BX_KLT_DINV_WD_GD_ZS,Azerbaijan,7.62634
2016,BX_KLT_DINV_WD_GD_ZS,Azerbaijan,11.88265
2017,BX_KLT_DINV_WD_GD_ZS,Azerbaijan,7.01688
2005,BX_KLT_DINV_WD_GD_ZS,Germany,2.10179
2006,BX_KLT_DINV_WD_GD_ZS,Germany,2.91996
2007,BX_KLT_DINV_WD_GD_ZS,Germany,1.48434
2008,BX_KLT_DINV_WD_GD_ZS,Germany,0.8265
2009,BX_KLT_DINV_WD_GD_ZS,Germany,1.6622
2010,BX_KLT_DINV_WD_GD_ZS,Germany,2.53076
2011,BX_KLT_DINV_WD_GD_ZS,Germany,2.60142
2012,BX_KLT_DINV_WD_GD_ZS,Germany,1.85541
2013,BX_KLT_DINV_WD_GD_ZS,Germany,1.79976
2014,BX_KLT_DINV_WD_GD_ZS,Canada,3.5539
2015,BX_KLT_DINV_WD_GD_ZS,Canada,3.85389
2016,BX_KLT_DINV_WD_GD_ZS,Canada,2.23835
2017,BX_KLT_DINV_WD_GD_ZS,Canada,1.53752
2018,BX_KLT_DINV_WD_GD_ZS,Canada,2.46931
2019,BX_KLT_DINV_WD_GD_ZS,Canada,2.80952
2020,BX_KLT_DINV_WD_GD_ZS,Canada,1.84661
2021,BX_KLT_DINV_WD_GD_ZS,Canada,3.25534
2000,BX_KLT_DINV_WD_GD_ZS,Chile,6.21089
2018,BX_KLT_DINV_WD_GD_ZS,Albania,7.94635
2019,BX_KLT_DINV_WD_GD_ZS,Albania,7.79792
2020,BX_KLT_DINV_WD_GD_ZS,Albania,7.06948
2021,BX_KLT_DINV_WD_GD_ZS,Albania,6.67507
2000,BX_KLT_DINV_WD_GD_ZS,Malta,17.19008
2001,BX_KLT_DINV_WD_GD_ZS,Malta,9.57233
2002,BX_KLT_DINV_WD_GD_ZS,Malta,-10.60609
2003,BX_KLT_DINV_WD_GD_ZS,Malta,16.60439
2004,BX_KLT_DINV_WD_GD_ZS,Malta,122.11114
2001,BX_KLT_DINV_WD_GD_ZS,Chile,5.87239
2002,BX_KLT_DINV_WD_GD_ZS,Chile,3.62747
2003,BX_KLT_DINV_WD_GD_ZS,Chile,5.26287
2004,BX_KLT_DINV_WD_GD_ZS,Chile,6.86042
2005,BX_KLT_DINV_WD_GD_ZS,Chile,6.10081
2006,BX_KLT_DINV_WD_GD_ZS,Chile,4.93122
2007,BX_KLT_DINV_WD_GD_ZS,Chile,7.80847
2008,BX_KLT_DINV_WD_GD_ZS,Chile,10.28206
2009,BX_KLT_DINV_WD_GD_ZS,Chile,8.08291
2018,BX_KLT_DINV_WD_GD_ZS,Azerbaijan,2.97795
2019,BX_KLT_DINV_WD_GD_ZS,Azerbaijan,3.12183
2020,BX_KLT_DINV_WD_GD_ZS,Azerbaijan,1.1879
2021,BX_KLT_DINV_WD_GD_ZS,Azerbaijan,-3.12632
2000,BX_KLT_DINV_WD_GD_ZS,Australia,3.58132
2001,BX_KLT_DINV_WD_GD_ZS,Australia,2.82507
2002,BX_KLT_DINV_WD_GD_ZS,Australia,3.70501
2003,BX_KLT_DINV_WD_GD_ZS,Australia,1.92199
2004,BX_KLT_DINV_WD_GD_ZS,Australia,6.98451
2005,BX_KLT_DINV_WD_GD_ZS,Malta,340.25974
2006,BX_KLT_DINV_WD_GD_ZS,Malta,369.34502
2007,BX_KLT_DINV_WD_GD_ZS,Malta,449.08094
2008,BX_KLT_DINV_WD_GD_ZS,Malta,163.22503
2009,BX_KLT_DINV_WD_GD_ZS,Malta,16.61477
2010,BX_KLT_DINV_WD_GD_ZS,Malta,102.31377
2011,BX_KLT_DINV_WD_GD_ZS,Malta,80.99363
2012,BX_KLT_DINV_WD_GD_ZS,Malta,35.12469
2013,BX_KLT_DINV_WD_GD_ZS,Malta,4.83394
2010,BX_KLT_DINV_WD_GD_ZS,Chile,7.37876
2011,BX_KLT_DINV_WD_GD_ZS,Chile,10.17612
2012,BX_KLT_DINV_WD_GD_ZS,Chile,11.90301
2013,BX_KLT_DINV_WD_GD_ZS,Chile,7.61824
2014,BX_KLT_DINV_WD_GD_ZS,Chile,9.84091
2015,BX_KLT_DINV_WD_GD_ZS,Chile,7.3264
2016,BX_KLT_DINV_WD_GD_ZS,Chile,4.55792
2017,BX_KLT_DINV_WD_GD_ZS,Chile,1.89502
2018,BX_KLT_DINV_WD_GD_ZS,Chile,2.68875
2005,BX_KLT_DINV_WD_GD_ZS,Australia,-3.60882
2006,BX_KLT_DINV_WD_GD_ZS,Australia,4.08488
2007,BX_KLT_DINV_WD_GD_ZS,Australia,5.20116
2008,BX_KLT_DINV_WD_GD_ZS,Australia,4.27796
2009,BX_KLT_DINV_WD_GD_ZS,Australia,3.08878
2010,BX_KLT_DINV_WD_GD_ZS,Australia,3.06551
2011,BX_KLT_DINV_WD_GD_ZS,Australia,4.68783
2012,BX_KLT_DINV_WD_GD_ZS,Australia,3.72039
2013,BX_KLT_DINV_WD_GD_ZS,Australia,3.4551
2014,BX_KLT_DINV_WD_GD_ZS,Malta,1.34074
2015,BX_KLT_DINV_WD_GD_ZS,Malta,32.82451
2016,BX_KLT_DINV_WD_GD_ZS,Malta,23.79134
2017,BX_KLT_DINV_WD_GD_ZS,Malta,28.83931
2018,BX_KLT_DINV_WD_GD_ZS,Malta,29.18434
2019,BX_KLT_DINV_WD_GD_ZS,Malta,26.53391
2020,BX_KLT_DINV_WD_GD_ZS,Malta,28.58736
2021,BX_KLT_DINV_WD_GD_ZS,Malta,25.15295
2000,BX_KLT_DINV_WD_GD_ZS,Mexico,2.59671
2019,BX_KLT_DINV_WD_GD_ZS,Chile,4.87431
2020,BX_KLT_DINV_WD_GD_ZS,Chile,3.64237
2021,BX_KLT_DINV_WD_GD_ZS,Chile,4.81032
2000,BX_KLT_DINV_WD_GD_ZS,China,3.47508
2001,BX_KLT_DINV_WD_GD_ZS,China,3.513
2002,BX_KLT_DINV_WD_GD_ZS,China,3.6091
2003,BX_KLT_DINV_WD_GD_ZS,China,3.4874
2004,BX_KLT_DINV_WD_GD_ZS,China,3.48364
2005,BX_KLT_DINV_WD_GD_ZS,China,4.55425
2014,BX_KLT_DINV_WD_GD_ZS,Australia,4.3067
2015,BX_KLT_DINV_WD_GD_ZS,Australia,3.47196
2016,BX_KLT_DINV_WD_GD_ZS,Australia,3.5614
2017,BX_KLT_DINV_WD_GD_ZS,Australia,3.63347
2018,BX_KLT_DINV_WD_GD_ZS,Australia,4.24886
2019,BX_KLT_DINV_WD_GD_ZS,Australia,2.79836
2020,BX_KLT_DINV_WD_GD_ZS,Australia,1.15362
2021,BX_KLT_DINV_WD_GD_ZS,Australia,1.59655
2000,BX_KLT_DINV_WD_GD_ZS,Austria,4.3089
2001,BX_KLT_DINV_WD_GD_ZS,Mexico,3.97248
2002,BX_KLT_DINV_WD_GD_ZS,Mexico,2.61105
2003,BX_KLT_DINV_WD_GD_ZS,Mexico,2.48965
2004,BX_KLT_DINV_WD_GD_ZS,Mexico,3.21401
2005,BX_KLT_DINV_WD_GD_ZS,Mexico,2.86748
2006,BX_KLT_DINV_WD_GD_ZS,Mexico,2.26827
2007,BX_KLT_DINV_WD_GD_ZS,Mexico,2.94666
2008,BX_KLT_DINV_WD_GD_ZS,Mexico,2.68042
2009,BX_KLT_DINV_WD_GD_ZS,Mexico,2.18341
2006,BX_KLT_DINV_WD_GD_ZS,China,4.50858
2007,BX_KLT_DINV_WD_GD_ZS,China,4.40096
2008,BX_KLT_DINV_WD_GD_ZS,China,3.73363
2009,BX_KLT_DINV_WD_GD_ZS,China,2.56889
2010,BX_KLT_DINV_WD_GD_ZS,China,4.00356
2011,BX_KLT_DINV_WD_GD_ZS,China,3.70883
2012,BX_KLT_DINV_WD_GD_ZS,China,2.82709
2013,BX_KLT_DINV_WD_GD_ZS,China,3.03988
2014,BX_KLT_DINV_WD_GD_ZS,China,2.55923
2015,BX_KLT_DINV_WD_GD_ZS,China,2.19218
2016,BX_KLT_DINV_WD_GD_ZS,China,1.55564
2017,BX_KLT_DINV_WD_GD_ZS,China,1.34913
2018,BX_KLT_DINV_WD_GD_ZS,China,1.69391
2019,BX_KLT_DINV_WD_GD_ZS,China,1.31072
2020,BX_KLT_DINV_WD_GD_ZS,China,1.72318
2021,BX_KLT_DINV_WD_GD_ZS,China,1.88326
2000,BX_KLT_DINV_WD_GD_ZS,Colombia,2.43923
2001,BX_KLT_DINV_WD_GD_ZS,Colombia,2.58823
2001,BX_KLT_DINV_WD_GD_ZS,Austria,2.8806
2002,BX_KLT_DINV_WD_GD_ZS,Austria,0.06453
2003,BX_KLT_DINV_WD_GD_ZS,Austria,2.36205
2004,BX_KLT_DINV_WD_GD_ZS,Austria,1.05609
2005,BX_KLT_DINV_WD_GD_ZS,Austria,25.65583
2006,BX_KLT_DINV_WD_GD_ZS,Austria,3.12253
2007,BX_KLT_DINV_WD_GD_ZS,Austria,17.69485
2008,BX_KLT_DINV_WD_GD_ZS,Austria,1.45842
2009,BX_KLT_DINV_WD_GD_ZS,Austria,3.55937
2010,BX_KLT_DINV_WD_GD_ZS,Mexico,2.88568
2011,BX_KLT_DINV_WD_GD_ZS,Mexico,2.02413
2012,BX_KLT_DINV_WD_GD_ZS,Mexico,1.51569
2013,BX_KLT_DINV_WD_GD_ZS,Mexico,3.98857
2014,BX_KLT_DINV_WD_GD_ZS,Mexico,2.1623
2015,BX_KLT_DINV_WD_GD_ZS,Mexico,3.09311
2016,BX_KLT_DINV_WD_GD_ZS,Mexico,3.60597
2017,BX_KLT_DINV_WD_GD_ZS,Mexico,2.85679
2018,BX_KLT_DINV_WD_GD_ZS,Mexico,3.09608
2002,BX_KLT_DINV_WD_GD_ZS,Colombia,2.17807
2003,BX_KLT_DINV_WD_GD_ZS,Colombia,1.81791
2004,BX_KLT_DINV_WD_GD_ZS,Colombia,2.66108
2005,BX_KLT_DINV_WD_GD_ZS,Colombia,7.02889
2006,BX_KLT_DINV_WD_GD_ZS,Colombia,4.17689
2007,BX_KLT_DINV_WD_GD_ZS,Colombia,4.30967
2008,BX_KLT_DINV_WD_GD_ZS,Colombia,4.36198
2009,BX_KLT_DINV_WD_GD_ZS,Colombia,3.45732
2010,BX_KLT_DINV_WD_GD_ZS,Colombia,2.24383
2010,BX_KLT_DINV_WD_GD_ZS,Austria,-5.61018
2011,BX_KLT_DINV_WD_GD_ZS,Austria,5.32424
2012,BX_KLT_DINV_WD_GD_ZS,Austria,1.27469
2013,BX_KLT_DINV_WD_GD_ZS,Austria,0.10486
2014,BX_KLT_DINV_WD_GD_ZS,Austria,0.38686
2015,BX_KLT_DINV_WD_GD_ZS,Austria,-2.08806
2016,BX_KLT_DINV_WD_GD_ZS,Austria,-7.31092
2017,BX_KLT_DINV_WD_GD_ZS,Austria,3.2399
2018,BX_KLT_DINV_WD_GD_ZS,Austria,-6.2871
2019,BX_KLT_DINV_WD_GD_ZS,Austria,-2.78755
2020,BX_KLT_DINV_WD_GD_ZS,Austria,-2.68062
2021,BX_KLT_DINV_WD_GD_ZS,Austria,2.56607
2000,BX_KLT_DINV_WD_GD_ZS,Armenia,5.45043
2001,BX_KLT_DINV_WD_GD_ZS,Armenia,3.29807
2002,BX_KLT_DINV_WD_GD_ZS,Armenia,4.6595
2003,BX_KLT_DINV_WD_GD_ZS,Armenia,4.37657
2004,BX_KLT_DINV_WD_GD_ZS,Armenia,6.9099
2005,BX_KLT_DINV_WD_GD_ZS,Armenia,5.96011
2011,BX_KLT_DINV_WD_GD_ZS,Colombia,4.37299
2012,BX_KLT_DINV_WD_GD_ZS,Colombia,4.05476
2013,BX_KLT_DINV_WD_GD_ZS,Colombia,4.24228
2014,BX_KLT_DINV_WD_GD_ZS,Colombia,4.24251
2015,BX_KLT_DINV_WD_GD_ZS,Colombia,3.95954
2016,BX_KLT_DINV_WD_GD_ZS,Colombia,4.89983
2017,BX_KLT_DINV_WD_GD_ZS,Colombia,4.39294
2018,BX_KLT_DINV_WD_GD_ZS,Colombia,3.38084
2019,BX_KLT_DINV_WD_GD_ZS,Colombia,4.32954
2019,BX_KLT_DINV_WD_GD_ZS,Mexico,2.35602
2020,BX_KLT_DINV_WD_GD_ZS,Mexico,2.88919
2021,BX_KLT_DINV_WD_GD_ZS,Mexico,2.62011
2000,BX_KLT_DINV_WD_GD_ZS,Republic of Moldova,9.89887
2001,BX_KLT_DINV_WD_GD_ZS,Republic of Moldova,6.98601
2002,BX_KLT_DINV_WD_GD_ZS,Republic of Moldova,5.05771
2003,BX_KLT_DINV_WD_GD_ZS,Republic of Moldova,3.72304
2004,BX_KLT_DINV_WD_GD_ZS,Republic of Moldova,5.81199
2005,BX_KLT_DINV_WD_GD_ZS,Republic of Moldova,6.38145
2014,BX_KLT_DINV_WD_GD_ZS,Germany,0.5011
2015,BX_KLT_DINV_WD_GD_ZS,Germany,1.85915
2016,BX_KLT_DINV_WD_GD_ZS,Germany,1.86486
2017,BX_KLT_DINV_WD_GD_ZS,Germany,2.96695
2018,BX_KLT_DINV_WD_GD_ZS,Germany,4.19854
2019,BX_KLT_DINV_WD_GD_ZS,Germany,1.84351
2020,BX_KLT_DINV_WD_GD_ZS,Germany,3.67071
2021,BX_KLT_DINV_WD_GD_ZS,Germany,1.729
2000,BX_KLT_DINV_WD_GD_ZS,Greece,-0.00628
2006,BX_KLT_DINV_WD_GD_ZS,Armenia,7.30732
2007,BX_KLT_DINV_WD_GD_ZS,Armenia,7.25233
2008,BX_KLT_DINV_WD_GD_ZS,Armenia,8.09235
2009,BX_KLT_DINV_WD_GD_ZS,Armenia,8.78869
2010,BX_KLT_DINV_WD_GD_ZS,Armenia,5.71604
2011,BX_KLT_DINV_WD_GD_ZS,Armenia,6.44067
2012,BX_KLT_DINV_WD_GD_ZS,Armenia,4.67673
2013,BX_KLT_DINV_WD_GD_ZS,Armenia,3.11193
2014,BX_KLT_DINV_WD_GD_ZS,Armenia,3.50211
2020,BX_KLT_DINV_WD_GD_ZS,Colombia,2.75939
2021,BX_KLT_DINV_WD_GD_ZS,Colombia,2.98326
2000,BX_KLT_DINV_WD_GD_ZS,Costa Rica,4.81846
2001,BX_KLT_DINV_WD_GD_ZS,Costa Rica,3.89234
2002,BX_KLT_DINV_WD_GD_ZS,Costa Rica,4.36203
2003,BX_KLT_DINV_WD_GD_ZS,Costa Rica,4.48354
2004,BX_KLT_DINV_WD_GD_ZS,Costa Rica,5.82313
2005,BX_KLT_DINV_WD_GD_ZS,Costa Rica,7.62844
2006,BX_KLT_DINV_WD_GD_ZS,Costa Rica,7.9285
2006,BX_KLT_DINV_WD_GD_ZS,Republic of Moldova,7.58983
2007,BX_KLT_DINV_WD_GD_ZS,Republic of Moldova,12.17898
2008,BX_KLT_DINV_WD_GD_ZS,Republic of Moldova,12.00046
2009,BX_KLT_DINV_WD_GD_ZS,Republic of Moldova,4.85272
2010,BX_KLT_DINV_WD_GD_ZS,Republic of Moldova,4.25879
2011,BX_KLT_DINV_WD_GD_ZS,Republic of Moldova,4.43148
2012,BX_KLT_DINV_WD_GD_ZS,Republic of Moldova,2.88433
2013,BX_KLT_DINV_WD_GD_ZS,Republic of Moldova,2.54699
2014,BX_KLT_DINV_WD_GD_ZS,Republic of Moldova,3.63715
2015,BX_KLT_DINV_WD_GD_ZS,Armenia,1.74474
2016,BX_KLT_DINV_WD_GD_ZS,Armenia,3.16537
2017,BX_KLT_DINV_WD_GD_ZS,Armenia,2.19257
2018,BX_KLT_DINV_WD_GD_ZS,Armenia,2.14205
2019,BX_KLT_DINV_WD_GD_ZS,Armenia,0.73636
2020,BX_KLT_DINV_WD_GD_ZS,Armenia,0.46341
2021,BX_KLT_DINV_WD_GD_ZS,Armenia,2.64364
2000,BX_KLT_DINV_WD_GD_ZS,Belgium,37.47531
2001,BX_KLT_DINV_WD_GD_ZS,Belgium,37.25647
2007,BX_KLT_DINV_WD_GD_ZS,Costa Rica,8.33743
2008,BX_KLT_DINV_WD_GD_ZS,Costa Rica,7.90901
2009,BX_KLT_DINV_WD_GD_ZS,Costa Rica,5.25151
2010,BX_KLT_DINV_WD_GD_ZS,Costa Rica,5.06371
2011,BX_KLT_DINV_WD_GD_ZS,Costa Rica,6.39172
2012,BX_KLT_DINV_WD_GD_ZS,Costa Rica,5.70866
2013,BX_KLT_DINV_WD_GD_ZS,Costa Rica,6.29128
2014,BX_KLT_DINV_WD_GD_ZS,Costa Rica,6.23294
2015,BX_KLT_DINV_WD_GD_ZS,Costa Rica,5.23639
2016,BX_KLT_DINV_WD_GD_ZS,Costa Rica,4.45296
2017,BX_KLT_DINV_WD_GD_ZS,Costa Rica,4.83328
2018,BX_KLT_DINV_WD_GD_ZS,Costa Rica,4.82944
2019,BX_KLT_DINV_WD_GD_ZS,Costa Rica,4.22094
2020,BX_KLT_DINV_WD_GD_ZS,Costa Rica,3.38332
2021,BX_KLT_DINV_WD_GD_ZS,Costa Rica,5.58909
2000,BX_KLT_DINV_WD_GD_ZS,Croatia,4.65461
2001,BX_KLT_DINV_WD_GD_ZS,Croatia,4.45734
2002,BX_KLT_DINV_WD_GD_ZS,Croatia,3.6211
2015,BX_KLT_DINV_WD_GD_ZS,Republic of Moldova,2.91624
2016,BX_KLT_DINV_WD_GD_ZS,Republic of Moldova,1.08332
2017,BX_KLT_DINV_WD_GD_ZS,Republic of Moldova,1.54627
2018,BX_KLT_DINV_WD_GD_ZS,Republic of Moldova,2.56418
2019,BX_KLT_DINV_WD_GD_ZS,Republic of Moldova,4.23653
2020,BX_KLT_DINV_WD_GD_ZS,Republic of Moldova,1.33047
2021,BX_KLT_DINV_WD_GD_ZS,Republic of Moldova,2.86062
2007,BX_KLT_DINV_WD_GD_ZS,Montenegro,25.46675
2008,BX_KLT_DINV_WD_GD_ZS,Montenegro,21.45494
2002,BX_KLT_DINV_WD_GD_ZS,Belgium,7.01242
2003,BX_KLT_DINV_WD_GD_ZS,Belgium,10.86487
2004,BX_KLT_DINV_WD_GD_ZS,Belgium,12.05211
2005,BX_KLT_DINV_WD_GD_ZS,Belgium,8.72718
2006,BX_KLT_DINV_WD_GD_ZS,Belgium,14.40787
2007,BX_KLT_DINV_WD_GD_ZS,Belgium,20.50267
2008,BX_KLT_DINV_WD_GD_ZS,Belgium,36.80292
2009,BX_KLT_DINV_WD_GD_ZS,Belgium,16.007
2010,BX_KLT_DINV_WD_GD_ZS,Belgium,26.06698
2003,BX_KLT_DINV_WD_GD_ZS,Croatia,5.27208
2004,BX_KLT_DINV_WD_GD_ZS,Croatia,3.128
2005,BX_KLT_DINV_WD_GD_ZS,Croatia,3.95926
2006,BX_KLT_DINV_WD_GD_ZS,Croatia,6.57294
2007,BX_KLT_DINV_WD_GD_ZS,Croatia,7.66105
2008,BX_KLT_DINV_WD_GD_ZS,Croatia,7.39974
2009,BX_KLT_DINV_WD_GD_ZS,Croatia,4.84742
2010,BX_KLT_DINV_WD_GD_ZS,Croatia,2.54656
2011,BX_KLT_DINV_WD_GD_ZS,Croatia,1.96974
2009,BX_KLT_DINV_WD_GD_ZS,Montenegro,37.27248
2010,BX_KLT_DINV_WD_GD_ZS,Montenegro,18.30191
2011,BX_KLT_DINV_WD_GD_ZS,Montenegro,12.24909
2012,BX_KLT_DINV_WD_GD_ZS,Montenegro,15.12153
2013,BX_KLT_DINV_WD_GD_ZS,Montenegro,9.99671
2014,BX_KLT_DINV_WD_GD_ZS,Montenegro,10.81826
2015,BX_KLT_DINV_WD_GD_ZS,Montenegro,17.26031
2016,BX_KLT_DINV_WD_GD_ZS,Montenegro,5.17936
2017,BX_KLT_DINV_WD_GD_ZS,Montenegro,11.54432
2011,BX_KLT_DINV_WD_GD_ZS,Belgium,31.26598
2012,BX_KLT_DINV_WD_GD_ZS,Belgium,2.38037
2013,BX_KLT_DINV_WD_GD_ZS,Belgium,-5.68061
2014,BX_KLT_DINV_WD_GD_ZS,Belgium,-2.84015
2015,BX_KLT_DINV_WD_GD_ZS,Belgium,-4.2208
2016,BX_KLT_DINV_WD_GD_ZS,Belgium,12.0863
2017,BX_KLT_DINV_WD_GD_ZS,Belgium,-7.41676
2018,BX_KLT_DINV_WD_GD_ZS,Belgium,-7.65718
2019,BX_KLT_DINV_WD_GD_ZS,Belgium,-3.99005
2012,BX_KLT_DINV_WD_GD_ZS,Croatia,2.5538
2013,BX_KLT_DINV_WD_GD_ZS,Croatia,1.63642
2014,BX_KLT_DINV_WD_GD_ZS,Croatia,5.44266
2015,BX_KLT_DINV_WD_GD_ZS,Croatia,0.07002
2016,BX_KLT_DINV_WD_GD_ZS,Croatia,0.80878
2017,BX_KLT_DINV_WD_GD_ZS,Croatia,0.80134
2018,BX_KLT_DINV_WD_GD_ZS,Croatia,2.10981
2019,BX_KLT_DINV_WD_GD_ZS,Croatia,6.32261
2020,BX_KLT_DINV_WD_GD_ZS,Croatia,2.17387
2018,BX_KLT_DINV_WD_GD_ZS,Montenegro,8.81921
2019,BX_KLT_DINV_WD_GD_ZS,Montenegro,7.53493
2020,BX_KLT_DINV_WD_GD_ZS,Montenegro,11.13037
2021,BX_KLT_DINV_WD_GD_ZS,Montenegro,11.83602
2000,BX_KLT_DINV_WD_GD_ZS,Netherlands (Kingdom of the),15.11685
2001,BX_KLT_DINV_WD_GD_ZS,Netherlands (Kingdom of the),12.04831
2002,BX_KLT_DINV_WD_GD_ZS,Netherlands (Kingdom of the),5.37816
2003,BX_KLT_DINV_WD_GD_ZS,Netherlands (Kingdom of the),3.52654
2004,BX_KLT_DINV_WD_GD_ZS,Netherlands (Kingdom of the),21.25227
2021,BX_KLT_DINV_WD_GD_ZS,Croatia,6.75829
2000,BX_KLT_DINV_WD_GD_ZS,Cyprus,8.56086
2001,BX_KLT_DINV_WD_GD_ZS,Cyprus,9.0859
2002,BX_KLT_DINV_WD_GD_ZS,Cyprus,9.66224
2003,BX_KLT_DINV_WD_GD_ZS,Cyprus,6.24271
2004,BX_KLT_DINV_WD_GD_ZS,Cyprus,6.45962
2005,BX_KLT_DINV_WD_GD_ZS,Cyprus,6.30363
2006,BX_KLT_DINV_WD_GD_ZS,Cyprus,9.32555
2007,BX_KLT_DINV_WD_GD_ZS,Cyprus,9.57344
2001,BX_KLT_DINV_WD_GD_ZS,Greece,0.00147
2002,BX_KLT_DINV_WD_GD_ZS,Greece,0.02211
2003,BX_KLT_DINV_WD_GD_ZS,Greece,0.6958
2004,BX_KLT_DINV_WD_GD_ZS,Greece,0.89139
2005,BX_KLT_DINV_WD_GD_ZS,Greece,0.27775
2006,BX_KLT_DINV_WD_GD_ZS,Greece,1.97824
2007,BX_KLT_DINV_WD_GD_ZS,Greece,0.61371
2008,BX_KLT_DINV_WD_GD_ZS,Greece,1.61093
2009,BX_KLT_DINV_WD_GD_ZS,Greece,0.83496
2020,BX_KLT_DINV_WD_GD_ZS,Belgium,-4.63557
2021,BX_KLT_DINV_WD_GD_ZS,Belgium,4.04589
2000,BX_KLT_DINV_WD_GD_ZS,Bosnia and Herzegovina,2.62376
2001,BX_KLT_DINV_WD_GD_ZS,Bosnia and Herzegovina,2.04275
2002,BX_KLT_DINV_WD_GD_ZS,Bosnia and Herzegovina,3.97947
2003,BX_KLT_DINV_WD_GD_ZS,Bosnia and Herzegovina,4.49234
2004,BX_KLT_DINV_WD_GD_ZS,Bosnia and Herzegovina,8.75799
2005,BX_KLT_DINV_WD_GD_ZS,Bosnia and Herzegovina,5.55837
2006,BX_KLT_DINV_WD_GD_ZS,Bosnia and Herzegovina,6.57589
2008,BX_KLT_DINV_WD_GD_ZS,Cyprus,44.16387
2009,BX_KLT_DINV_WD_GD_ZS,Cyprus,249.10805
2010,BX_KLT_DINV_WD_GD_ZS,Cyprus,120.27754
2011,BX_KLT_DINV_WD_GD_ZS,Cyprus,146.31985
2012,BX_KLT_DINV_WD_GD_ZS,Cyprus,279.34735
2013,BX_KLT_DINV_WD_GD_ZS,Cyprus,108.36843
2014,BX_KLT_DINV_WD_GD_ZS,Cyprus,222.75569
2015,BX_KLT_DINV_WD_GD_ZS,Cyprus,145.46314
2016,BX_KLT_DINV_WD_GD_ZS,Cyprus,40.42487
2017,BX_KLT_DINV_WD_GD_ZS,Cyprus,62.78268
2018,BX_KLT_DINV_WD_GD_ZS,Cyprus,-4.33755
2019,BX_KLT_DINV_WD_GD_ZS,Cyprus,203.64523
2020,BX_KLT_DINV_WD_GD_ZS,Cyprus,-104.05901
2021,BX_KLT_DINV_WD_GD_ZS,Cyprus,-117.42025
2000,BX_KLT_DINV_WD_GD_ZS,Czechia,8.06603
2001,BX_KLT_DINV_WD_GD_ZS,Czechia,8.31864
2002,BX_KLT_DINV_WD_GD_ZS,Czechia,10.33701
2003,BX_KLT_DINV_WD_GD_ZS,Czechia,2.01945
2005,BX_KLT_DINV_WD_GD_ZS,Netherlands (Kingdom of the),30.62514
2006,BX_KLT_DINV_WD_GD_ZS,Netherlands (Kingdom of the),51.16198
2007,BX_KLT_DINV_WD_GD_ZS,Netherlands (Kingdom of the),86.47915
2008,BX_KLT_DINV_WD_GD_ZS,Netherlands (Kingdom of the),20.54168
2009,BX_KLT_DINV_WD_GD_ZS,Netherlands (Kingdom of the),10.99819
2010,BX_KLT_DINV_WD_GD_ZS,Netherlands (Kingdom of the),13.66012
2011,BX_KLT_DINV_WD_GD_ZS,Netherlands (Kingdom of the),36.68196
2012,BX_KLT_DINV_WD_GD_ZS,Netherlands (Kingdom of the),28.56863
2013,BX_KLT_DINV_WD_GD_ZS,Netherlands (Kingdom of the),37.47008
2014,BX_KLT_DINV_WD_GD_ZS,Netherlands (Kingdom of the),13.18443
2015,BX_KLT_DINV_WD_GD_ZS,Netherlands (Kingdom of the),43.48723
2016,BX_KLT_DINV_WD_GD_ZS,Netherlands (Kingdom of the),30.74909
2017,BX_KLT_DINV_WD_GD_ZS,Netherlands (Kingdom of the),27.26956
2018,BX_KLT_DINV_WD_GD_ZS,Netherlands (Kingdom of the),-36.14035
2019,BX_KLT_DINV_WD_GD_ZS,Netherlands (Kingdom of the),-1.55921
2020,BX_KLT_DINV_WD_GD_ZS,Netherlands (Kingdom of the),-24.03978
2021,BX_KLT_DINV_WD_GD_ZS,Netherlands (Kingdom of the),-13.99437
2000,BX_KLT_DINV_WD_GD_ZS,New Zealand,-2.86529
2007,BX_KLT_DINV_WD_GD_ZS,Bosnia and Herzegovina,11.67374
2008,BX_KLT_DINV_WD_GD_ZS,Bosnia and Herzegovina,5.2575
2009,BX_KLT_DINV_WD_GD_ZS,Bosnia and Herzegovina,0.78638
2010,BX_KLT_DINV_WD_GD_ZS,Bosnia and Herzegovina,2.58395
2011,BX_KLT_DINV_WD_GD_ZS,Bosnia and Herzegovina,2.52946
2012,BX_KLT_DINV_WD_GD_ZS,Bosnia and Herzegovina,2.27538
2013,BX_KLT_DINV_WD_GD_ZS,Bosnia and Herzegovina,1.72344
2014,BX_KLT_DINV_WD_GD_ZS,Bosnia and Herzegovina,2.93596
2015,BX_KLT_DINV_WD_GD_ZS,Bosnia and Herzegovina,2.36307
2016,BX_KLT_DINV_WD_GD_ZS,Bosnia and Herzegovina,1.85178
2017,BX_KLT_DINV_WD_GD_ZS,Bosnia and Herzegovina,2.81762
2018,BX_KLT_DINV_WD_GD_ZS,Bosnia and Herzegovina,2.98156
2019,BX_KLT_DINV_WD_GD_ZS,Bosnia and Herzegovina,2.21693
2020,BX_KLT_DINV_WD_GD_ZS,Bosnia and Herzegovina,2.17044
2021,BX_KLT_DINV_WD_GD_ZS,Bosnia and Herzegovina,2.73208
2000,BX_KLT_DINV_WD_GD_ZS,Bulgaria,7.5609
2001,BX_KLT_DINV_WD_GD_ZS,Bulgaria,5.73161
2002,BX_KLT_DINV_WD_GD_ZS,Bulgaria,5.51526
2004,BX_KLT_DINV_WD_GD_ZS,Czechia,5.36118
2005,BX_KLT_DINV_WD_GD_ZS,Czechia,10.01153
2006,BX_KLT_DINV_WD_GD_ZS,Czechia,4.56407
2007,BX_KLT_DINV_WD_GD_ZS,Czechia,7.26437
2008,BX_KLT_DINV_WD_GD_ZS,Czechia,3.72246
2009,BX_KLT_DINV_WD_GD_ZS,Czechia,2.54134
2010,BX_KLT_DINV_WD_GD_ZS,Czechia,4.86337
2011,BX_KLT_DINV_WD_GD_ZS,Czechia,1.82466
2012,BX_KLT_DINV_WD_GD_ZS,Czechia,4.51657
2001,BX_KLT_DINV_WD_GD_ZS,New Zealand,0.48136
2002,BX_KLT_DINV_WD_GD_ZS,New Zealand,4.27533
2003,BX_KLT_DINV_WD_GD_ZS,New Zealand,-3.81179
2004,BX_KLT_DINV_WD_GD_ZS,New Zealand,2.23263
2005,BX_KLT_DINV_WD_GD_ZS,New Zealand,1.66202
2006,BX_KLT_DINV_WD_GD_ZS,New Zealand,2.61133
2007,BX_KLT_DINV_WD_GD_ZS,New Zealand,3.16024
2008,BX_KLT_DINV_WD_GD_ZS,New Zealand,1.94692
2009,BX_KLT_DINV_WD_GD_ZS,New Zealand,-0.04316
2010,BX_KLT_DINV_WD_GD_ZS,Greece,0.17936
2011,BX_KLT_DINV_WD_GD_ZS,Greece,0.38594
2012,BX_KLT_DINV_WD_GD_ZS,Greece,0.68673
2013,BX_KLT_DINV_WD_GD_ZS,Greece,1.23281
2014,BX_KLT_DINV_WD_GD_ZS,Greece,1.14557
2015,BX_KLT_DINV_WD_GD_ZS,Greece,0.64846
2016,BX_KLT_DINV_WD_GD_ZS,Greece,1.39714
2017,BX_KLT_DINV_WD_GD_ZS,Greece,1.7209
2018,BX_KLT_DINV_WD_GD_ZS,Greece,1.89835
2013,BX_KLT_DINV_WD_GD_ZS,Czechia,3.47571
2014,BX_KLT_DINV_WD_GD_ZS,Czechia,3.86354
2015,BX_KLT_DINV_WD_GD_ZS,Czechia,0.90405
2016,BX_KLT_DINV_WD_GD_ZS,Czechia,5.52835
2017,BX_KLT_DINV_WD_GD_ZS,Czechia,5.13873
2018,BX_KLT_DINV_WD_GD_ZS,Czechia,3.34323
2019,BX_KLT_DINV_WD_GD_ZS,Czechia,4.25745
2020,BX_KLT_DINV_WD_GD_ZS,Czechia,3.46194
2021,BX_KLT_DINV_WD_GD_ZS,Czechia,2.70135
2003,BX_KLT_DINV_WD_GD_ZS,Bulgaria,9.91625
2004,BX_KLT_DINV_WD_GD_ZS,Bulgaria,11.74617
2005,BX_KLT_DINV_WD_GD_ZS,Bulgaria,13.72019
2006,BX_KLT_DINV_WD_GD_ZS,Bulgaria,22.90436
2007,BX_KLT_DINV_WD_GD_ZS,Bulgaria,31.22753
2008,BX_KLT_DINV_WD_GD_ZS,Bulgaria,18.89952
2009,BX_KLT_DINV_WD_GD_ZS,Bulgaria,7.4902
2010,BX_KLT_DINV_WD_GD_ZS,Bulgaria,3.6362
2011,BX_KLT_DINV_WD_GD_ZS,Bulgaria,3.64749
2010,BX_KLT_DINV_WD_GD_ZS,New Zealand,0.19541
2011,BX_KLT_DINV_WD_GD_ZS,New Zealand,0.81906
2012,BX_KLT_DINV_WD_GD_ZS,New Zealand,2.18317
2013,BX_KLT_DINV_WD_GD_ZS,New Zealand,-0.03642
2014,BX_KLT_DINV_WD_GD_ZS,New Zealand,1.61517
2015,BX_KLT_DINV_WD_GD_ZS,New Zealand,-0.04121
2016,BX_KLT_DINV_WD_GD_ZS,New Zealand,1.0634
2017,BX_KLT_DINV_WD_GD_ZS,New Zealand,1.15671
2018,BX_KLT_DINV_WD_GD_ZS,New Zealand,1.18729
2012,BX_KLT_DINV_WD_GD_ZS,Bulgaria,3.29297
2013,BX_KLT_DINV_WD_GD_ZS,Bulgaria,3.56394
2014,BX_KLT_DINV_WD_GD_ZS,Bulgaria,1.91584
2015,BX_KLT_DINV_WD_GD_ZS,Bulgaria,4.37437
2016,BX_KLT_DINV_WD_GD_ZS,Bulgaria,2.75871
2017,BX_KLT_DINV_WD_GD_ZS,Bulgaria,3.39072
2018,BX_KLT_DINV_WD_GD_ZS,Bulgaria,2.72719
2019,BX_KLT_DINV_WD_GD_ZS,Bulgaria,3.22313
2020,BX_KLT_DINV_WD_GD_ZS,Bulgaria,5.12482
2000,BX_KLT_DINV_WD_GD_ZS,Denmark,21.93809
2001,BX_KLT_DINV_WD_GD_ZS,Denmark,5.63525
2002,BX_KLT_DINV_WD_GD_ZS,Denmark,2.48031
2003,BX_KLT_DINV_WD_GD_ZS,Denmark,0.54326
2004,BX_KLT_DINV_WD_GD_ZS,Denmark,-3.50243
2005,BX_KLT_DINV_WD_GD_ZS,Denmark,4.8577
2006,BX_KLT_DINV_WD_GD_ZS,Denmark,0.84319
2007,BX_KLT_DINV_WD_GD_ZS,Denmark,3.69711
2008,BX_KLT_DINV_WD_GD_ZS,Denmark,0.62011
2019,BX_KLT_DINV_WD_GD_ZS,New Zealand,1.36611
2020,BX_KLT_DINV_WD_GD_ZS,New Zealand,1.95297
2021,BX_KLT_DINV_WD_GD_ZS,New Zealand,1.8168
2000,BX_KLT_DINV_WD_GD_ZS,Norway,4.86552
2001,BX_KLT_DINV_WD_GD_ZS,Norway,1.83375
2002,BX_KLT_DINV_WD_GD_ZS,Norway,1.54035
2003,BX_KLT_DINV_WD_GD_ZS,Norway,1.82619
2004,BX_KLT_DINV_WD_GD_ZS,Norway,1.85946
2005,BX_KLT_DINV_WD_GD_ZS,Norway,3.25648
2009,BX_KLT_DINV_WD_GD_ZS,Denmark,1.1739
2010,BX_KLT_DINV_WD_GD_ZS,Denmark,-3.65467
2011,BX_KLT_DINV_WD_GD_ZS,Denmark,3.9415
2012,BX_KLT_DINV_WD_GD_ZS,Denmark,-4.99767
2013,BX_KLT_DINV_WD_GD_ZS,Denmark,0.19801
2014,BX_KLT_DINV_WD_GD_ZS,Denmark,1.86331
2015,BX_KLT_DINV_WD_GD_ZS,Denmark,0.61148
2016,BX_KLT_DINV_WD_GD_ZS,Denmark,2.49237
2017,BX_KLT_DINV_WD_GD_ZS,Denmark,1.08613
2021,BX_KLT_DINV_WD_GD_ZS,Bulgaria,2.52719
2007,BX_KLT_DINV_WD_GD_ZS,Serbia,10.24575
2008,BX_KLT_DINV_WD_GD_ZS,Serbia,7.77059
2009,BX_KLT_DINV_WD_GD_ZS,Serbia,6.48591
2010,BX_KLT_DINV_WD_GD_ZS,Serbia,4.04895
2011,BX_KLT_DINV_WD_GD_ZS,Serbia,10.00958
2012,BX_KLT_DINV_WD_GD_ZS,Serbia,2.94473
2013,BX_KLT_DINV_WD_GD_ZS,Serbia,4.25525
2014,BX_KLT_DINV_WD_GD_ZS,Serbia,4.24872
2018,BX_KLT_DINV_WD_GD_ZS,Denmark,2.456
2019,BX_KLT_DINV_WD_GD_ZS,Denmark,-1.09719
2020,BX_KLT_DINV_WD_GD_ZS,Denmark,0.44556
2021,BX_KLT_DINV_WD_GD_ZS,Denmark,3.69266
2000,BX_KLT_DINV_WD_GD_ZS,Estonia,7.31924
2001,BX_KLT_DINV_WD_GD_ZS,Estonia,9.47918
2002,BX_KLT_DINV_WD_GD_ZS,Estonia,4.5906
2003,BX_KLT_DINV_WD_GD_ZS,Estonia,10.51492
2004,BX_KLT_DINV_WD_GD_ZS,Estonia,8.94864
2015,BX_KLT_DINV_WD_GD_ZS,Serbia,5.90867
2016,BX_KLT_DINV_WD_GD_ZS,Serbia,5.78781
2017,BX_KLT_DINV_WD_GD_ZS,Serbia,6.55201
2018,BX_KLT_DINV_WD_GD_ZS,Serbia,8.04076
2019,BX_KLT_DINV_WD_GD_ZS,Serbia,8.28647
2020,BX_KLT_DINV_WD_GD_ZS,Serbia,6.53301
2021,BX_KLT_DINV_WD_GD_ZS,Serbia,7.24089
2000,BX_KLT_DINV_WD_GD_ZS,Slovakia,7.46555
2001,BX_KLT_DINV_WD_GD_ZS,Slovakia,4.97935
2019,BX_KLT_DINV_WD_GD_ZS,Greece,2.43579
2020,BX_KLT_DINV_WD_GD_ZS,Greece,1.74865
2021,BX_KLT_DINV_WD_GD_ZS,Greece,2.85399
2000,BX_KLT_DINV_WD_GD_ZS,Hungary,5.81916
2001,BX_KLT_DINV_WD_GD_ZS,Hungary,7.55129
2002,BX_KLT_DINV_WD_GD_ZS,Hungary,5.38898
2003,BX_KLT_DINV_WD_GD_ZS,Hungary,4.87484
2004,BX_KLT_DINV_WD_GD_ZS,Hungary,4.35849
2005,BX_KLT_DINV_WD_GD_ZS,Hungary,24.28179
2005,BX_KLT_DINV_WD_GD_ZS,Estonia,21.67437
2006,BX_KLT_DINV_WD_GD_ZS,Estonia,10.32827
2007,BX_KLT_DINV_WD_GD_ZS,Estonia,13.5112
2008,BX_KLT_DINV_WD_GD_ZS,Estonia,8.12296
2009,BX_KLT_DINV_WD_GD_ZS,Estonia,9.5059
2010,BX_KLT_DINV_WD_GD_ZS,Estonia,13.27763
2011,BX_KLT_DINV_WD_GD_ZS,Estonia,4.82101
2012,BX_KLT_DINV_WD_GD_ZS,Estonia,7.76459
2013,BX_KLT_DINV_WD_GD_ZS,Estonia,4.37153
2006,BX_KLT_DINV_WD_GD_ZS,Norway,3.43708
2007,BX_KLT_DINV_WD_GD_ZS,Norway,6.18703
2008,BX_KLT_DINV_WD_GD_ZS,Norway,4.45175
2009,BX_KLT_DINV_WD_GD_ZS,Norway,2.23614
2010,BX_KLT_DINV_WD_GD_ZS,Norway,5.04581
2011,BX_KLT_DINV_WD_GD_ZS,Norway,2.06636
2012,BX_KLT_DINV_WD_GD_ZS,Norway,5.47549
2013,BX_KLT_DINV_WD_GD_ZS,Norway,-0.2618
2014,BX_KLT_DINV_WD_GD_ZS,Norway,0.65052
2002,BX_KLT_DINV_WD_GD_ZS,Slovakia,11.934
2003,BX_KLT_DINV_WD_GD_ZS,Slovakia,2.06565
2004,BX_KLT_DINV_WD_GD_ZS,Slovakia,7.07465
2005,BX_KLT_DINV_WD_GD_ZS,Slovakia,6.24676
2006,BX_KLT_DINV_WD_GD_ZS,Slovakia,8.05659
2007,BX_KLT_DINV_WD_GD_ZS,Slovakia,5.84335
2008,BX_KLT_DINV_WD_GD_ZS,Slovakia,4.60041
2009,BX_KLT_DINV_WD_GD_ZS,Slovakia,1.70145
2010,BX_KLT_DINV_WD_GD_ZS,Slovakia,2.32094
2014,BX_KLT_DINV_WD_GD_ZS,Estonia,6.68936
2015,BX_KLT_DINV_WD_GD_ZS,Estonia,-3.12556
2016,BX_KLT_DINV_WD_GD_ZS,Estonia,3.84567
2017,BX_KLT_DINV_WD_GD_ZS,Estonia,6.44685
2018,BX_KLT_DINV_WD_GD_ZS,Estonia,4.02406
2019,BX_KLT_DINV_WD_GD_ZS,Estonia,9.82202
2020,BX_KLT_DINV_WD_GD_ZS,Estonia,11.52832
2021,BX_KLT_DINV_WD_GD_ZS,Estonia,19.79294
2000,BX_KLT_DINV_WD_GD_ZS,Finland,10.71427
2015,BX_KLT_DINV_WD_GD_ZS,Norway,1.88545
2016,BX_KLT_DINV_WD_GD_ZS,Norway,-5.0616
2017,BX_KLT_DINV_WD_GD_ZS,Norway,1.4811
2018,BX_KLT_DINV_WD_GD_ZS,Norway,-1.29618
2019,BX_KLT_DINV_WD_GD_ZS,Norway,4.03264
2020,BX_KLT_DINV_WD_GD_ZS,Norway,-1.13271
2021,BX_KLT_DINV_WD_GD_ZS,Norway,2.94196
2000,BX_KLT_DINV_WD_GD_ZS,Poland,5.42041
2001,BX_KLT_DINV_WD_GD_ZS,Poland,2.97372
2001,BX_KLT_DINV_WD_GD_ZS,Finland,2.48949
2002,BX_KLT_DINV_WD_GD_ZS,Finland,5.76518
2003,BX_KLT_DINV_WD_GD_ZS,Finland,3.47526
2004,BX_KLT_DINV_WD_GD_ZS,Finland,3.4318
2005,BX_KLT_DINV_WD_GD_ZS,Finland,5.30433
2006,BX_KLT_DINV_WD_GD_ZS,Finland,2.13678
2007,BX_KLT_DINV_WD_GD_ZS,Finland,8.57303
2008,BX_KLT_DINV_WD_GD_ZS,Finland,6.79228
2009,BX_KLT_DINV_WD_GD_ZS,Finland,-3.48162
2011,BX_KLT_DINV_WD_GD_ZS,Slovakia,5.4358
2012,BX_KLT_DINV_WD_GD_ZS,Slovakia,1.87751
2013,BX_KLT_DINV_WD_GD_ZS,Slovakia,1.01471
2014,BX_KLT_DINV_WD_GD_ZS,Slovakia,-0.35777
2015,BX_KLT_DINV_WD_GD_ZS,Slovakia,1.71021
2016,BX_KLT_DINV_WD_GD_ZS,Slovakia,5.27263
2017,BX_KLT_DINV_WD_GD_ZS,Slovakia,4.41776
2018,BX_KLT_DINV_WD_GD_ZS,Slovakia,2.12068
2019,BX_KLT_DINV_WD_GD_ZS,Slovakia,2.15645
2010,BX_KLT_DINV_WD_GD_ZS,Finland,4.89969
2011,BX_KLT_DINV_WD_GD_ZS,Finland,-2.17994
2012,BX_KLT_DINV_WD_GD_ZS,Finland,1.90913
2013,BX_KLT_DINV_WD_GD_ZS,Finland,-1.81391
2014,BX_KLT_DINV_WD_GD_ZS,Finland,6.37722
2015,BX_KLT_DINV_WD_GD_ZS,Finland,7.45526
2016,BX_KLT_DINV_WD_GD_ZS,Finland,2.12819
2017,BX_KLT_DINV_WD_GD_ZS,Finland,6.7081
2018,BX_KLT_DINV_WD_GD_ZS,Finland,-3.83438
2002,BX_KLT_DINV_WD_GD_ZS,Poland,2.05503
2003,BX_KLT_DINV_WD_GD_ZS,Poland,2.46572
2004,BX_KLT_DINV_WD_GD_ZS,Poland,5.43608
2005,BX_KLT_DINV_WD_GD_ZS,Poland,3.60647
2006,BX_KLT_DINV_WD_GD_ZS,Poland,6.23088
2007,BX_KLT_DINV_WD_GD_ZS,Poland,5.83434
2008,BX_KLT_DINV_WD_GD_ZS,Poland,2.73121
2009,BX_KLT_DINV_WD_GD_ZS,Poland,3.1894
2010,BX_KLT_DINV_WD_GD_ZS,Poland,3.89786
2020,BX_KLT_DINV_WD_GD_ZS,Slovakia,-1.07004
2021,BX_KLT_DINV_WD_GD_ZS,Slovakia,0.8332
2000,BX_KLT_DINV_WD_GD_ZS,Viet Nam,4.16392
2001,BX_KLT_DINV_WD_GD_ZS,Viet Nam,3.97734
2002,BX_KLT_DINV_WD_GD_ZS,Viet Nam,3.99269
2003,BX_KLT_DINV_WD_GD_ZS,Viet Nam,3.66601
2004,BX_KLT_DINV_WD_GD_ZS,Viet Nam,3.54408
2005,BX_KLT_DINV_WD_GD_ZS,Viet Nam,3.3904
2006,BX_KLT_DINV_WD_GD_ZS,Viet Nam,3.616
2011,BX_KLT_DINV_WD_GD_ZS,Poland,3.47304
2012,BX_KLT_DINV_WD_GD_ZS,Poland,1.44981
2013,BX_KLT_DINV_WD_GD_ZS,Poland,0.19951
2014,BX_KLT_DINV_WD_GD_ZS,Poland,3.79437
2015,BX_KLT_DINV_WD_GD_ZS,Poland,3.26926
2016,BX_KLT_DINV_WD_GD_ZS,Poland,3.77641
2017,BX_KLT_DINV_WD_GD_ZS,Poland,2.28707
2018,BX_KLT_DINV_WD_GD_ZS,Poland,3.26165
2019,BX_KLT_DINV_WD_GD_ZS,Poland,2.95594
2019,BX_KLT_DINV_WD_GD_ZS,Finland,5.81408
2020,BX_KLT_DINV_WD_GD_ZS,Finland,-0.91492
2021,BX_KLT_DINV_WD_GD_ZS,Finland,8.02863
2000,BX_KLT_DINV_WD_GD_ZS,France,3.03075
2001,BX_KLT_DINV_WD_GD_ZS,France,3.63966
2002,BX_KLT_DINV_WD_GD_ZS,France,3.43347
2003,BX_KLT_DINV_WD_GD_ZS,France,2.296
2004,BX_KLT_DINV_WD_GD_ZS,France,1.67994
2005,BX_KLT_DINV_WD_GD_ZS,France,3.87525
2006,BX_KLT_DINV_WD_GD_ZS,France,3.40253
2007,BX_KLT_DINV_WD_GD_ZS,France,3.14883
2008,BX_KLT_DINV_WD_GD_ZS,France,2.32049
2009,BX_KLT_DINV_WD_GD_ZS,France,0.68211
2010,BX_KLT_DINV_WD_GD_ZS,France,1.4702
2011,BX_KLT_DINV_WD_GD_ZS,France,1.54288
2012,BX_KLT_DINV_WD_GD_ZS,France,1.2276
2013,BX_KLT_DINV_WD_GD_ZS,France,1.12342
2014,BX_KLT_DINV_WD_GD_ZS,France,0.20325
2007,BX_KLT_DINV_WD_GD_ZS,Viet Nam,8.65472
2008,BX_KLT_DINV_WD_GD_ZS,Viet Nam,9.66304
2009,BX_KLT_DINV_WD_GD_ZS,Viet Nam,7.16882
2010,BX_KLT_DINV_WD_GD_ZS,Viet Nam,5.43474
2011,BX_KLT_DINV_WD_GD_ZS,Viet Nam,4.30487
2012,BX_KLT_DINV_WD_GD_ZS,Viet Nam,4.27832
2013,BX_KLT_DINV_WD_GD_ZS,Viet Nam,4.16454
2014,BX_KLT_DINV_WD_GD_ZS,Viet Nam,3.94086
2015,BX_KLT_DINV_WD_GD_ZS,Viet Nam,4.93191
2020,BX_KLT_DINV_WD_GD_ZS,Poland,3.19477
2021,BX_KLT_DINV_WD_GD_ZS,Poland,5.46225
2000,BX_KLT_DINV_WD_GD_ZS,Portugal,6.14862
2001,BX_KLT_DINV_WD_GD_ZS,Portugal,5.02761
2002,BX_KLT_DINV_WD_GD_ZS,Portugal,0.43614
2003,BX_KLT_DINV_WD_GD_ZS,Portugal,6.26697
2004,BX_KLT_DINV_WD_GD_ZS,Portugal,1.31225
2005,BX_KLT_DINV_WD_GD_ZS,Portugal,1.70741
2006,BX_KLT_DINV_WD_GD_ZS,Portugal,6.41633
2007,BX_KLT_DINV_WD_GD_ZS,Portugal,2.50093
2008,BX_KLT_DINV_WD_GD_ZS,Portugal,2.96833
2009,BX_KLT_DINV_WD_GD_ZS,Portugal,2.28303
2010,BX_KLT_DINV_WD_GD_ZS,Portugal,3.76582
2011,BX_KLT_DINV_WD_GD_ZS,Portugal,4.00667
2012,BX_KLT_DINV_WD_GD_ZS,Portugal,9.89546
2013,BX_KLT_DINV_WD_GD_ZS,Portugal,6.95356
2014,BX_KLT_DINV_WD_GD_ZS,Portugal,5.23954
2015,BX_KLT_DINV_WD_GD_ZS,Portugal,0.63694
2015,BX_KLT_DINV_WD_GD_ZS,France,1.75572
2016,BX_KLT_DINV_WD_GD_ZS,France,1.32649
2017,BX_KLT_DINV_WD_GD_ZS,France,1.38212
2018,BX_KLT_DINV_WD_GD_ZS,France,2.77658
2019,BX_KLT_DINV_WD_GD_ZS,France,1.96049
2020,BX_KLT_DINV_WD_GD_ZS,France,0.55799
2021,BX_KLT_DINV_WD_GD_ZS,France,2.98956
2000,BX_KLT_DINV_WD_GD_ZS,Uzbekistan,0.54286
2001,BX_KLT_DINV_WD_GD_ZS,Uzbekistan,0.72623
2016,BX_KLT_DINV_WD_GD_ZS,Portugal,3.56293
2017,BX_KLT_DINV_WD_GD_ZS,Portugal,4.8265
2018,BX_KLT_DINV_WD_GD_ZS,Portugal,3.23799
2019,BX_KLT_DINV_WD_GD_ZS,Portugal,4.30025
2020,BX_KLT_DINV_WD_GD_ZS,Portugal,1.74293
2021,BX_KLT_DINV_WD_GD_ZS,Portugal,3.09504
2000,BX_KLT_DINV_WD_GD_ZS,Romania,2.78365
2001,BX_KLT_DINV_WD_GD_ZS,Romania,2.86423
2002,BX_KLT_DINV_WD_GD_ZS,Romania,2.48339
2016,BX_KLT_DINV_WD_GD_ZS,Viet Nam,4.90089
2017,BX_KLT_DINV_WD_GD_ZS,Viet Nam,5.01149
2018,BX_KLT_DINV_WD_GD_ZS,Viet Nam,4.99828
2019,BX_KLT_DINV_WD_GD_ZS,Viet Nam,4.82108
2020,BX_KLT_DINV_WD_GD_ZS,Viet Nam,4.55836
2021,BX_KLT_DINV_WD_GD_ZS,Viet Nam,4.27708
2000,BX_KLT_DINV_WD_GD_ZS,Slovenia,0.66931
2001,BX_KLT_DINV_WD_GD_ZS,Slovenia,2.40081
2002,BX_KLT_DINV_WD_GD_ZS,Slovenia,7.87488
2002,BX_KLT_DINV_WD_GD_ZS,Uzbekistan,0.67404
2003,BX_KLT_DINV_WD_GD_ZS,Uzbekistan,0.81504
2004,BX_KLT_DINV_WD_GD_ZS,Uzbekistan,1.46799
2005,BX_KLT_DINV_WD_GD_ZS,Uzbekistan,1.49216
2006,BX_KLT_DINV_WD_GD_ZS,Uzbekistan,1.19531
2007,BX_KLT_DINV_WD_GD_ZS,Uzbekistan,2.99176
2008,BX_KLT_DINV_WD_GD_ZS,Uzbekistan,1.85439
2009,BX_KLT_DINV_WD_GD_ZS,Uzbekistan,1.81985
2010,BX_KLT_DINV_WD_GD_ZS,Uzbekistan,3.34115
2003,BX_KLT_DINV_WD_GD_ZS,Slovenia,1.80734
2004,BX_KLT_DINV_WD_GD_ZS,Slovenia,2.21736
2005,BX_KLT_DINV_WD_GD_ZS,Slovenia,2.68129
2006,BX_KLT_DINV_WD_GD_ZS,Slovenia,1.75279
2007,BX_KLT_DINV_WD_GD_ZS,Slovenia,3.92055
2008,BX_KLT_DINV_WD_GD_ZS,Slovenia,1.93753
2009,BX_KLT_DINV_WD_GD_ZS,Slovenia,-0.68615
2010,BX_KLT_DINV_WD_GD_ZS,Slovenia,0.66201
2011,BX_KLT_DINV_WD_GD_ZS,Slovenia,1.6981
2003,BX_KLT_DINV_WD_GD_ZS,Romania,3.18995
2004,BX_KLT_DINV_WD_GD_ZS,Romania,8.5938
2005,BX_KLT_DINV_WD_GD_ZS,Romania,6.60078
2006,BX_KLT_DINV_WD_GD_ZS,Romania,9.02012
2007,BX_KLT_DINV_WD_GD_ZS,Romania,5.78691
2008,BX_KLT_DINV_WD_GD_ZS,Romania,6.37749
2009,BX_KLT_DINV_WD_GD_ZS,Romania,2.66375
2010,BX_KLT_DINV_WD_GD_ZS,Romania,1.89011
2011,BX_KLT_DINV_WD_GD_ZS,Romania,1.23049
2011,BX_KLT_DINV_WD_GD_ZS,Uzbekistan,2.68375
2012,BX_KLT_DINV_WD_GD_ZS,Uzbekistan,1.1023
2013,BX_KLT_DINV_WD_GD_ZS,Uzbekistan,0.94503
2014,BX_KLT_DINV_WD_GD_ZS,Uzbekistan,1.00027
2015,BX_KLT_DINV_WD_GD_ZS,Uzbekistan,1.20794
2016,BX_KLT_DINV_WD_GD_ZS,Uzbekistan,1.93048
2017,BX_KLT_DINV_WD_GD_ZS,Uzbekistan,2.89668
2018,BX_KLT_DINV_WD_GD_ZS,Uzbekistan,1.18687
2019,BX_KLT_DINV_WD_GD_ZS,Uzbekistan,3.86675
2012,BX_KLT_DINV_WD_GD_ZS,Slovenia,0.072
2013,BX_KLT_DINV_WD_GD_ZS,Slovenia,0.21485
2014,BX_KLT_DINV_WD_GD_ZS,Slovenia,2.03888
2015,BX_KLT_DINV_WD_GD_ZS,Slovenia,4.01356
2016,BX_KLT_DINV_WD_GD_ZS,Slovenia,3.23069
2017,BX_KLT_DINV_WD_GD_ZS,Slovenia,2.46193
2018,BX_KLT_DINV_WD_GD_ZS,Slovenia,2.83905
2019,BX_KLT_DINV_WD_GD_ZS,Slovenia,3.96001
2020,BX_KLT_DINV_WD_GD_ZS,Slovenia,0.94265
2012,BX_KLT_DINV_WD_GD_ZS,Romania,1.70129
2013,BX_KLT_DINV_WD_GD_ZS,Romania,2.03109
2014,BX_KLT_DINV_WD_GD_ZS,Romania,1.93739
2015,BX_KLT_DINV_WD_GD_ZS,Romania,2.4273
2016,BX_KLT_DINV_WD_GD_ZS,Romania,3.37425
2017,BX_KLT_DINV_WD_GD_ZS,Romania,2.83274
2018,BX_KLT_DINV_WD_GD_ZS,Romania,3.0181
2019,BX_KLT_DINV_WD_GD_ZS,Romania,2.93421
2020,BX_KLT_DINV_WD_GD_ZS,Romania,1.43316
2006,BX_KLT_DINV_WD_GD_ZS,Hungary,16.14192
2007,BX_KLT_DINV_WD_GD_ZS,Hungary,50.38373
2008,BX_KLT_DINV_WD_GD_ZS,Hungary,47.4388
2009,BX_KLT_DINV_WD_GD_ZS,Hungary,-2.13023
2010,BX_KLT_DINV_WD_GD_ZS,Hungary,-15.71419
2011,BX_KLT_DINV_WD_GD_ZS,Hungary,7.56714
2012,BX_KLT_DINV_WD_GD_ZS,Hungary,8.39653
2013,BX_KLT_DINV_WD_GD_ZS,Hungary,-2.64334
2014,BX_KLT_DINV_WD_GD_ZS,Hungary,9.26026
2021,BX_KLT_DINV_WD_GD_ZS,Slovenia,3.47925
2000,BX_KLT_DINV_WD_GD_ZS,Spain,6.77009
2001,BX_KLT_DINV_WD_GD_ZS,Spain,4.60466
2002,BX_KLT_DINV_WD_GD_ZS,Spain,5.55335
2003,BX_KLT_DINV_WD_GD_ZS,Spain,3.3879
2004,BX_KLT_DINV_WD_GD_ZS,Spain,2.3636
2005,BX_KLT_DINV_WD_GD_ZS,Spain,2.34094
2006,BX_KLT_DINV_WD_GD_ZS,Spain,2.61249
2007,BX_KLT_DINV_WD_GD_ZS,Spain,4.62887
2015,BX_KLT_DINV_WD_GD_ZS,Hungary,-4.20729
2016,BX_KLT_DINV_WD_GD_ZS,Hungary,54.18032
2017,BX_KLT_DINV_WD_GD_ZS,Hungary,-8.478
2018,BX_KLT_DINV_WD_GD_ZS,Hungary,-40.0866
2019,BX_KLT_DINV_WD_GD_ZS,Hungary,60.18818
2020,BX_KLT_DINV_WD_GD_ZS,Hungary,106.60258
2021,BX_KLT_DINV_WD_GD_ZS,Hungary,16.13696
2000,BX_KLT_DINV_WD_GD_ZS,Iceland,1.71911
2001,BX_KLT_DINV_WD_GD_ZS,Iceland,1.98481
2002,BX_KLT_DINV_WD_GD_ZS,Iceland,0.98628
2003,BX_KLT_DINV_WD_GD_ZS,Iceland,2.93416
2004,BX_KLT_DINV_WD_GD_ZS,Iceland,5.46329
2005,BX_KLT_DINV_WD_GD_ZS,Iceland,18.35689
2006,BX_KLT_DINV_WD_GD_ZS,Iceland,22.19573
2007,BX_KLT_DINV_WD_GD_ZS,Iceland,31.73845
2008,BX_KLT_DINV_WD_GD_ZS,Iceland,6.65954
2009,BX_KLT_DINV_WD_GD_ZS,Iceland,0.4834
2010,BX_KLT_DINV_WD_GD_ZS,Iceland,1.8688
2011,BX_KLT_DINV_WD_GD_ZS,Iceland,7.27227
2012,BX_KLT_DINV_WD_GD_ZS,Iceland,6.94278
2013,BX_KLT_DINV_WD_GD_ZS,Iceland,2.93089
2014,BX_KLT_DINV_WD_GD_ZS,Iceland,4.29142
2015,BX_KLT_DINV_WD_GD_ZS,Iceland,6.54081
2016,BX_KLT_DINV_WD_GD_ZS,Iceland,-5.12806
2017,BX_KLT_DINV_WD_GD_ZS,Iceland,-28.30723
2018,BX_KLT_DINV_WD_GD_ZS,Iceland,-2.37098
2019,BX_KLT_DINV_WD_GD_ZS,Iceland,-2.24145
2020,BX_KLT_DINV_WD_GD_ZS,Iceland,-4.04919
2021,BX_KLT_DINV_WD_GD_ZS,Iceland,0.36375
2000,BX_KLT_DINV_WD_GD_ZS,India,0.76521
2001,BX_KLT_DINV_WD_GD_ZS,India,1.05638
2002,BX_KLT_DINV_WD_GD_ZS,India,1.01157
2003,BX_KLT_DINV_WD_GD_ZS,India,0.60589
2004,BX_KLT_DINV_WD_GD_ZS,India,0.7656
2005,BX_KLT_DINV_WD_GD_ZS,India,0.8861
2006,BX_KLT_DINV_WD_GD_ZS,India,2.13017
2007,BX_KLT_DINV_WD_GD_ZS,India,2.0734
2008,BX_KLT_DINV_WD_GD_ZS,India,3.62052
2009,BX_KLT_DINV_WD_GD_ZS,India,2.65159
2010,BX_KLT_DINV_WD_GD_ZS,India,1.63503
2011,BX_KLT_DINV_WD_GD_ZS,India,2.00207
2012,BX_KLT_DINV_WD_GD_ZS,India,1.31293
2013,BX_KLT_DINV_WD_GD_ZS,India,1.51628
2014,BX_KLT_DINV_WD_GD_ZS,India,1.69566
2015,BX_KLT_DINV_WD_GD_ZS,India,2.09212
2016,BX_KLT_DINV_WD_GD_ZS,India,1.93736
2017,BX_KLT_DINV_WD_GD_ZS,India,1.50732
2018,BX_KLT_DINV_WD_GD_ZS,India,1.55821
2019,BX_KLT_DINV_WD_GD_ZS,India,1.78738
2020,BX_KLT_DINV_WD_GD_ZS,India,2.41266
2021,BX_KLT_DINV_WD_GD_ZS,India,1.40816
2000,BX_KLT_DINV_WD_GD_ZS,Ireland,25.72603
2001,BX_KLT_DINV_WD_GD_ZS,Ireland,8.82598
2002,BX_KLT_DINV_WD_GD_ZS,Ireland,22.80303
2003,BX_KLT_DINV_WD_GD_ZS,Ireland,13.83445
2004,BX_KLT_DINV_WD_GD_ZS,Ireland,-5.45737
2005,BX_KLT_DINV_WD_GD_ZS,Ireland,22.18327
2006,BX_KLT_DINV_WD_GD_ZS,Ireland,9.50556
2007,BX_KLT_DINV_WD_GD_ZS,Ireland,22.19154
2008,BX_KLT_DINV_WD_GD_ZS,Ireland,8.45449
2009,BX_KLT_DINV_WD_GD_ZS,Ireland,22.82761
2010,BX_KLT_DINV_WD_GD_ZS,Ireland,17.01043
2011,BX_KLT_DINV_WD_GD_ZS,Ireland,9.91592
2012,BX_KLT_DINV_WD_GD_ZS,Ireland,25.74602
2013,BX_KLT_DINV_WD_GD_ZS,Ireland,29.71004
2014,BX_KLT_DINV_WD_GD_ZS,Ireland,37.57453
2015,BX_KLT_DINV_WD_GD_ZS,Ireland,81.24757
2016,BX_KLT_DINV_WD_GD_ZS,Ireland,34.40948
2017,BX_KLT_DINV_WD_GD_ZS,Ireland,17.33196
2018,BX_KLT_DINV_WD_GD_ZS,Ireland,17.46314
2019,BX_KLT_DINV_WD_GD_ZS,Ireland,-11.67811
2020,BX_KLT_DINV_WD_GD_ZS,Ireland,8.1678
2021,BX_KLT_DINV_WD_GD_ZS,Ireland,16.06931
2000,BX_KLT_DINV_WD_GD_ZS,Israel,5.91572
2001,BX_KLT_DINV_WD_GD_ZS,Israel,1.31562
2002,BX_KLT_DINV_WD_GD_ZS,Israel,1.26539
2003,BX_KLT_DINV_WD_GD_ZS,Israel,2.53009
2004,BX_KLT_DINV_WD_GD_ZS,Israel,2.10533
2005,BX_KLT_DINV_WD_GD_ZS,Israel,3.27595
2006,BX_KLT_DINV_WD_GD_ZS,Israel,9.07258
2007,BX_KLT_DINV_WD_GD_ZS,Israel,4.78022
2008,BX_KLT_DINV_WD_GD_ZS,Israel,4.65884
2009,BX_KLT_DINV_WD_GD_ZS,Israel,2.17337
2010,BX_KLT_DINV_WD_GD_ZS,Israel,2.93027
2011,BX_KLT_DINV_WD_GD_ZS,Israel,3.24335
2012,BX_KLT_DINV_WD_GD_ZS,Israel,3.43801
2013,BX_KLT_DINV_WD_GD_ZS,Israel,3.97746
2014,BX_KLT_DINV_WD_GD_ZS,Israel,1.92438
2015,BX_KLT_DINV_WD_GD_ZS,Israel,3.73621
2016,BX_KLT_DINV_WD_GD_ZS,Israel,3.72179
2017,BX_KLT_DINV_WD_GD_ZS,Israel,4.71534
2018,BX_KLT_DINV_WD_GD_ZS,Israel,5.71144
2019,BX_KLT_DINV_WD_GD_ZS,Israel,4.31398
2020,BX_KLT_DINV_WD_GD_ZS,Israel,5.59182
2021,BX_KLT_DINV_WD_GD_ZS,Israel,4.39818
2000,BX_KLT_DINV_WD_GD_ZS,Italy,1.1488
2001,BX_KLT_DINV_WD_GD_ZS,Italy,1.27378
2002,BX_KLT_DINV_WD_GD_ZS,Italy,1.35023
2003,BX_KLT_DINV_WD_GD_ZS,Italy,1.24066
2004,BX_KLT_DINV_WD_GD_ZS,Italy,1.11266
2005,BX_KLT_DINV_WD_GD_ZS,Italy,1.97835
2006,BX_KLT_DINV_WD_GD_ZS,Italy,2.92352
2007,BX_KLT_DINV_WD_GD_ZS,Italy,2.98113
2008,BX_KLT_DINV_WD_GD_ZS,Italy,-0.39448
2009,BX_KLT_DINV_WD_GD_ZS,Italy,0.7549
2010,BX_KLT_DINV_WD_GD_ZS,Italy,0.46489
2011,BX_KLT_DINV_WD_GD_ZS,Italy,1.50177
2012,BX_KLT_DINV_WD_GD_ZS,Italy,0.00167
2013,BX_KLT_DINV_WD_GD_ZS,Italy,0.91186
2014,BX_KLT_DINV_WD_GD_ZS,Italy,0.78782
2015,BX_KLT_DINV_WD_GD_ZS,Italy,0.72434
2016,BX_KLT_DINV_WD_GD_ZS,Italy,1.36685
2017,BX_KLT_DINV_WD_GD_ZS,Italy,0.56777
2018,BX_KLT_DINV_WD_GD_ZS,Italy,2.11526
2019,BX_KLT_DINV_WD_GD_ZS,Italy,1.5505
2020,BX_KLT_DINV_WD_GD_ZS,Italy,-1.16467
2021,BX_KLT_DINV_WD_GD_ZS,Italy,0.89726
2000,BX_KLT_DINV_WD_GD_ZS,Japan,0.21512
2001,BX_KLT_DINV_WD_GD_ZS,Japan,0.1126
2002,BX_KLT_DINV_WD_GD_ZS,Japan,0.2763
2003,BX_KLT_DINV_WD_GD_ZS,Japan,0.19408
2004,BX_KLT_DINV_WD_GD_ZS,Japan,0.15385
2005,BX_KLT_DINV_WD_GD_ZS,Japan,0.113
2006,BX_KLT_DINV_WD_GD_ZS,Japan,-0.05209
2007,BX_KLT_DINV_WD_GD_ZS,Japan,0.47232
2008,BX_KLT_DINV_WD_GD_ZS,Japan,0.48221
2009,BX_KLT_DINV_WD_GD_ZS,Japan,0.23115
2010,BX_KLT_DINV_WD_GD_ZS,Japan,0.1292
2011,BX_KLT_DINV_WD_GD_ZS,Japan,-0.01365
2012,BX_KLT_DINV_WD_GD_ZS,Japan,0.00872
2013,BX_KLT_DINV_WD_GD_ZS,Japan,0.20429
2014,BX_KLT_DINV_WD_GD_ZS,Japan,0.40335
2015,BX_KLT_DINV_WD_GD_ZS,Japan,0.11816
2016,BX_KLT_DINV_WD_GD_ZS,Japan,0.81848
2017,BX_KLT_DINV_WD_GD_ZS,Japan,0.38132
2018,BX_KLT_DINV_WD_GD_ZS,Japan,0.50199
2019,BX_KLT_DINV_WD_GD_ZS,Japan,0.77997
2020,BX_KLT_DINV_WD_GD_ZS,Japan,1.20484
2021,BX_KLT_DINV_WD_GD_ZS,Japan,0.66978
2000,BX_KLT_DINV_WD_GD_ZS,Kazakhstan,7.49246
2001,BX_KLT_DINV_WD_GD_ZS,Kazakhstan,12.71549
2002,BX_KLT_DINV_WD_GD_ZS,Kazakhstan,10.50669
2003,BX_KLT_DINV_WD_GD_ZS,Kazakhstan,8.0537
2004,BX_KLT_DINV_WD_GD_ZS,Kazakhstan,13.01286
2005,BX_KLT_DINV_WD_GD_ZS,Kazakhstan,4.45711
2006,BX_KLT_DINV_WD_GD_ZS,Kazakhstan,9.39605
2007,BX_KLT_DINV_WD_GD_ZS,Kazakhstan,11.41903
2008,BX_KLT_DINV_WD_GD_ZS,Kazakhstan,12.60393
2009,BX_KLT_DINV_WD_GD_ZS,Kazakhstan,12.38059
2010,BX_KLT_DINV_WD_GD_ZS,Kazakhstan,5.03631
2011,BX_KLT_DINV_WD_GD_ZS,Kazakhstan,7.14351
2012,BX_KLT_DINV_WD_GD_ZS,Kazakhstan,6.56165
2013,BX_KLT_DINV_WD_GD_ZS,Kazakhstan,4.2307
2014,BX_KLT_DINV_WD_GD_ZS,Kazakhstan,3.30063
2015,BX_KLT_DINV_WD_GD_ZS,Kazakhstan,3.56737
2016,BX_KLT_DINV_WD_GD_ZS,Kazakhstan,12.54662
2017,BX_KLT_DINV_WD_GD_ZS,Kazakhstan,2.85206
2018,BX_KLT_DINV_WD_GD_ZS,Kazakhstan,0.197
2019,BX_KLT_DINV_WD_GD_ZS,Kazakhstan,2.05368
2020,BX_KLT_DINV_WD_GD_ZS,Kazakhstan,4.21992
2021,BX_KLT_DINV_WD_GD_ZS,Kazakhstan,2.32572
2000,BX_KLT_DINV_WD_GD_ZS,Republic of Korea,1.99754
2001,BX_KLT_DINV_WD_GD_ZS,Republic of Korea,1.19094
2002,BX_KLT_DINV_WD_GD_ZS,Republic of Korea,0.87288
2003,BX_KLT_DINV_WD_GD_ZS,Republic of Korea,0.99756
2004,BX_KLT_DINV_WD_GD_ZS,Republic of Korea,1.6761
2005,BX_KLT_DINV_WD_GD_ZS,Republic of Korea,1.45932
2006,BX_KLT_DINV_WD_GD_ZS,Republic of Korea,0.8699
2007,BX_KLT_DINV_WD_GD_ZS,Republic of Korea,0.75275
2008,BX_KLT_DINV_WD_GD_ZS,Republic of Korea,1.06818
2009,BX_KLT_DINV_WD_GD_ZS,Republic of Korea,0.95577
2010,BX_KLT_DINV_WD_GD_ZS,Republic of Korea,0.83014
2011,BX_KLT_DINV_WD_GD_ZS,Republic of Korea,0.77983
2012,BX_KLT_DINV_WD_GD_ZS,Republic of Korea,0.74278
2013,BX_KLT_DINV_WD_GD_ZS,Republic of Korea,0.93133
2014,BX_KLT_DINV_WD_GD_ZS,Republic of Korea,0.62477
2015,BX_KLT_DINV_WD_GD_ZS,Republic of Korea,0.28
2016,BX_KLT_DINV_WD_GD_ZS,Republic of Korea,0.80689
2017,BX_KLT_DINV_WD_GD_ZS,Republic of Korea,1.10308
2018,BX_KLT_DINV_WD_GD_ZS,Republic of Korea,0.7063
2019,BX_KLT_DINV_WD_GD_ZS,Republic of Korea,0.58339
2020,BX_KLT_DINV_WD_GD_ZS,Republic of Korea,0.53304
2021,BX_KLT_DINV_WD_GD_ZS,Republic of Korea,0.92877
2000,BX_KLT_DINV_WD_GD_ZS,Kyrgyzstan,-0.17231
2001,BX_KLT_DINV_WD_GD_ZS,Kyrgyzstan,0.32829
2002,BX_KLT_DINV_WD_GD_ZS,Kyrgyzstan,0.29035
2003,BX_KLT_DINV_WD_GD_ZS,Kyrgyzstan,2.37334
2004,BX_KLT_DINV_WD_GD_ZS,Kyrgyzstan,7.9338
2005,BX_KLT_DINV_WD_GD_ZS,Kyrgyzstan,1.73012
2006,BX_KLT_DINV_WD_GD_ZS,Kyrgyzstan,6.42244
2007,BX_KLT_DINV_WD_GD_ZS,Kyrgyzstan,5.46787
2008,BX_KLT_DINV_WD_GD_ZS,Kyrgyzstan,7.33454
2009,BX_KLT_DINV_WD_GD_ZS,Kyrgyzstan,4.03784
2010,BX_KLT_DINV_WD_GD_ZS,Kyrgyzstan,9.86093
2011,BX_KLT_DINV_WD_GD_ZS,Kyrgyzstan,11.06464
2012,BX_KLT_DINV_WD_GD_ZS,Kyrgyzstan,3.95037
2013,BX_KLT_DINV_WD_GD_ZS,Kyrgyzstan,8.34376
2014,BX_KLT_DINV_WD_GD_ZS,Kyrgyzstan,4.59301
2015,BX_KLT_DINV_WD_GD_ZS,Kyrgyzstan,17.13123
2016,BX_KLT_DINV_WD_GD_ZS,Kyrgyzstan,9.08869
2017,BX_KLT_DINV_WD_GD_ZS,Kyrgyzstan,-1.39184
2018,BX_KLT_DINV_WD_GD_ZS,Kyrgyzstan,1.74369
2019,BX_KLT_DINV_WD_GD_ZS,Kyrgyzstan,4.55263
2020,BX_KLT_DINV_WD_GD_ZS,Kyrgyzstan,-5.16033
2021,BX_KLT_DINV_WD_GD_ZS,Kyrgyzstan,2.89709
2000,BX_KLT_DINV_WD_GD_ZS,Latvia,4.07326
2001,BX_KLT_DINV_WD_GD_ZS,Latvia,2.07477
2002,BX_KLT_DINV_WD_GD_ZS,Latvia,1.67511
2003,BX_KLT_DINV_WD_GD_ZS,Latvia,2.68988
2004,BX_KLT_DINV_WD_GD_ZS,Latvia,4.0981
2005,BX_KLT_DINV_WD_GD_ZS,Latvia,4.76289
2006,BX_KLT_DINV_WD_GD_ZS,Latvia,7.90756
2007,BX_KLT_DINV_WD_GD_ZS,Latvia,8.73762
2008,BX_KLT_DINV_WD_GD_ZS,Latvia,4.00029
2009,BX_KLT_DINV_WD_GD_ZS,Latvia,-0.56803
2010,BX_KLT_DINV_WD_GD_ZS,Latvia,1.98272
2011,BX_KLT_DINV_WD_GD_ZS,Latvia,5.53068
2012,BX_KLT_DINV_WD_GD_ZS,Latvia,3.83664
2013,BX_KLT_DINV_WD_GD_ZS,Latvia,3.27526
2014,BX_KLT_DINV_WD_GD_ZS,Latvia,3.32976
2015,BX_KLT_DINV_WD_GD_ZS,Latvia,2.98148
2016,BX_KLT_DINV_WD_GD_ZS,Latvia,1.19437
2017,BX_KLT_DINV_WD_GD_ZS,Latvia,3.90367
2018,BX_KLT_DINV_WD_GD_ZS,Latvia,1.23236
2019,BX_KLT_DINV_WD_GD_ZS,Latvia,3.24538
2020,BX_KLT_DINV_WD_GD_ZS,Latvia,2.7114
2021,BX_KLT_DINV_WD_GD_ZS,Latvia,9.33689
2000,BX_KLT_DINV_WD_GD_ZS,Liechtenstein,799.31359
2001,BX_KLT_DINV_WD_GD_ZS,Liechtenstein,376.79792
2002,BX_KLT_DINV_WD_GD_ZS,Liechtenstein,255.3068
2003,BX_KLT_DINV_WD_GD_ZS,Liechtenstein,563.56891
2004,BX_KLT_DINV_WD_GD_ZS,Liechtenstein,53.43499
2005,BX_KLT_DINV_WD_GD_ZS,Liechtenstein,-7.29519
2006,BX_KLT_DINV_WD_GD_ZS,Liechtenstein,1114.89415
2007,BX_KLT_DINV_WD_GD_ZS,Liechtenstein,728.8863
2008,BX_KLT_DINV_WD_GD_ZS,Liechtenstein,319.10027
2009,BX_KLT_DINV_WD_GD_ZS,Liechtenstein,664.54812
2010,BX_KLT_DINV_WD_GD_ZS,Liechtenstein,587.83523
2011,BX_KLT_DINV_WD_GD_ZS,Liechtenstein,460.19175
2012,BX_KLT_DINV_WD_GD_ZS,Liechtenstein,540.37617
2013,BX_KLT_DINV_WD_GD_ZS,Liechtenstein,18.06891
2014,BX_KLT_DINV_WD_GD_ZS,Liechtenstein,140.30095
2015,BX_KLT_DINV_WD_GD_ZS,Liechtenstein,1282.63255
2016,BX_KLT_DINV_WD_GD_ZS,Liechtenstein,972.69946
2017,BX_KLT_DINV_WD_GD_ZS,Liechtenstein,602.37942
2018,BX_KLT_DINV_WD_GD_ZS,Liechtenstein,-1303.13092
2000,BX_KLT_DINV_WD_GD_ZS,Lithuania,3.29961
2001,BX_KLT_DINV_WD_GD_ZS,Lithuania,3.61515
2002,BX_KLT_DINV_WD_GD_ZS,Lithuania,4.63395
2003,BX_KLT_DINV_WD_GD_ZS,Lithuania,1.1575
2004,BX_KLT_DINV_WD_GD_ZS,Lithuania,3.88704
2005,BX_KLT_DINV_WD_GD_ZS,Lithuania,4.95274
2006,BX_KLT_DINV_WD_GD_ZS,Lithuania,7.48547
2007,BX_KLT_DINV_WD_GD_ZS,Lithuania,6.55321
2008,BX_KLT_DINV_WD_GD_ZS,Lithuania,3.61377
2009,BX_KLT_DINV_WD_GD_ZS,Lithuania,-0.9634
2010,BX_KLT_DINV_WD_GD_ZS,Lithuania,2.96993
2011,BX_KLT_DINV_WD_GD_ZS,Lithuania,4.32022
2012,BX_KLT_DINV_WD_GD_ZS,Lithuania,1.57751
2013,BX_KLT_DINV_WD_GD_ZS,Lithuania,1.6522
2014,BX_KLT_DINV_WD_GD_ZS,Lithuania,0.73624
2015,BX_KLT_DINV_WD_GD_ZS,Lithuania,2.50257
2016,BX_KLT_DINV_WD_GD_ZS,Lithuania,2.73544
2017,BX_KLT_DINV_WD_GD_ZS,Lithuania,2.89734
2018,BX_KLT_DINV_WD_GD_ZS,Lithuania,2.41825
2019,BX_KLT_DINV_WD_GD_ZS,Lithuania,6.27252
2020,BX_KLT_DINV_WD_GD_ZS,Lithuania,7.87838
2021,BX_KLT_DINV_WD_GD_ZS,Lithuania,4.43176
2002,BX_KLT_DINV_WD_GD_ZS,Luxembourg,17.94167
2003,BX_KLT_DINV_WD_GD_ZS,Luxembourg,14.46411
2004,BX_KLT_DINV_WD_GD_ZS,Luxembourg,14.77161
2005,BX_KLT_DINV_WD_GD_ZS,Luxembourg,12.32941
2006,BX_KLT_DINV_WD_GD_ZS,Luxembourg,75.08605
2007,BX_KLT_DINV_WD_GD_ZS,Luxembourg,-57.53231
2008,BX_KLT_DINV_WD_GD_ZS,Luxembourg,12.09483
2009,BX_KLT_DINV_WD_GD_ZS,Luxembourg,50.03949
2010,BX_KLT_DINV_WD_GD_ZS,Luxembourg,69.60639
2011,BX_KLT_DINV_WD_GD_ZS,Luxembourg,14.33337
2012,BX_KLT_DINV_WD_GD_ZS,Luxembourg,4.72448
2013,BX_KLT_DINV_WD_GD_ZS,Luxembourg,35.7329
2014,BX_KLT_DINV_WD_GD_ZS,Luxembourg,29.15539
2015,BX_KLT_DINV_WD_GD_ZS,Luxembourg,75.63002
2016,BX_KLT_DINV_WD_GD_ZS,Luxembourg,28.25755
2017,BX_KLT_DINV_WD_GD_ZS,Luxembourg,-41.65099
2018,BX_KLT_DINV_WD_GD_ZS,Luxembourg,-36.68262
2019,BX_KLT_DINV_WD_GD_ZS,Luxembourg,18.33309
2020,BX_KLT_DINV_WD_GD_ZS,Luxembourg,138.215
2021,BX_KLT_DINV_WD_GD_ZS,Luxembourg,-10.58856
2008,BX_KLT_DINV_WD_GD_ZS,Spain,4.54012
2009,BX_KLT_DINV_WD_GD_ZS,Spain,0.64029
2010,BX_KLT_DINV_WD_GD_ZS,Spain,2.5743
2011,BX_KLT_DINV_WD_GD_ZS,Spain,1.81211
2012,BX_KLT_DINV_WD_GD_ZS,Spain,1.57377
2013,BX_KLT_DINV_WD_GD_ZS,Spain,3.49469
2014,BX_KLT_DINV_WD_GD_ZS,Spain,2.40143
2015,BX_KLT_DINV_WD_GD_ZS,Spain,1.92592
2016,BX_KLT_DINV_WD_GD_ZS,Spain,3.58746
2017,BX_KLT_DINV_WD_GD_ZS,Spain,2.40361
2018,BX_KLT_DINV_WD_GD_ZS,Spain,4.12366
2019,BX_KLT_DINV_WD_GD_ZS,Spain,1.85615
2020,BX_KLT_DINV_WD_GD_ZS,Spain,2.86855
2021,BX_KLT_DINV_WD_GD_ZS,Spain,3.07623
2000,BX_KLT_DINV_WD_GD_ZS,Sweden,8.68142
2001,BX_KLT_DINV_WD_GD_ZS,Sweden,7.51573
2002,BX_KLT_DINV_WD_GD_ZS,Sweden,6.88841
2003,BX_KLT_DINV_WD_GD_ZS,Sweden,1.79689
2004,BX_KLT_DINV_WD_GD_ZS,Sweden,4.37649
2005,BX_KLT_DINV_WD_GD_ZS,Sweden,5.29876
2006,BX_KLT_DINV_WD_GD_ZS,Sweden,5.21224
2007,BX_KLT_DINV_WD_GD_ZS,Sweden,9.39303
2008,BX_KLT_DINV_WD_GD_ZS,Sweden,8.00388
2009,BX_KLT_DINV_WD_GD_ZS,Sweden,2.05272
2010,BX_KLT_DINV_WD_GD_ZS,Sweden,0.12608
2011,BX_KLT_DINV_WD_GD_ZS,Sweden,1.21572
2012,BX_KLT_DINV_WD_GD_ZS,Sweden,0.77351
2013,BX_KLT_DINV_WD_GD_ZS,Sweden,0.22439
2014,BX_KLT_DINV_WD_GD_ZS,Sweden,-1.48193
2015,BX_KLT_DINV_WD_GD_ZS,Sweden,2.03014
2016,BX_KLT_DINV_WD_GD_ZS,Sweden,3.03347
2017,BX_KLT_DINV_WD_GD_ZS,Sweden,4.54101
2018,BX_KLT_DINV_WD_GD_ZS,Sweden,-0.24642
2019,BX_KLT_DINV_WD_GD_ZS,Sweden,3.09382
2020,BX_KLT_DINV_WD_GD_ZS,Sweden,3.45575
2021,BX_KLT_DINV_WD_GD_ZS,Sweden,8.28772
2000,BX_KLT_DINV_WD_GD_ZS,Switzerland,8.26632
2001,BX_KLT_DINV_WD_GD_ZS,Switzerland,3.4074
2002,BX_KLT_DINV_WD_GD_ZS,Switzerland,2.6699
2003,BX_KLT_DINV_WD_GD_ZS,Switzerland,5.44668
2004,BX_KLT_DINV_WD_GD_ZS,Switzerland,1.75837
2005,BX_KLT_DINV_WD_GD_ZS,Switzerland,0.6371
2006,BX_KLT_DINV_WD_GD_ZS,Switzerland,12.17313
2007,BX_KLT_DINV_WD_GD_ZS,Switzerland,9.92139
2008,BX_KLT_DINV_WD_GD_ZS,Switzerland,0.52725
2009,BX_KLT_DINV_WD_GD_ZS,Switzerland,8.59933
2010,BX_KLT_DINV_WD_GD_ZS,Switzerland,2.95077
2011,BX_KLT_DINV_WD_GD_ZS,Switzerland,2.90052
2012,BX_KLT_DINV_WD_GD_ZS,Switzerland,5.8191
2013,BX_KLT_DINV_WD_GD_ZS,Switzerland,-3.52949
2014,BX_KLT_DINV_WD_GD_ZS,Switzerland,2.89085
2015,BX_KLT_DINV_WD_GD_ZS,Switzerland,17.10838
2016,BX_KLT_DINV_WD_GD_ZS,Switzerland,24.24807
2017,BX_KLT_DINV_WD_GD_ZS,Switzerland,20.60354
2018,BX_KLT_DINV_WD_GD_ZS,Switzerland,-22.10512
2019,BX_KLT_DINV_WD_GD_ZS,Switzerland,1.21642
2020,BX_KLT_DINV_WD_GD_ZS,Switzerland,-34.77923
2021,BX_KLT_DINV_WD_GD_ZS,Switzerland,1.16309
2000,BX_KLT_DINV_WD_GD_ZS,Tajikistan,2.73594
2001,BX_KLT_DINV_WD_GD_ZS,Tajikistan,0.87858
2002,BX_KLT_DINV_WD_GD_ZS,Tajikistan,2.95355
2003,BX_KLT_DINV_WD_GD_ZS,Tajikistan,2.03496
2004,BX_KLT_DINV_WD_GD_ZS,Tajikistan,13.10218
2005,BX_KLT_DINV_WD_GD_ZS,Tajikistan,2.35604
2006,BX_KLT_DINV_WD_GD_ZS,Tajikistan,11.9647
2007,BX_KLT_DINV_WD_GD_ZS,Tajikistan,9.67783
2008,BX_KLT_DINV_WD_GD_ZS,Tajikistan,9.42807
2009,BX_KLT_DINV_WD_GD_ZS,Tajikistan,2.9935
2010,BX_KLT_DINV_WD_GD_ZS,Tajikistan,1.66497
2011,BX_KLT_DINV_WD_GD_ZS,Tajikistan,2.23654
2012,BX_KLT_DINV_WD_GD_ZS,Tajikistan,3.16697
2013,BX_KLT_DINV_WD_GD_ZS,Tajikistan,3.35138
2014,BX_KLT_DINV_WD_GD_ZS,Tajikistan,3.584
2015,BX_KLT_DINV_WD_GD_ZS,Tajikistan,5.48891
2016,BX_KLT_DINV_WD_GD_ZS,Tajikistan,3.45542
2017,BX_KLT_DINV_WD_GD_ZS,Tajikistan,2.46571
2018,BX_KLT_DINV_WD_GD_ZS,Tajikistan,2.84432
2019,BX_KLT_DINV_WD_GD_ZS,Tajikistan,2.56373
2020,BX_KLT_DINV_WD_GD_ZS,Tajikistan,1.30975
2021,BX_KLT_DINV_WD_GD_ZS,Tajikistan,0.96085
2000,BX_KLT_DINV_WD_GD_ZS,United Arab Emirates,-0.48528
2001,BX_KLT_DINV_WD_GD_ZS,United Arab Emirates,1.14589
2002,BX_KLT_DINV_WD_GD_ZS,United Arab Emirates,0.08678
2003,BX_KLT_DINV_WD_GD_ZS,United Arab Emirates,3.42266
2004,BX_KLT_DINV_WD_GD_ZS,United Arab Emirates,6.76715
2005,BX_KLT_DINV_WD_GD_ZS,United Arab Emirates,6.03482
2006,BX_KLT_DINV_WD_GD_ZS,United Arab Emirates,5.76544
2007,BX_KLT_DINV_WD_GD_ZS,United Arab Emirates,5.50044
2008,BX_KLT_DINV_WD_GD_ZS,United Arab Emirates,1.60487
2009,BX_KLT_DINV_WD_GD_ZS,United Arab Emirates,0.44737
2010,BX_KLT_DINV_WD_GD_ZS,United Arab Emirates,3.03559
2011,BX_KLT_DINV_WD_GD_ZS,United Arab Emirates,2.03957
2012,BX_KLT_DINV_WD_GD_ZS,United Arab Emirates,2.48736
2013,BX_KLT_DINV_WD_GD_ZS,United Arab Emirates,2.4399
2014,BX_KLT_DINV_WD_GD_ZS,United Arab Emirates,2.6736
2015,BX_KLT_DINV_WD_GD_ZS,United Arab Emirates,2.30934
2016,BX_KLT_DINV_WD_GD_ZS,United Arab Emirates,2.60112
2017,BX_KLT_DINV_WD_GD_ZS,United Arab Emirates,2.65142
2018,BX_KLT_DINV_WD_GD_ZS,United Arab Emirates,2.43187
2019,BX_KLT_DINV_WD_GD_ZS,United Arab Emirates,4.27634
2020,BX_KLT_DINV_WD_GD_ZS,United Arab Emirates,5.68984
2021,BX_KLT_DINV_WD_GD_ZS,United Arab Emirates,4.97977
2000,BX_KLT_DINV_WD_GD_ZS,Türkiye,0.358
2001,BX_KLT_DINV_WD_GD_ZS,Türkiye,1.66145
2002,BX_KLT_DINV_WD_GD_ZS,Türkiye,0.45036
2003,BX_KLT_DINV_WD_GD_ZS,Türkiye,0.54102
2004,BX_KLT_DINV_WD_GD_ZS,Türkiye,0.68114
2005,BX_KLT_DINV_WD_GD_ZS,Türkiye,1.9812
2006,BX_KLT_DINV_WD_GD_ZS,Türkiye,3.6235
2007,BX_KLT_DINV_WD_GD_ZS,Türkiye,3.23584
2008,BX_KLT_DINV_WD_GD_ZS,Türkiye,2.57651
2009,BX_KLT_DINV_WD_GD_ZS,Türkiye,1.32225
2010,BX_KLT_DINV_WD_GD_ZS,Türkiye,1.17105
2011,BX_KLT_DINV_WD_GD_ZS,Türkiye,1.92927
2012,BX_KLT_DINV_WD_GD_ZS,Türkiye,1.56083
2013,BX_KLT_DINV_WD_GD_ZS,Türkiye,1.41608
2014,BX_KLT_DINV_WD_GD_ZS,Türkiye,1.42041
2015,BX_KLT_DINV_WD_GD_ZS,Türkiye,2.2287
2016,BX_KLT_DINV_WD_GD_ZS,Türkiye,1.59079
2017,BX_KLT_DINV_WD_GD_ZS,Türkiye,1.30268
2018,BX_KLT_DINV_WD_GD_ZS,Türkiye,1.60635
2019,BX_KLT_DINV_WD_GD_ZS,Türkiye,1.25971
2020,BX_KLT_DINV_WD_GD_ZS,Türkiye,1.0872
2021,BX_KLT_DINV_WD_GD_ZS,Türkiye,1.61458
2000,BX_KLT_DINV_WD_GD_ZS,Turkmenistan,4.50999
2001,BX_KLT_DINV_WD_GD_ZS,Turkmenistan,4.80932
2002,BX_KLT_DINV_WD_GD_ZS,Turkmenistan,6.1856
2003,BX_KLT_DINV_WD_GD_ZS,Turkmenistan,3.78081
2004,BX_KLT_DINV_WD_GD_ZS,Turkmenistan,5.1723
2005,BX_KLT_DINV_WD_GD_ZS,Turkmenistan,5.16048
2006,BX_KLT_DINV_WD_GD_ZS,Turkmenistan,7.11222
2007,BX_KLT_DINV_WD_GD_ZS,Turkmenistan,6.75923
2008,BX_KLT_DINV_WD_GD_ZS,Turkmenistan,6.62636
2009,BX_KLT_DINV_WD_GD_ZS,Turkmenistan,22.52356
2010,BX_KLT_DINV_WD_GD_ZS,Turkmenistan,16.08411
2011,BX_KLT_DINV_WD_GD_ZS,Turkmenistan,11.6
2012,BX_KLT_DINV_WD_GD_ZS,Turkmenistan,8.9
2013,BX_KLT_DINV_WD_GD_ZS,Turkmenistan,7.3
2014,BX_KLT_DINV_WD_GD_ZS,Turkmenistan,8.8
2015,BX_KLT_DINV_WD_GD_ZS,Turkmenistan,8.49998
2016,BX_KLT_DINV_WD_GD_ZS,Turkmenistan,6.20181
2017,BX_KLT_DINV_WD_GD_ZS,Turkmenistan,5.5
2018,BX_KLT_DINV_WD_GD_ZS,Turkmenistan,4.89949
2019,BX_KLT_DINV_WD_GD_ZS,Turkmenistan,4.70787
2000,BX_KLT_DINV_WD_GD_ZS,Ukraine,1.83782
2001,BX_KLT_DINV_WD_GD_ZS,Ukraine,2.01478
2002,BX_KLT_DINV_WD_GD_ZS,Ukraine,1.57656
2003,BX_KLT_DINV_WD_GD_ZS,Ukraine,2.73792
2004,BX_KLT_DINV_WD_GD_ZS,Ukraine,2.55132
2005,BX_KLT_DINV_WD_GD_ZS,Ukraine,8.7495
2006,BX_KLT_DINV_WD_GD_ZS,Ukraine,5.00873
2007,BX_KLT_DINV_WD_GD_ZS,Ukraine,6.85318
2008,BX_KLT_DINV_WD_GD_ZS,Ukraine,5.68813
2009,BX_KLT_DINV_WD_GD_ZS,Ukraine,3.9234
2010,BX_KLT_DINV_WD_GD_ZS,Ukraine,4.56838
2011,BX_KLT_DINV_WD_GD_ZS,Ukraine,4.25611
2012,BX_KLT_DINV_WD_GD_ZS,Ukraine,4.47718
2013,BX_KLT_DINV_WD_GD_ZS,Ukraine,2.36694
2014,BX_KLT_DINV_WD_GD_ZS,Ukraine,0.63444
2015,BX_KLT_DINV_WD_GD_ZS,Ukraine,-0.21751
2016,BX_KLT_DINV_WD_GD_ZS,Ukraine,4.42178
2017,BX_KLT_DINV_WD_GD_ZS,Ukraine,3.28306
2018,BX_KLT_DINV_WD_GD_ZS,Ukraine,3.80087
2019,BX_KLT_DINV_WD_GD_ZS,Ukraine,3.7665
2020,BX_KLT_DINV_WD_GD_ZS,Ukraine,0.1941
2021,BX_KLT_DINV_WD_GD_ZS,Ukraine,3.9753
2000,BX_KLT_DINV_WD_GD_ZS,North Macedonia,5.76505
2001,BX_KLT_DINV_WD_GD_ZS,North Macedonia,12.65813
2002,BX_KLT_DINV_WD_GD_ZS,North Macedonia,2.84179
2003,BX_KLT_DINV_WD_GD_ZS,North Macedonia,2.40669
2004,BX_KLT_DINV_WD_GD_ZS,North Macedonia,5.43989
2020,BX_KLT_DINV_WD_GD_ZS,Uzbekistan,2.8855
2021,BX_KLT_DINV_WD_GD_ZS,Uzbekistan,3.00637
2021,BX_KLT_DINV_WD_GD_ZS,Romania,4.1319
2005,BX_KLT_DINV_WD_GD_ZS,North Macedonia,2.32208
2006,BX_KLT_DINV_WD_GD_ZS,North Macedonia,6.22986
2007,BX_KLT_DINV_WD_GD_ZS,North Macedonia,8.79828
2008,BX_KLT_DINV_WD_GD_ZS,North Macedonia,6.17272
2009,BX_KLT_DINV_WD_GD_ZS,North Macedonia,2.76045
2010,BX_KLT_DINV_WD_GD_ZS,North Macedonia,3.20438
2011,BX_KLT_DINV_WD_GD_ZS,North Macedonia,4.83981
2012,BX_KLT_DINV_WD_GD_ZS,North Macedonia,3.46745
2013,BX_KLT_DINV_WD_GD_ZS,North Macedonia,3.72036
2014,BX_KLT_DINV_WD_GD_ZS,North Macedonia,0.53581
2015,BX_KLT_DINV_WD_GD_ZS,North Macedonia,2.94703
2016,BX_KLT_DINV_WD_GD_ZS,North Macedonia,5.14755
2017,BX_KLT_DINV_WD_GD_ZS,North Macedonia,3.36727
2018,BX_KLT_DINV_WD_GD_ZS,North Macedonia,5.11495
2019,BX_KLT_DINV_WD_GD_ZS,North Macedonia,4.35892
2020,BX_KLT_DINV_WD_GD_ZS,North Macedonia,0.06223
2021,BX_KLT_DINV_WD_GD_ZS,North Macedonia,5.03619
2000,BX_KLT_DINV_WD_GD_ZS,United Kingdom of Great Britain and Northern Ireland,9.85101
2001,BX_KLT_DINV_WD_GD_ZS,United Kingdom of Great Britain and Northern Ireland,3.40222
2002,BX_KLT_DINV_WD_GD_ZS,United Kingdom of Great Britain and Northern Ireland,5.02623
2003,BX_KLT_DINV_WD_GD_ZS,United Kingdom of Great Britain and Northern Ireland,1.751
2004,BX_KLT_DINV_WD_GD_ZS,United Kingdom of Great Britain and Northern Ireland,3.59311
2005,BX_KLT_DINV_WD_GD_ZS,United Kingdom of Great Britain and Northern Ireland,9.9282
2006,BX_KLT_DINV_WD_GD_ZS,United Kingdom of Great Britain and Northern Ireland,7.5145
2007,BX_KLT_DINV_WD_GD_ZS,United Kingdom of Great Britain and Northern Ireland,6.77423
2008,BX_KLT_DINV_WD_GD_ZS,United Kingdom of Great Britain and Northern Ireland,8.64588
2009,BX_KLT_DINV_WD_GD_ZS,United Kingdom of Great Britain and Northern Ireland,0.60171
2010,BX_KLT_DINV_WD_GD_ZS,United Kingdom of Great Britain and Northern Ireland,2.6786
2011,BX_KLT_DINV_WD_GD_ZS,United Kingdom of Great Britain and Northern Ireland,1.01305
2012,BX_KLT_DINV_WD_GD_ZS,United Kingdom of Great Britain and Northern Ireland,1.72745
2013,BX_KLT_DINV_WD_GD_ZS,United Kingdom of Great Britain and Northern Ireland,1.95503
2014,BX_KLT_DINV_WD_GD_ZS,United Kingdom of Great Britain and Northern Ireland,1.92124
2015,BX_KLT_DINV_WD_GD_ZS,United Kingdom of Great Britain and Northern Ireland,1.54466
2016,BX_KLT_DINV_WD_GD_ZS,United Kingdom of Great Britain and Northern Ireland,12.03164
2017,BX_KLT_DINV_WD_GD_ZS,United Kingdom of Great Britain and Northern Ireland,4.67164
2018,BX_KLT_DINV_WD_GD_ZS,United Kingdom of Great Britain and Northern Ireland,-0.87054
2019,BX_KLT_DINV_WD_GD_ZS,United Kingdom of Great Britain and Northern Ireland,0.6927
2020,BX_KLT_DINV_WD_GD_ZS,United Kingdom of Great Britain and Northern Ireland,4.89816
2021,BX_KLT_DINV_WD_GD_ZS,United Kingdom of Great Britain and Northern Ireland,0.18913
2021,BX_KLT_DINV_WD_GD_ZS,United Kingdom of Great Britain and Northern Ireland,0.18913
