Year,SeriesCode,GeoAreaName,Value
2020,SG_STT_CAPTY,Estonia,16809.0
2011,SG_STT_CAPTY,Georgia,284173.0
2012,SG_STT_CAPTY,Georgia,845554.0
2013,SG_STT_CAPTY,Georgia,1869690.0
2014,SG_STT_CAPTY,Georgia,1119234.0
2015,SG_STT_CAPTY,Georgia,564756.0
2016,SG_STT_CAPTY,Georgia,523610.0
2017,SG_STT_CAPTY,Georgia,632582.0861
2018,SG_STT_CAPTY,Georgia,1026722.542
2011,SG_STT_CAPTY,Albania,5869765.0
2012,SG_STT_CAPTY,Albania,5517243.0
2013,SG_STT_CAPTY,Albania,2160378.0
2014,SG_STT_CAPTY,Albania,1609696.0
2015,SG_STT_CAPTY,Albania,1515681.0
2016,SG_STT_CAPTY,Albania,684726.0
2017,SG_STT_CAPTY,Albania,1290031.02834
2018,SG_STT_CAPTY,Albania,713664.58
2019,SG_STT_CAPTY,Albania,1330868.77204
2019,SG_STT_CAPTY,Georgia,1378391.306
2020,SG_STT_CAPTY,Georgia,1628371.0
2017,SG_STT_CAPTY,Greece,108474.8583
2018,SG_STT_CAPTY,Greece,42921.43753
2011,SG_STT_CAPTY,India,3133147.0
2012,SG_STT_CAPTY,India,503670.0
2013,SG_STT_CAPTY,India,1391645.77303
2014,SG_STT_CAPTY,India,10207216.95241
2015,SG_STT_CAPTY,India,12789173.0
2016,SG_STT_CAPTY,India,3924899.0
2020,SG_STT_CAPTY,Albania,2219974.0
2011,SG_STT_CAPTY,Azerbaijan,78574.0
2012,SG_STT_CAPTY,Azerbaijan,118493.0
2013,SG_STT_CAPTY,Azerbaijan,2696951.89015
2014,SG_STT_CAPTY,Azerbaijan,1069536.0
2015,SG_STT_CAPTY,Azerbaijan,2064403.0
2016,SG_STT_CAPTY,Azerbaijan,2448946.0
2017,SG_STT_CAPTY,Azerbaijan,803870.18116
2018,SG_STT_CAPTY,Azerbaijan,1113840.90768
2017,SG_STT_CAPTY,India,1653958.55865
2018,SG_STT_CAPTY,India,6837112.0
2019,SG_STT_CAPTY,India,9292377.12066
2020,SG_STT_CAPTY,India,4995897.0
2011,SG_STT_CAPTY,Kazakhstan,240791.0
2012,SG_STT_CAPTY,Kazakhstan,2207274.0
2013,SG_STT_CAPTY,Kazakhstan,3292811.0
2014,SG_STT_CAPTY,Kazakhstan,3288074.09959
2015,SG_STT_CAPTY,Kazakhstan,6365363.0
2019,SG_STT_CAPTY,Azerbaijan,2886690.62298
2020,SG_STT_CAPTY,Azerbaijan,1029637.0
2017,SG_STT_CAPTY,Austria,4692.22704
2011,SG_STT_CAPTY,Armenia,1982013.0
2012,SG_STT_CAPTY,Armenia,1148677.0
2013,SG_STT_CAPTY,Armenia,1522849.0
2014,SG_STT_CAPTY,Armenia,896332.0
2015,SG_STT_CAPTY,Armenia,999397.44184
2016,SG_STT_CAPTY,Armenia,1381175.0
2016,SG_STT_CAPTY,Kazakhstan,4827397.0
2017,SG_STT_CAPTY,Kazakhstan,1793454.48471
2018,SG_STT_CAPTY,Kazakhstan,291409.66067
2019,SG_STT_CAPTY,Kazakhstan,127374.90753
2020,SG_STT_CAPTY,Kazakhstan,120603.0
2011,SG_STT_CAPTY,Kyrgyzstan,1564446.0
2012,SG_STT_CAPTY,Kyrgyzstan,2747225.0
2013,SG_STT_CAPTY,Kyrgyzstan,7658749.1444
2017,SG_STT_CAPTY,Armenia,208406.04155
2018,SG_STT_CAPTY,Armenia,283480.81688
2019,SG_STT_CAPTY,Armenia,287595.94884
2020,SG_STT_CAPTY,Armenia,153716.0
2011,SG_STT_CAPTY,Bosnia and Herzegovina,6702484.0
2012,SG_STT_CAPTY,Bosnia and Herzegovina,4286790.0
2013,SG_STT_CAPTY,Bosnia and Herzegovina,10461863.0
2014,SG_STT_CAPTY,Bosnia and Herzegovina,5108710.0
2015,SG_STT_CAPTY,Bosnia and Herzegovina,1503906.0
2014,SG_STT_CAPTY,Kyrgyzstan,2380584.03379
2015,SG_STT_CAPTY,Kyrgyzstan,954809.0
2016,SG_STT_CAPTY,Kyrgyzstan,2347182.0
2017,SG_STT_CAPTY,Kyrgyzstan,2717976.49464
2018,SG_STT_CAPTY,Kyrgyzstan,505776.05738
2019,SG_STT_CAPTY,Kyrgyzstan,1449762.85541
2020,SG_STT_CAPTY,Kyrgyzstan,640679.0
2016,SG_STT_CAPTY,Bosnia and Herzegovina,1705836.0
2017,SG_STT_CAPTY,Bosnia and Herzegovina,2394915.12171
2018,SG_STT_CAPTY,Bosnia and Herzegovina,1090551.29419
2019,SG_STT_CAPTY,Bosnia and Herzegovina,2545062.71199
2020,SG_STT_CAPTY,Bosnia and Herzegovina,1109141.0
2011,SG_STT_CAPTY,Mexico,234639.0
2012,SG_STT_CAPTY,Mexico,699806.0
2013,SG_STT_CAPTY,Mexico,190735.41552
2014,SG_STT_CAPTY,Mexico,175384.49382
2015,SG_STT_CAPTY,Mexico,201248.0
2016,SG_STT_CAPTY,Mexico,406456.81842
2017,SG_STT_CAPTY,Mexico,180719.01911
2018,SG_STT_CAPTY,Mexico,264967.0
2019,SG_STT_CAPTY,Mexico,353722.0
2011,SG_STT_CAPTY,Belarus,26591.0
2012,SG_STT_CAPTY,Belarus,251624.0
2013,SG_STT_CAPTY,Belarus,89408.0
2020,SG_STT_CAPTY,Mexico,450965.0
2011,SG_STT_CAPTY,Republic of Moldova,1705887.0
2012,SG_STT_CAPTY,Republic of Moldova,4731054.38714
2013,SG_STT_CAPTY,Republic of Moldova,7374425.38853
2014,SG_STT_CAPTY,Republic of Moldova,2159684.0
2015,SG_STT_CAPTY,Republic of Moldova,2557900.0
2016,SG_STT_CAPTY,Republic of Moldova,2239810.0
2017,SG_STT_CAPTY,Republic of Moldova,1041696.55429
2018,SG_STT_CAPTY,Republic of Moldova,1253871.40009
2019,SG_STT_CAPTY,Republic of Moldova,325242.64498
2020,SG_STT_CAPTY,Republic of Moldova,1119639.0
2011,SG_STT_CAPTY,Montenegro,126665.0
2012,SG_STT_CAPTY,Montenegro,277733.0
2013,SG_STT_CAPTY,Montenegro,427015.0
2014,SG_STT_CAPTY,Montenegro,694180.0
2015,SG_STT_CAPTY,Montenegro,1450920.0
2016,SG_STT_CAPTY,Montenegro,1125050.0
2017,SG_STT_CAPTY,Montenegro,1199582.65671
2018,SG_STT_CAPTY,Montenegro,1749905.03375
2019,SG_STT_CAPTY,Montenegro,782817.20901
2020,SG_STT_CAPTY,Montenegro,905564.0
2014,SG_STT_CAPTY,Belarus,101.0
2015,SG_STT_CAPTY,Belarus,44024.0
2016,SG_STT_CAPTY,Belarus,2748.0
2017,SG_STT_CAPTY,Belarus,13372.53129
2018,SG_STT_CAPTY,Belarus,112695.0
2019,SG_STT_CAPTY,Belarus,651940.27698
2020,SG_STT_CAPTY,Belarus,1256833.0
2011,SG_STT_CAPTY,Chile,107582.0
2012,SG_STT_CAPTY,Chile,30367.0
2013,SG_STT_CAPTY,Chile,938665.23017
2014,SG_STT_CAPTY,Chile,108703.0
2015,SG_STT_CAPTY,Chile,30508.0
2016,SG_STT_CAPTY,Chile,61886.0
2017,SG_STT_CAPTY,Chile,117486.0
2020,SG_STT_CAPTY,Chile,14669.0
2011,SG_STT_CAPTY,China,2527124.0
2012,SG_STT_CAPTY,China,2630577.0
2013,SG_STT_CAPTY,China,1254099.0
2014,SG_STT_CAPTY,China,3487078.0
2015,SG_STT_CAPTY,China,1436228.0
2016,SG_STT_CAPTY,China,2074860.0
2017,SG_STT_CAPTY,China,7592299.0
2018,SG_STT_CAPTY,China,3767407.0
2019,SG_STT_CAPTY,China,4075799.27044
2020,SG_STT_CAPTY,China,3169476.0
2011,SG_STT_CAPTY,Colombia,412251.0
2012,SG_STT_CAPTY,Colombia,364274.0
2013,SG_STT_CAPTY,Colombia,542753.56557
2014,SG_STT_CAPTY,Colombia,1337752.85125
2015,SG_STT_CAPTY,Colombia,1255315.25855
2016,SG_STT_CAPTY,Colombia,750686.0
2017,SG_STT_CAPTY,Colombia,767519.57609
2018,SG_STT_CAPTY,Colombia,532498.3806
2019,SG_STT_CAPTY,Colombia,1644100.83257
2020,SG_STT_CAPTY,Colombia,8004243.0
2011,SG_STT_CAPTY,Costa Rica,9220065.0
2012,SG_STT_CAPTY,Costa Rica,7695528.0
2013,SG_STT_CAPTY,Costa Rica,3104438.0
2014,SG_STT_CAPTY,Costa Rica,1550865.0
2015,SG_STT_CAPTY,Costa Rica,104029.0
2016,SG_STT_CAPTY,Costa Rica,655702.0
2017,SG_STT_CAPTY,Costa Rica,842496.7687
2018,SG_STT_CAPTY,Costa Rica,911801.16151
2019,SG_STT_CAPTY,Costa Rica,612514.01969
2020,SG_STT_CAPTY,Costa Rica,187574.0
2018,SG_STT_CAPTY,New Zealand,47667.41264
2011,SG_STT_CAPTY,Serbia,18809758.0
2012,SG_STT_CAPTY,Serbia,16933284.0
2013,SG_STT_CAPTY,Serbia,6604377.0009
2014,SG_STT_CAPTY,Serbia,1900754.0
2015,SG_STT_CAPTY,Serbia,3326005.0
2016,SG_STT_CAPTY,Serbia,5306121.0
2017,SG_STT_CAPTY,Serbia,1771156.64105
2018,SG_STT_CAPTY,Serbia,6653543.33154
2019,SG_STT_CAPTY,Serbia,2388991.74536
2020,SG_STT_CAPTY,Serbia,17214831.0
2011,SG_STT_CAPTY,Viet Nam,1490469.0
2012,SG_STT_CAPTY,Viet Nam,825792.0
2013,SG_STT_CAPTY,Viet Nam,1162522.0
2014,SG_STT_CAPTY,Viet Nam,2611823.0
2015,SG_STT_CAPTY,Viet Nam,1752533.0
2016,SG_STT_CAPTY,Viet Nam,9313578.0
2017,SG_STT_CAPTY,Viet Nam,8971519.83436
2018,SG_STT_CAPTY,Viet Nam,6465221.50262
2019,SG_STT_CAPTY,Viet Nam,10908822.52278
2020,SG_STT_CAPTY,Viet Nam,16403572.0
2019,SG_STT_CAPTY,Slovenia,8464.7455
2011,SG_STT_CAPTY,Tajikistan,3145097.0
2012,SG_STT_CAPTY,Tajikistan,2451859.43325
2013,SG_STT_CAPTY,Tajikistan,5045208.50384
2014,SG_STT_CAPTY,Tajikistan,5408171.28172
2015,SG_STT_CAPTY,Tajikistan,1784863.0
2016,SG_STT_CAPTY,Tajikistan,1665350.0
2017,SG_STT_CAPTY,Tajikistan,2243373.62623
2018,SG_STT_CAPTY,Tajikistan,2621617.70536
2019,SG_STT_CAPTY,Tajikistan,593206.83407
2020,SG_STT_CAPTY,Tajikistan,690718.0
2017,SG_STT_CAPTY,United Arab Emirates,84908.46904
2018,SG_STT_CAPTY,United Arab Emirates,99409.42837
2019,SG_STT_CAPTY,United Arab Emirates,19451.34184
2020,SG_STT_CAPTY,United Arab Emirates,10469.0
2011,SG_STT_CAPTY,Türkiye,33582193.0
2012,SG_STT_CAPTY,Türkiye,32055712.0
2013,SG_STT_CAPTY,Türkiye,29770713.0
2014,SG_STT_CAPTY,Türkiye,27040038.0
2015,SG_STT_CAPTY,Türkiye,13736877.0
2016,SG_STT_CAPTY,Türkiye,7782490.0
2017,SG_STT_CAPTY,Türkiye,23088.79763
2018,SG_STT_CAPTY,Türkiye,15044020.50347
2019,SG_STT_CAPTY,Türkiye,9730788.80244
2020,SG_STT_CAPTY,Türkiye,6933626.0
2011,SG_STT_CAPTY,Turkmenistan,382399.0
2012,SG_STT_CAPTY,Turkmenistan,169469.0
2014,SG_STT_CAPTY,Turkmenistan,81570.0
2015,SG_STT_CAPTY,Turkmenistan,271529.0
2016,SG_STT_CAPTY,Turkmenistan,78980.0
2017,SG_STT_CAPTY,Turkmenistan,125201.71775
2018,SG_STT_CAPTY,Turkmenistan,253328.0
2019,SG_STT_CAPTY,Turkmenistan,200876.0
2020,SG_STT_CAPTY,Turkmenistan,281673.0
2011,SG_STT_CAPTY,Ukraine,5754621.0
2012,SG_STT_CAPTY,Ukraine,1704727.0
2013,SG_STT_CAPTY,Ukraine,11251306.0
2014,SG_STT_CAPTY,Ukraine,6423484.0
2015,SG_STT_CAPTY,Ukraine,76066.0
2016,SG_STT_CAPTY,Ukraine,676162.0
2017,SG_STT_CAPTY,Ukraine,1248926.12049
2018,SG_STT_CAPTY,Ukraine,1310304.87167
2019,SG_STT_CAPTY,Ukraine,1237772.50727
2020,SG_STT_CAPTY,Ukraine,244248.0
2011,SG_STT_CAPTY,North Macedonia,1694131.0
2012,SG_STT_CAPTY,North Macedonia,1676152.0
2013,SG_STT_CAPTY,North Macedonia,771004.0
2014,SG_STT_CAPTY,North Macedonia,464635.0
2015,SG_STT_CAPTY,North Macedonia,1259372.0
2016,SG_STT_CAPTY,North Macedonia,1068429.0
2017,SG_STT_CAPTY,North Macedonia,170898.62496
2018,SG_STT_CAPTY,North Macedonia,2110847.10027
2019,SG_STT_CAPTY,North Macedonia,1698091.34529
2020,SG_STT_CAPTY,North Macedonia,2194937.0
2011,SG_STT_CAPTY,Uzbekistan,712386.0
2012,SG_STT_CAPTY,Uzbekistan,224843.0
2013,SG_STT_CAPTY,Uzbekistan,164396.10708
2014,SG_STT_CAPTY,Uzbekistan,134256.76588
2015,SG_STT_CAPTY,Uzbekistan,144230.0
2016,SG_STT_CAPTY,Uzbekistan,5081653.0
2017,SG_STT_CAPTY,Uzbekistan,5589302.20202
2018,SG_STT_CAPTY,Uzbekistan,502193.55449
2019,SG_STT_CAPTY,Uzbekistan,669133.46309
2020,SG_STT_CAPTY,Uzbekistan,1347320.0
2020,SG_STT_CAPTY,Uzbekistan,1347320.0
