Year,SeriesCode,GeoAreaName,Value
2018,DC_ODA_TOTLGE,Australia,3476.71916
2019,DC_ODA_TOTLGE,Australia,3319.70038
2020,DC_ODA_TOTLGE,Australia,3300.78382
2021,DC_ODA_TOTLGE,Australia,3546.44
2022,DC_ODA_TOTLGE,Australia,3081.38434
2018,DC_ODA_TOTLGE,Austria,1242.75728
2019,DC_ODA_TOTLGE,Austria,1358.27264
2020,DC_ODA_TOTLGE,Austria,1347.05898
2021,DC_ODA_TOTLGE,Austria,1466.78
2022,DC_ODA_TOTLGE,Austria,1997.56831
2018,DC_ODA_TOTLGE,Belgium,2462.65778
2019,DC_ODA_TOTLGE,Belgium,2400.16666
2020,DC_ODA_TOTLGE,Belgium,2503.14442
2021,DC_ODA_TOTLGE,Belgium,2615.51
2022,DC_ODA_TOTLGE,Belgium,2798.65908
2018,DC_ODA_TOTLGE,Canada,5345.15006
2019,DC_ODA_TOTLGE,Canada,5446.49128
2020,DC_ODA_TOTLGE,Canada,5841.2643
2021,DC_ODA_TOTLGE,Canada,6302.74
2022,DC_ODA_TOTLGE,Canada,7512.91823
2018,DC_ODA_TOTLGE,Czechia,342.71287
2019,DC_ODA_TOTLGE,Czechia,352.49894
2020,DC_ODA_TOTLGE,Czechia,330.91708
2021,DC_ODA_TOTLGE,Czechia,366.11
2022,DC_ODA_TOTLGE,Czechia,977.90906
2018,DC_ODA_TOTLGE,Denmark,2770.76972
2019,DC_ODA_TOTLGE,Denmark,2855.49497
2020,DC_ODA_TOTLGE,Denmark,2835.0545
2021,DC_ODA_TOTLGE,Denmark,2921.0
2022,DC_ODA_TOTLGE,Denmark,2966.83017
2018,DC_ODA_TOTLGE,Finland,1041.43238
2019,DC_ODA_TOTLGE,Finland,1243.12637
2020,DC_ODA_TOTLGE,Finland,1360.1792
2021,DC_ODA_TOTLGE,Finland,1441.22
2022,DC_ODA_TOTLGE,Finland,1711.25722
2018,DC_ODA_TOTLGE,France,12828.04537
2019,DC_ODA_TOTLGE,France,13435.47633
2020,DC_ODA_TOTLGE,France,14852.75252
2021,DC_ODA_TOTLGE,France,15505.62
2022,DC_ODA_TOTLGE,France,17444.17389
2018,DC_ODA_TOTLGE,Germany,26815.6486
2019,DC_ODA_TOTLGE,Germany,26819.4822
2020,DC_ODA_TOTLGE,Germany,30701.32272
2021,DC_ODA_TOTLGE,Germany,33272.39
2022,DC_ODA_TOTLGE,Germany,37264.23428
2018,DC_ODA_TOTLGE,Greece,295.31551
2019,DC_ODA_TOTLGE,Greece,393.2357
2020,DC_ODA_TOTLGE,Greece,344.9789
2021,DC_ODA_TOTLGE,Greece,340.85
2022,DC_ODA_TOTLGE,Greece,318.21991
2018,DC_ODA_TOTLGE,Hungary,300.99209
2019,DC_ODA_TOTLGE,Hungary,338.35735
2020,DC_ODA_TOTLGE,Hungary,451.3011
2021,DC_ODA_TOTLGE,Hungary,435.06
2022,DC_ODA_TOTLGE,Hungary,427.78004
2018,DC_ODA_TOTLGE,Iceland,72.62594
2019,DC_ODA_TOTLGE,Iceland,65.16107
2020,DC_ODA_TOTLGE,Iceland,65.44836
2021,DC_ODA_TOTLGE,Iceland,70.84
2022,DC_ODA_TOTLGE,Iceland,93.37974
2018,DC_ODA_TOTLGE,Ireland,964.74459
2019,DC_ODA_TOTLGE,Ireland,1027.51169
2020,DC_ODA_TOTLGE,Ireland,1029.56189
2021,DC_ODA_TOTLGE,Ireland,1154.89
2022,DC_ODA_TOTLGE,Ireland,2599.64465
2018,DC_ODA_TOTLGE,Italy,5362.36431
2019,DC_ODA_TOTLGE,Italy,4760.99212
2020,DC_ODA_TOTLGE,Italy,4432.50391
2021,DC_ODA_TOTLGE,Italy,6085.13
2022,DC_ODA_TOTLGE,Italy,7046.24605
2018,DC_ODA_TOTLGE,Japan,14346.27868
2019,DC_ODA_TOTLGE,Japan,15491.44528
2020,DC_ODA_TOTLGE,Japan,15678.17381
2021,DC_ODA_TOTLGE,Japan,17634.14
2022,DC_ODA_TOTLGE,Japan,20977.28712
2018,DC_ODA_TOTLGE,Republic of Korea,2340.17842
2019,DC_ODA_TOTLGE,Republic of Korea,2610.86964
2020,DC_ODA_TOTLGE,Republic of Korea,2378.10118
2021,DC_ODA_TOTLGE,Republic of Korea,2872.51
2022,DC_ODA_TOTLGE,Republic of Korea,3079.11651
2018,DC_ODA_TOTLGE,Lithuania,72.42677
2019,DC_ODA_TOTLGE,Lithuania,77.49748
2020,DC_ODA_TOTLGE,Lithuania,79.60085
2021,DC_ODA_TOTLGE,Lithuania,86.39
2022,DC_ODA_TOTLGE,Lithuania,191.28474
2018,DC_ODA_TOTLGE,Luxembourg,533.99611
2019,DC_ODA_TOTLGE,Luxembourg,553.2236
2020,DC_ODA_TOTLGE,Luxembourg,498.12707
2021,DC_ODA_TOTLGE,Luxembourg,539.37
2022,DC_ODA_TOTLGE,Luxembourg,563.2698
2018,DC_ODA_TOTLGE,Netherlands (Kingdom of the),6102.30121
2019,DC_ODA_TOTLGE,Netherlands (Kingdom of the),5840.00318
2020,DC_ODA_TOTLGE,Netherlands (Kingdom of the),5700.25436
2021,DC_ODA_TOTLGE,Netherlands (Kingdom of the),5287.54
2022,DC_ODA_TOTLGE,Netherlands (Kingdom of the),6879.52624
2018,DC_ODA_TOTLGE,New Zealand,611.98687
2019,DC_ODA_TOTLGE,New Zealand,626.17695
2020,DC_ODA_TOTLGE,New Zealand,593.90058
2021,DC_ODA_TOTLGE,New Zealand,685.26
2022,DC_ODA_TOTLGE,New Zealand,567.66123
2018,DC_ODA_TOTLGE,Norway,4521.68678
2019,DC_ODA_TOTLGE,Norway,4960.28785
2020,DC_ODA_TOTLGE,Norway,5374.3822
2021,DC_ODA_TOTLGE,Norway,4672.97
2022,DC_ODA_TOTLGE,Norway,4784.0387
2018,DC_ODA_TOTLGE,Poland,808.56728
2019,DC_ODA_TOTLGE,Poland,845.79404
2020,DC_ODA_TOTLGE,Poland,879.8344
2021,DC_ODA_TOTLGE,Poland,983.51
2022,DC_ODA_TOTLGE,Poland,3497.67329
2018,DC_ODA_TOTLGE,Portugal,433.8584
2019,DC_ODA_TOTLGE,Portugal,448.49905
2020,DC_ODA_TOTLGE,Portugal,434.56472
2021,DC_ODA_TOTLGE,Portugal,458.94
2022,DC_ODA_TOTLGE,Portugal,539.05942
2018,DC_ODA_TOTLGE,Slovakia,148.26433
2019,DC_ODA_TOTLGE,Slovakia,128.18378
2020,DC_ODA_TOTLGE,Slovakia,150.01892
2021,DC_ODA_TOTLGE,Slovakia,155.28
2022,DC_ODA_TOTLGE,Slovakia,179.17422
2018,DC_ODA_TOTLGE,Slovenia,88.90739
2019,DC_ODA_TOTLGE,Slovenia,96.30367
2020,DC_ODA_TOTLGE,Slovenia,96.60741
2021,DC_ODA_TOTLGE,Slovenia,116.19
2022,DC_ODA_TOTLGE,Slovenia,172.78299
2018,DC_ODA_TOTLGE,Spain,3042.46704
2019,DC_ODA_TOTLGE,Spain,3220.07794
2020,DC_ODA_TOTLGE,Spain,3171.04903
2021,DC_ODA_TOTLGE,Spain,3641.9
2022,DC_ODA_TOTLGE,Spain,4592.98477
2018,DC_ODA_TOTLGE,Sweden,6555.00963
2019,DC_ODA_TOTLGE,Sweden,6033.93237
2020,DC_ODA_TOTLGE,Sweden,7024.39201
2021,DC_ODA_TOTLGE,Sweden,5934.17
2022,DC_ODA_TOTLGE,Sweden,6050.76896
2018,DC_ODA_TOTLGE,Switzerland,3323.63624
2019,DC_ODA_TOTLGE,Switzerland,3379.05944
2020,DC_ODA_TOTLGE,Switzerland,3699.00341
2021,DC_ODA_TOTLGE,Switzerland,3912.02
2022,DC_ODA_TOTLGE,Switzerland,4540.22754
2018,DC_ODA_TOTLGE,United Kingdom of Great Britain and Northern Ireland,21717.37292
2019,DC_ODA_TOTLGE,United Kingdom of Great Britain and Northern Ireland,21951.35684
2020,DC_ODA_TOTLGE,United Kingdom of Great Britain and Northern Ireland,19987.72632
2021,DC_ODA_TOTLGE,United Kingdom of Great Britain and Northern Ireland,15712.01
2022,DC_ODA_TOTLGE,United Kingdom of Great Britain and Northern Ireland,16759.5616
2022,DC_ODA_TOTLGE,United Kingdom of Great Britain and Northern Ireland,16759.5616
