Year,SeriesCode,GeoAreaName,Value
2000,BX_TRF_PWKR,Australia,0.12473
2001,BX_TRF_PWKR,Australia,0.1284
2002,BX_TRF_PWKR,Australia,0.1178
2003,BX_TRF_PWKR,Australia,0.13941
2004,BX_TRF_PWKR,Australia,0.13428
2005,BX_TRF_PWKR,Australia,0.1353
2006,BX_TRF_PWKR,Australia,0.13575
2007,BX_TRF_PWKR,Australia,0.15713
2008,BX_TRF_PWKR,Australia,0.14463
2009,BX_TRF_PWKR,Australia,0.14381
2000,BX_TRF_PWKR,Albania,17.17641
2001,BX_TRF_PWKR,Albania,17.82973
2002,BX_TRF_PWKR,Albania,16.87117
2003,BX_TRF_PWKR,Albania,15.838
2004,BX_TRF_PWKR,Albania,16.15481
2005,BX_TRF_PWKR,Albania,16.01705
2006,BX_TRF_PWKR,Albania,15.28166
2007,BX_TRF_PWKR,Albania,13.74895
2008,BX_TRF_PWKR,Albania,14.48281
2009,BX_TRF_PWKR,Albania,14.26161
2010,BX_TRF_PWKR,Albania,13.30246
2011,BX_TRF_PWKR,Albania,12.04024
2012,BX_TRF_PWKR,Albania,11.52429
2013,BX_TRF_PWKR,Albania,10.03308
2014,BX_TRF_PWKR,Albania,10.7423
2015,BX_TRF_PWKR,Albania,11.33644
2016,BX_TRF_PWKR,Albania,11.01077
2017,BX_TRF_PWKR,Albania,10.07568
2018,BX_TRF_PWKR,Albania,9.62106
2019,BX_TRF_PWKR,Albania,9.56357
2010,BX_TRF_PWKR,Australia,0.16247
2011,BX_TRF_PWKR,Australia,0.17521
2012,BX_TRF_PWKR,Australia,0.15553
2013,BX_TRF_PWKR,Australia,0.15494
2014,BX_TRF_PWKR,Australia,0.15875
2015,BX_TRF_PWKR,Australia,0.16102
2016,BX_TRF_PWKR,Australia,0.17045
2017,BX_TRF_PWKR,Australia,0.15087
2018,BX_TRF_PWKR,Australia,0.1303
2019,BX_TRF_PWKR,Australia,0.12588
2020,BX_TRF_PWKR,Australia,0.08967
2000,BX_TRF_PWKR,Austria,0.91693
2001,BX_TRF_PWKR,Austria,0.89897
2002,BX_TRF_PWKR,Austria,0.93043
2003,BX_TRF_PWKR,Austria,0.95383
2004,BX_TRF_PWKR,Austria,0.8378
2005,BX_TRF_PWKR,Austria,0.73218
2006,BX_TRF_PWKR,Austria,0.74916
2007,BX_TRF_PWKR,Austria,0.75011
2008,BX_TRF_PWKR,Austria,0.74131
2009,BX_TRF_PWKR,Austria,0.77509
2010,BX_TRF_PWKR,Austria,0.7613
2011,BX_TRF_PWKR,Austria,0.75404
2012,BX_TRF_PWKR,Austria,0.73962
2013,BX_TRF_PWKR,Austria,0.75837
2014,BX_TRF_PWKR,Austria,0.73302
2015,BX_TRF_PWKR,Austria,0.74999
2016,BX_TRF_PWKR,Austria,0.72998
2017,BX_TRF_PWKR,Austria,0.71041
2018,BX_TRF_PWKR,Austria,0.66438
2020,BX_TRF_PWKR,Albania,9.84702
2000,BX_TRF_PWKR,Azerbaijan,1.08352
2001,BX_TRF_PWKR,Azerbaijan,1.82428
2002,BX_TRF_PWKR,Azerbaijan,2.619
2003,BX_TRF_PWKR,Azerbaijan,2.14322
2004,BX_TRF_PWKR,Azerbaijan,2.34527
2005,BX_TRF_PWKR,Azerbaijan,4.70518
2006,BX_TRF_PWKR,Azerbaijan,3.76597
2007,BX_TRF_PWKR,Azerbaijan,3.83577
2008,BX_TRF_PWKR,Azerbaijan,3.10798
2000,BX_TRF_PWKR,Greece,1.68582
2001,BX_TRF_PWKR,Greece,1.47924
2002,BX_TRF_PWKR,Greece,1.07937
2003,BX_TRF_PWKR,Greece,0.77507
2004,BX_TRF_PWKR,Greece,0.51666
2005,BX_TRF_PWKR,Greece,0.49223
2006,BX_TRF_PWKR,Greece,0.56458
2007,BX_TRF_PWKR,Greece,0.77967
2008,BX_TRF_PWKR,Greece,0.758
2009,BX_TRF_PWKR,Greece,0.61277
2010,BX_TRF_PWKR,Greece,0.50492
2019,BX_TRF_PWKR,Austria,0.66672
2020,BX_TRF_PWKR,Austria,0.69251
2000,BX_TRF_PWKR,Armenia,9.52937
2001,BX_TRF_PWKR,Armenia,9.87695
2002,BX_TRF_PWKR,Armenia,11.10492
2003,BX_TRF_PWKR,Armenia,11.96483
2004,BX_TRF_PWKR,Armenia,22.01857
2005,BX_TRF_PWKR,Armenia,18.6764
2006,BX_TRF_PWKR,Armenia,18.31282
2007,BX_TRF_PWKR,Armenia,17.86141
2000,BX_TRF_PWKR,Poland,0.86866
2001,BX_TRF_PWKR,Poland,0.81873
2002,BX_TRF_PWKR,Poland,0.84643
2003,BX_TRF_PWKR,Poland,1.04854
2004,BX_TRF_PWKR,Poland,1.85175
2005,BX_TRF_PWKR,Poland,2.11371
2006,BX_TRF_PWKR,Poland,2.46241
2007,BX_TRF_PWKR,Poland,2.43993
2008,BX_TRF_PWKR,Poland,1.96305
2009,BX_TRF_PWKR,Poland,1.85884
2010,BX_TRF_PWKR,Poland,1.60722
2009,BX_TRF_PWKR,Azerbaijan,2.8327
2010,BX_TRF_PWKR,Azerbaijan,2.6655
2011,BX_TRF_PWKR,Azerbaijan,2.87041
2012,BX_TRF_PWKR,Azerbaijan,2.85601
2013,BX_TRF_PWKR,Azerbaijan,2.33693
2014,BX_TRF_PWKR,Azerbaijan,2.45391
2015,BX_TRF_PWKR,Azerbaijan,2.3928
2016,BX_TRF_PWKR,Azerbaijan,1.69842
2017,BX_TRF_PWKR,Azerbaijan,2.77341
2018,BX_TRF_PWKR,Azerbaijan,2.60181
2008,BX_TRF_PWKR,Armenia,16.32705
2009,BX_TRF_PWKR,Armenia,16.64916
2010,BX_TRF_PWKR,Armenia,18.02684
2011,BX_TRF_PWKR,Armenia,17.73422
2012,BX_TRF_PWKR,Armenia,18.03302
2013,BX_TRF_PWKR,Armenia,19.71138
2014,BX_TRF_PWKR,Armenia,17.90444
2015,BX_TRF_PWKR,Armenia,14.13274
2016,BX_TRF_PWKR,Armenia,13.10746
2017,BX_TRF_PWKR,Armenia,13.34774
2011,BX_TRF_PWKR,Poland,1.47037
2012,BX_TRF_PWKR,Poland,1.41237
2013,BX_TRF_PWKR,Poland,1.43124
2014,BX_TRF_PWKR,Poland,1.37665
2015,BX_TRF_PWKR,Poland,1.43027
2016,BX_TRF_PWKR,Poland,1.43114
2017,BX_TRF_PWKR,Poland,1.38687
2018,BX_TRF_PWKR,Poland,1.29432
2019,BX_TRF_PWKR,Poland,1.18253
2020,BX_TRF_PWKR,Poland,1.12751
2000,BX_TRF_PWKR,Portugal,0.2187
2011,BX_TRF_PWKR,Greece,0.41998
2012,BX_TRF_PWKR,Greece,0.28135
2013,BX_TRF_PWKR,Greece,0.33693
2014,BX_TRF_PWKR,Greece,0.31254
2015,BX_TRF_PWKR,Greece,0.26039
2016,BX_TRF_PWKR,Greece,0.21613
2017,BX_TRF_PWKR,Greece,0.20109
2018,BX_TRF_PWKR,Greece,0.23105
2019,BX_TRF_PWKR,Greece,0.32968
2020,BX_TRF_PWKR,Greece,0.32376
2000,BX_TRF_PWKR,Hungary,0.76914
2001,BX_TRF_PWKR,Portugal,0.28159
2002,BX_TRF_PWKR,Portugal,0.23036
2003,BX_TRF_PWKR,Portugal,0.23293
2004,BX_TRF_PWKR,Portugal,0.20379
2005,BX_TRF_PWKR,Portugal,0.19606
2006,BX_TRF_PWKR,Portugal,0.21101
2007,BX_TRF_PWKR,Portugal,0.25395
2008,BX_TRF_PWKR,Portugal,0.2443
2009,BX_TRF_PWKR,Portugal,0.24546
2010,BX_TRF_PWKR,Portugal,0.21729
2011,BX_TRF_PWKR,Portugal,0.2204
2012,BX_TRF_PWKR,Portugal,0.21328
2013,BX_TRF_PWKR,Portugal,0.19723
2014,BX_TRF_PWKR,Portugal,0.19053
2015,BX_TRF_PWKR,Portugal,0.18525
2016,BX_TRF_PWKR,Portugal,0.20587
2017,BX_TRF_PWKR,Portugal,0.2221
2018,BX_TRF_PWKR,Portugal,0.22504
2019,BX_TRF_PWKR,Portugal,0.25735
2020,BX_TRF_PWKR,Portugal,0.2584
2000,BX_TRF_PWKR,Romania,0.2577
2001,BX_TRF_PWKR,Romania,0.28717
2002,BX_TRF_PWKR,Romania,0.31042
2003,BX_TRF_PWKR,Romania,0.21451
2004,BX_TRF_PWKR,Romania,0.17473
2005,BX_TRF_PWKR,Romania,0.96674
2006,BX_TRF_PWKR,Romania,0.95102
2007,BX_TRF_PWKR,Romania,0.93037
2008,BX_TRF_PWKR,Romania,0.79432
2009,BX_TRF_PWKR,Romania,0.39199
2010,BX_TRF_PWKR,Romania,0.38566
2011,BX_TRF_PWKR,Romania,0.37862
2012,BX_TRF_PWKR,Romania,0.4297
2013,BX_TRF_PWKR,Romania,2.51873
2014,BX_TRF_PWKR,Romania,2.54228
2015,BX_TRF_PWKR,Romania,3.0335
2016,BX_TRF_PWKR,Romania,3.15199
2017,BX_TRF_PWKR,Romania,3.09674
2018,BX_TRF_PWKR,Romania,2.89243
2019,BX_TRF_PWKR,Romania,3.25835
2020,BX_TRF_PWKR,Romania,3.06605
2005,BX_TRF_PWKR,Serbia,0.0
2006,BX_TRF_PWKR,Serbia,0.0
2007,BX_TRF_PWKR,Serbia,8.71929
2008,BX_TRF_PWKR,Serbia,6.79288
2009,BX_TRF_PWKR,Serbia,10.2958
2010,BX_TRF_PWKR,Serbia,9.84576
2011,BX_TRF_PWKR,Serbia,8.04125
2012,BX_TRF_PWKR,Serbia,8.18868
2013,BX_TRF_PWKR,Serbia,8.31668
2014,BX_TRF_PWKR,Serbia,7.8535
2001,BX_TRF_PWKR,Hungary,0.67769
2002,BX_TRF_PWKR,Hungary,0.65606
2003,BX_TRF_PWKR,Hungary,0.54746
2004,BX_TRF_PWKR,Hungary,0.6074
2005,BX_TRF_PWKR,Hungary,0.64599
2006,BX_TRF_PWKR,Hungary,0.74181
2007,BX_TRF_PWKR,Hungary,0.696
2008,BX_TRF_PWKR,Hungary,0.82854
2009,BX_TRF_PWKR,Hungary,1.20137
2010,BX_TRF_PWKR,Hungary,1.399
2011,BX_TRF_PWKR,Hungary,1.62326
2012,BX_TRF_PWKR,Hungary,2.44284
2013,BX_TRF_PWKR,Hungary,3.06457
2014,BX_TRF_PWKR,Hungary,2.97911
2015,BX_TRF_PWKR,Hungary,3.15777
2016,BX_TRF_PWKR,Hungary,3.24265
2017,BX_TRF_PWKR,Hungary,2.88098
2018,BX_TRF_PWKR,Hungary,2.74294
2019,BX_TRF_PWKR,Hungary,3.03579
2020,BX_TRF_PWKR,Hungary,2.45162
2015,BX_TRF_PWKR,Serbia,8.49919
2016,BX_TRF_PWKR,Serbia,7.87703
2017,BX_TRF_PWKR,Serbia,8.12518
2018,BX_TRF_PWKR,Serbia,8.77873
2019,BX_TRF_PWKR,Serbia,8.22671
2020,BX_TRF_PWKR,Serbia,7.25325
2000,BX_TRF_PWKR,Slovakia,0.06101
2001,BX_TRF_PWKR,Slovakia,0.07316
2002,BX_TRF_PWKR,Slovakia,0.06942
2003,BX_TRF_PWKR,Slovakia,0.90849
2004,BX_TRF_PWKR,Slovakia,1.22581
2005,BX_TRF_PWKR,Slovakia,1.92864
2006,BX_TRF_PWKR,Slovakia,1.89997
2007,BX_TRF_PWKR,Slovakia,1.92184
2008,BX_TRF_PWKR,Slovakia,2.04078
2009,BX_TRF_PWKR,Slovakia,1.878
2010,BX_TRF_PWKR,Slovakia,1.75377
2011,BX_TRF_PWKR,Slovakia,1.76514
2012,BX_TRF_PWKR,Slovakia,2.04458
2013,BX_TRF_PWKR,Slovakia,2.10235
2000,BX_TRF_PWKR,Iceland,0.39614
2001,BX_TRF_PWKR,Iceland,0.4778
2002,BX_TRF_PWKR,Iceland,0.69508
2003,BX_TRF_PWKR,Iceland,0.42855
2004,BX_TRF_PWKR,Iceland,0.44096
2005,BX_TRF_PWKR,Iceland,0.39028
2006,BX_TRF_PWKR,Iceland,0.4597
2007,BX_TRF_PWKR,Iceland,0.50809
2008,BX_TRF_PWKR,Iceland,0.66463
2009,BX_TRF_PWKR,Iceland,0.71496
2014,BX_TRF_PWKR,Slovakia,2.37299
2015,BX_TRF_PWKR,Slovakia,2.41344
2016,BX_TRF_PWKR,Slovakia,2.36552
2017,BX_TRF_PWKR,Slovakia,2.27447
2018,BX_TRF_PWKR,Slovakia,2.09414
2019,BX_TRF_PWKR,Slovakia,2.41696
2020,BX_TRF_PWKR,Slovakia,2.34247
2000,BX_TRF_PWKR,Viet Nam,4.29866
2001,BX_TRF_PWKR,Viet Nam,3.36544
2002,BX_TRF_PWKR,Viet Nam,5.0479
2010,BX_TRF_PWKR,Iceland,0.9858
2011,BX_TRF_PWKR,Iceland,0.99149
2012,BX_TRF_PWKR,Iceland,1.04758
2013,BX_TRF_PWKR,Iceland,1.28583
2014,BX_TRF_PWKR,Iceland,1.21856
2015,BX_TRF_PWKR,Iceland,1.23845
2016,BX_TRF_PWKR,Iceland,1.00553
2017,BX_TRF_PWKR,Iceland,0.76195
2018,BX_TRF_PWKR,Iceland,0.66195
2019,BX_TRF_PWKR,Iceland,0.74055
2020,BX_TRF_PWKR,Iceland,0.76195
2000,BX_TRF_PWKR,India,2.75056
2001,BX_TRF_PWKR,India,2.94022
2002,BX_TRF_PWKR,India,3.05585
2003,BX_TRF_PWKR,India,3.45552
2004,BX_TRF_PWKR,India,2.64407
2005,BX_TRF_PWKR,India,2.69693
2006,BX_TRF_PWKR,India,3.01338
2007,BX_TRF_PWKR,India,3.05874
2008,BX_TRF_PWKR,India,4.16861
2018,BX_TRF_PWKR,Armenia,11.94432
2019,BX_TRF_PWKR,Armenia,11.2191
2020,BX_TRF_PWKR,Armenia,10.49746
2000,BX_TRF_PWKR,Belgium,1.6954
2001,BX_TRF_PWKR,Belgium,1.66285
2002,BX_TRF_PWKR,Belgium,1.76337
2003,BX_TRF_PWKR,Belgium,1.82056
2004,BX_TRF_PWKR,Belgium,1.7807
2005,BX_TRF_PWKR,Belgium,1.78548
2006,BX_TRF_PWKR,Belgium,1.78195
2003,BX_TRF_PWKR,Viet Nam,5.3094
2004,BX_TRF_PWKR,Viet Nam,5.08499
2005,BX_TRF_PWKR,Viet Nam,5.46559
2006,BX_TRF_PWKR,Viet Nam,5.72533
2007,BX_TRF_PWKR,Viet Nam,7.98301
2008,BX_TRF_PWKR,Viet Nam,6.8647
2009,BX_TRF_PWKR,Viet Nam,5.67846
2010,BX_TRF_PWKR,Viet Nam,7.12488
2011,BX_TRF_PWKR,Viet Nam,6.34502
2012,BX_TRF_PWKR,Viet Nam,6.41766
2009,BX_TRF_PWKR,India,3.66677
2010,BX_TRF_PWKR,India,3.19166
2011,BX_TRF_PWKR,India,3.42827
2012,BX_TRF_PWKR,India,3.76554
2013,BX_TRF_PWKR,India,3.76849
2014,BX_TRF_PWKR,India,3.4519
2015,BX_TRF_PWKR,India,3.27582
2016,BX_TRF_PWKR,India,2.7342
2017,BX_TRF_PWKR,India,2.60109
2018,BX_TRF_PWKR,India,2.91695
2019,BX_TRF_PWKR,India,2.90305
2007,BX_TRF_PWKR,Belgium,1.91184
2008,BX_TRF_PWKR,Belgium,2.03389
2009,BX_TRF_PWKR,Belgium,2.30409
2010,BX_TRF_PWKR,Belgium,2.28582
2011,BX_TRF_PWKR,Belgium,2.24407
2012,BX_TRF_PWKR,Belgium,2.25149
2013,BX_TRF_PWKR,Belgium,2.24197
2014,BX_TRF_PWKR,Belgium,2.27445
2015,BX_TRF_PWKR,Belgium,2.2644
2016,BX_TRF_PWKR,Belgium,2.26728
2020,BX_TRF_PWKR,India,3.12562
2000,BX_TRF_PWKR,Ireland,0.25201
2001,BX_TRF_PWKR,Ireland,0.22334
2002,BX_TRF_PWKR,Ireland,0.24698
2003,BX_TRF_PWKR,Ireland,0.20518
2004,BX_TRF_PWKR,Ireland,0.21334
2005,BX_TRF_PWKR,Ireland,0.2419
2006,BX_TRF_PWKR,Ireland,0.23249
2007,BX_TRF_PWKR,Ireland,0.21852
2008,BX_TRF_PWKR,Ireland,0.23088
2009,BX_TRF_PWKR,Ireland,0.2434
2010,BX_TRF_PWKR,Ireland,0.29686
2011,BX_TRF_PWKR,Ireland,0.31677
2012,BX_TRF_PWKR,Ireland,0.30819
2013,BX_TRF_PWKR,Ireland,0.30327
2014,BX_TRF_PWKR,Ireland,0.28063
2015,BX_TRF_PWKR,Ireland,0.2071
2016,BX_TRF_PWKR,Ireland,0.19265
2017,BX_TRF_PWKR,Ireland,0.17832
2018,BX_TRF_PWKR,Ireland,0.16204
2017,BX_TRF_PWKR,Belgium,2.28015
2018,BX_TRF_PWKR,Belgium,2.29252
2019,BX_TRF_PWKR,Belgium,2.27506
2020,BX_TRF_PWKR,Belgium,2.43235
2000,BX_TRF_PWKR,Bosnia and Herzegovina,28.39658
2001,BX_TRF_PWKR,Bosnia and Herzegovina,25.85891
2002,BX_TRF_PWKR,Bosnia and Herzegovina,22.22887
2003,BX_TRF_PWKR,Bosnia and Herzegovina,20.45165
2004,BX_TRF_PWKR,Bosnia and Herzegovina,20.21354
2005,BX_TRF_PWKR,Bosnia and Herzegovina,18.15682
2019,BX_TRF_PWKR,Ireland,0.14699
2020,BX_TRF_PWKR,Ireland,0.06482
2000,BX_TRF_PWKR,Israel,0.13771
2001,BX_TRF_PWKR,Israel,0.14952
2002,BX_TRF_PWKR,Israel,0.13752
2003,BX_TRF_PWKR,Israel,0.13475
2004,BX_TRF_PWKR,Israel,0.21959
2005,BX_TRF_PWKR,Israel,0.2642
2006,BX_TRF_PWKR,Israel,0.3171
2007,BX_TRF_PWKR,Israel,0.32356
2013,BX_TRF_PWKR,Viet Nam,6.42441
2014,BX_TRF_PWKR,Viet Nam,6.44452
2015,BX_TRF_PWKR,Viet Nam,6.72735
2016,BX_TRF_PWKR,Viet Nam,6.82008
2017,BX_TRF_PWKR,Viet Nam,6.70302
2018,BX_TRF_PWKR,Viet Nam,6.52492
2019,BX_TRF_PWKR,Viet Nam,6.4905
2020,BX_TRF_PWKR,Viet Nam,6.34315
2000,BX_TRF_PWKR,Slovenia,0.99706
2001,BX_TRF_PWKR,Slovenia,0.9494
2008,BX_TRF_PWKR,Israel,0.28997
2009,BX_TRF_PWKR,Israel,0.2438
2010,BX_TRF_PWKR,Israel,0.24355
2011,BX_TRF_PWKR,Israel,0.22669
2012,BX_TRF_PWKR,Israel,0.26504
2013,BX_TRF_PWKR,Israel,0.25999
2014,BX_TRF_PWKR,Israel,0.27625
2015,BX_TRF_PWKR,Israel,0.28429
2016,BX_TRF_PWKR,Israel,0.30198
2017,BX_TRF_PWKR,Israel,0.27899
2018,BX_TRF_PWKR,Israel,0.27342
2002,BX_TRF_PWKR,Slovenia,0.9055
2003,BX_TRF_PWKR,Slovenia,0.77848
2004,BX_TRF_PWKR,Slovenia,0.7581
2005,BX_TRF_PWKR,Slovenia,0.72114
2006,BX_TRF_PWKR,Slovenia,0.70767
2007,BX_TRF_PWKR,Slovenia,0.66701
2008,BX_TRF_PWKR,Slovenia,0.68447
2009,BX_TRF_PWKR,Slovenia,0.34438
2010,BX_TRF_PWKR,Slovenia,0.34149
2011,BX_TRF_PWKR,Slovenia,0.40832
2019,BX_TRF_PWKR,Israel,0.23959
2020,BX_TRF_PWKR,Israel,0.27956
2000,BX_TRF_PWKR,Italy,0.15645
2001,BX_TRF_PWKR,Italy,0.16559
2002,BX_TRF_PWKR,Italy,0.17885
2003,BX_TRF_PWKR,Italy,0.19205
2004,BX_TRF_PWKR,Italy,0.20456
2005,BX_TRF_PWKR,Italy,0.22027
2006,BX_TRF_PWKR,Italy,0.20924
2007,BX_TRF_PWKR,Italy,0.2079
2008,BX_TRF_PWKR,Italy,0.3066
2012,BX_TRF_PWKR,Slovenia,0.53475
2013,BX_TRF_PWKR,Slovenia,0.64891
2014,BX_TRF_PWKR,Slovenia,0.74769
2015,BX_TRF_PWKR,Slovenia,0.92714
2016,BX_TRF_PWKR,Slovenia,1.01031
2017,BX_TRF_PWKR,Slovenia,1.03571
2018,BX_TRF_PWKR,Slovenia,1.19113
2019,BX_TRF_PWKR,Slovenia,1.2431
2020,BX_TRF_PWKR,Slovenia,1.19742
2000,BX_TRF_PWKR,Spain,0.10867
2001,BX_TRF_PWKR,Spain,0.11154
2002,BX_TRF_PWKR,Spain,0.10566
2003,BX_TRF_PWKR,Spain,0.09943
2004,BX_TRF_PWKR,Spain,0.09477
2005,BX_TRF_PWKR,Spain,0.09844
2006,BX_TRF_PWKR,Spain,0.10176
2007,BX_TRF_PWKR,Spain,0.11388
2008,BX_TRF_PWKR,Spain,0.11324
2009,BX_TRF_PWKR,Spain,0.10262
2010,BX_TRF_PWKR,Spain,0.11233
2011,BX_TRF_PWKR,Spain,0.11592
2012,BX_TRF_PWKR,Spain,0.15805
2013,BX_TRF_PWKR,Spain,0.22408
2014,BX_TRF_PWKR,Spain,0.22859
2015,BX_TRF_PWKR,Spain,0.22369
2016,BX_TRF_PWKR,Spain,0.21364
2017,BX_TRF_PWKR,Spain,0.22949
2018,BX_TRF_PWKR,Spain,0.23458
2019,BX_TRF_PWKR,Spain,0.23061
2020,BX_TRF_PWKR,Spain,0.23382
2000,BX_TRF_PWKR,Sweden,0.16657
2001,BX_TRF_PWKR,Sweden,0.23853
2002,BX_TRF_PWKR,Sweden,0.19191
2003,BX_TRF_PWKR,Sweden,0.406
2004,BX_TRF_PWKR,Sweden,0.41437
2005,BX_TRF_PWKR,Sweden,0.46186
2006,BX_TRF_PWKR,Sweden,0.53064
2007,BX_TRF_PWKR,Sweden,0.65251
2008,BX_TRF_PWKR,Sweden,0.79108
2009,BX_TRF_PWKR,Sweden,0.90896
2010,BX_TRF_PWKR,Sweden,0.81906
2011,BX_TRF_PWKR,Sweden,0.76376
2012,BX_TRF_PWKR,Sweden,0.77713
2013,BX_TRF_PWKR,Sweden,0.78312
2014,BX_TRF_PWKR,Sweden,0.78378
2015,BX_TRF_PWKR,Sweden,0.67247
2016,BX_TRF_PWKR,Sweden,0.54704
2017,BX_TRF_PWKR,Sweden,0.57465
2018,BX_TRF_PWKR,Sweden,0.55342
2019,BX_TRF_PWKR,Sweden,0.59656
2020,BX_TRF_PWKR,Sweden,0.57115
2000,BX_TRF_PWKR,Switzerland,0.35553
2001,BX_TRF_PWKR,Switzerland,0.40945
2009,BX_TRF_PWKR,Italy,0.32134
2010,BX_TRF_PWKR,Italy,0.37371
2011,BX_TRF_PWKR,Italy,0.38095
2012,BX_TRF_PWKR,Italy,0.43919
2013,BX_TRF_PWKR,Italy,0.44067
2014,BX_TRF_PWKR,Italy,0.46775
2015,BX_TRF_PWKR,Italy,0.52333
2016,BX_TRF_PWKR,Italy,0.50714
2017,BX_TRF_PWKR,Italy,0.49782
2018,BX_TRF_PWKR,Italy,0.47346
2019,BX_TRF_PWKR,Italy,0.52048
2020,BX_TRF_PWKR,Italy,0.51417
2000,BX_TRF_PWKR,Japan,0.01557
2001,BX_TRF_PWKR,Japan,0.02856
2002,BX_TRF_PWKR,Japan,0.02694
2003,BX_TRF_PWKR,Japan,0.01795
2004,BX_TRF_PWKR,Japan,0.01581
2005,BX_TRF_PWKR,Japan,0.01873
2006,BX_TRF_PWKR,Japan,0.02558
2007,BX_TRF_PWKR,Japan,0.03022
2008,BX_TRF_PWKR,Japan,0.03392
2009,BX_TRF_PWKR,Japan,0.03015
2010,BX_TRF_PWKR,Japan,0.02925
2011,BX_TRF_PWKR,Japan,0.0342
2012,BX_TRF_PWKR,Japan,0.04049
2013,BX_TRF_PWKR,Japan,0.04535
2014,BX_TRF_PWKR,Japan,0.07625
2015,BX_TRF_PWKR,Japan,0.07481
2016,BX_TRF_PWKR,Japan,0.07655
2017,BX_TRF_PWKR,Japan,0.09011
2018,BX_TRF_PWKR,Japan,0.08675
2019,BX_TRF_PWKR,Japan,0.08524
2020,BX_TRF_PWKR,Japan,0.09639
2000,BX_TRF_PWKR,Kazakhstan,0.36886
2001,BX_TRF_PWKR,Kazakhstan,0.38388
2002,BX_TRF_PWKR,Kazakhstan,0.45156
2003,BX_TRF_PWKR,Kazakhstan,0.13686
2004,BX_TRF_PWKR,Kazakhstan,0.13297
2005,BX_TRF_PWKR,Kazakhstan,0.10857
2006,BX_TRF_PWKR,Kazakhstan,0.10319
2007,BX_TRF_PWKR,Kazakhstan,0.13638
2008,BX_TRF_PWKR,Kazakhstan,0.0941
2009,BX_TRF_PWKR,Kazakhstan,0.17189
2002,BX_TRF_PWKR,Switzerland,0.39507
2003,BX_TRF_PWKR,Switzerland,0.42232
2004,BX_TRF_PWKR,Switzerland,0.41806
2005,BX_TRF_PWKR,Switzerland,0.40934
2006,BX_TRF_PWKR,Switzerland,0.4045
2007,BX_TRF_PWKR,Switzerland,0.36383
2008,BX_TRF_PWKR,Switzerland,0.38834
2009,BX_TRF_PWKR,Switzerland,0.41949
2010,BX_TRF_PWKR,Switzerland,0.4134
2011,BX_TRF_PWKR,Switzerland,0.3622
2012,BX_TRF_PWKR,Switzerland,0.34972
2013,BX_TRF_PWKR,Switzerland,0.34192
2014,BX_TRF_PWKR,Switzerland,0.32764
2015,BX_TRF_PWKR,Switzerland,0.35847
2016,BX_TRF_PWKR,Switzerland,0.36287
2017,BX_TRF_PWKR,Switzerland,0.3679
2018,BX_TRF_PWKR,Switzerland,0.34678
2019,BX_TRF_PWKR,Switzerland,0.34838
2020,BX_TRF_PWKR,Switzerland,0.39094
2002,BX_TRF_PWKR,Tajikistan,6.43366
2010,BX_TRF_PWKR,Kazakhstan,0.15235
2011,BX_TRF_PWKR,Kazakhstan,0.09329
2012,BX_TRF_PWKR,Kazakhstan,0.13605
2013,BX_TRF_PWKR,Kazakhstan,0.14428
2014,BX_TRF_PWKR,Kazakhstan,0.18128
2015,BX_TRF_PWKR,Kazakhstan,0.15959
2016,BX_TRF_PWKR,Kazakhstan,0.27984
2017,BX_TRF_PWKR,Kazakhstan,0.33597
2018,BX_TRF_PWKR,Kazakhstan,0.34462
2019,BX_TRF_PWKR,Kazakhstan,0.27857
2003,BX_TRF_PWKR,Tajikistan,9.38882
2004,BX_TRF_PWKR,Tajikistan,12.13776
2005,BX_TRF_PWKR,Tajikistan,24.40729
2006,BX_TRF_PWKR,Tajikistan,34.48029
2007,BX_TRF_PWKR,Tajikistan,40.69621
2008,BX_TRF_PWKR,Tajikistan,44.12622
2009,BX_TRF_PWKR,Tajikistan,31.44377
2010,BX_TRF_PWKR,Tajikistan,35.81071
2011,BX_TRF_PWKR,Tajikistan,41.73811
2012,BX_TRF_PWKR,Tajikistan,42.21577
2020,BX_TRF_PWKR,Kazakhstan,0.21884
2000,BX_TRF_PWKR,Republic of Korea,0.78509
2001,BX_TRF_PWKR,Republic of Korea,0.82464
2002,BX_TRF_PWKR,Republic of Korea,0.81863
2003,BX_TRF_PWKR,Republic of Korea,0.83607
2004,BX_TRF_PWKR,Republic of Korea,0.74828
2005,BX_TRF_PWKR,Republic of Korea,0.55625
2006,BX_TRF_PWKR,Republic of Korea,0.46045
2007,BX_TRF_PWKR,Republic of Korea,0.43961
2008,BX_TRF_PWKR,Republic of Korea,0.66627
2019,BX_TRF_PWKR,Azerbaijan,2.64699
2020,BX_TRF_PWKR,Azerbaijan,3.29308
2009,BX_TRF_PWKR,Republic of Korea,0.63558
2010,BX_TRF_PWKR,Republic of Korea,0.51166
2011,BX_TRF_PWKR,Republic of Korea,0.52682
2012,BX_TRF_PWKR,Republic of Korea,0.51541
2013,BX_TRF_PWKR,Republic of Korea,0.47238
2014,BX_TRF_PWKR,Republic of Korea,0.44286
2015,BX_TRF_PWKR,Republic of Korea,0.44099
2016,BX_TRF_PWKR,Republic of Korea,0.43487
2017,BX_TRF_PWKR,Republic of Korea,0.4019
2018,BX_TRF_PWKR,Republic of Korea,0.41309
2013,BX_TRF_PWKR,Tajikistan,43.76805
2014,BX_TRF_PWKR,Tajikistan,37.13623
2015,BX_TRF_PWKR,Tajikistan,27.30648
2016,BX_TRF_PWKR,Tajikistan,26.70614
2017,BX_TRF_PWKR,Tajikistan,29.68483
2018,BX_TRF_PWKR,Tajikistan,28.11766
2019,BX_TRF_PWKR,Tajikistan,27.97187
2020,BX_TRF_PWKR,Tajikistan,26.68742
2000,BX_TRF_PWKR,Türkiye,1.6624
2001,BX_TRF_PWKR,Türkiye,1.38091
2019,BX_TRF_PWKR,Republic of Korea,0.43393
2020,BX_TRF_PWKR,Republic of Korea,0.45258
2000,BX_TRF_PWKR,Kyrgyzstan,0.16381
2001,BX_TRF_PWKR,Kyrgyzstan,0.29728
2002,BX_TRF_PWKR,Kyrgyzstan,1.88667
2003,BX_TRF_PWKR,Kyrgyzstan,3.6648
2004,BX_TRF_PWKR,Kyrgyzstan,8.09652
2005,BX_TRF_PWKR,Kyrgyzstan,12.73247
2006,BX_TRF_PWKR,Kyrgyzstan,16.69173
2007,BX_TRF_PWKR,Kyrgyzstan,18.51394
2002,BX_TRF_PWKR,Türkiye,0.80582
2003,BX_TRF_PWKR,Türkiye,0.23173
2004,BX_TRF_PWKR,Türkiye,0.19664
2005,BX_TRF_PWKR,Türkiye,0.27019
2006,BX_TRF_PWKR,Türkiye,0.32905
2007,BX_TRF_PWKR,Türkiye,0.30763
2008,BX_TRF_PWKR,Türkiye,0.31656
2009,BX_TRF_PWKR,Türkiye,0.28247
2010,BX_TRF_PWKR,Türkiye,0.23411
2011,BX_TRF_PWKR,Türkiye,0.2245
2008,BX_TRF_PWKR,Kyrgyzstan,23.79927
2009,BX_TRF_PWKR,Kyrgyzstan,20.93712
2010,BX_TRF_PWKR,Kyrgyzstan,26.41012
2011,BX_TRF_PWKR,Kyrgyzstan,27.56951
2012,BX_TRF_PWKR,Kyrgyzstan,30.75445
2013,BX_TRF_PWKR,Kyrgyzstan,31.05644
2014,BX_TRF_PWKR,Kyrgyzstan,30.03211
2015,BX_TRF_PWKR,Kyrgyzstan,25.27189
2016,BX_TRF_PWKR,Kyrgyzstan,29.2761
2017,BX_TRF_PWKR,Kyrgyzstan,32.27053
2012,BX_TRF_PWKR,Türkiye,0.21361
2013,BX_TRF_PWKR,Türkiye,0.19848
2014,BX_TRF_PWKR,Türkiye,0.18521
2015,BX_TRF_PWKR,Türkiye,0.1614
2016,BX_TRF_PWKR,Türkiye,0.13637
2017,BX_TRF_PWKR,Türkiye,0.122
2018,BX_TRF_PWKR,Türkiye,0.14413
2019,BX_TRF_PWKR,Türkiye,0.10644
2020,BX_TRF_PWKR,Türkiye,0.11042
2006,BX_TRF_PWKR,Turkmenistan,0.14012
2007,BX_TRF_PWKR,Turkmenistan,0.23926
2008,BX_TRF_PWKR,Turkmenistan,0.25841
2009,BX_TRF_PWKR,Turkmenistan,0.16661
2010,BX_TRF_PWKR,Turkmenistan,0.15631
2011,BX_TRF_PWKR,Turkmenistan,0.11904
2012,BX_TRF_PWKR,Turkmenistan,0.1055
2013,BX_TRF_PWKR,Turkmenistan,0.10205
2014,BX_TRF_PWKR,Turkmenistan,0.06893
2015,BX_TRF_PWKR,Turkmenistan,0.04469
2016,BX_TRF_PWKR,Turkmenistan,0.02488
2018,BX_TRF_PWKR,Kyrgyzstan,32.50556
2019,BX_TRF_PWKR,Kyrgyzstan,27.17281
2020,BX_TRF_PWKR,Kyrgyzstan,31.31893
2000,BX_TRF_PWKR,Latvia,3.1685
2001,BX_TRF_PWKR,Latvia,3.2729
2002,BX_TRF_PWKR,Latvia,1.17777
2003,BX_TRF_PWKR,Latvia,1.33795
2004,BX_TRF_PWKR,Latvia,1.51407
2005,BX_TRF_PWKR,Latvia,2.22927
2006,BX_TRF_PWKR,Latvia,2.22591
2017,BX_TRF_PWKR,Turkmenistan,0.01055
2018,BX_TRF_PWKR,Turkmenistan,0.00491
2019,BX_TRF_PWKR,Turkmenistan,0.00221
2000,BX_TRF_PWKR,Ukraine,1.2942
2001,BX_TRF_PWKR,Ukraine,2.1089
2002,BX_TRF_PWKR,Ukraine,2.71178
2003,BX_TRF_PWKR,Ukraine,2.92827
2004,BX_TRF_PWKR,Ukraine,2.78637
2005,BX_TRF_PWKR,Ukraine,2.69836
2006,BX_TRF_PWKR,Ukraine,2.7725
2006,BX_TRF_PWKR,Bosnia and Herzegovina,16.70428
2007,BX_TRF_PWKR,Bosnia and Herzegovina,17.02551
2008,BX_TRF_PWKR,Bosnia and Herzegovina,14.21912
2009,BX_TRF_PWKR,Bosnia and Herzegovina,12.07592
2010,BX_TRF_PWKR,Bosnia and Herzegovina,10.60912
2011,BX_TRF_PWKR,Bosnia and Herzegovina,10.50287
2012,BX_TRF_PWKR,Bosnia and Herzegovina,10.7177
2013,BX_TRF_PWKR,Bosnia and Herzegovina,10.77455
2014,BX_TRF_PWKR,Bosnia and Herzegovina,11.3526
2015,BX_TRF_PWKR,Bosnia and Herzegovina,11.10439
2007,BX_TRF_PWKR,Latvia,1.77266
2008,BX_TRF_PWKR,Latvia,5.35621
2009,BX_TRF_PWKR,Latvia,6.0076
2010,BX_TRF_PWKR,Latvia,5.24861
2011,BX_TRF_PWKR,Latvia,5.48035
2012,BX_TRF_PWKR,Latvia,5.31985
2013,BX_TRF_PWKR,Latvia,5.31188
2014,BX_TRF_PWKR,Latvia,4.95605
2015,BX_TRF_PWKR,Latvia,4.90152
2016,BX_TRF_PWKR,Latvia,4.40038
2017,BX_TRF_PWKR,Latvia,4.1901
2007,BX_TRF_PWKR,Ukraine,3.55669
2008,BX_TRF_PWKR,Ukraine,3.60532
2009,BX_TRF_PWKR,Ukraine,4.88759
2010,BX_TRF_PWKR,Ukraine,4.62786
2011,BX_TRF_PWKR,Ukraine,4.6193
2012,BX_TRF_PWKR,Ukraine,4.62725
2013,BX_TRF_PWKR,Ukraine,5.07457
2014,BX_TRF_PWKR,Ukraine,5.50847
2015,BX_TRF_PWKR,Ukraine,9.30892
2016,BX_TRF_PWKR,Ukraine,10.14611
2017,BX_TRF_PWKR,Ukraine,10.82339
2018,BX_TRF_PWKR,Ukraine,11.22613
2019,BX_TRF_PWKR,Ukraine,10.25974
2020,BX_TRF_PWKR,Ukraine,9.78334
2000,BX_TRF_PWKR,North Macedonia,2.14482
2001,BX_TRF_PWKR,North Macedonia,1.97969
2002,BX_TRF_PWKR,North Macedonia,2.63547
2003,BX_TRF_PWKR,North Macedonia,3.51094
2004,BX_TRF_PWKR,North Macedonia,3.74844
2005,BX_TRF_PWKR,North Macedonia,3.62011
2018,BX_TRF_PWKR,Latvia,3.59567
2019,BX_TRF_PWKR,Latvia,3.33038
2020,BX_TRF_PWKR,Latvia,3.22882
2000,BX_TRF_PWKR,Lithuania,0.43335
2001,BX_TRF_PWKR,Lithuania,0.64679
2002,BX_TRF_PWKR,Lithuania,0.76613
2003,BX_TRF_PWKR,Lithuania,0.61141
2004,BX_TRF_PWKR,Lithuania,2.55217
2005,BX_TRF_PWKR,Lithuania,2.8557
2006,BX_TRF_PWKR,Lithuania,3.29453
2006,BX_TRF_PWKR,North Macedonia,3.88497
2007,BX_TRF_PWKR,North Macedonia,4.13856
2008,BX_TRF_PWKR,North Macedonia,4.10338
2009,BX_TRF_PWKR,North Macedonia,4.05408
2010,BX_TRF_PWKR,North Macedonia,4.12378
2011,BX_TRF_PWKR,North Macedonia,4.13663
2012,BX_TRF_PWKR,North Macedonia,4.04457
2013,BX_TRF_PWKR,North Macedonia,3.47641
2014,BX_TRF_PWKR,North Macedonia,3.22575
2015,BX_TRF_PWKR,North Macedonia,3.04691
2007,BX_TRF_PWKR,Lithuania,3.61
2008,BX_TRF_PWKR,Lithuania,3.27487
2009,BX_TRF_PWKR,Lithuania,3.31614
2010,BX_TRF_PWKR,Lithuania,4.50638
2011,BX_TRF_PWKR,Lithuania,4.49159
2012,BX_TRF_PWKR,Lithuania,3.511
2013,BX_TRF_PWKR,Lithuania,4.42767
2014,BX_TRF_PWKR,Lithuania,4.35418
2015,BX_TRF_PWKR,Lithuania,3.31447
2016,BX_TRF_PWKR,Lithuania,2.97534
2016,BX_TRF_PWKR,North Macedonia,2.72512
2017,BX_TRF_PWKR,North Macedonia,2.78144
2018,BX_TRF_PWKR,North Macedonia,2.71586
2019,BX_TRF_PWKR,North Macedonia,2.51531
2020,BX_TRF_PWKR,North Macedonia,3.36714
2000,BX_TRF_PWKR,United Kingdom of Great Britain and Northern Ireland,0.30529
2001,BX_TRF_PWKR,United Kingdom of Great Britain and Northern Ireland,0.30145
2002,BX_TRF_PWKR,United Kingdom of Great Britain and Northern Ireland,0.29343
2003,BX_TRF_PWKR,United Kingdom of Great Britain and Northern Ireland,0.27653
2004,BX_TRF_PWKR,United Kingdom of Great Britain and Northern Ireland,0.2452
2017,BX_TRF_PWKR,Lithuania,2.73411
2018,BX_TRF_PWKR,Lithuania,2.58164
2019,BX_TRF_PWKR,Lithuania,2.38392
2020,BX_TRF_PWKR,Lithuania,1.39809
2000,BX_TRF_PWKR,Luxembourg,2.7318
2001,BX_TRF_PWKR,Luxembourg,2.69847
2002,BX_TRF_PWKR,Luxembourg,3.51593
2003,BX_TRF_PWKR,Luxembourg,3.53681
2004,BX_TRF_PWKR,Luxembourg,3.36607
2005,BX_TRF_PWKR,Luxembourg,3.15683
2005,BX_TRF_PWKR,United Kingdom of Great Britain and Northern Ireland,0.23755
2006,BX_TRF_PWKR,United Kingdom of Great Britain and Northern Ireland,0.22472
2007,BX_TRF_PWKR,United Kingdom of Great Britain and Northern Ireland,0.21107
2008,BX_TRF_PWKR,United Kingdom of Great Britain and Northern Ireland,0.20399
2009,BX_TRF_PWKR,United Kingdom of Great Britain and Northern Ireland,0.21613
2010,BX_TRF_PWKR,United Kingdom of Great Britain and Northern Ireland,0.19876
2011,BX_TRF_PWKR,United Kingdom of Great Britain and Northern Ireland,0.19062
2012,BX_TRF_PWKR,United Kingdom of Great Britain and Northern Ireland,0.18185
2013,BX_TRF_PWKR,United Kingdom of Great Britain and Northern Ireland,0.17139
2014,BX_TRF_PWKR,United Kingdom of Great Britain and Northern Ireland,0.15987
2015,BX_TRF_PWKR,United Kingdom of Great Britain and Northern Ireland,0.16923
2016,BX_TRF_PWKR,United Kingdom of Great Britain and Northern Ireland,0.16829
2017,BX_TRF_PWKR,United Kingdom of Great Britain and Northern Ireland,0.15955
2018,BX_TRF_PWKR,United Kingdom of Great Britain and Northern Ireland,0.15133
2019,BX_TRF_PWKR,United Kingdom of Great Britain and Northern Ireland,0.14642
2020,BX_TRF_PWKR,United Kingdom of Great Britain and Northern Ireland,0.11769
2010,BX_TRF_PWKR,Uzbekistan,6.90741
2011,BX_TRF_PWKR,Uzbekistan,8.15909
2012,BX_TRF_PWKR,Uzbekistan,9.01938
2006,BX_TRF_PWKR,Luxembourg,3.01705
2007,BX_TRF_PWKR,Luxembourg,2.8712
2008,BX_TRF_PWKR,Luxembourg,2.83532
2009,BX_TRF_PWKR,Luxembourg,3.08978
2010,BX_TRF_PWKR,Luxembourg,2.97294
2011,BX_TRF_PWKR,Luxembourg,2.93858
2012,BX_TRF_PWKR,Luxembourg,2.87371
2013,BX_TRF_PWKR,Luxembourg,2.9479
2014,BX_TRF_PWKR,Luxembourg,2.74778
2015,BX_TRF_PWKR,Luxembourg,2.78985
2013,BX_TRF_PWKR,Uzbekistan,8.805
2014,BX_TRF_PWKR,Uzbekistan,8.42993
2015,BX_TRF_PWKR,Uzbekistan,5.61878
2016,BX_TRF_PWKR,Uzbekistan,6.72763
2017,BX_TRF_PWKR,Uzbekistan,11.48518
2018,BX_TRF_PWKR,Uzbekistan,14.45784
2019,BX_TRF_PWKR,Uzbekistan,14.26497
2020,BX_TRF_PWKR,Uzbekistan,11.64659
2016,BX_TRF_PWKR,Luxembourg,2.79837
2017,BX_TRF_PWKR,Luxembourg,2.91005
2018,BX_TRF_PWKR,Luxembourg,2.94483
2019,BX_TRF_PWKR,Luxembourg,2.9081
2020,BX_TRF_PWKR,Luxembourg,2.91518
2000,BX_TRF_PWKR,Malta,0.42995
2001,BX_TRF_PWKR,Malta,0.31627
2002,BX_TRF_PWKR,Malta,0.47426
2003,BX_TRF_PWKR,Malta,0.47344
2004,BX_TRF_PWKR,Malta,5.23474
2005,BX_TRF_PWKR,Malta,3.46129
2006,BX_TRF_PWKR,Malta,3.08035
2007,BX_TRF_PWKR,Malta,2.89307
2008,BX_TRF_PWKR,Malta,2.90925
2009,BX_TRF_PWKR,Malta,2.98864
2010,BX_TRF_PWKR,Malta,2.54059
2011,BX_TRF_PWKR,Malta,2.35633
2012,BX_TRF_PWKR,Malta,2.11481
2013,BX_TRF_PWKR,Malta,2.33023
2014,BX_TRF_PWKR,Malta,2.17421
2015,BX_TRF_PWKR,Malta,2.47398
2016,BX_TRF_PWKR,Malta,2.14502
2017,BX_TRF_PWKR,Malta,2.03872
2018,BX_TRF_PWKR,Malta,1.86572
2019,BX_TRF_PWKR,Malta,1.73869
2020,BX_TRF_PWKR,Malta,1.91161
2000,BX_TRF_PWKR,Mexico,1.06296
2001,BX_TRF_PWKR,Mexico,1.34085
2002,BX_TRF_PWKR,Mexico,1.42849
2003,BX_TRF_PWKR,Mexico,2.2834
2004,BX_TRF_PWKR,Mexico,2.53908
2005,BX_TRF_PWKR,Mexico,2.59173
2006,BX_TRF_PWKR,Mexico,2.72126
2007,BX_TRF_PWKR,Mexico,2.55343
2008,BX_TRF_PWKR,Mexico,2.3461
2009,BX_TRF_PWKR,Mexico,2.45274
2010,BX_TRF_PWKR,Mexico,2.08737
2011,BX_TRF_PWKR,Mexico,1.9861
2012,BX_TRF_PWKR,Mexico,1.9323
2013,BX_TRF_PWKR,Mexico,1.81953
2014,BX_TRF_PWKR,Mexico,1.88559
2015,BX_TRF_PWKR,Mexico,2.23858
2016,BX_TRF_PWKR,Mexico,2.66029
2017,BX_TRF_PWKR,Mexico,2.78455
2018,BX_TRF_PWKR,Mexico,2.92606
2019,BX_TRF_PWKR,Mexico,3.07395
2020,BX_TRF_PWKR,Mexico,3.9927
2000,BX_TRF_PWKR,Republic of Moldova,13.78267
2001,BX_TRF_PWKR,Republic of Moldova,16.3581
2002,BX_TRF_PWKR,Republic of Moldova,19.41187
2003,BX_TRF_PWKR,Republic of Moldova,24.43426
2004,BX_TRF_PWKR,Republic of Moldova,26.99394
2005,BX_TRF_PWKR,Republic of Moldova,30.62159
2006,BX_TRF_PWKR,Republic of Moldova,34.49928
2007,BX_TRF_PWKR,Republic of Moldova,33.88311
2008,BX_TRF_PWKR,Republic of Moldova,31.18195
2009,BX_TRF_PWKR,Republic of Moldova,24.86202
2010,BX_TRF_PWKR,Republic of Moldova,25.13032
2011,BX_TRF_PWKR,Republic of Moldova,21.5478
2012,BX_TRF_PWKR,Republic of Moldova,22.80862
2013,BX_TRF_PWKR,Republic of Moldova,23.0769
2014,BX_TRF_PWKR,Republic of Moldova,21.82831
2015,BX_TRF_PWKR,Republic of Moldova,19.88475
2016,BX_TRF_PWKR,Republic of Moldova,18.17783
2017,BX_TRF_PWKR,Republic of Moldova,16.93806
2018,BX_TRF_PWKR,Republic of Moldova,16.04236
2019,BX_TRF_PWKR,Republic of Moldova,15.95549
2020,BX_TRF_PWKR,Republic of Moldova,15.74934
2005,BX_TRF_PWKR,Montenegro,0.0
2006,BX_TRF_PWKR,Montenegro,0.0
2007,BX_TRF_PWKR,Montenegro,5.33661
2008,BX_TRF_PWKR,Montenegro,6.55798
2009,BX_TRF_PWKR,Montenegro,7.28879
2010,BX_TRF_PWKR,Montenegro,10.04016
2011,BX_TRF_PWKR,Montenegro,11.21368
2012,BX_TRF_PWKR,Montenegro,12.41524
2013,BX_TRF_PWKR,Montenegro,12.21498
2014,BX_TRF_PWKR,Montenegro,11.84313
2015,BX_TRF_PWKR,Montenegro,11.59005
2016,BX_TRF_PWKR,Montenegro,10.99291
2017,BX_TRF_PWKR,Montenegro,10.79549
2018,BX_TRF_PWKR,Montenegro,10.69931
2019,BX_TRF_PWKR,Montenegro,10.54212
2020,BX_TRF_PWKR,Montenegro,12.59373
2000,BX_TRF_PWKR,Netherlands (Kingdom of the),0.10225
2001,BX_TRF_PWKR,Netherlands (Kingdom of the),0.11195
2002,BX_TRF_PWKR,Netherlands (Kingdom of the),0.10265
2003,BX_TRF_PWKR,Netherlands (Kingdom of the),0.19362
2004,BX_TRF_PWKR,Netherlands (Kingdom of the),0.19756
2005,BX_TRF_PWKR,Netherlands (Kingdom of the),0.18373
2006,BX_TRF_PWKR,Netherlands (Kingdom of the),0.21172
2007,BX_TRF_PWKR,Netherlands (Kingdom of the),0.19236
2008,BX_TRF_PWKR,Netherlands (Kingdom of the),0.17396
2009,BX_TRF_PWKR,Netherlands (Kingdom of the),0.19735
2010,BX_TRF_PWKR,Netherlands (Kingdom of the),0.20318
2011,BX_TRF_PWKR,Netherlands (Kingdom of the),0.19785
2012,BX_TRF_PWKR,Netherlands (Kingdom of the),0.1955
2013,BX_TRF_PWKR,Netherlands (Kingdom of the),0.18458
2014,BX_TRF_PWKR,Netherlands (Kingdom of the),0.1664
2015,BX_TRF_PWKR,Netherlands (Kingdom of the),0.3003
2016,BX_TRF_PWKR,Netherlands (Kingdom of the),0.27566
2017,BX_TRF_PWKR,Netherlands (Kingdom of the),0.26767
2018,BX_TRF_PWKR,Netherlands (Kingdom of the),0.27104
2019,BX_TRF_PWKR,Netherlands (Kingdom of the),0.24803
2020,BX_TRF_PWKR,Netherlands (Kingdom of the),0.25813
2000,BX_TRF_PWKR,New Zealand,0.40914
2001,BX_TRF_PWKR,New Zealand,0.40614
2002,BX_TRF_PWKR,New Zealand,0.34899
2003,BX_TRF_PWKR,New Zealand,0.32908
2004,BX_TRF_PWKR,New Zealand,0.31016
2005,BX_TRF_PWKR,New Zealand,0.30687
2006,BX_TRF_PWKR,New Zealand,0.30006
2007,BX_TRF_PWKR,New Zealand,0.27965
2008,BX_TRF_PWKR,New Zealand,0.3165
2009,BX_TRF_PWKR,New Zealand,0.27275
2010,BX_TRF_PWKR,New Zealand,0.25287
2011,BX_TRF_PWKR,New Zealand,0.27055
2012,BX_TRF_PWKR,New Zealand,0.26207
2013,BX_TRF_PWKR,New Zealand,0.24056
2014,BX_TRF_PWKR,New Zealand,0.26581
2015,BX_TRF_PWKR,New Zealand,0.29862
2016,BX_TRF_PWKR,New Zealand,0.27949
2017,BX_TRF_PWKR,New Zealand,0.26025
2018,BX_TRF_PWKR,New Zealand,0.23982
2019,BX_TRF_PWKR,New Zealand,0.21746
2020,BX_TRF_PWKR,New Zealand,0.0701
2000,BX_TRF_PWKR,Norway,0.15793
2001,BX_TRF_PWKR,Norway,0.16035
2002,BX_TRF_PWKR,Norway,0.17012
2003,BX_TRF_PWKR,Norway,0.17115
2004,BX_TRF_PWKR,Norway,0.17579
2005,BX_TRF_PWKR,Norway,0.16358
2006,BX_TRF_PWKR,Norway,0.15303
2007,BX_TRF_PWKR,Norway,0.15381
2008,BX_TRF_PWKR,Norway,0.14818
2009,BX_TRF_PWKR,Norway,0.16351
2010,BX_TRF_PWKR,Norway,0.15859
2011,BX_TRF_PWKR,Norway,0.15353
2012,BX_TRF_PWKR,Norway,0.15045
2013,BX_TRF_PWKR,Norway,0.1514
2014,BX_TRF_PWKR,Norway,0.15247
2015,BX_TRF_PWKR,Norway,0.15784
2016,BX_TRF_PWKR,Norway,0.16094
2017,BX_TRF_PWKR,Norway,0.15456
2018,BX_TRF_PWKR,Norway,0.14745
2019,BX_TRF_PWKR,Norway,0.15206
2020,BX_TRF_PWKR,Norway,0.16359
2016,BX_TRF_PWKR,Bosnia and Herzegovina,10.91382
2017,BX_TRF_PWKR,Bosnia and Herzegovina,11.15584
2018,BX_TRF_PWKR,Bosnia and Herzegovina,11.2149
2019,BX_TRF_PWKR,Bosnia and Herzegovina,11.37244
2020,BX_TRF_PWKR,Bosnia and Herzegovina,9.31514
2000,BX_TRF_PWKR,Bulgaria,0.43965
2001,BX_TRF_PWKR,Bulgaria,5.82508
2002,BX_TRF_PWKR,Bulgaria,7.17529
2003,BX_TRF_PWKR,Bulgaria,8.12715
2004,BX_TRF_PWKR,Bulgaria,6.58604
2005,BX_TRF_PWKR,Bulgaria,5.3999
2006,BX_TRF_PWKR,Bulgaria,4.99257
2007,BX_TRF_PWKR,Bulgaria,3.81387
2008,BX_TRF_PWKR,Bulgaria,3.52441
2009,BX_TRF_PWKR,Bulgaria,3.05976
2010,BX_TRF_PWKR,Bulgaria,2.62994
2011,BX_TRF_PWKR,Bulgaria,2.57149
2012,BX_TRF_PWKR,Bulgaria,2.66825
2013,BX_TRF_PWKR,Bulgaria,2.98684
2014,BX_TRF_PWKR,Bulgaria,2.95144
2015,BX_TRF_PWKR,Bulgaria,2.94344
2016,BX_TRF_PWKR,Bulgaria,3.08702
2017,BX_TRF_PWKR,Bulgaria,3.70542
2018,BX_TRF_PWKR,Bulgaria,3.62885
2019,BX_TRF_PWKR,Bulgaria,3.39891
2020,BX_TRF_PWKR,Bulgaria,1.36633
2000,BX_TRF_PWKR,Belarus,0.89647
2001,BX_TRF_PWKR,Belarus,0.54392
2002,BX_TRF_PWKR,Belarus,0.55227
2003,BX_TRF_PWKR,Belarus,0.92047
2004,BX_TRF_PWKR,Belarus,1.03438
2005,BX_TRF_PWKR,Belarus,0.65745
2006,BX_TRF_PWKR,Belarus,0.72576
2007,BX_TRF_PWKR,Belarus,0.63674
2008,BX_TRF_PWKR,Belarus,0.95995
2009,BX_TRF_PWKR,Belarus,0.99029
2010,BX_TRF_PWKR,Belarus,1.00537
2011,BX_TRF_PWKR,Belarus,1.44209
2012,BX_TRF_PWKR,Belarus,1.60326
2013,BX_TRF_PWKR,Belarus,1.60669
2014,BX_TRF_PWKR,Belarus,1.56229
2015,BX_TRF_PWKR,Belarus,1.64999
2016,BX_TRF_PWKR,Belarus,2.04641
2017,BX_TRF_PWKR,Belarus,2.29103
2018,BX_TRF_PWKR,Belarus,2.40841
2019,BX_TRF_PWKR,Belarus,2.20278
2020,BX_TRF_PWKR,Belarus,1.68226
2000,BX_TRF_PWKR,Canada,0.07446
2001,BX_TRF_PWKR,Canada,0.08271
2002,BX_TRF_PWKR,Canada,0.08352
2003,BX_TRF_PWKR,Canada,0.07507
2004,BX_TRF_PWKR,Canada,0.08061
2005,BX_TRF_PWKR,Canada,0.07959
2006,BX_TRF_PWKR,Canada,0.0823
2007,BX_TRF_PWKR,Canada,0.08016
2008,BX_TRF_PWKR,Canada,0.08367
2009,BX_TRF_PWKR,Canada,0.08704
2010,BX_TRF_PWKR,Canada,0.07414
2011,BX_TRF_PWKR,Canada,0.06844
2012,BX_TRF_PWKR,Canada,0.06862
2013,BX_TRF_PWKR,Canada,0.07238
2014,BX_TRF_PWKR,Canada,0.07483
2015,BX_TRF_PWKR,Canada,0.08187
2016,BX_TRF_PWKR,Canada,0.08438
2017,BX_TRF_PWKR,Canada,0.07689
2018,BX_TRF_PWKR,Canada,0.07509
2019,BX_TRF_PWKR,Canada,0.0753
2020,BX_TRF_PWKR,Canada,0.04995
2000,BX_TRF_PWKR,Chile,0.01708
2001,BX_TRF_PWKR,Chile,0.01677
2002,BX_TRF_PWKR,Chile,0.01778
2003,BX_TRF_PWKR,Chile,0.0156
2004,BX_TRF_PWKR,Chile,0.01169
2005,BX_TRF_PWKR,Chile,0.0
2006,BX_TRF_PWKR,Chile,0.0
2007,BX_TRF_PWKR,Chile,0.0
2008,BX_TRF_PWKR,Chile,0.0
2009,BX_TRF_PWKR,Chile,0.03013
2010,BX_TRF_PWKR,Chile,0.02852
2011,BX_TRF_PWKR,Chile,0.02811
2012,BX_TRF_PWKR,Chile,0.02697
2013,BX_TRF_PWKR,Chile,0.02554
2014,BX_TRF_PWKR,Chile,0.02326
2015,BX_TRF_PWKR,Chile,0.02419
2016,BX_TRF_PWKR,Chile,0.02578
2017,BX_TRF_PWKR,Chile,0.02402
2018,BX_TRF_PWKR,Chile,0.02348
2019,BX_TRF_PWKR,Chile,0.02483
2020,BX_TRF_PWKR,Chile,0.02804
2000,BX_TRF_PWKR,China,0.06258
2001,BX_TRF_PWKR,China,0.09026
2002,BX_TRF_PWKR,China,0.16001
2003,BX_TRF_PWKR,China,0.27859
2004,BX_TRF_PWKR,China,0.33964
2005,BX_TRF_PWKR,China,0.14598
2006,BX_TRF_PWKR,China,0.15695
2007,BX_TRF_PWKR,China,0.19246
2008,BX_TRF_PWKR,China,0.19887
2009,BX_TRF_PWKR,China,0.18052
2010,BX_TRF_PWKR,China,0.22401
2011,BX_TRF_PWKR,China,0.21941
2012,BX_TRF_PWKR,China,0.20001
2013,BX_TRF_PWKR,China,0.18589
2014,BX_TRF_PWKR,China,0.28552
2015,BX_TRF_PWKR,China,0.29928
2016,BX_TRF_PWKR,China,0.23932
2017,BX_TRF_PWKR,China,0.23294
2018,BX_TRF_PWKR,China,0.17493
2019,BX_TRF_PWKR,China,0.12811
2020,BX_TRF_PWKR,China,0.12839
2000,BX_TRF_PWKR,Colombia,1.61195
2001,BX_TRF_PWKR,Colombia,2.0938
2002,BX_TRF_PWKR,Colombia,2.53151
2003,BX_TRF_PWKR,Colombia,3.25018
2004,BX_TRF_PWKR,Colombia,2.72435
2005,BX_TRF_PWKR,Colombia,2.29751
2006,BX_TRF_PWKR,Colombia,2.41257
2007,BX_TRF_PWKR,Colombia,2.16323
2008,BX_TRF_PWKR,Colombia,1.99303
2009,BX_TRF_PWKR,Colombia,1.77491
2010,BX_TRF_PWKR,Colombia,1.40662
2011,BX_TRF_PWKR,Colombia,1.22448
2012,BX_TRF_PWKR,Colombia,1.08343
2013,BX_TRF_PWKR,Colombia,1.16452
2014,BX_TRF_PWKR,Colombia,1.09305
2015,BX_TRF_PWKR,Colombia,1.70423
2016,BX_TRF_PWKR,Colombia,1.83575
2017,BX_TRF_PWKR,Colombia,1.86569
2018,BX_TRF_PWKR,Colombia,1.99734
2019,BX_TRF_PWKR,Colombia,2.19996
2020,BX_TRF_PWKR,Colombia,2.55274
2000,BX_TRF_PWKR,Costa Rica,0.90568
2001,BX_TRF_PWKR,Costa Rica,1.24212
2002,BX_TRF_PWKR,Costa Rica,1.51185
2003,BX_TRF_PWKR,Costa Rica,1.85783
2004,BX_TRF_PWKR,Costa Rica,1.71701
2005,BX_TRF_PWKR,Costa Rica,2.09747
2006,BX_TRF_PWKR,Costa Rica,2.25905
2007,BX_TRF_PWKR,Costa Rica,2.29841
2008,BX_TRF_PWKR,Costa Rica,1.96342
2009,BX_TRF_PWKR,Costa Rica,1.66882
2010,BX_TRF_PWKR,Costa Rica,1.40921
2011,BX_TRF_PWKR,Costa Rica,1.21653
2012,BX_TRF_PWKR,Costa Rica,1.19061
2013,BX_TRF_PWKR,Costa Rica,1.17057
2014,BX_TRF_PWKR,Costa Rica,1.1418
2015,BX_TRF_PWKR,Costa Rica,0.97798
2016,BX_TRF_PWKR,Costa Rica,0.92685
2017,BX_TRF_PWKR,Costa Rica,0.92598
2018,BX_TRF_PWKR,Costa Rica,0.85471
2019,BX_TRF_PWKR,Costa Rica,0.86367
2020,BX_TRF_PWKR,Costa Rica,0.84853
2000,BX_TRF_PWKR,Croatia,3.74135
2001,BX_TRF_PWKR,Croatia,3.98679
2002,BX_TRF_PWKR,Croatia,4.03716
2003,BX_TRF_PWKR,Croatia,3.77723
2004,BX_TRF_PWKR,Croatia,3.70733
2005,BX_TRF_PWKR,Croatia,4.09449
2006,BX_TRF_PWKR,Croatia,3.7871
2007,BX_TRF_PWKR,Croatia,3.68139
2008,BX_TRF_PWKR,Croatia,3.54104
2009,BX_TRF_PWKR,Croatia,3.59652
2010,BX_TRF_PWKR,Croatia,3.78488
2011,BX_TRF_PWKR,Croatia,3.99563
2012,BX_TRF_PWKR,Croatia,3.64507
2013,BX_TRF_PWKR,Croatia,4.70179
2014,BX_TRF_PWKR,Croatia,4.75708
2015,BX_TRF_PWKR,Croatia,5.33648
2016,BX_TRF_PWKR,Croatia,6.16388
2017,BX_TRF_PWKR,Croatia,6.51571
2018,BX_TRF_PWKR,Croatia,6.44842
2019,BX_TRF_PWKR,Croatia,6.87653
2020,BX_TRF_PWKR,Croatia,7.34817
2000,BX_TRF_PWKR,Cyprus,0.4505
2001,BX_TRF_PWKR,Cyprus,0.74871
2002,BX_TRF_PWKR,Cyprus,0.18091
2003,BX_TRF_PWKR,Cyprus,0.21869
2004,BX_TRF_PWKR,Cyprus,0.44682
2005,BX_TRF_PWKR,Cyprus,0.56863
2006,BX_TRF_PWKR,Cyprus,0.52066
2007,BX_TRF_PWKR,Cyprus,0.59317
2008,BX_TRF_PWKR,Cyprus,3.40683
2009,BX_TRF_PWKR,Cyprus,2.28716
2010,BX_TRF_PWKR,Cyprus,3.34883
2011,BX_TRF_PWKR,Cyprus,2.68637
2012,BX_TRF_PWKR,Cyprus,2.40654
2013,BX_TRF_PWKR,Cyprus,1.80328
2014,BX_TRF_PWKR,Cyprus,1.39522
2015,BX_TRF_PWKR,Cyprus,1.50107
2016,BX_TRF_PWKR,Cyprus,1.86878
2017,BX_TRF_PWKR,Cyprus,2.03079
2018,BX_TRF_PWKR,Cyprus,2.04207
2019,BX_TRF_PWKR,Cyprus,2.0777
2020,BX_TRF_PWKR,Cyprus,2.16877
2000,BX_TRF_PWKR,Czechia,0.47545
2001,BX_TRF_PWKR,Czechia,0.37822
2002,BX_TRF_PWKR,Czechia,0.40472
2003,BX_TRF_PWKR,Czechia,0.49327
2004,BX_TRF_PWKR,Czechia,1.01983
2005,BX_TRF_PWKR,Czechia,0.97746
2006,BX_TRF_PWKR,Czechia,1.02599
2007,BX_TRF_PWKR,Czechia,0.96067
2008,BX_TRF_PWKR,Czechia,0.47904
2009,BX_TRF_PWKR,Czechia,0.5766
2010,BX_TRF_PWKR,Czechia,0.58787
2011,BX_TRF_PWKR,Czechia,0.60738
2012,BX_TRF_PWKR,Czechia,0.67468
2013,BX_TRF_PWKR,Czechia,0.82097
2014,BX_TRF_PWKR,Czechia,1.25539
2015,BX_TRF_PWKR,Czechia,1.42253
2016,BX_TRF_PWKR,Czechia,1.59288
2017,BX_TRF_PWKR,Czechia,1.63986
2018,BX_TRF_PWKR,Czechia,1.58104
2019,BX_TRF_PWKR,Czechia,1.5287
2020,BX_TRF_PWKR,Czechia,1.70555
2000,BX_TRF_PWKR,Denmark,0.40602
2001,BX_TRF_PWKR,Denmark,0.42394
2002,BX_TRF_PWKR,Denmark,0.43936
2003,BX_TRF_PWKR,Denmark,0.43127
2004,BX_TRF_PWKR,Denmark,0.42781
2005,BX_TRF_PWKR,Denmark,0.25186
2006,BX_TRF_PWKR,Denmark,0.26168
2007,BX_TRF_PWKR,Denmark,0.25772
2008,BX_TRF_PWKR,Denmark,0.29763
2009,BX_TRF_PWKR,Denmark,0.31723
2010,BX_TRF_PWKR,Denmark,0.28742
2011,BX_TRF_PWKR,Denmark,0.33427
2012,BX_TRF_PWKR,Denmark,0.36138
2013,BX_TRF_PWKR,Denmark,0.39896
2014,BX_TRF_PWKR,Denmark,0.42013
2015,BX_TRF_PWKR,Denmark,0.41571
2016,BX_TRF_PWKR,Denmark,0.39826
2017,BX_TRF_PWKR,Denmark,0.39577
2018,BX_TRF_PWKR,Denmark,0.39662
2019,BX_TRF_PWKR,Denmark,0.41761
2020,BX_TRF_PWKR,Denmark,0.41797
2000,BX_TRF_PWKR,Estonia,0.07127
2001,BX_TRF_PWKR,Estonia,0.1762
2002,BX_TRF_PWKR,Estonia,0.25989
2003,BX_TRF_PWKR,Estonia,0.51861
2004,BX_TRF_PWKR,Estonia,1.37395
2005,BX_TRF_PWKR,Estonia,1.80487
2006,BX_TRF_PWKR,Estonia,2.3036
2007,BX_TRF_PWKR,Estonia,1.69843
2008,BX_TRF_PWKR,Estonia,1.71036
2009,BX_TRF_PWKR,Estonia,1.73204
2010,BX_TRF_PWKR,Estonia,1.829
2011,BX_TRF_PWKR,Estonia,1.89207
2012,BX_TRF_PWKR,Estonia,2.00116
2013,BX_TRF_PWKR,Estonia,2.24941
2014,BX_TRF_PWKR,Estonia,2.04493
2015,BX_TRF_PWKR,Estonia,1.99848
2016,BX_TRF_PWKR,Estonia,2.02225
2017,BX_TRF_PWKR,Estonia,1.88061
2018,BX_TRF_PWKR,Estonia,1.87174
2019,BX_TRF_PWKR,Estonia,1.74555
2020,BX_TRF_PWKR,Estonia,1.65287
2000,BX_TRF_PWKR,Finland,0.37606
2001,BX_TRF_PWKR,Finland,0.37916
2002,BX_TRF_PWKR,Finland,0.34146
2003,BX_TRF_PWKR,Finland,0.30733
2004,BX_TRF_PWKR,Finland,0.33833
2005,BX_TRF_PWKR,Finland,0.33801
2006,BX_TRF_PWKR,Finland,0.32954
2007,BX_TRF_PWKR,Finland,0.31476
2008,BX_TRF_PWKR,Finland,0.33709
2009,BX_TRF_PWKR,Finland,0.34288
2010,BX_TRF_PWKR,Finland,0.3587
2011,BX_TRF_PWKR,Finland,0.27469
2012,BX_TRF_PWKR,Finland,0.33376
2013,BX_TRF_PWKR,Finland,0.3956
2014,BX_TRF_PWKR,Finland,0.38927
2015,BX_TRF_PWKR,Finland,0.36914
2016,BX_TRF_PWKR,Finland,0.35783
2017,BX_TRF_PWKR,Finland,0.35617
2018,BX_TRF_PWKR,Finland,0.30519
2019,BX_TRF_PWKR,Finland,0.29689
2020,BX_TRF_PWKR,Finland,0.30146
2000,BX_TRF_PWKR,France,0.6511
2001,BX_TRF_PWKR,France,0.66796
2002,BX_TRF_PWKR,France,0.70932
2003,BX_TRF_PWKR,France,0.6646
2004,BX_TRF_PWKR,France,0.63064
2005,BX_TRF_PWKR,France,0.64682
2006,BX_TRF_PWKR,France,0.67003
2007,BX_TRF_PWKR,France,0.66184
2008,BX_TRF_PWKR,France,0.68825
2009,BX_TRF_PWKR,France,0.73099
2010,BX_TRF_PWKR,France,0.75298
2011,BX_TRF_PWKR,France,0.80178
2012,BX_TRF_PWKR,France,0.84455
2013,BX_TRF_PWKR,France,0.86843
2014,BX_TRF_PWKR,France,0.88909
2015,BX_TRF_PWKR,France,0.98708
2016,BX_TRF_PWKR,France,0.97287
2017,BX_TRF_PWKR,France,0.96126
2018,BX_TRF_PWKR,France,0.94025
2019,BX_TRF_PWKR,France,0.95914
2020,BX_TRF_PWKR,France,0.95585
2000,BX_TRF_PWKR,Georgia,6.73529
2001,BX_TRF_PWKR,Georgia,6.7911
2002,BX_TRF_PWKR,Georgia,6.66511
2003,BX_TRF_PWKR,Georgia,6.22491
2004,BX_TRF_PWKR,Georgia,6.99638
2005,BX_TRF_PWKR,Georgia,6.95707
2006,BX_TRF_PWKR,Georgia,8.09964
2007,BX_TRF_PWKR,Georgia,8.68058
2008,BX_TRF_PWKR,Georgia,8.32368
2009,BX_TRF_PWKR,Georgia,10.32448
2010,BX_TRF_PWKR,Georgia,9.66991
2011,BX_TRF_PWKR,Georgia,10.2418
2012,BX_TRF_PWKR,Georgia,10.73552
2013,BX_TRF_PWKR,Georgia,11.31667
2014,BX_TRF_PWKR,Georgia,11.2695
2015,BX_TRF_PWKR,Georgia,9.75489
2016,BX_TRF_PWKR,Georgia,10.04365
2017,BX_TRF_PWKR,Georgia,11.04448
2018,BX_TRF_PWKR,Georgia,11.55865
2019,BX_TRF_PWKR,Georgia,12.92086
2020,BX_TRF_PWKR,Georgia,13.3131
2000,BX_TRF_PWKR,Germany,0.18545
2001,BX_TRF_PWKR,Germany,0.19973
2002,BX_TRF_PWKR,Germany,0.22496
2003,BX_TRF_PWKR,Germany,0.23029
2004,BX_TRF_PWKR,Germany,0.23194
2005,BX_TRF_PWKR,Germany,0.24119
2006,BX_TRF_PWKR,Germany,0.25012
2007,BX_TRF_PWKR,Germany,0.2855
2008,BX_TRF_PWKR,Germany,0.2942
2009,BX_TRF_PWKR,Germany,0.36332
2010,BX_TRF_PWKR,Germany,0.37655
2011,BX_TRF_PWKR,Germany,0.4096
2012,BX_TRF_PWKR,Germany,0.41496
2013,BX_TRF_PWKR,Germany,0.43924
2014,BX_TRF_PWKR,Germany,0.43964
2015,BX_TRF_PWKR,Germany,0.46415
2016,BX_TRF_PWKR,Germany,0.43829
2017,BX_TRF_PWKR,Germany,0.42611
2018,BX_TRF_PWKR,Germany,0.42481
2019,BX_TRF_PWKR,Germany,0.46989
2020,BX_TRF_PWKR,Germany,0.46534
2020,BX_TRF_PWKR,Germany,0.46534
