Year,SeriesCode,GeoAreaName,Value
2016,DC_ENVTECH_EXP,Poland,14025755159
2017,DC_ENVTECH_EXP,Poland,15522327528
2018,DC_ENVTECH_EXP,Poland,19471197554
2019,DC_ENVTECH_EXP,Poland,19162053799
2020,DC_ENVTECH_EXP,Poland,21663772871
2010,DC_ENVTECH_EXP,Portugal,2456473956
2011,DC_ENVTECH_EXP,Portugal,2777380070
2012,DC_ENVTECH_EXP,Portugal,2969218543
2013,DC_ENVTECH_EXP,Portugal,3346743009
2014,DC_ENVTECH_EXP,Portugal,3565401870
2015,DC_ENVTECH_EXP,Portugal,3153950276
2016,DC_ENVTECH_EXP,Portugal,3240042258
2017,DC_ENVTECH_EXP,Portugal,3675468708
2018,DC_ENVTECH_EXP,Portugal,4245609613
2019,DC_ENVTECH_EXP,Portugal,4064431361
2020,DC_ENVTECH_EXP,Portugal,3993927776
2010,DC_ENVTECH_EXP,Romania,2836618394
2011,DC_ENVTECH_EXP,Romania,3842187508
2012,DC_ENVTECH_EXP,Romania,3707827769
2013,DC_ENVTECH_EXP,Romania,3685684080
2014,DC_ENVTECH_EXP,Romania,4530973885
2015,DC_ENVTECH_EXP,Romania,4365490390
2016,DC_ENVTECH_EXP,Romania,4958856069
2017,DC_ENVTECH_EXP,Romania,5644580193
2018,DC_ENVTECH_EXP,Romania,6829158346
2019,DC_ENVTECH_EXP,Romania,7161552375
2020,DC_ENVTECH_EXP,Romania,6734344363
2010,DC_ENVTECH_EXP,Serbia,578753317
2011,DC_ENVTECH_EXP,Serbia,788781499
2012,DC_ENVTECH_EXP,Serbia,764712582
2013,DC_ENVTECH_EXP,Serbia,861336955
2014,DC_ENVTECH_EXP,Serbia,913556264
2015,DC_ENVTECH_EXP,Serbia,874753390
2016,DC_ENVTECH_EXP,Serbia,1102833861
2017,DC_ENVTECH_EXP,Serbia,1170642835
2018,DC_ENVTECH_EXP,Serbia,1298094222
2019,DC_ENVTECH_EXP,Serbia,1512985999
2020,DC_ENVTECH_EXP,Serbia,1588114042
2010,DC_ENVTECH_EXP,Slovakia,4152386411
2011,DC_ENVTECH_EXP,Slovakia,5003491589
2012,DC_ENVTECH_EXP,Slovakia,4853753154
2013,DC_ENVTECH_EXP,Slovakia,5261305982
2014,DC_ENVTECH_EXP,Slovakia,5209122193
2015,DC_ENVTECH_EXP,Slovakia,4823793289
2016,DC_ENVTECH_EXP,Slovakia,4927848072
2017,DC_ENVTECH_EXP,Slovakia,5428742641
2018,DC_ENVTECH_EXP,Slovakia,6153886362
2019,DC_ENVTECH_EXP,Slovakia,6393722605
2020,DC_ENVTECH_EXP,Slovakia,6080854064
2010,DC_ENVTECH_EXP,Viet Nam,1554612112
2011,DC_ENVTECH_EXP,Viet Nam,2262129026
2012,DC_ENVTECH_EXP,Viet Nam,3005077053
2013,DC_ENVTECH_EXP,Viet Nam,3288006331
2014,DC_ENVTECH_EXP,Viet Nam,3960305309
2015,DC_ENVTECH_EXP,Viet Nam,4594486587
2016,DC_ENVTECH_EXP,Viet Nam,6904453631
2017,DC_ENVTECH_EXP,Viet Nam,10918398254
2018,DC_ENVTECH_EXP,Viet Nam,11424028733
2019,DC_ENVTECH_EXP,Viet Nam,12418332746
2020,DC_ENVTECH_EXP,Viet Nam,12952955470
2010,DC_ENVTECH_EXP,Slovenia,2278819933
2011,DC_ENVTECH_EXP,Slovenia,2661763577
2012,DC_ENVTECH_EXP,Slovenia,2530212574
2013,DC_ENVTECH_EXP,Slovenia,2644660298
2014,DC_ENVTECH_EXP,Slovenia,2702849782
2015,DC_ENVTECH_EXP,Slovenia,2380386053
2016,DC_ENVTECH_EXP,Slovenia,2523720066
2017,DC_ENVTECH_EXP,Slovenia,2763163382
2018,DC_ENVTECH_EXP,Slovenia,3095672316
2019,DC_ENVTECH_EXP,Slovenia,3058313295
2020,DC_ENVTECH_EXP,Slovenia,3077073427
2010,DC_ENVTECH_EXP,Spain,15415309086
2011,DC_ENVTECH_EXP,Spain,17338427267
2012,DC_ENVTECH_EXP,Spain,15350563182
2013,DC_ENVTECH_EXP,Spain,16096606973
2014,DC_ENVTECH_EXP,Spain,16207288522
2015,DC_ENVTECH_EXP,Spain,14555502752
2016,DC_ENVTECH_EXP,Spain,14578033789
2010,DC_ENVTECH_EXP,Albania,17818504
2011,DC_ENVTECH_EXP,Albania,33938632
2012,DC_ENVTECH_EXP,Albania,23056602
2013,DC_ENVTECH_EXP,Albania,26029001
2014,DC_ENVTECH_EXP,Albania,18540180
2015,DC_ENVTECH_EXP,Albania,22304768
2016,DC_ENVTECH_EXP,Albania,27481872
2017,DC_ENVTECH_EXP,Albania,7381704
2018,DC_ENVTECH_EXP,Albania,2044875
2019,DC_ENVTECH_EXP,Albania,6345410
2020,DC_ENVTECH_EXP,Albania,22616537
2010,DC_ENVTECH_EXP,Azerbaijan,20216343
2011,DC_ENVTECH_EXP,Azerbaijan,21202388
2017,DC_ENVTECH_EXP,Spain,15201019787
2018,DC_ENVTECH_EXP,Spain,16557830072
2019,DC_ENVTECH_EXP,Spain,16235901662
2020,DC_ENVTECH_EXP,Spain,15890570081
2010,DC_ENVTECH_EXP,Sweden,12930814873
2011,DC_ENVTECH_EXP,Sweden,14344356207
2012,DC_ENVTECH_EXP,Sweden,13523221562
2013,DC_ENVTECH_EXP,Sweden,13400647501
2014,DC_ENVTECH_EXP,Sweden,13601737772
2015,DC_ENVTECH_EXP,Sweden,11697401856
2016,DC_ENVTECH_EXP,Sweden,11498503972
2017,DC_ENVTECH_EXP,Sweden,11537492760
2018,DC_ENVTECH_EXP,Sweden,11980158580
2012,DC_ENVTECH_EXP,Azerbaijan,25739059
2013,DC_ENVTECH_EXP,Azerbaijan,29410613
2014,DC_ENVTECH_EXP,Azerbaijan,40404458
2015,DC_ENVTECH_EXP,Azerbaijan,75178445
2016,DC_ENVTECH_EXP,Azerbaijan,48561844
2017,DC_ENVTECH_EXP,Azerbaijan,65647524
2018,DC_ENVTECH_EXP,Azerbaijan,73727302
2019,DC_ENVTECH_EXP,Azerbaijan,111329466
2020,DC_ENVTECH_EXP,Azerbaijan,78420257
2010,DC_ENVTECH_EXP,Australia,3149486273
2011,DC_ENVTECH_EXP,Australia,3774808463
2012,DC_ENVTECH_EXP,Australia,3497998867
2013,DC_ENVTECH_EXP,Australia,3314836779
2019,DC_ENVTECH_EXP,Sweden,11923932800
2020,DC_ENVTECH_EXP,Sweden,12177848089
2010,DC_ENVTECH_EXP,Switzerland,19081064227
2011,DC_ENVTECH_EXP,Switzerland,21863552957
2012,DC_ENVTECH_EXP,Switzerland,18512960529
2013,DC_ENVTECH_EXP,Switzerland,19194752565
2014,DC_ENVTECH_EXP,Switzerland,19092393029
2015,DC_ENVTECH_EXP,Switzerland,16682370530
2016,DC_ENVTECH_EXP,Switzerland,16592391541
2017,DC_ENVTECH_EXP,Switzerland,17080171893
2018,DC_ENVTECH_EXP,Switzerland,18087450767
2019,DC_ENVTECH_EXP,Switzerland,17223068662
2014,DC_ENVTECH_EXP,Australia,3304406759
2015,DC_ENVTECH_EXP,Australia,2846195385
2016,DC_ENVTECH_EXP,Australia,2806280679
2017,DC_ENVTECH_EXP,Australia,2983964788
2018,DC_ENVTECH_EXP,Australia,3197571296
2019,DC_ENVTECH_EXP,Australia,3601261898
2020,DC_ENVTECH_EXP,Australia,3217346651
2010,DC_ENVTECH_EXP,Austria,13325361768
2011,DC_ENVTECH_EXP,Austria,14719990831
2012,DC_ENVTECH_EXP,Austria,13864456735
2013,DC_ENVTECH_EXP,Austria,14619546163
2014,DC_ENVTECH_EXP,Austria,15086141825
2015,DC_ENVTECH_EXP,Austria,13225429654
2020,DC_ENVTECH_EXP,Switzerland,17738154288
2016,DC_ENVTECH_EXP,Tajikistan,18583936
2017,DC_ENVTECH_EXP,Tajikistan,7732520
2018,DC_ENVTECH_EXP,Tajikistan,1848171
2019,DC_ENVTECH_EXP,Tajikistan,1918687
2020,DC_ENVTECH_EXP,Tajikistan,1170118
2012,DC_ENVTECH_EXP,United Arab Emirates,5868663403
2013,DC_ENVTECH_EXP,United Arab Emirates,3323903891
2014,DC_ENVTECH_EXP,United Arab Emirates,3656645786
2015,DC_ENVTECH_EXP,United Arab Emirates,3642724423
2016,DC_ENVTECH_EXP,United Arab Emirates,3336409615
2017,DC_ENVTECH_EXP,United Arab Emirates,6251621600
2016,DC_ENVTECH_EXP,Austria,13142087099
2017,DC_ENVTECH_EXP,Austria,13727701023
2018,DC_ENVTECH_EXP,Austria,15340066970
2019,DC_ENVTECH_EXP,Austria,15132493809
2020,DC_ENVTECH_EXP,Austria,14305489268
2010,DC_ENVTECH_EXP,Armenia,19729128
2011,DC_ENVTECH_EXP,Armenia,17601676
2012,DC_ENVTECH_EXP,Armenia,18501042
2013,DC_ENVTECH_EXP,Armenia,24104887
2014,DC_ENVTECH_EXP,Armenia,22295597
2015,DC_ENVTECH_EXP,Armenia,17474495
2016,DC_ENVTECH_EXP,Armenia,23322041
2017,DC_ENVTECH_EXP,Armenia,29123388
2018,DC_ENVTECH_EXP,United Arab Emirates,7413708762
2019,DC_ENVTECH_EXP,United Arab Emirates,7784076776
2020,DC_ENVTECH_EXP,United Arab Emirates,7486453442
2010,DC_ENVTECH_EXP,Türkiye,5525432971
2011,DC_ENVTECH_EXP,Türkiye,6587349358
2012,DC_ENVTECH_EXP,Türkiye,6886566721
2013,DC_ENVTECH_EXP,Türkiye,8197429959
2014,DC_ENVTECH_EXP,Türkiye,8914590842
2015,DC_ENVTECH_EXP,Türkiye,7825410968
2016,DC_ENVTECH_EXP,Türkiye,7645914107
2017,DC_ENVTECH_EXP,Türkiye,8201720173
2018,DC_ENVTECH_EXP,Türkiye,9311487846
2018,DC_ENVTECH_EXP,Armenia,32180191
2019,DC_ENVTECH_EXP,Armenia,47450700
2020,DC_ENVTECH_EXP,Armenia,34509349
2010,DC_ENVTECH_EXP,Belgium,14618078761
2011,DC_ENVTECH_EXP,Belgium,17113413192
2012,DC_ENVTECH_EXP,Belgium,15253087240
2013,DC_ENVTECH_EXP,Belgium,15441631647
2014,DC_ENVTECH_EXP,Belgium,15801367239
2015,DC_ENVTECH_EXP,Belgium,13569121109
2016,DC_ENVTECH_EXP,Belgium,13452024490
2017,DC_ENVTECH_EXP,Belgium,13116265822
2018,DC_ENVTECH_EXP,Belgium,14077701559
2019,DC_ENVTECH_EXP,Belgium,13602608030
2019,DC_ENVTECH_EXP,Türkiye,9714039387
2020,DC_ENVTECH_EXP,Türkiye,9817956840
2010,DC_ENVTECH_EXP,Ukraine,2623150859
2011,DC_ENVTECH_EXP,Ukraine,3284556284
2012,DC_ENVTECH_EXP,Ukraine,3543064876
2013,DC_ENVTECH_EXP,Ukraine,3402587678
2014,DC_ENVTECH_EXP,Ukraine,2381624219
2015,DC_ENVTECH_EXP,Ukraine,1514271693
2016,DC_ENVTECH_EXP,Ukraine,1094371852
2017,DC_ENVTECH_EXP,Ukraine,1166526942
2018,DC_ENVTECH_EXP,Ukraine,1213011934
2019,DC_ENVTECH_EXP,Ukraine,1249167827
2020,DC_ENVTECH_EXP,Ukraine,1187572225
2010,DC_ENVTECH_EXP,North Macedonia,83249601
2011,DC_ENVTECH_EXP,North Macedonia,174512068
2012,DC_ENVTECH_EXP,North Macedonia,229712480
2013,DC_ENVTECH_EXP,North Macedonia,332182476
2014,DC_ENVTECH_EXP,North Macedonia,505843022
2015,DC_ENVTECH_EXP,North Macedonia,563268577
2016,DC_ENVTECH_EXP,North Macedonia,651245403
2017,DC_ENVTECH_EXP,North Macedonia,713225005
2018,DC_ENVTECH_EXP,North Macedonia,871172344
2019,DC_ENVTECH_EXP,North Macedonia,967483891
2020,DC_ENVTECH_EXP,North Macedonia,942223940
2010,DC_ENVTECH_EXP,United Kingdom of Great Britain and Northern Ireland,30776217063
2020,DC_ENVTECH_EXP,Belgium,13269748148
2010,DC_ENVTECH_EXP,Bosnia and Herzegovina,259121986
2011,DC_ENVTECH_EXP,Bosnia and Herzegovina,292867322
2012,DC_ENVTECH_EXP,Bosnia and Herzegovina,249659960
2013,DC_ENVTECH_EXP,Bosnia and Herzegovina,287045317
2014,DC_ENVTECH_EXP,Bosnia and Herzegovina,316051618
2015,DC_ENVTECH_EXP,Bosnia and Herzegovina,264719782
2016,DC_ENVTECH_EXP,Bosnia and Herzegovina,268504132
2017,DC_ENVTECH_EXP,Bosnia and Herzegovina,325846642
2018,DC_ENVTECH_EXP,Bosnia and Herzegovina,371773743
2019,DC_ENVTECH_EXP,Bosnia and Herzegovina,423096732
2020,DC_ENVTECH_EXP,Bosnia and Herzegovina,440116755
2011,DC_ENVTECH_EXP,United Kingdom of Great Britain and Northern Ireland,35055744678
2012,DC_ENVTECH_EXP,United Kingdom of Great Britain and Northern Ireland,34537765653
2013,DC_ENVTECH_EXP,United Kingdom of Great Britain and Northern Ireland,35816730927
2014,DC_ENVTECH_EXP,United Kingdom of Great Britain and Northern Ireland,38494354353
2015,DC_ENVTECH_EXP,United Kingdom of Great Britain and Northern Ireland,35307986745
2016,DC_ENVTECH_EXP,United Kingdom of Great Britain and Northern Ireland,32836112589
2017,DC_ENVTECH_EXP,United Kingdom of Great Britain and Northern Ireland,33150124792
2018,DC_ENVTECH_EXP,United Kingdom of Great Britain and Northern Ireland,34672279413
2019,DC_ENVTECH_EXP,United Kingdom of Great Britain and Northern Ireland,35257322949
2020,DC_ENVTECH_EXP,United Kingdom of Great Britain and Northern Ireland,31107368354
2017,DC_ENVTECH_EXP,Uzbekistan,86799129
2010,DC_ENVTECH_EXP,Bulgaria,871810622
2011,DC_ENVTECH_EXP,Bulgaria,1511793724
2012,DC_ENVTECH_EXP,Bulgaria,1253365463
2013,DC_ENVTECH_EXP,Bulgaria,1454897372
2014,DC_ENVTECH_EXP,Bulgaria,1370437188
2015,DC_ENVTECH_EXP,Bulgaria,1276600582
2016,DC_ENVTECH_EXP,Bulgaria,1299922004
2017,DC_ENVTECH_EXP,Bulgaria,1535040800
2018,DC_ENVTECH_EXP,Bulgaria,1817729622
2019,DC_ENVTECH_EXP,Bulgaria,1884262354
2020,DC_ENVTECH_EXP,Bulgaria,1864345139
2010,DC_ENVTECH_EXP,Belarus,802819500
2011,DC_ENVTECH_EXP,Belarus,1064795600
2012,DC_ENVTECH_EXP,Belarus,1185498800
2013,DC_ENVTECH_EXP,Belarus,1264618400
2014,DC_ENVTECH_EXP,Belarus,1150184700
2015,DC_ENVTECH_EXP,Belarus,815396800
2016,DC_ENVTECH_EXP,Belarus,906697600
2017,DC_ENVTECH_EXP,Belarus,1011439200
2018,DC_ENVTECH_EXP,Belarus,1066562200
2019,DC_ENVTECH_EXP,Belarus,1094818100
2020,DC_ENVTECH_EXP,Belarus,1087967700
2010,DC_ENVTECH_EXP,Canada,16344527905
2011,DC_ENVTECH_EXP,Canada,18897719275
2012,DC_ENVTECH_EXP,Canada,18986429857
2013,DC_ENVTECH_EXP,Canada,18552238021
2014,DC_ENVTECH_EXP,Canada,18408636923
2015,DC_ENVTECH_EXP,Canada,17737278776
2016,DC_ENVTECH_EXP,Canada,16786653018
2017,DC_ENVTECH_EXP,Canada,17518848332
2018,DC_ENVTECH_EXP,Canada,18455526245
2019,DC_ENVTECH_EXP,Canada,18622813339
2020,DC_ENVTECH_EXP,Canada,16835411839
2010,DC_ENVTECH_EXP,Chile,618524347
2011,DC_ENVTECH_EXP,Chile,697732507
2012,DC_ENVTECH_EXP,Chile,687717530
2013,DC_ENVTECH_EXP,Chile,736579868
2014,DC_ENVTECH_EXP,Chile,748942875
2015,DC_ENVTECH_EXP,Chile,595056418
2016,DC_ENVTECH_EXP,Chile,551528313
2017,DC_ENVTECH_EXP,Chile,658560681
2018,DC_ENVTECH_EXP,Chile,692489043
2019,DC_ENVTECH_EXP,Chile,701539686
2020,DC_ENVTECH_EXP,Chile,593126812
2010,DC_ENVTECH_EXP,China,147206401585
2011,DC_ENVTECH_EXP,China,175092052363
2012,DC_ENVTECH_EXP,China,184044109649
2013,DC_ENVTECH_EXP,China,193372197016
2014,DC_ENVTECH_EXP,China,205664420180
2015,DC_ENVTECH_EXP,China,207252598438
2016,DC_ENVTECH_EXP,China,190438064988
2017,DC_ENVTECH_EXP,China,199818523378
2018,DC_ENVTECH_EXP,China,220717746179
2019,DC_ENVTECH_EXP,China,239160563090
2020,DC_ENVTECH_EXP,China,258656358962
2010,DC_ENVTECH_EXP,Colombia,521050403
2011,DC_ENVTECH_EXP,Colombia,606309297
2012,DC_ENVTECH_EXP,Colombia,609981734
2013,DC_ENVTECH_EXP,Colombia,656503664
2014,DC_ENVTECH_EXP,Colombia,692575536
2015,DC_ENVTECH_EXP,Colombia,626228536
2016,DC_ENVTECH_EXP,Colombia,553271733
2017,DC_ENVTECH_EXP,Colombia,560832786
2018,DC_ENVTECH_EXP,Colombia,555090659
2019,DC_ENVTECH_EXP,Colombia,538959740
2020,DC_ENVTECH_EXP,Colombia,543725268
2010,DC_ENVTECH_EXP,Costa Rica,188023217
2011,DC_ENVTECH_EXP,Costa Rica,234408936
2012,DC_ENVTECH_EXP,Costa Rica,297029296
2013,DC_ENVTECH_EXP,Costa Rica,307994666
2014,DC_ENVTECH_EXP,Costa Rica,286231744
2015,DC_ENVTECH_EXP,Costa Rica,252775892
2016,DC_ENVTECH_EXP,Costa Rica,190429902
2017,DC_ENVTECH_EXP,Costa Rica,217850161
2018,DC_ENVTECH_EXP,Costa Rica,228447231
2019,DC_ENVTECH_EXP,Costa Rica,265601659
2020,DC_ENVTECH_EXP,Costa Rica,291198292
2010,DC_ENVTECH_EXP,Croatia,835518411
2011,DC_ENVTECH_EXP,Croatia,819535683
2012,DC_ENVTECH_EXP,Croatia,746838501
2013,DC_ENVTECH_EXP,Croatia,1035604390
2014,DC_ENVTECH_EXP,Croatia,974398701
2015,DC_ENVTECH_EXP,Croatia,873152615
2016,DC_ENVTECH_EXP,Croatia,917927103
2017,DC_ENVTECH_EXP,Croatia,1078148225
2018,DC_ENVTECH_EXP,Croatia,1120758361
2019,DC_ENVTECH_EXP,Croatia,1163492972
2020,DC_ENVTECH_EXP,Croatia,1211634171
2010,DC_ENVTECH_EXP,Cyprus,155089820
2011,DC_ENVTECH_EXP,Cyprus,136518227
2012,DC_ENVTECH_EXP,Cyprus,67043734
2013,DC_ENVTECH_EXP,Cyprus,61805171
2014,DC_ENVTECH_EXP,Cyprus,46078537
2015,DC_ENVTECH_EXP,Cyprus,50074037
2016,DC_ENVTECH_EXP,Cyprus,45504190
2017,DC_ENVTECH_EXP,Cyprus,94490656
2018,DC_ENVTECH_EXP,Cyprus,90116924
2019,DC_ENVTECH_EXP,Cyprus,69378029
2020,DC_ENVTECH_EXP,Cyprus,57952693
2010,DC_ENVTECH_EXP,Czechia,10442586786
2011,DC_ENVTECH_EXP,Czechia,13388957840
2012,DC_ENVTECH_EXP,Czechia,12674221228
2013,DC_ENVTECH_EXP,Czechia,13399183308
2014,DC_ENVTECH_EXP,Czechia,13886621051
2018,DC_ENVTECH_EXP,Uzbekistan,23214181
2019,DC_ENVTECH_EXP,Uzbekistan,38561590
2020,DC_ENVTECH_EXP,Uzbekistan,72775327
2015,DC_ENVTECH_EXP,Czechia,12529889705
2016,DC_ENVTECH_EXP,Czechia,13230230614
2017,DC_ENVTECH_EXP,Czechia,14740892969
2018,DC_ENVTECH_EXP,Czechia,16915258463
2019,DC_ENVTECH_EXP,Czechia,17026177133
2020,DC_ENVTECH_EXP,Czechia,16623973902
2010,DC_ENVTECH_EXP,Denmark,12446936023
2011,DC_ENVTECH_EXP,Denmark,14187089215
2012,DC_ENVTECH_EXP,Denmark,13115700125
2013,DC_ENVTECH_EXP,Denmark,13820681724
2014,DC_ENVTECH_EXP,Denmark,14518373307
2015,DC_ENVTECH_EXP,Denmark,12244092818
2016,DC_ENVTECH_EXP,Denmark,12892458216
2017,DC_ENVTECH_EXP,Denmark,12241161793
2018,DC_ENVTECH_EXP,Denmark,12308488750
2019,DC_ENVTECH_EXP,Denmark,12971380615
2020,DC_ENVTECH_EXP,Denmark,12122838579
2010,DC_ENVTECH_EXP,Estonia,795309081
2011,DC_ENVTECH_EXP,Estonia,1050907766
2012,DC_ENVTECH_EXP,Estonia,1096772431
2013,DC_ENVTECH_EXP,Estonia,1140822563
2014,DC_ENVTECH_EXP,Estonia,1142758845
2015,DC_ENVTECH_EXP,Estonia,973183249
2016,DC_ENVTECH_EXP,Estonia,1072076407
2017,DC_ENVTECH_EXP,Estonia,1110075164
2018,DC_ENVTECH_EXP,Estonia,1210865130
2019,DC_ENVTECH_EXP,Estonia,1211994901
2020,DC_ENVTECH_EXP,Estonia,1381145181
2010,DC_ENVTECH_EXP,Finland,6827477693
2011,DC_ENVTECH_EXP,Finland,7763638415
2012,DC_ENVTECH_EXP,Finland,7286793224
2013,DC_ENVTECH_EXP,Finland,7494168718
2014,DC_ENVTECH_EXP,Finland,7196748550
2015,DC_ENVTECH_EXP,Finland,5851809773
2016,DC_ENVTECH_EXP,Finland,5681040944
2017,DC_ENVTECH_EXP,Finland,6142708918
2018,DC_ENVTECH_EXP,Finland,6317376565
2019,DC_ENVTECH_EXP,Finland,6842106023
2020,DC_ENVTECH_EXP,Finland,6739858768
2010,DC_ENVTECH_EXP,France,35245267966
2011,DC_ENVTECH_EXP,France,40214005503
2012,DC_ENVTECH_EXP,France,37760577884
2013,DC_ENVTECH_EXP,France,37729588001
2014,DC_ENVTECH_EXP,France,38469730539
2015,DC_ENVTECH_EXP,France,33066135636
2016,DC_ENVTECH_EXP,France,32980466668
2017,DC_ENVTECH_EXP,France,32513440859
2018,DC_ENVTECH_EXP,France,31566091050
2019,DC_ENVTECH_EXP,France,34147117151
2020,DC_ENVTECH_EXP,France,32187850848
2010,DC_ENVTECH_EXP,Georgia,55897794
2011,DC_ENVTECH_EXP,Georgia,69523053
2012,DC_ENVTECH_EXP,Georgia,87489580
2013,DC_ENVTECH_EXP,Georgia,156451529
2014,DC_ENVTECH_EXP,Georgia,171250193
2015,DC_ENVTECH_EXP,Georgia,110180332
2016,DC_ENVTECH_EXP,Georgia,104312955
2017,DC_ENVTECH_EXP,Georgia,142563021
2018,DC_ENVTECH_EXP,Georgia,188964994
2019,DC_ENVTECH_EXP,Georgia,208722191
2020,DC_ENVTECH_EXP,Georgia,154357154
2010,DC_ENVTECH_EXP,Germany,147261269552
2011,DC_ENVTECH_EXP,Germany,170052331328
2012,DC_ENVTECH_EXP,Germany,157987965074
2013,DC_ENVTECH_EXP,Germany,161859196421
2014,DC_ENVTECH_EXP,Germany,165148349899
2015,DC_ENVTECH_EXP,Germany,145089364882
2016,DC_ENVTECH_EXP,Germany,148476091679
2017,DC_ENVTECH_EXP,Germany,158492090373
2018,DC_ENVTECH_EXP,Germany,154853017320
2019,DC_ENVTECH_EXP,Germany,170496654344
2020,DC_ENVTECH_EXP,Germany,162941459190
2010,DC_ENVTECH_EXP,Greece,954774456
2011,DC_ENVTECH_EXP,Greece,1080486103
2012,DC_ENVTECH_EXP,Greece,1001590966
2013,DC_ENVTECH_EXP,Greece,1087108729
2014,DC_ENVTECH_EXP,Greece,1194217970
2015,DC_ENVTECH_EXP,Greece,1096219489
2016,DC_ENVTECH_EXP,Greece,1114374089
2017,DC_ENVTECH_EXP,Greece,1164401316
2018,DC_ENVTECH_EXP,Greece,1198612554
2019,DC_ENVTECH_EXP,Greece,1436008396
2020,DC_ENVTECH_EXP,Greece,1470918111
2010,DC_ENVTECH_EXP,Hungary,9122723000
2011,DC_ENVTECH_EXP,Hungary,11133521000
2012,DC_ENVTECH_EXP,Hungary,11033191788
2013,DC_ENVTECH_EXP,Hungary,11402777478
2014,DC_ENVTECH_EXP,Hungary,12541997422
2015,DC_ENVTECH_EXP,Hungary,10305848757
2016,DC_ENVTECH_EXP,Hungary,11512943963
2017,DC_ENVTECH_EXP,Hungary,12163893429
2018,DC_ENVTECH_EXP,Hungary,12651542288
2019,DC_ENVTECH_EXP,Hungary,12656313497
2020,DC_ENVTECH_EXP,Hungary,13624645757
2010,DC_ENVTECH_EXP,Iceland,36351035
2011,DC_ENVTECH_EXP,Iceland,34148134
2012,DC_ENVTECH_EXP,Iceland,45367940
2013,DC_ENVTECH_EXP,Iceland,41231606
2014,DC_ENVTECH_EXP,Iceland,40033024
2015,DC_ENVTECH_EXP,Iceland,41297962
2016,DC_ENVTECH_EXP,Iceland,57314036
2017,DC_ENVTECH_EXP,Iceland,49410084
2018,DC_ENVTECH_EXP,Iceland,55193605
2019,DC_ENVTECH_EXP,Iceland,49325436
2020,DC_ENVTECH_EXP,Iceland,39816779
2010,DC_ENVTECH_EXP,India,7939343112
2011,DC_ENVTECH_EXP,India,9121277490
2012,DC_ENVTECH_EXP,India,9368277309
2013,DC_ENVTECH_EXP,India,10487725468
2014,DC_ENVTECH_EXP,India,10562543721
2015,DC_ENVTECH_EXP,India,10693234200
2016,DC_ENVTECH_EXP,India,11089942805
2017,DC_ENVTECH_EXP,India,11767485825
2018,DC_ENVTECH_EXP,India,13213948216
2019,DC_ENVTECH_EXP,India,14870407792
2020,DC_ENVTECH_EXP,India,13378051700
2010,DC_ENVTECH_EXP,Ireland,5077252766
2011,DC_ENVTECH_EXP,Ireland,5442838670
2012,DC_ENVTECH_EXP,Ireland,5269705915
2013,DC_ENVTECH_EXP,Ireland,5390448743
2014,DC_ENVTECH_EXP,Ireland,5971311553
2015,DC_ENVTECH_EXP,Ireland,5300606553
2016,DC_ENVTECH_EXP,Ireland,4964207679
2017,DC_ENVTECH_EXP,Ireland,3024186805
2018,DC_ENVTECH_EXP,Ireland,3275399987
2019,DC_ENVTECH_EXP,Ireland,2934063302
2020,DC_ENVTECH_EXP,Ireland,2761280994
2010,DC_ENVTECH_EXP,Israel,6063634000
2011,DC_ENVTECH_EXP,Israel,7547547000
2012,DC_ENVTECH_EXP,Israel,6451517000
2013,DC_ENVTECH_EXP,Israel,8232750000
2014,DC_ENVTECH_EXP,Israel,8526112000
2015,DC_ENVTECH_EXP,Israel,6321866000
2016,DC_ENVTECH_EXP,Israel,5916517000
2017,DC_ENVTECH_EXP,Israel,4484983000
2018,DC_ENVTECH_EXP,Israel,5278232000
2019,DC_ENVTECH_EXP,Israel,5788600000
2020,DC_ENVTECH_EXP,Israel,4666927000
2010,DC_ENVTECH_EXP,Japan,82948564594
2011,DC_ENVTECH_EXP,Japan,93112967935
2012,DC_ENVTECH_EXP,Japan,89937672085
2013,DC_ENVTECH_EXP,Japan,77716082542
2014,DC_ENVTECH_EXP,Japan,76709421243
2015,DC_ENVTECH_EXP,Japan,68178505602
2016,DC_ENVTECH_EXP,Japan,70268335791
2017,DC_ENVTECH_EXP,Japan,72358628260
2018,DC_ENVTECH_EXP,Japan,74639533217
2019,DC_ENVTECH_EXP,Japan,70147168436
2020,DC_ENVTECH_EXP,Japan,68579075631
2010,DC_ENVTECH_EXP,Kazakhstan,140179161
2011,DC_ENVTECH_EXP,Kazakhstan,304041970
2012,DC_ENVTECH_EXP,Kazakhstan,333304150
2013,DC_ENVTECH_EXP,Kazakhstan,330720520
2014,DC_ENVTECH_EXP,Kazakhstan,310105028
2015,DC_ENVTECH_EXP,Kazakhstan,243860321
2016,DC_ENVTECH_EXP,Kazakhstan,250126367
2017,DC_ENVTECH_EXP,Kazakhstan,259733102
2018,DC_ENVTECH_EXP,Kazakhstan,318110643
2019,DC_ENVTECH_EXP,Kazakhstan,394375955
2020,DC_ENVTECH_EXP,Kazakhstan,325009282
2010,DC_ENVTECH_EXP,Republic of Korea,56782198712
2011,DC_ENVTECH_EXP,Republic of Korea,60390623208
2012,DC_ENVTECH_EXP,Republic of Korea,65482297548
2013,DC_ENVTECH_EXP,Republic of Korea,64863567763
2014,DC_ENVTECH_EXP,Republic of Korea,64535133079
2015,DC_ENVTECH_EXP,Republic of Korea,61194468141
2016,DC_ENVTECH_EXP,Republic of Korea,53624618044
2017,DC_ENVTECH_EXP,Republic of Korea,56195627474
2018,DC_ENVTECH_EXP,Republic of Korea,56959654916
2019,DC_ENVTECH_EXP,Republic of Korea,51004588861
2020,DC_ENVTECH_EXP,Republic of Korea,47251535197
2010,DC_ENVTECH_EXP,Kyrgyzstan,16631394
2011,DC_ENVTECH_EXP,Kyrgyzstan,20388071
2012,DC_ENVTECH_EXP,Kyrgyzstan,26311138
2013,DC_ENVTECH_EXP,Kyrgyzstan,36917607
2014,DC_ENVTECH_EXP,Kyrgyzstan,19933288
2015,DC_ENVTECH_EXP,Kyrgyzstan,24876882
2016,DC_ENVTECH_EXP,Kyrgyzstan,23134594
2017,DC_ENVTECH_EXP,Kyrgyzstan,31945996
2018,DC_ENVTECH_EXP,Kyrgyzstan,24639517
2019,DC_ENVTECH_EXP,Kyrgyzstan,12859506
2020,DC_ENVTECH_EXP,Kyrgyzstan,13437409
2010,DC_ENVTECH_EXP,Latvia,326782693
2011,DC_ENVTECH_EXP,Latvia,466166616
2012,DC_ENVTECH_EXP,Latvia,367106929
2013,DC_ENVTECH_EXP,Latvia,409385397
2014,DC_ENVTECH_EXP,Latvia,428321810
2015,DC_ENVTECH_EXP,Latvia,432677805
2016,DC_ENVTECH_EXP,Latvia,378478513
2017,DC_ENVTECH_EXP,Latvia,444999659
2018,DC_ENVTECH_EXP,Latvia,516659190
2019,DC_ENVTECH_EXP,Latvia,528182201
2020,DC_ENVTECH_EXP,Latvia,610713901
2010,DC_ENVTECH_EXP,Lithuania,1154043845
2011,DC_ENVTECH_EXP,Lithuania,1420374787
2012,DC_ENVTECH_EXP,Lithuania,1553632033
2013,DC_ENVTECH_EXP,Lithuania,1779896911
2014,DC_ENVTECH_EXP,Lithuania,1914537610
2015,DC_ENVTECH_EXP,Lithuania,1682364137
2016,DC_ENVTECH_EXP,Lithuania,1750452796
2017,DC_ENVTECH_EXP,Lithuania,1927316371
2018,DC_ENVTECH_EXP,Lithuania,2189218383
2019,DC_ENVTECH_EXP,Lithuania,2300422959
2020,DC_ENVTECH_EXP,Lithuania,2251513994
2010,DC_ENVTECH_EXP,Luxembourg,935661184
2011,DC_ENVTECH_EXP,Luxembourg,1133556992
2012,DC_ENVTECH_EXP,Luxembourg,997841307
2013,DC_ENVTECH_EXP,Luxembourg,933631167
2014,DC_ENVTECH_EXP,Luxembourg,919743093
2015,DC_ENVTECH_EXP,Luxembourg,807104176
2016,DC_ENVTECH_EXP,Luxembourg,828510782
2017,DC_ENVTECH_EXP,Luxembourg,889126713
2018,DC_ENVTECH_EXP,Luxembourg,1062735628
2019,DC_ENVTECH_EXP,Luxembourg,1127997852
2020,DC_ENVTECH_EXP,Luxembourg,1053406970
2010,DC_ENVTECH_EXP,Malta,77156676
2011,DC_ENVTECH_EXP,Malta,98381093
2012,DC_ENVTECH_EXP,Malta,102768550
2013,DC_ENVTECH_EXP,Malta,87544910
2014,DC_ENVTECH_EXP,Malta,95341616
2015,DC_ENVTECH_EXP,Malta,84991751
2016,DC_ENVTECH_EXP,Malta,94961761
2017,DC_ENVTECH_EXP,Malta,145237371
2018,DC_ENVTECH_EXP,Malta,141568718
2019,DC_ENVTECH_EXP,Malta,134790655
2020,DC_ENVTECH_EXP,Malta,133844824
2010,DC_ENVTECH_EXP,Mexico,19318209979
2011,DC_ENVTECH_EXP,Mexico,21395397066
2012,DC_ENVTECH_EXP,Mexico,23541909518
2013,DC_ENVTECH_EXP,Mexico,24543984978
2014,DC_ENVTECH_EXP,Mexico,25780737204
2015,DC_ENVTECH_EXP,Mexico,26583182586
2016,DC_ENVTECH_EXP,Mexico,26869121973
2017,DC_ENVTECH_EXP,Mexico,28289592828
2018,DC_ENVTECH_EXP,Mexico,30785175785
2019,DC_ENVTECH_EXP,Mexico,32365957295
2020,DC_ENVTECH_EXP,Mexico,30772399614
2010,DC_ENVTECH_EXP,Republic of Moldova,39246255
2011,DC_ENVTECH_EXP,Republic of Moldova,72489689
2012,DC_ENVTECH_EXP,Republic of Moldova,78918198
2013,DC_ENVTECH_EXP,Republic of Moldova,93084591
2014,DC_ENVTECH_EXP,Republic of Moldova,77931366
2015,DC_ENVTECH_EXP,Republic of Moldova,72473081
2016,DC_ENVTECH_EXP,Republic of Moldova,76064662
2017,DC_ENVTECH_EXP,Republic of Moldova,83336854
2018,DC_ENVTECH_EXP,Republic of Moldova,74828137
2019,DC_ENVTECH_EXP,Republic of Moldova,81814613
2020,DC_ENVTECH_EXP,Republic of Moldova,90017820
2010,DC_ENVTECH_EXP,Montenegro,3908967
2011,DC_ENVTECH_EXP,Montenegro,3355060
2012,DC_ENVTECH_EXP,Montenegro,2950800
2013,DC_ENVTECH_EXP,Montenegro,3466075
2014,DC_ENVTECH_EXP,Montenegro,2447983
2015,DC_ENVTECH_EXP,Montenegro,2440303
2016,DC_ENVTECH_EXP,Montenegro,4674636
2017,DC_ENVTECH_EXP,Montenegro,4727014
2018,DC_ENVTECH_EXP,Montenegro,5480292
2019,DC_ENVTECH_EXP,Montenegro,7044200
2020,DC_ENVTECH_EXP,Montenegro,5724429
2010,DC_ENVTECH_EXP,Netherlands (Kingdom of the),26097827382
2011,DC_ENVTECH_EXP,Netherlands (Kingdom of the),32672450017
2012,DC_ENVTECH_EXP,Netherlands (Kingdom of the),28811048709
2013,DC_ENVTECH_EXP,Netherlands (Kingdom of the),29575040561
2014,DC_ENVTECH_EXP,Netherlands (Kingdom of the),30808706956
2015,DC_ENVTECH_EXP,Netherlands (Kingdom of the),26609419587
2016,DC_ENVTECH_EXP,Netherlands (Kingdom of the),26976104199
2017,DC_ENVTECH_EXP,Netherlands (Kingdom of the),28630765344
2018,DC_ENVTECH_EXP,Netherlands (Kingdom of the),32262031306
2019,DC_ENVTECH_EXP,Netherlands (Kingdom of the),33695312999
2020,DC_ENVTECH_EXP,Netherlands (Kingdom of the),34425726570
2010,DC_ENVTECH_EXP,New Zealand,856922160
2011,DC_ENVTECH_EXP,New Zealand,1291614825
2012,DC_ENVTECH_EXP,New Zealand,1173467361
2013,DC_ENVTECH_EXP,New Zealand,1035617262
2014,DC_ENVTECH_EXP,New Zealand,821773096
2015,DC_ENVTECH_EXP,New Zealand,1015873103
2016,DC_ENVTECH_EXP,New Zealand,747589619
2017,DC_ENVTECH_EXP,New Zealand,753201802
2018,DC_ENVTECH_EXP,New Zealand,813625541
2019,DC_ENVTECH_EXP,New Zealand,805214104
2020,DC_ENVTECH_EXP,New Zealand,745188011
2010,DC_ENVTECH_EXP,Norway,4223843383
2011,DC_ENVTECH_EXP,Norway,4401291229
2012,DC_ENVTECH_EXP,Norway,4862512200
2013,DC_ENVTECH_EXP,Norway,5034576392
2014,DC_ENVTECH_EXP,Norway,5150340034
2015,DC_ENVTECH_EXP,Norway,4813845115
2016,DC_ENVTECH_EXP,Norway,3917370241
2017,DC_ENVTECH_EXP,Norway,3247235540
2018,DC_ENVTECH_EXP,Norway,3306320843
2019,DC_ENVTECH_EXP,Norway,3506943777
2020,DC_ENVTECH_EXP,Norway,3094837197
2010,DC_ENVTECH_EXP,Poland,9641638962
2011,DC_ENVTECH_EXP,Poland,11819117318
2012,DC_ENVTECH_EXP,Poland,11473339171
2013,DC_ENVTECH_EXP,Poland,13389369871
2014,DC_ENVTECH_EXP,Poland,14281838875
2015,DC_ENVTECH_EXP,Poland,13437710602
2015,DC_ENVTECH_EXP,Poland,13437710602
