Year,SeriesCode,GeoAreaName,Value
2000,SH_STA_BRTC,Montenegro,99.1
2001,SH_STA_BRTC,Montenegro,96.6
2002,SH_STA_BRTC,Montenegro,98.0
2003,SH_STA_BRTC,Montenegro,98.9
2004,SH_STA_BRTC,Montenegro,98.3
2005,SH_STA_BRTC,Montenegro,99.0
2006,SH_STA_BRTC,Montenegro,87.2
2007,SH_STA_BRTC,Montenegro,99.7
2008,SH_STA_BRTC,Montenegro,99.9
2009,SH_STA_BRTC,Montenegro,99.5
2013,SH_STA_BRTC,Montenegro,99.0
2018,SH_STA_BRTC,Montenegro,98.8
2000,SH_STA_BRTC,New Zealand,97.3
2001,SH_STA_BRTC,New Zealand,96.6
2002,SH_STA_BRTC,New Zealand,99.2
2003,SH_STA_BRTC,New Zealand,98.2
2004,SH_STA_BRTC,New Zealand,94.0
2005,SH_STA_BRTC,New Zealand,96.6
2006,SH_STA_BRTC,New Zealand,96.8
2007,SH_STA_BRTC,New Zealand,96.7
2008,SH_STA_BRTC,New Zealand,96.7
2009,SH_STA_BRTC,New Zealand,96.7
2010,SH_STA_BRTC,New Zealand,96.8
2011,SH_STA_BRTC,New Zealand,96.7
2012,SH_STA_BRTC,New Zealand,96.8
2013,SH_STA_BRTC,New Zealand,96.7
2014,SH_STA_BRTC,New Zealand,96.7
2015,SH_STA_BRTC,New Zealand,96.3
2016,SH_STA_BRTC,New Zealand,96.5
2017,SH_STA_BRTC,New Zealand,96.6
2000,SH_STA_BRTC,Albania,99.1
2002,SH_STA_BRTC,Albania,98.0
2005,SH_STA_BRTC,Albania,99.8
2009,SH_STA_BRTC,Albania,99.3
2018,SH_STA_BRTC,Albania,99.8
2000,SH_STA_BRTC,Azerbaijan,80.7
2001,SH_STA_BRTC,Azerbaijan,88.0
2002,SH_STA_BRTC,Azerbaijan,94.0
2003,SH_STA_BRTC,Azerbaijan,95.8
2004,SH_STA_BRTC,Azerbaijan,95.9
2005,SH_STA_BRTC,Azerbaijan,94.4
2006,SH_STA_BRTC,Azerbaijan,88.6
2007,SH_STA_BRTC,Azerbaijan,93.0
2008,SH_STA_BRTC,Azerbaijan,98.0
2009,SH_STA_BRTC,Azerbaijan,99.8
2010,SH_STA_BRTC,Azerbaijan,99.4
2011,SH_STA_BRTC,Azerbaijan,97.2
2012,SH_STA_BRTC,Azerbaijan,99.8
2013,SH_STA_BRTC,Azerbaijan,99.9
2018,SH_STA_BRTC,New Zealand,96.4
2019,SH_STA_BRTC,New Zealand,96.5
2000,SH_STA_BRTC,Norway,99.0
2001,SH_STA_BRTC,Norway,99.1
2002,SH_STA_BRTC,Norway,99.1
2003,SH_STA_BRTC,Norway,99.0
2004,SH_STA_BRTC,Norway,99.1
2005,SH_STA_BRTC,Norway,99.2
2014,SH_STA_BRTC,Azerbaijan,99.9
2015,SH_STA_BRTC,Azerbaijan,99.8
2016,SH_STA_BRTC,Azerbaijan,99.8
2017,SH_STA_BRTC,Azerbaijan,99.8
2018,SH_STA_BRTC,Azerbaijan,99.39
2019,SH_STA_BRTC,Azerbaijan,99.9
2020,SH_STA_BRTC,Azerbaijan,99.9
2021,SH_STA_BRTC,Azerbaijan,99.9
2000,SH_STA_BRTC,Australia,99.3
2006,SH_STA_BRTC,Norway,99.2
2007,SH_STA_BRTC,Norway,99.1
2008,SH_STA_BRTC,Norway,99.2
2009,SH_STA_BRTC,Norway,99.2
2010,SH_STA_BRTC,Norway,99.1
2011,SH_STA_BRTC,Norway,99.2
2012,SH_STA_BRTC,Norway,99.2
2013,SH_STA_BRTC,Norway,99.1
2014,SH_STA_BRTC,Norway,99.1
2015,SH_STA_BRTC,Norway,99.1
2016,SH_STA_BRTC,Norway,99.1
2017,SH_STA_BRTC,Norway,99.2
2018,SH_STA_BRTC,Norway,99.2
2019,SH_STA_BRTC,Norway,99.3
2020,SH_STA_BRTC,Norway,99.2
2021,SH_STA_BRTC,Norway,99.2
2001,SH_STA_BRTC,Australia,99.3
2002,SH_STA_BRTC,Australia,99.3
2003,SH_STA_BRTC,Australia,99.3
2004,SH_STA_BRTC,Australia,99.3
2005,SH_STA_BRTC,Australia,99.4
2006,SH_STA_BRTC,Australia,99.3
2007,SH_STA_BRTC,Australia,99.2
2008,SH_STA_BRTC,Australia,99.1
2009,SH_STA_BRTC,Australia,99.1
2010,SH_STA_BRTC,Australia,99.1
2011,SH_STA_BRTC,Australia,99.1
2012,SH_STA_BRTC,Australia,99.2
2013,SH_STA_BRTC,Australia,99.0
2014,SH_STA_BRTC,Australia,99.8
2015,SH_STA_BRTC,Australia,98.8
2016,SH_STA_BRTC,Australia,98.8
2017,SH_STA_BRTC,Australia,99.4
2018,SH_STA_BRTC,Australia,98.7
2019,SH_STA_BRTC,Australia,98.8
2020,SH_STA_BRTC,Australia,96.0
2000,SH_STA_BRTC,Austria,98.3
2001,SH_STA_BRTC,Austria,98.3
2002,SH_STA_BRTC,Austria,98.4
2003,SH_STA_BRTC,Austria,98.4
2004,SH_STA_BRTC,Austria,98.4
2005,SH_STA_BRTC,Austria,98.6
2006,SH_STA_BRTC,Austria,98.6
2007,SH_STA_BRTC,Austria,98.5
2000,SH_STA_BRTC,Poland,99.4
2001,SH_STA_BRTC,Poland,99.8
2002,SH_STA_BRTC,Poland,99.8
2003,SH_STA_BRTC,Poland,99.8
2004,SH_STA_BRTC,Poland,99.8
2005,SH_STA_BRTC,Poland,99.3
2006,SH_STA_BRTC,Poland,99.4
2007,SH_STA_BRTC,Poland,99.4
2008,SH_STA_BRTC,Poland,99.4
2009,SH_STA_BRTC,Poland,99.7
2010,SH_STA_BRTC,Poland,99.9
2011,SH_STA_BRTC,Poland,99.9
2012,SH_STA_BRTC,Poland,99.9
2013,SH_STA_BRTC,Poland,99.9
2014,SH_STA_BRTC,Poland,99.9
2015,SH_STA_BRTC,Poland,99.9
2016,SH_STA_BRTC,Poland,99.8
2017,SH_STA_BRTC,Poland,99.8
2018,SH_STA_BRTC,Poland,99.8
2019,SH_STA_BRTC,Poland,99.8
2008,SH_STA_BRTC,Austria,98.6
2009,SH_STA_BRTC,Austria,98.6
2010,SH_STA_BRTC,Austria,98.5
2011,SH_STA_BRTC,Austria,98.6
2012,SH_STA_BRTC,Austria,98.5
2013,SH_STA_BRTC,Austria,98.5
2014,SH_STA_BRTC,Austria,98.5
2015,SH_STA_BRTC,Austria,98.5
2016,SH_STA_BRTC,Austria,98.4
2017,SH_STA_BRTC,Austria,98.4
2020,SH_STA_BRTC,Poland,99.7
2021,SH_STA_BRTC,Poland,99.6
2011,SH_STA_BRTC,Portugal,99.9
2012,SH_STA_BRTC,Portugal,99.9
2013,SH_STA_BRTC,Portugal,99.9
2014,SH_STA_BRTC,Portugal,99.9
2015,SH_STA_BRTC,Portugal,99.9
2016,SH_STA_BRTC,Portugal,99.9
2017,SH_STA_BRTC,Portugal,99.9
2018,SH_STA_BRTC,Portugal,99.9
2019,SH_STA_BRTC,Portugal,99.9
2020,SH_STA_BRTC,Portugal,98.6
2000,SH_STA_BRTC,Romania,99.0
2001,SH_STA_BRTC,Romania,99.0
2002,SH_STA_BRTC,Romania,99.1
2003,SH_STA_BRTC,Romania,99.2
2004,SH_STA_BRTC,Romania,98.9
2005,SH_STA_BRTC,Romania,98.1
2006,SH_STA_BRTC,Romania,98.2
2007,SH_STA_BRTC,Romania,98.8
2008,SH_STA_BRTC,Romania,99.4
2009,SH_STA_BRTC,Romania,99.5
2010,SH_STA_BRTC,Romania,99.5
2011,SH_STA_BRTC,Romania,99.4
2012,SH_STA_BRTC,Romania,99.5
2018,SH_STA_BRTC,Austria,98.4
2019,SH_STA_BRTC,Austria,98.4
2020,SH_STA_BRTC,Austria,98.1
2000,SH_STA_BRTC,Armenia,96.8
2001,SH_STA_BRTC,Armenia,98.4
2002,SH_STA_BRTC,Armenia,98.8
2003,SH_STA_BRTC,Armenia,99.2
2004,SH_STA_BRTC,Armenia,99.5
2005,SH_STA_BRTC,Armenia,97.8
2006,SH_STA_BRTC,Armenia,99.7
2007,SH_STA_BRTC,Armenia,99.9
2008,SH_STA_BRTC,Armenia,99.9
2009,SH_STA_BRTC,Armenia,100.0
2010,SH_STA_BRTC,Armenia,99.5
2011,SH_STA_BRTC,Armenia,100.0
2012,SH_STA_BRTC,Armenia,100.0
2013,SH_STA_BRTC,Armenia,100.0
2014,SH_STA_BRTC,Armenia,100.0
2016,SH_STA_BRTC,Armenia,99.8
2000,SH_STA_BRTC,Bosnia and Herzegovina,98.9
2001,SH_STA_BRTC,Bosnia and Herzegovina,99.9
2002,SH_STA_BRTC,Bosnia and Herzegovina,99.9
2003,SH_STA_BRTC,Bosnia and Herzegovina,99.9
2004,SH_STA_BRTC,Bosnia and Herzegovina,99.9
2005,SH_STA_BRTC,Bosnia and Herzegovina,99.9
2006,SH_STA_BRTC,Bosnia and Herzegovina,99.4
2013,SH_STA_BRTC,Romania,96.6
2014,SH_STA_BRTC,Romania,95.4
2015,SH_STA_BRTC,Romania,94.3
2016,SH_STA_BRTC,Romania,95.0
2017,SH_STA_BRTC,Romania,93.5
2018,SH_STA_BRTC,Romania,93.1
2019,SH_STA_BRTC,Romania,91.5
2020,SH_STA_BRTC,Romania,93.0
2000,SH_STA_BRTC,Serbia,98.0
2001,SH_STA_BRTC,Serbia,98.2
2002,SH_STA_BRTC,Serbia,99.2
2003,SH_STA_BRTC,Serbia,98.5
2004,SH_STA_BRTC,Serbia,98.7
2005,SH_STA_BRTC,Serbia,99.7
2006,SH_STA_BRTC,Serbia,88.9
2007,SH_STA_BRTC,Serbia,99.8
2008,SH_STA_BRTC,Serbia,99.7
2009,SH_STA_BRTC,Serbia,99.8
2010,SH_STA_BRTC,Serbia,99.7
2011,SH_STA_BRTC,Serbia,99.0
2007,SH_STA_BRTC,Bosnia and Herzegovina,99.9
2008,SH_STA_BRTC,Bosnia and Herzegovina,99.9
2009,SH_STA_BRTC,Bosnia and Herzegovina,99.9
2010,SH_STA_BRTC,Bosnia and Herzegovina,99.9
2011,SH_STA_BRTC,Bosnia and Herzegovina,99.9
2012,SH_STA_BRTC,Bosnia and Herzegovina,99.9
2014,SH_STA_BRTC,Bosnia and Herzegovina,99.9
2015,SH_STA_BRTC,Bosnia and Herzegovina,99.9
2016,SH_STA_BRTC,Bosnia and Herzegovina,99.9
2012,SH_STA_BRTC,Serbia,99.0
2013,SH_STA_BRTC,Serbia,99.9
2014,SH_STA_BRTC,Serbia,98.4
2019,SH_STA_BRTC,Serbia,99.9
2000,SH_STA_BRTC,Slovakia,100.0
2001,SH_STA_BRTC,Slovakia,99.43
2002,SH_STA_BRTC,Slovakia,99.43
2003,SH_STA_BRTC,Slovakia,99.46
2017,SH_STA_BRTC,Bosnia and Herzegovina,99.9
2018,SH_STA_BRTC,Bosnia and Herzegovina,99.9
2019,SH_STA_BRTC,Bosnia and Herzegovina,99.9
2000,SH_STA_BRTC,Bulgaria,99.8
2001,SH_STA_BRTC,Bulgaria,98.9
2002,SH_STA_BRTC,Bulgaria,99.2
2003,SH_STA_BRTC,Bulgaria,99.2
2004,SH_STA_BRTC,Bulgaria,99.4
2005,SH_STA_BRTC,Bulgaria,99.4
2004,SH_STA_BRTC,Slovakia,99.51
2005,SH_STA_BRTC,Slovakia,99.51
2006,SH_STA_BRTC,Slovakia,99.52
2007,SH_STA_BRTC,Slovakia,99.22
2008,SH_STA_BRTC,Slovakia,99.51
2009,SH_STA_BRTC,Slovakia,99.52
2010,SH_STA_BRTC,Slovakia,99.21
2011,SH_STA_BRTC,Slovakia,99.0
2012,SH_STA_BRTC,Slovakia,99.5
2013,SH_STA_BRTC,Slovakia,98.6
2014,SH_STA_BRTC,Slovakia,98.3
2015,SH_STA_BRTC,Slovakia,97.0
2016,SH_STA_BRTC,Slovakia,98.1
2017,SH_STA_BRTC,Slovakia,98.8
2018,SH_STA_BRTC,Slovakia,98.0
2019,SH_STA_BRTC,Slovakia,98.3
2020,SH_STA_BRTC,Slovakia,98.2
2021,SH_STA_BRTC,Slovakia,98.0
2000,SH_STA_BRTC,Viet Nam,58.8
2002,SH_STA_BRTC,Viet Nam,85.0
2006,SH_STA_BRTC,Viet Nam,83.8
2011,SH_STA_BRTC,Viet Nam,91.9
2014,SH_STA_BRTC,Viet Nam,93.8
2021,SH_STA_BRTC,Viet Nam,96.1
2000,SH_STA_BRTC,Slovenia,99.9
2001,SH_STA_BRTC,Slovenia,99.9
2002,SH_STA_BRTC,Slovenia,99.9
2003,SH_STA_BRTC,Slovenia,99.9
2006,SH_STA_BRTC,Bulgaria,99.4
2007,SH_STA_BRTC,Bulgaria,99.6
2008,SH_STA_BRTC,Bulgaria,99.6
2009,SH_STA_BRTC,Bulgaria,99.6
2010,SH_STA_BRTC,Bulgaria,99.5
2013,SH_STA_BRTC,Bulgaria,99.7
2014,SH_STA_BRTC,Bulgaria,99.7
2015,SH_STA_BRTC,Bulgaria,93.4
2016,SH_STA_BRTC,Bulgaria,95.1
2004,SH_STA_BRTC,Slovenia,99.9
2005,SH_STA_BRTC,Slovenia,99.9
2006,SH_STA_BRTC,Slovenia,99.9
2007,SH_STA_BRTC,Slovenia,99.9
2008,SH_STA_BRTC,Slovenia,99.9
2009,SH_STA_BRTC,Slovenia,99.9
2010,SH_STA_BRTC,Slovenia,99.9
2011,SH_STA_BRTC,Slovenia,99.9
2012,SH_STA_BRTC,Slovenia,99.8
2015,SH_STA_BRTC,Spain,99.9
2018,SH_STA_BRTC,Spain,99.9
2017,SH_STA_BRTC,Bulgaria,93.9
2018,SH_STA_BRTC,Bulgaria,93.0
2019,SH_STA_BRTC,Bulgaria,92.3
2020,SH_STA_BRTC,Bulgaria,94.6
2021,SH_STA_BRTC,Bulgaria,94.5
2000,SH_STA_BRTC,Belarus,99.9
2001,SH_STA_BRTC,Belarus,99.9
2002,SH_STA_BRTC,Belarus,99.9
2003,SH_STA_BRTC,Belarus,99.9
2004,SH_STA_BRTC,Belarus,99.9
2019,SH_STA_BRTC,Spain,99.9
2020,SH_STA_BRTC,Spain,99.9
2000,SH_STA_BRTC,Tajikistan,70.7
2001,SH_STA_BRTC,Tajikistan,81.09999999999998
2002,SH_STA_BRTC,Tajikistan,88.7
2003,SH_STA_BRTC,Tajikistan,88.1
2004,SH_STA_BRTC,Tajikistan,75.09999999999998
2005,SH_STA_BRTC,Tajikistan,82.4
2006,SH_STA_BRTC,Tajikistan,78.3
2007,SH_STA_BRTC,Tajikistan,88.4
2008,SH_STA_BRTC,Tajikistan,85.0
2009,SH_STA_BRTC,Tajikistan,87.1
2010,SH_STA_BRTC,Tajikistan,87.7
2011,SH_STA_BRTC,Tajikistan,89.0
2012,SH_STA_BRTC,Tajikistan,87.4
2013,SH_STA_BRTC,Tajikistan,90.8
2014,SH_STA_BRTC,Tajikistan,90.3
2005,SH_STA_BRTC,Belarus,100.0
2006,SH_STA_BRTC,Belarus,99.9
2007,SH_STA_BRTC,Belarus,99.9
2008,SH_STA_BRTC,Belarus,99.9
2009,SH_STA_BRTC,Belarus,99.9
2010,SH_STA_BRTC,Belarus,99.9
2011,SH_STA_BRTC,Belarus,99.8
2012,SH_STA_BRTC,Belarus,100.0
2015,SH_STA_BRTC,Tajikistan,98.0
2017,SH_STA_BRTC,Tajikistan,94.8
2004,SH_STA_BRTC,United Arab Emirates,100.0
2013,SH_STA_BRTC,United Arab Emirates,99.9
2014,SH_STA_BRTC,United Arab Emirates,99.9
2015,SH_STA_BRTC,United Arab Emirates,99.9
2018,SH_STA_BRTC,United Arab Emirates,99.2
2003,SH_STA_BRTC,Türkiye,83.0
2008,SH_STA_BRTC,Türkiye,91.3
2014,SH_STA_BRTC,Türkiye,97.4
2015,SH_STA_BRTC,Türkiye,99.0
2017,SH_STA_BRTC,Türkiye,98.0
2018,SH_STA_BRTC,Türkiye,99.2
2019,SH_STA_BRTC,Türkiye,97.0
2000,SH_STA_BRTC,Turkmenistan,97.2
2002,SH_STA_BRTC,Turkmenistan,97.2
2006,SH_STA_BRTC,Turkmenistan,99.5
2013,SH_STA_BRTC,Belarus,99.8
2014,SH_STA_BRTC,Belarus,99.8
2019,SH_STA_BRTC,Belarus,99.9
2020,SH_STA_BRTC,Belarus,99.9
2000,SH_STA_BRTC,Canada,99.3
2001,SH_STA_BRTC,Canada,99.3
2002,SH_STA_BRTC,Canada,99.3
2003,SH_STA_BRTC,Canada,98.9
2016,SH_STA_BRTC,Turkmenistan,100.0
2019,SH_STA_BRTC,Turkmenistan,100.0
2000,SH_STA_BRTC,Ukraine,99.9
2001,SH_STA_BRTC,Ukraine,99.9
2002,SH_STA_BRTC,Ukraine,99.9
2003,SH_STA_BRTC,Ukraine,99.9
2004,SH_STA_BRTC,Ukraine,99.9
2005,SH_STA_BRTC,Ukraine,99.8
2006,SH_STA_BRTC,Ukraine,99.9
2004,SH_STA_BRTC,Canada,99.0
2005,SH_STA_BRTC,Canada,98.8
2006,SH_STA_BRTC,Canada,100.0
2007,SH_STA_BRTC,Canada,98.8
2008,SH_STA_BRTC,Canada,98.7
2009,SH_STA_BRTC,Canada,98.6
2010,SH_STA_BRTC,Canada,98.5
2011,SH_STA_BRTC,Canada,98.4
2007,SH_STA_BRTC,Ukraine,98.7
2008,SH_STA_BRTC,Ukraine,99.9
2009,SH_STA_BRTC,Ukraine,99.9
2010,SH_STA_BRTC,Ukraine,99.9
2011,SH_STA_BRTC,Ukraine,99.9
2012,SH_STA_BRTC,Ukraine,99.0
2013,SH_STA_BRTC,Ukraine,99.9
2014,SH_STA_BRTC,Ukraine,99.9
2012,SH_STA_BRTC,Canada,98.1
2013,SH_STA_BRTC,Canada,98.0
2014,SH_STA_BRTC,Canada,97.9
2015,SH_STA_BRTC,Canada,97.9
2016,SH_STA_BRTC,Canada,97.8
2017,SH_STA_BRTC,Canada,97.9
2018,SH_STA_BRTC,Canada,98.0
2019,SH_STA_BRTC,Canada,98.0
2000,SH_STA_BRTC,North Macedonia,97.7
2001,SH_STA_BRTC,North Macedonia,97.6
2002,SH_STA_BRTC,North Macedonia,98.2
2003,SH_STA_BRTC,North Macedonia,99.0
2004,SH_STA_BRTC,North Macedonia,99.0
2005,SH_STA_BRTC,North Macedonia,99.1
2006,SH_STA_BRTC,North Macedonia,97.8
2007,SH_STA_BRTC,North Macedonia,99.6
2008,SH_STA_BRTC,North Macedonia,99.7
2009,SH_STA_BRTC,North Macedonia,99.8
2010,SH_STA_BRTC,North Macedonia,99.9
2011,SH_STA_BRTC,North Macedonia,89.1
2012,SH_STA_BRTC,North Macedonia,99.9
2013,SH_STA_BRTC,North Macedonia,99.9
2014,SH_STA_BRTC,North Macedonia,99.9
2015,SH_STA_BRTC,North Macedonia,99.9
2016,SH_STA_BRTC,North Macedonia,99.9
2017,SH_STA_BRTC,North Macedonia,99.9
2018,SH_STA_BRTC,North Macedonia,99.9
2019,SH_STA_BRTC,North Macedonia,100.0
2020,SH_STA_BRTC,Canada,98.0
2000,SH_STA_BRTC,Chile,99.8
2001,SH_STA_BRTC,Chile,99.8
2002,SH_STA_BRTC,Chile,99.8
2003,SH_STA_BRTC,Chile,99.8
2004,SH_STA_BRTC,Chile,99.8
2005,SH_STA_BRTC,Chile,99.8
2006,SH_STA_BRTC,Chile,99.8
2007,SH_STA_BRTC,Chile,99.7
2008,SH_STA_BRTC,Chile,99.8
2009,SH_STA_BRTC,Chile,99.8
2010,SH_STA_BRTC,Chile,99.8
2011,SH_STA_BRTC,Chile,99.9
2012,SH_STA_BRTC,Chile,99.8
2013,SH_STA_BRTC,Chile,99.8
2014,SH_STA_BRTC,Chile,99.8
2015,SH_STA_BRTC,Chile,99.7
2016,SH_STA_BRTC,Chile,99.7
2017,SH_STA_BRTC,Chile,99.8
2018,SH_STA_BRTC,Chile,99.8
2020,SH_STA_BRTC,North Macedonia,100.0
2021,SH_STA_BRTC,North Macedonia,100.0
2000,SH_STA_BRTC,Uzbekistan,94.9
2001,SH_STA_BRTC,Uzbekistan,100.0
2002,SH_STA_BRTC,Uzbekistan,100.0
2003,SH_STA_BRTC,Uzbekistan,100.0
2004,SH_STA_BRTC,Uzbekistan,100.0
2005,SH_STA_BRTC,Uzbekistan,100.0
2006,SH_STA_BRTC,Uzbekistan,99.6
2007,SH_STA_BRTC,Uzbekistan,100.0
2008,SH_STA_BRTC,Uzbekistan,100.0
2009,SH_STA_BRTC,Uzbekistan,100.0
2010,SH_STA_BRTC,Uzbekistan,100.0
2011,SH_STA_BRTC,Uzbekistan,100.0
2012,SH_STA_BRTC,Uzbekistan,100.0
2013,SH_STA_BRTC,Uzbekistan,100.0
2014,SH_STA_BRTC,Uzbekistan,100.0
2015,SH_STA_BRTC,Uzbekistan,100.0
2019,SH_STA_BRTC,Chile,99.8
2000,SH_STA_BRTC,China,96.6
2001,SH_STA_BRTC,China,97.3
2002,SH_STA_BRTC,China,96.7
2003,SH_STA_BRTC,China,95.9
2004,SH_STA_BRTC,China,97.3
2005,SH_STA_BRTC,China,97.5
2006,SH_STA_BRTC,China,97.8
2007,SH_STA_BRTC,China,98.4
2008,SH_STA_BRTC,China,99.1
2009,SH_STA_BRTC,China,99.3
2010,SH_STA_BRTC,China,99.6
2011,SH_STA_BRTC,China,99.7
2012,SH_STA_BRTC,China,99.8
2013,SH_STA_BRTC,China,99.9
2014,SH_STA_BRTC,China,99.9
2015,SH_STA_BRTC,China,99.9
2016,SH_STA_BRTC,China,99.9
2000,SH_STA_BRTC,Colombia,86.1
2001,SH_STA_BRTC,Colombia,93.1
2002,SH_STA_BRTC,Colombia,94.5
2003,SH_STA_BRTC,Colombia,95.0
2004,SH_STA_BRTC,Colombia,95.6
2005,SH_STA_BRTC,Colombia,90.7
2006,SH_STA_BRTC,Colombia,97.1
2007,SH_STA_BRTC,Colombia,97.8
2008,SH_STA_BRTC,Colombia,98.1
2009,SH_STA_BRTC,Colombia,98.6
2010,SH_STA_BRTC,Colombia,94.8
2011,SH_STA_BRTC,Colombia,99.2
2012,SH_STA_BRTC,Colombia,98.7
2013,SH_STA_BRTC,Colombia,98.7
2014,SH_STA_BRTC,Colombia,98.9
2015,SH_STA_BRTC,Colombia,99.0
2016,SH_STA_BRTC,Colombia,95.9
2017,SH_STA_BRTC,Colombia,99.3
2018,SH_STA_BRTC,Colombia,98.4
2019,SH_STA_BRTC,Colombia,98.8
2000,SH_STA_BRTC,Costa Rica,96.6
2001,SH_STA_BRTC,Costa Rica,98.0
2002,SH_STA_BRTC,Costa Rica,98.5
2003,SH_STA_BRTC,Costa Rica,98.2
2004,SH_STA_BRTC,Costa Rica,98.5
2005,SH_STA_BRTC,Costa Rica,98.5
2006,SH_STA_BRTC,Costa Rica,98.6
2007,SH_STA_BRTC,Costa Rica,98.7
2008,SH_STA_BRTC,Costa Rica,99.1
2009,SH_STA_BRTC,Costa Rica,99.1
2010,SH_STA_BRTC,Costa Rica,95.3
2011,SH_STA_BRTC,Costa Rica,98.4
2012,SH_STA_BRTC,Costa Rica,98.9
2013,SH_STA_BRTC,Costa Rica,99.0
2014,SH_STA_BRTC,Costa Rica,99.2
2015,SH_STA_BRTC,Costa Rica,90.0
2016,SH_STA_BRTC,Costa Rica,98.8
2017,SH_STA_BRTC,Costa Rica,98.7
2018,SH_STA_BRTC,Costa Rica,98.5
2019,SH_STA_BRTC,Costa Rica,99.0
2000,SH_STA_BRTC,Croatia,99.9
2001,SH_STA_BRTC,Croatia,99.9
2002,SH_STA_BRTC,Croatia,99.9
2003,SH_STA_BRTC,Croatia,99.9
2004,SH_STA_BRTC,Croatia,99.9
2005,SH_STA_BRTC,Croatia,99.9
2006,SH_STA_BRTC,Croatia,99.9
2007,SH_STA_BRTC,Croatia,99.9
2008,SH_STA_BRTC,Croatia,99.9
2009,SH_STA_BRTC,Croatia,99.9
2010,SH_STA_BRTC,Croatia,99.9
2011,SH_STA_BRTC,Croatia,99.9
2012,SH_STA_BRTC,Croatia,99.9
2013,SH_STA_BRTC,Croatia,99.9
2014,SH_STA_BRTC,Croatia,99.9
2015,SH_STA_BRTC,Croatia,99.9
2016,SH_STA_BRTC,Croatia,99.9
2017,SH_STA_BRTC,Croatia,99.9
2019,SH_STA_BRTC,Croatia,99.9
2000,SH_STA_BRTC,Cyprus,97.9
2004,SH_STA_BRTC,Cyprus,95.7
2005,SH_STA_BRTC,Cyprus,99.3
2006,SH_STA_BRTC,Cyprus,98.5
2007,SH_STA_BRTC,Cyprus,98.3
2008,SH_STA_BRTC,Cyprus,97.2
2009,SH_STA_BRTC,Cyprus,98.3
2010,SH_STA_BRTC,Cyprus,98.6
2011,SH_STA_BRTC,Cyprus,98.3
2012,SH_STA_BRTC,Cyprus,98.7
2013,SH_STA_BRTC,Cyprus,99.9
2014,SH_STA_BRTC,Cyprus,97.4
2015,SH_STA_BRTC,Cyprus,97.1
2016,SH_STA_BRTC,Cyprus,95.6
2017,SH_STA_BRTC,Cyprus,96.0
2018,SH_STA_BRTC,Cyprus,98.3
2019,SH_STA_BRTC,Cyprus,99.3
2000,SH_STA_BRTC,Czechia,99.8
2001,SH_STA_BRTC,Czechia,99.8
2002,SH_STA_BRTC,Czechia,99.8
2003,SH_STA_BRTC,Czechia,99.8
2004,SH_STA_BRTC,Czechia,99.8
2005,SH_STA_BRTC,Czechia,99.8
2006,SH_STA_BRTC,Czechia,99.7
2007,SH_STA_BRTC,Czechia,99.7
2008,SH_STA_BRTC,Czechia,99.6
2009,SH_STA_BRTC,Czechia,99.6
2010,SH_STA_BRTC,Czechia,99.7
2011,SH_STA_BRTC,Czechia,99.9
2012,SH_STA_BRTC,Czechia,99.9
2013,SH_STA_BRTC,Czechia,99.8
2014,SH_STA_BRTC,Czechia,99.8
2017,SH_STA_BRTC,Czechia,99.8
2000,SH_STA_BRTC,Denmark,98.8
2001,SH_STA_BRTC,Denmark,98.9
2002,SH_STA_BRTC,Denmark,98.8
2003,SH_STA_BRTC,Denmark,98.9
2004,SH_STA_BRTC,Denmark,98.6
2005,SH_STA_BRTC,Denmark,98.8
2006,SH_STA_BRTC,Denmark,98.7
2007,SH_STA_BRTC,Denmark,97.8
2009,SH_STA_BRTC,Denmark,98.7
2010,SH_STA_BRTC,Denmark,98.5
2011,SH_STA_BRTC,Denmark,98.5
2012,SH_STA_BRTC,Denmark,98.2
2013,SH_STA_BRTC,Denmark,96.3
2014,SH_STA_BRTC,Denmark,95.9
2015,SH_STA_BRTC,Denmark,95.4
2016,SH_STA_BRTC,Denmark,94.4
2017,SH_STA_BRTC,Denmark,95.1
2018,SH_STA_BRTC,Denmark,95.3
2000,SH_STA_BRTC,Estonia,99.6
2001,SH_STA_BRTC,Estonia,99.6
2002,SH_STA_BRTC,Estonia,99.6
2003,SH_STA_BRTC,Estonia,99.5
2004,SH_STA_BRTC,Estonia,99.8
2005,SH_STA_BRTC,Estonia,99.7
2006,SH_STA_BRTC,Estonia,99.7
2007,SH_STA_BRTC,Estonia,99.7
2008,SH_STA_BRTC,Estonia,99.7
2009,SH_STA_BRTC,Estonia,99.7
2010,SH_STA_BRTC,Estonia,99.8
2011,SH_STA_BRTC,Estonia,99.7
2012,SH_STA_BRTC,Estonia,99.8
2013,SH_STA_BRTC,Estonia,99.7
2014,SH_STA_BRTC,Estonia,99.7
2015,SH_STA_BRTC,Estonia,99.7
2016,SH_STA_BRTC,Estonia,99.7
2017,SH_STA_BRTC,Estonia,99.5
2018,SH_STA_BRTC,Estonia,99.6
2019,SH_STA_BRTC,Estonia,99.7
2020,SH_STA_BRTC,Estonia,99.6
2000,SH_STA_BRTC,Finland,99.9
2001,SH_STA_BRTC,Finland,99.9
2002,SH_STA_BRTC,Finland,99.9
2003,SH_STA_BRTC,Finland,99.9
2004,SH_STA_BRTC,Finland,99.8
2005,SH_STA_BRTC,Finland,99.9
2006,SH_STA_BRTC,Finland,99.8
2007,SH_STA_BRTC,Finland,99.8
2008,SH_STA_BRTC,Finland,99.8
2009,SH_STA_BRTC,Finland,99.8
2010,SH_STA_BRTC,Finland,99.8
2011,SH_STA_BRTC,Finland,99.8
2012,SH_STA_BRTC,Finland,99.8
2013,SH_STA_BRTC,Finland,99.7
2014,SH_STA_BRTC,Finland,99.7
2015,SH_STA_BRTC,Finland,99.7
2016,SH_STA_BRTC,Finland,99.6
2017,SH_STA_BRTC,Finland,99.6
2018,SH_STA_BRTC,Finland,99.6
2019,SH_STA_BRTC,Finland,99.5
2020,SH_STA_BRTC,Finland,99.6
2021,SH_STA_BRTC,Finland,99.5
2001,SH_STA_BRTC,France,99.6
2004,SH_STA_BRTC,France,98.0
2005,SH_STA_BRTC,France,97.9
2006,SH_STA_BRTC,France,98.3
2007,SH_STA_BRTC,France,98.1
2008,SH_STA_BRTC,France,98.0
2009,SH_STA_BRTC,France,97.9
2010,SH_STA_BRTC,France,97.5
2011,SH_STA_BRTC,France,96.2
2012,SH_STA_BRTC,France,97.1
2013,SH_STA_BRTC,France,98.3
2014,SH_STA_BRTC,France,98.3
2015,SH_STA_BRTC,France,97.7
2016,SH_STA_BRTC,France,97.4
2017,SH_STA_BRTC,France,98.0
2018,SH_STA_BRTC,France,98.1
2019,SH_STA_BRTC,France,97.6
2020,SH_STA_BRTC,France,98.2
2000,SH_STA_BRTC,Georgia,95.5
2001,SH_STA_BRTC,Georgia,96.6
2002,SH_STA_BRTC,Georgia,97.4
2003,SH_STA_BRTC,Georgia,97.2
2004,SH_STA_BRTC,Georgia,97.5
2005,SH_STA_BRTC,Georgia,98.3
2006,SH_STA_BRTC,Georgia,98.8
2007,SH_STA_BRTC,Georgia,99.4
2008,SH_STA_BRTC,Georgia,99.6
2009,SH_STA_BRTC,Georgia,99.7
2010,SH_STA_BRTC,Georgia,99.6
2011,SH_STA_BRTC,Georgia,99.8
2012,SH_STA_BRTC,Georgia,99.8
2013,SH_STA_BRTC,Georgia,99.9
2014,SH_STA_BRTC,Georgia,99.9
2015,SH_STA_BRTC,Georgia,99.9
2016,SH_STA_BRTC,Georgia,99.9
2017,SH_STA_BRTC,Georgia,99.9
2018,SH_STA_BRTC,Georgia,99.8
2019,SH_STA_BRTC,Georgia,99.8
2020,SH_STA_BRTC,Georgia,99.8
2021,SH_STA_BRTC,Georgia,99.8
2000,SH_STA_BRTC,Germany,98.6
2001,SH_STA_BRTC,Germany,98.6
2002,SH_STA_BRTC,Germany,98.6
2003,SH_STA_BRTC,Germany,98.6
2004,SH_STA_BRTC,Germany,98.2
2005,SH_STA_BRTC,Germany,98.2
2006,SH_STA_BRTC,Germany,98.4
2007,SH_STA_BRTC,Germany,98.4
2008,SH_STA_BRTC,Germany,98.5
2009,SH_STA_BRTC,Germany,98.3
2010,SH_STA_BRTC,Germany,96.8
2011,SH_STA_BRTC,Germany,96.9
2012,SH_STA_BRTC,Germany,97.0
2013,SH_STA_BRTC,Germany,96.9
2014,SH_STA_BRTC,Germany,96.9
2015,SH_STA_BRTC,Germany,97.1
2016,SH_STA_BRTC,Germany,96.2
2017,SH_STA_BRTC,Germany,97.1
2018,SH_STA_BRTC,Germany,96.2
2019,SH_STA_BRTC,Germany,96.2
2000,SH_STA_BRTC,Greece,99.94
2001,SH_STA_BRTC,Greece,99.95
2002,SH_STA_BRTC,Greece,99.96
2003,SH_STA_BRTC,Greece,99.98
2004,SH_STA_BRTC,Greece,99.97
2005,SH_STA_BRTC,Greece,99.97
2006,SH_STA_BRTC,Greece,99.99
2007,SH_STA_BRTC,Greece,99.98
2008,SH_STA_BRTC,Greece,99.97
2009,SH_STA_BRTC,Greece,99.95
2010,SH_STA_BRTC,Greece,99.96
2011,SH_STA_BRTC,Greece,99.96
2012,SH_STA_BRTC,Greece,99.91
2013,SH_STA_BRTC,Greece,99.91
2014,SH_STA_BRTC,Greece,99.93
2015,SH_STA_BRTC,Greece,99.94
2016,SH_STA_BRTC,Greece,99.94
2017,SH_STA_BRTC,Greece,99.93
2018,SH_STA_BRTC,Greece,99.9
2000,SH_STA_BRTC,Hungary,99.5
2001,SH_STA_BRTC,Hungary,99.6
2002,SH_STA_BRTC,Hungary,99.6
2003,SH_STA_BRTC,Hungary,99.6
2004,SH_STA_BRTC,Hungary,99.6
2005,SH_STA_BRTC,Hungary,99.6
2006,SH_STA_BRTC,Hungary,99.7
2007,SH_STA_BRTC,Hungary,99.6
2008,SH_STA_BRTC,Hungary,99.5
2009,SH_STA_BRTC,Hungary,99.6
2010,SH_STA_BRTC,Hungary,99.1
2011,SH_STA_BRTC,Hungary,99.0
2012,SH_STA_BRTC,Hungary,99.0
2013,SH_STA_BRTC,Hungary,99.1
2014,SH_STA_BRTC,Hungary,99.2
2015,SH_STA_BRTC,Hungary,99.6
2016,SH_STA_BRTC,Hungary,99.7
2017,SH_STA_BRTC,Hungary,99.7
2000,SH_STA_BRTC,Iceland,99.3
2001,SH_STA_BRTC,Iceland,99.5
2002,SH_STA_BRTC,Iceland,99.4
2003,SH_STA_BRTC,Iceland,99.4
2004,SH_STA_BRTC,Iceland,99.4
2005,SH_STA_BRTC,Iceland,99.0
2006,SH_STA_BRTC,Iceland,98.9
2007,SH_STA_BRTC,Iceland,98.9
2008,SH_STA_BRTC,Iceland,98.7
2009,SH_STA_BRTC,Iceland,98.8
2010,SH_STA_BRTC,Iceland,98.2
2011,SH_STA_BRTC,Iceland,97.9
2012,SH_STA_BRTC,Iceland,97.8
2013,SH_STA_BRTC,Iceland,98.1
2014,SH_STA_BRTC,Iceland,97.8
2015,SH_STA_BRTC,Iceland,98.2
2016,SH_STA_BRTC,Iceland,97.9
2017,SH_STA_BRTC,Iceland,98.0
2018,SH_STA_BRTC,Iceland,98.2
2019,SH_STA_BRTC,Iceland,98.3
2020,SH_STA_BRTC,Iceland,97.4
2000,SH_STA_BRTC,India,42.5
2006,SH_STA_BRTC,India,46.6
2008,SH_STA_BRTC,India,52.3
2014,SH_STA_BRTC,India,81.4
2016,SH_STA_BRTC,India,81.4
2021,SH_STA_BRTC,India,89.4
2000,SH_STA_BRTC,Ireland,99.6
2001,SH_STA_BRTC,Ireland,99.6
2002,SH_STA_BRTC,Ireland,99.5
2003,SH_STA_BRTC,Ireland,99.6
2004,SH_STA_BRTC,Ireland,99.7
2005,SH_STA_BRTC,Ireland,99.7
2006,SH_STA_BRTC,Ireland,99.7
2007,SH_STA_BRTC,Ireland,99.7
2008,SH_STA_BRTC,Ireland,99.8
2009,SH_STA_BRTC,Ireland,99.8
2010,SH_STA_BRTC,Ireland,99.8
2011,SH_STA_BRTC,Ireland,99.8
2012,SH_STA_BRTC,Ireland,99.8
2013,SH_STA_BRTC,Ireland,99.8
2014,SH_STA_BRTC,Ireland,99.7
2015,SH_STA_BRTC,Ireland,99.7
2016,SH_STA_BRTC,Ireland,99.7
2017,SH_STA_BRTC,Ireland,99.7
2000,SH_STA_BRTC,Italy,99.8
2002,SH_STA_BRTC,Italy,99.6
2003,SH_STA_BRTC,Italy,99.6
2004,SH_STA_BRTC,Italy,99.8
2005,SH_STA_BRTC,Italy,99.8
2006,SH_STA_BRTC,Italy,99.8
2007,SH_STA_BRTC,Italy,99.6
2008,SH_STA_BRTC,Italy,99.8
2009,SH_STA_BRTC,Italy,99.8
2010,SH_STA_BRTC,Italy,99.9
2011,SH_STA_BRTC,Italy,99.9
2013,SH_STA_BRTC,Italy,99.9
2014,SH_STA_BRTC,Italy,99.9
2015,SH_STA_BRTC,Italy,99.9
2016,SH_STA_BRTC,Italy,99.9
2017,SH_STA_BRTC,Italy,99.9
2018,SH_STA_BRTC,Italy,99.9
2019,SH_STA_BRTC,Italy,99.8
2020,SH_STA_BRTC,Italy,99.8
2000,SH_STA_BRTC,Japan,99.8
2001,SH_STA_BRTC,Japan,99.8
2002,SH_STA_BRTC,Japan,99.8
2003,SH_STA_BRTC,Japan,99.8
2004,SH_STA_BRTC,Japan,99.8
2005,SH_STA_BRTC,Japan,99.8
2006,SH_STA_BRTC,Japan,99.8
2007,SH_STA_BRTC,Japan,99.8
2008,SH_STA_BRTC,Japan,99.8
2009,SH_STA_BRTC,Japan,99.8
2010,SH_STA_BRTC,Japan,99.8
2011,SH_STA_BRTC,Japan,99.8
2012,SH_STA_BRTC,Japan,99.8
2014,SH_STA_BRTC,Japan,99.8
2015,SH_STA_BRTC,Japan,99.9
2016,SH_STA_BRTC,Japan,99.8
2017,SH_STA_BRTC,Japan,99.9
2018,SH_STA_BRTC,Japan,99.9
2019,SH_STA_BRTC,Japan,99.9
2020,SH_STA_BRTC,Japan,99.9
2021,SH_STA_BRTC,Japan,99.8
2000,SH_STA_BRTC,Kazakhstan,98.3
2001,SH_STA_BRTC,Kazakhstan,98.5
2002,SH_STA_BRTC,Kazakhstan,98.9
2003,SH_STA_BRTC,Kazakhstan,99.4
2004,SH_STA_BRTC,Kazakhstan,99.4
2005,SH_STA_BRTC,Kazakhstan,99.4
2006,SH_STA_BRTC,Kazakhstan,99.8
2008,SH_STA_BRTC,Kazakhstan,99.3
2009,SH_STA_BRTC,Kazakhstan,99.4
2010,SH_STA_BRTC,Kazakhstan,99.4
2011,SH_STA_BRTC,Kazakhstan,99.9
2012,SH_STA_BRTC,Kazakhstan,99.99
2013,SH_STA_BRTC,Kazakhstan,99.99
2014,SH_STA_BRTC,Kazakhstan,99.99
2015,SH_STA_BRTC,Kazakhstan,99.4
2016,SH_STA_BRTC,Kazakhstan,99.9
2017,SH_STA_BRTC,Kazakhstan,99.9
2018,SH_STA_BRTC,Kazakhstan,99.9
2000,SH_STA_BRTC,Republic of Korea,99.9
2003,SH_STA_BRTC,Republic of Korea,99.9
2009,SH_STA_BRTC,Republic of Korea,99.9
2012,SH_STA_BRTC,Republic of Korea,99.8
2015,SH_STA_BRTC,Republic of Korea,100.0
2000,SH_STA_BRTC,Kyrgyzstan,98.6
2001,SH_STA_BRTC,Kyrgyzstan,98.7
2002,SH_STA_BRTC,Kyrgyzstan,98.8
2003,SH_STA_BRTC,Kyrgyzstan,98.9
2004,SH_STA_BRTC,Kyrgyzstan,98.2
2005,SH_STA_BRTC,Kyrgyzstan,97.9
2006,SH_STA_BRTC,Kyrgyzstan,97.6
2007,SH_STA_BRTC,Kyrgyzstan,98.4
2008,SH_STA_BRTC,Kyrgyzstan,98.5
2009,SH_STA_BRTC,Kyrgyzstan,98.5
2010,SH_STA_BRTC,Kyrgyzstan,98.3
2011,SH_STA_BRTC,Kyrgyzstan,98.6
2012,SH_STA_BRTC,Kyrgyzstan,99.1
2013,SH_STA_BRTC,Kyrgyzstan,99.0
2014,SH_STA_BRTC,Kyrgyzstan,98.4
2018,SH_STA_BRTC,Kyrgyzstan,99.8
2020,SH_STA_BRTC,Kyrgyzstan,100.0
2007,SH_STA_BRTC,Latvia,99.4
2008,SH_STA_BRTC,Latvia,99.1
2009,SH_STA_BRTC,Latvia,98.9
2010,SH_STA_BRTC,Latvia,98.8
2011,SH_STA_BRTC,Latvia,98.6
2012,SH_STA_BRTC,Latvia,98.6
2013,SH_STA_BRTC,Latvia,98.4
2014,SH_STA_BRTC,Latvia,98.1
2015,SH_STA_BRTC,Latvia,99.9
2016,SH_STA_BRTC,Latvia,99.9
2017,SH_STA_BRTC,Latvia,99.9
2000,SH_STA_BRTC,Lithuania,100.0
2001,SH_STA_BRTC,Lithuania,100.0
2002,SH_STA_BRTC,Lithuania,100.0
2003,SH_STA_BRTC,Lithuania,100.0
2004,SH_STA_BRTC,Lithuania,100.0
2005,SH_STA_BRTC,Lithuania,100.0
2006,SH_STA_BRTC,Lithuania,100.0
2007,SH_STA_BRTC,Lithuania,100.0
2008,SH_STA_BRTC,Lithuania,100.0
2009,SH_STA_BRTC,Lithuania,100.0
2010,SH_STA_BRTC,Lithuania,100.0
2011,SH_STA_BRTC,Lithuania,100.0
2012,SH_STA_BRTC,Lithuania,100.0
2013,SH_STA_BRTC,Lithuania,100.0
2014,SH_STA_BRTC,Lithuania,100.0
2015,SH_STA_BRTC,Lithuania,100.0
2016,SH_STA_BRTC,Lithuania,100.0
2017,SH_STA_BRTC,Lithuania,100.0
2018,SH_STA_BRTC,Lithuania,100.0
2019,SH_STA_BRTC,Lithuania,100.0
2020,SH_STA_BRTC,Lithuania,100.0
2021,SH_STA_BRTC,Lithuania,100.0
2003,SH_STA_BRTC,Luxembourg,99.9
2009,SH_STA_BRTC,Luxembourg,99.9
2001,SH_STA_BRTC,Malta,99.9
2002,SH_STA_BRTC,Malta,99.5
2003,SH_STA_BRTC,Malta,99.5
2004,SH_STA_BRTC,Malta,99.9
2005,SH_STA_BRTC,Malta,99.7
2006,SH_STA_BRTC,Malta,98.8
2007,SH_STA_BRTC,Malta,99.8
2008,SH_STA_BRTC,Malta,99.9
2009,SH_STA_BRTC,Malta,99.8
2010,SH_STA_BRTC,Malta,99.8
2011,SH_STA_BRTC,Malta,99.8
2012,SH_STA_BRTC,Malta,99.5
2013,SH_STA_BRTC,Malta,99.9
2014,SH_STA_BRTC,Malta,99.9
2015,SH_STA_BRTC,Malta,99.8
2016,SH_STA_BRTC,Malta,99.8
2017,SH_STA_BRTC,Malta,99.7
2018,SH_STA_BRTC,Malta,99.7
2019,SH_STA_BRTC,Malta,99.7
2020,SH_STA_BRTC,Malta,99.89
2021,SH_STA_BRTC,Malta,99.8
2000,SH_STA_BRTC,Mexico,88.6
2001,SH_STA_BRTC,Mexico,88.0
2002,SH_STA_BRTC,Mexico,88.9
2003,SH_STA_BRTC,Mexico,89.6
2004,SH_STA_BRTC,Mexico,90.3
2005,SH_STA_BRTC,Mexico,91.1
2006,SH_STA_BRTC,Mexico,93.4
2007,SH_STA_BRTC,Mexico,92.7
2008,SH_STA_BRTC,Mexico,93.3
2009,SH_STA_BRTC,Mexico,95.3
2010,SH_STA_BRTC,Mexico,94.5
2011,SH_STA_BRTC,Mexico,95.3
2012,SH_STA_BRTC,Mexico,99.6
2013,SH_STA_BRTC,Mexico,96.1
2014,SH_STA_BRTC,Mexico,95.6
2015,SH_STA_BRTC,Mexico,97.7
2016,SH_STA_BRTC,Mexico,98.0
2017,SH_STA_BRTC,Mexico,96.6
2000,SH_STA_BRTC,Republic of Moldova,98.0
2001,SH_STA_BRTC,Republic of Moldova,99.0
2002,SH_STA_BRTC,Republic of Moldova,99.6
2003,SH_STA_BRTC,Republic of Moldova,99.4
2004,SH_STA_BRTC,Republic of Moldova,99.3
2005,SH_STA_BRTC,Republic of Moldova,99.5
2006,SH_STA_BRTC,Republic of Moldova,99.6
2007,SH_STA_BRTC,Republic of Moldova,99.6
2008,SH_STA_BRTC,Republic of Moldova,99.5
2009,SH_STA_BRTC,Republic of Moldova,99.7
2010,SH_STA_BRTC,Republic of Moldova,99.2
2011,SH_STA_BRTC,Republic of Moldova,99.4
2012,SH_STA_BRTC,Republic of Moldova,99.2
2013,SH_STA_BRTC,Republic of Moldova,99.8
2014,SH_STA_BRTC,Republic of Moldova,99.7
2015,SH_STA_BRTC,Republic of Moldova,99.7
2016,SH_STA_BRTC,Republic of Moldova,99.7
2016,SH_STA_BRTC,Uzbekistan,100.0
2017,SH_STA_BRTC,Uzbekistan,100.0
2018,SH_STA_BRTC,Uzbekistan,100.0
2019,SH_STA_BRTC,Uzbekistan,100.0
2020,SH_STA_BRTC,Uzbekistan,100.0
2022,SH_STA_BRTC,Uzbekistan,99.0
2017,SH_STA_BRTC,Republic of Moldova,99.7
2018,SH_STA_BRTC,Republic of Moldova,99.7
2019,SH_STA_BRTC,Republic of Moldova,99.7
2020,SH_STA_BRTC,Republic of Moldova,99.6
2021,SH_STA_BRTC,Republic of Moldova,99.6
2021,SH_STA_BRTC,Republic of Moldova,99.6
