Year,SeriesCode,GeoAreaName,Sex,Value
2000,SH_STA_SCIDE,Czechia,BOTHSEX,16.3
2000,SH_STA_SCIDE,Czechia,FEMALE,6.8
2000,SH_STA_SCIDE,Czechia,MALE,26.3
2005,SH_STA_SCIDE,Czechia,BOTHSEX,15.8
2005,SH_STA_SCIDE,Czechia,FEMALE,5.8
2005,SH_STA_SCIDE,Czechia,MALE,26.3
2010,SH_STA_SCIDE,Czechia,MALE,25.4
2010,SH_STA_SCIDE,Czechia,BOTHSEX,15.0
2010,SH_STA_SCIDE,Czechia,FEMALE,5.1
2015,SH_STA_SCIDE,Czechia,BOTHSEX,13.6
2015,SH_STA_SCIDE,Czechia,FEMALE,5.0
2015,SH_STA_SCIDE,Czechia,MALE,22.5
2019,SH_STA_SCIDE,Czechia,BOTHSEX,12.2
2019,SH_STA_SCIDE,Czechia,FEMALE,4.8
2019,SH_STA_SCIDE,Czechia,MALE,19.8
2000,SH_STA_SCIDE,Denmark,BOTHSEX,15.6
2000,SH_STA_SCIDE,Denmark,FEMALE,8.8
2000,SH_STA_SCIDE,Denmark,MALE,22.6
2005,SH_STA_SCIDE,Denmark,BOTHSEX,14.8
2005,SH_STA_SCIDE,Denmark,FEMALE,9.5
2000,SH_STA_SCIDE,Albania,BOTHSEX,4.9
2000,SH_STA_SCIDE,Albania,MALE,7.0
2000,SH_STA_SCIDE,Albania,FEMALE,2.8
2005,SH_STA_SCIDE,Albania,BOTHSEX,7.5
2005,SH_STA_SCIDE,Albania,FEMALE,5.2
2005,SH_STA_SCIDE,Albania,MALE,9.7
2010,SH_STA_SCIDE,Albania,BOTHSEX,7.8
2010,SH_STA_SCIDE,Albania,FEMALE,6.1
2010,SH_STA_SCIDE,Albania,MALE,9.5
2015,SH_STA_SCIDE,Albania,BOTHSEX,4.8
2005,SH_STA_SCIDE,Denmark,MALE,20.3
2010,SH_STA_SCIDE,Denmark,BOTHSEX,11.8
2010,SH_STA_SCIDE,Denmark,MALE,16.5
2010,SH_STA_SCIDE,Denmark,FEMALE,7.2
2015,SH_STA_SCIDE,Denmark,FEMALE,7.2
2015,SH_STA_SCIDE,Denmark,MALE,14.7
2015,SH_STA_SCIDE,Denmark,BOTHSEX,10.9
2019,SH_STA_SCIDE,Denmark,BOTHSEX,10.7
2019,SH_STA_SCIDE,Denmark,FEMALE,6.5
2019,SH_STA_SCIDE,Denmark,MALE,14.9
2015,SH_STA_SCIDE,Albania,FEMALE,3.2
2015,SH_STA_SCIDE,Albania,MALE,6.3
2019,SH_STA_SCIDE,Albania,BOTHSEX,4.3
2019,SH_STA_SCIDE,Albania,FEMALE,2.7
2019,SH_STA_SCIDE,Albania,MALE,5.9
2000,SH_STA_SCIDE,Azerbaijan,BOTHSEX,3.1
2000,SH_STA_SCIDE,Azerbaijan,FEMALE,1.2
2000,SH_STA_SCIDE,Azerbaijan,MALE,5.1
2005,SH_STA_SCIDE,Azerbaijan,BOTHSEX,4.5
2005,SH_STA_SCIDE,Azerbaijan,FEMALE,1.9
2000,SH_STA_SCIDE,Estonia,BOTHSEX,29.1
2000,SH_STA_SCIDE,Estonia,FEMALE,12.6
2000,SH_STA_SCIDE,Estonia,MALE,48.0
2005,SH_STA_SCIDE,Estonia,BOTHSEX,22.6
2005,SH_STA_SCIDE,Estonia,FEMALE,8.2
2005,SH_STA_SCIDE,Estonia,MALE,39.2
2010,SH_STA_SCIDE,Estonia,BOTHSEX,18.8
2010,SH_STA_SCIDE,Estonia,FEMALE,6.6
2010,SH_STA_SCIDE,Estonia,MALE,32.7
2015,SH_STA_SCIDE,Estonia,BOTHSEX,15.9
2005,SH_STA_SCIDE,Azerbaijan,MALE,7.2
2010,SH_STA_SCIDE,Azerbaijan,FEMALE,1.9
2010,SH_STA_SCIDE,Azerbaijan,BOTHSEX,4.6
2010,SH_STA_SCIDE,Azerbaijan,MALE,7.3
2015,SH_STA_SCIDE,Azerbaijan,MALE,6.6
2015,SH_STA_SCIDE,Azerbaijan,FEMALE,1.6
2015,SH_STA_SCIDE,Azerbaijan,BOTHSEX,4.1
2019,SH_STA_SCIDE,Azerbaijan,BOTHSEX,4.1
2019,SH_STA_SCIDE,Azerbaijan,FEMALE,1.6
2019,SH_STA_SCIDE,Azerbaijan,MALE,6.6
2000,SH_STA_SCIDE,Australia,BOTHSEX,12.7
2000,SH_STA_SCIDE,Australia,FEMALE,5.6
2000,SH_STA_SCIDE,Australia,MALE,19.9
2005,SH_STA_SCIDE,Australia,MALE,17.3
2005,SH_STA_SCIDE,Australia,BOTHSEX,11.2
2005,SH_STA_SCIDE,Australia,FEMALE,5.1
2010,SH_STA_SCIDE,Australia,BOTHSEX,11.7
2010,SH_STA_SCIDE,Australia,FEMALE,5.7
2010,SH_STA_SCIDE,Australia,MALE,17.7
2015,SH_STA_SCIDE,Australia,BOTHSEX,13.2
2015,SH_STA_SCIDE,Australia,FEMALE,6.8
2015,SH_STA_SCIDE,Australia,MALE,19.7
2019,SH_STA_SCIDE,Australia,MALE,18.6
2019,SH_STA_SCIDE,Australia,FEMALE,6.4
2019,SH_STA_SCIDE,Australia,BOTHSEX,12.5
2000,SH_STA_SCIDE,Austria,BOTHSEX,19.9
2000,SH_STA_SCIDE,Austria,FEMALE,10.6
2000,SH_STA_SCIDE,Austria,MALE,29.8
2005,SH_STA_SCIDE,Austria,BOTHSEX,17.2
2005,SH_STA_SCIDE,Austria,FEMALE,8.6
2005,SH_STA_SCIDE,Austria,MALE,26.4
2010,SH_STA_SCIDE,Austria,BOTHSEX,16.1
2010,SH_STA_SCIDE,Austria,FEMALE,7.6
2010,SH_STA_SCIDE,Austria,MALE,25.1
2015,SH_STA_SCIDE,Austria,MALE,24.8
2015,SH_STA_SCIDE,Austria,BOTHSEX,16.0
2015,SH_STA_SCIDE,Austria,FEMALE,7.6
2019,SH_STA_SCIDE,Austria,BOTHSEX,14.6
2019,SH_STA_SCIDE,Austria,MALE,22.8
2019,SH_STA_SCIDE,Austria,FEMALE,6.7
2000,SH_STA_SCIDE,Armenia,MALE,5.1
2000,SH_STA_SCIDE,Armenia,FEMALE,1.9
2000,SH_STA_SCIDE,Armenia,BOTHSEX,3.4
2005,SH_STA_SCIDE,Armenia,BOTHSEX,4.2
2005,SH_STA_SCIDE,Armenia,FEMALE,2.1
2005,SH_STA_SCIDE,Armenia,MALE,6.6
2010,SH_STA_SCIDE,Armenia,MALE,10.5
2010,SH_STA_SCIDE,Armenia,BOTHSEX,6.7
2010,SH_STA_SCIDE,Armenia,FEMALE,3.5
2015,SH_STA_SCIDE,Armenia,BOTHSEX,6.2
2015,SH_STA_SCIDE,Armenia,FEMALE,3.7
2015,SH_STA_SCIDE,Armenia,MALE,8.9
2019,SH_STA_SCIDE,Armenia,BOTHSEX,3.3
2019,SH_STA_SCIDE,Armenia,FEMALE,1.3
2019,SH_STA_SCIDE,Armenia,MALE,5.6
2000,SH_STA_SCIDE,Belgium,BOTHSEX,22.0
2000,SH_STA_SCIDE,Belgium,FEMALE,12.9
2000,SH_STA_SCIDE,Belgium,MALE,31.5
2005,SH_STA_SCIDE,Belgium,BOTHSEX,20.7
2005,SH_STA_SCIDE,Belgium,MALE,30.3
2005,SH_STA_SCIDE,Belgium,FEMALE,11.4
2010,SH_STA_SCIDE,Belgium,BOTHSEX,20.5
2010,SH_STA_SCIDE,Belgium,FEMALE,12.2
2010,SH_STA_SCIDE,Belgium,MALE,29.1
2015,SH_STA_SCIDE,Belgium,BOTHSEX,18.6
2015,SH_STA_SCIDE,Belgium,FEMALE,11.7
2015,SH_STA_SCIDE,Belgium,MALE,25.8
2019,SH_STA_SCIDE,Belgium,BOTHSEX,18.3
2019,SH_STA_SCIDE,Belgium,FEMALE,11.8
2019,SH_STA_SCIDE,Belgium,MALE,24.9
2000,SH_STA_SCIDE,Bosnia and Herzegovina,BOTHSEX,9.0
2000,SH_STA_SCIDE,Bosnia and Herzegovina,FEMALE,4.0
2000,SH_STA_SCIDE,Bosnia and Herzegovina,MALE,14.3
2005,SH_STA_SCIDE,Bosnia and Herzegovina,BOTHSEX,10.8
2005,SH_STA_SCIDE,Bosnia and Herzegovina,FEMALE,4.4
2005,SH_STA_SCIDE,Bosnia and Herzegovina,MALE,17.3
2010,SH_STA_SCIDE,Bosnia and Herzegovina,BOTHSEX,10.5
2010,SH_STA_SCIDE,Bosnia and Herzegovina,FEMALE,4.5
2010,SH_STA_SCIDE,Bosnia and Herzegovina,MALE,16.8
2015,SH_STA_SCIDE,Bosnia and Herzegovina,BOTHSEX,10.7
2015,SH_STA_SCIDE,Bosnia and Herzegovina,FEMALE,4.6
2015,SH_STA_SCIDE,Bosnia and Herzegovina,MALE,17.0
2019,SH_STA_SCIDE,Bosnia and Herzegovina,BOTHSEX,10.9
2019,SH_STA_SCIDE,Bosnia and Herzegovina,FEMALE,4.5
2019,SH_STA_SCIDE,Bosnia and Herzegovina,MALE,17.6
2000,SH_STA_SCIDE,Bulgaria,BOTHSEX,18.2
2000,SH_STA_SCIDE,Bulgaria,FEMALE,10.1
2000,SH_STA_SCIDE,Bulgaria,MALE,26.8
2005,SH_STA_SCIDE,Bulgaria,FEMALE,6.7
2005,SH_STA_SCIDE,Bulgaria,MALE,20.2
2005,SH_STA_SCIDE,Bulgaria,BOTHSEX,13.2
2010,SH_STA_SCIDE,Bulgaria,BOTHSEX,12.4
2010,SH_STA_SCIDE,Bulgaria,FEMALE,5.9
2010,SH_STA_SCIDE,Bulgaria,MALE,19.2
2015,SH_STA_SCIDE,Bulgaria,BOTHSEX,9.8
2015,SH_STA_SCIDE,Bulgaria,FEMALE,4.5
2015,SH_STA_SCIDE,Bulgaria,MALE,15.5
2019,SH_STA_SCIDE,Bulgaria,BOTHSEX,9.7
2019,SH_STA_SCIDE,Bulgaria,MALE,15.3
2019,SH_STA_SCIDE,Bulgaria,FEMALE,4.4
2000,SH_STA_SCIDE,Belarus,FEMALE,11.9
2000,SH_STA_SCIDE,Belarus,MALE,75.6
2000,SH_STA_SCIDE,Belarus,BOTHSEX,41.8
2005,SH_STA_SCIDE,Belarus,BOTHSEX,43.5
2005,SH_STA_SCIDE,Belarus,FEMALE,12.9
2005,SH_STA_SCIDE,Belarus,MALE,78.5
2010,SH_STA_SCIDE,Belarus,BOTHSEX,35.9
2010,SH_STA_SCIDE,Belarus,FEMALE,11.2
2010,SH_STA_SCIDE,Belarus,MALE,64.3
2015,SH_STA_SCIDE,Belarus,BOTHSEX,24.3
2015,SH_STA_SCIDE,Belarus,FEMALE,8.3
2015,SH_STA_SCIDE,Belarus,MALE,42.7
2019,SH_STA_SCIDE,Belarus,BOTHSEX,21.2
2019,SH_STA_SCIDE,Belarus,FEMALE,7.7
2019,SH_STA_SCIDE,Belarus,MALE,36.7
2000,SH_STA_SCIDE,Canada,BOTHSEX,11.9
2000,SH_STA_SCIDE,Canada,FEMALE,5.7
2000,SH_STA_SCIDE,Canada,MALE,18.3
2005,SH_STA_SCIDE,Canada,FEMALE,6.2
2005,SH_STA_SCIDE,Canada,BOTHSEX,12.2
2005,SH_STA_SCIDE,Canada,MALE,18.2
2010,SH_STA_SCIDE,Canada,BOTHSEX,12.1
2010,SH_STA_SCIDE,Canada,FEMALE,6.4
2010,SH_STA_SCIDE,Canada,MALE,17.8
2015,SH_STA_SCIDE,Canada,FEMALE,6.8
2015,SH_STA_SCIDE,Canada,MALE,19.2
2015,SH_STA_SCIDE,Canada,BOTHSEX,13.0
2019,SH_STA_SCIDE,Canada,BOTHSEX,11.8
2019,SH_STA_SCIDE,Canada,FEMALE,6.1
2019,SH_STA_SCIDE,Canada,MALE,17.6
2000,SH_STA_SCIDE,Chile,BOTHSEX,10.3
2000,SH_STA_SCIDE,Chile,FEMALE,2.9
2000,SH_STA_SCIDE,Chile,MALE,17.9
2005,SH_STA_SCIDE,Chile,BOTHSEX,9.7
2005,SH_STA_SCIDE,Chile,FEMALE,3.2
2005,SH_STA_SCIDE,Chile,MALE,16.3
2010,SH_STA_SCIDE,Chile,BOTHSEX,11.6
2010,SH_STA_SCIDE,Chile,FEMALE,4.4
2010,SH_STA_SCIDE,Chile,MALE,19.1
2015,SH_STA_SCIDE,Chile,BOTHSEX,10.0
2015,SH_STA_SCIDE,Chile,FEMALE,4.1
2015,SH_STA_SCIDE,Chile,MALE,16.0
2019,SH_STA_SCIDE,Chile,BOTHSEX,9.0
2019,SH_STA_SCIDE,Chile,FEMALE,3.2
2019,SH_STA_SCIDE,Chile,MALE,14.9
2000,SH_STA_SCIDE,China,BOTHSEX,14.3
2000,SH_STA_SCIDE,China,FEMALE,14.7
2000,SH_STA_SCIDE,China,MALE,13.9
2005,SH_STA_SCIDE,China,BOTHSEX,12.9
2005,SH_STA_SCIDE,China,FEMALE,11.9
2005,SH_STA_SCIDE,China,MALE,13.8
2010,SH_STA_SCIDE,China,FEMALE,8.7
2010,SH_STA_SCIDE,China,MALE,11.7
2010,SH_STA_SCIDE,China,BOTHSEX,10.2
2015,SH_STA_SCIDE,China,BOTHSEX,8.1
2015,SH_STA_SCIDE,China,FEMALE,6.4
2015,SH_STA_SCIDE,China,MALE,9.8
2019,SH_STA_SCIDE,China,BOTHSEX,8.1
2019,SH_STA_SCIDE,China,FEMALE,6.2
2019,SH_STA_SCIDE,China,MALE,9.8
2000,SH_STA_SCIDE,Colombia,BOTHSEX,5.0
2000,SH_STA_SCIDE,Colombia,FEMALE,2.6
2000,SH_STA_SCIDE,Colombia,MALE,7.5
2005,SH_STA_SCIDE,Colombia,MALE,6.4
2005,SH_STA_SCIDE,Colombia,BOTHSEX,4.1
2005,SH_STA_SCIDE,Colombia,FEMALE,2.0
2010,SH_STA_SCIDE,Colombia,BOTHSEX,3.8
2010,SH_STA_SCIDE,Colombia,FEMALE,1.5
2010,SH_STA_SCIDE,Colombia,MALE,6.2
2015,SH_STA_SCIDE,Colombia,BOTHSEX,4.1
2015,SH_STA_SCIDE,Colombia,FEMALE,1.9
2015,SH_STA_SCIDE,Colombia,MALE,6.5
2019,SH_STA_SCIDE,Colombia,BOTHSEX,3.9
2019,SH_STA_SCIDE,Colombia,MALE,6.1
2019,SH_STA_SCIDE,Colombia,FEMALE,1.8
2000,SH_STA_SCIDE,Costa Rica,BOTHSEX,6.4
2000,SH_STA_SCIDE,Costa Rica,FEMALE,1.5
2000,SH_STA_SCIDE,Costa Rica,MALE,11.3
2005,SH_STA_SCIDE,Costa Rica,BOTHSEX,6.5
2005,SH_STA_SCIDE,Costa Rica,FEMALE,2.0
2005,SH_STA_SCIDE,Costa Rica,MALE,11.1
2010,SH_STA_SCIDE,Costa Rica,BOTHSEX,6.9
2010,SH_STA_SCIDE,Costa Rica,FEMALE,2.0
2010,SH_STA_SCIDE,Costa Rica,MALE,11.8
2015,SH_STA_SCIDE,Costa Rica,BOTHSEX,6.7
2015,SH_STA_SCIDE,Costa Rica,FEMALE,2.3
2015,SH_STA_SCIDE,Costa Rica,MALE,11.2
2019,SH_STA_SCIDE,Costa Rica,BOTHSEX,8.1
2019,SH_STA_SCIDE,Costa Rica,FEMALE,2.0
2019,SH_STA_SCIDE,Costa Rica,MALE,14.1
2000,SH_STA_SCIDE,Croatia,FEMALE,10.3
2000,SH_STA_SCIDE,Croatia,BOTHSEX,20.8
2000,SH_STA_SCIDE,Croatia,MALE,32.1
2005,SH_STA_SCIDE,Croatia,BOTHSEX,20.1
2005,SH_STA_SCIDE,Croatia,FEMALE,9.9
2005,SH_STA_SCIDE,Croatia,MALE,31.0
2010,SH_STA_SCIDE,Croatia,BOTHSEX,18.3
2010,SH_STA_SCIDE,Croatia,FEMALE,9.0
2010,SH_STA_SCIDE,Croatia,MALE,28.4
2015,SH_STA_SCIDE,Croatia,BOTHSEX,17.6
2015,SH_STA_SCIDE,Croatia,FEMALE,9.2
2015,SH_STA_SCIDE,Croatia,MALE,26.7
2019,SH_STA_SCIDE,Croatia,BOTHSEX,16.4
2019,SH_STA_SCIDE,Croatia,FEMALE,8.1
2019,SH_STA_SCIDE,Croatia,MALE,25.3
2000,SH_STA_SCIDE,Cyprus,FEMALE,1.3
2000,SH_STA_SCIDE,Cyprus,BOTHSEX,2.0
2000,SH_STA_SCIDE,Cyprus,MALE,2.8
2005,SH_STA_SCIDE,Cyprus,FEMALE,1.3
2005,SH_STA_SCIDE,Cyprus,MALE,3.9
2005,SH_STA_SCIDE,Cyprus,BOTHSEX,2.6
2010,SH_STA_SCIDE,Cyprus,BOTHSEX,5.3
2010,SH_STA_SCIDE,Cyprus,FEMALE,2.1
2010,SH_STA_SCIDE,Cyprus,MALE,8.4
2015,SH_STA_SCIDE,Cyprus,MALE,7.3
2015,SH_STA_SCIDE,Estonia,FEMALE,5.4
2015,SH_STA_SCIDE,Estonia,MALE,27.9
2019,SH_STA_SCIDE,Estonia,BOTHSEX,14.9
2019,SH_STA_SCIDE,Estonia,FEMALE,6.5
2019,SH_STA_SCIDE,Estonia,MALE,24.3
2000,SH_STA_SCIDE,Finland,FEMALE,12.2
2000,SH_STA_SCIDE,Finland,MALE,37.0
2000,SH_STA_SCIDE,Finland,BOTHSEX,24.3
2005,SH_STA_SCIDE,Finland,BOTHSEX,19.9
2005,SH_STA_SCIDE,Finland,FEMALE,10.7
2005,SH_STA_SCIDE,Finland,MALE,29.5
2010,SH_STA_SCIDE,Finland,BOTHSEX,18.6
2010,SH_STA_SCIDE,Finland,FEMALE,9.3
2010,SH_STA_SCIDE,Finland,MALE,28.2
2015,SH_STA_SCIDE,Finland,BOTHSEX,14.0
2015,SH_STA_SCIDE,Finland,FEMALE,6.6
2015,SH_STA_SCIDE,Finland,MALE,21.7
2019,SH_STA_SCIDE,Finland,FEMALE,7.6
2019,SH_STA_SCIDE,Finland,MALE,23.2
2019,SH_STA_SCIDE,Finland,BOTHSEX,15.3
2000,SH_STA_SCIDE,France,MALE,29.2
2000,SH_STA_SCIDE,France,FEMALE,11.7
2000,SH_STA_SCIDE,France,BOTHSEX,20.2
2005,SH_STA_SCIDE,France,BOTHSEX,19.1
2005,SH_STA_SCIDE,France,FEMALE,11.1
2005,SH_STA_SCIDE,France,MALE,27.7
2010,SH_STA_SCIDE,France,BOTHSEX,18.2
2010,SH_STA_SCIDE,France,FEMALE,10.4
2010,SH_STA_SCIDE,France,MALE,26.5
2015,SH_STA_SCIDE,France,MALE,23.7
2015,SH_STA_SCIDE,France,BOTHSEX,15.8
2015,SH_STA_SCIDE,France,FEMALE,8.4
2019,SH_STA_SCIDE,France,BOTHSEX,13.8
2019,SH_STA_SCIDE,France,FEMALE,7.6
2019,SH_STA_SCIDE,France,MALE,20.4
2000,SH_STA_SCIDE,Georgia,BOTHSEX,7.4
2000,SH_STA_SCIDE,Georgia,FEMALE,2.8
2000,SH_STA_SCIDE,Georgia,MALE,12.5
2005,SH_STA_SCIDE,Georgia,BOTHSEX,6.2
2005,SH_STA_SCIDE,Georgia,FEMALE,2.5
2005,SH_STA_SCIDE,Georgia,MALE,10.2
2010,SH_STA_SCIDE,Georgia,BOTHSEX,8.3
2010,SH_STA_SCIDE,Georgia,FEMALE,2.9
2010,SH_STA_SCIDE,Georgia,MALE,14.2
2015,SH_STA_SCIDE,Georgia,BOTHSEX,10.5
2015,SH_STA_SCIDE,Georgia,FEMALE,3.6
2015,SH_STA_SCIDE,Georgia,MALE,18.1
2019,SH_STA_SCIDE,Georgia,BOTHSEX,9.2
2019,SH_STA_SCIDE,Georgia,FEMALE,3.0
2019,SH_STA_SCIDE,Georgia,MALE,16.0
2000,SH_STA_SCIDE,Germany,MALE,21.7
2000,SH_STA_SCIDE,Germany,BOTHSEX,14.5
2000,SH_STA_SCIDE,Germany,FEMALE,7.6
2005,SH_STA_SCIDE,Germany,BOTHSEX,13.3
2005,SH_STA_SCIDE,Germany,FEMALE,7.0
2005,SH_STA_SCIDE,Germany,MALE,19.9
2010,SH_STA_SCIDE,Germany,BOTHSEX,13.2
2010,SH_STA_SCIDE,Germany,FEMALE,6.8
2010,SH_STA_SCIDE,Germany,MALE,20.0
2015,SH_STA_SCIDE,Germany,BOTHSEX,13.3
2015,SH_STA_SCIDE,Germany,FEMALE,7.3
2015,SH_STA_SCIDE,Germany,MALE,19.5
2019,SH_STA_SCIDE,Germany,MALE,18.6
2019,SH_STA_SCIDE,Germany,BOTHSEX,12.3
2019,SH_STA_SCIDE,Germany,FEMALE,6.2
2000,SH_STA_SCIDE,Greece,BOTHSEX,3.5
2000,SH_STA_SCIDE,Greece,FEMALE,1.5
2000,SH_STA_SCIDE,Greece,MALE,5.4
2005,SH_STA_SCIDE,Greece,BOTHSEX,3.6
2005,SH_STA_SCIDE,Greece,FEMALE,1.4
2005,SH_STA_SCIDE,Greece,MALE,5.9
2010,SH_STA_SCIDE,Greece,MALE,6.3
2010,SH_STA_SCIDE,Greece,FEMALE,0.7
2010,SH_STA_SCIDE,Greece,BOTHSEX,3.5
2015,SH_STA_SCIDE,Greece,FEMALE,2.0
2015,SH_STA_SCIDE,Greece,MALE,8.2
2015,SH_STA_SCIDE,Greece,BOTHSEX,5.0
2019,SH_STA_SCIDE,Greece,BOTHSEX,5.1
2019,SH_STA_SCIDE,Greece,FEMALE,1.9
2019,SH_STA_SCIDE,Greece,MALE,8.4
2000,SH_STA_SCIDE,Hungary,MALE,52.6
2000,SH_STA_SCIDE,Hungary,BOTHSEX,33.4
2000,SH_STA_SCIDE,Hungary,FEMALE,15.9
2005,SH_STA_SCIDE,Hungary,BOTHSEX,26.4
2005,SH_STA_SCIDE,Hungary,FEMALE,11.6
2005,SH_STA_SCIDE,Hungary,MALE,42.8
2010,SH_STA_SCIDE,Hungary,BOTHSEX,25.5
2010,SH_STA_SCIDE,Hungary,FEMALE,11.0
2010,SH_STA_SCIDE,Hungary,MALE,41.6
2015,SH_STA_SCIDE,Hungary,BOTHSEX,19.9
2015,SH_STA_SCIDE,Hungary,FEMALE,9.9
2015,SH_STA_SCIDE,Hungary,MALE,31.0
2019,SH_STA_SCIDE,Hungary,MALE,25.9
2019,SH_STA_SCIDE,Hungary,BOTHSEX,16.6
2019,SH_STA_SCIDE,Hungary,FEMALE,8.3
2000,SH_STA_SCIDE,Iceland,BOTHSEX,13.1
2000,SH_STA_SCIDE,Iceland,FEMALE,6.3
2000,SH_STA_SCIDE,Iceland,MALE,19.8
2005,SH_STA_SCIDE,Iceland,BOTHSEX,11.8
2005,SH_STA_SCIDE,Iceland,FEMALE,8.3
2005,SH_STA_SCIDE,Iceland,MALE,15.4
2010,SH_STA_SCIDE,Iceland,BOTHSEX,12.8
2010,SH_STA_SCIDE,Iceland,FEMALE,5.7
2010,SH_STA_SCIDE,Iceland,MALE,19.7
2015,SH_STA_SCIDE,Iceland,MALE,22.5
2015,SH_STA_SCIDE,Iceland,BOTHSEX,14.3
2015,SH_STA_SCIDE,Iceland,FEMALE,5.9
2019,SH_STA_SCIDE,Iceland,BOTHSEX,11.9
2019,SH_STA_SCIDE,Iceland,FEMALE,3.9
2019,SH_STA_SCIDE,Iceland,MALE,19.8
2000,SH_STA_SCIDE,India,MALE,17.5
2000,SH_STA_SCIDE,India,FEMALE,16.4
2000,SH_STA_SCIDE,India,BOTHSEX,17.0
2005,SH_STA_SCIDE,India,BOTHSEX,15.5
2005,SH_STA_SCIDE,India,FEMALE,13.7
2005,SH_STA_SCIDE,India,MALE,17.1
2010,SH_STA_SCIDE,India,MALE,16.3
2010,SH_STA_SCIDE,India,BOTHSEX,14.6
2010,SH_STA_SCIDE,India,FEMALE,12.9
2015,SH_STA_SCIDE,India,BOTHSEX,12.3
2015,SH_STA_SCIDE,India,FEMALE,10.8
2015,SH_STA_SCIDE,India,MALE,13.7
2019,SH_STA_SCIDE,India,BOTHSEX,12.7
2019,SH_STA_SCIDE,India,FEMALE,11.1
2019,SH_STA_SCIDE,India,MALE,14.1
2000,SH_STA_SCIDE,Ireland,BOTHSEX,12.7
2000,SH_STA_SCIDE,Ireland,FEMALE,4.8
2000,SH_STA_SCIDE,Ireland,MALE,20.7
2005,SH_STA_SCIDE,Ireland,MALE,18.6
2005,SH_STA_SCIDE,Ireland,FEMALE,5.1
2005,SH_STA_SCIDE,Ireland,BOTHSEX,11.8
2010,SH_STA_SCIDE,Ireland,BOTHSEX,11.9
2010,SH_STA_SCIDE,Ireland,FEMALE,5.4
2010,SH_STA_SCIDE,Ireland,MALE,18.5
2015,SH_STA_SCIDE,Ireland,BOTHSEX,9.3
2015,SH_STA_SCIDE,Ireland,FEMALE,4.0
2015,SH_STA_SCIDE,Ireland,MALE,14.7
2019,SH_STA_SCIDE,Ireland,BOTHSEX,9.6
2019,SH_STA_SCIDE,Ireland,FEMALE,3.9
2019,SH_STA_SCIDE,Ireland,MALE,15.4
2000,SH_STA_SCIDE,Israel,BOTHSEX,6.8
2000,SH_STA_SCIDE,Israel,FEMALE,2.9
2000,SH_STA_SCIDE,Israel,MALE,10.7
2005,SH_STA_SCIDE,Israel,BOTHSEX,6.7
2005,SH_STA_SCIDE,Israel,FEMALE,3.8
2005,SH_STA_SCIDE,Israel,MALE,9.8
2010,SH_STA_SCIDE,Israel,FEMALE,2.5
2010,SH_STA_SCIDE,Israel,MALE,11.0
2010,SH_STA_SCIDE,Israel,BOTHSEX,6.7
2015,SH_STA_SCIDE,Israel,BOTHSEX,4.5
2015,SH_STA_SCIDE,Israel,FEMALE,2.1
2015,SH_STA_SCIDE,Israel,MALE,7.1
2019,SH_STA_SCIDE,Israel,BOTHSEX,5.3
2019,SH_STA_SCIDE,Israel,FEMALE,2.3
2019,SH_STA_SCIDE,Israel,MALE,8.3
2000,SH_STA_SCIDE,Italy,BOTHSEX,7.5
2000,SH_STA_SCIDE,Italy,FEMALE,3.9
2000,SH_STA_SCIDE,Italy,MALE,11.4
2005,SH_STA_SCIDE,Italy,MALE,10.1
2005,SH_STA_SCIDE,Italy,BOTHSEX,6.7
2005,SH_STA_SCIDE,Italy,FEMALE,3.5
2010,SH_STA_SCIDE,Italy,FEMALE,3.2
2010,SH_STA_SCIDE,Italy,BOTHSEX,6.9
2010,SH_STA_SCIDE,Italy,MALE,10.8
2015,SH_STA_SCIDE,Italy,BOTHSEX,7.1
2015,SH_STA_SCIDE,Italy,FEMALE,3.6
2015,SH_STA_SCIDE,Italy,MALE,10.9
2019,SH_STA_SCIDE,Italy,BOTHSEX,6.7
2019,SH_STA_SCIDE,Italy,FEMALE,3.5
2019,SH_STA_SCIDE,Italy,MALE,10.1
2000,SH_STA_SCIDE,Japan,FEMALE,13.6
2000,SH_STA_SCIDE,Japan,MALE,34.6
2000,SH_STA_SCIDE,Japan,BOTHSEX,23.9
2005,SH_STA_SCIDE,Japan,BOTHSEX,24.3
2005,SH_STA_SCIDE,Japan,FEMALE,13.2
2005,SH_STA_SCIDE,Japan,MALE,35.9
2010,SH_STA_SCIDE,Japan,BOTHSEX,24.1
2010,SH_STA_SCIDE,Japan,FEMALE,13.8
2010,SH_STA_SCIDE,Japan,MALE,34.9
2015,SH_STA_SCIDE,Japan,FEMALE,11.4
2015,SH_STA_SCIDE,Japan,MALE,27.2
2015,SH_STA_SCIDE,Japan,BOTHSEX,19.1
2019,SH_STA_SCIDE,Japan,MALE,21.8
2019,SH_STA_SCIDE,Japan,BOTHSEX,15.3
2019,SH_STA_SCIDE,Japan,FEMALE,9.2
2000,SH_STA_SCIDE,Kazakhstan,BOTHSEX,38.7
2000,SH_STA_SCIDE,Kazakhstan,FEMALE,11.5
2000,SH_STA_SCIDE,Kazakhstan,MALE,68.1
2005,SH_STA_SCIDE,Kazakhstan,BOTHSEX,39.2
2005,SH_STA_SCIDE,Kazakhstan,FEMALE,12.3
2005,SH_STA_SCIDE,Kazakhstan,MALE,68.2
2010,SH_STA_SCIDE,Kazakhstan,BOTHSEX,29.9
2010,SH_STA_SCIDE,Kazakhstan,FEMALE,10.5
2010,SH_STA_SCIDE,Kazakhstan,MALE,50.7
2015,SH_STA_SCIDE,Kazakhstan,BOTHSEX,23.2
2015,SH_STA_SCIDE,Kazakhstan,MALE,39.3
2015,SH_STA_SCIDE,Kazakhstan,FEMALE,8.2
2019,SH_STA_SCIDE,Kazakhstan,BOTHSEX,17.6
2019,SH_STA_SCIDE,Kazakhstan,FEMALE,6.8
2019,SH_STA_SCIDE,Kazakhstan,MALE,29.0
2000,SH_STA_SCIDE,Republic of Korea,BOTHSEX,14.5
2000,SH_STA_SCIDE,Republic of Korea,FEMALE,9.0
2000,SH_STA_SCIDE,Republic of Korea,MALE,19.9
2005,SH_STA_SCIDE,Republic of Korea,BOTHSEX,26.7
2005,SH_STA_SCIDE,Republic of Korea,FEMALE,17.9
2005,SH_STA_SCIDE,Republic of Korea,MALE,35.5
2010,SH_STA_SCIDE,Republic of Korea,BOTHSEX,34.0
2010,SH_STA_SCIDE,Republic of Korea,FEMALE,23.0
2010,SH_STA_SCIDE,Republic of Korea,MALE,44.9
2015,SH_STA_SCIDE,Republic of Korea,BOTHSEX,28.0
2015,SH_STA_SCIDE,Republic of Korea,FEMALE,16.5
2015,SH_STA_SCIDE,Republic of Korea,MALE,39.5
2019,SH_STA_SCIDE,Republic of Korea,MALE,40.2
2019,SH_STA_SCIDE,Republic of Korea,FEMALE,16.9
2019,SH_STA_SCIDE,Republic of Korea,BOTHSEX,28.6
2000,SH_STA_SCIDE,Kyrgyzstan,FEMALE,4.8
2000,SH_STA_SCIDE,Kyrgyzstan,BOTHSEX,14.8
2000,SH_STA_SCIDE,Kyrgyzstan,MALE,25.0
2005,SH_STA_SCIDE,Kyrgyzstan,BOTHSEX,13.2
2005,SH_STA_SCIDE,Kyrgyzstan,FEMALE,4.8
2005,SH_STA_SCIDE,Kyrgyzstan,MALE,21.7
2010,SH_STA_SCIDE,Kyrgyzstan,BOTHSEX,11.4
2010,SH_STA_SCIDE,Kyrgyzstan,FEMALE,4.6
2010,SH_STA_SCIDE,Kyrgyzstan,MALE,18.3
2015,SH_STA_SCIDE,Kyrgyzstan,MALE,16.1
2015,SH_STA_SCIDE,Kyrgyzstan,BOTHSEX,9.9
2015,SH_STA_SCIDE,Kyrgyzstan,FEMALE,3.9
2019,SH_STA_SCIDE,Kyrgyzstan,BOTHSEX,7.4
2019,SH_STA_SCIDE,Kyrgyzstan,FEMALE,3.2
2019,SH_STA_SCIDE,Kyrgyzstan,MALE,11.7
2000,SH_STA_SCIDE,Latvia,BOTHSEX,34.7
2000,SH_STA_SCIDE,Latvia,FEMALE,12.8
2000,SH_STA_SCIDE,Latvia,MALE,60.4
2005,SH_STA_SCIDE,Latvia,BOTHSEX,26.5
2005,SH_STA_SCIDE,Latvia,MALE,45.9
2005,SH_STA_SCIDE,Latvia,FEMALE,10.2
2010,SH_STA_SCIDE,Latvia,MALE,42.1
2010,SH_STA_SCIDE,Latvia,FEMALE,5.9
2010,SH_STA_SCIDE,Latvia,BOTHSEX,22.5
2015,SH_STA_SCIDE,Latvia,FEMALE,8.4
2015,SH_STA_SCIDE,Latvia,MALE,37.2
2015,SH_STA_SCIDE,Latvia,BOTHSEX,21.6
2019,SH_STA_SCIDE,Latvia,BOTHSEX,20.1
2019,SH_STA_SCIDE,Latvia,FEMALE,7.0
2019,SH_STA_SCIDE,Latvia,MALE,35.5
2000,SH_STA_SCIDE,Lithuania,BOTHSEX,50.1
2000,SH_STA_SCIDE,Lithuania,FEMALE,18.4
2000,SH_STA_SCIDE,Lithuania,MALE,86.2
2005,SH_STA_SCIDE,Lithuania,BOTHSEX,42.7
2005,SH_STA_SCIDE,Lithuania,FEMALE,14.4
2005,SH_STA_SCIDE,Lithuania,MALE,75.3
2010,SH_STA_SCIDE,Lithuania,FEMALE,12.9
2010,SH_STA_SCIDE,Lithuania,MALE,65.8
2010,SH_STA_SCIDE,Lithuania,BOTHSEX,37.2
2015,SH_STA_SCIDE,Lithuania,MALE,61.7
2015,SH_STA_SCIDE,Lithuania,FEMALE,11.9
2015,SH_STA_SCIDE,Lithuania,BOTHSEX,34.9
2019,SH_STA_SCIDE,Lithuania,BOTHSEX,26.1
2019,SH_STA_SCIDE,Lithuania,FEMALE,9.6
2019,SH_STA_SCIDE,Lithuania,MALE,45.4
2000,SH_STA_SCIDE,Luxembourg,BOTHSEX,16.1
2000,SH_STA_SCIDE,Luxembourg,FEMALE,9.2
2000,SH_STA_SCIDE,Luxembourg,MALE,23.1
2005,SH_STA_SCIDE,Luxembourg,FEMALE,6.7
2005,SH_STA_SCIDE,Luxembourg,MALE,20.3
2005,SH_STA_SCIDE,Luxembourg,BOTHSEX,13.4
2010,SH_STA_SCIDE,Luxembourg,BOTHSEX,12.0
2010,SH_STA_SCIDE,Luxembourg,FEMALE,6.8
2010,SH_STA_SCIDE,Luxembourg,MALE,17.3
2015,SH_STA_SCIDE,Luxembourg,BOTHSEX,12.2
2015,SH_STA_SCIDE,Luxembourg,FEMALE,7.7
2015,SH_STA_SCIDE,Luxembourg,MALE,16.6
2019,SH_STA_SCIDE,Luxembourg,BOTHSEX,11.3
2019,SH_STA_SCIDE,Luxembourg,FEMALE,7.1
2019,SH_STA_SCIDE,Luxembourg,MALE,15.3
2000,SH_STA_SCIDE,Malta,FEMALE,2.9
2000,SH_STA_SCIDE,Malta,MALE,10.8
2000,SH_STA_SCIDE,Malta,BOTHSEX,6.8
2005,SH_STA_SCIDE,Malta,BOTHSEX,5.5
2005,SH_STA_SCIDE,Malta,FEMALE,2.9
2005,SH_STA_SCIDE,Malta,MALE,8.3
2010,SH_STA_SCIDE,Malta,BOTHSEX,7.5
2010,SH_STA_SCIDE,Malta,FEMALE,1.6
2010,SH_STA_SCIDE,Malta,MALE,13.6
2015,SH_STA_SCIDE,Malta,BOTHSEX,7.2
2015,SH_STA_SCIDE,Malta,FEMALE,2.7
2015,SH_STA_SCIDE,Malta,MALE,11.6
2019,SH_STA_SCIDE,Malta,BOTHSEX,6.1
2019,SH_STA_SCIDE,Malta,FEMALE,2.3
2019,SH_STA_SCIDE,Malta,MALE,9.8
2000,SH_STA_SCIDE,Mexico,BOTHSEX,3.5
2000,SH_STA_SCIDE,Mexico,FEMALE,1.1
2000,SH_STA_SCIDE,Mexico,MALE,6.0
2005,SH_STA_SCIDE,Mexico,FEMALE,1.4
2005,SH_STA_SCIDE,Mexico,MALE,6.9
2005,SH_STA_SCIDE,Mexico,BOTHSEX,4.1
2010,SH_STA_SCIDE,Mexico,FEMALE,1.7
2010,SH_STA_SCIDE,Mexico,MALE,7.5
2010,SH_STA_SCIDE,Mexico,BOTHSEX,4.5
2015,SH_STA_SCIDE,Mexico,BOTHSEX,5.6
2015,SH_STA_SCIDE,Mexico,FEMALE,2.3
2015,SH_STA_SCIDE,Mexico,MALE,9.0
2019,SH_STA_SCIDE,Mexico,BOTHSEX,5.3
2019,SH_STA_SCIDE,Mexico,FEMALE,2.2
2019,SH_STA_SCIDE,Mexico,MALE,8.5
2000,SH_STA_SCIDE,Republic of Moldova,BOTHSEX,17.2
2000,SH_STA_SCIDE,Republic of Moldova,FEMALE,4.6
2000,SH_STA_SCIDE,Republic of Moldova,MALE,30.9
2005,SH_STA_SCIDE,Republic of Moldova,BOTHSEX,19.4
2005,SH_STA_SCIDE,Republic of Moldova,FEMALE,5.9
2005,SH_STA_SCIDE,Republic of Moldova,MALE,34.1
2010,SH_STA_SCIDE,Republic of Moldova,BOTHSEX,20.5
2010,SH_STA_SCIDE,Republic of Moldova,FEMALE,5.8
2010,SH_STA_SCIDE,Republic of Moldova,MALE,36.5
2015,SH_STA_SCIDE,Republic of Moldova,BOTHSEX,16.2
2015,SH_STA_SCIDE,Republic of Moldova,FEMALE,5.4
2015,SH_STA_SCIDE,Republic of Moldova,MALE,27.8
2019,SH_STA_SCIDE,Republic of Moldova,BOTHSEX,14.7
2019,SH_STA_SCIDE,Republic of Moldova,FEMALE,4.1
2019,SH_STA_SCIDE,Republic of Moldova,MALE,26.1
2000,SH_STA_SCIDE,Montenegro,BOTHSEX,20.8
2000,SH_STA_SCIDE,Montenegro,FEMALE,11.2
2000,SH_STA_SCIDE,Montenegro,MALE,30.7
2005,SH_STA_SCIDE,Montenegro,BOTHSEX,21.7
2005,SH_STA_SCIDE,Montenegro,MALE,32.7
2005,SH_STA_SCIDE,Montenegro,FEMALE,11.1
2010,SH_STA_SCIDE,Montenegro,BOTHSEX,20.3
2010,SH_STA_SCIDE,Montenegro,FEMALE,10.5
2010,SH_STA_SCIDE,Montenegro,MALE,30.4
2015,SH_STA_SCIDE,Montenegro,FEMALE,10.9
2015,SH_STA_SCIDE,Montenegro,MALE,30.7
2015,SH_STA_SCIDE,Montenegro,BOTHSEX,20.7
2019,SH_STA_SCIDE,Montenegro,BOTHSEX,21.0
2019,SH_STA_SCIDE,Montenegro,FEMALE,10.4
2019,SH_STA_SCIDE,Montenegro,MALE,31.7
2000,SH_STA_SCIDE,Netherlands (Kingdom of the),BOTHSEX,9.6
2000,SH_STA_SCIDE,Netherlands (Kingdom of the),FEMALE,6.4
2000,SH_STA_SCIDE,Netherlands (Kingdom of the),MALE,12.9
2005,SH_STA_SCIDE,Netherlands (Kingdom of the),BOTHSEX,9.8
2005,SH_STA_SCIDE,Netherlands (Kingdom of the),FEMALE,6.3
2005,SH_STA_SCIDE,Netherlands (Kingdom of the),MALE,13.4
2010,SH_STA_SCIDE,Netherlands (Kingdom of the),BOTHSEX,9.8
2010,SH_STA_SCIDE,Netherlands (Kingdom of the),FEMALE,5.8
2010,SH_STA_SCIDE,Netherlands (Kingdom of the),MALE,13.9
2015,SH_STA_SCIDE,Netherlands (Kingdom of the),BOTHSEX,11.8
2015,SH_STA_SCIDE,Netherlands (Kingdom of the),FEMALE,7.9
2015,SH_STA_SCIDE,Netherlands (Kingdom of the),MALE,15.7
2019,SH_STA_SCIDE,Netherlands (Kingdom of the),FEMALE,8.3
2019,SH_STA_SCIDE,Netherlands (Kingdom of the),MALE,15.5
2019,SH_STA_SCIDE,Netherlands (Kingdom of the),BOTHSEX,11.8
2000,SH_STA_SCIDE,New Zealand,BOTHSEX,12.5
2000,SH_STA_SCIDE,New Zealand,FEMALE,4.6
2000,SH_STA_SCIDE,New Zealand,MALE,20.7
2005,SH_STA_SCIDE,New Zealand,BOTHSEX,12.9
2005,SH_STA_SCIDE,New Zealand,FEMALE,6.7
2005,SH_STA_SCIDE,New Zealand,MALE,19.4
2010,SH_STA_SCIDE,New Zealand,BOTHSEX,12.6
2010,SH_STA_SCIDE,New Zealand,FEMALE,7.2
2010,SH_STA_SCIDE,New Zealand,MALE,18.3
2015,SH_STA_SCIDE,New Zealand,BOTHSEX,11.7
2015,SH_STA_SCIDE,New Zealand,FEMALE,6.5
2015,SH_STA_SCIDE,New Zealand,MALE,17.1
2019,SH_STA_SCIDE,New Zealand,BOTHSEX,11.0
2019,SH_STA_SCIDE,New Zealand,MALE,16.5
2019,SH_STA_SCIDE,New Zealand,FEMALE,5.8
2000,SH_STA_SCIDE,Norway,BOTHSEX,13.9
2000,SH_STA_SCIDE,Norway,FEMALE,6.8
2000,SH_STA_SCIDE,Norway,MALE,21.1
2005,SH_STA_SCIDE,Norway,FEMALE,8.3
2005,SH_STA_SCIDE,Norway,MALE,16.6
2005,SH_STA_SCIDE,Norway,BOTHSEX,12.4
2010,SH_STA_SCIDE,Norway,BOTHSEX,12.4
2010,SH_STA_SCIDE,Norway,MALE,16.7
2010,SH_STA_SCIDE,Norway,FEMALE,8.0
2015,SH_STA_SCIDE,Norway,BOTHSEX,12.5
2015,SH_STA_SCIDE,Norway,FEMALE,8.7
2015,SH_STA_SCIDE,Norway,MALE,16.2
2019,SH_STA_SCIDE,Norway,BOTHSEX,11.8
2019,SH_STA_SCIDE,Norway,MALE,15.8
2019,SH_STA_SCIDE,Norway,FEMALE,7.7
2000,SH_STA_SCIDE,Poland,FEMALE,5.4
2000,SH_STA_SCIDE,Poland,MALE,29.2
2000,SH_STA_SCIDE,Poland,BOTHSEX,17.0
2005,SH_STA_SCIDE,Poland,BOTHSEX,17.7
2005,SH_STA_SCIDE,Poland,FEMALE,5.1
2005,SH_STA_SCIDE,Poland,MALE,31.2
2010,SH_STA_SCIDE,Poland,BOTHSEX,18.6
2010,SH_STA_SCIDE,Poland,FEMALE,4.8
2010,SH_STA_SCIDE,Poland,MALE,33.4
2015,SH_STA_SCIDE,Poland,BOTHSEX,15.9
2015,SH_STA_SCIDE,Poland,FEMALE,4.1
2015,SH_STA_SCIDE,Poland,MALE,28.4
2019,SH_STA_SCIDE,Poland,MALE,20.1
2019,SH_STA_SCIDE,Poland,BOTHSEX,11.3
2019,SH_STA_SCIDE,Poland,FEMALE,3.1
2000,SH_STA_SCIDE,Portugal,MALE,12.4
2000,SH_STA_SCIDE,Portugal,FEMALE,3.1
2000,SH_STA_SCIDE,Portugal,BOTHSEX,7.6
2005,SH_STA_SCIDE,Portugal,BOTHSEX,11.4
2005,SH_STA_SCIDE,Portugal,FEMALE,5.3
2005,SH_STA_SCIDE,Portugal,MALE,17.8
2010,SH_STA_SCIDE,Portugal,BOTHSEX,13.6
2010,SH_STA_SCIDE,Portugal,FEMALE,6.6
2010,SH_STA_SCIDE,Portugal,MALE,21.2
2015,SH_STA_SCIDE,Portugal,MALE,19.2
2015,SH_STA_SCIDE,Portugal,BOTHSEX,13.2
2015,SH_STA_SCIDE,Portugal,FEMALE,7.8
2019,SH_STA_SCIDE,Portugal,BOTHSEX,11.5
2019,SH_STA_SCIDE,Portugal,FEMALE,5.7
2019,SH_STA_SCIDE,Portugal,MALE,17.9
2000,SH_STA_SCIDE,Romania,BOTHSEX,12.9
2000,SH_STA_SCIDE,Romania,FEMALE,4.6
2000,SH_STA_SCIDE,Romania,MALE,21.6
2005,SH_STA_SCIDE,Romania,MALE,20.6
2005,SH_STA_SCIDE,Romania,FEMALE,4.4
2005,SH_STA_SCIDE,Romania,BOTHSEX,12.3
2010,SH_STA_SCIDE,Romania,BOTHSEX,13.2
2010,SH_STA_SCIDE,Romania,FEMALE,4.5
2010,SH_STA_SCIDE,Romania,MALE,22.6
2015,SH_STA_SCIDE,Romania,BOTHSEX,11.5
2015,SH_STA_SCIDE,Romania,FEMALE,3.5
2015,SH_STA_SCIDE,Romania,MALE,19.9
2019,SH_STA_SCIDE,Romania,BOTHSEX,9.7
2019,SH_STA_SCIDE,Romania,FEMALE,3.3
2019,SH_STA_SCIDE,Romania,MALE,16.5
2000,SH_STA_SCIDE,Serbia,FEMALE,13.5
2000,SH_STA_SCIDE,Serbia,BOTHSEX,23.1
2000,SH_STA_SCIDE,Serbia,MALE,33.0
2005,SH_STA_SCIDE,Serbia,BOTHSEX,20.1
2005,SH_STA_SCIDE,Serbia,FEMALE,11.8
2005,SH_STA_SCIDE,Serbia,MALE,28.8
2010,SH_STA_SCIDE,Serbia,BOTHSEX,17.2
2010,SH_STA_SCIDE,Serbia,FEMALE,8.6
2010,SH_STA_SCIDE,Serbia,MALE,26.1
2015,SH_STA_SCIDE,Serbia,MALE,24.6
2015,SH_STA_SCIDE,Serbia,FEMALE,8.5
2015,SH_STA_SCIDE,Serbia,BOTHSEX,16.4
2019,SH_STA_SCIDE,Serbia,BOTHSEX,11.4
2019,SH_STA_SCIDE,Serbia,FEMALE,6.3
2019,SH_STA_SCIDE,Serbia,MALE,16.6
2000,SH_STA_SCIDE,Slovakia,BOTHSEX,14.2
2000,SH_STA_SCIDE,Slovakia,FEMALE,5.1
2000,SH_STA_SCIDE,Slovakia,MALE,23.9
2005,SH_STA_SCIDE,Slovakia,BOTHSEX,13.7
2005,SH_STA_SCIDE,Slovakia,FEMALE,3.8
2005,SH_STA_SCIDE,Slovakia,MALE,24.1
2010,SH_STA_SCIDE,Slovakia,BOTHSEX,13.6
2010,SH_STA_SCIDE,Slovakia,FEMALE,3.9
2010,SH_STA_SCIDE,Slovakia,MALE,23.9
2015,SH_STA_SCIDE,Slovakia,MALE,21.9
2015,SH_STA_SCIDE,Slovakia,FEMALE,3.4
2015,SH_STA_SCIDE,Slovakia,BOTHSEX,12.4
2019,SH_STA_SCIDE,Slovakia,BOTHSEX,12.1
2019,SH_STA_SCIDE,Slovakia,MALE,21.2
2019,SH_STA_SCIDE,Slovakia,FEMALE,3.4
2000,SH_STA_SCIDE,Viet Nam,MALE,7.6
2000,SH_STA_SCIDE,Viet Nam,BOTHSEX,6.1
2000,SH_STA_SCIDE,Viet Nam,FEMALE,4.6
2005,SH_STA_SCIDE,Viet Nam,BOTHSEX,6.3
2005,SH_STA_SCIDE,Viet Nam,FEMALE,4.3
2005,SH_STA_SCIDE,Viet Nam,MALE,8.2
2010,SH_STA_SCIDE,Viet Nam,BOTHSEX,7.0
2010,SH_STA_SCIDE,Viet Nam,FEMALE,4.2
2010,SH_STA_SCIDE,Viet Nam,MALE,9.8
2015,SH_STA_SCIDE,Viet Nam,BOTHSEX,7.7
2015,SH_STA_SCIDE,Viet Nam,FEMALE,4.5
2015,SH_STA_SCIDE,Viet Nam,MALE,10.8
2019,SH_STA_SCIDE,Viet Nam,MALE,10.4
2019,SH_STA_SCIDE,Viet Nam,BOTHSEX,7.5
2019,SH_STA_SCIDE,Viet Nam,FEMALE,4.7
2000,SH_STA_SCIDE,Slovenia,BOTHSEX,32.0
2000,SH_STA_SCIDE,Slovenia,FEMALE,16.7
2000,SH_STA_SCIDE,Slovenia,MALE,47.9
2005,SH_STA_SCIDE,Slovenia,BOTHSEX,26.8
2005,SH_STA_SCIDE,Slovenia,MALE,42.4
2005,SH_STA_SCIDE,Slovenia,FEMALE,11.9
2010,SH_STA_SCIDE,Slovenia,FEMALE,7.6
2010,SH_STA_SCIDE,Slovenia,MALE,34.0
2010,SH_STA_SCIDE,Slovenia,BOTHSEX,20.7
2015,SH_STA_SCIDE,Slovenia,BOTHSEX,21.0
2015,SH_STA_SCIDE,Slovenia,FEMALE,8.9
2015,SH_STA_SCIDE,Slovenia,MALE,33.3
2019,SH_STA_SCIDE,Slovenia,MALE,31.4
2019,SH_STA_SCIDE,Slovenia,FEMALE,8.3
2019,SH_STA_SCIDE,Slovenia,BOTHSEX,19.8
2000,SH_STA_SCIDE,Spain,BOTHSEX,8.6
2000,SH_STA_SCIDE,Spain,FEMALE,4.1
2000,SH_STA_SCIDE,Spain,MALE,13.2
2005,SH_STA_SCIDE,Spain,BOTHSEX,8.0
2005,SH_STA_SCIDE,Spain,FEMALE,4.0
2005,SH_STA_SCIDE,Spain,MALE,12.2
2010,SH_STA_SCIDE,Spain,BOTHSEX,6.9
2010,SH_STA_SCIDE,Spain,FEMALE,3.1
2010,SH_STA_SCIDE,Spain,MALE,10.9
2015,SH_STA_SCIDE,Spain,BOTHSEX,7.9
2015,SH_STA_SCIDE,Spain,FEMALE,4.1
2015,SH_STA_SCIDE,Spain,MALE,11.8
2019,SH_STA_SCIDE,Spain,BOTHSEX,7.7
2019,SH_STA_SCIDE,Spain,MALE,11.4
2019,SH_STA_SCIDE,Spain,FEMALE,4.1
2000,SH_STA_SCIDE,Sweden,BOTHSEX,15.1
2000,SH_STA_SCIDE,Sweden,MALE,20.5
2000,SH_STA_SCIDE,Sweden,FEMALE,9.7
2005,SH_STA_SCIDE,Sweden,BOTHSEX,15.7
2005,SH_STA_SCIDE,Sweden,MALE,21.1
2005,SH_STA_SCIDE,Sweden,FEMALE,10.4
2010,SH_STA_SCIDE,Sweden,MALE,20.8
2010,SH_STA_SCIDE,Sweden,FEMALE,8.7
2010,SH_STA_SCIDE,Sweden,BOTHSEX,14.7
2015,SH_STA_SCIDE,Sweden,BOTHSEX,15.7
2015,SH_STA_SCIDE,Sweden,FEMALE,9.7
2015,SH_STA_SCIDE,Sweden,MALE,21.8
2019,SH_STA_SCIDE,Sweden,MALE,19.9
2019,SH_STA_SCIDE,Sweden,FEMALE,9.5
2019,SH_STA_SCIDE,Sweden,BOTHSEX,14.7
2000,SH_STA_SCIDE,Switzerland,BOTHSEX,20.2
2000,SH_STA_SCIDE,Switzerland,MALE,28.4
2000,SH_STA_SCIDE,Switzerland,FEMALE,12.4
2005,SH_STA_SCIDE,Switzerland,BOTHSEX,19.0
2005,SH_STA_SCIDE,Switzerland,MALE,25.7
2005,SH_STA_SCIDE,Switzerland,FEMALE,12.6
2010,SH_STA_SCIDE,Switzerland,BOTHSEX,14.5
2010,SH_STA_SCIDE,Switzerland,FEMALE,9.2
2010,SH_STA_SCIDE,Switzerland,MALE,19.9
2015,SH_STA_SCIDE,Switzerland,MALE,20.5
2015,SH_STA_SCIDE,Switzerland,BOTHSEX,15.0
2015,SH_STA_SCIDE,Switzerland,FEMALE,9.5
2019,SH_STA_SCIDE,Switzerland,MALE,20.2
2019,SH_STA_SCIDE,Switzerland,BOTHSEX,14.5
2019,SH_STA_SCIDE,Switzerland,FEMALE,9.0
2000,SH_STA_SCIDE,Tajikistan,MALE,5.2
2000,SH_STA_SCIDE,Tajikistan,FEMALE,2.2
2000,SH_STA_SCIDE,Tajikistan,BOTHSEX,3.8
2005,SH_STA_SCIDE,Tajikistan,BOTHSEX,3.6
2005,SH_STA_SCIDE,Tajikistan,FEMALE,2.2
2005,SH_STA_SCIDE,Tajikistan,MALE,5.0
2010,SH_STA_SCIDE,Tajikistan,MALE,5.3
2010,SH_STA_SCIDE,Tajikistan,BOTHSEX,3.9
2010,SH_STA_SCIDE,Tajikistan,FEMALE,2.5
2015,SH_STA_SCIDE,Tajikistan,BOTHSEX,4.1
2015,SH_STA_SCIDE,Tajikistan,MALE,5.4
2015,SH_STA_SCIDE,Tajikistan,FEMALE,2.9
2019,SH_STA_SCIDE,Tajikistan,FEMALE,2.8
2019,SH_STA_SCIDE,Tajikistan,MALE,5.7
2019,SH_STA_SCIDE,Tajikistan,BOTHSEX,4.3
2000,SH_STA_SCIDE,United Arab Emirates,MALE,10.8
2000,SH_STA_SCIDE,United Arab Emirates,FEMALE,3.9
2000,SH_STA_SCIDE,United Arab Emirates,BOTHSEX,8.6
2005,SH_STA_SCIDE,United Arab Emirates,FEMALE,3.4
2005,SH_STA_SCIDE,United Arab Emirates,BOTHSEX,7.9
2005,SH_STA_SCIDE,United Arab Emirates,MALE,9.7
2010,SH_STA_SCIDE,United Arab Emirates,MALE,10.1
2010,SH_STA_SCIDE,United Arab Emirates,FEMALE,3.2
2010,SH_STA_SCIDE,United Arab Emirates,BOTHSEX,8.4
2015,SH_STA_SCIDE,United Arab Emirates,BOTHSEX,6.5
2015,SH_STA_SCIDE,United Arab Emirates,FEMALE,3.0
2015,SH_STA_SCIDE,United Arab Emirates,MALE,7.9
2019,SH_STA_SCIDE,United Arab Emirates,BOTHSEX,6.4
2019,SH_STA_SCIDE,United Arab Emirates,FEMALE,3.0
2019,SH_STA_SCIDE,United Arab Emirates,MALE,8.0
2000,SH_STA_SCIDE,Türkiye,FEMALE,1.8
2000,SH_STA_SCIDE,Türkiye,MALE,6.2
2000,SH_STA_SCIDE,Türkiye,BOTHSEX,4.0
2005,SH_STA_SCIDE,Türkiye,FEMALE,1.5
2005,SH_STA_SCIDE,Türkiye,BOTHSEX,2.8
2005,SH_STA_SCIDE,Türkiye,MALE,4.2
2010,SH_STA_SCIDE,Türkiye,MALE,3.6
2010,SH_STA_SCIDE,Türkiye,BOTHSEX,2.4
2010,SH_STA_SCIDE,Türkiye,FEMALE,1.3
2015,SH_STA_SCIDE,Türkiye,BOTHSEX,2.3
2015,SH_STA_SCIDE,Türkiye,MALE,3.3
2015,SH_STA_SCIDE,Türkiye,FEMALE,1.3
2019,SH_STA_SCIDE,Türkiye,BOTHSEX,2.4
2019,SH_STA_SCIDE,Türkiye,FEMALE,1.2
2019,SH_STA_SCIDE,Türkiye,MALE,3.6
2000,SH_STA_SCIDE,Turkmenistan,BOTHSEX,12.5
2000,SH_STA_SCIDE,Turkmenistan,FEMALE,4.2
2000,SH_STA_SCIDE,Turkmenistan,MALE,21.1
2005,SH_STA_SCIDE,Turkmenistan,FEMALE,5.5
2005,SH_STA_SCIDE,Turkmenistan,MALE,25.0
2005,SH_STA_SCIDE,Turkmenistan,BOTHSEX,15.1
2010,SH_STA_SCIDE,Turkmenistan,MALE,13.2
2010,SH_STA_SCIDE,Turkmenistan,FEMALE,4.0
2010,SH_STA_SCIDE,Turkmenistan,BOTHSEX,8.5
2015,SH_STA_SCIDE,Turkmenistan,BOTHSEX,6.3
2015,SH_STA_SCIDE,Turkmenistan,MALE,9.4
2015,SH_STA_SCIDE,Turkmenistan,FEMALE,3.2
2019,SH_STA_SCIDE,Turkmenistan,BOTHSEX,5.7
2019,SH_STA_SCIDE,Turkmenistan,MALE,8.8
2019,SH_STA_SCIDE,Turkmenistan,FEMALE,2.6
2000,SH_STA_SCIDE,Ukraine,MALE,70.9
2000,SH_STA_SCIDE,Ukraine,BOTHSEX,39.1
2000,SH_STA_SCIDE,Ukraine,FEMALE,11.4
2005,SH_STA_SCIDE,Ukraine,MALE,61.9
2005,SH_STA_SCIDE,Ukraine,FEMALE,9.5
2005,SH_STA_SCIDE,Ukraine,BOTHSEX,33.8
2010,SH_STA_SCIDE,Ukraine,MALE,44.0
2010,SH_STA_SCIDE,Ukraine,FEMALE,7.7
2010,SH_STA_SCIDE,Ukraine,BOTHSEX,24.5
2015,SH_STA_SCIDE,Ukraine,FEMALE,6.7
2015,SH_STA_SCIDE,Ukraine,MALE,38.9
2015,SH_STA_SCIDE,Ukraine,BOTHSEX,21.6
2019,SH_STA_SCIDE,Ukraine,FEMALE,6.5
2019,SH_STA_SCIDE,Ukraine,BOTHSEX,21.6
2019,SH_STA_SCIDE,Ukraine,MALE,39.2
2000,SH_STA_SCIDE,North Macedonia,BOTHSEX,9.3
2000,SH_STA_SCIDE,North Macedonia,FEMALE,5.5
2000,SH_STA_SCIDE,North Macedonia,MALE,13.1
2005,SH_STA_SCIDE,North Macedonia,FEMALE,4.8
2005,SH_STA_SCIDE,North Macedonia,BOTHSEX,8.6
2005,SH_STA_SCIDE,North Macedonia,MALE,12.4
2010,SH_STA_SCIDE,North Macedonia,MALE,10.1
2010,SH_STA_SCIDE,North Macedonia,FEMALE,4.0
2010,SH_STA_SCIDE,North Macedonia,BOTHSEX,7.1
2015,SH_STA_SCIDE,North Macedonia,MALE,13.7
2015,SH_STA_SCIDE,North Macedonia,FEMALE,4.7
2015,SH_STA_SCIDE,North Macedonia,BOTHSEX,9.2
2019,SH_STA_SCIDE,North Macedonia,MALE,13.9
2019,SH_STA_SCIDE,North Macedonia,BOTHSEX,9.4
2019,SH_STA_SCIDE,North Macedonia,FEMALE,4.8
2000,SH_STA_SCIDE,United Kingdom of Great Britain and Northern Ireland,MALE,13.0
2000,SH_STA_SCIDE,United Kingdom of Great Britain and Northern Ireland,FEMALE,4.3
2000,SH_STA_SCIDE,United Kingdom of Great Britain and Northern Ireland,BOTHSEX,8.5
2005,SH_STA_SCIDE,United Kingdom of Great Britain and Northern Ireland,BOTHSEX,7.9
2005,SH_STA_SCIDE,United Kingdom of Great Britain and Northern Ireland,MALE,11.8
2005,SH_STA_SCIDE,United Kingdom of Great Britain and Northern Ireland,FEMALE,4.1
2010,SH_STA_SCIDE,United Kingdom of Great Britain and Northern Ireland,BOTHSEX,7.8
2010,SH_STA_SCIDE,United Kingdom of Great Britain and Northern Ireland,FEMALE,3.7
2010,SH_STA_SCIDE,United Kingdom of Great Britain and Northern Ireland,MALE,12.1
2015,SH_STA_SCIDE,United Kingdom of Great Britain and Northern Ireland,BOTHSEX,8.8
2015,SH_STA_SCIDE,United Kingdom of Great Britain and Northern Ireland,FEMALE,4.4
2015,SH_STA_SCIDE,United Kingdom of Great Britain and Northern Ireland,MALE,13.4
2019,SH_STA_SCIDE,United Kingdom of Great Britain and Northern Ireland,BOTHSEX,7.9
2019,SH_STA_SCIDE,United Kingdom of Great Britain and Northern Ireland,FEMALE,4.0
2019,SH_STA_SCIDE,United Kingdom of Great Britain and Northern Ireland,MALE,11.8
2000,SH_STA_SCIDE,Uzbekistan,MALE,16.0
2000,SH_STA_SCIDE,Uzbekistan,BOTHSEX,10.1
2000,SH_STA_SCIDE,Uzbekistan,FEMALE,4.3
2005,SH_STA_SCIDE,Uzbekistan,FEMALE,4.3
2005,SH_STA_SCIDE,Uzbekistan,MALE,13.9
2005,SH_STA_SCIDE,Uzbekistan,BOTHSEX,9.1
2010,SH_STA_SCIDE,Uzbekistan,BOTHSEX,8.1
2010,SH_STA_SCIDE,Uzbekistan,FEMALE,4.5
2010,SH_STA_SCIDE,Uzbekistan,MALE,11.7
2015,SH_STA_SCIDE,Uzbekistan,MALE,12.7
2015,SH_STA_SCIDE,Uzbekistan,FEMALE,5.7
2015,SH_STA_SCIDE,Uzbekistan,BOTHSEX,9.2
2019,SH_STA_SCIDE,Uzbekistan,MALE,11.3
2019,SH_STA_SCIDE,Uzbekistan,BOTHSEX,8.0
2019,SH_STA_SCIDE,Uzbekistan,FEMALE,4.8
2015,SH_STA_SCIDE,Cyprus,BOTHSEX,4.7
2015,SH_STA_SCIDE,Cyprus,FEMALE,2.1
2019,SH_STA_SCIDE,Cyprus,BOTHSEX,3.6
2019,SH_STA_SCIDE,Cyprus,FEMALE,1.3
2019,SH_STA_SCIDE,Cyprus,MALE,6.0
2019,SH_STA_SCIDE,Cyprus,MALE,6.0
