Year,SeriesCode,GeoAreaName,Type of skill,Value
2011,SE_GPI_ICTS,Poland,TRAF,0.76881
2011,SE_GPI_ICTS,Poland,INST,0.62705
2011,SE_GPI_ICTS,Poland,ARSP,0.93963
2012,SE_GPI_ICTS,Poland,EPRS,0.86789
2012,SE_GPI_ICTS,Poland,TRAF,0.85404
2012,SE_GPI_ICTS,Poland,COPA,0.9558
2012,SE_GPI_ICTS,Poland,PCPR,0.43802
2012,SE_GPI_ICTS,Poland,INST,0.65093
2012,SE_GPI_ICTS,Poland,CMFL,0.95571
2012,SE_GPI_ICTS,Poland,ARSP,0.95496
2013,SE_GPI_ICTS,Poland,EMAIL,0.96388
2014,SE_GPI_ICTS,Poland,COPA,0.94252
2014,SE_GPI_ICTS,Poland,CMFL,0.93904
2014,SE_GPI_ICTS,Poland,ARSP,0.93445
2014,SE_GPI_ICTS,Poland,TRAF,0.81967
2014,SE_GPI_ICTS,Poland,INST,0.67827
2014,SE_GPI_ICTS,Poland,EPRS,0.86972
2014,SE_GPI_ICTS,Poland,PCPR,0.41323
2015,SE_GPI_ICTS,Poland,CMFL,0.87853
2015,SE_GPI_ICTS,Poland,TRAF,0.82865
2015,SE_GPI_ICTS,Poland,SOFT,0.62383
2015,SE_GPI_ICTS,Poland,EPRS,0.90516
2015,SE_GPI_ICTS,Poland,COPA,0.93958
2015,SE_GPI_ICTS,Poland,PCPR,0.24803
2019,SE_GPI_ICTS,Albania,COPA,0.82791
2019,SE_GPI_ICTS,Albania,SOFT,0.82642
2019,SE_GPI_ICTS,Albania,PCPR,0.76814
2019,SE_GPI_ICTS,Albania,EPRS,1.04374
2019,SE_GPI_ICTS,Albania,TRAF,0.8558
2020,SE_GPI_ICTS,Albania,PCPR,0.80648
2020,SE_GPI_ICTS,Albania,EPRS,0.95598
2020,SE_GPI_ICTS,Albania,PRVCY,0.94125
2020,SE_GPI_ICTS,Albania,TRAF,0.93528
2020,SE_GPI_ICTS,Albania,SOFT,0.90053
2020,SE_GPI_ICTS,Albania,COPA,0.87511
2015,SE_GPI_ICTS,Poland,ARSP,0.90295
2016,SE_GPI_ICTS,Poland,PCPR,0.24564
2016,SE_GPI_ICTS,Poland,EPRS,0.99913
2016,SE_GPI_ICTS,Poland,ARSP,0.95296
2016,SE_GPI_ICTS,Poland,CMFL,0.91435
2016,SE_GPI_ICTS,Poland,TRAF,0.85349
2016,SE_GPI_ICTS,Poland,SOFT,0.66071
2017,SE_GPI_ICTS,Poland,EPRS,0.95576
2017,SE_GPI_ICTS,Poland,CMFL,0.90653
2017,SE_GPI_ICTS,Poland,ARSP,0.90586
2017,SE_GPI_ICTS,Poland,TRAF,0.84798
2021,SE_GPI_ICTS,Albania,PCPR,0.92522
2021,SE_GPI_ICTS,Albania,SOFT,0.90635
2021,SE_GPI_ICTS,Albania,PRVCY,0.82756
2021,SE_GPI_ICTS,Albania,VRFY,0.88916
2021,SE_GPI_ICTS,Albania,EPRS,1.06312
2021,SE_GPI_ICTS,Albania,TRAF,0.93677
2021,SE_GPI_ICTS,Albania,COPA,0.92706
2017,SE_GPI_ICTS,Azerbaijan,EPRS,0.94641
2017,SE_GPI_ICTS,Azerbaijan,PCPR,0.9464
2017,SE_GPI_ICTS,Azerbaijan,TRAF,0.94642
2017,SE_GPI_ICTS,Azerbaijan,SOFT,0.94642
2017,SE_GPI_ICTS,Poland,PCPR,0.32821
2018,SE_GPI_ICTS,Poland,CMFL,0.91251
2018,SE_GPI_ICTS,Poland,TRAF,0.868
2018,SE_GPI_ICTS,Poland,SOFT,0.69199
2018,SE_GPI_ICTS,Poland,PCPR,0.28528
2018,SE_GPI_ICTS,Poland,ARSP,0.91806
2018,SE_GPI_ICTS,Poland,EPRS,0.95269
2019,SE_GPI_ICTS,Poland,ARSP,0.89643
2019,SE_GPI_ICTS,Poland,EPRS,0.94323
2019,SE_GPI_ICTS,Poland,PCPR,0.35302
2019,SE_GPI_ICTS,Poland,SOFT,0.75688
2017,SE_GPI_ICTS,Azerbaijan,ARSP,0.94642
2017,SE_GPI_ICTS,Azerbaijan,CMFL,0.94641
2017,SE_GPI_ICTS,Azerbaijan,EMAIL,0.94641
2017,SE_GPI_ICTS,Azerbaijan,COPA,0.94641
2017,SE_GPI_ICTS,Azerbaijan,INST,0.94641
2018,SE_GPI_ICTS,Azerbaijan,TRAF,0.9487
2018,SE_GPI_ICTS,Azerbaijan,SOFT,0.9487
2018,SE_GPI_ICTS,Azerbaijan,ARSP,0.9487
2018,SE_GPI_ICTS,Azerbaijan,CMFL,0.9487
2018,SE_GPI_ICTS,Azerbaijan,COPA,0.9487
2018,SE_GPI_ICTS,Azerbaijan,EPRS,0.9487
2019,SE_GPI_ICTS,Poland,TRAF,0.85825
2020,SE_GPI_ICTS,Poland,ARSP,0.95065
2020,SE_GPI_ICTS,Poland,EPRS,0.98018
2020,SE_GPI_ICTS,Poland,SOFT,0.78678
2020,SE_GPI_ICTS,Poland,PCPR,0.48998
2020,SE_GPI_ICTS,Poland,TRAF,0.88556
2021,SE_GPI_ICTS,Poland,ARSP,0.97292
2021,SE_GPI_ICTS,Poland,TRAF,0.9186
2021,SE_GPI_ICTS,Poland,VRFY,0.91017
2021,SE_GPI_ICTS,Poland,SOFT,0.83255
2021,SE_GPI_ICTS,Poland,PCPR,0.57398
2021,SE_GPI_ICTS,Poland,EPRS,0.9784
2010,SE_GPI_ICTS,Portugal,EMAIL,0.86541
2011,SE_GPI_ICTS,Portugal,EPRS,0.9612
2011,SE_GPI_ICTS,Portugal,CMFL,0.9299
2011,SE_GPI_ICTS,Portugal,COPA,0.91642
2011,SE_GPI_ICTS,Portugal,EMAIL,0.91292
2011,SE_GPI_ICTS,Portugal,ARSP,0.87853
2011,SE_GPI_ICTS,Portugal,TRAF,0.81899
2011,SE_GPI_ICTS,Portugal,PCPR,0.44642
2011,SE_GPI_ICTS,Portugal,INST,0.73683
2012,SE_GPI_ICTS,Portugal,CMFL,0.89969
2012,SE_GPI_ICTS,Portugal,TRAF,0.81824
2012,SE_GPI_ICTS,Portugal,ARSP,0.88694
2012,SE_GPI_ICTS,Portugal,INST,0.73059
2012,SE_GPI_ICTS,Portugal,PCPR,0.47716
2012,SE_GPI_ICTS,Portugal,EPRS,0.92706
2012,SE_GPI_ICTS,Portugal,COPA,0.91495
2013,SE_GPI_ICTS,Portugal,EMAIL,0.90223
2014,SE_GPI_ICTS,Portugal,EPRS,0.96281
2014,SE_GPI_ICTS,Portugal,COPA,0.90946
2014,SE_GPI_ICTS,Portugal,ARSP,0.89212
2014,SE_GPI_ICTS,Portugal,TRAF,0.82656
2014,SE_GPI_ICTS,Portugal,INST,0.75174
2014,SE_GPI_ICTS,Portugal,PCPR,0.38701
2014,SE_GPI_ICTS,Portugal,CMFL,0.90198
2015,SE_GPI_ICTS,Portugal,TRAF,0.81611
2015,SE_GPI_ICTS,Portugal,EPRS,0.91361
2015,SE_GPI_ICTS,Portugal,SOFT,0.66753
2015,SE_GPI_ICTS,Portugal,PCPR,0.41448
2015,SE_GPI_ICTS,Portugal,COPA,0.8881
2015,SE_GPI_ICTS,Portugal,CMFL,0.84049
2015,SE_GPI_ICTS,Portugal,ARSP,0.82639
2016,SE_GPI_ICTS,Portugal,EPRS,0.99772
2016,SE_GPI_ICTS,Portugal,COPA,0.88594
2016,SE_GPI_ICTS,Portugal,CMFL,0.86858
2016,SE_GPI_ICTS,Portugal,TRAF,0.86601
2018,SE_GPI_ICTS,Azerbaijan,INST,0.9487
2018,SE_GPI_ICTS,Azerbaijan,EMAIL,0.9487
2018,SE_GPI_ICTS,Azerbaijan,PCPR,0.94869
2019,SE_GPI_ICTS,Azerbaijan,ARSP,0.95089
2019,SE_GPI_ICTS,Azerbaijan,INST,0.95088
2019,SE_GPI_ICTS,Azerbaijan,EPRS,0.95088
2019,SE_GPI_ICTS,Azerbaijan,TRAF,0.95089
2019,SE_GPI_ICTS,Azerbaijan,SOFT,0.95089
2019,SE_GPI_ICTS,Azerbaijan,EMAIL,0.95089
2019,SE_GPI_ICTS,Azerbaijan,COPA,0.95089
2020,SE_GPI_ICTS,Azerbaijan,INST,0.95187
2016,SE_GPI_ICTS,Portugal,ARSP,0.84638
2016,SE_GPI_ICTS,Portugal,SOFT,0.72945
2016,SE_GPI_ICTS,Portugal,PCPR,0.59148
2017,SE_GPI_ICTS,Portugal,PCPR,0.57145
2017,SE_GPI_ICTS,Portugal,EPRS,0.95756
2017,SE_GPI_ICTS,Portugal,CMFL,0.93248
2017,SE_GPI_ICTS,Portugal,ARSP,0.84107
2017,SE_GPI_ICTS,Portugal,SOFT,0.7794
2017,SE_GPI_ICTS,Portugal,TRAF,0.88772
2019,SE_GPI_ICTS,Portugal,EPRS,0.98529
2019,SE_GPI_ICTS,Portugal,COPA,0.877
2019,SE_GPI_ICTS,Portugal,TRAF,0.85522
2019,SE_GPI_ICTS,Portugal,SOFT,0.82689
2019,SE_GPI_ICTS,Portugal,ARSP,0.82039
2019,SE_GPI_ICTS,Portugal,PCPR,0.5275
2019,SE_GPI_ICTS,Portugal,PRVCY,0.48929
2021,SE_GPI_ICTS,Portugal,EPRS,1.00688
2021,SE_GPI_ICTS,Portugal,COPA,0.94851
2021,SE_GPI_ICTS,Portugal,ARSP,0.94593
2021,SE_GPI_ICTS,Portugal,SOFT,0.79199
2021,SE_GPI_ICTS,Portugal,VRFY,0.78622
2020,SE_GPI_ICTS,Azerbaijan,ARSP,0.95187
2020,SE_GPI_ICTS,Azerbaijan,EMAIL,0.95187
2020,SE_GPI_ICTS,Azerbaijan,TRAF,0.95187
2020,SE_GPI_ICTS,Azerbaijan,COPA,0.95187
2020,SE_GPI_ICTS,Azerbaijan,SOFT,0.95187
2020,SE_GPI_ICTS,Azerbaijan,EPRS,0.95187
2021,SE_GPI_ICTS,Azerbaijan,EPRS,0.9537
2021,SE_GPI_ICTS,Azerbaijan,TRAF,0.9537
2021,SE_GPI_ICTS,Azerbaijan,INST,0.9537
2021,SE_GPI_ICTS,Azerbaijan,EMAIL,0.9537
2021,SE_GPI_ICTS,Azerbaijan,ARSP,0.9537
2021,SE_GPI_ICTS,Azerbaijan,COPA,0.9537
2021,SE_GPI_ICTS,Azerbaijan,SOFT,0.9537
2010,SE_GPI_ICTS,Austria,EMAIL,0.88451
2011,SE_GPI_ICTS,Austria,COPA,0.85449
2011,SE_GPI_ICTS,Austria,ARSP,0.8325
2011,SE_GPI_ICTS,Austria,EPRS,0.8178
2011,SE_GPI_ICTS,Austria,TRAF,0.75093
2011,SE_GPI_ICTS,Austria,INST,0.66394
2011,SE_GPI_ICTS,Austria,PCPR,0.50071
2011,SE_GPI_ICTS,Austria,EMAIL,0.89925
2011,SE_GPI_ICTS,Austria,CMFL,0.85639
2012,SE_GPI_ICTS,Austria,CMFL,0.86671
2021,SE_GPI_ICTS,Portugal,PRVCY,0.59903
2021,SE_GPI_ICTS,Portugal,PCPR,0.4139
2010,SE_GPI_ICTS,Romania,EMAIL,0.91194
2011,SE_GPI_ICTS,Romania,ARSP,1.00631
2011,SE_GPI_ICTS,Romania,TRAF,0.80243
2011,SE_GPI_ICTS,Romania,INST,0.68839
2011,SE_GPI_ICTS,Romania,EPRS,0.82943
2011,SE_GPI_ICTS,Romania,EMAIL,0.9271
2011,SE_GPI_ICTS,Romania,COPA,0.92631
2011,SE_GPI_ICTS,Romania,CMFL,0.92342
2011,SE_GPI_ICTS,Romania,PCPR,0.8926
2012,SE_GPI_ICTS,Romania,ARSP,0.97944
2012,SE_GPI_ICTS,Austria,COPA,0.86106
2012,SE_GPI_ICTS,Austria,TRAF,0.76545
2012,SE_GPI_ICTS,Austria,EPRS,0.75213
2012,SE_GPI_ICTS,Austria,ARSP,0.7085
2012,SE_GPI_ICTS,Austria,INST,0.63789
2012,SE_GPI_ICTS,Austria,PCPR,0.38681
2013,SE_GPI_ICTS,Austria,EMAIL,0.88019
2014,SE_GPI_ICTS,Austria,TRAF,0.82227
2014,SE_GPI_ICTS,Austria,EPRS,0.77308
2014,SE_GPI_ICTS,Austria,ARSP,0.73067
2014,SE_GPI_ICTS,Austria,INST,0.67458
2014,SE_GPI_ICTS,Austria,PCPR,0.39922
2012,SE_GPI_ICTS,Romania,COPA,0.9539
2012,SE_GPI_ICTS,Romania,EPRS,0.82673
2012,SE_GPI_ICTS,Romania,CMFL,0.93216
2012,SE_GPI_ICTS,Romania,PCPR,0.79174
2012,SE_GPI_ICTS,Romania,TRAF,0.77188
2012,SE_GPI_ICTS,Romania,INST,0.69893
2013,SE_GPI_ICTS,Romania,EMAIL,0.94314
2014,SE_GPI_ICTS,Romania,PCPR,0.68152
2014,SE_GPI_ICTS,Romania,EPRS,0.68045
2014,SE_GPI_ICTS,Romania,INST,0.60213
2014,SE_GPI_ICTS,Romania,ARSP,0.8799
2014,SE_GPI_ICTS,Romania,CMFL,0.87705
2014,SE_GPI_ICTS,Romania,COPA,0.86703
2014,SE_GPI_ICTS,Romania,TRAF,0.78888
2015,SE_GPI_ICTS,Romania,SOFT,0.70999
2015,SE_GPI_ICTS,Romania,CMFL,0.91996
2015,SE_GPI_ICTS,Romania,COPA,0.90567
2015,SE_GPI_ICTS,Romania,EPRS,0.87323
2015,SE_GPI_ICTS,Romania,ARSP,0.84859
2015,SE_GPI_ICTS,Romania,TRAF,0.92498
2015,SE_GPI_ICTS,Romania,PCPR,0.64844
2016,SE_GPI_ICTS,Romania,TRAF,0.93196
2016,SE_GPI_ICTS,Romania,CMFL,0.91625
2016,SE_GPI_ICTS,Romania,ARSP,0.90908
2016,SE_GPI_ICTS,Romania,COPA,0.9049
2016,SE_GPI_ICTS,Romania,EPRS,0.89409
2016,SE_GPI_ICTS,Romania,SOFT,0.77355
2016,SE_GPI_ICTS,Romania,PCPR,0.58044
2019,SE_GPI_ICTS,Romania,TRAF,0.97828
2019,SE_GPI_ICTS,Romania,EMAIL,0.97675
2019,SE_GPI_ICTS,Romania,EPRS,0.86908
2019,SE_GPI_ICTS,Romania,COPA,0.81654
2019,SE_GPI_ICTS,Romania,SOFT,0.78721
2019,SE_GPI_ICTS,Romania,ARSP,0.75199
2014,SE_GPI_ICTS,Austria,CMFL,0.87705
2014,SE_GPI_ICTS,Austria,COPA,0.82507
2015,SE_GPI_ICTS,Austria,COPA,0.82544
2015,SE_GPI_ICTS,Austria,CMFL,0.79792
2015,SE_GPI_ICTS,Austria,TRAF,0.7586
2015,SE_GPI_ICTS,Austria,EPRS,0.72431
2015,SE_GPI_ICTS,Austria,ARSP,0.65888
2015,SE_GPI_ICTS,Austria,SOFT,0.65582
2015,SE_GPI_ICTS,Austria,PCPR,0.21178
2016,SE_GPI_ICTS,Austria,CMFL,0.83966
2016,SE_GPI_ICTS,Austria,EPRS,0.83565
2016,SE_GPI_ICTS,Austria,TRAF,0.81299
2020,SE_GPI_ICTS,Romania,EMAIL,1.00045
2021,SE_GPI_ICTS,Romania,SOFT,0.78594
2021,SE_GPI_ICTS,Romania,COPA,0.8911
2015,SE_GPI_ICTS,Serbia,SOFT,0.62242
2015,SE_GPI_ICTS,Serbia,PCPR,0.46338
2015,SE_GPI_ICTS,Serbia,ARSP,0.86423
2015,SE_GPI_ICTS,Serbia,EPRS,0.89738
2015,SE_GPI_ICTS,Serbia,COPA,0.85515
2015,SE_GPI_ICTS,Serbia,TRAF,0.82762
2015,SE_GPI_ICTS,Serbia,CMFL,0.74862
2016,SE_GPI_ICTS,Serbia,EPRS,1.06622
2016,SE_GPI_ICTS,Serbia,CMFL,0.96458
2016,SE_GPI_ICTS,Serbia,TRAF,0.94092
2016,SE_GPI_ICTS,Serbia,ARSP,0.9377
2016,SE_GPI_ICTS,Serbia,PCPR,0.66218
2017,SE_GPI_ICTS,Serbia,CMFL,0.85615
2017,SE_GPI_ICTS,Serbia,TRAF,0.81544
2017,SE_GPI_ICTS,Serbia,EPRS,0.80461
2017,SE_GPI_ICTS,Serbia,ARSP,0.7192
2017,SE_GPI_ICTS,Serbia,PCPR,0.50776
2021,SE_GPI_ICTS,Serbia,SOFT,0.8267
2021,SE_GPI_ICTS,Serbia,PCPR,0.33245
2021,SE_GPI_ICTS,Serbia,ARSP,0.8435
2021,SE_GPI_ICTS,Serbia,COPA,0.85704
2010,SE_GPI_ICTS,Slovakia,EMAIL,0.92934
2011,SE_GPI_ICTS,Slovakia,TRAF,0.79431
2011,SE_GPI_ICTS,Slovakia,EMAIL,0.96622
2011,SE_GPI_ICTS,Slovakia,ARSP,0.97342
2011,SE_GPI_ICTS,Slovakia,COPA,0.99046
2011,SE_GPI_ICTS,Slovakia,CMFL,0.96179
2011,SE_GPI_ICTS,Slovakia,PCPR,0.27205
2011,SE_GPI_ICTS,Slovakia,INST,0.58292
2011,SE_GPI_ICTS,Slovakia,EPRS,0.74336
2012,SE_GPI_ICTS,Slovakia,ARSP,0.94974
2012,SE_GPI_ICTS,Slovakia,CMFL,0.95145
2012,SE_GPI_ICTS,Slovakia,COPA,0.96652
2012,SE_GPI_ICTS,Slovakia,TRAF,0.8406
2012,SE_GPI_ICTS,Slovakia,PCPR,0.35154
2012,SE_GPI_ICTS,Slovakia,INST,0.61502
2012,SE_GPI_ICTS,Slovakia,EPRS,0.80014
2013,SE_GPI_ICTS,Slovakia,EMAIL,1.00987
2014,SE_GPI_ICTS,Slovakia,EPRS,0.80272
2014,SE_GPI_ICTS,Slovakia,PCPR,0.4288
2014,SE_GPI_ICTS,Slovakia,INST,0.60581
2014,SE_GPI_ICTS,Slovakia,CMFL,0.99588
2014,SE_GPI_ICTS,Slovakia,COPA,0.99642
2014,SE_GPI_ICTS,Slovakia,ARSP,1.00009
2014,SE_GPI_ICTS,Slovakia,TRAF,0.81134
2015,SE_GPI_ICTS,Slovakia,ARSP,0.95587
2015,SE_GPI_ICTS,Slovakia,EPRS,0.96592
2015,SE_GPI_ICTS,Slovakia,SOFT,0.54945
2015,SE_GPI_ICTS,Slovakia,TRAF,0.87452
2015,SE_GPI_ICTS,Slovakia,CMFL,0.94739
2015,SE_GPI_ICTS,Slovakia,PCPR,0.24962
2016,SE_GPI_ICTS,Slovakia,EPRS,0.98523
2016,SE_GPI_ICTS,Slovakia,PCPR,0.27576
2016,SE_GPI_ICTS,Austria,PCPR,0.26105
2017,SE_GPI_ICTS,Austria,EPRS,0.86365
2017,SE_GPI_ICTS,Austria,PCPR,0.23462
2017,SE_GPI_ICTS,Austria,CMFL,0.81687
2017,SE_GPI_ICTS,Austria,TRAF,0.79292
2017,SE_GPI_ICTS,Austria,SOFT,0.73823
2021,SE_GPI_ICTS,Austria,COPA,0.93401
2021,SE_GPI_ICTS,Austria,SOFT,0.83237
2021,SE_GPI_ICTS,Austria,PCPR,0.29978
2010,SE_GPI_ICTS,Belgium,EMAIL,0.91185
2016,SE_GPI_ICTS,Slovakia,SOFT,0.59727
2016,SE_GPI_ICTS,Slovakia,TRAF,0.86529
2016,SE_GPI_ICTS,Slovakia,CMFL,0.92601
2016,SE_GPI_ICTS,Slovakia,ARSP,0.92724
2019,SE_GPI_ICTS,Slovakia,EPRS,0.99968
2019,SE_GPI_ICTS,Slovakia,CMFL,0.91527
2019,SE_GPI_ICTS,Slovakia,TRAF,0.95772
2019,SE_GPI_ICTS,Slovakia,PCPR,0.4235
2019,SE_GPI_ICTS,Slovakia,EMAIL,0.97513
2021,SE_GPI_ICTS,Slovakia,PCPR,0.24545
2011,SE_GPI_ICTS,Belgium,EMAIL,0.93133
2011,SE_GPI_ICTS,Belgium,COPA,0.92625
2011,SE_GPI_ICTS,Belgium,CMFL,0.91253
2011,SE_GPI_ICTS,Belgium,ARSP,0.84858
2011,SE_GPI_ICTS,Belgium,TRAF,0.80546
2011,SE_GPI_ICTS,Belgium,EPRS,0.7985
2011,SE_GPI_ICTS,Belgium,INST,0.67628
2011,SE_GPI_ICTS,Belgium,PCPR,0.37624
2012,SE_GPI_ICTS,Belgium,COPA,0.92064
2012,SE_GPI_ICTS,Belgium,CMFL,0.90895
2012,SE_GPI_ICTS,Belgium,EPRS,0.8399
2012,SE_GPI_ICTS,Belgium,ARSP,0.79913
2021,SE_GPI_ICTS,Slovakia,EMAIL,1.0722
2021,SE_GPI_ICTS,Slovakia,COPA,0.94442
2021,SE_GPI_ICTS,Slovakia,VRFY,0.76398
2021,SE_GPI_ICTS,Slovakia,SOFT,0.78671
2021,SE_GPI_ICTS,Slovakia,ARSP,0.87732
2021,SE_GPI_ICTS,Slovakia,EPRS,0.90056
2010,SE_GPI_ICTS,Slovenia,EMAIL,0.99917
2011,SE_GPI_ICTS,Slovenia,CMFL,0.93866
2011,SE_GPI_ICTS,Slovenia,TRAF,0.82936
2011,SE_GPI_ICTS,Slovenia,EPRS,0.9926
2011,SE_GPI_ICTS,Slovenia,ARSP,1.04308
2011,SE_GPI_ICTS,Slovenia,PCPR,0.26956
2011,SE_GPI_ICTS,Slovenia,INST,0.6417
2011,SE_GPI_ICTS,Slovenia,EMAIL,0.96937
2011,SE_GPI_ICTS,Slovenia,COPA,0.96104
2012,SE_GPI_ICTS,Slovenia,PCPR,0.38526
2012,SE_GPI_ICTS,Slovenia,ARSP,0.91016
2012,SE_GPI_ICTS,Slovenia,COPA,0.94299
2012,SE_GPI_ICTS,Slovenia,EPRS,0.88537
2012,SE_GPI_ICTS,Slovenia,INST,0.67213
2012,SE_GPI_ICTS,Slovenia,TRAF,0.75334
2012,SE_GPI_ICTS,Slovenia,CMFL,0.88326
2013,SE_GPI_ICTS,Slovenia,EMAIL,1.00344
2012,SE_GPI_ICTS,Belgium,INST,0.66475
2012,SE_GPI_ICTS,Belgium,PCPR,0.39528
2012,SE_GPI_ICTS,Belgium,TRAF,0.8732
2013,SE_GPI_ICTS,Belgium,EMAIL,0.92674
2014,SE_GPI_ICTS,Belgium,COPA,0.94598
2014,SE_GPI_ICTS,Belgium,CMFL,0.89887
2014,SE_GPI_ICTS,Belgium,TRAF,0.87605
2014,SE_GPI_ICTS,Belgium,EPRS,0.84057
2014,SE_GPI_ICTS,Belgium,ARSP,0.83489
2014,SE_GPI_ICTS,Belgium,INST,0.67169
2014,SE_GPI_ICTS,Belgium,PCPR,0.35818
2015,SE_GPI_ICTS,Belgium,COPA,0.94053
2014,SE_GPI_ICTS,Slovenia,ARSP,0.9816
2014,SE_GPI_ICTS,Slovenia,PCPR,0.24365
2014,SE_GPI_ICTS,Slovenia,INST,0.63216
2014,SE_GPI_ICTS,Slovenia,TRAF,0.88968
2014,SE_GPI_ICTS,Slovenia,EPRS,0.90136
2014,SE_GPI_ICTS,Slovenia,CMFL,0.96606
2014,SE_GPI_ICTS,Slovenia,COPA,0.97803
2015,SE_GPI_ICTS,Slovenia,EPRS,1.06673
2015,SE_GPI_ICTS,Slovenia,PCPR,0.33119
2015,SE_GPI_ICTS,Slovenia,TRAF,0.96917
2015,SE_GPI_ICTS,Slovenia,CMFL,1.00655
2015,SE_GPI_ICTS,Slovenia,SOFT,0.70433
2015,SE_GPI_ICTS,Belgium,CMFL,0.91259
2015,SE_GPI_ICTS,Belgium,TRAF,0.89687
2015,SE_GPI_ICTS,Belgium,EPRS,0.83212
2015,SE_GPI_ICTS,Belgium,ARSP,0.79783
2015,SE_GPI_ICTS,Belgium,SOFT,0.76838
2015,SE_GPI_ICTS,Belgium,PCPR,0.21835
2016,SE_GPI_ICTS,Belgium,CMFL,0.90531
2016,SE_GPI_ICTS,Belgium,TRAF,0.85501
2016,SE_GPI_ICTS,Belgium,EPRS,0.83851
2016,SE_GPI_ICTS,Belgium,ARSP,0.82761
2016,SE_GPI_ICTS,Belgium,INST,0.68194
2015,SE_GPI_ICTS,Slovenia,ARSP,1.02301
2017,SE_GPI_ICTS,Slovenia,PCPR,0.17359
2017,SE_GPI_ICTS,Slovenia,TRAF,0.95665
2017,SE_GPI_ICTS,Slovenia,CMFL,1.06642
2019,SE_GPI_ICTS,Slovenia,EPRS,1.18863
2019,SE_GPI_ICTS,Slovenia,SOFT,0.62922
2019,SE_GPI_ICTS,Slovenia,TRAF,0.95696
2019,SE_GPI_ICTS,Slovenia,COPA,0.96409
2019,SE_GPI_ICTS,Slovenia,ARSP,1.03306
2021,SE_GPI_ICTS,Slovenia,TRAF,0.98435
2021,SE_GPI_ICTS,Slovenia,COPA,0.98435
2021,SE_GPI_ICTS,Slovenia,ARSP,0.8708
2021,SE_GPI_ICTS,Slovenia,VRFY,0.77869
2021,SE_GPI_ICTS,Slovenia,PCPR,0.30076
2021,SE_GPI_ICTS,Slovenia,SOFT,0.7645
2010,SE_GPI_ICTS,Spain,EMAIL,0.91218
2011,SE_GPI_ICTS,Spain,EMAIL,0.92966
2011,SE_GPI_ICTS,Spain,EPRS,0.86513
2011,SE_GPI_ICTS,Spain,TRAF,0.86134
2011,SE_GPI_ICTS,Spain,ARSP,0.88685
2016,SE_GPI_ICTS,Belgium,PCPR,0.29338
2016,SE_GPI_ICTS,Belgium,COPA,0.92032
2017,SE_GPI_ICTS,Belgium,INST,0.74347
2017,SE_GPI_ICTS,Belgium,PCPR,0.32243
2017,SE_GPI_ICTS,Belgium,COPA,0.98687
2017,SE_GPI_ICTS,Belgium,CMFL,0.97929
2017,SE_GPI_ICTS,Belgium,TRAF,0.89889
2017,SE_GPI_ICTS,Belgium,EPRS,0.85393
2011,SE_GPI_ICTS,Spain,CMFL,0.91687
2011,SE_GPI_ICTS,Spain,COPA,0.92484
2011,SE_GPI_ICTS,Spain,PCPR,0.65157
2011,SE_GPI_ICTS,Spain,INST,0.80055
2012,SE_GPI_ICTS,Spain,EPRS,0.83258
2012,SE_GPI_ICTS,Spain,ARSP,0.83821
2012,SE_GPI_ICTS,Spain,TRAF,0.84926
2012,SE_GPI_ICTS,Spain,COPA,0.91035
2012,SE_GPI_ICTS,Spain,CMFL,0.91204
2012,SE_GPI_ICTS,Spain,INST,0.75774
2012,SE_GPI_ICTS,Spain,PCPR,0.62041
2013,SE_GPI_ICTS,Spain,EMAIL,0.91674
2014,SE_GPI_ICTS,Spain,CMFL,0.92999
2014,SE_GPI_ICTS,Spain,COPA,0.94607
2014,SE_GPI_ICTS,Spain,TRAF,0.87746
2014,SE_GPI_ICTS,Spain,ARSP,0.88324
2014,SE_GPI_ICTS,Spain,EPRS,0.91871
2014,SE_GPI_ICTS,Spain,INST,0.81199
2014,SE_GPI_ICTS,Spain,PCPR,0.6149
2015,SE_GPI_ICTS,Spain,SOFT,0.78495
2015,SE_GPI_ICTS,Spain,ARSP,0.80709
2015,SE_GPI_ICTS,Spain,CMFL,0.88881
2015,SE_GPI_ICTS,Spain,TRAF,0.89512
2015,SE_GPI_ICTS,Spain,COPA,0.90235
2015,SE_GPI_ICTS,Spain,EPRS,0.90941
2015,SE_GPI_ICTS,Spain,PCPR,0.40189
2016,SE_GPI_ICTS,Spain,EPRS,0.88592
2016,SE_GPI_ICTS,Spain,SOFT,0.81892
2016,SE_GPI_ICTS,Spain,TRAF,0.86459
2016,SE_GPI_ICTS,Spain,CMFL,0.88029
2016,SE_GPI_ICTS,Spain,PCPR,0.4432
2019,SE_GPI_ICTS,Spain,ARSP,0.87031
2019,SE_GPI_ICTS,Spain,PCPR,0.50718
2019,SE_GPI_ICTS,Spain,SOFT,0.89677
2019,SE_GPI_ICTS,Spain,CMFL,0.91439
2019,SE_GPI_ICTS,Spain,TRAF,0.91705
2019,SE_GPI_ICTS,Spain,EPRS,0.97044
2020,SE_GPI_ICTS,Spain,ARSP,0.86394
2020,SE_GPI_ICTS,Spain,PCPR,0.47923
2020,SE_GPI_ICTS,Spain,SCRTY,0.91989
2020,SE_GPI_ICTS,Spain,TRAF,0.9464
2020,SE_GPI_ICTS,Spain,PRVCY,0.98752
2020,SE_GPI_ICTS,Spain,EPRS,0.91502
2020,SE_GPI_ICTS,Spain,SOFT,0.90672
2020,SE_GPI_ICTS,Spain,COPA,0.90805
2021,SE_GPI_ICTS,Spain,EPRS,0.92628
2021,SE_GPI_ICTS,Spain,COPA,0.94776
2021,SE_GPI_ICTS,Spain,PRVCY,0.99549
2021,SE_GPI_ICTS,Spain,PCPR,0.42564
2021,SE_GPI_ICTS,Spain,VRFY,0.84487
2021,SE_GPI_ICTS,Spain,ARSP,0.86286
2021,SE_GPI_ICTS,Spain,SOFT,0.91831
2010,SE_GPI_ICTS,Sweden,EMAIL,0.98803
2011,SE_GPI_ICTS,Sweden,EPRS,0.88702
2011,SE_GPI_ICTS,Sweden,EMAIL,0.98675
2011,SE_GPI_ICTS,Sweden,CMFL,0.94117
2011,SE_GPI_ICTS,Sweden,TRAF,0.85996
2011,SE_GPI_ICTS,Sweden,ARSP,0.83298
2011,SE_GPI_ICTS,Sweden,INST,0.5996
2011,SE_GPI_ICTS,Sweden,PCPR,0.43979
2011,SE_GPI_ICTS,Sweden,COPA,0.99239
2012,SE_GPI_ICTS,Sweden,EPRS,0.999
2012,SE_GPI_ICTS,Sweden,COPA,0.96464
2012,SE_GPI_ICTS,Sweden,CMFL,0.93324
2012,SE_GPI_ICTS,Sweden,ARSP,0.85348
2012,SE_GPI_ICTS,Sweden,TRAF,0.89859
2012,SE_GPI_ICTS,Sweden,INST,0.6485
2012,SE_GPI_ICTS,Sweden,PCPR,0.41511
2013,SE_GPI_ICTS,Sweden,EMAIL,0.94317
2017,SE_GPI_ICTS,Belgium,ARSP,0.85226
2019,SE_GPI_ICTS,Belgium,EPRS,0.91958
2019,SE_GPI_ICTS,Belgium,COPA,0.90126
2019,SE_GPI_ICTS,Belgium,TRAF,0.88762
2019,SE_GPI_ICTS,Belgium,SOFT,0.82127
2019,SE_GPI_ICTS,Belgium,ARSP,0.78542
2019,SE_GPI_ICTS,Belgium,PCPR,0.2338
2021,SE_GPI_ICTS,Belgium,EPRS,0.89506
2021,SE_GPI_ICTS,Belgium,ARSP,0.81405
2021,SE_GPI_ICTS,Belgium,TRAF,0.84353
2021,SE_GPI_ICTS,Belgium,VRFY,0.85188
2014,SE_GPI_ICTS,Sweden,COPA,1.01748
2014,SE_GPI_ICTS,Sweden,TRAF,0.90314
2014,SE_GPI_ICTS,Sweden,CMFL,0.87594
2014,SE_GPI_ICTS,Sweden,EPRS,0.91589
2014,SE_GPI_ICTS,Sweden,ARSP,0.79393
2014,SE_GPI_ICTS,Sweden,INST,0.647
2014,SE_GPI_ICTS,Sweden,PCPR,0.42513
2015,SE_GPI_ICTS,Sweden,SOFT,0.92088
2015,SE_GPI_ICTS,Sweden,EPRS,0.99159
2015,SE_GPI_ICTS,Sweden,COPA,0.98725
2015,SE_GPI_ICTS,Sweden,TRAF,0.88189
2015,SE_GPI_ICTS,Sweden,CMFL,0.84986
2021,SE_GPI_ICTS,Belgium,PCPR,0.15185
2021,SE_GPI_ICTS,Belgium,SOFT,0.78785
2017,SE_GPI_ICTS,Bosnia and Herzegovina,COPA,0.84348
2017,SE_GPI_ICTS,Bosnia and Herzegovina,ARSP,1.03128
2017,SE_GPI_ICTS,Bosnia and Herzegovina,CMFL,0.94207
2017,SE_GPI_ICTS,Bosnia and Herzegovina,TRAF,0.88954
2017,SE_GPI_ICTS,Bosnia and Herzegovina,SOFT,0.79713
2017,SE_GPI_ICTS,Bosnia and Herzegovina,EPRS,0.73845
2017,SE_GPI_ICTS,Bosnia and Herzegovina,PCPR,0.31226
2019,SE_GPI_ICTS,Bosnia and Herzegovina,EPRS,0.69955
2015,SE_GPI_ICTS,Sweden,PCPR,0.31986
2015,SE_GPI_ICTS,Sweden,ARSP,0.80924
2017,SE_GPI_ICTS,Sweden,ARSP,0.74894
2017,SE_GPI_ICTS,Sweden,TRAF,0.76971
2017,SE_GPI_ICTS,Sweden,CMFL,0.81302
2017,SE_GPI_ICTS,Sweden,EPRS,0.85434
2017,SE_GPI_ICTS,Sweden,INST,0.92313
2017,SE_GPI_ICTS,Sweden,PCPR,0.27423
2021,SE_GPI_ICTS,Sweden,SOFT,0.82644
2021,SE_GPI_ICTS,Sweden,COPA,0.87214
2021,SE_GPI_ICTS,Sweden,PCPR,0.25819
2021,SE_GPI_ICTS,Sweden,ARSP,0.76977
2014,SE_GPI_ICTS,Switzerland,EMAIL,0.90514
2017,SE_GPI_ICTS,Switzerland,EPRS,0.93295
2017,SE_GPI_ICTS,Switzerland,ARSP,0.82095
2017,SE_GPI_ICTS,Switzerland,TRAF,0.86225
2017,SE_GPI_ICTS,Switzerland,SOFT,0.86433
2017,SE_GPI_ICTS,Switzerland,PCPR,0.34636
2017,SE_GPI_ICTS,Switzerland,CMFL,0.89514
2019,SE_GPI_ICTS,Switzerland,EPRS,0.88211
2019,SE_GPI_ICTS,Switzerland,PCPR,0.37341
2019,SE_GPI_ICTS,Switzerland,ARSP,0.83295
2019,SE_GPI_ICTS,Bosnia and Herzegovina,PCPR,0.2854
2019,SE_GPI_ICTS,Bosnia and Herzegovina,TRAF,0.91255
2019,SE_GPI_ICTS,Bosnia and Herzegovina,EMAIL,0.75366
2019,SE_GPI_ICTS,Bosnia and Herzegovina,CMFL,0.94222
2019,SE_GPI_ICTS,Bosnia and Herzegovina,COPA,0.73837
2019,SE_GPI_ICTS,Bosnia and Herzegovina,ARSP,0.70046
2021,SE_GPI_ICTS,Bosnia and Herzegovina,SCRTY,0.82165
2021,SE_GPI_ICTS,Bosnia and Herzegovina,INST,0.74426
2021,SE_GPI_ICTS,Bosnia and Herzegovina,PRVCY,0.68684
2021,SE_GPI_ICTS,Bosnia and Herzegovina,TRAF,0.9637
2019,SE_GPI_ICTS,Switzerland,SOFT,0.84247
2019,SE_GPI_ICTS,Switzerland,TRAF,0.86611
2021,SE_GPI_ICTS,Switzerland,PCPR,0.21903
2021,SE_GPI_ICTS,Switzerland,VRFY,0.6458
2021,SE_GPI_ICTS,Switzerland,ARSP,0.72706
2021,SE_GPI_ICTS,Switzerland,SOFT,0.80389
2021,SE_GPI_ICTS,Switzerland,EPRS,0.8457
2021,SE_GPI_ICTS,Switzerland,TRAF,0.96973
2021,SE_GPI_ICTS,Switzerland,EMAIL,0.97291
2018,SE_GPI_ICTS,United Arab Emirates,PCPR,0.63333
2019,SE_GPI_ICTS,United Arab Emirates,PCPR,1.34714
2019,SE_GPI_ICTS,United Arab Emirates,COPA,0.94906
2019,SE_GPI_ICTS,United Arab Emirates,INST,1.11676
2019,SE_GPI_ICTS,United Arab Emirates,TRAF,0.8949
2019,SE_GPI_ICTS,United Arab Emirates,SOFT,0.69656
2019,SE_GPI_ICTS,United Arab Emirates,ARSP,0.77366
2019,SE_GPI_ICTS,United Arab Emirates,EMAIL,0.90308
2019,SE_GPI_ICTS,United Arab Emirates,EPRS,1.90363
2020,SE_GPI_ICTS,United Arab Emirates,INST,0.69319
2020,SE_GPI_ICTS,United Arab Emirates,VRFY,0.75593
2020,SE_GPI_ICTS,United Arab Emirates,SOFT,0.70807
2020,SE_GPI_ICTS,United Arab Emirates,EMAIL,0.80708
2020,SE_GPI_ICTS,United Arab Emirates,PCPR,0.83679
2020,SE_GPI_ICTS,United Arab Emirates,COPA,1.0
2020,SE_GPI_ICTS,United Arab Emirates,EPRS,0.79585
2020,SE_GPI_ICTS,United Arab Emirates,TRAF,0.75633
2020,SE_GPI_ICTS,United Arab Emirates,ARSP,0.76189
2021,SE_GPI_ICTS,United Arab Emirates,SOFT,0.93696
2021,SE_GPI_ICTS,United Arab Emirates,EPRS,0.92894
2021,SE_GPI_ICTS,United Arab Emirates,INST,0.8577
2021,SE_GPI_ICTS,United Arab Emirates,TRAF,0.83114
2021,SE_GPI_ICTS,United Arab Emirates,VRFY,0.99734
2021,SE_GPI_ICTS,United Arab Emirates,COPA,1.0
2021,SE_GPI_ICTS,United Arab Emirates,PCPR,1.09466
2021,SE_GPI_ICTS,United Arab Emirates,EMAIL,0.95657
2021,SE_GPI_ICTS,United Arab Emirates,ARSP,0.93674
2010,SE_GPI_ICTS,Türkiye,EMAIL,0.56447
2012,SE_GPI_ICTS,Türkiye,EPRS,0.59264
2012,SE_GPI_ICTS,Türkiye,CMFL,0.59103
2012,SE_GPI_ICTS,Türkiye,COPA,0.58311
2012,SE_GPI_ICTS,Türkiye,PCPR,0.45426
2012,SE_GPI_ICTS,Türkiye,TRAF,0.53402
2021,SE_GPI_ICTS,Bosnia and Herzegovina,COPA,0.92088
2021,SE_GPI_ICTS,Bosnia and Herzegovina,EMAIL,0.92076
2021,SE_GPI_ICTS,Bosnia and Herzegovina,EPRS,0.8413
2021,SE_GPI_ICTS,Bosnia and Herzegovina,SOFT,0.82858
2010,SE_GPI_ICTS,Bulgaria,EMAIL,1.01743
2011,SE_GPI_ICTS,Bulgaria,PCPR,0.72939
2011,SE_GPI_ICTS,Bulgaria,INST,0.66808
2011,SE_GPI_ICTS,Bulgaria,ARSP,1.12645
2011,SE_GPI_ICTS,Bulgaria,COPA,1.05405
2011,SE_GPI_ICTS,Bulgaria,CMFL,0.98181
2011,SE_GPI_ICTS,Bulgaria,EMAIL,0.97381
2013,SE_GPI_ICTS,Türkiye,EMAIL,0.58852
2016,SE_GPI_ICTS,Türkiye,CMFL,0.64499
2016,SE_GPI_ICTS,Türkiye,TRAF,0.61197
2016,SE_GPI_ICTS,Türkiye,PCPR,0.40406
2016,SE_GPI_ICTS,Türkiye,EPRS,0.66734
2017,SE_GPI_ICTS,Türkiye,TRAF,0.64627
2017,SE_GPI_ICTS,Türkiye,EPRS,0.67066
2017,SE_GPI_ICTS,Türkiye,PCPR,0.40931
2017,SE_GPI_ICTS,Türkiye,CMFL,0.66937
2019,SE_GPI_ICTS,Türkiye,EPRS,0.72176
2019,SE_GPI_ICTS,Türkiye,CMFL,0.68841
2011,SE_GPI_ICTS,Bulgaria,TRAF,0.82103
2011,SE_GPI_ICTS,Bulgaria,EPRS,0.82077
2012,SE_GPI_ICTS,Bulgaria,ARSP,1.1025
2012,SE_GPI_ICTS,Bulgaria,COPA,1.07228
2012,SE_GPI_ICTS,Bulgaria,CMFL,1.01636
2012,SE_GPI_ICTS,Bulgaria,EPRS,0.90869
2012,SE_GPI_ICTS,Bulgaria,TRAF,0.86132
2012,SE_GPI_ICTS,Bulgaria,PCPR,0.73575
2012,SE_GPI_ICTS,Bulgaria,INST,0.71819
2013,SE_GPI_ICTS,Bulgaria,EMAIL,0.99284
2014,SE_GPI_ICTS,Bulgaria,PCPR,0.59027
2014,SE_GPI_ICTS,Bulgaria,ARSP,1.04072
2019,SE_GPI_ICTS,Türkiye,PCPR,0.39883
2019,SE_GPI_ICTS,Türkiye,TRAF,0.67256
2021,SE_GPI_ICTS,Türkiye,EPRS,0.75373
2021,SE_GPI_ICTS,Türkiye,PCPR,0.37287
2021,SE_GPI_ICTS,Türkiye,TRAF,0.7304
2021,SE_GPI_ICTS,Türkiye,SOFT,0.70069
2020,SE_GPI_ICTS,Ukraine,EPRS,0.94224
2020,SE_GPI_ICTS,Ukraine,EMAIL,0.96581
2020,SE_GPI_ICTS,Ukraine,ARSP,0.97628
2020,SE_GPI_ICTS,Ukraine,COPA,0.93533
2020,SE_GPI_ICTS,Ukraine,TRAF,0.81131
2014,SE_GPI_ICTS,Bulgaria,COPA,0.98967
2014,SE_GPI_ICTS,Bulgaria,CMFL,0.97907
2014,SE_GPI_ICTS,Bulgaria,TRAF,0.84518
2014,SE_GPI_ICTS,Bulgaria,EPRS,0.81629
2014,SE_GPI_ICTS,Bulgaria,INST,0.6277
2016,SE_GPI_ICTS,Bulgaria,EPRS,1.06221
2016,SE_GPI_ICTS,Bulgaria,CMFL,0.98127
2016,SE_GPI_ICTS,Bulgaria,TRAF,0.9681
2016,SE_GPI_ICTS,Bulgaria,PCPR,0.33573
2017,SE_GPI_ICTS,Bulgaria,EPRS,1.04839
2017,SE_GPI_ICTS,Bulgaria,CMFL,0.96344
2020,SE_GPI_ICTS,Ukraine,SOFT,0.50224
2020,SE_GPI_ICTS,Ukraine,PRVCY,0.38858
2020,SE_GPI_ICTS,Ukraine,PCPR,0.39906
2020,SE_GPI_ICTS,Ukraine,INST,0.58235
2021,SE_GPI_ICTS,Ukraine,PRVCY,0.31304
2021,SE_GPI_ICTS,Ukraine,PCPR,0.38877
2021,SE_GPI_ICTS,Ukraine,SOFT,0.54755
2021,SE_GPI_ICTS,Ukraine,ARSP,0.90498
2021,SE_GPI_ICTS,Ukraine,EMAIL,0.96266
2021,SE_GPI_ICTS,Ukraine,EPRS,0.99757
2021,SE_GPI_ICTS,Ukraine,COPA,0.9235
2017,SE_GPI_ICTS,Bulgaria,PCPR,0.32713
2017,SE_GPI_ICTS,Bulgaria,TRAF,0.93992
2019,SE_GPI_ICTS,Bulgaria,TRAF,0.95414
2019,SE_GPI_ICTS,Bulgaria,PCPR,0.33765
2019,SE_GPI_ICTS,Bulgaria,EPRS,1.08544
2019,SE_GPI_ICTS,Bulgaria,COPA,0.98293
2021,SE_GPI_ICTS,Bulgaria,VRFY,0.86942
2021,SE_GPI_ICTS,Bulgaria,PCPR,0.46051
2021,SE_GPI_ICTS,Bulgaria,COPA,1.01101
2021,SE_GPI_ICTS,Bulgaria,EPRS,0.99117
2021,SE_GPI_ICTS,Ukraine,INST,0.64977
2021,SE_GPI_ICTS,Ukraine,TRAF,0.85274
2010,SE_GPI_ICTS,North Macedonia,EMAIL,0.93106
2012,SE_GPI_ICTS,North Macedonia,CMFL,0.8376
2012,SE_GPI_ICTS,North Macedonia,ARSP,0.82204
2012,SE_GPI_ICTS,North Macedonia,PCPR,0.5626
2012,SE_GPI_ICTS,North Macedonia,INST,0.59411
2012,SE_GPI_ICTS,North Macedonia,TRAF,0.81669
2012,SE_GPI_ICTS,North Macedonia,COPA,0.84205
2012,SE_GPI_ICTS,North Macedonia,EPRS,0.89027
2013,SE_GPI_ICTS,North Macedonia,EMAIL,0.9143
2014,SE_GPI_ICTS,North Macedonia,INST,0.57918
2014,SE_GPI_ICTS,North Macedonia,TRAF,0.74789
2014,SE_GPI_ICTS,North Macedonia,CMFL,0.85837
2014,SE_GPI_ICTS,North Macedonia,ARSP,0.85619
2014,SE_GPI_ICTS,North Macedonia,EPRS,0.97588
2014,SE_GPI_ICTS,North Macedonia,COPA,0.87009
2014,SE_GPI_ICTS,North Macedonia,PCPR,0.78092
2015,SE_GPI_ICTS,North Macedonia,COPA,1.03271
2015,SE_GPI_ICTS,North Macedonia,SOFT,0.79438
2015,SE_GPI_ICTS,North Macedonia,TRAF,0.83787
2015,SE_GPI_ICTS,North Macedonia,ARSP,1.00578
2018,SE_GPI_ICTS,Belarus,INST,0.65339
2018,SE_GPI_ICTS,Belarus,PCPR,0.39468
2018,SE_GPI_ICTS,Belarus,ARSP,1.09745
2018,SE_GPI_ICTS,Belarus,EPRS,1.10445
2018,SE_GPI_ICTS,Belarus,EMAIL,1.08475
2018,SE_GPI_ICTS,Belarus,COPA,1.08053
2018,SE_GPI_ICTS,Belarus,CMFL,1.04292
2018,SE_GPI_ICTS,Belarus,TRAF,0.937
2018,SE_GPI_ICTS,Belarus,SOFT,0.68592
2019,SE_GPI_ICTS,Belarus,EPRS,1.27801
2015,SE_GPI_ICTS,North Macedonia,CMFL,0.84663
2015,SE_GPI_ICTS,North Macedonia,EPRS,1.06145
2015,SE_GPI_ICTS,North Macedonia,PCPR,0.59526
2016,SE_GPI_ICTS,North Macedonia,ARSP,0.98813
2016,SE_GPI_ICTS,North Macedonia,PCPR,0.84582
2016,SE_GPI_ICTS,North Macedonia,SOFT,0.80826
2016,SE_GPI_ICTS,North Macedonia,TRAF,0.97324
2016,SE_GPI_ICTS,North Macedonia,CMFL,0.93364
2016,SE_GPI_ICTS,North Macedonia,EPRS,1.04268
2016,SE_GPI_ICTS,North Macedonia,COPA,1.03138
2010,SE_GPI_ICTS,United Kingdom of Great Britain and Northern Ireland,EMAIL,0.95059
2011,SE_GPI_ICTS,United Kingdom of Great Britain and Northern Ireland,CMFL,0.92968
2011,SE_GPI_ICTS,United Kingdom of Great Britain and Northern Ireland,EMAIL,0.94523
2011,SE_GPI_ICTS,United Kingdom of Great Britain and Northern Ireland,TRAF,0.8673
2011,SE_GPI_ICTS,United Kingdom of Great Britain and Northern Ireland,PCPR,0.56262
2011,SE_GPI_ICTS,United Kingdom of Great Britain and Northern Ireland,COPA,0.95837
2011,SE_GPI_ICTS,United Kingdom of Great Britain and Northern Ireland,ARSP,0.83904
2011,SE_GPI_ICTS,United Kingdom of Great Britain and Northern Ireland,INST,0.71941
2011,SE_GPI_ICTS,United Kingdom of Great Britain and Northern Ireland,EPRS,0.8118
2012,SE_GPI_ICTS,United Kingdom of Great Britain and Northern Ireland,CMFL,0.91303
2012,SE_GPI_ICTS,United Kingdom of Great Britain and Northern Ireland,INST,0.72569
2019,SE_GPI_ICTS,Belarus,ARSP,1.15371
2019,SE_GPI_ICTS,Belarus,COPA,1.07999
2019,SE_GPI_ICTS,Belarus,EMAIL,1.07367
2019,SE_GPI_ICTS,Belarus,TRAF,0.98943
2019,SE_GPI_ICTS,Belarus,INST,0.71192
2019,SE_GPI_ICTS,Belarus,SOFT,0.70431
2019,SE_GPI_ICTS,Belarus,PCPR,0.54723
2020,SE_GPI_ICTS,Belarus,EMAIL,1.09528
2020,SE_GPI_ICTS,Belarus,TRAF,1.03337
2020,SE_GPI_ICTS,Belarus,INST,0.72683
2012,SE_GPI_ICTS,United Kingdom of Great Britain and Northern Ireland,COPA,0.96703
2012,SE_GPI_ICTS,United Kingdom of Great Britain and Northern Ireland,ARSP,0.74027
2012,SE_GPI_ICTS,United Kingdom of Great Britain and Northern Ireland,EPRS,0.87138
2012,SE_GPI_ICTS,United Kingdom of Great Britain and Northern Ireland,TRAF,0.85742
2012,SE_GPI_ICTS,United Kingdom of Great Britain and Northern Ireland,PCPR,0.4582
2013,SE_GPI_ICTS,United Kingdom of Great Britain and Northern Ireland,EMAIL,0.93621
2014,SE_GPI_ICTS,United Kingdom of Great Britain and Northern Ireland,ARSP,0.91518
2014,SE_GPI_ICTS,United Kingdom of Great Britain and Northern Ireland,CMFL,0.96231
2014,SE_GPI_ICTS,United Kingdom of Great Britain and Northern Ireland,EPRS,0.85871
2014,SE_GPI_ICTS,United Kingdom of Great Britain and Northern Ireland,INST,0.80251
2020,SE_GPI_ICTS,Belarus,SOFT,0.70591
2020,SE_GPI_ICTS,Belarus,PCPR,0.23485
2020,SE_GPI_ICTS,Belarus,ARSP,1.2061
2020,SE_GPI_ICTS,Belarus,COPA,1.1146
2020,SE_GPI_ICTS,Belarus,EPRS,1.10907
2021,SE_GPI_ICTS,Belarus,ARSP,1.12688
2021,SE_GPI_ICTS,Belarus,COPA,1.12668
2021,SE_GPI_ICTS,Belarus,EMAIL,1.11605
2021,SE_GPI_ICTS,Belarus,INST,0.69116
2021,SE_GPI_ICTS,Belarus,TRAF,0.99791
2014,SE_GPI_ICTS,United Kingdom of Great Britain and Northern Ireland,TRAF,0.91813
2014,SE_GPI_ICTS,United Kingdom of Great Britain and Northern Ireland,PCPR,0.5454
2014,SE_GPI_ICTS,United Kingdom of Great Britain and Northern Ireland,COPA,0.99977
2015,SE_GPI_ICTS,United Kingdom of Great Britain and Northern Ireland,EPRS,0.89724
2015,SE_GPI_ICTS,United Kingdom of Great Britain and Northern Ireland,ARSP,0.8163
2015,SE_GPI_ICTS,United Kingdom of Great Britain and Northern Ireland,SOFT,0.82976
2015,SE_GPI_ICTS,United Kingdom of Great Britain and Northern Ireland,COPA,0.91601
2015,SE_GPI_ICTS,United Kingdom of Great Britain and Northern Ireland,CMFL,0.8813
2015,SE_GPI_ICTS,United Kingdom of Great Britain and Northern Ireland,TRAF,0.85249
2015,SE_GPI_ICTS,United Kingdom of Great Britain and Northern Ireland,PCPR,0.43065
2016,SE_GPI_ICTS,United Kingdom of Great Britain and Northern Ireland,EPRS,1.00518
2016,SE_GPI_ICTS,United Kingdom of Great Britain and Northern Ireland,TRAF,0.89647
2016,SE_GPI_ICTS,United Kingdom of Great Britain and Northern Ireland,COPA,0.94428
2016,SE_GPI_ICTS,United Kingdom of Great Britain and Northern Ireland,CMFL,0.89418
2016,SE_GPI_ICTS,United Kingdom of Great Britain and Northern Ireland,ARSP,0.94127
2016,SE_GPI_ICTS,United Kingdom of Great Britain and Northern Ireland,SOFT,0.90075
2016,SE_GPI_ICTS,United Kingdom of Great Britain and Northern Ireland,PCPR,0.49548
2017,SE_GPI_ICTS,United Kingdom of Great Britain and Northern Ireland,COPA,0.88365
2017,SE_GPI_ICTS,United Kingdom of Great Britain and Northern Ireland,TRAF,0.78523
2017,SE_GPI_ICTS,United Kingdom of Great Britain and Northern Ireland,EPRS,0.85262
2021,SE_GPI_ICTS,Belarus,EPRS,1.05605
2021,SE_GPI_ICTS,Belarus,SOFT,0.67338
2021,SE_GPI_ICTS,Belarus,PCPR,0.33214
2016,SE_GPI_ICTS,Colombia,INST,0.95674
2016,SE_GPI_ICTS,Colombia,EPRS,1.02698
2016,SE_GPI_ICTS,Colombia,ARSP,1.00749
2016,SE_GPI_ICTS,Colombia,EMAIL,0.99532
2016,SE_GPI_ICTS,Colombia,COPA,0.98499
2016,SE_GPI_ICTS,Colombia,TRAF,0.97507
2016,SE_GPI_ICTS,Colombia,CMFL,0.97446
2017,SE_GPI_ICTS,United Kingdom of Great Britain and Northern Ireland,ARSP,0.80275
2017,SE_GPI_ICTS,United Kingdom of Great Britain and Northern Ireland,PCPR,0.46834
2017,SE_GPI_ICTS,United Kingdom of Great Britain and Northern Ireland,CMFL,0.8556
2017,SE_GPI_ICTS,United Kingdom of Great Britain and Northern Ireland,SOFT,0.88323
2018,SE_GPI_ICTS,Uzbekistan,ARSP,0.75292
2018,SE_GPI_ICTS,Uzbekistan,COPA,0.8314
2018,SE_GPI_ICTS,Uzbekistan,EPRS,0.76606
2018,SE_GPI_ICTS,Uzbekistan,INST,0.93129
2018,SE_GPI_ICTS,Uzbekistan,CMFL,0.90613
2018,SE_GPI_ICTS,Uzbekistan,EMAIL,0.98857
2017,SE_GPI_ICTS,Colombia,EPRS,0.98205
2017,SE_GPI_ICTS,Colombia,EMAIL,0.97712
2017,SE_GPI_ICTS,Colombia,CMFL,0.96136
2017,SE_GPI_ICTS,Colombia,COPA,0.9573
2017,SE_GPI_ICTS,Colombia,ARSP,0.94773
2017,SE_GPI_ICTS,Colombia,TRAF,0.93502
2017,SE_GPI_ICTS,Colombia,INST,0.91815
2017,SE_GPI_ICTS,Colombia,PCPR,0.78459
2017,SE_GPI_ICTS,Colombia,SOFT,0.84229
2018,SE_GPI_ICTS,Colombia,COPA,0.98525
2018,SE_GPI_ICTS,Uzbekistan,TRAF,0.6634
2018,SE_GPI_ICTS,Uzbekistan,SOFT,0.84282
2020,SE_GPI_ICTS,Uzbekistan,COPA,0.91795
2020,SE_GPI_ICTS,Uzbekistan,EMAIL,1.0
2020,SE_GPI_ICTS,Uzbekistan,INST,0.92024
2020,SE_GPI_ICTS,Uzbekistan,SOFT,1.0
2020,SE_GPI_ICTS,Uzbekistan,EPRS,0.97269
2020,SE_GPI_ICTS,Uzbekistan,ARSP,0.97192
2020,SE_GPI_ICTS,Uzbekistan,TRAF,0.9609
2021,SE_GPI_ICTS,Uzbekistan,EPRS,0.82888
2018,SE_GPI_ICTS,Colombia,PCPR,0.72234
2018,SE_GPI_ICTS,Colombia,SOFT,0.86582
2018,SE_GPI_ICTS,Colombia,CMFL,0.9833
2018,SE_GPI_ICTS,Colombia,TRAF,0.96793
2018,SE_GPI_ICTS,Colombia,INST,0.95548
2018,SE_GPI_ICTS,Colombia,EMAIL,1.00353
2018,SE_GPI_ICTS,Colombia,EPRS,1.00072
2018,SE_GPI_ICTS,Colombia,ARSP,0.99293
2021,SE_GPI_ICTS,Colombia,PCPR,0.69741
2021,SE_GPI_ICTS,Colombia,EMAIL,1.01719
2021,SE_GPI_ICTS,Colombia,TRAF,1.00114
2021,SE_GPI_ICTS,Colombia,COPA,1.00622
2021,SE_GPI_ICTS,Colombia,ARSP,1.00828
2021,SE_GPI_ICTS,Colombia,EPRS,1.00772
2021,SE_GPI_ICTS,Colombia,INST,0.98848
2021,SE_GPI_ICTS,Colombia,SOFT,0.89712
2010,SE_GPI_ICTS,Croatia,EMAIL,0.72795
2011,SE_GPI_ICTS,Croatia,COPA,0.75789
2011,SE_GPI_ICTS,Croatia,EPRS,0.68958
2011,SE_GPI_ICTS,Croatia,EMAIL,0.78957
2011,SE_GPI_ICTS,Croatia,TRAF,0.67293
2011,SE_GPI_ICTS,Croatia,PCPR,0.66069
2011,SE_GPI_ICTS,Croatia,INST,0.57495
2011,SE_GPI_ICTS,Croatia,CMFL,0.7824
2011,SE_GPI_ICTS,Croatia,ARSP,0.72894
2012,SE_GPI_ICTS,Croatia,COPA,0.73553
2012,SE_GPI_ICTS,Croatia,CMFL,0.72708
2012,SE_GPI_ICTS,Croatia,ARSP,0.67036
2012,SE_GPI_ICTS,Croatia,EPRS,0.65341
2012,SE_GPI_ICTS,Croatia,TRAF,0.65129
2012,SE_GPI_ICTS,Croatia,PCPR,0.57539
2012,SE_GPI_ICTS,Croatia,INST,0.47943
2013,SE_GPI_ICTS,Croatia,EMAIL,0.79498
2014,SE_GPI_ICTS,Croatia,TRAF,0.8849
2014,SE_GPI_ICTS,Croatia,CMFL,0.92967
2014,SE_GPI_ICTS,Croatia,ARSP,0.87205
2014,SE_GPI_ICTS,Croatia,EPRS,0.85288
2014,SE_GPI_ICTS,Croatia,COPA,0.83148
2014,SE_GPI_ICTS,Croatia,INST,0.71545
2014,SE_GPI_ICTS,Croatia,PCPR,0.48611
2015,SE_GPI_ICTS,Croatia,ARSP,0.84339
2015,SE_GPI_ICTS,Croatia,EPRS,0.83983
2015,SE_GPI_ICTS,Croatia,COPA,0.83577
2015,SE_GPI_ICTS,Croatia,CMFL,0.79659
2015,SE_GPI_ICTS,Croatia,TRAF,0.76308
2015,SE_GPI_ICTS,Croatia,SOFT,0.70091
2015,SE_GPI_ICTS,Croatia,PCPR,0.32424
2016,SE_GPI_ICTS,Croatia,EPRS,0.85301
2016,SE_GPI_ICTS,Croatia,COPA,0.84163
2016,SE_GPI_ICTS,Croatia,CMFL,0.82128
2016,SE_GPI_ICTS,Croatia,TRAF,0.81857
2016,SE_GPI_ICTS,Croatia,ARSP,0.80211
2016,SE_GPI_ICTS,Croatia,SOFT,0.77923
2016,SE_GPI_ICTS,Croatia,PCPR,0.33344
2017,SE_GPI_ICTS,Croatia,COPA,0.72695
2017,SE_GPI_ICTS,Croatia,CMFL,0.70586
2017,SE_GPI_ICTS,Croatia,TRAF,0.68818
2017,SE_GPI_ICTS,Croatia,EPRS,0.65403
2017,SE_GPI_ICTS,Croatia,SOFT,0.65403
2017,SE_GPI_ICTS,Croatia,ARSP,0.63432
2017,SE_GPI_ICTS,Croatia,PCPR,0.21108
2019,SE_GPI_ICTS,Croatia,EPRS,0.91165
2019,SE_GPI_ICTS,Croatia,COPA,0.85079
2019,SE_GPI_ICTS,Croatia,TRAF,0.81661
2019,SE_GPI_ICTS,Croatia,ARSP,0.80781
2019,SE_GPI_ICTS,Croatia,SOFT,0.80679
2019,SE_GPI_ICTS,Croatia,PCPR,0.67873
2021,SE_GPI_ICTS,Croatia,COPA,0.89279
2021,SE_GPI_ICTS,Croatia,ARSP,0.88198
2021,SE_GPI_ICTS,Croatia,SOFT,0.77559
2021,SE_GPI_ICTS,Croatia,PRVCY,0.68207
2021,SE_GPI_ICTS,Croatia,PCPR,0.57039
2021,SE_GPI_ICTS,Croatia,EPRS,1.29122
2021,SE_GPI_ICTS,Croatia,VRFY,1.03527
2010,SE_GPI_ICTS,Cyprus,EMAIL,0.94171
2011,SE_GPI_ICTS,Cyprus,COPA,0.97601
2011,SE_GPI_ICTS,Cyprus,ARSP,0.9585
2011,SE_GPI_ICTS,Cyprus,CMFL,0.95991
2011,SE_GPI_ICTS,Cyprus,EMAIL,0.90416
2011,SE_GPI_ICTS,Cyprus,EPRS,0.92476
2011,SE_GPI_ICTS,Cyprus,INST,0.78344
2011,SE_GPI_ICTS,Cyprus,PCPR,0.43944
2011,SE_GPI_ICTS,Cyprus,TRAF,0.83112
2012,SE_GPI_ICTS,Cyprus,ARSP,0.96724
2012,SE_GPI_ICTS,Cyprus,EPRS,0.91403
2012,SE_GPI_ICTS,Cyprus,TRAF,0.85666
2012,SE_GPI_ICTS,Cyprus,COPA,0.92727
2012,SE_GPI_ICTS,Cyprus,CMFL,0.92672
2012,SE_GPI_ICTS,Cyprus,INST,0.66751
2012,SE_GPI_ICTS,Cyprus,PCPR,0.45091
2013,SE_GPI_ICTS,Cyprus,EMAIL,1.01596
2014,SE_GPI_ICTS,Cyprus,ARSP,0.99329
2014,SE_GPI_ICTS,Cyprus,EPRS,1.02902
2014,SE_GPI_ICTS,Cyprus,COPA,0.96096
2014,SE_GPI_ICTS,Cyprus,CMFL,0.94523
2014,SE_GPI_ICTS,Cyprus,PCPR,0.44912
2014,SE_GPI_ICTS,Cyprus,INST,0.7228
2014,SE_GPI_ICTS,Cyprus,TRAF,0.87902
2015,SE_GPI_ICTS,Cyprus,COPA,1.03407
2015,SE_GPI_ICTS,Cyprus,EPRS,1.02454
2015,SE_GPI_ICTS,Cyprus,ARSP,0.97495
2015,SE_GPI_ICTS,Cyprus,CMFL,0.9176
2015,SE_GPI_ICTS,Cyprus,TRAF,0.84776
2015,SE_GPI_ICTS,Cyprus,SOFT,0.74624
2015,SE_GPI_ICTS,Cyprus,PCPR,0.5418
2016,SE_GPI_ICTS,Cyprus,CMFL,0.9955
2016,SE_GPI_ICTS,Cyprus,TRAF,0.95755
2016,SE_GPI_ICTS,Cyprus,SOFT,0.87752
2016,SE_GPI_ICTS,Cyprus,PCPR,0.38625
2016,SE_GPI_ICTS,Cyprus,ARSP,1.20377
2016,SE_GPI_ICTS,Cyprus,EPRS,1.16288
2019,SE_GPI_ICTS,Cyprus,EPRS,1.09988
2019,SE_GPI_ICTS,Cyprus,ARSP,1.04996
2019,SE_GPI_ICTS,Cyprus,COPA,1.03693
2019,SE_GPI_ICTS,Cyprus,TRAF,0.9479
2019,SE_GPI_ICTS,Cyprus,SOFT,0.92212
2019,SE_GPI_ICTS,Cyprus,PCPR,0.39224
2010,SE_GPI_ICTS,Czechia,EMAIL,0.91896
2011,SE_GPI_ICTS,Czechia,EPRS,0.74037
2011,SE_GPI_ICTS,Czechia,TRAF,0.69163
2011,SE_GPI_ICTS,Czechia,PCPR,0.30471
2011,SE_GPI_ICTS,Czechia,INST,0.55768
2011,SE_GPI_ICTS,Czechia,ARSP,0.96396
2011,SE_GPI_ICTS,Czechia,COPA,0.95229
2011,SE_GPI_ICTS,Czechia,EMAIL,0.94485
2011,SE_GPI_ICTS,Czechia,CMFL,0.9415
2012,SE_GPI_ICTS,Czechia,ARSP,0.9681
2012,SE_GPI_ICTS,Czechia,CMFL,0.95275
2012,SE_GPI_ICTS,Czechia,COPA,0.93666
2012,SE_GPI_ICTS,Czechia,TRAF,0.76883
2012,SE_GPI_ICTS,Czechia,EPRS,0.75524
2012,SE_GPI_ICTS,Czechia,INST,0.51434
2012,SE_GPI_ICTS,Czechia,PCPR,0.18965
2013,SE_GPI_ICTS,Czechia,EMAIL,0.99115
2014,SE_GPI_ICTS,Czechia,ARSP,0.90416
2014,SE_GPI_ICTS,Czechia,TRAF,0.78518
2014,SE_GPI_ICTS,Czechia,EPRS,0.70513
2014,SE_GPI_ICTS,Czechia,COPA,0.90922
2014,SE_GPI_ICTS,Czechia,INST,0.52792
2014,SE_GPI_ICTS,Czechia,PCPR,0.18258
2014,SE_GPI_ICTS,Czechia,CMFL,0.9081
2015,SE_GPI_ICTS,Czechia,COPA,0.96374
2015,SE_GPI_ICTS,Czechia,ARSP,0.92432
2015,SE_GPI_ICTS,Czechia,CMFL,0.91132
2015,SE_GPI_ICTS,Czechia,TRAF,0.85386
2015,SE_GPI_ICTS,Czechia,EPRS,0.85114
2015,SE_GPI_ICTS,Czechia,SOFT,0.51853
2015,SE_GPI_ICTS,Czechia,PCPR,0.10559
2017,SE_GPI_ICTS,Czechia,ARSP,0.86743
2017,SE_GPI_ICTS,Czechia,CMFL,0.85731
2017,SE_GPI_ICTS,Czechia,TRAF,0.82185
2017,SE_GPI_ICTS,Czechia,EPRS,0.76453
2017,SE_GPI_ICTS,Czechia,PCPR,0.13387
2019,SE_GPI_ICTS,Czechia,COPA,0.83486
2019,SE_GPI_ICTS,Czechia,EPRS,0.74991
2019,SE_GPI_ICTS,Czechia,PCPR,0.30826
2019,SE_GPI_ICTS,Czechia,TRAF,0.86921
2019,SE_GPI_ICTS,Czechia,ARSP,0.91414
2021,SE_GPI_ICTS,Czechia,TRAF,0.91438
2021,SE_GPI_ICTS,Czechia,ARSP,0.89954
2021,SE_GPI_ICTS,Czechia,COPA,0.89621
2021,SE_GPI_ICTS,Czechia,VRFY,0.86154
2021,SE_GPI_ICTS,Czechia,SOFT,0.84176
2021,SE_GPI_ICTS,Czechia,EPRS,0.81497
2021,SE_GPI_ICTS,Czechia,PCPR,0.2651
2010,SE_GPI_ICTS,Denmark,EMAIL,0.98754
2011,SE_GPI_ICTS,Denmark,ARSP,0.88096
2011,SE_GPI_ICTS,Denmark,INST,0.76639
2011,SE_GPI_ICTS,Denmark,COPA,0.99791
2011,SE_GPI_ICTS,Denmark,EMAIL,0.98076
2011,SE_GPI_ICTS,Denmark,CMFL,0.97069
2011,SE_GPI_ICTS,Denmark,EPRS,0.9073
2011,SE_GPI_ICTS,Denmark,TRAF,0.89495
2011,SE_GPI_ICTS,Denmark,PCPR,0.35833
2012,SE_GPI_ICTS,Denmark,ARSP,0.85196
2012,SE_GPI_ICTS,Denmark,PCPR,0.38545
2012,SE_GPI_ICTS,Denmark,INST,0.75944
2012,SE_GPI_ICTS,Denmark,COPA,0.97037
2012,SE_GPI_ICTS,Denmark,CMFL,0.96157
2012,SE_GPI_ICTS,Denmark,EPRS,0.90939
2012,SE_GPI_ICTS,Denmark,TRAF,0.89041
2013,SE_GPI_ICTS,Denmark,EMAIL,0.98577
2014,SE_GPI_ICTS,Denmark,TRAF,0.90665
2014,SE_GPI_ICTS,Denmark,ARSP,0.84913
2014,SE_GPI_ICTS,Denmark,INST,0.7498
2014,SE_GPI_ICTS,Denmark,PCPR,0.36451
2014,SE_GPI_ICTS,Denmark,COPA,0.984
2014,SE_GPI_ICTS,Denmark,CMFL,0.95966
2014,SE_GPI_ICTS,Denmark,EPRS,0.90862
2015,SE_GPI_ICTS,Denmark,COPA,0.93043
2015,SE_GPI_ICTS,Denmark,CMFL,0.92724
2015,SE_GPI_ICTS,Denmark,EPRS,0.91428
2015,SE_GPI_ICTS,Denmark,TRAF,0.91087
2015,SE_GPI_ICTS,Denmark,SOFT,0.90814
2015,SE_GPI_ICTS,Denmark,ARSP,0.85264
2015,SE_GPI_ICTS,Denmark,PCPR,0.44975
2016,SE_GPI_ICTS,Denmark,ARSP,0.8639
2016,SE_GPI_ICTS,Denmark,PCPR,0.45805
2016,SE_GPI_ICTS,Denmark,EPRS,0.94772
2016,SE_GPI_ICTS,Denmark,CMFL,0.93542
2016,SE_GPI_ICTS,Denmark,SOFT,0.89527
2016,SE_GPI_ICTS,Denmark,COPA,0.94537
2016,SE_GPI_ICTS,Denmark,TRAF,0.88203
2017,SE_GPI_ICTS,Denmark,CMFL,0.90836
2017,SE_GPI_ICTS,Denmark,EPRS,0.89541
2017,SE_GPI_ICTS,Denmark,ARSP,0.7974
2017,SE_GPI_ICTS,Denmark,SOFT,0.85917
2017,SE_GPI_ICTS,Denmark,PCPR,0.40237
2020,SE_GPI_ICTS,Denmark,PRVCY,1.03858
2021,SE_GPI_ICTS,Denmark,PRVCY,0.99354
2021,SE_GPI_ICTS,Denmark,EPRS,0.87455
2021,SE_GPI_ICTS,Denmark,SOFT,0.81971
2021,SE_GPI_ICTS,Denmark,TRAF,0.86923
2021,SE_GPI_ICTS,Denmark,PCPR,0.47895
2021,SE_GPI_ICTS,Denmark,VRFY,0.75502
2021,SE_GPI_ICTS,Denmark,ARSP,0.73308
2010,SE_GPI_ICTS,Estonia,EMAIL,1.03465
2011,SE_GPI_ICTS,Estonia,EPRS,0.96945
2011,SE_GPI_ICTS,Estonia,COPA,1.00334
2011,SE_GPI_ICTS,Estonia,EMAIL,1.00068
2011,SE_GPI_ICTS,Estonia,CMFL,0.9773
2011,SE_GPI_ICTS,Estonia,ARSP,0.95227
2011,SE_GPI_ICTS,Estonia,TRAF,0.85459
2011,SE_GPI_ICTS,Estonia,INST,0.59879
2011,SE_GPI_ICTS,Estonia,PCPR,0.49535
2012,SE_GPI_ICTS,Estonia,TRAF,0.85917
2012,SE_GPI_ICTS,Estonia,INST,0.60959
2012,SE_GPI_ICTS,Estonia,PCPR,0.45958
2012,SE_GPI_ICTS,Estonia,COPA,0.97819
2012,SE_GPI_ICTS,Estonia,ARSP,0.96502
2012,SE_GPI_ICTS,Estonia,EPRS,0.96453
2012,SE_GPI_ICTS,Estonia,CMFL,0.95408
2013,SE_GPI_ICTS,Estonia,EMAIL,1.0183
2014,SE_GPI_ICTS,Estonia,COPA,0.99734
2014,SE_GPI_ICTS,Estonia,EPRS,0.96365
2014,SE_GPI_ICTS,Estonia,CMFL,0.9563
2014,SE_GPI_ICTS,Estonia,ARSP,0.93882
2014,SE_GPI_ICTS,Estonia,TRAF,0.8537
2014,SE_GPI_ICTS,Estonia,INST,0.71531
2014,SE_GPI_ICTS,Estonia,PCPR,0.4045
2015,SE_GPI_ICTS,Estonia,EPRS,1.01637
2015,SE_GPI_ICTS,Estonia,COPA,0.966
2015,SE_GPI_ICTS,Estonia,ARSP,0.93002
2015,SE_GPI_ICTS,Estonia,PCPR,0.33393
2015,SE_GPI_ICTS,Estonia,SOFT,0.66582
2015,SE_GPI_ICTS,Estonia,CMFL,0.9065
2015,SE_GPI_ICTS,Estonia,TRAF,0.78826
2016,SE_GPI_ICTS,Estonia,CMFL,0.96772
2016,SE_GPI_ICTS,Estonia,TRAF,0.85616
2016,SE_GPI_ICTS,Estonia,SOFT,0.72105
2016,SE_GPI_ICTS,Estonia,PCPR,0.41282
2016,SE_GPI_ICTS,Estonia,EPRS,1.07587
2017,SE_GPI_ICTS,Estonia,PCPR,0.39664
2017,SE_GPI_ICTS,Estonia,EPRS,1.03307
2017,SE_GPI_ICTS,Estonia,CMFL,0.91786
2017,SE_GPI_ICTS,Estonia,TRAF,0.87098
2017,SE_GPI_ICTS,Estonia,SOFT,0.79138
2010,SE_GPI_ICTS,Finland,EMAIL,1.00914
2011,SE_GPI_ICTS,Finland,EPRS,0.95025
2011,SE_GPI_ICTS,Finland,TRAF,0.84836
2011,SE_GPI_ICTS,Finland,INST,0.6882
2011,SE_GPI_ICTS,Finland,COPA,1.01436
2011,SE_GPI_ICTS,Finland,EMAIL,1.00929
2011,SE_GPI_ICTS,Finland,CMFL,0.97945
2011,SE_GPI_ICTS,Finland,ARSP,0.91775
2011,SE_GPI_ICTS,Finland,PCPR,0.54946
2012,SE_GPI_ICTS,Finland,ARSP,0.9925
2012,SE_GPI_ICTS,Finland,COPA,1.04775
2012,SE_GPI_ICTS,Finland,EPRS,1.03438
2012,SE_GPI_ICTS,Finland,PCPR,0.63772
2012,SE_GPI_ICTS,Finland,INST,0.71846
2012,SE_GPI_ICTS,Finland,TRAF,0.89034
2012,SE_GPI_ICTS,Finland,CMFL,1.01121
2013,SE_GPI_ICTS,Finland,EMAIL,1.02319
2014,SE_GPI_ICTS,Finland,EPRS,1.04418
2014,SE_GPI_ICTS,Finland,ARSP,0.95946
2014,SE_GPI_ICTS,Finland,CMFL,0.98363
2014,SE_GPI_ICTS,Finland,COPA,1.00204
2014,SE_GPI_ICTS,Finland,INST,0.74244
2014,SE_GPI_ICTS,Finland,PCPR,0.5959
2014,SE_GPI_ICTS,Finland,TRAF,0.89442
2015,SE_GPI_ICTS,Finland,COPA,1.01822
2015,SE_GPI_ICTS,Finland,EPRS,0.86703
2015,SE_GPI_ICTS,Finland,TRAF,0.90407
2015,SE_GPI_ICTS,Finland,ARSP,0.82237
2015,SE_GPI_ICTS,Finland,CMFL,0.88766
2015,SE_GPI_ICTS,Finland,SOFT,0.78168
2015,SE_GPI_ICTS,Finland,PCPR,0.27077
2016,SE_GPI_ICTS,Finland,COPA,1.05206
2016,SE_GPI_ICTS,Finland,EPRS,0.95682
2016,SE_GPI_ICTS,Finland,ARSP,0.85566
2016,SE_GPI_ICTS,Finland,CMFL,0.93307
2016,SE_GPI_ICTS,Finland,TRAF,0.94552
2016,SE_GPI_ICTS,Finland,SOFT,0.82644
2016,SE_GPI_ICTS,Finland,PCPR,0.44748
2010,SE_GPI_ICTS,France,EMAIL,0.97148
2011,SE_GPI_ICTS,France,COPA,1.00259
2011,SE_GPI_ICTS,France,CMFL,0.97825
2011,SE_GPI_ICTS,France,EMAIL,0.96898
2011,SE_GPI_ICTS,France,ARSP,0.95417
2011,SE_GPI_ICTS,France,TRAF,0.94655
2011,SE_GPI_ICTS,France,EPRS,0.86783
2011,SE_GPI_ICTS,France,INST,0.66265
2011,SE_GPI_ICTS,France,PCPR,0.42231
2012,SE_GPI_ICTS,France,COPA,0.99027
2012,SE_GPI_ICTS,France,CMFL,0.94697
2012,SE_GPI_ICTS,France,TRAF,0.92085
2012,SE_GPI_ICTS,France,ARSP,0.91541
2012,SE_GPI_ICTS,France,EPRS,0.84019
2012,SE_GPI_ICTS,France,INST,0.6778
2012,SE_GPI_ICTS,France,PCPR,0.44705
2013,SE_GPI_ICTS,France,EMAIL,0.94363
2014,SE_GPI_ICTS,France,COPA,0.95832
2014,SE_GPI_ICTS,France,CMFL,0.92809
2014,SE_GPI_ICTS,France,TRAF,0.90851
2014,SE_GPI_ICTS,France,EPRS,0.88015
2014,SE_GPI_ICTS,France,INST,0.71431
2014,SE_GPI_ICTS,France,PCPR,0.40325
2015,SE_GPI_ICTS,France,EPRS,0.87711
2015,SE_GPI_ICTS,France,CMFL,0.88641
2015,SE_GPI_ICTS,France,TRAF,0.89284
2015,SE_GPI_ICTS,France,COPA,0.93769
2015,SE_GPI_ICTS,France,PCPR,0.29205
2016,SE_GPI_ICTS,France,CMFL,0.91008
2016,SE_GPI_ICTS,France,TRAF,0.89737
2016,SE_GPI_ICTS,France,PCPR,0.31517
2016,SE_GPI_ICTS,France,COPA,0.94919
2016,SE_GPI_ICTS,France,EPRS,0.93462
2021,SE_GPI_ICTS,France,SOFT,0.85242
2021,SE_GPI_ICTS,France,EPRS,0.92196
2021,SE_GPI_ICTS,France,COPA,0.96768
2021,SE_GPI_ICTS,France,PCPR,0.3562
2021,SE_GPI_ICTS,France,VRFY,0.77819
2016,SE_GPI_ICTS,Georgia,EMAIL,0.97091
2016,SE_GPI_ICTS,Georgia,TRAF,0.94975
2016,SE_GPI_ICTS,Georgia,SOFT,0.84194
2016,SE_GPI_ICTS,Georgia,INST,0.79804
2016,SE_GPI_ICTS,Georgia,PCPR,0.39472
2016,SE_GPI_ICTS,Georgia,ARSP,1.0097
2016,SE_GPI_ICTS,Georgia,EPRS,1.17742
2016,SE_GPI_ICTS,Georgia,COPA,1.01427
2016,SE_GPI_ICTS,Georgia,CMFL,1.0005
2018,SE_GPI_ICTS,Georgia,SOFT,0.66584
2018,SE_GPI_ICTS,Georgia,INST,0.65515
2018,SE_GPI_ICTS,Georgia,EPRS,1.03147
2018,SE_GPI_ICTS,Georgia,EMAIL,0.99111
2018,SE_GPI_ICTS,Georgia,CMFL,0.93745
2018,SE_GPI_ICTS,Georgia,COPA,0.90739
2018,SE_GPI_ICTS,Georgia,TRAF,0.85673
2018,SE_GPI_ICTS,Georgia,PCPR,0.23057
2019,SE_GPI_ICTS,Georgia,COPA,0.93412
2019,SE_GPI_ICTS,Georgia,PCPR,0.86786
2019,SE_GPI_ICTS,Georgia,TRAF,0.82359
2019,SE_GPI_ICTS,Georgia,SOFT,0.79817
2019,SE_GPI_ICTS,Georgia,INST,0.64511
2019,SE_GPI_ICTS,Georgia,EMAIL,0.98683
2020,SE_GPI_ICTS,Georgia,COPA,1.0775
2020,SE_GPI_ICTS,Georgia,EMAIL,1.05722
2020,SE_GPI_ICTS,Georgia,TRAF,0.99252
2020,SE_GPI_ICTS,Georgia,INST,0.91011
2020,SE_GPI_ICTS,Georgia,SOFT,0.86973
2020,SE_GPI_ICTS,Georgia,PCPR,0.56755
2021,SE_GPI_ICTS,Georgia,SOFT,0.88524
2021,SE_GPI_ICTS,Georgia,INST,0.69338
2021,SE_GPI_ICTS,Georgia,COPA,1.03386
2021,SE_GPI_ICTS,Georgia,TRAF,0.96622
2021,SE_GPI_ICTS,Georgia,EMAIL,0.93433
2010,SE_GPI_ICTS,Germany,EMAIL,0.89994
2011,SE_GPI_ICTS,Germany,EMAIL,0.91675
2011,SE_GPI_ICTS,Germany,COPA,0.90571
2011,SE_GPI_ICTS,Germany,CMFL,0.89522
2011,SE_GPI_ICTS,Germany,ARSP,0.76466
2011,SE_GPI_ICTS,Germany,TRAF,0.75783
2011,SE_GPI_ICTS,Germany,EPRS,0.70865
2011,SE_GPI_ICTS,Germany,INST,0.48698
2011,SE_GPI_ICTS,Germany,PCPR,0.31485
2012,SE_GPI_ICTS,Germany,INST,0.52391
2012,SE_GPI_ICTS,Germany,PCPR,0.31672
2012,SE_GPI_ICTS,Germany,TRAF,0.76128
2012,SE_GPI_ICTS,Germany,CMFL,0.87601
2012,SE_GPI_ICTS,Germany,COPA,0.88906
2012,SE_GPI_ICTS,Germany,ARSP,0.70023
2012,SE_GPI_ICTS,Germany,EPRS,0.6857
2013,SE_GPI_ICTS,Germany,EMAIL,0.91698
2014,SE_GPI_ICTS,Germany,INST,0.53991
2014,SE_GPI_ICTS,Germany,EPRS,0.69879
2014,SE_GPI_ICTS,Germany,TRAF,0.80269
2014,SE_GPI_ICTS,Germany,ARSP,0.8133
2014,SE_GPI_ICTS,Germany,CMFL,0.91097
2014,SE_GPI_ICTS,Germany,COPA,0.91042
2014,SE_GPI_ICTS,Germany,PCPR,0.38005
2015,SE_GPI_ICTS,Germany,CMFL,0.88432
2015,SE_GPI_ICTS,Germany,COPA,0.89111
2015,SE_GPI_ICTS,Germany,EPRS,0.80021
2015,SE_GPI_ICTS,Germany,TRAF,0.79051
2015,SE_GPI_ICTS,Germany,PCPR,0.24774
2015,SE_GPI_ICTS,Germany,SOFT,0.77586
2015,SE_GPI_ICTS,Germany,ARSP,0.70546
2016,SE_GPI_ICTS,Germany,COPA,0.83665
2016,SE_GPI_ICTS,Germany,CMFL,0.83455
2016,SE_GPI_ICTS,Germany,EPRS,0.79095
2016,SE_GPI_ICTS,Germany,TRAF,0.777
2016,SE_GPI_ICTS,Germany,SOFT,0.75993
2016,SE_GPI_ICTS,Germany,ARSP,0.69002
2016,SE_GPI_ICTS,Germany,PCPR,0.27077
2019,SE_GPI_ICTS,Germany,CMFL,0.85915
2019,SE_GPI_ICTS,Germany,TRAF,0.79917
2019,SE_GPI_ICTS,Germany,EPRS,0.79648
2019,SE_GPI_ICTS,Germany,SOFT,0.788
2019,SE_GPI_ICTS,Germany,PCPR,0.30899
2021,SE_GPI_ICTS,Germany,EPRS,0.82528
2021,SE_GPI_ICTS,Germany,SOFT,0.77704
2021,SE_GPI_ICTS,Germany,VRFY,0.76961
2021,SE_GPI_ICTS,Germany,ARSP,0.73126
2021,SE_GPI_ICTS,Germany,PRVCY,0.61628
2021,SE_GPI_ICTS,Germany,PCPR,0.28711
2021,SE_GPI_ICTS,Germany,EMAIL,0.95813
2021,SE_GPI_ICTS,Germany,TRAF,0.88048
2010,SE_GPI_ICTS,Greece,EMAIL,0.79325
2011,SE_GPI_ICTS,Greece,COPA,0.92737
2011,SE_GPI_ICTS,Greece,CMFL,0.92286
2011,SE_GPI_ICTS,Greece,EMAIL,0.90123
2011,SE_GPI_ICTS,Greece,ARSP,0.88309
2011,SE_GPI_ICTS,Greece,EPRS,0.80633
2011,SE_GPI_ICTS,Greece,TRAF,0.80224
2011,SE_GPI_ICTS,Greece,INST,0.68301
2011,SE_GPI_ICTS,Greece,PCPR,0.41671
2012,SE_GPI_ICTS,Greece,CMFL,0.89639
2012,SE_GPI_ICTS,Greece,TRAF,0.86035
2012,SE_GPI_ICTS,Greece,ARSP,0.84993
2012,SE_GPI_ICTS,Greece,EPRS,0.75694
2012,SE_GPI_ICTS,Greece,PCPR,0.66124
2012,SE_GPI_ICTS,Greece,INST,0.61056
2012,SE_GPI_ICTS,Greece,COPA,0.90576
2013,SE_GPI_ICTS,Greece,EMAIL,0.89169
2014,SE_GPI_ICTS,Greece,COPA,0.98838
2014,SE_GPI_ICTS,Greece,TRAF,0.90982
2014,SE_GPI_ICTS,Greece,ARSP,0.89183
2014,SE_GPI_ICTS,Greece,EPRS,0.83848
2014,SE_GPI_ICTS,Greece,INST,0.81611
2014,SE_GPI_ICTS,Greece,PCPR,0.51863
2014,SE_GPI_ICTS,Greece,CMFL,0.98133
2015,SE_GPI_ICTS,Greece,CMFL,0.8932
2015,SE_GPI_ICTS,Greece,TRAF,0.84031
2015,SE_GPI_ICTS,Greece,ARSP,0.77481
2015,SE_GPI_ICTS,Greece,SOFT,0.61404
2015,SE_GPI_ICTS,Greece,COPA,0.84737
2015,SE_GPI_ICTS,Greece,PCPR,0.43882
2015,SE_GPI_ICTS,Greece,EPRS,0.92372
2016,SE_GPI_ICTS,Greece,COPA,0.99957
2016,SE_GPI_ICTS,Greece,CMFL,0.9465
2016,SE_GPI_ICTS,Greece,ARSP,0.90366
2016,SE_GPI_ICTS,Greece,TRAF,0.90186
2016,SE_GPI_ICTS,Greece,EPRS,0.86872
2016,SE_GPI_ICTS,Greece,SOFT,0.75167
2016,SE_GPI_ICTS,Greece,PCPR,0.53988
2017,SE_GPI_ICTS,Greece,ARSP,0.81317
2017,SE_GPI_ICTS,Greece,SOFT,0.68991
2017,SE_GPI_ICTS,Greece,PCPR,0.45072
2017,SE_GPI_ICTS,Greece,CMFL,0.88749
2017,SE_GPI_ICTS,Greece,COPA,0.88271
2017,SE_GPI_ICTS,Greece,TRAF,0.84924
2017,SE_GPI_ICTS,Greece,EPRS,0.84433
2010,SE_GPI_ICTS,Hungary,EMAIL,0.95823
2011,SE_GPI_ICTS,Hungary,ARSP,0.98429
2011,SE_GPI_ICTS,Hungary,EMAIL,0.97359
2011,SE_GPI_ICTS,Hungary,COPA,0.97294
2011,SE_GPI_ICTS,Hungary,CMFL,0.95377
2011,SE_GPI_ICTS,Hungary,TRAF,0.8376
2011,SE_GPI_ICTS,Hungary,INST,0.79693
2011,SE_GPI_ICTS,Hungary,EPRS,0.77282
2011,SE_GPI_ICTS,Hungary,PCPR,0.52509
2012,SE_GPI_ICTS,Hungary,INST,0.78436
2012,SE_GPI_ICTS,Hungary,EPRS,0.71738
2012,SE_GPI_ICTS,Hungary,PCPR,0.4867
2012,SE_GPI_ICTS,Hungary,CMFL,0.94805
2012,SE_GPI_ICTS,Hungary,COPA,0.9427
2012,SE_GPI_ICTS,Hungary,ARSP,0.93082
2012,SE_GPI_ICTS,Hungary,TRAF,0.79975
2013,SE_GPI_ICTS,Hungary,EMAIL,0.97049
2014,SE_GPI_ICTS,Hungary,CMFL,0.92747
2014,SE_GPI_ICTS,Hungary,COPA,0.92738
2014,SE_GPI_ICTS,Hungary,ARSP,0.89403
2014,SE_GPI_ICTS,Hungary,INST,0.69147
2014,SE_GPI_ICTS,Hungary,EPRS,0.75748
2014,SE_GPI_ICTS,Hungary,TRAF,0.81905
2014,SE_GPI_ICTS,Hungary,PCPR,0.37411
2015,SE_GPI_ICTS,Hungary,SOFT,0.61055
2015,SE_GPI_ICTS,Hungary,PCPR,0.28148
2015,SE_GPI_ICTS,Hungary,COPA,0.9587
2015,SE_GPI_ICTS,Hungary,ARSP,0.90347
2015,SE_GPI_ICTS,Hungary,EPRS,0.86201
2015,SE_GPI_ICTS,Hungary,TRAF,0.85512
2015,SE_GPI_ICTS,Hungary,CMFL,0.84241
2016,SE_GPI_ICTS,Hungary,COPA,0.92609
2016,SE_GPI_ICTS,Hungary,ARSP,0.91233
2016,SE_GPI_ICTS,Hungary,TRAF,0.86126
2016,SE_GPI_ICTS,Hungary,EPRS,0.85351
2016,SE_GPI_ICTS,Hungary,CMFL,0.84449
2016,SE_GPI_ICTS,Hungary,SOFT,0.63446
2016,SE_GPI_ICTS,Hungary,PCPR,0.19053
2017,SE_GPI_ICTS,Hungary,EPRS,0.89075
2017,SE_GPI_ICTS,Hungary,CMFL,0.85585
2017,SE_GPI_ICTS,Hungary,TRAF,0.84588
2017,SE_GPI_ICTS,Hungary,SOFT,0.67098
2017,SE_GPI_ICTS,Hungary,PCPR,0.22001
2019,SE_GPI_ICTS,Hungary,COPA,0.85576
2019,SE_GPI_ICTS,Hungary,TRAF,0.81328
2019,SE_GPI_ICTS,Hungary,SOFT,0.66159
2019,SE_GPI_ICTS,Hungary,PCPR,0.16231
2019,SE_GPI_ICTS,Hungary,EPRS,0.89718
2021,SE_GPI_ICTS,Hungary,EPRS,0.94028
2021,SE_GPI_ICTS,Hungary,PCPR,0.20902
2021,SE_GPI_ICTS,Hungary,SOFT,0.68193
2010,SE_GPI_ICTS,Iceland,EMAIL,0.99742
2011,SE_GPI_ICTS,Iceland,PCPR,0.30763
2011,SE_GPI_ICTS,Iceland,EPRS,1.01355
2011,SE_GPI_ICTS,Iceland,COPA,0.9926
2011,SE_GPI_ICTS,Iceland,EMAIL,0.94842
2011,SE_GPI_ICTS,Iceland,ARSP,0.9479
2011,SE_GPI_ICTS,Iceland,CMFL,0.94748
2011,SE_GPI_ICTS,Iceland,TRAF,0.86291
2011,SE_GPI_ICTS,Iceland,INST,0.62626
2012,SE_GPI_ICTS,Iceland,EPRS,1.04499
2012,SE_GPI_ICTS,Iceland,COPA,1.01598
2012,SE_GPI_ICTS,Iceland,CMFL,0.99775
2012,SE_GPI_ICTS,Iceland,ARSP,0.96206
2012,SE_GPI_ICTS,Iceland,TRAF,0.86425
2012,SE_GPI_ICTS,Iceland,INST,0.68428
2012,SE_GPI_ICTS,Iceland,PCPR,0.47674
2013,SE_GPI_ICTS,Iceland,EMAIL,0.95843
2014,SE_GPI_ICTS,Iceland,COPA,1.05626
2014,SE_GPI_ICTS,Iceland,EPRS,1.03934
2014,SE_GPI_ICTS,Iceland,ARSP,1.00049
2014,SE_GPI_ICTS,Iceland,CMFL,0.92065
2014,SE_GPI_ICTS,Iceland,TRAF,0.8869
2014,SE_GPI_ICTS,Iceland,INST,0.67441
2014,SE_GPI_ICTS,Iceland,PCPR,0.50636
2017,SE_GPI_ICTS,Iceland,EPRS,1.03022
2017,SE_GPI_ICTS,Iceland,COPA,1.00888
2017,SE_GPI_ICTS,Iceland,ARSP,0.94469
2017,SE_GPI_ICTS,Iceland,CMFL,0.94035
2017,SE_GPI_ICTS,Iceland,SOFT,0.90988
2017,SE_GPI_ICTS,Iceland,PCPR,0.37593
2017,SE_GPI_ICTS,Iceland,TRAF,0.9274
2010,SE_GPI_ICTS,Ireland,EMAIL,1.04419
2011,SE_GPI_ICTS,Ireland,EPRS,1.12742
2011,SE_GPI_ICTS,Ireland,CMFL,1.08079
2011,SE_GPI_ICTS,Ireland,EMAIL,1.06029
2011,SE_GPI_ICTS,Ireland,ARSP,1.00604
2011,SE_GPI_ICTS,Ireland,TRAF,0.91568
2011,SE_GPI_ICTS,Ireland,INST,0.8243
2011,SE_GPI_ICTS,Ireland,PCPR,0.44363
2011,SE_GPI_ICTS,Ireland,COPA,1.08207
2012,SE_GPI_ICTS,Ireland,PCPR,0.50304
2012,SE_GPI_ICTS,Ireland,INST,0.81293
2012,SE_GPI_ICTS,Ireland,COPA,1.05896
2012,SE_GPI_ICTS,Ireland,CMFL,1.02583
2012,SE_GPI_ICTS,Ireland,ARSP,1.02067
2012,SE_GPI_ICTS,Ireland,TRAF,0.96174
2012,SE_GPI_ICTS,Ireland,EPRS,0.94767
2013,SE_GPI_ICTS,Ireland,EMAIL,0.99736
2014,SE_GPI_ICTS,Ireland,COPA,1.03751
2014,SE_GPI_ICTS,Ireland,ARSP,0.9303
2014,SE_GPI_ICTS,Ireland,CMFL,1.01332
2014,SE_GPI_ICTS,Ireland,TRAF,0.868
2014,SE_GPI_ICTS,Ireland,EPRS,0.84982
2014,SE_GPI_ICTS,Ireland,INST,0.77916
2014,SE_GPI_ICTS,Ireland,PCPR,0.38634
2015,SE_GPI_ICTS,Ireland,PCPR,0.29789
2015,SE_GPI_ICTS,Ireland,TRAF,0.85035
2015,SE_GPI_ICTS,Ireland,COPA,0.98635
2015,SE_GPI_ICTS,Ireland,CMFL,0.92868
2015,SE_GPI_ICTS,Ireland,EPRS,0.8833
2015,SE_GPI_ICTS,Ireland,ARSP,0.86362
2015,SE_GPI_ICTS,Ireland,SOFT,0.81468
2010,SE_GPI_ICTS,Italy,EMAIL,0.79826
2011,SE_GPI_ICTS,Italy,COPA,0.83517
2011,SE_GPI_ICTS,Italy,CMFL,0.83031
2011,SE_GPI_ICTS,Italy,EMAIL,0.82142
2011,SE_GPI_ICTS,Italy,ARSP,0.7573
2011,SE_GPI_ICTS,Italy,TRAF,0.71647
2011,SE_GPI_ICTS,Italy,EPRS,0.69666
2011,SE_GPI_ICTS,Italy,INST,0.62001
2011,SE_GPI_ICTS,Italy,PCPR,0.48748
2012,SE_GPI_ICTS,Italy,PCPR,0.42671
2012,SE_GPI_ICTS,Italy,COPA,0.82696
2012,SE_GPI_ICTS,Italy,CMFL,0.82235
2012,SE_GPI_ICTS,Italy,ARSP,0.74304
2012,SE_GPI_ICTS,Italy,INST,0.62361
2012,SE_GPI_ICTS,Italy,EPRS,0.67252
2012,SE_GPI_ICTS,Italy,TRAF,0.71141
2013,SE_GPI_ICTS,Italy,EMAIL,0.84296
2014,SE_GPI_ICTS,Italy,COPA,0.84766
2014,SE_GPI_ICTS,Italy,CMFL,0.84059
2014,SE_GPI_ICTS,Italy,ARSP,0.76669
2014,SE_GPI_ICTS,Italy,TRAF,0.7476
2014,SE_GPI_ICTS,Italy,EPRS,0.74686
2014,SE_GPI_ICTS,Italy,PCPR,0.5129
2014,SE_GPI_ICTS,Italy,INST,0.6399
2015,SE_GPI_ICTS,Italy,TRAF,0.7706
2015,SE_GPI_ICTS,Italy,SOFT,0.6726
2015,SE_GPI_ICTS,Italy,PCPR,0.37684
2015,SE_GPI_ICTS,Italy,COPA,0.83993
2015,SE_GPI_ICTS,Italy,EPRS,0.82734
2015,SE_GPI_ICTS,Italy,CMFL,0.80979
2015,SE_GPI_ICTS,Italy,ARSP,0.73378
2016,SE_GPI_ICTS,Italy,EPRS,0.84736
2016,SE_GPI_ICTS,Italy,TRAF,0.8121
2016,SE_GPI_ICTS,Italy,ARSP,0.74838
2016,SE_GPI_ICTS,Italy,SOFT,0.728
2016,SE_GPI_ICTS,Italy,PCPR,0.35248
2016,SE_GPI_ICTS,Italy,COPA,0.88156
2016,SE_GPI_ICTS,Italy,CMFL,0.8577
2017,SE_GPI_ICTS,Japan,PCPR,0.27728
2018,SE_GPI_ICTS,Japan,ARSP,0.70865
2018,SE_GPI_ICTS,Japan,TRAF,0.69392
2018,SE_GPI_ICTS,Japan,INST,0.6682
2018,SE_GPI_ICTS,Japan,EPRS,0.56261
2018,SE_GPI_ICTS,Japan,PCPR,0.18831
2018,SE_GPI_ICTS,Japan,COPA,0.84151
2018,SE_GPI_ICTS,Japan,EMAIL,0.92949
2018,SE_GPI_ICTS,Japan,SOFT,0.71683
2019,SE_GPI_ICTS,Japan,EMAIL,0.93238
2019,SE_GPI_ICTS,Japan,COPA,0.83491
2019,SE_GPI_ICTS,Japan,SOFT,0.74355
2019,SE_GPI_ICTS,Japan,ARSP,0.72938
2019,SE_GPI_ICTS,Japan,TRAF,0.67948
2019,SE_GPI_ICTS,Japan,INST,0.6577
2019,SE_GPI_ICTS,Japan,EPRS,0.61483
2020,SE_GPI_ICTS,Japan,ARSP,0.72393
2020,SE_GPI_ICTS,Japan,SOFT,0.75597
2020,SE_GPI_ICTS,Japan,TRAF,0.69521
2020,SE_GPI_ICTS,Japan,INST,0.67982
2020,SE_GPI_ICTS,Japan,EPRS,0.63585
2020,SE_GPI_ICTS,Japan,EMAIL,0.93045
2020,SE_GPI_ICTS,Japan,COPA,0.84394
2021,SE_GPI_ICTS,Japan,EMAIL,0.93496
2021,SE_GPI_ICTS,Japan,SOFT,0.75214
2021,SE_GPI_ICTS,Japan,ARSP,0.72406
2021,SE_GPI_ICTS,Japan,COPA,0.83394
2021,SE_GPI_ICTS,Japan,TRAF,0.68839
2021,SE_GPI_ICTS,Japan,EPRS,0.63717
2021,SE_GPI_ICTS,Japan,INST,0.66176
2015,SE_GPI_ICTS,Kazakhstan,COPA,0.98602
2015,SE_GPI_ICTS,Kazakhstan,EMAIL,0.98208
2015,SE_GPI_ICTS,Kazakhstan,PCPR,0.78252
2015,SE_GPI_ICTS,Kazakhstan,SOFT,0.82908
2015,SE_GPI_ICTS,Kazakhstan,INST,0.79366
2015,SE_GPI_ICTS,Kazakhstan,TRAF,0.97165
2015,SE_GPI_ICTS,Kazakhstan,CMFL,0.96961
2015,SE_GPI_ICTS,Kazakhstan,EPRS,1.02017
2015,SE_GPI_ICTS,Kazakhstan,ARSP,1.06369
2016,SE_GPI_ICTS,Kazakhstan,INST,0.82213
2016,SE_GPI_ICTS,Kazakhstan,PCPR,0.72407
2016,SE_GPI_ICTS,Kazakhstan,EPRS,1.00183
2016,SE_GPI_ICTS,Kazakhstan,ARSP,0.99917
2016,SE_GPI_ICTS,Kazakhstan,EMAIL,0.97107
2016,SE_GPI_ICTS,Kazakhstan,SOFT,0.93871
2016,SE_GPI_ICTS,Kazakhstan,CMFL,0.89512
2016,SE_GPI_ICTS,Kazakhstan,COPA,0.86195
2016,SE_GPI_ICTS,Kazakhstan,TRAF,0.84437
2017,SE_GPI_ICTS,Kazakhstan,ARSP,1.02273
2017,SE_GPI_ICTS,Kazakhstan,PCPR,0.75562
2017,SE_GPI_ICTS,Kazakhstan,CMFL,0.93299
2017,SE_GPI_ICTS,Kazakhstan,COPA,0.93117
2017,SE_GPI_ICTS,Kazakhstan,EMAIL,0.92502
2017,SE_GPI_ICTS,Kazakhstan,EPRS,0.89557
2017,SE_GPI_ICTS,Kazakhstan,TRAF,0.84166
2017,SE_GPI_ICTS,Kazakhstan,INST,0.83178
2017,SE_GPI_ICTS,Kazakhstan,SOFT,0.76157
2018,SE_GPI_ICTS,Kazakhstan,COPA,0.98009
2018,SE_GPI_ICTS,Kazakhstan,ARSP,0.99045
2018,SE_GPI_ICTS,Kazakhstan,EPRS,0.97721
2018,SE_GPI_ICTS,Kazakhstan,CMFL,0.97152
2018,SE_GPI_ICTS,Kazakhstan,SOFT,0.90551
2018,SE_GPI_ICTS,Kazakhstan,INST,0.88465
2018,SE_GPI_ICTS,Kazakhstan,TRAF,0.96071
2018,SE_GPI_ICTS,Kazakhstan,PCPR,0.93683
2018,SE_GPI_ICTS,Kazakhstan,EMAIL,0.97513
2019,SE_GPI_ICTS,Kazakhstan,SOFT,0.9441
2019,SE_GPI_ICTS,Kazakhstan,TRAF,0.93902
2019,SE_GPI_ICTS,Kazakhstan,EMAIL,0.98247
2019,SE_GPI_ICTS,Kazakhstan,ARSP,0.9898
2019,SE_GPI_ICTS,Kazakhstan,COPA,0.98734
2019,SE_GPI_ICTS,Kazakhstan,SCRTY,0.83516
2019,SE_GPI_ICTS,Kazakhstan,INST,0.92939
2019,SE_GPI_ICTS,Kazakhstan,EPRS,0.94482
2020,SE_GPI_ICTS,Kazakhstan,ARSP,0.96836
2020,SE_GPI_ICTS,Kazakhstan,TRAF,0.89555
2020,SE_GPI_ICTS,Kazakhstan,COPA,0.9988
2020,SE_GPI_ICTS,Kazakhstan,EMAIL,0.97358
2020,SE_GPI_ICTS,Kazakhstan,INST,0.95388
2020,SE_GPI_ICTS,Kazakhstan,SOFT,0.93428
2020,SE_GPI_ICTS,Kazakhstan,EPRS,0.91021
2020,SE_GPI_ICTS,Kazakhstan,SCRTY,0.85842
2021,SE_GPI_ICTS,Kazakhstan,ARSP,1.00876
2021,SE_GPI_ICTS,Kazakhstan,TRAF,0.98365
2021,SE_GPI_ICTS,Kazakhstan,EMAIL,0.99011
2021,SE_GPI_ICTS,Kazakhstan,COPA,0.97653
2021,SE_GPI_ICTS,Kazakhstan,EPRS,0.944
2021,SE_GPI_ICTS,Kazakhstan,SOFT,0.9277
2021,SE_GPI_ICTS,Kazakhstan,SCRTY,0.89855
2021,SE_GPI_ICTS,Kazakhstan,INST,0.88949
2015,SE_GPI_ICTS,Republic of Korea,PCPR,0.44734
2015,SE_GPI_ICTS,Republic of Korea,INST,0.67386
2015,SE_GPI_ICTS,Republic of Korea,SOFT,0.73619
2015,SE_GPI_ICTS,Republic of Korea,TRAF,0.76912
2015,SE_GPI_ICTS,Republic of Korea,EMAIL,0.82732
2015,SE_GPI_ICTS,Republic of Korea,ARSP,0.79871
2016,SE_GPI_ICTS,Republic of Korea,EMAIL,0.83277
2016,SE_GPI_ICTS,Republic of Korea,ARSP,0.83159
2016,SE_GPI_ICTS,Republic of Korea,SOFT,0.78367
2016,SE_GPI_ICTS,Republic of Korea,TRAF,0.77343
2016,SE_GPI_ICTS,Republic of Korea,INST,0.69473
2016,SE_GPI_ICTS,Republic of Korea,PCPR,0.43663
2017,SE_GPI_ICTS,Republic of Korea,CMFL,0.9088
2017,SE_GPI_ICTS,Republic of Korea,PCPR,0.45468
2017,SE_GPI_ICTS,Republic of Korea,COPA,0.81148
2017,SE_GPI_ICTS,Republic of Korea,EMAIL,0.80467
2017,SE_GPI_ICTS,Republic of Korea,TRAF,0.78027
2017,SE_GPI_ICTS,Republic of Korea,INST,0.77227
2017,SE_GPI_ICTS,Republic of Korea,SOFT,0.75515
2017,SE_GPI_ICTS,Republic of Korea,EPRS,0.68749
2017,SE_GPI_ICTS,Republic of Korea,ARSP,0.68671
2018,SE_GPI_ICTS,Republic of Korea,CMFL,0.90871
2018,SE_GPI_ICTS,Republic of Korea,COPA,0.87856
2018,SE_GPI_ICTS,Republic of Korea,EMAIL,0.83405
2018,SE_GPI_ICTS,Republic of Korea,INST,0.78861
2018,SE_GPI_ICTS,Republic of Korea,EPRS,0.73211
2018,SE_GPI_ICTS,Republic of Korea,PCPR,0.53908
2018,SE_GPI_ICTS,Republic of Korea,ARSP,0.75074
2018,SE_GPI_ICTS,Republic of Korea,SOFT,0.78239
2018,SE_GPI_ICTS,Republic of Korea,TRAF,0.8015
2019,SE_GPI_ICTS,Republic of Korea,TRAF,0.79943
2019,SE_GPI_ICTS,Republic of Korea,ARSP,0.76821
2019,SE_GPI_ICTS,Republic of Korea,EPRS,0.75188
2019,SE_GPI_ICTS,Republic of Korea,PCPR,0.56028
2019,SE_GPI_ICTS,Republic of Korea,COPA,0.94611
2019,SE_GPI_ICTS,Republic of Korea,EMAIL,0.8903
2019,SE_GPI_ICTS,Republic of Korea,INST,0.80739
2019,SE_GPI_ICTS,Republic of Korea,SOFT,0.80667
2020,SE_GPI_ICTS,Republic of Korea,EMAIL,0.9005
2020,SE_GPI_ICTS,Republic of Korea,COPA,0.91801
2020,SE_GPI_ICTS,Republic of Korea,INST,0.84386
2020,SE_GPI_ICTS,Republic of Korea,ARSP,0.82548
2020,SE_GPI_ICTS,Republic of Korea,SOFT,0.81168
2020,SE_GPI_ICTS,Republic of Korea,TRAF,0.82419
2020,SE_GPI_ICTS,Republic of Korea,EPRS,0.76589
2020,SE_GPI_ICTS,Republic of Korea,PCPR,0.6593
2021,SE_GPI_ICTS,Republic of Korea,SOFT,0.98225
2021,SE_GPI_ICTS,Republic of Korea,SCRTY,0.82071
2021,SE_GPI_ICTS,Republic of Korea,EMAIL,0.97398
2021,SE_GPI_ICTS,Republic of Korea,TRAF,0.94897
2021,SE_GPI_ICTS,Republic of Korea,EPRS,0.79606
2021,SE_GPI_ICTS,Republic of Korea,PRVCY,0.75943
2021,SE_GPI_ICTS,Republic of Korea,ARSP,0.80889
2021,SE_GPI_ICTS,Republic of Korea,COPA,0.98573
2021,SE_GPI_ICTS,Republic of Korea,INST,0.97416
2021,SE_GPI_ICTS,Republic of Korea,VRFY,0.71298
2021,SE_GPI_ICTS,Republic of Korea,PCPR,0.72008
2010,SE_GPI_ICTS,Latvia,EMAIL,1.00703
2011,SE_GPI_ICTS,Latvia,EPRS,1.06305
2011,SE_GPI_ICTS,Latvia,ARSP,1.06209
2011,SE_GPI_ICTS,Latvia,COPA,1.00773
2011,SE_GPI_ICTS,Latvia,EMAIL,0.98652
2011,SE_GPI_ICTS,Latvia,TRAF,0.86839
2011,SE_GPI_ICTS,Latvia,INST,0.61606
2011,SE_GPI_ICTS,Latvia,PCPR,0.55767
2011,SE_GPI_ICTS,Latvia,CMFL,0.99413
2012,SE_GPI_ICTS,Latvia,ARSP,1.03137
2012,SE_GPI_ICTS,Latvia,COPA,1.00687
2012,SE_GPI_ICTS,Latvia,CMFL,0.99367
2012,SE_GPI_ICTS,Latvia,TRAF,0.89845
2012,SE_GPI_ICTS,Latvia,INST,0.64334
2012,SE_GPI_ICTS,Latvia,PCPR,0.38455
2012,SE_GPI_ICTS,Latvia,EPRS,1.04786
2013,SE_GPI_ICTS,Latvia,EMAIL,1.01942
2014,SE_GPI_ICTS,Latvia,ARSP,1.04515
2014,SE_GPI_ICTS,Latvia,COPA,1.0133
2014,SE_GPI_ICTS,Latvia,CMFL,1.00487
2014,SE_GPI_ICTS,Latvia,EPRS,0.97763
2014,SE_GPI_ICTS,Latvia,TRAF,0.88565
2014,SE_GPI_ICTS,Latvia,INST,0.6676
2014,SE_GPI_ICTS,Latvia,PCPR,0.47938
2015,SE_GPI_ICTS,Latvia,ARSP,1.09831
2015,SE_GPI_ICTS,Latvia,COPA,1.02809
2015,SE_GPI_ICTS,Latvia,CMFL,0.94214
2015,SE_GPI_ICTS,Latvia,TRAF,0.86656
2015,SE_GPI_ICTS,Latvia,SOFT,0.48285
2015,SE_GPI_ICTS,Latvia,PCPR,0.26865
2015,SE_GPI_ICTS,Latvia,EPRS,1.13935
2016,SE_GPI_ICTS,Latvia,EPRS,1.26871
2016,SE_GPI_ICTS,Latvia,CMFL,0.95693
2016,SE_GPI_ICTS,Latvia,TRAF,0.93236
2016,SE_GPI_ICTS,Latvia,PCPR,0.25401
2017,SE_GPI_ICTS,Latvia,EPRS,1.26163
2017,SE_GPI_ICTS,Latvia,ARSP,1.12792
2017,SE_GPI_ICTS,Latvia,TRAF,1.00581
2017,SE_GPI_ICTS,Latvia,CMFL,0.97857
2017,SE_GPI_ICTS,Latvia,PCPR,0.22458
2019,SE_GPI_ICTS,Latvia,EPRS,1.16209
2019,SE_GPI_ICTS,Latvia,ARSP,1.14805
2019,SE_GPI_ICTS,Latvia,CMFL,0.99247
2019,SE_GPI_ICTS,Latvia,TRAF,0.91364
2019,SE_GPI_ICTS,Latvia,SOFT,0.69071
2019,SE_GPI_ICTS,Latvia,PCPR,0.30497
2021,SE_GPI_ICTS,Latvia,COPA,1.03112
2021,SE_GPI_ICTS,Latvia,PCPR,0.4634
2021,SE_GPI_ICTS,Latvia,VRFY,0.96029
2010,SE_GPI_ICTS,Lithuania,EMAIL,1.02183
2011,SE_GPI_ICTS,Lithuania,TRAF,0.87304
2011,SE_GPI_ICTS,Lithuania,INST,0.67774
2011,SE_GPI_ICTS,Lithuania,PCPR,0.52242
2011,SE_GPI_ICTS,Lithuania,ARSP,1.06747
2011,SE_GPI_ICTS,Lithuania,EMAIL,1.03447
2011,SE_GPI_ICTS,Lithuania,COPA,1.01224
2011,SE_GPI_ICTS,Lithuania,CMFL,1.00119
2011,SE_GPI_ICTS,Lithuania,EPRS,0.90247
2012,SE_GPI_ICTS,Lithuania,ARSP,1.04239
2012,SE_GPI_ICTS,Lithuania,COPA,1.00168
2012,SE_GPI_ICTS,Lithuania,CMFL,0.99222
2012,SE_GPI_ICTS,Lithuania,EPRS,0.92311
2012,SE_GPI_ICTS,Lithuania,TRAF,0.88433
2012,SE_GPI_ICTS,Lithuania,INST,0.65532
2012,SE_GPI_ICTS,Lithuania,PCPR,0.55472
2013,SE_GPI_ICTS,Lithuania,EMAIL,1.03989
2014,SE_GPI_ICTS,Lithuania,INST,0.60968
2014,SE_GPI_ICTS,Lithuania,PCPR,0.54756
2014,SE_GPI_ICTS,Lithuania,ARSP,1.03444
2014,SE_GPI_ICTS,Lithuania,COPA,1.01974
2014,SE_GPI_ICTS,Lithuania,CMFL,1.01197
2014,SE_GPI_ICTS,Lithuania,EPRS,0.9193
2014,SE_GPI_ICTS,Lithuania,TRAF,0.91459
2015,SE_GPI_ICTS,Lithuania,ARSP,1.08542
2015,SE_GPI_ICTS,Lithuania,CMFL,0.98581
2015,SE_GPI_ICTS,Lithuania,EPRS,1.05189
2015,SE_GPI_ICTS,Lithuania,COPA,1.06179
2015,SE_GPI_ICTS,Lithuania,SOFT,0.66246
2015,SE_GPI_ICTS,Lithuania,PCPR,0.31084
2015,SE_GPI_ICTS,Lithuania,TRAF,0.93034
2016,SE_GPI_ICTS,Lithuania,CMFL,0.99773
2016,SE_GPI_ICTS,Lithuania,EPRS,0.98591
2016,SE_GPI_ICTS,Lithuania,ARSP,0.97786
2016,SE_GPI_ICTS,Lithuania,TRAF,0.93497
2016,SE_GPI_ICTS,Lithuania,SOFT,0.71368
2016,SE_GPI_ICTS,Lithuania,PCPR,0.29965
2017,SE_GPI_ICTS,Lithuania,CMFL,1.02428
2017,SE_GPI_ICTS,Lithuania,ARSP,1.0218
2017,SE_GPI_ICTS,Lithuania,TRAF,0.95054
2017,SE_GPI_ICTS,Lithuania,SOFT,0.82745
2017,SE_GPI_ICTS,Lithuania,PCPR,0.39113
2017,SE_GPI_ICTS,Lithuania,EPRS,1.11806
2019,SE_GPI_ICTS,Lithuania,EPRS,1.05918
2019,SE_GPI_ICTS,Lithuania,ARSP,0.99023
2019,SE_GPI_ICTS,Lithuania,COPA,0.96299
2019,SE_GPI_ICTS,Lithuania,TRAF,0.9187
2019,SE_GPI_ICTS,Lithuania,SOFT,0.82771
2019,SE_GPI_ICTS,Lithuania,PRVCY,0.60437
2019,SE_GPI_ICTS,Lithuania,PCPR,0.35774
2021,SE_GPI_ICTS,Lithuania,COPA,0.99253
2021,SE_GPI_ICTS,Lithuania,PCPR,0.31877
2021,SE_GPI_ICTS,Lithuania,VRFY,0.86133
2021,SE_GPI_ICTS,Lithuania,SOFT,0.9171
2021,SE_GPI_ICTS,Lithuania,PRVCY,1.14399
2021,SE_GPI_ICTS,Lithuania,EPRS,1.07259
2021,SE_GPI_ICTS,Lithuania,ARSP,1.04892
2010,SE_GPI_ICTS,Luxembourg,EMAIL,0.8574
2011,SE_GPI_ICTS,Luxembourg,COPA,0.88381
2011,SE_GPI_ICTS,Luxembourg,TRAF,0.82739
2011,SE_GPI_ICTS,Luxembourg,ARSP,0.81487
2011,SE_GPI_ICTS,Luxembourg,EPRS,0.78696
2011,SE_GPI_ICTS,Luxembourg,INST,0.64223
2011,SE_GPI_ICTS,Luxembourg,PCPR,0.35037
2011,SE_GPI_ICTS,Luxembourg,EMAIL,0.92071
2011,SE_GPI_ICTS,Luxembourg,CMFL,0.88721
2012,SE_GPI_ICTS,Luxembourg,ARSP,0.7857
2012,SE_GPI_ICTS,Luxembourg,INST,0.64709
2012,SE_GPI_ICTS,Luxembourg,PCPR,0.44458
2012,SE_GPI_ICTS,Luxembourg,EPRS,0.78171
2012,SE_GPI_ICTS,Luxembourg,COPA,0.90827
2012,SE_GPI_ICTS,Luxembourg,CMFL,0.86604
2012,SE_GPI_ICTS,Luxembourg,TRAF,0.85341
2013,SE_GPI_ICTS,Luxembourg,EMAIL,0.87549
2014,SE_GPI_ICTS,Luxembourg,COPA,0.93658
2014,SE_GPI_ICTS,Luxembourg,CMFL,0.89359
2014,SE_GPI_ICTS,Luxembourg,ARSP,0.80395
2014,SE_GPI_ICTS,Luxembourg,TRAF,0.78832
2014,SE_GPI_ICTS,Luxembourg,EPRS,0.69587
2014,SE_GPI_ICTS,Luxembourg,INST,0.62086
2014,SE_GPI_ICTS,Luxembourg,PCPR,0.41556
2015,SE_GPI_ICTS,Luxembourg,SOFT,0.82223
2015,SE_GPI_ICTS,Luxembourg,PCPR,0.52803
2015,SE_GPI_ICTS,Luxembourg,ARSP,0.84808
2015,SE_GPI_ICTS,Luxembourg,COPA,0.94008
2015,SE_GPI_ICTS,Luxembourg,EPRS,0.90364
2015,SE_GPI_ICTS,Luxembourg,CMFL,0.89196
2015,SE_GPI_ICTS,Luxembourg,TRAF,0.83905
2016,SE_GPI_ICTS,Luxembourg,TRAF,0.86504
2016,SE_GPI_ICTS,Luxembourg,CMFL,0.85897
2016,SE_GPI_ICTS,Luxembourg,INST,0.81137
2016,SE_GPI_ICTS,Luxembourg,ARSP,0.76597
2016,SE_GPI_ICTS,Luxembourg,PCPR,0.26457
2017,SE_GPI_ICTS,Luxembourg,CMFL,0.88376
2017,SE_GPI_ICTS,Luxembourg,ARSP,0.84891
2017,SE_GPI_ICTS,Luxembourg,EPRS,0.83676
2017,SE_GPI_ICTS,Luxembourg,TRAF,0.82752
2017,SE_GPI_ICTS,Luxembourg,SOFT,0.82279
2017,SE_GPI_ICTS,Luxembourg,PCPR,0.30262
2021,SE_GPI_ICTS,Luxembourg,EMAIL,1.02529
2021,SE_GPI_ICTS,Luxembourg,COPA,0.90682
2021,SE_GPI_ICTS,Luxembourg,SOFT,0.81819
2021,SE_GPI_ICTS,Luxembourg,VRFY,0.73792
2021,SE_GPI_ICTS,Luxembourg,ARSP,0.68551
2021,SE_GPI_ICTS,Luxembourg,PCPR,0.228
2010,SE_GPI_ICTS,Malta,EMAIL,0.89179
2011,SE_GPI_ICTS,Malta,CMFL,0.94107
2011,SE_GPI_ICTS,Malta,EPRS,0.78429
2011,SE_GPI_ICTS,Malta,INST,0.68345
2011,SE_GPI_ICTS,Malta,PCPR,0.49845
2011,SE_GPI_ICTS,Malta,TRAF,0.83197
2011,SE_GPI_ICTS,Malta,ARSP,0.83644
2011,SE_GPI_ICTS,Malta,COPA,0.92997
2011,SE_GPI_ICTS,Malta,EMAIL,0.93127
2012,SE_GPI_ICTS,Malta,ARSP,0.842
2012,SE_GPI_ICTS,Malta,EPRS,0.8164
2012,SE_GPI_ICTS,Malta,INST,0.55427
2012,SE_GPI_ICTS,Malta,PCPR,0.25017
2012,SE_GPI_ICTS,Malta,COPA,0.92417
2012,SE_GPI_ICTS,Malta,CMFL,0.92132
2012,SE_GPI_ICTS,Malta,TRAF,0.89301
2013,SE_GPI_ICTS,Malta,EMAIL,1.00969
2014,SE_GPI_ICTS,Malta,COPA,0.93398
2014,SE_GPI_ICTS,Malta,CMFL,0.94351
2014,SE_GPI_ICTS,Malta,ARSP,0.8722
2014,SE_GPI_ICTS,Malta,EPRS,0.84338
2014,SE_GPI_ICTS,Malta,TRAF,0.80098
2014,SE_GPI_ICTS,Malta,INST,0.68601
2014,SE_GPI_ICTS,Malta,PCPR,0.61289
2015,SE_GPI_ICTS,Malta,ARSP,0.80984
2015,SE_GPI_ICTS,Malta,SOFT,0.71423
2015,SE_GPI_ICTS,Malta,PCPR,0.4535
2015,SE_GPI_ICTS,Malta,COPA,0.8931
2015,SE_GPI_ICTS,Malta,EPRS,0.87759
2015,SE_GPI_ICTS,Malta,TRAF,0.83954
2015,SE_GPI_ICTS,Malta,CMFL,0.83262
2016,SE_GPI_ICTS,Malta,EPRS,1.06812
2016,SE_GPI_ICTS,Malta,CMFL,0.90083
2016,SE_GPI_ICTS,Malta,TRAF,0.89439
2016,SE_GPI_ICTS,Malta,ARSP,0.86031
2016,SE_GPI_ICTS,Malta,SOFT,0.8579
2016,SE_GPI_ICTS,Malta,PCPR,0.61922
2017,SE_GPI_ICTS,Malta,EPRS,1.05301
2017,SE_GPI_ICTS,Malta,CMFL,0.97529
2017,SE_GPI_ICTS,Malta,TRAF,0.93637
2017,SE_GPI_ICTS,Malta,ARSP,0.88113
2017,SE_GPI_ICTS,Malta,SOFT,0.83782
2017,SE_GPI_ICTS,Malta,PCPR,0.45099
2019,SE_GPI_ICTS,Malta,EPRS,1.04158
2019,SE_GPI_ICTS,Malta,COPA,0.92324
2019,SE_GPI_ICTS,Malta,SOFT,0.87532
2019,SE_GPI_ICTS,Malta,ARSP,0.86119
2019,SE_GPI_ICTS,Malta,TRAF,0.84548
2019,SE_GPI_ICTS,Malta,PCPR,0.7954
2019,SE_GPI_ICTS,Malta,PRVCY,0.7068
2020,SE_GPI_ICTS,Malta,EPRS,1.07681
2020,SE_GPI_ICTS,Malta,SCRTY,1.03846
2020,SE_GPI_ICTS,Malta,EMAIL,1.01984
2020,SE_GPI_ICTS,Malta,SOFT,0.96973
2020,SE_GPI_ICTS,Malta,ARSP,0.94896
2020,SE_GPI_ICTS,Malta,COPA,0.94417
2020,SE_GPI_ICTS,Malta,TRAF,0.84989
2020,SE_GPI_ICTS,Malta,PCPR,0.47639
2021,SE_GPI_ICTS,Malta,EPRS,1.02681
2021,SE_GPI_ICTS,Malta,SOFT,0.91869
2021,SE_GPI_ICTS,Malta,TRAF,0.87724
2021,SE_GPI_ICTS,Malta,ARSP,0.89443
2021,SE_GPI_ICTS,Malta,EMAIL,1.01274
2021,SE_GPI_ICTS,Malta,COPA,0.87724
2021,SE_GPI_ICTS,Malta,PCPR,0.74323
2021,SE_GPI_ICTS,Malta,VRFY,0.73699
2016,SE_GPI_ICTS,Mexico,EMAIL,0.91146
2016,SE_GPI_ICTS,Mexico,EPRS,0.90893
2016,SE_GPI_ICTS,Mexico,CMFL,0.88461
2016,SE_GPI_ICTS,Mexico,ARSP,0.85647
2016,SE_GPI_ICTS,Mexico,SOFT,0.70127
2016,SE_GPI_ICTS,Mexico,INST,0.69761
2017,SE_GPI_ICTS,Mexico,EPRS,0.8378
2017,SE_GPI_ICTS,Mexico,SOFT,0.73806
2017,SE_GPI_ICTS,Mexico,VRFY,0.96504
2017,SE_GPI_ICTS,Mexico,TRAF,0.92109
2017,SE_GPI_ICTS,Mexico,ARSP,0.88591
2017,SE_GPI_ICTS,Mexico,PRVCY,0.69838
2017,SE_GPI_ICTS,Mexico,COPA,0.88041
2017,SE_GPI_ICTS,Mexico,CMFL,0.87972
2017,SE_GPI_ICTS,Mexico,INST,0.8746
2018,SE_GPI_ICTS,Mexico,VRFY,0.95683
2018,SE_GPI_ICTS,Mexico,INST,0.89889
2018,SE_GPI_ICTS,Mexico,CMFL,0.89668
2018,SE_GPI_ICTS,Mexico,COPA,0.89603
2018,SE_GPI_ICTS,Mexico,EPRS,0.87864
2018,SE_GPI_ICTS,Mexico,SOFT,0.76907
2018,SE_GPI_ICTS,Mexico,PRVCY,0.76532
2018,SE_GPI_ICTS,Mexico,TRAF,0.93804
2018,SE_GPI_ICTS,Mexico,ARSP,0.90292
2019,SE_GPI_ICTS,Mexico,ARSP,0.83405
2019,SE_GPI_ICTS,Mexico,SOFT,0.76841
2019,SE_GPI_ICTS,Mexico,INST,0.73738
2019,SE_GPI_ICTS,Mexico,PCPR,0.64285
2019,SE_GPI_ICTS,Mexico,EPRS,0.87035
2019,SE_GPI_ICTS,Mexico,EMAIL,0.86738
2019,SE_GPI_ICTS,Mexico,COPA,0.86333
2020,SE_GPI_ICTS,Mexico,EPRS,0.92142
2020,SE_GPI_ICTS,Mexico,EMAIL,0.91645
2020,SE_GPI_ICTS,Mexico,COPA,0.90131
2020,SE_GPI_ICTS,Mexico,ARSP,0.8937
2020,SE_GPI_ICTS,Mexico,SOFT,0.87358
2020,SE_GPI_ICTS,Mexico,INST,0.78105
2020,SE_GPI_ICTS,Mexico,PCPR,0.77042
2021,SE_GPI_ICTS,Mexico,ARSP,0.89126
2021,SE_GPI_ICTS,Mexico,SOFT,0.83239
2021,SE_GPI_ICTS,Mexico,PCPR,0.67832
2021,SE_GPI_ICTS,Mexico,INST,0.78177
2021,SE_GPI_ICTS,Mexico,EPRS,0.91369
2021,SE_GPI_ICTS,Mexico,EMAIL,0.91334
2021,SE_GPI_ICTS,Mexico,COPA,0.9001
2012,SE_GPI_ICTS,Montenegro,ARSP,0.82428
2012,SE_GPI_ICTS,Montenegro,CMFL,0.79932
2012,SE_GPI_ICTS,Montenegro,COPA,0.78156
2012,SE_GPI_ICTS,Montenegro,TRAF,0.75903
2012,SE_GPI_ICTS,Montenegro,INST,0.63008
2012,SE_GPI_ICTS,Montenegro,PCPR,0.58366
2012,SE_GPI_ICTS,Montenegro,EPRS,0.80284
2015,SE_GPI_ICTS,Montenegro,PCPR,0.29821
2015,SE_GPI_ICTS,Montenegro,TRAF,0.91866
2015,SE_GPI_ICTS,Montenegro,CMFL,0.86556
2015,SE_GPI_ICTS,Montenegro,EPRS,0.80415
2015,SE_GPI_ICTS,Montenegro,SOFT,0.70525
2016,SE_GPI_ICTS,Montenegro,PCPR,1.17859
2016,SE_GPI_ICTS,Montenegro,CMFL,0.91847
2016,SE_GPI_ICTS,Montenegro,EPRS,0.78241
2016,SE_GPI_ICTS,Montenegro,SOFT,0.67678
2016,SE_GPI_ICTS,Montenegro,TRAF,0.89236
2017,SE_GPI_ICTS,Montenegro,TRAF,0.92659
2017,SE_GPI_ICTS,Montenegro,CMFL,0.91744
2017,SE_GPI_ICTS,Montenegro,EPRS,0.85299
2017,SE_GPI_ICTS,Montenegro,INST,0.80875
2017,SE_GPI_ICTS,Montenegro,PCPR,0.53065
2018,SE_GPI_ICTS,Montenegro,ARSP,0.90363
2018,SE_GPI_ICTS,Montenegro,SOFT,0.872
2018,SE_GPI_ICTS,Montenegro,PCPR,0.63515
2018,SE_GPI_ICTS,Montenegro,TRAF,1.00478
2018,SE_GPI_ICTS,Montenegro,CMFL,0.98978
2018,SE_GPI_ICTS,Montenegro,EPRS,0.9072
2019,SE_GPI_ICTS,Montenegro,EPRS,1.03737
2019,SE_GPI_ICTS,Montenegro,ARSP,1.03137
2019,SE_GPI_ICTS,Montenegro,TRAF,0.98841
2019,SE_GPI_ICTS,Montenegro,PCPR,0.8931
2019,SE_GPI_ICTS,Montenegro,SOFT,0.83199
2020,SE_GPI_ICTS,Montenegro,EPRS,1.33863
2020,SE_GPI_ICTS,Montenegro,ARSP,1.17072
2020,SE_GPI_ICTS,Montenegro,SOFT,0.96528
2020,SE_GPI_ICTS,Montenegro,TRAF,0.95622
2020,SE_GPI_ICTS,Montenegro,PCPR,0.7325
2021,SE_GPI_ICTS,Montenegro,SOFT,0.915
2021,SE_GPI_ICTS,Montenegro,PCPR,0.5562
2021,SE_GPI_ICTS,Montenegro,EPRS,1.06284
2021,SE_GPI_ICTS,Montenegro,ARSP,0.95379
2010,SE_GPI_ICTS,Netherlands (Kingdom of the),EMAIL,0.93556
2011,SE_GPI_ICTS,Netherlands (Kingdom of the),EPRS,0.84456
2011,SE_GPI_ICTS,Netherlands (Kingdom of the),PCPR,0.1732
2011,SE_GPI_ICTS,Netherlands (Kingdom of the),COPA,0.94564
2011,SE_GPI_ICTS,Netherlands (Kingdom of the),TRAF,0.81771
2011,SE_GPI_ICTS,Netherlands (Kingdom of the),ARSP,0.71554
2011,SE_GPI_ICTS,Netherlands (Kingdom of the),CMFL,0.91928
2011,SE_GPI_ICTS,Netherlands (Kingdom of the),EMAIL,0.95198
2011,SE_GPI_ICTS,Netherlands (Kingdom of the),INST,0.47968
2012,SE_GPI_ICTS,Netherlands (Kingdom of the),COPA,0.91351
2012,SE_GPI_ICTS,Netherlands (Kingdom of the),CMFL,0.9065
2012,SE_GPI_ICTS,Netherlands (Kingdom of the),PCPR,0.18514
2012,SE_GPI_ICTS,Netherlands (Kingdom of the),EPRS,0.80093
2012,SE_GPI_ICTS,Netherlands (Kingdom of the),ARSP,0.70128
2012,SE_GPI_ICTS,Netherlands (Kingdom of the),INST,0.48455
2012,SE_GPI_ICTS,Netherlands (Kingdom of the),TRAF,0.79983
2013,SE_GPI_ICTS,Netherlands (Kingdom of the),EMAIL,0.94872
2014,SE_GPI_ICTS,Netherlands (Kingdom of the),TRAF,0.85413
2014,SE_GPI_ICTS,Netherlands (Kingdom of the),INST,0.46249
2014,SE_GPI_ICTS,Netherlands (Kingdom of the),PCPR,0.21878
2014,SE_GPI_ICTS,Netherlands (Kingdom of the),COPA,0.9185
2014,SE_GPI_ICTS,Netherlands (Kingdom of the),ARSP,0.6744
2014,SE_GPI_ICTS,Netherlands (Kingdom of the),EPRS,0.80891
2014,SE_GPI_ICTS,Netherlands (Kingdom of the),CMFL,0.90279
2015,SE_GPI_ICTS,Netherlands (Kingdom of the),COPA,0.90552
2015,SE_GPI_ICTS,Netherlands (Kingdom of the),EPRS,0.80637
2015,SE_GPI_ICTS,Netherlands (Kingdom of the),CMFL,0.88991
2015,SE_GPI_ICTS,Netherlands (Kingdom of the),SOFT,0.89122
2015,SE_GPI_ICTS,Netherlands (Kingdom of the),TRAF,0.87024
2015,SE_GPI_ICTS,Netherlands (Kingdom of the),PCPR,0.25489
2015,SE_GPI_ICTS,Netherlands (Kingdom of the),ARSP,0.74237
2016,SE_GPI_ICTS,Netherlands (Kingdom of the),SOFT,0.90134
2016,SE_GPI_ICTS,Netherlands (Kingdom of the),CMFL,0.89758
2016,SE_GPI_ICTS,Netherlands (Kingdom of the),EPRS,0.80268
2016,SE_GPI_ICTS,Netherlands (Kingdom of the),ARSP,0.77791
2016,SE_GPI_ICTS,Netherlands (Kingdom of the),PCPR,0.32374
2016,SE_GPI_ICTS,Netherlands (Kingdom of the),COPA,0.93361
2016,SE_GPI_ICTS,Netherlands (Kingdom of the),TRAF,0.91166
2010,SE_GPI_ICTS,Norway,EMAIL,0.91559
2011,SE_GPI_ICTS,Norway,TRAF,0.87337
2011,SE_GPI_ICTS,Norway,EMAIL,0.95081
2011,SE_GPI_ICTS,Norway,EPRS,0.96702
2011,SE_GPI_ICTS,Norway,PCPR,0.54264
2011,SE_GPI_ICTS,Norway,ARSP,0.86267
2011,SE_GPI_ICTS,Norway,CMFL,0.85237
2011,SE_GPI_ICTS,Norway,INST,0.67949
2011,SE_GPI_ICTS,Norway,COPA,0.93395
2012,SE_GPI_ICTS,Norway,INST,0.69559
2012,SE_GPI_ICTS,Norway,CMFL,0.94236
2012,SE_GPI_ICTS,Norway,COPA,0.9278
2012,SE_GPI_ICTS,Norway,ARSP,0.83339
2012,SE_GPI_ICTS,Norway,PCPR,0.50558
2012,SE_GPI_ICTS,Norway,EPRS,0.85997
2012,SE_GPI_ICTS,Norway,TRAF,0.90561
2013,SE_GPI_ICTS,Norway,EMAIL,0.99287
2014,SE_GPI_ICTS,Norway,COPA,0.94997
2014,SE_GPI_ICTS,Norway,EPRS,0.81384
2014,SE_GPI_ICTS,Norway,TRAF,0.81179
2014,SE_GPI_ICTS,Norway,INST,0.65231
2014,SE_GPI_ICTS,Norway,PCPR,0.35786
2014,SE_GPI_ICTS,Norway,ARSP,0.71729
2014,SE_GPI_ICTS,Norway,CMFL,0.908
2015,SE_GPI_ICTS,Norway,TRAF,0.87091
2015,SE_GPI_ICTS,Norway,CMFL,0.83909
2015,SE_GPI_ICTS,Norway,SOFT,0.90586
2015,SE_GPI_ICTS,Norway,PCPR,0.52192
2015,SE_GPI_ICTS,Norway,ARSP,0.8269
2015,SE_GPI_ICTS,Norway,EPRS,0.94614
2015,SE_GPI_ICTS,Norway,COPA,0.92345
2016,SE_GPI_ICTS,Norway,CMFL,0.85244
2016,SE_GPI_ICTS,Norway,ARSP,0.80056
2016,SE_GPI_ICTS,Norway,TRAF,0.87517
2016,SE_GPI_ICTS,Norway,COPA,0.93495
2016,SE_GPI_ICTS,Norway,EPRS,0.92102
2016,SE_GPI_ICTS,Norway,PCPR,0.31094
2016,SE_GPI_ICTS,Norway,SOFT,0.94564
2021,SE_GPI_ICTS,Norway,PCPR,0.49152
2021,SE_GPI_ICTS,Norway,ARSP,0.79661
2021,SE_GPI_ICTS,Norway,SOFT,0.89434
2021,SE_GPI_ICTS,Norway,VRFY,0.75787
2021,SE_GPI_ICTS,Norway,TRAF,0.90466
2021,SE_GPI_ICTS,Norway,EPRS,0.90466
2021,SE_GPI_ICTS,Norway,COPA,0.90466
2010,SE_GPI_ICTS,Poland,EMAIL,0.94817
2011,SE_GPI_ICTS,Poland,EMAIL,0.94416
2011,SE_GPI_ICTS,Poland,COPA,0.94297
2011,SE_GPI_ICTS,Poland,PCPR,0.47916
2011,SE_GPI_ICTS,Poland,CMFL,0.9239
2011,SE_GPI_ICTS,Poland,EPRS,0.78986
2021,SE_GPI_ICTS,Uzbekistan,ARSP,0.83695
2021,SE_GPI_ICTS,Uzbekistan,TRAF,0.70457
2021,SE_GPI_ICTS,Uzbekistan,EMAIL,0.77425
2021,SE_GPI_ICTS,Uzbekistan,SOFT,0.76863
2021,SE_GPI_ICTS,Uzbekistan,INST,0.79023
2021,SE_GPI_ICTS,Uzbekistan,COPA,0.80857
2021,SE_GPI_ICTS,Uzbekistan,PCPR,0.80639
2021,SE_GPI_ICTS,Uzbekistan,PCPR,0.80639
