Year,SeriesCode,GeoAreaName,Age,Sex,Type of skill,Value
2012,SE_ADT_FUNS,Australia,16-65,BOTHSEX,LITE,87.20045
2012,SE_ADT_FUNS,Australia,16-65,FEMALE,NUME,76.64972
2012,SE_ADT_FUNS,Australia,16-65,MALE,NUME,82.37283
2012,SE_ADT_FUNS,Australia,16-65,MALE,LITE,87.04392
2012,SE_ADT_FUNS,Australia,16-65,FEMALE,LITE,87.35749
2012,SE_ADT_FUNS,Australia,16-65,BOTHSEX,NUME,79.51601
2012,SE_ADT_FUNS,Austria,16-65,BOTHSEX,NUME,85.46951
2012,SE_ADT_FUNS,Austria,16-65,BOTHSEX,LITE,84.42585
2012,SE_ADT_FUNS,Austria,16-65,MALE,NUME,87.60377
2012,SE_ADT_FUNS,Austria,16-65,FEMALE,LITE,83.85798
2012,SE_ADT_FUNS,Austria,16-65,MALE,LITE,84.997
2012,SE_ADT_FUNS,Austria,16-65,FEMALE,NUME,83.34751
2013,SE_ADT_FUNS,Armenia,16-65,BOTHSEX,LITE,98.9712
2012,SE_ADT_FUNS,Belgium,16-65,FEMALE,NUME,83.37262
2012,SE_ADT_FUNS,Belgium,16-65,MALE,NUME,88.40691
2012,SE_ADT_FUNS,Belgium,16-65,BOTHSEX,LITE,85.21011
2012,SE_ADT_FUNS,Belgium,16-65,BOTHSEX,NUME,85.91872
2012,SE_ADT_FUNS,Belgium,16-65,FEMALE,LITE,84.28462
2012,SE_ADT_FUNS,Belgium,16-65,MALE,LITE,86.11456
2012,SE_ADT_FUNS,Canada,16-65,MALE,LITE,83.71857
2012,SE_ADT_FUNS,Canada,16-65,FEMALE,LITE,83.22706
2012,SE_ADT_FUNS,Canada,16-65,BOTHSEX,LITE,83.47287
2012,SE_ADT_FUNS,Canada,16-65,BOTHSEX,NUME,77.45051
2012,SE_ADT_FUNS,Canada,16-65,FEMALE,NUME,74.38133
2012,SE_ADT_FUNS,Canada,16-65,MALE,NUME,80.51836
2015,SE_ADT_FUNS,Chile,16-65,MALE,LITE,48.95728
2015,SE_ADT_FUNS,Chile,16-65,BOTHSEX,LITE,46.4913
2015,SE_ADT_FUNS,Chile,16-65,BOTHSEX,NUME,37.89699
2015,SE_ADT_FUNS,Chile,16-65,FEMALE,LITE,44.02853
2015,SE_ADT_FUNS,Chile,16-65,MALE,NUME,44.57371
2015,SE_ADT_FUNS,Chile,16-65,FEMALE,NUME,31.22895
2012,SE_ADT_FUNS,Colombia,16-65,BOTHSEX,LITE,95.6689
2012,SE_ADT_FUNS,Cyprus,16-65,BOTHSEX,LITE,85.60425
2012,SE_ADT_FUNS,Cyprus,16-65,FEMALE,LITE,86.19786
2012,SE_ADT_FUNS,Cyprus,16-65,BOTHSEX,NUME,81.2151
2012,SE_ADT_FUNS,Cyprus,16-65,FEMALE,NUME,79.10392
2012,SE_ADT_FUNS,Cyprus,16-65,MALE,NUME,83.56026
2012,SE_ADT_FUNS,Cyprus,16-65,MALE,LITE,84.94484
2012,SE_ADT_FUNS,Czechia,16-65,BOTHSEX,LITE,88.12896
2012,SE_ADT_FUNS,Czechia,16-65,FEMALE,NUME,85.09798
2012,SE_ADT_FUNS,Czechia,16-65,BOTHSEX,NUME,87.06573
2012,SE_ADT_FUNS,Czechia,16-65,MALE,LITE,88.66247
2012,SE_ADT_FUNS,Czechia,16-65,MALE,NUME,88.99929
2012,SE_ADT_FUNS,Czechia,16-65,FEMALE,LITE,87.58601
2012,SE_ADT_FUNS,Denmark,16-65,MALE,LITE,82.89488
2012,SE_ADT_FUNS,Denmark,16-65,FEMALE,NUME,84.60281
2012,SE_ADT_FUNS,Denmark,16-65,MALE,NUME,86.80215
2012,SE_ADT_FUNS,Denmark,16-65,BOTHSEX,NUME,85.70948
2012,SE_ADT_FUNS,Denmark,16-65,FEMALE,LITE,85.60064
2012,SE_ADT_FUNS,Denmark,16-65,BOTHSEX,LITE,84.23915
2012,SE_ADT_FUNS,Estonia,16-65,BOTHSEX,LITE,86.93386
2012,SE_ADT_FUNS,Estonia,16-65,FEMALE,LITE,87.48161
2012,SE_ADT_FUNS,Estonia,16-65,BOTHSEX,NUME,85.65057
2012,SE_ADT_FUNS,Estonia,16-65,MALE,NUME,86.61527
2012,SE_ADT_FUNS,Estonia,16-65,FEMALE,NUME,84.76597
2012,SE_ADT_FUNS,Estonia,16-65,MALE,LITE,86.33652
2012,SE_ADT_FUNS,Finland,16-65,FEMALE,NUME,86.18579
2012,SE_ADT_FUNS,Finland,16-65,MALE,NUME,88.13833
2012,SE_ADT_FUNS,Finland,16-65,BOTHSEX,NUME,87.16763
2012,SE_ADT_FUNS,Finland,16-65,FEMALE,LITE,90.28474
2012,SE_ADT_FUNS,Finland,16-65,BOTHSEX,LITE,89.38966
2012,SE_ADT_FUNS,Finland,16-65,MALE,LITE,88.50471
2012,SE_ADT_FUNS,France,16-65,BOTHSEX,NUME,71.73375
2012,SE_ADT_FUNS,France,16-65,MALE,NUME,73.98215
2012,SE_ADT_FUNS,France,16-65,FEMALE,NUME,69.58778
2012,SE_ADT_FUNS,France,16-65,BOTHSEX,LITE,78.25999
2012,SE_ADT_FUNS,France,16-65,FEMALE,LITE,78.95599
2012,SE_ADT_FUNS,France,16-65,MALE,LITE,77.53078
2013,SE_ADT_FUNS,Georgia,16-65,BOTHSEX,LITE,95.866
2012,SE_ADT_FUNS,Germany,16-65,MALE,LITE,83.27415
2012,SE_ADT_FUNS,Germany,16-65,FEMALE,LITE,81.14138
2012,SE_ADT_FUNS,Germany,16-65,BOTHSEX,LITE,82.21861
2012,SE_ADT_FUNS,Germany,16-65,FEMALE,NUME,77.40175
2012,SE_ADT_FUNS,Germany,16-65,MALE,NUME,85.17989
2012,SE_ADT_FUNS,Germany,16-65,BOTHSEX,NUME,81.33037
2015,SE_ADT_FUNS,Greece,16-65,FEMALE,LITE,75.09602
2015,SE_ADT_FUNS,Greece,16-65,FEMALE,NUME,69.13732
2015,SE_ADT_FUNS,Greece,16-65,MALE,LITE,71.27958
2015,SE_ADT_FUNS,Greece,16-65,BOTHSEX,LITE,73.22185
2015,SE_ADT_FUNS,Greece,16-65,BOTHSEX,NUME,71.16701
2015,SE_ADT_FUNS,Greece,16-65,MALE,NUME,73.27045
2017,SE_ADT_FUNS,Hungary,16-65,MALE,LITE,79.73573
2017,SE_ADT_FUNS,Hungary,16-65,FEMALE,NUME,82.63985
2017,SE_ADT_FUNS,Hungary,16-65,FEMALE,LITE,82.93382
2017,SE_ADT_FUNS,Hungary,16-65,MALE,NUME,81.75169
2017,SE_ADT_FUNS,Hungary,16-65,BOTHSEX,NUME,82.20148
2017,SE_ADT_FUNS,Hungary,16-65,BOTHSEX,LITE,81.35535
2012,SE_ADT_FUNS,Ireland,16-65,BOTHSEX,NUME,74.70376
2012,SE_ADT_FUNS,Ireland,16-65,FEMALE,LITE,82.71765
2012,SE_ADT_FUNS,Ireland,16-65,MALE,NUME,78.08518
2012,SE_ADT_FUNS,Ireland,16-65,MALE,LITE,82.22414
2012,SE_ADT_FUNS,Ireland,16-65,FEMALE,NUME,71.46496
2012,SE_ADT_FUNS,Ireland,16-65,BOTHSEX,LITE,82.47621
2015,SE_ADT_FUNS,Israel,16-65,BOTHSEX,NUME,68.33002
2015,SE_ADT_FUNS,Israel,16-65,MALE,NUME,71.39946
2015,SE_ADT_FUNS,Israel,16-65,FEMALE,NUME,65.38005
2015,SE_ADT_FUNS,Israel,16-65,BOTHSEX,LITE,72.23684
2015,SE_ADT_FUNS,Israel,16-65,FEMALE,LITE,72.6085
2015,SE_ADT_FUNS,Israel,16-65,MALE,LITE,71.85014
2012,SE_ADT_FUNS,Italy,16-65,BOTHSEX,NUME,68.11127
2012,SE_ADT_FUNS,Italy,16-65,MALE,NUME,71.03962
2012,SE_ADT_FUNS,Italy,16-65,FEMALE,LITE,73.46418
2012,SE_ADT_FUNS,Italy,16-65,FEMALE,NUME,65.18254
2012,SE_ADT_FUNS,Italy,16-65,MALE,LITE,70.80733
2012,SE_ADT_FUNS,Italy,16-65,BOTHSEX,LITE,72.13567
2012,SE_ADT_FUNS,Japan,16-65,MALE,LITE,94.90152
2012,SE_ADT_FUNS,Japan,16-65,MALE,NUME,92.70958
2012,SE_ADT_FUNS,Japan,16-65,FEMALE,LITE,95.24182
2012,SE_ADT_FUNS,Japan,16-65,FEMALE,NUME,90.77612
2012,SE_ADT_FUNS,Japan,16-65,BOTHSEX,NUME,91.7481
2012,SE_ADT_FUNS,Japan,16-65,BOTHSEX,LITE,95.07075
2017,SE_ADT_FUNS,Kazakhstan,16-65,FEMALE,LITE,74.60907
2017,SE_ADT_FUNS,Kazakhstan,16-65,FEMALE,NUME,73.47719
2017,SE_ADT_FUNS,Kazakhstan,16-65,BOTHSEX,LITE,73.64106
2017,SE_ADT_FUNS,Kazakhstan,16-65,BOTHSEX,NUME,73.18361
2017,SE_ADT_FUNS,Kazakhstan,16-65,MALE,NUME,72.87047
2017,SE_ADT_FUNS,Kazakhstan,16-65,MALE,LITE,72.60851
2012,SE_ADT_FUNS,Republic of Korea,16-65,BOTHSEX,LITE,87.10099
2012,SE_ADT_FUNS,Republic of Korea,16-65,BOTHSEX,NUME,81.04021
2012,SE_ADT_FUNS,Republic of Korea,16-65,FEMALE,NUME,78.38933
2012,SE_ADT_FUNS,Republic of Korea,16-65,FEMALE,LITE,85.61687
2012,SE_ADT_FUNS,Republic of Korea,16-65,MALE,NUME,83.71822
2012,SE_ADT_FUNS,Republic of Korea,16-65,MALE,LITE,88.60029
2015,SE_ADT_FUNS,Lithuania,16-65,MALE,LITE,83.18726
2015,SE_ADT_FUNS,Lithuania,16-65,FEMALE,LITE,85.1827
2015,SE_ADT_FUNS,Lithuania,16-65,BOTHSEX,LITE,84.24335
2015,SE_ADT_FUNS,Lithuania,16-65,FEMALE,NUME,81.55608
2015,SE_ADT_FUNS,Lithuania,16-65,MALE,NUME,82.02556
2015,SE_ADT_FUNS,Lithuania,16-65,BOTHSEX,NUME,81.77708
2017,SE_ADT_FUNS,Mexico,16-65,BOTHSEX,NUME,39.54352
2017,SE_ADT_FUNS,Mexico,16-65,MALE,NUME,44.12708
2017,SE_ADT_FUNS,Mexico,16-65,BOTHSEX,LITE,49.09482
2017,SE_ADT_FUNS,Mexico,16-65,FEMALE,LITE,48.74554
2017,SE_ADT_FUNS,Mexico,16-65,FEMALE,NUME,35.30738
2017,SE_ADT_FUNS,Mexico,16-65,MALE,LITE,49.47274
2012,SE_ADT_FUNS,Netherlands (Kingdom of the),16-65,BOTHSEX,LITE,88.05299
2012,SE_ADT_FUNS,Netherlands (Kingdom of the),16-65,BOTHSEX,NUME,86.49818
2012,SE_ADT_FUNS,Netherlands (Kingdom of the),16-65,MALE,NUME,88.90971
2012,SE_ADT_FUNS,Netherlands (Kingdom of the),16-65,FEMALE,NUME,84.06281
2012,SE_ADT_FUNS,Netherlands (Kingdom of the),16-65,MALE,LITE,88.8325
2012,SE_ADT_FUNS,Netherlands (Kingdom of the),16-65,FEMALE,LITE,87.26343
2014,SE_ADT_FUNS,New Zealand,16-65,MALE,LITE,87.43227
2014,SE_ADT_FUNS,New Zealand,16-65,FEMALE,LITE,88.40308
2014,SE_ADT_FUNS,New Zealand,16-65,BOTHSEX,LITE,87.93475
2014,SE_ADT_FUNS,New Zealand,16-65,FEMALE,NUME,78.59863
2014,SE_ADT_FUNS,New Zealand,16-65,MALE,NUME,82.93007
2014,SE_ADT_FUNS,New Zealand,16-65,BOTHSEX,NUME,80.68818
2012,SE_ADT_FUNS,Norway,16-65,FEMALE,LITE,87.33417
2012,SE_ADT_FUNS,Norway,16-65,BOTHSEX,LITE,87.45948
2012,SE_ADT_FUNS,Norway,16-65,BOTHSEX,NUME,85.09265
2012,SE_ADT_FUNS,Norway,16-65,MALE,NUME,87.18051
2012,SE_ADT_FUNS,Norway,16-65,MALE,LITE,87.57944
2012,SE_ADT_FUNS,Norway,16-65,FEMALE,NUME,82.91171
2012,SE_ADT_FUNS,Poland,16-65,BOTHSEX,NUME,76.52266
2012,SE_ADT_FUNS,Poland,16-65,MALE,LITE,78.65353
2012,SE_ADT_FUNS,Poland,16-65,MALE,NUME,76.15065
2012,SE_ADT_FUNS,Poland,16-65,FEMALE,NUME,76.88686
2012,SE_ADT_FUNS,Poland,16-65,BOTHSEX,LITE,81.23129
2012,SE_ADT_FUNS,Poland,16-65,FEMALE,LITE,83.75488
2012,SE_ADT_FUNS,Slovakia,16-65,FEMALE,LITE,88.60549
2012,SE_ADT_FUNS,Slovakia,16-65,BOTHSEX,NUME,86.1926
2012,SE_ADT_FUNS,Slovakia,16-65,MALE,NUME,86.15921
2012,SE_ADT_FUNS,Slovakia,16-65,FEMALE,NUME,86.22598
2012,SE_ADT_FUNS,Slovakia,16-65,MALE,LITE,88.07757
2012,SE_ADT_FUNS,Slovakia,16-65,BOTHSEX,LITE,88.34161
2012,SE_ADT_FUNS,Viet Nam,16-65,BOTHSEX,LITE,95.1204
2015,SE_ADT_FUNS,Slovenia,16-65,FEMALE,LITE,75.69128
2015,SE_ADT_FUNS,Slovenia,16-65,MALE,LITE,74.23351
2015,SE_ADT_FUNS,Slovenia,16-65,BOTHSEX,LITE,74.94328
2015,SE_ADT_FUNS,Slovenia,16-65,FEMALE,NUME,73.16682
2015,SE_ADT_FUNS,Slovenia,16-65,BOTHSEX,NUME,74.07999
2015,SE_ADT_FUNS,Slovenia,16-65,MALE,NUME,74.94648
2012,SE_ADT_FUNS,Spain,16-65,BOTHSEX,NUME,69.12069
2012,SE_ADT_FUNS,Spain,16-65,FEMALE,NUME,65.53658
2012,SE_ADT_FUNS,Spain,16-65,MALE,NUME,72.67068
2012,SE_ADT_FUNS,Spain,16-65,MALE,LITE,73.48657
2012,SE_ADT_FUNS,Spain,16-65,BOTHSEX,LITE,72.29756
2012,SE_ADT_FUNS,Spain,16-65,FEMALE,LITE,71.09713
2012,SE_ADT_FUNS,Sweden,16-65,FEMALE,NUME,83.01901
2012,SE_ADT_FUNS,Sweden,16-65,BOTHSEX,NUME,85.29655
2012,SE_ADT_FUNS,Sweden,16-65,MALE,NUME,87.50816
2012,SE_ADT_FUNS,Sweden,16-65,BOTHSEX,LITE,86.73268
2012,SE_ADT_FUNS,Sweden,16-65,MALE,LITE,87.42948
2012,SE_ADT_FUNS,Sweden,16-65,FEMALE,LITE,86.01511
2015,SE_ADT_FUNS,Türkiye,16-65,FEMALE,LITE,48.77636
2015,SE_ADT_FUNS,Türkiye,16-65,BOTHSEX,LITE,53.34858
2015,SE_ADT_FUNS,Türkiye,16-65,MALE,LITE,57.74121
2015,SE_ADT_FUNS,Türkiye,16-65,FEMALE,NUME,39.38448
2015,SE_ADT_FUNS,Türkiye,16-65,MALE,NUME,57.8292
2015,SE_ADT_FUNS,Türkiye,16-65,BOTHSEX,NUME,48.79158
2012,SE_ADT_FUNS,United Kingdom of Great Britain and Northern Ireland,16-65,MALE,NUME,78.57686
2012,SE_ADT_FUNS,United Kingdom of Great Britain and Northern Ireland,16-65,FEMALE,NUME,72.52913
2012,SE_ADT_FUNS,United Kingdom of Great Britain and Northern Ireland,16-65,BOTHSEX,NUME,75.54326
2012,SE_ADT_FUNS,United Kingdom of Great Britain and Northern Ireland,16-65,MALE,LITE,83.1486
2012,SE_ADT_FUNS,United Kingdom of Great Britain and Northern Ireland,16-65,BOTHSEX,LITE,83.40382
2012,SE_ADT_FUNS,United Kingdom of Great Britain and Northern Ireland,16-65,FEMALE,LITE,83.65742
2012,SE_ADT_FUNS,United Kingdom of Great Britain and Northern Ireland,16-65,FEMALE,LITE,83.65742
