Year,SeriesCode,GeoAreaName,Education level,Value
2017,SE_ACS_H2O,Albania,UPPSEC,57.7381
2018,SE_ACS_H2O,Albania,LOWSEC,68.84758
2018,SE_ACS_H2O,Albania,UPPSEC,63.23232
2018,SE_ACS_H2O,Albania,PRIMAR,54.98747
2019,SE_ACS_H2O,Albania,LOWSEC,72.97084
2019,SE_ACS_H2O,Albania,PRIMAR,53.36077
2019,SE_ACS_H2O,Albania,UPPSEC,65.99598
2020,SE_ACS_H2O,Albania,UPPSEC,85.42914
2020,SE_ACS_H2O,Albania,PRIMAR,59.72744
2020,SE_ACS_H2O,Albania,LOWSEC,82.16612
2021,SE_ACS_H2O,Albania,LOWSEC,72.35495
2015,SE_ACS_H2O,Portugal,UPPSEC,100.0
2016,SE_ACS_H2O,Portugal,LOWSEC,100.0
2016,SE_ACS_H2O,Portugal,UPPSEC,100.0
2016,SE_ACS_H2O,Portugal,PRIMAR,100.0
2017,SE_ACS_H2O,Portugal,LOWSEC,100.0
2017,SE_ACS_H2O,Portugal,UPPSEC,100.0
2018,SE_ACS_H2O,Portugal,UPPSEC,100.0
2018,SE_ACS_H2O,Portugal,LOWSEC,100.0
2018,SE_ACS_H2O,Portugal,PRIMAR,100.0
2014,SE_ACS_H2O,Slovakia,UPPSEC,100.0
2014,SE_ACS_H2O,Slovakia,PRIMAR,100.0
2014,SE_ACS_H2O,Slovakia,LOWSEC,100.0
2015,SE_ACS_H2O,Slovakia,LOWSEC,100.0
2015,SE_ACS_H2O,Slovakia,PRIMAR,100.0
2015,SE_ACS_H2O,Slovakia,UPPSEC,100.0
2016,SE_ACS_H2O,Slovakia,LOWSEC,100.0
2016,SE_ACS_H2O,Slovakia,UPPSEC,100.0
2016,SE_ACS_H2O,Slovakia,PRIMAR,100.0
2017,SE_ACS_H2O,Slovakia,LOWSEC,100.0
2017,SE_ACS_H2O,Slovakia,PRIMAR,100.0
2017,SE_ACS_H2O,Slovakia,UPPSEC,100.0
2018,SE_ACS_H2O,Slovakia,UPPSEC,100.0
2018,SE_ACS_H2O,Slovakia,PRIMAR,100.0
2018,SE_ACS_H2O,Slovakia,LOWSEC,100.0
2019,SE_ACS_H2O,Slovakia,LOWSEC,100.0
2019,SE_ACS_H2O,Slovakia,PRIMAR,100.0
2019,SE_ACS_H2O,Slovakia,UPPSEC,100.0
2020,SE_ACS_H2O,Slovakia,UPPSEC,100.0
2020,SE_ACS_H2O,Slovakia,PRIMAR,100.0
2020,SE_ACS_H2O,Slovakia,LOWSEC,100.0
2021,SE_ACS_H2O,Slovakia,UPPSEC,100.0
2021,SE_ACS_H2O,Slovakia,LOWSEC,100.0
2021,SE_ACS_H2O,Slovakia,PRIMAR,100.0
2019,SE_ACS_H2O,Viet Nam,PRIMAR,95.61483
2021,SE_ACS_H2O,Viet Nam,UPPSEC,37.43537
2021,SE_ACS_H2O,Viet Nam,LOWSEC,43.05723
2021,SE_ACS_H2O,Viet Nam,PRIMAR,50.45401
2000,SE_ACS_H2O,Slovenia,PRIMAR,100.0
2000,SE_ACS_H2O,Slovenia,LOWSEC,100.0
2001,SE_ACS_H2O,Slovenia,LOWSEC,100.0
2001,SE_ACS_H2O,Slovenia,PRIMAR,100.0
2002,SE_ACS_H2O,Slovenia,PRIMAR,100.0
2002,SE_ACS_H2O,Slovenia,LOWSEC,100.0
2003,SE_ACS_H2O,Slovenia,LOWSEC,100.0
2021,SE_ACS_H2O,Albania,PRIMAR,72.35495
2021,SE_ACS_H2O,Albania,UPPSEC,67.46988
2016,SE_ACS_H2O,Azerbaijan,LOWSEC,100.0
2016,SE_ACS_H2O,Azerbaijan,PRIMAR,100.0
2016,SE_ACS_H2O,Azerbaijan,UPPSEC,100.0
2017,SE_ACS_H2O,Azerbaijan,UPPSEC,100.0
2017,SE_ACS_H2O,Azerbaijan,PRIMAR,100.0
2017,SE_ACS_H2O,Azerbaijan,LOWSEC,100.0
2018,SE_ACS_H2O,Azerbaijan,LOWSEC,100.0
2018,SE_ACS_H2O,Azerbaijan,PRIMAR,100.0
2018,SE_ACS_H2O,Azerbaijan,UPPSEC,100.0
2003,SE_ACS_H2O,Slovenia,PRIMAR,100.0
2004,SE_ACS_H2O,Slovenia,PRIMAR,100.0
2004,SE_ACS_H2O,Slovenia,UPPSEC,100.0
2004,SE_ACS_H2O,Slovenia,LOWSEC,100.0
2005,SE_ACS_H2O,Slovenia,LOWSEC,100.0
2005,SE_ACS_H2O,Slovenia,UPPSEC,100.0
2005,SE_ACS_H2O,Slovenia,PRIMAR,100.0
2006,SE_ACS_H2O,Slovenia,PRIMAR,100.0
2006,SE_ACS_H2O,Slovenia,UPPSEC,100.0
2006,SE_ACS_H2O,Slovenia,LOWSEC,100.0
2007,SE_ACS_H2O,Slovenia,LOWSEC,100.0
2019,SE_ACS_H2O,Azerbaijan,UPPSEC,100.0
2019,SE_ACS_H2O,Azerbaijan,PRIMAR,100.0
2019,SE_ACS_H2O,Azerbaijan,LOWSEC,100.0
2020,SE_ACS_H2O,Azerbaijan,UPPSEC,100.0
2020,SE_ACS_H2O,Azerbaijan,LOWSEC,100.0
2020,SE_ACS_H2O,Azerbaijan,PRIMAR,100.0
2021,SE_ACS_H2O,Azerbaijan,UPPSEC,100.0
2021,SE_ACS_H2O,Azerbaijan,PRIMAR,100.0
2021,SE_ACS_H2O,Azerbaijan,LOWSEC,100.0
2000,SE_ACS_H2O,Australia,UPPSEC,100.0
2000,SE_ACS_H2O,Australia,PRIMAR,100.0
2007,SE_ACS_H2O,Slovenia,UPPSEC,100.0
2007,SE_ACS_H2O,Slovenia,PRIMAR,100.0
2008,SE_ACS_H2O,Slovenia,PRIMAR,100.0
2008,SE_ACS_H2O,Slovenia,UPPSEC,100.0
2008,SE_ACS_H2O,Slovenia,LOWSEC,100.0
2009,SE_ACS_H2O,Slovenia,LOWSEC,100.0
2009,SE_ACS_H2O,Slovenia,UPPSEC,100.0
2009,SE_ACS_H2O,Slovenia,PRIMAR,100.0
2010,SE_ACS_H2O,Slovenia,PRIMAR,100.0
2010,SE_ACS_H2O,Slovenia,UPPSEC,100.0
2010,SE_ACS_H2O,Slovenia,LOWSEC,100.0
2000,SE_ACS_H2O,Australia,LOWSEC,100.0
2001,SE_ACS_H2O,Australia,LOWSEC,100.0
2001,SE_ACS_H2O,Australia,PRIMAR,100.0
2001,SE_ACS_H2O,Australia,UPPSEC,100.0
2002,SE_ACS_H2O,Australia,UPPSEC,100.0
2002,SE_ACS_H2O,Australia,PRIMAR,100.0
2002,SE_ACS_H2O,Australia,LOWSEC,100.0
2003,SE_ACS_H2O,Australia,LOWSEC,100.0
2003,SE_ACS_H2O,Australia,PRIMAR,100.0
2003,SE_ACS_H2O,Australia,UPPSEC,100.0
2004,SE_ACS_H2O,Australia,PRIMAR,100.0
2011,SE_ACS_H2O,Slovenia,LOWSEC,100.0
2011,SE_ACS_H2O,Slovenia,UPPSEC,100.0
2011,SE_ACS_H2O,Slovenia,PRIMAR,100.0
2012,SE_ACS_H2O,Slovenia,PRIMAR,100.0
2012,SE_ACS_H2O,Slovenia,UPPSEC,100.0
2012,SE_ACS_H2O,Slovenia,LOWSEC,100.0
2013,SE_ACS_H2O,Slovenia,LOWSEC,100.0
2013,SE_ACS_H2O,Slovenia,UPPSEC,100.0
2013,SE_ACS_H2O,Slovenia,PRIMAR,100.0
2014,SE_ACS_H2O,Slovenia,PRIMAR,100.0
2014,SE_ACS_H2O,Slovenia,UPPSEC,100.0
2004,SE_ACS_H2O,Australia,UPPSEC,100.0
2004,SE_ACS_H2O,Australia,LOWSEC,100.0
2005,SE_ACS_H2O,Australia,LOWSEC,100.0
2005,SE_ACS_H2O,Australia,UPPSEC,100.0
2005,SE_ACS_H2O,Australia,PRIMAR,100.0
2006,SE_ACS_H2O,Australia,PRIMAR,100.0
2006,SE_ACS_H2O,Australia,UPPSEC,100.0
2006,SE_ACS_H2O,Australia,LOWSEC,100.0
2007,SE_ACS_H2O,Australia,LOWSEC,100.0
2007,SE_ACS_H2O,Australia,UPPSEC,100.0
2007,SE_ACS_H2O,Australia,PRIMAR,100.0
2014,SE_ACS_H2O,Slovenia,LOWSEC,100.0
2015,SE_ACS_H2O,Slovenia,LOWSEC,100.0
2015,SE_ACS_H2O,Slovenia,UPPSEC,100.0
2015,SE_ACS_H2O,Slovenia,PRIMAR,100.0
2016,SE_ACS_H2O,Slovenia,PRIMAR,100.0
2016,SE_ACS_H2O,Slovenia,UPPSEC,100.0
2016,SE_ACS_H2O,Slovenia,LOWSEC,100.0
2000,SE_ACS_H2O,Spain,LOWSEC,100.0
2000,SE_ACS_H2O,Spain,PRIMAR,100.0
2001,SE_ACS_H2O,Spain,PRIMAR,100.0
2001,SE_ACS_H2O,Spain,LOWSEC,100.0
2008,SE_ACS_H2O,Australia,PRIMAR,100.0
2008,SE_ACS_H2O,Australia,UPPSEC,100.0
2008,SE_ACS_H2O,Australia,LOWSEC,100.0
2009,SE_ACS_H2O,Australia,LOWSEC,100.0
2009,SE_ACS_H2O,Australia,UPPSEC,100.0
2009,SE_ACS_H2O,Australia,PRIMAR,100.0
2010,SE_ACS_H2O,Australia,PRIMAR,100.0
2010,SE_ACS_H2O,Australia,UPPSEC,100.0
2010,SE_ACS_H2O,Australia,LOWSEC,100.0
2011,SE_ACS_H2O,Australia,LOWSEC,100.0
2011,SE_ACS_H2O,Australia,UPPSEC,100.0
2002,SE_ACS_H2O,Spain,LOWSEC,100.0
2002,SE_ACS_H2O,Spain,PRIMAR,100.0
2003,SE_ACS_H2O,Spain,PRIMAR,100.0
2003,SE_ACS_H2O,Spain,LOWSEC,100.0
2004,SE_ACS_H2O,Spain,LOWSEC,100.0
2004,SE_ACS_H2O,Spain,PRIMAR,100.0
2005,SE_ACS_H2O,Spain,PRIMAR,100.0
2005,SE_ACS_H2O,Spain,LOWSEC,100.0
2006,SE_ACS_H2O,Spain,LOWSEC,100.0
2006,SE_ACS_H2O,Spain,PRIMAR,100.0
2007,SE_ACS_H2O,Spain,PRIMAR,100.0
2011,SE_ACS_H2O,Australia,PRIMAR,100.0
2012,SE_ACS_H2O,Australia,PRIMAR,100.0
2012,SE_ACS_H2O,Australia,UPPSEC,100.0
2012,SE_ACS_H2O,Australia,LOWSEC,100.0
2013,SE_ACS_H2O,Australia,LOWSEC,100.0
2013,SE_ACS_H2O,Australia,UPPSEC,100.0
2013,SE_ACS_H2O,Australia,PRIMAR,100.0
2014,SE_ACS_H2O,Australia,PRIMAR,100.0
2014,SE_ACS_H2O,Australia,UPPSEC,100.0
2014,SE_ACS_H2O,Australia,LOWSEC,100.0
2015,SE_ACS_H2O,Australia,LOWSEC,100.0
2007,SE_ACS_H2O,Spain,UPPSEC,100.0
2007,SE_ACS_H2O,Spain,LOWSEC,100.0
2008,SE_ACS_H2O,Spain,LOWSEC,100.0
2008,SE_ACS_H2O,Spain,UPPSEC,100.0
2008,SE_ACS_H2O,Spain,PRIMAR,100.0
2009,SE_ACS_H2O,Spain,PRIMAR,100.0
2009,SE_ACS_H2O,Spain,UPPSEC,100.0
2009,SE_ACS_H2O,Spain,LOWSEC,100.0
2010,SE_ACS_H2O,Spain,LOWSEC,100.0
2010,SE_ACS_H2O,Spain,UPPSEC,100.0
2010,SE_ACS_H2O,Spain,PRIMAR,100.0
2015,SE_ACS_H2O,Australia,UPPSEC,100.0
2015,SE_ACS_H2O,Australia,PRIMAR,100.0
2016,SE_ACS_H2O,Australia,PRIMAR,100.0
2016,SE_ACS_H2O,Australia,UPPSEC,100.0
2016,SE_ACS_H2O,Australia,LOWSEC,100.0
2019,SE_ACS_H2O,Armenia,UPPSEC,96.42185
2019,SE_ACS_H2O,Armenia,PRIMAR,99.84508
2019,SE_ACS_H2O,Armenia,LOWSEC,97.52896
2020,SE_ACS_H2O,Armenia,LOWSEC,97.97823
2020,SE_ACS_H2O,Armenia,PRIMAR,97.73967
2020,SE_ACS_H2O,Armenia,UPPSEC,96.42185
2011,SE_ACS_H2O,Spain,UPPSEC,100.0
2011,SE_ACS_H2O,Spain,LOWSEC,100.0
2011,SE_ACS_H2O,Spain,PRIMAR,100.0
2012,SE_ACS_H2O,Spain,LOWSEC,100.0
2012,SE_ACS_H2O,Spain,UPPSEC,100.0
2012,SE_ACS_H2O,Spain,PRIMAR,100.0
2013,SE_ACS_H2O,Spain,PRIMAR,100.0
2013,SE_ACS_H2O,Spain,UPPSEC,100.0
2013,SE_ACS_H2O,Spain,LOWSEC,100.0
2014,SE_ACS_H2O,Spain,LOWSEC,100.0
2014,SE_ACS_H2O,Spain,UPPSEC,100.0
2014,SE_ACS_H2O,Spain,PRIMAR,100.0
2015,SE_ACS_H2O,Spain,PRIMAR,100.0
2015,SE_ACS_H2O,Spain,UPPSEC,100.0
2015,SE_ACS_H2O,Spain,LOWSEC,100.0
2016,SE_ACS_H2O,Spain,UPPSEC,100.0
2016,SE_ACS_H2O,Spain,PRIMAR,100.0
2016,SE_ACS_H2O,Spain,LOWSEC,100.0
2017,SE_ACS_H2O,Spain,PRIMAR,100.0
2017,SE_ACS_H2O,Spain,UPPSEC,100.0
2017,SE_ACS_H2O,Spain,LOWSEC,100.0
2018,SE_ACS_H2O,Spain,LOWSEC,100.0
2018,SE_ACS_H2O,Spain,UPPSEC,100.0
2018,SE_ACS_H2O,Spain,PRIMAR,100.0
2019,SE_ACS_H2O,Spain,PRIMAR,100.0
2019,SE_ACS_H2O,Spain,UPPSEC,100.0
2019,SE_ACS_H2O,Spain,LOWSEC,100.0
2020,SE_ACS_H2O,Spain,LOWSEC,100.0
2020,SE_ACS_H2O,Spain,UPPSEC,100.0
2020,SE_ACS_H2O,Spain,PRIMAR,100.0
2021,SE_ACS_H2O,Spain,UPPSEC,100.0
2021,SE_ACS_H2O,Spain,LOWSEC,100.0
2021,SE_ACS_H2O,Spain,PRIMAR,100.0
2021,SE_ACS_H2O,Armenia,UPPSEC,96.42185
2021,SE_ACS_H2O,Armenia,PRIMAR,97.73967
2021,SE_ACS_H2O,Armenia,LOWSEC,97.97823
2003,SE_ACS_H2O,Belgium,UPPSEC,100.0
2003,SE_ACS_H2O,Belgium,LOWSEC,100.0
2003,SE_ACS_H2O,Belgium,PRIMAR,100.0
2004,SE_ACS_H2O,Belgium,PRIMAR,100.0
2004,SE_ACS_H2O,Belgium,LOWSEC,100.0
2004,SE_ACS_H2O,Belgium,UPPSEC,100.0
2005,SE_ACS_H2O,Belgium,UPPSEC,100.0
2005,SE_ACS_H2O,Belgium,LOWSEC,100.0
2005,SE_ACS_H2O,Belgium,PRIMAR,100.0
2006,SE_ACS_H2O,Belgium,PRIMAR,100.0
2006,SE_ACS_H2O,Belgium,LOWSEC,100.0
2006,SE_ACS_H2O,Belgium,UPPSEC,100.0
2007,SE_ACS_H2O,Belgium,UPPSEC,100.0
2007,SE_ACS_H2O,Belgium,LOWSEC,100.0
2007,SE_ACS_H2O,Belgium,PRIMAR,100.0
2008,SE_ACS_H2O,Belgium,PRIMAR,100.0
2008,SE_ACS_H2O,Belgium,LOWSEC,100.0
2008,SE_ACS_H2O,Belgium,UPPSEC,100.0
2009,SE_ACS_H2O,Belgium,UPPSEC,100.0
2009,SE_ACS_H2O,Belgium,LOWSEC,100.0
2009,SE_ACS_H2O,Belgium,PRIMAR,100.0
2010,SE_ACS_H2O,Belgium,PRIMAR,100.0
2010,SE_ACS_H2O,Belgium,LOWSEC,100.0
2010,SE_ACS_H2O,Belgium,UPPSEC,100.0
2011,SE_ACS_H2O,Belgium,UPPSEC,100.0
2011,SE_ACS_H2O,Belgium,LOWSEC,100.0
2011,SE_ACS_H2O,Belgium,PRIMAR,100.0
2012,SE_ACS_H2O,Belgium,PRIMAR,100.0
2012,SE_ACS_H2O,Belgium,LOWSEC,100.0
2012,SE_ACS_H2O,Belgium,UPPSEC,100.0
2013,SE_ACS_H2O,Belgium,UPPSEC,100.0
2013,SE_ACS_H2O,Belgium,LOWSEC,100.0
2013,SE_ACS_H2O,Belgium,PRIMAR,100.0
2014,SE_ACS_H2O,Belgium,PRIMAR,100.0
2014,SE_ACS_H2O,Belgium,LOWSEC,100.0
2014,SE_ACS_H2O,Belgium,UPPSEC,100.0
2015,SE_ACS_H2O,Belgium,UPPSEC,100.0
2015,SE_ACS_H2O,Belgium,LOWSEC,100.0
2015,SE_ACS_H2O,Belgium,PRIMAR,100.0
2016,SE_ACS_H2O,Belgium,PRIMAR,100.0
2016,SE_ACS_H2O,Belgium,LOWSEC,100.0
2011,SE_ACS_H2O,Switzerland,PRIMAR,100.0
2011,SE_ACS_H2O,Switzerland,LOWSEC,100.0
2011,SE_ACS_H2O,Switzerland,UPPSEC,100.0
2012,SE_ACS_H2O,Switzerland,UPPSEC,100.0
2012,SE_ACS_H2O,Switzerland,LOWSEC,100.0
2012,SE_ACS_H2O,Switzerland,PRIMAR,100.0
2013,SE_ACS_H2O,Switzerland,PRIMAR,100.0
2013,SE_ACS_H2O,Switzerland,LOWSEC,100.0
2013,SE_ACS_H2O,Switzerland,UPPSEC,100.0
2014,SE_ACS_H2O,Switzerland,UPPSEC,100.0
2014,SE_ACS_H2O,Switzerland,LOWSEC,100.0
2014,SE_ACS_H2O,Switzerland,PRIMAR,100.0
2015,SE_ACS_H2O,Switzerland,PRIMAR,100.0
2015,SE_ACS_H2O,Switzerland,LOWSEC,100.0
2015,SE_ACS_H2O,Switzerland,UPPSEC,100.0
2016,SE_ACS_H2O,Switzerland,UPPSEC,100.0
2016,SE_ACS_H2O,Switzerland,LOWSEC,100.0
2016,SE_ACS_H2O,Switzerland,PRIMAR,100.0
2016,SE_ACS_H2O,United Arab Emirates,PRIMAR,100.0
2016,SE_ACS_H2O,United Arab Emirates,LOWSEC,100.0
2016,SE_ACS_H2O,United Arab Emirates,UPPSEC,100.0
2017,SE_ACS_H2O,United Arab Emirates,PRIMAR,100.0
2016,SE_ACS_H2O,Belgium,UPPSEC,100.0
2017,SE_ACS_H2O,Belgium,UPPSEC,100.0
2017,SE_ACS_H2O,Belgium,LOWSEC,100.0
2017,SE_ACS_H2O,Belgium,PRIMAR,100.0
2018,SE_ACS_H2O,Belgium,PRIMAR,100.0
2018,SE_ACS_H2O,Belgium,LOWSEC,100.0
2018,SE_ACS_H2O,Belgium,UPPSEC,100.0
2016,SE_ACS_H2O,Belarus,UPPSEC,100.0
2016,SE_ACS_H2O,Belarus,LOWSEC,100.0
2016,SE_ACS_H2O,Belarus,PRIMAR,100.0
2017,SE_ACS_H2O,Belarus,PRIMAR,100.0
2017,SE_ACS_H2O,United Arab Emirates,UPPSEC,100.0
2017,SE_ACS_H2O,United Arab Emirates,LOWSEC,100.0
2019,SE_ACS_H2O,United Arab Emirates,PRIMAR,100.0
2019,SE_ACS_H2O,United Arab Emirates,LOWSEC,100.0
2019,SE_ACS_H2O,United Arab Emirates,UPPSEC,100.0
2020,SE_ACS_H2O,United Arab Emirates,LOWSEC,100.0
2020,SE_ACS_H2O,United Arab Emirates,UPPSEC,100.0
2020,SE_ACS_H2O,United Arab Emirates,PRIMAR,100.0
2022,SE_ACS_H2O,United Arab Emirates,PRIMAR,100.0
2022,SE_ACS_H2O,United Arab Emirates,LOWSEC,100.0
2022,SE_ACS_H2O,United Arab Emirates,UPPSEC,100.0
2017,SE_ACS_H2O,Belarus,LOWSEC,100.0
2017,SE_ACS_H2O,Belarus,UPPSEC,100.0
2018,SE_ACS_H2O,Belarus,UPPSEC,100.0
2018,SE_ACS_H2O,Belarus,LOWSEC,100.0
2018,SE_ACS_H2O,Belarus,PRIMAR,100.0
2019,SE_ACS_H2O,Belarus,PRIMAR,100.0
2019,SE_ACS_H2O,Belarus,LOWSEC,100.0
2019,SE_ACS_H2O,Belarus,UPPSEC,100.0
2020,SE_ACS_H2O,Belarus,UPPSEC,100.0
2020,SE_ACS_H2O,Belarus,LOWSEC,100.0
2020,SE_ACS_H2O,Belarus,PRIMAR,100.0
2019,SE_ACS_H2O,Turkmenistan,PRIMAR,100.0
2019,SE_ACS_H2O,Turkmenistan,UPPSEC,100.0
2019,SE_ACS_H2O,Turkmenistan,LOWSEC,100.0
2020,SE_ACS_H2O,Turkmenistan,LOWSEC,100.0
2020,SE_ACS_H2O,Turkmenistan,UPPSEC,100.0
2020,SE_ACS_H2O,Turkmenistan,PRIMAR,100.0
2021,SE_ACS_H2O,Turkmenistan,PRIMAR,100.0
2021,SE_ACS_H2O,Turkmenistan,UPPSEC,100.0
2021,SE_ACS_H2O,Turkmenistan,LOWSEC,100.0
2018,SE_ACS_H2O,Uzbekistan,LOWSEC,88.79621
2018,SE_ACS_H2O,Uzbekistan,PRIMAR,90.22784
2021,SE_ACS_H2O,Belarus,PRIMAR,100.0
2021,SE_ACS_H2O,Belarus,LOWSEC,100.0
2021,SE_ACS_H2O,Belarus,UPPSEC,100.0
2013,SE_ACS_H2O,Chile,PRIMAR,84.6976
2016,SE_ACS_H2O,China,PRIMAR,99.13292
2016,SE_ACS_H2O,China,UPPSEC,99.54788
2016,SE_ACS_H2O,China,LOWSEC,99.56493
2017,SE_ACS_H2O,China,UPPSEC,99.54688
2017,SE_ACS_H2O,China,PRIMAR,99.25352
2017,SE_ACS_H2O,China,LOWSEC,99.53759
2018,SE_ACS_H2O,China,PRIMAR,99.55931
2018,SE_ACS_H2O,China,UPPSEC,99.67803
2018,SE_ACS_H2O,China,LOWSEC,99.63387
2019,SE_ACS_H2O,China,LOWSEC,99.65373
2019,SE_ACS_H2O,China,UPPSEC,99.68706
2019,SE_ACS_H2O,China,PRIMAR,99.66381
2020,SE_ACS_H2O,China,PRIMAR,99.63409
2020,SE_ACS_H2O,China,UPPSEC,99.65477
2020,SE_ACS_H2O,China,LOWSEC,99.64896
2021,SE_ACS_H2O,China,LOWSEC,99.71404
2021,SE_ACS_H2O,China,UPPSEC,96.54801
2021,SE_ACS_H2O,China,PRIMAR,99.6335
2013,SE_ACS_H2O,Colombia,PRIMAR,68.86787
2013,SE_ACS_H2O,Costa Rica,PRIMAR,92.68274
2016,SE_ACS_H2O,Costa Rica,PRIMAR,85.0252
2016,SE_ACS_H2O,Costa Rica,LOWSEC,77.97903
2016,SE_ACS_H2O,Costa Rica,UPPSEC,78.08099
2017,SE_ACS_H2O,Costa Rica,UPPSEC,71.97563
2017,SE_ACS_H2O,Costa Rica,LOWSEC,71.90161
2017,SE_ACS_H2O,Costa Rica,PRIMAR,90.21081
2018,SE_ACS_H2O,Costa Rica,UPPSEC,76.88966
2018,SE_ACS_H2O,Costa Rica,PRIMAR,82.87491
2018,SE_ACS_H2O,Costa Rica,LOWSEC,77.11864
2019,SE_ACS_H2O,Costa Rica,UPPSEC,91.31915
2019,SE_ACS_H2O,Costa Rica,LOWSEC,92.22846
2019,SE_ACS_H2O,Costa Rica,PRIMAR,91.26965
2020,SE_ACS_H2O,Costa Rica,PRIMAR,93.03843
2020,SE_ACS_H2O,Costa Rica,LOWSEC,92.06349
2020,SE_ACS_H2O,Costa Rica,UPPSEC,91.27119
2001,SE_ACS_H2O,Denmark,PRIMAR,100.0
2001,SE_ACS_H2O,Denmark,LOWSEC,100.0
2002,SE_ACS_H2O,Denmark,LOWSEC,100.0
2002,SE_ACS_H2O,Denmark,PRIMAR,100.0
2003,SE_ACS_H2O,Denmark,PRIMAR,100.0
2003,SE_ACS_H2O,Denmark,LOWSEC,100.0
2004,SE_ACS_H2O,Denmark,LOWSEC,100.0
2004,SE_ACS_H2O,Denmark,PRIMAR,100.0
2005,SE_ACS_H2O,Denmark,PRIMAR,100.0
2005,SE_ACS_H2O,Denmark,LOWSEC,100.0
2006,SE_ACS_H2O,Denmark,LOWSEC,100.0
2006,SE_ACS_H2O,Denmark,PRIMAR,100.0
2007,SE_ACS_H2O,Denmark,PRIMAR,100.0
2007,SE_ACS_H2O,Denmark,LOWSEC,100.0
2008,SE_ACS_H2O,Denmark,LOWSEC,100.0
2008,SE_ACS_H2O,Denmark,PRIMAR,100.0
2009,SE_ACS_H2O,Denmark,LOWSEC,100.0
2009,SE_ACS_H2O,Denmark,PRIMAR,100.0
2010,SE_ACS_H2O,Denmark,LOWSEC,100.0
2010,SE_ACS_H2O,Denmark,PRIMAR,100.0
2011,SE_ACS_H2O,Denmark,PRIMAR,100.0
2011,SE_ACS_H2O,Denmark,LOWSEC,100.0
2012,SE_ACS_H2O,Denmark,LOWSEC,100.0
2012,SE_ACS_H2O,Denmark,PRIMAR,100.0
2013,SE_ACS_H2O,Denmark,PRIMAR,100.0
2013,SE_ACS_H2O,Denmark,LOWSEC,100.0
2014,SE_ACS_H2O,Denmark,LOWSEC,100.0
2014,SE_ACS_H2O,Denmark,PRIMAR,100.0
2015,SE_ACS_H2O,Denmark,PRIMAR,100.0
2015,SE_ACS_H2O,Denmark,UPPSEC,100.0
2015,SE_ACS_H2O,Denmark,LOWSEC,100.0
2016,SE_ACS_H2O,Denmark,PRIMAR,100.0
2016,SE_ACS_H2O,Denmark,LOWSEC,100.0
2000,SE_ACS_H2O,Estonia,PRIMAR,99.25706
2001,SE_ACS_H2O,Estonia,PRIMAR,99.21997
2002,SE_ACS_H2O,Estonia,PRIMAR,99.04
2003,SE_ACS_H2O,Estonia,PRIMAR,99.5122
2004,SE_ACS_H2O,Estonia,PRIMAR,98.82353
2005,SE_ACS_H2O,Estonia,PRIMAR,99.31624
2006,SE_ACS_H2O,Estonia,PRIMAR,99.12892
2007,SE_ACS_H2O,Estonia,PRIMAR,99.11348
2008,SE_ACS_H2O,Estonia,PRIMAR,99.45946
2009,SE_ACS_H2O,Estonia,PRIMAR,98.90511
2010,SE_ACS_H2O,Estonia,PRIMAR,100.0
2011,SE_ACS_H2O,Estonia,PRIMAR,99.62193
2012,SE_ACS_H2O,Estonia,PRIMAR,99.80695
2013,SE_ACS_H2O,Estonia,PRIMAR,99.23664
2000,SE_ACS_H2O,Finland,LOWSEC,100.0
2000,SE_ACS_H2O,Finland,UPPSEC,100.0
2000,SE_ACS_H2O,Finland,PRIMAR,100.0
2001,SE_ACS_H2O,Finland,PRIMAR,100.0
2001,SE_ACS_H2O,Finland,UPPSEC,100.0
2001,SE_ACS_H2O,Finland,LOWSEC,100.0
2002,SE_ACS_H2O,Finland,LOWSEC,100.0
2002,SE_ACS_H2O,Finland,UPPSEC,100.0
2002,SE_ACS_H2O,Finland,PRIMAR,100.0
2003,SE_ACS_H2O,Finland,PRIMAR,100.0
2003,SE_ACS_H2O,Finland,UPPSEC,100.0
2003,SE_ACS_H2O,Finland,LOWSEC,100.0
2004,SE_ACS_H2O,Finland,UPPSEC,100.0
2004,SE_ACS_H2O,Finland,PRIMAR,100.0
2004,SE_ACS_H2O,Finland,LOWSEC,100.0
2005,SE_ACS_H2O,Finland,PRIMAR,100.0
2005,SE_ACS_H2O,Finland,UPPSEC,100.0
2005,SE_ACS_H2O,Finland,LOWSEC,100.0
2006,SE_ACS_H2O,Finland,LOWSEC,100.0
2006,SE_ACS_H2O,Finland,UPPSEC,100.0
2006,SE_ACS_H2O,Finland,PRIMAR,100.0
2007,SE_ACS_H2O,Finland,PRIMAR,100.0
2007,SE_ACS_H2O,Finland,UPPSEC,100.0
2007,SE_ACS_H2O,Finland,LOWSEC,100.0
2008,SE_ACS_H2O,Finland,LOWSEC,100.0
2008,SE_ACS_H2O,Finland,UPPSEC,100.0
2008,SE_ACS_H2O,Finland,PRIMAR,100.0
2009,SE_ACS_H2O,Finland,UPPSEC,100.0
2009,SE_ACS_H2O,Finland,LOWSEC,100.0
2009,SE_ACS_H2O,Finland,PRIMAR,100.0
2010,SE_ACS_H2O,Finland,LOWSEC,100.0
2010,SE_ACS_H2O,Finland,UPPSEC,100.0
2010,SE_ACS_H2O,Finland,PRIMAR,100.0
2011,SE_ACS_H2O,Finland,PRIMAR,100.0
2011,SE_ACS_H2O,Finland,UPPSEC,100.0
2011,SE_ACS_H2O,Finland,LOWSEC,100.0
2012,SE_ACS_H2O,Finland,LOWSEC,100.0
2012,SE_ACS_H2O,Finland,UPPSEC,100.0
2012,SE_ACS_H2O,Finland,PRIMAR,100.0
2013,SE_ACS_H2O,Finland,PRIMAR,100.0
2013,SE_ACS_H2O,Finland,UPPSEC,100.0
2013,SE_ACS_H2O,Finland,LOWSEC,100.0
2014,SE_ACS_H2O,Finland,UPPSEC,100.0
2014,SE_ACS_H2O,Finland,PRIMAR,100.0
2014,SE_ACS_H2O,Finland,LOWSEC,100.0
2015,SE_ACS_H2O,Finland,PRIMAR,100.0
2015,SE_ACS_H2O,Finland,UPPSEC,100.0
2015,SE_ACS_H2O,Finland,LOWSEC,100.0
2016,SE_ACS_H2O,Finland,LOWSEC,100.0
2016,SE_ACS_H2O,Finland,UPPSEC,100.0
2016,SE_ACS_H2O,Finland,PRIMAR,100.0
2017,SE_ACS_H2O,Finland,PRIMAR,100.0
2017,SE_ACS_H2O,Finland,UPPSEC,100.0
2017,SE_ACS_H2O,Finland,LOWSEC,100.0
2018,SE_ACS_H2O,Finland,LOWSEC,100.0
2018,SE_ACS_H2O,Finland,UPPSEC,100.0
2018,SE_ACS_H2O,Finland,PRIMAR,100.0
2019,SE_ACS_H2O,Finland,UPPSEC,100.0
2019,SE_ACS_H2O,Finland,LOWSEC,100.0
2019,SE_ACS_H2O,Finland,PRIMAR,100.0
2000,SE_ACS_H2O,France,LOWSEC,100.0
2000,SE_ACS_H2O,France,UPPSEC,100.0
2001,SE_ACS_H2O,France,UPPSEC,100.0
2001,SE_ACS_H2O,France,PRIMAR,100.0
2001,SE_ACS_H2O,France,LOWSEC,100.0
2002,SE_ACS_H2O,France,LOWSEC,100.0
2002,SE_ACS_H2O,France,PRIMAR,100.0
2002,SE_ACS_H2O,France,UPPSEC,100.0
2003,SE_ACS_H2O,France,UPPSEC,100.0
2003,SE_ACS_H2O,France,PRIMAR,100.0
2003,SE_ACS_H2O,France,LOWSEC,100.0
2004,SE_ACS_H2O,France,UPPSEC,100.0
2004,SE_ACS_H2O,France,LOWSEC,100.0
2004,SE_ACS_H2O,France,PRIMAR,100.0
2005,SE_ACS_H2O,France,UPPSEC,100.0
2005,SE_ACS_H2O,France,PRIMAR,100.0
2005,SE_ACS_H2O,France,LOWSEC,100.0
2006,SE_ACS_H2O,France,LOWSEC,100.0
2006,SE_ACS_H2O,France,PRIMAR,100.0
2006,SE_ACS_H2O,France,UPPSEC,100.0
2007,SE_ACS_H2O,France,UPPSEC,100.0
2007,SE_ACS_H2O,France,PRIMAR,100.0
2007,SE_ACS_H2O,France,LOWSEC,100.0
2008,SE_ACS_H2O,France,LOWSEC,100.0
2008,SE_ACS_H2O,France,PRIMAR,100.0
2008,SE_ACS_H2O,France,UPPSEC,100.0
2009,SE_ACS_H2O,France,LOWSEC,100.0
2009,SE_ACS_H2O,France,UPPSEC,100.0
2009,SE_ACS_H2O,France,PRIMAR,100.0
2010,SE_ACS_H2O,France,LOWSEC,100.0
2010,SE_ACS_H2O,France,PRIMAR,100.0
2010,SE_ACS_H2O,France,UPPSEC,100.0
2011,SE_ACS_H2O,France,UPPSEC,100.0
2011,SE_ACS_H2O,France,PRIMAR,100.0
2011,SE_ACS_H2O,France,LOWSEC,100.0
2012,SE_ACS_H2O,France,LOWSEC,100.0
2012,SE_ACS_H2O,France,PRIMAR,100.0
2012,SE_ACS_H2O,France,UPPSEC,100.0
2013,SE_ACS_H2O,France,UPPSEC,100.0
2013,SE_ACS_H2O,France,PRIMAR,100.0
2013,SE_ACS_H2O,France,LOWSEC,100.0
2014,SE_ACS_H2O,France,UPPSEC,100.0
2014,SE_ACS_H2O,France,LOWSEC,100.0
2014,SE_ACS_H2O,France,PRIMAR,100.0
2015,SE_ACS_H2O,France,UPPSEC,100.0
2015,SE_ACS_H2O,France,PRIMAR,100.0
2015,SE_ACS_H2O,France,LOWSEC,100.0
2016,SE_ACS_H2O,France,LOWSEC,100.0
2016,SE_ACS_H2O,France,PRIMAR,100.0
2016,SE_ACS_H2O,France,UPPSEC,100.0
2017,SE_ACS_H2O,France,UPPSEC,100.0
2017,SE_ACS_H2O,France,PRIMAR,100.0
2017,SE_ACS_H2O,France,LOWSEC,100.0
2018,SE_ACS_H2O,France,LOWSEC,100.0
2018,SE_ACS_H2O,France,PRIMAR,100.0
2018,SE_ACS_H2O,France,UPPSEC,100.0
2019,SE_ACS_H2O,France,LOWSEC,100.0
2019,SE_ACS_H2O,France,UPPSEC,100.0
2019,SE_ACS_H2O,France,PRIMAR,100.0
2016,SE_ACS_H2O,Georgia,PRIMAR,100.0
2016,SE_ACS_H2O,Georgia,UPPSEC,100.0
2016,SE_ACS_H2O,Georgia,LOWSEC,100.0
2017,SE_ACS_H2O,Georgia,LOWSEC,100.0
2017,SE_ACS_H2O,Georgia,UPPSEC,100.0
2017,SE_ACS_H2O,Georgia,PRIMAR,99.74026
2018,SE_ACS_H2O,Georgia,PRIMAR,100.0
2018,SE_ACS_H2O,Georgia,UPPSEC,100.0
2018,SE_ACS_H2O,Georgia,LOWSEC,100.0
2019,SE_ACS_H2O,Georgia,LOWSEC,100.0
2019,SE_ACS_H2O,Georgia,UPPSEC,100.0
2019,SE_ACS_H2O,Georgia,PRIMAR,100.0
2020,SE_ACS_H2O,Georgia,PRIMAR,100.0
2020,SE_ACS_H2O,Georgia,UPPSEC,100.0
2020,SE_ACS_H2O,Georgia,LOWSEC,100.0
2021,SE_ACS_H2O,Georgia,LOWSEC,100.0
2021,SE_ACS_H2O,Georgia,UPPSEC,100.0
2021,SE_ACS_H2O,Georgia,PRIMAR,100.0
2000,SE_ACS_H2O,Germany,LOWSEC,100.0
2000,SE_ACS_H2O,Germany,PRIMAR,100.0
2000,SE_ACS_H2O,Germany,UPPSEC,100.0
2001,SE_ACS_H2O,Germany,UPPSEC,100.0
2001,SE_ACS_H2O,Germany,PRIMAR,100.0
2001,SE_ACS_H2O,Germany,LOWSEC,100.0
2002,SE_ACS_H2O,Germany,LOWSEC,100.0
2002,SE_ACS_H2O,Germany,PRIMAR,100.0
2002,SE_ACS_H2O,Germany,UPPSEC,100.0
2003,SE_ACS_H2O,Germany,UPPSEC,100.0
2003,SE_ACS_H2O,Germany,PRIMAR,100.0
2003,SE_ACS_H2O,Germany,LOWSEC,100.0
2004,SE_ACS_H2O,Germany,LOWSEC,100.0
2004,SE_ACS_H2O,Germany,PRIMAR,100.0
2004,SE_ACS_H2O,Germany,UPPSEC,100.0
2005,SE_ACS_H2O,Germany,UPPSEC,100.0
2005,SE_ACS_H2O,Germany,PRIMAR,100.0
2005,SE_ACS_H2O,Germany,LOWSEC,100.0
2006,SE_ACS_H2O,Germany,LOWSEC,100.0
2006,SE_ACS_H2O,Germany,PRIMAR,100.0
2006,SE_ACS_H2O,Germany,UPPSEC,100.0
2007,SE_ACS_H2O,Germany,UPPSEC,100.0
2007,SE_ACS_H2O,Germany,PRIMAR,100.0
2007,SE_ACS_H2O,Germany,LOWSEC,100.0
2008,SE_ACS_H2O,Germany,LOWSEC,100.0
2008,SE_ACS_H2O,Germany,PRIMAR,100.0
2008,SE_ACS_H2O,Germany,UPPSEC,100.0
2009,SE_ACS_H2O,Germany,UPPSEC,100.0
2009,SE_ACS_H2O,Germany,PRIMAR,100.0
2009,SE_ACS_H2O,Germany,LOWSEC,100.0
2010,SE_ACS_H2O,Germany,LOWSEC,100.0
2010,SE_ACS_H2O,Germany,PRIMAR,100.0
2010,SE_ACS_H2O,Germany,UPPSEC,100.0
2011,SE_ACS_H2O,Germany,UPPSEC,100.0
2011,SE_ACS_H2O,Germany,PRIMAR,100.0
2011,SE_ACS_H2O,Germany,LOWSEC,100.0
2012,SE_ACS_H2O,Germany,LOWSEC,100.0
2012,SE_ACS_H2O,Germany,PRIMAR,100.0
2012,SE_ACS_H2O,Germany,UPPSEC,100.0
2013,SE_ACS_H2O,Germany,UPPSEC,100.0
2013,SE_ACS_H2O,Germany,PRIMAR,100.0
2013,SE_ACS_H2O,Germany,LOWSEC,100.0
2014,SE_ACS_H2O,Germany,LOWSEC,100.0
2014,SE_ACS_H2O,Germany,PRIMAR,100.0
2014,SE_ACS_H2O,Germany,UPPSEC,100.0
2015,SE_ACS_H2O,Germany,UPPSEC,100.0
2015,SE_ACS_H2O,Germany,PRIMAR,100.0
2015,SE_ACS_H2O,Germany,LOWSEC,100.0
2016,SE_ACS_H2O,Germany,LOWSEC,100.0
2016,SE_ACS_H2O,Germany,PRIMAR,100.0
2016,SE_ACS_H2O,Germany,UPPSEC,100.0
2017,SE_ACS_H2O,Germany,UPPSEC,100.0
2017,SE_ACS_H2O,Germany,PRIMAR,100.0
2017,SE_ACS_H2O,Germany,LOWSEC,100.0
2018,SE_ACS_H2O,Germany,LOWSEC,100.0
2018,SE_ACS_H2O,Germany,PRIMAR,100.0
2018,SE_ACS_H2O,Germany,UPPSEC,100.0
2019,SE_ACS_H2O,Germany,UPPSEC,100.0
2019,SE_ACS_H2O,Germany,PRIMAR,100.0
2019,SE_ACS_H2O,Germany,LOWSEC,100.0
2000,SE_ACS_H2O,Hungary,PRIMAR,100.0
2000,SE_ACS_H2O,Hungary,LOWSEC,100.0
2000,SE_ACS_H2O,Hungary,UPPSEC,100.0
2001,SE_ACS_H2O,Hungary,UPPSEC,100.0
2001,SE_ACS_H2O,Hungary,LOWSEC,100.0
2001,SE_ACS_H2O,Hungary,PRIMAR,100.0
2002,SE_ACS_H2O,Hungary,PRIMAR,100.0
2002,SE_ACS_H2O,Hungary,LOWSEC,100.0
2002,SE_ACS_H2O,Hungary,UPPSEC,100.0
2003,SE_ACS_H2O,Hungary,UPPSEC,100.0
2003,SE_ACS_H2O,Hungary,LOWSEC,100.0
2003,SE_ACS_H2O,Hungary,PRIMAR,100.0
2004,SE_ACS_H2O,Hungary,PRIMAR,100.0
2004,SE_ACS_H2O,Hungary,LOWSEC,100.0
2004,SE_ACS_H2O,Hungary,UPPSEC,100.0
2005,SE_ACS_H2O,Hungary,UPPSEC,100.0
2005,SE_ACS_H2O,Hungary,LOWSEC,100.0
2005,SE_ACS_H2O,Hungary,PRIMAR,100.0
2006,SE_ACS_H2O,Hungary,PRIMAR,100.0
2006,SE_ACS_H2O,Hungary,LOWSEC,100.0
2006,SE_ACS_H2O,Hungary,UPPSEC,100.0
2007,SE_ACS_H2O,Hungary,UPPSEC,100.0
2007,SE_ACS_H2O,Hungary,LOWSEC,100.0
2007,SE_ACS_H2O,Hungary,PRIMAR,100.0
2008,SE_ACS_H2O,Hungary,PRIMAR,100.0
2008,SE_ACS_H2O,Hungary,LOWSEC,100.0
2008,SE_ACS_H2O,Hungary,UPPSEC,100.0
2009,SE_ACS_H2O,Hungary,UPPSEC,100.0
2009,SE_ACS_H2O,Hungary,LOWSEC,100.0
2009,SE_ACS_H2O,Hungary,PRIMAR,100.0
2010,SE_ACS_H2O,Hungary,PRIMAR,100.0
2010,SE_ACS_H2O,Hungary,LOWSEC,100.0
2010,SE_ACS_H2O,Hungary,UPPSEC,100.0
2011,SE_ACS_H2O,Hungary,UPPSEC,100.0
2011,SE_ACS_H2O,Hungary,LOWSEC,100.0
2011,SE_ACS_H2O,Hungary,PRIMAR,100.0
2012,SE_ACS_H2O,Hungary,PRIMAR,100.0
2012,SE_ACS_H2O,Hungary,LOWSEC,100.0
2012,SE_ACS_H2O,Hungary,UPPSEC,100.0
2013,SE_ACS_H2O,Hungary,UPPSEC,100.0
2013,SE_ACS_H2O,Hungary,LOWSEC,100.0
2013,SE_ACS_H2O,Hungary,PRIMAR,100.0
2014,SE_ACS_H2O,Hungary,PRIMAR,100.0
2014,SE_ACS_H2O,Hungary,LOWSEC,100.0
2014,SE_ACS_H2O,Hungary,UPPSEC,100.0
2015,SE_ACS_H2O,Hungary,UPPSEC,100.0
2015,SE_ACS_H2O,Hungary,LOWSEC,100.0
2015,SE_ACS_H2O,Hungary,PRIMAR,100.0
2016,SE_ACS_H2O,Hungary,PRIMAR,100.0
2016,SE_ACS_H2O,Hungary,LOWSEC,100.0
2016,SE_ACS_H2O,Hungary,UPPSEC,100.0
2019,SE_ACS_H2O,Hungary,UPPSEC,77.37327
2019,SE_ACS_H2O,Hungary,LOWSEC,100.0
2019,SE_ACS_H2O,Hungary,PRIMAR,87.88233
2016,SE_ACS_H2O,India,PRIMAR,83.9422
2016,SE_ACS_H2O,India,LOWSEC,88.88256
2016,SE_ACS_H2O,India,UPPSEC,91.63996
2017,SE_ACS_H2O,India,UPPSEC,91.14135
2017,SE_ACS_H2O,India,LOWSEC,87.59739
2017,SE_ACS_H2O,India,PRIMAR,80.92738
2019,SE_ACS_H2O,India,UPPSEC,97.61792
2019,SE_ACS_H2O,India,PRIMAR,94.4617
2019,SE_ACS_H2O,India,LOWSEC,96.76724
2020,SE_ACS_H2O,India,UPPSEC,96.05396
2020,SE_ACS_H2O,India,LOWSEC,94.42908
2020,SE_ACS_H2O,India,PRIMAR,92.55959
2021,SE_ACS_H2O,India,PRIMAR,96.41803
2021,SE_ACS_H2O,India,LOWSEC,98.34194
2021,SE_ACS_H2O,India,UPPSEC,98.85029
2022,SE_ACS_H2O,India,UPPSEC,99.25798
2022,SE_ACS_H2O,India,LOWSEC,98.65054
2022,SE_ACS_H2O,India,PRIMAR,97.5816
2000,SE_ACS_H2O,Israel,LOWSEC,100.0
2000,SE_ACS_H2O,Israel,PRIMAR,100.0
2000,SE_ACS_H2O,Israel,UPPSEC,100.0
2001,SE_ACS_H2O,Israel,UPPSEC,100.0
2001,SE_ACS_H2O,Israel,PRIMAR,100.0
2001,SE_ACS_H2O,Israel,LOWSEC,100.0
2002,SE_ACS_H2O,Israel,UPPSEC,100.0
2002,SE_ACS_H2O,Israel,LOWSEC,100.0
2002,SE_ACS_H2O,Israel,PRIMAR,100.0
2003,SE_ACS_H2O,Israel,UPPSEC,100.0
2003,SE_ACS_H2O,Israel,PRIMAR,100.0
2003,SE_ACS_H2O,Israel,LOWSEC,100.0
2004,SE_ACS_H2O,Israel,LOWSEC,100.0
2004,SE_ACS_H2O,Israel,PRIMAR,100.0
2004,SE_ACS_H2O,Israel,UPPSEC,100.0
2005,SE_ACS_H2O,Israel,UPPSEC,100.0
2005,SE_ACS_H2O,Israel,PRIMAR,100.0
2005,SE_ACS_H2O,Israel,LOWSEC,100.0
2006,SE_ACS_H2O,Israel,LOWSEC,100.0
2006,SE_ACS_H2O,Israel,PRIMAR,100.0
2006,SE_ACS_H2O,Israel,UPPSEC,100.0
2007,SE_ACS_H2O,Israel,LOWSEC,100.0
2007,SE_ACS_H2O,Israel,UPPSEC,100.0
2007,SE_ACS_H2O,Israel,PRIMAR,100.0
2008,SE_ACS_H2O,Israel,LOWSEC,100.0
2008,SE_ACS_H2O,Israel,PRIMAR,100.0
2008,SE_ACS_H2O,Israel,UPPSEC,100.0
2009,SE_ACS_H2O,Israel,UPPSEC,100.0
2009,SE_ACS_H2O,Israel,PRIMAR,100.0
2009,SE_ACS_H2O,Israel,LOWSEC,100.0
2010,SE_ACS_H2O,Israel,LOWSEC,100.0
2010,SE_ACS_H2O,Israel,PRIMAR,100.0
2010,SE_ACS_H2O,Israel,UPPSEC,100.0
2011,SE_ACS_H2O,Israel,UPPSEC,100.0
2011,SE_ACS_H2O,Israel,PRIMAR,100.0
2011,SE_ACS_H2O,Israel,LOWSEC,100.0
2012,SE_ACS_H2O,Israel,UPPSEC,100.0
2012,SE_ACS_H2O,Israel,LOWSEC,100.0
2012,SE_ACS_H2O,Israel,PRIMAR,100.0
2013,SE_ACS_H2O,Israel,UPPSEC,100.0
2013,SE_ACS_H2O,Israel,PRIMAR,100.0
2013,SE_ACS_H2O,Israel,LOWSEC,100.0
2014,SE_ACS_H2O,Israel,LOWSEC,100.0
2014,SE_ACS_H2O,Israel,PRIMAR,100.0
2014,SE_ACS_H2O,Israel,UPPSEC,100.0
2015,SE_ACS_H2O,Israel,UPPSEC,100.0
2015,SE_ACS_H2O,Israel,PRIMAR,100.0
2015,SE_ACS_H2O,Israel,LOWSEC,100.0
2016,SE_ACS_H2O,Israel,LOWSEC,100.0
2016,SE_ACS_H2O,Israel,PRIMAR,100.0
2016,SE_ACS_H2O,Israel,UPPSEC,100.0
2000,SE_ACS_H2O,Italy,UPPSEC,100.0
2000,SE_ACS_H2O,Italy,PRIMAR,100.0
2000,SE_ACS_H2O,Italy,LOWSEC,100.0
2001,SE_ACS_H2O,Italy,UPPSEC,100.0
2001,SE_ACS_H2O,Italy,LOWSEC,100.0
2001,SE_ACS_H2O,Italy,PRIMAR,100.0
2002,SE_ACS_H2O,Italy,PRIMAR,100.0
2002,SE_ACS_H2O,Italy,LOWSEC,100.0
2002,SE_ACS_H2O,Italy,UPPSEC,100.0
2003,SE_ACS_H2O,Italy,UPPSEC,100.0
2003,SE_ACS_H2O,Italy,LOWSEC,100.0
2003,SE_ACS_H2O,Italy,PRIMAR,100.0
2004,SE_ACS_H2O,Italy,PRIMAR,100.0
2004,SE_ACS_H2O,Italy,LOWSEC,100.0
2004,SE_ACS_H2O,Italy,UPPSEC,100.0
2005,SE_ACS_H2O,Italy,PRIMAR,100.0
2005,SE_ACS_H2O,Italy,UPPSEC,100.0
2005,SE_ACS_H2O,Italy,LOWSEC,100.0
2006,SE_ACS_H2O,Italy,PRIMAR,100.0
2006,SE_ACS_H2O,Italy,LOWSEC,100.0
2006,SE_ACS_H2O,Italy,UPPSEC,100.0
2007,SE_ACS_H2O,Italy,UPPSEC,100.0
2007,SE_ACS_H2O,Italy,LOWSEC,100.0
2007,SE_ACS_H2O,Italy,PRIMAR,100.0
2008,SE_ACS_H2O,Italy,PRIMAR,100.0
2008,SE_ACS_H2O,Italy,LOWSEC,100.0
2008,SE_ACS_H2O,Italy,UPPSEC,100.0
2009,SE_ACS_H2O,Italy,UPPSEC,100.0
2009,SE_ACS_H2O,Italy,LOWSEC,100.0
2009,SE_ACS_H2O,Italy,PRIMAR,100.0
2010,SE_ACS_H2O,Italy,UPPSEC,100.0
2010,SE_ACS_H2O,Italy,PRIMAR,100.0
2010,SE_ACS_H2O,Italy,LOWSEC,100.0
2011,SE_ACS_H2O,Italy,UPPSEC,100.0
2011,SE_ACS_H2O,Italy,LOWSEC,100.0
2011,SE_ACS_H2O,Italy,PRIMAR,100.0
2012,SE_ACS_H2O,Italy,PRIMAR,100.0
2012,SE_ACS_H2O,Italy,LOWSEC,100.0
2012,SE_ACS_H2O,Italy,UPPSEC,100.0
2013,SE_ACS_H2O,Italy,UPPSEC,100.0
2013,SE_ACS_H2O,Italy,LOWSEC,100.0
2013,SE_ACS_H2O,Italy,PRIMAR,100.0
2014,SE_ACS_H2O,Italy,PRIMAR,100.0
2014,SE_ACS_H2O,Italy,LOWSEC,100.0
2014,SE_ACS_H2O,Italy,UPPSEC,100.0
2015,SE_ACS_H2O,Italy,PRIMAR,100.0
2015,SE_ACS_H2O,Italy,UPPSEC,100.0
2015,SE_ACS_H2O,Italy,LOWSEC,100.0
2016,SE_ACS_H2O,Italy,PRIMAR,100.0
2016,SE_ACS_H2O,Italy,LOWSEC,100.0
2016,SE_ACS_H2O,Italy,UPPSEC,100.0
2000,SE_ACS_H2O,Republic of Korea,PRIMAR,100.0
2000,SE_ACS_H2O,Republic of Korea,LOWSEC,100.0
2000,SE_ACS_H2O,Republic of Korea,UPPSEC,100.0
2001,SE_ACS_H2O,Republic of Korea,UPPSEC,100.0
2001,SE_ACS_H2O,Republic of Korea,LOWSEC,100.0
2001,SE_ACS_H2O,Republic of Korea,PRIMAR,100.0
2002,SE_ACS_H2O,Republic of Korea,PRIMAR,100.0
2002,SE_ACS_H2O,Republic of Korea,LOWSEC,100.0
2002,SE_ACS_H2O,Republic of Korea,UPPSEC,100.0
2003,SE_ACS_H2O,Republic of Korea,UPPSEC,100.0
2003,SE_ACS_H2O,Republic of Korea,LOWSEC,100.0
2003,SE_ACS_H2O,Republic of Korea,PRIMAR,100.0
2004,SE_ACS_H2O,Republic of Korea,PRIMAR,100.0
2004,SE_ACS_H2O,Republic of Korea,LOWSEC,100.0
2004,SE_ACS_H2O,Republic of Korea,UPPSEC,100.0
2005,SE_ACS_H2O,Republic of Korea,UPPSEC,100.0
2005,SE_ACS_H2O,Republic of Korea,LOWSEC,100.0
2005,SE_ACS_H2O,Republic of Korea,PRIMAR,100.0
2006,SE_ACS_H2O,Republic of Korea,PRIMAR,100.0
2006,SE_ACS_H2O,Republic of Korea,LOWSEC,100.0
2006,SE_ACS_H2O,Republic of Korea,UPPSEC,100.0
2007,SE_ACS_H2O,Republic of Korea,UPPSEC,100.0
2007,SE_ACS_H2O,Republic of Korea,LOWSEC,100.0
2007,SE_ACS_H2O,Republic of Korea,PRIMAR,100.0
2008,SE_ACS_H2O,Republic of Korea,PRIMAR,100.0
2008,SE_ACS_H2O,Republic of Korea,LOWSEC,100.0
2008,SE_ACS_H2O,Republic of Korea,UPPSEC,100.0
2009,SE_ACS_H2O,Republic of Korea,UPPSEC,100.0
2009,SE_ACS_H2O,Republic of Korea,LOWSEC,100.0
2009,SE_ACS_H2O,Republic of Korea,PRIMAR,100.0
2010,SE_ACS_H2O,Republic of Korea,PRIMAR,100.0
2010,SE_ACS_H2O,Republic of Korea,LOWSEC,100.0
2010,SE_ACS_H2O,Republic of Korea,UPPSEC,100.0
2011,SE_ACS_H2O,Republic of Korea,UPPSEC,100.0
2011,SE_ACS_H2O,Republic of Korea,LOWSEC,100.0
2011,SE_ACS_H2O,Republic of Korea,PRIMAR,100.0
2012,SE_ACS_H2O,Republic of Korea,PRIMAR,100.0
2012,SE_ACS_H2O,Republic of Korea,LOWSEC,100.0
2012,SE_ACS_H2O,Republic of Korea,UPPSEC,100.0
2013,SE_ACS_H2O,Republic of Korea,UPPSEC,100.0
2013,SE_ACS_H2O,Republic of Korea,LOWSEC,100.0
2013,SE_ACS_H2O,Republic of Korea,PRIMAR,100.0
2014,SE_ACS_H2O,Republic of Korea,PRIMAR,100.0
2014,SE_ACS_H2O,Republic of Korea,LOWSEC,100.0
2014,SE_ACS_H2O,Republic of Korea,UPPSEC,100.0
2015,SE_ACS_H2O,Republic of Korea,UPPSEC,100.0
2015,SE_ACS_H2O,Republic of Korea,LOWSEC,100.0
2015,SE_ACS_H2O,Republic of Korea,PRIMAR,100.0
2016,SE_ACS_H2O,Republic of Korea,PRIMAR,100.0
2016,SE_ACS_H2O,Republic of Korea,LOWSEC,100.0
2016,SE_ACS_H2O,Republic of Korea,UPPSEC,100.0
2017,SE_ACS_H2O,Republic of Korea,UPPSEC,100.0
2017,SE_ACS_H2O,Republic of Korea,LOWSEC,100.0
2017,SE_ACS_H2O,Republic of Korea,PRIMAR,100.0
2018,SE_ACS_H2O,Republic of Korea,PRIMAR,100.0
2018,SE_ACS_H2O,Republic of Korea,LOWSEC,100.0
2018,SE_ACS_H2O,Republic of Korea,UPPSEC,100.0
2019,SE_ACS_H2O,Republic of Korea,UPPSEC,100.0
2019,SE_ACS_H2O,Republic of Korea,LOWSEC,100.0
2019,SE_ACS_H2O,Republic of Korea,PRIMAR,100.0
2020,SE_ACS_H2O,Republic of Korea,PRIMAR,100.0
2020,SE_ACS_H2O,Republic of Korea,LOWSEC,100.0
2020,SE_ACS_H2O,Republic of Korea,UPPSEC,100.0
2016,SE_ACS_H2O,Latvia,UPPSEC,100.0
2016,SE_ACS_H2O,Latvia,PRIMAR,100.0
2016,SE_ACS_H2O,Latvia,LOWSEC,100.0
2020,SE_ACS_H2O,Lithuania,UPPSEC,100.0
2020,SE_ACS_H2O,Lithuania,PRIMAR,100.0
2020,SE_ACS_H2O,Lithuania,LOWSEC,100.0
2013,SE_ACS_H2O,Mexico,PRIMAR,76.15623
2016,SE_ACS_H2O,Mexico,UPPSEC,49.04111
2016,SE_ACS_H2O,Republic of Moldova,PRIMAR,100.0
2016,SE_ACS_H2O,Republic of Moldova,UPPSEC,100.0
2016,SE_ACS_H2O,Republic of Moldova,LOWSEC,100.0
2017,SE_ACS_H2O,Republic of Moldova,LOWSEC,100.0
2017,SE_ACS_H2O,Republic of Moldova,UPPSEC,100.0
2017,SE_ACS_H2O,Republic of Moldova,PRIMAR,100.0
2018,SE_ACS_H2O,Republic of Moldova,PRIMAR,100.0
2018,SE_ACS_H2O,Republic of Moldova,UPPSEC,100.0
2018,SE_ACS_H2O,Republic of Moldova,LOWSEC,100.0
2019,SE_ACS_H2O,Republic of Moldova,LOWSEC,100.0
2019,SE_ACS_H2O,Republic of Moldova,UPPSEC,100.0
2019,SE_ACS_H2O,Republic of Moldova,PRIMAR,100.0
2000,SE_ACS_H2O,Netherlands (Kingdom of the),LOWSEC,100.0
2000,SE_ACS_H2O,Netherlands (Kingdom of the),UPPSEC,100.0
2000,SE_ACS_H2O,Netherlands (Kingdom of the),PRIMAR,100.0
2001,SE_ACS_H2O,Netherlands (Kingdom of the),PRIMAR,100.0
2001,SE_ACS_H2O,Netherlands (Kingdom of the),UPPSEC,100.0
2001,SE_ACS_H2O,Netherlands (Kingdom of the),LOWSEC,100.0
2002,SE_ACS_H2O,Netherlands (Kingdom of the),PRIMAR,100.0
2002,SE_ACS_H2O,Netherlands (Kingdom of the),LOWSEC,100.0
2002,SE_ACS_H2O,Netherlands (Kingdom of the),UPPSEC,100.0
2003,SE_ACS_H2O,Netherlands (Kingdom of the),PRIMAR,100.0
2003,SE_ACS_H2O,Netherlands (Kingdom of the),UPPSEC,100.0
2003,SE_ACS_H2O,Netherlands (Kingdom of the),LOWSEC,100.0
2004,SE_ACS_H2O,Netherlands (Kingdom of the),LOWSEC,100.0
2004,SE_ACS_H2O,Netherlands (Kingdom of the),UPPSEC,100.0
2004,SE_ACS_H2O,Netherlands (Kingdom of the),PRIMAR,100.0
2005,SE_ACS_H2O,Netherlands (Kingdom of the),PRIMAR,100.0
2005,SE_ACS_H2O,Netherlands (Kingdom of the),UPPSEC,100.0
2005,SE_ACS_H2O,Netherlands (Kingdom of the),LOWSEC,100.0
2006,SE_ACS_H2O,Netherlands (Kingdom of the),LOWSEC,100.0
2006,SE_ACS_H2O,Netherlands (Kingdom of the),UPPSEC,100.0
2006,SE_ACS_H2O,Netherlands (Kingdom of the),PRIMAR,100.0
2007,SE_ACS_H2O,Netherlands (Kingdom of the),UPPSEC,100.0
2007,SE_ACS_H2O,Netherlands (Kingdom of the),LOWSEC,100.0
2007,SE_ACS_H2O,Netherlands (Kingdom of the),PRIMAR,100.0
2008,SE_ACS_H2O,Netherlands (Kingdom of the),LOWSEC,100.0
2008,SE_ACS_H2O,Netherlands (Kingdom of the),UPPSEC,100.0
2008,SE_ACS_H2O,Netherlands (Kingdom of the),PRIMAR,100.0
2009,SE_ACS_H2O,Netherlands (Kingdom of the),PRIMAR,100.0
2009,SE_ACS_H2O,Netherlands (Kingdom of the),UPPSEC,100.0
2009,SE_ACS_H2O,Netherlands (Kingdom of the),LOWSEC,100.0
2010,SE_ACS_H2O,Netherlands (Kingdom of the),LOWSEC,100.0
2010,SE_ACS_H2O,Netherlands (Kingdom of the),UPPSEC,100.0
2010,SE_ACS_H2O,Netherlands (Kingdom of the),PRIMAR,100.0
2011,SE_ACS_H2O,Netherlands (Kingdom of the),PRIMAR,100.0
2011,SE_ACS_H2O,Netherlands (Kingdom of the),UPPSEC,100.0
2011,SE_ACS_H2O,Netherlands (Kingdom of the),LOWSEC,100.0
2012,SE_ACS_H2O,Netherlands (Kingdom of the),LOWSEC,100.0
2012,SE_ACS_H2O,Netherlands (Kingdom of the),UPPSEC,100.0
2012,SE_ACS_H2O,Netherlands (Kingdom of the),PRIMAR,100.0
2013,SE_ACS_H2O,Netherlands (Kingdom of the),PRIMAR,100.0
2013,SE_ACS_H2O,Netherlands (Kingdom of the),UPPSEC,100.0
2013,SE_ACS_H2O,Netherlands (Kingdom of the),LOWSEC,100.0
2014,SE_ACS_H2O,Netherlands (Kingdom of the),LOWSEC,100.0
2014,SE_ACS_H2O,Netherlands (Kingdom of the),PRIMAR,100.0
2014,SE_ACS_H2O,Netherlands (Kingdom of the),UPPSEC,100.0
2015,SE_ACS_H2O,Netherlands (Kingdom of the),UPPSEC,100.0
2015,SE_ACS_H2O,Netherlands (Kingdom of the),PRIMAR,100.0
2015,SE_ACS_H2O,Netherlands (Kingdom of the),LOWSEC,100.0
2016,SE_ACS_H2O,Netherlands (Kingdom of the),PRIMAR,100.0
2016,SE_ACS_H2O,Netherlands (Kingdom of the),LOWSEC,100.0
2016,SE_ACS_H2O,Netherlands (Kingdom of the),UPPSEC,100.0
2017,SE_ACS_H2O,Netherlands (Kingdom of the),PRIMAR,100.0
2017,SE_ACS_H2O,Netherlands (Kingdom of the),UPPSEC,100.0
2017,SE_ACS_H2O,Netherlands (Kingdom of the),LOWSEC,100.0
2018,SE_ACS_H2O,Netherlands (Kingdom of the),LOWSEC,100.0
2018,SE_ACS_H2O,Netherlands (Kingdom of the),UPPSEC,100.0
2018,SE_ACS_H2O,Netherlands (Kingdom of the),PRIMAR,100.0
2019,SE_ACS_H2O,Netherlands (Kingdom of the),PRIMAR,100.0
2019,SE_ACS_H2O,Netherlands (Kingdom of the),UPPSEC,100.0
2019,SE_ACS_H2O,Netherlands (Kingdom of the),LOWSEC,100.0
2000,SE_ACS_H2O,Norway,PRIMAR,100.0
2000,SE_ACS_H2O,Norway,LOWSEC,100.0
2001,SE_ACS_H2O,Norway,LOWSEC,100.0
2001,SE_ACS_H2O,Norway,PRIMAR,100.0
2002,SE_ACS_H2O,Norway,PRIMAR,100.0
2002,SE_ACS_H2O,Norway,LOWSEC,100.0
2003,SE_ACS_H2O,Norway,LOWSEC,100.0
2003,SE_ACS_H2O,Norway,PRIMAR,100.0
2004,SE_ACS_H2O,Norway,PRIMAR,100.0
2004,SE_ACS_H2O,Norway,LOWSEC,100.0
2005,SE_ACS_H2O,Norway,LOWSEC,100.0
2005,SE_ACS_H2O,Norway,PRIMAR,100.0
2006,SE_ACS_H2O,Norway,PRIMAR,100.0
2006,SE_ACS_H2O,Norway,LOWSEC,100.0
2007,SE_ACS_H2O,Norway,LOWSEC,100.0
2007,SE_ACS_H2O,Norway,PRIMAR,100.0
2008,SE_ACS_H2O,Norway,PRIMAR,100.0
2008,SE_ACS_H2O,Norway,UPPSEC,100.0
2008,SE_ACS_H2O,Norway,LOWSEC,100.0
2009,SE_ACS_H2O,Norway,LOWSEC,100.0
2009,SE_ACS_H2O,Norway,UPPSEC,100.0
2009,SE_ACS_H2O,Norway,PRIMAR,100.0
2010,SE_ACS_H2O,Norway,PRIMAR,100.0
2010,SE_ACS_H2O,Norway,UPPSEC,100.0
2010,SE_ACS_H2O,Norway,LOWSEC,100.0
2011,SE_ACS_H2O,Norway,PRIMAR,100.0
2011,SE_ACS_H2O,Norway,LOWSEC,100.0
2011,SE_ACS_H2O,Norway,UPPSEC,100.0
2012,SE_ACS_H2O,Norway,PRIMAR,100.0
2012,SE_ACS_H2O,Norway,UPPSEC,100.0
2012,SE_ACS_H2O,Norway,LOWSEC,100.0
2013,SE_ACS_H2O,Norway,LOWSEC,100.0
2013,SE_ACS_H2O,Norway,UPPSEC,100.0
2013,SE_ACS_H2O,Norway,PRIMAR,100.0
2014,SE_ACS_H2O,Norway,PRIMAR,100.0
2014,SE_ACS_H2O,Norway,UPPSEC,100.0
2014,SE_ACS_H2O,Norway,LOWSEC,100.0
2015,SE_ACS_H2O,Norway,LOWSEC,100.0
2015,SE_ACS_H2O,Norway,UPPSEC,100.0
2015,SE_ACS_H2O,Norway,PRIMAR,100.0
2016,SE_ACS_H2O,Norway,LOWSEC,100.0
2016,SE_ACS_H2O,Norway,PRIMAR,100.0
2016,SE_ACS_H2O,Norway,UPPSEC,100.0
2017,SE_ACS_H2O,Norway,LOWSEC,100.0
2017,SE_ACS_H2O,Norway,UPPSEC,100.0
2017,SE_ACS_H2O,Norway,PRIMAR,100.0
2018,SE_ACS_H2O,Norway,PRIMAR,100.0
2018,SE_ACS_H2O,Norway,UPPSEC,100.0
2018,SE_ACS_H2O,Norway,LOWSEC,100.0
2019,SE_ACS_H2O,Norway,LOWSEC,100.0
2019,SE_ACS_H2O,Norway,UPPSEC,100.0
2019,SE_ACS_H2O,Norway,PRIMAR,100.0
2020,SE_ACS_H2O,Norway,PRIMAR,100.0
2020,SE_ACS_H2O,Norway,LOWSEC,100.0
2000,SE_ACS_H2O,Poland,LOWSEC,100.0
2000,SE_ACS_H2O,Poland,UPPSEC,100.0
2000,SE_ACS_H2O,Poland,PRIMAR,100.0
2001,SE_ACS_H2O,Poland,PRIMAR,100.0
2001,SE_ACS_H2O,Poland,UPPSEC,100.0
2001,SE_ACS_H2O,Poland,LOWSEC,100.0
2002,SE_ACS_H2O,Poland,LOWSEC,100.0
2002,SE_ACS_H2O,Poland,UPPSEC,100.0
2002,SE_ACS_H2O,Poland,PRIMAR,100.0
2003,SE_ACS_H2O,Poland,LOWSEC,100.0
2003,SE_ACS_H2O,Poland,PRIMAR,100.0
2003,SE_ACS_H2O,Poland,UPPSEC,100.0
2004,SE_ACS_H2O,Poland,LOWSEC,100.0
2004,SE_ACS_H2O,Poland,UPPSEC,100.0
2004,SE_ACS_H2O,Poland,PRIMAR,100.0
2005,SE_ACS_H2O,Poland,PRIMAR,100.0
2005,SE_ACS_H2O,Poland,UPPSEC,100.0
2005,SE_ACS_H2O,Poland,LOWSEC,100.0
2006,SE_ACS_H2O,Poland,LOWSEC,100.0
2006,SE_ACS_H2O,Poland,UPPSEC,100.0
2006,SE_ACS_H2O,Poland,PRIMAR,100.0
2007,SE_ACS_H2O,Poland,PRIMAR,100.0
2007,SE_ACS_H2O,Poland,UPPSEC,100.0
2007,SE_ACS_H2O,Poland,LOWSEC,100.0
2008,SE_ACS_H2O,Poland,PRIMAR,100.0
2008,SE_ACS_H2O,Poland,LOWSEC,100.0
2008,SE_ACS_H2O,Poland,UPPSEC,100.0
2009,SE_ACS_H2O,Poland,PRIMAR,100.0
2009,SE_ACS_H2O,Poland,UPPSEC,100.0
2009,SE_ACS_H2O,Poland,LOWSEC,100.0
2010,SE_ACS_H2O,Poland,LOWSEC,100.0
2010,SE_ACS_H2O,Poland,UPPSEC,100.0
2010,SE_ACS_H2O,Poland,PRIMAR,100.0
2011,SE_ACS_H2O,Poland,PRIMAR,100.0
2011,SE_ACS_H2O,Poland,UPPSEC,100.0
2011,SE_ACS_H2O,Poland,LOWSEC,100.0
2012,SE_ACS_H2O,Poland,LOWSEC,100.0
2012,SE_ACS_H2O,Poland,UPPSEC,100.0
2012,SE_ACS_H2O,Poland,PRIMAR,100.0
2013,SE_ACS_H2O,Poland,LOWSEC,100.0
2013,SE_ACS_H2O,Poland,PRIMAR,100.0
2013,SE_ACS_H2O,Poland,UPPSEC,100.0
2014,SE_ACS_H2O,Poland,LOWSEC,100.0
2014,SE_ACS_H2O,Poland,UPPSEC,100.0
2014,SE_ACS_H2O,Poland,PRIMAR,100.0
2015,SE_ACS_H2O,Poland,PRIMAR,100.0
2015,SE_ACS_H2O,Poland,UPPSEC,100.0
2015,SE_ACS_H2O,Poland,LOWSEC,100.0
2016,SE_ACS_H2O,Poland,LOWSEC,100.0
2016,SE_ACS_H2O,Poland,UPPSEC,100.0
2016,SE_ACS_H2O,Poland,PRIMAR,100.0
2000,SE_ACS_H2O,Portugal,UPPSEC,100.0
2000,SE_ACS_H2O,Portugal,PRIMAR,100.0
2000,SE_ACS_H2O,Portugal,LOWSEC,100.0
2001,SE_ACS_H2O,Portugal,UPPSEC,100.0
2001,SE_ACS_H2O,Portugal,LOWSEC,100.0
2001,SE_ACS_H2O,Portugal,PRIMAR,100.0
2002,SE_ACS_H2O,Portugal,UPPSEC,100.0
2002,SE_ACS_H2O,Portugal,PRIMAR,100.0
2002,SE_ACS_H2O,Portugal,LOWSEC,100.0
2003,SE_ACS_H2O,Portugal,LOWSEC,100.0
2003,SE_ACS_H2O,Portugal,PRIMAR,100.0
2003,SE_ACS_H2O,Portugal,UPPSEC,100.0
2004,SE_ACS_H2O,Portugal,UPPSEC,100.0
2004,SE_ACS_H2O,Portugal,PRIMAR,100.0
2004,SE_ACS_H2O,Portugal,LOWSEC,100.0
2005,SE_ACS_H2O,Portugal,LOWSEC,100.0
2005,SE_ACS_H2O,Portugal,PRIMAR,100.0
2005,SE_ACS_H2O,Portugal,UPPSEC,100.0
2006,SE_ACS_H2O,Portugal,LOWSEC,100.0
2006,SE_ACS_H2O,Portugal,UPPSEC,100.0
2006,SE_ACS_H2O,Portugal,PRIMAR,100.0
2007,SE_ACS_H2O,Portugal,LOWSEC,100.0
2007,SE_ACS_H2O,Portugal,PRIMAR,100.0
2007,SE_ACS_H2O,Portugal,UPPSEC,100.0
2008,SE_ACS_H2O,Portugal,UPPSEC,100.0
2008,SE_ACS_H2O,Portugal,PRIMAR,100.0
2008,SE_ACS_H2O,Portugal,LOWSEC,100.0
2009,SE_ACS_H2O,Portugal,LOWSEC,100.0
2009,SE_ACS_H2O,Portugal,PRIMAR,100.0
2009,SE_ACS_H2O,Portugal,UPPSEC,100.0
2010,SE_ACS_H2O,Portugal,UPPSEC,100.0
2010,SE_ACS_H2O,Portugal,PRIMAR,100.0
2010,SE_ACS_H2O,Portugal,LOWSEC,100.0
2011,SE_ACS_H2O,Portugal,UPPSEC,100.0
2011,SE_ACS_H2O,Portugal,LOWSEC,100.0
2011,SE_ACS_H2O,Portugal,PRIMAR,100.0
2012,SE_ACS_H2O,Portugal,UPPSEC,100.0
2012,SE_ACS_H2O,Portugal,PRIMAR,100.0
2012,SE_ACS_H2O,Portugal,LOWSEC,100.0
2013,SE_ACS_H2O,Portugal,LOWSEC,100.0
2013,SE_ACS_H2O,Portugal,PRIMAR,100.0
2013,SE_ACS_H2O,Portugal,UPPSEC,100.0
2014,SE_ACS_H2O,Portugal,UPPSEC,100.0
2014,SE_ACS_H2O,Portugal,PRIMAR,100.0
2014,SE_ACS_H2O,Portugal,LOWSEC,100.0
2020,SE_ACS_H2O,Uzbekistan,LOWSEC,70.45455
2020,SE_ACS_H2O,Uzbekistan,PRIMAR,69.99797
2021,SE_ACS_H2O,Uzbekistan,PRIMAR,72.52736
2021,SE_ACS_H2O,Uzbekistan,UPPSEC,95.84352
2021,SE_ACS_H2O,Uzbekistan,LOWSEC,73.44013
2015,SE_ACS_H2O,Portugal,LOWSEC,100.0
2015,SE_ACS_H2O,Portugal,PRIMAR,100.0
2015,SE_ACS_H2O,Portugal,PRIMAR,100.0
