Year,SeriesCode,GeoAreaName,Age,Sex,Value
2018,IC_GEN_MGTL_19ICLS,Japan,,FEMALE,14.38
2019,IC_GEN_MGTL_19ICLS,Japan,,FEMALE,14.72
2020,IC_GEN_MGTL_19ICLS,Japan,,FEMALE,13.06
2021,IC_GEN_MGTL_19ICLS,Japan,,FEMALE,13.18
2022,IC_GEN_MGTL_19ICLS,Japan,,FEMALE,12.9
2000,IC_GEN_MGTL_19ICLS,Republic of Korea,,FEMALE,5.01
2001,IC_GEN_MGTL_19ICLS,Republic of Korea,,FEMALE,5.95
2002,IC_GEN_MGTL_19ICLS,Republic of Korea,,FEMALE,5.61
2003,IC_GEN_MGTL_19ICLS,Republic of Korea,,FEMALE,5.96
2004,IC_GEN_MGTL_19ICLS,Republic of Korea,,FEMALE,7.09
2005,IC_GEN_MGTL_19ICLS,Republic of Korea,,FEMALE,7.9
2006,IC_GEN_MGTL_19ICLS,Republic of Korea,,FEMALE,8.65
2007,IC_GEN_MGTL_19ICLS,Republic of Korea,,FEMALE,8.86
2008,IC_GEN_MGTL_19ICLS,Republic of Korea,,FEMALE,9.5
2009,IC_GEN_MGTL_19ICLS,Republic of Korea,,FEMALE,8.62
2010,IC_GEN_MGTL_19ICLS,Republic of Korea,,FEMALE,9.4
2011,IC_GEN_MGTL_19ICLS,Republic of Korea,,FEMALE,10.1
2012,IC_GEN_MGTL_19ICLS,Republic of Korea,,FEMALE,11.09
2013,IC_GEN_MGTL_19ICLS,Republic of Korea,,FEMALE,11.37
2014,IC_GEN_MGTL_19ICLS,Republic of Korea,,FEMALE,11.13
2015,IC_GEN_MGTL_19ICLS,Republic of Korea,,FEMALE,10.45
2016,IC_GEN_MGTL_19ICLS,Republic of Korea,,FEMALE,9.77
2017,IC_GEN_MGTL_19ICLS,Republic of Korea,,FEMALE,12.33
2018,IC_GEN_MGTL_19ICLS,Republic of Korea,,FEMALE,14.46
2019,IC_GEN_MGTL_19ICLS,Republic of Korea,,FEMALE,15.41
2020,IC_GEN_MGTL_19ICLS,Republic of Korea,,FEMALE,15.65
2021,IC_GEN_MGTL_19ICLS,Republic of Korea,,FEMALE,16.27
2022,IC_GEN_MGTL_19ICLS,Republic of Korea,,FEMALE,14.6
2000,IC_GEN_MGTL_19ICLS,Latvia,,FEMALE,37.14
2001,IC_GEN_MGTL_19ICLS,Latvia,,FEMALE,38.44
2002,IC_GEN_MGTL_19ICLS,Latvia,,FEMALE,40.31
2003,IC_GEN_MGTL_19ICLS,Latvia,,FEMALE,39.27
2004,IC_GEN_MGTL_19ICLS,Latvia,,FEMALE,43.57
2005,IC_GEN_MGTL_19ICLS,Latvia,,FEMALE,43.31
2006,IC_GEN_MGTL_19ICLS,Latvia,,FEMALE,40.21
2007,IC_GEN_MGTL_19ICLS,Latvia,,FEMALE,42.47
2008,IC_GEN_MGTL_19ICLS,Latvia,,FEMALE,42.54
2009,IC_GEN_MGTL_19ICLS,Latvia,,FEMALE,44.28
2010,IC_GEN_MGTL_19ICLS,Latvia,,FEMALE,42.07
2011,IC_GEN_MGTL_19ICLS,Latvia,,FEMALE,45.54
2012,IC_GEN_MGTL_19ICLS,Latvia,,FEMALE,45.81
2013,IC_GEN_MGTL_19ICLS,Latvia,,FEMALE,43.79
2000,IC_GEN_MGTL_19ICLS,Australia,,FEMALE,29.96
2001,IC_GEN_MGTL_19ICLS,Australia,,FEMALE,31.79
2002,IC_GEN_MGTL_19ICLS,Australia,,FEMALE,32.23
2003,IC_GEN_MGTL_19ICLS,Australia,,FEMALE,32.74
2004,IC_GEN_MGTL_19ICLS,Australia,,FEMALE,33.51
2005,IC_GEN_MGTL_19ICLS,Australia,,FEMALE,34.36
2006,IC_GEN_MGTL_19ICLS,Australia,,FEMALE,34.29
2007,IC_GEN_MGTL_19ICLS,Australia,,FEMALE,34.29
2008,IC_GEN_MGTL_19ICLS,Australia,,FEMALE,35.53
2009,IC_GEN_MGTL_19ICLS,Australia,,FEMALE,35.53
2014,IC_GEN_MGTL_19ICLS,Latvia,,FEMALE,44.1
2015,IC_GEN_MGTL_19ICLS,Latvia,,FEMALE,44.32
2016,IC_GEN_MGTL_19ICLS,Latvia,,FEMALE,47.25
2017,IC_GEN_MGTL_19ICLS,Latvia,,FEMALE,45.89
2018,IC_GEN_MGTL_19ICLS,Latvia,,FEMALE,44.65
2019,IC_GEN_MGTL_19ICLS,Latvia,,FEMALE,43.47
2020,IC_GEN_MGTL_19ICLS,Latvia,,FEMALE,53.37
2021,IC_GEN_MGTL_19ICLS,Latvia,,FEMALE,44.16
2000,IC_GEN_MGTL_19ICLS,Lithuania,,FEMALE,42.68
2001,IC_GEN_MGTL_19ICLS,Lithuania,,FEMALE,46.38
2002,IC_GEN_MGTL_19ICLS,Lithuania,,FEMALE,47.14
2010,IC_GEN_MGTL_19ICLS,Australia,,FEMALE,34.55
2011,IC_GEN_MGTL_19ICLS,Australia,,FEMALE,33.21
2012,IC_GEN_MGTL_19ICLS,Australia,,FEMALE,33.33
2013,IC_GEN_MGTL_19ICLS,Australia,,FEMALE,36.05
2014,IC_GEN_MGTL_19ICLS,Australia,,FEMALE,37.76
2015,IC_GEN_MGTL_19ICLS,Australia,,FEMALE,36.26
2016,IC_GEN_MGTL_19ICLS,Australia,,FEMALE,39.14
2017,IC_GEN_MGTL_19ICLS,Australia,,FEMALE,38.81
2018,IC_GEN_MGTL_19ICLS,Australia,,FEMALE,36.05
2019,IC_GEN_MGTL_19ICLS,Australia,,FEMALE,39.28
2020,IC_GEN_MGTL_19ICLS,Australia,,FEMALE,37.27
2000,IC_GEN_MGTL_19ICLS,Austria,,FEMALE,30.08
2001,IC_GEN_MGTL_19ICLS,Austria,,FEMALE,30.05
2002,IC_GEN_MGTL_19ICLS,Austria,,FEMALE,29.25
2003,IC_GEN_MGTL_19ICLS,Austria,,FEMALE,27.38
2004,IC_GEN_MGTL_19ICLS,Austria,,FEMALE,26.72
2005,IC_GEN_MGTL_19ICLS,Austria,,FEMALE,26.82
2006,IC_GEN_MGTL_19ICLS,Austria,,FEMALE,27.92
2007,IC_GEN_MGTL_19ICLS,Austria,,FEMALE,26.16
2008,IC_GEN_MGTL_19ICLS,Austria,,FEMALE,28.12
2009,IC_GEN_MGTL_19ICLS,Austria,,FEMALE,27.35
2010,IC_GEN_MGTL_19ICLS,Austria,,FEMALE,28.92
2011,IC_GEN_MGTL_19ICLS,Austria,,FEMALE,27.5
2012,IC_GEN_MGTL_19ICLS,Austria,,FEMALE,30.08
2013,IC_GEN_MGTL_19ICLS,Austria,,FEMALE,29.35
2014,IC_GEN_MGTL_19ICLS,Austria,,FEMALE,30.31
2015,IC_GEN_MGTL_19ICLS,Austria,,FEMALE,29.68
2016,IC_GEN_MGTL_19ICLS,Austria,,FEMALE,31.79
2017,IC_GEN_MGTL_19ICLS,Austria,,FEMALE,31.8
2018,IC_GEN_MGTL_19ICLS,Austria,,FEMALE,31.59
2019,IC_GEN_MGTL_19ICLS,Austria,,FEMALE,33.24
2020,IC_GEN_MGTL_19ICLS,Austria,,FEMALE,32.79
2021,IC_GEN_MGTL_19ICLS,Austria,,FEMALE,35.45
2018,IC_GEN_MGTL_19ICLS,Armenia,,FEMALE,25.84
2019,IC_GEN_MGTL_19ICLS,Armenia,,FEMALE,26.19
2020,IC_GEN_MGTL_19ICLS,Armenia,,FEMALE,30.86
2000,IC_GEN_MGTL_19ICLS,Belgium,,FEMALE,32.07
2001,IC_GEN_MGTL_19ICLS,Belgium,,FEMALE,32.88
2002,IC_GEN_MGTL_19ICLS,Belgium,,FEMALE,31.8
2003,IC_GEN_MGTL_19ICLS,Belgium,,FEMALE,29.9
2004,IC_GEN_MGTL_19ICLS,Belgium,,FEMALE,29.88
2005,IC_GEN_MGTL_19ICLS,Belgium,,FEMALE,31.81
2006,IC_GEN_MGTL_19ICLS,Belgium,,FEMALE,31.47
2007,IC_GEN_MGTL_19ICLS,Belgium,,FEMALE,33.84
2008,IC_GEN_MGTL_19ICLS,Belgium,,FEMALE,32.68
2009,IC_GEN_MGTL_19ICLS,Belgium,,FEMALE,33.99
2010,IC_GEN_MGTL_19ICLS,Belgium,,FEMALE,34.1
2011,IC_GEN_MGTL_19ICLS,Belgium,,FEMALE,29.9
2012,IC_GEN_MGTL_19ICLS,Belgium,,FEMALE,32.44
2013,IC_GEN_MGTL_19ICLS,Belgium,,FEMALE,31.42
2014,IC_GEN_MGTL_19ICLS,Belgium,,FEMALE,31.65
2015,IC_GEN_MGTL_19ICLS,Belgium,,FEMALE,32.56
2016,IC_GEN_MGTL_19ICLS,Belgium,,FEMALE,32.66
2017,IC_GEN_MGTL_19ICLS,Belgium,,FEMALE,33.19
2018,IC_GEN_MGTL_19ICLS,Belgium,,FEMALE,34.03
2019,IC_GEN_MGTL_19ICLS,Belgium,,FEMALE,35.03
2020,IC_GEN_MGTL_19ICLS,Belgium,,FEMALE,35.93
2021,IC_GEN_MGTL_19ICLS,Belgium,,FEMALE,35.43
2021,IC_GEN_MGTL_19ICLS,Bosnia and Herzegovina,,FEMALE,24.18
2000,IC_GEN_MGTL_19ICLS,Bulgaria,,FEMALE,29.82
2001,IC_GEN_MGTL_19ICLS,Bulgaria,,FEMALE,32.65
2002,IC_GEN_MGTL_19ICLS,Bulgaria,,FEMALE,33.54
2003,IC_GEN_MGTL_19ICLS,Bulgaria,,FEMALE,31.3
2003,IC_GEN_MGTL_19ICLS,Lithuania,,FEMALE,40.72
2004,IC_GEN_MGTL_19ICLS,Lithuania,,FEMALE,45.37
2005,IC_GEN_MGTL_19ICLS,Lithuania,,FEMALE,43.17
2006,IC_GEN_MGTL_19ICLS,Lithuania,,FEMALE,40.49
2007,IC_GEN_MGTL_19ICLS,Lithuania,,FEMALE,38.12
2008,IC_GEN_MGTL_19ICLS,Lithuania,,FEMALE,40.18
2009,IC_GEN_MGTL_19ICLS,Lithuania,,FEMALE,39.24
2010,IC_GEN_MGTL_19ICLS,Lithuania,,FEMALE,41.08
2011,IC_GEN_MGTL_19ICLS,Lithuania,,FEMALE,39.11
2012,IC_GEN_MGTL_19ICLS,Lithuania,,FEMALE,38.9
2013,IC_GEN_MGTL_19ICLS,Lithuania,,FEMALE,39.58
2004,IC_GEN_MGTL_19ICLS,Bulgaria,,FEMALE,34.41
2005,IC_GEN_MGTL_19ICLS,Bulgaria,,FEMALE,33.97
2006,IC_GEN_MGTL_19ICLS,Bulgaria,,FEMALE,31.61
2007,IC_GEN_MGTL_19ICLS,Bulgaria,,FEMALE,31.4
2008,IC_GEN_MGTL_19ICLS,Bulgaria,,FEMALE,31.52
2009,IC_GEN_MGTL_19ICLS,Bulgaria,,FEMALE,32.45
2010,IC_GEN_MGTL_19ICLS,Bulgaria,,FEMALE,33.69
2011,IC_GEN_MGTL_19ICLS,Bulgaria,,FEMALE,37.97
2012,IC_GEN_MGTL_19ICLS,Bulgaria,,FEMALE,36.85
2013,IC_GEN_MGTL_19ICLS,Bulgaria,,FEMALE,36.26
2014,IC_GEN_MGTL_19ICLS,Bulgaria,,FEMALE,36.33
2014,IC_GEN_MGTL_19ICLS,Lithuania,,FEMALE,38.55
2015,IC_GEN_MGTL_19ICLS,Lithuania,,FEMALE,39.61
2016,IC_GEN_MGTL_19ICLS,Lithuania,,FEMALE,39.42
2017,IC_GEN_MGTL_19ICLS,Lithuania,,FEMALE,39.31
2018,IC_GEN_MGTL_19ICLS,Lithuania,,FEMALE,39.24
2019,IC_GEN_MGTL_19ICLS,Lithuania,,FEMALE,39.24
2020,IC_GEN_MGTL_19ICLS,Lithuania,,FEMALE,37.9
2021,IC_GEN_MGTL_19ICLS,Lithuania,,FEMALE,36.97
2000,IC_GEN_MGTL_19ICLS,Luxembourg,,FEMALE,26.75
2001,IC_GEN_MGTL_19ICLS,Luxembourg,,FEMALE,30.15
2002,IC_GEN_MGTL_19ICLS,Luxembourg,,FEMALE,22.05
2015,IC_GEN_MGTL_19ICLS,Bulgaria,,FEMALE,37.57
2016,IC_GEN_MGTL_19ICLS,Bulgaria,,FEMALE,36.71
2017,IC_GEN_MGTL_19ICLS,Bulgaria,,FEMALE,40.38
2018,IC_GEN_MGTL_19ICLS,Bulgaria,,FEMALE,39.15
2019,IC_GEN_MGTL_19ICLS,Bulgaria,,FEMALE,39.37
2020,IC_GEN_MGTL_19ICLS,Bulgaria,,FEMALE,40.38
2021,IC_GEN_MGTL_19ICLS,Bulgaria,,FEMALE,36.34
2000,IC_GEN_MGTL_19ICLS,Canada,,FEMALE,35.47
2001,IC_GEN_MGTL_19ICLS,Canada,,FEMALE,34.95
2002,IC_GEN_MGTL_19ICLS,Canada,,FEMALE,34.06
2003,IC_GEN_MGTL_19ICLS,Canada,,FEMALE,35.71
2004,IC_GEN_MGTL_19ICLS,Canada,,FEMALE,36.49
2005,IC_GEN_MGTL_19ICLS,Canada,,FEMALE,35.9
2006,IC_GEN_MGTL_19ICLS,Canada,,FEMALE,36.25
2007,IC_GEN_MGTL_19ICLS,Canada,,FEMALE,36.92
2008,IC_GEN_MGTL_19ICLS,Canada,,FEMALE,35.99
2009,IC_GEN_MGTL_19ICLS,Canada,,FEMALE,37.01
2010,IC_GEN_MGTL_19ICLS,Canada,,FEMALE,36.76
2011,IC_GEN_MGTL_19ICLS,Canada,,FEMALE,37.1
2012,IC_GEN_MGTL_19ICLS,Canada,,FEMALE,36.43
2003,IC_GEN_MGTL_19ICLS,Luxembourg,,FEMALE,28.76
2004,IC_GEN_MGTL_19ICLS,Luxembourg,,FEMALE,26.7
2005,IC_GEN_MGTL_19ICLS,Luxembourg,,FEMALE,23.77
2006,IC_GEN_MGTL_19ICLS,Luxembourg,,FEMALE,26.76
2007,IC_GEN_MGTL_19ICLS,Luxembourg,,FEMALE,21.17
2008,IC_GEN_MGTL_19ICLS,Luxembourg,,FEMALE,27.52
2009,IC_GEN_MGTL_19ICLS,Luxembourg,,FEMALE,19.0
2010,IC_GEN_MGTL_19ICLS,Luxembourg,,FEMALE,23.91
2011,IC_GEN_MGTL_19ICLS,Luxembourg,,FEMALE,23.42
2012,IC_GEN_MGTL_19ICLS,Luxembourg,,FEMALE,17.98
2013,IC_GEN_MGTL_19ICLS,Luxembourg,,FEMALE,15.01
2013,IC_GEN_MGTL_19ICLS,Canada,,FEMALE,35.78
2014,IC_GEN_MGTL_19ICLS,Canada,,FEMALE,35.52
2015,IC_GEN_MGTL_19ICLS,Canada,,FEMALE,36.25
2017,IC_GEN_MGTL_19ICLS,Canada,,FEMALE,34.54
2018,IC_GEN_MGTL_19ICLS,Canada,,FEMALE,35.08
2019,IC_GEN_MGTL_19ICLS,Canada,,FEMALE,35.28
2020,IC_GEN_MGTL_19ICLS,Canada,,FEMALE,35.82
2021,IC_GEN_MGTL_19ICLS,Canada,,FEMALE,35.59
2000,IC_GEN_MGTL_19ICLS,Chile,,FEMALE,32.59
2002,IC_GEN_MGTL_19ICLS,Chile,,FEMALE,32.72
2003,IC_GEN_MGTL_19ICLS,Chile,,FEMALE,42.66
2014,IC_GEN_MGTL_19ICLS,Luxembourg,,FEMALE,21.96
2015,IC_GEN_MGTL_19ICLS,Luxembourg,,FEMALE,20.58
2016,IC_GEN_MGTL_19ICLS,Luxembourg,,FEMALE,26.55
2017,IC_GEN_MGTL_19ICLS,Luxembourg,,FEMALE,16.97
2018,IC_GEN_MGTL_19ICLS,Luxembourg,,FEMALE,25.52
2019,IC_GEN_MGTL_19ICLS,Luxembourg,,FEMALE,24.78
2020,IC_GEN_MGTL_19ICLS,Luxembourg,,FEMALE,27.63
2021,IC_GEN_MGTL_19ICLS,Luxembourg,,FEMALE,20.6
2011,IC_GEN_MGTL_19ICLS,Malta,,FEMALE,24.22
2012,IC_GEN_MGTL_19ICLS,Malta,,FEMALE,27.07
2013,IC_GEN_MGTL_19ICLS,Malta,,FEMALE,28.41
2006,IC_GEN_MGTL_19ICLS,Chile,,FEMALE,40.19
2009,IC_GEN_MGTL_19ICLS,Chile,,FEMALE,33.32
2010,IC_GEN_MGTL_19ICLS,Chile,,FEMALE,23.79
2011,IC_GEN_MGTL_19ICLS,Chile,,FEMALE,23.56
2012,IC_GEN_MGTL_19ICLS,Chile,,FEMALE,24.0
2013,IC_GEN_MGTL_19ICLS,Chile,,FEMALE,24.98
2014,IC_GEN_MGTL_19ICLS,Chile,,FEMALE,26.94
2015,IC_GEN_MGTL_19ICLS,Chile,,FEMALE,27.41
2016,IC_GEN_MGTL_19ICLS,Chile,,FEMALE,27.39
2017,IC_GEN_MGTL_19ICLS,Chile,,FEMALE,26.45
2018,IC_GEN_MGTL_19ICLS,Chile,,FEMALE,27.26
2019,IC_GEN_MGTL_19ICLS,Chile,,FEMALE,29.88
2020,IC_GEN_MGTL_19ICLS,Chile,,FEMALE,27.37
2021,IC_GEN_MGTL_19ICLS,Chile,,FEMALE,30.37
2017,IC_GEN_MGTL_19ICLS,Costa Rica,,FEMALE,41.05
2018,IC_GEN_MGTL_19ICLS,Costa Rica,,FEMALE,37.14
2019,IC_GEN_MGTL_19ICLS,Costa Rica,,FEMALE,40.46
2021,IC_GEN_MGTL_19ICLS,Costa Rica,,FEMALE,40.24
2014,IC_GEN_MGTL_19ICLS,Malta,,FEMALE,26.33
2015,IC_GEN_MGTL_19ICLS,Malta,,FEMALE,26.69
2016,IC_GEN_MGTL_19ICLS,Malta,,FEMALE,27.56
2017,IC_GEN_MGTL_19ICLS,Malta,,FEMALE,28.71
2018,IC_GEN_MGTL_19ICLS,Malta,,FEMALE,28.9
2019,IC_GEN_MGTL_19ICLS,Malta,,FEMALE,29.94
2020,IC_GEN_MGTL_19ICLS,Malta,,FEMALE,28.22
2021,IC_GEN_MGTL_19ICLS,Malta,,FEMALE,28.88
2006,IC_GEN_MGTL_19ICLS,Republic of Moldova,,FEMALE,38.89
2007,IC_GEN_MGTL_19ICLS,Republic of Moldova,,FEMALE,40.15
2000,IC_GEN_MGTL_19ICLS,Croatia,,FEMALE,24.66
2001,IC_GEN_MGTL_19ICLS,Croatia,,FEMALE,24.67
2002,IC_GEN_MGTL_19ICLS,Croatia,,FEMALE,27.1
2003,IC_GEN_MGTL_19ICLS,Croatia,,FEMALE,24.59
2004,IC_GEN_MGTL_19ICLS,Croatia,,FEMALE,22.61
2005,IC_GEN_MGTL_19ICLS,Croatia,,FEMALE,24.03
2006,IC_GEN_MGTL_19ICLS,Croatia,,FEMALE,25.64
2007,IC_GEN_MGTL_19ICLS,Croatia,,FEMALE,20.7
2008,IC_GEN_MGTL_19ICLS,Croatia,,FEMALE,25.44
2009,IC_GEN_MGTL_19ICLS,Croatia,,FEMALE,25.15
2010,IC_GEN_MGTL_19ICLS,Croatia,,FEMALE,25.78
2011,IC_GEN_MGTL_19ICLS,Croatia,,FEMALE,23.95
2012,IC_GEN_MGTL_19ICLS,Croatia,,FEMALE,26.05
2013,IC_GEN_MGTL_19ICLS,Croatia,,FEMALE,24.38
2014,IC_GEN_MGTL_19ICLS,Croatia,,FEMALE,23.18
2015,IC_GEN_MGTL_19ICLS,Croatia,,FEMALE,26.67
2016,IC_GEN_MGTL_19ICLS,Croatia,,FEMALE,29.93
2017,IC_GEN_MGTL_19ICLS,Croatia,,FEMALE,29.05
2018,IC_GEN_MGTL_19ICLS,Croatia,,FEMALE,29.98
2019,IC_GEN_MGTL_19ICLS,Croatia,,FEMALE,26.41
2020,IC_GEN_MGTL_19ICLS,Croatia,,FEMALE,28.39
2021,IC_GEN_MGTL_19ICLS,Croatia,,FEMALE,28.77
2000,IC_GEN_MGTL_19ICLS,Cyprus,,FEMALE,14.78
2001,IC_GEN_MGTL_19ICLS,Cyprus,,FEMALE,19.02
2002,IC_GEN_MGTL_19ICLS,Cyprus,,FEMALE,17.55
2003,IC_GEN_MGTL_19ICLS,Cyprus,,FEMALE,17.46
2004,IC_GEN_MGTL_19ICLS,Cyprus,,FEMALE,15.26
2005,IC_GEN_MGTL_19ICLS,Cyprus,,FEMALE,14.76
2006,IC_GEN_MGTL_19ICLS,Cyprus,,FEMALE,16.15
2007,IC_GEN_MGTL_19ICLS,Cyprus,,FEMALE,15.43
2008,IC_GEN_MGTL_19ICLS,Cyprus,,FEMALE,16.12
2009,IC_GEN_MGTL_19ICLS,Cyprus,,FEMALE,12.23
2010,IC_GEN_MGTL_19ICLS,Cyprus,,FEMALE,13.77
2011,IC_GEN_MGTL_19ICLS,Cyprus,,FEMALE,14.99
2012,IC_GEN_MGTL_19ICLS,Cyprus,,FEMALE,15.8
2013,IC_GEN_MGTL_19ICLS,Cyprus,,FEMALE,18.92
2014,IC_GEN_MGTL_19ICLS,Cyprus,,FEMALE,17.33
2015,IC_GEN_MGTL_19ICLS,Cyprus,,FEMALE,22.82
2016,IC_GEN_MGTL_19ICLS,Cyprus,,FEMALE,25.73
2017,IC_GEN_MGTL_19ICLS,Cyprus,,FEMALE,20.69
2018,IC_GEN_MGTL_19ICLS,Cyprus,,FEMALE,16.95
2019,IC_GEN_MGTL_19ICLS,Cyprus,,FEMALE,21.35
2020,IC_GEN_MGTL_19ICLS,Cyprus,,FEMALE,24.18
2021,IC_GEN_MGTL_19ICLS,Cyprus,,FEMALE,21.02
2000,IC_GEN_MGTL_19ICLS,Czechia,,FEMALE,24.85
2001,IC_GEN_MGTL_19ICLS,Czechia,,FEMALE,26.48
2002,IC_GEN_MGTL_19ICLS,Czechia,,FEMALE,25.9
2003,IC_GEN_MGTL_19ICLS,Czechia,,FEMALE,26.87
2004,IC_GEN_MGTL_19ICLS,Czechia,,FEMALE,27.81
2005,IC_GEN_MGTL_19ICLS,Czechia,,FEMALE,29.62
2006,IC_GEN_MGTL_19ICLS,Czechia,,FEMALE,28.86
2007,IC_GEN_MGTL_19ICLS,Czechia,,FEMALE,28.62
2008,IC_GEN_MGTL_19ICLS,Czechia,,FEMALE,28.06
2009,IC_GEN_MGTL_19ICLS,Czechia,,FEMALE,28.99
2010,IC_GEN_MGTL_19ICLS,Czechia,,FEMALE,27.71
2011,IC_GEN_MGTL_19ICLS,Czechia,,FEMALE,25.51
2012,IC_GEN_MGTL_19ICLS,Czechia,,FEMALE,26.02
2013,IC_GEN_MGTL_19ICLS,Czechia,,FEMALE,26.99
2014,IC_GEN_MGTL_19ICLS,Czechia,,FEMALE,27.58
2015,IC_GEN_MGTL_19ICLS,Czechia,,FEMALE,29.23
2016,IC_GEN_MGTL_19ICLS,Czechia,,FEMALE,25.29
2017,IC_GEN_MGTL_19ICLS,Czechia,,FEMALE,24.48
2018,IC_GEN_MGTL_19ICLS,Czechia,,FEMALE,26.38
2019,IC_GEN_MGTL_19ICLS,Czechia,,FEMALE,26.8
2020,IC_GEN_MGTL_19ICLS,Czechia,,FEMALE,27.78
2021,IC_GEN_MGTL_19ICLS,Czechia,,FEMALE,28.37
2008,IC_GEN_MGTL_19ICLS,Republic of Moldova,,FEMALE,37.94
2009,IC_GEN_MGTL_19ICLS,Republic of Moldova,,FEMALE,38.65
2010,IC_GEN_MGTL_19ICLS,Republic of Moldova,,FEMALE,36.43
2011,IC_GEN_MGTL_19ICLS,Republic of Moldova,,FEMALE,39.37
2012,IC_GEN_MGTL_19ICLS,Republic of Moldova,,FEMALE,44.11
2013,IC_GEN_MGTL_19ICLS,Republic of Moldova,,FEMALE,39.17
2014,IC_GEN_MGTL_19ICLS,Republic of Moldova,,FEMALE,42.57
2015,IC_GEN_MGTL_19ICLS,Republic of Moldova,,FEMALE,48.47
2016,IC_GEN_MGTL_19ICLS,Republic of Moldova,,FEMALE,46.6
2000,IC_GEN_MGTL_19ICLS,Denmark,,FEMALE,24.19
2001,IC_GEN_MGTL_19ICLS,Denmark,,FEMALE,20.97
2002,IC_GEN_MGTL_19ICLS,Denmark,,FEMALE,21.37
2003,IC_GEN_MGTL_19ICLS,Denmark,,FEMALE,25.77
2004,IC_GEN_MGTL_19ICLS,Denmark,,FEMALE,23.76
2005,IC_GEN_MGTL_19ICLS,Denmark,,FEMALE,24.19
2006,IC_GEN_MGTL_19ICLS,Denmark,,FEMALE,24.5
2007,IC_GEN_MGTL_19ICLS,Denmark,,FEMALE,28.3
2008,IC_GEN_MGTL_19ICLS,Denmark,,FEMALE,23.64
2009,IC_GEN_MGTL_19ICLS,Denmark,,FEMALE,24.57
2010,IC_GEN_MGTL_19ICLS,Denmark,,FEMALE,21.91
2011,IC_GEN_MGTL_19ICLS,Denmark,,FEMALE,27.82
2012,IC_GEN_MGTL_19ICLS,Denmark,,FEMALE,28.36
2013,IC_GEN_MGTL_19ICLS,Denmark,,FEMALE,26.73
2014,IC_GEN_MGTL_19ICLS,Denmark,,FEMALE,26.01
2015,IC_GEN_MGTL_19ICLS,Denmark,,FEMALE,26.31
2016,IC_GEN_MGTL_19ICLS,Denmark,,FEMALE,27.49
2017,IC_GEN_MGTL_19ICLS,Denmark,,FEMALE,26.26
2018,IC_GEN_MGTL_19ICLS,Denmark,,FEMALE,26.08
2019,IC_GEN_MGTL_19ICLS,Denmark,,FEMALE,26.76
2020,IC_GEN_MGTL_19ICLS,Denmark,,FEMALE,27.86
2021,IC_GEN_MGTL_19ICLS,Denmark,,FEMALE,28.32
2000,IC_GEN_MGTL_19ICLS,Estonia,,FEMALE,40.38
2001,IC_GEN_MGTL_19ICLS,Estonia,,FEMALE,36.9
2002,IC_GEN_MGTL_19ICLS,Estonia,,FEMALE,37.93
2003,IC_GEN_MGTL_19ICLS,Estonia,,FEMALE,31.23
2004,IC_GEN_MGTL_19ICLS,Estonia,,FEMALE,35.18
2005,IC_GEN_MGTL_19ICLS,Estonia,,FEMALE,37.22
2006,IC_GEN_MGTL_19ICLS,Estonia,,FEMALE,33.01
2007,IC_GEN_MGTL_19ICLS,Estonia,,FEMALE,33.52
2008,IC_GEN_MGTL_19ICLS,Estonia,,FEMALE,35.94
2009,IC_GEN_MGTL_19ICLS,Estonia,,FEMALE,35.32
2010,IC_GEN_MGTL_19ICLS,Estonia,,FEMALE,36.08
2011,IC_GEN_MGTL_19ICLS,Estonia,,FEMALE,35.36
2012,IC_GEN_MGTL_19ICLS,Estonia,,FEMALE,31.79
2013,IC_GEN_MGTL_19ICLS,Estonia,,FEMALE,33.39
2014,IC_GEN_MGTL_19ICLS,Estonia,,FEMALE,32.6
2015,IC_GEN_MGTL_19ICLS,Estonia,,FEMALE,30.72
2016,IC_GEN_MGTL_19ICLS,Estonia,,FEMALE,36.24
2017,IC_GEN_MGTL_19ICLS,Estonia,,FEMALE,38.51
2018,IC_GEN_MGTL_19ICLS,Estonia,,FEMALE,36.07
2019,IC_GEN_MGTL_19ICLS,Estonia,,FEMALE,37.16
2020,IC_GEN_MGTL_19ICLS,Estonia,,FEMALE,37.43
2000,IC_GEN_MGTL_19ICLS,Finland,,FEMALE,26.64
2001,IC_GEN_MGTL_19ICLS,Finland,,FEMALE,27.92
2002,IC_GEN_MGTL_19ICLS,Finland,,FEMALE,28.36
2003,IC_GEN_MGTL_19ICLS,Finland,,FEMALE,28.62
2004,IC_GEN_MGTL_19ICLS,Finland,,FEMALE,28.17
2005,IC_GEN_MGTL_19ICLS,Finland,,FEMALE,30.46
2006,IC_GEN_MGTL_19ICLS,Finland,,FEMALE,30.03
2007,IC_GEN_MGTL_19ICLS,Finland,,FEMALE,27.71
2008,IC_GEN_MGTL_19ICLS,Finland,,FEMALE,29.93
2009,IC_GEN_MGTL_19ICLS,Finland,,FEMALE,30.56
2010,IC_GEN_MGTL_19ICLS,Finland,,FEMALE,28.47
2011,IC_GEN_MGTL_19ICLS,Finland,,FEMALE,32.53
2012,IC_GEN_MGTL_19ICLS,Finland,,FEMALE,31.88
2013,IC_GEN_MGTL_19ICLS,Finland,,FEMALE,30.29
2014,IC_GEN_MGTL_19ICLS,Finland,,FEMALE,32.94
2015,IC_GEN_MGTL_19ICLS,Finland,,FEMALE,36.61
2016,IC_GEN_MGTL_19ICLS,Finland,,FEMALE,30.96
2017,IC_GEN_MGTL_19ICLS,Finland,,FEMALE,32.68
2018,IC_GEN_MGTL_19ICLS,Finland,,FEMALE,30.61
2019,IC_GEN_MGTL_19ICLS,Finland,,FEMALE,32.53
2020,IC_GEN_MGTL_19ICLS,Finland,,FEMALE,40.8
2021,IC_GEN_MGTL_19ICLS,Finland,,FEMALE,35.88
2000,IC_GEN_MGTL_19ICLS,France,,FEMALE,34.85
2001,IC_GEN_MGTL_19ICLS,France,,FEMALE,35.52
2002,IC_GEN_MGTL_19ICLS,France,,FEMALE,36.43
2003,IC_GEN_MGTL_19ICLS,France,,FEMALE,34.68
2004,IC_GEN_MGTL_19ICLS,France,,FEMALE,36.1
2005,IC_GEN_MGTL_19ICLS,France,,FEMALE,37.6
2006,IC_GEN_MGTL_19ICLS,France,,FEMALE,37.88
2007,IC_GEN_MGTL_19ICLS,France,,FEMALE,37.83
2008,IC_GEN_MGTL_19ICLS,France,,FEMALE,38.5
2009,IC_GEN_MGTL_19ICLS,France,,FEMALE,38.09
2010,IC_GEN_MGTL_19ICLS,France,,FEMALE,38.54
2011,IC_GEN_MGTL_19ICLS,France,,FEMALE,39.34
2012,IC_GEN_MGTL_19ICLS,France,,FEMALE,39.32
2013,IC_GEN_MGTL_19ICLS,France,,FEMALE,36.0
2014,IC_GEN_MGTL_19ICLS,France,,FEMALE,32.74
2015,IC_GEN_MGTL_19ICLS,France,,FEMALE,31.66
2016,IC_GEN_MGTL_19ICLS,France,,FEMALE,32.91
2017,IC_GEN_MGTL_19ICLS,France,,FEMALE,33.44
2018,IC_GEN_MGTL_19ICLS,France,,FEMALE,34.44
2019,IC_GEN_MGTL_19ICLS,France,,FEMALE,34.67
2020,IC_GEN_MGTL_19ICLS,France,,FEMALE,35.53
2021,IC_GEN_MGTL_19ICLS,France,,FEMALE,37.79
2020,IC_GEN_MGTL_19ICLS,Georgia,,FEMALE,36.13
2021,IC_GEN_MGTL_19ICLS,Georgia,,FEMALE,36.0
2000,IC_GEN_MGTL_19ICLS,Germany,,FEMALE,27.08
2001,IC_GEN_MGTL_19ICLS,Germany,,FEMALE,26.87
2002,IC_GEN_MGTL_19ICLS,Germany,,FEMALE,27.3
2003,IC_GEN_MGTL_19ICLS,Germany,,FEMALE,28.13
2004,IC_GEN_MGTL_19ICLS,Germany,,FEMALE,27.64
2005,IC_GEN_MGTL_19ICLS,Germany,,FEMALE,27.93
2006,IC_GEN_MGTL_19ICLS,Germany,,FEMALE,27.77
2007,IC_GEN_MGTL_19ICLS,Germany,,FEMALE,27.8
2008,IC_GEN_MGTL_19ICLS,Germany,,FEMALE,29.0
2009,IC_GEN_MGTL_19ICLS,Germany,,FEMALE,28.45
2017,IC_GEN_MGTL_19ICLS,Republic of Moldova,,FEMALE,41.45
2018,IC_GEN_MGTL_19ICLS,Republic of Moldova,,FEMALE,40.25
2019,IC_GEN_MGTL_19ICLS,Republic of Moldova,,FEMALE,45.68
2020,IC_GEN_MGTL_19ICLS,Republic of Moldova,,FEMALE,42.1
2021,IC_GEN_MGTL_19ICLS,Republic of Moldova,,FEMALE,44.59
2000,IC_GEN_MGTL_19ICLS,Netherlands (Kingdom of the),,FEMALE,25.33
2001,IC_GEN_MGTL_19ICLS,Netherlands (Kingdom of the),,FEMALE,26.18
2002,IC_GEN_MGTL_19ICLS,Netherlands (Kingdom of the),,FEMALE,25.35
2003,IC_GEN_MGTL_19ICLS,Netherlands (Kingdom of the),,FEMALE,25.67
2004,IC_GEN_MGTL_19ICLS,Netherlands (Kingdom of the),,FEMALE,25.4
2005,IC_GEN_MGTL_19ICLS,Netherlands (Kingdom of the),,FEMALE,24.97
2006,IC_GEN_MGTL_19ICLS,Netherlands (Kingdom of the),,FEMALE,26.53
2007,IC_GEN_MGTL_19ICLS,Netherlands (Kingdom of the),,FEMALE,26.99
2008,IC_GEN_MGTL_19ICLS,Netherlands (Kingdom of the),,FEMALE,27.84
2009,IC_GEN_MGTL_19ICLS,Netherlands (Kingdom of the),,FEMALE,28.57
2010,IC_GEN_MGTL_19ICLS,Netherlands (Kingdom of the),,FEMALE,27.42
2011,IC_GEN_MGTL_19ICLS,Netherlands (Kingdom of the),,FEMALE,29.52
2012,IC_GEN_MGTL_19ICLS,Netherlands (Kingdom of the),,FEMALE,28.88
2013,IC_GEN_MGTL_19ICLS,Netherlands (Kingdom of the),,FEMALE,23.39
2014,IC_GEN_MGTL_19ICLS,Netherlands (Kingdom of the),,FEMALE,26.39
2010,IC_GEN_MGTL_19ICLS,Germany,,FEMALE,29.01
2011,IC_GEN_MGTL_19ICLS,Germany,,FEMALE,27.61
2012,IC_GEN_MGTL_19ICLS,Germany,,FEMALE,28.64
2013,IC_GEN_MGTL_19ICLS,Germany,,FEMALE,28.95
2014,IC_GEN_MGTL_19ICLS,Germany,,FEMALE,28.88
2015,IC_GEN_MGTL_19ICLS,Germany,,FEMALE,28.81
2016,IC_GEN_MGTL_19ICLS,Germany,,FEMALE,29.3
2017,IC_GEN_MGTL_19ICLS,Germany,,FEMALE,28.84
2018,IC_GEN_MGTL_19ICLS,Germany,,FEMALE,29.06
2019,IC_GEN_MGTL_19ICLS,Germany,,FEMALE,29.49
2020,IC_GEN_MGTL_19ICLS,Germany,,FEMALE,29.76
2021,IC_GEN_MGTL_19ICLS,Germany,,FEMALE,28.3
2000,IC_GEN_MGTL_19ICLS,Greece,,FEMALE,25.0
2001,IC_GEN_MGTL_19ICLS,Greece,,FEMALE,24.81
2002,IC_GEN_MGTL_19ICLS,Greece,,FEMALE,25.33
2003,IC_GEN_MGTL_19ICLS,Greece,,FEMALE,26.36
2004,IC_GEN_MGTL_19ICLS,Greece,,FEMALE,25.76
2005,IC_GEN_MGTL_19ICLS,Greece,,FEMALE,26.36
2006,IC_GEN_MGTL_19ICLS,Greece,,FEMALE,26.66
2007,IC_GEN_MGTL_19ICLS,Greece,,FEMALE,28.03
2008,IC_GEN_MGTL_19ICLS,Greece,,FEMALE,28.3
2009,IC_GEN_MGTL_19ICLS,Greece,,FEMALE,29.8
2010,IC_GEN_MGTL_19ICLS,Greece,,FEMALE,29.85
2011,IC_GEN_MGTL_19ICLS,Greece,,FEMALE,23.29
2012,IC_GEN_MGTL_19ICLS,Greece,,FEMALE,25.5
2013,IC_GEN_MGTL_19ICLS,Greece,,FEMALE,28.29
2014,IC_GEN_MGTL_19ICLS,Greece,,FEMALE,28.11
2015,IC_GEN_MGTL_19ICLS,Greece,,FEMALE,25.18
2016,IC_GEN_MGTL_19ICLS,Greece,,FEMALE,24.9
2017,IC_GEN_MGTL_19ICLS,Greece,,FEMALE,29.45
2018,IC_GEN_MGTL_19ICLS,Greece,,FEMALE,27.19
2019,IC_GEN_MGTL_19ICLS,Greece,,FEMALE,28.43
2020,IC_GEN_MGTL_19ICLS,Greece,,FEMALE,29.28
2015,IC_GEN_MGTL_19ICLS,Netherlands (Kingdom of the),,FEMALE,25.22
2016,IC_GEN_MGTL_19ICLS,Netherlands (Kingdom of the),,FEMALE,25.08
2017,IC_GEN_MGTL_19ICLS,Netherlands (Kingdom of the),,FEMALE,26.62
2018,IC_GEN_MGTL_19ICLS,Netherlands (Kingdom of the),,FEMALE,24.89
2019,IC_GEN_MGTL_19ICLS,Netherlands (Kingdom of the),,FEMALE,29.09
2020,IC_GEN_MGTL_19ICLS,Netherlands (Kingdom of the),,FEMALE,24.8
2021,IC_GEN_MGTL_19ICLS,Netherlands (Kingdom of the),,FEMALE,26.33
2000,IC_GEN_MGTL_19ICLS,New Zealand,,FEMALE,38.18
2001,IC_GEN_MGTL_19ICLS,New Zealand,,FEMALE,38.57
2002,IC_GEN_MGTL_19ICLS,New Zealand,,FEMALE,38.62
2021,IC_GEN_MGTL_19ICLS,Greece,,FEMALE,29.6
2000,IC_GEN_MGTL_19ICLS,Hungary,,FEMALE,33.53
2001,IC_GEN_MGTL_19ICLS,Hungary,,FEMALE,35.36
2002,IC_GEN_MGTL_19ICLS,Hungary,,FEMALE,35.74
2003,IC_GEN_MGTL_19ICLS,Hungary,,FEMALE,34.16
2004,IC_GEN_MGTL_19ICLS,Hungary,,FEMALE,33.66
2005,IC_GEN_MGTL_19ICLS,Hungary,,FEMALE,34.76
2006,IC_GEN_MGTL_19ICLS,Hungary,,FEMALE,36.63
2007,IC_GEN_MGTL_19ICLS,Hungary,,FEMALE,35.36
2008,IC_GEN_MGTL_19ICLS,Hungary,,FEMALE,36.5
2003,IC_GEN_MGTL_19ICLS,New Zealand,,FEMALE,36.44
2004,IC_GEN_MGTL_19ICLS,New Zealand,,FEMALE,36.3
2005,IC_GEN_MGTL_19ICLS,New Zealand,,FEMALE,36.5
2006,IC_GEN_MGTL_19ICLS,New Zealand,,FEMALE,39.88
2007,IC_GEN_MGTL_19ICLS,New Zealand,,FEMALE,39.97
2008,IC_GEN_MGTL_19ICLS,New Zealand,,FEMALE,39.95
2000,IC_GEN_MGTL_19ICLS,Norway,,FEMALE,24.99
2001,IC_GEN_MGTL_19ICLS,Norway,,FEMALE,25.24
2002,IC_GEN_MGTL_19ICLS,Norway,,FEMALE,27.53
2003,IC_GEN_MGTL_19ICLS,Norway,,FEMALE,28.43
2009,IC_GEN_MGTL_19ICLS,Hungary,,FEMALE,36.17
2010,IC_GEN_MGTL_19ICLS,Hungary,,FEMALE,36.48
2011,IC_GEN_MGTL_19ICLS,Hungary,,FEMALE,40.43
2012,IC_GEN_MGTL_19ICLS,Hungary,,FEMALE,38.93
2013,IC_GEN_MGTL_19ICLS,Hungary,,FEMALE,40.81
2014,IC_GEN_MGTL_19ICLS,Hungary,,FEMALE,39.82
2015,IC_GEN_MGTL_19ICLS,Hungary,,FEMALE,40.53
2016,IC_GEN_MGTL_19ICLS,Hungary,,FEMALE,39.36
2017,IC_GEN_MGTL_19ICLS,Hungary,,FEMALE,39.36
2018,IC_GEN_MGTL_19ICLS,Hungary,,FEMALE,38.57
2019,IC_GEN_MGTL_19ICLS,Hungary,,FEMALE,38.9
2020,IC_GEN_MGTL_19ICLS,Hungary,,FEMALE,39.2
2021,IC_GEN_MGTL_19ICLS,Hungary,,FEMALE,36.6
2000,IC_GEN_MGTL_19ICLS,Iceland,,FEMALE,29.01
2001,IC_GEN_MGTL_19ICLS,Iceland,,FEMALE,28.89
2002,IC_GEN_MGTL_19ICLS,Iceland,,FEMALE,29.38
2003,IC_GEN_MGTL_19ICLS,Iceland,,FEMALE,37.01
2004,IC_GEN_MGTL_19ICLS,Iceland,,FEMALE,33.6
2005,IC_GEN_MGTL_19ICLS,Iceland,,FEMALE,27.38
2004,IC_GEN_MGTL_19ICLS,Norway,,FEMALE,29.19
2005,IC_GEN_MGTL_19ICLS,Norway,,FEMALE,30.41
2006,IC_GEN_MGTL_19ICLS,Norway,,FEMALE,30.28
2007,IC_GEN_MGTL_19ICLS,Norway,,FEMALE,32.4
2008,IC_GEN_MGTL_19ICLS,Norway,,FEMALE,31.2
2009,IC_GEN_MGTL_19ICLS,Norway,,FEMALE,34.51
2010,IC_GEN_MGTL_19ICLS,Norway,,FEMALE,34.36
2011,IC_GEN_MGTL_19ICLS,Norway,,FEMALE,31.87
2012,IC_GEN_MGTL_19ICLS,Norway,,FEMALE,32.72
2013,IC_GEN_MGTL_19ICLS,Norway,,FEMALE,34.03
2014,IC_GEN_MGTL_19ICLS,Norway,,FEMALE,33.32
2006,IC_GEN_MGTL_19ICLS,Iceland,,FEMALE,29.35
2007,IC_GEN_MGTL_19ICLS,Iceland,,FEMALE,29.69
2008,IC_GEN_MGTL_19ICLS,Iceland,,FEMALE,32.9
2009,IC_GEN_MGTL_19ICLS,Iceland,,FEMALE,33.61
2010,IC_GEN_MGTL_19ICLS,Iceland,,FEMALE,34.3
2011,IC_GEN_MGTL_19ICLS,Iceland,,FEMALE,39.78
2012,IC_GEN_MGTL_19ICLS,Iceland,,FEMALE,39.9
2013,IC_GEN_MGTL_19ICLS,Iceland,,FEMALE,37.52
2014,IC_GEN_MGTL_19ICLS,Iceland,,FEMALE,37.16
2015,IC_GEN_MGTL_19ICLS,Iceland,,FEMALE,38.24
2016,IC_GEN_MGTL_19ICLS,Iceland,,FEMALE,34.15
2015,IC_GEN_MGTL_19ICLS,Norway,,FEMALE,36.63
2016,IC_GEN_MGTL_19ICLS,Norway,,FEMALE,36.49
2017,IC_GEN_MGTL_19ICLS,Norway,,FEMALE,38.74
2018,IC_GEN_MGTL_19ICLS,Norway,,FEMALE,35.16
2019,IC_GEN_MGTL_19ICLS,Norway,,FEMALE,34.27
2020,IC_GEN_MGTL_19ICLS,Norway,,FEMALE,34.21
2021,IC_GEN_MGTL_19ICLS,Norway,,FEMALE,34.16
2000,IC_GEN_MGTL_19ICLS,Poland,,FEMALE,32.54
2001,IC_GEN_MGTL_19ICLS,Poland,,FEMALE,29.79
2002,IC_GEN_MGTL_19ICLS,Poland,,FEMALE,31.08
2003,IC_GEN_MGTL_19ICLS,Poland,,FEMALE,33.3
2017,IC_GEN_MGTL_19ICLS,Iceland,,FEMALE,32.38
2018,IC_GEN_MGTL_19ICLS,Iceland,,FEMALE,41.46
2019,IC_GEN_MGTL_19ICLS,Iceland,,FEMALE,41.9
2020,IC_GEN_MGTL_19ICLS,Iceland,,FEMALE,38.64
2021,IC_GEN_MGTL_19ICLS,Iceland,,FEMALE,37.57
2000,IC_GEN_MGTL_19ICLS,Ireland,,FEMALE,26.28
2001,IC_GEN_MGTL_19ICLS,Ireland,,FEMALE,27.53
2002,IC_GEN_MGTL_19ICLS,Ireland,,FEMALE,27.26
2003,IC_GEN_MGTL_19ICLS,Ireland,,FEMALE,28.68
2004,IC_GEN_MGTL_19ICLS,Ireland,,FEMALE,28.7
2005,IC_GEN_MGTL_19ICLS,Ireland,,FEMALE,30.62
2004,IC_GEN_MGTL_19ICLS,Poland,,FEMALE,32.75
2005,IC_GEN_MGTL_19ICLS,Poland,,FEMALE,32.8
2006,IC_GEN_MGTL_19ICLS,Poland,,FEMALE,35.35
2007,IC_GEN_MGTL_19ICLS,Poland,,FEMALE,36.22
2008,IC_GEN_MGTL_19ICLS,Poland,,FEMALE,36.13
2009,IC_GEN_MGTL_19ICLS,Poland,,FEMALE,35.48
2010,IC_GEN_MGTL_19ICLS,Poland,,FEMALE,35.64
2011,IC_GEN_MGTL_19ICLS,Poland,,FEMALE,37.98
2012,IC_GEN_MGTL_19ICLS,Poland,,FEMALE,37.82
2013,IC_GEN_MGTL_19ICLS,Poland,,FEMALE,37.76
2014,IC_GEN_MGTL_19ICLS,Poland,,FEMALE,38.81
2006,IC_GEN_MGTL_19ICLS,Ireland,,FEMALE,30.76
2007,IC_GEN_MGTL_19ICLS,Ireland,,FEMALE,38.6
2008,IC_GEN_MGTL_19ICLS,Ireland,,FEMALE,39.89
2009,IC_GEN_MGTL_19ICLS,Ireland,,FEMALE,39.52
2010,IC_GEN_MGTL_19ICLS,Ireland,,FEMALE,39.14
2011,IC_GEN_MGTL_19ICLS,Ireland,,FEMALE,33.75
2012,IC_GEN_MGTL_19ICLS,Ireland,,FEMALE,33.17
2013,IC_GEN_MGTL_19ICLS,Ireland,,FEMALE,33.31
2014,IC_GEN_MGTL_19ICLS,Ireland,,FEMALE,33.7
2015,IC_GEN_MGTL_19ICLS,Ireland,,FEMALE,34.65
2016,IC_GEN_MGTL_19ICLS,Ireland,,FEMALE,36.22
2017,IC_GEN_MGTL_19ICLS,Ireland,,FEMALE,36.18
2018,IC_GEN_MGTL_19ICLS,Ireland,,FEMALE,36.02
2019,IC_GEN_MGTL_19ICLS,Ireland,,FEMALE,35.28
2020,IC_GEN_MGTL_19ICLS,Ireland,,FEMALE,36.35
2000,IC_GEN_MGTL_19ICLS,Israel,,FEMALE,27.18
2001,IC_GEN_MGTL_19ICLS,Israel,,FEMALE,27.14
2002,IC_GEN_MGTL_19ICLS,Israel,,FEMALE,26.88
2003,IC_GEN_MGTL_19ICLS,Israel,,FEMALE,29.57
2004,IC_GEN_MGTL_19ICLS,Israel,,FEMALE,28.67
2005,IC_GEN_MGTL_19ICLS,Israel,,FEMALE,27.59
2006,IC_GEN_MGTL_19ICLS,Israel,,FEMALE,30.12
2015,IC_GEN_MGTL_19ICLS,Poland,,FEMALE,40.17
2016,IC_GEN_MGTL_19ICLS,Poland,,FEMALE,41.17
2017,IC_GEN_MGTL_19ICLS,Poland,,FEMALE,41.25
2018,IC_GEN_MGTL_19ICLS,Poland,,FEMALE,42.5
2019,IC_GEN_MGTL_19ICLS,Poland,,FEMALE,43.05
2020,IC_GEN_MGTL_19ICLS,Poland,,FEMALE,43.32
2021,IC_GEN_MGTL_19ICLS,Poland,,FEMALE,42.98
2000,IC_GEN_MGTL_19ICLS,Portugal,,FEMALE,31.05
2001,IC_GEN_MGTL_19ICLS,Portugal,,FEMALE,30.81
2002,IC_GEN_MGTL_19ICLS,Portugal,,FEMALE,29.5
2003,IC_GEN_MGTL_19ICLS,Portugal,,FEMALE,32.2
2007,IC_GEN_MGTL_19ICLS,Israel,,FEMALE,29.73
2008,IC_GEN_MGTL_19ICLS,Israel,,FEMALE,32.12
2009,IC_GEN_MGTL_19ICLS,Israel,,FEMALE,31.17
2010,IC_GEN_MGTL_19ICLS,Israel,,FEMALE,34.75
2011,IC_GEN_MGTL_19ICLS,Israel,,FEMALE,35.45
2012,IC_GEN_MGTL_19ICLS,Israel,,FEMALE,32.1
2013,IC_GEN_MGTL_19ICLS,Israel,,FEMALE,32.68
2014,IC_GEN_MGTL_19ICLS,Israel,,FEMALE,32.87
2015,IC_GEN_MGTL_19ICLS,Israel,,FEMALE,32.27
2016,IC_GEN_MGTL_19ICLS,Israel,,FEMALE,34.15
2017,IC_GEN_MGTL_19ICLS,Israel,,FEMALE,34.56
2018,IC_GEN_MGTL_19ICLS,Israel,,FEMALE,33.85
2019,IC_GEN_MGTL_19ICLS,Israel,,FEMALE,30.37
2020,IC_GEN_MGTL_19ICLS,Israel,,FEMALE,28.01
2021,IC_GEN_MGTL_19ICLS,Israel,,FEMALE,29.05
2000,IC_GEN_MGTL_19ICLS,Italy,,FEMALE,14.32
2001,IC_GEN_MGTL_19ICLS,Italy,,FEMALE,18.75
2002,IC_GEN_MGTL_19ICLS,Italy,,FEMALE,20.18
2003,IC_GEN_MGTL_19ICLS,Italy,,FEMALE,20.84
2004,IC_GEN_MGTL_19ICLS,Italy,,FEMALE,33.3
2005,IC_GEN_MGTL_19ICLS,Italy,,FEMALE,32.5
2006,IC_GEN_MGTL_19ICLS,Italy,,FEMALE,33.01
2004,IC_GEN_MGTL_19ICLS,Portugal,,FEMALE,33.46
2005,IC_GEN_MGTL_19ICLS,Portugal,,FEMALE,34.06
2006,IC_GEN_MGTL_19ICLS,Portugal,,FEMALE,33.03
2007,IC_GEN_MGTL_19ICLS,Portugal,,FEMALE,31.83
2008,IC_GEN_MGTL_19ICLS,Portugal,,FEMALE,31.45
2009,IC_GEN_MGTL_19ICLS,Portugal,,FEMALE,31.78
2010,IC_GEN_MGTL_19ICLS,Portugal,,FEMALE,32.28
2011,IC_GEN_MGTL_19ICLS,Portugal,,FEMALE,33.36
2012,IC_GEN_MGTL_19ICLS,Portugal,,FEMALE,35.16
2013,IC_GEN_MGTL_19ICLS,Portugal,,FEMALE,33.75
2014,IC_GEN_MGTL_19ICLS,Portugal,,FEMALE,35.13
2007,IC_GEN_MGTL_19ICLS,Italy,,FEMALE,33.7
2008,IC_GEN_MGTL_19ICLS,Italy,,FEMALE,33.39
2009,IC_GEN_MGTL_19ICLS,Italy,,FEMALE,33.78
2010,IC_GEN_MGTL_19ICLS,Italy,,FEMALE,32.85
2011,IC_GEN_MGTL_19ICLS,Italy,,FEMALE,25.08
2012,IC_GEN_MGTL_19ICLS,Italy,,FEMALE,26.03
2013,IC_GEN_MGTL_19ICLS,Italy,,FEMALE,27.01
2014,IC_GEN_MGTL_19ICLS,Italy,,FEMALE,26.58
2015,IC_GEN_MGTL_19ICLS,Italy,,FEMALE,26.57
2016,IC_GEN_MGTL_19ICLS,Italy,,FEMALE,27.67
2017,IC_GEN_MGTL_19ICLS,Italy,,FEMALE,27.49
2015,IC_GEN_MGTL_19ICLS,Portugal,,FEMALE,32.63
2016,IC_GEN_MGTL_19ICLS,Portugal,,FEMALE,35.85
2017,IC_GEN_MGTL_19ICLS,Portugal,,FEMALE,34.3
2018,IC_GEN_MGTL_19ICLS,Portugal,,FEMALE,33.96
2019,IC_GEN_MGTL_19ICLS,Portugal,,FEMALE,37.13
2020,IC_GEN_MGTL_19ICLS,Portugal,,FEMALE,35.65
2021,IC_GEN_MGTL_19ICLS,Portugal,,FEMALE,33.98
2000,IC_GEN_MGTL_19ICLS,Romania,,FEMALE,26.8
2001,IC_GEN_MGTL_19ICLS,Romania,,FEMALE,28.46
2002,IC_GEN_MGTL_19ICLS,Romania,,FEMALE,33.25
2003,IC_GEN_MGTL_19ICLS,Romania,,FEMALE,33.22
2018,IC_GEN_MGTL_19ICLS,Italy,,FEMALE,26.99
2019,IC_GEN_MGTL_19ICLS,Italy,,FEMALE,27.8
2020,IC_GEN_MGTL_19ICLS,Italy,,FEMALE,27.32
2021,IC_GEN_MGTL_19ICLS,Italy,,FEMALE,28.77
2000,IC_GEN_MGTL_19ICLS,Japan,,FEMALE,9.41
2001,IC_GEN_MGTL_19ICLS,Japan,,FEMALE,9.16
2002,IC_GEN_MGTL_19ICLS,Japan,,FEMALE,9.71
2003,IC_GEN_MGTL_19ICLS,Japan,,FEMALE,9.49
2004,IC_GEN_MGTL_19ICLS,Japan,,FEMALE,9.54
2005,IC_GEN_MGTL_19ICLS,Japan,,FEMALE,9.93
2006,IC_GEN_MGTL_19ICLS,Japan,,FEMALE,10.21
2007,IC_GEN_MGTL_19ICLS,Japan,,FEMALE,9.51
2008,IC_GEN_MGTL_19ICLS,Japan,,FEMALE,9.53
2009,IC_GEN_MGTL_19ICLS,Japan,,FEMALE,10.23
2010,IC_GEN_MGTL_19ICLS,Japan,,FEMALE,10.41
2011,IC_GEN_MGTL_19ICLS,Japan,,FEMALE,11.74
2012,IC_GEN_MGTL_19ICLS,Japan,,FEMALE,11.31
2013,IC_GEN_MGTL_19ICLS,Japan,,FEMALE,10.85
2014,IC_GEN_MGTL_19ICLS,Japan,,FEMALE,11.39
2015,IC_GEN_MGTL_19ICLS,Japan,,FEMALE,12.05
2016,IC_GEN_MGTL_19ICLS,Japan,,FEMALE,13.33
2017,IC_GEN_MGTL_19ICLS,Japan,,FEMALE,12.78
2004,IC_GEN_MGTL_19ICLS,Romania,,FEMALE,28.88
2005,IC_GEN_MGTL_19ICLS,Romania,,FEMALE,29.18
2006,IC_GEN_MGTL_19ICLS,Romania,,FEMALE,30.18
2007,IC_GEN_MGTL_19ICLS,Romania,,FEMALE,28.21
2008,IC_GEN_MGTL_19ICLS,Romania,,FEMALE,29.54
2009,IC_GEN_MGTL_19ICLS,Romania,,FEMALE,31.26
2010,IC_GEN_MGTL_19ICLS,Romania,,FEMALE,31.05
2011,IC_GEN_MGTL_19ICLS,Romania,,FEMALE,30.84
2012,IC_GEN_MGTL_19ICLS,Romania,,FEMALE,31.06
2013,IC_GEN_MGTL_19ICLS,Romania,,FEMALE,31.25
2014,IC_GEN_MGTL_19ICLS,Romania,,FEMALE,31.66
2015,IC_GEN_MGTL_19ICLS,Romania,,FEMALE,31.48
2016,IC_GEN_MGTL_19ICLS,Romania,,FEMALE,33.61
2017,IC_GEN_MGTL_19ICLS,Romania,,FEMALE,30.37
2018,IC_GEN_MGTL_19ICLS,Romania,,FEMALE,31.63
2019,IC_GEN_MGTL_19ICLS,Romania,,FEMALE,33.56
2020,IC_GEN_MGTL_19ICLS,Romania,,FEMALE,34.96
2021,IC_GEN_MGTL_19ICLS,Romania,,FEMALE,35.83
2004,IC_GEN_MGTL_19ICLS,Serbia,,FEMALE,25.87
2005,IC_GEN_MGTL_19ICLS,Serbia,,FEMALE,24.78
2006,IC_GEN_MGTL_19ICLS,Serbia,,FEMALE,24.9
2007,IC_GEN_MGTL_19ICLS,Serbia,,FEMALE,35.39
2008,IC_GEN_MGTL_19ICLS,Serbia,,FEMALE,36.22
2009,IC_GEN_MGTL_19ICLS,Serbia,,FEMALE,35.0
2010,IC_GEN_MGTL_19ICLS,Serbia,,FEMALE,33.3
2011,IC_GEN_MGTL_19ICLS,Serbia,,FEMALE,32.8
2012,IC_GEN_MGTL_19ICLS,Serbia,,FEMALE,29.07
2013,IC_GEN_MGTL_19ICLS,Serbia,,FEMALE,31.46
2014,IC_GEN_MGTL_19ICLS,Serbia,,FEMALE,29.82
2015,IC_GEN_MGTL_19ICLS,Serbia,,FEMALE,28.59
2016,IC_GEN_MGTL_19ICLS,Serbia,,FEMALE,29.37
2017,IC_GEN_MGTL_19ICLS,Serbia,,FEMALE,30.69
2018,IC_GEN_MGTL_19ICLS,Serbia,,FEMALE,31.33
2019,IC_GEN_MGTL_19ICLS,Serbia,,FEMALE,32.74
2020,IC_GEN_MGTL_19ICLS,Serbia,,FEMALE,31.48
2021,IC_GEN_MGTL_19ICLS,Serbia,,FEMALE,33.0
2000,IC_GEN_MGTL_19ICLS,Slovakia,,FEMALE,30.75
2001,IC_GEN_MGTL_19ICLS,Slovakia,,FEMALE,30.57
2002,IC_GEN_MGTL_19ICLS,Slovakia,,FEMALE,31.37
2003,IC_GEN_MGTL_19ICLS,Slovakia,,FEMALE,34.62
2004,IC_GEN_MGTL_19ICLS,Slovakia,,FEMALE,32.37
2005,IC_GEN_MGTL_19ICLS,Slovakia,,FEMALE,30.76
2006,IC_GEN_MGTL_19ICLS,Slovakia,,FEMALE,27.88
2007,IC_GEN_MGTL_19ICLS,Slovakia,,FEMALE,30.94
2008,IC_GEN_MGTL_19ICLS,Slovakia,,FEMALE,29.67
2009,IC_GEN_MGTL_19ICLS,Slovakia,,FEMALE,32.24
2010,IC_GEN_MGTL_19ICLS,Slovakia,,FEMALE,34.16
2011,IC_GEN_MGTL_19ICLS,Slovakia,,FEMALE,31.43
2012,IC_GEN_MGTL_19ICLS,Slovakia,,FEMALE,33.11
2013,IC_GEN_MGTL_19ICLS,Slovakia,,FEMALE,32.3
2014,IC_GEN_MGTL_19ICLS,Slovakia,,FEMALE,31.38
2015,IC_GEN_MGTL_19ICLS,Slovakia,,FEMALE,31.39
2016,IC_GEN_MGTL_19ICLS,Slovakia,,FEMALE,35.07
2017,IC_GEN_MGTL_19ICLS,Slovakia,,FEMALE,32.54
2018,IC_GEN_MGTL_19ICLS,Slovakia,,FEMALE,32.14
2019,IC_GEN_MGTL_19ICLS,Slovakia,,FEMALE,33.74
2020,IC_GEN_MGTL_19ICLS,Slovakia,,FEMALE,35.53
2021,IC_GEN_MGTL_19ICLS,Slovakia,,FEMALE,37.99
2020,IC_GEN_MGTL_19ICLS,Viet Nam,,FEMALE,26.33
2021,IC_GEN_MGTL_19ICLS,Viet Nam,,FEMALE,24.9
2000,IC_GEN_MGTL_19ICLS,Slovenia,,FEMALE,29.59
2001,IC_GEN_MGTL_19ICLS,Slovenia,,FEMALE,31.84
2002,IC_GEN_MGTL_19ICLS,Slovenia,,FEMALE,31.24
2003,IC_GEN_MGTL_19ICLS,Slovenia,,FEMALE,33.2
2004,IC_GEN_MGTL_19ICLS,Slovenia,,FEMALE,33.31
2005,IC_GEN_MGTL_19ICLS,Slovenia,,FEMALE,34.19
2006,IC_GEN_MGTL_19ICLS,Slovenia,,FEMALE,33.1
2007,IC_GEN_MGTL_19ICLS,Slovenia,,FEMALE,31.85
2008,IC_GEN_MGTL_19ICLS,Slovenia,,FEMALE,34.83
2009,IC_GEN_MGTL_19ICLS,Slovenia,,FEMALE,35.54
2010,IC_GEN_MGTL_19ICLS,Slovenia,,FEMALE,34.8
2011,IC_GEN_MGTL_19ICLS,Slovenia,,FEMALE,38.39
2012,IC_GEN_MGTL_19ICLS,Slovenia,,FEMALE,38.96
2013,IC_GEN_MGTL_19ICLS,Slovenia,,FEMALE,37.03
2014,IC_GEN_MGTL_19ICLS,Slovenia,,FEMALE,37.55
2015,IC_GEN_MGTL_19ICLS,Slovenia,,FEMALE,37.36
2016,IC_GEN_MGTL_19ICLS,Slovenia,,FEMALE,40.84
2017,IC_GEN_MGTL_19ICLS,Slovenia,,FEMALE,41.18
2018,IC_GEN_MGTL_19ICLS,Slovenia,,FEMALE,38.55
2019,IC_GEN_MGTL_19ICLS,Slovenia,,FEMALE,40.13
2020,IC_GEN_MGTL_19ICLS,Slovenia,,FEMALE,40.1
2000,IC_GEN_MGTL_19ICLS,Spain,,FEMALE,31.53
2001,IC_GEN_MGTL_19ICLS,Spain,,FEMALE,32.31
2002,IC_GEN_MGTL_19ICLS,Spain,,FEMALE,31.57
2003,IC_GEN_MGTL_19ICLS,Spain,,FEMALE,29.9
2004,IC_GEN_MGTL_19ICLS,Spain,,FEMALE,31.58
2005,IC_GEN_MGTL_19ICLS,Spain,,FEMALE,32.04
2006,IC_GEN_MGTL_19ICLS,Spain,,FEMALE,31.87
2007,IC_GEN_MGTL_19ICLS,Spain,,FEMALE,33.21
2008,IC_GEN_MGTL_19ICLS,Spain,,FEMALE,33.4
2009,IC_GEN_MGTL_19ICLS,Spain,,FEMALE,34.63
2010,IC_GEN_MGTL_19ICLS,Spain,,FEMALE,33.33
2011,IC_GEN_MGTL_19ICLS,Spain,,FEMALE,29.19
2012,IC_GEN_MGTL_19ICLS,Spain,,FEMALE,30.39
2013,IC_GEN_MGTL_19ICLS,Spain,,FEMALE,31.14
2014,IC_GEN_MGTL_19ICLS,Spain,,FEMALE,29.29
2015,IC_GEN_MGTL_19ICLS,Spain,,FEMALE,32.8
2016,IC_GEN_MGTL_19ICLS,Spain,,FEMALE,30.76
2017,IC_GEN_MGTL_19ICLS,Spain,,FEMALE,30.28
2018,IC_GEN_MGTL_19ICLS,Spain,,FEMALE,33.55
2019,IC_GEN_MGTL_19ICLS,Spain,,FEMALE,31.92
2020,IC_GEN_MGTL_19ICLS,Spain,,FEMALE,35.42
2021,IC_GEN_MGTL_19ICLS,Spain,,FEMALE,34.12
2000,IC_GEN_MGTL_19ICLS,Sweden,,FEMALE,30.66
2001,IC_GEN_MGTL_19ICLS,Sweden,,FEMALE,30.51
2002,IC_GEN_MGTL_19ICLS,Sweden,,FEMALE,30.71
2003,IC_GEN_MGTL_19ICLS,Sweden,,FEMALE,30.3
2004,IC_GEN_MGTL_19ICLS,Sweden,,FEMALE,30.27
2005,IC_GEN_MGTL_19ICLS,Sweden,,FEMALE,29.89
2006,IC_GEN_MGTL_19ICLS,Sweden,,FEMALE,32.1
2007,IC_GEN_MGTL_19ICLS,Sweden,,FEMALE,31.59
2008,IC_GEN_MGTL_19ICLS,Sweden,,FEMALE,32.08
2009,IC_GEN_MGTL_19ICLS,Sweden,,FEMALE,32.49
2010,IC_GEN_MGTL_19ICLS,Sweden,,FEMALE,31.36
2011,IC_GEN_MGTL_19ICLS,Sweden,,FEMALE,34.48
2012,IC_GEN_MGTL_19ICLS,Sweden,,FEMALE,35.49
2013,IC_GEN_MGTL_19ICLS,Sweden,,FEMALE,35.44
2014,IC_GEN_MGTL_19ICLS,Sweden,,FEMALE,37.12
2015,IC_GEN_MGTL_19ICLS,Sweden,,FEMALE,39.55
2016,IC_GEN_MGTL_19ICLS,Sweden,,FEMALE,39.3
2017,IC_GEN_MGTL_19ICLS,Sweden,,FEMALE,38.93
2018,IC_GEN_MGTL_19ICLS,Sweden,,FEMALE,38.1
2019,IC_GEN_MGTL_19ICLS,Sweden,,FEMALE,40.27
2020,IC_GEN_MGTL_19ICLS,Sweden,,FEMALE,42.29
2021,IC_GEN_MGTL_19ICLS,Sweden,,FEMALE,42.97
2000,IC_GEN_MGTL_19ICLS,Switzerland,,FEMALE,25.44
2001,IC_GEN_MGTL_19ICLS,Switzerland,,FEMALE,24.41
2002,IC_GEN_MGTL_19ICLS,Switzerland,,FEMALE,26.42
2003,IC_GEN_MGTL_19ICLS,Switzerland,,FEMALE,26.71
2004,IC_GEN_MGTL_19ICLS,Switzerland,,FEMALE,26.5
2005,IC_GEN_MGTL_19ICLS,Switzerland,,FEMALE,26.89
2006,IC_GEN_MGTL_19ICLS,Switzerland,,FEMALE,29.66
2007,IC_GEN_MGTL_19ICLS,Switzerland,,FEMALE,29.17
2008,IC_GEN_MGTL_19ICLS,Switzerland,,FEMALE,27.84
2009,IC_GEN_MGTL_19ICLS,Switzerland,,FEMALE,30.33
2010,IC_GEN_MGTL_19ICLS,Switzerland,,FEMALE,30.45
2011,IC_GEN_MGTL_19ICLS,Switzerland,,FEMALE,30.47
2012,IC_GEN_MGTL_19ICLS,Switzerland,,FEMALE,30.52
2013,IC_GEN_MGTL_19ICLS,Switzerland,,FEMALE,29.53
2014,IC_GEN_MGTL_19ICLS,Switzerland,,FEMALE,31.34
2015,IC_GEN_MGTL_19ICLS,Switzerland,,FEMALE,33.05
2016,IC_GEN_MGTL_19ICLS,Switzerland,,FEMALE,33.02
2017,IC_GEN_MGTL_19ICLS,Switzerland,,FEMALE,30.79
2018,IC_GEN_MGTL_19ICLS,Switzerland,,FEMALE,32.14
2019,IC_GEN_MGTL_19ICLS,Switzerland,,FEMALE,33.45
2020,IC_GEN_MGTL_19ICLS,Switzerland,,FEMALE,33.06
2021,IC_GEN_MGTL_19ICLS,Switzerland,,FEMALE,31.51
2000,IC_GEN_MGTL_19ICLS,United Arab Emirates,,FEMALE,7.81
2005,IC_GEN_MGTL_19ICLS,United Arab Emirates,,FEMALE,10.17
2008,IC_GEN_MGTL_19ICLS,United Arab Emirates,,FEMALE,9.95
2016,IC_GEN_MGTL_19ICLS,United Arab Emirates,,FEMALE,14.57
2017,IC_GEN_MGTL_19ICLS,United Arab Emirates,,FEMALE,12.47
2018,IC_GEN_MGTL_19ICLS,United Arab Emirates,,FEMALE,15.78
2019,IC_GEN_MGTL_19ICLS,United Arab Emirates,,FEMALE,21.51
2020,IC_GEN_MGTL_19ICLS,United Arab Emirates,,FEMALE,17.74
2021,IC_GEN_MGTL_19ICLS,United Arab Emirates,,FEMALE,23.13
2000,IC_GEN_MGTL_19ICLS,United Kingdom of Great Britain and Northern Ireland,,FEMALE,34.5
2001,IC_GEN_MGTL_19ICLS,United Kingdom of Great Britain and Northern Ireland,,FEMALE,30.86
2002,IC_GEN_MGTL_19ICLS,United Kingdom of Great Britain and Northern Ireland,,FEMALE,32.49
2003,IC_GEN_MGTL_19ICLS,United Kingdom of Great Britain and Northern Ireland,,FEMALE,32.32
2004,IC_GEN_MGTL_19ICLS,United Kingdom of Great Britain and Northern Ireland,,FEMALE,33.05
2005,IC_GEN_MGTL_19ICLS,United Kingdom of Great Britain and Northern Ireland,,FEMALE,34.33
2006,IC_GEN_MGTL_19ICLS,United Kingdom of Great Britain and Northern Ireland,,FEMALE,34.66
2007,IC_GEN_MGTL_19ICLS,United Kingdom of Great Britain and Northern Ireland,,FEMALE,34.14
2008,IC_GEN_MGTL_19ICLS,United Kingdom of Great Britain and Northern Ireland,,FEMALE,34.03
2009,IC_GEN_MGTL_19ICLS,United Kingdom of Great Britain and Northern Ireland,,FEMALE,36.16
2010,IC_GEN_MGTL_19ICLS,United Kingdom of Great Britain and Northern Ireland,,FEMALE,35.86
2011,IC_GEN_MGTL_19ICLS,United Kingdom of Great Britain and Northern Ireland,,FEMALE,33.89
2012,IC_GEN_MGTL_19ICLS,United Kingdom of Great Britain and Northern Ireland,,FEMALE,34.18
2013,IC_GEN_MGTL_19ICLS,United Kingdom of Great Britain and Northern Ireland,,FEMALE,33.39
2014,IC_GEN_MGTL_19ICLS,United Kingdom of Great Britain and Northern Ireland,,FEMALE,35.42
2015,IC_GEN_MGTL_19ICLS,United Kingdom of Great Britain and Northern Ireland,,FEMALE,35.71
2016,IC_GEN_MGTL_19ICLS,United Kingdom of Great Britain and Northern Ireland,,FEMALE,35.56
2017,IC_GEN_MGTL_19ICLS,United Kingdom of Great Britain and Northern Ireland,,FEMALE,35.79
2018,IC_GEN_MGTL_19ICLS,United Kingdom of Great Britain and Northern Ireland,,FEMALE,36.05
2019,IC_GEN_MGTL_19ICLS,United Kingdom of Great Britain and Northern Ireland,,FEMALE,37.31
2019,IC_GEN_MGTL_19ICLS,United Kingdom of Great Britain and Northern Ireland,,FEMALE,37.31
