Year,SeriesCode,GeoAreaName,Sex,Value
2000,IC_GEN_MGTN,Estonia,FEMALE,34.83
2001,IC_GEN_MGTN,Estonia,FEMALE,38.17
2002,IC_GEN_MGTN,Estonia,FEMALE,37.17
2003,IC_GEN_MGTN,Estonia,FEMALE,34.8
2004,IC_GEN_MGTN,Estonia,FEMALE,41.23
2005,IC_GEN_MGTN,Estonia,FEMALE,41.04
2006,IC_GEN_MGTN,Estonia,FEMALE,39.63
2007,IC_GEN_MGTN,Estonia,FEMALE,34.91
2008,IC_GEN_MGTN,Estonia,FEMALE,36.6
2009,IC_GEN_MGTN,Estonia,FEMALE,34.34
2010,IC_GEN_MGTN,Estonia,FEMALE,38.37
2011,IC_GEN_MGTN,Estonia,FEMALE,34.63
2012,IC_GEN_MGTN,Estonia,FEMALE,31.62
2013,IC_GEN_MGTN,Estonia,FEMALE,32.81
2014,IC_GEN_MGTN,Estonia,FEMALE,30.84
2015,IC_GEN_MGTN,Estonia,FEMALE,27.84
2016,IC_GEN_MGTN,Estonia,FEMALE,31.63
2017,IC_GEN_MGTN,Estonia,FEMALE,34.33
2018,IC_GEN_MGTN,Estonia,FEMALE,33.24
2019,IC_GEN_MGTN,Estonia,FEMALE,35.11
2020,IC_GEN_MGTN,Estonia,FEMALE,35.83
2000,IC_GEN_MGTN,Finland,FEMALE,27.55
2001,IC_GEN_MGTN,Finland,FEMALE,29.74
2002,IC_GEN_MGTN,Finland,FEMALE,30.23
2003,IC_GEN_MGTN,Finland,FEMALE,30.93
2004,IC_GEN_MGTN,Finland,FEMALE,30.68
2005,IC_GEN_MGTN,Finland,FEMALE,32.67
2006,IC_GEN_MGTN,Finland,FEMALE,33.85
2007,IC_GEN_MGTN,Finland,FEMALE,32.28
2008,IC_GEN_MGTN,Finland,FEMALE,33.58
2009,IC_GEN_MGTN,Finland,FEMALE,34.71
2010,IC_GEN_MGTN,Finland,FEMALE,34.34
2011,IC_GEN_MGTN,Finland,FEMALE,31.09
2012,IC_GEN_MGTN,Finland,FEMALE,29.67
2013,IC_GEN_MGTN,Finland,FEMALE,29.47
2014,IC_GEN_MGTN,Finland,FEMALE,34.26
2015,IC_GEN_MGTN,Finland,FEMALE,33.49
2016,IC_GEN_MGTN,Finland,FEMALE,34.06
2017,IC_GEN_MGTN,Finland,FEMALE,31.45
2018,IC_GEN_MGTN,Finland,FEMALE,32.02
2019,IC_GEN_MGTN,Finland,FEMALE,36.76
2020,IC_GEN_MGTN,Finland,FEMALE,37.48
2005,IC_GEN_MGTN,France,FEMALE,36.37
2006,IC_GEN_MGTN,France,FEMALE,37.01
2007,IC_GEN_MGTN,France,FEMALE,36.46
2008,IC_GEN_MGTN,France,FEMALE,36.79
2009,IC_GEN_MGTN,France,FEMALE,37.37
2010,IC_GEN_MGTN,France,FEMALE,38.59
2011,IC_GEN_MGTN,France,FEMALE,39.13
2012,IC_GEN_MGTN,France,FEMALE,39.2
2013,IC_GEN_MGTN,France,FEMALE,35.58
2014,IC_GEN_MGTN,France,FEMALE,32.03
2015,IC_GEN_MGTN,France,FEMALE,30.93
2016,IC_GEN_MGTN,France,FEMALE,31.07
2017,IC_GEN_MGTN,France,FEMALE,32.64
2018,IC_GEN_MGTN,France,FEMALE,34.38
2019,IC_GEN_MGTN,France,FEMALE,34.3
2020,IC_GEN_MGTN,France,FEMALE,34.95
2021,IC_GEN_MGTN,France,FEMALE,36.76
2009,IC_GEN_MGTN,Georgia,FEMALE,29.99
2010,IC_GEN_MGTN,Georgia,FEMALE,29.77
2011,IC_GEN_MGTN,Georgia,FEMALE,33.52
2012,IC_GEN_MGTN,Georgia,FEMALE,31.01
2002,IC_GEN_MGTN,Albania,FEMALE,15.8
2007,IC_GEN_MGTN,Albania,FEMALE,22.81
2008,IC_GEN_MGTN,Albania,FEMALE,24.43
2009,IC_GEN_MGTN,Albania,FEMALE,21.98
2010,IC_GEN_MGTN,Albania,FEMALE,19.1
2012,IC_GEN_MGTN,Albania,FEMALE,14.71
2013,IC_GEN_MGTN,Albania,FEMALE,29.3
2014,IC_GEN_MGTN,Albania,FEMALE,20.62
2015,IC_GEN_MGTN,Albania,FEMALE,19.27
2016,IC_GEN_MGTN,Albania,FEMALE,24.02
2013,IC_GEN_MGTN,Georgia,FEMALE,32.75
2014,IC_GEN_MGTN,Georgia,FEMALE,33.76
2015,IC_GEN_MGTN,Georgia,FEMALE,38.79
2016,IC_GEN_MGTN,Georgia,FEMALE,44.17
2017,IC_GEN_MGTN,Georgia,FEMALE,31.99
2018,IC_GEN_MGTN,Georgia,FEMALE,35.68
2019,IC_GEN_MGTN,Georgia,FEMALE,36.65
2020,IC_GEN_MGTN,Georgia,FEMALE,33.76
2000,IC_GEN_MGTN,Germany,FEMALE,20.66
2001,IC_GEN_MGTN,Germany,FEMALE,20.59
2002,IC_GEN_MGTN,Germany,FEMALE,21.99
2003,IC_GEN_MGTN,Germany,FEMALE,23.06
2004,IC_GEN_MGTN,Germany,FEMALE,22.76
2005,IC_GEN_MGTN,Germany,FEMALE,23.56
2006,IC_GEN_MGTN,Germany,FEMALE,24.19
2007,IC_GEN_MGTN,Germany,FEMALE,24.77
2008,IC_GEN_MGTN,Germany,FEMALE,25.69
2009,IC_GEN_MGTN,Germany,FEMALE,26.82
2010,IC_GEN_MGTN,Germany,FEMALE,27.51
2011,IC_GEN_MGTN,Germany,FEMALE,27.94
2012,IC_GEN_MGTN,Germany,FEMALE,27.06
2013,IC_GEN_MGTN,Germany,FEMALE,27.52
2014,IC_GEN_MGTN,Germany,FEMALE,27.76
2015,IC_GEN_MGTN,Germany,FEMALE,28.04
2016,IC_GEN_MGTN,Germany,FEMALE,28.09
2017,IC_GEN_MGTN,Germany,FEMALE,28.21
2018,IC_GEN_MGTN,Germany,FEMALE,28.58
2019,IC_GEN_MGTN,Germany,FEMALE,28.63
2020,IC_GEN_MGTN,Germany,FEMALE,27.08
2000,IC_GEN_MGTN,Greece,FEMALE,25.0
2001,IC_GEN_MGTN,Greece,FEMALE,24.81
2002,IC_GEN_MGTN,Greece,FEMALE,25.33
2003,IC_GEN_MGTN,Greece,FEMALE,26.36
2004,IC_GEN_MGTN,Greece,FEMALE,25.76
2005,IC_GEN_MGTN,Greece,FEMALE,26.36
2006,IC_GEN_MGTN,Greece,FEMALE,26.66
2007,IC_GEN_MGTN,Greece,FEMALE,28.03
2008,IC_GEN_MGTN,Greece,FEMALE,28.3
2009,IC_GEN_MGTN,Greece,FEMALE,29.8
2010,IC_GEN_MGTN,Greece,FEMALE,29.85
2011,IC_GEN_MGTN,Greece,FEMALE,22.08
2012,IC_GEN_MGTN,Greece,FEMALE,22.17
2013,IC_GEN_MGTN,Greece,FEMALE,25.66
2014,IC_GEN_MGTN,Greece,FEMALE,27.75
2015,IC_GEN_MGTN,Greece,FEMALE,24.76
2016,IC_GEN_MGTN,Greece,FEMALE,24.7
2017,IC_GEN_MGTN,Greece,FEMALE,29.88
2018,IC_GEN_MGTN,Greece,FEMALE,30.4
2019,IC_GEN_MGTN,Greece,FEMALE,30.54
2020,IC_GEN_MGTN,Greece,FEMALE,28.44
2021,IC_GEN_MGTN,Greece,FEMALE,29.44
2000,IC_GEN_MGTN,Hungary,FEMALE,34.19
2017,IC_GEN_MGTN,Albania,FEMALE,22.65
2018,IC_GEN_MGTN,Albania,FEMALE,31.6
2019,IC_GEN_MGTN,Albania,FEMALE,41.34
2010,IC_GEN_MGTN,Australia,FEMALE,33.53
2011,IC_GEN_MGTN,Australia,FEMALE,27.61
2012,IC_GEN_MGTN,Australia,FEMALE,29.89
2013,IC_GEN_MGTN,Australia,FEMALE,32.87
2014,IC_GEN_MGTN,Australia,FEMALE,34.99
2015,IC_GEN_MGTN,Australia,FEMALE,35.3
2016,IC_GEN_MGTN,Australia,FEMALE,36.23
2001,IC_GEN_MGTN,Hungary,FEMALE,37.65
2002,IC_GEN_MGTN,Hungary,FEMALE,37.86
2003,IC_GEN_MGTN,Hungary,FEMALE,37.19
2004,IC_GEN_MGTN,Hungary,FEMALE,36.65
2005,IC_GEN_MGTN,Hungary,FEMALE,39.4
2006,IC_GEN_MGTN,Hungary,FEMALE,40.94
2007,IC_GEN_MGTN,Hungary,FEMALE,39.04
2008,IC_GEN_MGTN,Hungary,FEMALE,40.78
2009,IC_GEN_MGTN,Hungary,FEMALE,39.9
2010,IC_GEN_MGTN,Hungary,FEMALE,39.96
2011,IC_GEN_MGTN,Hungary,FEMALE,38.22
2012,IC_GEN_MGTN,Hungary,FEMALE,36.26
2013,IC_GEN_MGTN,Hungary,FEMALE,38.26
2014,IC_GEN_MGTN,Hungary,FEMALE,37.59
2015,IC_GEN_MGTN,Hungary,FEMALE,39.06
2016,IC_GEN_MGTN,Hungary,FEMALE,37.72
2017,IC_GEN_MGTN,Hungary,FEMALE,37.64
2018,IC_GEN_MGTN,Hungary,FEMALE,37.05
2019,IC_GEN_MGTN,Hungary,FEMALE,35.9
2020,IC_GEN_MGTN,Hungary,FEMALE,36.78
2021,IC_GEN_MGTN,Hungary,FEMALE,36.02
2000,IC_GEN_MGTN,Iceland,FEMALE,30.41
2001,IC_GEN_MGTN,Iceland,FEMALE,30.18
2002,IC_GEN_MGTN,Iceland,FEMALE,32.26
2003,IC_GEN_MGTN,Iceland,FEMALE,40.0
2004,IC_GEN_MGTN,Iceland,FEMALE,38.12
2005,IC_GEN_MGTN,Iceland,FEMALE,30.04
2006,IC_GEN_MGTN,Iceland,FEMALE,33.97
2007,IC_GEN_MGTN,Iceland,FEMALE,33.05
2008,IC_GEN_MGTN,Iceland,FEMALE,36.96
2009,IC_GEN_MGTN,Iceland,FEMALE,38.35
2010,IC_GEN_MGTN,Iceland,FEMALE,37.14
2011,IC_GEN_MGTN,Iceland,FEMALE,39.09
2012,IC_GEN_MGTN,Iceland,FEMALE,38.2
2013,IC_GEN_MGTN,Iceland,FEMALE,37.87
2014,IC_GEN_MGTN,Iceland,FEMALE,38.24
2015,IC_GEN_MGTN,Iceland,FEMALE,39.51
2016,IC_GEN_MGTN,Iceland,FEMALE,34.76
2017,IC_GEN_MGTN,Iceland,FEMALE,32.96
2018,IC_GEN_MGTN,Iceland,FEMALE,43.05
2019,IC_GEN_MGTN,Iceland,FEMALE,44.01
2020,IC_GEN_MGTN,Iceland,FEMALE,38.62
2010,IC_GEN_MGTN,India,FEMALE,12.15
2012,IC_GEN_MGTN,India,FEMALE,12.88
2018,IC_GEN_MGTN,India,FEMALE,13.68
2019,IC_GEN_MGTN,India,FEMALE,16.45
2020,IC_GEN_MGTN,India,FEMALE,16.45
2000,IC_GEN_MGTN,Ireland,FEMALE,33.69
2001,IC_GEN_MGTN,Ireland,FEMALE,38.35
2002,IC_GEN_MGTN,Ireland,FEMALE,38.66
2003,IC_GEN_MGTN,Ireland,FEMALE,40.8
2004,IC_GEN_MGTN,Ireland,FEMALE,39.72
2005,IC_GEN_MGTN,Ireland,FEMALE,43.59
2006,IC_GEN_MGTN,Ireland,FEMALE,41.42
2007,IC_GEN_MGTN,Ireland,FEMALE,40.26
2008,IC_GEN_MGTN,Ireland,FEMALE,42.22
2009,IC_GEN_MGTN,Ireland,FEMALE,40.08
2010,IC_GEN_MGTN,Ireland,FEMALE,39.81
2011,IC_GEN_MGTN,Ireland,FEMALE,30.63
2012,IC_GEN_MGTN,Ireland,FEMALE,29.92
2013,IC_GEN_MGTN,Ireland,FEMALE,29.94
2014,IC_GEN_MGTN,Ireland,FEMALE,30.95
2015,IC_GEN_MGTN,Ireland,FEMALE,29.94
2016,IC_GEN_MGTN,Ireland,FEMALE,31.87
2017,IC_GEN_MGTN,Ireland,FEMALE,31.04
2018,IC_GEN_MGTN,Ireland,FEMALE,32.16
2019,IC_GEN_MGTN,Ireland,FEMALE,30.42
2020,IC_GEN_MGTN,Ireland,FEMALE,32.37
2012,IC_GEN_MGTN,Israel,FEMALE,31.7
2013,IC_GEN_MGTN,Israel,FEMALE,32.5
2014,IC_GEN_MGTN,Israel,FEMALE,32.41
2015,IC_GEN_MGTN,Israel,FEMALE,31.93
2016,IC_GEN_MGTN,Israel,FEMALE,34.33
2017,IC_GEN_MGTN,Israel,FEMALE,34.84
2018,IC_GEN_MGTN,Israel,FEMALE,33.45
2019,IC_GEN_MGTN,Israel,FEMALE,30.83
2020,IC_GEN_MGTN,Israel,FEMALE,28.78
2021,IC_GEN_MGTN,Israel,FEMALE,30.06
2000,IC_GEN_MGTN,Italy,FEMALE,14.32
2001,IC_GEN_MGTN,Italy,FEMALE,18.76
2002,IC_GEN_MGTN,Italy,FEMALE,20.19
2003,IC_GEN_MGTN,Italy,FEMALE,20.84
2004,IC_GEN_MGTN,Italy,FEMALE,18.77
2005,IC_GEN_MGTN,Italy,FEMALE,19.67
2006,IC_GEN_MGTN,Italy,FEMALE,21.76
2007,IC_GEN_MGTN,Italy,FEMALE,22.01
2008,IC_GEN_MGTN,Italy,FEMALE,21.62
2009,IC_GEN_MGTN,Italy,FEMALE,21.57
2010,IC_GEN_MGTN,Italy,FEMALE,21.16
2011,IC_GEN_MGTN,Italy,FEMALE,21.59
2012,IC_GEN_MGTN,Italy,FEMALE,22.21
2013,IC_GEN_MGTN,Italy,FEMALE,22.02
2014,IC_GEN_MGTN,Italy,FEMALE,21.91
2015,IC_GEN_MGTN,Italy,FEMALE,21.76
2016,IC_GEN_MGTN,Italy,FEMALE,22.05
2017,IC_GEN_MGTN,Italy,FEMALE,22.36
2018,IC_GEN_MGTN,Italy,FEMALE,23.16
2019,IC_GEN_MGTN,Italy,FEMALE,23.27
2020,IC_GEN_MGTN,Italy,FEMALE,22.99
2000,IC_GEN_MGTN,Japan,FEMALE,9.41
2001,IC_GEN_MGTN,Japan,FEMALE,9.16
2002,IC_GEN_MGTN,Japan,FEMALE,9.71
2003,IC_GEN_MGTN,Japan,FEMALE,9.49
2004,IC_GEN_MGTN,Japan,FEMALE,9.54
2005,IC_GEN_MGTN,Japan,FEMALE,9.93
2006,IC_GEN_MGTN,Japan,FEMALE,10.21
2007,IC_GEN_MGTN,Japan,FEMALE,9.51
2008,IC_GEN_MGTN,Japan,FEMALE,9.53
2009,IC_GEN_MGTN,Japan,FEMALE,10.23
2010,IC_GEN_MGTN,Japan,FEMALE,10.41
2011,IC_GEN_MGTN,Japan,FEMALE,11.74
2012,IC_GEN_MGTN,Japan,FEMALE,11.31
2013,IC_GEN_MGTN,Japan,FEMALE,10.85
2014,IC_GEN_MGTN,Japan,FEMALE,11.39
2015,IC_GEN_MGTN,Japan,FEMALE,12.05
2016,IC_GEN_MGTN,Japan,FEMALE,13.33
2017,IC_GEN_MGTN,Japan,FEMALE,12.78
2018,IC_GEN_MGTN,Japan,FEMALE,14.38
2019,IC_GEN_MGTN,Japan,FEMALE,14.72
2010,IC_GEN_MGTN,Kyrgyzstan,FEMALE,32.35
2011,IC_GEN_MGTN,Kyrgyzstan,FEMALE,29.09
2012,IC_GEN_MGTN,Kyrgyzstan,FEMALE,32.19
2013,IC_GEN_MGTN,Kyrgyzstan,FEMALE,27.54
2014,IC_GEN_MGTN,Kyrgyzstan,FEMALE,33.44
2015,IC_GEN_MGTN,Kyrgyzstan,FEMALE,36.15
2016,IC_GEN_MGTN,Kyrgyzstan,FEMALE,35.16
2017,IC_GEN_MGTN,Kyrgyzstan,FEMALE,34.19
2018,IC_GEN_MGTN,Kyrgyzstan,FEMALE,37.78
2019,IC_GEN_MGTN,Kyrgyzstan,FEMALE,40.86
2020,IC_GEN_MGTN,Kyrgyzstan,FEMALE,42.47
2021,IC_GEN_MGTN,Kyrgyzstan,FEMALE,35.81
2000,IC_GEN_MGTN,Latvia,FEMALE,37.07
2001,IC_GEN_MGTN,Latvia,FEMALE,39.98
2002,IC_GEN_MGTN,Latvia,FEMALE,38.09
2003,IC_GEN_MGTN,Latvia,FEMALE,45.38
2004,IC_GEN_MGTN,Latvia,FEMALE,42.47
2005,IC_GEN_MGTN,Latvia,FEMALE,42.0
2006,IC_GEN_MGTN,Latvia,FEMALE,40.86
2007,IC_GEN_MGTN,Latvia,FEMALE,42.11
2008,IC_GEN_MGTN,Latvia,FEMALE,41.25
2009,IC_GEN_MGTN,Latvia,FEMALE,41.46
2010,IC_GEN_MGTN,Latvia,FEMALE,39.08
2011,IC_GEN_MGTN,Latvia,FEMALE,44.34
2012,IC_GEN_MGTN,Latvia,FEMALE,44.64
2013,IC_GEN_MGTN,Latvia,FEMALE,42.22
2014,IC_GEN_MGTN,Latvia,FEMALE,42.05
2015,IC_GEN_MGTN,Latvia,FEMALE,44.26
2016,IC_GEN_MGTN,Latvia,FEMALE,46.3
2017,IC_GEN_MGTN,Latvia,FEMALE,44.14
2018,IC_GEN_MGTN,Latvia,FEMALE,43.22
2019,IC_GEN_MGTN,Latvia,FEMALE,43.54
2020,IC_GEN_MGTN,Latvia,FEMALE,46.17
2000,IC_GEN_MGTN,Lithuania,FEMALE,42.8
2001,IC_GEN_MGTN,Lithuania,FEMALE,50.03
2002,IC_GEN_MGTN,Lithuania,FEMALE,48.45
2003,IC_GEN_MGTN,Lithuania,FEMALE,41.49
2004,IC_GEN_MGTN,Lithuania,FEMALE,46.8
2005,IC_GEN_MGTN,Lithuania,FEMALE,44.96
2006,IC_GEN_MGTN,Lithuania,FEMALE,42.76
2007,IC_GEN_MGTN,Lithuania,FEMALE,40.28
2008,IC_GEN_MGTN,Lithuania,FEMALE,41.45
2009,IC_GEN_MGTN,Lithuania,FEMALE,40.29
2010,IC_GEN_MGTN,Lithuania,FEMALE,41.98
2011,IC_GEN_MGTN,Lithuania,FEMALE,36.47
2012,IC_GEN_MGTN,Lithuania,FEMALE,35.3
2013,IC_GEN_MGTN,Lithuania,FEMALE,36.46
2014,IC_GEN_MGTN,Lithuania,FEMALE,35.36
2015,IC_GEN_MGTN,Lithuania,FEMALE,38.1
2016,IC_GEN_MGTN,Lithuania,FEMALE,38.82
2017,IC_GEN_MGTN,Lithuania,FEMALE,37.92
2018,IC_GEN_MGTN,Lithuania,FEMALE,38.16
2019,IC_GEN_MGTN,Lithuania,FEMALE,38.59
2020,IC_GEN_MGTN,Lithuania,FEMALE,37.33
2000,IC_GEN_MGTN,Luxembourg,FEMALE,24.13
2001,IC_GEN_MGTN,Luxembourg,FEMALE,11.1
2002,IC_GEN_MGTN,Luxembourg,FEMALE,14.97
2003,IC_GEN_MGTN,Luxembourg,FEMALE,11.17
2004,IC_GEN_MGTN,Luxembourg,FEMALE,12.17
2005,IC_GEN_MGTN,Luxembourg,FEMALE,9.35
2006,IC_GEN_MGTN,Luxembourg,FEMALE,21.16
2007,IC_GEN_MGTN,Luxembourg,FEMALE,9.74
2008,IC_GEN_MGTN,Luxembourg,FEMALE,15.31
2009,IC_GEN_MGTN,Luxembourg,FEMALE,15.43
2010,IC_GEN_MGTN,Luxembourg,FEMALE,19.64
2011,IC_GEN_MGTN,Luxembourg,FEMALE,18.28
2012,IC_GEN_MGTN,Luxembourg,FEMALE,16.97
2013,IC_GEN_MGTN,Luxembourg,FEMALE,14.62
2014,IC_GEN_MGTN,Luxembourg,FEMALE,17.9
2015,IC_GEN_MGTN,Luxembourg,FEMALE,13.99
2016,IC_GEN_MGTN,Luxembourg,FEMALE,14.89
2017,IC_GEN_MGTN,Luxembourg,FEMALE,16.08
2018,IC_GEN_MGTN,Luxembourg,FEMALE,22.51
2019,IC_GEN_MGTN,Luxembourg,FEMALE,26.53
2020,IC_GEN_MGTN,Luxembourg,FEMALE,28.17
2013,IC_GEN_MGTN,Mexico,FEMALE,34.86
2014,IC_GEN_MGTN,Mexico,FEMALE,35.27
2015,IC_GEN_MGTN,Mexico,FEMALE,34.8
2016,IC_GEN_MGTN,Mexico,FEMALE,35.25
2017,IC_GEN_MGTN,Mexico,FEMALE,36.46
2018,IC_GEN_MGTN,Mexico,FEMALE,35.53
2019,IC_GEN_MGTN,Mexico,FEMALE,35.58
2020,IC_GEN_MGTN,Mexico,FEMALE,38.41
2021,IC_GEN_MGTN,Mexico,FEMALE,37.45
2011,IC_GEN_MGTN,Montenegro,FEMALE,35.69
2012,IC_GEN_MGTN,Montenegro,FEMALE,23.3
2013,IC_GEN_MGTN,Montenegro,FEMALE,22.65
2014,IC_GEN_MGTN,Montenegro,FEMALE,24.63
2015,IC_GEN_MGTN,Montenegro,FEMALE,17.58
2016,IC_GEN_MGTN,Montenegro,FEMALE,24.89
2017,IC_GEN_MGTN,Montenegro,FEMALE,25.42
2018,IC_GEN_MGTN,Montenegro,FEMALE,23.83
2019,IC_GEN_MGTN,Montenegro,FEMALE,28.2
2020,IC_GEN_MGTN,Montenegro,FEMALE,25.25
2000,IC_GEN_MGTN,Netherlands (Kingdom of the),FEMALE,21.53
2001,IC_GEN_MGTN,Netherlands (Kingdom of the),FEMALE,22.4
2002,IC_GEN_MGTN,Netherlands (Kingdom of the),FEMALE,21.7
2003,IC_GEN_MGTN,Netherlands (Kingdom of the),FEMALE,21.38
2004,IC_GEN_MGTN,Netherlands (Kingdom of the),FEMALE,22.24
2005,IC_GEN_MGTN,Netherlands (Kingdom of the),FEMALE,22.32
2006,IC_GEN_MGTN,Netherlands (Kingdom of the),FEMALE,25.49
2007,IC_GEN_MGTN,Netherlands (Kingdom of the),FEMALE,26.76
2008,IC_GEN_MGTN,Netherlands (Kingdom of the),FEMALE,25.95
2009,IC_GEN_MGTN,Netherlands (Kingdom of the),FEMALE,26.04
2010,IC_GEN_MGTN,Netherlands (Kingdom of the),FEMALE,26.9
2011,IC_GEN_MGTN,Netherlands (Kingdom of the),FEMALE,27.9
2012,IC_GEN_MGTN,Netherlands (Kingdom of the),FEMALE,28.32
2013,IC_GEN_MGTN,Netherlands (Kingdom of the),FEMALE,23.13
2014,IC_GEN_MGTN,Netherlands (Kingdom of the),FEMALE,24.05
2015,IC_GEN_MGTN,Netherlands (Kingdom of the),FEMALE,24.5
2016,IC_GEN_MGTN,Netherlands (Kingdom of the),FEMALE,24.38
2017,IC_GEN_MGTN,Netherlands (Kingdom of the),FEMALE,25.98
2018,IC_GEN_MGTN,Netherlands (Kingdom of the),FEMALE,24.76
2019,IC_GEN_MGTN,Netherlands (Kingdom of the),FEMALE,26.01
2020,IC_GEN_MGTN,Netherlands (Kingdom of the),FEMALE,24.85
2000,IC_GEN_MGTN,Norway,FEMALE,24.74
2001,IC_GEN_MGTN,Norway,FEMALE,25.64
2002,IC_GEN_MGTN,Norway,FEMALE,27.66
2003,IC_GEN_MGTN,Norway,FEMALE,28.18
2004,IC_GEN_MGTN,Norway,FEMALE,29.71
2005,IC_GEN_MGTN,Norway,FEMALE,31.04
2006,IC_GEN_MGTN,Norway,FEMALE,33.95
2007,IC_GEN_MGTN,Norway,FEMALE,33.29
2008,IC_GEN_MGTN,Norway,FEMALE,32.64
2009,IC_GEN_MGTN,Norway,FEMALE,34.55
2010,IC_GEN_MGTN,Norway,FEMALE,35.03
2011,IC_GEN_MGTN,Norway,FEMALE,31.2
2012,IC_GEN_MGTN,Norway,FEMALE,31.16
2013,IC_GEN_MGTN,Norway,FEMALE,31.35
2014,IC_GEN_MGTN,Norway,FEMALE,33.32
2015,IC_GEN_MGTN,Norway,FEMALE,33.66
2016,IC_GEN_MGTN,Norway,FEMALE,35.4
2017,IC_GEN_MGTN,Norway,FEMALE,35.95
2018,IC_GEN_MGTN,Norway,FEMALE,33.47
2019,IC_GEN_MGTN,Norway,FEMALE,32.75
2020,IC_GEN_MGTN,Norway,FEMALE,31.97
2000,IC_GEN_MGTN,Poland,FEMALE,31.35
2001,IC_GEN_MGTN,Poland,FEMALE,27.67
2017,IC_GEN_MGTN,Australia,FEMALE,35.11
2018,IC_GEN_MGTN,Australia,FEMALE,33.85
2019,IC_GEN_MGTN,Australia,FEMALE,34.65
2020,IC_GEN_MGTN,Australia,FEMALE,34.16
2000,IC_GEN_MGTN,Austria,FEMALE,28.13
2001,IC_GEN_MGTN,Austria,FEMALE,29.38
2002,IC_GEN_MGTN,Austria,FEMALE,30.78
2003,IC_GEN_MGTN,Austria,FEMALE,28.5
2004,IC_GEN_MGTN,Austria,FEMALE,23.02
2005,IC_GEN_MGTN,Austria,FEMALE,21.5
2006,IC_GEN_MGTN,Austria,FEMALE,20.96
2007,IC_GEN_MGTN,Austria,FEMALE,21.0
2008,IC_GEN_MGTN,Austria,FEMALE,25.19
2009,IC_GEN_MGTN,Austria,FEMALE,23.25
2010,IC_GEN_MGTN,Austria,FEMALE,25.42
2011,IC_GEN_MGTN,Austria,FEMALE,26.07
2012,IC_GEN_MGTN,Austria,FEMALE,27.13
2013,IC_GEN_MGTN,Austria,FEMALE,26.33
2014,IC_GEN_MGTN,Austria,FEMALE,27.85
2015,IC_GEN_MGTN,Austria,FEMALE,27.88
2016,IC_GEN_MGTN,Austria,FEMALE,29.52
2017,IC_GEN_MGTN,Austria,FEMALE,29.19
2018,IC_GEN_MGTN,Austria,FEMALE,28.86
2019,IC_GEN_MGTN,Austria,FEMALE,32.01
2020,IC_GEN_MGTN,Austria,FEMALE,31.47
2021,IC_GEN_MGTN,Austria,FEMALE,34.31
2000,IC_GEN_MGTN,Belgium,FEMALE,24.53
2001,IC_GEN_MGTN,Belgium,FEMALE,28.38
2002,IC_GEN_MGTN,Belgium,FEMALE,27.97
2003,IC_GEN_MGTN,Belgium,FEMALE,27.33
2004,IC_GEN_MGTN,Belgium,FEMALE,26.91
2005,IC_GEN_MGTN,Belgium,FEMALE,30.24
2006,IC_GEN_MGTN,Belgium,FEMALE,31.13
2007,IC_GEN_MGTN,Belgium,FEMALE,33.58
2008,IC_GEN_MGTN,Belgium,FEMALE,31.9
2009,IC_GEN_MGTN,Belgium,FEMALE,34.57
2010,IC_GEN_MGTN,Belgium,FEMALE,34.77
2011,IC_GEN_MGTN,Belgium,FEMALE,30.45
2012,IC_GEN_MGTN,Belgium,FEMALE,31.67
2013,IC_GEN_MGTN,Belgium,FEMALE,30.75
2014,IC_GEN_MGTN,Belgium,FEMALE,31.3
2015,IC_GEN_MGTN,Belgium,FEMALE,31.04
2016,IC_GEN_MGTN,Belgium,FEMALE,31.98
2017,IC_GEN_MGTN,Belgium,FEMALE,32.91
2018,IC_GEN_MGTN,Belgium,FEMALE,33.45
2019,IC_GEN_MGTN,Belgium,FEMALE,31.88
2020,IC_GEN_MGTN,Belgium,FEMALE,34.55
2006,IC_GEN_MGTN,Bosnia and Herzegovina,FEMALE,23.73
2007,IC_GEN_MGTN,Bosnia and Herzegovina,FEMALE,20.27
2008,IC_GEN_MGTN,Bosnia and Herzegovina,FEMALE,33.35
2009,IC_GEN_MGTN,Bosnia and Herzegovina,FEMALE,27.67
2010,IC_GEN_MGTN,Bosnia and Herzegovina,FEMALE,30.16
2011,IC_GEN_MGTN,Bosnia and Herzegovina,FEMALE,22.6
2012,IC_GEN_MGTN,Bosnia and Herzegovina,FEMALE,23.03
2013,IC_GEN_MGTN,Bosnia and Herzegovina,FEMALE,21.42
2014,IC_GEN_MGTN,Bosnia and Herzegovina,FEMALE,24.16
2015,IC_GEN_MGTN,Bosnia and Herzegovina,FEMALE,24.18
2016,IC_GEN_MGTN,Bosnia and Herzegovina,FEMALE,18.78
2017,IC_GEN_MGTN,Bosnia and Herzegovina,FEMALE,18.83
2018,IC_GEN_MGTN,Bosnia and Herzegovina,FEMALE,26.12
2019,IC_GEN_MGTN,Bosnia and Herzegovina,FEMALE,25.43
2020,IC_GEN_MGTN,Bosnia and Herzegovina,FEMALE,24.89
2021,IC_GEN_MGTN,Bosnia and Herzegovina,FEMALE,20.17
2000,IC_GEN_MGTN,Bulgaria,FEMALE,37.46
2001,IC_GEN_MGTN,Bulgaria,FEMALE,40.52
2002,IC_GEN_MGTN,Bulgaria,FEMALE,42.31
2003,IC_GEN_MGTN,Bulgaria,FEMALE,37.8
2004,IC_GEN_MGTN,Bulgaria,FEMALE,41.43
2005,IC_GEN_MGTN,Bulgaria,FEMALE,40.61
2006,IC_GEN_MGTN,Bulgaria,FEMALE,37.56
2007,IC_GEN_MGTN,Bulgaria,FEMALE,36.41
2008,IC_GEN_MGTN,Bulgaria,FEMALE,36.51
2009,IC_GEN_MGTN,Bulgaria,FEMALE,35.79
2010,IC_GEN_MGTN,Bulgaria,FEMALE,38.63
2011,IC_GEN_MGTN,Bulgaria,FEMALE,37.0
2012,IC_GEN_MGTN,Bulgaria,FEMALE,35.5
2013,IC_GEN_MGTN,Bulgaria,FEMALE,36.0
2014,IC_GEN_MGTN,Bulgaria,FEMALE,35.36
2015,IC_GEN_MGTN,Bulgaria,FEMALE,37.38
2016,IC_GEN_MGTN,Bulgaria,FEMALE,39.28
2017,IC_GEN_MGTN,Bulgaria,FEMALE,39.29
2018,IC_GEN_MGTN,Bulgaria,FEMALE,39.28
2019,IC_GEN_MGTN,Bulgaria,FEMALE,39.25
2020,IC_GEN_MGTN,Bulgaria,FEMALE,42.45
2016,IC_GEN_MGTN,Belarus,FEMALE,45.99
2017,IC_GEN_MGTN,Belarus,FEMALE,47.6
2018,IC_GEN_MGTN,Belarus,FEMALE,44.73
2019,IC_GEN_MGTN,Belarus,FEMALE,45.81
2020,IC_GEN_MGTN,Belarus,FEMALE,47.75
2021,IC_GEN_MGTN,Belarus,FEMALE,43.98
2000,IC_GEN_MGTN,Chile,FEMALE,35.52
2003,IC_GEN_MGTN,Chile,FEMALE,42.6
2006,IC_GEN_MGTN,Chile,FEMALE,28.75
2009,IC_GEN_MGTN,Chile,FEMALE,28.29
2011,IC_GEN_MGTN,Chile,FEMALE,48.55
2013,IC_GEN_MGTN,Chile,FEMALE,44.65
2015,IC_GEN_MGTN,Chile,FEMALE,46.41
2017,IC_GEN_MGTN,Chile,FEMALE,43.07
2020,IC_GEN_MGTN,Chile,FEMALE,37.47
2002,IC_GEN_MGTN,Colombia,FEMALE,26.99
2003,IC_GEN_MGTN,Colombia,FEMALE,28.71
2004,IC_GEN_MGTN,Colombia,FEMALE,28.46
2005,IC_GEN_MGTN,Colombia,FEMALE,26.97
2008,IC_GEN_MGTN,Colombia,FEMALE,28.86
2009,IC_GEN_MGTN,Colombia,FEMALE,26.83
2010,IC_GEN_MGTN,Colombia,FEMALE,26.42
2011,IC_GEN_MGTN,Colombia,FEMALE,27.29
2012,IC_GEN_MGTN,Colombia,FEMALE,27.4
2013,IC_GEN_MGTN,Colombia,FEMALE,28.26
2014,IC_GEN_MGTN,Colombia,FEMALE,27.94
2015,IC_GEN_MGTN,Colombia,FEMALE,28.34
2016,IC_GEN_MGTN,Colombia,FEMALE,28.99
2017,IC_GEN_MGTN,Colombia,FEMALE,28.97
2018,IC_GEN_MGTN,Colombia,FEMALE,29.47
2019,IC_GEN_MGTN,Colombia,FEMALE,30.34
2020,IC_GEN_MGTN,Colombia,FEMALE,30.29
2021,IC_GEN_MGTN,Colombia,FEMALE,30.33
2001,IC_GEN_MGTN,Costa Rica,FEMALE,25.24
2002,IC_GEN_MGTN,Costa Rica,FEMALE,26.25
2003,IC_GEN_MGTN,Costa Rica,FEMALE,29.05
2004,IC_GEN_MGTN,Costa Rica,FEMALE,26.19
2005,IC_GEN_MGTN,Costa Rica,FEMALE,24.88
2006,IC_GEN_MGTN,Costa Rica,FEMALE,29.92
2007,IC_GEN_MGTN,Costa Rica,FEMALE,26.57
2017,IC_GEN_MGTN,Costa Rica,FEMALE,41.43
2018,IC_GEN_MGTN,Costa Rica,FEMALE,37.52
2019,IC_GEN_MGTN,Costa Rica,FEMALE,42.77
2021,IC_GEN_MGTN,Costa Rica,FEMALE,41.63
2002,IC_GEN_MGTN,Croatia,FEMALE,26.75
2003,IC_GEN_MGTN,Croatia,FEMALE,28.26
2004,IC_GEN_MGTN,Croatia,FEMALE,17.51
2005,IC_GEN_MGTN,Croatia,FEMALE,28.21
2006,IC_GEN_MGTN,Croatia,FEMALE,27.47
2007,IC_GEN_MGTN,Croatia,FEMALE,22.72
2008,IC_GEN_MGTN,Croatia,FEMALE,32.1
2009,IC_GEN_MGTN,Croatia,FEMALE,37.2
2010,IC_GEN_MGTN,Croatia,FEMALE,27.43
2011,IC_GEN_MGTN,Croatia,FEMALE,23.57
2012,IC_GEN_MGTN,Croatia,FEMALE,25.77
2013,IC_GEN_MGTN,Croatia,FEMALE,23.87
2014,IC_GEN_MGTN,Croatia,FEMALE,24.37
2015,IC_GEN_MGTN,Croatia,FEMALE,26.12
2016,IC_GEN_MGTN,Croatia,FEMALE,29.5
2017,IC_GEN_MGTN,Croatia,FEMALE,27.88
2018,IC_GEN_MGTN,Croatia,FEMALE,26.09
2019,IC_GEN_MGTN,Croatia,FEMALE,24.27
2020,IC_GEN_MGTN,Croatia,FEMALE,29.13
2000,IC_GEN_MGTN,Cyprus,FEMALE,18.49
2001,IC_GEN_MGTN,Cyprus,FEMALE,18.55
2002,IC_GEN_MGTN,Cyprus,FEMALE,17.3
2003,IC_GEN_MGTN,Cyprus,FEMALE,17.94
2004,IC_GEN_MGTN,Cyprus,FEMALE,15.57
2005,IC_GEN_MGTN,Cyprus,FEMALE,17.07
2006,IC_GEN_MGTN,Cyprus,FEMALE,17.23
2007,IC_GEN_MGTN,Cyprus,FEMALE,17.69
2002,IC_GEN_MGTN,Poland,FEMALE,29.32
2003,IC_GEN_MGTN,Poland,FEMALE,33.98
2004,IC_GEN_MGTN,Poland,FEMALE,35.35
2005,IC_GEN_MGTN,Poland,FEMALE,34.06
2006,IC_GEN_MGTN,Poland,FEMALE,36.06
2007,IC_GEN_MGTN,Poland,FEMALE,37.12
2008,IC_GEN_MGTN,Poland,FEMALE,36.2
2009,IC_GEN_MGTN,Poland,FEMALE,36.03
2010,IC_GEN_MGTN,Poland,FEMALE,37.46
2011,IC_GEN_MGTN,Poland,FEMALE,35.91
2008,IC_GEN_MGTN,Cyprus,FEMALE,20.44
2009,IC_GEN_MGTN,Cyprus,FEMALE,13.76
2010,IC_GEN_MGTN,Cyprus,FEMALE,14.32
2011,IC_GEN_MGTN,Cyprus,FEMALE,14.67
2012,IC_GEN_MGTN,Cyprus,FEMALE,16.44
2013,IC_GEN_MGTN,Cyprus,FEMALE,18.7
2014,IC_GEN_MGTN,Cyprus,FEMALE,18.14
2015,IC_GEN_MGTN,Cyprus,FEMALE,25.22
2016,IC_GEN_MGTN,Cyprus,FEMALE,26.99
2017,IC_GEN_MGTN,Cyprus,FEMALE,22.35
2018,IC_GEN_MGTN,Cyprus,FEMALE,19.7
2012,IC_GEN_MGTN,Poland,FEMALE,35.04
2013,IC_GEN_MGTN,Poland,FEMALE,35.45
2014,IC_GEN_MGTN,Poland,FEMALE,36.36
2015,IC_GEN_MGTN,Poland,FEMALE,37.43
2016,IC_GEN_MGTN,Poland,FEMALE,38.13
2017,IC_GEN_MGTN,Poland,FEMALE,38.19
2018,IC_GEN_MGTN,Poland,FEMALE,39.52
2019,IC_GEN_MGTN,Poland,FEMALE,41.15
2020,IC_GEN_MGTN,Poland,FEMALE,41.44
2000,IC_GEN_MGTN,Portugal,FEMALE,22.44
2001,IC_GEN_MGTN,Portugal,FEMALE,22.28
2002,IC_GEN_MGTN,Portugal,FEMALE,29.97
2003,IC_GEN_MGTN,Portugal,FEMALE,27.07
2004,IC_GEN_MGTN,Portugal,FEMALE,30.41
2005,IC_GEN_MGTN,Portugal,FEMALE,26.72
2006,IC_GEN_MGTN,Portugal,FEMALE,29.6
2007,IC_GEN_MGTN,Portugal,FEMALE,29.77
2008,IC_GEN_MGTN,Portugal,FEMALE,32.03
2009,IC_GEN_MGTN,Portugal,FEMALE,33.6
2010,IC_GEN_MGTN,Portugal,FEMALE,34.6
2011,IC_GEN_MGTN,Portugal,FEMALE,24.51
2019,IC_GEN_MGTN,Cyprus,FEMALE,23.74
2020,IC_GEN_MGTN,Cyprus,FEMALE,25.22
2021,IC_GEN_MGTN,Cyprus,FEMALE,22.43
2000,IC_GEN_MGTN,Czechia,FEMALE,27.83
2001,IC_GEN_MGTN,Czechia,FEMALE,28.9
2002,IC_GEN_MGTN,Czechia,FEMALE,28.77
2003,IC_GEN_MGTN,Czechia,FEMALE,30.37
2004,IC_GEN_MGTN,Czechia,FEMALE,29.42
2005,IC_GEN_MGTN,Czechia,FEMALE,31.6
2006,IC_GEN_MGTN,Czechia,FEMALE,30.7
2012,IC_GEN_MGTN,Portugal,FEMALE,26.03
2013,IC_GEN_MGTN,Portugal,FEMALE,25.67
2014,IC_GEN_MGTN,Portugal,FEMALE,31.84
2015,IC_GEN_MGTN,Portugal,FEMALE,28.04
2016,IC_GEN_MGTN,Portugal,FEMALE,29.64
2017,IC_GEN_MGTN,Portugal,FEMALE,27.96
2018,IC_GEN_MGTN,Portugal,FEMALE,32.16
2019,IC_GEN_MGTN,Portugal,FEMALE,36.97
2020,IC_GEN_MGTN,Portugal,FEMALE,35.73
2005,IC_GEN_MGTN,Romania,FEMALE,33.61
2006,IC_GEN_MGTN,Romania,FEMALE,33.55
2007,IC_GEN_MGTN,Romania,FEMALE,32.56
2008,IC_GEN_MGTN,Romania,FEMALE,34.09
2009,IC_GEN_MGTN,Romania,FEMALE,36.4
2010,IC_GEN_MGTN,Romania,FEMALE,36.28
2011,IC_GEN_MGTN,Romania,FEMALE,31.85
2012,IC_GEN_MGTN,Romania,FEMALE,30.83
2013,IC_GEN_MGTN,Romania,FEMALE,30.58
2014,IC_GEN_MGTN,Romania,FEMALE,30.73
2015,IC_GEN_MGTN,Romania,FEMALE,31.53
2016,IC_GEN_MGTN,Romania,FEMALE,32.42
2017,IC_GEN_MGTN,Romania,FEMALE,30.09
2018,IC_GEN_MGTN,Romania,FEMALE,30.06
2019,IC_GEN_MGTN,Romania,FEMALE,34.19
2020,IC_GEN_MGTN,Romania,FEMALE,35.13
2008,IC_GEN_MGTN,Serbia,FEMALE,36.57
2009,IC_GEN_MGTN,Serbia,FEMALE,39.41
2010,IC_GEN_MGTN,Serbia,FEMALE,34.62
2011,IC_GEN_MGTN,Serbia,FEMALE,32.8
2012,IC_GEN_MGTN,Serbia,FEMALE,29.07
2013,IC_GEN_MGTN,Serbia,FEMALE,32.68
2014,IC_GEN_MGTN,Serbia,FEMALE,31.46
2007,IC_GEN_MGTN,Czechia,FEMALE,29.5
2008,IC_GEN_MGTN,Czechia,FEMALE,29.29
2009,IC_GEN_MGTN,Czechia,FEMALE,28.91
2010,IC_GEN_MGTN,Czechia,FEMALE,27.84
2011,IC_GEN_MGTN,Czechia,FEMALE,23.76
2012,IC_GEN_MGTN,Czechia,FEMALE,22.92
2013,IC_GEN_MGTN,Czechia,FEMALE,24.34
2014,IC_GEN_MGTN,Czechia,FEMALE,26.31
2015,IC_GEN_MGTN,Czechia,FEMALE,27.52
2016,IC_GEN_MGTN,Czechia,FEMALE,23.02
2015,IC_GEN_MGTN,Serbia,FEMALE,30.9
2016,IC_GEN_MGTN,Serbia,FEMALE,30.89
2017,IC_GEN_MGTN,Serbia,FEMALE,30.26
2018,IC_GEN_MGTN,Serbia,FEMALE,29.79
2019,IC_GEN_MGTN,Serbia,FEMALE,33.57
2020,IC_GEN_MGTN,Serbia,FEMALE,32.6
2021,IC_GEN_MGTN,Serbia,FEMALE,34.24
2003,IC_GEN_MGTN,Slovakia,FEMALE,34.62
2004,IC_GEN_MGTN,Slovakia,FEMALE,32.37
2005,IC_GEN_MGTN,Slovakia,FEMALE,30.76
2006,IC_GEN_MGTN,Slovakia,FEMALE,27.39
2007,IC_GEN_MGTN,Slovakia,FEMALE,31.83
2008,IC_GEN_MGTN,Slovakia,FEMALE,29.15
2009,IC_GEN_MGTN,Slovakia,FEMALE,31.68
2010,IC_GEN_MGTN,Slovakia,FEMALE,34.88
2011,IC_GEN_MGTN,Slovakia,FEMALE,28.63
2012,IC_GEN_MGTN,Slovakia,FEMALE,30.4
2013,IC_GEN_MGTN,Slovakia,FEMALE,29.88
2014,IC_GEN_MGTN,Slovakia,FEMALE,27.88
2015,IC_GEN_MGTN,Slovakia,FEMALE,27.82
2016,IC_GEN_MGTN,Slovakia,FEMALE,34.32
2017,IC_GEN_MGTN,Slovakia,FEMALE,30.58
2018,IC_GEN_MGTN,Slovakia,FEMALE,30.37
2019,IC_GEN_MGTN,Slovakia,FEMALE,33.35
2020,IC_GEN_MGTN,Slovakia,FEMALE,34.53
2021,IC_GEN_MGTN,Slovakia,FEMALE,35.24
2007,IC_GEN_MGTN,Viet Nam,FEMALE,16.33
2010,IC_GEN_MGTN,Viet Nam,FEMALE,8.26
2011,IC_GEN_MGTN,Viet Nam,FEMALE,10.98
2012,IC_GEN_MGTN,Viet Nam,FEMALE,12.94
2013,IC_GEN_MGTN,Viet Nam,FEMALE,8.13
2014,IC_GEN_MGTN,Viet Nam,FEMALE,11.23
2015,IC_GEN_MGTN,Viet Nam,FEMALE,13.57
2016,IC_GEN_MGTN,Viet Nam,FEMALE,15.31
2018,IC_GEN_MGTN,Viet Nam,FEMALE,14.82
2019,IC_GEN_MGTN,Viet Nam,FEMALE,14.56
2020,IC_GEN_MGTN,Viet Nam,FEMALE,22.73
2021,IC_GEN_MGTN,Viet Nam,FEMALE,15.51
2000,IC_GEN_MGTN,Slovenia,FEMALE,34.61
2001,IC_GEN_MGTN,Slovenia,FEMALE,37.76
2002,IC_GEN_MGTN,Slovenia,FEMALE,37.91
2003,IC_GEN_MGTN,Slovenia,FEMALE,41.43
2004,IC_GEN_MGTN,Slovenia,FEMALE,40.13
2005,IC_GEN_MGTN,Slovenia,FEMALE,42.02
2006,IC_GEN_MGTN,Slovenia,FEMALE,41.97
2007,IC_GEN_MGTN,Slovenia,FEMALE,37.55
2008,IC_GEN_MGTN,Slovenia,FEMALE,43.29
2009,IC_GEN_MGTN,Slovenia,FEMALE,44.69
2010,IC_GEN_MGTN,Slovenia,FEMALE,43.25
2011,IC_GEN_MGTN,Slovenia,FEMALE,38.92
2012,IC_GEN_MGTN,Slovenia,FEMALE,40.26
2017,IC_GEN_MGTN,Czechia,FEMALE,23.96
2018,IC_GEN_MGTN,Czechia,FEMALE,26.2
2019,IC_GEN_MGTN,Czechia,FEMALE,26.61
2020,IC_GEN_MGTN,Czechia,FEMALE,27.43
2021,IC_GEN_MGTN,Czechia,FEMALE,27.63
2000,IC_GEN_MGTN,Denmark,FEMALE,18.69
2001,IC_GEN_MGTN,Denmark,FEMALE,16.66
2002,IC_GEN_MGTN,Denmark,FEMALE,17.99
2003,IC_GEN_MGTN,Denmark,FEMALE,20.0
2004,IC_GEN_MGTN,Denmark,FEMALE,18.91
2005,IC_GEN_MGTN,Denmark,FEMALE,20.56
2006,IC_GEN_MGTN,Denmark,FEMALE,19.16
2007,IC_GEN_MGTN,Denmark,FEMALE,25.3
2008,IC_GEN_MGTN,Denmark,FEMALE,18.29
2009,IC_GEN_MGTN,Denmark,FEMALE,18.76
2010,IC_GEN_MGTN,Denmark,FEMALE,17.65
2011,IC_GEN_MGTN,Denmark,FEMALE,28.5
2012,IC_GEN_MGTN,Denmark,FEMALE,24.48
2013,IC_GEN_MGTN,Denmark,FEMALE,23.7
2014,IC_GEN_MGTN,Denmark,FEMALE,23.39
2015,IC_GEN_MGTN,Denmark,FEMALE,26.19
2016,IC_GEN_MGTN,Denmark,FEMALE,28.01
2013,IC_GEN_MGTN,Slovenia,FEMALE,38.55
2014,IC_GEN_MGTN,Slovenia,FEMALE,36.47
2015,IC_GEN_MGTN,Slovenia,FEMALE,36.98
2016,IC_GEN_MGTN,Slovenia,FEMALE,41.77
2017,IC_GEN_MGTN,Slovenia,FEMALE,41.89
2018,IC_GEN_MGTN,Slovenia,FEMALE,38.22
2019,IC_GEN_MGTN,Slovenia,FEMALE,40.51
2020,IC_GEN_MGTN,Slovenia,FEMALE,40.62
2000,IC_GEN_MGTN,Spain,FEMALE,15.47
2001,IC_GEN_MGTN,Spain,FEMALE,17.59
2002,IC_GEN_MGTN,Spain,FEMALE,18.14
2003,IC_GEN_MGTN,Spain,FEMALE,15.86
2004,IC_GEN_MGTN,Spain,FEMALE,19.15
2005,IC_GEN_MGTN,Spain,FEMALE,21.47
2006,IC_GEN_MGTN,Spain,FEMALE,23.15
2007,IC_GEN_MGTN,Spain,FEMALE,23.78
2008,IC_GEN_MGTN,Spain,FEMALE,23.74
2009,IC_GEN_MGTN,Spain,FEMALE,24.7
2010,IC_GEN_MGTN,Spain,FEMALE,27.13
2011,IC_GEN_MGTN,Spain,FEMALE,28.08
2012,IC_GEN_MGTN,Spain,FEMALE,28.77
2013,IC_GEN_MGTN,Spain,FEMALE,29.37
2014,IC_GEN_MGTN,Spain,FEMALE,29.45
2015,IC_GEN_MGTN,Spain,FEMALE,30.36
2016,IC_GEN_MGTN,Spain,FEMALE,30.32
2017,IC_GEN_MGTN,Spain,FEMALE,30.89
2018,IC_GEN_MGTN,Spain,FEMALE,31.91
2019,IC_GEN_MGTN,Spain,FEMALE,33.71
2020,IC_GEN_MGTN,Spain,FEMALE,36.48
2000,IC_GEN_MGTN,Sweden,FEMALE,27.13
2001,IC_GEN_MGTN,Sweden,FEMALE,31.35
2002,IC_GEN_MGTN,Sweden,FEMALE,32.11
2003,IC_GEN_MGTN,Sweden,FEMALE,30.55
2004,IC_GEN_MGTN,Sweden,FEMALE,31.58
2005,IC_GEN_MGTN,Sweden,FEMALE,31.85
2006,IC_GEN_MGTN,Sweden,FEMALE,31.75
2007,IC_GEN_MGTN,Sweden,FEMALE,31.02
2008,IC_GEN_MGTN,Sweden,FEMALE,30.82
2009,IC_GEN_MGTN,Sweden,FEMALE,31.15
2010,IC_GEN_MGTN,Sweden,FEMALE,31.34
2011,IC_GEN_MGTN,Sweden,FEMALE,33.54
2012,IC_GEN_MGTN,Sweden,FEMALE,34.49
2013,IC_GEN_MGTN,Sweden,FEMALE,35.5
2014,IC_GEN_MGTN,Sweden,FEMALE,37.45
2015,IC_GEN_MGTN,Sweden,FEMALE,39.77
2016,IC_GEN_MGTN,Sweden,FEMALE,39.5
2017,IC_GEN_MGTN,Sweden,FEMALE,39.44
2018,IC_GEN_MGTN,Sweden,FEMALE,39.03
2019,IC_GEN_MGTN,Sweden,FEMALE,41.92
2020,IC_GEN_MGTN,Sweden,FEMALE,43.09
2000,IC_GEN_MGTN,Switzerland,FEMALE,22.47
2001,IC_GEN_MGTN,Switzerland,FEMALE,21.42
2002,IC_GEN_MGTN,Switzerland,FEMALE,24.8
2003,IC_GEN_MGTN,Switzerland,FEMALE,25.31
2004,IC_GEN_MGTN,Switzerland,FEMALE,24.81
2005,IC_GEN_MGTN,Switzerland,FEMALE,24.26
2006,IC_GEN_MGTN,Switzerland,FEMALE,26.53
2007,IC_GEN_MGTN,Switzerland,FEMALE,25.78
2008,IC_GEN_MGTN,Switzerland,FEMALE,25.01
2009,IC_GEN_MGTN,Switzerland,FEMALE,27.86
2010,IC_GEN_MGTN,Switzerland,FEMALE,28.08
2011,IC_GEN_MGTN,Switzerland,FEMALE,28.57
2012,IC_GEN_MGTN,Switzerland,FEMALE,28.58
2013,IC_GEN_MGTN,Switzerland,FEMALE,28.06
2014,IC_GEN_MGTN,Switzerland,FEMALE,28.93
2015,IC_GEN_MGTN,Switzerland,FEMALE,31.22
2016,IC_GEN_MGTN,Switzerland,FEMALE,31.18
2017,IC_GEN_MGTN,Switzerland,FEMALE,29.12
2018,IC_GEN_MGTN,Switzerland,FEMALE,31.04
2019,IC_GEN_MGTN,Switzerland,FEMALE,32.56
2020,IC_GEN_MGTN,Switzerland,FEMALE,31.79
2021,IC_GEN_MGTN,Switzerland,FEMALE,30.27
2007,IC_GEN_MGTN,Tajikistan,FEMALE,13.85
2009,IC_GEN_MGTN,Tajikistan,FEMALE,16.07
2017,IC_GEN_MGTN,United Arab Emirates,FEMALE,12.17
2018,IC_GEN_MGTN,United Arab Emirates,FEMALE,15.75
2020,IC_GEN_MGTN,United Arab Emirates,FEMALE,17.73
2021,IC_GEN_MGTN,United Arab Emirates,FEMALE,23.57
2004,IC_GEN_MGTN,Türkiye,FEMALE,16.52
2005,IC_GEN_MGTN,Türkiye,FEMALE,15.7
2006,IC_GEN_MGTN,Türkiye,FEMALE,17.26
2007,IC_GEN_MGTN,Türkiye,FEMALE,18.0
2008,IC_GEN_MGTN,Türkiye,FEMALE,19.38
2009,IC_GEN_MGTN,Türkiye,FEMALE,20.08
2010,IC_GEN_MGTN,Türkiye,FEMALE,18.76
2011,IC_GEN_MGTN,Türkiye,FEMALE,13.0
2012,IC_GEN_MGTN,Türkiye,FEMALE,14.34
2013,IC_GEN_MGTN,Türkiye,FEMALE,16.57
2014,IC_GEN_MGTN,Türkiye,FEMALE,15.55
2015,IC_GEN_MGTN,Türkiye,FEMALE,14.44
2016,IC_GEN_MGTN,Türkiye,FEMALE,16.7
2017,IC_GEN_MGTN,Türkiye,FEMALE,17.27
2018,IC_GEN_MGTN,Türkiye,FEMALE,16.33
2019,IC_GEN_MGTN,Türkiye,FEMALE,17.47
2020,IC_GEN_MGTN,Türkiye,FEMALE,19.31
2021,IC_GEN_MGTN,Türkiye,FEMALE,20.65
2006,IC_GEN_MGTN,North Macedonia,FEMALE,26.44
2007,IC_GEN_MGTN,North Macedonia,FEMALE,29.31
2008,IC_GEN_MGTN,North Macedonia,FEMALE,28.54
2009,IC_GEN_MGTN,North Macedonia,FEMALE,26.76
2010,IC_GEN_MGTN,North Macedonia,FEMALE,26.96
2011,IC_GEN_MGTN,North Macedonia,FEMALE,26.5
2012,IC_GEN_MGTN,North Macedonia,FEMALE,23.28
2013,IC_GEN_MGTN,North Macedonia,FEMALE,24.67
2014,IC_GEN_MGTN,North Macedonia,FEMALE,25.95
2015,IC_GEN_MGTN,North Macedonia,FEMALE,23.0
2016,IC_GEN_MGTN,North Macedonia,FEMALE,27.27
2017,IC_GEN_MGTN,North Macedonia,FEMALE,22.54
2018,IC_GEN_MGTN,North Macedonia,FEMALE,28.21
2019,IC_GEN_MGTN,North Macedonia,FEMALE,28.15
2020,IC_GEN_MGTN,North Macedonia,FEMALE,24.17
2021,IC_GEN_MGTN,North Macedonia,FEMALE,24.99
2000,IC_GEN_MGTN,United Kingdom of Great Britain and Northern Ireland,FEMALE,34.69
2001,IC_GEN_MGTN,United Kingdom of Great Britain and Northern Ireland,FEMALE,29.62
2002,IC_GEN_MGTN,United Kingdom of Great Britain and Northern Ireland,FEMALE,31.39
2003,IC_GEN_MGTN,United Kingdom of Great Britain and Northern Ireland,FEMALE,31.47
2004,IC_GEN_MGTN,United Kingdom of Great Britain and Northern Ireland,FEMALE,32.46
2005,IC_GEN_MGTN,United Kingdom of Great Britain and Northern Ireland,FEMALE,33.61
2006,IC_GEN_MGTN,United Kingdom of Great Britain and Northern Ireland,FEMALE,34.26
2007,IC_GEN_MGTN,United Kingdom of Great Britain and Northern Ireland,FEMALE,34.35
2008,IC_GEN_MGTN,United Kingdom of Great Britain and Northern Ireland,FEMALE,34.75
2009,IC_GEN_MGTN,United Kingdom of Great Britain and Northern Ireland,FEMALE,35.38
2010,IC_GEN_MGTN,United Kingdom of Great Britain and Northern Ireland,FEMALE,35.98
2011,IC_GEN_MGTN,United Kingdom of Great Britain and Northern Ireland,FEMALE,32.12
2012,IC_GEN_MGTN,United Kingdom of Great Britain and Northern Ireland,FEMALE,32.39
2013,IC_GEN_MGTN,United Kingdom of Great Britain and Northern Ireland,FEMALE,32.31
2014,IC_GEN_MGTN,United Kingdom of Great Britain and Northern Ireland,FEMALE,32.86
2015,IC_GEN_MGTN,United Kingdom of Great Britain and Northern Ireland,FEMALE,32.4
2016,IC_GEN_MGTN,United Kingdom of Great Britain and Northern Ireland,FEMALE,33.78
2017,IC_GEN_MGTN,United Kingdom of Great Britain and Northern Ireland,FEMALE,34.36
2018,IC_GEN_MGTN,United Kingdom of Great Britain and Northern Ireland,FEMALE,34.23
2019,IC_GEN_MGTN,United Kingdom of Great Britain and Northern Ireland,FEMALE,34.91
2017,IC_GEN_MGTN,Denmark,FEMALE,27.0
2018,IC_GEN_MGTN,Denmark,FEMALE,26.33
2019,IC_GEN_MGTN,Denmark,FEMALE,26.63
2020,IC_GEN_MGTN,Denmark,FEMALE,28.03
2020,IC_GEN_MGTN,Denmark,FEMALE,28.03
