Year,SeriesCode,GeoAreaName,Value
2020,EN_H2O_OPAMBQ,Australia,92.0
2017,EN_H2O_OPAMBQ,Austria,91.94
2020,EN_H2O_OPAMBQ,Austria,95.56
2017,EN_H2O_OPAMBQ,Bosnia and Herzegovina,100.0
2020,EN_H2O_OPAMBQ,Bosnia and Herzegovina,100.0
2017,EN_H2O_OPAMBQ,Bulgaria,100.0
2020,EN_H2O_OPAMBQ,Bulgaria,100.0
2020,EN_H2O_OPAMBQ,Belarus,93.08
2020,EN_H2O_OPAMBQ,Croatia,71.43
2017,EN_H2O_OPAMBQ,Cyprus,100.0
2020,EN_H2O_OPAMBQ,Cyprus,100.0
2017,EN_H2O_OPAMBQ,Czechia,0.0
2020,EN_H2O_OPAMBQ,Czechia,100.0
2020,EN_H2O_OPAMBQ,Denmark,38.0
2017,EN_H2O_OPAMBQ,Estonia,100.0
2020,EN_H2O_OPAMBQ,Estonia,44.2
2017,EN_H2O_OPAMBQ,Finland,100.0
2020,EN_H2O_OPAMBQ,Finland,100.0
2017,EN_H2O_OPAMBQ,France,99.28
2020,EN_H2O_OPAMBQ,France,100.0
2017,EN_H2O_OPAMBQ,Germany,72.41
2017,EN_H2O_OPAMBQ,Greece,100.0
2020,EN_H2O_OPAMBQ,Greece,100.0
2017,EN_H2O_OPAMBQ,Hungary,41.77
2020,EN_H2O_OPAMBQ,Hungary,34.04
2017,EN_H2O_OPAMBQ,Iceland,100.0
2020,EN_H2O_OPAMBQ,Iceland,100.0
2017,EN_H2O_OPAMBQ,Ireland,45.78
2020,EN_H2O_OPAMBQ,Ireland,50.45
2017,EN_H2O_OPAMBQ,Japan,75.0
2020,EN_H2O_OPAMBQ,Japan,75.0
2020,EN_H2O_OPAMBQ,Kazakhstan,38.71
2017,EN_H2O_OPAMBQ,Republic of Korea,0.0
2020,EN_H2O_OPAMBQ,Republic of Korea,87.76
2017,EN_H2O_OPAMBQ,Latvia,59.27
2020,EN_H2O_OPAMBQ,Latvia,68.12
2017,EN_H2O_OPAMBQ,Lithuania,100.0
2020,EN_H2O_OPAMBQ,Lithuania,100.0
2020,EN_H2O_OPAMBQ,Mexico,58.27
2017,EN_H2O_OPAMBQ,Montenegro,100.0
2020,EN_H2O_OPAMBQ,Montenegro,90.91
2017,EN_H2O_OPAMBQ,Netherlands (Kingdom of the),99.01
2020,EN_H2O_OPAMBQ,Netherlands (Kingdom of the),99.01
2017,EN_H2O_OPAMBQ,New Zealand,87.64
2020,EN_H2O_OPAMBQ,New Zealand,40.35
2017,EN_H2O_OPAMBQ,Norway,100.0
2020,EN_H2O_OPAMBQ,Norway,100.0
2017,EN_H2O_OPAMBQ,Poland,38.51
2020,EN_H2O_OPAMBQ,Poland,98.77
2017,EN_H2O_OPAMBQ,Romania,62.61
2020,EN_H2O_OPAMBQ,Romania,66.67
2020,EN_H2O_OPAMBQ,Serbia,100.0
2017,EN_H2O_OPAMBQ,Slovakia,0.0
2020,EN_H2O_OPAMBQ,Slovakia,0.0
2017,EN_H2O_OPAMBQ,Slovenia,9.09
2020,EN_H2O_OPAMBQ,Slovenia,27.27
2017,EN_H2O_OPAMBQ,Sweden,48.85
2020,EN_H2O_OPAMBQ,Sweden,52.96
2020,EN_H2O_OPAMBQ,Switzerland,36.36
2017,EN_H2O_OPAMBQ,United Arab Emirates,0.0
2017,EN_H2O_OPAMBQ,North Macedonia,0.0
2017,EN_H2O_OPAMBQ,United Kingdom of Great Britain and Northern Ireland,99.37
2020,EN_H2O_OPAMBQ,United Kingdom of Great Britain and Northern Ireland,100.0
2017,EN_H2O_RVAMBQ,Austria,80.12
2020,EN_H2O_RVAMBQ,Austria,81.42
2017,EN_H2O_RVAMBQ,Bosnia and Herzegovina,4.89
2020,EN_H2O_RVAMBQ,Bosnia and Herzegovina,28.35
2017,EN_H2O_RVAMBQ,Bulgaria,99.12
2020,EN_H2O_RVAMBQ,Bulgaria,98.96
2020,EN_H2O_RVAMBQ,Belarus,91.26
2020,EN_H2O_RVAMBQ,Canada,82.19
2017,EN_H2O_RVAMBQ,Chile,85.64
2020,EN_H2O_RVAMBQ,Chile,84.02
2020,EN_H2O_RVAMBQ,Costa Rica,68.48
2020,EN_H2O_RVAMBQ,Croatia,55.0
2017,EN_H2O_RVAMBQ,Cyprus,94.29
2020,EN_H2O_RVAMBQ,Cyprus,94.12
2017,EN_H2O_RVAMBQ,Czechia,100.0
2020,EN_H2O_RVAMBQ,Czechia,97.45
2020,EN_H2O_RVAMBQ,Denmark,54.0
2017,EN_H2O_RVAMBQ,Estonia,100.0
2020,EN_H2O_RVAMBQ,Estonia,86.2
2017,EN_H2O_RVAMBQ,Finland,100.0
2020,EN_H2O_RVAMBQ,Finland,100.0
2017,EN_H2O_RVAMBQ,France,97.79
2020,EN_H2O_RVAMBQ,France,92.53
2017,EN_H2O_RVAMBQ,Germany,35.08
2017,EN_H2O_RVAMBQ,Greece,94.6
2020,EN_H2O_RVAMBQ,Greece,96.53
2017,EN_H2O_RVAMBQ,Hungary,53.6
2020,EN_H2O_RVAMBQ,Hungary,60.72
2017,EN_H2O_RVAMBQ,Iceland,100.0
2020,EN_H2O_RVAMBQ,Iceland,100.0
2017,EN_H2O_RVAMBQ,Ireland,56.72
2020,EN_H2O_RVAMBQ,Ireland,53.18
2017,EN_H2O_RVAMBQ,Japan,30.0
2020,EN_H2O_RVAMBQ,Japan,30.0
2020,EN_H2O_RVAMBQ,Kazakhstan,72.53
2017,EN_H2O_RVAMBQ,Republic of Korea,82.61
2020,EN_H2O_RVAMBQ,Republic of Korea,82.61
2017,EN_H2O_RVAMBQ,Latvia,67.84
2020,EN_H2O_RVAMBQ,Latvia,61.55
2017,EN_H2O_RVAMBQ,Liechtenstein,77.78
2020,EN_H2O_RVAMBQ,Liechtenstein,77.78
2017,EN_H2O_RVAMBQ,Lithuania,99.26
2020,EN_H2O_RVAMBQ,Lithuania,97.71
2020,EN_H2O_RVAMBQ,Mexico,53.09
2017,EN_H2O_RVAMBQ,Montenegro,100.0
2020,EN_H2O_RVAMBQ,Montenegro,86.67
2017,EN_H2O_RVAMBQ,Netherlands (Kingdom of the),100.0
2020,EN_H2O_RVAMBQ,Netherlands (Kingdom of the),100.0
2017,EN_H2O_RVAMBQ,New Zealand,99.58
2020,EN_H2O_RVAMBQ,New Zealand,80.07
2017,EN_H2O_RVAMBQ,Norway,100.0
2020,EN_H2O_RVAMBQ,Norway,100.0
2017,EN_H2O_RVAMBQ,Poland,30.64
2020,EN_H2O_RVAMBQ,Poland,98.4
2017,EN_H2O_RVAMBQ,Romania,57.37
2020,EN_H2O_RVAMBQ,Romania,93.16
2020,EN_H2O_RVAMBQ,Serbia,77.14
2017,EN_H2O_RVAMBQ,Slovakia,98.39
2020,EN_H2O_RVAMBQ,Slovakia,100.0
2017,EN_H2O_RVAMBQ,Slovenia,80.43
2020,EN_H2O_RVAMBQ,Slovenia,89.51
2017,EN_H2O_RVAMBQ,Sweden,31.77
2020,EN_H2O_RVAMBQ,Sweden,34.58
2017,EN_H2O_RVAMBQ,Switzerland,100.0
2020,EN_H2O_RVAMBQ,Switzerland,100.0
2017,EN_H2O_RVAMBQ,North Macedonia,12.5
2020,EN_H2O_RVAMBQ,North Macedonia,70.01
2017,EN_H2O_RVAMBQ,United Kingdom of Great Britain and Northern Ireland,95.95
2020,EN_H2O_RVAMBQ,United Kingdom of Great Britain and Northern Ireland,95.99
2020,EN_H2O_GRAMBQ,Australia,87.0
2017,EN_H2O_GRAMBQ,Austria,94.57
2020,EN_H2O_GRAMBQ,Austria,96.24
2017,EN_H2O_GRAMBQ,Bosnia and Herzegovina,16.67
2020,EN_H2O_GRAMBQ,Bosnia and Herzegovina,94.74
2017,EN_H2O_GRAMBQ,Bulgaria,28.05
2020,EN_H2O_GRAMBQ,Bulgaria,25.61
2020,EN_H2O_GRAMBQ,Belarus,62.81
2020,EN_H2O_GRAMBQ,Croatia,91.0
2017,EN_H2O_GRAMBQ,Cyprus,12.5
2020,EN_H2O_GRAMBQ,Cyprus,9.09
2017,EN_H2O_GRAMBQ,Czechia,40.99
2020,EN_H2O_GRAMBQ,Czechia,37.89
2020,EN_H2O_GRAMBQ,Denmark,75.0
2020,EN_H2O_GRAMBQ,Estonia,100.0
2017,EN_H2O_GRAMBQ,Finland,85.61
2020,EN_H2O_GRAMBQ,Finland,86.87
2017,EN_H2O_GRAMBQ,France,41.08
2020,EN_H2O_GRAMBQ,France,39.43
2020,EN_H2O_GRAMBQ,Georgia,92.0
2017,EN_H2O_GRAMBQ,Greece,0.0
2020,EN_H2O_GRAMBQ,Greece,0.0
2017,EN_H2O_GRAMBQ,Hungary,81.98
2020,EN_H2O_GRAMBQ,Hungary,78.38
2017,EN_H2O_GRAMBQ,Iceland,100.0
2020,EN_H2O_GRAMBQ,Iceland,100.0
2017,EN_H2O_GRAMBQ,Ireland,91.42
2020,EN_H2O_GRAMBQ,Ireland,92.22
2017,EN_H2O_GRAMBQ,Japan,0.0
2020,EN_H2O_GRAMBQ,Japan,0.0
2017,EN_H2O_GRAMBQ,Republic of Korea,96.01
2020,EN_H2O_GRAMBQ,Republic of Korea,96.01
2017,EN_H2O_GRAMBQ,Latvia,100.0
2020,EN_H2O_GRAMBQ,Latvia,100.0
2017,EN_H2O_GRAMBQ,Liechtenstein,100.0
2020,EN_H2O_GRAMBQ,Liechtenstein,100.0
2017,EN_H2O_GRAMBQ,Montenegro,0.0
2020,EN_H2O_GRAMBQ,Montenegro,100.0
2017,EN_H2O_GRAMBQ,Netherlands (Kingdom of the),62.5
2020,EN_H2O_GRAMBQ,Netherlands (Kingdom of the),62.5
2020,EN_H2O_GRAMBQ,New Zealand,0.0
2017,EN_H2O_GRAMBQ,Norway,100.0
2020,EN_H2O_GRAMBQ,Norway,0.0
2017,EN_H2O_GRAMBQ,Poland,85.71
2020,EN_H2O_GRAMBQ,Poland,58.82
2017,EN_H2O_GRAMBQ,Romania,83.69
2020,EN_H2O_GRAMBQ,Romania,44.44
2020,EN_H2O_GRAMBQ,Serbia,88.46
2017,EN_H2O_GRAMBQ,Slovakia,49.32
2020,EN_H2O_GRAMBQ,Slovakia,47.3
2017,EN_H2O_GRAMBQ,Slovenia,90.48
2020,EN_H2O_GRAMBQ,Slovenia,78.57
2017,EN_H2O_GRAMBQ,Sweden,97.7
2020,EN_H2O_GRAMBQ,Sweden,97.62
2017,EN_H2O_GRAMBQ,United Arab Emirates,50.0
2017,EN_H2O_GRAMBQ,North Macedonia,0.0
2017,EN_H2O_GRAMBQ,United Kingdom of Great Britain and Northern Ireland,56.2
2020,EN_H2O_GRAMBQ,United Kingdom of Great Britain and Northern Ireland,57.76
2020,EN_H2O_WBAMBQ,Australia,87.65
2017,EN_H2O_WBAMBQ,Austria,80.44
2020,EN_H2O_WBAMBQ,Austria,81.77
2017,EN_H2O_WBAMBQ,Bosnia and Herzegovina,5.79
2020,EN_H2O_WBAMBQ,Bosnia and Herzegovina,30.58
2017,EN_H2O_WBAMBQ,Bulgaria,69.85
2020,EN_H2O_WBAMBQ,Bulgaria,65.56
2020,EN_H2O_WBAMBQ,Belarus,88.88
2020,EN_H2O_WBAMBQ,Canada,82.19
2017,EN_H2O_WBAMBQ,Chile,85.64
2020,EN_H2O_WBAMBQ,Chile,84.02
2020,EN_H2O_WBAMBQ,Costa Rica,68.48
2020,EN_H2O_WBAMBQ,Croatia,55.85
2017,EN_H2O_WBAMBQ,Cyprus,61.67
2020,EN_H2O_WBAMBQ,Cyprus,61.4
2017,EN_H2O_WBAMBQ,Czechia,67.01
2020,EN_H2O_WBAMBQ,Czechia,88.19
2020,EN_H2O_WBAMBQ,Denmark,53.42
2017,EN_H2O_WBAMBQ,Estonia,100.0
2020,EN_H2O_WBAMBQ,Estonia,75.65
2017,EN_H2O_WBAMBQ,Finland,95.98
2020,EN_H2O_WBAMBQ,Finland,96.84
2017,EN_H2O_WBAMBQ,France,83.53
2020,EN_H2O_WBAMBQ,France,78.93
2020,EN_H2O_WBAMBQ,Georgia,92.0
2017,EN_H2O_WBAMBQ,Germany,38.99
2017,EN_H2O_WBAMBQ,Greece,49.25
2020,EN_H2O_WBAMBQ,Greece,40.62
2017,EN_H2O_WBAMBQ,Hungary,57.66
2020,EN_H2O_WBAMBQ,Hungary,59.33
2017,EN_H2O_WBAMBQ,Iceland,100.0
2020,EN_H2O_WBAMBQ,Iceland,100.0
2017,EN_H2O_WBAMBQ,Ireland,61.69
2020,EN_H2O_WBAMBQ,Ireland,59.44
2017,EN_H2O_WBAMBQ,Japan,37.5
2020,EN_H2O_WBAMBQ,Japan,37.5
2020,EN_H2O_WBAMBQ,Kazakhstan,63.94
2017,EN_H2O_WBAMBQ,Republic of Korea,87.29
2020,EN_H2O_WBAMBQ,Republic of Korea,93.3
2017,EN_H2O_WBAMBQ,Latvia,65.43
2020,EN_H2O_WBAMBQ,Latvia,66.54
2017,EN_H2O_WBAMBQ,Liechtenstein,80.0
2020,EN_H2O_WBAMBQ,Liechtenstein,80.0
2017,EN_H2O_WBAMBQ,Lithuania,99.55
2020,EN_H2O_WBAMBQ,Lithuania,98.65
2020,EN_H2O_WBAMBQ,Mexico,54.91
2017,EN_H2O_WBAMBQ,Montenegro,94.12
2020,EN_H2O_WBAMBQ,Montenegro,88.1
2017,EN_H2O_WBAMBQ,Netherlands (Kingdom of the),95.88
2020,EN_H2O_WBAMBQ,Netherlands (Kingdom of the),95.86
2017,EN_H2O_WBAMBQ,New Zealand,97.7
2020,EN_H2O_WBAMBQ,New Zealand,72.21
2017,EN_H2O_WBAMBQ,Norway,100.0
2020,EN_H2O_WBAMBQ,Norway,100.0
2017,EN_H2O_WBAMBQ,Poland,33.71
2020,EN_H2O_WBAMBQ,Poland,96.14
2017,EN_H2O_WBAMBQ,Romania,61.37
2020,EN_H2O_WBAMBQ,Romania,83.67
2020,EN_H2O_WBAMBQ,Serbia,83.07
2017,EN_H2O_WBAMBQ,Slovakia,71.86
2020,EN_H2O_WBAMBQ,Slovakia,57.15
2017,EN_H2O_WBAMBQ,Slovenia,75.81
2020,EN_H2O_WBAMBQ,Slovenia,83.89
2017,EN_H2O_WBAMBQ,Sweden,45.13
2020,EN_H2O_WBAMBQ,Sweden,48.37
2017,EN_H2O_WBAMBQ,Switzerland,100.0
2020,EN_H2O_WBAMBQ,Switzerland,61.11
2017,EN_H2O_WBAMBQ,United Arab Emirates,40.0
2017,EN_H2O_WBAMBQ,North Macedonia,8.7
2020,EN_H2O_WBAMBQ,North Macedonia,70.01
2017,EN_H2O_WBAMBQ,United Kingdom of Great Britain and Northern Ireland,87.1
2020,EN_H2O_WBAMBQ,United Kingdom of Great Britain and Northern Ireland,89.9
2020,EN_H2O_WBAMBQ,United Kingdom of Great Britain and Northern Ireland,89.9
