Year,SeriesCode,GeoAreaName,Value
2000,EN_LKRV_SWAN,Bosnia and Herzegovina,4.48583
2001,EN_LKRV_SWAN,Bosnia and Herzegovina,15.70308
2002,EN_LKRV_SWAN,Bosnia and Herzegovina,36.94994
2003,EN_LKRV_SWAN,Bosnia and Herzegovina,50.57756
2004,EN_LKRV_SWAN,Bosnia and Herzegovina,62.60016
2005,EN_LKRV_SWAN,Bosnia and Herzegovina,80.70444
2006,EN_LKRV_SWAN,Bosnia and Herzegovina,94.00306
2007,EN_LKRV_SWAN,Bosnia and Herzegovina,92.69879
2008,EN_LKRV_SWAN,Bosnia and Herzegovina,93.86829
2009,EN_LKRV_SWAN,Bosnia and Herzegovina,101.9335
2010,EN_LKRV_SWAN,Bosnia and Herzegovina,95.48293
2011,EN_LKRV_SWAN,Bosnia and Herzegovina,95.21826
2012,EN_LKRV_SWAN,Bosnia and Herzegovina,85.59456
2013,EN_LKRV_SWAN,Bosnia and Herzegovina,83.46911
2014,EN_LKRV_SWAN,Bosnia and Herzegovina,90.4602
2015,EN_LKRV_SWAN,Bosnia and Herzegovina,97.41045
2016,EN_LKRV_SWAN,Bosnia and Herzegovina,87.27362
2017,EN_LKRV_SWAN,Bosnia and Herzegovina,98.98236
2018,EN_LKRV_SWAN,Bosnia and Herzegovina,103.31956
2019,EN_LKRV_SWAN,Bosnia and Herzegovina,103.67642
2020,EN_LKRV_SWAN,Bosnia and Herzegovina,94.80561
2021,EN_LKRV_SWAN,Bosnia and Herzegovina,94.4393
2022,EN_LKRV_SWAN,Bosnia and Herzegovina,90.53656
2000,EN_LKRV_SWAN,Bulgaria,9.61442
2001,EN_LKRV_SWAN,Bulgaria,31.45299
2002,EN_LKRV_SWAN,Bulgaria,48.2332
2003,EN_LKRV_SWAN,Bulgaria,66.73915
2004,EN_LKRV_SWAN,Bulgaria,92.34222
2005,EN_LKRV_SWAN,Bulgaria,102.37059
2006,EN_LKRV_SWAN,Bulgaria,104.27358
2007,EN_LKRV_SWAN,Bulgaria,112.01125
2008,EN_LKRV_SWAN,Bulgaria,115.80444
2009,EN_LKRV_SWAN,Bulgaria,112.84312
2010,EN_LKRV_SWAN,Bulgaria,114.19454
2011,EN_LKRV_SWAN,Bulgaria,115.27418
2012,EN_LKRV_SWAN,Bulgaria,113.33589
2013,EN_LKRV_SWAN,Bulgaria,117.53149
2014,EN_LKRV_SWAN,Bulgaria,118.49648
2015,EN_LKRV_SWAN,Bulgaria,121.41958
2016,EN_LKRV_SWAN,Bulgaria,123.81098
2017,EN_LKRV_SWAN,Bulgaria,130.06587
2018,EN_LKRV_SWAN,Bulgaria,128.6804
2019,EN_LKRV_SWAN,Bulgaria,139.45066
2020,EN_LKRV_SWAN,Bulgaria,142.55773
2021,EN_LKRV_SWAN,Bulgaria,141.25505
2022,EN_LKRV_SWAN,Bulgaria,143.52157
2000,EN_LKRV_SWAN,Canada,72131.35124
2001,EN_LKRV_SWAN,Canada,71036.60008
2002,EN_LKRV_SWAN,Canada,70688.4345
2003,EN_LKRV_SWAN,Canada,69707.22166
2004,EN_LKRV_SWAN,Canada,69469.03055
2005,EN_LKRV_SWAN,Canada,69973.8094
2006,EN_LKRV_SWAN,Canada,73194.7183
2007,EN_LKRV_SWAN,Canada,75430.91523
2008,EN_LKRV_SWAN,Canada,77428.47882
2009,EN_LKRV_SWAN,Canada,80203.66838
2010,EN_LKRV_SWAN,Canada,80259.71704
2011,EN_LKRV_SWAN,Canada,79684.73131
2000,EN_LKRV_SWAN,New Zealand,83.03651
2001,EN_LKRV_SWAN,New Zealand,179.64386
2002,EN_LKRV_SWAN,New Zealand,270.53005
2003,EN_LKRV_SWAN,New Zealand,369.99423
2004,EN_LKRV_SWAN,New Zealand,477.58486
2005,EN_LKRV_SWAN,New Zealand,501.20879
2006,EN_LKRV_SWAN,New Zealand,520.0055
2007,EN_LKRV_SWAN,New Zealand,552.63821
2008,EN_LKRV_SWAN,New Zealand,558.75797
2009,EN_LKRV_SWAN,New Zealand,555.70151
2010,EN_LKRV_SWAN,New Zealand,542.31928
2011,EN_LKRV_SWAN,New Zealand,535.2886
2012,EN_LKRV_SWAN,Canada,80022.35331
2013,EN_LKRV_SWAN,Canada,75558.29882
2014,EN_LKRV_SWAN,Canada,76452.87793
2015,EN_LKRV_SWAN,Canada,76676.48706
2016,EN_LKRV_SWAN,Canada,77291.01571
2017,EN_LKRV_SWAN,Canada,79384.81307
2018,EN_LKRV_SWAN,Canada,87652.84951
2019,EN_LKRV_SWAN,Canada,89733.40818
2020,EN_LKRV_SWAN,Canada,92449.75742
2021,EN_LKRV_SWAN,Canada,96913.77946
2022,EN_LKRV_SWAN,Canada,99000.95113
2000,EN_LKRV_SWAN,Chile,745.10606
2000,EN_LKRV_SWAN,Albania,3.81988
2001,EN_LKRV_SWAN,Albania,18.85284
2002,EN_LKRV_SWAN,Albania,32.50621
2003,EN_LKRV_SWAN,Albania,44.77272
2004,EN_LKRV_SWAN,Albania,62.34261
2005,EN_LKRV_SWAN,Albania,74.54477
2006,EN_LKRV_SWAN,Albania,72.43665
2007,EN_LKRV_SWAN,Albania,76.07659
2008,EN_LKRV_SWAN,Albania,79.0602
2009,EN_LKRV_SWAN,Albania,76.91731
2010,EN_LKRV_SWAN,Albania,76.8536
2011,EN_LKRV_SWAN,Albania,81.94908
2001,EN_LKRV_SWAN,Chile,913.73163
2002,EN_LKRV_SWAN,Chile,1113.83706
2003,EN_LKRV_SWAN,Chile,1286.29755
2004,EN_LKRV_SWAN,Chile,1253.88462
2005,EN_LKRV_SWAN,Chile,1220.92338
2006,EN_LKRV_SWAN,Chile,1246.34193
2007,EN_LKRV_SWAN,Chile,1230.42434
2008,EN_LKRV_SWAN,Chile,1217.89832
2009,EN_LKRV_SWAN,Chile,1254.32451
2010,EN_LKRV_SWAN,Chile,1244.98266
2011,EN_LKRV_SWAN,Chile,1203.8268
2012,EN_LKRV_SWAN,Chile,1201.66335
2012,EN_LKRV_SWAN,New Zealand,511.54912
2013,EN_LKRV_SWAN,New Zealand,492.98537
2014,EN_LKRV_SWAN,New Zealand,509.33025
2015,EN_LKRV_SWAN,New Zealand,539.77969
2016,EN_LKRV_SWAN,New Zealand,578.42779
2017,EN_LKRV_SWAN,New Zealand,579.03284
2018,EN_LKRV_SWAN,New Zealand,598.60327
2019,EN_LKRV_SWAN,New Zealand,586.8083
2020,EN_LKRV_SWAN,New Zealand,577.01943
2021,EN_LKRV_SWAN,New Zealand,550.53992
2022,EN_LKRV_SWAN,New Zealand,583.91499
2000,EN_LKRV_SWAN,Norway,173.02311
2001,EN_LKRV_SWAN,Norway,296.05131
2002,EN_LKRV_SWAN,Norway,411.20985
2003,EN_LKRV_SWAN,Norway,528.35902
2004,EN_LKRV_SWAN,Norway,495.07305
2005,EN_LKRV_SWAN,Norway,570.55207
2006,EN_LKRV_SWAN,Norway,571.11004
2007,EN_LKRV_SWAN,Norway,594.27564
2008,EN_LKRV_SWAN,Norway,561.59971
2009,EN_LKRV_SWAN,Norway,547.99367
2010,EN_LKRV_SWAN,Norway,534.32386
2011,EN_LKRV_SWAN,Norway,514.35577
2012,EN_LKRV_SWAN,Norway,507.03758
2013,EN_LKRV_SWAN,Chile,1185.4366
2014,EN_LKRV_SWAN,Chile,1189.90584
2015,EN_LKRV_SWAN,Chile,1204.27158
2016,EN_LKRV_SWAN,Chile,1354.81288
2017,EN_LKRV_SWAN,Chile,1433.10537
2018,EN_LKRV_SWAN,Chile,1550.55767
2019,EN_LKRV_SWAN,Chile,1635.49511
2020,EN_LKRV_SWAN,Chile,1700.18798
2021,EN_LKRV_SWAN,Chile,1743.25114
2022,EN_LKRV_SWAN,Chile,1864.07817
2000,EN_LKRV_SWAN,China,35640.6056
2001,EN_LKRV_SWAN,China,40558.50948
2012,EN_LKRV_SWAN,Albania,81.48005
2013,EN_LKRV_SWAN,Albania,81.06627
2014,EN_LKRV_SWAN,Albania,83.16685
2015,EN_LKRV_SWAN,Albania,83.2786
2016,EN_LKRV_SWAN,Albania,83.18671
2017,EN_LKRV_SWAN,Albania,85.89976
2018,EN_LKRV_SWAN,Albania,89.9707
2019,EN_LKRV_SWAN,Albania,91.75472
2020,EN_LKRV_SWAN,Albania,92.86206
2021,EN_LKRV_SWAN,Albania,96.56248
2022,EN_LKRV_SWAN,Albania,99.6962
2000,EN_LKRV_SWAN,Azerbaijan,295.03697
2013,EN_LKRV_SWAN,Norway,477.31387
2014,EN_LKRV_SWAN,Norway,548.09211
2015,EN_LKRV_SWAN,Norway,565.38913
2016,EN_LKRV_SWAN,Norway,613.80652
2017,EN_LKRV_SWAN,Norway,706.15845
2018,EN_LKRV_SWAN,Norway,845.52896
2019,EN_LKRV_SWAN,Norway,938.64713
2020,EN_LKRV_SWAN,Norway,1035.70247
2021,EN_LKRV_SWAN,Norway,1186.75716
2022,EN_LKRV_SWAN,Norway,1329.06776
2000,EN_LKRV_SWAN,Poland,180.65156
2001,EN_LKRV_SWAN,Poland,295.92949
2001,EN_LKRV_SWAN,Azerbaijan,451.78272
2002,EN_LKRV_SWAN,Azerbaijan,562.83932
2003,EN_LKRV_SWAN,Azerbaijan,682.1541
2004,EN_LKRV_SWAN,Azerbaijan,703.17503
2005,EN_LKRV_SWAN,Azerbaijan,683.39552
2006,EN_LKRV_SWAN,Azerbaijan,650.2735
2007,EN_LKRV_SWAN,Azerbaijan,712.15235
2008,EN_LKRV_SWAN,Azerbaijan,790.63238
2009,EN_LKRV_SWAN,Azerbaijan,810.6951
2010,EN_LKRV_SWAN,Azerbaijan,816.74781
2011,EN_LKRV_SWAN,Azerbaijan,903.17579
2012,EN_LKRV_SWAN,Azerbaijan,913.19157
2002,EN_LKRV_SWAN,Poland,403.38223
2003,EN_LKRV_SWAN,Poland,510.73536
2004,EN_LKRV_SWAN,Poland,527.45227
2005,EN_LKRV_SWAN,Poland,601.74876
2006,EN_LKRV_SWAN,Poland,625.09104
2007,EN_LKRV_SWAN,Poland,652.92872
2008,EN_LKRV_SWAN,Poland,659.00701
2009,EN_LKRV_SWAN,Poland,627.22572
2010,EN_LKRV_SWAN,Poland,633.74111
2011,EN_LKRV_SWAN,Poland,621.23025
2012,EN_LKRV_SWAN,Poland,629.58589
2013,EN_LKRV_SWAN,Poland,618.8859
2014,EN_LKRV_SWAN,Poland,666.50989
2015,EN_LKRV_SWAN,Poland,672.40062
2016,EN_LKRV_SWAN,Poland,680.06022
2017,EN_LKRV_SWAN,Poland,702.08994
2018,EN_LKRV_SWAN,Poland,747.7023
2019,EN_LKRV_SWAN,Poland,778.00465
2020,EN_LKRV_SWAN,Poland,813.78147
2021,EN_LKRV_SWAN,Poland,857.72583
2022,EN_LKRV_SWAN,Poland,882.09927
2000,EN_LKRV_SWAN,Portugal,5.88494
2001,EN_LKRV_SWAN,Portugal,25.7729
2002,EN_LKRV_SWAN,Portugal,57.70167
2013,EN_LKRV_SWAN,Azerbaijan,895.30203
2014,EN_LKRV_SWAN,Azerbaijan,908.85692
2015,EN_LKRV_SWAN,Azerbaijan,950.82742
2016,EN_LKRV_SWAN,Azerbaijan,910.66667
2017,EN_LKRV_SWAN,Azerbaijan,864.04523
2018,EN_LKRV_SWAN,Azerbaijan,889.11037
2019,EN_LKRV_SWAN,Azerbaijan,853.47939
2020,EN_LKRV_SWAN,Azerbaijan,829.04597
2021,EN_LKRV_SWAN,Azerbaijan,786.77742
2022,EN_LKRV_SWAN,Azerbaijan,813.05904
2000,EN_LKRV_SWAN,Australia,50948.28012
2001,EN_LKRV_SWAN,Australia,53783.89305
2003,EN_LKRV_SWAN,Portugal,80.24141
2004,EN_LKRV_SWAN,Portugal,110.48211
2005,EN_LKRV_SWAN,Portugal,132.19347
2006,EN_LKRV_SWAN,Portugal,133.0441
2007,EN_LKRV_SWAN,Portugal,120.92623
2008,EN_LKRV_SWAN,Portugal,132.8045
2009,EN_LKRV_SWAN,Portugal,120.93799
2010,EN_LKRV_SWAN,Portugal,124.20875
2011,EN_LKRV_SWAN,Portugal,136.30441
2012,EN_LKRV_SWAN,Portugal,150.464
2013,EN_LKRV_SWAN,Portugal,144.06963
2014,EN_LKRV_SWAN,Portugal,161.42277
2002,EN_LKRV_SWAN,Australia,59502.36699
2003,EN_LKRV_SWAN,Australia,53929.45927
2004,EN_LKRV_SWAN,Australia,54087.69801
2005,EN_LKRV_SWAN,Australia,56383.70798
2006,EN_LKRV_SWAN,Australia,50913.20105
2007,EN_LKRV_SWAN,Australia,47948.04147
2008,EN_LKRV_SWAN,Australia,51945.51029
2009,EN_LKRV_SWAN,Australia,51250.45901
2010,EN_LKRV_SWAN,Australia,51310.79338
2011,EN_LKRV_SWAN,Australia,56741.97294
2012,EN_LKRV_SWAN,Australia,62663.68439
2013,EN_LKRV_SWAN,Australia,61958.30701
2015,EN_LKRV_SWAN,Portugal,162.53584
2016,EN_LKRV_SWAN,Portugal,162.41354
2017,EN_LKRV_SWAN,Portugal,161.37226
2018,EN_LKRV_SWAN,Portugal,164.36562
2019,EN_LKRV_SWAN,Portugal,164.44564
2020,EN_LKRV_SWAN,Portugal,165.89418
2021,EN_LKRV_SWAN,Portugal,174.62866
2022,EN_LKRV_SWAN,Portugal,198.04865
2000,EN_LKRV_SWAN,Romania,171.25099
2001,EN_LKRV_SWAN,Romania,301.92432
2002,EN_LKRV_SWAN,Romania,430.13039
2003,EN_LKRV_SWAN,Romania,531.22715
2014,EN_LKRV_SWAN,Australia,60566.88818
2015,EN_LKRV_SWAN,Australia,58380.76682
2016,EN_LKRV_SWAN,Australia,53321.13848
2017,EN_LKRV_SWAN,Australia,50332.47625
2018,EN_LKRV_SWAN,Australia,51841.84688
2019,EN_LKRV_SWAN,Australia,52876.3437
2020,EN_LKRV_SWAN,Australia,50965.9172
2021,EN_LKRV_SWAN,Australia,53025.38478
2022,EN_LKRV_SWAN,Australia,50627.04056
2000,EN_LKRV_SWAN,Austria,9.69817
2001,EN_LKRV_SWAN,Austria,21.58218
2002,EN_LKRV_SWAN,Austria,32.77298
2004,EN_LKRV_SWAN,Romania,661.56399
2005,EN_LKRV_SWAN,Romania,800.55057
2006,EN_LKRV_SWAN,Romania,837.16871
2007,EN_LKRV_SWAN,Romania,945.98791
2008,EN_LKRV_SWAN,Romania,966.30505
2009,EN_LKRV_SWAN,Romania,944.59
2010,EN_LKRV_SWAN,Romania,946.12685
2011,EN_LKRV_SWAN,Romania,971.45666
2012,EN_LKRV_SWAN,Romania,855.62608
2013,EN_LKRV_SWAN,Romania,866.90077
2014,EN_LKRV_SWAN,Romania,950.09279
2015,EN_LKRV_SWAN,Romania,923.02013
2003,EN_LKRV_SWAN,Austria,43.84877
2004,EN_LKRV_SWAN,Austria,55.07777
2005,EN_LKRV_SWAN,Austria,63.07761
2006,EN_LKRV_SWAN,Austria,65.07957
2007,EN_LKRV_SWAN,Austria,68.68963
2008,EN_LKRV_SWAN,Austria,72.87655
2009,EN_LKRV_SWAN,Austria,68.14119
2010,EN_LKRV_SWAN,Austria,70.25987
2011,EN_LKRV_SWAN,Austria,70.81246
2012,EN_LKRV_SWAN,Austria,71.98977
2013,EN_LKRV_SWAN,Austria,71.72811
2014,EN_LKRV_SWAN,Austria,77.82533
2015,EN_LKRV_SWAN,Austria,78.17618
2016,EN_LKRV_SWAN,Austria,80.55058
2017,EN_LKRV_SWAN,Austria,82.91592
2018,EN_LKRV_SWAN,Austria,86.00915
2019,EN_LKRV_SWAN,Austria,88.18332
2020,EN_LKRV_SWAN,Austria,92.32807
2021,EN_LKRV_SWAN,Austria,95.60363
2022,EN_LKRV_SWAN,Austria,99.50021
2000,EN_LKRV_SWAN,Armenia,10.82448
2001,EN_LKRV_SWAN,Armenia,16.1246
2002,EN_LKRV_SWAN,Armenia,20.22671
2003,EN_LKRV_SWAN,Armenia,25.6735
2004,EN_LKRV_SWAN,Armenia,22.51407
2005,EN_LKRV_SWAN,Armenia,24.74917
2006,EN_LKRV_SWAN,Armenia,24.57467
2007,EN_LKRV_SWAN,Armenia,27.17525
2008,EN_LKRV_SWAN,Armenia,29.40368
2009,EN_LKRV_SWAN,Armenia,31.6629
2010,EN_LKRV_SWAN,Armenia,32.03437
2011,EN_LKRV_SWAN,Armenia,32.82512
2012,EN_LKRV_SWAN,Armenia,32.15224
2013,EN_LKRV_SWAN,Armenia,31.44856
2014,EN_LKRV_SWAN,Armenia,31.49832
2015,EN_LKRV_SWAN,Armenia,31.64119
2016,EN_LKRV_SWAN,Armenia,31.70053
2017,EN_LKRV_SWAN,Armenia,33.28673
2018,EN_LKRV_SWAN,Armenia,33.91453
2019,EN_LKRV_SWAN,Armenia,34.43393
2020,EN_LKRV_SWAN,Armenia,36.25716
2021,EN_LKRV_SWAN,Armenia,37.57078
2022,EN_LKRV_SWAN,Armenia,38.14505
2000,EN_LKRV_SWAN,Belgium,7.75037
2001,EN_LKRV_SWAN,Belgium,10.86511
2002,EN_LKRV_SWAN,Belgium,15.25774
2003,EN_LKRV_SWAN,Belgium,17.7926
2004,EN_LKRV_SWAN,Belgium,20.98193
2005,EN_LKRV_SWAN,Belgium,24.78082
2006,EN_LKRV_SWAN,Belgium,28.35645
2007,EN_LKRV_SWAN,Belgium,30.72941
2008,EN_LKRV_SWAN,Belgium,30.62892
2009,EN_LKRV_SWAN,Belgium,27.27305
2010,EN_LKRV_SWAN,Belgium,28.1543
2011,EN_LKRV_SWAN,Belgium,26.21073
2012,EN_LKRV_SWAN,Belgium,25.10171
2013,EN_LKRV_SWAN,Belgium,24.74276
2014,EN_LKRV_SWAN,Belgium,28.17634
2015,EN_LKRV_SWAN,Belgium,28.92481
2016,EN_LKRV_SWAN,Belgium,31.0386
2016,EN_LKRV_SWAN,Romania,855.74177
2017,EN_LKRV_SWAN,Romania,878.4628
2018,EN_LKRV_SWAN,Romania,844.41206
2019,EN_LKRV_SWAN,Romania,866.47735
2020,EN_LKRV_SWAN,Romania,863.42701
2021,EN_LKRV_SWAN,Romania,840.1223
2022,EN_LKRV_SWAN,Romania,851.02682
2000,EN_LKRV_SWAN,Serbia,7.22258
2001,EN_LKRV_SWAN,Serbia,55.93882
2002,EN_LKRV_SWAN,Serbia,82.96582
2003,EN_LKRV_SWAN,Serbia,103.05472
2004,EN_LKRV_SWAN,Serbia,127.67729
2002,EN_LKRV_SWAN,China,44799.56345
2003,EN_LKRV_SWAN,China,54038.35202
2004,EN_LKRV_SWAN,China,61229.053
2005,EN_LKRV_SWAN,China,66326.92244
2006,EN_LKRV_SWAN,China,66921.21352
2007,EN_LKRV_SWAN,China,66037.18098
2008,EN_LKRV_SWAN,China,64580.35507
2009,EN_LKRV_SWAN,China,63721.61925
2010,EN_LKRV_SWAN,China,62254.23594
2011,EN_LKRV_SWAN,China,61196.58265
2012,EN_LKRV_SWAN,China,59927.83562
2013,EN_LKRV_SWAN,China,58039.44839
2005,EN_LKRV_SWAN,Serbia,147.55403
2006,EN_LKRV_SWAN,Serbia,149.23917
2007,EN_LKRV_SWAN,Serbia,180.58192
2008,EN_LKRV_SWAN,Serbia,189.60599
2009,EN_LKRV_SWAN,Serbia,195.4802
2010,EN_LKRV_SWAN,Serbia,204.04605
2011,EN_LKRV_SWAN,Serbia,194.106
2012,EN_LKRV_SWAN,Serbia,159.77113
2013,EN_LKRV_SWAN,Serbia,159.40612
2014,EN_LKRV_SWAN,Serbia,178.99084
2015,EN_LKRV_SWAN,Serbia,174.95188
2016,EN_LKRV_SWAN,Serbia,171.20478
2014,EN_LKRV_SWAN,China,59063.28091
2015,EN_LKRV_SWAN,China,60648.29007
2016,EN_LKRV_SWAN,China,60375.0325
2017,EN_LKRV_SWAN,China,64671.94897
2018,EN_LKRV_SWAN,China,69584.91826
2019,EN_LKRV_SWAN,China,71307.65233
2020,EN_LKRV_SWAN,China,74233.87805
2021,EN_LKRV_SWAN,China,79613.98437
2022,EN_LKRV_SWAN,China,81085.71984
2000,EN_LKRV_SWAN,Colombia,4352.69105
2001,EN_LKRV_SWAN,Colombia,5459.17023
2002,EN_LKRV_SWAN,Colombia,5560.22907
2017,EN_LKRV_SWAN,Serbia,189.35457
2018,EN_LKRV_SWAN,Serbia,192.38604
2019,EN_LKRV_SWAN,Serbia,185.19359
2020,EN_LKRV_SWAN,Serbia,188.53802
2021,EN_LKRV_SWAN,Serbia,189.7662
2022,EN_LKRV_SWAN,Serbia,186.54289
2000,EN_LKRV_SWAN,Slovakia,2.62148
2001,EN_LKRV_SWAN,Slovakia,15.00341
2002,EN_LKRV_SWAN,Slovakia,21.15367
2003,EN_LKRV_SWAN,Slovakia,31.40333
2004,EN_LKRV_SWAN,Slovakia,40.45404
2005,EN_LKRV_SWAN,Slovakia,50.2931
2003,EN_LKRV_SWAN,Colombia,5845.88527
2004,EN_LKRV_SWAN,Colombia,5491.97863
2005,EN_LKRV_SWAN,Colombia,5224.82639
2006,EN_LKRV_SWAN,Colombia,5045.36605
2007,EN_LKRV_SWAN,Colombia,5068.85661
2008,EN_LKRV_SWAN,Colombia,5339.46501
2009,EN_LKRV_SWAN,Colombia,5786.26812
2010,EN_LKRV_SWAN,Colombia,5898.13737
2011,EN_LKRV_SWAN,Colombia,6243.98032
2012,EN_LKRV_SWAN,Colombia,6648.35713
2013,EN_LKRV_SWAN,Colombia,6826.51084
2014,EN_LKRV_SWAN,Colombia,6700.63052
2006,EN_LKRV_SWAN,Slovakia,52.47505
2007,EN_LKRV_SWAN,Slovakia,62.9555
2008,EN_LKRV_SWAN,Slovakia,59.68532
2009,EN_LKRV_SWAN,Slovakia,56.26645
2010,EN_LKRV_SWAN,Slovakia,52.79179
2011,EN_LKRV_SWAN,Slovakia,54.3535
2012,EN_LKRV_SWAN,Slovakia,47.96101
2013,EN_LKRV_SWAN,Slovakia,52.51493
2014,EN_LKRV_SWAN,Slovakia,60.20281
2015,EN_LKRV_SWAN,Slovakia,58.24376
2016,EN_LKRV_SWAN,Slovakia,49.851
2017,EN_LKRV_SWAN,Slovakia,48.30616
2018,EN_LKRV_SWAN,Slovakia,48.76228
2019,EN_LKRV_SWAN,Slovakia,48.12189
2020,EN_LKRV_SWAN,Slovakia,49.5708
2021,EN_LKRV_SWAN,Slovakia,53.5172
2022,EN_LKRV_SWAN,Slovakia,55.08252
2000,EN_LKRV_SWAN,Viet Nam,7183.58827
2001,EN_LKRV_SWAN,Viet Nam,8377.16975
2002,EN_LKRV_SWAN,Viet Nam,10089.90463
2003,EN_LKRV_SWAN,Viet Nam,12160.61311
2004,EN_LKRV_SWAN,Viet Nam,14315.56818
2005,EN_LKRV_SWAN,Viet Nam,16373.13742
2006,EN_LKRV_SWAN,Viet Nam,16981.29294
2015,EN_LKRV_SWAN,Colombia,6903.09933
2016,EN_LKRV_SWAN,Colombia,6683.74305
2017,EN_LKRV_SWAN,Colombia,6648.09147
2018,EN_LKRV_SWAN,Colombia,6842.5087
2019,EN_LKRV_SWAN,Colombia,7250.22721
2020,EN_LKRV_SWAN,Colombia,7388.91839
2021,EN_LKRV_SWAN,Colombia,7651.49937
2022,EN_LKRV_SWAN,Colombia,7788.33656
2000,EN_LKRV_SWAN,Costa Rica,88.77644
2001,EN_LKRV_SWAN,Costa Rica,105.76066
2002,EN_LKRV_SWAN,Costa Rica,104.53965
2003,EN_LKRV_SWAN,Costa Rica,92.63563
2007,EN_LKRV_SWAN,Viet Nam,17439.24604
2008,EN_LKRV_SWAN,Viet Nam,16694.01021
2009,EN_LKRV_SWAN,Viet Nam,17726.45684
2010,EN_LKRV_SWAN,Viet Nam,17513.71317
2011,EN_LKRV_SWAN,Viet Nam,16371.15183
2012,EN_LKRV_SWAN,Viet Nam,15818.07484
2013,EN_LKRV_SWAN,Viet Nam,14932.18173
2014,EN_LKRV_SWAN,Viet Nam,14734.67475
2015,EN_LKRV_SWAN,Viet Nam,14602.33496
2016,EN_LKRV_SWAN,Viet Nam,15071.67699
2017,EN_LKRV_SWAN,Viet Nam,15013.78184
2018,EN_LKRV_SWAN,Viet Nam,16647.42325
2004,EN_LKRV_SWAN,Costa Rica,78.82649
2005,EN_LKRV_SWAN,Costa Rica,64.3053
2006,EN_LKRV_SWAN,Costa Rica,59.46349
2007,EN_LKRV_SWAN,Costa Rica,52.65862
2008,EN_LKRV_SWAN,Costa Rica,48.64785
2009,EN_LKRV_SWAN,Costa Rica,51.69571
2010,EN_LKRV_SWAN,Costa Rica,56.02809
2011,EN_LKRV_SWAN,Costa Rica,59.89518
2012,EN_LKRV_SWAN,Costa Rica,66.6976
2013,EN_LKRV_SWAN,Costa Rica,68.86607
2014,EN_LKRV_SWAN,Costa Rica,75.11643
2015,EN_LKRV_SWAN,Costa Rica,82.97005
2019,EN_LKRV_SWAN,Viet Nam,16871.92698
2020,EN_LKRV_SWAN,Viet Nam,16809.52405
2021,EN_LKRV_SWAN,Viet Nam,17153.74457
2022,EN_LKRV_SWAN,Viet Nam,17414.79143
2000,EN_LKRV_SWAN,Slovenia,1.48075
2001,EN_LKRV_SWAN,Slovenia,5.49008
2002,EN_LKRV_SWAN,Slovenia,11.45755
2003,EN_LKRV_SWAN,Slovenia,15.61798
2004,EN_LKRV_SWAN,Slovenia,20.86159
2005,EN_LKRV_SWAN,Slovenia,26.13147
2006,EN_LKRV_SWAN,Slovenia,28.83894
2007,EN_LKRV_SWAN,Slovenia,29.67658
2016,EN_LKRV_SWAN,Costa Rica,94.71553
2017,EN_LKRV_SWAN,Costa Rica,104.58284
2018,EN_LKRV_SWAN,Costa Rica,121.71863
2019,EN_LKRV_SWAN,Costa Rica,129.28821
2020,EN_LKRV_SWAN,Costa Rica,131.4868
2021,EN_LKRV_SWAN,Costa Rica,130.32602
2022,EN_LKRV_SWAN,Costa Rica,130.72105
2000,EN_LKRV_SWAN,Croatia,11.83034
2001,EN_LKRV_SWAN,Croatia,37.86266
2002,EN_LKRV_SWAN,Croatia,79.28194
2003,EN_LKRV_SWAN,Croatia,106.97287
2004,EN_LKRV_SWAN,Croatia,132.9148
2008,EN_LKRV_SWAN,Slovenia,31.54836
2009,EN_LKRV_SWAN,Slovenia,30.3075
2010,EN_LKRV_SWAN,Slovenia,29.56838
2011,EN_LKRV_SWAN,Slovenia,31.34111
2012,EN_LKRV_SWAN,Slovenia,30.12385
2013,EN_LKRV_SWAN,Slovenia,28.14526
2014,EN_LKRV_SWAN,Slovenia,32.46287
2015,EN_LKRV_SWAN,Slovenia,34.18808
2016,EN_LKRV_SWAN,Slovenia,32.23738
2017,EN_LKRV_SWAN,Slovenia,33.16596
2018,EN_LKRV_SWAN,Slovenia,37.03554
2019,EN_LKRV_SWAN,Slovenia,36.8683
2005,EN_LKRV_SWAN,Croatia,153.45403
2006,EN_LKRV_SWAN,Croatia,167.57868
2007,EN_LKRV_SWAN,Croatia,169.66638
2008,EN_LKRV_SWAN,Croatia,170.67061
2009,EN_LKRV_SWAN,Croatia,167.21149
2010,EN_LKRV_SWAN,Croatia,172.45774
2011,EN_LKRV_SWAN,Croatia,179.44279
2012,EN_LKRV_SWAN,Croatia,157.43485
2013,EN_LKRV_SWAN,Croatia,149.04332
2014,EN_LKRV_SWAN,Croatia,180.08944
2015,EN_LKRV_SWAN,Croatia,191.60018
2016,EN_LKRV_SWAN,Croatia,178.89593
2017,EN_LKRV_SWAN,Croatia,203.98868
2018,EN_LKRV_SWAN,Croatia,220.21424
2019,EN_LKRV_SWAN,Croatia,227.22309
2020,EN_LKRV_SWAN,Croatia,212.58021
2021,EN_LKRV_SWAN,Croatia,206.18243
2022,EN_LKRV_SWAN,Croatia,200.18833
2000,EN_LKRV_SWAN,Cyprus,3.05385
2001,EN_LKRV_SWAN,Cyprus,4.65725
2002,EN_LKRV_SWAN,Cyprus,6.91181
2003,EN_LKRV_SWAN,Cyprus,9.77403
2004,EN_LKRV_SWAN,Cyprus,10.69433
2005,EN_LKRV_SWAN,Cyprus,11.72828
2006,EN_LKRV_SWAN,Cyprus,12.22798
2007,EN_LKRV_SWAN,Cyprus,12.04578
2008,EN_LKRV_SWAN,Cyprus,11.01491
2009,EN_LKRV_SWAN,Cyprus,10.63178
2010,EN_LKRV_SWAN,Cyprus,9.94236
2011,EN_LKRV_SWAN,Cyprus,10.66635
2012,EN_LKRV_SWAN,Cyprus,10.66383
2013,EN_LKRV_SWAN,Cyprus,11.52561
2014,EN_LKRV_SWAN,Cyprus,12.02385
2015,EN_LKRV_SWAN,Cyprus,12.42611
2016,EN_LKRV_SWAN,Cyprus,12.49024
2017,EN_LKRV_SWAN,Cyprus,12.93463
2020,EN_LKRV_SWAN,Slovenia,36.26671
2021,EN_LKRV_SWAN,Slovenia,36.0194
2022,EN_LKRV_SWAN,Slovenia,36.34511
2000,EN_LKRV_SWAN,Spain,131.75898
2001,EN_LKRV_SWAN,Spain,254.94147
2002,EN_LKRV_SWAN,Spain,339.39424
2003,EN_LKRV_SWAN,Spain,468.1915
2004,EN_LKRV_SWAN,Spain,606.79521
2005,EN_LKRV_SWAN,Spain,646.89268
2006,EN_LKRV_SWAN,Spain,590.74362
2007,EN_LKRV_SWAN,Spain,579.12674
2008,EN_LKRV_SWAN,Spain,592.85552
2009,EN_LKRV_SWAN,Spain,536.08785
2010,EN_LKRV_SWAN,Spain,610.40351
2011,EN_LKRV_SWAN,Spain,736.83151
2012,EN_LKRV_SWAN,Spain,828.52968
2013,EN_LKRV_SWAN,Spain,767.79
2014,EN_LKRV_SWAN,Spain,861.68984
2015,EN_LKRV_SWAN,Spain,875.09397
2016,EN_LKRV_SWAN,Spain,871.98372
2017,EN_LKRV_SWAN,Spain,868.85815
2018,EN_LKRV_SWAN,Spain,993.31523
2019,EN_LKRV_SWAN,Spain,1046.11416
2020,EN_LKRV_SWAN,Spain,1054.54074
2018,EN_LKRV_SWAN,Cyprus,12.71865
2019,EN_LKRV_SWAN,Cyprus,12.69684
2020,EN_LKRV_SWAN,Cyprus,14.13687
2021,EN_LKRV_SWAN,Cyprus,15.92645
2022,EN_LKRV_SWAN,Cyprus,16.88418
2000,EN_LKRV_SWAN,Czechia,14.80363
2001,EN_LKRV_SWAN,Czechia,28.83828
2002,EN_LKRV_SWAN,Czechia,38.16058
2003,EN_LKRV_SWAN,Czechia,55.52782
2004,EN_LKRV_SWAN,Czechia,69.87512
2005,EN_LKRV_SWAN,Czechia,81.23562
2006,EN_LKRV_SWAN,Czechia,87.10617
2007,EN_LKRV_SWAN,Czechia,98.32754
2008,EN_LKRV_SWAN,Czechia,102.60568
2009,EN_LKRV_SWAN,Czechia,97.15754
2010,EN_LKRV_SWAN,Czechia,97.69839
2011,EN_LKRV_SWAN,Czechia,95.87003
2012,EN_LKRV_SWAN,Czechia,98.61643
2013,EN_LKRV_SWAN,Czechia,99.11288
2014,EN_LKRV_SWAN,Czechia,103.91079
2015,EN_LKRV_SWAN,Czechia,106.6411
2016,EN_LKRV_SWAN,Czechia,109.97933
2017,EN_LKRV_SWAN,Czechia,109.69518
2018,EN_LKRV_SWAN,Czechia,108.06476
2021,EN_LKRV_SWAN,Spain,1066.23529
2022,EN_LKRV_SWAN,Spain,1020.0489
2000,EN_LKRV_SWAN,Switzerland,8.40199
2001,EN_LKRV_SWAN,Switzerland,14.17514
2002,EN_LKRV_SWAN,Switzerland,19.0971
2003,EN_LKRV_SWAN,Switzerland,23.54806
2004,EN_LKRV_SWAN,Switzerland,25.30381
2005,EN_LKRV_SWAN,Switzerland,28.38266
2006,EN_LKRV_SWAN,Switzerland,29.18449
2007,EN_LKRV_SWAN,Switzerland,30.84896
2008,EN_LKRV_SWAN,Switzerland,29.45495
2009,EN_LKRV_SWAN,Switzerland,26.50179
2010,EN_LKRV_SWAN,Switzerland,26.21999
2011,EN_LKRV_SWAN,Switzerland,25.32425
2012,EN_LKRV_SWAN,Switzerland,25.50004
2013,EN_LKRV_SWAN,Switzerland,27.80724
2014,EN_LKRV_SWAN,Switzerland,30.97774
2015,EN_LKRV_SWAN,Switzerland,32.31387
2016,EN_LKRV_SWAN,Switzerland,34.56131
2017,EN_LKRV_SWAN,Switzerland,36.68004
2018,EN_LKRV_SWAN,Switzerland,39.93625
2019,EN_LKRV_SWAN,Switzerland,42.52259
2020,EN_LKRV_SWAN,Switzerland,44.45543
2021,EN_LKRV_SWAN,Switzerland,47.96907
2019,EN_LKRV_SWAN,Czechia,109.13238
2020,EN_LKRV_SWAN,Czechia,111.57156
2021,EN_LKRV_SWAN,Czechia,117.90284
2022,EN_LKRV_SWAN,Czechia,123.40375
2000,EN_LKRV_SWAN,Denmark,15.03683
2001,EN_LKRV_SWAN,Denmark,26.78218
2002,EN_LKRV_SWAN,Denmark,38.50453
2003,EN_LKRV_SWAN,Denmark,51.35508
2004,EN_LKRV_SWAN,Denmark,56.31017
2005,EN_LKRV_SWAN,Denmark,68.63987
2006,EN_LKRV_SWAN,Denmark,72.66644
2007,EN_LKRV_SWAN,Denmark,75.13148
2022,EN_LKRV_SWAN,Switzerland,52.22099
2000,EN_LKRV_SWAN,Tajikistan,336.5975
2001,EN_LKRV_SWAN,Tajikistan,366.65169
2002,EN_LKRV_SWAN,Tajikistan,370.92704
2003,EN_LKRV_SWAN,Tajikistan,420.53091
2004,EN_LKRV_SWAN,Tajikistan,387.85284
2005,EN_LKRV_SWAN,Tajikistan,379.36011
2006,EN_LKRV_SWAN,Tajikistan,384.95452
2007,EN_LKRV_SWAN,Tajikistan,402.6394
2008,EN_LKRV_SWAN,Tajikistan,407.16861
2009,EN_LKRV_SWAN,Tajikistan,434.07937
2010,EN_LKRV_SWAN,Tajikistan,452.64511
2008,EN_LKRV_SWAN,Denmark,74.22927
2009,EN_LKRV_SWAN,Denmark,73.46918
2010,EN_LKRV_SWAN,Denmark,69.96267
2011,EN_LKRV_SWAN,Denmark,67.19571
2012,EN_LKRV_SWAN,Denmark,69.83649
2013,EN_LKRV_SWAN,Denmark,71.71837
2014,EN_LKRV_SWAN,Denmark,73.85078
2015,EN_LKRV_SWAN,Denmark,78.50406
2016,EN_LKRV_SWAN,Denmark,82.82639
2017,EN_LKRV_SWAN,Denmark,84.50663
2018,EN_LKRV_SWAN,Denmark,87.00609
2019,EN_LKRV_SWAN,Denmark,87.68341
2011,EN_LKRV_SWAN,Tajikistan,457.44085
2012,EN_LKRV_SWAN,Tajikistan,463.93066
2013,EN_LKRV_SWAN,Tajikistan,470.32137
2014,EN_LKRV_SWAN,Tajikistan,479.85108
2015,EN_LKRV_SWAN,Tajikistan,479.24285
2016,EN_LKRV_SWAN,Tajikistan,496.67691
2017,EN_LKRV_SWAN,Tajikistan,523.46549
2018,EN_LKRV_SWAN,Tajikistan,564.75324
2019,EN_LKRV_SWAN,Tajikistan,584.96419
2020,EN_LKRV_SWAN,Tajikistan,611.37095
2021,EN_LKRV_SWAN,Tajikistan,627.38281
2022,EN_LKRV_SWAN,Tajikistan,640.44556
2000,EN_LKRV_SWAN,Türkiye,807.9519
2001,EN_LKRV_SWAN,Türkiye,1286.34366
2002,EN_LKRV_SWAN,Türkiye,1634.01168
2003,EN_LKRV_SWAN,Türkiye,2131.06121
2004,EN_LKRV_SWAN,Türkiye,2260.23824
2005,EN_LKRV_SWAN,Türkiye,2364.25215
2006,EN_LKRV_SWAN,Türkiye,2321.5321
2007,EN_LKRV_SWAN,Türkiye,2453.80098
2008,EN_LKRV_SWAN,Türkiye,2380.96951
2009,EN_LKRV_SWAN,Türkiye,2261.39078
2010,EN_LKRV_SWAN,Türkiye,2284.93119
2011,EN_LKRV_SWAN,Türkiye,2338.25071
2012,EN_LKRV_SWAN,Türkiye,2361.45014
2013,EN_LKRV_SWAN,Türkiye,2534.84027
2014,EN_LKRV_SWAN,Türkiye,2680.08491
2015,EN_LKRV_SWAN,Türkiye,2692.12056
2016,EN_LKRV_SWAN,Türkiye,2789.5204
2017,EN_LKRV_SWAN,Türkiye,2872.73934
2018,EN_LKRV_SWAN,Türkiye,2865.99871
2019,EN_LKRV_SWAN,Türkiye,2877.78484
2020,EN_LKRV_SWAN,Türkiye,3041.10432
2021,EN_LKRV_SWAN,Türkiye,3126.41744
2022,EN_LKRV_SWAN,Türkiye,3164.17471
2000,EN_LKRV_SWAN,Turkmenistan,3186.87349
2001,EN_LKRV_SWAN,Turkmenistan,3470.06548
2002,EN_LKRV_SWAN,Turkmenistan,3521.99025
2003,EN_LKRV_SWAN,Turkmenistan,3846.21506
2004,EN_LKRV_SWAN,Turkmenistan,3544.70543
2005,EN_LKRV_SWAN,Turkmenistan,3424.60667
2006,EN_LKRV_SWAN,Turkmenistan,3487.95619
2007,EN_LKRV_SWAN,Turkmenistan,3679.1855
2008,EN_LKRV_SWAN,Turkmenistan,3813.69287
2009,EN_LKRV_SWAN,Turkmenistan,4103.18068
2010,EN_LKRV_SWAN,Turkmenistan,4444.12971
2011,EN_LKRV_SWAN,Turkmenistan,4445.85955
2012,EN_LKRV_SWAN,Turkmenistan,4681.34905
2013,EN_LKRV_SWAN,Turkmenistan,4884.16257
2014,EN_LKRV_SWAN,Turkmenistan,4662.31119
2015,EN_LKRV_SWAN,Turkmenistan,4585.67723
2016,EN_LKRV_SWAN,Turkmenistan,4648.31885
2017,EN_LKRV_SWAN,Turkmenistan,5153.47112
2018,EN_LKRV_SWAN,Turkmenistan,5626.32842
2019,EN_LKRV_SWAN,Turkmenistan,6095.66647
2020,EN_LKRV_SWAN,Turkmenistan,6813.03397
2021,EN_LKRV_SWAN,Turkmenistan,7182.26759
2022,EN_LKRV_SWAN,Turkmenistan,6817.62133
2020,EN_LKRV_SWAN,Denmark,89.89812
2021,EN_LKRV_SWAN,Denmark,97.45128
2022,EN_LKRV_SWAN,Denmark,104.2504
2000,EN_LKRV_SWAN,Estonia,33.73747
2001,EN_LKRV_SWAN,Estonia,49.43832
2002,EN_LKRV_SWAN,Estonia,68.71532
2003,EN_LKRV_SWAN,Estonia,87.14378
2004,EN_LKRV_SWAN,Estonia,83.47711
2005,EN_LKRV_SWAN,Estonia,91.12041
2006,EN_LKRV_SWAN,Estonia,95.1025
2007,EN_LKRV_SWAN,Estonia,95.01904
2008,EN_LKRV_SWAN,Estonia,92.35898
2000,EN_LKRV_SWAN,Ukraine,821.03934
2001,EN_LKRV_SWAN,Ukraine,1017.55329
2002,EN_LKRV_SWAN,Ukraine,1304.19392
2003,EN_LKRV_SWAN,Ukraine,1536.55986
2004,EN_LKRV_SWAN,Ukraine,1683.6252
2005,EN_LKRV_SWAN,Ukraine,1872.23753
2006,EN_LKRV_SWAN,Ukraine,1846.73187
2007,EN_LKRV_SWAN,Ukraine,1809.94143
2008,EN_LKRV_SWAN,Ukraine,1844.42229
2009,EN_LKRV_SWAN,Ukraine,1759.58576
2010,EN_LKRV_SWAN,Ukraine,1770.88383
2011,EN_LKRV_SWAN,Ukraine,1876.5516
2012,EN_LKRV_SWAN,Ukraine,1942.83418
2013,EN_LKRV_SWAN,Ukraine,1940.27617
2014,EN_LKRV_SWAN,Ukraine,2052.20376
2015,EN_LKRV_SWAN,Ukraine,2044.82977
2016,EN_LKRV_SWAN,Ukraine,1963.31672
2017,EN_LKRV_SWAN,Ukraine,1944.01713
2018,EN_LKRV_SWAN,Ukraine,1944.60611
2019,EN_LKRV_SWAN,Ukraine,2039.77644
2020,EN_LKRV_SWAN,Ukraine,2083.54719
2021,EN_LKRV_SWAN,Ukraine,2184.08
2022,EN_LKRV_SWAN,Ukraine,2266.8751
2000,EN_LKRV_SWAN,North Macedonia,0.55758
2009,EN_LKRV_SWAN,Estonia,92.00644
2010,EN_LKRV_SWAN,Estonia,91.45225
2011,EN_LKRV_SWAN,Estonia,90.7398
2012,EN_LKRV_SWAN,Estonia,93.99092
2013,EN_LKRV_SWAN,Estonia,91.54716
2014,EN_LKRV_SWAN,Estonia,96.0433
2015,EN_LKRV_SWAN,Estonia,96.50501
2016,EN_LKRV_SWAN,Estonia,97.69733
2017,EN_LKRV_SWAN,Estonia,101.8821
2018,EN_LKRV_SWAN,Estonia,114.52436
2019,EN_LKRV_SWAN,Estonia,123.17886
2020,EN_LKRV_SWAN,Estonia,131.20044
2001,EN_LKRV_SWAN,North Macedonia,3.03208
2002,EN_LKRV_SWAN,North Macedonia,4.8583
2003,EN_LKRV_SWAN,North Macedonia,7.00238
2004,EN_LKRV_SWAN,North Macedonia,9.62537
2005,EN_LKRV_SWAN,North Macedonia,11.27731
2006,EN_LKRV_SWAN,North Macedonia,11.19663
2007,EN_LKRV_SWAN,North Macedonia,12.24952
2008,EN_LKRV_SWAN,North Macedonia,12.791
2009,EN_LKRV_SWAN,North Macedonia,13.07215
2010,EN_LKRV_SWAN,North Macedonia,13.1307
2011,EN_LKRV_SWAN,North Macedonia,14.30812
2021,EN_LKRV_SWAN,Estonia,142.55645
2022,EN_LKRV_SWAN,Estonia,141.53991
2000,EN_LKRV_SWAN,Finland,535.34373
2001,EN_LKRV_SWAN,Finland,826.78733
2002,EN_LKRV_SWAN,Finland,1142.06483
2003,EN_LKRV_SWAN,Finland,1458.96003
2004,EN_LKRV_SWAN,Finland,1348.21215
2005,EN_LKRV_SWAN,Finland,1401.48068
2006,EN_LKRV_SWAN,Finland,1414.26092
2007,EN_LKRV_SWAN,Finland,1401.66477
2008,EN_LKRV_SWAN,Finland,1373.70131
2009,EN_LKRV_SWAN,Finland,1387.14591
2012,EN_LKRV_SWAN,North Macedonia,14.8083
2013,EN_LKRV_SWAN,North Macedonia,15.39389
2014,EN_LKRV_SWAN,North Macedonia,15.52396
2015,EN_LKRV_SWAN,North Macedonia,16.05271
2016,EN_LKRV_SWAN,North Macedonia,16.27465
2017,EN_LKRV_SWAN,North Macedonia,16.18339
2018,EN_LKRV_SWAN,North Macedonia,16.03777
2019,EN_LKRV_SWAN,North Macedonia,16.47868
2020,EN_LKRV_SWAN,North Macedonia,16.48093
2021,EN_LKRV_SWAN,North Macedonia,16.22065
2022,EN_LKRV_SWAN,North Macedonia,16.91345
2010,EN_LKRV_SWAN,Finland,1416.16241
2011,EN_LKRV_SWAN,Finland,1404.62055
2012,EN_LKRV_SWAN,Finland,1420.13999
2013,EN_LKRV_SWAN,Finland,1419.75528
2014,EN_LKRV_SWAN,Finland,1518.87838
2015,EN_LKRV_SWAN,Finland,1485.91561
2016,EN_LKRV_SWAN,Finland,1477.88389
2017,EN_LKRV_SWAN,Finland,1566.28259
2018,EN_LKRV_SWAN,Finland,1635.40291
2019,EN_LKRV_SWAN,Finland,1731.52006
2020,EN_LKRV_SWAN,Finland,1881.76439
2021,EN_LKRV_SWAN,Finland,2032.98083
2000,EN_LKRV_SWAN,United Kingdom of Great Britain and Northern Ireland,55.42969
2001,EN_LKRV_SWAN,United Kingdom of Great Britain and Northern Ireland,103.19786
2002,EN_LKRV_SWAN,United Kingdom of Great Britain and Northern Ireland,137.29194
2003,EN_LKRV_SWAN,United Kingdom of Great Britain and Northern Ireland,168.06266
2004,EN_LKRV_SWAN,United Kingdom of Great Britain and Northern Ireland,173.67073
2005,EN_LKRV_SWAN,United Kingdom of Great Britain and Northern Ireland,176.95496
2006,EN_LKRV_SWAN,United Kingdom of Great Britain and Northern Ireland,140.63058
2007,EN_LKRV_SWAN,United Kingdom of Great Britain and Northern Ireland,122.87263
2008,EN_LKRV_SWAN,United Kingdom of Great Britain and Northern Ireland,95.72733
2009,EN_LKRV_SWAN,United Kingdom of Great Britain and Northern Ireland,61.58561
2022,EN_LKRV_SWAN,Finland,2123.00116
2000,EN_LKRV_SWAN,France,95.85813
2001,EN_LKRV_SWAN,France,245.05604
2002,EN_LKRV_SWAN,France,416.55764
2003,EN_LKRV_SWAN,France,548.67882
2004,EN_LKRV_SWAN,France,716.92963
2005,EN_LKRV_SWAN,France,795.6727
2006,EN_LKRV_SWAN,France,799.23158
2007,EN_LKRV_SWAN,France,802.88053
2008,EN_LKRV_SWAN,France,795.94062
2009,EN_LKRV_SWAN,France,714.71328
2010,EN_LKRV_SWAN,France,722.36494
2010,EN_LKRV_SWAN,United Kingdom of Great Britain and Northern Ireland,76.1533
2011,EN_LKRV_SWAN,United Kingdom of Great Britain and Northern Ireland,86.99439
2012,EN_LKRV_SWAN,United Kingdom of Great Britain and Northern Ireland,116.64668
2013,EN_LKRV_SWAN,United Kingdom of Great Britain and Northern Ireland,126.33316
2014,EN_LKRV_SWAN,United Kingdom of Great Britain and Northern Ireland,172.47963
2015,EN_LKRV_SWAN,United Kingdom of Great Britain and Northern Ireland,206.40655
2016,EN_LKRV_SWAN,United Kingdom of Great Britain and Northern Ireland,247.30788
2017,EN_LKRV_SWAN,United Kingdom of Great Britain and Northern Ireland,283.0617
2018,EN_LKRV_SWAN,United Kingdom of Great Britain and Northern Ireland,339.22242
2019,EN_LKRV_SWAN,United Kingdom of Great Britain and Northern Ireland,367.50308
2011,EN_LKRV_SWAN,France,714.53842
2012,EN_LKRV_SWAN,France,691.10757
2013,EN_LKRV_SWAN,France,702.28416
2014,EN_LKRV_SWAN,France,787.76834
2015,EN_LKRV_SWAN,France,844.43027
2016,EN_LKRV_SWAN,France,890.34744
2017,EN_LKRV_SWAN,France,955.62622
2018,EN_LKRV_SWAN,France,1036.09733
2019,EN_LKRV_SWAN,France,1072.53496
2020,EN_LKRV_SWAN,France,1072.76834
2021,EN_LKRV_SWAN,France,1120.09356
2022,EN_LKRV_SWAN,France,1140.77798
2020,EN_LKRV_SWAN,United Kingdom of Great Britain and Northern Ireland,385.78827
2021,EN_LKRV_SWAN,United Kingdom of Great Britain and Northern Ireland,413.30755
2022,EN_LKRV_SWAN,United Kingdom of Great Britain and Northern Ireland,432.49279
2000,EN_LKRV_SWAN,Uzbekistan,4643.77865
2001,EN_LKRV_SWAN,Uzbekistan,4866.01309
2002,EN_LKRV_SWAN,Uzbekistan,4605.21643
2003,EN_LKRV_SWAN,Uzbekistan,4948.19668
2004,EN_LKRV_SWAN,Uzbekistan,4512.70965
2005,EN_LKRV_SWAN,Uzbekistan,4446.65365
2006,EN_LKRV_SWAN,Uzbekistan,4565.36747
2007,EN_LKRV_SWAN,Uzbekistan,5443.16786
2008,EN_LKRV_SWAN,Uzbekistan,5896.8879
2009,EN_LKRV_SWAN,Uzbekistan,6381.45842
2010,EN_LKRV_SWAN,Uzbekistan,6870.83025
2011,EN_LKRV_SWAN,Uzbekistan,6940.82774
2012,EN_LKRV_SWAN,Uzbekistan,7144.33091
2013,EN_LKRV_SWAN,Uzbekistan,7372.76975
2014,EN_LKRV_SWAN,Uzbekistan,7639.05261
2015,EN_LKRV_SWAN,Uzbekistan,7195.30329
2016,EN_LKRV_SWAN,Uzbekistan,7747.87952
2017,EN_LKRV_SWAN,Uzbekistan,8885.24828
2018,EN_LKRV_SWAN,Uzbekistan,9775.14937
2019,EN_LKRV_SWAN,Uzbekistan,10348.09608
2000,EN_LKRV_SWAN,Georgia,42.81078
2001,EN_LKRV_SWAN,Georgia,63.85318
2002,EN_LKRV_SWAN,Georgia,81.55439
2003,EN_LKRV_SWAN,Georgia,104.02473
2004,EN_LKRV_SWAN,Georgia,99.58842
2005,EN_LKRV_SWAN,Georgia,101.44304
2006,EN_LKRV_SWAN,Georgia,99.74152
2007,EN_LKRV_SWAN,Georgia,105.91308
2008,EN_LKRV_SWAN,Georgia,108.95555
2009,EN_LKRV_SWAN,Georgia,113.61237
2010,EN_LKRV_SWAN,Georgia,112.38294
2011,EN_LKRV_SWAN,Georgia,116.43715
2012,EN_LKRV_SWAN,Georgia,115.62591
2013,EN_LKRV_SWAN,Georgia,115.55375
2014,EN_LKRV_SWAN,Georgia,114.87633
2015,EN_LKRV_SWAN,Georgia,121.90613
2016,EN_LKRV_SWAN,Georgia,124.30359
2017,EN_LKRV_SWAN,Georgia,130.7953
2018,EN_LKRV_SWAN,Georgia,134.55131
2019,EN_LKRV_SWAN,Georgia,140.82543
2020,EN_LKRV_SWAN,Georgia,142.80501
2021,EN_LKRV_SWAN,Georgia,146.30847
2022,EN_LKRV_SWAN,Georgia,153.22455
2000,EN_LKRV_SWAN,Germany,161.06721
2001,EN_LKRV_SWAN,Germany,257.81489
2002,EN_LKRV_SWAN,Germany,330.23473
2003,EN_LKRV_SWAN,Germany,424.80403
2004,EN_LKRV_SWAN,Germany,433.36273
2005,EN_LKRV_SWAN,Germany,485.37918
2006,EN_LKRV_SWAN,Germany,502.1
2007,EN_LKRV_SWAN,Germany,550.35668
2008,EN_LKRV_SWAN,Germany,510.88309
2009,EN_LKRV_SWAN,Germany,480.08584
2010,EN_LKRV_SWAN,Germany,493.52435
2011,EN_LKRV_SWAN,Germany,468.6795
2012,EN_LKRV_SWAN,Germany,451.47521
2013,EN_LKRV_SWAN,Germany,452.50244
2014,EN_LKRV_SWAN,Germany,505.65132
2015,EN_LKRV_SWAN,Germany,510.43958
2016,EN_LKRV_SWAN,Germany,530.87769
2017,EN_LKRV_SWAN,Germany,552.75496
2018,EN_LKRV_SWAN,Germany,595.3644
2019,EN_LKRV_SWAN,Germany,608.87663
2020,EN_LKRV_SWAN,Germany,641.71792
2021,EN_LKRV_SWAN,Germany,682.36344
2022,EN_LKRV_SWAN,Germany,706.19113
2000,EN_LKRV_SWAN,Greece,14.75931
2001,EN_LKRV_SWAN,Greece,46.36275
2002,EN_LKRV_SWAN,Greece,82.08703
2003,EN_LKRV_SWAN,Greece,118.44601
2004,EN_LKRV_SWAN,Greece,170.07602
2005,EN_LKRV_SWAN,Greece,190.18316
2006,EN_LKRV_SWAN,Greece,205.72369
2007,EN_LKRV_SWAN,Greece,222.45575
2008,EN_LKRV_SWAN,Greece,222.61381
2009,EN_LKRV_SWAN,Greece,208.62385
2010,EN_LKRV_SWAN,Greece,218.37611
2011,EN_LKRV_SWAN,Greece,230.85179
2012,EN_LKRV_SWAN,Greece,218.80514
2013,EN_LKRV_SWAN,Greece,227.10046
2014,EN_LKRV_SWAN,Greece,231.1874
2015,EN_LKRV_SWAN,Greece,229.30488
2016,EN_LKRV_SWAN,Greece,225.97944
2017,EN_LKRV_SWAN,Greece,227.75886
2018,EN_LKRV_SWAN,Greece,222.51964
2019,EN_LKRV_SWAN,Greece,236.05017
2020,EN_LKRV_SWAN,Greece,243.26673
2021,EN_LKRV_SWAN,Greece,241.54481
2022,EN_LKRV_SWAN,Greece,259.82527
2000,EN_LKRV_SWAN,Hungary,15.71031
2001,EN_LKRV_SWAN,Hungary,133.4425
2002,EN_LKRV_SWAN,Hungary,234.8265
2003,EN_LKRV_SWAN,Hungary,295.84627
2004,EN_LKRV_SWAN,Hungary,345.77292
2005,EN_LKRV_SWAN,Hungary,395.27628
2006,EN_LKRV_SWAN,Hungary,368.48118
2007,EN_LKRV_SWAN,Hungary,393.3304
2008,EN_LKRV_SWAN,Hungary,376.89992
2009,EN_LKRV_SWAN,Hungary,376.63329
2010,EN_LKRV_SWAN,Hungary,365.09149
2011,EN_LKRV_SWAN,Hungary,366.19083
2012,EN_LKRV_SWAN,Hungary,298.27444
2013,EN_LKRV_SWAN,Hungary,299.4611
2014,EN_LKRV_SWAN,Hungary,359.15488
2015,EN_LKRV_SWAN,Hungary,345.53318
2016,EN_LKRV_SWAN,Hungary,295.79788
2017,EN_LKRV_SWAN,Hungary,303.9251
2018,EN_LKRV_SWAN,Hungary,315.02904
2019,EN_LKRV_SWAN,Hungary,277.42284
2020,EN_LKRV_SWAN,Hungary,286.87073
2021,EN_LKRV_SWAN,Hungary,294.93726
2022,EN_LKRV_SWAN,Hungary,285.86167
2000,EN_LKRV_SWAN,Iceland,5.22343
2001,EN_LKRV_SWAN,Iceland,8.95747
2002,EN_LKRV_SWAN,Iceland,12.33637
2003,EN_LKRV_SWAN,Iceland,15.90281
2004,EN_LKRV_SWAN,Iceland,14.19716
2005,EN_LKRV_SWAN,Iceland,14.58565
2006,EN_LKRV_SWAN,Iceland,12.80845
2007,EN_LKRV_SWAN,Iceland,12.70196
2008,EN_LKRV_SWAN,Iceland,11.5572
2009,EN_LKRV_SWAN,Iceland,12.30501
2010,EN_LKRV_SWAN,Iceland,13.43284
2011,EN_LKRV_SWAN,Iceland,14.22309
2012,EN_LKRV_SWAN,Iceland,13.67065
2013,EN_LKRV_SWAN,Iceland,15.71011
2014,EN_LKRV_SWAN,Iceland,16.60917
2015,EN_LKRV_SWAN,Iceland,18.12838
2016,EN_LKRV_SWAN,Iceland,20.93613
2017,EN_LKRV_SWAN,Iceland,54.2472
2018,EN_LKRV_SWAN,Iceland,81.94854
2019,EN_LKRV_SWAN,Iceland,105.93732
2020,EN_LKRV_SWAN,Iceland,126.7569
2021,EN_LKRV_SWAN,Iceland,178.63689
2022,EN_LKRV_SWAN,Iceland,244.66916
2000,EN_LKRV_SWAN,India,29343.02288
2001,EN_LKRV_SWAN,India,33842.0943
2002,EN_LKRV_SWAN,India,35057.44859
2003,EN_LKRV_SWAN,India,39811.80516
2004,EN_LKRV_SWAN,India,42972.04949
2005,EN_LKRV_SWAN,India,44035.63676
2006,EN_LKRV_SWAN,India,44752.24036
2007,EN_LKRV_SWAN,India,46677.34056
2008,EN_LKRV_SWAN,India,50411.58197
2009,EN_LKRV_SWAN,India,52184.67627
2010,EN_LKRV_SWAN,India,51801.66605
2011,EN_LKRV_SWAN,India,51626.37462
2012,EN_LKRV_SWAN,India,51934.97575
2013,EN_LKRV_SWAN,India,49816.66431
2014,EN_LKRV_SWAN,India,50012.56998
2015,EN_LKRV_SWAN,India,50359.35511
2016,EN_LKRV_SWAN,India,51148.76924
2017,EN_LKRV_SWAN,India,52228.34704
2018,EN_LKRV_SWAN,India,54764.5026
2019,EN_LKRV_SWAN,India,53963.1028
2020,EN_LKRV_SWAN,India,57171.55277
2021,EN_LKRV_SWAN,India,60536.36585
2022,EN_LKRV_SWAN,India,62015.23122
2000,EN_LKRV_SWAN,Ireland,22.64007
2001,EN_LKRV_SWAN,Ireland,37.57833
2002,EN_LKRV_SWAN,Ireland,57.03318
2003,EN_LKRV_SWAN,Ireland,74.90906
2004,EN_LKRV_SWAN,Ireland,74.10722
2005,EN_LKRV_SWAN,Ireland,75.25505
2006,EN_LKRV_SWAN,Ireland,66.52122
2007,EN_LKRV_SWAN,Ireland,56.78982
2008,EN_LKRV_SWAN,Ireland,44.11147
2009,EN_LKRV_SWAN,Ireland,28.77841
2010,EN_LKRV_SWAN,Ireland,39.96508
2011,EN_LKRV_SWAN,Ireland,42.5842
2012,EN_LKRV_SWAN,Ireland,43.16045
2013,EN_LKRV_SWAN,Ireland,53.14273
2014,EN_LKRV_SWAN,Ireland,73.4289
2015,EN_LKRV_SWAN,Ireland,89.15825
2016,EN_LKRV_SWAN,Ireland,110.17008
2017,EN_LKRV_SWAN,Ireland,134.39559
2018,EN_LKRV_SWAN,Ireland,150.23315
2019,EN_LKRV_SWAN,Ireland,159.6613
2020,EN_LKRV_SWAN,Ireland,155.31823
2021,EN_LKRV_SWAN,Ireland,158.46844
2022,EN_LKRV_SWAN,Ireland,165.72808
2000,EN_LKRV_SWAN,Israel,16.39514
2001,EN_LKRV_SWAN,Israel,24.11608
2002,EN_LKRV_SWAN,Israel,31.70441
2003,EN_LKRV_SWAN,Israel,39.76082
2004,EN_LKRV_SWAN,Israel,41.14092
2005,EN_LKRV_SWAN,Israel,41.46874
2006,EN_LKRV_SWAN,Israel,42.42683
2007,EN_LKRV_SWAN,Israel,41.59988
2008,EN_LKRV_SWAN,Israel,41.2464
2009,EN_LKRV_SWAN,Israel,40.26257
2010,EN_LKRV_SWAN,Israel,39.87227
2011,EN_LKRV_SWAN,Israel,37.67037
2012,EN_LKRV_SWAN,Israel,38.63428
2013,EN_LKRV_SWAN,Israel,38.54221
2014,EN_LKRV_SWAN,Israel,39.18565
2015,EN_LKRV_SWAN,Israel,39.31665
2016,EN_LKRV_SWAN,Israel,42.00083
2017,EN_LKRV_SWAN,Israel,42.66509
2018,EN_LKRV_SWAN,Israel,44.84078
2019,EN_LKRV_SWAN,Israel,43.98347
2020,EN_LKRV_SWAN,Israel,47.11502
2021,EN_LKRV_SWAN,Israel,49.64112
2022,EN_LKRV_SWAN,Israel,52.28423
2000,EN_LKRV_SWAN,Italy,45.6468
2001,EN_LKRV_SWAN,Italy,147.79303
2002,EN_LKRV_SWAN,Italy,232.42432
2003,EN_LKRV_SWAN,Italy,314.7345
2004,EN_LKRV_SWAN,Italy,420.157
2005,EN_LKRV_SWAN,Italy,488.33502
2006,EN_LKRV_SWAN,Italy,492.26633
2007,EN_LKRV_SWAN,Italy,492.66242
2008,EN_LKRV_SWAN,Italy,495.98257
2009,EN_LKRV_SWAN,Italy,471.75162
2010,EN_LKRV_SWAN,Italy,456.47379
2011,EN_LKRV_SWAN,Italy,424.12272
2012,EN_LKRV_SWAN,Italy,429.51693
2013,EN_LKRV_SWAN,Italy,429.14259
2014,EN_LKRV_SWAN,Italy,465.12826
2015,EN_LKRV_SWAN,Italy,487.03336
2016,EN_LKRV_SWAN,Italy,524.56772
2017,EN_LKRV_SWAN,Italy,611.60299
2018,EN_LKRV_SWAN,Italy,691.54137
2019,EN_LKRV_SWAN,Italy,738.18398
2020,EN_LKRV_SWAN,Italy,795.73219
2021,EN_LKRV_SWAN,Italy,836.95533
2022,EN_LKRV_SWAN,Italy,838.35648
2000,EN_LKRV_SWAN,Japan,718.84473
2001,EN_LKRV_SWAN,Japan,731.58242
2002,EN_LKRV_SWAN,Japan,746.97381
2003,EN_LKRV_SWAN,Japan,776.33639
2004,EN_LKRV_SWAN,Japan,801.26307
2005,EN_LKRV_SWAN,Japan,817.63113
2006,EN_LKRV_SWAN,Japan,817.04904
2007,EN_LKRV_SWAN,Japan,801.34061
2008,EN_LKRV_SWAN,Japan,787.08274
2009,EN_LKRV_SWAN,Japan,811.27676
2010,EN_LKRV_SWAN,Japan,760.42429
2011,EN_LKRV_SWAN,Japan,720.51046
2012,EN_LKRV_SWAN,Japan,692.94465
2013,EN_LKRV_SWAN,Japan,656.18416
2014,EN_LKRV_SWAN,Japan,646.44754
2015,EN_LKRV_SWAN,Japan,698.2007
2016,EN_LKRV_SWAN,Japan,742.40395
2017,EN_LKRV_SWAN,Japan,804.22425
2018,EN_LKRV_SWAN,Japan,897.70447
2019,EN_LKRV_SWAN,Japan,950.91827
2020,EN_LKRV_SWAN,Japan,991.88338
2021,EN_LKRV_SWAN,Japan,1048.19431
2022,EN_LKRV_SWAN,Japan,1090.99667
2000,EN_LKRV_SWAN,Kazakhstan,11970.25788
2001,EN_LKRV_SWAN,Kazakhstan,14621.64767
2002,EN_LKRV_SWAN,Kazakhstan,17178.07904
2003,EN_LKRV_SWAN,Kazakhstan,21945.18536
2004,EN_LKRV_SWAN,Kazakhstan,22073.47568
2005,EN_LKRV_SWAN,Kazakhstan,25099.13693
2006,EN_LKRV_SWAN,Kazakhstan,26174.62585
2007,EN_LKRV_SWAN,Kazakhstan,26771.58701
2008,EN_LKRV_SWAN,Kazakhstan,28516.2806
2009,EN_LKRV_SWAN,Kazakhstan,30706.02541
2010,EN_LKRV_SWAN,Kazakhstan,31345.76247
2011,EN_LKRV_SWAN,Kazakhstan,32539.04385
2012,EN_LKRV_SWAN,Kazakhstan,34380.33709
2013,EN_LKRV_SWAN,Kazakhstan,33601.78523
2014,EN_LKRV_SWAN,Kazakhstan,34308.0138
2015,EN_LKRV_SWAN,Kazakhstan,36455.3992
2016,EN_LKRV_SWAN,Kazakhstan,36707.03744
2017,EN_LKRV_SWAN,Kazakhstan,41326.55383
2018,EN_LKRV_SWAN,Kazakhstan,46515.97772
2019,EN_LKRV_SWAN,Kazakhstan,50247.04821
2020,EN_LKRV_SWAN,Kazakhstan,51775.0676
2021,EN_LKRV_SWAN,Kazakhstan,53197.11667
2022,EN_LKRV_SWAN,Kazakhstan,50253.52782
2000,EN_LKRV_SWAN,Republic of Korea,643.66979
2001,EN_LKRV_SWAN,Republic of Korea,644.28631
2002,EN_LKRV_SWAN,Republic of Korea,634.81856
2003,EN_LKRV_SWAN,Republic of Korea,658.97116
2004,EN_LKRV_SWAN,Republic of Korea,671.17915
2005,EN_LKRV_SWAN,Republic of Korea,669.12929
2006,EN_LKRV_SWAN,Republic of Korea,661.29855
2007,EN_LKRV_SWAN,Republic of Korea,646.82689
2008,EN_LKRV_SWAN,Republic of Korea,637.32415
2009,EN_LKRV_SWAN,Republic of Korea,634.76403
2010,EN_LKRV_SWAN,Republic of Korea,617.40529
2011,EN_LKRV_SWAN,Republic of Korea,599.43975
2012,EN_LKRV_SWAN,Republic of Korea,573.24055
2013,EN_LKRV_SWAN,Republic of Korea,555.33265
2014,EN_LKRV_SWAN,Republic of Korea,549.3996
2015,EN_LKRV_SWAN,Republic of Korea,555.57299
2016,EN_LKRV_SWAN,Republic of Korea,560.73514
2017,EN_LKRV_SWAN,Republic of Korea,607.27815
2018,EN_LKRV_SWAN,Republic of Korea,628.14883
2019,EN_LKRV_SWAN,Republic of Korea,633.68628
2020,EN_LKRV_SWAN,Republic of Korea,648.4675
2021,EN_LKRV_SWAN,Republic of Korea,672.63075
2022,EN_LKRV_SWAN,Republic of Korea,663.32138
2000,EN_LKRV_SWAN,Kyrgyzstan,147.60481
2001,EN_LKRV_SWAN,Kyrgyzstan,157.14465
2002,EN_LKRV_SWAN,Kyrgyzstan,154.58892
2003,EN_LKRV_SWAN,Kyrgyzstan,180.52896
2004,EN_LKRV_SWAN,Kyrgyzstan,181.84299
2005,EN_LKRV_SWAN,Kyrgyzstan,182.60274
2006,EN_LKRV_SWAN,Kyrgyzstan,190.40983
2007,EN_LKRV_SWAN,Kyrgyzstan,203.16166
2008,EN_LKRV_SWAN,Kyrgyzstan,200.93607
2009,EN_LKRV_SWAN,Kyrgyzstan,204.96035
2010,EN_LKRV_SWAN,Kyrgyzstan,204.18409
2011,EN_LKRV_SWAN,Kyrgyzstan,215.02914
2012,EN_LKRV_SWAN,Kyrgyzstan,226.12752
2013,EN_LKRV_SWAN,Kyrgyzstan,231.37382
2014,EN_LKRV_SWAN,Kyrgyzstan,239.01161
2015,EN_LKRV_SWAN,Kyrgyzstan,242.70964
2016,EN_LKRV_SWAN,Kyrgyzstan,246.41418
2017,EN_LKRV_SWAN,Kyrgyzstan,270.54342
2018,EN_LKRV_SWAN,Kyrgyzstan,307.26478
2019,EN_LKRV_SWAN,Kyrgyzstan,334.65779
2020,EN_LKRV_SWAN,Kyrgyzstan,363.42963
2021,EN_LKRV_SWAN,Kyrgyzstan,387.92622
2022,EN_LKRV_SWAN,Kyrgyzstan,387.60866
2000,EN_LKRV_SWAN,Latvia,73.90748
2001,EN_LKRV_SWAN,Latvia,123.3359
2002,EN_LKRV_SWAN,Latvia,175.30031
2003,EN_LKRV_SWAN,Latvia,223.44088
2004,EN_LKRV_SWAN,Latvia,223.14781
2005,EN_LKRV_SWAN,Latvia,263.73173
2006,EN_LKRV_SWAN,Latvia,268.75077
2007,EN_LKRV_SWAN,Latvia,269.74915
2008,EN_LKRV_SWAN,Latvia,273.28749
2009,EN_LKRV_SWAN,Latvia,271.77726
2010,EN_LKRV_SWAN,Latvia,267.71058
2011,EN_LKRV_SWAN,Latvia,269.1549
2012,EN_LKRV_SWAN,Latvia,276.96681
2013,EN_LKRV_SWAN,Latvia,263.93234
2014,EN_LKRV_SWAN,Latvia,272.92098
2015,EN_LKRV_SWAN,Latvia,277.37241
2016,EN_LKRV_SWAN,Latvia,276.04771
2017,EN_LKRV_SWAN,Latvia,281.49757
2018,EN_LKRV_SWAN,Latvia,303.92262
2019,EN_LKRV_SWAN,Latvia,313.86932
2020,EN_LKRV_SWAN,Latvia,324.41672
2021,EN_LKRV_SWAN,Latvia,341.11827
2022,EN_LKRV_SWAN,Latvia,341.70845
2000,EN_LKRV_SWAN,Liechtenstein,0.02625
2001,EN_LKRV_SWAN,Liechtenstein,0.04185
2002,EN_LKRV_SWAN,Liechtenstein,0.06561
2003,EN_LKRV_SWAN,Liechtenstein,0.09001
2004,EN_LKRV_SWAN,Liechtenstein,0.09761
2005,EN_LKRV_SWAN,Liechtenstein,0.10508
2006,EN_LKRV_SWAN,Liechtenstein,0.11815
2007,EN_LKRV_SWAN,Liechtenstein,0.11861
2008,EN_LKRV_SWAN,Liechtenstein,0.09793
2009,EN_LKRV_SWAN,Liechtenstein,0.08046
2010,EN_LKRV_SWAN,Liechtenstein,0.07562
2011,EN_LKRV_SWAN,Liechtenstein,0.06355
2012,EN_LKRV_SWAN,Liechtenstein,0.06218
2013,EN_LKRV_SWAN,Liechtenstein,0.08155
2014,EN_LKRV_SWAN,Liechtenstein,0.10077
2015,EN_LKRV_SWAN,Liechtenstein,0.11885
2016,EN_LKRV_SWAN,Liechtenstein,0.14481
2017,EN_LKRV_SWAN,Liechtenstein,0.16496
2018,EN_LKRV_SWAN,Liechtenstein,0.16861
2019,EN_LKRV_SWAN,Liechtenstein,0.19014
2020,EN_LKRV_SWAN,Liechtenstein,0.20208
2021,EN_LKRV_SWAN,Liechtenstein,0.21619
2022,EN_LKRV_SWAN,Liechtenstein,0.23811
2000,EN_LKRV_SWAN,Lithuania,66.78156
2001,EN_LKRV_SWAN,Lithuania,105.91187
2002,EN_LKRV_SWAN,Lithuania,148.60482
2003,EN_LKRV_SWAN,Lithuania,186.15094
2004,EN_LKRV_SWAN,Lithuania,184.22839
2005,EN_LKRV_SWAN,Lithuania,222.42277
2006,EN_LKRV_SWAN,Lithuania,233.10777
2007,EN_LKRV_SWAN,Lithuania,234.8
2008,EN_LKRV_SWAN,Lithuania,239.87406
2009,EN_LKRV_SWAN,Lithuania,235.65915
2010,EN_LKRV_SWAN,Lithuania,227.13718
2011,EN_LKRV_SWAN,Lithuania,225.063
2012,EN_LKRV_SWAN,Lithuania,234.62033
2013,EN_LKRV_SWAN,Lithuania,217.60883
2014,EN_LKRV_SWAN,Lithuania,230.61623
2015,EN_LKRV_SWAN,Lithuania,236.48627
2016,EN_LKRV_SWAN,Lithuania,232.1607
2017,EN_LKRV_SWAN,Lithuania,232.47886
2018,EN_LKRV_SWAN,Lithuania,257.03919
2019,EN_LKRV_SWAN,Lithuania,265.65526
2020,EN_LKRV_SWAN,Lithuania,274.98332
2021,EN_LKRV_SWAN,Lithuania,290.13151
2022,EN_LKRV_SWAN,Lithuania,290.00549
2000,EN_LKRV_SWAN,Luxembourg,0.51485
2001,EN_LKRV_SWAN,Luxembourg,0.72742
2002,EN_LKRV_SWAN,Luxembourg,1.05142
2003,EN_LKRV_SWAN,Luxembourg,1.09701
2004,EN_LKRV_SWAN,Luxembourg,1.07871
2005,EN_LKRV_SWAN,Luxembourg,1.20583
2006,EN_LKRV_SWAN,Luxembourg,1.24548
2007,EN_LKRV_SWAN,Luxembourg,1.15427
2008,EN_LKRV_SWAN,Luxembourg,1.094
2009,EN_LKRV_SWAN,Luxembourg,1.06675
2010,EN_LKRV_SWAN,Luxembourg,1.13017
2011,EN_LKRV_SWAN,Luxembourg,1.12622
2012,EN_LKRV_SWAN,Luxembourg,1.16766
2013,EN_LKRV_SWAN,Luxembourg,1.20878
2014,EN_LKRV_SWAN,Luxembourg,1.24293
2015,EN_LKRV_SWAN,Luxembourg,1.20992
2016,EN_LKRV_SWAN,Luxembourg,1.23352
2017,EN_LKRV_SWAN,Luxembourg,1.19687
2018,EN_LKRV_SWAN,Luxembourg,1.36401
2019,EN_LKRV_SWAN,Luxembourg,1.46866
2020,EN_LKRV_SWAN,Luxembourg,1.59437
2021,EN_LKRV_SWAN,Luxembourg,1.67019
2022,EN_LKRV_SWAN,Luxembourg,1.84
2000,EN_LKRV_SWAN,Malta,0.00763
2001,EN_LKRV_SWAN,Malta,0.14783
2002,EN_LKRV_SWAN,Malta,0.18945
2003,EN_LKRV_SWAN,Malta,0.31527
2004,EN_LKRV_SWAN,Malta,0.42067
2005,EN_LKRV_SWAN,Malta,0.50871
2006,EN_LKRV_SWAN,Malta,0.39466
2007,EN_LKRV_SWAN,Malta,0.39805
2008,EN_LKRV_SWAN,Malta,0.32833
2009,EN_LKRV_SWAN,Malta,0.27166
2010,EN_LKRV_SWAN,Malta,0.28488
2011,EN_LKRV_SWAN,Malta,0.31345
2012,EN_LKRV_SWAN,Malta,0.38112
2013,EN_LKRV_SWAN,Malta,0.42242
2014,EN_LKRV_SWAN,Malta,0.46289
2015,EN_LKRV_SWAN,Malta,0.43224
2016,EN_LKRV_SWAN,Malta,0.51872
2017,EN_LKRV_SWAN,Malta,0.53536
2018,EN_LKRV_SWAN,Malta,0.55651
2019,EN_LKRV_SWAN,Malta,0.62077
2020,EN_LKRV_SWAN,Malta,0.67603
2021,EN_LKRV_SWAN,Malta,0.74832
2022,EN_LKRV_SWAN,Malta,0.84292
2000,EN_LKRV_SWAN,Mexico,10595.03076
2001,EN_LKRV_SWAN,Mexico,10502.99513
2002,EN_LKRV_SWAN,Mexico,10296.96869
2003,EN_LKRV_SWAN,Mexico,10087.16733
2004,EN_LKRV_SWAN,Mexico,9765.70795
2005,EN_LKRV_SWAN,Mexico,9392.39409
2006,EN_LKRV_SWAN,Mexico,9374.52697
2007,EN_LKRV_SWAN,Mexico,9483.72591
2008,EN_LKRV_SWAN,Mexico,9535.03389
2009,EN_LKRV_SWAN,Mexico,9900.43123
2010,EN_LKRV_SWAN,Mexico,10055.76426
2011,EN_LKRV_SWAN,Mexico,10252.59422
2012,EN_LKRV_SWAN,Mexico,10235.47459
2013,EN_LKRV_SWAN,Mexico,9918.69901
2014,EN_LKRV_SWAN,Mexico,10067.7312
2015,EN_LKRV_SWAN,Mexico,10353.03232
2016,EN_LKRV_SWAN,Mexico,10411.03163
2017,EN_LKRV_SWAN,Mexico,10531.59102
2018,EN_LKRV_SWAN,Mexico,11231.17266
2019,EN_LKRV_SWAN,Mexico,10994.36178
2020,EN_LKRV_SWAN,Mexico,10706.16137
2021,EN_LKRV_SWAN,Mexico,10895.2157
2022,EN_LKRV_SWAN,Mexico,11140.45489
2000,EN_LKRV_SWAN,Republic of Moldova,47.54713
2001,EN_LKRV_SWAN,Republic of Moldova,58.80421
2002,EN_LKRV_SWAN,Republic of Moldova,72.75414
2003,EN_LKRV_SWAN,Republic of Moldova,83.44668
2004,EN_LKRV_SWAN,Republic of Moldova,96.99329
2005,EN_LKRV_SWAN,Republic of Moldova,105.00305
2006,EN_LKRV_SWAN,Republic of Moldova,105.91519
2007,EN_LKRV_SWAN,Republic of Moldova,109.52972
2008,EN_LKRV_SWAN,Republic of Moldova,110.97988
2009,EN_LKRV_SWAN,Republic of Moldova,110.26719
2010,EN_LKRV_SWAN,Republic of Moldova,115.73841
2011,EN_LKRV_SWAN,Republic of Moldova,123.43811
2012,EN_LKRV_SWAN,Republic of Moldova,126.37492
2013,EN_LKRV_SWAN,Republic of Moldova,129.86342
2014,EN_LKRV_SWAN,Republic of Moldova,128.03806
2015,EN_LKRV_SWAN,Republic of Moldova,121.67099
2016,EN_LKRV_SWAN,Republic of Moldova,115.12723
2017,EN_LKRV_SWAN,Republic of Moldova,109.33376
2018,EN_LKRV_SWAN,Republic of Moldova,106.50747
2019,EN_LKRV_SWAN,Republic of Moldova,108.20025
2020,EN_LKRV_SWAN,Republic of Moldova,114.11295
2021,EN_LKRV_SWAN,Republic of Moldova,117.55696
2022,EN_LKRV_SWAN,Republic of Moldova,122.48167
2000,EN_LKRV_SWAN,Montenegro,1.77169
2001,EN_LKRV_SWAN,Montenegro,15.1112
2002,EN_LKRV_SWAN,Montenegro,29.43157
2003,EN_LKRV_SWAN,Montenegro,41.50624
2004,EN_LKRV_SWAN,Montenegro,56.09443
2005,EN_LKRV_SWAN,Montenegro,68.96457
2006,EN_LKRV_SWAN,Montenegro,70.57356
2007,EN_LKRV_SWAN,Montenegro,71.14664
2008,EN_LKRV_SWAN,Montenegro,71.92953
2009,EN_LKRV_SWAN,Montenegro,70.30627
2010,EN_LKRV_SWAN,Montenegro,69.56271
2011,EN_LKRV_SWAN,Montenegro,69.52507
2012,EN_LKRV_SWAN,Montenegro,68.2272
2013,EN_LKRV_SWAN,Montenegro,69.53295
2014,EN_LKRV_SWAN,Montenegro,72.6257
2015,EN_LKRV_SWAN,Montenegro,72.61044
2017,EN_LKRV_SWAN,Belgium,33.47177
2018,EN_LKRV_SWAN,Belgium,38.20025
2019,EN_LKRV_SWAN,Belgium,40.23289
2020,EN_LKRV_SWAN,Belgium,40.47806
2021,EN_LKRV_SWAN,Belgium,45.84368
2022,EN_LKRV_SWAN,Belgium,50.49155
2020,EN_LKRV_SWAN,Uzbekistan,10983.75049
2021,EN_LKRV_SWAN,Uzbekistan,10499.11985
2022,EN_LKRV_SWAN,Uzbekistan,8768.51785
2016,EN_LKRV_SWAN,Montenegro,72.83609
2017,EN_LKRV_SWAN,Montenegro,76.37641
2018,EN_LKRV_SWAN,Montenegro,76.93109
2019,EN_LKRV_SWAN,Montenegro,78.13498
2020,EN_LKRV_SWAN,Montenegro,76.6269
2021,EN_LKRV_SWAN,Montenegro,76.37906
2022,EN_LKRV_SWAN,Montenegro,75.97865
2022,EN_LKRV_SWAN,Montenegro,75.97865
