Year,SeriesCode,GeoAreaName,Value
2000,EN_RSRV_MXWAP,Albania,0.00056
2001,EN_RSRV_MXWAP,Albania,0.00121
2002,EN_RSRV_MXWAP,Albania,0.00184
2003,EN_RSRV_MXWAP,Albania,0.00244
2004,EN_RSRV_MXWAP,Albania,0.00311
2005,EN_RSRV_MXWAP,Albania,0.0032
2006,EN_RSRV_MXWAP,Albania,0.00322
2007,EN_RSRV_MXWAP,Albania,0.00326
2008,EN_RSRV_MXWAP,Albania,0.00324
2009,EN_RSRV_MXWAP,Albania,0.00322
2010,EN_RSRV_MXWAP,Albania,0.00323
2011,EN_RSRV_MXWAP,Albania,0.00323
2004,EN_RSRV_MXWAP,Estonia,0.0
2005,EN_RSRV_MXWAP,Estonia,0.0
2006,EN_RSRV_MXWAP,Estonia,0.0
2007,EN_RSRV_MXWAP,Estonia,0.0
2008,EN_RSRV_MXWAP,Estonia,0.0
2009,EN_RSRV_MXWAP,Estonia,0.0
2010,EN_RSRV_MXWAP,Estonia,0.0
2011,EN_RSRV_MXWAP,Estonia,0.0
2012,EN_RSRV_MXWAP,Estonia,0.0
2013,EN_RSRV_MXWAP,Estonia,0.0
2014,EN_RSRV_MXWAP,Estonia,0.0
2015,EN_RSRV_MXWAP,Estonia,0.0
2016,EN_RSRV_MXWAP,Estonia,0.0
2017,EN_RSRV_MXWAP,Estonia,0.0
2018,EN_RSRV_MXWAP,Estonia,0.0
2019,EN_RSRV_MXWAP,Estonia,0.0
2020,EN_RSRV_MXWAP,Estonia,0.0
2021,EN_RSRV_MXWAP,Estonia,0.0
2022,EN_RSRV_MXWAP,Estonia,0.0
2000,EN_RSRV_MXWAP,Finland,0.01076
2001,EN_RSRV_MXWAP,Finland,0.01562
2002,EN_RSRV_MXWAP,Finland,0.02047
2003,EN_RSRV_MXWAP,Finland,0.02422
2004,EN_RSRV_MXWAP,Finland,0.02377
2005,EN_RSRV_MXWAP,Finland,0.02379
2006,EN_RSRV_MXWAP,Finland,0.02383
2007,EN_RSRV_MXWAP,Finland,0.02384
2008,EN_RSRV_MXWAP,Finland,0.02386
2009,EN_RSRV_MXWAP,Finland,0.02394
2010,EN_RSRV_MXWAP,Finland,0.02395
2011,EN_RSRV_MXWAP,Finland,0.02394
2012,EN_RSRV_MXWAP,Finland,0.02391
2013,EN_RSRV_MXWAP,Finland,0.0239
2014,EN_RSRV_MXWAP,Finland,0.02429
2015,EN_RSRV_MXWAP,Finland,0.02429
2016,EN_RSRV_MXWAP,Finland,0.02431
2017,EN_RSRV_MXWAP,Finland,0.0244
2018,EN_RSRV_MXWAP,Finland,0.02445
2019,EN_RSRV_MXWAP,Finland,0.02449
2020,EN_RSRV_MXWAP,Finland,0.02453
2021,EN_RSRV_MXWAP,Finland,0.02458
2022,EN_RSRV_MXWAP,Finland,0.02458
2000,EN_RSRV_MXWAP,France,0.00018
2001,EN_RSRV_MXWAP,France,0.00031
2002,EN_RSRV_MXWAP,France,0.00044
2003,EN_RSRV_MXWAP,France,0.00054
2004,EN_RSRV_MXWAP,France,0.00063
2005,EN_RSRV_MXWAP,France,0.00064
2012,EN_RSRV_MXWAP,Albania,0.0032
2013,EN_RSRV_MXWAP,Albania,0.00327
2014,EN_RSRV_MXWAP,Albania,0.0033
2015,EN_RSRV_MXWAP,Albania,0.0033
2016,EN_RSRV_MXWAP,Albania,0.00332
2017,EN_RSRV_MXWAP,Albania,0.00344
2018,EN_RSRV_MXWAP,Albania,0.00351
2019,EN_RSRV_MXWAP,Albania,0.00359
2020,EN_RSRV_MXWAP,Albania,0.00367
2021,EN_RSRV_MXWAP,Albania,0.00374
2022,EN_RSRV_MXWAP,Albania,0.00374
2000,EN_RSRV_MXWAP,Azerbaijan,0.0041
2000,EN_RSRV_MXWAP,Switzerland,0.00082
2001,EN_RSRV_MXWAP,Switzerland,0.00135
2002,EN_RSRV_MXWAP,Switzerland,0.00188
2003,EN_RSRV_MXWAP,Switzerland,0.00227
2004,EN_RSRV_MXWAP,Switzerland,0.00264
2005,EN_RSRV_MXWAP,Switzerland,0.00265
2006,EN_RSRV_MXWAP,Switzerland,0.00265
2007,EN_RSRV_MXWAP,Switzerland,0.00265
2008,EN_RSRV_MXWAP,Switzerland,0.00263
2009,EN_RSRV_MXWAP,Switzerland,0.00263
2010,EN_RSRV_MXWAP,Switzerland,0.00263
2011,EN_RSRV_MXWAP,Switzerland,0.00263
2006,EN_RSRV_MXWAP,France,0.00064
2007,EN_RSRV_MXWAP,France,0.00064
2008,EN_RSRV_MXWAP,France,0.00064
2009,EN_RSRV_MXWAP,France,0.00064
2010,EN_RSRV_MXWAP,France,0.00064
2011,EN_RSRV_MXWAP,France,0.00064
2012,EN_RSRV_MXWAP,France,0.00064
2013,EN_RSRV_MXWAP,France,0.00064
2014,EN_RSRV_MXWAP,France,0.00064
2015,EN_RSRV_MXWAP,France,0.00065
2016,EN_RSRV_MXWAP,France,0.00065
2017,EN_RSRV_MXWAP,France,0.00066
2012,EN_RSRV_MXWAP,Switzerland,0.00263
2013,EN_RSRV_MXWAP,Switzerland,0.00264
2014,EN_RSRV_MXWAP,Switzerland,0.00265
2015,EN_RSRV_MXWAP,Switzerland,0.00265
2016,EN_RSRV_MXWAP,Switzerland,0.00265
2017,EN_RSRV_MXWAP,Switzerland,0.00266
2018,EN_RSRV_MXWAP,Switzerland,0.00266
2019,EN_RSRV_MXWAP,Switzerland,0.00267
2020,EN_RSRV_MXWAP,Switzerland,0.00267
2021,EN_RSRV_MXWAP,Switzerland,0.00267
2022,EN_RSRV_MXWAP,Switzerland,0.00267
2000,EN_RSRV_MXWAP,Tajikistan,0.00372
2001,EN_RSRV_MXWAP,Tajikistan,0.00372
2002,EN_RSRV_MXWAP,Tajikistan,0.00374
2003,EN_RSRV_MXWAP,Tajikistan,0.00393
2004,EN_RSRV_MXWAP,Tajikistan,0.00393
2005,EN_RSRV_MXWAP,Tajikistan,0.00395
2006,EN_RSRV_MXWAP,Tajikistan,0.00395
2007,EN_RSRV_MXWAP,Tajikistan,0.00395
2008,EN_RSRV_MXWAP,Tajikistan,0.00396
2009,EN_RSRV_MXWAP,Tajikistan,0.00396
2010,EN_RSRV_MXWAP,Tajikistan,0.00396
2011,EN_RSRV_MXWAP,Tajikistan,0.00397
2012,EN_RSRV_MXWAP,Tajikistan,0.00398
2001,EN_RSRV_MXWAP,Azerbaijan,0.00458
2002,EN_RSRV_MXWAP,Azerbaijan,0.00607
2003,EN_RSRV_MXWAP,Azerbaijan,0.00774
2004,EN_RSRV_MXWAP,Azerbaijan,0.0078
2005,EN_RSRV_MXWAP,Azerbaijan,0.00799
2006,EN_RSRV_MXWAP,Azerbaijan,0.00816
2007,EN_RSRV_MXWAP,Azerbaijan,0.00834
2008,EN_RSRV_MXWAP,Azerbaijan,0.00836
2009,EN_RSRV_MXWAP,Azerbaijan,0.00832
2010,EN_RSRV_MXWAP,Azerbaijan,0.00833
2011,EN_RSRV_MXWAP,Azerbaijan,0.00837
2012,EN_RSRV_MXWAP,Azerbaijan,0.00839
2013,EN_RSRV_MXWAP,Tajikistan,0.00399
2014,EN_RSRV_MXWAP,Tajikistan,0.00402
2015,EN_RSRV_MXWAP,Tajikistan,0.00403
2016,EN_RSRV_MXWAP,Tajikistan,0.00403
2017,EN_RSRV_MXWAP,Tajikistan,0.00404
2018,EN_RSRV_MXWAP,Tajikistan,0.00405
2019,EN_RSRV_MXWAP,Tajikistan,0.00406
2020,EN_RSRV_MXWAP,Tajikistan,0.00404
2021,EN_RSRV_MXWAP,Tajikistan,0.00403
2022,EN_RSRV_MXWAP,Tajikistan,0.00404
2000,EN_RSRV_MXWAP,United Arab Emirates,0.0
2001,EN_RSRV_MXWAP,United Arab Emirates,0.0
2018,EN_RSRV_MXWAP,France,0.00066
2019,EN_RSRV_MXWAP,France,0.00066
2020,EN_RSRV_MXWAP,France,0.00067
2021,EN_RSRV_MXWAP,France,0.00067
2022,EN_RSRV_MXWAP,France,0.00067
2000,EN_RSRV_MXWAP,Georgia,0.00031
2001,EN_RSRV_MXWAP,Georgia,0.00045
2002,EN_RSRV_MXWAP,Georgia,0.00059
2003,EN_RSRV_MXWAP,Georgia,0.00075
2004,EN_RSRV_MXWAP,Georgia,0.00073
2005,EN_RSRV_MXWAP,Georgia,0.00073
2006,EN_RSRV_MXWAP,Georgia,0.00075
2013,EN_RSRV_MXWAP,Azerbaijan,0.0083
2014,EN_RSRV_MXWAP,Azerbaijan,0.00824
2015,EN_RSRV_MXWAP,Azerbaijan,0.00807
2016,EN_RSRV_MXWAP,Azerbaijan,0.00798
2017,EN_RSRV_MXWAP,Azerbaijan,0.00791
2018,EN_RSRV_MXWAP,Azerbaijan,0.00791
2019,EN_RSRV_MXWAP,Azerbaijan,0.00797
2020,EN_RSRV_MXWAP,Azerbaijan,0.00803
2021,EN_RSRV_MXWAP,Azerbaijan,0.00789
2022,EN_RSRV_MXWAP,Azerbaijan,0.00779
2000,EN_RSRV_MXWAP,Australia,0.00053
2001,EN_RSRV_MXWAP,Australia,0.00054
2002,EN_RSRV_MXWAP,United Arab Emirates,0.0
2003,EN_RSRV_MXWAP,United Arab Emirates,0.0
2004,EN_RSRV_MXWAP,United Arab Emirates,0.0
2005,EN_RSRV_MXWAP,United Arab Emirates,0.0
2006,EN_RSRV_MXWAP,United Arab Emirates,0.0
2007,EN_RSRV_MXWAP,United Arab Emirates,0.0
2008,EN_RSRV_MXWAP,United Arab Emirates,0.0
2009,EN_RSRV_MXWAP,United Arab Emirates,0.0
2010,EN_RSRV_MXWAP,United Arab Emirates,0.0
2011,EN_RSRV_MXWAP,United Arab Emirates,0.0
2012,EN_RSRV_MXWAP,United Arab Emirates,0.0
2013,EN_RSRV_MXWAP,United Arab Emirates,0.0
2002,EN_RSRV_MXWAP,Australia,0.00054
2003,EN_RSRV_MXWAP,Australia,0.00054
2004,EN_RSRV_MXWAP,Australia,0.00053
2005,EN_RSRV_MXWAP,Australia,0.00053
2006,EN_RSRV_MXWAP,Australia,0.00052
2007,EN_RSRV_MXWAP,Australia,0.00051
2008,EN_RSRV_MXWAP,Australia,0.0005
2009,EN_RSRV_MXWAP,Australia,0.00049
2010,EN_RSRV_MXWAP,Australia,0.00049
2011,EN_RSRV_MXWAP,Australia,0.00049
2012,EN_RSRV_MXWAP,Australia,0.00051
2013,EN_RSRV_MXWAP,Australia,0.00053
2014,EN_RSRV_MXWAP,United Arab Emirates,0.0
2015,EN_RSRV_MXWAP,United Arab Emirates,0.0
2016,EN_RSRV_MXWAP,United Arab Emirates,0.0
2017,EN_RSRV_MXWAP,United Arab Emirates,0.0
2018,EN_RSRV_MXWAP,United Arab Emirates,0.0
2019,EN_RSRV_MXWAP,United Arab Emirates,0.0
2020,EN_RSRV_MXWAP,United Arab Emirates,0.0
2021,EN_RSRV_MXWAP,United Arab Emirates,0.0
2022,EN_RSRV_MXWAP,United Arab Emirates,0.0
2000,EN_RSRV_MXWAP,Türkiye,0.00178
2001,EN_RSRV_MXWAP,Türkiye,0.00212
2002,EN_RSRV_MXWAP,Türkiye,0.00281
2003,EN_RSRV_MXWAP,Türkiye,0.00356
2004,EN_RSRV_MXWAP,Türkiye,0.00368
2005,EN_RSRV_MXWAP,Türkiye,0.00375
2006,EN_RSRV_MXWAP,Türkiye,0.00381
2007,EN_RSRV_MXWAP,Türkiye,0.00391
2008,EN_RSRV_MXWAP,Türkiye,0.00395
2009,EN_RSRV_MXWAP,Türkiye,0.00394
2010,EN_RSRV_MXWAP,Türkiye,0.00398
2011,EN_RSRV_MXWAP,Türkiye,0.00406
2012,EN_RSRV_MXWAP,Türkiye,0.00416
2013,EN_RSRV_MXWAP,Türkiye,0.00431
2014,EN_RSRV_MXWAP,Türkiye,0.00449
2014,EN_RSRV_MXWAP,Australia,0.00054
2015,EN_RSRV_MXWAP,Australia,0.00055
2016,EN_RSRV_MXWAP,Australia,0.00055
2017,EN_RSRV_MXWAP,Australia,0.00054
2018,EN_RSRV_MXWAP,Australia,0.00053
2019,EN_RSRV_MXWAP,Australia,0.00053
2020,EN_RSRV_MXWAP,Australia,0.00052
2021,EN_RSRV_MXWAP,Australia,0.00051
2022,EN_RSRV_MXWAP,Australia,0.00051
2000,EN_RSRV_MXWAP,Austria,0.00027
2001,EN_RSRV_MXWAP,Austria,0.00042
2002,EN_RSRV_MXWAP,Austria,0.00056
2015,EN_RSRV_MXWAP,Türkiye,0.00457
2016,EN_RSRV_MXWAP,Türkiye,0.00466
2017,EN_RSRV_MXWAP,Türkiye,0.00473
2018,EN_RSRV_MXWAP,Türkiye,0.00475
2019,EN_RSRV_MXWAP,Türkiye,0.00474
2020,EN_RSRV_MXWAP,Türkiye,0.0048
2021,EN_RSRV_MXWAP,Türkiye,0.0048
2022,EN_RSRV_MXWAP,Türkiye,0.00475
2000,EN_RSRV_MXWAP,Turkmenistan,0.0005
2001,EN_RSRV_MXWAP,Turkmenistan,0.00049
2002,EN_RSRV_MXWAP,Turkmenistan,0.00048
2003,EN_RSRV_MXWAP,Turkmenistan,0.00049
2003,EN_RSRV_MXWAP,Austria,0.00067
2004,EN_RSRV_MXWAP,Austria,0.00073
2005,EN_RSRV_MXWAP,Austria,0.00073
2006,EN_RSRV_MXWAP,Austria,0.00073
2007,EN_RSRV_MXWAP,Austria,0.00073
2008,EN_RSRV_MXWAP,Austria,0.00073
2009,EN_RSRV_MXWAP,Austria,0.00072
2010,EN_RSRV_MXWAP,Austria,0.00072
2011,EN_RSRV_MXWAP,Austria,0.00072
2012,EN_RSRV_MXWAP,Austria,0.00072
2013,EN_RSRV_MXWAP,Austria,0.00072
2014,EN_RSRV_MXWAP,Austria,0.00073
2004,EN_RSRV_MXWAP,Turkmenistan,0.00048
2005,EN_RSRV_MXWAP,Turkmenistan,0.00049
2006,EN_RSRV_MXWAP,Turkmenistan,0.00051
2007,EN_RSRV_MXWAP,Turkmenistan,0.0005
2008,EN_RSRV_MXWAP,Turkmenistan,0.00051
2009,EN_RSRV_MXWAP,Turkmenistan,0.00051
2010,EN_RSRV_MXWAP,Turkmenistan,0.00053
2011,EN_RSRV_MXWAP,Turkmenistan,0.00055
2012,EN_RSRV_MXWAP,Turkmenistan,0.00058
2013,EN_RSRV_MXWAP,Turkmenistan,0.00059
2014,EN_RSRV_MXWAP,Turkmenistan,0.00058
2015,EN_RSRV_MXWAP,Turkmenistan,0.00056
2015,EN_RSRV_MXWAP,Austria,0.00073
2016,EN_RSRV_MXWAP,Austria,0.00073
2017,EN_RSRV_MXWAP,Austria,0.00073
2018,EN_RSRV_MXWAP,Austria,0.00073
2019,EN_RSRV_MXWAP,Austria,0.00073
2020,EN_RSRV_MXWAP,Austria,0.00073
2021,EN_RSRV_MXWAP,Austria,0.00074
2022,EN_RSRV_MXWAP,Austria,0.00074
2000,EN_RSRV_MXWAP,Armenia,0.00042
2001,EN_RSRV_MXWAP,Armenia,0.00052
2002,EN_RSRV_MXWAP,Armenia,0.00068
2003,EN_RSRV_MXWAP,Armenia,0.00089
2016,EN_RSRV_MXWAP,Turkmenistan,0.00054
2017,EN_RSRV_MXWAP,Turkmenistan,0.00053
2018,EN_RSRV_MXWAP,Turkmenistan,0.00052
2019,EN_RSRV_MXWAP,Turkmenistan,0.00051
2020,EN_RSRV_MXWAP,Turkmenistan,0.00053
2021,EN_RSRV_MXWAP,Turkmenistan,0.00055
2022,EN_RSRV_MXWAP,Turkmenistan,0.00055
2000,EN_RSRV_MXWAP,Ukraine,0.00525
2001,EN_RSRV_MXWAP,Ukraine,0.00533
2002,EN_RSRV_MXWAP,Ukraine,0.00602
2003,EN_RSRV_MXWAP,Ukraine,0.0061
2004,EN_RSRV_MXWAP,Ukraine,0.00692
2007,EN_RSRV_MXWAP,Georgia,0.00076
2008,EN_RSRV_MXWAP,Georgia,0.00075
2009,EN_RSRV_MXWAP,Georgia,0.00077
2010,EN_RSRV_MXWAP,Georgia,0.00077
2011,EN_RSRV_MXWAP,Georgia,0.00077
2012,EN_RSRV_MXWAP,Georgia,0.00077
2013,EN_RSRV_MXWAP,Georgia,0.00076
2014,EN_RSRV_MXWAP,Georgia,0.00075
2015,EN_RSRV_MXWAP,Georgia,0.00075
2016,EN_RSRV_MXWAP,Georgia,0.00075
2017,EN_RSRV_MXWAP,Georgia,0.00074
2018,EN_RSRV_MXWAP,Georgia,0.00075
2004,EN_RSRV_MXWAP,Armenia,0.00087
2005,EN_RSRV_MXWAP,Armenia,0.00094
2006,EN_RSRV_MXWAP,Armenia,0.00097
2007,EN_RSRV_MXWAP,Armenia,0.00102
2008,EN_RSRV_MXWAP,Armenia,0.00103
2009,EN_RSRV_MXWAP,Armenia,0.00103
2010,EN_RSRV_MXWAP,Armenia,0.00103
2011,EN_RSRV_MXWAP,Armenia,0.00103
2012,EN_RSRV_MXWAP,Armenia,0.00104
2013,EN_RSRV_MXWAP,Armenia,0.00102
2014,EN_RSRV_MXWAP,Armenia,0.00105
2015,EN_RSRV_MXWAP,Armenia,0.00102
2019,EN_RSRV_MXWAP,Georgia,0.00075
2020,EN_RSRV_MXWAP,Georgia,0.00074
2021,EN_RSRV_MXWAP,Georgia,0.00073
2022,EN_RSRV_MXWAP,Georgia,0.00073
2000,EN_RSRV_MXWAP,Germany,0.00026
2001,EN_RSRV_MXWAP,Germany,0.00035
2002,EN_RSRV_MXWAP,Germany,0.00044
2003,EN_RSRV_MXWAP,Germany,0.00046
2004,EN_RSRV_MXWAP,Germany,0.00047
2005,EN_RSRV_MXWAP,Germany,0.00047
2006,EN_RSRV_MXWAP,Germany,0.00048
2007,EN_RSRV_MXWAP,Germany,0.00049
2008,EN_RSRV_MXWAP,Germany,0.00049
2009,EN_RSRV_MXWAP,Germany,0.00049
2010,EN_RSRV_MXWAP,Germany,0.00049
2011,EN_RSRV_MXWAP,Germany,0.0005
2012,EN_RSRV_MXWAP,Germany,0.0005
2013,EN_RSRV_MXWAP,Germany,0.00049
2014,EN_RSRV_MXWAP,Germany,0.0005
2015,EN_RSRV_MXWAP,Germany,0.0005
2016,EN_RSRV_MXWAP,Germany,0.0005
2017,EN_RSRV_MXWAP,Germany,0.0005
2018,EN_RSRV_MXWAP,Germany,0.00051
2019,EN_RSRV_MXWAP,Germany,0.00051
2016,EN_RSRV_MXWAP,Armenia,0.00099
2017,EN_RSRV_MXWAP,Armenia,0.00099
2018,EN_RSRV_MXWAP,Armenia,0.001
2019,EN_RSRV_MXWAP,Armenia,0.001
2020,EN_RSRV_MXWAP,Armenia,0.00105
2021,EN_RSRV_MXWAP,Armenia,0.00105
2022,EN_RSRV_MXWAP,Armenia,0.00104
2000,EN_RSRV_MXWAP,Belgium,0.00016
2001,EN_RSRV_MXWAP,Belgium,0.00021
2002,EN_RSRV_MXWAP,Belgium,0.00027
2003,EN_RSRV_MXWAP,Belgium,0.00027
2004,EN_RSRV_MXWAP,Belgium,0.00028
2005,EN_RSRV_MXWAP,Belgium,0.00028
2006,EN_RSRV_MXWAP,Belgium,0.00028
2007,EN_RSRV_MXWAP,Belgium,0.00029
2008,EN_RSRV_MXWAP,Belgium,0.00029
2009,EN_RSRV_MXWAP,Belgium,0.00028
2010,EN_RSRV_MXWAP,Belgium,0.00028
2011,EN_RSRV_MXWAP,Belgium,0.00028
2012,EN_RSRV_MXWAP,Belgium,0.00028
2013,EN_RSRV_MXWAP,Belgium,0.00028
2014,EN_RSRV_MXWAP,Belgium,0.00029
2015,EN_RSRV_MXWAP,Belgium,0.00029
2016,EN_RSRV_MXWAP,Belgium,0.00029
2020,EN_RSRV_MXWAP,Germany,0.00051
2021,EN_RSRV_MXWAP,Germany,0.00051
2022,EN_RSRV_MXWAP,Germany,0.00051
2000,EN_RSRV_MXWAP,Greece,0.00042
2001,EN_RSRV_MXWAP,Greece,0.00085
2002,EN_RSRV_MXWAP,Greece,0.00125
2003,EN_RSRV_MXWAP,Greece,0.00166
2004,EN_RSRV_MXWAP,Greece,0.0021
2005,EN_RSRV_MXWAP,Greece,0.00214
2006,EN_RSRV_MXWAP,Greece,0.00216
2007,EN_RSRV_MXWAP,Greece,0.0022
2008,EN_RSRV_MXWAP,Greece,0.00222
2005,EN_RSRV_MXWAP,Ukraine,0.00693
2006,EN_RSRV_MXWAP,Ukraine,0.00692
2007,EN_RSRV_MXWAP,Ukraine,0.00691
2008,EN_RSRV_MXWAP,Ukraine,0.00691
2009,EN_RSRV_MXWAP,Ukraine,0.00691
2010,EN_RSRV_MXWAP,Ukraine,0.00691
2011,EN_RSRV_MXWAP,Ukraine,0.00691
2012,EN_RSRV_MXWAP,Ukraine,0.00692
2013,EN_RSRV_MXWAP,Ukraine,0.00691
2014,EN_RSRV_MXWAP,Ukraine,0.0069
2015,EN_RSRV_MXWAP,Ukraine,0.00691
2016,EN_RSRV_MXWAP,Ukraine,0.00691
2017,EN_RSRV_MXWAP,Ukraine,0.00691
2018,EN_RSRV_MXWAP,Ukraine,0.00692
2019,EN_RSRV_MXWAP,Ukraine,0.00693
2020,EN_RSRV_MXWAP,Ukraine,0.00694
2021,EN_RSRV_MXWAP,Ukraine,0.00695
2022,EN_RSRV_MXWAP,Ukraine,0.00695
2000,EN_RSRV_MXWAP,North Macedonia,0.00032
2001,EN_RSRV_MXWAP,North Macedonia,0.00067
2002,EN_RSRV_MXWAP,North Macedonia,0.00098
2003,EN_RSRV_MXWAP,North Macedonia,0.00129
2004,EN_RSRV_MXWAP,North Macedonia,0.00165
2005,EN_RSRV_MXWAP,North Macedonia,0.00174
2017,EN_RSRV_MXWAP,Belgium,0.00029
2018,EN_RSRV_MXWAP,Belgium,0.0003
2019,EN_RSRV_MXWAP,Belgium,0.0003
2020,EN_RSRV_MXWAP,Belgium,0.0003
2021,EN_RSRV_MXWAP,Belgium,0.0003
2022,EN_RSRV_MXWAP,Belgium,0.0003
2000,EN_RSRV_MXWAP,Bosnia and Herzegovina,0.00042
2001,EN_RSRV_MXWAP,Bosnia and Herzegovina,0.00085
2002,EN_RSRV_MXWAP,Bosnia and Herzegovina,0.00131
2003,EN_RSRV_MXWAP,Bosnia and Herzegovina,0.00173
2004,EN_RSRV_MXWAP,Bosnia and Herzegovina,0.00217
2005,EN_RSRV_MXWAP,Bosnia and Herzegovina,0.00221
2009,EN_RSRV_MXWAP,Greece,0.00219
2010,EN_RSRV_MXWAP,Greece,0.00219
2011,EN_RSRV_MXWAP,Greece,0.00219
2012,EN_RSRV_MXWAP,Greece,0.00219
2013,EN_RSRV_MXWAP,Greece,0.00222
2014,EN_RSRV_MXWAP,Greece,0.00228
2015,EN_RSRV_MXWAP,Greece,0.00231
2016,EN_RSRV_MXWAP,Greece,0.00232
2017,EN_RSRV_MXWAP,Greece,0.00235
2018,EN_RSRV_MXWAP,Greece,0.00236
2019,EN_RSRV_MXWAP,Greece,0.00236
2020,EN_RSRV_MXWAP,Greece,0.00236
2006,EN_RSRV_MXWAP,North Macedonia,0.00181
2007,EN_RSRV_MXWAP,North Macedonia,0.00194
2008,EN_RSRV_MXWAP,North Macedonia,0.00203
2009,EN_RSRV_MXWAP,North Macedonia,0.00207
2010,EN_RSRV_MXWAP,North Macedonia,0.00208
2011,EN_RSRV_MXWAP,North Macedonia,0.0021
2012,EN_RSRV_MXWAP,North Macedonia,0.0021
2013,EN_RSRV_MXWAP,North Macedonia,0.00212
2014,EN_RSRV_MXWAP,North Macedonia,0.00215
2015,EN_RSRV_MXWAP,North Macedonia,0.00215
2016,EN_RSRV_MXWAP,North Macedonia,0.00215
2017,EN_RSRV_MXWAP,North Macedonia,0.00216
2018,EN_RSRV_MXWAP,North Macedonia,0.00216
2019,EN_RSRV_MXWAP,North Macedonia,0.00217
2020,EN_RSRV_MXWAP,North Macedonia,0.00217
2021,EN_RSRV_MXWAP,North Macedonia,0.00215
2022,EN_RSRV_MXWAP,North Macedonia,0.00212
2000,EN_RSRV_MXWAP,United Kingdom of Great Britain and Northern Ireland,0.00058
2001,EN_RSRV_MXWAP,United Kingdom of Great Britain and Northern Ireland,0.00089
2002,EN_RSRV_MXWAP,United Kingdom of Great Britain and Northern Ireland,0.00117
2003,EN_RSRV_MXWAP,United Kingdom of Great Britain and Northern Ireland,0.00138
2004,EN_RSRV_MXWAP,United Kingdom of Great Britain and Northern Ireland,0.00142
2005,EN_RSRV_MXWAP,United Kingdom of Great Britain and Northern Ireland,0.00138
2006,EN_RSRV_MXWAP,Bosnia and Herzegovina,0.00222
2007,EN_RSRV_MXWAP,Bosnia and Herzegovina,0.00222
2008,EN_RSRV_MXWAP,Bosnia and Herzegovina,0.00224
2009,EN_RSRV_MXWAP,Bosnia and Herzegovina,0.00224
2010,EN_RSRV_MXWAP,Bosnia and Herzegovina,0.00224
2011,EN_RSRV_MXWAP,Bosnia and Herzegovina,0.00225
2012,EN_RSRV_MXWAP,Bosnia and Herzegovina,0.00224
2013,EN_RSRV_MXWAP,Bosnia and Herzegovina,0.00221
2014,EN_RSRV_MXWAP,Bosnia and Herzegovina,0.00223
2015,EN_RSRV_MXWAP,Bosnia and Herzegovina,0.00224
2016,EN_RSRV_MXWAP,Bosnia and Herzegovina,0.00224
2006,EN_RSRV_MXWAP,United Kingdom of Great Britain and Northern Ireland,0.00114
2007,EN_RSRV_MXWAP,United Kingdom of Great Britain and Northern Ireland,0.001
2008,EN_RSRV_MXWAP,United Kingdom of Great Britain and Northern Ireland,0.00082
2009,EN_RSRV_MXWAP,United Kingdom of Great Britain and Northern Ireland,0.00062
2010,EN_RSRV_MXWAP,United Kingdom of Great Britain and Northern Ireland,0.00071
2011,EN_RSRV_MXWAP,United Kingdom of Great Britain and Northern Ireland,0.00087
2012,EN_RSRV_MXWAP,United Kingdom of Great Britain and Northern Ireland,0.00103
2013,EN_RSRV_MXWAP,United Kingdom of Great Britain and Northern Ireland,0.00118
2014,EN_RSRV_MXWAP,United Kingdom of Great Britain and Northern Ireland,0.00139
2015,EN_RSRV_MXWAP,United Kingdom of Great Britain and Northern Ireland,0.0014
2021,EN_RSRV_MXWAP,Greece,0.00236
2022,EN_RSRV_MXWAP,Greece,0.00236
2000,EN_RSRV_MXWAP,Hungary,0.00017
2001,EN_RSRV_MXWAP,Hungary,0.00042
2002,EN_RSRV_MXWAP,Hungary,0.00068
2003,EN_RSRV_MXWAP,Hungary,0.00087
2004,EN_RSRV_MXWAP,Hungary,0.00106
2005,EN_RSRV_MXWAP,Hungary,0.00108
2006,EN_RSRV_MXWAP,Hungary,0.00103
2007,EN_RSRV_MXWAP,Hungary,0.00103
2008,EN_RSRV_MXWAP,Hungary,0.00102
2009,EN_RSRV_MXWAP,Hungary,0.00101
2016,EN_RSRV_MXWAP,United Kingdom of Great Britain and Northern Ireland,0.00149
2017,EN_RSRV_MXWAP,United Kingdom of Great Britain and Northern Ireland,0.0015
2018,EN_RSRV_MXWAP,United Kingdom of Great Britain and Northern Ireland,0.00154
2019,EN_RSRV_MXWAP,United Kingdom of Great Britain and Northern Ireland,0.00154
2020,EN_RSRV_MXWAP,United Kingdom of Great Britain and Northern Ireland,0.00153
2021,EN_RSRV_MXWAP,United Kingdom of Great Britain and Northern Ireland,0.00153
2022,EN_RSRV_MXWAP,United Kingdom of Great Britain and Northern Ireland,0.00153
2000,EN_RSRV_MXWAP,Uzbekistan,0.00063
2001,EN_RSRV_MXWAP,Uzbekistan,0.00063
2002,EN_RSRV_MXWAP,Uzbekistan,0.00064
2003,EN_RSRV_MXWAP,Uzbekistan,0.00066
2010,EN_RSRV_MXWAP,Hungary,0.001
2011,EN_RSRV_MXWAP,Hungary,0.00103
2012,EN_RSRV_MXWAP,Hungary,0.00097
2013,EN_RSRV_MXWAP,Hungary,0.00097
2014,EN_RSRV_MXWAP,Hungary,0.00102
2015,EN_RSRV_MXWAP,Hungary,0.00103
2016,EN_RSRV_MXWAP,Hungary,0.00099
2017,EN_RSRV_MXWAP,Hungary,0.00099
2018,EN_RSRV_MXWAP,Hungary,0.001
2019,EN_RSRV_MXWAP,Hungary,0.00094
2020,EN_RSRV_MXWAP,Hungary,0.00094
2021,EN_RSRV_MXWAP,Hungary,0.00094
2004,EN_RSRV_MXWAP,Uzbekistan,0.00065
2005,EN_RSRV_MXWAP,Uzbekistan,0.00066
2006,EN_RSRV_MXWAP,Uzbekistan,0.00068
2007,EN_RSRV_MXWAP,Uzbekistan,0.00069
2008,EN_RSRV_MXWAP,Uzbekistan,0.00069
2009,EN_RSRV_MXWAP,Uzbekistan,0.00068
2010,EN_RSRV_MXWAP,Uzbekistan,0.00068
2011,EN_RSRV_MXWAP,Uzbekistan,0.00069
2012,EN_RSRV_MXWAP,Uzbekistan,0.0007
2013,EN_RSRV_MXWAP,Uzbekistan,0.00071
2014,EN_RSRV_MXWAP,Uzbekistan,0.00072
2015,EN_RSRV_MXWAP,Uzbekistan,0.00071
2022,EN_RSRV_MXWAP,Hungary,0.00094
2000,EN_RSRV_MXWAP,Iceland,0.00077
2001,EN_RSRV_MXWAP,Iceland,0.00119
2002,EN_RSRV_MXWAP,Iceland,0.00159
2003,EN_RSRV_MXWAP,Iceland,0.00201
2004,EN_RSRV_MXWAP,Iceland,0.00201
2005,EN_RSRV_MXWAP,Iceland,0.00199
2006,EN_RSRV_MXWAP,Iceland,0.00196
2007,EN_RSRV_MXWAP,Iceland,0.00196
2008,EN_RSRV_MXWAP,Iceland,0.00191
2009,EN_RSRV_MXWAP,Iceland,0.00192
2010,EN_RSRV_MXWAP,Iceland,0.00198
2011,EN_RSRV_MXWAP,Iceland,0.00201
2012,EN_RSRV_MXWAP,Iceland,0.00198
2013,EN_RSRV_MXWAP,Iceland,0.00204
2014,EN_RSRV_MXWAP,Iceland,0.00204
2015,EN_RSRV_MXWAP,Iceland,0.00205
2016,EN_RSRV_MXWAP,Iceland,0.00203
2017,EN_RSRV_MXWAP,Iceland,0.00213
2018,EN_RSRV_MXWAP,Iceland,0.00218
2019,EN_RSRV_MXWAP,Iceland,0.00223
2020,EN_RSRV_MXWAP,Iceland,0.00229
2021,EN_RSRV_MXWAP,Iceland,0.00239
2022,EN_RSRV_MXWAP,Iceland,0.00239
2000,EN_RSRV_MXWAP,India,0.00346
2001,EN_RSRV_MXWAP,India,0.00352
2002,EN_RSRV_MXWAP,India,0.00351
2003,EN_RSRV_MXWAP,India,0.00369
2004,EN_RSRV_MXWAP,India,0.00379
2005,EN_RSRV_MXWAP,India,0.00379
2006,EN_RSRV_MXWAP,India,0.00391
2007,EN_RSRV_MXWAP,India,0.0041
2008,EN_RSRV_MXWAP,India,0.00427
2009,EN_RSRV_MXWAP,India,0.00444
2010,EN_RSRV_MXWAP,India,0.0045
2011,EN_RSRV_MXWAP,India,0.00448
2012,EN_RSRV_MXWAP,India,0.0045
2013,EN_RSRV_MXWAP,India,0.00451
2014,EN_RSRV_MXWAP,India,0.00458
2015,EN_RSRV_MXWAP,India,0.00469
2016,EN_RSRV_MXWAP,India,0.00468
2017,EN_RSRV_MXWAP,India,0.00468
2018,EN_RSRV_MXWAP,India,0.00472
2019,EN_RSRV_MXWAP,India,0.0047
2020,EN_RSRV_MXWAP,India,0.00472
2021,EN_RSRV_MXWAP,India,0.00487
2022,EN_RSRV_MXWAP,India,0.0049
2000,EN_RSRV_MXWAP,Ireland,0.00057
2017,EN_RSRV_MXWAP,Bosnia and Herzegovina,0.00225
2018,EN_RSRV_MXWAP,Bosnia and Herzegovina,0.00228
2019,EN_RSRV_MXWAP,Bosnia and Herzegovina,0.00228
2020,EN_RSRV_MXWAP,Bosnia and Herzegovina,0.00227
2021,EN_RSRV_MXWAP,Bosnia and Herzegovina,0.00225
2022,EN_RSRV_MXWAP,Bosnia and Herzegovina,0.00226
2000,EN_RSRV_MXWAP,Bulgaria,0.00061
2001,EN_RSRV_MXWAP,Bulgaria,0.00103
2002,EN_RSRV_MXWAP,Bulgaria,0.00154
2003,EN_RSRV_MXWAP,Bulgaria,0.00203
2004,EN_RSRV_MXWAP,Bulgaria,0.00258
2001,EN_RSRV_MXWAP,Ireland,0.00094
2002,EN_RSRV_MXWAP,Ireland,0.00132
2003,EN_RSRV_MXWAP,Ireland,0.0017
2004,EN_RSRV_MXWAP,Ireland,0.00174
2005,EN_RSRV_MXWAP,Ireland,0.00176
2006,EN_RSRV_MXWAP,Ireland,0.00173
2007,EN_RSRV_MXWAP,Ireland,0.00173
2008,EN_RSRV_MXWAP,Ireland,0.00143
2009,EN_RSRV_MXWAP,Ireland,0.00133
2010,EN_RSRV_MXWAP,Ireland,0.00149
2011,EN_RSRV_MXWAP,Ireland,0.00138
2012,EN_RSRV_MXWAP,Ireland,0.0013
2013,EN_RSRV_MXWAP,Ireland,0.00161
2014,EN_RSRV_MXWAP,Ireland,0.00171
2015,EN_RSRV_MXWAP,Ireland,0.00171
2016,EN_RSRV_MXWAP,Ireland,0.00188
2017,EN_RSRV_MXWAP,Ireland,0.00197
2018,EN_RSRV_MXWAP,Ireland,0.00198
2019,EN_RSRV_MXWAP,Ireland,0.00199
2020,EN_RSRV_MXWAP,Ireland,0.00199
2021,EN_RSRV_MXWAP,Ireland,0.00199
2022,EN_RSRV_MXWAP,Ireland,0.00199
2000,EN_RSRV_MXWAP,Israel,0.0
2001,EN_RSRV_MXWAP,Israel,0.0
2005,EN_RSRV_MXWAP,Bulgaria,0.00261
2006,EN_RSRV_MXWAP,Bulgaria,0.00262
2007,EN_RSRV_MXWAP,Bulgaria,0.00267
2008,EN_RSRV_MXWAP,Bulgaria,0.0027
2009,EN_RSRV_MXWAP,Bulgaria,0.00269
2010,EN_RSRV_MXWAP,Bulgaria,0.00268
2011,EN_RSRV_MXWAP,Bulgaria,0.00267
2012,EN_RSRV_MXWAP,Bulgaria,0.00265
2013,EN_RSRV_MXWAP,Bulgaria,0.00267
2014,EN_RSRV_MXWAP,Bulgaria,0.00267
2015,EN_RSRV_MXWAP,Bulgaria,0.00269
2016,EN_RSRV_MXWAP,Bulgaria,0.00269
2002,EN_RSRV_MXWAP,Israel,0.0
2003,EN_RSRV_MXWAP,Israel,0.0
2004,EN_RSRV_MXWAP,Israel,0.0
2005,EN_RSRV_MXWAP,Israel,0.0
2006,EN_RSRV_MXWAP,Israel,0.0
2007,EN_RSRV_MXWAP,Israel,0.0
2008,EN_RSRV_MXWAP,Israel,0.0
2009,EN_RSRV_MXWAP,Israel,0.0
2010,EN_RSRV_MXWAP,Israel,0.0
2011,EN_RSRV_MXWAP,Israel,0.0
2012,EN_RSRV_MXWAP,Israel,0.0
2013,EN_RSRV_MXWAP,Israel,0.0
2017,EN_RSRV_MXWAP,Bulgaria,0.00271
2018,EN_RSRV_MXWAP,Bulgaria,0.00269
2019,EN_RSRV_MXWAP,Bulgaria,0.0027
2020,EN_RSRV_MXWAP,Bulgaria,0.00267
2021,EN_RSRV_MXWAP,Bulgaria,0.00262
2022,EN_RSRV_MXWAP,Bulgaria,0.00261
2000,EN_RSRV_MXWAP,Chile,0.00025
2001,EN_RSRV_MXWAP,Chile,0.00028
2002,EN_RSRV_MXWAP,Chile,0.0003
2003,EN_RSRV_MXWAP,Chile,0.00033
2004,EN_RSRV_MXWAP,Chile,0.00033
2005,EN_RSRV_MXWAP,Chile,0.00034
2014,EN_RSRV_MXWAP,Israel,0.0
2015,EN_RSRV_MXWAP,Israel,0.0
2016,EN_RSRV_MXWAP,Israel,0.0
2017,EN_RSRV_MXWAP,Israel,0.0
2018,EN_RSRV_MXWAP,Israel,0.0
2019,EN_RSRV_MXWAP,Israel,0.0
2020,EN_RSRV_MXWAP,Israel,0.0
2021,EN_RSRV_MXWAP,Israel,0.0
2022,EN_RSRV_MXWAP,Israel,0.0
2000,EN_RSRV_MXWAP,Italy,0.00026
2001,EN_RSRV_MXWAP,Italy,0.00052
2002,EN_RSRV_MXWAP,Italy,0.00078
2006,EN_RSRV_MXWAP,Chile,0.00035
2007,EN_RSRV_MXWAP,Chile,0.00035
2008,EN_RSRV_MXWAP,Chile,0.00035
2009,EN_RSRV_MXWAP,Chile,0.00037
2010,EN_RSRV_MXWAP,Chile,0.00037
2011,EN_RSRV_MXWAP,Chile,0.00037
2012,EN_RSRV_MXWAP,Chile,0.00037
2013,EN_RSRV_MXWAP,Chile,0.00037
2014,EN_RSRV_MXWAP,Chile,0.00037
2015,EN_RSRV_MXWAP,Chile,0.00036
2016,EN_RSRV_MXWAP,Chile,0.00037
2017,EN_RSRV_MXWAP,Chile,0.00037
2003,EN_RSRV_MXWAP,Italy,0.00102
2004,EN_RSRV_MXWAP,Italy,0.00128
2005,EN_RSRV_MXWAP,Italy,0.00132
2006,EN_RSRV_MXWAP,Italy,0.00136
2007,EN_RSRV_MXWAP,Italy,0.00138
2008,EN_RSRV_MXWAP,Italy,0.00142
2009,EN_RSRV_MXWAP,Italy,0.00141
2010,EN_RSRV_MXWAP,Italy,0.00142
2011,EN_RSRV_MXWAP,Italy,0.00142
2012,EN_RSRV_MXWAP,Italy,0.00142
2013,EN_RSRV_MXWAP,Italy,0.00143
2014,EN_RSRV_MXWAP,Italy,0.00145
2015,EN_RSRV_MXWAP,Italy,0.00145
2016,EN_RSRV_MXWAP,Italy,0.00145
2017,EN_RSRV_MXWAP,Italy,0.00144
2018,EN_RSRV_MXWAP,Italy,0.00144
2019,EN_RSRV_MXWAP,Italy,0.00143
2020,EN_RSRV_MXWAP,Italy,0.00143
2021,EN_RSRV_MXWAP,Italy,0.00143
2022,EN_RSRV_MXWAP,Italy,0.00142
2000,EN_RSRV_MXWAP,Japan,0.00302
2001,EN_RSRV_MXWAP,Japan,0.00303
2002,EN_RSRV_MXWAP,Japan,0.00304
2003,EN_RSRV_MXWAP,Japan,0.00306
2018,EN_RSRV_MXWAP,Chile,0.00038
2019,EN_RSRV_MXWAP,Chile,0.00039
2020,EN_RSRV_MXWAP,Chile,0.0004
2021,EN_RSRV_MXWAP,Chile,0.0004
2022,EN_RSRV_MXWAP,Chile,0.00039
2000,EN_RSRV_MXWAP,China,0.00101
2001,EN_RSRV_MXWAP,China,0.00106
2002,EN_RSRV_MXWAP,China,0.00111
2003,EN_RSRV_MXWAP,China,0.00129
2004,EN_RSRV_MXWAP,China,0.00147
2005,EN_RSRV_MXWAP,China,0.00152
2006,EN_RSRV_MXWAP,China,0.00154
2007,EN_RSRV_MXWAP,China,0.00156
2008,EN_RSRV_MXWAP,China,0.00158
2009,EN_RSRV_MXWAP,China,0.00162
2010,EN_RSRV_MXWAP,China,0.00165
2011,EN_RSRV_MXWAP,China,0.00168
2012,EN_RSRV_MXWAP,China,0.00169
2013,EN_RSRV_MXWAP,China,0.0017
2014,EN_RSRV_MXWAP,China,0.00172
2015,EN_RSRV_MXWAP,China,0.00174
2016,EN_RSRV_MXWAP,China,0.00176
2017,EN_RSRV_MXWAP,China,0.0018
2018,EN_RSRV_MXWAP,China,0.00184
2019,EN_RSRV_MXWAP,China,0.00187
2020,EN_RSRV_MXWAP,China,0.00189
2021,EN_RSRV_MXWAP,China,0.00191
2022,EN_RSRV_MXWAP,China,0.00191
2000,EN_RSRV_MXWAP,Colombia,0.0002
2001,EN_RSRV_MXWAP,Colombia,0.00026
2002,EN_RSRV_MXWAP,Colombia,0.00028
2003,EN_RSRV_MXWAP,Colombia,0.0003
2004,EN_RSRV_MXWAP,Colombia,0.0003
2005,EN_RSRV_MXWAP,Colombia,0.00031
2006,EN_RSRV_MXWAP,Colombia,0.0003
2007,EN_RSRV_MXWAP,Colombia,0.0003
2004,EN_RSRV_MXWAP,Japan,0.0031
2005,EN_RSRV_MXWAP,Japan,0.00311
2006,EN_RSRV_MXWAP,Japan,0.00312
2007,EN_RSRV_MXWAP,Japan,0.00312
2008,EN_RSRV_MXWAP,Japan,0.00312
2009,EN_RSRV_MXWAP,Japan,0.00313
2010,EN_RSRV_MXWAP,Japan,0.00312
2011,EN_RSRV_MXWAP,Japan,0.00311
2012,EN_RSRV_MXWAP,Japan,0.0031
2013,EN_RSRV_MXWAP,Japan,0.00309
2014,EN_RSRV_MXWAP,Japan,0.00309
2015,EN_RSRV_MXWAP,Japan,0.00311
2016,EN_RSRV_MXWAP,Japan,0.00313
2017,EN_RSRV_MXWAP,Japan,0.00315
2018,EN_RSRV_MXWAP,Japan,0.00318
2019,EN_RSRV_MXWAP,Japan,0.00319
2020,EN_RSRV_MXWAP,Japan,0.00319
2021,EN_RSRV_MXWAP,Japan,0.0032
2022,EN_RSRV_MXWAP,Japan,0.00321
2000,EN_RSRV_MXWAP,Kazakhstan,0.00217
2001,EN_RSRV_MXWAP,Kazakhstan,0.00243
2002,EN_RSRV_MXWAP,Kazakhstan,0.00244
2003,EN_RSRV_MXWAP,Kazakhstan,0.0025
2004,EN_RSRV_MXWAP,Kazakhstan,0.0025
2008,EN_RSRV_MXWAP,Colombia,0.0003
2009,EN_RSRV_MXWAP,Colombia,0.00031
2010,EN_RSRV_MXWAP,Colombia,0.00031
2011,EN_RSRV_MXWAP,Colombia,0.00032
2012,EN_RSRV_MXWAP,Colombia,0.00032
2013,EN_RSRV_MXWAP,Colombia,0.00033
2014,EN_RSRV_MXWAP,Colombia,0.00033
2015,EN_RSRV_MXWAP,Colombia,0.00034
2016,EN_RSRV_MXWAP,Colombia,0.00036
2017,EN_RSRV_MXWAP,Colombia,0.00038
2018,EN_RSRV_MXWAP,Colombia,0.0004
2019,EN_RSRV_MXWAP,Colombia,0.00042
2005,EN_RSRV_MXWAP,Kazakhstan,0.0025
2006,EN_RSRV_MXWAP,Kazakhstan,0.0025
2007,EN_RSRV_MXWAP,Kazakhstan,0.0025
2008,EN_RSRV_MXWAP,Kazakhstan,0.00249
2009,EN_RSRV_MXWAP,Kazakhstan,0.00249
2010,EN_RSRV_MXWAP,Kazakhstan,0.00248
2011,EN_RSRV_MXWAP,Kazakhstan,0.00249
2012,EN_RSRV_MXWAP,Kazakhstan,0.00249
2013,EN_RSRV_MXWAP,Kazakhstan,0.00248
2014,EN_RSRV_MXWAP,Kazakhstan,0.00248
2015,EN_RSRV_MXWAP,Kazakhstan,0.00248
2016,EN_RSRV_MXWAP,Kazakhstan,0.00248
2017,EN_RSRV_MXWAP,Kazakhstan,0.00248
2018,EN_RSRV_MXWAP,Kazakhstan,0.00248
2019,EN_RSRV_MXWAP,Kazakhstan,0.00249
2020,EN_RSRV_MXWAP,Kazakhstan,0.0025
2021,EN_RSRV_MXWAP,Kazakhstan,0.00251
2022,EN_RSRV_MXWAP,Kazakhstan,0.0025
2000,EN_RSRV_MXWAP,Republic of Korea,0.00456
2001,EN_RSRV_MXWAP,Republic of Korea,0.00461
2002,EN_RSRV_MXWAP,Republic of Korea,0.00464
2003,EN_RSRV_MXWAP,Republic of Korea,0.00473
2004,EN_RSRV_MXWAP,Republic of Korea,0.00476
2005,EN_RSRV_MXWAP,Republic of Korea,0.00479
2020,EN_RSRV_MXWAP,Colombia,0.00043
2021,EN_RSRV_MXWAP,Colombia,0.00044
2022,EN_RSRV_MXWAP,Colombia,0.00044
2000,EN_RSRV_MXWAP,Costa Rica,0.00134
2001,EN_RSRV_MXWAP,Costa Rica,0.00169
2002,EN_RSRV_MXWAP,Costa Rica,0.00172
2003,EN_RSRV_MXWAP,Costa Rica,0.00171
2004,EN_RSRV_MXWAP,Costa Rica,0.00171
2005,EN_RSRV_MXWAP,Costa Rica,0.0017
2006,EN_RSRV_MXWAP,Costa Rica,0.00167
2007,EN_RSRV_MXWAP,Costa Rica,0.00163
2008,EN_RSRV_MXWAP,Costa Rica,0.0016
2009,EN_RSRV_MXWAP,Costa Rica,0.0016
2010,EN_RSRV_MXWAP,Costa Rica,0.0016
2011,EN_RSRV_MXWAP,Costa Rica,0.00162
2012,EN_RSRV_MXWAP,Costa Rica,0.00165
2013,EN_RSRV_MXWAP,Costa Rica,0.00167
2014,EN_RSRV_MXWAP,Costa Rica,0.00166
2015,EN_RSRV_MXWAP,Costa Rica,0.00166
2016,EN_RSRV_MXWAP,Costa Rica,0.00168
2017,EN_RSRV_MXWAP,Costa Rica,0.0017
2018,EN_RSRV_MXWAP,Costa Rica,0.00175
2019,EN_RSRV_MXWAP,Costa Rica,0.0018
2020,EN_RSRV_MXWAP,Costa Rica,0.00183
2021,EN_RSRV_MXWAP,Costa Rica,0.00183
2022,EN_RSRV_MXWAP,Costa Rica,0.00183
2000,EN_RSRV_MXWAP,Croatia,0.00017
2001,EN_RSRV_MXWAP,Croatia,0.00035
2002,EN_RSRV_MXWAP,Croatia,0.00054
2003,EN_RSRV_MXWAP,Croatia,0.00072
2004,EN_RSRV_MXWAP,Croatia,0.0009
2005,EN_RSRV_MXWAP,Croatia,0.00091
2006,EN_RSRV_MXWAP,Croatia,0.00091
2007,EN_RSRV_MXWAP,Croatia,0.00091
2008,EN_RSRV_MXWAP,Croatia,0.00092
2009,EN_RSRV_MXWAP,Croatia,0.00092
2010,EN_RSRV_MXWAP,Croatia,0.00092
2011,EN_RSRV_MXWAP,Croatia,0.00092
2012,EN_RSRV_MXWAP,Croatia,0.00092
2013,EN_RSRV_MXWAP,Croatia,0.00091
2014,EN_RSRV_MXWAP,Croatia,0.00091
2015,EN_RSRV_MXWAP,Croatia,0.00091
2016,EN_RSRV_MXWAP,Croatia,0.00091
2017,EN_RSRV_MXWAP,Croatia,0.00092
2018,EN_RSRV_MXWAP,Croatia,0.00093
2019,EN_RSRV_MXWAP,Croatia,0.00093
2020,EN_RSRV_MXWAP,Croatia,0.00093
2021,EN_RSRV_MXWAP,Croatia,0.00093
2022,EN_RSRV_MXWAP,Croatia,0.00093
2000,EN_RSRV_MXWAP,Cyprus,0.00012
2001,EN_RSRV_MXWAP,Cyprus,0.00019
2002,EN_RSRV_MXWAP,Cyprus,0.00024
2003,EN_RSRV_MXWAP,Cyprus,0.00034
2004,EN_RSRV_MXWAP,Cyprus,0.00039
2005,EN_RSRV_MXWAP,Cyprus,0.00043
2006,EN_RSRV_MXWAP,Cyprus,0.00047
2007,EN_RSRV_MXWAP,Cyprus,0.0005
2008,EN_RSRV_MXWAP,Cyprus,0.00047
2009,EN_RSRV_MXWAP,Cyprus,0.00041
2010,EN_RSRV_MXWAP,Cyprus,0.00039
2011,EN_RSRV_MXWAP,Cyprus,0.00039
2012,EN_RSRV_MXWAP,Cyprus,0.0004
2013,EN_RSRV_MXWAP,Cyprus,0.00045
2014,EN_RSRV_MXWAP,Cyprus,0.0005
2015,EN_RSRV_MXWAP,Cyprus,0.00052
2016,EN_RSRV_MXWAP,Cyprus,0.00052
2017,EN_RSRV_MXWAP,Cyprus,0.0005
2018,EN_RSRV_MXWAP,Cyprus,0.00049
2019,EN_RSRV_MXWAP,Cyprus,0.00046
2020,EN_RSRV_MXWAP,Cyprus,0.00049
2021,EN_RSRV_MXWAP,Cyprus,0.00052
2022,EN_RSRV_MXWAP,Cyprus,0.00056
2000,EN_RSRV_MXWAP,Czechia,0.00085
2001,EN_RSRV_MXWAP,Czechia,0.0013
2002,EN_RSRV_MXWAP,Czechia,0.00175
2003,EN_RSRV_MXWAP,Czechia,0.00205
2004,EN_RSRV_MXWAP,Czechia,0.00224
2005,EN_RSRV_MXWAP,Czechia,0.00227
2006,EN_RSRV_MXWAP,Czechia,0.00228
2007,EN_RSRV_MXWAP,Czechia,0.00229
2008,EN_RSRV_MXWAP,Czechia,0.00229
2009,EN_RSRV_MXWAP,Czechia,0.00229
2010,EN_RSRV_MXWAP,Czechia,0.00229
2011,EN_RSRV_MXWAP,Czechia,0.00228
2012,EN_RSRV_MXWAP,Czechia,0.00228
2013,EN_RSRV_MXWAP,Czechia,0.00228
2014,EN_RSRV_MXWAP,Czechia,0.00229
2015,EN_RSRV_MXWAP,Czechia,0.00229
2016,EN_RSRV_MXWAP,Czechia,0.00229
2017,EN_RSRV_MXWAP,Czechia,0.00229
2018,EN_RSRV_MXWAP,Czechia,0.0023
2019,EN_RSRV_MXWAP,Czechia,0.0023
2020,EN_RSRV_MXWAP,Czechia,0.00231
2021,EN_RSRV_MXWAP,Czechia,0.00232
2022,EN_RSRV_MXWAP,Czechia,0.00232
2000,EN_RSRV_MXWAP,Denmark,0.0
2001,EN_RSRV_MXWAP,Denmark,0.0
2002,EN_RSRV_MXWAP,Denmark,0.0
2003,EN_RSRV_MXWAP,Denmark,0.0
2004,EN_RSRV_MXWAP,Denmark,0.0
2005,EN_RSRV_MXWAP,Denmark,0.0
2006,EN_RSRV_MXWAP,Denmark,0.0
2007,EN_RSRV_MXWAP,Denmark,0.0
2008,EN_RSRV_MXWAP,Denmark,0.0
2009,EN_RSRV_MXWAP,Denmark,0.0
2010,EN_RSRV_MXWAP,Denmark,0.0
2011,EN_RSRV_MXWAP,Denmark,0.0
2012,EN_RSRV_MXWAP,Denmark,0.0
2013,EN_RSRV_MXWAP,Denmark,0.0
2014,EN_RSRV_MXWAP,Denmark,0.0
2015,EN_RSRV_MXWAP,Denmark,0.0
2016,EN_RSRV_MXWAP,Denmark,0.0
2017,EN_RSRV_MXWAP,Denmark,0.0
2018,EN_RSRV_MXWAP,Denmark,0.0
2019,EN_RSRV_MXWAP,Denmark,0.0
2020,EN_RSRV_MXWAP,Denmark,0.0
2021,EN_RSRV_MXWAP,Denmark,0.0
2022,EN_RSRV_MXWAP,Denmark,0.0
2000,EN_RSRV_MXWAP,Estonia,0.0
2001,EN_RSRV_MXWAP,Estonia,0.0
2006,EN_RSRV_MXWAP,Republic of Korea,0.00482
2007,EN_RSRV_MXWAP,Republic of Korea,0.00489
2008,EN_RSRV_MXWAP,Republic of Korea,0.00491
2009,EN_RSRV_MXWAP,Republic of Korea,0.0049
2010,EN_RSRV_MXWAP,Republic of Korea,0.00485
2011,EN_RSRV_MXWAP,Republic of Korea,0.00486
2012,EN_RSRV_MXWAP,Republic of Korea,0.00485
2013,EN_RSRV_MXWAP,Republic of Korea,0.00485
2014,EN_RSRV_MXWAP,Republic of Korea,0.00485
2015,EN_RSRV_MXWAP,Republic of Korea,0.00488
2016,EN_RSRV_MXWAP,Republic of Korea,0.00482
2017,EN_RSRV_MXWAP,Republic of Korea,0.0048
2018,EN_RSRV_MXWAP,Republic of Korea,0.00478
2019,EN_RSRV_MXWAP,Republic of Korea,0.00481
2020,EN_RSRV_MXWAP,Republic of Korea,0.00487
2021,EN_RSRV_MXWAP,Republic of Korea,0.00498
2022,EN_RSRV_MXWAP,Republic of Korea,0.00503
2000,EN_RSRV_MXWAP,Kyrgyzstan,0.00166
2001,EN_RSRV_MXWAP,Kyrgyzstan,0.00168
2002,EN_RSRV_MXWAP,Kyrgyzstan,0.0017
2003,EN_RSRV_MXWAP,Kyrgyzstan,0.00175
2004,EN_RSRV_MXWAP,Kyrgyzstan,0.00176
2005,EN_RSRV_MXWAP,Kyrgyzstan,0.00176
2006,EN_RSRV_MXWAP,Kyrgyzstan,0.00177
2007,EN_RSRV_MXWAP,Kyrgyzstan,0.00177
2008,EN_RSRV_MXWAP,Kyrgyzstan,0.00175
2009,EN_RSRV_MXWAP,Kyrgyzstan,0.00171
2010,EN_RSRV_MXWAP,Kyrgyzstan,0.0017
2011,EN_RSRV_MXWAP,Kyrgyzstan,0.00171
2012,EN_RSRV_MXWAP,Kyrgyzstan,0.00172
2013,EN_RSRV_MXWAP,Kyrgyzstan,0.00173
2014,EN_RSRV_MXWAP,Kyrgyzstan,0.00176
2015,EN_RSRV_MXWAP,Kyrgyzstan,0.00175
2016,EN_RSRV_MXWAP,Kyrgyzstan,0.00174
2017,EN_RSRV_MXWAP,Kyrgyzstan,0.00174
2018,EN_RSRV_MXWAP,Kyrgyzstan,0.00175
2019,EN_RSRV_MXWAP,Kyrgyzstan,0.00176
2020,EN_RSRV_MXWAP,Kyrgyzstan,0.00177
2021,EN_RSRV_MXWAP,Kyrgyzstan,0.00175
2022,EN_RSRV_MXWAP,Kyrgyzstan,0.00173
2000,EN_RSRV_MXWAP,Latvia,0.0006
2001,EN_RSRV_MXWAP,Latvia,0.00086
2002,EN_RSRV_MXWAP,Latvia,0.00112
2003,EN_RSRV_MXWAP,Latvia,0.0013
2004,EN_RSRV_MXWAP,Latvia,0.00129
2005,EN_RSRV_MXWAP,Latvia,0.0013
2006,EN_RSRV_MXWAP,Latvia,0.0013
2007,EN_RSRV_MXWAP,Latvia,0.0013
2008,EN_RSRV_MXWAP,Latvia,0.0013
2009,EN_RSRV_MXWAP,Latvia,0.0013
2010,EN_RSRV_MXWAP,Latvia,0.0013
2011,EN_RSRV_MXWAP,Latvia,0.00129
2012,EN_RSRV_MXWAP,Latvia,0.00129
2013,EN_RSRV_MXWAP,Latvia,0.00129
2014,EN_RSRV_MXWAP,Latvia,0.0013
2015,EN_RSRV_MXWAP,Latvia,0.0013
2016,EN_RSRV_MXWAP,Latvia,0.0013
2017,EN_RSRV_MXWAP,Latvia,0.0013
2018,EN_RSRV_MXWAP,Latvia,0.00131
2019,EN_RSRV_MXWAP,Latvia,0.00131
2020,EN_RSRV_MXWAP,Latvia,0.00132
2021,EN_RSRV_MXWAP,Latvia,0.00132
2022,EN_RSRV_MXWAP,Latvia,0.00132
2000,EN_RSRV_MXWAP,Liechtenstein,0.0
2001,EN_RSRV_MXWAP,Liechtenstein,0.0
2002,EN_RSRV_MXWAP,Liechtenstein,0.0
2003,EN_RSRV_MXWAP,Liechtenstein,0.0
2004,EN_RSRV_MXWAP,Liechtenstein,0.0
2005,EN_RSRV_MXWAP,Liechtenstein,0.0
2006,EN_RSRV_MXWAP,Liechtenstein,0.0
2007,EN_RSRV_MXWAP,Liechtenstein,0.0
2008,EN_RSRV_MXWAP,Liechtenstein,0.0
2009,EN_RSRV_MXWAP,Liechtenstein,0.0
2010,EN_RSRV_MXWAP,Liechtenstein,0.0
2011,EN_RSRV_MXWAP,Liechtenstein,0.0
2012,EN_RSRV_MXWAP,Liechtenstein,0.0
2013,EN_RSRV_MXWAP,Liechtenstein,0.0
2014,EN_RSRV_MXWAP,Liechtenstein,0.0
2015,EN_RSRV_MXWAP,Liechtenstein,0.0
2016,EN_RSRV_MXWAP,Liechtenstein,0.0
2017,EN_RSRV_MXWAP,Liechtenstein,0.0
2018,EN_RSRV_MXWAP,Liechtenstein,0.0
2019,EN_RSRV_MXWAP,Liechtenstein,0.0
2020,EN_RSRV_MXWAP,Liechtenstein,0.0
2021,EN_RSRV_MXWAP,Liechtenstein,0.0
2022,EN_RSRV_MXWAP,Liechtenstein,0.0
2000,EN_RSRV_MXWAP,Lithuania,0.00049
2001,EN_RSRV_MXWAP,Lithuania,0.00066
2002,EN_RSRV_MXWAP,Lithuania,0.00082
2003,EN_RSRV_MXWAP,Lithuania,0.00084
2004,EN_RSRV_MXWAP,Lithuania,0.00084
2005,EN_RSRV_MXWAP,Lithuania,0.00085
2006,EN_RSRV_MXWAP,Lithuania,0.00085
2007,EN_RSRV_MXWAP,Lithuania,0.00085
2008,EN_RSRV_MXWAP,Lithuania,0.00085
2009,EN_RSRV_MXWAP,Lithuania,0.00085
2010,EN_RSRV_MXWAP,Lithuania,0.00085
2011,EN_RSRV_MXWAP,Lithuania,0.00085
2012,EN_RSRV_MXWAP,Lithuania,0.00085
2013,EN_RSRV_MXWAP,Lithuania,0.00084
2014,EN_RSRV_MXWAP,Lithuania,0.00085
2015,EN_RSRV_MXWAP,Lithuania,0.00085
2016,EN_RSRV_MXWAP,Lithuania,0.00085
2017,EN_RSRV_MXWAP,Lithuania,0.00085
2018,EN_RSRV_MXWAP,Lithuania,0.00085
2019,EN_RSRV_MXWAP,Lithuania,0.00085
2020,EN_RSRV_MXWAP,Lithuania,0.00085
2021,EN_RSRV_MXWAP,Lithuania,0.00085
2022,EN_RSRV_MXWAP,Lithuania,0.00085
2000,EN_RSRV_MXWAP,Luxembourg,0.00035
2001,EN_RSRV_MXWAP,Luxembourg,0.00048
2002,EN_RSRV_MXWAP,Luxembourg,0.00061
2003,EN_RSRV_MXWAP,Luxembourg,0.0006
2004,EN_RSRV_MXWAP,Luxembourg,0.0006
2005,EN_RSRV_MXWAP,Luxembourg,0.00063
2006,EN_RSRV_MXWAP,Luxembourg,0.00063
2007,EN_RSRV_MXWAP,Luxembourg,0.00063
2008,EN_RSRV_MXWAP,Luxembourg,0.00063
2009,EN_RSRV_MXWAP,Luxembourg,0.00063
2010,EN_RSRV_MXWAP,Luxembourg,0.00062
2011,EN_RSRV_MXWAP,Luxembourg,0.00062
2012,EN_RSRV_MXWAP,Luxembourg,0.00062
2013,EN_RSRV_MXWAP,Luxembourg,0.00062
2014,EN_RSRV_MXWAP,Luxembourg,0.00063
2015,EN_RSRV_MXWAP,Luxembourg,0.00063
2016,EN_RSRV_MXWAP,Luxembourg,0.00063
2017,EN_RSRV_MXWAP,Luxembourg,0.00063
2018,EN_RSRV_MXWAP,Luxembourg,0.00063
2019,EN_RSRV_MXWAP,Luxembourg,0.00064
2020,EN_RSRV_MXWAP,Luxembourg,0.00065
2021,EN_RSRV_MXWAP,Luxembourg,0.00065
2022,EN_RSRV_MXWAP,Luxembourg,0.00066
2000,EN_RSRV_MXWAP,Malta,0.0
2001,EN_RSRV_MXWAP,Malta,0.0
2002,EN_RSRV_MXWAP,Malta,0.0
2003,EN_RSRV_MXWAP,Malta,0.0
2004,EN_RSRV_MXWAP,Malta,0.0
2005,EN_RSRV_MXWAP,Malta,0.0
2006,EN_RSRV_MXWAP,Malta,0.0
2007,EN_RSRV_MXWAP,Malta,0.0
2008,EN_RSRV_MXWAP,Malta,0.0
2009,EN_RSRV_MXWAP,Malta,0.0
2010,EN_RSRV_MXWAP,Malta,0.0
2011,EN_RSRV_MXWAP,Malta,0.0
2012,EN_RSRV_MXWAP,Malta,0.0
2013,EN_RSRV_MXWAP,Malta,0.0
2014,EN_RSRV_MXWAP,Malta,0.0
2015,EN_RSRV_MXWAP,Malta,0.0
2016,EN_RSRV_MXWAP,Malta,0.0
2017,EN_RSRV_MXWAP,Malta,0.0
2018,EN_RSRV_MXWAP,Malta,0.0
2019,EN_RSRV_MXWAP,Malta,0.0
2020,EN_RSRV_MXWAP,Malta,0.0
2021,EN_RSRV_MXWAP,Malta,0.0
2022,EN_RSRV_MXWAP,Malta,0.0
2000,EN_RSRV_MXWAP,Mexico,0.00206
2001,EN_RSRV_MXWAP,Mexico,0.00206
2002,EN_RSRV_MXWAP,Mexico,0.00203
2003,EN_RSRV_MXWAP,Mexico,0.00199
2004,EN_RSRV_MXWAP,Mexico,0.00199
2005,EN_RSRV_MXWAP,Mexico,0.00202
2006,EN_RSRV_MXWAP,Mexico,0.00207
2007,EN_RSRV_MXWAP,Mexico,0.00214
2008,EN_RSRV_MXWAP,Mexico,0.00224
2009,EN_RSRV_MXWAP,Mexico,0.00232
2010,EN_RSRV_MXWAP,Mexico,0.00236
2011,EN_RSRV_MXWAP,Mexico,0.0024
2012,EN_RSRV_MXWAP,Mexico,0.00243
2013,EN_RSRV_MXWAP,Mexico,0.0024
2014,EN_RSRV_MXWAP,Mexico,0.00238
2015,EN_RSRV_MXWAP,Mexico,0.00238
2016,EN_RSRV_MXWAP,Mexico,0.00237
2017,EN_RSRV_MXWAP,Mexico,0.00236
2018,EN_RSRV_MXWAP,Mexico,0.0024
2019,EN_RSRV_MXWAP,Mexico,0.00241
2020,EN_RSRV_MXWAP,Mexico,0.00239
2021,EN_RSRV_MXWAP,Mexico,0.00235
2022,EN_RSRV_MXWAP,Mexico,0.0023
2000,EN_RSRV_MXWAP,Republic of Moldova,0.00179
2001,EN_RSRV_MXWAP,Republic of Moldova,0.00178
2002,EN_RSRV_MXWAP,Republic of Moldova,0.00204
2003,EN_RSRV_MXWAP,Republic of Moldova,0.00204
2004,EN_RSRV_MXWAP,Republic of Moldova,0.00205
2005,EN_RSRV_MXWAP,Republic of Moldova,0.00206
2006,EN_RSRV_MXWAP,Republic of Moldova,0.00206
2007,EN_RSRV_MXWAP,Republic of Moldova,0.00207
2008,EN_RSRV_MXWAP,Republic of Moldova,0.00207
2009,EN_RSRV_MXWAP,Republic of Moldova,0.00208
2010,EN_RSRV_MXWAP,Republic of Moldova,0.00208
2011,EN_RSRV_MXWAP,Republic of Moldova,0.00209
2012,EN_RSRV_MXWAP,Republic of Moldova,0.00208
2013,EN_RSRV_MXWAP,Republic of Moldova,0.00207
2014,EN_RSRV_MXWAP,Republic of Moldova,0.00207
2015,EN_RSRV_MXWAP,Republic of Moldova,0.00207
2016,EN_RSRV_MXWAP,Republic of Moldova,0.00204
2017,EN_RSRV_MXWAP,Republic of Moldova,0.00204
2018,EN_RSRV_MXWAP,Republic of Moldova,0.00204
2019,EN_RSRV_MXWAP,Republic of Moldova,0.00204
2020,EN_RSRV_MXWAP,Republic of Moldova,0.00205
2021,EN_RSRV_MXWAP,Republic of Moldova,0.00206
2022,EN_RSRV_MXWAP,Republic of Moldova,0.00207
2006,EN_RSRV_MXWAP,Montenegro,0.00166
2007,EN_RSRV_MXWAP,Montenegro,0.00167
2008,EN_RSRV_MXWAP,Montenegro,0.00168
2009,EN_RSRV_MXWAP,Montenegro,0.00167
2010,EN_RSRV_MXWAP,Montenegro,0.00167
2011,EN_RSRV_MXWAP,Montenegro,0.00167
2012,EN_RSRV_MXWAP,Montenegro,0.00167
2013,EN_RSRV_MXWAP,Montenegro,0.00167
2014,EN_RSRV_MXWAP,Montenegro,0.00169
2015,EN_RSRV_MXWAP,Montenegro,0.00169
2016,EN_RSRV_MXWAP,Montenegro,0.00169
2017,EN_RSRV_MXWAP,Montenegro,0.0017
2018,EN_RSRV_MXWAP,Montenegro,0.0017
2019,EN_RSRV_MXWAP,Montenegro,0.0017
2020,EN_RSRV_MXWAP,Montenegro,0.00171
2021,EN_RSRV_MXWAP,Montenegro,0.00171
2022,EN_RSRV_MXWAP,Montenegro,0.0017
2000,EN_RSRV_MXWAP,New Zealand,0.00086
2001,EN_RSRV_MXWAP,New Zealand,0.00172
2002,EN_RSRV_MXWAP,New Zealand,0.00259
2003,EN_RSRV_MXWAP,New Zealand,0.00345
2004,EN_RSRV_MXWAP,New Zealand,0.00431
2005,EN_RSRV_MXWAP,New Zealand,0.00432
2006,EN_RSRV_MXWAP,New Zealand,0.00433
2007,EN_RSRV_MXWAP,New Zealand,0.00433
2008,EN_RSRV_MXWAP,New Zealand,0.00432
2009,EN_RSRV_MXWAP,New Zealand,0.00432
2010,EN_RSRV_MXWAP,New Zealand,0.00432
2011,EN_RSRV_MXWAP,New Zealand,0.00432
2012,EN_RSRV_MXWAP,New Zealand,0.00432
2013,EN_RSRV_MXWAP,New Zealand,0.00432
2014,EN_RSRV_MXWAP,New Zealand,0.00432
2015,EN_RSRV_MXWAP,New Zealand,0.00432
2016,EN_RSRV_MXWAP,New Zealand,0.00432
2017,EN_RSRV_MXWAP,New Zealand,0.00432
2018,EN_RSRV_MXWAP,New Zealand,0.00432
2019,EN_RSRV_MXWAP,New Zealand,0.00432
2020,EN_RSRV_MXWAP,New Zealand,0.00432
2021,EN_RSRV_MXWAP,New Zealand,0.00432
2022,EN_RSRV_MXWAP,New Zealand,0.00432
2000,EN_RSRV_MXWAP,Norway,0.00225
2001,EN_RSRV_MXWAP,Norway,0.00323
2002,EN_RSRV_MXWAP,Norway,0.00419
2003,EN_RSRV_MXWAP,Norway,0.00485
2004,EN_RSRV_MXWAP,Norway,0.00481
2005,EN_RSRV_MXWAP,Norway,0.00481
2006,EN_RSRV_MXWAP,Norway,0.00481
2007,EN_RSRV_MXWAP,Norway,0.00479
2008,EN_RSRV_MXWAP,Norway,0.00473
2009,EN_RSRV_MXWAP,Norway,0.00462
2010,EN_RSRV_MXWAP,Norway,0.0046
2011,EN_RSRV_MXWAP,Norway,0.00458
2012,EN_RSRV_MXWAP,Norway,0.0046
2013,EN_RSRV_MXWAP,Norway,0.00448
2014,EN_RSRV_MXWAP,Norway,0.00466
2015,EN_RSRV_MXWAP,Norway,0.0047
2016,EN_RSRV_MXWAP,Norway,0.00475
2017,EN_RSRV_MXWAP,Norway,0.00476
2018,EN_RSRV_MXWAP,Norway,0.00494
2019,EN_RSRV_MXWAP,Norway,0.00494
2020,EN_RSRV_MXWAP,Norway,0.00593
2021,EN_RSRV_MXWAP,Norway,0.00595
2022,EN_RSRV_MXWAP,Norway,0.00594
2000,EN_RSRV_MXWAP,Poland,0.00034
2001,EN_RSRV_MXWAP,Poland,0.00054
2002,EN_RSRV_MXWAP,Poland,0.00073
2003,EN_RSRV_MXWAP,Poland,0.00088
2004,EN_RSRV_MXWAP,Poland,0.00096
2005,EN_RSRV_MXWAP,Poland,0.00097
2006,EN_RSRV_MXWAP,Poland,0.00098
2007,EN_RSRV_MXWAP,Poland,0.00098
2008,EN_RSRV_MXWAP,Poland,0.00099
2009,EN_RSRV_MXWAP,Poland,0.001
2010,EN_RSRV_MXWAP,Poland,0.001
2011,EN_RSRV_MXWAP,Poland,0.00101
2012,EN_RSRV_MXWAP,Poland,0.00101
2013,EN_RSRV_MXWAP,Poland,0.00101
2014,EN_RSRV_MXWAP,Poland,0.00101
2015,EN_RSRV_MXWAP,Poland,0.00101
2016,EN_RSRV_MXWAP,Poland,0.00101
2017,EN_RSRV_MXWAP,Poland,0.00102
2018,EN_RSRV_MXWAP,Poland,0.00102
2019,EN_RSRV_MXWAP,Poland,0.00102
2020,EN_RSRV_MXWAP,Poland,0.00102
2021,EN_RSRV_MXWAP,Poland,0.00102
2022,EN_RSRV_MXWAP,Poland,0.00102
2000,EN_RSRV_MXWAP,Portugal,0.00048
2001,EN_RSRV_MXWAP,Portugal,0.001
2002,EN_RSRV_MXWAP,Portugal,0.00164
2003,EN_RSRV_MXWAP,Portugal,0.00227
2004,EN_RSRV_MXWAP,Portugal,0.00304
2005,EN_RSRV_MXWAP,Portugal,0.00349
2006,EN_RSRV_MXWAP,Portugal,0.00378
2007,EN_RSRV_MXWAP,Portugal,0.00399
2008,EN_RSRV_MXWAP,Portugal,0.00434
2009,EN_RSRV_MXWAP,Portugal,0.00445
2010,EN_RSRV_MXWAP,Portugal,0.00447
2011,EN_RSRV_MXWAP,Portugal,0.00468
2012,EN_RSRV_MXWAP,Portugal,0.00485
2013,EN_RSRV_MXWAP,Portugal,0.00478
2014,EN_RSRV_MXWAP,Portugal,0.00492
2015,EN_RSRV_MXWAP,Portugal,0.00501
2016,EN_RSRV_MXWAP,Portugal,0.00502
2017,EN_RSRV_MXWAP,Portugal,0.00502
2018,EN_RSRV_MXWAP,Portugal,0.00508
2019,EN_RSRV_MXWAP,Portugal,0.0051
2020,EN_RSRV_MXWAP,Portugal,0.00506
2021,EN_RSRV_MXWAP,Portugal,0.005
2022,EN_RSRV_MXWAP,Portugal,0.00504
2000,EN_RSRV_MXWAP,Romania,0.00076
2001,EN_RSRV_MXWAP,Romania,0.00096
2002,EN_RSRV_MXWAP,Romania,0.00133
2003,EN_RSRV_MXWAP,Romania,0.00168
2004,EN_RSRV_MXWAP,Romania,0.00203
2005,EN_RSRV_MXWAP,Romania,0.00211
2006,EN_RSRV_MXWAP,Romania,0.00211
2007,EN_RSRV_MXWAP,Romania,0.00212
2008,EN_RSRV_MXWAP,Romania,0.00212
2009,EN_RSRV_MXWAP,Romania,0.00212
2010,EN_RSRV_MXWAP,Romania,0.00211
2011,EN_RSRV_MXWAP,Romania,0.00211
2012,EN_RSRV_MXWAP,Romania,0.0021
2013,EN_RSRV_MXWAP,Romania,0.0021
2014,EN_RSRV_MXWAP,Romania,0.0021
2015,EN_RSRV_MXWAP,Romania,0.00212
2016,EN_RSRV_MXWAP,Romania,0.00211
2017,EN_RSRV_MXWAP,Romania,0.00211
2018,EN_RSRV_MXWAP,Romania,0.00212
2019,EN_RSRV_MXWAP,Romania,0.00211
2020,EN_RSRV_MXWAP,Romania,0.00211
2021,EN_RSRV_MXWAP,Romania,0.00212
2022,EN_RSRV_MXWAP,Romania,0.00212
2006,EN_RSRV_MXWAP,Serbia,0.00178
2007,EN_RSRV_MXWAP,Serbia,0.00179
2008,EN_RSRV_MXWAP,Serbia,0.0018
2009,EN_RSRV_MXWAP,Serbia,0.00179
2010,EN_RSRV_MXWAP,Serbia,0.0018
2011,EN_RSRV_MXWAP,Serbia,0.00182
2012,EN_RSRV_MXWAP,Serbia,0.00182
2013,EN_RSRV_MXWAP,Serbia,0.00182
2014,EN_RSRV_MXWAP,Serbia,0.00182
2015,EN_RSRV_MXWAP,Serbia,0.00182
2016,EN_RSRV_MXWAP,Serbia,0.00183
2017,EN_RSRV_MXWAP,Serbia,0.00183
2018,EN_RSRV_MXWAP,Serbia,0.00184
2019,EN_RSRV_MXWAP,Serbia,0.00185
2020,EN_RSRV_MXWAP,Serbia,0.00185
2021,EN_RSRV_MXWAP,Serbia,0.00186
2022,EN_RSRV_MXWAP,Serbia,0.00185
2000,EN_RSRV_MXWAP,Slovakia,0.00062
2001,EN_RSRV_MXWAP,Slovakia,0.00126
2002,EN_RSRV_MXWAP,Slovakia,0.0019
2003,EN_RSRV_MXWAP,Slovakia,0.00253
2004,EN_RSRV_MXWAP,Slovakia,0.00316
2005,EN_RSRV_MXWAP,Slovakia,0.00319
2006,EN_RSRV_MXWAP,Slovakia,0.00319
2007,EN_RSRV_MXWAP,Slovakia,0.00319
2008,EN_RSRV_MXWAP,Slovakia,0.00319
2009,EN_RSRV_MXWAP,Slovakia,0.0032
2010,EN_RSRV_MXWAP,Slovakia,0.0032
2011,EN_RSRV_MXWAP,Slovakia,0.00319
2012,EN_RSRV_MXWAP,Slovakia,0.00319
2013,EN_RSRV_MXWAP,Slovakia,0.00318
2014,EN_RSRV_MXWAP,Slovakia,0.00319
2015,EN_RSRV_MXWAP,Slovakia,0.00318
2016,EN_RSRV_MXWAP,Slovakia,0.00318
2017,EN_RSRV_MXWAP,Slovakia,0.00318
2018,EN_RSRV_MXWAP,Slovakia,0.00321
2019,EN_RSRV_MXWAP,Slovakia,0.0032
2020,EN_RSRV_MXWAP,Slovakia,0.0032
2021,EN_RSRV_MXWAP,Slovakia,0.00321
2022,EN_RSRV_MXWAP,Slovakia,0.0032
2000,EN_RSRV_MXWAP,Viet Nam,0.00174
2001,EN_RSRV_MXWAP,Viet Nam,0.00192
2002,EN_RSRV_MXWAP,Viet Nam,0.00201
2003,EN_RSRV_MXWAP,Viet Nam,0.00236
2004,EN_RSRV_MXWAP,Viet Nam,0.00294
2005,EN_RSRV_MXWAP,Viet Nam,0.00301
2006,EN_RSRV_MXWAP,Viet Nam,0.00303
2007,EN_RSRV_MXWAP,Viet Nam,0.00311
2008,EN_RSRV_MXWAP,Viet Nam,0.00315
2009,EN_RSRV_MXWAP,Viet Nam,0.00324
2010,EN_RSRV_MXWAP,Viet Nam,0.00342
2011,EN_RSRV_MXWAP,Viet Nam,0.00363
2012,EN_RSRV_MXWAP,Viet Nam,0.0039
2013,EN_RSRV_MXWAP,Viet Nam,0.00416
2014,EN_RSRV_MXWAP,Viet Nam,0.0045
2015,EN_RSRV_MXWAP,Viet Nam,0.00476
2016,EN_RSRV_MXWAP,Viet Nam,0.00502
2017,EN_RSRV_MXWAP,Viet Nam,0.00515
2018,EN_RSRV_MXWAP,Viet Nam,0.00536
2019,EN_RSRV_MXWAP,Viet Nam,0.00544
2020,EN_RSRV_MXWAP,Viet Nam,0.00549
2021,EN_RSRV_MXWAP,Viet Nam,0.00551
2022,EN_RSRV_MXWAP,Viet Nam,0.00555
2000,EN_RSRV_MXWAP,Slovenia,2e-05
2001,EN_RSRV_MXWAP,Slovenia,5e-05
2002,EN_RSRV_MXWAP,Slovenia,7e-05
2003,EN_RSRV_MXWAP,Slovenia,0.0001
2004,EN_RSRV_MXWAP,Slovenia,0.00013
2005,EN_RSRV_MXWAP,Slovenia,0.00013
2006,EN_RSRV_MXWAP,Slovenia,0.00013
2007,EN_RSRV_MXWAP,Slovenia,0.00014
2008,EN_RSRV_MXWAP,Slovenia,0.00014
2009,EN_RSRV_MXWAP,Slovenia,0.00013
2010,EN_RSRV_MXWAP,Slovenia,0.00013
2011,EN_RSRV_MXWAP,Slovenia,0.00014
2012,EN_RSRV_MXWAP,Slovenia,0.00014
2013,EN_RSRV_MXWAP,Slovenia,0.00013
2014,EN_RSRV_MXWAP,Slovenia,0.00014
2015,EN_RSRV_MXWAP,Slovenia,0.00014
2016,EN_RSRV_MXWAP,Slovenia,0.00014
2017,EN_RSRV_MXWAP,Slovenia,0.00014
2018,EN_RSRV_MXWAP,Slovenia,0.00014
2019,EN_RSRV_MXWAP,Slovenia,0.00014
2020,EN_RSRV_MXWAP,Slovenia,0.00014
2021,EN_RSRV_MXWAP,Slovenia,0.00014
2022,EN_RSRV_MXWAP,Slovenia,0.00014
2000,EN_RSRV_MXWAP,Spain,0.00079
2001,EN_RSRV_MXWAP,Spain,0.00142
2002,EN_RSRV_MXWAP,Spain,0.00212
2003,EN_RSRV_MXWAP,Spain,0.00274
2004,EN_RSRV_MXWAP,Spain,0.0034
2005,EN_RSRV_MXWAP,Spain,0.00359
2006,EN_RSRV_MXWAP,Spain,0.00359
2007,EN_RSRV_MXWAP,Spain,0.00347
2008,EN_RSRV_MXWAP,Spain,0.00347
2009,EN_RSRV_MXWAP,Spain,0.00336
2010,EN_RSRV_MXWAP,Spain,0.0033
2011,EN_RSRV_MXWAP,Spain,0.00345
2012,EN_RSRV_MXWAP,Spain,0.00363
2013,EN_RSRV_MXWAP,Spain,0.0037
2014,EN_RSRV_MXWAP,Spain,0.00388
2015,EN_RSRV_MXWAP,Spain,0.00401
2016,EN_RSRV_MXWAP,Spain,0.004
2017,EN_RSRV_MXWAP,Spain,0.00395
2018,EN_RSRV_MXWAP,Spain,0.00392
2019,EN_RSRV_MXWAP,Spain,0.00388
2020,EN_RSRV_MXWAP,Spain,0.00379
2021,EN_RSRV_MXWAP,Spain,0.0037
2016,EN_RSRV_MXWAP,Uzbekistan,0.0007
2017,EN_RSRV_MXWAP,Uzbekistan,0.0007
2018,EN_RSRV_MXWAP,Uzbekistan,0.00071
2019,EN_RSRV_MXWAP,Uzbekistan,0.0007
2020,EN_RSRV_MXWAP,Uzbekistan,0.0007
2021,EN_RSRV_MXWAP,Uzbekistan,0.00071
2022,EN_RSRV_MXWAP,Uzbekistan,0.0007
2002,EN_RSRV_MXWAP,Estonia,0.0
2003,EN_RSRV_MXWAP,Estonia,0.0
2022,EN_RSRV_MXWAP,Spain,0.00365
2022,EN_RSRV_MXWAP,Spain,0.00365
