Year,SeriesCode,GeoAreaName,Value
2000,EN_LKRV_PWAN,Belgium,58.86608
2001,EN_LKRV_PWAN,Belgium,81.23455
2002,EN_LKRV_PWAN,Belgium,102.95984
2003,EN_LKRV_PWAN,Belgium,105.47881
2004,EN_LKRV_PWAN,Belgium,106.69667
2005,EN_LKRV_PWAN,Belgium,112.24911
2006,EN_LKRV_PWAN,Belgium,111.45694
2007,EN_LKRV_PWAN,Belgium,112.32358
2008,EN_LKRV_PWAN,Belgium,111.2491
2009,EN_LKRV_PWAN,Belgium,110.94859
2010,EN_LKRV_PWAN,Belgium,109.55522
2011,EN_LKRV_PWAN,Belgium,110.87442
2012,EN_LKRV_PWAN,Belgium,111.28314
2013,EN_LKRV_PWAN,Belgium,111.97706
2014,EN_LKRV_PWAN,Belgium,113.10928
2015,EN_LKRV_PWAN,Belgium,114.59335
2016,EN_LKRV_PWAN,Belgium,115.13749
2017,EN_LKRV_PWAN,Belgium,115.37588
2018,EN_LKRV_PWAN,Belgium,116.18141
2019,EN_LKRV_PWAN,Belgium,116.33486
2020,EN_LKRV_PWAN,Belgium,116.84438
2021,EN_LKRV_PWAN,Belgium,117.99127
2022,EN_LKRV_PWAN,Belgium,119.49343
2000,EN_LKRV_PWAN,Bosnia and Herzegovina,19.38761
2001,EN_LKRV_PWAN,Bosnia and Herzegovina,37.91617
2002,EN_LKRV_PWAN,Bosnia and Herzegovina,58.35049
2003,EN_LKRV_PWAN,Bosnia and Herzegovina,78.85137
2004,EN_LKRV_PWAN,Bosnia and Herzegovina,96.21938
2005,EN_LKRV_PWAN,Bosnia and Herzegovina,96.10356
2006,EN_LKRV_PWAN,Bosnia and Herzegovina,98.23945
2007,EN_LKRV_PWAN,Bosnia and Herzegovina,98.08088
2008,EN_LKRV_PWAN,Bosnia and Herzegovina,95.76764
2009,EN_LKRV_PWAN,Bosnia and Herzegovina,96.04224
2010,EN_LKRV_PWAN,Bosnia and Herzegovina,95.56122
2011,EN_LKRV_PWAN,Bosnia and Herzegovina,94.15428
2012,EN_LKRV_PWAN,Bosnia and Herzegovina,92.64733
2013,EN_LKRV_PWAN,Bosnia and Herzegovina,92.11201
2014,EN_LKRV_PWAN,Bosnia and Herzegovina,94.11437
2015,EN_LKRV_PWAN,Bosnia and Herzegovina,96.57513
2016,EN_LKRV_PWAN,Bosnia and Herzegovina,97.93719
2017,EN_LKRV_PWAN,Bosnia and Herzegovina,99.82922
2018,EN_LKRV_PWAN,Bosnia and Herzegovina,101.88708
2019,EN_LKRV_PWAN,Bosnia and Herzegovina,102.83415
2020,EN_LKRV_PWAN,Bosnia and Herzegovina,101.07315
2021,EN_LKRV_PWAN,Bosnia and Herzegovina,100.37546
2022,EN_LKRV_PWAN,Bosnia and Herzegovina,98.9633
2000,EN_LKRV_PWAN,Bulgaria,93.85151
2001,EN_LKRV_PWAN,Bulgaria,161.31376
2002,EN_LKRV_PWAN,Bulgaria,240.67757
2003,EN_LKRV_PWAN,Bulgaria,320.11854
2004,EN_LKRV_PWAN,Bulgaria,399.4085
2005,EN_LKRV_PWAN,Bulgaria,399.5464
2006,EN_LKRV_PWAN,Bulgaria,406.37557
2007,EN_LKRV_PWAN,Bulgaria,412.50837
2008,EN_LKRV_PWAN,Bulgaria,413.64414
2009,EN_LKRV_PWAN,Bulgaria,415.41718
2010,EN_LKRV_PWAN,Bulgaria,415.95732
2011,EN_LKRV_PWAN,Bulgaria,416.48172
2012,EN_LKRV_PWAN,Bulgaria,413.33445
2013,EN_LKRV_PWAN,Bulgaria,411.49584
2014,EN_LKRV_PWAN,Bulgaria,415.09475
2015,EN_LKRV_PWAN,Bulgaria,417.58558
2016,EN_LKRV_PWAN,Bulgaria,415.10524
2017,EN_LKRV_PWAN,Bulgaria,419.49325
2018,EN_LKRV_PWAN,Bulgaria,424.88536
2019,EN_LKRV_PWAN,Bulgaria,426.02225
2020,EN_LKRV_PWAN,Bulgaria,422.41678
2021,EN_LKRV_PWAN,Bulgaria,420.04764
2022,EN_LKRV_PWAN,Bulgaria,415.52063
2000,EN_LKRV_PWAN,Canada,907218.8528
2000,EN_LKRV_PWAN,Albania,42.70447
2001,EN_LKRV_PWAN,Albania,87.79145
2002,EN_LKRV_PWAN,Albania,132.53795
2003,EN_LKRV_PWAN,Albania,177.68646
2004,EN_LKRV_PWAN,Albania,221.65252
2005,EN_LKRV_PWAN,Albania,224.26211
2006,EN_LKRV_PWAN,Albania,225.10997
2007,EN_LKRV_PWAN,Albania,226.11698
2008,EN_LKRV_PWAN,Albania,224.14763
2009,EN_LKRV_PWAN,Albania,223.45345
2010,EN_LKRV_PWAN,Albania,223.31096
2011,EN_LKRV_PWAN,Albania,223.34848
2000,EN_LKRV_PWAN,New Zealand,648.20613
2001,EN_LKRV_PWAN,New Zealand,1306.78445
2002,EN_LKRV_PWAN,New Zealand,1965.42249
2003,EN_LKRV_PWAN,New Zealand,2626.96552
2004,EN_LKRV_PWAN,New Zealand,3281.48291
2005,EN_LKRV_PWAN,New Zealand,3305.36091
2006,EN_LKRV_PWAN,New Zealand,3299.89889
2007,EN_LKRV_PWAN,New Zealand,3297.23559
2008,EN_LKRV_PWAN,New Zealand,3279.43349
2009,EN_LKRV_PWAN,New Zealand,3272.89903
2010,EN_LKRV_PWAN,New Zealand,3258.26502
2001,EN_LKRV_PWAN,Canada,906283.37628
2002,EN_LKRV_PWAN,Canada,905922.28424
2003,EN_LKRV_PWAN,Canada,907096.2237
2004,EN_LKRV_PWAN,Canada,908766.756
2005,EN_LKRV_PWAN,Canada,910754.89518
2006,EN_LKRV_PWAN,Canada,912830.38578
2007,EN_LKRV_PWAN,Canada,913917.46662
2008,EN_LKRV_PWAN,Canada,914675.07506
2009,EN_LKRV_PWAN,Canada,914881.11836
2010,EN_LKRV_PWAN,Canada,914837.3238
2011,EN_LKRV_PWAN,Canada,913845.88426
2012,EN_LKRV_PWAN,Canada,913329.38264
2011,EN_LKRV_PWAN,New Zealand,3259.15373
2012,EN_LKRV_PWAN,New Zealand,3269.43648
2013,EN_LKRV_PWAN,New Zealand,3279.92126
2014,EN_LKRV_PWAN,New Zealand,3290.6446
2015,EN_LKRV_PWAN,New Zealand,3295.96453
2016,EN_LKRV_PWAN,New Zealand,3285.49213
2017,EN_LKRV_PWAN,New Zealand,3274.0618
2018,EN_LKRV_PWAN,New Zealand,3272.14683
2019,EN_LKRV_PWAN,New Zealand,3274.17315
2020,EN_LKRV_PWAN,New Zealand,3265.57175
2021,EN_LKRV_PWAN,New Zealand,3285.90861
2022,EN_LKRV_PWAN,New Zealand,3293.8377
2000,EN_LKRV_PWAN,Norway,4961.14653
2001,EN_LKRV_PWAN,Norway,7263.39666
2002,EN_LKRV_PWAN,Norway,9577.47785
2003,EN_LKRV_PWAN,Norway,11452.26382
2004,EN_LKRV_PWAN,Norway,11276.86962
2005,EN_LKRV_PWAN,Norway,11534.55106
2006,EN_LKRV_PWAN,Norway,11573.95566
2007,EN_LKRV_PWAN,Norway,11634.37416
2008,EN_LKRV_PWAN,Norway,11557.3209
2009,EN_LKRV_PWAN,Norway,11446.22236
2010,EN_LKRV_PWAN,Norway,11374.78172
2011,EN_LKRV_PWAN,Norway,11353.10345
2012,EN_LKRV_PWAN,Norway,11327.52172
2013,EN_LKRV_PWAN,Norway,11075.26599
2014,EN_LKRV_PWAN,Norway,11420.047
2015,EN_LKRV_PWAN,Norway,11503.69596
2016,EN_LKRV_PWAN,Norway,11567.99151
2017,EN_LKRV_PWAN,Norway,11588.1423
2018,EN_LKRV_PWAN,Norway,11928.46148
2019,EN_LKRV_PWAN,Norway,11925.88506
2020,EN_LKRV_PWAN,Norway,11907.57496
2021,EN_LKRV_PWAN,Norway,12021.90626
2022,EN_LKRV_PWAN,Norway,12156.66568
2012,EN_LKRV_PWAN,Albania,223.80967
2013,EN_LKRV_PWAN,Albania,226.45137
2014,EN_LKRV_PWAN,Albania,230.77088
2015,EN_LKRV_PWAN,Albania,233.21119
2016,EN_LKRV_PWAN,Albania,234.41855
2017,EN_LKRV_PWAN,Albania,236.13475
2018,EN_LKRV_PWAN,Albania,237.34432
2019,EN_LKRV_PWAN,Albania,237.98207
2020,EN_LKRV_PWAN,Albania,238.22296
2021,EN_LKRV_PWAN,Albania,239.91148
2022,EN_LKRV_PWAN,Albania,240.55544
2000,EN_LKRV_PWAN,Azerbaijan,33750.8857
2001,EN_LKRV_PWAN,Azerbaijan,41438.58993
2002,EN_LKRV_PWAN,Azerbaijan,52466.28408
2003,EN_LKRV_PWAN,Azerbaijan,65847.49527
2004,EN_LKRV_PWAN,Azerbaijan,65177.03245
2005,EN_LKRV_PWAN,Azerbaijan,66675.93329
2006,EN_LKRV_PWAN,Azerbaijan,66499.05832
2007,EN_LKRV_PWAN,Azerbaijan,67025.10206
2008,EN_LKRV_PWAN,Azerbaijan,67404.4815
2009,EN_LKRV_PWAN,Azerbaijan,68082.47292
2010,EN_LKRV_PWAN,Azerbaijan,68129.16364
2011,EN_LKRV_PWAN,Azerbaijan,68274.55706
2000,EN_LKRV_PWAN,Poland,1429.46366
2001,EN_LKRV_PWAN,Poland,2038.88277
2002,EN_LKRV_PWAN,Poland,2648.51882
2003,EN_LKRV_PWAN,Poland,2976.13777
2004,EN_LKRV_PWAN,Poland,3021.84817
2005,EN_LKRV_PWAN,Poland,3045.36088
2006,EN_LKRV_PWAN,Poland,3054.66076
2007,EN_LKRV_PWAN,Poland,3060.98404
2008,EN_LKRV_PWAN,Poland,3069.45891
2009,EN_LKRV_PWAN,Poland,3063.25675
2010,EN_LKRV_PWAN,Poland,3055.46098
2011,EN_LKRV_PWAN,Poland,3058.58255
2012,EN_LKRV_PWAN,Azerbaijan,68170.8134
2013,EN_LKRV_PWAN,Azerbaijan,68172.4815
2014,EN_LKRV_PWAN,Azerbaijan,68673.38762
2015,EN_LKRV_PWAN,Azerbaijan,69317.28375
2016,EN_LKRV_PWAN,Azerbaijan,71379.41748
2017,EN_LKRV_PWAN,Azerbaijan,73392.81533
2018,EN_LKRV_PWAN,Azerbaijan,75315.50222
2019,EN_LKRV_PWAN,Azerbaijan,76877.34677
2020,EN_LKRV_PWAN,Azerbaijan,78423.55258
2021,EN_LKRV_PWAN,Azerbaijan,78404.13954
2022,EN_LKRV_PWAN,Azerbaijan,78372.19016
2012,EN_LKRV_PWAN,Poland,3053.62158
2013,EN_LKRV_PWAN,Poland,3051.11314
2014,EN_LKRV_PWAN,Poland,3066.37847
2015,EN_LKRV_PWAN,Poland,3083.57985
2016,EN_LKRV_PWAN,Poland,3082.21431
2017,EN_LKRV_PWAN,Poland,3094.73219
2018,EN_LKRV_PWAN,Poland,3116.23636
2019,EN_LKRV_PWAN,Poland,3115.53017
2020,EN_LKRV_PWAN,Poland,3105.42836
2021,EN_LKRV_PWAN,Poland,3111.52228
2022,EN_LKRV_PWAN,Poland,3109.09838
2000,EN_LKRV_PWAN,Portugal,28.37742
2001,EN_LKRV_PWAN,Portugal,56.01229
2002,EN_LKRV_PWAN,Portugal,87.86263
2003,EN_LKRV_PWAN,Portugal,118.0472
2004,EN_LKRV_PWAN,Portugal,147.19946
2005,EN_LKRV_PWAN,Portugal,149.92778
2006,EN_LKRV_PWAN,Portugal,148.3804
2007,EN_LKRV_PWAN,Portugal,151.96933
2008,EN_LKRV_PWAN,Portugal,153.63502
2009,EN_LKRV_PWAN,Portugal,160.50753
2010,EN_LKRV_PWAN,Portugal,160.90318
2011,EN_LKRV_PWAN,Portugal,172.60671
2012,EN_LKRV_PWAN,Portugal,173.81637
2013,EN_LKRV_PWAN,Canada,907669.58938
2014,EN_LKRV_PWAN,Canada,908107.64184
2015,EN_LKRV_PWAN,Canada,908801.54396
2016,EN_LKRV_PWAN,Canada,910129.13312
2017,EN_LKRV_PWAN,Canada,910796.72422
2018,EN_LKRV_PWAN,Canada,917167.42594
2019,EN_LKRV_PWAN,Canada,916637.8144
2020,EN_LKRV_PWAN,Canada,915478.30116
2021,EN_LKRV_PWAN,Canada,916011.69368
2022,EN_LKRV_PWAN,Canada,916376.95988
2000,EN_LKRV_PWAN,Chile,5338.73501
2001,EN_LKRV_PWAN,Chile,7428.18784
2000,EN_LKRV_PWAN,Australia,5772.87783
2001,EN_LKRV_PWAN,Australia,5979.12341
2002,EN_LKRV_PWAN,Australia,6272.76334
2003,EN_LKRV_PWAN,Australia,6043.64844
2004,EN_LKRV_PWAN,Australia,5793.16806
2005,EN_LKRV_PWAN,Australia,5471.47505
2006,EN_LKRV_PWAN,Australia,5012.76411
2007,EN_LKRV_PWAN,Australia,4473.99749
2008,EN_LKRV_PWAN,Australia,4344.93122
2009,EN_LKRV_PWAN,Australia,4398.85139
2010,EN_LKRV_PWAN,Australia,4306.48271
2011,EN_LKRV_PWAN,Australia,4432.44945
2012,EN_LKRV_PWAN,Australia,5205.14423
2013,EN_LKRV_PWAN,Australia,5838.91048
2014,EN_LKRV_PWAN,Australia,6017.26617
2015,EN_LKRV_PWAN,Australia,6117.99056
2016,EN_LKRV_PWAN,Australia,5912.58163
2017,EN_LKRV_PWAN,Australia,5100.28123
2018,EN_LKRV_PWAN,Australia,4765.4342
2019,EN_LKRV_PWAN,Australia,4617.57159
2020,EN_LKRV_PWAN,Australia,4403.47562
2021,EN_LKRV_PWAN,Australia,4399.36508
2022,EN_LKRV_PWAN,Australia,4467.45523
2000,EN_LKRV_PWAN,Austria,181.23084
2002,EN_LKRV_PWAN,Chile,9530.56096
2003,EN_LKRV_PWAN,Chile,10965.81901
2004,EN_LKRV_PWAN,Chile,10984.92025
2005,EN_LKRV_PWAN,Chile,11027.19455
2006,EN_LKRV_PWAN,Chile,11088.63118
2007,EN_LKRV_PWAN,Chile,11113.3767
2008,EN_LKRV_PWAN,Chile,11134.45811
2009,EN_LKRV_PWAN,Chile,11146.49684
2010,EN_LKRV_PWAN,Chile,11094.17242
2011,EN_LKRV_PWAN,Chile,11063.12061
2012,EN_LKRV_PWAN,Chile,11035.3367
2013,EN_LKRV_PWAN,Chile,10996.31298
2001,EN_LKRV_PWAN,Austria,289.90456
2002,EN_LKRV_PWAN,Austria,399.25094
2003,EN_LKRV_PWAN,Austria,483.01363
2004,EN_LKRV_PWAN,Austria,543.61406
2005,EN_LKRV_PWAN,Austria,545.62276
2006,EN_LKRV_PWAN,Austria,546.86407
2007,EN_LKRV_PWAN,Austria,547.93141
2008,EN_LKRV_PWAN,Austria,546.43446
2009,EN_LKRV_PWAN,Austria,545.49863
2010,EN_LKRV_PWAN,Austria,545.46297
2011,EN_LKRV_PWAN,Austria,545.90367
2012,EN_LKRV_PWAN,Austria,544.87838
2013,EN_LKRV_PWAN,Portugal,171.4741
2014,EN_LKRV_PWAN,Portugal,171.84414
2015,EN_LKRV_PWAN,Portugal,181.08169
2016,EN_LKRV_PWAN,Portugal,178.6421
2017,EN_LKRV_PWAN,Portugal,181.36878
2018,EN_LKRV_PWAN,Portugal,187.97947
2019,EN_LKRV_PWAN,Portugal,189.97308
2020,EN_LKRV_PWAN,Portugal,185.73993
2021,EN_LKRV_PWAN,Portugal,188.35917
2022,EN_LKRV_PWAN,Portugal,187.41361
2000,EN_LKRV_PWAN,Romania,1052.7566
2001,EN_LKRV_PWAN,Romania,1122.67588
2013,EN_LKRV_PWAN,Austria,545.65116
2014,EN_LKRV_PWAN,Austria,549.11144
2015,EN_LKRV_PWAN,Austria,549.92353
2016,EN_LKRV_PWAN,Austria,549.86181
2017,EN_LKRV_PWAN,Austria,551.90276
2018,EN_LKRV_PWAN,Austria,554.45053
2019,EN_LKRV_PWAN,Austria,554.28878
2020,EN_LKRV_PWAN,Austria,553.50946
2021,EN_LKRV_PWAN,Austria,554.82146
2022,EN_LKRV_PWAN,Austria,554.32125
2000,EN_LKRV_PWAN,Armenia,769.7361
2001,EN_LKRV_PWAN,Armenia,772.39883
2014,EN_LKRV_PWAN,Chile,11001.46534
2015,EN_LKRV_PWAN,Chile,11034.07822
2016,EN_LKRV_PWAN,Chile,11035.32672
2017,EN_LKRV_PWAN,Chile,11035.1613
2018,EN_LKRV_PWAN,Chile,11073.24161
2019,EN_LKRV_PWAN,Chile,11079.84501
2020,EN_LKRV_PWAN,Chile,11102.13981
2021,EN_LKRV_PWAN,Chile,11188.30411
2022,EN_LKRV_PWAN,Chile,11250.88715
2000,EN_LKRV_PWAN,China,66738.01155
2001,EN_LKRV_PWAN,China,70140.92744
2002,EN_LKRV_PWAN,China,71243.94903
2002,EN_LKRV_PWAN,Romania,1226.58468
2003,EN_LKRV_PWAN,Romania,1316.29142
2004,EN_LKRV_PWAN,Romania,1613.68477
2005,EN_LKRV_PWAN,Romania,1606.83046
2006,EN_LKRV_PWAN,Romania,1619.92627
2007,EN_LKRV_PWAN,Romania,1652.33087
2008,EN_LKRV_PWAN,Romania,1660.05831
2009,EN_LKRV_PWAN,Romania,1671.55919
2010,EN_LKRV_PWAN,Romania,1674.65299
2011,EN_LKRV_PWAN,Romania,1677.4307
2012,EN_LKRV_PWAN,Romania,1647.53729
2013,EN_LKRV_PWAN,Romania,1626.79792
2002,EN_LKRV_PWAN,Armenia,1028.17439
2003,EN_LKRV_PWAN,Armenia,1285.84503
2004,EN_LKRV_PWAN,Armenia,1286.46526
2005,EN_LKRV_PWAN,Armenia,1288.28923
2006,EN_LKRV_PWAN,Armenia,1292.44943
2007,EN_LKRV_PWAN,Armenia,1297.31389
2008,EN_LKRV_PWAN,Armenia,1301.12766
2009,EN_LKRV_PWAN,Armenia,1302.93666
2010,EN_LKRV_PWAN,Armenia,1305.16281
2011,EN_LKRV_PWAN,Armenia,1307.14572
2012,EN_LKRV_PWAN,Armenia,1310.06127
2013,EN_LKRV_PWAN,Armenia,1310.43014
2003,EN_LKRV_PWAN,China,81607.92947
2004,EN_LKRV_PWAN,China,88647.77983
2005,EN_LKRV_PWAN,China,89341.10175
2006,EN_LKRV_PWAN,China,90198.84233
2007,EN_LKRV_PWAN,China,91443.4189
2008,EN_LKRV_PWAN,China,92511.67046
2009,EN_LKRV_PWAN,China,92359.4176
2010,EN_LKRV_PWAN,China,92631.10064
2011,EN_LKRV_PWAN,China,93305.9529
2012,EN_LKRV_PWAN,China,93686.04014
2013,EN_LKRV_PWAN,China,94647.95952
2014,EN_LKRV_PWAN,China,95645.90752
2015,EN_LKRV_PWAN,China,96144.93371
2016,EN_LKRV_PWAN,China,96648.57026
2017,EN_LKRV_PWAN,China,97526.27681
2018,EN_LKRV_PWAN,China,98291.68021
2019,EN_LKRV_PWAN,China,98908.38541
2020,EN_LKRV_PWAN,China,99981.46076
2021,EN_LKRV_PWAN,China,100938.69187
2022,EN_LKRV_PWAN,China,101750.70165
2000,EN_LKRV_PWAN,Colombia,6446.86707
2001,EN_LKRV_PWAN,Colombia,7618.18731
2002,EN_LKRV_PWAN,Colombia,7501.87576
2003,EN_LKRV_PWAN,Colombia,7572.47358
2004,EN_LKRV_PWAN,Colombia,7578.57997
2005,EN_LKRV_PWAN,Colombia,7443.2591
2006,EN_LKRV_PWAN,Colombia,7340.59407
2007,EN_LKRV_PWAN,Colombia,7607.18522
2008,EN_LKRV_PWAN,Colombia,7834.99324
2009,EN_LKRV_PWAN,Colombia,8126.55421
2010,EN_LKRV_PWAN,Colombia,8312.55407
2011,EN_LKRV_PWAN,Colombia,8313.20795
2012,EN_LKRV_PWAN,Colombia,8410.30265
2013,EN_LKRV_PWAN,Colombia,8469.23279
2014,EN_LKRV_PWAN,Colombia,8334.73649
2015,EN_LKRV_PWAN,Colombia,8084.70984
2016,EN_LKRV_PWAN,Colombia,7875.01331
2017,EN_LKRV_PWAN,Colombia,7330.3845
2018,EN_LKRV_PWAN,Colombia,7082.09018
2019,EN_LKRV_PWAN,Colombia,7053.163
2020,EN_LKRV_PWAN,Colombia,6977.45049
2021,EN_LKRV_PWAN,Colombia,6910.39499
2022,EN_LKRV_PWAN,Colombia,7157.32303
2000,EN_LKRV_PWAN,Costa Rica,42.01426
2001,EN_LKRV_PWAN,Costa Rica,51.89949
2002,EN_LKRV_PWAN,Costa Rica,51.03698
2003,EN_LKRV_PWAN,Costa Rica,50.31037
2004,EN_LKRV_PWAN,Costa Rica,48.14461
2014,EN_LKRV_PWAN,Romania,1634.64545
2015,EN_LKRV_PWAN,Romania,1646.29218
2016,EN_LKRV_PWAN,Romania,1637.25045
2017,EN_LKRV_PWAN,Romania,1645.44333
2018,EN_LKRV_PWAN,Romania,1674.48088
2019,EN_LKRV_PWAN,Romania,1679.03766
2020,EN_LKRV_PWAN,Romania,1674.71252
2021,EN_LKRV_PWAN,Romania,1679.76159
2022,EN_LKRV_PWAN,Romania,1679.23789
2000,EN_LKRV_PWAN,Serbia,77.17748
2001,EN_LKRV_PWAN,Serbia,158.20199
2002,EN_LKRV_PWAN,Serbia,243.15899
2005,EN_LKRV_PWAN,Costa Rica,45.1543
2006,EN_LKRV_PWAN,Costa Rica,44.40138
2007,EN_LKRV_PWAN,Costa Rica,42.7047
2008,EN_LKRV_PWAN,Costa Rica,41.40694
2009,EN_LKRV_PWAN,Costa Rica,41.94253
2010,EN_LKRV_PWAN,Costa Rica,42.32652
2011,EN_LKRV_PWAN,Costa Rica,41.64142
2012,EN_LKRV_PWAN,Costa Rica,42.05161
2013,EN_LKRV_PWAN,Costa Rica,42.17418
2014,EN_LKRV_PWAN,Costa Rica,42.16126
2015,EN_LKRV_PWAN,Costa Rica,42.95887
2016,EN_LKRV_PWAN,Costa Rica,41.4589
2017,EN_LKRV_PWAN,Costa Rica,40.4798
2018,EN_LKRV_PWAN,Costa Rica,40.37571
2019,EN_LKRV_PWAN,Costa Rica,40.57967
2020,EN_LKRV_PWAN,Costa Rica,40.89883
2021,EN_LKRV_PWAN,Costa Rica,42.75667
2022,EN_LKRV_PWAN,Costa Rica,44.87205
2000,EN_LKRV_PWAN,Croatia,44.36635
2001,EN_LKRV_PWAN,Croatia,85.23859
2002,EN_LKRV_PWAN,Croatia,129.35886
2003,EN_LKRV_PWAN,Croatia,174.67184
2004,EN_LKRV_PWAN,Croatia,212.88938
2005,EN_LKRV_PWAN,Croatia,212.2641
2003,EN_LKRV_PWAN,Serbia,325.79692
2004,EN_LKRV_PWAN,Serbia,405.78866
2005,EN_LKRV_PWAN,Serbia,411.63119
2006,EN_LKRV_PWAN,Serbia,414.43095
2007,EN_LKRV_PWAN,Serbia,412.83906
2008,EN_LKRV_PWAN,Serbia,411.67583
2009,EN_LKRV_PWAN,Serbia,413.0459
2010,EN_LKRV_PWAN,Serbia,413.34032
2011,EN_LKRV_PWAN,Serbia,415.09506
2012,EN_LKRV_PWAN,Serbia,416.48993
2013,EN_LKRV_PWAN,Serbia,415.95971
2014,EN_LKRV_PWAN,Serbia,420.44599
2006,EN_LKRV_PWAN,Croatia,216.1327
2007,EN_LKRV_PWAN,Croatia,216.43909
2008,EN_LKRV_PWAN,Croatia,212.42972
2009,EN_LKRV_PWAN,Croatia,214.98108
2010,EN_LKRV_PWAN,Croatia,212.41987
2011,EN_LKRV_PWAN,Croatia,210.17045
2012,EN_LKRV_PWAN,Croatia,206.59216
2013,EN_LKRV_PWAN,Croatia,204.96126
2014,EN_LKRV_PWAN,Croatia,208.16403
2015,EN_LKRV_PWAN,Croatia,213.26686
2016,EN_LKRV_PWAN,Croatia,215.75754
2017,EN_LKRV_PWAN,Croatia,220.8182
2015,EN_LKRV_PWAN,Serbia,424.5306
2016,EN_LKRV_PWAN,Serbia,424.85801
2017,EN_LKRV_PWAN,Serbia,425.48646
2018,EN_LKRV_PWAN,Serbia,427.86168
2019,EN_LKRV_PWAN,Serbia,425.37124
2020,EN_LKRV_PWAN,Serbia,420.87298
2021,EN_LKRV_PWAN,Serbia,420.24402
2022,EN_LKRV_PWAN,Serbia,417.66787
2000,EN_LKRV_PWAN,Slovakia,18.66914
2001,EN_LKRV_PWAN,Slovakia,38.46699
2002,EN_LKRV_PWAN,Slovakia,58.32976
2003,EN_LKRV_PWAN,Slovakia,76.69178
2018,EN_LKRV_PWAN,Croatia,225.37616
2019,EN_LKRV_PWAN,Croatia,225.97564
2020,EN_LKRV_PWAN,Croatia,223.97058
2021,EN_LKRV_PWAN,Croatia,223.59722
2022,EN_LKRV_PWAN,Croatia,222.41657
2000,EN_LKRV_PWAN,Cyprus,1.67092
2001,EN_LKRV_PWAN,Cyprus,2.52245
2002,EN_LKRV_PWAN,Cyprus,3.42283
2003,EN_LKRV_PWAN,Cyprus,4.6167
2004,EN_LKRV_PWAN,Cyprus,5.40934
2005,EN_LKRV_PWAN,Cyprus,6.0037
2006,EN_LKRV_PWAN,Cyprus,6.7583
2004,EN_LKRV_PWAN,Slovakia,95.96161
2005,EN_LKRV_PWAN,Slovakia,97.59182
2006,EN_LKRV_PWAN,Slovakia,98.38383
2007,EN_LKRV_PWAN,Slovakia,99.21141
2008,EN_LKRV_PWAN,Slovakia,100.23897
2009,EN_LKRV_PWAN,Slovakia,100.6202
2010,EN_LKRV_PWAN,Slovakia,100.43183
2011,EN_LKRV_PWAN,Slovakia,100.62164
2012,EN_LKRV_PWAN,Slovakia,100.1729
2013,EN_LKRV_PWAN,Slovakia,99.75173
2014,EN_LKRV_PWAN,Slovakia,100.84868
2015,EN_LKRV_PWAN,Slovakia,101.62582
2007,EN_LKRV_PWAN,Cyprus,7.18634
2008,EN_LKRV_PWAN,Cyprus,7.14106
2009,EN_LKRV_PWAN,Cyprus,6.53693
2010,EN_LKRV_PWAN,Cyprus,6.02812
2011,EN_LKRV_PWAN,Cyprus,5.65913
2012,EN_LKRV_PWAN,Cyprus,5.84744
2013,EN_LKRV_PWAN,Cyprus,6.33345
2014,EN_LKRV_PWAN,Cyprus,7.19256
2015,EN_LKRV_PWAN,Cyprus,7.38903
2016,EN_LKRV_PWAN,Cyprus,7.77088
2017,EN_LKRV_PWAN,Cyprus,7.59502
2018,EN_LKRV_PWAN,Cyprus,7.22155
2016,EN_LKRV_PWAN,Slovakia,101.57497
2017,EN_LKRV_PWAN,Slovakia,102.62551
2018,EN_LKRV_PWAN,Slovakia,104.5212
2019,EN_LKRV_PWAN,Slovakia,104.68774
2020,EN_LKRV_PWAN,Slovakia,104.67601
2021,EN_LKRV_PWAN,Slovakia,105.402
2022,EN_LKRV_PWAN,Slovakia,105.51653
2000,EN_LKRV_PWAN,Viet Nam,1263.81615
2001,EN_LKRV_PWAN,Viet Nam,1421.51958
2002,EN_LKRV_PWAN,Viet Nam,1438.01809
2003,EN_LKRV_PWAN,Viet Nam,1754.39895
2004,EN_LKRV_PWAN,Viet Nam,2242.57689
2019,EN_LKRV_PWAN,Cyprus,6.72055
2020,EN_LKRV_PWAN,Cyprus,7.18383
2021,EN_LKRV_PWAN,Cyprus,7.53423
2022,EN_LKRV_PWAN,Cyprus,7.97338
2000,EN_LKRV_PWAN,Czechia,91.79015
2001,EN_LKRV_PWAN,Czechia,150.9689
2002,EN_LKRV_PWAN,Czechia,215.21729
2003,EN_LKRV_PWAN,Czechia,273.67527
2004,EN_LKRV_PWAN,Czechia,312.98815
2005,EN_LKRV_PWAN,Czechia,318.5327
2006,EN_LKRV_PWAN,Czechia,327.31723
2007,EN_LKRV_PWAN,Czechia,332.01331
2008,EN_LKRV_PWAN,Czechia,330.60282
2009,EN_LKRV_PWAN,Czechia,333.66373
2010,EN_LKRV_PWAN,Czechia,334.87342
2011,EN_LKRV_PWAN,Czechia,337.10461
2012,EN_LKRV_PWAN,Czechia,335.44014
2013,EN_LKRV_PWAN,Czechia,337.4186
2014,EN_LKRV_PWAN,Czechia,341.24555
2015,EN_LKRV_PWAN,Czechia,340.94165
2016,EN_LKRV_PWAN,Czechia,340.37086
2017,EN_LKRV_PWAN,Czechia,345.22004
2018,EN_LKRV_PWAN,Czechia,353.00982
2019,EN_LKRV_PWAN,Czechia,353.90828
2005,EN_LKRV_PWAN,Viet Nam,2455.30229
2006,EN_LKRV_PWAN,Viet Nam,2564.09254
2007,EN_LKRV_PWAN,Viet Nam,2723.23384
2008,EN_LKRV_PWAN,Viet Nam,2853.70663
2009,EN_LKRV_PWAN,Viet Nam,2889.87126
2010,EN_LKRV_PWAN,Viet Nam,2842.81801
2011,EN_LKRV_PWAN,Viet Nam,2877.27778
2012,EN_LKRV_PWAN,Viet Nam,2906.71543
2013,EN_LKRV_PWAN,Viet Nam,2883.24938
2014,EN_LKRV_PWAN,Viet Nam,2822.04374
2015,EN_LKRV_PWAN,Viet Nam,2800.9106
2016,EN_LKRV_PWAN,Viet Nam,2669.93908
2020,EN_LKRV_PWAN,Czechia,356.46907
2021,EN_LKRV_PWAN,Czechia,359.12813
2022,EN_LKRV_PWAN,Czechia,358.69117
2000,EN_LKRV_PWAN,Denmark,193.71833
2001,EN_LKRV_PWAN,Denmark,272.97126
2002,EN_LKRV_PWAN,Denmark,350.92904
2003,EN_LKRV_PWAN,Denmark,392.62703
2004,EN_LKRV_PWAN,Denmark,393.73498
2005,EN_LKRV_PWAN,Denmark,398.50959
2006,EN_LKRV_PWAN,Denmark,401.08645
2007,EN_LKRV_PWAN,Denmark,405.22895
2008,EN_LKRV_PWAN,Denmark,409.57232
2009,EN_LKRV_PWAN,Denmark,410.49517
2010,EN_LKRV_PWAN,Denmark,411.17777
2011,EN_LKRV_PWAN,Denmark,412.92193
2012,EN_LKRV_PWAN,Denmark,414.35229
2013,EN_LKRV_PWAN,Denmark,414.47252
2014,EN_LKRV_PWAN,Denmark,419.5531
2015,EN_LKRV_PWAN,Denmark,423.98694
2016,EN_LKRV_PWAN,Denmark,427.55167
2017,EN_LKRV_PWAN,Denmark,430.02153
2018,EN_LKRV_PWAN,Denmark,432.32587
2019,EN_LKRV_PWAN,Denmark,431.26827
2020,EN_LKRV_PWAN,Denmark,430.1451
2017,EN_LKRV_PWAN,Viet Nam,2580.66552
2018,EN_LKRV_PWAN,Viet Nam,2528.14071
2019,EN_LKRV_PWAN,Viet Nam,2499.91726
2020,EN_LKRV_PWAN,Viet Nam,2462.2169
2021,EN_LKRV_PWAN,Viet Nam,2571.05842
2022,EN_LKRV_PWAN,Viet Nam,2621.75595
2000,EN_LKRV_PWAN,Slovenia,6.28552
2001,EN_LKRV_PWAN,Slovenia,12.59334
2002,EN_LKRV_PWAN,Slovenia,19.64644
2003,EN_LKRV_PWAN,Slovenia,26.7271
2004,EN_LKRV_PWAN,Slovenia,33.09701
2005,EN_LKRV_PWAN,Slovenia,34.27456
2021,EN_LKRV_PWAN,Denmark,431.72364
2022,EN_LKRV_PWAN,Denmark,433.28419
2000,EN_LKRV_PWAN,Estonia,1093.25799
2001,EN_LKRV_PWAN,Estonia,1498.5887
2002,EN_LKRV_PWAN,Estonia,1901.97815
2003,EN_LKRV_PWAN,Estonia,2020.85876
2004,EN_LKRV_PWAN,Estonia,2019.83939
2005,EN_LKRV_PWAN,Estonia,2021.80085
2006,EN_LKRV_PWAN,Estonia,2021.34394
2007,EN_LKRV_PWAN,Estonia,2021.75197
2008,EN_LKRV_PWAN,Estonia,2023.12355
2009,EN_LKRV_PWAN,Estonia,2022.19374
2010,EN_LKRV_PWAN,Estonia,2019.73735
2011,EN_LKRV_PWAN,Estonia,2017.85163
2012,EN_LKRV_PWAN,Estonia,2016.26871
2013,EN_LKRV_PWAN,Estonia,2015.42659
2014,EN_LKRV_PWAN,Estonia,2014.30967
2015,EN_LKRV_PWAN,Estonia,2013.82548
2016,EN_LKRV_PWAN,Estonia,2014.53473
2017,EN_LKRV_PWAN,Estonia,2016.31187
2018,EN_LKRV_PWAN,Estonia,2017.90334
2019,EN_LKRV_PWAN,Estonia,2018.0378
2020,EN_LKRV_PWAN,Estonia,2017.2145
2021,EN_LKRV_PWAN,Estonia,2017.69714
2006,EN_LKRV_PWAN,Slovenia,35.36964
2007,EN_LKRV_PWAN,Slovenia,35.80876
2008,EN_LKRV_PWAN,Slovenia,35.58477
2009,EN_LKRV_PWAN,Slovenia,36.35248
2010,EN_LKRV_PWAN,Slovenia,36.26441
2011,EN_LKRV_PWAN,Slovenia,36.33739
2012,EN_LKRV_PWAN,Slovenia,36.03127
2013,EN_LKRV_PWAN,Slovenia,35.99205
2014,EN_LKRV_PWAN,Slovenia,36.66826
2015,EN_LKRV_PWAN,Slovenia,37.51988
2016,EN_LKRV_PWAN,Slovenia,38.06434
2017,EN_LKRV_PWAN,Slovenia,38.94174
2018,EN_LKRV_PWAN,Slovenia,40.33412
2019,EN_LKRV_PWAN,Slovenia,40.48676
2020,EN_LKRV_PWAN,Slovenia,40.78632
2021,EN_LKRV_PWAN,Slovenia,41.55753
2022,EN_LKRV_PWAN,Slovenia,41.79395
2000,EN_LKRV_PWAN,Spain,180.93347
2001,EN_LKRV_PWAN,Spain,253.15348
2002,EN_LKRV_PWAN,Spain,343.59049
2003,EN_LKRV_PWAN,Spain,421.93432
2004,EN_LKRV_PWAN,Spain,520.86904
2005,EN_LKRV_PWAN,Spain,533.09709
2006,EN_LKRV_PWAN,Spain,536.11564
2022,EN_LKRV_PWAN,Estonia,2017.70609
2000,EN_LKRV_PWAN,Finland,9280.52009
2001,EN_LKRV_PWAN,Finland,13659.40871
2002,EN_LKRV_PWAN,Finland,17991.86735
2003,EN_LKRV_PWAN,Finland,21806.30982
2004,EN_LKRV_PWAN,Finland,21136.91666
2005,EN_LKRV_PWAN,Finland,21238.06544
2006,EN_LKRV_PWAN,Finland,21292.13722
2007,EN_LKRV_PWAN,Finland,21399.92621
2008,EN_LKRV_PWAN,Finland,21439.93998
2009,EN_LKRV_PWAN,Finland,21738.12087
2010,EN_LKRV_PWAN,Finland,21696.27088
2007,EN_LKRV_PWAN,Spain,535.67218
2008,EN_LKRV_PWAN,Spain,542.89133
2009,EN_LKRV_PWAN,Spain,545.14154
2010,EN_LKRV_PWAN,Spain,540.71152
2011,EN_LKRV_PWAN,Spain,562.22853
2012,EN_LKRV_PWAN,Spain,581.74675
2013,EN_LKRV_PWAN,Spain,578.25027
2014,EN_LKRV_PWAN,Spain,602.53388
2015,EN_LKRV_PWAN,Spain,627.07537
2016,EN_LKRV_PWAN,Spain,619.29663
2017,EN_LKRV_PWAN,Spain,612.77553
2018,EN_LKRV_PWAN,Spain,618.67362
2011,EN_LKRV_PWAN,Finland,21622.71596
2012,EN_LKRV_PWAN,Finland,21591.81826
2013,EN_LKRV_PWAN,Finland,21547.51578
2014,EN_LKRV_PWAN,Finland,21979.30359
2015,EN_LKRV_PWAN,Finland,22053.28009
2016,EN_LKRV_PWAN,Finland,22150.41038
2017,EN_LKRV_PWAN,Finland,22216.78279
2018,EN_LKRV_PWAN,Finland,22336.4214
2019,EN_LKRV_PWAN,Finland,22366.49391
2020,EN_LKRV_PWAN,Finland,22358.17224
2021,EN_LKRV_PWAN,Finland,22386.54653
2022,EN_LKRV_PWAN,Finland,22408.10738
2000,EN_LKRV_PWAN,France,547.62905
2001,EN_LKRV_PWAN,France,1021.65816
2002,EN_LKRV_PWAN,France,1493.26187
2003,EN_LKRV_PWAN,France,1942.49897
2004,EN_LKRV_PWAN,France,2371.58794
2005,EN_LKRV_PWAN,France,2397.37977
2006,EN_LKRV_PWAN,France,2404.68485
2007,EN_LKRV_PWAN,France,2413.99114
2008,EN_LKRV_PWAN,France,2420.5456
2009,EN_LKRV_PWAN,France,2424.24301
2010,EN_LKRV_PWAN,France,2417.69877
2011,EN_LKRV_PWAN,France,2427.65723
2019,EN_LKRV_PWAN,Spain,604.99674
2020,EN_LKRV_PWAN,Spain,589.08203
2021,EN_LKRV_PWAN,Spain,593.83906
2022,EN_LKRV_PWAN,Spain,594.41992
2000,EN_LKRV_PWAN,Switzerland,519.61348
2001,EN_LKRV_PWAN,Switzerland,776.94128
2002,EN_LKRV_PWAN,Switzerland,1034.31214
2003,EN_LKRV_PWAN,Switzerland,1202.71742
2004,EN_LKRV_PWAN,Switzerland,1287.87093
2005,EN_LKRV_PWAN,Switzerland,1288.65812
2006,EN_LKRV_PWAN,Switzerland,1289.11096
2007,EN_LKRV_PWAN,Switzerland,1289.65769
2012,EN_LKRV_PWAN,France,2425.96586
2013,EN_LKRV_PWAN,France,2415.20961
2014,EN_LKRV_PWAN,France,2441.7901
2015,EN_LKRV_PWAN,France,2470.99414
2016,EN_LKRV_PWAN,France,2488.76206
2017,EN_LKRV_PWAN,France,2522.43308
2018,EN_LKRV_PWAN,France,2532.23518
2019,EN_LKRV_PWAN,France,2536.95309
2020,EN_LKRV_PWAN,France,2521.59906
2021,EN_LKRV_PWAN,France,2531.71521
2022,EN_LKRV_PWAN,France,2535.61613
2000,EN_LKRV_PWAN,Georgia,90.87064
2001,EN_LKRV_PWAN,Georgia,128.57429
2002,EN_LKRV_PWAN,Georgia,171.64902
2003,EN_LKRV_PWAN,Georgia,215.73114
2004,EN_LKRV_PWAN,Georgia,218.54286
2005,EN_LKRV_PWAN,Georgia,219.95785
2006,EN_LKRV_PWAN,Georgia,223.6374
2007,EN_LKRV_PWAN,Georgia,225.26315
2008,EN_LKRV_PWAN,Georgia,225.21363
2009,EN_LKRV_PWAN,Georgia,223.79304
2010,EN_LKRV_PWAN,Georgia,224.54733
2011,EN_LKRV_PWAN,Georgia,222.29048
2012,EN_LKRV_PWAN,Georgia,224.57085
2008,EN_LKRV_PWAN,Switzerland,1288.63296
2009,EN_LKRV_PWAN,Switzerland,1287.80033
2010,EN_LKRV_PWAN,Switzerland,1287.42245
2011,EN_LKRV_PWAN,Switzerland,1287.72615
2012,EN_LKRV_PWAN,Switzerland,1287.26906
2013,EN_LKRV_PWAN,Switzerland,1287.887
2014,EN_LKRV_PWAN,Switzerland,1289.38226
2015,EN_LKRV_PWAN,Switzerland,1289.57715
2016,EN_LKRV_PWAN,Switzerland,1289.27663
2017,EN_LKRV_PWAN,Switzerland,1290.39467
2018,EN_LKRV_PWAN,Switzerland,1290.47721
2019,EN_LKRV_PWAN,Switzerland,1290.11263
2020,EN_LKRV_PWAN,Switzerland,1290.22773
2021,EN_LKRV_PWAN,Switzerland,1291.59
2022,EN_LKRV_PWAN,Switzerland,1292.35342
2000,EN_LKRV_PWAN,Tajikistan,876.63417
2001,EN_LKRV_PWAN,Tajikistan,996.85563
2002,EN_LKRV_PWAN,Tajikistan,1000.54704
2003,EN_LKRV_PWAN,Tajikistan,1156.38629
2004,EN_LKRV_PWAN,Tajikistan,1156.04272
2005,EN_LKRV_PWAN,Tajikistan,1149.12438
2006,EN_LKRV_PWAN,Tajikistan,1156.13364
2007,EN_LKRV_PWAN,Tajikistan,1161.54617
2013,EN_LKRV_PWAN,Georgia,223.40091
2014,EN_LKRV_PWAN,Georgia,226.05913
2015,EN_LKRV_PWAN,Georgia,225.54696
2016,EN_LKRV_PWAN,Georgia,225.83942
2017,EN_LKRV_PWAN,Georgia,226.44351
2018,EN_LKRV_PWAN,Georgia,230.54336
2019,EN_LKRV_PWAN,Georgia,229.27492
2020,EN_LKRV_PWAN,Georgia,230.55048
2021,EN_LKRV_PWAN,Georgia,233.75687
2022,EN_LKRV_PWAN,Georgia,231.19461
2000,EN_LKRV_PWAN,Germany,1660.23088
2001,EN_LKRV_PWAN,Germany,2284.75393
2008,EN_LKRV_PWAN,Tajikistan,1164.87211
2009,EN_LKRV_PWAN,Tajikistan,1158.54774
2010,EN_LKRV_PWAN,Tajikistan,1154.99174
2011,EN_LKRV_PWAN,Tajikistan,1157.05365
2012,EN_LKRV_PWAN,Tajikistan,1154.02074
2013,EN_LKRV_PWAN,Tajikistan,1154.59214
2014,EN_LKRV_PWAN,Tajikistan,1155.44368
2015,EN_LKRV_PWAN,Tajikistan,1154.19407
2016,EN_LKRV_PWAN,Tajikistan,1144.2081
2017,EN_LKRV_PWAN,Tajikistan,1148.21988
2018,EN_LKRV_PWAN,Tajikistan,1148.41825
2019,EN_LKRV_PWAN,Tajikistan,1151.13684
2002,EN_LKRV_PWAN,Germany,2897.98441
2003,EN_LKRV_PWAN,Germany,3106.62541
2004,EN_LKRV_PWAN,Germany,3131.37549
2005,EN_LKRV_PWAN,Germany,3165.78494
2006,EN_LKRV_PWAN,Germany,3190.19109
2007,EN_LKRV_PWAN,Germany,3231.28765
2008,EN_LKRV_PWAN,Germany,3243.27736
2009,EN_LKRV_PWAN,Germany,3208.046
2010,EN_LKRV_PWAN,Germany,3210.93881
2011,EN_LKRV_PWAN,Germany,3220.66448
2012,EN_LKRV_PWAN,Germany,3230.85088
2013,EN_LKRV_PWAN,Germany,3238.85048
2020,EN_LKRV_PWAN,Tajikistan,1154.30413
2021,EN_LKRV_PWAN,Tajikistan,1161.72431
2022,EN_LKRV_PWAN,Tajikistan,1169.57595
2000,EN_LKRV_PWAN,Türkiye,3012.88387
2001,EN_LKRV_PWAN,Türkiye,4199.59092
2002,EN_LKRV_PWAN,Türkiye,5600.14143
2003,EN_LKRV_PWAN,Türkiye,7073.40035
2004,EN_LKRV_PWAN,Türkiye,7290.16888
2005,EN_LKRV_PWAN,Türkiye,7283.11026
2006,EN_LKRV_PWAN,Türkiye,7281.25093
2007,EN_LKRV_PWAN,Türkiye,7330.94832
2008,EN_LKRV_PWAN,Türkiye,7274.78766
2009,EN_LKRV_PWAN,Türkiye,7191.49153
2010,EN_LKRV_PWAN,Türkiye,7185.34405
2011,EN_LKRV_PWAN,Türkiye,7208.78026
2012,EN_LKRV_PWAN,Türkiye,7253.6665
2013,EN_LKRV_PWAN,Türkiye,7309.57304
2014,EN_LKRV_PWAN,Türkiye,7387.48554
2015,EN_LKRV_PWAN,Türkiye,7358.85501
2016,EN_LKRV_PWAN,Türkiye,7366.99959
2017,EN_LKRV_PWAN,Türkiye,7330.98325
2018,EN_LKRV_PWAN,Türkiye,7299.11952
2019,EN_LKRV_PWAN,Türkiye,7262.51202
2020,EN_LKRV_PWAN,Türkiye,7285.52164
2021,EN_LKRV_PWAN,Türkiye,7230.15937
2022,EN_LKRV_PWAN,Türkiye,7172.15034
2000,EN_LKRV_PWAN,Turkmenistan,68418.396
2001,EN_LKRV_PWAN,Turkmenistan,70431.4006
2002,EN_LKRV_PWAN,Turkmenistan,79966.42286
2003,EN_LKRV_PWAN,Turkmenistan,85777.77289
2004,EN_LKRV_PWAN,Turkmenistan,85885.14339
2005,EN_LKRV_PWAN,Turkmenistan,85749.52525
2006,EN_LKRV_PWAN,Turkmenistan,85734.05511
2007,EN_LKRV_PWAN,Turkmenistan,85830.3669
2008,EN_LKRV_PWAN,Turkmenistan,85876.54409
2009,EN_LKRV_PWAN,Turkmenistan,86021.6762
2010,EN_LKRV_PWAN,Turkmenistan,86053.62898
2011,EN_LKRV_PWAN,Turkmenistan,86116.75389
2012,EN_LKRV_PWAN,Turkmenistan,86047.24694
2013,EN_LKRV_PWAN,Turkmenistan,85943.72631
2014,EN_LKRV_PWAN,Turkmenistan,85873.89826
2015,EN_LKRV_PWAN,Turkmenistan,85784.55635
2016,EN_LKRV_PWAN,Turkmenistan,86311.54864
2017,EN_LKRV_PWAN,Turkmenistan,86958.346
2018,EN_LKRV_PWAN,Turkmenistan,87620.59059
2019,EN_LKRV_PWAN,Turkmenistan,88152.22828
2014,EN_LKRV_PWAN,Germany,3302.23385
2015,EN_LKRV_PWAN,Germany,3319.19931
2016,EN_LKRV_PWAN,Germany,3330.08629
2017,EN_LKRV_PWAN,Germany,3344.59519
2018,EN_LKRV_PWAN,Germany,3368.30073
2019,EN_LKRV_PWAN,Germany,3364.8421
2020,EN_LKRV_PWAN,Germany,3367.08998
2021,EN_LKRV_PWAN,Germany,3383.81598
2022,EN_LKRV_PWAN,Germany,3382.60666
2000,EN_LKRV_PWAN,Greece,125.59133
2001,EN_LKRV_PWAN,Greece,236.33893
2002,EN_LKRV_PWAN,Greece,346.10079
2020,EN_LKRV_PWAN,Turkmenistan,88761.47529
2021,EN_LKRV_PWAN,Turkmenistan,88687.22393
2022,EN_LKRV_PWAN,Turkmenistan,88527.05539
2000,EN_LKRV_PWAN,Ukraine,2977.55433
2001,EN_LKRV_PWAN,Ukraine,3162.8044
2002,EN_LKRV_PWAN,Ukraine,3425.40696
2003,EN_LKRV_PWAN,Ukraine,3576.50882
2004,EN_LKRV_PWAN,Ukraine,4143.65779
2005,EN_LKRV_PWAN,Ukraine,4171.3517
2006,EN_LKRV_PWAN,Ukraine,4186.67618
2007,EN_LKRV_PWAN,Ukraine,4223.28939
2008,EN_LKRV_PWAN,Ukraine,4217.09138
2003,EN_LKRV_PWAN,Greece,456.97924
2004,EN_LKRV_PWAN,Greece,576.10511
2005,EN_LKRV_PWAN,Greece,579.39219
2006,EN_LKRV_PWAN,Greece,577.23957
2007,EN_LKRV_PWAN,Greece,588.38296
2008,EN_LKRV_PWAN,Greece,594.76904
2009,EN_LKRV_PWAN,Greece,588.0063
2010,EN_LKRV_PWAN,Greece,584.66891
2011,EN_LKRV_PWAN,Greece,589.0798
2012,EN_LKRV_PWAN,Greece,594.30751
2013,EN_LKRV_PWAN,Greece,601.6115
2014,EN_LKRV_PWAN,Greece,616.78993
2009,EN_LKRV_PWAN,Ukraine,4182.70946
2010,EN_LKRV_PWAN,Ukraine,4121.71412
2011,EN_LKRV_PWAN,Ukraine,4092.92957
2012,EN_LKRV_PWAN,Ukraine,4030.62039
2013,EN_LKRV_PWAN,Ukraine,3984.92851
2014,EN_LKRV_PWAN,Ukraine,3974.15434
2015,EN_LKRV_PWAN,Ukraine,3980.0128
2016,EN_LKRV_PWAN,Ukraine,3963.63735
2017,EN_LKRV_PWAN,Ukraine,3960.22432
2018,EN_LKRV_PWAN,Ukraine,4002.00703
2019,EN_LKRV_PWAN,Ukraine,4002.41111
2020,EN_LKRV_PWAN,Ukraine,3972.75316
2021,EN_LKRV_PWAN,Ukraine,3943.17115
2022,EN_LKRV_PWAN,Ukraine,3927.45064
2000,EN_LKRV_PWAN,North Macedonia,91.04706
2001,EN_LKRV_PWAN,North Macedonia,182.63143
2002,EN_LKRV_PWAN,North Macedonia,273.55082
2003,EN_LKRV_PWAN,North Macedonia,363.91778
2004,EN_LKRV_PWAN,North Macedonia,454.95876
2005,EN_LKRV_PWAN,North Macedonia,454.85023
2006,EN_LKRV_PWAN,North Macedonia,454.38001
2007,EN_LKRV_PWAN,North Macedonia,454.70359
2008,EN_LKRV_PWAN,North Macedonia,454.90909
2009,EN_LKRV_PWAN,North Macedonia,453.94317
2010,EN_LKRV_PWAN,North Macedonia,453.94745
2011,EN_LKRV_PWAN,North Macedonia,454.26411
2012,EN_LKRV_PWAN,North Macedonia,454.22066
2013,EN_LKRV_PWAN,North Macedonia,454.39177
2014,EN_LKRV_PWAN,North Macedonia,455.65944
2015,EN_LKRV_PWAN,North Macedonia,456.01056
2016,EN_LKRV_PWAN,North Macedonia,456.06627
2017,EN_LKRV_PWAN,North Macedonia,456.60862
2018,EN_LKRV_PWAN,North Macedonia,457.12766
2019,EN_LKRV_PWAN,North Macedonia,457.35129
2015,EN_LKRV_PWAN,Greece,625.54949
2016,EN_LKRV_PWAN,Greece,639.39779
2017,EN_LKRV_PWAN,Greece,649.81578
2018,EN_LKRV_PWAN,Greece,660.13466
2019,EN_LKRV_PWAN,Greece,668.43331
2020,EN_LKRV_PWAN,Greece,677.52549
2021,EN_LKRV_PWAN,Greece,679.76376
2022,EN_LKRV_PWAN,Greece,678.58124
2000,EN_LKRV_PWAN,Hungary,216.15512
2001,EN_LKRV_PWAN,Hungary,432.86356
2002,EN_LKRV_PWAN,Hungary,650.29843
2003,EN_LKRV_PWAN,Hungary,863.78755
2004,EN_LKRV_PWAN,Hungary,1074.80052
2005,EN_LKRV_PWAN,Hungary,1077.32613
2006,EN_LKRV_PWAN,Hungary,1080.24661
2007,EN_LKRV_PWAN,Hungary,1084.59908
2008,EN_LKRV_PWAN,Hungary,1088.42142
2009,EN_LKRV_PWAN,Hungary,1095.57036
2010,EN_LKRV_PWAN,Hungary,1095.89111
2011,EN_LKRV_PWAN,Hungary,1099.66011
2012,EN_LKRV_PWAN,Hungary,1098.78261
2013,EN_LKRV_PWAN,Hungary,1098.3577
2014,EN_LKRV_PWAN,Hungary,1103.78586
2015,EN_LKRV_PWAN,Hungary,1109.42508
2016,EN_LKRV_PWAN,Hungary,1113.21589
2017,EN_LKRV_PWAN,Hungary,1123.03069
2018,EN_LKRV_PWAN,Hungary,1134.57004
2019,EN_LKRV_PWAN,Hungary,1140.20223
2020,EN_LKRV_PWAN,Hungary,1142.1772
2021,EN_LKRV_PWAN,Hungary,1144.08344
2022,EN_LKRV_PWAN,Hungary,1140.91206
2000,EN_LKRV_PWAN,Iceland,580.03409
2001,EN_LKRV_PWAN,Iceland,880.57198
2002,EN_LKRV_PWAN,Iceland,1167.3324
2003,EN_LKRV_PWAN,Iceland,1461.26651
2004,EN_LKRV_PWAN,Iceland,1447.14857
2020,EN_LKRV_PWAN,North Macedonia,457.30594
2021,EN_LKRV_PWAN,North Macedonia,457.07817
2022,EN_LKRV_PWAN,North Macedonia,456.12427
2000,EN_LKRV_PWAN,United Kingdom of Great Britain and Northern Ireland,761.44512
2001,EN_LKRV_PWAN,United Kingdom of Great Britain and Northern Ireland,1116.52485
2002,EN_LKRV_PWAN,United Kingdom of Great Britain and Northern Ireland,1470.46884
2003,EN_LKRV_PWAN,United Kingdom of Great Britain and Northern Ireland,1706.37844
2004,EN_LKRV_PWAN,United Kingdom of Great Britain and Northern Ireland,1719.44825
2005,EN_LKRV_PWAN,United Kingdom of Great Britain and Northern Ireland,1677.79579
2006,EN_LKRV_PWAN,United Kingdom of Great Britain and Northern Ireland,1436.06739
2007,EN_LKRV_PWAN,United Kingdom of Great Britain and Northern Ireland,1338.2025
2005,EN_LKRV_PWAN,Iceland,1434.21857
2006,EN_LKRV_PWAN,Iceland,1407.52762
2007,EN_LKRV_PWAN,Iceland,1415.91101
2008,EN_LKRV_PWAN,Iceland,1399.08703
2009,EN_LKRV_PWAN,Iceland,1408.10977
2010,EN_LKRV_PWAN,Iceland,1426.01025
2011,EN_LKRV_PWAN,Iceland,1431.97829
2012,EN_LKRV_PWAN,Iceland,1423.39557
2013,EN_LKRV_PWAN,Iceland,1443.46678
2014,EN_LKRV_PWAN,Iceland,1457.09529
2015,EN_LKRV_PWAN,Iceland,1464.59641
2016,EN_LKRV_PWAN,Iceland,1478.57839
2008,EN_LKRV_PWAN,United Kingdom of Great Britain and Northern Ireland,1160.68666
2009,EN_LKRV_PWAN,United Kingdom of Great Britain and Northern Ireland,980.69418
2010,EN_LKRV_PWAN,United Kingdom of Great Britain and Northern Ireland,1094.81023
2011,EN_LKRV_PWAN,United Kingdom of Great Britain and Northern Ireland,1297.1084
2012,EN_LKRV_PWAN,United Kingdom of Great Britain and Northern Ireland,1407.44111
2013,EN_LKRV_PWAN,United Kingdom of Great Britain and Northern Ireland,1535.79875
2014,EN_LKRV_PWAN,United Kingdom of Great Britain and Northern Ireland,1727.70938
2015,EN_LKRV_PWAN,United Kingdom of Great Britain and Northern Ireland,1737.47575
2016,EN_LKRV_PWAN,United Kingdom of Great Britain and Northern Ireland,1791.62435
2017,EN_LKRV_PWAN,United Kingdom of Great Britain and Northern Ireland,1790.59772
2017,EN_LKRV_PWAN,Iceland,1507.09279
2018,EN_LKRV_PWAN,Iceland,1523.5478
2019,EN_LKRV_PWAN,Iceland,1513.97528
2020,EN_LKRV_PWAN,Iceland,1537.98425
2021,EN_LKRV_PWAN,Iceland,1606.90058
2022,EN_LKRV_PWAN,Iceland,1661.94279
2000,EN_LKRV_PWAN,India,6399.87668
2001,EN_LKRV_PWAN,India,6409.32682
2002,EN_LKRV_PWAN,India,6367.04219
2003,EN_LKRV_PWAN,India,6908.87719
2004,EN_LKRV_PWAN,India,7574.86562
2005,EN_LKRV_PWAN,India,7138.19194
2006,EN_LKRV_PWAN,India,7172.8238
2007,EN_LKRV_PWAN,India,7254.46289
2008,EN_LKRV_PWAN,India,7483.0622
2009,EN_LKRV_PWAN,India,7661.05391
2010,EN_LKRV_PWAN,India,7757.71602
2011,EN_LKRV_PWAN,India,7763.49553
2012,EN_LKRV_PWAN,India,7826.48259
2013,EN_LKRV_PWAN,India,7766.71564
2014,EN_LKRV_PWAN,India,7711.34097
2015,EN_LKRV_PWAN,India,7829.43427
2016,EN_LKRV_PWAN,India,7863.78473
2017,EN_LKRV_PWAN,India,7784.33619
2018,EN_LKRV_PWAN,India,7821.55562
2019,EN_LKRV_PWAN,India,7760.01765
2020,EN_LKRV_PWAN,India,7633.56266
2021,EN_LKRV_PWAN,India,8004.28364
2022,EN_LKRV_PWAN,India,8260.27838
2000,EN_LKRV_PWAN,Ireland,331.59159
2001,EN_LKRV_PWAN,Ireland,504.52576
2002,EN_LKRV_PWAN,Ireland,682.28177
2003,EN_LKRV_PWAN,Ireland,824.99622
2004,EN_LKRV_PWAN,Ireland,825.61885
2005,EN_LKRV_PWAN,Ireland,814.19875
2006,EN_LKRV_PWAN,Ireland,755.5366
2007,EN_LKRV_PWAN,Ireland,711.83906
2008,EN_LKRV_PWAN,Ireland,672.80848
2009,EN_LKRV_PWAN,Ireland,624.25148
2010,EN_LKRV_PWAN,Ireland,686.43908
2011,EN_LKRV_PWAN,Ireland,696.562
2012,EN_LKRV_PWAN,Ireland,666.2318
2013,EN_LKRV_PWAN,Ireland,690.89541
2014,EN_LKRV_PWAN,Ireland,738.55213
2015,EN_LKRV_PWAN,Ireland,752.94086
2016,EN_LKRV_PWAN,Ireland,809.02444
2017,EN_LKRV_PWAN,Ireland,881.51874
2018,EN_LKRV_PWAN,Ireland,895.01317
2018,EN_LKRV_PWAN,United Kingdom of Great Britain and Northern Ireland,1839.45892
2019,EN_LKRV_PWAN,United Kingdom of Great Britain and Northern Ireland,1833.03509
2020,EN_LKRV_PWAN,United Kingdom of Great Britain and Northern Ireland,1819.19867
2021,EN_LKRV_PWAN,United Kingdom of Great Britain and Northern Ireland,1821.36245
2022,EN_LKRV_PWAN,United Kingdom of Great Britain and Northern Ireland,1823.549
2000,EN_LKRV_PWAN,Uzbekistan,16756.77644
2001,EN_LKRV_PWAN,Uzbekistan,19009.34683
2002,EN_LKRV_PWAN,Uzbekistan,18015.36934
2003,EN_LKRV_PWAN,Uzbekistan,19879.23777
2004,EN_LKRV_PWAN,Uzbekistan,19165.53291
2005,EN_LKRV_PWAN,Uzbekistan,18136.62349
2006,EN_LKRV_PWAN,Uzbekistan,17488.04917
2007,EN_LKRV_PWAN,Uzbekistan,16688.64865
2008,EN_LKRV_PWAN,Uzbekistan,15845.4531
2009,EN_LKRV_PWAN,Uzbekistan,14208.81042
2010,EN_LKRV_PWAN,Uzbekistan,12699.77966
2011,EN_LKRV_PWAN,Uzbekistan,11903.04157
2012,EN_LKRV_PWAN,Uzbekistan,11076.23579
2013,EN_LKRV_PWAN,Uzbekistan,10504.4143
2014,EN_LKRV_PWAN,Uzbekistan,10316.2351
2015,EN_LKRV_PWAN,Uzbekistan,10188.13324
2016,EN_LKRV_PWAN,Uzbekistan,9521.85658
2019,EN_LKRV_PWAN,Ireland,893.28383
2020,EN_LKRV_PWAN,Ireland,891.66132
2021,EN_LKRV_PWAN,Ireland,893.17141
2022,EN_LKRV_PWAN,Ireland,897.72997
2000,EN_LKRV_PWAN,Israel,184.59889
2001,EN_LKRV_PWAN,Israel,276.48631
2002,EN_LKRV_PWAN,Israel,366.62497
2003,EN_LKRV_PWAN,Israel,457.25099
2004,EN_LKRV_PWAN,Israel,455.89322
2005,EN_LKRV_PWAN,Israel,455.69702
2006,EN_LKRV_PWAN,Israel,454.87259
2007,EN_LKRV_PWAN,Israel,456.7201
2008,EN_LKRV_PWAN,Israel,457.52852
2009,EN_LKRV_PWAN,Israel,456.32783
2010,EN_LKRV_PWAN,Israel,454.06289
2011,EN_LKRV_PWAN,Israel,454.41744
2012,EN_LKRV_PWAN,Israel,452.49194
2013,EN_LKRV_PWAN,Israel,451.01001
2014,EN_LKRV_PWAN,Israel,451.37803
2015,EN_LKRV_PWAN,Israel,452.32697
2016,EN_LKRV_PWAN,Israel,452.10562
2017,EN_LKRV_PWAN,Israel,452.69842
2018,EN_LKRV_PWAN,Israel,452.92765
2019,EN_LKRV_PWAN,Israel,452.78053
2020,EN_LKRV_PWAN,Israel,452.03373
2021,EN_LKRV_PWAN,Israel,452.10937
2022,EN_LKRV_PWAN,Israel,451.4044
2000,EN_LKRV_PWAN,Italy,378.14804
2001,EN_LKRV_PWAN,Italy,734.00791
2002,EN_LKRV_PWAN,Italy,1102.94493
2003,EN_LKRV_PWAN,Italy,1473.46942
2004,EN_LKRV_PWAN,Italy,1831.50408
2005,EN_LKRV_PWAN,Italy,1845.86036
2006,EN_LKRV_PWAN,Italy,1858.47741
2007,EN_LKRV_PWAN,Italy,1866.2921
2008,EN_LKRV_PWAN,Italy,1867.77274
2009,EN_LKRV_PWAN,Italy,1873.53645
2010,EN_LKRV_PWAN,Italy,1881.6756
2011,EN_LKRV_PWAN,Italy,1885.67687
2012,EN_LKRV_PWAN,Italy,1890.48847
2013,EN_LKRV_PWAN,Italy,1884.45116
2014,EN_LKRV_PWAN,Italy,1894.8287
2015,EN_LKRV_PWAN,Italy,1900.87449
2016,EN_LKRV_PWAN,Italy,1904.04328
2017,EN_LKRV_PWAN,Italy,1911.96457
2018,EN_LKRV_PWAN,Italy,1933.0797
2019,EN_LKRV_PWAN,Italy,1938.25006
2020,EN_LKRV_PWAN,Italy,1939.4426
2021,EN_LKRV_PWAN,Italy,1950.12812
2022,EN_LKRV_PWAN,Italy,1949.35628
2000,EN_LKRV_PWAN,Japan,1682.50172
2001,EN_LKRV_PWAN,Japan,1681.2716
2002,EN_LKRV_PWAN,Japan,1665.63342
2003,EN_LKRV_PWAN,Japan,1640.57966
2004,EN_LKRV_PWAN,Japan,1647.67947
2005,EN_LKRV_PWAN,Japan,1636.09252
2006,EN_LKRV_PWAN,Japan,1633.13008
2007,EN_LKRV_PWAN,Japan,1647.5339
2008,EN_LKRV_PWAN,Japan,1654.55233
2009,EN_LKRV_PWAN,Japan,1631.78322
2010,EN_LKRV_PWAN,Japan,1631.77179
2011,EN_LKRV_PWAN,Japan,1629.39898
2012,EN_LKRV_PWAN,Japan,1626.39717
2013,EN_LKRV_PWAN,Japan,1627.66057
2014,EN_LKRV_PWAN,Japan,1636.04822
2015,EN_LKRV_PWAN,Japan,1627.77911
2016,EN_LKRV_PWAN,Japan,1615.61564
2017,EN_LKRV_PWAN,Japan,1603.03256
2018,EN_LKRV_PWAN,Japan,1594.11978
2019,EN_LKRV_PWAN,Japan,1586.71258
2020,EN_LKRV_PWAN,Japan,1576.53577
2021,EN_LKRV_PWAN,Japan,1589.3128
2022,EN_LKRV_PWAN,Japan,1589.11364
2000,EN_LKRV_PWAN,Kazakhstan,104633.69164
2001,EN_LKRV_PWAN,Kazakhstan,116184.8701
2002,EN_LKRV_PWAN,Kazakhstan,132490.59136
2003,EN_LKRV_PWAN,Kazakhstan,157413.57414
2004,EN_LKRV_PWAN,Kazakhstan,156936.21772
2005,EN_LKRV_PWAN,Kazakhstan,156260.01386
2006,EN_LKRV_PWAN,Kazakhstan,156081.85534
2007,EN_LKRV_PWAN,Kazakhstan,155847.63016
2008,EN_LKRV_PWAN,Kazakhstan,155869.1609
2009,EN_LKRV_PWAN,Kazakhstan,154935.73968
2010,EN_LKRV_PWAN,Kazakhstan,153519.1716
2011,EN_LKRV_PWAN,Kazakhstan,151938.7395
2012,EN_LKRV_PWAN,Kazakhstan,150282.9333
2013,EN_LKRV_PWAN,Kazakhstan,148083.75708
2014,EN_LKRV_PWAN,Kazakhstan,147476.51842
2015,EN_LKRV_PWAN,Kazakhstan,146858.73914
2016,EN_LKRV_PWAN,Kazakhstan,148081.96668
2017,EN_LKRV_PWAN,Kazakhstan,150337.75822
2018,EN_LKRV_PWAN,Kazakhstan,153204.90924
2019,EN_LKRV_PWAN,Kazakhstan,154934.4307
2020,EN_LKRV_PWAN,Kazakhstan,156790.7895
2021,EN_LKRV_PWAN,Kazakhstan,156671.88614
2022,EN_LKRV_PWAN,Kazakhstan,155466.99338
2000,EN_LKRV_PWAN,Republic of Korea,502.34878
2001,EN_LKRV_PWAN,Republic of Korea,493.48022
2002,EN_LKRV_PWAN,Republic of Korea,479.71557
2003,EN_LKRV_PWAN,Republic of Korea,469.56776
2004,EN_LKRV_PWAN,Republic of Korea,463.66051
2005,EN_LKRV_PWAN,Republic of Korea,457.95394
2006,EN_LKRV_PWAN,Republic of Korea,449.7555
2007,EN_LKRV_PWAN,Republic of Korea,458.47781
2008,EN_LKRV_PWAN,Republic of Korea,457.79174
2009,EN_LKRV_PWAN,Republic of Korea,440.49592
2010,EN_LKRV_PWAN,Republic of Korea,426.8746
2011,EN_LKRV_PWAN,Republic of Korea,432.48244
2012,EN_LKRV_PWAN,Republic of Korea,435.66628
2013,EN_LKRV_PWAN,Republic of Korea,436.47249
2014,EN_LKRV_PWAN,Republic of Korea,436.98402
2015,EN_LKRV_PWAN,Republic of Korea,445.62124
2016,EN_LKRV_PWAN,Republic of Korea,445.18834
2017,EN_LKRV_PWAN,Republic of Korea,433.67299
2018,EN_LKRV_PWAN,Republic of Korea,436.44827
2019,EN_LKRV_PWAN,Republic of Korea,445.20465
2020,EN_LKRV_PWAN,Republic of Korea,446.99311
2021,EN_LKRV_PWAN,Republic of Korea,453.98726
2022,EN_LKRV_PWAN,Republic of Korea,464.71855
2000,EN_LKRV_PWAN,Kyrgyzstan,6710.32616
2001,EN_LKRV_PWAN,Kyrgyzstan,6877.41363
2002,EN_LKRV_PWAN,Kyrgyzstan,6886.71346
2003,EN_LKRV_PWAN,Kyrgyzstan,6922.60902
2004,EN_LKRV_PWAN,Kyrgyzstan,6961.52852
2005,EN_LKRV_PWAN,Kyrgyzstan,6968.8069
2006,EN_LKRV_PWAN,Kyrgyzstan,6976.71201
2007,EN_LKRV_PWAN,Kyrgyzstan,6984.78789
2008,EN_LKRV_PWAN,Kyrgyzstan,6983.62245
2009,EN_LKRV_PWAN,Kyrgyzstan,6984.79582
2010,EN_LKRV_PWAN,Kyrgyzstan,6982.03954
2011,EN_LKRV_PWAN,Kyrgyzstan,6982.15805
2012,EN_LKRV_PWAN,Kyrgyzstan,6982.41775
2013,EN_LKRV_PWAN,Kyrgyzstan,6987.38615
2014,EN_LKRV_PWAN,Kyrgyzstan,6987.6556
2015,EN_LKRV_PWAN,Kyrgyzstan,6978.65606
2016,EN_LKRV_PWAN,Kyrgyzstan,6967.79502
2017,EN_LKRV_PWAN,Kyrgyzstan,6963.27048
2018,EN_LKRV_PWAN,Kyrgyzstan,6962.74523
2019,EN_LKRV_PWAN,Kyrgyzstan,6966.30763
2020,EN_LKRV_PWAN,Kyrgyzstan,6973.06906
2021,EN_LKRV_PWAN,Kyrgyzstan,6979.05942
2022,EN_LKRV_PWAN,Kyrgyzstan,6977.31782
2000,EN_LKRV_PWAN,Latvia,398.63046
2001,EN_LKRV_PWAN,Latvia,534.13699
2002,EN_LKRV_PWAN,Latvia,688.087
2003,EN_LKRV_PWAN,Latvia,773.21404
2004,EN_LKRV_PWAN,Latvia,772.62745
2005,EN_LKRV_PWAN,Latvia,779.72881
2006,EN_LKRV_PWAN,Latvia,779.9319
2007,EN_LKRV_PWAN,Latvia,783.91867
2008,EN_LKRV_PWAN,Latvia,784.30807
2009,EN_LKRV_PWAN,Latvia,783.61278
2010,EN_LKRV_PWAN,Latvia,780.84653
2011,EN_LKRV_PWAN,Latvia,778.18536
2012,EN_LKRV_PWAN,Latvia,774.04439
2013,EN_LKRV_PWAN,Latvia,777.28741
2014,EN_LKRV_PWAN,Latvia,776.51623
2015,EN_LKRV_PWAN,Latvia,778.74121
2016,EN_LKRV_PWAN,Latvia,783.23534
2017,EN_LKRV_PWAN,Latvia,789.07895
2018,EN_LKRV_PWAN,Latvia,793.67662
2019,EN_LKRV_PWAN,Latvia,795.69646
2020,EN_LKRV_PWAN,Latvia,792.98484
2021,EN_LKRV_PWAN,Latvia,792.01485
2022,EN_LKRV_PWAN,Latvia,790.46692
2000,EN_LKRV_PWAN,Liechtenstein,0.2915
2001,EN_LKRV_PWAN,Liechtenstein,0.44523
2002,EN_LKRV_PWAN,Liechtenstein,0.60258
2003,EN_LKRV_PWAN,Liechtenstein,0.73144
2004,EN_LKRV_PWAN,Liechtenstein,0.72375
2005,EN_LKRV_PWAN,Liechtenstein,0.71798
2006,EN_LKRV_PWAN,Liechtenstein,0.698
2007,EN_LKRV_PWAN,Liechtenstein,0.68111
2008,EN_LKRV_PWAN,Liechtenstein,0.64928
2009,EN_LKRV_PWAN,Liechtenstein,0.65666
2010,EN_LKRV_PWAN,Liechtenstein,0.64536
2011,EN_LKRV_PWAN,Liechtenstein,0.64795
2012,EN_LKRV_PWAN,Liechtenstein,0.64896
2013,EN_LKRV_PWAN,Liechtenstein,0.70235
2014,EN_LKRV_PWAN,Liechtenstein,0.71567
2015,EN_LKRV_PWAN,Liechtenstein,0.72544
2016,EN_LKRV_PWAN,Liechtenstein,0.71703
2017,EN_LKRV_PWAN,Liechtenstein,0.73449
2018,EN_LKRV_PWAN,Liechtenstein,0.73212
2019,EN_LKRV_PWAN,Liechtenstein,0.7372
2020,EN_LKRV_PWAN,Liechtenstein,0.73864
2021,EN_LKRV_PWAN,Liechtenstein,0.76593
2022,EN_LKRV_PWAN,Liechtenstein,0.76859
2000,EN_LKRV_PWAN,Lithuania,441.73435
2001,EN_LKRV_PWAN,Lithuania,612.31826
2002,EN_LKRV_PWAN,Lithuania,777.23933
2003,EN_LKRV_PWAN,Lithuania,844.16636
2004,EN_LKRV_PWAN,Lithuania,840.41485
2005,EN_LKRV_PWAN,Lithuania,843.29939
2006,EN_LKRV_PWAN,Lithuania,842.72825
2007,EN_LKRV_PWAN,Lithuania,849.42072
2008,EN_LKRV_PWAN,Lithuania,849.13031
2009,EN_LKRV_PWAN,Lithuania,845.38683
2010,EN_LKRV_PWAN,Lithuania,843.03298
2011,EN_LKRV_PWAN,Lithuania,839.88291
2012,EN_LKRV_PWAN,Lithuania,833.5482
2013,EN_LKRV_PWAN,Lithuania,833.00087
2014,EN_LKRV_PWAN,Lithuania,835.66456
2015,EN_LKRV_PWAN,Lithuania,838.10125
2016,EN_LKRV_PWAN,Lithuania,844.56645
2017,EN_LKRV_PWAN,Lithuania,853.41749
2018,EN_LKRV_PWAN,Lithuania,860.77583
2019,EN_LKRV_PWAN,Lithuania,864.27168
2020,EN_LKRV_PWAN,Lithuania,863.67615
2021,EN_LKRV_PWAN,Lithuania,862.54443
2022,EN_LKRV_PWAN,Lithuania,860.69666
2000,EN_LKRV_PWAN,Luxembourg,1.86424
2001,EN_LKRV_PWAN,Luxembourg,2.43998
2002,EN_LKRV_PWAN,Luxembourg,2.91582
2003,EN_LKRV_PWAN,Luxembourg,2.82696
2004,EN_LKRV_PWAN,Luxembourg,2.82597
2005,EN_LKRV_PWAN,Luxembourg,2.84289
2006,EN_LKRV_PWAN,Luxembourg,2.84336
2007,EN_LKRV_PWAN,Luxembourg,2.9761
2008,EN_LKRV_PWAN,Luxembourg,2.9759
2009,EN_LKRV_PWAN,Luxembourg,2.93099
2010,EN_LKRV_PWAN,Luxembourg,2.82613
2011,EN_LKRV_PWAN,Luxembourg,2.82253
2012,EN_LKRV_PWAN,Luxembourg,2.75721
2013,EN_LKRV_PWAN,Luxembourg,2.74641
2014,EN_LKRV_PWAN,Luxembourg,2.77221
2015,EN_LKRV_PWAN,Luxembourg,2.84306
2016,EN_LKRV_PWAN,Luxembourg,2.82334
2017,EN_LKRV_PWAN,Luxembourg,2.94182
2018,EN_LKRV_PWAN,Luxembourg,2.90498
2019,EN_LKRV_PWAN,Luxembourg,2.94254
2020,EN_LKRV_PWAN,Luxembourg,2.91885
2021,EN_LKRV_PWAN,Luxembourg,2.93487
2022,EN_LKRV_PWAN,Luxembourg,2.80848
2000,EN_LKRV_PWAN,Malta,0.04681
2001,EN_LKRV_PWAN,Malta,0.14147
2002,EN_LKRV_PWAN,Malta,0.22625
2003,EN_LKRV_PWAN,Malta,0.35394
2004,EN_LKRV_PWAN,Malta,0.51112
2005,EN_LKRV_PWAN,Malta,0.62243
2006,EN_LKRV_PWAN,Malta,0.58258
2007,EN_LKRV_PWAN,Malta,0.56385
2008,EN_LKRV_PWAN,Malta,0.50355
2009,EN_LKRV_PWAN,Malta,0.41005
2010,EN_LKRV_PWAN,Malta,0.34358
2011,EN_LKRV_PWAN,Malta,0.4524
2012,EN_LKRV_PWAN,Malta,0.47317
2013,EN_LKRV_PWAN,Malta,0.52452
2014,EN_LKRV_PWAN,Malta,0.63808
2015,EN_LKRV_PWAN,Malta,0.73449
2016,EN_LKRV_PWAN,Malta,0.70216
2017,EN_LKRV_PWAN,Malta,0.64505
2018,EN_LKRV_PWAN,Malta,0.56216
2019,EN_LKRV_PWAN,Malta,0.42102
2020,EN_LKRV_PWAN,Malta,0.26717
2021,EN_LKRV_PWAN,Malta,0.18256
2022,EN_LKRV_PWAN,Malta,0.19839
2000,EN_LKRV_PWAN,Mexico,5242.34916
2001,EN_LKRV_PWAN,Mexico,5215.51119
2002,EN_LKRV_PWAN,Mexico,5113.69167
2003,EN_LKRV_PWAN,Mexico,5003.49876
2004,EN_LKRV_PWAN,Mexico,5057.19146
2005,EN_LKRV_PWAN,Mexico,5108.05637
2006,EN_LKRV_PWAN,Mexico,5187.31043
2007,EN_LKRV_PWAN,Mexico,5342.60778
2008,EN_LKRV_PWAN,Mexico,5486.2668
2009,EN_LKRV_PWAN,Mexico,5601.46262
2010,EN_LKRV_PWAN,Mexico,5610.54093
2011,EN_LKRV_PWAN,Mexico,5667.1681
2012,EN_LKRV_PWAN,Mexico,5678.51358
2013,EN_LKRV_PWAN,Mexico,5608.78168
2014,EN_LKRV_PWAN,Mexico,5469.95057
2015,EN_LKRV_PWAN,Mexico,5533.99583
2016,EN_LKRV_PWAN,Mexico,5620.90266
2017,EN_LKRV_PWAN,Mexico,5710.69041
2018,EN_LKRV_PWAN,Mexico,5829.78648
2019,EN_LKRV_PWAN,Mexico,5995.54249
2020,EN_LKRV_PWAN,Mexico,5964.15148
2021,EN_LKRV_PWAN,Mexico,5814.86676
2022,EN_LKRV_PWAN,Mexico,5729.74388
2000,EN_LKRV_PWAN,Republic of Moldova,206.79948
2001,EN_LKRV_PWAN,Republic of Moldova,208.28622
2002,EN_LKRV_PWAN,Republic of Moldova,226.4544
2003,EN_LKRV_PWAN,Republic of Moldova,218.29826
2004,EN_LKRV_PWAN,Republic of Moldova,237.70152
2005,EN_LKRV_PWAN,Republic of Moldova,238.97166
2006,EN_LKRV_PWAN,Republic of Moldova,242.45977
2007,EN_LKRV_PWAN,Republic of Moldova,245.86661
2008,EN_LKRV_PWAN,Republic of Moldova,245.10843
2009,EN_LKRV_PWAN,Republic of Moldova,246.16023
2010,EN_LKRV_PWAN,Republic of Moldova,245.38554
2011,EN_LKRV_PWAN,Republic of Moldova,245.21619
2012,EN_LKRV_PWAN,Republic of Moldova,243.78531
2013,EN_LKRV_PWAN,Republic of Moldova,240.44742
2014,EN_LKRV_PWAN,Republic of Moldova,240.30377
2015,EN_LKRV_PWAN,Republic of Moldova,242.57428
2016,EN_LKRV_PWAN,Republic of Moldova,238.58142
2017,EN_LKRV_PWAN,Republic of Moldova,231.84653
2018,EN_LKRV_PWAN,Republic of Moldova,235.3558
2019,EN_LKRV_PWAN,Republic of Moldova,233.76987
2020,EN_LKRV_PWAN,Republic of Moldova,231.4324
2021,EN_LKRV_PWAN,Republic of Moldova,232.42375
2022,EN_LKRV_PWAN,Republic of Moldova,236.10008
2000,EN_LKRV_PWAN,Montenegro,4.10632
2001,EN_LKRV_PWAN,Montenegro,7.67664
2002,EN_LKRV_PWAN,Montenegro,11.74052
2003,EN_LKRV_PWAN,Montenegro,15.64613
2004,EN_LKRV_PWAN,Montenegro,19.72861
2005,EN_LKRV_PWAN,Montenegro,19.72043
2006,EN_LKRV_PWAN,Montenegro,20.21108
2007,EN_LKRV_PWAN,Montenegro,19.70229
2008,EN_LKRV_PWAN,Montenegro,19.58113
2009,EN_LKRV_PWAN,Montenegro,19.33229
2010,EN_LKRV_PWAN,Montenegro,18.97143
2011,EN_LKRV_PWAN,Montenegro,18.72214
2012,EN_LKRV_PWAN,Montenegro,18.86336
2013,EN_LKRV_PWAN,Montenegro,18.63579
2014,EN_LKRV_PWAN,Armenia,1312.41396
2015,EN_LKRV_PWAN,Armenia,1313.07306
2016,EN_LKRV_PWAN,Armenia,1314.03591
2017,EN_LKRV_PWAN,Armenia,1313.97317
2018,EN_LKRV_PWAN,Armenia,1315.38801
2019,EN_LKRV_PWAN,Armenia,1315.89478
2020,EN_LKRV_PWAN,Armenia,1317.41841
2021,EN_LKRV_PWAN,Armenia,1318.07048
2022,EN_LKRV_PWAN,Armenia,1318.03326
2017,EN_LKRV_PWAN,Uzbekistan,9357.3976
2018,EN_LKRV_PWAN,Uzbekistan,9420.35129
2019,EN_LKRV_PWAN,Uzbekistan,9339.33564
2020,EN_LKRV_PWAN,Uzbekistan,9299.46748
2021,EN_LKRV_PWAN,Uzbekistan,9023.63624
2022,EN_LKRV_PWAN,Uzbekistan,8683.77305
2014,EN_LKRV_PWAN,Montenegro,18.6515
2015,EN_LKRV_PWAN,Montenegro,18.96612
2016,EN_LKRV_PWAN,Montenegro,19.04888
2017,EN_LKRV_PWAN,Montenegro,19.15168
2018,EN_LKRV_PWAN,Montenegro,18.95778
2019,EN_LKRV_PWAN,Montenegro,18.68475
2020,EN_LKRV_PWAN,Montenegro,18.62707
2021,EN_LKRV_PWAN,Montenegro,18.79874
2022,EN_LKRV_PWAN,Montenegro,18.81099
2022,EN_LKRV_PWAN,Montenegro,18.81099
