Year,SeriesCode,GeoAreaName,Value
2000,EG_EGY_PRIM,Hungary,5.28
2001,EG_EGY_PRIM,Hungary,5.2
2002,EG_EGY_PRIM,Hungary,4.96
2003,EG_EGY_PRIM,Hungary,4.87
2004,EG_EGY_PRIM,Hungary,4.62
2005,EG_EGY_PRIM,Hungary,4.77
2006,EG_EGY_PRIM,Hungary,4.55
2007,EG_EGY_PRIM,Hungary,4.44
2008,EG_EGY_PRIM,Hungary,4.34
2009,EG_EGY_PRIM,Hungary,4.42
2010,EG_EGY_PRIM,Hungary,4.53
2011,EG_EGY_PRIM,Hungary,4.35
2000,EG_EGY_PRIM,Albania,4.13
2001,EG_EGY_PRIM,Albania,3.89
2002,EG_EGY_PRIM,Albania,4.1
2003,EG_EGY_PRIM,Albania,3.8
2004,EG_EGY_PRIM,Albania,3.96
2005,EG_EGY_PRIM,Albania,3.76
2006,EG_EGY_PRIM,Albania,3.46
2007,EG_EGY_PRIM,Albania,3.12
2008,EG_EGY_PRIM,Albania,3.01
2009,EG_EGY_PRIM,Albania,2.98
2010,EG_EGY_PRIM,Albania,2.85
2011,EG_EGY_PRIM,Albania,2.91
2012,EG_EGY_PRIM,Hungary,4.2
2013,EG_EGY_PRIM,Hungary,3.99
2014,EG_EGY_PRIM,Hungary,3.82
2015,EG_EGY_PRIM,Hungary,3.89
2016,EG_EGY_PRIM,Hungary,3.86
2017,EG_EGY_PRIM,Hungary,3.86
2018,EG_EGY_PRIM,Hungary,3.66
2019,EG_EGY_PRIM,Hungary,3.51
2020,EG_EGY_PRIM,Hungary,3.62
2000,EG_EGY_PRIM,Iceland,11.18
2001,EG_EGY_PRIM,Iceland,10.4
2002,EG_EGY_PRIM,Iceland,10.65
2003,EG_EGY_PRIM,Iceland,10.43
2004,EG_EGY_PRIM,Iceland,9.57
2005,EG_EGY_PRIM,Iceland,9.16
2006,EG_EGY_PRIM,Iceland,10.67
2007,EG_EGY_PRIM,Iceland,11.69
2008,EG_EGY_PRIM,Iceland,12.92
2009,EG_EGY_PRIM,Iceland,14.52
2010,EG_EGY_PRIM,Iceland,15.02
2011,EG_EGY_PRIM,Iceland,15.78
2012,EG_EGY_PRIM,Iceland,15.24
2013,EG_EGY_PRIM,Iceland,15.2
2014,EG_EGY_PRIM,Iceland,14.89
2015,EG_EGY_PRIM,Iceland,13.58
2016,EG_EGY_PRIM,Iceland,12.05
2017,EG_EGY_PRIM,Iceland,12.18
2018,EG_EGY_PRIM,Iceland,12.73
2019,EG_EGY_PRIM,Iceland,12.26
2020,EG_EGY_PRIM,Iceland,12.89
2000,EG_EGY_PRIM,India,6.42
2001,EG_EGY_PRIM,India,6.22
2002,EG_EGY_PRIM,India,6.16
2003,EG_EGY_PRIM,India,5.84
2004,EG_EGY_PRIM,India,5.73
2005,EG_EGY_PRIM,India,5.52
2006,EG_EGY_PRIM,India,5.39
2007,EG_EGY_PRIM,India,5.31
2008,EG_EGY_PRIM,India,5.43
2009,EG_EGY_PRIM,India,5.5
2010,EG_EGY_PRIM,India,5.34
2011,EG_EGY_PRIM,India,5.28
2012,EG_EGY_PRIM,India,5.29
2013,EG_EGY_PRIM,India,5.11
2014,EG_EGY_PRIM,India,5.08
2015,EG_EGY_PRIM,India,4.82
2016,EG_EGY_PRIM,India,4.54
2017,EG_EGY_PRIM,India,4.46
2011,EG_EGY_PRIM,Ukraine,8.96
2012,EG_EGY_PRIM,Ukraine,8.66
2013,EG_EGY_PRIM,Ukraine,8.21
2014,EG_EGY_PRIM,Ukraine,8.31
2015,EG_EGY_PRIM,Ukraine,8.09
2016,EG_EGY_PRIM,Ukraine,7.79
2017,EG_EGY_PRIM,Ukraine,7.43
2018,EG_EGY_PRIM,Ukraine,7.51
2019,EG_EGY_PRIM,Ukraine,6.95
2020,EG_EGY_PRIM,Ukraine,6.98
2000,EG_EGY_PRIM,North Macedonia,5.39
2001,EG_EGY_PRIM,North Macedonia,5.37
2018,EG_EGY_PRIM,India,4.4
2019,EG_EGY_PRIM,India,4.25
2020,EG_EGY_PRIM,India,4.28
2000,EG_EGY_PRIM,Ireland,3.16
2001,EG_EGY_PRIM,Ireland,3.13
2002,EG_EGY_PRIM,Ireland,2.96
2003,EG_EGY_PRIM,Ireland,2.8
2004,EG_EGY_PRIM,Ireland,2.71
2005,EG_EGY_PRIM,Ireland,2.58
2006,EG_EGY_PRIM,Ireland,2.47
2007,EG_EGY_PRIM,Ireland,2.4
2008,EG_EGY_PRIM,Ireland,2.49
2009,EG_EGY_PRIM,Ireland,2.54
2010,EG_EGY_PRIM,Ireland,2.49
2011,EG_EGY_PRIM,Ireland,2.26
2012,EG_EGY_PRIM,Ireland,2.26
2013,EG_EGY_PRIM,Ireland,2.22
2014,EG_EGY_PRIM,Ireland,2.0
2015,EG_EGY_PRIM,Ireland,1.66
2016,EG_EGY_PRIM,Ireland,1.71
2017,EG_EGY_PRIM,Ireland,1.52
2018,EG_EGY_PRIM,Ireland,1.42
2019,EG_EGY_PRIM,Ireland,1.34
2020,EG_EGY_PRIM,Ireland,1.22
2002,EG_EGY_PRIM,North Macedonia,5.19
2003,EG_EGY_PRIM,North Macedonia,5.61
2004,EG_EGY_PRIM,North Macedonia,5.27
2005,EG_EGY_PRIM,North Macedonia,5.34
2006,EG_EGY_PRIM,North Macedonia,5.17
2007,EG_EGY_PRIM,North Macedonia,5.03
2008,EG_EGY_PRIM,North Macedonia,4.72
2009,EG_EGY_PRIM,North Macedonia,4.39
2010,EG_EGY_PRIM,North Macedonia,4.33
2011,EG_EGY_PRIM,North Macedonia,4.62
2012,EG_EGY_PRIM,North Macedonia,4.42
2000,EG_EGY_PRIM,Israel,4.05
2001,EG_EGY_PRIM,Israel,4.25
2002,EG_EGY_PRIM,Israel,4.18
2003,EG_EGY_PRIM,Israel,4.34
2004,EG_EGY_PRIM,Israel,4.03
2005,EG_EGY_PRIM,Israel,3.71
2006,EG_EGY_PRIM,Israel,3.87
2007,EG_EGY_PRIM,Israel,3.73
2008,EG_EGY_PRIM,Israel,3.97
2009,EG_EGY_PRIM,Israel,3.69
2010,EG_EGY_PRIM,Israel,3.76
2011,EG_EGY_PRIM,Israel,3.56
2012,EG_EGY_PRIM,Israel,3.51
2013,EG_EGY_PRIM,Israel,3.06
2014,EG_EGY_PRIM,Israel,2.84
2015,EG_EGY_PRIM,Israel,2.93
2016,EG_EGY_PRIM,Israel,2.81
2017,EG_EGY_PRIM,Israel,2.66
2018,EG_EGY_PRIM,Israel,2.61
2019,EG_EGY_PRIM,Israel,2.48
2020,EG_EGY_PRIM,Israel,2.45
2000,EG_EGY_PRIM,Italy,2.93
2001,EG_EGY_PRIM,Italy,2.88
2002,EG_EGY_PRIM,Italy,2.9
2012,EG_EGY_PRIM,Albania,2.57
2013,EG_EGY_PRIM,Albania,2.96
2014,EG_EGY_PRIM,Albania,2.93
2015,EG_EGY_PRIM,Albania,2.69
2016,EG_EGY_PRIM,Albania,2.68
2017,EG_EGY_PRIM,Albania,2.7
2018,EG_EGY_PRIM,Albania,2.59
2019,EG_EGY_PRIM,Albania,2.51
2020,EG_EGY_PRIM,Albania,2.41
2000,EG_EGY_PRIM,Azerbaijan,14.7
2001,EG_EGY_PRIM,Azerbaijan,13.55
2002,EG_EGY_PRIM,Azerbaijan,12.51
2013,EG_EGY_PRIM,North Macedonia,3.99
2014,EG_EGY_PRIM,North Macedonia,3.74
2015,EG_EGY_PRIM,North Macedonia,3.55
2016,EG_EGY_PRIM,North Macedonia,3.49
2017,EG_EGY_PRIM,North Macedonia,3.51
2018,EG_EGY_PRIM,North Macedonia,3.23
2019,EG_EGY_PRIM,North Macedonia,3.39
2020,EG_EGY_PRIM,North Macedonia,3.31
2000,EG_EGY_PRIM,United Kingdom of Great Britain and Northern Ireland,4.07
2001,EG_EGY_PRIM,United Kingdom of Great Britain and Northern Ireland,4.01
2002,EG_EGY_PRIM,United Kingdom of Great Britain and Northern Ireland,3.87
2003,EG_EGY_PRIM,Italy,3.03
2004,EG_EGY_PRIM,Italy,3.01
2005,EG_EGY_PRIM,Italy,3.04
2006,EG_EGY_PRIM,Italy,2.96
2007,EG_EGY_PRIM,Italy,2.91
2008,EG_EGY_PRIM,Italy,2.9
2009,EG_EGY_PRIM,Italy,2.86
2010,EG_EGY_PRIM,Italy,2.88
2011,EG_EGY_PRIM,Italy,2.76
2012,EG_EGY_PRIM,Italy,2.73
2013,EG_EGY_PRIM,Italy,2.68
2014,EG_EGY_PRIM,Italy,2.53
2003,EG_EGY_PRIM,United Kingdom of Great Britain and Northern Ireland,3.82
2004,EG_EGY_PRIM,United Kingdom of Great Britain and Northern Ireland,3.69
2005,EG_EGY_PRIM,United Kingdom of Great Britain and Northern Ireland,3.61
2006,EG_EGY_PRIM,United Kingdom of Great Britain and Northern Ireland,3.46
2007,EG_EGY_PRIM,United Kingdom of Great Britain and Northern Ireland,3.26
2008,EG_EGY_PRIM,United Kingdom of Great Britain and Northern Ireland,3.22
2009,EG_EGY_PRIM,United Kingdom of Great Britain and Northern Ireland,3.16
2010,EG_EGY_PRIM,United Kingdom of Great Britain and Northern Ireland,3.21
2011,EG_EGY_PRIM,United Kingdom of Great Britain and Northern Ireland,2.94
2012,EG_EGY_PRIM,United Kingdom of Great Britain and Northern Ireland,2.97
2015,EG_EGY_PRIM,Italy,2.61
2016,EG_EGY_PRIM,Italy,2.55
2017,EG_EGY_PRIM,Italy,2.55
2018,EG_EGY_PRIM,Italy,2.48
2019,EG_EGY_PRIM,Italy,2.44
2020,EG_EGY_PRIM,Italy,2.48
2000,EG_EGY_PRIM,Japan,4.69
2001,EG_EGY_PRIM,Japan,4.59
2002,EG_EGY_PRIM,Japan,4.6
2003,EG_EGY_PRIM,Japan,4.5
2004,EG_EGY_PRIM,Japan,4.55
2005,EG_EGY_PRIM,Japan,4.45
2013,EG_EGY_PRIM,United Kingdom of Great Britain and Northern Ireland,2.87
2014,EG_EGY_PRIM,United Kingdom of Great Britain and Northern Ireland,2.62
2015,EG_EGY_PRIM,United Kingdom of Great Britain and Northern Ireland,2.58
2016,EG_EGY_PRIM,United Kingdom of Great Britain and Northern Ireland,2.49
2017,EG_EGY_PRIM,United Kingdom of Great Britain and Northern Ireland,2.4
2018,EG_EGY_PRIM,United Kingdom of Great Britain and Northern Ireland,2.33
2019,EG_EGY_PRIM,United Kingdom of Great Britain and Northern Ireland,2.22
2020,EG_EGY_PRIM,United Kingdom of Great Britain and Northern Ireland,2.24
2000,EG_EGY_PRIM,Uzbekistan,26.48
2001,EG_EGY_PRIM,Uzbekistan,25.69
2002,EG_EGY_PRIM,Uzbekistan,25.61
2006,EG_EGY_PRIM,Japan,4.39
2007,EG_EGY_PRIM,Japan,4.29
2008,EG_EGY_PRIM,Japan,4.17
2009,EG_EGY_PRIM,Japan,4.25
2010,EG_EGY_PRIM,Japan,4.29
2011,EG_EGY_PRIM,Japan,3.97
2012,EG_EGY_PRIM,Japan,3.82
2013,EG_EGY_PRIM,Japan,3.77
2014,EG_EGY_PRIM,Japan,3.63
2015,EG_EGY_PRIM,Japan,3.52
2016,EG_EGY_PRIM,Japan,3.47
2017,EG_EGY_PRIM,Japan,3.43
2003,EG_EGY_PRIM,Uzbekistan,23.77
2004,EG_EGY_PRIM,Uzbekistan,21.86
2005,EG_EGY_PRIM,Uzbekistan,19.33
2006,EG_EGY_PRIM,Uzbekistan,18.57
2007,EG_EGY_PRIM,Uzbekistan,16.56
2008,EG_EGY_PRIM,Uzbekistan,15.63
2009,EG_EGY_PRIM,Uzbekistan,13.21
2010,EG_EGY_PRIM,Uzbekistan,13.35
2011,EG_EGY_PRIM,Uzbekistan,12.79
2012,EG_EGY_PRIM,Uzbekistan,10.42
2013,EG_EGY_PRIM,Uzbekistan,9.6
2018,EG_EGY_PRIM,Japan,3.36
2019,EG_EGY_PRIM,Japan,3.28
2020,EG_EGY_PRIM,Japan,3.19
2000,EG_EGY_PRIM,Kazakhstan,9.77
2001,EG_EGY_PRIM,Kazakhstan,8.33
2002,EG_EGY_PRIM,Kazakhstan,8.73
2003,EG_EGY_PRIM,Kazakhstan,8.66
2004,EG_EGY_PRIM,Kazakhstan,9.31
2005,EG_EGY_PRIM,Kazakhstan,8.51
2006,EG_EGY_PRIM,Kazakhstan,9.15
2007,EG_EGY_PRIM,Kazakhstan,9.16
2008,EG_EGY_PRIM,Kazakhstan,9.38
2009,EG_EGY_PRIM,Kazakhstan,8.42
2010,EG_EGY_PRIM,Kazakhstan,8.55
2011,EG_EGY_PRIM,Kazakhstan,8.9
2012,EG_EGY_PRIM,Kazakhstan,8.12
2013,EG_EGY_PRIM,Kazakhstan,8.45
2014,EG_EGY_PRIM,Kazakhstan,6.48
2015,EG_EGY_PRIM,Kazakhstan,5.38
2016,EG_EGY_PRIM,Kazakhstan,6.22
2017,EG_EGY_PRIM,Kazakhstan,6.08
2018,EG_EGY_PRIM,Kazakhstan,6.65
2019,EG_EGY_PRIM,Kazakhstan,6.27
2020,EG_EGY_PRIM,Kazakhstan,5.78
2000,EG_EGY_PRIM,Republic of Korea,7.24
2001,EG_EGY_PRIM,Republic of Korea,7.0
2002,EG_EGY_PRIM,Republic of Korea,6.82
2003,EG_EGY_PRIM,Republic of Korea,6.75
2004,EG_EGY_PRIM,Republic of Korea,6.59
2005,EG_EGY_PRIM,Republic of Korea,6.38
2006,EG_EGY_PRIM,Republic of Korea,6.16
2007,EG_EGY_PRIM,Republic of Korea,6.05
2008,EG_EGY_PRIM,Republic of Korea,6.01
2009,EG_EGY_PRIM,Republic of Korea,6.02
2010,EG_EGY_PRIM,Republic of Korea,6.14
2011,EG_EGY_PRIM,Republic of Korea,6.17
2012,EG_EGY_PRIM,Republic of Korea,6.1
2013,EG_EGY_PRIM,Republic of Korea,5.92
2014,EG_EGY_PRIM,Republic of Korea,5.83
2015,EG_EGY_PRIM,Republic of Korea,5.76
2016,EG_EGY_PRIM,Republic of Korea,5.8
2017,EG_EGY_PRIM,Republic of Korea,5.62
2018,EG_EGY_PRIM,Republic of Korea,5.45
2019,EG_EGY_PRIM,Republic of Korea,5.3
2020,EG_EGY_PRIM,Republic of Korea,5.27
2003,EG_EGY_PRIM,Azerbaijan,11.94
2004,EG_EGY_PRIM,Azerbaijan,11.49
2005,EG_EGY_PRIM,Azerbaijan,9.43
2006,EG_EGY_PRIM,Azerbaijan,6.91
2007,EG_EGY_PRIM,Azerbaijan,5.23
2008,EG_EGY_PRIM,Azerbaijan,5.24
2009,EG_EGY_PRIM,Azerbaijan,4.29
2010,EG_EGY_PRIM,Azerbaijan,3.88
2011,EG_EGY_PRIM,Azerbaijan,4.2
2012,EG_EGY_PRIM,Azerbaijan,4.47
2013,EG_EGY_PRIM,Azerbaijan,4.28
2000,EG_EGY_PRIM,Kyrgyzstan,6.44
2001,EG_EGY_PRIM,Kyrgyzstan,5.68
2002,EG_EGY_PRIM,Kyrgyzstan,6.39
2003,EG_EGY_PRIM,Kyrgyzstan,6.35
2004,EG_EGY_PRIM,Kyrgyzstan,5.85
2005,EG_EGY_PRIM,Kyrgyzstan,5.93
2006,EG_EGY_PRIM,Kyrgyzstan,5.66
2007,EG_EGY_PRIM,Kyrgyzstan,6.08
2008,EG_EGY_PRIM,Kyrgyzstan,6.0
2009,EG_EGY_PRIM,Kyrgyzstan,5.33
2010,EG_EGY_PRIM,Kyrgyzstan,5.11
2011,EG_EGY_PRIM,Kyrgyzstan,5.8
2012,EG_EGY_PRIM,Kyrgyzstan,7.25
2013,EG_EGY_PRIM,Kyrgyzstan,6.16
2014,EG_EGY_PRIM,Kyrgyzstan,6.21
2015,EG_EGY_PRIM,Kyrgyzstan,5.82
2016,EG_EGY_PRIM,Kyrgyzstan,5.41
2017,EG_EGY_PRIM,Kyrgyzstan,5.15
2018,EG_EGY_PRIM,Kyrgyzstan,5.88
2019,EG_EGY_PRIM,Kyrgyzstan,4.96
2020,EG_EGY_PRIM,Kyrgyzstan,5.09
2000,EG_EGY_PRIM,Latvia,5.22
2001,EG_EGY_PRIM,Latvia,5.26
2002,EG_EGY_PRIM,Latvia,4.87
2003,EG_EGY_PRIM,Latvia,4.77
2004,EG_EGY_PRIM,Latvia,4.52
2005,EG_EGY_PRIM,Latvia,4.16
2006,EG_EGY_PRIM,Latvia,3.85
2007,EG_EGY_PRIM,Latvia,3.58
2008,EG_EGY_PRIM,Latvia,3.54
2009,EG_EGY_PRIM,Latvia,3.97
2010,EG_EGY_PRIM,Latvia,4.25
2011,EG_EGY_PRIM,Latvia,3.91
2012,EG_EGY_PRIM,Latvia,3.79
2013,EG_EGY_PRIM,Latvia,3.65
2014,EG_EGY_PRIM,Latvia,3.59
2015,EG_EGY_PRIM,Latvia,3.39
2016,EG_EGY_PRIM,Latvia,3.31
2017,EG_EGY_PRIM,Latvia,3.31
2018,EG_EGY_PRIM,Latvia,3.35
2019,EG_EGY_PRIM,Latvia,3.16
2020,EG_EGY_PRIM,Latvia,3.14
2014,EG_EGY_PRIM,Azerbaijan,4.3
2015,EG_EGY_PRIM,Azerbaijan,4.26
2016,EG_EGY_PRIM,Azerbaijan,4.35
2017,EG_EGY_PRIM,Azerbaijan,4.37
2018,EG_EGY_PRIM,Azerbaijan,4.32
2019,EG_EGY_PRIM,Azerbaijan,4.61
2020,EG_EGY_PRIM,Azerbaijan,4.7
2000,EG_EGY_PRIM,Australia,6.18
2001,EG_EGY_PRIM,Australia,5.93
2002,EG_EGY_PRIM,Australia,5.9
2003,EG_EGY_PRIM,Australia,5.79
2000,EG_EGY_PRIM,Lithuania,6.17
2001,EG_EGY_PRIM,Lithuania,6.72
2002,EG_EGY_PRIM,Lithuania,6.75
2003,EG_EGY_PRIM,Lithuania,6.37
2004,EG_EGY_PRIM,Lithuania,6.06
2005,EG_EGY_PRIM,Lithuania,5.31
2006,EG_EGY_PRIM,Lithuania,4.86
2007,EG_EGY_PRIM,Lithuania,4.74
2008,EG_EGY_PRIM,Lithuania,4.66
2009,EG_EGY_PRIM,Lithuania,5.03
2010,EG_EGY_PRIM,Lithuania,3.98
2011,EG_EGY_PRIM,Lithuania,3.89
2012,EG_EGY_PRIM,Lithuania,3.78
2013,EG_EGY_PRIM,Lithuania,3.45
2014,EG_EGY_PRIM,Lithuania,3.34
2015,EG_EGY_PRIM,Lithuania,3.3
2016,EG_EGY_PRIM,Lithuania,3.3
2017,EG_EGY_PRIM,Lithuania,3.31
2018,EG_EGY_PRIM,Lithuania,3.22
2019,EG_EGY_PRIM,Lithuania,3.07
2020,EG_EGY_PRIM,Lithuania,3.01
2000,EG_EGY_PRIM,Luxembourg,3.24
2001,EG_EGY_PRIM,Luxembourg,3.31
2002,EG_EGY_PRIM,Luxembourg,3.33
2003,EG_EGY_PRIM,Luxembourg,3.42
2004,EG_EGY_PRIM,Luxembourg,3.65
2005,EG_EGY_PRIM,Luxembourg,3.63
2004,EG_EGY_PRIM,Australia,5.65
2005,EG_EGY_PRIM,Australia,5.52
2006,EG_EGY_PRIM,Australia,5.58
2007,EG_EGY_PRIM,Australia,5.53
2008,EG_EGY_PRIM,Australia,5.54
2009,EG_EGY_PRIM,Australia,5.44
2010,EG_EGY_PRIM,Australia,5.34
2011,EG_EGY_PRIM,Australia,5.24
2012,EG_EGY_PRIM,Australia,4.99
2013,EG_EGY_PRIM,Australia,4.93
2014,EG_EGY_PRIM,Australia,4.79
2015,EG_EGY_PRIM,Australia,4.68
2006,EG_EGY_PRIM,Luxembourg,3.39
2007,EG_EGY_PRIM,Luxembourg,3.05
2008,EG_EGY_PRIM,Luxembourg,3.06
2009,EG_EGY_PRIM,Luxembourg,2.97
2010,EG_EGY_PRIM,Luxembourg,3.05
2011,EG_EGY_PRIM,Luxembourg,2.99
2012,EG_EGY_PRIM,Luxembourg,2.88
2013,EG_EGY_PRIM,Luxembourg,2.71
2014,EG_EGY_PRIM,Luxembourg,2.54
2015,EG_EGY_PRIM,Luxembourg,2.42
2016,EG_EGY_PRIM,Luxembourg,2.28
2017,EG_EGY_PRIM,Luxembourg,2.3
2018,EG_EGY_PRIM,Luxembourg,2.33
2019,EG_EGY_PRIM,Luxembourg,2.29
2020,EG_EGY_PRIM,Luxembourg,2.02
2000,EG_EGY_PRIM,Malta,2.64
2001,EG_EGY_PRIM,Malta,3.11
2002,EG_EGY_PRIM,Malta,2.82
2003,EG_EGY_PRIM,Malta,3.05
2004,EG_EGY_PRIM,Malta,3.06
2005,EG_EGY_PRIM,Malta,3.03
2006,EG_EGY_PRIM,Malta,2.96
2007,EG_EGY_PRIM,Malta,2.89
2008,EG_EGY_PRIM,Malta,2.82
2009,EG_EGY_PRIM,Malta,2.61
2010,EG_EGY_PRIM,Malta,2.58
2011,EG_EGY_PRIM,Malta,2.55
2012,EG_EGY_PRIM,Malta,2.6
2013,EG_EGY_PRIM,Malta,2.15
2014,EG_EGY_PRIM,Malta,2.01
2015,EG_EGY_PRIM,Malta,1.52
2016,EG_EGY_PRIM,Malta,1.36
2017,EG_EGY_PRIM,Malta,1.39
2018,EG_EGY_PRIM,Malta,1.32
2019,EG_EGY_PRIM,Malta,1.33
2016,EG_EGY_PRIM,Australia,4.54
2017,EG_EGY_PRIM,Australia,4.5
2018,EG_EGY_PRIM,Australia,4.4
2019,EG_EGY_PRIM,Australia,4.33
2020,EG_EGY_PRIM,Australia,4.39
2000,EG_EGY_PRIM,Austria,3.22
2001,EG_EGY_PRIM,Austria,3.36
2002,EG_EGY_PRIM,Austria,3.33
2003,EG_EGY_PRIM,Austria,3.48
2004,EG_EGY_PRIM,Austria,3.44
2005,EG_EGY_PRIM,Austria,3.46
2006,EG_EGY_PRIM,Austria,3.38
2020,EG_EGY_PRIM,Malta,1.38
2000,EG_EGY_PRIM,Mexico,3.6
2001,EG_EGY_PRIM,Mexico,3.72
2002,EG_EGY_PRIM,Mexico,3.76
2003,EG_EGY_PRIM,Mexico,3.97
2004,EG_EGY_PRIM,Mexico,3.89
2005,EG_EGY_PRIM,Mexico,4.01
2006,EG_EGY_PRIM,Mexico,3.9
2007,EG_EGY_PRIM,Mexico,3.8
2008,EG_EGY_PRIM,Mexico,3.78
2009,EG_EGY_PRIM,Mexico,3.9
2010,EG_EGY_PRIM,Mexico,3.68
2011,EG_EGY_PRIM,Mexico,3.72
2012,EG_EGY_PRIM,Mexico,3.68
2013,EG_EGY_PRIM,Mexico,3.64
2014,EG_EGY_PRIM,Mexico,3.47
2015,EG_EGY_PRIM,Mexico,3.3
2016,EG_EGY_PRIM,Mexico,3.21
2017,EG_EGY_PRIM,Mexico,3.07
2018,EG_EGY_PRIM,Mexico,3.06
2019,EG_EGY_PRIM,Mexico,3.04
2020,EG_EGY_PRIM,Mexico,3.21
2000,EG_EGY_PRIM,Republic of Moldova,8.14
2001,EG_EGY_PRIM,Republic of Moldova,8.12
2007,EG_EGY_PRIM,Austria,3.19
2008,EG_EGY_PRIM,Austria,3.17
2009,EG_EGY_PRIM,Austria,3.13
2010,EG_EGY_PRIM,Austria,3.28
2011,EG_EGY_PRIM,Austria,3.09
2012,EG_EGY_PRIM,Austria,3.06
2013,EG_EGY_PRIM,Austria,3.1
2014,EG_EGY_PRIM,Austria,2.97
2015,EG_EGY_PRIM,Austria,3.01
2016,EG_EGY_PRIM,Austria,2.98
2017,EG_EGY_PRIM,Austria,2.97
2018,EG_EGY_PRIM,Austria,2.82
2002,EG_EGY_PRIM,Republic of Moldova,7.64
2003,EG_EGY_PRIM,Republic of Moldova,7.78
2004,EG_EGY_PRIM,Republic of Moldova,7.28
2005,EG_EGY_PRIM,Republic of Moldova,7.06
2006,EG_EGY_PRIM,Republic of Moldova,6.6
2007,EG_EGY_PRIM,Republic of Moldova,6.26
2008,EG_EGY_PRIM,Republic of Moldova,5.77
2009,EG_EGY_PRIM,Republic of Moldova,5.84
2010,EG_EGY_PRIM,Republic of Moldova,6.38
2011,EG_EGY_PRIM,Republic of Moldova,6.12
2012,EG_EGY_PRIM,Republic of Moldova,6.13
2013,EG_EGY_PRIM,Republic of Moldova,5.05
2014,EG_EGY_PRIM,Republic of Moldova,5.19
2015,EG_EGY_PRIM,Republic of Moldova,5.29
2016,EG_EGY_PRIM,Republic of Moldova,5.19
2017,EG_EGY_PRIM,Republic of Moldova,5.02
2018,EG_EGY_PRIM,Republic of Moldova,5.09
2019,EG_EGY_PRIM,Republic of Moldova,4.82
2020,EG_EGY_PRIM,Republic of Moldova,5.08
2005,EG_EGY_PRIM,Montenegro,4.96
2006,EG_EGY_PRIM,Montenegro,5.06
2007,EG_EGY_PRIM,Montenegro,4.71
2008,EG_EGY_PRIM,Montenegro,4.73
2009,EG_EGY_PRIM,Montenegro,3.98
2010,EG_EGY_PRIM,Montenegro,4.55
2011,EG_EGY_PRIM,Montenegro,4.39
2012,EG_EGY_PRIM,Montenegro,4.25
2013,EG_EGY_PRIM,Montenegro,3.8
2019,EG_EGY_PRIM,Austria,2.82
2020,EG_EGY_PRIM,Austria,2.85
2000,EG_EGY_PRIM,Armenia,6.79
2001,EG_EGY_PRIM,Armenia,6.17
2002,EG_EGY_PRIM,Armenia,5.1
2003,EG_EGY_PRIM,Armenia,4.72
2004,EG_EGY_PRIM,Armenia,4.52
2005,EG_EGY_PRIM,Armenia,4.76
2006,EG_EGY_PRIM,Armenia,4.28
2007,EG_EGY_PRIM,Armenia,4.2
2008,EG_EGY_PRIM,Armenia,4.13
2009,EG_EGY_PRIM,Armenia,4.18
2014,EG_EGY_PRIM,Montenegro,3.64
2015,EG_EGY_PRIM,Montenegro,3.68
2016,EG_EGY_PRIM,Montenegro,3.47
2017,EG_EGY_PRIM,Montenegro,3.48
2018,EG_EGY_PRIM,Montenegro,3.42
2019,EG_EGY_PRIM,Montenegro,3.4
2020,EG_EGY_PRIM,Montenegro,3.76
2000,EG_EGY_PRIM,Netherlands (Kingdom of the),4.15
2001,EG_EGY_PRIM,Netherlands (Kingdom of the),4.16
2002,EG_EGY_PRIM,Netherlands (Kingdom of the),4.19
2003,EG_EGY_PRIM,Netherlands (Kingdom of the),4.34
2004,EG_EGY_PRIM,Netherlands (Kingdom of the),4.3
2005,EG_EGY_PRIM,Netherlands (Kingdom of the),4.14
2006,EG_EGY_PRIM,Netherlands (Kingdom of the),3.97
2007,EG_EGY_PRIM,Netherlands (Kingdom of the),3.81
2008,EG_EGY_PRIM,Netherlands (Kingdom of the),3.7
2009,EG_EGY_PRIM,Netherlands (Kingdom of the),3.79
2010,EG_EGY_PRIM,Netherlands (Kingdom of the),4.01
2011,EG_EGY_PRIM,Netherlands (Kingdom of the),3.67
2012,EG_EGY_PRIM,Netherlands (Kingdom of the),3.71
2013,EG_EGY_PRIM,Netherlands (Kingdom of the),3.64
2014,EG_EGY_PRIM,Netherlands (Kingdom of the),3.38
2015,EG_EGY_PRIM,Netherlands (Kingdom of the),3.39
2016,EG_EGY_PRIM,Netherlands (Kingdom of the),3.38
2017,EG_EGY_PRIM,Netherlands (Kingdom of the),3.31
2018,EG_EGY_PRIM,Netherlands (Kingdom of the),3.17
2019,EG_EGY_PRIM,Netherlands (Kingdom of the),3.04
2020,EG_EGY_PRIM,Netherlands (Kingdom of the),3.06
2000,EG_EGY_PRIM,New Zealand,5.6
2001,EG_EGY_PRIM,New Zealand,5.42
2002,EG_EGY_PRIM,New Zealand,5.17
2003,EG_EGY_PRIM,New Zealand,4.87
2004,EG_EGY_PRIM,New Zealand,4.8
2005,EG_EGY_PRIM,New Zealand,4.53
2006,EG_EGY_PRIM,New Zealand,4.41
2007,EG_EGY_PRIM,New Zealand,4.34
2008,EG_EGY_PRIM,New Zealand,4.45
2009,EG_EGY_PRIM,New Zealand,4.48
2010,EG_EGY_PRIM,New Zealand,4.57
2011,EG_EGY_PRIM,New Zealand,4.46
2012,EG_EGY_PRIM,New Zealand,4.61
2013,EG_EGY_PRIM,New Zealand,4.54
2014,EG_EGY_PRIM,New Zealand,4.6
2015,EG_EGY_PRIM,New Zealand,4.48
2010,EG_EGY_PRIM,Armenia,3.89
2011,EG_EGY_PRIM,Armenia,4.06
2012,EG_EGY_PRIM,Armenia,4.15
2013,EG_EGY_PRIM,Armenia,3.92
2014,EG_EGY_PRIM,Armenia,4.11
2015,EG_EGY_PRIM,Armenia,4.12
2016,EG_EGY_PRIM,Armenia,3.93
2017,EG_EGY_PRIM,Armenia,3.86
2018,EG_EGY_PRIM,Armenia,3.51
2019,EG_EGY_PRIM,Armenia,3.53
2020,EG_EGY_PRIM,Armenia,4.02
2000,EG_EGY_PRIM,Belgium,5.51
2016,EG_EGY_PRIM,New Zealand,4.27
2017,EG_EGY_PRIM,New Zealand,4.12
2018,EG_EGY_PRIM,New Zealand,3.92
2019,EG_EGY_PRIM,New Zealand,4.0
2020,EG_EGY_PRIM,New Zealand,3.89
2000,EG_EGY_PRIM,Norway,4.27
2001,EG_EGY_PRIM,Norway,4.3
2002,EG_EGY_PRIM,Norway,3.94
2003,EG_EGY_PRIM,Norway,4.23
2004,EG_EGY_PRIM,Norway,4.3
2005,EG_EGY_PRIM,Norway,4.28
2006,EG_EGY_PRIM,Norway,4.21
2007,EG_EGY_PRIM,Norway,3.83
2008,EG_EGY_PRIM,Norway,4.44
2009,EG_EGY_PRIM,Norway,4.43
2010,EG_EGY_PRIM,Norway,4.58
2011,EG_EGY_PRIM,Norway,3.84
2012,EG_EGY_PRIM,Norway,4.17
2013,EG_EGY_PRIM,Norway,4.37
2014,EG_EGY_PRIM,Norway,3.75
2015,EG_EGY_PRIM,Norway,3.81
2016,EG_EGY_PRIM,Norway,3.56
2017,EG_EGY_PRIM,Norway,3.72
2018,EG_EGY_PRIM,Norway,3.65
2001,EG_EGY_PRIM,Belgium,5.41
2002,EG_EGY_PRIM,Belgium,5.15
2003,EG_EGY_PRIM,Belgium,5.32
2004,EG_EGY_PRIM,Belgium,5.16
2005,EG_EGY_PRIM,Belgium,5.01
2006,EG_EGY_PRIM,Belgium,4.83
2007,EG_EGY_PRIM,Belgium,4.57
2008,EG_EGY_PRIM,Belgium,4.69
2009,EG_EGY_PRIM,Belgium,4.59
2010,EG_EGY_PRIM,Belgium,4.81
2011,EG_EGY_PRIM,Belgium,4.4
2012,EG_EGY_PRIM,Belgium,4.19
2019,EG_EGY_PRIM,Norway,3.37
2020,EG_EGY_PRIM,Norway,3.36
2000,EG_EGY_PRIM,Poland,5.98
2001,EG_EGY_PRIM,Poland,5.94
2002,EG_EGY_PRIM,Poland,5.76
2003,EG_EGY_PRIM,Poland,5.71
2004,EG_EGY_PRIM,Poland,5.46
2005,EG_EGY_PRIM,Poland,5.34
2006,EG_EGY_PRIM,Poland,5.29
2007,EG_EGY_PRIM,Poland,4.92
2008,EG_EGY_PRIM,Poland,4.78
2009,EG_EGY_PRIM,Poland,4.47
2013,EG_EGY_PRIM,Belgium,4.35
2014,EG_EGY_PRIM,Belgium,4.04
2015,EG_EGY_PRIM,Belgium,3.95
2016,EG_EGY_PRIM,Belgium,4.12
2017,EG_EGY_PRIM,Belgium,4.04
2018,EG_EGY_PRIM,Belgium,3.82
2019,EG_EGY_PRIM,Belgium,3.85
2020,EG_EGY_PRIM,Belgium,3.74
2000,EG_EGY_PRIM,Bosnia and Herzegovina,6.38
2001,EG_EGY_PRIM,Bosnia and Herzegovina,6.02
2002,EG_EGY_PRIM,Bosnia and Herzegovina,6.01
2010,EG_EGY_PRIM,Poland,4.61
2011,EG_EGY_PRIM,Poland,4.42
2012,EG_EGY_PRIM,Poland,4.22
2013,EG_EGY_PRIM,Poland,4.17
2014,EG_EGY_PRIM,Poland,3.89
2015,EG_EGY_PRIM,Poland,3.76
2016,EG_EGY_PRIM,Poland,3.82
2017,EG_EGY_PRIM,Poland,3.81
2018,EG_EGY_PRIM,Poland,3.79
2019,EG_EGY_PRIM,Poland,3.48
2020,EG_EGY_PRIM,Poland,3.47
2000,EG_EGY_PRIM,Portugal,3.29
2001,EG_EGY_PRIM,Portugal,3.26
2002,EG_EGY_PRIM,Portugal,3.37
2003,EG_EGY_PRIM,Portugal,3.3
2004,EG_EGY_PRIM,Portugal,3.34
2005,EG_EGY_PRIM,Portugal,3.39
2006,EG_EGY_PRIM,Portugal,3.17
2007,EG_EGY_PRIM,Portugal,3.12
2008,EG_EGY_PRIM,Portugal,3.03
2009,EG_EGY_PRIM,Portugal,3.09
2010,EG_EGY_PRIM,Portugal,2.93
2011,EG_EGY_PRIM,Portugal,2.89
2012,EG_EGY_PRIM,Portugal,2.83
2003,EG_EGY_PRIM,Bosnia and Herzegovina,5.78
2004,EG_EGY_PRIM,Bosnia and Herzegovina,5.94
2005,EG_EGY_PRIM,Bosnia and Herzegovina,5.99
2006,EG_EGY_PRIM,Bosnia and Herzegovina,5.98
2007,EG_EGY_PRIM,Bosnia and Herzegovina,5.65
2008,EG_EGY_PRIM,Bosnia and Herzegovina,6.02
2009,EG_EGY_PRIM,Bosnia and Herzegovina,6.48
2010,EG_EGY_PRIM,Bosnia and Herzegovina,6.7
2011,EG_EGY_PRIM,Bosnia and Herzegovina,7.31
2012,EG_EGY_PRIM,Bosnia and Herzegovina,6.9
2013,EG_EGY_PRIM,Bosnia and Herzegovina,6.51
2013,EG_EGY_PRIM,Portugal,2.86
2014,EG_EGY_PRIM,Portugal,2.8
2015,EG_EGY_PRIM,Portugal,2.85
2016,EG_EGY_PRIM,Portugal,2.78
2017,EG_EGY_PRIM,Portugal,2.8
2018,EG_EGY_PRIM,Portugal,2.63
2019,EG_EGY_PRIM,Portugal,2.53
2020,EG_EGY_PRIM,Portugal,2.56
2000,EG_EGY_PRIM,Romania,5.58
2001,EG_EGY_PRIM,Romania,5.4
2002,EG_EGY_PRIM,Romania,5.28
2003,EG_EGY_PRIM,Romania,5.38
2004,EG_EGY_PRIM,Romania,4.74
2005,EG_EGY_PRIM,Romania,4.51
2006,EG_EGY_PRIM,Romania,4.32
2007,EG_EGY_PRIM,Romania,4.01
2008,EG_EGY_PRIM,Romania,3.66
2009,EG_EGY_PRIM,Romania,3.4
2010,EG_EGY_PRIM,Romania,3.56
2011,EG_EGY_PRIM,Romania,3.57
2012,EG_EGY_PRIM,Romania,3.41
2013,EG_EGY_PRIM,Romania,3.0
2014,EG_EGY_PRIM,Romania,2.86
2015,EG_EGY_PRIM,Romania,2.8
2014,EG_EGY_PRIM,Bosnia and Herzegovina,5.98
2015,EG_EGY_PRIM,Bosnia and Herzegovina,5.97
2016,EG_EGY_PRIM,Bosnia and Herzegovina,6.33
2017,EG_EGY_PRIM,Bosnia and Herzegovina,6.12
2018,EG_EGY_PRIM,Bosnia and Herzegovina,6.54
2019,EG_EGY_PRIM,Bosnia and Herzegovina,6.15
2020,EG_EGY_PRIM,Bosnia and Herzegovina,6.24
2000,EG_EGY_PRIM,Bulgaria,9.08
2001,EG_EGY_PRIM,Bulgaria,9.11
2002,EG_EGY_PRIM,Bulgaria,8.38
2003,EG_EGY_PRIM,Bulgaria,8.16
2004,EG_EGY_PRIM,Bulgaria,7.45
2005,EG_EGY_PRIM,Bulgaria,7.36
2006,EG_EGY_PRIM,Bulgaria,7.1
2007,EG_EGY_PRIM,Bulgaria,6.53
2008,EG_EGY_PRIM,Bulgaria,6.07
2009,EG_EGY_PRIM,Bulgaria,5.51
2010,EG_EGY_PRIM,Bulgaria,5.52
2011,EG_EGY_PRIM,Bulgaria,5.82
2012,EG_EGY_PRIM,Bulgaria,5.52
2013,EG_EGY_PRIM,Bulgaria,5.13
2014,EG_EGY_PRIM,Bulgaria,5.34
2015,EG_EGY_PRIM,Bulgaria,5.38
2016,EG_EGY_PRIM,Romania,2.67
2017,EG_EGY_PRIM,Romania,2.61
2018,EG_EGY_PRIM,Romania,2.52
2019,EG_EGY_PRIM,Romania,2.39
2020,EG_EGY_PRIM,Romania,2.42
2000,EG_EGY_PRIM,Serbia,8.47
2001,EG_EGY_PRIM,Serbia,8.63
2002,EG_EGY_PRIM,Serbia,8.66
2003,EG_EGY_PRIM,Serbia,8.72
2004,EG_EGY_PRIM,Serbia,8.73
2005,EG_EGY_PRIM,Serbia,7.34
2006,EG_EGY_PRIM,Serbia,7.41
2007,EG_EGY_PRIM,Serbia,6.78
2008,EG_EGY_PRIM,Serbia,6.53
2009,EG_EGY_PRIM,Serbia,6.05
2010,EG_EGY_PRIM,Serbia,6.19
2011,EG_EGY_PRIM,Serbia,6.29
2012,EG_EGY_PRIM,Serbia,5.69
2013,EG_EGY_PRIM,Serbia,5.66
2014,EG_EGY_PRIM,Serbia,5.12
2015,EG_EGY_PRIM,Serbia,5.59
2016,EG_EGY_PRIM,Serbia,5.6
2017,EG_EGY_PRIM,Serbia,5.61
2018,EG_EGY_PRIM,Serbia,5.28
2019,EG_EGY_PRIM,Serbia,5.04
2020,EG_EGY_PRIM,Serbia,5.26
2000,EG_EGY_PRIM,Slovakia,8.8
2001,EG_EGY_PRIM,Slovakia,8.93
2002,EG_EGY_PRIM,Slovakia,8.61
2003,EG_EGY_PRIM,Slovakia,8.12
2004,EG_EGY_PRIM,Slovakia,7.59
2005,EG_EGY_PRIM,Slovakia,7.31
2006,EG_EGY_PRIM,Slovakia,6.67
2007,EG_EGY_PRIM,Slovakia,5.76
2008,EG_EGY_PRIM,Slovakia,5.6
2009,EG_EGY_PRIM,Slovakia,5.41
2016,EG_EGY_PRIM,Bulgaria,5.09
2017,EG_EGY_PRIM,Bulgaria,5.12
2018,EG_EGY_PRIM,Bulgaria,4.98
2019,EG_EGY_PRIM,Bulgaria,4.73
2020,EG_EGY_PRIM,Bulgaria,4.71
2000,EG_EGY_PRIM,Belarus,12.85
2001,EG_EGY_PRIM,Belarus,12.33
2002,EG_EGY_PRIM,Belarus,11.96
2003,EG_EGY_PRIM,Belarus,11.5
2004,EG_EGY_PRIM,Belarus,10.66
2005,EG_EGY_PRIM,Belarus,9.74
2006,EG_EGY_PRIM,Belarus,9.42
2010,EG_EGY_PRIM,Slovakia,5.42
2011,EG_EGY_PRIM,Slovakia,5.14
2012,EG_EGY_PRIM,Slovakia,4.87
2013,EG_EGY_PRIM,Slovakia,4.92
2014,EG_EGY_PRIM,Slovakia,4.51
2015,EG_EGY_PRIM,Slovakia,4.41
2016,EG_EGY_PRIM,Slovakia,4.35
2017,EG_EGY_PRIM,Slovakia,4.46
2018,EG_EGY_PRIM,Slovakia,4.27
2019,EG_EGY_PRIM,Slovakia,4.1
2020,EG_EGY_PRIM,Slovakia,4.16
2000,EG_EGY_PRIM,Viet Nam,4.13
2007,EG_EGY_PRIM,Belarus,8.5
2008,EG_EGY_PRIM,Belarus,7.72
2009,EG_EGY_PRIM,Belarus,7.29
2010,EG_EGY_PRIM,Belarus,7.01
2011,EG_EGY_PRIM,Belarus,7.06
2012,EG_EGY_PRIM,Belarus,7.24
2013,EG_EGY_PRIM,Belarus,6.39
2014,EG_EGY_PRIM,Belarus,6.4
2015,EG_EGY_PRIM,Belarus,6.07
2016,EG_EGY_PRIM,Belarus,6.18
2017,EG_EGY_PRIM,Belarus,6.14
2018,EG_EGY_PRIM,Belarus,6.29
2001,EG_EGY_PRIM,Viet Nam,4.14
2002,EG_EGY_PRIM,Viet Nam,4.25
2003,EG_EGY_PRIM,Viet Nam,4.18
2004,EG_EGY_PRIM,Viet Nam,4.31
2005,EG_EGY_PRIM,Viet Nam,4.25
2006,EG_EGY_PRIM,Viet Nam,4.07
2007,EG_EGY_PRIM,Viet Nam,4.09
2008,EG_EGY_PRIM,Viet Nam,4.14
2009,EG_EGY_PRIM,Viet Nam,4.29
2010,EG_EGY_PRIM,Viet Nam,4.44
2011,EG_EGY_PRIM,Viet Nam,4.18
2012,EG_EGY_PRIM,Viet Nam,4.01
2019,EG_EGY_PRIM,Belarus,5.97
2020,EG_EGY_PRIM,Belarus,5.83
2000,EG_EGY_PRIM,Canada,9.31
2001,EG_EGY_PRIM,Canada,9.04
2002,EG_EGY_PRIM,Canada,8.77
2003,EG_EGY_PRIM,Canada,8.89
2004,EG_EGY_PRIM,Canada,8.77
2005,EG_EGY_PRIM,Canada,8.41
2006,EG_EGY_PRIM,Canada,8.2
2007,EG_EGY_PRIM,Canada,7.67
2008,EG_EGY_PRIM,Canada,7.41
2009,EG_EGY_PRIM,Canada,7.34
2013,EG_EGY_PRIM,Viet Nam,3.91
2014,EG_EGY_PRIM,Viet Nam,4.11
2015,EG_EGY_PRIM,Viet Nam,3.54
2016,EG_EGY_PRIM,Viet Nam,3.65
2017,EG_EGY_PRIM,Viet Nam,3.55
2018,EG_EGY_PRIM,Viet Nam,3.91
2019,EG_EGY_PRIM,Viet Nam,4.11
2020,EG_EGY_PRIM,Viet Nam,4.05
2000,EG_EGY_PRIM,Slovenia,5.23
2001,EG_EGY_PRIM,Slovenia,5.39
2002,EG_EGY_PRIM,Slovenia,5.21
2003,EG_EGY_PRIM,Slovenia,5.14
2004,EG_EGY_PRIM,Slovenia,5.07
2005,EG_EGY_PRIM,Slovenia,5.06
2006,EG_EGY_PRIM,Slovenia,4.77
2007,EG_EGY_PRIM,Slovenia,4.51
2008,EG_EGY_PRIM,Slovenia,4.59
2009,EG_EGY_PRIM,Slovenia,4.45
2010,EG_EGY_PRIM,Slovenia,4.51
2011,EG_EGY_PRIM,Slovenia,4.47
2012,EG_EGY_PRIM,Slovenia,4.4
2013,EG_EGY_PRIM,Slovenia,4.33
2014,EG_EGY_PRIM,Slovenia,4.09
2015,EG_EGY_PRIM,Slovenia,3.95
2010,EG_EGY_PRIM,Canada,7.11
2011,EG_EGY_PRIM,Canada,7.06
2012,EG_EGY_PRIM,Canada,6.99
2013,EG_EGY_PRIM,Canada,6.97
2014,EG_EGY_PRIM,Canada,6.95
2015,EG_EGY_PRIM,Canada,6.86
2016,EG_EGY_PRIM,Canada,7.09
2017,EG_EGY_PRIM,Canada,7.17
2018,EG_EGY_PRIM,Canada,7.08
2019,EG_EGY_PRIM,Canada,6.97
2020,EG_EGY_PRIM,Canada,6.78
2000,EG_EGY_PRIM,Chile,4.45
2001,EG_EGY_PRIM,Chile,4.24
2002,EG_EGY_PRIM,Chile,4.25
2003,EG_EGY_PRIM,Chile,4.1
2004,EG_EGY_PRIM,Chile,4.09
2005,EG_EGY_PRIM,Chile,3.99
2006,EG_EGY_PRIM,Chile,3.91
2007,EG_EGY_PRIM,Chile,3.86
2008,EG_EGY_PRIM,Chile,3.68
2009,EG_EGY_PRIM,Chile,3.63
2010,EG_EGY_PRIM,Chile,3.58
2011,EG_EGY_PRIM,Chile,3.67
2012,EG_EGY_PRIM,Chile,3.83
2016,EG_EGY_PRIM,Slovenia,3.95
2017,EG_EGY_PRIM,Slovenia,3.88
2018,EG_EGY_PRIM,Slovenia,3.67
2019,EG_EGY_PRIM,Slovenia,3.5
2020,EG_EGY_PRIM,Slovenia,3.46
2000,EG_EGY_PRIM,Spain,3.6
2001,EG_EGY_PRIM,Spain,3.56
2002,EG_EGY_PRIM,Spain,3.57
2003,EG_EGY_PRIM,Spain,3.58
2004,EG_EGY_PRIM,Spain,3.63
2005,EG_EGY_PRIM,Spain,3.57
2006,EG_EGY_PRIM,Spain,3.43
2007,EG_EGY_PRIM,Spain,3.36
2008,EG_EGY_PRIM,Spain,3.22
2009,EG_EGY_PRIM,Spain,3.08
2010,EG_EGY_PRIM,Spain,3.07
2011,EG_EGY_PRIM,Spain,3.05
2012,EG_EGY_PRIM,Spain,3.13
2013,EG_EGY_PRIM,Spain,2.97
2014,EG_EGY_PRIM,Spain,2.86
2015,EG_EGY_PRIM,Spain,2.86
2016,EG_EGY_PRIM,Spain,2.79
2017,EG_EGY_PRIM,Spain,2.85
2018,EG_EGY_PRIM,Spain,2.77
2019,EG_EGY_PRIM,Spain,2.64
2020,EG_EGY_PRIM,Spain,2.66
2000,EG_EGY_PRIM,Sweden,5.54
2001,EG_EGY_PRIM,Sweden,5.81
2002,EG_EGY_PRIM,Sweden,5.83
2003,EG_EGY_PRIM,Sweden,5.57
2004,EG_EGY_PRIM,Sweden,5.54
2005,EG_EGY_PRIM,Sweden,5.26
2006,EG_EGY_PRIM,Sweden,4.9
2007,EG_EGY_PRIM,Sweden,4.71
2008,EG_EGY_PRIM,Sweden,4.7
2009,EG_EGY_PRIM,Sweden,4.5
2013,EG_EGY_PRIM,Chile,3.84
2014,EG_EGY_PRIM,Chile,3.4
2015,EG_EGY_PRIM,Chile,3.4
2016,EG_EGY_PRIM,Chile,3.56
2017,EG_EGY_PRIM,Chile,3.56
2018,EG_EGY_PRIM,Chile,3.49
2019,EG_EGY_PRIM,Chile,3.66
2020,EG_EGY_PRIM,Chile,3.58
2000,EG_EGY_PRIM,China,10.89
2001,EG_EGY_PRIM,China,10.38
2002,EG_EGY_PRIM,China,10.11
2003,EG_EGY_PRIM,China,10.48
2004,EG_EGY_PRIM,China,10.84
2005,EG_EGY_PRIM,China,10.72
2006,EG_EGY_PRIM,China,10.41
2007,EG_EGY_PRIM,China,9.81
2008,EG_EGY_PRIM,China,9.18
2009,EG_EGY_PRIM,China,8.95
2010,EG_EGY_PRIM,China,8.93
2011,EG_EGY_PRIM,China,8.75
2012,EG_EGY_PRIM,China,8.41
2013,EG_EGY_PRIM,China,8.05
2014,EG_EGY_PRIM,China,7.69
2015,EG_EGY_PRIM,China,7.21
2010,EG_EGY_PRIM,Sweden,4.77
2011,EG_EGY_PRIM,Sweden,4.52
2012,EG_EGY_PRIM,Sweden,4.59
2013,EG_EGY_PRIM,Sweden,4.48
2014,EG_EGY_PRIM,Sweden,4.25
2015,EG_EGY_PRIM,Sweden,3.76
2016,EG_EGY_PRIM,Sweden,3.96
2017,EG_EGY_PRIM,Sweden,3.97
2018,EG_EGY_PRIM,Sweden,3.97
2019,EG_EGY_PRIM,Sweden,3.79
2020,EG_EGY_PRIM,Sweden,3.56
2000,EG_EGY_PRIM,Switzerland,2.44
2001,EG_EGY_PRIM,Switzerland,2.56
2002,EG_EGY_PRIM,Switzerland,2.49
2003,EG_EGY_PRIM,Switzerland,2.5
2004,EG_EGY_PRIM,Switzerland,2.44
2005,EG_EGY_PRIM,Switzerland,2.36
2006,EG_EGY_PRIM,Switzerland,2.37
2007,EG_EGY_PRIM,Switzerland,2.16
2008,EG_EGY_PRIM,Switzerland,2.19
2009,EG_EGY_PRIM,Switzerland,2.25
2010,EG_EGY_PRIM,Switzerland,2.11
2011,EG_EGY_PRIM,Switzerland,2.0
2016,EG_EGY_PRIM,China,6.71
2017,EG_EGY_PRIM,China,6.51
2018,EG_EGY_PRIM,China,6.39
2019,EG_EGY_PRIM,China,6.31
2020,EG_EGY_PRIM,China,6.37
2000,EG_EGY_PRIM,Colombia,3.02
2001,EG_EGY_PRIM,Colombia,2.97
2002,EG_EGY_PRIM,Colombia,2.84
2003,EG_EGY_PRIM,Colombia,2.79
2004,EG_EGY_PRIM,Colombia,2.67
2005,EG_EGY_PRIM,Colombia,2.66
2006,EG_EGY_PRIM,Colombia,2.63
2012,EG_EGY_PRIM,Switzerland,2.0
2013,EG_EGY_PRIM,Switzerland,2.05
2014,EG_EGY_PRIM,Switzerland,1.87
2015,EG_EGY_PRIM,Switzerland,1.8
2016,EG_EGY_PRIM,Switzerland,1.72
2017,EG_EGY_PRIM,Switzerland,1.7
2018,EG_EGY_PRIM,Switzerland,1.66
2019,EG_EGY_PRIM,Switzerland,1.68
2020,EG_EGY_PRIM,Switzerland,1.64
2000,EG_EGY_PRIM,Tajikistan,10.92
2001,EG_EGY_PRIM,Tajikistan,9.84
2007,EG_EGY_PRIM,Colombia,2.45
2008,EG_EGY_PRIM,Colombia,2.49
2009,EG_EGY_PRIM,Colombia,2.56
2010,EG_EGY_PRIM,Colombia,2.41
2011,EG_EGY_PRIM,Colombia,2.31
2012,EG_EGY_PRIM,Colombia,2.15
2013,EG_EGY_PRIM,Colombia,2.68
2014,EG_EGY_PRIM,Colombia,2.6
2015,EG_EGY_PRIM,Colombia,2.56
2016,EG_EGY_PRIM,Colombia,2.6
2017,EG_EGY_PRIM,Colombia,2.45
2018,EG_EGY_PRIM,Colombia,2.31
2002,EG_EGY_PRIM,Tajikistan,8.91
2003,EG_EGY_PRIM,Tajikistan,8.18
2004,EG_EGY_PRIM,Tajikistan,8.02
2005,EG_EGY_PRIM,Tajikistan,7.5
2006,EG_EGY_PRIM,Tajikistan,7.23
2007,EG_EGY_PRIM,Tajikistan,7.17
2008,EG_EGY_PRIM,Tajikistan,6.32
2009,EG_EGY_PRIM,Tajikistan,5.29
2010,EG_EGY_PRIM,Tajikistan,5.06
2011,EG_EGY_PRIM,Tajikistan,4.73
2012,EG_EGY_PRIM,Tajikistan,4.76
2019,EG_EGY_PRIM,Colombia,2.44
2020,EG_EGY_PRIM,Colombia,2.46
2000,EG_EGY_PRIM,Costa Rica,2.41
2001,EG_EGY_PRIM,Costa Rica,2.34
2002,EG_EGY_PRIM,Costa Rica,2.39
2003,EG_EGY_PRIM,Costa Rica,2.45
2004,EG_EGY_PRIM,Costa Rica,2.78
2005,EG_EGY_PRIM,Costa Rica,2.67
2006,EG_EGY_PRIM,Costa Rica,2.71
2007,EG_EGY_PRIM,Costa Rica,2.64
2008,EG_EGY_PRIM,Costa Rica,2.54
2013,EG_EGY_PRIM,Tajikistan,4.45
2014,EG_EGY_PRIM,Tajikistan,4.47
2015,EG_EGY_PRIM,Tajikistan,4.57
2016,EG_EGY_PRIM,Tajikistan,4.49
2017,EG_EGY_PRIM,Tajikistan,4.33
2018,EG_EGY_PRIM,Tajikistan,4.36
2019,EG_EGY_PRIM,Tajikistan,4.43
2020,EG_EGY_PRIM,Tajikistan,4.4
2000,EG_EGY_PRIM,United Arab Emirates,4.08
2001,EG_EGY_PRIM,United Arab Emirates,5.6
2002,EG_EGY_PRIM,United Arab Emirates,5.4
2009,EG_EGY_PRIM,Costa Rica,2.58
2010,EG_EGY_PRIM,Costa Rica,2.47
2011,EG_EGY_PRIM,Costa Rica,2.38
2012,EG_EGY_PRIM,Costa Rica,2.36
2013,EG_EGY_PRIM,Costa Rica,2.42
2014,EG_EGY_PRIM,Costa Rica,2.37
2015,EG_EGY_PRIM,Costa Rica,2.23
2016,EG_EGY_PRIM,Costa Rica,2.11
2017,EG_EGY_PRIM,Costa Rica,1.99
2018,EG_EGY_PRIM,Costa Rica,1.91
2019,EG_EGY_PRIM,Costa Rica,1.97
2003,EG_EGY_PRIM,United Arab Emirates,4.88
2004,EG_EGY_PRIM,United Arab Emirates,4.4
2005,EG_EGY_PRIM,United Arab Emirates,4.47
2006,EG_EGY_PRIM,United Arab Emirates,4.23
2007,EG_EGY_PRIM,United Arab Emirates,4.45
2008,EG_EGY_PRIM,United Arab Emirates,5.1
2009,EG_EGY_PRIM,United Arab Emirates,5.76
2010,EG_EGY_PRIM,United Arab Emirates,5.48
2011,EG_EGY_PRIM,United Arab Emirates,5.07
2012,EG_EGY_PRIM,United Arab Emirates,5.11
2013,EG_EGY_PRIM,United Arab Emirates,5.15
2020,EG_EGY_PRIM,Costa Rica,1.97
2000,EG_EGY_PRIM,Croatia,4.28
2001,EG_EGY_PRIM,Croatia,4.31
2002,EG_EGY_PRIM,Croatia,4.2
2003,EG_EGY_PRIM,Croatia,4.26
2004,EG_EGY_PRIM,Croatia,4.09
2005,EG_EGY_PRIM,Croatia,3.98
2006,EG_EGY_PRIM,Croatia,3.77
2007,EG_EGY_PRIM,Croatia,3.74
2008,EG_EGY_PRIM,Croatia,3.57
2009,EG_EGY_PRIM,Croatia,3.72
2010,EG_EGY_PRIM,Croatia,3.73
2011,EG_EGY_PRIM,Croatia,3.64
2012,EG_EGY_PRIM,Croatia,3.51
2013,EG_EGY_PRIM,Croatia,3.45
2014,EG_EGY_PRIM,Croatia,3.29
2015,EG_EGY_PRIM,Croatia,3.35
2016,EG_EGY_PRIM,Croatia,3.27
2017,EG_EGY_PRIM,Croatia,3.26
2018,EG_EGY_PRIM,Croatia,3.08
2019,EG_EGY_PRIM,Croatia,3.01
2020,EG_EGY_PRIM,Croatia,3.15
2000,EG_EGY_PRIM,Cyprus,3.93
2001,EG_EGY_PRIM,Cyprus,3.74
2014,EG_EGY_PRIM,United Arab Emirates,5.6
2015,EG_EGY_PRIM,United Arab Emirates,5.88
2016,EG_EGY_PRIM,United Arab Emirates,6.07
2017,EG_EGY_PRIM,United Arab Emirates,4.97
2018,EG_EGY_PRIM,United Arab Emirates,5.04
2019,EG_EGY_PRIM,United Arab Emirates,5.22
2020,EG_EGY_PRIM,United Arab Emirates,5.5
2000,EG_EGY_PRIM,Türkiye,3.27
2001,EG_EGY_PRIM,Türkiye,3.2
2002,EG_EGY_PRIM,Türkiye,3.17
2003,EG_EGY_PRIM,Türkiye,3.18
2002,EG_EGY_PRIM,Cyprus,3.66
2003,EG_EGY_PRIM,Cyprus,3.88
2004,EG_EGY_PRIM,Cyprus,3.47
2005,EG_EGY_PRIM,Cyprus,3.37
2006,EG_EGY_PRIM,Cyprus,3.34
2007,EG_EGY_PRIM,Cyprus,3.36
2008,EG_EGY_PRIM,Cyprus,3.44
2009,EG_EGY_PRIM,Cyprus,3.45
2010,EG_EGY_PRIM,Cyprus,3.26
2011,EG_EGY_PRIM,Cyprus,3.15
2012,EG_EGY_PRIM,Cyprus,3.07
2013,EG_EGY_PRIM,Cyprus,2.84
2004,EG_EGY_PRIM,Türkiye,2.97
2005,EG_EGY_PRIM,Türkiye,2.84
2006,EG_EGY_PRIM,Türkiye,2.94
2007,EG_EGY_PRIM,Türkiye,3.02
2008,EG_EGY_PRIM,Türkiye,2.94
2009,EG_EGY_PRIM,Türkiye,3.08
2010,EG_EGY_PRIM,Türkiye,3.06
2011,EG_EGY_PRIM,Türkiye,2.92
2012,EG_EGY_PRIM,Türkiye,2.92
2013,EG_EGY_PRIM,Türkiye,2.63
2014,EG_EGY_PRIM,Türkiye,2.59
2015,EG_EGY_PRIM,Türkiye,2.65
2014,EG_EGY_PRIM,Cyprus,2.96
2015,EG_EGY_PRIM,Cyprus,2.93
2016,EG_EGY_PRIM,Cyprus,2.94
2017,EG_EGY_PRIM,Cyprus,2.86
2018,EG_EGY_PRIM,Cyprus,2.71
2019,EG_EGY_PRIM,Cyprus,2.59
2020,EG_EGY_PRIM,Cyprus,2.57
2000,EG_EGY_PRIM,Czechia,6.74
2001,EG_EGY_PRIM,Czechia,6.71
2002,EG_EGY_PRIM,Czechia,6.69
2003,EG_EGY_PRIM,Czechia,6.74
2004,EG_EGY_PRIM,Czechia,6.58
2016,EG_EGY_PRIM,Türkiye,2.72
2017,EG_EGY_PRIM,Türkiye,2.71
2018,EG_EGY_PRIM,Türkiye,2.59
2019,EG_EGY_PRIM,Türkiye,2.61
2020,EG_EGY_PRIM,Türkiye,2.57
2000,EG_EGY_PRIM,Turkmenistan,29.85
2001,EG_EGY_PRIM,Turkmenistan,24.27
2002,EG_EGY_PRIM,Turkmenistan,20.25
2003,EG_EGY_PRIM,Turkmenistan,27.14
2004,EG_EGY_PRIM,Turkmenistan,32.57
2005,EG_EGY_PRIM,Turkmenistan,28.09
2005,EG_EGY_PRIM,Czechia,6.11
2006,EG_EGY_PRIM,Czechia,5.85
2007,EG_EGY_PRIM,Czechia,5.53
2008,EG_EGY_PRIM,Czechia,5.28
2009,EG_EGY_PRIM,Czechia,5.21
2010,EG_EGY_PRIM,Czechia,5.39
2011,EG_EGY_PRIM,Czechia,5.1
2012,EG_EGY_PRIM,Czechia,5.11
2013,EG_EGY_PRIM,Czechia,5.11
2014,EG_EGY_PRIM,Czechia,4.85
2015,EG_EGY_PRIM,Czechia,4.61
2016,EG_EGY_PRIM,Czechia,4.44
2006,EG_EGY_PRIM,Turkmenistan,26.15
2007,EG_EGY_PRIM,Turkmenistan,23.34
2008,EG_EGY_PRIM,Turkmenistan,25.06
2009,EG_EGY_PRIM,Turkmenistan,20.74
2010,EG_EGY_PRIM,Turkmenistan,21.67
2011,EG_EGY_PRIM,Turkmenistan,20.42
2012,EG_EGY_PRIM,Turkmenistan,18.43
2013,EG_EGY_PRIM,Turkmenistan,15.97
2014,EG_EGY_PRIM,Turkmenistan,14.08
2015,EG_EGY_PRIM,Turkmenistan,13.63
2016,EG_EGY_PRIM,Turkmenistan,12.88
2017,EG_EGY_PRIM,Czechia,4.41
2018,EG_EGY_PRIM,Czechia,4.28
2019,EG_EGY_PRIM,Czechia,4.09
2020,EG_EGY_PRIM,Czechia,4.08
2000,EG_EGY_PRIM,Denmark,2.99
2001,EG_EGY_PRIM,Denmark,3.06
2002,EG_EGY_PRIM,Denmark,3.01
2003,EG_EGY_PRIM,Denmark,3.17
2004,EG_EGY_PRIM,Denmark,2.99
2005,EG_EGY_PRIM,Denmark,2.83
2006,EG_EGY_PRIM,Denmark,2.93
2007,EG_EGY_PRIM,Denmark,2.83
2017,EG_EGY_PRIM,Turkmenistan,12.1
2018,EG_EGY_PRIM,Turkmenistan,11.4
2019,EG_EGY_PRIM,Turkmenistan,11.1
2020,EG_EGY_PRIM,Turkmenistan,11.14
2000,EG_EGY_PRIM,Ukraine,15.2
2001,EG_EGY_PRIM,Ukraine,14.0
2002,EG_EGY_PRIM,Ukraine,13.44
2003,EG_EGY_PRIM,Ukraine,12.74
2004,EG_EGY_PRIM,Ukraine,11.49
2005,EG_EGY_PRIM,Ukraine,11.08
2006,EG_EGY_PRIM,Ukraine,9.89
2008,EG_EGY_PRIM,Denmark,2.78
2009,EG_EGY_PRIM,Denmark,2.78
2010,EG_EGY_PRIM,Denmark,2.89
2011,EG_EGY_PRIM,Denmark,2.63
2012,EG_EGY_PRIM,Denmark,2.52
2013,EG_EGY_PRIM,Denmark,2.5
2014,EG_EGY_PRIM,Denmark,2.32
2015,EG_EGY_PRIM,Denmark,2.25
2016,EG_EGY_PRIM,Denmark,2.24
2017,EG_EGY_PRIM,Denmark,2.19
2018,EG_EGY_PRIM,Denmark,2.14
2019,EG_EGY_PRIM,Denmark,2.01
2020,EG_EGY_PRIM,Denmark,1.96
2000,EG_EGY_PRIM,Estonia,7.98
2001,EG_EGY_PRIM,Estonia,7.95
2002,EG_EGY_PRIM,Estonia,6.95
2003,EG_EGY_PRIM,Estonia,6.99
2004,EG_EGY_PRIM,Estonia,7.0
2005,EG_EGY_PRIM,Estonia,6.44
2006,EG_EGY_PRIM,Estonia,5.82
2007,EG_EGY_PRIM,Estonia,6.28
2008,EG_EGY_PRIM,Estonia,5.85
2009,EG_EGY_PRIM,Estonia,5.51
2010,EG_EGY_PRIM,Estonia,7.11
2011,EG_EGY_PRIM,Estonia,6.45
2012,EG_EGY_PRIM,Estonia,5.73
2013,EG_EGY_PRIM,Estonia,6.29
2014,EG_EGY_PRIM,Estonia,5.8
2015,EG_EGY_PRIM,Estonia,4.93
2016,EG_EGY_PRIM,Estonia,5.98
2017,EG_EGY_PRIM,Estonia,5.5
2018,EG_EGY_PRIM,Estonia,5.1
2019,EG_EGY_PRIM,Estonia,4.1
2020,EG_EGY_PRIM,Estonia,3.99
2000,EG_EGY_PRIM,Finland,6.57
2001,EG_EGY_PRIM,Finland,6.57
2002,EG_EGY_PRIM,Finland,6.79
2003,EG_EGY_PRIM,Finland,7.02
2004,EG_EGY_PRIM,Finland,6.83
2005,EG_EGY_PRIM,Finland,6.13
2006,EG_EGY_PRIM,Finland,6.41
2007,EG_EGY_PRIM,Finland,6.0
2008,EG_EGY_PRIM,Finland,5.71
2009,EG_EGY_PRIM,Finland,5.86
2010,EG_EGY_PRIM,Finland,6.22
2011,EG_EGY_PRIM,Finland,5.83
2012,EG_EGY_PRIM,Finland,5.71
2013,EG_EGY_PRIM,Finland,5.67
2014,EG_EGY_PRIM,Finland,5.81
2015,EG_EGY_PRIM,Finland,5.5
2016,EG_EGY_PRIM,Finland,5.55
2017,EG_EGY_PRIM,Finland,5.34
2018,EG_EGY_PRIM,Finland,5.37
2019,EG_EGY_PRIM,Finland,5.19
2020,EG_EGY_PRIM,Finland,5.07
2000,EG_EGY_PRIM,France,4.36
2001,EG_EGY_PRIM,France,4.42
2002,EG_EGY_PRIM,France,4.38
2003,EG_EGY_PRIM,France,4.45
2004,EG_EGY_PRIM,France,4.39
2005,EG_EGY_PRIM,France,4.34
2006,EG_EGY_PRIM,France,4.17
2007,EG_EGY_PRIM,France,4.02
2008,EG_EGY_PRIM,France,4.03
2009,EG_EGY_PRIM,France,3.97
2010,EG_EGY_PRIM,France,4.02
2011,EG_EGY_PRIM,France,3.85
2012,EG_EGY_PRIM,France,3.84
2013,EG_EGY_PRIM,France,3.83
2014,EG_EGY_PRIM,France,3.65
2015,EG_EGY_PRIM,France,3.66
2016,EG_EGY_PRIM,France,3.56
2017,EG_EGY_PRIM,France,3.47
2018,EG_EGY_PRIM,France,3.39
2019,EG_EGY_PRIM,France,3.28
2020,EG_EGY_PRIM,France,3.2
2000,EG_EGY_PRIM,Georgia,5.99
2001,EG_EGY_PRIM,Georgia,5.12
2002,EG_EGY_PRIM,Georgia,4.8
2003,EG_EGY_PRIM,Georgia,4.6
2004,EG_EGY_PRIM,Georgia,4.47
2005,EG_EGY_PRIM,Georgia,4.17
2006,EG_EGY_PRIM,Georgia,4.06
2007,EG_EGY_PRIM,Georgia,3.98
2008,EG_EGY_PRIM,Georgia,3.49
2009,EG_EGY_PRIM,Georgia,3.74
2010,EG_EGY_PRIM,Georgia,3.55
2011,EG_EGY_PRIM,Georgia,3.75
2012,EG_EGY_PRIM,Georgia,3.68
2013,EG_EGY_PRIM,Georgia,3.99
2014,EG_EGY_PRIM,Georgia,4.08
2015,EG_EGY_PRIM,Georgia,4.18
2016,EG_EGY_PRIM,Georgia,4.2
2017,EG_EGY_PRIM,Georgia,4.04
2018,EG_EGY_PRIM,Georgia,3.82
2019,EG_EGY_PRIM,Georgia,3.83
2020,EG_EGY_PRIM,Georgia,3.98
2000,EG_EGY_PRIM,Germany,3.99
2001,EG_EGY_PRIM,Germany,4.04
2002,EG_EGY_PRIM,Germany,3.96
2003,EG_EGY_PRIM,Germany,3.98
2004,EG_EGY_PRIM,Germany,3.97
2005,EG_EGY_PRIM,Germany,3.92
2006,EG_EGY_PRIM,Germany,3.88
2007,EG_EGY_PRIM,Germany,3.58
2008,EG_EGY_PRIM,Germany,3.59
2009,EG_EGY_PRIM,Germany,3.55
2010,EG_EGY_PRIM,Germany,3.59
2011,EG_EGY_PRIM,Germany,3.27
2012,EG_EGY_PRIM,Germany,3.29
2013,EG_EGY_PRIM,Germany,3.34
2014,EG_EGY_PRIM,Germany,3.12
2015,EG_EGY_PRIM,Germany,3.09
2016,EG_EGY_PRIM,Germany,3.04
2017,EG_EGY_PRIM,Germany,2.97
2018,EG_EGY_PRIM,Germany,2.86
2019,EG_EGY_PRIM,Germany,2.77
2020,EG_EGY_PRIM,Germany,2.73
2000,EG_EGY_PRIM,Greece,3.61
2001,EG_EGY_PRIM,Greece,3.58
2002,EG_EGY_PRIM,Greece,3.49
2003,EG_EGY_PRIM,Greece,3.39
2004,EG_EGY_PRIM,Greece,3.29
2005,EG_EGY_PRIM,Greece,3.33
2006,EG_EGY_PRIM,Greece,3.15
2007,EG_EGY_PRIM,Greece,3.05
2008,EG_EGY_PRIM,Greece,3.08
2009,EG_EGY_PRIM,Greece,3.11
2010,EG_EGY_PRIM,Greece,3.09
2011,EG_EGY_PRIM,Greece,3.33
2012,EG_EGY_PRIM,Greece,3.56
2013,EG_EGY_PRIM,Greece,3.21
2014,EG_EGY_PRIM,Uzbekistan,8.38
2015,EG_EGY_PRIM,Uzbekistan,7.47
2016,EG_EGY_PRIM,Uzbekistan,7.45
2017,EG_EGY_PRIM,Uzbekistan,7.5
2018,EG_EGY_PRIM,Uzbekistan,8.63
2019,EG_EGY_PRIM,Uzbekistan,7.99
2020,EG_EGY_PRIM,Uzbekistan,7.54
2014,EG_EGY_PRIM,Greece,3.17
2015,EG_EGY_PRIM,Greece,3.18
2016,EG_EGY_PRIM,Greece,3.13
2017,EG_EGY_PRIM,Greece,3.14
2018,EG_EGY_PRIM,Greece,3.0
2019,EG_EGY_PRIM,Greece,2.9
2020,EG_EGY_PRIM,Greece,2.85
2007,EG_EGY_PRIM,Ukraine,9.4
2008,EG_EGY_PRIM,Ukraine,8.88
2009,EG_EGY_PRIM,Ukraine,8.89
2010,EG_EGY_PRIM,Ukraine,9.88
2010,EG_EGY_PRIM,Ukraine,9.88
