Year,SeriesCode,GeoAreaName,Age,Value
2004,FB_CBK_BRCH,Albania,15+,9.68233750719357
2005,FB_CBK_BRCH,Albania,15+,11.7013701897881
2006,FB_CBK_BRCH,Albania,15+,13.8284517701316
2007,FB_CBK_BRCH,Albania,15+,18.6053750749694
2008,FB_CBK_BRCH,Albania,15+,23.5011233269385
2009,FB_CBK_BRCH,Albania,15+,24.0054519048548
2010,FB_CBK_BRCH,Albania,15+,24.1267873743858
2011,FB_CBK_BRCH,Albania,15+,24.1078770515803
2012,FB_CBK_BRCH,Albania,15+,24.0566138101464
2013,FB_CBK_BRCH,Albania,15+,23.4890000366342
2014,FB_CBK_BRCH,Albania,15+,22.0669206147887
2015,FB_CBK_BRCH,Albania,15+,22.0238745629371
2016,FB_CBK_BRCH,Albania,15+,21.6838696292484
2004,FB_CBK_BRCH,Serbia,15+,22.320153459334
2005,FB_CBK_BRCH,Serbia,15+,32.0586797842165
2006,FB_CBK_BRCH,Serbia,15+,36.4100485781479
2007,FB_CBK_BRCH,Serbia,15+,40.7229834762608
2008,FB_CBK_BRCH,Serbia,15+,45.5082948758719
2009,FB_CBK_BRCH,Serbia,15+,43.9438003201667
2010,FB_CBK_BRCH,Serbia,15+,41.2445843670748
2011,FB_CBK_BRCH,Serbia,15+,39.7523520141608
2012,FB_CBK_BRCH,Serbia,15+,37.4528520689152
2013,FB_CBK_BRCH,Serbia,15+,33.6976550681926
2014,FB_CBK_BRCH,Serbia,15+,30.3986940466178
2015,FB_CBK_BRCH,Serbia,15+,29.537006995076
2016,FB_CBK_BRCH,Serbia,15+,29.4068152992329
2017,FB_CBK_BRCH,Albania,15+,20.7181646083651
2018,FB_CBK_BRCH,Albania,15+,19.5355124681912
2019,FB_CBK_BRCH,Albania,15+,18.7056694720929
2020,FB_CBK_BRCH,Albania,15+,18.6058710251239
2021,FB_CBK_BRCH,Albania,15+,18.5712570124723
2004,FB_CBK_BRCH,Azerbaijan,15+,6.51805285578395
2005,FB_CBK_BRCH,Azerbaijan,15+,6.75205158179731
2006,FB_CBK_BRCH,Azerbaijan,15+,7.33351730346569
2007,FB_CBK_BRCH,Azerbaijan,15+,8.20898118195416
2008,FB_CBK_BRCH,Azerbaijan,15+,9.18806301242562
2009,FB_CBK_BRCH,Azerbaijan,15+,9.78699878769378
2010,FB_CBK_BRCH,Azerbaijan,15+,9.86153065554847
2011,FB_CBK_BRCH,Azerbaijan,15+,10.0006986403557
2017,FB_CBK_BRCH,Serbia,15+,27.9199863953521
2018,FB_CBK_BRCH,Serbia,15+,27.5179988095918
2019,FB_CBK_BRCH,Serbia,15+,27.6002918573172
2020,FB_CBK_BRCH,Serbia,15+,27.3509016206737
2021,FB_CBK_BRCH,Serbia,15+,26.4267014149921
2004,FB_CBK_BRCH,Slovakia,15+,25.2180971369579
2005,FB_CBK_BRCH,Slovakia,15+,25.710622358172
2006,FB_CBK_BRCH,Slovakia,15+,26.3023798197274
2007,FB_CBK_BRCH,Slovakia,15+,25.9612536602929
2008,FB_CBK_BRCH,Slovakia,15+,27.7855388960026
2009,FB_CBK_BRCH,Slovakia,15+,26.458369272252
2010,FB_CBK_BRCH,Slovakia,15+,26.2889989083493
2011,FB_CBK_BRCH,Slovakia,15+,25.9709938102465
2012,FB_CBK_BRCH,Azerbaijan,15+,9.69468681161473
2013,FB_CBK_BRCH,Azerbaijan,15+,10.1976029182438
2014,FB_CBK_BRCH,Azerbaijan,15+,10.8211413330669
2015,FB_CBK_BRCH,Azerbaijan,15+,10.6555071840021
2018,FB_CBK_BRCH,Azerbaijan,15+,7.06325115148718
2019,FB_CBK_BRCH,Azerbaijan,15+,7.02335127480341
2020,FB_CBK_BRCH,Azerbaijan,15+,6.23081692098158
2021,FB_CBK_BRCH,Azerbaijan,15+,6.49937657465094
2004,FB_CBK_BRCH,Australia,15+,30.6705921877691
2005,FB_CBK_BRCH,Australia,15+,30.6476467811013
2006,FB_CBK_BRCH,Australia,15+,31.2441436007277
2007,FB_CBK_BRCH,Australia,15+,31.6734733558596
2008,FB_CBK_BRCH,Australia,15+,31.5670492927984
2012,FB_CBK_BRCH,Slovakia,15+,26.6279118962868
2013,FB_CBK_BRCH,Slovakia,15+,26.8946344442088
2014,FB_CBK_BRCH,Slovakia,15+,27.9841347799492
2015,FB_CBK_BRCH,Slovakia,15+,28.2621825454153
2016,FB_CBK_BRCH,Slovakia,15+,28.2485752939699
2017,FB_CBK_BRCH,Slovakia,15+,26.9056718415749
2018,FB_CBK_BRCH,Slovakia,15+,25.6000764311018
2019,FB_CBK_BRCH,Slovakia,15+,24.8087738410038
2020,FB_CBK_BRCH,Slovakia,15+,23.3199494900741
2021,FB_CBK_BRCH,Slovakia,15+,21.0521462532617
2008,FB_CBK_BRCH,Viet Nam,15+,3.26392932718822
2009,FB_CBK_BRCH,Viet Nam,15+,3.27610053788123
2010,FB_CBK_BRCH,Viet Nam,15+,3.2121033244034
2009,FB_CBK_BRCH,Australia,15+,31.2156218365676
2010,FB_CBK_BRCH,Australia,15+,30.7535465381154
2011,FB_CBK_BRCH,Australia,15+,30.4134235264666
2012,FB_CBK_BRCH,Australia,15+,30.9382706570918
2013,FB_CBK_BRCH,Australia,15+,30.135195092192
2014,FB_CBK_BRCH,Australia,15+,29.1607562702715
2015,FB_CBK_BRCH,Australia,15+,28.7507052438253
2016,FB_CBK_BRCH,Australia,15+,27.7412643324765
2017,FB_CBK_BRCH,Australia,15+,29.6311087669612
2018,FB_CBK_BRCH,Australia,15+,28.2192368709963
2019,FB_CBK_BRCH,Australia,15+,26.4255642011793
2020,FB_CBK_BRCH,Australia,15+,25.4238763473702
2021,FB_CBK_BRCH,Australia,15+,24.0642964097197
2004,FB_CBK_BRCH,Austria,15+,13.9281662853697
2005,FB_CBK_BRCH,Austria,15+,13.3213763975874
2006,FB_CBK_BRCH,Austria,15+,13.0933667597033
2007,FB_CBK_BRCH,Austria,15+,12.8816050679629
2008,FB_CBK_BRCH,Austria,15+,12.5702613126329
2009,FB_CBK_BRCH,Austria,15+,11.7650456969874
2010,FB_CBK_BRCH,Austria,15+,11.2862228166767
2011,FB_CBK_BRCH,Austria,15+,15.1261549202663
2012,FB_CBK_BRCH,Austria,15+,15.9719868251195
2013,FB_CBK_BRCH,Austria,15+,15.5409922552222
2014,FB_CBK_BRCH,Austria,15+,14.8330248573139
2015,FB_CBK_BRCH,Austria,15+,13.7961659592539
2016,FB_CBK_BRCH,Austria,15+,12.6556535364817
2017,FB_CBK_BRCH,Austria,15+,12.0600228663335
2018,FB_CBK_BRCH,Austria,15+,11.9448167942276
2019,FB_CBK_BRCH,Austria,15+,11.8743933769552
2020,FB_CBK_BRCH,Austria,15+,7.41638549480787
2021,FB_CBK_BRCH,Austria,15+,12.349426097627
2004,FB_CBK_BRCH,Armenia,15+,10.8383158884999
2005,FB_CBK_BRCH,Armenia,15+,12.30012300123
2006,FB_CBK_BRCH,Armenia,15+,13.679937345887
2007,FB_CBK_BRCH,Armenia,15+,15.8089355188223
2008,FB_CBK_BRCH,Armenia,15+,17.3138003877776
2009,FB_CBK_BRCH,Armenia,15+,17.7902065128525
2010,FB_CBK_BRCH,Armenia,15+,18.5555256845155
2011,FB_CBK_BRCH,Armenia,15+,19.9797871872171
2012,FB_CBK_BRCH,Armenia,15+,21.2788869505287
2013,FB_CBK_BRCH,Armenia,15+,21.7374587536016
2014,FB_CBK_BRCH,Armenia,15+,22.7099967691816
2015,FB_CBK_BRCH,Armenia,15+,23.3950043325666
2016,FB_CBK_BRCH,Armenia,15+,23.1070479913312
2017,FB_CBK_BRCH,Armenia,15+,23.1381673034643
2018,FB_CBK_BRCH,Armenia,15+,23.6052821194043
2019,FB_CBK_BRCH,Armenia,15+,24.2369623917444
2020,FB_CBK_BRCH,Armenia,15+,24.5532355495044
2021,FB_CBK_BRCH,Armenia,15+,24.2453527613755
2004,FB_CBK_BRCH,Belgium,15+,57.2776526386844
2005,FB_CBK_BRCH,Belgium,15+,53.7693426513561
2006,FB_CBK_BRCH,Belgium,15+,53.5079988111367
2007,FB_CBK_BRCH,Belgium,15+,51.4429900503472
2008,FB_CBK_BRCH,Belgium,15+,49.7399420843993
2009,FB_CBK_BRCH,Belgium,15+,47.995066040319
2010,FB_CBK_BRCH,Belgium,15+,45.0524463478367
2011,FB_CBK_BRCH,Belgium,15+,43.4970825659462
2012,FB_CBK_BRCH,Belgium,15+,42.5336714059264
2013,FB_CBK_BRCH,Belgium,15+,41.4571687667172
2014,FB_CBK_BRCH,Belgium,15+,39.8770141733718
2015,FB_CBK_BRCH,Belgium,15+,38.5482104845575
2016,FB_CBK_BRCH,Belgium,15+,36.5514334074784
2017,FB_CBK_BRCH,Belgium,15+,34.7877428466313
2018,FB_CBK_BRCH,Belgium,15+,32.390382820563
2019,FB_CBK_BRCH,Belgium,15+,29.6353322001107
2020,FB_CBK_BRCH,Belgium,15+,26.2273228147013
2005,FB_CBK_BRCH,Bosnia and Herzegovina,15+,27.4945317506982
2006,FB_CBK_BRCH,Bosnia and Herzegovina,15+,28.2853715297965
2007,FB_CBK_BRCH,Bosnia and Herzegovina,15+,31.8067273940145
2008,FB_CBK_BRCH,Bosnia and Herzegovina,15+,33.9076278459383
2009,FB_CBK_BRCH,Bosnia and Herzegovina,15+,32.2918674272061
2010,FB_CBK_BRCH,Bosnia and Herzegovina,15+,31.5147749527999
2011,FB_CBK_BRCH,Bosnia and Herzegovina,15+,32.4449594438007
2012,FB_CBK_BRCH,Bosnia and Herzegovina,15+,32.2353807126615
2013,FB_CBK_BRCH,Bosnia and Herzegovina,15+,33.1860694552748
2014,FB_CBK_BRCH,Bosnia and Herzegovina,15+,34.3523049075351
2015,FB_CBK_BRCH,Bosnia and Herzegovina,15+,31.6512962926011
2016,FB_CBK_BRCH,Bosnia and Herzegovina,15+,30.3020626228743
2017,FB_CBK_BRCH,Bosnia and Herzegovina,15+,30.4659077737441
2018,FB_CBK_BRCH,Bosnia and Herzegovina,15+,30.5318183903908
2019,FB_CBK_BRCH,Bosnia and Herzegovina,15+,30.0075604847659
2020,FB_CBK_BRCH,Bosnia and Herzegovina,15+,29.9176995820793
2021,FB_CBK_BRCH,Bosnia and Herzegovina,15+,29.8455288359636
2004,FB_CBK_BRCH,Bulgaria,15+,84.9293276882406
2005,FB_CBK_BRCH,Bulgaria,15+,85.443098720258
2006,FB_CBK_BRCH,Bulgaria,15+,84.5304937253183
2007,FB_CBK_BRCH,Bulgaria,15+,88.3712904765237
2008,FB_CBK_BRCH,Bulgaria,15+,92.3383804763588
2009,FB_CBK_BRCH,Bulgaria,15+,92.2615150004872
2010,FB_CBK_BRCH,Bulgaria,15+,91.8957743418682
2011,FB_CBK_BRCH,Bulgaria,15+,60.0220984721791
2012,FB_CBK_BRCH,Bulgaria,15+,61.3571165204036
2013,FB_CBK_BRCH,Bulgaria,15+,60.7751065163709
2014,FB_CBK_BRCH,Bulgaria,15+,60.3950363917156
2015,FB_CBK_BRCH,Bulgaria,15+,60.324138235883
2016,FB_CBK_BRCH,Bulgaria,15+,48.51510697884
2017,FB_CBK_BRCH,Bulgaria,15+,51.008904258368
2018,FB_CBK_BRCH,Bulgaria,15+,52.8026401320066
2019,FB_CBK_BRCH,Bulgaria,15+,57.8860842189596
2020,FB_CBK_BRCH,Bulgaria,15+,60.1912937122156
2021,FB_CBK_BRCH,Bulgaria,15+,61.4724407616468
2006,FB_CBK_BRCH,Canada,15+,24.5804714194685
2007,FB_CBK_BRCH,Canada,15+,24.6722704961475
2008,FB_CBK_BRCH,Canada,15+,24.6171841480824
2009,FB_CBK_BRCH,Canada,15+,24.1927408073473
2010,FB_CBK_BRCH,Canada,15+,24.0580602125497
2011,FB_CBK_BRCH,Canada,15+,24.1860995984418
2012,FB_CBK_BRCH,Canada,15+,24.3074443277617
2013,FB_CBK_BRCH,Canada,15+,23.3246048536531
2014,FB_CBK_BRCH,Canada,15+,23.14289060755
2015,FB_CBK_BRCH,Canada,15+,22.8449619257303
2016,FB_CBK_BRCH,Canada,15+,22.2531106608535
2017,FB_CBK_BRCH,Canada,15+,20.7510082615683
2018,FB_CBK_BRCH,Canada,15+,20.1297114091433
2019,FB_CBK_BRCH,Canada,15+,19.7263361155937
2020,FB_CBK_BRCH,Canada,15+,20.1549851874749
2021,FB_CBK_BRCH,Canada,15+,20.6906403543707
2011,FB_CBK_BRCH,Viet Nam,15+,3.53516965512505
2012,FB_CBK_BRCH,Viet Nam,15+,3.10450684141027
2013,FB_CBK_BRCH,Viet Nam,15+,3.64269717039894
2014,FB_CBK_BRCH,Viet Nam,15+,3.83003087834917
2015,FB_CBK_BRCH,Viet Nam,15+,3.75418583660076
2016,FB_CBK_BRCH,Viet Nam,15+,3.83246398933859
2017,FB_CBK_BRCH,Viet Nam,15+,3.44878724819094
2018,FB_CBK_BRCH,Viet Nam,15+,3.91524313271599
2019,FB_CBK_BRCH,Viet Nam,15+,3.98274265457034
2020,FB_CBK_BRCH,Viet Nam,15+,4.0073922208117
2021,FB_CBK_BRCH,Viet Nam,15+,2.9128585548899
2004,FB_CBK_BRCH,Slovenia,15+,40.9685860818858
2005,FB_CBK_BRCH,Slovenia,15+,40.0922004400845
2004,FB_CBK_BRCH,Chile,15+,14.9322499267794
2005,FB_CBK_BRCH,Chile,15+,15.3880415395096
2006,FB_CBK_BRCH,Chile,15+,16.6158320514888
2007,FB_CBK_BRCH,Chile,15+,17.1842100618101
2008,FB_CBK_BRCH,Chile,15+,17.3649035003617
2009,FB_CBK_BRCH,Chile,15+,16.9561183607394
2010,FB_CBK_BRCH,Chile,15+,17.3601408608449
2011,FB_CBK_BRCH,Chile,15+,17.2585453151723
2012,FB_CBK_BRCH,Chile,15+,17.1816205499786
2013,FB_CBK_BRCH,Chile,15+,17.0210764922129
2014,FB_CBK_BRCH,Chile,15+,16.8044780840591
2015,FB_CBK_BRCH,Chile,15+,16.0856507658094
2016,FB_CBK_BRCH,Chile,15+,15.7172217547021
2017,FB_CBK_BRCH,Chile,15+,14.7983882077561
2018,FB_CBK_BRCH,Chile,15+,13.9659368206036
2019,FB_CBK_BRCH,Chile,15+,13.0493422436768
2020,FB_CBK_BRCH,Chile,15+,12.3069006800081
2021,FB_CBK_BRCH,Chile,15+,11.1444344411612
2012,FB_CBK_BRCH,China,15+,7.74006599537721
2013,FB_CBK_BRCH,China,15+,7.79770884971723
2014,FB_CBK_BRCH,China,15+,8.01410801420035
2015,FB_CBK_BRCH,China,15+,8.47850096155151
2016,FB_CBK_BRCH,China,15+,8.75628522259819
2017,FB_CBK_BRCH,China,15+,8.74991695765518
2018,FB_CBK_BRCH,China,15+,8.81267435090735
2019,FB_CBK_BRCH,China,15+,8.79809374675818
2006,FB_CBK_BRCH,Slovenia,15+,39.652399895031
2007,FB_CBK_BRCH,Slovenia,15+,40.2179121388001
2008,FB_CBK_BRCH,Slovenia,15+,39.3797516894258
2009,FB_CBK_BRCH,Slovenia,15+,39.5801204146858
2010,FB_CBK_BRCH,Slovenia,15+,38.7633195703685
2011,FB_CBK_BRCH,Slovenia,15+,38.3182870192971
2012,FB_CBK_BRCH,Slovenia,15+,38.4679759773731
2013,FB_CBK_BRCH,Slovenia,15+,34.4330153053902
2014,FB_CBK_BRCH,Slovenia,15+,31.8336162988115
2015,FB_CBK_BRCH,Slovenia,15+,31.1787970549951
2016,FB_CBK_BRCH,Slovenia,15+,30.6276103076967
2017,FB_CBK_BRCH,Slovenia,15+,29.4577443443121
2018,FB_CBK_BRCH,Slovenia,15+,27.9171428279612
2020,FB_CBK_BRCH,China,15+,8.7377493982521
2021,FB_CBK_BRCH,China,15+,8.77003350882276
2008,FB_CBK_BRCH,Colombia,15+,14.0275201165451
2009,FB_CBK_BRCH,Colombia,15+,13.9581935835687
2010,FB_CBK_BRCH,Colombia,15+,13.793989548005
2011,FB_CBK_BRCH,Colombia,15+,14.7585649229987
2012,FB_CBK_BRCH,Colombia,15+,15.0457933767214
2013,FB_CBK_BRCH,Colombia,15+,15.6633761924944
2014,FB_CBK_BRCH,Colombia,15+,15.6472075883702
2015,FB_CBK_BRCH,Colombia,15+,16.1972986564105
2016,FB_CBK_BRCH,Colombia,15+,15.9520148526185
2017,FB_CBK_BRCH,Colombia,15+,15.3711619402862
2018,FB_CBK_BRCH,Colombia,15+,14.8611285520604
2019,FB_CBK_BRCH,Colombia,15+,14.4843948231407
2020,FB_CBK_BRCH,Colombia,15+,13.4990960025401
2021,FB_CBK_BRCH,Colombia,15+,12.7779982497863
2004,FB_CBK_BRCH,Costa Rica,15+,16.115307828744
2005,FB_CBK_BRCH,Costa Rica,15+,18.008000054024
2006,FB_CBK_BRCH,Costa Rica,15+,18.5918203527672
2007,FB_CBK_BRCH,Costa Rica,15+,20.6986500733512
2008,FB_CBK_BRCH,Costa Rica,15+,20.4120529114081
2009,FB_CBK_BRCH,Costa Rica,15+,19.9949467851718
2010,FB_CBK_BRCH,Costa Rica,15+,20.0593294353775
2011,FB_CBK_BRCH,Costa Rica,15+,22.8708110919183
2012,FB_CBK_BRCH,Costa Rica,15+,22.7991067426897
2013,FB_CBK_BRCH,Costa Rica,15+,22.3252637718971
2019,FB_CBK_BRCH,Slovenia,15+,27.4687930257468
2020,FB_CBK_BRCH,Slovenia,15+,24.661078316859
2021,FB_CBK_BRCH,Slovenia,15+,22.5857433644595
2004,FB_CBK_BRCH,Spain,15+,97.429668179072
2005,FB_CBK_BRCH,Spain,15+,99.1851028458076
2006,FB_CBK_BRCH,Spain,15+,101.829489397057
2007,FB_CBK_BRCH,Spain,15+,104.34438749961
2008,FB_CBK_BRCH,Spain,15+,103.974623153198
2009,FB_CBK_BRCH,Spain,15+,99.2986264293109
2010,FB_CBK_BRCH,Spain,15+,95.9316871242148
2011,FB_CBK_BRCH,Spain,15+,88.4221246170928
2012,FB_CBK_BRCH,Spain,15+,83.887554618314
2013,FB_CBK_BRCH,Spain,15+,73.6133879936443
2014,FB_CBK_BRCH,Costa Rica,15+,22.094891774053
2015,FB_CBK_BRCH,Costa Rica,15+,22.0983700729776
2016,FB_CBK_BRCH,Costa Rica,15+,21.5733332706505
2017,FB_CBK_BRCH,Costa Rica,15+,20.5312625180808
2018,FB_CBK_BRCH,Costa Rica,15+,19.6780077923894
2019,FB_CBK_BRCH,Costa Rica,15+,18.9526870642765
2020,FB_CBK_BRCH,Costa Rica,15+,17.1827653640081
2021,FB_CBK_BRCH,Costa Rica,15+,16.3417588534602
2004,FB_CBK_BRCH,Croatia,15+,29.7395139192534
2005,FB_CBK_BRCH,Croatia,15+,31.6619320606521
2006,FB_CBK_BRCH,Croatia,15+,31.6854173010608
2007,FB_CBK_BRCH,Croatia,15+,33.6203679099347
2008,FB_CBK_BRCH,Croatia,15+,35.358135637981
2009,FB_CBK_BRCH,Croatia,15+,36.7053598898674
2010,FB_CBK_BRCH,Croatia,15+,36.1774080621657
2011,FB_CBK_BRCH,Croatia,15+,35.9074758259824
2012,FB_CBK_BRCH,Croatia,15+,35.5769281271415
2013,FB_CBK_BRCH,Croatia,15+,34.5883202535887
2014,FB_CBK_BRCH,Croatia,15+,33.8245779395162
2015,FB_CBK_BRCH,Croatia,15+,33.4877444041645
2016,FB_CBK_BRCH,Croatia,15+,32.7274233971121
2017,FB_CBK_BRCH,Croatia,15+,32.2468213645109
2018,FB_CBK_BRCH,Croatia,15+,30.0462024747769
2019,FB_CBK_BRCH,Croatia,15+,28.3595075752995
2020,FB_CBK_BRCH,Croatia,15+,27.0880961549358
2021,FB_CBK_BRCH,Croatia,15+,26.8381590042473
2004,FB_CBK_BRCH,Cyprus,15+,67.5018463374021
2005,FB_CBK_BRCH,Cyprus,15+,62.7621169808016
2006,FB_CBK_BRCH,Cyprus,15+,60.7732835412628
2007,FB_CBK_BRCH,Cyprus,15+,60.6880772342978
2008,FB_CBK_BRCH,Cyprus,15+,61.1837114858203
2009,FB_CBK_BRCH,Cyprus,15+,60.2768053515998
2010,FB_CBK_BRCH,Cyprus,15+,57.9764681173181
2011,FB_CBK_BRCH,Cyprus,15+,55.5740802489719
2012,FB_CBK_BRCH,Cyprus,15+,52.1548262412369
2013,FB_CBK_BRCH,Cyprus,15+,39.2780856790199
2014,FB_CBK_BRCH,Cyprus,15+,37.8680893352163
2015,FB_CBK_BRCH,Cyprus,15+,36.1721004278465
2016,FB_CBK_BRCH,Cyprus,15+,34.3357875539966
2017,FB_CBK_BRCH,Cyprus,15+,50.4553210487368
2018,FB_CBK_BRCH,Cyprus,15+,42.238819091542
2019,FB_CBK_BRCH,Cyprus,15+,35.7598261892146
2020,FB_CBK_BRCH,Cyprus,15+,30.877220851556
2021,FB_CBK_BRCH,Cyprus,15+,28.259797139951
2004,FB_CBK_BRCH,Czechia,15+,20.998293484841
2005,FB_CBK_BRCH,Czechia,15+,21.3737694577678
2006,FB_CBK_BRCH,Czechia,15+,21.8921572204601
2007,FB_CBK_BRCH,Czechia,15+,21.5870278986799
2008,FB_CBK_BRCH,Czechia,15+,22.8096602394363
2009,FB_CBK_BRCH,Czechia,15+,22.7391030076901
2010,FB_CBK_BRCH,Czechia,15+,22.6101283578434
2011,FB_CBK_BRCH,Czechia,15+,23.2894131869042
2014,FB_CBK_BRCH,Spain,15+,69.684376195006
2015,FB_CBK_BRCH,Spain,15+,67.5149552343687
2016,FB_CBK_BRCH,Spain,15+,61.8139459036228
2017,FB_CBK_BRCH,Spain,15+,58.5720944656819
2018,FB_CBK_BRCH,Spain,15+,55.106025510589
2019,FB_CBK_BRCH,Spain,15+,49.6000750247392
2020,FB_CBK_BRCH,Spain,15+,45.5191912042568
2021,FB_CBK_BRCH,Spain,15+,37.4201597958069
2004,FB_CBK_BRCH,Sweden,15+,23.5748999957063
2005,FB_CBK_BRCH,Sweden,15+,23.5183285413957
2006,FB_CBK_BRCH,Sweden,15+,23.7822837840665
2007,FB_CBK_BRCH,Sweden,15+,23.5949995482791
2008,FB_CBK_BRCH,Sweden,15+,23.9540447454254
2012,FB_CBK_BRCH,Czechia,15+,23.8314014611621
2013,FB_CBK_BRCH,Czechia,15+,24.2946469047906
2014,FB_CBK_BRCH,Czechia,15+,24.2136697273311
2015,FB_CBK_BRCH,Czechia,15+,23.6815730998777
2016,FB_CBK_BRCH,Czechia,15+,22.3559237170791
2017,FB_CBK_BRCH,Czechia,15+,21.284086330396
2018,FB_CBK_BRCH,Czechia,15+,21.263594686464
2019,FB_CBK_BRCH,Czechia,15+,20.5694124830983
2020,FB_CBK_BRCH,Czechia,15+,18.2971124848555
2021,FB_CBK_BRCH,Czechia,15+,17.3343440964961
2004,FB_CBK_BRCH,Denmark,15+,50.07967427943
2005,FB_CBK_BRCH,Denmark,15+,50.1988542128554
2006,FB_CBK_BRCH,Denmark,15+,50.518932280671
2009,FB_CBK_BRCH,Sweden,15+,22.9642797784237
2010,FB_CBK_BRCH,Sweden,15+,22.5032158398118
2011,FB_CBK_BRCH,Sweden,15+,21.7016144632134
2012,FB_CBK_BRCH,Sweden,15+,21.8111357251157
2013,FB_CBK_BRCH,Sweden,15+,21.544332850924
2014,FB_CBK_BRCH,Sweden,15+,21.107030805444
2015,FB_CBK_BRCH,Sweden,15+,19.3226343191455
2016,FB_CBK_BRCH,Sweden,15+,17.541663891473
2017,FB_CBK_BRCH,Sweden,15+,16.1724021452173
2018,FB_CBK_BRCH,Sweden,15+,14.9053865682196
2019,FB_CBK_BRCH,Sweden,15+,16.4163216975469
2020,FB_CBK_BRCH,Sweden,15+,13.8003082498759
2021,FB_CBK_BRCH,Sweden,15+,11.4144150887608
2007,FB_CBK_BRCH,Denmark,15+,51.8562073205776
2008,FB_CBK_BRCH,Denmark,15+,50.4495426547205
2009,FB_CBK_BRCH,Denmark,15+,45.7967540057226
2010,FB_CBK_BRCH,Denmark,15+,40.8621563487159
2011,FB_CBK_BRCH,Denmark,15+,38.7250905168959
2012,FB_CBK_BRCH,Denmark,15+,34.0838284275184
2013,FB_CBK_BRCH,Denmark,15+,30.0146477509792
2014,FB_CBK_BRCH,Denmark,15+,27.7858164192604
2015,FB_CBK_BRCH,Denmark,15+,24.6921155557154
2016,FB_CBK_BRCH,Denmark,15+,24.0511567476054
2017,FB_CBK_BRCH,Denmark,15+,20.70940836523
2018,FB_CBK_BRCH,Denmark,15+,20.8466594932671
2019,FB_CBK_BRCH,Denmark,15+,19.9967042468926
2004,FB_CBK_BRCH,Switzerland,15+,57.3580558392106
2005,FB_CBK_BRCH,Switzerland,15+,56.7972001036356
2006,FB_CBK_BRCH,Switzerland,15+,55.6225380742319
2007,FB_CBK_BRCH,Switzerland,15+,55.2813493741985
2008,FB_CBK_BRCH,Switzerland,15+,53.9538317974208
2009,FB_CBK_BRCH,Switzerland,15+,52.6805917964265
2010,FB_CBK_BRCH,Switzerland,15+,51.7707756754687
2011,FB_CBK_BRCH,Switzerland,15+,50.2460958961824
2012,FB_CBK_BRCH,Switzerland,15+,48.8847289864703
2013,FB_CBK_BRCH,Switzerland,15+,47.4501631806759
2014,FB_CBK_BRCH,Switzerland,15+,46.0311464048414
2015,FB_CBK_BRCH,Switzerland,15+,44.3521566909267
2016,FB_CBK_BRCH,Switzerland,15+,42.4603560780429
2017,FB_CBK_BRCH,Switzerland,15+,40.834814834685
2018,FB_CBK_BRCH,Switzerland,15+,39.5182118499147
2019,FB_CBK_BRCH,Switzerland,15+,38.3599017010382
2020,FB_CBK_BRCH,Switzerland,15+,37.0337592669494
2021,FB_CBK_BRCH,Switzerland,15+,36.3931247569846
2004,FB_CBK_BRCH,Tajikistan,15+,4.93952764845308
2005,FB_CBK_BRCH,Tajikistan,15+,5.0622045116363
2006,FB_CBK_BRCH,Tajikistan,15+,5.09544388924857
2007,FB_CBK_BRCH,Tajikistan,15+,5.1303397539498
2008,FB_CBK_BRCH,Tajikistan,15+,5.38343575664952
2009,FB_CBK_BRCH,Tajikistan,15+,5.30353510314421
2010,FB_CBK_BRCH,Tajikistan,15+,5.53510183967784
2011,FB_CBK_BRCH,Tajikistan,15+,5.8309532014556
2020,FB_CBK_BRCH,Denmark,15+,18.6605762041807
2021,FB_CBK_BRCH,Denmark,15+,17.5185316085092
2004,FB_CBK_BRCH,Estonia,15+,18.4136469443769
2005,FB_CBK_BRCH,Estonia,15+,20.8798235654909
2006,FB_CBK_BRCH,Estonia,15+,22.6260748477545
2007,FB_CBK_BRCH,Estonia,15+,24.0225285727812
2008,FB_CBK_BRCH,Estonia,15+,23.8242805462881
2009,FB_CBK_BRCH,Estonia,15+,20.2775199006225
2010,FB_CBK_BRCH,Estonia,15+,19.4693539094905
2011,FB_CBK_BRCH,Estonia,15+,17.3520735727919
2012,FB_CBK_BRCH,Estonia,15+,16.0207786814452
2013,FB_CBK_BRCH,Estonia,15+,13.9519602504152
2014,FB_CBK_BRCH,Estonia,15+,12.3929973232935
2015,FB_CBK_BRCH,Estonia,15+,11.1491208510314
2016,FB_CBK_BRCH,Estonia,15+,10.4209709807674
2017,FB_CBK_BRCH,Estonia,15+,10.0572720872645
2018,FB_CBK_BRCH,Estonia,15+,9.67677754264113
2019,FB_CBK_BRCH,Estonia,15+,8.93170493616538
2020,FB_CBK_BRCH,Estonia,15+,7.92693527567269
2021,FB_CBK_BRCH,Estonia,15+,7.47675674507052
2004,FB_CBK_BRCH,Finland,15+,13.1694631681648
2005,FB_CBK_BRCH,Finland,15+,14.412677621839
2006,FB_CBK_BRCH,Finland,15+,16.9470925072753
2007,FB_CBK_BRCH,Finland,15+,16.086793949816
2008,FB_CBK_BRCH,Finland,15+,16.0197160165935
2009,FB_CBK_BRCH,Finland,15+,14.9665847399713
2012,FB_CBK_BRCH,Tajikistan,15+,6.30439386700684
2013,FB_CBK_BRCH,Tajikistan,15+,6.60132700144825
2014,FB_CBK_BRCH,Tajikistan,15+,6.79557681364251
2015,FB_CBK_BRCH,Tajikistan,15+,6.85822626726471
2016,FB_CBK_BRCH,Tajikistan,15+,6.70463914041828
2017,FB_CBK_BRCH,Tajikistan,15+,5.0148878375148
2018,FB_CBK_BRCH,Tajikistan,15+,4.64092292834936
2019,FB_CBK_BRCH,Tajikistan,15+,4.50080375148812
2020,FB_CBK_BRCH,Tajikistan,15+,4.52953280459813
2021,FB_CBK_BRCH,Tajikistan,15+,3.4054062461372
2004,FB_CBK_BRCH,United Arab Emirates,15+,15.0658056127583
2005,FB_CBK_BRCH,United Arab Emirates,15+,13.3184437225024
2006,FB_CBK_BRCH,United Arab Emirates,15+,12.6146166784222
2010,FB_CBK_BRCH,Finland,15+,15.5008044113413
2011,FB_CBK_BRCH,Finland,15+,17.0226156337835
2012,FB_CBK_BRCH,Finland,15+,15.4988301810201
2013,FB_CBK_BRCH,Finland,15+,14.1042854584157
2014,FB_CBK_BRCH,Finland,15+,9.42070341982489
2015,FB_CBK_BRCH,Finland,15+,8.49126022307348
2016,FB_CBK_BRCH,Finland,15+,7.30798911109622
2017,FB_CBK_BRCH,Finland,15+,6.45991331143177
2018,FB_CBK_BRCH,Finland,15+,4.79996575159572
2019,FB_CBK_BRCH,Finland,15+,4.48541990538783
2020,FB_CBK_BRCH,Finland,15+,4.01953969177224
2021,FB_CBK_BRCH,Finland,15+,6.16101952893444
2004,FB_CBK_BRCH,France,15+,21.579133113406
2005,FB_CBK_BRCH,France,15+,22.0117945156745
2006,FB_CBK_BRCH,France,15+,45.9139992020724
2007,FB_CBK_BRCH,France,15+,44.914586689895
2008,FB_CBK_BRCH,France,15+,44.5849326673182
2009,FB_CBK_BRCH,France,15+,41.9436770475656
2010,FB_CBK_BRCH,France,15+,41.5850614461962
2011,FB_CBK_BRCH,France,15+,41.3932346590865
2012,FB_CBK_BRCH,France,15+,39.00312606085
2013,FB_CBK_BRCH,France,15+,38.6323135180613
2014,FB_CBK_BRCH,France,15+,38.0560462814468
2015,FB_CBK_BRCH,France,15+,37.6037136538308
2016,FB_CBK_BRCH,France,15+,37.1879439567455
2017,FB_CBK_BRCH,France,15+,35.982222614117
2007,FB_CBK_BRCH,United Arab Emirates,15+,12.1563118208664
2008,FB_CBK_BRCH,United Arab Emirates,15+,12.3081702555624
2009,FB_CBK_BRCH,United Arab Emirates,15+,11.8197586282409
2010,FB_CBK_BRCH,United Arab Emirates,15+,11.6900231443603
2011,FB_CBK_BRCH,United Arab Emirates,15+,11.6709102819429
2012,FB_CBK_BRCH,United Arab Emirates,15+,11.9620465150191
2013,FB_CBK_BRCH,United Arab Emirates,15+,12.3880991073133
2014,FB_CBK_BRCH,United Arab Emirates,15+,12.7477328327379
2015,FB_CBK_BRCH,United Arab Emirates,15+,12.7909887044376
2016,FB_CBK_BRCH,United Arab Emirates,15+,12.365318164877
2017,FB_CBK_BRCH,United Arab Emirates,15+,11.2684502379566
2018,FB_CBK_BRCH,United Arab Emirates,15+,10.7362058297233
2019,FB_CBK_BRCH,United Arab Emirates,15+,9.52835140559984
2018,FB_CBK_BRCH,France,15+,34.7872210076823
2019,FB_CBK_BRCH,France,15+,34.1731899359291
2020,FB_CBK_BRCH,France,15+,33.5676968348014
2021,FB_CBK_BRCH,France,15+,33.2704392927964
2004,FB_CBK_BRCH,Georgia,15+,10.1588054759116
2005,FB_CBK_BRCH,Georgia,15+,11.6772077992356
2006,FB_CBK_BRCH,Georgia,15+,14.0001501373567
2007,FB_CBK_BRCH,Georgia,15+,17.0359804984024
2008,FB_CBK_BRCH,Georgia,15+,21.8065816516819
2009,FB_CBK_BRCH,Georgia,15+,20.7201797283738
2010,FB_CBK_BRCH,Georgia,15+,21.2115769503868
2011,FB_CBK_BRCH,Georgia,15+,23.5965880503758
2012,FB_CBK_BRCH,Georgia,15+,27.9843248412554
2013,FB_CBK_BRCH,Georgia,15+,32.8849935582355
2014,FB_CBK_BRCH,Georgia,15+,32.4038498418824
2015,FB_CBK_BRCH,Georgia,15+,32.1658765433244
2016,FB_CBK_BRCH,Georgia,15+,32.7249048153784
2017,FB_CBK_BRCH,Georgia,15+,33.2337986065138
2018,FB_CBK_BRCH,Georgia,15+,31.516927802146
2019,FB_CBK_BRCH,Georgia,15+,33.5802834323823
2020,FB_CBK_BRCH,Georgia,15+,31.6501833185352
2021,FB_CBK_BRCH,Georgia,15+,31.2452553031551
2004,FB_CBK_BRCH,Germany,15+,21.3009583755817
2005,FB_CBK_BRCH,Germany,15+,20.2096599199075
2006,FB_CBK_BRCH,Germany,15+,16.695385020203
2007,FB_CBK_BRCH,Germany,15+,16.3164946618523
2020,FB_CBK_BRCH,United Arab Emirates,15+,7.97604527735036
2021,FB_CBK_BRCH,United Arab Emirates,15+,7.59713543305142
2005,FB_CBK_BRCH,Türkiye,15+,12.9426627869342
2006,FB_CBK_BRCH,Türkiye,15+,14.0542158038309
2007,FB_CBK_BRCH,Türkiye,15+,15.3234539858254
2008,FB_CBK_BRCH,Türkiye,15+,17.1613914007709
2009,FB_CBK_BRCH,Türkiye,15+,17.3392413908499
2010,FB_CBK_BRCH,Türkiye,15+,17.876037369562
2011,FB_CBK_BRCH,Türkiye,15+,18.2291729981739
2012,FB_CBK_BRCH,Türkiye,15+,18.6006415156202
2013,FB_CBK_BRCH,Türkiye,15+,19.6340486458381
2014,FB_CBK_BRCH,Türkiye,15+,19.5873343063305
2015,FB_CBK_BRCH,Türkiye,15+,19.1404351165351
2008,FB_CBK_BRCH,Germany,15+,16.3258791348098
2009,FB_CBK_BRCH,Germany,15+,15.8667307806724
2010,FB_CBK_BRCH,Germany,15+,15.7128233517173
2011,FB_CBK_BRCH,Germany,15+,15.8561672079137
2012,FB_CBK_BRCH,Germany,15+,14.1941640715245
2013,FB_CBK_BRCH,Germany,15+,14.9081442276252
2014,FB_CBK_BRCH,Germany,15+,14.5649962173287
2015,FB_CBK_BRCH,Germany,15+,14.0626040782934
2016,FB_CBK_BRCH,Germany,15+,13.5465104868413
2017,FB_CBK_BRCH,Germany,15+,12.9537615154215
2018,FB_CBK_BRCH,Germany,15+,11.169734724735
2019,FB_CBK_BRCH,Germany,15+,10.9735832901534
2020,FB_CBK_BRCH,Germany,15+,9.37736582834227
2004,FB_CBK_BRCH,Greece,15+,34.0409109857483
2005,FB_CBK_BRCH,Greece,15+,35.190341644103
2006,FB_CBK_BRCH,Greece,15+,38.0537558812165
2007,FB_CBK_BRCH,Greece,15+,40.1401460884459
2008,FB_CBK_BRCH,Greece,15+,42.6249406424351
2009,FB_CBK_BRCH,Greece,15+,42.2850542410977
2010,FB_CBK_BRCH,Greece,15+,41.3251659675403
2011,FB_CBK_BRCH,Greece,15+,39.6668871913798
2012,FB_CBK_BRCH,Greece,15+,37.7422651512837
2013,FB_CBK_BRCH,Greece,15+,32.5465142147971
2014,FB_CBK_BRCH,Greece,15+,28.1798284075481
2015,FB_CBK_BRCH,Greece,15+,26.8350275310509
2016,FB_CBK_BRCH,Greece,15+,24.6179157532015
2016,FB_CBK_BRCH,Türkiye,15+,18.0735285964439
2017,FB_CBK_BRCH,Türkiye,15+,17.3189485241596
2018,FB_CBK_BRCH,Türkiye,15+,16.8123316349187
2019,FB_CBK_BRCH,Türkiye,15+,16.0993937847601
2020,FB_CBK_BRCH,Türkiye,15+,15.4443202479497
2021,FB_CBK_BRCH,Türkiye,15+,15.0095431986454
2004,FB_CBK_BRCH,Ukraine,15+,3.71328511036872
2005,FB_CBK_BRCH,Ukraine,15+,3.86405565911092
2006,FB_CBK_BRCH,Ukraine,15+,3.87170931525777
2007,FB_CBK_BRCH,Ukraine,15+,3.85694761616469
2008,FB_CBK_BRCH,Ukraine,15+,3.73670694811594
2009,FB_CBK_BRCH,Ukraine,15+,3.22011226514475
2010,FB_CBK_BRCH,Ukraine,15+,2.3279403308021
2011,FB_CBK_BRCH,Ukraine,15+,1.60438083852198
2012,FB_CBK_BRCH,Ukraine,15+,1.07301701065675
2013,FB_CBK_BRCH,Ukraine,15+,0.920653752877397
2014,FB_CBK_BRCH,Ukraine,15+,0.76913646606427
2015,FB_CBK_BRCH,Ukraine,15+,0.564532434374673
2016,FB_CBK_BRCH,Ukraine,15+,0.496605856622637
2017,FB_CBK_BRCH,Ukraine,15+,0.454731769591854
2018,FB_CBK_BRCH,Ukraine,15+,0.433895824700337
2019,FB_CBK_BRCH,Ukraine,15+,0.420785551950171
2020,FB_CBK_BRCH,Ukraine,15+,0.409978598577709
2021,FB_CBK_BRCH,Ukraine,15+,0.385401229413637
2004,FB_CBK_BRCH,North Macedonia,15+,17.4997672903286
2005,FB_CBK_BRCH,North Macedonia,15+,16.6124608222799
2006,FB_CBK_BRCH,North Macedonia,15+,18.9999199681828
2007,FB_CBK_BRCH,North Macedonia,15+,20.1848030860321
2008,FB_CBK_BRCH,North Macedonia,15+,24.5921254691444
2009,FB_CBK_BRCH,North Macedonia,15+,25.5399796157546
2010,FB_CBK_BRCH,North Macedonia,15+,25.8440053466268
2011,FB_CBK_BRCH,North Macedonia,15+,24.324953102315
2012,FB_CBK_BRCH,North Macedonia,15+,24.8078273093712
2013,FB_CBK_BRCH,North Macedonia,15+,24.9007768340942
2014,FB_CBK_BRCH,North Macedonia,15+,24.9952514848578
2015,FB_CBK_BRCH,North Macedonia,15+,24.8023652278971
2016,FB_CBK_BRCH,North Macedonia,15+,25.1048839145529
2017,FB_CBK_BRCH,North Macedonia,15+,25.7394302042091
2018,FB_CBK_BRCH,North Macedonia,15+,24.2314029751547
2017,FB_CBK_BRCH,Greece,15+,22.8568381612308
2018,FB_CBK_BRCH,Greece,15+,20.8725665298149
2019,FB_CBK_BRCH,Greece,15+,19.2381706102931
2020,FB_CBK_BRCH,Greece,15+,18.2481416064447
2021,FB_CBK_BRCH,Greece,15+,16.7756197503086
2004,FB_CBK_BRCH,Hungary,15+,13.7906973875791
2005,FB_CBK_BRCH,Hungary,15+,14.8089440859097
2006,FB_CBK_BRCH,Hungary,15+,16.1495350636944
2007,FB_CBK_BRCH,Hungary,15+,17.336742736128
2008,FB_CBK_BRCH,Hungary,15+,17.9887750982748
2009,FB_CBK_BRCH,Hungary,15+,17.6521470714924
2010,FB_CBK_BRCH,Hungary,15+,16.7840611320374
2011,FB_CBK_BRCH,Hungary,15+,16.4392492131385
2012,FB_CBK_BRCH,Hungary,15+,16.0774778615963
2013,FB_CBK_BRCH,Hungary,15+,15.4089163345511
2014,FB_CBK_BRCH,Hungary,15+,15.5004880046606
2015,FB_CBK_BRCH,Hungary,15+,15.1291212308122
2016,FB_CBK_BRCH,Hungary,15+,14.7078982841737
2017,FB_CBK_BRCH,Hungary,15+,14.6398839118056
2018,FB_CBK_BRCH,Hungary,15+,14.1991296459421
2019,FB_CBK_BRCH,Hungary,15+,23.4186687455619
2020,FB_CBK_BRCH,Hungary,15+,23.2226995777135
2021,FB_CBK_BRCH,Hungary,15+,22.4154218102054
2004,FB_CBK_BRCH,Iceland,15+,90.9010678669138
2005,FB_CBK_BRCH,Iceland,15+,86.1774041980088
2006,FB_CBK_BRCH,Iceland,15+,77.5818087524086
2007,FB_CBK_BRCH,Iceland,15+,73.3089789165015
2008,FB_CBK_BRCH,Iceland,15+,69.6755282726476
2009,FB_CBK_BRCH,Iceland,15+,60.8427314807451
2010,FB_CBK_BRCH,Iceland,15+,57.5632103597899
2011,FB_CBK_BRCH,Iceland,15+,52.2073422507693
2012,FB_CBK_BRCH,Iceland,15+,47.152018106375
2013,FB_CBK_BRCH,Iceland,15+,43.1433213361215
2014,FB_CBK_BRCH,Iceland,15+,40.3027697598723
2015,FB_CBK_BRCH,Iceland,15+,36.4164678302234
2016,FB_CBK_BRCH,Iceland,15+,35.4653615413619
2017,FB_CBK_BRCH,Iceland,15+,34.5761330052847
2018,FB_CBK_BRCH,Iceland,15+,31.4745657217224
2019,FB_CBK_BRCH,Iceland,15+,30.3738398401232
2020,FB_CBK_BRCH,Iceland,15+,28.1089135735573
2021,FB_CBK_BRCH,Iceland,15+,26.5786028957388
2004,FB_CBK_BRCH,India,15+,8.93203435733526
2005,FB_CBK_BRCH,India,15+,8.89375047761804
2006,FB_CBK_BRCH,India,15+,8.83111257891861
2007,FB_CBK_BRCH,India,15+,8.94673691019689
2008,FB_CBK_BRCH,India,15+,9.25591437187716
2009,FB_CBK_BRCH,India,15+,9.54647841474312
2010,FB_CBK_BRCH,India,15+,9.98892348351121
2011,FB_CBK_BRCH,India,15+,10.4577461001552
2012,FB_CBK_BRCH,India,15+,11.1303092158421
2013,FB_CBK_BRCH,India,15+,11.8015720795432
2014,FB_CBK_BRCH,India,15+,12.8254254608637
2019,FB_CBK_BRCH,North Macedonia,15+,24.1900787271872
2020,FB_CBK_BRCH,North Macedonia,15+,23.2343882783376
2021,FB_CBK_BRCH,North Macedonia,15+,22.4224835096503
2004,FB_CBK_BRCH,United Kingdom of Great Britain and Northern Ireland,15+,29.0259600420828
2005,FB_CBK_BRCH,United Kingdom of Great Britain and Northern Ireland,15+,28.3171329150186
2006,FB_CBK_BRCH,United Kingdom of Great Britain and Northern Ireland,15+,26.4304276443193
2007,FB_CBK_BRCH,United Kingdom of Great Britain and Northern Ireland,15+,26.380866219934
2008,FB_CBK_BRCH,United Kingdom of Great Britain and Northern Ireland,15+,26.0275156947452
2009,FB_CBK_BRCH,United Kingdom of Great Britain and Northern Ireland,15+,25.4113794206217
2010,FB_CBK_BRCH,United Kingdom of Great Britain and Northern Ireland,15+,24.6989547970729
2011,FB_CBK_BRCH,United Kingdom of Great Britain and Northern Ireland,15+,24.0565123847324
2012,FB_CBK_BRCH,United Kingdom of Great Britain and Northern Ireland,15+,22.0833414414752
2015,FB_CBK_BRCH,India,15+,13.5221370131306
2016,FB_CBK_BRCH,India,15+,14.2080953730358
2017,FB_CBK_BRCH,India,15+,14.4889019941578
2018,FB_CBK_BRCH,India,15+,14.4639566034561
2019,FB_CBK_BRCH,India,15+,14.6045522135934
2020,FB_CBK_BRCH,India,15+,14.7476885863487
2021,FB_CBK_BRCH,India,15+,14.5812143052794
2004,FB_CBK_BRCH,Ireland,15+,35.7178627836203
2005,FB_CBK_BRCH,Ireland,15+,34.4013309880984
2006,FB_CBK_BRCH,Ireland,15+,33.7458345902434
2007,FB_CBK_BRCH,Ireland,15+,32.9740353024875
2008,FB_CBK_BRCH,Ireland,15+,33.5190332617551
2009,FB_CBK_BRCH,Ireland,15+,34.1594224973012
2010,FB_CBK_BRCH,Ireland,15+,27.987778393269
2011,FB_CBK_BRCH,Ireland,15+,27.0018735316348
2012,FB_CBK_BRCH,Ireland,15+,24.4289930142476
2013,FB_CBK_BRCH,Ireland,15+,22.7925535873054
2014,FB_CBK_BRCH,Ireland,15+,21.8014108117995
2015,FB_CBK_BRCH,Ireland,15+,21.8591908778303
2016,FB_CBK_BRCH,Ireland,15+,21.6082795186836
2017,FB_CBK_BRCH,Ireland,15+,20.7491174328407
2018,FB_CBK_BRCH,Ireland,15+,20.4423173745582
2019,FB_CBK_BRCH,Ireland,15+,19.8935463947574
2020,FB_CBK_BRCH,Ireland,15+,19.204240134075
2021,FB_CBK_BRCH,Ireland,15+,16.0551617344976
2004,FB_CBK_BRCH,Israel,15+,19.7865012091751
2005,FB_CBK_BRCH,Israel,15+,19.5998079218824
2006,FB_CBK_BRCH,Israel,15+,19.4036532179097
2007,FB_CBK_BRCH,Israel,15+,19.453614854565
2008,FB_CBK_BRCH,Israel,15+,19.8242264496301
2009,FB_CBK_BRCH,Israel,15+,19.6813099291289
2010,FB_CBK_BRCH,Israel,15+,21.550391035903
2011,FB_CBK_BRCH,Israel,15+,21.8742177483464
2012,FB_CBK_BRCH,Israel,15+,21.845730407285
2013,FB_CBK_BRCH,Israel,15+,21.477169528631
2014,FB_CBK_BRCH,Israel,15+,20.8466820070383
2015,FB_CBK_BRCH,Israel,15+,20.0651314497694
2016,FB_CBK_BRCH,Israel,15+,18.8659578565025
2017,FB_CBK_BRCH,Israel,15+,17.8867255808368
2013,FB_CBK_BRCH,United Kingdom of Great Britain and Northern Ireland,15+,25.1399141642588
2004,FB_CBK_BRCH,Uzbekistan,15+,39.152550830561
2005,FB_CBK_BRCH,Uzbekistan,15+,40.0127868551673
2006,FB_CBK_BRCH,Uzbekistan,15+,42.3305877896576
2007,FB_CBK_BRCH,Uzbekistan,15+,41.4371802537822
2008,FB_CBK_BRCH,Uzbekistan,15+,40.6560357067331
2009,FB_CBK_BRCH,Uzbekistan,15+,40.2775258726025
2010,FB_CBK_BRCH,Uzbekistan,15+,39.1835281162935
2011,FB_CBK_BRCH,Uzbekistan,15+,45.835040824005
2012,FB_CBK_BRCH,Uzbekistan,15+,45.3182684722185
2013,FB_CBK_BRCH,Uzbekistan,15+,46.7880204185398
2014,FB_CBK_BRCH,Uzbekistan,15+,31.2836514768016
2015,FB_CBK_BRCH,Uzbekistan,15+,30.3913523201913
2018,FB_CBK_BRCH,Israel,15+,17.3532579765633
2019,FB_CBK_BRCH,Israel,15+,16.7553957275272
2020,FB_CBK_BRCH,Israel,15+,16.1487270698225
2021,FB_CBK_BRCH,Israel,15+,15.2024743541349
2004,FB_CBK_BRCH,Italy,15+,56.2091178755923
2005,FB_CBK_BRCH,Italy,15+,56.773913270145
2006,FB_CBK_BRCH,Italy,15+,58.012597473519
2007,FB_CBK_BRCH,Italy,15+,59.1799391172419
2008,FB_CBK_BRCH,Italy,15+,62.6225486919872
2009,FB_CBK_BRCH,Italy,15+,59.7061970362435
2010,FB_CBK_BRCH,Italy,15+,58.4427751164777
2011,FB_CBK_BRCH,Italy,15+,58.0057407242355
2012,FB_CBK_BRCH,Italy,15+,56.4777109941005
2013,FB_CBK_BRCH,Italy,15+,53.300298170306
2014,FB_CBK_BRCH,Italy,15+,50.8097047299745
2015,FB_CBK_BRCH,Italy,15+,49.8195106646214
2016,FB_CBK_BRCH,Italy,15+,47.6275660647053
2017,FB_CBK_BRCH,Italy,15+,44.6130053745422
2018,FB_CBK_BRCH,Italy,15+,40.8855983683035
2019,FB_CBK_BRCH,Italy,15+,39.1576114007437
2020,FB_CBK_BRCH,Italy,15+,37.6967159626299
2021,FB_CBK_BRCH,Italy,15+,34.4721194164844
2004,FB_CBK_BRCH,Japan,15+,34.6060500689209
2005,FB_CBK_BRCH,Japan,15+,34.3844342507184
2006,FB_CBK_BRCH,Japan,15+,34.1154764839134
2007,FB_CBK_BRCH,Japan,15+,33.8984414627618
2008,FB_CBK_BRCH,Japan,15+,33.8484307898183
2009,FB_CBK_BRCH,Japan,15+,33.8149784403348
2010,FB_CBK_BRCH,Japan,15+,33.8183050887659
2011,FB_CBK_BRCH,Japan,15+,33.9007493437155
2012,FB_CBK_BRCH,Japan,15+,33.9499360724835
2013,FB_CBK_BRCH,Japan,15+,33.912042288296
2014,FB_CBK_BRCH,Japan,15+,33.897870885577
2015,FB_CBK_BRCH,Japan,15+,34.1402042043054
2016,FB_CBK_BRCH,Japan,15+,34.0740231495884
2017,FB_CBK_BRCH,Japan,15+,33.9481071371584
2018,FB_CBK_BRCH,Japan,15+,33.9382172697879
2019,FB_CBK_BRCH,Japan,15+,33.8212704647184
2020,FB_CBK_BRCH,Japan,15+,33.8066536227315
2021,FB_CBK_BRCH,Japan,15+,33.8936889096627
2004,FB_CBK_BRCH,Kazakhstan,15+,3.72515388876797
2005,FB_CBK_BRCH,Kazakhstan,15+,3.95158711300018
2006,FB_CBK_BRCH,Kazakhstan,15+,3.07885968696363
2007,FB_CBK_BRCH,Kazakhstan,15+,3.2919783164959
2008,FB_CBK_BRCH,Kazakhstan,15+,3.46769223664565
2009,FB_CBK_BRCH,Kazakhstan,15+,3.36593359846324
2010,FB_CBK_BRCH,Kazakhstan,15+,3.25920839313927
2011,FB_CBK_BRCH,Kazakhstan,15+,3.32381730829924
2012,FB_CBK_BRCH,Kazakhstan,15+,3.28885637191751
2013,FB_CBK_BRCH,Kazakhstan,15+,3.27385695369971
2014,FB_CBK_BRCH,Kazakhstan,15+,3.38659172470279
2015,FB_CBK_BRCH,Kazakhstan,15+,2.96286111911231
2016,FB_CBK_BRCH,Kazakhstan,15+,2.9532406907398
2017,FB_CBK_BRCH,Kazakhstan,15+,2.80714038070669
2018,FB_CBK_BRCH,Kazakhstan,15+,15.2047365966767
2019,FB_CBK_BRCH,Kazakhstan,15+,14.7417426684134
2020,FB_CBK_BRCH,Kazakhstan,15+,14.0788030714816
2021,FB_CBK_BRCH,Kazakhstan,15+,13.0709201823776
2004,FB_CBK_BRCH,Republic of Korea,15+,16.7975690778462
2005,FB_CBK_BRCH,Republic of Korea,15+,17.3319707747025
2006,FB_CBK_BRCH,Republic of Korea,15+,17.8238438996295
2007,FB_CBK_BRCH,Republic of Korea,15+,18.3071375421041
2008,FB_CBK_BRCH,Republic of Korea,15+,18.696696189598
2009,FB_CBK_BRCH,Republic of Korea,15+,18.1921552973483
2010,FB_CBK_BRCH,Republic of Korea,15+,18.1791478775785
2011,FB_CBK_BRCH,Republic of Korea,15+,18.2208197712459
2012,FB_CBK_BRCH,Republic of Korea,15+,18.312368452457
2013,FB_CBK_BRCH,Republic of Korea,15+,18.0209113651997
2014,FB_CBK_BRCH,Republic of Korea,15+,17.1967351508063
2015,FB_CBK_BRCH,Republic of Korea,15+,16.7514660374712
2016,FB_CBK_BRCH,Republic of Korea,15+,16.2376432584359
2017,FB_CBK_BRCH,Republic of Korea,15+,15.4367239933046
2018,FB_CBK_BRCH,Republic of Korea,15+,15.2808597519573
2019,FB_CBK_BRCH,Republic of Korea,15+,15.0819250523085
2020,FB_CBK_BRCH,Republic of Korea,15+,14.3555072097601
2021,FB_CBK_BRCH,Republic of Korea,15+,13.6529687607387
2004,FB_CBK_BRCH,Kyrgyzstan,15+,5.13748070574634
2005,FB_CBK_BRCH,Kyrgyzstan,15+,5.3023548627644
2006,FB_CBK_BRCH,Kyrgyzstan,15+,5.32293678281701
2007,FB_CBK_BRCH,Kyrgyzstan,15+,6.41450765935703
2008,FB_CBK_BRCH,Kyrgyzstan,15+,6.81648440621846
2009,FB_CBK_BRCH,Kyrgyzstan,15+,6.91177790789222
2010,FB_CBK_BRCH,Kyrgyzstan,15+,6.10084194237192
2011,FB_CBK_BRCH,Kyrgyzstan,15+,7.15549963665099
2012,FB_CBK_BRCH,Kyrgyzstan,15+,7.70718040358484
2013,FB_CBK_BRCH,Kyrgyzstan,15+,7.8497571623355
2014,FB_CBK_BRCH,Kyrgyzstan,15+,7.88778935372381
2015,FB_CBK_BRCH,Kyrgyzstan,15+,8.28333515501355
2016,FB_CBK_BRCH,Kyrgyzstan,15+,8.43199044020064
2017,FB_CBK_BRCH,Kyrgyzstan,15+,8.18350657071347
2018,FB_CBK_BRCH,Kyrgyzstan,15+,8.08912438267824
2019,FB_CBK_BRCH,Kyrgyzstan,15+,7.96268598149628
2020,FB_CBK_BRCH,Kyrgyzstan,15+,7.55927998647904
2021,FB_CBK_BRCH,Kyrgyzstan,15+,7.42004897232322
2004,FB_CBK_BRCH,Latvia,15+,31.5876549606431
2005,FB_CBK_BRCH,Latvia,15+,31.8823629804408
2006,FB_CBK_BRCH,Latvia,15+,33.412261456743
2007,FB_CBK_BRCH,Latvia,15+,37.3612268896964
2008,FB_CBK_BRCH,Latvia,15+,36.6122400330526
2009,FB_CBK_BRCH,Latvia,15+,35.3519034909326
2010,FB_CBK_BRCH,Latvia,15+,34.183746516421
2011,FB_CBK_BRCH,Latvia,15+,32.7577808215923
2012,FB_CBK_BRCH,Latvia,15+,24.6198839135171
2013,FB_CBK_BRCH,Latvia,15+,21.5734675423983
2014,FB_CBK_BRCH,Latvia,15+,20.3696322928141
2015,FB_CBK_BRCH,Latvia,15+,18.0461015358245
2016,FB_CBK_BRCH,Latvia,15+,17.0968264316937
2017,FB_CBK_BRCH,Latvia,15+,16.4662460252312
2018,FB_CBK_BRCH,Latvia,15+,14.7012677681499
2019,FB_CBK_BRCH,Latvia,15+,9.73952392457863
2020,FB_CBK_BRCH,Latvia,15+,7.05216397540558
2021,FB_CBK_BRCH,Latvia,15+,6.63528093715687
2004,FB_CBK_BRCH,Lithuania,15+,23.7641222687389
2005,FB_CBK_BRCH,Lithuania,15+,25.4950837884176
2006,FB_CBK_BRCH,Lithuania,15+,27.9502288630505
2007,FB_CBK_BRCH,Lithuania,15+,29.9327762797089
2008,FB_CBK_BRCH,Lithuania,15+,29.7210436078685
2009,FB_CBK_BRCH,Lithuania,15+,29.5144995096425
2010,FB_CBK_BRCH,Lithuania,15+,29.0535145282724
2011,FB_CBK_BRCH,Lithuania,15+,18.9965562454757
2012,FB_CBK_BRCH,Lithuania,15+,19.2762700887531
2013,FB_CBK_BRCH,Lithuania,15+,18.0807072128174
2014,FB_CBK_BRCH,Lithuania,15+,16.2421363317833
2015,FB_CBK_BRCH,Lithuania,15+,14.5508952831318
2016,FB_CBK_BRCH,Lithuania,15+,13.4380713222572
2017,FB_CBK_BRCH,Lithuania,15+,13.5995190413998
2018,FB_CBK_BRCH,Lithuania,15+,11.4484369528706
2019,FB_CBK_BRCH,Lithuania,15+,10.0791487294369
2020,FB_CBK_BRCH,Lithuania,15+,10.4559337423988
2021,FB_CBK_BRCH,Lithuania,15+,11.1848577362356
2004,FB_CBK_BRCH,Luxembourg,15+,110.938897648794
2005,FB_CBK_BRCH,Luxembourg,15+,105.406647751589
2006,FB_CBK_BRCH,Luxembourg,15+,100.618231608647
2007,FB_CBK_BRCH,Luxembourg,15+,97.5450732097423
2008,FB_CBK_BRCH,Luxembourg,15+,94.582352779698
2009,FB_CBK_BRCH,Luxembourg,15+,90.9282009415469
2010,FB_CBK_BRCH,Luxembourg,15+,88.6214808888974
2011,FB_CBK_BRCH,Luxembourg,15+,85.9515868344591
2012,FB_CBK_BRCH,Luxembourg,15+,82.9788733515053
2013,FB_CBK_BRCH,Luxembourg,15+,81.7206968184295
2014,FB_CBK_BRCH,Luxembourg,15+,79.566331151189
2015,FB_CBK_BRCH,Luxembourg,15+,76.8399063644857
2016,FB_CBK_BRCH,Luxembourg,15+,76.7182634595424
2017,FB_CBK_BRCH,Luxembourg,15+,71.7233994094307
2018,FB_CBK_BRCH,Luxembourg,15+,68.4375702707195
2019,FB_CBK_BRCH,Luxembourg,15+,64.6746368270394
2020,FB_CBK_BRCH,Luxembourg,15+,59.548297050199
2021,FB_CBK_BRCH,Luxembourg,15+,56.5436795289633
2004,FB_CBK_BRCH,Malta,15+,38.8791859670438
2005,FB_CBK_BRCH,Malta,15+,39.2883706422899
2006,FB_CBK_BRCH,Malta,15+,37.390388296215
2007,FB_CBK_BRCH,Malta,15+,38.4906946542008
2008,FB_CBK_BRCH,Malta,15+,40.0515445965242
2009,FB_CBK_BRCH,Malta,15+,40.114958008235
2010,FB_CBK_BRCH,Malta,15+,39.4473959042819
2011,FB_CBK_BRCH,Malta,15+,41.4431228379799
2012,FB_CBK_BRCH,Malta,15+,37.908033994587
2013,FB_CBK_BRCH,Malta,15+,37.852189941192
2014,FB_CBK_BRCH,Malta,15+,37.0528486391133
2015,FB_CBK_BRCH,Malta,15+,37.1988725074136
2016,FB_CBK_BRCH,Malta,15+,34.3009266369733
2017,FB_CBK_BRCH,Malta,15+,32.1371984334984
2018,FB_CBK_BRCH,Malta,15+,29.6071634893125
2019,FB_CBK_BRCH,Malta,15+,27.5567576579998
2020,FB_CBK_BRCH,Malta,15+,24.248797191672
2021,FB_CBK_BRCH,Malta,15+,23.5118576628309
2004,FB_CBK_BRCH,Mexico,15+,11.0517305481277
2005,FB_CBK_BRCH,Mexico,15+,11.0924886164979
2006,FB_CBK_BRCH,Mexico,15+,11.4436222311308
2007,FB_CBK_BRCH,Mexico,15+,12.6010424785798
2008,FB_CBK_BRCH,Mexico,15+,13.9668347033222
2009,FB_CBK_BRCH,Mexico,15+,13.675038506113
2010,FB_CBK_BRCH,Mexico,15+,14.0898365341479
2011,FB_CBK_BRCH,Mexico,15+,14.4135498629488
2012,FB_CBK_BRCH,Mexico,15+,14.8881749644832
2013,FB_CBK_BRCH,Mexico,15+,14.8319505469151
2014,FB_CBK_BRCH,Mexico,15+,14.7262485605409
2015,FB_CBK_BRCH,Mexico,15+,13.9235486047233
2016,FB_CBK_BRCH,Mexico,15+,14.0189310779759
2017,FB_CBK_BRCH,Mexico,15+,14.0319653479782
2018,FB_CBK_BRCH,Mexico,15+,13.856505729787
2019,FB_CBK_BRCH,Mexico,15+,13.733713104358
2020,FB_CBK_BRCH,Mexico,15+,12.790904714045
2021,FB_CBK_BRCH,Mexico,15+,11.9779294132769
2004,FB_CBK_BRCH,Republic of Moldova,15+,37.1075798444995
2005,FB_CBK_BRCH,Republic of Moldova,15+,40.1131326316935
2006,FB_CBK_BRCH,Republic of Moldova,15+,41.4966018047849
2007,FB_CBK_BRCH,Republic of Moldova,15+,44.6758974376265
2008,FB_CBK_BRCH,Republic of Moldova,15+,49.6005891541166
2009,FB_CBK_BRCH,Republic of Moldova,15+,48.6892485248542
2010,FB_CBK_BRCH,Republic of Moldova,15+,49.1863530684331
2011,FB_CBK_BRCH,Republic of Moldova,15+,52.7396648212656
2012,FB_CBK_BRCH,Republic of Moldova,15+,53.2047420132474
2013,FB_CBK_BRCH,Republic of Moldova,15+,54.0443163393983
2014,FB_CBK_BRCH,Republic of Moldova,15+,56.2254507497073
2015,FB_CBK_BRCH,Republic of Moldova,15+,34.5636165357369
2016,FB_CBK_BRCH,Republic of Moldova,15+,34.536312920183
2017,FB_CBK_BRCH,Republic of Moldova,15+,34.7072369115992
2018,FB_CBK_BRCH,Republic of Moldova,15+,35.3273307590461
2019,FB_CBK_BRCH,Republic of Moldova,15+,32.3887651136417
2020,FB_CBK_BRCH,Republic of Moldova,15+,30.4880538549694
2021,FB_CBK_BRCH,Republic of Moldova,15+,29.8577993463588
2004,FB_CBK_BRCH,Montenegro,15+,21.0949724331719
2005,FB_CBK_BRCH,Montenegro,15+,25.0860164833484
2006,FB_CBK_BRCH,Montenegro,15+,27.2446324007807
2007,FB_CBK_BRCH,Montenegro,15+,34.6495431731282
2008,FB_CBK_BRCH,Montenegro,15+,41.7726959936554
2009,FB_CBK_BRCH,Montenegro,15+,43.5820859551205
2010,FB_CBK_BRCH,Montenegro,15+,39.7818594720807
2011,FB_CBK_BRCH,Montenegro,15+,40.2786806139907
2012,FB_CBK_BRCH,Montenegro,15+,40.5653699004955
2013,FB_CBK_BRCH,Montenegro,15+,42.4215993339412
2014,FB_CBK_BRCH,Montenegro,15+,41.9005454976678
2015,FB_CBK_BRCH,Montenegro,15+,42.9921766071284
2016,FB_CBK_BRCH,Montenegro,15+,44.2726011628937
2017,FB_CBK_BRCH,Montenegro,15+,43.6331045543527
2018,FB_CBK_BRCH,Montenegro,15+,43.6216158861279
2019,FB_CBK_BRCH,Montenegro,15+,40.8540860960582
2020,FB_CBK_BRCH,Montenegro,15+,38.0995773696366
2021,FB_CBK_BRCH,Montenegro,15+,25.7520685201603
2004,FB_CBK_BRCH,Netherlands (Kingdom of the),15+,33.6127673724043
2005,FB_CBK_BRCH,Netherlands (Kingdom of the),15+,28.0719969452386
2006,FB_CBK_BRCH,Netherlands (Kingdom of the),15+,27.6962310899885
2007,FB_CBK_BRCH,Netherlands (Kingdom of the),15+,28.6571434022834
2008,FB_CBK_BRCH,Netherlands (Kingdom of the),15+,27.571346505915
2009,FB_CBK_BRCH,Netherlands (Kingdom of the),15+,25.2244828301164
2010,FB_CBK_BRCH,Netherlands (Kingdom of the),15+,23.0151713324077
2011,FB_CBK_BRCH,Netherlands (Kingdom of the),15+,21.305189226676
2012,FB_CBK_BRCH,Netherlands (Kingdom of the),15+,19.6485943326419
2013,FB_CBK_BRCH,Netherlands (Kingdom of the),15+,17.3532541226897
2014,FB_CBK_BRCH,Netherlands (Kingdom of the),15+,14.7918454669062
2015,FB_CBK_BRCH,Netherlands (Kingdom of the),15+,13.9913846258581
2016,FB_CBK_BRCH,Netherlands (Kingdom of the),15+,12.4583849470614
2017,FB_CBK_BRCH,Netherlands (Kingdom of the),15+,11.9192231178776
2018,FB_CBK_BRCH,Netherlands (Kingdom of the),15+,10.943608113129
2019,FB_CBK_BRCH,Netherlands (Kingdom of the),15+,9.23926699439105
2020,FB_CBK_BRCH,Netherlands (Kingdom of the),15+,6.99182031837948
2021,FB_CBK_BRCH,Netherlands (Kingdom of the),15+,5.4498264463262
2004,FB_CBK_BRCH,New Zealand,15+,35.0095142031002
2005,FB_CBK_BRCH,New Zealand,15+,35.1498400682277
2006,FB_CBK_BRCH,New Zealand,15+,35.3507882405785
2007,FB_CBK_BRCH,New Zealand,15+,35.1371082369963
2008,FB_CBK_BRCH,New Zealand,15+,34.98842325368
2009,FB_CBK_BRCH,New Zealand,15+,35.6968266752011
2010,FB_CBK_BRCH,New Zealand,15+,34.4905745036884
2011,FB_CBK_BRCH,New Zealand,15+,33.9131370369042
2012,FB_CBK_BRCH,New Zealand,15+,33.3177622434226
2013,FB_CBK_BRCH,New Zealand,15+,30.827550344608
2014,FB_CBK_BRCH,New Zealand,15+,29.513550183566
2015,FB_CBK_BRCH,New Zealand,15+,28.8706767178188
2016,FB_CBK_BRCH,New Zealand,15+,29.5748183383978
2017,FB_CBK_BRCH,New Zealand,15+,27.1701019163461
2018,FB_CBK_BRCH,New Zealand,15+,26.6669104784196
2019,FB_CBK_BRCH,New Zealand,15+,25.1189780620933
2020,FB_CBK_BRCH,New Zealand,15+,21.3843032386856
2021,FB_CBK_BRCH,New Zealand,15+,17.7284637862871
2005,FB_CBK_BRCH,Norway,15+,12.0810544581109
2006,FB_CBK_BRCH,Norway,15+,12.0125303209849
2007,FB_CBK_BRCH,Norway,15+,12.314292314987
2008,FB_CBK_BRCH,Norway,15+,11.6989706980991
2009,FB_CBK_BRCH,Norway,15+,11.0182076520557
2010,FB_CBK_BRCH,Norway,15+,10.9585396876741
2011,FB_CBK_BRCH,Norway,15+,10.7251092434304
2012,FB_CBK_BRCH,Norway,15+,9.92516765832782
2013,FB_CBK_BRCH,Norway,15+,8.93813940220953
2014,FB_CBK_BRCH,Norway,15+,8.50956613097601
2015,FB_CBK_BRCH,Norway,15+,7.7291499133231
2016,FB_CBK_BRCH,Norway,15+,6.15895209497337
2017,FB_CBK_BRCH,Norway,15+,5.50117930092671
2004,FB_CBK_BRCH,Poland,15+,26.6164325336778
2005,FB_CBK_BRCH,Poland,15+,26.5947117999203
2006,FB_CBK_BRCH,Poland,15+,27.6169387937248
2007,FB_CBK_BRCH,Poland,15+,29.7101704127235
2008,FB_CBK_BRCH,Poland,15+,32.7478036810197
2009,FB_CBK_BRCH,Poland,15+,32.9398420139365
2010,FB_CBK_BRCH,Poland,15+,32.1854417195316
2011,FB_CBK_BRCH,Poland,15+,32.570568481215
2012,FB_CBK_BRCH,Poland,15+,33.9563980925422
2013,FB_CBK_BRCH,Poland,15+,32.950428230474
2014,FB_CBK_BRCH,Poland,15+,32.9309862513827
2015,FB_CBK_BRCH,Poland,15+,31.1213225514093
2016,FB_CBK_BRCH,Poland,15+,31.008020269411
2017,FB_CBK_BRCH,Poland,15+,29.3121815393892
2018,FB_CBK_BRCH,Poland,15+,29.7346271326737
2019,FB_CBK_BRCH,Poland,15+,28.9531724748528
2020,FB_CBK_BRCH,Poland,15+,25.7627195024627
2021,FB_CBK_BRCH,Poland,15+,23.207724090236
2004,FB_CBK_BRCH,Portugal,15+,66.4490846875741
2005,FB_CBK_BRCH,Portugal,15+,68.1490348349314
2006,FB_CBK_BRCH,Portugal,15+,70.7409575640826
2007,FB_CBK_BRCH,Portugal,15+,61.512638861922
2008,FB_CBK_BRCH,Portugal,15+,64.2108227006065
2009,FB_CBK_BRCH,Portugal,15+,65.7765729212004
2010,FB_CBK_BRCH,Portugal,15+,65.8687669927404
2011,FB_CBK_BRCH,Portugal,15+,63.9460540771057
2012,FB_CBK_BRCH,Portugal,15+,61.0956902197885
2013,FB_CBK_BRCH,Portugal,15+,58.0274727448582
2014,FB_CBK_BRCH,Portugal,15+,53.3882354128505
2015,FB_CBK_BRCH,Portugal,15+,35.4985341543882
2016,FB_CBK_BRCH,Portugal,15+,42.6983994004007
2017,FB_CBK_BRCH,Portugal,15+,39.0776548908918
2018,FB_CBK_BRCH,Portugal,15+,35.4613315864845
2019,FB_CBK_BRCH,Portugal,15+,34.5394923008423
2020,FB_CBK_BRCH,Portugal,15+,32.8720156052159
2021,FB_CBK_BRCH,Portugal,15+,30.7110659235985
2008,FB_CBK_BRCH,Romania,15+,36.725865717572
2009,FB_CBK_BRCH,Romania,15+,36.2111984805858
2010,FB_CBK_BRCH,Romania,15+,35.4369416541282
2011,FB_CBK_BRCH,Romania,15+,35.2672432702717
2012,FB_CBK_BRCH,Romania,15+,33.197116058988
2013,FB_CBK_BRCH,Romania,15+,31.6400902365408
2014,FB_CBK_BRCH,Romania,15+,30.7421234237079
2015,FB_CBK_BRCH,Romania,15+,28.7173408949093
2016,FB_CBK_BRCH,Romania,15+,28.0195069538967
2017,FB_CBK_BRCH,Romania,15+,26.6809818577172
2018,FB_CBK_BRCH,Romania,15+,25.5824521886888
2019,FB_CBK_BRCH,Romania,15+,23.656784990947
2020,FB_CBK_BRCH,Romania,15+,22.5956223256059
2021,FB_CBK_BRCH,Romania,15+,21.6599869841987
2016,FB_CBK_BRCH,Uzbekistan,15+,27.7242568129961
2017,FB_CBK_BRCH,Uzbekistan,15+,37.9579848128323
2018,FB_CBK_BRCH,Uzbekistan,15+,35.9241527656832
2019,FB_CBK_BRCH,Uzbekistan,15+,39.9833659160124
2020,FB_CBK_BRCH,Uzbekistan,15+,42.4441530132846
2021,FB_CBK_BRCH,Uzbekistan,15+,48.021102113033
2021,FB_CBK_BRCH,Uzbekistan,15+,48.021102113033
