Year,SeriesCode,GeoAreaName,Activity,Sex,Value
2008,SL_TLF_MANF,Czechia,ISIC4_C,,27.56
2009,SL_TLF_MANF,Czechia,ISIC4_C,,25.18
2010,SL_TLF_MANF,Czechia,ISIC4_C,,25.3
2011,SL_TLF_MANF,Czechia,ISIC4_C,,26.43
2012,SL_TLF_MANF,Czechia,ISIC4_C,,26.57
2013,SL_TLF_MANF,Czechia,ISIC4_C,,26.03
2014,SL_TLF_MANF,Czechia,ISIC4_C,,26.73
2015,SL_TLF_MANF,Czechia,ISIC4_C,,27.31
2016,SL_TLF_MANF,Czechia,ISIC4_C,,27.8
2017,SL_TLF_MANF,Czechia,ISIC4_C,,27.86
2018,SL_TLF_MANF,Czechia,ISIC4_C,,27.55
2019,SL_TLF_MANF,Czechia,ISIC4_C,,27.44
2020,SL_TLF_MANF,Czechia,ISIC4_C,,26.72
2021,SL_TLF_MANF,Czechia,ISIC4_C,,26.03
2000,SL_TLF_MANF,Denmark,ISIC4_C,,18.04
2001,SL_TLF_MANF,Denmark,ISIC4_C,,18.13
2002,SL_TLF_MANF,Denmark,ISIC4_C,,16.19
2003,SL_TLF_MANF,Denmark,ISIC4_C,,15.72
2004,SL_TLF_MANF,Denmark,ISIC4_C,,15.84
2005,SL_TLF_MANF,Denmark,ISIC4_C,,16.14
2006,SL_TLF_MANF,Denmark,ISIC4_C,,15.29
2007,SL_TLF_MANF,Denmark,ISIC4_C,,15.68
2008,SL_TLF_MANF,Denmark,ISIC4_C,,14.76
2009,SL_TLF_MANF,Denmark,ISIC4_C,,12.85
2010,SL_TLF_MANF,Denmark,ISIC4_C,,12.7
2011,SL_TLF_MANF,Denmark,ISIC4_C,,12.72
2012,SL_TLF_MANF,Denmark,ISIC4_C,,12.38
2013,SL_TLF_MANF,Denmark,ISIC4_C,,12.1
2014,SL_TLF_MANF,Denmark,ISIC4_C,,11.9
2015,SL_TLF_MANF,Denmark,ISIC4_C,,11.96
2016,SL_TLF_MANF,Denmark,ISIC4_C,,11.88
2017,SL_TLF_MANF,Denmark,ISIC4_C,,11.5
2018,SL_TLF_MANF,Denmark,ISIC4_C,,11.39
2019,SL_TLF_MANF,Denmark,ISIC4_C,,10.96
2020,SL_TLF_MANF,Denmark,ISIC4_C,,11.26
2021,SL_TLF_MANF,Denmark,ISIC4_C,,11.43
2000,SL_TLF_MANF,Estonia,ISIC4_C,,24.0
2001,SL_TLF_MANF,Estonia,ISIC4_C,,24.11
2002,SL_TLF_MANF,Estonia,ISIC4_C,,21.25
2003,SL_TLF_MANF,Estonia,ISIC4_C,,21.52
2004,SL_TLF_MANF,Estonia,ISIC4_C,,23.66
2005,SL_TLF_MANF,Estonia,ISIC4_C,,22.91
2006,SL_TLF_MANF,Estonia,ISIC4_C,,20.99
2007,SL_TLF_MANF,Estonia,ISIC4_C,,20.44
2008,SL_TLF_MANF,Estonia,ISIC4_C,,20.41
2009,SL_TLF_MANF,Estonia,ISIC4_C,,18.9
2010,SL_TLF_MANF,Estonia,ISIC4_C,,18.78
2011,SL_TLF_MANF,Estonia,ISIC4_C,,19.74
2012,SL_TLF_MANF,Estonia,ISIC4_C,,18.78
2013,SL_TLF_MANF,Estonia,ISIC4_C,,18.74
2014,SL_TLF_MANF,Estonia,ISIC4_C,,18.25
2015,SL_TLF_MANF,Estonia,ISIC4_C,,18.82
2016,SL_TLF_MANF,Estonia,ISIC4_C,,18.72
2017,SL_TLF_MANF,Estonia,ISIC4_C,,18.96
2018,SL_TLF_MANF,Estonia,ISIC4_C,,18.63
2019,SL_TLF_MANF,Estonia,ISIC4_C,,18.05
2020,SL_TLF_MANF,Estonia,ISIC4_C,,18.07
2021,SL_TLF_MANF,Estonia,ISIC4_C,,18.2
2000,SL_TLF_MANF,Finland,ISIC4_C,,20.08
2001,SL_TLF_MANF,Finland,ISIC4_C,,19.85
2002,SL_TLF_MANF,Finland,ISIC4_C,,19.69
2003,SL_TLF_MANF,Finland,ISIC4_C,,18.91
2004,SL_TLF_MANF,Finland,ISIC4_C,,18.69
2005,SL_TLF_MANF,Finland,ISIC4_C,,18.17
2006,SL_TLF_MANF,Finland,ISIC4_C,,18.09
2007,SL_TLF_MANF,Finland,ISIC4_C,,17.92
2008,SL_TLF_MANF,Finland,ISIC4_C,,16.49
2009,SL_TLF_MANF,Finland,ISIC4_C,,15.43
2010,SL_TLF_MANF,Finland,ISIC4_C,,14.79
2011,SL_TLF_MANF,Finland,ISIC4_C,,14.54
2012,SL_TLF_MANF,Finland,ISIC4_C,,14.37
2013,SL_TLF_MANF,Finland,ISIC4_C,,14.26
2014,SL_TLF_MANF,Finland,ISIC4_C,,13.54
2015,SL_TLF_MANF,Finland,ISIC4_C,,13.47
2016,SL_TLF_MANF,Finland,ISIC4_C,,13.37
2017,SL_TLF_MANF,Finland,ISIC4_C,,13.18
2018,SL_TLF_MANF,Finland,ISIC4_C,,13.27
2019,SL_TLF_MANF,Finland,ISIC4_C,,12.81
2020,SL_TLF_MANF,Finland,ISIC4_C,,13.03
2021,SL_TLF_MANF,Finland,ISIC4_C,,12.56
2000,SL_TLF_MANF,France,ISIC4_C,,18.75
2001,SL_TLF_MANF,France,ISIC4_C,,18.53
2002,SL_TLF_MANF,France,ISIC4_C,,17.82
2003,SL_TLF_MANF,France,ISIC4_C,,16.43
2004,SL_TLF_MANF,France,ISIC4_C,,16.41
2005,SL_TLF_MANF,France,ISIC4_C,,15.82
2006,SL_TLF_MANF,France,ISIC4_C,,15.66
2007,SL_TLF_MANF,France,ISIC4_C,,15.32
2008,SL_TLF_MANF,France,ISIC4_C,,14.38
2009,SL_TLF_MANF,France,ISIC4_C,,13.69
2010,SL_TLF_MANF,France,ISIC4_C,,13.12
2011,SL_TLF_MANF,France,ISIC4_C,,13.18
2012,SL_TLF_MANF,France,ISIC4_C,,12.82
2013,SL_TLF_MANF,France,ISIC4_C,,12.47
2014,SL_TLF_MANF,France,ISIC4_C,,12.14
2015,SL_TLF_MANF,France,ISIC4_C,,12.21
2016,SL_TLF_MANF,France,ISIC4_C,,12.15
2017,SL_TLF_MANF,France,ISIC4_C,,12.2
2018,SL_TLF_MANF,France,ISIC4_C,,11.68
2019,SL_TLF_MANF,France,ISIC4_C,,11.77
2020,SL_TLF_MANF,France,ISIC4_C,,11.48
2021,SL_TLF_MANF,France,ISIC4_C,,10.99
2000,SL_TLF_MANF,Georgia,ISIC4_C,,5.94
2001,SL_TLF_MANF,Georgia,ISIC4_C,,5.45
2002,SL_TLF_MANF,Georgia,ISIC4_C,,4.64
2003,SL_TLF_MANF,Georgia,ISIC4_C,,4.89
2004,SL_TLF_MANF,Georgia,ISIC4_C,,5.09
2005,SL_TLF_MANF,Georgia,ISIC4_C,,5.15
2006,SL_TLF_MANF,Georgia,ISIC4_C,,4.66
2007,SL_TLF_MANF,Georgia,ISIC4_C,,4.85
2009,SL_TLF_MANF,Georgia,ISIC4_C,,4.92
2010,SL_TLF_MANF,Georgia,ISIC4_C,,5.27
2011,SL_TLF_MANF,Georgia,ISIC4_C,,5.17
2012,SL_TLF_MANF,Georgia,ISIC4_C,,5.19
2013,SL_TLF_MANF,Georgia,ISIC4_C,,5.26
2014,SL_TLF_MANF,Georgia,ISIC4_C,,5.24
2015,SL_TLF_MANF,Georgia,ISIC4_C,,5.03
2016,SL_TLF_MANF,Georgia,ISIC4_C,,5.36
2017,SL_TLF_MANF,Georgia,ISIC4_C,,5.91
2018,SL_TLF_MANF,Georgia,ISIC4_C,,6.21
2019,SL_TLF_MANF,Georgia,ISIC4_C,,5.8
2020,SL_TLF_MANF,Georgia,ISIC4_C,,5.94
2000,SL_TLF_MANF,Germany,ISIC4_C,,23.76
2000,SL_TLF_MANF,Albania,ISIC4_C,,3.18
2001,SL_TLF_MANF,Albania,ISIC4_C,,3.01
2002,SL_TLF_MANF,Albania,ISIC4_C,,5.11
2003,SL_TLF_MANF,Albania,ISIC4_C,,4.97
2004,SL_TLF_MANF,Albania,ISIC4_C,,6.02
2005,SL_TLF_MANF,Albania,ISIC4_C,,6.01
2006,SL_TLF_MANF,Albania,ISIC4_C,,6.2
2007,SL_TLF_MANF,Albania,ISIC4_C,,10.6
2008,SL_TLF_MANF,Albania,ISIC4_C,,7.07
2009,SL_TLF_MANF,Albania,ISIC4_C,,8.05
2010,SL_TLF_MANF,Albania,ISIC4_C,,8.23
2001,SL_TLF_MANF,Germany,ISIC4_C,,23.6
2002,SL_TLF_MANF,Germany,ISIC4_C,,23.54
2003,SL_TLF_MANF,Germany,ISIC4_C,,22.98
2004,SL_TLF_MANF,Germany,ISIC4_C,,23.12
2005,SL_TLF_MANF,Germany,ISIC4_C,,22.05
2006,SL_TLF_MANF,Germany,ISIC4_C,,21.91
2007,SL_TLF_MANF,Germany,ISIC4_C,,22.09
2008,SL_TLF_MANF,Germany,ISIC4_C,,21.03
2009,SL_TLF_MANF,Germany,ISIC4_C,,20.4
2010,SL_TLF_MANF,Germany,ISIC4_C,,19.95
2011,SL_TLF_MANF,Germany,ISIC4_C,,19.84
2012,SL_TLF_MANF,Germany,ISIC4_C,,19.72
2013,SL_TLF_MANF,Germany,ISIC4_C,,19.35
2014,SL_TLF_MANF,Germany,ISIC4_C,,19.58
2015,SL_TLF_MANF,Germany,ISIC4_C,,19.3
2016,SL_TLF_MANF,Germany,ISIC4_C,,19.15
2017,SL_TLF_MANF,Germany,ISIC4_C,,19.04
2018,SL_TLF_MANF,Germany,ISIC4_C,,19.07
2019,SL_TLF_MANF,Germany,ISIC4_C,,18.9
2020,SL_TLF_MANF,Germany,ISIC4_C,,19.92
2021,SL_TLF_MANF,Germany,ISIC4_C,,19.93
2000,SL_TLF_MANF,Greece,ISIC4_C,,14.08
2001,SL_TLF_MANF,Greece,ISIC4_C,,14.27
2002,SL_TLF_MANF,Greece,ISIC4_C,,14.02
2003,SL_TLF_MANF,Greece,ISIC4_C,,13.46
2004,SL_TLF_MANF,Greece,ISIC4_C,,13.21
2005,SL_TLF_MANF,Greece,ISIC4_C,,12.98
2006,SL_TLF_MANF,Greece,ISIC4_C,,12.71
2007,SL_TLF_MANF,Greece,ISIC4_C,,12.54
2008,SL_TLF_MANF,Greece,ISIC4_C,,11.92
2011,SL_TLF_MANF,Albania,ISIC4_C,,7.66
2012,SL_TLF_MANF,Albania,ISIC4_C,,7.16
2013,SL_TLF_MANF,Albania,ISIC4_C,,7.49
2014,SL_TLF_MANF,Albania,ISIC4_C,,8.67
2015,SL_TLF_MANF,Albania,ISIC4_C,,9.23
2016,SL_TLF_MANF,Albania,ISIC4_C,,10.19
2017,SL_TLF_MANF,Albania,ISIC4_C,,10.14
2018,SL_TLF_MANF,Albania,ISIC4_C,,10.59
2019,SL_TLF_MANF,Albania,ISIC4_C,,10.95
2000,SL_TLF_MANF,Azerbaijan,ISIC4_C,,4.57
2001,SL_TLF_MANF,Azerbaijan,ISIC4_C,,4.41
2009,SL_TLF_MANF,Greece,ISIC4_C,,11.49
2010,SL_TLF_MANF,Greece,ISIC4_C,,10.76
2011,SL_TLF_MANF,Greece,ISIC4_C,,10.19
2012,SL_TLF_MANF,Greece,ISIC4_C,,9.59
2013,SL_TLF_MANF,Greece,ISIC4_C,,9.31
2014,SL_TLF_MANF,Greece,ISIC4_C,,9.01
2015,SL_TLF_MANF,Greece,ISIC4_C,,9.33
2016,SL_TLF_MANF,Greece,ISIC4_C,,9.54
2017,SL_TLF_MANF,Greece,ISIC4_C,,9.61
2018,SL_TLF_MANF,Greece,ISIC4_C,,9.4
2002,SL_TLF_MANF,Azerbaijan,ISIC4_C,,4.55
2003,SL_TLF_MANF,Azerbaijan,ISIC4_C,,4.86
2004,SL_TLF_MANF,Azerbaijan,ISIC4_C,,4.76
2005,SL_TLF_MANF,Azerbaijan,ISIC4_C,,4.9
2006,SL_TLF_MANF,Azerbaijan,ISIC4_C,,3.7
2007,SL_TLF_MANF,Azerbaijan,ISIC4_C,,4.83
2008,SL_TLF_MANF,Azerbaijan,ISIC4_C,,4.82
2009,SL_TLF_MANF,Azerbaijan,ISIC4_C,,5.01
2010,SL_TLF_MANF,Azerbaijan,ISIC4_C,,4.83
2011,SL_TLF_MANF,Azerbaijan,ISIC4_C,,4.81
2012,SL_TLF_MANF,Azerbaijan,ISIC4_C,,4.85
2013,SL_TLF_MANF,Azerbaijan,ISIC4_C,,4.96
2014,SL_TLF_MANF,Azerbaijan,ISIC4_C,,4.93
2015,SL_TLF_MANF,Azerbaijan,ISIC4_C,,4.92
2016,SL_TLF_MANF,Azerbaijan,ISIC4_C,,5.09
2017,SL_TLF_MANF,Azerbaijan,ISIC4_C,,5.17
2018,SL_TLF_MANF,Azerbaijan,ISIC4_C,,5.22
2019,SL_TLF_MANF,Azerbaijan,ISIC4_C,,5.32
2019,SL_TLF_MANF,Greece,ISIC4_C,,9.62
2020,SL_TLF_MANF,Greece,ISIC4_C,,9.64
2021,SL_TLF_MANF,Greece,ISIC4_C,,9.93
2000,SL_TLF_MANF,Hungary,ISIC4_C,,24.22
2001,SL_TLF_MANF,Hungary,ISIC4_C,,24.82
2002,SL_TLF_MANF,Hungary,ISIC4_C,,24.91
2003,SL_TLF_MANF,Hungary,ISIC4_C,,23.59
2004,SL_TLF_MANF,Hungary,ISIC4_C,,22.99
2005,SL_TLF_MANF,Hungary,ISIC4_C,,22.37
2006,SL_TLF_MANF,Hungary,ISIC4_C,,22.03
2007,SL_TLF_MANF,Hungary,ISIC4_C,,22.17
2008,SL_TLF_MANF,Hungary,ISIC4_C,,21.92
2009,SL_TLF_MANF,Hungary,ISIC4_C,,20.93
2010,SL_TLF_MANF,Hungary,ISIC4_C,,20.8
2011,SL_TLF_MANF,Hungary,ISIC4_C,,21.25
2012,SL_TLF_MANF,Hungary,ISIC4_C,,20.65
2013,SL_TLF_MANF,Hungary,ISIC4_C,,20.97
2014,SL_TLF_MANF,Hungary,ISIC4_C,,21.6
2015,SL_TLF_MANF,Hungary,ISIC4_C,,21.41
2020,SL_TLF_MANF,Azerbaijan,ISIC4_C,,5.3
2021,SL_TLF_MANF,Azerbaijan,ISIC4_C,,5.39
2000,SL_TLF_MANF,Australia,ISIC4_C,,12.09
2001,SL_TLF_MANF,Australia,ISIC4_C,,11.58
2002,SL_TLF_MANF,Australia,ISIC4_C,,11.52
2003,SL_TLF_MANF,Australia,ISIC4_C,,11.02
2004,SL_TLF_MANF,Australia,ISIC4_C,,10.92
2005,SL_TLF_MANF,Australia,ISIC4_C,,10.37
2006,SL_TLF_MANF,Australia,ISIC4_C,,10.01
2007,SL_TLF_MANF,Australia,ISIC4_C,,9.87
2008,SL_TLF_MANF,Australia,ISIC4_C,,10.51
2009,SL_TLF_MANF,Australia,ISIC4_C,,9.26
2010,SL_TLF_MANF,Australia,ISIC4_C,,8.9
2011,SL_TLF_MANF,Australia,ISIC4_C,,8.47
2012,SL_TLF_MANF,Australia,ISIC4_C,,8.38
2013,SL_TLF_MANF,Australia,ISIC4_C,,8.05
2014,SL_TLF_MANF,Australia,ISIC4_C,,8.69
2015,SL_TLF_MANF,Australia,ISIC4_C,,8.23
2016,SL_TLF_MANF,Australia,ISIC4_C,,8.18
2017,SL_TLF_MANF,Australia,ISIC4_C,,7.24
2016,SL_TLF_MANF,Hungary,ISIC4_C,,21.68
2017,SL_TLF_MANF,Hungary,ISIC4_C,,22.41
2018,SL_TLF_MANF,Hungary,ISIC4_C,,22.5
2019,SL_TLF_MANF,Hungary,ISIC4_C,,22.12
2020,SL_TLF_MANF,Hungary,ISIC4_C,,21.6
2021,SL_TLF_MANF,Hungary,ISIC4_C,,21.21
2000,SL_TLF_MANF,Iceland,ISIC4_C,,15.02
2001,SL_TLF_MANF,Iceland,ISIC4_C,,14.8
2002,SL_TLF_MANF,Iceland,ISIC4_C,,14.09
2003,SL_TLF_MANF,Iceland,ISIC4_C,,13.7
2018,SL_TLF_MANF,Australia,ISIC4_C,,7.42
2019,SL_TLF_MANF,Australia,ISIC4_C,,6.86
2020,SL_TLF_MANF,Australia,ISIC4_C,,6.82
2021,SL_TLF_MANF,Australia,ISIC4_C,,6.9
2000,SL_TLF_MANF,Austria,ISIC4_C,,20.57
2001,SL_TLF_MANF,Austria,ISIC4_C,,19.93
2002,SL_TLF_MANF,Austria,ISIC4_C,,19.51
2003,SL_TLF_MANF,Austria,ISIC4_C,,19.41
2004,SL_TLF_MANF,Austria,ISIC4_C,,18.58
2005,SL_TLF_MANF,Austria,ISIC4_C,,18.33
2006,SL_TLF_MANF,Austria,ISIC4_C,,18.89
2007,SL_TLF_MANF,Austria,ISIC4_C,,18.18
2008,SL_TLF_MANF,Austria,ISIC4_C,,17.01
2009,SL_TLF_MANF,Austria,ISIC4_C,,16.14
2010,SL_TLF_MANF,Austria,ISIC4_C,,16.4
2011,SL_TLF_MANF,Austria,ISIC4_C,,15.83
2012,SL_TLF_MANF,Austria,ISIC4_C,,15.78
2013,SL_TLF_MANF,Austria,ISIC4_C,,15.65
2014,SL_TLF_MANF,Austria,ISIC4_C,,15.63
2015,SL_TLF_MANF,Austria,ISIC4_C,,15.97
2016,SL_TLF_MANF,Austria,ISIC4_C,,15.94
2004,SL_TLF_MANF,Iceland,ISIC4_C,,13.84
2005,SL_TLF_MANF,Iceland,ISIC4_C,,13.0
2006,SL_TLF_MANF,Iceland,ISIC4_C,,11.87
2007,SL_TLF_MANF,Iceland,ISIC4_C,,10.86
2008,SL_TLF_MANF,Iceland,ISIC4_C,,10.54
2009,SL_TLF_MANF,Iceland,ISIC4_C,,11.03
2010,SL_TLF_MANF,Iceland,ISIC4_C,,10.68
2011,SL_TLF_MANF,Iceland,ISIC4_C,,11.23
2012,SL_TLF_MANF,Iceland,ISIC4_C,,11.53
2013,SL_TLF_MANF,Iceland,ISIC4_C,,11.38
2014,SL_TLF_MANF,Iceland,ISIC4_C,,11.08
2017,SL_TLF_MANF,Austria,ISIC4_C,,15.62
2018,SL_TLF_MANF,Austria,ISIC4_C,,16.17
2019,SL_TLF_MANF,Austria,ISIC4_C,,15.91
2020,SL_TLF_MANF,Austria,ISIC4_C,,15.6
2021,SL_TLF_MANF,Austria,ISIC4_C,,16.63
2002,SL_TLF_MANF,Armenia,ISIC4_C,,10.73
2007,SL_TLF_MANF,Armenia,ISIC4_C,,6.86
2008,SL_TLF_MANF,Armenia,ISIC4_C,,10.13
2009,SL_TLF_MANF,Armenia,ISIC4_C,,6.08
2010,SL_TLF_MANF,Armenia,ISIC4_C,,5.73
2015,SL_TLF_MANF,Iceland,ISIC4_C,,10.24
2016,SL_TLF_MANF,Iceland,ISIC4_C,,10.06
2017,SL_TLF_MANF,Iceland,ISIC4_C,,9.67
2018,SL_TLF_MANF,Iceland,ISIC4_C,,9.08
2019,SL_TLF_MANF,Iceland,ISIC4_C,,9.34
2020,SL_TLF_MANF,Iceland,ISIC4_C,,9.63
2021,SL_TLF_MANF,Iceland,ISIC4_C,,9.51
2000,SL_TLF_MANF,India,ISIC4_C,,10.73
2005,SL_TLF_MANF,India,ISIC4_C,,11.78
2010,SL_TLF_MANF,India,ISIC4_C,,10.78
2011,SL_TLF_MANF,Armenia,ISIC4_C,,6.75
2012,SL_TLF_MANF,Armenia,ISIC4_C,,7.98
2013,SL_TLF_MANF,Armenia,ISIC4_C,,8.3
2014,SL_TLF_MANF,Armenia,ISIC4_C,,8.34
2015,SL_TLF_MANF,Armenia,ISIC4_C,,7.85
2016,SL_TLF_MANF,Armenia,ISIC4_C,,8.27
2017,SL_TLF_MANF,Armenia,ISIC4_C,,9.13
2018,SL_TLF_MANF,Armenia,ISIC4_C,,6.66
2019,SL_TLF_MANF,Armenia,ISIC4_C,,6.89
2020,SL_TLF_MANF,Armenia,ISIC4_C,,6.23
2000,SL_TLF_MANF,Belgium,ISIC4_C,,18.75
2001,SL_TLF_MANF,Belgium,ISIC4_C,,18.32
2002,SL_TLF_MANF,Belgium,ISIC4_C,,18.3
2003,SL_TLF_MANF,Belgium,ISIC4_C,,17.76
2004,SL_TLF_MANF,Belgium,ISIC4_C,,17.45
2005,SL_TLF_MANF,Belgium,ISIC4_C,,17.17
2006,SL_TLF_MANF,Belgium,ISIC4_C,,16.77
2007,SL_TLF_MANF,Belgium,ISIC4_C,,16.54
2008,SL_TLF_MANF,Belgium,ISIC4_C,,15.98
2012,SL_TLF_MANF,India,ISIC4_C,,11.95
2018,SL_TLF_MANF,India,ISIC4_C,,12.3
2019,SL_TLF_MANF,India,ISIC4_C,,11.77
2020,SL_TLF_MANF,India,ISIC4_C,,10.92
2000,SL_TLF_MANF,Ireland,ISIC4_C,,17.45
2001,SL_TLF_MANF,Ireland,ISIC4_C,,17.35
2002,SL_TLF_MANF,Ireland,ISIC4_C,,16.16
2003,SL_TLF_MANF,Ireland,ISIC4_C,,15.99
2004,SL_TLF_MANF,Ireland,ISIC4_C,,15.25
2005,SL_TLF_MANF,Ireland,ISIC4_C,,13.89
2009,SL_TLF_MANF,Belgium,ISIC4_C,,14.84
2010,SL_TLF_MANF,Belgium,ISIC4_C,,14.55
2011,SL_TLF_MANF,Belgium,ISIC4_C,,14.22
2012,SL_TLF_MANF,Belgium,ISIC4_C,,13.15
2013,SL_TLF_MANF,Belgium,ISIC4_C,,13.0
2014,SL_TLF_MANF,Belgium,ISIC4_C,,12.8
2015,SL_TLF_MANF,Belgium,ISIC4_C,,12.95
2016,SL_TLF_MANF,Belgium,ISIC4_C,,12.45
2017,SL_TLF_MANF,Belgium,ISIC4_C,,12.38
2018,SL_TLF_MANF,Belgium,ISIC4_C,,12.83
2019,SL_TLF_MANF,Belgium,ISIC4_C,,12.3
2020,SL_TLF_MANF,Belgium,ISIC4_C,,12.31
2021,SL_TLF_MANF,Belgium,ISIC4_C,,11.46
2001,SL_TLF_MANF,Bosnia and Herzegovina,ISIC4_C,,19.65
2006,SL_TLF_MANF,Bosnia and Herzegovina,ISIC4_C,,17.03
2007,SL_TLF_MANF,Bosnia and Herzegovina,ISIC4_C,,17.94
2008,SL_TLF_MANF,Bosnia and Herzegovina,ISIC4_C,,16.57
2009,SL_TLF_MANF,Bosnia and Herzegovina,ISIC4_C,,16.4
2010,SL_TLF_MANF,Bosnia and Herzegovina,ISIC4_C,,16.83
2011,SL_TLF_MANF,Bosnia and Herzegovina,ISIC4_C,,16.0
2012,SL_TLF_MANF,Bosnia and Herzegovina,ISIC4_C,,15.5
2013,SL_TLF_MANF,Bosnia and Herzegovina,ISIC4_C,,15.98
2014,SL_TLF_MANF,Bosnia and Herzegovina,ISIC4_C,,16.05
2015,SL_TLF_MANF,Bosnia and Herzegovina,ISIC4_C,,16.06
2016,SL_TLF_MANF,Bosnia and Herzegovina,ISIC4_C,,17.29
2017,SL_TLF_MANF,Bosnia and Herzegovina,ISIC4_C,,16.52
2018,SL_TLF_MANF,Bosnia and Herzegovina,ISIC4_C,,17.69
2019,SL_TLF_MANF,Bosnia and Herzegovina,ISIC4_C,,18.64
2020,SL_TLF_MANF,Bosnia and Herzegovina,ISIC4_C,,18.92
2021,SL_TLF_MANF,Bosnia and Herzegovina,ISIC4_C,,17.31
2000,SL_TLF_MANF,Bulgaria,ISIC4_C,,23.41
2001,SL_TLF_MANF,Bulgaria,ISIC4_C,,24.06
2002,SL_TLF_MANF,Bulgaria,ISIC4_C,,23.81
2003,SL_TLF_MANF,Bulgaria,ISIC4_C,,23.34
2004,SL_TLF_MANF,Bulgaria,ISIC4_C,,23.87
2005,SL_TLF_MANF,Bulgaria,ISIC4_C,,24.45
2006,SL_TLF_MANF,Bulgaria,ISIC4_C,,23.96
2007,SL_TLF_MANF,Bulgaria,ISIC4_C,,23.56
2008,SL_TLF_MANF,Bulgaria,ISIC4_C,,22.9
2009,SL_TLF_MANF,Bulgaria,ISIC4_C,,21.94
2010,SL_TLF_MANF,Bulgaria,ISIC4_C,,20.53
2011,SL_TLF_MANF,Bulgaria,ISIC4_C,,20.0
2012,SL_TLF_MANF,Bulgaria,ISIC4_C,,20.57
2013,SL_TLF_MANF,Bulgaria,ISIC4_C,,19.64
2014,SL_TLF_MANF,Bulgaria,ISIC4_C,,19.61
2015,SL_TLF_MANF,Bulgaria,ISIC4_C,,19.71
2016,SL_TLF_MANF,Bulgaria,ISIC4_C,,19.52
2017,SL_TLF_MANF,Bulgaria,ISIC4_C,,19.1
2018,SL_TLF_MANF,Bulgaria,ISIC4_C,,19.04
2019,SL_TLF_MANF,Bulgaria,ISIC4_C,,18.78
2006,SL_TLF_MANF,Ireland,ISIC4_C,,13.21
2007,SL_TLF_MANF,Ireland,ISIC4_C,,13.06
2008,SL_TLF_MANF,Ireland,ISIC4_C,,12.06
2009,SL_TLF_MANF,Ireland,ISIC4_C,,11.59
2010,SL_TLF_MANF,Ireland,ISIC4_C,,11.23
2011,SL_TLF_MANF,Ireland,ISIC4_C,,11.29
2012,SL_TLF_MANF,Ireland,ISIC4_C,,11.2
2013,SL_TLF_MANF,Ireland,ISIC4_C,,11.34
2014,SL_TLF_MANF,Ireland,ISIC4_C,,11.16
2015,SL_TLF_MANF,Ireland,ISIC4_C,,11.39
2016,SL_TLF_MANF,Ireland,ISIC4_C,,11.65
2017,SL_TLF_MANF,Ireland,ISIC4_C,,11.48
2018,SL_TLF_MANF,Ireland,ISIC4_C,,11.04
2019,SL_TLF_MANF,Ireland,ISIC4_C,,10.95
2020,SL_TLF_MANF,Ireland,ISIC4_C,,11.45
2021,SL_TLF_MANF,Ireland,ISIC4_C,,11.63
2000,SL_TLF_MANF,Israel,ISIC4_C,,17.33
2001,SL_TLF_MANF,Israel,ISIC4_C,,16.84
2002,SL_TLF_MANF,Israel,ISIC4_C,,16.02
2003,SL_TLF_MANF,Israel,ISIC4_C,,15.71
2004,SL_TLF_MANF,Israel,ISIC4_C,,15.62
2020,SL_TLF_MANF,Bulgaria,ISIC4_C,,18.51
2021,SL_TLF_MANF,Bulgaria,ISIC4_C,,18.63
2015,SL_TLF_MANF,Belarus,ISIC4_C,,20.48
2016,SL_TLF_MANF,Belarus,ISIC4_C,,18.07
2017,SL_TLF_MANF,Belarus,ISIC4_C,,18.35
2018,SL_TLF_MANF,Belarus,ISIC4_C,,17.6
2019,SL_TLF_MANF,Belarus,ISIC4_C,,17.43
2020,SL_TLF_MANF,Belarus,ISIC4_C,,17.76
2021,SL_TLF_MANF,Belarus,ISIC4_C,,17.57
2000,SL_TLF_MANF,Canada,ISIC4_C,,15.19
2005,SL_TLF_MANF,Israel,ISIC4_C,,15.26
2006,SL_TLF_MANF,Israel,ISIC4_C,,15.13
2007,SL_TLF_MANF,Israel,ISIC4_C,,15.23
2008,SL_TLF_MANF,Israel,ISIC4_C,,15.14
2009,SL_TLF_MANF,Israel,ISIC4_C,,14.25
2010,SL_TLF_MANF,Israel,ISIC4_C,,13.85
2011,SL_TLF_MANF,Israel,ISIC4_C,,13.43
2012,SL_TLF_MANF,Israel,ISIC4_C,,11.46
2013,SL_TLF_MANF,Israel,ISIC4_C,,11.6
2014,SL_TLF_MANF,Israel,ISIC4_C,,11.58
2015,SL_TLF_MANF,Israel,ISIC4_C,,11.34
2001,SL_TLF_MANF,Canada,ISIC4_C,,14.88
2002,SL_TLF_MANF,Canada,ISIC4_C,,14.97
2003,SL_TLF_MANF,Canada,ISIC4_C,,14.54
2004,SL_TLF_MANF,Canada,ISIC4_C,,14.43
2005,SL_TLF_MANF,Canada,ISIC4_C,,13.67
2006,SL_TLF_MANF,Canada,ISIC4_C,,12.82
2007,SL_TLF_MANF,Canada,ISIC4_C,,12.08
2008,SL_TLF_MANF,Canada,ISIC4_C,,11.33
2009,SL_TLF_MANF,Canada,ISIC4_C,,10.43
2010,SL_TLF_MANF,Canada,ISIC4_C,,10.08
2011,SL_TLF_MANF,Canada,ISIC4_C,,10.0
2012,SL_TLF_MANF,Canada,ISIC4_C,,10.02
2013,SL_TLF_MANF,Canada,ISIC4_C,,9.74
2014,SL_TLF_MANF,Canada,ISIC4_C,,9.61
2015,SL_TLF_MANF,Canada,ISIC4_C,,9.54
2016,SL_TLF_MANF,Canada,ISIC4_C,,9.37
2017,SL_TLF_MANF,Canada,ISIC4_C,,9.36
2018,SL_TLF_MANF,Canada,ISIC4_C,,9.26
2019,SL_TLF_MANF,Canada,ISIC4_C,,9.09
2020,SL_TLF_MANF,Canada,ISIC4_C,,9.18
2016,SL_TLF_MANF,Israel,ISIC4_C,,11.16
2017,SL_TLF_MANF,Israel,ISIC4_C,,10.9
2018,SL_TLF_MANF,Israel,ISIC4_C,,10.67
2019,SL_TLF_MANF,Israel,ISIC4_C,,9.97
2020,SL_TLF_MANF,Israel,ISIC4_C,,9.43
2021,SL_TLF_MANF,Israel,ISIC4_C,,9.68
2000,SL_TLF_MANF,Italy,ISIC4_C,,23.05
2001,SL_TLF_MANF,Italy,ISIC4_C,,22.77
2002,SL_TLF_MANF,Italy,ISIC4_C,,22.68
2003,SL_TLF_MANF,Italy,ISIC4_C,,22.43
2004,SL_TLF_MANF,Italy,ISIC4_C,,21.83
2005,SL_TLF_MANF,Italy,ISIC4_C,,21.35
2006,SL_TLF_MANF,Italy,ISIC4_C,,20.98
2007,SL_TLF_MANF,Italy,ISIC4_C,,21.0
2008,SL_TLF_MANF,Italy,ISIC4_C,,19.91
2009,SL_TLF_MANF,Italy,ISIC4_C,,19.29
2010,SL_TLF_MANF,Italy,ISIC4_C,,18.63
2011,SL_TLF_MANF,Italy,ISIC4_C,,18.7
2012,SL_TLF_MANF,Italy,ISIC4_C,,18.31
2013,SL_TLF_MANF,Italy,ISIC4_C,,18.31
2014,SL_TLF_MANF,Italy,ISIC4_C,,18.56
2015,SL_TLF_MANF,Italy,ISIC4_C,,18.35
2016,SL_TLF_MANF,Italy,ISIC4_C,,18.23
2017,SL_TLF_MANF,Italy,ISIC4_C,,18.19
2018,SL_TLF_MANF,Italy,ISIC4_C,,18.39
2019,SL_TLF_MANF,Italy,ISIC4_C,,18.5
2020,SL_TLF_MANF,Italy,ISIC4_C,,18.73
2021,SL_TLF_MANF,Italy,ISIC4_C,,18.55
2000,SL_TLF_MANF,Japan,ISIC4_C,,20.56
2001,SL_TLF_MANF,Japan,ISIC4_C,,20.11
2002,SL_TLF_MANF,Japan,ISIC4_C,,19.31
2003,SL_TLF_MANF,Japan,ISIC4_C,,19.14
2004,SL_TLF_MANF,Japan,ISIC4_C,,18.68
2021,SL_TLF_MANF,Canada,ISIC4_C,,9.19
2022,SL_TLF_MANF,Canada,ISIC4_C,,8.93
2000,SL_TLF_MANF,Chile,ISIC4_C,,14.01
2001,SL_TLF_MANF,Chile,ISIC4_C,,14.27
2002,SL_TLF_MANF,Chile,ISIC4_C,,14.11
2003,SL_TLF_MANF,Chile,ISIC4_C,,14.05
2006,SL_TLF_MANF,Chile,ISIC4_C,,13.51
2009,SL_TLF_MANF,Chile,ISIC4_C,,10.29
2010,SL_TLF_MANF,Chile,ISIC4_C,,11.25
2011,SL_TLF_MANF,Chile,ISIC4_C,,11.47
2012,SL_TLF_MANF,Chile,ISIC4_C,,11.54
2013,SL_TLF_MANF,Chile,ISIC4_C,,11.37
2014,SL_TLF_MANF,Chile,ISIC4_C,,11.3
2015,SL_TLF_MANF,Chile,ISIC4_C,,11.15
2016,SL_TLF_MANF,Chile,ISIC4_C,,10.85
2017,SL_TLF_MANF,Chile,ISIC4_C,,10.76
2018,SL_TLF_MANF,Chile,ISIC4_C,,10.34
2019,SL_TLF_MANF,Chile,ISIC4_C,,9.85
2020,SL_TLF_MANF,Chile,ISIC4_C,,10.07
2021,SL_TLF_MANF,Chile,ISIC4_C,,9.95
2005,SL_TLF_MANF,Japan,ISIC4_C,,18.47
2006,SL_TLF_MANF,Japan,ISIC4_C,,18.73
2007,SL_TLF_MANF,Japan,ISIC4_C,,18.7
2008,SL_TLF_MANF,Japan,ISIC4_C,,18.41
2009,SL_TLF_MANF,Japan,ISIC4_C,,17.09
2010,SL_TLF_MANF,Japan,ISIC4_C,,16.77
2011,SL_TLF_MANF,Japan,ISIC4_C,,16.72
2012,SL_TLF_MANF,Japan,ISIC4_C,,16.46
2013,SL_TLF_MANF,Japan,ISIC4_C,,16.46
2014,SL_TLF_MANF,Japan,ISIC4_C,,16.36
2015,SL_TLF_MANF,Japan,ISIC4_C,,16.28
2016,SL_TLF_MANF,Japan,ISIC4_C,,16.13
2017,SL_TLF_MANF,Japan,ISIC4_C,,16.12
2018,SL_TLF_MANF,Japan,ISIC4_C,,15.97
2019,SL_TLF_MANF,Japan,ISIC4_C,,15.89
2020,SL_TLF_MANF,Japan,ISIC4_C,,15.65
2021,SL_TLF_MANF,Japan,ISIC4_C,,15.55
2022,SL_TLF_MANF,Japan,ISIC4_C,,15.53
2001,SL_TLF_MANF,Kazakhstan,ISIC4_C,,7.67
2002,SL_TLF_MANF,Kazakhstan,ISIC4_C,,7.51
2003,SL_TLF_MANF,Kazakhstan,ISIC4_C,,7.25
2016,SL_TLF_MANF,China,ISIC4_C,,29.24
2017,SL_TLF_MANF,China,ISIC4_C,,28.61
2018,SL_TLF_MANF,China,ISIC4_C,,28.18
2019,SL_TLF_MANF,China,ISIC4_C,,28.14
2020,SL_TLF_MANF,China,ISIC4_C,,28.7
2000,SL_TLF_MANF,Colombia,ISIC4_C,,20.21
2001,SL_TLF_MANF,Colombia,ISIC4_C,,13.33
2004,SL_TLF_MANF,Kazakhstan,ISIC4_C,,7.24
2005,SL_TLF_MANF,Kazakhstan,ISIC4_C,,7.44
2006,SL_TLF_MANF,Kazakhstan,ISIC4_C,,7.49
2007,SL_TLF_MANF,Kazakhstan,ISIC4_C,,7.47
2008,SL_TLF_MANF,Kazakhstan,ISIC4_C,,7.29
2009,SL_TLF_MANF,Kazakhstan,ISIC4_C,,6.87
2010,SL_TLF_MANF,Kazakhstan,ISIC4_C,,6.97
2011,SL_TLF_MANF,Kazakhstan,ISIC4_C,,6.53
2012,SL_TLF_MANF,Kazakhstan,ISIC4_C,,6.39
2013,SL_TLF_MANF,Kazakhstan,ISIC4_C,,6.39
2002,SL_TLF_MANF,Colombia,ISIC4_C,,13.44
2003,SL_TLF_MANF,Colombia,ISIC4_C,,13.47
2004,SL_TLF_MANF,Colombia,ISIC4_C,,13.92
2005,SL_TLF_MANF,Colombia,ISIC4_C,,13.73
2006,SL_TLF_MANF,Colombia,ISIC4_C,,13.13
2007,SL_TLF_MANF,Colombia,ISIC4_C,,14.96
2008,SL_TLF_MANF,Colombia,ISIC4_C,,13.29
2009,SL_TLF_MANF,Colombia,ISIC4_C,,13.16
2010,SL_TLF_MANF,Colombia,ISIC4_C,,12.78
2011,SL_TLF_MANF,Colombia,ISIC4_C,,12.96
2015,SL_TLF_MANF,Kazakhstan,ISIC4_C,,6.41
2017,SL_TLF_MANF,Kazakhstan,ISIC4_C,,6.77
2020,SL_TLF_MANF,Kazakhstan,ISIC4_C,,6.66
2000,SL_TLF_MANF,Republic of Korea,ISIC4_C,,20.16
2001,SL_TLF_MANF,Republic of Korea,ISIC4_C,,19.66
2002,SL_TLF_MANF,Republic of Korea,ISIC4_C,,19.06
2003,SL_TLF_MANF,Republic of Korea,ISIC4_C,,18.88
2004,SL_TLF_MANF,Republic of Korea,ISIC4_C,,18.33
2005,SL_TLF_MANF,Republic of Korea,ISIC4_C,,17.92
2006,SL_TLF_MANF,Republic of Korea,ISIC4_C,,17.41
2012,SL_TLF_MANF,Colombia,ISIC4_C,,12.78
2013,SL_TLF_MANF,Colombia,ISIC4_C,,12.0
2014,SL_TLF_MANF,Colombia,ISIC4_C,,11.91
2015,SL_TLF_MANF,Colombia,ISIC4_C,,11.68
2016,SL_TLF_MANF,Colombia,ISIC4_C,,11.32
2017,SL_TLF_MANF,Colombia,ISIC4_C,,11.68
2018,SL_TLF_MANF,Colombia,ISIC4_C,,11.86
2019,SL_TLF_MANF,Colombia,ISIC4_C,,11.66
2020,SL_TLF_MANF,Colombia,ISIC4_C,,10.94
2021,SL_TLF_MANF,Colombia,ISIC4_C,,10.82
2000,SL_TLF_MANF,Costa Rica,ISIC4_C,,14.43
2001,SL_TLF_MANF,Costa Rica,ISIC4_C,,15.0
2002,SL_TLF_MANF,Costa Rica,ISIC4_C,,14.26
2003,SL_TLF_MANF,Costa Rica,ISIC4_C,,14.02
2004,SL_TLF_MANF,Costa Rica,ISIC4_C,,13.88
2005,SL_TLF_MANF,Costa Rica,ISIC4_C,,13.66
2006,SL_TLF_MANF,Costa Rica,ISIC4_C,,13.33
2007,SL_TLF_MANF,Costa Rica,ISIC4_C,,13.07
2008,SL_TLF_MANF,Costa Rica,ISIC4_C,,12.24
2009,SL_TLF_MANF,Costa Rica,ISIC4_C,,12.83
2007,SL_TLF_MANF,Republic of Korea,ISIC4_C,,17.04
2008,SL_TLF_MANF,Republic of Korea,ISIC4_C,,16.73
2009,SL_TLF_MANF,Republic of Korea,ISIC4_C,,16.22
2010,SL_TLF_MANF,Republic of Korea,ISIC4_C,,16.81
2011,SL_TLF_MANF,Republic of Korea,ISIC4_C,,16.81
2012,SL_TLF_MANF,Republic of Korea,ISIC4_C,,16.61
2013,SL_TLF_MANF,Republic of Korea,ISIC4_C,,16.91
2014,SL_TLF_MANF,Republic of Korea,ISIC4_C,,17.08
2015,SL_TLF_MANF,Republic of Korea,ISIC4_C,,17.5
2016,SL_TLF_MANF,Republic of Korea,ISIC4_C,,17.29
2010,SL_TLF_MANF,Costa Rica,ISIC4_C,,12.02
2011,SL_TLF_MANF,Costa Rica,ISIC4_C,,10.63
2012,SL_TLF_MANF,Costa Rica,ISIC4_C,,9.59
2013,SL_TLF_MANF,Costa Rica,ISIC4_C,,8.64
2014,SL_TLF_MANF,Costa Rica,ISIC4_C,,8.95
2015,SL_TLF_MANF,Costa Rica,ISIC4_C,,10.45
2016,SL_TLF_MANF,Costa Rica,ISIC4_C,,9.84
2017,SL_TLF_MANF,Costa Rica,ISIC4_C,,9.82
2018,SL_TLF_MANF,Costa Rica,ISIC4_C,,10.61
2019,SL_TLF_MANF,Costa Rica,ISIC4_C,,10.06
2017,SL_TLF_MANF,Republic of Korea,ISIC4_C,,17.01
2018,SL_TLF_MANF,Republic of Korea,ISIC4_C,,16.75
2019,SL_TLF_MANF,Republic of Korea,ISIC4_C,,16.26
2020,SL_TLF_MANF,Republic of Korea,ISIC4_C,,16.19
2021,SL_TLF_MANF,Republic of Korea,ISIC4_C,,15.94
2022,SL_TLF_MANF,Republic of Korea,ISIC4_C,,15.95
2000,SL_TLF_MANF,Kyrgyzstan,ISIC4_C,,6.39
2001,SL_TLF_MANF,Kyrgyzstan,ISIC4_C,,6.24
2002,SL_TLF_MANF,Kyrgyzstan,ISIC4_C,,6.74
2003,SL_TLF_MANF,Kyrgyzstan,ISIC4_C,,7.26
2020,SL_TLF_MANF,Costa Rica,ISIC4_C,,10.14
2021,SL_TLF_MANF,Costa Rica,ISIC4_C,,10.05
2001,SL_TLF_MANF,Croatia,ISIC4_C,,18.47
2002,SL_TLF_MANF,Croatia,ISIC4_C,,20.45
2003,SL_TLF_MANF,Croatia,ISIC4_C,,19.72
2004,SL_TLF_MANF,Croatia,ISIC4_C,,19.21
2005,SL_TLF_MANF,Croatia,ISIC4_C,,18.06
2006,SL_TLF_MANF,Croatia,ISIC4_C,,19.04
2007,SL_TLF_MANF,Croatia,ISIC4_C,,19.15
2008,SL_TLF_MANF,Croatia,ISIC4_C,,18.62
2004,SL_TLF_MANF,Kyrgyzstan,ISIC4_C,,7.7
2005,SL_TLF_MANF,Kyrgyzstan,ISIC4_C,,7.89
2006,SL_TLF_MANF,Kyrgyzstan,ISIC4_C,,8.49
2007,SL_TLF_MANF,Kyrgyzstan,ISIC4_C,,8.35
2008,SL_TLF_MANF,Kyrgyzstan,ISIC4_C,,8.15
2010,SL_TLF_MANF,Kyrgyzstan,ISIC4_C,,6.92
2011,SL_TLF_MANF,Kyrgyzstan,ISIC4_C,,6.9
2012,SL_TLF_MANF,Kyrgyzstan,ISIC4_C,,6.9
2013,SL_TLF_MANF,Kyrgyzstan,ISIC4_C,,6.31
2014,SL_TLF_MANF,Kyrgyzstan,ISIC4_C,,6.41
2009,SL_TLF_MANF,Croatia,ISIC4_C,,17.38
2010,SL_TLF_MANF,Croatia,ISIC4_C,,16.62
2011,SL_TLF_MANF,Croatia,ISIC4_C,,17.25
2012,SL_TLF_MANF,Croatia,ISIC4_C,,17.49
2013,SL_TLF_MANF,Croatia,ISIC4_C,,17.15
2014,SL_TLF_MANF,Croatia,ISIC4_C,,17.15
2015,SL_TLF_MANF,Croatia,ISIC4_C,,16.63
2016,SL_TLF_MANF,Croatia,ISIC4_C,,17.03
2017,SL_TLF_MANF,Croatia,ISIC4_C,,17.0
2018,SL_TLF_MANF,Croatia,ISIC4_C,,17.28
2019,SL_TLF_MANF,Croatia,ISIC4_C,,17.81
2020,SL_TLF_MANF,Croatia,ISIC4_C,,17.7
2021,SL_TLF_MANF,Croatia,ISIC4_C,,17.72
2000,SL_TLF_MANF,Cyprus,ISIC4_C,,12.79
2001,SL_TLF_MANF,Cyprus,ISIC4_C,,12.75
2002,SL_TLF_MANF,Cyprus,ISIC4_C,,12.22
2003,SL_TLF_MANF,Cyprus,ISIC4_C,,10.97
2004,SL_TLF_MANF,Cyprus,ISIC4_C,,11.11
2005,SL_TLF_MANF,Cyprus,ISIC4_C,,11.5
2006,SL_TLF_MANF,Cyprus,ISIC4_C,,10.43
2007,SL_TLF_MANF,Cyprus,ISIC4_C,,9.84
2015,SL_TLF_MANF,Kyrgyzstan,ISIC4_C,,6.77
2016,SL_TLF_MANF,Kyrgyzstan,ISIC4_C,,6.95
2017,SL_TLF_MANF,Kyrgyzstan,ISIC4_C,,11.48
2018,SL_TLF_MANF,Kyrgyzstan,ISIC4_C,,10.74
2019,SL_TLF_MANF,Kyrgyzstan,ISIC4_C,,10.96
2020,SL_TLF_MANF,Kyrgyzstan,ISIC4_C,,10.47
2021,SL_TLF_MANF,Kyrgyzstan,ISIC4_C,,10.69
2000,SL_TLF_MANF,Latvia,ISIC4_C,,18.5
2001,SL_TLF_MANF,Latvia,ISIC4_C,,17.12
2002,SL_TLF_MANF,Latvia,ISIC4_C,,16.44
2008,SL_TLF_MANF,Cyprus,ISIC4_C,,9.67
2009,SL_TLF_MANF,Cyprus,ISIC4_C,,9.06
2010,SL_TLF_MANF,Cyprus,ISIC4_C,,8.32
2011,SL_TLF_MANF,Cyprus,ISIC4_C,,7.79
2012,SL_TLF_MANF,Cyprus,ISIC4_C,,7.48
2013,SL_TLF_MANF,Cyprus,ISIC4_C,,7.51
2014,SL_TLF_MANF,Cyprus,ISIC4_C,,8.17
2015,SL_TLF_MANF,Cyprus,ISIC4_C,,7.79
2016,SL_TLF_MANF,Cyprus,ISIC4_C,,7.17
2017,SL_TLF_MANF,Cyprus,ISIC4_C,,7.16
2003,SL_TLF_MANF,Latvia,ISIC4_C,,16.62
2004,SL_TLF_MANF,Latvia,ISIC4_C,,16.18
2005,SL_TLF_MANF,Latvia,ISIC4_C,,15.21
2006,SL_TLF_MANF,Latvia,ISIC4_C,,15.06
2007,SL_TLF_MANF,Latvia,ISIC4_C,,14.35
2008,SL_TLF_MANF,Latvia,ISIC4_C,,14.82
2009,SL_TLF_MANF,Latvia,ISIC4_C,,13.2
2010,SL_TLF_MANF,Latvia,ISIC4_C,,13.18
2011,SL_TLF_MANF,Latvia,ISIC4_C,,13.28
2012,SL_TLF_MANF,Latvia,ISIC4_C,,13.99
2013,SL_TLF_MANF,Latvia,ISIC4_C,,14.06
2014,SL_TLF_MANF,Latvia,ISIC4_C,,13.43
2015,SL_TLF_MANF,Latvia,ISIC4_C,,12.98
2016,SL_TLF_MANF,Latvia,ISIC4_C,,13.83
2017,SL_TLF_MANF,Latvia,ISIC4_C,,13.51
2018,SL_TLF_MANF,Latvia,ISIC4_C,,12.86
2019,SL_TLF_MANF,Latvia,ISIC4_C,,12.65
2020,SL_TLF_MANF,Latvia,ISIC4_C,,12.82
2021,SL_TLF_MANF,Latvia,ISIC4_C,,12.57
2000,SL_TLF_MANF,Lithuania,ISIC4_C,,18.21
2001,SL_TLF_MANF,Lithuania,ISIC4_C,,18.08
2002,SL_TLF_MANF,Lithuania,ISIC4_C,,17.8
2003,SL_TLF_MANF,Lithuania,ISIC4_C,,18.05
2004,SL_TLF_MANF,Lithuania,ISIC4_C,,17.87
2005,SL_TLF_MANF,Lithuania,ISIC4_C,,17.99
2006,SL_TLF_MANF,Lithuania,ISIC4_C,,17.67
2007,SL_TLF_MANF,Lithuania,ISIC4_C,,17.46
2008,SL_TLF_MANF,Lithuania,ISIC4_C,,17.07
2009,SL_TLF_MANF,Lithuania,ISIC4_C,,15.84
2010,SL_TLF_MANF,Lithuania,ISIC4_C,,15.37
2011,SL_TLF_MANF,Lithuania,ISIC4_C,,15.55
2012,SL_TLF_MANF,Lithuania,ISIC4_C,,15.7
2013,SL_TLF_MANF,Lithuania,ISIC4_C,,15.43
2014,SL_TLF_MANF,Lithuania,ISIC4_C,,15.06
2015,SL_TLF_MANF,Lithuania,ISIC4_C,,15.19
2016,SL_TLF_MANF,Lithuania,ISIC4_C,,15.44
2017,SL_TLF_MANF,Lithuania,ISIC4_C,,15.41
2018,SL_TLF_MANF,Lithuania,ISIC4_C,,15.98
2019,SL_TLF_MANF,Lithuania,ISIC4_C,,15.88
2020,SL_TLF_MANF,Lithuania,ISIC4_C,,15.81
2021,SL_TLF_MANF,Lithuania,ISIC4_C,,16.55
2000,SL_TLF_MANF,Luxembourg,ISIC4_C,,11.54
2001,SL_TLF_MANF,Luxembourg,ISIC4_C,,11.18
2002,SL_TLF_MANF,Luxembourg,ISIC4_C,,10.25
2003,SL_TLF_MANF,Luxembourg,ISIC4_C,,9.84
2004,SL_TLF_MANF,Luxembourg,ISIC4_C,,9.51
2005,SL_TLF_MANF,Luxembourg,ISIC4_C,,8.73
2006,SL_TLF_MANF,Luxembourg,ISIC4_C,,8.14
2007,SL_TLF_MANF,Luxembourg,ISIC4_C,,7.85
2008,SL_TLF_MANF,Luxembourg,ISIC4_C,,6.32
2009,SL_TLF_MANF,Luxembourg,ISIC4_C,,6.19
2010,SL_TLF_MANF,Luxembourg,ISIC4_C,,5.63
2011,SL_TLF_MANF,Luxembourg,ISIC4_C,,5.81
2012,SL_TLF_MANF,Luxembourg,ISIC4_C,,5.32
2013,SL_TLF_MANF,Luxembourg,ISIC4_C,,4.87
2014,SL_TLF_MANF,Luxembourg,ISIC4_C,,5.38
2015,SL_TLF_MANF,Luxembourg,ISIC4_C,,4.6
2016,SL_TLF_MANF,Luxembourg,ISIC4_C,,4.24
2017,SL_TLF_MANF,Luxembourg,ISIC4_C,,3.39
2018,SL_TLF_MANF,Luxembourg,ISIC4_C,,4.21
2019,SL_TLF_MANF,Luxembourg,ISIC4_C,,3.75
2020,SL_TLF_MANF,Luxembourg,ISIC4_C,,3.77
2021,SL_TLF_MANF,Luxembourg,ISIC4_C,,3.18
2000,SL_TLF_MANF,Malta,ISIC4_C,,22.77
2001,SL_TLF_MANF,Malta,ISIC4_C,,21.35
2002,SL_TLF_MANF,Malta,ISIC4_C,,21.4
2003,SL_TLF_MANF,Malta,ISIC4_C,,19.33
2004,SL_TLF_MANF,Malta,ISIC4_C,,20.16
2005,SL_TLF_MANF,Malta,ISIC4_C,,19.18
2006,SL_TLF_MANF,Malta,ISIC4_C,,17.38
2007,SL_TLF_MANF,Malta,ISIC4_C,,16.51
2008,SL_TLF_MANF,Malta,ISIC4_C,,14.96
2009,SL_TLF_MANF,Malta,ISIC4_C,,14.76
2010,SL_TLF_MANF,Malta,ISIC4_C,,15.13
2011,SL_TLF_MANF,Malta,ISIC4_C,,15.21
2012,SL_TLF_MANF,Malta,ISIC4_C,,13.39
2013,SL_TLF_MANF,Malta,ISIC4_C,,12.85
2014,SL_TLF_MANF,Malta,ISIC4_C,,12.78
2015,SL_TLF_MANF,Malta,ISIC4_C,,12.38
2016,SL_TLF_MANF,Malta,ISIC4_C,,11.96
2017,SL_TLF_MANF,Malta,ISIC4_C,,11.82
2018,SL_TLF_MANF,Malta,ISIC4_C,,11.33
2019,SL_TLF_MANF,Malta,ISIC4_C,,11.06
2020,SL_TLF_MANF,Malta,ISIC4_C,,11.07
2021,SL_TLF_MANF,Malta,ISIC4_C,,10.48
2000,SL_TLF_MANF,Mexico,ISIC4_C,,19.6
2001,SL_TLF_MANF,Mexico,ISIC4_C,,19.07
2002,SL_TLF_MANF,Mexico,ISIC4_C,,22.46
2003,SL_TLF_MANF,Mexico,ISIC4_C,,22.03
2004,SL_TLF_MANF,Mexico,ISIC4_C,,22.02
2005,SL_TLF_MANF,Mexico,ISIC4_C,,16.78
2006,SL_TLF_MANF,Mexico,ISIC4_C,,16.78
2007,SL_TLF_MANF,Mexico,ISIC4_C,,16.52
2008,SL_TLF_MANF,Mexico,ISIC4_C,,15.93
2009,SL_TLF_MANF,Mexico,ISIC4_C,,15.04
2010,SL_TLF_MANF,Mexico,ISIC4_C,,15.36
2011,SL_TLF_MANF,Mexico,ISIC4_C,,15.3
2012,SL_TLF_MANF,Mexico,ISIC4_C,,15.28
2013,SL_TLF_MANF,Mexico,ISIC4_C,,15.66
2014,SL_TLF_MANF,Mexico,ISIC4_C,,15.96
2015,SL_TLF_MANF,Mexico,ISIC4_C,,16.1
2016,SL_TLF_MANF,Mexico,ISIC4_C,,16.4
2017,SL_TLF_MANF,Mexico,ISIC4_C,,16.71
2018,SL_TLF_MANF,Mexico,ISIC4_C,,16.76
2019,SL_TLF_MANF,Mexico,ISIC4_C,,16.72
2020,SL_TLF_MANF,Mexico,ISIC4_C,,16.56
2021,SL_TLF_MANF,Mexico,ISIC4_C,,16.48
2006,SL_TLF_MANF,Republic of Moldova,ISIC4_C,,8.24
2007,SL_TLF_MANF,Republic of Moldova,ISIC4_C,,7.66
2008,SL_TLF_MANF,Republic of Moldova,ISIC4_C,,7.94
2009,SL_TLF_MANF,Republic of Moldova,ISIC4_C,,7.39
2010,SL_TLF_MANF,Republic of Moldova,ISIC4_C,,6.62
2011,SL_TLF_MANF,Republic of Moldova,ISIC4_C,,6.84
2012,SL_TLF_MANF,Republic of Moldova,ISIC4_C,,6.42
2013,SL_TLF_MANF,Republic of Moldova,ISIC4_C,,5.98
2014,SL_TLF_MANF,Republic of Moldova,ISIC4_C,,5.92
2015,SL_TLF_MANF,Republic of Moldova,ISIC4_C,,5.88
2016,SL_TLF_MANF,Republic of Moldova,ISIC4_C,,5.92
2017,SL_TLF_MANF,Republic of Moldova,ISIC4_C,,5.64
2018,SL_TLF_MANF,Republic of Moldova,ISIC4_C,,6.06
2019,SL_TLF_MANF,Republic of Moldova,ISIC4_C,,7.1
2020,SL_TLF_MANF,Republic of Moldova,ISIC4_C,,6.58
2021,SL_TLF_MANF,Republic of Moldova,ISIC4_C,,6.61
2003,SL_TLF_MANF,Montenegro,ISIC4_C,,13.71
2005,SL_TLF_MANF,Montenegro,ISIC4_C,,12.24
2007,SL_TLF_MANF,Montenegro,ISIC4_C,,10.95
2011,SL_TLF_MANF,Montenegro,ISIC4_C,,7.99
2012,SL_TLF_MANF,Montenegro,ISIC4_C,,7.39
2013,SL_TLF_MANF,Montenegro,ISIC4_C,,7.22
2014,SL_TLF_MANF,Montenegro,ISIC4_C,,6.61
2015,SL_TLF_MANF,Montenegro,ISIC4_C,,6.68
2016,SL_TLF_MANF,Montenegro,ISIC4_C,,5.62
2017,SL_TLF_MANF,Montenegro,ISIC4_C,,5.52
2018,SL_TLF_MANF,Montenegro,ISIC4_C,,6.08
2019,SL_TLF_MANF,Montenegro,ISIC4_C,,5.97
2020,SL_TLF_MANF,Montenegro,ISIC4_C,,6.1
2000,SL_TLF_MANF,Netherlands (Kingdom of the),ISIC4_C,,13.93
2001,SL_TLF_MANF,Netherlands (Kingdom of the),ISIC4_C,,13.61
2002,SL_TLF_MANF,Netherlands (Kingdom of the),ISIC4_C,,12.61
2003,SL_TLF_MANF,Netherlands (Kingdom of the),ISIC4_C,,12.99
2004,SL_TLF_MANF,Netherlands (Kingdom of the),ISIC4_C,,12.92
2005,SL_TLF_MANF,Netherlands (Kingdom of the),ISIC4_C,,13.23
2006,SL_TLF_MANF,Netherlands (Kingdom of the),ISIC4_C,,12.97
2007,SL_TLF_MANF,Netherlands (Kingdom of the),ISIC4_C,,12.34
2008,SL_TLF_MANF,Netherlands (Kingdom of the),ISIC4_C,,10.98
2009,SL_TLF_MANF,Netherlands (Kingdom of the),ISIC4_C,,10.23
2010,SL_TLF_MANF,Netherlands (Kingdom of the),ISIC4_C,,9.6
2011,SL_TLF_MANF,Netherlands (Kingdom of the),ISIC4_C,,9.18
2012,SL_TLF_MANF,Netherlands (Kingdom of the),ISIC4_C,,9.2
2013,SL_TLF_MANF,Netherlands (Kingdom of the),ISIC4_C,,9.23
2014,SL_TLF_MANF,Netherlands (Kingdom of the),ISIC4_C,,9.28
2015,SL_TLF_MANF,Netherlands (Kingdom of the),ISIC4_C,,9.45
2016,SL_TLF_MANF,Netherlands (Kingdom of the),ISIC4_C,,9.52
2017,SL_TLF_MANF,Netherlands (Kingdom of the),ISIC4_C,,9.3
2018,SL_TLF_MANF,Netherlands (Kingdom of the),ISIC4_C,,9.24
2019,SL_TLF_MANF,Netherlands (Kingdom of the),ISIC4_C,,9.04
2020,SL_TLF_MANF,Netherlands (Kingdom of the),ISIC4_C,,8.97
2021,SL_TLF_MANF,Netherlands (Kingdom of the),ISIC4_C,,8.34
2000,SL_TLF_MANF,New Zealand,ISIC4_C,,15.83
2001,SL_TLF_MANF,New Zealand,ISIC4_C,,15.93
2002,SL_TLF_MANF,New Zealand,ISIC4_C,,15.58
2003,SL_TLF_MANF,New Zealand,ISIC4_C,,14.57
2004,SL_TLF_MANF,New Zealand,ISIC4_C,,14.58
2005,SL_TLF_MANF,New Zealand,ISIC4_C,,13.77
2006,SL_TLF_MANF,New Zealand,ISIC4_C,,13.16
2007,SL_TLF_MANF,New Zealand,ISIC4_C,,12.83
2008,SL_TLF_MANF,New Zealand,ISIC4_C,,12.71
2009,SL_TLF_MANF,New Zealand,ISIC4_C,,11.75
2010,SL_TLF_MANF,New Zealand,ISIC4_C,,11.57
2011,SL_TLF_MANF,New Zealand,ISIC4_C,,11.48
2012,SL_TLF_MANF,New Zealand,ISIC4_C,,11.39
2013,SL_TLF_MANF,New Zealand,ISIC4_C,,11.25
2014,SL_TLF_MANF,New Zealand,ISIC4_C,,10.9
2015,SL_TLF_MANF,New Zealand,ISIC4_C,,11.19
2016,SL_TLF_MANF,New Zealand,ISIC4_C,,9.91
2017,SL_TLF_MANF,New Zealand,ISIC4_C,,9.91
2018,SL_TLF_MANF,New Zealand,ISIC4_C,,9.58
2019,SL_TLF_MANF,New Zealand,ISIC4_C,,9.13
2020,SL_TLF_MANF,New Zealand,ISIC4_C,,9.23
2021,SL_TLF_MANF,New Zealand,ISIC4_C,,8.74
2000,SL_TLF_MANF,Norway,ISIC4_C,,13.01
2001,SL_TLF_MANF,Norway,ISIC4_C,,12.64
2002,SL_TLF_MANF,Norway,ISIC4_C,,12.68
2003,SL_TLF_MANF,Norway,ISIC4_C,,12.47
2004,SL_TLF_MANF,Norway,ISIC4_C,,11.55
2005,SL_TLF_MANF,Norway,ISIC4_C,,11.64
2006,SL_TLF_MANF,Norway,ISIC4_C,,11.54
2007,SL_TLF_MANF,Norway,ISIC4_C,,11.45
2008,SL_TLF_MANF,Norway,ISIC4_C,,10.37
2009,SL_TLF_MANF,Norway,ISIC4_C,,9.94
2010,SL_TLF_MANF,Norway,ISIC4_C,,9.46
2011,SL_TLF_MANF,Norway,ISIC4_C,,9.4
2012,SL_TLF_MANF,Norway,ISIC4_C,,9.25
2013,SL_TLF_MANF,Norway,ISIC4_C,,8.79
2014,SL_TLF_MANF,Norway,ISIC4_C,,8.7
2015,SL_TLF_MANF,Norway,ISIC4_C,,8.61
2016,SL_TLF_MANF,Norway,ISIC4_C,,8.26
2017,SL_TLF_MANF,Norway,ISIC4_C,,8.05
2018,SL_TLF_MANF,Norway,ISIC4_C,,7.73
2019,SL_TLF_MANF,Norway,ISIC4_C,,7.71
2020,SL_TLF_MANF,Norway,ISIC4_C,,7.68
2021,SL_TLF_MANF,Norway,ISIC4_C,,7.21
2000,SL_TLF_MANF,Poland,ISIC4_C,,19.77
2001,SL_TLF_MANF,Poland,ISIC4_C,,19.92
2002,SL_TLF_MANF,Poland,ISIC4_C,,18.68
2003,SL_TLF_MANF,Poland,ISIC4_C,,19.04
2004,SL_TLF_MANF,Poland,ISIC4_C,,19.86
2005,SL_TLF_MANF,Poland,ISIC4_C,,20.06
2006,SL_TLF_MANF,Poland,ISIC4_C,,20.48
2007,SL_TLF_MANF,Poland,ISIC4_C,,20.75
2008,SL_TLF_MANF,Poland,ISIC4_C,,20.43
2009,SL_TLF_MANF,Poland,ISIC4_C,,19.28
2010,SL_TLF_MANF,Poland,ISIC4_C,,18.59
2011,SL_TLF_MANF,Poland,ISIC4_C,,18.76
2012,SL_TLF_MANF,Poland,ISIC4_C,,18.64
2013,SL_TLF_MANF,Poland,ISIC4_C,,19.07
2014,SL_TLF_MANF,Poland,ISIC4_C,,19.14
2015,SL_TLF_MANF,Poland,ISIC4_C,,19.32
2016,SL_TLF_MANF,Poland,ISIC4_C,,20.24
2017,SL_TLF_MANF,Poland,ISIC4_C,,20.82
2018,SL_TLF_MANF,Poland,ISIC4_C,,21.01
2019,SL_TLF_MANF,Poland,ISIC4_C,,20.61
2020,SL_TLF_MANF,Poland,ISIC4_C,,19.9
2021,SL_TLF_MANF,Poland,ISIC4_C,,19.4
2000,SL_TLF_MANF,Portugal,ISIC4_C,,21.68
2001,SL_TLF_MANF,Portugal,ISIC4_C,,21.35
2002,SL_TLF_MANF,Portugal,ISIC4_C,,20.42
2003,SL_TLF_MANF,Portugal,ISIC4_C,,20.04
2004,SL_TLF_MANF,Portugal,ISIC4_C,,19.49
2005,SL_TLF_MANF,Portugal,ISIC4_C,,18.81
2006,SL_TLF_MANF,Portugal,ISIC4_C,,18.89
2007,SL_TLF_MANF,Portugal,ISIC4_C,,18.32
2008,SL_TLF_MANF,Portugal,ISIC4_C,,17.0
2009,SL_TLF_MANF,Portugal,ISIC4_C,,16.61
2010,SL_TLF_MANF,Portugal,ISIC4_C,,16.37
2011,SL_TLF_MANF,Portugal,ISIC4_C,,16.53
2012,SL_TLF_MANF,Portugal,ISIC4_C,,16.3
2013,SL_TLF_MANF,Portugal,ISIC4_C,,15.92
2014,SL_TLF_MANF,Portugal,ISIC4_C,,16.42
2015,SL_TLF_MANF,Portugal,ISIC4_C,,16.91
2016,SL_TLF_MANF,Portugal,ISIC4_C,,16.88
2017,SL_TLF_MANF,Portugal,ISIC4_C,,16.9
2018,SL_TLF_MANF,Portugal,ISIC4_C,,17.14
2019,SL_TLF_MANF,Portugal,ISIC4_C,,17.03
2020,SL_TLF_MANF,Portugal,ISIC4_C,,16.98
2021,SL_TLF_MANF,Portugal,ISIC4_C,,16.86
2000,SL_TLF_MANF,Romania,ISIC4_C,,18.63
2001,SL_TLF_MANF,Romania,ISIC4_C,,18.38
2002,SL_TLF_MANF,Romania,ISIC4_C,,21.52
2003,SL_TLF_MANF,Romania,ISIC4_C,,20.96
2004,SL_TLF_MANF,Romania,ISIC4_C,,22.51
2005,SL_TLF_MANF,Romania,ISIC4_C,,21.5
2006,SL_TLF_MANF,Romania,ISIC4_C,,21.29
2007,SL_TLF_MANF,Romania,ISIC4_C,,21.1
2008,SL_TLF_MANF,Romania,ISIC4_C,,20.33
2009,SL_TLF_MANF,Romania,ISIC4_C,,18.95
2010,SL_TLF_MANF,Romania,ISIC4_C,,17.59
2011,SL_TLF_MANF,Romania,ISIC4_C,,18.11
2012,SL_TLF_MANF,Romania,ISIC4_C,,17.81
2013,SL_TLF_MANF,Romania,ISIC4_C,,17.95
2014,SL_TLF_MANF,Romania,ISIC4_C,,18.52
2015,SL_TLF_MANF,Romania,ISIC4_C,,18.18
2016,SL_TLF_MANF,Romania,ISIC4_C,,18.91
2017,SL_TLF_MANF,Romania,ISIC4_C,,19.23
2018,SL_TLF_MANF,Romania,ISIC4_C,,19.29
2019,SL_TLF_MANF,Romania,ISIC4_C,,18.91
2020,SL_TLF_MANF,Romania,ISIC4_C,,18.06
2021,SL_TLF_MANF,Romania,ISIC4_C,,19.65
2004,SL_TLF_MANF,Serbia,ISIC4_C,,18.81
2005,SL_TLF_MANF,Serbia,ISIC4_C,,18.2
2006,SL_TLF_MANF,Serbia,ISIC4_C,,19.71
2007,SL_TLF_MANF,Serbia,ISIC4_C,,19.65
2008,SL_TLF_MANF,Serbia,ISIC4_C,,17.16
2009,SL_TLF_MANF,Serbia,ISIC4_C,,17.24
2010,SL_TLF_MANF,Serbia,ISIC4_C,,16.95
2011,SL_TLF_MANF,Serbia,ISIC4_C,,17.19
2012,SL_TLF_MANF,Serbia,ISIC4_C,,17.04
2013,SL_TLF_MANF,Serbia,ISIC4_C,,17.07
2014,SL_TLF_MANF,Serbia,ISIC4_C,,15.88
2015,SL_TLF_MANF,Serbia,ISIC4_C,,16.08
2016,SL_TLF_MANF,Serbia,ISIC4_C,,16.5
2017,SL_TLF_MANF,Serbia,ISIC4_C,,17.08
2018,SL_TLF_MANF,Serbia,ISIC4_C,,18.29
2019,SL_TLF_MANF,Serbia,ISIC4_C,,18.68
2020,SL_TLF_MANF,Serbia,ISIC4_C,,18.72
2021,SL_TLF_MANF,Serbia,ISIC4_C,,9.46
2000,SL_TLF_MANF,Slovakia,ISIC4_C,,25.82
2001,SL_TLF_MANF,Slovakia,ISIC4_C,,26.07
2002,SL_TLF_MANF,Slovakia,ISIC4_C,,27.0
2003,SL_TLF_MANF,Slovakia,ISIC4_C,,26.33
2004,SL_TLF_MANF,Slovakia,ISIC4_C,,26.83
2005,SL_TLF_MANF,Slovakia,ISIC4_C,,26.7
2006,SL_TLF_MANF,Slovakia,ISIC4_C,,26.44
2007,SL_TLF_MANF,Slovakia,ISIC4_C,,26.91
2008,SL_TLF_MANF,Slovakia,ISIC4_C,,26.29
2009,SL_TLF_MANF,Slovakia,ISIC4_C,,23.89
2010,SL_TLF_MANF,Slovakia,ISIC4_C,,17.19
2011,SL_TLF_MANF,Slovakia,ISIC4_C,,24.22
2012,SL_TLF_MANF,Slovakia,ISIC4_C,,24.49
2013,SL_TLF_MANF,Slovakia,ISIC4_C,,23.16
2014,SL_TLF_MANF,Slovakia,ISIC4_C,,24.65
2015,SL_TLF_MANF,Slovakia,ISIC4_C,,24.68
2016,SL_TLF_MANF,Slovakia,ISIC4_C,,24.49
2017,SL_TLF_MANF,Slovakia,ISIC4_C,,24.63
2018,SL_TLF_MANF,Slovakia,ISIC4_C,,24.51
2019,SL_TLF_MANF,Slovakia,ISIC4_C,,24.61
2020,SL_TLF_MANF,Slovakia,ISIC4_C,,25.05
2021,SL_TLF_MANF,Slovakia,ISIC4_C,,18.8
2000,SL_TLF_MANF,Viet Nam,ISIC4_C,,9.22
2001,SL_TLF_MANF,Viet Nam,ISIC4_C,,9.72
2002,SL_TLF_MANF,Viet Nam,ISIC4_C,,10.09
2003,SL_TLF_MANF,Viet Nam,ISIC4_C,,10.96
2004,SL_TLF_MANF,Viet Nam,ISIC4_C,,11.7
2006,SL_TLF_MANF,Viet Nam,ISIC4_C,,13.65
2007,SL_TLF_MANF,Viet Nam,ISIC4_C,,13.76
2009,SL_TLF_MANF,Viet Nam,ISIC4_C,,14.48
2010,SL_TLF_MANF,Viet Nam,ISIC4_C,,14.26
2011,SL_TLF_MANF,Viet Nam,ISIC4_C,,13.84
2012,SL_TLF_MANF,Viet Nam,ISIC4_C,,13.81
2013,SL_TLF_MANF,Viet Nam,ISIC4_C,,13.95
2014,SL_TLF_MANF,Viet Nam,ISIC4_C,,14.44
2015,SL_TLF_MANF,Viet Nam,ISIC4_C,,15.69
2016,SL_TLF_MANF,Viet Nam,ISIC4_C,,16.66
2017,SL_TLF_MANF,Viet Nam,ISIC4_C,,17.35
2018,SL_TLF_MANF,Viet Nam,ISIC4_C,,17.91
2019,SL_TLF_MANF,Viet Nam,ISIC4_C,,20.23
2020,SL_TLF_MANF,Viet Nam,ISIC4_C,,21.31
2021,SL_TLF_MANF,Viet Nam,ISIC4_C,,20.98
2000,SL_TLF_MANF,Slovenia,ISIC4_C,,30.08
2001,SL_TLF_MANF,Slovenia,ISIC4_C,,30.45
2002,SL_TLF_MANF,Slovenia,ISIC4_C,,30.81
2003,SL_TLF_MANF,Slovenia,ISIC4_C,,30.0
2004,SL_TLF_MANF,Slovenia,ISIC4_C,,28.95
2005,SL_TLF_MANF,Slovenia,ISIC4_C,,29.22
2006,SL_TLF_MANF,Slovenia,ISIC4_C,,27.87
2007,SL_TLF_MANF,Slovenia,ISIC4_C,,27.35
2008,SL_TLF_MANF,Slovenia,ISIC4_C,,26.12
2009,SL_TLF_MANF,Slovenia,ISIC4_C,,24.23
2010,SL_TLF_MANF,Slovenia,ISIC4_C,,24.22
2011,SL_TLF_MANF,Slovenia,ISIC4_C,,23.14
2012,SL_TLF_MANF,Slovenia,ISIC4_C,,22.35
2013,SL_TLF_MANF,Slovenia,ISIC4_C,,22.43
2014,SL_TLF_MANF,Slovenia,ISIC4_C,,22.52
2015,SL_TLF_MANF,Slovenia,ISIC4_C,,23.4
2016,SL_TLF_MANF,Slovenia,ISIC4_C,,25.12
2017,SL_TLF_MANF,Slovenia,ISIC4_C,,25.19
2018,SL_TLF_MANF,Slovenia,ISIC4_C,,24.85
2019,SL_TLF_MANF,Slovenia,ISIC4_C,,25.6
2020,SL_TLF_MANF,Slovenia,ISIC4_C,,25.25
2021,SL_TLF_MANF,Slovenia,ISIC4_C,,22.06
2000,SL_TLF_MANF,Spain,ISIC4_C,,18.74
2001,SL_TLF_MANF,Spain,ISIC4_C,,18.77
2002,SL_TLF_MANF,Spain,ISIC4_C,,18.2
2003,SL_TLF_MANF,Spain,ISIC4_C,,17.58
2004,SL_TLF_MANF,Spain,ISIC4_C,,16.88
2005,SL_TLF_MANF,Spain,ISIC4_C,,16.36
2006,SL_TLF_MANF,Spain,ISIC4_C,,15.71
2007,SL_TLF_MANF,Spain,ISIC4_C,,15.13
2008,SL_TLF_MANF,Spain,ISIC4_C,,14.59
2009,SL_TLF_MANF,Spain,ISIC4_C,,13.34
2010,SL_TLF_MANF,Spain,ISIC4_C,,12.85
2011,SL_TLF_MANF,Spain,ISIC4_C,,12.76
2012,SL_TLF_MANF,Spain,ISIC4_C,,12.61
2013,SL_TLF_MANF,Spain,ISIC4_C,,12.36
2014,SL_TLF_MANF,Spain,ISIC4_C,,12.35
2015,SL_TLF_MANF,Spain,ISIC4_C,,12.45
2016,SL_TLF_MANF,Spain,ISIC4_C,,12.45
2017,SL_TLF_MANF,Spain,ISIC4_C,,12.71
2018,SL_TLF_MANF,Spain,ISIC4_C,,12.65
2019,SL_TLF_MANF,Spain,ISIC4_C,,12.61
2020,SL_TLF_MANF,Spain,ISIC4_C,,12.66
2021,SL_TLF_MANF,Spain,ISIC4_C,,12.25
2000,SL_TLF_MANF,Sweden,ISIC4_C,,18.02
2001,SL_TLF_MANF,Sweden,ISIC4_C,,17.5
2002,SL_TLF_MANF,Sweden,ISIC4_C,,16.65
2003,SL_TLF_MANF,Sweden,ISIC4_C,,16.14
2004,SL_TLF_MANF,Sweden,ISIC4_C,,15.86
2005,SL_TLF_MANF,Sweden,ISIC4_C,,15.3
2006,SL_TLF_MANF,Sweden,ISIC4_C,,14.9
2007,SL_TLF_MANF,Sweden,ISIC4_C,,14.46
2008,SL_TLF_MANF,Sweden,ISIC4_C,,13.51
2009,SL_TLF_MANF,Sweden,ISIC4_C,,12.43
2010,SL_TLF_MANF,Sweden,ISIC4_C,,12.04
2011,SL_TLF_MANF,Sweden,ISIC4_C,,12.03
2012,SL_TLF_MANF,Sweden,ISIC4_C,,11.55
2013,SL_TLF_MANF,Sweden,ISIC4_C,,11.16
2014,SL_TLF_MANF,Sweden,ISIC4_C,,10.67
2015,SL_TLF_MANF,Sweden,ISIC4_C,,10.41
2016,SL_TLF_MANF,Sweden,ISIC4_C,,10.2
2017,SL_TLF_MANF,Sweden,ISIC4_C,,10.1
2018,SL_TLF_MANF,Sweden,ISIC4_C,,10.02
2019,SL_TLF_MANF,Sweden,ISIC4_C,,10.01
2020,SL_TLF_MANF,Sweden,ISIC4_C,,9.88
2021,SL_TLF_MANF,Sweden,ISIC4_C,,9.77
2000,SL_TLF_MANF,Switzerland,ISIC4_C,,15.48
2001,SL_TLF_MANF,Switzerland,ISIC4_C,,15.92
2002,SL_TLF_MANF,Switzerland,ISIC4_C,,14.76
2003,SL_TLF_MANF,Switzerland,ISIC4_C,,14.18
2004,SL_TLF_MANF,Switzerland,ISIC4_C,,14.0
2005,SL_TLF_MANF,Switzerland,ISIC4_C,,13.97
2006,SL_TLF_MANF,Switzerland,ISIC4_C,,13.93
2007,SL_TLF_MANF,Switzerland,ISIC4_C,,14.07
2008,SL_TLF_MANF,Switzerland,ISIC4_C,,14.07
2009,SL_TLF_MANF,Switzerland,ISIC4_C,,14.21
2010,SL_TLF_MANF,Switzerland,ISIC4_C,,13.76
2011,SL_TLF_MANF,Switzerland,ISIC4_C,,13.56
2012,SL_TLF_MANF,Switzerland,ISIC4_C,,13.17
2013,SL_TLF_MANF,Switzerland,ISIC4_C,,13.16
2014,SL_TLF_MANF,Switzerland,ISIC4_C,,12.97
2015,SL_TLF_MANF,Switzerland,ISIC4_C,,12.62
2016,SL_TLF_MANF,Switzerland,ISIC4_C,,12.41
2017,SL_TLF_MANF,Switzerland,ISIC4_C,,12.29
2018,SL_TLF_MANF,Switzerland,ISIC4_C,,12.35
2019,SL_TLF_MANF,Switzerland,ISIC4_C,,12.48
2020,SL_TLF_MANF,Switzerland,ISIC4_C,,12.32
2021,SL_TLF_MANF,Switzerland,ISIC4_C,,10.45
2003,SL_TLF_MANF,Tajikistan,ISIC4_C,,0.12
2004,SL_TLF_MANF,Tajikistan,ISIC4_C,,4.67
2007,SL_TLF_MANF,Tajikistan,ISIC4_C,,5.74
2009,SL_TLF_MANF,Tajikistan,ISIC4_C,,5.54
2018,SL_TLF_MANF,Tajikistan,ISIC4_C,,5.42
2000,SL_TLF_MANF,United Arab Emirates,ISIC4_C,,10.96
2005,SL_TLF_MANF,United Arab Emirates,ISIC4_C,,8.05
2008,SL_TLF_MANF,United Arab Emirates,ISIC4_C,,8.69
2016,SL_TLF_MANF,United Arab Emirates,ISIC4_C,,6.17
2017,SL_TLF_MANF,United Arab Emirates,ISIC4_C,,4.91
2018,SL_TLF_MANF,United Arab Emirates,ISIC4_C,,10.62
2019,SL_TLF_MANF,United Arab Emirates,ISIC4_C,,9.22
2020,SL_TLF_MANF,United Arab Emirates,ISIC4_C,,7.96
2021,SL_TLF_MANF,United Arab Emirates,ISIC4_C,,9.38
2000,SL_TLF_MANF,Türkiye,ISIC4_C,,16.86
2001,SL_TLF_MANF,Türkiye,ISIC4_C,,16.64
2002,SL_TLF_MANF,Türkiye,ISIC4_C,,17.47
2003,SL_TLF_MANF,Türkiye,ISIC4_C,,17.32
2004,SL_TLF_MANF,Türkiye,ISIC4_C,,19.06
2005,SL_TLF_MANF,Türkiye,ISIC4_C,,19.9
2006,SL_TLF_MANF,Türkiye,ISIC4_C,,19.91
2007,SL_TLF_MANF,Türkiye,ISIC4_C,,19.71
2008,SL_TLF_MANF,Türkiye,ISIC4_C,,19.88
2009,SL_TLF_MANF,Türkiye,ISIC4_C,,18.18
2010,SL_TLF_MANF,Türkiye,ISIC4_C,,18.65
2011,SL_TLF_MANF,Türkiye,ISIC4_C,,18.12
2012,SL_TLF_MANF,Türkiye,ISIC4_C,,17.81
2013,SL_TLF_MANF,Türkiye,ISIC4_C,,18.15
2014,SL_TLF_MANF,Türkiye,ISIC4_C,,19.03
2015,SL_TLF_MANF,Türkiye,ISIC4_C,,18.66
2016,SL_TLF_MANF,Türkiye,ISIC4_C,,18.07
2017,SL_TLF_MANF,Türkiye,ISIC4_C,,17.63
2018,SL_TLF_MANF,Türkiye,ISIC4_C,,18.2
2019,SL_TLF_MANF,Türkiye,ISIC4_C,,18.35
2020,SL_TLF_MANF,Türkiye,ISIC4_C,,18.92
2021,SL_TLF_MANF,Türkiye,ISIC4_C,,19.66
2000,SL_TLF_MANF,Ukraine,ISIC4_C,,13.7
2009,SL_TLF_MANF,Ukraine,ISIC4_C,,13.45
2010,SL_TLF_MANF,Ukraine,ISIC4_C,,13.27
2011,SL_TLF_MANF,Ukraine,ISIC4_C,,13.06
2012,SL_TLF_MANF,Ukraine,ISIC4_C,,13.17
2013,SL_TLF_MANF,Ukraine,ISIC4_C,,12.61
2014,SL_TLF_MANF,Ukraine,ISIC4_C,,13.0
2015,SL_TLF_MANF,Ukraine,ISIC4_C,,12.58
2016,SL_TLF_MANF,Ukraine,ISIC4_C,,12.28
2017,SL_TLF_MANF,Ukraine,ISIC4_C,,12.36
2002,SL_TLF_MANF,North Macedonia,ISIC4_C,,23.59
2003,SL_TLF_MANF,North Macedonia,ISIC4_C,,24.09
2004,SL_TLF_MANF,North Macedonia,ISIC4_C,,22.23
2005,SL_TLF_MANF,North Macedonia,ISIC4_C,,22.07
2006,SL_TLF_MANF,North Macedonia,ISIC4_C,,21.79
2007,SL_TLF_MANF,North Macedonia,ISIC4_C,,21.48
2008,SL_TLF_MANF,North Macedonia,ISIC4_C,,21.27
2009,SL_TLF_MANF,North Macedonia,ISIC4_C,,20.3
2010,SL_TLF_MANF,North Macedonia,ISIC4_C,,19.95
2011,SL_TLF_MANF,North Macedonia,ISIC4_C,,19.52
2012,SL_TLF_MANF,North Macedonia,ISIC4_C,,19.61
2013,SL_TLF_MANF,North Macedonia,ISIC4_C,,19.49
2014,SL_TLF_MANF,North Macedonia,ISIC4_C,,19.42
2015,SL_TLF_MANF,North Macedonia,ISIC4_C,,19.47
2016,SL_TLF_MANF,North Macedonia,ISIC4_C,,19.07
2017,SL_TLF_MANF,North Macedonia,ISIC4_C,,19.45
2018,SL_TLF_MANF,North Macedonia,ISIC4_C,,20.13
2019,SL_TLF_MANF,North Macedonia,ISIC4_C,,19.89
2020,SL_TLF_MANF,North Macedonia,ISIC4_C,,20.0
2021,SL_TLF_MANF,North Macedonia,ISIC4_C,,19.9
2000,SL_TLF_MANF,United Kingdom of Great Britain and Northern Ireland,ISIC4_C,,16.94
2001,SL_TLF_MANF,United Kingdom of Great Britain and Northern Ireland,ISIC4_C,,16.26
2002,SL_TLF_MANF,United Kingdom of Great Britain and Northern Ireland,ISIC4_C,,15.5
2003,SL_TLF_MANF,United Kingdom of Great Britain and Northern Ireland,ISIC4_C,,14.77
2004,SL_TLF_MANF,United Kingdom of Great Britain and Northern Ireland,ISIC4_C,,13.53
2005,SL_TLF_MANF,United Kingdom of Great Britain and Northern Ireland,ISIC4_C,,13.2
2006,SL_TLF_MANF,United Kingdom of Great Britain and Northern Ireland,ISIC4_C,,12.89
2007,SL_TLF_MANF,United Kingdom of Great Britain and Northern Ireland,ISIC4_C,,12.75
2008,SL_TLF_MANF,United Kingdom of Great Britain and Northern Ireland,ISIC4_C,,11.33
2009,SL_TLF_MANF,United Kingdom of Great Britain and Northern Ireland,ISIC4_C,,9.66
2010,SL_TLF_MANF,United Kingdom of Great Britain and Northern Ireland,ISIC4_C,,9.84
2011,SL_TLF_MANF,United Kingdom of Great Britain and Northern Ireland,ISIC4_C,,9.76
2012,SL_TLF_MANF,United Kingdom of Great Britain and Northern Ireland,ISIC4_C,,9.8
2013,SL_TLF_MANF,United Kingdom of Great Britain and Northern Ireland,ISIC4_C,,9.75
2014,SL_TLF_MANF,United Kingdom of Great Britain and Northern Ireland,ISIC4_C,,9.8
2015,SL_TLF_MANF,United Kingdom of Great Britain and Northern Ireland,ISIC4_C,,9.59
2016,SL_TLF_MANF,United Kingdom of Great Britain and Northern Ireland,ISIC4_C,,9.47
2017,SL_TLF_MANF,United Kingdom of Great Britain and Northern Ireland,ISIC4_C,,9.15
2018,SL_TLF_MANF,United Kingdom of Great Britain and Northern Ireland,ISIC4_C,,8.94
2019,SL_TLF_MANF,United Kingdom of Great Britain and Northern Ireland,ISIC4_C,,9.14
2010,SL_TLF_MANF,Uzbekistan,ISIC4_C,,11.52
2011,SL_TLF_MANF,Uzbekistan,ISIC4_C,,11.46
2012,SL_TLF_MANF,Uzbekistan,ISIC4_C,,11.4
2013,SL_TLF_MANF,Uzbekistan,ISIC4_C,,11.37
2014,SL_TLF_MANF,Uzbekistan,ISIC4_C,,11.3
2015,SL_TLF_MANF,Uzbekistan,ISIC4_C,,11.3
2016,SL_TLF_MANF,Uzbekistan,ISIC4_C,,11.34
2017,SL_TLF_MANF,Uzbekistan,ISIC4_C,,11.83
2018,SL_TLF_MANF,Uzbekistan,ISIC4_C,,12.04
2019,SL_TLF_MANF,Uzbekistan,ISIC4_C,,11.91
2020,SL_TLF_MANF,Uzbekistan,ISIC4_C,,11.38
2018,SL_TLF_MANF,Cyprus,ISIC4_C,,6.88
2019,SL_TLF_MANF,Cyprus,ISIC4_C,,7.27
2020,SL_TLF_MANF,Cyprus,ISIC4_C,,7.6
2021,SL_TLF_MANF,Cyprus,ISIC4_C,,7.17
2021,SL_TLF_MANF,Cyprus,ISIC4_C,,7.17
