Year,SeriesCode,Страна ,Sex,Value
2021,SI_COV_BENFTS,Albania,BOTHSEX,77.6
2016,SI_COV_BENFTS,Azerbaijan,BOTHSEX,40.3
2020,SI_COV_BENFTS,Azerbaijan,BOTHSEX,39.0
2016,SI_COV_BENFTS,Australia,BOTHSEX,82.0
2020,SI_COV_BENFTS,Australia,BOTHSEX,100.0
2020,SI_COV_BENFTS,Australia,FEMALE,100.0
2020,SI_COV_BENFTS,Australia,MALE,100.0
2016,SI_COV_BENFTS,Austria,BOTHSEX,98.6
2020,SI_COV_BENFTS,Austria,BOTHSEX,98.6
2016,SI_COV_BENFTS,Armenia,BOTHSEX,47.3
2020,SI_COV_BENFTS,Armenia,BOTHSEX,54.4
2016,SI_COV_BENFTS,Belgium,BOTHSEX,100.0
2020,SI_COV_BENFTS,Belgium,MALE,100.0
2020,SI_COV_BENFTS,Belgium,BOTHSEX,100.0
2020,SI_COV_BENFTS,Belgium,FEMALE,100.0
2020,SI_COV_BENFTS,Bosnia and Herzegovina,BOTHSEX,40.0
2016,SI_COV_BENFTS,Bulgaria,BOTHSEX,88.3
2020,SI_COV_BENFTS,Bulgaria,BOTHSEX,88.3
2020,SI_COV_BENFTS,Belarus,BOTHSEX,36.0
2016,SI_COV_BENFTS,Canada,BOTHSEX,99.8
2020,SI_COV_BENFTS,Canada,BOTHSEX,99.8
2017,SI_COV_BENFTS,Chile,BOTHSEX,69.2
2020,SI_COV_BENFTS,Chile,BOTHSEX,70.2
2021,SI_COV_BENFTS,Chile,BOTHSEX,83.0
2016,SI_COV_BENFTS,China,BOTHSEX,63.0
2017,SI_COV_BENFTS,China,BOTHSEX,67.4
2020,SI_COV_BENFTS,China,BOTHSEX,70.8
2017,SI_COV_BENFTS,Colombia,BOTHSEX,40.8
2020,SI_COV_BENFTS,Colombia,BOTHSEX,52.5
2021,SI_COV_BENFTS,Colombia,BOTHSEX,49.7
2017,SI_COV_BENFTS,Costa Rica,BOTHSEX,72.0
2020,SI_COV_BENFTS,Costa Rica,BOTHSEX,58.0
2021,SI_COV_BENFTS,Costa Rica,BOTHSEX,60.5
2020,SI_COV_BENFTS,Croatia,BOTHSEX,56.0
2016,SI_COV_BENFTS,Cyprus,BOTHSEX,61.2
2020,SI_COV_BENFTS,Cyprus,BOTHSEX,61.2
2016,SI_COV_BENFTS,Czechia,BOTHSEX,88.8
2020,SI_COV_BENFTS,Czechia,BOTHSEX,88.8
2016,SI_COV_BENFTS,Denmark,BOTHSEX,89.5
2020,SI_COV_BENFTS,Denmark,BOTHSEX,89.5
2016,SI_COV_BENFTS,Estonia,BOTHSEX,98.4
2020,SI_COV_BENFTS,Estonia,BOTHSEX,98.4
2016,SI_COV_BENFTS,Finland,BOTHSEX,100.0
2020,SI_COV_BENFTS,Finland,FEMALE,100.0
2020,SI_COV_BENFTS,Finland,BOTHSEX,100.0
2020,SI_COV_BENFTS,Finland,MALE,100.0
2016,SI_COV_BENFTS,France,BOTHSEX,100.0
2020,SI_COV_BENFTS,France,FEMALE,100.0
2020,SI_COV_BENFTS,France,BOTHSEX,100.0
2020,SI_COV_BENFTS,France,MALE,100.0
2016,SI_COV_BENFTS,Georgia,BOTHSEX,28.6
2020,SI_COV_BENFTS,Georgia,BOTHSEX,97.1
2016,SI_COV_BENFTS,Germany,BOTHSEX,99.5
2020,SI_COV_BENFTS,Germany,BOTHSEX,99.5
2020,SI_COV_BENFTS,Greece,BOTHSEX,64.0
2016,SI_COV_BENFTS,Hungary,BOTHSEX,86.2
2020,SI_COV_BENFTS,Hungary,BOTHSEX,86.2
2020,SI_COV_BENFTS,Iceland,BOTHSEX,81.0
2016,SI_COV_BENFTS,India,BOTHSEX,22.0
2020,SI_COV_BENFTS,India,BOTHSEX,24.4
2016,SI_COV_BENFTS,Ireland,BOTHSEX,90.1
2020,SI_COV_BENFTS,Ireland,BOTHSEX,90.1
2016,SI_COV_BENFTS,Israel,BOTHSEX,54.9
2020,SI_COV_BENFTS,Israel,BOTHSEX,54.9
2020,SI_COV_BENFTS,Italy,BOTHSEX,82.0
2016,SI_COV_BENFTS,Japan,BOTHSEX,75.4
2019,SI_COV_BENFTS,Japan,BOTHSEX,76.0
2020,SI_COV_BENFTS,Japan,BOTHSEX,98.0
2016,SI_COV_BENFTS,Казахстан,BOTHSEX,100.0
2020,SI_COV_BENFTS,Казахстан,MALE,100.0
2020,SI_COV_BENFTS,Казахстан,BOTHSEX,100.0
2020,SI_COV_BENFTS,Казахстан,FEMALE,100.0
2016,SI_COV_BENFTS,Republic of Korea,BOTHSEX,65.7
2019,SI_COV_BENFTS,Republic of Korea,BOTHSEX,67.0
2020,SI_COV_BENFTS,Republic of Korea,BOTHSEX,77.3
2020,SI_COV_BENFTS,Кыргызстан,BOTHSEX,41.7
2016,SI_COV_BENFTS,Latvia,BOTHSEX,96.5
2020,SI_COV_BENFTS,Latvia,BOTHSEX,96.5
2016,SI_COV_BENFTS,Lithuania,BOTHSEX,92.7
2020,SI_COV_BENFTS,Lithuania,BOTHSEX,92.7
2020,SI_COV_BENFTS,Luxembourg,BOTHSEX,96.0
2020,SI_COV_BENFTS,Mexico,BOTHSEX,62.4
2021,SI_COV_BENFTS,Mexico,BOTHSEX,65.7
2020,SI_COV_BENFTS,Republic of Moldova,BOTHSEX,42.0
2020,SI_COV_BENFTS,Montenegro,BOTHSEX,41.0
2016,SI_COV_BENFTS,Netherlands (Kingdom of the),BOTHSEX,97.5
2020,SI_COV_BENFTS,Netherlands (Kingdom of the),BOTHSEX,97.5
2016,SI_COV_BENFTS,New Zealand,BOTHSEX,66.6
2020,SI_COV_BENFTS,New Zealand,MALE,100.0
2020,SI_COV_BENFTS,New Zealand,FEMALE,100.0
2020,SI_COV_BENFTS,New Zealand,BOTHSEX,100.0
2016,SI_COV_BENFTS,Norway,BOTHSEX,95.8
2020,SI_COV_BENFTS,Norway,BOTHSEX,95.8
2016,SI_COV_BENFTS,Poland,BOTHSEX,84.9
2020,SI_COV_BENFTS,Poland,BOTHSEX,84.9
2016,SI_COV_BENFTS,Portugal,BOTHSEX,90.2
2020,SI_COV_BENFTS,Portugal,BOTHSEX,90.2
2016,SI_COV_BENFTS,Romania,BOTHSEX,95.0
2020,SI_COV_BENFTS,Romania,BOTHSEX,95.0
2020,SI_COV_BENFTS,Serbia,BOTHSEX,39.0
2021,SI_COV_BENFTS,Serbia,BOTHSEX,48.0
2016,SI_COV_BENFTS,Slovakia,BOTHSEX,92.1
2020,SI_COV_BENFTS,Slovakia,BOTHSEX,92.1
2016,SI_COV_BENFTS,Viet Nam,BOTHSEX,37.9
2019,SI_COV_BENFTS,Viet Nam,BOTHSEX,38.0
2020,SI_COV_BENFTS,Viet Nam,BOTHSEX,38.8
2016,SI_COV_BENFTS,Slovenia,BOTHSEX,100.0
2020,SI_COV_BENFTS,Slovenia,FEMALE,100.0
2020,SI_COV_BENFTS,Slovenia,BOTHSEX,100.0
2020,SI_COV_BENFTS,Slovenia,MALE,100.0
2016,SI_COV_BENFTS,Spain,BOTHSEX,80.9
2020,SI_COV_BENFTS,Spain,BOTHSEX,80.9
2016,SI_COV_BENFTS,Sweden,BOTHSEX,100.0
2020,SI_COV_BENFTS,Sweden,FEMALE,100.0
2020,SI_COV_BENFTS,Sweden,MALE,100.0
2020,SI_COV_BENFTS,Sweden,BOTHSEX,100.0
2016,SI_COV_BENFTS,Switzerland,BOTHSEX,92.7
2020,SI_COV_BENFTS,Switzerland,BOTHSEX,92.7
2020,SI_COV_BENFTS,Таджикистан,BOTHSEX,26.6
2020,SI_COV_BENFTS,United Arab Emirates,BOTHSEX,3.5
2020,SI_COV_BENFTS,Türkiye,BOTHSEX,79.8
2021,SI_COV_BENFTS,Туркменистан,BOTHSEX,44.2
2018,SI_COV_BENFTS,Ukraine,BOTHSEX,73.0
2020,SI_COV_BENFTS,North Macedonia,BOTHSEX,39.0
2016,SI_COV_BENFTS,United Kingdom of Great Britain and Northern Ireland,BOTHSEX,93.5
2020,SI_COV_BENFTS,United Kingdom of Great Britain and Northern Ireland,BOTHSEX,93.5
2020,SI_COV_BENFTS,Узбекистан,BOTHSEX,42.7
2020,SI_COV_BENFTS,Узбекистан,BOTHSEX,42.7
