Year,SeriesCode,Страна ,Value
2015,FI_FSI_FSKA,United Kingdom of Great Britain and Northern Ireland,5.41326403099182
2016,FI_FSI_FSKA,United Kingdom of Great Britain and Northern Ireland,5.95284838728074
2017,FI_FSI_FSKA,United Kingdom of Great Britain and Northern Ireland,6.20368589638196
2018,FI_FSI_FSKA,United Kingdom of Great Britain and Northern Ireland,5.92885052355864
2019,FI_FSI_FSKA,United Kingdom of Great Britain and Northern Ireland,5.48814089310638
2020,FI_FSI_FSKA,United Kingdom of Great Britain and Northern Ireland,4.94684559412517
2021,FI_FSI_FSKA,United Kingdom of Great Britain and Northern Ireland,5.53490378693197
2010,FI_FSI_FSKA,Узбекистан,12.3854799314985
2011,FI_FSI_FSKA,Узбекистан,10.8959316437067
2012,FI_FSI_FSKA,Узбекистан,10.0320057605494
2013,FI_FSI_FSKA,Узбекистан,9.76841031506305
2014,FI_FSI_FSKA,Узбекистан,10.0371981908106
2015,FI_FSI_FSKA,Узбекистан,9.0321877054387
2016,FI_FSI_FSKA,Узбекистан,8.53922465882503
2010,FI_FSI_FSKA,Albania,8.65738703548396
2011,FI_FSI_FSKA,Albania,8.13171240346954
2012,FI_FSI_FSKA,Albania,7.92991262699532
2013,FI_FSI_FSKA,Albania,7.73182739633685
2014,FI_FSI_FSKA,Albania,7.42400985630468
2015,FI_FSI_FSKA,Albania,8.43098711693538
2016,FI_FSI_FSKA,Albania,8.74722800678583
2017,FI_FSI_FSKA,Albania,9.01864922404764
2018,FI_FSI_FSKA,Albania,9.15081252889815
2019,FI_FSI_FSKA,Albania,9.07841434175283
2020,FI_FSI_FSKA,Albania,9.06900760368607
2021,FI_FSI_FSKA,Albania,8.84649373877203
2022,FI_FSI_FSKA,Albania,8.59552115400606
2005,FI_FSI_FSKA,Australia,4.9390008943253
2006,FI_FSI_FSKA,Australia,4.75092644765004
2007,FI_FSI_FSKA,Australia,4.50428076628894
2008,FI_FSI_FSKA,Australia,4.19912384001137
2009,FI_FSI_FSKA,Australia,4.70300396072203
2010,FI_FSI_FSKA,Australia,4.62021662059414
2011,FI_FSI_FSKA,Australia,4.69684531050885
2012,FI_FSI_FSKA,Australia,4.75557889210946
2013,FI_FSI_FSKA,Australia,4.67249759967552
2014,FI_FSI_FSKA,Australia,4.69700335511658
2015,FI_FSI_FSKA,Australia,5.31731759650771
2016,FI_FSI_FSKA,Australia,5.44397257111967
2017,FI_FSI_FSKA,Australia,5.91271906081673
2018,FI_FSI_FSKA,Australia,5.91854176977054
2019,FI_FSI_FSKA,Australia,6.19862631822147
2020,FI_FSI_FSKA,Australia,6.37432250408069
2021,FI_FSI_FSKA,Australia,6.16933763669525
2006,FI_FSI_FSKA,Austria,3.79492045431925
2007,FI_FSI_FSKA,Austria,3.81390595309035
2008,FI_FSI_FSKA,Austria,3.61200383000282
2009,FI_FSI_FSKA,Austria,4.58153542349424
2010,FI_FSI_FSKA,Austria,5.09505050694966
2011,FI_FSI_FSKA,Austria,4.98718024999289
2012,FI_FSI_FSKA,Austria,5.12553014876497
2013,FI_FSI_FSKA,Austria,5.36846249339605
2014,FI_FSI_FSKA,Austria,5.21248631883844
2015,FI_FSI_FSKA,Austria,5.37707549029426
2016,FI_FSI_FSKA,Austria,6.19177596311036
2017,FI_FSI_FSKA,Austria,6.89234780812498
2018,FI_FSI_FSKA,Austria,6.87103074202291
2019,FI_FSI_FSKA,Austria,7.50821379217828
2020,FI_FSI_FSKA,Austria,7.26713946592396
2005,FI_FSI_FSKA,Armenia,21.5459003039343
2006,FI_FSI_FSKA,Armenia,22.9249264237646
2007,FI_FSI_FSKA,Armenia,22.4772305345731
2008,FI_FSI_FSKA,Armenia,20.4053322129654
2009,FI_FSI_FSKA,Armenia,20.9948105298055
2010,FI_FSI_FSKA,Armenia,17.7525801579801
2011,FI_FSI_FSKA,Armenia,14.9437272531708
2012,FI_FSI_FSKA,Armenia,13.5296315420868
2013,FI_FSI_FSKA,Armenia,12.6409406273296
2014,FI_FSI_FSKA,Armenia,11.6291669717805
2015,FI_FSI_FSKA,Armenia,11.8584501648748
2016,FI_FSI_FSKA,Armenia,12.9515014151532
2017,FI_FSI_FSKA,Armenia,12.7606199307314
2018,FI_FSI_FSKA,Armenia,12.5027652041209
2019,FI_FSI_FSKA,Armenia,11.8586401367831
2020,FI_FSI_FSKA,Armenia,11.5039275348061
2005,FI_FSI_FSKA,Belgium,7.86185860774988
2006,FI_FSI_FSKA,Belgium,3.04175824268251
2007,FI_FSI_FSKA,Belgium,4.29750948210309
2008,FI_FSI_FSKA,Belgium,3.8835393335523
2009,FI_FSI_FSKA,Belgium,4.52617221123913
2010,FI_FSI_FSKA,Belgium,5.02588260701211
2011,FI_FSI_FSKA,Belgium,4.9211814488282
2012,FI_FSI_FSKA,Belgium,5.33174062036665
2013,FI_FSI_FSKA,Belgium,5.78443559078967
2014,FI_FSI_FSKA,Belgium,5.37820418800116
2015,FI_FSI_FSKA,Belgium,5.68502314992685
2016,FI_FSI_FSKA,Belgium,5.87334161221032
2017,FI_FSI_FSKA,Belgium,6.34337174411597
2018,FI_FSI_FSKA,Belgium,6.33769140020729
2019,FI_FSI_FSKA,Belgium,6.23056877770938
2020,FI_FSI_FSKA,Belgium,6.25219150044764
2021,FI_FSI_FSKA,Belgium,6.17390054662305
2000,FI_FSI_FSKA,Bosnia and Herzegovina,20.439232259874
2001,FI_FSI_FSKA,Bosnia and Herzegovina,14.5276556119215
2002,FI_FSI_FSKA,Bosnia and Herzegovina,14.9329744356692
2003,FI_FSI_FSKA,Bosnia and Herzegovina,11.7934618614307
2004,FI_FSI_FSKA,Bosnia and Herzegovina,10.7372308611601
2005,FI_FSI_FSKA,Bosnia and Herzegovina,9.72960582201421
2006,FI_FSI_FSKA,Bosnia and Herzegovina,9.73688626796929
2007,FI_FSI_FSKA,Bosnia and Herzegovina,8.81780651745429
2008,FI_FSI_FSKA,Bosnia and Herzegovina,9.20404699400371
2009,FI_FSI_FSKA,Bosnia and Herzegovina,9.69789200026488
2010,FI_FSI_FSKA,Bosnia and Herzegovina,10.2770245780125
2011,FI_FSI_FSKA,Bosnia and Herzegovina,10.6136133018033
2012,FI_FSI_FSKA,Bosnia and Herzegovina,10.9337490886953
2013,FI_FSI_FSKA,Bosnia and Herzegovina,11.5376090431261
2014,FI_FSI_FSKA,Bosnia and Herzegovina,10.666361349263
2015,FI_FSI_FSKA,Bosnia and Herzegovina,10.0775141088994
2016,FI_FSI_FSKA,Bosnia and Herzegovina,10.8611634364823
2017,FI_FSI_FSKA,Bosnia and Herzegovina,10.6759898126584
2018,FI_FSI_FSKA,Bosnia and Herzegovina,10.4304601098
2019,FI_FSI_FSKA,Bosnia and Herzegovina,10.5108363786232
2020,FI_FSI_FSKA,Bosnia and Herzegovina,10.1870293872041
2021,FI_FSI_FSKA,Bosnia and Herzegovina,9.97461686926734
2008,FI_FSI_FSKA,Bulgaria,8.5563362653156
2009,FI_FSI_FSKA,Bulgaria,10.84215703164
2010,FI_FSI_FSKA,Bulgaria,10.4676943505694
2011,FI_FSI_FSKA,Bulgaria,10.7646981785138
2012,FI_FSI_FSKA,Bulgaria,10.0960726886888
2013,FI_FSI_FSKA,Bulgaria,10.3515203225993
2014,FI_FSI_FSKA,Bulgaria,11.5668782833913
2015,FI_FSI_FSKA,Bulgaria,12.0159015689814
2016,FI_FSI_FSKA,Bulgaria,11.6296074357592
2017,FI_FSI_FSKA,Bulgaria,11.3934047974268
2018,FI_FSI_FSKA,Bulgaria,10.8232721834834
2019,FI_FSI_FSKA,Bulgaria,11.594317854372
2020,FI_FSI_FSKA,Bulgaria,11.8822023363105
2010,FI_FSI_FSKA,Belarus,11.0965187240149
2011,FI_FSI_FSKA,Belarus,12.0225489372009
2012,FI_FSI_FSKA,Belarus,10.9835385205433
2013,FI_FSI_FSKA,Belarus,10.1769821077429
2014,FI_FSI_FSKA,Belarus,9.67766580307963
2015,FI_FSI_FSKA,Belarus,9.93939163995331
2016,FI_FSI_FSKA,Belarus,10.5859782359031
2017,FI_FSI_FSKA,Belarus,11.4954417188884
2018,FI_FSI_FSKA,Belarus,11.4812432073764
2019,FI_FSI_FSKA,Belarus,11.5463919967068
2020,FI_FSI_FSKA,Belarus,11.3681558222766
2021,FI_FSI_FSKA,Belarus,12.1401371939043
2005,FI_FSI_FSKA,Canada,4.50904265128511
2006,FI_FSI_FSKA,Canada,4.58166993633633
2007,FI_FSI_FSKA,Canada,4.22304366211909
2008,FI_FSI_FSKA,Canada,4.0461602097785
2009,FI_FSI_FSKA,Canada,4.75623982302236
2010,FI_FSI_FSKA,Canada,4.76631113956
2011,FI_FSI_FSKA,Canada,4.87671555885921
2012,FI_FSI_FSKA,Canada,4.61982973068852
2013,FI_FSI_FSKA,Canada,4.30271410755344
2014,FI_FSI_FSKA,Canada,4.4783876783578
2015,FI_FSI_FSKA,Canada,4.55248540735644
2016,FI_FSI_FSKA,Canada,4.65117202502206
2017,FI_FSI_FSKA,Canada,4.79472477595189
2018,FI_FSI_FSKA,Canada,4.78625179421219
2019,FI_FSI_FSKA,Canada,4.70198129157197
2020,FI_FSI_FSKA,Canada,4.55592854369171
2021,FI_FSI_FSKA,Canada,4.76800178849198
2001,FI_FSI_FSKA,Chile,7.44365162359176
2002,FI_FSI_FSKA,Chile,7.90303500003821
2003,FI_FSI_FSKA,Chile,7.8834135092372
2004,FI_FSI_FSKA,Chile,7.42285896371141
2005,FI_FSI_FSKA,Chile,7.10101814881614
2006,FI_FSI_FSKA,Chile,6.79388006091752
2007,FI_FSI_FSKA,Chile,6.90688679593399
2008,FI_FSI_FSKA,Chile,7.24915898284898
2009,FI_FSI_FSKA,Chile,7.85398409913412
2010,FI_FSI_FSKA,Chile,7.83995415608633
2011,FI_FSI_FSKA,Chile,7.73891260114948
2012,FI_FSI_FSKA,Chile,7.93992737990081
2013,FI_FSI_FSKA,Chile,7.91156845586094
2014,FI_FSI_FSKA,Chile,7.76993907852362
2015,FI_FSI_FSKA,Chile,7.36574053509472
2016,FI_FSI_FSKA,Chile,8.2490296702381
2017,FI_FSI_FSKA,Chile,8.28941482443367
2018,FI_FSI_FSKA,Chile,8.19181738377551
2019,FI_FSI_FSKA,Chile,7.33892973803531
2020,FI_FSI_FSKA,Chile,6.63929108433719
2021,FI_FSI_FSKA,Chile,6.65192868012311
2014,FI_FSI_FSKA,China,6.86070750816753
2015,FI_FSI_FSKA,China,7.06618760408165
2016,FI_FSI_FSKA,China,6.87223521109835
2017,FI_FSI_FSKA,China,7.08840806709445
2018,FI_FSI_FSKA,China,7.37794222742463
2019,FI_FSI_FSKA,China,7.57138184829879
2020,FI_FSI_FSKA,China,7.54175994025084
2021,FI_FSI_FSKA,China,7.75345301609578
2005,FI_FSI_FSKA,Colombia,8.59408808192789
2006,FI_FSI_FSKA,Colombia,8.72687533685099
2007,FI_FSI_FSKA,Colombia,9.39470293807273
2008,FI_FSI_FSKA,Colombia,9.04002871348989
2009,FI_FSI_FSKA,Colombia,9.80457832415508
2010,FI_FSI_FSKA,Colombia,9.79384919063988
2011,FI_FSI_FSKA,Colombia,10.233535978431
2012,FI_FSI_FSKA,Colombia,10.4630169388251
2013,FI_FSI_FSKA,Colombia,8.96216006550681
2014,FI_FSI_FSKA,Colombia,8.92944050877698
2015,FI_FSI_FSKA,Colombia,8.70103336460748
2016,FI_FSI_FSKA,Colombia,8.73123155064112
2017,FI_FSI_FSKA,Colombia,9.19236118254382
2018,FI_FSI_FSKA,Colombia,9.30006262490937
2019,FI_FSI_FSKA,Colombia,8.99214070044494
2020,FI_FSI_FSKA,Colombia,9.75367910427597
2021,FI_FSI_FSKA,Colombia,12.2214052258092
2008,FI_FSI_FSKA,Costa Rica,7.20570269428258
2009,FI_FSI_FSKA,Costa Rica,8.29236631508407
2010,FI_FSI_FSKA,Costa Rica,8.41416333423251
2011,FI_FSI_FSKA,Costa Rica,8.39413224095571
2012,FI_FSI_FSKA,Costa Rica,8.34838786391355
2013,FI_FSI_FSKA,Costa Rica,8.08716305212902
2014,FI_FSI_FSKA,Costa Rica,8.07500041179765
2015,FI_FSI_FSKA,Costa Rica,7.88716604842319
2016,FI_FSI_FSKA,Costa Rica,7.65624288794926
2017,FI_FSI_FSKA,Costa Rica,7.86208174768248
2018,FI_FSI_FSKA,Costa Rica,7.92473422099698
2019,FI_FSI_FSKA,Costa Rica,8.27361143615705
2020,FI_FSI_FSKA,Costa Rica,8.05041926109779
2021,FI_FSI_FSKA,Costa Rica,7.43273679069439
2022,FI_FSI_FSKA,Costa Rica,9.6905451498213
2021,FI_FSI_FSKA,Croatia,11.6425477501667
2008,FI_FSI_FSKA,Cyprus,4.26267885630056
2009,FI_FSI_FSKA,Cyprus,4.63488527505734
2010,FI_FSI_FSKA,Cyprus,6.00399735711519
2011,FI_FSI_FSKA,Cyprus,4.38694605574097
2012,FI_FSI_FSKA,Cyprus,3.79657259931127
2013,FI_FSI_FSKA,Cyprus,8.12294910290514
2014,FI_FSI_FSKA,Cyprus,9.57783632893941
2015,FI_FSI_FSKA,Cyprus,9.86910567244994
2016,FI_FSI_FSKA,Cyprus,10.1841003639361
2017,FI_FSI_FSKA,Cyprus,8.69778491699018
2018,FI_FSI_FSKA,Cyprus,8.10080559529895
2019,FI_FSI_FSKA,Cyprus,8.9201400679064
2020,FI_FSI_FSKA,Cyprus,8.6621137957118
2021,FI_FSI_FSKA,Cyprus,7.34038844640039
2005,FI_FSI_FSKA,Czechia,19.5337773383992
2007,FI_FSI_FSKA,Czechia,5.04308707793851
2008,FI_FSI_FSKA,Czechia,5.44559402433257
2009,FI_FSI_FSKA,Czechia,6.05432895380949
2010,FI_FSI_FSKA,Czechia,6.45344319456211
2011,FI_FSI_FSKA,Czechia,6.46273486055296
2012,FI_FSI_FSKA,Czechia,6.84600751136211
2013,FI_FSI_FSKA,Czechia,7.17579326112522
2014,FI_FSI_FSKA,Czechia,7.26746165220963
2015,FI_FSI_FSKA,Czechia,7.49087863999436
2016,FI_FSI_FSKA,Czechia,7.22772902801412
2017,FI_FSI_FSKA,Czechia,6.46241130104379
2018,FI_FSI_FSKA,Czechia,6.52009005338795
2019,FI_FSI_FSKA,Czechia,6.81838827125203
2020,FI_FSI_FSKA,Czechia,7.34036507017301
2021,FI_FSI_FSKA,Czechia,6.89515425057805
2005,FI_FSI_FSKA,Denmark,6.14434459967566
2006,FI_FSI_FSKA,Denmark,5.73891094358115
2007,FI_FSI_FSKA,Denmark,6.24080335115749
2008,FI_FSI_FSKA,Denmark,5.51643725044902
2009,FI_FSI_FSKA,Denmark,5.49293969650125
2010,FI_FSI_FSKA,Denmark,5.43221423673908
2011,FI_FSI_FSKA,Denmark,18.8515825040812
2012,FI_FSI_FSKA,Denmark,18.5209723415932
2013,FI_FSI_FSKA,Denmark,21.5676957874095
2014,FI_FSI_FSKA,Denmark,5.11626116632611
2015,FI_FSI_FSKA,Denmark,5.09551314591838
2016,FI_FSI_FSKA,Denmark,5.1392650088198
2017,FI_FSI_FSKA,Denmark,4.8842860668024
2018,FI_FSI_FSKA,Denmark,5.10154666878939
2019,FI_FSI_FSKA,Denmark,4.82945147545583
2020,FI_FSI_FSKA,Denmark,4.64546707811849
2021,FI_FSI_FSKA,Denmark,4.79075411315281
2008,FI_FSI_FSKA,Estonia,7.1406667873378
2009,FI_FSI_FSKA,Estonia,8.66183278135394
2010,FI_FSI_FSKA,Estonia,9.00580094150151
2011,FI_FSI_FSKA,Estonia,8.20051327149604
2012,FI_FSI_FSKA,Estonia,9.04806163615419
2013,FI_FSI_FSKA,Estonia,9.8749264718968
2014,FI_FSI_FSKA,Estonia,10.6800633483299
2015,FI_FSI_FSKA,Estonia,15.0486648783741
2016,FI_FSI_FSKA,Estonia,13.9638640124111
2017,FI_FSI_FSKA,Estonia,13.0952765067024
2018,FI_FSI_FSKA,Estonia,12.6974210538735
2019,FI_FSI_FSKA,Estonia,12.1046503114663
2020,FI_FSI_FSKA,Estonia,10.5469283348323
2021,FI_FSI_FSKA,Estonia,9.26624193499658
2007,FI_FSI_FSKA,Finland,6.07915470551844
2008,FI_FSI_FSKA,Finland,5.04959783379262
2009,FI_FSI_FSKA,Finland,4.76133278881495
2010,FI_FSI_FSKA,Finland,4.26358624091621
2011,FI_FSI_FSKA,Finland,3.64715289300604
2012,FI_FSI_FSKA,Finland,3.99955398497272
2013,FI_FSI_FSKA,Finland,4.09704120474371
2014,FI_FSI_FSKA,Finland,4.35706312340211
2015,FI_FSI_FSKA,Finland,5.42519167579409
2016,FI_FSI_FSKA,Finland,6.56997239440927
2017,FI_FSI_FSKA,Finland,5.48573151051527
2018,FI_FSI_FSKA,Finland,7.83653361719762
2019,FI_FSI_FSKA,Finland,5.88198439540966
2020,FI_FSI_FSKA,Finland,6.14251952164462
2021,FI_FSI_FSKA,Finland,6.12052593287218
2008,FI_FSI_FSKA,France,2.96443634829966
2009,FI_FSI_FSKA,France,3.65846380276455
2010,FI_FSI_FSKA,France,3.88993974941601
2011,FI_FSI_FSKA,France,3.89022617345404
2012,FI_FSI_FSKA,France,4.26650883747211
2013,FI_FSI_FSKA,France,4.53258062385818
2014,FI_FSI_FSKA,France,4.2366463637383
2015,FI_FSI_FSKA,France,4.67838137015214
2016,FI_FSI_FSKA,France,5.15137252858059
2017,FI_FSI_FSKA,France,5.37401395271466
2018,FI_FSI_FSKA,France,5.41296527913727
2019,FI_FSI_FSKA,France,5.4018377559901
2020,FI_FSI_FSKA,France,5.3043701499748
2021,FI_FSI_FSKA,France,5.26284521874151
2001,FI_FSI_FSKA,Georgia,24.3309570784225
2002,FI_FSI_FSKA,Georgia,19.5542841679761
2003,FI_FSI_FSKA,Georgia,18.2938834241566
2004,FI_FSI_FSKA,Georgia,17.5686256421803
2005,FI_FSI_FSKA,Georgia,14.2494618307523
2006,FI_FSI_FSKA,Georgia,16.9589653490917
2007,FI_FSI_FSKA,Georgia,15.7190186868295
2008,FI_FSI_FSKA,Georgia,16.1792214829569
2009,FI_FSI_FSKA,Georgia,15.5820156536606
2010,FI_FSI_FSKA,Georgia,12.7439690840371
2011,FI_FSI_FSKA,Georgia,11.9892039723695
2012,FI_FSI_FSKA,Georgia,13.58037264292
2013,FI_FSI_FSKA,Georgia,12.5916486672233
2014,FI_FSI_FSKA,Georgia,13.2151854999812
2015,FI_FSI_FSKA,Georgia,10.4317658870573
2016,FI_FSI_FSKA,Georgia,9.38293980613527
2017,FI_FSI_FSKA,Georgia,11.2974250111313
2018,FI_FSI_FSKA,Georgia,11.5503214868155
2019,FI_FSI_FSKA,Georgia,12.2781747717763
2020,FI_FSI_FSKA,Georgia,10.2938120344495
2021,FI_FSI_FSKA,Georgia,13.0395163956566
2022,FI_FSI_FSKA,Georgia,12.9608088839086
2005,FI_FSI_FSKA,Germany,4.07
2006,FI_FSI_FSKA,Germany,4.33
2007,FI_FSI_FSKA,Germany,4.27
2008,FI_FSI_FSKA,Germany,4.49
2009,FI_FSI_FSKA,Germany,4.81
2010,FI_FSI_FSKA,Germany,4.3
2011,FI_FSI_FSKA,Germany,4.36
2012,FI_FSI_FSKA,Germany,4.73
2013,FI_FSI_FSKA,Germany,5.45
2014,FI_FSI_FSKA,Germany,5.61
2015,FI_FSI_FSKA,Germany,5.94
2016,FI_FSI_FSKA,Germany,5.98
2017,FI_FSI_FSKA,Germany,6.33
2018,FI_FSI_FSKA,Germany,6.47
2019,FI_FSI_FSKA,Germany,6.31
2020,FI_FSI_FSKA,Germany,5.93
2021,FI_FSI_FSKA,Germany,5.94
2005,FI_FSI_FSKA,Greece,4.40371215061429
2008,FI_FSI_FSKA,Greece,3.4828321406596
2009,FI_FSI_FSKA,Greece,4.40632545846777
2010,FI_FSI_FSKA,Greece,5.31702891281937
2011,FI_FSI_FSKA,Greece,-1.26151865604048
2012,FI_FSI_FSKA,Greece,4.50391951035432
2013,FI_FSI_FSKA,Greece,7.2650484914582
2014,FI_FSI_FSKA,Greece,8.07355026882126
2015,FI_FSI_FSKA,Greece,10.1669047034253
2016,FI_FSI_FSKA,Greece,10.4331869506799
2017,FI_FSI_FSKA,Greece,11.997373253489
2018,FI_FSI_FSKA,Greece,10.7157998546345
2019,FI_FSI_FSKA,Greece,10.9783046101491
2020,FI_FSI_FSKA,Greece,8.83237171883536
2021,FI_FSI_FSKA,Greece,6.97082251307764
2008,FI_FSI_FSKA,Hungary,7.62972463475248
2009,FI_FSI_FSKA,Hungary,8.15787809182926
2010,FI_FSI_FSKA,Hungary,8.27069932264254
2011,FI_FSI_FSKA,Hungary,8.2932075613857
2012,FI_FSI_FSKA,Hungary,9.47369914991514
2013,FI_FSI_FSKA,Hungary,9.93087229122764
2014,FI_FSI_FSKA,Hungary,8.53741171287908
2015,FI_FSI_FSKA,Hungary,8.21715459074335
2016,FI_FSI_FSKA,Hungary,9.60256392469865
2017,FI_FSI_FSKA,Hungary,10.2612691911582
2018,FI_FSI_FSKA,Hungary,10.9666434812049
2019,FI_FSI_FSKA,Hungary,11.7071381480151
2020,FI_FSI_FSKA,Hungary,10.1245463509826
2021,FI_FSI_FSKA,Hungary,8.38151555227117
2014,FI_FSI_FSKA,Iceland,19.8982496745725
2015,FI_FSI_FSKA,Iceland,20.4659137390489
2016,FI_FSI_FSKA,Iceland,19.5263074044408
2017,FI_FSI_FSKA,Iceland,17.7493729526901
2018,FI_FSI_FSKA,Iceland,15.9261493408989
2019,FI_FSI_FSKA,Iceland,15.4438791390998
2020,FI_FSI_FSKA,Iceland,15.3815442567175
2021,FI_FSI_FSKA,Iceland,14.733190668004
2022,FI_FSI_FSKA,Iceland,13.4592327554287
2005,FI_FSI_FSKA,India,5.22982329166892
2008,FI_FSI_FSKA,India,6.32558822247969
2011,FI_FSI_FSKA,India,5.86709064425737
2012,FI_FSI_FSKA,India,6.1269010808579
2013,FI_FSI_FSKA,India,6.07239638921747
2014,FI_FSI_FSKA,India,6.31072146718646
2015,FI_FSI_FSKA,India,6.67847337958985
2016,FI_FSI_FSKA,India,6.70143866382393
2017,FI_FSI_FSKA,India,7.04073187631062
2018,FI_FSI_FSKA,India,6.89425620584035
2019,FI_FSI_FSKA,India,8.02536160742248
2020,FI_FSI_FSKA,India,7.81226700977292
2021,FI_FSI_FSKA,India,7.82632507203676
2005,FI_FSI_FSKA,Ireland,4.3110870812443
2006,FI_FSI_FSKA,Ireland,4.77301753548027
2007,FI_FSI_FSKA,Ireland,4.88101095626835
2008,FI_FSI_FSKA,Ireland,4.34843083959112
2009,FI_FSI_FSKA,Ireland,6.68806260936811
2010,FI_FSI_FSKA,Ireland,8.38672321121946
2011,FI_FSI_FSKA,Ireland,6.88355873380307
2012,FI_FSI_FSKA,Ireland,7.37427317357875
2013,FI_FSI_FSKA,Ireland,7.54114085828058
2014,FI_FSI_FSKA,Ireland,9.75377067054334
2015,FI_FSI_FSKA,Ireland,12.4905010662019
2016,FI_FSI_FSKA,Ireland,13.0090654023298
2017,FI_FSI_FSKA,Ireland,12.343982221468
2018,FI_FSI_FSKA,Ireland,13.1166300272989
2019,FI_FSI_FSKA,Ireland,11.9168558564756
2020,FI_FSI_FSKA,Ireland,10.3356476538231
2021,FI_FSI_FSKA,Ireland,9.9161767102243
2002,FI_FSI_FSKA,Israel,5.05704168640609
2003,FI_FSI_FSKA,Israel,5.30804457239681
2004,FI_FSI_FSKA,Israel,5.61521055151495
2005,FI_FSI_FSKA,Israel,5.63470722131716
2006,FI_FSI_FSKA,Israel,5.89202575946579
2007,FI_FSI_FSKA,Israel,6.24852842842024
2008,FI_FSI_FSKA,Israel,6.11421230635058
2009,FI_FSI_FSKA,Israel,6.4796341858498
2010,FI_FSI_FSKA,Israel,6.69775954397747
2011,FI_FSI_FSKA,Israel,6.33331473583468
2012,FI_FSI_FSKA,Israel,6.55407758215397
2013,FI_FSI_FSKA,Israel,6.90845904079772
2014,FI_FSI_FSKA,Israel,7.04463179293849
2015,FI_FSI_FSKA,Israel,7.01243842554849
2016,FI_FSI_FSKA,Israel,7.17401069874613
2017,FI_FSI_FSKA,Israel,7.34651591534258
2018,FI_FSI_FSKA,Israel,7.38245186914215
2019,FI_FSI_FSKA,Israel,7.50203863958273
2020,FI_FSI_FSKA,Israel,6.69310538926202
2021,FI_FSI_FSKA,Israel,6.33456117087344
2005,FI_FSI_FSKA,Italy,4.61242388248392
2006,FI_FSI_FSKA,Italy,4.60416400229058
2007,FI_FSI_FSKA,Italy,4.58925373403021
2008,FI_FSI_FSKA,Italy,4.08938520667557
2009,FI_FSI_FSKA,Italy,4.81644302856251
2010,FI_FSI_FSKA,Italy,4.97901089089455
2011,FI_FSI_FSKA,Italy,5.44795550454532
2012,FI_FSI_FSKA,Italy,5.38561894112228
2013,FI_FSI_FSKA,Italy,5.40437637297026
2014,FI_FSI_FSKA,Italy,5.88069247298708
2015,FI_FSI_FSKA,Italy,6.18553029060669
2016,FI_FSI_FSKA,Italy,5.49301015373371
2017,FI_FSI_FSKA,Italy,6.63508479542177
2018,FI_FSI_FSKA,Italy,6.33332010943286
2019,FI_FSI_FSKA,Italy,6.71281171151418
2020,FI_FSI_FSKA,Italy,6.60331222306056
2021,FI_FSI_FSKA,Italy,6.12242463285733
2008,FI_FSI_FSKA,Казахстан,12.3072423893155
2009,FI_FSI_FSKA,Казахстан,4.93936020471561
2010,FI_FSI_FSKA,Казахстан,10.170039820498
2011,FI_FSI_FSKA,Казахстан,10.1507935356438
2012,FI_FSI_FSKA,Казахстан,10.1997863598346
2013,FI_FSI_FSKA,Казахстан,9.84656111881687
2014,FI_FSI_FSKA,Казахстан,11.3275844801466
2015,FI_FSI_FSKA,Казахстан,10.2270536856602
2016,FI_FSI_FSKA,Казахстан,10.6723576848779
2017,FI_FSI_FSKA,Казахстан,11.9661819723633
2018,FI_FSI_FSKA,Казахстан,11.3255898968924
2019,FI_FSI_FSKA,Казахстан,12.7567888164857
2020,FI_FSI_FSKA,Казахстан,11.8366710341198
2005,FI_FSI_FSKA,Republic of Korea,17.9179293311817
2008,FI_FSI_FSKA,Republic of Korea,6.35232358433242
2009,FI_FSI_FSKA,Republic of Korea,7.23794646341449
2010,FI_FSI_FSKA,Republic of Korea,7.41001376639107
2011,FI_FSI_FSKA,Republic of Korea,7.04197176921143
2012,FI_FSI_FSKA,Republic of Korea,7.1447879320428
2013,FI_FSI_FSKA,Republic of Korea,7.39197255767049
2014,FI_FSI_FSKA,Republic of Korea,7.39431527974375
2015,FI_FSI_FSKA,Republic of Korea,7.25376726491187
2016,FI_FSI_FSKA,Republic of Korea,7.78634812340406
2017,FI_FSI_FSKA,Republic of Korea,7.92958400669791
2018,FI_FSI_FSKA,Republic of Korea,7.88168234892052
2019,FI_FSI_FSKA,Republic of Korea,7.73411060383636
2020,FI_FSI_FSKA,Republic of Korea,7.51046430039511
2021,FI_FSI_FSKA,Republic of Korea,7.44013259759772
2010,FI_FSI_FSKA,Кыргызстан,15.6106698385287
2011,FI_FSI_FSKA,Кыргызстан,16.030572886153
2012,FI_FSI_FSKA,Кыргызстан,14.2124706293436
2013,FI_FSI_FSKA,Кыргызстан,13.1963039063774
2014,FI_FSI_FSKA,Кыргызстан,11.6632140397999
2015,FI_FSI_FSKA,Кыргызстан,12.2120311951283
2016,FI_FSI_FSKA,Кыргызстан,13.9922401618409
2017,FI_FSI_FSKA,Кыргызстан,13.9016753127001
2018,FI_FSI_FSKA,Кыргызстан,13.3153828499605
2019,FI_FSI_FSKA,Кыргызстан,14.2930860329848
2020,FI_FSI_FSKA,Кыргызстан,13.8107747217725
2021,FI_FSI_FSKA,Кыргызстан,12.3503346516383
2022,FI_FSI_FSKA,Кыргызстан,11.2973510723104
2008,FI_FSI_FSKA,Latvia,10.2002658604449
2009,FI_FSI_FSKA,Latvia,11.4662785547543
2010,FI_FSI_FSKA,Latvia,10.415013025552
2011,FI_FSI_FSKA,Latvia,8.21446671419229
2012,FI_FSI_FSKA,Latvia,8.71126431069441
2013,FI_FSI_FSKA,Latvia,8.91123820977197
2014,FI_FSI_FSKA,Latvia,8.58479537618779
2015,FI_FSI_FSKA,Latvia,9.03147287308198
2016,FI_FSI_FSKA,Latvia,8.49258521521282
2017,FI_FSI_FSKA,Latvia,9.72233088632771
2018,FI_FSI_FSKA,Latvia,11.0621409236515
2019,FI_FSI_FSKA,Latvia,8.50213272939958
2020,FI_FSI_FSKA,Latvia,9.25494408594655
2021,FI_FSI_FSKA,Latvia,8.96661774433405
2008,FI_FSI_FSKA,Lithuania,34.5991729106961
2009,FI_FSI_FSKA,Lithuania,28.8194990037454
2010,FI_FSI_FSKA,Lithuania,33.8639515654577
2011,FI_FSI_FSKA,Lithuania,32.4555402384622
2012,FI_FSI_FSKA,Lithuania,45.0800158418597
2013,FI_FSI_FSKA,Lithuania,11.6346593720184
2014,FI_FSI_FSKA,Lithuania,11.2608745499325
2015,FI_FSI_FSKA,Lithuania,9.89325622703281
2016,FI_FSI_FSKA,Lithuania,7.74932763930901
2017,FI_FSI_FSKA,Lithuania,8.25494542625541
2018,FI_FSI_FSKA,Lithuania,8.05900717149571
2019,FI_FSI_FSKA,Lithuania,6.41309834562661
2020,FI_FSI_FSKA,Lithuania,5.89539260995003
2021,FI_FSI_FSKA,Lithuania,5.48365716205432
2008,FI_FSI_FSKA,Luxembourg,4.33501741653286
2009,FI_FSI_FSKA,Luxembourg,5.53732069049356
2010,FI_FSI_FSKA,Luxembourg,5.23441668004042
2011,FI_FSI_FSKA,Luxembourg,4.99762766316247
2012,FI_FSI_FSKA,Luxembourg,6.2837806517406
2013,FI_FSI_FSKA,Luxembourg,6.39190326438411
2014,FI_FSI_FSKA,Luxembourg,6.49562441480695
2015,FI_FSI_FSKA,Luxembourg,7.01051761355808
2016,FI_FSI_FSKA,Luxembourg,7.35565373285554
2017,FI_FSI_FSKA,Luxembourg,8.35098240479585
2018,FI_FSI_FSKA,Luxembourg,7.97870895703011
2019,FI_FSI_FSKA,Luxembourg,7.44086665982223
2020,FI_FSI_FSKA,Luxembourg,8.63865053727864
2021,FI_FSI_FSKA,Luxembourg,8.03297514860806
2005,FI_FSI_FSKA,Malta,7.56870461676475
2006,FI_FSI_FSKA,Malta,6.98246338719549
2007,FI_FSI_FSKA,Malta,6.5818311184714
2008,FI_FSI_FSKA,Malta,6.30015689596002
2009,FI_FSI_FSKA,Malta,6.72398944853304
2010,FI_FSI_FSKA,Malta,5.80361618389437
2011,FI_FSI_FSKA,Malta,5.8580963627746
2012,FI_FSI_FSKA,Malta,6.06773694234154
2013,FI_FSI_FSKA,Malta,6.55250708579672
2014,FI_FSI_FSKA,Malta,5.46054456114402
2015,FI_FSI_FSKA,Malta,5.90027045402132
2016,FI_FSI_FSKA,Malta,6.40502020846628
2017,FI_FSI_FSKA,Malta,7.31420925681032
2018,FI_FSI_FSKA,Malta,7.75955914240081
2019,FI_FSI_FSKA,Malta,8.12309700319801
2020,FI_FSI_FSKA,Malta,7.93402953773633
2021,FI_FSI_FSKA,Malta,7.5657319257965
2005,FI_FSI_FSKA,Mexico,7.67386956333956
2006,FI_FSI_FSKA,Mexico,8.75421645126092
2007,FI_FSI_FSKA,Mexico,9.20601880146874
2008,FI_FSI_FSKA,Mexico,9.26703960140389
2009,FI_FSI_FSKA,Mexico,9.88565799396453
2010,FI_FSI_FSKA,Mexico,9.63558328195112
2011,FI_FSI_FSKA,Mexico,8.89157267044717
2012,FI_FSI_FSKA,Mexico,9.3523758332804
2013,FI_FSI_FSKA,Mexico,8.95995332199604
2014,FI_FSI_FSKA,Mexico,9.36725269015941
2015,FI_FSI_FSKA,Mexico,8.66007590129692
2016,FI_FSI_FSKA,Mexico,8.38446079492268
2017,FI_FSI_FSKA,Mexico,9.06866638092056
2018,FI_FSI_FSKA,Mexico,9.13097972814708
2019,FI_FSI_FSKA,Mexico,9.80458894958446
2020,FI_FSI_FSKA,Mexico,9.73369120198331
2021,FI_FSI_FSKA,Mexico,10.8444290021733
2022,FI_FSI_FSKA,Mexico,9.85501085137568
2009,FI_FSI_FSKA,Republic of Moldova,15.8517802526817
2010,FI_FSI_FSKA,Republic of Moldova,15.7151866239762
2011,FI_FSI_FSKA,Republic of Moldova,15.578144297994
2012,FI_FSI_FSKA,Republic of Moldova,12.4208760231702
2013,FI_FSI_FSKA,Republic of Moldova,10.6509164310285
2014,FI_FSI_FSKA,Republic of Moldova,10.9775049331323
2015,FI_FSI_FSKA,Republic of Moldova,13.0613667246001
2016,FI_FSI_FSKA,Republic of Moldova,12.9683830563482
2017,FI_FSI_FSKA,Republic of Moldova,12.8284153963309
2018,FI_FSI_FSKA,Republic of Moldova,12.872702613354
2019,FI_FSI_FSKA,Republic of Moldova,12.5585345181765
2020,FI_FSI_FSKA,Republic of Moldova,12.8766778199827
2021,FI_FSI_FSKA,Republic of Moldova,12.3733032241753
2006,FI_FSI_FSKA,Montenegro,9.278288949291
2007,FI_FSI_FSKA,Montenegro,6.99976602940986
2008,FI_FSI_FSKA,Montenegro,8.76502759605075
2009,FI_FSI_FSKA,Montenegro,9.5856054186088
2010,FI_FSI_FSKA,Montenegro,9.32122271146935
2011,FI_FSI_FSKA,Montenegro,10.0589430152621
2012,FI_FSI_FSKA,Montenegro,9.02145181701268
2013,FI_FSI_FSKA,Montenegro,8.16154484326269
2014,FI_FSI_FSKA,Montenegro,8.88808525596183
2015,FI_FSI_FSKA,Montenegro,8.61830334633787
2016,FI_FSI_FSKA,Montenegro,8.57177331652092
2017,FI_FSI_FSKA,Montenegro,8.54431526466382
2018,FI_FSI_FSKA,Montenegro,8.35095490798902
2019,FI_FSI_FSKA,Montenegro,10.0091859511862
2020,FI_FSI_FSKA,Montenegro,9.88139864369675
2021,FI_FSI_FSKA,Montenegro,9.20410780676035
2008,FI_FSI_FSKA,Netherlands (Kingdom of the),3.54668230487192
2009,FI_FSI_FSKA,Netherlands (Kingdom of the),4.4177396483715
2010,FI_FSI_FSKA,Netherlands (Kingdom of the),4.4357408676855
2011,FI_FSI_FSKA,Netherlands (Kingdom of the),4.32628856172995
2012,FI_FSI_FSKA,Netherlands (Kingdom of the),4.55918624957978
2013,FI_FSI_FSKA,Netherlands (Kingdom of the),4.79495406116236
2014,FI_FSI_FSKA,Netherlands (Kingdom of the),4.59325915581999
2015,FI_FSI_FSKA,Netherlands (Kingdom of the),5.07310585106144
2016,FI_FSI_FSKA,Netherlands (Kingdom of the),5.45629052490244
2017,FI_FSI_FSKA,Netherlands (Kingdom of the),5.70534420599312
2018,FI_FSI_FSKA,Netherlands (Kingdom of the),5.8296435338352
2019,FI_FSI_FSKA,Netherlands (Kingdom of the),5.99267433646047
2020,FI_FSI_FSKA,Netherlands (Kingdom of the),5.62387986206838
2021,FI_FSI_FSKA,Netherlands (Kingdom of the),5.83091498316707
2008,FI_FSI_FSKA,Poland,7.54273218486621
2009,FI_FSI_FSKA,Poland,8.08424274283095
2010,FI_FSI_FSKA,Poland,8.19847638274342
2011,FI_FSI_FSKA,Poland,7.81802025057591
2012,FI_FSI_FSKA,Poland,8.69342901326147
2013,FI_FSI_FSKA,Poland,9.09819450894361
2014,FI_FSI_FSKA,Poland,8.93797496385428
2015,FI_FSI_FSKA,Poland,9.36957556840662
2016,FI_FSI_FSKA,Poland,9.51434312460356
2017,FI_FSI_FSKA,Poland,10.0177818195465
2018,FI_FSI_FSKA,Poland,8.74212583250818
2019,FI_FSI_FSKA,Poland,8.52328344979497
2020,FI_FSI_FSKA,Poland,7.80919902161207
2021,FI_FSI_FSKA,Poland,6.74652828003407
2005,FI_FSI_FSKA,Portugal,6.17598140010812
2006,FI_FSI_FSKA,Portugal,6.50537745437133
2007,FI_FSI_FSKA,Portugal,4.61443076560523
2008,FI_FSI_FSKA,Portugal,4.43715709395348
2009,FI_FSI_FSKA,Portugal,5.08878759962213
2010,FI_FSI_FSKA,Portugal,5.14474111116866
2011,FI_FSI_FSKA,Portugal,5.07172575956405
2012,FI_FSI_FSKA,Portugal,6.63041348692
2013,FI_FSI_FSKA,Portugal,6.74662853927924
2014,FI_FSI_FSKA,Portugal,6.41862362577497
2015,FI_FSI_FSKA,Portugal,7.16937013294391
2016,FI_FSI_FSKA,Portugal,6.50912717272776
2017,FI_FSI_FSKA,Portugal,7.63271285385605
2018,FI_FSI_FSKA,Portugal,7.01355268670888
2019,FI_FSI_FSKA,Portugal,7.63247910791789
2020,FI_FSI_FSKA,Portugal,7.36972327121168
2021,FI_FSI_FSKA,Portugal,6.61793895963021
2011,FI_FSI_FSKA,Romania,8.0723723842756
2012,FI_FSI_FSKA,Romania,8.01952585078312
2013,FI_FSI_FSKA,Romania,7.95696644289845
2014,FI_FSI_FSKA,Romania,7.38359019833843
2015,FI_FSI_FSKA,Romania,8.17832099493576
2016,FI_FSI_FSKA,Romania,8.92436205660615
2017,FI_FSI_FSKA,Romania,8.88864619461054
2018,FI_FSI_FSKA,Romania,9.34211576597437
2019,FI_FSI_FSKA,Romania,10.1990810675071
2020,FI_FSI_FSKA,Romania,10.3263743113916
2021,FI_FSI_FSKA,Romania,8.61977114859705
2005,FI_FSI_FSKA,Slovakia,5.81822540668461
2008,FI_FSI_FSKA,Slovakia,5.87375878453383
2009,FI_FSI_FSKA,Slovakia,7.15060241596615
2010,FI_FSI_FSKA,Slovakia,7.20044556619603
2011,FI_FSI_FSKA,Slovakia,7.38675722976325
2012,FI_FSI_FSKA,Slovakia,7.97466630039857
2013,FI_FSI_FSKA,Slovakia,7.56089897018663
2014,FI_FSI_FSKA,Slovakia,7.68843525323845
2015,FI_FSI_FSKA,Slovakia,7.67578361556107
2016,FI_FSI_FSKA,Slovakia,7.32132188353974
2017,FI_FSI_FSKA,Slovakia,7.46188333876709
2018,FI_FSI_FSKA,Slovakia,7.35267808828275
2019,FI_FSI_FSKA,Slovakia,7.25977679932904
2020,FI_FSI_FSKA,Slovakia,7.28797365139008
2021,FI_FSI_FSKA,Slovakia,7.59887163228419
2008,FI_FSI_FSKA,Viet Nam,8.49660483267178
2009,FI_FSI_FSKA,Viet Nam,7.74991935028793
2010,FI_FSI_FSKA,Viet Nam,6.69884374235195
2011,FI_FSI_FSKA,Viet Nam,7.57910664692136
2012,FI_FSI_FSKA,Viet Nam,7.97137046755677
2013,FI_FSI_FSKA,Viet Nam,7.41635746688502
2014,FI_FSI_FSKA,Viet Nam,6.86384985813915
2015,FI_FSI_FSKA,Viet Nam,6.33740826221559
2016,FI_FSI_FSKA,Viet Nam,5.61605826300673
2017,FI_FSI_FSKA,Viet Nam,5.19387817397176
2018,FI_FSI_FSKA,Viet Nam,5.72640411911641
2019,FI_FSI_FSKA,Viet Nam,5.76740721151145
2020,FI_FSI_FSKA,Viet Nam,7.18670543745059
2021,FI_FSI_FSKA,Viet Nam,7.51457650170697
2008,FI_FSI_FSKA,Slovenia,8.52413818308396
2009,FI_FSI_FSKA,Slovenia,8.09947375410093
2010,FI_FSI_FSKA,Slovenia,7.51181119049074
2011,FI_FSI_FSKA,Slovenia,7.77401945560563
2012,FI_FSI_FSKA,Slovenia,7.5283570351795
2013,FI_FSI_FSKA,Slovenia,8.15850455733114
2014,FI_FSI_FSKA,Slovenia,10.2605395419742
2015,FI_FSI_FSKA,Slovenia,11.1521213582355
2016,FI_FSI_FSKA,Slovenia,11.5630790522057
2017,FI_FSI_FSKA,Slovenia,11.5458297083325
2018,FI_FSI_FSKA,Slovenia,10.6882483889617
2019,FI_FSI_FSKA,Slovenia,10.6112869811398
2020,FI_FSI_FSKA,Slovenia,9.52283689786663
2021,FI_FSI_FSKA,Slovenia,9.16603251735785
2022,FI_FSI_FSKA,Slovenia,9.07114402173714
2012,FI_FSI_FSKA,Spain,4.53505751255773
2013,FI_FSI_FSKA,Spain,5.33995094763897
2014,FI_FSI_FSKA,Spain,5.61507541855652
2015,FI_FSI_FSKA,Spain,6.00001242462912
2016,FI_FSI_FSKA,Spain,6.15140677490154
2017,FI_FSI_FSKA,Spain,6.05560632654632
2018,FI_FSI_FSKA,Spain,6.04633140039262
2019,FI_FSI_FSKA,Spain,6.09899130680541
2020,FI_FSI_FSKA,Spain,5.91090648276954
2021,FI_FSI_FSKA,Spain,5.78324237360126
2016,FI_FSI_FSKA,Sweden,5.60558774538325
2017,FI_FSI_FSKA,Sweden,5.63519438919293
2018,FI_FSI_FSKA,Sweden,5.38349189854714
2019,FI_FSI_FSKA,Sweden,5.65963915420548
2020,FI_FSI_FSKA,Sweden,5.66657186906629
2021,FI_FSI_FSKA,Sweden,6.5241327007721
2005,FI_FSI_FSKA,Switzerland,6.93464044371932
2006,FI_FSI_FSKA,Switzerland,6.48851453820897
2007,FI_FSI_FSKA,Switzerland,6.04732781329616
2008,FI_FSI_FSKA,Switzerland,6.82046607411273
2009,FI_FSI_FSKA,Switzerland,8.51122266859249
2010,FI_FSI_FSKA,Switzerland,5.40141433444005
2011,FI_FSI_FSKA,Switzerland,5.54786930868647
2012,FI_FSI_FSKA,Switzerland,5.50258174332341
2013,FI_FSI_FSKA,Switzerland,6.12922696123063
2014,FI_FSI_FSKA,Switzerland,6.85289678961418
2015,FI_FSI_FSKA,Switzerland,7.29080600484367
2016,FI_FSI_FSKA,Switzerland,7.12062909171045
2017,FI_FSI_FSKA,Switzerland,8.01710711367974
2018,FI_FSI_FSKA,Switzerland,8.30050983901524
2019,FI_FSI_FSKA,Switzerland,8.5879863137146
2020,FI_FSI_FSKA,Switzerland,8.12586633711488
2021,FI_FSI_FSKA,Switzerland,7.70484399222499
2010,FI_FSI_FSKA,Таджикистан,15.0798799393914
2011,FI_FSI_FSKA,Таджикистан,13.5639823510104
2012,FI_FSI_FSKA,Таджикистан,15.6129672176544
2013,FI_FSI_FSKA,Таджикистан,16.4511104573787
2014,FI_FSI_FSKA,Таджикистан,10.8218554441212
2015,FI_FSI_FSKA,Таджикистан,12.0626314465578
2016,FI_FSI_FSKA,Таджикистан,25.4531339058565
2017,FI_FSI_FSKA,Таджикистан,26.5927107372185
2018,FI_FSI_FSKA,Таджикистан,27.0417009043029
2019,FI_FSI_FSKA,Таджикистан,27.3758216756443
2020,FI_FSI_FSKA,Таджикистан,26.266746291981
2021,FI_FSI_FSKA,Таджикистан,20.9222699816233
2009,FI_FSI_FSKA,United Arab Emirates,12.7087219554461
2010,FI_FSI_FSKA,United Arab Emirates,11.9573349173135
2011,FI_FSI_FSKA,United Arab Emirates,12.5956019975254
2012,FI_FSI_FSKA,United Arab Emirates,12.993306020068
2013,FI_FSI_FSKA,United Arab Emirates,12.5403877289777
2014,FI_FSI_FSKA,United Arab Emirates,12.5184598126835
2015,FI_FSI_FSKA,United Arab Emirates,12.8540035694888
2016,FI_FSI_FSKA,United Arab Emirates,13.1515333766196
2017,FI_FSI_FSKA,United Arab Emirates,12.871175027192
2018,FI_FSI_FSKA,United Arab Emirates,12.1610965391164
2019,FI_FSI_FSKA,United Arab Emirates,12.4301031322425
2020,FI_FSI_FSKA,United Arab Emirates,12.3081785895039
2021,FI_FSI_FSKA,United Arab Emirates,11.8260714068531
2022,FI_FSI_FSKA,United Arab Emirates,11.2867668498435
2005,FI_FSI_FSKA,Türkiye,12.312423540933
2006,FI_FSI_FSKA,Türkiye,11.7157814952208
2007,FI_FSI_FSKA,Türkiye,12.8333897205986
2008,FI_FSI_FSKA,Türkiye,12.09170531708
2009,FI_FSI_FSKA,Türkiye,12.4929387018598
2010,FI_FSI_FSKA,Türkiye,12.2794464333769
2011,FI_FSI_FSKA,Türkiye,11.7100822807637
2012,FI_FSI_FSKA,Türkiye,12.1032143546042
2013,FI_FSI_FSKA,Türkiye,10.9455943072528
2014,FI_FSI_FSKA,Türkiye,11.5920383219933
2015,FI_FSI_FSKA,Türkiye,11.0013146061286
2016,FI_FSI_FSKA,Türkiye,10.7279929300049
2017,FI_FSI_FSKA,Türkiye,10.7199157851099
2018,FI_FSI_FSKA,Türkiye,10.7939209819866
2019,FI_FSI_FSKA,Türkiye,11.7487038778921
2020,FI_FSI_FSKA,Türkiye,10.5450686565039
2021,FI_FSI_FSKA,Türkiye,7.17980140532299
2005,FI_FSI_FSKA,Ukraine,9.53246716521554
2006,FI_FSI_FSKA,Ukraine,9.26293927147304
2007,FI_FSI_FSKA,Ukraine,8.75316997417969
2008,FI_FSI_FSKA,Ukraine,10.5973316686301
2009,FI_FSI_FSKA,Ukraine,12.1575133261736
2010,FI_FSI_FSKA,Ukraine,12.3928800027842
2011,FI_FSI_FSKA,Ukraine,12.5473272680795
2012,FI_FSI_FSKA,Ukraine,12.1090481980515
2013,FI_FSI_FSKA,Ukraine,12.2089558587239
2014,FI_FSI_FSKA,Ukraine,10.3178985462767
2015,FI_FSI_FSKA,Ukraine,6.90972750498834
2016,FI_FSI_FSKA,Ukraine,6.07601156561548
2017,FI_FSI_FSKA,Ukraine,6.49197722014219
2018,FI_FSI_FSKA,Ukraine,6.02743159490985
2019,FI_FSI_FSKA,Ukraine,6.93971027112341
2020,FI_FSI_FSKA,Ukraine,7.18655634764637
2021,FI_FSI_FSKA,Ukraine,6.88784549572173
2005,FI_FSI_FSKA,North Macedonia,15.3788047958101
2006,FI_FSI_FSKA,North Macedonia,12.8542369672912
2007,FI_FSI_FSKA,North Macedonia,11.4165245837291
2008,FI_FSI_FSKA,North Macedonia,11.6966326443551
2009,FI_FSI_FSKA,North Macedonia,11.0303582106798
2010,FI_FSI_FSKA,North Macedonia,10.300777641982
2011,FI_FSI_FSKA,North Macedonia,10.6796686794882
2012,FI_FSI_FSKA,North Macedonia,10.7193534298928
2013,FI_FSI_FSKA,North Macedonia,10.5667508197075
2014,FI_FSI_FSKA,North Macedonia,9.91784416428484
2015,FI_FSI_FSKA,North Macedonia,10.1817930147926
2016,FI_FSI_FSKA,North Macedonia,10.1853648011785
2017,FI_FSI_FSKA,North Macedonia,9.82334580191848
2018,FI_FSI_FSKA,North Macedonia,10.3249369000384
2019,FI_FSI_FSKA,North Macedonia,10.2443720640152
2020,FI_FSI_FSKA,North Macedonia,10.3789075399371
2021,FI_FSI_FSKA,North Macedonia,10.5128570699218
2005,FI_FSI_FSKA,United Kingdom of Great Britain and Northern Ireland,4.21689290154443
2008,FI_FSI_FSKA,United Kingdom of Great Britain and Northern Ireland,3.28295931568749
2009,FI_FSI_FSKA,United Kingdom of Great Britain and Northern Ireland,4.21560573168895
2010,FI_FSI_FSKA,United Kingdom of Great Britain and Northern Ireland,4.46978809972292
2011,FI_FSI_FSKA,United Kingdom of Great Britain and Northern Ireland,4.31505226672907
2012,FI_FSI_FSKA,United Kingdom of Great Britain and Northern Ireland,4.68267915880647
2013,FI_FSI_FSKA,United Kingdom of Great Britain and Northern Ireland,5.20138277526487
2014,FI_FSI_FSKA,United Kingdom of Great Britain and Northern Ireland,4.36557405527404
2017,FI_FSI_FSKA,Узбекистан,10.578473273249
2018,FI_FSI_FSKA,Узбекистан,10.3284698283102
2019,FI_FSI_FSKA,Узбекистан,16.6576098282181
2020,FI_FSI_FSKA,Узбекистан,13.1495847350433
2021,FI_FSI_FSKA,Узбекистан,13.1762825696463
2022,FI_FSI_FSKA,Узбекистан,12.1767268955231
2022,FI_FSI_FSKA,Узбекистан,12.1767268955231
