Year,SeriesCode,Страна ,Value
2014,EN_EWT_GENV,Austria,76.7
2015,EN_EWT_GENV,Austria,78.9
2016,EN_EWT_GENV,Austria,83.1
2017,EN_EWT_GENV,Austria,113.5
2018,EN_EWT_GENV,Austria,114.9
2013,EN_EWT_GENV,Czechia,10.53
2014,EN_EWT_GENV,Czechia,10.308
2015,EN_EWT_GENV,Czechia,10.48
2016,EN_EWT_GENV,Czechia,11.442
2017,EN_EWT_GENV,Czechia,10.115
2018,EN_EWT_GENV,Czechia,13.102
2011,EN_EWT_GENV,Denmark,52.0
2012,EN_EWT_GENV,Denmark,44.0
2013,EN_EWT_GENV,Denmark,54.0
2014,EN_EWT_GENV,Denmark,29.0
2015,EN_EWT_GENV,Denmark,32.0
2016,EN_EWT_GENV,Denmark,58.0
2017,EN_EWT_GENV,Denmark,40.0
2018,EN_EWT_GENV,Denmark,69.0
2004,EN_EWT_GENV,Estonia,0.41
2005,EN_EWT_GENV,Estonia,0.51
2006,EN_EWT_GENV,Estonia,1.94
2007,EN_EWT_GENV,Estonia,2.88
2008,EN_EWT_GENV,Estonia,3.33
2009,EN_EWT_GENV,Estonia,2.97
2010,EN_EWT_GENV,Estonia,2.59
2011,EN_EWT_GENV,Estonia,4.01
2012,EN_EWT_GENV,Estonia,2.98
2013,EN_EWT_GENV,Estonia,2.61
2014,EN_EWT_GENV,Estonia,3.52
2015,EN_EWT_GENV,Estonia,4.4
2016,EN_EWT_GENV,Estonia,5.48
2017,EN_EWT_GENV,Estonia,6.26
2018,EN_EWT_GENV,Estonia,7.05
2006,EN_EWT_GENV,Finland,40.11
2007,EN_EWT_GENV,Finland,47.69
2008,EN_EWT_GENV,Finland,54.48
2009,EN_EWT_GENV,Finland,46.15
2010,EN_EWT_GENV,Finland,49.75
2011,EN_EWT_GENV,Finland,51.72
2012,EN_EWT_GENV,Finland,65.76
2013,EN_EWT_GENV,Finland,39.22
2014,EN_EWT_GENV,Finland,59.37
2015,EN_EWT_GENV,Finland,63.603
2016,EN_EWT_GENV,Finland,56.96
2017,EN_EWT_GENV,Finland,54.05
2018,EN_EWT_GENV,Finland,57.48
2005,EN_EWT_GENV,France,92.0
2006,EN_EWT_GENV,France,139.0
2007,EN_EWT_GENV,France,186.0
2008,EN_EWT_GENV,France,251.0
2009,EN_EWT_GENV,France,316.0
2010,EN_EWT_GENV,France,350.0
2011,EN_EWT_GENV,France,384.0
2012,EN_EWT_GENV,France,388.0
2013,EN_EWT_GENV,France,391.0
2014,EN_EWT_GENV,France,417.0
2015,EN_EWT_GENV,France,443.0
2016,EN_EWT_GENV,France,482.0
2017,EN_EWT_GENV,France,521.0
2018,EN_EWT_GENV,France,547.0
2021,EN_EWT_GENV,Georgia,29000.0
2006,EN_EWT_GENV,Germany,409.0
2007,EN_EWT_GENV,Germany,396.0
2008,EN_EWT_GENV,Germany,469.0
2009,EN_EWT_GENV,Germany,605.0
2010,EN_EWT_GENV,Germany,586.0
2011,EN_EWT_GENV,Germany,591.0
2012,EN_EWT_GENV,Germany,623.0
2013,EN_EWT_GENV,Germany,597.0
2014,EN_EWT_GENV,Germany,598.0
2015,EN_EWT_GENV,Germany,591.0
2016,EN_EWT_GENV,Germany,617.0
2017,EN_EWT_GENV,Germany,669.0
2018,EN_EWT_GENV,Germany,724.0
2005,EN_EWT_GENV,Hungary,2.0
2006,EN_EWT_GENV,Hungary,6.0
2007,EN_EWT_GENV,Hungary,9.0
2008,EN_EWT_GENV,Hungary,13.0
2009,EN_EWT_GENV,Hungary,18.0
2010,EN_EWT_GENV,Hungary,16.0
2011,EN_EWT_GENV,Hungary,12.0
2012,EN_EWT_GENV,Hungary,14.0
2013,EN_EWT_GENV,Hungary,17.0
2014,EN_EWT_GENV,Hungary,19.0
2015,EN_EWT_GENV,Hungary,20.0
2016,EN_EWT_GENV,Hungary,21.0
2017,EN_EWT_GENV,Hungary,24.0
2018,EN_EWT_GENV,Hungary,31.0
2009,EN_EWT_GENV,Iceland,6.0
2010,EN_EWT_GENV,Iceland,7.0
2011,EN_EWT_GENV,Iceland,8.0
2012,EN_EWT_GENV,Iceland,8.0
2013,EN_EWT_GENV,Iceland,8.0
2014,EN_EWT_GENV,Iceland,9.0
2015,EN_EWT_GENV,Iceland,2.9
2016,EN_EWT_GENV,Iceland,3.3
2017,EN_EWT_GENV,Iceland,3.9
2014,EN_EWT_GENV,Ireland,37.27
2015,EN_EWT_GENV,Ireland,37.27
2016,EN_EWT_GENV,Ireland,44.699
2017,EN_EWT_GENV,Ireland,46.928
2018,EN_EWT_GENV,Ireland,52.382
2016,EN_EWT_GENV,Казахстан,890.0
2017,EN_EWT_GENV,Казахстан,10328.67
2018,EN_EWT_GENV,Казахстан,4000.0
2019,EN_EWT_GENV,Казахстан,1320.0
2006,EN_EWT_GENV,Latvia,0.95
2007,EN_EWT_GENV,Latvia,2.93
2008,EN_EWT_GENV,Latvia,4.14
2009,EN_EWT_GENV,Latvia,2.04
2010,EN_EWT_GENV,Latvia,3.19
2011,EN_EWT_GENV,Latvia,2.22
2012,EN_EWT_GENV,Latvia,3.96
2013,EN_EWT_GENV,Latvia,3.69
2014,EN_EWT_GENV,Latvia,3.12
2015,EN_EWT_GENV,Latvia,2.5
2016,EN_EWT_GENV,Latvia,2.9
2017,EN_EWT_GENV,Latvia,5.09
2018,EN_EWT_GENV,Latvia,7.04
2004,EN_EWT_GENV,Lithuania,0.012
2005,EN_EWT_GENV,Lithuania,0.087
2006,EN_EWT_GENV,Lithuania,0.63
2007,EN_EWT_GENV,Lithuania,10.284
2008,EN_EWT_GENV,Lithuania,10.135
2009,EN_EWT_GENV,Lithuania,6.102
2010,EN_EWT_GENV,Lithuania,7.152
2011,EN_EWT_GENV,Lithuania,8.772
2012,EN_EWT_GENV,Lithuania,10.68
2013,EN_EWT_GENV,Lithuania,14.43
2014,EN_EWT_GENV,Lithuania,20.354
2015,EN_EWT_GENV,Lithuania,14.295
2016,EN_EWT_GENV,Lithuania,11.817
2017,EN_EWT_GENV,Lithuania,11.18
2018,EN_EWT_GENV,Lithuania,12.189
2003,EN_EWT_GENV,Luxembourg,0.0
2004,EN_EWT_GENV,Luxembourg,0.0
2005,EN_EWT_GENV,Luxembourg,0.0
2006,EN_EWT_GENV,Luxembourg,0.0
2007,EN_EWT_GENV,Luxembourg,0.0
2008,EN_EWT_GENV,Luxembourg,0.0
2009,EN_EWT_GENV,Luxembourg,0.0
2010,EN_EWT_GENV,Luxembourg,0.0
2011,EN_EWT_GENV,Luxembourg,0.0
2012,EN_EWT_GENV,Luxembourg,0.0
2013,EN_EWT_GENV,Luxembourg,0.0
2014,EN_EWT_GENV,Luxembourg,0.0
2015,EN_EWT_GENV,Luxembourg,0.0
2016,EN_EWT_GENV,Luxembourg,0.0
2017,EN_EWT_GENV,Luxembourg,0.0
2018,EN_EWT_GENV,Luxembourg,0.0
2000,EN_EWT_GENV,Netherlands (Kingdom of the),58.0
2001,EN_EWT_GENV,Netherlands (Kingdom of the),73.0
2002,EN_EWT_GENV,Netherlands (Kingdom of the),77.0
2003,EN_EWT_GENV,Netherlands (Kingdom of the),90.0
2004,EN_EWT_GENV,Netherlands (Kingdom of the),91.0
2005,EN_EWT_GENV,Netherlands (Kingdom of the),91.0
2006,EN_EWT_GENV,Netherlands (Kingdom of the),90.0
2007,EN_EWT_GENV,Netherlands (Kingdom of the),94.0
2008,EN_EWT_GENV,Netherlands (Kingdom of the),101.0
2009,EN_EWT_GENV,Netherlands (Kingdom of the),102.0
2010,EN_EWT_GENV,Netherlands (Kingdom of the),104.0
2011,EN_EWT_GENV,Netherlands (Kingdom of the),106.0
2012,EN_EWT_GENV,Netherlands (Kingdom of the),101.0
2013,EN_EWT_GENV,Netherlands (Kingdom of the),95.0
2014,EN_EWT_GENV,Netherlands (Kingdom of the),95.0
2015,EN_EWT_GENV,Netherlands (Kingdom of the),96.0
2016,EN_EWT_GENV,Netherlands (Kingdom of the),97.0
2017,EN_EWT_GENV,Netherlands (Kingdom of the),97.0
2018,EN_EWT_GENV,Netherlands (Kingdom of the),101.0
2012,EN_EWT_GENV,Norway,43.36
2013,EN_EWT_GENV,Norway,45.85
2014,EN_EWT_GENV,Norway,46.91
2015,EN_EWT_GENV,Norway,47.99
2016,EN_EWT_GENV,Norway,28.47
2017,EN_EWT_GENV,Norway,82.37
2018,EN_EWT_GENV,Norway,87.98
2014,EN_EWT_GENV,Poland,26.0
2015,EN_EWT_GENV,Poland,29.0
2016,EN_EWT_GENV,Poland,30.0
2017,EN_EWT_GENV,Poland,19.0
2018,EN_EWT_GENV,Poland,37.0
2007,EN_EWT_GENV,Portugal,4.26
2008,EN_EWT_GENV,Portugal,6.51
2009,EN_EWT_GENV,Portugal,7.71
2010,EN_EWT_GENV,Portugal,6.08
2011,EN_EWT_GENV,Portugal,4.46
2012,EN_EWT_GENV,Portugal,3.41
2013,EN_EWT_GENV,Portugal,2.53
2014,EN_EWT_GENV,Portugal,2.31
2015,EN_EWT_GENV,Portugal,3.065
2016,EN_EWT_GENV,Portugal,3.703
2017,EN_EWT_GENV,Portugal,4.454
2018,EN_EWT_GENV,Portugal,5.784
2002,EN_EWT_GENV,Slovakia,0.18
2003,EN_EWT_GENV,Slovakia,0.32
2004,EN_EWT_GENV,Slovakia,1.06
2005,EN_EWT_GENV,Slovakia,2.13
2006,EN_EWT_GENV,Slovakia,3.03
2007,EN_EWT_GENV,Slovakia,4.96
2008,EN_EWT_GENV,Slovakia,6.22
2009,EN_EWT_GENV,Slovakia,7.65
2010,EN_EWT_GENV,Slovakia,6.93
2011,EN_EWT_GENV,Slovakia,7.86
2012,EN_EWT_GENV,Slovakia,7.76
2013,EN_EWT_GENV,Slovakia,7.85
2014,EN_EWT_GENV,Slovakia,7.59
2015,EN_EWT_GENV,Slovakia,8.17
2016,EN_EWT_GENV,Slovakia,11.1
2017,EN_EWT_GENV,Slovakia,12.06
2018,EN_EWT_GENV,Slovakia,15.54
2002,EN_EWT_GENV,Slovenia,0.51
2003,EN_EWT_GENV,Slovenia,0.36
2004,EN_EWT_GENV,Slovenia,1.83
2005,EN_EWT_GENV,Slovenia,2.15
2006,EN_EWT_GENV,Slovenia,0.87
2007,EN_EWT_GENV,Slovenia,2.67
2008,EN_EWT_GENV,Slovenia,2.47
2009,EN_EWT_GENV,Slovenia,3.32
2010,EN_EWT_GENV,Slovenia,3.4
2011,EN_EWT_GENV,Slovenia,4.18
2012,EN_EWT_GENV,Slovenia,3.96
2013,EN_EWT_GENV,Slovenia,5.09
2014,EN_EWT_GENV,Slovenia,5.42
2015,EN_EWT_GENV,Slovenia,7.51
2016,EN_EWT_GENV,Slovenia,8.19
2017,EN_EWT_GENV,Slovenia,9.35
2018,EN_EWT_GENV,Slovenia,10.18
2006,EN_EWT_GENV,Sweden,149.9
2007,EN_EWT_GENV,Sweden,160.2
2008,EN_EWT_GENV,Sweden,139.36
2009,EN_EWT_GENV,Sweden,142.77
2010,EN_EWT_GENV,Sweden,148.89
2011,EN_EWT_GENV,Sweden,165.83
2012,EN_EWT_GENV,Sweden,157.83
2013,EN_EWT_GENV,Sweden,166.21
2014,EN_EWT_GENV,Sweden,132.06
2015,EN_EWT_GENV,Sweden,119.51
2016,EN_EWT_GENV,Sweden,138.61
2017,EN_EWT_GENV,Sweden,138.61
2018,EN_EWT_GENV,Sweden,123.22
2010,EN_EWT_GENV,Ukraine,12900.0
2011,EN_EWT_GENV,Ukraine,6000.0
2012,EN_EWT_GENV,Ukraine,5900.0
2013,EN_EWT_GENV,Ukraine,8200.0
2014,EN_EWT_GENV,Ukraine,6400.0
2015,EN_EWT_GENV,Ukraine,7200.0
2016,EN_EWT_GENV,Ukraine,4000.0
2017,EN_EWT_GENV,Ukraine,4100.0
2018,EN_EWT_GENV,Ukraine,3800.0
2019,EN_EWT_GENV,Ukraine,4500.0
2019,EN_EWT_GENV,Ukraine,4500.0
