Year,SeriesCode,Страна ,Value
2014,EN_HAZ_TRTDISV,Albania,0.0
2000,EN_HAZ_TRTDISV,Azerbaijan,26783.0
2001,EN_HAZ_TRTDISV,Azerbaijan,4927.0
2002,EN_HAZ_TRTDISV,Azerbaijan,3342.0
2003,EN_HAZ_TRTDISV,Azerbaijan,11492.0
2004,EN_HAZ_TRTDISV,Azerbaijan,105165.0
2005,EN_HAZ_TRTDISV,Azerbaijan,5571.0
2006,EN_HAZ_TRTDISV,Azerbaijan,1435482.0
2007,EN_HAZ_TRTDISV,Azerbaijan,7677.0
2008,EN_HAZ_TRTDISV,Azerbaijan,69180.0
2009,EN_HAZ_TRTDISV,Azerbaijan,173658.0938
2010,EN_HAZ_TRTDISV,Azerbaijan,151291.9062
2011,EN_HAZ_TRTDISV,Azerbaijan,138281.5
2012,EN_HAZ_TRTDISV,Azerbaijan,205211.2031
2013,EN_HAZ_TRTDISV,Azerbaijan,152446.0
2014,EN_HAZ_TRTDISV,Azerbaijan,529106.5
2015,EN_HAZ_TRTDISV,Azerbaijan,382998.0
2016,EN_HAZ_TRTDISV,Azerbaijan,707768.0
2017,EN_HAZ_TRTDISV,Azerbaijan,216837.0
2018,EN_HAZ_TRTDISV,Azerbaijan,283600.0
2019,EN_HAZ_TRTDISV,Azerbaijan,254450.0
2020,EN_HAZ_TRTDISV,Azerbaijan,296370.0
2021,EN_HAZ_TRTDISV,Azerbaijan,299042.0
2004,EN_HAZ_TRTDISV,Austria,861967.0
2006,EN_HAZ_TRTDISV,Austria,335042.0
2008,EN_HAZ_TRTDISV,Austria,395221.0
2010,EN_HAZ_TRTDISV,Austria,401082.0
2012,EN_HAZ_TRTDISV,Austria,338860.0
2014,EN_HAZ_TRTDISV,Austria,440136.0
2016,EN_HAZ_TRTDISV,Austria,448518.0
2018,EN_HAZ_TRTDISV,Austria,458489.0
2020,EN_HAZ_TRTDISV,Austria,402927.0
2000,EN_HAZ_TRTDISV,Armenia,381578.0
2001,EN_HAZ_TRTDISV,Armenia,375500.0
2002,EN_HAZ_TRTDISV,Armenia,377900.0
2003,EN_HAZ_TRTDISV,Armenia,344095.0
2004,EN_HAZ_TRTDISV,Armenia,351400.0
2005,EN_HAZ_TRTDISV,Armenia,346325.0
2006,EN_HAZ_TRTDISV,Armenia,352279.0
2007,EN_HAZ_TRTDISV,Armenia,362275.0
2008,EN_HAZ_TRTDISV,Armenia,437258.53125
2009,EN_HAZ_TRTDISV,Armenia,441023.5625
2010,EN_HAZ_TRTDISV,Armenia,435397.78125
2011,EN_HAZ_TRTDISV,Armenia,462895.8125
2012,EN_HAZ_TRTDISV,Armenia,470505.6875
2013,EN_HAZ_TRTDISV,Armenia,579049.8125
2014,EN_HAZ_TRTDISV,Armenia,576419.375
2015,EN_HAZ_TRTDISV,Armenia,555076.5625
2016,EN_HAZ_TRTDISV,Armenia,615470.625
2017,EN_HAZ_TRTDISV,Armenia,537813.6875
2018,EN_HAZ_TRTDISV,Armenia,510858.5
2019,EN_HAZ_TRTDISV,Armenia,570537.0
2004,EN_HAZ_TRTDISV,Belgium,3310427.0
2006,EN_HAZ_TRTDISV,Belgium,1760728.0
2008,EN_HAZ_TRTDISV,Belgium,2200008.0
2010,EN_HAZ_TRTDISV,Belgium,3487665.0
2012,EN_HAZ_TRTDISV,Belgium,1703615.0
2014,EN_HAZ_TRTDISV,Belgium,2101500.0
2016,EN_HAZ_TRTDISV,Belgium,2449731.0
2018,EN_HAZ_TRTDISV,Belgium,2713106.0
2020,EN_HAZ_TRTDISV,Belgium,2284076.0
2004,EN_HAZ_TRTDISV,Bulgaria,12090994.0
2006,EN_HAZ_TRTDISV,Bulgaria,13474505.0
2008,EN_HAZ_TRTDISV,Bulgaria,13037033.0
2010,EN_HAZ_TRTDISV,Bulgaria,13561160.0
2012,EN_HAZ_TRTDISV,Bulgaria,13389620.0
2014,EN_HAZ_TRTDISV,Bulgaria,12176438.0
2016,EN_HAZ_TRTDISV,Bulgaria,13177710.0
2018,EN_HAZ_TRTDISV,Bulgaria,13557932.0
2020,EN_HAZ_TRTDISV,Bulgaria,13791874.0
2005,EN_HAZ_TRTDISV,Belarus,296800.0
2006,EN_HAZ_TRTDISV,Belarus,323900.0
2007,EN_HAZ_TRTDISV,Belarus,420400.0
2008,EN_HAZ_TRTDISV,Belarus,537900.0
2009,EN_HAZ_TRTDISV,Belarus,809800.0
2010,EN_HAZ_TRTDISV,Belarus,957500.0
2011,EN_HAZ_TRTDISV,Belarus,968400.0
2012,EN_HAZ_TRTDISV,Belarus,1477060.0
2013,EN_HAZ_TRTDISV,Belarus,1237640.0
2014,EN_HAZ_TRTDISV,Belarus,1455060.0
2015,EN_HAZ_TRTDISV,Belarus,1013570.0
2016,EN_HAZ_TRTDISV,Belarus,1351350.0
2017,EN_HAZ_TRTDISV,Belarus,1208420.0
2018,EN_HAZ_TRTDISV,Belarus,2194923.0
2019,EN_HAZ_TRTDISV,Belarus,1712710.0
2020,EN_HAZ_TRTDISV,Belarus,1911507.0
2021,EN_HAZ_TRTDISV,Belarus,1664040.0
2000,EN_HAZ_TRTDISV,China,5870000.0
2001,EN_HAZ_TRTDISV,China,6710000.0
2002,EN_HAZ_TRTDISV,China,6330000.0
2003,EN_HAZ_TRTDISV,China,8020000.0
2004,EN_HAZ_TRTDISV,China,6780000.0
2005,EN_HAZ_TRTDISV,China,8350000.0
2006,EN_HAZ_TRTDISV,China,8550000.0
2007,EN_HAZ_TRTDISV,China,9960000.0
2008,EN_HAZ_TRTDISV,China,12080000.0
2009,EN_HAZ_TRTDISV,China,12590000.0
2010,EN_HAZ_TRTDISV,China,14895000.0
2011,EN_HAZ_TRTDISV,China,26895300.0
2012,EN_HAZ_TRTDISV,China,27028500.0
2013,EN_HAZ_TRTDISV,China,24012900.0
2014,EN_HAZ_TRTDISV,China,29908200.0
2015,EN_HAZ_TRTDISV,China,32237000.0
2016,EN_HAZ_TRTDISV,China,43172000.0
2017,EN_HAZ_TRTDISV,China,59727000.0
2018,EN_HAZ_TRTDISV,China,67885000.0
2019,EN_HAZ_TRTDISV,China,75393000.0
2020,EN_HAZ_TRTDISV,China,76304800.0
2004,EN_HAZ_TRTDISV,Croatia,42636.0
2006,EN_HAZ_TRTDISV,Croatia,623383.0
2008,EN_HAZ_TRTDISV,Croatia,18364.0
2010,EN_HAZ_TRTDISV,Croatia,68554.0
2012,EN_HAZ_TRTDISV,Croatia,73404.0
2014,EN_HAZ_TRTDISV,Croatia,66055.0
2016,EN_HAZ_TRTDISV,Croatia,75892.0
2018,EN_HAZ_TRTDISV,Croatia,80637.0
2020,EN_HAZ_TRTDISV,Croatia,105625.0
2004,EN_HAZ_TRTDISV,Cyprus,65047.0
2006,EN_HAZ_TRTDISV,Cyprus,16651.0
2008,EN_HAZ_TRTDISV,Cyprus,23290.0
2010,EN_HAZ_TRTDISV,Cyprus,30779.0
2012,EN_HAZ_TRTDISV,Cyprus,13277.0
2014,EN_HAZ_TRTDISV,Cyprus,157243.0
2016,EN_HAZ_TRTDISV,Cyprus,141504.0
2018,EN_HAZ_TRTDISV,Cyprus,210645.0
2020,EN_HAZ_TRTDISV,Cyprus,22434.0
2004,EN_HAZ_TRTDISV,Czechia,648497.0
2006,EN_HAZ_TRTDISV,Czechia,572497.0
2008,EN_HAZ_TRTDISV,Czechia,834798.0
2010,EN_HAZ_TRTDISV,Czechia,831600.0
2012,EN_HAZ_TRTDISV,Czechia,753402.0
2014,EN_HAZ_TRTDISV,Czechia,597309.0
2016,EN_HAZ_TRTDISV,Czechia,529490.0
2018,EN_HAZ_TRTDISV,Czechia,615884.0
2020,EN_HAZ_TRTDISV,Czechia,629832.0
2004,EN_HAZ_TRTDISV,Denmark,338334.0
2006,EN_HAZ_TRTDISV,Denmark,375562.0
2008,EN_HAZ_TRTDISV,Denmark,416095.0
2010,EN_HAZ_TRTDISV,Denmark,1073218.0
2012,EN_HAZ_TRTDISV,Denmark,1206582.0
2014,EN_HAZ_TRTDISV,Denmark,1546812.0
2016,EN_HAZ_TRTDISV,Denmark,1884932.0
2018,EN_HAZ_TRTDISV,Denmark,1774584.0
2020,EN_HAZ_TRTDISV,Denmark,1102204.0
2004,EN_HAZ_TRTDISV,Estonia,7180381.0
2006,EN_HAZ_TRTDISV,Estonia,6864430.0
2008,EN_HAZ_TRTDISV,Estonia,7708801.0
2010,EN_HAZ_TRTDISV,Estonia,8928558.0
2012,EN_HAZ_TRTDISV,Estonia,9131275.0
2014,EN_HAZ_TRTDISV,Estonia,10315094.0
2016,EN_HAZ_TRTDISV,Estonia,9590378.0
2018,EN_HAZ_TRTDISV,Estonia,10729229.0
2020,EN_HAZ_TRTDISV,Estonia,1474556.0
2004,EN_HAZ_TRTDISV,Finland,2229060.0
2006,EN_HAZ_TRTDISV,Finland,2172452.0
2008,EN_HAZ_TRTDISV,Finland,2178038.0
2010,EN_HAZ_TRTDISV,Finland,1365767.0
2012,EN_HAZ_TRTDISV,Finland,1411308.0
2014,EN_HAZ_TRTDISV,Finland,1915719.0
2016,EN_HAZ_TRTDISV,Finland,2003904.0
2018,EN_HAZ_TRTDISV,Finland,1724057.0
2020,EN_HAZ_TRTDISV,Finland,3039892.0
2004,EN_HAZ_TRTDISV,France,6772000.0
2006,EN_HAZ_TRTDISV,France,6689820.0
2008,EN_HAZ_TRTDISV,France,6853136.0
2010,EN_HAZ_TRTDISV,France,8533645.0
2012,EN_HAZ_TRTDISV,France,8841003.0
2014,EN_HAZ_TRTDISV,France,7605065.0
2016,EN_HAZ_TRTDISV,France,7165230.0
2018,EN_HAZ_TRTDISV,France,9522197.0
2020,EN_HAZ_TRTDISV,France,8118893.0
2004,EN_HAZ_TRTDISV,Germany,20556732.0
2006,EN_HAZ_TRTDISV,Germany,21743227.0
2008,EN_HAZ_TRTDISV,Germany,23823844.0
2010,EN_HAZ_TRTDISV,Germany,19046941.0
2012,EN_HAZ_TRTDISV,Germany,21098397.0
2014,EN_HAZ_TRTDISV,Germany,20521107.0
2016,EN_HAZ_TRTDISV,Germany,21499052.0
2018,EN_HAZ_TRTDISV,Germany,22419164.0
2020,EN_HAZ_TRTDISV,Germany,21407959.0
2004,EN_HAZ_TRTDISV,Greece,292650.0
2006,EN_HAZ_TRTDISV,Greece,186785.0
2008,EN_HAZ_TRTDISV,Greece,157014.0
2010,EN_HAZ_TRTDISV,Greece,108202.0
2012,EN_HAZ_TRTDISV,Greece,108104.0
2014,EN_HAZ_TRTDISV,Greece,115015.0
2016,EN_HAZ_TRTDISV,Greece,419407.0
2018,EN_HAZ_TRTDISV,Greece,499943.0
2020,EN_HAZ_TRTDISV,Greece,468674.0
2004,EN_HAZ_TRTDISV,Hungary,325032.0
2006,EN_HAZ_TRTDISV,Hungary,1179859.0
2008,EN_HAZ_TRTDISV,Hungary,449610.0
2010,EN_HAZ_TRTDISV,Hungary,373999.0
2012,EN_HAZ_TRTDISV,Hungary,376811.0
2014,EN_HAZ_TRTDISV,Hungary,372580.0
2016,EN_HAZ_TRTDISV,Hungary,341660.0
2018,EN_HAZ_TRTDISV,Hungary,384006.0
2020,EN_HAZ_TRTDISV,Hungary,421202.0
2004,EN_HAZ_TRTDISV,Iceland,11000.0
2008,EN_HAZ_TRTDISV,Iceland,135100.0
2010,EN_HAZ_TRTDISV,Iceland,7926.0
2012,EN_HAZ_TRTDISV,Iceland,11639.0
2014,EN_HAZ_TRTDISV,Iceland,36250.0
2016,EN_HAZ_TRTDISV,Iceland,47852.0
2018,EN_HAZ_TRTDISV,Iceland,27020.0
2016,EN_HAZ_TRTDISV,India,4649177.344
2017,EN_HAZ_TRTDISV,India,7174779.0
2018,EN_HAZ_TRTDISV,India,6941838.91
2019,EN_HAZ_TRTDISV,India,8181049.0
2004,EN_HAZ_TRTDISV,Ireland,122734.0
2006,EN_HAZ_TRTDISV,Ireland,190951.0
2008,EN_HAZ_TRTDISV,Ireland,192782.0
2010,EN_HAZ_TRTDISV,Ireland,266742.0
2012,EN_HAZ_TRTDISV,Ireland,69111.0
2014,EN_HAZ_TRTDISV,Ireland,86518.0
2016,EN_HAZ_TRTDISV,Ireland,78411.0
2018,EN_HAZ_TRTDISV,Ireland,115085.0
2004,EN_HAZ_TRTDISV,Italy,2885110.0
2006,EN_HAZ_TRTDISV,Italy,2926159.0
2008,EN_HAZ_TRTDISV,Italy,3277345.0
2010,EN_HAZ_TRTDISV,Italy,3106766.0
2012,EN_HAZ_TRTDISV,Italy,3258267.0
2014,EN_HAZ_TRTDISV,Italy,3574305.0
2016,EN_HAZ_TRTDISV,Italy,3648542.0
2018,EN_HAZ_TRTDISV,Italy,4531197.0
2020,EN_HAZ_TRTDISV,Italy,4412859.0
2004,EN_HAZ_TRTDISV,Казахстан,28404118.0
2005,EN_HAZ_TRTDISV,Казахстан,17450440.0
2006,EN_HAZ_TRTDISV,Казахстан,60856496.0
2007,EN_HAZ_TRTDISV,Казахстан,283727872.0
2008,EN_HAZ_TRTDISV,Казахстан,369855040.0
2009,EN_HAZ_TRTDISV,Казахстан,106067768.0
2010,EN_HAZ_TRTDISV,Казахстан,85282656.0
2011,EN_HAZ_TRTDISV,Казахстан,108102072.0
2012,EN_HAZ_TRTDISV,Казахстан,126843584.0
2013,EN_HAZ_TRTDISV,Казахстан,175721440.0
2014,EN_HAZ_TRTDISV,Казахстан,131607696.0
2015,EN_HAZ_TRTDISV,Казахстан,86369280.0
2016,EN_HAZ_TRTDISV,Казахстан,53210292.0
2017,EN_HAZ_TRTDISV,Казахстан,399558016.0
2018,EN_HAZ_TRTDISV,Казахстан,536541792.0
2019,EN_HAZ_TRTDISV,Казахстан,370582784.0
2000,EN_HAZ_TRTDISV,Кыргызстан,4011426.0
2001,EN_HAZ_TRTDISV,Кыргызстан,35.0
2002,EN_HAZ_TRTDISV,Кыргызстан,39.0
2003,EN_HAZ_TRTDISV,Кыргызстан,5327.0
2004,EN_HAZ_TRTDISV,Кыргызстан,307.0
2005,EN_HAZ_TRTDISV,Кыргызстан,1555.0
2006,EN_HAZ_TRTDISV,Кыргызстан,1258.0
2007,EN_HAZ_TRTDISV,Кыргызстан,7909705.0
2008,EN_HAZ_TRTDISV,Кыргызстан,3006.0
2009,EN_HAZ_TRTDISV,Кыргызстан,19342756.0
2010,EN_HAZ_TRTDISV,Кыргызстан,187180.79688
2011,EN_HAZ_TRTDISV,Кыргызстан,82317.14063
2012,EN_HAZ_TRTDISV,Кыргызстан,53942.76953
2013,EN_HAZ_TRTDISV,Кыргызстан,3131828.75
2014,EN_HAZ_TRTDISV,Кыргызстан,4983976.0
2015,EN_HAZ_TRTDISV,Кыргызстан,4936829.5
2016,EN_HAZ_TRTDISV,Кыргызстан,4058328.5
2017,EN_HAZ_TRTDISV,Кыргызстан,5086267.0
2004,EN_HAZ_TRTDISV,Latvia,57791.0
2006,EN_HAZ_TRTDISV,Latvia,52242.0
2008,EN_HAZ_TRTDISV,Latvia,67877.0
2010,EN_HAZ_TRTDISV,Latvia,54193.0
2012,EN_HAZ_TRTDISV,Latvia,41749.0
2014,EN_HAZ_TRTDISV,Latvia,43375.0
2016,EN_HAZ_TRTDISV,Latvia,20491.0
2018,EN_HAZ_TRTDISV,Latvia,39571.0
2020,EN_HAZ_TRTDISV,Latvia,29714.0
2004,EN_HAZ_TRTDISV,Lithuania,38081.0
2006,EN_HAZ_TRTDISV,Lithuania,28101.0
2008,EN_HAZ_TRTDISV,Lithuania,19927.0
2010,EN_HAZ_TRTDISV,Lithuania,48853.0
2012,EN_HAZ_TRTDISV,Lithuania,70246.0
2014,EN_HAZ_TRTDISV,Lithuania,55457.0
2016,EN_HAZ_TRTDISV,Lithuania,61179.0
2018,EN_HAZ_TRTDISV,Lithuania,73090.0
2020,EN_HAZ_TRTDISV,Lithuania,111292.0
2004,EN_HAZ_TRTDISV,Luxembourg,34375.0
2006,EN_HAZ_TRTDISV,Luxembourg,130189.0
2008,EN_HAZ_TRTDISV,Luxembourg,46734.0
2010,EN_HAZ_TRTDISV,Luxembourg,3272.0
2012,EN_HAZ_TRTDISV,Luxembourg,1992.0
2014,EN_HAZ_TRTDISV,Luxembourg,37843.0
2016,EN_HAZ_TRTDISV,Luxembourg,45882.0
2018,EN_HAZ_TRTDISV,Luxembourg,56058.0
2020,EN_HAZ_TRTDISV,Luxembourg,75802.0
2004,EN_HAZ_TRTDISV,Malta,0.0
2006,EN_HAZ_TRTDISV,Malta,0.0
2008,EN_HAZ_TRTDISV,Malta,327.0
2010,EN_HAZ_TRTDISV,Malta,437.0
2012,EN_HAZ_TRTDISV,Malta,502.0
2014,EN_HAZ_TRTDISV,Malta,438.0
2016,EN_HAZ_TRTDISV,Malta,477.0
2018,EN_HAZ_TRTDISV,Malta,473.0
2020,EN_HAZ_TRTDISV,Malta,642.0
2000,EN_HAZ_TRTDISV,Republic of Moldova,2375.0
2001,EN_HAZ_TRTDISV,Republic of Moldova,1902.0
2002,EN_HAZ_TRTDISV,Republic of Moldova,3140.0
2003,EN_HAZ_TRTDISV,Republic of Moldova,3936.0
2004,EN_HAZ_TRTDISV,Republic of Moldova,2220.0
2005,EN_HAZ_TRTDISV,Republic of Moldova,1211.0
2006,EN_HAZ_TRTDISV,Republic of Moldova,1607.0
2007,EN_HAZ_TRTDISV,Republic of Moldova,3562.0
2008,EN_HAZ_TRTDISV,Republic of Moldova,1874.0
2009,EN_HAZ_TRTDISV,Republic of Moldova,1593.0
2010,EN_HAZ_TRTDISV,Republic of Moldova,964.0
2011,EN_HAZ_TRTDISV,Republic of Moldova,1273.90002
2012,EN_HAZ_TRTDISV,Republic of Moldova,1006.70001
2013,EN_HAZ_TRTDISV,Republic of Moldova,1512.0
2014,EN_HAZ_TRTDISV,Republic of Moldova,1289.19995
2015,EN_HAZ_TRTDISV,Republic of Moldova,1254.90002
2016,EN_HAZ_TRTDISV,Republic of Moldova,2981.3999
2017,EN_HAZ_TRTDISV,Republic of Moldova,7614.8999
2018,EN_HAZ_TRTDISV,Republic of Moldova,6685.2002
2019,EN_HAZ_TRTDISV,Republic of Moldova,4960.2002
2012,EN_HAZ_TRTDISV,Montenegro,209582.0
2014,EN_HAZ_TRTDISV,Montenegro,268468.0
2016,EN_HAZ_TRTDISV,Montenegro,325249.0
2018,EN_HAZ_TRTDISV,Montenegro,337407.0
2020,EN_HAZ_TRTDISV,Montenegro,318505.0
2004,EN_HAZ_TRTDISV,Netherlands (Kingdom of the),1810306.0
2006,EN_HAZ_TRTDISV,Netherlands (Kingdom of the),4595694.0
2008,EN_HAZ_TRTDISV,Netherlands (Kingdom of the),4032092.0
2010,EN_HAZ_TRTDISV,Netherlands (Kingdom of the),3799827.0
2012,EN_HAZ_TRTDISV,Netherlands (Kingdom of the),4443090.0
2014,EN_HAZ_TRTDISV,Netherlands (Kingdom of the),4495506.0
2016,EN_HAZ_TRTDISV,Netherlands (Kingdom of the),5305777.0
2018,EN_HAZ_TRTDISV,Netherlands (Kingdom of the),5228680.0
2020,EN_HAZ_TRTDISV,Netherlands (Kingdom of the),4880877.0
2004,EN_HAZ_TRTDISV,Norway,1010921.0
2006,EN_HAZ_TRTDISV,Norway,1256645.0
2008,EN_HAZ_TRTDISV,Norway,1337680.0
2010,EN_HAZ_TRTDISV,Norway,1560099.0
2012,EN_HAZ_TRTDISV,Norway,1013027.0
2014,EN_HAZ_TRTDISV,Norway,1483338.0
2016,EN_HAZ_TRTDISV,Norway,1380511.0
2018,EN_HAZ_TRTDISV,Norway,1412806.0
2020,EN_HAZ_TRTDISV,Norway,1400730.0
2004,EN_HAZ_TRTDISV,Poland,1575748.0
2006,EN_HAZ_TRTDISV,Poland,2277779.0
2008,EN_HAZ_TRTDISV,Poland,1624573.0
2010,EN_HAZ_TRTDISV,Poland,1577966.0
2012,EN_HAZ_TRTDISV,Poland,1434985.0
2014,EN_HAZ_TRTDISV,Poland,1876577.0
2016,EN_HAZ_TRTDISV,Poland,1391428.0
2018,EN_HAZ_TRTDISV,Poland,2184119.0
2020,EN_HAZ_TRTDISV,Poland,1616874.0
2004,EN_HAZ_TRTDISV,Portugal,1898715.0
2006,EN_HAZ_TRTDISV,Portugal,3363875.0
2008,EN_HAZ_TRTDISV,Portugal,289216.0
2010,EN_HAZ_TRTDISV,Portugal,330978.0
2012,EN_HAZ_TRTDISV,Portugal,444199.0
2014,EN_HAZ_TRTDISV,Portugal,466197.0
2016,EN_HAZ_TRTDISV,Portugal,490956.0
2018,EN_HAZ_TRTDISV,Portugal,614263.0
2020,EN_HAZ_TRTDISV,Portugal,438967.0
2004,EN_HAZ_TRTDISV,Romania,1697100.0
2006,EN_HAZ_TRTDISV,Romania,867602.0
2008,EN_HAZ_TRTDISV,Romania,259924.0
2010,EN_HAZ_TRTDISV,Romania,431080.0
2012,EN_HAZ_TRTDISV,Romania,620287.0
2014,EN_HAZ_TRTDISV,Romania,500394.0
2016,EN_HAZ_TRTDISV,Romania,348386.0
2018,EN_HAZ_TRTDISV,Romania,536333.0
2020,EN_HAZ_TRTDISV,Romania,374814.0
2008,EN_HAZ_TRTDISV,Serbia,8392001.0
2009,EN_HAZ_TRTDISV,Serbia,10070112.0
2010,EN_HAZ_TRTDISV,Serbia,11180654.0
2011,EN_HAZ_TRTDISV,Serbia,12801404.0
2012,EN_HAZ_TRTDISV,Serbia,14429133.0
2013,EN_HAZ_TRTDISV,Serbia,16560253.0
2014,EN_HAZ_TRTDISV,Serbia,13493547.0
2015,EN_HAZ_TRTDISV,Serbia,16558589.0
2016,EN_HAZ_TRTDISV,Serbia,17209651.0
2018,EN_HAZ_TRTDISV,Serbia,15334114.0
2020,EN_HAZ_TRTDISV,Serbia,11333539.0
2004,EN_HAZ_TRTDISV,Slovakia,439390.0
2006,EN_HAZ_TRTDISV,Slovakia,367801.0
2008,EN_HAZ_TRTDISV,Slovakia,355772.0
2010,EN_HAZ_TRTDISV,Slovakia,223808.0
2012,EN_HAZ_TRTDISV,Slovakia,199393.0
2014,EN_HAZ_TRTDISV,Slovakia,201819.0
2016,EN_HAZ_TRTDISV,Slovakia,171035.0
2018,EN_HAZ_TRTDISV,Slovakia,153138.0
2020,EN_HAZ_TRTDISV,Slovakia,122686.0
2004,EN_HAZ_TRTDISV,Slovenia,99042.0
2006,EN_HAZ_TRTDISV,Slovenia,87308.0
2008,EN_HAZ_TRTDISV,Slovenia,116326.0
2010,EN_HAZ_TRTDISV,Slovenia,100898.0
2012,EN_HAZ_TRTDISV,Slovenia,73702.0
2014,EN_HAZ_TRTDISV,Slovenia,91696.0
2016,EN_HAZ_TRTDISV,Slovenia,76726.0
2018,EN_HAZ_TRTDISV,Slovenia,76572.0
2020,EN_HAZ_TRTDISV,Slovenia,61234.0
2004,EN_HAZ_TRTDISV,Spain,3667222.0
2006,EN_HAZ_TRTDISV,Spain,3722628.0
2008,EN_HAZ_TRTDISV,Spain,3362069.0
2010,EN_HAZ_TRTDISV,Spain,2743636.0
2012,EN_HAZ_TRTDISV,Spain,2420583.0
2014,EN_HAZ_TRTDISV,Spain,2321536.0
2016,EN_HAZ_TRTDISV,Spain,2118455.0
2018,EN_HAZ_TRTDISV,Spain,2309771.0
2020,EN_HAZ_TRTDISV,Spain,2180840.0
2004,EN_HAZ_TRTDISV,Sweden,1167606.0
2006,EN_HAZ_TRTDISV,Sweden,653046.0
2008,EN_HAZ_TRTDISV,Sweden,996222.0
2010,EN_HAZ_TRTDISV,Sweden,769746.0
2012,EN_HAZ_TRTDISV,Sweden,1123393.0
2014,EN_HAZ_TRTDISV,Sweden,1092814.0
2016,EN_HAZ_TRTDISV,Sweden,1331975.0
2018,EN_HAZ_TRTDISV,Sweden,1577934.0
2020,EN_HAZ_TRTDISV,Sweden,6977211.0
2010,EN_HAZ_TRTDISV,United Arab Emirates,324553.1875
2011,EN_HAZ_TRTDISV,United Arab Emirates,343974.28125
2012,EN_HAZ_TRTDISV,United Arab Emirates,341423.25
2013,EN_HAZ_TRTDISV,United Arab Emirates,304699.25
2014,EN_HAZ_TRTDISV,United Arab Emirates,358893.46875
2015,EN_HAZ_TRTDISV,United Arab Emirates,309029.40625
2016,EN_HAZ_TRTDISV,United Arab Emirates,235464.1875
2017,EN_HAZ_TRTDISV,United Arab Emirates,368771.96875
2018,EN_HAZ_TRTDISV,United Arab Emirates,429940.84375
2019,EN_HAZ_TRTDISV,United Arab Emirates,576543.125
2004,EN_HAZ_TRTDISV,Türkiye,1230874.0
2006,EN_HAZ_TRTDISV,Türkiye,64704.0
2008,EN_HAZ_TRTDISV,Türkiye,1163682.0
2010,EN_HAZ_TRTDISV,Türkiye,3193647.0
2012,EN_HAZ_TRTDISV,Türkiye,3571001.0
2014,EN_HAZ_TRTDISV,Türkiye,6487595.0
2016,EN_HAZ_TRTDISV,Türkiye,7679429.0
2018,EN_HAZ_TRTDISV,Türkiye,19207280.0
2020,EN_HAZ_TRTDISV,Türkiye,38225847.0
2000,EN_HAZ_TRTDISV,Ukraine,2150033.0
2001,EN_HAZ_TRTDISV,Ukraine,2944207.0
2002,EN_HAZ_TRTDISV,Ukraine,2436571.0
2003,EN_HAZ_TRTDISV,Ukraine,2124032.0
2004,EN_HAZ_TRTDISV,Ukraine,1956227.0
2005,EN_HAZ_TRTDISV,Ukraine,1885095.0
2006,EN_HAZ_TRTDISV,Ukraine,1968906.0
2007,EN_HAZ_TRTDISV,Ukraine,2062766.0
2008,EN_HAZ_TRTDISV,Ukraine,2022268.0
2009,EN_HAZ_TRTDISV,Ukraine,1175756.0
2010,EN_HAZ_TRTDISV,Ukraine,965559.0
2011,EN_HAZ_TRTDISV,Ukraine,751700.0
2012,EN_HAZ_TRTDISV,Ukraine,702154.0
2013,EN_HAZ_TRTDISV,Ukraine,557169.0
2014,EN_HAZ_TRTDISV,Ukraine,417342.0
2015,EN_HAZ_TRTDISV,Ukraine,399712.0
2016,EN_HAZ_TRTDISV,Ukraine,447499.0
2017,EN_HAZ_TRTDISV,Ukraine,412281.0
2018,EN_HAZ_TRTDISV,Ukraine,404748.0
2019,EN_HAZ_TRTDISV,Ukraine,355963.0
2008,EN_HAZ_TRTDISV,North Macedonia,6201.0
2010,EN_HAZ_TRTDISV,North Macedonia,152965.0
2012,EN_HAZ_TRTDISV,North Macedonia,681070.0
2014,EN_HAZ_TRTDISV,North Macedonia,3763.0
2018,EN_HAZ_TRTDISV,North Macedonia,23944.0
2020,EN_HAZ_TRTDISV,North Macedonia,415955.0
2004,EN_HAZ_TRTDISV,United Kingdom of Great Britain and Northern Ireland,4734457.0
2006,EN_HAZ_TRTDISV,United Kingdom of Great Britain and Northern Ireland,3425653.0
2008,EN_HAZ_TRTDISV,United Kingdom of Great Britain and Northern Ireland,3313993.0
2010,EN_HAZ_TRTDISV,United Kingdom of Great Britain and Northern Ireland,1973446.0
2012,EN_HAZ_TRTDISV,United Kingdom of Great Britain and Northern Ireland,1912805.0
2014,EN_HAZ_TRTDISV,United Kingdom of Great Britain and Northern Ireland,1895827.0
2016,EN_HAZ_TRTDISV,United Kingdom of Great Britain and Northern Ireland,1931002.0
2018,EN_HAZ_TRTDISV,United Kingdom of Great Britain and Northern Ireland,2028082.0
2014,EN_HAZ_TRTDISV,Узбекистан,0.7
2015,EN_HAZ_TRTDISV,Узбекистан,1.7
2016,EN_HAZ_TRTDISV,Узбекистан,21.5
2017,EN_HAZ_TRTDISV,Узбекистан,25.6
2018,EN_HAZ_TRTDISV,Узбекистан,3.0
2019,EN_HAZ_TRTDISV,Узбекистан,1.8
2020,EN_HAZ_TRTDISV,Узбекистан,8.7
2021,EN_HAZ_TRTDISV,Узбекистан,2.2
2021,EN_HAZ_TRTDISV,Узбекистан,2.2
