Year,SeriesCode,Страна ,Value
2010,ER_FFS_CMPT_PC_CD,Republic of Korea,39.10839
2011,ER_FFS_CMPT_PC_CD,Republic of Korea,38.19229
2012,ER_FFS_CMPT_PC_CD,Republic of Korea,36.30311
2013,ER_FFS_CMPT_PC_CD,Republic of Korea,39.21827
2014,ER_FFS_CMPT_PC_CD,Republic of Korea,39.02508
2015,ER_FFS_CMPT_PC_CD,Republic of Korea,34.06034
2016,ER_FFS_CMPT_PC_CD,Republic of Korea,27.13269
2017,ER_FFS_CMPT_PC_CD,Republic of Korea,28.20106
2018,ER_FFS_CMPT_PC_CD,Republic of Korea,28.36389
2019,ER_FFS_CMPT_PC_CD,Republic of Korea,26.97561
2020,ER_FFS_CMPT_PC_CD,Republic of Korea,27.36349
2021,ER_FFS_CMPT_PC_CD,Republic of Korea,28.7712
2010,ER_FFS_CMPT_PC_CD,Кыргызстан,62.05844
2011,ER_FFS_CMPT_PC_CD,Кыргызстан,131.82
2012,ER_FFS_CMPT_PC_CD,Кыргызстан,166.49067
2013,ER_FFS_CMPT_PC_CD,Кыргызстан,179.97493
2014,ER_FFS_CMPT_PC_CD,Кыргызстан,155.73582
2015,ER_FFS_CMPT_PC_CD,Кыргызстан,73.41863
2016,ER_FFS_CMPT_PC_CD,Кыргызстан,54.16425
2017,ER_FFS_CMPT_PC_CD,Кыргызстан,81.31634
2018,ER_FFS_CMPT_PC_CD,Кыргызстан,82.46279
2019,ER_FFS_CMPT_PC_CD,Кыргызстан,87.91862
2020,ER_FFS_CMPT_PC_CD,Кыргызстан,53.31481
2010,ER_FFS_CMPT_PC_CD,Latvia,94.27074
2011,ER_FFS_CMPT_PC_CD,Latvia,110.41273
2012,ER_FFS_CMPT_PC_CD,Latvia,151.20226
2013,ER_FFS_CMPT_PC_CD,Latvia,170.6994
2014,ER_FFS_CMPT_PC_CD,Latvia,169.50982
2015,ER_FFS_CMPT_PC_CD,Latvia,136.18955
2016,ER_FFS_CMPT_PC_CD,Latvia,132.57325
2017,ER_FFS_CMPT_PC_CD,Latvia,129.59876
2018,ER_FFS_CMPT_PC_CD,Latvia,98.86145
2019,ER_FFS_CMPT_PC_CD,Latvia,97.16078
2020,ER_FFS_CMPT_PC_CD,Latvia,94.02758
2021,ER_FFS_CMPT_PC_CD,Latvia,100.65296
2010,ER_FFS_CMPT_PC_CD,Lithuania,54.32807
2011,ER_FFS_CMPT_PC_CD,Lithuania,66.55855
2012,ER_FFS_CMPT_PC_CD,Lithuania,70.44494
2013,ER_FFS_CMPT_PC_CD,Lithuania,73.19839
2014,ER_FFS_CMPT_PC_CD,Lithuania,80.00465
2015,ER_FFS_CMPT_PC_CD,Lithuania,75.90577
2016,ER_FFS_CMPT_PC_CD,Lithuania,101.85981
2017,ER_FFS_CMPT_PC_CD,Lithuania,99.40697
2018,ER_FFS_CMPT_PC_CD,Lithuania,106.45239
2019,ER_FFS_CMPT_PC_CD,Lithuania,104.95772
2020,ER_FFS_CMPT_PC_CD,Lithuania,182.75687
2021,ER_FFS_CMPT_PC_CD,Lithuania,194.76227
2015,ER_FFS_CMPT_PC_CD,Luxembourg,208.76243
2016,ER_FFS_CMPT_PC_CD,Luxembourg,197.94772
2017,ER_FFS_CMPT_PC_CD,Luxembourg,200.54236
2018,ER_FFS_CMPT_PC_CD,Luxembourg,234.88558
2019,ER_FFS_CMPT_PC_CD,Luxembourg,236.09093
2020,ER_FFS_CMPT_PC_CD,Luxembourg,223.11865
2021,ER_FFS_CMPT_PC_CD,Luxembourg,0.2315
2010,ER_FFS_CMPT_PC_CD,Malta,0.0
2011,ER_FFS_CMPT_PC_CD,Malta,0.0
2010,ER_FFS_CMPT_PC_CD,Albania,0.0
2011,ER_FFS_CMPT_PC_CD,Albania,0.0
2012,ER_FFS_CMPT_PC_CD,Albania,117.55785
2013,ER_FFS_CMPT_PC_CD,Albania,65.81194
2014,ER_FFS_CMPT_PC_CD,Albania,45.07469
2015,ER_FFS_CMPT_PC_CD,Albania,0.0
2016,ER_FFS_CMPT_PC_CD,Albania,0.0
2017,ER_FFS_CMPT_PC_CD,Albania,0.0
2018,ER_FFS_CMPT_PC_CD,Albania,0.0
2019,ER_FFS_CMPT_PC_CD,Albania,0.0
2020,ER_FFS_CMPT_PC_CD,Albania,0.0
2010,ER_FFS_CMPT_PC_CD,Azerbaijan,9.71104
2011,ER_FFS_CMPT_PC_CD,Azerbaijan,50.07132
2012,ER_FFS_CMPT_PC_CD,Azerbaijan,19.01427
2013,ER_FFS_CMPT_PC_CD,Azerbaijan,38.64423
2014,ER_FFS_CMPT_PC_CD,Azerbaijan,0.0
2015,ER_FFS_CMPT_PC_CD,Azerbaijan,46.43347
2016,ER_FFS_CMPT_PC_CD,Azerbaijan,121.69588
2017,ER_FFS_CMPT_PC_CD,Azerbaijan,0.00618
2018,ER_FFS_CMPT_PC_CD,Azerbaijan,88.37745
2019,ER_FFS_CMPT_PC_CD,Azerbaijan,76.77655
2020,ER_FFS_CMPT_PC_CD,Azerbaijan,14.71091
2021,ER_FFS_CMPT_PC_CD,Azerbaijan,15.43165
2010,ER_FFS_CMPT_PC_CD,Australia,241.65359
2011,ER_FFS_CMPT_PC_CD,Australia,296.61861
2012,ER_FFS_CMPT_PC_CD,Australia,252.31167
2013,ER_FFS_CMPT_PC_CD,Australia,236.49494
2014,ER_FFS_CMPT_PC_CD,Australia,219.61263
2015,ER_FFS_CMPT_PC_CD,Australia,183.71347
2016,ER_FFS_CMPT_PC_CD,Australia,294.62862
2017,ER_FFS_CMPT_PC_CD,Australia,308.31737
2018,ER_FFS_CMPT_PC_CD,Australia,296.72499
2019,ER_FFS_CMPT_PC_CD,Australia,288.48064
2020,ER_FFS_CMPT_PC_CD,Australia,284.0631
2021,ER_FFS_CMPT_PC_CD,Australia,359.49855
2010,ER_FFS_CMPT_PC_CD,Austria,131.9306
2011,ER_FFS_CMPT_PC_CD,Austria,146.27481
2012,ER_FFS_CMPT_PC_CD,Austria,119.14864
2013,ER_FFS_CMPT_PC_CD,Austria,105.61466
2014,ER_FFS_CMPT_PC_CD,Austria,102.41404
2015,ER_FFS_CMPT_PC_CD,Austria,141.12807
2016,ER_FFS_CMPT_PC_CD,Austria,137.29652
2017,ER_FFS_CMPT_PC_CD,Austria,136.72119
2018,ER_FFS_CMPT_PC_CD,Austria,148.0654
2019,ER_FFS_CMPT_PC_CD,Austria,148.69134
2020,ER_FFS_CMPT_PC_CD,Austria,95.72217
2021,ER_FFS_CMPT_PC_CD,Austria,108.80597
2010,ER_FFS_CMPT_PC_CD,Armenia,9.56762
2011,ER_FFS_CMPT_PC_CD,Armenia,12.77887
2012,ER_FFS_CMPT_PC_CD,Armenia,14.20762
2013,ER_FFS_CMPT_PC_CD,Armenia,14.3721
2014,ER_FFS_CMPT_PC_CD,Armenia,14.39827
2015,ER_FFS_CMPT_PC_CD,Armenia,10.96264
2016,ER_FFS_CMPT_PC_CD,Armenia,7.64489
2017,ER_FFS_CMPT_PC_CD,Armenia,7.74109
2018,ER_FFS_CMPT_PC_CD,Armenia,1.5406
2012,ER_FFS_CMPT_PC_CD,Malta,0.0
2013,ER_FFS_CMPT_PC_CD,Malta,0.0
2014,ER_FFS_CMPT_PC_CD,Malta,0.0
2015,ER_FFS_CMPT_PC_CD,Malta,0.0
2016,ER_FFS_CMPT_PC_CD,Malta,0.0
2017,ER_FFS_CMPT_PC_CD,Malta,0.0
2018,ER_FFS_CMPT_PC_CD,Malta,0.0
2019,ER_FFS_CMPT_PC_CD,Malta,0.0
2020,ER_FFS_CMPT_PC_CD,Malta,0.0
2010,ER_FFS_CMPT_PC_CD,Mexico,64.38752
2011,ER_FFS_CMPT_PC_CD,Mexico,147.47253
2012,ER_FFS_CMPT_PC_CD,Mexico,159.96732
2013,ER_FFS_CMPT_PC_CD,Mexico,73.46454
2014,ER_FFS_CMPT_PC_CD,Mexico,27.87186
2015,ER_FFS_CMPT_PC_CD,Mexico,41.1767
2016,ER_FFS_CMPT_PC_CD,Mexico,152.8265
2017,ER_FFS_CMPT_PC_CD,Mexico,37.74967
2018,ER_FFS_CMPT_PC_CD,Mexico,35.76474
2019,ER_FFS_CMPT_PC_CD,Mexico,158.49499
2020,ER_FFS_CMPT_PC_CD,Mexico,92.15199
2021,ER_FFS_CMPT_PC_CD,Mexico,184.99841
2010,ER_FFS_CMPT_PC_CD,Republic of Moldova,19.06245
2011,ER_FFS_CMPT_PC_CD,Republic of Moldova,24.00799
2012,ER_FFS_CMPT_PC_CD,Republic of Moldova,27.97058
2013,ER_FFS_CMPT_PC_CD,Republic of Moldova,26.36005
2014,ER_FFS_CMPT_PC_CD,Republic of Moldova,24.23521
2015,ER_FFS_CMPT_PC_CD,Republic of Moldova,19.72462
2016,ER_FFS_CMPT_PC_CD,Republic of Moldova,20.06052
2017,ER_FFS_CMPT_PC_CD,Republic of Moldova,22.00286
2018,ER_FFS_CMPT_PC_CD,Republic of Moldova,24.3987
2019,ER_FFS_CMPT_PC_CD,Republic of Moldova,21.69954
2020,ER_FFS_CMPT_PC_CD,Republic of Moldova,22.28403
2021,ER_FFS_CMPT_PC_CD,Republic of Moldova,24.19118
2010,ER_FFS_CMPT_PC_CD,Montenegro,0.0
2011,ER_FFS_CMPT_PC_CD,Montenegro,0.0
2012,ER_FFS_CMPT_PC_CD,Montenegro,0.0
2013,ER_FFS_CMPT_PC_CD,Montenegro,0.0
2014,ER_FFS_CMPT_PC_CD,Montenegro,0.0
2015,ER_FFS_CMPT_PC_CD,Montenegro,0.0
2016,ER_FFS_CMPT_PC_CD,Montenegro,0.0
2017,ER_FFS_CMPT_PC_CD,Montenegro,0.0
2018,ER_FFS_CMPT_PC_CD,Montenegro,0.0
2019,ER_FFS_CMPT_PC_CD,Montenegro,0.0
2020,ER_FFS_CMPT_PC_CD,Montenegro,0.0
2010,ER_FFS_CMPT_PC_CD,Netherlands (Kingdom of the),26.05648
2011,ER_FFS_CMPT_PC_CD,Netherlands (Kingdom of the),30.58445
2012,ER_FFS_CMPT_PC_CD,Netherlands (Kingdom of the),24.80165
2013,ER_FFS_CMPT_PC_CD,Netherlands (Kingdom of the),9.2296
2014,ER_FFS_CMPT_PC_CD,Netherlands (Kingdom of the),11.59468
2015,ER_FFS_CMPT_PC_CD,Netherlands (Kingdom of the),10.16362
2016,ER_FFS_CMPT_PC_CD,Netherlands (Kingdom of the),30.85842
2017,ER_FFS_CMPT_PC_CD,Netherlands (Kingdom of the),49.15724
2018,ER_FFS_CMPT_PC_CD,Netherlands (Kingdom of the),51.01953
2019,ER_FFS_CMPT_PC_CD,Netherlands (Kingdom of the),50.17409
2020,ER_FFS_CMPT_PC_CD,Netherlands (Kingdom of the),68.98986
2021,ER_FFS_CMPT_PC_CD,Netherlands (Kingdom of the),80.76877
2010,ER_FFS_CMPT_PC_CD,New Zealand,8.04377
2011,ER_FFS_CMPT_PC_CD,New Zealand,7.76129
2012,ER_FFS_CMPT_PC_CD,New Zealand,9.75357
2013,ER_FFS_CMPT_PC_CD,New Zealand,3.19247
2014,ER_FFS_CMPT_PC_CD,New Zealand,3.90421
2015,ER_FFS_CMPT_PC_CD,New Zealand,2.58568
2016,ER_FFS_CMPT_PC_CD,New Zealand,2.53914
2017,ER_FFS_CMPT_PC_CD,New Zealand,0.76648
2018,ER_FFS_CMPT_PC_CD,New Zealand,1.40556
2019,ER_FFS_CMPT_PC_CD,New Zealand,2.79985
2020,ER_FFS_CMPT_PC_CD,New Zealand,3.10831
2021,ER_FFS_CMPT_PC_CD,New Zealand,3.70442
2015,ER_FFS_CMPT_PC_CD,Poland,36.46185
2016,ER_FFS_CMPT_PC_CD,Poland,44.86455
2017,ER_FFS_CMPT_PC_CD,Poland,54.70992
2018,ER_FFS_CMPT_PC_CD,Poland,55.47352
2019,ER_FFS_CMPT_PC_CD,Poland,47.76986
2020,ER_FFS_CMPT_PC_CD,Poland,47.99572
2021,ER_FFS_CMPT_PC_CD,Poland,30.22205
2010,ER_FFS_CMPT_PC_CD,Portugal,22.02349
2011,ER_FFS_CMPT_PC_CD,Portugal,48.32879
2012,ER_FFS_CMPT_PC_CD,Portugal,16.47183
2013,ER_FFS_CMPT_PC_CD,Portugal,19.79892
2014,ER_FFS_CMPT_PC_CD,Portugal,20.71561
2015,ER_FFS_CMPT_PC_CD,Portugal,25.75376
2016,ER_FFS_CMPT_PC_CD,Portugal,30.88435
2017,ER_FFS_CMPT_PC_CD,Portugal,48.15709
2018,ER_FFS_CMPT_PC_CD,Portugal,51.89027
2019,ER_FFS_CMPT_PC_CD,Portugal,59.76017
2020,ER_FFS_CMPT_PC_CD,Portugal,66.67718
2021,ER_FFS_CMPT_PC_CD,Portugal,62.17084
2010,ER_FFS_CMPT_PC_CD,Romania,0.0
2011,ER_FFS_CMPT_PC_CD,Romania,0.0
2012,ER_FFS_CMPT_PC_CD,Romania,0.0
2013,ER_FFS_CMPT_PC_CD,Romania,0.0
2014,ER_FFS_CMPT_PC_CD,Romania,0.0
2015,ER_FFS_CMPT_PC_CD,Romania,41.8825
2016,ER_FFS_CMPT_PC_CD,Romania,28.1387
2017,ER_FFS_CMPT_PC_CD,Romania,52.1272
2018,ER_FFS_CMPT_PC_CD,Romania,52.21081
2019,ER_FFS_CMPT_PC_CD,Romania,51.17993
2020,ER_FFS_CMPT_PC_CD,Romania,39.2869
2010,ER_FFS_CMPT_PC_CD,Serbia,0.0
2011,ER_FFS_CMPT_PC_CD,Serbia,0.0
2012,ER_FFS_CMPT_PC_CD,Serbia,0.0
2013,ER_FFS_CMPT_PC_CD,Serbia,0.0
2014,ER_FFS_CMPT_PC_CD,Serbia,0.0
2015,ER_FFS_CMPT_PC_CD,Serbia,11.2797
2016,ER_FFS_CMPT_PC_CD,Serbia,8.44576
2017,ER_FFS_CMPT_PC_CD,Serbia,48.70946
2018,ER_FFS_CMPT_PC_CD,Serbia,50.63478
2019,ER_FFS_CMPT_PC_CD,Serbia,62.68855
2020,ER_FFS_CMPT_PC_CD,Serbia,42.28877
2015,ER_FFS_CMPT_PC_CD,Slovakia,38.10325
2016,ER_FFS_CMPT_PC_CD,Slovakia,42.3013
2017,ER_FFS_CMPT_PC_CD,Slovakia,74.31642
2018,ER_FFS_CMPT_PC_CD,Slovakia,101.78022
2019,ER_FFS_CMPT_PC_CD,Slovakia,58.20892
2020,ER_FFS_CMPT_PC_CD,Slovakia,32.95685
2021,ER_FFS_CMPT_PC_CD,Slovakia,170.68236
2010,ER_FFS_CMPT_PC_CD,Viet Nam,32.27108
2011,ER_FFS_CMPT_PC_CD,Viet Nam,42.02619
2012,ER_FFS_CMPT_PC_CD,Viet Nam,55.56589
2013,ER_FFS_CMPT_PC_CD,Viet Nam,19.2775
2014,ER_FFS_CMPT_PC_CD,Viet Nam,12.20821
2015,ER_FFS_CMPT_PC_CD,Viet Nam,0.83702
2016,ER_FFS_CMPT_PC_CD,Viet Nam,1.14209
2017,ER_FFS_CMPT_PC_CD,Viet Nam,2.00604
2018,ER_FFS_CMPT_PC_CD,Viet Nam,6.14432
2019,ER_FFS_CMPT_PC_CD,Viet Nam,4.84185
2020,ER_FFS_CMPT_PC_CD,Viet Nam,4.07324
2021,ER_FFS_CMPT_PC_CD,Viet Nam,46.60546
2010,ER_FFS_CMPT_PC_CD,Slovenia,92.75868
2011,ER_FFS_CMPT_PC_CD,Slovenia,72.29214
2012,ER_FFS_CMPT_PC_CD,Slovenia,71.78849
2013,ER_FFS_CMPT_PC_CD,Slovenia,80.37536
2014,ER_FFS_CMPT_PC_CD,Slovenia,87.63464
2015,ER_FFS_CMPT_PC_CD,Slovenia,76.66583
2016,ER_FFS_CMPT_PC_CD,Slovenia,81.26895
2017,ER_FFS_CMPT_PC_CD,Slovenia,86.40268
2018,ER_FFS_CMPT_PC_CD,Slovenia,81.31702
2019,ER_FFS_CMPT_PC_CD,Slovenia,64.19186
2020,ER_FFS_CMPT_PC_CD,Slovenia,57.89551
2021,ER_FFS_CMPT_PC_CD,Slovenia,61.34498
2010,ER_FFS_CMPT_PC_CD,Spain,100.36463
2011,ER_FFS_CMPT_PC_CD,Spain,74.07767
2012,ER_FFS_CMPT_PC_CD,Spain,63.13026
2013,ER_FFS_CMPT_PC_CD,Spain,56.12611
2014,ER_FFS_CMPT_PC_CD,Spain,51.61817
2015,ER_FFS_CMPT_PC_CD,Spain,46.18384
2016,ER_FFS_CMPT_PC_CD,Spain,42.45574
2017,ER_FFS_CMPT_PC_CD,Spain,40.45262
2018,ER_FFS_CMPT_PC_CD,Spain,43.42965
2019,ER_FFS_CMPT_PC_CD,Spain,38.34968
2020,ER_FFS_CMPT_PC_CD,Spain,36.62477
2021,ER_FFS_CMPT_PC_CD,Spain,35.45866
2010,ER_FFS_CMPT_PC_CD,Sweden,361.58454
2011,ER_FFS_CMPT_PC_CD,Sweden,339.47714
2012,ER_FFS_CMPT_PC_CD,Sweden,240.33577
2013,ER_FFS_CMPT_PC_CD,Sweden,199.91974
2014,ER_FFS_CMPT_PC_CD,Sweden,210.06995
2015,ER_FFS_CMPT_PC_CD,Sweden,146.1145
2016,ER_FFS_CMPT_PC_CD,Sweden,158.04126
2017,ER_FFS_CMPT_PC_CD,Sweden,141.49453
2018,ER_FFS_CMPT_PC_CD,Sweden,154.07936
2019,ER_FFS_CMPT_PC_CD,Sweden,165.31623
2020,ER_FFS_CMPT_PC_CD,Sweden,204.77649
2021,ER_FFS_CMPT_PC_CD,Sweden,255.82341
2010,ER_FFS_CMPT_PC_CD,Switzerland,247.04754
2011,ER_FFS_CMPT_PC_CD,Switzerland,310.88775
2012,ER_FFS_CMPT_PC_CD,Switzerland,296.44175
2013,ER_FFS_CMPT_PC_CD,Switzerland,287.21766
2014,ER_FFS_CMPT_PC_CD,Switzerland,301.41101
2015,ER_FFS_CMPT_PC_CD,Switzerland,296.48479
2016,ER_FFS_CMPT_PC_CD,Switzerland,297.37686
2017,ER_FFS_CMPT_PC_CD,Switzerland,287.59548
2018,ER_FFS_CMPT_PC_CD,Switzerland,297.15418
2019,ER_FFS_CMPT_PC_CD,Switzerland,299.86175
2020,ER_FFS_CMPT_PC_CD,Switzerland,178.27743
2021,ER_FFS_CMPT_PC_CD,Switzerland,190.6446
2010,ER_FFS_CMPT_PC_CD,Таджикистан,16.39187
2011,ER_FFS_CMPT_PC_CD,Таджикистан,21.45119
2012,ER_FFS_CMPT_PC_CD,Таджикистан,28.43913
2013,ER_FFS_CMPT_PC_CD,Таджикистан,34.86739
2014,ER_FFS_CMPT_PC_CD,Таджикистан,31.18523
2015,ER_FFS_CMPT_PC_CD,Таджикистан,61.47836
2016,ER_FFS_CMPT_PC_CD,Таджикистан,62.66893
2017,ER_FFS_CMPT_PC_CD,Таджикистан,70.52834
2018,ER_FFS_CMPT_PC_CD,Таджикистан,62.96392
2019,ER_FFS_CMPT_PC_CD,Таджикистан,70.60056
2020,ER_FFS_CMPT_PC_CD,Таджикистан,69.22622
2010,ER_FFS_CMPT_PC_CD,United Arab Emirates,2254.65444
2011,ER_FFS_CMPT_PC_CD,United Arab Emirates,2332.96074
2012,ER_FFS_CMPT_PC_CD,United Arab Emirates,2821.78378
2013,ER_FFS_CMPT_PC_CD,United Arab Emirates,2700.48813
2014,ER_FFS_CMPT_PC_CD,United Arab Emirates,1998.02402
2015,ER_FFS_CMPT_PC_CD,United Arab Emirates,1239.44701
2016,ER_FFS_CMPT_PC_CD,United Arab Emirates,919.60206
2017,ER_FFS_CMPT_PC_CD,United Arab Emirates,874.54274
2018,ER_FFS_CMPT_PC_CD,United Arab Emirates,960.70404
2019,ER_FFS_CMPT_PC_CD,United Arab Emirates,668.47218
2020,ER_FFS_CMPT_PC_CD,United Arab Emirates,465.10057
2021,ER_FFS_CMPT_PC_CD,United Arab Emirates,1865.31912
2010,ER_FFS_CMPT_PC_CD,Türkiye,13.63628
2011,ER_FFS_CMPT_PC_CD,Türkiye,14.58677
2012,ER_FFS_CMPT_PC_CD,Türkiye,14.24086
2013,ER_FFS_CMPT_PC_CD,Türkiye,14.27309
2014,ER_FFS_CMPT_PC_CD,Türkiye,59.73922
2015,ER_FFS_CMPT_PC_CD,Türkiye,55.30122
2016,ER_FFS_CMPT_PC_CD,Türkiye,56.11442
2017,ER_FFS_CMPT_PC_CD,Türkiye,66.02395
2018,ER_FFS_CMPT_PC_CD,Türkiye,57.12846
2019,ER_FFS_CMPT_PC_CD,Türkiye,42.1823
2020,ER_FFS_CMPT_PC_CD,Türkiye,33.62786
2021,ER_FFS_CMPT_PC_CD,Türkiye,47.9697
2010,ER_FFS_CMPT_PC_CD,Туркменистан,1359.96579
2011,ER_FFS_CMPT_PC_CD,Туркменистан,1534.88937
2012,ER_FFS_CMPT_PC_CD,Туркменистан,1634.01972
2013,ER_FFS_CMPT_PC_CD,Туркменистан,1672.21903
2014,ER_FFS_CMPT_PC_CD,Туркменистан,1510.92864
2015,ER_FFS_CMPT_PC_CD,Туркменистан,868.7222
2016,ER_FFS_CMPT_PC_CD,Туркменистан,610.5286
2017,ER_FFS_CMPT_PC_CD,Туркменистан,627.15333
2018,ER_FFS_CMPT_PC_CD,Туркменистан,745.11108
2019,ER_FFS_CMPT_PC_CD,Туркменистан,481.09446
2020,ER_FFS_CMPT_PC_CD,Туркменистан,241.85275
2021,ER_FFS_CMPT_PC_CD,Туркменистан,1067.28217
2010,ER_FFS_CMPT_PC_CD,Ukraine,44.80178
2011,ER_FFS_CMPT_PC_CD,Ukraine,54.95476
2012,ER_FFS_CMPT_PC_CD,Ukraine,107.6631
2013,ER_FFS_CMPT_PC_CD,Ukraine,66.46449
2014,ER_FFS_CMPT_PC_CD,Ukraine,50.50176
2015,ER_FFS_CMPT_PC_CD,Ukraine,22.82959
2016,ER_FFS_CMPT_PC_CD,Ukraine,39.13285
2017,ER_FFS_CMPT_PC_CD,Ukraine,57.78762
2018,ER_FFS_CMPT_PC_CD,Ukraine,57.67182
2019,ER_FFS_CMPT_PC_CD,Ukraine,44.79807
2020,ER_FFS_CMPT_PC_CD,Ukraine,62.72547
2021,ER_FFS_CMPT_PC_CD,Ukraine,37.51518
2010,ER_FFS_CMPT_PC_CD,North Macedonia,0.0
2011,ER_FFS_CMPT_PC_CD,North Macedonia,0.0
2012,ER_FFS_CMPT_PC_CD,North Macedonia,0.0
2013,ER_FFS_CMPT_PC_CD,North Macedonia,0.0
2014,ER_FFS_CMPT_PC_CD,North Macedonia,0.0
2015,ER_FFS_CMPT_PC_CD,North Macedonia,14.97383
2016,ER_FFS_CMPT_PC_CD,North Macedonia,9.15978
2017,ER_FFS_CMPT_PC_CD,North Macedonia,73.66697
2018,ER_FFS_CMPT_PC_CD,North Macedonia,69.83297
2019,ER_FFS_CMPT_PC_CD,North Macedonia,74.41012
2020,ER_FFS_CMPT_PC_CD,North Macedonia,37.77979
2015,ER_FFS_CMPT_PC_CD,United Kingdom of Great Britain and Northern Ireland,79.0512
2016,ER_FFS_CMPT_PC_CD,United Kingdom of Great Britain and Northern Ireland,50.21747
2017,ER_FFS_CMPT_PC_CD,United Kingdom of Great Britain and Northern Ireland,39.51269
2018,ER_FFS_CMPT_PC_CD,United Kingdom of Great Britain and Northern Ireland,33.95929
2019,ER_FFS_CMPT_PC_CD,United Kingdom of Great Britain and Northern Ireland,42.99697
2020,ER_FFS_CMPT_PC_CD,United Kingdom of Great Britain and Northern Ireland,38.03656
2010,ER_FFS_CMPT_PC_CD,Узбекистан,487.25318
2011,ER_FFS_CMPT_PC_CD,Узбекистан,490.99795
2012,ER_FFS_CMPT_PC_CD,Узбекистан,424.05351
2013,ER_FFS_CMPT_PC_CD,Узбекистан,373.53153
2014,ER_FFS_CMPT_PC_CD,Узбекистан,305.98984
2015,ER_FFS_CMPT_PC_CD,Узбекистан,186.28447
2016,ER_FFS_CMPT_PC_CD,Узбекистан,131.42433
2017,ER_FFS_CMPT_PC_CD,Узбекистан,200.79979
2018,ER_FFS_CMPT_PC_CD,Узбекистан,261.26202
2019,ER_FFS_CMPT_PC_CD,Узбекистан,165.9714
2020,ER_FFS_CMPT_PC_CD,Узбекистан,111.77553
2021,ER_FFS_CMPT_PC_CD,Узбекистан,381.92718
2019,ER_FFS_CMPT_PC_CD,Armenia,1.56066
2020,ER_FFS_CMPT_PC_CD,Armenia,4.14028
2021,ER_FFS_CMPT_PC_CD,Armenia,0.27157
2010,ER_FFS_CMPT_PC_CD,Belgium,261.26625
2011,ER_FFS_CMPT_PC_CD,Belgium,261.34303
2012,ER_FFS_CMPT_PC_CD,Belgium,243.54183
2013,ER_FFS_CMPT_PC_CD,Belgium,271.85526
2014,ER_FFS_CMPT_PC_CD,Belgium,229.16155
2015,ER_FFS_CMPT_PC_CD,Belgium,218.23454
2016,ER_FFS_CMPT_PC_CD,Belgium,228.19645
2017,ER_FFS_CMPT_PC_CD,Belgium,260.13755
2018,ER_FFS_CMPT_PC_CD,Belgium,292.77686
2019,ER_FFS_CMPT_PC_CD,Belgium,308.28826
2020,ER_FFS_CMPT_PC_CD,Belgium,339.17572
2021,ER_FFS_CMPT_PC_CD,Belgium,323.02602
2010,ER_FFS_CMPT_PC_CD,Bosnia and Herzegovina,0.0
2011,ER_FFS_CMPT_PC_CD,Bosnia and Herzegovina,0.0
2012,ER_FFS_CMPT_PC_CD,Bosnia and Herzegovina,0.0
2013,ER_FFS_CMPT_PC_CD,Bosnia and Herzegovina,0.0
2014,ER_FFS_CMPT_PC_CD,Bosnia and Herzegovina,0.0
2015,ER_FFS_CMPT_PC_CD,Bosnia and Herzegovina,1.84937
2016,ER_FFS_CMPT_PC_CD,Bosnia and Herzegovina,2.27263
2017,ER_FFS_CMPT_PC_CD,Bosnia and Herzegovina,3.70963
2018,ER_FFS_CMPT_PC_CD,Bosnia and Herzegovina,4.01377
2019,ER_FFS_CMPT_PC_CD,Bosnia and Herzegovina,11.94642
2020,ER_FFS_CMPT_PC_CD,Bosnia and Herzegovina,4.64252
2010,ER_FFS_CMPT_PC_CD,Bulgaria,0.0
2011,ER_FFS_CMPT_PC_CD,Bulgaria,0.0
2012,ER_FFS_CMPT_PC_CD,Bulgaria,0.0
2013,ER_FFS_CMPT_PC_CD,Bulgaria,0.0
2014,ER_FFS_CMPT_PC_CD,Bulgaria,0.0
2015,ER_FFS_CMPT_PC_CD,Bulgaria,249.87703
2016,ER_FFS_CMPT_PC_CD,Bulgaria,163.73079
2017,ER_FFS_CMPT_PC_CD,Bulgaria,350.04971
2018,ER_FFS_CMPT_PC_CD,Bulgaria,411.65864
2019,ER_FFS_CMPT_PC_CD,Bulgaria,361.67352
2020,ER_FFS_CMPT_PC_CD,Bulgaria,353.32933
2010,ER_FFS_CMPT_PC_CD,Belarus,60.98633
2011,ER_FFS_CMPT_PC_CD,Belarus,16.47236
2012,ER_FFS_CMPT_PC_CD,Belarus,20.24836
2013,ER_FFS_CMPT_PC_CD,Belarus,31.15613
2014,ER_FFS_CMPT_PC_CD,Belarus,32.76789
2015,ER_FFS_CMPT_PC_CD,Belarus,1.82577
2016,ER_FFS_CMPT_PC_CD,Belarus,7.23949
2017,ER_FFS_CMPT_PC_CD,Belarus,11.24232
2018,ER_FFS_CMPT_PC_CD,Belarus,8.71068
2019,ER_FFS_CMPT_PC_CD,Belarus,8.71677
2020,ER_FFS_CMPT_PC_CD,Belarus,7.46242
2021,ER_FFS_CMPT_PC_CD,Belarus,12.19365
2010,ER_FFS_CMPT_PC_CD,Canada,135.40039
2011,ER_FFS_CMPT_PC_CD,Canada,84.2654
2012,ER_FFS_CMPT_PC_CD,Canada,91.70689
2013,ER_FFS_CMPT_PC_CD,Canada,91.9235
2014,ER_FFS_CMPT_PC_CD,Canada,93.49824
2015,ER_FFS_CMPT_PC_CD,Canada,61.64197
2016,ER_FFS_CMPT_PC_CD,Canada,67.26486
2017,ER_FFS_CMPT_PC_CD,Canada,67.87404
2018,ER_FFS_CMPT_PC_CD,Canada,59.54884
2019,ER_FFS_CMPT_PC_CD,Canada,60.00693
2020,ER_FFS_CMPT_PC_CD,Canada,103.57091
2021,ER_FFS_CMPT_PC_CD,Canada,83.59876
2010,ER_FFS_CMPT_PC_CD,Chile,105.09543
2011,ER_FFS_CMPT_PC_CD,Chile,35.77173
2012,ER_FFS_CMPT_PC_CD,Chile,36.22055
2013,ER_FFS_CMPT_PC_CD,Chile,38.42704
2014,ER_FFS_CMPT_PC_CD,Chile,55.46325
2015,ER_FFS_CMPT_PC_CD,Chile,79.64295
2016,ER_FFS_CMPT_PC_CD,Chile,92.33027
2017,ER_FFS_CMPT_PC_CD,Chile,101.6522
2018,ER_FFS_CMPT_PC_CD,Chile,81.45654
2019,ER_FFS_CMPT_PC_CD,Chile,86.44446
2020,ER_FFS_CMPT_PC_CD,Chile,73.58358
2021,ER_FFS_CMPT_PC_CD,Chile,99.32764
2010,ER_FFS_CMPT_PC_CD,China,13.82093
2011,ER_FFS_CMPT_PC_CD,China,16.33785
2012,ER_FFS_CMPT_PC_CD,China,28.94296
2013,ER_FFS_CMPT_PC_CD,China,29.07414
2014,ER_FFS_CMPT_PC_CD,China,33.57849
2015,ER_FFS_CMPT_PC_CD,China,33.59502
2016,ER_FFS_CMPT_PC_CD,China,20.1592
2017,ER_FFS_CMPT_PC_CD,China,20.9442
2018,ER_FFS_CMPT_PC_CD,China,20.9336
2019,ER_FFS_CMPT_PC_CD,China,19.28348
2020,ER_FFS_CMPT_PC_CD,China,16.20902
2021,ER_FFS_CMPT_PC_CD,China,17.37233
2010,ER_FFS_CMPT_PC_CD,Colombia,57.49092
2011,ER_FFS_CMPT_PC_CD,Colombia,49.23133
2012,ER_FFS_CMPT_PC_CD,Colombia,42.49252
2013,ER_FFS_CMPT_PC_CD,Colombia,43.08696
2014,ER_FFS_CMPT_PC_CD,Colombia,44.75082
2015,ER_FFS_CMPT_PC_CD,Colombia,27.70749
2016,ER_FFS_CMPT_PC_CD,Colombia,26.70173
2017,ER_FFS_CMPT_PC_CD,Colombia,36.01094
2018,ER_FFS_CMPT_PC_CD,Colombia,49.81049
2019,ER_FFS_CMPT_PC_CD,Colombia,35.49518
2020,ER_FFS_CMPT_PC_CD,Colombia,20.70548
2021,ER_FFS_CMPT_PC_CD,Colombia,79.28301
2010,ER_FFS_CMPT_PC_CD,Costa Rica,12.50145
2011,ER_FFS_CMPT_PC_CD,Costa Rica,13.80613
2012,ER_FFS_CMPT_PC_CD,Costa Rica,13.38945
2013,ER_FFS_CMPT_PC_CD,Costa Rica,13.45155
2014,ER_FFS_CMPT_PC_CD,Costa Rica,13.005
2015,ER_FFS_CMPT_PC_CD,Costa Rica,14.40436
2016,ER_FFS_CMPT_PC_CD,Costa Rica,21.60701
2017,ER_FFS_CMPT_PC_CD,Costa Rica,20.58954
2018,ER_FFS_CMPT_PC_CD,Costa Rica,19.5914
2019,ER_FFS_CMPT_PC_CD,Costa Rica,20.4418
2020,ER_FFS_CMPT_PC_CD,Costa Rica,14.08818
2021,ER_FFS_CMPT_PC_CD,Costa Rica,16.71234
2010,ER_FFS_CMPT_PC_CD,Croatia,0.0
2011,ER_FFS_CMPT_PC_CD,Croatia,0.0
2012,ER_FFS_CMPT_PC_CD,Croatia,0.0
2013,ER_FFS_CMPT_PC_CD,Croatia,0.0
2014,ER_FFS_CMPT_PC_CD,Croatia,0.0
2015,ER_FFS_CMPT_PC_CD,Croatia,21.49388
2016,ER_FFS_CMPT_PC_CD,Croatia,86.90158
2017,ER_FFS_CMPT_PC_CD,Croatia,105.58584
2018,ER_FFS_CMPT_PC_CD,Croatia,108.59462
2019,ER_FFS_CMPT_PC_CD,Croatia,100.73931
2020,ER_FFS_CMPT_PC_CD,Croatia,84.40916
2010,ER_FFS_CMPT_PC_CD,Cyprus,0.0
2011,ER_FFS_CMPT_PC_CD,Cyprus,0.0
2012,ER_FFS_CMPT_PC_CD,Cyprus,0.0
2013,ER_FFS_CMPT_PC_CD,Cyprus,0.0
2014,ER_FFS_CMPT_PC_CD,Cyprus,0.0
2015,ER_FFS_CMPT_PC_CD,Cyprus,23.35646
2016,ER_FFS_CMPT_PC_CD,Cyprus,125.53554
2017,ER_FFS_CMPT_PC_CD,Cyprus,54.82641
2018,ER_FFS_CMPT_PC_CD,Cyprus,0.0
2019,ER_FFS_CMPT_PC_CD,Cyprus,0.0
2020,ER_FFS_CMPT_PC_CD,Cyprus,52.23179
2010,ER_FFS_CMPT_PC_CD,Czechia,36.48315
2011,ER_FFS_CMPT_PC_CD,Czechia,38.77872
2012,ER_FFS_CMPT_PC_CD,Czechia,34.71399
2013,ER_FFS_CMPT_PC_CD,Czechia,30.89808
2014,ER_FFS_CMPT_PC_CD,Czechia,27.41461
2015,ER_FFS_CMPT_PC_CD,Czechia,23.63563
2016,ER_FFS_CMPT_PC_CD,Czechia,21.18767
2017,ER_FFS_CMPT_PC_CD,Czechia,24.68284
2018,ER_FFS_CMPT_PC_CD,Czechia,26.15917
2019,ER_FFS_CMPT_PC_CD,Czechia,33.94145
2020,ER_FFS_CMPT_PC_CD,Czechia,34.33492
2021,ER_FFS_CMPT_PC_CD,Czechia,38.75628
2010,ER_FFS_CMPT_PC_CD,Denmark,234.89689
2011,ER_FFS_CMPT_PC_CD,Denmark,260.45672
2012,ER_FFS_CMPT_PC_CD,Denmark,203.43103
2013,ER_FFS_CMPT_PC_CD,Denmark,211.27484
2014,ER_FFS_CMPT_PC_CD,Denmark,210.47419
2015,ER_FFS_CMPT_PC_CD,Denmark,156.21298
2016,ER_FFS_CMPT_PC_CD,Denmark,150.65464
2017,ER_FFS_CMPT_PC_CD,Denmark,201.45077
2018,ER_FFS_CMPT_PC_CD,Denmark,226.83994
2019,ER_FFS_CMPT_PC_CD,Denmark,225.58163
2020,ER_FFS_CMPT_PC_CD,Denmark,243.51706
2021,ER_FFS_CMPT_PC_CD,Denmark,258.99507
2010,ER_FFS_CMPT_PC_CD,Estonia,93.19515
2011,ER_FFS_CMPT_PC_CD,Estonia,99.09362
2012,ER_FFS_CMPT_PC_CD,Estonia,76.66195
2013,ER_FFS_CMPT_PC_CD,Estonia,66.0642
2014,ER_FFS_CMPT_PC_CD,Estonia,61.16846
2015,ER_FFS_CMPT_PC_CD,Estonia,43.48739
2016,ER_FFS_CMPT_PC_CD,Estonia,31.37862
2017,ER_FFS_CMPT_PC_CD,Estonia,36.90981
2018,ER_FFS_CMPT_PC_CD,Estonia,36.57064
2019,ER_FFS_CMPT_PC_CD,Estonia,38.32507
2020,ER_FFS_CMPT_PC_CD,Estonia,29.8848
2021,ER_FFS_CMPT_PC_CD,Estonia,31.60559
2010,ER_FFS_CMPT_PC_CD,Finland,191.64906
2011,ER_FFS_CMPT_PC_CD,Finland,194.07403
2012,ER_FFS_CMPT_PC_CD,Finland,197.08869
2013,ER_FFS_CMPT_PC_CD,Finland,228.57129
2014,ER_FFS_CMPT_PC_CD,Finland,312.57844
2015,ER_FFS_CMPT_PC_CD,Finland,248.14123
2016,ER_FFS_CMPT_PC_CD,Finland,262.62182
2017,ER_FFS_CMPT_PC_CD,Finland,270.7241
2018,ER_FFS_CMPT_PC_CD,Finland,298.34679
2019,ER_FFS_CMPT_PC_CD,Finland,266.06057
2020,ER_FFS_CMPT_PC_CD,Finland,279.46984
2021,ER_FFS_CMPT_PC_CD,Finland,272.82406
2010,ER_FFS_CMPT_PC_CD,France,57.9857
2011,ER_FFS_CMPT_PC_CD,France,95.41496
2012,ER_FFS_CMPT_PC_CD,France,98.00744
2013,ER_FFS_CMPT_PC_CD,France,98.66654
2014,ER_FFS_CMPT_PC_CD,France,94.72777
2015,ER_FFS_CMPT_PC_CD,France,87.25953
2016,ER_FFS_CMPT_PC_CD,France,99.20167
2017,ER_FFS_CMPT_PC_CD,France,115.75126
2018,ER_FFS_CMPT_PC_CD,France,157.83825
2019,ER_FFS_CMPT_PC_CD,France,156.84384
2020,ER_FFS_CMPT_PC_CD,France,143.75675
2021,ER_FFS_CMPT_PC_CD,France,154.13825
2010,ER_FFS_CMPT_PC_CD,Georgia,1.72523
2011,ER_FFS_CMPT_PC_CD,Georgia,1.77295
2012,ER_FFS_CMPT_PC_CD,Georgia,2.03358
2013,ER_FFS_CMPT_PC_CD,Georgia,2.9629
2014,ER_FFS_CMPT_PC_CD,Georgia,2.8907
2015,ER_FFS_CMPT_PC_CD,Georgia,2.7797
2016,ER_FFS_CMPT_PC_CD,Georgia,2.11733
2017,ER_FFS_CMPT_PC_CD,Georgia,2.26444
2018,ER_FFS_CMPT_PC_CD,Georgia,2.37501
2019,ER_FFS_CMPT_PC_CD,Georgia,2.46299
2020,ER_FFS_CMPT_PC_CD,Georgia,14.78663
2021,ER_FFS_CMPT_PC_CD,Georgia,5.16657
2010,ER_FFS_CMPT_PC_CD,Germany,167.46489
2011,ER_FFS_CMPT_PC_CD,Germany,156.62518
2012,ER_FFS_CMPT_PC_CD,Germany,146.09396
2013,ER_FFS_CMPT_PC_CD,Germany,140.3726
2014,ER_FFS_CMPT_PC_CD,Germany,144.555
2015,ER_FFS_CMPT_PC_CD,Germany,117.81447
2016,ER_FFS_CMPT_PC_CD,Germany,124.83183
2017,ER_FFS_CMPT_PC_CD,Germany,116.3608
2018,ER_FFS_CMPT_PC_CD,Germany,120.12721
2019,ER_FFS_CMPT_PC_CD,Germany,105.82291
2020,ER_FFS_CMPT_PC_CD,Germany,115.72264
2021,ER_FFS_CMPT_PC_CD,Germany,94.2653
2010,ER_FFS_CMPT_PC_CD,Greece,281.08427
2011,ER_FFS_CMPT_PC_CD,Greece,281.67699
2012,ER_FFS_CMPT_PC_CD,Greece,349.97786
2013,ER_FFS_CMPT_PC_CD,Greece,371.34195
2014,ER_FFS_CMPT_PC_CD,Greece,295.3877
2015,ER_FFS_CMPT_PC_CD,Greece,220.39083
2016,ER_FFS_CMPT_PC_CD,Greece,191.57798
2017,ER_FFS_CMPT_PC_CD,Greece,221.90463
2018,ER_FFS_CMPT_PC_CD,Greece,219.45524
2019,ER_FFS_CMPT_PC_CD,Greece,202.33272
2020,ER_FFS_CMPT_PC_CD,Greece,182.88336
2021,ER_FFS_CMPT_PC_CD,Greece,203.40702
2010,ER_FFS_CMPT_PC_CD,Hungary,45.26716
2011,ER_FFS_CMPT_PC_CD,Hungary,48.79092
2012,ER_FFS_CMPT_PC_CD,Hungary,40.2961
2013,ER_FFS_CMPT_PC_CD,Hungary,40.81755
2014,ER_FFS_CMPT_PC_CD,Hungary,40.16942
2015,ER_FFS_CMPT_PC_CD,Hungary,43.23675
2016,ER_FFS_CMPT_PC_CD,Hungary,30.61756
2017,ER_FFS_CMPT_PC_CD,Hungary,34.22344
2018,ER_FFS_CMPT_PC_CD,Hungary,37.03571
2019,ER_FFS_CMPT_PC_CD,Hungary,30.80611
2020,ER_FFS_CMPT_PC_CD,Hungary,36.74699
2021,ER_FFS_CMPT_PC_CD,Hungary,24.584
2010,ER_FFS_CMPT_PC_CD,Iceland,0.0
2011,ER_FFS_CMPT_PC_CD,Iceland,0.0
2012,ER_FFS_CMPT_PC_CD,Iceland,0.0
2013,ER_FFS_CMPT_PC_CD,Iceland,0.0
2014,ER_FFS_CMPT_PC_CD,Iceland,0.0
2015,ER_FFS_CMPT_PC_CD,Iceland,0.0
2016,ER_FFS_CMPT_PC_CD,Iceland,0.0
2017,ER_FFS_CMPT_PC_CD,Iceland,0.0
2018,ER_FFS_CMPT_PC_CD,Iceland,0.0
2019,ER_FFS_CMPT_PC_CD,Iceland,0.0
2020,ER_FFS_CMPT_PC_CD,Iceland,0.0
2021,ER_FFS_CMPT_PC_CD,Iceland,0.0
2010,ER_FFS_CMPT_PC_CD,India,6.66594
2011,ER_FFS_CMPT_PC_CD,India,11.05541
2012,ER_FFS_CMPT_PC_CD,India,11.49214
2013,ER_FFS_CMPT_PC_CD,India,16.04002
2014,ER_FFS_CMPT_PC_CD,India,10.03146
2015,ER_FFS_CMPT_PC_CD,India,9.61273
2016,ER_FFS_CMPT_PC_CD,India,7.7081
2017,ER_FFS_CMPT_PC_CD,India,8.16154
2018,ER_FFS_CMPT_PC_CD,India,9.63015
2019,ER_FFS_CMPT_PC_CD,India,7.20026
2020,ER_FFS_CMPT_PC_CD,India,4.32482
2021,ER_FFS_CMPT_PC_CD,India,3.01243
2015,ER_FFS_CMPT_PC_CD,Ireland,580.56265
2016,ER_FFS_CMPT_PC_CD,Ireland,556.85667
2017,ER_FFS_CMPT_PC_CD,Ireland,599.39763
2018,ER_FFS_CMPT_PC_CD,Ireland,683.50878
2019,ER_FFS_CMPT_PC_CD,Ireland,640.70013
2020,ER_FFS_CMPT_PC_CD,Ireland,497.41868
2010,ER_FFS_CMPT_PC_CD,Israel,78.0422
2011,ER_FFS_CMPT_PC_CD,Israel,91.17004
2012,ER_FFS_CMPT_PC_CD,Israel,109.29367
2013,ER_FFS_CMPT_PC_CD,Israel,124.01097
2014,ER_FFS_CMPT_PC_CD,Israel,123.30056
2015,ER_FFS_CMPT_PC_CD,Israel,117.49102
2016,ER_FFS_CMPT_PC_CD,Israel,121.84075
2017,ER_FFS_CMPT_PC_CD,Israel,132.35109
2018,ER_FFS_CMPT_PC_CD,Israel,135.60786
2019,ER_FFS_CMPT_PC_CD,Israel,135.29475
2020,ER_FFS_CMPT_PC_CD,Israel,124.54706
2021,ER_FFS_CMPT_PC_CD,Israel,134.85969
2010,ER_FFS_CMPT_PC_CD,Italy,128.02992
2011,ER_FFS_CMPT_PC_CD,Italy,166.36533
2012,ER_FFS_CMPT_PC_CD,Italy,198.41097
2013,ER_FFS_CMPT_PC_CD,Italy,213.94485
2014,ER_FFS_CMPT_PC_CD,Italy,219.92832
2015,ER_FFS_CMPT_PC_CD,Italy,190.52702
2016,ER_FFS_CMPT_PC_CD,Italy,185.27038
2017,ER_FFS_CMPT_PC_CD,Italy,161.7816
2018,ER_FFS_CMPT_PC_CD,Italy,184.46405
2019,ER_FFS_CMPT_PC_CD,Italy,190.08573
2020,ER_FFS_CMPT_PC_CD,Italy,172.83459
2021,ER_FFS_CMPT_PC_CD,Italy,209.59667
2010,ER_FFS_CMPT_PC_CD,Japan,16.98767
2011,ER_FFS_CMPT_PC_CD,Japan,22.94577
2012,ER_FFS_CMPT_PC_CD,Japan,27.90686
2013,ER_FFS_CMPT_PC_CD,Japan,29.56709
2014,ER_FFS_CMPT_PC_CD,Japan,22.60994
2015,ER_FFS_CMPT_PC_CD,Japan,22.56401
2016,ER_FFS_CMPT_PC_CD,Japan,26.10869
2017,ER_FFS_CMPT_PC_CD,Japan,21.19752
2018,ER_FFS_CMPT_PC_CD,Japan,17.4399
2019,ER_FFS_CMPT_PC_CD,Japan,18.96457
2020,ER_FFS_CMPT_PC_CD,Japan,17.83704
2021,ER_FFS_CMPT_PC_CD,Japan,26.09674
2010,ER_FFS_CMPT_PC_CD,Казахстан,373.61357
2011,ER_FFS_CMPT_PC_CD,Казахстан,519.44005
2012,ER_FFS_CMPT_PC_CD,Казахстан,449.32698
2013,ER_FFS_CMPT_PC_CD,Казахстан,337.33545
2014,ER_FFS_CMPT_PC_CD,Казахстан,314.69807
2015,ER_FFS_CMPT_PC_CD,Казахстан,168.24693
2016,ER_FFS_CMPT_PC_CD,Казахстан,219.29653
2017,ER_FFS_CMPT_PC_CD,Казахстан,281.95355
2018,ER_FFS_CMPT_PC_CD,Казахстан,415.61119
2019,ER_FFS_CMPT_PC_CD,Казахстан,293.71306
2020,ER_FFS_CMPT_PC_CD,Казахстан,192.1563
2021,ER_FFS_CMPT_PC_CD,Казахстан,619.69657
2021,ER_FFS_CMPT_PC_CD,Казахстан,619.69657
