Year,SeriesCode,Страна ,Age,Freq,Location,Sex,Value
2000,ER_PTD_MTN,Albania,,,,,21.63053
2001,ER_PTD_MTN,Albania,,,,,21.63053
2002,ER_PTD_MTN,Albania,,,,,21.63053
2003,ER_PTD_MTN,Albania,,,,,21.63053
2004,ER_PTD_MTN,Albania,,,,,21.6336
2005,ER_PTD_MTN,Albania,,,,,21.6336
2006,ER_PTD_MTN,Albania,,,,,23.54735
2007,ER_PTD_MTN,Albania,,,,,26.17119
2008,ER_PTD_MTN,Albania,,,,,30.45205
2009,ER_PTD_MTN,Albania,,,,,30.45205
2010,ER_PTD_MTN,Albania,,,,,30.66174
2011,ER_PTD_MTN,Albania,,,,,34.8253
2012,ER_PTD_MTN,Albania,,,,,39.05133
2013,ER_PTD_MTN,Albania,,,,,39.10767
2014,ER_PTD_MTN,Albania,,,,,39.10767
2015,ER_PTD_MTN,Albania,,,,,39.10767
2016,ER_PTD_MTN,Albania,,,,,39.12337
2017,ER_PTD_MTN,Albania,,,,,39.12337
2000,ER_PTD_MTN,Chile,,,,,37.30506
2001,ER_PTD_MTN,Chile,,,,,37.30506
2002,ER_PTD_MTN,Chile,,,,,37.30506
2003,ER_PTD_MTN,Chile,,,,,37.30506
2004,ER_PTD_MTN,Chile,,,,,37.30506
2005,ER_PTD_MTN,Chile,,,,,38.69046
2006,ER_PTD_MTN,Chile,,,,,38.69046
2007,ER_PTD_MTN,Chile,,,,,38.69046
2008,ER_PTD_MTN,Chile,,,,,38.69046
2009,ER_PTD_MTN,Chile,,,,,39.57358
2010,ER_PTD_MTN,Chile,,,,,40.87422
2011,ER_PTD_MTN,Chile,,,,,40.87422
2012,ER_PTD_MTN,Chile,,,,,40.87422
2013,ER_PTD_MTN,Chile,,,,,42.17098
2014,ER_PTD_MTN,Chile,,,,,43.46968
2015,ER_PTD_MTN,Chile,,,,,44.18413
2016,ER_PTD_MTN,Chile,,,,,44.18413
2017,ER_PTD_MTN,Chile,,,,,44.26587
2018,ER_PTD_MTN,Albania,,,,,40.29851
2019,ER_PTD_MTN,Albania,,,,,40.29851
2020,ER_PTD_MTN,Albania,,,,,40.29851
2021,ER_PTD_MTN,Albania,,,,,40.29851
2022,ER_PTD_MTN,Albania,,,,,40.29851
2000,ER_PTD_MTN,Azerbaijan,,,,,32.89862
2000,ER_PTD_MTN,Hungary,,,,,51.12369
2001,ER_PTD_MTN,Hungary,,,,,51.12371
2002,ER_PTD_MTN,Hungary,,,,,51.12371
2003,ER_PTD_MTN,Hungary,,,,,51.12371
2004,ER_PTD_MTN,Hungary,,,,,78.46425
2005,ER_PTD_MTN,Hungary,,,,,78.46425
2018,ER_PTD_MTN,Chile,,,,,45.45157
2019,ER_PTD_MTN,Chile,,,,,45.46143
2020,ER_PTD_MTN,Chile,,,,,45.5006
2021,ER_PTD_MTN,Chile,,,,,45.50254
2022,ER_PTD_MTN,Chile,,,,,45.50269
2000,ER_PTD_MTN,China,,,,,3.63786
2001,ER_PTD_MTN,China,,,,,3.63786
2002,ER_PTD_MTN,China,,,,,3.63786
2003,ER_PTD_MTN,China,,,,,6.69163
2004,ER_PTD_MTN,China,,,,,7.09924
2005,ER_PTD_MTN,China,,,,,7.09924
2006,ER_PTD_MTN,China,,,,,9.9039
2007,ER_PTD_MTN,China,,,,,10.09408
2008,ER_PTD_MTN,China,,,,,10.09408
2009,ER_PTD_MTN,China,,,,,10.09408
2010,ER_PTD_MTN,China,,,,,10.19723
2011,ER_PTD_MTN,China,,,,,10.64637
2012,ER_PTD_MTN,China,,,,,10.64637
2006,ER_PTD_MTN,Hungary,,,,,78.46425
2007,ER_PTD_MTN,Hungary,,,,,78.46427
2008,ER_PTD_MTN,Hungary,,,,,78.46427
2009,ER_PTD_MTN,Hungary,,,,,78.46427
2010,ER_PTD_MTN,Hungary,,,,,81.0612
2011,ER_PTD_MTN,Hungary,,,,,81.0612
2012,ER_PTD_MTN,Hungary,,,,,81.0612
2013,ER_PTD_MTN,Hungary,,,,,81.0612
2014,ER_PTD_MTN,Hungary,,,,,81.06239
2015,ER_PTD_MTN,Hungary,,,,,81.06254
2016,ER_PTD_MTN,Hungary,,,,,81.06254
2017,ER_PTD_MTN,Hungary,,,,,81.06254
2000,ER_PTD_MTN,New Zealand,,,,,27.84178
2018,ER_PTD_MTN,Hungary,,,,,81.06254
2019,ER_PTD_MTN,Hungary,,,,,81.06254
2020,ER_PTD_MTN,Hungary,,,,,81.06254
2021,ER_PTD_MTN,Hungary,,,,,81.06254
2022,ER_PTD_MTN,Hungary,,,,,81.06254
2000,ER_PTD_MTN,Iceland,,,,,23.14508
2001,ER_PTD_MTN,New Zealand,,,,,27.84181
2002,ER_PTD_MTN,New Zealand,,,,,27.97234
2003,ER_PTD_MTN,New Zealand,,,,,27.9993
2004,ER_PTD_MTN,New Zealand,,,,,28.05325
2005,ER_PTD_MTN,New Zealand,,,,,28.62737
2006,ER_PTD_MTN,New Zealand,,,,,30.09448
2001,ER_PTD_MTN,Iceland,,,,,23.14508
2002,ER_PTD_MTN,Iceland,,,,,23.14508
2003,ER_PTD_MTN,Iceland,,,,,23.14508
2004,ER_PTD_MTN,Iceland,,,,,23.16985
2005,ER_PTD_MTN,Iceland,,,,,32.48418
2006,ER_PTD_MTN,Iceland,,,,,32.48418
2007,ER_PTD_MTN,New Zealand,,,,,30.49454
2008,ER_PTD_MTN,New Zealand,,,,,31.49461
2009,ER_PTD_MTN,New Zealand,,,,,32.82399
2010,ER_PTD_MTN,New Zealand,,,,,32.82481
2011,ER_PTD_MTN,New Zealand,,,,,32.82498
2012,ER_PTD_MTN,New Zealand,,,,,32.97984
2013,ER_PTD_MTN,New Zealand,,,,,33.2607
2014,ER_PTD_MTN,New Zealand,,,,,33.35879
2015,ER_PTD_MTN,New Zealand,,,,,33.82677
2016,ER_PTD_MTN,New Zealand,,,,,33.92836
2017,ER_PTD_MTN,New Zealand,,,,,33.93042
2018,ER_PTD_MTN,New Zealand,,,,,34.01366
2007,ER_PTD_MTN,Iceland,,,,,32.48418
2008,ER_PTD_MTN,Iceland,,,,,32.48418
2009,ER_PTD_MTN,Iceland,,,,,32.48418
2010,ER_PTD_MTN,Iceland,,,,,32.48418
2011,ER_PTD_MTN,Iceland,,,,,32.48418
2012,ER_PTD_MTN,Iceland,,,,,32.48418
2013,ER_PTD_MTN,China,,,,,11.03056
2014,ER_PTD_MTN,China,,,,,11.03056
2015,ER_PTD_MTN,China,,,,,11.03056
2016,ER_PTD_MTN,China,,,,,11.19294
2017,ER_PTD_MTN,China,,,,,11.19295
2018,ER_PTD_MTN,China,,,,,11.84824
2019,ER_PTD_MTN,New Zealand,,,,,34.01366
2020,ER_PTD_MTN,New Zealand,,,,,34.01585
2021,ER_PTD_MTN,New Zealand,,,,,34.01585
2022,ER_PTD_MTN,New Zealand,,,,,34.01585
2000,ER_PTD_MTN,Norway,,,,,37.27139
2001,ER_PTD_MTN,Norway,,,,,37.27139
2002,ER_PTD_MTN,Norway,,,,,37.76674
2003,ER_PTD_MTN,Norway,,,,,38.68932
2004,ER_PTD_MTN,Norway,,,,,46.02935
2005,ER_PTD_MTN,Norway,,,,,46.02935
2006,ER_PTD_MTN,Norway,,,,,56.75729
2007,ER_PTD_MTN,Norway,,,,,56.77016
2019,ER_PTD_MTN,China,,,,,11.84824
2020,ER_PTD_MTN,China,,,,,11.84824
2021,ER_PTD_MTN,China,,,,,11.84824
2022,ER_PTD_MTN,China,,,,,11.84824
2000,ER_PTD_MTN,Colombia,,,,,27.43047
2001,ER_PTD_MTN,Colombia,,,,,27.52242
2013,ER_PTD_MTN,Iceland,,,,,32.48418
2014,ER_PTD_MTN,Iceland,,,,,32.48418
2015,ER_PTD_MTN,Iceland,,,,,32.48418
2016,ER_PTD_MTN,Iceland,,,,,32.48418
2017,ER_PTD_MTN,Iceland,,,,,32.48418
2018,ER_PTD_MTN,Iceland,,,,,32.48418
2019,ER_PTD_MTN,Iceland,,,,,32.48418
2020,ER_PTD_MTN,Iceland,,,,,32.48418
2021,ER_PTD_MTN,Iceland,,,,,40.68288
2022,ER_PTD_MTN,Iceland,,,,,40.68288
2000,ER_PTD_MTN,India,,,,,1.13494
2001,ER_PTD_MTN,India,,,,,1.13494
2002,ER_PTD_MTN,Colombia,,,,,27.52242
2003,ER_PTD_MTN,Colombia,,,,,27.52242
2004,ER_PTD_MTN,Colombia,,,,,27.52255
2005,ER_PTD_MTN,Colombia,,,,,28.50898
2006,ER_PTD_MTN,Colombia,,,,,31.50953
2007,ER_PTD_MTN,Colombia,,,,,34.53832
2008,ER_PTD_MTN,Norway,,,,,58.33229
2009,ER_PTD_MTN,Norway,,,,,58.33229
2010,ER_PTD_MTN,Norway,,,,,58.33229
2011,ER_PTD_MTN,Norway,,,,,65.71634
2012,ER_PTD_MTN,Norway,,,,,65.71634
2013,ER_PTD_MTN,Norway,,,,,65.71634
2008,ER_PTD_MTN,Colombia,,,,,37.92684
2009,ER_PTD_MTN,Colombia,,,,,40.10509
2010,ER_PTD_MTN,Colombia,,,,,40.46621
2011,ER_PTD_MTN,Colombia,,,,,45.38754
2012,ER_PTD_MTN,Colombia,,,,,45.38788
2013,ER_PTD_MTN,Colombia,,,,,46.67175
2014,ER_PTD_MTN,Norway,,,,,66.19954
2015,ER_PTD_MTN,Norway,,,,,66.21376
2016,ER_PTD_MTN,Norway,,,,,66.21376
2017,ER_PTD_MTN,Norway,,,,,66.21376
2018,ER_PTD_MTN,Norway,,,,,66.74903
2019,ER_PTD_MTN,Norway,,,,,66.99626
2014,ER_PTD_MTN,Colombia,,,,,47.6865
2015,ER_PTD_MTN,Colombia,,,,,50.2421
2016,ER_PTD_MTN,Colombia,,,,,52.65053
2017,ER_PTD_MTN,Colombia,,,,,54.9348
2018,ER_PTD_MTN,Colombia,,,,,57.68949
2019,ER_PTD_MTN,Colombia,,,,,61.50104
2020,ER_PTD_MTN,Norway,,,,,66.99626
2021,ER_PTD_MTN,Norway,,,,,66.99626
2022,ER_PTD_MTN,Norway,,,,,66.99626
2000,ER_PTD_MTN,Poland,,,,,77.36022
2001,ER_PTD_MTN,Poland,,,,,77.36022
2002,ER_PTD_MTN,Poland,,,,,77.36022
2020,ER_PTD_MTN,Colombia,,,,,61.53698
2021,ER_PTD_MTN,Colombia,,,,,61.57578
2022,ER_PTD_MTN,Colombia,,,,,61.57578
2000,ER_PTD_MTN,Costa Rica,,,,,42.77912
2001,ER_PTD_MTN,Costa Rica,,,,,42.78855
2002,ER_PTD_MTN,Costa Rica,,,,,43.08991
2002,ER_PTD_MTN,India,,,,,1.13494
2003,ER_PTD_MTN,India,,,,,1.13494
2004,ER_PTD_MTN,India,,,,,1.13494
2005,ER_PTD_MTN,India,,,,,1.13494
2006,ER_PTD_MTN,India,,,,,1.13494
2007,ER_PTD_MTN,India,,,,,1.13494
2008,ER_PTD_MTN,India,,,,,1.13494
2009,ER_PTD_MTN,India,,,,,1.13494
2010,ER_PTD_MTN,India,,,,,1.13494
2011,ER_PTD_MTN,India,,,,,1.13494
2012,ER_PTD_MTN,India,,,,,9.47735
2013,ER_PTD_MTN,India,,,,,9.47735
2014,ER_PTD_MTN,India,,,,,9.84965
2015,ER_PTD_MTN,India,,,,,9.84965
2016,ER_PTD_MTN,India,,,,,10.06659
2017,ER_PTD_MTN,India,,,,,10.06659
2018,ER_PTD_MTN,India,,,,,10.06659
2019,ER_PTD_MTN,India,,,,,10.06659
2003,ER_PTD_MTN,Costa Rica,,,,,43.25062
2004,ER_PTD_MTN,Costa Rica,,,,,43.36453
2005,ER_PTD_MTN,Costa Rica,,,,,43.37345
2006,ER_PTD_MTN,Costa Rica,,,,,43.38182
2007,ER_PTD_MTN,Costa Rica,,,,,43.38476
2008,ER_PTD_MTN,Costa Rica,,,,,43.38476
2003,ER_PTD_MTN,Poland,,,,,77.36022
2004,ER_PTD_MTN,Poland,,,,,77.36027
2005,ER_PTD_MTN,Poland,,,,,77.36027
2006,ER_PTD_MTN,Poland,,,,,77.36027
2007,ER_PTD_MTN,Poland,,,,,84.78293
2008,ER_PTD_MTN,Poland,,,,,86.88529
2020,ER_PTD_MTN,India,,,,,10.06659
2021,ER_PTD_MTN,India,,,,,10.06659
2022,ER_PTD_MTN,India,,,,,10.06659
2000,ER_PTD_MTN,Ireland,,,,,27.28446
2001,ER_PTD_MTN,Ireland,,,,,27.28446
2002,ER_PTD_MTN,Ireland,,,,,27.28446
2001,ER_PTD_MTN,Azerbaijan,,,,,32.89862
2002,ER_PTD_MTN,Azerbaijan,,,,,32.89862
2003,ER_PTD_MTN,Azerbaijan,,,,,36.47725
2004,ER_PTD_MTN,Azerbaijan,,,,,41.7327
2005,ER_PTD_MTN,Azerbaijan,,,,,41.96663
2006,ER_PTD_MTN,Azerbaijan,,,,,50.04243
2009,ER_PTD_MTN,Poland,,,,,89.70914
2010,ER_PTD_MTN,Poland,,,,,89.70914
2011,ER_PTD_MTN,Poland,,,,,94.3974
2012,ER_PTD_MTN,Poland,,,,,94.3974
2013,ER_PTD_MTN,Poland,,,,,94.3974
2014,ER_PTD_MTN,Poland,,,,,94.3974
2003,ER_PTD_MTN,Ireland,,,,,27.28446
2004,ER_PTD_MTN,Ireland,,,,,27.28446
2005,ER_PTD_MTN,Ireland,,,,,30.30732
2006,ER_PTD_MTN,Ireland,,,,,59.41078
2007,ER_PTD_MTN,Ireland,,,,,59.41078
2008,ER_PTD_MTN,Ireland,,,,,59.41078
2009,ER_PTD_MTN,Costa Rica,,,,,43.38476
2010,ER_PTD_MTN,Costa Rica,,,,,43.38476
2011,ER_PTD_MTN,Costa Rica,,,,,43.38476
2012,ER_PTD_MTN,Costa Rica,,,,,43.38659
2013,ER_PTD_MTN,Costa Rica,,,,,43.38816
2014,ER_PTD_MTN,Costa Rica,,,,,43.43043
2007,ER_PTD_MTN,Azerbaijan,,,,,50.04243
2008,ER_PTD_MTN,Azerbaijan,,,,,53.42114
2009,ER_PTD_MTN,Azerbaijan,,,,,55.5121
2010,ER_PTD_MTN,Azerbaijan,,,,,55.5121
2011,ER_PTD_MTN,Azerbaijan,,,,,55.5121
2012,ER_PTD_MTN,Azerbaijan,,,,,55.5121
2009,ER_PTD_MTN,Ireland,,,,,61.24654
2010,ER_PTD_MTN,Ireland,,,,,62.16669
2011,ER_PTD_MTN,Ireland,,,,,62.16669
2012,ER_PTD_MTN,Ireland,,,,,62.16669
2013,ER_PTD_MTN,Ireland,,,,,62.16669
2014,ER_PTD_MTN,Ireland,,,,,62.16669
2015,ER_PTD_MTN,Costa Rica,,,,,43.43043
2016,ER_PTD_MTN,Costa Rica,,,,,43.43043
2017,ER_PTD_MTN,Costa Rica,,,,,43.43043
2018,ER_PTD_MTN,Costa Rica,,,,,43.4353
2019,ER_PTD_MTN,Costa Rica,,,,,43.58512
2020,ER_PTD_MTN,Costa Rica,,,,,43.58512
2013,ER_PTD_MTN,Azerbaijan,,,,,55.5121
2014,ER_PTD_MTN,Azerbaijan,,,,,55.5121
2015,ER_PTD_MTN,Azerbaijan,,,,,55.5121
2016,ER_PTD_MTN,Azerbaijan,,,,,55.5121
2017,ER_PTD_MTN,Azerbaijan,,,,,55.5121
2018,ER_PTD_MTN,Azerbaijan,,,,,55.5121
2015,ER_PTD_MTN,Ireland,,,,,62.16669
2016,ER_PTD_MTN,Ireland,,,,,62.48657
2017,ER_PTD_MTN,Ireland,,,,,64.52037
2018,ER_PTD_MTN,Ireland,,,,,65.35316
2019,ER_PTD_MTN,Ireland,,,,,65.5093
2020,ER_PTD_MTN,Ireland,,,,,65.5093
2021,ER_PTD_MTN,Ireland,,,,,65.5093
2022,ER_PTD_MTN,Ireland,,,,,65.5093
2000,ER_PTD_MTN,Israel,,,,,15.94068
2001,ER_PTD_MTN,Israel,,,,,15.94068
2002,ER_PTD_MTN,Israel,,,,,16.37736
2003,ER_PTD_MTN,Israel,,,,,24.22118
2021,ER_PTD_MTN,Costa Rica,,,,,43.58512
2022,ER_PTD_MTN,Costa Rica,,,,,43.58512
2000,ER_PTD_MTN,Croatia,,,,,23.15899
2001,ER_PTD_MTN,Croatia,,,,,23.17296
2002,ER_PTD_MTN,Croatia,,,,,23.17398
2003,ER_PTD_MTN,Croatia,,,,,23.18993
2019,ER_PTD_MTN,Azerbaijan,,,,,55.5121
2020,ER_PTD_MTN,Azerbaijan,,,,,55.5121
2021,ER_PTD_MTN,Azerbaijan,,,,,55.5121
2022,ER_PTD_MTN,Azerbaijan,,,,,55.5121
2000,ER_PTD_MTN,Australia,,,,,34.90065
2001,ER_PTD_MTN,Australia,,,,,35.12624
2004,ER_PTD_MTN,Israel,,,,,24.22118
2005,ER_PTD_MTN,Israel,,,,,24.22332
2006,ER_PTD_MTN,Israel,,,,,24.22332
2007,ER_PTD_MTN,Israel,,,,,25.83478
2008,ER_PTD_MTN,Israel,,,,,28.03363
2009,ER_PTD_MTN,Israel,,,,,28.03363
2010,ER_PTD_MTN,Israel,,,,,28.03363
2011,ER_PTD_MTN,Israel,,,,,28.03572
2012,ER_PTD_MTN,Israel,,,,,28.03572
2013,ER_PTD_MTN,Israel,,,,,28.03572
2014,ER_PTD_MTN,Israel,,,,,28.03572
2015,ER_PTD_MTN,Israel,,,,,28.03572
2004,ER_PTD_MTN,Croatia,,,,,23.18993
2005,ER_PTD_MTN,Croatia,,,,,23.18993
2006,ER_PTD_MTN,Croatia,,,,,23.18993
2007,ER_PTD_MTN,Croatia,,,,,23.18993
2008,ER_PTD_MTN,Croatia,,,,,23.18993
2009,ER_PTD_MTN,Croatia,,,,,23.18993
2002,ER_PTD_MTN,Australia,,,,,35.13305
2003,ER_PTD_MTN,Australia,,,,,36.32667
2004,ER_PTD_MTN,Australia,,,,,36.35666
2005,ER_PTD_MTN,Australia,,,,,36.57938
2006,ER_PTD_MTN,Australia,,,,,40.65307
2007,ER_PTD_MTN,Australia,,,,,42.92826
2010,ER_PTD_MTN,Croatia,,,,,23.18993
2011,ER_PTD_MTN,Croatia,,,,,23.18993
2012,ER_PTD_MTN,Croatia,,,,,23.18993
2013,ER_PTD_MTN,Croatia,,,,,67.20983
2014,ER_PTD_MTN,Croatia,,,,,73.73557
2015,ER_PTD_MTN,Croatia,,,,,73.73557
2016,ER_PTD_MTN,Israel,,,,,28.03572
2017,ER_PTD_MTN,Israel,,,,,28.16651
2018,ER_PTD_MTN,Israel,,,,,28.8768
2019,ER_PTD_MTN,Israel,,,,,28.93922
2020,ER_PTD_MTN,Israel,,,,,28.93922
2021,ER_PTD_MTN,Israel,,,,,28.93922
2016,ER_PTD_MTN,Croatia,,,,,73.73557
2017,ER_PTD_MTN,Croatia,,,,,73.73557
2018,ER_PTD_MTN,Croatia,,,,,73.73557
2019,ER_PTD_MTN,Croatia,,,,,73.73557
2020,ER_PTD_MTN,Croatia,,,,,73.73557
2021,ER_PTD_MTN,Croatia,,,,,73.73557
2008,ER_PTD_MTN,Australia,,,,,43.6619
2009,ER_PTD_MTN,Australia,,,,,44.84546
2010,ER_PTD_MTN,Australia,,,,,45.86784
2011,ER_PTD_MTN,Australia,,,,,48.67561
2012,ER_PTD_MTN,Australia,,,,,49.25918
2013,ER_PTD_MTN,Australia,,,,,49.69943
2022,ER_PTD_MTN,Israel,,,,,28.93922
2000,ER_PTD_MTN,Italy,,,,,44.61015
2001,ER_PTD_MTN,Italy,,,,,45.41951
2002,ER_PTD_MTN,Italy,,,,,45.4196
2003,ER_PTD_MTN,Italy,,,,,50.41291
2004,ER_PTD_MTN,Italy,,,,,54.06546
2005,ER_PTD_MTN,Italy,,,,,63.32215
2006,ER_PTD_MTN,Italy,,,,,65.79931
2007,ER_PTD_MTN,Italy,,,,,69.10323
2008,ER_PTD_MTN,Italy,,,,,69.10323
2009,ER_PTD_MTN,Italy,,,,,72.473
2010,ER_PTD_MTN,Italy,,,,,72.473
2014,ER_PTD_MTN,Australia,,,,,50.53916
2015,ER_PTD_MTN,Australia,,,,,50.74175
2016,ER_PTD_MTN,Australia,,,,,56.77304
2017,ER_PTD_MTN,Australia,,,,,59.35762
2018,ER_PTD_MTN,Australia,,,,,63.25548
2019,ER_PTD_MTN,Australia,,,,,66.50263
2022,ER_PTD_MTN,Croatia,,,,,73.73557
2000,ER_PTD_MTN,Cyprus,,,,,5.93612
2001,ER_PTD_MTN,Cyprus,,,,,5.93612
2002,ER_PTD_MTN,Cyprus,,,,,5.93612
2003,ER_PTD_MTN,Cyprus,,,,,5.93612
2004,ER_PTD_MTN,Cyprus,,,,,8.34486
2011,ER_PTD_MTN,Italy,,,,,72.473
2012,ER_PTD_MTN,Italy,,,,,72.48528
2013,ER_PTD_MTN,Italy,,,,,72.95381
2014,ER_PTD_MTN,Italy,,,,,73.28634
2015,ER_PTD_MTN,Italy,,,,,74.03981
2016,ER_PTD_MTN,Italy,,,,,74.26916
2017,ER_PTD_MTN,Italy,,,,,75.03609
2018,ER_PTD_MTN,Italy,,,,,75.36063
2019,ER_PTD_MTN,Italy,,,,,75.5283
2020,ER_PTD_MTN,Italy,,,,,75.52841
2021,ER_PTD_MTN,Italy,,,,,75.52841
2022,ER_PTD_MTN,Italy,,,,,75.52841
2005,ER_PTD_MTN,Cyprus,,,,,18.8799
2006,ER_PTD_MTN,Cyprus,,,,,18.8799
2007,ER_PTD_MTN,Cyprus,,,,,49.07405
2008,ER_PTD_MTN,Cyprus,,,,,69.6256
2009,ER_PTD_MTN,Cyprus,,,,,69.68368
2010,ER_PTD_MTN,Cyprus,,,,,69.68368
2020,ER_PTD_MTN,Australia,,,,,66.52265
2021,ER_PTD_MTN,Australia,,,,,66.52265
2022,ER_PTD_MTN,Australia,,,,,66.52265
2000,ER_PTD_MTN,Austria,,,,,52.21336
2001,ER_PTD_MTN,Austria,,,,,54.46961
2002,ER_PTD_MTN,Austria,,,,,55.04493
2011,ER_PTD_MTN,Cyprus,,,,,72.07253
2012,ER_PTD_MTN,Cyprus,,,,,72.07253
2013,ER_PTD_MTN,Cyprus,,,,,77.61664
2014,ER_PTD_MTN,Cyprus,,,,,87.19208
2015,ER_PTD_MTN,Cyprus,,,,,87.50299
2016,ER_PTD_MTN,Cyprus,,,,,87.50308
2017,ER_PTD_MTN,Cyprus,,,,,87.50308
2018,ER_PTD_MTN,Cyprus,,,,,87.50308
2019,ER_PTD_MTN,Cyprus,,,,,90.96086
2020,ER_PTD_MTN,Cyprus,,,,,90.96086
2021,ER_PTD_MTN,Cyprus,,,,,90.96086
2022,ER_PTD_MTN,Cyprus,,,,,90.96086
2003,ER_PTD_MTN,Austria,,,,,55.22844
2004,ER_PTD_MTN,Austria,,,,,59.00051
2005,ER_PTD_MTN,Austria,,,,,59.036
2006,ER_PTD_MTN,Austria,,,,,60.72172
2007,ER_PTD_MTN,Austria,,,,,61.43149
2008,ER_PTD_MTN,Austria,,,,,61.50282
2000,ER_PTD_MTN,Japan,,,,,55.57843
2001,ER_PTD_MTN,Japan,,,,,56.63487
2002,ER_PTD_MTN,Japan,,,,,56.87116
2003,ER_PTD_MTN,Japan,,,,,57.19565
2004,ER_PTD_MTN,Japan,,,,,57.69938
2005,ER_PTD_MTN,Japan,,,,,57.82889
2000,ER_PTD_MTN,Czechia,,,,,51.19486
2001,ER_PTD_MTN,Czechia,,,,,51.21527
2002,ER_PTD_MTN,Czechia,,,,,51.22523
2003,ER_PTD_MTN,Czechia,,,,,51.22523
2004,ER_PTD_MTN,Czechia,,,,,73.31431
2005,ER_PTD_MTN,Czechia,,,,,91.2355
2015,ER_PTD_MTN,Poland,,,,,94.3974
2016,ER_PTD_MTN,Poland,,,,,94.3974
2017,ER_PTD_MTN,Poland,,,,,94.3974
2018,ER_PTD_MTN,Poland,,,,,94.3974
2019,ER_PTD_MTN,Poland,,,,,94.3974
2020,ER_PTD_MTN,Poland,,,,,94.3974
2009,ER_PTD_MTN,Austria,,,,,61.50581
2010,ER_PTD_MTN,Austria,,,,,62.71691
2011,ER_PTD_MTN,Austria,,,,,63.54955
2012,ER_PTD_MTN,Austria,,,,,63.57477
2013,ER_PTD_MTN,Austria,,,,,65.03622
2014,ER_PTD_MTN,Austria,,,,,65.07019
2006,ER_PTD_MTN,Czechia,,,,,91.26791
2007,ER_PTD_MTN,Czechia,,,,,91.26791
2008,ER_PTD_MTN,Czechia,,,,,91.26791
2009,ER_PTD_MTN,Czechia,,,,,96.36312
2010,ER_PTD_MTN,Czechia,,,,,96.36312
2011,ER_PTD_MTN,Czechia,,,,,96.37779
2015,ER_PTD_MTN,Austria,,,,,65.27334
2016,ER_PTD_MTN,Austria,,,,,65.2805
2017,ER_PTD_MTN,Austria,,,,,65.2805
2018,ER_PTD_MTN,Austria,,,,,65.29621
2019,ER_PTD_MTN,Austria,,,,,65.34537
2020,ER_PTD_MTN,Austria,,,,,65.34596
2006,ER_PTD_MTN,Japan,,,,,58.52642
2007,ER_PTD_MTN,Japan,,,,,59.12664
2008,ER_PTD_MTN,Japan,,,,,59.16896
2009,ER_PTD_MTN,Japan,,,,,59.82966
2010,ER_PTD_MTN,Japan,,,,,60.11729
2011,ER_PTD_MTN,Japan,,,,,61.29979
2012,ER_PTD_MTN,Czechia,,,,,96.37934
2013,ER_PTD_MTN,Czechia,,,,,96.38057
2014,ER_PTD_MTN,Czechia,,,,,96.38164
2015,ER_PTD_MTN,Czechia,,,,,96.38164
2016,ER_PTD_MTN,Czechia,,,,,96.38326
2017,ER_PTD_MTN,Czechia,,,,,96.38361
2021,ER_PTD_MTN,Austria,,,,,65.34596
2022,ER_PTD_MTN,Austria,,,,,65.34596
2000,ER_PTD_MTN,Armenia,,,,,12.99469
2001,ER_PTD_MTN,Armenia,,,,,12.99469
2002,ER_PTD_MTN,Armenia,,,,,15.56634
2003,ER_PTD_MTN,Armenia,,,,,15.56634
2012,ER_PTD_MTN,Japan,,,,,62.07941
2013,ER_PTD_MTN,Japan,,,,,62.84566
2014,ER_PTD_MTN,Japan,,,,,64.29873
2015,ER_PTD_MTN,Japan,,,,,66.13124
2016,ER_PTD_MTN,Japan,,,,,66.84446
2017,ER_PTD_MTN,Japan,,,,,67.23144
2018,ER_PTD_MTN,Czechia,,,,,97.72116
2019,ER_PTD_MTN,Czechia,,,,,97.72116
2020,ER_PTD_MTN,Czechia,,,,,97.72116
2021,ER_PTD_MTN,Czechia,,,,,97.72116
2022,ER_PTD_MTN,Czechia,,,,,97.72116
2018,ER_PTD_MTN,Japan,,,,,67.66312
2019,ER_PTD_MTN,Japan,,,,,67.74954
2020,ER_PTD_MTN,Japan,,,,,67.74954
2021,ER_PTD_MTN,Japan,,,,,67.74954
2022,ER_PTD_MTN,Japan,,,,,67.74954
2000,ER_PTD_MTN,Казахстан,,,,,17.44373
2001,ER_PTD_MTN,Казахстан,,,,,28.2619
2002,ER_PTD_MTN,Казахстан,,,,,28.2619
2003,ER_PTD_MTN,Казахстан,,,,,28.2619
2004,ER_PTD_MTN,Казахстан,,,,,33.84573
2005,ER_PTD_MTN,Казахстан,,,,,33.84573
2006,ER_PTD_MTN,Казахстан,,,,,36.49244
2007,ER_PTD_MTN,Казахстан,,,,,36.49244
2008,ER_PTD_MTN,Казахстан,,,,,36.49244
2009,ER_PTD_MTN,Казахстан,,,,,36.49244
2010,ER_PTD_MTN,Казахстан,,,,,38.11135
2011,ER_PTD_MTN,Казахстан,,,,,38.76497
2012,ER_PTD_MTN,Казахстан,,,,,38.78175
2021,ER_PTD_MTN,Poland,,,,,94.3974
2022,ER_PTD_MTN,Poland,,,,,94.3974
2000,ER_PTD_MTN,Portugal,,,,,59.24164
2001,ER_PTD_MTN,Portugal,,,,,59.24164
2002,ER_PTD_MTN,Portugal,,,,,59.24164
2003,ER_PTD_MTN,Portugal,,,,,65.26014
2013,ER_PTD_MTN,Казахстан,,,,,38.78175
2014,ER_PTD_MTN,Казахстан,,,,,38.78175
2015,ER_PTD_MTN,Казахстан,,,,,38.78175
2016,ER_PTD_MTN,Казахстан,,,,,41.48157
2017,ER_PTD_MTN,Казахстан,,,,,41.48157
2018,ER_PTD_MTN,Казахстан,,,,,45.30872
2004,ER_PTD_MTN,Portugal,,,,,65.26014
2005,ER_PTD_MTN,Portugal,,,,,65.26014
2006,ER_PTD_MTN,Portugal,,,,,65.64453
2007,ER_PTD_MTN,Portugal,,,,,65.64453
2008,ER_PTD_MTN,Portugal,,,,,75.83089
2009,ER_PTD_MTN,Portugal,,,,,76.70184
2019,ER_PTD_MTN,Казахстан,,,,,45.30872
2020,ER_PTD_MTN,Казахстан,,,,,45.30872
2021,ER_PTD_MTN,Казахстан,,,,,45.30872
2022,ER_PTD_MTN,Казахстан,,,,,45.30872
2000,ER_PTD_MTN,Republic of Korea,,,,,18.43007
2001,ER_PTD_MTN,Republic of Korea,,,,,18.43007
2010,ER_PTD_MTN,Portugal,,,,,76.70184
2011,ER_PTD_MTN,Portugal,,,,,78.61822
2012,ER_PTD_MTN,Portugal,,,,,78.84058
2013,ER_PTD_MTN,Portugal,,,,,78.84058
2014,ER_PTD_MTN,Portugal,,,,,78.84058
2015,ER_PTD_MTN,Portugal,,,,,78.84058
2002,ER_PTD_MTN,Republic of Korea,,,,,18.43007
2003,ER_PTD_MTN,Republic of Korea,,,,,20.21116
2004,ER_PTD_MTN,Republic of Korea,,,,,20.21116
2005,ER_PTD_MTN,Republic of Korea,,,,,20.21116
2006,ER_PTD_MTN,Republic of Korea,,,,,20.21116
2007,ER_PTD_MTN,Republic of Korea,,,,,20.21116
2016,ER_PTD_MTN,Portugal,,,,,78.84058
2017,ER_PTD_MTN,Portugal,,,,,78.84058
2018,ER_PTD_MTN,Portugal,,,,,79.85081
2019,ER_PTD_MTN,Portugal,,,,,79.85081
2020,ER_PTD_MTN,Portugal,,,,,79.85081
2021,ER_PTD_MTN,Portugal,,,,,79.85081
2008,ER_PTD_MTN,Republic of Korea,,,,,20.21116
2009,ER_PTD_MTN,Republic of Korea,,,,,20.21116
2010,ER_PTD_MTN,Republic of Korea,,,,,20.21116
2011,ER_PTD_MTN,Republic of Korea,,,,,20.21116
2012,ER_PTD_MTN,Republic of Korea,,,,,20.21116
2013,ER_PTD_MTN,Republic of Korea,,,,,20.21116
2014,ER_PTD_MTN,Republic of Korea,,,,,20.21116
2015,ER_PTD_MTN,Republic of Korea,,,,,20.21116
2016,ER_PTD_MTN,Republic of Korea,,,,,20.21116
2017,ER_PTD_MTN,Republic of Korea,,,,,20.21116
2018,ER_PTD_MTN,Republic of Korea,,,,,20.21116
2019,ER_PTD_MTN,Republic of Korea,,,,,20.21123
2022,ER_PTD_MTN,Portugal,,,,,79.85081
2000,ER_PTD_MTN,Romania,,,,,30.06927
2001,ER_PTD_MTN,Romania,,,,,30.06927
2002,ER_PTD_MTN,Romania,,,,,30.06927
2003,ER_PTD_MTN,Romania,,,,,30.06927
2004,ER_PTD_MTN,Romania,,,,,30.06927
2020,ER_PTD_MTN,Republic of Korea,,,,,20.21123
2021,ER_PTD_MTN,Republic of Korea,,,,,20.21123
2022,ER_PTD_MTN,Republic of Korea,,,,,20.21123
2000,ER_PTD_MTN,Кыргызстан,,,,,31.46957
2001,ER_PTD_MTN,Кыргызстан,,,,,31.46957
2002,ER_PTD_MTN,Кыргызстан,,,,,31.46957
2005,ER_PTD_MTN,Romania,,,,,32.21071
2006,ER_PTD_MTN,Romania,,,,,32.2151
2007,ER_PTD_MTN,Romania,,,,,60.98291
2008,ER_PTD_MTN,Romania,,,,,60.98291
2009,ER_PTD_MTN,Romania,,,,,66.85555
2010,ER_PTD_MTN,Romania,,,,,66.85555
2003,ER_PTD_MTN,Кыргызстан,,,,,31.46957
2004,ER_PTD_MTN,Кыргызстан,,,,,31.46957
2005,ER_PTD_MTN,Кыргызстан,,,,,31.46957
2006,ER_PTD_MTN,Кыргызстан,,,,,31.46957
2007,ER_PTD_MTN,Кыргызстан,,,,,31.46957
2008,ER_PTD_MTN,Кыргызстан,,,,,31.46957
2009,ER_PTD_MTN,Кыргызстан,,,,,31.46957
2010,ER_PTD_MTN,Кыргызстан,,,,,31.46957
2011,ER_PTD_MTN,Кыргызстан,,,,,31.46957
2012,ER_PTD_MTN,Кыргызстан,,,,,31.46957
2013,ER_PTD_MTN,Кыргызстан,,,,,31.46957
2014,ER_PTD_MTN,Кыргызстан,,,,,31.46957
2015,ER_PTD_MTN,Кыргызстан,,,,,31.46957
2016,ER_PTD_MTN,Кыргызстан,,,,,31.46957
2017,ER_PTD_MTN,Кыргызстан,,,,,31.46957
2018,ER_PTD_MTN,Кыргызстан,,,,,31.46957
2019,ER_PTD_MTN,Кыргызстан,,,,,31.46957
2020,ER_PTD_MTN,Кыргызстан,,,,,31.46957
2011,ER_PTD_MTN,Romania,,,,,80.39164
2012,ER_PTD_MTN,Romania,,,,,80.39164
2013,ER_PTD_MTN,Romania,,,,,80.74289
2014,ER_PTD_MTN,Romania,,,,,80.74289
2015,ER_PTD_MTN,Romania,,,,,80.74289
2016,ER_PTD_MTN,Romania,,,,,80.74289
2017,ER_PTD_MTN,Romania,,,,,80.74289
2018,ER_PTD_MTN,Romania,,,,,80.74939
2019,ER_PTD_MTN,Romania,,,,,80.74939
2020,ER_PTD_MTN,Romania,,,,,80.74939
2021,ER_PTD_MTN,Romania,,,,,80.74939
2022,ER_PTD_MTN,Romania,,,,,80.74939
2021,ER_PTD_MTN,Кыргызстан,,,,,31.46957
2022,ER_PTD_MTN,Кыргызстан,,,,,31.46957
2000,ER_PTD_MTN,Finland,,,,,80.48381
2001,ER_PTD_MTN,Finland,,,,,80.48381
2002,ER_PTD_MTN,Finland,,,,,80.48435
2003,ER_PTD_MTN,Finland,,,,,80.48435
2004,ER_PTD_MTN,Finland,,,,,96.85954
2005,ER_PTD_MTN,Finland,,,,,96.85954
2006,ER_PTD_MTN,Finland,,,,,96.85954
2007,ER_PTD_MTN,Finland,,,,,96.85954
2008,ER_PTD_MTN,Finland,,,,,96.85954
2000,ER_PTD_MTN,Serbia,,,,,20.32297
2001,ER_PTD_MTN,Serbia,,,,,25.1669
2002,ER_PTD_MTN,Serbia,,,,,25.1669
2003,ER_PTD_MTN,Serbia,,,,,25.1669
2004,ER_PTD_MTN,Serbia,,,,,25.1669
2005,ER_PTD_MTN,Serbia,,,,,26.65347
2009,ER_PTD_MTN,Finland,,,,,96.85954
2010,ER_PTD_MTN,Finland,,,,,96.85954
2011,ER_PTD_MTN,Finland,,,,,96.85954
2012,ER_PTD_MTN,Finland,,,,,96.85954
2013,ER_PTD_MTN,Finland,,,,,96.85954
2014,ER_PTD_MTN,Finland,,,,,96.85954
2015,ER_PTD_MTN,Finland,,,,,96.93444
2016,ER_PTD_MTN,Finland,,,,,96.93444
2017,ER_PTD_MTN,Finland,,,,,96.93444
2018,ER_PTD_MTN,Finland,,,,,96.93444
2019,ER_PTD_MTN,Finland,,,,,96.93444
2020,ER_PTD_MTN,Finland,,,,,96.93444
2006,ER_PTD_MTN,Serbia,,,,,27.45259
2007,ER_PTD_MTN,Serbia,,,,,27.45259
2008,ER_PTD_MTN,Serbia,,,,,27.45259
2009,ER_PTD_MTN,Serbia,,,,,27.45259
2010,ER_PTD_MTN,Serbia,,,,,27.45259
2011,ER_PTD_MTN,Serbia,,,,,27.45259
2000,ER_PTD_MTN,Liechtenstein,,,,,80.80091
2001,ER_PTD_MTN,Liechtenstein,,,,,80.80091
2002,ER_PTD_MTN,Liechtenstein,,,,,80.80091
2003,ER_PTD_MTN,Liechtenstein,,,,,80.80091
2004,ER_PTD_MTN,Liechtenstein,,,,,80.80091
2021,ER_PTD_MTN,Finland,,,,,96.93444
2022,ER_PTD_MTN,Finland,,,,,96.93444
2000,ER_PTD_MTN,France,,,,,39.22189
2001,ER_PTD_MTN,France,,,,,40.09963
2002,ER_PTD_MTN,France,,,,,40.09967
2003,ER_PTD_MTN,France,,,,,41.90924
2012,ER_PTD_MTN,Serbia,,,,,27.45266
2013,ER_PTD_MTN,Serbia,,,,,27.82145
2014,ER_PTD_MTN,Serbia,,,,,31.17966
2015,ER_PTD_MTN,Serbia,,,,,34.95127
2016,ER_PTD_MTN,Serbia,,,,,34.9661
2017,ER_PTD_MTN,Serbia,,,,,34.96639
2004,ER_PTD_MTN,France,,,,,43.29583
2005,ER_PTD_MTN,France,,,,,44.0266
2006,ER_PTD_MTN,France,,,,,45.77745
2007,ER_PTD_MTN,France,,,,,46.76439
2008,ER_PTD_MTN,France,,,,,47.69226
2009,ER_PTD_MTN,France,,,,,48.42831
2010,ER_PTD_MTN,France,,,,,50.44397
2011,ER_PTD_MTN,France,,,,,51.95502
2012,ER_PTD_MTN,France,,,,,54.60221
2013,ER_PTD_MTN,France,,,,,55.00225
2014,ER_PTD_MTN,France,,,,,67.18918
2015,ER_PTD_MTN,France,,,,,68.76784
2005,ER_PTD_MTN,Liechtenstein,,,,,80.80091
2006,ER_PTD_MTN,Liechtenstein,,,,,80.80091
2007,ER_PTD_MTN,Liechtenstein,,,,,80.80091
2008,ER_PTD_MTN,Liechtenstein,,,,,80.80091
2009,ER_PTD_MTN,Liechtenstein,,,,,80.80091
2010,ER_PTD_MTN,Liechtenstein,,,,,80.80091
2011,ER_PTD_MTN,Liechtenstein,,,,,80.80091
2012,ER_PTD_MTN,Liechtenstein,,,,,80.80091
2013,ER_PTD_MTN,Liechtenstein,,,,,80.80091
2014,ER_PTD_MTN,Liechtenstein,,,,,80.80091
2015,ER_PTD_MTN,Liechtenstein,,,,,80.80091
2016,ER_PTD_MTN,Liechtenstein,,,,,80.80091
2016,ER_PTD_MTN,France,,,,,70.46223
2017,ER_PTD_MTN,France,,,,,71.68085
2018,ER_PTD_MTN,France,,,,,82.25023
2019,ER_PTD_MTN,France,,,,,84.38434
2020,ER_PTD_MTN,France,,,,,87.67808
2021,ER_PTD_MTN,France,,,,,87.67808
2022,ER_PTD_MTN,France,,,,,87.67808
2000,ER_PTD_MTN,Georgia,,,,,20.16898
2001,ER_PTD_MTN,Georgia,,,,,20.16898
2002,ER_PTD_MTN,Georgia,,,,,20.16898
2003,ER_PTD_MTN,Georgia,,,,,26.826
2004,ER_PTD_MTN,Georgia,,,,,26.826
2004,ER_PTD_MTN,Armenia,,,,,15.56634
2005,ER_PTD_MTN,Armenia,,,,,15.56634
2006,ER_PTD_MTN,Armenia,,,,,15.56634
2007,ER_PTD_MTN,Armenia,,,,,15.60131
2008,ER_PTD_MTN,Armenia,,,,,15.60131
2009,ER_PTD_MTN,Armenia,,,,,22.34083
2018,ER_PTD_MTN,Serbia,,,,,37.3018
2019,ER_PTD_MTN,Serbia,,,,,37.30252
2020,ER_PTD_MTN,Serbia,,,,,37.30252
2021,ER_PTD_MTN,Serbia,,,,,37.30252
2022,ER_PTD_MTN,Serbia,,,,,37.30252
2000,ER_PTD_MTN,Slovakia,,,,,41.72085
2005,ER_PTD_MTN,Georgia,,,,,26.826
2006,ER_PTD_MTN,Georgia,,,,,29.02467
2007,ER_PTD_MTN,Georgia,,,,,34.8343
2008,ER_PTD_MTN,Georgia,,,,,34.8343
2009,ER_PTD_MTN,Georgia,,,,,34.8343
2010,ER_PTD_MTN,Georgia,,,,,34.8343
2011,ER_PTD_MTN,Georgia,,,,,38.13074
2012,ER_PTD_MTN,Georgia,,,,,38.97805
2013,ER_PTD_MTN,Georgia,,,,,38.97813
2014,ER_PTD_MTN,Georgia,,,,,40.90834
2015,ER_PTD_MTN,Georgia,,,,,40.90834
2016,ER_PTD_MTN,Georgia,,,,,40.90834
2017,ER_PTD_MTN,Georgia,,,,,40.90834
2018,ER_PTD_MTN,Georgia,,,,,40.90834
2019,ER_PTD_MTN,Georgia,,,,,40.91227
2020,ER_PTD_MTN,Georgia,,,,,40.91227
2021,ER_PTD_MTN,Georgia,,,,,43.17484
2022,ER_PTD_MTN,Georgia,,,,,43.17484
2017,ER_PTD_MTN,Liechtenstein,,,,,80.80091
2018,ER_PTD_MTN,Liechtenstein,,,,,80.80091
2019,ER_PTD_MTN,Liechtenstein,,,,,80.80091
2020,ER_PTD_MTN,Liechtenstein,,,,,80.80091
2021,ER_PTD_MTN,Liechtenstein,,,,,80.80091
2022,ER_PTD_MTN,Liechtenstein,,,,,80.80091
2010,ER_PTD_MTN,Armenia,,,,,22.34083
2011,ER_PTD_MTN,Armenia,,,,,23.39704
2012,ER_PTD_MTN,Armenia,,,,,23.39704
2013,ER_PTD_MTN,Armenia,,,,,23.39704
2014,ER_PTD_MTN,Armenia,,,,,23.39704
2015,ER_PTD_MTN,Armenia,,,,,23.39704
2016,ER_PTD_MTN,Armenia,,,,,23.39704
2017,ER_PTD_MTN,Armenia,,,,,23.39704
2018,ER_PTD_MTN,Armenia,,,,,23.39704
2019,ER_PTD_MTN,Armenia,,,,,23.39704
2020,ER_PTD_MTN,Armenia,,,,,23.39704
2021,ER_PTD_MTN,Armenia,,,,,23.39704
2022,ER_PTD_MTN,Armenia,,,,,23.39704
2000,ER_PTD_MTN,Belgium,,,,,3.94534
2001,ER_PTD_MTN,Belgium,,,,,3.9741
2002,ER_PTD_MTN,Belgium,,,,,4.07991
2003,ER_PTD_MTN,Belgium,,,,,5.25809
2004,ER_PTD_MTN,Belgium,,,,,5.25809
2000,ER_PTD_MTN,Germany,,,,,49.0071
2001,ER_PTD_MTN,Germany,,,,,53.10622
2002,ER_PTD_MTN,Germany,,,,,53.25653
2003,ER_PTD_MTN,Germany,,,,,53.51297
2004,ER_PTD_MTN,Germany,,,,,62.45386
2005,ER_PTD_MTN,Germany,,,,,66.74506
2006,ER_PTD_MTN,Germany,,,,,74.19878
2007,ER_PTD_MTN,Germany,,,,,77.13312
2008,ER_PTD_MTN,Germany,,,,,79.04088
2009,ER_PTD_MTN,Germany,,,,,79.04617
2010,ER_PTD_MTN,Germany,,,,,79.10782
2011,ER_PTD_MTN,Germany,,,,,79.18076
2012,ER_PTD_MTN,Germany,,,,,79.18301
2013,ER_PTD_MTN,Germany,,,,,79.19503
2014,ER_PTD_MTN,Germany,,,,,79.2071
2015,ER_PTD_MTN,Germany,,,,,79.20797
2016,ER_PTD_MTN,Germany,,,,,79.26345
2017,ER_PTD_MTN,Germany,,,,,79.2639
2005,ER_PTD_MTN,Belgium,,,,,5.34352
2006,ER_PTD_MTN,Belgium,,,,,5.34435
2007,ER_PTD_MTN,Belgium,,,,,5.34622
2008,ER_PTD_MTN,Belgium,,,,,5.34622
2009,ER_PTD_MTN,Belgium,,,,,5.4552
2010,ER_PTD_MTN,Belgium,,,,,5.48027
2011,ER_PTD_MTN,Belgium,,,,,5.48027
2012,ER_PTD_MTN,Belgium,,,,,5.48053
2013,ER_PTD_MTN,Belgium,,,,,5.52824
2014,ER_PTD_MTN,Belgium,,,,,9.89879
2015,ER_PTD_MTN,Belgium,,,,,12.04772
2016,ER_PTD_MTN,Belgium,,,,,24.28949
2001,ER_PTD_MTN,Slovakia,,,,,53.40294
2002,ER_PTD_MTN,Slovakia,,,,,58.38812
2003,ER_PTD_MTN,Slovakia,,,,,67.11868
2004,ER_PTD_MTN,Slovakia,,,,,70.63606
2005,ER_PTD_MTN,Slovakia,,,,,72.89199
2006,ER_PTD_MTN,Slovakia,,,,,72.89199
2018,ER_PTD_MTN,Germany,,,,,79.27319
2019,ER_PTD_MTN,Germany,,,,,81.11495
2020,ER_PTD_MTN,Germany,,,,,81.11495
2021,ER_PTD_MTN,Germany,,,,,81.11495
2022,ER_PTD_MTN,Germany,,,,,81.11495
2000,ER_PTD_MTN,Greece,,,,,22.44551
2007,ER_PTD_MTN,Slovakia,,,,,73.23472
2008,ER_PTD_MTN,Slovakia,,,,,73.23472
2009,ER_PTD_MTN,Slovakia,,,,,73.23472
2010,ER_PTD_MTN,Slovakia,,,,,73.39191
2011,ER_PTD_MTN,Slovakia,,,,,89.56761
2012,ER_PTD_MTN,Slovakia,,,,,90.50911
2001,ER_PTD_MTN,Greece,,,,,32.0045
2002,ER_PTD_MTN,Greece,,,,,43.64811
2003,ER_PTD_MTN,Greece,,,,,44.23323
2004,ER_PTD_MTN,Greece,,,,,44.31408
2005,ER_PTD_MTN,Greece,,,,,46.26564
2006,ER_PTD_MTN,Greece,,,,,46.94684
2013,ER_PTD_MTN,Slovakia,,,,,90.50911
2014,ER_PTD_MTN,Slovakia,,,,,90.50911
2015,ER_PTD_MTN,Slovakia,,,,,90.50911
2016,ER_PTD_MTN,Slovakia,,,,,90.95881
2017,ER_PTD_MTN,Slovakia,,,,,91.07686
2018,ER_PTD_MTN,Slovakia,,,,,91.07686
2007,ER_PTD_MTN,Greece,,,,,47.59314
2008,ER_PTD_MTN,Greece,,,,,53.75761
2009,ER_PTD_MTN,Greece,,,,,56.5331
2010,ER_PTD_MTN,Greece,,,,,75.72209
2011,ER_PTD_MTN,Greece,,,,,81.9593
2012,ER_PTD_MTN,Greece,,,,,81.9593
2013,ER_PTD_MTN,Greece,,,,,81.9593
2014,ER_PTD_MTN,Greece,,,,,81.9593
2015,ER_PTD_MTN,Greece,,,,,81.9593
2016,ER_PTD_MTN,Greece,,,,,81.9593
2017,ER_PTD_MTN,Greece,,,,,81.9593
2018,ER_PTD_MTN,Greece,,,,,81.9593
2019,ER_PTD_MTN,Slovakia,,,,,91.07686
2020,ER_PTD_MTN,Slovakia,,,,,91.08143
2021,ER_PTD_MTN,Slovakia,,,,,91.08143
2022,ER_PTD_MTN,Slovakia,,,,,91.08143
2000,ER_PTD_MTN,Viet Nam,,,,,13.5424
2001,ER_PTD_MTN,Viet Nam,,,,,18.96321
2002,ER_PTD_MTN,Viet Nam,,,,,25.36469
2003,ER_PTD_MTN,Viet Nam,,,,,28.76329
2004,ER_PTD_MTN,Viet Nam,,,,,31.83933
2005,ER_PTD_MTN,Viet Nam,,,,,31.83933
2006,ER_PTD_MTN,Viet Nam,,,,,34.29704
2007,ER_PTD_MTN,Viet Nam,,,,,34.57473
2008,ER_PTD_MTN,Viet Nam,,,,,34.57473
2009,ER_PTD_MTN,Viet Nam,,,,,34.76037
2010,ER_PTD_MTN,Viet Nam,,,,,34.76037
2011,ER_PTD_MTN,Viet Nam,,,,,36.97869
2012,ER_PTD_MTN,Viet Nam,,,,,37.76649
2013,ER_PTD_MTN,Viet Nam,,,,,41.65331
2014,ER_PTD_MTN,Viet Nam,,,,,45.04666
2015,ER_PTD_MTN,Viet Nam,,,,,45.04666
2016,ER_PTD_MTN,Viet Nam,,,,,45.04666
2017,ER_PTD_MTN,Viet Nam,,,,,45.04666
2018,ER_PTD_MTN,Viet Nam,,,,,45.04666
2019,ER_PTD_MTN,Viet Nam,,,,,45.04666
2020,ER_PTD_MTN,Viet Nam,,,,,45.04666
2021,ER_PTD_MTN,Viet Nam,,,,,45.04666
2022,ER_PTD_MTN,Viet Nam,,,,,45.04666
2000,ER_PTD_MTN,Slovenia,,,,,13.15281
2001,ER_PTD_MTN,Slovenia,,,,,13.15281
2002,ER_PTD_MTN,Slovenia,,,,,17.86152
2003,ER_PTD_MTN,Slovenia,,,,,17.86152
2004,ER_PTD_MTN,Slovenia,,,,,79.21363
2005,ER_PTD_MTN,Slovenia,,,,,79.21363
2006,ER_PTD_MTN,Slovenia,,,,,79.21434
2007,ER_PTD_MTN,Slovenia,,,,,79.21434
2008,ER_PTD_MTN,Slovenia,,,,,79.3269
2009,ER_PTD_MTN,Slovenia,,,,,79.3269
2010,ER_PTD_MTN,Slovenia,,,,,79.32691
2011,ER_PTD_MTN,Slovenia,,,,,79.32691
2012,ER_PTD_MTN,Slovenia,,,,,79.37074
2013,ER_PTD_MTN,Slovenia,,,,,79.67445
2014,ER_PTD_MTN,Slovenia,,,,,79.68639
2015,ER_PTD_MTN,Slovenia,,,,,79.69372
2016,ER_PTD_MTN,Slovenia,,,,,79.69372
2017,ER_PTD_MTN,Slovenia,,,,,79.69372
2018,ER_PTD_MTN,Slovenia,,,,,79.69372
2019,ER_PTD_MTN,Slovenia,,,,,79.69372
2020,ER_PTD_MTN,Slovenia,,,,,79.69372
2021,ER_PTD_MTN,Slovenia,,,,,79.69372
2022,ER_PTD_MTN,Slovenia,,,,,79.69372
2000,ER_PTD_MTN,Spain,,,,,38.79284
2001,ER_PTD_MTN,Spain,,,,,45.80663
2002,ER_PTD_MTN,Spain,,,,,45.90378
2003,ER_PTD_MTN,Spain,,,,,46.72818
2004,ER_PTD_MTN,Spain,,,,,47.37484
2005,ER_PTD_MTN,Spain,,,,,50.35143
2006,ER_PTD_MTN,Spain,,,,,52.51545
2007,ER_PTD_MTN,Spain,,,,,52.88047
2008,ER_PTD_MTN,Spain,,,,,52.88548
2009,ER_PTD_MTN,Spain,,,,,53.65855
2010,ER_PTD_MTN,Spain,,,,,54.17892
2011,ER_PTD_MTN,Spain,,,,,54.53367
2012,ER_PTD_MTN,Spain,,,,,54.53713
2013,ER_PTD_MTN,Spain,,,,,54.67031
2014,ER_PTD_MTN,Spain,,,,,54.91255
2015,ER_PTD_MTN,Spain,,,,,58.07448
2016,ER_PTD_MTN,Spain,,,,,58.12168
2017,ER_PTD_MTN,Spain,,,,,58.27744
2018,ER_PTD_MTN,Spain,,,,,58.27801
2019,ER_PTD_MTN,Spain,,,,,58.28191
2020,ER_PTD_MTN,Spain,,,,,58.30699
2021,ER_PTD_MTN,Spain,,,,,58.30699
2022,ER_PTD_MTN,Spain,,,,,58.30699
2000,ER_PTD_MTN,Sweden,,,,,74.67407
2001,ER_PTD_MTN,Sweden,,,,,74.68248
2002,ER_PTD_MTN,Sweden,,,,,74.80673
2003,ER_PTD_MTN,Sweden,,,,,74.80673
2004,ER_PTD_MTN,Sweden,,,,,74.80673
2005,ER_PTD_MTN,Sweden,,,,,74.80673
2006,ER_PTD_MTN,Sweden,,,,,74.80673
2007,ER_PTD_MTN,Sweden,,,,,74.80673
2008,ER_PTD_MTN,Sweden,,,,,74.80673
2009,ER_PTD_MTN,Sweden,,,,,75.83958
2010,ER_PTD_MTN,Sweden,,,,,75.83958
2011,ER_PTD_MTN,Sweden,,,,,75.83958
2012,ER_PTD_MTN,Sweden,,,,,75.83958
2013,ER_PTD_MTN,Sweden,,,,,75.83958
2014,ER_PTD_MTN,Sweden,,,,,75.83958
2015,ER_PTD_MTN,Sweden,,,,,75.83958
2016,ER_PTD_MTN,Sweden,,,,,75.83958
2017,ER_PTD_MTN,Sweden,,,,,77.02844
2018,ER_PTD_MTN,Sweden,,,,,77.02897
2019,ER_PTD_MTN,Sweden,,,,,77.03462
2020,ER_PTD_MTN,Sweden,,,,,77.03462
2021,ER_PTD_MTN,Sweden,,,,,77.03462
2022,ER_PTD_MTN,Sweden,,,,,77.03462
2000,ER_PTD_MTN,Switzerland,,,,,24.73625
2001,ER_PTD_MTN,Switzerland,,,,,28.13882
2002,ER_PTD_MTN,Switzerland,,,,,28.13882
2003,ER_PTD_MTN,Switzerland,,,,,30.31119
2004,ER_PTD_MTN,Switzerland,,,,,30.31119
2005,ER_PTD_MTN,Switzerland,,,,,30.45294
2006,ER_PTD_MTN,Switzerland,,,,,30.45294
2007,ER_PTD_MTN,Switzerland,,,,,30.76721
2008,ER_PTD_MTN,Switzerland,,,,,30.76721
2009,ER_PTD_MTN,Switzerland,,,,,30.79779
2010,ER_PTD_MTN,Switzerland,,,,,32.17029
2011,ER_PTD_MTN,Switzerland,,,,,32.17029
2012,ER_PTD_MTN,Switzerland,,,,,32.21784
2013,ER_PTD_MTN,Switzerland,,,,,32.21784
2014,ER_PTD_MTN,Switzerland,,,,,32.21784
2015,ER_PTD_MTN,Switzerland,,,,,32.21784
2016,ER_PTD_MTN,Switzerland,,,,,32.21784
2017,ER_PTD_MTN,Switzerland,,,,,32.83406
2018,ER_PTD_MTN,Switzerland,,,,,34.78178
2019,ER_PTD_MTN,Switzerland,,,,,34.90271
2020,ER_PTD_MTN,Switzerland,,,,,34.9065
2021,ER_PTD_MTN,Switzerland,,,,,34.92192
2022,ER_PTD_MTN,Switzerland,,,,,34.92192
2000,ER_PTD_MTN,Таджикистан,,,,,15.76866
2001,ER_PTD_MTN,Таджикистан,,,,,15.76866
2002,ER_PTD_MTN,Таджикистан,,,,,15.76866
2003,ER_PTD_MTN,Таджикистан,,,,,15.76866
2004,ER_PTD_MTN,Таджикистан,,,,,15.76866
2005,ER_PTD_MTN,Таджикистан,,,,,15.76866
2006,ER_PTD_MTN,Таджикистан,,,,,15.76866
2007,ER_PTD_MTN,Таджикистан,,,,,15.76866
2008,ER_PTD_MTN,Таджикистан,,,,,15.76866
2009,ER_PTD_MTN,Таджикистан,,,,,15.76866
2010,ER_PTD_MTN,Таджикистан,,,,,15.76866
2011,ER_PTD_MTN,Таджикистан,,,,,15.76866
2012,ER_PTD_MTN,Таджикистан,,,,,15.76866
2013,ER_PTD_MTN,Таджикистан,,,,,16.80902
2014,ER_PTD_MTN,Таджикистан,,,,,16.80902
2015,ER_PTD_MTN,Таджикистан,,,,,16.80902
2016,ER_PTD_MTN,Таджикистан,,,,,16.80902
2017,ER_PTD_MTN,Таджикистан,,,,,16.80902
2018,ER_PTD_MTN,Таджикистан,,,,,16.80902
2019,ER_PTD_MTN,Таджикистан,,,,,16.80902
2020,ER_PTD_MTN,Таджикистан,,,,,16.80902
2021,ER_PTD_MTN,Таджикистан,,,,,16.80902
2022,ER_PTD_MTN,Таджикистан,,,,,16.80902
2000,ER_PTD_MTN,United Arab Emirates,,,,,0.0
2001,ER_PTD_MTN,United Arab Emirates,,,,,0.0
2002,ER_PTD_MTN,United Arab Emirates,,,,,0.0
2003,ER_PTD_MTN,United Arab Emirates,,,,,0.0
2004,ER_PTD_MTN,United Arab Emirates,,,,,0.0
2005,ER_PTD_MTN,United Arab Emirates,,,,,0.0
2006,ER_PTD_MTN,United Arab Emirates,,,,,0.0
2007,ER_PTD_MTN,United Arab Emirates,,,,,0.0
2008,ER_PTD_MTN,United Arab Emirates,,,,,0.0
2009,ER_PTD_MTN,United Arab Emirates,,,,,0.0
2010,ER_PTD_MTN,United Arab Emirates,,,,,0.0
2011,ER_PTD_MTN,United Arab Emirates,,,,,0.0
2012,ER_PTD_MTN,United Arab Emirates,,,,,0.0
2013,ER_PTD_MTN,United Arab Emirates,,,,,0.0
2014,ER_PTD_MTN,United Arab Emirates,,,,,0.0
2015,ER_PTD_MTN,United Arab Emirates,,,,,0.0
2016,ER_PTD_MTN,United Arab Emirates,,,,,0.0
2017,ER_PTD_MTN,United Arab Emirates,,,,,87.17341
2018,ER_PTD_MTN,United Arab Emirates,,,,,87.17341
2019,ER_PTD_MTN,United Arab Emirates,,,,,87.17341
2020,ER_PTD_MTN,United Arab Emirates,,,,,87.17341
2021,ER_PTD_MTN,United Arab Emirates,,,,,87.17341
2022,ER_PTD_MTN,United Arab Emirates,,,,,87.17341
2000,ER_PTD_MTN,Türkiye,,,,,0.70104
2001,ER_PTD_MTN,Türkiye,,,,,0.70104
2002,ER_PTD_MTN,Türkiye,,,,,0.70104
2003,ER_PTD_MTN,Türkiye,,,,,0.70104
2004,ER_PTD_MTN,Türkiye,,,,,0.70104
2005,ER_PTD_MTN,Türkiye,,,,,0.71022
2006,ER_PTD_MTN,Türkiye,,,,,0.71022
2007,ER_PTD_MTN,Türkiye,,,,,0.71022
2008,ER_PTD_MTN,Türkiye,,,,,0.71022
2009,ER_PTD_MTN,Türkiye,,,,,0.71022
2010,ER_PTD_MTN,Türkiye,,,,,0.71022
2011,ER_PTD_MTN,Türkiye,,,,,0.71022
2012,ER_PTD_MTN,Türkiye,,,,,0.71022
2013,ER_PTD_MTN,Türkiye,,,,,0.78604
2014,ER_PTD_MTN,Türkiye,,,,,0.78604
2015,ER_PTD_MTN,Türkiye,,,,,0.78604
2016,ER_PTD_MTN,Türkiye,,,,,0.78604
2017,ER_PTD_MTN,Türkiye,,,,,0.78604
2018,ER_PTD_MTN,Türkiye,,,,,0.78604
2019,ER_PTD_MTN,Türkiye,,,,,0.78604
2020,ER_PTD_MTN,Türkiye,,,,,0.78604
2021,ER_PTD_MTN,Türkiye,,,,,0.78604
2022,ER_PTD_MTN,Türkiye,,,,,0.78604
2000,ER_PTD_MTN,Туркменистан,,,,,15.2
2001,ER_PTD_MTN,Туркменистан,,,,,15.2
2002,ER_PTD_MTN,Туркменистан,,,,,15.2
2003,ER_PTD_MTN,Туркменистан,,,,,15.2
2004,ER_PTD_MTN,Туркменистан,,,,,15.2
2005,ER_PTD_MTN,Туркменистан,,,,,15.2
2006,ER_PTD_MTN,Туркменистан,,,,,15.2
2007,ER_PTD_MTN,Туркменистан,,,,,15.2
2008,ER_PTD_MTN,Туркменистан,,,,,15.2
2009,ER_PTD_MTN,Туркменистан,,,,,15.2
2010,ER_PTD_MTN,Туркменистан,,,,,15.2
2011,ER_PTD_MTN,Туркменистан,,,,,15.2
2012,ER_PTD_MTN,Туркменистан,,,,,15.2
2013,ER_PTD_MTN,Туркменистан,,,,,15.2
2014,ER_PTD_MTN,Туркменистан,,,,,15.2
2015,ER_PTD_MTN,Туркменистан,,,,,15.2
2016,ER_PTD_MTN,Туркменистан,,,,,15.2
2017,ER_PTD_MTN,Туркменистан,,,,,15.2
2018,ER_PTD_MTN,Туркменистан,,,,,15.2
2019,ER_PTD_MTN,Туркменистан,,,,,15.2
2020,ER_PTD_MTN,Туркменистан,,,,,15.2
2021,ER_PTD_MTN,Туркменистан,,,,,15.2
2022,ER_PTD_MTN,Туркменистан,,,,,15.2
2000,ER_PTD_MTN,Ukraine,,,,,63.8134
2001,ER_PTD_MTN,Ukraine,,,,,63.8134
2002,ER_PTD_MTN,Ukraine,,,,,63.8134
2003,ER_PTD_MTN,Ukraine,,,,,63.8134
2004,ER_PTD_MTN,Ukraine,,,,,63.8134
2005,ER_PTD_MTN,Ukraine,,,,,63.8134
2006,ER_PTD_MTN,Ukraine,,,,,63.8134
2007,ER_PTD_MTN,Ukraine,,,,,68.56503
2008,ER_PTD_MTN,Ukraine,,,,,68.56503
2009,ER_PTD_MTN,Ukraine,,,,,68.56503
2010,ER_PTD_MTN,Ukraine,,,,,68.56503
2011,ER_PTD_MTN,Ukraine,,,,,68.56503
2012,ER_PTD_MTN,Ukraine,,,,,68.56503
2013,ER_PTD_MTN,Ukraine,,,,,68.56503
2014,ER_PTD_MTN,Ukraine,,,,,68.56503
2015,ER_PTD_MTN,Ukraine,,,,,68.56503
2016,ER_PTD_MTN,Ukraine,,,,,68.56503
2017,ER_PTD_MTN,Ukraine,,,,,68.56503
2018,ER_PTD_MTN,Ukraine,,,,,68.56503
2019,ER_PTD_MTN,Ukraine,,,,,68.56503
2020,ER_PTD_MTN,Ukraine,,,,,68.56503
2021,ER_PTD_MTN,Ukraine,,,,,68.56503
2022,ER_PTD_MTN,Ukraine,,,,,68.56503
2000,ER_PTD_MTN,North Macedonia,,,,,19.22902
2001,ER_PTD_MTN,North Macedonia,,,,,19.22902
2002,ER_PTD_MTN,North Macedonia,,,,,19.40459
2003,ER_PTD_MTN,North Macedonia,,,,,19.65668
2004,ER_PTD_MTN,North Macedonia,,,,,19.65668
2005,ER_PTD_MTN,North Macedonia,,,,,19.65668
2006,ER_PTD_MTN,North Macedonia,,,,,19.87678
2007,ER_PTD_MTN,North Macedonia,,,,,19.87678
2008,ER_PTD_MTN,North Macedonia,,,,,19.87678
2009,ER_PTD_MTN,North Macedonia,,,,,19.87678
2010,ER_PTD_MTN,North Macedonia,,,,,19.87678
2011,ER_PTD_MTN,North Macedonia,,,,,19.87678
2012,ER_PTD_MTN,North Macedonia,,,,,19.87678
2013,ER_PTD_MTN,North Macedonia,,,,,19.87678
2014,ER_PTD_MTN,North Macedonia,,,,,19.87678
2015,ER_PTD_MTN,North Macedonia,,,,,19.87678
2016,ER_PTD_MTN,North Macedonia,,,,,19.87678
2017,ER_PTD_MTN,North Macedonia,,,,,19.87678
2018,ER_PTD_MTN,North Macedonia,,,,,19.87678
2019,ER_PTD_MTN,North Macedonia,,,,,19.87678
2020,ER_PTD_MTN,North Macedonia,,,,,22.72829
2021,ER_PTD_MTN,North Macedonia,,,,,22.72829
2022,ER_PTD_MTN,North Macedonia,,,,,22.72829
2000,ER_PTD_MTN,United Kingdom of Great Britain and Northern Ireland,,,,,71.91938
2001,ER_PTD_MTN,United Kingdom of Great Britain and Northern Ireland,,,,,77.06719
2002,ER_PTD_MTN,United Kingdom of Great Britain and Northern Ireland,,,,,77.20172
2003,ER_PTD_MTN,United Kingdom of Great Britain and Northern Ireland,,,,,79.51283
2004,ER_PTD_MTN,United Kingdom of Great Britain and Northern Ireland,,,,,79.51283
2005,ER_PTD_MTN,United Kingdom of Great Britain and Northern Ireland,,,,,79.5154
2006,ER_PTD_MTN,United Kingdom of Great Britain and Northern Ireland,,,,,79.51737
2007,ER_PTD_MTN,United Kingdom of Great Britain and Northern Ireland,,,,,79.61799
2008,ER_PTD_MTN,United Kingdom of Great Britain and Northern Ireland,,,,,79.74688
2009,ER_PTD_MTN,United Kingdom of Great Britain and Northern Ireland,,,,,79.74688
2010,ER_PTD_MTN,United Kingdom of Great Britain and Northern Ireland,,,,,79.74688
2011,ER_PTD_MTN,United Kingdom of Great Britain and Northern Ireland,,,,,79.75
2012,ER_PTD_MTN,United Kingdom of Great Britain and Northern Ireland,,,,,79.75035
2013,ER_PTD_MTN,United Kingdom of Great Britain and Northern Ireland,,,,,79.75035
2014,ER_PTD_MTN,United Kingdom of Great Britain and Northern Ireland,,,,,79.75038
2015,ER_PTD_MTN,United Kingdom of Great Britain and Northern Ireland,,,,,79.75038
2016,ER_PTD_MTN,United Kingdom of Great Britain and Northern Ireland,,,,,79.75038
2017,ER_PTD_MTN,United Kingdom of Great Britain and Northern Ireland,,,,,79.75046
2018,ER_PTD_MTN,United Kingdom of Great Britain and Northern Ireland,,,,,79.75046
2019,ER_PTD_MTN,United Kingdom of Great Britain and Northern Ireland,,,,,79.75046
2020,ER_PTD_MTN,United Kingdom of Great Britain and Northern Ireland,,,,,79.75046
2021,ER_PTD_MTN,United Kingdom of Great Britain and Northern Ireland,,,,,79.75046
2022,ER_PTD_MTN,United Kingdom of Great Britain and Northern Ireland,,,,,79.75046
2000,ER_PTD_MTN,Узбекистан,,,,,30.59479
2001,ER_PTD_MTN,Узбекистан,,,,,30.59479
2002,ER_PTD_MTN,Узбекистан,,,,,30.59479
2003,ER_PTD_MTN,Узбекистан,,,,,30.59479
2004,ER_PTD_MTN,Узбекистан,,,,,30.59479
2005,ER_PTD_MTN,Узбекистан,,,,,30.59479
2006,ER_PTD_MTN,Узбекистан,,,,,30.59479
2007,ER_PTD_MTN,Узбекистан,,,,,30.59479
2008,ER_PTD_MTN,Узбекистан,,,,,30.59479
2009,ER_PTD_MTN,Узбекистан,,,,,30.59479
2000,ER_PTD_MTN,Mexico,,,,,14.95785
2001,ER_PTD_MTN,Mexico,,,,,16.32114
2002,ER_PTD_MTN,Mexico,,,,,19.6582
2017,ER_PTD_MTN,Belgium,,,,,24.29007
2018,ER_PTD_MTN,Belgium,,,,,24.2901
2019,ER_PTD_MTN,Belgium,,,,,24.29109
2020,ER_PTD_MTN,Belgium,,,,,24.29551
2021,ER_PTD_MTN,Belgium,,,,,24.29551
2022,ER_PTD_MTN,Belgium,,,,,24.29551
2010,ER_PTD_MTN,Узбекистан,,,,,30.59479
2011,ER_PTD_MTN,Узбекистан,,,,,30.59479
2012,ER_PTD_MTN,Узбекистан,,,,,30.59479
2013,ER_PTD_MTN,Узбекистан,,,,,30.59479
2014,ER_PTD_MTN,Узбекистан,,,,,30.59479
2015,ER_PTD_MTN,Узбекистан,,,,,30.59479
2003,ER_PTD_MTN,Mexico,,,,,20.70333
2004,ER_PTD_MTN,Mexico,,,,,22.06538
2005,ER_PTD_MTN,Mexico,,,,,22.29676
2006,ER_PTD_MTN,Mexico,,,,,23.01623
2007,ER_PTD_MTN,Mexico,,,,,24.39995
2008,ER_PTD_MTN,Mexico,,,,,25.62778
2009,ER_PTD_MTN,Mexico,,,,,27.35758
2010,ER_PTD_MTN,Mexico,,,,,27.50096
2011,ER_PTD_MTN,Mexico,,,,,27.8655
2012,ER_PTD_MTN,Mexico,,,,,28.42261
2013,ER_PTD_MTN,Mexico,,,,,28.57272
2014,ER_PTD_MTN,Mexico,,,,,28.57354
2000,ER_PTD_MTN,Bosnia and Herzegovina,,,,,0.0
2001,ER_PTD_MTN,Bosnia and Herzegovina,,,,,0.0
2002,ER_PTD_MTN,Bosnia and Herzegovina,,,,,0.0
2003,ER_PTD_MTN,Bosnia and Herzegovina,,,,,0.0
2004,ER_PTD_MTN,Bosnia and Herzegovina,,,,,0.0
2005,ER_PTD_MTN,Bosnia and Herzegovina,,,,,0.0
2006,ER_PTD_MTN,Bosnia and Herzegovina,,,,,0.0
2007,ER_PTD_MTN,Bosnia and Herzegovina,,,,,0.0
2008,ER_PTD_MTN,Bosnia and Herzegovina,,,,,14.28571
2009,ER_PTD_MTN,Bosnia and Herzegovina,,,,,14.28571
2010,ER_PTD_MTN,Bosnia and Herzegovina,,,,,14.28571
2011,ER_PTD_MTN,Bosnia and Herzegovina,,,,,14.47443
2015,ER_PTD_MTN,Mexico,,,,,28.57593
2016,ER_PTD_MTN,Mexico,,,,,29.09981
2017,ER_PTD_MTN,Mexico,,,,,29.12988
2018,ER_PTD_MTN,Mexico,,,,,29.13906
2019,ER_PTD_MTN,Mexico,,,,,29.16112
2020,ER_PTD_MTN,Mexico,,,,,29.16476
2016,ER_PTD_MTN,Узбекистан,,,,,35.63106
2017,ER_PTD_MTN,Узбекистан,,,,,35.63106
2018,ER_PTD_MTN,Узбекистан,,,,,35.63106
2019,ER_PTD_MTN,Узбекистан,,,,,35.63106
2020,ER_PTD_MTN,Узбекистан,,,,,35.63106
2021,ER_PTD_MTN,Узбекистан,,,,,35.63106
2021,ER_PTD_MTN,Mexico,,,,,29.39061
2022,ER_PTD_MTN,Mexico,,,,,29.39204
2000,ER_PTD_MTN,Republic of Moldova,,,,,64.87439
2001,ER_PTD_MTN,Republic of Moldova,,,,,64.87439
2002,ER_PTD_MTN,Republic of Moldova,,,,,64.87439
2003,ER_PTD_MTN,Republic of Moldova,,,,,64.87439
2004,ER_PTD_MTN,Republic of Moldova,,,,,64.87439
2005,ER_PTD_MTN,Republic of Moldova,,,,,64.87439
2006,ER_PTD_MTN,Republic of Moldova,,,,,64.87439
2007,ER_PTD_MTN,Republic of Moldova,,,,,96.2902
2008,ER_PTD_MTN,Republic of Moldova,,,,,96.2902
2009,ER_PTD_MTN,Republic of Moldova,,,,,96.2902
2010,ER_PTD_MTN,Republic of Moldova,,,,,96.2902
2011,ER_PTD_MTN,Republic of Moldova,,,,,96.2902
2012,ER_PTD_MTN,Republic of Moldova,,,,,96.2902
2013,ER_PTD_MTN,Republic of Moldova,,,,,96.2902
2014,ER_PTD_MTN,Republic of Moldova,,,,,96.2902
2015,ER_PTD_MTN,Republic of Moldova,,,,,96.2902
2016,ER_PTD_MTN,Republic of Moldova,,,,,96.2902
2017,ER_PTD_MTN,Republic of Moldova,,,,,96.2902
2018,ER_PTD_MTN,Republic of Moldova,,,,,96.2902
2019,ER_PTD_MTN,Republic of Moldova,,,,,96.2902
2020,ER_PTD_MTN,Republic of Moldova,,,,,96.2902
2021,ER_PTD_MTN,Republic of Moldova,,,,,96.2902
2022,ER_PTD_MTN,Republic of Moldova,,,,,96.2902
2000,ER_PTD_MTN,Montenegro,,,,,19.13924
2001,ER_PTD_MTN,Montenegro,,,,,19.13924
2002,ER_PTD_MTN,Montenegro,,,,,19.13924
2003,ER_PTD_MTN,Montenegro,,,,,19.13924
2004,ER_PTD_MTN,Montenegro,,,,,19.13924
2005,ER_PTD_MTN,Montenegro,,,,,19.13924
2006,ER_PTD_MTN,Montenegro,,,,,19.13924
2007,ER_PTD_MTN,Montenegro,,,,,19.13924
2008,ER_PTD_MTN,Montenegro,,,,,19.13924
2009,ER_PTD_MTN,Montenegro,,,,,19.13924
2010,ER_PTD_MTN,Montenegro,,,,,19.13924
2012,ER_PTD_MTN,Bosnia and Herzegovina,,,,,14.47443
2013,ER_PTD_MTN,Bosnia and Herzegovina,,,,,14.47443
2014,ER_PTD_MTN,Bosnia and Herzegovina,,,,,14.47443
2015,ER_PTD_MTN,Bosnia and Herzegovina,,,,,14.47443
2016,ER_PTD_MTN,Bosnia and Herzegovina,,,,,14.47443
2017,ER_PTD_MTN,Bosnia and Herzegovina,,,,,14.47443
2011,ER_PTD_MTN,Montenegro,,,,,19.13924
2012,ER_PTD_MTN,Montenegro,,,,,19.13924
2013,ER_PTD_MTN,Montenegro,,,,,19.13924
2014,ER_PTD_MTN,Montenegro,,,,,19.13924
2015,ER_PTD_MTN,Montenegro,,,,,19.13924
2016,ER_PTD_MTN,Montenegro,,,,,19.13924
2018,ER_PTD_MTN,Bosnia and Herzegovina,,,,,14.47443
2019,ER_PTD_MTN,Bosnia and Herzegovina,,,,,14.47443
2020,ER_PTD_MTN,Bosnia and Herzegovina,,,,,27.27735
2021,ER_PTD_MTN,Bosnia and Herzegovina,,,,,27.27735
2022,ER_PTD_MTN,Bosnia and Herzegovina,,,,,27.27735
2000,ER_PTD_MTN,Bulgaria,,,,,11.64421
2017,ER_PTD_MTN,Montenegro,,,,,19.13924
2018,ER_PTD_MTN,Montenegro,,,,,19.13924
2019,ER_PTD_MTN,Montenegro,,,,,23.30591
2020,ER_PTD_MTN,Montenegro,,,,,23.30591
2021,ER_PTD_MTN,Montenegro,,,,,23.30591
2022,ER_PTD_MTN,Montenegro,,,,,23.30591
2001,ER_PTD_MTN,Bulgaria,,,,,11.96479
2002,ER_PTD_MTN,Bulgaria,,,,,20.88025
2003,ER_PTD_MTN,Bulgaria,,,,,20.88384
2004,ER_PTD_MTN,Bulgaria,,,,,20.88654
2005,ER_PTD_MTN,Bulgaria,,,,,20.89043
2006,ER_PTD_MTN,Bulgaria,,,,,20.89906
2007,ER_PTD_MTN,Bulgaria,,,,,96.16069
2008,ER_PTD_MTN,Bulgaria,,,,,97.47631
2009,ER_PTD_MTN,Bulgaria,,,,,97.47631
2010,ER_PTD_MTN,Bulgaria,,,,,97.47631
2011,ER_PTD_MTN,Bulgaria,,,,,97.48534
2012,ER_PTD_MTN,Bulgaria,,,,,97.48534
2013,ER_PTD_MTN,Bulgaria,,,,,97.48534
2014,ER_PTD_MTN,Bulgaria,,,,,97.48534
2015,ER_PTD_MTN,Bulgaria,,,,,97.48534
2016,ER_PTD_MTN,Bulgaria,,,,,97.48534
2017,ER_PTD_MTN,Bulgaria,,,,,97.48534
2018,ER_PTD_MTN,Bulgaria,,,,,99.32538
2019,ER_PTD_MTN,Bulgaria,,,,,99.4971
2020,ER_PTD_MTN,Bulgaria,,,,,99.4971
2021,ER_PTD_MTN,Bulgaria,,,,,99.4971
2022,ER_PTD_MTN,Bulgaria,,,,,99.4971
2000,ER_PTD_MTN,Canada,,,,,21.12323
2001,ER_PTD_MTN,Canada,,,,,21.17729
2002,ER_PTD_MTN,Canada,,,,,22.34589
2003,ER_PTD_MTN,Canada,,,,,23.71554
2004,ER_PTD_MTN,Canada,,,,,23.71554
2005,ER_PTD_MTN,Canada,,,,,24.22348
2006,ER_PTD_MTN,Canada,,,,,24.52656
2007,ER_PTD_MTN,Canada,,,,,24.81607
2008,ER_PTD_MTN,Canada,,,,,25.83374
2009,ER_PTD_MTN,Canada,,,,,25.85793
2010,ER_PTD_MTN,Canada,,,,,27.67458
2011,ER_PTD_MTN,Canada,,,,,27.68216
2012,ER_PTD_MTN,Canada,,,,,27.69144
2013,ER_PTD_MTN,Canada,,,,,27.78603
2014,ER_PTD_MTN,Canada,,,,,27.79352
2015,ER_PTD_MTN,Canada,,,,,27.79918
2016,ER_PTD_MTN,Canada,,,,,28.29922
2017,ER_PTD_MTN,Canada,,,,,31.78747
2018,ER_PTD_MTN,Canada,,,,,31.78747
2019,ER_PTD_MTN,Canada,,,,,31.78747
2020,ER_PTD_MTN,Canada,,,,,31.85226
2022,ER_PTD_MTN,Узбекистан,,,,,35.63106
2021,ER_PTD_MTN,Canada,,,,,31.85226
2022,ER_PTD_MTN,Canada,,,,,31.85226
2019,ER_PTD_MTN,Greece,,,,,81.9593
2020,ER_PTD_MTN,Greece,,,,,81.9593
2021,ER_PTD_MTN,Greece,,,,,81.9593
2022,ER_PTD_MTN,Greece,,,,,81.9593
2022,ER_PTD_MTN,Greece,,,,,81.9593
