Year,SeriesCode,Страна ,Age,Freq,Location,Sex,Value
2000,ER_RSK_LST,Bulgaria,,,,,0.93639
2001,ER_RSK_LST,Bulgaria,,,,,0.93613
2002,ER_RSK_LST,Bulgaria,,,,,0.93586
2003,ER_RSK_LST,Bulgaria,,,,,0.9356
2004,ER_RSK_LST,Bulgaria,,,,,0.93558
2005,ER_RSK_LST,Bulgaria,,,,,0.93557
2006,ER_RSK_LST,Bulgaria,,,,,0.93556
2007,ER_RSK_LST,Bulgaria,,,,,0.93555
2008,ER_RSK_LST,Bulgaria,,,,,0.93555
2009,ER_RSK_LST,Bulgaria,,,,,0.93555
2010,ER_RSK_LST,Bulgaria,,,,,0.93555
2011,ER_RSK_LST,Bulgaria,,,,,0.93555
2012,ER_RSK_LST,Bulgaria,,,,,0.93555
2013,ER_RSK_LST,Bulgaria,,,,,0.93554
2014,ER_RSK_LST,Bulgaria,,,,,0.93554
2015,ER_RSK_LST,Bulgaria,,,,,0.93553
2016,ER_RSK_LST,Bulgaria,,,,,0.93553
2017,ER_RSK_LST,Bulgaria,,,,,0.93552
2018,ER_RSK_LST,Bulgaria,,,,,0.93552
2019,ER_RSK_LST,Bulgaria,,,,,0.93551
2020,ER_RSK_LST,Bulgaria,,,,,0.9355
2021,ER_RSK_LST,Bulgaria,,,,,0.9355
2022,ER_RSK_LST,Bulgaria,,,,,0.93549
2023,ER_RSK_LST,Bulgaria,,,,,0.93549
2000,ER_RSK_LST,Belarus,,,,,0.94676
2001,ER_RSK_LST,Belarus,,,,,0.94798
2002,ER_RSK_LST,Belarus,,,,,0.94918
2003,ER_RSK_LST,Belarus,,,,,0.95039
2004,ER_RSK_LST,Belarus,,,,,0.95159
2005,ER_RSK_LST,Belarus,,,,,0.95284
2006,ER_RSK_LST,Belarus,,,,,0.95408
2007,ER_RSK_LST,Belarus,,,,,0.95533
2008,ER_RSK_LST,Belarus,,,,,0.95658
2009,ER_RSK_LST,Belarus,,,,,0.95749
2010,ER_RSK_LST,Belarus,,,,,0.95831
2011,ER_RSK_LST,Belarus,,,,,0.95964
2012,ER_RSK_LST,Belarus,,,,,0.96096
2013,ER_RSK_LST,Belarus,,,,,0.96259
2014,ER_RSK_LST,Belarus,,,,,0.96371
2015,ER_RSK_LST,Belarus,,,,,0.96489
2016,ER_RSK_LST,Belarus,,,,,0.96656
2017,ER_RSK_LST,Belarus,,,,,0.96732
2018,ER_RSK_LST,Belarus,,,,,0.96917
2019,ER_RSK_LST,Belarus,,,,,0.96996
2020,ER_RSK_LST,Belarus,,,,,0.97103
2021,ER_RSK_LST,Belarus,,,,,0.97265
2022,ER_RSK_LST,Belarus,,,,,0.974
2023,ER_RSK_LST,Belarus,,,,,0.97468
2000,ER_RSK_LST,Canada,,,,,0.96911
2001,ER_RSK_LST,Canada,,,,,0.96886
2002,ER_RSK_LST,Canada,,,,,0.96863
2003,ER_RSK_LST,Canada,,,,,0.96839
2004,ER_RSK_LST,Canada,,,,,0.96809
2005,ER_RSK_LST,Canada,,,,,0.96779
2006,ER_RSK_LST,Canada,,,,,0.96745
2007,ER_RSK_LST,Canada,,,,,0.96717
2008,ER_RSK_LST,Canada,,,,,0.96686
2009,ER_RSK_LST,Canada,,,,,0.96655
2010,ER_RSK_LST,Canada,,,,,0.96632
2011,ER_RSK_LST,Canada,,,,,0.9661
2012,ER_RSK_LST,Canada,,,,,0.96586
2013,ER_RSK_LST,Canada,,,,,0.96557
2014,ER_RSK_LST,Canada,,,,,0.96528
2000,ER_RSK_LST,Albania,,,,,0.88871
2001,ER_RSK_LST,Albania,,,,,0.88603
2002,ER_RSK_LST,Albania,,,,,0.88358
2003,ER_RSK_LST,Albania,,,,,0.88093
2004,ER_RSK_LST,Albania,,,,,0.87824
2005,ER_RSK_LST,Albania,,,,,0.87675
2006,ER_RSK_LST,Albania,,,,,0.87452
2015,ER_RSK_LST,Canada,,,,,0.96505
2016,ER_RSK_LST,Canada,,,,,0.96479
2017,ER_RSK_LST,Canada,,,,,0.96459
2018,ER_RSK_LST,Canada,,,,,0.96437
2019,ER_RSK_LST,Canada,,,,,0.96417
2020,ER_RSK_LST,Canada,,,,,0.96397
2021,ER_RSK_LST,Canada,,,,,0.96379
2007,ER_RSK_LST,Albania,,,,,0.87201
2008,ER_RSK_LST,Albania,,,,,0.86935
2009,ER_RSK_LST,Albania,,,,,0.86699
2010,ER_RSK_LST,Albania,,,,,0.86416
2011,ER_RSK_LST,Albania,,,,,0.86223
2012,ER_RSK_LST,Albania,,,,,0.86053
2013,ER_RSK_LST,Albania,,,,,0.85778
2000,ER_RSK_LST,Georgia,,,,,0.90395
2001,ER_RSK_LST,Georgia,,,,,0.9037
2002,ER_RSK_LST,Georgia,,,,,0.90348
2003,ER_RSK_LST,Georgia,,,,,0.90318
2004,ER_RSK_LST,Georgia,,,,,0.90248
2005,ER_RSK_LST,Georgia,,,,,0.8996
2006,ER_RSK_LST,Georgia,,,,,0.89602
2000,ER_RSK_LST,Malta,,,,,0.88061
2001,ER_RSK_LST,Malta,,,,,0.87805
2002,ER_RSK_LST,Malta,,,,,0.87599
2003,ER_RSK_LST,Malta,,,,,0.87387
2004,ER_RSK_LST,Malta,,,,,0.87242
2005,ER_RSK_LST,Malta,,,,,0.87226
2006,ER_RSK_LST,Malta,,,,,0.8721
2014,ER_RSK_LST,Albania,,,,,0.855
2015,ER_RSK_LST,Albania,,,,,0.85307
2016,ER_RSK_LST,Albania,,,,,0.85082
2017,ER_RSK_LST,Albania,,,,,0.84756
2018,ER_RSK_LST,Albania,,,,,0.84583
2019,ER_RSK_LST,Albania,,,,,0.84397
2020,ER_RSK_LST,Albania,,,,,0.84089
2007,ER_RSK_LST,Georgia,,,,,0.89239
2008,ER_RSK_LST,Georgia,,,,,0.88909
2009,ER_RSK_LST,Georgia,,,,,0.88891
2010,ER_RSK_LST,Georgia,,,,,0.88874
2011,ER_RSK_LST,Georgia,,,,,0.88868
2012,ER_RSK_LST,Georgia,,,,,0.8886
2013,ER_RSK_LST,Georgia,,,,,0.88856
2022,ER_RSK_LST,Canada,,,,,0.96353
2023,ER_RSK_LST,Canada,,,,,0.9634
2000,ER_RSK_LST,Chile,,,,,0.83354
2001,ER_RSK_LST,Chile,,,,,0.8303
2002,ER_RSK_LST,Chile,,,,,0.82634
2003,ER_RSK_LST,Chile,,,,,0.82278
2004,ER_RSK_LST,Chile,,,,,0.81926
2014,ER_RSK_LST,Georgia,,,,,0.88846
2015,ER_RSK_LST,Georgia,,,,,0.8884
2016,ER_RSK_LST,Georgia,,,,,0.88837
2017,ER_RSK_LST,Georgia,,,,,0.88825
2018,ER_RSK_LST,Georgia,,,,,0.88822
2019,ER_RSK_LST,Georgia,,,,,0.88814
2020,ER_RSK_LST,Georgia,,,,,0.88808
2021,ER_RSK_LST,Albania,,,,,0.83784
2022,ER_RSK_LST,Albania,,,,,0.83593
2023,ER_RSK_LST,Albania,,,,,0.83352
2000,ER_RSK_LST,Azerbaijan,,,,,0.91546
2001,ER_RSK_LST,Azerbaijan,,,,,0.91489
2002,ER_RSK_LST,Azerbaijan,,,,,0.91426
2003,ER_RSK_LST,Azerbaijan,,,,,0.91393
2005,ER_RSK_LST,Chile,,,,,0.81496
2006,ER_RSK_LST,Chile,,,,,0.81267
2007,ER_RSK_LST,Chile,,,,,0.80859
2008,ER_RSK_LST,Chile,,,,,0.80566
2009,ER_RSK_LST,Chile,,,,,0.80223
2010,ER_RSK_LST,Chile,,,,,0.79919
2011,ER_RSK_LST,Chile,,,,,0.79604
2021,ER_RSK_LST,Georgia,,,,,0.88803
2022,ER_RSK_LST,Georgia,,,,,0.88794
2023,ER_RSK_LST,Georgia,,,,,0.8879
2000,ER_RSK_LST,Germany,,,,,0.98178
2001,ER_RSK_LST,Germany,,,,,0.98167
2002,ER_RSK_LST,Germany,,,,,0.98158
2003,ER_RSK_LST,Germany,,,,,0.98152
2004,ER_RSK_LST,Azerbaijan,,,,,0.91329
2005,ER_RSK_LST,Azerbaijan,,,,,0.91308
2006,ER_RSK_LST,Azerbaijan,,,,,0.91238
2007,ER_RSK_LST,Azerbaijan,,,,,0.91148
2008,ER_RSK_LST,Azerbaijan,,,,,0.91119
2009,ER_RSK_LST,Azerbaijan,,,,,0.91143
2010,ER_RSK_LST,Azerbaijan,,,,,0.91153
2011,ER_RSK_LST,Azerbaijan,,,,,0.91151
2012,ER_RSK_LST,Azerbaijan,,,,,0.91139
2013,ER_RSK_LST,Azerbaijan,,,,,0.91129
2014,ER_RSK_LST,Azerbaijan,,,,,0.91121
2015,ER_RSK_LST,Azerbaijan,,,,,0.91135
2016,ER_RSK_LST,Azerbaijan,,,,,0.91153
2017,ER_RSK_LST,Azerbaijan,,,,,0.91135
2012,ER_RSK_LST,Chile,,,,,0.7925
2013,ER_RSK_LST,Chile,,,,,0.78861
2014,ER_RSK_LST,Chile,,,,,0.78525
2015,ER_RSK_LST,Chile,,,,,0.7812
2016,ER_RSK_LST,Chile,,,,,0.77771
2017,ER_RSK_LST,Chile,,,,,0.77413
2018,ER_RSK_LST,Chile,,,,,0.77106
2004,ER_RSK_LST,Germany,,,,,0.98149
2005,ER_RSK_LST,Germany,,,,,0.9815
2006,ER_RSK_LST,Germany,,,,,0.9815
2007,ER_RSK_LST,Germany,,,,,0.98152
2008,ER_RSK_LST,Germany,,,,,0.98155
2009,ER_RSK_LST,Germany,,,,,0.98159
2010,ER_RSK_LST,Germany,,,,,0.98163
2018,ER_RSK_LST,Azerbaijan,,,,,0.91132
2019,ER_RSK_LST,Azerbaijan,,,,,0.91137
2020,ER_RSK_LST,Azerbaijan,,,,,0.91153
2021,ER_RSK_LST,Azerbaijan,,,,,0.91185
2022,ER_RSK_LST,Azerbaijan,,,,,0.91189
2023,ER_RSK_LST,Azerbaijan,,,,,0.91188
2000,ER_RSK_LST,Australia,,,,,0.88015
2019,ER_RSK_LST,Chile,,,,,0.76807
2020,ER_RSK_LST,Chile,,,,,0.76452
2021,ER_RSK_LST,Chile,,,,,0.75972
2022,ER_RSK_LST,Chile,,,,,0.75631
2023,ER_RSK_LST,Chile,,,,,0.7525
2000,ER_RSK_LST,China,,,,,0.80341
2001,ER_RSK_LST,China,,,,,0.79987
2011,ER_RSK_LST,Germany,,,,,0.98166
2012,ER_RSK_LST,Germany,,,,,0.98169
2013,ER_RSK_LST,Germany,,,,,0.98169
2014,ER_RSK_LST,Germany,,,,,0.98171
2015,ER_RSK_LST,Germany,,,,,0.98169
2016,ER_RSK_LST,Germany,,,,,0.98169
2017,ER_RSK_LST,Germany,,,,,0.9817
2001,ER_RSK_LST,Australia,,,,,0.87686
2002,ER_RSK_LST,Australia,,,,,0.8738
2003,ER_RSK_LST,Australia,,,,,0.87055
2004,ER_RSK_LST,Australia,,,,,0.86731
2005,ER_RSK_LST,Australia,,,,,0.86436
2006,ER_RSK_LST,Australia,,,,,0.86148
2007,ER_RSK_LST,Australia,,,,,0.85824
2002,ER_RSK_LST,China,,,,,0.7961
2003,ER_RSK_LST,China,,,,,0.79334
2004,ER_RSK_LST,China,,,,,0.7893
2005,ER_RSK_LST,China,,,,,0.78585
2006,ER_RSK_LST,China,,,,,0.78273
2007,ER_RSK_LST,China,,,,,0.77974
2008,ER_RSK_LST,China,,,,,0.77649
2007,ER_RSK_LST,Malta,,,,,0.87226
2008,ER_RSK_LST,Malta,,,,,0.87242
2009,ER_RSK_LST,Malta,,,,,0.87242
2010,ER_RSK_LST,Malta,,,,,0.87242
2011,ER_RSK_LST,Malta,,,,,0.87242
2012,ER_RSK_LST,Malta,,,,,0.87242
2013,ER_RSK_LST,Malta,,,,,0.87242
2008,ER_RSK_LST,Australia,,,,,0.85587
2009,ER_RSK_LST,Australia,,,,,0.85243
2010,ER_RSK_LST,Australia,,,,,0.85007
2011,ER_RSK_LST,Australia,,,,,0.84712
2012,ER_RSK_LST,Australia,,,,,0.84393
2013,ER_RSK_LST,Australia,,,,,0.84111
2014,ER_RSK_LST,Australia,,,,,0.83776
2018,ER_RSK_LST,Germany,,,,,0.98172
2019,ER_RSK_LST,Germany,,,,,0.98175
2020,ER_RSK_LST,Germany,,,,,0.98178
2021,ER_RSK_LST,Germany,,,,,0.98181
2022,ER_RSK_LST,Germany,,,,,0.98185
2023,ER_RSK_LST,Germany,,,,,0.98188
2000,ER_RSK_LST,Greece,,,,,0.83944
2015,ER_RSK_LST,Australia,,,,,0.8345
2016,ER_RSK_LST,Australia,,,,,0.83141
2017,ER_RSK_LST,Australia,,,,,0.82883
2018,ER_RSK_LST,Australia,,,,,0.82457
2019,ER_RSK_LST,Australia,,,,,0.82206
2020,ER_RSK_LST,Australia,,,,,0.8191
2021,ER_RSK_LST,Australia,,,,,0.81665
2009,ER_RSK_LST,China,,,,,0.77302
2010,ER_RSK_LST,China,,,,,0.7698
2011,ER_RSK_LST,China,,,,,0.76684
2012,ER_RSK_LST,China,,,,,0.76349
2013,ER_RSK_LST,China,,,,,0.76016
2014,ER_RSK_LST,China,,,,,0.75626
2015,ER_RSK_LST,China,,,,,0.7531
2022,ER_RSK_LST,Australia,,,,,0.81452
2023,ER_RSK_LST,Australia,,,,,0.81076
2000,ER_RSK_LST,Austria,,,,,0.89451
2001,ER_RSK_LST,Austria,,,,,0.89447
2002,ER_RSK_LST,Austria,,,,,0.89447
2003,ER_RSK_LST,Austria,,,,,0.89447
2004,ER_RSK_LST,Austria,,,,,0.89449
2005,ER_RSK_LST,Austria,,,,,0.89449
2006,ER_RSK_LST,Austria,,,,,0.89453
2007,ER_RSK_LST,Austria,,,,,0.89456
2008,ER_RSK_LST,Austria,,,,,0.8946
2009,ER_RSK_LST,Austria,,,,,0.89461
2010,ER_RSK_LST,Austria,,,,,0.89464
2011,ER_RSK_LST,Austria,,,,,0.89466
2016,ER_RSK_LST,China,,,,,0.75034
2017,ER_RSK_LST,China,,,,,0.74744
2018,ER_RSK_LST,China,,,,,0.74415
2019,ER_RSK_LST,China,,,,,0.73999
2020,ER_RSK_LST,China,,,,,0.73731
2021,ER_RSK_LST,China,,,,,0.73308
2022,ER_RSK_LST,China,,,,,0.729
2012,ER_RSK_LST,Austria,,,,,0.8947
2013,ER_RSK_LST,Austria,,,,,0.89473
2014,ER_RSK_LST,Austria,,,,,0.89476
2015,ER_RSK_LST,Austria,,,,,0.8948
2016,ER_RSK_LST,Austria,,,,,0.89484
2017,ER_RSK_LST,Austria,,,,,0.89487
2018,ER_RSK_LST,Austria,,,,,0.8949
2001,ER_RSK_LST,Greece,,,,,0.83952
2002,ER_RSK_LST,Greece,,,,,0.83977
2003,ER_RSK_LST,Greece,,,,,0.84034
2004,ER_RSK_LST,Greece,,,,,0.84109
2005,ER_RSK_LST,Greece,,,,,0.84168
2006,ER_RSK_LST,Greece,,,,,0.84214
2007,ER_RSK_LST,Greece,,,,,0.84221
2019,ER_RSK_LST,Austria,,,,,0.89494
2020,ER_RSK_LST,Austria,,,,,0.89497
2021,ER_RSK_LST,Austria,,,,,0.89501
2022,ER_RSK_LST,Austria,,,,,0.89504
2023,ER_RSK_LST,Austria,,,,,0.89507
2000,ER_RSK_LST,Armenia,,,,,0.83859
2001,ER_RSK_LST,Armenia,,,,,0.83841
2023,ER_RSK_LST,China,,,,,0.72679
2000,ER_RSK_LST,Colombia,,,,,0.76165
2001,ER_RSK_LST,Colombia,,,,,0.76057
2002,ER_RSK_LST,Colombia,,,,,0.75919
2003,ER_RSK_LST,Colombia,,,,,0.75798
2004,ER_RSK_LST,Colombia,,,,,0.75686
2005,ER_RSK_LST,Colombia,,,,,0.75578
2002,ER_RSK_LST,Armenia,,,,,0.83828
2003,ER_RSK_LST,Armenia,,,,,0.83776
2004,ER_RSK_LST,Armenia,,,,,0.83621
2005,ER_RSK_LST,Armenia,,,,,0.83495
2006,ER_RSK_LST,Armenia,,,,,0.8315
2007,ER_RSK_LST,Armenia,,,,,0.8304
2008,ER_RSK_LST,Armenia,,,,,0.82914
2008,ER_RSK_LST,Greece,,,,,0.84235
2009,ER_RSK_LST,Greece,,,,,0.84239
2010,ER_RSK_LST,Greece,,,,,0.8425
2011,ER_RSK_LST,Greece,,,,,0.84241
2012,ER_RSK_LST,Greece,,,,,0.84183
2013,ER_RSK_LST,Greece,,,,,0.84119
2014,ER_RSK_LST,Greece,,,,,0.84018
2014,ER_RSK_LST,Malta,,,,,0.87242
2015,ER_RSK_LST,Malta,,,,,0.87242
2016,ER_RSK_LST,Malta,,,,,0.87242
2017,ER_RSK_LST,Malta,,,,,0.87242
2018,ER_RSK_LST,Malta,,,,,0.87242
2019,ER_RSK_LST,Malta,,,,,0.87242
2020,ER_RSK_LST,Malta,,,,,0.87242
2009,ER_RSK_LST,Armenia,,,,,0.82911
2010,ER_RSK_LST,Armenia,,,,,0.82909
2011,ER_RSK_LST,Armenia,,,,,0.82909
2012,ER_RSK_LST,Armenia,,,,,0.82909
2013,ER_RSK_LST,Armenia,,,,,0.82909
2014,ER_RSK_LST,Armenia,,,,,0.82909
2015,ER_RSK_LST,Armenia,,,,,0.8291
2006,ER_RSK_LST,Colombia,,,,,0.75438
2007,ER_RSK_LST,Colombia,,,,,0.75322
2008,ER_RSK_LST,Colombia,,,,,0.75172
2009,ER_RSK_LST,Colombia,,,,,0.75086
2010,ER_RSK_LST,Colombia,,,,,0.74921
2011,ER_RSK_LST,Colombia,,,,,0.74815
2012,ER_RSK_LST,Colombia,,,,,0.74669
2016,ER_RSK_LST,Armenia,,,,,0.8291
2017,ER_RSK_LST,Armenia,,,,,0.8291
2018,ER_RSK_LST,Armenia,,,,,0.82911
2019,ER_RSK_LST,Armenia,,,,,0.82911
2020,ER_RSK_LST,Armenia,,,,,0.82911
2021,ER_RSK_LST,Armenia,,,,,0.82912
2022,ER_RSK_LST,Armenia,,,,,0.82912
2015,ER_RSK_LST,Greece,,,,,0.83909
2016,ER_RSK_LST,Greece,,,,,0.83848
2017,ER_RSK_LST,Greece,,,,,0.83768
2018,ER_RSK_LST,Greece,,,,,0.83671
2019,ER_RSK_LST,Greece,,,,,0.83565
2020,ER_RSK_LST,Greece,,,,,0.83506
2021,ER_RSK_LST,Greece,,,,,0.83402
2013,ER_RSK_LST,Colombia,,,,,0.74557
2014,ER_RSK_LST,Colombia,,,,,0.74402
2015,ER_RSK_LST,Colombia,,,,,0.74306
2016,ER_RSK_LST,Colombia,,,,,0.7418
2017,ER_RSK_LST,Colombia,,,,,0.74051
2018,ER_RSK_LST,Colombia,,,,,0.73951
2019,ER_RSK_LST,Colombia,,,,,0.73769
2023,ER_RSK_LST,Armenia,,,,,0.82913
2000,ER_RSK_LST,Belgium,,,,,0.98175
2001,ER_RSK_LST,Belgium,,,,,0.98166
2002,ER_RSK_LST,Belgium,,,,,0.98169
2003,ER_RSK_LST,Belgium,,,,,0.98173
2004,ER_RSK_LST,Belgium,,,,,0.98181
2005,ER_RSK_LST,Belgium,,,,,0.98187
2021,ER_RSK_LST,Malta,,,,,0.87242
2022,ER_RSK_LST,Malta,,,,,0.87242
2023,ER_RSK_LST,Malta,,,,,0.87242
2000,ER_RSK_LST,Mexico,,,,,0.72242
2001,ER_RSK_LST,Mexico,,,,,0.72028
2002,ER_RSK_LST,Mexico,,,,,0.71798
2003,ER_RSK_LST,Mexico,,,,,0.71579
2004,ER_RSK_LST,Mexico,,,,,0.71379
2005,ER_RSK_LST,Mexico,,,,,0.71128
2006,ER_RSK_LST,Mexico,,,,,0.70927
2007,ER_RSK_LST,Mexico,,,,,0.707
2008,ER_RSK_LST,Mexico,,,,,0.70505
2009,ER_RSK_LST,Mexico,,,,,0.70242
2010,ER_RSK_LST,Mexico,,,,,0.69996
2020,ER_RSK_LST,Colombia,,,,,0.73677
2021,ER_RSK_LST,Colombia,,,,,0.73535
2022,ER_RSK_LST,Colombia,,,,,0.7341
2023,ER_RSK_LST,Colombia,,,,,0.73314
2000,ER_RSK_LST,Costa Rica,,,,,0.84356
2001,ER_RSK_LST,Costa Rica,,,,,0.84198
2002,ER_RSK_LST,Costa Rica,,,,,0.84047
2006,ER_RSK_LST,Belgium,,,,,0.98203
2007,ER_RSK_LST,Belgium,,,,,0.98213
2008,ER_RSK_LST,Belgium,,,,,0.98227
2009,ER_RSK_LST,Belgium,,,,,0.98234
2010,ER_RSK_LST,Belgium,,,,,0.98248
2011,ER_RSK_LST,Belgium,,,,,0.98261
2012,ER_RSK_LST,Belgium,,,,,0.98275
2011,ER_RSK_LST,Mexico,,,,,0.69757
2012,ER_RSK_LST,Mexico,,,,,0.69569
2013,ER_RSK_LST,Mexico,,,,,0.69344
2014,ER_RSK_LST,Mexico,,,,,0.69137
2015,ER_RSK_LST,Mexico,,,,,0.689
2016,ER_RSK_LST,Mexico,,,,,0.68621
2017,ER_RSK_LST,Mexico,,,,,0.6842
2003,ER_RSK_LST,Costa Rica,,,,,0.83907
2004,ER_RSK_LST,Costa Rica,,,,,0.83721
2005,ER_RSK_LST,Costa Rica,,,,,0.83551
2006,ER_RSK_LST,Costa Rica,,,,,0.83399
2007,ER_RSK_LST,Costa Rica,,,,,0.83284
2008,ER_RSK_LST,Costa Rica,,,,,0.83171
2009,ER_RSK_LST,Costa Rica,,,,,0.83048
2018,ER_RSK_LST,Mexico,,,,,0.68219
2019,ER_RSK_LST,Mexico,,,,,0.68017
2020,ER_RSK_LST,Mexico,,,,,0.67768
2021,ER_RSK_LST,Mexico,,,,,0.67574
2022,ER_RSK_LST,Mexico,,,,,0.67352
2023,ER_RSK_LST,Mexico,,,,,0.67174
2000,ER_RSK_LST,Republic of Moldova,,,,,0.94138
2010,ER_RSK_LST,Costa Rica,,,,,0.82918
2011,ER_RSK_LST,Costa Rica,,,,,0.82748
2012,ER_RSK_LST,Costa Rica,,,,,0.82585
2013,ER_RSK_LST,Costa Rica,,,,,0.82443
2014,ER_RSK_LST,Costa Rica,,,,,0.82295
2015,ER_RSK_LST,Costa Rica,,,,,0.82115
2016,ER_RSK_LST,Costa Rica,,,,,0.81989
2001,ER_RSK_LST,Republic of Moldova,,,,,0.94138
2002,ER_RSK_LST,Republic of Moldova,,,,,0.94139
2003,ER_RSK_LST,Republic of Moldova,,,,,0.9414
2004,ER_RSK_LST,Republic of Moldova,,,,,0.94162
2005,ER_RSK_LST,Republic of Moldova,,,,,0.94164
2006,ER_RSK_LST,Republic of Moldova,,,,,0.94187
2007,ER_RSK_LST,Republic of Moldova,,,,,0.94211
2022,ER_RSK_LST,Greece,,,,,0.83332
2023,ER_RSK_LST,Greece,,,,,0.83233
2000,ER_RSK_LST,Hungary,,,,,0.8635
2001,ER_RSK_LST,Hungary,,,,,0.86337
2002,ER_RSK_LST,Hungary,,,,,0.86323
2003,ER_RSK_LST,Hungary,,,,,0.86331
2004,ER_RSK_LST,Hungary,,,,,0.86338
2017,ER_RSK_LST,Costa Rica,,,,,0.81799
2018,ER_RSK_LST,Costa Rica,,,,,0.81677
2019,ER_RSK_LST,Costa Rica,,,,,0.81511
2020,ER_RSK_LST,Costa Rica,,,,,0.81375
2021,ER_RSK_LST,Costa Rica,,,,,0.8126
2022,ER_RSK_LST,Costa Rica,,,,,0.81115
2023,ER_RSK_LST,Costa Rica,,,,,0.80962
2008,ER_RSK_LST,Republic of Moldova,,,,,0.94254
2009,ER_RSK_LST,Republic of Moldova,,,,,0.94259
2010,ER_RSK_LST,Republic of Moldova,,,,,0.94293
2011,ER_RSK_LST,Republic of Moldova,,,,,0.94309
2012,ER_RSK_LST,Republic of Moldova,,,,,0.94341
2013,ER_RSK_LST,Republic of Moldova,,,,,0.94375
2014,ER_RSK_LST,Republic of Moldova,,,,,0.94396
2013,ER_RSK_LST,Belgium,,,,,0.98291
2014,ER_RSK_LST,Belgium,,,,,0.98299
2015,ER_RSK_LST,Belgium,,,,,0.98308
2016,ER_RSK_LST,Belgium,,,,,0.98323
2017,ER_RSK_LST,Belgium,,,,,0.98335
2018,ER_RSK_LST,Belgium,,,,,0.98349
2019,ER_RSK_LST,Belgium,,,,,0.98362
2000,ER_RSK_LST,Croatia,,,,,0.89721
2001,ER_RSK_LST,Croatia,,,,,0.89688
2002,ER_RSK_LST,Croatia,,,,,0.89654
2003,ER_RSK_LST,Croatia,,,,,0.89631
2004,ER_RSK_LST,Croatia,,,,,0.89614
2005,ER_RSK_LST,Croatia,,,,,0.89605
2006,ER_RSK_LST,Croatia,,,,,0.89598
2005,ER_RSK_LST,Hungary,,,,,0.86339
2006,ER_RSK_LST,Hungary,,,,,0.86351
2007,ER_RSK_LST,Hungary,,,,,0.86359
2008,ER_RSK_LST,Hungary,,,,,0.86371
2009,ER_RSK_LST,Hungary,,,,,0.86378
2010,ER_RSK_LST,Hungary,,,,,0.86384
2011,ER_RSK_LST,Hungary,,,,,0.86392
2007,ER_RSK_LST,Croatia,,,,,0.89596
2008,ER_RSK_LST,Croatia,,,,,0.89594
2009,ER_RSK_LST,Croatia,,,,,0.89591
2010,ER_RSK_LST,Croatia,,,,,0.89588
2011,ER_RSK_LST,Croatia,,,,,0.89586
2012,ER_RSK_LST,Croatia,,,,,0.89583
2013,ER_RSK_LST,Croatia,,,,,0.89579
2020,ER_RSK_LST,Belgium,,,,,0.98382
2021,ER_RSK_LST,Belgium,,,,,0.98394
2022,ER_RSK_LST,Belgium,,,,,0.98412
2023,ER_RSK_LST,Belgium,,,,,0.98429
2000,ER_RSK_LST,Bosnia and Herzegovina,,,,,0.8994
2001,ER_RSK_LST,Bosnia and Herzegovina,,,,,0.89929
2002,ER_RSK_LST,Bosnia and Herzegovina,,,,,0.8992
2012,ER_RSK_LST,Hungary,,,,,0.86399
2013,ER_RSK_LST,Hungary,,,,,0.86405
2014,ER_RSK_LST,Hungary,,,,,0.86412
2015,ER_RSK_LST,Hungary,,,,,0.86419
2016,ER_RSK_LST,Hungary,,,,,0.86425
2017,ER_RSK_LST,Hungary,,,,,0.86433
2018,ER_RSK_LST,Hungary,,,,,0.86436
2014,ER_RSK_LST,Croatia,,,,,0.89575
2015,ER_RSK_LST,Croatia,,,,,0.89574
2016,ER_RSK_LST,Croatia,,,,,0.89569
2017,ER_RSK_LST,Croatia,,,,,0.89563
2018,ER_RSK_LST,Croatia,,,,,0.89561
2019,ER_RSK_LST,Croatia,,,,,0.89555
2020,ER_RSK_LST,Croatia,,,,,0.89554
2003,ER_RSK_LST,Bosnia and Herzegovina,,,,,0.89917
2004,ER_RSK_LST,Bosnia and Herzegovina,,,,,0.89917
2005,ER_RSK_LST,Bosnia and Herzegovina,,,,,0.89917
2006,ER_RSK_LST,Bosnia and Herzegovina,,,,,0.8992
2007,ER_RSK_LST,Bosnia and Herzegovina,,,,,0.89927
2008,ER_RSK_LST,Bosnia and Herzegovina,,,,,0.89931
2009,ER_RSK_LST,Bosnia and Herzegovina,,,,,0.89935
2010,ER_RSK_LST,Bosnia and Herzegovina,,,,,0.89937
2011,ER_RSK_LST,Bosnia and Herzegovina,,,,,0.89941
2012,ER_RSK_LST,Bosnia and Herzegovina,,,,,0.89946
2013,ER_RSK_LST,Bosnia and Herzegovina,,,,,0.8995
2014,ER_RSK_LST,Bosnia and Herzegovina,,,,,0.89953
2015,ER_RSK_LST,Bosnia and Herzegovina,,,,,0.89957
2016,ER_RSK_LST,Bosnia and Herzegovina,,,,,0.8996
2021,ER_RSK_LST,Croatia,,,,,0.89552
2022,ER_RSK_LST,Croatia,,,,,0.89546
2023,ER_RSK_LST,Croatia,,,,,0.89544
2000,ER_RSK_LST,Cyprus,,,,,0.99235
2001,ER_RSK_LST,Cyprus,,,,,0.99236
2002,ER_RSK_LST,Cyprus,,,,,0.99252
2003,ER_RSK_LST,Cyprus,,,,,0.99269
2017,ER_RSK_LST,Bosnia and Herzegovina,,,,,0.89965
2018,ER_RSK_LST,Bosnia and Herzegovina,,,,,0.89968
2019,ER_RSK_LST,Bosnia and Herzegovina,,,,,0.89972
2020,ER_RSK_LST,Bosnia and Herzegovina,,,,,0.89975
2021,ER_RSK_LST,Bosnia and Herzegovina,,,,,0.89979
2022,ER_RSK_LST,Bosnia and Herzegovina,,,,,0.89983
2023,ER_RSK_LST,Bosnia and Herzegovina,,,,,0.89986
2019,ER_RSK_LST,Hungary,,,,,0.86443
2020,ER_RSK_LST,Hungary,,,,,0.86452
2021,ER_RSK_LST,Hungary,,,,,0.86459
2022,ER_RSK_LST,Hungary,,,,,0.86463
2023,ER_RSK_LST,Hungary,,,,,0.86469
2000,ER_RSK_LST,Iceland,,,,,0.87278
2001,ER_RSK_LST,Iceland,,,,,0.87193
2004,ER_RSK_LST,Cyprus,,,,,0.99284
2005,ER_RSK_LST,Cyprus,,,,,0.99286
2006,ER_RSK_LST,Cyprus,,,,,0.99288
2007,ER_RSK_LST,Cyprus,,,,,0.99288
2008,ER_RSK_LST,Cyprus,,,,,0.99289
2009,ER_RSK_LST,Cyprus,,,,,0.9929
2010,ER_RSK_LST,Cyprus,,,,,0.9929
2002,ER_RSK_LST,Iceland,,,,,0.87119
2003,ER_RSK_LST,Iceland,,,,,0.87124
2004,ER_RSK_LST,Iceland,,,,,0.87093
2005,ER_RSK_LST,Iceland,,,,,0.87094
2006,ER_RSK_LST,Iceland,,,,,0.87315
2007,ER_RSK_LST,Iceland,,,,,0.87343
2008,ER_RSK_LST,Iceland,,,,,0.87556
2000,ER_RSK_LST,Romania,,,,,0.86392
2001,ER_RSK_LST,Romania,,,,,0.86383
2002,ER_RSK_LST,Romania,,,,,0.86377
2003,ER_RSK_LST,Romania,,,,,0.86373
2004,ER_RSK_LST,Romania,,,,,0.86377
2005,ER_RSK_LST,Romania,,,,,0.86381
2006,ER_RSK_LST,Romania,,,,,0.86385
2015,ER_RSK_LST,Republic of Moldova,,,,,0.94423
2016,ER_RSK_LST,Republic of Moldova,,,,,0.94452
2017,ER_RSK_LST,Republic of Moldova,,,,,0.94478
2018,ER_RSK_LST,Republic of Moldova,,,,,0.94506
2019,ER_RSK_LST,Republic of Moldova,,,,,0.94529
2020,ER_RSK_LST,Republic of Moldova,,,,,0.94546
2021,ER_RSK_LST,Republic of Moldova,,,,,0.94581
2011,ER_RSK_LST,Cyprus,,,,,0.9929
2012,ER_RSK_LST,Cyprus,,,,,0.99287
2013,ER_RSK_LST,Cyprus,,,,,0.99274
2014,ER_RSK_LST,Cyprus,,,,,0.99257
2015,ER_RSK_LST,Cyprus,,,,,0.99241
2016,ER_RSK_LST,Cyprus,,,,,0.99221
2017,ER_RSK_LST,Cyprus,,,,,0.99201
2007,ER_RSK_LST,Romania,,,,,0.86389
2008,ER_RSK_LST,Romania,,,,,0.86397
2009,ER_RSK_LST,Romania,,,,,0.86403
2010,ER_RSK_LST,Romania,,,,,0.86411
2011,ER_RSK_LST,Romania,,,,,0.86418
2012,ER_RSK_LST,Romania,,,,,0.86424
2013,ER_RSK_LST,Romania,,,,,0.8643
2009,ER_RSK_LST,Iceland,,,,,0.87672
2010,ER_RSK_LST,Iceland,,,,,0.87741
2011,ER_RSK_LST,Iceland,,,,,0.87586
2012,ER_RSK_LST,Iceland,,,,,0.87273
2013,ER_RSK_LST,Iceland,,,,,0.87033
2014,ER_RSK_LST,Iceland,,,,,0.86689
2015,ER_RSK_LST,Iceland,,,,,0.8655
2014,ER_RSK_LST,Romania,,,,,0.86434
2015,ER_RSK_LST,Romania,,,,,0.86438
2016,ER_RSK_LST,Romania,,,,,0.86441
2017,ER_RSK_LST,Romania,,,,,0.86445
2018,ER_RSK_LST,Romania,,,,,0.86449
2019,ER_RSK_LST,Romania,,,,,0.86454
2020,ER_RSK_LST,Romania,,,,,0.86456
2018,ER_RSK_LST,Cyprus,,,,,0.99186
2019,ER_RSK_LST,Cyprus,,,,,0.99173
2020,ER_RSK_LST,Cyprus,,,,,0.99156
2021,ER_RSK_LST,Cyprus,,,,,0.99142
2022,ER_RSK_LST,Cyprus,,,,,0.99124
2023,ER_RSK_LST,Cyprus,,,,,0.99111
2000,ER_RSK_LST,Czechia,,,,,0.96891
2022,ER_RSK_LST,Republic of Moldova,,,,,0.94593
2023,ER_RSK_LST,Republic of Moldova,,,,,0.94624
2000,ER_RSK_LST,Montenegro,,,,,0.85522
2001,ER_RSK_LST,Montenegro,,,,,0.85246
2002,ER_RSK_LST,Montenegro,,,,,0.84931
2003,ER_RSK_LST,Montenegro,,,,,0.84709
2004,ER_RSK_LST,Montenegro,,,,,0.84454
2016,ER_RSK_LST,Iceland,,,,,0.8656
2017,ER_RSK_LST,Iceland,,,,,0.86428
2018,ER_RSK_LST,Iceland,,,,,0.86412
2019,ER_RSK_LST,Iceland,,,,,0.86439
2020,ER_RSK_LST,Iceland,,,,,0.86451
2021,ER_RSK_LST,Iceland,,,,,0.86485
2022,ER_RSK_LST,Iceland,,,,,0.86496
2021,ER_RSK_LST,Romania,,,,,0.86459
2022,ER_RSK_LST,Romania,,,,,0.86462
2023,ER_RSK_LST,Romania,,,,,0.86466
2000,ER_RSK_LST,Serbia,,,,,0.95095
2001,ER_RSK_LST,Serbia,,,,,0.95003
2002,ER_RSK_LST,Serbia,,,,,0.94967
2003,ER_RSK_LST,Serbia,,,,,0.94973
2001,ER_RSK_LST,Czechia,,,,,0.9689
2002,ER_RSK_LST,Czechia,,,,,0.96891
2003,ER_RSK_LST,Czechia,,,,,0.96896
2004,ER_RSK_LST,Czechia,,,,,0.96901
2005,ER_RSK_LST,Czechia,,,,,0.9691
2006,ER_RSK_LST,Czechia,,,,,0.96921
2007,ER_RSK_LST,Czechia,,,,,0.96932
2023,ER_RSK_LST,Iceland,,,,,0.86525
2000,ER_RSK_LST,India,,,,,0.74917
2001,ER_RSK_LST,India,,,,,0.7446
2002,ER_RSK_LST,India,,,,,0.74174
2003,ER_RSK_LST,India,,,,,0.73778
2004,ER_RSK_LST,India,,,,,0.73355
2005,ER_RSK_LST,India,,,,,0.72974
2004,ER_RSK_LST,Serbia,,,,,0.95029
2005,ER_RSK_LST,Serbia,,,,,0.95038
2006,ER_RSK_LST,Serbia,,,,,0.95103
2007,ER_RSK_LST,Serbia,,,,,0.95107
2008,ER_RSK_LST,Serbia,,,,,0.95113
2009,ER_RSK_LST,Serbia,,,,,0.95116
2010,ER_RSK_LST,Serbia,,,,,0.95119
2008,ER_RSK_LST,Czechia,,,,,0.96942
2009,ER_RSK_LST,Czechia,,,,,0.9695
2010,ER_RSK_LST,Czechia,,,,,0.96958
2011,ER_RSK_LST,Czechia,,,,,0.9697
2012,ER_RSK_LST,Czechia,,,,,0.96982
2013,ER_RSK_LST,Czechia,,,,,0.96992
2014,ER_RSK_LST,Czechia,,,,,0.97003
2011,ER_RSK_LST,Serbia,,,,,0.95124
2012,ER_RSK_LST,Serbia,,,,,0.95128
2013,ER_RSK_LST,Serbia,,,,,0.95131
2014,ER_RSK_LST,Serbia,,,,,0.95134
2015,ER_RSK_LST,Serbia,,,,,0.95138
2016,ER_RSK_LST,Serbia,,,,,0.9514
2017,ER_RSK_LST,Serbia,,,,,0.95142
2006,ER_RSK_LST,India,,,,,0.72644
2007,ER_RSK_LST,India,,,,,0.72333
2008,ER_RSK_LST,India,,,,,0.7186
2009,ER_RSK_LST,India,,,,,0.7157
2010,ER_RSK_LST,India,,,,,0.71204
2011,ER_RSK_LST,India,,,,,0.70835
2012,ER_RSK_LST,India,,,,,0.70509
2013,ER_RSK_LST,India,,,,,0.70095
2014,ER_RSK_LST,India,,,,,0.69709
2015,ER_RSK_LST,India,,,,,0.69388
2016,ER_RSK_LST,India,,,,,0.6898
2017,ER_RSK_LST,India,,,,,0.68556
2018,ER_RSK_LST,India,,,,,0.68306
2019,ER_RSK_LST,India,,,,,0.67887
2018,ER_RSK_LST,Serbia,,,,,0.95145
2019,ER_RSK_LST,Serbia,,,,,0.95147
2020,ER_RSK_LST,Serbia,,,,,0.95152
2021,ER_RSK_LST,Serbia,,,,,0.95156
2022,ER_RSK_LST,Serbia,,,,,0.95158
2023,ER_RSK_LST,Serbia,,,,,0.95161
2000,ER_RSK_LST,Slovakia,,,,,0.9516
2005,ER_RSK_LST,Montenegro,,,,,0.84238
2006,ER_RSK_LST,Montenegro,,,,,0.83981
2007,ER_RSK_LST,Montenegro,,,,,0.83751
2008,ER_RSK_LST,Montenegro,,,,,0.8344
2009,ER_RSK_LST,Montenegro,,,,,0.83206
2010,ER_RSK_LST,Montenegro,,,,,0.82936
2011,ER_RSK_LST,Montenegro,,,,,0.8266
2015,ER_RSK_LST,Czechia,,,,,0.97014
2016,ER_RSK_LST,Czechia,,,,,0.97026
2017,ER_RSK_LST,Czechia,,,,,0.97037
2018,ER_RSK_LST,Czechia,,,,,0.97053
2019,ER_RSK_LST,Czechia,,,,,0.9706
2020,ER_RSK_LST,Czechia,,,,,0.9707
2021,ER_RSK_LST,Czechia,,,,,0.97077
2001,ER_RSK_LST,Slovakia,,,,,0.95145
2002,ER_RSK_LST,Slovakia,,,,,0.95138
2003,ER_RSK_LST,Slovakia,,,,,0.95129
2004,ER_RSK_LST,Slovakia,,,,,0.95129
2005,ER_RSK_LST,Slovakia,,,,,0.95134
2006,ER_RSK_LST,Slovakia,,,,,0.95134
2007,ER_RSK_LST,Slovakia,,,,,0.95146
2008,ER_RSK_LST,Slovakia,,,,,0.95152
2009,ER_RSK_LST,Slovakia,,,,,0.95154
2010,ER_RSK_LST,Slovakia,,,,,0.9516
2011,ER_RSK_LST,Slovakia,,,,,0.95166
2012,ER_RSK_LST,Slovakia,,,,,0.95173
2013,ER_RSK_LST,Slovakia,,,,,0.95178
2014,ER_RSK_LST,Slovakia,,,,,0.95184
2012,ER_RSK_LST,Montenegro,,,,,0.82359
2013,ER_RSK_LST,Montenegro,,,,,0.82227
2014,ER_RSK_LST,Montenegro,,,,,0.81855
2015,ER_RSK_LST,Montenegro,,,,,0.81575
2016,ER_RSK_LST,Montenegro,,,,,0.81321
2017,ER_RSK_LST,Montenegro,,,,,0.80997
2018,ER_RSK_LST,Montenegro,,,,,0.80814
2020,ER_RSK_LST,India,,,,,0.67584
2021,ER_RSK_LST,India,,,,,0.67215
2022,ER_RSK_LST,India,,,,,0.66874
2023,ER_RSK_LST,India,,,,,0.66565
2000,ER_RSK_LST,Ireland,,,,,0.92051
2001,ER_RSK_LST,Ireland,,,,,0.91995
2002,ER_RSK_LST,Ireland,,,,,0.919
2015,ER_RSK_LST,Slovakia,,,,,0.9519
2016,ER_RSK_LST,Slovakia,,,,,0.95195
2017,ER_RSK_LST,Slovakia,,,,,0.95203
2018,ER_RSK_LST,Slovakia,,,,,0.95206
2019,ER_RSK_LST,Slovakia,,,,,0.95209
2020,ER_RSK_LST,Slovakia,,,,,0.95218
2021,ER_RSK_LST,Slovakia,,,,,0.95221
2022,ER_RSK_LST,Slovakia,,,,,0.95228
2023,ER_RSK_LST,Slovakia,,,,,0.95234
2000,ER_RSK_LST,Viet Nam,,,,,0.79364
2001,ER_RSK_LST,Viet Nam,,,,,0.79025
2002,ER_RSK_LST,Viet Nam,,,,,0.78625
2003,ER_RSK_LST,Viet Nam,,,,,0.78255
2004,ER_RSK_LST,Viet Nam,,,,,0.77805
2003,ER_RSK_LST,Ireland,,,,,0.91803
2004,ER_RSK_LST,Ireland,,,,,0.91764
2005,ER_RSK_LST,Ireland,,,,,0.91762
2006,ER_RSK_LST,Ireland,,,,,0.91747
2007,ER_RSK_LST,Ireland,,,,,0.91787
2008,ER_RSK_LST,Ireland,,,,,0.91813
2009,ER_RSK_LST,Ireland,,,,,0.91878
2022,ER_RSK_LST,Czechia,,,,,0.97094
2023,ER_RSK_LST,Czechia,,,,,0.97099
2000,ER_RSK_LST,Denmark,,,,,0.97653
2001,ER_RSK_LST,Denmark,,,,,0.97613
2002,ER_RSK_LST,Denmark,,,,,0.9757
2003,ER_RSK_LST,Denmark,,,,,0.97557
2004,ER_RSK_LST,Denmark,,,,,0.97548
2019,ER_RSK_LST,Montenegro,,,,,0.80429
2020,ER_RSK_LST,Montenegro,,,,,0.80209
2021,ER_RSK_LST,Montenegro,,,,,0.80031
2022,ER_RSK_LST,Montenegro,,,,,0.79662
2023,ER_RSK_LST,Montenegro,,,,,0.79563
2000,ER_RSK_LST,Netherlands (Kingdom of the),,,,,0.96836
2001,ER_RSK_LST,Netherlands (Kingdom of the),,,,,0.96642
2005,ER_RSK_LST,Viet Nam,,,,,0.77476
2006,ER_RSK_LST,Viet Nam,,,,,0.77083
2007,ER_RSK_LST,Viet Nam,,,,,0.76712
2008,ER_RSK_LST,Viet Nam,,,,,0.76347
2009,ER_RSK_LST,Viet Nam,,,,,0.75984
2010,ER_RSK_LST,Viet Nam,,,,,0.75648
2011,ER_RSK_LST,Viet Nam,,,,,0.7525
2010,ER_RSK_LST,Ireland,,,,,0.91896
2011,ER_RSK_LST,Ireland,,,,,0.91914
2012,ER_RSK_LST,Ireland,,,,,0.91885
2013,ER_RSK_LST,Ireland,,,,,0.91802
2014,ER_RSK_LST,Ireland,,,,,0.91698
2015,ER_RSK_LST,Ireland,,,,,0.91619
2016,ER_RSK_LST,Ireland,,,,,0.91609
2012,ER_RSK_LST,Viet Nam,,,,,0.74929
2013,ER_RSK_LST,Viet Nam,,,,,0.74514
2014,ER_RSK_LST,Viet Nam,,,,,0.74121
2015,ER_RSK_LST,Viet Nam,,,,,0.73837
2016,ER_RSK_LST,Viet Nam,,,,,0.73448
2017,ER_RSK_LST,Viet Nam,,,,,0.73005
2018,ER_RSK_LST,Viet Nam,,,,,0.72733
2019,ER_RSK_LST,Viet Nam,,,,,0.72329
2020,ER_RSK_LST,Viet Nam,,,,,0.72017
2021,ER_RSK_LST,Viet Nam,,,,,0.71589
2022,ER_RSK_LST,Viet Nam,,,,,0.71291
2023,ER_RSK_LST,Viet Nam,,,,,0.70862
2000,ER_RSK_LST,Slovenia,,,,,0.93126
2001,ER_RSK_LST,Slovenia,,,,,0.93104
2017,ER_RSK_LST,Ireland,,,,,0.91574
2018,ER_RSK_LST,Ireland,,,,,0.91554
2019,ER_RSK_LST,Ireland,,,,,0.91572
2020,ER_RSK_LST,Ireland,,,,,0.9161
2021,ER_RSK_LST,Ireland,,,,,0.91621
2022,ER_RSK_LST,Ireland,,,,,0.91614
2023,ER_RSK_LST,Ireland,,,,,0.91622
2000,ER_RSK_LST,Israel,,,,,0.72543
2001,ER_RSK_LST,Israel,,,,,0.72496
2002,ER_RSK_LST,Israel,,,,,0.72462
2003,ER_RSK_LST,Israel,,,,,0.72424
2004,ER_RSK_LST,Israel,,,,,0.7241
2005,ER_RSK_LST,Israel,,,,,0.7239
2006,ER_RSK_LST,Israel,,,,,0.72381
2005,ER_RSK_LST,Denmark,,,,,0.97545
2006,ER_RSK_LST,Denmark,,,,,0.9755
2007,ER_RSK_LST,Denmark,,,,,0.97548
2008,ER_RSK_LST,Denmark,,,,,0.97555
2009,ER_RSK_LST,Denmark,,,,,0.9756
2010,ER_RSK_LST,Denmark,,,,,0.9756
2011,ER_RSK_LST,Denmark,,,,,0.9756
2002,ER_RSK_LST,Slovenia,,,,,0.93083
2003,ER_RSK_LST,Slovenia,,,,,0.93064
2004,ER_RSK_LST,Slovenia,,,,,0.93048
2005,ER_RSK_LST,Slovenia,,,,,0.93037
2006,ER_RSK_LST,Slovenia,,,,,0.93021
2007,ER_RSK_LST,Slovenia,,,,,0.9301
2008,ER_RSK_LST,Slovenia,,,,,0.92996
2007,ER_RSK_LST,Israel,,,,,0.72384
2008,ER_RSK_LST,Israel,,,,,0.72401
2009,ER_RSK_LST,Israel,,,,,0.72414
2010,ER_RSK_LST,Israel,,,,,0.7243
2011,ER_RSK_LST,Israel,,,,,0.72429
2012,ER_RSK_LST,Israel,,,,,0.72432
2013,ER_RSK_LST,Israel,,,,,0.72433
2009,ER_RSK_LST,Slovenia,,,,,0.92977
2010,ER_RSK_LST,Slovenia,,,,,0.9296
2011,ER_RSK_LST,Slovenia,,,,,0.92942
2012,ER_RSK_LST,Slovenia,,,,,0.92926
2013,ER_RSK_LST,Slovenia,,,,,0.92916
2014,ER_RSK_LST,Slovenia,,,,,0.92898
2015,ER_RSK_LST,Slovenia,,,,,0.92888
2016,ER_RSK_LST,Slovenia,,,,,0.92872
2017,ER_RSK_LST,Slovenia,,,,,0.92853
2018,ER_RSK_LST,Slovenia,,,,,0.92835
2019,ER_RSK_LST,Slovenia,,,,,0.92814
2020,ER_RSK_LST,Slovenia,,,,,0.92805
2021,ER_RSK_LST,Slovenia,,,,,0.92791
2022,ER_RSK_LST,Slovenia,,,,,0.92771
2014,ER_RSK_LST,Israel,,,,,0.72429
2015,ER_RSK_LST,Israel,,,,,0.72434
2016,ER_RSK_LST,Israel,,,,,0.72435
2017,ER_RSK_LST,Israel,,,,,0.72437
2018,ER_RSK_LST,Israel,,,,,0.72436
2019,ER_RSK_LST,Israel,,,,,0.72444
2020,ER_RSK_LST,Israel,,,,,0.72446
2012,ER_RSK_LST,Denmark,,,,,0.97538
2013,ER_RSK_LST,Denmark,,,,,0.97505
2014,ER_RSK_LST,Denmark,,,,,0.97456
2015,ER_RSK_LST,Denmark,,,,,0.97419
2016,ER_RSK_LST,Denmark,,,,,0.97392
2017,ER_RSK_LST,Denmark,,,,,0.97388
2018,ER_RSK_LST,Denmark,,,,,0.97388
2002,ER_RSK_LST,Netherlands (Kingdom of the),,,,,0.96472
2003,ER_RSK_LST,Netherlands (Kingdom of the),,,,,0.96318
2004,ER_RSK_LST,Netherlands (Kingdom of the),,,,,0.96137
2005,ER_RSK_LST,Netherlands (Kingdom of the),,,,,0.95977
2006,ER_RSK_LST,Netherlands (Kingdom of the),,,,,0.95819
2007,ER_RSK_LST,Netherlands (Kingdom of the),,,,,0.95734
2008,ER_RSK_LST,Netherlands (Kingdom of the),,,,,0.95595
2021,ER_RSK_LST,Israel,,,,,0.72445
2022,ER_RSK_LST,Israel,,,,,0.72445
2023,ER_RSK_LST,Israel,,,,,0.72446
2000,ER_RSK_LST,Italy,,,,,0.90415
2001,ER_RSK_LST,Italy,,,,,0.90365
2002,ER_RSK_LST,Italy,,,,,0.90314
2003,ER_RSK_LST,Italy,,,,,0.90285
2023,ER_RSK_LST,Slovenia,,,,,0.92754
2000,ER_RSK_LST,Spain,,,,,0.84928
2001,ER_RSK_LST,Spain,,,,,0.84913
2002,ER_RSK_LST,Spain,,,,,0.84889
2003,ER_RSK_LST,Spain,,,,,0.84874
2004,ER_RSK_LST,Spain,,,,,0.84862
2005,ER_RSK_LST,Spain,,,,,0.84856
2004,ER_RSK_LST,Italy,,,,,0.90253
2005,ER_RSK_LST,Italy,,,,,0.90228
2006,ER_RSK_LST,Italy,,,,,0.90202
2007,ER_RSK_LST,Italy,,,,,0.90174
2008,ER_RSK_LST,Italy,,,,,0.90143
2009,ER_RSK_LST,Italy,,,,,0.90111
2010,ER_RSK_LST,Italy,,,,,0.90079
2009,ER_RSK_LST,Netherlands (Kingdom of the),,,,,0.95462
2010,ER_RSK_LST,Netherlands (Kingdom of the),,,,,0.95363
2011,ER_RSK_LST,Netherlands (Kingdom of the),,,,,0.95248
2012,ER_RSK_LST,Netherlands (Kingdom of the),,,,,0.95083
2013,ER_RSK_LST,Netherlands (Kingdom of the),,,,,0.94987
2014,ER_RSK_LST,Netherlands (Kingdom of the),,,,,0.94781
2015,ER_RSK_LST,Netherlands (Kingdom of the),,,,,0.94681
2006,ER_RSK_LST,Spain,,,,,0.84848
2007,ER_RSK_LST,Spain,,,,,0.84848
2008,ER_RSK_LST,Spain,,,,,0.84846
2009,ER_RSK_LST,Spain,,,,,0.84847
2010,ER_RSK_LST,Spain,,,,,0.84844
2011,ER_RSK_LST,Spain,,,,,0.84844
2012,ER_RSK_LST,Spain,,,,,0.84837
2016,ER_RSK_LST,Netherlands (Kingdom of the),,,,,0.94542
2017,ER_RSK_LST,Netherlands (Kingdom of the),,,,,0.94416
2018,ER_RSK_LST,Netherlands (Kingdom of the),,,,,0.94252
2019,ER_RSK_LST,Netherlands (Kingdom of the),,,,,0.94139
2020,ER_RSK_LST,Netherlands (Kingdom of the),,,,,0.94053
2021,ER_RSK_LST,Netherlands (Kingdom of the),,,,,0.93944
2022,ER_RSK_LST,Netherlands (Kingdom of the),,,,,0.93759
2019,ER_RSK_LST,Denmark,,,,,0.97391
2020,ER_RSK_LST,Denmark,,,,,0.97396
2021,ER_RSK_LST,Denmark,,,,,0.974
2022,ER_RSK_LST,Denmark,,,,,0.97404
2023,ER_RSK_LST,Denmark,,,,,0.97408
2000,ER_RSK_LST,Estonia,,,,,0.98691
2001,ER_RSK_LST,Estonia,,,,,0.98682
2011,ER_RSK_LST,Italy,,,,,0.90042
2012,ER_RSK_LST,Italy,,,,,0.90006
2013,ER_RSK_LST,Italy,,,,,0.89953
2014,ER_RSK_LST,Italy,,,,,0.89884
2015,ER_RSK_LST,Italy,,,,,0.89808
2016,ER_RSK_LST,Italy,,,,,0.89755
2017,ER_RSK_LST,Italy,,,,,0.89681
2023,ER_RSK_LST,Netherlands (Kingdom of the),,,,,0.93694
2000,ER_RSK_LST,New Zealand,,,,,0.71463
2001,ER_RSK_LST,New Zealand,,,,,0.70976
2002,ER_RSK_LST,New Zealand,,,,,0.70571
2003,ER_RSK_LST,New Zealand,,,,,0.70121
2004,ER_RSK_LST,New Zealand,,,,,0.69676
2005,ER_RSK_LST,New Zealand,,,,,0.69231
2013,ER_RSK_LST,Spain,,,,,0.84827
2014,ER_RSK_LST,Spain,,,,,0.84813
2015,ER_RSK_LST,Spain,,,,,0.84792
2016,ER_RSK_LST,Spain,,,,,0.84778
2017,ER_RSK_LST,Spain,,,,,0.8474
2018,ER_RSK_LST,Spain,,,,,0.84708
2019,ER_RSK_LST,Spain,,,,,0.8468
2018,ER_RSK_LST,Italy,,,,,0.89592
2019,ER_RSK_LST,Italy,,,,,0.89541
2020,ER_RSK_LST,Italy,,,,,0.89467
2021,ER_RSK_LST,Italy,,,,,0.89384
2022,ER_RSK_LST,Italy,,,,,0.89325
2023,ER_RSK_LST,Italy,,,,,0.89271
2000,ER_RSK_LST,Japan,,,,,0.82701
2002,ER_RSK_LST,Estonia,,,,,0.98673
2003,ER_RSK_LST,Estonia,,,,,0.98664
2004,ER_RSK_LST,Estonia,,,,,0.98655
2005,ER_RSK_LST,Estonia,,,,,0.98647
2006,ER_RSK_LST,Estonia,,,,,0.9864
2007,ER_RSK_LST,Estonia,,,,,0.98633
2008,ER_RSK_LST,Estonia,,,,,0.98626
2006,ER_RSK_LST,New Zealand,,,,,0.6882
2007,ER_RSK_LST,New Zealand,,,,,0.68348
2008,ER_RSK_LST,New Zealand,,,,,0.67921
2009,ER_RSK_LST,New Zealand,,,,,0.67454
2010,ER_RSK_LST,New Zealand,,,,,0.66924
2011,ER_RSK_LST,New Zealand,,,,,0.66508
2012,ER_RSK_LST,New Zealand,,,,,0.66036
2009,ER_RSK_LST,Estonia,,,,,0.98624
2010,ER_RSK_LST,Estonia,,,,,0.98622
2011,ER_RSK_LST,Estonia,,,,,0.98619
2012,ER_RSK_LST,Estonia,,,,,0.98617
2013,ER_RSK_LST,Estonia,,,,,0.98601
2014,ER_RSK_LST,Estonia,,,,,0.98585
2015,ER_RSK_LST,Estonia,,,,,0.98569
2013,ER_RSK_LST,New Zealand,,,,,0.65473
2014,ER_RSK_LST,New Zealand,,,,,0.64989
2015,ER_RSK_LST,New Zealand,,,,,0.64515
2016,ER_RSK_LST,New Zealand,,,,,0.63936
2017,ER_RSK_LST,New Zealand,,,,,0.63531
2018,ER_RSK_LST,New Zealand,,,,,0.63115
2019,ER_RSK_LST,New Zealand,,,,,0.62495
2020,ER_RSK_LST,Spain,,,,,0.84633
2021,ER_RSK_LST,Spain,,,,,0.84593
2022,ER_RSK_LST,Spain,,,,,0.84563
2023,ER_RSK_LST,Spain,,,,,0.84521
2000,ER_RSK_LST,Sweden,,,,,0.99314
2001,ER_RSK_LST,Sweden,,,,,0.9931
2002,ER_RSK_LST,Sweden,,,,,0.99308
2016,ER_RSK_LST,Estonia,,,,,0.98553
2017,ER_RSK_LST,Estonia,,,,,0.98553
2018,ER_RSK_LST,Estonia,,,,,0.98553
2019,ER_RSK_LST,Estonia,,,,,0.98553
2020,ER_RSK_LST,Estonia,,,,,0.98553
2021,ER_RSK_LST,Estonia,,,,,0.98553
2022,ER_RSK_LST,Estonia,,,,,0.98553
2020,ER_RSK_LST,New Zealand,,,,,0.61975
2021,ER_RSK_LST,New Zealand,,,,,0.6162
2022,ER_RSK_LST,New Zealand,,,,,0.61032
2023,ER_RSK_LST,New Zealand,,,,,0.60631
2000,ER_RSK_LST,Norway,,,,,0.95718
2001,ER_RSK_LST,Norway,,,,,0.95658
2002,ER_RSK_LST,Norway,,,,,0.95618
2003,ER_RSK_LST,Sweden,,,,,0.99306
2004,ER_RSK_LST,Sweden,,,,,0.99303
2005,ER_RSK_LST,Sweden,,,,,0.99299
2006,ER_RSK_LST,Sweden,,,,,0.99293
2007,ER_RSK_LST,Sweden,,,,,0.99288
2008,ER_RSK_LST,Sweden,,,,,0.99283
2009,ER_RSK_LST,Sweden,,,,,0.99278
2003,ER_RSK_LST,Norway,,,,,0.95568
2004,ER_RSK_LST,Norway,,,,,0.95525
2005,ER_RSK_LST,Norway,,,,,0.95498
2006,ER_RSK_LST,Norway,,,,,0.95462
2007,ER_RSK_LST,Norway,,,,,0.95445
2008,ER_RSK_LST,Norway,,,,,0.95437
2009,ER_RSK_LST,Norway,,,,,0.95426
2001,ER_RSK_LST,Japan,,,,,0.82458
2002,ER_RSK_LST,Japan,,,,,0.82154
2003,ER_RSK_LST,Japan,,,,,0.8184
2004,ER_RSK_LST,Japan,,,,,0.81632
2005,ER_RSK_LST,Japan,,,,,0.81312
2006,ER_RSK_LST,Japan,,,,,0.81007
2007,ER_RSK_LST,Japan,,,,,0.80719
2010,ER_RSK_LST,Sweden,,,,,0.99275
2011,ER_RSK_LST,Sweden,,,,,0.99271
2012,ER_RSK_LST,Sweden,,,,,0.99267
2013,ER_RSK_LST,Sweden,,,,,0.99259
2014,ER_RSK_LST,Sweden,,,,,0.99249
2015,ER_RSK_LST,Sweden,,,,,0.99239
2016,ER_RSK_LST,Sweden,,,,,0.9923
2010,ER_RSK_LST,Norway,,,,,0.95403
2011,ER_RSK_LST,Norway,,,,,0.95356
2012,ER_RSK_LST,Norway,,,,,0.95252
2013,ER_RSK_LST,Norway,,,,,0.9514
2014,ER_RSK_LST,Norway,,,,,0.9498
2015,ER_RSK_LST,Norway,,,,,0.94883
2016,ER_RSK_LST,Norway,,,,,0.94821
2008,ER_RSK_LST,Japan,,,,,0.80434
2009,ER_RSK_LST,Japan,,,,,0.80177
2010,ER_RSK_LST,Japan,,,,,0.7986
2011,ER_RSK_LST,Japan,,,,,0.79585
2012,ER_RSK_LST,Japan,,,,,0.79244
2013,ER_RSK_LST,Japan,,,,,0.7898
2014,ER_RSK_LST,Japan,,,,,0.78518
2023,ER_RSK_LST,Estonia,,,,,0.98553
2000,ER_RSK_LST,Finland,,,,,0.99107
2001,ER_RSK_LST,Finland,,,,,0.99104
2002,ER_RSK_LST,Finland,,,,,0.991
2003,ER_RSK_LST,Finland,,,,,0.99097
2004,ER_RSK_LST,Finland,,,,,0.99093
2005,ER_RSK_LST,Finland,,,,,0.99083
2017,ER_RSK_LST,Norway,,,,,0.94784
2018,ER_RSK_LST,Norway,,,,,0.94761
2019,ER_RSK_LST,Norway,,,,,0.94749
2020,ER_RSK_LST,Norway,,,,,0.94734
2021,ER_RSK_LST,Norway,,,,,0.94727
2022,ER_RSK_LST,Norway,,,,,0.94716
2023,ER_RSK_LST,Norway,,,,,0.94707
2017,ER_RSK_LST,Sweden,,,,,0.99229
2018,ER_RSK_LST,Sweden,,,,,0.99229
2019,ER_RSK_LST,Sweden,,,,,0.99229
2020,ER_RSK_LST,Sweden,,,,,0.99229
2021,ER_RSK_LST,Sweden,,,,,0.99229
2022,ER_RSK_LST,Sweden,,,,,0.99229
2023,ER_RSK_LST,Sweden,,,,,0.99229
2015,ER_RSK_LST,Japan,,,,,0.78286
2016,ER_RSK_LST,Japan,,,,,0.7788
2017,ER_RSK_LST,Japan,,,,,0.77467
2018,ER_RSK_LST,Japan,,,,,0.77248
2019,ER_RSK_LST,Japan,,,,,0.76822
2020,ER_RSK_LST,Japan,,,,,0.76412
2021,ER_RSK_LST,Japan,,,,,0.76261
2022,ER_RSK_LST,Japan,,,,,0.75943
2023,ER_RSK_LST,Japan,,,,,0.75529
2000,ER_RSK_LST,Казахстан,,,,,0.87844
2001,ER_RSK_LST,Казахстан,,,,,0.8777
2002,ER_RSK_LST,Казахстан,,,,,0.87682
2003,ER_RSK_LST,Казахстан,,,,,0.8763
2004,ER_RSK_LST,Казахстан,,,,,0.87566
2005,ER_RSK_LST,Казахстан,,,,,0.87523
2006,ER_RSK_LST,Казахстан,,,,,0.8748
2007,ER_RSK_LST,Казахстан,,,,,0.87445
2008,ER_RSK_LST,Казахстан,,,,,0.87392
2009,ER_RSK_LST,Казахстан,,,,,0.87347
2010,ER_RSK_LST,Казахстан,,,,,0.87294
2011,ER_RSK_LST,Казахстан,,,,,0.87264
2012,ER_RSK_LST,Казахстан,,,,,0.87182
2013,ER_RSK_LST,Казахстан,,,,,0.87163
2014,ER_RSK_LST,Казахстан,,,,,0.8711
2015,ER_RSK_LST,Казахстан,,,,,0.87075
2016,ER_RSK_LST,Казахстан,,,,,0.8701
2017,ER_RSK_LST,Казахстан,,,,,0.86975
2018,ER_RSK_LST,Казахстан,,,,,0.86954
2000,ER_RSK_LST,Switzerland,,,,,0.97273
2001,ER_RSK_LST,Switzerland,,,,,0.97268
2002,ER_RSK_LST,Switzerland,,,,,0.97265
2003,ER_RSK_LST,Switzerland,,,,,0.97262
2004,ER_RSK_LST,Switzerland,,,,,0.97262
2005,ER_RSK_LST,Switzerland,,,,,0.97261
2006,ER_RSK_LST,Switzerland,,,,,0.97261
2006,ER_RSK_LST,Finland,,,,,0.99073
2007,ER_RSK_LST,Finland,,,,,0.99063
2008,ER_RSK_LST,Finland,,,,,0.99052
2009,ER_RSK_LST,Finland,,,,,0.99045
2010,ER_RSK_LST,Finland,,,,,0.99038
2011,ER_RSK_LST,Finland,,,,,0.99031
2012,ER_RSK_LST,Finland,,,,,0.99024
2013,ER_RSK_LST,Finland,,,,,0.99017
2014,ER_RSK_LST,Finland,,,,,0.99011
2015,ER_RSK_LST,Finland,,,,,0.99005
2016,ER_RSK_LST,Finland,,,,,0.98998
2017,ER_RSK_LST,Finland,,,,,0.98998
2018,ER_RSK_LST,Finland,,,,,0.98998
2019,ER_RSK_LST,Finland,,,,,0.98998
2019,ER_RSK_LST,Казахстан,,,,,0.86895
2020,ER_RSK_LST,Казахстан,,,,,0.86854
2021,ER_RSK_LST,Казахстан,,,,,0.86832
2022,ER_RSK_LST,Казахстан,,,,,0.86783
2023,ER_RSK_LST,Казахстан,,,,,0.86747
2000,ER_RSK_LST,Republic of Korea,,,,,0.76179
2001,ER_RSK_LST,Republic of Korea,,,,,0.75865
2007,ER_RSK_LST,Switzerland,,,,,0.9726
2008,ER_RSK_LST,Switzerland,,,,,0.9726
2009,ER_RSK_LST,Switzerland,,,,,0.97258
2010,ER_RSK_LST,Switzerland,,,,,0.97259
2011,ER_RSK_LST,Switzerland,,,,,0.97258
2012,ER_RSK_LST,Switzerland,,,,,0.97258
2013,ER_RSK_LST,Switzerland,,,,,0.97257
2020,ER_RSK_LST,Finland,,,,,0.98998
2021,ER_RSK_LST,Finland,,,,,0.98998
2022,ER_RSK_LST,Finland,,,,,0.98998
2023,ER_RSK_LST,Finland,,,,,0.98998
2000,ER_RSK_LST,France,,,,,0.91595
2001,ER_RSK_LST,France,,,,,0.91267
2002,ER_RSK_LST,France,,,,,0.9089
2002,ER_RSK_LST,Republic of Korea,,,,,0.75473
2003,ER_RSK_LST,Republic of Korea,,,,,0.75203
2004,ER_RSK_LST,Republic of Korea,,,,,0.74809
2005,ER_RSK_LST,Republic of Korea,,,,,0.74511
2006,ER_RSK_LST,Republic of Korea,,,,,0.74147
2007,ER_RSK_LST,Republic of Korea,,,,,0.7389
2008,ER_RSK_LST,Republic of Korea,,,,,0.73502
2003,ER_RSK_LST,France,,,,,0.90482
2004,ER_RSK_LST,France,,,,,0.90028
2005,ER_RSK_LST,France,,,,,0.89587
2006,ER_RSK_LST,France,,,,,0.89175
2007,ER_RSK_LST,France,,,,,0.88636
2008,ER_RSK_LST,France,,,,,0.88264
2009,ER_RSK_LST,France,,,,,0.87943
2009,ER_RSK_LST,Republic of Korea,,,,,0.73212
2010,ER_RSK_LST,Republic of Korea,,,,,0.72943
2011,ER_RSK_LST,Republic of Korea,,,,,0.72555
2012,ER_RSK_LST,Republic of Korea,,,,,0.72165
2013,ER_RSK_LST,Republic of Korea,,,,,0.71976
2014,ER_RSK_LST,Republic of Korea,,,,,0.71579
2015,ER_RSK_LST,Republic of Korea,,,,,0.71277
2016,ER_RSK_LST,Republic of Korea,,,,,0.70921
2017,ER_RSK_LST,Republic of Korea,,,,,0.70685
2018,ER_RSK_LST,Republic of Korea,,,,,0.70312
2019,ER_RSK_LST,Republic of Korea,,,,,0.70052
2020,ER_RSK_LST,Republic of Korea,,,,,0.69727
2021,ER_RSK_LST,Republic of Korea,,,,,0.69393
2022,ER_RSK_LST,Republic of Korea,,,,,0.69125
2023,ER_RSK_LST,Republic of Korea,,,,,0.68667
2000,ER_RSK_LST,Кыргызстан,,,,,0.98819
2001,ER_RSK_LST,Кыргызстан,,,,,0.98769
2002,ER_RSK_LST,Кыргызстан,,,,,0.98741
2003,ER_RSK_LST,Кыргызстан,,,,,0.98696
2004,ER_RSK_LST,Кыргызстан,,,,,0.98662
2005,ER_RSK_LST,Кыргызстан,,,,,0.98634
2014,ER_RSK_LST,Switzerland,,,,,0.97257
2015,ER_RSK_LST,Switzerland,,,,,0.97256
2016,ER_RSK_LST,Switzerland,,,,,0.97257
2017,ER_RSK_LST,Switzerland,,,,,0.97258
2018,ER_RSK_LST,Switzerland,,,,,0.97259
2019,ER_RSK_LST,Switzerland,,,,,0.97258
2020,ER_RSK_LST,Switzerland,,,,,0.97259
2010,ER_RSK_LST,France,,,,,0.8757
2011,ER_RSK_LST,France,,,,,0.8724
2012,ER_RSK_LST,France,,,,,0.86889
2013,ER_RSK_LST,France,,,,,0.86384
2014,ER_RSK_LST,France,,,,,0.86177
2015,ER_RSK_LST,France,,,,,0.85774
2016,ER_RSK_LST,France,,,,,0.85393
2017,ER_RSK_LST,France,,,,,0.85062
2018,ER_RSK_LST,France,,,,,0.8464
2019,ER_RSK_LST,France,,,,,0.84308
2020,ER_RSK_LST,France,,,,,0.83892
2021,ER_RSK_LST,France,,,,,0.83574
2022,ER_RSK_LST,France,,,,,0.83164
2023,ER_RSK_LST,France,,,,,0.82605
2021,ER_RSK_LST,Switzerland,,,,,0.97259
2022,ER_RSK_LST,Switzerland,,,,,0.97257
2023,ER_RSK_LST,Switzerland,,,,,0.97258
2000,ER_RSK_LST,Таджикистан,,,,,0.98815
2001,ER_RSK_LST,Таджикистан,,,,,0.988
2002,ER_RSK_LST,Таджикистан,,,,,0.98769
2003,ER_RSK_LST,Таджикистан,,,,,0.98764
2006,ER_RSK_LST,Кыргызстан,,,,,0.98604
2007,ER_RSK_LST,Кыргызстан,,,,,0.98587
2008,ER_RSK_LST,Кыргызстан,,,,,0.98567
2009,ER_RSK_LST,Кыргызстан,,,,,0.98551
2010,ER_RSK_LST,Кыргызстан,,,,,0.98535
2011,ER_RSK_LST,Кыргызстан,,,,,0.98507
2012,ER_RSK_LST,Кыргызстан,,,,,0.98489
2013,ER_RSK_LST,Кыргызстан,,,,,0.98465
2014,ER_RSK_LST,Кыргызстан,,,,,0.98439
2015,ER_RSK_LST,Кыргызстан,,,,,0.98422
2016,ER_RSK_LST,Кыргызстан,,,,,0.98406
2017,ER_RSK_LST,Кыргызстан,,,,,0.98385
2018,ER_RSK_LST,Кыргызстан,,,,,0.98364
2019,ER_RSK_LST,Кыргызстан,,,,,0.98344
2020,ER_RSK_LST,Кыргызстан,,,,,0.98322
2021,ER_RSK_LST,Кыргызстан,,,,,0.983
2022,ER_RSK_LST,Кыргызстан,,,,,0.98276
2023,ER_RSK_LST,Кыргызстан,,,,,0.98256
2000,ER_RSK_LST,Latvia,,,,,0.98913
2001,ER_RSK_LST,Latvia,,,,,0.98909
2002,ER_RSK_LST,Latvia,,,,,0.98904
2013,ER_RSK_LST,North Macedonia,,,,,0.9693
2014,ER_RSK_LST,North Macedonia,,,,,0.9693
2015,ER_RSK_LST,North Macedonia,,,,,0.9693
2016,ER_RSK_LST,North Macedonia,,,,,0.9693
2017,ER_RSK_LST,North Macedonia,,,,,0.96929
2018,ER_RSK_LST,North Macedonia,,,,,0.96929
2019,ER_RSK_LST,North Macedonia,,,,,0.96929
2004,ER_RSK_LST,Таджикистан,,,,,0.98723
2005,ER_RSK_LST,Таджикистан,,,,,0.9872
2006,ER_RSK_LST,Таджикистан,,,,,0.98703
2007,ER_RSK_LST,Таджикистан,,,,,0.98779
2008,ER_RSK_LST,Таджикистан,,,,,0.98781
2009,ER_RSK_LST,Таджикистан,,,,,0.98779
2010,ER_RSK_LST,Таджикистан,,,,,0.98776
2003,ER_RSK_LST,Latvia,,,,,0.989
2004,ER_RSK_LST,Latvia,,,,,0.98896
2005,ER_RSK_LST,Latvia,,,,,0.98891
2006,ER_RSK_LST,Latvia,,,,,0.98887
2007,ER_RSK_LST,Latvia,,,,,0.98883
2008,ER_RSK_LST,Latvia,,,,,0.98882
2009,ER_RSK_LST,Latvia,,,,,0.98882
2011,ER_RSK_LST,Таджикистан,,,,,0.98774
2012,ER_RSK_LST,Таджикистан,,,,,0.98772
2013,ER_RSK_LST,Таджикистан,,,,,0.9877
2014,ER_RSK_LST,Таджикистан,,,,,0.98768
2015,ER_RSK_LST,Таджикистан,,,,,0.98766
2016,ER_RSK_LST,Таджикистан,,,,,0.98765
2017,ER_RSK_LST,Таджикистан,,,,,0.98763
2010,ER_RSK_LST,Latvia,,,,,0.98882
2011,ER_RSK_LST,Latvia,,,,,0.98882
2012,ER_RSK_LST,Latvia,,,,,0.98882
2013,ER_RSK_LST,Latvia,,,,,0.98878
2014,ER_RSK_LST,Latvia,,,,,0.9887
2015,ER_RSK_LST,Latvia,,,,,0.98861
2016,ER_RSK_LST,Latvia,,,,,0.98853
2017,ER_RSK_LST,Latvia,,,,,0.98853
2018,ER_RSK_LST,Latvia,,,,,0.98853
2019,ER_RSK_LST,Latvia,,,,,0.98853
2020,ER_RSK_LST,Latvia,,,,,0.98853
2021,ER_RSK_LST,Latvia,,,,,0.98853
2022,ER_RSK_LST,Latvia,,,,,0.98853
2023,ER_RSK_LST,Latvia,,,,,0.98853
2018,ER_RSK_LST,Таджикистан,,,,,0.98762
2019,ER_RSK_LST,Таджикистан,,,,,0.98761
2020,ER_RSK_LST,Таджикистан,,,,,0.9876
2021,ER_RSK_LST,Таджикистан,,,,,0.98758
2022,ER_RSK_LST,Таджикистан,,,,,0.98758
2023,ER_RSK_LST,Таджикистан,,,,,0.98756
2000,ER_RSK_LST,United Arab Emirates,,,,,0.90673
2020,ER_RSK_LST,North Macedonia,,,,,0.96928
2021,ER_RSK_LST,North Macedonia,,,,,0.96928
2022,ER_RSK_LST,North Macedonia,,,,,0.96928
2023,ER_RSK_LST,North Macedonia,,,,,0.96927
2000,ER_RSK_LST,United Kingdom of Great Britain and Northern Ireland,,,,,0.96508
2001,ER_RSK_LST,United Kingdom of Great Britain and Northern Ireland,,,,,0.96464
2002,ER_RSK_LST,United Kingdom of Great Britain and Northern Ireland,,,,,0.964
2001,ER_RSK_LST,United Arab Emirates,,,,,0.90409
2002,ER_RSK_LST,United Arab Emirates,,,,,0.90127
2003,ER_RSK_LST,United Arab Emirates,,,,,0.89887
2004,ER_RSK_LST,United Arab Emirates,,,,,0.8962
2005,ER_RSK_LST,United Arab Emirates,,,,,0.89339
2006,ER_RSK_LST,United Arab Emirates,,,,,0.89076
2007,ER_RSK_LST,United Arab Emirates,,,,,0.88809
2000,ER_RSK_LST,Liechtenstein,,,,,0.99074
2001,ER_RSK_LST,Liechtenstein,,,,,0.99071
2002,ER_RSK_LST,Liechtenstein,,,,,0.99069
2003,ER_RSK_LST,Liechtenstein,,,,,0.99066
2004,ER_RSK_LST,Liechtenstein,,,,,0.99065
2005,ER_RSK_LST,Liechtenstein,,,,,0.99066
2006,ER_RSK_LST,Liechtenstein,,,,,0.99068
2007,ER_RSK_LST,Liechtenstein,,,,,0.9907
2008,ER_RSK_LST,Liechtenstein,,,,,0.99072
2009,ER_RSK_LST,Liechtenstein,,,,,0.99074
2010,ER_RSK_LST,Liechtenstein,,,,,0.99075
2011,ER_RSK_LST,Liechtenstein,,,,,0.99077
2012,ER_RSK_LST,Liechtenstein,,,,,0.9908
2013,ER_RSK_LST,Liechtenstein,,,,,0.99082
2000,ER_RSK_LST,Poland,,,,,0.95042
2001,ER_RSK_LST,Poland,,,,,0.95144
2002,ER_RSK_LST,Poland,,,,,0.95247
2003,ER_RSK_LST,Poland,,,,,0.95353
2004,ER_RSK_LST,Poland,,,,,0.95451
2005,ER_RSK_LST,Poland,,,,,0.95558
2006,ER_RSK_LST,Poland,,,,,0.95663
2014,ER_RSK_LST,Liechtenstein,,,,,0.99084
2015,ER_RSK_LST,Liechtenstein,,,,,0.99087
2016,ER_RSK_LST,Liechtenstein,,,,,0.99089
2017,ER_RSK_LST,Liechtenstein,,,,,0.99091
2018,ER_RSK_LST,Liechtenstein,,,,,0.99094
2019,ER_RSK_LST,Liechtenstein,,,,,0.99096
2020,ER_RSK_LST,Liechtenstein,,,,,0.99099
2008,ER_RSK_LST,United Arab Emirates,,,,,0.88488
2009,ER_RSK_LST,United Arab Emirates,,,,,0.88246
2010,ER_RSK_LST,United Arab Emirates,,,,,0.87946
2011,ER_RSK_LST,United Arab Emirates,,,,,0.87708
2012,ER_RSK_LST,United Arab Emirates,,,,,0.87458
2013,ER_RSK_LST,United Arab Emirates,,,,,0.87181
2014,ER_RSK_LST,United Arab Emirates,,,,,0.8699
2003,ER_RSK_LST,United Kingdom of Great Britain and Northern Ireland,,,,,0.96362
2004,ER_RSK_LST,United Kingdom of Great Britain and Northern Ireland,,,,,0.96343
2005,ER_RSK_LST,United Kingdom of Great Britain and Northern Ireland,,,,,0.96332
2006,ER_RSK_LST,United Kingdom of Great Britain and Northern Ireland,,,,,0.96331
2007,ER_RSK_LST,United Kingdom of Great Britain and Northern Ireland,,,,,0.96342
2008,ER_RSK_LST,United Kingdom of Great Britain and Northern Ireland,,,,,0.96351
2009,ER_RSK_LST,United Kingdom of Great Britain and Northern Ireland,,,,,0.96359
2010,ER_RSK_LST,United Kingdom of Great Britain and Northern Ireland,,,,,0.96366
2011,ER_RSK_LST,United Kingdom of Great Britain and Northern Ireland,,,,,0.96363
2012,ER_RSK_LST,United Kingdom of Great Britain and Northern Ireland,,,,,0.96351
2013,ER_RSK_LST,United Kingdom of Great Britain and Northern Ireland,,,,,0.96311
2014,ER_RSK_LST,United Kingdom of Great Britain and Northern Ireland,,,,,0.96268
2015,ER_RSK_LST,United Kingdom of Great Britain and Northern Ireland,,,,,0.96225
2016,ER_RSK_LST,United Kingdom of Great Britain and Northern Ireland,,,,,0.96218
2021,ER_RSK_LST,Liechtenstein,,,,,0.99101
2022,ER_RSK_LST,Liechtenstein,,,,,0.99102
2023,ER_RSK_LST,Liechtenstein,,,,,0.99105
2000,ER_RSK_LST,Lithuania,,,,,0.98885
2001,ER_RSK_LST,Lithuania,,,,,0.98881
2002,ER_RSK_LST,Lithuania,,,,,0.98877
2003,ER_RSK_LST,Lithuania,,,,,0.98873
2017,ER_RSK_LST,United Kingdom of Great Britain and Northern Ireland,,,,,0.9619
2018,ER_RSK_LST,United Kingdom of Great Britain and Northern Ireland,,,,,0.96188
2019,ER_RSK_LST,United Kingdom of Great Britain and Northern Ireland,,,,,0.96194
2020,ER_RSK_LST,United Kingdom of Great Britain and Northern Ireland,,,,,0.96202
2021,ER_RSK_LST,United Kingdom of Great Britain and Northern Ireland,,,,,0.96202
2022,ER_RSK_LST,United Kingdom of Great Britain and Northern Ireland,,,,,0.9621
2023,ER_RSK_LST,United Kingdom of Great Britain and Northern Ireland,,,,,0.96214
2004,ER_RSK_LST,Lithuania,,,,,0.98868
2005,ER_RSK_LST,Lithuania,,,,,0.98868
2006,ER_RSK_LST,Lithuania,,,,,0.98867
2007,ER_RSK_LST,Lithuania,,,,,0.98867
2008,ER_RSK_LST,Lithuania,,,,,0.98867
2009,ER_RSK_LST,Lithuania,,,,,0.98872
2010,ER_RSK_LST,Lithuania,,,,,0.98877
2011,ER_RSK_LST,Lithuania,,,,,0.98883
2012,ER_RSK_LST,Lithuania,,,,,0.98886
2013,ER_RSK_LST,Lithuania,,,,,0.98886
2014,ER_RSK_LST,Lithuania,,,,,0.98886
2015,ER_RSK_LST,Lithuania,,,,,0.98885
2016,ER_RSK_LST,Lithuania,,,,,0.98884
2017,ER_RSK_LST,Lithuania,,,,,0.98884
2007,ER_RSK_LST,Poland,,,,,0.9577
2008,ER_RSK_LST,Poland,,,,,0.95879
2009,ER_RSK_LST,Poland,,,,,0.95935
2010,ER_RSK_LST,Poland,,,,,0.96059
2011,ER_RSK_LST,Poland,,,,,0.96149
2012,ER_RSK_LST,Poland,,,,,0.9625
2013,ER_RSK_LST,Poland,,,,,0.96363
2015,ER_RSK_LST,United Arab Emirates,,,,,0.86648
2016,ER_RSK_LST,United Arab Emirates,,,,,0.86406
2017,ER_RSK_LST,United Arab Emirates,,,,,0.86131
2018,ER_RSK_LST,United Arab Emirates,,,,,0.85791
2019,ER_RSK_LST,United Arab Emirates,,,,,0.85465
2020,ER_RSK_LST,United Arab Emirates,,,,,0.8527
2021,ER_RSK_LST,United Arab Emirates,,,,,0.85039
2018,ER_RSK_LST,Lithuania,,,,,0.98884
2019,ER_RSK_LST,Lithuania,,,,,0.98884
2020,ER_RSK_LST,Lithuania,,,,,0.98884
2021,ER_RSK_LST,Lithuania,,,,,0.98884
2022,ER_RSK_LST,Lithuania,,,,,0.98884
2023,ER_RSK_LST,Lithuania,,,,,0.98884
2000,ER_RSK_LST,Luxembourg,,,,,0.98349
2001,ER_RSK_LST,Luxembourg,,,,,0.98344
2002,ER_RSK_LST,Luxembourg,,,,,0.9835
2003,ER_RSK_LST,Luxembourg,,,,,0.98356
2004,ER_RSK_LST,Luxembourg,,,,,0.98361
2005,ER_RSK_LST,Luxembourg,,,,,0.98367
2006,ER_RSK_LST,Luxembourg,,,,,0.98372
2007,ER_RSK_LST,Luxembourg,,,,,0.98378
2000,ER_RSK_LST,Узбекистан,,,,,0.98017
2001,ER_RSK_LST,Узбекистан,,,,,0.97926
2002,ER_RSK_LST,Узбекистан,,,,,0.97847
2003,ER_RSK_LST,Узбекистан,,,,,0.97782
2004,ER_RSK_LST,Узбекистан,,,,,0.97714
2005,ER_RSK_LST,Узбекистан,,,,,0.9767
2006,ER_RSK_LST,Узбекистан,,,,,0.97633
2008,ER_RSK_LST,Luxembourg,,,,,0.98383
2009,ER_RSK_LST,Luxembourg,,,,,0.98387
2010,ER_RSK_LST,Luxembourg,,,,,0.98391
2011,ER_RSK_LST,Luxembourg,,,,,0.98396
2012,ER_RSK_LST,Luxembourg,,,,,0.98408
2013,ER_RSK_LST,Luxembourg,,,,,0.98417
2014,ER_RSK_LST,Luxembourg,,,,,0.98429
2007,ER_RSK_LST,Узбекистан,,,,,0.97609
2008,ER_RSK_LST,Узбекистан,,,,,0.97599
2009,ER_RSK_LST,Узбекистан,,,,,0.97562
2010,ER_RSK_LST,Узбекистан,,,,,0.97539
2011,ER_RSK_LST,Узбекистан,,,,,0.97491
2012,ER_RSK_LST,Узбекистан,,,,,0.97464
2013,ER_RSK_LST,Узбекистан,,,,,0.97424
2015,ER_RSK_LST,Luxembourg,,,,,0.98438
2016,ER_RSK_LST,Luxembourg,,,,,0.98453
2017,ER_RSK_LST,Luxembourg,,,,,0.98464
2018,ER_RSK_LST,Luxembourg,,,,,0.98476
2019,ER_RSK_LST,Luxembourg,,,,,0.98491
2020,ER_RSK_LST,Luxembourg,,,,,0.985
2021,ER_RSK_LST,Luxembourg,,,,,0.9851
2022,ER_RSK_LST,United Arab Emirates,,,,,0.84725
2023,ER_RSK_LST,United Arab Emirates,,,,,0.84547
2000,ER_RSK_LST,Türkiye,,,,,0.88858
2001,ER_RSK_LST,Türkiye,,,,,0.88796
2002,ER_RSK_LST,Türkiye,,,,,0.8877
2003,ER_RSK_LST,Türkiye,,,,,0.88717
2004,ER_RSK_LST,Türkiye,,,,,0.88674
2014,ER_RSK_LST,Узбекистан,,,,,0.97386
2015,ER_RSK_LST,Узбекистан,,,,,0.97334
2016,ER_RSK_LST,Узбекистан,,,,,0.97303
2017,ER_RSK_LST,Узбекистан,,,,,0.97269
2018,ER_RSK_LST,Узбекистан,,,,,0.97225
2019,ER_RSK_LST,Узбекистан,,,,,0.97196
2020,ER_RSK_LST,Узбекистан,,,,,0.97156
2005,ER_RSK_LST,Türkiye,,,,,0.88645
2006,ER_RSK_LST,Türkiye,,,,,0.88606
2007,ER_RSK_LST,Türkiye,,,,,0.88561
2008,ER_RSK_LST,Türkiye,,,,,0.88526
2009,ER_RSK_LST,Türkiye,,,,,0.88501
2010,ER_RSK_LST,Türkiye,,,,,0.88473
2011,ER_RSK_LST,Türkiye,,,,,0.88425
2014,ER_RSK_LST,Poland,,,,,0.9646
2015,ER_RSK_LST,Poland,,,,,0.96619
2016,ER_RSK_LST,Poland,,,,,0.96686
2017,ER_RSK_LST,Poland,,,,,0.96818
2018,ER_RSK_LST,Poland,,,,,0.96919
2019,ER_RSK_LST,Poland,,,,,0.9704
2020,ER_RSK_LST,Poland,,,,,0.97167
2021,ER_RSK_LST,Poland,,,,,0.97314
2022,ER_RSK_LST,Poland,,,,,0.97376
2023,ER_RSK_LST,Poland,,,,,0.97487
2000,ER_RSK_LST,Portugal,,,,,0.87396
2001,ER_RSK_LST,Portugal,,,,,0.87306
2002,ER_RSK_LST,Portugal,,,,,0.87228
2003,ER_RSK_LST,Portugal,,,,,0.87155
2004,ER_RSK_LST,Portugal,,,,,0.87077
2005,ER_RSK_LST,Portugal,,,,,0.86991
2006,ER_RSK_LST,Portugal,,,,,0.86922
2007,ER_RSK_LST,Portugal,,,,,0.86893
2008,ER_RSK_LST,Portugal,,,,,0.86884
2009,ER_RSK_LST,Portugal,,,,,0.86849
2010,ER_RSK_LST,Portugal,,,,,0.86923
2012,ER_RSK_LST,Türkiye,,,,,0.88392
2013,ER_RSK_LST,Türkiye,,,,,0.88371
2014,ER_RSK_LST,Türkiye,,,,,0.88353
2015,ER_RSK_LST,Türkiye,,,,,0.88292
2016,ER_RSK_LST,Türkiye,,,,,0.88273
2017,ER_RSK_LST,Türkiye,,,,,0.88251
2018,ER_RSK_LST,Türkiye,,,,,0.8822
2011,ER_RSK_LST,Portugal,,,,,0.87013
2012,ER_RSK_LST,Portugal,,,,,0.87017
2013,ER_RSK_LST,Portugal,,,,,0.86982
2014,ER_RSK_LST,Portugal,,,,,0.86936
2015,ER_RSK_LST,Portugal,,,,,0.86869
2016,ER_RSK_LST,Portugal,,,,,0.86765
2017,ER_RSK_LST,Portugal,,,,,0.86705
2019,ER_RSK_LST,Türkiye,,,,,0.88186
2020,ER_RSK_LST,Türkiye,,,,,0.88162
2021,ER_RSK_LST,Türkiye,,,,,0.88145
2022,ER_RSK_LST,Türkiye,,,,,0.88104
2023,ER_RSK_LST,Türkiye,,,,,0.88068
2000,ER_RSK_LST,Туркменистан,,,,,0.98115
2001,ER_RSK_LST,Туркменистан,,,,,0.98067
2002,ER_RSK_LST,Туркменистан,,,,,0.98026
2003,ER_RSK_LST,Туркменистан,,,,,0.97972
2004,ER_RSK_LST,Туркменистан,,,,,0.97936
2005,ER_RSK_LST,Туркменистан,,,,,0.9792
2006,ER_RSK_LST,Туркменистан,,,,,0.97902
2007,ER_RSK_LST,Туркменистан,,,,,0.9789
2008,ER_RSK_LST,Туркменистан,,,,,0.97881
2009,ER_RSK_LST,Туркменистан,,,,,0.97876
2010,ER_RSK_LST,Туркменистан,,,,,0.97864
2011,ER_RSK_LST,Туркменистан,,,,,0.97848
2012,ER_RSK_LST,Туркменистан,,,,,0.97838
2013,ER_RSK_LST,Туркменистан,,,,,0.97826
2014,ER_RSK_LST,Туркменистан,,,,,0.97815
2015,ER_RSK_LST,Туркменистан,,,,,0.97807
2016,ER_RSK_LST,Туркменистан,,,,,0.97798
2017,ER_RSK_LST,Туркменистан,,,,,0.97789
2018,ER_RSK_LST,Туркменистан,,,,,0.97787
2019,ER_RSK_LST,Туркменистан,,,,,0.97774
2020,ER_RSK_LST,Туркменистан,,,,,0.97767
2021,ER_RSK_LST,Туркменистан,,,,,0.97753
2022,ER_RSK_LST,Туркменистан,,,,,0.97748
2023,ER_RSK_LST,Туркменистан,,,,,0.97739
2000,ER_RSK_LST,Ukraine,,,,,0.93235
2001,ER_RSK_LST,Ukraine,,,,,0.93229
2002,ER_RSK_LST,Ukraine,,,,,0.93229
2003,ER_RSK_LST,Ukraine,,,,,0.93235
2004,ER_RSK_LST,Ukraine,,,,,0.93249
2005,ER_RSK_LST,Ukraine,,,,,0.93271
2006,ER_RSK_LST,Ukraine,,,,,0.93292
2007,ER_RSK_LST,Ukraine,,,,,0.93323
2008,ER_RSK_LST,Ukraine,,,,,0.93358
2009,ER_RSK_LST,Ukraine,,,,,0.93379
2010,ER_RSK_LST,Ukraine,,,,,0.934
2011,ER_RSK_LST,Ukraine,,,,,0.93422
2012,ER_RSK_LST,Ukraine,,,,,0.93446
2013,ER_RSK_LST,Ukraine,,,,,0.9346
2014,ER_RSK_LST,Ukraine,,,,,0.93486
2015,ER_RSK_LST,Ukraine,,,,,0.93504
2016,ER_RSK_LST,Ukraine,,,,,0.93524
2017,ER_RSK_LST,Ukraine,,,,,0.9354
2018,ER_RSK_LST,Ukraine,,,,,0.93559
2019,ER_RSK_LST,Ukraine,,,,,0.93577
2020,ER_RSK_LST,Ukraine,,,,,0.93594
2021,ER_RSK_LST,Ukraine,,,,,0.93616
2022,ER_RSK_LST,Ukraine,,,,,0.93628
2023,ER_RSK_LST,Ukraine,,,,,0.93653
2000,ER_RSK_LST,North Macedonia,,,,,0.96977
2001,ER_RSK_LST,North Macedonia,,,,,0.9696
2002,ER_RSK_LST,North Macedonia,,,,,0.96944
2003,ER_RSK_LST,North Macedonia,,,,,0.96928
2004,ER_RSK_LST,North Macedonia,,,,,0.96927
2005,ER_RSK_LST,North Macedonia,,,,,0.96927
2006,ER_RSK_LST,North Macedonia,,,,,0.96926
2007,ER_RSK_LST,North Macedonia,,,,,0.96926
2008,ER_RSK_LST,North Macedonia,,,,,0.96926
2009,ER_RSK_LST,North Macedonia,,,,,0.96927
2010,ER_RSK_LST,North Macedonia,,,,,0.96927
2011,ER_RSK_LST,North Macedonia,,,,,0.9693
2012,ER_RSK_LST,North Macedonia,,,,,0.9693
2021,ER_RSK_LST,Узбекистан,,,,,0.97125
2022,ER_RSK_LST,Узбекистан,,,,,0.97086
2023,ER_RSK_LST,Узбекистан,,,,,0.97056
2018,ER_RSK_LST,Portugal,,,,,0.86618
2019,ER_RSK_LST,Portugal,,,,,0.8655
2020,ER_RSK_LST,Portugal,,,,,0.86475
2021,ER_RSK_LST,Portugal,,,,,0.86418
2022,ER_RSK_LST,Portugal,,,,,0.86299
2023,ER_RSK_LST,Portugal,,,,,0.86219
2022,ER_RSK_LST,Luxembourg,,,,,0.98528
2023,ER_RSK_LST,Luxembourg,,,,,0.98534
2023,ER_RSK_LST,Luxembourg,,,,,0.98534
