Year,SeriesCode,Страна ,Value
2002,DC_ODA_BDVDL,Australia,13.81827
2003,DC_ODA_BDVDL,Australia,0.65522
2004,DC_ODA_BDVDL,Australia,0.99134
2005,DC_ODA_BDVDL,Australia,17.96881
2006,DC_ODA_BDVDL,Australia,78.52524
2007,DC_ODA_BDVDL,Australia,76.41683
2008,DC_ODA_BDVDL,Australia,114.81802
2009,DC_ODA_BDVDL,Australia,195.46964
2010,DC_ODA_BDVDL,Australia,419.33847
2011,DC_ODA_BDVDL,Australia,336.54083
2012,DC_ODA_BDVDL,Australia,319.32778
2013,DC_ODA_BDVDL,Australia,275.31807
2014,DC_ODA_BDVDL,Australia,227.49197
2015,DC_ODA_BDVDL,Australia,257.4333
2016,DC_ODA_BDVDL,Australia,315.19215
2017,DC_ODA_BDVDL,Australia,241.45216
2018,DC_ODA_BDVDL,Australia,222.84999
2019,DC_ODA_BDVDL,Australia,201.71443
2020,DC_ODA_BDVDL,Australia,173.4741
2021,DC_ODA_BDVDL,Australia,165.11348
2002,DC_ODA_BDVDL,Austria,11.00661
2003,DC_ODA_BDVDL,Austria,5.05337
2004,DC_ODA_BDVDL,Austria,10.71125
2005,DC_ODA_BDVDL,Austria,16.79333
2006,DC_ODA_BDVDL,Austria,18.3347
2007,DC_ODA_BDVDL,Austria,14.11081
2008,DC_ODA_BDVDL,Austria,32.9435
2009,DC_ODA_BDVDL,Austria,31.89889
2010,DC_ODA_BDVDL,Austria,17.91985
2011,DC_ODA_BDVDL,Austria,18.72026
2012,DC_ODA_BDVDL,Austria,16.86016
2013,DC_ODA_BDVDL,Austria,49.24825
2014,DC_ODA_BDVDL,Austria,22.98801
2015,DC_ODA_BDVDL,Austria,20.30848
2016,DC_ODA_BDVDL,Austria,22.96638
2017,DC_ODA_BDVDL,Austria,25.22566
2018,DC_ODA_BDVDL,Austria,24.13031
2019,DC_ODA_BDVDL,Austria,24.22665
2020,DC_ODA_BDVDL,Austria,23.37056
2021,DC_ODA_BDVDL,Austria,32.53772
2002,DC_ODA_BDVDL,Belgium,6.35676
2003,DC_ODA_BDVDL,Belgium,6.22919
2004,DC_ODA_BDVDL,Belgium,20.99246
2005,DC_ODA_BDVDL,Belgium,28.54999
2006,DC_ODA_BDVDL,Belgium,31.96305
2007,DC_ODA_BDVDL,Belgium,61.83633
2008,DC_ODA_BDVDL,Belgium,120.89887
2009,DC_ODA_BDVDL,Belgium,168.5263
2002,DC_ODA_BDVDL,Australia,13.81827
2003,DC_ODA_BDVDL,Australia,0.65522
2004,DC_ODA_BDVDL,Australia,0.99134
2005,DC_ODA_BDVDL,Australia,17.96881
2006,DC_ODA_BDVDL,Australia,78.52524
2007,DC_ODA_BDVDL,Australia,76.41683
2008,DC_ODA_BDVDL,Australia,114.81802
2009,DC_ODA_BDVDL,Australia,195.46964
2010,DC_ODA_BDVDL,Belgium,156.69778
2011,DC_ODA_BDVDL,Belgium,164.54621
2012,DC_ODA_BDVDL,Belgium,93.47081
2013,DC_ODA_BDVDL,Belgium,166.09406
2014,DC_ODA_BDVDL,Belgium,191.22694
2015,DC_ODA_BDVDL,Belgium,231.38029
2016,DC_ODA_BDVDL,Belgium,153.79518
2017,DC_ODA_BDVDL,Belgium,212.8931
2010,DC_ODA_BDVDL,Australia,419.33847
2011,DC_ODA_BDVDL,Australia,336.54083
2012,DC_ODA_BDVDL,Australia,319.32778
2013,DC_ODA_BDVDL,Australia,275.31807
2014,DC_ODA_BDVDL,Australia,227.49197
2015,DC_ODA_BDVDL,Australia,257.4333
2016,DC_ODA_BDVDL,Australia,315.19215
2017,DC_ODA_BDVDL,Australia,241.45216
2018,DC_ODA_BDVDL,Belgium,140.17121
2019,DC_ODA_BDVDL,Belgium,106.17863
2020,DC_ODA_BDVDL,Belgium,142.45482
2021,DC_ODA_BDVDL,Belgium,128.12634
2002,DC_ODA_BDVDL,Canada,92.04592
2003,DC_ODA_BDVDL,Canada,114.48231
2004,DC_ODA_BDVDL,Canada,273.98239
2005,DC_ODA_BDVDL,Canada,6.90931
2006,DC_ODA_BDVDL,Canada,95.18957
2007,DC_ODA_BDVDL,Canada,66.78697
2008,DC_ODA_BDVDL,Canada,32.8046
2009,DC_ODA_BDVDL,Canada,138.15537
2010,DC_ODA_BDVDL,Canada,50.71211
2011,DC_ODA_BDVDL,Canada,79.45395
2012,DC_ODA_BDVDL,Canada,329.39039
2013,DC_ODA_BDVDL,Canada,53.43547
2018,DC_ODA_BDVDL,Australia,222.84999
2019,DC_ODA_BDVDL,Australia,201.71443
2020,DC_ODA_BDVDL,Australia,173.4741
2021,DC_ODA_BDVDL,Australia,165.11348
2002,DC_ODA_BDVDL,Austria,11.00661
2003,DC_ODA_BDVDL,Austria,5.05337
2004,DC_ODA_BDVDL,Austria,10.71125
2005,DC_ODA_BDVDL,Austria,16.79333
2014,DC_ODA_BDVDL,Canada,43.73991
2015,DC_ODA_BDVDL,Canada,72.0678
2016,DC_ODA_BDVDL,Canada,27.93552
2017,DC_ODA_BDVDL,Canada,5.50136
2018,DC_ODA_BDVDL,Canada,29.04039
2019,DC_ODA_BDVDL,Canada,158.03396
2020,DC_ODA_BDVDL,Canada,49.41183
2021,DC_ODA_BDVDL,Canada,223.01344
2006,DC_ODA_BDVDL,Austria,18.3347
2007,DC_ODA_BDVDL,Austria,14.11081
2008,DC_ODA_BDVDL,Austria,32.9435
2009,DC_ODA_BDVDL,Austria,31.89889
2010,DC_ODA_BDVDL,Austria,17.91985
2011,DC_ODA_BDVDL,Austria,18.72026
2012,DC_ODA_BDVDL,Austria,16.86016
2013,DC_ODA_BDVDL,Austria,49.24825
2011,DC_ODA_BDVDL,Czechia,0.38074
2012,DC_ODA_BDVDL,Czechia,5.78572
2013,DC_ODA_BDVDL,Czechia,4.30994
2014,DC_ODA_BDVDL,Czechia,5.16166
2015,DC_ODA_BDVDL,Czechia,3.94777
2016,DC_ODA_BDVDL,Czechia,4.74899
2017,DC_ODA_BDVDL,Czechia,3.86946
2018,DC_ODA_BDVDL,Czechia,1.97863
2014,DC_ODA_BDVDL,Austria,22.98801
2015,DC_ODA_BDVDL,Austria,20.30848
2016,DC_ODA_BDVDL,Austria,22.96638
2017,DC_ODA_BDVDL,Austria,25.22566
2018,DC_ODA_BDVDL,Austria,24.13031
2019,DC_ODA_BDVDL,Austria,24.22665
2020,DC_ODA_BDVDL,Austria,23.37056
2021,DC_ODA_BDVDL,Austria,32.53772
2019,DC_ODA_BDVDL,Czechia,4.01134
2020,DC_ODA_BDVDL,Czechia,4.73363
2021,DC_ODA_BDVDL,Czechia,3.63995
2002,DC_ODA_BDVDL,Denmark,107.6845
2003,DC_ODA_BDVDL,Denmark,100.21999
2004,DC_ODA_BDVDL,Denmark,176.56701
2005,DC_ODA_BDVDL,Denmark,192.96202
2006,DC_ODA_BDVDL,Denmark,168.01395
2007,DC_ODA_BDVDL,Denmark,110.47528
2008,DC_ODA_BDVDL,Denmark,125.56537
2009,DC_ODA_BDVDL,Denmark,118.10814
2010,DC_ODA_BDVDL,Denmark,259.55132
2011,DC_ODA_BDVDL,Denmark,159.03142
2012,DC_ODA_BDVDL,Denmark,123.86061
2013,DC_ODA_BDVDL,Denmark,245.36623
2014,DC_ODA_BDVDL,Denmark,354.76689
2015,DC_ODA_BDVDL,Denmark,174.81783
2016,DC_ODA_BDVDL,Denmark,43.48518
2017,DC_ODA_BDVDL,Denmark,59.4175
2018,DC_ODA_BDVDL,Denmark,38.36333
2019,DC_ODA_BDVDL,Denmark,13.0838
2020,DC_ODA_BDVDL,Denmark,45.97455
2021,DC_ODA_BDVDL,Denmark,26.18652
2002,DC_ODA_BDVDL,Finland,15.14155
2003,DC_ODA_BDVDL,Finland,4.78631
2004,DC_ODA_BDVDL,Finland,19.97998
2005,DC_ODA_BDVDL,Finland,3.51974
2006,DC_ODA_BDVDL,Finland,3.90843
2007,DC_ODA_BDVDL,Finland,55.31086
2008,DC_ODA_BDVDL,Finland,130.07102
2009,DC_ODA_BDVDL,Finland,116.06597
2010,DC_ODA_BDVDL,Finland,116.27348
2011,DC_ODA_BDVDL,Finland,195.35483
2012,DC_ODA_BDVDL,Finland,45.82324
2013,DC_ODA_BDVDL,Finland,19.54266
2014,DC_ODA_BDVDL,Finland,14.14885
2015,DC_ODA_BDVDL,Finland,22.36109
2016,DC_ODA_BDVDL,Finland,6.93653
2017,DC_ODA_BDVDL,Finland,3.75796
2018,DC_ODA_BDVDL,Finland,24.79683
2019,DC_ODA_BDVDL,Finland,10.38616
2020,DC_ODA_BDVDL,Finland,3.85804
2021,DC_ODA_BDVDL,Finland,67.50382
2002,DC_ODA_BDVDL,France,117.4682
2003,DC_ODA_BDVDL,France,71.08919
2004,DC_ODA_BDVDL,France,123.46807
2005,DC_ODA_BDVDL,France,75.78964
2006,DC_ODA_BDVDL,France,126.91394
2007,DC_ODA_BDVDL,France,170.22874
2008,DC_ODA_BDVDL,France,207.45299
2009,DC_ODA_BDVDL,France,237.67528
2010,DC_ODA_BDVDL,France,452.36583
2011,DC_ODA_BDVDL,France,311.80758
2012,DC_ODA_BDVDL,France,529.03677
2013,DC_ODA_BDVDL,France,244.29179
2014,DC_ODA_BDVDL,France,688.73522
2015,DC_ODA_BDVDL,France,1834.06218
2016,DC_ODA_BDVDL,France,2181.60023
2017,DC_ODA_BDVDL,France,2626.14512
2018,DC_ODA_BDVDL,France,1691.46388
2019,DC_ODA_BDVDL,France,364.35487
2020,DC_ODA_BDVDL,France,456.06155
2021,DC_ODA_BDVDL,France,2700.9645
2002,DC_ODA_BDVDL,Germany,263.61092
2003,DC_ODA_BDVDL,Germany,217.19759
2004,DC_ODA_BDVDL,Germany,299.9072
2005,DC_ODA_BDVDL,Germany,342.56728
2006,DC_ODA_BDVDL,Germany,332.80054
2007,DC_ODA_BDVDL,Germany,265.15163
2008,DC_ODA_BDVDL,Germany,291.84748
2009,DC_ODA_BDVDL,Germany,390.23067
2010,DC_ODA_BDVDL,Germany,636.11389
2011,DC_ODA_BDVDL,Germany,1252.86694
2012,DC_ODA_BDVDL,Germany,1062.28976
2013,DC_ODA_BDVDL,Germany,1040.03874
2014,DC_ODA_BDVDL,Germany,1254.13241
2015,DC_ODA_BDVDL,Germany,1396.98164
2016,DC_ODA_BDVDL,Germany,1318.391
2017,DC_ODA_BDVDL,Germany,2070.78518
2018,DC_ODA_BDVDL,Germany,1711.39014
2019,DC_ODA_BDVDL,Germany,2469.6874
2020,DC_ODA_BDVDL,Germany,2540.9406
2021,DC_ODA_BDVDL,Germany,2492.36
2002,DC_ODA_BDVDL,Greece,2.63417
2003,DC_ODA_BDVDL,Greece,6.90405
2004,DC_ODA_BDVDL,Greece,4.76466
2005,DC_ODA_BDVDL,Greece,4.2337
2006,DC_ODA_BDVDL,Greece,2.15221
2007,DC_ODA_BDVDL,Greece,3.24494
2008,DC_ODA_BDVDL,Greece,1.77509
2009,DC_ODA_BDVDL,Greece,7.18912
2010,DC_ODA_BDVDL,Greece,3.81739
2012,DC_ODA_BDVDL,Greece,0.48538
2013,DC_ODA_BDVDL,Greece,0.11254
2014,DC_ODA_BDVDL,Greece,0.22714
2015,DC_ODA_BDVDL,Greece,0.20926
2016,DC_ODA_BDVDL,Greece,1.03954
2017,DC_ODA_BDVDL,Greece,0.24468
2018,DC_ODA_BDVDL,Greece,0.00211
2020,DC_ODA_BDVDL,Greece,0.02021
2019,DC_ODA_BDVDL,Hungary,0.36443
2020,DC_ODA_BDVDL,Hungary,27.77875
2021,DC_ODA_BDVDL,Hungary,0.28877
2012,DC_ODA_BDVDL,Iceland,5.41863
2013,DC_ODA_BDVDL,Iceland,6.67207
2014,DC_ODA_BDVDL,Iceland,5.93947
2015,DC_ODA_BDVDL,Iceland,4.82448
2016,DC_ODA_BDVDL,Iceland,4.4841
2017,DC_ODA_BDVDL,Iceland,4.6738
2018,DC_ODA_BDVDL,Iceland,4.17631
2019,DC_ODA_BDVDL,Iceland,4.32398
2020,DC_ODA_BDVDL,Iceland,3.73931
2021,DC_ODA_BDVDL,Iceland,3.97796
2002,DC_ODA_BDVDL,Ireland,1.95786
2003,DC_ODA_BDVDL,Ireland,0.9534
2004,DC_ODA_BDVDL,Ireland,0.91689
2005,DC_ODA_BDVDL,Ireland,0.01389
2007,DC_ODA_BDVDL,Ireland,15.193
2008,DC_ODA_BDVDL,Ireland,15.3477
2009,DC_ODA_BDVDL,Ireland,102.32901
2010,DC_ODA_BDVDL,Ireland,44.75099
2011,DC_ODA_BDVDL,Ireland,17.20429
2012,DC_ODA_BDVDL,Ireland,38.60477
2013,DC_ODA_BDVDL,Ireland,43.28619
2014,DC_ODA_BDVDL,Ireland,35.16332
2015,DC_ODA_BDVDL,Ireland,27.29019
2016,DC_ODA_BDVDL,Ireland,48.59962
2017,DC_ODA_BDVDL,Ireland,31.30939
2018,DC_ODA_BDVDL,Ireland,30.58959
2019,DC_ODA_BDVDL,Ireland,38.61853
2020,DC_ODA_BDVDL,Ireland,49.35958
2021,DC_ODA_BDVDL,Ireland,29.26008
2003,DC_ODA_BDVDL,Italy,0.39415
2004,DC_ODA_BDVDL,Italy,0.35671
2005,DC_ODA_BDVDL,Italy,0.07303
2006,DC_ODA_BDVDL,Italy,13.72688
2007,DC_ODA_BDVDL,Italy,117.15691
2008,DC_ODA_BDVDL,Italy,66.85482
2009,DC_ODA_BDVDL,Italy,53.2734
2010,DC_ODA_BDVDL,Italy,8.75949
2011,DC_ODA_BDVDL,Italy,84.02162
2012,DC_ODA_BDVDL,Italy,38.45184
2013,DC_ODA_BDVDL,Italy,75.2602
2014,DC_ODA_BDVDL,Italy,62.79893
2015,DC_ODA_BDVDL,Italy,76.09353
2016,DC_ODA_BDVDL,Italy,54.58148
2017,DC_ODA_BDVDL,Italy,165.02923
2018,DC_ODA_BDVDL,Italy,164.93523
2019,DC_ODA_BDVDL,Italy,188.59355
2020,DC_ODA_BDVDL,Italy,268.36595
2021,DC_ODA_BDVDL,Italy,87.09484
2002,DC_ODA_BDVDL,Japan,605.64983
2003,DC_ODA_BDVDL,Japan,1154.48078
2004,DC_ODA_BDVDL,Japan,582.1215
2005,DC_ODA_BDVDL,Japan,1119.19079
2006,DC_ODA_BDVDL,Japan,1198.55286
2007,DC_ODA_BDVDL,Japan,1881.68764
2008,DC_ODA_BDVDL,Japan,821.3386
2009,DC_ODA_BDVDL,Japan,960.61945
2010,DC_ODA_BDVDL,Japan,883.41685
2011,DC_ODA_BDVDL,Japan,1112.30091
2012,DC_ODA_BDVDL,Japan,342.00351
2013,DC_ODA_BDVDL,Japan,100.67094
2014,DC_ODA_BDVDL,Japan,1117.64964
2015,DC_ODA_BDVDL,Japan,2045.16882
2016,DC_ODA_BDVDL,Japan,675.53796
2017,DC_ODA_BDVDL,Japan,405.84174
2018,DC_ODA_BDVDL,Japan,286.3184
2019,DC_ODA_BDVDL,Japan,64.467
2020,DC_ODA_BDVDL,Japan,370.01796
2021,DC_ODA_BDVDL,Japan,149.09052
2007,DC_ODA_BDVDL,Republic of Korea,12.93964
2008,DC_ODA_BDVDL,Republic of Korea,29.00204
2009,DC_ODA_BDVDL,Republic of Korea,56.24155
2010,DC_ODA_BDVDL,Republic of Korea,3.97951
2011,DC_ODA_BDVDL,Republic of Korea,14.25606
2012,DC_ODA_BDVDL,Republic of Korea,6.37539
2013,DC_ODA_BDVDL,Republic of Korea,59.75561
2014,DC_ODA_BDVDL,Republic of Korea,23.29953
2015,DC_ODA_BDVDL,Republic of Korea,36.13205
2016,DC_ODA_BDVDL,Republic of Korea,27.07587
2017,DC_ODA_BDVDL,Republic of Korea,26.65796
2018,DC_ODA_BDVDL,Republic of Korea,14.40147
2019,DC_ODA_BDVDL,Republic of Korea,13.08593
2020,DC_ODA_BDVDL,Republic of Korea,41.48871
2021,DC_ODA_BDVDL,Republic of Korea,235.23605
2015,DC_ODA_BDVDL,Lithuania,0.01443
2016,DC_ODA_BDVDL,Lithuania,0.19117
2017,DC_ODA_BDVDL,Lithuania,0.02999
2018,DC_ODA_BDVDL,Lithuania,0.03256
2019,DC_ODA_BDVDL,Lithuania,0.03839
2020,DC_ODA_BDVDL,Lithuania,0.02394
2021,DC_ODA_BDVDL,Lithuania,0.01451
2010,DC_ODA_BDVDL,Luxembourg,3.97677
2011,DC_ODA_BDVDL,Luxembourg,0.03159
2012,DC_ODA_BDVDL,Luxembourg,9.60535
2013,DC_ODA_BDVDL,Luxembourg,12.92852
2014,DC_ODA_BDVDL,Luxembourg,15.91882
2015,DC_ODA_BDVDL,Luxembourg,11.28012
2016,DC_ODA_BDVDL,Luxembourg,11.27939
2017,DC_ODA_BDVDL,Luxembourg,10.98367
2018,DC_ODA_BDVDL,Luxembourg,8.26014
2019,DC_ODA_BDVDL,Luxembourg,11.58167
2020,DC_ODA_BDVDL,Luxembourg,2.84821
2021,DC_ODA_BDVDL,Luxembourg,9.37252
2002,DC_ODA_BDVDL,Netherlands (Kingdom of the),342.1639
2003,DC_ODA_BDVDL,Netherlands (Kingdom of the),394.73214
2004,DC_ODA_BDVDL,Netherlands (Kingdom of the),336.68958
2005,DC_ODA_BDVDL,Netherlands (Kingdom of the),389.20395
2006,DC_ODA_BDVDL,Netherlands (Kingdom of the),328.28853
2007,DC_ODA_BDVDL,Netherlands (Kingdom of the),235.20879
2008,DC_ODA_BDVDL,Netherlands (Kingdom of the),237.46093
2010,DC_ODA_BDVDL,Netherlands (Kingdom of the),103.32922
2011,DC_ODA_BDVDL,Netherlands (Kingdom of the),114.9037
2012,DC_ODA_BDVDL,Netherlands (Kingdom of the),146.06685
2013,DC_ODA_BDVDL,Netherlands (Kingdom of the),302.16936
2014,DC_ODA_BDVDL,Netherlands (Kingdom of the),10.68366
2015,DC_ODA_BDVDL,Netherlands (Kingdom of the),235.11526
2016,DC_ODA_BDVDL,Netherlands (Kingdom of the),106.93588
2017,DC_ODA_BDVDL,Netherlands (Kingdom of the),9.9132
2018,DC_ODA_BDVDL,Netherlands (Kingdom of the),42.91947
2019,DC_ODA_BDVDL,Netherlands (Kingdom of the),33.88769
2020,DC_ODA_BDVDL,Netherlands (Kingdom of the),657.92226
2021,DC_ODA_BDVDL,Netherlands (Kingdom of the),264.25302
2002,DC_ODA_BDVDL,New Zealand,3.01289
2003,DC_ODA_BDVDL,New Zealand,9.11631
2004,DC_ODA_BDVDL,New Zealand,5.66362
2005,DC_ODA_BDVDL,New Zealand,12.62107
2006,DC_ODA_BDVDL,New Zealand,24.6346
2007,DC_ODA_BDVDL,New Zealand,4.37187
2008,DC_ODA_BDVDL,New Zealand,11.70412
2009,DC_ODA_BDVDL,New Zealand,4.37515
2010,DC_ODA_BDVDL,New Zealand,13.84328
2011,DC_ODA_BDVDL,New Zealand,15.92301
2012,DC_ODA_BDVDL,New Zealand,4.78526
2013,DC_ODA_BDVDL,New Zealand,11.69632
2014,DC_ODA_BDVDL,New Zealand,21.6617
2015,DC_ODA_BDVDL,New Zealand,6.36976
2016,DC_ODA_BDVDL,New Zealand,8.3564
2017,DC_ODA_BDVDL,New Zealand,17.86328
2018,DC_ODA_BDVDL,New Zealand,6.97594
2019,DC_ODA_BDVDL,New Zealand,53.63197
2020,DC_ODA_BDVDL,New Zealand,26.54942
2021,DC_ODA_BDVDL,New Zealand,23.18704
2002,DC_ODA_BDVDL,Norway,65.62437
2003,DC_ODA_BDVDL,Norway,92.20165
2004,DC_ODA_BDVDL,Norway,90.33471
2005,DC_ODA_BDVDL,Norway,58.582
2006,DC_ODA_BDVDL,Norway,94.76427
2007,DC_ODA_BDVDL,Norway,78.5421
2008,DC_ODA_BDVDL,Norway,93.27406
2009,DC_ODA_BDVDL,Norway,236.34776
2010,DC_ODA_BDVDL,Norway,554.5553
2011,DC_ODA_BDVDL,Norway,278.3115
2012,DC_ODA_BDVDL,Norway,410.82821
2013,DC_ODA_BDVDL,Norway,426.18974
2014,DC_ODA_BDVDL,Norway,678.49033
2015,DC_ODA_BDVDL,Norway,714.80765
2016,DC_ODA_BDVDL,Norway,524.92008
2017,DC_ODA_BDVDL,Norway,716.35404
2018,DC_ODA_BDVDL,Norway,625.24556
2019,DC_ODA_BDVDL,Norway,351.28634
2020,DC_ODA_BDVDL,Norway,472.0845
2021,DC_ODA_BDVDL,Norway,682.78179
2013,DC_ODA_BDVDL,Poland,5.24432
2014,DC_ODA_BDVDL,Poland,1.68716
2015,DC_ODA_BDVDL,Poland,2.39033
2016,DC_ODA_BDVDL,Poland,0.72322
2017,DC_ODA_BDVDL,Poland,1.06329
2018,DC_ODA_BDVDL,Poland,0.67282
2019,DC_ODA_BDVDL,Poland,1.45401
2020,DC_ODA_BDVDL,Poland,1.34451
2021,DC_ODA_BDVDL,Poland,0.8998
2002,DC_ODA_BDVDL,Portugal,1.41063
2003,DC_ODA_BDVDL,Portugal,1.21744
2004,DC_ODA_BDVDL,Portugal,0.77374
2005,DC_ODA_BDVDL,Portugal,1.19351
2006,DC_ODA_BDVDL,Portugal,0.95084
2007,DC_ODA_BDVDL,Portugal,2.07315
2008,DC_ODA_BDVDL,Portugal,2.04292
2009,DC_ODA_BDVDL,Portugal,3.89557
2010,DC_ODA_BDVDL,Portugal,4.40793
2011,DC_ODA_BDVDL,Portugal,4.51387
2012,DC_ODA_BDVDL,Portugal,0.78892
2013,DC_ODA_BDVDL,Portugal,1.3479
2014,DC_ODA_BDVDL,Portugal,1.17866
2015,DC_ODA_BDVDL,Portugal,1.3043
2016,DC_ODA_BDVDL,Portugal,1.27629
2002,DC_ODA_BDVDL,Belgium,6.35676
2003,DC_ODA_BDVDL,Belgium,6.22919
2004,DC_ODA_BDVDL,Belgium,20.99246
2005,DC_ODA_BDVDL,Belgium,28.54999
2006,DC_ODA_BDVDL,Belgium,31.96305
2007,DC_ODA_BDVDL,Belgium,61.83633
2008,DC_ODA_BDVDL,Belgium,120.89887
2009,DC_ODA_BDVDL,Belgium,168.5263
2017,DC_ODA_BDVDL,Portugal,1.53941
2018,DC_ODA_BDVDL,Portugal,1.59919
2019,DC_ODA_BDVDL,Portugal,1.94828
2020,DC_ODA_BDVDL,Portugal,2.01671
2021,DC_ODA_BDVDL,Portugal,1.9689
2013,DC_ODA_BDVDL,Slovakia,0.47408
2014,DC_ODA_BDVDL,Slovakia,0.06512
2015,DC_ODA_BDVDL,Slovakia,0.02089
2010,DC_ODA_BDVDL,Belgium,156.69778
2011,DC_ODA_BDVDL,Belgium,164.54621
2012,DC_ODA_BDVDL,Belgium,93.47081
2013,DC_ODA_BDVDL,Belgium,166.09406
2014,DC_ODA_BDVDL,Belgium,191.22694
2015,DC_ODA_BDVDL,Belgium,231.38029
2016,DC_ODA_BDVDL,Belgium,153.79518
2017,DC_ODA_BDVDL,Belgium,212.8931
2016,DC_ODA_BDVDL,Slovakia,0.09899
2017,DC_ODA_BDVDL,Slovakia,0.33042
2018,DC_ODA_BDVDL,Slovakia,0.56
2019,DC_ODA_BDVDL,Slovakia,1.34923
2021,DC_ODA_BDVDL,Slovakia,1.29543
2011,DC_ODA_BDVDL,Slovenia,0.0129
2012,DC_ODA_BDVDL,Slovenia,0.01402
2015,DC_ODA_BDVDL,Slovenia,0.01718
2016,DC_ODA_BDVDL,Slovenia,0.42403
2017,DC_ODA_BDVDL,Slovenia,0.01484
2018,DC_ODA_BDVDL,Slovenia,0.05795
2019,DC_ODA_BDVDL,Slovenia,0.08236
2020,DC_ODA_BDVDL,Slovenia,0.02647
2021,DC_ODA_BDVDL,Slovenia,0.03473
2002,DC_ODA_BDVDL,Spain,43.03919
2003,DC_ODA_BDVDL,Spain,41.17766
2004,DC_ODA_BDVDL,Spain,4.02568
2005,DC_ODA_BDVDL,Spain,71.53206
2006,DC_ODA_BDVDL,Spain,76.35349
2007,DC_ODA_BDVDL,Spain,88.23344
2008,DC_ODA_BDVDL,Spain,302.65525
2009,DC_ODA_BDVDL,Spain,257.24194
2010,DC_ODA_BDVDL,Spain,289.0509
2011,DC_ODA_BDVDL,Spain,85.64999
2018,DC_ODA_BDVDL,Belgium,140.17121
2019,DC_ODA_BDVDL,Belgium,106.17863
2020,DC_ODA_BDVDL,Belgium,142.45482
2021,DC_ODA_BDVDL,Belgium,128.12634
2002,DC_ODA_BDVDL,Canada,92.04592
2003,DC_ODA_BDVDL,Canada,114.48231
2004,DC_ODA_BDVDL,Canada,273.98239
2005,DC_ODA_BDVDL,Canada,6.90931
2012,DC_ODA_BDVDL,Spain,14.22479
2013,DC_ODA_BDVDL,Spain,48.73455
2014,DC_ODA_BDVDL,Spain,63.17136
2015,DC_ODA_BDVDL,Spain,40.56711
2016,DC_ODA_BDVDL,Spain,35.11286
2017,DC_ODA_BDVDL,Spain,53.32446
2018,DC_ODA_BDVDL,Spain,102.93328
2019,DC_ODA_BDVDL,Spain,62.17864
2006,DC_ODA_BDVDL,Canada,95.18957
2007,DC_ODA_BDVDL,Canada,66.78697
2008,DC_ODA_BDVDL,Canada,32.8046
2009,DC_ODA_BDVDL,Canada,138.15537
2010,DC_ODA_BDVDL,Canada,50.71211
2011,DC_ODA_BDVDL,Canada,79.45395
2012,DC_ODA_BDVDL,Canada,329.39039
2013,DC_ODA_BDVDL,Canada,53.43547
2020,DC_ODA_BDVDL,Spain,53.86845
2021,DC_ODA_BDVDL,Spain,61.56311
2002,DC_ODA_BDVDL,Sweden,42.51342
2003,DC_ODA_BDVDL,Sweden,42.05787
2004,DC_ODA_BDVDL,Sweden,11.47057
2005,DC_ODA_BDVDL,Sweden,3.71297
2006,DC_ODA_BDVDL,Sweden,31.94629
2007,DC_ODA_BDVDL,Sweden,0.25913
2014,DC_ODA_BDVDL,Canada,43.73991
2015,DC_ODA_BDVDL,Canada,72.0678
2016,DC_ODA_BDVDL,Canada,27.93552
2017,DC_ODA_BDVDL,Canada,5.50136
2018,DC_ODA_BDVDL,Canada,29.04039
2019,DC_ODA_BDVDL,Canada,158.03396
2020,DC_ODA_BDVDL,Canada,49.41183
2021,DC_ODA_BDVDL,Canada,223.01344
2008,DC_ODA_BDVDL,Sweden,14.64568
2009,DC_ODA_BDVDL,Sweden,7.16702
2010,DC_ODA_BDVDL,Sweden,200.85881
2011,DC_ODA_BDVDL,Sweden,172.36775
2012,DC_ODA_BDVDL,Sweden,260.63287
2013,DC_ODA_BDVDL,Sweden,404.0528
2014,DC_ODA_BDVDL,Sweden,414.68098
2015,DC_ODA_BDVDL,Sweden,327.55593
2011,DC_ODA_BDVDL,Czechia,0.38074
2012,DC_ODA_BDVDL,Czechia,5.78572
2013,DC_ODA_BDVDL,Czechia,4.30994
2014,DC_ODA_BDVDL,Czechia,5.16166
2015,DC_ODA_BDVDL,Czechia,3.94777
2016,DC_ODA_BDVDL,Czechia,4.74899
2017,DC_ODA_BDVDL,Czechia,3.86946
2018,DC_ODA_BDVDL,Czechia,1.97863
2019,DC_ODA_BDVDL,Czechia,4.01134
2020,DC_ODA_BDVDL,Czechia,4.73363
2021,DC_ODA_BDVDL,Czechia,3.63995
2002,DC_ODA_BDVDL,Denmark,107.6845
2003,DC_ODA_BDVDL,Denmark,100.21999
2004,DC_ODA_BDVDL,Denmark,176.56701
2005,DC_ODA_BDVDL,Denmark,192.96202
2006,DC_ODA_BDVDL,Denmark,168.01395
2016,DC_ODA_BDVDL,Sweden,264.06712
2017,DC_ODA_BDVDL,Sweden,188.34865
2018,DC_ODA_BDVDL,Sweden,658.7276
2019,DC_ODA_BDVDL,Sweden,333.85413
2020,DC_ODA_BDVDL,Sweden,213.97305
2021,DC_ODA_BDVDL,Sweden,324.85741
2002,DC_ODA_BDVDL,Switzerland,93.32327
2003,DC_ODA_BDVDL,Switzerland,32.11343
2007,DC_ODA_BDVDL,Denmark,110.47528
2008,DC_ODA_BDVDL,Denmark,125.56537
2009,DC_ODA_BDVDL,Denmark,118.10814
2010,DC_ODA_BDVDL,Denmark,259.55132
2011,DC_ODA_BDVDL,Denmark,159.03142
2012,DC_ODA_BDVDL,Denmark,123.86061
2013,DC_ODA_BDVDL,Denmark,245.36623
2014,DC_ODA_BDVDL,Denmark,354.76689
2004,DC_ODA_BDVDL,Switzerland,68.3188
2005,DC_ODA_BDVDL,Switzerland,36.45018
2006,DC_ODA_BDVDL,Switzerland,36.71085
2007,DC_ODA_BDVDL,Switzerland,61.50143
2008,DC_ODA_BDVDL,Switzerland,31.84571
2009,DC_ODA_BDVDL,Switzerland,45.19273
2010,DC_ODA_BDVDL,Switzerland,61.34393
2011,DC_ODA_BDVDL,Switzerland,139.08355
2015,DC_ODA_BDVDL,Denmark,174.81783
2016,DC_ODA_BDVDL,Denmark,43.48518
2017,DC_ODA_BDVDL,Denmark,59.4175
2018,DC_ODA_BDVDL,Denmark,38.36333
2019,DC_ODA_BDVDL,Denmark,13.0838
2020,DC_ODA_BDVDL,Denmark,45.97455
2021,DC_ODA_BDVDL,Denmark,26.18652
2002,DC_ODA_BDVDL,Finland,15.14155
2003,DC_ODA_BDVDL,Finland,4.78631
2004,DC_ODA_BDVDL,Finland,19.97998
2005,DC_ODA_BDVDL,Finland,3.51974
2006,DC_ODA_BDVDL,Finland,3.90843
2007,DC_ODA_BDVDL,Finland,55.31086
2008,DC_ODA_BDVDL,Finland,130.07102
2009,DC_ODA_BDVDL,Finland,116.06597
2010,DC_ODA_BDVDL,Finland,116.27348
2011,DC_ODA_BDVDL,Finland,195.35483
2012,DC_ODA_BDVDL,Finland,45.82324
2013,DC_ODA_BDVDL,Finland,19.54266
2014,DC_ODA_BDVDL,Finland,14.14885
2015,DC_ODA_BDVDL,Finland,22.36109
2016,DC_ODA_BDVDL,Finland,6.93653
2017,DC_ODA_BDVDL,Finland,3.75796
2018,DC_ODA_BDVDL,Finland,24.79683
2012,DC_ODA_BDVDL,Switzerland,87.97443
2013,DC_ODA_BDVDL,Switzerland,157.23482
2014,DC_ODA_BDVDL,Switzerland,82.78025
2015,DC_ODA_BDVDL,Switzerland,52.46389
2016,DC_ODA_BDVDL,Switzerland,129.89278
2017,DC_ODA_BDVDL,Switzerland,138.1196
2018,DC_ODA_BDVDL,Switzerland,149.17436
2019,DC_ODA_BDVDL,Switzerland,141.0006
2019,DC_ODA_BDVDL,Finland,10.38616
2020,DC_ODA_BDVDL,Finland,3.85804
2021,DC_ODA_BDVDL,Finland,67.50382
2002,DC_ODA_BDVDL,France,117.4682
2003,DC_ODA_BDVDL,France,71.08919
2004,DC_ODA_BDVDL,France,123.46807
2005,DC_ODA_BDVDL,France,75.78964
2006,DC_ODA_BDVDL,France,126.91394
2020,DC_ODA_BDVDL,Switzerland,141.40729
2021,DC_ODA_BDVDL,Switzerland,162.9255
2002,DC_ODA_BDVDL,United Kingdom of Great Britain and Northern Ireland,1.74371
2003,DC_ODA_BDVDL,United Kingdom of Great Britain and Northern Ireland,6.07738
2004,DC_ODA_BDVDL,United Kingdom of Great Britain and Northern Ireland,0.33548
2006,DC_ODA_BDVDL,United Kingdom of Great Britain and Northern Ireland,12.3217
2007,DC_ODA_BDVDL,United Kingdom of Great Britain and Northern Ireland,8.03916
2007,DC_ODA_BDVDL,France,170.22874
2008,DC_ODA_BDVDL,France,207.45299
2009,DC_ODA_BDVDL,France,237.67528
2010,DC_ODA_BDVDL,France,452.36583
2011,DC_ODA_BDVDL,France,311.80758
2012,DC_ODA_BDVDL,France,529.03677
2013,DC_ODA_BDVDL,France,244.29179
2014,DC_ODA_BDVDL,France,688.73522
2008,DC_ODA_BDVDL,United Kingdom of Great Britain and Northern Ireland,27.05985
2009,DC_ODA_BDVDL,United Kingdom of Great Britain and Northern Ireland,69.38762
2010,DC_ODA_BDVDL,United Kingdom of Great Britain and Northern Ireland,196.36172
2011,DC_ODA_BDVDL,United Kingdom of Great Britain and Northern Ireland,93.33099
2012,DC_ODA_BDVDL,United Kingdom of Great Britain and Northern Ireland,73.84841
2013,DC_ODA_BDVDL,United Kingdom of Great Britain and Northern Ireland,240.49396
2014,DC_ODA_BDVDL,United Kingdom of Great Britain and Northern Ireland,225.09999
2015,DC_ODA_BDVDL,United Kingdom of Great Britain and Northern Ireland,470.5422
2016,DC_ODA_BDVDL,United Kingdom of Great Britain and Northern Ireland,340.15049
2017,DC_ODA_BDVDL,United Kingdom of Great Britain and Northern Ireland,319.14205
2018,DC_ODA_BDVDL,United Kingdom of Great Britain and Northern Ireland,246.63272
2019,DC_ODA_BDVDL,United Kingdom of Great Britain and Northern Ireland,499.76959
2020,DC_ODA_BDVDL,United Kingdom of Great Britain and Northern Ireland,159.4895
2021,DC_ODA_BDVDL,United Kingdom of Great Britain and Northern Ireland,131.78958
2015,DC_ODA_BDVDL,France,1834.06218
2016,DC_ODA_BDVDL,France,2181.60023
2017,DC_ODA_BDVDL,France,2626.14512
2018,DC_ODA_BDVDL,France,1691.46388
2019,DC_ODA_BDVDL,France,364.35487
2020,DC_ODA_BDVDL,France,456.06155
2021,DC_ODA_BDVDL,France,2700.9645
2002,DC_ODA_BDVDL,Germany,263.61092
2003,DC_ODA_BDVDL,Germany,217.19759
2004,DC_ODA_BDVDL,Germany,299.9072
2005,DC_ODA_BDVDL,Germany,342.56728
2006,DC_ODA_BDVDL,Germany,332.80054
2007,DC_ODA_BDVDL,Germany,265.15163
2008,DC_ODA_BDVDL,Germany,291.84748
2009,DC_ODA_BDVDL,Germany,390.23067
2010,DC_ODA_BDVDL,Germany,636.11389
2011,DC_ODA_BDVDL,Germany,1252.86694
2012,DC_ODA_BDVDL,Germany,1062.28976
2013,DC_ODA_BDVDL,Germany,1040.03874
2014,DC_ODA_BDVDL,Germany,1254.13241
2015,DC_ODA_BDVDL,Germany,1396.98164
2016,DC_ODA_BDVDL,Germany,1318.391
2017,DC_ODA_BDVDL,Germany,2070.78518
2018,DC_ODA_BDVDL,Germany,1711.39014
2019,DC_ODA_BDVDL,Germany,2469.6874
2020,DC_ODA_BDVDL,Germany,2540.9406
2021,DC_ODA_BDVDL,Germany,2492.36
2002,DC_ODA_BDVDL,Greece,2.63417
2003,DC_ODA_BDVDL,Greece,6.90405
2004,DC_ODA_BDVDL,Greece,4.76466
2005,DC_ODA_BDVDL,Greece,4.2337
2006,DC_ODA_BDVDL,Greece,2.15221
2007,DC_ODA_BDVDL,Greece,3.24494
2008,DC_ODA_BDVDL,Greece,1.77509
2009,DC_ODA_BDVDL,Greece,7.18912
2010,DC_ODA_BDVDL,Greece,3.81739
2012,DC_ODA_BDVDL,Greece,0.48538
2013,DC_ODA_BDVDL,Greece,0.11254
2014,DC_ODA_BDVDL,Greece,0.22714
2015,DC_ODA_BDVDL,Greece,0.20926
2016,DC_ODA_BDVDL,Greece,1.03954
2017,DC_ODA_BDVDL,Greece,0.24468
2018,DC_ODA_BDVDL,Greece,0.00211
2020,DC_ODA_BDVDL,Greece,0.02021
2019,DC_ODA_BDVDL,Hungary,0.36443
2020,DC_ODA_BDVDL,Hungary,27.77875
2021,DC_ODA_BDVDL,Hungary,0.28877
2012,DC_ODA_BDVDL,Iceland,5.41863
2013,DC_ODA_BDVDL,Iceland,6.67207
2014,DC_ODA_BDVDL,Iceland,5.93947
2015,DC_ODA_BDVDL,Iceland,4.82448
2016,DC_ODA_BDVDL,Iceland,4.4841
2017,DC_ODA_BDVDL,Iceland,4.6738
2018,DC_ODA_BDVDL,Iceland,4.17631
2019,DC_ODA_BDVDL,Iceland,4.32398
2020,DC_ODA_BDVDL,Iceland,3.73931
2021,DC_ODA_BDVDL,Iceland,3.97796
2002,DC_ODA_BDVDL,Ireland,1.95786
2003,DC_ODA_BDVDL,Ireland,0.9534
2004,DC_ODA_BDVDL,Ireland,0.91689
2005,DC_ODA_BDVDL,Ireland,0.01389
2007,DC_ODA_BDVDL,Ireland,15.193
2008,DC_ODA_BDVDL,Ireland,15.3477
2009,DC_ODA_BDVDL,Ireland,102.32901
2010,DC_ODA_BDVDL,Ireland,44.75099
2011,DC_ODA_BDVDL,Ireland,17.20429
2012,DC_ODA_BDVDL,Ireland,38.60477
2013,DC_ODA_BDVDL,Ireland,43.28619
2014,DC_ODA_BDVDL,Ireland,35.16332
2015,DC_ODA_BDVDL,Ireland,27.29019
2016,DC_ODA_BDVDL,Ireland,48.59962
2017,DC_ODA_BDVDL,Ireland,31.30939
2018,DC_ODA_BDVDL,Ireland,30.58959
2019,DC_ODA_BDVDL,Ireland,38.61853
2020,DC_ODA_BDVDL,Ireland,49.35958
2021,DC_ODA_BDVDL,Ireland,29.26008
2003,DC_ODA_BDVDL,Italy,0.39415
2004,DC_ODA_BDVDL,Italy,0.35671
2005,DC_ODA_BDVDL,Italy,0.07303
2006,DC_ODA_BDVDL,Italy,13.72688
2007,DC_ODA_BDVDL,Italy,117.15691
2008,DC_ODA_BDVDL,Italy,66.85482
2009,DC_ODA_BDVDL,Italy,53.2734
2010,DC_ODA_BDVDL,Italy,8.75949
2011,DC_ODA_BDVDL,Italy,84.02162
2012,DC_ODA_BDVDL,Italy,38.45184
2013,DC_ODA_BDVDL,Italy,75.2602
2014,DC_ODA_BDVDL,Italy,62.79893
2015,DC_ODA_BDVDL,Italy,76.09353
2016,DC_ODA_BDVDL,Italy,54.58148
2017,DC_ODA_BDVDL,Italy,165.02923
2018,DC_ODA_BDVDL,Italy,164.93523
2019,DC_ODA_BDVDL,Italy,188.59355
2020,DC_ODA_BDVDL,Italy,268.36595
2021,DC_ODA_BDVDL,Italy,87.09484
2002,DC_ODA_BDVDL,Japan,605.64983
2003,DC_ODA_BDVDL,Japan,1154.48078
2004,DC_ODA_BDVDL,Japan,582.1215
2005,DC_ODA_BDVDL,Japan,1119.19079
2006,DC_ODA_BDVDL,Japan,1198.55286
2007,DC_ODA_BDVDL,Japan,1881.68764
2008,DC_ODA_BDVDL,Japan,821.3386
2009,DC_ODA_BDVDL,Japan,960.61945
2010,DC_ODA_BDVDL,Japan,883.41685
2011,DC_ODA_BDVDL,Japan,1112.30091
2012,DC_ODA_BDVDL,Japan,342.00351
2013,DC_ODA_BDVDL,Japan,100.67094
2014,DC_ODA_BDVDL,Japan,1117.64964
2015,DC_ODA_BDVDL,Japan,2045.16882
2016,DC_ODA_BDVDL,Japan,675.53796
2017,DC_ODA_BDVDL,Japan,405.84174
2018,DC_ODA_BDVDL,Japan,286.3184
2019,DC_ODA_BDVDL,Japan,64.467
2020,DC_ODA_BDVDL,Japan,370.01796
2021,DC_ODA_BDVDL,Japan,149.09052
2007,DC_ODA_BDVDL,Republic of Korea,12.93964
2008,DC_ODA_BDVDL,Republic of Korea,29.00204
2009,DC_ODA_BDVDL,Republic of Korea,56.24155
2010,DC_ODA_BDVDL,Republic of Korea,3.97951
2011,DC_ODA_BDVDL,Republic of Korea,14.25606
2012,DC_ODA_BDVDL,Republic of Korea,6.37539
2013,DC_ODA_BDVDL,Republic of Korea,59.75561
2014,DC_ODA_BDVDL,Republic of Korea,23.29953
2015,DC_ODA_BDVDL,Republic of Korea,36.13205
2016,DC_ODA_BDVDL,Republic of Korea,27.07587
2017,DC_ODA_BDVDL,Republic of Korea,26.65796
2018,DC_ODA_BDVDL,Republic of Korea,14.40147
2019,DC_ODA_BDVDL,Republic of Korea,13.08593
2020,DC_ODA_BDVDL,Republic of Korea,41.48871
2021,DC_ODA_BDVDL,Republic of Korea,235.23605
2015,DC_ODA_BDVDL,Lithuania,0.01443
2016,DC_ODA_BDVDL,Lithuania,0.19117
2017,DC_ODA_BDVDL,Lithuania,0.02999
2018,DC_ODA_BDVDL,Lithuania,0.03256
2019,DC_ODA_BDVDL,Lithuania,0.03839
2020,DC_ODA_BDVDL,Lithuania,0.02394
2021,DC_ODA_BDVDL,Lithuania,0.01451
2010,DC_ODA_BDVDL,Luxembourg,3.97677
2011,DC_ODA_BDVDL,Luxembourg,0.03159
2012,DC_ODA_BDVDL,Luxembourg,9.60535
2013,DC_ODA_BDVDL,Luxembourg,12.92852
2014,DC_ODA_BDVDL,Luxembourg,15.91882
2015,DC_ODA_BDVDL,Luxembourg,11.28012
2016,DC_ODA_BDVDL,Luxembourg,11.27939
2017,DC_ODA_BDVDL,Luxembourg,10.98367
2018,DC_ODA_BDVDL,Luxembourg,8.26014
2019,DC_ODA_BDVDL,Luxembourg,11.58167
2020,DC_ODA_BDVDL,Luxembourg,2.84821
2021,DC_ODA_BDVDL,Luxembourg,9.37252
2002,DC_ODA_BDVDL,Netherlands (Kingdom of the),342.1639
2003,DC_ODA_BDVDL,Netherlands (Kingdom of the),394.73214
2004,DC_ODA_BDVDL,Netherlands (Kingdom of the),336.68958
2005,DC_ODA_BDVDL,Netherlands (Kingdom of the),389.20395
2006,DC_ODA_BDVDL,Netherlands (Kingdom of the),328.28853
2007,DC_ODA_BDVDL,Netherlands (Kingdom of the),235.20879
2008,DC_ODA_BDVDL,Netherlands (Kingdom of the),237.46093
2010,DC_ODA_BDVDL,Netherlands (Kingdom of the),103.32922
2011,DC_ODA_BDVDL,Netherlands (Kingdom of the),114.9037
2012,DC_ODA_BDVDL,Netherlands (Kingdom of the),146.06685
2013,DC_ODA_BDVDL,Netherlands (Kingdom of the),302.16936
2014,DC_ODA_BDVDL,Netherlands (Kingdom of the),10.68366
2015,DC_ODA_BDVDL,Netherlands (Kingdom of the),235.11526
2016,DC_ODA_BDVDL,Netherlands (Kingdom of the),106.93588
2017,DC_ODA_BDVDL,Netherlands (Kingdom of the),9.9132
2018,DC_ODA_BDVDL,Netherlands (Kingdom of the),42.91947
2019,DC_ODA_BDVDL,Netherlands (Kingdom of the),33.88769
2020,DC_ODA_BDVDL,Netherlands (Kingdom of the),657.92226
2021,DC_ODA_BDVDL,Netherlands (Kingdom of the),264.25302
2002,DC_ODA_BDVDL,New Zealand,3.01289
2003,DC_ODA_BDVDL,New Zealand,9.11631
2004,DC_ODA_BDVDL,New Zealand,5.66362
2005,DC_ODA_BDVDL,New Zealand,12.62107
2006,DC_ODA_BDVDL,New Zealand,24.6346
2007,DC_ODA_BDVDL,New Zealand,4.37187
2008,DC_ODA_BDVDL,New Zealand,11.70412
2009,DC_ODA_BDVDL,New Zealand,4.37515
2010,DC_ODA_BDVDL,New Zealand,13.84328
2011,DC_ODA_BDVDL,New Zealand,15.92301
2012,DC_ODA_BDVDL,New Zealand,4.78526
2013,DC_ODA_BDVDL,New Zealand,11.69632
2014,DC_ODA_BDVDL,New Zealand,21.6617
2015,DC_ODA_BDVDL,New Zealand,6.36976
2016,DC_ODA_BDVDL,New Zealand,8.3564
2017,DC_ODA_BDVDL,New Zealand,17.86328
2018,DC_ODA_BDVDL,New Zealand,6.97594
2019,DC_ODA_BDVDL,New Zealand,53.63197
2020,DC_ODA_BDVDL,New Zealand,26.54942
2021,DC_ODA_BDVDL,New Zealand,23.18704
2002,DC_ODA_BDVDL,Norway,65.62437
2003,DC_ODA_BDVDL,Norway,92.20165
2004,DC_ODA_BDVDL,Norway,90.33471
2005,DC_ODA_BDVDL,Norway,58.582
2006,DC_ODA_BDVDL,Norway,94.76427
2007,DC_ODA_BDVDL,Norway,78.5421
2008,DC_ODA_BDVDL,Norway,93.27406
2009,DC_ODA_BDVDL,Norway,236.34776
2010,DC_ODA_BDVDL,Norway,554.5553
2011,DC_ODA_BDVDL,Norway,278.3115
2012,DC_ODA_BDVDL,Norway,410.82821
2013,DC_ODA_BDVDL,Norway,426.18974
2014,DC_ODA_BDVDL,Norway,678.49033
2015,DC_ODA_BDVDL,Norway,714.80765
2016,DC_ODA_BDVDL,Norway,524.92008
2017,DC_ODA_BDVDL,Norway,716.35404
2018,DC_ODA_BDVDL,Norway,625.24556
2019,DC_ODA_BDVDL,Norway,351.28634
2020,DC_ODA_BDVDL,Norway,472.0845
2021,DC_ODA_BDVDL,Norway,682.78179
2013,DC_ODA_BDVDL,Poland,5.24432
2014,DC_ODA_BDVDL,Poland,1.68716
2015,DC_ODA_BDVDL,Poland,2.39033
2016,DC_ODA_BDVDL,Poland,0.72322
2017,DC_ODA_BDVDL,Poland,1.06329
2018,DC_ODA_BDVDL,Poland,0.67282
2019,DC_ODA_BDVDL,Poland,1.45401
2020,DC_ODA_BDVDL,Poland,1.34451
2021,DC_ODA_BDVDL,Poland,0.8998
2002,DC_ODA_BDVDL,Portugal,1.41063
2003,DC_ODA_BDVDL,Portugal,1.21744
2004,DC_ODA_BDVDL,Portugal,0.77374
2005,DC_ODA_BDVDL,Portugal,1.19351
2006,DC_ODA_BDVDL,Portugal,0.95084
2007,DC_ODA_BDVDL,Portugal,2.07315
2008,DC_ODA_BDVDL,Portugal,2.04292
2009,DC_ODA_BDVDL,Portugal,3.89557
2010,DC_ODA_BDVDL,Portugal,4.40793
2011,DC_ODA_BDVDL,Portugal,4.51387
2012,DC_ODA_BDVDL,Portugal,0.78892
2013,DC_ODA_BDVDL,Portugal,1.3479
2014,DC_ODA_BDVDL,Portugal,1.17866
2015,DC_ODA_BDVDL,Portugal,1.3043
2016,DC_ODA_BDVDL,Portugal,1.27629
2017,DC_ODA_BDVDL,Portugal,1.53941
2018,DC_ODA_BDVDL,Portugal,1.59919
2019,DC_ODA_BDVDL,Portugal,1.94828
2020,DC_ODA_BDVDL,Portugal,2.01671
2021,DC_ODA_BDVDL,Portugal,1.9689
2013,DC_ODA_BDVDL,Slovakia,0.47408
2014,DC_ODA_BDVDL,Slovakia,0.06512
2015,DC_ODA_BDVDL,Slovakia,0.02089
2016,DC_ODA_BDVDL,Slovakia,0.09899
2017,DC_ODA_BDVDL,Slovakia,0.33042
2018,DC_ODA_BDVDL,Slovakia,0.56
2019,DC_ODA_BDVDL,Slovakia,1.34923
2021,DC_ODA_BDVDL,Slovakia,1.29543
2011,DC_ODA_BDVDL,Slovenia,0.0129
2012,DC_ODA_BDVDL,Slovenia,0.01402
2015,DC_ODA_BDVDL,Slovenia,0.01718
2016,DC_ODA_BDVDL,Slovenia,0.42403
2017,DC_ODA_BDVDL,Slovenia,0.01484
2018,DC_ODA_BDVDL,Slovenia,0.05795
2019,DC_ODA_BDVDL,Slovenia,0.08236
2020,DC_ODA_BDVDL,Slovenia,0.02647
2021,DC_ODA_BDVDL,Slovenia,0.03473
2002,DC_ODA_BDVDL,Spain,43.03919
2003,DC_ODA_BDVDL,Spain,41.17766
2004,DC_ODA_BDVDL,Spain,4.02568
2005,DC_ODA_BDVDL,Spain,71.53206
2006,DC_ODA_BDVDL,Spain,76.35349
2007,DC_ODA_BDVDL,Spain,88.23344
2008,DC_ODA_BDVDL,Spain,302.65525
2009,DC_ODA_BDVDL,Spain,257.24194
2010,DC_ODA_BDVDL,Spain,289.0509
2011,DC_ODA_BDVDL,Spain,85.64999
2012,DC_ODA_BDVDL,Spain,14.22479
2013,DC_ODA_BDVDL,Spain,48.73455
2014,DC_ODA_BDVDL,Spain,63.17136
2015,DC_ODA_BDVDL,Spain,40.56711
2016,DC_ODA_BDVDL,Spain,35.11286
2017,DC_ODA_BDVDL,Spain,53.32446
2018,DC_ODA_BDVDL,Spain,102.93328
2019,DC_ODA_BDVDL,Spain,62.17864
2020,DC_ODA_BDVDL,Spain,53.86845
2021,DC_ODA_BDVDL,Spain,61.56311
2002,DC_ODA_BDVDL,Sweden,42.51342
2003,DC_ODA_BDVDL,Sweden,42.05787
2004,DC_ODA_BDVDL,Sweden,11.47057
2005,DC_ODA_BDVDL,Sweden,3.71297
2006,DC_ODA_BDVDL,Sweden,31.94629
2007,DC_ODA_BDVDL,Sweden,0.25913
2008,DC_ODA_BDVDL,Sweden,14.64568
2009,DC_ODA_BDVDL,Sweden,7.16702
2010,DC_ODA_BDVDL,Sweden,200.85881
2011,DC_ODA_BDVDL,Sweden,172.36775
2012,DC_ODA_BDVDL,Sweden,260.63287
2013,DC_ODA_BDVDL,Sweden,404.0528
2014,DC_ODA_BDVDL,Sweden,414.68098
2015,DC_ODA_BDVDL,Sweden,327.55593
2016,DC_ODA_BDVDL,Sweden,264.06712
2017,DC_ODA_BDVDL,Sweden,188.34865
2018,DC_ODA_BDVDL,Sweden,658.7276
2019,DC_ODA_BDVDL,Sweden,333.85413
2020,DC_ODA_BDVDL,Sweden,213.97305
2021,DC_ODA_BDVDL,Sweden,324.85741
2002,DC_ODA_BDVDL,Switzerland,93.32327
2003,DC_ODA_BDVDL,Switzerland,32.11343
2004,DC_ODA_BDVDL,Switzerland,68.3188
2005,DC_ODA_BDVDL,Switzerland,36.45018
2006,DC_ODA_BDVDL,Switzerland,36.71085
2007,DC_ODA_BDVDL,Switzerland,61.50143
2008,DC_ODA_BDVDL,Switzerland,31.84571
2009,DC_ODA_BDVDL,Switzerland,45.19273
2010,DC_ODA_BDVDL,Switzerland,61.34393
2011,DC_ODA_BDVDL,Switzerland,139.08355
2012,DC_ODA_BDVDL,Switzerland,87.97443
2013,DC_ODA_BDVDL,Switzerland,157.23482
2014,DC_ODA_BDVDL,Switzerland,82.78025
2015,DC_ODA_BDVDL,Switzerland,52.46389
2016,DC_ODA_BDVDL,Switzerland,129.89278
2017,DC_ODA_BDVDL,Switzerland,138.1196
2018,DC_ODA_BDVDL,Switzerland,149.17436
2019,DC_ODA_BDVDL,Switzerland,141.0006
2020,DC_ODA_BDVDL,Switzerland,141.40729
2021,DC_ODA_BDVDL,Switzerland,162.9255
2002,DC_ODA_BDVDL,United Kingdom of Great Britain and Northern Ireland,1.74371
2003,DC_ODA_BDVDL,United Kingdom of Great Britain and Northern Ireland,6.07738
2004,DC_ODA_BDVDL,United Kingdom of Great Britain and Northern Ireland,0.33548
2006,DC_ODA_BDVDL,United Kingdom of Great Britain and Northern Ireland,12.3217
2007,DC_ODA_BDVDL,United Kingdom of Great Britain and Northern Ireland,8.03916
2008,DC_ODA_BDVDL,United Kingdom of Great Britain and Northern Ireland,27.05985
2009,DC_ODA_BDVDL,United Kingdom of Great Britain and Northern Ireland,69.38762
2010,DC_ODA_BDVDL,United Kingdom of Great Britain and Northern Ireland,196.36172
2011,DC_ODA_BDVDL,United Kingdom of Great Britain and Northern Ireland,93.33099
2012,DC_ODA_BDVDL,United Kingdom of Great Britain and Northern Ireland,73.84841
2013,DC_ODA_BDVDL,United Kingdom of Great Britain and Northern Ireland,240.49396
2014,DC_ODA_BDVDL,United Kingdom of Great Britain and Northern Ireland,225.09999
2015,DC_ODA_BDVDL,United Kingdom of Great Britain and Northern Ireland,470.5422
2016,DC_ODA_BDVDL,United Kingdom of Great Britain and Northern Ireland,340.15049
2017,DC_ODA_BDVDL,United Kingdom of Great Britain and Northern Ireland,319.14205
2018,DC_ODA_BDVDL,United Kingdom of Great Britain and Northern Ireland,246.63272
2019,DC_ODA_BDVDL,United Kingdom of Great Britain and Northern Ireland,499.76959
2020,DC_ODA_BDVDL,United Kingdom of Great Britain and Northern Ireland,159.4895
2021,DC_ODA_BDVDL,United Kingdom of Great Britain and Northern Ireland,131.78958
2021,DC_ODA_BDVDL,United Kingdom of Great Britain and Northern Ireland,131.78958
