Year,Metric,Страна,Value
2021,Rule of Law,Albania,-0.256100863
2020,Rule of Law,Albania,-0.349165231
2019,Rule of Law,Albania,-0.402843326
2018,Rule of Law,Albania,-0.395619303
2017,Rule of Law,Albania,-0.395079285
2016,Rule of Law,Albania,-0.304018438
2015,Rule of Law,Albania,-0.298862904
2014,Rule of Law,Albania,-0.310979843
2013,Rule of Law,Albania,-0.518606007
2012,Rule of Law,Albania,-0.519839764
2011,Rule of Law,Albania,-0.442926466
2010,Rule of Law,Albania,-0.385760486
2009,Rule of Law,Albania,-0.494370162
2008,Rule of Law,Albania,-0.600079298
2007,Rule of Law,Albania,-0.661545992
2006,Rule of Law,Albania,-0.703135848
2005,Rule of Law,Albania,-0.763833165
2004,Rule of Law,Albania,-0.701032341
2003,Rule of Law,Albania,-0.716323495
2002,Rule of Law,Albania,-0.762321413
2000,Rule of Law,Albania,-1.020667672
1998,Rule of Law,Albania,-0.929671705
1996,Rule of Law,Albania,-0.6844818
2021,Rule of Law,Armenia,-0.095904246
2020,Rule of Law,Armenia,-0.104187101
2019,Rule of Law,Armenia,-0.157182589
2018,Rule of Law,Armenia,-0.178264081
2017,Rule of Law,Armenia,-0.191404387
2016,Rule of Law,Armenia,-0.143536806
2015,Rule of Law,Armenia,-0.445906013
2014,Rule of Law,Armenia,-0.417796254
2013,Rule of Law,Armenia,-0.340971231
2012,Rule of Law,Armenia,-0.418281972
2011,Rule of Law,Armenia,-0.437706411
2010,Rule of Law,Armenia,-0.48135832
2009,Rule of Law,Armenia,-0.468710691
2008,Rule of Law,Armenia,-0.337751359
2007,Rule of Law,Armenia,-0.496518046
2006,Rule of Law,Armenia,-0.544567347
2005,Rule of Law,Armenia,-0.388776749
2004,Rule of Law,Armenia,-0.481950611
2003,Rule of Law,Armenia,-0.302864641
2002,Rule of Law,Armenia,-0.438531369
2000,Rule of Law,Armenia,-0.501016259
1998,Rule of Law,Armenia,-0.380856782
1996,Rule of Law,Armenia,-0.469098508
2021,Rule of Law,Austria,1.788035512
2020,Rule of Law,Austria,1.801011682
2019,Rule of Law,Austria,1.895342708
2018,Rule of Law,Austria,1.886325002
2017,Rule of Law,Austria,1.830876589
2016,Rule of Law,Austria,1.790404201
2015,Rule of Law,Austria,1.842692971
2014,Rule of Law,Austria,1.938500404
2013,Rule of Law,Austria,1.834038258
2012,Rule of Law,Austria,1.857123733
2011,Rule of Law,Austria,1.79896307
2010,Rule of Law,Austria,1.801202655
2009,Rule of Law,Austria,1.777442694
2008,Rule of Law,Austria,1.910698891
2007,Rule of Law,Austria,1.941825628
2006,Rule of Law,Austria,1.899768829
2005,Rule of Law,Austria,1.847249508
2004,Rule of Law,Austria,1.816664338
2003,Rule of Law,Austria,1.847917438
2002,Rule of Law,Austria,1.85791266
2000,Rule of Law,Austria,1.81233263
1998,Rule of Law,Austria,1.803287983
1996,Rule of Law,Austria,1.808153033
2021,Rule of Law,Azerbaijan,-0.584836721
2020,Rule of Law,Azerbaijan,-0.716367126
2019,Rule of Law,Azerbaijan,-0.591070116
2018,Rule of Law,Azerbaijan,-0.603016794
2017,Rule of Law,Azerbaijan,-0.568372667
2016,Rule of Law,Azerbaijan,-0.523486674
2015,Rule of Law,Azerbaijan,-0.699357688
2014,Rule of Law,Azerbaijan,-0.696949005
2013,Rule of Law,Azerbaijan,-0.756104469
2012,Rule of Law,Azerbaijan,-0.879532695
2011,Rule of Law,Azerbaijan,-0.938726485
2010,Rule of Law,Azerbaijan,-0.891145051
2009,Rule of Law,Azerbaijan,-0.879176021
2008,Rule of Law,Azerbaijan,-0.836160481
2007,Rule of Law,Azerbaijan,-0.88002038
2006,Rule of Law,Azerbaijan,-0.885929227
2005,Rule of Law,Azerbaijan,-0.792612433
2004,Rule of Law,Azerbaijan,-0.900518477
2003,Rule of Law,Azerbaijan,-0.884644747
2002,Rule of Law,Azerbaijan,-0.964197218
2000,Rule of Law,Azerbaijan,-1.145636201
1998,Rule of Law,Azerbaijan,-1.121610641
1996,Rule of Law,Azerbaijan,-1.201161504
2021,Rule of Law,Belgium,1.325958967
2020,Rule of Law,Belgium,1.360301852
2019,Rule of Law,Belgium,1.366700649
2018,Rule of Law,Belgium,1.368350506
2017,Rule of Law,Belgium,1.348637819
2016,Rule of Law,Belgium,1.42132771
2015,Rule of Law,Belgium,1.483211756
2014,Rule of Law,Belgium,1.548629999
2013,Rule of Law,Belgium,1.456789732
2012,Rule of Law,Belgium,1.448809624
2011,Rule of Law,Belgium,1.434848905
2010,Rule of Law,Belgium,1.417852521
2009,Rule of Law,Belgium,1.377148151
2008,Rule of Law,Belgium,1.335205793
2007,Rule of Law,Belgium,1.315387249
2006,Rule of Law,Belgium,1.2245996
2005,Rule of Law,Belgium,1.257640839
2004,Rule of Law,Belgium,1.311229825
2003,Rule of Law,Belgium,1.33109653
2002,Rule of Law,Belgium,1.344935656
2000,Rule of Law,Belgium,1.313934088
1998,Rule of Law,Belgium,1.218205571
1996,Rule of Law,Belgium,1.366946697
2021,Rule of Law,Bulgaria,-0.043917593
2020,Rule of Law,Bulgaria,-0.105334796
2019,Rule of Law,Bulgaria,-0.014007625
2018,Rule of Law,Bulgaria,-0.085420907
2017,Rule of Law,Bulgaria,-0.105917312
2016,Rule of Law,Bulgaria,-0.123008624
2015,Rule of Law,Bulgaria,-0.138988808
2014,Rule of Law,Bulgaria,-0.081918642
2013,Rule of Law,Bulgaria,-0.147228062
2012,Rule of Law,Bulgaria,-0.115051359
2011,Rule of Law,Bulgaria,-0.141564161
2010,Rule of Law,Bulgaria,-0.097061358
2009,Rule of Law,Bulgaria,-0.040312354
2008,Rule of Law,Bulgaria,-0.121088021
2007,Rule of Law,Bulgaria,-0.057684425
2006,Rule of Law,Bulgaria,-0.108846173
2005,Rule of Law,Bulgaria,-0.108557619
2004,Rule of Law,Bulgaria,-0.118167765
2003,Rule of Law,Bulgaria,-0.171991765
2002,Rule of Law,Bulgaria,-0.056049991
2000,Rule of Law,Bulgaria,-0.123777077
1998,Rule of Law,Bulgaria,-0.222114488
1996,Rule of Law,Bulgaria,-0.344958007
2021,Rule of Law,Bosnia and Herzegovina,-0.278892189
2020,Rule of Law,Bosnia and Herzegovina,-0.290586531
2019,Rule of Law,Bosnia and Herzegovina,-0.20178242
2018,Rule of Law,Bosnia and Herzegovina,-0.205262765
2017,Rule of Law,Bosnia and Herzegovina,-0.181318119
2016,Rule of Law,Bosnia and Herzegovina,-0.173778623
2015,Rule of Law,Bosnia and Herzegovina,-0.244013503
2014,Rule of Law,Bosnia and Herzegovina,-0.13222298
2013,Rule of Law,Bosnia and Herzegovina,-0.139309406
2012,Rule of Law,Bosnia and Herzegovina,-0.197178289
2011,Rule of Law,Bosnia and Herzegovina,-0.331778318
2010,Rule of Law,Bosnia and Herzegovina,-0.355648875
2009,Rule of Law,Bosnia and Herzegovina,-0.360137552
2008,Rule of Law,Bosnia and Herzegovina,-0.407430083
2007,Rule of Law,Bosnia and Herzegovina,-0.46990642
2006,Rule of Law,Bosnia and Herzegovina,-0.496493608
2005,Rule of Law,Bosnia and Herzegovina,-0.519786179
2004,Rule of Law,Bosnia and Herzegovina,-0.490674227
2003,Rule of Law,Bosnia and Herzegovina,-0.616845548
2002,Rule of Law,Bosnia and Herzegovina,-0.656005681
2000,Rule of Law,Bosnia and Herzegovina,-0.602258623
1998,Rule of Law,Bosnia and Herzegovina,-0.671884239
1996,Rule of Law,Bosnia and Herzegovina,-0.241686642
2021,Rule of Law,Belarus,-1.100141525
2020,Rule of Law,Belarus,-1.053738832
2019,Rule of Law,Belarus,-0.836098075
2018,Rule of Law,Belarus,-0.87663579
2017,Rule of Law,Belarus,-0.86476016
2016,Rule of Law,Belarus,-0.750816524
2015,Rule of Law,Belarus,-0.861530781
2014,Rule of Law,Belarus,-0.815033615
2013,Rule of Law,Belarus,-0.881984413
2012,Rule of Law,Belarus,-0.923038542
2011,Rule of Law,Belarus,-1.112897038
2010,Rule of Law,Belarus,-1.072440624
2009,Rule of Law,Belarus,-1.026430488
2008,Rule of Law,Belarus,-1.068890095
2007,Rule of Law,Belarus,-1.165873528
2006,Rule of Law,Belarus,-1.303660631
2005,Rule of Law,Belarus,-1.155784011
2004,Rule of Law,Belarus,-1.188538194
2003,Rule of Law,Belarus,-1.072918296
2002,Rule of Law,Belarus,-1.250310659
2000,Rule of Law,Belarus,-1.100583553
1998,Rule of Law,Belarus,-0.891576588
1996,Rule of Law,Belarus,-0.798983991
2021,Rule of Law,Switzerland,1.808163881
2020,Rule of Law,Switzerland,1.817349553
2019,Rule of Law,Switzerland,1.898181319
2018,Rule of Law,Switzerland,1.92139852
2017,Rule of Law,Switzerland,1.921151519
2016,Rule of Law,Switzerland,1.937358022
2015,Rule of Law,Switzerland,1.938408136
2014,Rule of Law,Switzerland,1.99034977
2013,Rule of Law,Switzerland,1.796086431
2012,Rule of Law,Switzerland,1.81180203
2011,Rule of Law,Switzerland,1.722141981
2010,Rule of Law,Switzerland,1.74979496
2009,Rule of Law,Switzerland,1.743140936
2008,Rule of Law,Switzerland,1.804707885
2007,Rule of Law,Switzerland,1.827945709
2006,Rule of Law,Switzerland,1.803771615
2005,Rule of Law,Switzerland,1.901669383
2004,Rule of Law,Switzerland,1.886195421
2003,Rule of Law,Switzerland,1.89939785
2002,Rule of Law,Switzerland,1.918213367
2000,Rule of Law,Switzerland,1.94582057
1998,Rule of Law,Switzerland,1.927548409
1996,Rule of Law,Switzerland,1.931551933
2021,Rule of Law,Cyprus,0.63703239
2020,Rule of Law,Cyprus,0.574943423
2019,Rule of Law,Cyprus,0.754275918
2018,Rule of Law,Cyprus,0.746907651
2017,Rule of Law,Cyprus,0.880007565
2016,Rule of Law,Cyprus,0.715118289
2015,Rule of Law,Cyprus,1.035141826
2014,Rule of Law,Cyprus,1.074913144
2013,Rule of Law,Cyprus,1.030020833
2012,Rule of Law,Cyprus,1.093559384
2011,Rule of Law,Cyprus,1.065313101
2010,Rule of Law,Cyprus,1.209607244
2009,Rule of Law,Cyprus,1.206133962
2008,Rule of Law,Cyprus,1.206638575
2007,Rule of Law,Cyprus,1.105589747
2006,Rule of Law,Cyprus,1.09397459
2005,Rule of Law,Cyprus,0.877258122
2004,Rule of Law,Cyprus,0.908674181
2003,Rule of Law,Cyprus,0.938781798
2002,Rule of Law,Cyprus,0.989593506
2000,Rule of Law,Cyprus,1.016058803
1998,Rule of Law,Cyprus,0.945576549
1996,Rule of Law,Cyprus,0.857321024
2021,Rule of Law,Czechia,1.126015306
2020,Rule of Law,Czechia,1.051819682
2019,Rule of Law,Czechia,1.046309829
2018,Rule of Law,Czechia,1.047601342
2017,Rule of Law,Czechia,1.115141869
2016,Rule of Law,Czechia,1.01292634
2015,Rule of Law,Czechia,1.132430196
2014,Rule of Law,Czechia,1.138921142
2013,Rule of Law,Czechia,1.023850799
2012,Rule of Law,Czechia,1.022601604
2011,Rule of Law,Czechia,1.017497182
2010,Rule of Law,Czechia,0.93091917
2009,Rule of Law,Czechia,0.956217825
2008,Rule of Law,Czechia,0.900237203
2007,Rule of Law,Czechia,0.878743947
2006,Rule of Law,Czechia,0.862385094
2005,Rule of Law,Czechia,0.857741058
2004,Rule of Law,Czechia,0.758330762
2003,Rule of Law,Czechia,0.873709798
2002,Rule of Law,Czechia,0.859825134
2000,Rule of Law,Czechia,0.607116282
1998,Rule of Law,Czechia,0.866274714
1996,Rule of Law,Czechia,0.915322721
2021,Rule of Law,Germany,1.608524799
2020,Rule of Law,Germany,1.549539328
2019,Rule of Law,Germany,1.612633109
2018,Rule of Law,Germany,1.622488379
2017,Rule of Law,Germany,1.604281545
2016,Rule of Law,Germany,1.612499833
2015,Rule of Law,Germany,1.78793335
2014,Rule of Law,Germany,1.850373387
2013,Rule of Law,Germany,1.642112851
2012,Rule of Law,Germany,1.669232011
2011,Rule of Law,Germany,1.618219256
2010,Rule of Law,Germany,1.637504697
2009,Rule of Law,Germany,1.648672223
2008,Rule of Law,Germany,1.734026194
2007,Rule of Law,Germany,1.755590677
2006,Rule of Law,Germany,1.770086169
2005,Rule of Law,Germany,1.652198195
2004,Rule of Law,Germany,1.620204449
2003,Rule of Law,Germany,1.637584686
2002,Rule of Law,Germany,1.634389877
2000,Rule of Law,Germany,1.609418869
1998,Rule of Law,Germany,1.621989489
1996,Rule of Law,Germany,1.609529257
2021,Rule of Law,Denmark,1.936437488
2020,Rule of Law,Denmark,1.847981572
2019,Rule of Law,Denmark,1.868053913
2018,Rule of Law,Denmark,1.805854559
2017,Rule of Law,Denmark,1.835787892
2016,Rule of Law,Denmark,1.913999796
2015,Rule of Law,Denmark,2.044954777
2014,Rule of Law,Denmark,2.10087657
2013,Rule of Law,Denmark,1.902293801
2012,Rule of Law,Denmark,1.875066876
2011,Rule of Law,Denmark,1.919791341
2010,Rule of Law,Denmark,1.898441792
2009,Rule of Law,Denmark,1.917127132
2008,Rule of Law,Denmark,1.954056263
2007,Rule of Law,Denmark,1.995170474
2006,Rule of Law,Denmark,1.983498931
2005,Rule of Law,Denmark,1.936109066
2004,Rule of Law,Denmark,1.930523992
2003,Rule of Law,Denmark,1.920511007
2002,Rule of Law,Denmark,1.882340789
2000,Rule of Law,Denmark,1.808733463
1998,Rule of Law,Denmark,1.837266684
1996,Rule of Law,Denmark,1.820808649
2021,Rule of Law,Spain,0.875867248
2020,Rule of Law,Spain,0.894206524
2019,Rule of Law,Spain,1.019376516
2018,Rule of Law,Spain,1.005686164
2017,Rule of Law,Spain,1.0505656
2016,Rule of Law,Spain,0.990012109
2015,Rule of Law,Spain,0.910484672
2014,Rule of Law,Spain,0.966522396
2013,Rule of Law,Spain,1.02529192
2012,Rule of Law,Spain,1.037798285
2011,Rule of Law,Spain,1.1693784
2010,Rule of Law,Spain,1.156788111
2009,Rule of Law,Spain,1.156002283
2008,Rule of Law,Spain,1.183748126
2007,Rule of Law,Spain,1.153809786
2006,Rule of Law,Spain,1.119876862
2005,Rule of Law,Spain,1.117549539
2004,Rule of Law,Spain,1.128972054
2003,Rule of Law,Spain,1.247760773
2002,Rule of Law,Spain,1.228931546
2000,Rule of Law,Spain,1.407501459
1998,Rule of Law,Spain,1.30619204
1996,Rule of Law,Spain,1.435085535
2021,Rule of Law,Estonia,1.427687645
2020,Rule of Law,Estonia,1.37280345
2019,Rule of Law,Estonia,1.274343967
2018,Rule of Law,Estonia,1.232719183
2017,Rule of Law,Estonia,1.276253939
2016,Rule of Law,Estonia,1.218502283
2015,Rule of Law,Estonia,1.326497197
2014,Rule of Law,Estonia,1.369988799
2013,Rule of Law,Estonia,1.191487908
2012,Rule of Law,Estonia,1.150941491
2011,Rule of Law,Estonia,1.175814986
2010,Rule of Law,Estonia,1.153129935
2009,Rule of Law,Estonia,1.124658585
2008,Rule of Law,Estonia,1.155439734
2007,Rule of Law,Estonia,1.122275472
2006,Rule of Law,Estonia,1.129732013
2005,Rule of Law,Estonia,0.903708637
2004,Rule of Law,Estonia,0.883017778
2003,Rule of Law,Estonia,0.770817876
2002,Rule of Law,Estonia,0.791837811
2000,Rule of Law,Estonia,0.594717026
1998,Rule of Law,Estonia,0.592054188
1996,Rule of Law,Estonia,0.574426711
2021,Rule of Law,Finland,2.057868481
2020,Rule of Law,Finland,2.066255569
2019,Rule of Law,Finland,2.048781872
2018,Rule of Law,Finland,2.069103479
2017,Rule of Law,Finland,2.057108641
2016,Rule of Law,Finland,2.039246798
2015,Rule of Law,Finland,2.082546711
2014,Rule of Law,Finland,2.124782085
2013,Rule of Law,Finland,1.955659628
2012,Rule of Law,Finland,1.944033504
2011,Rule of Law,Finland,1.939538002
2010,Rule of Law,Finland,1.961252689
2009,Rule of Law,Finland,1.962568879
2008,Rule of Law,Finland,1.910381198
2007,Rule of Law,Finland,1.89684999
2006,Rule of Law,Finland,1.959513426
2005,Rule of Law,Finland,1.950941563
2004,Rule of Law,Finland,1.939888597
2003,Rule of Law,Finland,1.958634257
2002,Rule of Law,Finland,1.903888941
2000,Rule of Law,Finland,1.953407645
1998,Rule of Law,Finland,1.952075005
1996,Rule of Law,Finland,1.907921553
2021,Rule of Law,France,1.289128065
2020,Rule of Law,France,1.320556998
2019,Rule of Law,France,1.400214791
2018,Rule of Law,France,1.425901532
2017,Rule of Law,France,1.426319361
2016,Rule of Law,France,1.378255963
2015,Rule of Law,France,1.393072963
2014,Rule of Law,France,1.453593969
2013,Rule of Law,France,1.40233779
2012,Rule of Law,France,1.436932445
2011,Rule of Law,France,1.429734826
2010,Rule of Law,France,1.499731541
2009,Rule of Law,France,1.445757031
2008,Rule of Law,France,1.496273756
2007,Rule of Law,France,1.456374407
2006,Rule of Law,France,1.462172866
2005,Rule of Law,France,1.407830477
2004,Rule of Law,France,1.425192833
2003,Rule of Law,France,1.333288908
2002,Rule of Law,France,1.212872624
2000,Rule of Law,France,1.432307482
1998,Rule of Law,France,1.364515781
1996,Rule of Law,France,1.483683348
2021,Rule of Law,Georgia,0.170995161
2020,Rule of Law,Georgia,0.243921533
2019,Rule of Law,Georgia,0.272518426
2018,Rule of Law,Georgia,0.293164283
2017,Rule of Law,Georgia,0.284468681
2016,Rule of Law,Georgia,0.357220918
2015,Rule of Law,Georgia,0.242611408
2014,Rule of Law,Georgia,0.224652022
2013,Rule of Law,Georgia,0.00495237
2012,Rule of Law,Georgia,-0.006217348
2011,Rule of Law,Georgia,-0.119617037
2010,Rule of Law,Georgia,-0.20598498
2009,Rule of Law,Georgia,-0.199315324
2008,Rule of Law,Georgia,-0.26294446
2007,Rule of Law,Georgia,-0.344459146
2006,Rule of Law,Georgia,-0.461667329
2005,Rule of Law,Georgia,-0.695962608
2004,Rule of Law,Georgia,-0.749769986
2003,Rule of Law,Georgia,-0.912254095
2002,Rule of Law,Georgia,-1.084056258
2000,Rule of Law,Georgia,-0.938497543
1998,Rule of Law,Georgia,-1.218148708
1996,Rule of Law,Georgia,-1.25632596
2021,Rule of Law,Greece,0.349768281
2020,Rule of Law,Greece,0.315227628
2019,Rule of Law,Greece,0.179606944
2018,Rule of Law,Greece,0.13433288
2017,Rule of Law,Greece,0.069513485
2016,Rule of Law,Greece,0.131060317
2015,Rule of Law,Greece,0.273951471
2014,Rule of Law,Greece,0.373847544
2013,Rule of Law,Greece,0.467147976
2012,Rule of Law,Greece,0.388231575
2011,Rule of Law,Greece,0.533327162
2010,Rule of Law,Greece,0.583895683
2009,Rule of Law,Greece,0.646844327
2008,Rule of Law,Greece,0.853603005
2007,Rule of Law,Greece,0.859287739
2006,Rule of Law,Greece,0.863401473
2005,Rule of Law,Greece,0.784953773
2004,Rule of Law,Greece,0.899134219
2003,Rule of Law,Greece,0.789709985
2002,Rule of Law,Greece,0.723845243
2000,Rule of Law,Greece,0.861044526
1998,Rule of Law,Greece,0.77567035
1996,Rule of Law,Greece,1.05352366
2021,Rule of Law,Croatia,0.302556723
2020,Rule of Law,Croatia,0.258851081
2019,Rule of Law,Croatia,0.372456163
2018,Rule of Law,Croatia,0.324368089
2017,Rule of Law,Croatia,0.330558956
2016,Rule of Law,Croatia,0.361451805
2015,Rule of Law,Croatia,0.149195537
2014,Rule of Law,Croatia,0.218247041
2013,Rule of Law,Croatia,0.178020224
2012,Rule of Law,Croatia,0.145079002
2011,Rule of Law,Croatia,0.109395981
2010,Rule of Law,Croatia,0.080469035
2009,Rule of Law,Croatia,0.043875948
2008,Rule of Law,Croatia,0.025006728
2007,Rule of Law,Croatia,0.038477756
2006,Rule of Law,Croatia,-0.048246041
2005,Rule of Law,Croatia,0.083347566
2004,Rule of Law,Croatia,0.041216489
2003,Rule of Law,Croatia,-0.045993946
2002,Rule of Law,Croatia,-0.144792929
2000,Rule of Law,Croatia,-0.029868536
1998,Rule of Law,Croatia,-0.406373352
1996,Rule of Law,Croatia,-0.634232163
2021,Rule of Law,Hungary,0.530844033
2020,Rule of Law,Hungary,0.508961439
2019,Rule of Law,Hungary,0.521550834
2018,Rule of Law,Hungary,0.578445971
2017,Rule of Law,Hungary,0.559209228
2016,Rule of Law,Hungary,0.433609247
2015,Rule of Law,Hungary,0.404038519
2014,Rule of Law,Hungary,0.509287119
2013,Rule of Law,Hungary,0.582987368
2012,Rule of Law,Hungary,0.611102879
2011,Rule of Law,Hungary,0.756602585
2010,Rule of Law,Hungary,0.772669375
2009,Rule of Law,Hungary,0.771155953
2008,Rule of Law,Hungary,0.913386524
2007,Rule of Law,Hungary,0.941449285
2006,Rule of Law,Hungary,0.976617098
2005,Rule of Law,Hungary,0.838809192
2004,Rule of Law,Hungary,0.846134841
2003,Rule of Law,Hungary,0.805350184
2002,Rule of Law,Hungary,0.868621826
2000,Rule of Law,Hungary,0.832505941
1998,Rule of Law,Hungary,0.813627005
1996,Rule of Law,Hungary,0.910500646
2021,Rule of Law,Ireland,1.530410647
2020,Rule of Law,Ireland,1.490071774
2019,Rule of Law,Ireland,1.376060009
2018,Rule of Law,Ireland,1.441850185
2017,Rule of Law,Ireland,1.408761501
2016,Rule of Law,Ireland,1.493318439
2015,Rule of Law,Ireland,1.756133199
2014,Rule of Law,Ireland,1.760694742
2013,Rule of Law,Ireland,1.70915544
2012,Rule of Law,Ireland,1.727203608
2011,Rule of Law,Ireland,1.746468544
2010,Rule of Law,Ireland,1.760813236
2009,Rule of Law,Ireland,1.743099332
2008,Rule of Law,Ireland,1.704128385
2007,Rule of Law,Ireland,1.728221416
2006,Rule of Law,Ireland,1.708898306
2005,Rule of Law,Ireland,1.584284186
2004,Rule of Law,Ireland,1.510679841
2003,Rule of Law,Ireland,1.482466817
2002,Rule of Law,Ireland,1.59532547
2000,Rule of Law,Ireland,1.539682627
1998,Rule of Law,Ireland,1.591489792
1996,Rule of Law,Ireland,1.501040101
2021,Rule of Law,Iceland,1.754704237
2020,Rule of Law,Iceland,1.788674116
2019,Rule of Law,Iceland,1.758809209
2018,Rule of Law,Iceland,1.710496902
2017,Rule of Law,Iceland,1.600388169
2016,Rule of Law,Iceland,1.510742784
2015,Rule of Law,Iceland,1.661176801
2014,Rule of Law,Iceland,1.704725385
2013,Rule of Law,Iceland,1.653921008
2012,Rule of Law,Iceland,1.67797339
2011,Rule of Law,Iceland,1.688566923
2010,Rule of Law,Iceland,1.706615806
2009,Rule of Law,Iceland,1.706915379
2008,Rule of Law,Iceland,1.853190541
2007,Rule of Law,Iceland,1.827796102
2006,Rule of Law,Iceland,1.88209331
2005,Rule of Law,Iceland,1.939324021
2004,Rule of Law,Iceland,1.906124234
2003,Rule of Law,Iceland,1.918754578
2002,Rule of Law,Iceland,1.859159708
2000,Rule of Law,Iceland,1.796794534
1998,Rule of Law,Iceland,1.659660578
1996,Rule of Law,Iceland,1.60150218
2021,Rule of Law,Italy,0.269486398
2020,Rule of Law,Italy,0.235660911
2019,Rule of Law,Italy,0.29878071
2018,Rule of Law,Italy,0.26352194
2017,Rule of Law,Italy,0.342450708
2016,Rule of Law,Italy,0.388858467
2015,Rule of Law,Italy,0.311166555
2014,Rule of Law,Italy,0.422377765
2013,Rule of Law,Italy,0.436367184
2012,Rule of Law,Italy,0.425940156
2011,Rule of Law,Italy,0.483442843
2010,Rule of Law,Italy,0.454773188
2009,Rule of Law,Italy,0.399145484
2008,Rule of Law,Italy,0.447921455
2007,Rule of Law,Italy,0.467548192
2006,Rule of Law,Italy,0.379006386
2005,Rule of Law,Italy,0.509243011
2004,Rule of Law,Italy,0.590003908
2003,Rule of Law,Italy,0.688429892
2002,Rule of Law,Italy,0.740141988
2000,Rule of Law,Italy,0.838105559
1998,Rule of Law,Italy,0.801862299
1996,Rule of Law,Italy,1.056424022
2021,Rule of Law,Казахстан,-0.487137586
2020,Rule of Law,Казахстан,-0.443739504
2019,Rule of Law,Казахстан,-0.490241528
2018,Rule of Law,Казахстан,-0.485649407
2017,Rule of Law,Казахстан,-0.470122039
2016,Rule of Law,Казахстан,-0.497540891
2015,Rule of Law,Казахстан,-0.497048259
2014,Rule of Law,Казахстан,-0.609330893
2013,Rule of Law,Казахстан,-0.716203809
2012,Rule of Law,Казахстан,-0.772899032
2011,Rule of Law,Казахстан,-0.641633809
2010,Rule of Law,Казахстан,-0.695639729
2009,Rule of Law,Казахстан,-0.723441064
2008,Rule of Law,Казахстан,-0.926385999
2007,Rule of Law,Казахстан,-1.031902909
2006,Rule of Law,Казахстан,-1.102119327
2005,Rule of Law,Казахстан,-0.953236163
2004,Rule of Law,Казахстан,-1.126467347
2003,Rule of Law,Казахстан,-1.096897006
2002,Rule of Law,Казахстан,-1.202426076
2000,Rule of Law,Казахстан,-1.150914669
1998,Rule of Law,Казахстан,-1.113345981
1996,Rule of Law,Казахстан,-1.186537743
2021,Rule of Law,Кыргызстан,-1.073576093
2020,Rule of Law,Кыргызстан,-0.935322285
2019,Rule of Law,Кыргызстан,-0.895066559
2018,Rule of Law,Кыргызстан,-0.916139066
2017,Rule of Law,Кыргызстан,-0.933625519
2016,Rule of Law,Кыргызстан,-1.035013199
2015,Rule of Law,Кыргызстан,-1.007027745
2014,Rule of Law,Кыргызстан,-0.935829699
2013,Rule of Law,Кыргызстан,-1.114896059
2012,Rule of Law,Кыргызстан,-1.13484776
2011,Rule of Law,Кыргызстан,-1.196112633
2010,Rule of Law,Кыргызстан,-1.269457459
2009,Rule of Law,Кыргызстан,-1.329753757
2008,Rule of Law,Кыргызстан,-1.382913947
2007,Rule of Law,Кыргызстан,-1.321947098
2006,Rule of Law,Кыргызстан,-1.317292809
2005,Rule of Law,Кыргызстан,-1.123240829
2004,Rule of Law,Кыргызстан,-0.793166995
2003,Rule of Law,Кыргызстан,-0.760160029
2002,Rule of Law,Кыргызстан,-0.853914261
2000,Rule of Law,Кыргызстан,-0.906720698
1998,Rule of Law,Кыргызстан,-0.795788229
1996,Rule of Law,Кыргызстан,-0.725473285
2021,Rule of Law,Lithuania,1.109867454
2020,Rule of Law,Lithuania,0.985400498
2019,Rule of Law,Lithuania,1.016596913
2018,Rule of Law,Lithuania,0.950238943
2017,Rule of Law,Lithuania,0.987522304
2016,Rule of Law,Lithuania,1.022138238
2015,Rule of Law,Lithuania,1.003348947
2014,Rule of Law,Lithuania,0.937443316
2013,Rule of Law,Lithuania,0.829977274
2012,Rule of Law,Lithuania,0.844753981
2011,Rule of Law,Lithuania,0.76803118
2010,Rule of Law,Lithuania,0.77632606
2009,Rule of Law,Lithuania,0.722068608
2008,Rule of Law,Lithuania,0.684017599
2007,Rule of Law,Lithuania,0.685900152
2006,Rule of Law,Lithuania,0.706575036
2005,Rule of Law,Lithuania,0.577139497
2004,Rule of Law,Lithuania,0.560759306
2003,Rule of Law,Lithuania,0.485247016
2002,Rule of Law,Lithuania,0.397895068
2000,Rule of Law,Lithuania,0.218402535
1998,Rule of Law,Lithuania,0.552288771
1996,Rule of Law,Lithuania,0.449879706
2021,Rule of Law,Luxembourg,1.786879659
2020,Rule of Law,Luxembourg,1.782572985
2019,Rule of Law,Luxembourg,1.785245538
2018,Rule of Law,Luxembourg,1.801395774
2017,Rule of Law,Luxembourg,1.731298923
2016,Rule of Law,Luxembourg,1.750776649
2015,Rule of Law,Luxembourg,1.868038893
2014,Rule of Law,Luxembourg,1.902147532
2013,Rule of Law,Luxembourg,1.807661772
2012,Rule of Law,Luxembourg,1.791685104
2011,Rule of Law,Luxembourg,1.823530078
2010,Rule of Law,Luxembourg,1.844100356
2009,Rule of Law,Luxembourg,1.819683671
2008,Rule of Law,Luxembourg,1.78934145
2007,Rule of Law,Luxembourg,1.747909904
2006,Rule of Law,Luxembourg,1.686774373
2005,Rule of Law,Luxembourg,1.818800569
2004,Rule of Law,Luxembourg,1.844977856
2003,Rule of Law,Luxembourg,1.827028513
2002,Rule of Law,Luxembourg,1.870569706
2000,Rule of Law,Luxembourg,1.815313816
1998,Rule of Law,Luxembourg,1.763727546
1996,Rule of Law,Luxembourg,1.709999084
2021,Rule of Law,Latvia,0.981282294
2020,Rule of Law,Latvia,0.949904144
2019,Rule of Law,Latvia,1.007672429
2018,Rule of Law,Latvia,0.949865222
2017,Rule of Law,Latvia,0.926356196
2016,Rule of Law,Latvia,0.95198983
2015,Rule of Law,Latvia,0.790362477
2014,Rule of Law,Latvia,0.870828807
2013,Rule of Law,Latvia,0.762004912
2012,Rule of Law,Latvia,0.779922068
2011,Rule of Law,Latvia,0.74016881
2010,Rule of Law,Latvia,0.75860405
2009,Rule of Law,Latvia,0.789916635
2008,Rule of Law,Latvia,0.777326226
2007,Rule of Law,Latvia,0.715804815
2006,Rule of Law,Latvia,0.61689353
2005,Rule of Law,Latvia,0.565877914
2004,Rule of Law,Latvia,0.538846016
2003,Rule of Law,Latvia,0.58185941
2002,Rule of Law,Latvia,0.310219884
2000,Rule of Law,Latvia,0.14890109
1998,Rule of Law,Latvia,0.236508295
1996,Rule of Law,Latvia,0.133667782
2021,Rule of Law,Moldova,-0.331918448
2020,Rule of Law,Moldova,-0.467885017
2019,Rule of Law,Moldova,-0.427145123
2018,Rule of Law,Moldova,-0.418074727
2017,Rule of Law,Moldova,-0.418779314
2016,Rule of Law,Moldova,-0.498135626
2015,Rule of Law,Moldova,-0.358620942
2014,Rule of Law,Moldova,-0.244262472
2013,Rule of Law,Moldova,-0.36957255
2012,Rule of Law,Moldova,-0.323007405
2011,Rule of Law,Moldova,-0.327680469
2010,Rule of Law,Moldova,-0.35761109
2009,Rule of Law,Moldova,-0.434595019
2008,Rule of Law,Moldova,-0.424041241
2007,Rule of Law,Moldova,-0.506612957
2006,Rule of Law,Moldova,-0.517649949
2005,Rule of Law,Moldova,-0.351528734
2004,Rule of Law,Moldova,-0.36706993
2003,Rule of Law,Moldova,-0.539445102
2002,Rule of Law,Moldova,-0.626159787
2000,Rule of Law,Moldova,-0.468696684
1998,Rule of Law,Moldova,-0.063543558
1996,Rule of Law,Moldova,-0.121130094
2021,Rule of Law,North Macedonia,-0.075887896
2020,Rule of Law,North Macedonia,-0.082664944
2019,Rule of Law,North Macedonia,-0.282343388
2018,Rule of Law,North Macedonia,-0.287450105
2017,Rule of Law,North Macedonia,-0.289568126
2016,Rule of Law,North Macedonia,-0.325061351
2015,Rule of Law,North Macedonia,-0.216180369
2014,Rule of Law,North Macedonia,-0.055596132
2013,Rule of Law,North Macedonia,-0.230700821
2012,Rule of Law,North Macedonia,-0.251570195
2011,Rule of Law,North Macedonia,-0.269508898
2010,Rule of Law,North Macedonia,-0.302208334
2009,Rule of Law,North Macedonia,-0.291893154
2008,Rule of Law,North Macedonia,-0.320377529
2007,Rule of Law,North Macedonia,-0.421303213
2006,Rule of Law,North Macedonia,-0.537630379
2005,Rule of Law,North Macedonia,-0.297171354
2004,Rule of Law,North Macedonia,-0.192752615
2003,Rule of Law,North Macedonia,-0.50677222
2002,Rule of Law,North Macedonia,-0.576304018
2000,Rule of Law,North Macedonia,-0.596572578
1998,Rule of Law,North Macedonia,-0.331668794
1996,Rule of Law,North Macedonia,-0.307622254
2021,Rule of Law,Malta,0.864450693
2020,Rule of Law,Malta,0.909834623
2019,Rule of Law,Malta,0.946133077
2018,Rule of Law,Malta,1.046584249
2017,Rule of Law,Malta,1.138231635
2016,Rule of Law,Malta,0.990640938
2015,Rule of Law,Malta,1.130605817
2014,Rule of Law,Malta,1.191220164
2013,Rule of Law,Malta,1.325734019
2012,Rule of Law,Malta,1.338508248
2011,Rule of Law,Malta,1.27858007
2010,Rule of Law,Malta,1.410112262
2009,Rule of Law,Malta,1.473655939
2008,Rule of Law,Malta,1.613659978
2007,Rule of Law,Malta,1.612925768
2006,Rule of Law,Malta,1.555626631
2005,Rule of Law,Malta,1.415869355
2004,Rule of Law,Malta,1.313317418
2003,Rule of Law,Malta,1.539959669
2002,Rule of Law,Malta,1.474942684
2000,Rule of Law,Malta,1.364152908
1998,Rule of Law,Malta,1.26121223
1996,Rule of Law,Malta,1.053969502
2021,Rule of Law,Montenegro,-0.059087977
2020,Rule of Law,Montenegro,-0.01262544
2019,Rule of Law,Montenegro,0.017466683
2018,Rule of Law,Montenegro,0.024428867
2017,Rule of Law,Montenegro,-0.089833975
2016,Rule of Law,Montenegro,-0.115197971
2015,Rule of Law,Montenegro,-0.023508191
2014,Rule of Law,Montenegro,0.014262914
2013,Rule of Law,Montenegro,-0.034214381
2012,Rule of Law,Montenegro,-0.058480583
2011,Rule of Law,Montenegro,-0.058861792
2010,Rule of Law,Montenegro,-0.063613631
2009,Rule of Law,Montenegro,-0.016553286
2008,Rule of Law,Montenegro,-0.088904634
2007,Rule of Law,Montenegro,-0.194273695
2006,Rule of Law,Montenegro,-0.212690175
2005,Rule of Law,Montenegro,-0.138817459
2004,Rule of Law,Montenegro,-0.215662122
2003,Rule of Law,Montenegro,-0.175401419
2002,Rule of Law,Montenegro,0.274070203
2000,Rule of Law,Montenegro,0.316736132
1998,Rule of Law,Montenegro,-0.79322499
2021,Rule of Law,Netherlands,1.739347577
2020,Rule of Law,Netherlands,1.748748064
2019,Rule of Law,Netherlands,1.769281983
2018,Rule of Law,Netherlands,1.777302384
2017,Rule of Law,Netherlands,1.790003061
2016,Rule of Law,Netherlands,1.876885533
2015,Rule of Law,Netherlands,1.936329961
2014,Rule of Law,Netherlands,1.973513007
2013,Rule of Law,Netherlands,1.825339913
2012,Rule of Law,Netherlands,1.852681756
2011,Rule of Law,Netherlands,1.812573433
2010,Rule of Law,Netherlands,1.811732054
2009,Rule of Law,Netherlands,1.807020068
2008,Rule of Law,Netherlands,1.74962914
2007,Rule of Law,Netherlands,1.769875288
2006,Rule of Law,Netherlands,1.769746184
2005,Rule of Law,Netherlands,1.752622843
2004,Rule of Law,Netherlands,1.738020301
2003,Rule of Law,Netherlands,1.709473133
2002,Rule of Law,Netherlands,1.707259417
2000,Rule of Law,Netherlands,1.74453032
1998,Rule of Law,Netherlands,1.742527723
1996,Rule of Law,Netherlands,1.695256948
2021,Rule of Law,Norway,1.949851394
2020,Rule of Law,Norway,1.972491264
2019,Rule of Law,Norway,1.976261616
2018,Rule of Law,Norway,1.955711484
2017,Rule of Law,Norway,2.013377428
2016,Rule of Law,Norway,2.025863886
2015,Rule of Law,Norway,2.004235983
2014,Rule of Law,Norway,2.024377823
2013,Rule of Law,Norway,1.970936894
2012,Rule of Law,Norway,1.951031089
2011,Rule of Law,Norway,1.864178061
2010,Rule of Law,Norway,1.88987577
2009,Rule of Law,Norway,1.873499155
2008,Rule of Law,Norway,1.95778656
2007,Rule of Law,Norway,1.928292036
2006,Rule of Law,Norway,1.965772152
2005,Rule of Law,Norway,1.912481785
2004,Rule of Law,Norway,1.9619627
2003,Rule of Law,Norway,1.881104231
2002,Rule of Law,Norway,1.848752975
2000,Rule of Law,Norway,1.830875516
1998,Rule of Law,Norway,1.949824214
1996,Rule of Law,Norway,1.923315287
2021,Rule of Law,Poland,0.444528878
2020,Rule of Law,Poland,0.529685378
2019,Rule of Law,Poland,0.412422895
2018,Rule of Law,Poland,0.399455518
2017,Rule of Law,Poland,0.422392815
2016,Rule of Law,Poland,0.615949392
2015,Rule of Law,Poland,0.827783585
2014,Rule of Law,Poland,0.871664524
2013,Rule of Law,Poland,0.839548349
2012,Rule of Law,Poland,0.817868531
2011,Rule of Law,Poland,0.794908702
2010,Rule of Law,Poland,0.712359011
2009,Rule of Law,Poland,0.645846784
2008,Rule of Law,Poland,0.550622165
2007,Rule of Law,Poland,0.40907228
2006,Rule of Law,Poland,0.382761627
2005,Rule of Law,Poland,0.470091373
2004,Rule of Law,Poland,0.416306943
2003,Rule of Law,Poland,0.510291219
2002,Rule of Law,Poland,0.670436203
2000,Rule of Law,Poland,0.633313119
1998,Rule of Law,Poland,0.798767924
1996,Rule of Law,Poland,0.767495036
2021,Rule of Law,Portugal,1.133409142
2020,Rule of Law,Portugal,1.177211642
2019,Rule of Law,Portugal,1.131764054
2018,Rule of Law,Portugal,1.135092974
2017,Rule of Law,Portugal,1.129573941
2016,Rule of Law,Portugal,1.067449689
2015,Rule of Law,Portugal,1.126800776
2014,Rule of Law,Portugal,1.119520068
2013,Rule of Law,Portugal,1.038563251
2012,Rule of Law,Portugal,1.036111951
2011,Rule of Law,Portugal,0.996393919
2010,Rule of Law,Portugal,1.025784135
2009,Rule of Law,Portugal,1.058413267
2008,Rule of Law,Portugal,1.011244416
2007,Rule of Law,Portugal,1.003112078
2006,Rule of Law,Portugal,0.97526747
2005,Rule of Law,Portugal,1.224315524
2004,Rule of Law,Portugal,1.233051419
2003,Rule of Law,Portugal,1.276252508
2002,Rule of Law,Portugal,1.307514071
2000,Rule of Law,Portugal,1.200192928
1998,Rule of Law,Portugal,1.242640018
1996,Rule of Law,Portugal,1.286294818
2021,Rule of Law,Romania,0.407664686
2020,Rule of Law,Romania,0.392174125
2019,Rule of Law,Romania,0.440403879
2018,Rule of Law,Romania,0.390408784
2017,Rule of Law,Romania,0.458801478
2016,Rule of Law,Romania,0.474753588
2015,Rule of Law,Romania,0.226327732
2014,Rule of Law,Romania,0.242191851
2013,Rule of Law,Romania,0.190192178
2012,Rule of Law,Romania,0.092900537
2011,Rule of Law,Romania,0.104707606
2010,Rule of Law,Romania,0.106409565
2009,Rule of Law,Romania,0.053940374
2008,Rule of Law,Romania,-0.01557025
2007,Rule of Law,Romania,-0.105703734
2006,Rule of Law,Romania,-0.134708419
2005,Rule of Law,Romania,-0.154217437
2004,Rule of Law,Romania,-0.186782703
2003,Rule of Law,Romania,-0.210054368
2002,Rule of Law,Romania,-0.265604585
2000,Rule of Law,Romania,-0.181834966
1998,Rule of Law,Romania,-0.110562637
1996,Rule of Law,Romania,-0.021942498
2021,Rule of Law,Serbia,-0.091587141
2020,Rule of Law,Serbia,-0.100547984
2019,Rule of Law,Serbia,-0.122518986
2018,Rule of Law,Serbia,-0.150462106
2017,Rule of Law,Serbia,-0.16061911
2016,Rule of Law,Serbia,-0.109247245
2015,Rule of Law,Serbia,-0.055103466
2014,Rule of Law,Serbia,-0.094555423
2013,Rule of Law,Serbia,-0.298619896
2012,Rule of Law,Serbia,-0.332835764
2011,Rule of Law,Serbia,-0.325049341
2010,Rule of Law,Serbia,-0.430014491
2009,Rule of Law,Serbia,-0.474458635
2008,Rule of Law,Serbia,-0.491749674
2007,Rule of Law,Serbia,-0.464271188
2006,Rule of Law,Serbia,-0.536948502
2005,Rule of Law,Serbia,-0.948700786
2004,Rule of Law,Serbia,-0.738363147
2003,Rule of Law,Serbia,-0.904821992
2002,Rule of Law,Serbia,-0.903619349
2000,Rule of Law,Serbia,-1.277987123
1998,Rule of Law,Serbia,-1.264376521
1996,Rule of Law,Serbia,-1.262493134
2021,Rule of Law,Slovak Republic,0.705730617
2020,Rule of Law,Slovak Republic,0.673871577
2019,Rule of Law,Slovak Republic,0.523336887
2018,Rule of Law,Slovak Republic,0.496163189
2017,Rule of Law,Slovak Republic,0.535937786
2016,Rule of Law,Slovak Republic,0.619358361
2015,Rule of Law,Slovak Republic,0.489146829
2014,Rule of Law,Slovak Republic,0.485101789
2013,Rule of Law,Slovak Republic,0.463612854
2012,Rule of Law,Slovak Republic,0.485911757
2011,Rule of Law,Slovak Republic,0.597754776
2010,Rule of Law,Slovak Republic,0.563034415
2009,Rule of Law,Slovak Republic,0.534014344
2008,Rule of Law,Slovak Republic,0.527956009
2007,Rule of Law,Slovak Republic,0.428628772
2006,Rule of Law,Slovak Republic,0.488393605
2005,Rule of Law,Slovak Republic,0.490570605
2004,Rule of Law,Slovak Republic,0.464085937
2003,Rule of Law,Slovak Republic,0.33178857
2002,Rule of Law,Slovak Republic,0.285690129
2000,Rule of Law,Slovak Republic,0.299946576
1998,Rule of Law,Slovak Republic,0.168831423
1996,Rule of Law,Slovak Republic,0.159563527
2021,Rule of Law,Slovenia,1.029999971
2020,Rule of Law,Slovenia,1.060341001
2019,Rule of Law,Slovenia,1.111910462
2018,Rule of Law,Slovenia,1.051102996
2017,Rule of Law,Slovenia,1.018284082
2016,Rule of Law,Slovenia,1.075280309
2015,Rule of Law,Slovenia,0.96994549
2014,Rule of Law,Slovenia,0.999612212
2013,Rule of Law,Slovenia,0.994327009
2012,Rule of Law,Slovenia,1.009067059
2011,Rule of Law,Slovenia,1.0452075
2010,Rule of Law,Slovenia,1.001982331
2009,Rule of Law,Slovenia,1.0689044
2008,Rule of Law,Slovenia,1.007849693
2007,Rule of Law,Slovenia,0.945623457
2006,Rule of Law,Slovenia,0.89984107
2005,Rule of Law,Slovenia,0.883541584
2004,Rule of Law,Slovenia,0.913738012
2003,Rule of Law,Slovenia,0.849399567
2002,Rule of Law,Slovenia,0.883090198
2000,Rule of Law,Slovenia,0.967030942
1998,Rule of Law,Slovenia,1.177163124
1996,Rule of Law,Slovenia,1.068722963
2021,Rule of Law,Sweden,1.733830452
2020,Rule of Law,Sweden,1.797250509
2019,Rule of Law,Sweden,1.823913097
2018,Rule of Law,Sweden,1.816554189
2017,Rule of Law,Sweden,1.850313783
2016,Rule of Law,Sweden,1.982941985
2015,Rule of Law,Sweden,2.019405603
2014,Rule of Law,Sweden,1.9751724
2013,Rule of Law,Sweden,1.950551629
2012,Rule of Law,Sweden,1.928277612
2011,Rule of Law,Sweden,1.91803658
2010,Rule of Law,Sweden,1.930308819
2009,Rule of Law,Sweden,1.958281636
2008,Rule of Law,Sweden,1.91915679
2007,Rule of Law,Sweden,1.891827822
2006,Rule of Law,Sweden,1.851176381
2005,Rule of Law,Sweden,1.797751307
2004,Rule of Law,Sweden,1.872562289
2003,Rule of Law,Sweden,1.886711001
2002,Rule of Law,Sweden,1.842468262
2000,Rule of Law,Sweden,1.800186872
1998,Rule of Law,Sweden,1.751435757
1996,Rule of Law,Sweden,1.795861244
2021,Rule of Law,Таджикистан,-1.185183287
2020,Rule of Law,Таджикистан,-1.225547194
2019,Rule of Law,Таджикистан,-1.237105608
2018,Rule of Law,Таджикистан,-1.293003559
2017,Rule of Law,Таджикистан,-1.365241289
2016,Rule of Law,Таджикистан,-1.156920433
2015,Rule of Law,Таджикистан,-1.062076569
2014,Rule of Law,Таджикистан,-1.011778951
2013,Rule of Law,Таджикистан,-1.263131618
2012,Rule of Law,Таджикистан,-1.207619905
2011,Rule of Law,Таджикистан,-1.232399344
2010,Rule of Law,Таджикистан,-1.212895751
2009,Rule of Law,Таджикистан,-1.272465706
2008,Rule of Law,Таджикистан,-1.295549631
2007,Rule of Law,Таджикистан,-1.296047091
2006,Rule of Law,Таджикистан,-1.182174087
2005,Rule of Law,Таджикистан,-1.100242376
2004,Rule of Law,Таджикистан,-1.183137178
2003,Rule of Law,Таджикистан,-1.066578031
2002,Rule of Law,Таджикистан,-1.083540678
2000,Rule of Law,Таджикистан,-1.381689906
1998,Rule of Law,Таджикистан,-1.533623457
1996,Rule of Law,Таджикистан,-1.648157358
2021,Rule of Law,Туркменистан,-1.441948295
2020,Rule of Law,Туркменистан,-1.382501245
2019,Rule of Law,Туркменистан,-1.394934177
2018,Rule of Law,Туркменистан,-1.452797055
2017,Rule of Law,Туркменистан,-1.469330549
2016,Rule of Law,Туркменистан,-1.478566647
2015,Rule of Law,Туркменистан,-1.404028058
2014,Rule of Law,Туркменистан,-1.344346046
2013,Rule of Law,Туркменистан,-1.361538053
2012,Rule of Law,Туркменистан,-1.380708814
2011,Rule of Law,Туркменистан,-1.433294535
2010,Rule of Law,Туркменистан,-1.473316193
2009,Rule of Law,Туркменистан,-1.453704476
2008,Rule of Law,Туркменистан,-1.459977388
2007,Rule of Law,Туркменистан,-1.565951347
2006,Rule of Law,Туркменистан,-1.641041875
2005,Rule of Law,Туркменистан,-1.611423492
2004,Rule of Law,Туркменистан,-1.628067613
2003,Rule of Law,Туркменистан,-1.318964601
2002,Rule of Law,Туркменистан,-1.423979998
2000,Rule of Law,Туркменистан,-1.369858265
1998,Rule of Law,Туркменистан,-1.410501361
1996,Rule of Law,Туркменистан,-1.487391114
2021,Rule of Law,Türkiye,-0.416483223
2020,Rule of Law,Türkiye,-0.408490777
2019,Rule of Law,Türkiye,-0.330669433
2018,Rule of Law,Türkiye,-0.37299633
2017,Rule of Law,Türkiye,-0.300738305
2016,Rule of Law,Türkiye,-0.326979637
2015,Rule of Law,Türkiye,-0.212900102
2014,Rule of Law,Türkiye,-0.075808413
2013,Rule of Law,Türkiye,-0.004461078
2012,Rule of Law,Türkiye,-0.036608554
2011,Rule of Law,Türkiye,0.015457718
2010,Rule of Law,Türkiye,0.049980123
2009,Rule of Law,Türkiye,0.04890855
2008,Rule of Law,Türkiye,0.022844687
2007,Rule of Law,Türkiye,-0.035805915
2006,Rule of Law,Türkiye,-0.003374322
2005,Rule of Law,Türkiye,0.117468551
2004,Rule of Law,Türkiye,0.084699281
2003,Rule of Law,Türkiye,0.103039585
2002,Rule of Law,Türkiye,-0.082183205
2000,Rule of Law,Türkiye,-0.070946209
1998,Rule of Law,Türkiye,-0.099510565
1996,Rule of Law,Türkiye,-0.13879478
2021,Rule of Law,Ukraine,-0.659907997
2020,Rule of Law,Ukraine,-0.690148473
2019,Rule of Law,Ukraine,-0.724594474
2018,Rule of Law,Ukraine,-0.743864179
2017,Rule of Law,Ukraine,-0.739619017
2016,Rule of Law,Ukraine,-0.802492976
2015,Rule of Law,Ukraine,-0.855242252
2014,Rule of Law,Ukraine,-0.829405069
2013,Rule of Law,Ukraine,-0.844641566
2012,Rule of Law,Ukraine,-0.817339003
2011,Rule of Law,Ukraine,-0.851141274
2010,Rule of Law,Ukraine,-0.844159186
2009,Rule of Law,Ukraine,-0.786728382
2008,Rule of Law,Ukraine,-0.703015566
2007,Rule of Law,Ukraine,-0.746359885
2006,Rule of Law,Ukraine,-0.821370304
2005,Rule of Law,Ukraine,-0.804544687
2004,Rule of Law,Ukraine,-0.775088072
2003,Rule of Law,Ukraine,-0.823217571
2002,Rule of Law,Ukraine,-0.843995512
2000,Rule of Law,Ukraine,-1.093720078
1998,Rule of Law,Ukraine,-0.982280314
1996,Rule of Law,Ukraine,-0.823546648
2021,Rule of Law,Узбекистан,-0.886045158
2020,Rule of Law,Узбекистан,-1.077237129
2019,Rule of Law,Узбекистан,-1.060045958
2018,Rule of Law,Узбекистан,-1.086158276
2017,Rule of Law,Узбекистан,-1.120315433
2016,Rule of Law,Узбекистан,-1.12107563
2015,Rule of Law,Узбекистан,-1.133775353
2014,Rule of Law,Узбекистан,-1.134198904
2013,Rule of Law,Узбекистан,-1.235225201
2012,Rule of Law,Узбекистан,-1.299275875
2011,Rule of Law,Узбекистан,-1.452401876
2010,Rule of Law,Узбекистан,-1.416641831
2009,Rule of Law,Узбекистан,-1.326195478
2008,Rule of Law,Узбекистан,-1.17363584
2007,Rule of Law,Узбекистан,-1.224704981
2006,Rule of Law,Узбекистан,-1.453594685
2005,Rule of Law,Узбекистан,-1.478708982
2004,Rule of Law,Узбекистан,-1.336809754
2003,Rule of Law,Узбекистан,-1.246617198
2002,Rule of Law,Узбекистан,-1.440067172
2000,Rule of Law,Узбекистан,-1.200798869
1998,Rule of Law,Узбекистан,-1.25742805
1996,Rule of Law,Узбекистан,-1.239178658
2021,Rule of Law,Kosovo⁎,-0.274583757
2020,Rule of Law,Kosovo⁎,-0.380338043
2019,Rule of Law,Kosovo⁎,-0.390173882
2018,Rule of Law,Kosovo⁎,-0.364413083
2017,Rule of Law,Kosovo⁎,-0.416558087
2016,Rule of Law,Kosovo⁎,-0.339041471
2015,Rule of Law,Kosovo⁎,-0.459004164
2014,Rule of Law,Kosovo⁎,-0.464199781
2013,Rule of Law,Kosovo⁎,-0.542661846
2012,Rule of Law,Kosovo⁎,-0.526741982
2011,Rule of Law,Kosovo⁎,-0.519360542
2010,Rule of Law,Kosovo⁎,-0.609969199
2009,Rule of Law,Kosovo⁎,-0.593889713
2008,Rule of Law,Kosovo⁎,-0.627310276
2007,Rule of Law,Kosovo⁎,-0.757999122
2006,Rule of Law,Kosovo⁎,-0.858364582
2005,Rule of Law,Kosovo⁎,-0.821679115
2004,Rule of Law,Kosovo⁎,-0.795212448
2003,Rule of Law,Kosovo⁎,-0.833982408
2002,Rule of Law,Kosovo⁎,-0.062605441
2000,Rule of Law,Kosovo⁎,-0.023830879
