Year,Metric,Страна,Value
2021,Control of Corruption,Albania,-0.555924177
2020,Control of Corruption,Albania,-0.551931083
2019,Control of Corruption,Albania,-0.543374062
2018,Control of Corruption,Albania,-0.524145126
2017,Control of Corruption,Albania,-0.45825699
2016,Control of Corruption,Albania,-0.44898048
2015,Control of Corruption,Albania,-0.520959854
2014,Control of Corruption,Albania,-0.586141348
2013,Control of Corruption,Albania,-0.750955939
2012,Control of Corruption,Albania,-0.778729439
2011,Control of Corruption,Albania,-0.701794147
2010,Control of Corruption,Albania,-0.531616509
2009,Control of Corruption,Albania,-0.54527092
2008,Control of Corruption,Albania,-0.60521239
2007,Control of Corruption,Albania,-0.706940055
2006,Control of Corruption,Albania,-0.790545285
2005,Control of Corruption,Albania,-0.813263893
2004,Control of Corruption,Albania,-0.723731816
2003,Control of Corruption,Albania,-0.853786588
2002,Control of Corruption,Albania,-0.845340908
2000,Control of Corruption,Albania,-0.855563641
1998,Control of Corruption,Albania,-0.992024779
1996,Control of Corruption,Albania,-0.893903494
2021,Control of Corruption,Armenia,0.072149873
2020,Control of Corruption,Armenia,0.020228101
2019,Control of Corruption,Armenia,-0.203820124
2018,Control of Corruption,Armenia,-0.385727823
2017,Control of Corruption,Armenia,-0.614445984
2016,Control of Corruption,Armenia,-0.637749076
2015,Control of Corruption,Armenia,-0.584427893
2014,Control of Corruption,Armenia,-0.565155387
2013,Control of Corruption,Armenia,-0.530450225
2012,Control of Corruption,Armenia,-0.58800149
2011,Control of Corruption,Armenia,-0.664559424
2010,Control of Corruption,Armenia,-0.69503957
2009,Control of Corruption,Armenia,-0.621459663
2008,Control of Corruption,Armenia,-0.712412357
2007,Control of Corruption,Armenia,-0.74589169
2006,Control of Corruption,Armenia,-0.669232607
2005,Control of Corruption,Armenia,-0.683349848
2004,Control of Corruption,Armenia,-0.703455329
2003,Control of Corruption,Armenia,-0.6490224
2002,Control of Corruption,Armenia,-0.778165162
2000,Control of Corruption,Armenia,-0.848086238
1998,Control of Corruption,Armenia,-0.936306059
1996,Control of Corruption,Armenia,-0.47305131
2021,Control of Corruption,Austria,1.271236777
2020,Control of Corruption,Austria,1.506872177
2019,Control of Corruption,Austria,1.554295182
2018,Control of Corruption,Austria,1.601476908
2017,Control of Corruption,Austria,1.537821054
2016,Control of Corruption,Austria,1.534534812
2015,Control of Corruption,Austria,1.508799553
2014,Control of Corruption,Austria,1.466749072
2013,Control of Corruption,Austria,1.537240982
2012,Control of Corruption,Austria,1.427254438
2011,Control of Corruption,Austria,1.47028935
2010,Control of Corruption,Austria,1.596122026
2009,Control of Corruption,Austria,1.6940341
2008,Control of Corruption,Austria,1.828758121
2007,Control of Corruption,Austria,2.003345251
2006,Control of Corruption,Austria,1.904876947
2005,Control of Corruption,Austria,1.912423491
2004,Control of Corruption,Austria,2.026624441
2003,Control of Corruption,Austria,1.963868618
2002,Control of Corruption,Austria,1.915159225
2000,Control of Corruption,Austria,1.751058698
1998,Control of Corruption,Austria,1.79937923
1996,Control of Corruption,Austria,1.732163548
2021,Control of Corruption,Azerbaijan,-0.827584863
2020,Control of Corruption,Azerbaijan,-1.057083011
2019,Control of Corruption,Azerbaijan,-0.829964042
2018,Control of Corruption,Azerbaijan,-0.831989169
2017,Control of Corruption,Azerbaijan,-0.885625541
2016,Control of Corruption,Azerbaijan,-0.831865549
2015,Control of Corruption,Azerbaijan,-0.930738151
2014,Control of Corruption,Azerbaijan,-1.022490263
2013,Control of Corruption,Azerbaijan,-0.970375061
2012,Control of Corruption,Azerbaijan,-1.142694116
2011,Control of Corruption,Azerbaijan,-1.195314765
2010,Control of Corruption,Azerbaijan,-1.245373249
2009,Control of Corruption,Azerbaijan,-1.194081903
2008,Control of Corruption,Azerbaijan,-1.156654239
2007,Control of Corruption,Azerbaijan,-1.129073739
2006,Control of Corruption,Azerbaijan,-1.095912457
2005,Control of Corruption,Azerbaijan,-1.052521467
2004,Control of Corruption,Azerbaijan,-1.18083179
2003,Control of Corruption,Azerbaijan,-1.046231985
2002,Control of Corruption,Azerbaijan,-1.195501924
2000,Control of Corruption,Azerbaijan,-1.292382717
1998,Control of Corruption,Azerbaijan,-1.289568424
1996,Control of Corruption,Azerbaijan,-1.445619464
2021,Control of Corruption,Belgium,1.484489679
2020,Control of Corruption,Belgium,1.47522223
2019,Control of Corruption,Belgium,1.481857061
2018,Control of Corruption,Belgium,1.461817741
2017,Control of Corruption,Belgium,1.440446138
2016,Control of Corruption,Belgium,1.569267988
2015,Control of Corruption,Belgium,1.511199117
2014,Control of Corruption,Belgium,1.512950301
2013,Control of Corruption,Belgium,1.604302645
2012,Control of Corruption,Belgium,1.559110403
2011,Control of Corruption,Belgium,1.519928932
2010,Control of Corruption,Belgium,1.473829985
2009,Control of Corruption,Belgium,1.452005267
2008,Control of Corruption,Belgium,1.36263752
2007,Control of Corruption,Belgium,1.347415328
2006,Control of Corruption,Belgium,1.301286578
2005,Control of Corruption,Belgium,1.377162457
2004,Control of Corruption,Belgium,1.360382557
2003,Control of Corruption,Belgium,1.375112772
2002,Control of Corruption,Belgium,1.45780158
2000,Control of Corruption,Belgium,1.446859002
1998,Control of Corruption,Belgium,1.313234091
1996,Control of Corruption,Belgium,1.359654307
2021,Control of Corruption,Bulgaria,-0.235711768
2020,Control of Corruption,Bulgaria,-0.300079286
2019,Control of Corruption,Bulgaria,-0.157977611
2018,Control of Corruption,Bulgaria,-0.164292946
2017,Control of Corruption,Bulgaria,-0.17138277
2016,Control of Corruption,Bulgaria,-0.236125767
2015,Control of Corruption,Bulgaria,-0.321295172
2014,Control of Corruption,Bulgaria,-0.302766591
2013,Control of Corruption,Bulgaria,-0.327604949
2012,Control of Corruption,Bulgaria,-0.281460792
2011,Control of Corruption,Bulgaria,-0.26926437
2010,Control of Corruption,Bulgaria,-0.237023547
2009,Control of Corruption,Bulgaria,-0.229267567
2008,Control of Corruption,Bulgaria,-0.274787337
2007,Control of Corruption,Bulgaria,-0.231792405
2006,Control of Corruption,Bulgaria,-0.110585965
2005,Control of Corruption,Bulgaria,0.018745424
2004,Control of Corruption,Bulgaria,0.06820406
2003,Control of Corruption,Bulgaria,-0.087321013
2002,Control of Corruption,Bulgaria,-0.171931699
2000,Control of Corruption,Bulgaria,-0.178624526
1998,Control of Corruption,Bulgaria,-0.178232148
1996,Control of Corruption,Bulgaria,-0.361505151
2021,Control of Corruption,Bosnia and Herzegovina,-0.643698514
2020,Control of Corruption,Bosnia and Herzegovina,-0.620458722
2019,Control of Corruption,Bosnia and Herzegovina,-0.625312626
2018,Control of Corruption,Bosnia and Herzegovina,-0.582578957
2017,Control of Corruption,Bosnia and Herzegovina,-0.529383123
2016,Control of Corruption,Bosnia and Herzegovina,-0.461519122
2015,Control of Corruption,Bosnia and Herzegovina,-0.391407371
2014,Control of Corruption,Bosnia and Herzegovina,-0.299684912
2013,Control of Corruption,Bosnia and Herzegovina,-0.244402736
2012,Control of Corruption,Bosnia and Herzegovina,-0.309364051
2011,Control of Corruption,Bosnia and Herzegovina,-0.326692939
2010,Control of Corruption,Bosnia and Herzegovina,-0.336401552
2009,Control of Corruption,Bosnia and Herzegovina,-0.379986048
2008,Control of Corruption,Bosnia and Herzegovina,-0.360781223
2007,Control of Corruption,Bosnia and Herzegovina,-0.374117345
2006,Control of Corruption,Bosnia and Herzegovina,-0.3014144
2005,Control of Corruption,Bosnia and Herzegovina,-0.232808679
2004,Control of Corruption,Bosnia and Herzegovina,-0.324706376
2003,Control of Corruption,Bosnia and Herzegovina,-0.282097161
2002,Control of Corruption,Bosnia and Herzegovina,-0.387543082
2000,Control of Corruption,Bosnia and Herzegovina,-0.595849037
1998,Control of Corruption,Bosnia and Herzegovina,-0.402136475
1996,Control of Corruption,Bosnia and Herzegovina,-0.270569712
2021,Control of Corruption,Belarus,-0.23533681
2020,Control of Corruption,Belarus,-0.110224746
2019,Control of Corruption,Belarus,0.032411866
2018,Control of Corruption,Belarus,-0.129793927
2017,Control of Corruption,Belarus,-0.215110376
2016,Control of Corruption,Belarus,-0.198352844
2015,Control of Corruption,Belarus,-0.289550424
2014,Control of Corruption,Belarus,-0.234706506
2013,Control of Corruption,Belarus,-0.40493837
2012,Control of Corruption,Belarus,-0.458519369
2011,Control of Corruption,Belarus,-0.619015694
2010,Control of Corruption,Belarus,-0.633431315
2009,Control of Corruption,Belarus,-0.56215173
2008,Control of Corruption,Belarus,-0.559036314
2007,Control of Corruption,Belarus,-0.574205935
2006,Control of Corruption,Belarus,-0.52986896
2005,Control of Corruption,Belarus,-0.723230779
2004,Control of Corruption,Belarus,-0.759292543
2003,Control of Corruption,Belarus,-0.537339866
2002,Control of Corruption,Belarus,-0.657884896
2000,Control of Corruption,Belarus,-0.504357815
1998,Control of Corruption,Belarus,-0.323169857
1996,Control of Corruption,Belarus,-0.389609158
2021,Control of Corruption,Switzerland,1.989697456
2020,Control of Corruption,Switzerland,2.07655406
2019,Control of Corruption,Switzerland,1.980325937
2018,Control of Corruption,Switzerland,2.004628181
2017,Control of Corruption,Switzerland,1.984895706
2016,Control of Corruption,Switzerland,1.983234882
2015,Control of Corruption,Switzerland,2.134661674
2014,Control of Corruption,Switzerland,2.147784948
2013,Control of Corruption,Switzerland,2.124835014
2012,Control of Corruption,Switzerland,2.13839817
2011,Control of Corruption,Switzerland,2.029069901
2010,Control of Corruption,Switzerland,2.064142466
2009,Control of Corruption,Switzerland,2.060199976
2008,Control of Corruption,Switzerland,2.108572006
2007,Control of Corruption,Switzerland,2.140349388
2006,Control of Corruption,Switzerland,2.083408356
2005,Control of Corruption,Switzerland,2.010125875
2004,Control of Corruption,Switzerland,1.985262632
2003,Control of Corruption,Switzerland,2.012480974
2002,Control of Corruption,Switzerland,2.059014559
2000,Control of Corruption,Switzerland,2.048353672
1998,Control of Corruption,Switzerland,2.051917791
1996,Control of Corruption,Switzerland,1.986975789
2021,Control of Corruption,Cyprus,0.394521177
2020,Control of Corruption,Cyprus,0.37409839
2019,Control of Corruption,Cyprus,0.626630962
2018,Control of Corruption,Cyprus,0.635751843
2017,Control of Corruption,Cyprus,0.778250337
2016,Control of Corruption,Cyprus,0.820996881
2015,Control of Corruption,Cyprus,1.004094839
2014,Control of Corruption,Cyprus,1.071142793
2013,Control of Corruption,Cyprus,1.238514423
2012,Control of Corruption,Cyprus,1.243302345
2011,Control of Corruption,Cyprus,0.859248042
2010,Control of Corruption,Cyprus,0.969285846
2009,Control of Corruption,Cyprus,0.9054178
2008,Control of Corruption,Cyprus,1.193127513
2007,Control of Corruption,Cyprus,1.073370457
2006,Control of Corruption,Cyprus,1.085562587
2005,Control of Corruption,Cyprus,0.899039984
2004,Control of Corruption,Cyprus,0.873254597
2003,Control of Corruption,Cyprus,1.192308187
2002,Control of Corruption,Cyprus,1.126284242
2000,Control of Corruption,Cyprus,1.081236482
1998,Control of Corruption,Cyprus,1.061723828
1996,Control of Corruption,Cyprus,1.331288218
2021,Control of Corruption,Czechia,0.641104996
2020,Control of Corruption,Czechia,0.581434548
2019,Control of Corruption,Czechia,0.561192811
2018,Control of Corruption,Czechia,0.537798822
2017,Control of Corruption,Czechia,0.599621296
2016,Control of Corruption,Czechia,0.587125123
2015,Control of Corruption,Czechia,0.498597264
2014,Control of Corruption,Czechia,0.430063665
2013,Control of Corruption,Czechia,0.299337626
2012,Control of Corruption,Czechia,0.310179651
2011,Control of Corruption,Czechia,0.383604437
2010,Control of Corruption,Czechia,0.384590119
2009,Control of Corruption,Czechia,0.380892634
2008,Control of Corruption,Czechia,0.343739986
2007,Control of Corruption,Czechia,0.321369082
2006,Control of Corruption,Czechia,0.350346774
2005,Control of Corruption,Czechia,0.48022601
2004,Control of Corruption,Czechia,0.38449049
2003,Control of Corruption,Czechia,0.489982098
2002,Control of Corruption,Czechia,0.358057916
2000,Control of Corruption,Czechia,0.146037668
1998,Control of Corruption,Czechia,0.522349358
1996,Control of Corruption,Czechia,0.683219373
2021,Control of Corruption,Germany,1.813231826
2020,Control of Corruption,Germany,1.855754375
2019,Control of Corruption,Germany,1.900066733
2018,Control of Corruption,Germany,1.93290782
2017,Control of Corruption,Germany,1.83601439
2016,Control of Corruption,Germany,1.820955515
2015,Control of Corruption,Germany,1.814328671
2014,Control of Corruption,Germany,1.812496543
2013,Control of Corruption,Germany,1.797943592
2012,Control of Corruption,Germany,1.817630172
2011,Control of Corruption,Germany,1.741949916
2010,Control of Corruption,Germany,1.766428828
2009,Control of Corruption,Germany,1.746210337
2008,Control of Corruption,Germany,1.745895863
2007,Control of Corruption,Germany,1.726519346
2006,Control of Corruption,Germany,1.793642521
2005,Control of Corruption,Germany,1.875442266
2004,Control of Corruption,Germany,1.840065479
2003,Control of Corruption,Germany,1.87576139
2002,Control of Corruption,Germany,1.888743639
2000,Control of Corruption,Germany,1.801545382
1998,Control of Corruption,Germany,1.997946858
1996,Control of Corruption,Germany,1.905216813
2021,Control of Corruption,Denmark,2.366175175
2020,Control of Corruption,Denmark,2.268326998
2019,Control of Corruption,Denmark,2.158068657
2018,Control of Corruption,Denmark,2.192685127
2017,Control of Corruption,Denmark,2.232307196
2016,Control of Corruption,Denmark,2.24552083
2015,Control of Corruption,Denmark,2.226803303
2014,Control of Corruption,Denmark,2.252340317
2013,Control of Corruption,Denmark,2.399264097
2012,Control of Corruption,Denmark,2.382462263
2011,Control of Corruption,Denmark,2.392884016
2010,Control of Corruption,Denmark,2.352359056
2009,Control of Corruption,Denmark,2.435494423
2008,Control of Corruption,Denmark,2.376408815
2007,Control of Corruption,Denmark,2.434834003
2006,Control of Corruption,Denmark,2.459118366
2005,Control of Corruption,Denmark,2.278205633
2004,Control of Corruption,Denmark,2.406824589
2003,Control of Corruption,Denmark,2.358764887
2002,Control of Corruption,Denmark,2.310651064
2000,Control of Corruption,Denmark,2.321177483
1998,Control of Corruption,Denmark,2.196660995
1996,Control of Corruption,Denmark,2.231307983
2021,Control of Corruption,Spain,0.741642237
2020,Control of Corruption,Spain,0.737676799
2019,Control of Corruption,Spain,0.694954097
2018,Control of Corruption,Spain,0.641388834
2017,Control of Corruption,Spain,0.540556669
2016,Control of Corruption,Spain,0.601362467
2015,Control of Corruption,Spain,0.662847698
2014,Control of Corruption,Spain,0.689561665
2013,Control of Corruption,Spain,0.926997602
2012,Control of Corruption,Spain,1.170406342
2011,Control of Corruption,Spain,1.163212419
2010,Control of Corruption,Spain,1.160037041
2009,Control of Corruption,Spain,1.054948092
2008,Control of Corruption,Spain,1.178771973
2007,Control of Corruption,Spain,1.079032421
2006,Control of Corruption,Spain,1.177665472
2005,Control of Corruption,Spain,1.327615857
2004,Control of Corruption,Spain,1.337189078
2003,Control of Corruption,Spain,1.348911166
2002,Control of Corruption,Spain,1.316825151
2000,Control of Corruption,Spain,1.328282833
1998,Control of Corruption,Spain,1.355995536
1996,Control of Corruption,Spain,1.129211187
2021,Control of Corruption,Estonia,1.535825491
2020,Control of Corruption,Estonia,1.610068202
2019,Control of Corruption,Estonia,1.55827558
2018,Control of Corruption,Estonia,1.50129199
2017,Control of Corruption,Estonia,1.238063574
2016,Control of Corruption,Estonia,1.266897917
2015,Control of Corruption,Estonia,1.29068923
2014,Control of Corruption,Estonia,1.299008369
2013,Control of Corruption,Estonia,1.181539178
2012,Control of Corruption,Estonia,1.088298321
2011,Control of Corruption,Estonia,1.045448303
2010,Control of Corruption,Estonia,0.989536285
2009,Control of Corruption,Estonia,1.000682592
2008,Control of Corruption,Estonia,0.952435076
2007,Control of Corruption,Estonia,0.96780771
2006,Control of Corruption,Estonia,1.012343884
2005,Control of Corruption,Estonia,0.994831264
2004,Control of Corruption,Estonia,0.982846856
2003,Control of Corruption,Estonia,0.922725499
2002,Control of Corruption,Estonia,0.739191175
2000,Control of Corruption,Estonia,0.840922892
1998,Control of Corruption,Estonia,0.655492127
1996,Control of Corruption,Estonia,0.449222982
2021,Control of Corruption,Finland,2.270076752
2020,Control of Corruption,Finland,2.201974869
2019,Control of Corruption,Finland,2.150144815
2018,Control of Corruption,Finland,2.207324982
2017,Control of Corruption,Finland,2.203368664
2016,Control of Corruption,Finland,2.228350401
2015,Control of Corruption,Finland,2.256495953
2014,Control of Corruption,Finland,2.159475803
2013,Control of Corruption,Finland,2.200171232
2012,Control of Corruption,Finland,2.226846695
2011,Control of Corruption,Finland,2.191915035
2010,Control of Corruption,Finland,2.151669741
2009,Control of Corruption,Finland,2.240718603
2008,Control of Corruption,Finland,2.320845842
2007,Control of Corruption,Finland,2.389477491
2006,Control of Corruption,Finland,2.454110861
2005,Control of Corruption,Finland,2.314718962
2004,Control of Corruption,Finland,2.410111427
2003,Control of Corruption,Finland,2.374123812
2002,Control of Corruption,Finland,2.369009733
2000,Control of Corruption,Finland,2.368235588
1998,Control of Corruption,Finland,2.199661732
1996,Control of Corruption,Finland,2.206872463
2021,Control of Corruption,France,1.310407043
2020,Control of Corruption,France,1.149994373
2019,Control of Corruption,France,1.279630184
2018,Control of Corruption,France,1.313190341
2017,Control of Corruption,France,1.259721994
2016,Control of Corruption,France,1.364643693
2015,Control of Corruption,France,1.283082008
2014,Control of Corruption,France,1.288246036
2013,Control of Corruption,France,1.304377317
2012,Control of Corruption,France,1.471969485
2011,Control of Corruption,France,1.537773252
2010,Control of Corruption,France,1.487756133
2009,Control of Corruption,France,1.429969311
2008,Control of Corruption,France,1.39503479
2007,Control of Corruption,France,1.456001759
2006,Control of Corruption,France,1.45506084
2005,Control of Corruption,France,1.357538223
2004,Control of Corruption,France,1.311163783
2003,Control of Corruption,France,1.305756092
2002,Control of Corruption,France,1.191585183
2000,Control of Corruption,France,1.32172358
1998,Control of Corruption,France,1.350772858
1996,Control of Corruption,France,1.247409225
2021,Control of Corruption,Georgia,0.688035369
2020,Control of Corruption,Georgia,0.628455698
2019,Control of Corruption,Georgia,0.74641484
2018,Control of Corruption,Georgia,0.755375624
2017,Control of Corruption,Georgia,0.793022335
2016,Control of Corruption,Georgia,0.746462643
2015,Control of Corruption,Georgia,0.732019842
2014,Control of Corruption,Georgia,0.828557551
2013,Control of Corruption,Georgia,0.463925153
2012,Control of Corruption,Georgia,0.397421122
2011,Control of Corruption,Georgia,0.117519699
2010,Control of Corruption,Georgia,0.012301577
2009,Control of Corruption,Georgia,-0.122036166
2008,Control of Corruption,Georgia,-0.102076381
2007,Control of Corruption,Georgia,-0.128835425
2006,Control of Corruption,Georgia,0.050152458
2005,Control of Corruption,Georgia,-0.212853789
2004,Control of Corruption,Georgia,-0.459568113
2003,Control of Corruption,Georgia,-0.650767446
2002,Control of Corruption,Georgia,-1.264141917
2000,Control of Corruption,Georgia,-1.040172696
1998,Control of Corruption,Georgia,-0.982505977
1996,Control of Corruption,Georgia,-1.527264118
2021,Control of Corruption,Greece,0.207244009
2020,Control of Corruption,Greece,0.055794135
2019,Control of Corruption,Greece,0.038689494
2018,Control of Corruption,Greece,-0.030618867
2017,Control of Corruption,Greece,-0.085719168
2016,Control of Corruption,Greece,-0.107778907
2015,Control of Corruption,Greece,-0.092285991
2014,Control of Corruption,Greece,-0.135704443
2013,Control of Corruption,Greece,-0.075100534
2012,Control of Corruption,Greece,-0.19037801
2011,Control of Corruption,Greece,-0.101170935
2010,Control of Corruption,Greece,-0.062511668
2009,Control of Corruption,Greece,0.062898904
2008,Control of Corruption,Greece,0.126674965
2007,Control of Corruption,Greece,0.261930704
2006,Control of Corruption,Greece,0.357532442
2005,Control of Corruption,Greece,0.351383656
2004,Control of Corruption,Greece,0.450190425
2003,Control of Corruption,Greece,0.363324076
2002,Control of Corruption,Greece,0.403180629
2000,Control of Corruption,Greece,0.631434977
1998,Control of Corruption,Greece,0.755532086
1996,Control of Corruption,Greece,0.33865419
2021,Control of Corruption,Croatia,0.061275687
2020,Control of Corruption,Croatia,0.201265827
2019,Control of Corruption,Croatia,0.077398509
2018,Control of Corruption,Croatia,0.072260708
2017,Control of Corruption,Croatia,0.087150946
2016,Control of Corruption,Croatia,0.183709353
2015,Control of Corruption,Croatia,0.228570417
2014,Control of Corruption,Croatia,0.201164097
2013,Control of Corruption,Croatia,0.107682623
2012,Control of Corruption,Croatia,-0.025457293
2011,Control of Corruption,Croatia,0.027720679
2010,Control of Corruption,Croatia,0.023101466
2009,Control of Corruption,Croatia,-0.086094983
2008,Control of Corruption,Croatia,-0.05050467
2007,Control of Corruption,Croatia,0.059037972
2006,Control of Corruption,Croatia,0.044990115
2005,Control of Corruption,Croatia,0.139555231
2004,Control of Corruption,Croatia,0.239370078
2003,Control of Corruption,Croatia,0.258523047
2002,Control of Corruption,Croatia,0.225011632
2000,Control of Corruption,Croatia,-0.035381917
1998,Control of Corruption,Croatia,-0.586468279
1996,Control of Corruption,Croatia,-0.578690052
2021,Control of Corruption,Hungary,0.035607804
2020,Control of Corruption,Hungary,0.093386322
2019,Control of Corruption,Hungary,0.055678848
2018,Control of Corruption,Hungary,0.081193209
2017,Control of Corruption,Hungary,0.118520312
2016,Control of Corruption,Hungary,0.099874198
2015,Control of Corruption,Hungary,0.147093385
2014,Control of Corruption,Hungary,0.156834021
2013,Control of Corruption,Hungary,0.294103175
2012,Control of Corruption,Hungary,0.298703164
2011,Control of Corruption,Hungary,0.332649559
2010,Control of Corruption,Hungary,0.303954065
2009,Control of Corruption,Hungary,0.395329833
2008,Control of Corruption,Hungary,0.434097022
2007,Control of Corruption,Hungary,0.595291078
2006,Control of Corruption,Hungary,0.633171618
2005,Control of Corruption,Hungary,0.625532269
2004,Control of Corruption,Hungary,0.665135562
2003,Control of Corruption,Hungary,0.635689139
2002,Control of Corruption,Hungary,0.574014664
2000,Control of Corruption,Hungary,0.720579922
1998,Control of Corruption,Hungary,0.732710958
1996,Control of Corruption,Hungary,0.666908205
2021,Control of Corruption,Ireland,1.649120331
2020,Control of Corruption,Ireland,1.564145803
2019,Control of Corruption,Ireland,1.491115212
2018,Control of Corruption,Ireland,1.567317247
2017,Control of Corruption,Ireland,1.566325903
2016,Control of Corruption,Ireland,1.687402844
2015,Control of Corruption,Ireland,1.71087122
2014,Control of Corruption,Ireland,1.692481041
2013,Control of Corruption,Ireland,1.646097541
2012,Control of Corruption,Ireland,1.455700159
2011,Control of Corruption,Ireland,1.556076646
2010,Control of Corruption,Ireland,1.681157708
2009,Control of Corruption,Ireland,1.750300288
2008,Control of Corruption,Ireland,1.735993505
2007,Control of Corruption,Ireland,1.739237309
2006,Control of Corruption,Ireland,1.70114398
2005,Control of Corruption,Ireland,1.584446549
2004,Control of Corruption,Ireland,1.270406127
2003,Control of Corruption,Ireland,1.41381526
2002,Control of Corruption,Ireland,1.368625998
2000,Control of Corruption,Ireland,1.38453424
1998,Control of Corruption,Ireland,1.545052171
1996,Control of Corruption,Ireland,1.708908081
2021,Control of Corruption,Iceland,1.790595531
2020,Control of Corruption,Iceland,1.697188616
2019,Control of Corruption,Iceland,1.704831481
2018,Control of Corruption,Iceland,1.83969748
2017,Control of Corruption,Iceland,1.83393991
2016,Control of Corruption,Iceland,1.944353461
2015,Control of Corruption,Iceland,1.9370296
2014,Control of Corruption,Iceland,1.82383287
2013,Control of Corruption,Iceland,1.904773474
2012,Control of Corruption,Iceland,1.878031492
2011,Control of Corruption,Iceland,1.932823181
2010,Control of Corruption,Iceland,1.934969664
2009,Control of Corruption,Iceland,2.031520128
2008,Control of Corruption,Iceland,2.327251434
2007,Control of Corruption,Iceland,2.197670221
2006,Control of Corruption,Iceland,2.172911167
2005,Control of Corruption,Iceland,2.301355362
2004,Control of Corruption,Iceland,2.167231798
2003,Control of Corruption,Iceland,2.22752285
2002,Control of Corruption,Iceland,2.194614172
2000,Control of Corruption,Iceland,2.19704318
1998,Control of Corruption,Iceland,1.914237857
1996,Control of Corruption,Iceland,1.73311007
2021,Control of Corruption,Italy,0.542555928
2020,Control of Corruption,Italy,0.535262406
2019,Control of Corruption,Italy,0.260285705
2018,Control of Corruption,Italy,0.242468223
2017,Control of Corruption,Italy,0.20415175
2016,Control of Corruption,Italy,0.109893784
2015,Control of Corruption,Italy,0.05497352
2014,Control of Corruption,Italy,0.005989762
2013,Control of Corruption,Italy,0.071097754
2012,Control of Corruption,Italy,0.172010645
2011,Control of Corruption,Italy,0.299565822
2010,Control of Corruption,Italy,0.283443719
2009,Control of Corruption,Italy,0.194480166
2008,Control of Corruption,Italy,0.262665063
2007,Control of Corruption,Italy,0.331189245
2006,Control of Corruption,Italy,0.477287948
2005,Control of Corruption,Italy,0.403579652
2004,Control of Corruption,Italy,0.361397028
2003,Control of Corruption,Italy,0.484606415
2002,Control of Corruption,Italy,0.523466825
2000,Control of Corruption,Italy,0.699464858
1998,Control of Corruption,Italy,0.490962476
1996,Control of Corruption,Italy,0.407847583
2021,Control of Corruption,Казахстан,-0.236961946
2020,Control of Corruption,Казахстан,-0.355603904
2019,Control of Corruption,Казахстан,-0.26295799
2018,Control of Corruption,Казахстан,-0.469651818
2017,Control of Corruption,Казахстан,-0.818275809
2016,Control of Corruption,Казахстан,-0.811159253
2015,Control of Corruption,Казахстан,-0.849363565
2014,Control of Corruption,Казахстан,-0.82542944
2013,Control of Corruption,Казахстан,-0.930915296
2012,Control of Corruption,Казахстан,-0.921265781
2011,Control of Corruption,Казахстан,-0.996684909
2010,Control of Corruption,Казахстан,-1.001060009
2009,Control of Corruption,Казахстан,-0.931518555
2008,Control of Corruption,Казахстан,-0.980641484
2007,Control of Corruption,Казахстан,-0.99224472
2006,Control of Corruption,Казахстан,-0.995142639
2005,Control of Corruption,Казахстан,-1.014963388
2004,Control of Corruption,Казахстан,-1.105953693
2003,Control of Corruption,Казахстан,-1.026523709
2002,Control of Corruption,Казахстан,-1.113584757
2000,Control of Corruption,Казахстан,-1.149889469
1998,Control of Corruption,Казахстан,-1.07885468
1996,Control of Corruption,Казахстан,-1.132820368
2021,Control of Corruption,Кыргызстан,-1.124733806
2020,Control of Corruption,Кыргызстан,-1.099553704
2019,Control of Corruption,Кыргызстан,-0.936249793
2018,Control of Corruption,Кыргызстан,-0.934162438
2017,Control of Corruption,Кыргызстан,-1.048686981
2016,Control of Corruption,Кыргызстан,-1.071955442
2015,Control of Corruption,Кыргызстан,-1.136499643
2014,Control of Corruption,Кыргызстан,-1.129372239
2013,Control of Corruption,Кыргызстан,-1.161999106
2012,Control of Corruption,Кыргызстан,-1.150862575
2011,Control of Corruption,Кыргызстан,-1.231965423
2010,Control of Corruption,Кыргызстан,-1.175097346
2009,Control of Corruption,Кыргызстан,-1.312827229
2008,Control of Corruption,Кыргызстан,-1.232239485
2007,Control of Corruption,Кыргызстан,-1.329097867
2006,Control of Corruption,Кыргызстан,-1.325560451
2005,Control of Corruption,Кыргызстан,-1.267269254
2004,Control of Corruption,Кыргызстан,-1.097712159
2003,Control of Corruption,Кыргызстан,-1.03281939
2002,Control of Corruption,Кыргызстан,-1.06477046
2000,Control of Corruption,Кыргызстан,-1.007478714
1998,Control of Corruption,Кыргызстан,-1.058797121
1996,Control of Corruption,Кыргызстан,-0.993923426
2021,Control of Corruption,Lithuania,0.851239979
2020,Control of Corruption,Lithuania,0.804807484
2019,Control of Corruption,Lithuania,0.694379687
2018,Control of Corruption,Lithuania,0.493576527
2017,Control of Corruption,Lithuania,0.549186707
2016,Control of Corruption,Lithuania,0.708135486
2015,Control of Corruption,Lithuania,0.613774955
2014,Control of Corruption,Lithuania,0.553784788
2013,Control of Corruption,Lithuania,0.419104278
2012,Control of Corruption,Lithuania,0.386670023
2011,Control of Corruption,Lithuania,0.319815338
2010,Control of Corruption,Lithuania,0.372421801
2009,Control of Corruption,Lithuania,0.226648018
2008,Control of Corruption,Lithuania,0.112552218
2007,Control of Corruption,Lithuania,0.103202336
2006,Control of Corruption,Lithuania,0.155884758
2005,Control of Corruption,Lithuania,0.311570793
2004,Control of Corruption,Lithuania,0.369521201
2003,Control of Corruption,Lithuania,0.35301125
2002,Control of Corruption,Lithuania,0.20888038
2000,Control of Corruption,Lithuania,0.370262295
1998,Control of Corruption,Lithuania,0.301575392
1996,Control of Corruption,Lithuania,0.421002686
2021,Control of Corruption,Luxembourg,1.871590853
2020,Control of Corruption,Luxembourg,2.05540204
2019,Control of Corruption,Luxembourg,2.109230757
2018,Control of Corruption,Luxembourg,2.083855867
2017,Control of Corruption,Luxembourg,1.981357098
2016,Control of Corruption,Luxembourg,2.091780424
2015,Control of Corruption,Luxembourg,2.094821453
2014,Control of Corruption,Luxembourg,2.069382429
2013,Control of Corruption,Luxembourg,2.115775108
2012,Control of Corruption,Luxembourg,2.114363909
2011,Control of Corruption,Luxembourg,2.153153419
2010,Control of Corruption,Luxembourg,2.038584948
2009,Control of Corruption,Luxembourg,1.963537812
2008,Control of Corruption,Luxembourg,1.957137346
2007,Control of Corruption,Luxembourg,1.961524487
2006,Control of Corruption,Luxembourg,1.873079538
2005,Control of Corruption,Luxembourg,1.647415757
2004,Control of Corruption,Luxembourg,1.822564006
2003,Control of Corruption,Luxembourg,1.643057108
2002,Control of Corruption,Luxembourg,2.010144949
2000,Control of Corruption,Luxembourg,1.983982921
1998,Control of Corruption,Luxembourg,1.88688314
1996,Control of Corruption,Luxembourg,1.951374531
2021,Control of Corruption,Latvia,0.746790171
2020,Control of Corruption,Latvia,0.719108641
2019,Control of Corruption,Latvia,0.507602811
2018,Control of Corruption,Latvia,0.324264348
2017,Control of Corruption,Latvia,0.531276703
2016,Control of Corruption,Latvia,0.425309509
2015,Control of Corruption,Latvia,0.464092791
2014,Control of Corruption,Latvia,0.410171539
2013,Control of Corruption,Latvia,0.321524471
2012,Control of Corruption,Latvia,0.238223135
2011,Control of Corruption,Latvia,0.279343724
2010,Control of Corruption,Latvia,0.203808978
2009,Control of Corruption,Latvia,0.202161014
2008,Control of Corruption,Latvia,0.230154261
2007,Control of Corruption,Latvia,0.338474423
2006,Control of Corruption,Latvia,0.356723547
2005,Control of Corruption,Latvia,0.367340833
2004,Control of Corruption,Latvia,0.153246522
2003,Control of Corruption,Latvia,0.242927805
2002,Control of Corruption,Latvia,0.010846358
2000,Control of Corruption,Latvia,-0.041916825
1998,Control of Corruption,Latvia,0.144059569
1996,Control of Corruption,Latvia,-0.203338757
2021,Control of Corruption,Moldova,-0.447890878
2020,Control of Corruption,Moldova,-0.549642324
2019,Control of Corruption,Moldova,-0.623985469
2018,Control of Corruption,Moldova,-0.725502193
2017,Control of Corruption,Moldova,-0.803161204
2016,Control of Corruption,Moldova,-0.956894457
2015,Control of Corruption,Moldova,-0.915585756
2014,Control of Corruption,Moldova,-0.852723837
2013,Control of Corruption,Moldova,-0.752406657
2012,Control of Corruption,Moldova,-0.614259124
2011,Control of Corruption,Moldova,-0.625150502
2010,Control of Corruption,Moldova,-0.671865046
2009,Control of Corruption,Moldova,-0.701457858
2008,Control of Corruption,Moldova,-0.634429693
2007,Control of Corruption,Moldova,-0.660764515
2006,Control of Corruption,Moldova,-0.643211901
2005,Control of Corruption,Moldova,-0.672625899
2004,Control of Corruption,Moldova,-1.039575577
2003,Control of Corruption,Moldova,-0.884173095
2002,Control of Corruption,Moldova,-0.980350196
2000,Control of Corruption,Moldova,-0.623196244
1998,Control of Corruption,Moldova,-0.399805635
1996,Control of Corruption,Moldova,-0.437426507
2021,Control of Corruption,North Macedonia,-0.351957202
2020,Control of Corruption,North Macedonia,-0.471355915
2019,Control of Corruption,North Macedonia,-0.434369028
2018,Control of Corruption,North Macedonia,-0.367773384
2017,Control of Corruption,North Macedonia,-0.301943868
2016,Control of Corruption,North Macedonia,-0.272066146
2015,Control of Corruption,North Macedonia,-0.238546744
2014,Control of Corruption,North Macedonia,-0.032469325
2013,Control of Corruption,North Macedonia,-0.056259628
2012,Control of Corruption,North Macedonia,-0.051175073
2011,Control of Corruption,North Macedonia,-0.106993712
2010,Control of Corruption,North Macedonia,-0.092976823
2009,Control of Corruption,North Macedonia,-0.146806985
2008,Control of Corruption,North Macedonia,-0.211421356
2007,Control of Corruption,North Macedonia,-0.394356847
2006,Control of Corruption,North Macedonia,-0.403454512
2005,Control of Corruption,North Macedonia,-0.488400877
2004,Control of Corruption,North Macedonia,-0.554222405
2003,Control of Corruption,North Macedonia,-0.651164174
2002,Control of Corruption,North Macedonia,-0.826058447
2000,Control of Corruption,North Macedonia,-0.638975918
1998,Control of Corruption,North Macedonia,-0.636419594
1996,Control of Corruption,North Macedonia,-0.613846183
2021,Control of Corruption,Malta,0.31758076
2020,Control of Corruption,Malta,0.367434621
2019,Control of Corruption,Malta,0.235603198
2018,Control of Corruption,Malta,0.575679779
2017,Control of Corruption,Malta,0.73516196
2016,Control of Corruption,Malta,0.715547621
2015,Control of Corruption,Malta,0.896879792
2014,Control of Corruption,Malta,0.846917331
2013,Control of Corruption,Malta,0.976357043
2012,Control of Corruption,Malta,0.935569167
2011,Control of Corruption,Malta,0.758895993
2010,Control of Corruption,Malta,0.784824491
2009,Control of Corruption,Malta,0.766730249
2008,Control of Corruption,Malta,0.987337589
2007,Control of Corruption,Malta,1.015983105
2006,Control of Corruption,Malta,1.002685428
2005,Control of Corruption,Malta,0.816374123
2004,Control of Corruption,Malta,0.831408501
2003,Control of Corruption,Malta,0.918518543
2002,Control of Corruption,Malta,0.774747252
2000,Control of Corruption,Malta,0.921760798
1998,Control of Corruption,Malta,0.52776742
1996,Control of Corruption,Malta,0.478994995
2021,Control of Corruption,Montenegro,-0.019546321
2020,Control of Corruption,Montenegro,-0.01882487
2019,Control of Corruption,Montenegro,-0.004423457
2018,Control of Corruption,Montenegro,0.012017991
2017,Control of Corruption,Montenegro,-0.055764098
2016,Control of Corruption,Montenegro,-0.053473834
2015,Control of Corruption,Montenegro,-0.094629236
2014,Control of Corruption,Montenegro,-0.075149357
2013,Control of Corruption,Montenegro,-0.286885977
2012,Control of Corruption,Montenegro,-0.129764125
2011,Control of Corruption,Montenegro,-0.222925067
2010,Control of Corruption,Montenegro,-0.253896862
2009,Control of Corruption,Montenegro,-0.219349295
2008,Control of Corruption,Montenegro,-0.239523485
2007,Control of Corruption,Montenegro,-0.381186187
2006,Control of Corruption,Montenegro,-0.383750975
2005,Control of Corruption,Montenegro,-0.354254246
2004,Control of Corruption,Montenegro,-0.467464656
2003,Control of Corruption,Montenegro,-0.411994487
2002,Control of Corruption,Montenegro,-0.156703547
2000,Control of Corruption,Montenegro,-0.177505895
1998,Control of Corruption,Montenegro,0.497083396
2021,Control of Corruption,Netherlands,2.035641909
2020,Control of Corruption,Netherlands,2.031072617
2019,Control of Corruption,Netherlands,1.902886987
2018,Control of Corruption,Netherlands,1.923831224
2017,Control of Corruption,Netherlands,1.784498334
2016,Control of Corruption,Netherlands,1.898642421
2015,Control of Corruption,Netherlands,1.872336745
2014,Control of Corruption,Netherlands,1.960696101
2013,Control of Corruption,Netherlands,2.016783476
2012,Control of Corruption,Netherlands,2.090583324
2011,Control of Corruption,Netherlands,2.08139801
2010,Control of Corruption,Netherlands,2.090060711
2009,Control of Corruption,Netherlands,2.124158621
2008,Control of Corruption,Netherlands,2.102768421
2007,Control of Corruption,Netherlands,2.159472227
2006,Control of Corruption,Netherlands,2.040526152
2005,Control of Corruption,Netherlands,1.960848689
2004,Control of Corruption,Netherlands,1.975515485
2003,Control of Corruption,Netherlands,1.995902896
2002,Control of Corruption,Netherlands,2.068361998
2000,Control of Corruption,Netherlands,2.138006687
1998,Control of Corruption,Netherlands,2.089596987
1996,Control of Corruption,Netherlands,2.081897736
2021,Control of Corruption,Norway,2.14091754
2020,Control of Corruption,Norway,2.097700119
2019,Control of Corruption,Norway,2.07048583
2018,Control of Corruption,Norway,2.086008072
2017,Control of Corruption,Norway,2.232707739
2016,Control of Corruption,Norway,2.19155407
2015,Control of Corruption,Norway,2.241137266
2014,Control of Corruption,Norway,2.222894669
2013,Control of Corruption,Norway,2.286827564
2012,Control of Corruption,Norway,2.247982264
2011,Control of Corruption,Norway,2.142632484
2010,Control of Corruption,Norway,2.07725215
2009,Control of Corruption,Norway,1.984983444
2008,Control of Corruption,Norway,1.891875744
2007,Control of Corruption,Norway,1.98258388
2006,Control of Corruption,Norway,2.123553276
2005,Control of Corruption,Norway,2.000252724
2004,Control of Corruption,Norway,1.912864566
2003,Control of Corruption,Norway,2.010966539
2002,Control of Corruption,Norway,2.114974499
2000,Control of Corruption,Norway,2.123349667
1998,Control of Corruption,Norway,2.162262917
1996,Control of Corruption,Norway,2.138954878
2021,Control of Corruption,Poland,0.572010398
2020,Control of Corruption,Poland,0.645016313
2019,Control of Corruption,Poland,0.638833582
2018,Control of Corruption,Poland,0.651599288
2017,Control of Corruption,Poland,0.730618954
2016,Control of Corruption,Poland,0.791953325
2015,Control of Corruption,Poland,0.726477802
2014,Control of Corruption,Poland,0.682209432
2013,Control of Corruption,Poland,0.645880938
2012,Control of Corruption,Poland,0.659753621
2011,Control of Corruption,Poland,0.562475681
2010,Control of Corruption,Poland,0.513736725
2009,Control of Corruption,Poland,0.43509984
2008,Control of Corruption,Poland,0.452767491
2007,Control of Corruption,Poland,0.283813983
2006,Control of Corruption,Poland,0.25655055
2005,Control of Corruption,Poland,0.247518659
2004,Control of Corruption,Poland,0.106035829
2003,Control of Corruption,Poland,0.401545793
2002,Control of Corruption,Poland,0.381513625
2000,Control of Corruption,Poland,0.695001423
1998,Control of Corruption,Poland,0.788555205
1996,Control of Corruption,Poland,0.707913816
2021,Control of Corruption,Portugal,0.768555641
2020,Control of Corruption,Portugal,0.747629642
2019,Control of Corruption,Portugal,0.774474919
2018,Control of Corruption,Portugal,0.835465908
2017,Control of Corruption,Portugal,0.854094982
2016,Control of Corruption,Portugal,0.892202318
2015,Control of Corruption,Portugal,0.925335169
2014,Control of Corruption,Portugal,0.909682035
2013,Control of Corruption,Portugal,0.912236094
2012,Control of Corruption,Portugal,0.955447733
2011,Control of Corruption,Portugal,1.081251621
2010,Control of Corruption,Portugal,1.062663555
2009,Control of Corruption,Portugal,1.085582972
2008,Control of Corruption,Portugal,1.059230208
2007,Control of Corruption,Portugal,1.028802752
2006,Control of Corruption,Portugal,1.00923574
2005,Control of Corruption,Portugal,1.061878324
2004,Control of Corruption,Portugal,1.125666976
2003,Control of Corruption,Portugal,1.119102359
2002,Control of Corruption,Portugal,1.218020082
2000,Control of Corruption,Portugal,1.148266554
1998,Control of Corruption,Portugal,1.252704144
1996,Control of Corruption,Portugal,1.371544838
2021,Control of Corruption,Romania,-0.037915125
2020,Control of Corruption,Romania,-0.074919619
2019,Control of Corruption,Romania,-0.213289559
2018,Control of Corruption,Romania,-0.202447131
2017,Control of Corruption,Romania,-0.115164489
2016,Control of Corruption,Romania,-0.152447969
2015,Control of Corruption,Romania,-0.143834993
2014,Control of Corruption,Romania,-0.223876476
2013,Control of Corruption,Romania,-0.300762177
2012,Control of Corruption,Romania,-0.381443471
2011,Control of Corruption,Romania,-0.333498508
2010,Control of Corruption,Romania,-0.352394611
2009,Control of Corruption,Romania,-0.309800476
2008,Control of Corruption,Romania,-0.186216146
2007,Control of Corruption,Romania,-0.23033078
2006,Control of Corruption,Romania,-0.20915851
2005,Control of Corruption,Romania,-0.260543019
2004,Control of Corruption,Romania,-0.322501838
2003,Control of Corruption,Romania,-0.410669893
2002,Control of Corruption,Romania,-0.440713197
2000,Control of Corruption,Romania,-0.51061976
1998,Control of Corruption,Romania,-0.649806619
1996,Control of Corruption,Romania,-0.446042687
2021,Control of Corruption,Serbia,-0.437255442
2020,Control of Corruption,Serbia,-0.429459095
2019,Control of Corruption,Serbia,-0.428667545
2018,Control of Corruption,Serbia,-0.373657256
2017,Control of Corruption,Serbia,-0.412284762
2016,Control of Corruption,Serbia,-0.35912168
2015,Control of Corruption,Serbia,-0.293313712
2014,Control of Corruption,Serbia,-0.24708949
2013,Control of Corruption,Serbia,-0.327525735
2012,Control of Corruption,Serbia,-0.357432961
2011,Control of Corruption,Serbia,-0.299286216
2010,Control of Corruption,Serbia,-0.31941554
2009,Control of Corruption,Serbia,-0.317943394
2008,Control of Corruption,Serbia,-0.302461773
2007,Control of Corruption,Serbia,-0.341682166
2006,Control of Corruption,Serbia,-0.277591467
2005,Control of Corruption,Serbia,-0.406051368
2004,Control of Corruption,Serbia,-0.493293792
2003,Control of Corruption,Serbia,-0.494189292
2002,Control of Corruption,Serbia,-0.895784795
2000,Control of Corruption,Serbia,-1.15667069
1998,Control of Corruption,Serbia,-1.19560504
1996,Control of Corruption,Serbia,-1.140071511
2021,Control of Corruption,Slovak Republic,0.235205427
2020,Control of Corruption,Slovak Republic,0.441052377
2019,Control of Corruption,Slovak Republic,0.213700429
2018,Control of Corruption,Slovak Republic,0.256852448
2017,Control of Corruption,Slovak Republic,0.125354737
2016,Control of Corruption,Slovak Republic,0.180295527
2015,Control of Corruption,Slovak Republic,0.138300762
2014,Control of Corruption,Slovak Republic,0.122271441
2013,Control of Corruption,Slovak Republic,0.049156778
2012,Control of Corruption,Slovak Republic,0.069280498
2011,Control of Corruption,Slovak Republic,0.229635805
2010,Control of Corruption,Slovak Republic,0.248165295
2009,Control of Corruption,Slovak Republic,0.265569657
2008,Control of Corruption,Slovak Republic,0.312199146
2007,Control of Corruption,Slovak Republic,0.296645999
2006,Control of Corruption,Slovak Republic,0.375256956
2005,Control of Corruption,Slovak Republic,0.451420695
2004,Control of Corruption,Slovak Republic,0.337021232
2003,Control of Corruption,Slovak Republic,0.280685246
2002,Control of Corruption,Slovak Republic,-0.05063393
2000,Control of Corruption,Slovak Republic,0.223054469
1998,Control of Corruption,Slovak Republic,0.057989169
1996,Control of Corruption,Slovak Republic,0.21805428
2021,Control of Corruption,Slovenia,0.71923095
2020,Control of Corruption,Slovenia,0.803910613
2019,Control of Corruption,Slovenia,0.91828233
2018,Control of Corruption,Slovenia,0.865819216
2017,Control of Corruption,Slovenia,0.80932951
2016,Control of Corruption,Slovenia,0.817337096
2015,Control of Corruption,Slovenia,0.769330084
2014,Control of Corruption,Slovenia,0.721844375
2013,Control of Corruption,Slovenia,0.72227633
2012,Control of Corruption,Slovenia,0.832158983
2011,Control of Corruption,Slovenia,0.941719472
2010,Control of Corruption,Slovenia,0.91739136
2009,Control of Corruption,Slovenia,1.051517963
2008,Control of Corruption,Slovenia,0.939397454
2007,Control of Corruption,Slovenia,1.009995461
2006,Control of Corruption,Slovenia,1.026472807
2005,Control of Corruption,Slovenia,0.902103662
2004,Control of Corruption,Slovenia,1.015795946
2003,Control of Corruption,Slovenia,0.898586512
2002,Control of Corruption,Slovenia,0.773913145
2000,Control of Corruption,Slovenia,0.827235401
1998,Control of Corruption,Slovenia,1.162774801
1996,Control of Corruption,Slovenia,1.114187837
2021,Control of Corruption,Sweden,2.130344868
2020,Control of Corruption,Sweden,2.125867128
2019,Control of Corruption,Sweden,2.128221035
2018,Control of Corruption,Sweden,2.14515686
2017,Control of Corruption,Sweden,2.140787363
2016,Control of Corruption,Sweden,2.147402525
2015,Control of Corruption,Sweden,2.185940981
2014,Control of Corruption,Sweden,2.111042976
2013,Control of Corruption,Sweden,2.239300251
2012,Control of Corruption,Sweden,2.27712059
2011,Control of Corruption,Sweden,2.168036461
2010,Control of Corruption,Sweden,2.219725847
2009,Control of Corruption,Sweden,2.24269557
2008,Control of Corruption,Sweden,2.211410761
2007,Control of Corruption,Sweden,2.233975649
2006,Control of Corruption,Sweden,2.186323404
2005,Control of Corruption,Sweden,2.012797594
2004,Control of Corruption,Sweden,2.132647514
2003,Control of Corruption,Sweden,2.147883654
2002,Control of Corruption,Sweden,2.200397491
2000,Control of Corruption,Sweden,2.225827932
1998,Control of Corruption,Sweden,2.169303656
1996,Control of Corruption,Sweden,2.173986197
2021,Control of Corruption,Таджикистан,-1.338215113
2020,Control of Corruption,Таджикистан,-1.327855587
2019,Control of Corruption,Таджикистан,-1.330041885
2018,Control of Corruption,Таджикистан,-1.409968853
2017,Control of Corruption,Таджикистан,-1.328737736
2016,Control of Corruption,Таджикистан,-1.148092151
2015,Control of Corruption,Таджикистан,-1.123586297
2014,Control of Corruption,Таджикистан,-1.132050395
2013,Control of Corruption,Таджикистан,-1.287330866
2012,Control of Corruption,Таджикистан,-1.280341625
2011,Control of Corruption,Таджикистан,-1.231771708
2010,Control of Corruption,Таджикистан,-1.297203541
2009,Control of Corruption,Таджикистан,-1.221769214
2008,Control of Corruption,Таджикистан,-1.186930537
2007,Control of Corruption,Таджикистан,-1.040969253
2006,Control of Corruption,Таджикистан,-1.042832255
2005,Control of Corruption,Таджикистан,-1.176047444
2004,Control of Corruption,Таджикистан,-1.319209814
2003,Control of Corruption,Таджикистан,-1.147746086
2002,Control of Corruption,Таджикистан,-1.174971223
2000,Control of Corruption,Таджикистан,-1.265867949
1998,Control of Corruption,Таджикистан,-1.252360582
1996,Control of Corruption,Таджикистан,-1.273032665
2021,Control of Corruption,Туркменистан,-1.41950345
2020,Control of Corruption,Туркменистан,-1.4138695
2019,Control of Corruption,Туркменистан,-1.376064658
2018,Control of Corruption,Туркменистан,-1.362378836
2017,Control of Corruption,Туркменистан,-1.348996639
2016,Control of Corruption,Туркменистан,-1.376828909
2015,Control of Corruption,Туркменистан,-1.204197049
2014,Control of Corruption,Туркменистан,-1.177111149
2013,Control of Corruption,Туркменистан,-1.285361767
2012,Control of Corruption,Туркменистан,-1.314689875
2011,Control of Corruption,Туркменистан,-1.445981383
2010,Control of Corruption,Туркменистан,-1.435776353
2009,Control of Corruption,Туркменистан,-1.432222605
2008,Control of Corruption,Туркменистан,-1.398331523
2007,Control of Corruption,Туркменистан,-1.405738115
2006,Control of Corruption,Туркменистан,-1.399203897
2005,Control of Corruption,Туркменистан,-1.347762346
2004,Control of Corruption,Туркменистан,-1.270520687
2003,Control of Corruption,Туркменистан,-1.015131831
2002,Control of Corruption,Туркменистан,-1.05427289
2000,Control of Corruption,Туркменистан,-1.077137589
1998,Control of Corruption,Туркменистан,-1.068733931
1996,Control of Corruption,Туркменистан,-1.021493435
2021,Control of Corruption,Türkiye,-0.385957003
2020,Control of Corruption,Türkiye,-0.338743031
2019,Control of Corruption,Türkiye,-0.302947283
2018,Control of Corruption,Türkiye,-0.327101529
2017,Control of Corruption,Türkiye,-0.183094859
2016,Control of Corruption,Türkiye,-0.174212188
2015,Control of Corruption,Türkiye,-0.135501251
2014,Control of Corruption,Türkiye,-0.134037971
2013,Control of Corruption,Türkiye,0.091789804
2012,Control of Corruption,Türkiye,0.161344782
2011,Control of Corruption,Türkiye,0.038242523
2010,Control of Corruption,Türkiye,0.025415225
2009,Control of Corruption,Türkiye,0.087655708
2008,Control of Corruption,Türkiye,0.11532557
2007,Control of Corruption,Türkiye,0.112518623
2006,Control of Corruption,Türkiye,0.026674604
2005,Control of Corruption,Türkiye,-0.035272829
2004,Control of Corruption,Türkiye,-0.191904396
2003,Control of Corruption,Türkiye,-0.209118396
2002,Control of Corruption,Türkiye,-0.570128739
2000,Control of Corruption,Türkiye,-0.258079946
1998,Control of Corruption,Türkiye,-0.354077637
1996,Control of Corruption,Türkiye,-0.148073524
2021,Control of Corruption,Ukraine,-0.766656518
2020,Control of Corruption,Ukraine,-0.811724842
2019,Control of Corruption,Ukraine,-0.780903399
2018,Control of Corruption,Ukraine,-0.901347339
2017,Control of Corruption,Ukraine,-0.810838878
2016,Control of Corruption,Ukraine,-0.847185731
2015,Control of Corruption,Ukraine,-1.018159986
2014,Control of Corruption,Ukraine,-1.024342418
2013,Control of Corruption,Ukraine,-1.176261783
2012,Control of Corruption,Ukraine,-1.117539167
2011,Control of Corruption,Ukraine,-1.086713314
2010,Control of Corruption,Ukraine,-1.031962514
2009,Control of Corruption,Ukraine,-1.071736813
2008,Control of Corruption,Ukraine,-0.862514138
2007,Control of Corruption,Ukraine,-0.820174932
2006,Control of Corruption,Ukraine,-0.772781849
2005,Control of Corruption,Ukraine,-0.740642905
2004,Control of Corruption,Ukraine,-0.979341567
2003,Control of Corruption,Ukraine,-0.966655314
2002,Control of Corruption,Ukraine,-1.091393948
2000,Control of Corruption,Ukraine,-1.110609293
1998,Control of Corruption,Ukraine,-1.258209944
1996,Control of Corruption,Ukraine,-1.110136986
2021,Control of Corruption,Узбекистан,-0.808077157
2020,Control of Corruption,Узбекистан,-1.050369263
2019,Control of Corruption,Узбекистан,-1.02622211
2018,Control of Corruption,Узбекистан,-1.059244037
2017,Control of Corruption,Узбекистан,-1.16738224
2016,Control of Corruption,Узбекистан,-1.181305885
2015,Control of Corruption,Узбекистан,-1.270281315
2014,Control of Corruption,Узбекистан,-1.194444299
2013,Control of Corruption,Узбекистан,-1.273042798
2012,Control of Corruption,Узбекистан,-1.310680032
2011,Control of Corruption,Узбекистан,-1.387564898
2010,Control of Corruption,Узбекистан,-1.307985425
2009,Control of Corruption,Узбекистан,-1.276073456
2008,Control of Corruption,Узбекистан,-1.06285727
2007,Control of Corruption,Узбекистан,-1.033785582
2006,Control of Corruption,Узбекистан,-1.016335964
2005,Control of Corruption,Узбекистан,-1.229637623
2004,Control of Corruption,Узбекистан,-1.068812013
2003,Control of Corruption,Узбекистан,-0.914871931
2002,Control of Corruption,Узбекистан,-0.964738905
2000,Control of Corruption,Узбекистан,-1.080414772
1998,Control of Corruption,Узбекистан,-1.134654045
1996,Control of Corruption,Узбекистан,-1.128820658
2021,Control of Corruption,Kosovo⁎,-0.318530053
2020,Control of Corruption,Kosovo⁎,-0.440244049
2019,Control of Corruption,Kosovo⁎,-0.518749952
2018,Control of Corruption,Kosovo⁎,-0.50387609
2017,Control of Corruption,Kosovo⁎,-0.502136827
2016,Control of Corruption,Kosovo⁎,-0.41452992
2015,Control of Corruption,Kosovo⁎,-0.53371352
2014,Control of Corruption,Kosovo⁎,-0.486074388
2013,Control of Corruption,Kosovo⁎,-0.649519384
2012,Control of Corruption,Kosovo⁎,-0.653357148
2011,Control of Corruption,Kosovo⁎,-0.618153572
2010,Control of Corruption,Kosovo⁎,-0.615350246
2009,Control of Corruption,Kosovo⁎,-0.585376561
2008,Control of Corruption,Kosovo⁎,-0.648774087
2007,Control of Corruption,Kosovo⁎,-0.735240698
2006,Control of Corruption,Kosovo⁎,-0.514050007
2005,Control of Corruption,Kosovo⁎,-0.526772022
2004,Control of Corruption,Kosovo⁎,-0.305080533
2003,Control of Corruption,Kosovo⁎,-0.504247785
2002,Control of Corruption,Kosovo⁎,0.360481679
2000,Control of Corruption,Kosovo⁎,0.371275216
