Year,SeriesCode,Страна ,Value
2000,BN_KLT_PTXL_CD,Bulgaria,176870810.33128
2001,BN_KLT_PTXL_CD,Bulgaria,-64754423.68113
2002,BN_KLT_PTXL_CD,Bulgaria,83757787.06092
2003,BN_KLT_PTXL_CD,Bulgaria,211758373.35271
2004,BN_KLT_PTXL_CD,Bulgaria,520991698.29831
2005,BN_KLT_PTXL_CD,Bulgaria,1304132497.5338
2006,BN_KLT_PTXL_CD,Bulgaria,-363441387.44854
2007,BN_KLT_PTXL_CD,Bulgaria,836524082.75566
2008,BN_KLT_PTXL_CD,Bulgaria,1076810246.75011
2009,BN_KLT_PTXL_CD,Bulgaria,821842165.4682
2010,BN_KLT_PTXL_CD,Bulgaria,851470000.0
2000,BN_KLT_PTXL_CD,Albania,25000000.0
2001,BN_KLT_PTXL_CD,Albania,23500000.0
2002,BN_KLT_PTXL_CD,Albania,36820000.0
2003,BN_KLT_PTXL_CD,Albania,22485018.0
2004,BN_KLT_PTXL_CD,Albania,3641326.0
2005,BN_KLT_PTXL_CD,Albania,5664561.0221
2006,BN_KLT_PTXL_CD,Albania,-34157087.66131
2007,BN_KLT_PTXL_CD,Albania,-25810000.0
2008,BN_KLT_PTXL_CD,Albania,28335270.78615
2009,BN_KLT_PTXL_CD,Albania,-15762588.58457
2010,BN_KLT_PTXL_CD,Albania,-317665158.19769
2000,BN_KLT_PTXL_CD,Republic of Korea,-12176700000.0
2001,BN_KLT_PTXL_CD,Republic of Korea,-6706300000.0
2002,BN_KLT_PTXL_CD,Republic of Korea,-346400000.0
2003,BN_KLT_PTXL_CD,Republic of Korea,-17287400000.0
2004,BN_KLT_PTXL_CD,Republic of Korea,-6599000000.0
2005,BN_KLT_PTXL_CD,Republic of Korea,3518100000.0
2006,BN_KLT_PTXL_CD,Republic of Korea,23385700000.0
2007,BN_KLT_PTXL_CD,Republic of Korea,27078000000.0
2008,BN_KLT_PTXL_CD,Republic of Korea,2421400000.0
2009,BN_KLT_PTXL_CD,Republic of Korea,-51187500000.0
2010,BN_KLT_PTXL_CD,Republic of Korea,-42364700000.0
2011,BN_KLT_PTXL_CD,Bulgaria,485420000.0
2012,BN_KLT_PTXL_CD,Bulgaria,1192850000.0
2013,BN_KLT_PTXL_CD,Bulgaria,159850000.0
2014,BN_KLT_PTXL_CD,Bulgaria,-1647760000.0
2015,BN_KLT_PTXL_CD,Bulgaria,-665130000.0
2016,BN_KLT_PTXL_CD,Bulgaria,-801880000.0
2017,BN_KLT_PTXL_CD,Bulgaria,3257070000.0
2018,BN_KLT_PTXL_CD,Bulgaria,1841090000.0
2019,BN_KLT_PTXL_CD,Bulgaria,1792770000.0
2020,BN_KLT_PTXL_CD,Bulgaria,812920000.0
2021,BN_KLT_PTXL_CD,Bulgaria,2737930000.0
2011,BN_KLT_PTXL_CD,Albania,-94043233.85092
2012,BN_KLT_PTXL_CD,Albania,43630172.43753
2013,BN_KLT_PTXL_CD,Albania,150201357.59212
2014,BN_KLT_PTXL_CD,Albania,155182028.00814
2015,BN_KLT_PTXL_CD,Albania,-254256925.35031
2016,BN_KLT_PTXL_CD,Albania,245500179.55294
2017,BN_KLT_PTXL_CD,Albania,-100676648.10719
2018,BN_KLT_PTXL_CD,Albania,-80670600.45531
2019,BN_KLT_PTXL_CD,Albania,154704213.09361
2020,BN_KLT_PTXL_CD,Albania,-56789538.5462
2021,BN_KLT_PTXL_CD,Albania,-92646610.21792
2011,BN_KLT_PTXL_CD,Republic of Korea,-13142700000.0
2012,BN_KLT_PTXL_CD,Republic of Korea,-6747800000.0
2013,BN_KLT_PTXL_CD,Republic of Korea,9344500000.0
2014,BN_KLT_PTXL_CD,Republic of Korea,30608900000.0
2015,BN_KLT_PTXL_CD,Republic of Korea,49529800000.0
2016,BN_KLT_PTXL_CD,Republic of Korea,66970200000.0
2017,BN_KLT_PTXL_CD,Republic of Korea,57853000000.0
2018,BN_KLT_PTXL_CD,Republic of Korea,47420700000.0
2019,BN_KLT_PTXL_CD,Republic of Korea,42377000000.0
2020,BN_KLT_PTXL_CD,Republic of Korea,41744800000.0
2021,BN_KLT_PTXL_CD,Republic of Korea,19607500000.0
2000,BN_KLT_PTXL_CD,Belarus,-44400000.0
2001,BN_KLT_PTXL_CD,Belarus,19900000.0
2002,BN_KLT_PTXL_CD,Belarus,9100000.0
2003,BN_KLT_PTXL_CD,Belarus,-6100000.0
2004,BN_KLT_PTXL_CD,Belarus,-62800000.0
2005,BN_KLT_PTXL_CD,Belarus,41500000.0
2006,BN_KLT_PTXL_CD,Belarus,26400000.0
2007,BN_KLT_PTXL_CD,Belarus,38800000.0
2008,BN_KLT_PTXL_CD,Belarus,-5300000.0
2009,BN_KLT_PTXL_CD,Belarus,-18800000.0
2010,BN_KLT_PTXL_CD,Belarus,-1185600000.0
2011,BN_KLT_PTXL_CD,Belarus,-854100000.0
2012,BN_KLT_PTXL_CD,Belarus,191000000.0
2013,BN_KLT_PTXL_CD,Belarus,59100000.0
2014,BN_KLT_PTXL_CD,Belarus,19600000.0
2015,BN_KLT_PTXL_CD,Belarus,952100000.0
2016,BN_KLT_PTXL_CD,Belarus,-646100000.0
2017,BN_KLT_PTXL_CD,Belarus,-1264800000.0
2018,BN_KLT_PTXL_CD,Belarus,585300000.0
2019,BN_KLT_PTXL_CD,Belarus,-500800000.0
2020,BN_KLT_PTXL_CD,Belarus,-1343500000.0
2021,BN_KLT_PTXL_CD,Belarus,87190338.71
2000,BN_KLT_PTXL_CD,Canada,32052339606.1915
2001,BN_KLT_PTXL_CD,Canada,-712485686.0047
2002,BN_KLT_PTXL_CD,Canada,5437539188.0079
2003,BN_KLT_PTXL_CD,Canada,-76200113.51808
2004,BN_KLT_PTXL_CD,Canada,-23632851976.0626
2005,BN_KLT_PTXL_CD,Canada,33769361230.7641
2006,BN_KLT_PTXL_CD,Canada,41907817960.8162
2007,BN_KLT_PTXL_CD,Canada,70519342120.5641
2008,BN_KLT_PTXL_CD,Canada,-47819527939.929
2009,BN_KLT_PTXL_CD,Canada,-92637063277.4507
2010,BN_KLT_PTXL_CD,Canada,-110142063605.869
2000,BN_KLT_PTXL_CD,Кыргызстан,1287663.46107
2001,BN_KLT_PTXL_CD,Кыргызстан,-1171208.35859
2002,BN_KLT_PTXL_CD,Кыргызстан,12005377.77176
2003,BN_KLT_PTXL_CD,Кыргызстан,-6010796.83121
2004,BN_KLT_PTXL_CD,Кыргызстан,9453783.75476
2005,BN_KLT_PTXL_CD,Кыргызстан,-2264747.05093
2006,BN_KLT_PTXL_CD,Кыргызстан,2983615.20925
2007,BN_KLT_PTXL_CD,Кыргызстан,14338320.83799
2008,BN_KLT_PTXL_CD,Кыргызстан,4538023.27157
2009,BN_KLT_PTXL_CD,Кыргызстан,13888355.42314
2010,BN_KLT_PTXL_CD,Кыргызстан,-27084111.10611
2011,BN_KLT_PTXL_CD,Canada,-104265503229.2
2012,BN_KLT_PTXL_CD,Canada,-68097064857.0697
2013,BN_KLT_PTXL_CD,Canada,-34483049123.1263
2014,BN_KLT_PTXL_CD,Canada,-33792951516.9984
2015,BN_KLT_PTXL_CD,Canada,-37884016917.9498
2016,BN_KLT_PTXL_CD,Canada,-102982524308.762
2017,BN_KLT_PTXL_CD,Canada,-75109610881.8289
2018,BN_KLT_PTXL_CD,Canada,3092046327.92832
2019,BN_KLT_PTXL_CD,Canada,-1553064964.9316
2020,BN_KLT_PTXL_CD,Canada,-66308924255.0871
2021,BN_KLT_PTXL_CD,Canada,-41444535330.1599
2011,BN_KLT_PTXL_CD,Кыргызстан,324472.23744
2012,BN_KLT_PTXL_CD,Кыргызстан,-5664984.09899
2013,BN_KLT_PTXL_CD,Кыргызстан,-4810928.19574
2014,BN_KLT_PTXL_CD,Кыргызстан,-50400.0
2015,BN_KLT_PTXL_CD,Кыргызстан,129046790.84722
2016,BN_KLT_PTXL_CD,Кыргызстан,7227034.44984
2017,BN_KLT_PTXL_CD,Кыргызстан,24940200.0
2018,BN_KLT_PTXL_CD,Кыргызстан,9224591.10737
2019,BN_KLT_PTXL_CD,Кыргызстан,-24983049.2848
2020,BN_KLT_PTXL_CD,Кыргызстан,-15070294.09241
2021,BN_KLT_PTXL_CD,Кыргызстан,-393631.52224
2002,BN_KLT_PTXL_CD,Azerbaijan,370000.0
2003,BN_KLT_PTXL_CD,Azerbaijan,10000.0
2004,BN_KLT_PTXL_CD,Azerbaijan,18071000.0
2005,BN_KLT_PTXL_CD,Azerbaijan,-30503000.0
2006,BN_KLT_PTXL_CD,Azerbaijan,12048000.0
2007,BN_KLT_PTXL_CD,Azerbaijan,26426000.0
2008,BN_KLT_PTXL_CD,Azerbaijan,347385000.0
2009,BN_KLT_PTXL_CD,Azerbaijan,138797000.0
2010,BN_KLT_PTXL_CD,Azerbaijan,138753000.0
2011,BN_KLT_PTXL_CD,Azerbaijan,316905000.0
2012,BN_KLT_PTXL_CD,Azerbaijan,-268114000.0
2000,BN_KLT_PTXL_CD,Chile,-638785089.14402
2001,BN_KLT_PTXL_CD,Chile,-139271040.64031
2002,BN_KLT_PTXL_CD,Chile,2317291329.01807
2003,BN_KLT_PTXL_CD,Chile,2645298464.5573
2004,BN_KLT_PTXL_CD,Chile,3308467973.89692
2005,BN_KLT_PTXL_CD,Chile,2832954594.25711
2006,BN_KLT_PTXL_CD,Chile,9238473077.25599
2007,BN_KLT_PTXL_CD,Chile,16532381311.4977
2008,BN_KLT_PTXL_CD,Chile,7619480997.24463
2009,BN_KLT_PTXL_CD,Chile,12399495553.8056
2010,BN_KLT_PTXL_CD,Chile,6420718298.25392
2000,BN_KLT_PTXL_CD,Latvia,255582889.50963
2001,BN_KLT_PTXL_CD,Latvia,-105890185.71782
2002,BN_KLT_PTXL_CD,Latvia,166129413.45832
2003,BN_KLT_PTXL_CD,Latvia,197415920.61121
2004,BN_KLT_PTXL_CD,Latvia,-221470667.09956
2005,BN_KLT_PTXL_CD,Latvia,131012152.104
2006,BN_KLT_PTXL_CD,Latvia,-43516163.14508
2007,BN_KLT_PTXL_CD,Latvia,660475143.40647
2008,BN_KLT_PTXL_CD,Latvia,-360579367.21043
2009,BN_KLT_PTXL_CD,Latvia,-169212488.21924
2010,BN_KLT_PTXL_CD,Latvia,332096097.8355
2011,BN_KLT_PTXL_CD,Chile,-11483736237.315
2012,BN_KLT_PTXL_CD,Chile,2943368963.13158
2013,BN_KLT_PTXL_CD,Chile,-4860606280.15282
2014,BN_KLT_PTXL_CD,Chile,-3483412093.97533
2015,BN_KLT_PTXL_CD,Chile,-2152158575.00721
2016,BN_KLT_PTXL_CD,Chile,-2493296128.23269
2017,BN_KLT_PTXL_CD,Chile,4801239628.38825
2018,BN_KLT_PTXL_CD,Chile,-2696279605.54854
2019,BN_KLT_PTXL_CD,Chile,-10607719400.4809
2020,BN_KLT_PTXL_CD,Chile,-13153343482.4588
2021,BN_KLT_PTXL_CD,Chile,-30601327442.1734
2000,BN_KLT_PTXL_CD,Spain,193150266.50589
2001,BN_KLT_PTXL_CD,Spain,16006632980.6785
2002,BN_KLT_PTXL_CD,Spain,-8045639797.58598
2003,BN_KLT_PTXL_CD,Spain,46336293467.8187
2004,BN_KLT_PTXL_CD,Spain,-101811082835.968
2005,BN_KLT_PTXL_CD,Spain,-52688766979.2883
2006,BN_KLT_PTXL_CD,Spain,-231516494892.013
2007,BN_KLT_PTXL_CD,Spain,-116624452752.396
2008,BN_KLT_PTXL_CD,Spain,-2958644870.64489
2009,BN_KLT_PTXL_CD,Spain,-70134615484.9291
2010,BN_KLT_PTXL_CD,Spain,-46489651790.0437
2011,BN_KLT_PTXL_CD,Latvia,638227534.71996
2012,BN_KLT_PTXL_CD,Latvia,-1292740004.01366
2013,BN_KLT_PTXL_CD,Latvia,260618655.03836
2014,BN_KLT_PTXL_CD,Latvia,-14904353.92968
2015,BN_KLT_PTXL_CD,Latvia,2968116624.03763
2016,BN_KLT_PTXL_CD,Latvia,1256259166.90748
2017,BN_KLT_PTXL_CD,Latvia,2635616033.78587
2018,BN_KLT_PTXL_CD,Latvia,-1703663347.74728
2019,BN_KLT_PTXL_CD,Latvia,-689404052.13743
2020,BN_KLT_PTXL_CD,Latvia,4791687334.79164
2021,BN_KLT_PTXL_CD,Latvia,-374878432.75628
2000,BN_KLT_PTXL_CD,China,3990732000.0
2001,BN_KLT_PTXL_CD,China,19405000000.0
2002,BN_KLT_PTXL_CD,China,10342485051.8252
2003,BN_KLT_PTXL_CD,China,-11437115819.9986
2004,BN_KLT_PTXL_CD,China,-19743601592.0469
2005,BN_KLT_PTXL_CD,China,4709837172.2624
2006,BN_KLT_PTXL_CD,China,68416515086.0359
2007,BN_KLT_PTXL_CD,China,-16442973699.6943
2008,BN_KLT_PTXL_CD,China,-34852395243.9119
2009,BN_KLT_PTXL_CD,China,-27087363798.0013
2010,BN_KLT_PTXL_CD,China,-24038442273.013
2011,BN_KLT_PTXL_CD,China,-19639146481.0331
2012,BN_KLT_PTXL_CD,China,-47779274570.0752
2013,BN_KLT_PTXL_CD,China,-52891117744.1311
2014,BN_KLT_PTXL_CD,China,-82429447386.7501
2015,BN_KLT_PTXL_CD,China,66470061883.31
2016,BN_KLT_PTXL_CD,China,52270616754.1906
2017,BN_KLT_PTXL_CD,China,-29497793098.2633
2018,BN_KLT_PTXL_CD,China,-106873525546.721
2019,BN_KLT_PTXL_CD,China,-57947645385.638
2020,BN_KLT_PTXL_CD,China,-95539019942.7
2021,BN_KLT_PTXL_CD,China,-50961837070.82
2000,BN_KLT_PTXL_CD,Lithuania,-264547500.0
2001,BN_KLT_PTXL_CD,Lithuania,-264250000.0
2002,BN_KLT_PTXL_CD,Lithuania,-24304029.86045
2003,BN_KLT_PTXL_CD,Lithuania,-252083175.12392
2004,BN_KLT_PTXL_CD,Lithuania,-230203173.2482
2005,BN_KLT_PTXL_CD,Lithuania,267056362.34721
2006,BN_KLT_PTXL_CD,Lithuania,247013896.3849
2007,BN_KLT_PTXL_CD,Lithuania,228344383.02526
2008,BN_KLT_PTXL_CD,Lithuania,105642000.04853
2009,BN_KLT_PTXL_CD,Lithuania,-1282706255.29515
2010,BN_KLT_PTXL_CD,Lithuania,-2216031563.0923
2000,BN_KLT_PTXL_CD,Colombia,-174690702.91826
2001,BN_KLT_PTXL_CD,Colombia,-1127367087.44187
2002,BN_KLT_PTXL_CD,Colombia,325829401.70681
2003,BN_KLT_PTXL_CD,Colombia,1355200338.65534
2004,BN_KLT_PTXL_CD,Colombia,-229541738.03535
2005,BN_KLT_PTXL_CD,Colombia,1483647015.76349
2006,BN_KLT_PTXL_CD,Colombia,2161464466.72786
2007,BN_KLT_PTXL_CD,Colombia,185515159.61387
2008,BN_KLT_PTXL_CD,Colombia,1011559638.34995
2009,BN_KLT_PTXL_CD,Colombia,-3596426673.62085
2010,BN_KLT_PTXL_CD,Colombia,87969349.72647
2011,BN_KLT_PTXL_CD,Lithuania,-1729452186.82109
2012,BN_KLT_PTXL_CD,Lithuania,-1250530702.67681
2013,BN_KLT_PTXL_CD,Lithuania,1888693892.86967
2014,BN_KLT_PTXL_CD,Lithuania,-1309719655.4205
2015,BN_KLT_PTXL_CD,Lithuania,-85242496.91212
2016,BN_KLT_PTXL_CD,Lithuania,3707438117.70136
2017,BN_KLT_PTXL_CD,Lithuania,1772186359.69554
2018,BN_KLT_PTXL_CD,Lithuania,2078680042.26305
2019,BN_KLT_PTXL_CD,Lithuania,-2655256488.70535
2020,BN_KLT_PTXL_CD,Lithuania,-2077196105.96556
2021,BN_KLT_PTXL_CD,Lithuania,980794146.32753
2011,BN_KLT_PTXL_CD,Colombia,-6170778412.43442
2012,BN_KLT_PTXL_CD,Colombia,-4769352495.38749
2013,BN_KLT_PTXL_CD,Colombia,-7437998248.89892
2014,BN_KLT_PTXL_CD,Colombia,-11564821083.1925
2015,BN_KLT_PTXL_CD,Colombia,-9090890865.79321
2016,BN_KLT_PTXL_CD,Colombia,-4945247233.68481
2017,BN_KLT_PTXL_CD,Colombia,-1799921876.23617
2018,BN_KLT_PTXL_CD,Colombia,862325298.92673
2019,BN_KLT_PTXL_CD,Colombia,24069758.12118
2020,BN_KLT_PTXL_CD,Colombia,-1768105292.06385
2021,BN_KLT_PTXL_CD,Colombia,-4620566272.31991
2002,BN_KLT_PTXL_CD,Luxembourg,-70457147023.4143
2003,BN_KLT_PTXL_CD,Luxembourg,-21090958159.4261
2004,BN_KLT_PTXL_CD,Luxembourg,-52178664071.7164
2005,BN_KLT_PTXL_CD,Luxembourg,-48148171119.3979
2006,BN_KLT_PTXL_CD,Luxembourg,-74608712602.6923
2007,BN_KLT_PTXL_CD,Luxembourg,-133127727320.548
2008,BN_KLT_PTXL_CD,Luxembourg,-37777017540.1968
2009,BN_KLT_PTXL_CD,Luxembourg,51720239188.3567
2010,BN_KLT_PTXL_CD,Luxembourg,-69243702043.1963
2011,BN_KLT_PTXL_CD,Luxembourg,-117269426410.317
2012,BN_KLT_PTXL_CD,Luxembourg,-333562474941.081
2000,BN_KLT_PTXL_CD,Costa Rica,163340200.90186
2001,BN_KLT_PTXL_CD,Costa Rica,-24384978.15613
2002,BN_KLT_PTXL_CD,Costa Rica,-109276346.12974
2003,BN_KLT_PTXL_CD,Costa Rica,-17219991.01422
2004,BN_KLT_PTXL_CD,Costa Rica,52122436.01921
2005,BN_KLT_PTXL_CD,Costa Rica,137868600.62268
2006,BN_KLT_PTXL_CD,Costa Rica,286163347.56884
2007,BN_KLT_PTXL_CD,Costa Rica,92997547.57207
2008,BN_KLT_PTXL_CD,Costa Rica,-249487065.58726
2009,BN_KLT_PTXL_CD,Costa Rica,277988814.43803
2010,BN_KLT_PTXL_CD,Costa Rica,-229151929.10984
2011,BN_KLT_PTXL_CD,Costa Rica,-236908818.4977
2012,BN_KLT_PTXL_CD,Costa Rica,-2137825478.48496
2013,BN_KLT_PTXL_CD,Costa Rica,-2206092835.76989
2014,BN_KLT_PTXL_CD,Costa Rica,-575135570.37473
2015,BN_KLT_PTXL_CD,Costa Rica,-572810644.01118
2016,BN_KLT_PTXL_CD,Costa Rica,-415800574.38541
2017,BN_KLT_PTXL_CD,Costa Rica,-402321655.12056
2018,BN_KLT_PTXL_CD,Costa Rica,1031845477.94223
2019,BN_KLT_PTXL_CD,Costa Rica,-959049837.84639
2020,BN_KLT_PTXL_CD,Costa Rica,1777204054.23644
2021,BN_KLT_PTXL_CD,Costa Rica,3604219805.79122
2013,BN_KLT_PTXL_CD,Azerbaijan,-718509000.0
2014,BN_KLT_PTXL_CD,Azerbaijan,-1321422000.0
2015,BN_KLT_PTXL_CD,Azerbaijan,-1080758000.0
2016,BN_KLT_PTXL_CD,Azerbaijan,-487854000.0
2017,BN_KLT_PTXL_CD,Azerbaijan,-2668891000.0
2018,BN_KLT_PTXL_CD,Azerbaijan,1240981000.0
2019,BN_KLT_PTXL_CD,Azerbaijan,388636730.48852
2020,BN_KLT_PTXL_CD,Azerbaijan,281845000.0
2021,BN_KLT_PTXL_CD,Azerbaijan,518996000.0
2000,BN_KLT_PTXL_CD,Australia,-4071338217.67303
2001,BN_KLT_PTXL_CD,Australia,-6371942604.39432
2013,BN_KLT_PTXL_CD,Luxembourg,-106982811091.199
2014,BN_KLT_PTXL_CD,Luxembourg,-127940645440.186
2015,BN_KLT_PTXL_CD,Luxembourg,-176068259851.311
2016,BN_KLT_PTXL_CD,Luxembourg,-130093273736.77
2017,BN_KLT_PTXL_CD,Luxembourg,-75971456388.8715
2018,BN_KLT_PTXL_CD,Luxembourg,-109079290388.272
2019,BN_KLT_PTXL_CD,Luxembourg,-111090154998.956
2020,BN_KLT_PTXL_CD,Luxembourg,16991908386.5773
2021,BN_KLT_PTXL_CD,Luxembourg,-245240444247.994
2000,BN_KLT_PTXL_CD,Malta,711088361.58205
2001,BN_KLT_PTXL_CD,Malta,497967049.68745
2000,BN_KLT_PTXL_CD,Croatia,-752211568.85687
2001,BN_KLT_PTXL_CD,Croatia,-636637831.69774
2002,BN_KLT_PTXL_CD,Croatia,414178634.01413
2003,BN_KLT_PTXL_CD,Croatia,-957252827.44808
2004,BN_KLT_PTXL_CD,Croatia,-385012532.10353
2005,BN_KLT_PTXL_CD,Croatia,1509372369.22426
2006,BN_KLT_PTXL_CD,Croatia,322005619.51682
2007,BN_KLT_PTXL_CD,Croatia,-489315328.87692
2008,BN_KLT_PTXL_CD,Croatia,1040062339.79178
2009,BN_KLT_PTXL_CD,Croatia,-711344401.06416
2010,BN_KLT_PTXL_CD,Croatia,-387163285.5835
2002,BN_KLT_PTXL_CD,Malta,382971826.58335
2003,BN_KLT_PTXL_CD,Malta,1591188870.03158
2004,BN_KLT_PTXL_CD,Malta,3378966868.95244
2005,BN_KLT_PTXL_CD,Malta,14873201528.5209
2006,BN_KLT_PTXL_CD,Malta,7911957894.78976
2007,BN_KLT_PTXL_CD,Malta,15435771172.5034
2008,BN_KLT_PTXL_CD,Malta,4276617349.12242
2009,BN_KLT_PTXL_CD,Malta,8940437351.00139
2010,BN_KLT_PTXL_CD,Malta,6419000793.21441
2011,BN_KLT_PTXL_CD,Malta,16214823265.3548
2012,BN_KLT_PTXL_CD,Malta,12106149029.6064
2013,BN_KLT_PTXL_CD,Malta,12041118222.5171
2014,BN_KLT_PTXL_CD,Malta,17571617623.4493
2015,BN_KLT_PTXL_CD,Malta,5421292725.96894
2016,BN_KLT_PTXL_CD,Malta,5277082554.36298
2017,BN_KLT_PTXL_CD,Malta,7702691134.9325
2018,BN_KLT_PTXL_CD,Malta,3708860832.98371
2019,BN_KLT_PTXL_CD,Malta,5298554334.13299
2020,BN_KLT_PTXL_CD,Malta,7314975725.17917
2021,BN_KLT_PTXL_CD,Malta,8314213662.0305
2000,BN_KLT_PTXL_CD,Mexico,-1741762778.0
2001,BN_KLT_PTXL_CD,Mexico,-5010294721.0
2002,BN_KLT_PTXL_CD,Australia,-339472612.55456
2003,BN_KLT_PTXL_CD,Australia,-41260991987.6558
2004,BN_KLT_PTXL_CD,Australia,-15943896031.8959
2005,BN_KLT_PTXL_CD,Australia,-32719174101.3441
2006,BN_KLT_PTXL_CD,Australia,-52294971642.3073
2007,BN_KLT_PTXL_CD,Australia,23452260087.7344
2008,BN_KLT_PTXL_CD,Australia,-32866552387.3277
2009,BN_KLT_PTXL_CD,Australia,-75822478795.4847
2010,BN_KLT_PTXL_CD,Australia,-68783482636.1992
2011,BN_KLT_PTXL_CD,Australia,-28743543870.8269
2012,BN_KLT_PTXL_CD,Australia,-13510777356.9062
2011,BN_KLT_PTXL_CD,Croatia,-876149521.90058
2012,BN_KLT_PTXL_CD,Croatia,-2269441779.39571
2013,BN_KLT_PTXL_CD,Croatia,-2687531657.97184
2014,BN_KLT_PTXL_CD,Croatia,927434328.42558
2015,BN_KLT_PTXL_CD,Croatia,-186719373.14591
2016,BN_KLT_PTXL_CD,Croatia,1532198362.48591
2017,BN_KLT_PTXL_CD,Croatia,447509502.45201
2018,BN_KLT_PTXL_CD,Croatia,1179324639.6635
2019,BN_KLT_PTXL_CD,Croatia,1489778542.95541
2020,BN_KLT_PTXL_CD,Croatia,-6510970.71706
2021,BN_KLT_PTXL_CD,Croatia,-106363156.86127
2002,BN_KLT_PTXL_CD,Mexico,2090523947.0
2003,BN_KLT_PTXL_CD,Mexico,-4970957027.0
2004,BN_KLT_PTXL_CD,Mexico,-4293496683.0
2005,BN_KLT_PTXL_CD,Mexico,13397851321.0
2006,BN_KLT_PTXL_CD,Mexico,1162324207.0
2007,BN_KLT_PTXL_CD,Mexico,793127192.0
2008,BN_KLT_PTXL_CD,Mexico,-17386053277.0
2009,BN_KLT_PTXL_CD,Mexico,16829392971.0
2010,BN_KLT_PTXL_CD,Mexico,-30714202262.0
2011,BN_KLT_PTXL_CD,Mexico,-43327174112.0
2012,BN_KLT_PTXL_CD,Mexico,-60444315320.0
2000,BN_KLT_PTXL_CD,Cyprus,283736203.84256
2001,BN_KLT_PTXL_CD,Cyprus,-268461831.09057
2002,BN_KLT_PTXL_CD,Cyprus,576588134.73763
2003,BN_KLT_PTXL_CD,Cyprus,-281277650.89057
2004,BN_KLT_PTXL_CD,Cyprus,-1166466444.83977
2005,BN_KLT_PTXL_CD,Cyprus,53736897.21241
2006,BN_KLT_PTXL_CD,Cyprus,148174851.29423
2007,BN_KLT_PTXL_CD,Cyprus,496154283.12281
2008,BN_KLT_PTXL_CD,Cyprus,17589198485.0276
2009,BN_KLT_PTXL_CD,Cyprus,14759577469.868
2010,BN_KLT_PTXL_CD,Cyprus,572404070.0955
2011,BN_KLT_PTXL_CD,Spain,44898570684.8547
2012,BN_KLT_PTXL_CD,Spain,54218098936.9317
2013,BN_KLT_PTXL_CD,Spain,-86445930881.287
2014,BN_KLT_PTXL_CD,Spain,-7982916147.76752
2015,BN_KLT_PTXL_CD,Spain,11991763762.0947
2016,BN_KLT_PTXL_CD,Spain,64996063918.3728
2017,BN_KLT_PTXL_CD,Spain,34991893869.6909
2018,BN_KLT_PTXL_CD,Spain,28823038904.1121
2019,BN_KLT_PTXL_CD,Spain,-56072941242.5312
2020,BN_KLT_PTXL_CD,Spain,87401866798.0701
2021,BN_KLT_PTXL_CD,Spain,41977492347.4034
2000,BN_KLT_PTXL_CD,Sweden,4933115541.10664
2001,BN_KLT_PTXL_CD,Sweden,15121673086.5271
2002,BN_KLT_PTXL_CD,Sweden,12427216987.1663
2003,BN_KLT_PTXL_CD,Sweden,9995721120.88315
2004,BN_KLT_PTXL_CD,Sweden,24582429794.1327
2005,BN_KLT_PTXL_CD,Sweden,-691204237.93311
2006,BN_KLT_PTXL_CD,Sweden,21938675955.9013
2007,BN_KLT_PTXL_CD,Sweden,-16629834870.7864
2008,BN_KLT_PTXL_CD,Sweden,24765366537.4567
2009,BN_KLT_PTXL_CD,Sweden,-64762828640.3245
2010,BN_KLT_PTXL_CD,Sweden,-23397433570.9919
2011,BN_KLT_PTXL_CD,Sweden,-28812709433.3501
2012,BN_KLT_PTXL_CD,Sweden,-16462587115.3118
2013,BN_KLT_PTXL_CD,Sweden,-48766676206.3936
2014,BN_KLT_PTXL_CD,Sweden,23470898279.0201
2015,BN_KLT_PTXL_CD,Sweden,-13132159043.8249
2016,BN_KLT_PTXL_CD,Sweden,6307645670.26877
2017,BN_KLT_PTXL_CD,Sweden,3858366621.67701
2018,BN_KLT_PTXL_CD,Sweden,-10655491353.3795
2019,BN_KLT_PTXL_CD,Sweden,11159295336.5549
2020,BN_KLT_PTXL_CD,Sweden,-7987372634.61507
2021,BN_KLT_PTXL_CD,Sweden,64384029433.5708
2000,BN_KLT_PTXL_CD,Switzerland,17703976369.0289
2001,BN_KLT_PTXL_CD,Switzerland,47737941011.0643
2002,BN_KLT_PTXL_CD,Switzerland,22212847297.5854
2003,BN_KLT_PTXL_CD,Switzerland,38580674668.6304
2004,BN_KLT_PTXL_CD,Switzerland,41856884488.8771
2005,BN_KLT_PTXL_CD,Switzerland,44936010295.3201
2006,BN_KLT_PTXL_CD,Switzerland,45846544159.6818
2007,BN_KLT_PTXL_CD,Switzerland,37446227495.2297
2008,BN_KLT_PTXL_CD,Switzerland,32847102397.3324
2009,BN_KLT_PTXL_CD,Switzerland,24840432229.5298
2010,BN_KLT_PTXL_CD,Switzerland,-35391397570.8052
2011,BN_KLT_PTXL_CD,Switzerland,19921515196.1734
2012,BN_KLT_PTXL_CD,Switzerland,-18697917249.5328
2013,BN_KLT_PTXL_CD,Switzerland,17515938150.2996
2014,BN_KLT_PTXL_CD,Switzerland,7438118749.65299
2015,BN_KLT_PTXL_CD,Switzerland,56256006750.4848
2016,BN_KLT_PTXL_CD,Switzerland,5230868765.85044
2017,BN_KLT_PTXL_CD,Switzerland,26659762624.1551
2018,BN_KLT_PTXL_CD,Switzerland,11078618274.5849
2019,BN_KLT_PTXL_CD,Switzerland,5629256916.15297
2020,BN_KLT_PTXL_CD,Switzerland,33123182815.2066
2021,BN_KLT_PTXL_CD,Switzerland,37676333843.3347
2013,BN_KLT_PTXL_CD,Mexico,-44515531367.0
2014,BN_KLT_PTXL_CD,Mexico,-44914027593.0
2015,BN_KLT_PTXL_CD,Mexico,-17455041727.0
2016,BN_KLT_PTXL_CD,Mexico,-26599547793.0
2017,BN_KLT_PTXL_CD,Mexico,-10983281674.0
2018,BN_KLT_PTXL_CD,Mexico,-8604975014.0
2019,BN_KLT_PTXL_CD,Mexico,-7076157795.0
2020,BN_KLT_PTXL_CD,Mexico,10308877679.0
2021,BN_KLT_PTXL_CD,Mexico,41534993814.0
2000,BN_KLT_PTXL_CD,Republic of Moldova,-117230000.0
2001,BN_KLT_PTXL_CD,Republic of Moldova,32380000.0
2011,BN_KLT_PTXL_CD,Cyprus,-11081010104.4591
2012,BN_KLT_PTXL_CD,Cyprus,-7243225859.655
2013,BN_KLT_PTXL_CD,Cyprus,-17392871100.8284
2014,BN_KLT_PTXL_CD,Cyprus,-4443762951.72993
2015,BN_KLT_PTXL_CD,Cyprus,-2224738711.14253
2016,BN_KLT_PTXL_CD,Cyprus,-4082648982.13701
2017,BN_KLT_PTXL_CD,Cyprus,-1115271534.42655
2018,BN_KLT_PTXL_CD,Cyprus,-3599932608.49164
2019,BN_KLT_PTXL_CD,Cyprus,3223054201.88843
2020,BN_KLT_PTXL_CD,Cyprus,-4539954387.59362
2021,BN_KLT_PTXL_CD,Cyprus,-1042247649.27628
2002,BN_KLT_PTXL_CD,Republic of Moldova,27380000.0
2003,BN_KLT_PTXL_CD,Republic of Moldova,23750000.0
2004,BN_KLT_PTXL_CD,Republic of Moldova,9770000.0
2005,BN_KLT_PTXL_CD,Republic of Moldova,6950000.0
2006,BN_KLT_PTXL_CD,Republic of Moldova,4790000.0
2007,BN_KLT_PTXL_CD,Republic of Moldova,4510000.0
2008,BN_KLT_PTXL_CD,Republic of Moldova,-6250000.0
2009,BN_KLT_PTXL_CD,Republic of Moldova,5870000.0
2010,BN_KLT_PTXL_CD,Republic of Moldova,-1000000.0
2011,BN_KLT_PTXL_CD,Republic of Moldova,30000.0
2012,BN_KLT_PTXL_CD,Republic of Moldova,-21340000.0
2000,BN_KLT_PTXL_CD,Czechia,1753932321.83225
2001,BN_KLT_PTXL_CD,Czechia,-923177763.40491
2002,BN_KLT_PTXL_CD,Czechia,1558688352.3761
2003,BN_KLT_PTXL_CD,Czechia,1180698607.7655
2004,BN_KLT_PTXL_CD,Czechia,-1971735865.52597
2005,BN_KLT_PTXL_CD,Czechia,3385714904.17915
2006,BN_KLT_PTXL_CD,Czechia,1127313529.68175
2007,BN_KLT_PTXL_CD,Czechia,2736101019.2426
2008,BN_KLT_PTXL_CD,Czechia,40319383.29574
2009,BN_KLT_PTXL_CD,Czechia,-8587721032.40067
2010,BN_KLT_PTXL_CD,Czechia,-7730548253.86315
2013,BN_KLT_PTXL_CD,Australia,-48820196571.5361
2014,BN_KLT_PTXL_CD,Australia,-20969804694.9674
2015,BN_KLT_PTXL_CD,Australia,-42228978474.9284
2016,BN_KLT_PTXL_CD,Australia,31210790667.4015
2017,BN_KLT_PTXL_CD,Australia,-23718735774.46
2018,BN_KLT_PTXL_CD,Australia,14855578627.9278
2019,BN_KLT_PTXL_CD,Australia,32990092828.0196
2020,BN_KLT_PTXL_CD,Australia,16359645600.7763
2021,BN_KLT_PTXL_CD,Australia,66098373522.8914
2005,BN_KLT_PTXL_CD,Austria,13486166169.8905
2006,BN_KLT_PTXL_CD,Austria,-14464616321.0065
2013,BN_KLT_PTXL_CD,Republic of Moldova,-2980000.0
2014,BN_KLT_PTXL_CD,Republic of Moldova,-7230000.0
2015,BN_KLT_PTXL_CD,Republic of Moldova,-4040000.0
2016,BN_KLT_PTXL_CD,Republic of Moldova,-360000.0
2017,BN_KLT_PTXL_CD,Republic of Moldova,-270000.0
2018,BN_KLT_PTXL_CD,Republic of Moldova,3600000.0
2019,BN_KLT_PTXL_CD,Republic of Moldova,-15090000.0
2020,BN_KLT_PTXL_CD,Republic of Moldova,860000.0
2021,BN_KLT_PTXL_CD,Republic of Moldova,-4930000.0
2007,BN_KLT_PTXL_CD,Montenegro,8184880.09314
2008,BN_KLT_PTXL_CD,Montenegro,22420746.32871
2009,BN_KLT_PTXL_CD,Montenegro,57709666.87545
2010,BN_KLT_PTXL_CD,Montenegro,-246743711.54771
2011,BN_KLT_PTXL_CD,Montenegro,-214739806.23812
2012,BN_KLT_PTXL_CD,Montenegro,32000470.67698
2013,BN_KLT_PTXL_CD,Montenegro,-58149195.06193
2014,BN_KLT_PTXL_CD,Montenegro,-120394818.04403
2015,BN_KLT_PTXL_CD,Montenegro,-136838793.79584
2016,BN_KLT_PTXL_CD,Montenegro,9617698.11455
2017,BN_KLT_PTXL_CD,Montenegro,-30013040.91033
2018,BN_KLT_PTXL_CD,Montenegro,-161733780.13171
2019,BN_KLT_PTXL_CD,Montenegro,-371180417.35499
2002,BN_KLT_PTXL_CD,Таджикистан,-1512900.0
2003,BN_KLT_PTXL_CD,Таджикистан,-343300.0
2004,BN_KLT_PTXL_CD,Таджикистан,-5299500.0
2005,BN_KLT_PTXL_CD,Таджикистан,0.0
2006,BN_KLT_PTXL_CD,Таджикистан,0.0
2007,BN_KLT_PTXL_CD,Таджикистан,43073.83507
2008,BN_KLT_PTXL_CD,Таджикистан,-23310.87592
2009,BN_KLT_PTXL_CD,Таджикистан,0.0
2010,BN_KLT_PTXL_CD,Таджикистан,-6006706.55231
2011,BN_KLT_PTXL_CD,Таджикистан,490907.3766
2012,BN_KLT_PTXL_CD,Таджикистан,-113134.43139
2020,BN_KLT_PTXL_CD,Montenegro,-493501313.55073
2021,BN_KLT_PTXL_CD,Montenegro,648678227.60526
2000,BN_KLT_PTXL_CD,Netherlands (Kingdom of the),10393816212.709
2001,BN_KLT_PTXL_CD,Netherlands (Kingdom of the),-13199772858.1101
2002,BN_KLT_PTXL_CD,Netherlands (Kingdom of the),14520083207.6549
2003,BN_KLT_PTXL_CD,Netherlands (Kingdom of the),-21870792410.691
2004,BN_KLT_PTXL_CD,Netherlands (Kingdom of the),38690074764.8273
2005,BN_KLT_PTXL_CD,Netherlands (Kingdom of the),-52719265968.7727
2006,BN_KLT_PTXL_CD,Netherlands (Kingdom of the),-88405428697.5782
2007,BN_KLT_PTXL_CD,Netherlands (Kingdom of the),115130076630.074
2008,BN_KLT_PTXL_CD,Netherlands (Kingdom of the),-91885784995.3547
2009,BN_KLT_PTXL_CD,Netherlands (Kingdom of the),8436712238.1748
2010,BN_KLT_PTXL_CD,Netherlands (Kingdom of the),-51548522390.1872
2011,BN_KLT_PTXL_CD,Netherlands (Kingdom of the),-1513006849.29043
2012,BN_KLT_PTXL_CD,Netherlands (Kingdom of the),74310505138.6056
2013,BN_KLT_PTXL_CD,Netherlands (Kingdom of the),5344474297.88682
2014,BN_KLT_PTXL_CD,Netherlands (Kingdom of the),59571398822.2057
2015,BN_KLT_PTXL_CD,Netherlands (Kingdom of the),-39371656227.6079
2016,BN_KLT_PTXL_CD,Netherlands (Kingdom of the),28548407634.4289
2017,BN_KLT_PTXL_CD,Netherlands (Kingdom of the),43681990207.6114
2018,BN_KLT_PTXL_CD,Netherlands (Kingdom of the),8466672375.6954
2019,BN_KLT_PTXL_CD,Netherlands (Kingdom of the),37914026361.4451
2020,BN_KLT_PTXL_CD,Netherlands (Kingdom of the),211394372561.957
2021,BN_KLT_PTXL_CD,Netherlands (Kingdom of the),-93769720551.2256
2000,BN_KLT_PTXL_CD,New Zealand,1134917710.30081
2001,BN_KLT_PTXL_CD,New Zealand,-1058198254.64079
2002,BN_KLT_PTXL_CD,New Zealand,-679026436.79532
2003,BN_KLT_PTXL_CD,New Zealand,-2811755943.61921
2004,BN_KLT_PTXL_CD,New Zealand,-7489559964.673
2005,BN_KLT_PTXL_CD,New Zealand,-2784754705.96883
2006,BN_KLT_PTXL_CD,New Zealand,-1623221495.31675
2007,BN_KLT_PTXL_CD,New Zealand,-11290779591.3784
2008,BN_KLT_PTXL_CD,New Zealand,5451293103.65906
2009,BN_KLT_PTXL_CD,New Zealand,-2698178072.26599
2010,BN_KLT_PTXL_CD,New Zealand,-4126749972.86954
2011,BN_KLT_PTXL_CD,New Zealand,-2929192153.51756
2012,BN_KLT_PTXL_CD,New Zealand,-5584301705.14048
2013,BN_KLT_PTXL_CD,New Zealand,3509631492.70323
2014,BN_KLT_PTXL_CD,New Zealand,-3092674164.44496
2015,BN_KLT_PTXL_CD,New Zealand,-2601455759.34878
2016,BN_KLT_PTXL_CD,New Zealand,-6394152576.64544
2007,BN_KLT_PTXL_CD,Austria,-30156335591.4615
2008,BN_KLT_PTXL_CD,Austria,-35794385278.1026
2009,BN_KLT_PTXL_CD,Austria,11020870945.4538
2010,BN_KLT_PTXL_CD,Austria,9928912012.1209
2011,BN_KLT_PTXL_CD,Austria,-22293917751.6163
2012,BN_KLT_PTXL_CD,Austria,-7456431452.07485
2013,BN_KLT_PTXL_CD,Austria,-2767331470.73615
2014,BN_KLT_PTXL_CD,Austria,16596452155.8874
2015,BN_KLT_PTXL_CD,Austria,15635864057.9655
2016,BN_KLT_PTXL_CD,Austria,26648727355.1776
2017,BN_KLT_PTXL_CD,Austria,21361937959.6275
2017,BN_KLT_PTXL_CD,New Zealand,-42388717.66504
2018,BN_KLT_PTXL_CD,New Zealand,-91949127.76344
2019,BN_KLT_PTXL_CD,New Zealand,3816435469.08176
2020,BN_KLT_PTXL_CD,New Zealand,9231640746.91749
2021,BN_KLT_PTXL_CD,New Zealand,-9431888179.04803
2000,BN_KLT_PTXL_CD,Norway,15300429131.6927
2001,BN_KLT_PTXL_CD,Norway,27078672034.0493
2002,BN_KLT_PTXL_CD,Norway,18310202137.1887
2003,BN_KLT_PTXL_CD,Norway,6160488137.93307
2004,BN_KLT_PTXL_CD,Norway,28677594997.743
2005,BN_KLT_PTXL_CD,Norway,8011306667.13284
2006,BN_KLT_PTXL_CD,Norway,76986339337.266
2007,BN_KLT_PTXL_CD,Norway,20297026964.8498
2008,BN_KLT_PTXL_CD,Norway,112411828962.21
2009,BN_KLT_PTXL_CD,Norway,-2433797087.25333
2010,BN_KLT_PTXL_CD,Norway,14621109898.4211
2011,BN_KLT_PTXL_CD,Norway,42144125513.1796
2012,BN_KLT_PTXL_CD,Norway,51150373380.8087
2013,BN_KLT_PTXL_CD,Norway,58582833588.4258
2014,BN_KLT_PTXL_CD,Norway,21261603259.8336
2015,BN_KLT_PTXL_CD,Norway,34615319952.0103
2016,BN_KLT_PTXL_CD,Norway,7316867612.03795
2018,BN_KLT_PTXL_CD,Austria,4117919283.04939
2019,BN_KLT_PTXL_CD,Austria,-3835255637.33764
2020,BN_KLT_PTXL_CD,Austria,-14109692951.539
2021,BN_KLT_PTXL_CD,Austria,11199081026.1909
2000,BN_KLT_PTXL_CD,Armenia,18868760.81715
2001,BN_KLT_PTXL_CD,Armenia,5710093.6091
2002,BN_KLT_PTXL_CD,Armenia,-1555182.4818
2003,BN_KLT_PTXL_CD,Armenia,-260345.56443
2004,BN_KLT_PTXL_CD,Armenia,2757763.81964
2005,BN_KLT_PTXL_CD,Armenia,2789183.60906
2006,BN_KLT_PTXL_CD,Armenia,-9353004.74096
2007,BN_KLT_PTXL_CD,Armenia,8005254.79475
2008,BN_KLT_PTXL_CD,Armenia,-11959925.81791
2009,BN_KLT_PTXL_CD,Armenia,4168083.36024
2010,BN_KLT_PTXL_CD,Armenia,-18299902.97823
2011,BN_KLT_PTXL_CD,Armenia,8357151.82319
2012,BN_KLT_PTXL_CD,Armenia,-834407.27492
2013,BN_KLT_PTXL_CD,Armenia,-689445536.43419
2014,BN_KLT_PTXL_CD,Armenia,38353674.5448
2015,BN_KLT_PTXL_CD,Armenia,-235401572.35026
2016,BN_KLT_PTXL_CD,Armenia,-33712091.4264
2017,BN_KLT_PTXL_CD,Armenia,80687873.65318
2018,BN_KLT_PTXL_CD,Armenia,39904440.1394
2019,BN_KLT_PTXL_CD,Armenia,-28859828.94358
2020,BN_KLT_PTXL_CD,Armenia,43674072.50789
2021,BN_KLT_PTXL_CD,Armenia,-672026508.199
2002,BN_KLT_PTXL_CD,Belgium,-14458432463.0605
2003,BN_KLT_PTXL_CD,Belgium,-590055393.26455
2004,BN_KLT_PTXL_CD,Belgium,30531696813.2395
2005,BN_KLT_PTXL_CD,Belgium,44624567668.2653
2006,BN_KLT_PTXL_CD,Belgium,9222246422.85125
2007,BN_KLT_PTXL_CD,Belgium,43001743271.4916
2008,BN_KLT_PTXL_CD,Belgium,-47740894791.51
2009,BN_KLT_PTXL_CD,Belgium,-40293613296.0901
2010,BN_KLT_PTXL_CD,Belgium,27356904994.8053
2011,BN_KLT_PTXL_CD,Belgium,23130834275.9063
2012,BN_KLT_PTXL_CD,Belgium,-63169390964.541
2013,BN_KLT_PTXL_CD,Belgium,-39847341454.0535
2014,BN_KLT_PTXL_CD,Belgium,-19241546676.6602
2015,BN_KLT_PTXL_CD,Belgium,-20874189176.7186
2016,BN_KLT_PTXL_CD,Belgium,12688281840.197
2017,BN_KLT_PTXL_CD,Belgium,12073676727.0043
2018,BN_KLT_PTXL_CD,Belgium,-4085459372.14271
2019,BN_KLT_PTXL_CD,Belgium,-7681097465.36752
2020,BN_KLT_PTXL_CD,Belgium,23074049380.7461
2021,BN_KLT_PTXL_CD,Belgium,9484451506.13396
2000,BN_KLT_PTXL_CD,Bosnia and Herzegovina,0.0
2001,BN_KLT_PTXL_CD,Bosnia and Herzegovina,0.0
2002,BN_KLT_PTXL_CD,Bosnia and Herzegovina,0.0
2003,BN_KLT_PTXL_CD,Bosnia and Herzegovina,0.0
2004,BN_KLT_PTXL_CD,Bosnia and Herzegovina,2836025.62936
2005,BN_KLT_PTXL_CD,Bosnia and Herzegovina,-2566375.55372
2006,BN_KLT_PTXL_CD,Bosnia and Herzegovina,388430.24734
2007,BN_KLT_PTXL_CD,Bosnia and Herzegovina,2701902.01492
2008,BN_KLT_PTXL_CD,Bosnia and Herzegovina,20715674.21264
2009,BN_KLT_PTXL_CD,Bosnia and Herzegovina,204150908.02742
2010,BN_KLT_PTXL_CD,Bosnia and Herzegovina,121005146.35935
2011,BN_KLT_PTXL_CD,Bosnia and Herzegovina,34933677.17534
2012,BN_KLT_PTXL_CD,Bosnia and Herzegovina,12622204.86398
2013,BN_KLT_PTXL_CD,Bosnia and Herzegovina,98103926.62533
2014,BN_KLT_PTXL_CD,Bosnia and Herzegovina,69960410.4021
2015,BN_KLT_PTXL_CD,Bosnia and Herzegovina,61636693.7991
2016,BN_KLT_PTXL_CD,Bosnia and Herzegovina,94816416.2217
2017,BN_KLT_PTXL_CD,Bosnia and Herzegovina,89476552.73999
2018,BN_KLT_PTXL_CD,Bosnia and Herzegovina,149838740.93335
2017,BN_KLT_PTXL_CD,Norway,18835914024.8886
2018,BN_KLT_PTXL_CD,Norway,31658798751.7781
2019,BN_KLT_PTXL_CD,Norway,7398341129.38297
2020,BN_KLT_PTXL_CD,Norway,5433217717.59889
2021,BN_KLT_PTXL_CD,Norway,41434100529.5113
2000,BN_KLT_PTXL_CD,Poland,-3339000000.0
2001,BN_KLT_PTXL_CD,Poland,-1115000000.0
2002,BN_KLT_PTXL_CD,Poland,-1894000000.0
2003,BN_KLT_PTXL_CD,Poland,-2444000000.0
2004,BN_KLT_PTXL_CD,Poland,-9242000000.0
2005,BN_KLT_PTXL_CD,Poland,-12583000000.0
2006,BN_KLT_PTXL_CD,Poland,2944000000.0
2007,BN_KLT_PTXL_CD,Poland,6224000000.0
2008,BN_KLT_PTXL_CD,Poland,2360000000.0
2009,BN_KLT_PTXL_CD,Poland,-14755000000.0
2010,BN_KLT_PTXL_CD,Poland,-29040000000.0
2011,BN_KLT_PTXL_CD,Poland,-17355000000.0
2012,BN_KLT_PTXL_CD,Poland,-19665000000.0
2013,BN_KLT_PTXL_CD,Poland,-349000000.0
2014,BN_KLT_PTXL_CD,Poland,2088000000.0
2015,BN_KLT_PTXL_CD,Poland,3090000000.0
2016,BN_KLT_PTXL_CD,Poland,-3726000000.0
2017,BN_KLT_PTXL_CD,Poland,-4593000000.0
2018,BN_KLT_PTXL_CD,Poland,4413000000.0
2019,BN_KLT_PTXL_CD,Poland,11824000000.0
2020,BN_KLT_PTXL_CD,Poland,6799000000.0
2021,BN_KLT_PTXL_CD,Poland,11570000000.0
2000,BN_KLT_PTXL_CD,Portugal,-301757636.82094
2001,BN_KLT_PTXL_CD,Portugal,-5111938847.49946
2002,BN_KLT_PTXL_CD,Portugal,-4043727577.08086
2003,BN_KLT_PTXL_CD,Portugal,5036383940.41337
2004,BN_KLT_PTXL_CD,Portugal,-707945768.97556
2005,BN_KLT_PTXL_CD,Portugal,-1163420372.56404
2006,BN_KLT_PTXL_CD,Portugal,-6463782894.21468
2007,BN_KLT_PTXL_CD,Portugal,-14241494287.765
2008,BN_KLT_PTXL_CD,Portugal,-24804336793.2276
2009,BN_KLT_PTXL_CD,Portugal,-20570910764.7465
2010,BN_KLT_PTXL_CD,Portugal,13926934478.4992
2011,BN_KLT_PTXL_CD,Portugal,6628075997.7474
2012,BN_KLT_PTXL_CD,Portugal,38115525754.4292
2013,BN_KLT_PTXL_CD,Portugal,7051053443.96307
2014,BN_KLT_PTXL_CD,Portugal,-2523306362.02133
2015,BN_KLT_PTXL_CD,Portugal,437889540.96744
2016,BN_KLT_PTXL_CD,Portugal,16561522987.9765
2017,BN_KLT_PTXL_CD,Portugal,10295087415.2215
2018,BN_KLT_PTXL_CD,Portugal,10859319742.6558
2019,BN_KLT_PTXL_CD,Portugal,8974408530.87122
2020,BN_KLT_PTXL_CD,Portugal,5897710105.34829
2021,BN_KLT_PTXL_CD,Portugal,15337557339.3216
2000,BN_KLT_PTXL_CD,Romania,-101000000.0
2001,BN_KLT_PTXL_CD,Romania,-575000000.0
2002,BN_KLT_PTXL_CD,Romania,-382000000.0
2003,BN_KLT_PTXL_CD,Romania,-578000000.0
2004,BN_KLT_PTXL_CD,Romania,531000000.0
2005,BN_KLT_PTXL_CD,Romania,-962782314.69876
2006,BN_KLT_PTXL_CD,Romania,249012903.21976
2007,BN_KLT_PTXL_CD,Romania,-618843297.95686
2008,BN_KLT_PTXL_CD,Romania,705734742.747
2009,BN_KLT_PTXL_CD,Romania,-761289050.01406
2010,BN_KLT_PTXL_CD,Romania,-1259705809.98399
2011,BN_KLT_PTXL_CD,Romania,-2464756150.09933
2012,BN_KLT_PTXL_CD,Romania,-4614205829.17328
2013,BN_KLT_PTXL_CD,Romania,-7179974208.428
2014,BN_KLT_PTXL_CD,Romania,-3771795274.252
2015,BN_KLT_PTXL_CD,Romania,53009934.5251
2016,BN_KLT_PTXL_CD,Romania,-1038035995.31849
2017,BN_KLT_PTXL_CD,Romania,-3358280108.97697
2018,BN_KLT_PTXL_CD,Romania,-3414517857.76604
2019,BN_KLT_PTXL_CD,Romania,-2712972893.12877
2020,BN_KLT_PTXL_CD,Romania,-15273581716.933
2021,BN_KLT_PTXL_CD,Romania,-4152233441.62978
2007,BN_KLT_PTXL_CD,Serbia,-917862803.15092
2008,BN_KLT_PTXL_CD,Serbia,132534527.90796
2009,BN_KLT_PTXL_CD,Serbia,65142855.9816
2010,BN_KLT_PTXL_CD,Serbia,-94479169.42874
2011,BN_KLT_PTXL_CD,Serbia,-2245147454.47339
2012,BN_KLT_PTXL_CD,Serbia,-2176251948.16811
2013,BN_KLT_PTXL_CD,Serbia,-2530880357.21878
2014,BN_KLT_PTXL_CD,Serbia,-489712787.43034
2015,BN_KLT_PTXL_CD,Serbia,307287602.31368
2016,BN_KLT_PTXL_CD,Serbia,1013880033.17057
2017,BN_KLT_PTXL_CD,Serbia,951578941.03997
2018,BN_KLT_PTXL_CD,Serbia,1023033598.17134
2019,BN_KLT_PTXL_CD,Serbia,-210727798.65162
2020,BN_KLT_PTXL_CD,Serbia,-1802998095.75374
2021,BN_KLT_PTXL_CD,Serbia,-1866561722.30108
2000,BN_KLT_PTXL_CD,Slovakia,-821123051.7545
2001,BN_KLT_PTXL_CD,Slovakia,270044489.23161
2002,BN_KLT_PTXL_CD,Slovakia,-553050757.36182
2003,BN_KLT_PTXL_CD,Slovakia,573862916.24193
2004,BN_KLT_PTXL_CD,Slovakia,-189911972.28249
2005,BN_KLT_PTXL_CD,Slovakia,4149410926.09435
2006,BN_KLT_PTXL_CD,Slovakia,-4230527935.42311
2007,BN_KLT_PTXL_CD,Slovakia,2465034430.14385
2008,BN_KLT_PTXL_CD,Slovakia,-411397913.78063
2009,BN_KLT_PTXL_CD,Slovakia,2379719254.73087
2010,BN_KLT_PTXL_CD,Slovakia,-1679198396.9951
2011,BN_KLT_PTXL_CD,Slovakia,173441265.78439
2012,BN_KLT_PTXL_CD,Slovakia,-10604047838.0058
2013,BN_KLT_PTXL_CD,Slovakia,-8649153001.21976
2014,BN_KLT_PTXL_CD,Slovakia,-2399737012.16758
2015,BN_KLT_PTXL_CD,Slovakia,2037329534.31767
2016,BN_KLT_PTXL_CD,Slovakia,4393223325.36944
2017,BN_KLT_PTXL_CD,Slovakia,986411551.62176
2018,BN_KLT_PTXL_CD,Slovakia,4404240339.12266
2019,BN_KLT_PTXL_CD,Slovakia,355722554.67803
2020,BN_KLT_PTXL_CD,Slovakia,3249825777.34503
2021,BN_KLT_PTXL_CD,Slovakia,5866361180.98126
2000,BN_KLT_PTXL_CD,Viet Nam,0.0
2001,BN_KLT_PTXL_CD,Viet Nam,0.0
2002,BN_KLT_PTXL_CD,Viet Nam,0.0
2005,BN_KLT_PTXL_CD,Viet Nam,-865000000.0
2006,BN_KLT_PTXL_CD,Viet Nam,-1313000000.0
2007,BN_KLT_PTXL_CD,Viet Nam,-6243000000.0
2008,BN_KLT_PTXL_CD,Viet Nam,578000000.0
2009,BN_KLT_PTXL_CD,Viet Nam,71000000.0
2010,BN_KLT_PTXL_CD,Viet Nam,-2370000000.0
2011,BN_KLT_PTXL_CD,Viet Nam,-1412000000.0
2012,BN_KLT_PTXL_CD,Viet Nam,-1286000000.0
2013,BN_KLT_PTXL_CD,Viet Nam,-1466000000.0
2014,BN_KLT_PTXL_CD,Viet Nam,-93000000.0
2013,BN_KLT_PTXL_CD,Таджикистан,1193230.71901
2014,BN_KLT_PTXL_CD,Таджикистан,-1813255.59217
2015,BN_KLT_PTXL_CD,Таджикистан,-57304.46171
2016,BN_KLT_PTXL_CD,Таджикистан,-36427.81901
2017,BN_KLT_PTXL_CD,Таджикистан,-500000000.0
2018,BN_KLT_PTXL_CD,Таджикистан,183670.0
2019,BN_KLT_PTXL_CD,Таджикистан,73144208.0186
2020,BN_KLT_PTXL_CD,Таджикистан,159832.5645
2021,BN_KLT_PTXL_CD,Таджикистан,-755757.13313
2000,BN_KLT_PTXL_CD,Türkiye,-1022000000.0
2001,BN_KLT_PTXL_CD,Türkiye,4515000000.0
2002,BN_KLT_PTXL_CD,Türkiye,593000000.0
2003,BN_KLT_PTXL_CD,Türkiye,-2465000000.0
2004,BN_KLT_PTXL_CD,Türkiye,-8023000000.0
2005,BN_KLT_PTXL_CD,Türkiye,-13457000000.0
2006,BN_KLT_PTXL_CD,Türkiye,-7415000000.0
2007,BN_KLT_PTXL_CD,Türkiye,-833000000.0
2008,BN_KLT_PTXL_CD,Türkiye,5014000000.0
2009,BN_KLT_PTXL_CD,Türkiye,-227000000.0
2010,BN_KLT_PTXL_CD,Türkiye,-16083000000.0
2011,BN_KLT_PTXL_CD,Türkiye,-22204000000.0
2012,BN_KLT_PTXL_CD,Türkiye,-41029000000.0
2013,BN_KLT_PTXL_CD,Türkiye,-22606000000.0
2014,BN_KLT_PTXL_CD,Türkiye,-19699000000.0
2015,BN_KLT_PTXL_CD,Türkiye,13867000000.0
2016,BN_KLT_PTXL_CD,Türkiye,-8412000000.0
2017,BN_KLT_PTXL_CD,Türkiye,-24440000000.0
2018,BN_KLT_PTXL_CD,Türkiye,916000000.0
2019,BN_KLT_PTXL_CD,Türkiye,2763000000.0
2020,BN_KLT_PTXL_CD,Türkiye,9556000000.0
2021,BN_KLT_PTXL_CD,Türkiye,-796000000.0
2000,BN_KLT_PTXL_CD,Ukraine,-138000000.0
2001,BN_KLT_PTXL_CD,Ukraine,45000000.0
2002,BN_KLT_PTXL_CD,Ukraine,-337000000.0
2003,BN_KLT_PTXL_CD,Ukraine,-867000000.0
2004,BN_KLT_PTXL_CD,Ukraine,-2067000000.0
2005,BN_KLT_PTXL_CD,Ukraine,-2757000000.0
2006,BN_KLT_PTXL_CD,Ukraine,-3583000000.0
2007,BN_KLT_PTXL_CD,Ukraine,-5753000000.0
2008,BN_KLT_PTXL_CD,Ukraine,1280000000.0
2009,BN_KLT_PTXL_CD,Ukraine,1533000000.0
2010,BN_KLT_PTXL_CD,Ukraine,-4342000000.0
2011,BN_KLT_PTXL_CD,Ukraine,-1569000000.0
2012,BN_KLT_PTXL_CD,Ukraine,-4689000000.0
2013,BN_KLT_PTXL_CD,Ukraine,-8787000000.0
2014,BN_KLT_PTXL_CD,Ukraine,2700000000.0
2015,BN_KLT_PTXL_CD,Ukraine,-367000000.0
2016,BN_KLT_PTXL_CD,Ukraine,-293000000.0
2017,BN_KLT_PTXL_CD,Ukraine,-1800000000.0
2018,BN_KLT_PTXL_CD,Ukraine,-2080000000.0
2019,BN_KLT_PTXL_CD,Ukraine,-5134000000.0
2020,BN_KLT_PTXL_CD,Ukraine,829000000.0
2021,BN_KLT_PTXL_CD,Ukraine,-1024000000.0
2000,BN_KLT_PTXL_CD,North Macedonia,902230.047
2001,BN_KLT_PTXL_CD,North Macedonia,-3547043.7391
2002,BN_KLT_PTXL_CD,North Macedonia,-1228145.06725
2003,BN_KLT_PTXL_CD,North Macedonia,-5659029.6248
2004,BN_KLT_PTXL_CD,North Macedonia,-11451895.863
2005,BN_KLT_PTXL_CD,North Macedonia,-238589513.8277
2006,BN_KLT_PTXL_CD,North Macedonia,-92352317.76379
2007,BN_KLT_PTXL_CD,North Macedonia,-155165540.57515
2008,BN_KLT_PTXL_CD,North Macedonia,72478785.32249
2009,BN_KLT_PTXL_CD,North Macedonia,-147176137.34627
2010,BN_KLT_PTXL_CD,North Macedonia,75899798.40851
2011,BN_KLT_PTXL_CD,North Macedonia,106178138.06172
2012,BN_KLT_PTXL_CD,North Macedonia,-98657702.15425
2013,BN_KLT_PTXL_CD,North Macedonia,208808574.40346
2014,BN_KLT_PTXL_CD,North Macedonia,-650097178.00877
2015,BN_KLT_PTXL_CD,North Macedonia,-62278158.65241
2016,BN_KLT_PTXL_CD,North Macedonia,-471518387.69677
2017,BN_KLT_PTXL_CD,North Macedonia,23333229.36485
2018,BN_KLT_PTXL_CD,North Macedonia,-390296608.37984
2019,BN_KLT_PTXL_CD,North Macedonia,168922663.81745
2020,BN_KLT_PTXL_CD,North Macedonia,-296554929.42699
2021,BN_KLT_PTXL_CD,North Macedonia,-143988155.01607
2000,BN_KLT_PTXL_CD,United Kingdom of Great Britain and Northern Ireland,-184337226769.001
2001,BN_KLT_PTXL_CD,United Kingdom of Great Britain and Northern Ireland,170195885796.094
2002,BN_KLT_PTXL_CD,United Kingdom of Great Britain and Northern Ireland,-113599469473.893
2003,BN_KLT_PTXL_CD,United Kingdom of Great Britain and Northern Ireland,-184691550808.331
2004,BN_KLT_PTXL_CD,United Kingdom of Great Britain and Northern Ireland,-23325912325.645
2005,BN_KLT_PTXL_CD,United Kingdom of Great Britain and Northern Ireland,-80180538664.4755
2006,BN_KLT_PTXL_CD,United Kingdom of Great Britain and Northern Ireland,116117672359.869
2007,BN_KLT_PTXL_CD,United Kingdom of Great Britain and Northern Ireland,-189944606754.039
2008,BN_KLT_PTXL_CD,United Kingdom of Great Britain and Northern Ireland,-777522062708.503
2009,BN_KLT_PTXL_CD,United Kingdom of Great Britain and Northern Ireland,-160614698683.682
2010,BN_KLT_PTXL_CD,United Kingdom of Great Britain and Northern Ireland,-93420329373.257
2011,BN_KLT_PTXL_CD,United Kingdom of Great Britain and Northern Ireland,-247209164130.26
2012,BN_KLT_PTXL_CD,United Kingdom of Great Britain and Northern Ireland,275889581545.475
2013,BN_KLT_PTXL_CD,United Kingdom of Great Britain and Northern Ireland,-236538995578.43
2014,BN_KLT_PTXL_CD,United Kingdom of Great Britain and Northern Ireland,21259993785.7385
2015,BN_KLT_PTXL_CD,United Kingdom of Great Britain and Northern Ireland,-193764344519.075
2016,BN_KLT_PTXL_CD,United Kingdom of Great Britain and Northern Ireland,-166607817768.704
2017,BN_KLT_PTXL_CD,United Kingdom of Great Britain and Northern Ireland,-92026807624.2505
2018,BN_KLT_PTXL_CD,United Kingdom of Great Britain and Northern Ireland,-353571263790.365
2019,BN_KLT_PTXL_CD,United Kingdom of Great Britain and Northern Ireland,34756469387.7699
2020,BN_KLT_PTXL_CD,United Kingdom of Great Britain and Northern Ireland,31995557917.7674
2021,BN_KLT_PTXL_CD,United Kingdom of Great Britain and Northern Ireland,-322831983365.591
2005,BN_KLT_PTXL_CD,Узбекистан,-3898751.9478
2006,BN_KLT_PTXL_CD,Узбекистан,-11827429.59461
2007,BN_KLT_PTXL_CD,Узбекистан,-2189026.895
2008,BN_KLT_PTXL_CD,Узбекистан,-1843081.42441
2009,BN_KLT_PTXL_CD,Узбекистан,2299387.81816
2010,BN_KLT_PTXL_CD,Узбекистан,-646334.48456
2011,BN_KLT_PTXL_CD,Узбекистан,-5709015.98643
2012,BN_KLT_PTXL_CD,Узбекистан,-721964.29087
2013,BN_KLT_PTXL_CD,Узбекистан,-1304676.15714
2014,BN_KLT_PTXL_CD,Узбекистан,-1671081.82717
2015,BN_KLT_PTXL_CD,Viet Nam,65000000.0
2016,BN_KLT_PTXL_CD,Viet Nam,-228000000.0
2017,BN_KLT_PTXL_CD,Viet Nam,-2069000000.0
2018,BN_KLT_PTXL_CD,Viet Nam,-3021000000.0
2019,BN_KLT_PTXL_CD,Viet Nam,-2997000000.0
2020,BN_KLT_PTXL_CD,Viet Nam,1256000000.0
2021,BN_KLT_PTXL_CD,Viet Nam,-281000000.0
2000,BN_KLT_PTXL_CD,Slovenia,-187600000.0
2001,BN_KLT_PTXL_CD,Slovenia,-81200000.0
2002,BN_KLT_PTXL_CD,Slovenia,67500000.0
2003,BN_KLT_PTXL_CD,Slovenia,257200000.0
2004,BN_KLT_PTXL_CD,Slovenia,772400000.0
2005,BN_KLT_PTXL_CD,Slovenia,1997900000.0
2006,BN_KLT_PTXL_CD,Slovenia,1826898725.85183
2007,BN_KLT_PTXL_CD,Slovenia,3088405068.85713
2008,BN_KLT_PTXL_CD,Slovenia,-589638397.8191
2009,BN_KLT_PTXL_CD,Slovenia,-6353053590.94901
2010,BN_KLT_PTXL_CD,Slovenia,-2569933850.42709
2011,BN_KLT_PTXL_CD,Slovenia,-2361575189.6127
2012,BN_KLT_PTXL_CD,Slovenia,291618990.43174
2013,BN_KLT_PTXL_CD,Slovenia,-5463531546.08264
2014,BN_KLT_PTXL_CD,Slovenia,-5445264526.72103
2011,BN_KLT_PTXL_CD,Czechia,-362051833.85073
2012,BN_KLT_PTXL_CD,Czechia,-2786207616.63241
2013,BN_KLT_PTXL_CD,Czechia,-4723384137.46764
2014,BN_KLT_PTXL_CD,Czechia,4403755747.6087
2015,BN_KLT_PTXL_CD,Czechia,-6690338081.33632
2016,BN_KLT_PTXL_CD,Czechia,-6844079721.9364
2017,BN_KLT_PTXL_CD,Czechia,-9939186719.86105
2018,BN_KLT_PTXL_CD,Czechia,1350466445.81421
2019,BN_KLT_PTXL_CD,Czechia,-4679017435.3479
2020,BN_KLT_PTXL_CD,Czechia,-5873157479.72393
2021,BN_KLT_PTXL_CD,Czechia,3688448933.6429
2000,BN_KLT_PTXL_CD,Denmark,17798962886.6874
2001,BN_KLT_PTXL_CD,Denmark,4262066638.71615
2002,BN_KLT_PTXL_CD,Denmark,-487500933.96844
2003,BN_KLT_PTXL_CD,Denmark,15919767994.4232
2004,BN_KLT_PTXL_CD,Denmark,14712950551.7516
2005,BN_KLT_PTXL_CD,Denmark,11955534202.2519
2006,BN_KLT_PTXL_CD,Denmark,16846508673.0088
2007,BN_KLT_PTXL_CD,Denmark,7373548387.32467
2008,BN_KLT_PTXL_CD,Denmark,-9186699645.06695
2009,BN_KLT_PTXL_CD,Denmark,-11483988291.1202
2010,BN_KLT_PTXL_CD,Denmark,1380857311.22884
2011,BN_KLT_PTXL_CD,Denmark,-892793400.0181
2012,BN_KLT_PTXL_CD,Denmark,13585783281.85
2013,BN_KLT_PTXL_CD,Denmark,-11916788706.8987
2014,BN_KLT_PTXL_CD,Denmark,10568098227.0963
2015,BN_KLT_PTXL_CD,Denmark,-17028220834.3039
2016,BN_KLT_PTXL_CD,Denmark,-11701036788.4016
2017,BN_KLT_PTXL_CD,Denmark,2198675055.04733
2018,BN_KLT_PTXL_CD,Denmark,52837283466.3769
2019,BN_KLT_PTXL_CD,Denmark,4024653536.70544
2020,BN_KLT_PTXL_CD,Denmark,-3415440034.85996
2021,BN_KLT_PTXL_CD,Denmark,9087317879.96544
2000,BN_KLT_PTXL_CD,Estonia,-91157577.58654
2001,BN_KLT_PTXL_CD,Estonia,34176605.01589
2002,BN_KLT_PTXL_CD,Estonia,-152953593.97962
2003,BN_KLT_PTXL_CD,Estonia,-183177845.80227
2004,BN_KLT_PTXL_CD,Estonia,-740045620.43307
2005,BN_KLT_PTXL_CD,Estonia,2238661596.85052
2006,BN_KLT_PTXL_CD,Estonia,1264234891.80496
2007,BN_KLT_PTXL_CD,Estonia,473706656.9515
2008,BN_KLT_PTXL_CD,Estonia,-728208706.37999
2009,BN_KLT_PTXL_CD,Estonia,2100866344.13898
2010,BN_KLT_PTXL_CD,Estonia,454180133.08298
2011,BN_KLT_PTXL_CD,Estonia,-1638150896.34948
2012,BN_KLT_PTXL_CD,Estonia,148650073.11484
2013,BN_KLT_PTXL_CD,Estonia,721511621.22251
2014,BN_KLT_PTXL_CD,Estonia,645485436.70485
2015,BN_KLT_PTXL_CD,Estonia,599721575.29346
2016,BN_KLT_PTXL_CD,Estonia,2716915396.53495
2017,BN_KLT_PTXL_CD,Estonia,3014901302.82624
2018,BN_KLT_PTXL_CD,Estonia,999816138.54791
2019,BN_KLT_PTXL_CD,Estonia,218876147.74488
2020,BN_KLT_PTXL_CD,Estonia,3241600202.92793
2021,BN_KLT_PTXL_CD,Estonia,2854619212.71295
2000,BN_KLT_PTXL_CD,Finland,1803595165.1219
2001,BN_KLT_PTXL_CD,Finland,5609219167.51939
2002,BN_KLT_PTXL_CD,Finland,4443971763.4554
2003,BN_KLT_PTXL_CD,Finland,1904639820.85233
2004,BN_KLT_PTXL_CD,Finland,11387180063.383
2005,BN_KLT_PTXL_CD,Finland,7485368344.23323
2006,BN_KLT_PTXL_CD,Finland,11428788906.4216
2007,BN_KLT_PTXL_CD,Finland,5618074463.53387
2008,BN_KLT_PTXL_CD,Finland,191582442.36891
2009,BN_KLT_PTXL_CD,Finland,9835041974.62748
2010,BN_KLT_PTXL_CD,Finland,13540875526.5108
2011,BN_KLT_PTXL_CD,Finland,-10893639730.0597
2012,BN_KLT_PTXL_CD,Finland,-12062048737.577
2013,BN_KLT_PTXL_CD,Finland,-4433931669.7978
2014,BN_KLT_PTXL_CD,Finland,5242410422.90035
2015,BN_KLT_PTXL_CD,Finland,618494105.50871
2016,BN_KLT_PTXL_CD,Finland,4310875885.56077
2017,BN_KLT_PTXL_CD,Finland,-3154351263.5589
2018,BN_KLT_PTXL_CD,Finland,-24611541884.8813
2019,BN_KLT_PTXL_CD,Finland,-28373260159.5775
2020,BN_KLT_PTXL_CD,Finland,-139211524.54402
2021,BN_KLT_PTXL_CD,Finland,23736645779.7259
2000,BN_KLT_PTXL_CD,France,-34892656440.9639
2001,BN_KLT_PTXL_CD,France,-21419954257.822
2002,BN_KLT_PTXL_CD,France,7858505771.12999
2003,BN_KLT_PTXL_CD,France,-6171553259.58679
2004,BN_KLT_PTXL_CD,France,66232035338.4201
2005,BN_KLT_PTXL_CD,France,18334993725.4404
2006,BN_KLT_PTXL_CD,France,134236601113.726
2007,BN_KLT_PTXL_CD,France,168453277617.747
2008,BN_KLT_PTXL_CD,France,-27102965131.828
2009,BN_KLT_PTXL_CD,France,-327358091470.207
2010,BN_KLT_PTXL_CD,France,-153619006848.257
2011,BN_KLT_PTXL_CD,France,-335111206831.063
2012,BN_KLT_PTXL_CD,France,-52613022393.4492
2013,BN_KLT_PTXL_CD,France,-79782483832.9784
2014,BN_KLT_PTXL_CD,France,-26765450439.1015
2015,BN_KLT_PTXL_CD,France,42635898465.6275
2016,BN_KLT_PTXL_CD,France,-169240236.29336
2017,BN_KLT_PTXL_CD,France,25219875130.8407
2018,BN_KLT_PTXL_CD,France,18859193994.187
2019,BN_KLT_PTXL_CD,France,-69492047430.7293
2020,BN_KLT_PTXL_CD,France,-34619636307.4333
2021,BN_KLT_PTXL_CD,France,793160776.65192
2000,BN_KLT_PTXL_CD,Georgia,-2747885.0
2001,BN_KLT_PTXL_CD,Georgia,8105.0
2002,BN_KLT_PTXL_CD,Georgia,-1000.0
2003,BN_KLT_PTXL_CD,Georgia,-609596.44
2004,BN_KLT_PTXL_CD,Georgia,13626683.13
2005,BN_KLT_PTXL_CD,Georgia,-15484794.41
2006,BN_KLT_PTXL_CD,Georgia,-140250388.11
2007,BN_KLT_PTXL_CD,Georgia,-21052517.7
2008,BN_KLT_PTXL_CD,Georgia,-623193765.72
2009,BN_KLT_PTXL_CD,Georgia,-10543114.74
2010,BN_KLT_PTXL_CD,Georgia,-250504891.43
2015,BN_KLT_PTXL_CD,Узбекистан,-601406.05605
2016,BN_KLT_PTXL_CD,Узбекистан,-2042851.94743
2017,BN_KLT_PTXL_CD,Узбекистан,-3149642.25948
2018,BN_KLT_PTXL_CD,Узбекистан,-13020591.7822
2019,BN_KLT_PTXL_CD,Узбекистан,-1345720707.27858
2020,BN_KLT_PTXL_CD,Узбекистан,-1389601665.99359
2021,BN_KLT_PTXL_CD,Узбекистан,-1994884305.50849
2015,BN_KLT_PTXL_CD,Slovenia,3351651597.60976
2016,BN_KLT_PTXL_CD,Slovenia,5517846595.07167
2017,BN_KLT_PTXL_CD,Slovenia,3510088593.62527
2018,BN_KLT_PTXL_CD,Slovenia,834489305.26029
2019,BN_KLT_PTXL_CD,Slovenia,825721337.32485
2020,BN_KLT_PTXL_CD,Slovenia,-1857525465.1255
2021,BN_KLT_PTXL_CD,Slovenia,3755654437.4671
2011,BN_KLT_PTXL_CD,Georgia,-133357892.2
2012,BN_KLT_PTXL_CD,Georgia,-848258080.55
2013,BN_KLT_PTXL_CD,Georgia,36596080.56
2014,BN_KLT_PTXL_CD,Georgia,-209372135.7
2015,BN_KLT_PTXL_CD,Georgia,153555618.04
2016,BN_KLT_PTXL_CD,Georgia,-41467763.36
2017,BN_KLT_PTXL_CD,Georgia,75886376.51
2018,BN_KLT_PTXL_CD,Georgia,47642764.29
2019,BN_KLT_PTXL_CD,Georgia,-829172801.06
2020,BN_KLT_PTXL_CD,Georgia,-74626152.39
2021,BN_KLT_PTXL_CD,Georgia,311114006.9
2000,BN_KLT_PTXL_CD,Germany,150965170813.805
2001,BN_KLT_PTXL_CD,Germany,-26672414993.4202
2002,BN_KLT_PTXL_CD,Germany,-63525963564.9366
2003,BN_KLT_PTXL_CD,Germany,-60618870480.9588
2004,BN_KLT_PTXL_CD,Germany,-19230789981.3509
2005,BN_KLT_PTXL_CD,Germany,35609482481.169
2006,BN_KLT_PTXL_CD,Germany,22428588179.0771
2007,BN_KLT_PTXL_CD,Germany,-215291612737.585
2008,BN_KLT_PTXL_CD,Germany,-44626567876.1805
2009,BN_KLT_PTXL_CD,Germany,119281056159.867
2010,BN_KLT_PTXL_CD,Germany,154086128031.024
2011,BN_KLT_PTXL_CD,Germany,-51469277114.6769
2012,BN_KLT_PTXL_CD,Germany,66830550587.3245
2013,BN_KLT_PTXL_CD,Germany,209538930526.719
2014,BN_KLT_PTXL_CD,Germany,177727786568.922
2015,BN_KLT_PTXL_CD,Germany,210028025491.196
2016,BN_KLT_PTXL_CD,Germany,220071199087.115
2017,BN_KLT_PTXL_CD,Germany,232176961419.098
2018,BN_KLT_PTXL_CD,Germany,179984806998.855
2019,BN_KLT_PTXL_CD,Germany,77003565250.1896
2020,BN_KLT_PTXL_CD,Germany,56907945893.5255
2021,BN_KLT_PTXL_CD,Germany,299915299277.851
2000,BN_KLT_PTXL_CD,Greece,-8080354569.26317
2001,BN_KLT_PTXL_CD,Greece,-8542536952.25516
2002,BN_KLT_PTXL_CD,Greece,-10429669898.241
2003,BN_KLT_PTXL_CD,Greece,-13668565702.7492
2004,BN_KLT_PTXL_CD,Greece,-17474194084.5419
2005,BN_KLT_PTXL_CD,Greece,-9123190738.01628
2006,BN_KLT_PTXL_CD,Greece,-9364944309.51119
2007,BN_KLT_PTXL_CD,Greece,-23910207614.3027
2008,BN_KLT_PTXL_CD,Greece,-25092096179.046
2009,BN_KLT_PTXL_CD,Greece,-32254022794.1925
2010,BN_KLT_PTXL_CD,Greece,26879751838.3615
2011,BN_KLT_PTXL_CD,Greece,26596944438.9271
2012,BN_KLT_PTXL_CD,Greece,128276882395.972
2013,BN_KLT_PTXL_CD,Greece,7658645331.93493
2014,BN_KLT_PTXL_CD,Greece,8084250926.20428
2015,BN_KLT_PTXL_CD,Greece,8862964064.65119
2016,BN_KLT_PTXL_CD,Greece,10452131499.6402
2017,BN_KLT_PTXL_CD,Greece,-24102452968.8517
2018,BN_KLT_PTXL_CD,Greece,-1224382714.64558
2019,BN_KLT_PTXL_CD,Greece,25707264493.7338
2020,BN_KLT_PTXL_CD,Greece,53375659031.7756
2021,BN_KLT_PTXL_CD,Greece,26810124401.9549
2000,BN_KLT_PTXL_CD,Hungary,421657790.24107
2001,BN_KLT_PTXL_CD,Hungary,-1389237858.43978
2002,BN_KLT_PTXL_CD,Hungary,-1668232471.68011
2003,BN_KLT_PTXL_CD,Hungary,-2289665919.75043
2004,BN_KLT_PTXL_CD,Hungary,-6853331824.32514
2005,BN_KLT_PTXL_CD,Hungary,-4810505047.78746
2006,BN_KLT_PTXL_CD,Hungary,-6365675416.01424
2007,BN_KLT_PTXL_CD,Hungary,2267683198.17164
2008,BN_KLT_PTXL_CD,Hungary,3452569169.49558
2009,BN_KLT_PTXL_CD,Hungary,5015299023.15979
2010,BN_KLT_PTXL_CD,Hungary,108290137.6062
2011,BN_KLT_PTXL_CD,Hungary,-9090737962.79763
2012,BN_KLT_PTXL_CD,Hungary,-1949945211.05671
2013,BN_KLT_PTXL_CD,Hungary,-4063108820.78874
2014,BN_KLT_PTXL_CD,Hungary,4268624145.52521
2015,BN_KLT_PTXL_CD,Hungary,6270343501.16123
2016,BN_KLT_PTXL_CD,Hungary,5376808755.03497
2017,BN_KLT_PTXL_CD,Hungary,4166536873.1414
2018,BN_KLT_PTXL_CD,Hungary,-115477383.56919
2019,BN_KLT_PTXL_CD,Hungary,1747334071.83074
2020,BN_KLT_PTXL_CD,Hungary,-2990843686.85753
2021,BN_KLT_PTXL_CD,Hungary,492760359.0062
2000,BN_KLT_PTXL_CD,Iceland,-621452751.54462
2001,BN_KLT_PTXL_CD,Iceland,-611060824.11376
2002,BN_KLT_PTXL_CD,Iceland,-142773004.71757
2003,BN_KLT_PTXL_CD,Iceland,-3005598486.88291
2004,BN_KLT_PTXL_CD,Iceland,-6709609198.2166
2005,BN_KLT_PTXL_CD,Iceland,-12178517111.0808
2006,BN_KLT_PTXL_CD,Iceland,-11308893837.8732
2007,BN_KLT_PTXL_CD,Iceland,8778613662.29753
2008,BN_KLT_PTXL_CD,Iceland,-6085430932.67095
2009,BN_KLT_PTXL_CD,Iceland,-1318628409.08792
2010,BN_KLT_PTXL_CD,Iceland,456084440.08657
2011,BN_KLT_PTXL_CD,Iceland,-42085988.18516
2012,BN_KLT_PTXL_CD,Iceland,-552308497.32817
2013,BN_KLT_PTXL_CD,Iceland,1104110336.23018
2014,BN_KLT_PTXL_CD,Iceland,-1124405706.10182
2015,BN_KLT_PTXL_CD,Iceland,3892444981.429
2016,BN_KLT_PTXL_CD,Iceland,1900617006.06215
2017,BN_KLT_PTXL_CD,Iceland,2306673492.40782
2018,BN_KLT_PTXL_CD,Iceland,1128443169.16867
2019,BN_KLT_PTXL_CD,Iceland,716517714.97732
2020,BN_KLT_PTXL_CD,Iceland,1009555458.46243
2021,BN_KLT_PTXL_CD,Iceland,47592746.12817
2000,BN_KLT_PTXL_CD,India,-2345216989.30402
2001,BN_KLT_PTXL_CD,India,-2852793642.26426
2002,BN_KLT_PTXL_CD,India,-1022422259.92956
2003,BN_KLT_PTXL_CD,India,-8216187274.33701
2004,BN_KLT_PTXL_CD,India,-9037076533.61783
2005,BN_KLT_PTXL_CD,India,-12144114067.903
2006,BN_KLT_PTXL_CD,India,-9545718947.23304
2007,BN_KLT_PTXL_CD,India,-33016300605.3562
2008,BN_KLT_PTXL_CD,India,15074790314.265
2009,BN_KLT_PTXL_CD,India,-17756860244.4624
2010,BN_KLT_PTXL_CD,India,-36875471078.822
2019,BN_KLT_PTXL_CD,Bosnia and Herzegovina,123009925.55627
2020,BN_KLT_PTXL_CD,Bosnia and Herzegovina,7135294.99267
2021,BN_KLT_PTXL_CD,Bosnia and Herzegovina,44071127.11991
2011,BN_KLT_PTXL_CD,India,-2664809741.51346
2012,BN_KLT_PTXL_CD,India,-29285240146.0388
2013,BN_KLT_PTXL_CD,India,-6857994918.39077
2014,BN_KLT_PTXL_CD,India,-37740318603.447
2015,BN_KLT_PTXL_CD,India,-9486642829.08658
2016,BN_KLT_PTXL_CD,India,4725209437.40443
2017,BN_KLT_PTXL_CD,India,-30637784957.5154
2018,BN_KLT_PTXL_CD,India,9597939591.47163
2019,BN_KLT_PTXL_CD,India,-24584119878.3927
2020,BN_KLT_PTXL_CD,India,-15111706746.6555
2021,BN_KLT_PTXL_CD,India,-5718199364.63132
2005,BN_KLT_PTXL_CD,Ireland,-63917868531.5594
2006,BN_KLT_PTXL_CD,Ireland,-11922882337.2128
2007,BN_KLT_PTXL_CD,Ireland,10347792251.0735
2008,BN_KLT_PTXL_CD,Ireland,62441579955.1725
2009,BN_KLT_PTXL_CD,Ireland,-34395400252.1802
2010,BN_KLT_PTXL_CD,Ireland,-119316994230.302
2011,BN_KLT_PTXL_CD,Ireland,-37189034304.2348
2012,BN_KLT_PTXL_CD,Ireland,443136851.50668
2013,BN_KLT_PTXL_CD,Ireland,47693796508.4293
2014,BN_KLT_PTXL_CD,Ireland,-38061113346.2022
2015,BN_KLT_PTXL_CD,Ireland,-99086557299.0858
2016,BN_KLT_PTXL_CD,Ireland,30264537968.9263
2017,BN_KLT_PTXL_CD,Ireland,-62993130040.1737
2018,BN_KLT_PTXL_CD,Ireland,43994088661.3915
2019,BN_KLT_PTXL_CD,Ireland,32398324972.9977
2020,BN_KLT_PTXL_CD,Ireland,-24150834581.1527
2021,BN_KLT_PTXL_CD,Ireland,-7106879415.36804
2000,BN_KLT_PTXL_CD,Israel,-1333800000.0
2001,BN_KLT_PTXL_CD,Israel,2339900000.0
2002,BN_KLT_PTXL_CD,Israel,1043000000.0
2003,BN_KLT_PTXL_CD,Israel,1933400000.0
2004,BN_KLT_PTXL_CD,Israel,-3583900000.0
2005,BN_KLT_PTXL_CD,Israel,5500000000.0
2006,BN_KLT_PTXL_CD,Israel,147000000.0
2007,BN_KLT_PTXL_CD,Israel,1428900000.0
2008,BN_KLT_PTXL_CD,Israel,291800000.0
2009,BN_KLT_PTXL_CD,Israel,4786200000.0
2010,BN_KLT_PTXL_CD,Israel,-546600000.0
2011,BN_KLT_PTXL_CD,Israel,7842200000.0
2012,BN_KLT_PTXL_CD,Israel,10517000000.0
2013,BN_KLT_PTXL_CD,Israel,7622600000.0
2014,BN_KLT_PTXL_CD,Israel,856700000.0
2015,BN_KLT_PTXL_CD,Israel,7092300000.0
2016,BN_KLT_PTXL_CD,Israel,-1356900000.0
2017,BN_KLT_PTXL_CD,Israel,2387500000.0
2018,BN_KLT_PTXL_CD,Israel,10274100000.0
2019,BN_KLT_PTXL_CD,Israel,6465000000.0
2020,BN_KLT_PTXL_CD,Israel,-4124800000.0
2021,BN_KLT_PTXL_CD,Israel,-15487800000.0
2000,BN_KLT_PTXL_CD,Italy,19532358355.4243
2001,BN_KLT_PTXL_CD,Italy,-4324353531.08516
2002,BN_KLT_PTXL_CD,Italy,-30962198848.8847
2003,BN_KLT_PTXL_CD,Italy,-1214483102.33693
2004,BN_KLT_PTXL_CD,Italy,-37802708052.9216
2005,BN_KLT_PTXL_CD,Italy,-27669411550.7919
2006,BN_KLT_PTXL_CD,Italy,-43938167358.8656
2007,BN_KLT_PTXL_CD,Italy,-4357750563.35803
2008,BN_KLT_PTXL_CD,Italy,-105387252071.277
2009,BN_KLT_PTXL_CD,Italy,-47534081786.9628
2010,BN_KLT_PTXL_CD,Italy,63452981360.7493
2011,BN_KLT_PTXL_CD,Italy,26292489781.2826
2012,BN_KLT_PTXL_CD,Italy,-20655339122.4926
2013,BN_KLT_PTXL_CD,Italy,-6046580699.95011
2014,BN_KLT_PTXL_CD,Italy,-4101650084.11917
2015,BN_KLT_PTXL_CD,Italy,110965054546.444
2016,BN_KLT_PTXL_CD,Italy,158288190267.632
2017,BN_KLT_PTXL_CD,Italy,100419016658.844
2018,BN_KLT_PTXL_CD,Italy,156405318118.426
2019,BN_KLT_PTXL_CD,Italy,-59183734498.3759
2020,BN_KLT_PTXL_CD,Italy,122300300278.419
2021,BN_KLT_PTXL_CD,Italy,145254198893.508
2000,BN_KLT_PTXL_CD,Japan,35975387034.7952
2001,BN_KLT_PTXL_CD,Japan,46285624467.3963
2002,BN_KLT_PTXL_CD,Japan,105974660790.454
2003,BN_KLT_PTXL_CD,Japan,95110162832.9929
2004,BN_KLT_PTXL_CD,Japan,-22947944390.5045
2005,BN_KLT_PTXL_CD,Japan,13268315803.7957
2006,BN_KLT_PTXL_CD,Japan,-127520047988.414
2007,BN_KLT_PTXL_CD,Japan,-73129063903.3962
2008,BN_KLT_PTXL_CD,Japan,282689352952.114
2009,BN_KLT_PTXL_CD,Japan,210586667970.76
2010,BN_KLT_PTXL_CD,Japan,144767857559.244
2011,BN_KLT_PTXL_CD,Japan,-168446360029.062
2012,BN_KLT_PTXL_CD,Japan,32210273636.5275
2013,BN_KLT_PTXL_CD,Japan,-274651950434.83
2014,BN_KLT_PTXL_CD,Japan,-40342220314.6493
2015,BN_KLT_PTXL_CD,Japan,132433986065.336
2016,BN_KLT_PTXL_CD,Japan,268042440742.744
2017,BN_KLT_PTXL_CD,Japan,-49213900461.9487
2018,BN_KLT_PTXL_CD,Japan,92911832022.2757
2019,BN_KLT_PTXL_CD,Japan,86642953831.4856
2020,BN_KLT_PTXL_CD,Japan,35926915439.3372
2021,BN_KLT_PTXL_CD,Japan,-196648731488.277
2000,BN_KLT_PTXL_CD,Казахстан,55024748.33668
2001,BN_KLT_PTXL_CD,Казахстан,1317471175.43815
2002,BN_KLT_PTXL_CD,Казахстан,1232506668.48166
2003,BN_KLT_PTXL_CD,Казахстан,1890963610.67647
2004,BN_KLT_PTXL_CD,Казахстан,417154044.90651
2005,BN_KLT_PTXL_CD,Казахстан,3952705859.11032
2006,BN_KLT_PTXL_CD,Казахстан,4501364062.28693
2007,BN_KLT_PTXL_CD,Казахстан,4583092935.76148
2008,BN_KLT_PTXL_CD,Казахстан,9377510737.9315
2009,BN_KLT_PTXL_CD,Казахстан,-3093053978.27352
2010,BN_KLT_PTXL_CD,Казахстан,-8470269956.33501
2011,BN_KLT_PTXL_CD,Казахстан,12868148244.4102
2012,BN_KLT_PTXL_CD,Казахстан,17387895285.2002
2013,BN_KLT_PTXL_CD,Казахстан,6033640876.65818
2014,BN_KLT_PTXL_CD,Казахстан,1038848248.66581
2015,BN_KLT_PTXL_CD,Казахстан,-5887872460.68676
2016,BN_KLT_PTXL_CD,Казахстан,745384754.50848
2017,BN_KLT_PTXL_CD,Казахстан,-5400185121.64132
2018,BN_KLT_PTXL_CD,Казахстан,2899586576.98288
2019,BN_KLT_PTXL_CD,Казахстан,5118200204.8268
2020,BN_KLT_PTXL_CD,Казахстан,-7745948283.38627
2021,BN_KLT_PTXL_CD,Казахстан,-3579034973.60795
2021,BN_KLT_PTXL_CD,Казахстан,-3579034973.60795
