Year,SeriesCode,Страна ,Value
2013,TX_IMP_GBSVR,Italy,2.3548
2014,TX_IMP_GBSVR,Italy,2.27964
2015,TX_IMP_GBSVR,Italy,2.10275
2016,TX_IMP_GBSVR,Italy,2.13866
2017,TX_IMP_GBSVR,Italy,2.18198
2018,TX_IMP_GBSVR,Italy,2.18026
2019,TX_IMP_GBSVR,Italy,2.04287
2020,TX_IMP_GBSVR,Italy,1.91294
2021,TX_IMP_GBSVR,Italy,2.01828
2005,TX_IMP_GBSVR,Japan,5.29306
2006,TX_IMP_GBSVR,Japan,4.77358
2007,TX_IMP_GBSVR,Japan,4.53019
2008,TX_IMP_GBSVR,Japan,4.51299
2009,TX_IMP_GBSVR,Japan,4.36988
2010,TX_IMP_GBSVR,Japan,4.24719
2011,TX_IMP_GBSVR,Japan,4.05646
2012,TX_IMP_GBSVR,Japan,4.12188
2013,TX_IMP_GBSVR,Japan,3.6125
2014,TX_IMP_GBSVR,Japan,3.73546
2015,TX_IMP_GBSVR,Japan,3.64323
2016,TX_IMP_GBSVR,Japan,3.77638
2017,TX_IMP_GBSVR,Japan,3.61574
2018,TX_IMP_GBSVR,Japan,3.4947
2019,TX_IMP_GBSVR,Japan,3.63734
2020,TX_IMP_GBSVR,Japan,4.01412
2021,TX_IMP_GBSVR,Japan,3.68701
2005,TX_IMP_GBSVR,Казахстан,0.28635
2006,TX_IMP_GBSVR,Казахстан,0.29744
2007,TX_IMP_GBSVR,Казахстан,0.33912
2008,TX_IMP_GBSVR,Казахстан,0.28306
2009,TX_IMP_GBSVR,Казахстан,0.28289
2010,TX_IMP_GBSVR,Казахстан,0.29316
2011,TX_IMP_GBSVR,Казахстан,0.25339
2012,TX_IMP_GBSVR,Казахстан,0.32012
2013,TX_IMP_GBSVR,Казахстан,0.29775
2014,TX_IMP_GBSVR,Казахстан,0.26879
2015,TX_IMP_GBSVR,Казахстан,0.22232
2016,TX_IMP_GBSVR,Казахстан,0.19973
2017,TX_IMP_GBSVR,Казахстан,0.18886
2018,TX_IMP_GBSVR,Казахстан,0.20588
2019,TX_IMP_GBSVR,Казахстан,0.18928
2020,TX_IMP_GBSVR,Казахстан,0.16631
2021,TX_IMP_GBSVR,Казахстан,0.13629
2005,TX_IMP_GBSVR,Republic of Korea,2.27897
2006,TX_IMP_GBSVR,Republic of Korea,2.36478
2007,TX_IMP_GBSVR,Republic of Korea,2.41319
2008,TX_IMP_GBSVR,Republic of Korea,2.45636
2009,TX_IMP_GBSVR,Republic of Korea,2.29752
2010,TX_IMP_GBSVR,Republic of Korea,2.4993
2011,TX_IMP_GBSVR,Republic of Korea,2.36969
2012,TX_IMP_GBSVR,Republic of Korea,2.41445
2013,TX_IMP_GBSVR,Republic of Korea,2.31826
2014,TX_IMP_GBSVR,Republic of Korea,2.2362
2015,TX_IMP_GBSVR,Republic of Korea,2.28737
2016,TX_IMP_GBSVR,Republic of Korea,2.27471
2017,TX_IMP_GBSVR,Republic of Korea,2.36824
2018,TX_IMP_GBSVR,Republic of Korea,2.28617
2019,TX_IMP_GBSVR,Republic of Korea,2.16629
2020,TX_IMP_GBSVR,Republic of Korea,2.16589
2021,TX_IMP_GBSVR,Republic of Korea,2.26053
2005,TX_IMP_GBSVR,Кыргызстан,0.01105
2006,TX_IMP_GBSVR,Кыргызстан,0.01552
2007,TX_IMP_GBSVR,Кыргызстан,0.01727
2008,TX_IMP_GBSVR,Кыргызстан,0.02296
2009,TX_IMP_GBSVR,Кыргызстан,0.02094
2010,TX_IMP_GBSVR,Кыргызстан,0.02066
2005,TX_IMP_GBSVR,Albania,0.05265
2006,TX_IMP_GBSVR,Albania,0.05311
2007,TX_IMP_GBSVR,Albania,0.05499
2008,TX_IMP_GBSVR,Albania,0.05984
2009,TX_IMP_GBSVR,Albania,0.06264
2010,TX_IMP_GBSVR,Albania,0.0517
2011,TX_IMP_GBSVR,Albania,0.05192
2012,TX_IMP_GBSVR,Albania,0.04174
2013,TX_IMP_GBSVR,Albania,0.04186
2014,TX_IMP_GBSVR,Albania,0.04016
2015,TX_IMP_GBSVR,Albania,0.03401
2011,TX_IMP_GBSVR,Кыргызстан,0.02226
2012,TX_IMP_GBSVR,Кыргызстан,0.02953
2013,TX_IMP_GBSVR,Кыргызстан,0.02345
2014,TX_IMP_GBSVR,Кыргызстан,0.0242
2015,TX_IMP_GBSVR,Кыргызстан,0.02154
2016,TX_IMP_GBSVR,Кыргызстан,0.02119
2017,TX_IMP_GBSVR,Кыргызстан,0.01715
2018,TX_IMP_GBSVR,Кыргызстан,0.01655
2019,TX_IMP_GBSVR,Кыргызстан,0.01692
2020,TX_IMP_GBSVR,Кыргызстан,0.01231
2021,TX_IMP_GBSVR,Кыргызстан,0.01264
2005,TX_IMP_GBSVR,Latvia,0.061
2006,TX_IMP_GBSVR,Latvia,0.06904
2007,TX_IMP_GBSVR,Latvia,0.08043
2008,TX_IMP_GBSVR,Latvia,0.0838
2009,TX_IMP_GBSVR,Latvia,0.06748
2010,TX_IMP_GBSVR,Latvia,0.05986
2011,TX_IMP_GBSVR,Latvia,0.06413
2012,TX_IMP_GBSVR,Latvia,0.06164
2013,TX_IMP_GBSVR,Latvia,0.05992
2014,TX_IMP_GBSVR,Latvia,0.05493
2015,TX_IMP_GBSVR,Latvia,0.05312
2016,TX_IMP_GBSVR,Albania,0.03592
2017,TX_IMP_GBSVR,Albania,0.03777
2018,TX_IMP_GBSVR,Albania,0.03968
2019,TX_IMP_GBSVR,Albania,0.03968
2020,TX_IMP_GBSVR,Albania,0.02736
2021,TX_IMP_GBSVR,Albania,0.03549
2005,TX_IMP_GBSVR,Azerbaijan,0.10122
2006,TX_IMP_GBSVR,Azerbaijan,0.0992
2007,TX_IMP_GBSVR,Azerbaijan,0.09673
2008,TX_IMP_GBSVR,Azerbaijan,0.0988
2009,TX_IMP_GBSVR,Azerbaijan,0.10308
2016,TX_IMP_GBSVR,Latvia,0.05563
2017,TX_IMP_GBSVR,Latvia,0.05749
2018,TX_IMP_GBSVR,Latvia,0.06126
2019,TX_IMP_GBSVR,Latvia,0.05847
2020,TX_IMP_GBSVR,Latvia,0.05911
2021,TX_IMP_GBSVR,Latvia,0.0644
2005,TX_IMP_GBSVR,Lithuania,0.07893
2006,TX_IMP_GBSVR,Lithuania,0.08684
2007,TX_IMP_GBSVR,Lithuania,0.09793
2008,TX_IMP_GBSVR,Lithuania,0.10708
2009,TX_IMP_GBSVR,Lithuania,0.0873
2010,TX_IMP_GBSVR,Azerbaijan,0.10133
2011,TX_IMP_GBSVR,Azerbaijan,0.13485
2012,TX_IMP_GBSVR,Azerbaijan,0.1658
2013,TX_IMP_GBSVR,Azerbaijan,0.1759
2014,TX_IMP_GBSVR,Azerbaijan,0.20163
2015,TX_IMP_GBSVR,Azerbaijan,0.17693
2016,TX_IMP_GBSVR,Azerbaijan,0.15259
2017,TX_IMP_GBSVR,Azerbaijan,0.15112
2018,TX_IMP_GBSVR,Azerbaijan,0.11603
2019,TX_IMP_GBSVR,Azerbaijan,0.10571
2020,TX_IMP_GBSVR,Azerbaijan,0.11128
2010,TX_IMP_GBSVR,Lithuania,0.07874
2011,TX_IMP_GBSVR,Lithuania,0.08893
2012,TX_IMP_GBSVR,Lithuania,0.09767
2013,TX_IMP_GBSVR,Lithuania,0.11061
2014,TX_IMP_GBSVR,Lithuania,0.10771
2015,TX_IMP_GBSVR,Lithuania,0.09671
2016,TX_IMP_GBSVR,Lithuania,0.10424
2017,TX_IMP_GBSVR,Lithuania,0.11254
2018,TX_IMP_GBSVR,Lithuania,0.12182
2019,TX_IMP_GBSVR,Lithuania,0.12809
2020,TX_IMP_GBSVR,Lithuania,0.13624
2021,TX_IMP_GBSVR,Azerbaijan,0.10524
2005,TX_IMP_GBSVR,Australia,1.25852
2006,TX_IMP_GBSVR,Australia,1.20655
2007,TX_IMP_GBSVR,Australia,1.29668
2008,TX_IMP_GBSVR,Australia,1.32458
2009,TX_IMP_GBSVR,Australia,1.31409
2010,TX_IMP_GBSVR,Australia,1.48814
2011,TX_IMP_GBSVR,Australia,1.60533
2012,TX_IMP_GBSVR,Australia,1.65568
2013,TX_IMP_GBSVR,Australia,1.5991
2014,TX_IMP_GBSVR,Australia,1.37891
2015,TX_IMP_GBSVR,Australia,1.2996
2016,TX_IMP_GBSVR,Australia,1.26838
2017,TX_IMP_GBSVR,Australia,1.28709
2018,TX_IMP_GBSVR,Australia,1.26468
2019,TX_IMP_GBSVR,Australia,1.19536
2020,TX_IMP_GBSVR,Australia,0.79467
2021,TX_IMP_GBSVR,Australia,0.69836
2005,TX_IMP_GBSVR,Austria,1.21718
2006,TX_IMP_GBSVR,Austria,1.18924
2007,TX_IMP_GBSVR,Austria,1.17265
2008,TX_IMP_GBSVR,Austria,1.14236
2009,TX_IMP_GBSVR,Austria,1.09639
2010,TX_IMP_GBSVR,Austria,0.99921
2011,TX_IMP_GBSVR,Austria,1.02817
2012,TX_IMP_GBSVR,Austria,0.9854
2013,TX_IMP_GBSVR,Austria,1.07879
2014,TX_IMP_GBSVR,Austria,1.07304
2015,TX_IMP_GBSVR,Austria,0.97362
2016,TX_IMP_GBSVR,Austria,1.0092
2017,TX_IMP_GBSVR,Austria,1.04251
2018,TX_IMP_GBSVR,Austria,1.10258
2019,TX_IMP_GBSVR,Austria,1.09459
2020,TX_IMP_GBSVR,Austria,1.13844
2021,TX_IMP_GBSVR,Austria,1.1912
2005,TX_IMP_GBSVR,Armenia,0.02201
2006,TX_IMP_GBSVR,Armenia,0.02302
2007,TX_IMP_GBSVR,Armenia,0.02727
2008,TX_IMP_GBSVR,Armenia,0.02898
2009,TX_IMP_GBSVR,Armenia,0.0298
2010,TX_IMP_GBSVR,Armenia,0.03285
2011,TX_IMP_GBSVR,Armenia,0.03179
2012,TX_IMP_GBSVR,Armenia,0.03356
2013,TX_IMP_GBSVR,Armenia,0.03478
2014,TX_IMP_GBSVR,Armenia,0.03366
2015,TX_IMP_GBSVR,Armenia,0.03282
2016,TX_IMP_GBSVR,Armenia,0.03247
2017,TX_IMP_GBSVR,Armenia,0.03489
2018,TX_IMP_GBSVR,Armenia,0.03769
2019,TX_IMP_GBSVR,Armenia,0.0414
2020,TX_IMP_GBSVR,Armenia,0.02047
2021,TX_IMP_GBSVR,Armenia,0.02237
2005,TX_IMP_GBSVR,Belgium,2.06012
2006,TX_IMP_GBSVR,Belgium,1.91608
2007,TX_IMP_GBSVR,Belgium,2.09012
2008,TX_IMP_GBSVR,Belgium,2.25338
2009,TX_IMP_GBSVR,Belgium,2.31449
2010,TX_IMP_GBSVR,Belgium,2.26155
2011,TX_IMP_GBSVR,Belgium,2.19875
2012,TX_IMP_GBSVR,Belgium,2.18672
2013,TX_IMP_GBSVR,Belgium,2.20284
2014,TX_IMP_GBSVR,Belgium,2.28965
2015,TX_IMP_GBSVR,Belgium,2.12822
2016,TX_IMP_GBSVR,Belgium,2.13518
2017,TX_IMP_GBSVR,Belgium,2.15457
2018,TX_IMP_GBSVR,Belgium,2.13121
2019,TX_IMP_GBSVR,Belgium,2.05159
2020,TX_IMP_GBSVR,Belgium,2.43516
2021,TX_IMP_GBSVR,Belgium,2.39166
2005,TX_IMP_GBSVR,Bosnia and Herzegovina,0.01658
2006,TX_IMP_GBSVR,Bosnia and Herzegovina,0.01576
2007,TX_IMP_GBSVR,Bosnia and Herzegovina,0.01428
2008,TX_IMP_GBSVR,Bosnia and Herzegovina,0.0161
2009,TX_IMP_GBSVR,Bosnia and Herzegovina,0.01855
2010,TX_IMP_GBSVR,Bosnia and Herzegovina,0.01395
2011,TX_IMP_GBSVR,Bosnia and Herzegovina,0.01287
2012,TX_IMP_GBSVR,Bosnia and Herzegovina,0.01145
2013,TX_IMP_GBSVR,Bosnia and Herzegovina,0.01101
2014,TX_IMP_GBSVR,Bosnia and Herzegovina,0.01019
2015,TX_IMP_GBSVR,Bosnia and Herzegovina,0.0117
2016,TX_IMP_GBSVR,Bosnia and Herzegovina,0.01207
2017,TX_IMP_GBSVR,Bosnia and Herzegovina,0.01258
2018,TX_IMP_GBSVR,Bosnia and Herzegovina,0.01262
2019,TX_IMP_GBSVR,Bosnia and Herzegovina,0.01276
2020,TX_IMP_GBSVR,Bosnia and Herzegovina,0.01065
2021,TX_IMP_GBSVR,Bosnia and Herzegovina,0.01232
2005,TX_IMP_GBSVR,Bulgaria,0.12973
2006,TX_IMP_GBSVR,Bulgaria,0.13877
2007,TX_IMP_GBSVR,Bulgaria,0.16557
2008,TX_IMP_GBSVR,Bulgaria,0.16911
2009,TX_IMP_GBSVR,Bulgaria,0.15668
2010,TX_IMP_GBSVR,Bulgaria,0.08797
2011,TX_IMP_GBSVR,Bulgaria,0.08227
2012,TX_IMP_GBSVR,Bulgaria,0.09258
2013,TX_IMP_GBSVR,Bulgaria,0.09077
2014,TX_IMP_GBSVR,Bulgaria,0.10929
2015,TX_IMP_GBSVR,Bulgaria,0.09586
2016,TX_IMP_GBSVR,Bulgaria,0.10391
2017,TX_IMP_GBSVR,Bulgaria,0.10964
2018,TX_IMP_GBSVR,Bulgaria,0.10269
2019,TX_IMP_GBSVR,Bulgaria,0.09914
2020,TX_IMP_GBSVR,Bulgaria,0.0964
2021,TX_IMP_GBSVR,Bulgaria,0.10058
2005,TX_IMP_GBSVR,Belarus,0.04344
2006,TX_IMP_GBSVR,Belarus,0.05776
2007,TX_IMP_GBSVR,Belarus,0.05997
2008,TX_IMP_GBSVR,Belarus,0.06987
2009,TX_IMP_GBSVR,Belarus,0.06281
2010,TX_IMP_GBSVR,Belarus,0.07803
2011,TX_IMP_GBSVR,Belarus,0.07791
2012,TX_IMP_GBSVR,Belarus,0.09075
2013,TX_IMP_GBSVR,Belarus,0.1116
2014,TX_IMP_GBSVR,Belarus,0.11184
2015,TX_IMP_GBSVR,Belarus,0.09007
2016,TX_IMP_GBSVR,Belarus,0.08887
2017,TX_IMP_GBSVR,Belarus,0.0904
2018,TX_IMP_GBSVR,Belarus,0.09289
2019,TX_IMP_GBSVR,Belarus,0.09701
2020,TX_IMP_GBSVR,Belarus,0.09979
2021,TX_IMP_GBSVR,Belarus,0.10086
2005,TX_IMP_GBSVR,Canada,2.5108
2006,TX_IMP_GBSVR,Canada,2.49229
2007,TX_IMP_GBSVR,Canada,2.38273
2008,TX_IMP_GBSVR,Canada,2.28705
2009,TX_IMP_GBSVR,Canada,2.37031
2010,TX_IMP_GBSVR,Canada,2.58216
2011,TX_IMP_GBSVR,Canada,2.52385
2012,TX_IMP_GBSVR,Canada,2.54491
2013,TX_IMP_GBSVR,Canada,2.44313
2014,TX_IMP_GBSVR,Canada,2.21627
2015,TX_IMP_GBSVR,Canada,2.13698
2016,TX_IMP_GBSVR,Canada,2.11947
2017,TX_IMP_GBSVR,Canada,2.09584
2018,TX_IMP_GBSVR,Canada,2.09907
2019,TX_IMP_GBSVR,Canada,2.09411
2020,TX_IMP_GBSVR,Canada,1.99539
2021,TX_IMP_GBSVR,Canada,1.86546
2005,TX_IMP_GBSVR,Chile,0.28651
2006,TX_IMP_GBSVR,Chile,0.27879
2007,TX_IMP_GBSVR,Chile,0.2701
2008,TX_IMP_GBSVR,Chile,0.29347
2009,TX_IMP_GBSVR,Chile,0.28282
2010,TX_IMP_GBSVR,Chile,0.32502
2011,TX_IMP_GBSVR,Chile,0.35483
2012,TX_IMP_GBSVR,Chile,0.33054
2013,TX_IMP_GBSVR,Chile,0.32858
2014,TX_IMP_GBSVR,Chile,0.27976
2015,TX_IMP_GBSVR,Chile,0.26714
2016,TX_IMP_GBSVR,Chile,0.26043
2017,TX_IMP_GBSVR,Chile,0.25498
2018,TX_IMP_GBSVR,Chile,0.25104
2019,TX_IMP_GBSVR,Chile,0.23808
2020,TX_IMP_GBSVR,Chile,0.23058
2021,TX_IMP_GBSVR,Chile,0.28034
2005,TX_IMP_GBSVR,China,3.19688
2006,TX_IMP_GBSVR,China,3.40403
2007,TX_IMP_GBSVR,China,3.71839
2008,TX_IMP_GBSVR,China,4.01038
2009,TX_IMP_GBSVR,China,4.45928
2010,TX_IMP_GBSVR,China,4.98722
2011,TX_IMP_GBSVR,China,5.7234
2012,TX_IMP_GBSVR,China,6.27761
2013,TX_IMP_GBSVR,China,6.98964
2014,TX_IMP_GBSVR,China,8.40346
2015,TX_IMP_GBSVR,China,8.88514
2016,TX_IMP_GBSVR,China,9.16996
2017,TX_IMP_GBSVR,China,8.75835
2018,TX_IMP_GBSVR,China,9.02383
2019,TX_IMP_GBSVR,China,8.29955
2020,TX_IMP_GBSVR,China,7.76503
2021,TX_IMP_GBSVR,China,7.8477
2005,TX_IMP_GBSVR,Colombia,0.2003
2006,TX_IMP_GBSVR,Colombia,0.20266
2007,TX_IMP_GBSVR,Colombia,0.21296
2008,TX_IMP_GBSVR,Colombia,0.22031
2009,TX_IMP_GBSVR,Colombia,0.24488
2010,TX_IMP_GBSVR,Colombia,0.27401
2011,TX_IMP_GBSVR,Colombia,0.28023
2012,TX_IMP_GBSVR,Colombia,0.31172
2013,TX_IMP_GBSVR,Colombia,0.31108
2014,TX_IMP_GBSVR,Colombia,0.31486
2015,TX_IMP_GBSVR,Colombia,0.28479
2016,TX_IMP_GBSVR,Colombia,0.2633
2017,TX_IMP_GBSVR,Colombia,0.26248
2018,TX_IMP_GBSVR,Colombia,0.25591
2019,TX_IMP_GBSVR,Colombia,0.24785
2020,TX_IMP_GBSVR,Colombia,0.20628
2021,TX_IMP_GBSVR,Colombia,0.23425
2005,TX_IMP_GBSVR,Costa Rica,0.05755
2006,TX_IMP_GBSVR,Costa Rica,0.05627
2007,TX_IMP_GBSVR,Costa Rica,0.05532
2008,TX_IMP_GBSVR,Costa Rica,0.0471
2009,TX_IMP_GBSVR,Costa Rica,0.04141
2010,TX_IMP_GBSVR,Costa Rica,0.04872
2011,TX_IMP_GBSVR,Costa Rica,0.04502
2012,TX_IMP_GBSVR,Costa Rica,0.04964
2013,TX_IMP_GBSVR,Costa Rica,0.05044
2014,TX_IMP_GBSVR,Costa Rica,0.04983
2015,TX_IMP_GBSVR,Costa Rica,0.06293
2016,TX_IMP_GBSVR,Costa Rica,0.06952
2017,TX_IMP_GBSVR,Costa Rica,0.07188
2018,TX_IMP_GBSVR,Costa Rica,0.07237
2019,TX_IMP_GBSVR,Costa Rica,0.07648
2020,TX_IMP_GBSVR,Costa Rica,0.08155
2021,TX_IMP_GBSVR,Costa Rica,0.08223
2005,TX_IMP_GBSVR,Croatia,0.1376
2006,TX_IMP_GBSVR,Croatia,0.12957
2007,TX_IMP_GBSVR,Croatia,0.12141
2008,TX_IMP_GBSVR,Croatia,0.135
2009,TX_IMP_GBSVR,Croatia,0.12515
2010,TX_IMP_GBSVR,Croatia,0.10016
2011,TX_IMP_GBSVR,Croatia,0.09435
2012,TX_IMP_GBSVR,Croatia,0.0883
2013,TX_IMP_GBSVR,Croatia,0.08611
2014,TX_IMP_GBSVR,Croatia,0.07479
2015,TX_IMP_GBSVR,Croatia,0.07429
2016,TX_IMP_GBSVR,Croatia,0.07993
2017,TX_IMP_GBSVR,Croatia,0.08676
2018,TX_IMP_GBSVR,Croatia,0.09398
2019,TX_IMP_GBSVR,Croatia,0.09307
2020,TX_IMP_GBSVR,Croatia,0.08446
2021,TX_IMP_GBSVR,Croatia,0.09181
2005,TX_IMP_GBSVR,Cyprus,0.13039
2006,TX_IMP_GBSVR,Cyprus,0.1257
2007,TX_IMP_GBSVR,Cyprus,0.13223
2008,TX_IMP_GBSVR,Cyprus,0.14603
2009,TX_IMP_GBSVR,Cyprus,0.1417
2010,TX_IMP_GBSVR,Cyprus,0.13811
2011,TX_IMP_GBSVR,Cyprus,0.13073
2012,TX_IMP_GBSVR,Cyprus,0.12346
2013,TX_IMP_GBSVR,Cyprus,0.13624
2014,TX_IMP_GBSVR,Cyprus,0.13908
2015,TX_IMP_GBSVR,Cyprus,0.1347
2016,TX_IMP_GBSVR,Cyprus,0.14075
2017,TX_IMP_GBSVR,Cyprus,0.15504
2018,TX_IMP_GBSVR,Cyprus,0.15664
2019,TX_IMP_GBSVR,Cyprus,0.17878
2020,TX_IMP_GBSVR,Cyprus,0.22831
2021,TX_IMP_GBSVR,Cyprus,0.22831
2005,TX_IMP_GBSVR,Czechia,0.41154
2006,TX_IMP_GBSVR,Czechia,0.43123
2007,TX_IMP_GBSVR,Czechia,0.43825
2008,TX_IMP_GBSVR,Czechia,0.46567
2009,TX_IMP_GBSVR,Czechia,0.45661
2010,TX_IMP_GBSVR,Czechia,0.45937
2011,TX_IMP_GBSVR,Czechia,0.46949
2012,TX_IMP_GBSVR,Czechia,0.45229
2013,TX_IMP_GBSVR,Czechia,0.4311
2014,TX_IMP_GBSVR,Czechia,0.43511
2015,TX_IMP_GBSVR,Czechia,0.40308
2016,TX_IMP_GBSVR,Czechia,0.40573
2017,TX_IMP_GBSVR,Czechia,0.4101
2018,TX_IMP_GBSVR,Czechia,0.4314
2019,TX_IMP_GBSVR,Czechia,0.42815
2020,TX_IMP_GBSVR,Czechia,0.43875
2021,TX_IMP_GBSVR,Czechia,0.43787
2005,TX_IMP_GBSVR,Denmark,1.46252
2006,TX_IMP_GBSVR,Denmark,1.59139
2007,TX_IMP_GBSVR,Denmark,1.6183
2008,TX_IMP_GBSVR,Denmark,1.67681
2009,TX_IMP_GBSVR,Denmark,1.5594
2010,TX_IMP_GBSVR,Denmark,1.42231
2011,TX_IMP_GBSVR,Denmark,1.43465
2012,TX_IMP_GBSVR,Denmark,1.38171
2013,TX_IMP_GBSVR,Denmark,1.35459
2014,TX_IMP_GBSVR,Denmark,1.25729
2015,TX_IMP_GBSVR,Denmark,1.18778
2016,TX_IMP_GBSVR,Denmark,1.2073
2017,TX_IMP_GBSVR,Denmark,1.18125
2018,TX_IMP_GBSVR,Denmark,1.26272
2019,TX_IMP_GBSVR,Denmark,1.2666
2020,TX_IMP_GBSVR,Denmark,1.46548
2021,TX_IMP_GBSVR,Denmark,1.45325
2005,TX_IMP_GBSVR,Estonia,0.08592
2006,TX_IMP_GBSVR,Estonia,0.0862
2007,TX_IMP_GBSVR,Estonia,0.0909
2008,TX_IMP_GBSVR,Estonia,0.08994
2009,TX_IMP_GBSVR,Estonia,0.07363
2010,TX_IMP_GBSVR,Estonia,0.07596
2011,TX_IMP_GBSVR,Estonia,0.08802
2012,TX_IMP_GBSVR,Estonia,0.08963
2013,TX_IMP_GBSVR,Estonia,0.10086
2014,TX_IMP_GBSVR,Estonia,0.09527
2015,TX_IMP_GBSVR,Estonia,0.08133
2016,TX_IMP_GBSVR,Estonia,0.08782
2017,TX_IMP_GBSVR,Estonia,0.08948
2018,TX_IMP_GBSVR,Estonia,0.09618
2019,TX_IMP_GBSVR,Estonia,0.09487
2020,TX_IMP_GBSVR,Estonia,0.12648
2021,TX_IMP_GBSVR,Estonia,0.14687
2005,TX_IMP_GBSVR,Finland,0.65999
2006,TX_IMP_GBSVR,Finland,0.6537
2007,TX_IMP_GBSVR,Finland,0.66998
2008,TX_IMP_GBSVR,Finland,0.80733
2009,TX_IMP_GBSVR,Finland,0.78927
2010,TX_IMP_GBSVR,Finland,0.70488
2011,TX_IMP_GBSVR,Finland,0.69021
2012,TX_IMP_GBSVR,Finland,0.69083
2013,TX_IMP_GBSVR,Finland,0.66288
2014,TX_IMP_GBSVR,Finland,0.59863
2015,TX_IMP_GBSVR,Finland,0.56459
2016,TX_IMP_GBSVR,Finland,0.5792
2017,TX_IMP_GBSVR,Finland,0.56952
2018,TX_IMP_GBSVR,Finland,0.61036
2019,TX_IMP_GBSVR,Finland,0.606
2020,TX_IMP_GBSVR,Finland,0.64949
2021,TX_IMP_GBSVR,Finland,0.63477
2005,TX_IMP_GBSVR,France,5.10135
2006,TX_IMP_GBSVR,France,4.92776
2007,TX_IMP_GBSVR,France,4.82936
2008,TX_IMP_GBSVR,France,4.90605
2009,TX_IMP_GBSVR,France,4.93668
2010,TX_IMP_GBSVR,France,4.689
2011,TX_IMP_GBSVR,France,4.6895
2012,TX_IMP_GBSVR,France,4.52348
2013,TX_IMP_GBSVR,France,4.82326
2014,TX_IMP_GBSVR,France,4.91073
2015,TX_IMP_GBSVR,France,4.76168
2016,TX_IMP_GBSVR,France,4.80292
2017,TX_IMP_GBSVR,France,4.6231
2018,TX_IMP_GBSVR,France,4.70798
2019,TX_IMP_GBSVR,France,4.46595
2020,TX_IMP_GBSVR,France,4.80592
2021,TX_IMP_GBSVR,France,4.59324
2005,TX_IMP_GBSVR,Georgia,0.02421
2006,TX_IMP_GBSVR,Georgia,0.02476
2007,TX_IMP_GBSVR,Georgia,0.02671
2008,TX_IMP_GBSVR,Georgia,0.03144
2009,TX_IMP_GBSVR,Georgia,0.02743
2010,TX_IMP_GBSVR,Georgia,0.02817
2011,TX_IMP_GBSVR,Georgia,0.02922
2012,TX_IMP_GBSVR,Georgia,0.03244
2013,TX_IMP_GBSVR,Georgia,0.03308
2014,TX_IMP_GBSVR,Georgia,0.03373
2015,TX_IMP_GBSVR,Georgia,0.03433
2016,TX_IMP_GBSVR,Georgia,0.03532
2017,TX_IMP_GBSVR,Georgia,0.03682
2018,TX_IMP_GBSVR,Georgia,0.0386
2019,TX_IMP_GBSVR,Georgia,0.04019
2020,TX_IMP_GBSVR,Georgia,0.02967
2021,TX_IMP_GBSVR,Georgia,0.03241
2005,TX_IMP_GBSVR,Germany,7.97039
2006,TX_IMP_GBSVR,Germany,7.57917
2007,TX_IMP_GBSVR,Germany,7.39402
2008,TX_IMP_GBSVR,Germany,7.27028
2009,TX_IMP_GBSVR,Germany,7.05317
2010,TX_IMP_GBSVR,Germany,6.79579
2011,TX_IMP_GBSVR,Germany,6.83611
2012,TX_IMP_GBSVR,Germany,6.57401
2013,TX_IMP_GBSVR,Germany,6.93557
2014,TX_IMP_GBSVR,Germany,6.45946
2015,TX_IMP_GBSVR,Germany,6.161
2016,TX_IMP_GBSVR,Germany,6.4232
2017,TX_IMP_GBSVR,Germany,6.5178
2018,TX_IMP_GBSVR,Germany,6.4432
2019,TX_IMP_GBSVR,Germany,6.22475
2020,TX_IMP_GBSVR,Germany,6.33804
2021,TX_IMP_GBSVR,Germany,6.77577
2005,TX_IMP_GBSVR,Greece,0.61758
2006,TX_IMP_GBSVR,Greece,0.61221
2007,TX_IMP_GBSVR,Greece,0.63911
2008,TX_IMP_GBSVR,Greece,0.68568
2009,TX_IMP_GBSVR,Greece,0.61092
2010,TX_IMP_GBSVR,Greece,0.51917
2011,TX_IMP_GBSVR,Greece,0.4464
2012,TX_IMP_GBSVR,Greece,0.39344
2013,TX_IMP_GBSVR,Greece,0.3454
2014,TX_IMP_GBSVR,Greece,0.33028
2015,TX_IMP_GBSVR,Greece,0.34107
2016,TX_IMP_GBSVR,Greece,0.30303
2017,TX_IMP_GBSVR,Greece,0.33046
2018,TX_IMP_GBSVR,Greece,0.36232
2019,TX_IMP_GBSVR,Greece,0.35345
2020,TX_IMP_GBSVR,Greece,0.35917
2021,TX_IMP_GBSVR,Greece,0.46294
2005,TX_IMP_GBSVR,Hungary,0.4478
2006,TX_IMP_GBSVR,Hungary,0.41825
2007,TX_IMP_GBSVR,Hungary,0.46559
2008,TX_IMP_GBSVR,Hungary,0.47169
2009,TX_IMP_GBSVR,Hungary,0.48042
2010,TX_IMP_GBSVR,Hungary,0.41375
2011,TX_IMP_GBSVR,Hungary,0.41134
2012,TX_IMP_GBSVR,Hungary,0.35291
2013,TX_IMP_GBSVR,Hungary,0.37192
2014,TX_IMP_GBSVR,Hungary,0.36532
2015,TX_IMP_GBSVR,Hungary,0.34818
2016,TX_IMP_GBSVR,Hungary,0.35341
2017,TX_IMP_GBSVR,Hungary,0.35614
2018,TX_IMP_GBSVR,Hungary,0.35136
2019,TX_IMP_GBSVR,Hungary,0.3683
2020,TX_IMP_GBSVR,Hungary,0.36339
2021,TX_IMP_GBSVR,Hungary,0.3592
2005,TX_IMP_GBSVR,Iceland,0.09192
2006,TX_IMP_GBSVR,Iceland,0.08204
2007,TX_IMP_GBSVR,Iceland,0.0823
2008,TX_IMP_GBSVR,Iceland,0.06116
2009,TX_IMP_GBSVR,Iceland,0.05534
2010,TX_IMP_GBSVR,Iceland,0.05633
2011,TX_IMP_GBSVR,Iceland,0.05992
2012,TX_IMP_GBSVR,Iceland,0.06114
2013,TX_IMP_GBSVR,Iceland,0.05957
2014,TX_IMP_GBSVR,Iceland,0.06056
2015,TX_IMP_GBSVR,Iceland,0.05796
2016,TX_IMP_GBSVR,Iceland,0.06533
2017,TX_IMP_GBSVR,Iceland,0.07062
2018,TX_IMP_GBSVR,Iceland,0.07358
2019,TX_IMP_GBSVR,Iceland,0.06019
2020,TX_IMP_GBSVR,Iceland,0.04661
2021,TX_IMP_GBSVR,Iceland,0.05249
2005,TX_IMP_GBSVR,India,2.30848
2006,TX_IMP_GBSVR,India,2.53759
2007,TX_IMP_GBSVR,India,2.60131
2008,TX_IMP_GBSVR,India,2.21915
2009,TX_IMP_GBSVR,India,2.26031
2010,TX_IMP_GBSVR,India,2.96362
2011,TX_IMP_GBSVR,India,2.89326
2012,TX_IMP_GBSVR,India,2.89932
2013,TX_IMP_GBSVR,India,2.6827
2014,TX_IMP_GBSVR,India,2.49186
2015,TX_IMP_GBSVR,India,2.52079
2016,TX_IMP_GBSVR,India,2.70845
2017,TX_IMP_GBSVR,India,2.8957
2018,TX_IMP_GBSVR,India,3.02526
2019,TX_IMP_GBSVR,India,2.97433
2020,TX_IMP_GBSVR,India,3.13254
2021,TX_IMP_GBSVR,India,3.48462
2005,TX_IMP_GBSVR,Ireland,2.79702
2006,TX_IMP_GBSVR,Ireland,2.76395
2007,TX_IMP_GBSVR,Ireland,2.82165
2008,TX_IMP_GBSVR,Ireland,2.89453
2009,TX_IMP_GBSVR,Ireland,3.02091
2010,TX_IMP_GBSVR,Ireland,2.83542
2011,TX_IMP_GBSVR,Ireland,2.75697
2012,TX_IMP_GBSVR,Ireland,2.50664
2013,TX_IMP_GBSVR,Ireland,2.47736
2014,TX_IMP_GBSVR,Ireland,2.71913
2015,TX_IMP_GBSVR,Ireland,3.57516
2016,TX_IMP_GBSVR,Ireland,4.46359
2017,TX_IMP_GBSVR,Ireland,4.34462
2018,TX_IMP_GBSVR,Ireland,4.17187
2019,TX_IMP_GBSVR,Ireland,6.22989
2020,TX_IMP_GBSVR,Ireland,7.1209
2021,TX_IMP_GBSVR,Ireland,6.07199
2005,TX_IMP_GBSVR,Israel,0.54583
2006,TX_IMP_GBSVR,Israel,0.51655
2007,TX_IMP_GBSVR,Israel,0.51653
2008,TX_IMP_GBSVR,Israel,0.51304
2009,TX_IMP_GBSVR,Israel,0.50055
2010,TX_IMP_GBSVR,Israel,0.48498
2011,TX_IMP_GBSVR,Israel,0.46885
2012,TX_IMP_GBSVR,Israel,0.49851
2013,TX_IMP_GBSVR,Israel,0.48258
2014,TX_IMP_GBSVR,Israel,0.46066
2015,TX_IMP_GBSVR,Israel,0.49499
2016,TX_IMP_GBSVR,Israel,0.53396
2017,TX_IMP_GBSVR,Israel,0.54534
2018,TX_IMP_GBSVR,Israel,0.52935
2019,TX_IMP_GBSVR,Israel,0.53438
2021,TX_IMP_GBSVR,Lithuania,0.16113
2005,TX_IMP_GBSVR,Luxembourg,0.99688
2006,TX_IMP_GBSVR,Luxembourg,1.12886
2007,TX_IMP_GBSVR,Luxembourg,1.20322
2008,TX_IMP_GBSVR,Luxembourg,1.0725
2009,TX_IMP_GBSVR,Luxembourg,1.01631
2010,TX_IMP_GBSVR,Luxembourg,1.1186
2011,TX_IMP_GBSVR,Luxembourg,1.15519
2012,TX_IMP_GBSVR,Luxembourg,1.21107
2013,TX_IMP_GBSVR,Luxembourg,1.33675
2014,TX_IMP_GBSVR,Luxembourg,1.40447
2015,TX_IMP_GBSVR,Luxembourg,1.38056
2016,TX_IMP_GBSVR,Luxembourg,1.39938
2017,TX_IMP_GBSVR,Luxembourg,1.45127
2018,TX_IMP_GBSVR,Luxembourg,1.50051
2019,TX_IMP_GBSVR,Luxembourg,1.52635
2020,TX_IMP_GBSVR,Luxembourg,1.96429
2021,TX_IMP_GBSVR,Luxembourg,1.96513
2005,TX_IMP_GBSVR,Malta,0.12424
2006,TX_IMP_GBSVR,Malta,0.14513
2007,TX_IMP_GBSVR,Malta,0.14928
2008,TX_IMP_GBSVR,Malta,0.19966
2009,TX_IMP_GBSVR,Malta,0.23619
2010,TX_IMP_GBSVR,Malta,0.21798
2011,TX_IMP_GBSVR,Malta,0.21675
2012,TX_IMP_GBSVR,Malta,0.20649
2013,TX_IMP_GBSVR,Malta,0.21164
2014,TX_IMP_GBSVR,Malta,0.20195
2015,TX_IMP_GBSVR,Malta,0.20933
2016,TX_IMP_GBSVR,Malta,0.20997
2017,TX_IMP_GBSVR,Malta,0.219
2018,TX_IMP_GBSVR,Malta,0.21343
2019,TX_IMP_GBSVR,Malta,0.21327
2020,TX_IMP_GBSVR,Malta,0.27242
2021,TX_IMP_GBSVR,Malta,0.26105
2005,TX_IMP_GBSVR,Mexico,0.86819
2006,TX_IMP_GBSVR,Mexico,0.80293
2007,TX_IMP_GBSVR,Mexico,0.73014
2008,TX_IMP_GBSVR,Mexico,0.66967
2009,TX_IMP_GBSVR,Mexico,0.70255
2010,TX_IMP_GBSVR,Mexico,0.69306
2011,TX_IMP_GBSVR,Mexico,0.72543
2012,TX_IMP_GBSVR,Mexico,0.69846
2013,TX_IMP_GBSVR,Mexico,0.67975
2014,TX_IMP_GBSVR,Mexico,0.66925
2015,TX_IMP_GBSVR,Mexico,0.66673
2016,TX_IMP_GBSVR,Mexico,0.67294
2017,TX_IMP_GBSVR,Mexico,0.69963
2018,TX_IMP_GBSVR,Mexico,0.6958
2019,TX_IMP_GBSVR,Mexico,0.66267
2020,TX_IMP_GBSVR,Mexico,0.5722
2021,TX_IMP_GBSVR,Mexico,0.68741
2005,TX_IMP_GBSVR,Republic of Moldova,0.01621
2006,TX_IMP_GBSVR,Republic of Moldova,0.01658
2007,TX_IMP_GBSVR,Republic of Moldova,0.01875
2008,TX_IMP_GBSVR,Republic of Moldova,0.02117
2009,TX_IMP_GBSVR,Republic of Moldova,0.02022
2010,TX_IMP_GBSVR,Republic of Moldova,0.01847
2011,TX_IMP_GBSVR,Republic of Moldova,0.01938
2012,TX_IMP_GBSVR,Republic of Moldova,0.02036
2013,TX_IMP_GBSVR,Republic of Moldova,0.02094
2014,TX_IMP_GBSVR,Republic of Moldova,0.01971
2015,TX_IMP_GBSVR,Republic of Moldova,0.01732
2016,TX_IMP_GBSVR,Republic of Moldova,0.01714
2017,TX_IMP_GBSVR,Republic of Moldova,0.01778
2018,TX_IMP_GBSVR,Republic of Moldova,0.01927
2019,TX_IMP_GBSVR,Republic of Moldova,0.01977
2020,TX_IMP_GBSVR,Republic of Moldova,0.01824
2021,TX_IMP_GBSVR,Republic of Moldova,0.02093
2008,TX_IMP_GBSVR,Montenegro,0.01537
2009,TX_IMP_GBSVR,Montenegro,0.01311
2010,TX_IMP_GBSVR,Montenegro,0.01118
2011,TX_IMP_GBSVR,Montenegro,0.00994
2012,TX_IMP_GBSVR,Montenegro,0.00967
2013,TX_IMP_GBSVR,Montenegro,0.00958
2014,TX_IMP_GBSVR,Montenegro,0.00875
2015,TX_IMP_GBSVR,Montenegro,0.00961
2016,TX_IMP_GBSVR,Montenegro,0.01089
2017,TX_IMP_GBSVR,Montenegro,0.01128
2018,TX_IMP_GBSVR,Montenegro,0.01267
2019,TX_IMP_GBSVR,Montenegro,0.01274
2020,TX_IMP_GBSVR,Montenegro,0.0117
2021,TX_IMP_GBSVR,Montenegro,0.01343
2006,TX_IMP_GBSVR,Netherlands (Kingdom of the),4.35234
2007,TX_IMP_GBSVR,Netherlands (Kingdom of the),4.38315
2008,TX_IMP_GBSVR,Netherlands (Kingdom of the),4.35541
2009,TX_IMP_GBSVR,Netherlands (Kingdom of the),4.60644
2010,TX_IMP_GBSVR,Netherlands (Kingdom of the),3.50788
2011,TX_IMP_GBSVR,Netherlands (Kingdom of the),3.47445
2012,TX_IMP_GBSVR,Netherlands (Kingdom of the),3.18737
2013,TX_IMP_GBSVR,Netherlands (Kingdom of the),3.20415
2014,TX_IMP_GBSVR,Netherlands (Kingdom of the),3.74706
2015,TX_IMP_GBSVR,Netherlands (Kingdom of the),4.35424
2016,TX_IMP_GBSVR,Netherlands (Kingdom of the),3.72308
2017,TX_IMP_GBSVR,Netherlands (Kingdom of the),4.05552
2018,TX_IMP_GBSVR,Netherlands (Kingdom of the),4.45891
2019,TX_IMP_GBSVR,Netherlands (Kingdom of the),4.40286
2020,TX_IMP_GBSVR,Netherlands (Kingdom of the),4.34121
2021,TX_IMP_GBSVR,Netherlands (Kingdom of the),4.21032
2005,TX_IMP_GBSVR,New Zealand,0.31977
2006,TX_IMP_GBSVR,New Zealand,0.27283
2007,TX_IMP_GBSVR,New Zealand,0.27386
2008,TX_IMP_GBSVR,New Zealand,0.26211
2009,TX_IMP_GBSVR,New Zealand,0.24071
2010,TX_IMP_GBSVR,New Zealand,0.26368
2011,TX_IMP_GBSVR,New Zealand,0.27971
2012,TX_IMP_GBSVR,New Zealand,0.27683
2013,TX_IMP_GBSVR,New Zealand,0.26764
2014,TX_IMP_GBSVR,New Zealand,0.25806
2015,TX_IMP_GBSVR,New Zealand,0.24535
2016,TX_IMP_GBSVR,New Zealand,0.25362
2017,TX_IMP_GBSVR,New Zealand,0.25868
2018,TX_IMP_GBSVR,New Zealand,0.25729
2019,TX_IMP_GBSVR,New Zealand,0.25954
2020,TX_IMP_GBSVR,New Zealand,0.22826
2021,TX_IMP_GBSVR,New Zealand,0.2375
2005,TX_IMP_GBSVR,Norway,1.10896
2006,TX_IMP_GBSVR,Norway,1.06921
2007,TX_IMP_GBSVR,Norway,1.179
2008,TX_IMP_GBSVR,Norway,1.20339
2009,TX_IMP_GBSVR,Norway,1.04027
2010,TX_IMP_GBSVR,Norway,1.16228
2011,TX_IMP_GBSVR,Norway,1.10286
2012,TX_IMP_GBSVR,Norway,1.17064
2013,TX_IMP_GBSVR,Norway,1.19134
2014,TX_IMP_GBSVR,Norway,1.11731
2015,TX_IMP_GBSVR,Norway,0.9643
2016,TX_IMP_GBSVR,Norway,0.98068
2017,TX_IMP_GBSVR,Norway,0.93353
2018,TX_IMP_GBSVR,Norway,0.89689
2019,TX_IMP_GBSVR,Norway,0.87234
2020,TX_IMP_GBSVR,Norway,0.75871
2021,TX_IMP_GBSVR,Norway,0.73552
2005,TX_IMP_GBSVR,Poland,0.56901
2006,TX_IMP_GBSVR,Poland,0.64435
2007,TX_IMP_GBSVR,Poland,0.66259
2008,TX_IMP_GBSVR,Poland,0.74132
2009,TX_IMP_GBSVR,Poland,0.65686
2010,TX_IMP_GBSVR,Poland,0.76705
2011,TX_IMP_GBSVR,Poland,0.7454
2012,TX_IMP_GBSVR,Poland,0.71237
2013,TX_IMP_GBSVR,Poland,0.69859
2014,TX_IMP_GBSVR,Poland,0.68126
2015,TX_IMP_GBSVR,Poland,0.65379
2016,TX_IMP_GBSVR,Poland,0.6795
2017,TX_IMP_GBSVR,Poland,0.70097
2018,TX_IMP_GBSVR,Poland,0.74089
2019,TX_IMP_GBSVR,Poland,0.72144
2020,TX_IMP_GBSVR,Poland,0.81762
2021,TX_IMP_GBSVR,Poland,0.87737
2005,TX_IMP_GBSVR,Portugal,0.36104
2006,TX_IMP_GBSVR,Portugal,0.38154
2007,TX_IMP_GBSVR,Portugal,0.39146
2008,TX_IMP_GBSVR,Portugal,0.39123
2009,TX_IMP_GBSVR,Portugal,0.39894
2010,TX_IMP_GBSVR,Portugal,0.38076
2011,TX_IMP_GBSVR,Portugal,0.36471
2012,TX_IMP_GBSVR,Portugal,0.30338
2013,TX_IMP_GBSVR,Portugal,0.30614
2014,TX_IMP_GBSVR,Portugal,0.30984
2015,TX_IMP_GBSVR,Portugal,0.28623
2016,TX_IMP_GBSVR,Portugal,0.30029
2017,TX_IMP_GBSVR,Portugal,0.30991
2018,TX_IMP_GBSVR,Portugal,0.32304
2019,TX_IMP_GBSVR,Portugal,0.32996
2020,TX_IMP_GBSVR,Portugal,0.31626
2021,TX_IMP_GBSVR,Portugal,0.37
2005,TX_IMP_GBSVR,Romania,0.20932
2006,TX_IMP_GBSVR,Romania,0.23886
2007,TX_IMP_GBSVR,Romania,0.25742
2008,TX_IMP_GBSVR,Romania,0.30452
2009,TX_IMP_GBSVR,Romania,0.29455
2010,TX_IMP_GBSVR,Romania,0.21652
2011,TX_IMP_GBSVR,Romania,0.22619
2012,TX_IMP_GBSVR,Romania,0.21219
2013,TX_IMP_GBSVR,Romania,0.24841
2014,TX_IMP_GBSVR,Romania,0.24588
2015,TX_IMP_GBSVR,Romania,0.23446
2016,TX_IMP_GBSVR,Romania,0.24684
2017,TX_IMP_GBSVR,Romania,0.28622
2018,TX_IMP_GBSVR,Romania,0.31307
2019,TX_IMP_GBSVR,Romania,0.34171
2020,TX_IMP_GBSVR,Romania,0.33262
2021,TX_IMP_GBSVR,Romania,0.38587
2008,TX_IMP_GBSVR,Serbia,0.1091
2009,TX_IMP_GBSVR,Serbia,0.10911
2010,TX_IMP_GBSVR,Serbia,0.1047
2011,TX_IMP_GBSVR,Serbia,0.10608
2012,TX_IMP_GBSVR,Serbia,0.09665
2013,TX_IMP_GBSVR,Serbia,0.09732
2014,TX_IMP_GBSVR,Serbia,0.09808
2015,TX_IMP_GBSVR,Serbia,0.09138
2016,TX_IMP_GBSVR,Serbia,0.09326
2017,TX_IMP_GBSVR,Serbia,0.10229
2018,TX_IMP_GBSVR,Serbia,0.11679
2019,TX_IMP_GBSVR,Serbia,0.12369
2020,TX_IMP_GBSVR,Serbia,0.13274
2021,TX_IMP_GBSVR,Serbia,0.15214
2005,TX_IMP_GBSVR,Slovakia,0.21257
2006,TX_IMP_GBSVR,Slovakia,0.20762
2007,TX_IMP_GBSVR,Slovakia,0.22385
2008,TX_IMP_GBSVR,Slovakia,0.25214
2009,TX_IMP_GBSVR,Slovakia,0.22056
2010,TX_IMP_GBSVR,Slovakia,0.18764
2011,TX_IMP_GBSVR,Slovakia,0.17683
2012,TX_IMP_GBSVR,Slovakia,0.16134
2013,TX_IMP_GBSVR,Slovakia,0.18448
2014,TX_IMP_GBSVR,Slovakia,0.17312
2015,TX_IMP_GBSVR,Slovakia,0.16288
2020,TX_IMP_GBSVR,Israel,0.48772
2021,TX_IMP_GBSVR,Israel,0.57034
2005,TX_IMP_GBSVR,Italy,3.60731
2006,TX_IMP_GBSVR,Italy,3.59186
2007,TX_IMP_GBSVR,Italy,3.65568
2008,TX_IMP_GBSVR,Italy,3.34234
2009,TX_IMP_GBSVR,Italy,3.0878
2010,TX_IMP_GBSVR,Italy,2.93422
2011,TX_IMP_GBSVR,Italy,2.76763
2012,TX_IMP_GBSVR,Italy,2.44564
2016,TX_IMP_GBSVR,Slovakia,0.17887
2017,TX_IMP_GBSVR,Slovakia,0.17895
2018,TX_IMP_GBSVR,Slovakia,0.18872
2019,TX_IMP_GBSVR,Slovakia,0.18117
2020,TX_IMP_GBSVR,Slovakia,0.18488
2021,TX_IMP_GBSVR,Slovakia,0.1822
2005,TX_IMP_GBSVR,Viet Nam,0.16942
2006,TX_IMP_GBSVR,Viet Nam,0.17291
2007,TX_IMP_GBSVR,Viet Nam,0.20508
2008,TX_IMP_GBSVR,Viet Nam,0.20073
2009,TX_IMP_GBSVR,Viet Nam,0.22973
2010,TX_IMP_GBSVR,Viet Nam,0.25534
2011,TX_IMP_GBSVR,Viet Nam,0.27333
2012,TX_IMP_GBSVR,Viet Nam,0.24597
2013,TX_IMP_GBSVR,Viet Nam,0.29218
2014,TX_IMP_GBSVR,Viet Nam,0.29119
2015,TX_IMP_GBSVR,Viet Nam,0.32057
2016,TX_IMP_GBSVR,Viet Nam,0.33354
2017,TX_IMP_GBSVR,Viet Nam,0.31412
2018,TX_IMP_GBSVR,Viet Nam,0.31787
2019,TX_IMP_GBSVR,Viet Nam,0.31542
2020,TX_IMP_GBSVR,Viet Nam,0.37339
2021,TX_IMP_GBSVR,Viet Nam,0.34511
2005,TX_IMP_GBSVR,Slovenia,0.11149
2006,TX_IMP_GBSVR,Slovenia,0.11395
2007,TX_IMP_GBSVR,Slovenia,0.12625
2008,TX_IMP_GBSVR,Slovenia,0.13525
2009,TX_IMP_GBSVR,Slovenia,0.13807
2010,TX_IMP_GBSVR,Slovenia,0.12466
2011,TX_IMP_GBSVR,Slovenia,0.12194
2012,TX_IMP_GBSVR,Slovenia,0.11272
2013,TX_IMP_GBSVR,Slovenia,0.1108
2014,TX_IMP_GBSVR,Slovenia,0.10948
2015,TX_IMP_GBSVR,Slovenia,0.09747
2016,TX_IMP_GBSVR,Slovenia,0.10272
2017,TX_IMP_GBSVR,Slovenia,0.10876
2018,TX_IMP_GBSVR,Slovenia,0.11162
2019,TX_IMP_GBSVR,Slovenia,0.10673
2020,TX_IMP_GBSVR,Slovenia,0.11414
2021,TX_IMP_GBSVR,Slovenia,0.12323
2005,TX_IMP_GBSVR,Spain,2.27626
2006,TX_IMP_GBSVR,Spain,2.2906
2007,TX_IMP_GBSVR,Spain,2.20897
2008,TX_IMP_GBSVR,Spain,2.05663
2009,TX_IMP_GBSVR,Spain,1.93331
2010,TX_IMP_GBSVR,Spain,1.68883
2011,TX_IMP_GBSVR,Spain,1.59396
2012,TX_IMP_GBSVR,Spain,1.38267
2013,TX_IMP_GBSVR,Spain,1.27054
2014,TX_IMP_GBSVR,Spain,1.29847
2015,TX_IMP_GBSVR,Spain,1.26927
2016,TX_IMP_GBSVR,Spain,1.32965
2017,TX_IMP_GBSVR,Spain,1.33786
2018,TX_IMP_GBSVR,Spain,1.41819
2019,TX_IMP_GBSVR,Spain,1.43039
2020,TX_IMP_GBSVR,Spain,1.24229
2021,TX_IMP_GBSVR,Spain,1.29908
2005,TX_IMP_GBSVR,Sweden,1.49217
2006,TX_IMP_GBSVR,Sweden,1.4327
2007,TX_IMP_GBSVR,Sweden,1.48031
2008,TX_IMP_GBSVR,Sweden,1.47059
2009,TX_IMP_GBSVR,Sweden,1.35026
2010,TX_IMP_GBSVR,Sweden,1.3058
2011,TX_IMP_GBSVR,Sweden,1.35619
2012,TX_IMP_GBSVR,Sweden,1.30569
2013,TX_IMP_GBSVR,Sweden,1.35624
2014,TX_IMP_GBSVR,Sweden,1.34283
2015,TX_IMP_GBSVR,Sweden,1.2577
2016,TX_IMP_GBSVR,Sweden,1.25297
2017,TX_IMP_GBSVR,Sweden,1.31099
2018,TX_IMP_GBSVR,Sweden,1.23684
2019,TX_IMP_GBSVR,Sweden,1.24235
2020,TX_IMP_GBSVR,Sweden,1.39903
2021,TX_IMP_GBSVR,Sweden,1.42194
2005,TX_IMP_GBSVR,Switzerland,2.19033
2006,TX_IMP_GBSVR,Switzerland,2.0119
2007,TX_IMP_GBSVR,Switzerland,1.9724
2008,TX_IMP_GBSVR,Switzerland,1.95587
2009,TX_IMP_GBSVR,Switzerland,2.27172
2010,TX_IMP_GBSVR,Switzerland,2.23192
2011,TX_IMP_GBSVR,Switzerland,2.41851
2012,TX_IMP_GBSVR,Switzerland,2.41587
2013,TX_IMP_GBSVR,Switzerland,2.39784
2014,TX_IMP_GBSVR,Switzerland,2.38351
2015,TX_IMP_GBSVR,Switzerland,2.40218
2016,TX_IMP_GBSVR,Switzerland,2.45882
2017,TX_IMP_GBSVR,Switzerland,2.4179
2018,TX_IMP_GBSVR,Switzerland,2.28968
2019,TX_IMP_GBSVR,Switzerland,2.19189
2020,TX_IMP_GBSVR,Switzerland,2.57947
2021,TX_IMP_GBSVR,Switzerland,2.53132
2005,TX_IMP_GBSVR,Таджикистан,0.00959
2006,TX_IMP_GBSVR,Таджикистан,0.0085
2007,TX_IMP_GBSVR,Таджикистан,0.01694
2008,TX_IMP_GBSVR,Таджикистан,0.01152
2009,TX_IMP_GBSVR,Таджикистан,0.00817
2010,TX_IMP_GBSVR,Таджикистан,0.01062
2011,TX_IMP_GBSVR,Таджикистан,0.01018
2012,TX_IMP_GBSVR,Таджикистан,0.01296
2013,TX_IMP_GBSVR,Таджикистан,0.01672
2014,TX_IMP_GBSVR,Таджикистан,0.01164
2015,TX_IMP_GBSVR,Таджикистан,0.00944
2016,TX_IMP_GBSVR,Таджикистан,0.00759
2017,TX_IMP_GBSVR,Таджикистан,0.00701
2018,TX_IMP_GBSVR,Таджикистан,0.00787
2019,TX_IMP_GBSVR,Таджикистан,0.00809
2020,TX_IMP_GBSVR,Таджикистан,0.00835
2021,TX_IMP_GBSVR,Таджикистан,0.00945
2005,TX_IMP_GBSVR,United Arab Emirates,0.73734
2006,TX_IMP_GBSVR,United Arab Emirates,0.8399
2007,TX_IMP_GBSVR,United Arab Emirates,0.97226
2008,TX_IMP_GBSVR,United Arab Emirates,1.09568
2009,TX_IMP_GBSVR,United Arab Emirates,1.05036
2010,TX_IMP_GBSVR,United Arab Emirates,1.08562
2011,TX_IMP_GBSVR,United Arab Emirates,1.30517
2012,TX_IMP_GBSVR,United Arab Emirates,1.4116
2013,TX_IMP_GBSVR,United Arab Emirates,1.31485
2014,TX_IMP_GBSVR,United Arab Emirates,1.64394
2015,TX_IMP_GBSVR,United Arab Emirates,1.67035
2016,TX_IMP_GBSVR,United Arab Emirates,1.4299
2017,TX_IMP_GBSVR,United Arab Emirates,1.345
2018,TX_IMP_GBSVR,United Arab Emirates,1.24271
2019,TX_IMP_GBSVR,United Arab Emirates,1.46199
2020,TX_IMP_GBSVR,United Arab Emirates,1.26056
2021,TX_IMP_GBSVR,United Arab Emirates,1.35337
2005,TX_IMP_GBSVR,Türkiye,0.45495
2006,TX_IMP_GBSVR,Türkiye,0.41147
2007,TX_IMP_GBSVR,Türkiye,0.45473
2008,TX_IMP_GBSVR,Türkiye,0.4593
2009,TX_IMP_GBSVR,Türkiye,0.47954
2010,TX_IMP_GBSVR,Türkiye,0.5081
2011,TX_IMP_GBSVR,Türkiye,0.48419
2012,TX_IMP_GBSVR,Türkiye,0.46918
2013,TX_IMP_GBSVR,Türkiye,0.53912
2014,TX_IMP_GBSVR,Türkiye,0.54125
2015,TX_IMP_GBSVR,Türkiye,0.52021
2016,TX_IMP_GBSVR,Türkiye,0.52341
2017,TX_IMP_GBSVR,Türkiye,0.50851
2018,TX_IMP_GBSVR,Türkiye,0.48891
2019,TX_IMP_GBSVR,Türkiye,0.47503
2020,TX_IMP_GBSVR,Türkiye,0.4868
2021,TX_IMP_GBSVR,Türkiye,0.56197
2005,TX_IMP_GBSVR,Ukraine,0.28839
2006,TX_IMP_GBSVR,Ukraine,0.31074
2007,TX_IMP_GBSVR,Ukraine,0.33689
2008,TX_IMP_GBSVR,Ukraine,0.40894
2009,TX_IMP_GBSVR,Ukraine,0.32437
2010,TX_IMP_GBSVR,Ukraine,0.3278
2011,TX_IMP_GBSVR,Ukraine,0.30905
2012,TX_IMP_GBSVR,Ukraine,0.32557
2013,TX_IMP_GBSVR,Ukraine,0.34078
2014,TX_IMP_GBSVR,Ukraine,0.23998
2015,TX_IMP_GBSVR,Ukraine,0.23152
2016,TX_IMP_GBSVR,Ukraine,0.24257
2017,TX_IMP_GBSVR,Ukraine,0.24957
2018,TX_IMP_GBSVR,Ukraine,0.24916
2019,TX_IMP_GBSVR,Ukraine,0.2605
2020,TX_IMP_GBSVR,Ukraine,0.22748
2021,TX_IMP_GBSVR,Ukraine,0.25504
2005,TX_IMP_GBSVR,North Macedonia,0.02076
2006,TX_IMP_GBSVR,North Macedonia,0.01911
2007,TX_IMP_GBSVR,North Macedonia,0.02191
2008,TX_IMP_GBSVR,North Macedonia,0.02474
2009,TX_IMP_GBSVR,North Macedonia,0.02296
2010,TX_IMP_GBSVR,North Macedonia,0.02103
2011,TX_IMP_GBSVR,North Macedonia,0.02209
2012,TX_IMP_GBSVR,North Macedonia,0.02173
2013,TX_IMP_GBSVR,North Macedonia,0.0219
2014,TX_IMP_GBSVR,North Macedonia,0.02376
2015,TX_IMP_GBSVR,North Macedonia,0.02329
2016,TX_IMP_GBSVR,North Macedonia,0.0235
2017,TX_IMP_GBSVR,North Macedonia,0.02249
2018,TX_IMP_GBSVR,North Macedonia,0.02438
2019,TX_IMP_GBSVR,North Macedonia,0.02388
2020,TX_IMP_GBSVR,North Macedonia,0.02397
2021,TX_IMP_GBSVR,North Macedonia,0.02596
2005,TX_IMP_GBSVR,United Kingdom of Great Britain and Northern Ireland,6.73934
2006,TX_IMP_GBSVR,United Kingdom of Great Britain and Northern Ireland,6.50835
2007,TX_IMP_GBSVR,United Kingdom of Great Britain and Northern Ireland,6.22471
2008,TX_IMP_GBSVR,United Kingdom of Great Britain and Northern Ireland,5.48327
2009,TX_IMP_GBSVR,United Kingdom of Great Britain and Northern Ireland,5.12775
2010,TX_IMP_GBSVR,United Kingdom of Great Britain and Northern Ireland,4.81396
2011,TX_IMP_GBSVR,United Kingdom of Great Britain and Northern Ireland,4.59716
2012,TX_IMP_GBSVR,United Kingdom of Great Britain and Northern Ireland,4.48206
2013,TX_IMP_GBSVR,United Kingdom of Great Britain and Northern Ireland,4.43496
2014,TX_IMP_GBSVR,United Kingdom of Great Britain and Northern Ireland,4.50471
2015,TX_IMP_GBSVR,United Kingdom of Great Britain and Northern Ireland,4.67525
2016,TX_IMP_GBSVR,United Kingdom of Great Britain and Northern Ireland,4.51958
2017,TX_IMP_GBSVR,United Kingdom of Great Britain and Northern Ireland,4.2954
2018,TX_IMP_GBSVR,United Kingdom of Great Britain and Northern Ireland,4.55128
2019,TX_IMP_GBSVR,United Kingdom of Great Britain and Northern Ireland,4.43841
2020,TX_IMP_GBSVR,United Kingdom of Great Britain and Northern Ireland,4.31605
2021,TX_IMP_GBSVR,United Kingdom of Great Britain and Northern Ireland,4.31987
2005,TX_IMP_GBSVR,Узбекистан,0.06041
2006,TX_IMP_GBSVR,Узбекистан,0.05558
2007,TX_IMP_GBSVR,Узбекистан,0.06097
2008,TX_IMP_GBSVR,Узбекистан,0.0625
2009,TX_IMP_GBSVR,Узбекистан,0.07403
2010,TX_IMP_GBSVR,Узбекистан,0.06849
2011,TX_IMP_GBSVR,Узбекистан,0.07199
2012,TX_IMP_GBSVR,Узбекистан,0.07729
2013,TX_IMP_GBSVR,Узбекистан,0.07147
2014,TX_IMP_GBSVR,Узбекистан,0.05604
2015,TX_IMP_GBSVR,Узбекистан,0.06308
2016,TX_IMP_GBSVR,Узбекистан,0.06985
2017,TX_IMP_GBSVR,Узбекистан,0.07666
2018,TX_IMP_GBSVR,Узбекистан,0.0892
2019,TX_IMP_GBSVR,Узбекистан,0.08886
2020,TX_IMP_GBSVR,Узбекистан,0.07155
2021,TX_IMP_GBSVR,Узбекистан,0.084
2021,TX_IMP_GBSVR,Узбекистан,0.084
