Year,SeriesCode,Страна ,Value
2000,GR_G14_XDC,Hungary,5858125.0
2001,GR_G14_XDC,Hungary,6605153.0
2002,GR_G14_XDC,Hungary,7290510.0
2003,GR_G14_XDC,Hungary,7941122.0
2004,GR_G14_XDC,Hungary,8809348.0
2005,GR_G14_XDC,Hungary,9295944.0
2006,GR_G14_XDC,Hungary,10163253.0
2007,GR_G14_XDC,Hungary,11426366.0
2008,GR_G14_XDC,Hungary,12153806.0
2009,GR_G14_XDC,Hungary,12044015.0
2010,GR_G14_XDC,Hungary,12092476.0
2011,GR_G14_XDC,Hungary,12397165.0
2012,GR_G14_XDC,Hungary,13458233.0
2013,GR_G14_XDC,Hungary,14272961.0
2014,GR_G14_XDC,Hungary,15370315.436
2015,GR_G14_XDC,Hungary,16735304.707
2016,GR_G14_XDC,Hungary,16154156.376
2017,GR_G14_XDC,Hungary,17213040.477
2018,GR_G14_XDC,Hungary,18906373.707
2019,GR_G14_XDC,Hungary,20747879.325
2020,GR_G14_XDC,Hungary,20850516.056
2021,GR_G14_XDC,Hungary,22434196.0
2000,GR_G14_XDC,Iceland,300068.5
2001,GR_G14_XDC,Iceland,323504.331990497
2002,GR_G14_XDC,Iceland,340491.832423226
2003,GR_G14_XDC,Iceland,360027.806848339
2004,GR_G14_XDC,Iceland,409478.109543239
2005,GR_G14_XDC,Iceland,530768.438138833
2006,GR_G14_XDC,Iceland,628646.301533962
2007,GR_G14_XDC,Iceland,698803.217999532
2008,GR_G14_XDC,Iceland,815604.651481577
2009,GR_G14_XDC,Iceland,733326.821100765
2010,GR_G14_XDC,Iceland,710044.419785265
2011,GR_G14_XDC,Iceland,778808.490518463
2012,GR_G14_XDC,Iceland,834496.727503054
2013,GR_G14_XDC,Iceland,883269.105982399
2014,GR_G14_XDC,Iceland,964563.932649246
2015,GR_G14_XDC,Iceland,997700.935511458
2016,GR_G14_XDC,Iceland,1483976.51963855
2017,GR_G14_XDC,Iceland,1200738.10121227
2018,GR_G14_XDC,Iceland,1275333.14184198
2019,GR_G14_XDC,Iceland,1276236.19391521
2020,GR_G14_XDC,Iceland,1231476.29623546
2021,GR_G14_XDC,Iceland,1342533.95649974
2000,GR_G14_XDC,India,2512540.0
2001,GR_G14_XDC,India,2573560.0
2002,GR_G14_XDC,India,2908650.0
2003,GR_G14_XDC,India,3331610.0
2004,GR_G14_XDC,India,3875640.0
2005,GR_G14_XDC,India,4510490.0
2006,GR_G14_XDC,India,5691100.0
2007,GR_G14_XDC,India,7100690.0
2008,GR_G14_XDC,India,7063850.0
2009,GR_G14_XDC,India,7302030.0
2010,GR_G14_XDC,India,10091700.0
2011,GR_G14_XDC,India,10072900.0
2012,GR_G14_XDC,India,12558200.0
2013,GR_G14_XDC,India,14178900.0
2014,GR_G14_XDC,India,14417266.8
2015,GR_G14_XDC,India,17116880.0
2016,GR_G14_XDC,India,19792850.0
2017,GR_G14_XDC,India,21786900.0
2018,GR_G14_XDC,India,24952560.0
2000,GR_G14_XDC,Ireland,38432.425
2001,GR_G14_XDC,Ireland,40450.975
2002,GR_G14_XDC,Ireland,44009.514
2003,GR_G14_XDC,Ireland,48055.998
2004,GR_G14_XDC,Ireland,53315.62
2005,GR_G14_XDC,Ireland,58912.818
2006,GR_G14_XDC,Ireland,67194.859
2007,GR_G14_XDC,Ireland,70764.065
2008,GR_G14_XDC,Ireland,64662.705
2009,GR_G14_XDC,Ireland,55943.377
2010,GR_G14_XDC,Ireland,54863.747
2011,GR_G14_XDC,Ireland,57793.252
2012,GR_G14_XDC,Ireland,59802.83
2013,GR_G14_XDC,Ireland,61394.238
2014,GR_G14_XDC,Ireland,66267.665
2015,GR_G14_XDC,Ireland,71059.15
2016,GR_G14_XDC,Ireland,73822.218
2017,GR_G14_XDC,Ireland,77034.157
2018,GR_G14_XDC,Ireland,83238.346
2019,GR_G14_XDC,Ireland,88204.639
2020,GR_G14_XDC,Ireland,83190.02
2021,GR_G14_XDC,Ireland,98734.874
2000,GR_G14_XDC,Israel,236341.373260908
2001,GR_G14_XDC,Israel,239542.587449606
2002,GR_G14_XDC,Israel,247664.386720195
2003,GR_G14_XDC,Israel,241376.278734278
2004,GR_G14_XDC,Israel,248261.18534441
2002,GR_G14_XDC,Albania,150520.006165
2003,GR_G14_XDC,Albania,166940.624
2004,GR_G14_XDC,Albania,183492.45075
2005,GR_G14_XDC,Albania,203445.447730339
2006,GR_G14_XDC,Albania,228972.036821088
2007,GR_G14_XDC,Albania,251316.92380685
2008,GR_G14_XDC,Albania,291190.618604419
2009,GR_G14_XDC,Albania,298938.0
2010,GR_G14_XDC,Albania,324721.0
2011,GR_G14_XDC,Albania,327736.4878
2012,GR_G14_XDC,Albania,325336.983
2013,GR_G14_XDC,Albania,318981.93
2014,GR_G14_XDC,Albania,366612.2378
2015,GR_G14_XDC,Albania,379381.03
2016,GR_G14_XDC,Albania,389534.161
2005,GR_G14_XDC,Israel,261841.797783109
2006,GR_G14_XDC,Israel,287676.837437883
2007,GR_G14_XDC,Israel,301298.776091799
2008,GR_G14_XDC,Israel,298946.305661797
2009,GR_G14_XDC,Israel,291867.50876896
2010,GR_G14_XDC,Israel,321910.621754113
2011,GR_G14_XDC,Israel,343747.22966669
2012,GR_G14_XDC,Israel,356244.101131259
2013,GR_G14_XDC,Israel,383575.903045861
2014,GR_G14_XDC,Israel,404923.801279752
2015,GR_G14_XDC,Israel,428087.169370761
2016,GR_G14_XDC,Israel,445640.271556638
2017,GR_G14_XDC,Israel,478770.16423298
2018,GR_G14_XDC,Israel,479950.145639229
2019,GR_G14_XDC,Israel,496369.443490363
2020,GR_G14_XDC,Israel,483384.228083287
2021,GR_G14_XDC,Israel,577097.268068098
2000,GR_G14_XDC,Italy,540685.0
2001,GR_G14_XDC,Italy,567701.0
2002,GR_G14_XDC,Italy,583482.0
2003,GR_G14_XDC,Italy,604576.0
2004,GR_G14_XDC,Italy,621751.0
2005,GR_G14_XDC,Italy,635326.0
2006,GR_G14_XDC,Italy,676111.0
2007,GR_G14_XDC,Italy,723683.0
2008,GR_G14_XDC,Italy,731074.0
2009,GR_G14_XDC,Italy,715078.0
2010,GR_G14_XDC,Italy,725883.0
2011,GR_G14_XDC,Italy,741588.0
2012,GR_G14_XDC,Italy,764119.0
2013,GR_G14_XDC,Italy,765792.0
2014,GR_G14_XDC,Italy,770068.0
2015,GR_G14_XDC,Italy,781001.0
2016,GR_G14_XDC,Italy,781484.0
2017,GR_G14_XDC,Italy,794742.0
2018,GR_G14_XDC,Italy,808531.0
2019,GR_G14_XDC,Italy,833154.0
2020,GR_G14_XDC,Italy,775501.0
2021,GR_G14_XDC,Italy,846590.0
2000,GR_G14_XDC,Japan,160731400.0
2001,GR_G14_XDC,Japan,158741200.0
2002,GR_G14_XDC,Japan,149711200.0
2003,GR_G14_XDC,Japan,150541100.0
2004,GR_G14_XDC,Japan,155836500.0
2005,GR_G14_XDC,Japan,162287400.0
2006,GR_G14_XDC,Japan,165965300.0
2007,GR_G14_XDC,Japan,168717700.0
2008,GR_G14_XDC,Japan,161004700.0
2009,GR_G14_XDC,Japan,146746300.0
2010,GR_G14_XDC,Japan,151120200.0
2011,GR_G14_XDC,Japan,154652500.0
2012,GR_G14_XDC,Japan,158660200.0
2013,GR_G14_XDC,Japan,166193400.0
2014,GR_G14_XDC,Japan,178050600.0
2015,GR_G14_XDC,Japan,188178100.0
2016,GR_G14_XDC,Japan,189060900.0
2017,GR_G14_XDC,Japan,193274100.0
2018,GR_G14_XDC,Japan,197471300.0
2019,GR_G14_XDC,Japan,197374000.0
2020,GR_G14_XDC,Japan,197844200.0
2021,GR_G14_XDC,Japan,209204800.0
2000,GR_G14_XDC,Казахстан,565856.593
2001,GR_G14_XDC,Казахстан,708522.647
2002,GR_G14_XDC,Казахстан,798358.296
2003,GR_G14_XDC,Казахстан,992064.33
2004,GR_G14_XDC,Казахстан,1267637.632
2005,GR_G14_XDC,Казахстан,1713723.9280402
2006,GR_G14_XDC,Казахстан,1838926.0907
2007,GR_G14_XDC,Казахстан,2213308.5584
2008,GR_G14_XDC,Казахстан,3298424.7947
2009,GR_G14_XDC,Казахстан,3963416.5
2010,GR_G14_XDC,Казахстан,5555404.0522449
2011,GR_G14_XDC,Казахстан,7790523.16848295
2012,GR_G14_XDC,Казахстан,8141498.66553865
2013,GR_G14_XDC,Казахстан,8707375.8143729
2017,GR_G14_XDC,Albania,430923.63
2018,GR_G14_XDC,Albania,449755.04
2019,GR_G14_XDC,Albania,460255.5
2020,GR_G14_XDC,Albania,425729.36
2021,GR_G14_XDC,Albania,509947.36
2008,GR_G14_XDC,Azerbaijan,19874.7
2009,GR_G14_XDC,Azerbaijan,14645.4
2010,GR_G14_XDC,Azerbaijan,19956.1
2011,GR_G14_XDC,Azerbaijan,23762.4
2012,GR_G14_XDC,Azerbaijan,22681.9
2013,GR_G14_XDC,Azerbaijan,23591.0
2014,GR_G14_XDC,Azerbaijan,23642.1
2015,GR_G14_XDC,Azerbaijan,18696.4
2016,GR_G14_XDC,Azerbaijan,21300.828
2017,GR_G14_XDC,Azerbaijan,24856.4
2014,GR_G14_XDC,Казахстан,9223535.48678483
2015,GR_G14_XDC,Казахстан,7205034.21468259
2016,GR_G14_XDC,Казахстан,8278114.5832938
2017,GR_G14_XDC,Казахстан,10821937.7200499
2018,GR_G14_XDC,Казахстан,12091782.2755693
2019,GR_G14_XDC,Казахстан,13267243.2479775
2020,GR_G14_XDC,Казахстан,11956323.365618
2021,GR_G14_XDC,Казахстан,14998700.0
2000,GR_G14_XDC,Republic of Korea,134647239.0
2001,GR_G14_XDC,Republic of Korea,141863849.0
2002,GR_G14_XDC,Republic of Korea,155444451.0
2003,GR_G14_XDC,Republic of Korea,168216315.0
2004,GR_G14_XDC,Republic of Korea,175250012.0
2005,GR_G14_XDC,Republic of Korea,188543600.0
2006,GR_G14_XDC,Republic of Korea,206084200.0
2007,GR_G14_XDC,Republic of Korea,298628685.0
2008,GR_G14_XDC,Republic of Korea,308941071.0
2009,GR_G14_XDC,Republic of Korea,308237650.627481
2010,GR_G14_XDC,Republic of Korea,330897395.331033
2011,GR_G14_XDC,Republic of Korea,356477620.2
2012,GR_G14_XDC,Republic of Korea,479727000.0
2013,GR_G14_XDC,Republic of Korea,484435000.0
2014,GR_G14_XDC,Republic of Korea,504923393.960679
2015,GR_G14_XDC,Republic of Korea,534556695.47691
2016,GR_G14_XDC,Republic of Korea,568032266.714234
2017,GR_G14_XDC,Republic of Korea,610243861.17015
2018,GR_G14_XDC,Republic of Korea,633787977.297516
2019,GR_G14_XDC,Republic of Korea,655479536.383776
2018,GR_G14_XDC,Azerbaijan,31812.486
2019,GR_G14_XDC,Azerbaijan,35320.2
2020,GR_G14_XDC,Azerbaijan,25622.96
2021,GR_G14_XDC,Azerbaijan,34225.1883
2000,GR_G14_XDC,Australia,242564.0
2001,GR_G14_XDC,Australia,256623.0
2002,GR_G14_XDC,Australia,263041.0
2003,GR_G14_XDC,Australia,286280.0
2004,GR_G14_XDC,Australia,310812.0
2005,GR_G14_XDC,Australia,335833.0
2006,GR_G14_XDC,Australia,363725.0
2007,GR_G14_XDC,Australia,389484.0
2008,GR_G14_XDC,Australia,420817.0
2009,GR_G14_XDC,Australia,419321.0
2010,GR_G14_XDC,Australia,420261.0
2020,GR_G14_XDC,Republic of Korea,665782129.07116
2021,GR_G14_XDC,Republic of Korea,765461044.289023
2000,GR_G14_XDC,Кыргызстан,9864.7
2001,GR_G14_XDC,Кыргызстан,12482.1
2006,GR_G14_XDC,Кыргызстан,19083.924
2007,GR_G14_XDC,Кыргызстан,32670.0733
2008,GR_G14_XDC,Кыргызстан,41297.64
2009,GR_G14_XDC,Кыргызстан,48006.302
2010,GR_G14_XDC,Кыргызстан,49823.257
2011,GR_G14_XDC,Кыргызстан,69021.532
2012,GR_G14_XDC,Кыргызстан,77498.579
2013,GR_G14_XDC,Кыргызстан,89267.557
2014,GR_G14_XDC,Кыргызстан,142040.134
2015,GR_G14_XDC,Кыргызстан,153111.7
2016,GR_G14_XDC,Кыргызстан,157822.1
2011,GR_G14_XDC,Australia,448482.0
2012,GR_G14_XDC,Australia,484782.0
2013,GR_G14_XDC,Australia,517181.0
2014,GR_G14_XDC,Australia,539025.0
2015,GR_G14_XDC,Australia,556079.0
2016,GR_G14_XDC,Australia,577710.0
2017,GR_G14_XDC,Australia,609629.0
2018,GR_G14_XDC,Australia,657241.0
2019,GR_G14_XDC,Australia,696297.0
2020,GR_G14_XDC,Australia,683989.0
2021,GR_G14_XDC,Australia,730780.0
2000,GR_G14_XDC,Austria,103687.35
2001,GR_G14_XDC,Austria,111571.74
2002,GR_G14_XDC,Austria,112422.75
2003,GR_G14_XDC,Austria,114554.37
2017,GR_G14_XDC,Кыргызстан,176579.1
2018,GR_G14_XDC,Кыргызстан,184877.257
2019,GR_G14_XDC,Кыргызстан,201046.0
2020,GR_G14_XDC,Кыргызстан,186867.56898338
2021,GR_G14_XDC,Кыргызстан,249813.75187761
2000,GR_G14_XDC,Latvia,2332.172
2001,GR_G14_XDC,Latvia,2421.298
2002,GR_G14_XDC,Latvia,2724.878
2003,GR_G14_XDC,Latvia,3046.257
2004,GR_G14_XDC,Latvia,3728.934
2005,GR_G14_XDC,Latvia,4646.116
2006,GR_G14_XDC,Latvia,6123.063
2007,GR_G14_XDC,Latvia,7615.041
2008,GR_G14_XDC,Latvia,8254.611
2009,GR_G14_XDC,Latvia,6686.39
2004,GR_G14_XDC,Austria,118346.24
2005,GR_G14_XDC,Austria,123411.07
2006,GR_G14_XDC,Austria,127983.4
2007,GR_G14_XDC,Austria,135807.99
2008,GR_G14_XDC,Austria,141995.88
2009,GR_G14_XDC,Austria,140161.17
2010,GR_G14_XDC,Austria,142961.58
2011,GR_G14_XDC,Austria,149729.67
2012,GR_G14_XDC,Austria,156085.07
2013,GR_G14_XDC,Austria,160826.94
2014,GR_G14_XDC,Austria,165373.63
2015,GR_G14_XDC,Austria,172283.94
2016,GR_G14_XDC,Austria,173358.51
2017,GR_G14_XDC,Austria,178895.65
2018,GR_G14_XDC,Austria,188286.4
2010,GR_G14_XDC,Latvia,6677.357
2011,GR_G14_XDC,Latvia,7436.661
2012,GR_G14_XDC,Latvia,8094.048
2013,GR_G14_XDC,Latvia,8396.368
2014,GR_G14_XDC,Latvia,8729.821
2015,GR_G14_XDC,Latvia,9035.76
2016,GR_G14_XDC,Latvia,9423.289
2017,GR_G14_XDC,Latvia,10117.405
2018,GR_G14_XDC,Latvia,11109.291
2019,GR_G14_XDC,Latvia,11387.456
2020,GR_G14_XDC,Latvia,11338.699
2021,GR_G14_XDC,Latvia,12347.403
2000,GR_G14_XDC,Lithuania,4765.928
2001,GR_G14_XDC,Lithuania,4640.625
2002,GR_G14_XDC,Lithuania,4984.567
2019,GR_G14_XDC,Austria,195387.14
2020,GR_G14_XDC,Austria,185603.19
2021,GR_G14_XDC,Austria,203130.74
2003,GR_G14_XDC,Armenia,292035.267065
2004,GR_G14_XDC,Armenia,373363.7
2005,GR_G14_XDC,Armenia,460103.1559734
2006,GR_G14_XDC,Armenia,557919.592340426
2007,GR_G14_XDC,Armenia,717627.149753241
2008,GR_G14_XDC,Armenia,849532.060697665
2009,GR_G14_XDC,Armenia,745089.1826383
2010,GR_G14_XDC,Armenia,838759.56965974
2011,GR_G14_XDC,Armenia,967170.280472
2012,GR_G14_XDC,Armenia,1033360.0
2013,GR_G14_XDC,Armenia,1118920.6003521
2014,GR_G14_XDC,Armenia,1251899.4936609
2003,GR_G14_XDC,Lithuania,5318.826
2004,GR_G14_XDC,Lithuania,5933.219
2005,GR_G14_XDC,Lithuania,7058.723
2006,GR_G14_XDC,Lithuania,8163.119
2007,GR_G14_XDC,Lithuania,9904.883
2008,GR_G14_XDC,Lithuania,11326.64
2009,GR_G14_XDC,Lithuania,9534.596
2010,GR_G14_XDC,Lithuania,9828.201
2011,GR_G14_XDC,Lithuania,10392.959
2012,GR_G14_XDC,Lithuania,10924.995
2013,GR_G14_XDC,Lithuania,11436.675
2014,GR_G14_XDC,Lithuania,12372.061
2015,GR_G14_XDC,Lithuania,12900.682
2016,GR_G14_XDC,Lithuania,13274.607
2017,GR_G14_XDC,Lithuania,14073.072
2018,GR_G14_XDC,Lithuania,15585.051
2019,GR_G14_XDC,Lithuania,17055.535
2020,GR_G14_XDC,Lithuania,17559.232
2021,GR_G14_XDC,Lithuania,20314.657
2000,GR_G14_XDC,Luxembourg,9938.679
2001,GR_G14_XDC,Luxembourg,10424.546
2002,GR_G14_XDC,Luxembourg,10904.31
2003,GR_G14_XDC,Luxembourg,11388.735
2004,GR_G14_XDC,Luxembourg,11863.161
2005,GR_G14_XDC,Luxembourg,13021.579
2006,GR_G14_XDC,Luxembourg,14036.775
2007,GR_G14_XDC,Luxembourg,15614.775
2008,GR_G14_XDC,Luxembourg,16360.454
2009,GR_G14_XDC,Luxembourg,16389.051
2010,GR_G14_XDC,Luxembourg,17433.848
2015,GR_G14_XDC,Armenia,1263956.4792193
2016,GR_G14_XDC,Armenia,1262506.1966559
2017,GR_G14_XDC,Armenia,1309960.25410343
2018,GR_G14_XDC,Armenia,1408072.1806401
2019,GR_G14_XDC,Armenia,1658707.5440363
2020,GR_G14_XDC,Armenia,1620971.2473723
2021,GR_G14_XDC,Armenia,1739574.2089223
2000,GR_G14_XDC,Belgium,125283.7
2001,GR_G14_XDC,Belgium,129926.7
2002,GR_G14_XDC,Belgium,134956.0
2003,GR_G14_XDC,Belgium,136940.0
2004,GR_G14_XDC,Belgium,144253.1
2005,GR_G14_XDC,Belgium,150855.9
2006,GR_G14_XDC,Belgium,157857.7
2007,GR_G14_XDC,Belgium,165409.2
2011,GR_G14_XDC,Luxembourg,18425.27
2012,GR_G14_XDC,Luxembourg,19426.624
2013,GR_G14_XDC,Luxembourg,20380.846
2014,GR_G14_XDC,Luxembourg,21432.592
2015,GR_G14_XDC,Luxembourg,22280.45
2016,GR_G14_XDC,Luxembourg,23254.262
2017,GR_G14_XDC,Luxembourg,24455.631
2018,GR_G14_XDC,Luxembourg,26865.832
2019,GR_G14_XDC,Luxembourg,27926.704
2020,GR_G14_XDC,Luxembourg,27691.962
2021,GR_G14_XDC,Luxembourg,31176.036
2000,GR_G14_XDC,Malta,1419.726
2001,GR_G14_XDC,Malta,1499.955
2002,GR_G14_XDC,Malta,1611.27
2003,GR_G14_XDC,Malta,1706.605
2008,GR_G14_XDC,Belgium,172899.1
2009,GR_G14_XDC,Belgium,168455.4
2010,GR_G14_XDC,Belgium,178653.3
2011,GR_G14_XDC,Belgium,189514.2
2012,GR_G14_XDC,Belgium,199093.5
2013,GR_G14_XDC,Belgium,205827.4
2014,GR_G14_XDC,Belgium,208981.1
2015,GR_G14_XDC,Belgium,210999.5
2016,GR_G14_XDC,Belgium,215156.0
2017,GR_G14_XDC,Belgium,225251.7
2018,GR_G14_XDC,Belgium,233094.1
2019,GR_G14_XDC,Belgium,235512.0
2020,GR_G14_XDC,Belgium,226198.3
2021,GR_G14_XDC,Belgium,247213.8
2003,GR_G14_XDC,Bosnia and Herzegovina,3519.07794461
2004,GR_G14_XDC,Malta,1825.306
2005,GR_G14_XDC,Malta,2024.278
2006,GR_G14_XDC,Malta,2125.874
2007,GR_G14_XDC,Malta,2234.267
2008,GR_G14_XDC,Malta,2346.159
2009,GR_G14_XDC,Malta,2363.441
2010,GR_G14_XDC,Malta,2563.397
2011,GR_G14_XDC,Malta,2669.155
2012,GR_G14_XDC,Malta,2824.217
2013,GR_G14_XDC,Malta,3030.966
2014,GR_G14_XDC,Malta,3359.408
2015,GR_G14_XDC,Malta,3735.688
2016,GR_G14_XDC,Malta,3920.251
2017,GR_G14_XDC,Malta,4466.237
2018,GR_G14_XDC,Malta,4857.378
2019,GR_G14_XDC,Malta,5085.879
2020,GR_G14_XDC,Malta,4737.44
2021,GR_G14_XDC,Malta,5354.989
2000,GR_G14_XDC,Mexico,810620.0
2008,GR_G14_XDC,Mexico,2902886.14168823
2009,GR_G14_XDC,Mexico,2603935.85896816
2010,GR_G14_XDC,Mexico,2816075.31388126
2011,GR_G14_XDC,Mexico,3231007.66158974
2012,GR_G14_XDC,Mexico,3482111.7601672
2013,GR_G14_XDC,Mexico,3601437.91784614
2014,GR_G14_XDC,Mexico,3798411.65382421
2015,GR_G14_XDC,Mexico,3914913.43806267
2016,GR_G14_XDC,Mexico,4392166.38076642
2017,GR_G14_XDC,Mexico,4828577.96487552
2018,GR_G14_XDC,Mexico,4896586.51933423
2004,GR_G14_XDC,Bosnia and Herzegovina,3654.70271678
2005,GR_G14_XDC,Bosnia and Herzegovina,7122.06300173
2006,GR_G14_XDC,Bosnia and Herzegovina,8586.44070901
2007,GR_G14_XDC,Bosnia and Herzegovina,9832.69537387
2008,GR_G14_XDC,Bosnia and Herzegovina,10903.09216344
2009,GR_G14_XDC,Bosnia and Herzegovina,10342.52514245
2010,GR_G14_XDC,Bosnia and Herzegovina,10862.59087389
2011,GR_G14_XDC,Bosnia and Herzegovina,11357.055059
2012,GR_G14_XDC,Bosnia and Herzegovina,11459.515307
2013,GR_G14_XDC,Bosnia and Herzegovina,11408.133899
2014,GR_G14_XDC,Bosnia and Herzegovina,11961.69050042
2015,GR_G14_XDC,Bosnia and Herzegovina,12335.08718397
2016,GR_G14_XDC,Bosnia and Herzegovina,12767.3368594217
2017,GR_G14_XDC,Bosnia and Herzegovina,13479.29720672
2019,GR_G14_XDC,Mexico,5123266.08153151
2020,GR_G14_XDC,Mexico,5288294.36403806
2021,GR_G14_XDC,Mexico,5635991.73607978
2000,GR_G14_XDC,Republic of Moldova,4391.4
2001,GR_G14_XDC,Republic of Moldova,4487.8
2002,GR_G14_XDC,Republic of Moldova,7376.0
2003,GR_G14_XDC,Republic of Moldova,9410.8
2004,GR_G14_XDC,Republic of Moldova,11382.5
2005,GR_G14_XDC,Republic of Moldova,14527.3
2006,GR_G14_XDC,Republic of Moldova,17848.03
2007,GR_G14_XDC,Republic of Moldova,22291.6
2008,GR_G14_XDC,Republic of Moldova,25516.4
2009,GR_G14_XDC,Republic of Moldova,23515.8
2010,GR_G14_XDC,Republic of Moldova,27537.3
2011,GR_G14_XDC,Republic of Moldova,30139.7
2012,GR_G14_XDC,Republic of Moldova,33526.1
2013,GR_G14_XDC,Republic of Moldova,36899.5
2014,GR_G14_XDC,Republic of Moldova,42446.8
2015,GR_G14_XDC,Republic of Moldova,43681.1
2016,GR_G14_XDC,Republic of Moldova,45953.9
2017,GR_G14_XDC,Republic of Moldova,53377.6
2018,GR_G14_XDC,Republic of Moldova,57995.9
2019,GR_G14_XDC,Republic of Moldova,62949.2
2020,GR_G14_XDC,Republic of Moldova,62650.0
2021,GR_G14_XDC,Republic of Moldova,77373.0
2013,GR_G14_XDC,Montenegro,1234.63046678
2014,GR_G14_XDC,Montenegro,1345.14776196
2015,GR_G14_XDC,Montenegro,1318.7786312
2018,GR_G14_XDC,Bosnia and Herzegovina,14402.25875764
2019,GR_G14_XDC,Bosnia and Herzegovina,15018.09908774
2020,GR_G14_XDC,Bosnia and Herzegovina,14430.7041698898
2021,GR_G14_XDC,Bosnia and Herzegovina,16052.75318679
2000,GR_G14_XDC,Bulgaria,12119.087
2001,GR_G14_XDC,Bulgaria,12800.425
2002,GR_G14_XDC,Bulgaria,12962.51
2003,GR_G14_XDC,Bulgaria,14117.782
2004,GR_G14_XDC,Bulgaria,16318.568
2005,GR_G14_XDC,Bulgaria,18033.813
2006,GR_G14_XDC,Bulgaria,19475.231
2007,GR_G14_XDC,Bulgaria,23927.599
2008,GR_G14_XDC,Bulgaria,28027.71
2009,GR_G14_XDC,Bulgaria,25492.279
2010,GR_G14_XDC,Bulgaria,24306.282
2000,GR_G14_XDC,Netherlands (Kingdom of the),193277.0
2001,GR_G14_XDC,Netherlands (Kingdom of the),201861.0
2002,GR_G14_XDC,Netherlands (Kingdom of the),204767.0
2003,GR_G14_XDC,Netherlands (Kingdom of the),209111.0
2004,GR_G14_XDC,Netherlands (Kingdom of the),217120.0
2005,GR_G14_XDC,Netherlands (Kingdom of the),227454.0
2006,GR_G14_XDC,Netherlands (Kingdom of the),248574.0
2007,GR_G14_XDC,Netherlands (Kingdom of the),258027.0
2008,GR_G14_XDC,Netherlands (Kingdom of the),277096.0
2009,GR_G14_XDC,Netherlands (Kingdom of the),261452.0
2010,GR_G14_XDC,Netherlands (Kingdom of the),268482.0
2011,GR_G14_XDC,Netherlands (Kingdom of the),272296.0
2012,GR_G14_XDC,Netherlands (Kingdom of the),276084.0
2013,GR_G14_XDC,Netherlands (Kingdom of the),284385.0
2011,GR_G14_XDC,Bulgaria,25921.041
2012,GR_G14_XDC,Bulgaria,27645.76
2013,GR_G14_XDC,Bulgaria,30459.04
2014,GR_G14_XDC,Bulgaria,31801.554
2015,GR_G14_XDC,Bulgaria,34507.705
2016,GR_G14_XDC,Bulgaria,33458.595
2017,GR_G14_XDC,Bulgaria,37391.505
2018,GR_G14_XDC,Bulgaria,42520.935
2019,GR_G14_XDC,Bulgaria,46265.847
2020,GR_G14_XDC,Bulgaria,45423.274
2021,GR_G14_XDC,Bulgaria,51052.681
2000,GR_G14_XDC,Belarus,261.978
2001,GR_G14_XDC,Belarus,489.027
2002,GR_G14_XDC,Belarus,696.042
2003,GR_G14_XDC,Belarus,1675.30463
2014,GR_G14_XDC,Netherlands (Kingdom of the),288878.0
2015,GR_G14_XDC,Netherlands (Kingdom of the),290470.0
2016,GR_G14_XDC,Netherlands (Kingdom of the),304443.0
2017,GR_G14_XDC,Netherlands (Kingdom of the),317684.0
2018,GR_G14_XDC,Netherlands (Kingdom of the),332668.0
2019,GR_G14_XDC,Netherlands (Kingdom of the),350818.0
2020,GR_G14_XDC,Netherlands (Kingdom of the),344830.0
2021,GR_G14_XDC,Netherlands (Kingdom of the),370006.0
2000,GR_G14_XDC,New Zealand,34207.0
2001,GR_G14_XDC,New Zealand,42730.0
2002,GR_G14_XDC,New Zealand,45181.618
2003,GR_G14_XDC,New Zealand,49786.292
2004,GR_G14_XDC,New Zealand,53420.651
2005,GR_G14_XDC,New Zealand,58945.211
2004,GR_G14_XDC,Belarus,2376.6018
2005,GR_G14_XDC,Belarus,3174.94838
2006,GR_G14_XDC,Belarus,3947.1724
2007,GR_G14_XDC,Belarus,4934.3694815
2008,GR_G14_XDC,Belarus,6749.5375207
2009,GR_G14_XDC,Belarus,6492.4129859
2010,GR_G14_XDC,Belarus,7068.17040608
2011,GR_G14_XDC,Belarus,11826.3
2012,GR_G14_XDC,Belarus,22291.2
2013,GR_G14_XDC,Belarus,27759.3
2014,GR_G14_XDC,Belarus,32384.20812
2015,GR_G14_XDC,Belarus,37666.53961264
2016,GR_G14_XDC,Belarus,40021.75423627
2017,GR_G14_XDC,Belarus,46016.344072
2018,GR_G14_XDC,Belarus,54650.811421
2019,GR_G14_XDC,Belarus,58171.17291734
2020,GR_G14_XDC,Belarus,59922.57023403
2000,GR_G14_XDC,Canada,478324.0
2001,GR_G14_XDC,Canada,477052.0
2002,GR_G14_XDC,Canada,479972.0
2003,GR_G14_XDC,Canada,504377.0
2004,GR_G14_XDC,Canada,533722.0
2005,GR_G14_XDC,Canada,570473.0
2006,GR_G14_XDC,Canada,606809.0
2007,GR_G14_XDC,Canada,637291.0
2008,GR_G14_XDC,Canada,646598.0
2009,GR_G14_XDC,Canada,622299.0
2010,GR_G14_XDC,Canada,639554.0
2011,GR_G14_XDC,Canada,679927.0
2012,GR_G14_XDC,Canada,702707.0
2013,GR_G14_XDC,Canada,732749.0
2014,GR_G14_XDC,Canada,769971.0
2015,GR_G14_XDC,Canada,796375.0
2016,GR_G14_XDC,Canada,817411.0
2017,GR_G14_XDC,Canada,864755.0
2018,GR_G14_XDC,Canada,918320.0
2019,GR_G14_XDC,Canada,939961.0
2020,GR_G14_XDC,Canada,925055.0
2021,GR_G14_XDC,Canada,1042189.0
2000,GR_G14_XDC,Chile,9623720.0
2001,GR_G14_XDC,Chile,10381840.0
2002,GR_G14_XDC,Chile,10767024.0
2003,GR_G14_XDC,Chile,11630770.0
2004,GR_G14_XDC,Chile,13866370.0
2005,GR_G14_XDC,Chile,17098000.0
2006,GR_G14_XDC,Chile,21529000.0
2007,GR_G14_XDC,Chile,25208712.2781996
2008,GR_G14_XDC,Chile,24312909.0
2009,GR_G14_XDC,Chile,19863617.8547577
2010,GR_G14_XDC,Chile,25657882.4645164
2011,GR_G14_XDC,Chile,29552923.2287251
2012,GR_G14_XDC,Chile,30890904.873645
2013,GR_G14_XDC,Chile,31080900.0
2014,GR_G14_XDC,Chile,33075838.1603448
2015,GR_G14_XDC,Chile,36391219.5102086
2016,GR_G14_XDC,Chile,38351236.46837
2017,GR_G14_XDC,Chile,41301222.665
2018,GR_G14_XDC,Chile,45716799.9090465
2019,GR_G14_XDC,Chile,46520461.9444861
2020,GR_G14_XDC,Chile,44140760.4931109
2021,GR_G14_XDC,Chile,62363994.804266
2000,GR_G14_XDC,China,763690.0
2001,GR_G14_XDC,China,921200.0
2002,GR_G14_XDC,China,1107220.681516
2003,GR_G14_XDC,China,1251610.0
2004,GR_G14_XDC,China,1574516.85
2005,GR_G14_XDC,China,4820621.61
2006,GR_G14_XDC,China,5911220.0
2007,GR_G14_XDC,China,9354038.4
2008,GR_G14_XDC,China,8363180.57
2009,GR_G14_XDC,China,9402533.969528
2010,GR_G14_XDC,China,11096483.5079872
2011,GR_G14_XDC,China,13298625.68
2012,GR_G14_XDC,China,15235000.0
2013,GR_G14_XDC,China,16995193.7800304
2014,GR_G14_XDC,China,18521123.0935
2015,GR_G14_XDC,China,20012784.4870425
2016,GR_G14_XDC,China,21006524.1841989
2017,GR_G14_XDC,China,23054014.1312293
2018,GR_G14_XDC,China,25777014.912
2019,GR_G14_XDC,China,27014850.68
2020,GR_G14_XDC,China,25169464.06
2000,GR_G14_XDC,Colombia,44611152.0139624
2001,GR_G14_XDC,Colombia,34306800.0
2002,GR_G14_XDC,Colombia,34475800.0
2003,GR_G14_XDC,Colombia,72380779.7986565
2004,GR_G14_XDC,Colombia,60746535.797
2005,GR_G14_XDC,Colombia,63285679.464
2006,GR_G14_XDC,Colombia,83584714.3210001
2007,GR_G14_XDC,Colombia,103985795.155
2008,GR_G14_XDC,Colombia,129297429.0
2009,GR_G14_XDC,Colombia,131883631.0
2010,GR_G14_XDC,Colombia,145867986.0
2011,GR_G14_XDC,Colombia,177622646.0
2012,GR_G14_XDC,Colombia,212666640.0
2013,GR_G14_XDC,Colombia,209977097.24
2014,GR_G14_XDC,Colombia,223894124.705963
2015,GR_G14_XDC,Colombia,239594575.905411
2016,GR_G14_XDC,Colombia,250851464.707428
2017,GR_G14_XDC,Colombia,257605101.482293
2018,GR_G14_XDC,Colombia,287056564.501908
2019,GR_G14_XDC,Colombia,332062189.332768
2020,GR_G14_XDC,Colombia,292079970.548311
2021,GR_G14_XDC,Colombia,342081561.80852
2000,GR_G14_XDC,Costa Rica,1030010.0
2001,GR_G14_XDC,Costa Rica,1203370.0
2002,GR_G14_XDC,Costa Rica,1420200.0
2003,GR_G14_XDC,Costa Rica,1629200.0
2004,GR_G14_XDC,Costa Rica,1883661.0
2005,GR_G14_XDC,Costa Rica,2258129.9
2006,GR_G14_XDC,Costa Rica,2844107.80201696
2007,GR_G14_XDC,Costa Rica,3470814.80512096
2008,GR_G14_XDC,Costa Rica,4100172.47815493
2009,GR_G14_XDC,Costa Rica,4299807.60794403
2010,GR_G14_XDC,Costa Rica,4709973.36903339
2011,GR_G14_XDC,Costa Rica,5235029.91508369
2012,GR_G14_XDC,Costa Rica,5781460.71433373
2013,GR_G14_XDC,Costa Rica,6269270.0
2014,GR_G14_XDC,Costa Rica,6762751.01799596
2015,GR_G14_XDC,Costa Rica,7413104.38365567
2016,GR_G14_XDC,Costa Rica,7924337.12164889
2017,GR_G14_XDC,Costa Rica,8394110.64091433
2018,GR_G14_XDC,Costa Rica,8997043.19609255
2019,GR_G14_XDC,Costa Rica,9689799.08585214
2020,GR_G14_XDC,Costa Rica,9035199.1098413
2021,GR_G14_XDC,Costa Rica,10699333.7013097
2000,GR_G14_XDC,Croatia,82599.554
2001,GR_G14_XDC,Croatia,88443.588
2002,GR_G14_XDC,Croatia,96969.354
2003,GR_G14_XDC,Croatia,103924.569
2004,GR_G14_XDC,Croatia,109336.425
2005,GR_G14_XDC,Croatia,115967.149
2006,GR_G14_XDC,Croatia,127919.381
2007,GR_G14_XDC,Croatia,142225.294
2008,GR_G14_XDC,Croatia,150922.964
2009,GR_G14_XDC,Croatia,144134.87
2010,GR_G14_XDC,Croatia,140000.494
2011,GR_G14_XDC,Croatia,138102.795
2012,GR_G14_XDC,Croatia,143561.121
2013,GR_G14_XDC,Croatia,145728.16
2014,GR_G14_XDC,Croatia,145863.197
2015,GR_G14_XDC,Croatia,151580.976
2016,GR_G14_XDC,Croatia,161927.65
2017,GR_G14_XDC,Croatia,169091.847
2018,GR_G14_XDC,Croatia,177798.33
2019,GR_G14_XDC,Croatia,191028.49
2020,GR_G14_XDC,Croatia,177411.618
2021,GR_G14_XDC,Croatia,201532.3
2000,GR_G14_XDC,Cyprus,3416.6
2001,GR_G14_XDC,Cyprus,3793.1
2002,GR_G14_XDC,Cyprus,3907.0
2003,GR_G14_XDC,Cyprus,4446.7
2004,GR_G14_XDC,Cyprus,4830.2
2005,GR_G14_XDC,Cyprus,5498.9
2006,GR_G14_XDC,Cyprus,6027.4
2007,GR_G14_XDC,Cyprus,7148.1
2008,GR_G14_XDC,Cyprus,7464.7
2009,GR_G14_XDC,Cyprus,6847.7
2010,GR_G14_XDC,Cyprus,7202.8
2011,GR_G14_XDC,Cyprus,7233.2
2012,GR_G14_XDC,Cyprus,7085.1
2013,GR_G14_XDC,Cyprus,6722.1
2014,GR_G14_XDC,Cyprus,7072.6
2015,GR_G14_XDC,Cyprus,6999.188
2016,GR_G14_XDC,Cyprus,7047.706
2017,GR_G14_XDC,Cyprus,7685.591
2018,GR_G14_XDC,Cyprus,8346.978
2019,GR_G14_XDC,Cyprus,9010.713
2020,GR_G14_XDC,Cyprus,8379.265
2021,GR_G14_XDC,Cyprus,9806.964
2000,GR_G14_XDC,Czechia,877895.0
2001,GR_G14_XDC,Czechia,957405.0
2002,GR_G14_XDC,Czechia,1016528.0
2003,GR_G14_XDC,Czechia,1177816.0
2004,GR_G14_XDC,Czechia,1213975.0
2005,GR_G14_XDC,Czechia,1272704.0
2006,GR_G14_XDC,Czechia,1365932.0
2007,GR_G14_XDC,Czechia,1511957.0
2008,GR_G14_XDC,Czechia,1551195.0
2009,GR_G14_XDC,Czechia,1515408.0
2010,GR_G14_XDC,Czechia,1551248.0
2011,GR_G14_XDC,Czechia,1619094.0
2012,GR_G14_XDC,Czechia,1640437.0
2013,GR_G14_XDC,Czechia,1681208.0
2014,GR_G14_XDC,Czechia,1728385.0
2015,GR_G14_XDC,Czechia,1875122.0
2016,GR_G14_XDC,Czechia,1906657.0
2017,GR_G14_XDC,Czechia,2032745.0
2018,GR_G14_XDC,Czechia,2202622.0
2019,GR_G14_XDC,Czechia,2347615.0
2020,GR_G14_XDC,Czechia,2315562.0
2021,GR_G14_XDC,Czechia,2478078.0
2000,GR_G14_XDC,Denmark,724150.0
2001,GR_G14_XDC,Denmark,740322.0
2002,GR_G14_XDC,Denmark,750249.0
2003,GR_G14_XDC,Denmark,768751.0
2004,GR_G14_XDC,Denmark,829363.0
2005,GR_G14_XDC,Denmark,891268.0
2006,GR_G14_XDC,Denmark,922162.0
2007,GR_G14_XDC,Denmark,949616.0
2008,GR_G14_XDC,Denmark,965312.0
2009,GR_G14_XDC,Denmark,925448.0
2010,GR_G14_XDC,Denmark,977230.0
2011,GR_G14_XDC,Denmark,1004200.0
2012,GR_G14_XDC,Denmark,1032103.0
2013,GR_G14_XDC,Denmark,1053309.0
2014,GR_G14_XDC,Denmark,1116627.0
2015,GR_G14_XDC,Denmark,1083302.0
2016,GR_G14_XDC,Denmark,1103915.0
2017,GR_G14_XDC,Denmark,1147703.0
2018,GR_G14_XDC,Denmark,1156148.0
2019,GR_G14_XDC,Denmark,1243279.0
2020,GR_G14_XDC,Denmark,1249130.0
2021,GR_G14_XDC,Denmark,1363220.0
2000,GR_G14_XDC,Estonia,2217.6
2001,GR_G14_XDC,Estonia,2428.8
2002,GR_G14_XDC,Estonia,2806.9
2003,GR_G14_XDC,Estonia,3184.2
2004,GR_G14_XDC,Estonia,3524.5
2005,GR_G14_XDC,Estonia,3900.6
2006,GR_G14_XDC,Estonia,4867.8
2007,GR_G14_XDC,Estonia,5907.7
2008,GR_G14_XDC,Estonia,6030.2
2009,GR_G14_XDC,Estonia,6089.2
2010,GR_G14_XDC,Estonia,5879.4
2011,GR_G14_XDC,Estonia,6316.2
2012,GR_G14_XDC,Estonia,6859.4
2013,GR_G14_XDC,Estonia,7167.0
2014,GR_G14_XDC,Estonia,7575.4
2015,GR_G14_XDC,Estonia,8036.6
2016,GR_G14_XDC,Estonia,8334.1
2017,GR_G14_XDC,Estonia,9077.3
2018,GR_G14_XDC,Estonia,9866.5
2019,GR_G14_XDC,Estonia,10776.5
2020,GR_G14_XDC,Estonia,10606.7
2021,GR_G14_XDC,Estonia,12036.6
2000,GR_G14_XDC,Finland,73580.0
2001,GR_G14_XDC,Finland,74242.0
2002,GR_G14_XDC,Finland,76535.0
2003,GR_G14_XDC,Finland,77097.0
2004,GR_G14_XDC,Finland,79937.0
2005,GR_G14_XDC,Finland,83416.0
2006,GR_G14_XDC,Finland,88130.0
2007,GR_G14_XDC,Finland,94753.0
2008,GR_G14_XDC,Finland,99115.0
2009,GR_G14_XDC,Finland,91739.0
2010,GR_G14_XDC,Finland,94544.0
2011,GR_G14_XDC,Finland,102055.0
2012,GR_G14_XDC,Finland,104910.0
2013,GR_G14_XDC,Finland,108770.0
2014,GR_G14_XDC,Finland,110167.0
2015,GR_G14_XDC,Finland,112358.0
2016,GR_G14_XDC,Finland,115281.0
2017,GR_G14_XDC,Finland,117686.0
2018,GR_G14_XDC,Finland,120351.0
2019,GR_G14_XDC,Finland,123307.0
2020,GR_G14_XDC,Finland,120619.0
2021,GR_G14_XDC,Finland,130684.0
2000,GR_G14_XDC,France,735394.0
2001,GR_G14_XDC,France,763637.0
2002,GR_G14_XDC,France,777580.0
2003,GR_G14_XDC,France,792822.0
2004,GR_G14_XDC,France,830777.0
2005,GR_G14_XDC,France,870835.0
2006,GR_G14_XDC,France,920917.0
2007,GR_G14_XDC,France,957512.0
2008,GR_G14_XDC,France,984080.0
2009,GR_G14_XDC,France,954325.0
2010,GR_G14_XDC,France,983815.0
2011,GR_G14_XDC,France,1038103.0
2012,GR_G14_XDC,France,1074915.0
2013,GR_G14_XDC,France,1110841.0
2014,GR_G14_XDC,France,1131912.0
2015,GR_G14_XDC,France,1154251.0
2016,GR_G14_XDC,France,1170413.0
2017,GR_G14_XDC,France,1214904.0
2018,GR_G14_XDC,France,1245489.0
2019,GR_G14_XDC,France,1258620.0
2020,GR_G14_XDC,France,1197292.0
2021,GR_G14_XDC,France,1297141.0
2000,GR_G14_XDC,Georgia,931.7
2001,GR_G14_XDC,Georgia,1105.644
2002,GR_G14_XDC,Georgia,1181.9
2003,GR_G14_XDC,Georgia,1345.0
2004,GR_G14_XDC,Georgia,2266.9
2005,GR_G14_XDC,Georgia,2810.4
2006,GR_G14_XDC,Georgia,3694.7
2007,GR_G14_XDC,Georgia,4972.7
2008,GR_G14_XDC,Georgia,5854.2
2009,GR_G14_XDC,Georgia,5264.5
2010,GR_G14_XDC,Georgia,5865.9
2011,GR_G14_XDC,Georgia,6873.7
2012,GR_G14_XDC,Georgia,7560.0
2013,GR_G14_XDC,Georgia,8112.1
2014,GR_G14_XDC,Georgia,8888.8
2015,GR_G14_XDC,Georgia,10317.3
2016,GR_G14_XDC,Georgia,11129.2
2017,GR_G14_XDC,Georgia,12655.7
2018,GR_G14_XDC,Georgia,12763.4
2019,GR_G14_XDC,Georgia,14397.1
2006,GR_G14_XDC,New Zealand,63769.0
2007,GR_G14_XDC,New Zealand,65859.0
2008,GR_G14_XDC,New Zealand,68770.0
2009,GR_G14_XDC,New Zealand,75465.63
2010,GR_G14_XDC,New Zealand,72710.29
2011,GR_G14_XDC,New Zealand,78930.77
2012,GR_G14_XDC,New Zealand,79197.47
2013,GR_G14_XDC,New Zealand,82981.03
2014,GR_G14_XDC,New Zealand,87207.66
2015,GR_G14_XDC,New Zealand,92095.6
2016,GR_G14_XDC,New Zealand,96862.84
2017,GR_G14_XDC,New Zealand,102990.51
2018,GR_G14_XDC,New Zealand,108361.33
2019,GR_G14_XDC,New Zealand,116909.63
2020,GR_G14_XDC,New Zealand,115538.53
2021,GR_G14_XDC,New Zealand,129463.484656613
2000,GR_G14_XDC,Norway,850735.0
2001,GR_G14_XDC,Norway,883355.0
2002,GR_G14_XDC,Norway,863036.0
2003,GR_G14_XDC,Norway,890779.0
2004,GR_G14_XDC,Norway,993900.0
2005,GR_G14_XDC,Norway,1128391.0
2006,GR_G14_XDC,Norway,1298466.0
2007,GR_G14_XDC,Norway,1369306.0
2008,GR_G14_XDC,Norway,1528426.0
2009,GR_G14_XDC,Norway,1361088.0
2010,GR_G14_XDC,Norway,1441936.0
2011,GR_G14_XDC,Norway,1588691.0
2012,GR_G14_XDC,Norway,1672910.0
2013,GR_G14_XDC,Norway,1670722.0
2014,GR_G14_XDC,Norway,1700952.0
2015,GR_G14_XDC,Norway,1696267.0
2016,GR_G14_XDC,Norway,1696396.0
2017,GR_G14_XDC,Norway,1800471.0
2018,GR_G14_XDC,Norway,1985282.0
2019,GR_G14_XDC,Norway,2040379.0
2020,GR_G14_XDC,Norway,1874461.0
2021,GR_G14_XDC,Norway,2421589.0
2000,GR_G14_XDC,Poland,292264.0
2001,GR_G14_XDC,Poland,313410.0
2002,GR_G14_XDC,Poland,328064.0
2003,GR_G14_XDC,Poland,335300.0
2004,GR_G14_XDC,Poland,358761.0
2005,GR_G14_XDC,Poland,399159.4
2006,GR_G14_XDC,Poland,437526.0
2007,GR_G14_XDC,Poland,487090.0
2008,GR_G14_XDC,Poland,521502.0
2009,GR_G14_XDC,Poland,518099.0
2010,GR_G14_XDC,Poland,556239.0
2011,GR_G14_XDC,Poland,612304.0
2012,GR_G14_XDC,Poland,638897.0
2013,GR_G14_XDC,Poland,638143.0
2014,GR_G14_XDC,Poland,667276.1
2015,GR_G14_XDC,Poland,703861.7
2016,GR_G14_XDC,Poland,721547.0
2017,GR_G14_XDC,Poland,791663.0
2018,GR_G14_XDC,Poland,876067.0
2019,GR_G14_XDC,Poland,941316.0
2020,GR_G14_XDC,Poland,966031.0
2021,GR_G14_XDC,Poland,1111886.0
2000,GR_G14_XDC,Portugal,50031.404
2001,GR_G14_XDC,Portugal,52752.567
2002,GR_G14_XDC,Portugal,57151.474
2003,GR_G14_XDC,Portugal,57570.502
2004,GR_G14_XDC,Portugal,60535.957
2005,GR_G14_XDC,Portugal,63991.116
2006,GR_G14_XDC,Portugal,67810.496
2007,GR_G14_XDC,Portugal,72377.569
2008,GR_G14_XDC,Portugal,73873.284
2009,GR_G14_XDC,Portugal,70304.933
2010,GR_G14_XDC,Portugal,71101.597
2011,GR_G14_XDC,Portugal,73149.935
2012,GR_G14_XDC,Portugal,70505.579
2013,GR_G14_XDC,Portugal,75070.554
2014,GR_G14_XDC,Portugal,75435.885
2015,GR_G14_XDC,Portugal,77280.277
2016,GR_G14_XDC,Portugal,78694.958
2017,GR_G14_XDC,Portugal,81804.133
2018,GR_G14_XDC,Portugal,86637.033
2019,GR_G14_XDC,Portugal,89955.263
2020,GR_G14_XDC,Portugal,85738.941
2021,GR_G14_XDC,Portugal,95032.743
2000,GR_G14_XDC,Romania,27372.5
2001,GR_G14_XDC,Romania,38521.8
2002,GR_G14_XDC,Romania,50099.0
2003,GR_G14_XDC,Romania,63061.2
2004,GR_G14_XDC,Romania,80008.8
2005,GR_G14_XDC,Romania,93605.4
2006,GR_G14_XDC,Romania,114683.8
2007,GR_G14_XDC,Romania,147442.7
2008,GR_G14_XDC,Romania,173705.8
2009,GR_G14_XDC,Romania,161030.8
2010,GR_G14_XDC,Romania,174744.5
2011,GR_G14_XDC,Romania,190603.3
2012,GR_G14_XDC,Romania,200572.5
2013,GR_G14_XDC,Romania,212072.2
2014,GR_G14_XDC,Romania,228417.2
2015,GR_G14_XDC,Romania,252016.1
2016,GR_G14_XDC,Romania,243187.6
2017,GR_G14_XDC,Romania,264101.4
2018,GR_G14_XDC,Romania,302767.0
2019,GR_G14_XDC,Romania,335397.9
2020,GR_G14_XDC,Romania,343441.4
2021,GR_G14_XDC,Romania,386639.1
2007,GR_G14_XDC,Serbia,1040117.0
2008,GR_G14_XDC,Serbia,1196580.40445675
2009,GR_G14_XDC,Serbia,1197688.8
2010,GR_G14_XDC,Serbia,1276513.975
2011,GR_G14_XDC,Serbia,1363278.1548
2012,GR_G14_XDC,Serbia,1462800.0
2013,GR_G14_XDC,Serbia,1835343.399509
2014,GR_G14_XDC,Serbia,1908606.63350136
2015,GR_G14_XDC,Serbia,2005144.31458655
2016,GR_G14_XDC,Serbia,2122727.49955152
2017,GR_G14_XDC,Serbia,2230715.98780131
2018,GR_G14_XDC,Serbia,2399662.52434254
2019,GR_G14_XDC,Serbia,2620395.63027279
2020,GR_G14_XDC,Serbia,2599592.00204974
2021,GR_G14_XDC,Serbia,2927764.19235672
2000,GR_G14_XDC,Slovakia,12709.226
2001,GR_G14_XDC,Slovakia,13088.507
2002,GR_G14_XDC,Slovakia,13896.438
2003,GR_G14_XDC,Slovakia,15454.913
2004,GR_G14_XDC,Slovakia,16441.032
2005,GR_G14_XDC,Slovakia,18604.819
2006,GR_G14_XDC,Slovakia,19863.056
2007,GR_G14_XDC,Slovakia,21684.153
2008,GR_G14_XDC,Slovakia,23643.787
2009,GR_G14_XDC,Slovakia,23239.9
2010,GR_G14_XDC,Slovakia,23838.978
2011,GR_G14_XDC,Slovakia,26597.363
2012,GR_G14_XDC,Slovakia,27071.26
2013,GR_G14_XDC,Slovakia,29496.423
2014,GR_G14_XDC,Slovakia,30658.484
2015,GR_G14_XDC,Slovakia,34372.864
2016,GR_G14_XDC,Slovakia,32482.753
2017,GR_G14_XDC,Slovakia,32169.204
2018,GR_G14_XDC,Slovakia,34260.263
2019,GR_G14_XDC,Slovakia,36629.017
2020,GR_G14_XDC,Slovakia,36278.039
2021,GR_G14_XDC,Slovakia,39706.285
2000,GR_G14_XDC,Viet Nam,89911000.0
2001,GR_G14_XDC,Viet Nam,102929000.0
2003,GR_G14_XDC,Viet Nam,151156000.0
2004,GR_G14_XDC,Viet Nam,189591000.0
2005,GR_G14_XDC,Viet Nam,227004000.0
2006,GR_G14_XDC,Viet Nam,277479000.0
2007,GR_G14_XDC,Viet Nam,331565790.0
2008,GR_G14_XDC,Viet Nam,437204300.0
2009,GR_G14_XDC,Viet Nam,460613000.0
2010,GR_G14_XDC,Viet Nam,595887100.0
2011,GR_G14_XDC,Viet Nam,730593000.0
2012,GR_G14_XDC,Viet Nam,745305554.0
2013,GR_G14_XDC,Viet Nam,840499000.0
2014,GR_G14_XDC,Viet Nam,893430600.0
2015,GR_G14_XDC,Viet Nam,1015773000.0
2016,GR_G14_XDC,Viet Nam,1099370000.0
2017,GR_G14_XDC,Viet Nam,1231422000.0
2018,GR_G14_XDC,Viet Nam,1363868000.0
2019,GR_G14_XDC,Viet Nam,1496315000.0
2000,GR_G14_XDC,Slovenia,8274.38
2001,GR_G14_XDC,Slovenia,9360.209
2002,GR_G14_XDC,Slovenia,10570.235
2003,GR_G14_XDC,Slovenia,11413.286
2004,GR_G14_XDC,Slovenia,12346.011
2005,GR_G14_XDC,Slovenia,13121.348
2006,GR_G14_XDC,Slovenia,13943.921
2007,GR_G14_XDC,Slovenia,15208.141
2008,GR_G14_XDC,Slovenia,16557.893
2009,GR_G14_XDC,Slovenia,15788.311
2010,GR_G14_XDC,Slovenia,16209.681
2011,GR_G14_XDC,Slovenia,16389.927
2012,GR_G14_XDC,Slovenia,16444.42
2013,GR_G14_XDC,Slovenia,16655.493
2014,GR_G14_XDC,Slovenia,17061.529
2015,GR_G14_XDC,Slovenia,17818.973
2016,GR_G14_XDC,Slovenia,17893.529
2017,GR_G14_XDC,Slovenia,18932.294
2018,GR_G14_XDC,Slovenia,20283.198
2019,GR_G14_XDC,Slovenia,21233.6
2020,GR_G14_XDC,Slovenia,20424.123
2021,GR_G14_XDC,Slovenia,23295.496
2000,GR_G14_XDC,Spain,242711.0
2001,GR_G14_XDC,Spain,262678.0
2002,GR_G14_XDC,Spain,283469.0
2003,GR_G14_XDC,Spain,300541.0
2004,GR_G14_XDC,Spain,328165.0
2005,GR_G14_XDC,Spain,363051.0
2006,GR_G14_XDC,Spain,401250.0
2007,GR_G14_XDC,Spain,435917.0
2008,GR_G14_XDC,Spain,401430.0
2009,GR_G14_XDC,Spain,365275.0
2010,GR_G14_XDC,Spain,383372.0
2011,GR_G14_XDC,Spain,379437.0
2012,GR_G14_XDC,Spain,383412.0
2013,GR_G14_XDC,Spain,389373.0
2014,GR_G14_XDC,Spain,397883.0
2015,GR_G14_XDC,Spain,410195.0
2016,GR_G14_XDC,Spain,418049.0
2017,GR_G14_XDC,Spain,436617.0
2018,GR_G14_XDC,Spain,464387.0
2019,GR_G14_XDC,Spain,480369.0
2020,GR_G14_XDC,Spain,459209.0
2021,GR_G14_XDC,Spain,519063.0
2000,GR_G14_XDC,Sweden,1332501.0
2001,GR_G14_XDC,Sweden,1328719.0
2002,GR_G14_XDC,Sweden,1331768.0
2003,GR_G14_XDC,Sweden,1394939.0
2004,GR_G14_XDC,Sweden,1462700.0
2005,GR_G14_XDC,Sweden,1556717.0
2020,GR_G14_XDC,Georgia,13432.6
2021,GR_G14_XDC,Georgia,16443.1
2000,GR_G14_XDC,Germany,964767.0
2001,GR_G14_XDC,Germany,955218.0
2002,GR_G14_XDC,Germany,957198.0
2003,GR_G14_XDC,Germany,976600.0
2004,GR_G14_XDC,Germany,973442.0
2005,GR_G14_XDC,Germany,985686.0
2006,GR_G14_XDC,Germany,1029021.0
2007,GR_G14_XDC,Germany,1080797.0
2008,GR_G14_XDC,Germany,1111590.0
2009,GR_G14_XDC,Germany,1088597.0
2010,GR_G14_XDC,Germany,1108322.0
2011,GR_G14_XDC,Germany,1180046.0
2012,GR_G14_XDC,Germany,1217162.0
2013,GR_G14_XDC,Germany,1248233.0
2014,GR_G14_XDC,Germany,1297107.0
2015,GR_G14_XDC,Germany,1347305.0
2016,GR_G14_XDC,Germany,1408105.0
2017,GR_G14_XDC,Germany,1468043.0
2018,GR_G14_XDC,Germany,1537462.0
2019,GR_G14_XDC,Germany,1595459.0
2020,GR_G14_XDC,Germany,1548011.0
2021,GR_G14_XDC,Germany,1690345.0
2000,GR_G14_XDC,Greece,59130.0
2001,GR_G14_XDC,Greece,61000.0
2002,GR_G14_XDC,Greece,64303.0
2003,GR_G14_XDC,Greece,68597.0
2004,GR_G14_XDC,Greece,74365.0
2005,GR_G14_XDC,Greece,77588.0
2006,GR_G14_XDC,Greece,84398.0
2007,GR_G14_XDC,Greece,92866.0
2008,GR_G14_XDC,Greece,97111.0
2009,GR_G14_XDC,Greece,91248.0
2010,GR_G14_XDC,Greece,92117.0
2011,GR_G14_XDC,Greece,89610.0
2012,GR_G14_XDC,Greece,88628.0
2013,GR_G14_XDC,Greece,87682.0
2014,GR_G14_XDC,Greece,82161.0
2015,GR_G14_XDC,Greece,83653.0
2016,GR_G14_XDC,Greece,86245.0
2017,GR_G14_XDC,Greece,85597.0
2018,GR_G14_XDC,Greece,87445.0
2019,GR_G14_XDC,Greece,88334.0
2020,GR_G14_XDC,Greece,80779.0
2006,GR_G14_XDC,Sweden,1629445.0
2007,GR_G14_XDC,Sweden,1715197.0
2008,GR_G14_XDC,Sweden,1737287.0
2009,GR_G14_XDC,Sweden,1686783.0
2010,GR_G14_XDC,Sweden,1761428.0
2011,GR_G14_XDC,Sweden,1803832.0
2012,GR_G14_XDC,Sweden,1825892.0
2013,GR_G14_XDC,Sweden,1878532.0
2014,GR_G14_XDC,Sweden,1922262.0
2015,GR_G14_XDC,Sweden,2061778.0
2016,GR_G14_XDC,Sweden,2196753.0
2017,GR_G14_XDC,Sweden,2296327.0
2018,GR_G14_XDC,Sweden,2393409.0
2019,GR_G14_XDC,Sweden,2457629.0
2020,GR_G14_XDC,Sweden,2431188.0
2021,GR_G14_XDC,Sweden,2638657.0
2000,GR_G14_XDC,Switzerland,153334.39200266
2001,GR_G14_XDC,Switzerland,153881.00222863
2002,GR_G14_XDC,Switzerland,156029.83244566
2003,GR_G14_XDC,Switzerland,155432.74564665
2004,GR_G14_XDC,Switzerland,158836.88169743
2005,GR_G14_XDC,Switzerland,165279.48446483
2006,GR_G14_XDC,Switzerland,173774.58026422
2007,GR_G14_XDC,Switzerland,182822.49118859
2008,GR_G14_XDC,Switzerland,195883.25271264
2009,GR_G14_XDC,Switzerland,194361.68041661
2010,GR_G14_XDC,Switzerland,198390.02327466
2011,GR_G14_XDC,Switzerland,204224.89887049
2012,GR_G14_XDC,Switzerland,205265.84943974
2013,GR_G14_XDC,Switzerland,210275.85124014
2014,GR_G14_XDC,Switzerland,212553.67274602
2015,GR_G14_XDC,Switzerland,220501.70529712
2016,GR_G14_XDC,Switzerland,221451.3509506
2017,GR_G14_XDC,Switzerland,229900.91493096
2018,GR_G14_XDC,Switzerland,234455.85484364
2019,GR_G14_XDC,Switzerland,238913.0991093
2020,GR_G14_XDC,Switzerland,236699.3153641
2021,GR_G14_XDC,Switzerland,253467.97586286
2000,GR_G14_XDC,Таджикистан,189.88
2001,GR_G14_XDC,Таджикистан,288.664
2003,GR_G14_XDC,Таджикистан,824.354
2004,GR_G14_XDC,Таджикистан,1104.367
2011,GR_G14_XDC,United Arab Emirates,359497.6033771
2012,GR_G14_XDC,United Arab Emirates,391322.63155875
2013,GR_G14_XDC,United Arab Emirates,412072.47407773
2014,GR_G14_XDC,United Arab Emirates,380655.3053245
2015,GR_G14_XDC,United Arab Emirates,281260.91334391
2016,GR_G14_XDC,United Arab Emirates,403075.24338439
2017,GR_G14_XDC,United Arab Emirates,401163.97442711
2018,GR_G14_XDC,United Arab Emirates,477735.08913495
2019,GR_G14_XDC,United Arab Emirates,476471.58085361
2020,GR_G14_XDC,United Arab Emirates,367865.454674595
2021,GR_G14_XDC,United Arab Emirates,463869.341285795
2000,GR_G14_XDC,Türkiye,34613.6
2001,GR_G14_XDC,Türkiye,51324.68
2006,GR_G14_XDC,Türkiye,189578.45442576
2007,GR_G14_XDC,Türkiye,218857.89707178
2008,GR_G14_XDC,Türkiye,321325.485994542
2009,GR_G14_XDC,Türkiye,329854.32759441
2010,GR_G14_XDC,Türkiye,386356.197804436
2011,GR_G14_XDC,Türkiye,453682.020798156
2012,GR_G14_XDC,Türkiye,510076.317954209
2013,GR_G14_XDC,Türkiye,590754.338589967
2014,GR_G14_XDC,Türkiye,652294.437666971
2015,GR_G14_XDC,Türkiye,750328.780243608
2016,GR_G14_XDC,Türkiye,848928.73721975
2017,GR_G14_XDC,Türkiye,964733.141571838
2018,GR_G14_XDC,Türkiye,1190461.6469959
2019,GR_G14_XDC,Türkiye,1376633.53204984
2020,GR_G14_XDC,Türkiye,1585649.05915479
2021,GR_G14_XDC,Türkiye,2255987.89361161
2000,GR_G14_XDC,Ukraine,47019.5
2001,GR_G14_XDC,Ukraine,71753.4
2002,GR_G14_XDC,Ukraine,85113.06679
2003,GR_G14_XDC,Ukraine,101659.80001956
2004,GR_G14_XDC,Ukraine,127509.20803866
2005,GR_G14_XDC,Ukraine,183406.8
2006,GR_G14_XDC,Ukraine,234374.4
2007,GR_G14_XDC,Ukraine,301218.2
2008,GR_G14_XDC,Ukraine,409060.853
2009,GR_G14_XDC,Ukraine,384909.3
2010,GR_G14_XDC,Ukraine,449977.2
2011,GR_G14_XDC,Ukraine,557362.82
2012,GR_G14_XDC,Ukraine,625982.0
2013,GR_G14_XDC,Ukraine,634749.0
2014,GR_G14_XDC,Ukraine,639957.3
2015,GR_G14_XDC,Ukraine,831806.4
2016,GR_G14_XDC,Ukraine,917850.82616434
2017,GR_G14_XDC,Ukraine,1200352.0
2018,GR_G14_XDC,Ukraine,1407030.3505607
2019,GR_G14_XDC,Ukraine,1565936.0
2020,GR_G14_XDC,Ukraine,1673430.9
2021,GR_G14_XDC,Ukraine,2014291.5
2005,GR_G14_XDC,North Macedonia,101772.70002525
2006,GR_G14_XDC,North Macedonia,109212.0296685
2007,GR_G14_XDC,North Macedonia,124915.0384975
2008,GR_G14_XDC,North Macedonia,134830.0
2009,GR_G14_XDC,North Macedonia,127094.0
2010,GR_G14_XDC,North Macedonia,127964.0
2011,GR_G14_XDC,North Macedonia,132600.0
2012,GR_G14_XDC,North Macedonia,133053.0
2013,GR_G14_XDC,North Macedonia,144883.4009995
2014,GR_G14_XDC,North Macedonia,150399.54425
2015,GR_G14_XDC,North Macedonia,166161.955691
2016,GR_G14_XDC,North Macedonia,171873.198069
2017,GR_G14_XDC,North Macedonia,181685.044856
2018,GR_G14_XDC,North Macedonia,192129.607842
2019,GR_G14_XDC,North Macedonia,212067.233007
2020,GR_G14_XDC,North Macedonia,198009.274886
2021,GR_G14_XDC,North Macedonia,230743.9
2000,GR_G14_XDC,United Kingdom of Great Britain and Northern Ireland,389927.0
2001,GR_G14_XDC,United Kingdom of Great Britain and Northern Ireland,404303.0
2002,GR_G14_XDC,United Kingdom of Great Britain and Northern Ireland,408828.0
2003,GR_G14_XDC,United Kingdom of Great Britain and Northern Ireland,429218.0
2004,GR_G14_XDC,United Kingdom of Great Britain and Northern Ireland,466403.0
2005,GR_G14_XDC,United Kingdom of Great Britain and Northern Ireland,508678.0
2006,GR_G14_XDC,United Kingdom of Great Britain and Northern Ireland,535757.0
2007,GR_G14_XDC,United Kingdom of Great Britain and Northern Ireland,567433.0
2008,GR_G14_XDC,United Kingdom of Great Britain and Northern Ireland,596796.0
2009,GR_G14_XDC,United Kingdom of Great Britain and Northern Ireland,547109.0
2010,GR_G14_XDC,United Kingdom of Great Britain and Northern Ireland,677447.0
2011,GR_G14_XDC,United Kingdom of Great Britain and Northern Ireland,605673.0
2012,GR_G14_XDC,United Kingdom of Great Britain and Northern Ireland,610706.0
2013,GR_G14_XDC,United Kingdom of Great Britain and Northern Ireland,651766.0
2014,GR_G14_XDC,United Kingdom of Great Britain and Northern Ireland,665343.0
2015,GR_G14_XDC,United Kingdom of Great Britain and Northern Ireland,688675.0
2016,GR_G14_XDC,United Kingdom of Great Britain and Northern Ireland,725768.0
2017,GR_G14_XDC,United Kingdom of Great Britain and Northern Ireland,767136.0
2018,GR_G14_XDC,United Kingdom of Great Britain and Northern Ireland,792580.0
2019,GR_G14_XDC,United Kingdom of Great Britain and Northern Ireland,813414.0
2020,GR_G14_XDC,United Kingdom of Great Britain and Northern Ireland,775750.0
2021,GR_G14_XDC,United Kingdom of Great Britain and Northern Ireland,859560.0
2011,GR_G14_XDC,Узбекистан,30929485.09
2012,GR_G14_XDC,Узбекистан,40588129.3
2013,GR_G14_XDC,Узбекистан,43848920.20569
2014,GR_G14_XDC,Узбекистан,51482182.23303
2015,GR_G14_XDC,Узбекистан,57945275.6624082
2016,GR_G14_XDC,Узбекистан,66756680.3608979
2017,GR_G14_XDC,Узбекистан,73949599.0045182
2018,GR_G14_XDC,Узбекистан,113401273.214395
2019,GR_G14_XDC,Узбекистан,142455443.885412
2020,GR_G14_XDC,Узбекистан,157069636.407673
2021,GR_G14_XDC,Greece,89329.0
2021,GR_G14_XDC,Greece,89329.0
