Year,SeriesCode,Страна ,Type of product,Value
2005,TM_TAX_WMPS,Albania,CLO,0.86978
2005,TM_TAX_WMPS,Albania,ARM,2.38047
2005,TM_TAX_WMPS,Albania,ALP,1.09684
2005,TM_TAX_WMPS,Albania,IND,0.59054
2005,TM_TAX_WMPS,Albania,AGR,3.26277
2005,TM_TAX_WMPS,Albania,TEX,1.34645
2010,TM_TAX_WMPS,Albania,AGR,3.10391
2010,TM_TAX_WMPS,Albania,CLO,2.54855
2010,TM_TAX_WMPS,Albania,ALP,1.30563
2010,TM_TAX_WMPS,Albania,IND,0.77966
2010,TM_TAX_WMPS,Albania,ARM,0.96774
2010,TM_TAX_WMPS,Albania,OIL,10.0
2010,TM_TAX_WMPS,Albania,TEX,1.31597
2015,TM_TAX_WMPS,Albania,IND,0.672
2015,TM_TAX_WMPS,Albania,CLO,0.0
2015,TM_TAX_WMPS,Albania,AGR,2.98534
2015,TM_TAX_WMPS,Albania,ALP,1.03383
2015,TM_TAX_WMPS,Albania,TEX,0.49201
2016,TM_TAX_WMPS,Albania,TEX,0.6257
2016,TM_TAX_WMPS,Albania,ALP,0.92986
2016,TM_TAX_WMPS,Albania,CLO,0.0
2016,TM_TAX_WMPS,Albania,AGR,2.46733
2016,TM_TAX_WMPS,Albania,IND,0.67755
2017,TM_TAX_WMPS,Albania,AGR,2.27356
2017,TM_TAX_WMPS,Albania,CLO,0.0
2017,TM_TAX_WMPS,Albania,ALP,0.7707
2017,TM_TAX_WMPS,Albania,TEX,0.4039
2017,TM_TAX_WMPS,Albania,IND,0.54746
2018,TM_TAX_WMPS,Albania,AGR,2.43468
2018,TM_TAX_WMPS,Albania,CLO,0.0
2018,TM_TAX_WMPS,Albania,IND,0.4753
2018,TM_TAX_WMPS,Albania,TEX,0.4028
2018,TM_TAX_WMPS,Albania,ALP,0.73194
2019,TM_TAX_WMPS,Albania,ALP,0.87979
2019,TM_TAX_WMPS,Albania,CLO,0.0
2019,TM_TAX_WMPS,Albania,IND,0.75068
2019,TM_TAX_WMPS,Albania,TEX,0.57909
2019,TM_TAX_WMPS,Albania,AGR,2.0438
2020,TM_TAX_WMPS,Albania,IND,0.68077
2020,TM_TAX_WMPS,Albania,CLO,0.0
2020,TM_TAX_WMPS,Albania,ALP,0.93859
2020,TM_TAX_WMPS,Albania,AGR,2.56756
2020,TM_TAX_WMPS,Albania,TEX,0.50851
2021,TM_TAX_WMPS,Albania,ALP,1.26127
2005,TM_TAX_WMPS,Belarus,OIL,0.0
2005,TM_TAX_WMPS,Belarus,AGR,12.44754
2005,TM_TAX_WMPS,Belarus,ALP,3.40362
2005,TM_TAX_WMPS,Belarus,CLO,15.80312
2005,TM_TAX_WMPS,Belarus,TEX,6.48268
2005,TM_TAX_WMPS,Belarus,IND,3.74363
2010,TM_TAX_WMPS,Belarus,OIL,0.84771
2010,TM_TAX_WMPS,Belarus,TEX,6.21955
2010,TM_TAX_WMPS,Belarus,IND,3.00272
2010,TM_TAX_WMPS,Belarus,ALP,3.19493
2010,TM_TAX_WMPS,Belarus,AGR,10.01541
2010,TM_TAX_WMPS,Belarus,CLO,8.05954
2015,TM_TAX_WMPS,Belarus,CLO,5.55382
2015,TM_TAX_WMPS,Belarus,ALP,3.25556
2015,TM_TAX_WMPS,Belarus,AGR,4.63248
2015,TM_TAX_WMPS,Belarus,TEX,4.27606
2015,TM_TAX_WMPS,Belarus,IND,3.17276
2015,TM_TAX_WMPS,Belarus,OIL,0.0
2016,TM_TAX_WMPS,Belarus,AGR,4.54714
2016,TM_TAX_WMPS,Belarus,ALP,2.15582
2016,TM_TAX_WMPS,Belarus,CLO,4.14616
2016,TM_TAX_WMPS,Belarus,IND,2.22824
2021,TM_TAX_WMPS,Albania,AGR,2.79772
2021,TM_TAX_WMPS,Albania,TEX,1.33766
2021,TM_TAX_WMPS,Albania,CLO,0.0
2021,TM_TAX_WMPS,Albania,IND,0.98774
2005,TM_TAX_WMPS,Azerbaijan,TEX,14.21423
2005,TM_TAX_WMPS,Azerbaijan,CLO,14.84239
2005,TM_TAX_WMPS,Azerbaijan,ALP,5.79031
2005,TM_TAX_WMPS,Azerbaijan,IND,6.10926
2005,TM_TAX_WMPS,Azerbaijan,AGR,3.26451
2010,TM_TAX_WMPS,Azerbaijan,ALP,4.73007
2010,TM_TAX_WMPS,Azerbaijan,CLO,14.44604
2005,TM_TAX_WMPS,Iceland,IND,0.44648
2005,TM_TAX_WMPS,Iceland,AGR,8.73932
2005,TM_TAX_WMPS,Iceland,CLO,6.2406
2005,TM_TAX_WMPS,Iceland,ALP,1.17258
2005,TM_TAX_WMPS,Iceland,ARM,2.3405
2005,TM_TAX_WMPS,Iceland,TEX,2.0984
2010,TM_TAX_WMPS,Iceland,ALP,1.26679
2010,TM_TAX_WMPS,Iceland,CLO,8.02694
2010,TM_TAX_WMPS,Iceland,IND,0.41778
2010,TM_TAX_WMPS,Iceland,TEX,2.1222
2010,TM_TAX_WMPS,Iceland,ARM,1.84994
2010,TM_TAX_WMPS,Azerbaijan,IND,4.56563
2010,TM_TAX_WMPS,Azerbaijan,TEX,4.56687
2010,TM_TAX_WMPS,Azerbaijan,OIL,0.0
2010,TM_TAX_WMPS,Azerbaijan,AGR,5.21268
2015,TM_TAX_WMPS,Azerbaijan,TEX,11.95794
2015,TM_TAX_WMPS,Azerbaijan,IND,6.10044
2015,TM_TAX_WMPS,Azerbaijan,CLO,14.42418
2015,TM_TAX_WMPS,Azerbaijan,ALP,5.72487
2015,TM_TAX_WMPS,Azerbaijan,AGR,3.43229
2016,TM_TAX_WMPS,Azerbaijan,TEX,13.21586
2016,TM_TAX_WMPS,Azerbaijan,AGR,2.75959
2010,TM_TAX_WMPS,Iceland,OIL,0.0
2010,TM_TAX_WMPS,Iceland,AGR,7.18588
2015,TM_TAX_WMPS,Iceland,CLO,1.93179
2015,TM_TAX_WMPS,Iceland,AGR,10.56477
2015,TM_TAX_WMPS,Iceland,ALP,1.1312
2015,TM_TAX_WMPS,Iceland,ARM,1.54039
2015,TM_TAX_WMPS,Iceland,TEX,0.81772
2015,TM_TAX_WMPS,Iceland,IND,0.13851
2016,TM_TAX_WMPS,Iceland,CLO,0.0
2016,TM_TAX_WMPS,Iceland,IND,0.11431
2016,TM_TAX_WMPS,Iceland,TEX,0.79179
2016,TM_TAX_WMPS,Azerbaijan,ALP,5.86227
2016,TM_TAX_WMPS,Azerbaijan,CLO,14.79879
2016,TM_TAX_WMPS,Azerbaijan,OIL,0.0
2016,TM_TAX_WMPS,Azerbaijan,IND,6.34698
2017,TM_TAX_WMPS,Azerbaijan,TEX,12.65846
2017,TM_TAX_WMPS,Azerbaijan,IND,6.02703
2017,TM_TAX_WMPS,Azerbaijan,OIL,0.0
2017,TM_TAX_WMPS,Azerbaijan,AGR,4.81582
2017,TM_TAX_WMPS,Azerbaijan,CLO,14.88814
2017,TM_TAX_WMPS,Azerbaijan,ALP,6.10283
2018,TM_TAX_WMPS,Azerbaijan,ALP,6.10283
2016,TM_TAX_WMPS,Iceland,ARM,1.54039
2016,TM_TAX_WMPS,Iceland,AGR,10.80444
2016,TM_TAX_WMPS,Iceland,ALP,1.09162
2017,TM_TAX_WMPS,Iceland,ALP,1.08303
2017,TM_TAX_WMPS,Iceland,AGR,12.50073
2017,TM_TAX_WMPS,Iceland,ARM,0.0
2017,TM_TAX_WMPS,Iceland,IND,0.00412
2017,TM_TAX_WMPS,Iceland,CLO,0.0
2017,TM_TAX_WMPS,Iceland,TEX,0.0
2018,TM_TAX_WMPS,Iceland,ARM,0.0
2018,TM_TAX_WMPS,Iceland,AGR,12.50073
2018,TM_TAX_WMPS,Azerbaijan,AGR,4.81582
2018,TM_TAX_WMPS,Azerbaijan,CLO,14.88814
2018,TM_TAX_WMPS,Azerbaijan,OIL,0.0
2018,TM_TAX_WMPS,Azerbaijan,IND,6.02703
2018,TM_TAX_WMPS,Azerbaijan,TEX,12.65846
2019,TM_TAX_WMPS,Azerbaijan,OIL,0.0
2019,TM_TAX_WMPS,Azerbaijan,ALP,7.51074
2019,TM_TAX_WMPS,Azerbaijan,CLO,14.72834
2019,TM_TAX_WMPS,Azerbaijan,AGR,5.03428
2019,TM_TAX_WMPS,Azerbaijan,IND,7.82221
2019,TM_TAX_WMPS,Azerbaijan,TEX,11.43731
2018,TM_TAX_WMPS,Iceland,ALP,1.08303
2018,TM_TAX_WMPS,Iceland,CLO,0.0
2018,TM_TAX_WMPS,Iceland,IND,0.00412
2018,TM_TAX_WMPS,Iceland,TEX,0.0
2019,TM_TAX_WMPS,Iceland,ALP,1.01867
2019,TM_TAX_WMPS,Iceland,AGR,10.17041
2019,TM_TAX_WMPS,Iceland,ARM,0.0
2019,TM_TAX_WMPS,Iceland,TEX,0.0
2019,TM_TAX_WMPS,Iceland,OIL,0.0
2019,TM_TAX_WMPS,Iceland,IND,0.00435
2019,TM_TAX_WMPS,Iceland,CLO,0.0
2005,TM_TAX_WMPS,New Zealand,OIL,0.0
2005,TM_TAX_WMPS,New Zealand,ARM,0.28092
2005,TM_TAX_WMPS,New Zealand,AGR,1.18999
2005,TM_TAX_WMPS,New Zealand,ALP,1.94341
2005,TM_TAX_WMPS,New Zealand,IND,1.83936
2005,TM_TAX_WMPS,New Zealand,TEX,3.9554
2005,TM_TAX_WMPS,New Zealand,CLO,11.37744
2010,TM_TAX_WMPS,New Zealand,AGR,0.96843
2010,TM_TAX_WMPS,New Zealand,ARM,0.44743
2010,TM_TAX_WMPS,New Zealand,ALP,1.51939
2010,TM_TAX_WMPS,New Zealand,CLO,11.46576
2020,TM_TAX_WMPS,Azerbaijan,CLO,14.72392
2020,TM_TAX_WMPS,Azerbaijan,AGR,4.95642
2020,TM_TAX_WMPS,Azerbaijan,ALP,6.06424
2020,TM_TAX_WMPS,Azerbaijan,OIL,0.0
2020,TM_TAX_WMPS,Azerbaijan,TEX,10.80697
2020,TM_TAX_WMPS,Azerbaijan,IND,6.01015
2021,TM_TAX_WMPS,Azerbaijan,CLO,14.70306
2021,TM_TAX_WMPS,Azerbaijan,IND,6.40075
2021,TM_TAX_WMPS,Azerbaijan,TEX,10.2067
2021,TM_TAX_WMPS,Azerbaijan,OIL,0.0
2021,TM_TAX_WMPS,Azerbaijan,ALP,6.33184
2016,TM_TAX_WMPS,Belarus,TEX,3.71478
2016,TM_TAX_WMPS,Belarus,OIL,0.0
2017,TM_TAX_WMPS,Belarus,AGR,3.848
2017,TM_TAX_WMPS,Belarus,ALP,2.04687
2017,TM_TAX_WMPS,Belarus,CLO,5.5096
2017,TM_TAX_WMPS,Belarus,TEX,4.80906
2017,TM_TAX_WMPS,Belarus,OIL,0.0
2017,TM_TAX_WMPS,Belarus,IND,2.0336
2018,TM_TAX_WMPS,Belarus,OIL,0.0
2018,TM_TAX_WMPS,Belarus,TEX,4.7594
2018,TM_TAX_WMPS,Belarus,IND,1.88991
2021,TM_TAX_WMPS,Azerbaijan,AGR,4.80675
2005,TM_TAX_WMPS,Australia,ALP,2.71001
2005,TM_TAX_WMPS,Australia,ARM,0.4449
2005,TM_TAX_WMPS,Australia,CLO,16.02606
2005,TM_TAX_WMPS,Australia,AGR,1.66065
2005,TM_TAX_WMPS,Australia,OIL,0.0
2005,TM_TAX_WMPS,Australia,TEX,6.18583
2005,TM_TAX_WMPS,Australia,IND,2.51681
2010,TM_TAX_WMPS,Australia,AGR,1.53256
2010,TM_TAX_WMPS,Australia,ALP,2.72462
2010,TM_TAX_WMPS,Australia,IND,2.58585
2010,TM_TAX_WMPS,New Zealand,TEX,3.36569
2010,TM_TAX_WMPS,New Zealand,OIL,0.0
2010,TM_TAX_WMPS,New Zealand,IND,1.33954
2015,TM_TAX_WMPS,New Zealand,AGR,1.03522
2015,TM_TAX_WMPS,New Zealand,TEX,1.61356
2015,TM_TAX_WMPS,New Zealand,ALP,0.89626
2015,TM_TAX_WMPS,New Zealand,IND,0.85594
2015,TM_TAX_WMPS,New Zealand,OIL,0.0
2015,TM_TAX_WMPS,New Zealand,CLO,2.63393
2015,TM_TAX_WMPS,New Zealand,ARM,0.81151
2016,TM_TAX_WMPS,New Zealand,ALP,0.8038
2018,TM_TAX_WMPS,Belarus,CLO,5.69683
2018,TM_TAX_WMPS,Belarus,ALP,1.92996
2018,TM_TAX_WMPS,Belarus,AGR,3.70329
2019,TM_TAX_WMPS,Belarus,ALP,1.87961
2019,TM_TAX_WMPS,Belarus,CLO,4.97054
2019,TM_TAX_WMPS,Belarus,IND,2.00213
2019,TM_TAX_WMPS,Belarus,TEX,4.79975
2019,TM_TAX_WMPS,Belarus,OIL,0.0
2019,TM_TAX_WMPS,Belarus,AGR,3.09071
2020,TM_TAX_WMPS,Belarus,TEX,4.25423
2020,TM_TAX_WMPS,Belarus,OIL,0.0
2010,TM_TAX_WMPS,Australia,TEX,6.6507
2010,TM_TAX_WMPS,Australia,OIL,0.0
2010,TM_TAX_WMPS,Australia,ARM,0.3288
2010,TM_TAX_WMPS,Australia,CLO,16.00323
2015,TM_TAX_WMPS,Australia,ALP,1.8547
2015,TM_TAX_WMPS,Australia,AGR,1.11459
2015,TM_TAX_WMPS,Australia,CLO,3.95418
2015,TM_TAX_WMPS,Australia,ARM,0.50578
2015,TM_TAX_WMPS,Australia,IND,1.87478
2015,TM_TAX_WMPS,Australia,TEX,3.55936
2015,TM_TAX_WMPS,Australia,OIL,0.0
2016,TM_TAX_WMPS,New Zealand,AGR,0.99039
2016,TM_TAX_WMPS,New Zealand,ARM,0.75002
2016,TM_TAX_WMPS,New Zealand,OIL,0.0
2016,TM_TAX_WMPS,New Zealand,TEX,1.39255
2016,TM_TAX_WMPS,New Zealand,IND,0.80193
2016,TM_TAX_WMPS,New Zealand,CLO,1.32185
2017,TM_TAX_WMPS,New Zealand,ARM,0.48498
2017,TM_TAX_WMPS,New Zealand,TEX,1.38079
2017,TM_TAX_WMPS,New Zealand,CLO,1.53953
2017,TM_TAX_WMPS,New Zealand,OIL,0.0
2017,TM_TAX_WMPS,New Zealand,IND,0.84424
2020,TM_TAX_WMPS,Belarus,CLO,4.39372
2020,TM_TAX_WMPS,Belarus,IND,2.12968
2020,TM_TAX_WMPS,Belarus,ALP,2.04391
2020,TM_TAX_WMPS,Belarus,AGR,2.94323
2021,TM_TAX_WMPS,Belarus,ALP,2.19559
2021,TM_TAX_WMPS,Belarus,AGR,2.51763
2021,TM_TAX_WMPS,Belarus,IND,1.99347
2021,TM_TAX_WMPS,Belarus,CLO,4.69755
2021,TM_TAX_WMPS,Belarus,TEX,4.16546
2005,TM_TAX_WMPS,Canada,TEX,3.96952
2005,TM_TAX_WMPS,Canada,AGR,8.7957
2017,TM_TAX_WMPS,New Zealand,ALP,0.84413
2017,TM_TAX_WMPS,New Zealand,AGR,0.98223
2018,TM_TAX_WMPS,New Zealand,TEX,1.38079
2018,TM_TAX_WMPS,New Zealand,ARM,0.48498
2018,TM_TAX_WMPS,New Zealand,AGR,0.98223
2018,TM_TAX_WMPS,New Zealand,ALP,0.84413
2018,TM_TAX_WMPS,New Zealand,OIL,0.0
2018,TM_TAX_WMPS,New Zealand,CLO,1.53953
2018,TM_TAX_WMPS,New Zealand,IND,0.84424
2019,TM_TAX_WMPS,New Zealand,ALP,0.74713
2019,TM_TAX_WMPS,New Zealand,CLO,1.59446
2016,TM_TAX_WMPS,Australia,ALP,1.13469
2016,TM_TAX_WMPS,Australia,OIL,0.0
2016,TM_TAX_WMPS,Australia,TEX,1.47876
2016,TM_TAX_WMPS,Australia,IND,1.12035
2016,TM_TAX_WMPS,Australia,ARM,0.45481
2016,TM_TAX_WMPS,Australia,CLO,2.90861
2016,TM_TAX_WMPS,Australia,AGR,1.00648
2017,TM_TAX_WMPS,Australia,ALP,0.81768
2017,TM_TAX_WMPS,Australia,AGR,1.02056
2017,TM_TAX_WMPS,Australia,ARM,0.22971
2017,TM_TAX_WMPS,Australia,IND,0.82799
2019,TM_TAX_WMPS,New Zealand,IND,0.71483
2019,TM_TAX_WMPS,New Zealand,OIL,0.0
2019,TM_TAX_WMPS,New Zealand,AGR,1.03818
2019,TM_TAX_WMPS,New Zealand,ARM,0.16808
2019,TM_TAX_WMPS,New Zealand,TEX,1.48469
2020,TM_TAX_WMPS,New Zealand,ALP,0.71161
2020,TM_TAX_WMPS,New Zealand,TEX,1.29944
2020,TM_TAX_WMPS,New Zealand,AGR,1.01778
2020,TM_TAX_WMPS,New Zealand,OIL,0.0
2020,TM_TAX_WMPS,New Zealand,ARM,1.46095
2020,TM_TAX_WMPS,New Zealand,IND,0.65627
2005,TM_TAX_WMPS,Canada,CLO,13.53398
2005,TM_TAX_WMPS,Canada,IND,0.64134
2005,TM_TAX_WMPS,Canada,OIL,0.0
2005,TM_TAX_WMPS,Canada,ALP,1.35293
2005,TM_TAX_WMPS,Canada,ARM,0.66004
2010,TM_TAX_WMPS,Canada,OIL,0.0
2010,TM_TAX_WMPS,Canada,AGR,5.79748
2010,TM_TAX_WMPS,Canada,TEX,4.38998
2010,TM_TAX_WMPS,Canada,ARM,0.48529
2010,TM_TAX_WMPS,Canada,IND,0.61017
2010,TM_TAX_WMPS,Canada,ALP,1.2573
2017,TM_TAX_WMPS,Australia,TEX,1.12471
2017,TM_TAX_WMPS,Australia,OIL,0.0
2017,TM_TAX_WMPS,Australia,CLO,0.90097
2018,TM_TAX_WMPS,Australia,OIL,0.0
2018,TM_TAX_WMPS,Australia,TEX,1.09347
2018,TM_TAX_WMPS,Australia,IND,0.7308
2018,TM_TAX_WMPS,Australia,CLO,0.79214
2018,TM_TAX_WMPS,Australia,AGR,1.01593
2018,TM_TAX_WMPS,Australia,ALP,0.73119
2018,TM_TAX_WMPS,Australia,ARM,0.22971
2019,TM_TAX_WMPS,Australia,ARM,0.22421
2020,TM_TAX_WMPS,New Zealand,CLO,1.21482
2021,TM_TAX_WMPS,New Zealand,CLO,1.08229
2021,TM_TAX_WMPS,New Zealand,IND,0.58132
2021,TM_TAX_WMPS,New Zealand,ARM,0.24471
2021,TM_TAX_WMPS,New Zealand,OIL,0.0
2021,TM_TAX_WMPS,New Zealand,AGR,1.02029
2021,TM_TAX_WMPS,New Zealand,ALP,0.643
2021,TM_TAX_WMPS,New Zealand,TEX,1.41253
2005,TM_TAX_WMPS,Norway,TEX,0.7901
2005,TM_TAX_WMPS,Norway,ALP,1.32567
2005,TM_TAX_WMPS,Norway,IND,0.10149
2019,TM_TAX_WMPS,Australia,ALP,0.6829
2019,TM_TAX_WMPS,Australia,AGR,1.02986
2019,TM_TAX_WMPS,Australia,CLO,0.6929
2019,TM_TAX_WMPS,Australia,IND,0.67797
2019,TM_TAX_WMPS,Australia,TEX,1.15325
2019,TM_TAX_WMPS,Australia,OIL,0.0
2020,TM_TAX_WMPS,Australia,OIL,0.0
2020,TM_TAX_WMPS,Australia,IND,0.62068
2020,TM_TAX_WMPS,Australia,TEX,0.88657
2020,TM_TAX_WMPS,Australia,CLO,0.50657
2020,TM_TAX_WMPS,Australia,AGR,1.03006
2005,TM_TAX_WMPS,Norway,AGR,18.74116
2005,TM_TAX_WMPS,Norway,OIL,0.0
2005,TM_TAX_WMPS,Norway,ARM,0.0
2005,TM_TAX_WMPS,Norway,CLO,2.1801
2010,TM_TAX_WMPS,Norway,OIL,0.0
2010,TM_TAX_WMPS,Norway,AGR,36.50449
2010,TM_TAX_WMPS,Norway,IND,0.13757
2010,TM_TAX_WMPS,Norway,TEX,0.63502
2010,TM_TAX_WMPS,Norway,CLO,2.40296
2010,TM_TAX_WMPS,Norway,ARM,0.0
2010,TM_TAX_WMPS,Norway,ALP,2.87552
2010,TM_TAX_WMPS,Canada,CLO,13.19394
2015,TM_TAX_WMPS,Canada,TEX,4.87715
2015,TM_TAX_WMPS,Canada,OIL,0.0
2015,TM_TAX_WMPS,Canada,AGR,9.15175
2015,TM_TAX_WMPS,Canada,CLO,12.2196
2015,TM_TAX_WMPS,Canada,ALP,1.71984
2015,TM_TAX_WMPS,Canada,IND,0.70421
2015,TM_TAX_WMPS,Canada,ARM,0.96728
2016,TM_TAX_WMPS,Canada,OIL,0.0
2016,TM_TAX_WMPS,Canada,ARM,0.96425
2016,TM_TAX_WMPS,Canada,IND,0.71019
2020,TM_TAX_WMPS,Australia,ARM,0.18475
2020,TM_TAX_WMPS,Australia,ALP,0.6389
2021,TM_TAX_WMPS,Australia,AGR,1.13678
2021,TM_TAX_WMPS,Australia,ARM,0.29209
2021,TM_TAX_WMPS,Australia,CLO,0.58326
2021,TM_TAX_WMPS,Australia,IND,0.63535
2021,TM_TAX_WMPS,Australia,TEX,1.11066
2021,TM_TAX_WMPS,Australia,OIL,0.0
2021,TM_TAX_WMPS,Australia,ALP,0.65939
2005,TM_TAX_WMPS,Armenia,TEX,3.21294
2005,TM_TAX_WMPS,Armenia,IND,1.14947
2015,TM_TAX_WMPS,Norway,TEX,0.52237
2015,TM_TAX_WMPS,Norway,IND,0.0409
2015,TM_TAX_WMPS,Norway,AGR,29.22068
2015,TM_TAX_WMPS,Norway,OIL,0.0
2015,TM_TAX_WMPS,Norway,ARM,0.0
2015,TM_TAX_WMPS,Norway,ALP,2.70177
2015,TM_TAX_WMPS,Norway,CLO,1.96517
2016,TM_TAX_WMPS,Norway,AGR,25.05265
2016,TM_TAX_WMPS,Norway,TEX,0.52237
2016,TM_TAX_WMPS,Norway,CLO,1.96517
2016,TM_TAX_WMPS,Norway,ALP,2.31868
2016,TM_TAX_WMPS,Norway,ARM,0.0
2016,TM_TAX_WMPS,Norway,IND,0.02667
2016,TM_TAX_WMPS,Norway,OIL,0.0
2017,TM_TAX_WMPS,Norway,TEX,0.48932
2017,TM_TAX_WMPS,Norway,AGR,22.85308
2017,TM_TAX_WMPS,Norway,OIL,0.0
2017,TM_TAX_WMPS,Norway,IND,0.02241
2017,TM_TAX_WMPS,Norway,ALP,2.07928
2017,TM_TAX_WMPS,Norway,CLO,1.89366
2017,TM_TAX_WMPS,Norway,ARM,0.0
2018,TM_TAX_WMPS,Norway,ARM,0.0
2016,TM_TAX_WMPS,Canada,ALP,1.72157
2016,TM_TAX_WMPS,Canada,CLO,12.21949
2016,TM_TAX_WMPS,Canada,AGR,9.12771
2016,TM_TAX_WMPS,Canada,TEX,4.86386
2017,TM_TAX_WMPS,Canada,OIL,0.0
2017,TM_TAX_WMPS,Canada,TEX,4.96482
2017,TM_TAX_WMPS,Canada,AGR,7.83685
2017,TM_TAX_WMPS,Canada,CLO,9.91531
2017,TM_TAX_WMPS,Canada,IND,0.48299
2017,TM_TAX_WMPS,Canada,ALP,1.3735
2017,TM_TAX_WMPS,Canada,ARM,0.22073
2018,TM_TAX_WMPS,Norway,CLO,1.89366
2018,TM_TAX_WMPS,Norway,ALP,2.75334
2018,TM_TAX_WMPS,Norway,IND,0.02526
2018,TM_TAX_WMPS,Norway,OIL,0.0
2018,TM_TAX_WMPS,Norway,AGR,30.68978
2018,TM_TAX_WMPS,Norway,TEX,0.48932
2019,TM_TAX_WMPS,Norway,TEX,0.47328
2019,TM_TAX_WMPS,Norway,AGR,18.82702
2019,TM_TAX_WMPS,Norway,OIL,0.0
2019,TM_TAX_WMPS,Norway,IND,0.02486
2019,TM_TAX_WMPS,Norway,ALP,1.46921
2005,TM_TAX_WMPS,Armenia,CLO,9.86003
2005,TM_TAX_WMPS,Armenia,AGR,6.6383
2005,TM_TAX_WMPS,Armenia,ALP,2.35793
2010,TM_TAX_WMPS,Armenia,AGR,6.28381
2010,TM_TAX_WMPS,Armenia,ALP,3.12318
2010,TM_TAX_WMPS,Armenia,TEX,3.65786
2010,TM_TAX_WMPS,Armenia,CLO,9.76344
2010,TM_TAX_WMPS,Armenia,IND,1.98994
2015,TM_TAX_WMPS,Armenia,IND,3.39846
2015,TM_TAX_WMPS,Armenia,CLO,9.89065
2015,TM_TAX_WMPS,Armenia,TEX,6.07413
2015,TM_TAX_WMPS,Armenia,AGR,5.36904
2015,TM_TAX_WMPS,Armenia,ALP,4.15034
2016,TM_TAX_WMPS,Armenia,ALP,2.65609
2016,TM_TAX_WMPS,Armenia,AGR,3.57893
2016,TM_TAX_WMPS,Armenia,TEX,3.92339
2016,TM_TAX_WMPS,Armenia,IND,2.23552
2016,TM_TAX_WMPS,Armenia,CLO,6.70058
2017,TM_TAX_WMPS,Armenia,TEX,4.99654
2017,TM_TAX_WMPS,Armenia,IND,1.89112
2017,TM_TAX_WMPS,Armenia,ALP,2.47709
2017,TM_TAX_WMPS,Armenia,CLO,6.79927
2018,TM_TAX_WMPS,Canada,ARM,0.26439
2018,TM_TAX_WMPS,Canada,ALP,1.45723
2018,TM_TAX_WMPS,Canada,IND,0.57526
2018,TM_TAX_WMPS,Canada,CLO,10.85862
2018,TM_TAX_WMPS,Canada,AGR,7.79917
2018,TM_TAX_WMPS,Canada,TEX,4.72417
2018,TM_TAX_WMPS,Canada,OIL,0.0
2019,TM_TAX_WMPS,Canada,TEX,4.60554
2019,TM_TAX_WMPS,Canada,CLO,9.29049
2019,TM_TAX_WMPS,Canada,IND,0.45702
2019,TM_TAX_WMPS,Canada,ALP,1.33201
2019,TM_TAX_WMPS,Norway,CLO,1.72236
2019,TM_TAX_WMPS,Norway,ARM,0.0
2020,TM_TAX_WMPS,Norway,ARM,0.0
2020,TM_TAX_WMPS,Norway,CLO,1.73944
2020,TM_TAX_WMPS,Norway,ALP,1.50127
2020,TM_TAX_WMPS,Norway,IND,0.03629
2020,TM_TAX_WMPS,Norway,AGR,16.19204
2020,TM_TAX_WMPS,Norway,OIL,0.0
2020,TM_TAX_WMPS,Norway,TEX,0.38665
2021,TM_TAX_WMPS,Norway,AGR,20.91204
2021,TM_TAX_WMPS,Norway,IND,0.01018
2017,TM_TAX_WMPS,Armenia,AGR,3.62078
2018,TM_TAX_WMPS,Armenia,AGR,5.33275
2018,TM_TAX_WMPS,Armenia,CLO,8.05507
2018,TM_TAX_WMPS,Armenia,ALP,4.1383
2018,TM_TAX_WMPS,Armenia,IND,3.54278
2018,TM_TAX_WMPS,Armenia,TEX,6.98572
2019,TM_TAX_WMPS,Armenia,ALP,3.709
2019,TM_TAX_WMPS,Armenia,TEX,6.54887
2019,TM_TAX_WMPS,Armenia,CLO,8.64041
2019,TM_TAX_WMPS,Armenia,AGR,4.39094
2019,TM_TAX_WMPS,Armenia,IND,3.2479
2019,TM_TAX_WMPS,Canada,AGR,7.95108
2019,TM_TAX_WMPS,Canada,ARM,0.10526
2019,TM_TAX_WMPS,Canada,OIL,0.0
2020,TM_TAX_WMPS,Canada,ARM,0.11057
2020,TM_TAX_WMPS,Canada,ALP,1.22237
2020,TM_TAX_WMPS,Canada,AGR,5.72313
2020,TM_TAX_WMPS,Canada,IND,0.43708
2020,TM_TAX_WMPS,Canada,CLO,8.06189
2020,TM_TAX_WMPS,Canada,TEX,6.18323
2020,TM_TAX_WMPS,Canada,OIL,0.0
2021,TM_TAX_WMPS,Canada,IND,0.44658
2020,TM_TAX_WMPS,Iceland,CLO,0.0
2020,TM_TAX_WMPS,Iceland,IND,0.00417
2020,TM_TAX_WMPS,Iceland,TEX,0.0
2020,TM_TAX_WMPS,Iceland,ARM,0.0
2020,TM_TAX_WMPS,Iceland,ALP,1.01119
2020,TM_TAX_WMPS,Iceland,AGR,8.3915
2021,TM_TAX_WMPS,Iceland,AGR,9.71167
2021,TM_TAX_WMPS,Iceland,ALP,0.98412
2021,TM_TAX_WMPS,Iceland,IND,0.00287
2021,TM_TAX_WMPS,Iceland,CLO,0.0
2021,TM_TAX_WMPS,Iceland,ARM,0.0
2021,TM_TAX_WMPS,Iceland,TEX,0.0
2005,TM_TAX_WMPS,India,AGR,52.26315
2005,TM_TAX_WMPS,India,ALP,15.29429
2005,TM_TAX_WMPS,India,ARM,15.0
2005,TM_TAX_WMPS,India,TEX,18.93897
2005,TM_TAX_WMPS,India,IND,12.89627
2005,TM_TAX_WMPS,India,CLO,20.58227
2010,TM_TAX_WMPS,India,ALP,6.68985
2010,TM_TAX_WMPS,India,AGR,42.78588
2010,TM_TAX_WMPS,India,ARM,10.0
2010,TM_TAX_WMPS,India,OIL,0.0
2010,TM_TAX_WMPS,India,TEX,11.8737
2010,TM_TAX_WMPS,India,IND,7.29588
2010,TM_TAX_WMPS,India,CLO,17.87368
2015,TM_TAX_WMPS,India,ALP,7.15573
2015,TM_TAX_WMPS,India,AGR,35.15847
2015,TM_TAX_WMPS,India,ARM,9.99979
2015,TM_TAX_WMPS,India,CLO,18.25074
2015,TM_TAX_WMPS,India,IND,6.64845
2015,TM_TAX_WMPS,India,TEX,12.72773
2015,TM_TAX_WMPS,India,OIL,0.0
2016,TM_TAX_WMPS,India,ALP,7.15573
2020,TM_TAX_WMPS,Armenia,AGR,3.58908
2020,TM_TAX_WMPS,Armenia,CLO,7.15782
2020,TM_TAX_WMPS,Armenia,ALP,3.3207
2020,TM_TAX_WMPS,Armenia,IND,3.02274
2020,TM_TAX_WMPS,Armenia,TEX,5.98041
2021,TM_TAX_WMPS,Armenia,TEX,5.84813
2021,TM_TAX_WMPS,Armenia,IND,2.77674
2021,TM_TAX_WMPS,Armenia,ALP,3.17115
2021,TM_TAX_WMPS,Armenia,CLO,6.0626
2021,TM_TAX_WMPS,Armenia,AGR,4.04394
2005,TM_TAX_WMPS,Bosnia and Herzegovina,TEX,2.46146
2016,TM_TAX_WMPS,India,OIL,0.0
2016,TM_TAX_WMPS,India,TEX,12.72773
2016,TM_TAX_WMPS,India,IND,6.64845
2016,TM_TAX_WMPS,India,CLO,18.25074
2016,TM_TAX_WMPS,India,AGR,35.15847
2016,TM_TAX_WMPS,India,ARM,9.99979
2017,TM_TAX_WMPS,India,ALP,5.63337
2017,TM_TAX_WMPS,India,ARM,9.86328
2017,TM_TAX_WMPS,India,AGR,20.29568
2017,TM_TAX_WMPS,India,CLO,8.24016
2017,TM_TAX_WMPS,India,IND,5.74644
2021,TM_TAX_WMPS,Norway,ALP,1.93113
2021,TM_TAX_WMPS,Norway,CLO,1.8474
2021,TM_TAX_WMPS,Norway,ARM,0.0
2021,TM_TAX_WMPS,Norway,TEX,0.42976
2021,TM_TAX_WMPS,Norway,OIL,0.0
2005,TM_TAX_WMPS,Serbia,ARM,19.22068
2005,TM_TAX_WMPS,Serbia,CLO,19.26886
2005,TM_TAX_WMPS,Serbia,AGR,11.75726
2005,TM_TAX_WMPS,Serbia,ALP,5.6247
2005,TM_TAX_WMPS,Serbia,TEX,7.76282
2005,TM_TAX_WMPS,Serbia,IND,5.3684
2005,TM_TAX_WMPS,Bosnia and Herzegovina,CLO,6.73851
2005,TM_TAX_WMPS,Bosnia and Herzegovina,IND,1.45036
2005,TM_TAX_WMPS,Bosnia and Herzegovina,ALP,2.33143
2005,TM_TAX_WMPS,Bosnia and Herzegovina,ARM,4.94676
2005,TM_TAX_WMPS,Bosnia and Herzegovina,AGR,6.07974
2005,TM_TAX_WMPS,Bosnia and Herzegovina,OIL,0.0
2010,TM_TAX_WMPS,Bosnia and Herzegovina,AGR,3.4821
2010,TM_TAX_WMPS,Bosnia and Herzegovina,ALP,1.78379
2010,TM_TAX_WMPS,Bosnia and Herzegovina,IND,1.29435
2010,TM_TAX_WMPS,Bosnia and Herzegovina,CLO,7.94497
2010,TM_TAX_WMPS,Bosnia and Herzegovina,TEX,2.57791
2005,TM_TAX_WMPS,Serbia,OIL,1.0
2010,TM_TAX_WMPS,Serbia,OIL,0.13771
2010,TM_TAX_WMPS,Serbia,IND,2.64409
2010,TM_TAX_WMPS,Serbia,TEX,2.4533
2010,TM_TAX_WMPS,Serbia,ALP,2.96024
2010,TM_TAX_WMPS,Serbia,CLO,11.34431
2010,TM_TAX_WMPS,Serbia,ARM,10.2785
2010,TM_TAX_WMPS,Serbia,AGR,7.49871
2015,TM_TAX_WMPS,Serbia,AGR,3.46346
2015,TM_TAX_WMPS,Serbia,ARM,2.94881
2015,TM_TAX_WMPS,Serbia,CLO,10.85673
2010,TM_TAX_WMPS,Bosnia and Herzegovina,OIL,0.0
2015,TM_TAX_WMPS,Bosnia and Herzegovina,TEX,1.73325
2015,TM_TAX_WMPS,Bosnia and Herzegovina,ALP,1.32302
2015,TM_TAX_WMPS,Bosnia and Herzegovina,AGR,2.18268
2015,TM_TAX_WMPS,Bosnia and Herzegovina,OIL,0.0
2015,TM_TAX_WMPS,Bosnia and Herzegovina,CLO,6.91812
2015,TM_TAX_WMPS,Bosnia and Herzegovina,IND,0.98454
2016,TM_TAX_WMPS,Bosnia and Herzegovina,AGR,2.1422
2016,TM_TAX_WMPS,Bosnia and Herzegovina,ALP,1.30788
2016,TM_TAX_WMPS,Bosnia and Herzegovina,TEX,1.70743
2016,TM_TAX_WMPS,Bosnia and Herzegovina,IND,0.97545
2015,TM_TAX_WMPS,Serbia,ALP,1.3428
2015,TM_TAX_WMPS,Serbia,TEX,1.77946
2015,TM_TAX_WMPS,Serbia,IND,0.96457
2015,TM_TAX_WMPS,Serbia,OIL,0.0
2016,TM_TAX_WMPS,Serbia,IND,0.98762
2016,TM_TAX_WMPS,Serbia,TEX,1.78816
2016,TM_TAX_WMPS,Serbia,OIL,0.0
2016,TM_TAX_WMPS,Serbia,ALP,1.36168
2016,TM_TAX_WMPS,Serbia,CLO,10.88812
2016,TM_TAX_WMPS,Serbia,ARM,2.92654
2016,TM_TAX_WMPS,Serbia,AGR,3.45897
2021,TM_TAX_WMPS,Canada,ALP,1.15627
2021,TM_TAX_WMPS,Canada,ARM,0.16843
2021,TM_TAX_WMPS,Canada,AGR,5.9437
2021,TM_TAX_WMPS,Canada,OIL,0.0
2021,TM_TAX_WMPS,Canada,TEX,4.91367
2021,TM_TAX_WMPS,Canada,CLO,7.85034
2005,TM_TAX_WMPS,Chile,ARM,1.43028
2005,TM_TAX_WMPS,Chile,AGR,1.24714
2005,TM_TAX_WMPS,Chile,ALP,2.07903
2005,TM_TAX_WMPS,Chile,TEX,3.33688
2005,TM_TAX_WMPS,Chile,CLO,5.30395
2017,TM_TAX_WMPS,Serbia,CLO,11.65181
2017,TM_TAX_WMPS,Serbia,OIL,0.51668
2017,TM_TAX_WMPS,Serbia,ALP,1.39578
2017,TM_TAX_WMPS,Serbia,TEX,1.7363
2017,TM_TAX_WMPS,Serbia,IND,0.94262
2017,TM_TAX_WMPS,Serbia,AGR,3.86014
2017,TM_TAX_WMPS,Serbia,ARM,2.89352
2018,TM_TAX_WMPS,Serbia,IND,0.94148
2018,TM_TAX_WMPS,Serbia,TEX,1.7363
2018,TM_TAX_WMPS,Serbia,OIL,0.51668
2018,TM_TAX_WMPS,Serbia,CLO,11.65181
2016,TM_TAX_WMPS,Bosnia and Herzegovina,CLO,6.91597
2016,TM_TAX_WMPS,Bosnia and Herzegovina,OIL,0.0
2017,TM_TAX_WMPS,Bosnia and Herzegovina,IND,0.93568
2017,TM_TAX_WMPS,Bosnia and Herzegovina,OIL,0.0
2017,TM_TAX_WMPS,Bosnia and Herzegovina,CLO,7.02857
2017,TM_TAX_WMPS,Bosnia and Herzegovina,TEX,1.7783
2017,TM_TAX_WMPS,Bosnia and Herzegovina,ALP,1.32117
2017,TM_TAX_WMPS,Bosnia and Herzegovina,AGR,2.32139
2018,TM_TAX_WMPS,Bosnia and Herzegovina,ALP,1.37844
2018,TM_TAX_WMPS,Bosnia and Herzegovina,AGR,2.41047
2018,TM_TAX_WMPS,Bosnia and Herzegovina,TEX,1.7783
2005,TM_TAX_WMPS,Chile,IND,1.81997
2005,TM_TAX_WMPS,Chile,OIL,3.18848
2010,TM_TAX_WMPS,Chile,ALP,0.82737
2010,TM_TAX_WMPS,Chile,AGR,1.89623
2010,TM_TAX_WMPS,Chile,IND,0.68294
2010,TM_TAX_WMPS,Chile,OIL,0.0
2010,TM_TAX_WMPS,Chile,CLO,3.78716
2010,TM_TAX_WMPS,Chile,ARM,0.35345
2010,TM_TAX_WMPS,Chile,TEX,2.03945
2015,TM_TAX_WMPS,Chile,AGR,0.36256
2015,TM_TAX_WMPS,Chile,TEX,0.77953
2018,TM_TAX_WMPS,Serbia,ARM,2.89352
2018,TM_TAX_WMPS,Serbia,AGR,3.9143
2018,TM_TAX_WMPS,Serbia,ALP,1.39835
2019,TM_TAX_WMPS,Serbia,OIL,0.45535
2019,TM_TAX_WMPS,Serbia,TEX,2.28305
2019,TM_TAX_WMPS,Serbia,IND,1.09464
2019,TM_TAX_WMPS,Serbia,AGR,4.30202
2019,TM_TAX_WMPS,Serbia,ALP,1.57021
2019,TM_TAX_WMPS,Serbia,ARM,2.28016
2019,TM_TAX_WMPS,Serbia,CLO,11.80827
2020,TM_TAX_WMPS,Serbia,IND,1.2282
2020,TM_TAX_WMPS,Serbia,TEX,3.88332
2020,TM_TAX_WMPS,Serbia,OIL,0.51829
2020,TM_TAX_WMPS,Serbia,AGR,4.07085
2020,TM_TAX_WMPS,Serbia,ALP,1.78504
2020,TM_TAX_WMPS,Serbia,CLO,12.24528
2020,TM_TAX_WMPS,Serbia,ARM,1.50664
2021,TM_TAX_WMPS,Serbia,IND,1.28852
2021,TM_TAX_WMPS,Serbia,ARM,4.06404
2021,TM_TAX_WMPS,Serbia,AGR,4.26388
2021,TM_TAX_WMPS,Serbia,TEX,2.73172
2021,TM_TAX_WMPS,Serbia,CLO,11.78921
2018,TM_TAX_WMPS,Bosnia and Herzegovina,CLO,7.02857
2018,TM_TAX_WMPS,Bosnia and Herzegovina,OIL,0.0
2018,TM_TAX_WMPS,Bosnia and Herzegovina,IND,0.93571
2019,TM_TAX_WMPS,Bosnia and Herzegovina,IND,1.03442
2019,TM_TAX_WMPS,Bosnia and Herzegovina,OIL,0.0
2019,TM_TAX_WMPS,Bosnia and Herzegovina,TEX,2.03609
2019,TM_TAX_WMPS,Bosnia and Herzegovina,CLO,6.4306
2019,TM_TAX_WMPS,Bosnia and Herzegovina,ALP,1.40469
2019,TM_TAX_WMPS,Bosnia and Herzegovina,ARM,0.60967
2019,TM_TAX_WMPS,Bosnia and Herzegovina,AGR,2.20683
2020,TM_TAX_WMPS,Bosnia and Herzegovina,ARM,1.79415
2015,TM_TAX_WMPS,Chile,ARM,0.12733
2015,TM_TAX_WMPS,Chile,CLO,0.56218
2015,TM_TAX_WMPS,Chile,OIL,0.0
2015,TM_TAX_WMPS,Chile,IND,0.42297
2015,TM_TAX_WMPS,Chile,ALP,0.40692
2016,TM_TAX_WMPS,Chile,AGR,0.36256
2016,TM_TAX_WMPS,Chile,ALP,0.40692
2016,TM_TAX_WMPS,Chile,IND,0.42297
2016,TM_TAX_WMPS,Chile,OIL,0.0
2016,TM_TAX_WMPS,Chile,CLO,0.56218
2016,TM_TAX_WMPS,Chile,ARM,0.12733
2020,TM_TAX_WMPS,Bosnia and Herzegovina,TEX,2.29146
2020,TM_TAX_WMPS,Bosnia and Herzegovina,OIL,0.0
2020,TM_TAX_WMPS,Bosnia and Herzegovina,CLO,5.97177
2020,TM_TAX_WMPS,Bosnia and Herzegovina,IND,1.07814
2020,TM_TAX_WMPS,Bosnia and Herzegovina,AGR,2.17958
2020,TM_TAX_WMPS,Bosnia and Herzegovina,ALP,1.46344
2021,TM_TAX_WMPS,Bosnia and Herzegovina,IND,1.35457
2021,TM_TAX_WMPS,Bosnia and Herzegovina,CLO,7.08155
2021,TM_TAX_WMPS,Bosnia and Herzegovina,OIL,0.0
2021,TM_TAX_WMPS,Bosnia and Herzegovina,ARM,2.05266
2021,TM_TAX_WMPS,Bosnia and Herzegovina,TEX,2.97167
2017,TM_TAX_WMPS,India,TEX,9.5163
2017,TM_TAX_WMPS,India,OIL,0.0
2018,TM_TAX_WMPS,India,OIL,0.0
2018,TM_TAX_WMPS,India,IND,5.75114
2018,TM_TAX_WMPS,India,CLO,7.62304
2018,TM_TAX_WMPS,India,TEX,9.05365
2018,TM_TAX_WMPS,India,AGR,19.60918
2018,TM_TAX_WMPS,India,ARM,9.86328
2018,TM_TAX_WMPS,India,ALP,5.53294
2019,TM_TAX_WMPS,India,ARM,9.95329
2019,TM_TAX_WMPS,India,AGR,34.38505
2021,TM_TAX_WMPS,Serbia,ALP,1.76174
2021,TM_TAX_WMPS,Serbia,OIL,0.57713
2005,TM_TAX_WMPS,Viet Nam,AGR,11.73014
2005,TM_TAX_WMPS,Viet Nam,OIL,11.66667
2005,TM_TAX_WMPS,Viet Nam,ARM,0.326
2005,TM_TAX_WMPS,Viet Nam,ALP,10.71545
2005,TM_TAX_WMPS,Viet Nam,CLO,46.11898
2005,TM_TAX_WMPS,Viet Nam,TEX,30.42743
2005,TM_TAX_WMPS,Viet Nam,IND,8.30998
2010,TM_TAX_WMPS,Viet Nam,IND,4.20369
2010,TM_TAX_WMPS,Viet Nam,TEX,9.17813
2021,TM_TAX_WMPS,Bosnia and Herzegovina,ALP,1.71746
2021,TM_TAX_WMPS,Bosnia and Herzegovina,AGR,2.26909
2005,TM_TAX_WMPS,Switzerland,TEX,0.32428
2005,TM_TAX_WMPS,Switzerland,ALP,1.6677
2005,TM_TAX_WMPS,Switzerland,CLO,0.43447
2005,TM_TAX_WMPS,Switzerland,IND,0.04871
2005,TM_TAX_WMPS,Switzerland,OIL,0.0
2005,TM_TAX_WMPS,Switzerland,ARM,0.04526
2005,TM_TAX_WMPS,Switzerland,AGR,27.66196
2010,TM_TAX_WMPS,Switzerland,CLO,0.45687
2010,TM_TAX_WMPS,Switzerland,AGR,19.31658
2016,TM_TAX_WMPS,Chile,TEX,0.77953
2017,TM_TAX_WMPS,Chile,TEX,1.02777
2017,TM_TAX_WMPS,Chile,OIL,0.0
2017,TM_TAX_WMPS,Chile,ARM,0.05928
2017,TM_TAX_WMPS,Chile,CLO,0.46842
2017,TM_TAX_WMPS,Chile,IND,0.2904
2017,TM_TAX_WMPS,Chile,ALP,0.31611
2017,TM_TAX_WMPS,Chile,AGR,0.42517
2018,TM_TAX_WMPS,Chile,ALP,0.30845
2018,TM_TAX_WMPS,Chile,IND,0.28713
2018,TM_TAX_WMPS,Chile,CLO,0.45507
2010,TM_TAX_WMPS,Switzerland,ALP,1.20983
2010,TM_TAX_WMPS,Switzerland,TEX,0.2281
2010,TM_TAX_WMPS,Switzerland,IND,0.01873
2010,TM_TAX_WMPS,Switzerland,ARM,0.02476
2010,TM_TAX_WMPS,Switzerland,OIL,0.0
2015,TM_TAX_WMPS,Switzerland,TEX,0.18908
2015,TM_TAX_WMPS,Switzerland,ALP,1.04094
2015,TM_TAX_WMPS,Switzerland,AGR,22.01004
2015,TM_TAX_WMPS,Switzerland,CLO,0.34433
2015,TM_TAX_WMPS,Switzerland,OIL,0.0
2015,TM_TAX_WMPS,Switzerland,ARM,0.05589
2010,TM_TAX_WMPS,Viet Nam,CLO,18.76008
2010,TM_TAX_WMPS,Viet Nam,ALP,4.64243
2010,TM_TAX_WMPS,Viet Nam,OIL,0.0
2010,TM_TAX_WMPS,Viet Nam,AGR,4.93518
2015,TM_TAX_WMPS,Viet Nam,OIL,0.53518
2015,TM_TAX_WMPS,Viet Nam,ALP,2.58815
2015,TM_TAX_WMPS,Viet Nam,TEX,6.5281
2015,TM_TAX_WMPS,Viet Nam,IND,2.16474
2015,TM_TAX_WMPS,Viet Nam,CLO,13.02889
2015,TM_TAX_WMPS,Viet Nam,AGR,3.25195
2016,TM_TAX_WMPS,Viet Nam,IND,2.04215
2015,TM_TAX_WMPS,Switzerland,IND,0.01793
2016,TM_TAX_WMPS,Switzerland,ALP,0.99418
2016,TM_TAX_WMPS,Switzerland,OIL,0.0
2016,TM_TAX_WMPS,Switzerland,TEX,0.17814
2016,TM_TAX_WMPS,Switzerland,ARM,0.05519
2016,TM_TAX_WMPS,Switzerland,CLO,0.26379
2016,TM_TAX_WMPS,Switzerland,IND,0.01691
2016,TM_TAX_WMPS,Switzerland,AGR,21.05563
2017,TM_TAX_WMPS,Switzerland,TEX,0.1927
2017,TM_TAX_WMPS,Switzerland,OIL,0.0
2017,TM_TAX_WMPS,Switzerland,AGR,20.83856
2018,TM_TAX_WMPS,Chile,ARM,0.05928
2018,TM_TAX_WMPS,Chile,OIL,0.0
2018,TM_TAX_WMPS,Chile,TEX,1.02505
2018,TM_TAX_WMPS,Chile,AGR,0.38096
2019,TM_TAX_WMPS,Chile,TEX,0.94223
2019,TM_TAX_WMPS,Chile,OIL,0.0
2019,TM_TAX_WMPS,Chile,ARM,0.08015
2019,TM_TAX_WMPS,Chile,CLO,0.48596
2019,TM_TAX_WMPS,Chile,IND,0.22944
2019,TM_TAX_WMPS,Chile,ALP,0.25093
2019,TM_TAX_WMPS,Chile,AGR,0.3507
2016,TM_TAX_WMPS,Viet Nam,CLO,12.15506
2016,TM_TAX_WMPS,Viet Nam,TEX,5.43114
2016,TM_TAX_WMPS,Viet Nam,ALP,2.54785
2016,TM_TAX_WMPS,Viet Nam,AGR,4.78613
2016,TM_TAX_WMPS,Viet Nam,OIL,9.06e-06
2017,TM_TAX_WMPS,Viet Nam,CLO,12.08126
2017,TM_TAX_WMPS,Viet Nam,IND,1.98106
2017,TM_TAX_WMPS,Viet Nam,AGR,4.69293
2017,TM_TAX_WMPS,Viet Nam,ALP,2.47813
2017,TM_TAX_WMPS,Viet Nam,TEX,5.27392
2017,TM_TAX_WMPS,Viet Nam,OIL,9.06e-06
2017,TM_TAX_WMPS,Switzerland,ALP,0.97004
2017,TM_TAX_WMPS,Switzerland,IND,0.01795
2017,TM_TAX_WMPS,Switzerland,ARM,0.05692
2017,TM_TAX_WMPS,Switzerland,CLO,0.27858
2018,TM_TAX_WMPS,Switzerland,TEX,0.19599
2018,TM_TAX_WMPS,Switzerland,OIL,0.0
2018,TM_TAX_WMPS,Switzerland,CLO,0.28277
2018,TM_TAX_WMPS,Switzerland,ARM,0.06037
2018,TM_TAX_WMPS,Switzerland,IND,0.01793
2018,TM_TAX_WMPS,Switzerland,ALP,0.9018
2018,TM_TAX_WMPS,Switzerland,AGR,19.33124
2018,TM_TAX_WMPS,Viet Nam,IND,1.24756
2018,TM_TAX_WMPS,Viet Nam,OIL,9.06e-06
2018,TM_TAX_WMPS,Viet Nam,CLO,11.13577
2018,TM_TAX_WMPS,Viet Nam,TEX,4.53539
2018,TM_TAX_WMPS,Viet Nam,ALP,1.82741
2018,TM_TAX_WMPS,Viet Nam,AGR,4.82546
2019,TM_TAX_WMPS,Viet Nam,AGR,5.26963
2019,TM_TAX_WMPS,Viet Nam,IND,1.07902
2019,TM_TAX_WMPS,Viet Nam,ARM,14.85458
2019,TM_TAX_WMPS,Viet Nam,ALP,1.56801
2019,TM_TAX_WMPS,Viet Nam,TEX,3.26003
2020,TM_TAX_WMPS,Chile,IND,0.21461
2020,TM_TAX_WMPS,Chile,ARM,0.06651
2020,TM_TAX_WMPS,Chile,TEX,0.70142
2020,TM_TAX_WMPS,Chile,OIL,0.0
2020,TM_TAX_WMPS,Chile,AGR,0.41783
2020,TM_TAX_WMPS,Chile,ALP,0.2502
2020,TM_TAX_WMPS,Chile,CLO,0.41516
2021,TM_TAX_WMPS,Chile,TEX,0.78661
2021,TM_TAX_WMPS,Chile,OIL,0.0891
2021,TM_TAX_WMPS,Chile,IND,0.27277
2021,TM_TAX_WMPS,Chile,ARM,0.10286
2019,TM_TAX_WMPS,Switzerland,OIL,0.0
2019,TM_TAX_WMPS,Switzerland,TEX,0.20433
2019,TM_TAX_WMPS,Switzerland,AGR,17.03961
2019,TM_TAX_WMPS,Switzerland,ALP,0.79056
2019,TM_TAX_WMPS,Switzerland,CLO,0.2711
2019,TM_TAX_WMPS,Switzerland,IND,0.0189
2019,TM_TAX_WMPS,Switzerland,ARM,0.04006
2020,TM_TAX_WMPS,Switzerland,OIL,0.0
2020,TM_TAX_WMPS,Switzerland,IND,0.01612
2020,TM_TAX_WMPS,Switzerland,CLO,0.26521
2020,TM_TAX_WMPS,Switzerland,ARM,0.04064
2019,TM_TAX_WMPS,Viet Nam,OIL,0.1255
2019,TM_TAX_WMPS,Viet Nam,CLO,6.67666
2020,TM_TAX_WMPS,Viet Nam,CLO,4.62779
2020,TM_TAX_WMPS,Viet Nam,OIL,0.41029
2020,TM_TAX_WMPS,Viet Nam,TEX,1.77778
2020,TM_TAX_WMPS,Viet Nam,ARM,4.21416
2020,TM_TAX_WMPS,Viet Nam,ALP,1.22257
2020,TM_TAX_WMPS,Viet Nam,AGR,5.31895
2020,TM_TAX_WMPS,Viet Nam,IND,0.77137
2021,TM_TAX_WMPS,Viet Nam,IND,0.55881
2021,TM_TAX_WMPS,Viet Nam,ARM,0.09449
2021,TM_TAX_WMPS,Chile,CLO,0.29911
2021,TM_TAX_WMPS,Chile,ALP,0.29383
2021,TM_TAX_WMPS,Chile,AGR,0.41409
2005,TM_TAX_WMPS,China,CLO,6.35053
2005,TM_TAX_WMPS,China,TEX,7.75215
2005,TM_TAX_WMPS,China,ALP,4.21798
2005,TM_TAX_WMPS,China,AGR,15.13252
2005,TM_TAX_WMPS,China,ARM,12.89472
2005,TM_TAX_WMPS,China,IND,3.96568
2005,TM_TAX_WMPS,China,OIL,0.0
2010,TM_TAX_WMPS,China,TEX,6.87274
2020,TM_TAX_WMPS,Switzerland,ALP,0.79487
2020,TM_TAX_WMPS,Switzerland,AGR,16.65929
2020,TM_TAX_WMPS,Switzerland,TEX,0.11641
2021,TM_TAX_WMPS,Switzerland,TEX,0.18287
2021,TM_TAX_WMPS,Switzerland,OIL,0.0
2021,TM_TAX_WMPS,Switzerland,AGR,14.72873
2021,TM_TAX_WMPS,Switzerland,ARM,0.02728
2021,TM_TAX_WMPS,Switzerland,CLO,0.31127
2021,TM_TAX_WMPS,Switzerland,IND,0.0173
2021,TM_TAX_WMPS,Switzerland,ALP,0.71701
2005,TM_TAX_WMPS,Таджикистан,OIL,5.0
2010,TM_TAX_WMPS,China,OIL,0.0
2010,TM_TAX_WMPS,China,AGR,8.08147
2010,TM_TAX_WMPS,China,IND,4.77413
2010,TM_TAX_WMPS,China,ARM,13.0
2010,TM_TAX_WMPS,China,ALP,4.42273
2010,TM_TAX_WMPS,China,CLO,12.22089
2015,TM_TAX_WMPS,China,CLO,9.99406
2015,TM_TAX_WMPS,China,ALP,5.60523
2015,TM_TAX_WMPS,China,AGR,9.19511
2015,TM_TAX_WMPS,China,IND,5.93055
2015,TM_TAX_WMPS,China,OIL,0.0
2015,TM_TAX_WMPS,China,ARM,12.7323
2015,TM_TAX_WMPS,China,TEX,5.73591
2016,TM_TAX_WMPS,China,TEX,5.64769
2016,TM_TAX_WMPS,China,ARM,12.61514
2016,TM_TAX_WMPS,China,OIL,0.0
2016,TM_TAX_WMPS,China,IND,4.04698
2016,TM_TAX_WMPS,China,ALP,4.11985
2016,TM_TAX_WMPS,China,AGR,9.44897
2016,TM_TAX_WMPS,China,CLO,9.96475
2017,TM_TAX_WMPS,China,CLO,9.06041
2017,TM_TAX_WMPS,China,AGR,8.96623
2017,TM_TAX_WMPS,China,ALP,3.90234
2017,TM_TAX_WMPS,China,IND,3.89975
2017,TM_TAX_WMPS,China,OIL,0.0
2017,TM_TAX_WMPS,China,ARM,12.39499
2017,TM_TAX_WMPS,China,TEX,5.46489
2018,TM_TAX_WMPS,China,IND,3.81384
2018,TM_TAX_WMPS,China,OIL,0.0
2018,TM_TAX_WMPS,China,ALP,3.80567
2018,TM_TAX_WMPS,China,AGR,8.6336
2018,TM_TAX_WMPS,China,TEX,5.32407
2018,TM_TAX_WMPS,China,ARM,12.32022
2018,TM_TAX_WMPS,China,CLO,8.90136
2019,TM_TAX_WMPS,China,AGR,8.41386
2019,TM_TAX_WMPS,China,ALP,2.71714
2019,TM_TAX_WMPS,China,OIL,0.0
2019,TM_TAX_WMPS,China,TEX,4.27584
2019,TM_TAX_WMPS,China,IND,2.61975
2019,TM_TAX_WMPS,China,CLO,3.42619
2019,TM_TAX_WMPS,China,ARM,11.52368
2020,TM_TAX_WMPS,China,AGR,9.32213
2020,TM_TAX_WMPS,China,ALP,2.86436
2020,TM_TAX_WMPS,China,OIL,0.0
2020,TM_TAX_WMPS,China,ARM,10.77476
2020,TM_TAX_WMPS,China,CLO,3.83794
2020,TM_TAX_WMPS,China,IND,2.48047
2020,TM_TAX_WMPS,China,TEX,4.25739
2021,TM_TAX_WMPS,China,TEX,3.96015
2021,TM_TAX_WMPS,China,ALP,2.78275
2021,TM_TAX_WMPS,China,AGR,10.47174
2021,TM_TAX_WMPS,China,IND,2.28259
2021,TM_TAX_WMPS,China,CLO,4.08991
2021,TM_TAX_WMPS,China,ARM,10.50854
2021,TM_TAX_WMPS,China,OIL,0.0
2005,TM_TAX_WMPS,Colombia,ALP,7.79159
2005,TM_TAX_WMPS,Colombia,AGR,10.13404
2005,TM_TAX_WMPS,Colombia,TEX,12.70515
2005,TM_TAX_WMPS,Colombia,ARM,17.9588
2005,TM_TAX_WMPS,Colombia,IND,7.2516
2005,TM_TAX_WMPS,Colombia,OIL,1.65166
2005,TM_TAX_WMPS,Colombia,CLO,18.2276
2010,TM_TAX_WMPS,Colombia,ARM,16.88713
2010,TM_TAX_WMPS,Colombia,TEX,13.33601
2010,TM_TAX_WMPS,Colombia,AGR,7.26664
2010,TM_TAX_WMPS,Colombia,ALP,7.86278
2010,TM_TAX_WMPS,Colombia,CLO,17.55119
2010,TM_TAX_WMPS,Colombia,OIL,8.33333
2010,TM_TAX_WMPS,Colombia,IND,7.57083
2015,TM_TAX_WMPS,Colombia,ALP,4.88611
2015,TM_TAX_WMPS,Colombia,AGR,12.82115
2015,TM_TAX_WMPS,Colombia,TEX,8.44103
2015,TM_TAX_WMPS,Colombia,OIL,4.72222
2015,TM_TAX_WMPS,Colombia,ARM,14.0947
2015,TM_TAX_WMPS,Colombia,IND,3.64418
2015,TM_TAX_WMPS,Colombia,CLO,13.96916
2016,TM_TAX_WMPS,Colombia,TEX,8.44103
2005,TM_TAX_WMPS,Таджикистан,TEX,11.09077
2005,TM_TAX_WMPS,Таджикистан,ARM,0.0
2005,TM_TAX_WMPS,Таджикистан,CLO,9.37406
2005,TM_TAX_WMPS,Таджикистан,IND,2.80901
2005,TM_TAX_WMPS,Таджикистан,AGR,4.20801
2005,TM_TAX_WMPS,Таджикистан,ALP,3.61214
2010,TM_TAX_WMPS,Таджикистан,TEX,11.42136
2010,TM_TAX_WMPS,Таджикистан,AGR,3.40516
2010,TM_TAX_WMPS,Таджикистан,ALP,5.93379
2010,TM_TAX_WMPS,Таджикистан,IND,4.62762
2010,TM_TAX_WMPS,Таджикистан,ARM,3.25862
2010,TM_TAX_WMPS,Таджикистан,CLO,9.98578
2015,TM_TAX_WMPS,Таджикистан,CLO,10.25318
2015,TM_TAX_WMPS,Таджикистан,ARM,4.24528
2015,TM_TAX_WMPS,Таджикистан,ALP,5.54928
2015,TM_TAX_WMPS,Таджикистан,AGR,1.97682
2015,TM_TAX_WMPS,Таджикистан,TEX,12.36138
2015,TM_TAX_WMPS,Таджикистан,IND,5.03791
2020,TM_TAX_WMPS,Таджикистан,OIL,0.0
2020,TM_TAX_WMPS,Таджикистан,TEX,7.89702
2020,TM_TAX_WMPS,Таджикистан,AGR,1.47924
2020,TM_TAX_WMPS,Таджикистан,ARM,0.0075
2020,TM_TAX_WMPS,Таджикистан,CLO,17.42819
2020,TM_TAX_WMPS,Таджикистан,ALP,2.33853
2020,TM_TAX_WMPS,Таджикистан,IND,2.40237
2021,TM_TAX_WMPS,Таджикистан,CLO,15.32426
2021,TM_TAX_WMPS,Таджикистан,ARM,0.15598
2021,TM_TAX_WMPS,Таджикистан,ALP,2.53343
2021,TM_TAX_WMPS,Таджикистан,AGR,1.36152
2021,TM_TAX_WMPS,Таджикистан,TEX,6.59171
2021,TM_TAX_WMPS,Таджикистан,OIL,0.0
2021,TM_TAX_WMPS,Таджикистан,IND,2.81972
2005,TM_TAX_WMPS,United Arab Emirates,IND,4.0965
2005,TM_TAX_WMPS,United Arab Emirates,CLO,4.85683
2005,TM_TAX_WMPS,United Arab Emirates,ARM,4.99706
2005,TM_TAX_WMPS,United Arab Emirates,TEX,4.8389
2005,TM_TAX_WMPS,United Arab Emirates,OIL,1.43531
2005,TM_TAX_WMPS,United Arab Emirates,AGR,13.14423
2005,TM_TAX_WMPS,United Arab Emirates,ALP,4.9044
2010,TM_TAX_WMPS,United Arab Emirates,ALP,3.81158
2010,TM_TAX_WMPS,United Arab Emirates,AGR,5.3915
2010,TM_TAX_WMPS,United Arab Emirates,OIL,0.44355
2010,TM_TAX_WMPS,United Arab Emirates,TEX,4.84934
2010,TM_TAX_WMPS,United Arab Emirates,ARM,4.95171
2019,TM_TAX_WMPS,India,IND,7.014
2019,TM_TAX_WMPS,India,CLO,11.50009
2019,TM_TAX_WMPS,India,OIL,0.0
2019,TM_TAX_WMPS,India,TEX,13.03463
2019,TM_TAX_WMPS,India,ALP,6.88769
2020,TM_TAX_WMPS,India,TEX,17.8572
2020,TM_TAX_WMPS,India,IND,6.6812
2020,TM_TAX_WMPS,India,OIL,0.00374
2020,TM_TAX_WMPS,India,CLO,11.55589
2020,TM_TAX_WMPS,India,AGR,21.74045
2020,TM_TAX_WMPS,India,ARM,9.97253
2010,TM_TAX_WMPS,United Arab Emirates,IND,3.64394
2010,TM_TAX_WMPS,United Arab Emirates,CLO,4.88896
2015,TM_TAX_WMPS,United Arab Emirates,CLO,4.86164
2015,TM_TAX_WMPS,United Arab Emirates,IND,2.75005
2015,TM_TAX_WMPS,United Arab Emirates,ARM,3.67995
2015,TM_TAX_WMPS,United Arab Emirates,TEX,4.85643
2015,TM_TAX_WMPS,United Arab Emirates,OIL,1.60622
2015,TM_TAX_WMPS,United Arab Emirates,AGR,13.0723
2015,TM_TAX_WMPS,United Arab Emirates,ALP,3.57007
2016,TM_TAX_WMPS,United Arab Emirates,ALP,3.3359
2016,TM_TAX_WMPS,United Arab Emirates,AGR,7.13331
2016,TM_TAX_WMPS,United Arab Emirates,OIL,0.18222
2016,TM_TAX_WMPS,United Arab Emirates,TEX,4.83548
2016,TM_TAX_WMPS,United Arab Emirates,ARM,4.99183
2016,TM_TAX_WMPS,United Arab Emirates,IND,2.89702
2016,TM_TAX_WMPS,United Arab Emirates,CLO,4.81236
2017,TM_TAX_WMPS,United Arab Emirates,IND,2.61603
2017,TM_TAX_WMPS,United Arab Emirates,ARM,4.9917
2017,TM_TAX_WMPS,United Arab Emirates,ALP,3.37305
2017,TM_TAX_WMPS,United Arab Emirates,TEX,4.82725
2017,TM_TAX_WMPS,United Arab Emirates,OIL,0.82048
2017,TM_TAX_WMPS,United Arab Emirates,AGR,11.18394
2017,TM_TAX_WMPS,United Arab Emirates,CLO,4.79797
2018,TM_TAX_WMPS,United Arab Emirates,AGR,17.63082
2018,TM_TAX_WMPS,United Arab Emirates,OIL,0.82048
2018,TM_TAX_WMPS,United Arab Emirates,ARM,4.9917
2018,TM_TAX_WMPS,United Arab Emirates,TEX,4.82725
2018,TM_TAX_WMPS,United Arab Emirates,IND,2.61668
2018,TM_TAX_WMPS,United Arab Emirates,CLO,4.79797
2018,TM_TAX_WMPS,United Arab Emirates,ALP,3.88445
2019,TM_TAX_WMPS,United Arab Emirates,TEX,4.84696
2019,TM_TAX_WMPS,United Arab Emirates,IND,2.68831
2019,TM_TAX_WMPS,United Arab Emirates,ARM,4.58984
2016,TM_TAX_WMPS,Colombia,AGR,12.82115
2016,TM_TAX_WMPS,Colombia,ALP,4.88611
2016,TM_TAX_WMPS,Colombia,CLO,13.96916
2016,TM_TAX_WMPS,Colombia,IND,3.64418
2016,TM_TAX_WMPS,Colombia,ARM,14.0947
2016,TM_TAX_WMPS,Colombia,OIL,4.72222
2017,TM_TAX_WMPS,Colombia,ALP,4.17205
2017,TM_TAX_WMPS,Colombia,AGR,4.78702
2017,TM_TAX_WMPS,Colombia,TEX,7.85259
2017,TM_TAX_WMPS,Colombia,OIL,2.25556
2017,TM_TAX_WMPS,Colombia,CLO,13.23492
2017,TM_TAX_WMPS,Colombia,ARM,4.79405
2017,TM_TAX_WMPS,Colombia,IND,3.7862
2018,TM_TAX_WMPS,Colombia,AGR,4.18074
2018,TM_TAX_WMPS,Colombia,ALP,2.98053
2018,TM_TAX_WMPS,Colombia,IND,2.45568
2018,TM_TAX_WMPS,Colombia,CLO,13.22815
2018,TM_TAX_WMPS,Colombia,ARM,4.47966
2018,TM_TAX_WMPS,Colombia,OIL,1.27778
2018,TM_TAX_WMPS,Colombia,TEX,7.35245
2019,TM_TAX_WMPS,Colombia,AGR,3.63892
2019,TM_TAX_WMPS,Colombia,ALP,2.78795
2019,TM_TAX_WMPS,Colombia,OIL,0.0
2019,TM_TAX_WMPS,Colombia,TEX,7.38283
2019,TM_TAX_WMPS,Colombia,ARM,3.34338
2019,TM_TAX_WMPS,Colombia,CLO,13.5496
2019,TM_TAX_WMPS,Colombia,IND,2.30971
2020,TM_TAX_WMPS,Colombia,CLO,13.1892
2020,TM_TAX_WMPS,Colombia,IND,1.90275
2020,TM_TAX_WMPS,Colombia,ARM,6.54024
2020,TM_TAX_WMPS,Colombia,ALP,2.51903
2020,TM_TAX_WMPS,Colombia,TEX,9.1796
2020,TM_TAX_WMPS,Colombia,OIL,0.0
2020,TM_TAX_WMPS,Colombia,AGR,3.26824
2021,TM_TAX_WMPS,Colombia,AGR,2.59715
2021,TM_TAX_WMPS,Colombia,TEX,7.21033
2021,TM_TAX_WMPS,Colombia,OIL,0.0
2021,TM_TAX_WMPS,Colombia,ARM,4.39733
2021,TM_TAX_WMPS,Colombia,IND,2.08841
2021,TM_TAX_WMPS,Colombia,CLO,17.14334
2021,TM_TAX_WMPS,Colombia,ALP,2.48398
2005,TM_TAX_WMPS,Costa Rica,ALP,2.88689
2005,TM_TAX_WMPS,Costa Rica,AGR,7.04538
2005,TM_TAX_WMPS,Costa Rica,CLO,13.264
2020,TM_TAX_WMPS,India,ALP,6.53951
2021,TM_TAX_WMPS,India,CLO,10.37995
2021,TM_TAX_WMPS,India,IND,6.62613
2021,TM_TAX_WMPS,India,ARM,9.9856
2021,TM_TAX_WMPS,India,TEX,15.18332
2021,TM_TAX_WMPS,India,ALP,6.02387
2021,TM_TAX_WMPS,India,AGR,16.44395
2021,TM_TAX_WMPS,India,OIL,0.00336
2005,TM_TAX_WMPS,Israel,AGR,6.37458
2005,TM_TAX_WMPS,Israel,ALP,1.26143
2005,TM_TAX_WMPS,Israel,CLO,7.7337
2005,TM_TAX_WMPS,Costa Rica,IND,2.04413
2005,TM_TAX_WMPS,Costa Rica,OIL,0.0
2005,TM_TAX_WMPS,Costa Rica,ARM,13.79623
2005,TM_TAX_WMPS,Costa Rica,TEX,6.30251
2010,TM_TAX_WMPS,Costa Rica,ALP,1.72106
2010,TM_TAX_WMPS,Costa Rica,TEX,3.65412
2010,TM_TAX_WMPS,Costa Rica,ARM,8.65843
2010,TM_TAX_WMPS,Costa Rica,OIL,0.0
2010,TM_TAX_WMPS,Costa Rica,IND,1.30446
2010,TM_TAX_WMPS,Costa Rica,CLO,8.39395
2010,TM_TAX_WMPS,Costa Rica,AGR,4.29717
2015,TM_TAX_WMPS,Costa Rica,ALP,1.58263
2015,TM_TAX_WMPS,Costa Rica,AGR,3.39506
2015,TM_TAX_WMPS,Costa Rica,CLO,7.25657
2015,TM_TAX_WMPS,Costa Rica,OIL,0.0
2015,TM_TAX_WMPS,Costa Rica,IND,1.17808
2015,TM_TAX_WMPS,Costa Rica,ARM,4.45696
2015,TM_TAX_WMPS,Costa Rica,TEX,3.11911
2016,TM_TAX_WMPS,Costa Rica,TEX,2.4701
2016,TM_TAX_WMPS,Costa Rica,ARM,3.60194
2016,TM_TAX_WMPS,Costa Rica,IND,0.95584
2016,TM_TAX_WMPS,Costa Rica,OIL,0.0
2016,TM_TAX_WMPS,Costa Rica,CLO,5.74424
2016,TM_TAX_WMPS,Costa Rica,AGR,3.03328
2016,TM_TAX_WMPS,Costa Rica,ALP,1.31141
2017,TM_TAX_WMPS,Costa Rica,ALP,1.48848
2017,TM_TAX_WMPS,Costa Rica,AGR,3.91201
2017,TM_TAX_WMPS,Costa Rica,OIL,0.0
2017,TM_TAX_WMPS,Costa Rica,IND,1.00452
2017,TM_TAX_WMPS,Costa Rica,CLO,6.37002
2017,TM_TAX_WMPS,Costa Rica,ARM,3.54306
2017,TM_TAX_WMPS,Costa Rica,TEX,3.01517
2019,TM_TAX_WMPS,Costa Rica,TEX,1.79475
2019,TM_TAX_WMPS,Costa Rica,CLO,4.97106
2019,TM_TAX_WMPS,Costa Rica,ARM,1.30383
2019,TM_TAX_WMPS,Costa Rica,IND,0.75139
2019,TM_TAX_WMPS,Costa Rica,OIL,0.0
2019,TM_TAX_WMPS,Costa Rica,AGR,3.50689
2019,TM_TAX_WMPS,Costa Rica,ALP,1.18736
2020,TM_TAX_WMPS,Costa Rica,AGR,2.44708
2020,TM_TAX_WMPS,Costa Rica,OIL,0.0
2020,TM_TAX_WMPS,Costa Rica,IND,0.65036
2020,TM_TAX_WMPS,Costa Rica,CLO,4.44039
2020,TM_TAX_WMPS,Costa Rica,ARM,1.6375
2005,TM_TAX_WMPS,Israel,TEX,2.09044
2005,TM_TAX_WMPS,Israel,IND,0.74943
2010,TM_TAX_WMPS,Israel,OIL,0.0
2010,TM_TAX_WMPS,Israel,IND,1.00105
2010,TM_TAX_WMPS,Israel,TEX,3.53451
2010,TM_TAX_WMPS,Israel,CLO,9.14103
2010,TM_TAX_WMPS,Israel,ALP,1.55487
2010,TM_TAX_WMPS,Israel,AGR,7.55298
2015,TM_TAX_WMPS,Israel,ALP,1.60433
2015,TM_TAX_WMPS,Israel,CLO,4.39141
2015,TM_TAX_WMPS,Israel,TEX,1.97328
2015,TM_TAX_WMPS,Israel,AGR,7.14422
2015,TM_TAX_WMPS,Israel,IND,0.97386
2015,TM_TAX_WMPS,Israel,OIL,0.0
2016,TM_TAX_WMPS,Israel,IND,0.97187
2016,TM_TAX_WMPS,Israel,OIL,0.0
2016,TM_TAX_WMPS,Israel,TEX,1.87396
2016,TM_TAX_WMPS,Israel,CLO,4.39141
2016,TM_TAX_WMPS,Israel,ALP,1.60969
2016,TM_TAX_WMPS,Israel,AGR,7.24256
2017,TM_TAX_WMPS,Israel,IND,1.00937
2017,TM_TAX_WMPS,Israel,OIL,0.0
2017,TM_TAX_WMPS,Israel,AGR,8.15406
2017,TM_TAX_WMPS,Israel,ALP,1.75198
2017,TM_TAX_WMPS,Israel,CLO,4.15588
2017,TM_TAX_WMPS,Israel,TEX,1.88294
2018,TM_TAX_WMPS,Israel,OIL,0.0
2018,TM_TAX_WMPS,Israel,IND,1.00937
2018,TM_TAX_WMPS,Israel,TEX,1.88294
2018,TM_TAX_WMPS,Israel,CLO,4.15588
2018,TM_TAX_WMPS,Israel,ALP,1.75198
2018,TM_TAX_WMPS,Israel,AGR,8.15406
2019,TM_TAX_WMPS,Israel,ALP,1.83048
2020,TM_TAX_WMPS,Costa Rica,TEX,1.17969
2020,TM_TAX_WMPS,Costa Rica,ALP,0.96835
2021,TM_TAX_WMPS,Costa Rica,TEX,1.21544
2021,TM_TAX_WMPS,Costa Rica,OIL,0.0
2021,TM_TAX_WMPS,Costa Rica,CLO,4.82406
2021,TM_TAX_WMPS,Costa Rica,ARM,1.00666
2021,TM_TAX_WMPS,Costa Rica,IND,0.62749
2021,TM_TAX_WMPS,Costa Rica,AGR,2.2897
2021,TM_TAX_WMPS,Costa Rica,ALP,0.93225
2005,TM_TAX_WMPS,Georgia,TEX,8.22506
2005,TM_TAX_WMPS,Georgia,CLO,10.07834
2019,TM_TAX_WMPS,United Arab Emirates,OIL,3.12395
2019,TM_TAX_WMPS,United Arab Emirates,AGR,17.66817
2019,TM_TAX_WMPS,United Arab Emirates,ALP,3.77904
2019,TM_TAX_WMPS,United Arab Emirates,CLO,4.83697
2020,TM_TAX_WMPS,United Arab Emirates,AGR,19.5035
2020,TM_TAX_WMPS,United Arab Emirates,OIL,2.29114
2020,TM_TAX_WMPS,United Arab Emirates,IND,2.38628
2020,TM_TAX_WMPS,United Arab Emirates,TEX,4.82336
2020,TM_TAX_WMPS,United Arab Emirates,ARM,4.99731
2020,TM_TAX_WMPS,United Arab Emirates,CLO,4.84736
2020,TM_TAX_WMPS,United Arab Emirates,ALP,3.73822
2019,TM_TAX_WMPS,Israel,ARM,0.0
2019,TM_TAX_WMPS,Israel,OIL,0.0
2019,TM_TAX_WMPS,Israel,TEX,2.03331
2019,TM_TAX_WMPS,Israel,CLO,4.57456
2019,TM_TAX_WMPS,Israel,AGR,9.41267
2019,TM_TAX_WMPS,Israel,IND,1.07444
2020,TM_TAX_WMPS,Israel,AGR,10.24946
2020,TM_TAX_WMPS,Israel,CLO,4.56763
2020,TM_TAX_WMPS,Israel,OIL,0.0
2020,TM_TAX_WMPS,Israel,TEX,2.53851
2020,TM_TAX_WMPS,Israel,ALP,2.25084
2021,TM_TAX_WMPS,United Arab Emirates,ARM,4.9957
2021,TM_TAX_WMPS,United Arab Emirates,OIL,0.88128
2021,TM_TAX_WMPS,United Arab Emirates,IND,2.20462
2021,TM_TAX_WMPS,United Arab Emirates,AGR,15.33526
2021,TM_TAX_WMPS,United Arab Emirates,ALP,3.13252
2021,TM_TAX_WMPS,United Arab Emirates,CLO,4.79514
2021,TM_TAX_WMPS,United Arab Emirates,TEX,4.81974
2005,TM_TAX_WMPS,Türkiye,TEX,2.71349
2005,TM_TAX_WMPS,Türkiye,OIL,0.0
2005,TM_TAX_WMPS,Türkiye,AGR,24.02855
2005,TM_TAX_WMPS,Türkiye,ALP,1.67239
2005,TM_TAX_WMPS,Türkiye,ARM,0.4981
2005,TM_TAX_WMPS,Türkiye,CLO,4.33615
2005,TM_TAX_WMPS,Türkiye,IND,0.91017
2010,TM_TAX_WMPS,Türkiye,OIL,0.0
2010,TM_TAX_WMPS,Türkiye,TEX,2.93769
2010,TM_TAX_WMPS,Türkiye,IND,0.89207
2010,TM_TAX_WMPS,Türkiye,CLO,4.51962
2010,TM_TAX_WMPS,Türkiye,ALP,2.75941
2010,TM_TAX_WMPS,Türkiye,ARM,0.50791
2010,TM_TAX_WMPS,Türkiye,AGR,31.93288
2015,TM_TAX_WMPS,Türkiye,TEX,3.19454
2020,TM_TAX_WMPS,Israel,IND,1.15349
2021,TM_TAX_WMPS,Israel,ALP,2.30352
2021,TM_TAX_WMPS,Israel,ARM,0.0
2021,TM_TAX_WMPS,Israel,TEX,2.40816
2021,TM_TAX_WMPS,Israel,OIL,0.0
2021,TM_TAX_WMPS,Israel,AGR,9.76005
2021,TM_TAX_WMPS,Israel,IND,1.30187
2021,TM_TAX_WMPS,Israel,CLO,4.47783
2005,TM_TAX_WMPS,Japan,CLO,8.94514
2005,TM_TAX_WMPS,Japan,TEX,4.32195
2005,TM_TAX_WMPS,Japan,ALP,2.72455
2005,TM_TAX_WMPS,Japan,AGR,18.14403
2005,TM_TAX_WMPS,Japan,IND,0.88841
2005,TM_TAX_WMPS,Japan,ARM,8.11425
2005,TM_TAX_WMPS,Japan,OIL,0.38568
2010,TM_TAX_WMPS,Japan,TEX,3.64472
2010,TM_TAX_WMPS,Japan,OIL,0.0
2010,TM_TAX_WMPS,Japan,ARM,8.21014
2010,TM_TAX_WMPS,Japan,CLO,8.6565
2010,TM_TAX_WMPS,Japan,IND,0.64763
2010,TM_TAX_WMPS,Japan,AGR,13.53235
2010,TM_TAX_WMPS,Japan,ALP,1.92662
2015,TM_TAX_WMPS,Japan,ALP,1.71049
2015,TM_TAX_WMPS,Japan,AGR,10.45955
2015,TM_TAX_WMPS,Japan,CLO,6.96535
2015,TM_TAX_WMPS,Japan,ARM,7.73994
2015,TM_TAX_WMPS,Japan,IND,0.59839
2015,TM_TAX_WMPS,Japan,OIL,0.0
2015,TM_TAX_WMPS,Japan,TEX,3.29869
2016,TM_TAX_WMPS,Japan,TEX,3.29869
2016,TM_TAX_WMPS,Japan,OIL,0.0
2016,TM_TAX_WMPS,Japan,ARM,7.73994
2016,TM_TAX_WMPS,Japan,IND,0.59839
2016,TM_TAX_WMPS,Japan,CLO,6.96535
2016,TM_TAX_WMPS,Japan,AGR,10.45955
2016,TM_TAX_WMPS,Japan,ALP,1.71049
2017,TM_TAX_WMPS,Japan,ALP,1.88562
2017,TM_TAX_WMPS,Japan,AGR,13.99489
2017,TM_TAX_WMPS,Japan,TEX,3.10944
2017,TM_TAX_WMPS,Japan,CLO,6.28243
2017,TM_TAX_WMPS,Japan,IND,0.46293
2017,TM_TAX_WMPS,Japan,ARM,7.47385
2017,TM_TAX_WMPS,Japan,OIL,0.0
2018,TM_TAX_WMPS,Japan,CLO,5.64863
2005,TM_TAX_WMPS,Georgia,IND,3.46173
2005,TM_TAX_WMPS,Georgia,OIL,0.0
2005,TM_TAX_WMPS,Georgia,AGR,8.03127
2005,TM_TAX_WMPS,Georgia,ALP,4.23957
2005,TM_TAX_WMPS,Georgia,ARM,3.8069
2010,TM_TAX_WMPS,Georgia,ARM,0.0
2010,TM_TAX_WMPS,Georgia,IND,0.03229
2010,TM_TAX_WMPS,Georgia,OIL,0.0
2010,TM_TAX_WMPS,Georgia,CLO,0.0
2010,TM_TAX_WMPS,Georgia,TEX,0.0
2010,TM_TAX_WMPS,Georgia,ALP,0.49116
2010,TM_TAX_WMPS,Georgia,AGR,2.53153
2015,TM_TAX_WMPS,Georgia,IND,0.13717
2015,TM_TAX_WMPS,Georgia,ARM,0.0
2015,TM_TAX_WMPS,Georgia,ALP,0.32125
2015,TM_TAX_WMPS,Georgia,AGR,1.37473
2015,TM_TAX_WMPS,Georgia,CLO,0.0
2015,TM_TAX_WMPS,Georgia,TEX,0.06495
2015,TM_TAX_WMPS,Georgia,OIL,0.0
2016,TM_TAX_WMPS,Georgia,ARM,0.0
2016,TM_TAX_WMPS,Georgia,IND,0.13717
2016,TM_TAX_WMPS,Georgia,OIL,0.0
2018,TM_TAX_WMPS,Japan,ALP,1.84697
2018,TM_TAX_WMPS,Japan,IND,0.463
2018,TM_TAX_WMPS,Japan,TEX,3.01226
2018,TM_TAX_WMPS,Japan,AGR,14.20957
2018,TM_TAX_WMPS,Japan,OIL,0.0
2018,TM_TAX_WMPS,Japan,ARM,7.47385
2019,TM_TAX_WMPS,Japan,AGR,10.99477
2019,TM_TAX_WMPS,Japan,IND,0.455
2019,TM_TAX_WMPS,Japan,ALP,1.57788
2019,TM_TAX_WMPS,Japan,CLO,5.3205
2019,TM_TAX_WMPS,Japan,ARM,6.49935
2019,TM_TAX_WMPS,Japan,OIL,0.0
2019,TM_TAX_WMPS,Japan,TEX,3.88957
2020,TM_TAX_WMPS,Japan,ALP,1.6523
2020,TM_TAX_WMPS,Japan,IND,0.43212
2020,TM_TAX_WMPS,Japan,AGR,10.54171
2020,TM_TAX_WMPS,Japan,OIL,0.0
2020,TM_TAX_WMPS,Japan,ARM,5.4586
2020,TM_TAX_WMPS,Japan,TEX,4.00613
2020,TM_TAX_WMPS,Japan,CLO,5.17596
2021,TM_TAX_WMPS,Japan,OIL,0.0
2021,TM_TAX_WMPS,Japan,AGR,10.12513
2016,TM_TAX_WMPS,Georgia,TEX,0.06495
2016,TM_TAX_WMPS,Georgia,CLO,0.0
2016,TM_TAX_WMPS,Georgia,ALP,0.32125
2016,TM_TAX_WMPS,Georgia,AGR,1.37473
2017,TM_TAX_WMPS,Georgia,ALP,0.23375
2017,TM_TAX_WMPS,Georgia,AGR,1.01686
2017,TM_TAX_WMPS,Georgia,TEX,0.08676
2017,TM_TAX_WMPS,Georgia,IND,0.11455
2017,TM_TAX_WMPS,Georgia,ARM,0.0
2017,TM_TAX_WMPS,Georgia,CLO,0.0
2017,TM_TAX_WMPS,Georgia,OIL,0.0
2015,TM_TAX_WMPS,Türkiye,AGR,33.02922
2015,TM_TAX_WMPS,Türkiye,CLO,7.59862
2015,TM_TAX_WMPS,Türkiye,ARM,0.92745
2015,TM_TAX_WMPS,Türkiye,ALP,3.63583
2015,TM_TAX_WMPS,Türkiye,IND,1.35206
2016,TM_TAX_WMPS,Türkiye,IND,1.29756
2016,TM_TAX_WMPS,Türkiye,ARM,0.92745
2016,TM_TAX_WMPS,Türkiye,ALP,3.5269
2016,TM_TAX_WMPS,Türkiye,AGR,32.85155
2016,TM_TAX_WMPS,Türkiye,CLO,4.5499
2016,TM_TAX_WMPS,Türkiye,TEX,3.08637
2017,TM_TAX_WMPS,Türkiye,ALP,3.04892
2017,TM_TAX_WMPS,Türkiye,ARM,0.47522
2017,TM_TAX_WMPS,Türkiye,CLO,4.24031
2017,TM_TAX_WMPS,Türkiye,IND,1.01209
2017,TM_TAX_WMPS,Türkiye,TEX,2.78903
2017,TM_TAX_WMPS,Türkiye,AGR,30.33962
2018,TM_TAX_WMPS,Türkiye,IND,1.09981
2018,TM_TAX_WMPS,Türkiye,CLO,4.2191
2018,TM_TAX_WMPS,Türkiye,ARM,0.41751
2018,TM_TAX_WMPS,Türkiye,ALP,2.33242
2018,TM_TAX_WMPS,Türkiye,AGR,16.68528
2018,TM_TAX_WMPS,Georgia,ARM,0.0
2018,TM_TAX_WMPS,Georgia,CLO,0.0
2018,TM_TAX_WMPS,Georgia,IND,0.11455
2018,TM_TAX_WMPS,Georgia,OIL,0.0
2018,TM_TAX_WMPS,Georgia,TEX,0.08676
2018,TM_TAX_WMPS,Georgia,ALP,0.23375
2018,TM_TAX_WMPS,Georgia,AGR,1.01686
2019,TM_TAX_WMPS,Georgia,AGR,1.07323
2019,TM_TAX_WMPS,Georgia,ALP,0.28174
2019,TM_TAX_WMPS,Georgia,OIL,0.0
2019,TM_TAX_WMPS,Georgia,TEX,0.09605
2019,TM_TAX_WMPS,Georgia,IND,0.15033
2019,TM_TAX_WMPS,Georgia,ARM,0.0
2019,TM_TAX_WMPS,Georgia,CLO,0.0
2020,TM_TAX_WMPS,Georgia,CLO,0.0
2020,TM_TAX_WMPS,Georgia,TEX,0.06106
2020,TM_TAX_WMPS,Georgia,OIL,0.0
2020,TM_TAX_WMPS,Georgia,ALP,0.28546
2020,TM_TAX_WMPS,Georgia,AGR,1.00234
2020,TM_TAX_WMPS,Georgia,IND,0.14348
2020,TM_TAX_WMPS,Georgia,ARM,0.0
2021,TM_TAX_WMPS,Georgia,AGR,1.65091
2021,TM_TAX_WMPS,Japan,ALP,1.44571
2021,TM_TAX_WMPS,Japan,CLO,5.42708
2021,TM_TAX_WMPS,Japan,ARM,3.49932
2021,TM_TAX_WMPS,Japan,IND,0.41098
2021,TM_TAX_WMPS,Japan,TEX,3.86591
2005,TM_TAX_WMPS,Казахстан,AGR,9.01499
2005,TM_TAX_WMPS,Казахстан,TEX,5.82248
2005,TM_TAX_WMPS,Казахстан,IND,2.81592
2005,TM_TAX_WMPS,Казахстан,OIL,0.0
2005,TM_TAX_WMPS,Казахстан,CLO,4.66129
2005,TM_TAX_WMPS,Казахстан,ALP,3.18769
2010,TM_TAX_WMPS,Казахстан,ALP,5.43637
2010,TM_TAX_WMPS,Казахстан,CLO,11.06683
2010,TM_TAX_WMPS,Казахстан,IND,5.43522
2010,TM_TAX_WMPS,Казахстан,OIL,0.0
2010,TM_TAX_WMPS,Казахстан,TEX,9.09023
2010,TM_TAX_WMPS,Казахстан,AGR,7.89123
2015,TM_TAX_WMPS,Казахстан,TEX,8.88805
2015,TM_TAX_WMPS,Казахстан,IND,5.08222
2015,TM_TAX_WMPS,Казахстан,OIL,1.25
2015,TM_TAX_WMPS,Казахстан,CLO,9.00955
2015,TM_TAX_WMPS,Казахстан,ALP,5.53593
2015,TM_TAX_WMPS,Казахстан,AGR,8.08303
2016,TM_TAX_WMPS,Казахстан,ALP,2.85855
2016,TM_TAX_WMPS,Казахстан,AGR,4.33764
2016,TM_TAX_WMPS,Казахстан,OIL,0.00029
2016,TM_TAX_WMPS,Казахстан,IND,2.53143
2016,TM_TAX_WMPS,Казахстан,TEX,5.21931
2016,TM_TAX_WMPS,Казахстан,CLO,7.04974
2017,TM_TAX_WMPS,Казахстан,AGR,3.73137
2017,TM_TAX_WMPS,Казахстан,ALP,2.73149
2017,TM_TAX_WMPS,Казахстан,TEX,4.52719
2017,TM_TAX_WMPS,Казахстан,IND,2.49731
2017,TM_TAX_WMPS,Казахстан,OIL,0.0
2017,TM_TAX_WMPS,Казахстан,CLO,6.20533
2018,TM_TAX_WMPS,Казахстан,AGR,3.82866
2018,TM_TAX_WMPS,Казахстан,CLO,5.96073
2018,TM_TAX_WMPS,Казахстан,OIL,0.0
2018,TM_TAX_WMPS,Казахстан,IND,2.44464
2018,TM_TAX_WMPS,Казахстан,TEX,4.52265
2018,TM_TAX_WMPS,Казахстан,ALP,2.69465
2019,TM_TAX_WMPS,Казахстан,TEX,5.28211
2019,TM_TAX_WMPS,Казахстан,ARM,15.01232
2019,TM_TAX_WMPS,Казахстан,IND,2.16988
2019,TM_TAX_WMPS,Казахстан,OIL,0.0
2019,TM_TAX_WMPS,Казахстан,ALP,2.58615
2019,TM_TAX_WMPS,Казахстан,CLO,5.76105
2019,TM_TAX_WMPS,Казахстан,AGR,3.80332
2020,TM_TAX_WMPS,Казахстан,AGR,3.16619
2020,TM_TAX_WMPS,Казахстан,CLO,5.67507
2020,TM_TAX_WMPS,Казахстан,ALP,2.41902
2020,TM_TAX_WMPS,Казахстан,OIL,0.0
2020,TM_TAX_WMPS,Казахстан,IND,2.19676
2020,TM_TAX_WMPS,Казахстан,TEX,5.01086
2021,TM_TAX_WMPS,Казахстан,TEX,4.96304
2021,TM_TAX_WMPS,Казахстан,OIL,0.0
2021,TM_TAX_WMPS,Казахстан,IND,1.63188
2021,TM_TAX_WMPS,Казахстан,ALP,1.94434
2021,TM_TAX_WMPS,Казахстан,CLO,7.17347
2021,TM_TAX_WMPS,Казахстан,AGR,2.70225
2005,TM_TAX_WMPS,Republic of Korea,OIL,5.0
2005,TM_TAX_WMPS,Republic of Korea,TEX,8.45042
2005,TM_TAX_WMPS,Republic of Korea,CLO,11.69179
2005,TM_TAX_WMPS,Republic of Korea,IND,3.99075
2005,TM_TAX_WMPS,Republic of Korea,ARM,0.09439
2005,TM_TAX_WMPS,Republic of Korea,ALP,7.8579
2005,TM_TAX_WMPS,Republic of Korea,AGR,85.91933
2010,TM_TAX_WMPS,Republic of Korea,ALP,6.87715
2010,TM_TAX_WMPS,Republic of Korea,ARM,0.08725
2010,TM_TAX_WMPS,Republic of Korea,CLO,10.17185
2010,TM_TAX_WMPS,Republic of Korea,IND,3.42306
2010,TM_TAX_WMPS,Republic of Korea,TEX,7.02471
2010,TM_TAX_WMPS,Republic of Korea,OIL,2.99424
2010,TM_TAX_WMPS,Republic of Korea,AGR,81.34739
2015,TM_TAX_WMPS,Republic of Korea,OIL,2.82909
2015,TM_TAX_WMPS,Republic of Korea,TEX,4.66126
2015,TM_TAX_WMPS,Republic of Korea,IND,2.07274
2015,TM_TAX_WMPS,Republic of Korea,CLO,5.29861
2015,TM_TAX_WMPS,Republic of Korea,ARM,0.00762
2015,TM_TAX_WMPS,Republic of Korea,ALP,6.0671
2015,TM_TAX_WMPS,Republic of Korea,AGR,68.04111
2016,TM_TAX_WMPS,Republic of Korea,ALP,5.97018
2016,TM_TAX_WMPS,Republic of Korea,CLO,5.30012
2016,TM_TAX_WMPS,Republic of Korea,IND,2.05737
2016,TM_TAX_WMPS,Republic of Korea,TEX,4.6642
2016,TM_TAX_WMPS,Republic of Korea,OIL,2.82924
2016,TM_TAX_WMPS,Republic of Korea,AGR,66.53446
2016,TM_TAX_WMPS,Republic of Korea,ARM,0.00763
2017,TM_TAX_WMPS,Republic of Korea,OIL,2.77755
2017,TM_TAX_WMPS,Republic of Korea,IND,1.93932
2017,TM_TAX_WMPS,Republic of Korea,CLO,3.73657
2017,TM_TAX_WMPS,Republic of Korea,TEX,3.50569
2017,TM_TAX_WMPS,Republic of Korea,ALP,4.89648
2017,TM_TAX_WMPS,Republic of Korea,ARM,0.00424
2017,TM_TAX_WMPS,Republic of Korea,AGR,52.19101
2018,TM_TAX_WMPS,Republic of Korea,IND,1.85731
2018,TM_TAX_WMPS,Republic of Korea,CLO,3.45377
2018,TM_TAX_WMPS,Republic of Korea,TEX,3.25804
2018,TM_TAX_WMPS,Republic of Korea,OIL,2.77113
2018,TM_TAX_WMPS,Republic of Korea,AGR,49.71297
2018,TM_TAX_WMPS,Republic of Korea,ARM,0.00424
2018,TM_TAX_WMPS,Republic of Korea,ALP,4.68478
2019,TM_TAX_WMPS,Republic of Korea,IND,1.6338
2019,TM_TAX_WMPS,Republic of Korea,OIL,2.54906
2019,TM_TAX_WMPS,Republic of Korea,CLO,3.16647
2019,TM_TAX_WMPS,Republic of Korea,TEX,3.14208
2019,TM_TAX_WMPS,Republic of Korea,ALP,5.22943
2019,TM_TAX_WMPS,Republic of Korea,ARM,4.78165
2019,TM_TAX_WMPS,Republic of Korea,AGR,61.11435
2020,TM_TAX_WMPS,Republic of Korea,CLO,2.5463
2020,TM_TAX_WMPS,Republic of Korea,OIL,2.5191
2020,TM_TAX_WMPS,Republic of Korea,IND,1.43213
2020,TM_TAX_WMPS,Republic of Korea,ALP,4.84691
2020,TM_TAX_WMPS,Republic of Korea,AGR,52.79975
2020,TM_TAX_WMPS,Republic of Korea,TEX,2.86394
2020,TM_TAX_WMPS,Republic of Korea,ARM,0.00071
2021,TM_TAX_WMPS,Republic of Korea,OIL,2.41912
2021,TM_TAX_WMPS,Republic of Korea,IND,1.04933
2021,TM_TAX_WMPS,Republic of Korea,CLO,2.55136
2021,TM_TAX_WMPS,Republic of Korea,TEX,2.48171
2021,TM_TAX_WMPS,Republic of Korea,ARM,0.00184
2021,TM_TAX_WMPS,Republic of Korea,AGR,66.62388
2021,TM_TAX_WMPS,Republic of Korea,ALP,5.11568
2005,TM_TAX_WMPS,Кыргызстан,ALP,1.24125
2005,TM_TAX_WMPS,Кыргызстан,CLO,11.37874
2005,TM_TAX_WMPS,Кыргызстан,OIL,0.0
2005,TM_TAX_WMPS,Кыргызстан,IND,0.62805
2005,TM_TAX_WMPS,Кыргызстан,TEX,6.21972
2005,TM_TAX_WMPS,Кыргызстан,AGR,3.03373
2010,TM_TAX_WMPS,Кыргызстан,CLO,11.17584
2010,TM_TAX_WMPS,Кыргызстан,ALP,2.41292
2010,TM_TAX_WMPS,Кыргызстан,AGR,2.55837
2010,TM_TAX_WMPS,Кыргызстан,TEX,7.74819
2010,TM_TAX_WMPS,Кыргызстан,IND,1.76036
2010,TM_TAX_WMPS,Кыргызстан,OIL,0.0
2015,TM_TAX_WMPS,Кыргызстан,IND,3.6845
2015,TM_TAX_WMPS,Кыргызстан,TEX,9.75127
2015,TM_TAX_WMPS,Кыргызстан,AGR,10.43896
2015,TM_TAX_WMPS,Кыргызстан,CLO,39.64061
2015,TM_TAX_WMPS,Кыргызстан,ALP,6.29846
2016,TM_TAX_WMPS,Кыргызстан,ARM,0.07424
2016,TM_TAX_WMPS,Кыргызстан,AGR,7.60619
2016,TM_TAX_WMPS,Кыргызстан,TEX,8.05403
2016,TM_TAX_WMPS,Кыргызстан,IND,2.48804
2016,TM_TAX_WMPS,Кыргызстан,OIL,0.0
2016,TM_TAX_WMPS,Кыргызстан,ALP,3.73603
2016,TM_TAX_WMPS,Кыргызстан,CLO,8.67142
2017,TM_TAX_WMPS,Кыргызстан,OIL,0.0
2017,TM_TAX_WMPS,Кыргызстан,IND,2.32745
2017,TM_TAX_WMPS,Кыргызстан,TEX,6.72043
2017,TM_TAX_WMPS,Кыргызстан,AGR,1.1266
2017,TM_TAX_WMPS,Кыргызстан,CLO,8.9181
2017,TM_TAX_WMPS,Кыргызстан,ALP,2.99086
2018,TM_TAX_WMPS,Кыргызстан,IND,2.1417
2018,TM_TAX_WMPS,Кыргызстан,TEX,6.8139
2018,TM_TAX_WMPS,Кыргызстан,ALP,3.39435
2018,TM_TAX_WMPS,Кыргызстан,CLO,17.61353
2018,TM_TAX_WMPS,Кыргызстан,AGR,1.31474
2018,TM_TAX_WMPS,Кыргызстан,OIL,0.0
2019,TM_TAX_WMPS,Кыргызстан,OIL,0.0
2019,TM_TAX_WMPS,Кыргызстан,TEX,6.70843
2019,TM_TAX_WMPS,Кыргызстан,IND,1.89954
2019,TM_TAX_WMPS,Кыргызстан,AGR,2.91816
2019,TM_TAX_WMPS,Кыргызстан,CLO,15.20046
2019,TM_TAX_WMPS,Кыргызстан,ALP,2.97072
2020,TM_TAX_WMPS,Кыргызстан,ALP,2.30477
2020,TM_TAX_WMPS,Кыргызстан,CLO,12.89011
2020,TM_TAX_WMPS,Кыргызстан,AGR,1.66865
2020,TM_TAX_WMPS,Кыргызстан,IND,1.88388
2020,TM_TAX_WMPS,Кыргызстан,OIL,0.0
2020,TM_TAX_WMPS,Кыргызстан,TEX,5.47621
2021,TM_TAX_WMPS,Кыргызстан,CLO,13.40228
2021,TM_TAX_WMPS,Кыргызстан,OIL,0.0
2021,TM_TAX_WMPS,Кыргызстан,IND,1.82257
2021,TM_TAX_WMPS,Кыргызстан,AGR,1.83152
2021,TM_TAX_WMPS,Кыргызстан,ALP,2.75814
2021,TM_TAX_WMPS,Кыргызстан,TEX,4.53197
2005,TM_TAX_WMPS,Mexico,TEX,4.06738
2005,TM_TAX_WMPS,Mexico,CLO,12.915
2005,TM_TAX_WMPS,Mexico,IND,2.46305
2005,TM_TAX_WMPS,Mexico,ARM,0.90981
2005,TM_TAX_WMPS,Mexico,AGR,3.63705
2005,TM_TAX_WMPS,Mexico,ALP,2.70283
2010,TM_TAX_WMPS,Mexico,IND,3.03691
2010,TM_TAX_WMPS,Mexico,TEX,6.25089
2010,TM_TAX_WMPS,Mexico,ALP,3.31313
2010,TM_TAX_WMPS,Mexico,CLO,24.05032
2010,TM_TAX_WMPS,Mexico,AGR,3.53329
2010,TM_TAX_WMPS,Mexico,ARM,0.25101
2015,TM_TAX_WMPS,Mexico,CLO,16.75801
2015,TM_TAX_WMPS,Mexico,ARM,0.78282
2015,TM_TAX_WMPS,Mexico,ALP,1.13819
2015,TM_TAX_WMPS,Mexico,AGR,1.67207
2015,TM_TAX_WMPS,Mexico,OIL,0.0
2015,TM_TAX_WMPS,Mexico,TEX,3.71835
2015,TM_TAX_WMPS,Mexico,IND,0.87505
2016,TM_TAX_WMPS,Mexico,CLO,17.64282
2016,TM_TAX_WMPS,Mexico,IND,0.80032
2016,TM_TAX_WMPS,Mexico,TEX,3.69828
2016,TM_TAX_WMPS,Mexico,OIL,0.0
2016,TM_TAX_WMPS,Mexico,AGR,1.56604
2016,TM_TAX_WMPS,Mexico,ARM,0.97377
2016,TM_TAX_WMPS,Mexico,ALP,1.07143
2017,TM_TAX_WMPS,Mexico,ALP,1.12043
2017,TM_TAX_WMPS,Mexico,ARM,1.00302
2017,TM_TAX_WMPS,Mexico,AGR,1.47621
2017,TM_TAX_WMPS,Mexico,OIL,0.0
2017,TM_TAX_WMPS,Mexico,TEX,4.06231
2017,TM_TAX_WMPS,Mexico,IND,0.86073
2017,TM_TAX_WMPS,Mexico,CLO,18.94097
2018,TM_TAX_WMPS,Mexico,IND,0.88638
2018,TM_TAX_WMPS,Mexico,TEX,4.01098
2018,TM_TAX_WMPS,Mexico,OIL,0.0
2018,TM_TAX_WMPS,Mexico,AGR,1.53557
2018,TM_TAX_WMPS,Mexico,ARM,1.00302
2018,TM_TAX_WMPS,Mexico,ALP,1.09024
2018,TM_TAX_WMPS,Mexico,CLO,18.21992
2019,TM_TAX_WMPS,Mexico,ALP,1.38078
2019,TM_TAX_WMPS,Mexico,ARM,0.75271
2019,TM_TAX_WMPS,Mexico,AGR,0.99331
2019,TM_TAX_WMPS,Mexico,OIL,0.0
2019,TM_TAX_WMPS,Mexico,TEX,4.51234
2019,TM_TAX_WMPS,Mexico,CLO,20.76511
2019,TM_TAX_WMPS,Mexico,IND,1.13467
2020,TM_TAX_WMPS,Mexico,AGR,0.83509
2020,TM_TAX_WMPS,Mexico,ARM,0.08332
2020,TM_TAX_WMPS,Mexico,ALP,1.23612
2020,TM_TAX_WMPS,Mexico,IND,0.99842
2020,TM_TAX_WMPS,Mexico,CLO,20.45237
2020,TM_TAX_WMPS,Mexico,TEX,4.75702
2021,TM_TAX_WMPS,Mexico,ALP,1.32215
2021,TM_TAX_WMPS,Mexico,TEX,4.95943
2021,TM_TAX_WMPS,Mexico,ARM,1.48649
2021,TM_TAX_WMPS,Mexico,AGR,0.63067
2021,TM_TAX_WMPS,Mexico,CLO,20.76348
2021,TM_TAX_WMPS,Mexico,IND,1.0911
2005,TM_TAX_WMPS,Republic of Moldova,IND,0.97525
2005,TM_TAX_WMPS,Republic of Moldova,CLO,11.80811
2005,TM_TAX_WMPS,Republic of Moldova,AGR,6.87134
2005,TM_TAX_WMPS,Republic of Moldova,ALP,2.13149
2005,TM_TAX_WMPS,Republic of Moldova,OIL,0.0
2005,TM_TAX_WMPS,Republic of Moldova,TEX,3.6231
2010,TM_TAX_WMPS,Republic of Moldova,TEX,4.12765
2010,TM_TAX_WMPS,Republic of Moldova,AGR,5.50219
2010,TM_TAX_WMPS,Republic of Moldova,ALP,2.36615
2010,TM_TAX_WMPS,Republic of Moldova,CLO,11.24002
2010,TM_TAX_WMPS,Republic of Moldova,IND,1.49039
2015,TM_TAX_WMPS,Republic of Moldova,CLO,9.66765
2015,TM_TAX_WMPS,Republic of Moldova,ALP,3.44166
2015,TM_TAX_WMPS,Republic of Moldova,AGR,6.5546
2015,TM_TAX_WMPS,Republic of Moldova,IND,2.60625
2015,TM_TAX_WMPS,Republic of Moldova,OIL,0.0
2015,TM_TAX_WMPS,Republic of Moldova,TEX,4.78267
2016,TM_TAX_WMPS,Republic of Moldova,AGR,6.9202
2016,TM_TAX_WMPS,Republic of Moldova,CLO,9.48969
2016,TM_TAX_WMPS,Republic of Moldova,ALP,3.45724
2016,TM_TAX_WMPS,Republic of Moldova,OIL,0.0
2016,TM_TAX_WMPS,Republic of Moldova,IND,2.56389
2016,TM_TAX_WMPS,Republic of Moldova,TEX,4.7376
2017,TM_TAX_WMPS,Republic of Moldova,CLO,10.01502
2017,TM_TAX_WMPS,Republic of Moldova,ALP,3.65952
2017,TM_TAX_WMPS,Republic of Moldova,AGR,7.26261
2017,TM_TAX_WMPS,Republic of Moldova,TEX,4.8455
2017,TM_TAX_WMPS,Republic of Moldova,IND,2.69642
2017,TM_TAX_WMPS,Republic of Moldova,OIL,0.0
2018,TM_TAX_WMPS,Republic of Moldova,OIL,0.0
2018,TM_TAX_WMPS,Republic of Moldova,IND,2.69642
2018,TM_TAX_WMPS,Republic of Moldova,TEX,4.8455
2018,TM_TAX_WMPS,Republic of Moldova,AGR,7.26261
2018,TM_TAX_WMPS,Republic of Moldova,ALP,3.65952
2018,TM_TAX_WMPS,Republic of Moldova,CLO,10.01502
2019,TM_TAX_WMPS,Republic of Moldova,CLO,10.72456
2019,TM_TAX_WMPS,Republic of Moldova,ALP,3.54188
2019,TM_TAX_WMPS,Republic of Moldova,AGR,7.03479
2019,TM_TAX_WMPS,Republic of Moldova,TEX,4.73388
2019,TM_TAX_WMPS,Republic of Moldova,IND,2.64623
2020,TM_TAX_WMPS,Republic of Moldova,IND,0.79806
2020,TM_TAX_WMPS,Republic of Moldova,TEX,1.72362
2020,TM_TAX_WMPS,Republic of Moldova,AGR,2.46822
2020,TM_TAX_WMPS,Republic of Moldova,ALP,1.1639
2020,TM_TAX_WMPS,Republic of Moldova,CLO,3.69831
2021,TM_TAX_WMPS,Republic of Moldova,OIL,0.0
2021,TM_TAX_WMPS,Republic of Moldova,ALP,1.11851
2021,TM_TAX_WMPS,Republic of Moldova,AGR,2.63496
2021,TM_TAX_WMPS,Republic of Moldova,CLO,3.20269
2021,TM_TAX_WMPS,Republic of Moldova,TEX,2.08818
2021,TM_TAX_WMPS,Republic of Moldova,IND,0.75324
2010,TM_TAX_WMPS,Montenegro,TEX,2.89421
2010,TM_TAX_WMPS,Montenegro,IND,0.83331
2010,TM_TAX_WMPS,Montenegro,OIL,0.0
2010,TM_TAX_WMPS,Montenegro,ALP,1.42742
2010,TM_TAX_WMPS,Montenegro,AGR,2.78495
2010,TM_TAX_WMPS,Montenegro,CLO,4.61007
2010,TM_TAX_WMPS,Montenegro,ARM,0.04543
2015,TM_TAX_WMPS,Montenegro,TEX,2.55813
2015,TM_TAX_WMPS,Montenegro,CLO,5.09965
2015,TM_TAX_WMPS,Montenegro,ARM,2.62244
2015,TM_TAX_WMPS,Montenegro,AGR,2.44922
2015,TM_TAX_WMPS,Montenegro,IND,0.52228
2015,TM_TAX_WMPS,Montenegro,ALP,1.16772
2016,TM_TAX_WMPS,Montenegro,TEX,2.54854
2016,TM_TAX_WMPS,Montenegro,OIL,0.0
2016,TM_TAX_WMPS,Montenegro,IND,0.51862
2016,TM_TAX_WMPS,Montenegro,ALP,1.1205
2016,TM_TAX_WMPS,Montenegro,CLO,5.09645
2016,TM_TAX_WMPS,Montenegro,AGR,2.26949
2016,TM_TAX_WMPS,Montenegro,ARM,2.25096
2017,TM_TAX_WMPS,Montenegro,ARM,1.66283
2017,TM_TAX_WMPS,Montenegro,AGR,1.93569
2017,TM_TAX_WMPS,Montenegro,ALP,0.95025
2017,TM_TAX_WMPS,Montenegro,IND,0.43997
2017,TM_TAX_WMPS,Montenegro,CLO,5.21863
2017,TM_TAX_WMPS,Montenegro,TEX,2.6739
2018,TM_TAX_WMPS,Montenegro,CLO,3.93187
2018,TM_TAX_WMPS,Montenegro,IND,0.42659
2018,TM_TAX_WMPS,Montenegro,ALP,0.90847
2018,TM_TAX_WMPS,Montenegro,AGR,1.97715
2018,TM_TAX_WMPS,Montenegro,ARM,1.66283
2018,TM_TAX_WMPS,Montenegro,TEX,2.65725
2019,TM_TAX_WMPS,Montenegro,ARM,0.6428
2019,TM_TAX_WMPS,Montenegro,AGR,2.05087
2019,TM_TAX_WMPS,Montenegro,IND,0.40201
2019,TM_TAX_WMPS,Montenegro,ALP,0.89424
2019,TM_TAX_WMPS,Montenegro,CLO,4.2793
2019,TM_TAX_WMPS,Montenegro,TEX,3.17366
2019,TM_TAX_WMPS,Montenegro,OIL,0.0
2020,TM_TAX_WMPS,Montenegro,IND,0.45869
2020,TM_TAX_WMPS,Montenegro,AGR,2.08576
2020,TM_TAX_WMPS,Montenegro,ARM,5.1741
2020,TM_TAX_WMPS,Montenegro,TEX,3.71257
2018,TM_TAX_WMPS,Türkiye,TEX,2.74481
2019,TM_TAX_WMPS,Türkiye,TEX,2.58634
2019,TM_TAX_WMPS,Türkiye,AGR,19.20589
2019,TM_TAX_WMPS,Türkiye,ALP,2.55496
2019,TM_TAX_WMPS,Türkiye,CLO,4.0515
2019,TM_TAX_WMPS,Türkiye,ARM,1.04445
2019,TM_TAX_WMPS,Türkiye,IND,1.01403
2020,TM_TAX_WMPS,Türkiye,ARM,1.53783
2020,TM_TAX_WMPS,Türkiye,CLO,3.70927
2020,TM_TAX_WMPS,Türkiye,IND,1.04479
2020,TM_TAX_WMPS,Türkiye,ALP,2.79328
2020,TM_TAX_WMPS,Türkiye,AGR,21.90017
2020,TM_TAX_WMPS,Türkiye,TEX,2.37593
2021,TM_TAX_WMPS,Türkiye,TEX,2.5891
2021,TM_TAX_WMPS,Türkiye,IND,1.57995
2021,TM_TAX_WMPS,Türkiye,ALP,3.16596
2021,TM_TAX_WMPS,Türkiye,CLO,3.72609
2021,TM_TAX_WMPS,Türkiye,AGR,20.18562
2021,TM_TAX_WMPS,Türkiye,ARM,0.81757
2005,TM_TAX_WMPS,Ukraine,ALP,3.61266
2005,TM_TAX_WMPS,Ukraine,AGR,15.90973
2005,TM_TAX_WMPS,Ukraine,OIL,0.0
2005,TM_TAX_WMPS,Ukraine,TEX,3.55246
2005,TM_TAX_WMPS,Ukraine,IND,3.0151
2005,TM_TAX_WMPS,Ukraine,CLO,11.01037
2010,TM_TAX_WMPS,Ukraine,ALP,2.24414
2010,TM_TAX_WMPS,Ukraine,CLO,10.87662
2010,TM_TAX_WMPS,Ukraine,IND,1.82029
2010,TM_TAX_WMPS,Ukraine,TEX,4.15616
2010,TM_TAX_WMPS,Ukraine,OIL,0.0
2010,TM_TAX_WMPS,Ukraine,AGR,6.40136
2015,TM_TAX_WMPS,Ukraine,AGR,4.61904
2015,TM_TAX_WMPS,Ukraine,OIL,0.0
2015,TM_TAX_WMPS,Ukraine,IND,1.77253
2015,TM_TAX_WMPS,Ukraine,TEX,4.10449
2015,TM_TAX_WMPS,Ukraine,CLO,10.98407
2015,TM_TAX_WMPS,Ukraine,ALP,2.20969
2016,TM_TAX_WMPS,Ukraine,IND,1.65565
2016,TM_TAX_WMPS,Ukraine,TEX,3.66619
2016,TM_TAX_WMPS,Ukraine,AGR,4.5899
2016,TM_TAX_WMPS,Ukraine,ALP,2.04889
2016,TM_TAX_WMPS,Ukraine,CLO,10.93486
2016,TM_TAX_WMPS,Ukraine,OIL,0.0
2017,TM_TAX_WMPS,Ukraine,AGR,3.58127
2017,TM_TAX_WMPS,Ukraine,TEX,2.27609
2017,TM_TAX_WMPS,Ukraine,OIL,0.0
2017,TM_TAX_WMPS,Ukraine,IND,1.52399
2017,TM_TAX_WMPS,Ukraine,CLO,9.41165
2017,TM_TAX_WMPS,Ukraine,ALP,1.75409
2018,TM_TAX_WMPS,Ukraine,ALP,1.60445
2018,TM_TAX_WMPS,Ukraine,CLO,9.41165
2018,TM_TAX_WMPS,Ukraine,IND,1.38232
2018,TM_TAX_WMPS,Ukraine,AGR,3.26674
2018,TM_TAX_WMPS,Ukraine,TEX,2.2523
2018,TM_TAX_WMPS,Ukraine,OIL,0.0
2019,TM_TAX_WMPS,Ukraine,AGR,2.43609
2019,TM_TAX_WMPS,Ukraine,IND,1.76729
2019,TM_TAX_WMPS,Ukraine,OIL,0.0
2019,TM_TAX_WMPS,Ukraine,CLO,11.08596
2019,TM_TAX_WMPS,Ukraine,ALP,1.98043
2019,TM_TAX_WMPS,Ukraine,TEX,4.41785
2020,TM_TAX_WMPS,Ukraine,ALP,1.88351
2020,TM_TAX_WMPS,Ukraine,CLO,10.36784
2020,TM_TAX_WMPS,Ukraine,AGR,2.80253
2020,TM_TAX_WMPS,Ukraine,OIL,0.0
2020,TM_TAX_WMPS,Ukraine,IND,1.60645
2020,TM_TAX_WMPS,Ukraine,TEX,3.06603
2021,TM_TAX_WMPS,Ukraine,ALP,1.83059
2021,TM_TAX_WMPS,Ukraine,IND,1.5561
2021,TM_TAX_WMPS,Ukraine,TEX,3.18401
2021,TM_TAX_WMPS,Ukraine,OIL,0.0
2021,TM_TAX_WMPS,Ukraine,CLO,10.61018
2021,TM_TAX_WMPS,Ukraine,AGR,3.1034
2005,TM_TAX_WMPS,North Macedonia,ALP,3.06372
2005,TM_TAX_WMPS,North Macedonia,ARM,1.13636
2005,TM_TAX_WMPS,North Macedonia,CLO,2.89885
2005,TM_TAX_WMPS,North Macedonia,IND,1.5387
2005,TM_TAX_WMPS,North Macedonia,OIL,0.0
2005,TM_TAX_WMPS,North Macedonia,TEX,1.23862
2005,TM_TAX_WMPS,North Macedonia,AGR,16.44094
2010,TM_TAX_WMPS,North Macedonia,TEX,2.01245
2010,TM_TAX_WMPS,North Macedonia,OIL,5.86476
2010,TM_TAX_WMPS,North Macedonia,AGR,5.96248
2010,TM_TAX_WMPS,North Macedonia,IND,1.13027
2010,TM_TAX_WMPS,North Macedonia,CLO,7.058
2010,TM_TAX_WMPS,North Macedonia,ALP,2.32443
2015,TM_TAX_WMPS,North Macedonia,AGR,5.8821
2015,TM_TAX_WMPS,North Macedonia,CLO,7.37917
2015,TM_TAX_WMPS,North Macedonia,IND,0.66813
2015,TM_TAX_WMPS,North Macedonia,TEX,1.41689
2015,TM_TAX_WMPS,North Macedonia,ALP,1.40677
2016,TM_TAX_WMPS,North Macedonia,TEX,6.91454
2016,TM_TAX_WMPS,North Macedonia,IND,3.0458
2016,TM_TAX_WMPS,North Macedonia,CLO,11.62865
2016,TM_TAX_WMPS,North Macedonia,AGR,4.43646
2016,TM_TAX_WMPS,North Macedonia,ALP,3.56322
2017,TM_TAX_WMPS,North Macedonia,AGR,5.52006
2017,TM_TAX_WMPS,North Macedonia,CLO,7.44636
2017,TM_TAX_WMPS,North Macedonia,TEX,1.28921
2017,TM_TAX_WMPS,North Macedonia,IND,0.58253
2017,TM_TAX_WMPS,North Macedonia,ALP,1.23835
2018,TM_TAX_WMPS,North Macedonia,IND,0.58284
2018,TM_TAX_WMPS,North Macedonia,TEX,1.56102
2018,TM_TAX_WMPS,North Macedonia,CLO,7.44636
2018,TM_TAX_WMPS,North Macedonia,AGR,5.91191
2018,TM_TAX_WMPS,North Macedonia,ALP,1.29261
2019,TM_TAX_WMPS,North Macedonia,AGR,6.05412
2019,TM_TAX_WMPS,North Macedonia,ALP,1.23567
2019,TM_TAX_WMPS,North Macedonia,CLO,6.95762
2019,TM_TAX_WMPS,North Macedonia,TEX,1.54226
2019,TM_TAX_WMPS,North Macedonia,OIL,0.0
2019,TM_TAX_WMPS,North Macedonia,IND,0.59471
2020,TM_TAX_WMPS,North Macedonia,IND,0.63397
2020,TM_TAX_WMPS,North Macedonia,TEX,1.71661
2020,TM_TAX_WMPS,North Macedonia,CLO,6.74979
2020,TM_TAX_WMPS,North Macedonia,ALP,1.32852
2020,TM_TAX_WMPS,North Macedonia,AGR,6.10843
2021,TM_TAX_WMPS,North Macedonia,CLO,7.43231
2021,TM_TAX_WMPS,North Macedonia,ALP,1.24305
2021,TM_TAX_WMPS,North Macedonia,IND,0.58811
2021,TM_TAX_WMPS,North Macedonia,TEX,1.82455
2021,TM_TAX_WMPS,North Macedonia,AGR,6.24297
2021,TM_TAX_WMPS,United Kingdom of Great Britain and Northern Ireland,AGR,1.96529
2021,TM_TAX_WMPS,United Kingdom of Great Britain and Northern Ireland,ALP,0.80535
2021,TM_TAX_WMPS,United Kingdom of Great Britain and Northern Ireland,TEX,2.66273
2021,TM_TAX_WMPS,United Kingdom of Great Britain and Northern Ireland,OIL,0.0
2021,TM_TAX_WMPS,United Kingdom of Great Britain and Northern Ireland,IND,0.49912
2021,TM_TAX_WMPS,United Kingdom of Great Britain and Northern Ireland,CLO,4.39455
2021,TM_TAX_WMPS,United Kingdom of Great Britain and Northern Ireland,ARM,0.6021
2005,TM_TAX_WMPS,Узбекистан,TEX,23.48459
2005,TM_TAX_WMPS,Узбекистан,ALP,8.47092
2005,TM_TAX_WMPS,Узбекистан,AGR,13.09111
2005,TM_TAX_WMPS,Узбекистан,ARM,16.32353
2005,TM_TAX_WMPS,Узбекистан,OIL,0.0
2005,TM_TAX_WMPS,Узбекистан,CLO,32.00754
2005,TM_TAX_WMPS,Узбекистан,IND,7.56743
2010,TM_TAX_WMPS,Узбекистан,ARM,5.36606
2010,TM_TAX_WMPS,Узбекистан,ALP,7.79514
2010,TM_TAX_WMPS,Узбекистан,AGR,5.2977
2010,TM_TAX_WMPS,Узбекистан,IND,7.68408
2010,TM_TAX_WMPS,Узбекистан,CLO,30.11309
2010,TM_TAX_WMPS,Узбекистан,OIL,0.0
2010,TM_TAX_WMPS,Узбекистан,TEX,22.57454
2015,TM_TAX_WMPS,Узбекистан,ARM,5.04797
2015,TM_TAX_WMPS,Узбекистан,ALP,8.02103
2015,TM_TAX_WMPS,Узбекистан,OIL,0.0
2015,TM_TAX_WMPS,Узбекистан,TEX,22.66677
2015,TM_TAX_WMPS,Узбекистан,CLO,30.33107
2015,TM_TAX_WMPS,Узбекистан,IND,7.69925
2015,TM_TAX_WMPS,Узбекистан,AGR,5.46019
2019,TM_TAX_WMPS,Узбекистан,ALP,6.83875
2019,TM_TAX_WMPS,Узбекистан,AGR,5.86831
2019,TM_TAX_WMPS,Узбекистан,IND,6.71105
2019,TM_TAX_WMPS,Узбекистан,OIL,0.0
2019,TM_TAX_WMPS,Узбекистан,CLO,23.49478
2019,TM_TAX_WMPS,Узбекистан,TEX,18.29734
2020,TM_TAX_WMPS,Узбекистан,ALP,2.75802
2020,TM_TAX_WMPS,Узбекистан,ARM,0.0
2020,TM_TAX_WMPS,Узбекистан,AGR,2.20414
2020,TM_TAX_WMPS,Узбекистан,OIL,0.0
2020,TM_TAX_WMPS,Узбекистан,TEX,6.5918
2020,TM_TAX_WMPS,Узбекистан,CLO,19.41375
2020,TM_TAX_WMPS,Узбекистан,IND,2.74882
2021,TM_TAX_WMPS,Узбекистан,IND,2.53374
2021,TM_TAX_WMPS,Viet Nam,AGR,4.08472
2021,TM_TAX_WMPS,Viet Nam,ALP,0.94207
2021,TM_TAX_WMPS,Viet Nam,TEX,1.54841
2021,TM_TAX_WMPS,Viet Nam,OIL,0.07325
2021,TM_TAX_WMPS,Viet Nam,CLO,3.29966
2021,TM_TAX_WMPS,Узбекистан,ARM,0.0
2021,TM_TAX_WMPS,Узбекистан,TEX,5.81961
2021,TM_TAX_WMPS,Узбекистан,OIL,0.0
2021,TM_TAX_WMPS,Узбекистан,AGR,2.1707
2021,TM_TAX_WMPS,Узбекистан,ALP,2.55277
2021,TM_TAX_WMPS,Узбекистан,CLO,19.00413
2020,TM_TAX_WMPS,Montenegro,CLO,4.13987
2020,TM_TAX_WMPS,Montenegro,ALP,1.0084
2021,TM_TAX_WMPS,Montenegro,ARM,13.32518
2021,TM_TAX_WMPS,Montenegro,AGR,2.12605
2021,TM_TAX_WMPS,Montenegro,IND,0.48575
2021,TM_TAX_WMPS,Montenegro,ALP,1.069
2021,TM_TAX_WMPS,Montenegro,CLO,4.14939
2021,TM_TAX_WMPS,Montenegro,TEX,3.17951
2021,TM_TAX_WMPS,Georgia,ALP,0.27673
2021,TM_TAX_WMPS,Georgia,TEX,0.01818
2021,TM_TAX_WMPS,Georgia,CLO,0.0
2021,TM_TAX_WMPS,Georgia,ARM,0.0
2021,TM_TAX_WMPS,Georgia,IND,0.02916
2021,TM_TAX_WMPS,Georgia,IND,0.02916
