Year,SeriesCode,Страна ,Value
2000,TX_EXP_GBMRCH,Belgium,2.91209
2001,TX_EXP_GBMRCH,Belgium,3.07247
2002,TX_EXP_GBMRCH,Belgium,3.32506
2003,TX_EXP_GBMRCH,Belgium,3.36774
2004,TX_EXP_GBMRCH,Belgium,3.32683
2005,TX_EXP_GBMRCH,Belgium,3.18393
2006,TX_EXP_GBMRCH,Belgium,3.02399
2007,TX_EXP_GBMRCH,Belgium,3.07359
2008,TX_EXP_GBMRCH,Belgium,2.92201
2009,TX_EXP_GBMRCH,Belgium,2.94745
2010,TX_EXP_GBMRCH,Belgium,2.66514
2011,TX_EXP_GBMRCH,Belgium,2.59433
2012,TX_EXP_GBMRCH,Belgium,2.40994
2013,TX_EXP_GBMRCH,Belgium,2.47395
2014,TX_EXP_GBMRCH,Belgium,2.48526
2015,TX_EXP_GBMRCH,Belgium,2.39721
2016,TX_EXP_GBMRCH,Belgium,2.48277
2017,TX_EXP_GBMRCH,Belgium,2.42178
2018,TX_EXP_GBMRCH,Belgium,2.39503
2019,TX_EXP_GBMRCH,Belgium,2.35008
2020,TX_EXP_GBMRCH,Belgium,2.39304
2021,TX_EXP_GBMRCH,Belgium,2.44213
2000,TX_EXP_GBMRCH,Bosnia and Herzegovina,0.01657
2001,TX_EXP_GBMRCH,Bosnia and Herzegovina,0.01666
2002,TX_EXP_GBMRCH,Bosnia and Herzegovina,0.01547
2003,TX_EXP_GBMRCH,Bosnia and Herzegovina,0.01765
2004,TX_EXP_GBMRCH,Bosnia and Herzegovina,0.01943
2005,TX_EXP_GBMRCH,Bosnia and Herzegovina,0.02285
2006,TX_EXP_GBMRCH,Bosnia and Herzegovina,0.0274
2007,TX_EXP_GBMRCH,Bosnia and Herzegovina,0.02961
2008,TX_EXP_GBMRCH,Bosnia and Herzegovina,0.03109
2009,TX_EXP_GBMRCH,Bosnia and Herzegovina,0.03149
2010,TX_EXP_GBMRCH,Bosnia and Herzegovina,0.0314
2011,TX_EXP_GBMRCH,Bosnia and Herzegovina,0.03191
2012,TX_EXP_GBMRCH,Bosnia and Herzegovina,0.0279
2013,TX_EXP_GBMRCH,Bosnia and Herzegovina,0.03003
2014,TX_EXP_GBMRCH,Bosnia and Herzegovina,0.03101
2015,TX_EXP_GBMRCH,Bosnia and Herzegovina,0.03079
2016,TX_EXP_GBMRCH,Bosnia and Herzegovina,0.03323
2017,TX_EXP_GBMRCH,Bosnia and Herzegovina,0.03608
2018,TX_EXP_GBMRCH,Bosnia and Herzegovina,0.03674
2019,TX_EXP_GBMRCH,Bosnia and Herzegovina,0.0346
2020,TX_EXP_GBMRCH,Bosnia and Herzegovina,0.03486
2021,TX_EXP_GBMRCH,Bosnia and Herzegovina,0.03858
2000,TX_EXP_GBMRCH,Bulgaria,0.07519
2001,TX_EXP_GBMRCH,Bulgaria,0.08261
2002,TX_EXP_GBMRCH,Bulgaria,0.0882
2003,TX_EXP_GBMRCH,Bulgaria,0.09938
2004,TX_EXP_GBMRCH,Bulgaria,0.10768
2005,TX_EXP_GBMRCH,Bulgaria,0.11177
2006,TX_EXP_GBMRCH,Bulgaria,0.12421
2007,TX_EXP_GBMRCH,Bulgaria,0.13207
2008,TX_EXP_GBMRCH,Bulgaria,0.13848
2009,TX_EXP_GBMRCH,Bulgaria,0.12995
2010,TX_EXP_GBMRCH,Bulgaria,0.13486
2011,TX_EXP_GBMRCH,Bulgaria,0.15385
2012,TX_EXP_GBMRCH,Bulgaria,0.14422
2013,TX_EXP_GBMRCH,Bulgaria,0.15616
2014,TX_EXP_GBMRCH,Bulgaria,0.15393
2015,TX_EXP_GBMRCH,Bulgaria,0.15326
2016,TX_EXP_GBMRCH,Bulgaria,0.16571
2017,TX_EXP_GBMRCH,Bulgaria,0.1772
2018,TX_EXP_GBMRCH,Bulgaria,0.17196
2019,TX_EXP_GBMRCH,Bulgaria,0.17534
2020,TX_EXP_GBMRCH,Bulgaria,0.18106
2021,TX_EXP_GBMRCH,Bulgaria,0.1837
2003,TX_EXP_GBMRCH,Republic of Moldova,0.01041
2004,TX_EXP_GBMRCH,Republic of Moldova,0.01068
2005,TX_EXP_GBMRCH,Republic of Moldova,0.01039
2006,TX_EXP_GBMRCH,Republic of Moldova,0.00867
2007,TX_EXP_GBMRCH,Republic of Moldova,0.00957
2008,TX_EXP_GBMRCH,Republic of Moldova,0.00986
2009,TX_EXP_GBMRCH,Republic of Moldova,0.01022
2010,TX_EXP_GBMRCH,Republic of Moldova,0.01008
2011,TX_EXP_GBMRCH,Republic of Moldova,0.01209
2012,TX_EXP_GBMRCH,Republic of Moldova,0.01168
2013,TX_EXP_GBMRCH,Republic of Moldova,0.01282
2014,TX_EXP_GBMRCH,Republic of Moldova,0.01231
2015,TX_EXP_GBMRCH,Republic of Moldova,0.01188
2016,TX_EXP_GBMRCH,Republic of Moldova,0.01275
2017,TX_EXP_GBMRCH,Republic of Moldova,0.01367
2018,TX_EXP_GBMRCH,Republic of Moldova,0.01384
2019,TX_EXP_GBMRCH,Republic of Moldova,0.01462
2020,TX_EXP_GBMRCH,Republic of Moldova,0.01398
2021,TX_EXP_GBMRCH,Republic of Moldova,0.01408
2008,TX_EXP_GBMRCH,Montenegro,0.00382
2009,TX_EXP_GBMRCH,Montenegro,0.00309
2010,TX_EXP_GBMRCH,Montenegro,0.00285
2000,TX_EXP_GBMRCH,Belarus,0.11354
2001,TX_EXP_GBMRCH,Belarus,0.12027
2002,TX_EXP_GBMRCH,Belarus,0.1234
2003,TX_EXP_GBMRCH,Belarus,0.13103
2004,TX_EXP_GBMRCH,Belarus,0.14932
2005,TX_EXP_GBMRCH,Belarus,0.15214
2006,TX_EXP_GBMRCH,Belarus,0.16272
2007,TX_EXP_GBMRCH,Belarus,0.17313
2008,TX_EXP_GBMRCH,Belarus,0.2017
2009,TX_EXP_GBMRCH,Belarus,0.16965
2010,TX_EXP_GBMRCH,Belarus,0.16528
2011,TX_EXP_GBMRCH,Belarus,0.21711
2012,TX_EXP_GBMRCH,Belarus,0.24892
2013,TX_EXP_GBMRCH,Belarus,0.19827
2014,TX_EXP_GBMRCH,Belarus,0.1899
2015,TX_EXP_GBMRCH,Belarus,0.16164
2016,TX_EXP_GBMRCH,Belarus,0.14601
2017,TX_EXP_GBMRCH,Belarus,0.16497
2018,TX_EXP_GBMRCH,Belarus,0.17252
2019,TX_EXP_GBMRCH,Belarus,0.17332
2020,TX_EXP_GBMRCH,Belarus,0.16534
2021,TX_EXP_GBMRCH,Belarus,0.17808
2000,TX_EXP_GBMRCH,Albania,0.00405
2001,TX_EXP_GBMRCH,Albania,0.00496
2002,TX_EXP_GBMRCH,Albania,0.00522
2003,TX_EXP_GBMRCH,Albania,0.0059
2004,TX_EXP_GBMRCH,Albania,0.00656
2005,TX_EXP_GBMRCH,Albania,0.00627
2006,TX_EXP_GBMRCH,Albania,0.00658
2007,TX_EXP_GBMRCH,Albania,0.00769
2008,TX_EXP_GBMRCH,Albania,0.00839
2009,TX_EXP_GBMRCH,Albania,0.00868
2010,TX_EXP_GBMRCH,Albania,0.0101
2000,TX_EXP_GBMRCH,Canada,4.28689
2001,TX_EXP_GBMRCH,Canada,4.19444
2002,TX_EXP_GBMRCH,Canada,3.88301
2003,TX_EXP_GBMRCH,Canada,3.59333
2004,TX_EXP_GBMRCH,Canada,3.43411
2005,TX_EXP_GBMRCH,Canada,3.4322
2006,TX_EXP_GBMRCH,Canada,3.20072
2007,TX_EXP_GBMRCH,Canada,3.00043
2008,TX_EXP_GBMRCH,Canada,2.82684
2009,TX_EXP_GBMRCH,Canada,2.51718
2010,TX_EXP_GBMRCH,Canada,2.53301
2011,TX_EXP_GBMRCH,Albania,0.01064
2012,TX_EXP_GBMRCH,Albania,0.01064
2013,TX_EXP_GBMRCH,Albania,0.01231
2014,TX_EXP_GBMRCH,Albania,0.01279
2015,TX_EXP_GBMRCH,Albania,0.01158
2016,TX_EXP_GBMRCH,Albania,0.01222
2017,TX_EXP_GBMRCH,Albania,0.01292
2018,TX_EXP_GBMRCH,Albania,0.01468
2019,TX_EXP_GBMRCH,Albania,0.01428
2020,TX_EXP_GBMRCH,Albania,0.0142
2021,TX_EXP_GBMRCH,Albania,0.01594
2011,TX_EXP_GBMRCH,Canada,2.4616
2012,TX_EXP_GBMRCH,Canada,2.4621
2013,TX_EXP_GBMRCH,Canada,2.41952
2014,TX_EXP_GBMRCH,Canada,2.50689
2015,TX_EXP_GBMRCH,Canada,2.47708
2016,TX_EXP_GBMRCH,Canada,2.43199
2017,TX_EXP_GBMRCH,Canada,2.37116
2018,TX_EXP_GBMRCH,Canada,2.3137
2019,TX_EXP_GBMRCH,Canada,2.36028
2020,TX_EXP_GBMRCH,Canada,2.2132
2021,TX_EXP_GBMRCH,Canada,2.27343
2011,TX_EXP_GBMRCH,Montenegro,0.00342
2012,TX_EXP_GBMRCH,Montenegro,0.00253
2013,TX_EXP_GBMRCH,Montenegro,0.00263
2014,TX_EXP_GBMRCH,Montenegro,0.00232
2015,TX_EXP_GBMRCH,Montenegro,0.00213
2016,TX_EXP_GBMRCH,Montenegro,0.00225
2017,TX_EXP_GBMRCH,Montenegro,0.00237
2018,TX_EXP_GBMRCH,Montenegro,0.00242
2019,TX_EXP_GBMRCH,Montenegro,0.00244
2020,TX_EXP_GBMRCH,Montenegro,0.00237
2021,TX_EXP_GBMRCH,Montenegro,0.00231
2000,TX_EXP_GBMRCH,Chile,0.29771
2001,TX_EXP_GBMRCH,Chile,0.29493
2002,TX_EXP_GBMRCH,Chile,0.27969
2003,TX_EXP_GBMRCH,Chile,0.28542
2004,TX_EXP_GBMRCH,Chile,0.35256
2005,TX_EXP_GBMRCH,Chile,0.39292
2006,TX_EXP_GBMRCH,Chile,0.48385
2007,TX_EXP_GBMRCH,Chile,0.48478
2008,TX_EXP_GBMRCH,Chile,0.3995
2009,TX_EXP_GBMRCH,Chile,0.44167
2010,TX_EXP_GBMRCH,Chile,0.46485
2000,TX_EXP_GBMRCH,Netherlands (Kingdom of the),3.60402
2001,TX_EXP_GBMRCH,Netherlands (Kingdom of the),3.72629
2002,TX_EXP_GBMRCH,Netherlands (Kingdom of the),3.75477
2003,TX_EXP_GBMRCH,Netherlands (Kingdom of the),3.89995
2004,TX_EXP_GBMRCH,Netherlands (Kingdom of the),3.87487
2005,TX_EXP_GBMRCH,Netherlands (Kingdom of the),3.86921
2006,TX_EXP_GBMRCH,Netherlands (Kingdom of the),3.82285
2007,TX_EXP_GBMRCH,Netherlands (Kingdom of the),3.92804
2008,TX_EXP_GBMRCH,Netherlands (Kingdom of the),3.9505
2009,TX_EXP_GBMRCH,Netherlands (Kingdom of the),3.9649
2010,TX_EXP_GBMRCH,Netherlands (Kingdom of the),3.75395
2011,TX_EXP_GBMRCH,Chile,0.44417
2012,TX_EXP_GBMRCH,Chile,0.42039
2013,TX_EXP_GBMRCH,Chile,0.40528
2014,TX_EXP_GBMRCH,Chile,0.39508
2015,TX_EXP_GBMRCH,Chile,0.37474
2016,TX_EXP_GBMRCH,Chile,0.37864
2017,TX_EXP_GBMRCH,Chile,0.38794
2018,TX_EXP_GBMRCH,Chile,0.38282
2019,TX_EXP_GBMRCH,Chile,0.3618
2020,TX_EXP_GBMRCH,Chile,0.41978
2021,TX_EXP_GBMRCH,Chile,0.42402
2011,TX_EXP_GBMRCH,Netherlands (Kingdom of the),3.6384
2012,TX_EXP_GBMRCH,Netherlands (Kingdom of the),3.54176
2013,TX_EXP_GBMRCH,Netherlands (Kingdom of the),3.54537
2014,TX_EXP_GBMRCH,Netherlands (Kingdom of the),3.53906
2015,TX_EXP_GBMRCH,Netherlands (Kingdom of the),3.44588
2016,TX_EXP_GBMRCH,Netherlands (Kingdom of the),3.55831
2017,TX_EXP_GBMRCH,Netherlands (Kingdom of the),3.6755
2018,TX_EXP_GBMRCH,Netherlands (Kingdom of the),3.71725
2019,TX_EXP_GBMRCH,Netherlands (Kingdom of the),3.72664
2020,TX_EXP_GBMRCH,Netherlands (Kingdom of the),3.82244
2021,TX_EXP_GBMRCH,Netherlands (Kingdom of the),3.74644
2000,TX_EXP_GBMRCH,Azerbaijan,0.02704
2001,TX_EXP_GBMRCH,Azerbaijan,0.03735
2002,TX_EXP_GBMRCH,Azerbaijan,0.03334
2003,TX_EXP_GBMRCH,Azerbaijan,0.03415
2004,TX_EXP_GBMRCH,Azerbaijan,0.0392
2005,TX_EXP_GBMRCH,Azerbaijan,0.07283
2006,TX_EXP_GBMRCH,Azerbaijan,0.10731
2007,TX_EXP_GBMRCH,Azerbaijan,0.15169
2008,TX_EXP_GBMRCH,Azerbaijan,0.18942
2009,TX_EXP_GBMRCH,Azerbaijan,0.168
2010,TX_EXP_GBMRCH,Azerbaijan,0.17308
2000,TX_EXP_GBMRCH,China,3.86204
2001,TX_EXP_GBMRCH,China,4.29516
2002,TX_EXP_GBMRCH,China,5.0092
2003,TX_EXP_GBMRCH,China,5.77364
2004,TX_EXP_GBMRCH,China,6.43243
2005,TX_EXP_GBMRCH,China,7.25481
2006,TX_EXP_GBMRCH,China,7.9897
2007,TX_EXP_GBMRCH,China,8.70442
2008,TX_EXP_GBMRCH,China,8.86
2009,TX_EXP_GBMRCH,China,9.56891
2011,TX_EXP_GBMRCH,Azerbaijan,0.18814
2012,TX_EXP_GBMRCH,Azerbaijan,0.17636
2013,TX_EXP_GBMRCH,Azerbaijan,0.16778
2014,TX_EXP_GBMRCH,Azerbaijan,0.14874
2015,TX_EXP_GBMRCH,Azerbaijan,0.10023
2016,TX_EXP_GBMRCH,Azerbaijan,0.08174
2017,TX_EXP_GBMRCH,Azerbaijan,0.08726
2018,TX_EXP_GBMRCH,Azerbaijan,0.10393
2019,TX_EXP_GBMRCH,Azerbaijan,0.10327
2020,TX_EXP_GBMRCH,Azerbaijan,0.07781
2021,TX_EXP_GBMRCH,Azerbaijan,0.09946
2000,TX_EXP_GBMRCH,New Zealand,0.20608
2001,TX_EXP_GBMRCH,New Zealand,0.22162
2002,TX_EXP_GBMRCH,New Zealand,0.22128
2003,TX_EXP_GBMRCH,New Zealand,0.21774
2004,TX_EXP_GBMRCH,New Zealand,0.22056
2005,TX_EXP_GBMRCH,New Zealand,0.2069
2006,TX_EXP_GBMRCH,New Zealand,0.18477
2007,TX_EXP_GBMRCH,New Zealand,0.19216
2008,TX_EXP_GBMRCH,New Zealand,0.18938
2009,TX_EXP_GBMRCH,New Zealand,0.19855
2010,TX_EXP_GBMRCH,New Zealand,0.20524
2010,TX_EXP_GBMRCH,China,10.31397
2011,TX_EXP_GBMRCH,China,10.35385
2012,TX_EXP_GBMRCH,China,11.07163
2013,TX_EXP_GBMRCH,China,11.66165
2014,TX_EXP_GBMRCH,China,12.32807
2015,TX_EXP_GBMRCH,China,13.7334
2016,TX_EXP_GBMRCH,China,13.08086
2017,TX_EXP_GBMRCH,China,12.75779
2018,TX_EXP_GBMRCH,China,12.7201
2019,TX_EXP_GBMRCH,China,13.14513
2000,TX_EXP_GBMRCH,Australia,0.98984
2001,TX_EXP_GBMRCH,Australia,1.02315
2002,TX_EXP_GBMRCH,Australia,1.00051
2003,TX_EXP_GBMRCH,Australia,0.92721
2004,TX_EXP_GBMRCH,Australia,0.93847
2005,TX_EXP_GBMRCH,Australia,1.01019
2006,TX_EXP_GBMRCH,Australia,1.0178
2007,TX_EXP_GBMRCH,Australia,1.00818
2008,TX_EXP_GBMRCH,Australia,1.15964
2009,TX_EXP_GBMRCH,Australia,1.229
2010,TX_EXP_GBMRCH,Australia,1.39002
2011,TX_EXP_GBMRCH,New Zealand,0.20545
2012,TX_EXP_GBMRCH,New Zealand,0.2016
2013,TX_EXP_GBMRCH,New Zealand,0.20823
2014,TX_EXP_GBMRCH,New Zealand,0.21907
2015,TX_EXP_GBMRCH,New Zealand,0.20753
2016,TX_EXP_GBMRCH,New Zealand,0.2105
2017,TX_EXP_GBMRCH,New Zealand,0.21462
2018,TX_EXP_GBMRCH,New Zealand,0.20294
2019,TX_EXP_GBMRCH,New Zealand,0.20783
2020,TX_EXP_GBMRCH,New Zealand,0.22052
2021,TX_EXP_GBMRCH,New Zealand,0.20045
2011,TX_EXP_GBMRCH,Australia,1.48204
2012,TX_EXP_GBMRCH,Australia,1.38712
2013,TX_EXP_GBMRCH,Australia,1.33552
2014,TX_EXP_GBMRCH,Australia,1.26305
2015,TX_EXP_GBMRCH,Australia,1.13375
2016,TX_EXP_GBMRCH,Australia,1.20046
2017,TX_EXP_GBMRCH,Australia,1.30281
2018,TX_EXP_GBMRCH,Australia,1.31512
2019,TX_EXP_GBMRCH,Australia,1.42527
2020,TX_EXP_GBMRCH,Australia,1.42122
2021,TX_EXP_GBMRCH,Australia,1.54437
2000,TX_EXP_GBMRCH,Austria,1.04676
2001,TX_EXP_GBMRCH,Austria,1.14201
2002,TX_EXP_GBMRCH,Austria,1.21036
2003,TX_EXP_GBMRCH,Austria,1.2799
2004,TX_EXP_GBMRCH,Austria,1.28335
2005,TX_EXP_GBMRCH,Austria,1.1919
2006,TX_EXP_GBMRCH,Austria,1.12758
2007,TX_EXP_GBMRCH,Austria,1.16696
2008,TX_EXP_GBMRCH,Austria,1.12269
2009,TX_EXP_GBMRCH,Austria,1.09089
2010,TX_EXP_GBMRCH,Austria,0.9973
2000,TX_EXP_GBMRCH,Norway,0.93075
2001,TX_EXP_GBMRCH,Norway,0.95542
2002,TX_EXP_GBMRCH,Norway,0.91788
2003,TX_EXP_GBMRCH,Norway,0.90013
2004,TX_EXP_GBMRCH,Norway,0.8947
2005,TX_EXP_GBMRCH,Norway,0.98793
2006,TX_EXP_GBMRCH,Norway,1.00767
2007,TX_EXP_GBMRCH,Norway,0.97249
2008,TX_EXP_GBMRCH,Norway,1.0637
2009,TX_EXP_GBMRCH,Norway,0.92995
2011,TX_EXP_GBMRCH,Austria,0.9677
2012,TX_EXP_GBMRCH,Austria,0.9004
2013,TX_EXP_GBMRCH,Austria,0.92462
2014,TX_EXP_GBMRCH,Austria,0.93803
2015,TX_EXP_GBMRCH,Austria,0.92259
2016,TX_EXP_GBMRCH,Austria,0.94843
2017,TX_EXP_GBMRCH,Austria,0.94711
2018,TX_EXP_GBMRCH,Austria,0.94538
2019,TX_EXP_GBMRCH,Austria,0.93966
2020,TX_EXP_GBMRCH,Austria,0.95996
2021,TX_EXP_GBMRCH,Austria,0.9083
2010,TX_EXP_GBMRCH,Norway,0.85412
2011,TX_EXP_GBMRCH,Norway,0.87488
2012,TX_EXP_GBMRCH,Norway,0.86982
2013,TX_EXP_GBMRCH,Norway,0.82366
2014,TX_EXP_GBMRCH,Norway,0.76147
2015,TX_EXP_GBMRCH,Norway,0.62772
2016,TX_EXP_GBMRCH,Norway,0.55132
2017,TX_EXP_GBMRCH,Norway,0.56961
2018,TX_EXP_GBMRCH,Norway,0.62299
2019,TX_EXP_GBMRCH,Norway,0.54064
2020,TX_EXP_GBMRCH,China,14.67522
2021,TX_EXP_GBMRCH,China,15.06543
2000,TX_EXP_GBMRCH,Colombia,0.20214
2001,TX_EXP_GBMRCH,Colombia,0.19838
2002,TX_EXP_GBMRCH,Colombia,0.18325
2003,TX_EXP_GBMRCH,Colombia,0.17233
2004,TX_EXP_GBMRCH,Colombia,0.17588
2005,TX_EXP_GBMRCH,Colombia,0.20176
2006,TX_EXP_GBMRCH,Colombia,0.20111
2007,TX_EXP_GBMRCH,Colombia,0.2139
2008,TX_EXP_GBMRCH,Colombia,0.23301
2000,TX_EXP_GBMRCH,Armenia,0.00456
2001,TX_EXP_GBMRCH,Armenia,0.00554
2002,TX_EXP_GBMRCH,Armenia,0.00777
2003,TX_EXP_GBMRCH,Armenia,0.00903
2004,TX_EXP_GBMRCH,Armenia,0.00784
2005,TX_EXP_GBMRCH,Armenia,0.00927
2006,TX_EXP_GBMRCH,Armenia,0.00812
2007,TX_EXP_GBMRCH,Armenia,0.00822
2008,TX_EXP_GBMRCH,Armenia,0.00655
2009,TX_EXP_GBMRCH,Armenia,0.00566
2010,TX_EXP_GBMRCH,Armenia,0.00661
2020,TX_EXP_GBMRCH,Norway,0.47856
2021,TX_EXP_GBMRCH,Norway,0.71706
2000,TX_EXP_GBMRCH,Poland,0.492
2001,TX_EXP_GBMRCH,Poland,0.58106
2002,TX_EXP_GBMRCH,Poland,0.63282
2003,TX_EXP_GBMRCH,Poland,0.70831
2004,TX_EXP_GBMRCH,Poland,0.8136
2005,TX_EXP_GBMRCH,Poland,0.85156
2006,TX_EXP_GBMRCH,Poland,0.91344
2007,TX_EXP_GBMRCH,Poland,0.99954
2008,TX_EXP_GBMRCH,Poland,1.05561
2011,TX_EXP_GBMRCH,Armenia,0.00728
2012,TX_EXP_GBMRCH,Armenia,0.00746
2013,TX_EXP_GBMRCH,Armenia,0.00781
2014,TX_EXP_GBMRCH,Armenia,0.008
2015,TX_EXP_GBMRCH,Armenia,0.00897
2016,TX_EXP_GBMRCH,Armenia,0.01117
2017,TX_EXP_GBMRCH,Armenia,0.01266
2018,TX_EXP_GBMRCH,Armenia,0.01234
2019,TX_EXP_GBMRCH,Armenia,0.01389
2020,TX_EXP_GBMRCH,Armenia,0.01442
2021,TX_EXP_GBMRCH,Armenia,0.01354
2009,TX_EXP_GBMRCH,Poland,1.08703
2010,TX_EXP_GBMRCH,Poland,1.04413
2011,TX_EXP_GBMRCH,Poland,1.02916
2012,TX_EXP_GBMRCH,Poland,1.0018
2013,TX_EXP_GBMRCH,Poland,1.08239
2014,TX_EXP_GBMRCH,Poland,1.15819
2015,TX_EXP_GBMRCH,Poland,1.20285
2016,TX_EXP_GBMRCH,Poland,1.271
2017,TX_EXP_GBMRCH,Poland,1.32104
2018,TX_EXP_GBMRCH,Poland,1.34823
2019,TX_EXP_GBMRCH,Poland,1.40208
2009,TX_EXP_GBMRCH,Colombia,0.26162
2010,TX_EXP_GBMRCH,Colombia,0.25961
2011,TX_EXP_GBMRCH,Colombia,0.31042
2012,TX_EXP_GBMRCH,Colombia,0.32493
2013,TX_EXP_GBMRCH,Colombia,0.31053
2014,TX_EXP_GBMRCH,Colombia,0.28872
2015,TX_EXP_GBMRCH,Colombia,0.2156
2016,TX_EXP_GBMRCH,Colombia,0.19804
2017,TX_EXP_GBMRCH,Colombia,0.20797
2018,TX_EXP_GBMRCH,Colombia,0.21368
2019,TX_EXP_GBMRCH,Colombia,0.20768
2020,TX_EXP_GBMRCH,Poland,1.55161
2021,TX_EXP_GBMRCH,Poland,1.51337
2000,TX_EXP_GBMRCH,Portugal,0.37664
2001,TX_EXP_GBMRCH,Portugal,0.38913
2002,TX_EXP_GBMRCH,Portugal,0.39858
2003,TX_EXP_GBMRCH,Portugal,0.4184
2004,TX_EXP_GBMRCH,Portugal,0.38798
2005,TX_EXP_GBMRCH,Portugal,0.36324
2006,TX_EXP_GBMRCH,Portugal,0.35729
2007,TX_EXP_GBMRCH,Portugal,0.37446
2008,TX_EXP_GBMRCH,Portugal,0.35384
2009,TX_EXP_GBMRCH,Portugal,0.35207
2010,TX_EXP_GBMRCH,Portugal,0.32297
2011,TX_EXP_GBMRCH,Portugal,0.32515
2012,TX_EXP_GBMRCH,Portugal,0.31393
2013,TX_EXP_GBMRCH,Portugal,0.33152
2014,TX_EXP_GBMRCH,Portugal,0.33597
2015,TX_EXP_GBMRCH,Portugal,0.33252
2016,TX_EXP_GBMRCH,Portugal,0.3453
2017,TX_EXP_GBMRCH,Portugal,0.35021
2018,TX_EXP_GBMRCH,Portugal,0.34969
2019,TX_EXP_GBMRCH,Portugal,0.3527
2020,TX_EXP_GBMRCH,Portugal,0.34845
2021,TX_EXP_GBMRCH,Portugal,0.33671
2000,TX_EXP_GBMRCH,Romania,0.16136
2001,TX_EXP_GBMRCH,Romania,0.18391
2002,TX_EXP_GBMRCH,Romania,0.21349
2003,TX_EXP_GBMRCH,Romania,0.2327
2004,TX_EXP_GBMRCH,Romania,0.25535
2005,TX_EXP_GBMRCH,Romania,0.26362
2006,TX_EXP_GBMRCH,Romania,0.26763
2007,TX_EXP_GBMRCH,Romania,0.28877
2008,TX_EXP_GBMRCH,Romania,0.30676
2009,TX_EXP_GBMRCH,Romania,0.32305
2010,TX_EXP_GBMRCH,Romania,0.3241
2011,TX_EXP_GBMRCH,Romania,0.3438
2012,TX_EXP_GBMRCH,Romania,0.31258
2013,TX_EXP_GBMRCH,Romania,0.34766
2014,TX_EXP_GBMRCH,Romania,0.36698
2015,TX_EXP_GBMRCH,Romania,0.36604
2016,TX_EXP_GBMRCH,Romania,0.3962
2017,TX_EXP_GBMRCH,Romania,0.39886
2018,TX_EXP_GBMRCH,Romania,0.40748
2019,TX_EXP_GBMRCH,Romania,0.40428
2020,TX_EXP_GBMRCH,Colombia,0.1757
2021,TX_EXP_GBMRCH,Colombia,0.18043
2000,TX_EXP_GBMRCH,Costa Rica,0.09066
2001,TX_EXP_GBMRCH,Costa Rica,0.08105
2002,TX_EXP_GBMRCH,Costa Rica,0.08099
2003,TX_EXP_GBMRCH,Costa Rica,0.0804
2004,TX_EXP_GBMRCH,Costa Rica,0.06832
2005,TX_EXP_GBMRCH,Costa Rica,0.0669
2006,TX_EXP_GBMRCH,Costa Rica,0.06761
2007,TX_EXP_GBMRCH,Costa Rica,0.06659
2008,TX_EXP_GBMRCH,Costa Rica,0.05885
2009,TX_EXP_GBMRCH,Costa Rica,0.06995
2010,TX_EXP_GBMRCH,Costa Rica,0.06176
2011,TX_EXP_GBMRCH,Costa Rica,0.05677
2012,TX_EXP_GBMRCH,Costa Rica,0.06179
2013,TX_EXP_GBMRCH,Costa Rica,0.06061
2014,TX_EXP_GBMRCH,Costa Rica,0.05921
2015,TX_EXP_GBMRCH,Costa Rica,0.05691
2016,TX_EXP_GBMRCH,Costa Rica,0.06461
2017,TX_EXP_GBMRCH,Costa Rica,0.0607
2018,TX_EXP_GBMRCH,Costa Rica,0.0588
2019,TX_EXP_GBMRCH,Costa Rica,0.06239
2020,TX_EXP_GBMRCH,Costa Rica,0.0698
2021,TX_EXP_GBMRCH,Costa Rica,0.06939
2000,TX_EXP_GBMRCH,Croatia,0.06868
2001,TX_EXP_GBMRCH,Croatia,0.07532
2002,TX_EXP_GBMRCH,Croatia,0.07544
2003,TX_EXP_GBMRCH,Croatia,0.08151
2004,TX_EXP_GBMRCH,Croatia,0.08699
2005,TX_EXP_GBMRCH,Croatia,0.08353
2006,TX_EXP_GBMRCH,Croatia,0.08556
2007,TX_EXP_GBMRCH,Croatia,0.08818
2008,TX_EXP_GBMRCH,Croatia,0.08739
2020,TX_EXP_GBMRCH,Romania,0.4007
2021,TX_EXP_GBMRCH,Romania,0.39136
2008,TX_EXP_GBMRCH,Serbia,0.06795
2009,TX_EXP_GBMRCH,Serbia,0.06646
2010,TX_EXP_GBMRCH,Serbia,0.06403
2011,TX_EXP_GBMRCH,Serbia,0.06425
2012,TX_EXP_GBMRCH,Serbia,0.06068
2013,TX_EXP_GBMRCH,Serbia,0.07713
2014,TX_EXP_GBMRCH,Serbia,0.07814
2015,TX_EXP_GBMRCH,Serbia,0.0808
2016,TX_EXP_GBMRCH,Serbia,0.09276
2009,TX_EXP_GBMRCH,Croatia,0.08341
2010,TX_EXP_GBMRCH,Croatia,0.07718
2011,TX_EXP_GBMRCH,Croatia,0.07275
2012,TX_EXP_GBMRCH,Croatia,0.06685
2013,TX_EXP_GBMRCH,Croatia,0.06687
2014,TX_EXP_GBMRCH,Croatia,0.07282
2015,TX_EXP_GBMRCH,Croatia,0.07808
2016,TX_EXP_GBMRCH,Croatia,0.08614
2017,TX_EXP_GBMRCH,Croatia,0.09058
2018,TX_EXP_GBMRCH,Croatia,0.08902
2019,TX_EXP_GBMRCH,Croatia,0.09036
2017,TX_EXP_GBMRCH,Serbia,0.09578
2018,TX_EXP_GBMRCH,Serbia,0.09835
2019,TX_EXP_GBMRCH,Serbia,0.10324
2020,TX_EXP_GBMRCH,Serbia,0.11048
2021,TX_EXP_GBMRCH,Serbia,0.11449
2000,TX_EXP_GBMRCH,Slovakia,0.18337
2001,TX_EXP_GBMRCH,Slovakia,0.2033
2002,TX_EXP_GBMRCH,Slovakia,0.22162
2003,TX_EXP_GBMRCH,Slovakia,0.28771
2004,TX_EXP_GBMRCH,Slovakia,0.30079
2005,TX_EXP_GBMRCH,Slovakia,0.30363
2006,TX_EXP_GBMRCH,Slovakia,0.34517
2007,TX_EXP_GBMRCH,Slovakia,0.41734
2008,TX_EXP_GBMRCH,Slovakia,0.44057
2009,TX_EXP_GBMRCH,Slovakia,0.4466
2010,TX_EXP_GBMRCH,Slovakia,0.42271
2011,TX_EXP_GBMRCH,Slovakia,0.4354
2012,TX_EXP_GBMRCH,Slovakia,0.43564
2013,TX_EXP_GBMRCH,Slovakia,0.45277
2014,TX_EXP_GBMRCH,Slovakia,0.45384
2015,TX_EXP_GBMRCH,Slovakia,0.45394
2016,TX_EXP_GBMRCH,Slovakia,0.48055
2017,TX_EXP_GBMRCH,Slovakia,0.47018
2018,TX_EXP_GBMRCH,Slovakia,0.47789
2019,TX_EXP_GBMRCH,Slovakia,0.47075
2020,TX_EXP_GBMRCH,Slovakia,0.49092
2021,TX_EXP_GBMRCH,Slovakia,0.46379
2000,TX_EXP_GBMRCH,Viet Nam,0.22445
2001,TX_EXP_GBMRCH,Viet Nam,0.24259
2002,TX_EXP_GBMRCH,Viet Nam,0.25702
2003,TX_EXP_GBMRCH,Viet Nam,0.26547
2004,TX_EXP_GBMRCH,Viet Nam,0.28713
2005,TX_EXP_GBMRCH,Viet Nam,0.30889
2020,TX_EXP_GBMRCH,Croatia,0.09742
2021,TX_EXP_GBMRCH,Croatia,0.10217
2000,TX_EXP_GBMRCH,Cyprus,0.01474
2001,TX_EXP_GBMRCH,Cyprus,0.01575
2002,TX_EXP_GBMRCH,Cyprus,0.01297
2003,TX_EXP_GBMRCH,Cyprus,0.01216
2004,TX_EXP_GBMRCH,Cyprus,0.01027
2005,TX_EXP_GBMRCH,Cyprus,0.01395
2006,TX_EXP_GBMRCH,Cyprus,0.01099
2007,TX_EXP_GBMRCH,Cyprus,0.00994
2008,TX_EXP_GBMRCH,Cyprus,0.01011
2006,TX_EXP_GBMRCH,Viet Nam,0.32839
2007,TX_EXP_GBMRCH,Viet Nam,0.34634
2008,TX_EXP_GBMRCH,Viet Nam,0.3882
2009,TX_EXP_GBMRCH,Viet Nam,0.45468
2010,TX_EXP_GBMRCH,Viet Nam,0.47222
2011,TX_EXP_GBMRCH,Viet Nam,0.52853
2012,TX_EXP_GBMRCH,Viet Nam,0.61894
2013,TX_EXP_GBMRCH,Viet Nam,0.69702
2014,TX_EXP_GBMRCH,Viet Nam,0.79063
2015,TX_EXP_GBMRCH,Viet Nam,0.97899
2016,TX_EXP_GBMRCH,Viet Nam,1.10116
2017,TX_EXP_GBMRCH,Viet Nam,1.21197
2018,TX_EXP_GBMRCH,Viet Nam,1.24658
2019,TX_EXP_GBMRCH,Viet Nam,1.38984
2020,TX_EXP_GBMRCH,Viet Nam,1.60144
2021,TX_EXP_GBMRCH,Viet Nam,1.50451
2000,TX_EXP_GBMRCH,Slovenia,0.13591
2001,TX_EXP_GBMRCH,Slovenia,0.14957
2002,TX_EXP_GBMRCH,Slovenia,0.15947
2003,TX_EXP_GBMRCH,Slovenia,0.16819
2004,TX_EXP_GBMRCH,Slovenia,0.17738
2005,TX_EXP_GBMRCH,Slovenia,0.18326
2009,TX_EXP_GBMRCH,Cyprus,0.01001
2010,TX_EXP_GBMRCH,Cyprus,0.00917
2011,TX_EXP_GBMRCH,Cyprus,0.00992
2012,TX_EXP_GBMRCH,Cyprus,0.0094
2013,TX_EXP_GBMRCH,Cyprus,0.01066
2014,TX_EXP_GBMRCH,Cyprus,0.01665
2015,TX_EXP_GBMRCH,Cyprus,0.01991
2016,TX_EXP_GBMRCH,Cyprus,0.01849
2017,TX_EXP_GBMRCH,Cyprus,0.01853
2018,TX_EXP_GBMRCH,Cyprus,0.02584
2019,TX_EXP_GBMRCH,Cyprus,0.01816
2020,TX_EXP_GBMRCH,Cyprus,0.01736
2021,TX_EXP_GBMRCH,Cyprus,0.01696
2000,TX_EXP_GBMRCH,Czechia,0.45088
2001,TX_EXP_GBMRCH,Czechia,0.53789
2002,TX_EXP_GBMRCH,Czechia,0.59219
2003,TX_EXP_GBMRCH,Czechia,0.64164
2004,TX_EXP_GBMRCH,Czechia,0.7479
2005,TX_EXP_GBMRCH,Czechia,0.74371
2006,TX_EXP_GBMRCH,Czechia,0.78273
2007,TX_EXP_GBMRCH,Czechia,0.87367
2008,TX_EXP_GBMRCH,Czechia,0.9091
2009,TX_EXP_GBMRCH,Czechia,0.89951
2010,TX_EXP_GBMRCH,Czechia,0.86932
2011,TX_EXP_GBMRCH,Czechia,0.88868
2012,TX_EXP_GBMRCH,Czechia,0.84868
2013,TX_EXP_GBMRCH,Czechia,0.85691
2014,TX_EXP_GBMRCH,Czechia,0.92118
2015,TX_EXP_GBMRCH,Czechia,0.9537
2016,TX_EXP_GBMRCH,Czechia,1.01455
2017,TX_EXP_GBMRCH,Czechia,1.02668
2018,TX_EXP_GBMRCH,Czechia,1.0345
2019,TX_EXP_GBMRCH,Czechia,1.04725
2006,TX_EXP_GBMRCH,Slovenia,0.19154
2007,TX_EXP_GBMRCH,Slovenia,0.21469
2008,TX_EXP_GBMRCH,Slovenia,0.21135
2009,TX_EXP_GBMRCH,Slovenia,0.20846
2010,TX_EXP_GBMRCH,Slovenia,0.19088
2011,TX_EXP_GBMRCH,Slovenia,0.18916
2012,TX_EXP_GBMRCH,Slovenia,0.17381
2013,TX_EXP_GBMRCH,Slovenia,0.17954
2014,TX_EXP_GBMRCH,Slovenia,0.18924
2015,TX_EXP_GBMRCH,Slovenia,0.19288
2016,TX_EXP_GBMRCH,Slovenia,0.20527
2020,TX_EXP_GBMRCH,Czechia,1.08741
2021,TX_EXP_GBMRCH,Czechia,1.014
2000,TX_EXP_GBMRCH,Denmark,0.79294
2001,TX_EXP_GBMRCH,Denmark,0.83458
2002,TX_EXP_GBMRCH,Denmark,0.88454
2003,TX_EXP_GBMRCH,Denmark,0.8763
2004,TX_EXP_GBMRCH,Denmark,0.83564
2005,TX_EXP_GBMRCH,Denmark,0.81046
2006,TX_EXP_GBMRCH,Denmark,0.76319
2007,TX_EXP_GBMRCH,Denmark,0.73583
2008,TX_EXP_GBMRCH,Denmark,0.72408
2017,TX_EXP_GBMRCH,Slovenia,0.21669
2018,TX_EXP_GBMRCH,Slovenia,0.22609
2019,TX_EXP_GBMRCH,Slovenia,0.23636
2020,TX_EXP_GBMRCH,Slovenia,0.25403
2021,TX_EXP_GBMRCH,Slovenia,0.25686
2000,TX_EXP_GBMRCH,Spain,1.7817
2001,TX_EXP_GBMRCH,Spain,1.88303
2002,TX_EXP_GBMRCH,Spain,1.93366
2003,TX_EXP_GBMRCH,Spain,2.05722
2004,TX_EXP_GBMRCH,Spain,1.97987
2005,TX_EXP_GBMRCH,Spain,1.83423
2006,TX_EXP_GBMRCH,Spain,1.7622
2007,TX_EXP_GBMRCH,Spain,1.80654
2008,TX_EXP_GBMRCH,Spain,1.74323
2009,TX_EXP_GBMRCH,Spain,1.81039
2010,TX_EXP_GBMRCH,Spain,1.66316
2011,TX_EXP_GBMRCH,Spain,1.67194
2012,TX_EXP_GBMRCH,Spain,1.59559
2013,TX_EXP_GBMRCH,Spain,1.67717
2014,TX_EXP_GBMRCH,Spain,1.7081
2015,TX_EXP_GBMRCH,Spain,1.70514
2016,TX_EXP_GBMRCH,Spain,1.80833
2009,TX_EXP_GBMRCH,Denmark,0.74843
2010,TX_EXP_GBMRCH,Denmark,0.63044
2011,TX_EXP_GBMRCH,Denmark,0.61011
2012,TX_EXP_GBMRCH,Denmark,0.56998
2013,TX_EXP_GBMRCH,Denmark,0.58572
2014,TX_EXP_GBMRCH,Denmark,0.58682
2015,TX_EXP_GBMRCH,Denmark,0.57663
2016,TX_EXP_GBMRCH,Denmark,0.59446
2017,TX_EXP_GBMRCH,Denmark,0.57779
2018,TX_EXP_GBMRCH,Denmark,0.56112
2019,TX_EXP_GBMRCH,Denmark,0.58417
2017,TX_EXP_GBMRCH,Spain,1.8011
2018,TX_EXP_GBMRCH,Spain,1.77374
2019,TX_EXP_GBMRCH,Spain,1.75666
2020,TX_EXP_GBMRCH,Spain,1.74699
2021,TX_EXP_GBMRCH,Spain,1.71529
2000,TX_EXP_GBMRCH,Sweden,1.34701
2001,TX_EXP_GBMRCH,Sweden,1.221
2002,TX_EXP_GBMRCH,Sweden,1.25384
2003,TX_EXP_GBMRCH,Sweden,1.34522
2004,TX_EXP_GBMRCH,Sweden,1.33637
2005,TX_EXP_GBMRCH,Sweden,1.24693
2020,TX_EXP_GBMRCH,Denmark,0.61452
2021,TX_EXP_GBMRCH,Denmark,0.56406
2000,TX_EXP_GBMRCH,Estonia,0.05935
2001,TX_EXP_GBMRCH,Estonia,0.06481
2002,TX_EXP_GBMRCH,Estonia,0.06671
2003,TX_EXP_GBMRCH,Estonia,0.07407
2004,TX_EXP_GBMRCH,Estonia,0.06432
2005,TX_EXP_GBMRCH,Estonia,0.07346
2006,TX_EXP_GBMRCH,Estonia,0.07991
2007,TX_EXP_GBMRCH,Estonia,0.07852
2008,TX_EXP_GBMRCH,Estonia,0.07715
2006,TX_EXP_GBMRCH,Sweden,1.21862
2007,TX_EXP_GBMRCH,Sweden,1.20402
2008,TX_EXP_GBMRCH,Sweden,1.13531
2009,TX_EXP_GBMRCH,Sweden,1.04146
2010,TX_EXP_GBMRCH,Sweden,1.03646
2011,TX_EXP_GBMRCH,Sweden,1.01971
2012,TX_EXP_GBMRCH,Sweden,0.93138
2013,TX_EXP_GBMRCH,Sweden,0.88431
2014,TX_EXP_GBMRCH,Sweden,0.86657
2015,TX_EXP_GBMRCH,Sweden,0.84584
2016,TX_EXP_GBMRCH,Sweden,0.86862
2017,TX_EXP_GBMRCH,Sweden,0.86197
2018,TX_EXP_GBMRCH,Sweden,0.84897
2019,TX_EXP_GBMRCH,Sweden,0.8445
2020,TX_EXP_GBMRCH,Sweden,0.88107
2021,TX_EXP_GBMRCH,Sweden,0.84975
2000,TX_EXP_GBMRCH,Switzerland,1.24755
2001,TX_EXP_GBMRCH,Switzerland,1.32591
2002,TX_EXP_GBMRCH,Switzerland,1.41076
2003,TX_EXP_GBMRCH,Switzerland,1.38103
2004,TX_EXP_GBMRCH,Switzerland,1.33179
2005,TX_EXP_GBMRCH,Switzerland,1.24662
2009,TX_EXP_GBMRCH,Estonia,0.07205
2010,TX_EXP_GBMRCH,Estonia,0.07577
2011,TX_EXP_GBMRCH,Estonia,0.09113
2012,TX_EXP_GBMRCH,Estonia,0.08693
2013,TX_EXP_GBMRCH,Estonia,0.08613
2014,TX_EXP_GBMRCH,Estonia,0.08443
2015,TX_EXP_GBMRCH,Estonia,0.07754
2016,TX_EXP_GBMRCH,Estonia,0.08213
2017,TX_EXP_GBMRCH,Estonia,0.08206
2018,TX_EXP_GBMRCH,Estonia,0.08705
2019,TX_EXP_GBMRCH,Estonia,0.08468
2006,TX_EXP_GBMRCH,Switzerland,1.21915
2007,TX_EXP_GBMRCH,Switzerland,1.22728
2008,TX_EXP_GBMRCH,Switzerland,1.24326
2009,TX_EXP_GBMRCH,Switzerland,1.37348
2010,TX_EXP_GBMRCH,Switzerland,1.27872
2011,TX_EXP_GBMRCH,Switzerland,1.28071
2012,TX_EXP_GBMRCH,Switzerland,1.68861
2013,TX_EXP_GBMRCH,Switzerland,1.88915
2014,TX_EXP_GBMRCH,Switzerland,1.63794
2015,TX_EXP_GBMRCH,Switzerland,1.75012
2020,TX_EXP_GBMRCH,Estonia,0.0927
2021,TX_EXP_GBMRCH,Estonia,0.09637
2000,TX_EXP_GBMRCH,Finland,0.71271
2001,TX_EXP_GBMRCH,Finland,0.6979
2002,TX_EXP_GBMRCH,Finland,0.69455
2003,TX_EXP_GBMRCH,Finland,0.70053
2004,TX_EXP_GBMRCH,Finland,0.66696
2005,TX_EXP_GBMRCH,Finland,0.62362
2006,TX_EXP_GBMRCH,Finland,0.6366
2007,TX_EXP_GBMRCH,Finland,0.64207
2008,TX_EXP_GBMRCH,Finland,0.59733
2016,TX_EXP_GBMRCH,Switzerland,1.88889
2017,TX_EXP_GBMRCH,Switzerland,1.68877
2018,TX_EXP_GBMRCH,Switzerland,1.58956
2019,TX_EXP_GBMRCH,Switzerland,1.65104
2020,TX_EXP_GBMRCH,Switzerland,1.80933
2021,TX_EXP_GBMRCH,Switzerland,1.70275
2000,TX_EXP_GBMRCH,Таджикистан,0.01217
2001,TX_EXP_GBMRCH,Таджикистан,0.01049
2002,TX_EXP_GBMRCH,Таджикистан,0.01135
2003,TX_EXP_GBMRCH,Таджикистан,0.0105
2004,TX_EXP_GBMRCH,Таджикистан,0.00992
2005,TX_EXP_GBMRCH,Таджикистан,0.00865
2006,TX_EXP_GBMRCH,Таджикистан,0.01154
2007,TX_EXP_GBMRCH,Таджикистан,0.01047
2008,TX_EXP_GBMRCH,Таджикистан,0.00872
2009,TX_EXP_GBMRCH,Таджикистан,0.00805
2010,TX_EXP_GBMRCH,Таджикистан,0.00781
2011,TX_EXP_GBMRCH,Таджикистан,0.00685
2012,TX_EXP_GBMRCH,Таджикистан,0.00735
2013,TX_EXP_GBMRCH,Таджикистан,0.00613
2014,TX_EXP_GBMRCH,Таджикистан,0.00514
2015,TX_EXP_GBMRCH,Таджикистан,0.00538
2009,TX_EXP_GBMRCH,Finland,0.50053
2010,TX_EXP_GBMRCH,Finland,0.45445
2011,TX_EXP_GBMRCH,Finland,0.43165
2012,TX_EXP_GBMRCH,Finland,0.39492
2013,TX_EXP_GBMRCH,Finland,0.39301
2014,TX_EXP_GBMRCH,Finland,0.39123
2015,TX_EXP_GBMRCH,Finland,0.36134
2016,TX_EXP_GBMRCH,Finland,0.36112
2017,TX_EXP_GBMRCH,Finland,0.38371
2018,TX_EXP_GBMRCH,Finland,0.38809
2019,TX_EXP_GBMRCH,Finland,0.38638
2016,TX_EXP_GBMRCH,Таджикистан,0.00561
2017,TX_EXP_GBMRCH,Таджикистан,0.00675
2018,TX_EXP_GBMRCH,Таджикистан,0.00549
2019,TX_EXP_GBMRCH,Таджикистан,0.00618
2020,TX_EXP_GBMRCH,Таджикистан,0.00797
2021,TX_EXP_GBMRCH,Таджикистан,0.00963
2000,TX_EXP_GBMRCH,United Arab Emirates,0.77232
2001,TX_EXP_GBMRCH,United Arab Emirates,0.78146
2002,TX_EXP_GBMRCH,United Arab Emirates,0.80251
2003,TX_EXP_GBMRCH,United Arab Emirates,0.8845
2004,TX_EXP_GBMRCH,United Arab Emirates,0.98653
2005,TX_EXP_GBMRCH,United Arab Emirates,1.11673
2006,TX_EXP_GBMRCH,United Arab Emirates,1.20044
2007,TX_EXP_GBMRCH,United Arab Emirates,1.27401
2008,TX_EXP_GBMRCH,United Arab Emirates,1.4814
2009,TX_EXP_GBMRCH,United Arab Emirates,1.52897
2010,TX_EXP_GBMRCH,United Arab Emirates,1.39894
2011,TX_EXP_GBMRCH,United Arab Emirates,1.64732
2012,TX_EXP_GBMRCH,United Arab Emirates,1.94404
2013,TX_EXP_GBMRCH,United Arab Emirates,1.97553
2014,TX_EXP_GBMRCH,United Arab Emirates,1.80548
2015,TX_EXP_GBMRCH,United Arab Emirates,1.8151
2020,TX_EXP_GBMRCH,Finland,0.37522
2021,TX_EXP_GBMRCH,Finland,0.36712
2000,TX_EXP_GBMRCH,France,5.06463
2001,TX_EXP_GBMRCH,France,5.21975
2002,TX_EXP_GBMRCH,France,5.10341
2003,TX_EXP_GBMRCH,France,5.1651
2004,TX_EXP_GBMRCH,France,4.90142
2005,TX_EXP_GBMRCH,France,4.41245
2006,TX_EXP_GBMRCH,France,4.08867
2007,TX_EXP_GBMRCH,France,3.99121
2008,TX_EXP_GBMRCH,France,3.81625
2009,TX_EXP_GBMRCH,France,3.8605
2010,TX_EXP_GBMRCH,France,3.42393
2011,TX_EXP_GBMRCH,France,3.25319
2012,TX_EXP_GBMRCH,France,3.0734
2013,TX_EXP_GBMRCH,France,3.06637
2014,TX_EXP_GBMRCH,France,3.06001
2015,TX_EXP_GBMRCH,France,3.05821
2016,TX_EXP_GBMRCH,France,3.12536
2016,TX_EXP_GBMRCH,United Arab Emirates,1.83982
2017,TX_EXP_GBMRCH,United Arab Emirates,1.76769
2018,TX_EXP_GBMRCH,United Arab Emirates,1.98454
2019,TX_EXP_GBMRCH,United Arab Emirates,2.04808
2020,TX_EXP_GBMRCH,United Arab Emirates,1.89986
2021,TX_EXP_GBMRCH,United Arab Emirates,1.90414
2000,TX_EXP_GBMRCH,Türkiye,0.43044
2001,TX_EXP_GBMRCH,Türkiye,0.50577
2002,TX_EXP_GBMRCH,Türkiye,0.55476
2003,TX_EXP_GBMRCH,Türkiye,0.62256
2004,TX_EXP_GBMRCH,Türkiye,0.68481
2017,TX_EXP_GBMRCH,France,3.01731
2018,TX_EXP_GBMRCH,France,2.97822
2019,TX_EXP_GBMRCH,France,3.00274
2020,TX_EXP_GBMRCH,France,2.76872
2021,TX_EXP_GBMRCH,France,2.61897
2000,TX_EXP_GBMRCH,Georgia,0.00501
2001,TX_EXP_GBMRCH,Georgia,0.00513
2002,TX_EXP_GBMRCH,Georgia,0.00532
2003,TX_EXP_GBMRCH,Georgia,0.00607
2004,TX_EXP_GBMRCH,Georgia,0.00701
2005,TX_EXP_GBMRCH,Türkiye,0.69959
2006,TX_EXP_GBMRCH,Türkiye,0.70528
2007,TX_EXP_GBMRCH,Türkiye,0.76507
2008,TX_EXP_GBMRCH,Türkiye,0.81762
2009,TX_EXP_GBMRCH,Türkiye,0.8134
2010,TX_EXP_GBMRCH,Türkiye,0.74447
2011,TX_EXP_GBMRCH,Türkiye,0.73579
2012,TX_EXP_GBMRCH,Türkiye,0.82393
2013,TX_EXP_GBMRCH,Türkiye,0.80139
2014,TX_EXP_GBMRCH,Türkiye,0.87636
2015,TX_EXP_GBMRCH,Türkiye,0.91204
2005,TX_EXP_GBMRCH,Georgia,0.00824
2006,TX_EXP_GBMRCH,Georgia,0.00772
2007,TX_EXP_GBMRCH,Georgia,0.00879
2008,TX_EXP_GBMRCH,Georgia,0.00926
2009,TX_EXP_GBMRCH,Georgia,0.00903
2010,TX_EXP_GBMRCH,Georgia,0.01096
2011,TX_EXP_GBMRCH,Georgia,0.01194
2012,TX_EXP_GBMRCH,Georgia,0.01284
2013,TX_EXP_GBMRCH,Georgia,0.01537
2014,TX_EXP_GBMRCH,Georgia,0.01506
2015,TX_EXP_GBMRCH,Georgia,0.01331
2016,TX_EXP_GBMRCH,Türkiye,0.93071
2017,TX_EXP_GBMRCH,Türkiye,0.92721
2018,TX_EXP_GBMRCH,Türkiye,0.90626
2019,TX_EXP_GBMRCH,Türkiye,0.95103
2020,TX_EXP_GBMRCH,Türkiye,0.9612
2021,TX_EXP_GBMRCH,Türkiye,1.00867
2000,TX_EXP_GBMRCH,Туркменистан,0.03884
2001,TX_EXP_GBMRCH,Туркменистан,0.04358
2002,TX_EXP_GBMRCH,Туркменистан,0.04385
2003,TX_EXP_GBMRCH,Туркменистан,0.04785
2004,TX_EXP_GBMRCH,Туркменистан,0.04196
2016,TX_EXP_GBMRCH,Georgia,0.0132
2017,TX_EXP_GBMRCH,Georgia,0.01548
2018,TX_EXP_GBMRCH,Georgia,0.01729
2019,TX_EXP_GBMRCH,Georgia,0.01998
2020,TX_EXP_GBMRCH,Georgia,0.01894
2021,TX_EXP_GBMRCH,Georgia,0.019
2000,TX_EXP_GBMRCH,Germany,8.53059
2001,TX_EXP_GBMRCH,Germany,9.22707
2002,TX_EXP_GBMRCH,Germany,9.47438
2003,TX_EXP_GBMRCH,Germany,9.90178
2004,TX_EXP_GBMRCH,Germany,9.86436
2005,TX_EXP_GBMRCH,Туркменистан,0.04707
2006,TX_EXP_GBMRCH,Туркменистан,0.059
2007,TX_EXP_GBMRCH,Туркменистан,0.0637
2008,TX_EXP_GBMRCH,Туркменистан,0.07397
2009,TX_EXP_GBMRCH,Туркменистан,0.03982
2010,TX_EXP_GBMRCH,Туркменистан,0.04249
2011,TX_EXP_GBMRCH,Туркменистан,0.0709
2012,TX_EXP_GBMRCH,Туркменистан,0.08917
2013,TX_EXP_GBMRCH,Туркменистан,0.08869
2014,TX_EXP_GBMRCH,Туркменистан,0.09211
2015,TX_EXP_GBMRCH,Туркменистан,0.06041
2005,TX_EXP_GBMRCH,Germany,9.2444
2006,TX_EXP_GBMRCH,Germany,9.13688
2007,TX_EXP_GBMRCH,Germany,9.42303
2008,TX_EXP_GBMRCH,Germany,8.95586
2009,TX_EXP_GBMRCH,Germany,8.91932
2010,TX_EXP_GBMRCH,Germany,8.22974
2011,TX_EXP_GBMRCH,Germany,8.03918
2012,TX_EXP_GBMRCH,Germany,7.57187
2013,TX_EXP_GBMRCH,Germany,7.62797
2014,TX_EXP_GBMRCH,Germany,7.86442
2015,TX_EXP_GBMRCH,Germany,8.01125
2016,TX_EXP_GBMRCH,Туркменистан,0.04343
2017,TX_EXP_GBMRCH,Туркменистан,0.04204
2018,TX_EXP_GBMRCH,Туркменистан,0.04993
2019,TX_EXP_GBMRCH,Туркменистан,0.05543
2020,TX_EXP_GBMRCH,Туркменистан,0.03708
2021,TX_EXP_GBMRCH,Туркменистан,0.04126
2000,TX_EXP_GBMRCH,Ukraine,0.22584
2001,TX_EXP_GBMRCH,Ukraine,0.26254
2002,TX_EXP_GBMRCH,Ukraine,0.27626
2003,TX_EXP_GBMRCH,Ukraine,0.3039
2004,TX_EXP_GBMRCH,Ukraine,0.35414
2005,TX_EXP_GBMRCH,Ukraine,0.3259
2006,TX_EXP_GBMRCH,Ukraine,0.31636
2007,TX_EXP_GBMRCH,Ukraine,0.35158
2008,TX_EXP_GBMRCH,Ukraine,0.41464
2009,TX_EXP_GBMRCH,Ukraine,0.3168
2010,TX_EXP_GBMRCH,Ukraine,0.33652
2011,TX_EXP_GBMRCH,Ukraine,0.37338
2012,TX_EXP_GBMRCH,Ukraine,0.37035
2013,TX_EXP_GBMRCH,Ukraine,0.33965
2014,TX_EXP_GBMRCH,Ukraine,0.28369
2015,TX_EXP_GBMRCH,Ukraine,0.23031
2016,TX_EXP_GBMRCH,Ukraine,0.22674
2017,TX_EXP_GBMRCH,Ukraine,0.24387
2018,TX_EXP_GBMRCH,Ukraine,0.24214
2019,TX_EXP_GBMRCH,Ukraine,0.26324
2020,TX_EXP_GBMRCH,Ukraine,0.27873
2021,TX_EXP_GBMRCH,Ukraine,0.30488
2000,TX_EXP_GBMRCH,North Macedonia,0.0205
2001,TX_EXP_GBMRCH,North Macedonia,0.01869
2002,TX_EXP_GBMRCH,North Macedonia,0.01716
2003,TX_EXP_GBMRCH,North Macedonia,0.01801
2004,TX_EXP_GBMRCH,North Macedonia,0.01817
2005,TX_EXP_GBMRCH,North Macedonia,0.01943
2006,TX_EXP_GBMRCH,North Macedonia,0.0198
2007,TX_EXP_GBMRCH,North Macedonia,0.02424
2008,TX_EXP_GBMRCH,North Macedonia,0.02471
2009,TX_EXP_GBMRCH,North Macedonia,0.02157
2010,TX_EXP_GBMRCH,North Macedonia,0.02191
2011,TX_EXP_GBMRCH,North Macedonia,0.02442
2012,TX_EXP_GBMRCH,North Macedonia,0.0217
2013,TX_EXP_GBMRCH,North Macedonia,0.02269
2014,TX_EXP_GBMRCH,North Macedonia,0.02615
2015,TX_EXP_GBMRCH,North Macedonia,0.0274
2016,TX_EXP_GBMRCH,North Macedonia,0.02987
2017,TX_EXP_GBMRCH,North Macedonia,0.03195
2018,TX_EXP_GBMRCH,North Macedonia,0.03535
2019,TX_EXP_GBMRCH,North Macedonia,0.03781
2020,TX_EXP_GBMRCH,North Macedonia,0.03759
2021,TX_EXP_GBMRCH,North Macedonia,0.03666
2000,TX_EXP_GBMRCH,United Kingdom of Great Britain and Northern Ireland,4.41247
2001,TX_EXP_GBMRCH,United Kingdom of Great Britain and Northern Ireland,4.40197
2002,TX_EXP_GBMRCH,United Kingdom of Great Britain and Northern Ireland,4.31072
2003,TX_EXP_GBMRCH,United Kingdom of Great Britain and Northern Ireland,4.02662
2004,TX_EXP_GBMRCH,United Kingdom of Great Britain and Northern Ireland,3.76728
2005,TX_EXP_GBMRCH,United Kingdom of Great Britain and Northern Ireland,3.66073
2006,TX_EXP_GBMRCH,United Kingdom of Great Britain and Northern Ireland,3.69936
2007,TX_EXP_GBMRCH,United Kingdom of Great Britain and Northern Ireland,3.13164
2008,TX_EXP_GBMRCH,United Kingdom of Great Britain and Northern Ireland,2.84726
2009,TX_EXP_GBMRCH,United Kingdom of Great Britain and Northern Ireland,2.82615
2010,TX_EXP_GBMRCH,United Kingdom of Great Britain and Northern Ireland,2.71918
2011,TX_EXP_GBMRCH,United Kingdom of Great Britain and Northern Ireland,2.76285
2012,TX_EXP_GBMRCH,United Kingdom of Great Britain and Northern Ireland,2.55505
2013,TX_EXP_GBMRCH,United Kingdom of Great Britain and Northern Ireland,2.85071
2014,TX_EXP_GBMRCH,United Kingdom of Great Britain and Northern Ireland,2.68841
2015,TX_EXP_GBMRCH,United Kingdom of Great Britain and Northern Ireland,2.81407
2016,TX_EXP_GBMRCH,United Kingdom of Great Britain and Northern Ireland,2.5621
2017,TX_EXP_GBMRCH,United Kingdom of Great Britain and Northern Ireland,2.48576
2018,TX_EXP_GBMRCH,United Kingdom of Great Britain and Northern Ireland,2.48827
2019,TX_EXP_GBMRCH,United Kingdom of Great Britain and Northern Ireland,2.41937
2016,TX_EXP_GBMRCH,Germany,8.32106
2017,TX_EXP_GBMRCH,Germany,8.16301
2018,TX_EXP_GBMRCH,Germany,7.98257
2019,TX_EXP_GBMRCH,Germany,7.83311
2020,TX_EXP_GBMRCH,Germany,7.83373
2021,TX_EXP_GBMRCH,Germany,7.30884
2000,TX_EXP_GBMRCH,Greece,0.18166
2001,TX_EXP_GBMRCH,Greece,0.18323
2002,TX_EXP_GBMRCH,Greece,0.16022
2003,TX_EXP_GBMRCH,Greece,0.17631
2004,TX_EXP_GBMRCH,Greece,0.16596
2020,TX_EXP_GBMRCH,United Kingdom of Great Britain and Northern Ireland,2.26382
2021,TX_EXP_GBMRCH,United Kingdom of Great Britain and Northern Ireland,2.0968
2000,TX_EXP_GBMRCH,Узбекистан,0.04366
2001,TX_EXP_GBMRCH,Узбекистан,0.04371
2002,TX_EXP_GBMRCH,Узбекистан,0.03866
2003,TX_EXP_GBMRCH,Узбекистан,0.04201
2004,TX_EXP_GBMRCH,Узбекистан,0.0464
2005,TX_EXP_GBMRCH,Узбекистан,0.04522
2006,TX_EXP_GBMRCH,Узбекистан,0.04631
2007,TX_EXP_GBMRCH,Узбекистан,0.05726
2008,TX_EXP_GBMRCH,Узбекистан,0.06377
2009,TX_EXP_GBMRCH,Узбекистан,0.08549
2010,TX_EXP_GBMRCH,Узбекистан,0.07645
2011,TX_EXP_GBMRCH,Узбекистан,0.07229
2012,TX_EXP_GBMRCH,Узбекистан,0.06058
2013,TX_EXP_GBMRCH,Узбекистан,0.06335
2014,TX_EXP_GBMRCH,Узбекистан,0.06053
2015,TX_EXP_GBMRCH,Узбекистан,0.05704
2016,TX_EXP_GBMRCH,Узбекистан,0.05596
2017,TX_EXP_GBMRCH,Узбекистан,0.05681
2018,TX_EXP_GBMRCH,Узбекистан,0.05586
2005,TX_EXP_GBMRCH,Greece,0.16451
2006,TX_EXP_GBMRCH,Greece,0.17109
2007,TX_EXP_GBMRCH,Greece,0.16816
2008,TX_EXP_GBMRCH,Greece,0.16338
2009,TX_EXP_GBMRCH,Greece,0.163
2010,TX_EXP_GBMRCH,Greece,0.18271
2011,TX_EXP_GBMRCH,Greece,0.18445
2012,TX_EXP_GBMRCH,Greece,0.19153
2013,TX_EXP_GBMRCH,Greece,0.1913
2014,TX_EXP_GBMRCH,Greece,0.18927
2015,TX_EXP_GBMRCH,Greece,0.17249
2016,TX_EXP_GBMRCH,Greece,0.17555
2017,TX_EXP_GBMRCH,Greece,0.18391
2018,TX_EXP_GBMRCH,Greece,0.20206
2019,TX_EXP_GBMRCH,Greece,0.19936
2020,TX_EXP_GBMRCH,Greece,0.19944
2021,TX_EXP_GBMRCH,Greece,0.21126
2000,TX_EXP_GBMRCH,Hungary,0.43691
2001,TX_EXP_GBMRCH,Hungary,0.49127
2002,TX_EXP_GBMRCH,Hungary,0.53104
2003,TX_EXP_GBMRCH,Hungary,0.56776
2004,TX_EXP_GBMRCH,Hungary,0.60242
2005,TX_EXP_GBMRCH,Hungary,0.59924
2006,TX_EXP_GBMRCH,Hungary,0.62052
2007,TX_EXP_GBMRCH,Hungary,0.6804
2008,TX_EXP_GBMRCH,Hungary,0.67194
2009,TX_EXP_GBMRCH,Hungary,0.66103
2010,TX_EXP_GBMRCH,Hungary,0.62418
2011,TX_EXP_GBMRCH,Hungary,0.61255
2012,TX_EXP_GBMRCH,Hungary,0.55971
2013,TX_EXP_GBMRCH,Hungary,0.56752
2014,TX_EXP_GBMRCH,Hungary,0.58223
2015,TX_EXP_GBMRCH,Hungary,0.59516
2016,TX_EXP_GBMRCH,Hungary,0.63557
2017,TX_EXP_GBMRCH,Hungary,0.64149
2018,TX_EXP_GBMRCH,Hungary,0.6379
2019,TX_EXP_GBMRCH,Hungary,0.65107
2020,TX_EXP_GBMRCH,Hungary,0.68365
2021,TX_EXP_GBMRCH,Hungary,0.63561
2000,TX_EXP_GBMRCH,Iceland,0.02946
2001,TX_EXP_GBMRCH,Iceland,0.03259
2002,TX_EXP_GBMRCH,Iceland,0.0343
2003,TX_EXP_GBMRCH,Iceland,0.03137
2004,TX_EXP_GBMRCH,Iceland,0.03078
2005,TX_EXP_GBMRCH,Iceland,0.02943
2006,TX_EXP_GBMRCH,Iceland,0.02847
2007,TX_EXP_GBMRCH,Iceland,0.03411
2008,TX_EXP_GBMRCH,Iceland,0.03333
2009,TX_EXP_GBMRCH,Iceland,0.0323
2010,TX_EXP_GBMRCH,Iceland,0.0301
2011,TX_EXP_GBMRCH,Iceland,0.02917
2012,TX_EXP_GBMRCH,Iceland,0.02736
2013,TX_EXP_GBMRCH,Iceland,0.02638
2014,TX_EXP_GBMRCH,Iceland,0.02659
2015,TX_EXP_GBMRCH,Iceland,0.02858
2016,TX_EXP_GBMRCH,Iceland,0.02766
2017,TX_EXP_GBMRCH,Iceland,0.0275
2018,TX_EXP_GBMRCH,Iceland,0.02842
2019,TX_EXP_GBMRCH,Iceland,0.02747
2020,TX_EXP_GBMRCH,Iceland,0.02596
2021,TX_EXP_GBMRCH,Iceland,0.02681
2000,TX_EXP_GBMRCH,India,0.65678
2001,TX_EXP_GBMRCH,India,0.6999
2002,TX_EXP_GBMRCH,India,0.7577
2003,TX_EXP_GBMRCH,India,0.77683
2004,TX_EXP_GBMRCH,India,0.83097
2005,TX_EXP_GBMRCH,India,0.94848
2006,TX_EXP_GBMRCH,India,1.00436
2007,TX_EXP_GBMRCH,India,1.07095
2008,TX_EXP_GBMRCH,India,1.20653
2009,TX_EXP_GBMRCH,India,1.31323
2010,TX_EXP_GBMRCH,India,1.47969
2011,TX_EXP_GBMRCH,India,1.65206
2012,TX_EXP_GBMRCH,India,1.60411
2013,TX_EXP_GBMRCH,India,1.66213
2014,TX_EXP_GBMRCH,India,1.69842
2015,TX_EXP_GBMRCH,India,1.61862
2016,TX_EXP_GBMRCH,India,1.64969
2017,TX_EXP_GBMRCH,India,1.68673
2018,TX_EXP_GBMRCH,India,1.66133
2019,TX_EXP_GBMRCH,India,1.70577
2020,TX_EXP_GBMRCH,India,1.5662
2021,TX_EXP_GBMRCH,India,1.77097
2000,TX_EXP_GBMRCH,Ireland,1.19675
2001,TX_EXP_GBMRCH,Ireland,1.33706
2002,TX_EXP_GBMRCH,Ireland,1.35794
2003,TX_EXP_GBMRCH,Ireland,1.22205
2004,TX_EXP_GBMRCH,Ireland,1.13604
2005,TX_EXP_GBMRCH,Ireland,1.04408
2006,TX_EXP_GBMRCH,Ireland,0.8965
2007,TX_EXP_GBMRCH,Ireland,0.86686
2008,TX_EXP_GBMRCH,Ireland,0.77856
2009,TX_EXP_GBMRCH,Ireland,0.92318
2010,TX_EXP_GBMRCH,Ireland,0.76155
2011,TX_EXP_GBMRCH,Ireland,0.68579
2012,TX_EXP_GBMRCH,Ireland,0.63106
2013,TX_EXP_GBMRCH,Ireland,0.61546
2014,TX_EXP_GBMRCH,Ireland,0.63715
2015,TX_EXP_GBMRCH,Ireland,0.74519
2016,TX_EXP_GBMRCH,Ireland,0.81607
2017,TX_EXP_GBMRCH,Ireland,0.77425
2018,TX_EXP_GBMRCH,Ireland,0.84297
2019,TX_EXP_GBMRCH,Ireland,0.89209
2020,TX_EXP_GBMRCH,Ireland,1.02051
2021,TX_EXP_GBMRCH,Ireland,0.85237
2000,TX_EXP_GBMRCH,Israel,0.48669
2001,TX_EXP_GBMRCH,Israel,0.46887
2002,TX_EXP_GBMRCH,Israel,0.4515
2003,TX_EXP_GBMRCH,Israel,0.41876
2004,TX_EXP_GBMRCH,Israel,0.41867
2005,TX_EXP_GBMRCH,Israel,0.40723
2006,TX_EXP_GBMRCH,Israel,0.3858
2007,TX_EXP_GBMRCH,Israel,0.38579
2008,TX_EXP_GBMRCH,Israel,0.37985
2009,TX_EXP_GBMRCH,Israel,0.38173
2010,TX_EXP_GBMRCH,Israel,0.38185
2011,TX_EXP_GBMRCH,Israel,0.36976
2012,TX_EXP_GBMRCH,Israel,0.34122
2013,TX_EXP_GBMRCH,Israel,0.35163
2014,TX_EXP_GBMRCH,Israel,0.36057
2015,TX_EXP_GBMRCH,Israel,0.38699
2016,TX_EXP_GBMRCH,Israel,0.37772
2017,TX_EXP_GBMRCH,Israel,0.34468
2018,TX_EXP_GBMRCH,Israel,0.3169
2019,TX_EXP_GBMRCH,Israel,0.3077
2020,TX_EXP_GBMRCH,Israel,0.28417
2021,TX_EXP_GBMRCH,Israel,0.26943
2000,TX_EXP_GBMRCH,Italy,3.72744
2001,TX_EXP_GBMRCH,Italy,3.94637
2002,TX_EXP_GBMRCH,Italy,3.91428
2003,TX_EXP_GBMRCH,Italy,3.9437
2004,TX_EXP_GBMRCH,Italy,3.83546
2005,TX_EXP_GBMRCH,Italy,3.55274
2006,TX_EXP_GBMRCH,Italy,3.43734
2007,TX_EXP_GBMRCH,Italy,3.56521
2008,TX_EXP_GBMRCH,Italy,3.36113
2009,TX_EXP_GBMRCH,Italy,3.24038
2010,TX_EXP_GBMRCH,Italy,2.92406
2011,TX_EXP_GBMRCH,Italy,2.85387
2012,TX_EXP_GBMRCH,Italy,2.70915
2013,TX_EXP_GBMRCH,Italy,2.73519
2014,TX_EXP_GBMRCH,Italy,2.78845
2015,TX_EXP_GBMRCH,Italy,2.76055
2016,TX_EXP_GBMRCH,Italy,2.8794
2017,TX_EXP_GBMRCH,Italy,2.86016
2018,TX_EXP_GBMRCH,Italy,2.81097
2019,TX_EXP_GBMRCH,Italy,2.82796
2020,TX_EXP_GBMRCH,Italy,2.83193
2021,TX_EXP_GBMRCH,Italy,2.73325
2000,TX_EXP_GBMRCH,Japan,7.42792
2001,TX_EXP_GBMRCH,Japan,6.51293
2002,TX_EXP_GBMRCH,Japan,6.41121
2003,TX_EXP_GBMRCH,Japan,6.21617
2004,TX_EXP_GBMRCH,Japan,6.13266
2005,TX_EXP_GBMRCH,Japan,5.66463
2006,TX_EXP_GBMRCH,Japan,5.33257
2007,TX_EXP_GBMRCH,Japan,5.09465
2008,TX_EXP_GBMRCH,Japan,4.83913
2009,TX_EXP_GBMRCH,Japan,4.62449
2010,TX_EXP_GBMRCH,Japan,5.03211
2011,TX_EXP_GBMRCH,Japan,4.48968
2012,TX_EXP_GBMRCH,Japan,4.31561
2013,TX_EXP_GBMRCH,Japan,3.77254
2014,TX_EXP_GBMRCH,Japan,3.63271
2015,TX_EXP_GBMRCH,Japan,3.77498
2016,TX_EXP_GBMRCH,Japan,4.02256
2017,TX_EXP_GBMRCH,Japan,3.93627
2018,TX_EXP_GBMRCH,Japan,3.7758
2019,TX_EXP_GBMRCH,Japan,3.7107
2020,TX_EXP_GBMRCH,Japan,3.63385
2021,TX_EXP_GBMRCH,Japan,3.386
2000,TX_EXP_GBMRCH,Казахстан,0.13657
2001,TX_EXP_GBMRCH,Казахстан,0.13944
2002,TX_EXP_GBMRCH,Казахстан,0.14877
2003,TX_EXP_GBMRCH,Казахстан,0.17031
2004,TX_EXP_GBMRCH,Казахстан,0.21784
2005,TX_EXP_GBMRCH,Казахстан,0.26516
2006,TX_EXP_GBMRCH,Казахстан,0.31539
2007,TX_EXP_GBMRCH,Казахстан,0.34059
2008,TX_EXP_GBMRCH,Казахстан,0.44075
2009,TX_EXP_GBMRCH,Казахстан,0.34398
2010,TX_EXP_GBMRCH,Казахстан,0.39204
2011,TX_EXP_GBMRCH,Казахстан,0.45997
2012,TX_EXP_GBMRCH,Казахстан,0.46719
2013,TX_EXP_GBMRCH,Казахстан,0.44714
2014,TX_EXP_GBMRCH,Казахстан,0.41822
2015,TX_EXP_GBMRCH,Казахстан,0.27761
2016,TX_EXP_GBMRCH,Казахстан,0.22877
2017,TX_EXP_GBMRCH,Казахстан,0.27227
2018,TX_EXP_GBMRCH,Казахстан,0.31181
2019,TX_EXP_GBMRCH,Казахстан,0.3014
2020,TX_EXP_GBMRCH,Казахстан,0.26318
2021,TX_EXP_GBMRCH,Казахстан,0.27152
2000,TX_EXP_GBMRCH,Republic of Korea,2.66973
2001,TX_EXP_GBMRCH,Republic of Korea,2.42827
2002,TX_EXP_GBMRCH,Republic of Korea,2.49957
2003,TX_EXP_GBMRCH,Republic of Korea,2.55353
2004,TX_EXP_GBMRCH,Republic of Korea,2.75201
2005,TX_EXP_GBMRCH,Republic of Korea,2.70805
2006,TX_EXP_GBMRCH,Republic of Korea,2.68362
2007,TX_EXP_GBMRCH,Republic of Korea,2.6495
2008,TX_EXP_GBMRCH,Republic of Korea,2.61341
2009,TX_EXP_GBMRCH,Republic of Korea,2.89496
2010,TX_EXP_GBMRCH,Republic of Korea,3.04881
2011,TX_EXP_GBMRCH,Republic of Korea,3.02816
2012,TX_EXP_GBMRCH,Republic of Korea,2.96079
2013,TX_EXP_GBMRCH,Republic of Korea,2.95438
2014,TX_EXP_GBMRCH,Republic of Korea,3.01632
2015,TX_EXP_GBMRCH,Republic of Korea,3.18199
2016,TX_EXP_GBMRCH,Republic of Korea,3.08948
2017,TX_EXP_GBMRCH,Republic of Korea,3.23374
2018,TX_EXP_GBMRCH,Republic of Korea,3.09402
2019,TX_EXP_GBMRCH,Republic of Korea,2.85171
2020,TX_EXP_GBMRCH,Republic of Korea,2.90392
2021,TX_EXP_GBMRCH,Republic of Korea,2.88604
2000,TX_EXP_GBMRCH,Кыргызстан,0.00792
2001,TX_EXP_GBMRCH,Кыргызстан,0.00768
2002,TX_EXP_GBMRCH,Кыргызстан,0.00747
2003,TX_EXP_GBMRCH,Кыргызстан,0.00766
2004,TX_EXP_GBMRCH,Кыргызстан,0.00779
2005,TX_EXP_GBMRCH,Кыргызстан,0.0064
2006,TX_EXP_GBMRCH,Кыргызстан,0.00735
2007,TX_EXP_GBMRCH,Кыргызстан,0.00942
2008,TX_EXP_GBMRCH,Кыргызстан,0.01149
2009,TX_EXP_GBMRCH,Кыргызстан,0.01332
2010,TX_EXP_GBMRCH,Кыргызстан,0.01148
2011,TX_EXP_GBMRCH,Кыргызстан,0.01079
2012,TX_EXP_GBMRCH,Кыргызстан,0.01023
2013,TX_EXP_GBMRCH,Кыргызстан,0.01087
2014,TX_EXP_GBMRCH,Кыргызстан,0.00998
2015,TX_EXP_GBMRCH,Кыргызстан,0.00871
2016,TX_EXP_GBMRCH,Кыргызстан,0.00981
2017,TX_EXP_GBMRCH,Кыргызстан,0.00994
2018,TX_EXP_GBMRCH,Кыргызстан,0.0094
2019,TX_EXP_GBMRCH,Кыргызстан,0.01045
2020,TX_EXP_GBMRCH,Кыргызстан,0.01118
2021,TX_EXP_GBMRCH,Кыргызстан,0.00743
2000,TX_EXP_GBMRCH,Latvia,0.02896
2001,TX_EXP_GBMRCH,Latvia,0.03229
2002,TX_EXP_GBMRCH,Latvia,0.03516
2003,TX_EXP_GBMRCH,Latvia,0.03811
2004,TX_EXP_GBMRCH,Latvia,0.04346
2005,TX_EXP_GBMRCH,Latvia,0.04914
2006,TX_EXP_GBMRCH,Latvia,0.05075
2007,TX_EXP_GBMRCH,Latvia,0.05926
2008,TX_EXP_GBMRCH,Latvia,0.06282
2009,TX_EXP_GBMRCH,Latvia,0.06133
2010,TX_EXP_GBMRCH,Latvia,0.06231
2011,TX_EXP_GBMRCH,Latvia,0.07161
2012,TX_EXP_GBMRCH,Latvia,0.07626
2013,TX_EXP_GBMRCH,Latvia,0.07643
2014,TX_EXP_GBMRCH,Latvia,0.07745
2015,TX_EXP_GBMRCH,Latvia,0.07422
2016,TX_EXP_GBMRCH,Latvia,0.07666
2017,TX_EXP_GBMRCH,Latvia,0.07963
2018,TX_EXP_GBMRCH,Latvia,0.08269
2019,TX_EXP_GBMRCH,Latvia,0.08259
2020,TX_EXP_GBMRCH,Latvia,0.09257
2021,TX_EXP_GBMRCH,Latvia,0.09326
2000,TX_EXP_GBMRCH,Lithuania,0.05903
2001,TX_EXP_GBMRCH,Lithuania,0.07398
2002,TX_EXP_GBMRCH,Lithuania,0.08423
2003,TX_EXP_GBMRCH,Lithuania,0.09436
2004,TX_EXP_GBMRCH,Lithuania,0.10084
2005,TX_EXP_GBMRCH,Lithuania,0.11241
2006,TX_EXP_GBMRCH,Lithuania,0.1166
2007,TX_EXP_GBMRCH,Lithuania,0.12227
2008,TX_EXP_GBMRCH,Lithuania,0.14644
2009,TX_EXP_GBMRCH,Lithuania,0.13103
2010,TX_EXP_GBMRCH,Lithuania,0.13563
2011,TX_EXP_GBMRCH,Lithuania,0.15299
2012,TX_EXP_GBMRCH,Lithuania,0.16002
2013,TX_EXP_GBMRCH,Lithuania,0.17215
2014,TX_EXP_GBMRCH,Lithuania,0.1701
2015,TX_EXP_GBMRCH,Lithuania,0.15339
2016,TX_EXP_GBMRCH,Lithuania,0.15596
2017,TX_EXP_GBMRCH,Lithuania,0.16854
2018,TX_EXP_GBMRCH,Lithuania,0.17053
2019,TX_EXP_GBMRCH,Lithuania,0.17435
2020,TX_EXP_GBMRCH,Lithuania,0.18615
2021,TX_EXP_GBMRCH,Lithuania,0.18285
2000,TX_EXP_GBMRCH,Luxembourg,0.12952
2001,TX_EXP_GBMRCH,Luxembourg,0.15752
2002,TX_EXP_GBMRCH,Luxembourg,0.15714
2003,TX_EXP_GBMRCH,Luxembourg,0.17519
2004,TX_EXP_GBMRCH,Luxembourg,0.17617
2005,TX_EXP_GBMRCH,Luxembourg,0.17897
2006,TX_EXP_GBMRCH,Luxembourg,0.18885
2007,TX_EXP_GBMRCH,Luxembourg,0.15969
2008,TX_EXP_GBMRCH,Luxembourg,0.15912
2009,TX_EXP_GBMRCH,Luxembourg,0.16993
2010,TX_EXP_GBMRCH,Luxembourg,0.1291
2011,TX_EXP_GBMRCH,Luxembourg,0.11381
2012,TX_EXP_GBMRCH,Luxembourg,0.10178
2013,TX_EXP_GBMRCH,Luxembourg,0.09747
2014,TX_EXP_GBMRCH,Luxembourg,0.10052
2015,TX_EXP_GBMRCH,Luxembourg,0.10353
2016,TX_EXP_GBMRCH,Luxembourg,0.0985
2017,TX_EXP_GBMRCH,Luxembourg,0.08884
2018,TX_EXP_GBMRCH,Luxembourg,0.08395
2019,TX_EXP_GBMRCH,Luxembourg,0.08652
2020,TX_EXP_GBMRCH,Luxembourg,0.07842
2021,TX_EXP_GBMRCH,Luxembourg,0.07445
2000,TX_EXP_GBMRCH,Malta,0.03802
2001,TX_EXP_GBMRCH,Malta,0.02941
2002,TX_EXP_GBMRCH,Malta,0.03119
2003,TX_EXP_GBMRCH,Malta,0.02967
2004,TX_EXP_GBMRCH,Malta,0.02729
2005,TX_EXP_GBMRCH,Malta,0.02284
2006,TX_EXP_GBMRCH,Malta,0.02305
2007,TX_EXP_GBMRCH,Malta,0.02195
2008,TX_EXP_GBMRCH,Malta,0.02156
2009,TX_EXP_GBMRCH,Malta,0.02276
2010,TX_EXP_GBMRCH,Malta,0.02344
2011,TX_EXP_GBMRCH,Malta,0.02392
2012,TX_EXP_GBMRCH,Malta,0.02297
2013,TX_EXP_GBMRCH,Malta,0.01918
2014,TX_EXP_GBMRCH,Malta,0.01542
2015,TX_EXP_GBMRCH,Malta,0.01575
2016,TX_EXP_GBMRCH,Malta,0.01987
2017,TX_EXP_GBMRCH,Malta,0.01611
2018,TX_EXP_GBMRCH,Malta,0.01633
2019,TX_EXP_GBMRCH,Malta,0.01671
2020,TX_EXP_GBMRCH,Malta,0.01519
2021,TX_EXP_GBMRCH,Malta,0.01393
2000,TX_EXP_GBMRCH,Mexico,2.5783
2001,TX_EXP_GBMRCH,Mexico,2.55915
2002,TX_EXP_GBMRCH,Mexico,2.47205
2003,TX_EXP_GBMRCH,Mexico,2.17909
2004,TX_EXP_GBMRCH,Mexico,2.03795
2005,TX_EXP_GBMRCH,Mexico,2.03954
2006,TX_EXP_GBMRCH,Mexico,2.06105
2007,TX_EXP_GBMRCH,Mexico,1.93866
2008,TX_EXP_GBMRCH,Mexico,1.80375
2009,TX_EXP_GBMRCH,Mexico,1.82929
2010,TX_EXP_GBMRCH,Mexico,1.95006
2011,TX_EXP_GBMRCH,Mexico,1.90656
2012,TX_EXP_GBMRCH,Mexico,2.00371
2013,TX_EXP_GBMRCH,Mexico,2.00615
2014,TX_EXP_GBMRCH,Mexico,2.08904
2015,TX_EXP_GBMRCH,Mexico,2.2988
2019,TX_EXP_GBMRCH,Узбекистан,0.07375
2020,TX_EXP_GBMRCH,Узбекистан,0.07421
2021,TX_EXP_GBMRCH,Узбекистан,0.06306
2016,TX_EXP_GBMRCH,Mexico,2.33195
2017,TX_EXP_GBMRCH,Mexico,2.30785
2018,TX_EXP_GBMRCH,Mexico,2.30551
2019,TX_EXP_GBMRCH,Mexico,2.42241
2020,TX_EXP_GBMRCH,Mexico,2.36378
2021,TX_EXP_GBMRCH,Mexico,2.21588
2000,TX_EXP_GBMRCH,Republic of Moldova,0.00731
2001,TX_EXP_GBMRCH,Republic of Moldova,0.00917
2002,TX_EXP_GBMRCH,Republic of Moldova,0.00991
2002,TX_EXP_GBMRCH,Republic of Moldova,0.00991
