Year,SeriesCode,Страна ,Value
2000,BN_CAB_XOKA_GD_ZS,China,1.69385
2001,BN_CAB_XOKA_GD_ZS,China,1.29917
2002,BN_CAB_XOKA_GD_ZS,China,2.40876
2003,BN_CAB_XOKA_GD_ZS,China,2.59302
2004,BN_CAB_XOKA_GD_ZS,China,3.52577
2005,BN_CAB_XOKA_GD_ZS,China,5.79092
2006,BN_CAB_XOKA_GD_ZS,China,8.42413
2007,BN_CAB_XOKA_GD_ZS,China,9.94785
2008,BN_CAB_XOKA_GD_ZS,China,9.15412
2009,BN_CAB_XOKA_GD_ZS,China,4.76814
2010,BN_CAB_XOKA_GD_ZS,China,3.90675
2011,BN_CAB_XOKA_GD_ZS,China,1.80225
2012,BN_CAB_XOKA_GD_ZS,China,2.52445
2013,BN_CAB_XOKA_GD_ZS,China,1.54856
2014,BN_CAB_XOKA_GD_ZS,China,2.25328
2015,BN_CAB_XOKA_GD_ZS,China,2.64902
2016,BN_CAB_XOKA_GD_ZS,China,1.70331
2017,BN_CAB_XOKA_GD_ZS,China,1.53266
2018,BN_CAB_XOKA_GD_ZS,China,0.17367
2019,BN_CAB_XOKA_GD_ZS,China,0.72066
2020,BN_CAB_XOKA_GD_ZS,China,1.69418
2021,BN_CAB_XOKA_GD_ZS,China,1.78922
2000,BN_CAB_XOKA_GD_ZS,Colombia,0.84636
2001,BN_CAB_XOKA_GD_ZS,Colombia,-1.05926
2002,BN_CAB_XOKA_GD_ZS,Colombia,-1.316
2003,BN_CAB_XOKA_GD_ZS,Colombia,-0.96364
2004,BN_CAB_XOKA_GD_ZS,Colombia,-0.66154
2005,BN_CAB_XOKA_GD_ZS,Colombia,-1.33756
2006,BN_CAB_XOKA_GD_ZS,Colombia,-1.85066
2007,BN_CAB_XOKA_GD_ZS,Colombia,-2.98262
2008,BN_CAB_XOKA_GD_ZS,Colombia,-2.68275
2009,BN_CAB_XOKA_GD_ZS,Colombia,-1.90751
2010,BN_CAB_XOKA_GD_ZS,Colombia,-2.99516
2011,BN_CAB_XOKA_GD_ZS,Colombia,-2.90631
2012,BN_CAB_XOKA_GD_ZS,Colombia,-3.13813
2013,BN_CAB_XOKA_GD_ZS,Colombia,-3.23596
2014,BN_CAB_XOKA_GD_ZS,Colombia,-5.20019
2015,BN_CAB_XOKA_GD_ZS,Colombia,-6.37253
2016,BN_CAB_XOKA_GD_ZS,Colombia,-4.4503
2017,BN_CAB_XOKA_GD_ZS,Colombia,-3.18207
2018,BN_CAB_XOKA_GD_ZS,Colombia,-4.20138
2019,BN_CAB_XOKA_GD_ZS,Colombia,-4.58285
2020,BN_CAB_XOKA_GD_ZS,Colombia,-3.45797
2021,BN_CAB_XOKA_GD_ZS,Colombia,-5.60363
2000,BN_CAB_XOKA_GD_ZS,Malta,-11.11236
2001,BN_CAB_XOKA_GD_ZS,Malta,-3.4365
2002,BN_CAB_XOKA_GD_ZS,Malta,2.26351
2003,BN_CAB_XOKA_GD_ZS,Malta,-2.84695
2004,BN_CAB_XOKA_GD_ZS,Malta,-3.78744
2005,BN_CAB_XOKA_GD_ZS,Malta,-6.52181
2006,BN_CAB_XOKA_GD_ZS,Malta,-7.82938
2007,BN_CAB_XOKA_GD_ZS,Malta,-2.00922
2008,BN_CAB_XOKA_GD_ZS,Malta,-0.84663
2009,BN_CAB_XOKA_GD_ZS,Malta,-6.41415
2010,BN_CAB_XOKA_GD_ZS,Malta,-4.64482
2000,BN_CAB_XOKA_GD_ZS,Albania,-4.49092
2001,BN_CAB_XOKA_GD_ZS,Albania,-5.54295
2002,BN_CAB_XOKA_GD_ZS,Albania,-9.37244
2003,BN_CAB_XOKA_GD_ZS,Albania,-7.24967
2004,BN_CAB_XOKA_GD_ZS,Albania,-4.98178
2005,BN_CAB_XOKA_GD_ZS,Albania,-7.09724
2006,BN_CAB_XOKA_GD_ZS,Albania,-7.54158
2007,BN_CAB_XOKA_GD_ZS,Albania,-10.7781
2008,BN_CAB_XOKA_GD_ZS,Albania,-15.62853
2009,BN_CAB_XOKA_GD_ZS,Albania,-15.38048
2010,BN_CAB_XOKA_GD_ZS,Albania,-11.36587
2011,BN_CAB_XOKA_GD_ZS,Malta,-0.13497
2012,BN_CAB_XOKA_GD_ZS,Malta,1.59808
2013,BN_CAB_XOKA_GD_ZS,Malta,2.56183
2014,BN_CAB_XOKA_GD_ZS,Malta,8.53006
2015,BN_CAB_XOKA_GD_ZS,Malta,2.70968
2016,BN_CAB_XOKA_GD_ZS,Malta,-0.56872
2017,BN_CAB_XOKA_GD_ZS,Malta,5.95028
2018,BN_CAB_XOKA_GD_ZS,Malta,6.43501
2019,BN_CAB_XOKA_GD_ZS,Malta,4.94373
2020,BN_CAB_XOKA_GD_ZS,Malta,-2.78002
2021,BN_CAB_XOKA_GD_ZS,Malta,-4.63058
2000,BN_CAB_XOKA_GD_ZS,Costa Rica,-4.55956
2001,BN_CAB_XOKA_GD_ZS,Costa Rica,-3.21895
2002,BN_CAB_XOKA_GD_ZS,Costa Rica,-5.1878
2003,BN_CAB_XOKA_GD_ZS,Costa Rica,-5.20903
2004,BN_CAB_XOKA_GD_ZS,Costa Rica,-3.62718
2005,BN_CAB_XOKA_GD_ZS,Costa Rica,-4.29151
2006,BN_CAB_XOKA_GD_ZS,Costa Rica,-4.13248
2007,BN_CAB_XOKA_GD_ZS,Costa Rica,-5.57495
2008,BN_CAB_XOKA_GD_ZS,Costa Rica,-8.37793
2009,BN_CAB_XOKA_GD_ZS,Costa Rica,-1.82328
2011,BN_CAB_XOKA_GD_ZS,Albania,-12.9331
2012,BN_CAB_XOKA_GD_ZS,Albania,-10.20018
2013,BN_CAB_XOKA_GD_ZS,Albania,-9.27419
2014,BN_CAB_XOKA_GD_ZS,Albania,-10.7754
2015,BN_CAB_XOKA_GD_ZS,Albania,-8.60488
2016,BN_CAB_XOKA_GD_ZS,Albania,-7.59083
2017,BN_CAB_XOKA_GD_ZS,Albania,-7.54425
2018,BN_CAB_XOKA_GD_ZS,Albania,-6.70492
2019,BN_CAB_XOKA_GD_ZS,Albania,-7.91371
2020,BN_CAB_XOKA_GD_ZS,Albania,-8.68751
2021,BN_CAB_XOKA_GD_ZS,Albania,-7.5028
2000,BN_CAB_XOKA_GD_ZS,Azerbaijan,-3.18186
2001,BN_CAB_XOKA_GD_ZS,Azerbaijan,-0.90675
2002,BN_CAB_XOKA_GD_ZS,Azerbaijan,-12.32185
2003,BN_CAB_XOKA_GD_ZS,Azerbaijan,-27.77137
2004,BN_CAB_XOKA_GD_ZS,Azerbaijan,-29.82837
2005,BN_CAB_XOKA_GD_ZS,Azerbaijan,1.26316
2006,BN_CAB_XOKA_GD_ZS,Azerbaijan,17.66958
2007,BN_CAB_XOKA_GD_ZS,Azerbaijan,27.28832
2008,BN_CAB_XOKA_GD_ZS,Azerbaijan,33.67854
2009,BN_CAB_XOKA_GD_ZS,Azerbaijan,22.97253
2010,BN_CAB_XOKA_GD_ZS,Azerbaijan,28.42683
2011,BN_CAB_XOKA_GD_ZS,Azerbaijan,25.99623
2012,BN_CAB_XOKA_GD_ZS,Azerbaijan,21.4913
2013,BN_CAB_XOKA_GD_ZS,Azerbaijan,16.49273
2014,BN_CAB_XOKA_GD_ZS,Azerbaijan,13.56754
2015,BN_CAB_XOKA_GD_ZS,Azerbaijan,-0.41921
2016,BN_CAB_XOKA_GD_ZS,Azerbaijan,-3.60046
2017,BN_CAB_XOKA_GD_ZS,Azerbaijan,4.1222
2018,BN_CAB_XOKA_GD_ZS,Azerbaijan,12.84377
2019,BN_CAB_XOKA_GD_ZS,Azerbaijan,9.06062
2000,BN_CAB_XOKA_GD_ZS,Mexico,-2.649
2001,BN_CAB_XOKA_GD_ZS,Mexico,-2.34602
2002,BN_CAB_XOKA_GD_ZS,Mexico,-1.68907
2003,BN_CAB_XOKA_GD_ZS,Mexico,-0.71615
2004,BN_CAB_XOKA_GD_ZS,Mexico,-0.59771
2005,BN_CAB_XOKA_GD_ZS,Mexico,-0.64149
2006,BN_CAB_XOKA_GD_ZS,Mexico,-0.34697
2007,BN_CAB_XOKA_GD_ZS,Mexico,-0.9143
2008,BN_CAB_XOKA_GD_ZS,Mexico,-1.50804
2009,BN_CAB_XOKA_GD_ZS,Mexico,-0.85348
2010,BN_CAB_XOKA_GD_ZS,Mexico,-0.45067
2020,BN_CAB_XOKA_GD_ZS,Azerbaijan,-0.53303
2021,BN_CAB_XOKA_GD_ZS,Azerbaijan,15.17988
2000,BN_CAB_XOKA_GD_ZS,Australia,-3.72423
2001,BN_CAB_XOKA_GD_ZS,Australia,-2.10538
2002,BN_CAB_XOKA_GD_ZS,Australia,-4.04525
2003,BN_CAB_XOKA_GD_ZS,Australia,-6.26906
2004,BN_CAB_XOKA_GD_ZS,Australia,-6.72069
2005,BN_CAB_XOKA_GD_ZS,Australia,-6.23345
2006,BN_CAB_XOKA_GD_ZS,Australia,-6.05939
2007,BN_CAB_XOKA_GD_ZS,Australia,-7.50948
2000,BN_CAB_XOKA_GD_ZS,Türkiye,-3.61644
2001,BN_CAB_XOKA_GD_ZS,Türkiye,1.86368
2002,BN_CAB_XOKA_GD_ZS,Türkiye,-0.26056
2003,BN_CAB_XOKA_GD_ZS,Türkiye,-2.4012
2004,BN_CAB_XOKA_GD_ZS,Türkiye,-3.47245
2005,BN_CAB_XOKA_GD_ZS,Türkiye,-4.14372
2006,BN_CAB_XOKA_GD_ZS,Türkiye,-5.59385
2007,BN_CAB_XOKA_GD_ZS,Türkiye,-5.42257
2008,BN_CAB_XOKA_GD_ZS,Türkiye,-5.11706
2009,BN_CAB_XOKA_GD_ZS,Türkiye,-1.74965
2010,BN_CAB_XOKA_GD_ZS,Türkiye,-5.74265
2010,BN_CAB_XOKA_GD_ZS,Costa Rica,-3.22336
2011,BN_CAB_XOKA_GD_ZS,Costa Rica,-5.29682
2012,BN_CAB_XOKA_GD_ZS,Costa Rica,-5.10482
2013,BN_CAB_XOKA_GD_ZS,Costa Rica,-4.77171
2014,BN_CAB_XOKA_GD_ZS,Costa Rica,-4.716
2015,BN_CAB_XOKA_GD_ZS,Costa Rica,-3.40396
2016,BN_CAB_XOKA_GD_ZS,Costa Rica,-2.13652
2017,BN_CAB_XOKA_GD_ZS,Costa Rica,-3.61677
2018,BN_CAB_XOKA_GD_ZS,Costa Rica,-2.99153
2019,BN_CAB_XOKA_GD_ZS,Costa Rica,-1.2825
2020,BN_CAB_XOKA_GD_ZS,Costa Rica,-1.02761
2021,BN_CAB_XOKA_GD_ZS,Costa Rica,-3.32242
2000,BN_CAB_XOKA_GD_ZS,Croatia,-1.5501
2001,BN_CAB_XOKA_GD_ZS,Croatia,-2.2198
2002,BN_CAB_XOKA_GD_ZS,Croatia,-6.13522
2003,BN_CAB_XOKA_GD_ZS,Croatia,-9.16447
2004,BN_CAB_XOKA_GD_ZS,Croatia,-6.12387
2005,BN_CAB_XOKA_GD_ZS,Croatia,-7.40072
2006,BN_CAB_XOKA_GD_ZS,Croatia,-7.67827
2007,BN_CAB_XOKA_GD_ZS,Croatia,-7.83712
2008,BN_CAB_XOKA_GD_ZS,Croatia,-10.54785
2008,BN_CAB_XOKA_GD_ZS,Australia,-4.93743
2009,BN_CAB_XOKA_GD_ZS,Australia,-5.26567
2010,BN_CAB_XOKA_GD_ZS,Australia,-3.8929
2011,BN_CAB_XOKA_GD_ZS,Australia,-3.17727
2012,BN_CAB_XOKA_GD_ZS,Australia,-4.16855
2013,BN_CAB_XOKA_GD_ZS,Australia,-3.25521
2014,BN_CAB_XOKA_GD_ZS,Australia,-3.09366
2015,BN_CAB_XOKA_GD_ZS,Australia,-4.21724
2016,BN_CAB_XOKA_GD_ZS,Australia,-3.41357
2017,BN_CAB_XOKA_GD_ZS,Australia,-2.71866
2018,BN_CAB_XOKA_GD_ZS,Australia,-2.09288
2011,BN_CAB_XOKA_GD_ZS,Türkiye,-8.87045
2012,BN_CAB_XOKA_GD_ZS,Türkiye,-5.44656
2013,BN_CAB_XOKA_GD_ZS,Türkiye,-5.8318
2014,BN_CAB_XOKA_GD_ZS,Türkiye,-4.1377
2015,BN_CAB_XOKA_GD_ZS,Türkiye,-3.16018
2016,BN_CAB_XOKA_GD_ZS,Türkiye,-3.10891
2017,BN_CAB_XOKA_GD_ZS,Türkiye,-4.75869
2018,BN_CAB_XOKA_GD_ZS,Türkiye,-2.79265
2019,BN_CAB_XOKA_GD_ZS,Türkiye,0.69782
2020,BN_CAB_XOKA_GD_ZS,Türkiye,-4.93371
2021,BN_CAB_XOKA_GD_ZS,Türkiye,-1.67185
2009,BN_CAB_XOKA_GD_ZS,Croatia,-6.45268
2010,BN_CAB_XOKA_GD_ZS,Croatia,-2.44799
2011,BN_CAB_XOKA_GD_ZS,Croatia,-1.64902
2012,BN_CAB_XOKA_GD_ZS,Croatia,-0.36247
2013,BN_CAB_XOKA_GD_ZS,Croatia,-1.04296
2014,BN_CAB_XOKA_GD_ZS,Croatia,0.18797
2015,BN_CAB_XOKA_GD_ZS,Croatia,3.27271
2016,BN_CAB_XOKA_GD_ZS,Croatia,2.31094
2017,BN_CAB_XOKA_GD_ZS,Croatia,3.82353
2018,BN_CAB_XOKA_GD_ZS,Croatia,1.54751
2019,BN_CAB_XOKA_GD_ZS,Croatia,2.72809
2019,BN_CAB_XOKA_GD_ZS,Australia,0.55008
2020,BN_CAB_XOKA_GD_ZS,Australia,2.68301
2021,BN_CAB_XOKA_GD_ZS,Australia,3.6235
2005,BN_CAB_XOKA_GD_ZS,Austria,1.97188
2006,BN_CAB_XOKA_GD_ZS,Austria,3.26926
2007,BN_CAB_XOKA_GD_ZS,Austria,3.78972
2008,BN_CAB_XOKA_GD_ZS,Austria,4.46684
2009,BN_CAB_XOKA_GD_ZS,Austria,2.56465
2010,BN_CAB_XOKA_GD_ZS,Austria,2.92459
2011,BN_CAB_XOKA_GD_ZS,Austria,1.57498
2012,BN_CAB_XOKA_GD_ZS,Austria,1.50022
2020,BN_CAB_XOKA_GD_ZS,Croatia,-0.3215
2021,BN_CAB_XOKA_GD_ZS,Croatia,3.01952
2000,BN_CAB_XOKA_GD_ZS,Cyprus,-4.88748
2001,BN_CAB_XOKA_GD_ZS,Cyprus,-3.09917
2002,BN_CAB_XOKA_GD_ZS,Cyprus,-3.32013
2003,BN_CAB_XOKA_GD_ZS,Cyprus,-2.00767
2004,BN_CAB_XOKA_GD_ZS,Cyprus,-4.77327
2005,BN_CAB_XOKA_GD_ZS,Cyprus,-5.26683
2006,BN_CAB_XOKA_GD_ZS,Cyprus,-6.36794
2007,BN_CAB_XOKA_GD_ZS,Cyprus,-7.63668
2008,BN_CAB_XOKA_GD_ZS,Cyprus,-14.44401
2000,BN_CAB_XOKA_GD_ZS,Ukraine,4.14514
2001,BN_CAB_XOKA_GD_ZS,Ukraine,3.36814
2002,BN_CAB_XOKA_GD_ZS,Ukraine,7.23445
2003,BN_CAB_XOKA_GD_ZS,Ukraine,5.57775
2004,BN_CAB_XOKA_GD_ZS,Ukraine,10.28114
2005,BN_CAB_XOKA_GD_ZS,Ukraine,2.83955
2006,BN_CAB_XOKA_GD_ZS,Ukraine,-1.44702
2007,BN_CAB_XOKA_GD_ZS,Ukraine,-3.53047
2008,BN_CAB_XOKA_GD_ZS,Ukraine,-6.79439
2009,BN_CAB_XOKA_GD_ZS,Ukraine,-1.42819
2010,BN_CAB_XOKA_GD_ZS,Ukraine,-2.13583
2009,BN_CAB_XOKA_GD_ZS,Cyprus,-6.69717
2010,BN_CAB_XOKA_GD_ZS,Cyprus,-10.8469
2011,BN_CAB_XOKA_GD_ZS,Cyprus,-2.19403
2012,BN_CAB_XOKA_GD_ZS,Cyprus,-3.98594
2013,BN_CAB_XOKA_GD_ZS,Cyprus,-1.46016
2014,BN_CAB_XOKA_GD_ZS,Cyprus,-4.12432
2015,BN_CAB_XOKA_GD_ZS,Cyprus,-0.41946
2016,BN_CAB_XOKA_GD_ZS,Cyprus,-4.10321
2017,BN_CAB_XOKA_GD_ZS,Cyprus,-4.94374
2018,BN_CAB_XOKA_GD_ZS,Cyprus,-3.81212
2019,BN_CAB_XOKA_GD_ZS,Cyprus,-5.56767
2013,BN_CAB_XOKA_GD_ZS,Austria,1.94778
2014,BN_CAB_XOKA_GD_ZS,Austria,2.39275
2015,BN_CAB_XOKA_GD_ZS,Austria,1.7368
2016,BN_CAB_XOKA_GD_ZS,Austria,2.72121
2017,BN_CAB_XOKA_GD_ZS,Austria,1.35426
2018,BN_CAB_XOKA_GD_ZS,Austria,0.9625
2019,BN_CAB_XOKA_GD_ZS,Austria,2.39207
2020,BN_CAB_XOKA_GD_ZS,Austria,2.96323
2021,BN_CAB_XOKA_GD_ZS,Austria,0.33867
2000,BN_CAB_XOKA_GD_ZS,Armenia,-15.78121
2001,BN_CAB_XOKA_GD_ZS,Armenia,-10.43982
2011,BN_CAB_XOKA_GD_ZS,Ukraine,-6.04312
2012,BN_CAB_XOKA_GD_ZS,Ukraine,-7.85082
2013,BN_CAB_XOKA_GD_ZS,Ukraine,-8.67092
2014,BN_CAB_XOKA_GD_ZS,Ukraine,-3.44261
2015,BN_CAB_XOKA_GD_ZS,Ukraine,5.53109
2016,BN_CAB_XOKA_GD_ZS,Ukraine,-1.9988
2017,BN_CAB_XOKA_GD_ZS,Ukraine,-3.09839
2018,BN_CAB_XOKA_GD_ZS,Ukraine,-4.91401
2019,BN_CAB_XOKA_GD_ZS,Ukraine,-2.67996
2020,BN_CAB_XOKA_GD_ZS,Ukraine,3.36296
2021,BN_CAB_XOKA_GD_ZS,Ukraine,-1.62381
2000,BN_CAB_XOKA_GD_ZS,North Macedonia,-2.73307
2001,BN_CAB_XOKA_GD_ZS,North Macedonia,-6.34434
2002,BN_CAB_XOKA_GD_ZS,North Macedonia,-9.42564
2003,BN_CAB_XOKA_GD_ZS,North Macedonia,-3.75036
2004,BN_CAB_XOKA_GD_ZS,North Macedonia,-7.94691
2005,BN_CAB_XOKA_GD_ZS,North Macedonia,-2.54534
2006,BN_CAB_XOKA_GD_ZS,North Macedonia,-0.41608
2007,BN_CAB_XOKA_GD_ZS,North Macedonia,-7.26623
2008,BN_CAB_XOKA_GD_ZS,North Macedonia,-12.47076
2009,BN_CAB_XOKA_GD_ZS,North Macedonia,-6.48354
2020,BN_CAB_XOKA_GD_ZS,Cyprus,-10.08824
2021,BN_CAB_XOKA_GD_ZS,Cyprus,-6.89026
2000,BN_CAB_XOKA_GD_ZS,Czechia,-4.35037
2001,BN_CAB_XOKA_GD_ZS,Czechia,-4.82623
2002,BN_CAB_XOKA_GD_ZS,Czechia,-5.18862
2003,BN_CAB_XOKA_GD_ZS,Czechia,-5.78026
2004,BN_CAB_XOKA_GD_ZS,Czechia,-3.7201
2005,BN_CAB_XOKA_GD_ZS,Czechia,-2.04873
2006,BN_CAB_XOKA_GD_ZS,Czechia,-2.55726
2007,BN_CAB_XOKA_GD_ZS,Czechia,-4.70367
2008,BN_CAB_XOKA_GD_ZS,Czechia,-1.86134
2010,BN_CAB_XOKA_GD_ZS,North Macedonia,-2.10791
2011,BN_CAB_XOKA_GD_ZS,North Macedonia,-2.49367
2012,BN_CAB_XOKA_GD_ZS,North Macedonia,-3.27479
2013,BN_CAB_XOKA_GD_ZS,North Macedonia,-1.63764
2014,BN_CAB_XOKA_GD_ZS,North Macedonia,-0.48171
2015,BN_CAB_XOKA_GD_ZS,North Macedonia,-1.71223
2016,BN_CAB_XOKA_GD_ZS,North Macedonia,-2.6639
2017,BN_CAB_XOKA_GD_ZS,North Macedonia,-0.5863
2018,BN_CAB_XOKA_GD_ZS,North Macedonia,0.14327
2019,BN_CAB_XOKA_GD_ZS,North Macedonia,-2.98649
2002,BN_CAB_XOKA_GD_ZS,Armenia,-6.2201
2003,BN_CAB_XOKA_GD_ZS,Armenia,-6.1812
2004,BN_CAB_XOKA_GD_ZS,Armenia,-2.20436
2005,BN_CAB_XOKA_GD_ZS,Armenia,-2.52832
2006,BN_CAB_XOKA_GD_ZS,Armenia,-2.39537
2007,BN_CAB_XOKA_GD_ZS,Armenia,-7.3566
2008,BN_CAB_XOKA_GD_ZS,Armenia,-14.22465
2009,BN_CAB_XOKA_GD_ZS,Armenia,-16.48371
2010,BN_CAB_XOKA_GD_ZS,Armenia,-13.62195
2011,BN_CAB_XOKA_GD_ZS,Armenia,-10.44033
2012,BN_CAB_XOKA_GD_ZS,Armenia,-9.96233
2009,BN_CAB_XOKA_GD_ZS,Czechia,-2.34762
2010,BN_CAB_XOKA_GD_ZS,Czechia,-3.51615
2011,BN_CAB_XOKA_GD_ZS,Czechia,-2.18679
2012,BN_CAB_XOKA_GD_ZS,Czechia,-1.51227
2013,BN_CAB_XOKA_GD_ZS,Czechia,-0.52242
2014,BN_CAB_XOKA_GD_ZS,Czechia,0.21863
2015,BN_CAB_XOKA_GD_ZS,Czechia,0.44953
2016,BN_CAB_XOKA_GD_ZS,Czechia,1.76416
2017,BN_CAB_XOKA_GD_ZS,Czechia,1.3542
2018,BN_CAB_XOKA_GD_ZS,Czechia,0.5059
2019,BN_CAB_XOKA_GD_ZS,Czechia,0.35561
2011,BN_CAB_XOKA_GD_ZS,Mexico,-1.00066
2012,BN_CAB_XOKA_GD_ZS,Mexico,-1.53253
2013,BN_CAB_XOKA_GD_ZS,Mexico,-2.46549
2014,BN_CAB_XOKA_GD_ZS,Mexico,-1.92271
2015,BN_CAB_XOKA_GD_ZS,Mexico,-2.63947
2016,BN_CAB_XOKA_GD_ZS,Mexico,-2.242
2017,BN_CAB_XOKA_GD_ZS,Mexico,-1.72829
2018,BN_CAB_XOKA_GD_ZS,Mexico,-1.99189
2019,BN_CAB_XOKA_GD_ZS,Mexico,-0.26842
2020,BN_CAB_XOKA_GD_ZS,Mexico,2.48537
2021,BN_CAB_XOKA_GD_ZS,Mexico,-0.37843
2020,BN_CAB_XOKA_GD_ZS,Czechia,2.01942
2021,BN_CAB_XOKA_GD_ZS,Czechia,-0.80982
2000,BN_CAB_XOKA_GD_ZS,Denmark,1.37783
2001,BN_CAB_XOKA_GD_ZS,Denmark,2.94194
2002,BN_CAB_XOKA_GD_ZS,Denmark,1.93714
2003,BN_CAB_XOKA_GD_ZS,Denmark,3.19266
2004,BN_CAB_XOKA_GD_ZS,Denmark,2.36336
2005,BN_CAB_XOKA_GD_ZS,Denmark,4.1621
2006,BN_CAB_XOKA_GD_ZS,Denmark,3.3447
2007,BN_CAB_XOKA_GD_ZS,Denmark,1.51571
2008,BN_CAB_XOKA_GD_ZS,Denmark,2.94688
2000,BN_CAB_XOKA_GD_ZS,Republic of Moldova,-7.62091
2001,BN_CAB_XOKA_GD_ZS,Republic of Moldova,-1.80864
2002,BN_CAB_XOKA_GD_ZS,Republic of Moldova,-1.19147
2003,BN_CAB_XOKA_GD_ZS,Republic of Moldova,-6.56921
2004,BN_CAB_XOKA_GD_ZS,Republic of Moldova,-1.77543
2005,BN_CAB_XOKA_GD_ZS,Republic of Moldova,-7.55635
2006,BN_CAB_XOKA_GD_ZS,Republic of Moldova,-11.3378
2007,BN_CAB_XOKA_GD_ZS,Republic of Moldova,-15.24815
2008,BN_CAB_XOKA_GD_ZS,Republic of Moldova,-16.11221
2009,BN_CAB_XOKA_GD_ZS,Republic of Moldova,-8.91988
2009,BN_CAB_XOKA_GD_ZS,Denmark,3.52491
2010,BN_CAB_XOKA_GD_ZS,Denmark,6.53768
2011,BN_CAB_XOKA_GD_ZS,Denmark,6.59353
2012,BN_CAB_XOKA_GD_ZS,Denmark,6.25433
2013,BN_CAB_XOKA_GD_ZS,Denmark,7.76684
2014,BN_CAB_XOKA_GD_ZS,Denmark,8.88212
2015,BN_CAB_XOKA_GD_ZS,Denmark,8.24429
2016,BN_CAB_XOKA_GD_ZS,Denmark,7.76485
2017,BN_CAB_XOKA_GD_ZS,Denmark,8.04951
2018,BN_CAB_XOKA_GD_ZS,Denmark,7.21946
2019,BN_CAB_XOKA_GD_ZS,Denmark,8.81681
2010,BN_CAB_XOKA_GD_ZS,Republic of Moldova,-6.9028
2011,BN_CAB_XOKA_GD_ZS,Republic of Moldova,-10.12501
2012,BN_CAB_XOKA_GD_ZS,Republic of Moldova,-7.39017
2013,BN_CAB_XOKA_GD_ZS,Republic of Moldova,-5.16294
2014,BN_CAB_XOKA_GD_ZS,Republic of Moldova,-5.97569
2015,BN_CAB_XOKA_GD_ZS,Republic of Moldova,-5.9758
2016,BN_CAB_XOKA_GD_ZS,Republic of Moldova,-3.57333
2017,BN_CAB_XOKA_GD_ZS,Republic of Moldova,-5.74359
2018,BN_CAB_XOKA_GD_ZS,Republic of Moldova,-10.57714
2019,BN_CAB_XOKA_GD_ZS,Republic of Moldova,-9.23689
2020,BN_CAB_XOKA_GD_ZS,North Macedonia,-2.91537
2021,BN_CAB_XOKA_GD_ZS,North Macedonia,-3.03925
2000,BN_CAB_XOKA_GD_ZS,United Kingdom of Great Britain and Northern Ireland,-1.84704
2001,BN_CAB_XOKA_GD_ZS,United Kingdom of Great Britain and Northern Ireland,-1.8057
2002,BN_CAB_XOKA_GD_ZS,United Kingdom of Great Britain and Northern Ireland,-2.03632
2003,BN_CAB_XOKA_GD_ZS,United Kingdom of Great Britain and Northern Ireland,-1.88412
2004,BN_CAB_XOKA_GD_ZS,United Kingdom of Great Britain and Northern Ireland,-2.36212
2005,BN_CAB_XOKA_GD_ZS,United Kingdom of Great Britain and Northern Ireland,-2.0343
2006,BN_CAB_XOKA_GD_ZS,United Kingdom of Great Britain and Northern Ireland,-3.16451
2007,BN_CAB_XOKA_GD_ZS,United Kingdom of Great Britain and Northern Ireland,-3.78627
2013,BN_CAB_XOKA_GD_ZS,Armenia,-7.31625
2014,BN_CAB_XOKA_GD_ZS,Armenia,-7.76787
2015,BN_CAB_XOKA_GD_ZS,Armenia,-2.66181
2016,BN_CAB_XOKA_GD_ZS,Armenia,-0.95658
2017,BN_CAB_XOKA_GD_ZS,Armenia,-1.50884
2018,BN_CAB_XOKA_GD_ZS,Armenia,-7.41966
2019,BN_CAB_XOKA_GD_ZS,Armenia,-7.32034
2020,BN_CAB_XOKA_GD_ZS,Armenia,-3.77964
2021,BN_CAB_XOKA_GD_ZS,Armenia,-3.71626
2002,BN_CAB_XOKA_GD_ZS,Belgium,4.49803
2003,BN_CAB_XOKA_GD_ZS,Belgium,3.39724
2020,BN_CAB_XOKA_GD_ZS,Denmark,8.15043
2021,BN_CAB_XOKA_GD_ZS,Denmark,8.15088
2000,BN_CAB_XOKA_GD_ZS,Estonia,-5.25816
2001,BN_CAB_XOKA_GD_ZS,Estonia,-5.19008
2002,BN_CAB_XOKA_GD_ZS,Estonia,-10.57741
2003,BN_CAB_XOKA_GD_ZS,Estonia,-12.92392
2004,BN_CAB_XOKA_GD_ZS,Estonia,-11.98563
2005,BN_CAB_XOKA_GD_ZS,Estonia,-8.6347
2006,BN_CAB_XOKA_GD_ZS,Estonia,-14.97433
2007,BN_CAB_XOKA_GD_ZS,Estonia,-14.80278
2008,BN_CAB_XOKA_GD_ZS,Estonia,-8.85897
2008,BN_CAB_XOKA_GD_ZS,United Kingdom of Great Britain and Northern Ireland,-3.98804
2009,BN_CAB_XOKA_GD_ZS,United Kingdom of Great Britain and Northern Ireland,-3.11852
2010,BN_CAB_XOKA_GD_ZS,United Kingdom of Great Britain and Northern Ireland,-2.8948
2011,BN_CAB_XOKA_GD_ZS,United Kingdom of Great Britain and Northern Ireland,-1.8039
2012,BN_CAB_XOKA_GD_ZS,United Kingdom of Great Britain and Northern Ireland,-3.29026
2013,BN_CAB_XOKA_GD_ZS,United Kingdom of Great Britain and Northern Ireland,-4.7827
2014,BN_CAB_XOKA_GD_ZS,United Kingdom of Great Britain and Northern Ireland,-5.13811
2015,BN_CAB_XOKA_GD_ZS,United Kingdom of Great Britain and Northern Ireland,-5.06696
2016,BN_CAB_XOKA_GD_ZS,United Kingdom of Great Britain and Northern Ireland,-5.54047
2017,BN_CAB_XOKA_GD_ZS,United Kingdom of Great Britain and Northern Ireland,-3.61033
2004,BN_CAB_XOKA_GD_ZS,Belgium,3.09696
2005,BN_CAB_XOKA_GD_ZS,Belgium,1.99655
2006,BN_CAB_XOKA_GD_ZS,Belgium,1.85029
2007,BN_CAB_XOKA_GD_ZS,Belgium,1.49569
2008,BN_CAB_XOKA_GD_ZS,Belgium,-0.83124
2009,BN_CAB_XOKA_GD_ZS,Belgium,1.8163
2010,BN_CAB_XOKA_GD_ZS,Belgium,1.52422
2011,BN_CAB_XOKA_GD_ZS,Belgium,-1.94313
2012,BN_CAB_XOKA_GD_ZS,Belgium,-0.08336
2013,BN_CAB_XOKA_GD_ZS,Belgium,0.97337
2014,BN_CAB_XOKA_GD_ZS,Belgium,0.75486
2020,BN_CAB_XOKA_GD_ZS,Republic of Moldova,-7.47824
2021,BN_CAB_XOKA_GD_ZS,Republic of Moldova,-12.42283
2007,BN_CAB_XOKA_GD_ZS,Montenegro,-39.7768
2008,BN_CAB_XOKA_GD_ZS,Montenegro,-49.64724
2009,BN_CAB_XOKA_GD_ZS,Montenegro,-27.68575
2010,BN_CAB_XOKA_GD_ZS,Montenegro,-20.56604
2011,BN_CAB_XOKA_GD_ZS,Montenegro,-14.62713
2012,BN_CAB_XOKA_GD_ZS,Montenegro,-15.6239
2013,BN_CAB_XOKA_GD_ZS,Montenegro,-11.45161
2014,BN_CAB_XOKA_GD_ZS,Montenegro,-12.41697
2015,BN_CAB_XOKA_GD_ZS,Belgium,1.37633
2016,BN_CAB_XOKA_GD_ZS,Belgium,0.55598
2017,BN_CAB_XOKA_GD_ZS,Belgium,0.69977
2018,BN_CAB_XOKA_GD_ZS,Belgium,-0.87304
2019,BN_CAB_XOKA_GD_ZS,Belgium,0.09467
2020,BN_CAB_XOKA_GD_ZS,Belgium,1.08566
2021,BN_CAB_XOKA_GD_ZS,Belgium,0.49101
2000,BN_CAB_XOKA_GD_ZS,Bosnia and Herzegovina,-7.10726
2001,BN_CAB_XOKA_GD_ZS,Bosnia and Herzegovina,-12.80579
2002,BN_CAB_XOKA_GD_ZS,Bosnia and Herzegovina,-17.695
2018,BN_CAB_XOKA_GD_ZS,United Kingdom of Great Britain and Northern Ireland,-4.06482
2019,BN_CAB_XOKA_GD_ZS,United Kingdom of Great Britain and Northern Ireland,-2.82734
2020,BN_CAB_XOKA_GD_ZS,United Kingdom of Great Britain and Northern Ireland,-3.24683
2021,BN_CAB_XOKA_GD_ZS,United Kingdom of Great Britain and Northern Ireland,-2.01002
2005,BN_CAB_XOKA_GD_ZS,Узбекистан,8.01198
2006,BN_CAB_XOKA_GD_ZS,Узбекистан,9.97907
2007,BN_CAB_XOKA_GD_ZS,Узбекистан,8.10081
2008,BN_CAB_XOKA_GD_ZS,Узбекистан,10.77251
2009,BN_CAB_XOKA_GD_ZS,Узбекистан,5.22382
2010,BN_CAB_XOKA_GD_ZS,Узбекистан,4.57918
2009,BN_CAB_XOKA_GD_ZS,Estonia,2.67765
2010,BN_CAB_XOKA_GD_ZS,Estonia,1.74374
2011,BN_CAB_XOKA_GD_ZS,Estonia,1.31054
2012,BN_CAB_XOKA_GD_ZS,Estonia,-1.87569
2013,BN_CAB_XOKA_GD_ZS,Estonia,0.30025
2014,BN_CAB_XOKA_GD_ZS,Estonia,0.64975
2015,BN_CAB_XOKA_GD_ZS,Estonia,1.76173
2016,BN_CAB_XOKA_GD_ZS,Estonia,1.24856
2017,BN_CAB_XOKA_GD_ZS,Estonia,2.27982
2018,BN_CAB_XOKA_GD_ZS,Estonia,0.88654
2019,BN_CAB_XOKA_GD_ZS,Estonia,2.36728
2003,BN_CAB_XOKA_GD_ZS,Bosnia and Herzegovina,-19.19203
2004,BN_CAB_XOKA_GD_ZS,Bosnia and Herzegovina,-16.139
2005,BN_CAB_XOKA_GD_ZS,Bosnia and Herzegovina,-16.43416
2006,BN_CAB_XOKA_GD_ZS,Bosnia and Herzegovina,-7.75853
2007,BN_CAB_XOKA_GD_ZS,Bosnia and Herzegovina,-9.19041
2008,BN_CAB_XOKA_GD_ZS,Bosnia and Herzegovina,-13.83284
2009,BN_CAB_XOKA_GD_ZS,Bosnia and Herzegovina,-6.44525
2010,BN_CAB_XOKA_GD_ZS,Bosnia and Herzegovina,-6.0003
2011,BN_CAB_XOKA_GD_ZS,Bosnia and Herzegovina,-9.47895
2012,BN_CAB_XOKA_GD_ZS,Bosnia and Herzegovina,-8.62589
2020,BN_CAB_XOKA_GD_ZS,Estonia,-1.18011
2021,BN_CAB_XOKA_GD_ZS,Estonia,-1.90725
2000,BN_CAB_XOKA_GD_ZS,Finland,8.35355
2001,BN_CAB_XOKA_GD_ZS,Finland,9.32736
2002,BN_CAB_XOKA_GD_ZS,Finland,8.61212
2003,BN_CAB_XOKA_GD_ZS,Finland,4.97476
2004,BN_CAB_XOKA_GD_ZS,Finland,6.35851
2005,BN_CAB_XOKA_GD_ZS,Finland,3.79861
2006,BN_CAB_XOKA_GD_ZS,Finland,3.68379
2007,BN_CAB_XOKA_GD_ZS,Finland,3.73598
2008,BN_CAB_XOKA_GD_ZS,Finland,1.9985
2011,BN_CAB_XOKA_GD_ZS,Узбекистан,4.62505
2012,BN_CAB_XOKA_GD_ZS,Узбекистан,1.79107
2013,BN_CAB_XOKA_GD_ZS,Узбекистан,1.79797
2014,BN_CAB_XOKA_GD_ZS,Узбекистан,2.56777
2015,BN_CAB_XOKA_GD_ZS,Узбекистан,1.03907
2016,BN_CAB_XOKA_GD_ZS,Узбекистан,0.24755
2017,BN_CAB_XOKA_GD_ZS,Узбекистан,2.38056
2018,BN_CAB_XOKA_GD_ZS,Узбекистан,-6.82683
2019,BN_CAB_XOKA_GD_ZS,Узбекистан,-5.61863
2020,BN_CAB_XOKA_GD_ZS,Узбекистан,-5.02124
2015,BN_CAB_XOKA_GD_ZS,Montenegro,-10.92897
2016,BN_CAB_XOKA_GD_ZS,Montenegro,-16.16363
2017,BN_CAB_XOKA_GD_ZS,Montenegro,-15.67775
2018,BN_CAB_XOKA_GD_ZS,Montenegro,-17.12496
2019,BN_CAB_XOKA_GD_ZS,Montenegro,-14.36533
2020,BN_CAB_XOKA_GD_ZS,Montenegro,-25.93424
2021,BN_CAB_XOKA_GD_ZS,Montenegro,-9.21427
2000,BN_CAB_XOKA_GD_ZS,Netherlands (Kingdom of the),1.73837
2001,BN_CAB_XOKA_GD_ZS,Netherlands (Kingdom of the),2.27393
2002,BN_CAB_XOKA_GD_ZS,Netherlands (Kingdom of the),2.32819
2009,BN_CAB_XOKA_GD_ZS,Finland,1.73874
2010,BN_CAB_XOKA_GD_ZS,Finland,1.11947
2011,BN_CAB_XOKA_GD_ZS,Finland,-1.7407
2012,BN_CAB_XOKA_GD_ZS,Finland,-2.28389
2013,BN_CAB_XOKA_GD_ZS,Finland,-1.78953
2014,BN_CAB_XOKA_GD_ZS,Finland,-1.37892
2015,BN_CAB_XOKA_GD_ZS,Finland,-0.94205
2016,BN_CAB_XOKA_GD_ZS,Finland,-2.01089
2017,BN_CAB_XOKA_GD_ZS,Finland,-0.76373
2018,BN_CAB_XOKA_GD_ZS,Finland,-1.87109
2019,BN_CAB_XOKA_GD_ZS,Finland,-0.32752
2013,BN_CAB_XOKA_GD_ZS,Bosnia and Herzegovina,-5.32604
2014,BN_CAB_XOKA_GD_ZS,Bosnia and Herzegovina,-7.35101
2015,BN_CAB_XOKA_GD_ZS,Bosnia and Herzegovina,-5.09529
2016,BN_CAB_XOKA_GD_ZS,Bosnia and Herzegovina,-4.75523
2017,BN_CAB_XOKA_GD_ZS,Bosnia and Herzegovina,-4.84387
2018,BN_CAB_XOKA_GD_ZS,Bosnia and Herzegovina,-3.27874
2019,BN_CAB_XOKA_GD_ZS,Bosnia and Herzegovina,-2.63293
2020,BN_CAB_XOKA_GD_ZS,Bosnia and Herzegovina,-3.30118
2021,BN_CAB_XOKA_GD_ZS,Bosnia and Herzegovina,-2.38767
2000,BN_CAB_XOKA_GD_ZS,Bulgaria,-5.31251
2020,BN_CAB_XOKA_GD_ZS,Finland,0.7979
2021,BN_CAB_XOKA_GD_ZS,Finland,0.63758
2000,BN_CAB_XOKA_GD_ZS,France,1.18078
2001,BN_CAB_XOKA_GD_ZS,France,1.52181
2002,BN_CAB_XOKA_GD_ZS,France,1.17563
2003,BN_CAB_XOKA_GD_ZS,France,0.8666
2004,BN_CAB_XOKA_GD_ZS,France,0.43245
2005,BN_CAB_XOKA_GD_ZS,France,-0.00649
2006,BN_CAB_XOKA_GD_ZS,France,0.02216
2007,BN_CAB_XOKA_GD_ZS,France,-0.32769
2008,BN_CAB_XOKA_GD_ZS,France,-0.9611
2001,BN_CAB_XOKA_GD_ZS,Bulgaria,-5.67313
2002,BN_CAB_XOKA_GD_ZS,Bulgaria,-1.94502
2003,BN_CAB_XOKA_GD_ZS,Bulgaria,-4.83403
2004,BN_CAB_XOKA_GD_ZS,Bulgaria,-6.3886
2005,BN_CAB_XOKA_GD_ZS,Bulgaria,-11.20549
2006,BN_CAB_XOKA_GD_ZS,Bulgaria,-17.05429
2007,BN_CAB_XOKA_GD_ZS,Bulgaria,-25.74
2008,BN_CAB_XOKA_GD_ZS,Bulgaria,-21.79705
2009,BN_CAB_XOKA_GD_ZS,Bulgaria,-8.18155
2010,BN_CAB_XOKA_GD_ZS,Bulgaria,-1.90328
2011,BN_CAB_XOKA_GD_ZS,Bulgaria,0.47243
2009,BN_CAB_XOKA_GD_ZS,France,-0.81823
2010,BN_CAB_XOKA_GD_ZS,France,-0.83287
2011,BN_CAB_XOKA_GD_ZS,France,-1.02991
2012,BN_CAB_XOKA_GD_ZS,France,-1.225
2013,BN_CAB_XOKA_GD_ZS,France,-0.86713
2014,BN_CAB_XOKA_GD_ZS,France,-1.30795
2015,BN_CAB_XOKA_GD_ZS,France,-0.37432
2016,BN_CAB_XOKA_GD_ZS,France,-0.49354
2017,BN_CAB_XOKA_GD_ZS,France,-0.69277
2018,BN_CAB_XOKA_GD_ZS,France,-0.8737
2019,BN_CAB_XOKA_GD_ZS,France,0.50201
2012,BN_CAB_XOKA_GD_ZS,Bulgaria,-0.9735
2013,BN_CAB_XOKA_GD_ZS,Bulgaria,1.21598
2014,BN_CAB_XOKA_GD_ZS,Bulgaria,1.30905
2015,BN_CAB_XOKA_GD_ZS,Bulgaria,-0.24259
2016,BN_CAB_XOKA_GD_ZS,Bulgaria,2.89293
2017,BN_CAB_XOKA_GD_ZS,Bulgaria,3.35702
2018,BN_CAB_XOKA_GD_ZS,Bulgaria,0.84287
2019,BN_CAB_XOKA_GD_ZS,Bulgaria,1.83351
2020,BN_CAB_XOKA_GD_ZS,Bulgaria,-0.0444
2021,BN_CAB_XOKA_GD_ZS,Bulgaria,-0.44454
2000,BN_CAB_XOKA_GD_ZS,Belarus,-3.6045
2003,BN_CAB_XOKA_GD_ZS,Netherlands (Kingdom of the),5.15318
2004,BN_CAB_XOKA_GD_ZS,Netherlands (Kingdom of the),6.73082
2005,BN_CAB_XOKA_GD_ZS,Netherlands (Kingdom of the),6.06557
2006,BN_CAB_XOKA_GD_ZS,Netherlands (Kingdom of the),7.7927
2007,BN_CAB_XOKA_GD_ZS,Netherlands (Kingdom of the),5.89865
2008,BN_CAB_XOKA_GD_ZS,Netherlands (Kingdom of the),4.09328
2009,BN_CAB_XOKA_GD_ZS,Netherlands (Kingdom of the),5.74433
2010,BN_CAB_XOKA_GD_ZS,Netherlands (Kingdom of the),7.29346
2011,BN_CAB_XOKA_GD_ZS,Netherlands (Kingdom of the),8.98884
2012,BN_CAB_XOKA_GD_ZS,Netherlands (Kingdom of the),10.67011
2020,BN_CAB_XOKA_GD_ZS,France,-1.75599
2021,BN_CAB_XOKA_GD_ZS,France,0.33627
2000,BN_CAB_XOKA_GD_ZS,Georgia,-5.7531
2001,BN_CAB_XOKA_GD_ZS,Georgia,-6.12192
2002,BN_CAB_XOKA_GD_ZS,Georgia,-6.38781
2003,BN_CAB_XOKA_GD_ZS,Georgia,-9.57608
2004,BN_CAB_XOKA_GD_ZS,Georgia,-6.94983
2005,BN_CAB_XOKA_GD_ZS,Georgia,-10.85131
2006,BN_CAB_XOKA_GD_ZS,Georgia,-15.38079
2007,BN_CAB_XOKA_GD_ZS,Georgia,-19.58202
2008,BN_CAB_XOKA_GD_ZS,Georgia,-21.97104
2001,BN_CAB_XOKA_GD_ZS,Belarus,-4.28011
2002,BN_CAB_XOKA_GD_ZS,Belarus,-2.2317
2003,BN_CAB_XOKA_GD_ZS,Belarus,-2.55837
2004,BN_CAB_XOKA_GD_ZS,Belarus,-5.14985
2005,BN_CAB_XOKA_GD_ZS,Belarus,1.51816
2006,BN_CAB_XOKA_GD_ZS,Belarus,-3.75572
2007,BN_CAB_XOKA_GD_ZS,Belarus,-6.65343
2008,BN_CAB_XOKA_GD_ZS,Belarus,-8.16049
2009,BN_CAB_XOKA_GD_ZS,Belarus,-12.05447
2010,BN_CAB_XOKA_GD_ZS,Belarus,-14.47018
2011,BN_CAB_XOKA_GD_ZS,Belarus,-8.18115
2012,BN_CAB_XOKA_GD_ZS,Belarus,-2.83504
2013,BN_CAB_XOKA_GD_ZS,Belarus,-10.0192
2014,BN_CAB_XOKA_GD_ZS,Belarus,-6.63297
2015,BN_CAB_XOKA_GD_ZS,Belarus,-3.24348
2016,BN_CAB_XOKA_GD_ZS,Belarus,-3.37743
2017,BN_CAB_XOKA_GD_ZS,Belarus,-1.74029
2018,BN_CAB_XOKA_GD_ZS,Belarus,0.03815
2019,BN_CAB_XOKA_GD_ZS,Belarus,-1.93418
2020,BN_CAB_XOKA_GD_ZS,Belarus,-0.29069
2021,BN_CAB_XOKA_GD_ZS,Belarus,3.15692
2000,BN_CAB_XOKA_GD_ZS,Canada,2.48323
2013,BN_CAB_XOKA_GD_ZS,Netherlands (Kingdom of the),9.74685
2014,BN_CAB_XOKA_GD_ZS,Netherlands (Kingdom of the),8.5133
2015,BN_CAB_XOKA_GD_ZS,Netherlands (Kingdom of the),5.24602
2016,BN_CAB_XOKA_GD_ZS,Netherlands (Kingdom of the),7.07766
2017,BN_CAB_XOKA_GD_ZS,Netherlands (Kingdom of the),8.91172
2018,BN_CAB_XOKA_GD_ZS,Netherlands (Kingdom of the),9.31488
2019,BN_CAB_XOKA_GD_ZS,Netherlands (Kingdom of the),6.92138
2020,BN_CAB_XOKA_GD_ZS,Netherlands (Kingdom of the),5.14331
2021,BN_CAB_XOKA_GD_ZS,Netherlands (Kingdom of the),7.22108
2000,BN_CAB_XOKA_GD_ZS,New Zealand,-3.30285
2001,BN_CAB_XOKA_GD_ZS,Canada,2.13237
2002,BN_CAB_XOKA_GD_ZS,Canada,1.64503
2003,BN_CAB_XOKA_GD_ZS,Canada,1.16499
2004,BN_CAB_XOKA_GD_ZS,Canada,2.26315
2005,BN_CAB_XOKA_GD_ZS,Canada,1.86966
2006,BN_CAB_XOKA_GD_ZS,Canada,1.36366
2007,BN_CAB_XOKA_GD_ZS,Canada,0.75236
2008,BN_CAB_XOKA_GD_ZS,Canada,0.20463
2009,BN_CAB_XOKA_GD_ZS,Canada,-2.96628
2010,BN_CAB_XOKA_GD_ZS,Canada,-3.59619
2011,BN_CAB_XOKA_GD_ZS,Canada,-2.77401
2001,BN_CAB_XOKA_GD_ZS,New Zealand,-0.77644
2002,BN_CAB_XOKA_GD_ZS,New Zealand,-2.09522
2003,BN_CAB_XOKA_GD_ZS,New Zealand,-2.40599
2004,BN_CAB_XOKA_GD_ZS,New Zealand,-4.50791
2005,BN_CAB_XOKA_GD_ZS,New Zealand,-6.99537
2006,BN_CAB_XOKA_GD_ZS,New Zealand,-7.06517
2007,BN_CAB_XOKA_GD_ZS,New Zealand,-6.79702
2008,BN_CAB_XOKA_GD_ZS,New Zealand,-7.70948
2009,BN_CAB_XOKA_GD_ZS,New Zealand,-2.48011
2010,BN_CAB_XOKA_GD_ZS,New Zealand,-2.34059
2011,BN_CAB_XOKA_GD_ZS,New Zealand,-2.86577
2012,BN_CAB_XOKA_GD_ZS,New Zealand,-3.90865
2013,BN_CAB_XOKA_GD_ZS,New Zealand,-3.05746
2014,BN_CAB_XOKA_GD_ZS,New Zealand,-3.09167
2015,BN_CAB_XOKA_GD_ZS,New Zealand,-2.61856
2016,BN_CAB_XOKA_GD_ZS,New Zealand,-2.12677
2017,BN_CAB_XOKA_GD_ZS,New Zealand,-2.80829
2018,BN_CAB_XOKA_GD_ZS,New Zealand,-4.04618
2019,BN_CAB_XOKA_GD_ZS,New Zealand,-2.78537
2020,BN_CAB_XOKA_GD_ZS,New Zealand,-0.95099
2012,BN_CAB_XOKA_GD_ZS,Canada,-3.53225
2013,BN_CAB_XOKA_GD_ZS,Canada,-3.14688
2014,BN_CAB_XOKA_GD_ZS,Canada,-2.31892
2015,BN_CAB_XOKA_GD_ZS,Canada,-3.51399
2016,BN_CAB_XOKA_GD_ZS,Canada,-3.09311
2017,BN_CAB_XOKA_GD_ZS,Canada,-2.80343
2018,BN_CAB_XOKA_GD_ZS,Canada,-2.38507
2019,BN_CAB_XOKA_GD_ZS,Canada,-2.03408
2020,BN_CAB_XOKA_GD_ZS,Canada,-1.77558
2021,BN_CAB_XOKA_GD_ZS,Canada,0.04158
2000,BN_CAB_XOKA_GD_ZS,Chile,-1.147
2009,BN_CAB_XOKA_GD_ZS,Georgia,-10.59871
2010,BN_CAB_XOKA_GD_ZS,Georgia,-9.79134
2011,BN_CAB_XOKA_GD_ZS,Georgia,-12.19981
2012,BN_CAB_XOKA_GD_ZS,Georgia,-11.41858
2013,BN_CAB_XOKA_GD_ZS,Georgia,-5.55857
2014,BN_CAB_XOKA_GD_ZS,Georgia,-10.12187
2015,BN_CAB_XOKA_GD_ZS,Georgia,-11.81642
2016,BN_CAB_XOKA_GD_ZS,Georgia,-12.48624
2017,BN_CAB_XOKA_GD_ZS,Georgia,-8.05427
2018,BN_CAB_XOKA_GD_ZS,Georgia,-6.77511
2019,BN_CAB_XOKA_GD_ZS,Georgia,-5.86441
2020,BN_CAB_XOKA_GD_ZS,Georgia,-12.50163
2021,BN_CAB_XOKA_GD_ZS,Georgia,-10.39982
2000,BN_CAB_XOKA_GD_ZS,Germany,-1.74047
2001,BN_CAB_XOKA_GD_ZS,Germany,-0.36486
2002,BN_CAB_XOKA_GD_ZS,Germany,1.91103
2003,BN_CAB_XOKA_GD_ZS,Germany,1.43847
2004,BN_CAB_XOKA_GD_ZS,Germany,4.53056
2005,BN_CAB_XOKA_GD_ZS,Germany,4.67487
2006,BN_CAB_XOKA_GD_ZS,Germany,5.79311
2007,BN_CAB_XOKA_GD_ZS,Germany,6.88284
2008,BN_CAB_XOKA_GD_ZS,Germany,5.69386
2021,BN_CAB_XOKA_GD_ZS,New Zealand,-5.93363
2000,BN_CAB_XOKA_GD_ZS,Norway,14.64482
2001,BN_CAB_XOKA_GD_ZS,Norway,15.83341
2002,BN_CAB_XOKA_GD_ZS,Norway,12.41229
2003,BN_CAB_XOKA_GD_ZS,Norway,12.10255
2004,BN_CAB_XOKA_GD_ZS,Norway,12.47582
2005,BN_CAB_XOKA_GD_ZS,Norway,16.17677
2006,BN_CAB_XOKA_GD_ZS,Norway,16.17942
2007,BN_CAB_XOKA_GD_ZS,Norway,12.40403
2008,BN_CAB_XOKA_GD_ZS,Norway,15.77395
2009,BN_CAB_XOKA_GD_ZS,Norway,11.69605
2009,BN_CAB_XOKA_GD_ZS,Germany,5.8962
2010,BN_CAB_XOKA_GD_ZS,Germany,5.77033
2011,BN_CAB_XOKA_GD_ZS,Germany,6.18704
2012,BN_CAB_XOKA_GD_ZS,Germany,7.13186
2013,BN_CAB_XOKA_GD_ZS,Germany,6.57196
2014,BN_CAB_XOKA_GD_ZS,Germany,7.16519
2015,BN_CAB_XOKA_GD_ZS,Germany,8.59608
2016,BN_CAB_XOKA_GD_ZS,Germany,8.50411
2017,BN_CAB_XOKA_GD_ZS,Germany,7.81757
2018,BN_CAB_XOKA_GD_ZS,Germany,7.97592
2019,BN_CAB_XOKA_GD_ZS,Germany,7.57175
2010,BN_CAB_XOKA_GD_ZS,Norway,11.72182
2011,BN_CAB_XOKA_GD_ZS,Norway,13.3365
2012,BN_CAB_XOKA_GD_ZS,Norway,12.48176
2013,BN_CAB_XOKA_GD_ZS,Norway,10.22451
2014,BN_CAB_XOKA_GD_ZS,Norway,11.028
2015,BN_CAB_XOKA_GD_ZS,Norway,8.06259
2016,BN_CAB_XOKA_GD_ZS,Norway,4.00348
2017,BN_CAB_XOKA_GD_ZS,Norway,5.4343
2018,BN_CAB_XOKA_GD_ZS,Norway,8.00033
2019,BN_CAB_XOKA_GD_ZS,Norway,2.94338
2020,BN_CAB_XOKA_GD_ZS,Norway,1.16587
2020,BN_CAB_XOKA_GD_ZS,Germany,7.04944
2021,BN_CAB_XOKA_GD_ZS,Germany,7.36523
2000,BN_CAB_XOKA_GD_ZS,Greece,-7.52538
2001,BN_CAB_XOKA_GD_ZS,Greece,-6.89836
2002,BN_CAB_XOKA_GD_ZS,Greece,-6.20816
2003,BN_CAB_XOKA_GD_ZS,Greece,-6.33137
2004,BN_CAB_XOKA_GD_ZS,Greece,-5.59942
2005,BN_CAB_XOKA_GD_ZS,Greece,-7.34996
2006,BN_CAB_XOKA_GD_ZS,Greece,-10.81219
2007,BN_CAB_XOKA_GD_ZS,Greece,-13.97894
2008,BN_CAB_XOKA_GD_ZS,Greece,-14.41298
2009,BN_CAB_XOKA_GD_ZS,Greece,-10.84958
2010,BN_CAB_XOKA_GD_ZS,Greece,-10.18515
2011,BN_CAB_XOKA_GD_ZS,Greece,-10.10591
2012,BN_CAB_XOKA_GD_ZS,Greece,-2.55014
2013,BN_CAB_XOKA_GD_ZS,Greece,-2.07157
2014,BN_CAB_XOKA_GD_ZS,Greece,-1.58615
2015,BN_CAB_XOKA_GD_ZS,Greece,-0.82347
2016,BN_CAB_XOKA_GD_ZS,Greece,-1.68837
2017,BN_CAB_XOKA_GD_ZS,Greece,-1.8044
2018,BN_CAB_XOKA_GD_ZS,Greece,-2.94673
2019,BN_CAB_XOKA_GD_ZS,Greece,-1.5162
2021,BN_CAB_XOKA_GD_ZS,Norway,14.83924
2000,BN_CAB_XOKA_GD_ZS,Poland,-6.00571
2001,BN_CAB_XOKA_GD_ZS,Poland,-3.11463
2002,BN_CAB_XOKA_GD_ZS,Poland,-2.78492
2003,BN_CAB_XOKA_GD_ZS,Poland,-2.51254
2004,BN_CAB_XOKA_GD_ZS,Poland,-5.73282
2005,BN_CAB_XOKA_GD_ZS,Poland,-2.88916
2006,BN_CAB_XOKA_GD_ZS,Poland,-4.32445
2007,BN_CAB_XOKA_GD_ZS,Poland,-6.69746
2008,BN_CAB_XOKA_GD_ZS,Poland,-6.99126
2009,BN_CAB_XOKA_GD_ZS,Poland,-4.22115
2010,BN_CAB_XOKA_GD_ZS,Poland,-5.60441
2011,BN_CAB_XOKA_GD_ZS,Poland,-5.40559
2012,BN_CAB_XOKA_GD_ZS,Poland,-4.07744
2013,BN_CAB_XOKA_GD_ZS,Poland,-1.83514
2014,BN_CAB_XOKA_GD_ZS,Poland,-2.63631
2015,BN_CAB_XOKA_GD_ZS,Poland,-0.91111
2016,BN_CAB_XOKA_GD_ZS,Poland,-0.79124
2017,BN_CAB_XOKA_GD_ZS,Poland,-0.39417
2018,BN_CAB_XOKA_GD_ZS,Poland,-1.2801
2019,BN_CAB_XOKA_GD_ZS,Poland,0.47512
2020,BN_CAB_XOKA_GD_ZS,Poland,2.88915
2020,BN_CAB_XOKA_GD_ZS,Greece,-6.57031
2021,BN_CAB_XOKA_GD_ZS,Greece,-6.44928
2000,BN_CAB_XOKA_GD_ZS,Hungary,-8.83885
2001,BN_CAB_XOKA_GD_ZS,Hungary,-6.12021
2002,BN_CAB_XOKA_GD_ZS,Hungary,-6.45099
2003,BN_CAB_XOKA_GD_ZS,Hungary,-8.25455
2004,BN_CAB_XOKA_GD_ZS,Hungary,-9.07204
2005,BN_CAB_XOKA_GD_ZS,Hungary,-9.87695
2006,BN_CAB_XOKA_GD_ZS,Hungary,-7.27842
2007,BN_CAB_XOKA_GD_ZS,Hungary,-7.28307
2008,BN_CAB_XOKA_GD_ZS,Hungary,-7.02667
2001,BN_CAB_XOKA_GD_ZS,Chile,-1.53827
2002,BN_CAB_XOKA_GD_ZS,Chile,-0.8252
2003,BN_CAB_XOKA_GD_ZS,Chile,-0.29042
2004,BN_CAB_XOKA_GD_ZS,Chile,2.84739
2005,BN_CAB_XOKA_GD_ZS,Chile,1.49174
2006,BN_CAB_XOKA_GD_ZS,Chile,4.55293
2007,BN_CAB_XOKA_GD_ZS,Chile,4.30155
2008,BN_CAB_XOKA_GD_ZS,Chile,-3.72837
2009,BN_CAB_XOKA_GD_ZS,Chile,1.87852
2010,BN_CAB_XOKA_GD_ZS,Chile,1.4135
2011,BN_CAB_XOKA_GD_ZS,Chile,-2.72006
2021,BN_CAB_XOKA_GD_ZS,Poland,-0.67231
2000,BN_CAB_XOKA_GD_ZS,Portugal,-10.82333
2001,BN_CAB_XOKA_GD_ZS,Portugal,-10.43441
2002,BN_CAB_XOKA_GD_ZS,Portugal,-8.31756
2003,BN_CAB_XOKA_GD_ZS,Portugal,-6.66692
2004,BN_CAB_XOKA_GD_ZS,Portugal,-7.98339
2005,BN_CAB_XOKA_GD_ZS,Portugal,-9.60021
2006,BN_CAB_XOKA_GD_ZS,Portugal,-10.23021
2007,BN_CAB_XOKA_GD_ZS,Portugal,-9.65792
2008,BN_CAB_XOKA_GD_ZS,Portugal,-11.85598
2009,BN_CAB_XOKA_GD_ZS,Portugal,-10.26748
2010,BN_CAB_XOKA_GD_ZS,Portugal,-10.24998
2011,BN_CAB_XOKA_GD_ZS,Portugal,-6.00499
2012,BN_CAB_XOKA_GD_ZS,Portugal,-1.64724
2013,BN_CAB_XOKA_GD_ZS,Portugal,1.64325
2014,BN_CAB_XOKA_GD_ZS,Portugal,0.14826
2015,BN_CAB_XOKA_GD_ZS,Portugal,0.23604
2016,BN_CAB_XOKA_GD_ZS,Portugal,1.16899
2017,BN_CAB_XOKA_GD_ZS,Portugal,1.37213
2018,BN_CAB_XOKA_GD_ZS,Portugal,0.5455
2019,BN_CAB_XOKA_GD_ZS,Portugal,0.42202
2020,BN_CAB_XOKA_GD_ZS,Portugal,-1.00072
2021,BN_CAB_XOKA_GD_ZS,Portugal,-1.17751
2000,BN_CAB_XOKA_GD_ZS,Romania,-3.63727
2001,BN_CAB_XOKA_GD_ZS,Romania,-5.51803
2002,BN_CAB_XOKA_GD_ZS,Romania,-3.31046
2003,BN_CAB_XOKA_GD_ZS,Romania,-5.72773
2004,BN_CAB_XOKA_GD_ZS,Romania,-8.51244
2005,BN_CAB_XOKA_GD_ZS,Romania,-8.67477
2006,BN_CAB_XOKA_GD_ZS,Romania,-10.66617
2007,BN_CAB_XOKA_GD_ZS,Romania,-13.70351
2008,BN_CAB_XOKA_GD_ZS,Romania,-11.65865
2009,BN_CAB_XOKA_GD_ZS,Romania,-4.72944
2010,BN_CAB_XOKA_GD_ZS,Romania,-4.98646
2011,BN_CAB_XOKA_GD_ZS,Romania,-4.81613
2012,BN_CAB_XOKA_GD_ZS,Romania,-4.57765
2013,BN_CAB_XOKA_GD_ZS,Romania,-0.96342
2014,BN_CAB_XOKA_GD_ZS,Romania,-0.28427
2015,BN_CAB_XOKA_GD_ZS,Romania,-0.78483
2016,BN_CAB_XOKA_GD_ZS,Romania,-1.62128
2017,BN_CAB_XOKA_GD_ZS,Romania,-3.13313
2018,BN_CAB_XOKA_GD_ZS,Romania,-4.57677
2019,BN_CAB_XOKA_GD_ZS,Romania,-4.85397
2020,BN_CAB_XOKA_GD_ZS,Romania,-4.98666
2021,BN_CAB_XOKA_GD_ZS,Romania,-7.26077
2007,BN_CAB_XOKA_GD_ZS,Serbia,-17.42839
2008,BN_CAB_XOKA_GD_ZS,Serbia,-20.18844
2009,BN_CAB_XOKA_GD_ZS,Serbia,-6.19854
2010,BN_CAB_XOKA_GD_ZS,Serbia,-6.43778
2011,BN_CAB_XOKA_GD_ZS,Serbia,-10.32971
2012,BN_CAB_XOKA_GD_ZS,Serbia,-10.91353
2013,BN_CAB_XOKA_GD_ZS,Serbia,-5.77377
2014,BN_CAB_XOKA_GD_ZS,Serbia,-5.59831
2015,BN_CAB_XOKA_GD_ZS,Serbia,-3.45515
2016,BN_CAB_XOKA_GD_ZS,Serbia,-2.92442
2017,BN_CAB_XOKA_GD_ZS,Serbia,-5.25754
2018,BN_CAB_XOKA_GD_ZS,Serbia,-4.85597
2019,BN_CAB_XOKA_GD_ZS,Serbia,-6.86278
2020,BN_CAB_XOKA_GD_ZS,Serbia,-4.07968
2021,BN_CAB_XOKA_GD_ZS,Serbia,-4.34691
2000,BN_CAB_XOKA_GD_ZS,Slovakia,-2.37414
2001,BN_CAB_XOKA_GD_ZS,Slovakia,-5.66116
2002,BN_CAB_XOKA_GD_ZS,Slovakia,-5.53849
2003,BN_CAB_XOKA_GD_ZS,Slovakia,-0.60089
2004,BN_CAB_XOKA_GD_ZS,Slovakia,-7.5894
2005,BN_CAB_XOKA_GD_ZS,Slovakia,-8.15993
2006,BN_CAB_XOKA_GD_ZS,Slovakia,-7.70481
2007,BN_CAB_XOKA_GD_ZS,Slovakia,-5.35208
2008,BN_CAB_XOKA_GD_ZS,Slovakia,-6.21571
2009,BN_CAB_XOKA_GD_ZS,Slovakia,-3.37893
2010,BN_CAB_XOKA_GD_ZS,Slovakia,-4.61774
2011,BN_CAB_XOKA_GD_ZS,Slovakia,-4.91305
2012,BN_CAB_XOKA_GD_ZS,Slovakia,0.93994
2013,BN_CAB_XOKA_GD_ZS,Slovakia,1.81654
2014,BN_CAB_XOKA_GD_ZS,Slovakia,1.18186
2015,BN_CAB_XOKA_GD_ZS,Slovakia,-2.08017
2016,BN_CAB_XOKA_GD_ZS,Slovakia,-2.70419
2017,BN_CAB_XOKA_GD_ZS,Slovakia,-1.93777
2018,BN_CAB_XOKA_GD_ZS,Slovakia,-2.16037
2019,BN_CAB_XOKA_GD_ZS,Slovakia,-3.34085
2020,BN_CAB_XOKA_GD_ZS,Slovakia,0.62974
2021,BN_CAB_XOKA_GD_ZS,Slovakia,-2.4671
2000,BN_CAB_XOKA_GD_ZS,Viet Nam,3.548
2001,BN_CAB_XOKA_GD_ZS,Viet Nam,2.08657
2002,BN_CAB_XOKA_GD_ZS,Viet Nam,-1.72256
2003,BN_CAB_XOKA_GD_ZS,Viet Nam,-4.88212
2004,BN_CAB_XOKA_GD_ZS,Viet Nam,-2.10664
2005,BN_CAB_XOKA_GD_ZS,Viet Nam,-0.97199
2006,BN_CAB_XOKA_GD_ZS,Viet Nam,-0.2467
2007,BN_CAB_XOKA_GD_ZS,Viet Nam,-8.98166
2008,BN_CAB_XOKA_GD_ZS,Viet Nam,-10.91795
2009,BN_CAB_XOKA_GD_ZS,Viet Nam,-6.2331
2010,BN_CAB_XOKA_GD_ZS,Viet Nam,-2.90487
2011,BN_CAB_XOKA_GD_ZS,Viet Nam,0.13674
2012,BN_CAB_XOKA_GD_ZS,Viet Nam,4.82078
2013,BN_CAB_XOKA_GD_ZS,Viet Nam,3.62409
2014,BN_CAB_XOKA_GD_ZS,Viet Nam,4.00897
2015,BN_CAB_XOKA_GD_ZS,Viet Nam,-0.85305
2016,BN_CAB_XOKA_GD_ZS,Viet Nam,0.2431
2017,BN_CAB_XOKA_GD_ZS,Viet Nam,-0.5861
2018,BN_CAB_XOKA_GD_ZS,Viet Nam,1.90236
2019,BN_CAB_XOKA_GD_ZS,Viet Nam,3.91824
2020,BN_CAB_XOKA_GD_ZS,Viet Nam,4.34487
2021,BN_CAB_XOKA_GD_ZS,Viet Nam,-1.04114
2000,BN_CAB_XOKA_GD_ZS,Slovenia,-2.69842
2001,BN_CAB_XOKA_GD_ZS,Slovenia,0.14993
2002,BN_CAB_XOKA_GD_ZS,Slovenia,1.03789
2003,BN_CAB_XOKA_GD_ZS,Slovenia,-0.72786
2004,BN_CAB_XOKA_GD_ZS,Slovenia,-2.59336
2005,BN_CAB_XOKA_GD_ZS,Slovenia,-1.8795
2006,BN_CAB_XOKA_GD_ZS,Slovenia,-1.76102
2007,BN_CAB_XOKA_GD_ZS,Slovenia,-4.19124
2008,BN_CAB_XOKA_GD_ZS,Slovenia,-5.28234
2009,BN_CAB_XOKA_GD_ZS,Slovenia,-1.07834
2010,BN_CAB_XOKA_GD_ZS,Slovenia,-0.76023
2011,BN_CAB_XOKA_GD_ZS,Slovenia,-0.83648
2012,BN_CAB_XOKA_GD_ZS,Slovenia,1.28828
2013,BN_CAB_XOKA_GD_ZS,Slovenia,3.29043
2014,BN_CAB_XOKA_GD_ZS,Slovenia,5.09747
2015,BN_CAB_XOKA_GD_ZS,Slovenia,3.81907
2016,BN_CAB_XOKA_GD_ZS,Slovenia,4.78742
2017,BN_CAB_XOKA_GD_ZS,Slovenia,6.24588
2018,BN_CAB_XOKA_GD_ZS,Slovenia,5.96091
2019,BN_CAB_XOKA_GD_ZS,Slovenia,5.94557
2020,BN_CAB_XOKA_GD_ZS,Slovenia,7.55636
2021,BN_CAB_XOKA_GD_ZS,Slovenia,3.84131
2000,BN_CAB_XOKA_GD_ZS,Spain,-4.33319
2001,BN_CAB_XOKA_GD_ZS,Spain,-4.389
2002,BN_CAB_XOKA_GD_ZS,Spain,-3.70391
2003,BN_CAB_XOKA_GD_ZS,Spain,-3.86823
2004,BN_CAB_XOKA_GD_ZS,Spain,-5.48868
2005,BN_CAB_XOKA_GD_ZS,Spain,-7.2735
2006,BN_CAB_XOKA_GD_ZS,Spain,-8.84897
2007,BN_CAB_XOKA_GD_ZS,Spain,-9.44962
2008,BN_CAB_XOKA_GD_ZS,Spain,-8.92939
2009,BN_CAB_XOKA_GD_ZS,Spain,-4.05096
2010,BN_CAB_XOKA_GD_ZS,Spain,-3.67409
2011,BN_CAB_XOKA_GD_ZS,Spain,-2.69973
2012,BN_CAB_XOKA_GD_ZS,Spain,0.05549
2013,BN_CAB_XOKA_GD_ZS,Spain,2.03514
2014,BN_CAB_XOKA_GD_ZS,Spain,1.65199
2015,BN_CAB_XOKA_GD_ZS,Spain,2.01543
2016,BN_CAB_XOKA_GD_ZS,Spain,3.1858
2017,BN_CAB_XOKA_GD_ZS,Spain,2.80663
2018,BN_CAB_XOKA_GD_ZS,Spain,1.86266
2019,BN_CAB_XOKA_GD_ZS,Spain,2.0976
2020,BN_CAB_XOKA_GD_ZS,Spain,0.62998
2021,BN_CAB_XOKA_GD_ZS,Spain,0.94194
2000,BN_CAB_XOKA_GD_ZS,Sweden,4.44721
2001,BN_CAB_XOKA_GD_ZS,Sweden,6.17417
2002,BN_CAB_XOKA_GD_ZS,Sweden,4.66651
2003,BN_CAB_XOKA_GD_ZS,Sweden,5.85396
2004,BN_CAB_XOKA_GD_ZS,Sweden,5.94682
2005,BN_CAB_XOKA_GD_ZS,Sweden,6.01281
2006,BN_CAB_XOKA_GD_ZS,Sweden,8.14686
2007,BN_CAB_XOKA_GD_ZS,Sweden,8.1277
2008,BN_CAB_XOKA_GD_ZS,Sweden,7.88149
2009,BN_CAB_XOKA_GD_ZS,Sweden,5.93723
2010,BN_CAB_XOKA_GD_ZS,Sweden,5.88848
2011,BN_CAB_XOKA_GD_ZS,Sweden,5.47616
2012,BN_CAB_XOKA_GD_ZS,Sweden,5.50556
2013,BN_CAB_XOKA_GD_ZS,Sweden,5.23206
2014,BN_CAB_XOKA_GD_ZS,Sweden,4.20943
2015,BN_CAB_XOKA_GD_ZS,Sweden,3.31617
2016,BN_CAB_XOKA_GD_ZS,Sweden,2.35698
2017,BN_CAB_XOKA_GD_ZS,Sweden,2.97405
2018,BN_CAB_XOKA_GD_ZS,Sweden,2.70112
2019,BN_CAB_XOKA_GD_ZS,Sweden,5.49964
2020,BN_CAB_XOKA_GD_ZS,Sweden,5.91756
2021,BN_CAB_XOKA_GD_ZS,Sweden,5.36055
2000,BN_CAB_XOKA_GD_ZS,Switzerland,10.48965
2001,BN_CAB_XOKA_GD_ZS,Switzerland,6.66588
2002,BN_CAB_XOKA_GD_ZS,Switzerland,6.87242
2003,BN_CAB_XOKA_GD_ZS,Switzerland,10.79182
2004,BN_CAB_XOKA_GD_ZS,Switzerland,12.48775
2005,BN_CAB_XOKA_GD_ZS,Switzerland,11.36365
2006,BN_CAB_XOKA_GD_ZS,Switzerland,12.48394
2007,BN_CAB_XOKA_GD_ZS,Switzerland,8.32041
2008,BN_CAB_XOKA_GD_ZS,Switzerland,1.32644
2009,BN_CAB_XOKA_GD_ZS,Switzerland,5.84995
2010,BN_CAB_XOKA_GD_ZS,Switzerland,13.03328
2011,BN_CAB_XOKA_GD_ZS,Switzerland,6.2112
2012,BN_CAB_XOKA_GD_ZS,Switzerland,8.87733
2013,BN_CAB_XOKA_GD_ZS,Switzerland,9.60677
2014,BN_CAB_XOKA_GD_ZS,Switzerland,6.86698
2015,BN_CAB_XOKA_GD_ZS,Switzerland,8.87898
2016,BN_CAB_XOKA_GD_ZS,Switzerland,7.27641
2017,BN_CAB_XOKA_GD_ZS,Switzerland,5.34411
2018,BN_CAB_XOKA_GD_ZS,Switzerland,5.04992
2019,BN_CAB_XOKA_GD_ZS,Switzerland,4.27046
2020,BN_CAB_XOKA_GD_ZS,Switzerland,1.49568
2021,BN_CAB_XOKA_GD_ZS,Switzerland,7.389
2002,BN_CAB_XOKA_GD_ZS,Таджикистан,-1.23934
2003,BN_CAB_XOKA_GD_ZS,Таджикистан,-0.30629
2004,BN_CAB_XOKA_GD_ZS,Таджикистан,-2.74745
2005,BN_CAB_XOKA_GD_ZS,Таджикистан,-12.81001
2006,BN_CAB_XOKA_GD_ZS,Таджикистан,-13.15838
2007,BN_CAB_XOKA_GD_ZS,Таджикистан,-32.09642
2008,BN_CAB_XOKA_GD_ZS,Таджикистан,-20.51371
2009,BN_CAB_XOKA_GD_ZS,Таджикистан,-14.4085
2010,BN_CAB_XOKA_GD_ZS,Таджикистан,-10.29883
2011,BN_CAB_XOKA_GD_ZS,Таджикистан,-6.33658
2012,BN_CAB_XOKA_GD_ZS,Таджикистан,-8.92694
2013,BN_CAB_XOKA_GD_ZS,Таджикистан,-10.47281
2014,BN_CAB_XOKA_GD_ZS,Таджикистан,-3.47274
2015,BN_CAB_XOKA_GD_ZS,Таджикистан,-5.76772
2009,BN_CAB_XOKA_GD_ZS,Hungary,-0.68058
2010,BN_CAB_XOKA_GD_ZS,Hungary,0.25848
2011,BN_CAB_XOKA_GD_ZS,Hungary,0.62459
2012,BN_CAB_XOKA_GD_ZS,Hungary,1.54461
2013,BN_CAB_XOKA_GD_ZS,Hungary,3.43886
2014,BN_CAB_XOKA_GD_ZS,Hungary,1.13775
2015,BN_CAB_XOKA_GD_ZS,Hungary,2.33716
2016,BN_CAB_XOKA_GD_ZS,Hungary,4.55246
2017,BN_CAB_XOKA_GD_ZS,Hungary,1.93481
2018,BN_CAB_XOKA_GD_ZS,Hungary,0.25847
2019,BN_CAB_XOKA_GD_ZS,Hungary,-0.75056
2020,BN_CAB_XOKA_GD_ZS,Hungary,-1.01973
2021,BN_CAB_XOKA_GD_ZS,Hungary,-3.94465
2000,BN_CAB_XOKA_GD_ZS,Iceland,-10.11531
2001,BN_CAB_XOKA_GD_ZS,Iceland,-4.59843
2002,BN_CAB_XOKA_GD_ZS,Iceland,1.28726
2003,BN_CAB_XOKA_GD_ZS,Iceland,-4.94962
2004,BN_CAB_XOKA_GD_ZS,Iceland,-10.13887
2005,BN_CAB_XOKA_GD_ZS,Iceland,-15.71737
2006,BN_CAB_XOKA_GD_ZS,Iceland,-22.73378
2007,BN_CAB_XOKA_GD_ZS,Iceland,-13.46844
2008,BN_CAB_XOKA_GD_ZS,Iceland,-22.93929
2009,BN_CAB_XOKA_GD_ZS,Iceland,-9.01016
2010,BN_CAB_XOKA_GD_ZS,Iceland,-6.14491
2011,BN_CAB_XOKA_GD_ZS,Iceland,-4.70354
2012,BN_CAB_XOKA_GD_ZS,Iceland,-3.5156
2013,BN_CAB_XOKA_GD_ZS,Iceland,6.26157
2014,BN_CAB_XOKA_GD_ZS,Iceland,4.34645
2015,BN_CAB_XOKA_GD_ZS,Iceland,5.62763
2016,BN_CAB_XOKA_GD_ZS,Iceland,8.27172
2017,BN_CAB_XOKA_GD_ZS,Iceland,4.25675
2018,BN_CAB_XOKA_GD_ZS,Iceland,4.09469
2019,BN_CAB_XOKA_GD_ZS,Iceland,6.49223
2020,BN_CAB_XOKA_GD_ZS,Iceland,1.87975
2021,BN_CAB_XOKA_GD_ZS,Iceland,-1.59853
2000,BN_CAB_XOKA_GD_ZS,India,-0.98234
2001,BN_CAB_XOKA_GD_ZS,India,0.29049
2002,BN_CAB_XOKA_GD_ZS,India,1.37094
2003,BN_CAB_XOKA_GD_ZS,India,1.44356
2004,BN_CAB_XOKA_GD_ZS,India,0.11002
2005,BN_CAB_XOKA_GD_ZS,India,-1.25351
2006,BN_CAB_XOKA_GD_ZS,India,-0.98899
2007,BN_CAB_XOKA_GD_ZS,India,-0.66372
2008,BN_CAB_XOKA_GD_ZS,India,-2.58338
2009,BN_CAB_XOKA_GD_ZS,India,-1.95146
2010,BN_CAB_XOKA_GD_ZS,India,-3.25348
2011,BN_CAB_XOKA_GD_ZS,India,-3.42929
2012,BN_CAB_XOKA_GD_ZS,India,-5.00489
2013,BN_CAB_XOKA_GD_ZS,India,-2.64567
2014,BN_CAB_XOKA_GD_ZS,India,-1.33951
2015,BN_CAB_XOKA_GD_ZS,India,-1.06755
2016,BN_CAB_XOKA_GD_ZS,India,-0.52788
2017,BN_CAB_XOKA_GD_ZS,India,-1.43949
2018,BN_CAB_XOKA_GD_ZS,India,-2.42698
2019,BN_CAB_XOKA_GD_ZS,India,-1.05111
2020,BN_CAB_XOKA_GD_ZS,India,1.22691
2021,BN_CAB_XOKA_GD_ZS,India,-1.05224
2005,BN_CAB_XOKA_GD_ZS,Ireland,-3.37204
2006,BN_CAB_XOKA_GD_ZS,Ireland,-3.38621
2007,BN_CAB_XOKA_GD_ZS,Ireland,-5.12759
2008,BN_CAB_XOKA_GD_ZS,Ireland,-5.55568
2009,BN_CAB_XOKA_GD_ZS,Ireland,-2.1178
2010,BN_CAB_XOKA_GD_ZS,Ireland,1.0453
2011,BN_CAB_XOKA_GD_ZS,Ireland,1.18367
2012,BN_CAB_XOKA_GD_ZS,Ireland,-3.41649
2013,BN_CAB_XOKA_GD_ZS,Ireland,1.55724
2014,BN_CAB_XOKA_GD_ZS,Ireland,1.07497
2015,BN_CAB_XOKA_GD_ZS,Ireland,4.42548
2016,BN_CAB_XOKA_GD_ZS,Ireland,-4.18631
2017,BN_CAB_XOKA_GD_ZS,Ireland,1.01005
2018,BN_CAB_XOKA_GD_ZS,Ireland,6.26585
2019,BN_CAB_XOKA_GD_ZS,Ireland,-11.25255
2020,BN_CAB_XOKA_GD_ZS,Ireland,-6.43687
2021,BN_CAB_XOKA_GD_ZS,Ireland,14.32427
2000,BN_CAB_XOKA_GD_ZS,Israel,-1.51166
2001,BN_CAB_XOKA_GD_ZS,Israel,-1.50889
2002,BN_CAB_XOKA_GD_ZS,Israel,-1.03198
2003,BN_CAB_XOKA_GD_ZS,Israel,0.48347
2004,BN_CAB_XOKA_GD_ZS,Israel,1.68082
2005,BN_CAB_XOKA_GD_ZS,Israel,3.08674
2006,BN_CAB_XOKA_GD_ZS,Israel,4.39067
2007,BN_CAB_XOKA_GD_ZS,Israel,2.98062
2008,BN_CAB_XOKA_GD_ZS,Israel,1.21987
2009,BN_CAB_XOKA_GD_ZS,Israel,3.53324
2010,BN_CAB_XOKA_GD_ZS,Israel,3.45967
2011,BN_CAB_XOKA_GD_ZS,Israel,1.7047
2012,BN_CAB_XOKA_GD_ZS,Israel,0.37467
2013,BN_CAB_XOKA_GD_ZS,Israel,2.9291
2014,BN_CAB_XOKA_GD_ZS,Israel,4.17389
2015,BN_CAB_XOKA_GD_ZS,Israel,5.3187
2016,BN_CAB_XOKA_GD_ZS,Israel,3.95517
2017,BN_CAB_XOKA_GD_ZS,Israel,3.68613
2018,BN_CAB_XOKA_GD_ZS,Israel,2.91472
2019,BN_CAB_XOKA_GD_ZS,Israel,3.66417
2020,BN_CAB_XOKA_GD_ZS,Israel,5.44105
2021,BN_CAB_XOKA_GD_ZS,Israel,4.31706
2000,BN_CAB_XOKA_GD_ZS,Italy,-0.27093
2001,BN_CAB_XOKA_GD_ZS,Italy,0.15532
2002,BN_CAB_XOKA_GD_ZS,Italy,-0.49165
2003,BN_CAB_XOKA_GD_ZS,Italy,-0.76879
2004,BN_CAB_XOKA_GD_ZS,Italy,-0.49703
2005,BN_CAB_XOKA_GD_ZS,Italy,-0.89951
2006,BN_CAB_XOKA_GD_ZS,Italy,-1.45272
2007,BN_CAB_XOKA_GD_ZS,Italy,-1.36143
2008,BN_CAB_XOKA_GD_ZS,Italy,-2.75676
2009,BN_CAB_XOKA_GD_ZS,Italy,-1.83691
2010,BN_CAB_XOKA_GD_ZS,Italy,-3.31535
2011,BN_CAB_XOKA_GD_ZS,Italy,-2.82389
2012,BN_CAB_XOKA_GD_ZS,Italy,-0.24578
2013,BN_CAB_XOKA_GD_ZS,Italy,1.15619
2014,BN_CAB_XOKA_GD_ZS,Italy,1.86445
2015,BN_CAB_XOKA_GD_ZS,Italy,1.43573
2016,BN_CAB_XOKA_GD_ZS,Italy,2.647
2017,BN_CAB_XOKA_GD_ZS,Italy,2.70681
2018,BN_CAB_XOKA_GD_ZS,Italy,2.58067
2019,BN_CAB_XOKA_GD_ZS,Italy,3.29741
2020,BN_CAB_XOKA_GD_ZS,Italy,3.92822
2021,BN_CAB_XOKA_GD_ZS,Italy,3.0706
2000,BN_CAB_XOKA_GD_ZS,Japan,2.63046
2001,BN_CAB_XOKA_GD_ZS,Japan,1.97087
2002,BN_CAB_XOKA_GD_ZS,Japan,2.60257
2003,BN_CAB_XOKA_GD_ZS,Japan,3.08394
2004,BN_CAB_XOKA_GD_ZS,Japan,3.71938
2005,BN_CAB_XOKA_GD_ZS,Japan,3.52114
2006,BN_CAB_XOKA_GD_ZS,Japan,3.79586
2007,BN_CAB_XOKA_GD_ZS,Japan,4.6233
2008,BN_CAB_XOKA_GD_ZS,Japan,2.78294
2009,BN_CAB_XOKA_GD_ZS,Japan,2.7541
2010,BN_CAB_XOKA_GD_ZS,Japan,3.83548
2011,BN_CAB_XOKA_GD_ZS,Japan,2.07915
2012,BN_CAB_XOKA_GD_ZS,Japan,0.95844
2013,BN_CAB_XOKA_GD_ZS,Japan,0.88979
2014,BN_CAB_XOKA_GD_ZS,Japan,0.74232
2015,BN_CAB_XOKA_GD_ZS,Japan,3.07028
2016,BN_CAB_XOKA_GD_ZS,Japan,3.93809
2017,BN_CAB_XOKA_GD_ZS,Japan,4.12037
2018,BN_CAB_XOKA_GD_ZS,Japan,3.51874
2019,BN_CAB_XOKA_GD_ZS,Japan,3.44718
2020,BN_CAB_XOKA_GD_ZS,Japan,2.93542
2021,BN_CAB_XOKA_GD_ZS,Japan,3.19261
2000,BN_CAB_XOKA_GD_ZS,Казахстан,2.00257
2001,BN_CAB_XOKA_GD_ZS,Казахстан,-6.27245
2002,BN_CAB_XOKA_GD_ZS,Казахстан,-4.1578
2003,BN_CAB_XOKA_GD_ZS,Казахстан,-0.8842
2004,BN_CAB_XOKA_GD_ZS,Казахстан,0.77732
2005,BN_CAB_XOKA_GD_ZS,Казахстан,-1.81363
2006,BN_CAB_XOKA_GD_ZS,Казахстан,-2.46892
2007,BN_CAB_XOKA_GD_ZS,Казахстан,-7.98502
2008,BN_CAB_XOKA_GD_ZS,Казахстан,4.68378
2009,BN_CAB_XOKA_GD_ZS,Казахстан,-3.57369
2010,BN_CAB_XOKA_GD_ZS,Казахстан,0.93599
2011,BN_CAB_XOKA_GD_ZS,Казахстан,5.29451
2012,BN_CAB_XOKA_GD_ZS,Казахстан,1.08017
2013,BN_CAB_XOKA_GD_ZS,Казахстан,0.8258
2014,BN_CAB_XOKA_GD_ZS,Казахстан,2.76119
2015,BN_CAB_XOKA_GD_ZS,Казахстан,-3.6574
2016,BN_CAB_XOKA_GD_ZS,Казахстан,-6.15547
2017,BN_CAB_XOKA_GD_ZS,Казахстан,-3.30908
2018,BN_CAB_XOKA_GD_ZS,Казахстан,-0.48207
2019,BN_CAB_XOKA_GD_ZS,Казахстан,-4.55902
2020,BN_CAB_XOKA_GD_ZS,Казахстан,-4.43636
2021,BN_CAB_XOKA_GD_ZS,Казахстан,-3.98883
2000,BN_CAB_XOKA_GD_ZS,Republic of Korea,1.76695
2001,BN_CAB_XOKA_GD_ZS,Republic of Korea,0.39536
2002,BN_CAB_XOKA_GD_ZS,Republic of Korea,0.64825
2003,BN_CAB_XOKA_GD_ZS,Republic of Korea,1.60922
2004,BN_CAB_XOKA_GD_ZS,Republic of Korea,3.69274
2005,BN_CAB_XOKA_GD_ZS,Republic of Korea,1.30587
2006,BN_CAB_XOKA_GD_ZS,Republic of Korea,0.1989
2007,BN_CAB_XOKA_GD_ZS,Republic of Korea,0.89309
2008,BN_CAB_XOKA_GD_ZS,Republic of Korea,0.16738
2009,BN_CAB_XOKA_GD_ZS,Republic of Korea,3.50526
2010,BN_CAB_XOKA_GD_ZS,Republic of Korea,2.44308
2011,BN_CAB_XOKA_GD_ZS,Republic of Korea,1.32763
2012,BN_CAB_XOKA_GD_ZS,Republic of Korea,3.81645
2013,BN_CAB_XOKA_GD_ZS,Republic of Korea,5.63606
2014,BN_CAB_XOKA_GD_ZS,Republic of Korea,5.59379
2015,BN_CAB_XOKA_GD_ZS,Republic of Korea,7.17155
2016,BN_CAB_XOKA_GD_ZS,Republic of Korea,6.52776
2017,BN_CAB_XOKA_GD_ZS,Republic of Korea,4.63273
2018,BN_CAB_XOKA_GD_ZS,Republic of Korea,4.49121
2019,BN_CAB_XOKA_GD_ZS,Republic of Korea,3.61362
2020,BN_CAB_XOKA_GD_ZS,Republic of Korea,4.61604
2021,BN_CAB_XOKA_GD_ZS,Republic of Korea,4.876
2000,BN_CAB_XOKA_GD_ZS,Кыргызстан,-5.55491
2001,BN_CAB_XOKA_GD_ZS,Кыргызстан,-1.24535
2002,BN_CAB_XOKA_GD_ZS,Кыргызстан,-1.82591
2003,BN_CAB_XOKA_GD_ZS,Кыргызстан,-2.19734
2004,BN_CAB_XOKA_GD_ZS,Кыргызстан,1.32376
2005,BN_CAB_XOKA_GD_ZS,Кыргызстан,-1.52183
2006,BN_CAB_XOKA_GD_ZS,Кыргызстан,-10.09539
2007,BN_CAB_XOKA_GD_ZS,Кыргызстан,-5.98596
2008,BN_CAB_XOKA_GD_ZS,Кыргызстан,-13.87637
2009,BN_CAB_XOKA_GD_ZS,Кыргызстан,-4.31424
2010,BN_CAB_XOKA_GD_ZS,Кыргызстан,-9.89835
2011,BN_CAB_XOKA_GD_ZS,Кыргызстан,-7.6973
2012,BN_CAB_XOKA_GD_ZS,Кыргызстан,-15.52524
2013,BN_CAB_XOKA_GD_ZS,Кыргызстан,-13.77543
2014,BN_CAB_XOKA_GD_ZS,Кыргызстан,-17.42443
2015,BN_CAB_XOKA_GD_ZS,Кыргызстан,-15.75925
2016,BN_CAB_XOKA_GD_ZS,Кыргызстан,-11.62824
2017,BN_CAB_XOKA_GD_ZS,Кыргызстан,-6.9527
2018,BN_CAB_XOKA_GD_ZS,Кыргызстан,-11.62755
2019,BN_CAB_XOKA_GD_ZS,Кыргызстан,-12.02604
2020,BN_CAB_XOKA_GD_ZS,Кыргызстан,4.80996
2021,BN_CAB_XOKA_GD_ZS,Кыргызстан,-8.70099
2000,BN_CAB_XOKA_GD_ZS,Latvia,-3.65262
2001,BN_CAB_XOKA_GD_ZS,Latvia,-5.98941
2002,BN_CAB_XOKA_GD_ZS,Latvia,-5.47039
2003,BN_CAB_XOKA_GD_ZS,Latvia,-7.21428
2004,BN_CAB_XOKA_GD_ZS,Latvia,-11.63637
2005,BN_CAB_XOKA_GD_ZS,Latvia,-11.67772
2006,BN_CAB_XOKA_GD_ZS,Latvia,-20.95755
2007,BN_CAB_XOKA_GD_ZS,Latvia,-20.6953
2008,BN_CAB_XOKA_GD_ZS,Latvia,-12.50512
2009,BN_CAB_XOKA_GD_ZS,Latvia,7.7961
2010,BN_CAB_XOKA_GD_ZS,Latvia,1.72269
2011,BN_CAB_XOKA_GD_ZS,Latvia,-3.4341
2012,BN_CAB_XOKA_GD_ZS,Latvia,-3.72499
2013,BN_CAB_XOKA_GD_ZS,Latvia,-2.78497
2014,BN_CAB_XOKA_GD_ZS,Latvia,-1.66429
2015,BN_CAB_XOKA_GD_ZS,Latvia,-0.58013
2016,BN_CAB_XOKA_GD_ZS,Latvia,1.59459
2017,BN_CAB_XOKA_GD_ZS,Latvia,1.31986
2018,BN_CAB_XOKA_GD_ZS,Latvia,-0.13198
2019,BN_CAB_XOKA_GD_ZS,Latvia,-0.58294
2020,BN_CAB_XOKA_GD_ZS,Latvia,2.65498
2021,BN_CAB_XOKA_GD_ZS,Latvia,-4.26461
2000,BN_CAB_XOKA_GD_ZS,Lithuania,-5.85606
2001,BN_CAB_XOKA_GD_ZS,Lithuania,-4.68707
2002,BN_CAB_XOKA_GD_ZS,Lithuania,-5.05405
2003,BN_CAB_XOKA_GD_ZS,Lithuania,-6.80637
2004,BN_CAB_XOKA_GD_ZS,Lithuania,-7.82054
2005,BN_CAB_XOKA_GD_ZS,Lithuania,-7.3394
2006,BN_CAB_XOKA_GD_ZS,Lithuania,-10.65995
2007,BN_CAB_XOKA_GD_ZS,Lithuania,-15.35689
2008,BN_CAB_XOKA_GD_ZS,Lithuania,-13.59614
2009,BN_CAB_XOKA_GD_ZS,Lithuania,2.25097
2010,BN_CAB_XOKA_GD_ZS,Lithuania,0.19534
2011,BN_CAB_XOKA_GD_ZS,Lithuania,-3.65739
2012,BN_CAB_XOKA_GD_ZS,Lithuania,-1.59868
2013,BN_CAB_XOKA_GD_ZS,Lithuania,1.69941
2014,BN_CAB_XOKA_GD_ZS,Lithuania,3.4052
2015,BN_CAB_XOKA_GD_ZS,Lithuania,-2.44734
2016,BN_CAB_XOKA_GD_ZS,Lithuania,-1.10143
2017,BN_CAB_XOKA_GD_ZS,Lithuania,0.62531
2018,BN_CAB_XOKA_GD_ZS,Lithuania,0.22939
2019,BN_CAB_XOKA_GD_ZS,Lithuania,3.52288
2020,BN_CAB_XOKA_GD_ZS,Lithuania,7.32757
2021,BN_CAB_XOKA_GD_ZS,Lithuania,1.1385
2000,BN_CAB_XOKA_GD_ZS,Luxembourg,11.79804
2001,BN_CAB_XOKA_GD_ZS,Luxembourg,7.73705
2002,BN_CAB_XOKA_GD_ZS,Luxembourg,7.14278
2003,BN_CAB_XOKA_GD_ZS,Luxembourg,7.23971
2004,BN_CAB_XOKA_GD_ZS,Luxembourg,7.20484
2005,BN_CAB_XOKA_GD_ZS,Luxembourg,6.92584
2006,BN_CAB_XOKA_GD_ZS,Luxembourg,6.64664
2007,BN_CAB_XOKA_GD_ZS,Luxembourg,6.54715
2008,BN_CAB_XOKA_GD_ZS,Luxembourg,6.21865
2009,BN_CAB_XOKA_GD_ZS,Luxembourg,5.5162
2010,BN_CAB_XOKA_GD_ZS,Luxembourg,5.8143
2011,BN_CAB_XOKA_GD_ZS,Luxembourg,5.62954
2012,BN_CAB_XOKA_GD_ZS,Luxembourg,5.25542
2013,BN_CAB_XOKA_GD_ZS,Luxembourg,5.20355
2014,BN_CAB_XOKA_GD_ZS,Luxembourg,4.92857
2015,BN_CAB_XOKA_GD_ZS,Luxembourg,4.86241
2016,BN_CAB_XOKA_GD_ZS,Luxembourg,4.7193
2017,BN_CAB_XOKA_GD_ZS,Luxembourg,4.54067
2018,BN_CAB_XOKA_GD_ZS,Luxembourg,3.73116
2016,BN_CAB_XOKA_GD_ZS,Таджикистан,-4.15919
2017,BN_CAB_XOKA_GD_ZS,Таджикистан,2.10934
2018,BN_CAB_XOKA_GD_ZS,Таджикистан,-4.88966
2019,BN_CAB_XOKA_GD_ZS,Таджикистан,-2.23226
2020,BN_CAB_XOKA_GD_ZS,Таджикистан,4.12965
2021,BN_CAB_XOKA_GD_ZS,Таджикистан,8.40055
2019,BN_CAB_XOKA_GD_ZS,Luxembourg,3.52232
2020,BN_CAB_XOKA_GD_ZS,Luxembourg,4.72525
2021,BN_CAB_XOKA_GD_ZS,Luxembourg,4.84234
2021,BN_CAB_XOKA_GD_ZS,Узбекистан,-6.96934
2012,BN_CAB_XOKA_GD_ZS,Chile,-5.32548
2013,BN_CAB_XOKA_GD_ZS,Chile,-4.77875
2014,BN_CAB_XOKA_GD_ZS,Chile,-3.46238
2015,BN_CAB_XOKA_GD_ZS,Chile,-2.73455
2016,BN_CAB_XOKA_GD_ZS,Chile,-2.62114
2017,BN_CAB_XOKA_GD_ZS,Chile,-2.7557
2018,BN_CAB_XOKA_GD_ZS,Chile,-4.49058
2019,BN_CAB_XOKA_GD_ZS,Chile,-5.20684
2020,BN_CAB_XOKA_GD_ZS,Chile,-1.69491
2021,BN_CAB_XOKA_GD_ZS,Chile,-6.40481
2021,BN_CAB_XOKA_GD_ZS,Chile,-6.40481
