Year,SeriesCode,Страна ,Value
2000,DC_ODA_LLDC,Australia,178.20488
2001,DC_ODA_LLDC,Australia,188.61283
2002,DC_ODA_LLDC,Australia,183.26136
2003,DC_ODA_LLDC,Australia,153.00777
2004,DC_ODA_LLDC,Australia,154.11788
2005,DC_ODA_LLDC,Australia,131.12249
2006,DC_ODA_LLDC,Australia,230.84085
2007,DC_ODA_LLDC,Australia,225.43497
2008,DC_ODA_LLDC,Australia,315.96235
2009,DC_ODA_LLDC,Australia,352.57341
2010,DC_ODA_LLDC,Australia,363.4848
2011,DC_ODA_LLDC,Australia,434.24926
2012,DC_ODA_LLDC,Australia,608.8853
2013,DC_ODA_LLDC,Australia,471.96032
2014,DC_ODA_LLDC,Australia,481.05961
2015,DC_ODA_LLDC,Australia,433.47977
2016,DC_ODA_LLDC,Australia,388.75911
2017,DC_ODA_LLDC,Australia,349.13194
2018,DC_ODA_LLDC,Australia,407.28944
2019,DC_ODA_LLDC,Australia,235.88879
2020,DC_ODA_LLDC,Australia,222.32554
2021,DC_ODA_LLDC,Australia,191.02817
2000,DC_ODA_LLDC,Austria,128.88509
2001,DC_ODA_LLDC,Austria,261.83631
2002,DC_ODA_LLDC,Austria,138.70783
2003,DC_ODA_LLDC,Austria,157.09555
2004,DC_ODA_LLDC,Austria,141.15291
2005,DC_ODA_LLDC,Austria,164.21686
2006,DC_ODA_LLDC,Austria,204.47666
2007,DC_ODA_LLDC,Austria,177.27804
2008,DC_ODA_LLDC,Austria,194.0251
2009,DC_ODA_LLDC,Austria,239.15217
2010,DC_ODA_LLDC,Austria,198.57929
2011,DC_ODA_LLDC,Austria,178.27622
2012,DC_ODA_LLDC,Austria,158.28144
2013,DC_ODA_LLDC,Austria,204.72841
2014,DC_ODA_LLDC,Austria,179.86061
2015,DC_ODA_LLDC,Austria,198.45663
2016,DC_ODA_LLDC,Austria,207.71843
2017,DC_ODA_LLDC,Austria,231.05643
2018,DC_ODA_LLDC,Austria,238.54656
2019,DC_ODA_LLDC,Austria,243.10592
2020,DC_ODA_LLDC,Austria,226.42814
2021,DC_ODA_LLDC,Austria,217.8807
2000,DC_ODA_LLDC,Belgium,271.48557
2001,DC_ODA_LLDC,Belgium,303.43297
2002,DC_ODA_LLDC,Belgium,313.09621
2003,DC_ODA_LLDC,Belgium,269.891
2004,DC_ODA_LLDC,Belgium,327.37753
2005,DC_ODA_LLDC,Belgium,342.7814
2006,DC_ODA_LLDC,Belgium,386.7976
2007,DC_ODA_LLDC,Belgium,375.91773
2008,DC_ODA_LLDC,Belgium,476.69566
2009,DC_ODA_LLDC,Belgium,522.64797
2010,DC_ODA_LLDC,Belgium,520.75738
2011,DC_ODA_LLDC,Belgium,487.45022
2012,DC_ODA_LLDC,Belgium,402.53457
2013,DC_ODA_LLDC,Belgium,435.06067
2014,DC_ODA_LLDC,Belgium,442.57125
2015,DC_ODA_LLDC,Belgium,398.99347
2016,DC_ODA_LLDC,Belgium,438.92255
2017,DC_ODA_LLDC,Belgium,403.15598
2018,DC_ODA_LLDC,Belgium,423.4561
2019,DC_ODA_LLDC,Belgium,447.20973
2020,DC_ODA_LLDC,Belgium,473.28117
2021,DC_ODA_LLDC,Belgium,472.07179
2000,DC_ODA_LLDC,Canada,330.07798
2001,DC_ODA_LLDC,Canada,320.3423
2002,DC_ODA_LLDC,Canada,453.75633
2003,DC_ODA_LLDC,Canada,622.46604
2004,DC_ODA_LLDC,Canada,627.98374
2005,DC_ODA_LLDC,Canada,786.09828
2006,DC_ODA_LLDC,Canada,812.20732
2007,DC_ODA_LLDC,Canada,1027.38436
2008,DC_ODA_LLDC,Canada,1020.70583
2009,DC_ODA_LLDC,Canada,905.52131
2010,DC_ODA_LLDC,Canada,1044.02026
2011,DC_ODA_LLDC,Canada,946.47271
2012,DC_ODA_LLDC,Canada,912.21516
2013,DC_ODA_LLDC,Canada,867.25468
2014,DC_ODA_LLDC,Canada,722.80326
2015,DC_ODA_LLDC,Canada,1069.47329
2016,DC_ODA_LLDC,Canada,924.49819
2017,DC_ODA_LLDC,Canada,926.06344
2018,DC_ODA_LLDC,Canada,991.09332
2019,DC_ODA_LLDC,Canada,890.38011
2020,DC_ODA_LLDC,Canada,828.2643
2021,DC_ODA_LLDC,Canada,934.70143
2000,DC_ODA_LLDC,Czechia,7.45266
2001,DC_ODA_LLDC,Czechia,15.03348
2002,DC_ODA_LLDC,Czechia,15.56142
2003,DC_ODA_LLDC,Czechia,25.60301
2004,DC_ODA_LLDC,Czechia,34.67604
2005,DC_ODA_LLDC,Czechia,34.61866
2006,DC_ODA_LLDC,Czechia,38.90024
2007,DC_ODA_LLDC,Czechia,48.0899
2008,DC_ODA_LLDC,Czechia,84.71081
2009,DC_ODA_LLDC,Czechia,69.24772
2010,DC_ODA_LLDC,Czechia,62.1646
2011,DC_ODA_LLDC,Czechia,53.73637
2012,DC_ODA_LLDC,Czechia,55.61142
2013,DC_ODA_LLDC,Czechia,46.6102
2014,DC_ODA_LLDC,Czechia,51.12931
2015,DC_ODA_LLDC,Czechia,48.93157
2016,DC_ODA_LLDC,Czechia,63.37459
2017,DC_ODA_LLDC,Czechia,65.4855
2018,DC_ODA_LLDC,Czechia,56.54801
2019,DC_ODA_LLDC,Czechia,58.82809
2020,DC_ODA_LLDC,Czechia,54.65399
2021,DC_ODA_LLDC,Czechia,56.44507
2000,DC_ODA_LLDC,Denmark,615.63051
2001,DC_ODA_LLDC,Denmark,623.15527
2002,DC_ODA_LLDC,Denmark,539.58894
2003,DC_ODA_LLDC,Denmark,533.1152
2004,DC_ODA_LLDC,Denmark,541.94187
2005,DC_ODA_LLDC,Denmark,559.87648
2006,DC_ODA_LLDC,Denmark,563.54494
2007,DC_ODA_LLDC,Denmark,633.81822
2008,DC_ODA_LLDC,Denmark,555.2045
2009,DC_ODA_LLDC,Denmark,636.37334
2010,DC_ODA_LLDC,Denmark,587.43623
2011,DC_ODA_LLDC,Denmark,617.53298
2012,DC_ODA_LLDC,Denmark,581.56684
2013,DC_ODA_LLDC,Denmark,536.81042
2014,DC_ODA_LLDC,Denmark,595.53938
2015,DC_ODA_LLDC,Denmark,512.66692
2016,DC_ODA_LLDC,Denmark,487.94574
2017,DC_ODA_LLDC,Denmark,490.01483
2018,DC_ODA_LLDC,Denmark,482.73445
2019,DC_ODA_LLDC,Denmark,495.1868
2020,DC_ODA_LLDC,Denmark,523.91222
2021,DC_ODA_LLDC,Denmark,602.16565
2000,DC_ODA_LLDC,Finland,102.01246
2001,DC_ODA_LLDC,Finland,108.33382
2002,DC_ODA_LLDC,Finland,145.22902
2003,DC_ODA_LLDC,Finland,129.72881
2004,DC_ODA_LLDC,Finland,136.72893
2005,DC_ODA_LLDC,Finland,154.85729
2006,DC_ODA_LLDC,Finland,177.71804
2007,DC_ODA_LLDC,Finland,195.68654
2008,DC_ODA_LLDC,Finland,202.00852
2009,DC_ODA_LLDC,Finland,249.71987
2010,DC_ODA_LLDC,Finland,259.47704
2011,DC_ODA_LLDC,Finland,251.59596
2012,DC_ODA_LLDC,Finland,261.93862
2013,DC_ODA_LLDC,Finland,289.58042
2014,DC_ODA_LLDC,Finland,316.23477
2015,DC_ODA_LLDC,Finland,288.00823
2016,DC_ODA_LLDC,Finland,241.58759
2017,DC_ODA_LLDC,Finland,218.23012
2018,DC_ODA_LLDC,Finland,193.93248
2019,DC_ODA_LLDC,Finland,231.90999
2020,DC_ODA_LLDC,Finland,220.97333
2021,DC_ODA_LLDC,Finland,279.56553
2000,DC_ODA_LLDC,France,1034.19682
2001,DC_ODA_LLDC,France,1096.7201
2002,DC_ODA_LLDC,France,1208.96779
2003,DC_ODA_LLDC,France,1259.10123
2004,DC_ODA_LLDC,France,1640.11841
2005,DC_ODA_LLDC,France,1345.2593
2006,DC_ODA_LLDC,France,1605.80227
2007,DC_ODA_LLDC,France,1583.98214
2008,DC_ODA_LLDC,France,1429.3435
2009,DC_ODA_LLDC,France,1642.37933
2010,DC_ODA_LLDC,France,1484.0639
2011,DC_ODA_LLDC,France,1241.39974
2012,DC_ODA_LLDC,France,1172.63521
2013,DC_ODA_LLDC,France,1269.22188
2014,DC_ODA_LLDC,France,1254.61028
2015,DC_ODA_LLDC,France,1546.72521
2016,DC_ODA_LLDC,France,1470.52089
2017,DC_ODA_LLDC,France,1857.87316
2018,DC_ODA_LLDC,France,2031.42031
2019,DC_ODA_LLDC,France,2040.20952
2020,DC_ODA_LLDC,France,2362.13768
2021,DC_ODA_LLDC,France,2089.64082
2000,DC_ODA_LLDC,Germany,1551.53699
2001,DC_ODA_LLDC,Germany,1474.16459
2002,DC_ODA_LLDC,Germany,1631.58417
2003,DC_ODA_LLDC,Germany,1913.93081
2004,DC_ODA_LLDC,Germany,1875.05898
2005,DC_ODA_LLDC,Germany,1616.10692
2006,DC_ODA_LLDC,Germany,2152.58322
2007,DC_ODA_LLDC,Germany,2093.70659
2008,DC_ODA_LLDC,Germany,2658.96646
2009,DC_ODA_LLDC,Germany,2366.00225
2010,DC_ODA_LLDC,Germany,2456.81157
2011,DC_ODA_LLDC,Germany,2484.93091
2012,DC_ODA_LLDC,Germany,2440.3095
2013,DC_ODA_LLDC,Germany,2335.61518
2014,DC_ODA_LLDC,Germany,2475.97871
2015,DC_ODA_LLDC,Germany,2085.36599
2016,DC_ODA_LLDC,Germany,2828.75763
2017,DC_ODA_LLDC,Germany,2946.02505
2018,DC_ODA_LLDC,Germany,3385.31665
2019,DC_ODA_LLDC,Germany,3014.26293
2020,DC_ODA_LLDC,Germany,3507.28781
2021,DC_ODA_LLDC,Germany,3396.76643
2000,DC_ODA_LLDC,Greece,37.79316
2001,DC_ODA_LLDC,Greece,38.44261
2002,DC_ODA_LLDC,Greece,133.60308
2003,DC_ODA_LLDC,Greece,51.77912
2004,DC_ODA_LLDC,Greece,51.92072
2005,DC_ODA_LLDC,Greece,65.03952
2006,DC_ODA_LLDC,Greece,69.15135
2007,DC_ODA_LLDC,Greece,71.86948
2008,DC_ODA_LLDC,Greece,77.73213
2009,DC_ODA_LLDC,Greece,68.5546
2010,DC_ODA_LLDC,Greece,56.18638
2011,DC_ODA_LLDC,Greece,37.93261
2012,DC_ODA_LLDC,Greece,30.71568
2013,DC_ODA_LLDC,Greece,26.94745
2014,DC_ODA_LLDC,Greece,31.84882
2015,DC_ODA_LLDC,Greece,30.13693
2016,DC_ODA_LLDC,Greece,38.12331
2017,DC_ODA_LLDC,Greece,41.14362
2018,DC_ODA_LLDC,Greece,39.01042
2019,DC_ODA_LLDC,Greece,35.22365
2020,DC_ODA_LLDC,Greece,34.763
2021,DC_ODA_LLDC,Greece,39.47802
2000,DC_ODA_LLDC,Hungary,0.0
2001,DC_ODA_LLDC,Hungary,0.0
2002,DC_ODA_LLDC,Hungary,0.0
2003,DC_ODA_LLDC,Hungary,3.16017
2004,DC_ODA_LLDC,Hungary,12.00236
2005,DC_ODA_LLDC,Hungary,10.11088
2006,DC_ODA_LLDC,Hungary,14.45446
2007,DC_ODA_LLDC,Hungary,23.11646
2008,DC_ODA_LLDC,Hungary,21.26256
2009,DC_ODA_LLDC,Hungary,27.24242
2010,DC_ODA_LLDC,Hungary,24.65245
2011,DC_ODA_LLDC,Hungary,22.72229
2012,DC_ODA_LLDC,Hungary,17.14536
2013,DC_ODA_LLDC,Hungary,18.60737
2014,DC_ODA_LLDC,Hungary,20.06942
2015,DC_ODA_LLDC,Hungary,23.01763
2016,DC_ODA_LLDC,Hungary,38.42848
2017,DC_ODA_LLDC,Hungary,26.02494
2018,DC_ODA_LLDC,Hungary,65.72767
2019,DC_ODA_LLDC,Hungary,70.46347
2020,DC_ODA_LLDC,Hungary,62.53572
2021,DC_ODA_LLDC,Hungary,64.29126
2000,DC_ODA_LLDC,Iceland,3.01342
2001,DC_ODA_LLDC,Iceland,5.61594
2002,DC_ODA_LLDC,Iceland,4.36901
2003,DC_ODA_LLDC,Iceland,5.01269
2004,DC_ODA_LLDC,Iceland,5.29228
2005,DC_ODA_LLDC,Iceland,8.79781
2006,DC_ODA_LLDC,Iceland,15.51116
2007,DC_ODA_LLDC,Iceland,13.7941
2008,DC_ODA_LLDC,Iceland,15.74331
2009,DC_ODA_LLDC,Iceland,14.67644
2010,DC_ODA_LLDC,Iceland,11.84287
2011,DC_ODA_LLDC,Iceland,10.5559
2012,DC_ODA_LLDC,Iceland,11.32577
2013,DC_ODA_LLDC,Iceland,15.24628
2014,DC_ODA_LLDC,Iceland,13.23746
2015,DC_ODA_LLDC,Iceland,14.26088
2016,DC_ODA_LLDC,Iceland,14.38592
2017,DC_ODA_LLDC,Iceland,13.01253
2018,DC_ODA_LLDC,Iceland,22.14431
2019,DC_ODA_LLDC,Iceland,19.62565
2020,DC_ODA_LLDC,Iceland,18.77723
2021,DC_ODA_LLDC,Iceland,21.22585
2000,DC_ODA_LLDC,Ireland,127.67272
2001,DC_ODA_LLDC,Ireland,162.96888
2002,DC_ODA_LLDC,Ireland,215.40064
2003,DC_ODA_LLDC,Ireland,202.49856
2004,DC_ODA_LLDC,Ireland,220.71244
2005,DC_ODA_LLDC,Ireland,226.21169
2006,DC_ODA_LLDC,Ireland,317.04676
2007,DC_ODA_LLDC,Ireland,318.94081
2008,DC_ODA_LLDC,Ireland,346.42251
2009,DC_ODA_LLDC,Ireland,292.25166
2010,DC_ODA_LLDC,Ireland,297.48631
2011,DC_ODA_LLDC,Ireland,279.82205
2012,DC_ODA_LLDC,Ireland,240.69798
2013,DC_ODA_LLDC,Ireland,243.95854
2014,DC_ODA_LLDC,Ireland,245.31768
2015,DC_ODA_LLDC,Ireland,225.35268
2016,DC_ODA_LLDC,Ireland,241.80378
2017,DC_ODA_LLDC,Ireland,231.31217
2018,DC_ODA_LLDC,Ireland,235.18992
2019,DC_ODA_LLDC,Ireland,227.99731
2020,DC_ODA_LLDC,Ireland,237.00596
2021,DC_ODA_LLDC,Ireland,248.34751
2000,DC_ODA_LLDC,Italy,565.44036
2001,DC_ODA_LLDC,Italy,506.11878
2002,DC_ODA_LLDC,Italy,633.03709
2003,DC_ODA_LLDC,Italy,540.90566
2004,DC_ODA_LLDC,Italy,488.42022
2005,DC_ODA_LLDC,Italy,886.9445
2006,DC_ODA_LLDC,Italy,621.70833
2007,DC_ODA_LLDC,Italy,785.11766
2008,DC_ODA_LLDC,Italy,825.01448
2009,DC_ODA_LLDC,Italy,602.32568
2010,DC_ODA_LLDC,Italy,568.25128
2011,DC_ODA_LLDC,Italy,528.17974
2012,DC_ODA_LLDC,Italy,398.02809
2013,DC_ODA_LLDC,Italy,513.48506
2014,DC_ODA_LLDC,Italy,548.38338
2015,DC_ODA_LLDC,Italy,642.10645
2016,DC_ODA_LLDC,Italy,622.07619
2017,DC_ODA_LLDC,Italy,798.58551
2018,DC_ODA_LLDC,Italy,855.48489
2019,DC_ODA_LLDC,Italy,696.33665
2020,DC_ODA_LLDC,Italy,666.35804
2021,DC_ODA_LLDC,Italy,735.48945
2000,DC_ODA_LLDC,Japan,1571.02518
2001,DC_ODA_LLDC,Japan,1415.70886
2002,DC_ODA_LLDC,Japan,1516.23839
2003,DC_ODA_LLDC,Japan,1526.92126
2004,DC_ODA_LLDC,Japan,1407.36293
2005,DC_ODA_LLDC,Japan,1387.32027
2006,DC_ODA_LLDC,Japan,2260.72534
2007,DC_ODA_LLDC,Japan,1371.22448
2008,DC_ODA_LLDC,Japan,1443.62378
2009,DC_ODA_LLDC,Japan,1799.23852
2010,DC_ODA_LLDC,Japan,2151.05068
2011,DC_ODA_LLDC,Japan,2017.51998
2012,DC_ODA_LLDC,Japan,2150.69407
2013,DC_ODA_LLDC,Japan,2302.25071
2014,DC_ODA_LLDC,Japan,1946.03262
2015,DC_ODA_LLDC,Japan,2100.06064
2016,DC_ODA_LLDC,Japan,2001.70835
2017,DC_ODA_LLDC,Japan,2549.24536
2018,DC_ODA_LLDC,Japan,2332.15277
2019,DC_ODA_LLDC,Japan,2374.98923
2020,DC_ODA_LLDC,Japan,1990.50539
2021,DC_ODA_LLDC,Japan,1936.28989
2000,DC_ODA_LLDC,Republic of Korea,71.08568
2001,DC_ODA_LLDC,Republic of Korea,82.19606
2002,DC_ODA_LLDC,Republic of Korea,89.11604
2003,DC_ODA_LLDC,Republic of Korea,96.03664
2004,DC_ODA_LLDC,Republic of Korea,83.14141
2005,DC_ODA_LLDC,Republic of Korea,126.97069
2006,DC_ODA_LLDC,Republic of Korea,70.13992
2007,DC_ODA_LLDC,Republic of Korea,119.8567
2008,DC_ODA_LLDC,Republic of Korea,135.90578
2009,DC_ODA_LLDC,Republic of Korea,246.98136
2010,DC_ODA_LLDC,Republic of Korea,375.81551
2011,DC_ODA_LLDC,Republic of Korea,308.12443
2012,DC_ODA_LLDC,Republic of Korea,370.09479
2013,DC_ODA_LLDC,Republic of Korea,432.82693
2014,DC_ODA_LLDC,Republic of Korea,398.02516
2015,DC_ODA_LLDC,Republic of Korea,472.31469
2016,DC_ODA_LLDC,Republic of Korea,498.62469
2017,DC_ODA_LLDC,Republic of Korea,499.54009
2018,DC_ODA_LLDC,Republic of Korea,687.0318
2019,DC_ODA_LLDC,Republic of Korea,622.27758
2020,DC_ODA_LLDC,Republic of Korea,561.07079
2021,DC_ODA_LLDC,Republic of Korea,493.42629
2001,DC_ODA_LLDC,Lithuania,0.71275
2002,DC_ODA_LLDC,Lithuania,0.62916
2003,DC_ODA_LLDC,Lithuania,0.48925
2004,DC_ODA_LLDC,Lithuania,2.9445
2005,DC_ODA_LLDC,Lithuania,4.51108
2006,DC_ODA_LLDC,Lithuania,12.54276
2007,DC_ODA_LLDC,Lithuania,30.51775
2008,DC_ODA_LLDC,Lithuania,19.24343
2009,DC_ODA_LLDC,Lithuania,13.15882
2010,DC_ODA_LLDC,Lithuania,20.80176
2011,DC_ODA_LLDC,Lithuania,21.44511
2012,DC_ODA_LLDC,Lithuania,24.99323
2013,DC_ODA_LLDC,Lithuania,17.13734
2014,DC_ODA_LLDC,Lithuania,7.26558
2015,DC_ODA_LLDC,Lithuania,8.32794
2016,DC_ODA_LLDC,Lithuania,9.91615
2017,DC_ODA_LLDC,Lithuania,9.40103
2018,DC_ODA_LLDC,Lithuania,9.28775
2019,DC_ODA_LLDC,Lithuania,10.26849
2020,DC_ODA_LLDC,Lithuania,10.01556
2021,DC_ODA_LLDC,Lithuania,11.41793
2000,DC_ODA_LLDC,Luxembourg,63.66384
2001,DC_ODA_LLDC,Luxembourg,83.0057
2002,DC_ODA_LLDC,Luxembourg,87.09558
2003,DC_ODA_LLDC,Luxembourg,86.77419
2004,DC_ODA_LLDC,Luxembourg,85.65714
2005,DC_ODA_LLDC,Luxembourg,94.4072
2006,DC_ODA_LLDC,Luxembourg,101.14146
2007,DC_ODA_LLDC,Luxembourg,129.76651
2008,DC_ODA_LLDC,Luxembourg,127.97483
2009,DC_ODA_LLDC,Luxembourg,122.26255
2010,DC_ODA_LLDC,Luxembourg,117.57265
2011,DC_ODA_LLDC,Luxembourg,120.1894
2012,DC_ODA_LLDC,Luxembourg,119.86011
2013,DC_ODA_LLDC,Luxembourg,131.31907
2014,DC_ODA_LLDC,Luxembourg,132.55861
2015,DC_ODA_LLDC,Luxembourg,140.05827
2016,DC_ODA_LLDC,Luxembourg,147.08014
2017,DC_ODA_LLDC,Luxembourg,162.88312
2018,DC_ODA_LLDC,Luxembourg,187.93566
2019,DC_ODA_LLDC,Luxembourg,182.90411
2020,DC_ODA_LLDC,Luxembourg,173.82987
2021,DC_ODA_LLDC,Luxembourg,171.77394
2000,DC_ODA_LLDC,Netherlands (Kingdom of the),884.80384
2001,DC_ODA_LLDC,Netherlands (Kingdom of the),1239.45757
2002,DC_ODA_LLDC,Netherlands (Kingdom of the),1056.67688
2003,DC_ODA_LLDC,Netherlands (Kingdom of the),1016.16617
2004,DC_ODA_LLDC,Netherlands (Kingdom of the),1193.44037
2005,DC_ODA_LLDC,Netherlands (Kingdom of the),1133.26204
2006,DC_ODA_LLDC,Netherlands (Kingdom of the),920.42145
2007,DC_ODA_LLDC,Netherlands (Kingdom of the),962.50337
2008,DC_ODA_LLDC,Netherlands (Kingdom of the),1086.53319
2009,DC_ODA_LLDC,Netherlands (Kingdom of the),995.94689
2010,DC_ODA_LLDC,Netherlands (Kingdom of the),832.01359
2011,DC_ODA_LLDC,Netherlands (Kingdom of the),869.53733
2012,DC_ODA_LLDC,Netherlands (Kingdom of the),754.96417
2013,DC_ODA_LLDC,Netherlands (Kingdom of the),859.63463
2014,DC_ODA_LLDC,Netherlands (Kingdom of the),680.7227
2015,DC_ODA_LLDC,Netherlands (Kingdom of the),784.89569
2016,DC_ODA_LLDC,Netherlands (Kingdom of the),886.08454
2017,DC_ODA_LLDC,Netherlands (Kingdom of the),732.8862
2018,DC_ODA_LLDC,Netherlands (Kingdom of the),887.40865
2019,DC_ODA_LLDC,Netherlands (Kingdom of the),845.33458
2020,DC_ODA_LLDC,Netherlands (Kingdom of the),736.41063
2021,DC_ODA_LLDC,Netherlands (Kingdom of the),593.58672
2000,DC_ODA_LLDC,New Zealand,20.9651
2001,DC_ODA_LLDC,New Zealand,21.54548
2002,DC_ODA_LLDC,New Zealand,25.63096
2003,DC_ODA_LLDC,New Zealand,24.74116
2004,DC_ODA_LLDC,New Zealand,38.90511
2005,DC_ODA_LLDC,New Zealand,37.52123
2006,DC_ODA_LLDC,New Zealand,29.80591
2007,DC_ODA_LLDC,New Zealand,27.90175
2008,DC_ODA_LLDC,New Zealand,37.21608
2009,DC_ODA_LLDC,New Zealand,35.7842
2010,DC_ODA_LLDC,New Zealand,25.90714
2011,DC_ODA_LLDC,New Zealand,35.50278
2012,DC_ODA_LLDC,New Zealand,43.92715
2013,DC_ODA_LLDC,New Zealand,35.54393
2014,DC_ODA_LLDC,New Zealand,28.3113
2015,DC_ODA_LLDC,New Zealand,32.17347
2016,DC_ODA_LLDC,New Zealand,29.11817
2017,DC_ODA_LLDC,New Zealand,35.88437
2018,DC_ODA_LLDC,New Zealand,30.90736
2019,DC_ODA_LLDC,New Zealand,37.6277
2020,DC_ODA_LLDC,New Zealand,34.9857
2021,DC_ODA_LLDC,New Zealand,34.4823
2000,DC_ODA_LLDC,Norway,455.81914
2001,DC_ODA_LLDC,Norway,539.60241
2002,DC_ODA_LLDC,Norway,691.15973
2003,DC_ODA_LLDC,Norway,708.18989
2004,DC_ODA_LLDC,Norway,669.13568
2005,DC_ODA_LLDC,Norway,682.83375
2006,DC_ODA_LLDC,Norway,736.83781
2007,DC_ODA_LLDC,Norway,698.57105
2008,DC_ODA_LLDC,Norway,676.57573
2009,DC_ODA_LLDC,Norway,760.29419
2010,DC_ODA_LLDC,Norway,672.90665
2011,DC_ODA_LLDC,Norway,722.12171
2012,DC_ODA_LLDC,Norway,672.62762
2013,DC_ODA_LLDC,Norway,761.40053
2014,DC_ODA_LLDC,Norway,746.09646
2015,DC_ODA_LLDC,Norway,786.31222
2016,DC_ODA_LLDC,Norway,775.81111
2017,DC_ODA_LLDC,Norway,747.79081
2018,DC_ODA_LLDC,Norway,778.67108
2019,DC_ODA_LLDC,Norway,781.85242
2020,DC_ODA_LLDC,Norway,876.05012
2021,DC_ODA_LLDC,Norway,721.6612
2000,DC_ODA_LLDC,Poland,14.03442
2001,DC_ODA_LLDC,Poland,6.16831
2002,DC_ODA_LLDC,Poland,6.77769
2003,DC_ODA_LLDC,Poland,8.08335
2004,DC_ODA_LLDC,Poland,39.46439
2005,DC_ODA_LLDC,Poland,46.70272
2006,DC_ODA_LLDC,Poland,49.00262
2007,DC_ODA_LLDC,Poland,52.06594
2008,DC_ODA_LLDC,Poland,58.94826
2009,DC_ODA_LLDC,Poland,63.6868
2010,DC_ODA_LLDC,Poland,65.99318
2011,DC_ODA_LLDC,Poland,58.53021
2012,DC_ODA_LLDC,Poland,56.37893
2013,DC_ODA_LLDC,Poland,60.79507
2014,DC_ODA_LLDC,Poland,90.10262
2015,DC_ODA_LLDC,Poland,102.18605
2016,DC_ODA_LLDC,Poland,149.79219
2017,DC_ODA_LLDC,Poland,95.00918
2018,DC_ODA_LLDC,Poland,106.80194
2019,DC_ODA_LLDC,Poland,105.23509
2020,DC_ODA_LLDC,Poland,109.24909
2021,DC_ODA_LLDC,Poland,111.9153
2000,DC_ODA_LLDC,Portugal,37.96391
2001,DC_ODA_LLDC,Portugal,31.08988
2002,DC_ODA_LLDC,Portugal,54.21771
2003,DC_ODA_LLDC,Portugal,48.87386
2004,DC_ODA_LLDC,Portugal,41.38039
2005,DC_ODA_LLDC,Portugal,44.29606
2006,DC_ODA_LLDC,Portugal,57.45349
2007,DC_ODA_LLDC,Portugal,55.55014
2008,DC_ODA_LLDC,Portugal,67.6849
2009,DC_ODA_LLDC,Portugal,57.81838
2010,DC_ODA_LLDC,Portugal,67.98902
2011,DC_ODA_LLDC,Portugal,38.59807
2012,DC_ODA_LLDC,Portugal,30.07351
2013,DC_ODA_LLDC,Portugal,28.92286
2014,DC_ODA_LLDC,Portugal,32.30052
2015,DC_ODA_LLDC,Portugal,31.96805
2016,DC_ODA_LLDC,Portugal,45.10779
2017,DC_ODA_LLDC,Portugal,58.76623
2018,DC_ODA_LLDC,Portugal,52.40694
2019,DC_ODA_LLDC,Portugal,50.65825
2020,DC_ODA_LLDC,Portugal,39.35331
2021,DC_ODA_LLDC,Portugal,46.47134
2000,DC_ODA_LLDC,Slovakia,0.0
2001,DC_ODA_LLDC,Slovakia,0.0
2002,DC_ODA_LLDC,Slovakia,1.67045
2003,DC_ODA_LLDC,Slovakia,5.94225
2004,DC_ODA_LLDC,Slovakia,8.64731
2005,DC_ODA_LLDC,Slovakia,16.58171
2006,DC_ODA_LLDC,Slovakia,11.56282
2007,DC_ODA_LLDC,Slovakia,11.37574
2008,DC_ODA_LLDC,Slovakia,11.69303
2009,DC_ODA_LLDC,Slovakia,11.4013
2010,DC_ODA_LLDC,Slovakia,12.80724
2011,DC_ODA_LLDC,Slovakia,11.23753
2012,DC_ODA_LLDC,Slovakia,11.01897
2013,DC_ODA_LLDC,Slovakia,14.41265
2014,DC_ODA_LLDC,Slovakia,13.21318
2015,DC_ODA_LLDC,Slovakia,16.19157
2016,DC_ODA_LLDC,Slovakia,17.36957
2017,DC_ODA_LLDC,Slovakia,19.48924
2018,DC_ODA_LLDC,Slovakia,18.29212
2019,DC_ODA_LLDC,Slovakia,17.56306
2020,DC_ODA_LLDC,Slovakia,16.94145
2021,DC_ODA_LLDC,Slovakia,21.45695
2000,DC_ODA_LLDC,Slovenia,0.0
2001,DC_ODA_LLDC,Slovenia,0.0
2002,DC_ODA_LLDC,Slovenia,0.0
2003,DC_ODA_LLDC,Slovenia,0.0
2004,DC_ODA_LLDC,Slovenia,0.0
2005,DC_ODA_LLDC,Slovenia,0.0
2006,DC_ODA_LLDC,Slovenia,0.0
2007,DC_ODA_LLDC,Slovenia,0.0
2008,DC_ODA_LLDC,Slovenia,10.4534
2009,DC_ODA_LLDC,Slovenia,9.74851
2010,DC_ODA_LLDC,Slovenia,9.42212
2011,DC_ODA_LLDC,Slovenia,9.26451
2012,DC_ODA_LLDC,Slovenia,9.60554
2013,DC_ODA_LLDC,Slovenia,10.75863
2014,DC_ODA_LLDC,Slovenia,10.69475
2015,DC_ODA_LLDC,Slovenia,11.14236
2016,DC_ODA_LLDC,Slovenia,14.55231
2017,DC_ODA_LLDC,Slovenia,14.01705
2018,DC_ODA_LLDC,Slovenia,13.99956
2019,DC_ODA_LLDC,Slovenia,15.34651
2020,DC_ODA_LLDC,Slovenia,15.33287
2021,DC_ODA_LLDC,Slovenia,18.22619
2000,DC_ODA_LLDC,Spain,190.52365
2001,DC_ODA_LLDC,Spain,303.07276
2002,DC_ODA_LLDC,Spain,356.24833
2003,DC_ODA_LLDC,Spain,383.03549
2004,DC_ODA_LLDC,Spain,364.66868
2005,DC_ODA_LLDC,Spain,409.94328
2006,DC_ODA_LLDC,Spain,531.15455
2007,DC_ODA_LLDC,Spain,585.80902
2008,DC_ODA_LLDC,Spain,748.99592
2009,DC_ODA_LLDC,Spain,895.01517
2010,DC_ODA_LLDC,Spain,652.68292
2011,DC_ODA_LLDC,Spain,506.72775
2012,DC_ODA_LLDC,Spain,242.4398
2013,DC_ODA_LLDC,Spain,263.35723
2014,DC_ODA_LLDC,Spain,294.12155
2015,DC_ODA_LLDC,Spain,233.61165
2016,DC_ODA_LLDC,Spain,428.01562
2017,DC_ODA_LLDC,Spain,423.12313
2018,DC_ODA_LLDC,Spain,484.48191
2019,DC_ODA_LLDC,Spain,426.33585
2020,DC_ODA_LLDC,Spain,417.71542
2021,DC_ODA_LLDC,Spain,476.46099
2000,DC_ODA_LLDC,Sweden,423.30198
2001,DC_ODA_LLDC,Sweden,461.77295
2002,DC_ODA_LLDC,Sweden,574.56323
2003,DC_ODA_LLDC,Sweden,515.43795
2004,DC_ODA_LLDC,Sweden,557.43448
2005,DC_ODA_LLDC,Sweden,755.7659
2006,DC_ODA_LLDC,Sweden,731.18556
2007,DC_ODA_LLDC,Sweden,791.63899
2008,DC_ODA_LLDC,Sweden,803.91318
2009,DC_ODA_LLDC,Sweden,864.58276
2010,DC_ODA_LLDC,Sweden,772.0917
2011,DC_ODA_LLDC,Sweden,827.71647
2012,DC_ODA_LLDC,Sweden,779.68119
2013,DC_ODA_LLDC,Sweden,872.3243
2014,DC_ODA_LLDC,Sweden,839.98106
2015,DC_ODA_LLDC,Sweden,899.74699
2016,DC_ODA_LLDC,Sweden,869.92098
2017,DC_ODA_LLDC,Sweden,1016.75575
2018,DC_ODA_LLDC,Sweden,1136.45452
2019,DC_ODA_LLDC,Sweden,1168.55248
2020,DC_ODA_LLDC,Sweden,1307.87835
2021,DC_ODA_LLDC,Sweden,1153.33143
2000,DC_ODA_LLDC,Switzerland,341.56796
2001,DC_ODA_LLDC,Switzerland,335.18121
2002,DC_ODA_LLDC,Switzerland,327.57894
2003,DC_ODA_LLDC,Switzerland,395.9019
2004,DC_ODA_LLDC,Switzerland,405.05988
2005,DC_ODA_LLDC,Switzerland,393.82939
2006,DC_ODA_LLDC,Switzerland,438.85297
2007,DC_ODA_LLDC,Switzerland,393.43297
2008,DC_ODA_LLDC,Switzerland,377.22734
2009,DC_ODA_LLDC,Switzerland,453.90878
2010,DC_ODA_LLDC,Switzerland,454.66342
2011,DC_ODA_LLDC,Switzerland,482.37239
2012,DC_ODA_LLDC,Switzerland,520.54636
2013,DC_ODA_LLDC,Switzerland,587.2305
2014,DC_ODA_LLDC,Switzerland,622.05581
2015,DC_ODA_LLDC,Switzerland,699.44092
2016,DC_ODA_LLDC,Switzerland,678.60356
2017,DC_ODA_LLDC,Switzerland,679.92077
2018,DC_ODA_LLDC,Switzerland,697.7753
2019,DC_ODA_LLDC,Switzerland,666.36279
2020,DC_ODA_LLDC,Switzerland,710.76609
2021,DC_ODA_LLDC,Switzerland,698.84911
2000,DC_ODA_LLDC,United Kingdom of Great Britain and Northern Ireland,1264.16871
2001,DC_ODA_LLDC,United Kingdom of Great Britain and Northern Ireland,1183.08226
2002,DC_ODA_LLDC,United Kingdom of Great Britain and Northern Ireland,1091.34429
2003,DC_ODA_LLDC,United Kingdom of Great Britain and Northern Ireland,1478.03388
2004,DC_ODA_LLDC,United Kingdom of Great Britain and Northern Ireland,1804.52307
2005,DC_ODA_LLDC,United Kingdom of Great Britain and Northern Ireland,1447.13365
2006,DC_ODA_LLDC,United Kingdom of Great Britain and Northern Ireland,2240.8923
2007,DC_ODA_LLDC,United Kingdom of Great Britain and Northern Ireland,1944.53226
2008,DC_ODA_LLDC,United Kingdom of Great Britain and Northern Ireland,2075.91887
2009,DC_ODA_LLDC,United Kingdom of Great Britain and Northern Ireland,2400.35635
2010,DC_ODA_LLDC,United Kingdom of Great Britain and Northern Ireland,2738.73183
2011,DC_ODA_LLDC,United Kingdom of Great Britain and Northern Ireland,2964.00521
2012,DC_ODA_LLDC,United Kingdom of Great Britain and Northern Ireland,2816.94892
2013,DC_ODA_LLDC,United Kingdom of Great Britain and Northern Ireland,3483.24976
2014,DC_ODA_LLDC,United Kingdom of Great Britain and Northern Ireland,3441.63036
2015,DC_ODA_LLDC,United Kingdom of Great Britain and Northern Ireland,3639.2121
2016,DC_ODA_LLDC,United Kingdom of Great Britain and Northern Ireland,3744.91788
2017,DC_ODA_LLDC,United Kingdom of Great Britain and Northern Ireland,3739.54206
2018,DC_ODA_LLDC,United Kingdom of Great Britain and Northern Ireland,3986.1676
2019,DC_ODA_LLDC,United Kingdom of Great Britain and Northern Ireland,3512.9886
2020,DC_ODA_LLDC,United Kingdom of Great Britain and Northern Ireland,3265.21299
2021,DC_ODA_LLDC,United Kingdom of Great Britain and Northern Ireland,2189.50974
2021,DC_ODA_LLDC,United Kingdom of Great Britain and Northern Ireland,2189.50974
