Year,SeriesCode,Страна ,Value
2010,DC_ODA_SIDSG,Portugal,0.10569
2011,DC_ODA_SIDSG,Portugal,0.09853
2012,DC_ODA_SIDSG,Portugal,0.10873
2013,DC_ODA_SIDSG,Portugal,0.09637
2014,DC_ODA_SIDSG,Portugal,0.08144
2015,DC_ODA_SIDSG,Portugal,0.05471
2016,DC_ODA_SIDSG,Portugal,0.03958
2017,DC_ODA_SIDSG,Portugal,0.03171
2018,DC_ODA_SIDSG,Portugal,0.02996
2019,DC_ODA_SIDSG,Portugal,0.03026
2020,DC_ODA_SIDSG,Portugal,0.02967
2021,DC_ODA_SIDSG,Portugal,0.02683
2000,DC_ODA_SIDSG,Slovakia,0.0
2001,DC_ODA_SIDSG,Slovakia,0.0
2002,DC_ODA_SIDSG,Slovakia,0.00029
2003,DC_ODA_SIDSG,Slovakia,0.00068
2004,DC_ODA_SIDSG,Slovakia,0.00171
2006,DC_ODA_SIDSG,Slovakia,0.00251
2007,DC_ODA_SIDSG,Slovakia,0.00264
2008,DC_ODA_SIDSG,Slovakia,0.00314
2009,DC_ODA_SIDSG,Slovakia,0.00359
2010,DC_ODA_SIDSG,Slovakia,0.00439
2011,DC_ODA_SIDSG,Slovakia,0.0024
2012,DC_ODA_SIDSG,Slovakia,0.00219
2013,DC_ODA_SIDSG,Slovakia,0.00232
2014,DC_ODA_SIDSG,Slovakia,0.00193
2015,DC_ODA_SIDSG,Slovakia,0.00249
2016,DC_ODA_SIDSG,Slovakia,0.00285
2017,DC_ODA_SIDSG,Slovakia,0.00234
2018,DC_ODA_SIDSG,Slovakia,0.00258
2019,DC_ODA_SIDSG,Slovakia,0.00203
2020,DC_ODA_SIDSG,Slovakia,0.0017
2021,DC_ODA_SIDSG,Slovakia,0.00156
2005,DC_ODA_SIDSG,Slovenia,0.0
2006,DC_ODA_SIDSG,Slovenia,0.0
2007,DC_ODA_SIDSG,Slovenia,0.0
2008,DC_ODA_SIDSG,Slovenia,0.00371
2009,DC_ODA_SIDSG,Slovenia,0.00526
2010,DC_ODA_SIDSG,Slovenia,0.00589
2011,DC_ODA_SIDSG,Slovenia,0.0041
2012,DC_ODA_SIDSG,Slovenia,0.0047
2013,DC_ODA_SIDSG,Slovenia,0.00466
2014,DC_ODA_SIDSG,Slovenia,0.00256
2015,DC_ODA_SIDSG,Slovenia,0.00272
2016,DC_ODA_SIDSG,Slovenia,0.00352
2017,DC_ODA_SIDSG,Slovenia,0.00251
2018,DC_ODA_SIDSG,Slovenia,0.00265
2019,DC_ODA_SIDSG,Slovenia,0.00236
2000,DC_ODA_SIDSG,Australia,0.09315
2001,DC_ODA_SIDSG,Australia,0.07793
2002,DC_ODA_SIDSG,Australia,0.0782
2003,DC_ODA_SIDSG,Australia,0.07813
2004,DC_ODA_SIDSG,Australia,0.0794
2005,DC_ODA_SIDSG,Australia,0.07454
2006,DC_ODA_SIDSG,Australia,0.07508
2007,DC_ODA_SIDSG,Australia,0.08196
2008,DC_ODA_SIDSG,Australia,0.07503
2009,DC_ODA_SIDSG,Australia,0.07233
2010,DC_ODA_SIDSG,Australia,0.08587
2011,DC_ODA_SIDSG,Australia,0.08026
2012,DC_ODA_SIDSG,Australia,0.07855
2013,DC_ODA_SIDSG,Australia,0.07323
2014,DC_ODA_SIDSG,Australia,0.0644
2015,DC_ODA_SIDSG,Australia,0.07306
2016,DC_ODA_SIDSG,Australia,0.05904
2017,DC_ODA_SIDSG,Australia,0.06321
2018,DC_ODA_SIDSG,Australia,0.0592
2019,DC_ODA_SIDSG,Australia,0.05851
2020,DC_ODA_SIDSG,Australia,0.05601
2021,DC_ODA_SIDSG,Australia,0.07878
2000,DC_ODA_SIDSG,Austria,0.00953
2001,DC_ODA_SIDSG,Austria,0.00771
2002,DC_ODA_SIDSG,Austria,0.00537
2003,DC_ODA_SIDSG,Austria,0.00568
2004,DC_ODA_SIDSG,Austria,0.00492
2005,DC_ODA_SIDSG,Austria,0.00491
2006,DC_ODA_SIDSG,Austria,0.00541
2007,DC_ODA_SIDSG,Austria,0.00609
2008,DC_ODA_SIDSG,Austria,0.00609
2009,DC_ODA_SIDSG,Austria,0.00854
2010,DC_ODA_SIDSG,Austria,0.01284
2011,DC_ODA_SIDSG,Austria,0.00545
2012,DC_ODA_SIDSG,Austria,0.00426
2013,DC_ODA_SIDSG,Austria,0.00462
2014,DC_ODA_SIDSG,Austria,0.00343
2015,DC_ODA_SIDSG,Austria,0.00423
2016,DC_ODA_SIDSG,Austria,0.00665
2017,DC_ODA_SIDSG,Austria,0.00622
2018,DC_ODA_SIDSG,Austria,0.00727
2019,DC_ODA_SIDSG,Austria,0.00463
2020,DC_ODA_SIDSG,Austria,0.00831
2021,DC_ODA_SIDSG,Austria,0.00527
2000,DC_ODA_SIDSG,Belgium,0.01368
2001,DC_ODA_SIDSG,Belgium,0.01235
2002,DC_ODA_SIDSG,Belgium,0.01034
2003,DC_ODA_SIDSG,Belgium,0.00847
2004,DC_ODA_SIDSG,Belgium,0.00989
2005,DC_ODA_SIDSG,Belgium,0.00873
2006,DC_ODA_SIDSG,Belgium,0.00959
2007,DC_ODA_SIDSG,Belgium,0.00935
2008,DC_ODA_SIDSG,Belgium,0.01198
2009,DC_ODA_SIDSG,Belgium,0.01508
2010,DC_ODA_SIDSG,Belgium,0.01949
2011,DC_ODA_SIDSG,Belgium,0.01149
2012,DC_ODA_SIDSG,Belgium,0.00916
2013,DC_ODA_SIDSG,Belgium,0.01099
2014,DC_ODA_SIDSG,Belgium,0.00857
2015,DC_ODA_SIDSG,Belgium,0.00711
2016,DC_ODA_SIDSG,Belgium,0.00974
2017,DC_ODA_SIDSG,Belgium,0.00843
2018,DC_ODA_SIDSG,Belgium,0.00988
2019,DC_ODA_SIDSG,Belgium,0.00852
2020,DC_ODA_SIDSG,Belgium,0.00825
2021,DC_ODA_SIDSG,Belgium,0.00745
2000,DC_ODA_SIDSG,Canada,0.00666
2001,DC_ODA_SIDSG,Canada,0.00765
2002,DC_ODA_SIDSG,Canada,0.00797
2003,DC_ODA_SIDSG,Canada,0.00885
2004,DC_ODA_SIDSG,Canada,0.01009
2005,DC_ODA_SIDSG,Canada,0.01778
2006,DC_ODA_SIDSG,Canada,0.01352
2007,DC_ODA_SIDSG,Canada,0.01697
2008,DC_ODA_SIDSG,Canada,0.01584
2009,DC_ODA_SIDSG,Canada,0.01929
2010,DC_ODA_SIDSG,Canada,0.0349
2011,DC_ODA_SIDSG,Canada,0.01928
2012,DC_ODA_SIDSG,Canada,0.01342
2013,DC_ODA_SIDSG,Canada,0.01037
2014,DC_ODA_SIDSG,Canada,0.00753
2015,DC_ODA_SIDSG,Canada,0.00878
2016,DC_ODA_SIDSG,Canada,0.0088
2017,DC_ODA_SIDSG,Canada,0.00958
2018,DC_ODA_SIDSG,Canada,0.00901
2019,DC_ODA_SIDSG,Canada,0.00726
2020,DC_ODA_SIDSG,Canada,0.00744
2021,DC_ODA_SIDSG,Canada,0.00685
2000,DC_ODA_SIDSG,Czechia,0.0004
2001,DC_ODA_SIDSG,Czechia,0.00044
2002,DC_ODA_SIDSG,Czechia,0.00068
2003,DC_ODA_SIDSG,Czechia,0.00071
2004,DC_ODA_SIDSG,Czechia,0.00218
2005,DC_ODA_SIDSG,Czechia,0.00231
2006,DC_ODA_SIDSG,Czechia,0.00294
2007,DC_ODA_SIDSG,Czechia,0.00328
2008,DC_ODA_SIDSG,Czechia,0.0039
2009,DC_ODA_SIDSG,Czechia,0.0039
2010,DC_ODA_SIDSG,Czechia,0.00705
2011,DC_ODA_SIDSG,Czechia,0.00344
2012,DC_ODA_SIDSG,Czechia,0.00283
2013,DC_ODA_SIDSG,Czechia,0.00285
2014,DC_ODA_SIDSG,Czechia,0.00236
2015,DC_ODA_SIDSG,Czechia,0.00228
2016,DC_ODA_SIDSG,Czechia,0.00297
2017,DC_ODA_SIDSG,Czechia,0.0029
2018,DC_ODA_SIDSG,Czechia,0.00239
2019,DC_ODA_SIDSG,Czechia,0.00199
2020,DC_ODA_SIDSG,Czechia,0.00189
2021,DC_ODA_SIDSG,Czechia,0.00174
2000,DC_ODA_SIDSG,Denmark,0.01216
2001,DC_ODA_SIDSG,Denmark,0.01054
2020,DC_ODA_SIDSG,Slovenia,0.00219
2021,DC_ODA_SIDSG,Slovenia,0.0043
2000,DC_ODA_SIDSG,Spain,0.01033
2001,DC_ODA_SIDSG,Spain,0.01054
2002,DC_ODA_SIDSG,Spain,0.01265
2003,DC_ODA_SIDSG,Spain,0.00894
2004,DC_ODA_SIDSG,Spain,0.01136
2005,DC_ODA_SIDSG,Spain,0.00825
2006,DC_ODA_SIDSG,Spain,0.01019
2007,DC_ODA_SIDSG,Spain,0.01339
2008,DC_ODA_SIDSG,Spain,0.0168
2009,DC_ODA_SIDSG,Spain,0.02549
2010,DC_ODA_SIDSG,Spain,0.02787
2011,DC_ODA_SIDSG,Spain,0.01759
2012,DC_ODA_SIDSG,Spain,0.00602
2013,DC_ODA_SIDSG,Spain,0.0063
2014,DC_ODA_SIDSG,Spain,0.00459
2015,DC_ODA_SIDSG,Spain,0.01353
2016,DC_ODA_SIDSG,Spain,0.17626
2017,DC_ODA_SIDSG,Spain,0.00385
2018,DC_ODA_SIDSG,Spain,0.00471
2019,DC_ODA_SIDSG,Spain,0.00478
2020,DC_ODA_SIDSG,Spain,0.0054
2021,DC_ODA_SIDSG,Spain,0.00216
2000,DC_ODA_SIDSG,Sweden,0.01186
2001,DC_ODA_SIDSG,Sweden,0.01027
2002,DC_ODA_SIDSG,Sweden,0.01033
2003,DC_ODA_SIDSG,Sweden,0.00963
2004,DC_ODA_SIDSG,Sweden,0.01149
2005,DC_ODA_SIDSG,Sweden,0.01113
2006,DC_ODA_SIDSG,Sweden,0.01085
2007,DC_ODA_SIDSG,Sweden,0.01199
2002,DC_ODA_SIDSG,Denmark,0.01043
2003,DC_ODA_SIDSG,Denmark,0.00906
2004,DC_ODA_SIDSG,Denmark,0.0114
2005,DC_ODA_SIDSG,Denmark,0.01008
2006,DC_ODA_SIDSG,Denmark,0.01015
2007,DC_ODA_SIDSG,Denmark,0.01015
2008,DC_ODA_SIDSG,Denmark,0.00909
2009,DC_ODA_SIDSG,Denmark,0.00914
2010,DC_ODA_SIDSG,Denmark,0.02384
2011,DC_ODA_SIDSG,Denmark,0.0099
2012,DC_ODA_SIDSG,Denmark,0.0065
2013,DC_ODA_SIDSG,Denmark,0.00612
2014,DC_ODA_SIDSG,Denmark,0.00649
2015,DC_ODA_SIDSG,Denmark,0.00575
2016,DC_ODA_SIDSG,Denmark,0.00622
2017,DC_ODA_SIDSG,Denmark,0.00706
2018,DC_ODA_SIDSG,Denmark,0.0082
2019,DC_ODA_SIDSG,Denmark,0.00576
2020,DC_ODA_SIDSG,Denmark,0.00679
2021,DC_ODA_SIDSG,Denmark,0.00868
2000,DC_ODA_SIDSG,Finland,0.00754
2001,DC_ODA_SIDSG,Finland,0.008
2002,DC_ODA_SIDSG,Finland,0.00699
2003,DC_ODA_SIDSG,Finland,0.00586
2004,DC_ODA_SIDSG,Finland,0.00696
2005,DC_ODA_SIDSG,Finland,0.00629
2006,DC_ODA_SIDSG,Finland,0.00783
2007,DC_ODA_SIDSG,Finland,0.00683
2008,DC_ODA_SIDSG,Finland,0.00799
2009,DC_ODA_SIDSG,Finland,0.01018
2010,DC_ODA_SIDSG,Finland,0.01689
2011,DC_ODA_SIDSG,Finland,0.01111
2012,DC_ODA_SIDSG,Finland,0.00799
2013,DC_ODA_SIDSG,Finland,0.00888
2014,DC_ODA_SIDSG,Finland,0.00868
2015,DC_ODA_SIDSG,Finland,0.0073
2016,DC_ODA_SIDSG,Finland,0.0048
2017,DC_ODA_SIDSG,Finland,0.00449
2018,DC_ODA_SIDSG,Finland,0.00522
2019,DC_ODA_SIDSG,Finland,0.00591
2020,DC_ODA_SIDSG,Finland,0.0063
2021,DC_ODA_SIDSG,Finland,0.00819
2000,DC_ODA_SIDSG,France,0.00903
2001,DC_ODA_SIDSG,France,0.00847
2002,DC_ODA_SIDSG,France,0.00903
2003,DC_ODA_SIDSG,France,0.00586
2004,DC_ODA_SIDSG,France,0.01014
2005,DC_ODA_SIDSG,France,0.00805
2008,DC_ODA_SIDSG,Sweden,0.01345
2009,DC_ODA_SIDSG,Sweden,0.01375
2010,DC_ODA_SIDSG,Sweden,0.02325
2011,DC_ODA_SIDSG,Sweden,0.01405
2012,DC_ODA_SIDSG,Sweden,0.01094
2013,DC_ODA_SIDSG,Sweden,0.01002
2014,DC_ODA_SIDSG,Sweden,0.00995
2015,DC_ODA_SIDSG,Sweden,0.00849
2006,DC_ODA_SIDSG,France,0.00933
2007,DC_ODA_SIDSG,France,0.01211
2008,DC_ODA_SIDSG,France,0.0109
2009,DC_ODA_SIDSG,France,0.01532
2010,DC_ODA_SIDSG,France,0.02154
2011,DC_ODA_SIDSG,France,0.01689
2012,DC_ODA_SIDSG,France,0.01797
2013,DC_ODA_SIDSG,France,0.01167
2016,DC_ODA_SIDSG,Sweden,0.00897
2017,DC_ODA_SIDSG,Sweden,0.00881
2018,DC_ODA_SIDSG,Sweden,0.0137
2019,DC_ODA_SIDSG,Sweden,0.00802
2020,DC_ODA_SIDSG,Sweden,0.02158
2021,DC_ODA_SIDSG,Sweden,0.0098
2000,DC_ODA_SIDSG,Switzerland,0.00577
2001,DC_ODA_SIDSG,Switzerland,0.00362
2014,DC_ODA_SIDSG,France,0.01082
2015,DC_ODA_SIDSG,France,0.01624
2016,DC_ODA_SIDSG,France,0.01201
2017,DC_ODA_SIDSG,France,0.01335
2018,DC_ODA_SIDSG,France,0.01471
2019,DC_ODA_SIDSG,France,0.00732
2020,DC_ODA_SIDSG,France,0.03052
2021,DC_ODA_SIDSG,France,0.0195
2000,DC_ODA_SIDSG,Germany,0.0067
2001,DC_ODA_SIDSG,Germany,0.0057
2002,DC_ODA_SIDSG,Germany,0.0053
2003,DC_ODA_SIDSG,Germany,0.00454
2004,DC_ODA_SIDSG,Germany,0.00504
2005,DC_ODA_SIDSG,Germany,0.00411
2006,DC_ODA_SIDSG,Germany,0.00534
2007,DC_ODA_SIDSG,Germany,0.00563
2002,DC_ODA_SIDSG,Switzerland,0.00399
2003,DC_ODA_SIDSG,Switzerland,0.0055
2004,DC_ODA_SIDSG,Switzerland,0.00615
2005,DC_ODA_SIDSG,Switzerland,0.00531
2006,DC_ODA_SIDSG,Switzerland,0.00401
2007,DC_ODA_SIDSG,Switzerland,0.00513
2008,DC_ODA_SIDSG,Switzerland,0.00478
2009,DC_ODA_SIDSG,Switzerland,0.00605
2008,DC_ODA_SIDSG,Germany,0.00595
2009,DC_ODA_SIDSG,Germany,0.00795
2010,DC_ODA_SIDSG,Germany,0.00997
2011,DC_ODA_SIDSG,Germany,0.00653
2012,DC_ODA_SIDSG,Germany,0.00504
2013,DC_ODA_SIDSG,Germany,0.0048
2014,DC_ODA_SIDSG,Germany,0.00496
2015,DC_ODA_SIDSG,Germany,0.00408
2016,DC_ODA_SIDSG,Germany,0.00576
2017,DC_ODA_SIDSG,Germany,0.00504
2018,DC_ODA_SIDSG,Germany,0.00643
2019,DC_ODA_SIDSG,Germany,0.00453
2020,DC_ODA_SIDSG,Germany,0.00506
2021,DC_ODA_SIDSG,Germany,0.00705
2000,DC_ODA_SIDSG,Greece,0.00558
2001,DC_ODA_SIDSG,Greece,0.00431
2010,DC_ODA_SIDSG,Switzerland,0.00804
2011,DC_ODA_SIDSG,Switzerland,0.00679
2012,DC_ODA_SIDSG,Switzerland,0.00605
2013,DC_ODA_SIDSG,Switzerland,0.00694
2014,DC_ODA_SIDSG,Switzerland,0.00739
2015,DC_ODA_SIDSG,Switzerland,0.00716
2016,DC_ODA_SIDSG,Switzerland,0.00911
2017,DC_ODA_SIDSG,Switzerland,0.00897
2018,DC_ODA_SIDSG,Switzerland,0.00788
2019,DC_ODA_SIDSG,Switzerland,0.00857
2020,DC_ODA_SIDSG,Switzerland,0.00895
2021,DC_ODA_SIDSG,Switzerland,0.01064
2000,DC_ODA_SIDSG,United Kingdom of Great Britain and Northern Ireland,0.01325
2001,DC_ODA_SIDSG,United Kingdom of Great Britain and Northern Ireland,0.01047
2002,DC_ODA_SIDSG,United Kingdom of Great Britain and Northern Ireland,0.0118
2003,DC_ODA_SIDSG,United Kingdom of Great Britain and Northern Ireland,0.00788
2004,DC_ODA_SIDSG,United Kingdom of Great Britain and Northern Ireland,0.00732
2005,DC_ODA_SIDSG,United Kingdom of Great Britain and Northern Ireland,0.00786
2006,DC_ODA_SIDSG,United Kingdom of Great Britain and Northern Ireland,0.0043
2007,DC_ODA_SIDSG,United Kingdom of Great Britain and Northern Ireland,0.00636
2008,DC_ODA_SIDSG,United Kingdom of Great Britain and Northern Ireland,0.00786
2009,DC_ODA_SIDSG,United Kingdom of Great Britain and Northern Ireland,0.01207
2010,DC_ODA_SIDSG,United Kingdom of Great Britain and Northern Ireland,0.01395
2011,DC_ODA_SIDSG,United Kingdom of Great Britain and Northern Ireland,0.01118
2012,DC_ODA_SIDSG,United Kingdom of Great Britain and Northern Ireland,0.00822
2013,DC_ODA_SIDSG,United Kingdom of Great Britain and Northern Ireland,0.01171
2014,DC_ODA_SIDSG,United Kingdom of Great Britain and Northern Ireland,0.00883
2015,DC_ODA_SIDSG,United Kingdom of Great Britain and Northern Ireland,0.00912
2016,DC_ODA_SIDSG,United Kingdom of Great Britain and Northern Ireland,0.01024
2017,DC_ODA_SIDSG,United Kingdom of Great Britain and Northern Ireland,0.00828
2018,DC_ODA_SIDSG,United Kingdom of Great Britain and Northern Ireland,0.01079
2019,DC_ODA_SIDSG,United Kingdom of Great Britain and Northern Ireland,0.00818
2002,DC_ODA_SIDSG,Greece,0.00502
2003,DC_ODA_SIDSG,Greece,0.00244
2004,DC_ODA_SIDSG,Greece,0.00352
2005,DC_ODA_SIDSG,Greece,0.00288
2006,DC_ODA_SIDSG,Greece,0.00403
2007,DC_ODA_SIDSG,Greece,0.00433
2008,DC_ODA_SIDSG,Greece,0.00457
2009,DC_ODA_SIDSG,Greece,0.00531
2010,DC_ODA_SIDSG,Greece,0.00739
2011,DC_ODA_SIDSG,Greece,0.00334
2012,DC_ODA_SIDSG,Greece,0.00292
2013,DC_ODA_SIDSG,Greece,0.00258
2014,DC_ODA_SIDSG,Greece,0.00248
2015,DC_ODA_SIDSG,Greece,0.0025
2016,DC_ODA_SIDSG,Greece,0.00287
2017,DC_ODA_SIDSG,Greece,0.00238
2018,DC_ODA_SIDSG,Greece,0.00278
2019,DC_ODA_SIDSG,Greece,0.0021
2020,DC_ODA_SIDSG,Greece,0.00221
2021,DC_ODA_SIDSG,Greece,0.00172
2003,DC_ODA_SIDSG,Hungary,0.00027
2004,DC_ODA_SIDSG,Hungary,0.00148
2005,DC_ODA_SIDSG,Hungary,0.00331
2006,DC_ODA_SIDSG,Hungary,0.00258
2007,DC_ODA_SIDSG,Hungary,0.00248
2008,DC_ODA_SIDSG,Hungary,0.00328
2009,DC_ODA_SIDSG,Hungary,0.00384
2010,DC_ODA_SIDSG,Hungary,0.00522
2011,DC_ODA_SIDSG,Hungary,0.00293
2012,DC_ODA_SIDSG,Hungary,0.00252
2013,DC_ODA_SIDSG,Hungary,0.00233
2014,DC_ODA_SIDSG,Hungary,0.00228
2015,DC_ODA_SIDSG,Hungary,0.00244
2016,DC_ODA_SIDSG,Hungary,0.00328
2017,DC_ODA_SIDSG,Hungary,0.00164
2018,DC_ODA_SIDSG,Hungary,0.00284
2019,DC_ODA_SIDSG,Hungary,0.00211
2020,DC_ODA_SIDSG,Hungary,0.00229
2021,DC_ODA_SIDSG,Hungary,0.00829
2000,DC_ODA_SIDSG,Iceland,0.00109
2020,DC_ODA_SIDSG,United Kingdom of Great Britain and Northern Ireland,0.01223
2021,DC_ODA_SIDSG,United Kingdom of Great Britain and Northern Ireland,0.00904
2001,DC_ODA_SIDSG,Iceland,0.00163
2002,DC_ODA_SIDSG,Iceland,0.00084
2003,DC_ODA_SIDSG,Iceland,0.00028
2004,DC_ODA_SIDSG,Iceland,0.00017
2005,DC_ODA_SIDSG,Iceland,0.00103
2006,DC_ODA_SIDSG,Iceland,0.00182
2007,DC_ODA_SIDSG,Iceland,0.00159
2008,DC_ODA_SIDSG,Iceland,0.00404
2009,DC_ODA_SIDSG,Iceland,0.01352
2010,DC_ODA_SIDSG,Iceland,0.01385
2011,DC_ODA_SIDSG,Iceland,0.00086
2012,DC_ODA_SIDSG,Iceland,0.0021
2013,DC_ODA_SIDSG,Iceland,0.00177
2014,DC_ODA_SIDSG,Iceland,0.00108
2015,DC_ODA_SIDSG,Iceland,0.00156
2016,DC_ODA_SIDSG,Iceland,0.00177
2017,DC_ODA_SIDSG,Iceland,0.00129
2018,DC_ODA_SIDSG,Iceland,0.00151
2019,DC_ODA_SIDSG,Iceland,0.00077
2020,DC_ODA_SIDSG,Iceland,0.00106
2021,DC_ODA_SIDSG,Iceland,0.0022
2000,DC_ODA_SIDSG,Ireland,0.0075
2001,DC_ODA_SIDSG,Ireland,0.00716
2002,DC_ODA_SIDSG,Ireland,0.00892
2003,DC_ODA_SIDSG,Ireland,0.00801
2004,DC_ODA_SIDSG,Ireland,0.00961
2005,DC_ODA_SIDSG,Ireland,0.00882
2006,DC_ODA_SIDSG,Ireland,0.0121
2007,DC_ODA_SIDSG,Ireland,0.01218
2008,DC_ODA_SIDSG,Ireland,0.01315
2009,DC_ODA_SIDSG,Ireland,0.01251
2010,DC_ODA_SIDSG,Ireland,0.01736
2011,DC_ODA_SIDSG,Ireland,0.01081
2012,DC_ODA_SIDSG,Ireland,0.00987
2013,DC_ODA_SIDSG,Ireland,0.00652
2014,DC_ODA_SIDSG,Ireland,0.00531
2015,DC_ODA_SIDSG,Ireland,0.00468
2016,DC_ODA_SIDSG,Ireland,0.00532
2017,DC_ODA_SIDSG,Ireland,0.00371
2018,DC_ODA_SIDSG,Ireland,0.00418
2019,DC_ODA_SIDSG,Ireland,0.00345
2020,DC_ODA_SIDSG,Ireland,0.00441
2021,DC_ODA_SIDSG,Ireland,0.00382
2000,DC_ODA_SIDSG,Italy,0.00484
2001,DC_ODA_SIDSG,Italy,0.00377
2002,DC_ODA_SIDSG,Italy,0.00386
2003,DC_ODA_SIDSG,Italy,0.00749
2004,DC_ODA_SIDSG,Italy,0.00494
2005,DC_ODA_SIDSG,Italy,0.00458
2006,DC_ODA_SIDSG,Italy,0.00573
2007,DC_ODA_SIDSG,Italy,0.00844
2008,DC_ODA_SIDSG,Italy,0.00694
2009,DC_ODA_SIDSG,Italy,0.0064
2010,DC_ODA_SIDSG,Italy,0.01002
2011,DC_ODA_SIDSG,Italy,0.00432
2012,DC_ODA_SIDSG,Italy,0.00346
2013,DC_ODA_SIDSG,Italy,0.0043
2014,DC_ODA_SIDSG,Italy,0.00368
2015,DC_ODA_SIDSG,Italy,0.00347
2016,DC_ODA_SIDSG,Italy,0.00986
2017,DC_ODA_SIDSG,Italy,0.00951
2018,DC_ODA_SIDSG,Italy,0.00475
2019,DC_ODA_SIDSG,Italy,0.00419
2020,DC_ODA_SIDSG,Italy,0.00406
2021,DC_ODA_SIDSG,Italy,0.00467
2000,DC_ODA_SIDSG,Japan,0.00809
2001,DC_ODA_SIDSG,Japan,0.00609
2002,DC_ODA_SIDSG,Japan,0.00639
2003,DC_ODA_SIDSG,Japan,0.00469
2004,DC_ODA_SIDSG,Japan,0.00429
2005,DC_ODA_SIDSG,Japan,0.00546
2006,DC_ODA_SIDSG,Japan,0.00425
2007,DC_ODA_SIDSG,Japan,0.00367
2008,DC_ODA_SIDSG,Japan,0.00281
2009,DC_ODA_SIDSG,Japan,0.00662
2010,DC_ODA_SIDSG,Japan,0.00926
2011,DC_ODA_SIDSG,Japan,0.00654
2012,DC_ODA_SIDSG,Japan,0.00509
2013,DC_ODA_SIDSG,Japan,0.00544
2014,DC_ODA_SIDSG,Japan,0.00576
2015,DC_ODA_SIDSG,Japan,0.00576
2016,DC_ODA_SIDSG,Japan,0.0077
2017,DC_ODA_SIDSG,Japan,0.00804
2018,DC_ODA_SIDSG,Japan,0.01001
2019,DC_ODA_SIDSG,Japan,0.00834
2020,DC_ODA_SIDSG,Japan,0.01113
2021,DC_ODA_SIDSG,Japan,0.02157
2000,DC_ODA_SIDSG,Republic of Korea,0.00098
2001,DC_ODA_SIDSG,Republic of Korea,0.00152
2002,DC_ODA_SIDSG,Republic of Korea,0.00122
2003,DC_ODA_SIDSG,Republic of Korea,0.00148
2004,DC_ODA_SIDSG,Republic of Korea,0.00054
2005,DC_ODA_SIDSG,Republic of Korea,0.00383
2006,DC_ODA_SIDSG,Republic of Korea,0.00085
2007,DC_ODA_SIDSG,Republic of Korea,0.0015
2008,DC_ODA_SIDSG,Republic of Korea,0.00486
2009,DC_ODA_SIDSG,Republic of Korea,0.004
2010,DC_ODA_SIDSG,Republic of Korea,0.00269
2011,DC_ODA_SIDSG,Republic of Korea,0.00241
2012,DC_ODA_SIDSG,Republic of Korea,0.00294
2013,DC_ODA_SIDSG,Republic of Korea,0.00247
2014,DC_ODA_SIDSG,Republic of Korea,0.00198
2015,DC_ODA_SIDSG,Republic of Korea,0.00334
2016,DC_ODA_SIDSG,Republic of Korea,0.00331
2017,DC_ODA_SIDSG,Republic of Korea,0.00321
2018,DC_ODA_SIDSG,Republic of Korea,0.00306
2019,DC_ODA_SIDSG,Republic of Korea,0.0033
2020,DC_ODA_SIDSG,Republic of Korea,0.00316
2021,DC_ODA_SIDSG,Republic of Korea,0.00609
2003,DC_ODA_SIDSG,Lithuania,0.0
2004,DC_ODA_SIDSG,Lithuania,0.00143
2005,DC_ODA_SIDSG,Lithuania,0.00194
2006,DC_ODA_SIDSG,Lithuania,0.00221
2007,DC_ODA_SIDSG,Lithuania,0.00271
2008,DC_ODA_SIDSG,Lithuania,0.00407
2009,DC_ODA_SIDSG,Lithuania,0.00496
2010,DC_ODA_SIDSG,Lithuania,0.0043
2011,DC_ODA_SIDSG,Lithuania,0.00259
2012,DC_ODA_SIDSG,Lithuania,0.00228
2013,DC_ODA_SIDSG,Lithuania,0.00226
2014,DC_ODA_SIDSG,Lithuania,0.00229
2015,DC_ODA_SIDSG,Lithuania,0.0026
2016,DC_ODA_SIDSG,Lithuania,0.00273
2017,DC_ODA_SIDSG,Lithuania,0.00246
2018,DC_ODA_SIDSG,Lithuania,0.00234
2019,DC_ODA_SIDSG,Lithuania,0.00212
2020,DC_ODA_SIDSG,Lithuania,0.00194
2021,DC_ODA_SIDSG,Lithuania,0.00165
2000,DC_ODA_SIDSG,Luxembourg,0.06373
2001,DC_ODA_SIDSG,Luxembourg,0.04812
2002,DC_ODA_SIDSG,Luxembourg,0.04847
2003,DC_ODA_SIDSG,Luxembourg,0.0533
2004,DC_ODA_SIDSG,Luxembourg,0.05775
2005,DC_ODA_SIDSG,Luxembourg,0.06157
2006,DC_ODA_SIDSG,Luxembourg,0.05322
2007,DC_ODA_SIDSG,Luxembourg,0.05352
2008,DC_ODA_SIDSG,Luxembourg,0.05935
2009,DC_ODA_SIDSG,Luxembourg,0.05326
2010,DC_ODA_SIDSG,Luxembourg,0.07043
2011,DC_ODA_SIDSG,Luxembourg,0.0543
2012,DC_ODA_SIDSG,Luxembourg,0.0616
2013,DC_ODA_SIDSG,Luxembourg,0.059
2014,DC_ODA_SIDSG,Luxembourg,0.05104
2015,DC_ODA_SIDSG,Luxembourg,0.04996
2016,DC_ODA_SIDSG,Luxembourg,0.04174
2017,DC_ODA_SIDSG,Luxembourg,0.03339
2018,DC_ODA_SIDSG,Luxembourg,0.04315
2019,DC_ODA_SIDSG,Luxembourg,0.04464
2020,DC_ODA_SIDSG,Luxembourg,0.04499
2021,DC_ODA_SIDSG,Luxembourg,0.0511
2000,DC_ODA_SIDSG,Netherlands (Kingdom of the),0.02262
2001,DC_ODA_SIDSG,Netherlands (Kingdom of the),0.02132
2002,DC_ODA_SIDSG,Netherlands (Kingdom of the),0.01292
2003,DC_ODA_SIDSG,Netherlands (Kingdom of the),0.01103
2004,DC_ODA_SIDSG,Netherlands (Kingdom of the),0.0158
2005,DC_ODA_SIDSG,Netherlands (Kingdom of the),0.01575
2006,DC_ODA_SIDSG,Netherlands (Kingdom of the),0.0128
2007,DC_ODA_SIDSG,Netherlands (Kingdom of the),0.02547
2008,DC_ODA_SIDSG,Netherlands (Kingdom of the),0.0171
2009,DC_ODA_SIDSG,Netherlands (Kingdom of the),0.0231
2010,DC_ODA_SIDSG,Netherlands (Kingdom of the),0.02154
2011,DC_ODA_SIDSG,Netherlands (Kingdom of the),0.01531
2012,DC_ODA_SIDSG,Netherlands (Kingdom of the),0.0083
2013,DC_ODA_SIDSG,Netherlands (Kingdom of the),0.00701
2014,DC_ODA_SIDSG,Netherlands (Kingdom of the),0.00512
2015,DC_ODA_SIDSG,Netherlands (Kingdom of the),0.0057
2016,DC_ODA_SIDSG,Netherlands (Kingdom of the),0.00583
2017,DC_ODA_SIDSG,Netherlands (Kingdom of the),0.00393
2018,DC_ODA_SIDSG,Netherlands (Kingdom of the),0.00639
2019,DC_ODA_SIDSG,Netherlands (Kingdom of the),0.00538
2020,DC_ODA_SIDSG,Netherlands (Kingdom of the),0.00541
2021,DC_ODA_SIDSG,Netherlands (Kingdom of the),0.00385
2000,DC_ODA_SIDSG,New Zealand,0.08095
2001,DC_ODA_SIDSG,New Zealand,0.08397
2002,DC_ODA_SIDSG,New Zealand,0.06437
2003,DC_ODA_SIDSG,New Zealand,0.06813
2004,DC_ODA_SIDSG,New Zealand,0.06434
2005,DC_ODA_SIDSG,New Zealand,0.06976
2006,DC_ODA_SIDSG,New Zealand,0.08425
2007,DC_ODA_SIDSG,New Zealand,0.07507
2008,DC_ODA_SIDSG,New Zealand,0.09044
2009,DC_ODA_SIDSG,New Zealand,0.09149
2010,DC_ODA_SIDSG,New Zealand,0.10046
2011,DC_ODA_SIDSG,New Zealand,0.09906
2012,DC_ODA_SIDSG,New Zealand,0.10386
2013,DC_ODA_SIDSG,New Zealand,0.08975
2014,DC_ODA_SIDSG,New Zealand,0.1027
2015,DC_ODA_SIDSG,New Zealand,0.11033
2016,DC_ODA_SIDSG,New Zealand,0.09394
2017,DC_ODA_SIDSG,New Zealand,0.08008
2018,DC_ODA_SIDSG,New Zealand,0.10694
2019,DC_ODA_SIDSG,New Zealand,0.09284
2020,DC_ODA_SIDSG,New Zealand,0.08833
2021,DC_ODA_SIDSG,New Zealand,0.11348
2000,DC_ODA_SIDSG,Norway,0.01238
2001,DC_ODA_SIDSG,Norway,0.01264
2002,DC_ODA_SIDSG,Norway,0.01514
2003,DC_ODA_SIDSG,Norway,0.01354
2004,DC_ODA_SIDSG,Norway,0.0171
2005,DC_ODA_SIDSG,Norway,0.01455
2006,DC_ODA_SIDSG,Norway,0.01443
2007,DC_ODA_SIDSG,Norway,0.01289
2008,DC_ODA_SIDSG,Norway,0.00979
2009,DC_ODA_SIDSG,Norway,0.01038
2010,DC_ODA_SIDSG,Norway,0.03336
2011,DC_ODA_SIDSG,Norway,0.02212
2012,DC_ODA_SIDSG,Norway,0.01297
2013,DC_ODA_SIDSG,Norway,0.0103
2014,DC_ODA_SIDSG,Norway,0.02798
2015,DC_ODA_SIDSG,Norway,0.01049
2016,DC_ODA_SIDSG,Norway,0.01093
2017,DC_ODA_SIDSG,Norway,0.0116
2018,DC_ODA_SIDSG,Norway,0.01059
2019,DC_ODA_SIDSG,Norway,0.01902
2020,DC_ODA_SIDSG,Norway,0.01149
2021,DC_ODA_SIDSG,Norway,0.01045
2000,DC_ODA_SIDSG,Poland,0.00035
2001,DC_ODA_SIDSG,Poland,8e-05
2003,DC_ODA_SIDSG,Poland,0.00012
2004,DC_ODA_SIDSG,Poland,0.00159
2005,DC_ODA_SIDSG,Poland,0.00187
2006,DC_ODA_SIDSG,Poland,0.0023
2007,DC_ODA_SIDSG,Poland,0.00292
2008,DC_ODA_SIDSG,Poland,0.0032
2009,DC_ODA_SIDSG,Poland,0.00383
2010,DC_ODA_SIDSG,Poland,0.00456
2011,DC_ODA_SIDSG,Poland,0.00243
2012,DC_ODA_SIDSG,Poland,0.00218
2013,DC_ODA_SIDSG,Poland,0.0022
2014,DC_ODA_SIDSG,Poland,0.002
2015,DC_ODA_SIDSG,Poland,0.0021
2016,DC_ODA_SIDSG,Poland,0.00266
2017,DC_ODA_SIDSG,Poland,0.00181
2018,DC_ODA_SIDSG,Poland,0.00217
2019,DC_ODA_SIDSG,Poland,0.00195
2020,DC_ODA_SIDSG,Poland,0.00185
2021,DC_ODA_SIDSG,Poland,0.00164
2000,DC_ODA_SIDSG,Portugal,0.10108
2001,DC_ODA_SIDSG,Portugal,0.10492
2002,DC_ODA_SIDSG,Portugal,0.09369
2003,DC_ODA_SIDSG,Portugal,0.07318
2004,DC_ODA_SIDSG,Portugal,0.05322
2005,DC_ODA_SIDSG,Portugal,0.06206
2006,DC_ODA_SIDSG,Portugal,0.06365
2007,DC_ODA_SIDSG,Portugal,0.05958
2008,DC_ODA_SIDSG,Portugal,0.06231
2009,DC_ODA_SIDSG,Portugal,0.05927
2009,DC_ODA_SIDSG,Portugal,0.05927
