Year,SeriesCode,Страна ,Value
2020,AG_LND_NFI,Bulgaria,100
2021,AG_LND_NFI,Belarus,96
2021,AG_LND_NFI,Denmark,97
2020,AG_LND_NFI,France,98
2020,AG_LND_NFI,Greece,100
2021,AG_LND_NFI,Hungary,100
2020,AG_LND_NFI,Liechtenstein,90
2018,AG_LND_NFI,Norway,93
2020,AG_LND_NFI,Poland,99
2020,AG_LND_NFI,Viet Nam,92
2020,AG_LND_NFI,Spain,99
2021,AG_LND_NFI,Switzerland,99
2020,AG_LND_NFI,Ukraine,55
2020,AG_LND_NFI,United Kingdom of Great Britain and Northern Ireland,91
2020,AG_LND_NFI,Узбекистан,97
