Year,SeriesCode,Страна ,Education level,Value
2005,SE_GPI_TCAQ,Costa Rica,PRIMAR,1.00112
2005,SE_GPI_TCAQ,Costa Rica,PREPRI,1.13194
2006,SE_GPI_TCAQ,Costa Rica,UPPSEC,0.96535
2006,SE_GPI_TCAQ,Costa Rica,SECOND,0.97384
2006,SE_GPI_TCAQ,Costa Rica,LOWSEC,0.97737
2006,SE_GPI_TCAQ,Costa Rica,PREPRI,1.20178
2006,SE_GPI_TCAQ,Costa Rica,PRIMAR,0.99554
2007,SE_GPI_TCAQ,Costa Rica,LOWSEC,0.97827
2007,SE_GPI_TCAQ,Costa Rica,SECOND,0.97971
2007,SE_GPI_TCAQ,Costa Rica,UPPSEC,0.98329
2007,SE_GPI_TCAQ,Costa Rica,PRIMAR,0.99719
2007,SE_GPI_TCAQ,Costa Rica,PREPRI,1.26722
2008,SE_GPI_TCAQ,Costa Rica,LOWSEC,0.97865
2008,SE_GPI_TCAQ,Costa Rica,PREPRI,1.25873
2008,SE_GPI_TCAQ,Costa Rica,PRIMAR,0.99254
2008,SE_GPI_TCAQ,Costa Rica,UPPSEC,0.97984
2008,SE_GPI_TCAQ,Costa Rica,SECOND,0.97909
2009,SE_GPI_TCAQ,Costa Rica,LOWSEC,0.98266
2009,SE_GPI_TCAQ,Costa Rica,SECOND,0.98247
2009,SE_GPI_TCAQ,Costa Rica,UPPSEC,0.98236
2018,SE_GPI_TCAQ,Albania,PRIMAR,1.07191
2018,SE_GPI_TCAQ,Albania,PREPRI,2.0
2018,SE_GPI_TCAQ,Albania,LOWSEC,1.17419
2020,SE_GPI_TCAQ,Albania,LOWSEC,0.78184
2020,SE_GPI_TCAQ,Albania,SECOND,0.91184
2020,SE_GPI_TCAQ,Albania,UPPSEC,1.15123
2021,SE_GPI_TCAQ,Albania,UPPSEC,1.0422
2021,SE_GPI_TCAQ,Albania,PRIMAR,0.83207
2021,SE_GPI_TCAQ,Albania,SECOND,0.9142
2021,SE_GPI_TCAQ,Albania,LOWSEC,0.85507
2009,SE_GPI_TCAQ,Costa Rica,PREPRI,1.19795
2009,SE_GPI_TCAQ,Costa Rica,PRIMAR,0.99539
2010,SE_GPI_TCAQ,Costa Rica,PRIMAR,0.99979
2010,SE_GPI_TCAQ,Costa Rica,PREPRI,1.2369
2010,SE_GPI_TCAQ,Costa Rica,UPPSEC,0.99304
2010,SE_GPI_TCAQ,Costa Rica,SECOND,0.99349
2010,SE_GPI_TCAQ,Costa Rica,LOWSEC,0.99384
2011,SE_GPI_TCAQ,Costa Rica,SECOND,0.99428
2011,SE_GPI_TCAQ,Costa Rica,UPPSEC,0.99316
2011,SE_GPI_TCAQ,Costa Rica,PREPRI,1.19856
2011,SE_GPI_TCAQ,Costa Rica,PRIMAR,0.99868
2011,SE_GPI_TCAQ,Costa Rica,LOWSEC,0.99489
2013,SE_GPI_TCAQ,Costa Rica,PRIMAR,1.00044
2013,SE_GPI_TCAQ,Costa Rica,PREPRI,1.00089
2013,SE_GPI_TCAQ,Costa Rica,UPPSEC,0.9959
2013,SE_GPI_TCAQ,Costa Rica,SECOND,0.99587
2013,SE_GPI_TCAQ,Costa Rica,LOWSEC,0.99588
2014,SE_GPI_TCAQ,Costa Rica,PREPRI,0.99632
2014,SE_GPI_TCAQ,Costa Rica,PRIMAR,1.00018
2014,SE_GPI_TCAQ,Costa Rica,LOWSEC,0.99544
2014,SE_GPI_TCAQ,Costa Rica,SECOND,0.9952
2014,SE_GPI_TCAQ,Costa Rica,UPPSEC,0.9948
2015,SE_GPI_TCAQ,Costa Rica,PRIMAR,0.99977
2015,SE_GPI_TCAQ,Costa Rica,PREPRI,0.99331
2015,SE_GPI_TCAQ,Costa Rica,UPPSEC,0.99931
2015,SE_GPI_TCAQ,Costa Rica,SECOND,0.9992
2015,SE_GPI_TCAQ,Costa Rica,LOWSEC,0.99907
2016,SE_GPI_TCAQ,Costa Rica,LOWSEC,0.99888
2016,SE_GPI_TCAQ,Costa Rica,SECOND,0.99902
2016,SE_GPI_TCAQ,Costa Rica,UPPSEC,0.99926
2021,SE_GPI_TCAQ,Albania,PREPRI,2.0
2000,SE_GPI_TCAQ,Azerbaijan,PREPRI,1.36833
2000,SE_GPI_TCAQ,Azerbaijan,PRIMAR,0.99938
2001,SE_GPI_TCAQ,Azerbaijan,PRIMAR,1.00004
2001,SE_GPI_TCAQ,Azerbaijan,PREPRI,2.0
2002,SE_GPI_TCAQ,Azerbaijan,PREPRI,2.0
2002,SE_GPI_TCAQ,Azerbaijan,PRIMAR,1.0
2003,SE_GPI_TCAQ,Azerbaijan,PRIMAR,1.00293
2003,SE_GPI_TCAQ,Azerbaijan,PREPRI,0.82725
2004,SE_GPI_TCAQ,Azerbaijan,PRIMAR,1.00337
2004,SE_GPI_TCAQ,Azerbaijan,PREPRI,2.0
2005,SE_GPI_TCAQ,Azerbaijan,PRIMAR,1.00086
2005,SE_GPI_TCAQ,Azerbaijan,PREPRI,0.93009
2006,SE_GPI_TCAQ,Azerbaijan,PREPRI,0.8986
2006,SE_GPI_TCAQ,Azerbaijan,PRIMAR,0.99979
2007,SE_GPI_TCAQ,Azerbaijan,PRIMAR,1.00017
2007,SE_GPI_TCAQ,Azerbaijan,PREPRI,0.90494
2008,SE_GPI_TCAQ,Azerbaijan,PREPRI,1.13248
2008,SE_GPI_TCAQ,Azerbaijan,PRIMAR,1.00094
2010,SE_GPI_TCAQ,Azerbaijan,PRIMAR,1.00066
2011,SE_GPI_TCAQ,Azerbaijan,PRIMAR,1.00033
2011,SE_GPI_TCAQ,Azerbaijan,PREPRI,1.07245
2012,SE_GPI_TCAQ,Azerbaijan,PREPRI,0.94802
2012,SE_GPI_TCAQ,Azerbaijan,PRIMAR,1.00019
2013,SE_GPI_TCAQ,Azerbaijan,PRIMAR,1.00018
2015,SE_GPI_TCAQ,Azerbaijan,PREPRI,0.91142
2016,SE_GPI_TCAQ,Azerbaijan,PREPRI,0.87951
2016,SE_GPI_TCAQ,Azerbaijan,LOWSEC,1.00087
2017,SE_GPI_TCAQ,Azerbaijan,LOWSEC,1.00463
2017,SE_GPI_TCAQ,Azerbaijan,PRIMAR,1.00189
2018,SE_GPI_TCAQ,Azerbaijan,PREPRI,0.91013
2018,SE_GPI_TCAQ,Azerbaijan,PRIMAR,1.03229
2018,SE_GPI_TCAQ,Azerbaijan,UPPSEC,1.00538
2018,SE_GPI_TCAQ,Azerbaijan,SECOND,1.00394
2018,SE_GPI_TCAQ,Azerbaijan,LOWSEC,1.00165
2019,SE_GPI_TCAQ,Azerbaijan,PREPRI,2.0
2019,SE_GPI_TCAQ,Azerbaijan,LOWSEC,1.01035
2019,SE_GPI_TCAQ,Azerbaijan,SECOND,1.01691
2019,SE_GPI_TCAQ,Azerbaijan,UPPSEC,1.02794
2019,SE_GPI_TCAQ,Azerbaijan,PRIMAR,1.00859
2020,SE_GPI_TCAQ,Azerbaijan,PRIMAR,1.00053
2020,SE_GPI_TCAQ,Azerbaijan,UPPSEC,1.03263
2020,SE_GPI_TCAQ,Azerbaijan,SECOND,1.01057
2020,SE_GPI_TCAQ,Azerbaijan,LOWSEC,1.00076
2020,SE_GPI_TCAQ,Azerbaijan,PREPRI,2.0
2021,SE_GPI_TCAQ,Azerbaijan,LOWSEC,1.00029
2021,SE_GPI_TCAQ,Azerbaijan,SECOND,1.00402
2021,SE_GPI_TCAQ,Azerbaijan,UPPSEC,1.01239
2021,SE_GPI_TCAQ,Azerbaijan,PRIMAR,0.99897
2021,SE_GPI_TCAQ,Azerbaijan,PREPRI,1.28283
2013,SE_GPI_TCAQ,Mexico,PRIMAR,1.07011
2013,SE_GPI_TCAQ,Mexico,PREPRI,1.52252
2014,SE_GPI_TCAQ,Mexico,PREPRI,1.53214
2014,SE_GPI_TCAQ,Mexico,SECOND,1.01661
2014,SE_GPI_TCAQ,Mexico,PRIMAR,1.06748
2015,SE_GPI_TCAQ,Mexico,PRIMAR,1.06964
2015,SE_GPI_TCAQ,Mexico,SECOND,1.03275
2015,SE_GPI_TCAQ,Mexico,PREPRI,1.59657
2016,SE_GPI_TCAQ,Mexico,PREPRI,1.4342
2016,SE_GPI_TCAQ,Mexico,SECOND,0.98782
2016,SE_GPI_TCAQ,Mexico,PRIMAR,1.06467
2017,SE_GPI_TCAQ,Mexico,PRIMAR,1.06068
2017,SE_GPI_TCAQ,Mexico,SECOND,0.96918
2017,SE_GPI_TCAQ,Mexico,PREPRI,1.41072
2018,SE_GPI_TCAQ,Mexico,SECOND,1.02185
2018,SE_GPI_TCAQ,Mexico,PRIMAR,1.05055
2018,SE_GPI_TCAQ,Mexico,PREPRI,1.4198
2019,SE_GPI_TCAQ,Mexico,PRIMAR,1.0509
2019,SE_GPI_TCAQ,Mexico,PREPRI,1.54122
2020,SE_GPI_TCAQ,Mexico,PREPRI,1.36221
2016,SE_GPI_TCAQ,Costa Rica,PREPRI,0.99595
2016,SE_GPI_TCAQ,Costa Rica,PRIMAR,0.99974
2017,SE_GPI_TCAQ,Costa Rica,PRIMAR,0.99983
2017,SE_GPI_TCAQ,Costa Rica,UPPSEC,1.00013
2017,SE_GPI_TCAQ,Costa Rica,SECOND,0.99991
2017,SE_GPI_TCAQ,Costa Rica,LOWSEC,0.99978
2018,SE_GPI_TCAQ,Costa Rica,LOWSEC,0.99844
2018,SE_GPI_TCAQ,Costa Rica,SECOND,0.99861
2018,SE_GPI_TCAQ,Costa Rica,UPPSEC,0.99844
2018,SE_GPI_TCAQ,Costa Rica,PRIMAR,1.00967
2018,SE_GPI_TCAQ,Costa Rica,PREPRI,0.99719
2019,SE_GPI_TCAQ,Costa Rica,SECOND,0.9997
2019,SE_GPI_TCAQ,Costa Rica,LOWSEC,0.99987
2019,SE_GPI_TCAQ,Costa Rica,PREPRI,0.99676
2019,SE_GPI_TCAQ,Costa Rica,PRIMAR,0.99971
2019,SE_GPI_TCAQ,Costa Rica,UPPSEC,0.99973
2020,SE_GPI_TCAQ,Costa Rica,LOWSEC,0.99937
2020,SE_GPI_TCAQ,Costa Rica,SECOND,0.99934
2020,SE_GPI_TCAQ,Costa Rica,UPPSEC,0.99929
2020,SE_GPI_TCAQ,Costa Rica,PRIMAR,0.99966
2020,SE_GPI_TCAQ,Costa Rica,PREPRI,0.99755
2000,SE_GPI_TCAQ,Croatia,PRIMAR,1.0
2000,SE_GPI_TCAQ,Croatia,SECOND,1.0
2000,SE_GPI_TCAQ,Croatia,LOWSEC,1.0
2000,SE_GPI_TCAQ,Croatia,UPPSEC,1.0
2000,SE_GPI_TCAQ,Croatia,PREPRI,0.88472
2001,SE_GPI_TCAQ,Croatia,SECOND,1.0
2001,SE_GPI_TCAQ,Croatia,PRIMAR,1.0
2001,SE_GPI_TCAQ,Croatia,PREPRI,0.85625
2001,SE_GPI_TCAQ,Croatia,UPPSEC,1.0
2001,SE_GPI_TCAQ,Croatia,LOWSEC,1.0
2002,SE_GPI_TCAQ,Croatia,LOWSEC,1.0
2002,SE_GPI_TCAQ,Croatia,UPPSEC,1.0
2002,SE_GPI_TCAQ,Croatia,PREPRI,0.85377
2002,SE_GPI_TCAQ,Croatia,PRIMAR,1.0
2002,SE_GPI_TCAQ,Croatia,SECOND,1.0
2003,SE_GPI_TCAQ,Croatia,PRIMAR,1.0
2003,SE_GPI_TCAQ,Croatia,PREPRI,0.83794
2003,SE_GPI_TCAQ,Croatia,UPPSEC,1.0
2003,SE_GPI_TCAQ,Croatia,LOWSEC,1.0
2020,SE_GPI_TCAQ,Mexico,SECOND,1.01151
2020,SE_GPI_TCAQ,Mexico,PRIMAR,1.04325
2019,SE_GPI_TCAQ,Republic of Moldova,UPPSEC,1.0
2019,SE_GPI_TCAQ,Republic of Moldova,SECOND,1.0
2019,SE_GPI_TCAQ,Republic of Moldova,PREPRI,1.0
2019,SE_GPI_TCAQ,Republic of Moldova,LOWSEC,1.0
2019,SE_GPI_TCAQ,Republic of Moldova,PRIMAR,1.0
2020,SE_GPI_TCAQ,Republic of Moldova,UPPSEC,1.0
2020,SE_GPI_TCAQ,Republic of Moldova,PRIMAR,1.0
2020,SE_GPI_TCAQ,Republic of Moldova,LOWSEC,1.0
2020,SE_GPI_TCAQ,Republic of Moldova,PREPRI,1.0
2020,SE_GPI_TCAQ,Republic of Moldova,SECOND,1.0
2021,SE_GPI_TCAQ,Republic of Moldova,UPPSEC,1.0
2021,SE_GPI_TCAQ,Republic of Moldova,SECOND,1.0
2021,SE_GPI_TCAQ,Republic of Moldova,PREPRI,1.0
2021,SE_GPI_TCAQ,Republic of Moldova,LOWSEC,1.0
2021,SE_GPI_TCAQ,Republic of Moldova,PRIMAR,1.0
2018,SE_GPI_TCAQ,Poland,SECOND,1.0
2018,SE_GPI_TCAQ,Poland,UPPSEC,1.0
2018,SE_GPI_TCAQ,Poland,PRIMAR,1.0
2003,SE_GPI_TCAQ,Croatia,SECOND,1.0
2000,SE_GPI_TCAQ,Georgia,UPPSEC,0.98161
2000,SE_GPI_TCAQ,Georgia,SECOND,1.47065
2000,SE_GPI_TCAQ,Georgia,LOWSEC,1.7105
2000,SE_GPI_TCAQ,Georgia,PRIMAR,0.99759
2000,SE_GPI_TCAQ,Georgia,PREPRI,2.0
2002,SE_GPI_TCAQ,Georgia,PREPRI,2.0
2003,SE_GPI_TCAQ,Georgia,PREPRI,2.0
2008,SE_GPI_TCAQ,Georgia,PRIMAR,1.00139
2009,SE_GPI_TCAQ,Georgia,PRIMAR,1.03272
2018,SE_GPI_TCAQ,Poland,LOWSEC,1.0
2018,SE_GPI_TCAQ,Poland,PREPRI,1.0
2019,SE_GPI_TCAQ,Poland,PRIMAR,1.0
2019,SE_GPI_TCAQ,Poland,UPPSEC,1.0
2019,SE_GPI_TCAQ,Poland,SECOND,1.0
2019,SE_GPI_TCAQ,Poland,PREPRI,1.0
2019,SE_GPI_TCAQ,Poland,LOWSEC,1.0
2000,SE_GPI_TCAQ,Portugal,PRIMAR,1.0
2000,SE_GPI_TCAQ,Portugal,SECOND,1.0
2001,SE_GPI_TCAQ,Portugal,SECOND,1.0
2001,SE_GPI_TCAQ,Portugal,PRIMAR,1.0
2003,SE_GPI_TCAQ,Portugal,SECOND,1.0
2004,SE_GPI_TCAQ,Portugal,SECOND,1.0
2004,SE_GPI_TCAQ,Portugal,PRIMAR,1.0
2004,SE_GPI_TCAQ,Portugal,PREPRI,1.0
2005,SE_GPI_TCAQ,Portugal,PREPRI,1.0
2005,SE_GPI_TCAQ,Portugal,PRIMAR,1.0
2005,SE_GPI_TCAQ,Portugal,SECOND,1.0
2006,SE_GPI_TCAQ,Portugal,SECOND,1.0
2006,SE_GPI_TCAQ,Portugal,PRIMAR,1.0
2006,SE_GPI_TCAQ,Portugal,PREPRI,1.0
2007,SE_GPI_TCAQ,Portugal,PREPRI,1.0
2007,SE_GPI_TCAQ,Portugal,PRIMAR,1.0
2007,SE_GPI_TCAQ,Portugal,SECOND,1.0
2008,SE_GPI_TCAQ,Portugal,PRIMAR,1.0
2008,SE_GPI_TCAQ,Portugal,PREPRI,1.0
2008,SE_GPI_TCAQ,Portugal,SECOND,1.0
2009,SE_GPI_TCAQ,Portugal,PREPRI,1.0
2009,SE_GPI_TCAQ,Portugal,PRIMAR,1.0
2009,SE_GPI_TCAQ,Portugal,SECOND,1.0
2010,SE_GPI_TCAQ,Portugal,SECOND,1.0
2010,SE_GPI_TCAQ,Portugal,PRIMAR,1.0
2010,SE_GPI_TCAQ,Portugal,PREPRI,1.0
2011,SE_GPI_TCAQ,Portugal,PREPRI,1.0
2011,SE_GPI_TCAQ,Portugal,PRIMAR,1.0
2011,SE_GPI_TCAQ,Portugal,SECOND,1.0
2012,SE_GPI_TCAQ,Portugal,PREPRI,1.0
2012,SE_GPI_TCAQ,Portugal,SECOND,1.0
2012,SE_GPI_TCAQ,Portugal,PRIMAR,1.0
2013,SE_GPI_TCAQ,Portugal,PREPRI,1.0
2013,SE_GPI_TCAQ,Portugal,PRIMAR,1.0
2013,SE_GPI_TCAQ,Portugal,SECOND,1.0
2014,SE_GPI_TCAQ,Portugal,SECOND,1.0
2014,SE_GPI_TCAQ,Portugal,PRIMAR,1.0
2014,SE_GPI_TCAQ,Portugal,PREPRI,1.0
2015,SE_GPI_TCAQ,Portugal,PREPRI,1.0
2015,SE_GPI_TCAQ,Portugal,PRIMAR,1.0
2015,SE_GPI_TCAQ,Portugal,SECOND,1.0
2016,SE_GPI_TCAQ,Portugal,SECOND,1.0
2016,SE_GPI_TCAQ,Portugal,PRIMAR,1.0
2016,SE_GPI_TCAQ,Portugal,PREPRI,1.0
2017,SE_GPI_TCAQ,Portugal,PREPRI,1.0
2017,SE_GPI_TCAQ,Portugal,PRIMAR,1.0
2017,SE_GPI_TCAQ,Portugal,SECOND,1.0
2018,SE_GPI_TCAQ,Portugal,SECOND,1.0
2018,SE_GPI_TCAQ,Portugal,PRIMAR,1.0
2018,SE_GPI_TCAQ,Portugal,PREPRI,1.0
2019,SE_GPI_TCAQ,Portugal,PREPRI,1.0
2019,SE_GPI_TCAQ,Portugal,PRIMAR,1.0
2019,SE_GPI_TCAQ,Portugal,SECOND,1.0
2020,SE_GPI_TCAQ,Portugal,SECOND,1.0
2020,SE_GPI_TCAQ,Portugal,PREPRI,1.0
2020,SE_GPI_TCAQ,Portugal,PRIMAR,1.0
2007,SE_GPI_TCAQ,Serbia,PRIMAR,1.0
2007,SE_GPI_TCAQ,Serbia,LOWSEC,1.0
2007,SE_GPI_TCAQ,Serbia,SECOND,1.0
2007,SE_GPI_TCAQ,Serbia,PREPRI,1.0
2007,SE_GPI_TCAQ,Serbia,UPPSEC,1.0
2011,SE_GPI_TCAQ,Serbia,SECOND,1.32514
2011,SE_GPI_TCAQ,Serbia,PREPRI,1.00556
2009,SE_GPI_TCAQ,Georgia,LOWSEC,1.03252
2009,SE_GPI_TCAQ,Georgia,SECOND,1.02912
2009,SE_GPI_TCAQ,Georgia,UPPSEC,1.02619
2016,SE_GPI_TCAQ,India,LOWSEC,1.038
2017,SE_GPI_TCAQ,India,LOWSEC,1.04191
2017,SE_GPI_TCAQ,India,PRIMAR,1.01986
2017,SE_GPI_TCAQ,India,UPPSEC,1.0513
2017,SE_GPI_TCAQ,India,SECOND,1.04625
2019,SE_GPI_TCAQ,India,SECOND,1.0238
2019,SE_GPI_TCAQ,India,UPPSEC,1.02742
2019,SE_GPI_TCAQ,India,PRIMAR,0.98584
2019,SE_GPI_TCAQ,India,LOWSEC,1.02231
2020,SE_GPI_TCAQ,India,LOWSEC,1.01398
2020,SE_GPI_TCAQ,India,PREPRI,2.0
2020,SE_GPI_TCAQ,India,PRIMAR,0.98137
2020,SE_GPI_TCAQ,India,UPPSEC,1.03228
2020,SE_GPI_TCAQ,India,SECOND,1.02074
2021,SE_GPI_TCAQ,India,LOWSEC,1.00338
2021,SE_GPI_TCAQ,India,SECOND,1.01176
2021,SE_GPI_TCAQ,India,UPPSEC,1.02471
2011,SE_GPI_TCAQ,Serbia,LOWSEC,1.32314
2011,SE_GPI_TCAQ,Serbia,PRIMAR,1.39251
2012,SE_GPI_TCAQ,Serbia,PRIMAR,1.41353
2000,SE_GPI_TCAQ,Viet Nam,PREPRI,2.0
2000,SE_GPI_TCAQ,Viet Nam,PRIMAR,1.08786
2000,SE_GPI_TCAQ,Viet Nam,LOWSEC,1.06056
2001,SE_GPI_TCAQ,Viet Nam,LOWSEC,0.98428
2001,SE_GPI_TCAQ,Viet Nam,PRIMAR,1.0679
2001,SE_GPI_TCAQ,Viet Nam,PREPRI,2.0
2002,SE_GPI_TCAQ,Viet Nam,PRIMAR,1.00001
2002,SE_GPI_TCAQ,Viet Nam,LOWSEC,1.02175
2006,SE_GPI_TCAQ,Viet Nam,LOWSEC,1.00163
2006,SE_GPI_TCAQ,Viet Nam,PRIMAR,1.03149
2007,SE_GPI_TCAQ,Viet Nam,PRIMAR,1.04457
2007,SE_GPI_TCAQ,Viet Nam,LOWSEC,0.99374
2008,SE_GPI_TCAQ,Viet Nam,LOWSEC,1.01897
2008,SE_GPI_TCAQ,Viet Nam,PRIMAR,1.05592
2009,SE_GPI_TCAQ,Viet Nam,PRIMAR,1.00559
2009,SE_GPI_TCAQ,Viet Nam,LOWSEC,1.02667
2010,SE_GPI_TCAQ,Viet Nam,PRIMAR,1.00568
2011,SE_GPI_TCAQ,Viet Nam,PRIMAR,0.99889
2012,SE_GPI_TCAQ,Viet Nam,PRIMAR,0.99816
2012,SE_GPI_TCAQ,Viet Nam,LOWSEC,1.00376
2014,SE_GPI_TCAQ,Viet Nam,LOWSEC,1.0
2014,SE_GPI_TCAQ,Viet Nam,PRIMAR,1.0
2014,SE_GPI_TCAQ,Viet Nam,PREPRI,1.12894
2015,SE_GPI_TCAQ,Viet Nam,LOWSEC,1.00356
2015,SE_GPI_TCAQ,Viet Nam,PREPRI,1.0212
2015,SE_GPI_TCAQ,Viet Nam,PRIMAR,1.00607
2016,SE_GPI_TCAQ,Viet Nam,LOWSEC,1.0029
2016,SE_GPI_TCAQ,Viet Nam,PRIMAR,1.0045
2017,SE_GPI_TCAQ,Viet Nam,LOWSEC,1.02206
2018,SE_GPI_TCAQ,Viet Nam,LOWSEC,1.02393
2018,SE_GPI_TCAQ,Viet Nam,PRIMAR,1.00149
2018,SE_GPI_TCAQ,Viet Nam,PREPRI,1.02456
2019,SE_GPI_TCAQ,Viet Nam,PREPRI,0.99976
2019,SE_GPI_TCAQ,Viet Nam,PRIMAR,1.00596
2019,SE_GPI_TCAQ,Viet Nam,LOWSEC,0.99984
2020,SE_GPI_TCAQ,Viet Nam,LOWSEC,0.99999
2020,SE_GPI_TCAQ,Viet Nam,PRIMAR,1.0
2021,SE_GPI_TCAQ,India,PRIMAR,0.98619
2021,SE_GPI_TCAQ,India,PREPRI,2.0
2022,SE_GPI_TCAQ,India,LOWSEC,1.00707
2022,SE_GPI_TCAQ,India,PREPRI,1.20201
2022,SE_GPI_TCAQ,India,PRIMAR,0.99068
2022,SE_GPI_TCAQ,India,UPPSEC,1.01883
2022,SE_GPI_TCAQ,India,SECOND,1.01081
2014,SE_GPI_TCAQ,Казахстан,PREPRI,1.0
2014,SE_GPI_TCAQ,Казахстан,PRIMAR,1.0
2015,SE_GPI_TCAQ,Казахстан,PRIMAR,1.0
2020,SE_GPI_TCAQ,Viet Nam,PREPRI,1.00476
2021,SE_GPI_TCAQ,Viet Nam,PREPRI,1.28072
2021,SE_GPI_TCAQ,Viet Nam,PRIMAR,1.05512
2021,SE_GPI_TCAQ,Viet Nam,LOWSEC,1.01653
2001,SE_GPI_TCAQ,Spain,SECOND,1.0
2001,SE_GPI_TCAQ,Spain,PRIMAR,1.0
2002,SE_GPI_TCAQ,Spain,PRIMAR,1.0
2002,SE_GPI_TCAQ,Spain,LOWSEC,1.0
2002,SE_GPI_TCAQ,Spain,SECOND,1.0
2002,SE_GPI_TCAQ,Spain,UPPSEC,1.0
2003,SE_GPI_TCAQ,Spain,SECOND,1.0
2003,SE_GPI_TCAQ,Spain,UPPSEC,1.0
2003,SE_GPI_TCAQ,Spain,LOWSEC,1.0
2003,SE_GPI_TCAQ,Spain,PRIMAR,1.0
2004,SE_GPI_TCAQ,Spain,PRIMAR,1.0
2004,SE_GPI_TCAQ,Spain,LOWSEC,1.0
2004,SE_GPI_TCAQ,Spain,UPPSEC,1.0
2004,SE_GPI_TCAQ,Spain,SECOND,1.0
2005,SE_GPI_TCAQ,Spain,SECOND,1.0
2005,SE_GPI_TCAQ,Spain,UPPSEC,1.0
2015,SE_GPI_TCAQ,Казахстан,SECOND,1.0
2016,SE_GPI_TCAQ,Казахстан,SECOND,1.0
2016,SE_GPI_TCAQ,Казахстан,PRIMAR,1.0
2017,SE_GPI_TCAQ,Казахстан,PRIMAR,1.0
2017,SE_GPI_TCAQ,Казахстан,SECOND,1.0
2018,SE_GPI_TCAQ,Казахстан,SECOND,1.0
2018,SE_GPI_TCAQ,Казахстан,PRIMAR,1.0
2019,SE_GPI_TCAQ,Казахстан,SECOND,1.0
2019,SE_GPI_TCAQ,Казахстан,PRIMAR,1.0
2020,SE_GPI_TCAQ,Казахстан,SECOND,1.0
2005,SE_GPI_TCAQ,Spain,LOWSEC,1.0
2005,SE_GPI_TCAQ,Spain,PRIMAR,1.0
2006,SE_GPI_TCAQ,Spain,PRIMAR,1.0
2006,SE_GPI_TCAQ,Spain,LOWSEC,1.0
2006,SE_GPI_TCAQ,Spain,UPPSEC,1.0
2006,SE_GPI_TCAQ,Spain,SECOND,1.0
2007,SE_GPI_TCAQ,Spain,UPPSEC,1.0
2007,SE_GPI_TCAQ,Spain,LOWSEC,1.0
2007,SE_GPI_TCAQ,Spain,PRIMAR,1.0
2007,SE_GPI_TCAQ,Spain,SECOND,1.0
2008,SE_GPI_TCAQ,Spain,PRIMAR,1.0
2008,SE_GPI_TCAQ,Spain,LOWSEC,1.0
2008,SE_GPI_TCAQ,Spain,UPPSEC,1.0
2008,SE_GPI_TCAQ,Spain,SECOND,1.0
2009,SE_GPI_TCAQ,Spain,SECOND,1.0
2009,SE_GPI_TCAQ,Spain,UPPSEC,1.0
2009,SE_GPI_TCAQ,Spain,LOWSEC,1.0
2009,SE_GPI_TCAQ,Spain,PRIMAR,1.0
2010,SE_GPI_TCAQ,Spain,UPPSEC,1.0
2010,SE_GPI_TCAQ,Spain,SECOND,1.0
2020,SE_GPI_TCAQ,Казахстан,PRIMAR,1.0
2000,SE_GPI_TCAQ,Republic of Korea,PRIMAR,1.0
2000,SE_GPI_TCAQ,Republic of Korea,LOWSEC,1.0
2000,SE_GPI_TCAQ,Republic of Korea,SECOND,1.0
2000,SE_GPI_TCAQ,Republic of Korea,UPPSEC,1.0
2001,SE_GPI_TCAQ,Republic of Korea,LOWSEC,1.0
2001,SE_GPI_TCAQ,Republic of Korea,PRIMAR,1.0
2001,SE_GPI_TCAQ,Republic of Korea,UPPSEC,1.0
2001,SE_GPI_TCAQ,Republic of Korea,SECOND,1.0
2002,SE_GPI_TCAQ,Republic of Korea,PRIMAR,1.0
2010,SE_GPI_TCAQ,Spain,PRIMAR,1.0
2010,SE_GPI_TCAQ,Spain,LOWSEC,1.0
2011,SE_GPI_TCAQ,Spain,SECOND,1.0
2011,SE_GPI_TCAQ,Spain,UPPSEC,1.0
2011,SE_GPI_TCAQ,Spain,LOWSEC,1.0
2011,SE_GPI_TCAQ,Spain,PRIMAR,1.0
2012,SE_GPI_TCAQ,Spain,PRIMAR,1.0
2012,SE_GPI_TCAQ,Spain,LOWSEC,1.0
2012,SE_GPI_TCAQ,Spain,UPPSEC,1.0
2012,SE_GPI_TCAQ,Spain,SECOND,1.0
2002,SE_GPI_TCAQ,Republic of Korea,LOWSEC,1.0
2002,SE_GPI_TCAQ,Republic of Korea,SECOND,1.0
2002,SE_GPI_TCAQ,Republic of Korea,UPPSEC,1.0
2003,SE_GPI_TCAQ,Republic of Korea,UPPSEC,1.0
2003,SE_GPI_TCAQ,Republic of Korea,SECOND,1.0
2003,SE_GPI_TCAQ,Republic of Korea,LOWSEC,1.0
2003,SE_GPI_TCAQ,Republic of Korea,PRIMAR,1.0
2004,SE_GPI_TCAQ,Republic of Korea,SECOND,1.0
2004,SE_GPI_TCAQ,Republic of Korea,UPPSEC,1.0
2004,SE_GPI_TCAQ,Republic of Korea,PRIMAR,1.0
2013,SE_GPI_TCAQ,Spain,LOWSEC,1.0
2013,SE_GPI_TCAQ,Spain,PRIMAR,1.0
2013,SE_GPI_TCAQ,Spain,SECOND,1.0
2013,SE_GPI_TCAQ,Spain,PREPRI,1.0
2013,SE_GPI_TCAQ,Spain,UPPSEC,1.0
2014,SE_GPI_TCAQ,Spain,PRIMAR,1.0
2014,SE_GPI_TCAQ,Spain,LOWSEC,1.0
2014,SE_GPI_TCAQ,Spain,UPPSEC,1.0
2014,SE_GPI_TCAQ,Spain,PREPRI,1.0
2014,SE_GPI_TCAQ,Spain,SECOND,1.0
2004,SE_GPI_TCAQ,Republic of Korea,LOWSEC,1.0
2005,SE_GPI_TCAQ,Republic of Korea,UPPSEC,1.0
2005,SE_GPI_TCAQ,Republic of Korea,SECOND,1.0
2005,SE_GPI_TCAQ,Republic of Korea,LOWSEC,1.0
2005,SE_GPI_TCAQ,Republic of Korea,PRIMAR,1.0
2006,SE_GPI_TCAQ,Republic of Korea,PRIMAR,1.0
2006,SE_GPI_TCAQ,Republic of Korea,LOWSEC,1.0
2006,SE_GPI_TCAQ,Republic of Korea,SECOND,1.0
2006,SE_GPI_TCAQ,Republic of Korea,UPPSEC,1.0
2007,SE_GPI_TCAQ,Republic of Korea,LOWSEC,1.0
2015,SE_GPI_TCAQ,Spain,SECOND,1.0
2015,SE_GPI_TCAQ,Spain,PREPRI,1.0
2015,SE_GPI_TCAQ,Spain,UPPSEC,1.0
2015,SE_GPI_TCAQ,Spain,LOWSEC,1.0
2015,SE_GPI_TCAQ,Spain,PRIMAR,1.0
2016,SE_GPI_TCAQ,Spain,LOWSEC,1.0
2016,SE_GPI_TCAQ,Spain,UPPSEC,1.0
2016,SE_GPI_TCAQ,Spain,PREPRI,1.0
2016,SE_GPI_TCAQ,Spain,SECOND,1.0
2016,SE_GPI_TCAQ,Spain,PRIMAR,1.0
2017,SE_GPI_TCAQ,Spain,SECOND,1.0
2017,SE_GPI_TCAQ,Spain,PREPRI,1.0
2017,SE_GPI_TCAQ,Spain,UPPSEC,1.0
2017,SE_GPI_TCAQ,Spain,LOWSEC,1.0
2017,SE_GPI_TCAQ,Spain,PRIMAR,1.0
2018,SE_GPI_TCAQ,Spain,SECOND,1.0
2018,SE_GPI_TCAQ,Spain,PRIMAR,1.0
2018,SE_GPI_TCAQ,Spain,LOWSEC,1.0
2018,SE_GPI_TCAQ,Spain,UPPSEC,1.0
2018,SE_GPI_TCAQ,Spain,PREPRI,1.0
2007,SE_GPI_TCAQ,Republic of Korea,PRIMAR,1.0
2007,SE_GPI_TCAQ,Republic of Korea,UPPSEC,1.0
2007,SE_GPI_TCAQ,Republic of Korea,SECOND,1.0
2008,SE_GPI_TCAQ,Republic of Korea,PRIMAR,1.0
2008,SE_GPI_TCAQ,Republic of Korea,LOWSEC,1.0
2008,SE_GPI_TCAQ,Republic of Korea,SECOND,1.0
2008,SE_GPI_TCAQ,Republic of Korea,UPPSEC,1.0
2009,SE_GPI_TCAQ,Republic of Korea,UPPSEC,1.0
2009,SE_GPI_TCAQ,Republic of Korea,SECOND,1.0
2009,SE_GPI_TCAQ,Republic of Korea,LOWSEC,1.0
2019,SE_GPI_TCAQ,Spain,SECOND,1.0
2019,SE_GPI_TCAQ,Spain,PREPRI,1.0
2019,SE_GPI_TCAQ,Spain,UPPSEC,1.0
2019,SE_GPI_TCAQ,Spain,LOWSEC,1.0
2019,SE_GPI_TCAQ,Spain,PRIMAR,1.0
2020,SE_GPI_TCAQ,Spain,PRIMAR,1.0
2020,SE_GPI_TCAQ,Spain,LOWSEC,1.0
2020,SE_GPI_TCAQ,Spain,UPPSEC,1.0
2020,SE_GPI_TCAQ,Spain,PREPRI,1.0
2020,SE_GPI_TCAQ,Spain,SECOND,1.0
2009,SE_GPI_TCAQ,Republic of Korea,PRIMAR,1.0
2010,SE_GPI_TCAQ,Republic of Korea,SECOND,1.0
2010,SE_GPI_TCAQ,Republic of Korea,UPPSEC,1.0
2010,SE_GPI_TCAQ,Republic of Korea,PRIMAR,1.0
2010,SE_GPI_TCAQ,Republic of Korea,LOWSEC,1.0
2011,SE_GPI_TCAQ,Republic of Korea,UPPSEC,1.0
2011,SE_GPI_TCAQ,Republic of Korea,SECOND,1.0
2011,SE_GPI_TCAQ,Republic of Korea,LOWSEC,1.0
2011,SE_GPI_TCAQ,Republic of Korea,PREPRI,1.0
2011,SE_GPI_TCAQ,Republic of Korea,PRIMAR,1.0
2001,SE_GPI_TCAQ,Таджикистан,PREPRI,2.0
2002,SE_GPI_TCAQ,Таджикистан,PREPRI,2.0
2003,SE_GPI_TCAQ,Таджикистан,PREPRI,2.0
2004,SE_GPI_TCAQ,Таджикистан,PREPRI,2.0
2005,SE_GPI_TCAQ,Таджикистан,PREPRI,2.0
2006,SE_GPI_TCAQ,Таджикистан,PREPRI,2.0
2007,SE_GPI_TCAQ,Таджикистан,PREPRI,2.0
2008,SE_GPI_TCAQ,Таджикистан,PREPRI,2.0
2009,SE_GPI_TCAQ,Таджикистан,PREPRI,2.0
2010,SE_GPI_TCAQ,Таджикистан,PREPRI,2.0
2012,SE_GPI_TCAQ,Republic of Korea,PRIMAR,1.0
2012,SE_GPI_TCAQ,Republic of Korea,LOWSEC,1.0
2012,SE_GPI_TCAQ,Republic of Korea,SECOND,1.0
2012,SE_GPI_TCAQ,Republic of Korea,UPPSEC,1.0
2013,SE_GPI_TCAQ,Republic of Korea,SECOND,1.0
2013,SE_GPI_TCAQ,Republic of Korea,LOWSEC,1.0
2013,SE_GPI_TCAQ,Republic of Korea,PREPRI,1.0
2013,SE_GPI_TCAQ,Republic of Korea,PRIMAR,1.0
2013,SE_GPI_TCAQ,Republic of Korea,UPPSEC,1.0
2014,SE_GPI_TCAQ,Republic of Korea,PRIMAR,1.0
2010,SE_GPI_TCAQ,Таджикистан,PRIMAR,0.96618
2011,SE_GPI_TCAQ,Таджикистан,PREPRI,2.0
2011,SE_GPI_TCAQ,Таджикистан,PRIMAR,0.99682
2012,SE_GPI_TCAQ,Таджикистан,PREPRI,2.0
2012,SE_GPI_TCAQ,Таджикистан,PRIMAR,0.99533
2013,SE_GPI_TCAQ,Таджикистан,PRIMAR,0.99416
2013,SE_GPI_TCAQ,Таджикистан,PREPRI,2.0
2014,SE_GPI_TCAQ,Таджикистан,PRIMAR,1.0
2015,SE_GPI_TCAQ,Таджикистан,PRIMAR,1.0
2016,SE_GPI_TCAQ,Таджикистан,PRIMAR,1.0
2014,SE_GPI_TCAQ,Republic of Korea,PREPRI,1.0
2014,SE_GPI_TCAQ,Republic of Korea,LOWSEC,1.0
2014,SE_GPI_TCAQ,Republic of Korea,SECOND,1.0
2014,SE_GPI_TCAQ,Republic of Korea,UPPSEC,1.0
2015,SE_GPI_TCAQ,Republic of Korea,PREPRI,1.0
2015,SE_GPI_TCAQ,Republic of Korea,PRIMAR,1.0
2015,SE_GPI_TCAQ,Republic of Korea,UPPSEC,1.0
2015,SE_GPI_TCAQ,Republic of Korea,SECOND,1.0
2015,SE_GPI_TCAQ,Republic of Korea,LOWSEC,1.0
2016,SE_GPI_TCAQ,Republic of Korea,PRIMAR,1.0
2016,SE_GPI_TCAQ,Таджикистан,PREPRI,1.0
2017,SE_GPI_TCAQ,Таджикистан,PRIMAR,1.0
2000,SE_GPI_TCAQ,United Arab Emirates,LOWSEC,1.17701
2001,SE_GPI_TCAQ,United Arab Emirates,LOWSEC,1.13001
2002,SE_GPI_TCAQ,United Arab Emirates,LOWSEC,1.11029
2002,SE_GPI_TCAQ,United Arab Emirates,PREPRI,0.76561
2004,SE_GPI_TCAQ,United Arab Emirates,PRIMAR,0.84677
2004,SE_GPI_TCAQ,United Arab Emirates,PREPRI,1.71313
2004,SE_GPI_TCAQ,United Arab Emirates,LOWSEC,0.98088
2005,SE_GPI_TCAQ,United Arab Emirates,PRIMAR,0.84976
2005,SE_GPI_TCAQ,United Arab Emirates,LOWSEC,0.9754
2005,SE_GPI_TCAQ,United Arab Emirates,PREPRI,0.62627
2007,SE_GPI_TCAQ,United Arab Emirates,PREPRI,1.0
2009,SE_GPI_TCAQ,United Arab Emirates,PREPRI,1.0
2010,SE_GPI_TCAQ,United Arab Emirates,PREPRI,1.0
2011,SE_GPI_TCAQ,United Arab Emirates,PREPRI,1.0
2012,SE_GPI_TCAQ,United Arab Emirates,PREPRI,1.0
2012,SE_GPI_TCAQ,United Arab Emirates,PRIMAR,1.0
2013,SE_GPI_TCAQ,United Arab Emirates,PRIMAR,1.0
2013,SE_GPI_TCAQ,United Arab Emirates,PREPRI,1.0
2016,SE_GPI_TCAQ,Republic of Korea,PREPRI,1.0
2016,SE_GPI_TCAQ,Republic of Korea,LOWSEC,1.0
2016,SE_GPI_TCAQ,Republic of Korea,SECOND,1.0
2016,SE_GPI_TCAQ,Republic of Korea,UPPSEC,1.0
2017,SE_GPI_TCAQ,Republic of Korea,UPPSEC,1.0
2017,SE_GPI_TCAQ,Republic of Korea,SECOND,1.0
2017,SE_GPI_TCAQ,Republic of Korea,LOWSEC,1.0
2017,SE_GPI_TCAQ,Republic of Korea,PREPRI,1.0
2017,SE_GPI_TCAQ,Republic of Korea,PRIMAR,1.0
2018,SE_GPI_TCAQ,Republic of Korea,PRIMAR,1.0
2014,SE_GPI_TCAQ,United Arab Emirates,PREPRI,1.0
2014,SE_GPI_TCAQ,United Arab Emirates,PRIMAR,1.0
2015,SE_GPI_TCAQ,United Arab Emirates,PRIMAR,1.0
2015,SE_GPI_TCAQ,United Arab Emirates,PREPRI,1.0
2015,SE_GPI_TCAQ,United Arab Emirates,LOWSEC,1.0
2016,SE_GPI_TCAQ,United Arab Emirates,LOWSEC,1.0
2016,SE_GPI_TCAQ,United Arab Emirates,PREPRI,1.0
2016,SE_GPI_TCAQ,United Arab Emirates,PRIMAR,1.0
2016,SE_GPI_TCAQ,United Arab Emirates,UPPSEC,1.0
2016,SE_GPI_TCAQ,United Arab Emirates,SECOND,1.0
2018,SE_GPI_TCAQ,Republic of Korea,PREPRI,1.0
2018,SE_GPI_TCAQ,Republic of Korea,LOWSEC,1.0
2018,SE_GPI_TCAQ,Republic of Korea,SECOND,1.0
2018,SE_GPI_TCAQ,Republic of Korea,UPPSEC,1.0
2019,SE_GPI_TCAQ,Republic of Korea,UPPSEC,1.0
2019,SE_GPI_TCAQ,Republic of Korea,SECOND,1.0
2019,SE_GPI_TCAQ,Republic of Korea,LOWSEC,1.0
2019,SE_GPI_TCAQ,Republic of Korea,PREPRI,1.0
2019,SE_GPI_TCAQ,Republic of Korea,PRIMAR,1.0
2020,SE_GPI_TCAQ,Republic of Korea,LOWSEC,1.0
2019,SE_GPI_TCAQ,United Arab Emirates,PRIMAR,1.0
2019,SE_GPI_TCAQ,United Arab Emirates,PREPRI,1.0
2019,SE_GPI_TCAQ,United Arab Emirates,LOWSEC,1.0
2019,SE_GPI_TCAQ,United Arab Emirates,UPPSEC,1.0
2019,SE_GPI_TCAQ,United Arab Emirates,SECOND,1.0
2020,SE_GPI_TCAQ,United Arab Emirates,LOWSEC,1.0
2020,SE_GPI_TCAQ,United Arab Emirates,PREPRI,1.0
2020,SE_GPI_TCAQ,United Arab Emirates,PRIMAR,1.0
2020,SE_GPI_TCAQ,United Arab Emirates,SECOND,1.0
2020,SE_GPI_TCAQ,United Arab Emirates,UPPSEC,1.0
2022,SE_GPI_TCAQ,United Arab Emirates,LOWSEC,1.0
2022,SE_GPI_TCAQ,United Arab Emirates,UPPSEC,1.0
2022,SE_GPI_TCAQ,United Arab Emirates,SECOND,1.0
2022,SE_GPI_TCAQ,United Arab Emirates,PRIMAR,1.0
2022,SE_GPI_TCAQ,United Arab Emirates,PREPRI,1.0
2016,SE_GPI_TCAQ,Ukraine,PRIMAR,0.99697
2017,SE_GPI_TCAQ,Ukraine,PRIMAR,0.99633
2018,SE_GPI_TCAQ,Ukraine,SECOND,0.94135
2018,SE_GPI_TCAQ,Ukraine,PRIMAR,0.99594
2019,SE_GPI_TCAQ,Ukraine,PRIMAR,0.99641
2020,SE_GPI_TCAQ,Republic of Korea,SECOND,1.0
2020,SE_GPI_TCAQ,Republic of Korea,UPPSEC,1.0
2020,SE_GPI_TCAQ,Republic of Korea,PRIMAR,1.0
2020,SE_GPI_TCAQ,Republic of Korea,PREPRI,1.0
2000,SE_GPI_TCAQ,Кыргызстан,PREPRI,2.0
2001,SE_GPI_TCAQ,Кыргызстан,PREPRI,2.0
2002,SE_GPI_TCAQ,Кыргызстан,PREPRI,2.0
2003,SE_GPI_TCAQ,Кыргызстан,PREPRI,1.08374
2003,SE_GPI_TCAQ,Кыргызстан,PRIMAR,0.99192
2003,SE_GPI_TCAQ,Кыргызстан,SECOND,1.02398
2004,SE_GPI_TCAQ,Кыргызстан,SECOND,1.02436
2004,SE_GPI_TCAQ,Кыргызстан,PRIMAR,1.00025
2004,SE_GPI_TCAQ,Кыргызстан,PREPRI,0.38186
2005,SE_GPI_TCAQ,Кыргызстан,SECOND,1.03
2005,SE_GPI_TCAQ,Кыргызстан,PREPRI,0.98303
2005,SE_GPI_TCAQ,Кыргызстан,PRIMAR,0.99875
2006,SE_GPI_TCAQ,Кыргызстан,SECOND,1.02603
2006,SE_GPI_TCAQ,Кыргызстан,PRIMAR,1.00105
2006,SE_GPI_TCAQ,Кыргызстан,PREPRI,1.02336
2007,SE_GPI_TCAQ,Кыргызстан,PREPRI,0.95175
2020,SE_GPI_TCAQ,Ukraine,PRIMAR,0.99747
2020,SE_GPI_TCAQ,Ukraine,SECOND,0.94417
2021,SE_GPI_TCAQ,Ukraine,SECOND,0.94752
2021,SE_GPI_TCAQ,Ukraine,PRIMAR,0.9957
2006,SE_GPI_TCAQ,Узбекистан,SECOND,1.0
2006,SE_GPI_TCAQ,Узбекистан,PRIMAR,1.0
2006,SE_GPI_TCAQ,Узбекистан,PREPRI,1.0
2007,SE_GPI_TCAQ,Узбекистан,SECOND,1.0
2007,SE_GPI_TCAQ,Узбекистан,PREPRI,1.0
2007,SE_GPI_TCAQ,Узбекистан,PRIMAR,1.0
2008,SE_GPI_TCAQ,Узбекистан,PRIMAR,1.0
2008,SE_GPI_TCAQ,Узбекистан,PREPRI,1.0
2008,SE_GPI_TCAQ,Узбекистан,SECOND,1.0
2009,SE_GPI_TCAQ,Узбекистан,SECOND,1.0
2009,SE_GPI_TCAQ,Узбекистан,PREPRI,1.0
2009,SE_GPI_TCAQ,Узбекистан,PRIMAR,1.0
2010,SE_GPI_TCAQ,Узбекистан,PRIMAR,1.0
2010,SE_GPI_TCAQ,Узбекистан,PREPRI,1.0
2010,SE_GPI_TCAQ,Узбекистан,SECOND,1.0
2011,SE_GPI_TCAQ,Узбекистан,SECOND,1.0
2011,SE_GPI_TCAQ,Узбекистан,PREPRI,1.0
2011,SE_GPI_TCAQ,Узбекистан,PRIMAR,1.0
2017,SE_GPI_TCAQ,Узбекистан,PRIMAR,0.99985
2017,SE_GPI_TCAQ,Узбекистан,PREPRI,0.99936
2017,SE_GPI_TCAQ,Узбекистан,LOWSEC,0.99995
2017,SE_GPI_TCAQ,Узбекистан,SECOND,1.00863
2017,SE_GPI_TCAQ,Узбекистан,UPPSEC,1.01657
2018,SE_GPI_TCAQ,Узбекистан,SECOND,1.00958
2018,SE_GPI_TCAQ,Узбекистан,PREPRI,1.00003
2018,SE_GPI_TCAQ,Узбекистан,PRIMAR,1.00002
2007,SE_GPI_TCAQ,Кыргызстан,PRIMAR,1.00139
2007,SE_GPI_TCAQ,Кыргызстан,SECOND,1.02339
2008,SE_GPI_TCAQ,Кыргызстан,SECOND,1.01795
2008,SE_GPI_TCAQ,Кыргызстан,PRIMAR,0.9986
2008,SE_GPI_TCAQ,Кыргызстан,PREPRI,0.84475
2009,SE_GPI_TCAQ,Кыргызстан,PREPRI,1.00689
2009,SE_GPI_TCAQ,Кыргызстан,PRIMAR,0.99586
2010,SE_GPI_TCAQ,Кыргызстан,PRIMAR,0.99946
2010,SE_GPI_TCAQ,Кыргызстан,PREPRI,1.00914
2011,SE_GPI_TCAQ,Кыргызстан,PREPRI,0.96139
2011,SE_GPI_TCAQ,Кыргызстан,PRIMAR,0.99086
2011,SE_GPI_TCAQ,Кыргызстан,SECOND,1.16569
2012,SE_GPI_TCAQ,Кыргызстан,SECOND,1.16939
2012,SE_GPI_TCAQ,Кыргызстан,PRIMAR,0.98864
2013,SE_GPI_TCAQ,Кыргызстан,PRIMAR,0.99821
2013,SE_GPI_TCAQ,Кыргызстан,SECOND,1.06541
2014,SE_GPI_TCAQ,Кыргызстан,PRIMAR,0.9992
2015,SE_GPI_TCAQ,Кыргызстан,PRIMAR,0.99951
2015,SE_GPI_TCAQ,Кыргызстан,SECOND,1.05487
2016,SE_GPI_TCAQ,Кыргызстан,SECOND,1.83888
2016,SE_GPI_TCAQ,Кыргызстан,PRIMAR,1.59944
2017,SE_GPI_TCAQ,Кыргызстан,PRIMAR,1.00405
2017,SE_GPI_TCAQ,Кыргызстан,SECOND,1.82566
2010,SE_GPI_TCAQ,Latvia,PRIMAR,1.0
2010,SE_GPI_TCAQ,Latvia,LOWSEC,1.0
2010,SE_GPI_TCAQ,Latvia,PREPRI,1.0
2010,SE_GPI_TCAQ,Latvia,UPPSEC,1.0
2010,SE_GPI_TCAQ,Latvia,SECOND,1.0
2011,SE_GPI_TCAQ,Latvia,SECOND,1.0
2011,SE_GPI_TCAQ,Latvia,UPPSEC,1.0
2011,SE_GPI_TCAQ,Latvia,PREPRI,1.0
2011,SE_GPI_TCAQ,Latvia,LOWSEC,1.0
2011,SE_GPI_TCAQ,Latvia,PRIMAR,1.0
2012,SE_GPI_TCAQ,Latvia,PRIMAR,1.0
2012,SE_GPI_TCAQ,Latvia,LOWSEC,1.0
2012,SE_GPI_TCAQ,Latvia,PREPRI,1.0
2012,SE_GPI_TCAQ,Latvia,UPPSEC,1.0
2012,SE_GPI_TCAQ,Latvia,SECOND,1.0
2013,SE_GPI_TCAQ,Latvia,SECOND,1.0
2013,SE_GPI_TCAQ,Latvia,UPPSEC,1.0
2013,SE_GPI_TCAQ,Latvia,PREPRI,1.0
2013,SE_GPI_TCAQ,Latvia,LOWSEC,1.0
2013,SE_GPI_TCAQ,Latvia,PRIMAR,1.0
2014,SE_GPI_TCAQ,Latvia,UPPSEC,1.0
2014,SE_GPI_TCAQ,Latvia,SECOND,1.0
2014,SE_GPI_TCAQ,Latvia,PRIMAR,1.0
2014,SE_GPI_TCAQ,Latvia,LOWSEC,1.0
2014,SE_GPI_TCAQ,Latvia,PREPRI,1.0
2015,SE_GPI_TCAQ,Latvia,SECOND,1.0
2015,SE_GPI_TCAQ,Latvia,UPPSEC,1.0
2015,SE_GPI_TCAQ,Latvia,PREPRI,1.0
2015,SE_GPI_TCAQ,Latvia,LOWSEC,1.0
2015,SE_GPI_TCAQ,Latvia,PRIMAR,1.0
2016,SE_GPI_TCAQ,Latvia,PRIMAR,1.0
2016,SE_GPI_TCAQ,Latvia,LOWSEC,1.0
2016,SE_GPI_TCAQ,Latvia,PREPRI,1.0
2016,SE_GPI_TCAQ,Latvia,UPPSEC,1.0
2016,SE_GPI_TCAQ,Latvia,SECOND,1.0
2017,SE_GPI_TCAQ,Latvia,UPPSEC,1.0
2017,SE_GPI_TCAQ,Latvia,PREPRI,1.0
2017,SE_GPI_TCAQ,Latvia,LOWSEC,1.0
2017,SE_GPI_TCAQ,Latvia,PRIMAR,1.0
2017,SE_GPI_TCAQ,Latvia,SECOND,1.0
2018,SE_GPI_TCAQ,Latvia,PRIMAR,1.0
2018,SE_GPI_TCAQ,Latvia,LOWSEC,1.0
2018,SE_GPI_TCAQ,Latvia,PREPRI,1.0
2018,SE_GPI_TCAQ,Latvia,UPPSEC,1.0
2018,SE_GPI_TCAQ,Latvia,SECOND,1.0
2019,SE_GPI_TCAQ,Latvia,PRIMAR,1.0
2019,SE_GPI_TCAQ,Latvia,SECOND,1.0
2019,SE_GPI_TCAQ,Latvia,UPPSEC,1.0
2019,SE_GPI_TCAQ,Latvia,PREPRI,1.0
2019,SE_GPI_TCAQ,Latvia,LOWSEC,1.0
2009,SE_GPI_TCAQ,Lithuania,PREPRI,0.98013
2009,SE_GPI_TCAQ,Lithuania,PRIMAR,1.10057
2009,SE_GPI_TCAQ,Lithuania,SECOND,1.06554
2010,SE_GPI_TCAQ,Lithuania,SECOND,1.06992
2010,SE_GPI_TCAQ,Lithuania,PRIMAR,1.10412
2010,SE_GPI_TCAQ,Lithuania,PREPRI,1.16732
2011,SE_GPI_TCAQ,Lithuania,PREPRI,1.03761
2011,SE_GPI_TCAQ,Lithuania,PRIMAR,1.09854
2011,SE_GPI_TCAQ,Lithuania,SECOND,1.05715
2012,SE_GPI_TCAQ,Lithuania,PRIMAR,1.08963
2012,SE_GPI_TCAQ,Lithuania,PREPRI,1.05318
2012,SE_GPI_TCAQ,Lithuania,SECOND,1.05095
2013,SE_GPI_TCAQ,Lithuania,PRIMAR,1.12796
2013,SE_GPI_TCAQ,Lithuania,SECOND,1.0455
2014,SE_GPI_TCAQ,Lithuania,SECOND,1.04539
2014,SE_GPI_TCAQ,Lithuania,PRIMAR,1.10723
2015,SE_GPI_TCAQ,Lithuania,PRIMAR,1.1148
2015,SE_GPI_TCAQ,Lithuania,PREPRI,1.21899
2015,SE_GPI_TCAQ,Lithuania,SECOND,1.03964
2016,SE_GPI_TCAQ,Lithuania,SECOND,1.03952
2016,SE_GPI_TCAQ,Lithuania,PREPRI,1.28354
2016,SE_GPI_TCAQ,Lithuania,PRIMAR,1.1128
2017,SE_GPI_TCAQ,Lithuania,PRIMAR,1.13058
2017,SE_GPI_TCAQ,Lithuania,PREPRI,1.33591
2017,SE_GPI_TCAQ,Lithuania,SECOND,1.03442
2018,SE_GPI_TCAQ,Lithuania,SECOND,1.03446
2018,SE_GPI_TCAQ,Lithuania,PREPRI,1.33454
2002,SE_GPI_TCAQ,Armenia,PREPRI,2.0
2004,SE_GPI_TCAQ,Armenia,PRIMAR,0.78714
2005,SE_GPI_TCAQ,Armenia,PRIMAR,1.71188
2009,SE_GPI_TCAQ,Armenia,PREPRI,1.4901
2010,SE_GPI_TCAQ,Armenia,PREPRI,1.83079
2011,SE_GPI_TCAQ,Armenia,PREPRI,0.78779
2013,SE_GPI_TCAQ,Armenia,PREPRI,1.02269
2014,SE_GPI_TCAQ,Armenia,PREPRI,0.78907
2015,SE_GPI_TCAQ,Armenia,PREPRI,0.79984
2016,SE_GPI_TCAQ,Armenia,PREPRI,1.0239
2017,SE_GPI_TCAQ,Armenia,PREPRI,0.81943
2019,SE_GPI_TCAQ,Armenia,PRIMAR,1.13587
2019,SE_GPI_TCAQ,Armenia,SECOND,1.09914
2019,SE_GPI_TCAQ,Armenia,UPPSEC,1.07323
2019,SE_GPI_TCAQ,Armenia,LOWSEC,1.13659
2020,SE_GPI_TCAQ,Armenia,SECOND,1.08241
2020,SE_GPI_TCAQ,Armenia,PRIMAR,1.1221
2020,SE_GPI_TCAQ,Armenia,LOWSEC,1.12131
2020,SE_GPI_TCAQ,Armenia,UPPSEC,1.05456
2021,SE_GPI_TCAQ,Armenia,PRIMAR,1.12414
2021,SE_GPI_TCAQ,Armenia,PREPRI,0.74621
2021,SE_GPI_TCAQ,Armenia,SECOND,1.08632
2021,SE_GPI_TCAQ,Armenia,UPPSEC,1.05909
2021,SE_GPI_TCAQ,Armenia,LOWSEC,1.12446
2002,SE_GPI_TCAQ,Belarus,PREPRI,1.67704
2002,SE_GPI_TCAQ,Belarus,PRIMAR,1.00353
2003,SE_GPI_TCAQ,Belarus,PRIMAR,1.00239
2004,SE_GPI_TCAQ,Belarus,PRIMAR,1.00443
2004,SE_GPI_TCAQ,Belarus,PREPRI,0.72959
2005,SE_GPI_TCAQ,Belarus,PREPRI,0.99565
2005,SE_GPI_TCAQ,Belarus,PRIMAR,0.99796
2006,SE_GPI_TCAQ,Belarus,PRIMAR,0.99627
2006,SE_GPI_TCAQ,Belarus,PREPRI,0.99992
2007,SE_GPI_TCAQ,Belarus,PREPRI,1.0008
2007,SE_GPI_TCAQ,Belarus,PRIMAR,0.99809
2008,SE_GPI_TCAQ,Belarus,PREPRI,0.99491
2009,SE_GPI_TCAQ,Belarus,PREPRI,1.77931
2009,SE_GPI_TCAQ,Belarus,PRIMAR,0.99865
2010,SE_GPI_TCAQ,Belarus,PREPRI,0.91764
2011,SE_GPI_TCAQ,Belarus,PREPRI,1.32948
2012,SE_GPI_TCAQ,Belarus,PREPRI,0.93393
2012,SE_GPI_TCAQ,Belarus,PRIMAR,0.99642
2013,SE_GPI_TCAQ,Belarus,PRIMAR,0.99626
2013,SE_GPI_TCAQ,Belarus,PREPRI,0.95939
2013,SE_GPI_TCAQ,Belarus,UPPSEC,1.04395
2013,SE_GPI_TCAQ,Belarus,SECOND,1.02144
2013,SE_GPI_TCAQ,Belarus,LOWSEC,0.99782
2014,SE_GPI_TCAQ,Belarus,LOWSEC,1.00007
2014,SE_GPI_TCAQ,Belarus,SECOND,1.01858
2014,SE_GPI_TCAQ,Belarus,UPPSEC,1.03741
2014,SE_GPI_TCAQ,Belarus,PREPRI,1.08678
2014,SE_GPI_TCAQ,Belarus,PRIMAR,1.00412
2015,SE_GPI_TCAQ,Belarus,PRIMAR,1.00275
2015,SE_GPI_TCAQ,Belarus,PREPRI,1.05594
2015,SE_GPI_TCAQ,Belarus,UPPSEC,1.03543
2015,SE_GPI_TCAQ,Belarus,SECOND,1.01742
2015,SE_GPI_TCAQ,Belarus,LOWSEC,0.99995
2016,SE_GPI_TCAQ,Belarus,LOWSEC,1.00003
2016,SE_GPI_TCAQ,Belarus,SECOND,1.01509
2016,SE_GPI_TCAQ,Belarus,UPPSEC,1.02855
2016,SE_GPI_TCAQ,Belarus,PREPRI,1.05926
2016,SE_GPI_TCAQ,Belarus,PRIMAR,1.00303
2017,SE_GPI_TCAQ,Belarus,SECOND,1.01932
2017,SE_GPI_TCAQ,Belarus,LOWSEC,0.99939
2017,SE_GPI_TCAQ,Belarus,PRIMAR,0.99647
2017,SE_GPI_TCAQ,Belarus,PREPRI,1.07755
2017,SE_GPI_TCAQ,Belarus,UPPSEC,1.04203
2018,SE_GPI_TCAQ,Belarus,LOWSEC,0.99996
2018,SE_GPI_TCAQ,Belarus,SECOND,1.0194
2018,SE_GPI_TCAQ,Belarus,UPPSEC,1.04353
2018,SE_GPI_TCAQ,Belarus,PREPRI,1.06764
2018,SE_GPI_TCAQ,Belarus,PRIMAR,0.99553
2019,SE_GPI_TCAQ,Belarus,PRIMAR,0.99513
2019,SE_GPI_TCAQ,Belarus,PREPRI,1.04611
2019,SE_GPI_TCAQ,Belarus,UPPSEC,1.02802
2019,SE_GPI_TCAQ,Belarus,SECOND,1.01393
2019,SE_GPI_TCAQ,Belarus,LOWSEC,1.00115
2020,SE_GPI_TCAQ,Belarus,SECOND,1.00937
2020,SE_GPI_TCAQ,Belarus,UPPSEC,1.01789
2020,SE_GPI_TCAQ,Belarus,PREPRI,1.09091
2020,SE_GPI_TCAQ,Belarus,PRIMAR,1.00345
2020,SE_GPI_TCAQ,Belarus,LOWSEC,1.00002
2021,SE_GPI_TCAQ,Belarus,PRIMAR,1.14894
2021,SE_GPI_TCAQ,Belarus,PREPRI,1.10549
2021,SE_GPI_TCAQ,Belarus,UPPSEC,1.02104
2021,SE_GPI_TCAQ,Belarus,SECOND,1.01025
2021,SE_GPI_TCAQ,Belarus,LOWSEC,1.00014
2007,SE_GPI_TCAQ,Colombia,PRIMAR,1.0
2007,SE_GPI_TCAQ,Colombia,PREPRI,1.0
2007,SE_GPI_TCAQ,Colombia,UPPSEC,1.01377
2007,SE_GPI_TCAQ,Colombia,SECOND,1.02025
2007,SE_GPI_TCAQ,Colombia,LOWSEC,1.02389
2008,SE_GPI_TCAQ,Colombia,PREPRI,1.0
2008,SE_GPI_TCAQ,Colombia,PRIMAR,1.0
2009,SE_GPI_TCAQ,Colombia,SECOND,1.02015
2009,SE_GPI_TCAQ,Colombia,LOWSEC,1.02379
2009,SE_GPI_TCAQ,Colombia,PRIMAR,1.0
2009,SE_GPI_TCAQ,Colombia,PREPRI,1.0
2009,SE_GPI_TCAQ,Colombia,UPPSEC,1.01369
2010,SE_GPI_TCAQ,Colombia,LOWSEC,1.0239
2010,SE_GPI_TCAQ,Colombia,SECOND,1.02024
2010,SE_GPI_TCAQ,Colombia,UPPSEC,1.01375
2010,SE_GPI_TCAQ,Colombia,PREPRI,1.0
2010,SE_GPI_TCAQ,Colombia,PRIMAR,1.0
2011,SE_GPI_TCAQ,Colombia,PRIMAR,1.0
2011,SE_GPI_TCAQ,Colombia,PREPRI,1.0
2011,SE_GPI_TCAQ,Colombia,UPPSEC,1.00313
2011,SE_GPI_TCAQ,Colombia,SECOND,1.00791
2011,SE_GPI_TCAQ,Colombia,LOWSEC,1.01044
2012,SE_GPI_TCAQ,Colombia,SECOND,1.0125
2012,SE_GPI_TCAQ,Colombia,UPPSEC,1.00649
2012,SE_GPI_TCAQ,Colombia,PREPRI,1.0
2012,SE_GPI_TCAQ,Colombia,PRIMAR,1.0
2012,SE_GPI_TCAQ,Colombia,LOWSEC,1.01557
2013,SE_GPI_TCAQ,Colombia,PRIMAR,1.01673
2013,SE_GPI_TCAQ,Colombia,PREPRI,1.04136
2013,SE_GPI_TCAQ,Colombia,UPPSEC,0.99345
2013,SE_GPI_TCAQ,Colombia,SECOND,1.00557
2013,SE_GPI_TCAQ,Colombia,LOWSEC,1.01055
2014,SE_GPI_TCAQ,Colombia,PRIMAR,1.02144
2014,SE_GPI_TCAQ,Colombia,LOWSEC,1.00666
2014,SE_GPI_TCAQ,Colombia,SECOND,1.00543
2014,SE_GPI_TCAQ,Colombia,UPPSEC,1.00341
2014,SE_GPI_TCAQ,Colombia,PREPRI,1.04847
2015,SE_GPI_TCAQ,Colombia,PRIMAR,1.04473
2015,SE_GPI_TCAQ,Colombia,UPPSEC,1.0097
2015,SE_GPI_TCAQ,Colombia,SECOND,1.01243
2015,SE_GPI_TCAQ,Colombia,LOWSEC,1.0143
2016,SE_GPI_TCAQ,Colombia,LOWSEC,1.01281
2016,SE_GPI_TCAQ,Colombia,SECOND,1.01163
2016,SE_GPI_TCAQ,Colombia,UPPSEC,1.00985
2016,SE_GPI_TCAQ,Colombia,PRIMAR,1.04416
2017,SE_GPI_TCAQ,Colombia,PRIMAR,1.04727
2017,SE_GPI_TCAQ,Colombia,UPPSEC,1.00874
2017,SE_GPI_TCAQ,Colombia,SECOND,1.01041
2017,SE_GPI_TCAQ,Colombia,LOWSEC,1.01158
2019,SE_GPI_TCAQ,Colombia,LOWSEC,1.00542
2019,SE_GPI_TCAQ,Colombia,SECOND,1.00536
2019,SE_GPI_TCAQ,Colombia,UPPSEC,1.00532
2019,SE_GPI_TCAQ,Colombia,PRIMAR,1.0294
2019,SE_GPI_TCAQ,Colombia,PREPRI,1.03534
2020,SE_GPI_TCAQ,Colombia,PREPRI,1.00675
2020,SE_GPI_TCAQ,Colombia,PRIMAR,1.0007
2020,SE_GPI_TCAQ,Colombia,UPPSEC,1.00588
2020,SE_GPI_TCAQ,Colombia,SECOND,1.00486
2020,SE_GPI_TCAQ,Colombia,LOWSEC,1.00507
2021,SE_GPI_TCAQ,Colombia,PRIMAR,1.04705
2021,SE_GPI_TCAQ,Colombia,PREPRI,1.00613
2021,SE_GPI_TCAQ,Colombia,LOWSEC,1.00992
2021,SE_GPI_TCAQ,Colombia,SECOND,1.00853
2018,SE_GPI_TCAQ,Lithuania,PRIMAR,1.18763
2019,SE_GPI_TCAQ,Lithuania,PRIMAR,1.20188
2019,SE_GPI_TCAQ,Lithuania,PREPRI,1.29169
2019,SE_GPI_TCAQ,Lithuania,SECOND,1.04019
2020,SE_GPI_TCAQ,Lithuania,SECOND,1.03151
2020,SE_GPI_TCAQ,Lithuania,PREPRI,1.34845
2020,SE_GPI_TCAQ,Lithuania,PRIMAR,1.22267
2019,SE_GPI_TCAQ,Узбекистан,PREPRI,1.79895
2019,SE_GPI_TCAQ,Узбекистан,SECOND,1.00604
2019,SE_GPI_TCAQ,Узбекистан,PRIMAR,0.99974
2020,SE_GPI_TCAQ,Узбекистан,SECOND,1.01924
2020,SE_GPI_TCAQ,Узбекистан,PREPRI,1.03274
2020,SE_GPI_TCAQ,Узбекистан,PRIMAR,1.00823
2021,SE_GPI_TCAQ,Узбекистан,PREPRI,1.0
2021,SE_GPI_TCAQ,Узбекистан,PRIMAR,1.0
2021,SE_GPI_TCAQ,Узбекистан,SECOND,1.0
2021,SE_GPI_TCAQ,Colombia,UPPSEC,1.00798
2021,SE_GPI_TCAQ,Colombia,UPPSEC,1.00798
