Year,SeriesCode,Страна ,Education level,Type of skill,Value
2001,SE_TOT_GPI,Latvia,PRIMAR,SKILL_READ,1.0103
2003,SE_TOT_GPI,Latvia,LOWSEC,SKILL_READ,1.15215
2003,SE_TOT_GPI,Latvia,LOWSEC,SKILL_MATH,1.016
2003,SE_TOT_GPI,Latvia,PRIMAR,SKILL_MATH,1.01508
2006,SE_TOT_GPI,Latvia,PRIMAR,SKILL_READ,1.0211
2006,SE_TOT_GPI,Latvia,LOWSEC,SKILL_MATH,0.9835
2006,SE_TOT_GPI,Latvia,LOWSEC,SKILL_READ,1.19881
2007,SE_TOT_GPI,Latvia,PRIMAR,SKILL_MATH,1.03122
2009,SE_TOT_GPI,Latvia,LOWSEC,SKILL_MATH,1.01423
2009,SE_TOT_GPI,Latvia,LOWSEC,SKILL_READ,1.19518
2012,SE_TOT_GPI,Latvia,LOWSEC,SKILL_READ,1.19053
2012,SE_TOT_GPI,Latvia,LOWSEC,SKILL_MATH,1.0393
2015,SE_TOT_GPI,Latvia,LOWSEC,SKILL_MATH,1.03917
2015,SE_TOT_GPI,Latvia,LOWSEC,SKILL_READ,1.15063
2016,SE_TOT_GPI,Latvia,PRIMAR,SKILL_READ,1.00377
2018,SE_TOT_GPI,Latvia,LOWSEC,SKILL_MATH,0.9987
2018,SE_TOT_GPI,Latvia,LOWSEC,SKILL_READ,1.16224
2019,SE_TOT_GPI,Latvia,PRIMAR,SKILL_MATH,1.01287
2001,SE_TOT_GPI,Lithuania,PRIMAR,SKILL_READ,1.01717
2003,SE_TOT_GPI,Lithuania,PRIMAR,SKILL_MATH,1.01045
2006,SE_TOT_GPI,Lithuania,PRIMAR,SKILL_READ,1.00832
2006,SE_TOT_GPI,Lithuania,LOWSEC,SKILL_READ,1.21419
2006,SE_TOT_GPI,Lithuania,LOWSEC,SKILL_MATH,0.99883
2007,SE_TOT_GPI,Lithuania,PRIMAR,SKILL_MATH,1.017
2009,SE_TOT_GPI,Lithuania,LOWSEC,SKILL_READ,1.25839
2009,SE_TOT_GPI,Lithuania,LOWSEC,SKILL_MATH,1.04911
2011,SE_TOT_GPI,Lithuania,PRIMAR,SKILL_READ,1.01776
2011,SE_TOT_GPI,Lithuania,PRIMAR,SKILL_MATH,1.0012
2012,SE_TOT_GPI,Lithuania,LOWSEC,SKILL_READ,1.24016
2012,SE_TOT_GPI,Lithuania,LOWSEC,SKILL_MATH,1.04401
2015,SE_TOT_GPI,Lithuania,LOWSEC,SKILL_MATH,1.03344
2015,SE_TOT_GPI,Lithuania,LOWSEC,SKILL_READ,1.17489
2015,SE_TOT_GPI,Lithuania,PRIMAR,SKILL_MATH,1.03042
2016,SE_TOT_GPI,Lithuania,PRIMAR,SKILL_READ,1.01329
2018,SE_TOT_GPI,Lithuania,LOWSEC,SKILL_READ,1.18128
2018,SE_TOT_GPI,Lithuania,LOWSEC,SKILL_MATH,1.04744
2019,SE_TOT_GPI,Lithuania,PRIMAR,SKILL_MATH,1.0145
2000,SE_TOT_GPI,Luxembourg,LOWSEC,SKILL_READ,1.15591
2000,SE_TOT_GPI,Luxembourg,LOWSEC,SKILL_MATH,0.91667
2003,SE_TOT_GPI,Luxembourg,LOWSEC,SKILL_MATH,0.95788
2003,SE_TOT_GPI,Luxembourg,LOWSEC,SKILL_READ,1.13769
2006,SE_TOT_GPI,Luxembourg,LOWSEC,SKILL_MATH,0.95702
2006,SE_TOT_GPI,Luxembourg,LOWSEC,SKILL_READ,1.13107
2006,SE_TOT_GPI,Luxembourg,PRIMAR,SKILL_READ,1.00725
2009,SE_TOT_GPI,Luxembourg,LOWSEC,SKILL_MATH,0.95476
2009,SE_TOT_GPI,Luxembourg,LOWSEC,SKILL_READ,1.17025
2012,SE_TOT_GPI,Luxembourg,LOWSEC,SKILL_READ,1.10968
2012,SE_TOT_GPI,Luxembourg,LOWSEC,SKILL_MATH,0.89202
2000,SE_TOT_GPI,Albania,LOWSEC,SKILL_READ,1.50961
2000,SE_TOT_GPI,Albania,LOWSEC,SKILL_MATH,1.18575
2009,SE_TOT_GPI,Albania,LOWSEC,SKILL_MATH,1.08138
2009,SE_TOT_GPI,Albania,LOWSEC,SKILL_READ,1.45085
2012,SE_TOT_GPI,Albania,LOWSEC,SKILL_READ,1.11672
2012,SE_TOT_GPI,Albania,LOWSEC,SKILL_MATH,1.01788
2015,SE_TOT_GPI,Albania,LOWSEC,SKILL_MATH,1.08577
2018,SE_TOT_GPI,Albania,LOWSEC,SKILL_READ,1.34699
2015,SE_TOT_GPI,Luxembourg,LOWSEC,SKILL_MATH,0.97569
2015,SE_TOT_GPI,Luxembourg,LOWSEC,SKILL_READ,1.09369
2018,SE_TOT_GPI,Luxembourg,LOWSEC,SKILL_READ,1.13312
2018,SE_TOT_GPI,Luxembourg,LOWSEC,SKILL_MATH,0.97463
2009,SE_TOT_GPI,Malta,LOWSEC,SKILL_READ,1.31857
2011,SE_TOT_GPI,Malta,PRIMAR,SKILL_READ,1.07681
2011,SE_TOT_GPI,Malta,PRIMAR,SKILL_MATH,0.97511
2015,SE_TOT_GPI,Malta,LOWSEC,SKILL_READ,1.21027
2016,SE_TOT_GPI,Malta,PRIMAR,SKILL_READ,1.11125
2018,SE_TOT_GPI,Malta,LOWSEC,SKILL_READ,1.25581
2019,SE_TOT_GPI,Malta,PRIMAR,SKILL_MATH,1.02909
2000,SE_TOT_GPI,Mexico,LOWSEC,SKILL_READ,1.17835
2000,SE_TOT_GPI,Mexico,LOWSEC,SKILL_MATH,0.86773
2003,SE_TOT_GPI,Mexico,LOWSEC,SKILL_MATH,0.85358
2003,SE_TOT_GPI,Mexico,LOWSEC,SKILL_READ,1.18232
2006,SE_TOT_GPI,Mexico,PRIMAR,SKILL_READ,1.11026
2006,SE_TOT_GPI,Mexico,PRIMAR,SKILL_MATH,1.05861
2006,SE_TOT_GPI,Mexico,GRAD23,SKILL_READ,1.06218
2006,SE_TOT_GPI,Mexico,GRAD23,SKILL_MATH,1.01656
2006,SE_TOT_GPI,Mexico,LOWSEC,SKILL_MATH,0.89728
2006,SE_TOT_GPI,Mexico,LOWSEC,SKILL_READ,1.23202
2009,SE_TOT_GPI,Mexico,LOWSEC,SKILL_READ,1.18407
2009,SE_TOT_GPI,Mexico,LOWSEC,SKILL_MATH,0.87564
2012,SE_TOT_GPI,Mexico,LOWSEC,SKILL_READ,1.19062
2012,SE_TOT_GPI,Mexico,LOWSEC,SKILL_MATH,0.84203
2015,SE_TOT_GPI,Mexico,LOWSEC,SKILL_MATH,0.89921
2015,SE_TOT_GPI,Mexico,LOWSEC,SKILL_READ,1.14977
2018,SE_TOT_GPI,Mexico,LOWSEC,SKILL_MATH,0.87741
2018,SE_TOT_GPI,Mexico,LOWSEC,SKILL_READ,1.10711
2019,SE_TOT_GPI,Mexico,PRIMAR,SKILL_READ,1.1573
2019,SE_TOT_GPI,Mexico,GRAD23,SKILL_MATH,0.97426
2019,SE_TOT_GPI,Mexico,GRAD23,SKILL_READ,1.05427
2019,SE_TOT_GPI,Mexico,PRIMAR,SKILL_MATH,1.05021
2001,SE_TOT_GPI,Republic of Moldova,PRIMAR,SKILL_READ,1.08993
2003,SE_TOT_GPI,Republic of Moldova,PRIMAR,SKILL_MATH,1.06291
2006,SE_TOT_GPI,Republic of Moldova,PRIMAR,SKILL_READ,1.03764
2009,SE_TOT_GPI,Republic of Moldova,LOWSEC,SKILL_READ,1.3671
2009,SE_TOT_GPI,Republic of Moldova,LOWSEC,SKILL_MATH,0.93907
2015,SE_TOT_GPI,Republic of Moldova,LOWSEC,SKILL_MATH,1.02398
2015,SE_TOT_GPI,Republic of Moldova,LOWSEC,SKILL_READ,1.33249
2018,SE_TOT_GPI,Republic of Moldova,LOWSEC,SKILL_READ,1.2617
2018,SE_TOT_GPI,Republic of Moldova,LOWSEC,SKILL_MATH,1.01527
2015,SE_TOT_GPI,Montenegro,LOWSEC,SKILL_READ,1.22279
2015,SE_TOT_GPI,Montenegro,LOWSEC,SKILL_MATH,0.99078
2018,SE_TOT_GPI,Montenegro,LOWSEC,SKILL_READ,1.23899
2018,SE_TOT_GPI,Montenegro,LOWSEC,SKILL_MATH,0.94092
2019,SE_TOT_GPI,Montenegro,PRIMAR,SKILL_MATH,1.06261
2000,SE_TOT_GPI,Netherlands (Kingdom of the),LOWSEC,SKILL_READ,1.07784
2018,SE_TOT_GPI,Albania,LOWSEC,SKILL_MATH,1.05929
2019,SE_TOT_GPI,Albania,PRIMAR,SKILL_MATH,1.03719
2006,SE_TOT_GPI,Azerbaijan,LOWSEC,SKILL_MATH,1.00735
2006,SE_TOT_GPI,Azerbaijan,LOWSEC,SKILL_READ,1.33119
2009,SE_TOT_GPI,Azerbaijan,LOWSEC,SKILL_READ,1.30068
2009,SE_TOT_GPI,Azerbaijan,LOWSEC,SKILL_MATH,0.88756
2011,SE_TOT_GPI,Azerbaijan,PRIMAR,SKILL_READ,1.05018
2016,SE_TOT_GPI,Azerbaijan,PRIMAR,SKILL_READ,1.06033
2000,SE_TOT_GPI,Netherlands (Kingdom of the),LOWSEC,SKILL_MATH,0.99659
2001,SE_TOT_GPI,Netherlands (Kingdom of the),PRIMAR,SKILL_READ,1.00675
2003,SE_TOT_GPI,Netherlands (Kingdom of the),LOWSEC,SKILL_READ,1.06234
2003,SE_TOT_GPI,Netherlands (Kingdom of the),LOWSEC,SKILL_MATH,0.9833
2003,SE_TOT_GPI,Netherlands (Kingdom of the),PRIMAR,SKILL_MATH,0.97445
2006,SE_TOT_GPI,Netherlands (Kingdom of the),LOWSEC,SKILL_MATH,0.96555
2006,SE_TOT_GPI,Netherlands (Kingdom of the),LOWSEC,SKILL_READ,1.07643
2019,SE_TOT_GPI,Azerbaijan,PRIMAR,SKILL_MATH,0.9779
2000,SE_TOT_GPI,Australia,LOWSEC,SKILL_MATH,0.97971
2000,SE_TOT_GPI,Australia,LOWSEC,SKILL_READ,1.08315
2003,SE_TOT_GPI,Australia,PRIMAR,SKILL_MATH,0.92012
2003,SE_TOT_GPI,Australia,LOWSEC,SKILL_MATH,1.01333
2003,SE_TOT_GPI,Australia,GRAD23,SKILL_MATH,0.97984
2003,SE_TOT_GPI,Australia,LOWSEC,SKILL_READ,1.10125
2006,SE_TOT_GPI,Australia,LOWSEC,SKILL_MATH,0.98562
2006,SE_TOT_GPI,Netherlands (Kingdom of the),PRIMAR,SKILL_READ,1.00316
2007,SE_TOT_GPI,Netherlands (Kingdom of the),PRIMAR,SKILL_MATH,0.95226
2009,SE_TOT_GPI,Netherlands (Kingdom of the),LOWSEC,SKILL_READ,1.08012
2009,SE_TOT_GPI,Netherlands (Kingdom of the),LOWSEC,SKILL_MATH,0.95111
2011,SE_TOT_GPI,Netherlands (Kingdom of the),PRIMAR,SKILL_READ,1.00219
2011,SE_TOT_GPI,Netherlands (Kingdom of the),PRIMAR,SKILL_MATH,0.97088
2012,SE_TOT_GPI,Netherlands (Kingdom of the),LOWSEC,SKILL_MATH,0.9776
2012,SE_TOT_GPI,Netherlands (Kingdom of the),LOWSEC,SKILL_READ,1.07395
2015,SE_TOT_GPI,Netherlands (Kingdom of the),LOWSEC,SKILL_MATH,1.01169
2015,SE_TOT_GPI,Netherlands (Kingdom of the),LOWSEC,SKILL_READ,1.0838
2015,SE_TOT_GPI,Netherlands (Kingdom of the),PRIMAR,SKILL_MATH,0.96688
2016,SE_TOT_GPI,Netherlands (Kingdom of the),PRIMAR,SKILL_READ,1.01409
2018,SE_TOT_GPI,Netherlands (Kingdom of the),LOWSEC,SKILL_READ,1.13037
2018,SE_TOT_GPI,Netherlands (Kingdom of the),LOWSEC,SKILL_MATH,1.0154
2019,SE_TOT_GPI,Netherlands (Kingdom of the),PRIMAR,SKILL_MATH,1.02581
2000,SE_TOT_GPI,New Zealand,LOWSEC,SKILL_READ,1.1106
2000,SE_TOT_GPI,New Zealand,LOWSEC,SKILL_MATH,1.03151
2001,SE_TOT_GPI,New Zealand,PRIMAR,SKILL_READ,1.06116
2003,SE_TOT_GPI,New Zealand,LOWSEC,SKILL_MATH,0.98701
2003,SE_TOT_GPI,New Zealand,LOWSEC,SKILL_READ,1.07639
2003,SE_TOT_GPI,New Zealand,PRIMAR,SKILL_MATH,0.99815
2006,SE_TOT_GPI,New Zealand,LOWSEC,SKILL_MATH,0.99814
2006,SE_TOT_GPI,New Zealand,PRIMAR,SKILL_READ,1.0603
2006,SE_TOT_GPI,Australia,LOWSEC,SKILL_READ,1.11088
2007,SE_TOT_GPI,Australia,PRIMAR,SKILL_MATH,0.88821
2007,SE_TOT_GPI,Australia,GRAD23,SKILL_MATH,0.97237
2009,SE_TOT_GPI,Australia,LOWSEC,SKILL_MATH,0.98936
2009,SE_TOT_GPI,Australia,LOWSEC,SKILL_READ,1.11646
2011,SE_TOT_GPI,Australia,PRIMAR,SKILL_MATH,0.95853
2011,SE_TOT_GPI,Australia,GRAD23,SKILL_MATH,0.97075
2011,SE_TOT_GPI,Australia,GRAD23,SKILL_READ,1.04016
2006,SE_TOT_GPI,New Zealand,LOWSEC,SKILL_READ,1.1079
2007,SE_TOT_GPI,New Zealand,PRIMAR,SKILL_MATH,1.00216
2009,SE_TOT_GPI,New Zealand,LOWSEC,SKILL_MATH,1.00742
2009,SE_TOT_GPI,New Zealand,LOWSEC,SKILL_READ,1.13875
2011,SE_TOT_GPI,New Zealand,PRIMAR,SKILL_READ,1.03831
2011,SE_TOT_GPI,New Zealand,PRIMAR,SKILL_MATH,1.012
2012,SE_TOT_GPI,New Zealand,LOWSEC,SKILL_READ,1.10906
2012,SE_TOT_GPI,New Zealand,LOWSEC,SKILL_MATH,0.97712
2015,SE_TOT_GPI,New Zealand,LOWSEC,SKILL_MATH,1.00142
2015,SE_TOT_GPI,New Zealand,LOWSEC,SKILL_READ,1.11198
2015,SE_TOT_GPI,New Zealand,PRIMAR,SKILL_MATH,0.99079
2016,SE_TOT_GPI,New Zealand,PRIMAR,SKILL_READ,1.05097
2018,SE_TOT_GPI,New Zealand,LOWSEC,SKILL_READ,1.10601
2018,SE_TOT_GPI,New Zealand,LOWSEC,SKILL_MATH,0.99036
2019,SE_TOT_GPI,New Zealand,PRIMAR,SKILL_MATH,1.03811
2000,SE_TOT_GPI,Norway,LOWSEC,SKILL_MATH,0.99045
2012,SE_TOT_GPI,Australia,LOWSEC,SKILL_READ,1.10942
2012,SE_TOT_GPI,Australia,LOWSEC,SKILL_MATH,0.96476
2015,SE_TOT_GPI,Australia,LOWSEC,SKILL_READ,1.10928
2015,SE_TOT_GPI,Australia,PRIMAR,SKILL_MATH,0.97337
2015,SE_TOT_GPI,Australia,LOWSEC,SKILL_MATH,1.00248
2015,SE_TOT_GPI,Australia,GRAD23,SKILL_MATH,0.97431
2016,SE_TOT_GPI,Australia,GRAD23,SKILL_READ,1.03427
2018,SE_TOT_GPI,Australia,LOWSEC,SKILL_MATH,0.99432
2018,SE_TOT_GPI,Australia,LOWSEC,SKILL_READ,1.11276
2019,SE_TOT_GPI,Australia,PRIMAR,SKILL_MATH,1.01318
2019,SE_TOT_GPI,Australia,GRAD23,SKILL_MATH,1.01607
2000,SE_TOT_GPI,Austria,LOWSEC,SKILL_MATH,0.94769
2000,SE_TOT_GPI,Austria,LOWSEC,SKILL_READ,1.07524
2003,SE_TOT_GPI,Austria,LOWSEC,SKILL_READ,1.17384
2003,SE_TOT_GPI,Austria,LOWSEC,SKILL_MATH,1.0098
2006,SE_TOT_GPI,Austria,LOWSEC,SKILL_MATH,0.93513
2000,SE_TOT_GPI,Norway,LOWSEC,SKILL_READ,1.14203
2001,SE_TOT_GPI,Norway,GRAD23,SKILL_READ,1.0609
2003,SE_TOT_GPI,Norway,GRAD23,SKILL_MATH,0.9098
2003,SE_TOT_GPI,Norway,PRIMAR,SKILL_MATH,1.03013
2003,SE_TOT_GPI,Norway,LOWSEC,SKILL_READ,1.15244
2003,SE_TOT_GPI,Norway,LOWSEC,SKILL_MATH,0.99408
2006,SE_TOT_GPI,Norway,LOWSEC,SKILL_MATH,0.99692
2006,SE_TOT_GPI,Norway,LOWSEC,SKILL_READ,1.17066
2006,SE_TOT_GPI,Austria,LOWSEC,SKILL_READ,1.1425
2006,SE_TOT_GPI,Austria,PRIMAR,SKILL_READ,1.01561
2009,SE_TOT_GPI,Austria,LOWSEC,SKILL_READ,1.18711
2009,SE_TOT_GPI,Austria,LOWSEC,SKILL_MATH,0.95283
2011,SE_TOT_GPI,Austria,PRIMAR,SKILL_READ,1.01248
2012,SE_TOT_GPI,Austria,LOWSEC,SKILL_MATH,0.93944
2012,SE_TOT_GPI,Austria,LOWSEC,SKILL_READ,1.15411
2015,SE_TOT_GPI,Austria,LOWSEC,SKILL_READ,1.08066
2015,SE_TOT_GPI,Austria,LOWSEC,SKILL_MATH,0.92642
2016,SE_TOT_GPI,Austria,PRIMAR,SKILL_READ,1.01
2018,SE_TOT_GPI,Austria,LOWSEC,SKILL_MATH,0.98551
2018,SE_TOT_GPI,Austria,LOWSEC,SKILL_READ,1.12816
2019,SE_TOT_GPI,Austria,PRIMAR,SKILL_MATH,1.00884
2003,SE_TOT_GPI,Armenia,PRIMAR,SKILL_MATH,1.10228
2003,SE_TOT_GPI,Armenia,LOWSEC,SKILL_MATH,1.08718
2007,SE_TOT_GPI,Armenia,LOWSEC,SKILL_MATH,1.01353
2006,SE_TOT_GPI,Norway,GRAD23,SKILL_READ,1.04662
2007,SE_TOT_GPI,Norway,GRAD23,SKILL_MATH,0.93219
2007,SE_TOT_GPI,Norway,PRIMAR,SKILL_MATH,1.0486
2009,SE_TOT_GPI,Norway,LOWSEC,SKILL_READ,1.14236
2009,SE_TOT_GPI,Norway,LOWSEC,SKILL_MATH,0.99512
2011,SE_TOT_GPI,Norway,PRIMAR,SKILL_MATH,1.03865
2011,SE_TOT_GPI,Norway,GRAD23,SKILL_MATH,0.94723
2011,SE_TOT_GPI,Norway,GRAD23,SKILL_READ,1.03396
2007,SE_TOT_GPI,Armenia,PRIMAR,SKILL_MATH,1.06291
2011,SE_TOT_GPI,Armenia,LOWSEC,SKILL_MATH,1.09126
2011,SE_TOT_GPI,Armenia,PRIMAR,SKILL_MATH,1.00541
2015,SE_TOT_GPI,Armenia,LOWSEC,SKILL_MATH,1.06809
2015,SE_TOT_GPI,Armenia,PRIMAR,SKILL_MATH,1.04447
2019,SE_TOT_GPI,Armenia,PRIMAR,SKILL_MATH,0.95868
2000,SE_TOT_GPI,Belgium,LOWSEC,SKILL_READ,1.10072
2000,SE_TOT_GPI,Belgium,LOWSEC,SKILL_MATH,1.03309
2012,SE_TOT_GPI,Norway,LOWSEC,SKILL_MATH,1.00731
2012,SE_TOT_GPI,Norway,LOWSEC,SKILL_READ,1.14302
2015,SE_TOT_GPI,Norway,LOWSEC,SKILL_MATH,1.04106
2015,SE_TOT_GPI,Norway,PRIMAR,SKILL_MATH,0.99402
2015,SE_TOT_GPI,Norway,LOWSEC,SKILL_READ,1.12493
2018,SE_TOT_GPI,Norway,LOWSEC,SKILL_MATH,1.05357
2018,SE_TOT_GPI,Norway,LOWSEC,SKILL_READ,1.16083
2019,SE_TOT_GPI,Norway,PRIMAR,SKILL_MATH,0.97838
2019,SE_TOT_GPI,Norway,GRAD23,SKILL_MATH,0.99827
2000,SE_TOT_GPI,Poland,LOWSEC,SKILL_READ,1.17202
2000,SE_TOT_GPI,Poland,LOWSEC,SKILL_MATH,1.04254
2003,SE_TOT_GPI,Poland,LOWSEC,SKILL_READ,1.14663
2003,SE_TOT_GPI,Poland,LOWSEC,SKILL_MATH,1.01629
2006,SE_TOT_GPI,Poland,LOWSEC,SKILL_MATH,0.98244
2006,SE_TOT_GPI,Poland,LOWSEC,SKILL_READ,1.13573
2006,SE_TOT_GPI,Poland,PRIMAR,SKILL_READ,1.03448
2009,SE_TOT_GPI,Poland,LOWSEC,SKILL_READ,1.1642
2009,SE_TOT_GPI,Poland,LOWSEC,SKILL_MATH,1.01622
2011,SE_TOT_GPI,Poland,PRIMAR,SKILL_MATH,0.90102
2011,SE_TOT_GPI,Poland,PRIMAR,SKILL_READ,1.02767
2012,SE_TOT_GPI,Poland,LOWSEC,SKILL_READ,1.11644
2012,SE_TOT_GPI,Poland,LOWSEC,SKILL_MATH,1.01369
2015,SE_TOT_GPI,Poland,LOWSEC,SKILL_MATH,0.9706
2015,SE_TOT_GPI,Poland,PRIMAR,SKILL_MATH,1.01871
2003,SE_TOT_GPI,Belgium,LOWSEC,SKILL_MATH,1.01744
2003,SE_TOT_GPI,Belgium,LOWSEC,SKILL_READ,1.10823
2006,SE_TOT_GPI,Belgium,LOWSEC,SKILL_READ,1.13265
2006,SE_TOT_GPI,Belgium,LOWSEC,SKILL_MATH,1.00819
2009,SE_TOT_GPI,Belgium,LOWSEC,SKILL_MATH,0.94541
2009,SE_TOT_GPI,Belgium,LOWSEC,SKILL_READ,1.08912
2012,SE_TOT_GPI,Belgium,LOWSEC,SKILL_READ,1.09746
2012,SE_TOT_GPI,Belgium,LOWSEC,SKILL_MATH,0.99103
2015,SE_TOT_GPI,Poland,LOWSEC,SKILL_READ,1.10709
2016,SE_TOT_GPI,Poland,PRIMAR,SKILL_READ,1.00816
2018,SE_TOT_GPI,Poland,LOWSEC,SKILL_READ,1.1118
2018,SE_TOT_GPI,Poland,LOWSEC,SKILL_MATH,1.01527
2019,SE_TOT_GPI,Poland,PRIMAR,SKILL_MATH,1.01734
2000,SE_TOT_GPI,Portugal,LOWSEC,SKILL_MATH,0.90845
2000,SE_TOT_GPI,Portugal,LOWSEC,SKILL_READ,1.12832
2003,SE_TOT_GPI,Portugal,LOWSEC,SKILL_READ,1.16928
2003,SE_TOT_GPI,Portugal,LOWSEC,SKILL_MATH,0.96395
2006,SE_TOT_GPI,Portugal,LOWSEC,SKILL_MATH,0.9419
2006,SE_TOT_GPI,Portugal,LOWSEC,SKILL_READ,1.13845
2009,SE_TOT_GPI,Portugal,LOWSEC,SKILL_READ,1.15598
2009,SE_TOT_GPI,Portugal,LOWSEC,SKILL_MATH,0.97272
2011,SE_TOT_GPI,Portugal,PRIMAR,SKILL_MATH,0.98994
2011,SE_TOT_GPI,Portugal,PRIMAR,SKILL_READ,1.02117
2012,SE_TOT_GPI,Portugal,LOWSEC,SKILL_READ,1.14253
2012,SE_TOT_GPI,Portugal,LOWSEC,SKILL_MATH,0.97462
2015,SE_TOT_GPI,Portugal,LOWSEC,SKILL_MATH,0.98978
2015,SE_TOT_GPI,Portugal,LOWSEC,SKILL_READ,1.07318
2015,SE_TOT_GPI,Portugal,PRIMAR,SKILL_MATH,0.96724
2016,SE_TOT_GPI,Portugal,PRIMAR,SKILL_READ,1.00507
2018,SE_TOT_GPI,Portugal,LOWSEC,SKILL_READ,1.10167
2018,SE_TOT_GPI,Portugal,LOWSEC,SKILL_MATH,1.00156
2019,SE_TOT_GPI,Portugal,PRIMAR,SKILL_MATH,1.08196
2000,SE_TOT_GPI,Romania,LOWSEC,SKILL_MATH,1.06986
2000,SE_TOT_GPI,Romania,LOWSEC,SKILL_READ,1.09168
2001,SE_TOT_GPI,Romania,PRIMAR,SKILL_READ,1.04826
2006,SE_TOT_GPI,Romania,PRIMAR,SKILL_READ,1.04419
2006,SE_TOT_GPI,Romania,LOWSEC,SKILL_READ,1.35499
2006,SE_TOT_GPI,Romania,LOWSEC,SKILL_MATH,0.92997
2009,SE_TOT_GPI,Romania,LOWSEC,SKILL_MATH,0.99267
2009,SE_TOT_GPI,Romania,LOWSEC,SKILL_READ,1.29183
2011,SE_TOT_GPI,Romania,PRIMAR,SKILL_READ,1.04518
2011,SE_TOT_GPI,Romania,PRIMAR,SKILL_MATH,1.0167
2012,SE_TOT_GPI,Romania,LOWSEC,SKILL_MATH,0.98724
2012,SE_TOT_GPI,Romania,LOWSEC,SKILL_READ,1.26036
2015,SE_TOT_GPI,Romania,LOWSEC,SKILL_READ,1.09553
2015,SE_TOT_GPI,Romania,LOWSEC,SKILL_MATH,0.99687
2018,SE_TOT_GPI,Romania,LOWSEC,SKILL_MATH,0.98044
2018,SE_TOT_GPI,Romania,LOWSEC,SKILL_READ,1.21598
2015,SE_TOT_GPI,Belgium,LOWSEC,SKILL_READ,1.06081
2015,SE_TOT_GPI,Belgium,LOWSEC,SKILL_MATH,0.97194
2018,SE_TOT_GPI,Belgium,LOWSEC,SKILL_READ,1.08403
2018,SE_TOT_GPI,Belgium,LOWSEC,SKILL_MATH,0.96677
2019,SE_TOT_GPI,Belgium,PRIMAR,SKILL_MATH,1.05249
2018,SE_TOT_GPI,Bosnia and Herzegovina,LOWSEC,SKILL_READ,1.30087
2019,SE_TOT_GPI,Bosnia and Herzegovina,PRIMAR,SKILL_MATH,1.14329
2000,SE_TOT_GPI,Bulgaria,LOWSEC,SKILL_READ,1.29208
2003,SE_TOT_GPI,Serbia,LOWSEC,SKILL_MATH,1.04094
2003,SE_TOT_GPI,Serbia,LOWSEC,SKILL_READ,1.3532
2006,SE_TOT_GPI,Serbia,LOWSEC,SKILL_READ,1.33459
2006,SE_TOT_GPI,Serbia,LOWSEC,SKILL_MATH,1.00573
2009,SE_TOT_GPI,Serbia,LOWSEC,SKILL_MATH,0.95524
2009,SE_TOT_GPI,Serbia,LOWSEC,SKILL_READ,1.25503
2011,SE_TOT_GPI,Serbia,PRIMAR,SKILL_MATH,0.97745
2012,SE_TOT_GPI,Serbia,LOWSEC,SKILL_MATH,0.95098
2000,SE_TOT_GPI,Bulgaria,LOWSEC,SKILL_MATH,1.04369
2001,SE_TOT_GPI,Bulgaria,PRIMAR,SKILL_READ,1.03467
2006,SE_TOT_GPI,Bulgaria,PRIMAR,SKILL_READ,1.03246
2006,SE_TOT_GPI,Bulgaria,LOWSEC,SKILL_MATH,1.06934
2006,SE_TOT_GPI,Bulgaria,LOWSEC,SKILL_READ,1.34497
2009,SE_TOT_GPI,Bulgaria,LOWSEC,SKILL_READ,1.32209
2009,SE_TOT_GPI,Bulgaria,LOWSEC,SKILL_MATH,1.04109
2011,SE_TOT_GPI,Bulgaria,PRIMAR,SKILL_READ,1.02644
2012,SE_TOT_GPI,Serbia,LOWSEC,SKILL_READ,1.25294
2015,SE_TOT_GPI,Serbia,PRIMAR,SKILL_MATH,1.01344
2018,SE_TOT_GPI,Serbia,LOWSEC,SKILL_MATH,1.01448
2018,SE_TOT_GPI,Serbia,LOWSEC,SKILL_READ,1.21748
2019,SE_TOT_GPI,Serbia,PRIMAR,SKILL_MATH,0.97051
2001,SE_TOT_GPI,Slovakia,PRIMAR,SKILL_READ,1.02802
2003,SE_TOT_GPI,Slovakia,LOWSEC,SKILL_MATH,0.95206
2003,SE_TOT_GPI,Slovakia,LOWSEC,SKILL_READ,1.15191
2012,SE_TOT_GPI,Bulgaria,LOWSEC,SKILL_MATH,1.04971
2012,SE_TOT_GPI,Bulgaria,LOWSEC,SKILL_READ,1.32772
2015,SE_TOT_GPI,Bulgaria,LOWSEC,SKILL_READ,1.25551
2015,SE_TOT_GPI,Bulgaria,PRIMAR,SKILL_MATH,1.02935
2015,SE_TOT_GPI,Bulgaria,LOWSEC,SKILL_MATH,1.04663
2016,SE_TOT_GPI,Bulgaria,PRIMAR,SKILL_READ,1.01655
2018,SE_TOT_GPI,Bulgaria,LOWSEC,SKILL_MATH,1.0281
2018,SE_TOT_GPI,Bulgaria,LOWSEC,SKILL_READ,1.27451
2006,SE_TOT_GPI,Slovakia,LOWSEC,SKILL_READ,1.18604
2006,SE_TOT_GPI,Slovakia,LOWSEC,SKILL_MATH,0.95175
2006,SE_TOT_GPI,Slovakia,PRIMAR,SKILL_READ,1.01415
2009,SE_TOT_GPI,Slovakia,LOWSEC,SKILL_MATH,1.00983
2009,SE_TOT_GPI,Slovakia,LOWSEC,SKILL_READ,1.22293
2011,SE_TOT_GPI,Slovakia,PRIMAR,SKILL_READ,1.00893
2012,SE_TOT_GPI,Slovakia,LOWSEC,SKILL_READ,1.18802
2012,SE_TOT_GPI,Slovakia,LOWSEC,SKILL_MATH,1.00481
2019,SE_TOT_GPI,Bulgaria,PRIMAR,SKILL_MATH,1.00745
2018,SE_TOT_GPI,Belarus,LOWSEC,SKILL_MATH,0.9906
2018,SE_TOT_GPI,Belarus,LOWSEC,SKILL_READ,1.12777
2000,SE_TOT_GPI,Canada,LOWSEC,SKILL_MATH,0.99341
2000,SE_TOT_GPI,Canada,LOWSEC,SKILL_READ,1.071
2001,SE_TOT_GPI,Canada,PRIMAR,SKILL_READ,1.02002
2003,SE_TOT_GPI,Canada,LOWSEC,SKILL_MATH,1.00905
2003,SE_TOT_GPI,Canada,LOWSEC,SKILL_READ,1.08238
2015,SE_TOT_GPI,Slovakia,LOWSEC,SKILL_MATH,0.99552
2015,SE_TOT_GPI,Slovakia,LOWSEC,SKILL_READ,1.17735
2016,SE_TOT_GPI,Slovakia,PRIMAR,SKILL_READ,1.01435
2018,SE_TOT_GPI,Slovakia,LOWSEC,SKILL_MATH,1.00745
2018,SE_TOT_GPI,Slovakia,LOWSEC,SKILL_READ,1.18313
2019,SE_TOT_GPI,Slovakia,PRIMAR,SKILL_MATH,1.05024
2015,SE_TOT_GPI,Viet Nam,LOWSEC,SKILL_MATH,1.03992
2015,SE_TOT_GPI,Viet Nam,LOWSEC,SKILL_READ,1.1122
2019,SE_TOT_GPI,Viet Nam,PRIMAR,SKILL_READ,1.05344
2019,SE_TOT_GPI,Viet Nam,PRIMAR,SKILL_MATH,1.00327
2001,SE_TOT_GPI,Slovenia,PRIMAR,SKILL_READ,1.05529
2003,SE_TOT_GPI,Slovenia,PRIMAR,SKILL_MATH,0.97007
2006,SE_TOT_GPI,Slovenia,LOWSEC,SKILL_MATH,0.98589
2006,SE_TOT_GPI,Slovenia,PRIMAR,SKILL_READ,1.03775
2006,SE_TOT_GPI,Slovenia,LOWSEC,SKILL_READ,1.18884
2007,SE_TOT_GPI,Slovenia,PRIMAR,SKILL_MATH,0.98114
2009,SE_TOT_GPI,Slovenia,LOWSEC,SKILL_MATH,1.01359
2009,SE_TOT_GPI,Slovenia,LOWSEC,SKILL_READ,1.23009
2011,SE_TOT_GPI,Slovenia,PRIMAR,SKILL_READ,1.02661
2011,SE_TOT_GPI,Slovenia,PRIMAR,SKILL_MATH,0.95243
2012,SE_TOT_GPI,Slovenia,LOWSEC,SKILL_MATH,1.00711
2012,SE_TOT_GPI,Slovenia,LOWSEC,SKILL_READ,1.21762
2015,SE_TOT_GPI,Slovenia,LOWSEC,SKILL_READ,1.1323
2015,SE_TOT_GPI,Slovenia,LOWSEC,SKILL_MATH,1.00062
2006,SE_TOT_GPI,Canada,LOWSEC,SKILL_READ,1.07646
2006,SE_TOT_GPI,Canada,LOWSEC,SKILL_MATH,0.98885
2009,SE_TOT_GPI,Canada,LOWSEC,SKILL_MATH,0.98676
2009,SE_TOT_GPI,Canada,LOWSEC,SKILL_READ,1.08962
2011,SE_TOT_GPI,Canada,PRIMAR,SKILL_READ,1.00923
2012,SE_TOT_GPI,Canada,LOWSEC,SKILL_MATH,0.99007
2012,SE_TOT_GPI,Canada,LOWSEC,SKILL_READ,1.09187
2015,SE_TOT_GPI,Canada,LOWSEC,SKILL_READ,1.06857
2015,SE_TOT_GPI,Slovenia,PRIMAR,SKILL_MATH,0.99986
2016,SE_TOT_GPI,Slovenia,PRIMAR,SKILL_READ,1.02212
2018,SE_TOT_GPI,Slovenia,LOWSEC,SKILL_READ,1.15535
2018,SE_TOT_GPI,Slovenia,LOWSEC,SKILL_MATH,1.01448
2000,SE_TOT_GPI,Spain,LOWSEC,SKILL_MATH,0.95136
2000,SE_TOT_GPI,Spain,LOWSEC,SKILL_READ,1.10042
2003,SE_TOT_GPI,Spain,LOWSEC,SKILL_READ,1.15621
2003,SE_TOT_GPI,Spain,LOWSEC,SKILL_MATH,0.98787
2006,SE_TOT_GPI,Spain,LOWSEC,SKILL_READ,1.16488
2006,SE_TOT_GPI,Spain,PRIMAR,SKILL_READ,1.0042
2006,SE_TOT_GPI,Spain,LOWSEC,SKILL_MATH,0.99141
2009,SE_TOT_GPI,Spain,LOWSEC,SKILL_READ,1.11527
2009,SE_TOT_GPI,Spain,LOWSEC,SKILL_MATH,0.94044
2011,SE_TOT_GPI,Spain,PRIMAR,SKILL_READ,1.01843
2011,SE_TOT_GPI,Spain,PRIMAR,SKILL_MATH,0.89911
2012,SE_TOT_GPI,Spain,LOWSEC,SKILL_READ,1.11844
2015,SE_TOT_GPI,Canada,PRIMAR,SKILL_MATH,0.95455
2015,SE_TOT_GPI,Canada,LOWSEC,SKILL_MATH,0.99218
2016,SE_TOT_GPI,Canada,PRIMAR,SKILL_READ,1.01093
2018,SE_TOT_GPI,Canada,LOWSEC,SKILL_MATH,1.00325
2018,SE_TOT_GPI,Canada,LOWSEC,SKILL_READ,1.09091
2019,SE_TOT_GPI,Canada,PRIMAR,SKILL_MATH,1.10696
2000,SE_TOT_GPI,Chile,LOWSEC,SKILL_READ,1.18082
2003,SE_TOT_GPI,Chile,LOWSEC,SKILL_MATH,0.68732
2012,SE_TOT_GPI,Spain,LOWSEC,SKILL_MATH,0.96185
2015,SE_TOT_GPI,Spain,PRIMAR,SKILL_MATH,0.92731
2015,SE_TOT_GPI,Spain,LOWSEC,SKILL_MATH,0.95512
2015,SE_TOT_GPI,Spain,LOWSEC,SKILL_READ,1.07792
2016,SE_TOT_GPI,Spain,PRIMAR,SKILL_READ,1.01942
2018,SE_TOT_GPI,Spain,LOWSEC,SKILL_MATH,0.99655
2019,SE_TOT_GPI,Spain,PRIMAR,SKILL_MATH,1.08065
2000,SE_TOT_GPI,Sweden,LOWSEC,SKILL_READ,1.09804
2006,SE_TOT_GPI,Chile,PRIMAR,SKILL_MATH,0.92883
2006,SE_TOT_GPI,Chile,PRIMAR,SKILL_READ,1.03424
2006,SE_TOT_GPI,Chile,GRAD23,SKILL_READ,1.01402
2006,SE_TOT_GPI,Chile,GRAD23,SKILL_MATH,0.96081
2006,SE_TOT_GPI,Chile,LOWSEC,SKILL_READ,1.11464
2009,SE_TOT_GPI,Chile,LOWSEC,SKILL_READ,1.1504
2011,SE_TOT_GPI,Chile,LOWSEC,SKILL_MATH,0.83878
2012,SE_TOT_GPI,Chile,LOWSEC,SKILL_READ,1.16573
2000,SE_TOT_GPI,Sweden,LOWSEC,SKILL_MATH,0.98905
2001,SE_TOT_GPI,Sweden,PRIMAR,SKILL_READ,1.01386
2003,SE_TOT_GPI,Sweden,LOWSEC,SKILL_MATH,0.98524
2003,SE_TOT_GPI,Sweden,LOWSEC,SKILL_READ,1.09802
2006,SE_TOT_GPI,Sweden,LOWSEC,SKILL_READ,1.12161
2006,SE_TOT_GPI,Sweden,LOWSEC,SKILL_MATH,0.99086
2006,SE_TOT_GPI,Sweden,PRIMAR,SKILL_READ,1.00991
2007,SE_TOT_GPI,Sweden,PRIMAR,SKILL_MATH,0.96347
2015,SE_TOT_GPI,Chile,LOWSEC,SKILL_READ,1.07146
2015,SE_TOT_GPI,Chile,LOWSEC,SKILL_MATH,0.73733
2018,SE_TOT_GPI,Chile,LOWSEC,SKILL_READ,1.13182
2019,SE_TOT_GPI,Chile,LOWSEC,SKILL_MATH,0.88365
2006,SE_TOT_GPI,Colombia,GRAD23,SKILL_READ,1.04509
2006,SE_TOT_GPI,Colombia,LOWSEC,SKILL_READ,1.10361
2006,SE_TOT_GPI,Colombia,GRAD23,SKILL_MATH,0.94792
2006,SE_TOT_GPI,Colombia,LOWSEC,SKILL_MATH,0.7009
2009,SE_TOT_GPI,Sweden,LOWSEC,SKILL_MATH,1.00757
2009,SE_TOT_GPI,Sweden,LOWSEC,SKILL_READ,1.15294
2011,SE_TOT_GPI,Sweden,PRIMAR,SKILL_MATH,0.97486
2011,SE_TOT_GPI,Sweden,PRIMAR,SKILL_READ,1.00868
2012,SE_TOT_GPI,Sweden,LOWSEC,SKILL_MATH,1.02985
2012,SE_TOT_GPI,Sweden,LOWSEC,SKILL_READ,1.20198
2015,SE_TOT_GPI,Sweden,LOWSEC,SKILL_READ,1.13939
2015,SE_TOT_GPI,Sweden,LOWSEC,SKILL_MATH,1.02959
2015,SE_TOT_GPI,Sweden,PRIMAR,SKILL_MATH,1.0017
2016,SE_TOT_GPI,Sweden,PRIMAR,SKILL_READ,1.01244
2018,SE_TOT_GPI,Sweden,LOWSEC,SKILL_MATH,1.01687
2018,SE_TOT_GPI,Sweden,LOWSEC,SKILL_READ,1.11139
2019,SE_TOT_GPI,Sweden,PRIMAR,SKILL_MATH,1.04847
2015,SE_TOT_GPI,Switzerland,LOWSEC,SKILL_MATH,0.99363
2015,SE_TOT_GPI,Switzerland,LOWSEC,SKILL_READ,1.10934
2018,SE_TOT_GPI,Switzerland,LOWSEC,SKILL_READ,1.12091
2006,SE_TOT_GPI,Colombia,PRIMAR,SKILL_READ,0.96501
2006,SE_TOT_GPI,Colombia,PRIMAR,SKILL_MATH,0.8115
2009,SE_TOT_GPI,Colombia,LOWSEC,SKILL_MATH,0.59318
2009,SE_TOT_GPI,Colombia,LOWSEC,SKILL_READ,1.08335
2012,SE_TOT_GPI,Colombia,LOWSEC,SKILL_READ,1.18946
2012,SE_TOT_GPI,Colombia,LOWSEC,SKILL_MATH,0.62523
2015,SE_TOT_GPI,Colombia,LOWSEC,SKILL_MATH,0.83072
2015,SE_TOT_GPI,Colombia,LOWSEC,SKILL_READ,1.10926
2018,SE_TOT_GPI,Colombia,LOWSEC,SKILL_READ,1.0744
2018,SE_TOT_GPI,Colombia,LOWSEC,SKILL_MATH,0.74917
2019,SE_TOT_GPI,Colombia,GRAD23,SKILL_MATH,0.94504
2019,SE_TOT_GPI,Colombia,GRAD23,SKILL_READ,1.1302
2019,SE_TOT_GPI,Colombia,PRIMAR,SKILL_MATH,0.86702
2019,SE_TOT_GPI,Colombia,PRIMAR,SKILL_READ,1.10691
2006,SE_TOT_GPI,Costa Rica,PRIMAR,SKILL_MATH,0.86336
2006,SE_TOT_GPI,Costa Rica,GRAD23,SKILL_READ,1.02081
2018,SE_TOT_GPI,Switzerland,LOWSEC,SKILL_MATH,0.98549
2009,SE_TOT_GPI,United Arab Emirates,LOWSEC,SKILL_READ,1.3562
2011,SE_TOT_GPI,United Arab Emirates,PRIMAR,SKILL_READ,1.17078
2011,SE_TOT_GPI,United Arab Emirates,PRIMAR,SKILL_MATH,0.99553
2011,SE_TOT_GPI,United Arab Emirates,LOWSEC,SKILL_MATH,1.11095
2012,SE_TOT_GPI,United Arab Emirates,LOWSEC,SKILL_READ,1.33234
2015,SE_TOT_GPI,United Arab Emirates,LOWSEC,SKILL_READ,1.31361
2015,SE_TOT_GPI,United Arab Emirates,PRIMAR,SKILL_MATH,1.0044
2006,SE_TOT_GPI,Costa Rica,GRAD23,SKILL_MATH,0.9439
2006,SE_TOT_GPI,Costa Rica,PRIMAR,SKILL_READ,1.00079
2009,SE_TOT_GPI,Costa Rica,LOWSEC,SKILL_MATH,0.71381
2009,SE_TOT_GPI,Costa Rica,LOWSEC,SKILL_READ,1.12397
2012,SE_TOT_GPI,Costa Rica,LOWSEC,SKILL_READ,1.18626
2012,SE_TOT_GPI,Costa Rica,LOWSEC,SKILL_MATH,0.69962
2015,SE_TOT_GPI,Costa Rica,LOWSEC,SKILL_MATH,0.76086
2015,SE_TOT_GPI,Costa Rica,LOWSEC,SKILL_READ,1.11621
2015,SE_TOT_GPI,United Arab Emirates,LOWSEC,SKILL_MATH,1.07219
2016,SE_TOT_GPI,United Arab Emirates,PRIMAR,SKILL_READ,1.16676
2018,SE_TOT_GPI,United Arab Emirates,LOWSEC,SKILL_READ,1.32836
2019,SE_TOT_GPI,United Arab Emirates,LOWSEC,SKILL_MATH,1.03074
2019,SE_TOT_GPI,United Arab Emirates,PRIMAR,SKILL_MATH,1.06339
2001,SE_TOT_GPI,Türkiye,PRIMAR,SKILL_READ,1.10832
2003,SE_TOT_GPI,Türkiye,LOWSEC,SKILL_READ,1.22536
2006,SE_TOT_GPI,Türkiye,LOWSEC,SKILL_READ,1.24844
2018,SE_TOT_GPI,Costa Rica,LOWSEC,SKILL_READ,1.1073
2018,SE_TOT_GPI,Costa Rica,LOWSEC,SKILL_MATH,0.79525
2019,SE_TOT_GPI,Costa Rica,PRIMAR,SKILL_READ,1.09191
2019,SE_TOT_GPI,Costa Rica,GRAD23,SKILL_READ,1.07115
2019,SE_TOT_GPI,Costa Rica,PRIMAR,SKILL_MATH,0.83869
2019,SE_TOT_GPI,Costa Rica,GRAD23,SKILL_MATH,0.93462
2006,SE_TOT_GPI,Croatia,LOWSEC,SKILL_READ,1.20481
2006,SE_TOT_GPI,Croatia,LOWSEC,SKILL_MATH,0.94977
2007,SE_TOT_GPI,Türkiye,LOWSEC,SKILL_MATH,1.01423
2009,SE_TOT_GPI,Türkiye,LOWSEC,SKILL_READ,1.21713
2011,SE_TOT_GPI,Türkiye,PRIMAR,SKILL_MATH,0.99085
2011,SE_TOT_GPI,Türkiye,LOWSEC,SKILL_MATH,1.05461
2012,SE_TOT_GPI,Türkiye,LOWSEC,SKILL_READ,1.21325
2015,SE_TOT_GPI,Türkiye,LOWSEC,SKILL_READ,1.18456
2015,SE_TOT_GPI,Türkiye,PRIMAR,SKILL_MATH,0.97558
2015,SE_TOT_GPI,Türkiye,LOWSEC,SKILL_MATH,1.04636
2009,SE_TOT_GPI,Croatia,LOWSEC,SKILL_MATH,0.95892
2009,SE_TOT_GPI,Croatia,LOWSEC,SKILL_READ,1.21367
2011,SE_TOT_GPI,Croatia,PRIMAR,SKILL_MATH,0.89935
2011,SE_TOT_GPI,Croatia,PRIMAR,SKILL_READ,1.00864
2012,SE_TOT_GPI,Croatia,LOWSEC,SKILL_MATH,0.96979
2012,SE_TOT_GPI,Croatia,LOWSEC,SKILL_READ,1.20033
2015,SE_TOT_GPI,Croatia,LOWSEC,SKILL_READ,1.11557
2015,SE_TOT_GPI,Croatia,PRIMAR,SKILL_MATH,0.92205
2018,SE_TOT_GPI,Türkiye,LOWSEC,SKILL_READ,1.13816
2019,SE_TOT_GPI,Türkiye,LOWSEC,SKILL_MATH,1.09008
2019,SE_TOT_GPI,Türkiye,PRIMAR,SKILL_MATH,1.00382
2007,SE_TOT_GPI,Ukraine,PRIMAR,SKILL_MATH,0.972
2018,SE_TOT_GPI,Ukraine,LOWSEC,SKILL_READ,1.16493
2000,SE_TOT_GPI,North Macedonia,LOWSEC,SKILL_MATH,0.99804
2000,SE_TOT_GPI,North Macedonia,LOWSEC,SKILL_READ,1.42236
2001,SE_TOT_GPI,North Macedonia,PRIMAR,SKILL_READ,1.0909
2015,SE_TOT_GPI,Croatia,LOWSEC,SKILL_MATH,0.94382
2018,SE_TOT_GPI,Croatia,LOWSEC,SKILL_MATH,0.97934
2018,SE_TOT_GPI,Croatia,LOWSEC,SKILL_READ,1.15528
2019,SE_TOT_GPI,Croatia,PRIMAR,SKILL_MATH,1.0722
2001,SE_TOT_GPI,Cyprus,PRIMAR,SKILL_READ,1.07247
2003,SE_TOT_GPI,Cyprus,PRIMAR,SKILL_MATH,0.95659
2015,SE_TOT_GPI,Cyprus,PRIMAR,SKILL_MATH,0.98768
2018,SE_TOT_GPI,Cyprus,LOWSEC,SKILL_READ,1.31993
2006,SE_TOT_GPI,North Macedonia,PRIMAR,SKILL_READ,1.11081
2015,SE_TOT_GPI,North Macedonia,LOWSEC,SKILL_MATH,1.05997
2015,SE_TOT_GPI,North Macedonia,LOWSEC,SKILL_READ,1.41836
2018,SE_TOT_GPI,North Macedonia,LOWSEC,SKILL_READ,1.40544
2018,SE_TOT_GPI,North Macedonia,LOWSEC,SKILL_MATH,1.08705
2019,SE_TOT_GPI,North Macedonia,PRIMAR,SKILL_MATH,0.94849
2015,SE_TOT_GPI,United Kingdom of Great Britain and Northern Ireland,LOWSEC,SKILL_MATH,0.96707
2015,SE_TOT_GPI,United Kingdom of Great Britain and Northern Ireland,LOWSEC,SKILL_READ,1.07092
2019,SE_TOT_GPI,Cyprus,PRIMAR,SKILL_MATH,1.08267
2000,SE_TOT_GPI,Czechia,LOWSEC,SKILL_READ,1.13608
2000,SE_TOT_GPI,Czechia,LOWSEC,SKILL_MATH,0.99948
2001,SE_TOT_GPI,Czechia,PRIMAR,SKILL_READ,1.01442
2003,SE_TOT_GPI,Czechia,LOWSEC,SKILL_MATH,0.96548
2003,SE_TOT_GPI,Czechia,LOWSEC,SKILL_READ,1.10056
2006,SE_TOT_GPI,Czechia,LOWSEC,SKILL_READ,1.16751
2006,SE_TOT_GPI,Czechia,LOWSEC,SKILL_MATH,0.95619
2007,SE_TOT_GPI,Czechia,PRIMAR,SKILL_MATH,0.9599
2009,SE_TOT_GPI,Czechia,LOWSEC,SKILL_MATH,0.98111
2009,SE_TOT_GPI,Czechia,LOWSEC,SKILL_READ,1.19237
2011,SE_TOT_GPI,Czechia,PRIMAR,SKILL_MATH,0.93428
2011,SE_TOT_GPI,Czechia,PRIMAR,SKILL_READ,1.00649
2012,SE_TOT_GPI,Czechia,LOWSEC,SKILL_READ,1.13648
2012,SE_TOT_GPI,Czechia,LOWSEC,SKILL_MATH,0.95726
2015,SE_TOT_GPI,Czechia,LOWSEC,SKILL_MATH,1.01022
2015,SE_TOT_GPI,Czechia,LOWSEC,SKILL_READ,1.11882
2015,SE_TOT_GPI,Czechia,PRIMAR,SKILL_MATH,0.97448
2016,SE_TOT_GPI,Czechia,PRIMAR,SKILL_READ,1.01878
2018,SE_TOT_GPI,Czechia,LOWSEC,SKILL_READ,1.1332
2018,SE_TOT_GPI,Czechia,LOWSEC,SKILL_MATH,1.01061
2019,SE_TOT_GPI,Czechia,PRIMAR,SKILL_MATH,1.04711
2000,SE_TOT_GPI,Denmark,LOWSEC,SKILL_READ,1.09706
2000,SE_TOT_GPI,Denmark,LOWSEC,SKILL_MATH,0.98073
2003,SE_TOT_GPI,Denmark,LOWSEC,SKILL_MATH,0.9536
2003,SE_TOT_GPI,Denmark,LOWSEC,SKILL_READ,1.08912
2006,SE_TOT_GPI,Denmark,LOWSEC,SKILL_READ,1.10538
2006,SE_TOT_GPI,Denmark,LOWSEC,SKILL_MATH,0.96463
2006,SE_TOT_GPI,Denmark,GRAD23,SKILL_READ,1.01359
2007,SE_TOT_GPI,Denmark,GRAD23,SKILL_MATH,0.97218
2009,SE_TOT_GPI,Denmark,LOWSEC,SKILL_MATH,0.94446
2009,SE_TOT_GPI,Denmark,LOWSEC,SKILL_READ,1.08551
2011,SE_TOT_GPI,Denmark,GRAD23,SKILL_READ,1.00468
2011,SE_TOT_GPI,Denmark,GRAD23,SKILL_MATH,0.98265
2012,SE_TOT_GPI,Denmark,LOWSEC,SKILL_MATH,0.95912
2012,SE_TOT_GPI,Denmark,LOWSEC,SKILL_READ,1.10119
2015,SE_TOT_GPI,Denmark,LOWSEC,SKILL_READ,1.06696
2015,SE_TOT_GPI,Denmark,LOWSEC,SKILL_MATH,0.98452
2015,SE_TOT_GPI,Denmark,GRAD23,SKILL_MATH,0.97182
2016,SE_TOT_GPI,Denmark,GRAD23,SKILL_READ,1.0039
2018,SE_TOT_GPI,Denmark,LOWSEC,SKILL_MATH,1.00721
2018,SE_TOT_GPI,Denmark,LOWSEC,SKILL_READ,1.11048
2019,SE_TOT_GPI,Denmark,GRAD23,SKILL_MATH,1.01507
2015,SE_TOT_GPI,Estonia,LOWSEC,SKILL_READ,1.07863
2015,SE_TOT_GPI,Estonia,LOWSEC,SKILL_MATH,1.01896
2018,SE_TOT_GPI,Estonia,LOWSEC,SKILL_READ,1.07383
2018,SE_TOT_GPI,Estonia,LOWSEC,SKILL_MATH,0.99792
2000,SE_TOT_GPI,Finland,LOWSEC,SKILL_MATH,1.00714
2000,SE_TOT_GPI,Finland,LOWSEC,SKILL_READ,1.08065
2003,SE_TOT_GPI,Finland,LOWSEC,SKILL_READ,1.06783
2003,SE_TOT_GPI,Finland,LOWSEC,SKILL_MATH,1.01173
2006,SE_TOT_GPI,Finland,LOWSEC,SKILL_MATH,1.00021
2006,SE_TOT_GPI,Finland,LOWSEC,SKILL_READ,1.06673
2009,SE_TOT_GPI,Finland,LOWSEC,SKILL_READ,1.10124
2009,SE_TOT_GPI,Finland,LOWSEC,SKILL_MATH,1.00681
2011,SE_TOT_GPI,Finland,PRIMAR,SKILL_MATH,0.99192
2011,SE_TOT_GPI,Finland,PRIMAR,SKILL_READ,1.00588
2012,SE_TOT_GPI,Finland,LOWSEC,SKILL_MATH,1.04084
2012,SE_TOT_GPI,Finland,LOWSEC,SKILL_READ,1.13774
2015,SE_TOT_GPI,Finland,LOWSEC,SKILL_MATH,1.05063
2015,SE_TOT_GPI,Finland,LOWSEC,SKILL_READ,1.11027
2015,SE_TOT_GPI,Finland,PRIMAR,SKILL_MATH,1.06759
2016,SE_TOT_GPI,Finland,PRIMAR,SKILL_READ,1.01289
2018,SE_TOT_GPI,Finland,LOWSEC,SKILL_READ,1.13317
2018,SE_TOT_GPI,Finland,LOWSEC,SKILL_MATH,1.04338
2019,SE_TOT_GPI,Finland,PRIMAR,SKILL_MATH,1.0054
2000,SE_TOT_GPI,France,LOWSEC,SKILL_MATH,0.98599
2000,SE_TOT_GPI,France,LOWSEC,SKILL_READ,1.10525
2001,SE_TOT_GPI,France,PRIMAR,SKILL_READ,1.02548
2003,SE_TOT_GPI,France,LOWSEC,SKILL_MATH,1.00347
2003,SE_TOT_GPI,France,LOWSEC,SKILL_READ,1.12971
2006,SE_TOT_GPI,France,LOWSEC,SKILL_READ,1.12898
2006,SE_TOT_GPI,France,LOWSEC,SKILL_MATH,0.99679
2006,SE_TOT_GPI,France,PRIMAR,SKILL_READ,1.02042
2009,SE_TOT_GPI,France,LOWSEC,SKILL_MATH,0.97755
2009,SE_TOT_GPI,France,LOWSEC,SKILL_READ,1.13417
2011,SE_TOT_GPI,France,PRIMAR,SKILL_READ,0.99778
2012,SE_TOT_GPI,France,LOWSEC,SKILL_READ,1.14629
2012,SE_TOT_GPI,France,LOWSEC,SKILL_MATH,0.99987
2015,SE_TOT_GPI,France,LOWSEC,SKILL_MATH,1.0093
2015,SE_TOT_GPI,France,LOWSEC,SKILL_READ,1.11075
2015,SE_TOT_GPI,France,PRIMAR,SKILL_MATH,0.96636
2016,SE_TOT_GPI,France,PRIMAR,SKILL_READ,1.01988
2018,SE_TOT_GPI,France,LOWSEC,SKILL_MATH,0.99879
2018,SE_TOT_GPI,France,LOWSEC,SKILL_READ,1.10902
2019,SE_TOT_GPI,France,PRIMAR,SKILL_MATH,1.08721
2006,SE_TOT_GPI,Georgia,PRIMAR,SKILL_READ,1.07708
2007,SE_TOT_GPI,Georgia,PRIMAR,SKILL_MATH,1.01455
2009,SE_TOT_GPI,Georgia,LOWSEC,SKILL_READ,1.47433
2009,SE_TOT_GPI,Georgia,LOWSEC,SKILL_MATH,1.02337
2011,SE_TOT_GPI,Georgia,PRIMAR,SKILL_MATH,1.03859
2011,SE_TOT_GPI,Georgia,PRIMAR,SKILL_READ,1.07158
2015,SE_TOT_GPI,Georgia,LOWSEC,SKILL_READ,1.39057
2015,SE_TOT_GPI,Georgia,LOWSEC,SKILL_MATH,1.12899
2015,SE_TOT_GPI,Georgia,PRIMAR,SKILL_MATH,1.02121
2016,SE_TOT_GPI,Georgia,PRIMAR,SKILL_READ,1.07182
2018,SE_TOT_GPI,Georgia,LOWSEC,SKILL_MATH,1.03718
2018,SE_TOT_GPI,Georgia,LOWSEC,SKILL_READ,1.36514
2019,SE_TOT_GPI,Georgia,PRIMAR,SKILL_MATH,1.05775
2000,SE_TOT_GPI,Germany,LOWSEC,SKILL_READ,1.10266
2000,SE_TOT_GPI,Germany,LOWSEC,SKILL_MATH,0.97393
2001,SE_TOT_GPI,Germany,PRIMAR,SKILL_READ,1.00822
2003,SE_TOT_GPI,Germany,LOWSEC,SKILL_MATH,1.00025
2003,SE_TOT_GPI,Germany,LOWSEC,SKILL_READ,1.14071
2006,SE_TOT_GPI,Germany,LOWSEC,SKILL_READ,1.13202
2006,SE_TOT_GPI,Germany,LOWSEC,SKILL_MATH,0.94782
2006,SE_TOT_GPI,Germany,PRIMAR,SKILL_READ,1.00493
2007,SE_TOT_GPI,Germany,PRIMAR,SKILL_MATH,0.93987
2009,SE_TOT_GPI,Germany,LOWSEC,SKILL_MATH,0.96379
2009,SE_TOT_GPI,Germany,LOWSEC,SKILL_READ,1.12975
2011,SE_TOT_GPI,Germany,PRIMAR,SKILL_MATH,0.96686
2011,SE_TOT_GPI,Germany,PRIMAR,SKILL_READ,1.0082
2012,SE_TOT_GPI,Germany,LOWSEC,SKILL_READ,1.12567
2012,SE_TOT_GPI,Germany,LOWSEC,SKILL_MATH,0.97704
2015,SE_TOT_GPI,Germany,LOWSEC,SKILL_MATH,0.95061
2015,SE_TOT_GPI,Germany,LOWSEC,SKILL_READ,1.06018
2015,SE_TOT_GPI,Germany,PRIMAR,SKILL_MATH,0.98307
2016,SE_TOT_GPI,Germany,PRIMAR,SKILL_READ,1.01431
2018,SE_TOT_GPI,Germany,LOWSEC,SKILL_READ,1.09581
2018,SE_TOT_GPI,Germany,LOWSEC,SKILL_MATH,1.00221
2019,SE_TOT_GPI,Germany,PRIMAR,SKILL_MATH,1.06145
2000,SE_TOT_GPI,Greece,LOWSEC,SKILL_MATH,0.99465
2000,SE_TOT_GPI,Greece,LOWSEC,SKILL_READ,1.16
2001,SE_TOT_GPI,Greece,PRIMAR,SKILL_READ,1.05217
2003,SE_TOT_GPI,Greece,LOWSEC,SKILL_READ,1.17257
2003,SE_TOT_GPI,Greece,LOWSEC,SKILL_MATH,0.90412
2006,SE_TOT_GPI,Greece,LOWSEC,SKILL_MATH,1.0119
2006,SE_TOT_GPI,Greece,LOWSEC,SKILL_READ,1.26326
2009,SE_TOT_GPI,Greece,LOWSEC,SKILL_READ,1.19014
2009,SE_TOT_GPI,Greece,LOWSEC,SKILL_MATH,0.94952
2012,SE_TOT_GPI,Greece,LOWSEC,SKILL_MATH,0.96337
2012,SE_TOT_GPI,Greece,LOWSEC,SKILL_READ,1.2178
2015,SE_TOT_GPI,Greece,LOWSEC,SKILL_MATH,1.03488
2015,SE_TOT_GPI,Greece,LOWSEC,SKILL_READ,1.18531
2018,SE_TOT_GPI,Greece,LOWSEC,SKILL_MATH,1.03665
2018,SE_TOT_GPI,Greece,LOWSEC,SKILL_READ,1.22388
2000,SE_TOT_GPI,Hungary,LOWSEC,SKILL_READ,1.11306
2001,SE_TOT_GPI,Hungary,PRIMAR,SKILL_READ,1.0207
2003,SE_TOT_GPI,Hungary,LOWSEC,SKILL_MATH,0.99193
2003,SE_TOT_GPI,Hungary,PRIMAR,SKILL_MATH,1.00578
2003,SE_TOT_GPI,Hungary,LOWSEC,SKILL_READ,1.12472
2006,SE_TOT_GPI,Hungary,LOWSEC,SKILL_READ,1.16248
2006,SE_TOT_GPI,Hungary,PRIMAR,SKILL_READ,1.00556
2007,SE_TOT_GPI,Hungary,PRIMAR,SKILL_MATH,0.97457
2007,SE_TOT_GPI,Hungary,LOWSEC,SKILL_MATH,1.02118
2009,SE_TOT_GPI,Hungary,LOWSEC,SKILL_READ,1.13854
2011,SE_TOT_GPI,Hungary,LOWSEC,SKILL_MATH,0.97822
2011,SE_TOT_GPI,Hungary,PRIMAR,SKILL_MATH,1.00721
2011,SE_TOT_GPI,Hungary,PRIMAR,SKILL_READ,1.02415
2012,SE_TOT_GPI,Hungary,LOWSEC,SKILL_READ,1.15948
2015,SE_TOT_GPI,Hungary,LOWSEC,SKILL_READ,1.11483
2015,SE_TOT_GPI,Hungary,PRIMAR,SKILL_MATH,0.99067
2015,SE_TOT_GPI,Hungary,LOWSEC,SKILL_MATH,0.94753
2016,SE_TOT_GPI,Hungary,PRIMAR,SKILL_READ,1.01231
2018,SE_TOT_GPI,Hungary,LOWSEC,SKILL_READ,1.12027
2019,SE_TOT_GPI,Hungary,LOWSEC,SKILL_MATH,0.94801
2019,SE_TOT_GPI,Hungary,PRIMAR,SKILL_MATH,1.05039
2000,SE_TOT_GPI,Iceland,LOWSEC,SKILL_MATH,1.02388
2000,SE_TOT_GPI,Iceland,LOWSEC,SKILL_READ,1.13071
2001,SE_TOT_GPI,Iceland,GRAD23,SKILL_READ,1.05184
2003,SE_TOT_GPI,Iceland,LOWSEC,SKILL_MATH,1.07607
2003,SE_TOT_GPI,Iceland,LOWSEC,SKILL_READ,1.1922
2006,SE_TOT_GPI,Iceland,GRAD23,SKILL_READ,1.04892
2006,SE_TOT_GPI,Iceland,LOWSEC,SKILL_READ,1.18016
2006,SE_TOT_GPI,Iceland,LOWSEC,SKILL_MATH,1.03646
2009,SE_TOT_GPI,Iceland,LOWSEC,SKILL_MATH,1.02192
2009,SE_TOT_GPI,Iceland,LOWSEC,SKILL_READ,1.1547
2012,SE_TOT_GPI,Iceland,LOWSEC,SKILL_READ,1.20184
2012,SE_TOT_GPI,Iceland,LOWSEC,SKILL_MATH,1.04395
2015,SE_TOT_GPI,Iceland,LOWSEC,SKILL_MATH,1.02099
2015,SE_TOT_GPI,Iceland,LOWSEC,SKILL_READ,1.15673
2018,SE_TOT_GPI,Iceland,LOWSEC,SKILL_READ,1.19017
2018,SE_TOT_GPI,Iceland,LOWSEC,SKILL_MATH,1.06588
2000,SE_TOT_GPI,Ireland,LOWSEC,SKILL_MATH,0.98512
2000,SE_TOT_GPI,Ireland,LOWSEC,SKILL_READ,1.0569
2003,SE_TOT_GPI,Ireland,LOWSEC,SKILL_READ,1.07182
2003,SE_TOT_GPI,Ireland,LOWSEC,SKILL_MATH,0.95614
2006,SE_TOT_GPI,Ireland,LOWSEC,SKILL_READ,1.09688
2006,SE_TOT_GPI,Ireland,LOWSEC,SKILL_MATH,0.97741
2009,SE_TOT_GPI,Ireland,LOWSEC,SKILL_READ,1.13404
2009,SE_TOT_GPI,Ireland,LOWSEC,SKILL_MATH,0.99433
2011,SE_TOT_GPI,Ireland,GRAD23,SKILL_READ,1.01608
2011,SE_TOT_GPI,Ireland,GRAD23,SKILL_MATH,0.98895
2012,SE_TOT_GPI,Ireland,LOWSEC,SKILL_MATH,0.95897
2012,SE_TOT_GPI,Ireland,LOWSEC,SKILL_READ,1.07408
2015,SE_TOT_GPI,Ireland,GRAD23,SKILL_MATH,1.00423
2015,SE_TOT_GPI,Ireland,LOWSEC,SKILL_READ,1.04618
2015,SE_TOT_GPI,Ireland,LOWSEC,SKILL_MATH,0.98019
2016,SE_TOT_GPI,Ireland,GRAD23,SKILL_READ,1.00556
2018,SE_TOT_GPI,Ireland,LOWSEC,SKILL_MATH,0.99965
2018,SE_TOT_GPI,Ireland,LOWSEC,SKILL_READ,1.07177
2019,SE_TOT_GPI,Ireland,GRAD23,SKILL_MATH,1.01919
2000,SE_TOT_GPI,Israel,LOWSEC,SKILL_MATH,0.96179
2000,SE_TOT_GPI,Israel,LOWSEC,SKILL_READ,1.08511
2001,SE_TOT_GPI,Israel,PRIMAR,SKILL_READ,1.05764
2006,SE_TOT_GPI,Israel,LOWSEC,SKILL_READ,1.22643
2006,SE_TOT_GPI,Israel,PRIMAR,SKILL_READ,1.03971
2006,SE_TOT_GPI,Israel,LOWSEC,SKILL_MATH,0.93984
2009,SE_TOT_GPI,Israel,LOWSEC,SKILL_READ,1.18312
2009,SE_TOT_GPI,Israel,LOWSEC,SKILL_MATH,0.99637
2011,SE_TOT_GPI,Israel,PRIMAR,SKILL_READ,1.0275
2012,SE_TOT_GPI,Israel,LOWSEC,SKILL_MATH,1.00375
2012,SE_TOT_GPI,Israel,LOWSEC,SKILL_READ,1.20222
2015,SE_TOT_GPI,Israel,LOWSEC,SKILL_READ,1.12587
2015,SE_TOT_GPI,Israel,LOWSEC,SKILL_MATH,1.00313
2016,SE_TOT_GPI,Israel,PRIMAR,SKILL_READ,1.05016
2018,SE_TOT_GPI,Israel,LOWSEC,SKILL_READ,1.22369
2018,SE_TOT_GPI,Israel,LOWSEC,SKILL_MATH,1.08539
2000,SE_TOT_GPI,Italy,LOWSEC,SKILL_READ,1.13781
2001,SE_TOT_GPI,Italy,PRIMAR,SKILL_READ,1.00324
2003,SE_TOT_GPI,Italy,LOWSEC,SKILL_MATH,0.95988
2003,SE_TOT_GPI,Italy,PRIMAR,SKILL_MATH,0.9248
2003,SE_TOT_GPI,Italy,LOWSEC,SKILL_READ,1.16707
2006,SE_TOT_GPI,Italy,LOWSEC,SKILL_READ,1.16286
2006,SE_TOT_GPI,Italy,PRIMAR,SKILL_READ,1.00749
2007,SE_TOT_GPI,Italy,LOWSEC,SKILL_MATH,0.94899
2007,SE_TOT_GPI,Italy,PRIMAR,SKILL_MATH,0.88935
2009,SE_TOT_GPI,Italy,LOWSEC,SKILL_READ,1.18566
2011,SE_TOT_GPI,Italy,PRIMAR,SKILL_MATH,0.93539
2011,SE_TOT_GPI,Italy,LOWSEC,SKILL_MATH,0.91761
2011,SE_TOT_GPI,Italy,PRIMAR,SKILL_READ,1.00765
2012,SE_TOT_GPI,Italy,LOWSEC,SKILL_READ,1.15294
2015,SE_TOT_GPI,Italy,PRIMAR,SKILL_MATH,0.88459
2015,SE_TOT_GPI,Italy,LOWSEC,SKILL_READ,1.07489
2015,SE_TOT_GPI,Italy,LOWSEC,SKILL_MATH,0.95744
2016,SE_TOT_GPI,Italy,PRIMAR,SKILL_READ,1.0173
2018,SE_TOT_GPI,Italy,LOWSEC,SKILL_READ,1.11162
2019,SE_TOT_GPI,Italy,LOWSEC,SKILL_MATH,0.9167
2019,SE_TOT_GPI,Italy,PRIMAR,SKILL_MATH,1.06323
2007,SE_TOT_GPI,Казахстан,PRIMAR,SKILL_MATH,1.04473
2009,SE_TOT_GPI,Казахстан,LOWSEC,SKILL_READ,1.35334
2009,SE_TOT_GPI,Казахстан,LOWSEC,SKILL_MATH,1.00707
2011,SE_TOT_GPI,Казахстан,PRIMAR,SKILL_MATH,0.9583
2012,SE_TOT_GPI,Казахстан,LOWSEC,SKILL_MATH,1.00999
2012,SE_TOT_GPI,Казахстан,LOWSEC,SKILL_READ,1.36844
2015,SE_TOT_GPI,Казахстан,PRIMAR,SKILL_MATH,1.01665
2016,SE_TOT_GPI,Казахстан,PRIMAR,SKILL_READ,1.00743
2018,SE_TOT_GPI,Казахстан,LOWSEC,SKILL_MATH,0.99808
2018,SE_TOT_GPI,Казахстан,LOWSEC,SKILL_READ,1.31236
2019,SE_TOT_GPI,Казахстан,PRIMAR,SKILL_MATH,0.99031
2000,SE_TOT_GPI,Republic of Korea,LOWSEC,SKILL_MATH,0.96624
2000,SE_TOT_GPI,Republic of Korea,LOWSEC,SKILL_READ,1.0373
2003,SE_TOT_GPI,Republic of Korea,LOWSEC,SKILL_READ,1.04102
2003,SE_TOT_GPI,Republic of Korea,LOWSEC,SKILL_MATH,0.973
2006,SE_TOT_GPI,Republic of Korea,LOWSEC,SKILL_MATH,1.00503
2006,SE_TOT_GPI,Republic of Korea,LOWSEC,SKILL_READ,1.05077
2009,SE_TOT_GPI,Republic of Korea,LOWSEC,SKILL_READ,1.06548
2009,SE_TOT_GPI,Republic of Korea,LOWSEC,SKILL_MATH,1.02269
2011,SE_TOT_GPI,Republic of Korea,PRIMAR,SKILL_MATH,1.00149
2012,SE_TOT_GPI,Republic of Korea,LOWSEC,SKILL_MATH,1.0011
2012,SE_TOT_GPI,Republic of Korea,LOWSEC,SKILL_READ,1.06168
2015,SE_TOT_GPI,Republic of Korea,LOWSEC,SKILL_READ,1.12481
2015,SE_TOT_GPI,Republic of Korea,LOWSEC,SKILL_MATH,1.0551
2015,SE_TOT_GPI,Republic of Korea,PRIMAR,SKILL_MATH,1.00524
2018,SE_TOT_GPI,Republic of Korea,LOWSEC,SKILL_MATH,1.01392
2018,SE_TOT_GPI,United Kingdom of Great Britain and Northern Ireland,LOWSEC,SKILL_MATH,0.97413
2018,SE_TOT_GPI,United Kingdom of Great Britain and Northern Ireland,LOWSEC,SKILL_READ,1.07409
2019,SE_TOT_GPI,United Kingdom of Great Britain and Northern Ireland,PRIMAR,SKILL_MATH,0.99666
2018,SE_TOT_GPI,Republic of Korea,LOWSEC,SKILL_READ,1.08497
2019,SE_TOT_GPI,Republic of Korea,PRIMAR,SKILL_MATH,0.99042
2000,SE_TOT_GPI,Latvia,LOWSEC,SKILL_MATH,0.99239
2000,SE_TOT_GPI,Latvia,LOWSEC,SKILL_READ,1.25676
2000,SE_TOT_GPI,Latvia,LOWSEC,SKILL_READ,1.25676
