Year,SeriesCode,Страна ,Education level,Value
2000,SE_ACS_ELECT,Netherlands (Kingdom of the),PRIMAR,100.0
2000,SE_ACS_ELECT,Netherlands (Kingdom of the),UPPSEC,100.0
2000,SE_ACS_ELECT,Netherlands (Kingdom of the),LOWSEC,100.0
2001,SE_ACS_ELECT,Netherlands (Kingdom of the),LOWSEC,100.0
2001,SE_ACS_ELECT,Netherlands (Kingdom of the),UPPSEC,100.0
2001,SE_ACS_ELECT,Netherlands (Kingdom of the),PRIMAR,100.0
2002,SE_ACS_ELECT,Netherlands (Kingdom of the),PRIMAR,100.0
2002,SE_ACS_ELECT,Netherlands (Kingdom of the),UPPSEC,100.0
2002,SE_ACS_ELECT,Netherlands (Kingdom of the),LOWSEC,100.0
2003,SE_ACS_ELECT,Netherlands (Kingdom of the),UPPSEC,100.0
2003,SE_ACS_ELECT,Netherlands (Kingdom of the),PRIMAR,100.0
2003,SE_ACS_ELECT,Netherlands (Kingdom of the),LOWSEC,100.0
2004,SE_ACS_ELECT,Netherlands (Kingdom of the),PRIMAR,100.0
2004,SE_ACS_ELECT,Netherlands (Kingdom of the),UPPSEC,100.0
2004,SE_ACS_ELECT,Netherlands (Kingdom of the),LOWSEC,100.0
2005,SE_ACS_ELECT,Netherlands (Kingdom of the),LOWSEC,100.0
2005,SE_ACS_ELECT,Netherlands (Kingdom of the),UPPSEC,100.0
2005,SE_ACS_ELECT,Netherlands (Kingdom of the),PRIMAR,100.0
2006,SE_ACS_ELECT,Netherlands (Kingdom of the),PRIMAR,100.0
2006,SE_ACS_ELECT,Netherlands (Kingdom of the),UPPSEC,100.0
2006,SE_ACS_ELECT,Netherlands (Kingdom of the),LOWSEC,100.0
2007,SE_ACS_ELECT,Netherlands (Kingdom of the),LOWSEC,100.0
2007,SE_ACS_ELECT,Netherlands (Kingdom of the),UPPSEC,100.0
2007,SE_ACS_ELECT,Netherlands (Kingdom of the),PRIMAR,100.0
2008,SE_ACS_ELECT,Netherlands (Kingdom of the),PRIMAR,100.0
2008,SE_ACS_ELECT,Netherlands (Kingdom of the),UPPSEC,100.0
2008,SE_ACS_ELECT,Netherlands (Kingdom of the),LOWSEC,100.0
2009,SE_ACS_ELECT,Netherlands (Kingdom of the),LOWSEC,100.0
2009,SE_ACS_ELECT,Netherlands (Kingdom of the),UPPSEC,100.0
2009,SE_ACS_ELECT,Netherlands (Kingdom of the),PRIMAR,100.0
2010,SE_ACS_ELECT,Netherlands (Kingdom of the),PRIMAR,100.0
2010,SE_ACS_ELECT,Netherlands (Kingdom of the),UPPSEC,100.0
2010,SE_ACS_ELECT,Netherlands (Kingdom of the),LOWSEC,100.0
2017,SE_ACS_ELECT,Albania,UPPSEC,89.48413
2018,SE_ACS_ELECT,Albania,UPPSEC,90.90909
2018,SE_ACS_ELECT,Albania,PRIMAR,94.08521
2018,SE_ACS_ELECT,Albania,LOWSEC,95.68773
2019,SE_ACS_ELECT,Albania,UPPSEC,90.94567
2019,SE_ACS_ELECT,Albania,LOWSEC,95.42947
2019,SE_ACS_ELECT,Albania,PRIMAR,97.71376
2020,SE_ACS_ELECT,Albania,UPPSEC,100.0
2020,SE_ACS_ELECT,Albania,PRIMAR,100.0
2020,SE_ACS_ELECT,Albania,LOWSEC,100.0
2021,SE_ACS_ELECT,Albania,LOWSEC,100.0
2011,SE_ACS_ELECT,Netherlands (Kingdom of the),LOWSEC,100.0
2011,SE_ACS_ELECT,Netherlands (Kingdom of the),UPPSEC,100.0
2011,SE_ACS_ELECT,Netherlands (Kingdom of the),PRIMAR,100.0
2012,SE_ACS_ELECT,Netherlands (Kingdom of the),LOWSEC,100.0
2012,SE_ACS_ELECT,Netherlands (Kingdom of the),PRIMAR,100.0
2012,SE_ACS_ELECT,Netherlands (Kingdom of the),UPPSEC,100.0
2013,SE_ACS_ELECT,Netherlands (Kingdom of the),LOWSEC,100.0
2013,SE_ACS_ELECT,Netherlands (Kingdom of the),UPPSEC,100.0
2013,SE_ACS_ELECT,Netherlands (Kingdom of the),PRIMAR,100.0
2014,SE_ACS_ELECT,Netherlands (Kingdom of the),PRIMAR,100.0
2014,SE_ACS_ELECT,Netherlands (Kingdom of the),UPPSEC,100.0
2014,SE_ACS_ELECT,Netherlands (Kingdom of the),LOWSEC,100.0
2015,SE_ACS_ELECT,Netherlands (Kingdom of the),LOWSEC,100.0
2015,SE_ACS_ELECT,Netherlands (Kingdom of the),UPPSEC,100.0
2015,SE_ACS_ELECT,Netherlands (Kingdom of the),PRIMAR,100.0
2016,SE_ACS_ELECT,Netherlands (Kingdom of the),PRIMAR,100.0
2016,SE_ACS_ELECT,Netherlands (Kingdom of the),UPPSEC,100.0
2016,SE_ACS_ELECT,Netherlands (Kingdom of the),LOWSEC,100.0
2017,SE_ACS_ELECT,Netherlands (Kingdom of the),UPPSEC,100.0
2017,SE_ACS_ELECT,Netherlands (Kingdom of the),PRIMAR,100.0
2017,SE_ACS_ELECT,Netherlands (Kingdom of the),LOWSEC,100.0
2018,SE_ACS_ELECT,Netherlands (Kingdom of the),PRIMAR,100.0
2021,SE_ACS_ELECT,Albania,PRIMAR,100.0
2021,SE_ACS_ELECT,Albania,UPPSEC,100.0
2016,SE_ACS_ELECT,Azerbaijan,UPPSEC,100.0
2016,SE_ACS_ELECT,Azerbaijan,PRIMAR,100.0
2016,SE_ACS_ELECT,Azerbaijan,LOWSEC,100.0
2017,SE_ACS_ELECT,Azerbaijan,PRIMAR,100.0
2017,SE_ACS_ELECT,Azerbaijan,UPPSEC,100.0
2017,SE_ACS_ELECT,Azerbaijan,LOWSEC,100.0
2018,SE_ACS_ELECT,Azerbaijan,UPPSEC,100.0
2018,SE_ACS_ELECT,Azerbaijan,PRIMAR,100.0
2018,SE_ACS_ELECT,Azerbaijan,LOWSEC,100.0
2018,SE_ACS_ELECT,Netherlands (Kingdom of the),UPPSEC,100.0
2018,SE_ACS_ELECT,Netherlands (Kingdom of the),LOWSEC,100.0
2019,SE_ACS_ELECT,Netherlands (Kingdom of the),LOWSEC,100.0
2019,SE_ACS_ELECT,Netherlands (Kingdom of the),UPPSEC,100.0
2019,SE_ACS_ELECT,Netherlands (Kingdom of the),PRIMAR,100.0
2000,SE_ACS_ELECT,Norway,PRIMAR,100.0
2000,SE_ACS_ELECT,Norway,LOWSEC,100.0
2001,SE_ACS_ELECT,Norway,LOWSEC,100.0
2001,SE_ACS_ELECT,Norway,PRIMAR,100.0
2002,SE_ACS_ELECT,Norway,PRIMAR,100.0
2002,SE_ACS_ELECT,Norway,LOWSEC,100.0
2003,SE_ACS_ELECT,Norway,LOWSEC,100.0
2003,SE_ACS_ELECT,Norway,PRIMAR,100.0
2004,SE_ACS_ELECT,Norway,PRIMAR,100.0
2004,SE_ACS_ELECT,Norway,LOWSEC,100.0
2005,SE_ACS_ELECT,Norway,LOWSEC,100.0
2005,SE_ACS_ELECT,Norway,PRIMAR,100.0
2006,SE_ACS_ELECT,Norway,LOWSEC,100.0
2006,SE_ACS_ELECT,Norway,PRIMAR,100.0
2007,SE_ACS_ELECT,Norway,LOWSEC,100.0
2007,SE_ACS_ELECT,Norway,PRIMAR,100.0
2008,SE_ACS_ELECT,Norway,PRIMAR,100.0
2019,SE_ACS_ELECT,Azerbaijan,LOWSEC,100.0
2019,SE_ACS_ELECT,Azerbaijan,PRIMAR,100.0
2019,SE_ACS_ELECT,Azerbaijan,UPPSEC,100.0
2020,SE_ACS_ELECT,Azerbaijan,UPPSEC,100.0
2020,SE_ACS_ELECT,Azerbaijan,PRIMAR,100.0
2020,SE_ACS_ELECT,Azerbaijan,LOWSEC,100.0
2021,SE_ACS_ELECT,Azerbaijan,LOWSEC,100.0
2021,SE_ACS_ELECT,Azerbaijan,PRIMAR,100.0
2021,SE_ACS_ELECT,Azerbaijan,UPPSEC,100.0
2000,SE_ACS_ELECT,Australia,LOWSEC,100.0
2000,SE_ACS_ELECT,Australia,PRIMAR,100.0
2008,SE_ACS_ELECT,Norway,UPPSEC,100.0
2008,SE_ACS_ELECT,Norway,LOWSEC,100.0
2009,SE_ACS_ELECT,Norway,LOWSEC,100.0
2009,SE_ACS_ELECT,Norway,UPPSEC,100.0
2009,SE_ACS_ELECT,Norway,PRIMAR,100.0
2010,SE_ACS_ELECT,Norway,PRIMAR,100.0
2010,SE_ACS_ELECT,Norway,UPPSEC,100.0
2010,SE_ACS_ELECT,Norway,LOWSEC,100.0
2011,SE_ACS_ELECT,Norway,LOWSEC,100.0
2011,SE_ACS_ELECT,Norway,UPPSEC,100.0
2011,SE_ACS_ELECT,Norway,PRIMAR,100.0
2000,SE_ACS_ELECT,Australia,UPPSEC,100.0
2001,SE_ACS_ELECT,Australia,LOWSEC,100.0
2001,SE_ACS_ELECT,Australia,UPPSEC,100.0
2001,SE_ACS_ELECT,Australia,PRIMAR,100.0
2002,SE_ACS_ELECT,Australia,LOWSEC,100.0
2002,SE_ACS_ELECT,Australia,PRIMAR,100.0
2002,SE_ACS_ELECT,Australia,UPPSEC,100.0
2003,SE_ACS_ELECT,Australia,UPPSEC,100.0
2003,SE_ACS_ELECT,Australia,PRIMAR,100.0
2003,SE_ACS_ELECT,Australia,LOWSEC,100.0
2004,SE_ACS_ELECT,Australia,LOWSEC,100.0
2012,SE_ACS_ELECT,Norway,UPPSEC,100.0
2012,SE_ACS_ELECT,Norway,LOWSEC,100.0
2012,SE_ACS_ELECT,Norway,PRIMAR,100.0
2013,SE_ACS_ELECT,Norway,LOWSEC,100.0
2013,SE_ACS_ELECT,Norway,UPPSEC,100.0
2013,SE_ACS_ELECT,Norway,PRIMAR,100.0
2014,SE_ACS_ELECT,Norway,PRIMAR,100.0
2014,SE_ACS_ELECT,Norway,UPPSEC,100.0
2014,SE_ACS_ELECT,Norway,LOWSEC,100.0
2015,SE_ACS_ELECT,Norway,LOWSEC,100.0
2015,SE_ACS_ELECT,Norway,UPPSEC,100.0
2015,SE_ACS_ELECT,Norway,PRIMAR,100.0
2016,SE_ACS_ELECT,Norway,PRIMAR,100.0
2016,SE_ACS_ELECT,Norway,UPPSEC,100.0
2016,SE_ACS_ELECT,Norway,LOWSEC,100.0
2017,SE_ACS_ELECT,Norway,PRIMAR,100.0
2017,SE_ACS_ELECT,Norway,LOWSEC,100.0
2017,SE_ACS_ELECT,Norway,UPPSEC,100.0
2018,SE_ACS_ELECT,Norway,PRIMAR,100.0
2018,SE_ACS_ELECT,Norway,UPPSEC,100.0
2018,SE_ACS_ELECT,Norway,LOWSEC,100.0
2019,SE_ACS_ELECT,Norway,LOWSEC,100.0
2004,SE_ACS_ELECT,Australia,PRIMAR,100.0
2004,SE_ACS_ELECT,Australia,UPPSEC,100.0
2005,SE_ACS_ELECT,Australia,UPPSEC,100.0
2005,SE_ACS_ELECT,Australia,PRIMAR,100.0
2005,SE_ACS_ELECT,Australia,LOWSEC,100.0
2006,SE_ACS_ELECT,Australia,LOWSEC,100.0
2006,SE_ACS_ELECT,Australia,PRIMAR,100.0
2006,SE_ACS_ELECT,Australia,UPPSEC,100.0
2007,SE_ACS_ELECT,Australia,UPPSEC,100.0
2007,SE_ACS_ELECT,Australia,PRIMAR,100.0
2007,SE_ACS_ELECT,Australia,LOWSEC,100.0
2008,SE_ACS_ELECT,Australia,LOWSEC,100.0
2008,SE_ACS_ELECT,Australia,PRIMAR,100.0
2008,SE_ACS_ELECT,Australia,UPPSEC,100.0
2009,SE_ACS_ELECT,Australia,UPPSEC,100.0
2009,SE_ACS_ELECT,Australia,PRIMAR,100.0
2009,SE_ACS_ELECT,Australia,LOWSEC,100.0
2010,SE_ACS_ELECT,Australia,LOWSEC,100.0
2010,SE_ACS_ELECT,Australia,PRIMAR,100.0
2010,SE_ACS_ELECT,Australia,UPPSEC,100.0
2011,SE_ACS_ELECT,Australia,UPPSEC,100.0
2011,SE_ACS_ELECT,Australia,PRIMAR,100.0
2011,SE_ACS_ELECT,Australia,LOWSEC,100.0
2012,SE_ACS_ELECT,Australia,PRIMAR,100.0
2012,SE_ACS_ELECT,Australia,UPPSEC,100.0
2012,SE_ACS_ELECT,Australia,LOWSEC,100.0
2013,SE_ACS_ELECT,Australia,UPPSEC,100.0
2013,SE_ACS_ELECT,Australia,PRIMAR,100.0
2013,SE_ACS_ELECT,Australia,LOWSEC,100.0
2014,SE_ACS_ELECT,Australia,LOWSEC,100.0
2014,SE_ACS_ELECT,Australia,PRIMAR,100.0
2014,SE_ACS_ELECT,Australia,UPPSEC,100.0
2015,SE_ACS_ELECT,Australia,UPPSEC,100.0
2019,SE_ACS_ELECT,Norway,UPPSEC,100.0
2019,SE_ACS_ELECT,Norway,PRIMAR,100.0
2020,SE_ACS_ELECT,Norway,PRIMAR,100.0
2020,SE_ACS_ELECT,Norway,LOWSEC,100.0
2000,SE_ACS_ELECT,Poland,LOWSEC,100.0
2000,SE_ACS_ELECT,Poland,PRIMAR,100.0
2000,SE_ACS_ELECT,Poland,UPPSEC,100.0
2001,SE_ACS_ELECT,Poland,UPPSEC,100.0
2001,SE_ACS_ELECT,Poland,PRIMAR,100.0
2001,SE_ACS_ELECT,Poland,LOWSEC,100.0
2002,SE_ACS_ELECT,Poland,UPPSEC,100.0
2002,SE_ACS_ELECT,Poland,LOWSEC,100.0
2002,SE_ACS_ELECT,Poland,PRIMAR,100.0
2003,SE_ACS_ELECT,Poland,UPPSEC,100.0
2003,SE_ACS_ELECT,Poland,PRIMAR,100.0
2003,SE_ACS_ELECT,Poland,LOWSEC,100.0
2004,SE_ACS_ELECT,Poland,LOWSEC,100.0
2004,SE_ACS_ELECT,Poland,PRIMAR,100.0
2004,SE_ACS_ELECT,Poland,UPPSEC,100.0
2005,SE_ACS_ELECT,Poland,UPPSEC,100.0
2005,SE_ACS_ELECT,Poland,PRIMAR,100.0
2005,SE_ACS_ELECT,Poland,LOWSEC,100.0
2006,SE_ACS_ELECT,Poland,LOWSEC,100.0
2006,SE_ACS_ELECT,Poland,PRIMAR,100.0
2006,SE_ACS_ELECT,Poland,UPPSEC,100.0
2007,SE_ACS_ELECT,Poland,LOWSEC,100.0
2007,SE_ACS_ELECT,Poland,UPPSEC,100.0
2007,SE_ACS_ELECT,Poland,PRIMAR,100.0
2008,SE_ACS_ELECT,Poland,LOWSEC,100.0
2008,SE_ACS_ELECT,Poland,PRIMAR,100.0
2008,SE_ACS_ELECT,Poland,UPPSEC,100.0
2009,SE_ACS_ELECT,Poland,UPPSEC,100.0
2009,SE_ACS_ELECT,Poland,PRIMAR,100.0
2009,SE_ACS_ELECT,Poland,LOWSEC,100.0
2010,SE_ACS_ELECT,Poland,LOWSEC,100.0
2010,SE_ACS_ELECT,Poland,PRIMAR,100.0
2010,SE_ACS_ELECT,Poland,UPPSEC,100.0
2011,SE_ACS_ELECT,Poland,UPPSEC,100.0
2011,SE_ACS_ELECT,Poland,PRIMAR,100.0
2011,SE_ACS_ELECT,Poland,LOWSEC,100.0
2012,SE_ACS_ELECT,Poland,LOWSEC,100.0
2012,SE_ACS_ELECT,Poland,PRIMAR,100.0
2012,SE_ACS_ELECT,Poland,UPPSEC,100.0
2013,SE_ACS_ELECT,Poland,UPPSEC,100.0
2013,SE_ACS_ELECT,Poland,PRIMAR,100.0
2013,SE_ACS_ELECT,Poland,LOWSEC,100.0
2014,SE_ACS_ELECT,Poland,LOWSEC,100.0
2014,SE_ACS_ELECT,Poland,PRIMAR,100.0
2014,SE_ACS_ELECT,Poland,UPPSEC,100.0
2015,SE_ACS_ELECT,Poland,PRIMAR,100.0
2015,SE_ACS_ELECT,Poland,UPPSEC,100.0
2015,SE_ACS_ELECT,Poland,LOWSEC,100.0
2016,SE_ACS_ELECT,Poland,LOWSEC,100.0
2016,SE_ACS_ELECT,Poland,UPPSEC,100.0
2016,SE_ACS_ELECT,Poland,PRIMAR,100.0
2015,SE_ACS_ELECT,Australia,PRIMAR,100.0
2015,SE_ACS_ELECT,Australia,LOWSEC,100.0
2016,SE_ACS_ELECT,Australia,LOWSEC,100.0
2016,SE_ACS_ELECT,Australia,PRIMAR,100.0
2016,SE_ACS_ELECT,Australia,UPPSEC,100.0
2018,SE_ACS_ELECT,Armenia,LOWSEC,100.0
2018,SE_ACS_ELECT,Armenia,PRIMAR,100.0
2018,SE_ACS_ELECT,Armenia,UPPSEC,100.0
2019,SE_ACS_ELECT,Armenia,PRIMAR,100.0
2019,SE_ACS_ELECT,Armenia,LOWSEC,100.0
2019,SE_ACS_ELECT,Armenia,UPPSEC,99.52919
2020,SE_ACS_ELECT,Armenia,LOWSEC,100.0
2020,SE_ACS_ELECT,Armenia,PRIMAR,100.0
2020,SE_ACS_ELECT,Armenia,UPPSEC,99.52919
2021,SE_ACS_ELECT,Armenia,UPPSEC,99.52919
2021,SE_ACS_ELECT,Armenia,PRIMAR,100.0
2021,SE_ACS_ELECT,Armenia,LOWSEC,100.0
2003,SE_ACS_ELECT,Belgium,UPPSEC,100.0
2003,SE_ACS_ELECT,Belgium,PRIMAR,100.0
2003,SE_ACS_ELECT,Belgium,LOWSEC,100.0
2004,SE_ACS_ELECT,Belgium,LOWSEC,100.0
2004,SE_ACS_ELECT,Belgium,PRIMAR,100.0
2004,SE_ACS_ELECT,Belgium,UPPSEC,100.0
2005,SE_ACS_ELECT,Belgium,UPPSEC,100.0
2005,SE_ACS_ELECT,Belgium,PRIMAR,100.0
2005,SE_ACS_ELECT,Belgium,LOWSEC,100.0
2006,SE_ACS_ELECT,Belgium,LOWSEC,100.0
2006,SE_ACS_ELECT,Belgium,PRIMAR,100.0
2006,SE_ACS_ELECT,Belgium,UPPSEC,100.0
2007,SE_ACS_ELECT,Belgium,UPPSEC,100.0
2007,SE_ACS_ELECT,Belgium,PRIMAR,100.0
2007,SE_ACS_ELECT,Belgium,LOWSEC,100.0
2008,SE_ACS_ELECT,Belgium,LOWSEC,100.0
2008,SE_ACS_ELECT,Belgium,PRIMAR,100.0
2008,SE_ACS_ELECT,Belgium,UPPSEC,100.0
2009,SE_ACS_ELECT,Belgium,PRIMAR,100.0
2009,SE_ACS_ELECT,Belgium,LOWSEC,100.0
2009,SE_ACS_ELECT,Belgium,UPPSEC,100.0
2010,SE_ACS_ELECT,Belgium,LOWSEC,100.0
2010,SE_ACS_ELECT,Belgium,PRIMAR,100.0
2010,SE_ACS_ELECT,Belgium,UPPSEC,100.0
2011,SE_ACS_ELECT,Belgium,UPPSEC,100.0
2011,SE_ACS_ELECT,Belgium,PRIMAR,100.0
2011,SE_ACS_ELECT,Belgium,LOWSEC,100.0
2012,SE_ACS_ELECT,Belgium,LOWSEC,100.0
2012,SE_ACS_ELECT,Belgium,PRIMAR,100.0
2012,SE_ACS_ELECT,Belgium,UPPSEC,100.0
2013,SE_ACS_ELECT,Belgium,UPPSEC,100.0
2013,SE_ACS_ELECT,Belgium,PRIMAR,100.0
2013,SE_ACS_ELECT,Belgium,LOWSEC,100.0
2014,SE_ACS_ELECT,Belgium,UPPSEC,100.0
2014,SE_ACS_ELECT,Belgium,LOWSEC,100.0
2014,SE_ACS_ELECT,Belgium,PRIMAR,100.0
2015,SE_ACS_ELECT,Belgium,UPPSEC,100.0
2015,SE_ACS_ELECT,Belgium,PRIMAR,100.0
2015,SE_ACS_ELECT,Belgium,LOWSEC,100.0
2016,SE_ACS_ELECT,Belgium,LOWSEC,100.0
2016,SE_ACS_ELECT,Belgium,PRIMAR,100.0
2016,SE_ACS_ELECT,Belgium,UPPSEC,100.0
2017,SE_ACS_ELECT,Belgium,UPPSEC,100.0
2017,SE_ACS_ELECT,Belgium,PRIMAR,100.0
2017,SE_ACS_ELECT,Belgium,LOWSEC,100.0
2018,SE_ACS_ELECT,Belgium,LOWSEC,100.0
2018,SE_ACS_ELECT,Belgium,PRIMAR,100.0
2018,SE_ACS_ELECT,Belgium,UPPSEC,100.0
2016,SE_ACS_ELECT,Belarus,UPPSEC,100.0
2016,SE_ACS_ELECT,Belarus,PRIMAR,100.0
2016,SE_ACS_ELECT,Belarus,LOWSEC,100.0
2017,SE_ACS_ELECT,Belarus,UPPSEC,100.0
2017,SE_ACS_ELECT,Belarus,LOWSEC,100.0
2017,SE_ACS_ELECT,Belarus,PRIMAR,100.0
2018,SE_ACS_ELECT,Belarus,UPPSEC,100.0
2018,SE_ACS_ELECT,Belarus,PRIMAR,100.0
2018,SE_ACS_ELECT,Belarus,LOWSEC,100.0
2019,SE_ACS_ELECT,Belarus,LOWSEC,100.0
2019,SE_ACS_ELECT,Belarus,PRIMAR,100.0
2019,SE_ACS_ELECT,Belarus,UPPSEC,100.0
2020,SE_ACS_ELECT,Belarus,UPPSEC,100.0
2020,SE_ACS_ELECT,Belarus,PRIMAR,100.0
2020,SE_ACS_ELECT,Belarus,LOWSEC,100.0
2021,SE_ACS_ELECT,Belarus,LOWSEC,100.0
2021,SE_ACS_ELECT,Belarus,PRIMAR,100.0
2021,SE_ACS_ELECT,Belarus,UPPSEC,100.0
2013,SE_ACS_ELECT,Chile,PRIMAR,100.0
2017,SE_ACS_ELECT,China,PRIMAR,99.25239
2017,SE_ACS_ELECT,China,UPPSEC,99.56747
2017,SE_ACS_ELECT,China,LOWSEC,99.39368
2018,SE_ACS_ELECT,China,LOWSEC,99.39299
2018,SE_ACS_ELECT,China,UPPSEC,99.56658
2018,SE_ACS_ELECT,China,PRIMAR,99.25214
2019,SE_ACS_ELECT,China,PRIMAR,99.35851
2019,SE_ACS_ELECT,China,UPPSEC,99.55353
2019,SE_ACS_ELECT,China,LOWSEC,99.41326
2020,SE_ACS_ELECT,China,LOWSEC,99.47534
2020,SE_ACS_ELECT,China,UPPSEC,99.55495
2020,SE_ACS_ELECT,China,PRIMAR,99.4374
2021,SE_ACS_ELECT,China,LOWSEC,99.59663
2021,SE_ACS_ELECT,China,PRIMAR,99.43473
2021,SE_ACS_ELECT,China,UPPSEC,96.50657
2013,SE_ACS_ELECT,Colombia,PRIMAR,92.68182
2016,SE_ACS_ELECT,Colombia,LOWSEC,96.54311
2016,SE_ACS_ELECT,Colombia,UPPSEC,96.70283
2016,SE_ACS_ELECT,Colombia,PRIMAR,94.93418
2017,SE_ACS_ELECT,Colombia,UPPSEC,98.18152
2017,SE_ACS_ELECT,Colombia,LOWSEC,97.89364
2017,SE_ACS_ELECT,Colombia,PRIMAR,95.73557
2020,SE_ACS_ELECT,Colombia,PRIMAR,85.96358
2020,SE_ACS_ELECT,Colombia,LOWSEC,93.89513
2020,SE_ACS_ELECT,Colombia,UPPSEC,95.24803
2021,SE_ACS_ELECT,Colombia,UPPSEC,94.58878
2021,SE_ACS_ELECT,Colombia,LOWSEC,93.1349
2021,SE_ACS_ELECT,Colombia,PRIMAR,85.06432
2010,SE_ACS_ELECT,Costa Rica,LOWSEC,89.08629
2010,SE_ACS_ELECT,Costa Rica,PRIMAR,88.15305
2010,SE_ACS_ELECT,Costa Rica,UPPSEC,89.68668
2013,SE_ACS_ELECT,Costa Rica,PRIMAR,98.54833
2016,SE_ACS_ELECT,Costa Rica,PRIMAR,96.95224
2016,SE_ACS_ELECT,Costa Rica,UPPSEC,82.21831
2016,SE_ACS_ELECT,Costa Rica,LOWSEC,82.07817
2017,SE_ACS_ELECT,Costa Rica,UPPSEC,73.19408
2017,SE_ACS_ELECT,Costa Rica,PRIMAR,98.40078
2017,SE_ACS_ELECT,Costa Rica,LOWSEC,73.1315
2018,SE_ACS_ELECT,Costa Rica,PRIMAR,96.14925
2018,SE_ACS_ELECT,Costa Rica,UPPSEC,80.7993
2018,SE_ACS_ELECT,Costa Rica,LOWSEC,80.97928
2019,SE_ACS_ELECT,Costa Rica,LOWSEC,93.72659
2019,SE_ACS_ELECT,Costa Rica,UPPSEC,92.76596
2019,SE_ACS_ELECT,Costa Rica,PRIMAR,99.12938
2020,SE_ACS_ELECT,Costa Rica,PRIMAR,99.44404
2020,SE_ACS_ELECT,Costa Rica,UPPSEC,92.20339
2020,SE_ACS_ELECT,Costa Rica,LOWSEC,93.09057
2001,SE_ACS_ELECT,Denmark,PRIMAR,100.0
2001,SE_ACS_ELECT,Denmark,LOWSEC,100.0
2002,SE_ACS_ELECT,Denmark,LOWSEC,100.0
2002,SE_ACS_ELECT,Denmark,PRIMAR,100.0
2003,SE_ACS_ELECT,Denmark,PRIMAR,100.0
2003,SE_ACS_ELECT,Denmark,LOWSEC,100.0
2004,SE_ACS_ELECT,Denmark,LOWSEC,100.0
2004,SE_ACS_ELECT,Denmark,PRIMAR,100.0
2005,SE_ACS_ELECT,Denmark,PRIMAR,100.0
2005,SE_ACS_ELECT,Denmark,LOWSEC,100.0
2006,SE_ACS_ELECT,Denmark,LOWSEC,100.0
2006,SE_ACS_ELECT,Denmark,PRIMAR,100.0
2007,SE_ACS_ELECT,Denmark,PRIMAR,100.0
2007,SE_ACS_ELECT,Denmark,LOWSEC,100.0
2008,SE_ACS_ELECT,Denmark,LOWSEC,100.0
2008,SE_ACS_ELECT,Denmark,PRIMAR,100.0
2009,SE_ACS_ELECT,Denmark,PRIMAR,100.0
2009,SE_ACS_ELECT,Denmark,LOWSEC,100.0
2010,SE_ACS_ELECT,Denmark,LOWSEC,100.0
2010,SE_ACS_ELECT,Denmark,PRIMAR,100.0
2011,SE_ACS_ELECT,Denmark,PRIMAR,100.0
2011,SE_ACS_ELECT,Denmark,LOWSEC,100.0
2012,SE_ACS_ELECT,Denmark,LOWSEC,100.0
2012,SE_ACS_ELECT,Denmark,PRIMAR,100.0
2013,SE_ACS_ELECT,Denmark,PRIMAR,100.0
2013,SE_ACS_ELECT,Denmark,LOWSEC,100.0
2014,SE_ACS_ELECT,Denmark,LOWSEC,100.0
2014,SE_ACS_ELECT,Denmark,PRIMAR,100.0
2015,SE_ACS_ELECT,Denmark,PRIMAR,100.0
2015,SE_ACS_ELECT,Denmark,LOWSEC,100.0
2015,SE_ACS_ELECT,Denmark,UPPSEC,100.0
2016,SE_ACS_ELECT,Denmark,LOWSEC,100.0
2016,SE_ACS_ELECT,Denmark,PRIMAR,100.0
2000,SE_ACS_ELECT,Estonia,PRIMAR,99.25706
2001,SE_ACS_ELECT,Estonia,PRIMAR,99.21997
2002,SE_ACS_ELECT,Estonia,PRIMAR,99.04
2003,SE_ACS_ELECT,Estonia,PRIMAR,99.5122
2004,SE_ACS_ELECT,Estonia,PRIMAR,98.82353
2005,SE_ACS_ELECT,Estonia,PRIMAR,99.31624
2006,SE_ACS_ELECT,Estonia,PRIMAR,99.12892
2007,SE_ACS_ELECT,Estonia,PRIMAR,99.11348
2008,SE_ACS_ELECT,Estonia,PRIMAR,99.45946
2009,SE_ACS_ELECT,Estonia,PRIMAR,98.90511
2010,SE_ACS_ELECT,Estonia,PRIMAR,100.0
2011,SE_ACS_ELECT,Estonia,PRIMAR,99.62193
2012,SE_ACS_ELECT,Estonia,PRIMAR,99.80695
2013,SE_ACS_ELECT,Estonia,PRIMAR,99.23664
2000,SE_ACS_ELECT,Finland,UPPSEC,100.0
2000,SE_ACS_ELECT,Finland,PRIMAR,100.0
2000,SE_ACS_ELECT,Finland,LOWSEC,100.0
2001,SE_ACS_ELECT,Finland,LOWSEC,100.0
2001,SE_ACS_ELECT,Finland,PRIMAR,100.0
2001,SE_ACS_ELECT,Finland,UPPSEC,100.0
2002,SE_ACS_ELECT,Finland,LOWSEC,100.0
2002,SE_ACS_ELECT,Finland,UPPSEC,100.0
2002,SE_ACS_ELECT,Finland,PRIMAR,100.0
2003,SE_ACS_ELECT,Finland,LOWSEC,100.0
2003,SE_ACS_ELECT,Finland,PRIMAR,100.0
2003,SE_ACS_ELECT,Finland,UPPSEC,100.0
2004,SE_ACS_ELECT,Finland,UPPSEC,100.0
2004,SE_ACS_ELECT,Finland,PRIMAR,100.0
2004,SE_ACS_ELECT,Finland,LOWSEC,100.0
2005,SE_ACS_ELECT,Finland,LOWSEC,100.0
2005,SE_ACS_ELECT,Finland,PRIMAR,100.0
2005,SE_ACS_ELECT,Finland,UPPSEC,100.0
2006,SE_ACS_ELECT,Finland,UPPSEC,100.0
2006,SE_ACS_ELECT,Finland,PRIMAR,100.0
2006,SE_ACS_ELECT,Finland,LOWSEC,100.0
2007,SE_ACS_ELECT,Finland,LOWSEC,100.0
2007,SE_ACS_ELECT,Finland,PRIMAR,100.0
2007,SE_ACS_ELECT,Finland,UPPSEC,100.0
2008,SE_ACS_ELECT,Finland,UPPSEC,100.0
2008,SE_ACS_ELECT,Finland,PRIMAR,100.0
2008,SE_ACS_ELECT,Finland,LOWSEC,100.0
2009,SE_ACS_ELECT,Finland,LOWSEC,100.0
2009,SE_ACS_ELECT,Finland,PRIMAR,100.0
2009,SE_ACS_ELECT,Finland,UPPSEC,100.0
2010,SE_ACS_ELECT,Finland,UPPSEC,100.0
2010,SE_ACS_ELECT,Finland,PRIMAR,100.0
2010,SE_ACS_ELECT,Finland,LOWSEC,100.0
2011,SE_ACS_ELECT,Finland,LOWSEC,100.0
2011,SE_ACS_ELECT,Finland,PRIMAR,100.0
2011,SE_ACS_ELECT,Finland,UPPSEC,100.0
2012,SE_ACS_ELECT,Finland,UPPSEC,100.0
2012,SE_ACS_ELECT,Finland,PRIMAR,100.0
2012,SE_ACS_ELECT,Finland,LOWSEC,100.0
2013,SE_ACS_ELECT,Finland,PRIMAR,100.0
2013,SE_ACS_ELECT,Finland,UPPSEC,100.0
2013,SE_ACS_ELECT,Finland,LOWSEC,100.0
2014,SE_ACS_ELECT,Finland,UPPSEC,100.0
2014,SE_ACS_ELECT,Finland,PRIMAR,100.0
2014,SE_ACS_ELECT,Finland,LOWSEC,100.0
2015,SE_ACS_ELECT,Finland,LOWSEC,100.0
2015,SE_ACS_ELECT,Finland,PRIMAR,100.0
2015,SE_ACS_ELECT,Finland,UPPSEC,100.0
2016,SE_ACS_ELECT,Finland,UPPSEC,100.0
2016,SE_ACS_ELECT,Finland,PRIMAR,100.0
2016,SE_ACS_ELECT,Finland,LOWSEC,100.0
2017,SE_ACS_ELECT,Finland,LOWSEC,100.0
2017,SE_ACS_ELECT,Finland,PRIMAR,100.0
2017,SE_ACS_ELECT,Finland,UPPSEC,100.0
2018,SE_ACS_ELECT,Finland,LOWSEC,100.0
2018,SE_ACS_ELECT,Finland,UPPSEC,100.0
2018,SE_ACS_ELECT,Finland,PRIMAR,100.0
2019,SE_ACS_ELECT,Finland,LOWSEC,100.0
2019,SE_ACS_ELECT,Finland,PRIMAR,100.0
2019,SE_ACS_ELECT,Finland,UPPSEC,100.0
2000,SE_ACS_ELECT,France,LOWSEC,100.0
2000,SE_ACS_ELECT,France,UPPSEC,100.0
2001,SE_ACS_ELECT,France,UPPSEC,100.0
2001,SE_ACS_ELECT,France,LOWSEC,100.0
2001,SE_ACS_ELECT,France,PRIMAR,100.0
2002,SE_ACS_ELECT,France,PRIMAR,100.0
2002,SE_ACS_ELECT,France,LOWSEC,100.0
2002,SE_ACS_ELECT,France,UPPSEC,100.0
2003,SE_ACS_ELECT,France,UPPSEC,100.0
2003,SE_ACS_ELECT,France,LOWSEC,100.0
2003,SE_ACS_ELECT,France,PRIMAR,100.0
2004,SE_ACS_ELECT,France,LOWSEC,100.0
2004,SE_ACS_ELECT,France,UPPSEC,100.0
2004,SE_ACS_ELECT,France,PRIMAR,100.0
2005,SE_ACS_ELECT,France,UPPSEC,100.0
2005,SE_ACS_ELECT,France,LOWSEC,100.0
2005,SE_ACS_ELECT,France,PRIMAR,100.0
2006,SE_ACS_ELECT,France,PRIMAR,100.0
2006,SE_ACS_ELECT,France,LOWSEC,100.0
2006,SE_ACS_ELECT,France,UPPSEC,100.0
2007,SE_ACS_ELECT,France,UPPSEC,100.0
2007,SE_ACS_ELECT,France,LOWSEC,100.0
2007,SE_ACS_ELECT,France,PRIMAR,100.0
2008,SE_ACS_ELECT,France,PRIMAR,100.0
2008,SE_ACS_ELECT,France,LOWSEC,100.0
2008,SE_ACS_ELECT,France,UPPSEC,100.0
2009,SE_ACS_ELECT,France,PRIMAR,100.0
2009,SE_ACS_ELECT,France,UPPSEC,100.0
2009,SE_ACS_ELECT,France,LOWSEC,100.0
2010,SE_ACS_ELECT,France,PRIMAR,100.0
2010,SE_ACS_ELECT,France,LOWSEC,100.0
2010,SE_ACS_ELECT,France,UPPSEC,100.0
2011,SE_ACS_ELECT,France,UPPSEC,100.0
2011,SE_ACS_ELECT,France,LOWSEC,100.0
2011,SE_ACS_ELECT,France,PRIMAR,100.0
2012,SE_ACS_ELECT,France,PRIMAR,100.0
2012,SE_ACS_ELECT,France,LOWSEC,100.0
2012,SE_ACS_ELECT,France,UPPSEC,100.0
2013,SE_ACS_ELECT,France,UPPSEC,100.0
2013,SE_ACS_ELECT,France,LOWSEC,100.0
2013,SE_ACS_ELECT,France,PRIMAR,100.0
2014,SE_ACS_ELECT,France,PRIMAR,100.0
2014,SE_ACS_ELECT,France,LOWSEC,100.0
2014,SE_ACS_ELECT,France,UPPSEC,100.0
2015,SE_ACS_ELECT,France,UPPSEC,100.0
2015,SE_ACS_ELECT,France,LOWSEC,100.0
2015,SE_ACS_ELECT,France,PRIMAR,100.0
2016,SE_ACS_ELECT,France,PRIMAR,100.0
2016,SE_ACS_ELECT,France,LOWSEC,100.0
2016,SE_ACS_ELECT,France,UPPSEC,100.0
2017,SE_ACS_ELECT,France,UPPSEC,100.0
2017,SE_ACS_ELECT,France,LOWSEC,100.0
2017,SE_ACS_ELECT,France,PRIMAR,100.0
2018,SE_ACS_ELECT,France,PRIMAR,100.0
2018,SE_ACS_ELECT,France,UPPSEC,100.0
2018,SE_ACS_ELECT,France,LOWSEC,100.0
2019,SE_ACS_ELECT,France,LOWSEC,100.0
2019,SE_ACS_ELECT,France,UPPSEC,100.0
2019,SE_ACS_ELECT,France,PRIMAR,100.0
2016,SE_ACS_ELECT,Georgia,PRIMAR,100.0
2016,SE_ACS_ELECT,Georgia,UPPSEC,100.0
2016,SE_ACS_ELECT,Georgia,LOWSEC,100.0
2017,SE_ACS_ELECT,Georgia,UPPSEC,100.0
2017,SE_ACS_ELECT,Georgia,PRIMAR,99.74026
2017,SE_ACS_ELECT,Georgia,LOWSEC,100.0
2018,SE_ACS_ELECT,Georgia,PRIMAR,100.0
2018,SE_ACS_ELECT,Georgia,UPPSEC,100.0
2018,SE_ACS_ELECT,Georgia,LOWSEC,100.0
2019,SE_ACS_ELECT,Georgia,LOWSEC,100.0
2019,SE_ACS_ELECT,Georgia,UPPSEC,100.0
2019,SE_ACS_ELECT,Georgia,PRIMAR,100.0
2020,SE_ACS_ELECT,Georgia,PRIMAR,100.0
2020,SE_ACS_ELECT,Georgia,UPPSEC,100.0
2020,SE_ACS_ELECT,Georgia,LOWSEC,100.0
2021,SE_ACS_ELECT,Georgia,LOWSEC,100.0
2021,SE_ACS_ELECT,Georgia,UPPSEC,100.0
2021,SE_ACS_ELECT,Georgia,PRIMAR,100.0
2000,SE_ACS_ELECT,Germany,UPPSEC,100.0
2000,SE_ACS_ELECT,Germany,PRIMAR,100.0
2000,SE_ACS_ELECT,Germany,LOWSEC,100.0
2001,SE_ACS_ELECT,Germany,UPPSEC,100.0
2000,SE_ACS_ELECT,Portugal,LOWSEC,100.0
2000,SE_ACS_ELECT,Portugal,UPPSEC,100.0
2000,SE_ACS_ELECT,Portugal,PRIMAR,100.0
2001,SE_ACS_ELECT,Portugal,UPPSEC,100.0
2001,SE_ACS_ELECT,Portugal,LOWSEC,100.0
2001,SE_ACS_ELECT,Portugal,PRIMAR,100.0
2002,SE_ACS_ELECT,Portugal,LOWSEC,100.0
2002,SE_ACS_ELECT,Portugal,UPPSEC,100.0
2002,SE_ACS_ELECT,Portugal,PRIMAR,100.0
2003,SE_ACS_ELECT,Portugal,PRIMAR,100.0
2003,SE_ACS_ELECT,Portugal,UPPSEC,100.0
2003,SE_ACS_ELECT,Portugal,LOWSEC,100.0
2004,SE_ACS_ELECT,Portugal,LOWSEC,100.0
2004,SE_ACS_ELECT,Portugal,UPPSEC,100.0
2004,SE_ACS_ELECT,Portugal,PRIMAR,100.0
2005,SE_ACS_ELECT,Portugal,PRIMAR,100.0
2005,SE_ACS_ELECT,Portugal,UPPSEC,100.0
2005,SE_ACS_ELECT,Portugal,LOWSEC,100.0
2006,SE_ACS_ELECT,Portugal,UPPSEC,100.0
2006,SE_ACS_ELECT,Portugal,LOWSEC,100.0
2006,SE_ACS_ELECT,Portugal,PRIMAR,100.0
2007,SE_ACS_ELECT,Portugal,UPPSEC,100.0
2007,SE_ACS_ELECT,Portugal,PRIMAR,100.0
2007,SE_ACS_ELECT,Portugal,LOWSEC,100.0
2008,SE_ACS_ELECT,Portugal,LOWSEC,100.0
2008,SE_ACS_ELECT,Portugal,PRIMAR,100.0
2008,SE_ACS_ELECT,Portugal,UPPSEC,100.0
2009,SE_ACS_ELECT,Portugal,UPPSEC,100.0
2009,SE_ACS_ELECT,Portugal,PRIMAR,100.0
2009,SE_ACS_ELECT,Portugal,LOWSEC,100.0
2010,SE_ACS_ELECT,Portugal,LOWSEC,100.0
2010,SE_ACS_ELECT,Portugal,PRIMAR,100.0
2010,SE_ACS_ELECT,Portugal,UPPSEC,100.0
2011,SE_ACS_ELECT,Portugal,UPPSEC,100.0
2011,SE_ACS_ELECT,Portugal,PRIMAR,100.0
2011,SE_ACS_ELECT,Portugal,LOWSEC,100.0
2012,SE_ACS_ELECT,Portugal,LOWSEC,100.0
2012,SE_ACS_ELECT,Portugal,PRIMAR,100.0
2012,SE_ACS_ELECT,Portugal,UPPSEC,100.0
2013,SE_ACS_ELECT,Portugal,UPPSEC,100.0
2013,SE_ACS_ELECT,Portugal,PRIMAR,100.0
2013,SE_ACS_ELECT,Portugal,LOWSEC,100.0
2014,SE_ACS_ELECT,Portugal,LOWSEC,100.0
2014,SE_ACS_ELECT,Portugal,PRIMAR,100.0
2014,SE_ACS_ELECT,Portugal,UPPSEC,100.0
2015,SE_ACS_ELECT,Portugal,UPPSEC,100.0
2015,SE_ACS_ELECT,Portugal,PRIMAR,100.0
2015,SE_ACS_ELECT,Portugal,LOWSEC,100.0
2016,SE_ACS_ELECT,Portugal,LOWSEC,100.0
2016,SE_ACS_ELECT,Portugal,PRIMAR,100.0
2016,SE_ACS_ELECT,Portugal,UPPSEC,100.0
2017,SE_ACS_ELECT,Portugal,LOWSEC,100.0
2017,SE_ACS_ELECT,Portugal,UPPSEC,100.0
2018,SE_ACS_ELECT,Portugal,LOWSEC,100.0
2018,SE_ACS_ELECT,Portugal,UPPSEC,100.0
2018,SE_ACS_ELECT,Portugal,PRIMAR,100.0
2014,SE_ACS_ELECT,Slovakia,PRIMAR,100.0
2014,SE_ACS_ELECT,Slovakia,UPPSEC,100.0
2014,SE_ACS_ELECT,Slovakia,LOWSEC,100.0
2015,SE_ACS_ELECT,Slovakia,UPPSEC,100.0
2015,SE_ACS_ELECT,Slovakia,PRIMAR,100.0
2015,SE_ACS_ELECT,Slovakia,LOWSEC,100.0
2016,SE_ACS_ELECT,Slovakia,LOWSEC,100.0
2016,SE_ACS_ELECT,Slovakia,PRIMAR,100.0
2016,SE_ACS_ELECT,Slovakia,UPPSEC,100.0
2017,SE_ACS_ELECT,Slovakia,UPPSEC,100.0
2017,SE_ACS_ELECT,Slovakia,PRIMAR,100.0
2017,SE_ACS_ELECT,Slovakia,LOWSEC,100.0
2018,SE_ACS_ELECT,Slovakia,LOWSEC,100.0
2018,SE_ACS_ELECT,Slovakia,PRIMAR,100.0
2018,SE_ACS_ELECT,Slovakia,UPPSEC,100.0
2019,SE_ACS_ELECT,Slovakia,LOWSEC,100.0
2019,SE_ACS_ELECT,Slovakia,UPPSEC,100.0
2019,SE_ACS_ELECT,Slovakia,PRIMAR,100.0
2020,SE_ACS_ELECT,Slovakia,LOWSEC,100.0
2020,SE_ACS_ELECT,Slovakia,PRIMAR,100.0
2020,SE_ACS_ELECT,Slovakia,UPPSEC,100.0
2021,SE_ACS_ELECT,Slovakia,UPPSEC,100.0
2021,SE_ACS_ELECT,Slovakia,PRIMAR,100.0
2021,SE_ACS_ELECT,Slovakia,LOWSEC,100.0
2019,SE_ACS_ELECT,Viet Nam,PRIMAR,98.91342
2020,SE_ACS_ELECT,Viet Nam,PRIMAR,96.96011
2020,SE_ACS_ELECT,Viet Nam,LOWSEC,96.57382
2020,SE_ACS_ELECT,Viet Nam,UPPSEC,93.03709
2021,SE_ACS_ELECT,Viet Nam,UPPSEC,90.07239
2021,SE_ACS_ELECT,Viet Nam,LOWSEC,92.07866
2021,SE_ACS_ELECT,Viet Nam,PRIMAR,93.98342
2000,SE_ACS_ELECT,Slovenia,PRIMAR,100.0
2000,SE_ACS_ELECT,Slovenia,LOWSEC,100.0
2001,SE_ACS_ELECT,Slovenia,LOWSEC,100.0
2001,SE_ACS_ELECT,Slovenia,PRIMAR,100.0
2002,SE_ACS_ELECT,Slovenia,PRIMAR,100.0
2002,SE_ACS_ELECT,Slovenia,LOWSEC,100.0
2003,SE_ACS_ELECT,Slovenia,LOWSEC,100.0
2003,SE_ACS_ELECT,Slovenia,PRIMAR,100.0
2004,SE_ACS_ELECT,Slovenia,LOWSEC,100.0
2004,SE_ACS_ELECT,Slovenia,UPPSEC,100.0
2004,SE_ACS_ELECT,Slovenia,PRIMAR,100.0
2005,SE_ACS_ELECT,Slovenia,UPPSEC,100.0
2005,SE_ACS_ELECT,Slovenia,LOWSEC,100.0
2005,SE_ACS_ELECT,Slovenia,PRIMAR,100.0
2006,SE_ACS_ELECT,Slovenia,PRIMAR,100.0
2006,SE_ACS_ELECT,Slovenia,LOWSEC,100.0
2006,SE_ACS_ELECT,Slovenia,UPPSEC,100.0
2007,SE_ACS_ELECT,Slovenia,UPPSEC,100.0
2007,SE_ACS_ELECT,Slovenia,LOWSEC,100.0
2007,SE_ACS_ELECT,Slovenia,PRIMAR,100.0
2008,SE_ACS_ELECT,Slovenia,PRIMAR,100.0
2008,SE_ACS_ELECT,Slovenia,LOWSEC,100.0
2008,SE_ACS_ELECT,Slovenia,UPPSEC,100.0
2009,SE_ACS_ELECT,Slovenia,PRIMAR,100.0
2009,SE_ACS_ELECT,Slovenia,UPPSEC,100.0
2009,SE_ACS_ELECT,Slovenia,LOWSEC,100.0
2010,SE_ACS_ELECT,Slovenia,PRIMAR,100.0
2010,SE_ACS_ELECT,Slovenia,LOWSEC,100.0
2010,SE_ACS_ELECT,Slovenia,UPPSEC,100.0
2011,SE_ACS_ELECT,Slovenia,UPPSEC,100.0
2011,SE_ACS_ELECT,Slovenia,LOWSEC,100.0
2011,SE_ACS_ELECT,Slovenia,PRIMAR,100.0
2012,SE_ACS_ELECT,Slovenia,PRIMAR,100.0
2012,SE_ACS_ELECT,Slovenia,LOWSEC,100.0
2012,SE_ACS_ELECT,Slovenia,UPPSEC,100.0
2013,SE_ACS_ELECT,Slovenia,UPPSEC,100.0
2013,SE_ACS_ELECT,Slovenia,LOWSEC,100.0
2013,SE_ACS_ELECT,Slovenia,PRIMAR,100.0
2014,SE_ACS_ELECT,Slovenia,PRIMAR,100.0
2014,SE_ACS_ELECT,Slovenia,LOWSEC,100.0
2014,SE_ACS_ELECT,Slovenia,UPPSEC,100.0
2015,SE_ACS_ELECT,Slovenia,UPPSEC,100.0
2015,SE_ACS_ELECT,Slovenia,LOWSEC,100.0
2015,SE_ACS_ELECT,Slovenia,PRIMAR,100.0
2016,SE_ACS_ELECT,Slovenia,PRIMAR,100.0
2016,SE_ACS_ELECT,Slovenia,LOWSEC,100.0
2016,SE_ACS_ELECT,Slovenia,UPPSEC,100.0
2000,SE_ACS_ELECT,Spain,PRIMAR,100.0
2000,SE_ACS_ELECT,Spain,LOWSEC,100.0
2001,SE_ACS_ELECT,Spain,LOWSEC,100.0
2001,SE_ACS_ELECT,Spain,PRIMAR,100.0
2002,SE_ACS_ELECT,Spain,PRIMAR,100.0
2002,SE_ACS_ELECT,Spain,LOWSEC,100.0
2003,SE_ACS_ELECT,Spain,LOWSEC,100.0
2003,SE_ACS_ELECT,Spain,PRIMAR,100.0
2004,SE_ACS_ELECT,Spain,PRIMAR,100.0
2004,SE_ACS_ELECT,Spain,LOWSEC,100.0
2005,SE_ACS_ELECT,Spain,LOWSEC,100.0
2005,SE_ACS_ELECT,Spain,PRIMAR,100.0
2006,SE_ACS_ELECT,Spain,PRIMAR,100.0
2006,SE_ACS_ELECT,Spain,LOWSEC,100.0
2007,SE_ACS_ELECT,Spain,LOWSEC,100.0
2007,SE_ACS_ELECT,Spain,PRIMAR,100.0
2007,SE_ACS_ELECT,Spain,UPPSEC,100.0
2008,SE_ACS_ELECT,Spain,UPPSEC,100.0
2008,SE_ACS_ELECT,Spain,PRIMAR,100.0
2008,SE_ACS_ELECT,Spain,LOWSEC,100.0
2009,SE_ACS_ELECT,Spain,LOWSEC,100.0
2009,SE_ACS_ELECT,Spain,PRIMAR,100.0
2009,SE_ACS_ELECT,Spain,UPPSEC,100.0
2010,SE_ACS_ELECT,Spain,UPPSEC,100.0
2010,SE_ACS_ELECT,Spain,PRIMAR,100.0
2010,SE_ACS_ELECT,Spain,LOWSEC,100.0
2011,SE_ACS_ELECT,Spain,LOWSEC,100.0
2011,SE_ACS_ELECT,Spain,PRIMAR,100.0
2011,SE_ACS_ELECT,Spain,UPPSEC,100.0
2012,SE_ACS_ELECT,Spain,UPPSEC,100.0
2012,SE_ACS_ELECT,Spain,PRIMAR,100.0
2012,SE_ACS_ELECT,Spain,LOWSEC,100.0
2013,SE_ACS_ELECT,Spain,LOWSEC,100.0
2013,SE_ACS_ELECT,Spain,PRIMAR,100.0
2013,SE_ACS_ELECT,Spain,UPPSEC,100.0
2014,SE_ACS_ELECT,Spain,PRIMAR,100.0
2014,SE_ACS_ELECT,Spain,LOWSEC,100.0
2014,SE_ACS_ELECT,Spain,UPPSEC,100.0
2015,SE_ACS_ELECT,Spain,LOWSEC,100.0
2015,SE_ACS_ELECT,Spain,PRIMAR,100.0
2015,SE_ACS_ELECT,Spain,UPPSEC,100.0
2016,SE_ACS_ELECT,Spain,UPPSEC,100.0
2016,SE_ACS_ELECT,Spain,PRIMAR,100.0
2016,SE_ACS_ELECT,Spain,LOWSEC,100.0
2017,SE_ACS_ELECT,Spain,LOWSEC,100.0
2017,SE_ACS_ELECT,Spain,PRIMAR,100.0
2017,SE_ACS_ELECT,Spain,UPPSEC,100.0
2018,SE_ACS_ELECT,Spain,UPPSEC,100.0
2018,SE_ACS_ELECT,Spain,PRIMAR,100.0
2018,SE_ACS_ELECT,Spain,LOWSEC,100.0
2019,SE_ACS_ELECT,Spain,PRIMAR,100.0
2019,SE_ACS_ELECT,Spain,LOWSEC,100.0
2019,SE_ACS_ELECT,Spain,UPPSEC,100.0
2020,SE_ACS_ELECT,Spain,PRIMAR,100.0
2020,SE_ACS_ELECT,Spain,UPPSEC,100.0
2020,SE_ACS_ELECT,Spain,LOWSEC,100.0
2021,SE_ACS_ELECT,Spain,LOWSEC,100.0
2021,SE_ACS_ELECT,Spain,UPPSEC,100.0
2021,SE_ACS_ELECT,Spain,PRIMAR,100.0
2011,SE_ACS_ELECT,Switzerland,PRIMAR,100.0
2011,SE_ACS_ELECT,Switzerland,UPPSEC,100.0
2011,SE_ACS_ELECT,Switzerland,LOWSEC,100.0
2012,SE_ACS_ELECT,Switzerland,LOWSEC,100.0
2012,SE_ACS_ELECT,Switzerland,UPPSEC,100.0
2012,SE_ACS_ELECT,Switzerland,PRIMAR,100.0
2013,SE_ACS_ELECT,Switzerland,PRIMAR,100.0
2013,SE_ACS_ELECT,Switzerland,UPPSEC,100.0
2013,SE_ACS_ELECT,Switzerland,LOWSEC,100.0
2014,SE_ACS_ELECT,Switzerland,LOWSEC,100.0
2014,SE_ACS_ELECT,Switzerland,UPPSEC,100.0
2014,SE_ACS_ELECT,Switzerland,PRIMAR,100.0
2015,SE_ACS_ELECT,Switzerland,PRIMAR,100.0
2015,SE_ACS_ELECT,Switzerland,UPPSEC,100.0
2015,SE_ACS_ELECT,Switzerland,LOWSEC,100.0
2016,SE_ACS_ELECT,Switzerland,LOWSEC,100.0
2016,SE_ACS_ELECT,Switzerland,PRIMAR,100.0
2016,SE_ACS_ELECT,Switzerland,UPPSEC,100.0
2016,SE_ACS_ELECT,United Arab Emirates,LOWSEC,100.0
2016,SE_ACS_ELECT,United Arab Emirates,UPPSEC,100.0
2016,SE_ACS_ELECT,United Arab Emirates,PRIMAR,100.0
2017,SE_ACS_ELECT,United Arab Emirates,PRIMAR,100.0
2017,SE_ACS_ELECT,United Arab Emirates,LOWSEC,100.0
2017,SE_ACS_ELECT,United Arab Emirates,UPPSEC,100.0
2019,SE_ACS_ELECT,United Arab Emirates,LOWSEC,100.0
2019,SE_ACS_ELECT,United Arab Emirates,UPPSEC,100.0
2019,SE_ACS_ELECT,United Arab Emirates,PRIMAR,100.0
2020,SE_ACS_ELECT,United Arab Emirates,LOWSEC,100.0
2020,SE_ACS_ELECT,United Arab Emirates,UPPSEC,100.0
2020,SE_ACS_ELECT,United Arab Emirates,PRIMAR,100.0
2022,SE_ACS_ELECT,United Arab Emirates,UPPSEC,100.0
2022,SE_ACS_ELECT,United Arab Emirates,LOWSEC,100.0
2022,SE_ACS_ELECT,United Arab Emirates,PRIMAR,100.0
2019,SE_ACS_ELECT,Туркменистан,PRIMAR,100.0
2019,SE_ACS_ELECT,Туркменистан,UPPSEC,100.0
2019,SE_ACS_ELECT,Туркменистан,LOWSEC,100.0
2020,SE_ACS_ELECT,Туркменистан,LOWSEC,100.0
2020,SE_ACS_ELECT,Туркменистан,UPPSEC,100.0
2020,SE_ACS_ELECT,Туркменистан,PRIMAR,100.0
2021,SE_ACS_ELECT,Туркменистан,PRIMAR,100.0
2021,SE_ACS_ELECT,Туркменистан,UPPSEC,100.0
2021,SE_ACS_ELECT,Туркменистан,LOWSEC,100.0
2016,SE_ACS_ELECT,Ukraine,LOWSEC,100.0
2016,SE_ACS_ELECT,Ukraine,UPPSEC,100.0
2016,SE_ACS_ELECT,Ukraine,PRIMAR,100.0
2017,SE_ACS_ELECT,Ukraine,PRIMAR,100.0
2017,SE_ACS_ELECT,Ukraine,UPPSEC,100.0
2017,SE_ACS_ELECT,Ukraine,LOWSEC,100.0
2018,SE_ACS_ELECT,Ukraine,UPPSEC,100.0
2018,SE_ACS_ELECT,Ukraine,LOWSEC,100.0
2018,SE_ACS_ELECT,Ukraine,PRIMAR,100.0
2019,SE_ACS_ELECT,Ukraine,PRIMAR,100.0
2019,SE_ACS_ELECT,Ukraine,LOWSEC,100.0
2019,SE_ACS_ELECT,Ukraine,UPPSEC,100.0
2020,SE_ACS_ELECT,Ukraine,LOWSEC,100.0
2020,SE_ACS_ELECT,Ukraine,PRIMAR,100.0
2020,SE_ACS_ELECT,Ukraine,UPPSEC,100.0
2021,SE_ACS_ELECT,Ukraine,PRIMAR,100.0
2021,SE_ACS_ELECT,Ukraine,LOWSEC,100.0
2021,SE_ACS_ELECT,Ukraine,UPPSEC,100.0
2017,SE_ACS_ELECT,Узбекистан,PRIMAR,100.0
2017,SE_ACS_ELECT,Узбекистан,LOWSEC,100.0
2017,SE_ACS_ELECT,Узбекистан,UPPSEC,100.0
2018,SE_ACS_ELECT,Узбекистан,LOWSEC,100.0
2018,SE_ACS_ELECT,Узбекистан,PRIMAR,100.0
2018,SE_ACS_ELECT,Узбекистан,UPPSEC,100.0
2019,SE_ACS_ELECT,Узбекистан,PRIMAR,100.0
2019,SE_ACS_ELECT,Узбекистан,LOWSEC,100.0
2019,SE_ACS_ELECT,Узбекистан,UPPSEC,100.0
2020,SE_ACS_ELECT,Узбекистан,UPPSEC,100.0
2020,SE_ACS_ELECT,Узбекистан,LOWSEC,100.0
2001,SE_ACS_ELECT,Germany,LOWSEC,100.0
2001,SE_ACS_ELECT,Germany,PRIMAR,100.0
2002,SE_ACS_ELECT,Germany,PRIMAR,100.0
2002,SE_ACS_ELECT,Germany,LOWSEC,100.0
2002,SE_ACS_ELECT,Germany,UPPSEC,100.0
2003,SE_ACS_ELECT,Germany,UPPSEC,100.0
2003,SE_ACS_ELECT,Germany,LOWSEC,100.0
2003,SE_ACS_ELECT,Germany,PRIMAR,100.0
2004,SE_ACS_ELECT,Germany,PRIMAR,100.0
2004,SE_ACS_ELECT,Germany,LOWSEC,100.0
2004,SE_ACS_ELECT,Germany,UPPSEC,100.0
2005,SE_ACS_ELECT,Germany,UPPSEC,100.0
2005,SE_ACS_ELECT,Germany,LOWSEC,100.0
2005,SE_ACS_ELECT,Germany,PRIMAR,100.0
2006,SE_ACS_ELECT,Germany,PRIMAR,100.0
2006,SE_ACS_ELECT,Germany,LOWSEC,100.0
2006,SE_ACS_ELECT,Germany,UPPSEC,100.0
2007,SE_ACS_ELECT,Germany,UPPSEC,100.0
2007,SE_ACS_ELECT,Germany,LOWSEC,100.0
2007,SE_ACS_ELECT,Germany,PRIMAR,100.0
2008,SE_ACS_ELECT,Germany,PRIMAR,100.0
2008,SE_ACS_ELECT,Germany,LOWSEC,100.0
2008,SE_ACS_ELECT,Germany,UPPSEC,100.0
2009,SE_ACS_ELECT,Germany,UPPSEC,100.0
2009,SE_ACS_ELECT,Germany,LOWSEC,100.0
2009,SE_ACS_ELECT,Germany,PRIMAR,100.0
2010,SE_ACS_ELECT,Germany,PRIMAR,100.0
2010,SE_ACS_ELECT,Germany,LOWSEC,100.0
2010,SE_ACS_ELECT,Germany,UPPSEC,100.0
2011,SE_ACS_ELECT,Germany,LOWSEC,100.0
2011,SE_ACS_ELECT,Germany,PRIMAR,100.0
2011,SE_ACS_ELECT,Germany,UPPSEC,100.0
2012,SE_ACS_ELECT,Germany,PRIMAR,100.0
2012,SE_ACS_ELECT,Germany,LOWSEC,100.0
2012,SE_ACS_ELECT,Germany,UPPSEC,100.0
2013,SE_ACS_ELECT,Germany,UPPSEC,100.0
2013,SE_ACS_ELECT,Germany,LOWSEC,100.0
2013,SE_ACS_ELECT,Germany,PRIMAR,100.0
2014,SE_ACS_ELECT,Germany,PRIMAR,100.0
2014,SE_ACS_ELECT,Germany,LOWSEC,100.0
2014,SE_ACS_ELECT,Germany,UPPSEC,100.0
2015,SE_ACS_ELECT,Germany,UPPSEC,100.0
2015,SE_ACS_ELECT,Germany,LOWSEC,100.0
2015,SE_ACS_ELECT,Germany,PRIMAR,100.0
2016,SE_ACS_ELECT,Germany,UPPSEC,100.0
2016,SE_ACS_ELECT,Germany,PRIMAR,100.0
2016,SE_ACS_ELECT,Germany,LOWSEC,100.0
2017,SE_ACS_ELECT,Germany,UPPSEC,100.0
2017,SE_ACS_ELECT,Germany,LOWSEC,100.0
2017,SE_ACS_ELECT,Germany,PRIMAR,100.0
2018,SE_ACS_ELECT,Germany,PRIMAR,100.0
2018,SE_ACS_ELECT,Germany,LOWSEC,100.0
2018,SE_ACS_ELECT,Germany,UPPSEC,100.0
2019,SE_ACS_ELECT,Germany,UPPSEC,100.0
2019,SE_ACS_ELECT,Germany,LOWSEC,100.0
2019,SE_ACS_ELECT,Germany,PRIMAR,100.0
2000,SE_ACS_ELECT,Hungary,PRIMAR,100.0
2000,SE_ACS_ELECT,Hungary,LOWSEC,100.0
2000,SE_ACS_ELECT,Hungary,UPPSEC,100.0
2001,SE_ACS_ELECT,Hungary,LOWSEC,100.0
2001,SE_ACS_ELECT,Hungary,PRIMAR,100.0
2001,SE_ACS_ELECT,Hungary,UPPSEC,100.0
2002,SE_ACS_ELECT,Hungary,PRIMAR,100.0
2002,SE_ACS_ELECT,Hungary,LOWSEC,100.0
2002,SE_ACS_ELECT,Hungary,UPPSEC,100.0
2003,SE_ACS_ELECT,Hungary,UPPSEC,100.0
2003,SE_ACS_ELECT,Hungary,LOWSEC,100.0
2003,SE_ACS_ELECT,Hungary,PRIMAR,100.0
2004,SE_ACS_ELECT,Hungary,PRIMAR,100.0
2004,SE_ACS_ELECT,Hungary,LOWSEC,100.0
2004,SE_ACS_ELECT,Hungary,UPPSEC,100.0
2005,SE_ACS_ELECT,Hungary,UPPSEC,100.0
2005,SE_ACS_ELECT,Hungary,LOWSEC,100.0
2005,SE_ACS_ELECT,Hungary,PRIMAR,100.0
2006,SE_ACS_ELECT,Hungary,UPPSEC,100.0
2006,SE_ACS_ELECT,Hungary,PRIMAR,100.0
2006,SE_ACS_ELECT,Hungary,LOWSEC,100.0
2007,SE_ACS_ELECT,Hungary,UPPSEC,100.0
2007,SE_ACS_ELECT,Hungary,LOWSEC,100.0
2007,SE_ACS_ELECT,Hungary,PRIMAR,100.0
2008,SE_ACS_ELECT,Hungary,PRIMAR,100.0
2008,SE_ACS_ELECT,Hungary,LOWSEC,100.0
2008,SE_ACS_ELECT,Hungary,UPPSEC,100.0
2009,SE_ACS_ELECT,Hungary,UPPSEC,100.0
2009,SE_ACS_ELECT,Hungary,LOWSEC,100.0
2009,SE_ACS_ELECT,Hungary,PRIMAR,100.0
2010,SE_ACS_ELECT,Hungary,PRIMAR,100.0
2010,SE_ACS_ELECT,Hungary,LOWSEC,100.0
2010,SE_ACS_ELECT,Hungary,UPPSEC,100.0
2011,SE_ACS_ELECT,Hungary,UPPSEC,100.0
2011,SE_ACS_ELECT,Hungary,LOWSEC,100.0
2011,SE_ACS_ELECT,Hungary,PRIMAR,100.0
2012,SE_ACS_ELECT,Hungary,PRIMAR,100.0
2012,SE_ACS_ELECT,Hungary,LOWSEC,100.0
2012,SE_ACS_ELECT,Hungary,UPPSEC,100.0
2013,SE_ACS_ELECT,Hungary,UPPSEC,100.0
2013,SE_ACS_ELECT,Hungary,LOWSEC,100.0
2013,SE_ACS_ELECT,Hungary,PRIMAR,100.0
2014,SE_ACS_ELECT,Hungary,PRIMAR,100.0
2014,SE_ACS_ELECT,Hungary,LOWSEC,100.0
2014,SE_ACS_ELECT,Hungary,UPPSEC,100.0
2015,SE_ACS_ELECT,Hungary,UPPSEC,100.0
2015,SE_ACS_ELECT,Hungary,LOWSEC,100.0
2015,SE_ACS_ELECT,Hungary,PRIMAR,100.0
2016,SE_ACS_ELECT,Hungary,PRIMAR,100.0
2016,SE_ACS_ELECT,Hungary,LOWSEC,100.0
2016,SE_ACS_ELECT,Hungary,UPPSEC,100.0
2019,SE_ACS_ELECT,Hungary,LOWSEC,100.0
2019,SE_ACS_ELECT,Hungary,PRIMAR,91.24685
2019,SE_ACS_ELECT,Hungary,UPPSEC,78.34101
2012,SE_ACS_ELECT,India,PRIMAR,45.3822
2012,SE_ACS_ELECT,India,LOWSEC,62.78664
2012,SE_ACS_ELECT,India,UPPSEC,86.71844
2016,SE_ACS_ELECT,India,UPPSEC,88.9573
2016,SE_ACS_ELECT,India,LOWSEC,62.86908
2016,SE_ACS_ELECT,India,PRIMAR,47.39486
2017,SE_ACS_ELECT,India,PRIMAR,49.34596
2017,SE_ACS_ELECT,India,LOWSEC,65.51545
2017,SE_ACS_ELECT,India,UPPSEC,89.94799
2018,SE_ACS_ELECT,India,UPPSEC,90.07645
2018,SE_ACS_ELECT,India,PRIMAR,51.84405
2018,SE_ACS_ELECT,India,LOWSEC,67.71296
2019,SE_ACS_ELECT,India,LOWSEC,78.2964
2019,SE_ACS_ELECT,India,PRIMAR,65.18875
2019,SE_ACS_ELECT,India,UPPSEC,92.3013
2020,SE_ACS_ELECT,India,UPPSEC,95.53858
2020,SE_ACS_ELECT,India,PRIMAR,76.91855
2020,SE_ACS_ELECT,India,LOWSEC,87.08015
2021,SE_ACS_ELECT,India,LOWSEC,87.22072
2021,SE_ACS_ELECT,India,PRIMAR,77.32561
2021,SE_ACS_ELECT,India,UPPSEC,93.49221
2022,SE_ACS_ELECT,India,LOWSEC,91.5118
2022,SE_ACS_ELECT,India,UPPSEC,96.84787
2022,SE_ACS_ELECT,India,PRIMAR,85.19488
2000,SE_ACS_ELECT,Israel,UPPSEC,100.0
2000,SE_ACS_ELECT,Israel,PRIMAR,100.0
2000,SE_ACS_ELECT,Israel,LOWSEC,100.0
2001,SE_ACS_ELECT,Israel,LOWSEC,100.0
2001,SE_ACS_ELECT,Israel,PRIMAR,100.0
2001,SE_ACS_ELECT,Israel,UPPSEC,100.0
2002,SE_ACS_ELECT,Israel,UPPSEC,100.0
2002,SE_ACS_ELECT,Israel,PRIMAR,100.0
2002,SE_ACS_ELECT,Israel,LOWSEC,100.0
2003,SE_ACS_ELECT,Israel,UPPSEC,100.0
2003,SE_ACS_ELECT,Israel,LOWSEC,100.0
2003,SE_ACS_ELECT,Israel,PRIMAR,100.0
2004,SE_ACS_ELECT,Israel,UPPSEC,100.0
2004,SE_ACS_ELECT,Israel,PRIMAR,100.0
2004,SE_ACS_ELECT,Israel,LOWSEC,100.0
2005,SE_ACS_ELECT,Israel,LOWSEC,100.0
2005,SE_ACS_ELECT,Israel,PRIMAR,100.0
2005,SE_ACS_ELECT,Israel,UPPSEC,100.0
2006,SE_ACS_ELECT,Israel,UPPSEC,100.0
2006,SE_ACS_ELECT,Israel,PRIMAR,100.0
2006,SE_ACS_ELECT,Israel,LOWSEC,100.0
2007,SE_ACS_ELECT,Israel,LOWSEC,100.0
2007,SE_ACS_ELECT,Israel,PRIMAR,100.0
2007,SE_ACS_ELECT,Israel,UPPSEC,100.0
2008,SE_ACS_ELECT,Israel,UPPSEC,100.0
2008,SE_ACS_ELECT,Israel,PRIMAR,100.0
2008,SE_ACS_ELECT,Israel,LOWSEC,100.0
2009,SE_ACS_ELECT,Israel,LOWSEC,100.0
2009,SE_ACS_ELECT,Israel,PRIMAR,100.0
2009,SE_ACS_ELECT,Israel,UPPSEC,100.0
2010,SE_ACS_ELECT,Israel,UPPSEC,100.0
2010,SE_ACS_ELECT,Israel,PRIMAR,100.0
2010,SE_ACS_ELECT,Israel,LOWSEC,100.0
2011,SE_ACS_ELECT,Israel,LOWSEC,100.0
2011,SE_ACS_ELECT,Israel,PRIMAR,100.0
2011,SE_ACS_ELECT,Israel,UPPSEC,100.0
2012,SE_ACS_ELECT,Israel,UPPSEC,100.0
2012,SE_ACS_ELECT,Israel,PRIMAR,100.0
2012,SE_ACS_ELECT,Israel,LOWSEC,100.0
2013,SE_ACS_ELECT,Israel,LOWSEC,100.0
2013,SE_ACS_ELECT,Israel,PRIMAR,100.0
2013,SE_ACS_ELECT,Israel,UPPSEC,100.0
2014,SE_ACS_ELECT,Israel,PRIMAR,100.0
2014,SE_ACS_ELECT,Israel,LOWSEC,100.0
2014,SE_ACS_ELECT,Israel,UPPSEC,100.0
2015,SE_ACS_ELECT,Israel,LOWSEC,100.0
2015,SE_ACS_ELECT,Israel,PRIMAR,100.0
2015,SE_ACS_ELECT,Israel,UPPSEC,100.0
2016,SE_ACS_ELECT,Israel,UPPSEC,100.0
2016,SE_ACS_ELECT,Israel,PRIMAR,100.0
2016,SE_ACS_ELECT,Israel,LOWSEC,100.0
2000,SE_ACS_ELECT,Italy,LOWSEC,100.0
2000,SE_ACS_ELECT,Italy,PRIMAR,100.0
2000,SE_ACS_ELECT,Italy,UPPSEC,100.0
2001,SE_ACS_ELECT,Italy,UPPSEC,100.0
2001,SE_ACS_ELECT,Italy,PRIMAR,100.0
2001,SE_ACS_ELECT,Italy,LOWSEC,100.0
2002,SE_ACS_ELECT,Italy,UPPSEC,100.0
2002,SE_ACS_ELECT,Italy,LOWSEC,100.0
2002,SE_ACS_ELECT,Italy,PRIMAR,100.0
2003,SE_ACS_ELECT,Italy,UPPSEC,100.0
2003,SE_ACS_ELECT,Italy,PRIMAR,100.0
2003,SE_ACS_ELECT,Italy,LOWSEC,100.0
2004,SE_ACS_ELECT,Italy,LOWSEC,100.0
2004,SE_ACS_ELECT,Italy,PRIMAR,100.0
2004,SE_ACS_ELECT,Italy,UPPSEC,100.0
2005,SE_ACS_ELECT,Italy,UPPSEC,100.0
2005,SE_ACS_ELECT,Italy,PRIMAR,100.0
2005,SE_ACS_ELECT,Italy,LOWSEC,100.0
2006,SE_ACS_ELECT,Italy,LOWSEC,100.0
2006,SE_ACS_ELECT,Italy,PRIMAR,100.0
2006,SE_ACS_ELECT,Italy,UPPSEC,100.0
2007,SE_ACS_ELECT,Italy,UPPSEC,100.0
2007,SE_ACS_ELECT,Italy,PRIMAR,100.0
2007,SE_ACS_ELECT,Italy,LOWSEC,100.0
2008,SE_ACS_ELECT,Italy,LOWSEC,100.0
2008,SE_ACS_ELECT,Italy,PRIMAR,100.0
2008,SE_ACS_ELECT,Italy,UPPSEC,100.0
2009,SE_ACS_ELECT,Italy,UPPSEC,100.0
2009,SE_ACS_ELECT,Italy,PRIMAR,100.0
2009,SE_ACS_ELECT,Italy,LOWSEC,100.0
2010,SE_ACS_ELECT,Italy,LOWSEC,100.0
2010,SE_ACS_ELECT,Italy,PRIMAR,100.0
2010,SE_ACS_ELECT,Italy,UPPSEC,100.0
2011,SE_ACS_ELECT,Italy,UPPSEC,100.0
2011,SE_ACS_ELECT,Italy,PRIMAR,100.0
2011,SE_ACS_ELECT,Italy,LOWSEC,100.0
2012,SE_ACS_ELECT,Italy,LOWSEC,100.0
2012,SE_ACS_ELECT,Italy,PRIMAR,100.0
2012,SE_ACS_ELECT,Italy,UPPSEC,100.0
2013,SE_ACS_ELECT,Italy,PRIMAR,100.0
2013,SE_ACS_ELECT,Italy,LOWSEC,100.0
2013,SE_ACS_ELECT,Italy,UPPSEC,100.0
2014,SE_ACS_ELECT,Italy,LOWSEC,100.0
2014,SE_ACS_ELECT,Italy,PRIMAR,100.0
2014,SE_ACS_ELECT,Italy,UPPSEC,100.0
2015,SE_ACS_ELECT,Italy,UPPSEC,100.0
2015,SE_ACS_ELECT,Italy,PRIMAR,100.0
2015,SE_ACS_ELECT,Italy,LOWSEC,100.0
2016,SE_ACS_ELECT,Italy,LOWSEC,100.0
2016,SE_ACS_ELECT,Italy,PRIMAR,100.0
2016,SE_ACS_ELECT,Italy,UPPSEC,100.0
2017,SE_ACS_ELECT,Казахстан,LOWSEC,100.0
2017,SE_ACS_ELECT,Казахстан,PRIMAR,100.0
2017,SE_ACS_ELECT,Казахстан,UPPSEC,100.0
2018,SE_ACS_ELECT,Казахстан,PRIMAR,100.0
2018,SE_ACS_ELECT,Казахстан,LOWSEC,100.0
2018,SE_ACS_ELECT,Казахстан,UPPSEC,100.0
2019,SE_ACS_ELECT,Казахстан,LOWSEC,100.0
2019,SE_ACS_ELECT,Казахстан,PRIMAR,100.0
2019,SE_ACS_ELECT,Казахстан,UPPSEC,100.0
2020,SE_ACS_ELECT,Казахстан,UPPSEC,100.0
2020,SE_ACS_ELECT,Казахстан,PRIMAR,100.0
2020,SE_ACS_ELECT,Казахстан,LOWSEC,100.0
2000,SE_ACS_ELECT,Republic of Korea,PRIMAR,100.0
2000,SE_ACS_ELECT,Republic of Korea,UPPSEC,100.0
2000,SE_ACS_ELECT,Republic of Korea,LOWSEC,100.0
2001,SE_ACS_ELECT,Republic of Korea,LOWSEC,100.0
2001,SE_ACS_ELECT,Republic of Korea,UPPSEC,100.0
2001,SE_ACS_ELECT,Republic of Korea,PRIMAR,100.0
2002,SE_ACS_ELECT,Republic of Korea,PRIMAR,100.0
2002,SE_ACS_ELECT,Republic of Korea,UPPSEC,100.0
2002,SE_ACS_ELECT,Republic of Korea,LOWSEC,100.0
2003,SE_ACS_ELECT,Republic of Korea,LOWSEC,100.0
2003,SE_ACS_ELECT,Republic of Korea,UPPSEC,100.0
2003,SE_ACS_ELECT,Republic of Korea,PRIMAR,100.0
2004,SE_ACS_ELECT,Republic of Korea,PRIMAR,100.0
2004,SE_ACS_ELECT,Republic of Korea,UPPSEC,100.0
2004,SE_ACS_ELECT,Republic of Korea,LOWSEC,100.0
2005,SE_ACS_ELECT,Republic of Korea,LOWSEC,100.0
2005,SE_ACS_ELECT,Republic of Korea,UPPSEC,100.0
2005,SE_ACS_ELECT,Republic of Korea,PRIMAR,100.0
2006,SE_ACS_ELECT,Republic of Korea,PRIMAR,100.0
2006,SE_ACS_ELECT,Republic of Korea,UPPSEC,100.0
2006,SE_ACS_ELECT,Republic of Korea,LOWSEC,100.0
2007,SE_ACS_ELECT,Republic of Korea,LOWSEC,100.0
2007,SE_ACS_ELECT,Republic of Korea,UPPSEC,100.0
2007,SE_ACS_ELECT,Republic of Korea,PRIMAR,100.0
2008,SE_ACS_ELECT,Republic of Korea,PRIMAR,100.0
2008,SE_ACS_ELECT,Republic of Korea,UPPSEC,100.0
2008,SE_ACS_ELECT,Republic of Korea,LOWSEC,100.0
2009,SE_ACS_ELECT,Republic of Korea,LOWSEC,100.0
2009,SE_ACS_ELECT,Republic of Korea,UPPSEC,100.0
2009,SE_ACS_ELECT,Republic of Korea,PRIMAR,100.0
2010,SE_ACS_ELECT,Republic of Korea,PRIMAR,100.0
2010,SE_ACS_ELECT,Republic of Korea,UPPSEC,100.0
2010,SE_ACS_ELECT,Republic of Korea,LOWSEC,100.0
2011,SE_ACS_ELECT,Republic of Korea,LOWSEC,100.0
2011,SE_ACS_ELECT,Republic of Korea,UPPSEC,100.0
2011,SE_ACS_ELECT,Republic of Korea,PRIMAR,100.0
2012,SE_ACS_ELECT,Republic of Korea,PRIMAR,100.0
2012,SE_ACS_ELECT,Republic of Korea,UPPSEC,100.0
2012,SE_ACS_ELECT,Republic of Korea,LOWSEC,100.0
2013,SE_ACS_ELECT,Republic of Korea,LOWSEC,100.0
2013,SE_ACS_ELECT,Republic of Korea,UPPSEC,100.0
2013,SE_ACS_ELECT,Republic of Korea,PRIMAR,100.0
2014,SE_ACS_ELECT,Republic of Korea,PRIMAR,100.0
2014,SE_ACS_ELECT,Republic of Korea,UPPSEC,100.0
2014,SE_ACS_ELECT,Republic of Korea,LOWSEC,100.0
2015,SE_ACS_ELECT,Republic of Korea,LOWSEC,100.0
2015,SE_ACS_ELECT,Republic of Korea,UPPSEC,100.0
2015,SE_ACS_ELECT,Republic of Korea,PRIMAR,100.0
2016,SE_ACS_ELECT,Republic of Korea,PRIMAR,100.0
2016,SE_ACS_ELECT,Republic of Korea,UPPSEC,100.0
2016,SE_ACS_ELECT,Republic of Korea,LOWSEC,100.0
2017,SE_ACS_ELECT,Republic of Korea,LOWSEC,100.0
2017,SE_ACS_ELECT,Republic of Korea,UPPSEC,100.0
2017,SE_ACS_ELECT,Republic of Korea,PRIMAR,100.0
2018,SE_ACS_ELECT,Republic of Korea,PRIMAR,100.0
2018,SE_ACS_ELECT,Republic of Korea,UPPSEC,100.0
2018,SE_ACS_ELECT,Republic of Korea,LOWSEC,100.0
2019,SE_ACS_ELECT,Republic of Korea,LOWSEC,100.0
2019,SE_ACS_ELECT,Republic of Korea,UPPSEC,100.0
2019,SE_ACS_ELECT,Republic of Korea,PRIMAR,100.0
2020,SE_ACS_ELECT,Republic of Korea,PRIMAR,100.0
2020,SE_ACS_ELECT,Republic of Korea,UPPSEC,100.0
2020,SE_ACS_ELECT,Republic of Korea,LOWSEC,100.0
2016,SE_ACS_ELECT,Кыргызстан,UPPSEC,100.0
2017,SE_ACS_ELECT,Кыргызстан,PRIMAR,100.0
2017,SE_ACS_ELECT,Кыргызстан,LOWSEC,100.0
2017,SE_ACS_ELECT,Кыргызстан,UPPSEC,100.0
2018,SE_ACS_ELECT,Кыргызстан,UPPSEC,100.0
2019,SE_ACS_ELECT,Кыргызстан,UPPSEC,100.0
2020,SE_ACS_ELECT,Кыргызстан,UPPSEC,100.0
2021,SE_ACS_ELECT,Кыргызстан,UPPSEC,100.0
2016,SE_ACS_ELECT,Latvia,UPPSEC,100.0
2016,SE_ACS_ELECT,Latvia,PRIMAR,100.0
2016,SE_ACS_ELECT,Latvia,LOWSEC,100.0
2020,SE_ACS_ELECT,Lithuania,LOWSEC,100.0
2020,SE_ACS_ELECT,Lithuania,PRIMAR,100.0
2020,SE_ACS_ELECT,Lithuania,UPPSEC,100.0
2013,SE_ACS_ELECT,Mexico,PRIMAR,97.16095
2016,SE_ACS_ELECT,Mexico,UPPSEC,89.2469
2016,SE_ACS_ELECT,Republic of Moldova,PRIMAR,100.0
2016,SE_ACS_ELECT,Republic of Moldova,LOWSEC,100.0
2016,SE_ACS_ELECT,Republic of Moldova,UPPSEC,100.0
2017,SE_ACS_ELECT,Republic of Moldova,UPPSEC,100.0
2017,SE_ACS_ELECT,Republic of Moldova,LOWSEC,100.0
2017,SE_ACS_ELECT,Republic of Moldova,PRIMAR,100.0
2018,SE_ACS_ELECT,Republic of Moldova,PRIMAR,100.0
2018,SE_ACS_ELECT,Republic of Moldova,LOWSEC,100.0
2018,SE_ACS_ELECT,Republic of Moldova,UPPSEC,100.0
2019,SE_ACS_ELECT,Republic of Moldova,UPPSEC,100.0
2019,SE_ACS_ELECT,Republic of Moldova,LOWSEC,100.0
2019,SE_ACS_ELECT,Republic of Moldova,PRIMAR,100.0
2020,SE_ACS_ELECT,Узбекистан,PRIMAR,100.0
2021,SE_ACS_ELECT,Узбекистан,PRIMAR,100.0
2021,SE_ACS_ELECT,Узбекистан,LOWSEC,100.0
2021,SE_ACS_ELECT,Узбекистан,UPPSEC,99.63325
2021,SE_ACS_ELECT,Узбекистан,UPPSEC,99.63325
