Year,SeriesCode,Страна ,Sex,Value
2010,IC_GEN_MGTN_19ICLS,Australia,FEMALE,33.53
2011,IC_GEN_MGTN_19ICLS,Australia,FEMALE,27.61
2012,IC_GEN_MGTN_19ICLS,Australia,FEMALE,29.89
2013,IC_GEN_MGTN_19ICLS,Australia,FEMALE,32.87
2014,IC_GEN_MGTN_19ICLS,Australia,FEMALE,34.99
2015,IC_GEN_MGTN_19ICLS,Australia,FEMALE,35.3
2016,IC_GEN_MGTN_19ICLS,Australia,FEMALE,36.23
2017,IC_GEN_MGTN_19ICLS,Australia,FEMALE,35.11
2018,IC_GEN_MGTN_19ICLS,Australia,FEMALE,33.85
2019,IC_GEN_MGTN_19ICLS,Australia,FEMALE,34.65
2020,IC_GEN_MGTN_19ICLS,Australia,FEMALE,34.16
2000,IC_GEN_MGTN_19ICLS,Austria,FEMALE,28.13
2001,IC_GEN_MGTN_19ICLS,Austria,FEMALE,29.38
2002,IC_GEN_MGTN_19ICLS,Austria,FEMALE,30.78
2003,IC_GEN_MGTN_19ICLS,Austria,FEMALE,28.5
2004,IC_GEN_MGTN_19ICLS,Austria,FEMALE,23.02
2005,IC_GEN_MGTN_19ICLS,Austria,FEMALE,21.5
2006,IC_GEN_MGTN_19ICLS,Austria,FEMALE,20.96
2007,IC_GEN_MGTN_19ICLS,Austria,FEMALE,21.0
2008,IC_GEN_MGTN_19ICLS,Austria,FEMALE,25.19
2009,IC_GEN_MGTN_19ICLS,Austria,FEMALE,23.25
2010,IC_GEN_MGTN_19ICLS,Austria,FEMALE,25.42
2011,IC_GEN_MGTN_19ICLS,Austria,FEMALE,26.07
2012,IC_GEN_MGTN_19ICLS,Austria,FEMALE,27.13
2013,IC_GEN_MGTN_19ICLS,Austria,FEMALE,26.33
2014,IC_GEN_MGTN_19ICLS,Austria,FEMALE,27.85
2015,IC_GEN_MGTN_19ICLS,Austria,FEMALE,27.88
2016,IC_GEN_MGTN_19ICLS,Austria,FEMALE,29.52
2017,IC_GEN_MGTN_19ICLS,Austria,FEMALE,29.19
2018,IC_GEN_MGTN_19ICLS,Austria,FEMALE,28.86
2019,IC_GEN_MGTN_19ICLS,Austria,FEMALE,32.01
2020,IC_GEN_MGTN_19ICLS,Austria,FEMALE,31.47
2021,IC_GEN_MGTN_19ICLS,Austria,FEMALE,34.31
2000,IC_GEN_MGTN_19ICLS,Belgium,FEMALE,24.53
2001,IC_GEN_MGTN_19ICLS,Belgium,FEMALE,28.38
2002,IC_GEN_MGTN_19ICLS,Belgium,FEMALE,27.97
2003,IC_GEN_MGTN_19ICLS,Belgium,FEMALE,27.33
2004,IC_GEN_MGTN_19ICLS,Belgium,FEMALE,26.91
2005,IC_GEN_MGTN_19ICLS,Belgium,FEMALE,30.24
2006,IC_GEN_MGTN_19ICLS,Belgium,FEMALE,31.13
2007,IC_GEN_MGTN_19ICLS,Belgium,FEMALE,33.54
2008,IC_GEN_MGTN_19ICLS,Belgium,FEMALE,31.9
2009,IC_GEN_MGTN_19ICLS,Belgium,FEMALE,34.57
2010,IC_GEN_MGTN_19ICLS,Belgium,FEMALE,34.77
2011,IC_GEN_MGTN_19ICLS,Belgium,FEMALE,30.45
2012,IC_GEN_MGTN_19ICLS,Belgium,FEMALE,31.67
2013,IC_GEN_MGTN_19ICLS,Belgium,FEMALE,30.75
2014,IC_GEN_MGTN_19ICLS,Belgium,FEMALE,31.3
2015,IC_GEN_MGTN_19ICLS,Belgium,FEMALE,31.04
2016,IC_GEN_MGTN_19ICLS,Belgium,FEMALE,31.98
2017,IC_GEN_MGTN_19ICLS,Belgium,FEMALE,32.94
2018,IC_GEN_MGTN_19ICLS,Belgium,FEMALE,32.87
2019,IC_GEN_MGTN_19ICLS,Belgium,FEMALE,35.07
2020,IC_GEN_MGTN_19ICLS,Belgium,FEMALE,36.45
2021,IC_GEN_MGTN_19ICLS,Belgium,FEMALE,34.45
2021,IC_GEN_MGTN_19ICLS,Bosnia and Herzegovina,FEMALE,20.17
2000,IC_GEN_MGTN_19ICLS,Bulgaria,FEMALE,37.46
2001,IC_GEN_MGTN_19ICLS,Bulgaria,FEMALE,40.52
2002,IC_GEN_MGTN_19ICLS,Bulgaria,FEMALE,42.31
2003,IC_GEN_MGTN_19ICLS,Bulgaria,FEMALE,37.8
2004,IC_GEN_MGTN_19ICLS,Bulgaria,FEMALE,41.43
2005,IC_GEN_MGTN_19ICLS,Bulgaria,FEMALE,40.61
2006,IC_GEN_MGTN_19ICLS,Bulgaria,FEMALE,37.56
2007,IC_GEN_MGTN_19ICLS,Bulgaria,FEMALE,36.41
2008,IC_GEN_MGTN_19ICLS,Bulgaria,FEMALE,36.23
2009,IC_GEN_MGTN_19ICLS,Bulgaria,FEMALE,36.42
2010,IC_GEN_MGTN_19ICLS,Bulgaria,FEMALE,38.59
2011,IC_GEN_MGTN_19ICLS,Bulgaria,FEMALE,38.04
2012,IC_GEN_MGTN_19ICLS,Bulgaria,FEMALE,36.8
2013,IC_GEN_MGTN_19ICLS,Bulgaria,FEMALE,37.46
2014,IC_GEN_MGTN_19ICLS,Bulgaria,FEMALE,34.27
2015,IC_GEN_MGTN_19ICLS,Bulgaria,FEMALE,37.35
2016,IC_GEN_MGTN_19ICLS,Bulgaria,FEMALE,38.58
2017,IC_GEN_MGTN_19ICLS,Bulgaria,FEMALE,41.78
2018,IC_GEN_MGTN_19ICLS,Bulgaria,FEMALE,39.62
2019,IC_GEN_MGTN_19ICLS,Bulgaria,FEMALE,39.35
2020,IC_GEN_MGTN_19ICLS,Bulgaria,FEMALE,42.12
2021,IC_GEN_MGTN_19ICLS,Bulgaria,FEMALE,38.02
2000,IC_GEN_MGTN_19ICLS,Chile,FEMALE,35.52
2003,IC_GEN_MGTN_19ICLS,Chile,FEMALE,42.6
2006,IC_GEN_MGTN_19ICLS,Chile,FEMALE,28.75
2009,IC_GEN_MGTN_19ICLS,Chile,FEMALE,28.29
2011,IC_GEN_MGTN_19ICLS,Chile,FEMALE,48.55
2013,IC_GEN_MGTN_19ICLS,Chile,FEMALE,44.65
2015,IC_GEN_MGTN_19ICLS,Chile,FEMALE,46.41
2017,IC_GEN_MGTN_19ICLS,Chile,FEMALE,43.07
2020,IC_GEN_MGTN_19ICLS,Chile,FEMALE,37.47
2017,IC_GEN_MGTN_19ICLS,Costa Rica,FEMALE,41.43
2018,IC_GEN_MGTN_19ICLS,Costa Rica,FEMALE,37.52
2019,IC_GEN_MGTN_19ICLS,Costa Rica,FEMALE,42.77
2021,IC_GEN_MGTN_19ICLS,Costa Rica,FEMALE,41.63
2002,IC_GEN_MGTN_19ICLS,Croatia,FEMALE,26.75
2003,IC_GEN_MGTN_19ICLS,Croatia,FEMALE,28.26
2004,IC_GEN_MGTN_19ICLS,Croatia,FEMALE,17.51
2005,IC_GEN_MGTN_19ICLS,Croatia,FEMALE,28.21
2006,IC_GEN_MGTN_19ICLS,Croatia,FEMALE,27.47
2007,IC_GEN_MGTN_19ICLS,Croatia,FEMALE,22.72
2008,IC_GEN_MGTN_19ICLS,Croatia,FEMALE,32.1
2009,IC_GEN_MGTN_19ICLS,Croatia,FEMALE,37.2
2010,IC_GEN_MGTN_19ICLS,Croatia,FEMALE,27.43
2011,IC_GEN_MGTN_19ICLS,Croatia,FEMALE,23.57
2012,IC_GEN_MGTN_19ICLS,Croatia,FEMALE,25.77
2013,IC_GEN_MGTN_19ICLS,Croatia,FEMALE,23.87
2014,IC_GEN_MGTN_19ICLS,Croatia,FEMALE,24.37
2015,IC_GEN_MGTN_19ICLS,Croatia,FEMALE,26.12
2016,IC_GEN_MGTN_19ICLS,Croatia,FEMALE,29.5
2017,IC_GEN_MGTN_19ICLS,Croatia,FEMALE,27.88
2018,IC_GEN_MGTN_19ICLS,Croatia,FEMALE,26.09
2019,IC_GEN_MGTN_19ICLS,Croatia,FEMALE,24.27
2020,IC_GEN_MGTN_19ICLS,Croatia,FEMALE,29.13
2021,IC_GEN_MGTN_19ICLS,Croatia,FEMALE,29.61
2000,IC_GEN_MGTN_19ICLS,Cyprus,FEMALE,18.49
2001,IC_GEN_MGTN_19ICLS,Cyprus,FEMALE,18.55
2002,IC_GEN_MGTN_19ICLS,Cyprus,FEMALE,17.3
2003,IC_GEN_MGTN_19ICLS,Cyprus,FEMALE,17.94
2004,IC_GEN_MGTN_19ICLS,Cyprus,FEMALE,15.57
2005,IC_GEN_MGTN_19ICLS,Cyprus,FEMALE,17.07
2006,IC_GEN_MGTN_19ICLS,Cyprus,FEMALE,17.23
2007,IC_GEN_MGTN_19ICLS,Cyprus,FEMALE,17.69
2008,IC_GEN_MGTN_19ICLS,Cyprus,FEMALE,20.44
2009,IC_GEN_MGTN_19ICLS,Cyprus,FEMALE,13.76
2010,IC_GEN_MGTN_19ICLS,Cyprus,FEMALE,14.32
2011,IC_GEN_MGTN_19ICLS,Cyprus,FEMALE,14.67
2012,IC_GEN_MGTN_19ICLS,Cyprus,FEMALE,16.44
2013,IC_GEN_MGTN_19ICLS,Cyprus,FEMALE,18.7
2014,IC_GEN_MGTN_19ICLS,Cyprus,FEMALE,18.14
2015,IC_GEN_MGTN_19ICLS,Cyprus,FEMALE,25.22
2016,IC_GEN_MGTN_19ICLS,Cyprus,FEMALE,26.99
2017,IC_GEN_MGTN_19ICLS,Cyprus,FEMALE,22.35
2018,IC_GEN_MGTN_19ICLS,Cyprus,FEMALE,19.7
2019,IC_GEN_MGTN_19ICLS,Cyprus,FEMALE,23.74
2020,IC_GEN_MGTN_19ICLS,Cyprus,FEMALE,25.22
2021,IC_GEN_MGTN_19ICLS,Cyprus,FEMALE,22.43
2000,IC_GEN_MGTN_19ICLS,Czechia,FEMALE,27.83
2001,IC_GEN_MGTN_19ICLS,Czechia,FEMALE,28.9
2002,IC_GEN_MGTN_19ICLS,Czechia,FEMALE,28.77
2003,IC_GEN_MGTN_19ICLS,Czechia,FEMALE,30.37
2004,IC_GEN_MGTN_19ICLS,Czechia,FEMALE,29.42
2005,IC_GEN_MGTN_19ICLS,Czechia,FEMALE,31.6
2006,IC_GEN_MGTN_19ICLS,Czechia,FEMALE,30.7
2007,IC_GEN_MGTN_19ICLS,Czechia,FEMALE,29.5
2008,IC_GEN_MGTN_19ICLS,Czechia,FEMALE,29.29
2009,IC_GEN_MGTN_19ICLS,Czechia,FEMALE,28.91
2010,IC_GEN_MGTN_19ICLS,Czechia,FEMALE,27.84
2011,IC_GEN_MGTN_19ICLS,Czechia,FEMALE,23.76
2012,IC_GEN_MGTN_19ICLS,Czechia,FEMALE,22.92
2013,IC_GEN_MGTN_19ICLS,Czechia,FEMALE,24.34
2014,IC_GEN_MGTN_19ICLS,Czechia,FEMALE,26.31
2015,IC_GEN_MGTN_19ICLS,Czechia,FEMALE,27.52
2016,IC_GEN_MGTN_19ICLS,Czechia,FEMALE,23.02
2017,IC_GEN_MGTN_19ICLS,Czechia,FEMALE,23.96
2018,IC_GEN_MGTN_19ICLS,Czechia,FEMALE,26.2
2019,IC_GEN_MGTN_19ICLS,Czechia,FEMALE,26.61
2020,IC_GEN_MGTN_19ICLS,Czechia,FEMALE,27.43
2021,IC_GEN_MGTN_19ICLS,Czechia,FEMALE,27.63
2000,IC_GEN_MGTN_19ICLS,Denmark,FEMALE,19.74
2001,IC_GEN_MGTN_19ICLS,Denmark,FEMALE,17.57
2002,IC_GEN_MGTN_19ICLS,Denmark,FEMALE,17.88
2003,IC_GEN_MGTN_19ICLS,Denmark,FEMALE,20.48
2004,IC_GEN_MGTN_19ICLS,Denmark,FEMALE,20.62
2005,IC_GEN_MGTN_19ICLS,Denmark,FEMALE,21.36
2006,IC_GEN_MGTN_19ICLS,Denmark,FEMALE,20.36
2007,IC_GEN_MGTN_19ICLS,Denmark,FEMALE,25.3
2008,IC_GEN_MGTN_19ICLS,Denmark,FEMALE,19.42
2009,IC_GEN_MGTN_19ICLS,Denmark,FEMALE,19.89
2010,IC_GEN_MGTN_19ICLS,Denmark,FEMALE,19.14
2011,IC_GEN_MGTN_19ICLS,Denmark,FEMALE,28.5
2012,IC_GEN_MGTN_19ICLS,Denmark,FEMALE,28.56
2013,IC_GEN_MGTN_19ICLS,Denmark,FEMALE,26.96
2014,IC_GEN_MGTN_19ICLS,Denmark,FEMALE,25.86
2015,IC_GEN_MGTN_19ICLS,Denmark,FEMALE,26.19
2016,IC_GEN_MGTN_19ICLS,Denmark,FEMALE,28.01
2017,IC_GEN_MGTN_19ICLS,Denmark,FEMALE,27.0
2018,IC_GEN_MGTN_19ICLS,Denmark,FEMALE,26.33
2019,IC_GEN_MGTN_19ICLS,Denmark,FEMALE,26.63
2020,IC_GEN_MGTN_19ICLS,Denmark,FEMALE,28.03
2021,IC_GEN_MGTN_19ICLS,Denmark,FEMALE,29.43
2000,IC_GEN_MGTN_19ICLS,Estonia,FEMALE,34.83
2001,IC_GEN_MGTN_19ICLS,Estonia,FEMALE,38.17
2002,IC_GEN_MGTN_19ICLS,Estonia,FEMALE,37.17
2003,IC_GEN_MGTN_19ICLS,Estonia,FEMALE,34.8
2004,IC_GEN_MGTN_19ICLS,Estonia,FEMALE,41.23
2005,IC_GEN_MGTN_19ICLS,Estonia,FEMALE,41.04
2006,IC_GEN_MGTN_19ICLS,Estonia,FEMALE,39.63
2007,IC_GEN_MGTN_19ICLS,Estonia,FEMALE,34.91
2008,IC_GEN_MGTN_19ICLS,Estonia,FEMALE,36.6
2009,IC_GEN_MGTN_19ICLS,Estonia,FEMALE,34.34
2010,IC_GEN_MGTN_19ICLS,Estonia,FEMALE,38.37
2011,IC_GEN_MGTN_19ICLS,Estonia,FEMALE,34.63
2012,IC_GEN_MGTN_19ICLS,Estonia,FEMALE,31.62
2013,IC_GEN_MGTN_19ICLS,Estonia,FEMALE,32.81
2014,IC_GEN_MGTN_19ICLS,Estonia,FEMALE,30.84
2015,IC_GEN_MGTN_19ICLS,Estonia,FEMALE,27.84
2016,IC_GEN_MGTN_19ICLS,Estonia,FEMALE,31.63
2017,IC_GEN_MGTN_19ICLS,Estonia,FEMALE,34.33
2018,IC_GEN_MGTN_19ICLS,Estonia,FEMALE,33.24
2019,IC_GEN_MGTN_19ICLS,Estonia,FEMALE,35.11
2020,IC_GEN_MGTN_19ICLS,Estonia,FEMALE,35.83
2000,IC_GEN_MGTN_19ICLS,Finland,FEMALE,27.55
2001,IC_GEN_MGTN_19ICLS,Finland,FEMALE,29.74
2002,IC_GEN_MGTN_19ICLS,Finland,FEMALE,30.23
2003,IC_GEN_MGTN_19ICLS,Finland,FEMALE,30.93
2004,IC_GEN_MGTN_19ICLS,Finland,FEMALE,30.68
2005,IC_GEN_MGTN_19ICLS,Finland,FEMALE,32.82
2006,IC_GEN_MGTN_19ICLS,Finland,FEMALE,33.61
2007,IC_GEN_MGTN_19ICLS,Finland,FEMALE,32.06
2008,IC_GEN_MGTN_19ICLS,Finland,FEMALE,32.36
2009,IC_GEN_MGTN_19ICLS,Finland,FEMALE,35.42
2010,IC_GEN_MGTN_19ICLS,Finland,FEMALE,32.75
2011,IC_GEN_MGTN_19ICLS,Finland,FEMALE,32.01
2012,IC_GEN_MGTN_19ICLS,Finland,FEMALE,30.57
2013,IC_GEN_MGTN_19ICLS,Finland,FEMALE,31.26
2014,IC_GEN_MGTN_19ICLS,Finland,FEMALE,33.31
2015,IC_GEN_MGTN_19ICLS,Finland,FEMALE,37.2
2016,IC_GEN_MGTN_19ICLS,Finland,FEMALE,30.68
2017,IC_GEN_MGTN_19ICLS,Finland,FEMALE,33.05
2018,IC_GEN_MGTN_19ICLS,Finland,FEMALE,30.96
2019,IC_GEN_MGTN_19ICLS,Finland,FEMALE,33.37
2020,IC_GEN_MGTN_19ICLS,Finland,FEMALE,40.82
2021,IC_GEN_MGTN_19ICLS,Finland,FEMALE,35.61
2000,IC_GEN_MGTN_19ICLS,France,FEMALE,31.55
2001,IC_GEN_MGTN_19ICLS,France,FEMALE,32.56
2002,IC_GEN_MGTN_19ICLS,France,FEMALE,34.49
2005,IC_GEN_MGTN_19ICLS,France,FEMALE,36.37
2006,IC_GEN_MGTN_19ICLS,France,FEMALE,37.01
2007,IC_GEN_MGTN_19ICLS,France,FEMALE,36.46
2008,IC_GEN_MGTN_19ICLS,France,FEMALE,36.79
2009,IC_GEN_MGTN_19ICLS,France,FEMALE,37.37
2010,IC_GEN_MGTN_19ICLS,France,FEMALE,38.59
2011,IC_GEN_MGTN_19ICLS,France,FEMALE,39.13
2012,IC_GEN_MGTN_19ICLS,France,FEMALE,39.2
2013,IC_GEN_MGTN_19ICLS,France,FEMALE,35.58
2014,IC_GEN_MGTN_19ICLS,France,FEMALE,32.03
2015,IC_GEN_MGTN_19ICLS,France,FEMALE,30.93
2016,IC_GEN_MGTN_19ICLS,France,FEMALE,31.07
2017,IC_GEN_MGTN_19ICLS,France,FEMALE,32.64
2018,IC_GEN_MGTN_19ICLS,France,FEMALE,34.38
2019,IC_GEN_MGTN_19ICLS,France,FEMALE,34.3
2020,IC_GEN_MGTN_19ICLS,France,FEMALE,34.95
2021,IC_GEN_MGTN_19ICLS,France,FEMALE,36.76
2020,IC_GEN_MGTN_19ICLS,Georgia,FEMALE,33.76
2021,IC_GEN_MGTN_19ICLS,Georgia,FEMALE,33.9
2000,IC_GEN_MGTN_19ICLS,Germany,FEMALE,20.75
2001,IC_GEN_MGTN_19ICLS,Germany,FEMALE,20.55
2002,IC_GEN_MGTN_19ICLS,Germany,FEMALE,22.09
2003,IC_GEN_MGTN_19ICLS,Germany,FEMALE,23.14
2004,IC_GEN_MGTN_19ICLS,Germany,FEMALE,22.75
2005,IC_GEN_MGTN_19ICLS,Germany,FEMALE,23.51
2006,IC_GEN_MGTN_19ICLS,Germany,FEMALE,23.74
2007,IC_GEN_MGTN_19ICLS,Germany,FEMALE,23.13
2008,IC_GEN_MGTN_19ICLS,Germany,FEMALE,26.85
2009,IC_GEN_MGTN_19ICLS,Germany,FEMALE,25.03
2010,IC_GEN_MGTN_19ICLS,Germany,FEMALE,26.26
2011,IC_GEN_MGTN_19ICLS,Germany,FEMALE,24.68
2012,IC_GEN_MGTN_19ICLS,Germany,FEMALE,27.14
2013,IC_GEN_MGTN_19ICLS,Germany,FEMALE,27.39
2014,IC_GEN_MGTN_19ICLS,Germany,FEMALE,27.53
2015,IC_GEN_MGTN_19ICLS,Germany,FEMALE,27.56
2016,IC_GEN_MGTN_19ICLS,Germany,FEMALE,28.23
2017,IC_GEN_MGTN_19ICLS,Germany,FEMALE,27.95
2018,IC_GEN_MGTN_19ICLS,Germany,FEMALE,28.22
2019,IC_GEN_MGTN_19ICLS,Germany,FEMALE,28.76
2020,IC_GEN_MGTN_19ICLS,Germany,FEMALE,27.96
2021,IC_GEN_MGTN_19ICLS,Germany,FEMALE,26.53
2000,IC_GEN_MGTN_19ICLS,Greece,FEMALE,25.0
2001,IC_GEN_MGTN_19ICLS,Greece,FEMALE,24.81
2002,IC_GEN_MGTN_19ICLS,Greece,FEMALE,25.33
2003,IC_GEN_MGTN_19ICLS,Greece,FEMALE,26.36
2004,IC_GEN_MGTN_19ICLS,Greece,FEMALE,25.76
2005,IC_GEN_MGTN_19ICLS,Greece,FEMALE,26.36
2006,IC_GEN_MGTN_19ICLS,Greece,FEMALE,26.66
2007,IC_GEN_MGTN_19ICLS,Greece,FEMALE,28.03
2008,IC_GEN_MGTN_19ICLS,Greece,FEMALE,28.3
2009,IC_GEN_MGTN_19ICLS,Greece,FEMALE,29.8
2010,IC_GEN_MGTN_19ICLS,Greece,FEMALE,29.85
2011,IC_GEN_MGTN_19ICLS,Greece,FEMALE,22.08
2012,IC_GEN_MGTN_19ICLS,Greece,FEMALE,22.17
2013,IC_GEN_MGTN_19ICLS,Greece,FEMALE,25.66
2014,IC_GEN_MGTN_19ICLS,Greece,FEMALE,27.75
2015,IC_GEN_MGTN_19ICLS,Greece,FEMALE,24.76
2016,IC_GEN_MGTN_19ICLS,Greece,FEMALE,24.7
2017,IC_GEN_MGTN_19ICLS,Greece,FEMALE,29.88
2018,IC_GEN_MGTN_19ICLS,Greece,FEMALE,30.4
2019,IC_GEN_MGTN_19ICLS,Greece,FEMALE,30.54
2020,IC_GEN_MGTN_19ICLS,Greece,FEMALE,28.44
2021,IC_GEN_MGTN_19ICLS,Greece,FEMALE,29.44
2000,IC_GEN_MGTN_19ICLS,Hungary,FEMALE,34.19
2001,IC_GEN_MGTN_19ICLS,Hungary,FEMALE,37.65
2002,IC_GEN_MGTN_19ICLS,Hungary,FEMALE,37.86
2003,IC_GEN_MGTN_19ICLS,Hungary,FEMALE,37.19
2004,IC_GEN_MGTN_19ICLS,Hungary,FEMALE,36.65
2005,IC_GEN_MGTN_19ICLS,Hungary,FEMALE,39.4
2006,IC_GEN_MGTN_19ICLS,Hungary,FEMALE,40.94
2007,IC_GEN_MGTN_19ICLS,Hungary,FEMALE,39.04
2008,IC_GEN_MGTN_19ICLS,Hungary,FEMALE,40.78
2009,IC_GEN_MGTN_19ICLS,Hungary,FEMALE,39.9
2010,IC_GEN_MGTN_19ICLS,Hungary,FEMALE,39.96
2011,IC_GEN_MGTN_19ICLS,Hungary,FEMALE,38.22
2012,IC_GEN_MGTN_19ICLS,Hungary,FEMALE,36.26
2013,IC_GEN_MGTN_19ICLS,Hungary,FEMALE,38.26
2014,IC_GEN_MGTN_19ICLS,Hungary,FEMALE,37.59
2015,IC_GEN_MGTN_19ICLS,Hungary,FEMALE,39.06
2016,IC_GEN_MGTN_19ICLS,Hungary,FEMALE,37.72
2017,IC_GEN_MGTN_19ICLS,Hungary,FEMALE,37.64
2018,IC_GEN_MGTN_19ICLS,Hungary,FEMALE,37.05
2019,IC_GEN_MGTN_19ICLS,Hungary,FEMALE,35.9
2020,IC_GEN_MGTN_19ICLS,Hungary,FEMALE,36.78
2021,IC_GEN_MGTN_19ICLS,Hungary,FEMALE,36.02
2000,IC_GEN_MGTN_19ICLS,Iceland,FEMALE,30.41
2001,IC_GEN_MGTN_19ICLS,Iceland,FEMALE,30.18
2002,IC_GEN_MGTN_19ICLS,Iceland,FEMALE,32.26
2003,IC_GEN_MGTN_19ICLS,Iceland,FEMALE,40.0
2004,IC_GEN_MGTN_19ICLS,Iceland,FEMALE,38.12
2005,IC_GEN_MGTN_19ICLS,Iceland,FEMALE,30.04
2006,IC_GEN_MGTN_19ICLS,Iceland,FEMALE,33.97
2007,IC_GEN_MGTN_19ICLS,Iceland,FEMALE,33.05
2008,IC_GEN_MGTN_19ICLS,Iceland,FEMALE,36.96
2009,IC_GEN_MGTN_19ICLS,Iceland,FEMALE,38.35
2010,IC_GEN_MGTN_19ICLS,Iceland,FEMALE,37.14
2011,IC_GEN_MGTN_19ICLS,Iceland,FEMALE,39.09
2012,IC_GEN_MGTN_19ICLS,Iceland,FEMALE,38.2
2013,IC_GEN_MGTN_19ICLS,Iceland,FEMALE,37.83
2014,IC_GEN_MGTN_19ICLS,Iceland,FEMALE,38.24
2015,IC_GEN_MGTN_19ICLS,Iceland,FEMALE,39.51
2016,IC_GEN_MGTN_19ICLS,Iceland,FEMALE,34.76
2017,IC_GEN_MGTN_19ICLS,Iceland,FEMALE,32.96
2018,IC_GEN_MGTN_19ICLS,Iceland,FEMALE,43.05
2019,IC_GEN_MGTN_19ICLS,Iceland,FEMALE,44.01
2020,IC_GEN_MGTN_19ICLS,Iceland,FEMALE,38.62
2021,IC_GEN_MGTN_19ICLS,Iceland,FEMALE,37.34
2000,IC_GEN_MGTN_19ICLS,Ireland,FEMALE,35.23
2001,IC_GEN_MGTN_19ICLS,Ireland,FEMALE,39.89
2002,IC_GEN_MGTN_19ICLS,Ireland,FEMALE,38.66
2003,IC_GEN_MGTN_19ICLS,Ireland,FEMALE,40.8
2004,IC_GEN_MGTN_19ICLS,Ireland,FEMALE,39.72
2005,IC_GEN_MGTN_19ICLS,Ireland,FEMALE,42.76
2006,IC_GEN_MGTN_19ICLS,Ireland,FEMALE,41.79
2007,IC_GEN_MGTN_19ICLS,Ireland,FEMALE,40.26
2008,IC_GEN_MGTN_19ICLS,Ireland,FEMALE,42.22
2009,IC_GEN_MGTN_19ICLS,Ireland,FEMALE,40.97
2010,IC_GEN_MGTN_19ICLS,Ireland,FEMALE,40.71
2011,IC_GEN_MGTN_19ICLS,Ireland,FEMALE,30.42
2012,IC_GEN_MGTN_19ICLS,Ireland,FEMALE,30.6
2013,IC_GEN_MGTN_19ICLS,Ireland,FEMALE,30.49
2014,IC_GEN_MGTN_19ICLS,Ireland,FEMALE,31.64
2015,IC_GEN_MGTN_19ICLS,Ireland,FEMALE,30.93
2016,IC_GEN_MGTN_19ICLS,Ireland,FEMALE,32.37
2017,IC_GEN_MGTN_19ICLS,Ireland,FEMALE,31.89
2018,IC_GEN_MGTN_19ICLS,Ireland,FEMALE,33.51
2019,IC_GEN_MGTN_19ICLS,Ireland,FEMALE,31.26
2020,IC_GEN_MGTN_19ICLS,Ireland,FEMALE,32.25
2012,IC_GEN_MGTN_19ICLS,Israel,FEMALE,31.7
2013,IC_GEN_MGTN_19ICLS,Israel,FEMALE,32.5
2014,IC_GEN_MGTN_19ICLS,Israel,FEMALE,32.41
2015,IC_GEN_MGTN_19ICLS,Israel,FEMALE,31.93
2016,IC_GEN_MGTN_19ICLS,Israel,FEMALE,34.33
2017,IC_GEN_MGTN_19ICLS,Israel,FEMALE,34.84
2018,IC_GEN_MGTN_19ICLS,Israel,FEMALE,33.45
2019,IC_GEN_MGTN_19ICLS,Israel,FEMALE,30.83
2020,IC_GEN_MGTN_19ICLS,Israel,FEMALE,28.78
2021,IC_GEN_MGTN_19ICLS,Israel,FEMALE,30.06
2000,IC_GEN_MGTN_19ICLS,Italy,FEMALE,14.32
2001,IC_GEN_MGTN_19ICLS,Italy,FEMALE,18.75
2002,IC_GEN_MGTN_19ICLS,Italy,FEMALE,20.18
2003,IC_GEN_MGTN_19ICLS,Italy,FEMALE,20.84
2004,IC_GEN_MGTN_19ICLS,Italy,FEMALE,18.77
2005,IC_GEN_MGTN_19ICLS,Italy,FEMALE,19.67
2006,IC_GEN_MGTN_19ICLS,Italy,FEMALE,21.77
2007,IC_GEN_MGTN_19ICLS,Italy,FEMALE,22.03
2008,IC_GEN_MGTN_19ICLS,Italy,FEMALE,21.62
2009,IC_GEN_MGTN_19ICLS,Italy,FEMALE,21.57
2010,IC_GEN_MGTN_19ICLS,Italy,FEMALE,21.16
2011,IC_GEN_MGTN_19ICLS,Italy,FEMALE,21.59
2012,IC_GEN_MGTN_19ICLS,Italy,FEMALE,22.21
2013,IC_GEN_MGTN_19ICLS,Italy,FEMALE,22.02
2014,IC_GEN_MGTN_19ICLS,Italy,FEMALE,21.9
2015,IC_GEN_MGTN_19ICLS,Italy,FEMALE,21.75
2016,IC_GEN_MGTN_19ICLS,Italy,FEMALE,22.04
2017,IC_GEN_MGTN_19ICLS,Italy,FEMALE,22.34
2018,IC_GEN_MGTN_19ICLS,Italy,FEMALE,23.15
2019,IC_GEN_MGTN_19ICLS,Italy,FEMALE,23.27
2020,IC_GEN_MGTN_19ICLS,Italy,FEMALE,22.99
2021,IC_GEN_MGTN_19ICLS,Italy,FEMALE,24.4
2000,IC_GEN_MGTN_19ICLS,Japan,FEMALE,9.41
2001,IC_GEN_MGTN_19ICLS,Japan,FEMALE,9.16
2002,IC_GEN_MGTN_19ICLS,Japan,FEMALE,9.71
2003,IC_GEN_MGTN_19ICLS,Japan,FEMALE,9.49
2004,IC_GEN_MGTN_19ICLS,Japan,FEMALE,9.54
2005,IC_GEN_MGTN_19ICLS,Japan,FEMALE,9.93
2006,IC_GEN_MGTN_19ICLS,Japan,FEMALE,10.21
2007,IC_GEN_MGTN_19ICLS,Japan,FEMALE,9.51
2008,IC_GEN_MGTN_19ICLS,Japan,FEMALE,9.53
2009,IC_GEN_MGTN_19ICLS,Japan,FEMALE,10.23
2010,IC_GEN_MGTN_19ICLS,Japan,FEMALE,10.41
2011,IC_GEN_MGTN_19ICLS,Japan,FEMALE,11.74
2012,IC_GEN_MGTN_19ICLS,Japan,FEMALE,11.31
2013,IC_GEN_MGTN_19ICLS,Japan,FEMALE,10.85
2014,IC_GEN_MGTN_19ICLS,Japan,FEMALE,11.39
2015,IC_GEN_MGTN_19ICLS,Japan,FEMALE,12.05
2016,IC_GEN_MGTN_19ICLS,Japan,FEMALE,13.33
2017,IC_GEN_MGTN_19ICLS,Japan,FEMALE,12.78
2018,IC_GEN_MGTN_19ICLS,Japan,FEMALE,14.38
2019,IC_GEN_MGTN_19ICLS,Japan,FEMALE,14.72
2020,IC_GEN_MGTN_19ICLS,Japan,FEMALE,13.06
2000,IC_GEN_MGTN_19ICLS,Latvia,FEMALE,37.07
2001,IC_GEN_MGTN_19ICLS,Latvia,FEMALE,39.98
2002,IC_GEN_MGTN_19ICLS,Latvia,FEMALE,38.09
2003,IC_GEN_MGTN_19ICLS,Latvia,FEMALE,45.38
2004,IC_GEN_MGTN_19ICLS,Latvia,FEMALE,42.47
2005,IC_GEN_MGTN_19ICLS,Latvia,FEMALE,42.0
2006,IC_GEN_MGTN_19ICLS,Latvia,FEMALE,40.86
2007,IC_GEN_MGTN_19ICLS,Latvia,FEMALE,42.11
2008,IC_GEN_MGTN_19ICLS,Latvia,FEMALE,41.25
2009,IC_GEN_MGTN_19ICLS,Latvia,FEMALE,41.46
2010,IC_GEN_MGTN_19ICLS,Latvia,FEMALE,39.08
2011,IC_GEN_MGTN_19ICLS,Latvia,FEMALE,44.34
2012,IC_GEN_MGTN_19ICLS,Latvia,FEMALE,44.64
2013,IC_GEN_MGTN_19ICLS,Latvia,FEMALE,42.22
2014,IC_GEN_MGTN_19ICLS,Latvia,FEMALE,42.05
2015,IC_GEN_MGTN_19ICLS,Latvia,FEMALE,44.26
2016,IC_GEN_MGTN_19ICLS,Latvia,FEMALE,46.3
2017,IC_GEN_MGTN_19ICLS,Latvia,FEMALE,45.0
2018,IC_GEN_MGTN_19ICLS,Latvia,FEMALE,43.63
2019,IC_GEN_MGTN_19ICLS,Latvia,FEMALE,41.74
2020,IC_GEN_MGTN_19ICLS,Latvia,FEMALE,52.2
2021,IC_GEN_MGTN_19ICLS,Latvia,FEMALE,42.82
2000,IC_GEN_MGTN_19ICLS,Lithuania,FEMALE,42.48
2001,IC_GEN_MGTN_19ICLS,Lithuania,FEMALE,50.03
2002,IC_GEN_MGTN_19ICLS,Lithuania,FEMALE,48.59
2003,IC_GEN_MGTN_19ICLS,Lithuania,FEMALE,41.49
2004,IC_GEN_MGTN_19ICLS,Lithuania,FEMALE,46.8
2005,IC_GEN_MGTN_19ICLS,Lithuania,FEMALE,44.96
2006,IC_GEN_MGTN_19ICLS,Lithuania,FEMALE,42.76
2007,IC_GEN_MGTN_19ICLS,Lithuania,FEMALE,40.28
2008,IC_GEN_MGTN_19ICLS,Lithuania,FEMALE,41.45
2009,IC_GEN_MGTN_19ICLS,Lithuania,FEMALE,40.29
2010,IC_GEN_MGTN_19ICLS,Lithuania,FEMALE,41.98
2011,IC_GEN_MGTN_19ICLS,Lithuania,FEMALE,36.47
2012,IC_GEN_MGTN_19ICLS,Lithuania,FEMALE,35.3
2013,IC_GEN_MGTN_19ICLS,Lithuania,FEMALE,36.46
2014,IC_GEN_MGTN_19ICLS,Lithuania,FEMALE,35.36
2015,IC_GEN_MGTN_19ICLS,Lithuania,FEMALE,38.1
2016,IC_GEN_MGTN_19ICLS,Lithuania,FEMALE,38.82
2017,IC_GEN_MGTN_19ICLS,Lithuania,FEMALE,37.92
2018,IC_GEN_MGTN_19ICLS,Lithuania,FEMALE,38.16
2019,IC_GEN_MGTN_19ICLS,Lithuania,FEMALE,38.59
2020,IC_GEN_MGTN_19ICLS,Lithuania,FEMALE,37.33
2021,IC_GEN_MGTN_19ICLS,Lithuania,FEMALE,36.18
2000,IC_GEN_MGTN_19ICLS,Luxembourg,FEMALE,24.13
2001,IC_GEN_MGTN_19ICLS,Luxembourg,FEMALE,11.1
2002,IC_GEN_MGTN_19ICLS,Luxembourg,FEMALE,14.92
2003,IC_GEN_MGTN_19ICLS,Luxembourg,FEMALE,11.17
2004,IC_GEN_MGTN_19ICLS,Luxembourg,FEMALE,12.17
2005,IC_GEN_MGTN_19ICLS,Luxembourg,FEMALE,9.35
2006,IC_GEN_MGTN_19ICLS,Luxembourg,FEMALE,21.16
2007,IC_GEN_MGTN_19ICLS,Luxembourg,FEMALE,9.74
2008,IC_GEN_MGTN_19ICLS,Luxembourg,FEMALE,15.31
2009,IC_GEN_MGTN_19ICLS,Luxembourg,FEMALE,15.02
2010,IC_GEN_MGTN_19ICLS,Luxembourg,FEMALE,19.99
2011,IC_GEN_MGTN_19ICLS,Luxembourg,FEMALE,17.62
2012,IC_GEN_MGTN_19ICLS,Luxembourg,FEMALE,16.88
2013,IC_GEN_MGTN_19ICLS,Luxembourg,FEMALE,14.71
2014,IC_GEN_MGTN_19ICLS,Luxembourg,FEMALE,17.73
2015,IC_GEN_MGTN_19ICLS,Luxembourg,FEMALE,15.46
2016,IC_GEN_MGTN_19ICLS,Luxembourg,FEMALE,25.4
2017,IC_GEN_MGTN_19ICLS,Luxembourg,FEMALE,13.54
2018,IC_GEN_MGTN_19ICLS,Luxembourg,FEMALE,23.67
2019,IC_GEN_MGTN_19ICLS,Luxembourg,FEMALE,26.56
2020,IC_GEN_MGTN_19ICLS,Luxembourg,FEMALE,29.13
2021,IC_GEN_MGTN_19ICLS,Luxembourg,FEMALE,20.2
2000,IC_GEN_MGTN_19ICLS,Netherlands (Kingdom of the),FEMALE,21.53
2001,IC_GEN_MGTN_19ICLS,Netherlands (Kingdom of the),FEMALE,22.4
2002,IC_GEN_MGTN_19ICLS,Netherlands (Kingdom of the),FEMALE,21.7
2003,IC_GEN_MGTN_19ICLS,Netherlands (Kingdom of the),FEMALE,21.38
2004,IC_GEN_MGTN_19ICLS,Netherlands (Kingdom of the),FEMALE,22.33
2005,IC_GEN_MGTN_19ICLS,Netherlands (Kingdom of the),FEMALE,22.31
2006,IC_GEN_MGTN_19ICLS,Netherlands (Kingdom of the),FEMALE,24.23
2007,IC_GEN_MGTN_19ICLS,Netherlands (Kingdom of the),FEMALE,25.76
2008,IC_GEN_MGTN_19ICLS,Netherlands (Kingdom of the),FEMALE,25.68
2009,IC_GEN_MGTN_19ICLS,Netherlands (Kingdom of the),FEMALE,26.08
2010,IC_GEN_MGTN_19ICLS,Netherlands (Kingdom of the),FEMALE,27.22
2011,IC_GEN_MGTN_19ICLS,Netherlands (Kingdom of the),FEMALE,28.31
2012,IC_GEN_MGTN_19ICLS,Netherlands (Kingdom of the),FEMALE,28.75
2013,IC_GEN_MGTN_19ICLS,Netherlands (Kingdom of the),FEMALE,21.99
2014,IC_GEN_MGTN_19ICLS,Netherlands (Kingdom of the),FEMALE,24.79
2015,IC_GEN_MGTN_19ICLS,Netherlands (Kingdom of the),FEMALE,22.94
2016,IC_GEN_MGTN_19ICLS,Netherlands (Kingdom of the),FEMALE,24.84
2017,IC_GEN_MGTN_19ICLS,Netherlands (Kingdom of the),FEMALE,25.49
2018,IC_GEN_MGTN_19ICLS,Netherlands (Kingdom of the),FEMALE,24.11
2019,IC_GEN_MGTN_19ICLS,Netherlands (Kingdom of the),FEMALE,28.4
2020,IC_GEN_MGTN_19ICLS,Netherlands (Kingdom of the),FEMALE,23.21
2021,IC_GEN_MGTN_19ICLS,Netherlands (Kingdom of the),FEMALE,26.33
2000,IC_GEN_MGTN_19ICLS,Norway,FEMALE,24.74
2001,IC_GEN_MGTN_19ICLS,Norway,FEMALE,25.64
2002,IC_GEN_MGTN_19ICLS,Norway,FEMALE,27.66
2003,IC_GEN_MGTN_19ICLS,Norway,FEMALE,28.18
2004,IC_GEN_MGTN_19ICLS,Norway,FEMALE,29.71
2005,IC_GEN_MGTN_19ICLS,Norway,FEMALE,31.04
2006,IC_GEN_MGTN_19ICLS,Norway,FEMALE,30.66
2007,IC_GEN_MGTN_19ICLS,Norway,FEMALE,33.87
2008,IC_GEN_MGTN_19ICLS,Norway,FEMALE,31.88
2009,IC_GEN_MGTN_19ICLS,Norway,FEMALE,35.13
2010,IC_GEN_MGTN_19ICLS,Norway,FEMALE,35.56
2011,IC_GEN_MGTN_19ICLS,Norway,FEMALE,30.91
2012,IC_GEN_MGTN_19ICLS,Norway,FEMALE,33.3
2013,IC_GEN_MGTN_19ICLS,Norway,FEMALE,32.23
2014,IC_GEN_MGTN_19ICLS,Norway,FEMALE,31.07
2015,IC_GEN_MGTN_19ICLS,Norway,FEMALE,34.34
2016,IC_GEN_MGTN_19ICLS,Norway,FEMALE,34.01
2017,IC_GEN_MGTN_19ICLS,Norway,FEMALE,35.86
2018,IC_GEN_MGTN_19ICLS,Norway,FEMALE,33.06
2019,IC_GEN_MGTN_19ICLS,Norway,FEMALE,32.38
2020,IC_GEN_MGTN_19ICLS,Norway,FEMALE,32.43
2021,IC_GEN_MGTN_19ICLS,Norway,FEMALE,30.66
2000,IC_GEN_MGTN_19ICLS,Poland,FEMALE,31.35
2001,IC_GEN_MGTN_19ICLS,Poland,FEMALE,27.67
2002,IC_GEN_MGTN_19ICLS,Poland,FEMALE,29.32
2003,IC_GEN_MGTN_19ICLS,Poland,FEMALE,33.98
2004,IC_GEN_MGTN_19ICLS,Poland,FEMALE,35.35
2005,IC_GEN_MGTN_19ICLS,Poland,FEMALE,34.06
2006,IC_GEN_MGTN_19ICLS,Poland,FEMALE,36.06
2007,IC_GEN_MGTN_19ICLS,Poland,FEMALE,37.12
2008,IC_GEN_MGTN_19ICLS,Poland,FEMALE,36.2
2009,IC_GEN_MGTN_19ICLS,Poland,FEMALE,36.03
2010,IC_GEN_MGTN_19ICLS,Poland,FEMALE,37.46
2011,IC_GEN_MGTN_19ICLS,Poland,FEMALE,35.91
2012,IC_GEN_MGTN_19ICLS,Poland,FEMALE,35.04
2013,IC_GEN_MGTN_19ICLS,Poland,FEMALE,35.45
2014,IC_GEN_MGTN_19ICLS,Poland,FEMALE,36.36
2015,IC_GEN_MGTN_19ICLS,Poland,FEMALE,37.43
2016,IC_GEN_MGTN_19ICLS,Poland,FEMALE,38.13
2017,IC_GEN_MGTN_19ICLS,Poland,FEMALE,38.19
2018,IC_GEN_MGTN_19ICLS,Poland,FEMALE,39.52
2019,IC_GEN_MGTN_19ICLS,Poland,FEMALE,41.15
2020,IC_GEN_MGTN_19ICLS,Poland,FEMALE,41.44
2021,IC_GEN_MGTN_19ICLS,Poland,FEMALE,39.61
2000,IC_GEN_MGTN_19ICLS,Portugal,FEMALE,21.89
2001,IC_GEN_MGTN_19ICLS,Portugal,FEMALE,22.64
2002,IC_GEN_MGTN_19ICLS,Portugal,FEMALE,28.34
2003,IC_GEN_MGTN_19ICLS,Portugal,FEMALE,27.08
2004,IC_GEN_MGTN_19ICLS,Portugal,FEMALE,30.05
2005,IC_GEN_MGTN_19ICLS,Portugal,FEMALE,29.12
2006,IC_GEN_MGTN_19ICLS,Portugal,FEMALE,31.43
2007,IC_GEN_MGTN_19ICLS,Portugal,FEMALE,30.81
2008,IC_GEN_MGTN_19ICLS,Portugal,FEMALE,31.32
2009,IC_GEN_MGTN_19ICLS,Portugal,FEMALE,34.4
2010,IC_GEN_MGTN_19ICLS,Portugal,FEMALE,35.71
2011,IC_GEN_MGTN_19ICLS,Portugal,FEMALE,26.15
2012,IC_GEN_MGTN_19ICLS,Portugal,FEMALE,27.9
2013,IC_GEN_MGTN_19ICLS,Portugal,FEMALE,27.61
2014,IC_GEN_MGTN_19ICLS,Portugal,FEMALE,31.84
2015,IC_GEN_MGTN_19ICLS,Portugal,FEMALE,30.37
2016,IC_GEN_MGTN_19ICLS,Portugal,FEMALE,32.24
2017,IC_GEN_MGTN_19ICLS,Portugal,FEMALE,30.44
2018,IC_GEN_MGTN_19ICLS,Portugal,FEMALE,32.16
2019,IC_GEN_MGTN_19ICLS,Portugal,FEMALE,36.97
2020,IC_GEN_MGTN_19ICLS,Portugal,FEMALE,35.73
2021,IC_GEN_MGTN_19ICLS,Portugal,FEMALE,33.24
2000,IC_GEN_MGTN_19ICLS,Romania,FEMALE,26.8
2001,IC_GEN_MGTN_19ICLS,Romania,FEMALE,28.46
2002,IC_GEN_MGTN_19ICLS,Romania,FEMALE,33.25
2003,IC_GEN_MGTN_19ICLS,Romania,FEMALE,33.22
2004,IC_GEN_MGTN_19ICLS,Romania,FEMALE,28.88
2005,IC_GEN_MGTN_19ICLS,Romania,FEMALE,31.69
2006,IC_GEN_MGTN_19ICLS,Romania,FEMALE,33.69
2007,IC_GEN_MGTN_19ICLS,Romania,FEMALE,32.55
2008,IC_GEN_MGTN_19ICLS,Romania,FEMALE,34.34
2009,IC_GEN_MGTN_19ICLS,Romania,FEMALE,36.4
2010,IC_GEN_MGTN_19ICLS,Romania,FEMALE,36.28
2011,IC_GEN_MGTN_19ICLS,Romania,FEMALE,31.85
2012,IC_GEN_MGTN_19ICLS,Romania,FEMALE,30.83
2013,IC_GEN_MGTN_19ICLS,Romania,FEMALE,30.58
2014,IC_GEN_MGTN_19ICLS,Romania,FEMALE,30.73
2015,IC_GEN_MGTN_19ICLS,Romania,FEMALE,31.53
2016,IC_GEN_MGTN_19ICLS,Romania,FEMALE,32.42
2017,IC_GEN_MGTN_19ICLS,Romania,FEMALE,30.09
2018,IC_GEN_MGTN_19ICLS,Romania,FEMALE,30.06
2019,IC_GEN_MGTN_19ICLS,Romania,FEMALE,34.19
2020,IC_GEN_MGTN_19ICLS,Romania,FEMALE,35.13
2021,IC_GEN_MGTN_19ICLS,Romania,FEMALE,35.79
2008,IC_GEN_MGTN_19ICLS,Serbia,FEMALE,36.57
2009,IC_GEN_MGTN_19ICLS,Serbia,FEMALE,39.41
2010,IC_GEN_MGTN_19ICLS,Serbia,FEMALE,34.62
2011,IC_GEN_MGTN_19ICLS,Serbia,FEMALE,32.8
2012,IC_GEN_MGTN_19ICLS,Serbia,FEMALE,29.07
2013,IC_GEN_MGTN_19ICLS,Serbia,FEMALE,32.68
2014,IC_GEN_MGTN_19ICLS,Serbia,FEMALE,31.46
2015,IC_GEN_MGTN_19ICLS,Serbia,FEMALE,30.9
2016,IC_GEN_MGTN_19ICLS,Serbia,FEMALE,30.89
2017,IC_GEN_MGTN_19ICLS,Serbia,FEMALE,30.26
2018,IC_GEN_MGTN_19ICLS,Serbia,FEMALE,29.79
2019,IC_GEN_MGTN_19ICLS,Serbia,FEMALE,33.57
2020,IC_GEN_MGTN_19ICLS,Serbia,FEMALE,32.6
2021,IC_GEN_MGTN_19ICLS,Serbia,FEMALE,34.24
2000,IC_GEN_MGTN_19ICLS,Slovakia,FEMALE,30.75
2001,IC_GEN_MGTN_19ICLS,Slovakia,FEMALE,30.57
2002,IC_GEN_MGTN_19ICLS,Slovakia,FEMALE,31.37
2003,IC_GEN_MGTN_19ICLS,Slovakia,FEMALE,34.62
2004,IC_GEN_MGTN_19ICLS,Slovakia,FEMALE,32.37
2005,IC_GEN_MGTN_19ICLS,Slovakia,FEMALE,30.76
2006,IC_GEN_MGTN_19ICLS,Slovakia,FEMALE,27.39
2007,IC_GEN_MGTN_19ICLS,Slovakia,FEMALE,31.83
2008,IC_GEN_MGTN_19ICLS,Slovakia,FEMALE,29.15
2009,IC_GEN_MGTN_19ICLS,Slovakia,FEMALE,31.68
2010,IC_GEN_MGTN_19ICLS,Slovakia,FEMALE,34.88
2011,IC_GEN_MGTN_19ICLS,Slovakia,FEMALE,28.63
2012,IC_GEN_MGTN_19ICLS,Slovakia,FEMALE,30.4
2013,IC_GEN_MGTN_19ICLS,Slovakia,FEMALE,29.88
2014,IC_GEN_MGTN_19ICLS,Slovakia,FEMALE,27.88
2015,IC_GEN_MGTN_19ICLS,Slovakia,FEMALE,27.82
2016,IC_GEN_MGTN_19ICLS,Slovakia,FEMALE,34.32
2017,IC_GEN_MGTN_19ICLS,Slovakia,FEMALE,30.58
2018,IC_GEN_MGTN_19ICLS,Slovakia,FEMALE,30.37
2019,IC_GEN_MGTN_19ICLS,Slovakia,FEMALE,33.35
2020,IC_GEN_MGTN_19ICLS,Slovakia,FEMALE,34.53
2021,IC_GEN_MGTN_19ICLS,Slovakia,FEMALE,35.24
2020,IC_GEN_MGTN_19ICLS,Viet Nam,FEMALE,22.73
2021,IC_GEN_MGTN_19ICLS,Viet Nam,FEMALE,15.51
2000,IC_GEN_MGTN_19ICLS,Slovenia,FEMALE,34.61
2001,IC_GEN_MGTN_19ICLS,Slovenia,FEMALE,37.76
2002,IC_GEN_MGTN_19ICLS,Slovenia,FEMALE,37.91
2003,IC_GEN_MGTN_19ICLS,Slovenia,FEMALE,41.43
2004,IC_GEN_MGTN_19ICLS,Slovenia,FEMALE,40.13
2005,IC_GEN_MGTN_19ICLS,Slovenia,FEMALE,42.02
2006,IC_GEN_MGTN_19ICLS,Slovenia,FEMALE,41.97
2007,IC_GEN_MGTN_19ICLS,Slovenia,FEMALE,37.55
2008,IC_GEN_MGTN_19ICLS,Slovenia,FEMALE,43.29
2009,IC_GEN_MGTN_19ICLS,Slovenia,FEMALE,44.69
2010,IC_GEN_MGTN_19ICLS,Slovenia,FEMALE,43.25
2011,IC_GEN_MGTN_19ICLS,Slovenia,FEMALE,38.92
2012,IC_GEN_MGTN_19ICLS,Slovenia,FEMALE,40.26
2013,IC_GEN_MGTN_19ICLS,Slovenia,FEMALE,38.55
2014,IC_GEN_MGTN_19ICLS,Slovenia,FEMALE,36.47
2015,IC_GEN_MGTN_19ICLS,Slovenia,FEMALE,36.98
2016,IC_GEN_MGTN_19ICLS,Slovenia,FEMALE,41.77
2017,IC_GEN_MGTN_19ICLS,Slovenia,FEMALE,41.89
2018,IC_GEN_MGTN_19ICLS,Slovenia,FEMALE,38.22
2019,IC_GEN_MGTN_19ICLS,Slovenia,FEMALE,40.51
2020,IC_GEN_MGTN_19ICLS,Slovenia,FEMALE,40.62
2000,IC_GEN_MGTN_19ICLS,Spain,FEMALE,15.65
2001,IC_GEN_MGTN_19ICLS,Spain,FEMALE,17.5
2002,IC_GEN_MGTN_19ICLS,Spain,FEMALE,18.13
2003,IC_GEN_MGTN_19ICLS,Spain,FEMALE,15.84
2004,IC_GEN_MGTN_19ICLS,Spain,FEMALE,18.99
2005,IC_GEN_MGTN_19ICLS,Spain,FEMALE,21.48
2006,IC_GEN_MGTN_19ICLS,Spain,FEMALE,22.98
2007,IC_GEN_MGTN_19ICLS,Spain,FEMALE,23.23
2008,IC_GEN_MGTN_19ICLS,Spain,FEMALE,24.47
2009,IC_GEN_MGTN_19ICLS,Spain,FEMALE,25.06
2010,IC_GEN_MGTN_19ICLS,Spain,FEMALE,24.05
2011,IC_GEN_MGTN_19ICLS,Spain,FEMALE,28.09
2012,IC_GEN_MGTN_19ICLS,Spain,FEMALE,27.97
2013,IC_GEN_MGTN_19ICLS,Spain,FEMALE,30.2
2014,IC_GEN_MGTN_19ICLS,Spain,FEMALE,27.52
2015,IC_GEN_MGTN_19ICLS,Spain,FEMALE,31.37
2016,IC_GEN_MGTN_19ICLS,Spain,FEMALE,30.67
2017,IC_GEN_MGTN_19ICLS,Spain,FEMALE,26.36
2018,IC_GEN_MGTN_19ICLS,Spain,FEMALE,34.64
2019,IC_GEN_MGTN_19ICLS,Spain,FEMALE,30.5
2020,IC_GEN_MGTN_19ICLS,Spain,FEMALE,37.47
2021,IC_GEN_MGTN_19ICLS,Spain,FEMALE,33.21
2000,IC_GEN_MGTN_19ICLS,Sweden,FEMALE,27.41
2001,IC_GEN_MGTN_19ICLS,Sweden,FEMALE,31.22
2002,IC_GEN_MGTN_19ICLS,Sweden,FEMALE,32.14
2003,IC_GEN_MGTN_19ICLS,Sweden,FEMALE,30.52
2004,IC_GEN_MGTN_19ICLS,Sweden,FEMALE,31.59
2005,IC_GEN_MGTN_19ICLS,Sweden,FEMALE,29.13
2006,IC_GEN_MGTN_19ICLS,Sweden,FEMALE,31.74
2007,IC_GEN_MGTN_19ICLS,Sweden,FEMALE,31.02
2008,IC_GEN_MGTN_19ICLS,Sweden,FEMALE,30.82
2009,IC_GEN_MGTN_19ICLS,Sweden,FEMALE,31.13
2010,IC_GEN_MGTN_19ICLS,Sweden,FEMALE,31.34
2011,IC_GEN_MGTN_19ICLS,Sweden,FEMALE,33.52
2012,IC_GEN_MGTN_19ICLS,Sweden,FEMALE,34.49
2013,IC_GEN_MGTN_19ICLS,Sweden,FEMALE,35.51
2014,IC_GEN_MGTN_19ICLS,Sweden,FEMALE,37.45
2015,IC_GEN_MGTN_19ICLS,Sweden,FEMALE,39.79
2016,IC_GEN_MGTN_19ICLS,Sweden,FEMALE,39.51
2017,IC_GEN_MGTN_19ICLS,Sweden,FEMALE,39.45
2018,IC_GEN_MGTN_19ICLS,Sweden,FEMALE,39.03
2019,IC_GEN_MGTN_19ICLS,Sweden,FEMALE,41.9
2020,IC_GEN_MGTN_19ICLS,Sweden,FEMALE,43.09
2021,IC_GEN_MGTN_19ICLS,Sweden,FEMALE,44.14
2000,IC_GEN_MGTN_19ICLS,Switzerland,FEMALE,22.47
2001,IC_GEN_MGTN_19ICLS,Switzerland,FEMALE,21.42
2002,IC_GEN_MGTN_19ICLS,Switzerland,FEMALE,24.8
2003,IC_GEN_MGTN_19ICLS,Switzerland,FEMALE,25.31
2004,IC_GEN_MGTN_19ICLS,Switzerland,FEMALE,24.81
2005,IC_GEN_MGTN_19ICLS,Switzerland,FEMALE,24.26
2006,IC_GEN_MGTN_19ICLS,Switzerland,FEMALE,26.53
2007,IC_GEN_MGTN_19ICLS,Switzerland,FEMALE,25.78
2008,IC_GEN_MGTN_19ICLS,Switzerland,FEMALE,25.01
2009,IC_GEN_MGTN_19ICLS,Switzerland,FEMALE,27.86
2010,IC_GEN_MGTN_19ICLS,Switzerland,FEMALE,28.08
2011,IC_GEN_MGTN_19ICLS,Switzerland,FEMALE,28.57
2012,IC_GEN_MGTN_19ICLS,Switzerland,FEMALE,28.58
2013,IC_GEN_MGTN_19ICLS,Switzerland,FEMALE,28.06
2014,IC_GEN_MGTN_19ICLS,Switzerland,FEMALE,28.93
2015,IC_GEN_MGTN_19ICLS,Switzerland,FEMALE,31.22
2016,IC_GEN_MGTN_19ICLS,Switzerland,FEMALE,31.18
2017,IC_GEN_MGTN_19ICLS,Switzerland,FEMALE,29.12
2018,IC_GEN_MGTN_19ICLS,Switzerland,FEMALE,31.04
2019,IC_GEN_MGTN_19ICLS,Switzerland,FEMALE,32.56
2020,IC_GEN_MGTN_19ICLS,Switzerland,FEMALE,31.79
2021,IC_GEN_MGTN_19ICLS,Switzerland,FEMALE,30.27
2017,IC_GEN_MGTN_19ICLS,United Arab Emirates,FEMALE,12.17
2018,IC_GEN_MGTN_19ICLS,United Arab Emirates,FEMALE,15.75
2020,IC_GEN_MGTN_19ICLS,United Arab Emirates,FEMALE,17.73
2021,IC_GEN_MGTN_19ICLS,United Arab Emirates,FEMALE,23.57
2000,IC_GEN_MGTN_19ICLS,United Kingdom of Great Britain and Northern Ireland,FEMALE,34.68
2001,IC_GEN_MGTN_19ICLS,United Kingdom of Great Britain and Northern Ireland,FEMALE,29.62
2002,IC_GEN_MGTN_19ICLS,United Kingdom of Great Britain and Northern Ireland,FEMALE,31.38
2003,IC_GEN_MGTN_19ICLS,United Kingdom of Great Britain and Northern Ireland,FEMALE,31.49
2004,IC_GEN_MGTN_19ICLS,United Kingdom of Great Britain and Northern Ireland,FEMALE,32.42
2005,IC_GEN_MGTN_19ICLS,United Kingdom of Great Britain and Northern Ireland,FEMALE,33.65
2006,IC_GEN_MGTN_19ICLS,United Kingdom of Great Britain and Northern Ireland,FEMALE,34.54
2007,IC_GEN_MGTN_19ICLS,United Kingdom of Great Britain and Northern Ireland,FEMALE,34.2
2008,IC_GEN_MGTN_19ICLS,United Kingdom of Great Britain and Northern Ireland,FEMALE,33.83
2009,IC_GEN_MGTN_19ICLS,United Kingdom of Great Britain and Northern Ireland,FEMALE,36.47
2010,IC_GEN_MGTN_19ICLS,United Kingdom of Great Britain and Northern Ireland,FEMALE,36.48
2011,IC_GEN_MGTN_19ICLS,United Kingdom of Great Britain and Northern Ireland,FEMALE,31.78
2012,IC_GEN_MGTN_19ICLS,United Kingdom of Great Britain and Northern Ireland,FEMALE,32.62
2013,IC_GEN_MGTN_19ICLS,United Kingdom of Great Britain and Northern Ireland,FEMALE,31.96
2014,IC_GEN_MGTN_19ICLS,United Kingdom of Great Britain and Northern Ireland,FEMALE,32.12
2015,IC_GEN_MGTN_19ICLS,United Kingdom of Great Britain and Northern Ireland,FEMALE,33.2
2016,IC_GEN_MGTN_19ICLS,United Kingdom of Great Britain and Northern Ireland,FEMALE,32.94
2017,IC_GEN_MGTN_19ICLS,United Kingdom of Great Britain and Northern Ireland,FEMALE,33.65
2018,IC_GEN_MGTN_19ICLS,United Kingdom of Great Britain and Northern Ireland,FEMALE,34.57
2019,IC_GEN_MGTN_19ICLS,United Kingdom of Great Britain and Northern Ireland,FEMALE,35.37
2019,IC_GEN_MGTN_19ICLS,United Kingdom of Great Britain and Northern Ireland,FEMALE,35.37
