Year,SeriesCode,Страна ,Location,Value
2000,SH_SAN_HNDWSH,Armenia,ALLAREA,83.24601
2000,SH_SAN_HNDWSH,Armenia,URBAN,92.89997
2000,SH_SAN_HNDWSH,Armenia,RURAL,65.57796
2001,SH_SAN_HNDWSH,Armenia,URBAN,93.11703
2001,SH_SAN_HNDWSH,Armenia,RURAL,66.99612
2001,SH_SAN_HNDWSH,Armenia,ALLAREA,83.81407
2002,SH_SAN_HNDWSH,Armenia,ALLAREA,84.42177
2002,SH_SAN_HNDWSH,Armenia,RURAL,68.41428
2002,SH_SAN_HNDWSH,Armenia,URBAN,93.3341
2003,SH_SAN_HNDWSH,Armenia,RURAL,69.83243
2003,SH_SAN_HNDWSH,Armenia,URBAN,93.55117
2003,SH_SAN_HNDWSH,Armenia,ALLAREA,85.04492
2004,SH_SAN_HNDWSH,Armenia,RURAL,71.25059
2004,SH_SAN_HNDWSH,Armenia,URBAN,93.76824
2004,SH_SAN_HNDWSH,Armenia,ALLAREA,85.67044
2005,SH_SAN_HNDWSH,Armenia,ALLAREA,86.29813
2005,SH_SAN_HNDWSH,Armenia,URBAN,93.9853
2005,SH_SAN_HNDWSH,Armenia,RURAL,72.66875
2006,SH_SAN_HNDWSH,Armenia,URBAN,94.20237
2006,SH_SAN_HNDWSH,Armenia,ALLAREA,86.92842
2006,SH_SAN_HNDWSH,Armenia,RURAL,74.08691
2007,SH_SAN_HNDWSH,Armenia,URBAN,94.41944
2007,SH_SAN_HNDWSH,Armenia,RURAL,75.50507
2007,SH_SAN_HNDWSH,Armenia,ALLAREA,87.5609
2008,SH_SAN_HNDWSH,Armenia,ALLAREA,88.19596
2008,SH_SAN_HNDWSH,Armenia,RURAL,76.92322
2008,SH_SAN_HNDWSH,Armenia,URBAN,94.63651
2009,SH_SAN_HNDWSH,Armenia,RURAL,78.34138
2009,SH_SAN_HNDWSH,Armenia,URBAN,94.85357
2009,SH_SAN_HNDWSH,Armenia,ALLAREA,88.83323
2009,SH_SAN_HNDWSH,Mexico,URBAN,90.65383
2009,SH_SAN_HNDWSH,Mexico,RURAL,90.65383
2009,SH_SAN_HNDWSH,Mexico,ALLAREA,90.65383
2010,SH_SAN_HNDWSH,Mexico,URBAN,90.65383
2010,SH_SAN_HNDWSH,Mexico,RURAL,90.65383
2010,SH_SAN_HNDWSH,Mexico,ALLAREA,90.65383
2011,SH_SAN_HNDWSH,Mexico,RURAL,90.65383
2011,SH_SAN_HNDWSH,Mexico,ALLAREA,90.65383
2011,SH_SAN_HNDWSH,Mexico,URBAN,90.65383
2012,SH_SAN_HNDWSH,Mexico,ALLAREA,90.65383
2010,SH_SAN_HNDWSH,Armenia,URBAN,95.07064
2010,SH_SAN_HNDWSH,Armenia,ALLAREA,89.4729
2010,SH_SAN_HNDWSH,Armenia,RURAL,79.75954
2011,SH_SAN_HNDWSH,Armenia,ALLAREA,90.11498
2011,SH_SAN_HNDWSH,Armenia,RURAL,81.1777
2011,SH_SAN_HNDWSH,Armenia,URBAN,95.28771
2012,SH_SAN_HNDWSH,Armenia,ALLAREA,90.75945
2012,SH_SAN_HNDWSH,Armenia,RURAL,82.59586
2012,SH_SAN_HNDWSH,Armenia,URBAN,95.50478
2013,SH_SAN_HNDWSH,Armenia,ALLAREA,91.40915
2012,SH_SAN_HNDWSH,Mexico,RURAL,90.65383
2012,SH_SAN_HNDWSH,Mexico,URBAN,90.65383
2013,SH_SAN_HNDWSH,Mexico,RURAL,90.65383
2013,SH_SAN_HNDWSH,Mexico,ALLAREA,90.65383
2013,SH_SAN_HNDWSH,Mexico,URBAN,90.65383
2014,SH_SAN_HNDWSH,Mexico,ALLAREA,91.01905
2014,SH_SAN_HNDWSH,Mexico,RURAL,91.01905
2014,SH_SAN_HNDWSH,Mexico,URBAN,91.01905
2015,SH_SAN_HNDWSH,Mexico,RURAL,91.38427
2015,SH_SAN_HNDWSH,Mexico,URBAN,91.38427
2013,SH_SAN_HNDWSH,Armenia,URBAN,95.72184
2013,SH_SAN_HNDWSH,Armenia,RURAL,84.01401
2014,SH_SAN_HNDWSH,Armenia,ALLAREA,92.06319
2014,SH_SAN_HNDWSH,Armenia,URBAN,95.93891
2014,SH_SAN_HNDWSH,Armenia,RURAL,85.43217
2015,SH_SAN_HNDWSH,Armenia,ALLAREA,92.7208
2015,SH_SAN_HNDWSH,Armenia,RURAL,86.85033
2015,SH_SAN_HNDWSH,Armenia,URBAN,96.15598
2016,SH_SAN_HNDWSH,Armenia,ALLAREA,93.381
2016,SH_SAN_HNDWSH,Armenia,URBAN,96.37305
2009,SH_SAN_HNDWSH,Azerbaijan,URBAN,90.86326
2009,SH_SAN_HNDWSH,Azerbaijan,ALLAREA,89.22884
2009,SH_SAN_HNDWSH,Azerbaijan,RURAL,87.37166
2010,SH_SAN_HNDWSH,Azerbaijan,ALLAREA,89.23639
2010,SH_SAN_HNDWSH,Azerbaijan,RURAL,87.37166
2010,SH_SAN_HNDWSH,Azerbaijan,URBAN,90.86326
2011,SH_SAN_HNDWSH,Azerbaijan,URBAN,90.86326
2011,SH_SAN_HNDWSH,Azerbaijan,ALLAREA,89.24445
2011,SH_SAN_HNDWSH,Azerbaijan,RURAL,87.37166
2012,SH_SAN_HNDWSH,Azerbaijan,ALLAREA,89.25304
2015,SH_SAN_HNDWSH,Mexico,ALLAREA,91.38428
2016,SH_SAN_HNDWSH,Mexico,ALLAREA,91.74949
2016,SH_SAN_HNDWSH,Mexico,URBAN,91.74949
2016,SH_SAN_HNDWSH,Mexico,RURAL,91.74949
2017,SH_SAN_HNDWSH,Mexico,RURAL,92.11471
2017,SH_SAN_HNDWSH,Mexico,URBAN,92.11471
2017,SH_SAN_HNDWSH,Mexico,ALLAREA,92.11472
2018,SH_SAN_HNDWSH,Mexico,RURAL,92.47994
2018,SH_SAN_HNDWSH,Mexico,ALLAREA,92.47993
2018,SH_SAN_HNDWSH,Mexico,URBAN,92.47994
2016,SH_SAN_HNDWSH,Armenia,RURAL,88.26849
2017,SH_SAN_HNDWSH,Armenia,URBAN,96.59011
2017,SH_SAN_HNDWSH,Armenia,ALLAREA,94.04294
2017,SH_SAN_HNDWSH,Armenia,RURAL,89.68665
2018,SH_SAN_HNDWSH,Armenia,URBAN,96.80718
2018,SH_SAN_HNDWSH,Armenia,RURAL,90.2639
2018,SH_SAN_HNDWSH,Armenia,ALLAREA,94.39592
2019,SH_SAN_HNDWSH,Armenia,URBAN,96.80718
2019,SH_SAN_HNDWSH,Armenia,RURAL,90.2639
2019,SH_SAN_HNDWSH,Armenia,ALLAREA,94.4005
2019,SH_SAN_HNDWSH,Mexico,URBAN,92.84516
2019,SH_SAN_HNDWSH,Mexico,RURAL,92.84516
2019,SH_SAN_HNDWSH,Mexico,ALLAREA,92.84516
2020,SH_SAN_HNDWSH,Mexico,RURAL,93.21038
2020,SH_SAN_HNDWSH,Mexico,URBAN,93.21038
2020,SH_SAN_HNDWSH,Mexico,ALLAREA,93.21038
2021,SH_SAN_HNDWSH,Mexico,RURAL,93.5756
2021,SH_SAN_HNDWSH,Mexico,ALLAREA,93.5756
2021,SH_SAN_HNDWSH,Mexico,URBAN,93.5756
2022,SH_SAN_HNDWSH,Mexico,RURAL,93.94082
2012,SH_SAN_HNDWSH,Azerbaijan,RURAL,87.37166
2012,SH_SAN_HNDWSH,Azerbaijan,URBAN,90.86326
2013,SH_SAN_HNDWSH,Azerbaijan,URBAN,90.86326
2013,SH_SAN_HNDWSH,Azerbaijan,RURAL,87.37166
2013,SH_SAN_HNDWSH,Azerbaijan,ALLAREA,89.26219
2014,SH_SAN_HNDWSH,Azerbaijan,ALLAREA,89.27186
2014,SH_SAN_HNDWSH,Azerbaijan,URBAN,90.86326
2014,SH_SAN_HNDWSH,Azerbaijan,RURAL,87.37166
2015,SH_SAN_HNDWSH,Azerbaijan,ALLAREA,89.28206
2015,SH_SAN_HNDWSH,Azerbaijan,URBAN,90.86326
2022,SH_SAN_HNDWSH,Mexico,ALLAREA,93.94082
2022,SH_SAN_HNDWSH,Mexico,URBAN,93.94082
2008,SH_SAN_HNDWSH,Republic of Moldova,URBAN,93.3631
2008,SH_SAN_HNDWSH,Republic of Moldova,RURAL,82.25892
2008,SH_SAN_HNDWSH,Republic of Moldova,ALLAREA,86.99841
2009,SH_SAN_HNDWSH,Republic of Moldova,ALLAREA,86.99496
2009,SH_SAN_HNDWSH,Republic of Moldova,RURAL,82.25892
2009,SH_SAN_HNDWSH,Republic of Moldova,URBAN,93.3631
2010,SH_SAN_HNDWSH,Republic of Moldova,RURAL,82.25892
2010,SH_SAN_HNDWSH,Republic of Moldova,ALLAREA,86.99152
2020,SH_SAN_HNDWSH,Armenia,RURAL,90.2639
2020,SH_SAN_HNDWSH,Armenia,ALLAREA,94.40664
2020,SH_SAN_HNDWSH,Armenia,URBAN,96.80718
2021,SH_SAN_HNDWSH,Armenia,ALLAREA,94.41437
2021,SH_SAN_HNDWSH,Armenia,URBAN,96.80718
2021,SH_SAN_HNDWSH,Armenia,RURAL,90.2639
2022,SH_SAN_HNDWSH,Armenia,RURAL,90.2639
2022,SH_SAN_HNDWSH,Armenia,ALLAREA,94.42366
2022,SH_SAN_HNDWSH,Armenia,URBAN,96.80718
2008,SH_SAN_HNDWSH,Bosnia and Herzegovina,RURAL,96.04974
2010,SH_SAN_HNDWSH,Republic of Moldova,URBAN,93.3631
2011,SH_SAN_HNDWSH,Republic of Moldova,URBAN,93.3631
2011,SH_SAN_HNDWSH,Republic of Moldova,ALLAREA,86.98808
2011,SH_SAN_HNDWSH,Republic of Moldova,RURAL,82.25892
2012,SH_SAN_HNDWSH,Republic of Moldova,RURAL,82.25892
2012,SH_SAN_HNDWSH,Republic of Moldova,URBAN,93.3631
2012,SH_SAN_HNDWSH,Republic of Moldova,ALLAREA,86.98464
2013,SH_SAN_HNDWSH,Republic of Moldova,ALLAREA,86.98119
2013,SH_SAN_HNDWSH,Republic of Moldova,URBAN,93.3631
2013,SH_SAN_HNDWSH,Republic of Moldova,RURAL,82.25892
2008,SH_SAN_HNDWSH,Bosnia and Herzegovina,ALLAREA,97.19483
2008,SH_SAN_HNDWSH,Bosnia and Herzegovina,URBAN,98.59891
2009,SH_SAN_HNDWSH,Bosnia and Herzegovina,ALLAREA,97.20296
2009,SH_SAN_HNDWSH,Bosnia and Herzegovina,URBAN,98.59891
2009,SH_SAN_HNDWSH,Bosnia and Herzegovina,RURAL,96.04974
2010,SH_SAN_HNDWSH,Bosnia and Herzegovina,RURAL,96.04974
2010,SH_SAN_HNDWSH,Bosnia and Herzegovina,URBAN,98.59891
2010,SH_SAN_HNDWSH,Bosnia and Herzegovina,ALLAREA,97.21109
2011,SH_SAN_HNDWSH,Bosnia and Herzegovina,URBAN,98.59891
2011,SH_SAN_HNDWSH,Bosnia and Herzegovina,ALLAREA,97.21925
2014,SH_SAN_HNDWSH,Republic of Moldova,RURAL,82.25892
2014,SH_SAN_HNDWSH,Republic of Moldova,ALLAREA,86.97775
2014,SH_SAN_HNDWSH,Republic of Moldova,URBAN,93.3631
2015,SH_SAN_HNDWSH,Republic of Moldova,ALLAREA,86.97708
2015,SH_SAN_HNDWSH,Republic of Moldova,RURAL,82.25892
2015,SH_SAN_HNDWSH,Republic of Moldova,URBAN,93.3631
2016,SH_SAN_HNDWSH,Republic of Moldova,URBAN,93.3631
2016,SH_SAN_HNDWSH,Republic of Moldova,RURAL,82.25892
2016,SH_SAN_HNDWSH,Republic of Moldova,ALLAREA,86.97942
2014,SH_SAN_HNDWSH,Montenegro,RURAL,99.27729
2014,SH_SAN_HNDWSH,Montenegro,ALLAREA,99.24315
2014,SH_SAN_HNDWSH,Montenegro,URBAN,99.22514
2015,SH_SAN_HNDWSH,Montenegro,URBAN,99.22514
2015,SH_SAN_HNDWSH,Montenegro,RURAL,99.27729
2015,SH_SAN_HNDWSH,Montenegro,ALLAREA,99.24297
2016,SH_SAN_HNDWSH,Montenegro,URBAN,99.22514
2016,SH_SAN_HNDWSH,Montenegro,RURAL,99.27729
2016,SH_SAN_HNDWSH,Montenegro,ALLAREA,99.2428
2017,SH_SAN_HNDWSH,Montenegro,URBAN,99.22514
2017,SH_SAN_HNDWSH,Montenegro,RURAL,99.27729
2011,SH_SAN_HNDWSH,Bosnia and Herzegovina,RURAL,96.04974
2012,SH_SAN_HNDWSH,Bosnia and Herzegovina,ALLAREA,97.22743
2012,SH_SAN_HNDWSH,Bosnia and Herzegovina,RURAL,96.04974
2012,SH_SAN_HNDWSH,Bosnia and Herzegovina,URBAN,98.59891
2013,SH_SAN_HNDWSH,Bosnia and Herzegovina,RURAL,96.04974
2013,SH_SAN_HNDWSH,Bosnia and Herzegovina,ALLAREA,97.23559
2013,SH_SAN_HNDWSH,Bosnia and Herzegovina,URBAN,98.59891
2014,SH_SAN_HNDWSH,Bosnia and Herzegovina,ALLAREA,97.24377
2014,SH_SAN_HNDWSH,Bosnia and Herzegovina,RURAL,96.04974
2014,SH_SAN_HNDWSH,Bosnia and Herzegovina,URBAN,98.59891
2017,SH_SAN_HNDWSH,Montenegro,ALLAREA,99.24262
2018,SH_SAN_HNDWSH,Montenegro,ALLAREA,99.24245
2018,SH_SAN_HNDWSH,Montenegro,URBAN,99.22514
2018,SH_SAN_HNDWSH,Montenegro,RURAL,99.27729
2019,SH_SAN_HNDWSH,Montenegro,RURAL,99.27729
2019,SH_SAN_HNDWSH,Montenegro,ALLAREA,99.24227
2019,SH_SAN_HNDWSH,Montenegro,URBAN,99.22514
2020,SH_SAN_HNDWSH,Montenegro,RURAL,99.27729
2020,SH_SAN_HNDWSH,Montenegro,ALLAREA,99.24209
2020,SH_SAN_HNDWSH,Montenegro,URBAN,99.22514
2015,SH_SAN_HNDWSH,Bosnia and Herzegovina,ALLAREA,97.25226
2015,SH_SAN_HNDWSH,Bosnia and Herzegovina,RURAL,96.04974
2015,SH_SAN_HNDWSH,Bosnia and Herzegovina,URBAN,98.59891
2016,SH_SAN_HNDWSH,Bosnia and Herzegovina,ALLAREA,97.26106
2016,SH_SAN_HNDWSH,Bosnia and Herzegovina,RURAL,96.04974
2016,SH_SAN_HNDWSH,Bosnia and Herzegovina,URBAN,98.59891
2017,SH_SAN_HNDWSH,China,RURAL,95.3
2017,SH_SAN_HNDWSH,China,ALLAREA,97.0388
2017,SH_SAN_HNDWSH,China,URBAN,98.3
2018,SH_SAN_HNDWSH,China,ALLAREA,97.07456
2018,SH_SAN_HNDWSH,China,URBAN,98.3
2018,SH_SAN_HNDWSH,China,RURAL,95.3
2019,SH_SAN_HNDWSH,China,ALLAREA,97.10924
2019,SH_SAN_HNDWSH,China,URBAN,98.3
2019,SH_SAN_HNDWSH,China,RURAL,95.3
2020,SH_SAN_HNDWSH,China,URBAN,98.3
2020,SH_SAN_HNDWSH,China,RURAL,95.3
2020,SH_SAN_HNDWSH,China,ALLAREA,97.14284
2021,SH_SAN_HNDWSH,China,URBAN,98.3
2021,SH_SAN_HNDWSH,China,RURAL,95.3
2021,SH_SAN_HNDWSH,Montenegro,ALLAREA,99.24192
2021,SH_SAN_HNDWSH,Montenegro,RURAL,99.27729
2021,SH_SAN_HNDWSH,Montenegro,URBAN,99.22514
2022,SH_SAN_HNDWSH,Montenegro,ALLAREA,99.24174
2022,SH_SAN_HNDWSH,Montenegro,RURAL,99.27729
2022,SH_SAN_HNDWSH,Montenegro,URBAN,99.22514
2006,SH_SAN_HNDWSH,Serbia,RURAL,98.03233
2006,SH_SAN_HNDWSH,Serbia,URBAN,98.20827
2006,SH_SAN_HNDWSH,Serbia,ALLAREA,98.12752
2007,SH_SAN_HNDWSH,Serbia,ALLAREA,98.12791
2021,SH_SAN_HNDWSH,China,ALLAREA,97.17536
2022,SH_SAN_HNDWSH,China,ALLAREA,97.2068
2022,SH_SAN_HNDWSH,China,URBAN,98.3
2022,SH_SAN_HNDWSH,China,RURAL,95.3
2011,SH_SAN_HNDWSH,Colombia,URBAN,78.29353
2011,SH_SAN_HNDWSH,Colombia,RURAL,32.94574
2011,SH_SAN_HNDWSH,Colombia,ALLAREA,68.46893
2012,SH_SAN_HNDWSH,Colombia,RURAL,32.94574
2012,SH_SAN_HNDWSH,Colombia,ALLAREA,68.6349
2012,SH_SAN_HNDWSH,Colombia,URBAN,78.29353
2013,SH_SAN_HNDWSH,Colombia,ALLAREA,68.79816
2013,SH_SAN_HNDWSH,Colombia,RURAL,32.94574
2013,SH_SAN_HNDWSH,Colombia,URBAN,78.29353
2014,SH_SAN_HNDWSH,Colombia,URBAN,78.29353
2014,SH_SAN_HNDWSH,Colombia,RURAL,32.94574
2014,SH_SAN_HNDWSH,Colombia,ALLAREA,68.95869
2015,SH_SAN_HNDWSH,Colombia,ALLAREA,69.11695
2015,SH_SAN_HNDWSH,Colombia,RURAL,32.94574
2015,SH_SAN_HNDWSH,Colombia,URBAN,78.29353
2016,SH_SAN_HNDWSH,Colombia,RURAL,32.94574
2016,SH_SAN_HNDWSH,Colombia,ALLAREA,69.27295
2016,SH_SAN_HNDWSH,Colombia,URBAN,78.29353
2017,SH_SAN_HNDWSH,Colombia,ALLAREA,69.42622
2017,SH_SAN_HNDWSH,Colombia,RURAL,32.94574
2017,SH_SAN_HNDWSH,Colombia,URBAN,78.29353
2018,SH_SAN_HNDWSH,Colombia,URBAN,78.29353
2018,SH_SAN_HNDWSH,Colombia,ALLAREA,69.57678
2018,SH_SAN_HNDWSH,Colombia,RURAL,32.94574
2019,SH_SAN_HNDWSH,Colombia,ALLAREA,69.72461
2019,SH_SAN_HNDWSH,Colombia,RURAL,32.94574
2019,SH_SAN_HNDWSH,Colombia,URBAN,78.29353
2020,SH_SAN_HNDWSH,Colombia,URBAN,78.29353
2020,SH_SAN_HNDWSH,Colombia,RURAL,32.94574
2020,SH_SAN_HNDWSH,Colombia,ALLAREA,69.87018
2021,SH_SAN_HNDWSH,Colombia,URBAN,78.29353
2021,SH_SAN_HNDWSH,Colombia,RURAL,32.94574
2021,SH_SAN_HNDWSH,Colombia,ALLAREA,70.01302
2022,SH_SAN_HNDWSH,Colombia,RURAL,32.94574
2022,SH_SAN_HNDWSH,Colombia,ALLAREA,70.1536
2022,SH_SAN_HNDWSH,Colombia,URBAN,78.29353
2005,SH_SAN_HNDWSH,Costa Rica,ALLAREA,83.37774
2005,SH_SAN_HNDWSH,Costa Rica,URBAN,83.66085
2005,SH_SAN_HNDWSH,Costa Rica,RURAL,82.83613
2006,SH_SAN_HNDWSH,Costa Rica,URBAN,83.66085
2006,SH_SAN_HNDWSH,Costa Rica,ALLAREA,83.38816
2006,SH_SAN_HNDWSH,Costa Rica,RURAL,82.83613
2007,SH_SAN_HNDWSH,Costa Rica,RURAL,82.83613
2007,SH_SAN_HNDWSH,Costa Rica,ALLAREA,83.39837
2007,SH_SAN_HNDWSH,Costa Rica,URBAN,83.66085
2008,SH_SAN_HNDWSH,Costa Rica,ALLAREA,83.4084
2008,SH_SAN_HNDWSH,Costa Rica,URBAN,83.66085
2008,SH_SAN_HNDWSH,Costa Rica,RURAL,82.83613
2009,SH_SAN_HNDWSH,Costa Rica,URBAN,83.66085
2009,SH_SAN_HNDWSH,Costa Rica,RURAL,82.83613
2009,SH_SAN_HNDWSH,Costa Rica,ALLAREA,83.41817
2010,SH_SAN_HNDWSH,Costa Rica,ALLAREA,83.62741
2010,SH_SAN_HNDWSH,Costa Rica,RURAL,82.87888
2010,SH_SAN_HNDWSH,Costa Rica,URBAN,83.92233
2011,SH_SAN_HNDWSH,Costa Rica,URBAN,84.18381
2011,SH_SAN_HNDWSH,Costa Rica,RURAL,82.92163
2011,SH_SAN_HNDWSH,Costa Rica,ALLAREA,83.84135
2012,SH_SAN_HNDWSH,Costa Rica,ALLAREA,84.05945
2012,SH_SAN_HNDWSH,Costa Rica,URBAN,84.44528
2012,SH_SAN_HNDWSH,Costa Rica,RURAL,82.96438
2013,SH_SAN_HNDWSH,Costa Rica,URBAN,84.70676
2013,SH_SAN_HNDWSH,Costa Rica,RURAL,83.00713
2013,SH_SAN_HNDWSH,Costa Rica,ALLAREA,84.28134
2014,SH_SAN_HNDWSH,Costa Rica,RURAL,83.04988
2014,SH_SAN_HNDWSH,Costa Rica,ALLAREA,84.5067
2014,SH_SAN_HNDWSH,Costa Rica,URBAN,84.96824
2015,SH_SAN_HNDWSH,Costa Rica,RURAL,83.09263
2015,SH_SAN_HNDWSH,Costa Rica,ALLAREA,84.73524
2015,SH_SAN_HNDWSH,Costa Rica,URBAN,85.22972
2016,SH_SAN_HNDWSH,Costa Rica,ALLAREA,84.96667
2016,SH_SAN_HNDWSH,Costa Rica,URBAN,85.49119
2016,SH_SAN_HNDWSH,Costa Rica,RURAL,83.13539
2017,SH_SAN_HNDWSH,Costa Rica,RURAL,83.17814
2017,SH_SAN_HNDWSH,Costa Rica,ALLAREA,85.20069
2017,SH_SAN_HNDWSH,Costa Rica,URBAN,85.75267
2018,SH_SAN_HNDWSH,Costa Rica,RURAL,83.22089
2018,SH_SAN_HNDWSH,Costa Rica,ALLAREA,85.43706
2018,SH_SAN_HNDWSH,Costa Rica,URBAN,86.01415
2019,SH_SAN_HNDWSH,Costa Rica,RURAL,83.26364
2019,SH_SAN_HNDWSH,Costa Rica,ALLAREA,85.67552
2019,SH_SAN_HNDWSH,Costa Rica,URBAN,86.27563
2020,SH_SAN_HNDWSH,Costa Rica,ALLAREA,85.91587
2020,SH_SAN_HNDWSH,Costa Rica,RURAL,83.30639
2020,SH_SAN_HNDWSH,Costa Rica,URBAN,86.5371
2021,SH_SAN_HNDWSH,Costa Rica,ALLAREA,85.937
2021,SH_SAN_HNDWSH,Costa Rica,URBAN,86.5371
2021,SH_SAN_HNDWSH,Costa Rica,RURAL,83.30639
2022,SH_SAN_HNDWSH,Costa Rica,RURAL,83.30639
2022,SH_SAN_HNDWSH,Costa Rica,URBAN,86.5371
2022,SH_SAN_HNDWSH,Costa Rica,ALLAREA,85.95693
2014,SH_SAN_HNDWSH,Georgia,ALLAREA,91.52626
2014,SH_SAN_HNDWSH,Georgia,RURAL,87.44337
2014,SH_SAN_HNDWSH,Georgia,URBAN,94.59791
2015,SH_SAN_HNDWSH,Georgia,ALLAREA,91.55351
2015,SH_SAN_HNDWSH,Georgia,URBAN,94.59791
2015,SH_SAN_HNDWSH,Georgia,RURAL,87.44337
2016,SH_SAN_HNDWSH,Georgia,ALLAREA,91.58134
2016,SH_SAN_HNDWSH,Georgia,RURAL,87.44337
2016,SH_SAN_HNDWSH,Georgia,URBAN,94.59791
2017,SH_SAN_HNDWSH,Georgia,URBAN,94.59791
2017,SH_SAN_HNDWSH,Georgia,ALLAREA,91.60954
2017,SH_SAN_HNDWSH,Georgia,RURAL,87.44337
2018,SH_SAN_HNDWSH,Georgia,URBAN,94.59791
2018,SH_SAN_HNDWSH,Georgia,RURAL,87.44337
2018,SH_SAN_HNDWSH,Georgia,ALLAREA,91.63822
2019,SH_SAN_HNDWSH,Georgia,ALLAREA,91.66734
2019,SH_SAN_HNDWSH,Georgia,RURAL,87.44337
2019,SH_SAN_HNDWSH,Georgia,URBAN,94.59791
2020,SH_SAN_HNDWSH,Georgia,ALLAREA,91.69696
2020,SH_SAN_HNDWSH,Georgia,RURAL,87.44337
2020,SH_SAN_HNDWSH,Georgia,URBAN,94.59791
2021,SH_SAN_HNDWSH,Georgia,ALLAREA,91.72694
2021,SH_SAN_HNDWSH,Georgia,RURAL,87.44337
2021,SH_SAN_HNDWSH,Georgia,URBAN,94.59791
2022,SH_SAN_HNDWSH,Georgia,RURAL,87.44337
2022,SH_SAN_HNDWSH,Georgia,URBAN,94.59791
2022,SH_SAN_HNDWSH,Georgia,ALLAREA,91.75735
2010,SH_SAN_HNDWSH,India,ALLAREA,59.33858
2010,SH_SAN_HNDWSH,India,RURAL,50.72643
2010,SH_SAN_HNDWSH,India,URBAN,78.57044
2011,SH_SAN_HNDWSH,India,RURAL,50.72643
2011,SH_SAN_HNDWSH,India,ALLAREA,59.43492
2011,SH_SAN_HNDWSH,India,URBAN,78.57044
2012,SH_SAN_HNDWSH,India,RURAL,50.72643
2012,SH_SAN_HNDWSH,India,URBAN,78.57044
2012,SH_SAN_HNDWSH,India,ALLAREA,59.5346
2013,SH_SAN_HNDWSH,India,ALLAREA,59.63735
2013,SH_SAN_HNDWSH,India,RURAL,50.72643
2013,SH_SAN_HNDWSH,India,URBAN,78.57044
2014,SH_SAN_HNDWSH,India,ALLAREA,59.74343
2014,SH_SAN_HNDWSH,India,RURAL,50.72643
2014,SH_SAN_HNDWSH,India,URBAN,78.57044
2015,SH_SAN_HNDWSH,India,ALLAREA,61.83639
2015,SH_SAN_HNDWSH,India,URBAN,79.69031
2015,SH_SAN_HNDWSH,India,RURAL,53.13107
2016,SH_SAN_HNDWSH,India,ALLAREA,63.92229
2016,SH_SAN_HNDWSH,India,RURAL,55.53571
2016,SH_SAN_HNDWSH,India,URBAN,80.81018
2017,SH_SAN_HNDWSH,India,URBAN,81.93005
2017,SH_SAN_HNDWSH,India,ALLAREA,66.0009
2017,SH_SAN_HNDWSH,India,RURAL,57.94036
2018,SH_SAN_HNDWSH,India,ALLAREA,68.07149
2018,SH_SAN_HNDWSH,India,RURAL,60.345
2018,SH_SAN_HNDWSH,India,URBAN,83.04992
2019,SH_SAN_HNDWSH,India,ALLAREA,70.1336
2019,SH_SAN_HNDWSH,India,URBAN,84.16979
2019,SH_SAN_HNDWSH,India,RURAL,62.74965
2020,SH_SAN_HNDWSH,India,URBAN,85.28966
2020,SH_SAN_HNDWSH,India,RURAL,65.15429
2020,SH_SAN_HNDWSH,India,ALLAREA,72.18677
2021,SH_SAN_HNDWSH,India,ALLAREA,74.23073
2021,SH_SAN_HNDWSH,India,URBAN,86.40953
2021,SH_SAN_HNDWSH,India,RURAL,67.55894
2022,SH_SAN_HNDWSH,India,ALLAREA,76.26479
2022,SH_SAN_HNDWSH,India,RURAL,69.96358
2022,SH_SAN_HNDWSH,India,URBAN,87.5294
2011,SH_SAN_HNDWSH,Казахстан,URBAN,99.2196
2011,SH_SAN_HNDWSH,Казахстан,RURAL,98.72555
2011,SH_SAN_HNDWSH,Казахстан,ALLAREA,99.00667
2012,SH_SAN_HNDWSH,Казахстан,ALLAREA,99.00703
2012,SH_SAN_HNDWSH,Казахстан,RURAL,98.72555
2012,SH_SAN_HNDWSH,Казахстан,URBAN,99.2196
2013,SH_SAN_HNDWSH,Казахстан,URBAN,99.2196
2013,SH_SAN_HNDWSH,Казахстан,RURAL,98.72555
2013,SH_SAN_HNDWSH,Казахстан,ALLAREA,99.00739
2014,SH_SAN_HNDWSH,Казахстан,URBAN,99.2196
2014,SH_SAN_HNDWSH,Казахстан,ALLAREA,99.00774
2014,SH_SAN_HNDWSH,Казахстан,RURAL,98.72555
2015,SH_SAN_HNDWSH,Казахстан,ALLAREA,99.00811
2015,SH_SAN_HNDWSH,Казахстан,RURAL,98.72555
2015,SH_SAN_HNDWSH,Казахстан,URBAN,99.2196
2016,SH_SAN_HNDWSH,Казахстан,ALLAREA,99.00847
2016,SH_SAN_HNDWSH,Казахстан,URBAN,99.2196
2016,SH_SAN_HNDWSH,Казахстан,RURAL,98.72555
2017,SH_SAN_HNDWSH,Казахстан,URBAN,99.2196
2017,SH_SAN_HNDWSH,Казахстан,ALLAREA,99.00882
2017,SH_SAN_HNDWSH,Казахстан,RURAL,98.72555
2018,SH_SAN_HNDWSH,Казахстан,RURAL,98.72555
2018,SH_SAN_HNDWSH,Казахстан,URBAN,99.2196
2018,SH_SAN_HNDWSH,Казахстан,ALLAREA,99.00927
2019,SH_SAN_HNDWSH,Казахстан,ALLAREA,99.00983
2019,SH_SAN_HNDWSH,Казахстан,RURAL,98.72555
2019,SH_SAN_HNDWSH,Казахстан,URBAN,99.2196
2006,SH_SAN_HNDWSH,Кыргызстан,ALLAREA,83.6237
2006,SH_SAN_HNDWSH,Кыргызстан,RURAL,79.98237
2006,SH_SAN_HNDWSH,Кыргызстан,URBAN,90.30096
2007,SH_SAN_HNDWSH,Кыргызстан,ALLAREA,83.62349
2007,SH_SAN_HNDWSH,Кыргызстан,RURAL,79.98237
2007,SH_SAN_HNDWSH,Кыргызстан,URBAN,90.30096
2008,SH_SAN_HNDWSH,Кыргызстан,ALLAREA,83.62328
2008,SH_SAN_HNDWSH,Кыргызстан,RURAL,79.98237
2008,SH_SAN_HNDWSH,Кыргызстан,URBAN,90.30096
2009,SH_SAN_HNDWSH,Кыргызстан,ALLAREA,83.62318
2009,SH_SAN_HNDWSH,Кыргызстан,RURAL,79.98237
2009,SH_SAN_HNDWSH,Кыргызстан,URBAN,90.30096
2010,SH_SAN_HNDWSH,Кыргызстан,URBAN,90.30096
2010,SH_SAN_HNDWSH,Кыргызстан,RURAL,79.98237
2010,SH_SAN_HNDWSH,Кыргызстан,ALLAREA,83.62545
2011,SH_SAN_HNDWSH,Кыргызстан,ALLAREA,85.25761
2011,SH_SAN_HNDWSH,Кыргызстан,URBAN,91.22995
2011,SH_SAN_HNDWSH,Кыргызстан,RURAL,81.9917
2012,SH_SAN_HNDWSH,Кыргызстан,ALLAREA,86.89081
2012,SH_SAN_HNDWSH,Кыргызстан,RURAL,84.00103
2012,SH_SAN_HNDWSH,Кыргызстан,URBAN,92.15895
2013,SH_SAN_HNDWSH,Кыргызстан,ALLAREA,88.5241
2013,SH_SAN_HNDWSH,Кыргызстан,RURAL,86.01036
2013,SH_SAN_HNDWSH,Кыргызстан,URBAN,93.08794
2014,SH_SAN_HNDWSH,Кыргызстан,URBAN,94.01693
2014,SH_SAN_HNDWSH,Кыргызстан,ALLAREA,90.15681
2014,SH_SAN_HNDWSH,Кыргызстан,RURAL,88.01969
2015,SH_SAN_HNDWSH,Кыргызстан,RURAL,90.02902
2015,SH_SAN_HNDWSH,Кыргызстан,URBAN,94.94592
2015,SH_SAN_HNDWSH,Кыргызстан,ALLAREA,91.78814
2016,SH_SAN_HNDWSH,Кыргызстан,ALLAREA,93.41737
2016,SH_SAN_HNDWSH,Кыргызстан,URBAN,95.87491
2016,SH_SAN_HNDWSH,Кыргызстан,RURAL,92.03836
2017,SH_SAN_HNDWSH,Кыргызстан,ALLAREA,95.04365
2017,SH_SAN_HNDWSH,Кыргызстан,URBAN,96.80391
2017,SH_SAN_HNDWSH,Кыргызстан,RURAL,94.04769
2018,SH_SAN_HNDWSH,Кыргызстан,URBAN,97.7329
2018,SH_SAN_HNDWSH,Кыргызстан,ALLAREA,96.66622
2018,SH_SAN_HNDWSH,Кыргызстан,RURAL,96.05702
2019,SH_SAN_HNDWSH,Кыргызстан,ALLAREA,98.28426
2019,SH_SAN_HNDWSH,Кыргызстан,RURAL,98.06635
2019,SH_SAN_HNDWSH,Кыргызстан,URBAN,98.66189
2020,SH_SAN_HNDWSH,Кыргызстан,URBAN,99.59088
2007,SH_SAN_HNDWSH,Serbia,RURAL,98.03233
2007,SH_SAN_HNDWSH,Serbia,URBAN,98.20827
2008,SH_SAN_HNDWSH,Serbia,RURAL,98.03233
2008,SH_SAN_HNDWSH,Serbia,URBAN,98.20827
2008,SH_SAN_HNDWSH,Serbia,ALLAREA,98.12831
2009,SH_SAN_HNDWSH,Serbia,RURAL,98.03233
2009,SH_SAN_HNDWSH,Serbia,ALLAREA,98.12869
2009,SH_SAN_HNDWSH,Serbia,URBAN,98.20827
2010,SH_SAN_HNDWSH,Serbia,ALLAREA,98.12908
2010,SH_SAN_HNDWSH,Serbia,RURAL,98.03233
2010,SH_SAN_HNDWSH,Serbia,URBAN,98.20827
2011,SH_SAN_HNDWSH,Serbia,ALLAREA,98.12948
2011,SH_SAN_HNDWSH,Serbia,RURAL,98.03233
2011,SH_SAN_HNDWSH,Serbia,URBAN,98.20827
2012,SH_SAN_HNDWSH,Serbia,ALLAREA,98.12972
2012,SH_SAN_HNDWSH,Serbia,URBAN,98.20827
2012,SH_SAN_HNDWSH,Serbia,RURAL,98.03233
2013,SH_SAN_HNDWSH,Serbia,ALLAREA,98.12992
2013,SH_SAN_HNDWSH,Serbia,URBAN,98.20827
2013,SH_SAN_HNDWSH,Serbia,RURAL,98.03233
2014,SH_SAN_HNDWSH,Serbia,ALLAREA,98.13012
2014,SH_SAN_HNDWSH,Serbia,RURAL,98.03233
2014,SH_SAN_HNDWSH,Serbia,URBAN,98.20827
2005,SH_SAN_HNDWSH,Viet Nam,URBAN,91.79027
2005,SH_SAN_HNDWSH,Viet Nam,RURAL,81.51262
2005,SH_SAN_HNDWSH,Viet Nam,ALLAREA,84.31647
2006,SH_SAN_HNDWSH,Viet Nam,ALLAREA,84.37885
2006,SH_SAN_HNDWSH,Viet Nam,URBAN,91.79027
2006,SH_SAN_HNDWSH,Viet Nam,RURAL,81.51262
2007,SH_SAN_HNDWSH,Viet Nam,RURAL,81.51262
2007,SH_SAN_HNDWSH,Viet Nam,ALLAREA,84.44217
2007,SH_SAN_HNDWSH,Viet Nam,URBAN,91.79027
2008,SH_SAN_HNDWSH,Viet Nam,ALLAREA,84.5063
2008,SH_SAN_HNDWSH,Viet Nam,URBAN,91.79027
2008,SH_SAN_HNDWSH,Viet Nam,RURAL,81.51262
2009,SH_SAN_HNDWSH,Viet Nam,ALLAREA,84.57146
2009,SH_SAN_HNDWSH,Viet Nam,URBAN,91.79027
2009,SH_SAN_HNDWSH,Viet Nam,RURAL,81.51262
2010,SH_SAN_HNDWSH,Viet Nam,URBAN,92.05006
2010,SH_SAN_HNDWSH,Viet Nam,ALLAREA,84.88438
2010,SH_SAN_HNDWSH,Viet Nam,RURAL,81.75202
2011,SH_SAN_HNDWSH,Viet Nam,ALLAREA,85.19838
2011,SH_SAN_HNDWSH,Viet Nam,RURAL,81.99141
2011,SH_SAN_HNDWSH,Viet Nam,URBAN,92.30985
2012,SH_SAN_HNDWSH,Viet Nam,ALLAREA,85.5136
2012,SH_SAN_HNDWSH,Viet Nam,URBAN,92.56964
2012,SH_SAN_HNDWSH,Viet Nam,RURAL,82.23081
2013,SH_SAN_HNDWSH,Viet Nam,RURAL,82.4702
2013,SH_SAN_HNDWSH,Viet Nam,URBAN,92.82943
2013,SH_SAN_HNDWSH,Viet Nam,ALLAREA,85.8296
2014,SH_SAN_HNDWSH,Viet Nam,RURAL,82.7096
2014,SH_SAN_HNDWSH,Viet Nam,URBAN,93.08922
2014,SH_SAN_HNDWSH,Viet Nam,ALLAREA,86.14681
2015,SH_SAN_HNDWSH,Viet Nam,ALLAREA,86.46514
2015,SH_SAN_HNDWSH,Viet Nam,URBAN,93.34901
2015,SH_SAN_HNDWSH,Viet Nam,RURAL,82.94899
2016,SH_SAN_HNDWSH,Viet Nam,ALLAREA,86.78447
2016,SH_SAN_HNDWSH,Viet Nam,RURAL,83.18839
2016,SH_SAN_HNDWSH,Viet Nam,URBAN,93.60881
2017,SH_SAN_HNDWSH,Viet Nam,RURAL,83.42778
2017,SH_SAN_HNDWSH,Viet Nam,URBAN,93.8686
2017,SH_SAN_HNDWSH,Viet Nam,ALLAREA,87.10431
2018,SH_SAN_HNDWSH,Viet Nam,ALLAREA,87.42474
2018,SH_SAN_HNDWSH,Viet Nam,RURAL,83.66718
2018,SH_SAN_HNDWSH,Viet Nam,URBAN,94.12839
2019,SH_SAN_HNDWSH,Viet Nam,URBAN,94.38818
2019,SH_SAN_HNDWSH,Viet Nam,ALLAREA,87.74577
2019,SH_SAN_HNDWSH,Viet Nam,RURAL,83.90657
2020,SH_SAN_HNDWSH,Viet Nam,URBAN,94.64797
2020,SH_SAN_HNDWSH,Viet Nam,RURAL,84.14597
2020,SH_SAN_HNDWSH,Viet Nam,ALLAREA,88.06742
2021,SH_SAN_HNDWSH,Viet Nam,ALLAREA,88.38934
2021,SH_SAN_HNDWSH,Viet Nam,RURAL,84.38536
2021,SH_SAN_HNDWSH,Viet Nam,URBAN,94.90776
2022,SH_SAN_HNDWSH,Viet Nam,ALLAREA,88.71177
2022,SH_SAN_HNDWSH,Viet Nam,URBAN,95.16755
2022,SH_SAN_HNDWSH,Viet Nam,RURAL,84.62476
2006,SH_SAN_HNDWSH,Таджикистан,URBAN,88.64244
2006,SH_SAN_HNDWSH,Таджикистан,RURAL,66.52019
2006,SH_SAN_HNDWSH,Таджикистан,ALLAREA,72.38524
2007,SH_SAN_HNDWSH,Таджикистан,ALLAREA,72.38568
2007,SH_SAN_HNDWSH,Таджикистан,RURAL,66.52019
2007,SH_SAN_HNDWSH,Таджикистан,URBAN,88.64244
2008,SH_SAN_HNDWSH,Таджикистан,RURAL,66.52019
2008,SH_SAN_HNDWSH,Таджикистан,ALLAREA,72.38613
2008,SH_SAN_HNDWSH,Таджикистан,URBAN,88.64244
2009,SH_SAN_HNDWSH,Таджикистан,ALLAREA,72.38657
2009,SH_SAN_HNDWSH,Таджикистан,RURAL,66.52019
2009,SH_SAN_HNDWSH,Таджикистан,URBAN,88.64244
2010,SH_SAN_HNDWSH,Таджикистан,URBAN,88.64244
2010,SH_SAN_HNDWSH,Таджикистан,ALLAREA,72.38701
2010,SH_SAN_HNDWSH,Таджикистан,RURAL,66.52019
2011,SH_SAN_HNDWSH,Таджикистан,ALLAREA,72.41937
2011,SH_SAN_HNDWSH,Таджикистан,URBAN,88.43202
2011,SH_SAN_HNDWSH,Таджикистан,RURAL,66.63987
2012,SH_SAN_HNDWSH,Таджикистан,URBAN,88.2216
2012,SH_SAN_HNDWSH,Таджикистан,ALLAREA,72.45665
2012,SH_SAN_HNDWSH,Таджикистан,RURAL,66.75955
2013,SH_SAN_HNDWSH,Таджикистан,URBAN,88.01118
2013,SH_SAN_HNDWSH,Таджикистан,RURAL,66.87923
2013,SH_SAN_HNDWSH,Таджикистан,ALLAREA,72.49801
2014,SH_SAN_HNDWSH,Таджикистан,ALLAREA,72.54365
2014,SH_SAN_HNDWSH,Таджикистан,RURAL,66.99891
2014,SH_SAN_HNDWSH,Таджикистан,URBAN,87.80076
2015,SH_SAN_HNDWSH,Таджикистан,RURAL,67.11859
2015,SH_SAN_HNDWSH,Таджикистан,ALLAREA,72.59315
2015,SH_SAN_HNDWSH,Таджикистан,URBAN,87.59034
2016,SH_SAN_HNDWSH,Таджикистан,RURAL,67.23827
2016,SH_SAN_HNDWSH,Таджикистан,URBAN,87.37992
2016,SH_SAN_HNDWSH,Таджикистан,ALLAREA,72.64651
2017,SH_SAN_HNDWSH,Таджикистан,ALLAREA,72.7035
2017,SH_SAN_HNDWSH,Таджикистан,RURAL,67.35795
2017,SH_SAN_HNDWSH,Таджикистан,URBAN,87.1695
2018,SH_SAN_HNDWSH,Таджикистан,ALLAREA,72.76373
2018,SH_SAN_HNDWSH,Таджикистан,RURAL,67.47763
2018,SH_SAN_HNDWSH,Таджикистан,URBAN,86.95908
2019,SH_SAN_HNDWSH,Таджикистан,RURAL,67.59731
2019,SH_SAN_HNDWSH,Таджикистан,ALLAREA,72.82735
2019,SH_SAN_HNDWSH,Таджикистан,URBAN,86.74867
2020,SH_SAN_HNDWSH,Таджикистан,ALLAREA,72.86508
2020,SH_SAN_HNDWSH,Таджикистан,RURAL,67.59731
2020,SH_SAN_HNDWSH,Таджикистан,URBAN,86.74867
2021,SH_SAN_HNDWSH,Таджикистан,ALLAREA,72.90722
2021,SH_SAN_HNDWSH,Таджикистан,URBAN,86.74867
2021,SH_SAN_HNDWSH,Таджикистан,RURAL,67.59731
2022,SH_SAN_HNDWSH,Таджикистан,ALLAREA,72.95356
2022,SH_SAN_HNDWSH,Таджикистан,RURAL,67.59731
2022,SH_SAN_HNDWSH,Таджикистан,URBAN,86.74867
2000,SH_SAN_HNDWSH,Туркменистан,RURAL,60.588
2000,SH_SAN_HNDWSH,Туркменистан,ALLAREA,70.7457
2000,SH_SAN_HNDWSH,Туркменистан,URBAN,82.7118
2001,SH_SAN_HNDWSH,Туркменистан,URBAN,83.77231
2001,SH_SAN_HNDWSH,Туркменистан,RURAL,62.9938
2001,SH_SAN_HNDWSH,Туркменистан,ALLAREA,72.58038
2002,SH_SAN_HNDWSH,Туркменистан,ALLAREA,74.40923
2002,SH_SAN_HNDWSH,Туркменистан,URBAN,84.83282
2002,SH_SAN_HNDWSH,Туркменистан,RURAL,65.39959
2003,SH_SAN_HNDWSH,Туркменистан,ALLAREA,76.23202
2003,SH_SAN_HNDWSH,Туркменистан,RURAL,67.80539
2003,SH_SAN_HNDWSH,Туркменистан,URBAN,85.89333
2004,SH_SAN_HNDWSH,Туркменистан,URBAN,86.95384
2004,SH_SAN_HNDWSH,Туркменистан,RURAL,70.21119
2004,SH_SAN_HNDWSH,Туркменистан,ALLAREA,78.04876
2005,SH_SAN_HNDWSH,Туркменистан,ALLAREA,79.86175
2005,SH_SAN_HNDWSH,Туркменистан,RURAL,72.61699
2005,SH_SAN_HNDWSH,Туркменистан,URBAN,88.01435
2006,SH_SAN_HNDWSH,Туркменистан,ALLAREA,81.67054
2006,SH_SAN_HNDWSH,Туркменистан,URBAN,89.07486
2006,SH_SAN_HNDWSH,Туркменистан,RURAL,75.02278
2007,SH_SAN_HNDWSH,Туркменистан,RURAL,77.42858
2007,SH_SAN_HNDWSH,Туркменистан,ALLAREA,83.4746
2007,SH_SAN_HNDWSH,Туркменистан,URBAN,90.13537
2008,SH_SAN_HNDWSH,Туркменистан,URBAN,91.19588
2008,SH_SAN_HNDWSH,Туркменистан,ALLAREA,85.2729
2008,SH_SAN_HNDWSH,Туркменистан,RURAL,79.83438
2009,SH_SAN_HNDWSH,Туркменистан,URBAN,92.25639
2009,SH_SAN_HNDWSH,Туркменистан,RURAL,82.24018
2009,SH_SAN_HNDWSH,Туркменистан,ALLAREA,87.06518
2010,SH_SAN_HNDWSH,Туркменистан,URBAN,93.3169
2010,SH_SAN_HNDWSH,Туркменистан,RURAL,84.64597
2010,SH_SAN_HNDWSH,Туркменистан,ALLAREA,88.85059
2011,SH_SAN_HNDWSH,Туркменистан,ALLAREA,90.62851
2011,SH_SAN_HNDWSH,Туркменистан,URBAN,94.37741
2011,SH_SAN_HNDWSH,Туркменистан,RURAL,87.05177
2012,SH_SAN_HNDWSH,Туркменистан,ALLAREA,92.3984
2012,SH_SAN_HNDWSH,Туркменистан,URBAN,95.43792
2012,SH_SAN_HNDWSH,Туркменистан,RURAL,89.45757
2013,SH_SAN_HNDWSH,Туркменистан,ALLAREA,94.15962
2013,SH_SAN_HNDWSH,Туркменистан,URBAN,96.49843
2013,SH_SAN_HNDWSH,Туркменистан,RURAL,91.86337
2014,SH_SAN_HNDWSH,Туркменистан,ALLAREA,95.91145
2014,SH_SAN_HNDWSH,Туркменистан,URBAN,97.55893
2014,SH_SAN_HNDWSH,Туркменистан,RURAL,94.26916
2015,SH_SAN_HNDWSH,Туркменистан,RURAL,96.67496
2015,SH_SAN_HNDWSH,Туркменистан,URBAN,98.61944
2015,SH_SAN_HNDWSH,Туркменистан,ALLAREA,97.65336
2016,SH_SAN_HNDWSH,Туркменистан,URBAN,99.67995
2016,SH_SAN_HNDWSH,Туркменистан,RURAL,99.08076
2016,SH_SAN_HNDWSH,Туркменистан,ALLAREA,99.38472
2017,SH_SAN_HNDWSH,Туркменистан,ALLAREA,100.0
2017,SH_SAN_HNDWSH,Туркменистан,RURAL,100.0
2017,SH_SAN_HNDWSH,Туркменистан,URBAN,100.0
2018,SH_SAN_HNDWSH,Туркменистан,URBAN,100.0
2018,SH_SAN_HNDWSH,Туркменистан,RURAL,100.0
2018,SH_SAN_HNDWSH,Туркменистан,ALLAREA,100.0
2019,SH_SAN_HNDWSH,Туркменистан,ALLAREA,100.0
2019,SH_SAN_HNDWSH,Туркменистан,URBAN,100.0
2019,SH_SAN_HNDWSH,Туркменистан,RURAL,100.0
2020,SH_SAN_HNDWSH,Туркменистан,URBAN,100.0
2020,SH_SAN_HNDWSH,Туркменистан,RURAL,100.0
2020,SH_SAN_HNDWSH,Туркменистан,ALLAREA,100.0
2021,SH_SAN_HNDWSH,Туркменистан,ALLAREA,100.0
2021,SH_SAN_HNDWSH,Туркменистан,RURAL,100.0
2021,SH_SAN_HNDWSH,Туркменистан,URBAN,100.0
2022,SH_SAN_HNDWSH,Туркменистан,RURAL,100.0
2022,SH_SAN_HNDWSH,Туркменистан,ALLAREA,100.0
2022,SH_SAN_HNDWSH,Туркменистан,URBAN,100.0
2000,SH_SAN_HNDWSH,North Macedonia,ALLAREA,99.6736
2000,SH_SAN_HNDWSH,North Macedonia,URBAN,99.61872
2000,SH_SAN_HNDWSH,North Macedonia,RURAL,99.75111
2001,SH_SAN_HNDWSH,North Macedonia,ALLAREA,99.67388
2001,SH_SAN_HNDWSH,North Macedonia,URBAN,99.61872
2001,SH_SAN_HNDWSH,North Macedonia,RURAL,99.75111
2002,SH_SAN_HNDWSH,North Macedonia,ALLAREA,99.67415
2002,SH_SAN_HNDWSH,North Macedonia,RURAL,99.75111
2002,SH_SAN_HNDWSH,North Macedonia,URBAN,99.61872
2003,SH_SAN_HNDWSH,North Macedonia,ALLAREA,99.67443
2003,SH_SAN_HNDWSH,North Macedonia,RURAL,99.75111
2003,SH_SAN_HNDWSH,North Macedonia,URBAN,99.61872
2004,SH_SAN_HNDWSH,North Macedonia,ALLAREA,99.6747
2004,SH_SAN_HNDWSH,North Macedonia,URBAN,99.61872
2004,SH_SAN_HNDWSH,North Macedonia,RURAL,99.75111
2005,SH_SAN_HNDWSH,North Macedonia,ALLAREA,99.67495
2005,SH_SAN_HNDWSH,North Macedonia,RURAL,99.75111
2005,SH_SAN_HNDWSH,North Macedonia,URBAN,99.61872
2006,SH_SAN_HNDWSH,North Macedonia,ALLAREA,99.67514
2006,SH_SAN_HNDWSH,North Macedonia,URBAN,99.61872
2006,SH_SAN_HNDWSH,North Macedonia,RURAL,99.75111
2007,SH_SAN_HNDWSH,North Macedonia,RURAL,99.75111
2007,SH_SAN_HNDWSH,North Macedonia,ALLAREA,99.6753
2007,SH_SAN_HNDWSH,North Macedonia,URBAN,99.61872
2008,SH_SAN_HNDWSH,North Macedonia,URBAN,99.61872
2008,SH_SAN_HNDWSH,North Macedonia,RURAL,99.75111
2008,SH_SAN_HNDWSH,North Macedonia,ALLAREA,99.67542
2009,SH_SAN_HNDWSH,North Macedonia,ALLAREA,99.67549
2009,SH_SAN_HNDWSH,North Macedonia,URBAN,99.61872
2009,SH_SAN_HNDWSH,North Macedonia,RURAL,99.75111
2010,SH_SAN_HNDWSH,North Macedonia,URBAN,99.61872
2010,SH_SAN_HNDWSH,North Macedonia,RURAL,99.75111
2010,SH_SAN_HNDWSH,North Macedonia,ALLAREA,99.67553
2011,SH_SAN_HNDWSH,North Macedonia,RURAL,99.75111
2011,SH_SAN_HNDWSH,North Macedonia,URBAN,99.61872
2011,SH_SAN_HNDWSH,North Macedonia,ALLAREA,99.67553
2012,SH_SAN_HNDWSH,North Macedonia,RURAL,99.75111
2012,SH_SAN_HNDWSH,North Macedonia,ALLAREA,99.67548
2012,SH_SAN_HNDWSH,North Macedonia,URBAN,99.61872
2013,SH_SAN_HNDWSH,North Macedonia,ALLAREA,99.6754
2013,SH_SAN_HNDWSH,North Macedonia,URBAN,99.61872
2013,SH_SAN_HNDWSH,North Macedonia,RURAL,99.75111
2014,SH_SAN_HNDWSH,North Macedonia,RURAL,99.75111
2014,SH_SAN_HNDWSH,North Macedonia,URBAN,99.61872
2014,SH_SAN_HNDWSH,North Macedonia,ALLAREA,99.67527
2015,SH_SAN_HNDWSH,North Macedonia,RURAL,99.75111
2015,SH_SAN_HNDWSH,North Macedonia,URBAN,99.61872
2015,SH_SAN_HNDWSH,North Macedonia,ALLAREA,99.67511
2016,SH_SAN_HNDWSH,North Macedonia,URBAN,99.61872
2016,SH_SAN_HNDWSH,North Macedonia,RURAL,99.75111
2016,SH_SAN_HNDWSH,North Macedonia,ALLAREA,99.6749
2017,SH_SAN_HNDWSH,North Macedonia,ALLAREA,99.67466
2017,SH_SAN_HNDWSH,North Macedonia,URBAN,99.61872
2017,SH_SAN_HNDWSH,North Macedonia,RURAL,99.75111
2018,SH_SAN_HNDWSH,North Macedonia,ALLAREA,99.67437
2018,SH_SAN_HNDWSH,North Macedonia,RURAL,99.75111
2018,SH_SAN_HNDWSH,North Macedonia,URBAN,99.61872
2019,SH_SAN_HNDWSH,North Macedonia,ALLAREA,99.67405
2019,SH_SAN_HNDWSH,North Macedonia,URBAN,99.61872
2019,SH_SAN_HNDWSH,North Macedonia,RURAL,99.75111
2020,SH_SAN_HNDWSH,North Macedonia,RURAL,99.75111
2020,SH_SAN_HNDWSH,North Macedonia,ALLAREA,99.67368
2020,SH_SAN_HNDWSH,North Macedonia,URBAN,99.61872
2021,SH_SAN_HNDWSH,North Macedonia,ALLAREA,99.67328
2021,SH_SAN_HNDWSH,North Macedonia,RURAL,99.75111
2021,SH_SAN_HNDWSH,North Macedonia,URBAN,99.61872
2022,SH_SAN_HNDWSH,North Macedonia,RURAL,99.75111
2022,SH_SAN_HNDWSH,North Macedonia,ALLAREA,99.67285
2022,SH_SAN_HNDWSH,North Macedonia,URBAN,99.61872
2018,SH_SAN_HNDWSH,Узбекистан,URBAN,87.99571
2018,SH_SAN_HNDWSH,Узбекистан,RURAL,75.13738
2018,SH_SAN_HNDWSH,Узбекистан,ALLAREA,81.62801
2019,SH_SAN_HNDWSH,Узбекистан,RURAL,75.13738
2019,SH_SAN_HNDWSH,Узбекистан,URBAN,87.99571
2019,SH_SAN_HNDWSH,Узбекистан,ALLAREA,81.62222
2020,SH_SAN_HNDWSH,Узбекистан,ALLAREA,81.62004
2020,SH_SAN_HNDWSH,Узбекистан,RURAL,75.13738
2020,SH_SAN_HNDWSH,Узбекистан,URBAN,87.99571
2021,SH_SAN_HNDWSH,Узбекистан,URBAN,87.99571
2021,SH_SAN_HNDWSH,Узбекистан,RURAL,75.13738
2021,SH_SAN_HNDWSH,Узбекистан,ALLAREA,81.62145
2022,SH_SAN_HNDWSH,Узбекистан,URBAN,87.99571
2022,SH_SAN_HNDWSH,Узбекистан,RURAL,75.13738
2022,SH_SAN_HNDWSH,Узбекистан,ALLAREA,81.62647
2015,SH_SAN_HNDWSH,Azerbaijan,RURAL,87.37166
2016,SH_SAN_HNDWSH,Azerbaijan,URBAN,90.86326
2016,SH_SAN_HNDWSH,Azerbaijan,ALLAREA,89.29278
2016,SH_SAN_HNDWSH,Azerbaijan,RURAL,87.37166
2017,SH_SAN_HNDWSH,Azerbaijan,ALLAREA,89.30402
2017,SH_SAN_HNDWSH,Azerbaijan,RURAL,87.37166
2017,SH_SAN_HNDWSH,Azerbaijan,URBAN,90.86326
2020,SH_SAN_HNDWSH,Кыргызстан,RURAL,100.0
2020,SH_SAN_HNDWSH,Кыргызстан,ALLAREA,99.84922
2021,SH_SAN_HNDWSH,Кыргызстан,ALLAREA,99.84803
2021,SH_SAN_HNDWSH,Кыргызстан,RURAL,100.0
2021,SH_SAN_HNDWSH,Кыргызстан,URBAN,99.59088
2022,SH_SAN_HNDWSH,Кыргызстан,RURAL,100.0
2022,SH_SAN_HNDWSH,Кыргызстан,ALLAREA,99.84674
2022,SH_SAN_HNDWSH,Кыргызстан,URBAN,99.59088
2022,SH_SAN_HNDWSH,Кыргызстан,URBAN,99.59088
