Year,SeriesCode,Страна ,Value
2000,EN_RSRV_MXWAN,Estonia,0.0
2001,EN_RSRV_MXWAN,Estonia,0.0
2002,EN_RSRV_MXWAN,Estonia,0.0
2003,EN_RSRV_MXWAN,Estonia,0.0
2004,EN_RSRV_MXWAN,Estonia,0.0
2005,EN_RSRV_MXWAN,Estonia,0.0
2006,EN_RSRV_MXWAN,Estonia,0.0
2007,EN_RSRV_MXWAN,Estonia,0.0
2008,EN_RSRV_MXWAN,Estonia,0.0
2009,EN_RSRV_MXWAN,Estonia,0.0
2010,EN_RSRV_MXWAN,Estonia,0.0
2011,EN_RSRV_MXWAN,Estonia,0.0
2012,EN_RSRV_MXWAN,Estonia,0.0
2013,EN_RSRV_MXWAN,Estonia,0.0
2014,EN_RSRV_MXWAN,Estonia,0.0
2015,EN_RSRV_MXWAN,Estonia,0.0
2016,EN_RSRV_MXWAN,Estonia,0.0
2017,EN_RSRV_MXWAN,Estonia,0.0
2018,EN_RSRV_MXWAN,Estonia,0.0
2019,EN_RSRV_MXWAN,Estonia,0.0
2020,EN_RSRV_MXWAN,Estonia,0.0
2021,EN_RSRV_MXWAN,Estonia,0.0
2022,EN_RSRV_MXWAN,Estonia,0.0
2000,EN_RSRV_MXWAN,Finland,3278.20539
2001,EN_RSRV_MXWAN,Finland,4757.26292
2002,EN_RSRV_MXWAN,Finland,6233.732
2003,EN_RSRV_MXWAN,Finland,7378.47605
2004,EN_RSRV_MXWAN,Finland,7239.54801
2005,EN_RSRV_MXWAN,Finland,7245.6944
2006,EN_RSRV_MXWAN,Finland,7247.6522
2007,EN_RSRV_MXWAN,Finland,7249.33166
2008,EN_RSRV_MXWAN,Finland,7250.09911
2009,EN_RSRV_MXWAN,Finland,7275.85531
2010,EN_RSRV_MXWAN,Finland,7279.04346
2011,EN_RSRV_MXWAN,Finland,7274.59355
2012,EN_RSRV_MXWAN,Finland,7265.92238
2013,EN_RSRV_MXWAN,Finland,7262.62576
2014,EN_RSRV_MXWAN,Finland,7381.53473
2015,EN_RSRV_MXWAN,Finland,7381.80717
2016,EN_RSRV_MXWAN,Finland,7387.15374
2017,EN_RSRV_MXWAN,Finland,7414.72881
2018,EN_RSRV_MXWAN,Finland,7431.71013
2019,EN_RSRV_MXWAN,Finland,7443.69307
2020,EN_RSRV_MXWAN,Finland,7455.99696
2021,EN_RSRV_MXWAN,Finland,7470.39773
2022,EN_RSRV_MXWAN,Finland,7470.44538
2000,EN_RSRV_MXWAN,France,100.01037
2001,EN_RSRV_MXWAN,France,169.87728
2000,EN_RSRV_MXWAN,Albania,15.43805
2001,EN_RSRV_MXWAN,Albania,33.05004
2002,EN_RSRV_MXWAN,Albania,50.44493
2003,EN_RSRV_MXWAN,Albania,66.96661
2004,EN_RSRV_MXWAN,Albania,85.1042
2005,EN_RSRV_MXWAN,Albania,87.77102
2006,EN_RSRV_MXWAN,Albania,88.2855
2007,EN_RSRV_MXWAN,Albania,89.30507
2008,EN_RSRV_MXWAN,Albania,88.68442
2009,EN_RSRV_MXWAN,Albania,88.26843
2010,EN_RSRV_MXWAN,Albania,88.45136
2011,EN_RSRV_MXWAN,Albania,88.53397
2002,EN_RSRV_MXWAN,France,240.54063
2003,EN_RSRV_MXWAN,France,295.1374
2004,EN_RSRV_MXWAN,France,343.92067
2005,EN_RSRV_MXWAN,France,349.82594
2006,EN_RSRV_MXWAN,France,349.15242
2007,EN_RSRV_MXWAN,France,348.9318
2008,EN_RSRV_MXWAN,France,348.82516
2009,EN_RSRV_MXWAN,France,348.628
2010,EN_RSRV_MXWAN,France,350.07055
2011,EN_RSRV_MXWAN,France,351.24459
2012,EN_RSRV_MXWAN,France,350.08598
2013,EN_RSRV_MXWAN,France,349.4111
2004,EN_RSRV_MXWAN,Slovakia,152.03976
2005,EN_RSRV_MXWAN,Slovakia,153.27826
2006,EN_RSRV_MXWAN,Slovakia,153.32325
2007,EN_RSRV_MXWAN,Slovakia,153.53827
2008,EN_RSRV_MXWAN,Slovakia,153.63939
2009,EN_RSRV_MXWAN,Slovakia,153.68267
2010,EN_RSRV_MXWAN,Slovakia,153.77227
2011,EN_RSRV_MXWAN,Slovakia,153.60742
2012,EN_RSRV_MXWAN,Slovakia,153.402
2013,EN_RSRV_MXWAN,Slovakia,152.86959
2014,EN_RSRV_MXWAN,Slovakia,153.35687
2015,EN_RSRV_MXWAN,Slovakia,153.09223
2012,EN_RSRV_MXWAN,Albania,87.64311
2013,EN_RSRV_MXWAN,Albania,89.65562
2014,EN_RSRV_MXWAN,Albania,90.32317
2015,EN_RSRV_MXWAN,Albania,90.43686
2016,EN_RSRV_MXWAN,Albania,90.88549
2017,EN_RSRV_MXWAN,Albania,94.13622
2018,EN_RSRV_MXWAN,Albania,96.06056
2019,EN_RSRV_MXWAN,Albania,98.42195
2020,EN_RSRV_MXWAN,Albania,100.49026
2021,EN_RSRV_MXWAN,Albania,102.47484
2022,EN_RSRV_MXWAN,Albania,102.51244
2000,EN_RSRV_MXWAN,Azerbaijan,339.08466
2016,EN_RSRV_MXWAN,Slovakia,152.92025
2017,EN_RSRV_MXWAN,Slovakia,153.12726
2018,EN_RSRV_MXWAN,Slovakia,154.17876
2019,EN_RSRV_MXWAN,Slovakia,154.06074
2020,EN_RSRV_MXWAN,Slovakia,154.07471
2021,EN_RSRV_MXWAN,Slovakia,154.21067
2022,EN_RSRV_MXWAN,Slovakia,153.91375
2000,EN_RSRV_MXWAN,Viet Nam,540.59227
2001,EN_RSRV_MXWAN,Viet Nam,595.84084
2002,EN_RSRV_MXWAN,Viet Nam,624.41662
2003,EN_RSRV_MXWAN,Viet Nam,731.19831
2004,EN_RSRV_MXWAN,Viet Nam,911.24958
2014,EN_RSRV_MXWAN,France,352.29297
2015,EN_RSRV_MXWAN,France,353.90634
2016,EN_RSRV_MXWAN,France,356.11766
2017,EN_RSRV_MXWAN,France,360.11707
2018,EN_RSRV_MXWAN,France,363.07225
2019,EN_RSRV_MXWAN,France,364.06442
2020,EN_RSRV_MXWAN,France,364.75833
2021,EN_RSRV_MXWAN,France,365.51971
2022,EN_RSRV_MXWAN,France,365.65901
2000,EN_RSRV_MXWAN,Georgia,21.4714
2001,EN_RSRV_MXWAN,Georgia,31.06852
2002,EN_RSRV_MXWAN,Georgia,41.33222
2005,EN_RSRV_MXWAN,Viet Nam,940.11531
2006,EN_RSRV_MXWAN,Viet Nam,949.06043
2007,EN_RSRV_MXWAN,Viet Nam,972.44885
2008,EN_RSRV_MXWAN,Viet Nam,986.28151
2009,EN_RSRV_MXWAN,Viet Nam,1013.13664
2010,EN_RSRV_MXWAN,Viet Nam,1072.65091
2011,EN_RSRV_MXWAN,Viet Nam,1135.97013
2012,EN_RSRV_MXWAN,Viet Nam,1223.41363
2013,EN_RSRV_MXWAN,Viet Nam,1301.23354
2014,EN_RSRV_MXWAN,Viet Nam,1410.99491
2015,EN_RSRV_MXWAN,Viet Nam,1492.5156
2016,EN_RSRV_MXWAN,Viet Nam,1573.13282
2003,EN_RSRV_MXWAN,Georgia,52.27026
2004,EN_RSRV_MXWAN,Georgia,50.76548
2005,EN_RSRV_MXWAN,Georgia,50.95381
2006,EN_RSRV_MXWAN,Georgia,52.07188
2007,EN_RSRV_MXWAN,Georgia,52.69735
2008,EN_RSRV_MXWAN,Georgia,52.39179
2009,EN_RSRV_MXWAN,Georgia,53.64582
2010,EN_RSRV_MXWAN,Georgia,53.50846
2011,EN_RSRV_MXWAN,Georgia,53.56547
2012,EN_RSRV_MXWAN,Georgia,53.59899
2013,EN_RSRV_MXWAN,Georgia,52.76254
2014,EN_RSRV_MXWAN,Georgia,52.16602
2017,EN_RSRV_MXWAN,Viet Nam,1613.98267
2018,EN_RSRV_MXWAN,Viet Nam,1679.47402
2019,EN_RSRV_MXWAN,Viet Nam,1703.946
2020,EN_RSRV_MXWAN,Viet Nam,1720.38229
2021,EN_RSRV_MXWAN,Viet Nam,1727.68406
2022,EN_RSRV_MXWAN,Viet Nam,1739.28516
2000,EN_RSRV_MXWAN,Slovenia,0.43227
2001,EN_RSRV_MXWAN,Slovenia,0.94657
2002,EN_RSRV_MXWAN,Slovenia,1.46619
2003,EN_RSRV_MXWAN,Slovenia,1.99682
2004,EN_RSRV_MXWAN,Slovenia,2.54526
2005,EN_RSRV_MXWAN,Slovenia,2.66391
2001,EN_RSRV_MXWAN,Azerbaijan,378.1071
2002,EN_RSRV_MXWAN,Azerbaijan,501.86753
2003,EN_RSRV_MXWAN,Azerbaijan,639.51248
2004,EN_RSRV_MXWAN,Azerbaijan,644.91928
2005,EN_RSRV_MXWAN,Azerbaijan,660.45539
2006,EN_RSRV_MXWAN,Azerbaijan,674.41136
2007,EN_RSRV_MXWAN,Azerbaijan,689.13243
2008,EN_RSRV_MXWAN,Azerbaijan,690.48183
2009,EN_RSRV_MXWAN,Azerbaijan,687.2144
2010,EN_RSRV_MXWAN,Azerbaijan,688.63471
2011,EN_RSRV_MXWAN,Azerbaijan,691.91414
2012,EN_RSRV_MXWAN,Azerbaijan,693.54934
2015,EN_RSRV_MXWAN,Georgia,52.37529
2016,EN_RSRV_MXWAN,Georgia,52.08666
2017,EN_RSRV_MXWAN,Georgia,51.42741
2018,EN_RSRV_MXWAN,Georgia,51.99104
2019,EN_RSRV_MXWAN,Georgia,52.04355
2020,EN_RSRV_MXWAN,Georgia,51.60433
2021,EN_RSRV_MXWAN,Georgia,50.51757
2022,EN_RSRV_MXWAN,Georgia,50.46831
2000,EN_RSRV_MXWAN,Germany,90.04176
2001,EN_RSRV_MXWAN,Germany,122.54793
2002,EN_RSRV_MXWAN,Germany,154.00867
2003,EN_RSRV_MXWAN,Germany,161.43542
2006,EN_RSRV_MXWAN,Slovenia,2.70226
2007,EN_RSRV_MXWAN,Slovenia,2.73567
2008,EN_RSRV_MXWAN,Slovenia,2.75917
2009,EN_RSRV_MXWAN,Slovenia,2.7176
2010,EN_RSRV_MXWAN,Slovenia,2.71725
2011,EN_RSRV_MXWAN,Slovenia,2.7376
2012,EN_RSRV_MXWAN,Slovenia,2.75276
2013,EN_RSRV_MXWAN,Slovenia,2.71199
2014,EN_RSRV_MXWAN,Slovenia,2.76538
2015,EN_RSRV_MXWAN,Slovenia,2.7663
2016,EN_RSRV_MXWAN,Slovenia,2.74675
2017,EN_RSRV_MXWAN,Slovenia,2.76251
2004,EN_RSRV_MXWAN,Germany,162.39393
2005,EN_RSRV_MXWAN,Germany,165.02239
2006,EN_RSRV_MXWAN,Germany,167.16652
2007,EN_RSRV_MXWAN,Germany,170.56402
2008,EN_RSRV_MXWAN,Germany,171.73997
2009,EN_RSRV_MXWAN,Germany,170.95946
2010,EN_RSRV_MXWAN,Germany,172.3967
2011,EN_RSRV_MXWAN,Germany,172.66717
2012,EN_RSRV_MXWAN,Germany,172.99804
2013,EN_RSRV_MXWAN,Germany,172.15375
2014,EN_RSRV_MXWAN,Germany,174.50303
2015,EN_RSRV_MXWAN,Germany,174.71344
2016,EN_RSRV_MXWAN,Germany,175.19095
2017,EN_RSRV_MXWAN,Germany,176.07868
2018,EN_RSRV_MXWAN,Germany,177.74596
2019,EN_RSRV_MXWAN,Germany,178.2072
2020,EN_RSRV_MXWAN,Germany,179.05123
2021,EN_RSRV_MXWAN,Germany,179.57325
2022,EN_RSRV_MXWAN,Germany,179.67896
2000,EN_RSRV_MXWAN,Greece,53.4996
2001,EN_RSRV_MXWAN,Greece,109.05666
2002,EN_RSRV_MXWAN,Greece,161.68048
2003,EN_RSRV_MXWAN,Greece,213.88876
2004,EN_RSRV_MXWAN,Greece,271.13485
2018,EN_RSRV_MXWAN,Slovenia,2.83187
2019,EN_RSRV_MXWAN,Slovenia,2.85778
2020,EN_RSRV_MXWAN,Slovenia,2.88308
2021,EN_RSRV_MXWAN,Slovenia,2.89328
2022,EN_RSRV_MXWAN,Slovenia,2.8549
2000,EN_RSRV_MXWAN,Spain,393.62024
2001,EN_RSRV_MXWAN,Spain,708.71453
2002,EN_RSRV_MXWAN,Spain,1057.27452
2003,EN_RSRV_MXWAN,Spain,1368.89268
2004,EN_RSRV_MXWAN,Spain,1694.95509
2005,EN_RSRV_MXWAN,Spain,1791.66481
2006,EN_RSRV_MXWAN,Spain,1790.14946
2007,EN_RSRV_MXWAN,Spain,1729.42278
2008,EN_RSRV_MXWAN,Spain,1729.77333
2009,EN_RSRV_MXWAN,Spain,1676.2128
2010,EN_RSRV_MXWAN,Spain,1651.0057
2011,EN_RSRV_MXWAN,Spain,1724.89641
2012,EN_RSRV_MXWAN,Spain,1817.0932
2013,EN_RSRV_MXWAN,Spain,1848.47439
2014,EN_RSRV_MXWAN,Spain,1938.58046
2015,EN_RSRV_MXWAN,Spain,2003.52635
2016,EN_RSRV_MXWAN,Spain,1999.23038
2017,EN_RSRV_MXWAN,Spain,1974.89077
2018,EN_RSRV_MXWAN,Spain,1959.54604
2005,EN_RSRV_MXWAN,Greece,275.6399
2006,EN_RSRV_MXWAN,Greece,277.8343
2007,EN_RSRV_MXWAN,Greece,283.70351
2008,EN_RSRV_MXWAN,Greece,286.07787
2009,EN_RSRV_MXWAN,Greece,281.88719
2010,EN_RSRV_MXWAN,Greece,281.72505
2011,EN_RSRV_MXWAN,Greece,282.58899
2012,EN_RSRV_MXWAN,Greece,282.54754
2013,EN_RSRV_MXWAN,Greece,286.49326
2014,EN_RSRV_MXWAN,Greece,294.3001
2015,EN_RSRV_MXWAN,Greece,297.49416
2016,EN_RSRV_MXWAN,Greece,299.63258
2013,EN_RSRV_MXWAN,Azerbaijan,685.74109
2014,EN_RSRV_MXWAN,Azerbaijan,681.05469
2015,EN_RSRV_MXWAN,Azerbaijan,666.73454
2016,EN_RSRV_MXWAN,Azerbaijan,660.04059
2017,EN_RSRV_MXWAN,Azerbaijan,653.8379
2018,EN_RSRV_MXWAN,Azerbaijan,653.98306
2019,EN_RSRV_MXWAN,Azerbaijan,658.46246
2020,EN_RSRV_MXWAN,Azerbaijan,663.79761
2021,EN_RSRV_MXWAN,Azerbaijan,651.88334
2022,EN_RSRV_MXWAN,Azerbaijan,643.90496
2000,EN_RSRV_MXWAN,Australia,4089.02586
2001,EN_RSRV_MXWAN,Australia,4159.343
2019,EN_RSRV_MXWAN,Spain,1939.83419
2020,EN_RSRV_MXWAN,Spain,1892.10305
2021,EN_RSRV_MXWAN,Spain,1850.81405
2022,EN_RSRV_MXWAN,Spain,1822.72552
2000,EN_RSRV_MXWAN,Switzerland,32.53954
2001,EN_RSRV_MXWAN,Switzerland,53.44783
2002,EN_RSRV_MXWAN,Switzerland,74.34042
2003,EN_RSRV_MXWAN,Switzerland,89.67776
2004,EN_RSRV_MXWAN,Switzerland,104.45395
2005,EN_RSRV_MXWAN,Switzerland,104.56931
2006,EN_RSRV_MXWAN,Switzerland,104.54114
2007,EN_RSRV_MXWAN,Switzerland,104.56888
2008,EN_RSRV_MXWAN,Switzerland,103.91271
2009,EN_RSRV_MXWAN,Switzerland,103.83677
2010,EN_RSRV_MXWAN,Switzerland,103.77912
2011,EN_RSRV_MXWAN,Switzerland,103.75713
2012,EN_RSRV_MXWAN,Switzerland,103.78547
2013,EN_RSRV_MXWAN,Switzerland,104.38387
2014,EN_RSRV_MXWAN,Switzerland,104.58278
2015,EN_RSRV_MXWAN,Switzerland,104.64712
2016,EN_RSRV_MXWAN,Switzerland,104.86993
2017,EN_RSRV_MXWAN,Switzerland,105.04506
2018,EN_RSRV_MXWAN,Switzerland,105.23843
2019,EN_RSRV_MXWAN,Switzerland,105.3678
2017,EN_RSRV_MXWAN,Greece,302.27719
2018,EN_RSRV_MXWAN,Greece,303.61483
2019,EN_RSRV_MXWAN,Greece,304.1178
2020,EN_RSRV_MXWAN,Greece,304.25042
2021,EN_RSRV_MXWAN,Greece,303.96198
2022,EN_RSRV_MXWAN,Greece,304.22235
2000,EN_RSRV_MXWAN,Hungary,15.3346
2001,EN_RSRV_MXWAN,Hungary,38.01744
2002,EN_RSRV_MXWAN,Hungary,60.53178
2003,EN_RSRV_MXWAN,Hungary,77.89111
2004,EN_RSRV_MXWAN,Hungary,94.67797
2005,EN_RSRV_MXWAN,Hungary,96.64321
2020,EN_RSRV_MXWAN,Switzerland,105.50063
2021,EN_RSRV_MXWAN,Switzerland,105.54313
2022,EN_RSRV_MXWAN,Switzerland,105.56842
2000,EN_RSRV_MXWAN,Таджикистан,520.10982
2001,EN_RSRV_MXWAN,Таджикистан,521.24599
2002,EN_RSRV_MXWAN,Таджикистан,523.27592
2003,EN_RSRV_MXWAN,Таджикистан,550.17409
2004,EN_RSRV_MXWAN,Таджикистан,550.48861
2005,EN_RSRV_MXWAN,Таджикистан,552.53167
2006,EN_RSRV_MXWAN,Таджикистан,552.78231
2007,EN_RSRV_MXWAN,Таджикистан,553.4401
2008,EN_RSRV_MXWAN,Таджикистан,554.07294
2002,EN_RSRV_MXWAN,Australia,4169.1507
2003,EN_RSRV_MXWAN,Australia,4129.15417
2004,EN_RSRV_MXWAN,Australia,4095.62314
2005,EN_RSRV_MXWAN,Australia,4062.20005
2006,EN_RSRV_MXWAN,Australia,3979.68769
2007,EN_RSRV_MXWAN,Australia,3897.50465
2008,EN_RSRV_MXWAN,Australia,3802.86255
2009,EN_RSRV_MXWAN,Australia,3771.35162
2010,EN_RSRV_MXWAN,Australia,3740.12941
2011,EN_RSRV_MXWAN,Australia,3792.89631
2012,EN_RSRV_MXWAN,Australia,3909.39547
2013,EN_RSRV_MXWAN,Australia,4071.77316
2006,EN_RSRV_MXWAN,Hungary,91.85126
2007,EN_RSRV_MXWAN,Hungary,91.95202
2008,EN_RSRV_MXWAN,Hungary,91.23662
2009,EN_RSRV_MXWAN,Hungary,91.04508
2010,EN_RSRV_MXWAN,Hungary,90.40546
2011,EN_RSRV_MXWAN,Hungary,92.99331
2012,EN_RSRV_MXWAN,Hungary,87.77353
2013,EN_RSRV_MXWAN,Hungary,88.24125
2014,EN_RSRV_MXWAN,Hungary,92.98392
2015,EN_RSRV_MXWAN,Hungary,93.81161
2016,EN_RSRV_MXWAN,Hungary,90.66934
2017,EN_RSRV_MXWAN,Hungary,90.5922
2009,EN_RSRV_MXWAN,Таджикистан,554.424
2010,EN_RSRV_MXWAN,Таджикистан,554.87983
2011,EN_RSRV_MXWAN,Таджикистан,555.58629
2012,EN_RSRV_MXWAN,Таджикистан,556.42097
2013,EN_RSRV_MXWAN,Таджикистан,557.74302
2014,EN_RSRV_MXWAN,Таджикистан,558.32608
2015,EN_RSRV_MXWAN,Таджикистан,559.75648
2016,EN_RSRV_MXWAN,Таджикистан,559.63881
2017,EN_RSRV_MXWAN,Таджикистан,560.32045
2018,EN_RSRV_MXWAN,Таджикистан,561.92818
2019,EN_RSRV_MXWAN,Таджикистан,563.05629
2020,EN_RSRV_MXWAN,Таджикистан,560.2317
2018,EN_RSRV_MXWAN,Hungary,90.96734
2019,EN_RSRV_MXWAN,Hungary,86.11672
2020,EN_RSRV_MXWAN,Hungary,85.45012
2021,EN_RSRV_MXWAN,Hungary,85.59044
2022,EN_RSRV_MXWAN,Hungary,86.20292
2000,EN_RSRV_MXWAN,Iceland,77.29289
2001,EN_RSRV_MXWAN,Iceland,118.89455
2002,EN_RSRV_MXWAN,Iceland,159.66856
2003,EN_RSRV_MXWAN,Iceland,201.11312
2004,EN_RSRV_MXWAN,Iceland,201.00307
2005,EN_RSRV_MXWAN,Iceland,199.04965
2006,EN_RSRV_MXWAN,Iceland,196.18728
2007,EN_RSRV_MXWAN,Iceland,196.33529
2008,EN_RSRV_MXWAN,Iceland,191.08012
2009,EN_RSRV_MXWAN,Iceland,192.67163
2010,EN_RSRV_MXWAN,Iceland,198.6446
2011,EN_RSRV_MXWAN,Iceland,201.03973
2012,EN_RSRV_MXWAN,Iceland,198.57216
2013,EN_RSRV_MXWAN,Iceland,204.78747
2014,EN_RSRV_MXWAN,Iceland,204.79683
2015,EN_RSRV_MXWAN,Iceland,205.47488
2016,EN_RSRV_MXWAN,Iceland,203.46219
2017,EN_RSRV_MXWAN,Iceland,213.45687
2018,EN_RSRV_MXWAN,Iceland,219.80735
2021,EN_RSRV_MXWAN,Таджикистан,559.97208
2022,EN_RSRV_MXWAN,Таджикистан,560.39791
2000,EN_RSRV_MXWAN,United Arab Emirates,0.0
2001,EN_RSRV_MXWAN,United Arab Emirates,0.0
2002,EN_RSRV_MXWAN,United Arab Emirates,0.0
2003,EN_RSRV_MXWAN,United Arab Emirates,0.0
2004,EN_RSRV_MXWAN,United Arab Emirates,0.0
2005,EN_RSRV_MXWAN,United Arab Emirates,0.0
2006,EN_RSRV_MXWAN,United Arab Emirates,0.0
2007,EN_RSRV_MXWAN,United Arab Emirates,0.0
2008,EN_RSRV_MXWAN,United Arab Emirates,0.0
2009,EN_RSRV_MXWAN,United Arab Emirates,0.0
2019,EN_RSRV_MXWAN,Iceland,224.53434
2020,EN_RSRV_MXWAN,Iceland,230.92091
2021,EN_RSRV_MXWAN,Iceland,240.60173
2022,EN_RSRV_MXWAN,Iceland,240.82861
2000,EN_RSRV_MXWAN,India,10275.22474
2001,EN_RSRV_MXWAN,India,10452.54566
2002,EN_RSRV_MXWAN,India,10443.91847
2003,EN_RSRV_MXWAN,India,10960.13741
2004,EN_RSRV_MXWAN,India,11259.03426
2005,EN_RSRV_MXWAN,India,11261.13494
2006,EN_RSRV_MXWAN,India,11639.27441
2007,EN_RSRV_MXWAN,India,12196.23256
2010,EN_RSRV_MXWAN,United Arab Emirates,0.0
2011,EN_RSRV_MXWAN,United Arab Emirates,0.0
2012,EN_RSRV_MXWAN,United Arab Emirates,0.0
2013,EN_RSRV_MXWAN,United Arab Emirates,0.0
2014,EN_RSRV_MXWAN,United Arab Emirates,0.0
2015,EN_RSRV_MXWAN,United Arab Emirates,0.0
2016,EN_RSRV_MXWAN,United Arab Emirates,0.04231
2017,EN_RSRV_MXWAN,United Arab Emirates,0.08494
2018,EN_RSRV_MXWAN,United Arab Emirates,0.12757
2019,EN_RSRV_MXWAN,United Arab Emirates,0.1702
2020,EN_RSRV_MXWAN,United Arab Emirates,0.21283
2021,EN_RSRV_MXWAN,United Arab Emirates,0.21316
2008,EN_RSRV_MXWAN,India,12699.68426
2009,EN_RSRV_MXWAN,India,13214.8561
2010,EN_RSRV_MXWAN,India,13369.03762
2011,EN_RSRV_MXWAN,India,13329.95591
2012,EN_RSRV_MXWAN,India,13379.2882
2013,EN_RSRV_MXWAN,India,13398.94899
2014,EN_RSRV_MXWAN,India,13612.45969
2015,EN_RSRV_MXWAN,India,13932.3975
2016,EN_RSRV_MXWAN,India,13917.29766
2017,EN_RSRV_MXWAN,India,13921.3755
2018,EN_RSRV_MXWAN,India,14040.58581
2019,EN_RSRV_MXWAN,India,13967.36024
2022,EN_RSRV_MXWAN,United Arab Emirates,0.21316
2000,EN_RSRV_MXWAN,Türkiye,1366.82212
2001,EN_RSRV_MXWAN,Türkiye,1628.16862
2002,EN_RSRV_MXWAN,Türkiye,2164.94394
2003,EN_RSRV_MXWAN,Türkiye,2741.38479
2004,EN_RSRV_MXWAN,Türkiye,2835.17813
2005,EN_RSRV_MXWAN,Türkiye,2886.39173
2006,EN_RSRV_MXWAN,Türkiye,2931.81181
2007,EN_RSRV_MXWAN,Türkiye,3012.12205
2008,EN_RSRV_MXWAN,Türkiye,3038.60288
2009,EN_RSRV_MXWAN,Türkiye,3031.04836
2010,EN_RSRV_MXWAN,Türkiye,3065.75894
2014,EN_RSRV_MXWAN,Australia,4148.17573
2015,EN_RSRV_MXWAN,Australia,4218.37462
2016,EN_RSRV_MXWAN,Australia,4192.86882
2017,EN_RSRV_MXWAN,Australia,4125.25748
2018,EN_RSRV_MXWAN,Australia,4100.13022
2019,EN_RSRV_MXWAN,Australia,4095.56661
2020,EN_RSRV_MXWAN,Australia,3989.04731
2021,EN_RSRV_MXWAN,Australia,3904.74849
2022,EN_RSRV_MXWAN,Australia,3887.02117
2000,EN_RSRV_MXWAN,Austria,22.43929
2001,EN_RSRV_MXWAN,Austria,34.35603
2002,EN_RSRV_MXWAN,Austria,46.41396
2011,EN_RSRV_MXWAN,Türkiye,3127.80188
2012,EN_RSRV_MXWAN,Türkiye,3202.64663
2013,EN_RSRV_MXWAN,Türkiye,3314.87048
2014,EN_RSRV_MXWAN,Türkiye,3455.60412
2015,EN_RSRV_MXWAN,Türkiye,3513.75906
2016,EN_RSRV_MXWAN,Türkiye,3584.75369
2017,EN_RSRV_MXWAN,Türkiye,3636.72696
2018,EN_RSRV_MXWAN,Türkiye,3654.39373
2019,EN_RSRV_MXWAN,Türkiye,3646.73085
2020,EN_RSRV_MXWAN,Türkiye,3695.37233
2021,EN_RSRV_MXWAN,Türkiye,3690.46146
2022,EN_RSRV_MXWAN,Türkiye,3653.97708
2003,EN_RSRV_MXWAN,Austria,55.26351
2004,EN_RSRV_MXWAN,Austria,59.88793
2005,EN_RSRV_MXWAN,Austria,60.11466
2006,EN_RSRV_MXWAN,Austria,60.31629
2007,EN_RSRV_MXWAN,Austria,60.34332
2008,EN_RSRV_MXWAN,Austria,60.34976
2009,EN_RSRV_MXWAN,Austria,59.62657
2010,EN_RSRV_MXWAN,Austria,59.64539
2011,EN_RSRV_MXWAN,Austria,59.62824
2012,EN_RSRV_MXWAN,Austria,59.64074
2013,EN_RSRV_MXWAN,Austria,59.60636
2014,EN_RSRV_MXWAN,Austria,60.36506
2020,EN_RSRV_MXWAN,India,14046.83617
2021,EN_RSRV_MXWAN,India,14479.09644
2022,EN_RSRV_MXWAN,India,14563.78026
2000,EN_RSRV_MXWAN,Ireland,39.18827
2001,EN_RSRV_MXWAN,Ireland,64.94919
2002,EN_RSRV_MXWAN,Ireland,91.2202
2003,EN_RSRV_MXWAN,Ireland,117.30218
2004,EN_RSRV_MXWAN,Ireland,119.82468
2005,EN_RSRV_MXWAN,Ireland,120.91189
2006,EN_RSRV_MXWAN,Ireland,119.19823
2007,EN_RSRV_MXWAN,Ireland,119.5238
2008,EN_RSRV_MXWAN,Ireland,98.76141
2009,EN_RSRV_MXWAN,Ireland,91.39269
2010,EN_RSRV_MXWAN,Ireland,102.91725
2011,EN_RSRV_MXWAN,Ireland,95.13604
2012,EN_RSRV_MXWAN,Ireland,89.21948
2013,EN_RSRV_MXWAN,Ireland,110.8154
2014,EN_RSRV_MXWAN,Ireland,118.1001
2015,EN_RSRV_MXWAN,Ireland,118.10242
2016,EN_RSRV_MXWAN,Ireland,129.28717
2017,EN_RSRV_MXWAN,Ireland,136.03261
2018,EN_RSRV_MXWAN,Ireland,136.63245
2019,EN_RSRV_MXWAN,Ireland,136.90108
2020,EN_RSRV_MXWAN,Ireland,137.16051
2000,EN_RSRV_MXWAN,Туркменистан,233.39615
2001,EN_RSRV_MXWAN,Туркменистан,231.10072
2002,EN_RSRV_MXWAN,Туркменистан,223.70888
2003,EN_RSRV_MXWAN,Туркменистан,230.50575
2004,EN_RSRV_MXWAN,Туркменистан,226.89315
2005,EN_RSRV_MXWAN,Туркменистан,230.34134
2006,EN_RSRV_MXWAN,Туркменистан,238.66672
2007,EN_RSRV_MXWAN,Туркменистан,233.70961
2008,EN_RSRV_MXWAN,Туркменистан,239.27661
2009,EN_RSRV_MXWAN,Туркменистан,241.15477
2010,EN_RSRV_MXWAN,Туркменистан,251.16633
2011,EN_RSRV_MXWAN,Туркменистан,259.41695
2021,EN_RSRV_MXWAN,Ireland,137.0962
2022,EN_RSRV_MXWAN,Ireland,137.39695
2000,EN_RSRV_MXWAN,Israel,0.0
2001,EN_RSRV_MXWAN,Israel,0.0
2002,EN_RSRV_MXWAN,Israel,0.0
2003,EN_RSRV_MXWAN,Israel,0.00291
2004,EN_RSRV_MXWAN,Israel,0.01641
2005,EN_RSRV_MXWAN,Israel,0.0299
2006,EN_RSRV_MXWAN,Israel,0.04324
2007,EN_RSRV_MXWAN,Israel,0.05658
2008,EN_RSRV_MXWAN,Israel,0.06716
2009,EN_RSRV_MXWAN,Israel,0.06716
2010,EN_RSRV_MXWAN,Israel,0.06716
2011,EN_RSRV_MXWAN,Israel,0.06732
2012,EN_RSRV_MXWAN,Israel,0.06747
2013,EN_RSRV_MXWAN,Israel,0.06747
2014,EN_RSRV_MXWAN,Israel,0.06747
2015,EN_RSRV_MXWAN,Israel,0.06747
2016,EN_RSRV_MXWAN,Israel,0.06747
2017,EN_RSRV_MXWAN,Israel,0.06747
2018,EN_RSRV_MXWAN,Israel,0.06747
2019,EN_RSRV_MXWAN,Israel,0.06747
2020,EN_RSRV_MXWAN,Israel,0.06747
2021,EN_RSRV_MXWAN,Israel,0.06747
2012,EN_RSRV_MXWAN,Туркменистан,274.04457
2013,EN_RSRV_MXWAN,Туркменистан,276.76002
2014,EN_RSRV_MXWAN,Туркменистан,271.60898
2015,EN_RSRV_MXWAN,Туркменистан,263.1374
2016,EN_RSRV_MXWAN,Туркменистан,253.63688
2017,EN_RSRV_MXWAN,Туркменистан,247.14263
2018,EN_RSRV_MXWAN,Туркменистан,246.09886
2019,EN_RSRV_MXWAN,Туркменистан,241.16039
2020,EN_RSRV_MXWAN,Туркменистан,250.06463
2021,EN_RSRV_MXWAN,Туркменистан,257.54983
2022,EN_RSRV_MXWAN,Туркменистан,258.43036
2000,EN_RSRV_MXWAN,Ukraine,3040.74939
2022,EN_RSRV_MXWAN,Israel,0.06747
2000,EN_RSRV_MXWAN,Italy,76.82252
2001,EN_RSRV_MXWAN,Italy,152.31833
2002,EN_RSRV_MXWAN,Italy,230.86407
2003,EN_RSRV_MXWAN,Italy,300.98514
2004,EN_RSRV_MXWAN,Italy,379.08691
2005,EN_RSRV_MXWAN,Italy,391.46394
2006,EN_RSRV_MXWAN,Italy,400.85865
2007,EN_RSRV_MXWAN,Italy,406.96552
2008,EN_RSRV_MXWAN,Italy,418.67317
2009,EN_RSRV_MXWAN,Italy,418.04644
2010,EN_RSRV_MXWAN,Italy,419.48495
2001,EN_RSRV_MXWAN,Ukraine,3087.55897
2002,EN_RSRV_MXWAN,Ukraine,3487.19259
2003,EN_RSRV_MXWAN,Ukraine,3534.27809
2004,EN_RSRV_MXWAN,Ukraine,4010.26641
2005,EN_RSRV_MXWAN,Ukraine,4012.25854
2006,EN_RSRV_MXWAN,Ukraine,4008.14328
2007,EN_RSRV_MXWAN,Ukraine,4003.00122
2008,EN_RSRV_MXWAN,Ukraine,4004.20021
2009,EN_RSRV_MXWAN,Ukraine,4003.97695
2010,EN_RSRV_MXWAN,Ukraine,4000.75806
2011,EN_RSRV_MXWAN,Ukraine,4002.23075
2012,EN_RSRV_MXWAN,Ukraine,4006.70306
2011,EN_RSRV_MXWAN,Italy,420.31053
2012,EN_RSRV_MXWAN,Italy,421.35403
2013,EN_RSRV_MXWAN,Italy,422.66533
2014,EN_RSRV_MXWAN,Italy,427.70649
2015,EN_RSRV_MXWAN,Italy,428.22922
2016,EN_RSRV_MXWAN,Italy,427.7193
2017,EN_RSRV_MXWAN,Italy,426.46148
2018,EN_RSRV_MXWAN,Italy,425.83978
2019,EN_RSRV_MXWAN,Italy,424.27337
2020,EN_RSRV_MXWAN,Italy,423.13926
2021,EN_RSRV_MXWAN,Italy,421.67901
2022,EN_RSRV_MXWAN,Italy,421.30403
2013,EN_RSRV_MXWAN,Ukraine,4000.95537
2014,EN_RSRV_MXWAN,Ukraine,3998.88662
2015,EN_RSRV_MXWAN,Ukraine,4001.509
2016,EN_RSRV_MXWAN,Ukraine,4003.23134
2017,EN_RSRV_MXWAN,Ukraine,4005.07804
2018,EN_RSRV_MXWAN,Ukraine,4010.99864
2019,EN_RSRV_MXWAN,Ukraine,4015.58986
2020,EN_RSRV_MXWAN,Ukraine,4019.14318
2021,EN_RSRV_MXWAN,Ukraine,4026.17597
2022,EN_RSRV_MXWAN,Ukraine,4028.31105
2000,EN_RSRV_MXWAN,North Macedonia,8.2414
2001,EN_RSRV_MXWAN,North Macedonia,17.02802
2015,EN_RSRV_MXWAN,Austria,60.35552
2016,EN_RSRV_MXWAN,Austria,60.32387
2017,EN_RSRV_MXWAN,Austria,60.35091
2018,EN_RSRV_MXWAN,Austria,60.49682
2019,EN_RSRV_MXWAN,Austria,60.57443
2020,EN_RSRV_MXWAN,Austria,60.64614
2021,EN_RSRV_MXWAN,Austria,60.75935
2022,EN_RSRV_MXWAN,Austria,60.78334
2000,EN_RSRV_MXWAN,Armenia,11.92938
2001,EN_RSRV_MXWAN,Armenia,14.77216
2002,EN_RSRV_MXWAN,Armenia,19.45129
2003,EN_RSRV_MXWAN,Armenia,25.27492
2000,EN_RSRV_MXWAN,Japan,1099.92168
2001,EN_RSRV_MXWAN,Japan,1103.28762
2002,EN_RSRV_MXWAN,Japan,1109.26026
2003,EN_RSRV_MXWAN,Japan,1115.40308
2004,EN_RSRV_MXWAN,Japan,1131.61725
2005,EN_RSRV_MXWAN,Japan,1134.38672
2006,EN_RSRV_MXWAN,Japan,1135.96152
2007,EN_RSRV_MXWAN,Japan,1137.36071
2008,EN_RSRV_MXWAN,Japan,1138.28924
2009,EN_RSRV_MXWAN,Japan,1141.62167
2010,EN_RSRV_MXWAN,Japan,1136.92489
2011,EN_RSRV_MXWAN,Japan,1133.44593
2002,EN_RSRV_MXWAN,North Macedonia,24.82529
2003,EN_RSRV_MXWAN,North Macedonia,32.8501
2004,EN_RSRV_MXWAN,North Macedonia,41.88447
2005,EN_RSRV_MXWAN,North Macedonia,44.20005
2006,EN_RSRV_MXWAN,North Macedonia,45.99428
2007,EN_RSRV_MXWAN,North Macedonia,48.99953
2008,EN_RSRV_MXWAN,North Macedonia,51.26931
2009,EN_RSRV_MXWAN,North Macedonia,52.28959
2010,EN_RSRV_MXWAN,North Macedonia,52.55519
2011,EN_RSRV_MXWAN,North Macedonia,52.88813
2012,EN_RSRV_MXWAN,North Macedonia,52.96975
2013,EN_RSRV_MXWAN,North Macedonia,53.34121
2012,EN_RSRV_MXWAN,Japan,1129.73016
2013,EN_RSRV_MXWAN,Japan,1125.99715
2014,EN_RSRV_MXWAN,Japan,1127.77642
2015,EN_RSRV_MXWAN,Japan,1135.18411
2016,EN_RSRV_MXWAN,Japan,1141.01795
2017,EN_RSRV_MXWAN,Japan,1148.90708
2018,EN_RSRV_MXWAN,Japan,1158.0931
2019,EN_RSRV_MXWAN,Japan,1161.90006
2020,EN_RSRV_MXWAN,Japan,1164.22904
2021,EN_RSRV_MXWAN,Japan,1168.16375
2022,EN_RSRV_MXWAN,Japan,1169.71691
2000,EN_RSRV_MXWAN,Казахстан,5869.84784
2001,EN_RSRV_MXWAN,Казахстан,6558.74151
2002,EN_RSRV_MXWAN,Казахстан,6589.81697
2003,EN_RSRV_MXWAN,Казахстан,6739.74371
2004,EN_RSRV_MXWAN,Казахстан,6748.67304
2005,EN_RSRV_MXWAN,Казахстан,6752.54038
2006,EN_RSRV_MXWAN,Казахстан,6754.66648
2007,EN_RSRV_MXWAN,Казахстан,6746.28791
2008,EN_RSRV_MXWAN,Казахстан,6732.43554
2009,EN_RSRV_MXWAN,Казахстан,6724.64694
2010,EN_RSRV_MXWAN,Казахстан,6704.59508
2011,EN_RSRV_MXWAN,Казахстан,6711.80204
2012,EN_RSRV_MXWAN,Казахстан,6720.98382
2014,EN_RSRV_MXWAN,North Macedonia,54.23166
2015,EN_RSRV_MXWAN,North Macedonia,54.20453
2016,EN_RSRV_MXWAN,North Macedonia,54.29411
2017,EN_RSRV_MXWAN,North Macedonia,54.55292
2018,EN_RSRV_MXWAN,North Macedonia,54.53595
2019,EN_RSRV_MXWAN,North Macedonia,54.75981
2020,EN_RSRV_MXWAN,North Macedonia,54.63187
2021,EN_RSRV_MXWAN,North Macedonia,54.29423
2022,EN_RSRV_MXWAN,North Macedonia,53.39591
2000,EN_RSRV_MXWAN,United Kingdom of Great Britain and Northern Ireland,140.70524
2001,EN_RSRV_MXWAN,United Kingdom of Great Britain and Northern Ireland,215.07703
2002,EN_RSRV_MXWAN,United Kingdom of Great Britain and Northern Ireland,282.36768
2003,EN_RSRV_MXWAN,United Kingdom of Great Britain and Northern Ireland,333.78566
2004,EN_RSRV_MXWAN,United Kingdom of Great Britain and Northern Ireland,343.24648
2005,EN_RSRV_MXWAN,United Kingdom of Great Britain and Northern Ireland,333.98082
2006,EN_RSRV_MXWAN,United Kingdom of Great Britain and Northern Ireland,275.65627
2007,EN_RSRV_MXWAN,United Kingdom of Great Britain and Northern Ireland,242.4853
2008,EN_RSRV_MXWAN,United Kingdom of Great Britain and Northern Ireland,197.68701
2009,EN_RSRV_MXWAN,United Kingdom of Great Britain and Northern Ireland,150.01782
2010,EN_RSRV_MXWAN,United Kingdom of Great Britain and Northern Ireland,171.92959
2011,EN_RSRV_MXWAN,United Kingdom of Great Britain and Northern Ireland,210.97748
2012,EN_RSRV_MXWAN,United Kingdom of Great Britain and Northern Ireland,249.84149
2013,EN_RSRV_MXWAN,Казахстан,6707.53124
2014,EN_RSRV_MXWAN,Казахстан,6689.72276
2015,EN_RSRV_MXWAN,Казахстан,6707.16143
2016,EN_RSRV_MXWAN,Казахстан,6682.77452
2017,EN_RSRV_MXWAN,Казахстан,6686.96886
2018,EN_RSRV_MXWAN,Казахстан,6704.02679
2019,EN_RSRV_MXWAN,Казахстан,6731.46483
2020,EN_RSRV_MXWAN,Казахстан,6748.6653
2021,EN_RSRV_MXWAN,Казахстан,6768.13208
2022,EN_RSRV_MXWAN,Казахстан,6760.97609
2000,EN_RSRV_MXWAN,Republic of Korea,440.07931
2001,EN_RSRV_MXWAN,Republic of Korea,445.69058
2002,EN_RSRV_MXWAN,Republic of Korea,448.92569
2003,EN_RSRV_MXWAN,Republic of Korea,458.31133
2004,EN_RSRV_MXWAN,Republic of Korea,460.75256
2005,EN_RSRV_MXWAN,Republic of Korea,463.86069
2006,EN_RSRV_MXWAN,Republic of Korea,466.53227
2007,EN_RSRV_MXWAN,Republic of Korea,474.14694
2008,EN_RSRV_MXWAN,Republic of Korea,476.00694
2009,EN_RSRV_MXWAN,Republic of Korea,476.04719
2010,EN_RSRV_MXWAN,Republic of Korea,471.12901
2011,EN_RSRV_MXWAN,Republic of Korea,472.20873
2012,EN_RSRV_MXWAN,Republic of Korea,471.7081
2013,EN_RSRV_MXWAN,Republic of Korea,472.06304
2004,EN_RSRV_MXWAN,Armenia,24.86148
2005,EN_RSRV_MXWAN,Armenia,26.70479
2006,EN_RSRV_MXWAN,Armenia,27.52377
2007,EN_RSRV_MXWAN,Armenia,28.92008
2008,EN_RSRV_MXWAN,Armenia,29.30923
2009,EN_RSRV_MXWAN,Armenia,29.18702
2010,EN_RSRV_MXWAN,Armenia,29.19031
2011,EN_RSRV_MXWAN,Armenia,29.44524
2012,EN_RSRV_MXWAN,Armenia,29.62745
2013,EN_RSRV_MXWAN,Armenia,29.11413
2014,EN_RSRV_MXWAN,Armenia,29.82942
2015,EN_RSRV_MXWAN,Armenia,28.95626
2013,EN_RSRV_MXWAN,United Kingdom of Great Britain and Northern Ireland,286.39389
2014,EN_RSRV_MXWAN,United Kingdom of Great Britain and Northern Ireland,335.74108
2015,EN_RSRV_MXWAN,United Kingdom of Great Britain and Northern Ireland,339.87666
2016,EN_RSRV_MXWAN,United Kingdom of Great Britain and Northern Ireland,359.92388
2017,EN_RSRV_MXWAN,United Kingdom of Great Britain and Northern Ireland,361.94769
2018,EN_RSRV_MXWAN,United Kingdom of Great Britain and Northern Ireland,371.47781
2019,EN_RSRV_MXWAN,United Kingdom of Great Britain and Northern Ireland,371.43718
2020,EN_RSRV_MXWAN,United Kingdom of Great Britain and Northern Ireland,369.61771
2021,EN_RSRV_MXWAN,United Kingdom of Great Britain and Northern Ireland,369.29349
2022,EN_RSRV_MXWAN,United Kingdom of Great Britain and Northern Ireland,369.57265
2000,EN_RSRV_MXWAN,Узбекистан,276.24359
2001,EN_RSRV_MXWAN,Узбекистан,275.08871
2002,EN_RSRV_MXWAN,Узбекистан,277.40938
2003,EN_RSRV_MXWAN,Узбекистан,287.11891
2004,EN_RSRV_MXWAN,Узбекистан,285.05352
2005,EN_RSRV_MXWAN,Узбекистан,287.02146
2006,EN_RSRV_MXWAN,Узбекистан,294.43573
2007,EN_RSRV_MXWAN,Узбекистан,299.50923
2008,EN_RSRV_MXWAN,Узбекистан,299.56485
2009,EN_RSRV_MXWAN,Узбекистан,296.94294
2010,EN_RSRV_MXWAN,Узбекистан,297.962
2011,EN_RSRV_MXWAN,Узбекистан,299.3724
2012,EN_RSRV_MXWAN,Узбекистан,304.4233
2014,EN_RSRV_MXWAN,Republic of Korea,472.24363
2015,EN_RSRV_MXWAN,Republic of Korea,475.34102
2016,EN_RSRV_MXWAN,Republic of Korea,469.63387
2017,EN_RSRV_MXWAN,Republic of Korea,468.22867
2018,EN_RSRV_MXWAN,Republic of Korea,465.96677
2019,EN_RSRV_MXWAN,Republic of Korea,469.62513
2020,EN_RSRV_MXWAN,Republic of Korea,474.88355
2021,EN_RSRV_MXWAN,Republic of Korea,485.73311
2022,EN_RSRV_MXWAN,Republic of Korea,490.48205
2000,EN_RSRV_MXWAN,Кыргызстан,317.50836
2001,EN_RSRV_MXWAN,Кыргызстан,321.37042
2002,EN_RSRV_MXWAN,Кыргызстан,326.79819
2003,EN_RSRV_MXWAN,Кыргызстан,335.7951
2004,EN_RSRV_MXWAN,Кыргызстан,336.63981
2005,EN_RSRV_MXWAN,Кыргызстан,337.43411
2006,EN_RSRV_MXWAN,Кыргызстан,339.93286
2007,EN_RSRV_MXWAN,Кыргызстан,340.10607
2008,EN_RSRV_MXWAN,Кыргызстан,336.50249
2009,EN_RSRV_MXWAN,Кыргызстан,328.50069
2010,EN_RSRV_MXWAN,Кыргызстан,326.82721
2011,EN_RSRV_MXWAN,Кыргызстан,327.30565
2012,EN_RSRV_MXWAN,Кыргызстан,328.95241
2013,EN_RSRV_MXWAN,Кыргызстан,331.05516
2014,EN_RSRV_MXWAN,Кыргызстан,337.55585
2016,EN_RSRV_MXWAN,Armenia,28.25677
2017,EN_RSRV_MXWAN,Armenia,28.05929
2018,EN_RSRV_MXWAN,Armenia,28.36433
2019,EN_RSRV_MXWAN,Armenia,28.59886
2020,EN_RSRV_MXWAN,Armenia,29.76648
2021,EN_RSRV_MXWAN,Armenia,29.94889
2022,EN_RSRV_MXWAN,Armenia,29.58835
2000,EN_RSRV_MXWAN,Belgium,4.81094
2001,EN_RSRV_MXWAN,Belgium,6.44967
2002,EN_RSRV_MXWAN,Belgium,8.09361
2003,EN_RSRV_MXWAN,Belgium,8.25107
2004,EN_RSRV_MXWAN,Belgium,8.33211
2005,EN_RSRV_MXWAN,Belgium,8.51534
2006,EN_RSRV_MXWAN,Belgium,8.57736
2007,EN_RSRV_MXWAN,Belgium,8.71525
2008,EN_RSRV_MXWAN,Belgium,8.66421
2009,EN_RSRV_MXWAN,Belgium,8.51979
2010,EN_RSRV_MXWAN,Belgium,8.5644
2011,EN_RSRV_MXWAN,Belgium,8.62141
2012,EN_RSRV_MXWAN,Belgium,8.55996
2013,EN_RSRV_MXWAN,Belgium,8.54757
2014,EN_RSRV_MXWAN,Belgium,8.68368
2015,EN_RSRV_MXWAN,Belgium,8.7319
2016,EN_RSRV_MXWAN,Belgium,8.75514
2017,EN_RSRV_MXWAN,Belgium,8.83372
2018,EN_RSRV_MXWAN,Belgium,8.96613
2019,EN_RSRV_MXWAN,Belgium,9.01357
2020,EN_RSRV_MXWAN,Belgium,9.05617
2021,EN_RSRV_MXWAN,Belgium,9.14675
2022,EN_RSRV_MXWAN,Belgium,9.19621
2000,EN_RSRV_MXWAN,Bosnia and Herzegovina,21.30032
2001,EN_RSRV_MXWAN,Bosnia and Herzegovina,43.74432
2002,EN_RSRV_MXWAN,Bosnia and Herzegovina,67.26286
2003,EN_RSRV_MXWAN,Bosnia and Herzegovina,88.78941
2004,EN_RSRV_MXWAN,Bosnia and Herzegovina,110.95503
2005,EN_RSRV_MXWAN,Bosnia and Herzegovina,113.0414
2015,EN_RSRV_MXWAN,Кыргызстан,334.82493
2016,EN_RSRV_MXWAN,Кыргызстан,334.08498
2017,EN_RSRV_MXWAN,Кыргызстан,334.02911
2018,EN_RSRV_MXWAN,Кыргызстан,336.00168
2019,EN_RSRV_MXWAN,Кыргызстан,337.16042
2020,EN_RSRV_MXWAN,Кыргызстан,339.58428
2021,EN_RSRV_MXWAN,Кыргызстан,335.35532
2022,EN_RSRV_MXWAN,Кыргызстан,331.99986
2000,EN_RSRV_MXWAN,Latvia,37.24136
2001,EN_RSRV_MXWAN,Latvia,53.42047
2002,EN_RSRV_MXWAN,Latvia,69.54541
2003,EN_RSRV_MXWAN,Latvia,80.675
2006,EN_RSRV_MXWAN,Bosnia and Herzegovina,113.63894
2007,EN_RSRV_MXWAN,Bosnia and Herzegovina,113.5038
2008,EN_RSRV_MXWAN,Bosnia and Herzegovina,114.47983
2009,EN_RSRV_MXWAN,Bosnia and Herzegovina,114.73907
2010,EN_RSRV_MXWAN,Bosnia and Herzegovina,114.46172
2011,EN_RSRV_MXWAN,Bosnia and Herzegovina,115.03038
2012,EN_RSRV_MXWAN,Bosnia and Herzegovina,114.44519
2013,EN_RSRV_MXWAN,Bosnia and Herzegovina,112.97205
2014,EN_RSRV_MXWAN,Bosnia and Herzegovina,114.21259
2015,EN_RSRV_MXWAN,Bosnia and Herzegovina,114.65258
2016,EN_RSRV_MXWAN,Bosnia and Herzegovina,114.64481
2004,EN_RSRV_MXWAN,Latvia,80.42676
2005,EN_RSRV_MXWAN,Latvia,80.88273
2006,EN_RSRV_MXWAN,Latvia,80.92299
2007,EN_RSRV_MXWAN,Latvia,81.03041
2008,EN_RSRV_MXWAN,Latvia,81.08677
2009,EN_RSRV_MXWAN,Latvia,80.79524
2010,EN_RSRV_MXWAN,Latvia,80.65528
2011,EN_RSRV_MXWAN,Latvia,80.56901
2012,EN_RSRV_MXWAN,Latvia,80.55383
2013,EN_RSRV_MXWAN,Latvia,80.37995
2014,EN_RSRV_MXWAN,Latvia,80.60277
2015,EN_RSRV_MXWAN,Latvia,80.74021
2016,EN_RSRV_MXWAN,Latvia,80.81616
2017,EN_RSRV_MXWAN,Latvia,81.03116
2018,EN_RSRV_MXWAN,Latvia,81.36031
2019,EN_RSRV_MXWAN,Latvia,81.66751
2020,EN_RSRV_MXWAN,Latvia,81.85269
2021,EN_RSRV_MXWAN,Latvia,82.10517
2022,EN_RSRV_MXWAN,Latvia,82.08787
2000,EN_RSRV_MXWAN,Liechtenstein,0.0
2001,EN_RSRV_MXWAN,Liechtenstein,0.0
2002,EN_RSRV_MXWAN,Liechtenstein,0.0
2003,EN_RSRV_MXWAN,Liechtenstein,0.0
2004,EN_RSRV_MXWAN,Liechtenstein,0.0
2017,EN_RSRV_MXWAN,Bosnia and Herzegovina,115.36758
2018,EN_RSRV_MXWAN,Bosnia and Herzegovina,116.64399
2019,EN_RSRV_MXWAN,Bosnia and Herzegovina,116.96274
2020,EN_RSRV_MXWAN,Bosnia and Herzegovina,116.42087
2021,EN_RSRV_MXWAN,Bosnia and Herzegovina,115.38359
2022,EN_RSRV_MXWAN,Bosnia and Herzegovina,115.51934
2000,EN_RSRV_MXWAN,Bulgaria,67.29958
2001,EN_RSRV_MXWAN,Bulgaria,114.07492
2002,EN_RSRV_MXWAN,Bulgaria,167.43191
2003,EN_RSRV_MXWAN,Bulgaria,221.0007
2004,EN_RSRV_MXWAN,Bulgaria,280.08698
2005,EN_RSRV_MXWAN,Bulgaria,283.15326
2005,EN_RSRV_MXWAN,Liechtenstein,0.0
2006,EN_RSRV_MXWAN,Liechtenstein,0.0
2007,EN_RSRV_MXWAN,Liechtenstein,0.0
2008,EN_RSRV_MXWAN,Liechtenstein,0.0
2009,EN_RSRV_MXWAN,Liechtenstein,0.0
2010,EN_RSRV_MXWAN,Liechtenstein,0.0
2011,EN_RSRV_MXWAN,Liechtenstein,0.0
2012,EN_RSRV_MXWAN,Liechtenstein,0.0
2013,EN_RSRV_MXWAN,Liechtenstein,0.0
2014,EN_RSRV_MXWAN,Liechtenstein,0.0
2015,EN_RSRV_MXWAN,Liechtenstein,0.0
2016,EN_RSRV_MXWAN,Liechtenstein,0.0
2006,EN_RSRV_MXWAN,Bulgaria,284.63588
2007,EN_RSRV_MXWAN,Bulgaria,290.45579
2008,EN_RSRV_MXWAN,Bulgaria,293.15992
2009,EN_RSRV_MXWAN,Bulgaria,292.05301
2010,EN_RSRV_MXWAN,Bulgaria,290.77382
2011,EN_RSRV_MXWAN,Bulgaria,290.01346
2012,EN_RSRV_MXWAN,Bulgaria,287.99968
2013,EN_RSRV_MXWAN,Bulgaria,289.90952
2014,EN_RSRV_MXWAN,Bulgaria,289.83265
2015,EN_RSRV_MXWAN,Bulgaria,291.50064
2016,EN_RSRV_MXWAN,Bulgaria,292.09062
2017,EN_RSRV_MXWAN,Bulgaria,293.98127
2017,EN_RSRV_MXWAN,Liechtenstein,0.0
2018,EN_RSRV_MXWAN,Liechtenstein,0.0
2019,EN_RSRV_MXWAN,Liechtenstein,0.0
2020,EN_RSRV_MXWAN,Liechtenstein,0.0
2021,EN_RSRV_MXWAN,Liechtenstein,0.0
2022,EN_RSRV_MXWAN,Liechtenstein,0.0
2000,EN_RSRV_MXWAN,Lithuania,30.45896
2001,EN_RSRV_MXWAN,Lithuania,41.066
2002,EN_RSRV_MXWAN,Lithuania,51.62385
2003,EN_RSRV_MXWAN,Lithuania,52.95403
2004,EN_RSRV_MXWAN,Lithuania,52.90067
2005,EN_RSRV_MXWAN,Lithuania,53.05753
2006,EN_RSRV_MXWAN,Lithuania,53.08302
2007,EN_RSRV_MXWAN,Lithuania,53.16411
2008,EN_RSRV_MXWAN,Lithuania,53.15774
2009,EN_RSRV_MXWAN,Lithuania,53.1099
2010,EN_RSRV_MXWAN,Lithuania,53.08511
2011,EN_RSRV_MXWAN,Lithuania,53.04279
2012,EN_RSRV_MXWAN,Lithuania,53.0391
2013,EN_RSRV_MXWAN,Lithuania,52.92572
2014,EN_RSRV_MXWAN,Lithuania,52.96841
2015,EN_RSRV_MXWAN,Lithuania,52.9938
2016,EN_RSRV_MXWAN,Lithuania,53.03662
2017,EN_RSRV_MXWAN,Lithuania,53.07564
2018,EN_RSRV_MXWAN,Lithuania,53.24385
2019,EN_RSRV_MXWAN,Lithuania,53.31039
2020,EN_RSRV_MXWAN,Lithuania,53.36131
2021,EN_RSRV_MXWAN,Lithuania,53.43327
2022,EN_RSRV_MXWAN,Lithuania,53.43582
2000,EN_RSRV_MXWAN,Luxembourg,0.91315
2001,EN_RSRV_MXWAN,Luxembourg,1.23638
2002,EN_RSRV_MXWAN,Luxembourg,1.55914
2003,EN_RSRV_MXWAN,Luxembourg,1.53256
2004,EN_RSRV_MXWAN,Luxembourg,1.54695
2005,EN_RSRV_MXWAN,Luxembourg,1.61009
2006,EN_RSRV_MXWAN,Luxembourg,1.61206
2018,EN_RSRV_MXWAN,Bulgaria,291.70368
2019,EN_RSRV_MXWAN,Bulgaria,292.99622
2020,EN_RSRV_MXWAN,Bulgaria,290.06124
2021,EN_RSRV_MXWAN,Bulgaria,284.66221
2022,EN_RSRV_MXWAN,Bulgaria,283.29016
2000,EN_RSRV_MXWAN,Chile,185.86325
2001,EN_RSRV_MXWAN,Chile,209.48542
2002,EN_RSRV_MXWAN,Chile,223.89798
2003,EN_RSRV_MXWAN,Chile,241.77445
2004,EN_RSRV_MXWAN,Chile,244.6435
2005,EN_RSRV_MXWAN,Chile,252.01486
2006,EN_RSRV_MXWAN,Chile,258.51736
2007,EN_RSRV_MXWAN,Luxembourg,1.62042
2008,EN_RSRV_MXWAN,Luxembourg,1.62773
2009,EN_RSRV_MXWAN,Luxembourg,1.61368
2010,EN_RSRV_MXWAN,Luxembourg,1.60591
2011,EN_RSRV_MXWAN,Luxembourg,1.60881
2012,EN_RSRV_MXWAN,Luxembourg,1.60486
2013,EN_RSRV_MXWAN,Luxembourg,1.608
2014,EN_RSRV_MXWAN,Luxembourg,1.61844
2015,EN_RSRV_MXWAN,Luxembourg,1.62796
2016,EN_RSRV_MXWAN,Luxembourg,1.62332
2017,EN_RSRV_MXWAN,Luxembourg,1.61949
2018,EN_RSRV_MXWAN,Luxembourg,1.63156
2019,EN_RSRV_MXWAN,Luxembourg,1.65512
2020,EN_RSRV_MXWAN,Luxembourg,1.66637
2021,EN_RSRV_MXWAN,Luxembourg,1.68576
2022,EN_RSRV_MXWAN,Luxembourg,1.70874
2000,EN_RSRV_MXWAN,Malta,0.0
2001,EN_RSRV_MXWAN,Malta,0.0
2002,EN_RSRV_MXWAN,Malta,0.0
2003,EN_RSRV_MXWAN,Malta,0.0
2004,EN_RSRV_MXWAN,Malta,0.0
2005,EN_RSRV_MXWAN,Malta,0.0
2006,EN_RSRV_MXWAN,Malta,0.0
2007,EN_RSRV_MXWAN,Malta,0.0
2008,EN_RSRV_MXWAN,Malta,0.0
2009,EN_RSRV_MXWAN,Malta,0.0
2010,EN_RSRV_MXWAN,Malta,0.0
2011,EN_RSRV_MXWAN,Malta,0.0
2012,EN_RSRV_MXWAN,Malta,0.0
2013,EN_RSRV_MXWAN,Malta,0.0
2014,EN_RSRV_MXWAN,Malta,0.0
2015,EN_RSRV_MXWAN,Malta,0.0
2016,EN_RSRV_MXWAN,Malta,0.0
2017,EN_RSRV_MXWAN,Malta,0.0
2018,EN_RSRV_MXWAN,Malta,0.0
2019,EN_RSRV_MXWAN,Malta,0.0
2007,EN_RSRV_MXWAN,Chile,263.57653
2008,EN_RSRV_MXWAN,Chile,263.83843
2009,EN_RSRV_MXWAN,Chile,272.21871
2010,EN_RSRV_MXWAN,Chile,275.00227
2011,EN_RSRV_MXWAN,Chile,276.4687
2012,EN_RSRV_MXWAN,Chile,278.0717
2013,EN_RSRV_MXWAN,Chile,278.77391
2014,EN_RSRV_MXWAN,Chile,274.00181
2015,EN_RSRV_MXWAN,Chile,270.17698
2016,EN_RSRV_MXWAN,Chile,272.27553
2017,EN_RSRV_MXWAN,Chile,275.38126
2018,EN_RSRV_MXWAN,Chile,282.19401
2020,EN_RSRV_MXWAN,Malta,0.0
2021,EN_RSRV_MXWAN,Malta,0.0
2022,EN_RSRV_MXWAN,Malta,0.0
2000,EN_RSRV_MXWAN,Mexico,4005.8729
2001,EN_RSRV_MXWAN,Mexico,3997.934
2002,EN_RSRV_MXWAN,Mexico,3937.54657
2003,EN_RSRV_MXWAN,Mexico,3870.58706
2004,EN_RSRV_MXWAN,Mexico,3869.14759
2005,EN_RSRV_MXWAN,Mexico,3930.90486
2006,EN_RSRV_MXWAN,Mexico,4026.51526
2007,EN_RSRV_MXWAN,Mexico,4169.67324
2008,EN_RSRV_MXWAN,Mexico,4347.91302
2009,EN_RSRV_MXWAN,Mexico,4511.25074
2010,EN_RSRV_MXWAN,Mexico,4590.50186
2011,EN_RSRV_MXWAN,Mexico,4669.49829
2012,EN_RSRV_MXWAN,Mexico,4715.80804
2013,EN_RSRV_MXWAN,Mexico,4673.94386
2014,EN_RSRV_MXWAN,Mexico,4621.98651
2015,EN_RSRV_MXWAN,Mexico,4629.69373
2016,EN_RSRV_MXWAN,Mexico,4608.6957
2017,EN_RSRV_MXWAN,Mexico,4582.56772
2018,EN_RSRV_MXWAN,Mexico,4658.22114
2019,EN_RSRV_MXWAN,Mexico,4684.05668
2020,EN_RSRV_MXWAN,Mexico,4636.78339
2019,EN_RSRV_MXWAN,Chile,290.17167
2020,EN_RSRV_MXWAN,Chile,295.73343
2021,EN_RSRV_MXWAN,Chile,295.41597
2022,EN_RSRV_MXWAN,Chile,293.50396
2000,EN_RSRV_MXWAN,China,9561.71525
2001,EN_RSRV_MXWAN,China,9962.2593
2002,EN_RSRV_MXWAN,China,10448.47
2003,EN_RSRV_MXWAN,China,12176.51076
2004,EN_RSRV_MXWAN,China,13836.93821
2005,EN_RSRV_MXWAN,China,14294.49558
2006,EN_RSRV_MXWAN,China,14492.38121
2007,EN_RSRV_MXWAN,China,14678.75404
2008,EN_RSRV_MXWAN,China,14930.18558
2009,EN_RSRV_MXWAN,China,15278.29869
2010,EN_RSRV_MXWAN,China,15564.45188
2011,EN_RSRV_MXWAN,China,15788.04627
2012,EN_RSRV_MXWAN,China,15928.47517
2013,EN_RSRV_MXWAN,China,16009.58239
2014,EN_RSRV_MXWAN,China,16186.42578
2015,EN_RSRV_MXWAN,China,16397.71381
2016,EN_RSRV_MXWAN,China,16593.85522
2017,EN_RSRV_MXWAN,China,16929.15825
2018,EN_RSRV_MXWAN,China,17357.53244
2019,EN_RSRV_MXWAN,China,17592.73076
2021,EN_RSRV_MXWAN,Mexico,4563.50801
2022,EN_RSRV_MXWAN,Mexico,4466.64672
2000,EN_RSRV_MXWAN,Republic of Moldova,58.7866
2001,EN_RSRV_MXWAN,Republic of Moldova,58.5155
2002,EN_RSRV_MXWAN,Republic of Moldova,66.99435
2003,EN_RSRV_MXWAN,Republic of Moldova,67.04121
2004,EN_RSRV_MXWAN,Republic of Moldova,67.28572
2005,EN_RSRV_MXWAN,Republic of Moldova,67.66828
2006,EN_RSRV_MXWAN,Republic of Moldova,67.80894
2007,EN_RSRV_MXWAN,Republic of Moldova,68.01276
2008,EN_RSRV_MXWAN,Republic of Moldova,68.09269
2009,EN_RSRV_MXWAN,Republic of Moldova,68.36758
2020,EN_RSRV_MXWAN,China,17791.54647
2021,EN_RSRV_MXWAN,China,17969.3756
2022,EN_RSRV_MXWAN,China,18027.68987
2000,EN_RSRV_MXWAN,Colombia,222.36491
2001,EN_RSRV_MXWAN,Colombia,292.703
2002,EN_RSRV_MXWAN,Colombia,311.32165
2003,EN_RSRV_MXWAN,Colombia,328.46087
2004,EN_RSRV_MXWAN,Colombia,333.82876
2005,EN_RSRV_MXWAN,Colombia,340.92371
2006,EN_RSRV_MXWAN,Colombia,336.87419
2007,EN_RSRV_MXWAN,Colombia,334.67039
2008,EN_RSRV_MXWAN,Colombia,334.59605
2010,EN_RSRV_MXWAN,Republic of Moldova,68.34402
2011,EN_RSRV_MXWAN,Republic of Moldova,68.58342
2012,EN_RSRV_MXWAN,Republic of Moldova,68.36396
2013,EN_RSRV_MXWAN,Republic of Moldova,68.20531
2014,EN_RSRV_MXWAN,Republic of Moldova,68.10285
2015,EN_RSRV_MXWAN,Republic of Moldova,68.08197
2016,EN_RSRV_MXWAN,Republic of Moldova,67.17597
2017,EN_RSRV_MXWAN,Republic of Moldova,67.0554
2018,EN_RSRV_MXWAN,Republic of Moldova,67.0582
2019,EN_RSRV_MXWAN,Republic of Moldova,66.99254
2020,EN_RSRV_MXWAN,Republic of Moldova,67.29098
2021,EN_RSRV_MXWAN,Republic of Moldova,67.83365
2009,EN_RSRV_MXWAN,Colombia,343.33651
2010,EN_RSRV_MXWAN,Colombia,345.81249
2011,EN_RSRV_MXWAN,Colombia,351.44796
2012,EN_RSRV_MXWAN,Colombia,357.69231
2013,EN_RSRV_MXWAN,Colombia,361.06887
2014,EN_RSRV_MXWAN,Colombia,362.58921
2015,EN_RSRV_MXWAN,Colombia,375.15716
2016,EN_RSRV_MXWAN,Colombia,397.15552
2017,EN_RSRV_MXWAN,Colombia,418.19944
2018,EN_RSRV_MXWAN,Colombia,441.91975
2019,EN_RSRV_MXWAN,Colombia,468.13229
2020,EN_RSRV_MXWAN,Colombia,482.36519
2022,EN_RSRV_MXWAN,Republic of Moldova,68.00677
2000,EN_RSRV_MXWAN,Montenegro,3.77333
2001,EN_RSRV_MXWAN,Montenegro,7.84312
2002,EN_RSRV_MXWAN,Montenegro,12.18142
2003,EN_RSRV_MXWAN,Montenegro,16.59699
2004,EN_RSRV_MXWAN,Montenegro,21.00325
2005,EN_RSRV_MXWAN,Montenegro,21.80234
2006,EN_RSRV_MXWAN,Montenegro,22.30876
2007,EN_RSRV_MXWAN,Montenegro,22.50832
2008,EN_RSRV_MXWAN,Montenegro,22.56859
2009,EN_RSRV_MXWAN,Montenegro,22.51119
2010,EN_RSRV_MXWAN,Montenegro,22.52724
2011,EN_RSRV_MXWAN,Montenegro,22.5118
2012,EN_RSRV_MXWAN,Montenegro,22.43666
2013,EN_RSRV_MXWAN,Montenegro,22.42652
2014,EN_RSRV_MXWAN,Montenegro,22.67046
2015,EN_RSRV_MXWAN,Montenegro,22.66708
2016,EN_RSRV_MXWAN,Montenegro,22.70198
2017,EN_RSRV_MXWAN,Montenegro,22.90509
2018,EN_RSRV_MXWAN,Montenegro,22.82795
2019,EN_RSRV_MXWAN,Montenegro,22.90227
2020,EN_RSRV_MXWAN,Montenegro,22.95854
2021,EN_RSRV_MXWAN,Montenegro,22.97926
2022,EN_RSRV_MXWAN,Montenegro,22.91778
2021,EN_RSRV_MXWAN,Colombia,484.95064
2022,EN_RSRV_MXWAN,Colombia,488.04551
2000,EN_RSRV_MXWAN,Costa Rica,68.38971
2001,EN_RSRV_MXWAN,Costa Rica,86.25815
2002,EN_RSRV_MXWAN,Costa Rica,87.81215
2003,EN_RSRV_MXWAN,Costa Rica,87.4483
2004,EN_RSRV_MXWAN,Costa Rica,87.16893
2005,EN_RSRV_MXWAN,Costa Rica,86.85145
2006,EN_RSRV_MXWAN,Costa Rica,85.11167
2007,EN_RSRV_MXWAN,Costa Rica,83.14032
2008,EN_RSRV_MXWAN,Costa Rica,81.51959
2009,EN_RSRV_MXWAN,Costa Rica,81.86549
2010,EN_RSRV_MXWAN,Costa Rica,81.70905
2011,EN_RSRV_MXWAN,Costa Rica,82.91546
2012,EN_RSRV_MXWAN,Costa Rica,84.3559
2013,EN_RSRV_MXWAN,Costa Rica,85.3891
2014,EN_RSRV_MXWAN,Costa Rica,84.88836
2015,EN_RSRV_MXWAN,Costa Rica,84.80786
2016,EN_RSRV_MXWAN,Costa Rica,85.60747
2017,EN_RSRV_MXWAN,Costa Rica,87.00888
2018,EN_RSRV_MXWAN,Costa Rica,89.51408
2019,EN_RSRV_MXWAN,Costa Rica,91.65331
2020,EN_RSRV_MXWAN,Costa Rica,93.42207
2021,EN_RSRV_MXWAN,Costa Rica,93.58505
2022,EN_RSRV_MXWAN,Costa Rica,93.62927
2000,EN_RSRV_MXWAN,Croatia,9.7657
2001,EN_RSRV_MXWAN,Croatia,19.74603
2002,EN_RSRV_MXWAN,Croatia,30.12345
2003,EN_RSRV_MXWAN,Croatia,40.17964
2004,EN_RSRV_MXWAN,Croatia,50.10546
2005,EN_RSRV_MXWAN,Croatia,50.75947
2006,EN_RSRV_MXWAN,Croatia,51.12725
2007,EN_RSRV_MXWAN,Croatia,51.15022
2008,EN_RSRV_MXWAN,Croatia,51.25623
2009,EN_RSRV_MXWAN,Croatia,51.41537
2010,EN_RSRV_MXWAN,Croatia,51.40257
2011,EN_RSRV_MXWAN,Croatia,51.48198
2012,EN_RSRV_MXWAN,Croatia,51.2108
2013,EN_RSRV_MXWAN,Croatia,50.80442
2014,EN_RSRV_MXWAN,Croatia,51.16639
2015,EN_RSRV_MXWAN,Croatia,51.19318
2016,EN_RSRV_MXWAN,Croatia,51.18018
2017,EN_RSRV_MXWAN,Croatia,51.43939
2018,EN_RSRV_MXWAN,Croatia,52.03349
2019,EN_RSRV_MXWAN,Croatia,52.0438
2020,EN_RSRV_MXWAN,Croatia,52.06616
2021,EN_RSRV_MXWAN,Croatia,51.92595
2022,EN_RSRV_MXWAN,Croatia,52.0907
2000,EN_RSRV_MXWAN,New Zealand,225.48317
2001,EN_RSRV_MXWAN,New Zealand,453.27817
2002,EN_RSRV_MXWAN,New Zealand,680.69331
2003,EN_RSRV_MXWAN,New Zealand,908.68597
2004,EN_RSRV_MXWAN,New Zealand,1136.02439
2005,EN_RSRV_MXWAN,New Zealand,1138.79817
2006,EN_RSRV_MXWAN,New Zealand,1138.9483
2007,EN_RSRV_MXWAN,New Zealand,1139.42636
2008,EN_RSRV_MXWAN,New Zealand,1138.79716
2009,EN_RSRV_MXWAN,New Zealand,1138.63206
2010,EN_RSRV_MXWAN,New Zealand,1137.86322
2011,EN_RSRV_MXWAN,New Zealand,1137.71854
2000,EN_RSRV_MXWAN,Cyprus,1.08605
2001,EN_RSRV_MXWAN,Cyprus,1.72735
2002,EN_RSRV_MXWAN,Cyprus,2.21907
2003,EN_RSRV_MXWAN,Cyprus,3.12554
2004,EN_RSRV_MXWAN,Cyprus,3.6302
2005,EN_RSRV_MXWAN,Cyprus,3.99171
2006,EN_RSRV_MXWAN,Cyprus,4.3366
2007,EN_RSRV_MXWAN,Cyprus,4.61886
2008,EN_RSRV_MXWAN,Cyprus,4.30036
2009,EN_RSRV_MXWAN,Cyprus,3.82536
2010,EN_RSRV_MXWAN,Cyprus,3.58712
2011,EN_RSRV_MXWAN,Cyprus,3.58425
2012,EN_RSRV_MXWAN,Cyprus,3.74182
2013,EN_RSRV_MXWAN,Cyprus,4.17288
2014,EN_RSRV_MXWAN,Cyprus,4.65736
2015,EN_RSRV_MXWAN,Cyprus,4.84142
2016,EN_RSRV_MXWAN,Cyprus,4.76439
2017,EN_RSRV_MXWAN,Cyprus,4.6449
2018,EN_RSRV_MXWAN,Cyprus,4.48712
2019,EN_RSRV_MXWAN,Cyprus,4.28107
2020,EN_RSRV_MXWAN,Cyprus,4.53538
2021,EN_RSRV_MXWAN,Cyprus,4.80547
2022,EN_RSRV_MXWAN,Cyprus,5.16454
2000,EN_RSRV_MXWAN,Czechia,65.51622
2001,EN_RSRV_MXWAN,Czechia,100.16588
2002,EN_RSRV_MXWAN,Czechia,134.92444
2003,EN_RSRV_MXWAN,Czechia,158.08657
2004,EN_RSRV_MXWAN,Czechia,173.04542
2005,EN_RSRV_MXWAN,Czechia,175.03715
2006,EN_RSRV_MXWAN,Czechia,175.78071
2007,EN_RSRV_MXWAN,Czechia,176.54751
2008,EN_RSRV_MXWAN,Czechia,176.63603
2009,EN_RSRV_MXWAN,Czechia,176.63871
2010,EN_RSRV_MXWAN,Czechia,176.50888
2011,EN_RSRV_MXWAN,Czechia,176.42318
2012,EN_RSRV_MXWAN,Czechia,176.31073
2012,EN_RSRV_MXWAN,New Zealand,1137.9922
2013,EN_RSRV_MXWAN,New Zealand,1136.31661
2014,EN_RSRV_MXWAN,New Zealand,1137.38537
2015,EN_RSRV_MXWAN,New Zealand,1138.14524
2016,EN_RSRV_MXWAN,New Zealand,1138.11763
2017,EN_RSRV_MXWAN,New Zealand,1136.86645
2018,EN_RSRV_MXWAN,New Zealand,1138.79981
2019,EN_RSRV_MXWAN,New Zealand,1137.45971
2020,EN_RSRV_MXWAN,New Zealand,1137.02846
2021,EN_RSRV_MXWAN,New Zealand,1137.42091
2022,EN_RSRV_MXWAN,New Zealand,1138.05789
2000,EN_RSRV_MXWAN,Norway,822.21241
2001,EN_RSRV_MXWAN,Norway,1179.76481
2002,EN_RSRV_MXWAN,Norway,1531.90556
2003,EN_RSRV_MXWAN,Norway,1771.77272
2004,EN_RSRV_MXWAN,Norway,1756.70631
2005,EN_RSRV_MXWAN,Norway,1757.24553
2006,EN_RSRV_MXWAN,Norway,1755.8343
2007,EN_RSRV_MXWAN,Norway,1748.99304
2008,EN_RSRV_MXWAN,Norway,1728.67805
2009,EN_RSRV_MXWAN,Norway,1688.58822
2010,EN_RSRV_MXWAN,Norway,1678.70497
2011,EN_RSRV_MXWAN,Norway,1671.06581
2012,EN_RSRV_MXWAN,Norway,1681.68294
2013,EN_RSRV_MXWAN,Czechia,176.14126
2014,EN_RSRV_MXWAN,Czechia,176.59696
2015,EN_RSRV_MXWAN,Czechia,176.46386
2016,EN_RSRV_MXWAN,Czechia,176.56716
2017,EN_RSRV_MXWAN,Czechia,176.8325
2018,EN_RSRV_MXWAN,Czechia,177.2693
2019,EN_RSRV_MXWAN,Czechia,177.40207
2020,EN_RSRV_MXWAN,Czechia,178.24141
2021,EN_RSRV_MXWAN,Czechia,178.85881
2022,EN_RSRV_MXWAN,Czechia,179.03031
2000,EN_RSRV_MXWAN,Denmark,0.0
2001,EN_RSRV_MXWAN,Denmark,0.0
2002,EN_RSRV_MXWAN,Denmark,0.0
2003,EN_RSRV_MXWAN,Denmark,0.0
2004,EN_RSRV_MXWAN,Denmark,0.0
2005,EN_RSRV_MXWAN,Denmark,0.0
2006,EN_RSRV_MXWAN,Denmark,0.0
2007,EN_RSRV_MXWAN,Denmark,0.0
2008,EN_RSRV_MXWAN,Denmark,0.0
2009,EN_RSRV_MXWAN,Denmark,0.0
2010,EN_RSRV_MXWAN,Denmark,0.0
2011,EN_RSRV_MXWAN,Denmark,0.0
2012,EN_RSRV_MXWAN,Denmark,0.0
2013,EN_RSRV_MXWAN,Denmark,0.0
2013,EN_RSRV_MXWAN,Norway,1636.69092
2014,EN_RSRV_MXWAN,Norway,1702.44806
2015,EN_RSRV_MXWAN,Norway,1718.12289
2016,EN_RSRV_MXWAN,Norway,1732.69465
2017,EN_RSRV_MXWAN,Norway,1738.33837
2018,EN_RSRV_MXWAN,Norway,1802.97227
2019,EN_RSRV_MXWAN,Norway,1802.21198
2020,EN_RSRV_MXWAN,Norway,1803.99148
2021,EN_RSRV_MXWAN,Norway,1808.10687
2022,EN_RSRV_MXWAN,Norway,1806.11347
2000,EN_RSRV_MXWAN,Poland,104.77741
2001,EN_RSRV_MXWAN,Poland,164.59209
2002,EN_RSRV_MXWAN,Poland,224.04466
2003,EN_RSRV_MXWAN,Poland,268.31601
2004,EN_RSRV_MXWAN,Poland,294.43432
2005,EN_RSRV_MXWAN,Poland,297.85903
2006,EN_RSRV_MXWAN,Poland,299.21
2007,EN_RSRV_MXWAN,Poland,301.55019
2008,EN_RSRV_MXWAN,Poland,303.94396
2009,EN_RSRV_MXWAN,Poland,305.33481
2010,EN_RSRV_MXWAN,Poland,307.18871
2011,EN_RSRV_MXWAN,Poland,308.2993
2012,EN_RSRV_MXWAN,Poland,308.54053
2013,EN_RSRV_MXWAN,Poland,308.99419
2014,EN_RSRV_MXWAN,Poland,310.5706
2015,EN_RSRV_MXWAN,Poland,310.57714
2016,EN_RSRV_MXWAN,Poland,310.4921
2017,EN_RSRV_MXWAN,Poland,311.0652
2018,EN_RSRV_MXWAN,Poland,311.5616
2019,EN_RSRV_MXWAN,Poland,312.20563
2020,EN_RSRV_MXWAN,Poland,312.64787
2021,EN_RSRV_MXWAN,Poland,312.66221
2022,EN_RSRV_MXWAN,Poland,312.30499
2000,EN_RSRV_MXWAN,Portugal,43.67277
2001,EN_RSRV_MXWAN,Portugal,91.27208
2002,EN_RSRV_MXWAN,Portugal,149.61584
2003,EN_RSRV_MXWAN,Portugal,207.56012
2004,EN_RSRV_MXWAN,Portugal,278.54905
2005,EN_RSRV_MXWAN,Portugal,318.82898
2006,EN_RSRV_MXWAN,Portugal,345.79997
2007,EN_RSRV_MXWAN,Portugal,365.01801
2008,EN_RSRV_MXWAN,Portugal,397.22054
2009,EN_RSRV_MXWAN,Portugal,407.82904
2010,EN_RSRV_MXWAN,Portugal,409.78728
2011,EN_RSRV_MXWAN,Portugal,428.5452
2012,EN_RSRV_MXWAN,Portugal,443.87192
2013,EN_RSRV_MXWAN,Portugal,438.22259
2014,EN_RSRV_MXWAN,Portugal,450.79088
2015,EN_RSRV_MXWAN,Portugal,459.12929
2016,EN_RSRV_MXWAN,Portugal,459.52553
2017,EN_RSRV_MXWAN,Portugal,460.13698
2018,EN_RSRV_MXWAN,Portugal,465.07722
2019,EN_RSRV_MXWAN,Portugal,467.10827
2020,EN_RSRV_MXWAN,Portugal,463.52458
2021,EN_RSRV_MXWAN,Portugal,458.27286
2022,EN_RSRV_MXWAN,Portugal,461.9154
2000,EN_RSRV_MXWAN,Romania,173.69933
2001,EN_RSRV_MXWAN,Romania,221.32099
2002,EN_RSRV_MXWAN,Romania,305.36887
2003,EN_RSRV_MXWAN,Romania,385.87061
2004,EN_RSRV_MXWAN,Romania,466.97673
2005,EN_RSRV_MXWAN,Romania,485.08463
2006,EN_RSRV_MXWAN,Romania,485.44841
2007,EN_RSRV_MXWAN,Romania,487.28554
2008,EN_RSRV_MXWAN,Romania,487.25486
2009,EN_RSRV_MXWAN,Romania,488.00338
2010,EN_RSRV_MXWAN,Romania,485.01545
2011,EN_RSRV_MXWAN,Romania,484.63217
2012,EN_RSRV_MXWAN,Romania,483.18645
2013,EN_RSRV_MXWAN,Romania,483.28856
2014,EN_RSRV_MXWAN,Romania,483.95014
2015,EN_RSRV_MXWAN,Romania,486.99716
2016,EN_RSRV_MXWAN,Romania,486.43487
2017,EN_RSRV_MXWAN,Romania,486.50208
2018,EN_RSRV_MXWAN,Romania,487.07458
2019,EN_RSRV_MXWAN,Romania,486.58944
2020,EN_RSRV_MXWAN,Romania,486.12108
2021,EN_RSRV_MXWAN,Romania,486.69773
2022,EN_RSRV_MXWAN,Romania,486.98707
2000,EN_RSRV_MXWAN,Serbia,18.6528
2001,EN_RSRV_MXWAN,Serbia,50.48514
2002,EN_RSRV_MXWAN,Serbia,81.29231
2003,EN_RSRV_MXWAN,Serbia,112.4507
2004,EN_RSRV_MXWAN,Serbia,144.13574
2005,EN_RSRV_MXWAN,Serbia,156.98998
2006,EN_RSRV_MXWAN,Serbia,155.63741
2007,EN_RSRV_MXWAN,Serbia,156.78425
2008,EN_RSRV_MXWAN,Serbia,156.99654
2009,EN_RSRV_MXWAN,Serbia,156.90934
2010,EN_RSRV_MXWAN,Serbia,157.41505
2011,EN_RSRV_MXWAN,Serbia,159.01948
2012,EN_RSRV_MXWAN,Serbia,158.94541
2013,EN_RSRV_MXWAN,Serbia,159.1411
2014,EN_RSRV_MXWAN,Serbia,159.38436
2015,EN_RSRV_MXWAN,Serbia,159.47296
2016,EN_RSRV_MXWAN,Serbia,159.62846
2013,EN_RSRV_MXWAN,Узбекистан,308.35114
2014,EN_RSRV_MXWAN,Узбекистан,311.93905
2015,EN_RSRV_MXWAN,Узбекистан,310.75857
2016,EN_RSRV_MXWAN,Узбекистан,308.883
2017,EN_RSRV_MXWAN,Узбекистан,310.24065
2018,EN_RSRV_MXWAN,Узбекистан,310.9693
2019,EN_RSRV_MXWAN,Узбекистан,306.96843
2020,EN_RSRV_MXWAN,Узбекистан,309.31119
2021,EN_RSRV_MXWAN,Узбекистан,310.77982
2022,EN_RSRV_MXWAN,Узбекистан,306.26468
2014,EN_RSRV_MXWAN,Denmark,0.0
2015,EN_RSRV_MXWAN,Denmark,0.0
2016,EN_RSRV_MXWAN,Denmark,0.0
2017,EN_RSRV_MXWAN,Denmark,0.0
2018,EN_RSRV_MXWAN,Denmark,0.0
2019,EN_RSRV_MXWAN,Denmark,0.0
2020,EN_RSRV_MXWAN,Denmark,0.0
2021,EN_RSRV_MXWAN,Denmark,0.0
2022,EN_RSRV_MXWAN,Denmark,0.0
2017,EN_RSRV_MXWAN,Serbia,160.33682
2018,EN_RSRV_MXWAN,Serbia,161.09571
2019,EN_RSRV_MXWAN,Serbia,161.89069
2020,EN_RSRV_MXWAN,Serbia,162.05584
2021,EN_RSRV_MXWAN,Serbia,162.26068
2022,EN_RSRV_MXWAN,Serbia,162.21909
2000,EN_RSRV_MXWAN,Slovakia,29.61034
2001,EN_RSRV_MXWAN,Slovakia,60.57578
2002,EN_RSRV_MXWAN,Slovakia,91.25907
2003,EN_RSRV_MXWAN,Slovakia,121.72683
2003,EN_RSRV_MXWAN,Slovakia,121.72683
