Year,SeriesCode,Страна ,Value
2000,EN_RSRV_MNWAN,China,7675.60314
2001,EN_RSRV_MNWAN,China,7643.04351
2002,EN_RSRV_MNWAN,China,7604.19216
2003,EN_RSRV_MNWAN,China,8450.30413
2004,EN_RSRV_MNWAN,China,9393.52744
2005,EN_RSRV_MNWAN,China,9407.4247
2006,EN_RSRV_MNWAN,China,9587.37087
2007,EN_RSRV_MNWAN,China,9877.5561
2008,EN_RSRV_MNWAN,China,10274.59906
2009,EN_RSRV_MNWAN,China,10471.16032
2010,EN_RSRV_MNWAN,China,10678.76526
2011,EN_RSRV_MNWAN,China,10956.50133
2012,EN_RSRV_MNWAN,China,11109.15714
2013,EN_RSRV_MNWAN,China,11282.89488
2014,EN_RSRV_MNWAN,China,11546.95032
2015,EN_RSRV_MNWAN,China,11690.60034
2016,EN_RSRV_MNWAN,China,11854.90302
2017,EN_RSRV_MNWAN,China,12135.45541
2018,EN_RSRV_MNWAN,China,12395.553
2019,EN_RSRV_MNWAN,China,12596.89253
2020,EN_RSRV_MNWAN,China,12805.16783
2021,EN_RSRV_MNWAN,China,12937.61941
2022,EN_RSRV_MNWAN,China,13063.07968
2000,EN_RSRV_MNWAN,Colombia,189.97155
2001,EN_RSRV_MNWAN,Colombia,248.34535
2002,EN_RSRV_MNWAN,Colombia,260.73794
2003,EN_RSRV_MNWAN,Colombia,270.64055
2004,EN_RSRV_MNWAN,Colombia,278.01535
2005,EN_RSRV_MNWAN,Colombia,284.38297
2006,EN_RSRV_MNWAN,Colombia,282.88689
2007,EN_RSRV_MNWAN,Colombia,283.31299
2008,EN_RSRV_MNWAN,Colombia,284.20201
2009,EN_RSRV_MNWAN,Colombia,291.1056
2010,EN_RSRV_MNWAN,Colombia,294.34199
2011,EN_RSRV_MNWAN,Colombia,297.14667
2012,EN_RSRV_MNWAN,Colombia,301.06055
2013,EN_RSRV_MNWAN,Colombia,303.63987
2014,EN_RSRV_MNWAN,Colombia,302.25177
2015,EN_RSRV_MNWAN,Colombia,301.20674
2016,EN_RSRV_MNWAN,Colombia,304.60807
2017,EN_RSRV_MNWAN,Colombia,307.31279
2018,EN_RSRV_MNWAN,Colombia,317.73259
2019,EN_RSRV_MNWAN,Colombia,334.56566
2020,EN_RSRV_MNWAN,Colombia,351.11554
2021,EN_RSRV_MNWAN,Colombia,362.60634
2022,EN_RSRV_MNWAN,Colombia,376.3403
2000,EN_RSRV_MNWAN,Costa Rica,64.31628
2001,EN_RSRV_MNWAN,Costa Rica,80.69068
2002,EN_RSRV_MNWAN,Costa Rica,81.63862
2003,EN_RSRV_MNWAN,Costa Rica,81.44877
2004,EN_RSRV_MNWAN,Costa Rica,81.20555
2005,EN_RSRV_MNWAN,Costa Rica,81.21185
2006,EN_RSRV_MNWAN,Costa Rica,80.23468
2007,EN_RSRV_MNWAN,Costa Rica,78.95107
2008,EN_RSRV_MNWAN,Costa Rica,77.98593
2009,EN_RSRV_MNWAN,Costa Rica,78.35882
2010,EN_RSRV_MNWAN,Costa Rica,78.11358
2011,EN_RSRV_MNWAN,Costa Rica,78.97453
2012,EN_RSRV_MNWAN,Costa Rica,79.96501
2013,EN_RSRV_MNWAN,Costa Rica,80.63034
2014,EN_RSRV_MNWAN,Costa Rica,79.97455
2015,EN_RSRV_MNWAN,Costa Rica,79.77911
2016,EN_RSRV_MNWAN,Costa Rica,79.88749
2017,EN_RSRV_MNWAN,Costa Rica,80.20485
2018,EN_RSRV_MNWAN,Costa Rica,81.34775
2019,EN_RSRV_MNWAN,Costa Rica,82.43744
2020,EN_RSRV_MNWAN,Costa Rica,83.09659
2021,EN_RSRV_MNWAN,Costa Rica,83.05876
2022,EN_RSRV_MNWAN,Costa Rica,83.39048
2000,EN_RSRV_MNWAN,Croatia,9.29182
2001,EN_RSRV_MNWAN,Croatia,18.51066
2002,EN_RSRV_MNWAN,Croatia,27.84246
2000,EN_RSRV_MNWAN,Albania,14.55306
2001,EN_RSRV_MNWAN,Albania,29.27344
2002,EN_RSRV_MNWAN,Albania,43.55141
2003,EN_RSRV_MNWAN,Albania,56.59212
2004,EN_RSRV_MNWAN,Albania,72.09956
2005,EN_RSRV_MNWAN,Albania,73.01705
2006,EN_RSRV_MNWAN,Albania,73.81836
2007,EN_RSRV_MNWAN,Albania,74.92667
2008,EN_RSRV_MNWAN,Albania,74.53087
2009,EN_RSRV_MNWAN,Albania,73.57081
2010,EN_RSRV_MNWAN,Albania,73.00224
2011,EN_RSRV_MNWAN,Albania,72.6808
2005,EN_RSRV_MNWAN,Romania,440.97575
2006,EN_RSRV_MNWAN,Romania,443.74783
2007,EN_RSRV_MNWAN,Romania,448.57122
2008,EN_RSRV_MNWAN,Romania,448.17018
2009,EN_RSRV_MNWAN,Romania,449.74442
2010,EN_RSRV_MNWAN,Romania,446.44296
2011,EN_RSRV_MNWAN,Romania,442.41771
2012,EN_RSRV_MNWAN,Romania,440.09652
2013,EN_RSRV_MNWAN,Romania,438.84303
2014,EN_RSRV_MNWAN,Romania,441.2516
2015,EN_RSRV_MNWAN,Romania,443.89973
2016,EN_RSRV_MNWAN,Romania,443.83827
2003,EN_RSRV_MNWAN,Croatia,37.33906
2004,EN_RSRV_MNWAN,Croatia,45.68126
2005,EN_RSRV_MNWAN,Croatia,46.03176
2006,EN_RSRV_MNWAN,Croatia,46.34073
2007,EN_RSRV_MNWAN,Croatia,46.62984
2008,EN_RSRV_MNWAN,Croatia,46.33205
2009,EN_RSRV_MNWAN,Croatia,47.14224
2010,EN_RSRV_MNWAN,Croatia,47.07876
2011,EN_RSRV_MNWAN,Croatia,47.10285
2012,EN_RSRV_MNWAN,Croatia,46.67248
2013,EN_RSRV_MNWAN,Croatia,46.46704
2014,EN_RSRV_MNWAN,Croatia,46.93993
2015,EN_RSRV_MNWAN,Croatia,47.02342
2016,EN_RSRV_MNWAN,Croatia,46.93071
2017,EN_RSRV_MNWAN,Croatia,47.20837
2018,EN_RSRV_MNWAN,Croatia,47.55503
2019,EN_RSRV_MNWAN,Croatia,47.32299
2020,EN_RSRV_MNWAN,Croatia,47.08625
2021,EN_RSRV_MNWAN,Croatia,47.04679
2022,EN_RSRV_MNWAN,Croatia,46.99622
2000,EN_RSRV_MNWAN,Cyprus,0.9034
2001,EN_RSRV_MNWAN,Cyprus,1.34584
2002,EN_RSRV_MNWAN,Cyprus,1.75441
2003,EN_RSRV_MNWAN,Cyprus,2.55063
2004,EN_RSRV_MNWAN,Cyprus,3.06692
2005,EN_RSRV_MNWAN,Cyprus,3.46548
2006,EN_RSRV_MNWAN,Cyprus,3.90062
2007,EN_RSRV_MNWAN,Cyprus,4.1434
2008,EN_RSRV_MNWAN,Cyprus,3.84732
2009,EN_RSRV_MNWAN,Cyprus,3.22696
2010,EN_RSRV_MNWAN,Cyprus,2.95128
2011,EN_RSRV_MNWAN,Cyprus,2.93245
2012,EN_RSRV_MNWAN,Cyprus,3.11375
2013,EN_RSRV_MNWAN,Cyprus,3.5784
2014,EN_RSRV_MNWAN,Cyprus,4.23391
2015,EN_RSRV_MNWAN,Cyprus,4.24234
2016,EN_RSRV_MNWAN,Cyprus,4.12405
2017,EN_RSRV_MNWAN,Cyprus,3.93764
2018,EN_RSRV_MNWAN,Cyprus,3.64966
2019,EN_RSRV_MNWAN,Cyprus,3.37452
2020,EN_RSRV_MNWAN,Cyprus,3.74913
2021,EN_RSRV_MNWAN,Cyprus,4.0012
2022,EN_RSRV_MNWAN,Cyprus,4.35545
2000,EN_RSRV_MNWAN,Czechia,63.25718
2001,EN_RSRV_MNWAN,Czechia,96.25037
2002,EN_RSRV_MNWAN,Czechia,129.54854
2003,EN_RSRV_MNWAN,Czechia,151.01643
2004,EN_RSRV_MNWAN,Czechia,164.6572
2017,EN_RSRV_MNWAN,Romania,444.34264
2018,EN_RSRV_MNWAN,Romania,446.19861
2019,EN_RSRV_MNWAN,Romania,444.91915
2020,EN_RSRV_MNWAN,Romania,442.9996
2021,EN_RSRV_MNWAN,Romania,443.67266
2022,EN_RSRV_MNWAN,Romania,442.81691
2000,EN_RSRV_MNWAN,Serbia,18.24913
2001,EN_RSRV_MNWAN,Serbia,46.99201
2002,EN_RSRV_MNWAN,Serbia,75.43868
2003,EN_RSRV_MNWAN,Serbia,104.43417
2004,EN_RSRV_MNWAN,Serbia,134.0618
2005,EN_RSRV_MNWAN,Serbia,145.61101
2012,EN_RSRV_MNWAN,Albania,71.6496
2013,EN_RSRV_MNWAN,Albania,73.02458
2014,EN_RSRV_MNWAN,Albania,74.14588
2015,EN_RSRV_MNWAN,Albania,74.60791
2016,EN_RSRV_MNWAN,Albania,74.03977
2017,EN_RSRV_MNWAN,Albania,75.75971
2018,EN_RSRV_MNWAN,Albania,75.77204
2019,EN_RSRV_MNWAN,Albania,76.20553
2020,EN_RSRV_MNWAN,Albania,77.52624
2021,EN_RSRV_MNWAN,Albania,79.73924
2022,EN_RSRV_MNWAN,Albania,80.16496
2000,EN_RSRV_MNWAN,Azerbaijan,299.38109
2005,EN_RSRV_MNWAN,Czechia,165.39209
2006,EN_RSRV_MNWAN,Czechia,165.69562
2007,EN_RSRV_MNWAN,Czechia,165.95186
2008,EN_RSRV_MNWAN,Czechia,165.84423
2009,EN_RSRV_MNWAN,Czechia,166.53331
2010,EN_RSRV_MNWAN,Czechia,166.56614
2011,EN_RSRV_MNWAN,Czechia,166.58563
2012,EN_RSRV_MNWAN,Czechia,165.87286
2013,EN_RSRV_MNWAN,Czechia,165.34768
2014,EN_RSRV_MNWAN,Czechia,165.52122
2015,EN_RSRV_MNWAN,Czechia,165.02868
2016,EN_RSRV_MNWAN,Czechia,164.78003
2001,EN_RSRV_MNWAN,Azerbaijan,335.96119
2002,EN_RSRV_MNWAN,Azerbaijan,447.04918
2003,EN_RSRV_MNWAN,Azerbaijan,565.45592
2004,EN_RSRV_MNWAN,Azerbaijan,573.49154
2005,EN_RSRV_MNWAN,Azerbaijan,585.80741
2006,EN_RSRV_MNWAN,Azerbaijan,600.77369
2007,EN_RSRV_MNWAN,Azerbaijan,613.32568
2008,EN_RSRV_MNWAN,Azerbaijan,619.10565
2009,EN_RSRV_MNWAN,Azerbaijan,618.27394
2010,EN_RSRV_MNWAN,Azerbaijan,620.01577
2011,EN_RSRV_MNWAN,Azerbaijan,620.71087
2012,EN_RSRV_MNWAN,Azerbaijan,619.39589
2017,EN_RSRV_MNWAN,Czechia,165.35457
2018,EN_RSRV_MNWAN,Czechia,165.94738
2019,EN_RSRV_MNWAN,Czechia,165.79686
2020,EN_RSRV_MNWAN,Czechia,166.39991
2021,EN_RSRV_MNWAN,Czechia,166.99543
2022,EN_RSRV_MNWAN,Czechia,166.94345
2000,EN_RSRV_MNWAN,Denmark,0.0
2001,EN_RSRV_MNWAN,Denmark,0.0
2002,EN_RSRV_MNWAN,Denmark,0.0
2003,EN_RSRV_MNWAN,Denmark,0.0
2004,EN_RSRV_MNWAN,Denmark,0.0
2005,EN_RSRV_MNWAN,Denmark,0.0
2006,EN_RSRV_MNWAN,Serbia,145.6957
2007,EN_RSRV_MNWAN,Serbia,146.66636
2008,EN_RSRV_MNWAN,Serbia,146.43883
2009,EN_RSRV_MNWAN,Serbia,145.70081
2010,EN_RSRV_MNWAN,Serbia,145.74931
2011,EN_RSRV_MNWAN,Serbia,146.80526
2012,EN_RSRV_MNWAN,Serbia,146.79346
2013,EN_RSRV_MNWAN,Serbia,146.51706
2014,EN_RSRV_MNWAN,Serbia,147.15543
2015,EN_RSRV_MNWAN,Serbia,146.47921
2016,EN_RSRV_MNWAN,Serbia,146.21572
2017,EN_RSRV_MNWAN,Serbia,146.81958
2013,EN_RSRV_MNWAN,Azerbaijan,612.8431
2014,EN_RSRV_MNWAN,Azerbaijan,605.54478
2015,EN_RSRV_MNWAN,Azerbaijan,590.89311
2016,EN_RSRV_MNWAN,Azerbaijan,579.80298
2017,EN_RSRV_MNWAN,Azerbaijan,574.60267
2018,EN_RSRV_MNWAN,Azerbaijan,570.70784
2019,EN_RSRV_MNWAN,Azerbaijan,569.68497
2020,EN_RSRV_MNWAN,Azerbaijan,567.54954
2021,EN_RSRV_MNWAN,Azerbaijan,555.35979
2022,EN_RSRV_MNWAN,Azerbaijan,544.50941
2000,EN_RSRV_MNWAN,Australia,3417.72887
2001,EN_RSRV_MNWAN,Australia,3485.1338
2006,EN_RSRV_MNWAN,Denmark,0.0
2007,EN_RSRV_MNWAN,Denmark,0.0
2008,EN_RSRV_MNWAN,Denmark,0.0
2009,EN_RSRV_MNWAN,Denmark,0.0
2010,EN_RSRV_MNWAN,Denmark,0.0
2011,EN_RSRV_MNWAN,Denmark,0.0
2012,EN_RSRV_MNWAN,Denmark,0.0
2013,EN_RSRV_MNWAN,Denmark,0.0
2014,EN_RSRV_MNWAN,Denmark,0.0
2015,EN_RSRV_MNWAN,Denmark,0.0
2016,EN_RSRV_MNWAN,Denmark,0.0
2017,EN_RSRV_MNWAN,Denmark,0.0
2018,EN_RSRV_MNWAN,Serbia,147.5499
2019,EN_RSRV_MNWAN,Serbia,147.60951
2020,EN_RSRV_MNWAN,Serbia,147.62962
2021,EN_RSRV_MNWAN,Serbia,147.88819
2022,EN_RSRV_MNWAN,Serbia,147.18748
2000,EN_RSRV_MNWAN,Slovakia,28.98343
2001,EN_RSRV_MNWAN,Slovakia,58.59247
2002,EN_RSRV_MNWAN,Slovakia,88.20334
2003,EN_RSRV_MNWAN,Slovakia,117.30945
2004,EN_RSRV_MNWAN,Slovakia,145.79059
2005,EN_RSRV_MNWAN,Slovakia,146.45877
2006,EN_RSRV_MNWAN,Slovakia,146.5756
2018,EN_RSRV_MNWAN,Denmark,0.0
2019,EN_RSRV_MNWAN,Denmark,0.0
2020,EN_RSRV_MNWAN,Denmark,0.0
2021,EN_RSRV_MNWAN,Denmark,0.0
2022,EN_RSRV_MNWAN,Denmark,0.0
2000,EN_RSRV_MNWAN,Estonia,0.0
2001,EN_RSRV_MNWAN,Estonia,0.0
2002,EN_RSRV_MNWAN,Estonia,0.0
2003,EN_RSRV_MNWAN,Estonia,0.0
2004,EN_RSRV_MNWAN,Estonia,0.0
2005,EN_RSRV_MNWAN,Estonia,0.0
2006,EN_RSRV_MNWAN,Estonia,0.0
2002,EN_RSRV_MNWAN,Australia,3514.94745
2003,EN_RSRV_MNWAN,Australia,3455.34696
2004,EN_RSRV_MNWAN,Australia,3402.39437
2005,EN_RSRV_MNWAN,Australia,3336.30039
2006,EN_RSRV_MNWAN,Australia,3237.88618
2007,EN_RSRV_MNWAN,Australia,3114.40353
2008,EN_RSRV_MNWAN,Australia,3008.05778
2009,EN_RSRV_MNWAN,Australia,3021.76838
2010,EN_RSRV_MNWAN,Australia,3001.21639
2011,EN_RSRV_MNWAN,Australia,3010.08311
2012,EN_RSRV_MNWAN,Australia,3165.28113
2013,EN_RSRV_MNWAN,Australia,3380.4709
2007,EN_RSRV_MNWAN,Estonia,0.0
2008,EN_RSRV_MNWAN,Estonia,0.0
2009,EN_RSRV_MNWAN,Estonia,0.0
2010,EN_RSRV_MNWAN,Estonia,0.0
2011,EN_RSRV_MNWAN,Estonia,0.0
2012,EN_RSRV_MNWAN,Estonia,0.0
2013,EN_RSRV_MNWAN,Estonia,0.0
2014,EN_RSRV_MNWAN,Estonia,0.0
2015,EN_RSRV_MNWAN,Estonia,0.0
2016,EN_RSRV_MNWAN,Estonia,0.0
2017,EN_RSRV_MNWAN,Estonia,0.0
2018,EN_RSRV_MNWAN,Estonia,0.0
2014,EN_RSRV_MNWAN,Australia,3473.50214
2015,EN_RSRV_MNWAN,Australia,3562.48679
2016,EN_RSRV_MNWAN,Australia,3593.85482
2017,EN_RSRV_MNWAN,Australia,3467.49936
2018,EN_RSRV_MNWAN,Australia,3429.66108
2019,EN_RSRV_MNWAN,Australia,3389.51667
2020,EN_RSRV_MNWAN,Australia,3277.25544
2021,EN_RSRV_MNWAN,Australia,3167.19008
2022,EN_RSRV_MNWAN,Australia,3175.06388
2000,EN_RSRV_MNWAN,Austria,21.52584
2001,EN_RSRV_MNWAN,Austria,32.81226
2002,EN_RSRV_MNWAN,Austria,44.13596
2007,EN_RSRV_MNWAN,Slovakia,146.31126
2008,EN_RSRV_MNWAN,Slovakia,146.34621
2009,EN_RSRV_MNWAN,Slovakia,147.10367
2010,EN_RSRV_MNWAN,Slovakia,146.85977
2011,EN_RSRV_MNWAN,Slovakia,146.73733
2012,EN_RSRV_MNWAN,Slovakia,146.32127
2013,EN_RSRV_MNWAN,Slovakia,145.76074
2014,EN_RSRV_MNWAN,Slovakia,145.87215
2015,EN_RSRV_MNWAN,Slovakia,145.93039
2016,EN_RSRV_MNWAN,Slovakia,145.18829
2017,EN_RSRV_MNWAN,Slovakia,145.72562
2018,EN_RSRV_MNWAN,Slovakia,146.51449
2019,EN_RSRV_MNWAN,Estonia,0.0
2020,EN_RSRV_MNWAN,Estonia,0.0
2021,EN_RSRV_MNWAN,Estonia,0.0
2022,EN_RSRV_MNWAN,Estonia,0.0
2000,EN_RSRV_MNWAN,Finland,3219.38487
2001,EN_RSRV_MNWAN,Finland,4666.12918
2002,EN_RSRV_MNWAN,Finland,6107.68259
2003,EN_RSRV_MNWAN,Finland,7221.94508
2004,EN_RSRV_MNWAN,Finland,7094.76311
2005,EN_RSRV_MNWAN,Finland,7095.00339
2006,EN_RSRV_MNWAN,Finland,7099.71062
2007,EN_RSRV_MNWAN,Finland,7103.63671
2003,EN_RSRV_MNWAN,Austria,52.37194
2004,EN_RSRV_MNWAN,Austria,56.54678
2005,EN_RSRV_MNWAN,Austria,56.53312
2006,EN_RSRV_MNWAN,Austria,56.55757
2007,EN_RSRV_MNWAN,Austria,56.59064
2008,EN_RSRV_MNWAN,Austria,56.52068
2009,EN_RSRV_MNWAN,Austria,55.9361
2010,EN_RSRV_MNWAN,Austria,55.95687
2011,EN_RSRV_MNWAN,Austria,55.98471
2012,EN_RSRV_MNWAN,Austria,55.8834
2013,EN_RSRV_MNWAN,Austria,55.89447
2014,EN_RSRV_MNWAN,Austria,56.49976
2008,EN_RSRV_MNWAN,Finland,7106.67069
2009,EN_RSRV_MNWAN,Finland,7128.49691
2010,EN_RSRV_MNWAN,Finland,7130.86654
2011,EN_RSRV_MNWAN,Finland,7121.05402
2012,EN_RSRV_MNWAN,Finland,7112.83561
2013,EN_RSRV_MNWAN,Finland,7111.72802
2014,EN_RSRV_MNWAN,Finland,7221.28649
2015,EN_RSRV_MNWAN,Finland,7224.76905
2016,EN_RSRV_MNWAN,Finland,7236.36401
2017,EN_RSRV_MNWAN,Finland,7257.92955
2018,EN_RSRV_MNWAN,Finland,7268.57074
2019,EN_RSRV_MNWAN,Finland,7275.7866
2015,EN_RSRV_MNWAN,Austria,56.44308
2016,EN_RSRV_MNWAN,Austria,56.32885
2017,EN_RSRV_MNWAN,Austria,56.34561
2018,EN_RSRV_MNWAN,Austria,56.33584
2019,EN_RSRV_MNWAN,Austria,56.30001
2020,EN_RSRV_MNWAN,Austria,56.29752
2021,EN_RSRV_MNWAN,Austria,56.37282
2022,EN_RSRV_MNWAN,Austria,56.36647
2000,EN_RSRV_MNWAN,Armenia,8.86946
2001,EN_RSRV_MNWAN,Armenia,9.79152
2002,EN_RSRV_MNWAN,Armenia,13.29804
2003,EN_RSRV_MNWAN,Armenia,17.22465
2019,EN_RSRV_MNWAN,Slovakia,146.37812
2020,EN_RSRV_MNWAN,Slovakia,145.9016
2021,EN_RSRV_MNWAN,Slovakia,146.22922
2022,EN_RSRV_MNWAN,Slovakia,145.91776
2000,EN_RSRV_MNWAN,Viet Nam,369.50183
2001,EN_RSRV_MNWAN,Viet Nam,390.47479
2002,EN_RSRV_MNWAN,Viet Nam,398.93656
2003,EN_RSRV_MNWAN,Viet Nam,450.57506
2004,EN_RSRV_MNWAN,Viet Nam,556.22399
2005,EN_RSRV_MNWAN,Viet Nam,556.95876
2006,EN_RSRV_MNWAN,Viet Nam,556.29269
2007,EN_RSRV_MNWAN,Viet Nam,561.22733
2020,EN_RSRV_MNWAN,Finland,7274.40095
2021,EN_RSRV_MNWAN,Finland,7278.19802
2022,EN_RSRV_MNWAN,Finland,7276.47667
2000,EN_RSRV_MNWAN,France,89.91853
2001,EN_RSRV_MNWAN,France,149.86264
2002,EN_RSRV_MNWAN,France,208.79564
2003,EN_RSRV_MNWAN,France,255.11657
2004,EN_RSRV_MNWAN,France,294.88079
2005,EN_RSRV_MNWAN,France,296.57201
2006,EN_RSRV_MNWAN,France,295.06806
2007,EN_RSRV_MNWAN,France,296.37356
2008,EN_RSRV_MNWAN,France,296.1853
2004,EN_RSRV_MNWAN,Armenia,17.40208
2005,EN_RSRV_MNWAN,Armenia,18.08956
2006,EN_RSRV_MNWAN,Armenia,19.18877
2007,EN_RSRV_MNWAN,Armenia,19.39717
2008,EN_RSRV_MNWAN,Armenia,19.45185
2009,EN_RSRV_MNWAN,Armenia,19.18251
2010,EN_RSRV_MNWAN,Armenia,19.23192
2011,EN_RSRV_MNWAN,Armenia,19.32892
2012,EN_RSRV_MNWAN,Armenia,19.44512
2013,EN_RSRV_MNWAN,Armenia,18.92479
2014,EN_RSRV_MNWAN,Armenia,18.83264
2015,EN_RSRV_MNWAN,Armenia,17.69349
2009,EN_RSRV_MNWAN,France,299.7126
2010,EN_RSRV_MNWAN,France,300.13605
2011,EN_RSRV_MNWAN,France,302.61964
2012,EN_RSRV_MNWAN,France,301.36353
2013,EN_RSRV_MNWAN,France,300.36162
2014,EN_RSRV_MNWAN,France,301.60578
2015,EN_RSRV_MNWAN,France,301.64693
2016,EN_RSRV_MNWAN,France,301.67174
2017,EN_RSRV_MNWAN,France,304.53282
2018,EN_RSRV_MNWAN,France,305.26682
2019,EN_RSRV_MNWAN,France,305.5414
2020,EN_RSRV_MNWAN,France,305.61449
2016,EN_RSRV_MNWAN,Armenia,16.53296
2017,EN_RSRV_MNWAN,Armenia,16.01375
2018,EN_RSRV_MNWAN,Armenia,15.52357
2019,EN_RSRV_MNWAN,Armenia,14.9997
2020,EN_RSRV_MNWAN,Armenia,15.44204
2021,EN_RSRV_MNWAN,Armenia,15.28863
2022,EN_RSRV_MNWAN,Armenia,14.6957
2000,EN_RSRV_MNWAN,Belgium,4.5086
2001,EN_RSRV_MNWAN,Belgium,6.03877
2002,EN_RSRV_MNWAN,Belgium,7.53612
2003,EN_RSRV_MNWAN,Belgium,7.62432
2004,EN_RSRV_MNWAN,Belgium,7.62577
2008,EN_RSRV_MNWAN,Viet Nam,570.82967
2009,EN_RSRV_MNWAN,Viet Nam,580.3398
2010,EN_RSRV_MNWAN,Viet Nam,600.66071
2011,EN_RSRV_MNWAN,Viet Nam,628.83681
2012,EN_RSRV_MNWAN,Viet Nam,677.47443
2013,EN_RSRV_MNWAN,Viet Nam,737.81345
2014,EN_RSRV_MNWAN,Viet Nam,795.62543
2015,EN_RSRV_MNWAN,Viet Nam,848.5872
2016,EN_RSRV_MNWAN,Viet Nam,894.85755
2017,EN_RSRV_MNWAN,Viet Nam,904.72457
2018,EN_RSRV_MNWAN,Viet Nam,926.24063
2019,EN_RSRV_MNWAN,Viet Nam,942.01865
2021,EN_RSRV_MNWAN,France,307.76916
2022,EN_RSRV_MNWAN,France,307.07027
2000,EN_RSRV_MNWAN,Georgia,14.79413
2001,EN_RSRV_MNWAN,Georgia,21.80412
2002,EN_RSRV_MNWAN,Georgia,29.45457
2003,EN_RSRV_MNWAN,Georgia,36.97113
2004,EN_RSRV_MNWAN,Georgia,37.62045
2005,EN_RSRV_MNWAN,Georgia,37.56196
2006,EN_RSRV_MNWAN,Georgia,38.16841
2007,EN_RSRV_MNWAN,Georgia,38.13794
2008,EN_RSRV_MNWAN,Georgia,38.17946
2009,EN_RSRV_MNWAN,Georgia,37.92144
2005,EN_RSRV_MNWAN,Belgium,7.59748
2006,EN_RSRV_MNWAN,Belgium,7.58074
2007,EN_RSRV_MNWAN,Belgium,7.66959
2008,EN_RSRV_MNWAN,Belgium,7.59525
2009,EN_RSRV_MNWAN,Belgium,7.53904
2010,EN_RSRV_MNWAN,Belgium,7.62551
2011,EN_RSRV_MNWAN,Belgium,7.72232
2012,EN_RSRV_MNWAN,Belgium,7.68889
2013,EN_RSRV_MNWAN,Belgium,7.70996
2014,EN_RSRV_MNWAN,Belgium,7.75393
2015,EN_RSRV_MNWAN,Belgium,7.81821
2016,EN_RSRV_MNWAN,Belgium,7.70835
2010,EN_RSRV_MNWAN,Georgia,37.6545
2011,EN_RSRV_MNWAN,Georgia,37.60111
2012,EN_RSRV_MNWAN,Georgia,37.7416
2013,EN_RSRV_MNWAN,Georgia,37.28064
2014,EN_RSRV_MNWAN,Georgia,37.43143
2015,EN_RSRV_MNWAN,Georgia,37.19242
2016,EN_RSRV_MNWAN,Georgia,37.13171
2017,EN_RSRV_MNWAN,Georgia,36.84894
2018,EN_RSRV_MNWAN,Georgia,36.96489
2019,EN_RSRV_MNWAN,Georgia,36.61965
2020,EN_RSRV_MNWAN,Georgia,36.51645
2021,EN_RSRV_MNWAN,Georgia,35.43446
2020,EN_RSRV_MNWAN,Viet Nam,941.88369
2021,EN_RSRV_MNWAN,Viet Nam,948.63713
2022,EN_RSRV_MNWAN,Viet Nam,971.57691
2000,EN_RSRV_MNWAN,Slovenia,0.41817
2001,EN_RSRV_MNWAN,Slovenia,0.87246
2002,EN_RSRV_MNWAN,Slovenia,1.32676
2003,EN_RSRV_MNWAN,Slovenia,1.79367
2004,EN_RSRV_MNWAN,Slovenia,2.25106
2005,EN_RSRV_MNWAN,Slovenia,2.31094
2006,EN_RSRV_MNWAN,Slovenia,2.31552
2007,EN_RSRV_MNWAN,Slovenia,2.32517
2008,EN_RSRV_MNWAN,Slovenia,2.28607
2022,EN_RSRV_MNWAN,Georgia,35.01054
2000,EN_RSRV_MNWAN,Germany,80.96244
2001,EN_RSRV_MNWAN,Germany,109.30557
2002,EN_RSRV_MNWAN,Germany,137.18481
2003,EN_RSRV_MNWAN,Germany,141.95281
2004,EN_RSRV_MNWAN,Germany,142.28264
2005,EN_RSRV_MNWAN,Germany,143.35331
2006,EN_RSRV_MNWAN,Germany,145.21381
2007,EN_RSRV_MNWAN,Germany,147.60238
2008,EN_RSRV_MNWAN,Germany,149.35201
2009,EN_RSRV_MNWAN,Germany,150.45487
2010,EN_RSRV_MNWAN,Germany,151.41369
2017,EN_RSRV_MNWAN,Belgium,7.67343
2018,EN_RSRV_MNWAN,Belgium,7.68467
2019,EN_RSRV_MNWAN,Belgium,7.60662
2020,EN_RSRV_MNWAN,Belgium,7.59219
2021,EN_RSRV_MNWAN,Belgium,7.67842
2022,EN_RSRV_MNWAN,Belgium,7.72249
2000,EN_RSRV_MNWAN,Bosnia and Herzegovina,19.90939
2001,EN_RSRV_MNWAN,Bosnia and Herzegovina,39.99274
2002,EN_RSRV_MNWAN,Bosnia and Herzegovina,60.56282
2003,EN_RSRV_MNWAN,Bosnia and Herzegovina,80.74683
2004,EN_RSRV_MNWAN,Bosnia and Herzegovina,100.27077
2005,EN_RSRV_MNWAN,Bosnia and Herzegovina,100.91307
2011,EN_RSRV_MNWAN,Germany,151.84031
2012,EN_RSRV_MNWAN,Germany,151.82474
2013,EN_RSRV_MNWAN,Germany,150.75841
2014,EN_RSRV_MNWAN,Germany,152.06759
2015,EN_RSRV_MNWAN,Germany,151.87171
2016,EN_RSRV_MNWAN,Germany,151.35373
2017,EN_RSRV_MNWAN,Germany,151.96678
2018,EN_RSRV_MNWAN,Germany,152.70894
2019,EN_RSRV_MNWAN,Germany,151.28756
2020,EN_RSRV_MNWAN,Germany,151.46717
2021,EN_RSRV_MNWAN,Germany,151.43194
2022,EN_RSRV_MNWAN,Germany,151.3091
2006,EN_RSRV_MNWAN,Bosnia and Herzegovina,101.31893
2007,EN_RSRV_MNWAN,Bosnia and Herzegovina,100.91254
2008,EN_RSRV_MNWAN,Bosnia and Herzegovina,100.46905
2009,EN_RSRV_MNWAN,Bosnia and Herzegovina,100.85196
2010,EN_RSRV_MNWAN,Bosnia and Herzegovina,100.52817
2011,EN_RSRV_MNWAN,Bosnia and Herzegovina,100.30326
2012,EN_RSRV_MNWAN,Bosnia and Herzegovina,100.07446
2013,EN_RSRV_MNWAN,Bosnia and Herzegovina,99.41302
2014,EN_RSRV_MNWAN,Bosnia and Herzegovina,100.07857
2015,EN_RSRV_MNWAN,Bosnia and Herzegovina,100.35179
2016,EN_RSRV_MNWAN,Bosnia and Herzegovina,100.2217
2009,EN_RSRV_MNWAN,Slovenia,2.28706
2010,EN_RSRV_MNWAN,Slovenia,2.26455
2011,EN_RSRV_MNWAN,Slovenia,2.29305
2012,EN_RSRV_MNWAN,Slovenia,2.29916
2013,EN_RSRV_MNWAN,Slovenia,2.34299
2014,EN_RSRV_MNWAN,Slovenia,2.35096
2015,EN_RSRV_MNWAN,Slovenia,2.38429
2016,EN_RSRV_MNWAN,Slovenia,2.36707
2017,EN_RSRV_MNWAN,Slovenia,2.36175
2018,EN_RSRV_MNWAN,Slovenia,2.38218
2019,EN_RSRV_MNWAN,Slovenia,2.39109
2020,EN_RSRV_MNWAN,Slovenia,2.39108
2000,EN_RSRV_MNWAN,Greece,50.71166
2001,EN_RSRV_MNWAN,Greece,100.24248
2002,EN_RSRV_MNWAN,Greece,147.56436
2003,EN_RSRV_MNWAN,Greece,195.29912
2004,EN_RSRV_MNWAN,Greece,246.15977
2005,EN_RSRV_MNWAN,Greece,247.5905
2006,EN_RSRV_MNWAN,Greece,249.97513
2007,EN_RSRV_MNWAN,Greece,254.44155
2008,EN_RSRV_MNWAN,Greece,253.44615
2009,EN_RSRV_MNWAN,Greece,249.10975
2010,EN_RSRV_MNWAN,Greece,249.21771
2011,EN_RSRV_MNWAN,Greece,249.54572
2017,EN_RSRV_MNWAN,Bosnia and Herzegovina,100.85521
2018,EN_RSRV_MNWAN,Bosnia and Herzegovina,101.29379
2019,EN_RSRV_MNWAN,Bosnia and Herzegovina,101.22219
2020,EN_RSRV_MNWAN,Bosnia and Herzegovina,100.7989
2021,EN_RSRV_MNWAN,Bosnia and Herzegovina,99.86901
2022,EN_RSRV_MNWAN,Bosnia and Herzegovina,98.38298
2000,EN_RSRV_MNWAN,Bulgaria,63.88814
2001,EN_RSRV_MNWAN,Bulgaria,104.06699
2002,EN_RSRV_MNWAN,Bulgaria,152.37533
2003,EN_RSRV_MNWAN,Bulgaria,200.32603
2004,EN_RSRV_MNWAN,Bulgaria,252.63499
2005,EN_RSRV_MNWAN,Bulgaria,254.03691
2006,EN_RSRV_MNWAN,Bulgaria,256.87647
2007,EN_RSRV_MNWAN,Bulgaria,261.20313
2008,EN_RSRV_MNWAN,Bulgaria,262.39505
2009,EN_RSRV_MNWAN,Bulgaria,261.87522
2010,EN_RSRV_MNWAN,Bulgaria,259.63964
2011,EN_RSRV_MNWAN,Bulgaria,258.31731
2012,EN_RSRV_MNWAN,Bulgaria,255.53862
2013,EN_RSRV_MNWAN,Bulgaria,257.26739
2014,EN_RSRV_MNWAN,Bulgaria,257.41652
2015,EN_RSRV_MNWAN,Bulgaria,258.28016
2016,EN_RSRV_MNWAN,Bulgaria,256.80018
2017,EN_RSRV_MNWAN,Bulgaria,258.4055
2021,EN_RSRV_MNWAN,Slovenia,2.40382
2022,EN_RSRV_MNWAN,Slovenia,2.42135
2000,EN_RSRV_MNWAN,Spain,372.3685
2001,EN_RSRV_MNWAN,Spain,624.15843
2002,EN_RSRV_MNWAN,Spain,912.94554
2003,EN_RSRV_MNWAN,Spain,1170.77326
2004,EN_RSRV_MNWAN,Spain,1434.20683
2005,EN_RSRV_MNWAN,Spain,1494.94834
2006,EN_RSRV_MNWAN,Spain,1509.45152
2007,EN_RSRV_MNWAN,Spain,1469.83551
2008,EN_RSRV_MNWAN,Spain,1460.41127
2009,EN_RSRV_MNWAN,Spain,1425.44164
2012,EN_RSRV_MNWAN,Greece,249.86955
2013,EN_RSRV_MNWAN,Greece,254.90459
2014,EN_RSRV_MNWAN,Greece,262.94165
2015,EN_RSRV_MNWAN,Greece,264.78981
2016,EN_RSRV_MNWAN,Greece,265.82628
2017,EN_RSRV_MNWAN,Greece,267.22186
2018,EN_RSRV_MNWAN,Greece,266.68988
2019,EN_RSRV_MNWAN,Greece,266.55425
2020,EN_RSRV_MNWAN,Greece,266.36081
2021,EN_RSRV_MNWAN,Greece,265.26026
2022,EN_RSRV_MNWAN,Greece,264.06263
2000,EN_RSRV_MNWAN,Hungary,11.81944
2001,EN_RSRV_MNWAN,Hungary,23.78258
2002,EN_RSRV_MNWAN,Hungary,35.56581
2003,EN_RSRV_MNWAN,Hungary,46.96189
2004,EN_RSRV_MNWAN,Hungary,58.25865
2005,EN_RSRV_MNWAN,Hungary,57.5656
2006,EN_RSRV_MNWAN,Hungary,56.73437
2007,EN_RSRV_MNWAN,Hungary,56.65451
2008,EN_RSRV_MNWAN,Hungary,56.49639
2009,EN_RSRV_MNWAN,Hungary,56.6757
2010,EN_RSRV_MNWAN,Hungary,57.05271
2011,EN_RSRV_MNWAN,Hungary,58.01548
2012,EN_RSRV_MNWAN,Hungary,57.97661
2010,EN_RSRV_MNWAN,Spain,1371.888
2011,EN_RSRV_MNWAN,Spain,1438.49943
2012,EN_RSRV_MNWAN,Spain,1508.12894
2013,EN_RSRV_MNWAN,Spain,1539.24016
2014,EN_RSRV_MNWAN,Spain,1620.90118
2015,EN_RSRV_MNWAN,Spain,1703.18622
2016,EN_RSRV_MNWAN,Spain,1683.08426
2017,EN_RSRV_MNWAN,Spain,1653.48719
2018,EN_RSRV_MNWAN,Spain,1623.48052
2019,EN_RSRV_MNWAN,Spain,1582.29955
2020,EN_RSRV_MNWAN,Spain,1511.97343
2021,EN_RSRV_MNWAN,Spain,1472.93436
2018,EN_RSRV_MNWAN,Bulgaria,255.61434
2019,EN_RSRV_MNWAN,Bulgaria,255.89263
2020,EN_RSRV_MNWAN,Bulgaria,251.20292
2021,EN_RSRV_MNWAN,Bulgaria,245.32196
2022,EN_RSRV_MNWAN,Bulgaria,242.87563
2000,EN_RSRV_MNWAN,Chile,144.74039
2001,EN_RSRV_MNWAN,Chile,161.77625
2002,EN_RSRV_MNWAN,Chile,170.98436
2003,EN_RSRV_MNWAN,Chile,181.6888
2004,EN_RSRV_MNWAN,Chile,188.71141
2005,EN_RSRV_MNWAN,Chile,192.74751
2006,EN_RSRV_MNWAN,Chile,197.42422
2007,EN_RSRV_MNWAN,Chile,201.61839
2008,EN_RSRV_MNWAN,Chile,202.56516
2009,EN_RSRV_MNWAN,Chile,202.08914
2010,EN_RSRV_MNWAN,Chile,207.4056
2011,EN_RSRV_MNWAN,Chile,206.96837
2012,EN_RSRV_MNWAN,Chile,203.22977
2013,EN_RSRV_MNWAN,Chile,203.46129
2014,EN_RSRV_MNWAN,Chile,201.2641
2015,EN_RSRV_MNWAN,Chile,193.97995
2016,EN_RSRV_MNWAN,Chile,190.97509
2017,EN_RSRV_MNWAN,Chile,195.99317
2018,EN_RSRV_MNWAN,Chile,201.46214
2013,EN_RSRV_MNWAN,Hungary,58.12004
2014,EN_RSRV_MNWAN,Hungary,57.83622
2015,EN_RSRV_MNWAN,Hungary,57.91492
2016,EN_RSRV_MNWAN,Hungary,57.13516
2017,EN_RSRV_MNWAN,Hungary,56.76906
2018,EN_RSRV_MNWAN,Hungary,56.67215
2019,EN_RSRV_MNWAN,Hungary,56.65519
2020,EN_RSRV_MNWAN,Hungary,56.00976
2021,EN_RSRV_MNWAN,Hungary,55.80847
2022,EN_RSRV_MNWAN,Hungary,55.57297
2000,EN_RSRV_MNWAN,Iceland,76.6216
2001,EN_RSRV_MNWAN,Iceland,117.75516
2002,EN_RSRV_MNWAN,Iceland,158.17298
2003,EN_RSRV_MNWAN,Iceland,199.40549
2004,EN_RSRV_MNWAN,Iceland,199.73211
2005,EN_RSRV_MNWAN,Iceland,197.67184
2006,EN_RSRV_MNWAN,Iceland,195.21825
2007,EN_RSRV_MNWAN,Iceland,195.41881
2008,EN_RSRV_MNWAN,Iceland,190.23778
2009,EN_RSRV_MNWAN,Iceland,191.79669
2010,EN_RSRV_MNWAN,Iceland,197.74171
2011,EN_RSRV_MNWAN,Iceland,200.16547
2012,EN_RSRV_MNWAN,Iceland,197.8113
2013,EN_RSRV_MNWAN,Iceland,203.95944
2022,EN_RSRV_MNWAN,Spain,1431.51751
2000,EN_RSRV_MNWAN,Switzerland,30.03988
2001,EN_RSRV_MNWAN,Switzerland,49.4936
2002,EN_RSRV_MNWAN,Switzerland,68.96032
2003,EN_RSRV_MNWAN,Switzerland,83.36104
2004,EN_RSRV_MNWAN,Switzerland,97.18281
2005,EN_RSRV_MNWAN,Switzerland,97.12174
2006,EN_RSRV_MNWAN,Switzerland,97.03072
2007,EN_RSRV_MNWAN,Switzerland,96.97209
2008,EN_RSRV_MNWAN,Switzerland,96.57436
2009,EN_RSRV_MNWAN,Switzerland,96.72459
2010,EN_RSRV_MNWAN,Switzerland,96.72154
2014,EN_RSRV_MNWAN,Iceland,203.80783
2015,EN_RSRV_MNWAN,Iceland,204.27233
2016,EN_RSRV_MNWAN,Iceland,202.18253
2017,EN_RSRV_MNWAN,Iceland,210.66635
2018,EN_RSRV_MNWAN,Iceland,215.80822
2019,EN_RSRV_MNWAN,Iceland,219.20011
2020,EN_RSRV_MNWAN,Iceland,224.406
2021,EN_RSRV_MNWAN,Iceland,232.85517
2022,EN_RSRV_MNWAN,Iceland,233.32311
2000,EN_RSRV_MNWAN,India,5072.18309
2001,EN_RSRV_MNWAN,India,5063.59894
2002,EN_RSRV_MNWAN,India,5080.64587
2011,EN_RSRV_MNWAN,Switzerland,96.77032
2012,EN_RSRV_MNWAN,Switzerland,96.67357
2013,EN_RSRV_MNWAN,Switzerland,96.97963
2014,EN_RSRV_MNWAN,Switzerland,97.03326
2015,EN_RSRV_MNWAN,Switzerland,96.95751
2016,EN_RSRV_MNWAN,Switzerland,96.8878
2017,EN_RSRV_MNWAN,Switzerland,96.96476
2018,EN_RSRV_MNWAN,Switzerland,96.87413
2019,EN_RSRV_MNWAN,Switzerland,96.7769
2020,EN_RSRV_MNWAN,Switzerland,96.80599
2021,EN_RSRV_MNWAN,Switzerland,96.76251
2022,EN_RSRV_MNWAN,Switzerland,96.43194
2003,EN_RSRV_MNWAN,India,5304.99321
2004,EN_RSRV_MNWAN,India,5495.51983
2005,EN_RSRV_MNWAN,India,5426.56253
2006,EN_RSRV_MNWAN,India,5496.6458
2007,EN_RSRV_MNWAN,India,5664.20845
2008,EN_RSRV_MNWAN,India,5896.8365
2009,EN_RSRV_MNWAN,India,6119.02059
2010,EN_RSRV_MNWAN,India,6244.84917
2011,EN_RSRV_MNWAN,India,6292.89231
2012,EN_RSRV_MNWAN,India,6321.74212
2013,EN_RSRV_MNWAN,India,6329.49098
2014,EN_RSRV_MNWAN,India,6358.60941
2000,EN_RSRV_MNWAN,Таджикистан,389.69731
2001,EN_RSRV_MNWAN,Таджикистан,388.8414
2002,EN_RSRV_MNWAN,Таджикистан,388.71551
2003,EN_RSRV_MNWAN,Таджикистан,391.16451
2004,EN_RSRV_MNWAN,Таджикистан,391.31727
2005,EN_RSRV_MNWAN,Таджикистан,391.12496
2006,EN_RSRV_MNWAN,Таджикистан,391.5814
2007,EN_RSRV_MNWAN,Таджикистан,390.42503
2008,EN_RSRV_MNWAN,Таджикистан,389.83497
2009,EN_RSRV_MNWAN,Таджикистан,389.96715
2010,EN_RSRV_MNWAN,Таджикистан,390.71559
2011,EN_RSRV_MNWAN,Таджикистан,392.07261
2015,EN_RSRV_MNWAN,India,6550.63602
2016,EN_RSRV_MNWAN,India,6667.65173
2017,EN_RSRV_MNWAN,India,6622.90114
2018,EN_RSRV_MNWAN,India,6641.79379
2019,EN_RSRV_MNWAN,India,6612.73402
2020,EN_RSRV_MNWAN,India,6437.80025
2021,EN_RSRV_MNWAN,India,6558.57095
2022,EN_RSRV_MNWAN,India,6758.49124
2000,EN_RSRV_MNWAN,Ireland,38.28659
2001,EN_RSRV_MNWAN,Ireland,63.44875
2002,EN_RSRV_MNWAN,Ireland,89.11071
2003,EN_RSRV_MNWAN,Ireland,114.52706
2004,EN_RSRV_MNWAN,Ireland,116.83232
2005,EN_RSRV_MNWAN,Ireland,117.7286
2006,EN_RSRV_MNWAN,Ireland,116.45806
2007,EN_RSRV_MNWAN,Ireland,116.42738
2008,EN_RSRV_MNWAN,Ireland,96.23949
2009,EN_RSRV_MNWAN,Ireland,89.72073
2010,EN_RSRV_MNWAN,Ireland,100.38019
2011,EN_RSRV_MNWAN,Ireland,92.12616
2012,EN_RSRV_MNWAN,Ireland,86.9103
2013,EN_RSRV_MNWAN,Ireland,107.47389
2014,EN_RSRV_MNWAN,Ireland,113.72474
2015,EN_RSRV_MNWAN,Ireland,113.4456
2012,EN_RSRV_MNWAN,Таджикистан,394.36064
2013,EN_RSRV_MNWAN,Таджикистан,396.58434
2014,EN_RSRV_MNWAN,Таджикистан,398.1817
2015,EN_RSRV_MNWAN,Таджикистан,399.37166
2016,EN_RSRV_MNWAN,Таджикистан,406.60752
2017,EN_RSRV_MNWAN,Таджикистан,414.31112
2018,EN_RSRV_MNWAN,Таджикистан,421.26622
2019,EN_RSRV_MNWAN,Таджикистан,426.4668
2020,EN_RSRV_MNWAN,Таджикистан,432.95731
2021,EN_RSRV_MNWAN,Таджикистан,432.28906
2022,EN_RSRV_MNWAN,Таджикистан,429.91471
2000,EN_RSRV_MNWAN,United Arab Emirates,0.0
2016,EN_RSRV_MNWAN,Ireland,123.78455
2017,EN_RSRV_MNWAN,Ireland,129.33996
2018,EN_RSRV_MNWAN,Ireland,129.5894
2019,EN_RSRV_MNWAN,Ireland,129.47078
2020,EN_RSRV_MNWAN,Ireland,129.66366
2021,EN_RSRV_MNWAN,Ireland,129.33176
2022,EN_RSRV_MNWAN,Ireland,129.45732
2000,EN_RSRV_MNWAN,Israel,0.0
2001,EN_RSRV_MNWAN,Israel,0.0
2002,EN_RSRV_MNWAN,Israel,0.0
2003,EN_RSRV_MNWAN,Israel,0.0
2004,EN_RSRV_MNWAN,Israel,0.01104
2005,EN_RSRV_MNWAN,Israel,0.02285
2006,EN_RSRV_MNWAN,Israel,0.03404
2007,EN_RSRV_MNWAN,Israel,0.04447
2008,EN_RSRV_MNWAN,Israel,0.05505
2009,EN_RSRV_MNWAN,Israel,0.05336
2010,EN_RSRV_MNWAN,Israel,0.04922
2011,EN_RSRV_MNWAN,Israel,0.05014
2012,EN_RSRV_MNWAN,Israel,0.04815
2013,EN_RSRV_MNWAN,Israel,0.04892
2014,EN_RSRV_MNWAN,Israel,0.0483
2015,EN_RSRV_MNWAN,Israel,0.04524
2016,EN_RSRV_MNWAN,Israel,0.04493
2001,EN_RSRV_MNWAN,United Arab Emirates,0.0
2002,EN_RSRV_MNWAN,United Arab Emirates,0.0
2003,EN_RSRV_MNWAN,United Arab Emirates,0.0
2004,EN_RSRV_MNWAN,United Arab Emirates,0.0
2005,EN_RSRV_MNWAN,United Arab Emirates,0.0
2006,EN_RSRV_MNWAN,United Arab Emirates,0.0
2007,EN_RSRV_MNWAN,United Arab Emirates,0.0
2008,EN_RSRV_MNWAN,United Arab Emirates,0.0
2009,EN_RSRV_MNWAN,United Arab Emirates,0.0
2010,EN_RSRV_MNWAN,United Arab Emirates,0.0
2011,EN_RSRV_MNWAN,United Arab Emirates,0.0
2012,EN_RSRV_MNWAN,United Arab Emirates,0.0
2017,EN_RSRV_MNWAN,Israel,0.04907
2018,EN_RSRV_MNWAN,Israel,0.04769
2019,EN_RSRV_MNWAN,Israel,0.04999
2020,EN_RSRV_MNWAN,Israel,0.05336
2021,EN_RSRV_MNWAN,Israel,0.0529
2022,EN_RSRV_MNWAN,Israel,0.04922
2000,EN_RSRV_MNWAN,Italy,71.33731
2001,EN_RSRV_MNWAN,Italy,138.47681
2002,EN_RSRV_MNWAN,Italy,208.98536
2003,EN_RSRV_MNWAN,Italy,272.39191
2004,EN_RSRV_MNWAN,Italy,342.92348
2005,EN_RSRV_MNWAN,Italy,352.91238
2006,EN_RSRV_MNWAN,Italy,364.22976
2007,EN_RSRV_MNWAN,Italy,372.16994
2008,EN_RSRV_MNWAN,Italy,384.54364
2009,EN_RSRV_MNWAN,Italy,384.97002
2010,EN_RSRV_MNWAN,Italy,387.01859
2011,EN_RSRV_MNWAN,Italy,387.86513
2012,EN_RSRV_MNWAN,Italy,388.08423
2013,EN_RSRV_MNWAN,Italy,388.61351
2014,EN_RSRV_MNWAN,Italy,393.49432
2015,EN_RSRV_MNWAN,Italy,393.25887
2016,EN_RSRV_MNWAN,Italy,390.90719
2017,EN_RSRV_MNWAN,Italy,388.07499
2018,EN_RSRV_MNWAN,Italy,383.77187
2019,EN_RSRV_MNWAN,Italy,381.27287
2020,EN_RSRV_MNWAN,Italy,379.27558
2021,EN_RSRV_MNWAN,Italy,377.75467
2022,EN_RSRV_MNWAN,Italy,377.22688
2000,EN_RSRV_MNWAN,Japan,990.22106
2001,EN_RSRV_MNWAN,Japan,990.61844
2002,EN_RSRV_MNWAN,Japan,990.43685
2003,EN_RSRV_MNWAN,Japan,988.22581
2004,EN_RSRV_MNWAN,Japan,998.24514
2005,EN_RSRV_MNWAN,Japan,998.78094
2006,EN_RSRV_MNWAN,Japan,999.28282
2007,EN_RSRV_MNWAN,Japan,1003.91125
2008,EN_RSRV_MNWAN,Japan,1006.5738
2009,EN_RSRV_MNWAN,Japan,1004.24773
2010,EN_RSRV_MNWAN,Japan,1004.98576
2011,EN_RSRV_MNWAN,Japan,1006.26064
2012,EN_RSRV_MNWAN,Japan,1006.84564
2013,EN_RSRV_MNWAN,Japan,1007.5877
2014,EN_RSRV_MNWAN,Japan,1011.53284
2015,EN_RSRV_MNWAN,Japan,1012.66737
2016,EN_RSRV_MNWAN,Japan,1009.93073
2017,EN_RSRV_MNWAN,Japan,1008.00025
2018,EN_RSRV_MNWAN,Japan,1007.00925
2019,EN_RSRV_MNWAN,Japan,1003.65416
2020,EN_RSRV_MNWAN,Japan,997.91554
2021,EN_RSRV_MNWAN,Japan,1000.71312
2022,EN_RSRV_MNWAN,Japan,999.85978
2000,EN_RSRV_MNWAN,Казахстан,5432.45278
2001,EN_RSRV_MNWAN,Казахстан,6103.3401
2002,EN_RSRV_MNWAN,Казахстан,6099.60984
2003,EN_RSRV_MNWAN,Казахстан,6156.71028
2004,EN_RSRV_MNWAN,Казахстан,6160.80395
2005,EN_RSRV_MNWAN,Казахстан,6157.47422
2006,EN_RSRV_MNWAN,Казахстан,6165.70171
2007,EN_RSRV_MNWAN,Казахстан,6169.00048
2008,EN_RSRV_MNWAN,Казахстан,6156.81683
2009,EN_RSRV_MNWAN,Казахстан,6127.61212
2010,EN_RSRV_MNWAN,Казахстан,6097.94139
2011,EN_RSRV_MNWAN,Казахстан,6087.91339
2012,EN_RSRV_MNWAN,Казахстан,6083.7191
2013,EN_RSRV_MNWAN,Казахстан,6059.44041
2014,EN_RSRV_MNWAN,Казахстан,6063.71325
2015,EN_RSRV_MNWAN,Казахстан,6074.20676
2016,EN_RSRV_MNWAN,Казахстан,6074.94673
2017,EN_RSRV_MNWAN,Казахстан,6088.2414
2018,EN_RSRV_MNWAN,Казахстан,6118.91407
2019,EN_RSRV_MNWAN,Казахстан,6139.86124
2013,EN_RSRV_MNWAN,United Arab Emirates,0.0
2014,EN_RSRV_MNWAN,United Arab Emirates,0.0
2015,EN_RSRV_MNWAN,United Arab Emirates,0.0
2016,EN_RSRV_MNWAN,United Arab Emirates,0.0
2017,EN_RSRV_MNWAN,United Arab Emirates,0.04052
2018,EN_RSRV_MNWAN,United Arab Emirates,0.08087
2019,EN_RSRV_MNWAN,United Arab Emirates,0.12155
2020,EN_RSRV_MNWAN,United Arab Emirates,0.16125
2021,EN_RSRV_MNWAN,United Arab Emirates,0.20177
2022,EN_RSRV_MNWAN,United Arab Emirates,0.19932
2000,EN_RSRV_MNWAN,Türkiye,1259.50857
2001,EN_RSRV_MNWAN,Türkiye,1446.03645
2020,EN_RSRV_MNWAN,Казахстан,6161.19985
2021,EN_RSRV_MNWAN,Казахстан,6154.33537
2022,EN_RSRV_MNWAN,Казахстан,6122.9438
2000,EN_RSRV_MNWAN,Republic of Korea,296.86695
2001,EN_RSRV_MNWAN,Republic of Korea,299.88254
2002,EN_RSRV_MNWAN,Republic of Korea,301.54142
2003,EN_RSRV_MNWAN,Republic of Korea,304.09226
2004,EN_RSRV_MNWAN,Republic of Korea,307.43798
2005,EN_RSRV_MNWAN,Republic of Korea,311.0915
2006,EN_RSRV_MNWAN,Republic of Korea,314.33475
2007,EN_RSRV_MNWAN,Republic of Korea,318.82889
2008,EN_RSRV_MNWAN,Republic of Korea,320.93709
2009,EN_RSRV_MNWAN,Republic of Korea,319.7898
2010,EN_RSRV_MNWAN,Republic of Korea,316.00013
2011,EN_RSRV_MNWAN,Republic of Korea,317.02847
2012,EN_RSRV_MNWAN,Republic of Korea,318.28392
2013,EN_RSRV_MNWAN,Republic of Korea,318.94583
2014,EN_RSRV_MNWAN,Republic of Korea,317.93472
2015,EN_RSRV_MNWAN,Republic of Korea,320.91331
2016,EN_RSRV_MNWAN,Republic of Korea,319.07693
2017,EN_RSRV_MNWAN,Republic of Korea,317.25007
2018,EN_RSRV_MNWAN,Republic of Korea,318.05314
2019,EN_RSRV_MNWAN,Republic of Korea,321.69057
2020,EN_RSRV_MNWAN,Republic of Korea,324.02629
2002,EN_RSRV_MNWAN,Türkiye,1930.98449
2003,EN_RSRV_MNWAN,Türkiye,2444.45179
2004,EN_RSRV_MNWAN,Türkiye,2524.43847
2005,EN_RSRV_MNWAN,Türkiye,2555.21259
2006,EN_RSRV_MNWAN,Türkiye,2615.05527
2007,EN_RSRV_MNWAN,Türkiye,2672.91629
2008,EN_RSRV_MNWAN,Türkiye,2687.59296
2009,EN_RSRV_MNWAN,Türkiye,2671.91722
2010,EN_RSRV_MNWAN,Türkiye,2697.41592
2011,EN_RSRV_MNWAN,Türkiye,2756.50704
2012,EN_RSRV_MNWAN,Türkiye,2831.64527
2013,EN_RSRV_MNWAN,Türkiye,2930.96405
2021,EN_RSRV_MNWAN,Republic of Korea,329.79711
2022,EN_RSRV_MNWAN,Republic of Korea,333.61945
2000,EN_RSRV_MNWAN,Кыргызстан,286.90772
2001,EN_RSRV_MNWAN,Кыргызстан,285.42577
2002,EN_RSRV_MNWAN,Кыргызстан,285.91914
2003,EN_RSRV_MNWAN,Кыргызстан,286.92032
2004,EN_RSRV_MNWAN,Кыргызстан,286.99868
2005,EN_RSRV_MNWAN,Кыргызстан,288.63852
2006,EN_RSRV_MNWAN,Кыргызстан,291.61379
2007,EN_RSRV_MNWAN,Кыргызстан,291.80748
2008,EN_RSRV_MNWAN,Кыргызстан,291.46982
2009,EN_RSRV_MNWAN,Кыргызстан,279.87067
2010,EN_RSRV_MNWAN,Кыргызстан,273.7525
2011,EN_RSRV_MNWAN,Кыргызстан,273.54597
2012,EN_RSRV_MNWAN,Кыргызстан,274.76863
2013,EN_RSRV_MNWAN,Кыргызстан,274.8433
2014,EN_RSRV_MNWAN,Кыргызстан,282.50876
2015,EN_RSRV_MNWAN,Кыргызстан,279.59852
2016,EN_RSRV_MNWAN,Кыргызстан,272.07998
2017,EN_RSRV_MNWAN,Кыргызстан,269.57243
2018,EN_RSRV_MNWAN,Кыргызстан,272.03679
2019,EN_RSRV_MNWAN,Кыргызстан,273.72286
2020,EN_RSRV_MNWAN,Кыргызстан,278.21874
2021,EN_RSRV_MNWAN,Кыргызстан,279.71981
2014,EN_RSRV_MNWAN,Türkiye,3061.33782
2015,EN_RSRV_MNWAN,Türkiye,3106.27817
2016,EN_RSRV_MNWAN,Türkiye,3153.84283
2017,EN_RSRV_MNWAN,Türkiye,3184.38342
2018,EN_RSRV_MNWAN,Türkiye,3195.45288
2019,EN_RSRV_MNWAN,Türkiye,3178.50408
2020,EN_RSRV_MNWAN,Türkiye,3224.29808
2021,EN_RSRV_MNWAN,Türkiye,3214.85894
2022,EN_RSRV_MNWAN,Türkiye,3170.49569
2000,EN_RSRV_MNWAN,Туркменистан,130.92407
2001,EN_RSRV_MNWAN,Туркменистан,123.74801
2002,EN_RSRV_MNWAN,Туркменистан,118.12741
2003,EN_RSRV_MNWAN,Туркменистан,117.43587
2004,EN_RSRV_MNWAN,Туркменистан,117.45826
2005,EN_RSRV_MNWAN,Туркменистан,118.9226
2006,EN_RSRV_MNWAN,Туркменистан,125.48313
2007,EN_RSRV_MNWAN,Туркменистан,129.17717
2008,EN_RSRV_MNWAN,Туркменистан,132.27264
2009,EN_RSRV_MNWAN,Туркменистан,131.35829
2010,EN_RSRV_MNWAN,Туркменистан,135.79879
2011,EN_RSRV_MNWAN,Туркменистан,138.78369
2012,EN_RSRV_MNWAN,Туркменистан,143.2446
2013,EN_RSRV_MNWAN,Туркменистан,141.80723
2014,EN_RSRV_MNWAN,Туркменистан,142.49508
2022,EN_RSRV_MNWAN,Кыргызстан,273.16774
2000,EN_RSRV_MNWAN,Latvia,35.70321
2001,EN_RSRV_MNWAN,Latvia,51.06588
2002,EN_RSRV_MNWAN,Latvia,66.30356
2003,EN_RSRV_MNWAN,Latvia,76.61228
2004,EN_RSRV_MNWAN,Latvia,76.48053
2005,EN_RSRV_MNWAN,Latvia,76.55085
2006,EN_RSRV_MNWAN,Latvia,76.39617
2007,EN_RSRV_MNWAN,Latvia,76.52869
2008,EN_RSRV_MNWAN,Latvia,76.51707
2009,EN_RSRV_MNWAN,Latvia,76.42208
2010,EN_RSRV_MNWAN,Latvia,76.20596
2011,EN_RSRV_MNWAN,Latvia,76.1422
2012,EN_RSRV_MNWAN,Latvia,76.02399
2013,EN_RSRV_MNWAN,Latvia,76.16261
2014,EN_RSRV_MNWAN,Latvia,76.27021
2015,EN_RSRV_MNWAN,Latvia,76.43509
2016,EN_RSRV_MNWAN,Latvia,76.62102
2017,EN_RSRV_MNWAN,Latvia,76.7576
2018,EN_RSRV_MNWAN,Latvia,76.89956
2019,EN_RSRV_MNWAN,Latvia,76.93731
2020,EN_RSRV_MNWAN,Latvia,76.72662
2021,EN_RSRV_MNWAN,Latvia,76.72283
2022,EN_RSRV_MNWAN,Latvia,76.76291
2000,EN_RSRV_MNWAN,Liechtenstein,0.0
2001,EN_RSRV_MNWAN,Liechtenstein,0.0
2002,EN_RSRV_MNWAN,Liechtenstein,0.0
2003,EN_RSRV_MNWAN,Liechtenstein,0.0
2004,EN_RSRV_MNWAN,Liechtenstein,0.0
2005,EN_RSRV_MNWAN,Liechtenstein,0.0
2006,EN_RSRV_MNWAN,Liechtenstein,0.0
2007,EN_RSRV_MNWAN,Liechtenstein,0.0
2008,EN_RSRV_MNWAN,Liechtenstein,0.0
2009,EN_RSRV_MNWAN,Liechtenstein,0.0
2010,EN_RSRV_MNWAN,Liechtenstein,0.0
2011,EN_RSRV_MNWAN,Liechtenstein,0.0
2015,EN_RSRV_MNWAN,Туркменистан,138.7596
2016,EN_RSRV_MNWAN,Туркменистан,133.76854
2017,EN_RSRV_MNWAN,Туркменистан,130.9314
2018,EN_RSRV_MNWAN,Туркменистан,128.92169
2019,EN_RSRV_MNWAN,Туркменистан,126.51916
2020,EN_RSRV_MNWAN,Туркменистан,128.66353
2021,EN_RSRV_MNWAN,Туркменистан,130.96112
2022,EN_RSRV_MNWAN,Туркменистан,129.53265
2000,EN_RSRV_MNWAN,Ukraine,2904.48648
2001,EN_RSRV_MNWAN,Ukraine,2945.26673
2002,EN_RSRV_MNWAN,Ukraine,3328.15574
2003,EN_RSRV_MNWAN,Ukraine,3362.9528
2012,EN_RSRV_MNWAN,Liechtenstein,0.0
2013,EN_RSRV_MNWAN,Liechtenstein,0.0
2014,EN_RSRV_MNWAN,Liechtenstein,0.0
2015,EN_RSRV_MNWAN,Liechtenstein,0.0
2016,EN_RSRV_MNWAN,Liechtenstein,0.0
2017,EN_RSRV_MNWAN,Liechtenstein,0.0
2018,EN_RSRV_MNWAN,Liechtenstein,0.0
2019,EN_RSRV_MNWAN,Liechtenstein,0.0
2020,EN_RSRV_MNWAN,Liechtenstein,0.0
2021,EN_RSRV_MNWAN,Liechtenstein,0.0
2022,EN_RSRV_MNWAN,Liechtenstein,0.0
2000,EN_RSRV_MNWAN,Lithuania,29.87692
2004,EN_RSRV_MNWAN,Ukraine,3832.69858
2005,EN_RSRV_MNWAN,Ukraine,3829.24949
2006,EN_RSRV_MNWAN,Ukraine,3824.65275
2007,EN_RSRV_MNWAN,Ukraine,3823.93464
2008,EN_RSRV_MNWAN,Ukraine,3823.0988
2009,EN_RSRV_MNWAN,Ukraine,3819.45062
2010,EN_RSRV_MNWAN,Ukraine,3814.43213
2011,EN_RSRV_MNWAN,Ukraine,3809.21714
2012,EN_RSRV_MNWAN,Ukraine,3801.53762
2013,EN_RSRV_MNWAN,Ukraine,3793.72951
2014,EN_RSRV_MNWAN,Ukraine,3789.48537
2015,EN_RSRV_MNWAN,Ukraine,3788.44014
2001,EN_RSRV_MNWAN,Lithuania,40.26122
2002,EN_RSRV_MNWAN,Lithuania,50.5718
2003,EN_RSRV_MNWAN,Lithuania,51.69575
2004,EN_RSRV_MNWAN,Lithuania,51.6457
2005,EN_RSRV_MNWAN,Lithuania,51.61522
2006,EN_RSRV_MNWAN,Lithuania,51.55879
2007,EN_RSRV_MNWAN,Lithuania,51.6165
2008,EN_RSRV_MNWAN,Lithuania,51.7387
2009,EN_RSRV_MNWAN,Lithuania,51.661
2010,EN_RSRV_MNWAN,Lithuania,51.64491
2011,EN_RSRV_MNWAN,Lithuania,51.62208
2012,EN_RSRV_MNWAN,Lithuania,51.54942
2013,EN_RSRV_MNWAN,Lithuania,51.44466
2014,EN_RSRV_MNWAN,Lithuania,51.47478
2015,EN_RSRV_MNWAN,Lithuania,51.4669
2016,EN_RSRV_MNWAN,Lithuania,51.49345
2017,EN_RSRV_MNWAN,Lithuania,51.52657
2018,EN_RSRV_MNWAN,Lithuania,51.58982
2019,EN_RSRV_MNWAN,Lithuania,51.6074
2020,EN_RSRV_MNWAN,Lithuania,51.62593
2021,EN_RSRV_MNWAN,Lithuania,51.63922
2022,EN_RSRV_MNWAN,Lithuania,51.62545
2000,EN_RSRV_MNWAN,Luxembourg,0.84711
2001,EN_RSRV_MNWAN,Luxembourg,1.14364
2016,EN_RSRV_MNWAN,Ukraine,3787.72284
2017,EN_RSRV_MNWAN,Ukraine,3786.50029
2018,EN_RSRV_MNWAN,Ukraine,3789.98058
2019,EN_RSRV_MNWAN,Ukraine,3788.73942
2020,EN_RSRV_MNWAN,Ukraine,3784.55797
2021,EN_RSRV_MNWAN,Ukraine,3781.14596
2022,EN_RSRV_MNWAN,Ukraine,3775.79678
2000,EN_RSRV_MNWAN,North Macedonia,7.76559
2001,EN_RSRV_MNWAN,North Macedonia,15.43824
2002,EN_RSRV_MNWAN,North Macedonia,22.49093
2003,EN_RSRV_MNWAN,North Macedonia,29.70439
2004,EN_RSRV_MNWAN,North Macedonia,37.65053
2002,EN_RSRV_MNWAN,Luxembourg,1.39213
2003,EN_RSRV_MNWAN,Luxembourg,1.3688
2004,EN_RSRV_MNWAN,Luxembourg,1.36218
2005,EN_RSRV_MNWAN,Luxembourg,1.39561
2006,EN_RSRV_MNWAN,Luxembourg,1.38957
2007,EN_RSRV_MNWAN,Luxembourg,1.43031
2008,EN_RSRV_MNWAN,Luxembourg,1.4353
2009,EN_RSRV_MNWAN,Luxembourg,1.43611
2010,EN_RSRV_MNWAN,Luxembourg,1.4288
2011,EN_RSRV_MNWAN,Luxembourg,1.42973
2012,EN_RSRV_MNWAN,Luxembourg,1.4158
2013,EN_RSRV_MNWAN,Luxembourg,1.42834
2014,EN_RSRV_MNWAN,Luxembourg,1.43588
2015,EN_RSRV_MNWAN,Luxembourg,1.44331
2016,EN_RSRV_MNWAN,Luxembourg,1.41673
2017,EN_RSRV_MNWAN,Luxembourg,1.44389
2018,EN_RSRV_MNWAN,Luxembourg,1.42242
2019,EN_RSRV_MNWAN,Luxembourg,1.43576
2020,EN_RSRV_MNWAN,Luxembourg,1.44493
2021,EN_RSRV_MNWAN,Luxembourg,1.44841
2022,EN_RSRV_MNWAN,Luxembourg,1.37646
2000,EN_RSRV_MNWAN,Malta,0.0
2001,EN_RSRV_MNWAN,Malta,0.0
2002,EN_RSRV_MNWAN,Malta,0.0
2003,EN_RSRV_MNWAN,Malta,0.0
2004,EN_RSRV_MNWAN,Malta,0.0
2005,EN_RSRV_MNWAN,Malta,0.0
2006,EN_RSRV_MNWAN,Malta,0.0
2007,EN_RSRV_MNWAN,Malta,0.0
2008,EN_RSRV_MNWAN,Malta,0.0
2009,EN_RSRV_MNWAN,Malta,0.0
2010,EN_RSRV_MNWAN,Malta,0.0
2011,EN_RSRV_MNWAN,Malta,0.0
2012,EN_RSRV_MNWAN,Malta,0.0
2013,EN_RSRV_MNWAN,Malta,0.0
2014,EN_RSRV_MNWAN,Malta,0.0
2005,EN_RSRV_MNWAN,North Macedonia,39.27569
2006,EN_RSRV_MNWAN,North Macedonia,41.19267
2007,EN_RSRV_MNWAN,North Macedonia,43.71827
2008,EN_RSRV_MNWAN,North Macedonia,45.58533
2009,EN_RSRV_MNWAN,North Macedonia,46.5208
2010,EN_RSRV_MNWAN,North Macedonia,46.84249
2011,EN_RSRV_MNWAN,North Macedonia,47.00734
2012,EN_RSRV_MNWAN,North Macedonia,46.95406
2013,EN_RSRV_MNWAN,North Macedonia,47.15098
2014,EN_RSRV_MNWAN,North Macedonia,47.71248
2015,EN_RSRV_MNWAN,North Macedonia,47.28716
2016,EN_RSRV_MNWAN,North Macedonia,47.11813
2015,EN_RSRV_MNWAN,Malta,0.0
2016,EN_RSRV_MNWAN,Malta,0.0
2017,EN_RSRV_MNWAN,Malta,0.0
2018,EN_RSRV_MNWAN,Malta,0.0
2019,EN_RSRV_MNWAN,Malta,0.0
2020,EN_RSRV_MNWAN,Malta,0.0
2021,EN_RSRV_MNWAN,Malta,0.0
2022,EN_RSRV_MNWAN,Malta,0.0
2000,EN_RSRV_MNWAN,Mexico,2687.47675
2001,EN_RSRV_MNWAN,Mexico,2683.95776
2002,EN_RSRV_MNWAN,Mexico,2668.70425
2003,EN_RSRV_MNWAN,Mexico,2571.09191
2004,EN_RSRV_MNWAN,Mexico,2551.92585
2005,EN_RSRV_MNWAN,Mexico,2626.82315
2006,EN_RSRV_MNWAN,Mexico,2771.57099
2007,EN_RSRV_MNWAN,Mexico,2897.89407
2008,EN_RSRV_MNWAN,Mexico,3081.9432
2009,EN_RSRV_MNWAN,Mexico,3257.66997
2010,EN_RSRV_MNWAN,Mexico,3372.88404
2011,EN_RSRV_MNWAN,Mexico,3421.19843
2012,EN_RSRV_MNWAN,Mexico,3492.64766
2013,EN_RSRV_MNWAN,Mexico,3455.88105
2014,EN_RSRV_MNWAN,Mexico,3364.3013
2015,EN_RSRV_MNWAN,Mexico,3349.23297
2017,EN_RSRV_MNWAN,North Macedonia,47.50197
2018,EN_RSRV_MNWAN,North Macedonia,47.39804
2019,EN_RSRV_MNWAN,North Macedonia,47.98893
2020,EN_RSRV_MNWAN,North Macedonia,47.65402
2021,EN_RSRV_MNWAN,North Macedonia,46.60704
2022,EN_RSRV_MNWAN,North Macedonia,44.88488
2000,EN_RSRV_MNWAN,United Kingdom of Great Britain and Northern Ireland,136.08491
2001,EN_RSRV_MNWAN,United Kingdom of Great Britain and Northern Ireland,204.28769
2002,EN_RSRV_MNWAN,United Kingdom of Great Britain and Northern Ireland,268.54301
2003,EN_RSRV_MNWAN,United Kingdom of Great Britain and Northern Ireland,316.12352
2004,EN_RSRV_MNWAN,United Kingdom of Great Britain and Northern Ireland,324.18625
2016,EN_RSRV_MNWAN,Mexico,3359.15106
2017,EN_RSRV_MNWAN,Mexico,3348.19898
2018,EN_RSRV_MNWAN,Mexico,3411.03775
2019,EN_RSRV_MNWAN,Mexico,3499.02153
2020,EN_RSRV_MNWAN,Mexico,3449.92368
2021,EN_RSRV_MNWAN,Mexico,3358.24954
2022,EN_RSRV_MNWAN,Mexico,3236.92539
2000,EN_RSRV_MNWAN,Republic of Moldova,56.86636
2001,EN_RSRV_MNWAN,Republic of Moldova,55.82644
2002,EN_RSRV_MNWAN,Republic of Moldova,63.54594
2003,EN_RSRV_MNWAN,Republic of Moldova,63.13415
2004,EN_RSRV_MNWAN,Republic of Moldova,62.64391
2005,EN_RSRV_MNWAN,Republic of Moldova,62.27208
2006,EN_RSRV_MNWAN,Republic of Moldova,62.9271
2007,EN_RSRV_MNWAN,Republic of Moldova,62.88589
2008,EN_RSRV_MNWAN,Republic of Moldova,62.78427
2009,EN_RSRV_MNWAN,Republic of Moldova,63.37077
2010,EN_RSRV_MNWAN,Republic of Moldova,63.51547
2011,EN_RSRV_MNWAN,Republic of Moldova,63.39368
2012,EN_RSRV_MNWAN,Republic of Moldova,63.09232
2013,EN_RSRV_MNWAN,Republic of Moldova,62.75261
2014,EN_RSRV_MNWAN,Republic of Moldova,62.70455
2015,EN_RSRV_MNWAN,Republic of Moldova,62.77656
2016,EN_RSRV_MNWAN,Republic of Moldova,61.57327
2005,EN_RSRV_MNWAN,United Kingdom of Great Britain and Northern Ireland,314.05714
2006,EN_RSRV_MNWAN,United Kingdom of Great Britain and Northern Ireland,261.05143
2007,EN_RSRV_MNWAN,United Kingdom of Great Britain and Northern Ireland,230.03004
2008,EN_RSRV_MNWAN,United Kingdom of Great Britain and Northern Ireland,188.58115
2009,EN_RSRV_MNWAN,United Kingdom of Great Britain and Northern Ireland,144.87201
2010,EN_RSRV_MNWAN,United Kingdom of Great Britain and Northern Ireland,164.95409
2011,EN_RSRV_MNWAN,United Kingdom of Great Britain and Northern Ireland,202.81296
2012,EN_RSRV_MNWAN,United Kingdom of Great Britain and Northern Ireland,238.12932
2013,EN_RSRV_MNWAN,United Kingdom of Great Britain and Northern Ireland,273.34094
2014,EN_RSRV_MNWAN,United Kingdom of Great Britain and Northern Ireland,317.38385
2015,EN_RSRV_MNWAN,United Kingdom of Great Britain and Northern Ireland,318.63914
2017,EN_RSRV_MNWAN,Republic of Moldova,61.59915
2018,EN_RSRV_MNWAN,Republic of Moldova,61.67706
2019,EN_RSRV_MNWAN,Republic of Moldova,61.53319
2020,EN_RSRV_MNWAN,Republic of Moldova,61.26432
2021,EN_RSRV_MNWAN,Republic of Moldova,62.14833
2022,EN_RSRV_MNWAN,Republic of Moldova,62.04411
2000,EN_RSRV_MNWAN,Montenegro,3.73206
2001,EN_RSRV_MNWAN,Montenegro,7.24836
2002,EN_RSRV_MNWAN,Montenegro,11.35423
2003,EN_RSRV_MNWAN,Montenegro,15.55519
2004,EN_RSRV_MNWAN,Montenegro,19.23577
2005,EN_RSRV_MNWAN,Montenegro,19.68938
2006,EN_RSRV_MNWAN,Montenegro,20.3948
2007,EN_RSRV_MNWAN,Montenegro,20.42521
2008,EN_RSRV_MNWAN,Montenegro,20.25857
2009,EN_RSRV_MNWAN,Montenegro,20.61473
2010,EN_RSRV_MNWAN,Montenegro,20.6346
2011,EN_RSRV_MNWAN,Montenegro,20.58927
2012,EN_RSRV_MNWAN,Montenegro,20.3447
2013,EN_RSRV_MNWAN,Montenegro,20.3032
2014,EN_RSRV_MNWAN,Montenegro,20.44783
2015,EN_RSRV_MNWAN,Montenegro,20.45308
2016,EN_RSRV_MNWAN,Montenegro,20.34756
2017,EN_RSRV_MNWAN,Montenegro,20.59414
2016,EN_RSRV_MNWAN,United Kingdom of Great Britain and Northern Ireland,334.08306
2017,EN_RSRV_MNWAN,United Kingdom of Great Britain and Northern Ireland,333.59531
2018,EN_RSRV_MNWAN,United Kingdom of Great Britain and Northern Ireland,338.92638
2019,EN_RSRV_MNWAN,United Kingdom of Great Britain and Northern Ireland,337.21473
2020,EN_RSRV_MNWAN,United Kingdom of Great Britain and Northern Ireland,333.42043
2021,EN_RSRV_MNWAN,United Kingdom of Great Britain and Northern Ireland,331.90319
2022,EN_RSRV_MNWAN,United Kingdom of Great Britain and Northern Ireland,329.11974
2000,EN_RSRV_MNWAN,Узбекистан,165.35369
2001,EN_RSRV_MNWAN,Узбекистан,153.80811
2002,EN_RSRV_MNWAN,Узбекистан,150.63504
2003,EN_RSRV_MNWAN,Узбекистан,152.5264
2004,EN_RSRV_MNWAN,Узбекистан,152.95875
2005,EN_RSRV_MNWAN,Узбекистан,153.72051
2006,EN_RSRV_MNWAN,Узбекистан,164.38633
2007,EN_RSRV_MNWAN,Узбекистан,167.61356
2008,EN_RSRV_MNWAN,Узбекистан,165.99914
2009,EN_RSRV_MNWAN,Узбекистан,158.85807
2010,EN_RSRV_MNWAN,Узбекистан,160.32093
2011,EN_RSRV_MNWAN,Узбекистан,160.9837
2012,EN_RSRV_MNWAN,Узбекистан,163.55358
2013,EN_RSRV_MNWAN,Узбекистан,166.32272
2014,EN_RSRV_MNWAN,Узбекистан,170.65395
2015,EN_RSRV_MNWAN,Узбекистан,164.43186
2018,EN_RSRV_MNWAN,Montenegro,20.43363
2019,EN_RSRV_MNWAN,Montenegro,20.47228
2020,EN_RSRV_MNWAN,Montenegro,20.28685
2021,EN_RSRV_MNWAN,Montenegro,20.44025
2022,EN_RSRV_MNWAN,Montenegro,20.46672
2000,EN_RSRV_MNWAN,New Zealand,221.51297
2001,EN_RSRV_MNWAN,New Zealand,443.69272
2002,EN_RSRV_MNWAN,New Zealand,665.42597
2003,EN_RSRV_MNWAN,New Zealand,887.31933
2004,EN_RSRV_MNWAN,New Zealand,1108.42712
2005,EN_RSRV_MNWAN,New Zealand,1108.75868
2006,EN_RSRV_MNWAN,New Zealand,1108.43018
2007,EN_RSRV_MNWAN,New Zealand,1108.46803
2008,EN_RSRV_MNWAN,New Zealand,1107.97502
2009,EN_RSRV_MNWAN,New Zealand,1108.07893
2010,EN_RSRV_MNWAN,New Zealand,1108.14976
2011,EN_RSRV_MNWAN,New Zealand,1108.57945
2012,EN_RSRV_MNWAN,New Zealand,1108.92455
2013,EN_RSRV_MNWAN,New Zealand,1107.49781
2014,EN_RSRV_MNWAN,New Zealand,1108.27653
2015,EN_RSRV_MNWAN,New Zealand,1108.16115
2016,EN_RSRV_MNWAN,New Zealand,1106.49522
2017,EN_RSRV_MNWAN,New Zealand,1106.7699
2018,EN_RSRV_MNWAN,New Zealand,1108.7823
2019,EN_RSRV_MNWAN,New Zealand,1108.42846
2020,EN_RSRV_MNWAN,New Zealand,1108.44433
2021,EN_RSRV_MNWAN,New Zealand,1110.09451
2022,EN_RSRV_MNWAN,New Zealand,1109.8999
2000,EN_RSRV_MNWAN,Norway,798.9699
2001,EN_RSRV_MNWAN,Norway,1146.20703
2002,EN_RSRV_MNWAN,Norway,1488.33155
2003,EN_RSRV_MNWAN,Norway,1720.76926
2004,EN_RSRV_MNWAN,Norway,1709.70624
2005,EN_RSRV_MNWAN,Norway,1706.43186
2006,EN_RSRV_MNWAN,Norway,1704.82628
2007,EN_RSRV_MNWAN,Norway,1693.80711
2008,EN_RSRV_MNWAN,Norway,1675.60357
2009,EN_RSRV_MNWAN,Norway,1637.61936
2010,EN_RSRV_MNWAN,Norway,1629.58193
2011,EN_RSRV_MNWAN,Norway,1620.7453
2012,EN_RSRV_MNWAN,Norway,1630.86495
2013,EN_RSRV_MNWAN,Norway,1587.39699
2014,EN_RSRV_MNWAN,Norway,1646.38348
2015,EN_RSRV_MNWAN,Norway,1661.88296
2016,EN_RSRV_MNWAN,Norway,1666.91487
2017,EN_RSRV_MNWAN,Norway,1665.13716
2018,EN_RSRV_MNWAN,Norway,1714.20247
2019,EN_RSRV_MNWAN,Norway,1700.95156
2020,EN_RSRV_MNWAN,Norway,1692.38021
2021,EN_RSRV_MNWAN,Norway,1692.86318
2022,EN_RSRV_MNWAN,Norway,1686.32097
2000,EN_RSRV_MNWAN,Poland,101.2409
2001,EN_RSRV_MNWAN,Poland,157.85174
2002,EN_RSRV_MNWAN,Poland,214.64885
2003,EN_RSRV_MNWAN,Poland,254.74531
2004,EN_RSRV_MNWAN,Poland,276.52027
2005,EN_RSRV_MNWAN,Poland,277.59913
2006,EN_RSRV_MNWAN,Poland,278.02539
2007,EN_RSRV_MNWAN,Poland,279.01578
2008,EN_RSRV_MNWAN,Poland,282.38038
2009,EN_RSRV_MNWAN,Poland,286.97072
2010,EN_RSRV_MNWAN,Poland,289.34628
2011,EN_RSRV_MNWAN,Poland,291.62732
2012,EN_RSRV_MNWAN,Poland,291.9915
2013,EN_RSRV_MNWAN,Poland,292.03935
2014,EN_RSRV_MNWAN,Poland,292.38835
2015,EN_RSRV_MNWAN,Poland,292.66934
2016,EN_RSRV_MNWAN,Poland,290.81989
2017,EN_RSRV_MNWAN,Poland,291.61609
2018,EN_RSRV_MNWAN,Poland,292.54247
2019,EN_RSRV_MNWAN,Poland,292.04727
2020,EN_RSRV_MNWAN,Poland,290.69482
2021,EN_RSRV_MNWAN,Poland,290.46748
2022,EN_RSRV_MNWAN,Poland,288.90631
2000,EN_RSRV_MNWAN,Portugal,41.74806
2001,EN_RSRV_MNWAN,Portugal,83.14819
2002,EN_RSRV_MNWAN,Portugal,130.48663
2003,EN_RSRV_MNWAN,Portugal,177.73701
2004,EN_RSRV_MNWAN,Portugal,238.13249
2005,EN_RSRV_MNWAN,Portugal,271.44411
2006,EN_RSRV_MNWAN,Portugal,298.68791
2007,EN_RSRV_MNWAN,Portugal,321.53797
2008,EN_RSRV_MNWAN,Portugal,351.34611
2009,EN_RSRV_MNWAN,Portugal,367.21904
2010,EN_RSRV_MNWAN,Portugal,365.37931
2011,EN_RSRV_MNWAN,Portugal,379.07578
2012,EN_RSRV_MNWAN,Portugal,389.14655
2013,EN_RSRV_MNWAN,Portugal,383.88185
2014,EN_RSRV_MNWAN,Portugal,391.34579
2015,EN_RSRV_MNWAN,Portugal,401.50429
2016,EN_RSRV_MNWAN,Portugal,397.31121
2017,EN_RSRV_MNWAN,Portugal,398.50019
2018,EN_RSRV_MNWAN,Portugal,403.92098
2019,EN_RSRV_MNWAN,Portugal,403.94489
2020,EN_RSRV_MNWAN,Portugal,396.45625
2021,EN_RSRV_MNWAN,Portugal,393.45231
2019,EN_RSRV_MNWAN,Chile,211.23439
2020,EN_RSRV_MNWAN,Chile,218.09117
2021,EN_RSRV_MNWAN,Chile,220.10535
2022,EN_RSRV_MNWAN,Chile,218.60309
2022,EN_RSRV_MNWAN,Portugal,396.90244
2000,EN_RSRV_MNWAN,Romania,163.4919
2001,EN_RSRV_MNWAN,Romania,204.8423
2002,EN_RSRV_MNWAN,Romania,278.92075
2003,EN_RSRV_MNWAN,Romania,352.6943
2004,EN_RSRV_MNWAN,Romania,425.58402
2016,EN_RSRV_MNWAN,Узбекистан,162.08854
2017,EN_RSRV_MNWAN,Узбекистан,166.15605
2018,EN_RSRV_MNWAN,Узбекистан,162.49322
2019,EN_RSRV_MNWAN,Узбекистан,160.11889
2020,EN_RSRV_MNWAN,Узбекистан,164.70161
2021,EN_RSRV_MNWAN,Узбекистан,166.5408
2022,EN_RSRV_MNWAN,Узбекистан,162.3618
2022,EN_RSRV_MNWAN,Узбекистан,162.3618
