Year,SeriesCode,Страна ,Value
2000,EN_LKRV_SWAP,Belgium,0.00026
2001,EN_LKRV_SWAP,Belgium,0.00036
2002,EN_LKRV_SWAP,Belgium,0.0005
2003,EN_LKRV_SWAP,Belgium,0.00059
2004,EN_LKRV_SWAP,Belgium,0.00069
2005,EN_LKRV_SWAP,Belgium,0.00082
2006,EN_LKRV_SWAP,Belgium,0.00094
2007,EN_LKRV_SWAP,Belgium,0.00101
2008,EN_LKRV_SWAP,Belgium,0.00101
2009,EN_LKRV_SWAP,Belgium,0.0009
2010,EN_LKRV_SWAP,Belgium,0.00093
2011,EN_LKRV_SWAP,Belgium,0.00087
2012,EN_LKRV_SWAP,Belgium,0.00083
2013,EN_LKRV_SWAP,Belgium,0.00082
2014,EN_LKRV_SWAP,Belgium,0.00093
2015,EN_LKRV_SWAP,Belgium,0.00096
2016,EN_LKRV_SWAP,Belgium,0.00103
2017,EN_LKRV_SWAP,Belgium,0.00111
2018,EN_LKRV_SWAP,Belgium,0.00126
2019,EN_LKRV_SWAP,Belgium,0.00133
2020,EN_LKRV_SWAP,Belgium,0.00134
2021,EN_LKRV_SWAP,Belgium,0.00151
2022,EN_LKRV_SWAP,Belgium,0.00167
2000,EN_LKRV_SWAP,Bosnia and Herzegovina,9e-05
2001,EN_LKRV_SWAP,Bosnia and Herzegovina,0.00031
2002,EN_LKRV_SWAP,Bosnia and Herzegovina,0.00072
2003,EN_LKRV_SWAP,Bosnia and Herzegovina,0.00099
2004,EN_LKRV_SWAP,Bosnia and Herzegovina,0.00122
2005,EN_LKRV_SWAP,Bosnia and Herzegovina,0.00158
2006,EN_LKRV_SWAP,Bosnia and Herzegovina,0.00184
2007,EN_LKRV_SWAP,Bosnia and Herzegovina,0.00181
2008,EN_LKRV_SWAP,Bosnia and Herzegovina,0.00183
2009,EN_LKRV_SWAP,Bosnia and Herzegovina,0.00199
2010,EN_LKRV_SWAP,Bosnia and Herzegovina,0.00186
2011,EN_LKRV_SWAP,Bosnia and Herzegovina,0.00186
2012,EN_LKRV_SWAP,Bosnia and Herzegovina,0.00167
2013,EN_LKRV_SWAP,Bosnia and Herzegovina,0.00163
2014,EN_LKRV_SWAP,Bosnia and Herzegovina,0.00177
2015,EN_LKRV_SWAP,Bosnia and Herzegovina,0.0019
2016,EN_LKRV_SWAP,Bosnia and Herzegovina,0.0017
2017,EN_LKRV_SWAP,Bosnia and Herzegovina,0.00193
2018,EN_LKRV_SWAP,Bosnia and Herzegovina,0.00202
2019,EN_LKRV_SWAP,Bosnia and Herzegovina,0.00202
2020,EN_LKRV_SWAP,Bosnia and Herzegovina,0.00185
2021,EN_LKRV_SWAP,Bosnia and Herzegovina,0.00184
2022,EN_LKRV_SWAP,Bosnia and Herzegovina,0.00177
2000,EN_LKRV_SWAP,Bulgaria,9e-05
2001,EN_LKRV_SWAP,Bulgaria,0.00028
2002,EN_LKRV_SWAP,Bulgaria,0.00044
2003,EN_LKRV_SWAP,Bulgaria,0.00061
2004,EN_LKRV_SWAP,Bulgaria,0.00085
2005,EN_LKRV_SWAP,Bulgaria,0.00094
2006,EN_LKRV_SWAP,Bulgaria,0.00096
2007,EN_LKRV_SWAP,Bulgaria,0.00103
2008,EN_LKRV_SWAP,Bulgaria,0.00107
2009,EN_LKRV_SWAP,Bulgaria,0.00104
2010,EN_LKRV_SWAP,Bulgaria,0.00105
2011,EN_LKRV_SWAP,Bulgaria,0.00106
2012,EN_LKRV_SWAP,Bulgaria,0.00104
2013,EN_LKRV_SWAP,Bulgaria,0.00108
2014,EN_LKRV_SWAP,Bulgaria,0.00109
2015,EN_LKRV_SWAP,Bulgaria,0.00112
2016,EN_LKRV_SWAP,Bulgaria,0.00114
2017,EN_LKRV_SWAP,Bulgaria,0.0012
2018,EN_LKRV_SWAP,Bulgaria,0.00119
2019,EN_LKRV_SWAP,Bulgaria,0.00128
2020,EN_LKRV_SWAP,Bulgaria,0.00131
2021,EN_LKRV_SWAP,Bulgaria,0.0013
2022,EN_LKRV_SWAP,Bulgaria,0.00132
2000,EN_LKRV_SWAP,Canada,0.00805
2001,EN_LKRV_SWAP,Canada,0.00792
2002,EN_LKRV_SWAP,Canada,0.00788
2003,EN_LKRV_SWAP,Canada,0.00777
2004,EN_LKRV_SWAP,Canada,0.00775
2005,EN_LKRV_SWAP,Canada,0.0078
2006,EN_LKRV_SWAP,Canada,0.00816
2007,EN_LKRV_SWAP,Canada,0.00841
2008,EN_LKRV_SWAP,Canada,0.00864
2009,EN_LKRV_SWAP,Canada,0.00895
2010,EN_LKRV_SWAP,Canada,0.00895
2011,EN_LKRV_SWAP,Canada,0.00889
2012,EN_LKRV_SWAP,Canada,0.00893
2000,EN_LKRV_SWAP,New Zealand,0.00032
2001,EN_LKRV_SWAP,New Zealand,0.00068
2002,EN_LKRV_SWAP,New Zealand,0.00103
2003,EN_LKRV_SWAP,New Zealand,0.00141
2004,EN_LKRV_SWAP,New Zealand,0.00181
2005,EN_LKRV_SWAP,New Zealand,0.0019
2006,EN_LKRV_SWAP,New Zealand,0.00197
2007,EN_LKRV_SWAP,New Zealand,0.0021
2008,EN_LKRV_SWAP,New Zealand,0.00212
2009,EN_LKRV_SWAP,New Zealand,0.00211
2010,EN_LKRV_SWAP,New Zealand,0.00206
2011,EN_LKRV_SWAP,New Zealand,0.00203
2012,EN_LKRV_SWAP,New Zealand,0.00194
2013,EN_LKRV_SWAP,New Zealand,0.00187
2014,EN_LKRV_SWAP,New Zealand,0.00193
2015,EN_LKRV_SWAP,New Zealand,0.00205
2016,EN_LKRV_SWAP,New Zealand,0.0022
2017,EN_LKRV_SWAP,New Zealand,0.0022
2018,EN_LKRV_SWAP,New Zealand,0.00227
2019,EN_LKRV_SWAP,New Zealand,0.00223
2020,EN_LKRV_SWAP,New Zealand,0.00219
2021,EN_LKRV_SWAP,New Zealand,0.00209
2013,EN_LKRV_SWAP,Canada,0.00843
2014,EN_LKRV_SWAP,Canada,0.00853
2015,EN_LKRV_SWAP,Canada,0.00855
2016,EN_LKRV_SWAP,Canada,0.00862
2017,EN_LKRV_SWAP,Canada,0.00885
2018,EN_LKRV_SWAP,Canada,0.00978
2019,EN_LKRV_SWAP,Canada,0.01001
2020,EN_LKRV_SWAP,Canada,0.01031
2021,EN_LKRV_SWAP,Canada,0.01081
2022,EN_LKRV_SWAP,Canada,0.01104
2000,EN_LKRV_SWAP,Chile,0.001
2001,EN_LKRV_SWAP,Chile,0.00123
2022,EN_LKRV_SWAP,New Zealand,0.00222
2000,EN_LKRV_SWAP,Norway,0.00047
2001,EN_LKRV_SWAP,Norway,0.00081
2002,EN_LKRV_SWAP,Norway,0.00113
2003,EN_LKRV_SWAP,Norway,0.00145
2004,EN_LKRV_SWAP,Norway,0.00136
2005,EN_LKRV_SWAP,Norway,0.00156
2006,EN_LKRV_SWAP,Norway,0.00156
2007,EN_LKRV_SWAP,Norway,0.00163
2008,EN_LKRV_SWAP,Norway,0.00154
2009,EN_LKRV_SWAP,Norway,0.0015
2010,EN_LKRV_SWAP,Norway,0.00146
2002,EN_LKRV_SWAP,Chile,0.0015
2003,EN_LKRV_SWAP,Chile,0.00173
2004,EN_LKRV_SWAP,Chile,0.00169
2005,EN_LKRV_SWAP,Chile,0.00164
2006,EN_LKRV_SWAP,Chile,0.00168
2007,EN_LKRV_SWAP,Chile,0.00165
2008,EN_LKRV_SWAP,Chile,0.00164
2009,EN_LKRV_SWAP,Chile,0.00169
2010,EN_LKRV_SWAP,Chile,0.00167
2011,EN_LKRV_SWAP,Chile,0.00162
2012,EN_LKRV_SWAP,Chile,0.00162
2013,EN_LKRV_SWAP,Chile,0.00159
2000,EN_LKRV_SWAP,Albania,0.00014
2001,EN_LKRV_SWAP,Albania,0.00069
2002,EN_LKRV_SWAP,Albania,0.00119
2003,EN_LKRV_SWAP,Albania,0.00163
2004,EN_LKRV_SWAP,Albania,0.00228
2005,EN_LKRV_SWAP,Albania,0.00272
2006,EN_LKRV_SWAP,Albania,0.00264
2007,EN_LKRV_SWAP,Albania,0.00278
2008,EN_LKRV_SWAP,Albania,0.00289
2009,EN_LKRV_SWAP,Albania,0.00281
2010,EN_LKRV_SWAP,Albania,0.0028
2011,EN_LKRV_SWAP,Albania,0.00299
2011,EN_LKRV_SWAP,Norway,0.00141
2012,EN_LKRV_SWAP,Norway,0.00139
2013,EN_LKRV_SWAP,Norway,0.00131
2014,EN_LKRV_SWAP,Norway,0.0015
2015,EN_LKRV_SWAP,Norway,0.00155
2016,EN_LKRV_SWAP,Norway,0.00168
2017,EN_LKRV_SWAP,Norway,0.00193
2018,EN_LKRV_SWAP,Norway,0.00232
2019,EN_LKRV_SWAP,Norway,0.00257
2020,EN_LKRV_SWAP,Norway,0.00341
2021,EN_LKRV_SWAP,Norway,0.0039
2022,EN_LKRV_SWAP,Norway,0.00437
2014,EN_LKRV_SWAP,Chile,0.0016
2015,EN_LKRV_SWAP,Chile,0.00162
2016,EN_LKRV_SWAP,Chile,0.00182
2017,EN_LKRV_SWAP,Chile,0.00193
2018,EN_LKRV_SWAP,Chile,0.00209
2019,EN_LKRV_SWAP,Chile,0.0022
2020,EN_LKRV_SWAP,Chile,0.00229
2021,EN_LKRV_SWAP,Chile,0.00234
2022,EN_LKRV_SWAP,Chile,0.00251
2000,EN_LKRV_SWAP,China,0.00378
2001,EN_LKRV_SWAP,China,0.0043
2002,EN_LKRV_SWAP,China,0.00475
2012,EN_LKRV_SWAP,Albania,0.00297
2013,EN_LKRV_SWAP,Albania,0.00296
2014,EN_LKRV_SWAP,Albania,0.00304
2015,EN_LKRV_SWAP,Albania,0.00304
2016,EN_LKRV_SWAP,Albania,0.00304
2017,EN_LKRV_SWAP,Albania,0.00314
2018,EN_LKRV_SWAP,Albania,0.00328
2019,EN_LKRV_SWAP,Albania,0.00335
2020,EN_LKRV_SWAP,Albania,0.00339
2021,EN_LKRV_SWAP,Albania,0.00352
2022,EN_LKRV_SWAP,Albania,0.00364
2000,EN_LKRV_SWAP,Azerbaijan,0.00357
2003,EN_LKRV_SWAP,China,0.00573
2004,EN_LKRV_SWAP,China,0.0065
2005,EN_LKRV_SWAP,China,0.00704
2006,EN_LKRV_SWAP,China,0.0071
2007,EN_LKRV_SWAP,China,0.00701
2008,EN_LKRV_SWAP,China,0.00685
2009,EN_LKRV_SWAP,China,0.00676
2010,EN_LKRV_SWAP,China,0.00661
2011,EN_LKRV_SWAP,China,0.00649
2012,EN_LKRV_SWAP,China,0.00636
2013,EN_LKRV_SWAP,China,0.00616
2014,EN_LKRV_SWAP,China,0.00627
2001,EN_LKRV_SWAP,Azerbaijan,0.00547
2002,EN_LKRV_SWAP,Azerbaijan,0.00681
2003,EN_LKRV_SWAP,Azerbaijan,0.00825
2004,EN_LKRV_SWAP,Azerbaijan,0.00851
2005,EN_LKRV_SWAP,Azerbaijan,0.00827
2006,EN_LKRV_SWAP,Azerbaijan,0.00787
2007,EN_LKRV_SWAP,Azerbaijan,0.00862
2008,EN_LKRV_SWAP,Azerbaijan,0.00957
2009,EN_LKRV_SWAP,Azerbaijan,0.00981
2010,EN_LKRV_SWAP,Azerbaijan,0.00988
2011,EN_LKRV_SWAP,Azerbaijan,0.01093
2015,EN_LKRV_SWAP,China,0.00644
2016,EN_LKRV_SWAP,China,0.00641
2017,EN_LKRV_SWAP,China,0.00686
2018,EN_LKRV_SWAP,China,0.00738
2019,EN_LKRV_SWAP,China,0.00757
2020,EN_LKRV_SWAP,China,0.00788
2021,EN_LKRV_SWAP,China,0.00845
2022,EN_LKRV_SWAP,China,0.0086
2000,EN_LKRV_SWAP,Colombia,0.00392
2001,EN_LKRV_SWAP,Colombia,0.00492
2002,EN_LKRV_SWAP,Colombia,0.00501
2003,EN_LKRV_SWAP,Colombia,0.00527
2012,EN_LKRV_SWAP,Azerbaijan,0.01105
2013,EN_LKRV_SWAP,Azerbaijan,0.01083
2014,EN_LKRV_SWAP,Azerbaijan,0.01099
2015,EN_LKRV_SWAP,Azerbaijan,0.0115
2016,EN_LKRV_SWAP,Azerbaijan,0.01102
2017,EN_LKRV_SWAP,Azerbaijan,0.01045
2018,EN_LKRV_SWAP,Azerbaijan,0.01076
2019,EN_LKRV_SWAP,Azerbaijan,0.01033
2020,EN_LKRV_SWAP,Azerbaijan,0.01003
2021,EN_LKRV_SWAP,Azerbaijan,0.00952
2022,EN_LKRV_SWAP,Azerbaijan,0.00984
2000,EN_LKRV_SWAP,Poland,0.00059
2001,EN_LKRV_SWAP,Poland,0.00097
2002,EN_LKRV_SWAP,Poland,0.00132
2003,EN_LKRV_SWAP,Poland,0.00167
2004,EN_LKRV_SWAP,Poland,0.00172
2005,EN_LKRV_SWAP,Poland,0.00196
2006,EN_LKRV_SWAP,Poland,0.00204
2007,EN_LKRV_SWAP,Poland,0.00213
2008,EN_LKRV_SWAP,Poland,0.00215
2009,EN_LKRV_SWAP,Poland,0.00205
2010,EN_LKRV_SWAP,Poland,0.00207
2011,EN_LKRV_SWAP,Poland,0.00203
2000,EN_LKRV_SWAP,Australia,0.00663
2001,EN_LKRV_SWAP,Australia,0.007
2002,EN_LKRV_SWAP,Australia,0.00775
2003,EN_LKRV_SWAP,Australia,0.00702
2004,EN_LKRV_SWAP,Australia,0.00704
2005,EN_LKRV_SWAP,Australia,0.00734
2006,EN_LKRV_SWAP,Australia,0.00663
2007,EN_LKRV_SWAP,Australia,0.00624
2008,EN_LKRV_SWAP,Australia,0.00676
2009,EN_LKRV_SWAP,Australia,0.00667
2010,EN_LKRV_SWAP,Australia,0.00668
2011,EN_LKRV_SWAP,Australia,0.00739
2012,EN_LKRV_SWAP,Australia,0.00816
2013,EN_LKRV_SWAP,Australia,0.00807
2014,EN_LKRV_SWAP,Australia,0.00788
2015,EN_LKRV_SWAP,Australia,0.0076
2016,EN_LKRV_SWAP,Australia,0.00693
2017,EN_LKRV_SWAP,Australia,0.00654
2018,EN_LKRV_SWAP,Australia,0.00674
2019,EN_LKRV_SWAP,Australia,0.00687
2020,EN_LKRV_SWAP,Australia,0.00663
2021,EN_LKRV_SWAP,Australia,0.00689
2012,EN_LKRV_SWAP,Poland,0.00206
2013,EN_LKRV_SWAP,Poland,0.00202
2014,EN_LKRV_SWAP,Poland,0.00218
2015,EN_LKRV_SWAP,Poland,0.0022
2016,EN_LKRV_SWAP,Poland,0.00222
2017,EN_LKRV_SWAP,Poland,0.00229
2018,EN_LKRV_SWAP,Poland,0.00244
2019,EN_LKRV_SWAP,Poland,0.00254
2020,EN_LKRV_SWAP,Poland,0.00266
2021,EN_LKRV_SWAP,Poland,0.0028
2022,EN_LKRV_SWAP,Poland,0.00288
2000,EN_LKRV_SWAP,Portugal,6e-05
2001,EN_LKRV_SWAP,Portugal,0.00028
2002,EN_LKRV_SWAP,Portugal,0.00063
2003,EN_LKRV_SWAP,Portugal,0.00088
2004,EN_LKRV_SWAP,Portugal,0.00121
2005,EN_LKRV_SWAP,Portugal,0.00145
2006,EN_LKRV_SWAP,Portugal,0.00145
2007,EN_LKRV_SWAP,Portugal,0.00132
2008,EN_LKRV_SWAP,Portugal,0.00145
2009,EN_LKRV_SWAP,Portugal,0.00132
2010,EN_LKRV_SWAP,Portugal,0.00136
2011,EN_LKRV_SWAP,Portugal,0.00149
2012,EN_LKRV_SWAP,Portugal,0.00164
2022,EN_LKRV_SWAP,Australia,0.00658
2000,EN_LKRV_SWAP,Austria,0.00012
2001,EN_LKRV_SWAP,Austria,0.00026
2002,EN_LKRV_SWAP,Austria,0.0004
2003,EN_LKRV_SWAP,Austria,0.00053
2004,EN_LKRV_SWAP,Austria,0.00067
2005,EN_LKRV_SWAP,Austria,0.00076
2006,EN_LKRV_SWAP,Austria,0.00079
2007,EN_LKRV_SWAP,Austria,0.00083
2008,EN_LKRV_SWAP,Austria,0.00088
2009,EN_LKRV_SWAP,Austria,0.00083
2010,EN_LKRV_SWAP,Austria,0.00085
2004,EN_LKRV_SWAP,Colombia,0.00495
2005,EN_LKRV_SWAP,Colombia,0.00471
2006,EN_LKRV_SWAP,Colombia,0.00455
2007,EN_LKRV_SWAP,Colombia,0.00457
2008,EN_LKRV_SWAP,Colombia,0.00481
2009,EN_LKRV_SWAP,Colombia,0.00522
2010,EN_LKRV_SWAP,Colombia,0.00532
2011,EN_LKRV_SWAP,Colombia,0.00563
2012,EN_LKRV_SWAP,Colombia,0.00599
2013,EN_LKRV_SWAP,Colombia,0.00615
2014,EN_LKRV_SWAP,Colombia,0.00604
2015,EN_LKRV_SWAP,Colombia,0.00622
2013,EN_LKRV_SWAP,Portugal,0.00157
2014,EN_LKRV_SWAP,Portugal,0.00176
2015,EN_LKRV_SWAP,Portugal,0.00177
2016,EN_LKRV_SWAP,Portugal,0.00177
2017,EN_LKRV_SWAP,Portugal,0.00176
2018,EN_LKRV_SWAP,Portugal,0.00179
2019,EN_LKRV_SWAP,Portugal,0.0018
2020,EN_LKRV_SWAP,Portugal,0.00181
2021,EN_LKRV_SWAP,Portugal,0.00191
2022,EN_LKRV_SWAP,Portugal,0.00216
2000,EN_LKRV_SWAP,Romania,0.00075
2001,EN_LKRV_SWAP,Romania,0.00131
2016,EN_LKRV_SWAP,Colombia,0.00602
2017,EN_LKRV_SWAP,Colombia,0.00599
2018,EN_LKRV_SWAP,Colombia,0.00617
2019,EN_LKRV_SWAP,Colombia,0.00653
2020,EN_LKRV_SWAP,Colombia,0.00666
2021,EN_LKRV_SWAP,Colombia,0.0069
2022,EN_LKRV_SWAP,Colombia,0.00702
2000,EN_LKRV_SWAP,Costa Rica,0.00174
2001,EN_LKRV_SWAP,Costa Rica,0.00207
2002,EN_LKRV_SWAP,Costa Rica,0.00205
2003,EN_LKRV_SWAP,Costa Rica,0.00181
2011,EN_LKRV_SWAP,Austria,0.00086
2012,EN_LKRV_SWAP,Austria,0.00087
2013,EN_LKRV_SWAP,Austria,0.00087
2014,EN_LKRV_SWAP,Austria,0.00094
2015,EN_LKRV_SWAP,Austria,0.00095
2016,EN_LKRV_SWAP,Austria,0.00098
2017,EN_LKRV_SWAP,Austria,0.001
2018,EN_LKRV_SWAP,Austria,0.00104
2019,EN_LKRV_SWAP,Austria,0.00107
2020,EN_LKRV_SWAP,Austria,0.00112
2021,EN_LKRV_SWAP,Austria,0.00116
2022,EN_LKRV_SWAP,Austria,0.00121
2002,EN_LKRV_SWAP,Romania,0.00187
2003,EN_LKRV_SWAP,Romania,0.00231
2004,EN_LKRV_SWAP,Romania,0.00288
2005,EN_LKRV_SWAP,Romania,0.00348
2006,EN_LKRV_SWAP,Romania,0.00364
2007,EN_LKRV_SWAP,Romania,0.00411
2008,EN_LKRV_SWAP,Romania,0.0042
2009,EN_LKRV_SWAP,Romania,0.00411
2010,EN_LKRV_SWAP,Romania,0.00411
2011,EN_LKRV_SWAP,Romania,0.00422
2012,EN_LKRV_SWAP,Romania,0.00372
2013,EN_LKRV_SWAP,Romania,0.00377
2000,EN_LKRV_SWAP,Armenia,0.00038
2001,EN_LKRV_SWAP,Armenia,0.00057
2002,EN_LKRV_SWAP,Armenia,0.00071
2003,EN_LKRV_SWAP,Armenia,0.0009
2004,EN_LKRV_SWAP,Armenia,0.00079
2005,EN_LKRV_SWAP,Armenia,0.00087
2006,EN_LKRV_SWAP,Armenia,0.00086
2007,EN_LKRV_SWAP,Armenia,0.00095
2008,EN_LKRV_SWAP,Armenia,0.00103
2009,EN_LKRV_SWAP,Armenia,0.00111
2010,EN_LKRV_SWAP,Armenia,0.00113
2011,EN_LKRV_SWAP,Armenia,0.00115
2014,EN_LKRV_SWAP,Romania,0.00413
2015,EN_LKRV_SWAP,Romania,0.00401
2016,EN_LKRV_SWAP,Romania,0.00372
2017,EN_LKRV_SWAP,Romania,0.00382
2018,EN_LKRV_SWAP,Romania,0.00367
2019,EN_LKRV_SWAP,Romania,0.00377
2020,EN_LKRV_SWAP,Romania,0.00375
2021,EN_LKRV_SWAP,Romania,0.00365
2022,EN_LKRV_SWAP,Romania,0.0037
2006,EN_LKRV_SWAP,Serbia,0.00171
2007,EN_LKRV_SWAP,Serbia,0.00206
2008,EN_LKRV_SWAP,Serbia,0.00217
2009,EN_LKRV_SWAP,Serbia,0.00224
2010,EN_LKRV_SWAP,Serbia,0.00233
2011,EN_LKRV_SWAP,Serbia,0.00222
2012,EN_LKRV_SWAP,Serbia,0.00183
2013,EN_LKRV_SWAP,Serbia,0.00182
2014,EN_LKRV_SWAP,Serbia,0.00205
2015,EN_LKRV_SWAP,Serbia,0.002
2016,EN_LKRV_SWAP,Serbia,0.00196
2017,EN_LKRV_SWAP,Serbia,0.00217
2018,EN_LKRV_SWAP,Serbia,0.0022
2019,EN_LKRV_SWAP,Serbia,0.00212
2020,EN_LKRV_SWAP,Serbia,0.00216
2021,EN_LKRV_SWAP,Serbia,0.00217
2022,EN_LKRV_SWAP,Serbia,0.00213
2000,EN_LKRV_SWAP,Slovakia,5e-05
2001,EN_LKRV_SWAP,Slovakia,0.00031
2002,EN_LKRV_SWAP,Slovakia,0.00044
2003,EN_LKRV_SWAP,Slovakia,0.00065
2004,EN_LKRV_SWAP,Slovakia,0.00084
2005,EN_LKRV_SWAP,Slovakia,0.00105
2006,EN_LKRV_SWAP,Slovakia,0.00109
2007,EN_LKRV_SWAP,Slovakia,0.00131
2008,EN_LKRV_SWAP,Slovakia,0.00124
2009,EN_LKRV_SWAP,Slovakia,0.00117
2010,EN_LKRV_SWAP,Slovakia,0.0011
2011,EN_LKRV_SWAP,Slovakia,0.00113
2012,EN_LKRV_SWAP,Slovakia,0.001
2013,EN_LKRV_SWAP,Slovakia,0.00109
2014,EN_LKRV_SWAP,Slovakia,0.00125
2015,EN_LKRV_SWAP,Slovakia,0.00121
2016,EN_LKRV_SWAP,Slovakia,0.00104
2017,EN_LKRV_SWAP,Slovakia,0.001
2018,EN_LKRV_SWAP,Slovakia,0.00101
2019,EN_LKRV_SWAP,Slovakia,0.001
2020,EN_LKRV_SWAP,Slovakia,0.00103
2021,EN_LKRV_SWAP,Slovakia,0.00111
2022,EN_LKRV_SWAP,Slovakia,0.00115
2000,EN_LKRV_SWAP,Viet Nam,0.02309
2001,EN_LKRV_SWAP,Viet Nam,0.02693
2002,EN_LKRV_SWAP,Viet Nam,0.03249
2003,EN_LKRV_SWAP,Viet Nam,0.03922
2004,EN_LKRV_SWAP,Viet Nam,0.04617
2005,EN_LKRV_SWAP,Viet Nam,0.05234
2006,EN_LKRV_SWAP,Viet Nam,0.05429
2007,EN_LKRV_SWAP,Viet Nam,0.0558
2008,EN_LKRV_SWAP,Viet Nam,0.05337
2009,EN_LKRV_SWAP,Viet Nam,0.05668
2010,EN_LKRV_SWAP,Viet Nam,0.0559
2011,EN_LKRV_SWAP,Viet Nam,0.05226
2012,EN_LKRV_SWAP,Viet Nam,0.05046
2013,EN_LKRV_SWAP,Viet Nam,0.04771
2014,EN_LKRV_SWAP,Viet Nam,0.04702
2015,EN_LKRV_SWAP,Viet Nam,0.0466
2016,EN_LKRV_SWAP,Viet Nam,0.04809
2017,EN_LKRV_SWAP,Viet Nam,0.04791
2018,EN_LKRV_SWAP,Viet Nam,0.05311
2019,EN_LKRV_SWAP,Viet Nam,0.05383
2020,EN_LKRV_SWAP,Viet Nam,0.05363
2021,EN_LKRV_SWAP,Viet Nam,0.05473
2022,EN_LKRV_SWAP,Viet Nam,0.05556
2000,EN_LKRV_SWAP,Slovenia,7e-05
2001,EN_LKRV_SWAP,Slovenia,0.00027
2002,EN_LKRV_SWAP,Slovenia,0.00057
2003,EN_LKRV_SWAP,Slovenia,0.00078
2004,EN_LKRV_SWAP,Slovenia,0.00104
2005,EN_LKRV_SWAP,Slovenia,0.0013
2006,EN_LKRV_SWAP,Slovenia,0.00143
2007,EN_LKRV_SWAP,Slovenia,0.00147
2008,EN_LKRV_SWAP,Slovenia,0.00157
2009,EN_LKRV_SWAP,Slovenia,0.0015
2010,EN_LKRV_SWAP,Slovenia,0.00147
2011,EN_LKRV_SWAP,Slovenia,0.00156
2012,EN_LKRV_SWAP,Slovenia,0.0015
2013,EN_LKRV_SWAP,Slovenia,0.0014
2014,EN_LKRV_SWAP,Slovenia,0.00161
2015,EN_LKRV_SWAP,Slovenia,0.0017
2016,EN_LKRV_SWAP,Slovenia,0.0016
2017,EN_LKRV_SWAP,Slovenia,0.00165
2018,EN_LKRV_SWAP,Slovenia,0.00184
2019,EN_LKRV_SWAP,Slovenia,0.00183
2020,EN_LKRV_SWAP,Slovenia,0.0018
2021,EN_LKRV_SWAP,Slovenia,0.00179
2022,EN_LKRV_SWAP,Slovenia,0.0018
2000,EN_LKRV_SWAP,Spain,0.00026
2001,EN_LKRV_SWAP,Spain,0.00051
2002,EN_LKRV_SWAP,Spain,0.00068
2003,EN_LKRV_SWAP,Spain,0.00094
2004,EN_LKRV_SWAP,Spain,0.00122
2005,EN_LKRV_SWAP,Spain,0.0013
2006,EN_LKRV_SWAP,Spain,0.00118
2007,EN_LKRV_SWAP,Spain,0.00116
2008,EN_LKRV_SWAP,Spain,0.00119
2009,EN_LKRV_SWAP,Spain,0.00108
2010,EN_LKRV_SWAP,Spain,0.00122
2011,EN_LKRV_SWAP,Spain,0.00147
2012,EN_LKRV_SWAP,Spain,0.00166
2013,EN_LKRV_SWAP,Spain,0.00153
2014,EN_LKRV_SWAP,Spain,0.00172
2015,EN_LKRV_SWAP,Spain,0.00175
2016,EN_LKRV_SWAP,Spain,0.00175
2017,EN_LKRV_SWAP,Spain,0.00174
2018,EN_LKRV_SWAP,Spain,0.00199
2019,EN_LKRV_SWAP,Spain,0.00209
2020,EN_LKRV_SWAP,Spain,0.00211
2021,EN_LKRV_SWAP,Spain,0.00213
2022,EN_LKRV_SWAP,Spain,0.00204
2000,EN_LKRV_SWAP,Switzerland,0.00021
2001,EN_LKRV_SWAP,Switzerland,0.00036
2002,EN_LKRV_SWAP,Switzerland,0.00048
2003,EN_LKRV_SWAP,Switzerland,0.0006
2004,EN_LKRV_SWAP,Switzerland,0.00064
2005,EN_LKRV_SWAP,Switzerland,0.00072
2006,EN_LKRV_SWAP,Switzerland,0.00074
2007,EN_LKRV_SWAP,Switzerland,0.00078
2008,EN_LKRV_SWAP,Switzerland,0.00075
2009,EN_LKRV_SWAP,Switzerland,0.00067
2010,EN_LKRV_SWAP,Switzerland,0.00066
2011,EN_LKRV_SWAP,Switzerland,0.00064
2012,EN_LKRV_SWAP,Switzerland,0.00065
2013,EN_LKRV_SWAP,Switzerland,0.0007
2014,EN_LKRV_SWAP,Switzerland,0.00078
2015,EN_LKRV_SWAP,Switzerland,0.00082
2016,EN_LKRV_SWAP,Switzerland,0.00087
2017,EN_LKRV_SWAP,Switzerland,0.00093
2018,EN_LKRV_SWAP,Switzerland,0.00101
2019,EN_LKRV_SWAP,Switzerland,0.00108
2020,EN_LKRV_SWAP,Switzerland,0.00112
2021,EN_LKRV_SWAP,Switzerland,0.00121
2022,EN_LKRV_SWAP,Switzerland,0.00132
2000,EN_LKRV_SWAP,Таджикистан,0.0024
2001,EN_LKRV_SWAP,Таджикистан,0.00262
2002,EN_LKRV_SWAP,Таджикистан,0.00265
2003,EN_LKRV_SWAP,Таджикистан,0.003
2004,EN_LKRV_SWAP,Таджикистан,0.00277
2005,EN_LKRV_SWAP,Таджикистан,0.00271
2006,EN_LKRV_SWAP,Таджикистан,0.00275
2007,EN_LKRV_SWAP,Таджикистан,0.00288
2008,EN_LKRV_SWAP,Таджикистан,0.00291
2009,EN_LKRV_SWAP,Таджикистан,0.0031
2010,EN_LKRV_SWAP,Таджикистан,0.00323
2011,EN_LKRV_SWAP,Таджикистан,0.00327
2012,EN_LKRV_SWAP,Таджикистан,0.00331
2013,EN_LKRV_SWAP,Таджикистан,0.00336
2014,EN_LKRV_SWAP,Таджикистан,0.00346
2015,EN_LKRV_SWAP,Таджикистан,0.00345
2016,EN_LKRV_SWAP,Таджикистан,0.00358
2017,EN_LKRV_SWAP,Таджикистан,0.00377
2018,EN_LKRV_SWAP,Таджикистан,0.00407
2019,EN_LKRV_SWAP,Таджикистан,0.00421
2020,EN_LKRV_SWAP,Таджикистан,0.00441
2021,EN_LKRV_SWAP,Таджикистан,0.00452
2022,EN_LKRV_SWAP,Таджикистан,0.00461
2000,EN_LKRV_SWAP,Türkiye,0.00105
2001,EN_LKRV_SWAP,Türkiye,0.00167
2002,EN_LKRV_SWAP,Türkiye,0.00212
2003,EN_LKRV_SWAP,Türkiye,0.00277
2004,EN_LKRV_SWAP,Türkiye,0.00294
2005,EN_LKRV_SWAP,Türkiye,0.00307
2006,EN_LKRV_SWAP,Türkiye,0.00302
2007,EN_LKRV_SWAP,Türkiye,0.00319
2008,EN_LKRV_SWAP,Türkiye,0.00309
2009,EN_LKRV_SWAP,Türkiye,0.00294
2010,EN_LKRV_SWAP,Türkiye,0.00297
2011,EN_LKRV_SWAP,Türkiye,0.00304
2012,EN_LKRV_SWAP,Türkiye,0.00307
2013,EN_LKRV_SWAP,Türkiye,0.00329
2014,EN_LKRV_SWAP,Türkiye,0.00348
2015,EN_LKRV_SWAP,Türkiye,0.0035
2016,EN_LKRV_SWAP,Türkiye,0.00362
2017,EN_LKRV_SWAP,Türkiye,0.00373
2018,EN_LKRV_SWAP,Türkiye,0.00372
2019,EN_LKRV_SWAP,Türkiye,0.00374
2020,EN_LKRV_SWAP,Türkiye,0.00395
2021,EN_LKRV_SWAP,Türkiye,0.00406
2022,EN_LKRV_SWAP,Türkiye,0.00411
2000,EN_LKRV_SWAP,Туркменистан,0.00678
2004,EN_LKRV_SWAP,Costa Rica,0.00154
2005,EN_LKRV_SWAP,Costa Rica,0.00126
2006,EN_LKRV_SWAP,Costa Rica,0.00116
2007,EN_LKRV_SWAP,Costa Rica,0.00103
2008,EN_LKRV_SWAP,Costa Rica,0.00095
2009,EN_LKRV_SWAP,Costa Rica,0.00101
2010,EN_LKRV_SWAP,Costa Rica,0.0011
2011,EN_LKRV_SWAP,Costa Rica,0.00117
2012,EN_LKRV_SWAP,Costa Rica,0.00131
2013,EN_LKRV_SWAP,Costa Rica,0.00135
2014,EN_LKRV_SWAP,Costa Rica,0.00147
2015,EN_LKRV_SWAP,Costa Rica,0.00162
2016,EN_LKRV_SWAP,Costa Rica,0.00185
2017,EN_LKRV_SWAP,Costa Rica,0.00205
2018,EN_LKRV_SWAP,Costa Rica,0.00238
2019,EN_LKRV_SWAP,Costa Rica,0.00253
2020,EN_LKRV_SWAP,Costa Rica,0.00258
2021,EN_LKRV_SWAP,Costa Rica,0.00255
2022,EN_LKRV_SWAP,Costa Rica,0.00256
2000,EN_LKRV_SWAP,Croatia,0.00021
2001,EN_LKRV_SWAP,Croatia,0.00068
2002,EN_LKRV_SWAP,Croatia,0.00142
2003,EN_LKRV_SWAP,Croatia,0.00191
2004,EN_LKRV_SWAP,Croatia,0.00238
2005,EN_LKRV_SWAP,Croatia,0.00274
2006,EN_LKRV_SWAP,Croatia,0.00299
2007,EN_LKRV_SWAP,Croatia,0.00303
2008,EN_LKRV_SWAP,Croatia,0.00305
2009,EN_LKRV_SWAP,Croatia,0.00299
2010,EN_LKRV_SWAP,Croatia,0.00308
2011,EN_LKRV_SWAP,Croatia,0.00321
2012,EN_LKRV_SWAP,Croatia,0.00281
2013,EN_LKRV_SWAP,Croatia,0.00266
2014,EN_LKRV_SWAP,Croatia,0.00322
2015,EN_LKRV_SWAP,Croatia,0.00342
2016,EN_LKRV_SWAP,Croatia,0.0032
2017,EN_LKRV_SWAP,Croatia,0.00364
2018,EN_LKRV_SWAP,Croatia,0.00393
2019,EN_LKRV_SWAP,Croatia,0.00406
2020,EN_LKRV_SWAP,Croatia,0.0038
2021,EN_LKRV_SWAP,Croatia,0.00368
2022,EN_LKRV_SWAP,Croatia,0.00358
2000,EN_LKRV_SWAP,Cyprus,0.00033
2001,EN_LKRV_SWAP,Cyprus,0.0005
2002,EN_LKRV_SWAP,Cyprus,0.00075
2003,EN_LKRV_SWAP,Cyprus,0.00106
2004,EN_LKRV_SWAP,Cyprus,0.00116
2005,EN_LKRV_SWAP,Cyprus,0.00127
2006,EN_LKRV_SWAP,Cyprus,0.00132
2007,EN_LKRV_SWAP,Cyprus,0.0013
2008,EN_LKRV_SWAP,Cyprus,0.00119
2009,EN_LKRV_SWAP,Cyprus,0.00115
2010,EN_LKRV_SWAP,Cyprus,0.00108
2011,EN_LKRV_SWAP,Cyprus,0.00115
2012,EN_LKRV_SWAP,Cyprus,0.00115
2013,EN_LKRV_SWAP,Cyprus,0.00125
2014,EN_LKRV_SWAP,Cyprus,0.0013
2015,EN_LKRV_SWAP,Cyprus,0.00134
2016,EN_LKRV_SWAP,Cyprus,0.00135
2017,EN_LKRV_SWAP,Cyprus,0.0014
2018,EN_LKRV_SWAP,Cyprus,0.00138
2019,EN_LKRV_SWAP,Cyprus,0.00137
2020,EN_LKRV_SWAP,Cyprus,0.00153
2021,EN_LKRV_SWAP,Cyprus,0.00172
2022,EN_LKRV_SWAP,Cyprus,0.00183
2000,EN_LKRV_SWAP,Czechia,0.00019
2001,EN_LKRV_SWAP,Czechia,0.00037
2002,EN_LKRV_SWAP,Czechia,0.00049
2003,EN_LKRV_SWAP,Czechia,0.00072
2004,EN_LKRV_SWAP,Czechia,0.0009
2005,EN_LKRV_SWAP,Czechia,0.00105
2006,EN_LKRV_SWAP,Czechia,0.00113
2007,EN_LKRV_SWAP,Czechia,0.00127
2008,EN_LKRV_SWAP,Czechia,0.00133
2009,EN_LKRV_SWAP,Czechia,0.00126
2010,EN_LKRV_SWAP,Czechia,0.00127
2011,EN_LKRV_SWAP,Czechia,0.00124
2012,EN_LKRV_SWAP,Czechia,0.00128
2013,EN_LKRV_SWAP,Czechia,0.00128
2014,EN_LKRV_SWAP,Czechia,0.00135
2015,EN_LKRV_SWAP,Czechia,0.00138
2016,EN_LKRV_SWAP,Czechia,0.00142
2017,EN_LKRV_SWAP,Czechia,0.00142
2018,EN_LKRV_SWAP,Czechia,0.0014
2019,EN_LKRV_SWAP,Czechia,0.00141
2020,EN_LKRV_SWAP,Czechia,0.00145
2021,EN_LKRV_SWAP,Czechia,0.00153
2022,EN_LKRV_SWAP,Czechia,0.0016
2000,EN_LKRV_SWAP,Denmark,0.00038
2001,EN_LKRV_SWAP,Denmark,0.00067
2002,EN_LKRV_SWAP,Denmark,0.00096
2003,EN_LKRV_SWAP,Denmark,0.00128
2004,EN_LKRV_SWAP,Denmark,0.00141
2005,EN_LKRV_SWAP,Denmark,0.00172
2006,EN_LKRV_SWAP,Denmark,0.00182
2007,EN_LKRV_SWAP,Denmark,0.00188
2008,EN_LKRV_SWAP,Denmark,0.00186
2009,EN_LKRV_SWAP,Denmark,0.00184
2010,EN_LKRV_SWAP,Denmark,0.00175
2011,EN_LKRV_SWAP,Denmark,0.00168
2012,EN_LKRV_SWAP,Denmark,0.00175
2013,EN_LKRV_SWAP,Denmark,0.00179
2014,EN_LKRV_SWAP,Denmark,0.00185
2015,EN_LKRV_SWAP,Denmark,0.00196
2016,EN_LKRV_SWAP,Denmark,0.00207
2017,EN_LKRV_SWAP,Denmark,0.00211
2018,EN_LKRV_SWAP,Denmark,0.00218
2019,EN_LKRV_SWAP,Denmark,0.00219
2020,EN_LKRV_SWAP,Denmark,0.00225
2021,EN_LKRV_SWAP,Denmark,0.00244
2022,EN_LKRV_SWAP,Denmark,0.00261
2000,EN_LKRV_SWAP,Estonia,0.0008
2001,EN_LKRV_SWAP,Estonia,0.00117
2002,EN_LKRV_SWAP,Estonia,0.00162
2003,EN_LKRV_SWAP,Estonia,0.00206
2004,EN_LKRV_SWAP,Estonia,0.00197
2005,EN_LKRV_SWAP,Estonia,0.00215
2006,EN_LKRV_SWAP,Estonia,0.00224
2007,EN_LKRV_SWAP,Estonia,0.00224
2008,EN_LKRV_SWAP,Estonia,0.00218
2009,EN_LKRV_SWAP,Estonia,0.00217
2010,EN_LKRV_SWAP,Estonia,0.00216
2011,EN_LKRV_SWAP,Estonia,0.00214
2012,EN_LKRV_SWAP,Estonia,0.00222
2013,EN_LKRV_SWAP,Estonia,0.00211
2014,EN_LKRV_SWAP,Estonia,0.00221
2015,EN_LKRV_SWAP,Estonia,0.00222
2016,EN_LKRV_SWAP,Estonia,0.00225
2017,EN_LKRV_SWAP,Estonia,0.00234
2018,EN_LKRV_SWAP,Estonia,0.00263
2019,EN_LKRV_SWAP,Estonia,0.00283
2020,EN_LKRV_SWAP,Estonia,0.00302
2021,EN_LKRV_SWAP,Estonia,0.00328
2022,EN_LKRV_SWAP,Estonia,0.00326
2000,EN_LKRV_SWAP,Finland,0.00176
2001,EN_LKRV_SWAP,Finland,0.00271
2002,EN_LKRV_SWAP,Finland,0.00375
2003,EN_LKRV_SWAP,Finland,0.00479
2004,EN_LKRV_SWAP,Finland,0.00443
2005,EN_LKRV_SWAP,Finland,0.0046
2006,EN_LKRV_SWAP,Finland,0.00465
2007,EN_LKRV_SWAP,Finland,0.00461
2008,EN_LKRV_SWAP,Finland,0.00452
2009,EN_LKRV_SWAP,Finland,0.00456
2010,EN_LKRV_SWAP,Finland,0.00466
2011,EN_LKRV_SWAP,Finland,0.00462
2012,EN_LKRV_SWAP,Finland,0.00467
2013,EN_LKRV_SWAP,Finland,0.00467
2014,EN_LKRV_SWAP,Finland,0.005
2015,EN_LKRV_SWAP,Finland,0.00489
2016,EN_LKRV_SWAP,Finland,0.00486
2017,EN_LKRV_SWAP,Finland,0.00515
2018,EN_LKRV_SWAP,Finland,0.00538
2019,EN_LKRV_SWAP,Finland,0.0057
2020,EN_LKRV_SWAP,Finland,0.00619
2021,EN_LKRV_SWAP,Finland,0.00669
2022,EN_LKRV_SWAP,Finland,0.00699
2000,EN_LKRV_SWAP,France,0.00018
2001,EN_LKRV_SWAP,France,0.00045
2002,EN_LKRV_SWAP,France,0.00076
2003,EN_LKRV_SWAP,France,0.001
2004,EN_LKRV_SWAP,France,0.00131
2005,EN_LKRV_SWAP,France,0.00145
2006,EN_LKRV_SWAP,France,0.00146
2007,EN_LKRV_SWAP,France,0.00147
2008,EN_LKRV_SWAP,France,0.00145
2009,EN_LKRV_SWAP,France,0.00131
2010,EN_LKRV_SWAP,France,0.00132
2011,EN_LKRV_SWAP,France,0.0013
2012,EN_LKRV_SWAP,France,0.00126
2013,EN_LKRV_SWAP,France,0.00128
2014,EN_LKRV_SWAP,France,0.00144
2015,EN_LKRV_SWAP,France,0.00154
2016,EN_LKRV_SWAP,France,0.00163
2017,EN_LKRV_SWAP,France,0.00175
2018,EN_LKRV_SWAP,France,0.00189
2019,EN_LKRV_SWAP,France,0.00196
2020,EN_LKRV_SWAP,France,0.00196
2021,EN_LKRV_SWAP,France,0.00205
2022,EN_LKRV_SWAP,France,0.00208
2000,EN_LKRV_SWAP,Georgia,0.00062
2001,EN_LKRV_SWAP,Georgia,0.00092
2002,EN_LKRV_SWAP,Georgia,0.00117
2003,EN_LKRV_SWAP,Georgia,0.0015
2004,EN_LKRV_SWAP,Georgia,0.00143
2005,EN_LKRV_SWAP,Georgia,0.00146
2006,EN_LKRV_SWAP,Georgia,0.00144
2007,EN_LKRV_SWAP,Georgia,0.00152
2008,EN_LKRV_SWAP,Georgia,0.00157
2009,EN_LKRV_SWAP,Georgia,0.00163
2010,EN_LKRV_SWAP,Georgia,0.00162
2011,EN_LKRV_SWAP,Georgia,0.00168
2012,EN_LKRV_SWAP,Georgia,0.00166
2013,EN_LKRV_SWAP,Georgia,0.00166
2014,EN_LKRV_SWAP,Georgia,0.00165
2015,EN_LKRV_SWAP,Georgia,0.00175
2016,EN_LKRV_SWAP,Georgia,0.00179
2017,EN_LKRV_SWAP,Georgia,0.00188
2018,EN_LKRV_SWAP,Georgia,0.00194
2019,EN_LKRV_SWAP,Georgia,0.00203
2020,EN_LKRV_SWAP,Georgia,0.00206
2021,EN_LKRV_SWAP,Georgia,0.00211
2022,EN_LKRV_SWAP,Georgia,0.0022
2000,EN_LKRV_SWAP,Germany,0.00046
2001,EN_LKRV_SWAP,Germany,0.00074
2002,EN_LKRV_SWAP,Germany,0.00095
2003,EN_LKRV_SWAP,Germany,0.00122
2004,EN_LKRV_SWAP,Germany,0.00124
2005,EN_LKRV_SWAP,Germany,0.00139
2006,EN_LKRV_SWAP,Germany,0.00144
2007,EN_LKRV_SWAP,Germany,0.00158
2008,EN_LKRV_SWAP,Germany,0.00147
2009,EN_LKRV_SWAP,Germany,0.00138
2010,EN_LKRV_SWAP,Germany,0.00142
2011,EN_LKRV_SWAP,Germany,0.00134
2012,EN_LKRV_SWAP,Germany,0.0013
2013,EN_LKRV_SWAP,Germany,0.0013
2014,EN_LKRV_SWAP,Germany,0.00145
2015,EN_LKRV_SWAP,Germany,0.00146
2016,EN_LKRV_SWAP,Germany,0.00152
2017,EN_LKRV_SWAP,Germany,0.00158
2018,EN_LKRV_SWAP,Germany,0.0017
2019,EN_LKRV_SWAP,Germany,0.00174
2020,EN_LKRV_SWAP,Germany,0.00184
2021,EN_LKRV_SWAP,Germany,0.00195
2022,EN_LKRV_SWAP,Germany,0.00202
2000,EN_LKRV_SWAP,Greece,0.00011
2001,EN_LKRV_SWAP,Greece,0.00036
2002,EN_LKRV_SWAP,Greece,0.00064
2003,EN_LKRV_SWAP,Greece,0.00092
2004,EN_LKRV_SWAP,Greece,0.00132
2005,EN_LKRV_SWAP,Greece,0.00148
2006,EN_LKRV_SWAP,Greece,0.0016
2007,EN_LKRV_SWAP,Greece,0.00173
2008,EN_LKRV_SWAP,Greece,0.00173
2009,EN_LKRV_SWAP,Greece,0.00162
2010,EN_LKRV_SWAP,Greece,0.00169
2011,EN_LKRV_SWAP,Greece,0.00179
2012,EN_LKRV_SWAP,Greece,0.0017
2013,EN_LKRV_SWAP,Greece,0.00176
2014,EN_LKRV_SWAP,Greece,0.00179
2015,EN_LKRV_SWAP,Greece,0.00178
2016,EN_LKRV_SWAP,Greece,0.00175
2017,EN_LKRV_SWAP,Greece,0.00177
2018,EN_LKRV_SWAP,Greece,0.00173
2019,EN_LKRV_SWAP,Greece,0.00183
2020,EN_LKRV_SWAP,Greece,0.00189
2021,EN_LKRV_SWAP,Greece,0.00187
2022,EN_LKRV_SWAP,Greece,0.00202
2000,EN_LKRV_SWAP,Hungary,0.00018
2001,EN_LKRV_SWAP,Hungary,0.00149
2002,EN_LKRV_SWAP,Hungary,0.00262
2003,EN_LKRV_SWAP,Hungary,0.0033
2004,EN_LKRV_SWAP,Hungary,0.00386
2005,EN_LKRV_SWAP,Hungary,0.00441
2006,EN_LKRV_SWAP,Hungary,0.00411
2007,EN_LKRV_SWAP,Hungary,0.00439
2008,EN_LKRV_SWAP,Hungary,0.00421
2009,EN_LKRV_SWAP,Hungary,0.00416
2010,EN_LKRV_SWAP,Hungary,0.00403
2011,EN_LKRV_SWAP,Hungary,0.00404
2012,EN_LKRV_SWAP,Hungary,0.00329
2013,EN_LKRV_SWAP,Hungary,0.00331
2014,EN_LKRV_SWAP,Hungary,0.00394
2015,EN_LKRV_SWAP,Hungary,0.00379
2016,EN_LKRV_SWAP,Hungary,0.00324
2017,EN_LKRV_SWAP,Hungary,0.00333
2018,EN_LKRV_SWAP,Hungary,0.00345
2019,EN_LKRV_SWAP,Hungary,0.00304
2020,EN_LKRV_SWAP,Hungary,0.00314
2021,EN_LKRV_SWAP,Hungary,0.00323
2022,EN_LKRV_SWAP,Hungary,0.00313
2000,EN_LKRV_SWAP,Iceland,5e-05
2001,EN_LKRV_SWAP,Iceland,9e-05
2002,EN_LKRV_SWAP,Iceland,0.00012
2003,EN_LKRV_SWAP,Iceland,0.00016
2004,EN_LKRV_SWAP,Iceland,0.00014
2005,EN_LKRV_SWAP,Iceland,0.00015
2006,EN_LKRV_SWAP,Iceland,0.00013
2007,EN_LKRV_SWAP,Iceland,0.00013
2008,EN_LKRV_SWAP,Iceland,0.00012
2009,EN_LKRV_SWAP,Iceland,0.00012
2010,EN_LKRV_SWAP,Iceland,0.00013
2011,EN_LKRV_SWAP,Iceland,0.00014
2012,EN_LKRV_SWAP,Iceland,0.00014
2013,EN_LKRV_SWAP,Iceland,0.00016
2014,EN_LKRV_SWAP,Iceland,0.00017
2015,EN_LKRV_SWAP,Iceland,0.00018
2016,EN_LKRV_SWAP,Iceland,0.00021
2017,EN_LKRV_SWAP,Iceland,0.00054
2018,EN_LKRV_SWAP,Iceland,0.00081
2019,EN_LKRV_SWAP,Iceland,0.00105
2020,EN_LKRV_SWAP,Iceland,0.00126
2021,EN_LKRV_SWAP,Iceland,0.00177
2022,EN_LKRV_SWAP,Iceland,0.00243
2000,EN_LKRV_SWAP,India,0.00987
2001,EN_LKRV_SWAP,India,0.01138
2002,EN_LKRV_SWAP,India,0.01179
2003,EN_LKRV_SWAP,India,0.01339
2004,EN_LKRV_SWAP,India,0.01445
2005,EN_LKRV_SWAP,India,0.01481
2006,EN_LKRV_SWAP,India,0.01505
2007,EN_LKRV_SWAP,India,0.0157
2008,EN_LKRV_SWAP,India,0.01696
2009,EN_LKRV_SWAP,India,0.01755
2010,EN_LKRV_SWAP,India,0.01742
2011,EN_LKRV_SWAP,India,0.01736
2012,EN_LKRV_SWAP,India,0.01747
2013,EN_LKRV_SWAP,India,0.01676
2014,EN_LKRV_SWAP,India,0.01682
2015,EN_LKRV_SWAP,India,0.01694
2016,EN_LKRV_SWAP,India,0.0172
2017,EN_LKRV_SWAP,India,0.01757
2018,EN_LKRV_SWAP,India,0.01842
2019,EN_LKRV_SWAP,India,0.01815
2020,EN_LKRV_SWAP,India,0.01923
2021,EN_LKRV_SWAP,India,0.02036
2022,EN_LKRV_SWAP,India,0.02086
2000,EN_LKRV_SWAP,Ireland,0.00033
2001,EN_LKRV_SWAP,Ireland,0.00055
2002,EN_LKRV_SWAP,Ireland,0.00083
2003,EN_LKRV_SWAP,Ireland,0.00109
2004,EN_LKRV_SWAP,Ireland,0.00108
2005,EN_LKRV_SWAP,Ireland,0.00109
2006,EN_LKRV_SWAP,Ireland,0.00097
2007,EN_LKRV_SWAP,Ireland,0.00082
2008,EN_LKRV_SWAP,Ireland,0.00064
2009,EN_LKRV_SWAP,Ireland,0.00042
2010,EN_LKRV_SWAP,Ireland,0.00058
2011,EN_LKRV_SWAP,Ireland,0.00062
2012,EN_LKRV_SWAP,Ireland,0.00063
2013,EN_LKRV_SWAP,Ireland,0.00077
2014,EN_LKRV_SWAP,Ireland,0.00107
2015,EN_LKRV_SWAP,Ireland,0.00129
2016,EN_LKRV_SWAP,Ireland,0.0016
2017,EN_LKRV_SWAP,Ireland,0.00195
2018,EN_LKRV_SWAP,Ireland,0.00218
2019,EN_LKRV_SWAP,Ireland,0.00232
2020,EN_LKRV_SWAP,Ireland,0.00225
2021,EN_LKRV_SWAP,Ireland,0.0023
2022,EN_LKRV_SWAP,Ireland,0.00241
2000,EN_LKRV_SWAP,Israel,0.00076
2001,EN_LKRV_SWAP,Israel,0.00111
2002,EN_LKRV_SWAP,Israel,0.00147
2003,EN_LKRV_SWAP,Israel,0.00184
2004,EN_LKRV_SWAP,Israel,0.0019
2005,EN_LKRV_SWAP,Israel,0.00192
2006,EN_LKRV_SWAP,Israel,0.00196
2007,EN_LKRV_SWAP,Israel,0.00192
2008,EN_LKRV_SWAP,Israel,0.00191
2009,EN_LKRV_SWAP,Israel,0.00186
2010,EN_LKRV_SWAP,Israel,0.00184
2011,EN_LKRV_SWAP,Israel,0.00174
2012,EN_LKRV_SWAP,Israel,0.00179
2013,EN_LKRV_SWAP,Israel,0.00178
2014,EN_LKRV_SWAP,Israel,0.00181
2015,EN_LKRV_SWAP,Israel,0.00182
2016,EN_LKRV_SWAP,Israel,0.00194
2017,EN_LKRV_SWAP,Israel,0.00197
2018,EN_LKRV_SWAP,Israel,0.00207
2019,EN_LKRV_SWAP,Israel,0.00203
2020,EN_LKRV_SWAP,Israel,0.00218
2021,EN_LKRV_SWAP,Israel,0.00229
2022,EN_LKRV_SWAP,Israel,0.00242
2000,EN_LKRV_SWAP,Italy,0.00015
2001,EN_LKRV_SWAP,Italy,0.0005
2002,EN_LKRV_SWAP,Italy,0.00079
2003,EN_LKRV_SWAP,Italy,0.00106
2004,EN_LKRV_SWAP,Italy,0.00142
2005,EN_LKRV_SWAP,Italy,0.00165
2006,EN_LKRV_SWAP,Italy,0.00166
2007,EN_LKRV_SWAP,Italy,0.00167
2008,EN_LKRV_SWAP,Italy,0.00168
2009,EN_LKRV_SWAP,Italy,0.0016
2010,EN_LKRV_SWAP,Italy,0.00154
2011,EN_LKRV_SWAP,Italy,0.00143
2012,EN_LKRV_SWAP,Italy,0.00145
2013,EN_LKRV_SWAP,Italy,0.00145
2014,EN_LKRV_SWAP,Italy,0.00157
2015,EN_LKRV_SWAP,Italy,0.00165
2016,EN_LKRV_SWAP,Italy,0.00177
2017,EN_LKRV_SWAP,Italy,0.00207
2001,EN_LKRV_SWAP,Туркменистан,0.00738
2002,EN_LKRV_SWAP,Туркменистан,0.00749
2003,EN_LKRV_SWAP,Туркменистан,0.00818
2004,EN_LKRV_SWAP,Туркменистан,0.00754
2005,EN_LKRV_SWAP,Туркменистан,0.00729
2006,EN_LKRV_SWAP,Туркменистан,0.00742
2007,EN_LKRV_SWAP,Туркменистан,0.00783
2008,EN_LKRV_SWAP,Туркменистан,0.00812
2009,EN_LKRV_SWAP,Туркменистан,0.00873
2010,EN_LKRV_SWAP,Туркменистан,0.00946
2011,EN_LKRV_SWAP,Туркменистан,0.00946
2012,EN_LKRV_SWAP,Туркменистан,0.00996
2013,EN_LKRV_SWAP,Туркменистан,0.01039
2014,EN_LKRV_SWAP,Туркменистан,0.00992
2015,EN_LKRV_SWAP,Туркменистан,0.00976
2016,EN_LKRV_SWAP,Туркменистан,0.00989
2017,EN_LKRV_SWAP,Туркменистан,0.01097
2018,EN_LKRV_SWAP,Туркменистан,0.01197
2019,EN_LKRV_SWAP,Туркменистан,0.01297
2020,EN_LKRV_SWAP,Туркменистан,0.0145
2021,EN_LKRV_SWAP,Туркменистан,0.01528
2022,EN_LKRV_SWAP,Туркменистан,0.01451
2000,EN_LKRV_SWAP,Ukraine,0.00142
2001,EN_LKRV_SWAP,Ukraine,0.00176
2002,EN_LKRV_SWAP,Ukraine,0.00225
2003,EN_LKRV_SWAP,Ukraine,0.00265
2004,EN_LKRV_SWAP,Ukraine,0.00291
2005,EN_LKRV_SWAP,Ukraine,0.00323
2006,EN_LKRV_SWAP,Ukraine,0.00319
2007,EN_LKRV_SWAP,Ukraine,0.00312
2008,EN_LKRV_SWAP,Ukraine,0.00318
2009,EN_LKRV_SWAP,Ukraine,0.00304
2010,EN_LKRV_SWAP,Ukraine,0.00306
2011,EN_LKRV_SWAP,Ukraine,0.00324
2012,EN_LKRV_SWAP,Ukraine,0.00335
2013,EN_LKRV_SWAP,Ukraine,0.00335
2014,EN_LKRV_SWAP,Ukraine,0.00354
2015,EN_LKRV_SWAP,Ukraine,0.00353
2016,EN_LKRV_SWAP,Ukraine,0.00339
2017,EN_LKRV_SWAP,Ukraine,0.00336
2018,EN_LKRV_SWAP,Ukraine,0.00336
2019,EN_LKRV_SWAP,Ukraine,0.00352
2020,EN_LKRV_SWAP,Ukraine,0.0036
2021,EN_LKRV_SWAP,Ukraine,0.00377
2022,EN_LKRV_SWAP,Ukraine,0.00391
2000,EN_LKRV_SWAP,North Macedonia,2e-05
2001,EN_LKRV_SWAP,North Macedonia,0.00012
2002,EN_LKRV_SWAP,North Macedonia,0.00019
2003,EN_LKRV_SWAP,North Macedonia,0.00028
2004,EN_LKRV_SWAP,North Macedonia,0.00038
2005,EN_LKRV_SWAP,North Macedonia,0.00044
2006,EN_LKRV_SWAP,North Macedonia,0.00044
2007,EN_LKRV_SWAP,North Macedonia,0.00049
2008,EN_LKRV_SWAP,North Macedonia,0.00051
2009,EN_LKRV_SWAP,North Macedonia,0.00052
2010,EN_LKRV_SWAP,North Macedonia,0.00052
2011,EN_LKRV_SWAP,North Macedonia,0.00057
2012,EN_LKRV_SWAP,North Macedonia,0.00059
2013,EN_LKRV_SWAP,North Macedonia,0.00061
2014,EN_LKRV_SWAP,North Macedonia,0.00062
2015,EN_LKRV_SWAP,North Macedonia,0.00064
2016,EN_LKRV_SWAP,North Macedonia,0.00065
2017,EN_LKRV_SWAP,North Macedonia,0.00064
2018,EN_LKRV_SWAP,North Macedonia,0.00064
2019,EN_LKRV_SWAP,North Macedonia,0.00065
2020,EN_LKRV_SWAP,North Macedonia,0.00065
2021,EN_LKRV_SWAP,North Macedonia,0.00064
2022,EN_LKRV_SWAP,North Macedonia,0.00067
2000,EN_LKRV_SWAP,United Kingdom of Great Britain and Northern Ireland,0.00023
2001,EN_LKRV_SWAP,United Kingdom of Great Britain and Northern Ireland,0.00043
2002,EN_LKRV_SWAP,United Kingdom of Great Britain and Northern Ireland,0.00057
2003,EN_LKRV_SWAP,United Kingdom of Great Britain and Northern Ireland,0.00069
2004,EN_LKRV_SWAP,United Kingdom of Great Britain and Northern Ireland,0.00072
2005,EN_LKRV_SWAP,United Kingdom of Great Britain and Northern Ireland,0.00073
2006,EN_LKRV_SWAP,United Kingdom of Great Britain and Northern Ireland,0.00058
2007,EN_LKRV_SWAP,United Kingdom of Great Britain and Northern Ireland,0.00051
2008,EN_LKRV_SWAP,United Kingdom of Great Britain and Northern Ireland,0.0004
2009,EN_LKRV_SWAP,United Kingdom of Great Britain and Northern Ireland,0.00025
2010,EN_LKRV_SWAP,United Kingdom of Great Britain and Northern Ireland,0.00031
2011,EN_LKRV_SWAP,United Kingdom of Great Britain and Northern Ireland,0.00036
2012,EN_LKRV_SWAP,United Kingdom of Great Britain and Northern Ireland,0.00048
2013,EN_LKRV_SWAP,United Kingdom of Great Britain and Northern Ireland,0.00052
2014,EN_LKRV_SWAP,United Kingdom of Great Britain and Northern Ireland,0.00071
2015,EN_LKRV_SWAP,United Kingdom of Great Britain and Northern Ireland,0.00085
2016,EN_LKRV_SWAP,United Kingdom of Great Britain and Northern Ireland,0.00102
2017,EN_LKRV_SWAP,United Kingdom of Great Britain and Northern Ireland,0.00117
2018,EN_LKRV_SWAP,United Kingdom of Great Britain and Northern Ireland,0.0014
2019,EN_LKRV_SWAP,United Kingdom of Great Britain and Northern Ireland,0.00152
2020,EN_LKRV_SWAP,United Kingdom of Great Britain and Northern Ireland,0.00159
2021,EN_LKRV_SWAP,United Kingdom of Great Britain and Northern Ireland,0.00171
2022,EN_LKRV_SWAP,United Kingdom of Great Britain and Northern Ireland,0.00179
2000,EN_LKRV_SWAP,Узбекистан,0.01065
2001,EN_LKRV_SWAP,Узбекистан,0.01116
2002,EN_LKRV_SWAP,Узбекистан,0.01056
2003,EN_LKRV_SWAP,Узбекистан,0.01135
2004,EN_LKRV_SWAP,Узбекистан,0.01035
2005,EN_LKRV_SWAP,Узбекистан,0.0102
2006,EN_LKRV_SWAP,Узбекистан,0.01047
2007,EN_LKRV_SWAP,Узбекистан,0.01248
2008,EN_LKRV_SWAP,Узбекистан,0.01353
2009,EN_LKRV_SWAP,Узбекистан,0.01464
2010,EN_LKRV_SWAP,Узбекистан,0.01576
2011,EN_LKRV_SWAP,Узбекистан,0.01593
2012,EN_LKRV_SWAP,Узбекистан,0.01639
2013,EN_LKRV_SWAP,Узбекистан,0.01692
2014,EN_LKRV_SWAP,Узбекистан,0.01753
2015,EN_LKRV_SWAP,Узбекистан,0.01633
2016,EN_LKRV_SWAP,Узбекистан,0.01759
2017,EN_LKRV_SWAP,Узбекистан,0.02017
2018,EN_LKRV_SWAP,Узбекистан,0.02219
2018,EN_LKRV_SWAP,Italy,0.00234
2019,EN_LKRV_SWAP,Italy,0.0025
2020,EN_LKRV_SWAP,Italy,0.00269
2021,EN_LKRV_SWAP,Italy,0.00283
2022,EN_LKRV_SWAP,Italy,0.00283
2000,EN_LKRV_SWAP,Japan,0.00197
2001,EN_LKRV_SWAP,Japan,0.00201
2002,EN_LKRV_SWAP,Japan,0.00205
2003,EN_LKRV_SWAP,Japan,0.00213
2004,EN_LKRV_SWAP,Japan,0.0022
2005,EN_LKRV_SWAP,Japan,0.00224
2006,EN_LKRV_SWAP,Japan,0.00224
2007,EN_LKRV_SWAP,Japan,0.0022
2008,EN_LKRV_SWAP,Japan,0.00216
2009,EN_LKRV_SWAP,Japan,0.00223
2010,EN_LKRV_SWAP,Japan,0.00209
2011,EN_LKRV_SWAP,Japan,0.00198
2012,EN_LKRV_SWAP,Japan,0.0019
2013,EN_LKRV_SWAP,Japan,0.0018
2014,EN_LKRV_SWAP,Japan,0.00177
2015,EN_LKRV_SWAP,Japan,0.00192
2016,EN_LKRV_SWAP,Japan,0.00204
2017,EN_LKRV_SWAP,Japan,0.00221
2018,EN_LKRV_SWAP,Japan,0.00246
2019,EN_LKRV_SWAP,Japan,0.00261
2020,EN_LKRV_SWAP,Japan,0.00272
2021,EN_LKRV_SWAP,Japan,0.00288
2022,EN_LKRV_SWAP,Japan,0.00299
2000,EN_LKRV_SWAP,Казахстан,0.00443
2001,EN_LKRV_SWAP,Казахстан,0.00542
2002,EN_LKRV_SWAP,Казахстан,0.00636
2003,EN_LKRV_SWAP,Казахстан,0.00813
2004,EN_LKRV_SWAP,Казахстан,0.00818
2005,EN_LKRV_SWAP,Казахстан,0.0093
2006,EN_LKRV_SWAP,Казахстан,0.0097
2007,EN_LKRV_SWAP,Казахстан,0.00992
2008,EN_LKRV_SWAP,Казахстан,0.01056
2009,EN_LKRV_SWAP,Казахстан,0.01137
2010,EN_LKRV_SWAP,Казахстан,0.01161
2011,EN_LKRV_SWAP,Казахстан,0.01205
2012,EN_LKRV_SWAP,Казахстан,0.01273
2013,EN_LKRV_SWAP,Казахстан,0.01245
2014,EN_LKRV_SWAP,Казахстан,0.01271
2015,EN_LKRV_SWAP,Казахстан,0.0135
2016,EN_LKRV_SWAP,Казахстан,0.0136
2017,EN_LKRV_SWAP,Казахстан,0.01531
2018,EN_LKRV_SWAP,Казахстан,0.01723
2019,EN_LKRV_SWAP,Казахстан,0.01861
2020,EN_LKRV_SWAP,Казахстан,0.01918
2021,EN_LKRV_SWAP,Казахстан,0.0197
2022,EN_LKRV_SWAP,Казахстан,0.01861
2000,EN_LKRV_SWAP,Republic of Korea,0.00667
2001,EN_LKRV_SWAP,Republic of Korea,0.00666
2002,EN_LKRV_SWAP,Republic of Korea,0.00656
2003,EN_LKRV_SWAP,Republic of Korea,0.00681
2004,EN_LKRV_SWAP,Republic of Korea,0.00693
2005,EN_LKRV_SWAP,Republic of Korea,0.00691
2006,EN_LKRV_SWAP,Republic of Korea,0.00683
2007,EN_LKRV_SWAP,Republic of Korea,0.00667
2008,EN_LKRV_SWAP,Republic of Korea,0.00657
2009,EN_LKRV_SWAP,Republic of Korea,0.00654
2010,EN_LKRV_SWAP,Republic of Korea,0.00635
2011,EN_LKRV_SWAP,Republic of Korea,0.00617
2012,EN_LKRV_SWAP,Republic of Korea,0.00589
2013,EN_LKRV_SWAP,Republic of Korea,0.0057
2014,EN_LKRV_SWAP,Republic of Korea,0.00564
2015,EN_LKRV_SWAP,Republic of Korea,0.0057
2016,EN_LKRV_SWAP,Republic of Korea,0.00575
2017,EN_LKRV_SWAP,Republic of Korea,0.00623
2018,EN_LKRV_SWAP,Republic of Korea,0.00644
2019,EN_LKRV_SWAP,Republic of Korea,0.00649
2020,EN_LKRV_SWAP,Republic of Korea,0.00664
2021,EN_LKRV_SWAP,Republic of Korea,0.00689
2022,EN_LKRV_SWAP,Republic of Korea,0.0068
2000,EN_LKRV_SWAP,Кыргызстан,0.00077
2001,EN_LKRV_SWAP,Кыргызстан,0.00082
2002,EN_LKRV_SWAP,Кыргызстан,0.00081
2003,EN_LKRV_SWAP,Кыргызстан,0.00094
2004,EN_LKRV_SWAP,Кыргызстан,0.00095
2005,EN_LKRV_SWAP,Кыргызстан,0.00095
2006,EN_LKRV_SWAP,Кыргызстан,0.00099
2007,EN_LKRV_SWAP,Кыргызстан,0.00106
2008,EN_LKRV_SWAP,Кыргызстан,0.00105
2009,EN_LKRV_SWAP,Кыргызстан,0.00107
2010,EN_LKRV_SWAP,Кыргызстан,0.00106
2011,EN_LKRV_SWAP,Кыргызстан,0.00112
2012,EN_LKRV_SWAP,Кыргызстан,0.00118
2013,EN_LKRV_SWAP,Кыргызстан,0.00121
2014,EN_LKRV_SWAP,Кыргызстан,0.00125
2015,EN_LKRV_SWAP,Кыргызстан,0.00127
2016,EN_LKRV_SWAP,Кыргызстан,0.00128
2017,EN_LKRV_SWAP,Кыргызстан,0.00141
2018,EN_LKRV_SWAP,Кыргызстан,0.0016
2019,EN_LKRV_SWAP,Кыргызстан,0.00174
2020,EN_LKRV_SWAP,Кыргызстан,0.00189
2021,EN_LKRV_SWAP,Кыргызстан,0.00202
2022,EN_LKRV_SWAP,Кыргызстан,0.00202
2000,EN_LKRV_SWAP,Latvia,0.00119
2001,EN_LKRV_SWAP,Latvia,0.00198
2002,EN_LKRV_SWAP,Latvia,0.00282
2003,EN_LKRV_SWAP,Latvia,0.00359
2004,EN_LKRV_SWAP,Latvia,0.00359
2005,EN_LKRV_SWAP,Latvia,0.00424
2006,EN_LKRV_SWAP,Latvia,0.00432
2007,EN_LKRV_SWAP,Latvia,0.00433
2008,EN_LKRV_SWAP,Latvia,0.00439
2009,EN_LKRV_SWAP,Latvia,0.00437
2010,EN_LKRV_SWAP,Latvia,0.0043
2011,EN_LKRV_SWAP,Latvia,0.00433
2012,EN_LKRV_SWAP,Latvia,0.00445
2013,EN_LKRV_SWAP,Latvia,0.00424
2014,EN_LKRV_SWAP,Latvia,0.00439
2015,EN_LKRV_SWAP,Latvia,0.00446
2016,EN_LKRV_SWAP,Latvia,0.00444
2017,EN_LKRV_SWAP,Latvia,0.00452
2018,EN_LKRV_SWAP,Latvia,0.00488
2019,EN_LKRV_SWAP,Latvia,0.00504
2020,EN_LKRV_SWAP,Latvia,0.00521
2021,EN_LKRV_SWAP,Latvia,0.00548
2022,EN_LKRV_SWAP,Latvia,0.00549
2000,EN_LKRV_SWAP,Liechtenstein,0.00016
2001,EN_LKRV_SWAP,Liechtenstein,0.00026
2002,EN_LKRV_SWAP,Liechtenstein,0.00041
2003,EN_LKRV_SWAP,Liechtenstein,0.00056
2004,EN_LKRV_SWAP,Liechtenstein,0.00061
2005,EN_LKRV_SWAP,Liechtenstein,0.00066
2006,EN_LKRV_SWAP,Liechtenstein,0.00074
2007,EN_LKRV_SWAP,Liechtenstein,0.00074
2008,EN_LKRV_SWAP,Liechtenstein,0.00061
2009,EN_LKRV_SWAP,Liechtenstein,0.0005
2010,EN_LKRV_SWAP,Liechtenstein,0.00047
2011,EN_LKRV_SWAP,Liechtenstein,0.0004
2012,EN_LKRV_SWAP,Liechtenstein,0.00039
2013,EN_LKRV_SWAP,Liechtenstein,0.00051
2014,EN_LKRV_SWAP,Liechtenstein,0.00063
2015,EN_LKRV_SWAP,Liechtenstein,0.00074
2016,EN_LKRV_SWAP,Liechtenstein,0.00091
2017,EN_LKRV_SWAP,Liechtenstein,0.00103
2018,EN_LKRV_SWAP,Liechtenstein,0.00105
2019,EN_LKRV_SWAP,Liechtenstein,0.00119
2020,EN_LKRV_SWAP,Liechtenstein,0.00126
2021,EN_LKRV_SWAP,Liechtenstein,0.00135
2022,EN_LKRV_SWAP,Liechtenstein,0.00149
2000,EN_LKRV_SWAP,Lithuania,0.00107
2001,EN_LKRV_SWAP,Lithuania,0.00169
2002,EN_LKRV_SWAP,Lithuania,0.00237
2003,EN_LKRV_SWAP,Lithuania,0.00297
2004,EN_LKRV_SWAP,Lithuania,0.00294
2005,EN_LKRV_SWAP,Lithuania,0.00355
2006,EN_LKRV_SWAP,Lithuania,0.00372
2007,EN_LKRV_SWAP,Lithuania,0.00375
2008,EN_LKRV_SWAP,Lithuania,0.00383
2009,EN_LKRV_SWAP,Lithuania,0.00376
2010,EN_LKRV_SWAP,Lithuania,0.00362
2011,EN_LKRV_SWAP,Lithuania,0.00359
2012,EN_LKRV_SWAP,Lithuania,0.00374
2013,EN_LKRV_SWAP,Lithuania,0.00347
2014,EN_LKRV_SWAP,Lithuania,0.00368
2015,EN_LKRV_SWAP,Lithuania,0.00377
2016,EN_LKRV_SWAP,Lithuania,0.00371
2017,EN_LKRV_SWAP,Lithuania,0.00371
2018,EN_LKRV_SWAP,Lithuania,0.0041
2019,EN_LKRV_SWAP,Lithuania,0.00424
2020,EN_LKRV_SWAP,Lithuania,0.00439
2021,EN_LKRV_SWAP,Lithuania,0.00463
2022,EN_LKRV_SWAP,Lithuania,0.00463
2000,EN_LKRV_SWAP,Luxembourg,0.0002
2001,EN_LKRV_SWAP,Luxembourg,0.00028
2002,EN_LKRV_SWAP,Luxembourg,0.00041
2003,EN_LKRV_SWAP,Luxembourg,0.00043
2004,EN_LKRV_SWAP,Luxembourg,0.00042
2005,EN_LKRV_SWAP,Luxembourg,0.00047
2006,EN_LKRV_SWAP,Luxembourg,0.00048
2007,EN_LKRV_SWAP,Luxembourg,0.00045
2008,EN_LKRV_SWAP,Luxembourg,0.00042
2009,EN_LKRV_SWAP,Luxembourg,0.00041
2010,EN_LKRV_SWAP,Luxembourg,0.00044
2011,EN_LKRV_SWAP,Luxembourg,0.00044
2012,EN_LKRV_SWAP,Luxembourg,0.00045
2013,EN_LKRV_SWAP,Luxembourg,0.00047
2014,EN_LKRV_SWAP,Luxembourg,0.00048
2015,EN_LKRV_SWAP,Luxembourg,0.00047
2016,EN_LKRV_SWAP,Luxembourg,0.00048
2017,EN_LKRV_SWAP,Luxembourg,0.00046
2018,EN_LKRV_SWAP,Luxembourg,0.00053
2019,EN_LKRV_SWAP,Luxembourg,0.00057
2020,EN_LKRV_SWAP,Luxembourg,0.00062
2021,EN_LKRV_SWAP,Luxembourg,0.00065
2022,EN_LKRV_SWAP,Luxembourg,0.00071
2000,EN_LKRV_SWAP,Malta,2e-05
2001,EN_LKRV_SWAP,Malta,0.00046
2002,EN_LKRV_SWAP,Malta,0.00059
2003,EN_LKRV_SWAP,Malta,0.00099
2004,EN_LKRV_SWAP,Malta,0.00131
2005,EN_LKRV_SWAP,Malta,0.00159
2006,EN_LKRV_SWAP,Malta,0.00123
2007,EN_LKRV_SWAP,Malta,0.00124
2008,EN_LKRV_SWAP,Malta,0.00103
2009,EN_LKRV_SWAP,Malta,0.00085
2010,EN_LKRV_SWAP,Malta,0.00089
2011,EN_LKRV_SWAP,Malta,0.00098
2012,EN_LKRV_SWAP,Malta,0.00119
2013,EN_LKRV_SWAP,Malta,0.00132
2014,EN_LKRV_SWAP,Malta,0.00145
2015,EN_LKRV_SWAP,Malta,0.00135
2016,EN_LKRV_SWAP,Malta,0.00162
2017,EN_LKRV_SWAP,Malta,0.00167
2018,EN_LKRV_SWAP,Malta,0.00174
2019,EN_LKRV_SWAP,Malta,0.00194
2020,EN_LKRV_SWAP,Malta,0.00211
2021,EN_LKRV_SWAP,Malta,0.00234
2022,EN_LKRV_SWAP,Malta,0.00263
2000,EN_LKRV_SWAP,Mexico,0.00545
2001,EN_LKRV_SWAP,Mexico,0.0054
2002,EN_LKRV_SWAP,Mexico,0.0053
2003,EN_LKRV_SWAP,Mexico,0.00519
2004,EN_LKRV_SWAP,Mexico,0.00502
2005,EN_LKRV_SWAP,Mexico,0.00483
2006,EN_LKRV_SWAP,Mexico,0.00482
2007,EN_LKRV_SWAP,Mexico,0.00488
2008,EN_LKRV_SWAP,Mexico,0.0049
2009,EN_LKRV_SWAP,Mexico,0.00509
2010,EN_LKRV_SWAP,Mexico,0.00517
2011,EN_LKRV_SWAP,Mexico,0.00527
2012,EN_LKRV_SWAP,Mexico,0.00527
2013,EN_LKRV_SWAP,Mexico,0.0051
2014,EN_LKRV_SWAP,Mexico,0.00518
2015,EN_LKRV_SWAP,Mexico,0.00533
2016,EN_LKRV_SWAP,Mexico,0.00536
2017,EN_LKRV_SWAP,Mexico,0.00542
2018,EN_LKRV_SWAP,Mexico,0.00578
2019,EN_LKRV_SWAP,Mexico,0.00566
2020,EN_LKRV_SWAP,Mexico,0.00551
2021,EN_LKRV_SWAP,Mexico,0.0056
2022,EN_LKRV_SWAP,Mexico,0.00573
2000,EN_LKRV_SWAP,Republic of Moldova,0.00145
2001,EN_LKRV_SWAP,Republic of Moldova,0.00179
2002,EN_LKRV_SWAP,Republic of Moldova,0.00221
2003,EN_LKRV_SWAP,Republic of Moldova,0.00254
2004,EN_LKRV_SWAP,Republic of Moldova,0.00295
2005,EN_LKRV_SWAP,Republic of Moldova,0.00319
2006,EN_LKRV_SWAP,Republic of Moldova,0.00322
2007,EN_LKRV_SWAP,Republic of Moldova,0.00333
2008,EN_LKRV_SWAP,Republic of Moldova,0.00337
2009,EN_LKRV_SWAP,Republic of Moldova,0.00335
2010,EN_LKRV_SWAP,Republic of Moldova,0.00352
2011,EN_LKRV_SWAP,Republic of Moldova,0.00376
2012,EN_LKRV_SWAP,Republic of Moldova,0.00385
2013,EN_LKRV_SWAP,Republic of Moldova,0.00395
2014,EN_LKRV_SWAP,Republic of Moldova,0.00389
2015,EN_LKRV_SWAP,Republic of Moldova,0.0037
2016,EN_LKRV_SWAP,Republic of Moldova,0.0035
2017,EN_LKRV_SWAP,Republic of Moldova,0.00332
2018,EN_LKRV_SWAP,Republic of Moldova,0.00324
2019,EN_LKRV_SWAP,Republic of Moldova,0.00329
2020,EN_LKRV_SWAP,Republic of Moldova,0.00347
2021,EN_LKRV_SWAP,Republic of Moldova,0.00357
2022,EN_LKRV_SWAP,Republic of Moldova,0.00372
2006,EN_LKRV_SWAP,Montenegro,0.00525
2007,EN_LKRV_SWAP,Montenegro,0.00529
2008,EN_LKRV_SWAP,Montenegro,0.00535
2009,EN_LKRV_SWAP,Montenegro,0.00523
2010,EN_LKRV_SWAP,Montenegro,0.00517
2011,EN_LKRV_SWAP,Montenegro,0.00517
2012,EN_LKRV_SWAP,Montenegro,0.00507
2013,EN_LKRV_SWAP,Montenegro,0.00517
2014,EN_LKRV_SWAP,Montenegro,0.0054
2015,EN_LKRV_SWAP,Montenegro,0.0054
2016,EN_LKRV_SWAP,Montenegro,0.00542
2017,EN_LKRV_SWAP,Montenegro,0.00568
2018,EN_LKRV_SWAP,Montenegro,0.00572
2019,EN_LKRV_SWAP,Montenegro,0.00581
2020,EN_LKRV_SWAP,Montenegro,0.0057
2021,EN_LKRV_SWAP,Montenegro,0.00568
2022,EN_LKRV_SWAP,Montenegro,0.00565
2012,EN_LKRV_SWAP,Armenia,0.00113
2013,EN_LKRV_SWAP,Armenia,0.0011
2014,EN_LKRV_SWAP,Armenia,0.00111
2015,EN_LKRV_SWAP,Armenia,0.00111
2016,EN_LKRV_SWAP,Armenia,0.00111
2017,EN_LKRV_SWAP,Armenia,0.00117
2018,EN_LKRV_SWAP,Armenia,0.00119
2019,EN_LKRV_SWAP,Armenia,0.00121
2020,EN_LKRV_SWAP,Armenia,0.00127
2021,EN_LKRV_SWAP,Armenia,0.00132
2022,EN_LKRV_SWAP,Armenia,0.00134
2019,EN_LKRV_SWAP,Узбекистан,0.02349
2020,EN_LKRV_SWAP,Узбекистан,0.02493
2021,EN_LKRV_SWAP,Узбекистан,0.02383
2022,EN_LKRV_SWAP,Узбекистан,0.0199
2022,EN_LKRV_SWAP,Узбекистан,0.0199
