Year,SeriesCode,Страна ,Deviation Level,Value
2017,EN_LKW_QLTRST,Czechia,MEDIUM,21.98488
2017,EN_LKW_QLTRST,Czechia,LOW,65.73582
2017,EN_LKW_QLTRST,Czechia,EXTREME,2.42179
2017,EN_LKW_QLTRST,Czechia,HIGH,9.85751
2018,EN_LKW_QLTRST,Czechia,LOW,66.23291
2018,EN_LKW_QLTRST,Czechia,HIGH,10.51347
2018,EN_LKW_QLTRST,Czechia,EXTREME,1.5653
2018,EN_LKW_QLTRST,Czechia,MEDIUM,21.68832
2019,EN_LKW_QLTRST,Czechia,HIGH,6.54101
2019,EN_LKW_QLTRST,Czechia,LOW,78.37523
2019,EN_LKW_QLTRST,Czechia,EXTREME,1.42023
2019,EN_LKW_QLTRST,Czechia,MEDIUM,13.66353
2020,EN_LKW_QLTRST,Czechia,LOW,79.80368
2020,EN_LKW_QLTRST,Czechia,MEDIUM,13.22456
2020,EN_LKW_QLTRST,Czechia,HIGH,5.59593
2020,EN_LKW_QLTRST,Czechia,EXTREME,1.37583
2021,EN_LKW_QLTRST,Czechia,HIGH,4.40643
2021,EN_LKW_QLTRST,Czechia,EXTREME,1.03074
2021,EN_LKW_QLTRST,Czechia,LOW,82.67311
2021,EN_LKW_QLTRST,Czechia,MEDIUM,11.88972
2017,EN_LKW_QLTRST,Denmark,MEDIUM,12.15851
2017,EN_LKW_QLTRST,Denmark,LOW,84.76083
2017,EN_LKW_QLTRST,Denmark,EXTREME,0.50081
2017,EN_LKW_QLTRST,Denmark,HIGH,2.57985
2018,EN_LKW_QLTRST,Denmark,LOW,85.60143
2018,EN_LKW_QLTRST,Denmark,EXTREME,0.28004
2018,EN_LKW_QLTRST,Denmark,HIGH,1.62403
2018,EN_LKW_QLTRST,Denmark,MEDIUM,12.4945
2019,EN_LKW_QLTRST,Denmark,MEDIUM,8.7694
2019,EN_LKW_QLTRST,Denmark,LOW,89.38386
2019,EN_LKW_QLTRST,Denmark,HIGH,1.50434
2019,EN_LKW_QLTRST,Denmark,EXTREME,0.3424
2020,EN_LKW_QLTRST,Denmark,HIGH,1.46975
2020,EN_LKW_QLTRST,Denmark,LOW,91.39674
2020,EN_LKW_QLTRST,Denmark,MEDIUM,6.72236
2020,EN_LKW_QLTRST,Denmark,EXTREME,0.41114
2021,EN_LKW_QLTRST,Denmark,HIGH,1.37402
2021,EN_LKW_QLTRST,Denmark,EXTREME,0.40094
2021,EN_LKW_QLTRST,Denmark,LOW,93.28131
2021,EN_LKW_QLTRST,Denmark,MEDIUM,4.94373
2017,EN_LKW_QLTRST,Estonia,EXTREME,0.00742
2017,EN_LKW_QLTRST,Estonia,LOW,85.88477
2017,EN_LKW_QLTRST,Estonia,HIGH,0.93415
2017,EN_LKW_QLTRST,Estonia,MEDIUM,4.84033
2018,EN_LKW_QLTRST,Estonia,MEDIUM,1.02566
2018,EN_LKW_QLTRST,Estonia,LOW,73.93835
2018,EN_LKW_QLTRST,Estonia,EXTREME,0.00649
2018,EN_LKW_QLTRST,Estonia,HIGH,0.0295
2019,EN_LKW_QLTRST,Estonia,LOW,89.43177
2019,EN_LKW_QLTRST,Estonia,MEDIUM,2.19429
2019,EN_LKW_QLTRST,Estonia,HIGH,0.03664
2019,EN_LKW_QLTRST,Estonia,EXTREME,0.00397
2020,EN_LKW_QLTRST,Estonia,EXTREME,0.14433
2020,EN_LKW_QLTRST,Estonia,HIGH,0.35246
2020,EN_LKW_QLTRST,Estonia,MEDIUM,2.90749
2020,EN_LKW_QLTRST,Estonia,LOW,88.26239
2021,EN_LKW_QLTRST,Estonia,EXTREME,0.01207
2021,EN_LKW_QLTRST,Estonia,HIGH,0.07702
2021,EN_LKW_QLTRST,Estonia,LOW,91.11439
2021,EN_LKW_QLTRST,Estonia,MEDIUM,0.4632
2017,EN_LKW_QLTRST,Finland,MEDIUM,15.92155
2017,EN_LKW_QLTRST,Finland,HIGH,11.27694
2017,EN_LKW_QLTRST,Finland,EXTREME,2.39584
2017,EN_LKW_QLTRST,Finland,LOW,53.73901
2018,EN_LKW_QLTRST,Finland,MEDIUM,16.46186
2018,EN_LKW_QLTRST,Finland,EXTREME,1.59158
2018,EN_LKW_QLTRST,Finland,LOW,56.03452
2018,EN_LKW_QLTRST,Finland,HIGH,9.24537
2019,EN_LKW_QLTRST,Finland,LOW,61.72529
2019,EN_LKW_QLTRST,Finland,HIGH,3.58859
2019,EN_LKW_QLTRST,Finland,MEDIUM,9.00698
2019,EN_LKW_QLTRST,Finland,EXTREME,0.67913
2017,EN_LKW_QLTRST,Albania,EXTREME,0.24085
2017,EN_LKW_QLTRST,Albania,HIGH,1.83638
2017,EN_LKW_QLTRST,Albania,MEDIUM,6.69264
2017,EN_LKW_QLTRST,Albania,LOW,91.23014
2018,EN_LKW_QLTRST,Albania,HIGH,3.54366
2018,EN_LKW_QLTRST,Albania,LOW,88.56531
2018,EN_LKW_QLTRST,Albania,MEDIUM,7.79387
2018,EN_LKW_QLTRST,Albania,EXTREME,0.09715
2019,EN_LKW_QLTRST,Albania,EXTREME,0.02649
2019,EN_LKW_QLTRST,Albania,MEDIUM,4.84949
2019,EN_LKW_QLTRST,Albania,LOW,94.51049
2019,EN_LKW_QLTRST,Albania,HIGH,0.61353
2020,EN_LKW_QLTRST,Finland,MEDIUM,11.0081
2020,EN_LKW_QLTRST,Finland,EXTREME,1.35052
2020,EN_LKW_QLTRST,Finland,LOW,66.07196
2020,EN_LKW_QLTRST,Finland,HIGH,4.90276
2021,EN_LKW_QLTRST,Finland,MEDIUM,12.41972
2021,EN_LKW_QLTRST,Finland,EXTREME,1.09327
2021,EN_LKW_QLTRST,Finland,HIGH,4.55695
2021,EN_LKW_QLTRST,Finland,LOW,65.2634
2017,EN_LKW_QLTRST,France,LOW,91.78737
2017,EN_LKW_QLTRST,France,HIGH,1.60711
2017,EN_LKW_QLTRST,France,MEDIUM,6.59064
2017,EN_LKW_QLTRST,France,EXTREME,0.01488
2018,EN_LKW_QLTRST,France,MEDIUM,10.31384
2018,EN_LKW_QLTRST,France,LOW,88.8925
2018,EN_LKW_QLTRST,France,EXTREME,0.04714
2018,EN_LKW_QLTRST,France,HIGH,0.74652
2019,EN_LKW_QLTRST,France,EXTREME,0.07753
2019,EN_LKW_QLTRST,France,HIGH,0.73671
2019,EN_LKW_QLTRST,France,MEDIUM,2.97294
2019,EN_LKW_QLTRST,France,LOW,96.21281
2020,EN_LKW_QLTRST,France,MEDIUM,2.60045
2020,EN_LKW_QLTRST,France,EXTREME,0.03572
2020,EN_LKW_QLTRST,France,LOW,96.71978
2020,EN_LKW_QLTRST,France,HIGH,0.64405
2021,EN_LKW_QLTRST,France,HIGH,2.85386
2021,EN_LKW_QLTRST,France,LOW,89.06531
2021,EN_LKW_QLTRST,France,EXTREME,0.24271
2021,EN_LKW_QLTRST,France,MEDIUM,7.83812
2017,EN_LKW_QLTRST,Germany,EXTREME,0.05838
2017,EN_LKW_QLTRST,Germany,HIGH,2.65144
2017,EN_LKW_QLTRST,Germany,LOW,86.33252
2017,EN_LKW_QLTRST,Germany,MEDIUM,10.95766
2018,EN_LKW_QLTRST,Germany,EXTREME,0.07395
2018,EN_LKW_QLTRST,Germany,MEDIUM,9.62477
2018,EN_LKW_QLTRST,Germany,HIGH,1.66256
2018,EN_LKW_QLTRST,Germany,LOW,88.63872
2019,EN_LKW_QLTRST,Germany,EXTREME,0.02241
2019,EN_LKW_QLTRST,Germany,HIGH,0.61291
2019,EN_LKW_QLTRST,Germany,LOW,94.16334
2019,EN_LKW_QLTRST,Germany,MEDIUM,5.20134
2020,EN_LKW_QLTRST,Germany,EXTREME,0.05835
2020,EN_LKW_QLTRST,Germany,LOW,95.22443
2020,EN_LKW_QLTRST,Germany,MEDIUM,4.19383
2020,EN_LKW_QLTRST,Germany,HIGH,0.52338
2021,EN_LKW_QLTRST,Germany,MEDIUM,4.37472
2021,EN_LKW_QLTRST,Germany,EXTREME,0.03748
2021,EN_LKW_QLTRST,Germany,LOW,95.009
2021,EN_LKW_QLTRST,Germany,HIGH,0.5788
2017,EN_LKW_QLTRST,Greece,EXTREME,0.00589
2017,EN_LKW_QLTRST,Greece,LOW,94.89454
2017,EN_LKW_QLTRST,Greece,MEDIUM,4.90952
2017,EN_LKW_QLTRST,Greece,HIGH,0.19006
2018,EN_LKW_QLTRST,Greece,EXTREME,0.00261
2018,EN_LKW_QLTRST,Greece,HIGH,1.77207
2018,EN_LKW_QLTRST,Greece,MEDIUM,16.16464
2018,EN_LKW_QLTRST,Greece,LOW,82.06068
2019,EN_LKW_QLTRST,Greece,HIGH,3.02415
2019,EN_LKW_QLTRST,Greece,EXTREME,0.0
2019,EN_LKW_QLTRST,Greece,LOW,90.01581
2019,EN_LKW_QLTRST,Greece,MEDIUM,6.96003
2020,EN_LKW_QLTRST,Albania,MEDIUM,6.75361
2020,EN_LKW_QLTRST,Albania,EXTREME,0.01383
2020,EN_LKW_QLTRST,Albania,HIGH,0.4307
2020,EN_LKW_QLTRST,Albania,LOW,92.80185
2021,EN_LKW_QLTRST,Albania,HIGH,2.46875
2021,EN_LKW_QLTRST,Albania,LOW,90.75018
2021,EN_LKW_QLTRST,Albania,MEDIUM,6.74656
2021,EN_LKW_QLTRST,Albania,EXTREME,0.0345
2017,EN_LKW_QLTRST,Azerbaijan,MEDIUM,1.48417
2017,EN_LKW_QLTRST,Azerbaijan,EXTREME,0.16181
2017,EN_LKW_QLTRST,Azerbaijan,LOW,98.1328
2017,EN_LKW_QLTRST,Azerbaijan,HIGH,0.22121
2018,EN_LKW_QLTRST,Azerbaijan,EXTREME,0.15992
2018,EN_LKW_QLTRST,Azerbaijan,LOW,97.6812
2018,EN_LKW_QLTRST,Azerbaijan,MEDIUM,1.91806
2018,EN_LKW_QLTRST,Azerbaijan,HIGH,0.24082
2019,EN_LKW_QLTRST,Azerbaijan,EXTREME,0.19848
2019,EN_LKW_QLTRST,Azerbaijan,HIGH,0.23096
2019,EN_LKW_QLTRST,Azerbaijan,MEDIUM,4.29338
2019,EN_LKW_QLTRST,Azerbaijan,LOW,95.27718
2020,EN_LKW_QLTRST,Azerbaijan,LOW,96.42469
2020,EN_LKW_QLTRST,Azerbaijan,HIGH,0.27943
2020,EN_LKW_QLTRST,Azerbaijan,EXTREME,0.23828
2020,EN_LKW_QLTRST,Azerbaijan,MEDIUM,3.0576
2020,EN_LKW_QLTRST,Greece,HIGH,0.15341
2020,EN_LKW_QLTRST,Greece,LOW,98.72559
2020,EN_LKW_QLTRST,Greece,MEDIUM,1.08344
2020,EN_LKW_QLTRST,Greece,EXTREME,0.03757
2021,EN_LKW_QLTRST,Greece,MEDIUM,1.87694
2021,EN_LKW_QLTRST,Greece,LOW,97.93807
2021,EN_LKW_QLTRST,Greece,HIGH,0.153
2021,EN_LKW_QLTRST,Greece,EXTREME,0.03199
2017,EN_LKW_QLTRST,Hungary,HIGH,0.08173
2017,EN_LKW_QLTRST,Hungary,EXTREME,0.01177
2017,EN_LKW_QLTRST,Hungary,LOW,99.32106
2017,EN_LKW_QLTRST,Hungary,MEDIUM,0.58544
2018,EN_LKW_QLTRST,Hungary,HIGH,0.07065
2018,EN_LKW_QLTRST,Hungary,EXTREME,0.01239
2018,EN_LKW_QLTRST,Hungary,MEDIUM,0.28062
2018,EN_LKW_QLTRST,Hungary,LOW,99.63633
2019,EN_LKW_QLTRST,Hungary,HIGH,0.04142
2019,EN_LKW_QLTRST,Hungary,EXTREME,0.00223
2019,EN_LKW_QLTRST,Hungary,MEDIUM,0.34666
2019,EN_LKW_QLTRST,Hungary,LOW,99.6097
2020,EN_LKW_QLTRST,Hungary,LOW,99.67085
2020,EN_LKW_QLTRST,Hungary,HIGH,0.08132
2020,EN_LKW_QLTRST,Hungary,EXTREME,0.00648
2020,EN_LKW_QLTRST,Hungary,MEDIUM,0.24136
2021,EN_LKW_QLTRST,Hungary,HIGH,0.07418
2021,EN_LKW_QLTRST,Hungary,MEDIUM,0.28597
2021,EN_LKW_QLTRST,Hungary,EXTREME,0.01329
2021,EN_LKW_QLTRST,Hungary,LOW,99.62656
2017,EN_LKW_QLTRST,Iceland,LOW,68.22261
2017,EN_LKW_QLTRST,Iceland,EXTREME,1.13865
2017,EN_LKW_QLTRST,Iceland,MEDIUM,12.3901
2017,EN_LKW_QLTRST,Iceland,HIGH,1.58198
2018,EN_LKW_QLTRST,Iceland,HIGH,2.96569
2018,EN_LKW_QLTRST,Iceland,EXTREME,0.02889
2018,EN_LKW_QLTRST,Iceland,LOW,64.96072
2018,EN_LKW_QLTRST,Iceland,MEDIUM,7.0447
2021,EN_LKW_QLTRST,Azerbaijan,MEDIUM,1.21402
2021,EN_LKW_QLTRST,Azerbaijan,LOW,98.40517
2021,EN_LKW_QLTRST,Azerbaijan,EXTREME,0.22388
2021,EN_LKW_QLTRST,Azerbaijan,HIGH,0.15693
2017,EN_LKW_QLTRST,Australia,MEDIUM,3.38159
2017,EN_LKW_QLTRST,Australia,LOW,94.12401
2017,EN_LKW_QLTRST,Australia,EXTREME,1.25897
2017,EN_LKW_QLTRST,Australia,HIGH,1.23543
2018,EN_LKW_QLTRST,Australia,HIGH,1.02152
2018,EN_LKW_QLTRST,Australia,EXTREME,0.88284
2018,EN_LKW_QLTRST,Australia,LOW,95.49577
2018,EN_LKW_QLTRST,Australia,MEDIUM,2.59986
2019,EN_LKW_QLTRST,Iceland,LOW,71.91504
2019,EN_LKW_QLTRST,Iceland,HIGH,0.19543
2019,EN_LKW_QLTRST,Iceland,EXTREME,0.00303
2019,EN_LKW_QLTRST,Iceland,MEDIUM,2.88649
2020,EN_LKW_QLTRST,Iceland,LOW,65.89318
2020,EN_LKW_QLTRST,Iceland,EXTREME,3.77292
2020,EN_LKW_QLTRST,Iceland,MEDIUM,7.63362
2020,EN_LKW_QLTRST,Iceland,HIGH,6.03362
2021,EN_LKW_QLTRST,Iceland,LOW,78.70311
2021,EN_LKW_QLTRST,Iceland,HIGH,0.14102
2021,EN_LKW_QLTRST,Iceland,EXTREME,2.40822
2021,EN_LKW_QLTRST,Iceland,MEDIUM,2.08099
2017,EN_LKW_QLTRST,India,EXTREME,1.11627
2017,EN_LKW_QLTRST,India,HIGH,2.82214
2017,EN_LKW_QLTRST,India,LOW,88.43281
2017,EN_LKW_QLTRST,India,MEDIUM,7.62878
2018,EN_LKW_QLTRST,India,MEDIUM,7.24975
2018,EN_LKW_QLTRST,India,HIGH,2.64062
2018,EN_LKW_QLTRST,India,EXTREME,1.18575
2018,EN_LKW_QLTRST,India,LOW,88.92388
2019,EN_LKW_QLTRST,India,LOW,91.33761
2019,EN_LKW_QLTRST,India,EXTREME,1.02472
2019,EN_LKW_QLTRST,India,MEDIUM,5.63321
2019,EN_LKW_QLTRST,India,HIGH,2.00446
2020,EN_LKW_QLTRST,India,EXTREME,1.7684
2020,EN_LKW_QLTRST,India,HIGH,3.47276
2020,EN_LKW_QLTRST,India,LOW,87.35875
2020,EN_LKW_QLTRST,India,MEDIUM,7.40008
2021,EN_LKW_QLTRST,India,MEDIUM,7.69336
2021,EN_LKW_QLTRST,India,HIGH,3.34932
2021,EN_LKW_QLTRST,India,EXTREME,1.73517
2021,EN_LKW_QLTRST,India,LOW,87.22215
2017,EN_LKW_QLTRST,Ireland,LOW,57.03226
2017,EN_LKW_QLTRST,Ireland,MEDIUM,20.21474
2017,EN_LKW_QLTRST,Ireland,HIGH,16.87261
2017,EN_LKW_QLTRST,Ireland,EXTREME,5.88039
2018,EN_LKW_QLTRST,Ireland,LOW,53.30525
2018,EN_LKW_QLTRST,Ireland,EXTREME,6.05643
2018,EN_LKW_QLTRST,Ireland,MEDIUM,22.5425
2018,EN_LKW_QLTRST,Ireland,HIGH,18.09582
2019,EN_LKW_QLTRST,Ireland,EXTREME,2.26581
2019,EN_LKW_QLTRST,Ireland,HIGH,8.42659
2019,EN_LKW_QLTRST,Ireland,LOW,74.65681
2019,EN_LKW_QLTRST,Ireland,MEDIUM,14.65079
2020,EN_LKW_QLTRST,Ireland,LOW,76.73066
2020,EN_LKW_QLTRST,Ireland,HIGH,7.39126
2020,EN_LKW_QLTRST,Ireland,EXTREME,1.70318
2020,EN_LKW_QLTRST,Ireland,MEDIUM,14.1749
2021,EN_LKW_QLTRST,Ireland,LOW,73.27373
2021,EN_LKW_QLTRST,Ireland,EXTREME,2.5876
2021,EN_LKW_QLTRST,Ireland,HIGH,9.25816
2021,EN_LKW_QLTRST,Ireland,MEDIUM,14.88052
2017,EN_LKW_QLTRST,Israel,EXTREME,0.05067
2017,EN_LKW_QLTRST,Israel,MEDIUM,6.45352
2017,EN_LKW_QLTRST,Israel,LOW,92.00317
2017,EN_LKW_QLTRST,Israel,HIGH,1.49265
2018,EN_LKW_QLTRST,Israel,HIGH,0.78836
2018,EN_LKW_QLTRST,Israel,MEDIUM,5.55757
2018,EN_LKW_QLTRST,Israel,EXTREME,0.02612
2018,EN_LKW_QLTRST,Israel,LOW,93.62796
2019,EN_LKW_QLTRST,Israel,LOW,94.62414
2019,EN_LKW_QLTRST,Israel,HIGH,0.84947
2019,EN_LKW_QLTRST,Israel,EXTREME,0.02448
2019,EN_LKW_QLTRST,Israel,MEDIUM,4.50191
2020,EN_LKW_QLTRST,Israel,HIGH,1.40337
2020,EN_LKW_QLTRST,Israel,LOW,94.74107
2020,EN_LKW_QLTRST,Israel,MEDIUM,3.76532
2020,EN_LKW_QLTRST,Israel,EXTREME,0.09024
2021,EN_LKW_QLTRST,Israel,MEDIUM,5.22127
2021,EN_LKW_QLTRST,Israel,LOW,93.53058
2021,EN_LKW_QLTRST,Israel,HIGH,1.21149
2021,EN_LKW_QLTRST,Israel,EXTREME,0.03666
2017,EN_LKW_QLTRST,Italy,EXTREME,0.92475
2017,EN_LKW_QLTRST,Italy,LOW,66.53001
2017,EN_LKW_QLTRST,Italy,HIGH,12.21
2017,EN_LKW_QLTRST,Italy,MEDIUM,20.33524
2018,EN_LKW_QLTRST,Italy,MEDIUM,21.16638
2018,EN_LKW_QLTRST,Italy,HIGH,6.97642
2018,EN_LKW_QLTRST,Italy,LOW,70.66971
2018,EN_LKW_QLTRST,Italy,EXTREME,1.1875
2019,EN_LKW_QLTRST,Italy,HIGH,2.87245
2019,EN_LKW_QLTRST,Italy,LOW,82.78536
2019,EN_LKW_QLTRST,Italy,MEDIUM,14.30642
2019,EN_LKW_QLTRST,Italy,EXTREME,0.03577
2020,EN_LKW_QLTRST,Italy,EXTREME,0.08939
2020,EN_LKW_QLTRST,Italy,MEDIUM,11.52464
2020,EN_LKW_QLTRST,Italy,LOW,86.50414
2020,EN_LKW_QLTRST,Italy,HIGH,1.88183
2021,EN_LKW_QLTRST,Italy,HIGH,1.78312
2021,EN_LKW_QLTRST,Italy,EXTREME,0.06915
2021,EN_LKW_QLTRST,Italy,MEDIUM,11.88933
2021,EN_LKW_QLTRST,Italy,LOW,86.2584
2017,EN_LKW_QLTRST,Japan,MEDIUM,21.01417
2017,EN_LKW_QLTRST,Japan,EXTREME,1.87088
2017,EN_LKW_QLTRST,Japan,LOW,65.82176
2017,EN_LKW_QLTRST,Japan,HIGH,11.29319
2018,EN_LKW_QLTRST,Japan,MEDIUM,27.16774
2018,EN_LKW_QLTRST,Japan,HIGH,12.23198
2018,EN_LKW_QLTRST,Japan,LOW,57.23775
2018,EN_LKW_QLTRST,Japan,EXTREME,3.36254
2019,EN_LKW_QLTRST,Japan,MEDIUM,13.07584
2019,EN_LKW_QLTRST,Japan,LOW,81.05602
2019,EN_LKW_QLTRST,Japan,EXTREME,0.7207
2019,EN_LKW_QLTRST,Japan,HIGH,5.14744
2020,EN_LKW_QLTRST,Japan,MEDIUM,11.39604
2020,EN_LKW_QLTRST,Japan,EXTREME,0.71081
2020,EN_LKW_QLTRST,Japan,LOW,80.49573
2020,EN_LKW_QLTRST,Japan,HIGH,7.39741
2021,EN_LKW_QLTRST,Japan,LOW,80.85405
2021,EN_LKW_QLTRST,Japan,MEDIUM,13.00963
2021,EN_LKW_QLTRST,Japan,HIGH,5.32861
2021,EN_LKW_QLTRST,Japan,EXTREME,0.80771
2017,EN_LKW_QLTRST,Казахстан,EXTREME,0.38864
2017,EN_LKW_QLTRST,Казахстан,HIGH,1.12812
2017,EN_LKW_QLTRST,Казахстан,LOW,92.91037
2017,EN_LKW_QLTRST,Казахстан,MEDIUM,5.57287
2018,EN_LKW_QLTRST,Казахстан,LOW,90.74621
2018,EN_LKW_QLTRST,Казахстан,MEDIUM,7.11142
2018,EN_LKW_QLTRST,Казахстан,HIGH,1.62318
2018,EN_LKW_QLTRST,Казахстан,EXTREME,0.51919
2019,EN_LKW_QLTRST,Казахстан,LOW,95.97472
2019,EN_LKW_QLTRST,Казахстан,EXTREME,0.30467
2019,EN_LKW_QLTRST,Казахстан,HIGH,0.63324
2019,EN_LKW_QLTRST,Казахстан,MEDIUM,3.08736
2020,EN_LKW_QLTRST,Казахстан,MEDIUM,3.45448
2020,EN_LKW_QLTRST,Казахстан,HIGH,1.00672
2020,EN_LKW_QLTRST,Казахстан,EXTREME,0.2446
2020,EN_LKW_QLTRST,Казахстан,LOW,95.2942
2021,EN_LKW_QLTRST,Казахстан,LOW,95.93442
2021,EN_LKW_QLTRST,Казахстан,EXTREME,0.28514
2021,EN_LKW_QLTRST,Казахстан,HIGH,0.84131
2021,EN_LKW_QLTRST,Казахстан,MEDIUM,2.93914
2019,EN_LKW_QLTRST,Australia,HIGH,0.91661
2019,EN_LKW_QLTRST,Australia,EXTREME,0.42247
2019,EN_LKW_QLTRST,Australia,LOW,96.46728
2019,EN_LKW_QLTRST,Australia,MEDIUM,2.19364
2020,EN_LKW_QLTRST,Australia,LOW,96.24865
2020,EN_LKW_QLTRST,Australia,HIGH,0.88139
2020,EN_LKW_QLTRST,Australia,EXTREME,0.63842
2020,EN_LKW_QLTRST,Australia,MEDIUM,2.23154
2021,EN_LKW_QLTRST,Australia,HIGH,1.00745
2021,EN_LKW_QLTRST,Australia,LOW,95.71897
2021,EN_LKW_QLTRST,Australia,MEDIUM,2.52925
2021,EN_LKW_QLTRST,Australia,EXTREME,0.74433
2017,EN_LKW_QLTRST,Austria,EXTREME,0.47904
2017,EN_LKW_QLTRST,Austria,MEDIUM,7.85526
2017,EN_LKW_QLTRST,Austria,LOW,88.33336
2017,EN_LKW_QLTRST,Austria,HIGH,3.33234
2018,EN_LKW_QLTRST,Austria,EXTREME,0.07157
2018,EN_LKW_QLTRST,Austria,MEDIUM,7.2695
2018,EN_LKW_QLTRST,Austria,HIGH,1.53787
2018,EN_LKW_QLTRST,Austria,LOW,91.12106
2019,EN_LKW_QLTRST,Austria,LOW,95.92004
2019,EN_LKW_QLTRST,Austria,MEDIUM,3.39702
2019,EN_LKW_QLTRST,Austria,EXTREME,0.09615
2019,EN_LKW_QLTRST,Austria,HIGH,0.58678
2017,EN_LKW_QLTRST,Кыргызстан,EXTREME,15.37102
2017,EN_LKW_QLTRST,Кыргызстан,LOW,53.07393
2017,EN_LKW_QLTRST,Кыргызстан,HIGH,16.04642
2017,EN_LKW_QLTRST,Кыргызстан,MEDIUM,15.50863
2018,EN_LKW_QLTRST,Кыргызстан,HIGH,9.95781
2018,EN_LKW_QLTRST,Кыргызстан,LOW,68.55946
2018,EN_LKW_QLTRST,Кыргызстан,MEDIUM,9.53507
2018,EN_LKW_QLTRST,Кыргызстан,EXTREME,11.94766
2019,EN_LKW_QLTRST,Кыргызстан,LOW,82.20746
2019,EN_LKW_QLTRST,Кыргызстан,HIGH,5.29975
2019,EN_LKW_QLTRST,Кыргызстан,MEDIUM,7.21011
2019,EN_LKW_QLTRST,Кыргызстан,EXTREME,5.28268
2020,EN_LKW_QLTRST,Austria,EXTREME,0.07546
2020,EN_LKW_QLTRST,Austria,MEDIUM,4.91024
2020,EN_LKW_QLTRST,Austria,LOW,93.64499
2020,EN_LKW_QLTRST,Austria,HIGH,1.36931
2021,EN_LKW_QLTRST,Austria,MEDIUM,3.80251
2021,EN_LKW_QLTRST,Austria,LOW,95.01134
2021,EN_LKW_QLTRST,Austria,HIGH,1.00934
2021,EN_LKW_QLTRST,Austria,EXTREME,0.17681
2017,EN_LKW_QLTRST,Armenia,EXTREME,0.00121
2017,EN_LKW_QLTRST,Armenia,LOW,91.93007
2017,EN_LKW_QLTRST,Armenia,MEDIUM,8.00569
2017,EN_LKW_QLTRST,Armenia,HIGH,0.06303
2020,EN_LKW_QLTRST,Кыргызстан,EXTREME,5.7305
2020,EN_LKW_QLTRST,Кыргызстан,HIGH,6.26614
2020,EN_LKW_QLTRST,Кыргызстан,LOW,80.05999
2020,EN_LKW_QLTRST,Кыргызстан,MEDIUM,7.94336
2021,EN_LKW_QLTRST,Кыргызстан,EXTREME,7.00353
2021,EN_LKW_QLTRST,Кыргызстан,MEDIUM,7.80919
2021,EN_LKW_QLTRST,Кыргызстан,HIGH,6.71013
2021,EN_LKW_QLTRST,Кыргызстан,LOW,78.47715
2017,EN_LKW_QLTRST,Latvia,MEDIUM,7.6049
2017,EN_LKW_QLTRST,Latvia,LOW,81.45223
2017,EN_LKW_QLTRST,Latvia,EXTREME,0.40792
2017,EN_LKW_QLTRST,Latvia,HIGH,2.20161
2018,EN_LKW_QLTRST,Latvia,HIGH,1.83006
2018,EN_LKW_QLTRST,Latvia,LOW,79.36663
2018,EN_LKW_QLTRST,Latvia,MEDIUM,10.08567
2018,EN_LKW_QLTRST,Latvia,EXTREME,0.38431
2019,EN_LKW_QLTRST,Latvia,HIGH,1.58455
2019,EN_LKW_QLTRST,Latvia,LOW,94.71574
2019,EN_LKW_QLTRST,Latvia,EXTREME,0.37742
2019,EN_LKW_QLTRST,Latvia,MEDIUM,3.32228
2020,EN_LKW_QLTRST,Latvia,HIGH,1.38973
2020,EN_LKW_QLTRST,Latvia,EXTREME,0.40111
2020,EN_LKW_QLTRST,Latvia,MEDIUM,5.07804
2020,EN_LKW_QLTRST,Latvia,LOW,93.13112
2021,EN_LKW_QLTRST,Latvia,LOW,77.16807
2021,EN_LKW_QLTRST,Latvia,HIGH,1.36915
2021,EN_LKW_QLTRST,Latvia,EXTREME,0.31003
2021,EN_LKW_QLTRST,Latvia,MEDIUM,4.48609
2017,EN_LKW_QLTRST,Lithuania,EXTREME,0.45194
2017,EN_LKW_QLTRST,Lithuania,MEDIUM,14.86799
2017,EN_LKW_QLTRST,Lithuania,HIGH,3.58322
2017,EN_LKW_QLTRST,Lithuania,LOW,81.09685
2018,EN_LKW_QLTRST,Lithuania,LOW,77.15358
2018,EN_LKW_QLTRST,Lithuania,EXTREME,1.59986
2018,EN_LKW_QLTRST,Lithuania,MEDIUM,17.17249
2018,EN_LKW_QLTRST,Lithuania,HIGH,4.07407
2019,EN_LKW_QLTRST,Lithuania,EXTREME,0.55927
2019,EN_LKW_QLTRST,Lithuania,MEDIUM,10.41362
2019,EN_LKW_QLTRST,Lithuania,LOW,86.76412
2019,EN_LKW_QLTRST,Lithuania,HIGH,2.26299
2020,EN_LKW_QLTRST,Lithuania,HIGH,2.75913
2020,EN_LKW_QLTRST,Lithuania,LOW,84.75428
2020,EN_LKW_QLTRST,Lithuania,MEDIUM,11.64598
2020,EN_LKW_QLTRST,Lithuania,EXTREME,0.84061
2021,EN_LKW_QLTRST,Lithuania,LOW,85.48618
2021,EN_LKW_QLTRST,Lithuania,MEDIUM,11.09863
2021,EN_LKW_QLTRST,Lithuania,HIGH,2.92575
2021,EN_LKW_QLTRST,Lithuania,EXTREME,0.48944
2018,EN_LKW_QLTRST,Armenia,EXTREME,0.001
2018,EN_LKW_QLTRST,Armenia,MEDIUM,5.20782
2018,EN_LKW_QLTRST,Armenia,HIGH,0.06705
2018,EN_LKW_QLTRST,Armenia,LOW,94.72413
2019,EN_LKW_QLTRST,Armenia,MEDIUM,0.94662
2019,EN_LKW_QLTRST,Armenia,HIGH,0.00946
2019,EN_LKW_QLTRST,Armenia,LOW,99.04174
2019,EN_LKW_QLTRST,Armenia,EXTREME,0.00218
2020,EN_LKW_QLTRST,Armenia,MEDIUM,0.95188
2020,EN_LKW_QLTRST,Armenia,LOW,99.0004
2020,EN_LKW_QLTRST,Armenia,EXTREME,0.0027
2020,EN_LKW_QLTRST,Armenia,HIGH,0.04502
2017,EN_LKW_QLTRST,Mexico,HIGH,2.19487
2017,EN_LKW_QLTRST,Mexico,MEDIUM,9.0008
2017,EN_LKW_QLTRST,Mexico,EXTREME,0.80355
2017,EN_LKW_QLTRST,Mexico,LOW,88.00078
2018,EN_LKW_QLTRST,Mexico,HIGH,2.00454
2018,EN_LKW_QLTRST,Mexico,EXTREME,0.69535
2018,EN_LKW_QLTRST,Mexico,LOW,90.84886
2018,EN_LKW_QLTRST,Mexico,MEDIUM,6.45125
2019,EN_LKW_QLTRST,Mexico,LOW,90.71434
2019,EN_LKW_QLTRST,Mexico,MEDIUM,6.7241
2019,EN_LKW_QLTRST,Mexico,EXTREME,0.60808
2019,EN_LKW_QLTRST,Mexico,HIGH,1.95349
2020,EN_LKW_QLTRST,Mexico,HIGH,2.14086
2020,EN_LKW_QLTRST,Mexico,EXTREME,0.634
2020,EN_LKW_QLTRST,Mexico,MEDIUM,7.46607
2020,EN_LKW_QLTRST,Mexico,LOW,89.75907
2021,EN_LKW_QLTRST,Mexico,HIGH,2.83774
2021,EN_LKW_QLTRST,Mexico,LOW,86.18413
2021,EN_LKW_QLTRST,Mexico,MEDIUM,10.02704
2021,EN_LKW_QLTRST,Mexico,EXTREME,0.95109
2017,EN_LKW_QLTRST,Republic of Moldova,LOW,92.93767
2017,EN_LKW_QLTRST,Republic of Moldova,MEDIUM,6.75486
2017,EN_LKW_QLTRST,Republic of Moldova,HIGH,0.27981
2017,EN_LKW_QLTRST,Republic of Moldova,EXTREME,0.02766
2018,EN_LKW_QLTRST,Republic of Moldova,HIGH,0.28406
2018,EN_LKW_QLTRST,Republic of Moldova,MEDIUM,1.21196
2018,EN_LKW_QLTRST,Republic of Moldova,LOW,98.47461
2018,EN_LKW_QLTRST,Republic of Moldova,EXTREME,0.02937
2019,EN_LKW_QLTRST,Republic of Moldova,LOW,97.48963
2019,EN_LKW_QLTRST,Republic of Moldova,EXTREME,0.0262
2019,EN_LKW_QLTRST,Republic of Moldova,HIGH,0.11319
2019,EN_LKW_QLTRST,Republic of Moldova,MEDIUM,2.37098
2020,EN_LKW_QLTRST,Republic of Moldova,MEDIUM,1.11714
2020,EN_LKW_QLTRST,Republic of Moldova,LOW,98.41049
2020,EN_LKW_QLTRST,Republic of Moldova,HIGH,0.41469
2020,EN_LKW_QLTRST,Republic of Moldova,EXTREME,0.05768
2021,EN_LKW_QLTRST,Republic of Moldova,LOW,98.89202
2021,EN_LKW_QLTRST,Republic of Moldova,EXTREME,0.03722
2021,EN_LKW_QLTRST,Republic of Moldova,HIGH,0.16971
2021,EN_LKW_QLTRST,Republic of Moldova,MEDIUM,0.90105
2017,EN_LKW_QLTRST,Montenegro,HIGH,0.22542
2017,EN_LKW_QLTRST,Montenegro,EXTREME,0.06065
2017,EN_LKW_QLTRST,Montenegro,LOW,96.85722
2017,EN_LKW_QLTRST,Montenegro,MEDIUM,2.85671
2018,EN_LKW_QLTRST,Montenegro,HIGH,0.12576
2018,EN_LKW_QLTRST,Montenegro,MEDIUM,1.45282
2018,EN_LKW_QLTRST,Montenegro,LOW,98.37504
2018,EN_LKW_QLTRST,Montenegro,EXTREME,0.04639
2019,EN_LKW_QLTRST,Montenegro,LOW,99.48076
2019,EN_LKW_QLTRST,Montenegro,EXTREME,0.03337
2019,EN_LKW_QLTRST,Montenegro,HIGH,0.12551
2019,EN_LKW_QLTRST,Montenegro,MEDIUM,0.36036
2020,EN_LKW_QLTRST,Montenegro,LOW,97.58222
2020,EN_LKW_QLTRST,Montenegro,EXTREME,0.04267
2020,EN_LKW_QLTRST,Montenegro,MEDIUM,2.07744
2020,EN_LKW_QLTRST,Montenegro,HIGH,0.29767
2021,EN_LKW_QLTRST,Montenegro,HIGH,0.30248
2021,EN_LKW_QLTRST,Montenegro,EXTREME,0.10019
2021,EN_LKW_QLTRST,Montenegro,LOW,95.81413
2021,EN_LKW_QLTRST,Armenia,LOW,98.38284
2021,EN_LKW_QLTRST,Armenia,MEDIUM,1.57761
2021,EN_LKW_QLTRST,Armenia,HIGH,0.03737
2021,EN_LKW_QLTRST,Armenia,EXTREME,0.00218
2017,EN_LKW_QLTRST,Bosnia and Herzegovina,MEDIUM,12.2467
2017,EN_LKW_QLTRST,Bosnia and Herzegovina,EXTREME,0.0
2017,EN_LKW_QLTRST,Bosnia and Herzegovina,LOW,87.37425
2017,EN_LKW_QLTRST,Bosnia and Herzegovina,HIGH,0.37904
2018,EN_LKW_QLTRST,Bosnia and Herzegovina,MEDIUM,2.93272
2018,EN_LKW_QLTRST,Bosnia and Herzegovina,LOW,96.89602
2018,EN_LKW_QLTRST,Bosnia and Herzegovina,HIGH,0.17126
2018,EN_LKW_QLTRST,Bosnia and Herzegovina,EXTREME,0.0
2019,EN_LKW_QLTRST,Bosnia and Herzegovina,LOW,96.47535
2019,EN_LKW_QLTRST,Bosnia and Herzegovina,MEDIUM,3.27477
2019,EN_LKW_QLTRST,Bosnia and Herzegovina,HIGH,0.24253
2019,EN_LKW_QLTRST,Bosnia and Herzegovina,EXTREME,0.00735
2020,EN_LKW_QLTRST,Bosnia and Herzegovina,LOW,91.59399
2020,EN_LKW_QLTRST,Bosnia and Herzegovina,MEDIUM,7.84461
2020,EN_LKW_QLTRST,Bosnia and Herzegovina,EXTREME,0.03795
2020,EN_LKW_QLTRST,Bosnia and Herzegovina,HIGH,0.52345
2021,EN_LKW_QLTRST,Bosnia and Herzegovina,MEDIUM,5.64572
2021,EN_LKW_QLTRST,Bosnia and Herzegovina,EXTREME,0.00568
2021,EN_LKW_QLTRST,Montenegro,MEDIUM,3.7832
2017,EN_LKW_QLTRST,New Zealand,EXTREME,4.18734
2017,EN_LKW_QLTRST,New Zealand,LOW,61.91119
2017,EN_LKW_QLTRST,New Zealand,MEDIUM,19.87881
2017,EN_LKW_QLTRST,New Zealand,HIGH,14.02265
2018,EN_LKW_QLTRST,New Zealand,MEDIUM,25.63369
2018,EN_LKW_QLTRST,New Zealand,HIGH,15.7182
2018,EN_LKW_QLTRST,New Zealand,LOW,55.39462
2018,EN_LKW_QLTRST,New Zealand,EXTREME,3.25349
2019,EN_LKW_QLTRST,New Zealand,MEDIUM,20.57366
2019,EN_LKW_QLTRST,New Zealand,LOW,68.26028
2019,EN_LKW_QLTRST,New Zealand,EXTREME,1.8677
2021,EN_LKW_QLTRST,Bosnia and Herzegovina,LOW,93.77133
2021,EN_LKW_QLTRST,Bosnia and Herzegovina,HIGH,0.57728
2017,EN_LKW_QLTRST,Bulgaria,MEDIUM,24.05297
2017,EN_LKW_QLTRST,Bulgaria,LOW,65.25551
2017,EN_LKW_QLTRST,Bulgaria,EXTREME,1.14069
2017,EN_LKW_QLTRST,Bulgaria,HIGH,9.55083
2018,EN_LKW_QLTRST,Bulgaria,MEDIUM,22.42725
2018,EN_LKW_QLTRST,Bulgaria,LOW,68.86966
2018,EN_LKW_QLTRST,Bulgaria,EXTREME,0.54213
2018,EN_LKW_QLTRST,Bulgaria,HIGH,8.16096
2019,EN_LKW_QLTRST,Bulgaria,HIGH,3.70537
2019,EN_LKW_QLTRST,Bulgaria,MEDIUM,13.07821
2019,EN_LKW_QLTRST,New Zealand,HIGH,9.29836
2020,EN_LKW_QLTRST,New Zealand,EXTREME,2.29336
2020,EN_LKW_QLTRST,New Zealand,MEDIUM,17.03894
2020,EN_LKW_QLTRST,New Zealand,LOW,72.49741
2020,EN_LKW_QLTRST,New Zealand,HIGH,8.1703
2021,EN_LKW_QLTRST,New Zealand,HIGH,6.10041
2021,EN_LKW_QLTRST,New Zealand,EXTREME,1.77678
2021,EN_LKW_QLTRST,New Zealand,MEDIUM,15.50231
2021,EN_LKW_QLTRST,New Zealand,LOW,76.6205
2017,EN_LKW_QLTRST,Norway,MEDIUM,20.8987
2017,EN_LKW_QLTRST,Norway,HIGH,22.23571
2017,EN_LKW_QLTRST,Norway,LOW,41.55136
2019,EN_LKW_QLTRST,Bulgaria,EXTREME,0.2903
2019,EN_LKW_QLTRST,Bulgaria,LOW,82.92612
2020,EN_LKW_QLTRST,Bulgaria,EXTREME,0.39604
2020,EN_LKW_QLTRST,Bulgaria,MEDIUM,14.90283
2020,EN_LKW_QLTRST,Bulgaria,LOW,79.64959
2020,EN_LKW_QLTRST,Bulgaria,HIGH,5.05154
2021,EN_LKW_QLTRST,Bulgaria,MEDIUM,8.58117
2021,EN_LKW_QLTRST,Bulgaria,LOW,88.49782
2021,EN_LKW_QLTRST,Bulgaria,EXTREME,0.11553
2021,EN_LKW_QLTRST,Bulgaria,HIGH,2.80547
2017,EN_LKW_QLTRST,Canada,HIGH,12.71747
2017,EN_LKW_QLTRST,Canada,MEDIUM,20.35867
2017,EN_LKW_QLTRST,Canada,LOW,61.29005
2017,EN_LKW_QLTRST,Canada,EXTREME,5.63381
2018,EN_LKW_QLTRST,Canada,HIGH,14.10469
2018,EN_LKW_QLTRST,Canada,LOW,59.45976
2018,EN_LKW_QLTRST,Canada,EXTREME,8.35716
2018,EN_LKW_QLTRST,Canada,MEDIUM,18.0784
2019,EN_LKW_QLTRST,Canada,LOW,72.96405
2019,EN_LKW_QLTRST,Canada,MEDIUM,13.89817
2019,EN_LKW_QLTRST,Canada,EXTREME,4.55204
2019,EN_LKW_QLTRST,Canada,HIGH,8.58574
2020,EN_LKW_QLTRST,Canada,MEDIUM,11.46512
2020,EN_LKW_QLTRST,Canada,EXTREME,3.33821
2017,EN_LKW_QLTRST,Norway,EXTREME,6.98089
2018,EN_LKW_QLTRST,Norway,LOW,40.49844
2018,EN_LKW_QLTRST,Norway,HIGH,24.49689
2018,EN_LKW_QLTRST,Norway,EXTREME,7.99952
2018,EN_LKW_QLTRST,Norway,MEDIUM,18.67181
2019,EN_LKW_QLTRST,Norway,MEDIUM,16.4381
2019,EN_LKW_QLTRST,Norway,LOW,62.17602
2019,EN_LKW_QLTRST,Norway,EXTREME,2.70624
2019,EN_LKW_QLTRST,Norway,HIGH,10.3463
2020,EN_LKW_QLTRST,Norway,LOW,57.16112
2020,EN_LKW_QLTRST,Norway,EXTREME,1.97066
2020,EN_LKW_QLTRST,Norway,MEDIUM,20.48677
2020,EN_LKW_QLTRST,Canada,LOW,79.27798
2020,EN_LKW_QLTRST,Canada,HIGH,5.91869
2021,EN_LKW_QLTRST,Canada,HIGH,7.62424
2021,EN_LKW_QLTRST,Canada,LOW,76.26141
2021,EN_LKW_QLTRST,Canada,MEDIUM,11.83497
2021,EN_LKW_QLTRST,Canada,EXTREME,4.27938
2017,EN_LKW_QLTRST,Chile,HIGH,11.90003
2017,EN_LKW_QLTRST,Chile,MEDIUM,11.97001
2017,EN_LKW_QLTRST,Chile,LOW,56.077
2017,EN_LKW_QLTRST,Chile,EXTREME,11.71963
2018,EN_LKW_QLTRST,Chile,MEDIUM,11.85017
2018,EN_LKW_QLTRST,Chile,LOW,61.96182
2018,EN_LKW_QLTRST,Chile,EXTREME,6.96267
2018,EN_LKW_QLTRST,Chile,HIGH,10.89201
2019,EN_LKW_QLTRST,Chile,EXTREME,6.86029
2019,EN_LKW_QLTRST,Chile,HIGH,7.66452
2019,EN_LKW_QLTRST,Chile,LOW,66.91454
2019,EN_LKW_QLTRST,Chile,MEDIUM,10.22732
2020,EN_LKW_QLTRST,Chile,HIGH,6.14776
2020,EN_LKW_QLTRST,Chile,EXTREME,4.18579
2020,EN_LKW_QLTRST,Chile,MEDIUM,10.56927
2020,EN_LKW_QLTRST,Chile,LOW,70.76384
2021,EN_LKW_QLTRST,Chile,HIGH,5.43831
2021,EN_LKW_QLTRST,Chile,EXTREME,6.00533
2020,EN_LKW_QLTRST,Norway,HIGH,12.04813
2021,EN_LKW_QLTRST,Norway,LOW,56.84647
2021,EN_LKW_QLTRST,Norway,EXTREME,2.72201
2021,EN_LKW_QLTRST,Norway,HIGH,12.13607
2021,EN_LKW_QLTRST,Norway,MEDIUM,19.96212
2017,EN_LKW_QLTRST,Poland,MEDIUM,7.056
2017,EN_LKW_QLTRST,Poland,LOW,91.0067
2017,EN_LKW_QLTRST,Poland,EXTREME,0.24386
2017,EN_LKW_QLTRST,Poland,HIGH,1.69344
2018,EN_LKW_QLTRST,Poland,MEDIUM,7.38921
2018,EN_LKW_QLTRST,Poland,EXTREME,0.39528
2018,EN_LKW_QLTRST,Poland,LOW,90.80333
2018,EN_LKW_QLTRST,Poland,HIGH,1.41218
2019,EN_LKW_QLTRST,Poland,HIGH,0.93971
2019,EN_LKW_QLTRST,Poland,EXTREME,0.27936
2019,EN_LKW_QLTRST,Poland,MEDIUM,4.04529
2019,EN_LKW_QLTRST,Poland,LOW,94.73565
2020,EN_LKW_QLTRST,Poland,LOW,95.40589
2020,EN_LKW_QLTRST,Poland,EXTREME,0.34699
2020,EN_LKW_QLTRST,Poland,HIGH,1.07542
2020,EN_LKW_QLTRST,Poland,MEDIUM,3.1717
2021,EN_LKW_QLTRST,Poland,MEDIUM,3.93294
2021,EN_LKW_QLTRST,Poland,EXTREME,0.2754
2021,EN_LKW_QLTRST,Poland,LOW,94.72355
2021,EN_LKW_QLTRST,Chile,LOW,71.37141
2021,EN_LKW_QLTRST,Chile,MEDIUM,8.85162
2017,EN_LKW_QLTRST,China,LOW,80.39782
2017,EN_LKW_QLTRST,China,HIGH,6.74985
2017,EN_LKW_QLTRST,China,MEDIUM,10.41148
2017,EN_LKW_QLTRST,China,EXTREME,2.44086
2018,EN_LKW_QLTRST,China,HIGH,6.37026
2018,EN_LKW_QLTRST,China,EXTREME,2.99374
2018,EN_LKW_QLTRST,China,LOW,78.22302
2018,EN_LKW_QLTRST,China,MEDIUM,12.41299
2019,EN_LKW_QLTRST,China,MEDIUM,10.2238
2019,EN_LKW_QLTRST,China,HIGH,3.90689
2021,EN_LKW_QLTRST,Poland,HIGH,1.06811
2017,EN_LKW_QLTRST,Portugal,EXTREME,0.0
2017,EN_LKW_QLTRST,Portugal,HIGH,5.29865
2017,EN_LKW_QLTRST,Portugal,LOW,61.60886
2017,EN_LKW_QLTRST,Portugal,MEDIUM,33.09249
2018,EN_LKW_QLTRST,Portugal,LOW,66.52216
2018,EN_LKW_QLTRST,Portugal,MEDIUM,29.33526
2018,EN_LKW_QLTRST,Portugal,EXTREME,0.04817
2018,EN_LKW_QLTRST,Portugal,HIGH,4.09441
2019,EN_LKW_QLTRST,Portugal,HIGH,1.93518
2019,EN_LKW_QLTRST,Portugal,EXTREME,0.04817
2019,EN_LKW_QLTRST,Portugal,LOW,79.41031
2019,EN_LKW_QLTRST,China,LOW,83.51712
2019,EN_LKW_QLTRST,China,EXTREME,2.35219
2020,EN_LKW_QLTRST,China,HIGH,4.12967
2020,EN_LKW_QLTRST,China,MEDIUM,8.65003
2020,EN_LKW_QLTRST,China,EXTREME,2.52389
2020,EN_LKW_QLTRST,China,LOW,84.69641
2021,EN_LKW_QLTRST,China,MEDIUM,10.07752
2021,EN_LKW_QLTRST,China,EXTREME,2.28108
2021,EN_LKW_QLTRST,China,HIGH,4.5375
2021,EN_LKW_QLTRST,China,LOW,83.1039
2017,EN_LKW_QLTRST,Colombia,MEDIUM,6.95912
2017,EN_LKW_QLTRST,Colombia,HIGH,3.37016
2019,EN_LKW_QLTRST,Portugal,MEDIUM,10.273
2020,EN_LKW_QLTRST,Portugal,MEDIUM,10.04254
2020,EN_LKW_QLTRST,Portugal,HIGH,1.0871
2020,EN_LKW_QLTRST,Portugal,EXTREME,0.13772
2020,EN_LKW_QLTRST,Portugal,LOW,88.73264
2021,EN_LKW_QLTRST,Portugal,HIGH,0.94354
2021,EN_LKW_QLTRST,Portugal,EXTREME,0.02318
2021,EN_LKW_QLTRST,Portugal,MEDIUM,9.76703
2021,EN_LKW_QLTRST,Portugal,LOW,89.26625
2017,EN_LKW_QLTRST,Romania,EXTREME,0.35526
2017,EN_LKW_QLTRST,Romania,HIGH,0.39984
2017,EN_LKW_QLTRST,Romania,LOW,97.64545
2017,EN_LKW_QLTRST,Colombia,EXTREME,1.83795
2017,EN_LKW_QLTRST,Colombia,LOW,87.83277
2018,EN_LKW_QLTRST,Colombia,HIGH,3.39918
2018,EN_LKW_QLTRST,Colombia,MEDIUM,6.77066
2018,EN_LKW_QLTRST,Colombia,EXTREME,1.61598
2018,EN_LKW_QLTRST,Colombia,LOW,88.21417
2019,EN_LKW_QLTRST,Colombia,EXTREME,1.73308
2019,EN_LKW_QLTRST,Colombia,MEDIUM,8.28462
2019,EN_LKW_QLTRST,Colombia,HIGH,3.58326
2019,EN_LKW_QLTRST,Colombia,LOW,86.39905
2020,EN_LKW_QLTRST,Colombia,LOW,87.99098
2020,EN_LKW_QLTRST,Colombia,MEDIUM,7.14268
2017,EN_LKW_QLTRST,Romania,MEDIUM,1.59945
2018,EN_LKW_QLTRST,Romania,HIGH,0.4111
2018,EN_LKW_QLTRST,Romania,LOW,98.01214
2018,EN_LKW_QLTRST,Romania,MEDIUM,1.20541
2018,EN_LKW_QLTRST,Romania,EXTREME,0.37135
2019,EN_LKW_QLTRST,Romania,MEDIUM,1.27181
2019,EN_LKW_QLTRST,Romania,LOW,97.98053
2019,EN_LKW_QLTRST,Romania,EXTREME,0.34536
2019,EN_LKW_QLTRST,Romania,HIGH,0.40229
2020,EN_LKW_QLTRST,Romania,MEDIUM,6.86433
2020,EN_LKW_QLTRST,Romania,LOW,92.32238
2020,EN_LKW_QLTRST,Romania,HIGH,0.5417
2020,EN_LKW_QLTRST,Romania,EXTREME,0.27159
2021,EN_LKW_QLTRST,Romania,EXTREME,0.29094
2021,EN_LKW_QLTRST,Romania,LOW,98.01067
2021,EN_LKW_QLTRST,Romania,HIGH,0.52529
2021,EN_LKW_QLTRST,Romania,MEDIUM,1.1731
2017,EN_LKW_QLTRST,Slovakia,EXTREME,0.81874
2017,EN_LKW_QLTRST,Slovakia,MEDIUM,8.66544
2017,EN_LKW_QLTRST,Slovakia,HIGH,0.85052
2017,EN_LKW_QLTRST,Slovakia,LOW,81.33197
2018,EN_LKW_QLTRST,Slovakia,MEDIUM,4.33779
2018,EN_LKW_QLTRST,Slovakia,EXTREME,0.03577
2018,EN_LKW_QLTRST,Slovakia,LOW,86.6898
2018,EN_LKW_QLTRST,Slovakia,HIGH,0.60331
2019,EN_LKW_QLTRST,Slovakia,EXTREME,0.11468
2019,EN_LKW_QLTRST,Slovakia,LOW,94.87674
2019,EN_LKW_QLTRST,Slovakia,HIGH,2.22371
2019,EN_LKW_QLTRST,Slovakia,MEDIUM,2.78487
2020,EN_LKW_QLTRST,Slovakia,MEDIUM,2.35251
2020,EN_LKW_QLTRST,Slovakia,EXTREME,0.19931
2020,EN_LKW_QLTRST,Slovakia,LOW,96.62234
2020,EN_LKW_QLTRST,Slovakia,HIGH,0.82584
2021,EN_LKW_QLTRST,Slovakia,MEDIUM,4.65881
2021,EN_LKW_QLTRST,Slovakia,LOW,94.38811
2021,EN_LKW_QLTRST,Slovakia,HIGH,0.74162
2020,EN_LKW_QLTRST,Colombia,HIGH,3.2315
2020,EN_LKW_QLTRST,Colombia,EXTREME,1.63485
2021,EN_LKW_QLTRST,Colombia,HIGH,3.40132
2021,EN_LKW_QLTRST,Colombia,EXTREME,1.6001
2021,EN_LKW_QLTRST,Colombia,LOW,88.30413
2021,EN_LKW_QLTRST,Colombia,MEDIUM,6.69444
2017,EN_LKW_QLTRST,Costa Rica,EXTREME,1.03502
2017,EN_LKW_QLTRST,Costa Rica,MEDIUM,9.50951
2017,EN_LKW_QLTRST,Costa Rica,LOW,68.79256
2017,EN_LKW_QLTRST,Costa Rica,HIGH,3.99625
2018,EN_LKW_QLTRST,Costa Rica,LOW,60.52053
2018,EN_LKW_QLTRST,Costa Rica,HIGH,5.01139
2018,EN_LKW_QLTRST,Costa Rica,MEDIUM,9.09808
2018,EN_LKW_QLTRST,Costa Rica,EXTREME,0.37001
2019,EN_LKW_QLTRST,Costa Rica,EXTREME,1.27193
2019,EN_LKW_QLTRST,Costa Rica,HIGH,5.14227
2019,EN_LKW_QLTRST,Costa Rica,MEDIUM,7.23559
2019,EN_LKW_QLTRST,Costa Rica,LOW,61.35021
2020,EN_LKW_QLTRST,Costa Rica,MEDIUM,6.66537
2020,EN_LKW_QLTRST,Costa Rica,EXTREME,1.28106
2020,EN_LKW_QLTRST,Costa Rica,HIGH,5.19453
2020,EN_LKW_QLTRST,Costa Rica,LOW,70.19237
2021,EN_LKW_QLTRST,Costa Rica,EXTREME,0.64119
2021,EN_LKW_QLTRST,Costa Rica,LOW,69.80124
2021,EN_LKW_QLTRST,Slovakia,EXTREME,0.21147
2017,EN_LKW_QLTRST,Viet Nam,HIGH,9.13056
2017,EN_LKW_QLTRST,Viet Nam,MEDIUM,15.64219
2017,EN_LKW_QLTRST,Viet Nam,EXTREME,2.64653
2017,EN_LKW_QLTRST,Viet Nam,LOW,72.58072
2018,EN_LKW_QLTRST,Viet Nam,EXTREME,2.04081
2018,EN_LKW_QLTRST,Viet Nam,MEDIUM,15.0702
2018,EN_LKW_QLTRST,Viet Nam,LOW,75.72112
2018,EN_LKW_QLTRST,Viet Nam,HIGH,7.16787
2019,EN_LKW_QLTRST,Viet Nam,LOW,74.80222
2019,EN_LKW_QLTRST,Viet Nam,MEDIUM,17.23602
2019,EN_LKW_QLTRST,Viet Nam,EXTREME,1.54068
2019,EN_LKW_QLTRST,Viet Nam,HIGH,6.42109
2020,EN_LKW_QLTRST,Viet Nam,MEDIUM,14.67005
2020,EN_LKW_QLTRST,Viet Nam,HIGH,6.99284
2020,EN_LKW_QLTRST,Viet Nam,EXTREME,2.63321
2020,EN_LKW_QLTRST,Viet Nam,LOW,75.7039
2021,EN_LKW_QLTRST,Viet Nam,MEDIUM,15.04298
2021,EN_LKW_QLTRST,Viet Nam,HIGH,7.40952
2021,EN_LKW_QLTRST,Viet Nam,LOW,75.89297
2021,EN_LKW_QLTRST,Viet Nam,EXTREME,1.65452
2017,EN_LKW_QLTRST,Spain,MEDIUM,7.81152
2017,EN_LKW_QLTRST,Spain,EXTREME,0.06904
2017,EN_LKW_QLTRST,Spain,HIGH,1.11183
2021,EN_LKW_QLTRST,Costa Rica,MEDIUM,6.60175
2021,EN_LKW_QLTRST,Costa Rica,HIGH,6.28915
2017,EN_LKW_QLTRST,Croatia,LOW,96.54385
2017,EN_LKW_QLTRST,Croatia,HIGH,0.04923
2017,EN_LKW_QLTRST,Croatia,MEDIUM,3.40692
2017,EN_LKW_QLTRST,Croatia,EXTREME,0.0
2018,EN_LKW_QLTRST,Croatia,HIGH,0.65703
2018,EN_LKW_QLTRST,Croatia,LOW,95.35203
2018,EN_LKW_QLTRST,Croatia,MEDIUM,3.99094
2018,EN_LKW_QLTRST,Croatia,EXTREME,0.0
2019,EN_LKW_QLTRST,Croatia,MEDIUM,0.89619
2019,EN_LKW_QLTRST,Croatia,LOW,99.05484
2017,EN_LKW_QLTRST,Spain,LOW,91.0076
2018,EN_LKW_QLTRST,Spain,MEDIUM,6.10793
2018,EN_LKW_QLTRST,Spain,HIGH,1.02188
2018,EN_LKW_QLTRST,Spain,EXTREME,0.1135
2018,EN_LKW_QLTRST,Spain,LOW,92.75668
2019,EN_LKW_QLTRST,Spain,MEDIUM,3.83665
2019,EN_LKW_QLTRST,Spain,HIGH,0.42948
2019,EN_LKW_QLTRST,Spain,LOW,95.69696
2019,EN_LKW_QLTRST,Spain,EXTREME,0.03691
2020,EN_LKW_QLTRST,Spain,MEDIUM,3.17086
2020,EN_LKW_QLTRST,Spain,LOW,96.20539
2020,EN_LKW_QLTRST,Spain,HIGH,0.56791
2020,EN_LKW_QLTRST,Spain,EXTREME,0.05584
2021,EN_LKW_QLTRST,Spain,MEDIUM,3.69174
2021,EN_LKW_QLTRST,Spain,HIGH,0.64061
2021,EN_LKW_QLTRST,Spain,LOW,95.59687
2021,EN_LKW_QLTRST,Spain,EXTREME,0.07078
2017,EN_LKW_QLTRST,Sweden,EXTREME,2.57886
2017,EN_LKW_QLTRST,Sweden,MEDIUM,10.81877
2017,EN_LKW_QLTRST,Sweden,LOW,80.19226
2017,EN_LKW_QLTRST,Sweden,HIGH,6.41011
2018,EN_LKW_QLTRST,Sweden,LOW,80.551
2018,EN_LKW_QLTRST,Sweden,MEDIUM,11.18771
2018,EN_LKW_QLTRST,Sweden,EXTREME,2.23556
2018,EN_LKW_QLTRST,Sweden,HIGH,6.02574
2019,EN_LKW_QLTRST,Sweden,HIGH,2.88628
2019,EN_LKW_QLTRST,Sweden,LOW,87.37889
2019,EN_LKW_QLTRST,Sweden,MEDIUM,7.89949
2019,EN_LKW_QLTRST,Sweden,EXTREME,1.83534
2020,EN_LKW_QLTRST,Sweden,MEDIUM,7.56678
2020,EN_LKW_QLTRST,Sweden,LOW,86.45512
2020,EN_LKW_QLTRST,Sweden,EXTREME,2.36438
2020,EN_LKW_QLTRST,Sweden,HIGH,3.61372
2021,EN_LKW_QLTRST,Sweden,EXTREME,2.14675
2021,EN_LKW_QLTRST,Sweden,LOW,86.04279
2021,EN_LKW_QLTRST,Sweden,HIGH,3.83165
2021,EN_LKW_QLTRST,Sweden,MEDIUM,7.97881
2017,EN_LKW_QLTRST,Switzerland,EXTREME,0.27589
2017,EN_LKW_QLTRST,Switzerland,LOW,81.74916
2017,EN_LKW_QLTRST,Switzerland,MEDIUM,13.20467
2017,EN_LKW_QLTRST,Switzerland,HIGH,4.77028
2018,EN_LKW_QLTRST,Switzerland,LOW,87.82723
2018,EN_LKW_QLTRST,Switzerland,HIGH,1.41755
2018,EN_LKW_QLTRST,Switzerland,EXTREME,0.08085
2018,EN_LKW_QLTRST,Switzerland,MEDIUM,10.67437
2019,EN_LKW_QLTRST,Switzerland,HIGH,1.75534
2019,EN_LKW_QLTRST,Switzerland,LOW,92.91023
2019,EN_LKW_QLTRST,Switzerland,MEDIUM,5.20283
2019,EN_LKW_QLTRST,Switzerland,EXTREME,0.1316
2020,EN_LKW_QLTRST,Switzerland,MEDIUM,6.36114
2020,EN_LKW_QLTRST,Switzerland,EXTREME,0.18112
2020,EN_LKW_QLTRST,Switzerland,LOW,90.72373
2020,EN_LKW_QLTRST,Switzerland,HIGH,2.734
2021,EN_LKW_QLTRST,Switzerland,EXTREME,0.20139
2021,EN_LKW_QLTRST,Switzerland,MEDIUM,9.77307
2021,EN_LKW_QLTRST,Switzerland,LOW,87.65185
2021,EN_LKW_QLTRST,Switzerland,HIGH,2.37369
2017,EN_LKW_QLTRST,Таджикистан,EXTREME,2.52151
2017,EN_LKW_QLTRST,Таджикистан,LOW,89.30617
2017,EN_LKW_QLTRST,Таджикистан,MEDIUM,4.54381
2017,EN_LKW_QLTRST,Таджикистан,HIGH,3.62851
2018,EN_LKW_QLTRST,Таджикистан,HIGH,2.29612
2018,EN_LKW_QLTRST,Таджикистан,EXTREME,1.64235
2018,EN_LKW_QLTRST,Таджикистан,MEDIUM,3.79359
2018,EN_LKW_QLTRST,Таджикистан,LOW,92.26793
2019,EN_LKW_QLTRST,Таджикистан,HIGH,2.39568
2019,EN_LKW_QLTRST,Таджикистан,LOW,92.1148
2019,EN_LKW_QLTRST,Таджикистан,MEDIUM,3.51699
2019,EN_LKW_QLTRST,Таджикистан,EXTREME,1.97253
2020,EN_LKW_QLTRST,Таджикистан,EXTREME,1.48679
2020,EN_LKW_QLTRST,Таджикистан,MEDIUM,2.39113
2020,EN_LKW_QLTRST,Таджикистан,HIGH,1.35032
2020,EN_LKW_QLTRST,Таджикистан,LOW,94.77176
2021,EN_LKW_QLTRST,Таджикистан,EXTREME,1.43514
2021,EN_LKW_QLTRST,Таджикистан,MEDIUM,3.25235
2021,EN_LKW_QLTRST,Таджикистан,LOW,93.85102
2021,EN_LKW_QLTRST,Таджикистан,HIGH,1.46149
2017,EN_LKW_QLTRST,Türkiye,HIGH,4.86852
2017,EN_LKW_QLTRST,Türkiye,MEDIUM,10.366
2017,EN_LKW_QLTRST,Türkiye,LOW,81.21459
2017,EN_LKW_QLTRST,Türkiye,EXTREME,3.55089
2018,EN_LKW_QLTRST,Türkiye,MEDIUM,10.87435
2018,EN_LKW_QLTRST,Türkiye,HIGH,4.31463
2018,EN_LKW_QLTRST,Türkiye,EXTREME,4.24607
2018,EN_LKW_QLTRST,Türkiye,LOW,80.56496
2019,EN_LKW_QLTRST,Türkiye,HIGH,5.85817
2019,EN_LKW_QLTRST,Türkiye,MEDIUM,13.86874
2019,EN_LKW_QLTRST,Türkiye,EXTREME,0.34514
2019,EN_LKW_QLTRST,Türkiye,LOW,79.92795
2020,EN_LKW_QLTRST,Türkiye,EXTREME,0.2015
2020,EN_LKW_QLTRST,Türkiye,HIGH,2.04594
2020,EN_LKW_QLTRST,Türkiye,MEDIUM,6.74455
2020,EN_LKW_QLTRST,Türkiye,LOW,91.00801
2021,EN_LKW_QLTRST,Türkiye,EXTREME,1.52794
2021,EN_LKW_QLTRST,Türkiye,HIGH,4.24379
2021,EN_LKW_QLTRST,Türkiye,LOW,84.17856
2021,EN_LKW_QLTRST,Türkiye,MEDIUM,10.04972
2017,EN_LKW_QLTRST,Туркменистан,EXTREME,0.14812
2017,EN_LKW_QLTRST,Туркменистан,LOW,97.46618
2017,EN_LKW_QLTRST,Туркменистан,HIGH,0.86086
2017,EN_LKW_QLTRST,Туркменистан,MEDIUM,1.52484
2018,EN_LKW_QLTRST,Туркменистан,HIGH,0.98082
2018,EN_LKW_QLTRST,Туркменистан,LOW,96.27337
2018,EN_LKW_QLTRST,Туркменистан,MEDIUM,2.58948
2018,EN_LKW_QLTRST,Туркменистан,EXTREME,0.15633
2019,EN_LKW_QLTRST,Туркменистан,LOW,96.14504
2019,EN_LKW_QLTRST,Туркменистан,HIGH,0.95578
2019,EN_LKW_QLTRST,Туркменистан,MEDIUM,2.76572
2019,EN_LKW_QLTRST,Туркменистан,EXTREME,0.13346
2020,EN_LKW_QLTRST,Туркменистан,LOW,96.39424
2020,EN_LKW_QLTRST,Туркменистан,HIGH,1.27123
2020,EN_LKW_QLTRST,Туркменистан,EXTREME,0.17319
2020,EN_LKW_QLTRST,Туркменистан,MEDIUM,2.16134
2021,EN_LKW_QLTRST,Туркменистан,HIGH,1.62477
2021,EN_LKW_QLTRST,Туркменистан,EXTREME,0.19125
2021,EN_LKW_QLTRST,Туркменистан,LOW,95.36168
2021,EN_LKW_QLTRST,Туркменистан,MEDIUM,2.8223
2017,EN_LKW_QLTRST,Ukraine,MEDIUM,10.00285
2017,EN_LKW_QLTRST,Ukraine,HIGH,2.38572
2017,EN_LKW_QLTRST,Ukraine,LOW,87.25882
2017,EN_LKW_QLTRST,Ukraine,EXTREME,0.35261
2018,EN_LKW_QLTRST,Ukraine,MEDIUM,8.93433
2018,EN_LKW_QLTRST,Ukraine,EXTREME,0.11456
2018,EN_LKW_QLTRST,Ukraine,LOW,89.84738
2018,EN_LKW_QLTRST,Ukraine,HIGH,1.10373
2019,EN_LKW_QLTRST,Ukraine,MEDIUM,10.73551
2019,EN_LKW_QLTRST,Ukraine,EXTREME,0.26804
2019,EN_LKW_QLTRST,Ukraine,HIGH,1.92836
2019,EN_LKW_QLTRST,Ukraine,LOW,87.06809
2020,EN_LKW_QLTRST,Ukraine,HIGH,2.66228
2020,EN_LKW_QLTRST,Ukraine,EXTREME,0.3579
2020,EN_LKW_QLTRST,Ukraine,LOW,85.37161
2020,EN_LKW_QLTRST,Ukraine,MEDIUM,11.60821
2021,EN_LKW_QLTRST,Ukraine,HIGH,1.75026
2021,EN_LKW_QLTRST,Ukraine,LOW,88.6536
2021,EN_LKW_QLTRST,Ukraine,EXTREME,0.30018
2021,EN_LKW_QLTRST,Ukraine,MEDIUM,9.29596
2017,EN_LKW_QLTRST,North Macedonia,EXTREME,0.55993
2017,EN_LKW_QLTRST,North Macedonia,LOW,86.82204
2017,EN_LKW_QLTRST,North Macedonia,HIGH,3.7699
2017,EN_LKW_QLTRST,North Macedonia,MEDIUM,8.84812
2018,EN_LKW_QLTRST,North Macedonia,HIGH,5.94609
2018,EN_LKW_QLTRST,North Macedonia,LOW,83.01537
2018,EN_LKW_QLTRST,North Macedonia,EXTREME,0.33461
2018,EN_LKW_QLTRST,North Macedonia,MEDIUM,10.70393
2019,EN_LKW_QLTRST,North Macedonia,MEDIUM,8.92571
2019,EN_LKW_QLTRST,North Macedonia,EXTREME,0.11066
2019,EN_LKW_QLTRST,North Macedonia,HIGH,2.28572
2019,EN_LKW_QLTRST,North Macedonia,LOW,88.6779
2020,EN_LKW_QLTRST,North Macedonia,MEDIUM,8.77169
2020,EN_LKW_QLTRST,North Macedonia,EXTREME,0.01455
2020,EN_LKW_QLTRST,North Macedonia,HIGH,0.85057
2020,EN_LKW_QLTRST,North Macedonia,LOW,90.36319
2021,EN_LKW_QLTRST,North Macedonia,EXTREME,0.21085
2021,EN_LKW_QLTRST,North Macedonia,LOW,91.15614
2021,EN_LKW_QLTRST,North Macedonia,HIGH,4.5446
2021,EN_LKW_QLTRST,North Macedonia,MEDIUM,4.08841
2017,EN_LKW_QLTRST,United Kingdom of Great Britain and Northern Ireland,EXTREME,6.02191
2017,EN_LKW_QLTRST,United Kingdom of Great Britain and Northern Ireland,MEDIUM,6.27417
2017,EN_LKW_QLTRST,United Kingdom of Great Britain and Northern Ireland,HIGH,5.96526
2017,EN_LKW_QLTRST,United Kingdom of Great Britain and Northern Ireland,LOW,81.73867
2018,EN_LKW_QLTRST,United Kingdom of Great Britain and Northern Ireland,LOW,80.08652
2018,EN_LKW_QLTRST,United Kingdom of Great Britain and Northern Ireland,MEDIUM,6.80619
2018,EN_LKW_QLTRST,United Kingdom of Great Britain and Northern Ireland,HIGH,6.17489
2018,EN_LKW_QLTRST,United Kingdom of Great Britain and Northern Ireland,EXTREME,6.9324
2019,EN_LKW_QLTRST,United Kingdom of Great Britain and Northern Ireland,MEDIUM,7.07873
2019,EN_LKW_QLTRST,United Kingdom of Great Britain and Northern Ireland,EXTREME,4.61932
2019,EN_LKW_QLTRST,United Kingdom of Great Britain and Northern Ireland,HIGH,5.71796
2019,EN_LKW_QLTRST,United Kingdom of Great Britain and Northern Ireland,LOW,82.584
2020,EN_LKW_QLTRST,United Kingdom of Great Britain and Northern Ireland,MEDIUM,7.07491
2020,EN_LKW_QLTRST,United Kingdom of Great Britain and Northern Ireland,LOW,83.00328
2020,EN_LKW_QLTRST,United Kingdom of Great Britain and Northern Ireland,HIGH,6.11544
2020,EN_LKW_QLTRST,United Kingdom of Great Britain and Northern Ireland,EXTREME,3.80636
2021,EN_LKW_QLTRST,United Kingdom of Great Britain and Northern Ireland,HIGH,6.35616
2021,EN_LKW_QLTRST,United Kingdom of Great Britain and Northern Ireland,LOW,82.5401
2021,EN_LKW_QLTRST,United Kingdom of Great Britain and Northern Ireland,EXTREME,4.03812
2021,EN_LKW_QLTRST,United Kingdom of Great Britain and Northern Ireland,MEDIUM,7.06563
2017,EN_LKW_QLTRST,Узбекистан,LOW,95.13326
2017,EN_LKW_QLTRST,Узбекистан,EXTREME,0.30246
2017,EN_LKW_QLTRST,Узбекистан,MEDIUM,3.84774
2017,EN_LKW_QLTRST,Узбекистан,HIGH,0.71654
2018,EN_LKW_QLTRST,Узбекистан,LOW,93.78599
2018,EN_LKW_QLTRST,Узбекистан,HIGH,0.97227
2018,EN_LKW_QLTRST,Узбекистан,EXTREME,0.32633
2018,EN_LKW_QLTRST,Узбекистан,MEDIUM,4.91541
2019,EN_LKW_QLTRST,Узбекистан,EXTREME,0.24839
2019,EN_LKW_QLTRST,Узбекистан,MEDIUM,1.62443
2019,EN_LKW_QLTRST,Узбекистан,HIGH,0.5048
2019,EN_LKW_QLTRST,Узбекистан,LOW,97.62238
2019,EN_LKW_QLTRST,Croatia,EXTREME,0.0
2019,EN_LKW_QLTRST,Croatia,HIGH,0.04897
2020,EN_LKW_QLTRST,Croatia,MEDIUM,1.63505
2020,EN_LKW_QLTRST,Croatia,EXTREME,0.02043
2020,EN_LKW_QLTRST,Croatia,LOW,98.13989
2020,EN_LKW_QLTRST,Croatia,HIGH,0.20463
2021,EN_LKW_QLTRST,Croatia,HIGH,0.31211
2021,EN_LKW_QLTRST,Croatia,MEDIUM,0.85069
2021,EN_LKW_QLTRST,Croatia,EXTREME,0.0
2021,EN_LKW_QLTRST,Croatia,LOW,98.8372
2020,EN_LKW_QLTRST,Узбекистан,LOW,96.54304
2020,EN_LKW_QLTRST,Узбекистан,HIGH,0.51911
2020,EN_LKW_QLTRST,Узбекистан,EXTREME,0.26809
2020,EN_LKW_QLTRST,Узбекистан,MEDIUM,2.66976
2021,EN_LKW_QLTRST,Узбекистан,LOW,96.20538
2021,EN_LKW_QLTRST,Узбекистан,HIGH,0.52579
2021,EN_LKW_QLTRST,Узбекистан,EXTREME,0.25934
2021,EN_LKW_QLTRST,Узбекистан,MEDIUM,3.00948
2021,EN_LKW_QLTRST,Узбекистан,MEDIUM,3.00948
