Year,SeriesCode,Страна ,Value
2003,EG_FEC_RNEW,Costa Rica,33.3
2004,EG_FEC_RNEW,Costa Rica,39.16
2005,EG_FEC_RNEW,Costa Rica,41.73
2006,EG_FEC_RNEW,Costa Rica,42.4
2007,EG_FEC_RNEW,Costa Rica,41.18
2008,EG_FEC_RNEW,Costa Rica,40.7
2009,EG_FEC_RNEW,Costa Rica,40.72
2010,EG_FEC_RNEW,Costa Rica,40.39
2011,EG_FEC_RNEW,Costa Rica,38.02
2012,EG_FEC_RNEW,Costa Rica,38.06
2013,EG_FEC_RNEW,Costa Rica,37.8
2014,EG_FEC_RNEW,Costa Rica,37.62
2015,EG_FEC_RNEW,Costa Rica,38.33
2016,EG_FEC_RNEW,Costa Rica,34.11
2017,EG_FEC_RNEW,Costa Rica,33.33
2018,EG_FEC_RNEW,Costa Rica,33.13
2019,EG_FEC_RNEW,Costa Rica,33.42
2020,EG_FEC_RNEW,Costa Rica,36.43
2000,EG_FEC_RNEW,Croatia,26.76
2001,EG_FEC_RNEW,Croatia,26.92
2002,EG_FEC_RNEW,Croatia,24.61
2003,EG_FEC_RNEW,Croatia,24.82
2004,EG_FEC_RNEW,Croatia,26.56
2005,EG_FEC_RNEW,Croatia,26.82
2006,EG_FEC_RNEW,Croatia,25.51
2007,EG_FEC_RNEW,Croatia,22.66
2000,EG_FEC_RNEW,Türkiye,17.29
2001,EG_FEC_RNEW,Türkiye,18.12
2002,EG_FEC_RNEW,Türkiye,17.49
2003,EG_FEC_RNEW,Türkiye,16.29
2004,EG_FEC_RNEW,Türkiye,16.78
2005,EG_FEC_RNEW,Türkiye,15.34
2006,EG_FEC_RNEW,Türkiye,14.23
2007,EG_FEC_RNEW,Türkiye,12.48
2008,EG_FEC_RNEW,Türkiye,12.53
2009,EG_FEC_RNEW,Türkiye,13.12
2010,EG_FEC_RNEW,Türkiye,14.21
2011,EG_FEC_RNEW,Türkiye,12.68
2012,EG_FEC_RNEW,Türkiye,13.03
2013,EG_FEC_RNEW,Türkiye,13.8
2008,EG_FEC_RNEW,Croatia,24.14
2009,EG_FEC_RNEW,Croatia,27.16
2010,EG_FEC_RNEW,Croatia,29.75
2011,EG_FEC_RNEW,Croatia,27.16
2012,EG_FEC_RNEW,Croatia,29.4
2013,EG_FEC_RNEW,Croatia,32.82
2014,EG_FEC_RNEW,Croatia,33.6
2015,EG_FEC_RNEW,Croatia,33.09
2016,EG_FEC_RNEW,Croatia,31.83
2017,EG_FEC_RNEW,Croatia,29.79
2018,EG_FEC_RNEW,Croatia,32.83
2019,EG_FEC_RNEW,Croatia,31.6
2020,EG_FEC_RNEW,Croatia,32.37
2000,EG_FEC_RNEW,Cyprus,3.08
2014,EG_FEC_RNEW,Türkiye,11.51
2015,EG_FEC_RNEW,Türkiye,13.34
2016,EG_FEC_RNEW,Türkiye,13.23
2017,EG_FEC_RNEW,Türkiye,11.4
2018,EG_FEC_RNEW,Türkiye,11.83
2019,EG_FEC_RNEW,Türkiye,14.12
2020,EG_FEC_RNEW,Türkiye,13.72
2000,EG_FEC_RNEW,Туркменистан,0.1
2001,EG_FEC_RNEW,Туркменистан,0.1
2002,EG_FEC_RNEW,Туркменистан,0.09
2003,EG_FEC_RNEW,Туркменистан,0.08
2004,EG_FEC_RNEW,Туркменистан,0.08
2005,EG_FEC_RNEW,Туркменистан,0.08
2001,EG_FEC_RNEW,Cyprus,3.03
2002,EG_FEC_RNEW,Cyprus,3.16
2003,EG_FEC_RNEW,Cyprus,3.24
2004,EG_FEC_RNEW,Cyprus,3.29
2005,EG_FEC_RNEW,Cyprus,3.34
2006,EG_FEC_RNEW,Cyprus,3.5
2007,EG_FEC_RNEW,Cyprus,4.32
2008,EG_FEC_RNEW,Cyprus,5.45
2009,EG_FEC_RNEW,Cyprus,6.29
2010,EG_FEC_RNEW,Cyprus,6.5
2011,EG_FEC_RNEW,Cyprus,7.6
2012,EG_FEC_RNEW,Cyprus,8.6
2013,EG_FEC_RNEW,Cyprus,9.73
2014,EG_FEC_RNEW,Cyprus,9.49
2006,EG_FEC_RNEW,Туркменистан,0.09
2007,EG_FEC_RNEW,Туркменистан,0.07
2008,EG_FEC_RNEW,Туркменистан,0.08
2009,EG_FEC_RNEW,Туркменистан,0.08
2010,EG_FEC_RNEW,Туркменистан,0.07
2011,EG_FEC_RNEW,Туркменистан,0.07
2012,EG_FEC_RNEW,Туркменистан,0.05
2013,EG_FEC_RNEW,Туркменистан,0.06
2014,EG_FEC_RNEW,Туркменистан,0.06
2015,EG_FEC_RNEW,Туркменистан,0.06
2016,EG_FEC_RNEW,Туркменистан,0.06
2017,EG_FEC_RNEW,Туркменистан,0.06
2018,EG_FEC_RNEW,Туркменистан,0.06
2000,EG_FEC_RNEW,Albania,41.36
2001,EG_FEC_RNEW,Albania,39.04
2002,EG_FEC_RNEW,Albania,35.82
2003,EG_FEC_RNEW,Albania,33.67
2004,EG_FEC_RNEW,Albania,35.84
2005,EG_FEC_RNEW,Albania,36.77
2006,EG_FEC_RNEW,Albania,31.62
2007,EG_FEC_RNEW,Albania,32.0
2008,EG_FEC_RNEW,Albania,35.79
2009,EG_FEC_RNEW,Albania,37.09
2010,EG_FEC_RNEW,Albania,36.99
2011,EG_FEC_RNEW,Albania,35.84
2012,EG_FEC_RNEW,Albania,39.91
2013,EG_FEC_RNEW,Albania,41.14
2015,EG_FEC_RNEW,Cyprus,10.41
2016,EG_FEC_RNEW,Cyprus,10.27
2017,EG_FEC_RNEW,Cyprus,10.94
2018,EG_FEC_RNEW,Cyprus,12.02
2019,EG_FEC_RNEW,Cyprus,11.97
2020,EG_FEC_RNEW,Cyprus,15.02
2000,EG_FEC_RNEW,Czechia,5.94
2001,EG_FEC_RNEW,Czechia,6.29
2002,EG_FEC_RNEW,Czechia,7.28
2003,EG_FEC_RNEW,Czechia,6.72
2004,EG_FEC_RNEW,Czechia,7.13
2005,EG_FEC_RNEW,Czechia,7.53
2006,EG_FEC_RNEW,Czechia,7.88
2007,EG_FEC_RNEW,Czechia,8.32
2008,EG_FEC_RNEW,Czechia,8.99
2009,EG_FEC_RNEW,Czechia,10.25
2010,EG_FEC_RNEW,Czechia,10.95
2011,EG_FEC_RNEW,Czechia,12.16
2012,EG_FEC_RNEW,Czechia,12.8
2013,EG_FEC_RNEW,Czechia,13.95
2014,EG_FEC_RNEW,Czechia,14.85
2015,EG_FEC_RNEW,Czechia,14.84
2016,EG_FEC_RNEW,Czechia,14.77
2017,EG_FEC_RNEW,Czechia,14.46
2018,EG_FEC_RNEW,Czechia,14.72
2019,EG_FEC_RNEW,Czechia,15.88
2020,EG_FEC_RNEW,Czechia,16.97
2000,EG_FEC_RNEW,Denmark,10.73
2019,EG_FEC_RNEW,Туркменистан,0.06
2020,EG_FEC_RNEW,Туркменистан,0.06
2000,EG_FEC_RNEW,Ukraine,1.25
2001,EG_FEC_RNEW,Ukraine,1.23
2002,EG_FEC_RNEW,Ukraine,1.03
2003,EG_FEC_RNEW,Ukraine,0.99
2004,EG_FEC_RNEW,Ukraine,1.21
2005,EG_FEC_RNEW,Ukraine,1.27
2006,EG_FEC_RNEW,Ukraine,1.75
2007,EG_FEC_RNEW,Ukraine,2.39
2008,EG_FEC_RNEW,Ukraine,2.72
2009,EG_FEC_RNEW,Ukraine,2.96
2010,EG_FEC_RNEW,Ukraine,2.88
2011,EG_FEC_RNEW,Ukraine,2.74
2001,EG_FEC_RNEW,Denmark,11.12
2002,EG_FEC_RNEW,Denmark,11.86
2003,EG_FEC_RNEW,Denmark,12.72
2004,EG_FEC_RNEW,Denmark,14.44
2005,EG_FEC_RNEW,Denmark,16.12
2006,EG_FEC_RNEW,Denmark,15.26
2007,EG_FEC_RNEW,Denmark,17.69
2008,EG_FEC_RNEW,Denmark,18.54
2009,EG_FEC_RNEW,Denmark,19.33
2010,EG_FEC_RNEW,Denmark,21.2
2011,EG_FEC_RNEW,Denmark,23.83
2012,EG_FEC_RNEW,Denmark,26.93
2013,EG_FEC_RNEW,Denmark,27.05
2014,EG_FEC_RNEW,Denmark,30.19
2012,EG_FEC_RNEW,Ukraine,2.86
2013,EG_FEC_RNEW,Ukraine,3.49
2014,EG_FEC_RNEW,Ukraine,3.5
2015,EG_FEC_RNEW,Ukraine,4.15
2016,EG_FEC_RNEW,Ukraine,5.48
2017,EG_FEC_RNEW,Ukraine,6.48
2018,EG_FEC_RNEW,Ukraine,6.92
2019,EG_FEC_RNEW,Ukraine,7.44
2020,EG_FEC_RNEW,Ukraine,8.72
2000,EG_FEC_RNEW,North Macedonia,19.38
2001,EG_FEC_RNEW,North Macedonia,15.17
2002,EG_FEC_RNEW,North Macedonia,14.63
2003,EG_FEC_RNEW,North Macedonia,17.29
2014,EG_FEC_RNEW,Albania,38.56
2015,EG_FEC_RNEW,Albania,38.49
2016,EG_FEC_RNEW,Albania,39.44
2017,EG_FEC_RNEW,Albania,36.94
2018,EG_FEC_RNEW,Albania,37.83
2019,EG_FEC_RNEW,Albania,40.11
2020,EG_FEC_RNEW,Albania,44.58
2000,EG_FEC_RNEW,Azerbaijan,2.07
2001,EG_FEC_RNEW,Azerbaijan,1.75
2002,EG_FEC_RNEW,Azerbaijan,2.35
2003,EG_FEC_RNEW,Azerbaijan,2.94
2004,EG_FEC_RNEW,Azerbaijan,3.07
2005,EG_FEC_RNEW,Azerbaijan,3.36
2004,EG_FEC_RNEW,North Macedonia,18.2
2005,EG_FEC_RNEW,North Macedonia,19.03
2006,EG_FEC_RNEW,North Macedonia,19.8
2007,EG_FEC_RNEW,North Macedonia,15.71
2008,EG_FEC_RNEW,North Macedonia,15.61
2009,EG_FEC_RNEW,North Macedonia,18.43
2010,EG_FEC_RNEW,North Macedonia,22.3
2011,EG_FEC_RNEW,North Macedonia,18.62
2012,EG_FEC_RNEW,North Macedonia,18.27
2013,EG_FEC_RNEW,North Macedonia,21.16
2014,EG_FEC_RNEW,North Macedonia,21.19
2015,EG_FEC_RNEW,North Macedonia,23.91
2016,EG_FEC_RNEW,North Macedonia,21.37
2006,EG_FEC_RNEW,Azerbaijan,2.86
2007,EG_FEC_RNEW,Azerbaijan,3.78
2008,EG_FEC_RNEW,Azerbaijan,3.08
2009,EG_FEC_RNEW,Azerbaijan,3.27
2010,EG_FEC_RNEW,Azerbaijan,4.45
2011,EG_FEC_RNEW,Azerbaijan,3.55
2012,EG_FEC_RNEW,Azerbaijan,2.84
2013,EG_FEC_RNEW,Azerbaijan,2.52
2014,EG_FEC_RNEW,Azerbaijan,2.12
2015,EG_FEC_RNEW,Azerbaijan,2.33
2016,EG_FEC_RNEW,Azerbaijan,1.94
2017,EG_FEC_RNEW,Azerbaijan,1.91
2018,EG_FEC_RNEW,Azerbaijan,1.93
2017,EG_FEC_RNEW,North Macedonia,19.0
2018,EG_FEC_RNEW,North Macedonia,20.87
2019,EG_FEC_RNEW,North Macedonia,17.05
2020,EG_FEC_RNEW,North Macedonia,20.26
2000,EG_FEC_RNEW,United Kingdom of Great Britain and Northern Ireland,0.96
2001,EG_FEC_RNEW,United Kingdom of Great Britain and Northern Ireland,0.85
2002,EG_FEC_RNEW,United Kingdom of Great Britain and Northern Ireland,0.97
2003,EG_FEC_RNEW,United Kingdom of Great Britain and Northern Ireland,0.93
2004,EG_FEC_RNEW,United Kingdom of Great Britain and Northern Ireland,1.14
2005,EG_FEC_RNEW,United Kingdom of Great Britain and Northern Ireland,1.35
2006,EG_FEC_RNEW,United Kingdom of Great Britain and Northern Ireland,1.55
2007,EG_FEC_RNEW,United Kingdom of Great Britain and Northern Ireland,1.84
2019,EG_FEC_RNEW,Azerbaijan,1.62
2020,EG_FEC_RNEW,Azerbaijan,1.23
2000,EG_FEC_RNEW,Australia,8.42
2001,EG_FEC_RNEW,Australia,8.37
2002,EG_FEC_RNEW,Australia,8.74
2003,EG_FEC_RNEW,Australia,7.15
2004,EG_FEC_RNEW,Australia,6.68
2005,EG_FEC_RNEW,Australia,6.71
2006,EG_FEC_RNEW,Australia,6.85
2007,EG_FEC_RNEW,Australia,6.95
2008,EG_FEC_RNEW,Australia,6.79
2009,EG_FEC_RNEW,Australia,7.15
2010,EG_FEC_RNEW,Australia,8.16
2015,EG_FEC_RNEW,Denmark,32.53
2016,EG_FEC_RNEW,Denmark,31.95
2017,EG_FEC_RNEW,Denmark,35.02
2018,EG_FEC_RNEW,Denmark,34.56
2019,EG_FEC_RNEW,Denmark,37.29
2020,EG_FEC_RNEW,Denmark,39.7
2000,EG_FEC_RNEW,Estonia,19.76
2001,EG_FEC_RNEW,Estonia,18.85
2002,EG_FEC_RNEW,Estonia,19.34
2003,EG_FEC_RNEW,Estonia,19.88
2004,EG_FEC_RNEW,Estonia,20.0
2005,EG_FEC_RNEW,Estonia,18.9
2006,EG_FEC_RNEW,Estonia,17.22
2007,EG_FEC_RNEW,Estonia,18.65
2008,EG_FEC_RNEW,United Kingdom of Great Britain and Northern Ireland,2.4
2009,EG_FEC_RNEW,United Kingdom of Great Britain and Northern Ireland,2.92
2010,EG_FEC_RNEW,United Kingdom of Great Britain and Northern Ireland,3.13
2011,EG_FEC_RNEW,United Kingdom of Great Britain and Northern Ireland,3.94
2012,EG_FEC_RNEW,United Kingdom of Great Britain and Northern Ireland,4.15
2013,EG_FEC_RNEW,United Kingdom of Great Britain and Northern Ireland,5.18
2014,EG_FEC_RNEW,United Kingdom of Great Britain and Northern Ireland,6.53
2015,EG_FEC_RNEW,United Kingdom of Great Britain and Northern Ireland,7.71
2016,EG_FEC_RNEW,United Kingdom of Great Britain and Northern Ireland,7.68
2017,EG_FEC_RNEW,United Kingdom of Great Britain and Northern Ireland,8.81
2018,EG_FEC_RNEW,United Kingdom of Great Britain and Northern Ireland,10.09
2019,EG_FEC_RNEW,United Kingdom of Great Britain and Northern Ireland,11.39
2011,EG_FEC_RNEW,Australia,8.32
2012,EG_FEC_RNEW,Australia,8.3
2013,EG_FEC_RNEW,Australia,9.22
2014,EG_FEC_RNEW,Australia,9.33
2015,EG_FEC_RNEW,Australia,9.32
2016,EG_FEC_RNEW,Australia,9.36
2017,EG_FEC_RNEW,Australia,9.65
2018,EG_FEC_RNEW,Australia,9.6
2019,EG_FEC_RNEW,Australia,10.06
2020,EG_FEC_RNEW,Australia,10.89
2000,EG_FEC_RNEW,Austria,26.43
2001,EG_FEC_RNEW,Austria,25.53
2002,EG_FEC_RNEW,Austria,24.68
2008,EG_FEC_RNEW,Estonia,20.45
2009,EG_FEC_RNEW,Estonia,24.21
2010,EG_FEC_RNEW,Estonia,25.32
2011,EG_FEC_RNEW,Estonia,25.16
2012,EG_FEC_RNEW,Estonia,24.96
2013,EG_FEC_RNEW,Estonia,24.47
2014,EG_FEC_RNEW,Estonia,25.29
2015,EG_FEC_RNEW,Estonia,28.17
2016,EG_FEC_RNEW,Estonia,27.23
2017,EG_FEC_RNEW,Estonia,27.52
2018,EG_FEC_RNEW,Estonia,28.59
2019,EG_FEC_RNEW,Estonia,31.34
2020,EG_FEC_RNEW,Estonia,40.0
2000,EG_FEC_RNEW,Finland,31.68
2003,EG_FEC_RNEW,Austria,22.56
2004,EG_FEC_RNEW,Austria,23.17
2005,EG_FEC_RNEW,Austria,24.41
2006,EG_FEC_RNEW,Austria,26.64
2007,EG_FEC_RNEW,Austria,28.99
2008,EG_FEC_RNEW,Austria,29.68
2009,EG_FEC_RNEW,Austria,31.31
2010,EG_FEC_RNEW,Austria,31.15
2011,EG_FEC_RNEW,Austria,31.64
2012,EG_FEC_RNEW,Austria,34.37
2013,EG_FEC_RNEW,Austria,34.58
2014,EG_FEC_RNEW,Austria,35.67
2015,EG_FEC_RNEW,Austria,34.82
2016,EG_FEC_RNEW,Austria,34.63
2001,EG_FEC_RNEW,Finland,29.25
2002,EG_FEC_RNEW,Finland,29.52
2003,EG_FEC_RNEW,Finland,28.35
2004,EG_FEC_RNEW,Finland,31.1
2005,EG_FEC_RNEW,Finland,31.52
2006,EG_FEC_RNEW,Finland,31.25
2007,EG_FEC_RNEW,Finland,31.8
2008,EG_FEC_RNEW,Finland,34.61
2009,EG_FEC_RNEW,Finland,32.46
2010,EG_FEC_RNEW,Finland,33.43
2011,EG_FEC_RNEW,Finland,35.14
2012,EG_FEC_RNEW,Finland,38.72
2013,EG_FEC_RNEW,Finland,38.52
2014,EG_FEC_RNEW,Finland,41.25
2015,EG_FEC_RNEW,Finland,43.23
2016,EG_FEC_RNEW,Finland,42.4
2017,EG_FEC_RNEW,Finland,44.48
2018,EG_FEC_RNEW,Finland,44.3
2019,EG_FEC_RNEW,Finland,45.6
2020,EG_FEC_RNEW,Finland,47.49
2000,EG_FEC_RNEW,France,9.32
2001,EG_FEC_RNEW,France,9.46
2002,EG_FEC_RNEW,France,8.73
2003,EG_FEC_RNEW,France,8.91
2004,EG_FEC_RNEW,France,8.95
2005,EG_FEC_RNEW,France,8.66
2006,EG_FEC_RNEW,France,8.52
2007,EG_FEC_RNEW,France,9.46
2020,EG_FEC_RNEW,United Kingdom of Great Britain and Northern Ireland,13.5
2000,EG_FEC_RNEW,Узбекистан,0.72
2001,EG_FEC_RNEW,Узбекистан,0.78
2002,EG_FEC_RNEW,Узбекистан,1.02
2003,EG_FEC_RNEW,Узбекистан,1.42
2004,EG_FEC_RNEW,Узбекистан,1.05
2005,EG_FEC_RNEW,Узбекистан,1.62
2006,EG_FEC_RNEW,Узбекистан,0.85
2007,EG_FEC_RNEW,Узбекистан,0.9
2008,EG_FEC_RNEW,Узбекистан,0.8
2009,EG_FEC_RNEW,Узбекистан,1.25
2010,EG_FEC_RNEW,Узбекистан,1.35
2011,EG_FEC_RNEW,Узбекистан,0.95
2017,EG_FEC_RNEW,Austria,33.97
2018,EG_FEC_RNEW,Austria,34.08
2019,EG_FEC_RNEW,Austria,33.98
2020,EG_FEC_RNEW,Austria,35.77
2000,EG_FEC_RNEW,Armenia,7.16
2001,EG_FEC_RNEW,Armenia,5.42
2002,EG_FEC_RNEW,Armenia,8.9
2003,EG_FEC_RNEW,Armenia,9.81
2004,EG_FEC_RNEW,Armenia,8.71
2005,EG_FEC_RNEW,Armenia,6.49
2006,EG_FEC_RNEW,Armenia,7.65
2007,EG_FEC_RNEW,Armenia,7.02
2008,EG_FEC_RNEW,Armenia,6.4
2009,EG_FEC_RNEW,Armenia,7.8
2010,EG_FEC_RNEW,Armenia,9.36
2011,EG_FEC_RNEW,Armenia,8.01
2012,EG_FEC_RNEW,Armenia,6.56
2013,EG_FEC_RNEW,Armenia,6.77
2014,EG_FEC_RNEW,Armenia,7.08
2015,EG_FEC_RNEW,Armenia,10.74
2016,EG_FEC_RNEW,Armenia,13.15
2017,EG_FEC_RNEW,Armenia,12.56
2018,EG_FEC_RNEW,Armenia,11.13
2019,EG_FEC_RNEW,Armenia,10.34
2020,EG_FEC_RNEW,Armenia,8.38
2000,EG_FEC_RNEW,Belgium,1.44
2001,EG_FEC_RNEW,Belgium,1.58
2002,EG_FEC_RNEW,Belgium,1.68
2008,EG_FEC_RNEW,France,10.6
2009,EG_FEC_RNEW,France,11.32
2010,EG_FEC_RNEW,France,11.99
2011,EG_FEC_RNEW,France,10.65
2012,EG_FEC_RNEW,France,12.35
2013,EG_FEC_RNEW,France,13.44
2014,EG_FEC_RNEW,France,13.19
2015,EG_FEC_RNEW,France,13.34
2016,EG_FEC_RNEW,France,14.25
2017,EG_FEC_RNEW,France,14.12
2018,EG_FEC_RNEW,France,15.21
2019,EG_FEC_RNEW,France,15.53
2020,EG_FEC_RNEW,France,16.87
2000,EG_FEC_RNEW,Georgia,47.25
2003,EG_FEC_RNEW,Belgium,1.89
2004,EG_FEC_RNEW,Belgium,2.04
2005,EG_FEC_RNEW,Belgium,2.44
2006,EG_FEC_RNEW,Belgium,2.87
2007,EG_FEC_RNEW,Belgium,3.4
2008,EG_FEC_RNEW,Belgium,3.95
2009,EG_FEC_RNEW,Belgium,4.87
2010,EG_FEC_RNEW,Belgium,6.25
2011,EG_FEC_RNEW,Belgium,6.7
2012,EG_FEC_RNEW,Belgium,7.69
2013,EG_FEC_RNEW,Belgium,8.26
2014,EG_FEC_RNEW,Belgium,9.13
2015,EG_FEC_RNEW,Belgium,9.42
2016,EG_FEC_RNEW,Belgium,9.2
2001,EG_FEC_RNEW,Georgia,53.15
2002,EG_FEC_RNEW,Georgia,56.76
2003,EG_FEC_RNEW,Georgia,55.33
2004,EG_FEC_RNEW,Georgia,54.53
2005,EG_FEC_RNEW,Georgia,41.48
2006,EG_FEC_RNEW,Georgia,37.22
2007,EG_FEC_RNEW,Georgia,36.22
2008,EG_FEC_RNEW,Georgia,36.3
2009,EG_FEC_RNEW,Georgia,36.72
2010,EG_FEC_RNEW,Georgia,39.15
2011,EG_FEC_RNEW,Georgia,31.53
2012,EG_FEC_RNEW,Georgia,28.69
2013,EG_FEC_RNEW,Georgia,32.41
2014,EG_FEC_RNEW,Georgia,30.69
2015,EG_FEC_RNEW,Georgia,27.54
2016,EG_FEC_RNEW,Georgia,27.18
2017,EG_FEC_RNEW,Georgia,27.52
2018,EG_FEC_RNEW,Georgia,27.37
2019,EG_FEC_RNEW,Georgia,24.69
2020,EG_FEC_RNEW,Georgia,23.45
2000,EG_FEC_RNEW,Germany,3.7
2001,EG_FEC_RNEW,Germany,3.9
2002,EG_FEC_RNEW,Germany,4.41
2003,EG_FEC_RNEW,Germany,5.44
2004,EG_FEC_RNEW,Germany,6.34
2005,EG_FEC_RNEW,Germany,7.28
2006,EG_FEC_RNEW,Germany,8.59
2007,EG_FEC_RNEW,Germany,10.47
2017,EG_FEC_RNEW,Belgium,9.66
2018,EG_FEC_RNEW,Belgium,10.65
2019,EG_FEC_RNEW,Belgium,10.2
2020,EG_FEC_RNEW,Belgium,12.28
2000,EG_FEC_RNEW,Bosnia and Herzegovina,19.35
2001,EG_FEC_RNEW,Bosnia and Herzegovina,20.27
2002,EG_FEC_RNEW,Bosnia and Herzegovina,21.21
2003,EG_FEC_RNEW,Bosnia and Herzegovina,20.14
2004,EG_FEC_RNEW,Bosnia and Herzegovina,20.1
2005,EG_FEC_RNEW,Bosnia and Herzegovina,19.73
2006,EG_FEC_RNEW,Bosnia and Herzegovina,18.12
2007,EG_FEC_RNEW,Bosnia and Herzegovina,14.84
2008,EG_FEC_RNEW,Bosnia and Herzegovina,14.28
2009,EG_FEC_RNEW,Bosnia and Herzegovina,17.43
2010,EG_FEC_RNEW,Bosnia and Herzegovina,19.57
2011,EG_FEC_RNEW,Bosnia and Herzegovina,14.16
2012,EG_FEC_RNEW,Bosnia and Herzegovina,15.28
2013,EG_FEC_RNEW,Bosnia and Herzegovina,19.48
2014,EG_FEC_RNEW,Bosnia and Herzegovina,23.65
2015,EG_FEC_RNEW,Bosnia and Herzegovina,25.25
2016,EG_FEC_RNEW,Bosnia and Herzegovina,23.0
2017,EG_FEC_RNEW,Bosnia and Herzegovina,18.49
2018,EG_FEC_RNEW,Bosnia and Herzegovina,35.36
2019,EG_FEC_RNEW,Bosnia and Herzegovina,36.84
2020,EG_FEC_RNEW,Bosnia and Herzegovina,37.71
2000,EG_FEC_RNEW,Bulgaria,7.97
2001,EG_FEC_RNEW,Bulgaria,7.24
2002,EG_FEC_RNEW,Bulgaria,8.7
2003,EG_FEC_RNEW,Bulgaria,9.16
2004,EG_FEC_RNEW,Bulgaria,9.55
2005,EG_FEC_RNEW,Bulgaria,9.83
2006,EG_FEC_RNEW,Bulgaria,9.96
2007,EG_FEC_RNEW,Bulgaria,8.85
2008,EG_FEC_RNEW,Bulgaria,9.94
2009,EG_FEC_RNEW,Bulgaria,11.62
2010,EG_FEC_RNEW,Bulgaria,14.27
2011,EG_FEC_RNEW,Bulgaria,13.22
2012,EG_FEC_RNEW,Bulgaria,15.63
2013,EG_FEC_RNEW,Bulgaria,18.24
2014,EG_FEC_RNEW,Bulgaria,17.15
2008,EG_FEC_RNEW,Germany,10.25
2009,EG_FEC_RNEW,Germany,10.72
2010,EG_FEC_RNEW,Germany,11.61
2011,EG_FEC_RNEW,Germany,12.54
2012,EG_FEC_RNEW,Germany,13.64
2013,EG_FEC_RNEW,Germany,13.63
2014,EG_FEC_RNEW,Germany,14.02
2015,EG_FEC_RNEW,Germany,14.55
2016,EG_FEC_RNEW,Germany,14.24
2017,EG_FEC_RNEW,Germany,15.22
2018,EG_FEC_RNEW,Germany,16.04
2019,EG_FEC_RNEW,Germany,17.07
2020,EG_FEC_RNEW,Germany,18.6
2000,EG_FEC_RNEW,Greece,7.82
2015,EG_FEC_RNEW,Bulgaria,17.85
2016,EG_FEC_RNEW,Bulgaria,17.71
2017,EG_FEC_RNEW,Bulgaria,17.11
2018,EG_FEC_RNEW,Bulgaria,19.59
2019,EG_FEC_RNEW,Bulgaria,19.32
2020,EG_FEC_RNEW,Bulgaria,21.08
2000,EG_FEC_RNEW,Belarus,5.65
2001,EG_FEC_RNEW,Belarus,6.26
2002,EG_FEC_RNEW,Belarus,6.52
2003,EG_FEC_RNEW,Belarus,6.25
2004,EG_FEC_RNEW,Belarus,6.27
2005,EG_FEC_RNEW,Belarus,6.83
2006,EG_FEC_RNEW,Belarus,7.2
2007,EG_FEC_RNEW,Belarus,7.28
2001,EG_FEC_RNEW,Greece,7.11
2002,EG_FEC_RNEW,Greece,7.33
2003,EG_FEC_RNEW,Greece,7.6
2004,EG_FEC_RNEW,Greece,7.85
2005,EG_FEC_RNEW,Greece,8.01
2006,EG_FEC_RNEW,Greece,8.51
2007,EG_FEC_RNEW,Greece,8.05
2008,EG_FEC_RNEW,Greece,8.32
2009,EG_FEC_RNEW,Greece,9.18
2010,EG_FEC_RNEW,Greece,11.38
2011,EG_FEC_RNEW,Greece,11.38
2012,EG_FEC_RNEW,Greece,14.17
2013,EG_FEC_RNEW,Greece,16.61
2014,EG_FEC_RNEW,Greece,16.41
2008,EG_FEC_RNEW,Belarus,7.08
2009,EG_FEC_RNEW,Belarus,7.39
2010,EG_FEC_RNEW,Belarus,7.29
2011,EG_FEC_RNEW,Belarus,7.52
2012,EG_FEC_RNEW,Belarus,7.24
2013,EG_FEC_RNEW,Belarus,6.97
2014,EG_FEC_RNEW,Belarus,6.69
2015,EG_FEC_RNEW,Belarus,6.82
2016,EG_FEC_RNEW,Belarus,6.72
2017,EG_FEC_RNEW,Belarus,7.28
2018,EG_FEC_RNEW,Belarus,7.21
2019,EG_FEC_RNEW,Belarus,7.81
2020,EG_FEC_RNEW,Belarus,8.39
2000,EG_FEC_RNEW,Canada,22.04
2001,EG_FEC_RNEW,Canada,21.53
2002,EG_FEC_RNEW,Canada,21.77
2003,EG_FEC_RNEW,Canada,21.18
2004,EG_FEC_RNEW,Canada,21.58
2005,EG_FEC_RNEW,Canada,21.26
2006,EG_FEC_RNEW,Canada,21.18
2007,EG_FEC_RNEW,Canada,21.26
2008,EG_FEC_RNEW,Canada,21.3
2009,EG_FEC_RNEW,Canada,21.94
2010,EG_FEC_RNEW,Canada,21.13
2011,EG_FEC_RNEW,Canada,21.17
2012,EG_FEC_RNEW,Canada,21.44
2013,EG_FEC_RNEW,Canada,21.84
2014,EG_FEC_RNEW,Canada,21.83
2015,EG_FEC_RNEW,Canada,21.83
2016,EG_FEC_RNEW,Canada,21.62
2017,EG_FEC_RNEW,Canada,22.35
2018,EG_FEC_RNEW,Canada,21.92
2019,EG_FEC_RNEW,Canada,22.47
2020,EG_FEC_RNEW,Canada,23.85
2000,EG_FEC_RNEW,Chile,31.36
2001,EG_FEC_RNEW,Chile,32.15
2002,EG_FEC_RNEW,Chile,33.07
2003,EG_FEC_RNEW,Chile,31.62
2004,EG_FEC_RNEW,Chile,31.44
2005,EG_FEC_RNEW,Chile,32.26
2006,EG_FEC_RNEW,Chile,32.91
2007,EG_FEC_RNEW,Chile,30.46
2015,EG_FEC_RNEW,Greece,17.47
2016,EG_FEC_RNEW,Greece,16.41
2017,EG_FEC_RNEW,Greece,16.38
2018,EG_FEC_RNEW,Greece,17.86
2019,EG_FEC_RNEW,Greece,18.52
2020,EG_FEC_RNEW,Greece,20.08
2000,EG_FEC_RNEW,Hungary,5.17
2001,EG_FEC_RNEW,Hungary,5.12
2002,EG_FEC_RNEW,Hungary,5.17
2003,EG_FEC_RNEW,Hungary,5.01
2004,EG_FEC_RNEW,Hungary,4.63
2005,EG_FEC_RNEW,Hungary,7.29
2006,EG_FEC_RNEW,Hungary,7.86
2007,EG_FEC_RNEW,Hungary,9.0
2008,EG_FEC_RNEW,Chile,30.83
2009,EG_FEC_RNEW,Chile,31.53
2010,EG_FEC_RNEW,Chile,27.04
2011,EG_FEC_RNEW,Chile,28.79
2012,EG_FEC_RNEW,Chile,30.31
2013,EG_FEC_RNEW,Chile,30.23
2014,EG_FEC_RNEW,Chile,26.95
2015,EG_FEC_RNEW,Chile,25.06
2016,EG_FEC_RNEW,Chile,24.55
2017,EG_FEC_RNEW,Chile,24.1
2018,EG_FEC_RNEW,Chile,25.46
2019,EG_FEC_RNEW,Chile,25.27
2020,EG_FEC_RNEW,Chile,26.73
2000,EG_FEC_RNEW,China,29.63
2008,EG_FEC_RNEW,Hungary,8.96
2009,EG_FEC_RNEW,Hungary,12.29
2010,EG_FEC_RNEW,Hungary,13.46
2011,EG_FEC_RNEW,Hungary,14.74
2012,EG_FEC_RNEW,Hungary,16.47
2013,EG_FEC_RNEW,Hungary,17.18
2014,EG_FEC_RNEW,Hungary,15.72
2015,EG_FEC_RNEW,Hungary,15.6
2016,EG_FEC_RNEW,Hungary,15.34
2017,EG_FEC_RNEW,Hungary,14.55
2018,EG_FEC_RNEW,Hungary,13.6
2019,EG_FEC_RNEW,Hungary,13.64
2020,EG_FEC_RNEW,Hungary,14.76
2000,EG_FEC_RNEW,Iceland,60.66
2001,EG_FEC_RNEW,Iceland,62.12
2002,EG_FEC_RNEW,Iceland,61.84
2003,EG_FEC_RNEW,Iceland,61.88
2004,EG_FEC_RNEW,Iceland,61.88
2005,EG_FEC_RNEW,Iceland,62.7
2006,EG_FEC_RNEW,Iceland,64.19
2007,EG_FEC_RNEW,Iceland,67.5
2008,EG_FEC_RNEW,Iceland,73.92
2009,EG_FEC_RNEW,Iceland,74.61
2010,EG_FEC_RNEW,Iceland,75.89
2011,EG_FEC_RNEW,Iceland,77.12
2012,EG_FEC_RNEW,Iceland,77.71
2013,EG_FEC_RNEW,Iceland,76.62
2014,EG_FEC_RNEW,Iceland,76.95
2015,EG_FEC_RNEW,Iceland,77.76
2016,EG_FEC_RNEW,Iceland,80.77
2017,EG_FEC_RNEW,Iceland,80.68
2018,EG_FEC_RNEW,Iceland,81.26
2019,EG_FEC_RNEW,Iceland,81.57
2020,EG_FEC_RNEW,Iceland,82.79
2000,EG_FEC_RNEW,India,46.88
2001,EG_FEC_RNEW,India,47.11
2002,EG_FEC_RNEW,India,45.75
2003,EG_FEC_RNEW,India,45.63
2004,EG_FEC_RNEW,India,44.92
2005,EG_FEC_RNEW,India,44.16
2006,EG_FEC_RNEW,India,43.16
2007,EG_FEC_RNEW,India,41.54
2001,EG_FEC_RNEW,China,28.36
2002,EG_FEC_RNEW,China,27.0
2003,EG_FEC_RNEW,China,23.86
2004,EG_FEC_RNEW,China,20.17
2005,EG_FEC_RNEW,China,17.44
2006,EG_FEC_RNEW,China,16.39
2007,EG_FEC_RNEW,China,14.88
2008,EG_FEC_RNEW,China,14.14
2009,EG_FEC_RNEW,China,13.43
2010,EG_FEC_RNEW,China,12.26
2011,EG_FEC_RNEW,China,11.34
2012,EG_FEC_RNEW,China,11.53
2013,EG_FEC_RNEW,China,11.47
2014,EG_FEC_RNEW,China,11.91
2015,EG_FEC_RNEW,China,12.18
2016,EG_FEC_RNEW,China,12.6
2017,EG_FEC_RNEW,China,13.14
2018,EG_FEC_RNEW,China,13.55
2019,EG_FEC_RNEW,China,14.33
2020,EG_FEC_RNEW,China,14.81
2000,EG_FEC_RNEW,Colombia,27.85
2001,EG_FEC_RNEW,Colombia,27.08
2002,EG_FEC_RNEW,Colombia,28.63
2003,EG_FEC_RNEW,Colombia,30.55
2004,EG_FEC_RNEW,Colombia,29.04
2005,EG_FEC_RNEW,Colombia,28.94
2006,EG_FEC_RNEW,Colombia,29.58
2007,EG_FEC_RNEW,Colombia,30.3
2008,EG_FEC_RNEW,India,39.38
2009,EG_FEC_RNEW,India,37.41
2010,EG_FEC_RNEW,India,36.16
2011,EG_FEC_RNEW,India,35.01
2012,EG_FEC_RNEW,India,34.75
2013,EG_FEC_RNEW,India,34.86
2014,EG_FEC_RNEW,India,33.85
2015,EG_FEC_RNEW,India,33.4
2016,EG_FEC_RNEW,India,33.01
2017,EG_FEC_RNEW,India,32.57
2018,EG_FEC_RNEW,India,32.73
2019,EG_FEC_RNEW,India,33.27
2020,EG_FEC_RNEW,India,35.82
2000,EG_FEC_RNEW,Ireland,2.04
2008,EG_FEC_RNEW,Colombia,29.85
2009,EG_FEC_RNEW,Colombia,30.78
2010,EG_FEC_RNEW,Colombia,29.63
2011,EG_FEC_RNEW,Colombia,28.74
2012,EG_FEC_RNEW,Colombia,28.8
2013,EG_FEC_RNEW,Colombia,32.13
2014,EG_FEC_RNEW,Colombia,32.22
2015,EG_FEC_RNEW,Colombia,31.46
2016,EG_FEC_RNEW,Colombia,30.6
2017,EG_FEC_RNEW,Colombia,32.38
2018,EG_FEC_RNEW,Colombia,30.57
2019,EG_FEC_RNEW,Colombia,31.5
2020,EG_FEC_RNEW,Colombia,31.31
2000,EG_FEC_RNEW,Costa Rica,32.95
2001,EG_FEC_RNEW,Ireland,1.97
2002,EG_FEC_RNEW,Ireland,2.25
2003,EG_FEC_RNEW,Ireland,2.01
2004,EG_FEC_RNEW,Ireland,2.31
2005,EG_FEC_RNEW,Ireland,2.89
2006,EG_FEC_RNEW,Ireland,3.23
2007,EG_FEC_RNEW,Ireland,3.55
2008,EG_FEC_RNEW,Ireland,4.19
2009,EG_FEC_RNEW,Ireland,5.3
2010,EG_FEC_RNEW,Ireland,5.29
2011,EG_FEC_RNEW,Ireland,6.96
2012,EG_FEC_RNEW,Ireland,6.9
2013,EG_FEC_RNEW,Ireland,7.71
2014,EG_FEC_RNEW,Ireland,8.78
2015,EG_FEC_RNEW,Ireland,9.52
2016,EG_FEC_RNEW,Ireland,8.61
2017,EG_FEC_RNEW,Ireland,10.11
2018,EG_FEC_RNEW,Ireland,10.83
2019,EG_FEC_RNEW,Ireland,12.33
2020,EG_FEC_RNEW,Ireland,13.69
2000,EG_FEC_RNEW,Israel,5.96
2001,EG_FEC_RNEW,Israel,6.3
2002,EG_FEC_RNEW,Israel,6.5
2003,EG_FEC_RNEW,Israel,6.52
2004,EG_FEC_RNEW,Israel,6.73
2005,EG_FEC_RNEW,Israel,7.03
2006,EG_FEC_RNEW,Israel,6.86
2007,EG_FEC_RNEW,Israel,6.72
2008,EG_FEC_RNEW,Israel,8.9
2009,EG_FEC_RNEW,Israel,8.46
2010,EG_FEC_RNEW,Israel,8.55
2011,EG_FEC_RNEW,Israel,9.08
2012,EG_FEC_RNEW,Israel,2.88
2013,EG_FEC_RNEW,Israel,3.27
2014,EG_FEC_RNEW,Israel,3.7
2015,EG_FEC_RNEW,Israel,3.74
2016,EG_FEC_RNEW,Israel,3.99
2017,EG_FEC_RNEW,Israel,3.89
2018,EG_FEC_RNEW,Israel,3.85
2019,EG_FEC_RNEW,Israel,4.49
2020,EG_FEC_RNEW,Israel,5.61
2000,EG_FEC_RNEW,Italy,5.12
2001,EG_FEC_RNEW,Italy,5.38
2002,EG_FEC_RNEW,Italy,5.6
2003,EG_FEC_RNEW,Italy,6.24
2004,EG_FEC_RNEW,Italy,5.94
2005,EG_FEC_RNEW,Italy,6.7
2006,EG_FEC_RNEW,Italy,7.51
2007,EG_FEC_RNEW,Italy,8.73
2008,EG_FEC_RNEW,Italy,10.82
2009,EG_FEC_RNEW,Italy,12.54
2010,EG_FEC_RNEW,Italy,12.79
2011,EG_FEC_RNEW,Italy,11.9
2012,EG_FEC_RNEW,Italy,14.39
2013,EG_FEC_RNEW,Italy,16.32
2014,EG_FEC_RNEW,Italy,17.13
2015,EG_FEC_RNEW,Italy,16.57
2016,EG_FEC_RNEW,Italy,16.09
2017,EG_FEC_RNEW,Italy,16.43
2018,EG_FEC_RNEW,Italy,17.08
2019,EG_FEC_RNEW,Italy,17.27
2020,EG_FEC_RNEW,Italy,18.69
2000,EG_FEC_RNEW,Japan,3.7
2001,EG_FEC_RNEW,Japan,3.5
2002,EG_FEC_RNEW,Japan,3.71
2003,EG_FEC_RNEW,Japan,4.19
2004,EG_FEC_RNEW,Japan,4.26
2005,EG_FEC_RNEW,Japan,4.01
2006,EG_FEC_RNEW,Japan,4.43
2007,EG_FEC_RNEW,Japan,4.28
2008,EG_FEC_RNEW,Japan,4.44
2009,EG_FEC_RNEW,Japan,4.51
2010,EG_FEC_RNEW,Japan,4.66
2011,EG_FEC_RNEW,Japan,4.82
2012,EG_FEC_RNEW,Japan,4.68
2013,EG_FEC_RNEW,Japan,5.05
2014,EG_FEC_RNEW,Japan,5.58
2015,EG_FEC_RNEW,Japan,6.16
2016,EG_FEC_RNEW,Japan,6.38
2017,EG_FEC_RNEW,Japan,6.92
2018,EG_FEC_RNEW,Japan,7.26
2019,EG_FEC_RNEW,Japan,7.76
2020,EG_FEC_RNEW,Japan,8.45
2000,EG_FEC_RNEW,Казахстан,2.5
2001,EG_FEC_RNEW,Казахстан,2.41
2002,EG_FEC_RNEW,Казахстан,2.77
2003,EG_FEC_RNEW,Казахстан,2.28
2004,EG_FEC_RNEW,Казахстан,1.89
2005,EG_FEC_RNEW,Казахстан,2.09
2006,EG_FEC_RNEW,Казахстан,2.13
2007,EG_FEC_RNEW,Казахстан,1.83
2008,EG_FEC_RNEW,Казахстан,1.15
2009,EG_FEC_RNEW,Казахстан,1.31
2010,EG_FEC_RNEW,Казахстан,1.38
2011,EG_FEC_RNEW,Казахстан,1.38
2012,EG_FEC_RNEW,Казахстан,1.33
2013,EG_FEC_RNEW,Казахстан,1.16
2014,EG_FEC_RNEW,Казахстан,1.34
2015,EG_FEC_RNEW,Казахстан,1.72
2016,EG_FEC_RNEW,Казахстан,2.07
2017,EG_FEC_RNEW,Казахстан,2.01
2018,EG_FEC_RNEW,Казахстан,1.88
2019,EG_FEC_RNEW,Казахстан,1.85
2020,EG_FEC_RNEW,Казахстан,1.78
2000,EG_FEC_RNEW,Republic of Korea,0.7
2001,EG_FEC_RNEW,Republic of Korea,0.69
2002,EG_FEC_RNEW,Republic of Korea,0.7
2003,EG_FEC_RNEW,Republic of Korea,0.85
2004,EG_FEC_RNEW,Republic of Korea,0.77
2005,EG_FEC_RNEW,Republic of Korea,0.87
2006,EG_FEC_RNEW,Republic of Korea,0.95
2007,EG_FEC_RNEW,Republic of Korea,1.03
2008,EG_FEC_RNEW,Republic of Korea,1.06
2009,EG_FEC_RNEW,Republic of Korea,1.21
2010,EG_FEC_RNEW,Republic of Korea,1.32
2011,EG_FEC_RNEW,Republic of Korea,1.35
2012,EG_FEC_RNEW,Republic of Korea,1.61
2013,EG_FEC_RNEW,Republic of Korea,1.92
2014,EG_FEC_RNEW,Republic of Korea,2.87
2015,EG_FEC_RNEW,Republic of Korea,2.74
2016,EG_FEC_RNEW,Republic of Korea,2.56
2017,EG_FEC_RNEW,Republic of Korea,2.84
2018,EG_FEC_RNEW,Republic of Korea,3.18
2019,EG_FEC_RNEW,Republic of Korea,3.23
2020,EG_FEC_RNEW,Republic of Korea,3.63
2000,EG_FEC_RNEW,Кыргызстан,35.16
2001,EG_FEC_RNEW,Кыргызстан,36.0
2002,EG_FEC_RNEW,Кыргызстан,28.3
2003,EG_FEC_RNEW,Кыргызстан,30.51
2004,EG_FEC_RNEW,Кыргызстан,27.71
2005,EG_FEC_RNEW,Кыргызстан,28.03
2006,EG_FEC_RNEW,Кыргызстан,27.76
2007,EG_FEC_RNEW,Кыргызстан,24.49
2008,EG_FEC_RNEW,Кыргызстан,22.04
2009,EG_FEC_RNEW,Кыргызстан,24.73
2010,EG_FEC_RNEW,Кыргызстан,25.59
2011,EG_FEC_RNEW,Кыргызстан,25.95
2012,EG_FEC_RNEW,Кыргызстан,22.45
2013,EG_FEC_RNEW,Кыргызстан,24.81
2014,EG_FEC_RNEW,Кыргызстан,26.6
2015,EG_FEC_RNEW,Кыргызстан,23.51
2016,EG_FEC_RNEW,Кыргызстан,22.16
2017,EG_FEC_RNEW,Кыргызстан,24.73
2018,EG_FEC_RNEW,Кыргызстан,23.39
2019,EG_FEC_RNEW,Кыргызстан,28.31
2020,EG_FEC_RNEW,Кыргызстан,30.04
2000,EG_FEC_RNEW,Latvia,35.82
2001,EG_FEC_RNEW,Latvia,35.35
2002,EG_FEC_RNEW,Latvia,34.38
2003,EG_FEC_RNEW,Latvia,34.34
2004,EG_FEC_RNEW,Latvia,36.11
2005,EG_FEC_RNEW,Latvia,36.3
2006,EG_FEC_RNEW,Latvia,34.0
2007,EG_FEC_RNEW,Latvia,33.08
2008,EG_FEC_RNEW,Latvia,33.71
2009,EG_FEC_RNEW,Latvia,38.4
2010,EG_FEC_RNEW,Latvia,33.07
2011,EG_FEC_RNEW,Latvia,35.54
2012,EG_FEC_RNEW,Latvia,40.37
2013,EG_FEC_RNEW,Latvia,39.6
2014,EG_FEC_RNEW,Latvia,40.24
2015,EG_FEC_RNEW,Latvia,38.1
2016,EG_FEC_RNEW,Latvia,38.48
2017,EG_FEC_RNEW,Latvia,42.6
2018,EG_FEC_RNEW,Latvia,40.97
2019,EG_FEC_RNEW,Latvia,41.48
2020,EG_FEC_RNEW,Latvia,43.75
2000,EG_FEC_RNEW,Liechtenstein,53.95
2001,EG_FEC_RNEW,Liechtenstein,51.59
2002,EG_FEC_RNEW,Liechtenstein,51.26
2003,EG_FEC_RNEW,Liechtenstein,50.24
2004,EG_FEC_RNEW,Liechtenstein,50.31
2005,EG_FEC_RNEW,Liechtenstein,49.87
2006,EG_FEC_RNEW,Liechtenstein,50.84
2007,EG_FEC_RNEW,Liechtenstein,53.36
2008,EG_FEC_RNEW,Liechtenstein,52.96
2009,EG_FEC_RNEW,Liechtenstein,55.15
2010,EG_FEC_RNEW,Liechtenstein,52.31
2011,EG_FEC_RNEW,Liechtenstein,55.26
2012,EG_FEC_RNEW,Liechtenstein,55.5
2013,EG_FEC_RNEW,Liechtenstein,53.53
2014,EG_FEC_RNEW,Liechtenstein,54.97
2015,EG_FEC_RNEW,Liechtenstein,55.53
2016,EG_FEC_RNEW,Liechtenstein,55.82
2017,EG_FEC_RNEW,Liechtenstein,55.33
2018,EG_FEC_RNEW,Liechtenstein,56.81
2019,EG_FEC_RNEW,Liechtenstein,56.13
2020,EG_FEC_RNEW,Liechtenstein,55.21
2000,EG_FEC_RNEW,Lithuania,17.19
2001,EG_FEC_RNEW,Lithuania,17.59
2002,EG_FEC_RNEW,Lithuania,17.89
2003,EG_FEC_RNEW,Lithuania,18.07
2004,EG_FEC_RNEW,Lithuania,18.07
2005,EG_FEC_RNEW,Lithuania,17.51
2006,EG_FEC_RNEW,Lithuania,17.46
2007,EG_FEC_RNEW,Lithuania,17.06
2008,EG_FEC_RNEW,Lithuania,18.34
2009,EG_FEC_RNEW,Lithuania,20.09
2010,EG_FEC_RNEW,Lithuania,21.46
2011,EG_FEC_RNEW,Lithuania,22.74
2012,EG_FEC_RNEW,Lithuania,23.92
2013,EG_FEC_RNEW,Lithuania,26.34
2014,EG_FEC_RNEW,Lithuania,27.73
2015,EG_FEC_RNEW,Lithuania,28.96
2016,EG_FEC_RNEW,Lithuania,31.47
2017,EG_FEC_RNEW,Lithuania,33.78
2018,EG_FEC_RNEW,Lithuania,33.73
2019,EG_FEC_RNEW,Lithuania,33.54
2020,EG_FEC_RNEW,Lithuania,31.7
2000,EG_FEC_RNEW,Luxembourg,6.81
2001,EG_FEC_RNEW,Luxembourg,3.42
2002,EG_FEC_RNEW,Luxembourg,1.32
2003,EG_FEC_RNEW,Luxembourg,1.28
2004,EG_FEC_RNEW,Luxembourg,1.35
2005,EG_FEC_RNEW,Luxembourg,1.87
2006,EG_FEC_RNEW,Luxembourg,2.08
2007,EG_FEC_RNEW,Luxembourg,3.64
2008,EG_FEC_RNEW,Luxembourg,3.96
2009,EG_FEC_RNEW,Luxembourg,3.73
2010,EG_FEC_RNEW,Luxembourg,3.68
2011,EG_FEC_RNEW,Luxembourg,3.76
2012,EG_FEC_RNEW,Luxembourg,4.15
2013,EG_FEC_RNEW,Luxembourg,5.71
2014,EG_FEC_RNEW,Luxembourg,6.85
2015,EG_FEC_RNEW,Luxembourg,9.09
2016,EG_FEC_RNEW,Luxembourg,13.5
2017,EG_FEC_RNEW,Luxembourg,15.32
2018,EG_FEC_RNEW,Luxembourg,16.05
2019,EG_FEC_RNEW,Luxembourg,16.45
2020,EG_FEC_RNEW,Luxembourg,20.79
2000,EG_FEC_RNEW,Malta,0.0
2001,EG_FEC_RNEW,Malta,0.0
2002,EG_FEC_RNEW,Malta,0.09
2003,EG_FEC_RNEW,Malta,0.1
2004,EG_FEC_RNEW,Malta,0.12
2005,EG_FEC_RNEW,Malta,0.14
2006,EG_FEC_RNEW,Malta,0.17
2007,EG_FEC_RNEW,Malta,0.2
2008,EG_FEC_RNEW,Malta,0.22
2009,EG_FEC_RNEW,Malta,0.26
2010,EG_FEC_RNEW,Malta,1.22
2011,EG_FEC_RNEW,Malta,1.97
2012,EG_FEC_RNEW,Malta,2.67
2013,EG_FEC_RNEW,Malta,3.24
2014,EG_FEC_RNEW,Malta,4.48
2015,EG_FEC_RNEW,Malta,5.98
2016,EG_FEC_RNEW,Malta,9.24
2017,EG_FEC_RNEW,Malta,7.27
2018,EG_FEC_RNEW,Malta,7.56
2019,EG_FEC_RNEW,Malta,7.4
2020,EG_FEC_RNEW,Malta,9.18
2000,EG_FEC_RNEW,Mexico,12.17
2001,EG_FEC_RNEW,Mexico,11.34
2002,EG_FEC_RNEW,Mexico,10.68
2003,EG_FEC_RNEW,Mexico,10.17
2004,EG_FEC_RNEW,Mexico,10.21
2005,EG_FEC_RNEW,Mexico,10.31
2006,EG_FEC_RNEW,Mexico,9.82
2007,EG_FEC_RNEW,Mexico,9.46
2008,EG_FEC_RNEW,Mexico,9.77
2009,EG_FEC_RNEW,Mexico,9.17
2010,EG_FEC_RNEW,Mexico,9.36
2011,EG_FEC_RNEW,Mexico,9.07
2012,EG_FEC_RNEW,Mexico,8.97
2013,EG_FEC_RNEW,Mexico,9.23
2014,EG_FEC_RNEW,Mexico,9.76
2015,EG_FEC_RNEW,Mexico,9.19
2016,EG_FEC_RNEW,Mexico,9.22
2017,EG_FEC_RNEW,Mexico,9.99
2018,EG_FEC_RNEW,Mexico,10.16
2019,EG_FEC_RNEW,Mexico,10.27
2020,EG_FEC_RNEW,Mexico,12.33
2000,EG_FEC_RNEW,Republic of Moldova,5.72
2001,EG_FEC_RNEW,Republic of Moldova,5.6
2002,EG_FEC_RNEW,Republic of Moldova,5.83
2003,EG_FEC_RNEW,Republic of Moldova,5.92
2004,EG_FEC_RNEW,Republic of Moldova,4.85
2005,EG_FEC_RNEW,Republic of Moldova,4.27
2006,EG_FEC_RNEW,Republic of Moldova,4.98
2007,EG_FEC_RNEW,Republic of Moldova,4.44
2008,EG_FEC_RNEW,Republic of Moldova,4.93
2009,EG_FEC_RNEW,Republic of Moldova,4.84
2010,EG_FEC_RNEW,Republic of Moldova,20.01
2011,EG_FEC_RNEW,Republic of Moldova,20.37
2012,EG_FEC_RNEW,Republic of Moldova,22.14
2013,EG_FEC_RNEW,Republic of Moldova,23.82
2014,EG_FEC_RNEW,Republic of Moldova,24.31
2015,EG_FEC_RNEW,Republic of Moldova,24.73
2016,EG_FEC_RNEW,Republic of Moldova,25.3
2017,EG_FEC_RNEW,Republic of Moldova,26.07
2018,EG_FEC_RNEW,Republic of Moldova,25.75
2019,EG_FEC_RNEW,Republic of Moldova,22.04
2020,EG_FEC_RNEW,Republic of Moldova,23.66
2005,EG_FEC_RNEW,Montenegro,47.61
2006,EG_FEC_RNEW,Montenegro,44.83
2007,EG_FEC_RNEW,Montenegro,42.27
2008,EG_FEC_RNEW,Montenegro,38.76
2009,EG_FEC_RNEW,Montenegro,49.16
2010,EG_FEC_RNEW,Montenegro,49.09
2011,EG_FEC_RNEW,Montenegro,42.77
2012,EG_FEC_RNEW,Montenegro,45.86
2013,EG_FEC_RNEW,Montenegro,49.34
2014,EG_FEC_RNEW,Montenegro,45.95
2015,EG_FEC_RNEW,Montenegro,42.96
2016,EG_FEC_RNEW,Montenegro,43.89
2017,EG_FEC_RNEW,Montenegro,37.77
2018,EG_FEC_RNEW,Montenegro,40.6
2019,EG_FEC_RNEW,Montenegro,38.74
2020,EG_FEC_RNEW,Montenegro,39.56
2000,EG_FEC_RNEW,Netherlands (Kingdom of the),1.73
2001,EG_FEC_RNEW,Netherlands (Kingdom of the),1.76
2002,EG_FEC_RNEW,Netherlands (Kingdom of the),1.92
2003,EG_FEC_RNEW,Netherlands (Kingdom of the),1.91
2004,EG_FEC_RNEW,Netherlands (Kingdom of the),2.22
2005,EG_FEC_RNEW,Netherlands (Kingdom of the),2.74
2006,EG_FEC_RNEW,Netherlands (Kingdom of the),3.12
2007,EG_FEC_RNEW,Netherlands (Kingdom of the),3.68
2008,EG_FEC_RNEW,Netherlands (Kingdom of the),3.94
2009,EG_FEC_RNEW,Netherlands (Kingdom of the),4.38
2010,EG_FEC_RNEW,Netherlands (Kingdom of the),3.85
2011,EG_FEC_RNEW,Netherlands (Kingdom of the),4.69
2012,EG_FEC_RNEW,Netherlands (Kingdom of the),4.9
2013,EG_FEC_RNEW,Netherlands (Kingdom of the),4.94
2014,EG_FEC_RNEW,Netherlands (Kingdom of the),5.53
2015,EG_FEC_RNEW,Netherlands (Kingdom of the),5.75
2016,EG_FEC_RNEW,Netherlands (Kingdom of the),5.62
2017,EG_FEC_RNEW,Netherlands (Kingdom of the),6.39
2018,EG_FEC_RNEW,Netherlands (Kingdom of the),7.44
2019,EG_FEC_RNEW,Netherlands (Kingdom of the),8.61
2020,EG_FEC_RNEW,Netherlands (Kingdom of the),10.79
2000,EG_FEC_RNEW,New Zealand,26.44
2001,EG_FEC_RNEW,New Zealand,24.64
2002,EG_FEC_RNEW,New Zealand,26.56
2003,EG_FEC_RNEW,New Zealand,25.9
2004,EG_FEC_RNEW,New Zealand,28.21
2005,EG_FEC_RNEW,New Zealand,26.79
2006,EG_FEC_RNEW,New Zealand,27.0
2007,EG_FEC_RNEW,New Zealand,27.05
2008,EG_FEC_RNEW,New Zealand,26.13
2009,EG_FEC_RNEW,New Zealand,28.47
2010,EG_FEC_RNEW,New Zealand,29.37
2011,EG_FEC_RNEW,New Zealand,30.31
2012,EG_FEC_RNEW,New Zealand,28.76
2013,EG_FEC_RNEW,New Zealand,28.29
2014,EG_FEC_RNEW,New Zealand,28.99
2015,EG_FEC_RNEW,New Zealand,29.32
2016,EG_FEC_RNEW,New Zealand,30.09
2017,EG_FEC_RNEW,New Zealand,28.4
2018,EG_FEC_RNEW,New Zealand,28.93
2019,EG_FEC_RNEW,New Zealand,27.93
2020,EG_FEC_RNEW,New Zealand,28.61
2000,EG_FEC_RNEW,Norway,60.18
2001,EG_FEC_RNEW,Norway,59.59
2002,EG_FEC_RNEW,Norway,59.47
2003,EG_FEC_RNEW,Norway,56.23
2004,EG_FEC_RNEW,Norway,56.85
2005,EG_FEC_RNEW,Norway,58.56
2006,EG_FEC_RNEW,Norway,57.02
2007,EG_FEC_RNEW,Norway,57.36
2008,EG_FEC_RNEW,Norway,58.45
2009,EG_FEC_RNEW,Norway,56.72
2010,EG_FEC_RNEW,Norway,56.71
2011,EG_FEC_RNEW,Norway,56.71
2012,EG_FEC_RNEW,Norway,57.68
2013,EG_FEC_RNEW,Norway,57.24
2014,EG_FEC_RNEW,Norway,56.32
2015,EG_FEC_RNEW,Norway,57.28
2016,EG_FEC_RNEW,Norway,58.37
2017,EG_FEC_RNEW,Norway,59.52
2018,EG_FEC_RNEW,Norway,59.74
2019,EG_FEC_RNEW,Norway,60.6
2020,EG_FEC_RNEW,Norway,61.29
2000,EG_FEC_RNEW,Poland,6.93
2001,EG_FEC_RNEW,Poland,7.29
2002,EG_FEC_RNEW,Poland,7.49
2003,EG_FEC_RNEW,Poland,7.29
2004,EG_FEC_RNEW,Poland,7.31
2005,EG_FEC_RNEW,Poland,7.22
2006,EG_FEC_RNEW,Poland,7.18
2007,EG_FEC_RNEW,Poland,7.28
2008,EG_FEC_RNEW,Poland,8.01
2009,EG_FEC_RNEW,Poland,8.84
2010,EG_FEC_RNEW,Poland,9.49
2011,EG_FEC_RNEW,Poland,10.44
2012,EG_FEC_RNEW,Poland,10.91
2013,EG_FEC_RNEW,Poland,11.41
2014,EG_FEC_RNEW,Poland,11.58
2015,EG_FEC_RNEW,Poland,11.87
2016,EG_FEC_RNEW,Poland,11.34
2017,EG_FEC_RNEW,Poland,11.13
2018,EG_FEC_RNEW,Poland,15.05
2019,EG_FEC_RNEW,Poland,15.62
2020,EG_FEC_RNEW,Poland,16.14
2000,EG_FEC_RNEW,Portugal,20.12
2001,EG_FEC_RNEW,Portugal,20.83
2002,EG_FEC_RNEW,Portugal,18.28
2003,EG_FEC_RNEW,Portugal,22.09
2004,EG_FEC_RNEW,Portugal,19.87
2005,EG_FEC_RNEW,Portugal,18.07
2006,EG_FEC_RNEW,Portugal,22.33
2007,EG_FEC_RNEW,Portugal,23.15
2008,EG_FEC_RNEW,Portugal,23.19
2009,EG_FEC_RNEW,Portugal,24.9
2010,EG_FEC_RNEW,Portugal,27.83
2011,EG_FEC_RNEW,Portugal,27.22
2012,EG_FEC_RNEW,Portugal,25.52
2013,EG_FEC_RNEW,Portugal,30.17
2014,EG_FEC_RNEW,Portugal,30.46
2015,EG_FEC_RNEW,Portugal,27.21
2016,EG_FEC_RNEW,Portugal,29.0
2017,EG_FEC_RNEW,Portugal,24.42
2018,EG_FEC_RNEW,Portugal,27.47
2019,EG_FEC_RNEW,Portugal,28.19
2020,EG_FEC_RNEW,Portugal,31.21
2000,EG_FEC_RNEW,Romania,16.37
2001,EG_FEC_RNEW,Romania,13.4
2002,EG_FEC_RNEW,Romania,14.4
2003,EG_FEC_RNEW,Romania,15.67
2004,EG_FEC_RNEW,Romania,17.28
2005,EG_FEC_RNEW,Romania,18.48
2006,EG_FEC_RNEW,Romania,17.39
2007,EG_FEC_RNEW,Romania,18.16
2008,EG_FEC_RNEW,Romania,20.4
2009,EG_FEC_RNEW,Romania,22.15
2010,EG_FEC_RNEW,Romania,24.08
2011,EG_FEC_RNEW,Romania,21.1
2012,EG_FEC_RNEW,Romania,21.53
2013,EG_FEC_RNEW,Romania,23.07
2014,EG_FEC_RNEW,Romania,24.31
2015,EG_FEC_RNEW,Romania,23.67
2016,EG_FEC_RNEW,Romania,24.4
2017,EG_FEC_RNEW,Romania,23.35
2018,EG_FEC_RNEW,Romania,23.03
2019,EG_FEC_RNEW,Romania,23.54
2020,EG_FEC_RNEW,Romania,24.06
2000,EG_FEC_RNEW,Serbia,22.09
2001,EG_FEC_RNEW,Serbia,19.55
2002,EG_FEC_RNEW,Serbia,18.01
2003,EG_FEC_RNEW,Serbia,15.67
2004,EG_FEC_RNEW,Serbia,14.64
2005,EG_FEC_RNEW,Serbia,16.1
2006,EG_FEC_RNEW,Serbia,15.33
2007,EG_FEC_RNEW,Serbia,14.03
2008,EG_FEC_RNEW,Serbia,15.5
2009,EG_FEC_RNEW,Serbia,20.68
2010,EG_FEC_RNEW,Serbia,20.47
2011,EG_FEC_RNEW,Serbia,17.44
2012,EG_FEC_RNEW,Serbia,19.47
2013,EG_FEC_RNEW,Serbia,20.03
2014,EG_FEC_RNEW,Serbia,23.25
2015,EG_FEC_RNEW,Serbia,21.24
2016,EG_FEC_RNEW,Serbia,20.91
2017,EG_FEC_RNEW,Serbia,20.0
2018,EG_FEC_RNEW,Serbia,21.05
2019,EG_FEC_RNEW,Serbia,21.53
2020,EG_FEC_RNEW,Serbia,26.01
2000,EG_FEC_RNEW,Slovakia,3.73
2001,EG_FEC_RNEW,Slovakia,6.0
2002,EG_FEC_RNEW,Slovakia,5.48
2003,EG_FEC_RNEW,Slovakia,5.35
2004,EG_FEC_RNEW,Slovakia,6.25
2005,EG_FEC_RNEW,Slovakia,6.31
2006,EG_FEC_RNEW,Slovakia,6.57
2007,EG_FEC_RNEW,Slovakia,8.23
2008,EG_FEC_RNEW,Slovakia,7.63
2009,EG_FEC_RNEW,Slovakia,10.0
2010,EG_FEC_RNEW,Slovakia,10.28
2011,EG_FEC_RNEW,Slovakia,10.36
2012,EG_FEC_RNEW,Slovakia,10.47
2013,EG_FEC_RNEW,Slovakia,10.68
2014,EG_FEC_RNEW,Slovakia,12.24
2015,EG_FEC_RNEW,Slovakia,13.41
2016,EG_FEC_RNEW,Slovakia,13.09
2017,EG_FEC_RNEW,Slovakia,12.43
2018,EG_FEC_RNEW,Slovakia,12.43
2019,EG_FEC_RNEW,Slovakia,17.64
2020,EG_FEC_RNEW,Slovakia,17.64
2000,EG_FEC_RNEW,Viet Nam,57.73
2001,EG_FEC_RNEW,Viet Nam,56.14
2002,EG_FEC_RNEW,Viet Nam,52.2
2003,EG_FEC_RNEW,Viet Nam,50.83
2004,EG_FEC_RNEW,Viet Nam,45.77
2005,EG_FEC_RNEW,Viet Nam,44.15
2006,EG_FEC_RNEW,Viet Nam,44.25
2007,EG_FEC_RNEW,Viet Nam,41.9
2008,EG_FEC_RNEW,Viet Nam,39.26
2009,EG_FEC_RNEW,Viet Nam,36.97
2010,EG_FEC_RNEW,Viet Nam,34.58
2011,EG_FEC_RNEW,Viet Nam,36.33
2012,EG_FEC_RNEW,Viet Nam,37.91
2013,EG_FEC_RNEW,Viet Nam,37.37
2014,EG_FEC_RNEW,Viet Nam,36.69
2015,EG_FEC_RNEW,Viet Nam,26.54
2016,EG_FEC_RNEW,Viet Nam,26.97
2017,EG_FEC_RNEW,Viet Nam,28.52
2018,EG_FEC_RNEW,Viet Nam,24.59
2019,EG_FEC_RNEW,Viet Nam,20.65
2020,EG_FEC_RNEW,Viet Nam,19.11
2000,EG_FEC_RNEW,Slovenia,17.96
2001,EG_FEC_RNEW,Slovenia,18.67
2002,EG_FEC_RNEW,Slovenia,16.31
2003,EG_FEC_RNEW,Slovenia,16.9
2004,EG_FEC_RNEW,Slovenia,17.77
2005,EG_FEC_RNEW,Slovenia,18.58
2006,EG_FEC_RNEW,Slovenia,17.36
2007,EG_FEC_RNEW,Slovenia,18.35
2008,EG_FEC_RNEW,Slovenia,17.63
2009,EG_FEC_RNEW,Slovenia,19.57
2010,EG_FEC_RNEW,Slovenia,20.07
2011,EG_FEC_RNEW,Slovenia,19.14
2012,EG_FEC_RNEW,Slovenia,20.22
2013,EG_FEC_RNEW,Slovenia,22.48
2014,EG_FEC_RNEW,Slovenia,22.91
2015,EG_FEC_RNEW,Slovenia,21.38
2016,EG_FEC_RNEW,Slovenia,20.96
2017,EG_FEC_RNEW,Slovenia,19.71
2018,EG_FEC_RNEW,Slovenia,20.63
2019,EG_FEC_RNEW,Slovenia,20.86
2020,EG_FEC_RNEW,Slovenia,22.4
2000,EG_FEC_RNEW,Spain,7.88
2001,EG_FEC_RNEW,Spain,8.93
2002,EG_FEC_RNEW,Spain,7.41
2003,EG_FEC_RNEW,Spain,8.91
2004,EG_FEC_RNEW,Spain,8.04
2005,EG_FEC_RNEW,Spain,7.3
2006,EG_FEC_RNEW,Spain,8.48
2007,EG_FEC_RNEW,Spain,9.01
2008,EG_FEC_RNEW,Spain,9.74
2009,EG_FEC_RNEW,Spain,12.21
2010,EG_FEC_RNEW,Spain,14.39
2011,EG_FEC_RNEW,Spain,14.72
2012,EG_FEC_RNEW,Spain,15.75
2013,EG_FEC_RNEW,Spain,16.92
2014,EG_FEC_RNEW,Spain,17.33
2015,EG_FEC_RNEW,Spain,16.3
2016,EG_FEC_RNEW,Spain,16.71
2017,EG_FEC_RNEW,Spain,15.18
2018,EG_FEC_RNEW,Spain,16.9
2019,EG_FEC_RNEW,Spain,16.68
2020,EG_FEC_RNEW,Spain,19.35
2000,EG_FEC_RNEW,Sweden,39.82
2001,EG_FEC_RNEW,Sweden,37.38
2002,EG_FEC_RNEW,Sweden,35.85
2003,EG_FEC_RNEW,Sweden,34.56
2004,EG_FEC_RNEW,Sweden,35.49
2005,EG_FEC_RNEW,Sweden,39.3
2006,EG_FEC_RNEW,Sweden,40.08
2007,EG_FEC_RNEW,Sweden,41.75
2008,EG_FEC_RNEW,Sweden,43.2
2009,EG_FEC_RNEW,Sweden,45.71
2010,EG_FEC_RNEW,Sweden,44.7
2011,EG_FEC_RNEW,Sweden,45.43
2012,EG_FEC_RNEW,Sweden,48.29
2013,EG_FEC_RNEW,Sweden,47.27
2014,EG_FEC_RNEW,Sweden,48.61
2015,EG_FEC_RNEW,Sweden,51.91
2016,EG_FEC_RNEW,Sweden,50.89
2017,EG_FEC_RNEW,Sweden,51.82
2018,EG_FEC_RNEW,Sweden,51.56
2019,EG_FEC_RNEW,Sweden,52.87
2020,EG_FEC_RNEW,Sweden,58.4
2000,EG_FEC_RNEW,Switzerland,18.19
2001,EG_FEC_RNEW,Switzerland,18.72
2002,EG_FEC_RNEW,Switzerland,18.19
2003,EG_FEC_RNEW,Switzerland,18.03
2004,EG_FEC_RNEW,Switzerland,18.1
2005,EG_FEC_RNEW,Switzerland,18.73
2006,EG_FEC_RNEW,Switzerland,18.07
2007,EG_FEC_RNEW,Switzerland,19.31
2008,EG_FEC_RNEW,Switzerland,19.55
2009,EG_FEC_RNEW,Switzerland,19.97
2010,EG_FEC_RNEW,Switzerland,20.56
2011,EG_FEC_RNEW,Switzerland,20.57
2012,EG_FEC_RNEW,Switzerland,21.88
2013,EG_FEC_RNEW,Switzerland,21.83
2014,EG_FEC_RNEW,Switzerland,22.2
2015,EG_FEC_RNEW,Switzerland,23.94
2016,EG_FEC_RNEW,Switzerland,24.1
2017,EG_FEC_RNEW,Switzerland,24.99
2018,EG_FEC_RNEW,Switzerland,24.2
2019,EG_FEC_RNEW,Switzerland,24.76
2020,EG_FEC_RNEW,Switzerland,26.37
2000,EG_FEC_RNEW,Таджикистан,62.41
2001,EG_FEC_RNEW,Таджикистан,64.07
2002,EG_FEC_RNEW,Таджикистан,64.15
2003,EG_FEC_RNEW,Таджикистан,64.58
2004,EG_FEC_RNEW,Таджикистан,61.41
2005,EG_FEC_RNEW,Таджикистан,63.73
2006,EG_FEC_RNEW,Таджикистан,61.57
2007,EG_FEC_RNEW,Таджикистан,53.79
2008,EG_FEC_RNEW,Таджикистан,54.61
2009,EG_FEC_RNEW,Таджикистан,60.58
2010,EG_FEC_RNEW,Таджикистан,61.83
2011,EG_FEC_RNEW,Таджикистан,59.98
2012,EG_FEC_RNEW,Таджикистан,55.8
2013,EG_FEC_RNEW,Таджикистан,55.12
2014,EG_FEC_RNEW,Таджикистан,45.89
2015,EG_FEC_RNEW,Таджикистан,48.11
2016,EG_FEC_RNEW,Таджикистан,43.67
2017,EG_FEC_RNEW,Таджикистан,44.23
2018,EG_FEC_RNEW,Таджикистан,41.58
2019,EG_FEC_RNEW,Таджикистан,40.07
2020,EG_FEC_RNEW,Таджикистан,38.75
2000,EG_FEC_RNEW,United Arab Emirates,0.08
2001,EG_FEC_RNEW,United Arab Emirates,0.06
2002,EG_FEC_RNEW,United Arab Emirates,0.07
2003,EG_FEC_RNEW,United Arab Emirates,0.07
2004,EG_FEC_RNEW,United Arab Emirates,0.1
2005,EG_FEC_RNEW,United Arab Emirates,0.11
2006,EG_FEC_RNEW,United Arab Emirates,0.12
2007,EG_FEC_RNEW,United Arab Emirates,0.11
2008,EG_FEC_RNEW,United Arab Emirates,0.11
2009,EG_FEC_RNEW,United Arab Emirates,0.11
2010,EG_FEC_RNEW,United Arab Emirates,0.11
2011,EG_FEC_RNEW,United Arab Emirates,0.11
2012,EG_FEC_RNEW,United Arab Emirates,0.1
2013,EG_FEC_RNEW,United Arab Emirates,0.1
2014,EG_FEC_RNEW,United Arab Emirates,0.14
2015,EG_FEC_RNEW,United Arab Emirates,0.13
2016,EG_FEC_RNEW,United Arab Emirates,0.12
2017,EG_FEC_RNEW,United Arab Emirates,0.19
2018,EG_FEC_RNEW,United Arab Emirates,0.32
2019,EG_FEC_RNEW,United Arab Emirates,0.67
2020,EG_FEC_RNEW,United Arab Emirates,0.92
2012,EG_FEC_RNEW,Узбекистан,1.34
2013,EG_FEC_RNEW,Узбекистан,1.19
2014,EG_FEC_RNEW,Узбекистан,1.4
2015,EG_FEC_RNEW,Узбекистан,1.71
2016,EG_FEC_RNEW,Узбекистан,1.61
2017,EG_FEC_RNEW,Узбекистан,1.75
2018,EG_FEC_RNEW,Узбекистан,1.49
2019,EG_FEC_RNEW,Узбекистан,1.56
2020,EG_FEC_RNEW,Узбекистан,1.03
2001,EG_FEC_RNEW,Costa Rica,32.1
2002,EG_FEC_RNEW,Costa Rica,32.54
2002,EG_FEC_RNEW,Costa Rica,32.54
