Year,SeriesCode,Страна ,Value
2006,DC_TOF_TRDDBML,Mexico,23.93236
2007,DC_TOF_TRDDBML,Mexico,26.74138
2008,DC_TOF_TRDDBML,Mexico,34.50863
2009,DC_TOF_TRDDBML,Mexico,54.85675
2010,DC_TOF_TRDDBML,Mexico,46.11485
2011,DC_TOF_TRDDBML,Mexico,187.27152
2012,DC_TOF_TRDDBML,Mexico,177.08722
2013,DC_TOF_TRDDBML,Mexico,318.86081
2006,DC_TOF_TRDDBML,Albania,109.27235
2007,DC_TOF_TRDDBML,Albania,84.70518
2008,DC_TOF_TRDDBML,Albania,98.08517
2009,DC_TOF_TRDDBML,Albania,134.28529
2010,DC_TOF_TRDDBML,Albania,174.11097
2011,DC_TOF_TRDDBML,Albania,174.61605
2012,DC_TOF_TRDDBML,Albania,154.94862
2013,DC_TOF_TRDDBML,Albania,125.76764
2014,DC_TOF_TRDDBML,Mexico,272.1044
2015,DC_TOF_TRDDBML,Mexico,120.13731
2016,DC_TOF_TRDDBML,Mexico,569.79204
2017,DC_TOF_TRDDBML,Mexico,423.86432
2018,DC_TOF_TRDDBML,Mexico,281.07081
2019,DC_TOF_TRDDBML,Mexico,446.5964
2020,DC_TOF_TRDDBML,Mexico,318.79172
2021,DC_TOF_TRDDBML,Mexico,172.20141
2014,DC_TOF_TRDDBML,Albania,102.57013
2015,DC_TOF_TRDDBML,Albania,126.3401
2016,DC_TOF_TRDDBML,Albania,65.16212
2017,DC_TOF_TRDDBML,Albania,50.77756
2018,DC_TOF_TRDDBML,Albania,265.25568
2019,DC_TOF_TRDDBML,Albania,74.90421
2020,DC_TOF_TRDDBML,Albania,106.63742
2021,DC_TOF_TRDDBML,Albania,231.9229
2006,DC_TOF_TRDDBML,Republic of Moldova,34.30023
2007,DC_TOF_TRDDBML,Republic of Moldova,46.95187
2008,DC_TOF_TRDDBML,Republic of Moldova,51.83347
2009,DC_TOF_TRDDBML,Republic of Moldova,56.1567
2010,DC_TOF_TRDDBML,Republic of Moldova,77.52678
2011,DC_TOF_TRDDBML,Republic of Moldova,132.39106
2012,DC_TOF_TRDDBML,Republic of Moldova,198.69398
2013,DC_TOF_TRDDBML,Republic of Moldova,172.33155
2014,DC_TOF_TRDDBML,Republic of Moldova,246.17941
2015,DC_TOF_TRDDBML,Republic of Moldova,184.36734
2016,DC_TOF_TRDDBML,Republic of Moldova,137.55709
2017,DC_TOF_TRDDBML,Republic of Moldova,94.35955
2018,DC_TOF_TRDDBML,Republic of Moldova,142.04985
2019,DC_TOF_TRDDBML,Republic of Moldova,146.57522
2020,DC_TOF_TRDDBML,Republic of Moldova,174.72953
2021,DC_TOF_TRDDBML,Republic of Moldova,153.76093
2006,DC_TOF_TRDDBML,Montenegro,22.95917
2007,DC_TOF_TRDDBML,Montenegro,23.56928
2008,DC_TOF_TRDDBML,Montenegro,29.02052
2009,DC_TOF_TRDDBML,Montenegro,30.40229
2010,DC_TOF_TRDDBML,Montenegro,24.7919
2011,DC_TOF_TRDDBML,Montenegro,64.39831
2012,DC_TOF_TRDDBML,Montenegro,32.96953
2013,DC_TOF_TRDDBML,Montenegro,71.56884
2006,DC_TOF_TRDDBML,Azerbaijan,77.80933
2007,DC_TOF_TRDDBML,Azerbaijan,90.04047
2008,DC_TOF_TRDDBML,Azerbaijan,100.90058
2009,DC_TOF_TRDDBML,Azerbaijan,123.3614
2010,DC_TOF_TRDDBML,Azerbaijan,62.53112
2011,DC_TOF_TRDDBML,Azerbaijan,129.27171
2012,DC_TOF_TRDDBML,Azerbaijan,165.57644
2013,DC_TOF_TRDDBML,Azerbaijan,115.77427
2014,DC_TOF_TRDDBML,Azerbaijan,147.57163
2015,DC_TOF_TRDDBML,Azerbaijan,26.65188
2016,DC_TOF_TRDDBML,Azerbaijan,27.64004
2017,DC_TOF_TRDDBML,Azerbaijan,79.19204
2018,DC_TOF_TRDDBML,Azerbaijan,47.5945
2019,DC_TOF_TRDDBML,Azerbaijan,80.38972
2020,DC_TOF_TRDDBML,Azerbaijan,135.25307
2021,DC_TOF_TRDDBML,Azerbaijan,50.53152
2006,DC_TOF_TRDDBML,Armenia,64.97378
2007,DC_TOF_TRDDBML,Armenia,98.69493
2008,DC_TOF_TRDDBML,Armenia,172.71965
2009,DC_TOF_TRDDBML,Armenia,225.46982
2010,DC_TOF_TRDDBML,Armenia,171.63388
2011,DC_TOF_TRDDBML,Armenia,138.94932
2012,DC_TOF_TRDDBML,Armenia,121.90542
2013,DC_TOF_TRDDBML,Armenia,103.11437
2014,DC_TOF_TRDDBML,Montenegro,51.85084
2015,DC_TOF_TRDDBML,Montenegro,103.24309
2016,DC_TOF_TRDDBML,Montenegro,76.66818
2017,DC_TOF_TRDDBML,Montenegro,130.7967
2018,DC_TOF_TRDDBML,Montenegro,133.1841
2019,DC_TOF_TRDDBML,Montenegro,102.0828
2020,DC_TOF_TRDDBML,Montenegro,155.44824
2021,DC_TOF_TRDDBML,Montenegro,83.83561
2014,DC_TOF_TRDDBML,Armenia,127.37242
2015,DC_TOF_TRDDBML,Armenia,229.33117
2016,DC_TOF_TRDDBML,Armenia,189.38286
2017,DC_TOF_TRDDBML,Armenia,227.14689
2018,DC_TOF_TRDDBML,Armenia,110.0817
2019,DC_TOF_TRDDBML,Armenia,79.72845
2020,DC_TOF_TRDDBML,Armenia,100.59298
2021,DC_TOF_TRDDBML,Armenia,186.74452
2006,DC_TOF_TRDDBML,Bosnia and Herzegovina,79.82813
2007,DC_TOF_TRDDBML,Bosnia and Herzegovina,95.08099
2008,DC_TOF_TRDDBML,Bosnia and Herzegovina,122.11556
2009,DC_TOF_TRDDBML,Bosnia and Herzegovina,106.57694
2010,DC_TOF_TRDDBML,Bosnia and Herzegovina,129.82839
2011,DC_TOF_TRDDBML,Bosnia and Herzegovina,310.28666
2012,DC_TOF_TRDDBML,Bosnia and Herzegovina,331.83293
2013,DC_TOF_TRDDBML,Bosnia and Herzegovina,262.73908
2014,DC_TOF_TRDDBML,Bosnia and Herzegovina,263.81794
2015,DC_TOF_TRDDBML,Bosnia and Herzegovina,165.69995
2016,DC_TOF_TRDDBML,Bosnia and Herzegovina,243.00903
2017,DC_TOF_TRDDBML,Bosnia and Herzegovina,244.69558
2018,DC_TOF_TRDDBML,Bosnia and Herzegovina,215.77487
2019,DC_TOF_TRDDBML,Bosnia and Herzegovina,218.19048
2020,DC_TOF_TRDDBML,Bosnia and Herzegovina,286.63344
2021,DC_TOF_TRDDBML,Bosnia and Herzegovina,279.70529
2006,DC_TOF_TRDDBML,Serbia,283.72974
2007,DC_TOF_TRDDBML,Serbia,254.82402
2008,DC_TOF_TRDDBML,Serbia,236.26996
2009,DC_TOF_TRDDBML,Serbia,241.64169
2010,DC_TOF_TRDDBML,Serbia,283.88517
2011,DC_TOF_TRDDBML,Serbia,949.03437
2012,DC_TOF_TRDDBML,Serbia,798.90617
2013,DC_TOF_TRDDBML,Serbia,651.84456
2014,DC_TOF_TRDDBML,Serbia,363.81308
2015,DC_TOF_TRDDBML,Serbia,474.31088
2016,DC_TOF_TRDDBML,Serbia,496.9902
2017,DC_TOF_TRDDBML,Serbia,535.14985
2018,DC_TOF_TRDDBML,Serbia,707.1809
2019,DC_TOF_TRDDBML,Serbia,374.27379
2020,DC_TOF_TRDDBML,Serbia,364.84582
2021,DC_TOF_TRDDBML,Serbia,453.65949
2006,DC_TOF_TRDDBML,Belarus,2.3395
2007,DC_TOF_TRDDBML,Belarus,4.28713
2008,DC_TOF_TRDDBML,Belarus,6.70114
2009,DC_TOF_TRDDBML,Belarus,8.80165
2010,DC_TOF_TRDDBML,Belarus,33.36789
2011,DC_TOF_TRDDBML,Belarus,7.02615
2012,DC_TOF_TRDDBML,Belarus,6.6889
2013,DC_TOF_TRDDBML,Belarus,16.96525
2014,DC_TOF_TRDDBML,Belarus,17.37035
2015,DC_TOF_TRDDBML,Belarus,15.8122
2016,DC_TOF_TRDDBML,Belarus,17.57434
2017,DC_TOF_TRDDBML,Belarus,25.00473
2018,DC_TOF_TRDDBML,Belarus,19.8491
2019,DC_TOF_TRDDBML,Belarus,112.32102
2020,DC_TOF_TRDDBML,Belarus,195.50619
2021,DC_TOF_TRDDBML,Belarus,7.86427
2006,DC_TOF_TRDDBML,Viet Nam,880.66606
2007,DC_TOF_TRDDBML,Viet Nam,1186.40229
2008,DC_TOF_TRDDBML,Viet Nam,1182.56772
2009,DC_TOF_TRDDBML,Viet Nam,1332.41109
2010,DC_TOF_TRDDBML,Viet Nam,1630.83191
2011,DC_TOF_TRDDBML,Viet Nam,1902.40468
2012,DC_TOF_TRDDBML,Viet Nam,2450.69332
2013,DC_TOF_TRDDBML,Viet Nam,2572.66833
2014,DC_TOF_TRDDBML,Viet Nam,2915.47702
2015,DC_TOF_TRDDBML,Viet Nam,2500.84241
2016,DC_TOF_TRDDBML,Viet Nam,2335.99931
2017,DC_TOF_TRDDBML,Viet Nam,1890.78673
2018,DC_TOF_TRDDBML,Viet Nam,1413.06606
2019,DC_TOF_TRDDBML,Viet Nam,1121.2884
2020,DC_TOF_TRDDBML,Viet Nam,1287.78621
2021,DC_TOF_TRDDBML,Viet Nam,1039.98019
2006,DC_TOF_TRDDBML,Таджикистан,46.61535
2007,DC_TOF_TRDDBML,Таджикистан,60.66062
2008,DC_TOF_TRDDBML,Таджикистан,51.50506
2009,DC_TOF_TRDDBML,Таджикистан,77.47777
2010,DC_TOF_TRDDBML,Таджикистан,177.27618
2011,DC_TOF_TRDDBML,Таджикистан,128.06476
2012,DC_TOF_TRDDBML,Таджикистан,138.84582
2013,DC_TOF_TRDDBML,Таджикистан,199.14395
2006,DC_TOF_TRDDBML,Chile,55.07816
2007,DC_TOF_TRDDBML,Chile,61.46287
2008,DC_TOF_TRDDBML,Chile,48.14467
2009,DC_TOF_TRDDBML,Chile,34.84428
2010,DC_TOF_TRDDBML,Chile,106.30162
2011,DC_TOF_TRDDBML,Chile,114.64945
2012,DC_TOF_TRDDBML,Chile,60.46497
2013,DC_TOF_TRDDBML,Chile,22.82052
2014,DC_TOF_TRDDBML,Chile,201.91929
2015,DC_TOF_TRDDBML,Chile,22.80946
2016,DC_TOF_TRDDBML,Chile,198.3327
2017,DC_TOF_TRDDBML,Chile,56.51099
2006,DC_TOF_TRDDBML,China,724.10399
2007,DC_TOF_TRDDBML,China,829.86555
2008,DC_TOF_TRDDBML,China,856.32088
2009,DC_TOF_TRDDBML,China,599.08611
2014,DC_TOF_TRDDBML,Таджикистан,183.19234
2015,DC_TOF_TRDDBML,Таджикистан,261.89128
2016,DC_TOF_TRDDBML,Таджикистан,228.09681
2017,DC_TOF_TRDDBML,Таджикистан,214.1054
2018,DC_TOF_TRDDBML,Таджикистан,246.82141
2019,DC_TOF_TRDDBML,Таджикистан,208.68243
2020,DC_TOF_TRDDBML,Таджикистан,235.91981
2021,DC_TOF_TRDDBML,Таджикистан,295.97603
2010,DC_TOF_TRDDBML,China,500.97651
2011,DC_TOF_TRDDBML,China,594.06886
2012,DC_TOF_TRDDBML,China,557.2705
2013,DC_TOF_TRDDBML,China,382.48705
2014,DC_TOF_TRDDBML,China,281.11555
2015,DC_TOF_TRDDBML,China,438.95999
2016,DC_TOF_TRDDBML,China,313.19607
2017,DC_TOF_TRDDBML,China,340.16162
2018,DC_TOF_TRDDBML,China,432.79887
2019,DC_TOF_TRDDBML,China,313.98792
2020,DC_TOF_TRDDBML,China,377.37723
2021,DC_TOF_TRDDBML,China,249.32801
2006,DC_TOF_TRDDBML,Colombia,113.35818
2007,DC_TOF_TRDDBML,Colombia,144.59283
2008,DC_TOF_TRDDBML,Colombia,192.02736
2009,DC_TOF_TRDDBML,Colombia,214.28339
2006,DC_TOF_TRDDBML,Türkiye,298.37504
2007,DC_TOF_TRDDBML,Türkiye,269.29765
2008,DC_TOF_TRDDBML,Türkiye,574.76404
2009,DC_TOF_TRDDBML,Türkiye,743.63246
2010,DC_TOF_TRDDBML,Türkiye,616.43589
2011,DC_TOF_TRDDBML,Türkiye,2621.09263
2012,DC_TOF_TRDDBML,Türkiye,2945.72155
2013,DC_TOF_TRDDBML,Türkiye,2446.36946
2014,DC_TOF_TRDDBML,Türkiye,3141.64191
2015,DC_TOF_TRDDBML,Türkiye,2645.52641
2016,DC_TOF_TRDDBML,Türkiye,3035.93285
2017,DC_TOF_TRDDBML,Türkiye,2584.95334
2018,DC_TOF_TRDDBML,Türkiye,1514.72989
2019,DC_TOF_TRDDBML,Türkiye,654.18808
2020,DC_TOF_TRDDBML,Türkiye,720.15206
2021,DC_TOF_TRDDBML,Türkiye,673.22588
2006,DC_TOF_TRDDBML,Туркменистан,1.5315
2007,DC_TOF_TRDDBML,Туркменистан,0.82762
2008,DC_TOF_TRDDBML,Туркменистан,4.58877
2009,DC_TOF_TRDDBML,Туркменистан,3.72225
2010,DC_TOF_TRDDBML,Туркменистан,3.21047
2011,DC_TOF_TRDDBML,Туркменистан,4.72429
2012,DC_TOF_TRDDBML,Туркменистан,7.06608
2013,DC_TOF_TRDDBML,Туркменистан,4.69744
2014,DC_TOF_TRDDBML,Туркменистан,6.52561
2015,DC_TOF_TRDDBML,Туркменистан,6.21213
2016,DC_TOF_TRDDBML,Туркменистан,6.74129
2017,DC_TOF_TRDDBML,Туркменистан,6.47753
2018,DC_TOF_TRDDBML,Туркменистан,5.31321
2019,DC_TOF_TRDDBML,Туркменистан,1.1403
2020,DC_TOF_TRDDBML,Туркменистан,13.75295
2021,DC_TOF_TRDDBML,Туркменистан,3.57862
2006,DC_TOF_TRDDBML,Ukraine,185.51045
2007,DC_TOF_TRDDBML,Ukraine,133.35968
2008,DC_TOF_TRDDBML,Ukraine,215.67509
2009,DC_TOF_TRDDBML,Ukraine,267.07392
2010,DC_TOF_TRDDBML,Ukraine,267.84924
2011,DC_TOF_TRDDBML,Ukraine,371.09912
2012,DC_TOF_TRDDBML,Ukraine,337.5609
2013,DC_TOF_TRDDBML,Ukraine,348.77506
2014,DC_TOF_TRDDBML,Ukraine,161.25781
2015,DC_TOF_TRDDBML,Ukraine,241.12237
2016,DC_TOF_TRDDBML,Ukraine,369.88124
2017,DC_TOF_TRDDBML,Ukraine,274.62012
2018,DC_TOF_TRDDBML,Ukraine,386.05133
2019,DC_TOF_TRDDBML,Ukraine,380.76534
2020,DC_TOF_TRDDBML,Ukraine,320.55572
2021,DC_TOF_TRDDBML,Ukraine,358.72285
2006,DC_TOF_TRDDBML,North Macedonia,31.62185
2007,DC_TOF_TRDDBML,North Macedonia,46.41879
2008,DC_TOF_TRDDBML,North Macedonia,29.05936
2009,DC_TOF_TRDDBML,North Macedonia,31.48779
2010,DC_TOF_TRDDBML,North Macedonia,30.14754
2011,DC_TOF_TRDDBML,North Macedonia,90.87609
2012,DC_TOF_TRDDBML,North Macedonia,79.29234
2013,DC_TOF_TRDDBML,North Macedonia,135.64274
2014,DC_TOF_TRDDBML,North Macedonia,182.24879
2015,DC_TOF_TRDDBML,North Macedonia,162.75056
2016,DC_TOF_TRDDBML,North Macedonia,61.28335
2017,DC_TOF_TRDDBML,North Macedonia,21.88683
2018,DC_TOF_TRDDBML,North Macedonia,53.59652
2019,DC_TOF_TRDDBML,North Macedonia,84.31638
2020,DC_TOF_TRDDBML,North Macedonia,98.15866
2021,DC_TOF_TRDDBML,North Macedonia,140.85082
2006,DC_TOF_TRDDBML,Узбекистан,58.16816
2007,DC_TOF_TRDDBML,Узбекистан,29.77026
2008,DC_TOF_TRDDBML,Узбекистан,76.18157
2009,DC_TOF_TRDDBML,Узбекистан,69.79089
2010,DC_TOF_TRDDBML,Узбекистан,90.66118
2011,DC_TOF_TRDDBML,Узбекистан,70.4739
2012,DC_TOF_TRDDBML,Узбекистан,102.01137
2013,DC_TOF_TRDDBML,Узбекистан,169.52423
2014,DC_TOF_TRDDBML,Узбекистан,157.41092
2015,DC_TOF_TRDDBML,Узбекистан,305.38189
2016,DC_TOF_TRDDBML,Узбекистан,288.82448
2017,DC_TOF_TRDDBML,Узбекистан,515.1558
2018,DC_TOF_TRDDBML,Узбекистан,746.40084
2019,DC_TOF_TRDDBML,Узбекистан,724.79689
2020,DC_TOF_TRDDBML,Узбекистан,709.48107
2021,DC_TOF_TRDDBML,Узбекистан,549.23015
2010,DC_TOF_TRDDBML,Colombia,165.16949
2011,DC_TOF_TRDDBML,Colombia,262.53846
2012,DC_TOF_TRDDBML,Colombia,139.06814
2013,DC_TOF_TRDDBML,Colombia,192.48608
2014,DC_TOF_TRDDBML,Colombia,203.00199
2015,DC_TOF_TRDDBML,Colombia,239.88088
2016,DC_TOF_TRDDBML,Colombia,237.94031
2017,DC_TOF_TRDDBML,Colombia,181.25979
2018,DC_TOF_TRDDBML,Colombia,220.4932
2019,DC_TOF_TRDDBML,Colombia,161.29194
2020,DC_TOF_TRDDBML,Colombia,258.8254
2021,DC_TOF_TRDDBML,Colombia,295.527
2006,DC_TOF_TRDDBML,Costa Rica,26.53811
2007,DC_TOF_TRDDBML,Costa Rica,50.2226
2008,DC_TOF_TRDDBML,Costa Rica,50.53829
2009,DC_TOF_TRDDBML,Costa Rica,76.87156
2010,DC_TOF_TRDDBML,Costa Rica,67.37998
2011,DC_TOF_TRDDBML,Costa Rica,16.80115
2012,DC_TOF_TRDDBML,Costa Rica,11.97746
2013,DC_TOF_TRDDBML,Costa Rica,14.38599
2014,DC_TOF_TRDDBML,Costa Rica,15.83314
2015,DC_TOF_TRDDBML,Costa Rica,57.88283
2016,DC_TOF_TRDDBML,Costa Rica,76.08379
2017,DC_TOF_TRDDBML,Costa Rica,56.33519
2018,DC_TOF_TRDDBML,Costa Rica,72.11998
2019,DC_TOF_TRDDBML,Costa Rica,28.25095
2020,DC_TOF_TRDDBML,Costa Rica,23.34325
2021,DC_TOF_TRDDBML,Costa Rica,77.68764
2006,DC_TOF_TRDDBML,Croatia,30.26756
2007,DC_TOF_TRDDBML,Croatia,35.29693
2008,DC_TOF_TRDDBML,Croatia,59.72232
2009,DC_TOF_TRDDBML,Croatia,24.24656
2010,DC_TOF_TRDDBML,Croatia,45.39744
2006,DC_TOF_TRDDBML,Georgia,126.22723
2007,DC_TOF_TRDDBML,Georgia,141.40608
2008,DC_TOF_TRDDBML,Georgia,242.78534
2009,DC_TOF_TRDDBML,Georgia,264.40398
2010,DC_TOF_TRDDBML,Georgia,270.52816
2011,DC_TOF_TRDDBML,Georgia,208.02436
2012,DC_TOF_TRDDBML,Georgia,353.43431
2013,DC_TOF_TRDDBML,Georgia,351.8624
2014,DC_TOF_TRDDBML,Georgia,293.2814
2015,DC_TOF_TRDDBML,Georgia,273.33066
2016,DC_TOF_TRDDBML,Georgia,258.04156
2017,DC_TOF_TRDDBML,Georgia,222.87295
2018,DC_TOF_TRDDBML,Georgia,281.48619
2019,DC_TOF_TRDDBML,Georgia,296.19506
2020,DC_TOF_TRDDBML,Georgia,326.89787
2021,DC_TOF_TRDDBML,Georgia,204.46481
2006,DC_TOF_TRDDBML,India,1001.2806
2007,DC_TOF_TRDDBML,India,1106.49306
2008,DC_TOF_TRDDBML,India,1607.42338
2009,DC_TOF_TRDDBML,India,1800.56396
2010,DC_TOF_TRDDBML,India,2126.18631
2011,DC_TOF_TRDDBML,India,1942.71553
2012,DC_TOF_TRDDBML,India,1550.11064
2013,DC_TOF_TRDDBML,India,2071.41129
2014,DC_TOF_TRDDBML,India,2444.51633
2015,DC_TOF_TRDDBML,India,3536.52188
2016,DC_TOF_TRDDBML,India,2989.89206
2017,DC_TOF_TRDDBML,India,3995.36677
2018,DC_TOF_TRDDBML,India,3613.37081
2019,DC_TOF_TRDDBML,India,3885.18373
2020,DC_TOF_TRDDBML,India,2781.89162
2021,DC_TOF_TRDDBML,India,3683.14688
2006,DC_TOF_TRDDBML,Казахстан,20.01128
2007,DC_TOF_TRDDBML,Казахстан,124.2189
2008,DC_TOF_TRDDBML,Казахстан,188.56808
2009,DC_TOF_TRDDBML,Казахстан,108.21934
2010,DC_TOF_TRDDBML,Казахстан,62.28211
2011,DC_TOF_TRDDBML,Казахстан,22.45141
2012,DC_TOF_TRDDBML,Казахстан,35.80057
2013,DC_TOF_TRDDBML,Казахстан,47.58287
2014,DC_TOF_TRDDBML,Казахстан,25.23582
2015,DC_TOF_TRDDBML,Казахстан,17.55656
2016,DC_TOF_TRDDBML,Казахстан,37.69983
2017,DC_TOF_TRDDBML,Казахстан,8.52627
2018,DC_TOF_TRDDBML,Казахстан,8.89378
2019,DC_TOF_TRDDBML,Казахстан,13.54327
2020,DC_TOF_TRDDBML,Казахстан,10.93937
2021,DC_TOF_TRDDBML,Казахстан,12.27014
2006,DC_TOF_TRDDBML,Кыргызстан,69.69048
2007,DC_TOF_TRDDBML,Кыргызстан,55.82359
2008,DC_TOF_TRDDBML,Кыргызстан,54.72743
2009,DC_TOF_TRDDBML,Кыргызстан,63.29348
2010,DC_TOF_TRDDBML,Кыргызстан,83.26958
2011,DC_TOF_TRDDBML,Кыргызстан,127.59382
2012,DC_TOF_TRDDBML,Кыргызстан,128.01557
2013,DC_TOF_TRDDBML,Кыргызстан,154.52582
2014,DC_TOF_TRDDBML,Кыргызстан,150.13625
2015,DC_TOF_TRDDBML,Кыргызстан,177.34865
2016,DC_TOF_TRDDBML,Кыргызстан,131.68642
2017,DC_TOF_TRDDBML,Кыргызстан,147.99884
2018,DC_TOF_TRDDBML,Кыргызстан,130.89734
2019,DC_TOF_TRDDBML,Кыргызстан,174.64657
2020,DC_TOF_TRDDBML,Кыргызстан,125.99261
2021,DC_TOF_TRDDBML,Кыргызстан,199.89645
2021,DC_TOF_TRDDBML,Кыргызстан,199.89645
