Year,SeriesCode,Страна ,Mode of transportation,Value
2017,IS_RDP_PFVOL,Albania,AIR,133237327
2018,IS_RDP_PFVOL,Albania,AIR,256969287
2019,IS_RDP_PFVOL,Albania,AIR,280493049
2020,IS_RDP_PFVOL,Albania,AIR,113527000
2021,IS_RDP_PFVOL,Albania,AIR,166314070
2017,IS_RDP_PFVOL,Azerbaijan,AIR,4204082600
2018,IS_RDP_PFVOL,Azerbaijan,AIR,4033395000
2019,IS_RDP_PFVOL,Azerbaijan,AIR,4503442500
2020,IS_RDP_PFVOL,Azerbaijan,AIR,899420600
2021,IS_RDP_PFVOL,Azerbaijan,AIR,1401922800
2017,IS_RDP_PFVOL,Australia,AIR,155092975330
2018,IS_RDP_PFVOL,Australia,AIR,159061129230
2019,IS_RDP_PFVOL,Australia,AIR,161600040393
2020,IS_RDP_PFVOL,Australia,AIR,42169963331
2021,IS_RDP_PFVOL,Australia,AIR,29027198760
2017,IS_RDP_PFVOL,Austria,AIR,24082881695
2018,IS_RDP_PFVOL,Austria,AIR,20696997000
2019,IS_RDP_PFVOL,Austria,AIR,49993163000
2020,IS_RDP_PFVOL,Austria,AIR,16977532950
2021,IS_RDP_PFVOL,Austria,AIR,23414023110
2018,IS_RDP_PFVOL,Armenia,AIR,84641900
2019,IS_RDP_PFVOL,Armenia,AIR,269820300
2020,IS_RDP_PFVOL,Armenia,AIR,60756462
2021,IS_RDP_PFVOL,Armenia,AIR,197737059
2017,IS_RDP_PFVOL,Belgium,AIR,25916236238
2018,IS_RDP_PFVOL,Belgium,AIR,25126535950
2019,IS_RDP_PFVOL,Belgium,AIR,26366954924
2020,IS_RDP_PFVOL,Belgium,AIR,7129596339
2021,IS_RDP_PFVOL,Belgium,AIR,10766673201
2019,IS_RDP_PFVOL,Bosnia and Herzegovina,AIR,7353050
2020,IS_RDP_PFVOL,Bosnia and Herzegovina,AIR,1812510
2017,IS_RDP_PFVOL,Bulgaria,AIR,1782657000
2018,IS_RDP_PFVOL,Bulgaria,AIR,1562404950
2019,IS_RDP_PFVOL,Bulgaria,AIR,1035537000
2020,IS_RDP_PFVOL,Bulgaria,AIR,555919000
2021,IS_RDP_PFVOL,Bulgaria,AIR,45958000
2017,IS_RDP_PFVOL,Belarus,AIR,2870926000
2018,IS_RDP_PFVOL,Belarus,AIR,3216532000
2019,IS_RDP_PFVOL,Belarus,AIR,3812796000
2020,IS_RDP_PFVOL,Belarus,AIR,1600116000
2021,IS_RDP_PFVOL,Belarus,AIR,1764526000
2017,IS_RDP_PFVOL,Canada,AIR,216779805789
2018,IS_RDP_PFVOL,Canada,AIR,226642953000
2019,IS_RDP_PFVOL,Canada,AIR,232006658000
2020,IS_RDP_PFVOL,Canada,AIR,62756505000
2021,IS_RDP_PFVOL,Canada,AIR,51916690000
2017,IS_RDP_PFVOL,Chile,AIR,34866104129
2018,IS_RDP_PFVOL,Chile,AIR,36806563580
2019,IS_RDP_PFVOL,Chile,AIR,40482539890
2020,IS_RDP_PFVOL,Chile,AIR,13854709390
2021,IS_RDP_PFVOL,Chile,AIR,14912202420
2017,IS_RDP_PFVOL,China,AIR,950425183000
2018,IS_RDP_PFVOL,China,AIR,1070347072300
2019,IS_RDP_PFVOL,China,AIR,1169680260800
2020,IS_RDP_PFVOL,China,AIR,629669251400
2021,IS_RDP_PFVOL,China,AIR,655591588815
2017,IS_RDP_PFVOL,Colombia,AIR,33545489410
2018,IS_RDP_PFVOL,Colombia,AIR,36063347943
2019,IS_RDP_PFVOL,Colombia,AIR,39097853488
2020,IS_RDP_PFVOL,Colombia,AIR,11604587855
2021,IS_RDP_PFVOL,Colombia,AIR,19787713080
2017,IS_RDP_PFVOL,Costa Rica,AIR,2670812628
2018,IS_RDP_PFVOL,Costa Rica,AIR,3347281768
2019,IS_RDP_PFVOL,Costa Rica,AIR,3421610793
2020,IS_RDP_PFVOL,Costa Rica,AIR,623841676
2021,IS_RDP_PFVOL,Costa Rica,AIR,991756620
2017,IS_RDP_PFVOL,Croatia,AIR,1505630950
2018,IS_RDP_PFVOL,Croatia,AIR,1520730530
2019,IS_RDP_PFVOL,Croatia,AIR,1547489420
2020,IS_RDP_PFVOL,Croatia,AIR,420373690
2021,IS_RDP_PFVOL,Croatia,AIR,536035270
2017,IS_RDP_PFVOL,Cyprus,AIR,876789204
2018,IS_RDP_PFVOL,Cyprus,AIR,498979000
2019,IS_RDP_PFVOL,Cyprus,AIR,319634000
2020,IS_RDP_PFVOL,Cyprus,AIR,126958000
2021,IS_RDP_PFVOL,Cyprus,AIR,116532287
2017,IS_RDP_PFVOL,Czechia,AIR,8929688560
2018,IS_RDP_PFVOL,Czechia,AIR,15977805540
2019,IS_RDP_PFVOL,Czechia,AIR,8735164620
2020,IS_RDP_PFVOL,Czechia,AIR,2232061135
2021,IS_RDP_PFVOL,Czechia,AIR,2818293600
2017,IS_RDP_PFVOL,Denmark,AIR,12272000628
2018,IS_RDP_PFVOL,Denmark,AIR,1052163808
2019,IS_RDP_PFVOL,Denmark,AIR,820646607
2020,IS_RDP_PFVOL,Denmark,AIR,368347138
2021,IS_RDP_PFVOL,Denmark,AIR,3202710689
2017,IS_RDP_PFVOL,Estonia,AIR,4048800
2018,IS_RDP_PFVOL,Estonia,AIR,23918100
2019,IS_RDP_PFVOL,Estonia,AIR,388000
2017,IS_RDP_PFVOL,Finland,AIR,31051672480
2018,IS_RDP_PFVOL,Finland,AIR,34854984690
2019,IS_RDP_PFVOL,Finland,AIR,38538660640
2020,IS_RDP_PFVOL,Finland,AIR,8147942770
2021,IS_RDP_PFVOL,Finland,AIR,5081702160
2017,IS_RDP_PFVOL,France,AIR,192909942000
2018,IS_RDP_PFVOL,France,AIR,201954980000
2019,IS_RDP_PFVOL,France,AIR,210879943000
2020,IS_RDP_PFVOL,France,AIR,69373912000
2021,IS_RDP_PFVOL,France,AIR,85544736000
2017,IS_RDP_PFVOL,Georgia,AIR,599995000
2018,IS_RDP_PFVOL,Georgia,AIR,1039669300
2019,IS_RDP_PFVOL,Georgia,AIR,1058932944
2020,IS_RDP_PFVOL,Georgia,AIR,190366500
2021,IS_RDP_PFVOL,Georgia,AIR,192854140
2017,IS_RDP_PFVOL,Germany,AIR,248023598072
2018,IS_RDP_PFVOL,Germany,AIR,242053891260
2019,IS_RDP_PFVOL,Germany,AIR,250461723852
2020,IS_RDP_PFVOL,Germany,AIR,53328630590
2021,IS_RDP_PFVOL,Germany,AIR,70226016260
2017,IS_RDP_PFVOL,Greece,AIR,13367658582
2018,IS_RDP_PFVOL,Greece,AIR,14141438533
2019,IS_RDP_PFVOL,Greece,AIR,14957215784
2020,IS_RDP_PFVOL,Greece,AIR,4810487673
2021,IS_RDP_PFVOL,Greece,AIR,7579598700
2017,IS_RDP_PFVOL,Hungary,AIR,37151967000
2018,IS_RDP_PFVOL,Hungary,AIR,45225202520
2019,IS_RDP_PFVOL,Hungary,AIR,64986692000
2020,IS_RDP_PFVOL,Hungary,AIR,23808402000
2021,IS_RDP_PFVOL,Hungary,AIR,31124340850
2017,IS_RDP_PFVOL,Iceland,AIR,21638481370
2018,IS_RDP_PFVOL,Iceland,AIR,24228765677
2019,IS_RDP_PFVOL,Iceland,AIR,13676591920
2020,IS_RDP_PFVOL,Iceland,AIR,2129771031
2021,IS_RDP_PFVOL,Iceland,AIR,3912870008
2017,IS_RDP_PFVOL,India,AIR,190343511177
2018,IS_RDP_PFVOL,India,AIR,221193698478
2019,IS_RDP_PFVOL,India,AIR,220199541615
2020,IS_RDP_PFVOL,India,AIR,85618822825
2021,IS_RDP_PFVOL,India,AIR,88509873563
2017,IS_RDP_PFVOL,Ireland,AIR,204660046097
2018,IS_RDP_PFVOL,Ireland,AIR,224622979353
2019,IS_RDP_PFVOL,Ireland,AIR,232491414535
2020,IS_RDP_PFVOL,Ireland,AIR,75429302960
2021,IS_RDP_PFVOL,Ireland,AIR,95000062520
2017,IS_RDP_PFVOL,Israel,AIR,22784538890
2018,IS_RDP_PFVOL,Israel,AIR,23917538000
2019,IS_RDP_PFVOL,Israel,AIR,24249665850
2020,IS_RDP_PFVOL,Israel,AIR,4151661320
2021,IS_RDP_PFVOL,Israel,AIR,7253778000
2017,IS_RDP_PFVOL,Italy,AIR,44754917982
2018,IS_RDP_PFVOL,Italy,AIR,48434788720
2019,IS_RDP_PFVOL,Italy,AIR,52030486700
2020,IS_RDP_PFVOL,Italy,AIR,11395718560
2021,IS_RDP_PFVOL,Italy,AIR,2491316119
2017,IS_RDP_PFVOL,Japan,AIR,191538000000
2018,IS_RDP_PFVOL,Japan,AIR,197830304000
2019,IS_RDP_PFVOL,Japan,AIR,204188216000
2020,IS_RDP_PFVOL,Japan,AIR,66232880000
2021,IS_RDP_PFVOL,Japan,AIR,51369192000
2017,IS_RDP_PFVOL,Казахстан,AIR,12597236900
2018,IS_RDP_PFVOL,Казахстан,AIR,12380575170
2019,IS_RDP_PFVOL,Казахстан,AIR,13094629480
2020,IS_RDP_PFVOL,Казахстан,AIR,7388985253
2021,IS_RDP_PFVOL,Казахстан,AIR,12413392752
2017,IS_RDP_PFVOL,Republic of Korea,AIR,164423634857
2018,IS_RDP_PFVOL,Republic of Korea,AIR,178239190029
2019,IS_RDP_PFVOL,Republic of Korea,AIR,189826294057
2020,IS_RDP_PFVOL,Republic of Korea,AIR,41114601240
2021,IS_RDP_PFVOL,Republic of Korea,AIR,22638082478
2017,IS_RDP_PFVOL,Кыргызстан,AIR,2175846635
2018,IS_RDP_PFVOL,Кыргызстан,AIR,2354224057
2019,IS_RDP_PFVOL,Кыргызстан,AIR,1577657068
2020,IS_RDP_PFVOL,Кыргызстан,AIR,316409391
2021,IS_RDP_PFVOL,Кыргызстан,AIR,208159376
2017,IS_RDP_PFVOL,Latvia,AIR,3609580000
2018,IS_RDP_PFVOL,Latvia,AIR,4481595876
2019,IS_RDP_PFVOL,Latvia,AIR,5498051296
2020,IS_RDP_PFVOL,Latvia,AIR,1411755516
2021,IS_RDP_PFVOL,Latvia,AIR,2088015000
2017,IS_RDP_PFVOL,Lithuania,AIR,2056396100
2018,IS_RDP_PFVOL,Lithuania,AIR,4275850
2019,IS_RDP_PFVOL,Lithuania,AIR,48133857
2020,IS_RDP_PFVOL,Lithuania,AIR,21614057
2021,IS_RDP_PFVOL,Lithuania,AIR,1648063
2017,IS_RDP_PFVOL,Luxembourg,AIR,2273948660
2018,IS_RDP_PFVOL,Luxembourg,AIR,2491474760
2019,IS_RDP_PFVOL,Luxembourg,AIR,2562183890
2020,IS_RDP_PFVOL,Luxembourg,AIR,1008437424
2021,IS_RDP_PFVOL,Luxembourg,AIR,1718190120
2017,IS_RDP_PFVOL,Malta,AIR,2264761320
2018,IS_RDP_PFVOL,Malta,AIR,3336934950
2019,IS_RDP_PFVOL,Malta,AIR,3372514772
2020,IS_RDP_PFVOL,Malta,AIR,816241451
2021,IS_RDP_PFVOL,Malta,AIR,909973030
2017,IS_RDP_PFVOL,Mexico,AIR,89317274586
2018,IS_RDP_PFVOL,Mexico,AIR,100042370910
2019,IS_RDP_PFVOL,Mexico,AIR,109055863031
2020,IS_RDP_PFVOL,Mexico,AIR,50925892104
2021,IS_RDP_PFVOL,Mexico,AIR,78477070304
2017,IS_RDP_PFVOL,Republic of Moldova,AIR,1635861320
2018,IS_RDP_PFVOL,Republic of Moldova,AIR,2170504350
2019,IS_RDP_PFVOL,Republic of Moldova,AIR,2154714934
2020,IS_RDP_PFVOL,Republic of Moldova,AIR,508564071
2021,IS_RDP_PFVOL,Republic of Moldova,AIR,877213080
2017,IS_RDP_PFVOL,Montenegro,AIR,459742047
2018,IS_RDP_PFVOL,Montenegro,AIR,517555678
2019,IS_RDP_PFVOL,Montenegro,AIR,493880260
2021,IS_RDP_PFVOL,Montenegro,AIR,1013964
2017,IS_RDP_PFVOL,Netherlands (Kingdom of the),AIR,121960943820
2018,IS_RDP_PFVOL,Netherlands (Kingdom of the),AIR,128231715278
2019,IS_RDP_PFVOL,Netherlands (Kingdom of the),AIR,131170822289
2020,IS_RDP_PFVOL,Netherlands (Kingdom of the),AIR,41585407586
2021,IS_RDP_PFVOL,Netherlands (Kingdom of the),AIR,52169341612
2017,IS_RDP_PFVOL,New Zealand,AIR,34537326874
2018,IS_RDP_PFVOL,New Zealand,AIR,36747994705
2019,IS_RDP_PFVOL,New Zealand,AIR,38452327990
2020,IS_RDP_PFVOL,New Zealand,AIR,11842560166
2021,IS_RDP_PFVOL,New Zealand,AIR,5796256151
2017,IS_RDP_PFVOL,Norway,AIR,48469471075
2018,IS_RDP_PFVOL,Norway,AIR,42484517671
2019,IS_RDP_PFVOL,Norway,AIR,46397817345
2020,IS_RDP_PFVOL,Norway,AIR,7140559828
2021,IS_RDP_PFVOL,Norway,AIR,11213020428
2017,IS_RDP_PFVOL,Poland,AIR,12061468914
2018,IS_RDP_PFVOL,Poland,AIR,15971565000
2019,IS_RDP_PFVOL,Poland,AIR,19025492000
2020,IS_RDP_PFVOL,Poland,AIR,4466307450
2021,IS_RDP_PFVOL,Poland,AIR,6374610310
2017,IS_RDP_PFVOL,Portugal,AIR,37561715310
2018,IS_RDP_PFVOL,Portugal,AIR,44673579320
2019,IS_RDP_PFVOL,Portugal,AIR,48224052283
2020,IS_RDP_PFVOL,Portugal,AIR,13744302288
2021,IS_RDP_PFVOL,Portugal,AIR,17709432848
2017,IS_RDP_PFVOL,Romania,AIR,5775399380
2018,IS_RDP_PFVOL,Romania,AIR,6337992270
2019,IS_RDP_PFVOL,Romania,AIR,7330047070
2020,IS_RDP_PFVOL,Romania,AIR,2148500140
2021,IS_RDP_PFVOL,Romania,AIR,2371897730
2017,IS_RDP_PFVOL,Serbia,AIR,2932721000
2018,IS_RDP_PFVOL,Serbia,AIR,2622036000
2019,IS_RDP_PFVOL,Serbia,AIR,2821016000
2020,IS_RDP_PFVOL,Serbia,AIR,1029913000
2021,IS_RDP_PFVOL,Serbia,AIR,1481130000
2017,IS_RDP_PFVOL,Slovakia,AIR,15556797
2020,IS_RDP_PFVOL,Slovakia,AIR,1388980
2021,IS_RDP_PFVOL,Slovakia,AIR,7114920
2017,IS_RDP_PFVOL,Viet Nam,AIR,56278077250
2018,IS_RDP_PFVOL,Viet Nam,AIR,63591671940
2019,IS_RDP_PFVOL,Viet Nam,AIR,73958099520
2020,IS_RDP_PFVOL,Viet Nam,AIR,33631930980
2021,IS_RDP_PFVOL,Viet Nam,AIR,13062866186
2017,IS_RDP_PFVOL,Slovenia,AIR,818899680
2018,IS_RDP_PFVOL,Slovenia,AIR,823290190
2019,IS_RDP_PFVOL,Slovenia,AIR,579689112
2020,IS_RDP_PFVOL,Slovenia,AIR,42061520
2021,IS_RDP_PFVOL,Slovenia,AIR,9913990
2017,IS_RDP_PFVOL,Spain,AIR,119073942620
2018,IS_RDP_PFVOL,Spain,AIR,131166432060
2019,IS_RDP_PFVOL,Spain,AIR,145472293129
2020,IS_RDP_PFVOL,Spain,AIR,39851393233
2021,IS_RDP_PFVOL,Spain,AIR,64459096614
2017,IS_RDP_PFVOL,Sweden,AIR,12419652877
2018,IS_RDP_PFVOL,Sweden,AIR,931250000
2019,IS_RDP_PFVOL,Sweden,AIR,1795261357
2020,IS_RDP_PFVOL,Sweden,AIR,198769383
2021,IS_RDP_PFVOL,Sweden,AIR,3363165184
2017,IS_RDP_PFVOL,Switzerland,AIR,54436352610
2018,IS_RDP_PFVOL,Switzerland,AIR,59774977000
2019,IS_RDP_PFVOL,Switzerland,AIR,63015491000
2020,IS_RDP_PFVOL,Switzerland,AIR,16719183400
2021,IS_RDP_PFVOL,Switzerland,AIR,19581938818
2017,IS_RDP_PFVOL,Таджикистан,AIR,1467673000
2018,IS_RDP_PFVOL,Таджикистан,AIR,1338309000
2019,IS_RDP_PFVOL,Таджикистан,AIR,1400797993
2020,IS_RDP_PFVOL,Таджикистан,AIR,696516520
2021,IS_RDP_PFVOL,Таджикистан,AIR,343316013
2017,IS_RDP_PFVOL,United Arab Emirates,AIR,406104768740
2018,IS_RDP_PFVOL,United Arab Emirates,AIR,424604286490
2019,IS_RDP_PFVOL,United Arab Emirates,AIR,414386349822
2020,IS_RDP_PFVOL,United Arab Emirates,AIR,111407819810
2021,IS_RDP_PFVOL,United Arab Emirates,AIR,106901257070
2017,IS_RDP_PFVOL,Türkiye,AIR,183397651320
2018,IS_RDP_PFVOL,Türkiye,AIR,194439274062
2019,IS_RDP_PFVOL,Türkiye,AIR,202496413430
2020,IS_RDP_PFVOL,Türkiye,AIR,73686147890
2021,IS_RDP_PFVOL,Türkiye,AIR,119308380415
2017,IS_RDP_PFVOL,Туркменистан,AIR,2939647000
2018,IS_RDP_PFVOL,Туркменистан,AIR,3254535000
2019,IS_RDP_PFVOL,Туркменистан,AIR,2733505417
2020,IS_RDP_PFVOL,Туркменистан,AIR,910938462
2021,IS_RDP_PFVOL,Туркменистан,AIR,318216067
2017,IS_RDP_PFVOL,Ukraine,AIR,12616279254
2018,IS_RDP_PFVOL,Ukraine,AIR,15587857700
2019,IS_RDP_PFVOL,Ukraine,AIR,16038487867
2020,IS_RDP_PFVOL,Ukraine,AIR,3139432970
2021,IS_RDP_PFVOL,Ukraine,AIR,5517955300
2017,IS_RDP_PFVOL,United Kingdom of Great Britain and Northern Ireland,AIR,323349149000
2018,IS_RDP_PFVOL,United Kingdom of Great Britain and Northern Ireland,AIR,356464910000
2019,IS_RDP_PFVOL,United Kingdom of Great Britain and Northern Ireland,AIR,344592149000
2020,IS_RDP_PFVOL,United Kingdom of Great Britain and Northern Ireland,AIR,75331417797
2021,IS_RDP_PFVOL,United Kingdom of Great Britain and Northern Ireland,AIR,60546649000
2017,IS_RDP_PFVOL,Узбекистан,AIR,7112704720
2018,IS_RDP_PFVOL,Узбекистан,AIR,8408056220
2019,IS_RDP_PFVOL,Узбекистан,AIR,10589577620
2020,IS_RDP_PFVOL,Узбекистан,AIR,2602996660
2021,IS_RDP_PFVOL,Узбекистан,AIR,4731144110
2021,IS_RDP_PFVOL,Узбекистан,AIR,4731144110
