Year,SeriesCode,Страна ,Mode of transportation,Value
2019,IS_RDP_PORFVOL,Cyprus,SEA,389962
2020,IS_RDP_PORFVOL,Cyprus,SEA,364364
2010,IS_RDP_PORFVOL,Denmark,SEA,734000
2011,IS_RDP_PORFVOL,Denmark,SEA,782000
2012,IS_RDP_PORFVOL,Denmark,SEA,762000
2013,IS_RDP_PORFVOL,Denmark,SEA,747000
2014,IS_RDP_PORFVOL,Denmark,SEA,744000
2015,IS_RDP_PORFVOL,Denmark,SEA,750000
2016,IS_RDP_PORFVOL,Denmark,SEA,787652
2017,IS_RDP_PORFVOL,Denmark,SEA,812800
2018,IS_RDP_PORFVOL,Denmark,SEA,828900
2019,IS_RDP_PORFVOL,Denmark,SEA,869600
2020,IS_RDP_PORFVOL,Denmark,SEA,921513
2010,IS_RDP_PORFVOL,Estonia,SEA,152000
2011,IS_RDP_PORFVOL,Estonia,SEA,198000
2012,IS_RDP_PORFVOL,Estonia,SEA,227800
2013,IS_RDP_PORFVOL,Estonia,SEA,253627
2014,IS_RDP_PORFVOL,Estonia,SEA,260293
2015,IS_RDP_PORFVOL,Estonia,SEA,208700
2016,IS_RDP_PORFVOL,Estonia,SEA,202327
2017,IS_RDP_PORFVOL,Estonia,SEA,215500
2018,IS_RDP_PORFVOL,Estonia,SEA,222700
2019,IS_RDP_PORFVOL,Estonia,SEA,239000
2020,IS_RDP_PORFVOL,Estonia,SEA,214000
2010,IS_RDP_PORFVOL,Finland,SEA,1223702
2011,IS_RDP_PORFVOL,Finland,SEA,1399612
2012,IS_RDP_PORFVOL,Finland,SEA,1474426
2013,IS_RDP_PORFVOL,Finland,SEA,1457388
2014,IS_RDP_PORFVOL,Finland,SEA,1440350
2015,IS_RDP_PORFVOL,Finland,SEA,1416985
2016,IS_RDP_PORFVOL,Finland,SEA,1513174
2017,IS_RDP_PORFVOL,Finland,SEA,1632000
2018,IS_RDP_PORFVOL,Finland,SEA,1599990
2019,IS_RDP_PORFVOL,Finland,SEA,1608638
2020,IS_RDP_PORFVOL,Finland,SEA,1532564
2010,IS_RDP_PORFVOL,France,SEA,5185195
2011,IS_RDP_PORFVOL,France,SEA,4707864
2012,IS_RDP_PORFVOL,France,SEA,5194812
2013,IS_RDP_PORFVOL,France,SEA,5205100
2014,IS_RDP_PORFVOL,France,SEA,5387900
2015,IS_RDP_PORFVOL,France,SEA,5381800
2016,IS_RDP_PORFVOL,France,SEA,5454600
2017,IS_RDP_PORFVOL,France,SEA,5861000
2018,IS_RDP_PORFVOL,France,SEA,5963100
2019,IS_RDP_PORFVOL,France,SEA,5871100
2020,IS_RDP_PORFVOL,France,SEA,5107857
2010,IS_RDP_PORFVOL,Georgia,SEA,209800
2011,IS_RDP_PORFVOL,Georgia,SEA,209800
2012,IS_RDP_PORFVOL,Georgia,SEA,210000
2013,IS_RDP_PORFVOL,Georgia,SEA,226000
2014,IS_RDP_PORFVOL,Georgia,SEA,256000
2015,IS_RDP_PORFVOL,Georgia,SEA,222000
2016,IS_RDP_PORFVOL,Georgia,SEA,253500
2017,IS_RDP_PORFVOL,Georgia,SEA,285000
2018,IS_RDP_PORFVOL,Georgia,SEA,269250
2019,IS_RDP_PORFVOL,Georgia,SEA,277125
2020,IS_RDP_PORFVOL,Georgia,SEA,260498
2010,IS_RDP_PORFVOL,Germany,SEA,14674340
2011,IS_RDP_PORFVOL,Germany,SEA,18323981
2012,IS_RDP_PORFVOL,Germany,SEA,18449700
2010,IS_RDP_PORFVOL,Albania,SEA,30774
2011,IS_RDP_PORFVOL,Albania,SEA,36197
2012,IS_RDP_PORFVOL,Albania,SEA,40092
2013,IS_RDP_PORFVOL,Albania,SEA,41869
2014,IS_RDP_PORFVOL,Albania,SEA,32977
2015,IS_RDP_PORFVOL,Albania,SEA,55835
2016,IS_RDP_PORFVOL,Albania,SEA,52102
2017,IS_RDP_PORFVOL,Albania,SEA,74047
2018,IS_RDP_PORFVOL,Albania,SEA,24849
2019,IS_RDP_PORFVOL,Albania,SEA,36314
2020,IS_RDP_PORFVOL,Albania,SEA,59102
2010,IS_RDP_PORFVOL,Australia,SEA,6371630
2011,IS_RDP_PORFVOL,Australia,SEA,5946383
2012,IS_RDP_PORFVOL,Australia,SEA,7173783
2013,IS_RDP_PORFVOL,Australia,SEA,7249915
2014,IS_RDP_PORFVOL,Australia,SEA,7401051
2015,IS_RDP_PORFVOL,Australia,SEA,7621017
2016,IS_RDP_PORFVOL,Australia,SEA,7629490
2017,IS_RDP_PORFVOL,Australia,SEA,7995040
2018,IS_RDP_PORFVOL,Australia,SEA,8569337
2019,IS_RDP_PORFVOL,Australia,SEA,8798571
2020,IS_RDP_PORFVOL,Australia,SEA,8656995
2010,IS_RDP_PORFVOL,Belgium,SEA,11055745
2011,IS_RDP_PORFVOL,Belgium,SEA,10940000
2012,IS_RDP_PORFVOL,Belgium,SEA,10671192
2013,IS_RDP_PORFVOL,Belgium,SEA,10674200
2014,IS_RDP_PORFVOL,Belgium,SEA,11061400
2015,IS_RDP_PORFVOL,Belgium,SEA,11237600
2016,IS_RDP_PORFVOL,Belgium,SEA,11459909
2017,IS_RDP_PORFVOL,Belgium,SEA,11967553
2018,IS_RDP_PORFVOL,Belgium,SEA,12686187
2019,IS_RDP_PORFVOL,Belgium,SEA,13831469
2020,IS_RDP_PORFVOL,Belgium,SEA,14066604
2010,IS_RDP_PORFVOL,Bulgaria,SEA,166927
2011,IS_RDP_PORFVOL,Bulgaria,SEA,58325
2012,IS_RDP_PORFVOL,Bulgaria,SEA,92000
2013,IS_RDP_PORFVOL,Bulgaria,SEA,180935
2014,IS_RDP_PORFVOL,Bulgaria,SEA,195800
2015,IS_RDP_PORFVOL,Bulgaria,SEA,201000
2016,IS_RDP_PORFVOL,Bulgaria,SEA,201000
2017,IS_RDP_PORFVOL,Bulgaria,SEA,228500
2018,IS_RDP_PORFVOL,Bulgaria,SEA,241800
2019,IS_RDP_PORFVOL,Bulgaria,SEA,261900
2020,IS_RDP_PORFVOL,Bulgaria,SEA,252310
2010,IS_RDP_PORFVOL,Canada,SEA,4694496
2011,IS_RDP_PORFVOL,Canada,SEA,4755352
2012,IS_RDP_PORFVOL,Canada,SEA,5111777
2013,IS_RDP_PORFVOL,Canada,SEA,5241009
2014,IS_RDP_PORFVOL,Canada,SEA,5426175
2015,IS_RDP_PORFVOL,Canada,SEA,5793852
2016,IS_RDP_PORFVOL,Canada,SEA,5738484
2017,IS_RDP_PORFVOL,Canada,SEA,6377750
2018,IS_RDP_PORFVOL,Canada,SEA,6770381
2019,IS_RDP_PORFVOL,Canada,SEA,6901600
2020,IS_RDP_PORFVOL,Canada,SEA,6196600
2010,IS_RDP_PORFVOL,Chile,SEA,3167305
2011,IS_RDP_PORFVOL,Chile,SEA,3392436
2012,IS_RDP_PORFVOL,Chile,SEA,3514149
2013,IS_RDP_PORFVOL,Chile,SEA,3853580
2014,IS_RDP_PORFVOL,Chile,SEA,3951738
2015,IS_RDP_PORFVOL,Chile,SEA,3956842
2016,IS_RDP_PORFVOL,Chile,SEA,4170283
2017,IS_RDP_PORFVOL,Chile,SEA,4407772
2018,IS_RDP_PORFVOL,Chile,SEA,4661469
2019,IS_RDP_PORFVOL,Chile,SEA,4496578
2020,IS_RDP_PORFVOL,Chile,SEA,4192000
2010,IS_RDP_PORFVOL,China,SEA,131989200
2011,IS_RDP_PORFVOL,China,SEA,146441501
2012,IS_RDP_PORFVOL,China,SEA,159337100
2013,IS_RDP_PORFVOL,China,SEA,174393600
2014,IS_RDP_PORFVOL,China,SEA,185136300
2015,IS_RDP_PORFVOL,China,SEA,193734000
2016,IS_RDP_PORFVOL,China,SEA,197849000
2017,IS_RDP_PORFVOL,China,SEA,222155820
2018,IS_RDP_PORFVOL,China,SEA,233201600
2019,IS_RDP_PORFVOL,China,SEA,242030000
2020,IS_RDP_PORFVOL,China,SEA,245103781
2010,IS_RDP_PORFVOL,Colombia,SEA,2447727
2011,IS_RDP_PORFVOL,Colombia,SEA,2844798
2012,IS_RDP_PORFVOL,Colombia,SEA,3361028
2013,IS_RDP_PORFVOL,Colombia,SEA,3128901
2014,IS_RDP_PORFVOL,Colombia,SEA,3351458
2015,IS_RDP_PORFVOL,Colombia,SEA,3696592
2016,IS_RDP_PORFVOL,Colombia,SEA,3491220
2017,IS_RDP_PORFVOL,Colombia,SEA,3956466
2018,IS_RDP_PORFVOL,Colombia,SEA,4582712
2019,IS_RDP_PORFVOL,Colombia,SEA,4402574
2020,IS_RDP_PORFVOL,Colombia,SEA,4480900
2010,IS_RDP_PORFVOL,Costa Rica,SEA,1036214
2011,IS_RDP_PORFVOL,Costa Rica,SEA,1095441
2012,IS_RDP_PORFVOL,Costa Rica,SEA,1229529
2013,IS_RDP_PORFVOL,Costa Rica,SEA,1246829
2014,IS_RDP_PORFVOL,Costa Rica,SEA,1298600
2015,IS_RDP_PORFVOL,Costa Rica,SEA,1343841
2016,IS_RDP_PORFVOL,Costa Rica,SEA,1441756
2017,IS_RDP_PORFVOL,Costa Rica,SEA,1489210
2018,IS_RDP_PORFVOL,Costa Rica,SEA,1492791
2019,IS_RDP_PORFVOL,Costa Rica,SEA,1552590
2020,IS_RDP_PORFVOL,Costa Rica,SEA,1511600
2010,IS_RDP_PORFVOL,Croatia,SEA,121091
2011,IS_RDP_PORFVOL,Croatia,SEA,128400
2012,IS_RDP_PORFVOL,Croatia,SEA,128400
2013,IS_RDP_PORFVOL,Croatia,SEA,145400
2014,IS_RDP_PORFVOL,Croatia,SEA,211900
2015,IS_RDP_PORFVOL,Croatia,SEA,181800
2016,IS_RDP_PORFVOL,Croatia,SEA,181800
2017,IS_RDP_PORFVOL,Croatia,SEA,240030
2018,IS_RDP_PORFVOL,Croatia,SEA,264500
2019,IS_RDP_PORFVOL,Croatia,SEA,331300
2020,IS_RDP_PORFVOL,Croatia,SEA,347400
2013,IS_RDP_PORFVOL,Germany,SEA,18932700
2014,IS_RDP_PORFVOL,Germany,SEA,19866700
2015,IS_RDP_PORFVOL,Germany,SEA,19238700
2016,IS_RDP_PORFVOL,Germany,SEA,19420700
2017,IS_RDP_PORFVOL,Germany,SEA,19718533
2018,IS_RDP_PORFVOL,Germany,SEA,19706500
2019,IS_RDP_PORFVOL,Germany,SEA,19596415
2020,IS_RDP_PORFVOL,Germany,SEA,18028702
2010,IS_RDP_PORFVOL,Greece,SEA,1137000
2011,IS_RDP_PORFVOL,Greece,SEA,1976000
2012,IS_RDP_PORFVOL,Greece,SEA,3051900
2013,IS_RDP_PORFVOL,Greece,SEA,3486000
2014,IS_RDP_PORFVOL,Greece,SEA,3935200
2015,IS_RDP_PORFVOL,Greece,SEA,3679000
2016,IS_RDP_PORFVOL,Greece,SEA,4026000
2017,IS_RDP_PORFVOL,Greece,SEA,4546200
2018,IS_RDP_PORFVOL,Greece,SEA,5332000
2019,IS_RDP_PORFVOL,Greece,SEA,5992400
2020,IS_RDP_PORFVOL,Greece,SEA,5756000
2010,IS_RDP_PORFVOL,Iceland,SEA,193000
2011,IS_RDP_PORFVOL,Iceland,SEA,199850
2012,IS_RDP_PORFVOL,Iceland,SEA,220500
2013,IS_RDP_PORFVOL,Iceland,SEA,241900
2014,IS_RDP_PORFVOL,Iceland,SEA,261700
2015,IS_RDP_PORFVOL,Iceland,SEA,261700
2016,IS_RDP_PORFVOL,Iceland,SEA,261700
2017,IS_RDP_PORFVOL,Iceland,SEA,350348
2018,IS_RDP_PORFVOL,Iceland,SEA,352300
2019,IS_RDP_PORFVOL,Iceland,SEA,330292
2020,IS_RDP_PORFVOL,Iceland,SEA,297263
2010,IS_RDP_PORFVOL,India,SEA,8889576
2011,IS_RDP_PORFVOL,India,SEA,9893786
2012,IS_RDP_PORFVOL,India,SEA,10041000
2013,IS_RDP_PORFVOL,India,SEA,10632000
2014,IS_RDP_PORFVOL,India,SEA,11319000
2015,IS_RDP_PORFVOL,India,SEA,11883003
2016,IS_RDP_PORFVOL,India,SEA,12083010
2017,IS_RDP_PORFVOL,India,SEA,15429000
2018,IS_RDP_PORFVOL,India,SEA,16946200
2019,IS_RDP_PORFVOL,India,SEA,17053200
2020,IS_RDP_PORFVOL,India,SEA,16285806
2010,IS_RDP_PORFVOL,Ireland,SEA,817362
2011,IS_RDP_PORFVOL,Ireland,SEA,781000
2012,IS_RDP_PORFVOL,Ireland,SEA,733000
2013,IS_RDP_PORFVOL,Ireland,SEA,727000
2014,IS_RDP_PORFVOL,Ireland,SEA,793000
2015,IS_RDP_PORFVOL,Ireland,SEA,860000
2016,IS_RDP_PORFVOL,Ireland,SEA,910000
2017,IS_RDP_PORFVOL,Ireland,SEA,960300
2018,IS_RDP_PORFVOL,Ireland,SEA,999300
2019,IS_RDP_PORFVOL,Ireland,SEA,1045000
2020,IS_RDP_PORFVOL,Ireland,SEA,1041000
2010,IS_RDP_PORFVOL,Israel,SEA,2282000
2011,IS_RDP_PORFVOL,Israel,SEA,2413000
2012,IS_RDP_PORFVOL,Israel,SEA,2561000
2013,IS_RDP_PORFVOL,Israel,SEA,2539000
2014,IS_RDP_PORFVOL,Israel,SEA,2446000
2015,IS_RDP_PORFVOL,Israel,SEA,2522000
2016,IS_RDP_PORFVOL,Israel,SEA,2522000
2017,IS_RDP_PORFVOL,Israel,SEA,2868000
2018,IS_RDP_PORFVOL,Israel,SEA,2946000
2019,IS_RDP_PORFVOL,Israel,SEA,2917000
2020,IS_RDP_PORFVOL,Israel,SEA,2994000
2010,IS_RDP_PORFVOL,Italy,SEA,8021929
2011,IS_RDP_PORFVOL,Italy,SEA,8689878
2012,IS_RDP_PORFVOL,Italy,SEA,8550901
2013,IS_RDP_PORFVOL,Italy,SEA,9537962
2014,IS_RDP_PORFVOL,Italy,SEA,9683000
2015,IS_RDP_PORFVOL,Italy,SEA,9436316
2016,IS_RDP_PORFVOL,Italy,SEA,9774316
2017,IS_RDP_PORFVOL,Italy,SEA,9894845
2018,IS_RDP_PORFVOL,Italy,SEA,9922512
2019,IS_RDP_PORFVOL,Italy,SEA,10120001
2020,IS_RDP_PORFVOL,Italy,SEA,9800000
2010,IS_RDP_PORFVOL,Japan,SEA,18965865
2011,IS_RDP_PORFVOL,Japan,SEA,18114999
2012,IS_RDP_PORFVOL,Japan,SEA,19727200
2013,IS_RDP_PORFVOL,Japan,SEA,20522000
2014,IS_RDP_PORFVOL,Japan,SEA,20741500
2015,IS_RDP_PORFVOL,Japan,SEA,20138396
2016,IS_RDP_PORFVOL,Japan,SEA,20319000
2017,IS_RDP_PORFVOL,Japan,SEA,21962500
2018,IS_RDP_PORFVOL,Japan,SEA,22610460
2019,IS_RDP_PORFVOL,Japan,SEA,22276700
2020,IS_RDP_PORFVOL,Japan,SEA,21385632
2010,IS_RDP_PORFVOL,Republic of Korea,SEA,18520000
2011,IS_RDP_PORFVOL,Republic of Korea,SEA,20466000
2012,IS_RDP_PORFVOL,Republic of Korea,SEA,21516900
2013,IS_RDP_PORFVOL,Republic of Korea,SEA,23445000
2014,IS_RDP_PORFVOL,Republic of Korea,SEA,24814000
2015,IS_RDP_PORFVOL,Republic of Korea,SEA,25477000
2016,IS_RDP_PORFVOL,Republic of Korea,SEA,26373000
2017,IS_RDP_PORFVOL,Republic of Korea,SEA,27415800
2018,IS_RDP_PORFVOL,Republic of Korea,SEA,28867900
2019,IS_RDP_PORFVOL,Republic of Korea,SEA,28311770
2020,IS_RDP_PORFVOL,Republic of Korea,SEA,28425017
2010,IS_RDP_PORFVOL,Latvia,SEA,256000
2011,IS_RDP_PORFVOL,Latvia,SEA,306600
2012,IS_RDP_PORFVOL,Latvia,SEA,366260
2013,IS_RDP_PORFVOL,Latvia,SEA,385636
2014,IS_RDP_PORFVOL,Latvia,SEA,391200
2015,IS_RDP_PORFVOL,Latvia,SEA,359390
2016,IS_RDP_PORFVOL,Latvia,SEA,388433
2017,IS_RDP_PORFVOL,Latvia,SEA,449732
2018,IS_RDP_PORFVOL,Latvia,SEA,472532
2019,IS_RDP_PORFVOL,Latvia,SEA,472132
2020,IS_RDP_PORFVOL,Latvia,SEA,462000
2010,IS_RDP_PORFVOL,Lithuania,SEA,295000
2011,IS_RDP_PORFVOL,Lithuania,SEA,382200
2012,IS_RDP_PORFVOL,Lithuania,SEA,381300
2013,IS_RDP_PORFVOL,Lithuania,SEA,402500
2014,IS_RDP_PORFVOL,Lithuania,SEA,450400
2015,IS_RDP_PORFVOL,Lithuania,SEA,393000
2016,IS_RDP_PORFVOL,Lithuania,SEA,443300
2017,IS_RDP_PORFVOL,Lithuania,SEA,472000
2018,IS_RDP_PORFVOL,Lithuania,SEA,750000
2019,IS_RDP_PORFVOL,Lithuania,SEA,705000
2020,IS_RDP_PORFVOL,Lithuania,SEA,640000
2010,IS_RDP_PORFVOL,Malta,SEA,2450665
2011,IS_RDP_PORFVOL,Malta,SEA,2439936
2012,IS_RDP_PORFVOL,Malta,SEA,2618036
2013,IS_RDP_PORFVOL,Malta,SEA,2824736
2014,IS_RDP_PORFVOL,Malta,SEA,2949036
2015,IS_RDP_PORFVOL,Malta,SEA,3023900
2016,IS_RDP_PORFVOL,Malta,SEA,3140000
2017,IS_RDP_PORFVOL,Malta,SEA,3154500
2018,IS_RDP_PORFVOL,Malta,SEA,3314100
2019,IS_RDP_PORFVOL,Malta,SEA,2712800
2020,IS_RDP_PORFVOL,Malta,SEA,2440000
2010,IS_RDP_PORFVOL,Mexico,SEA,3697918
2011,IS_RDP_PORFVOL,Mexico,SEA,4215859
2012,IS_RDP_PORFVOL,Mexico,SEA,4796065
2013,IS_RDP_PORFVOL,Mexico,SEA,4865500
2014,IS_RDP_PORFVOL,Mexico,SEA,5040281
2015,IS_RDP_PORFVOL,Mexico,SEA,5506488
2016,IS_RDP_PORFVOL,Mexico,SEA,5680483
2017,IS_RDP_PORFVOL,Mexico,SEA,6375338
2018,IS_RDP_PORFVOL,Mexico,SEA,6987820
2019,IS_RDP_PORFVOL,Mexico,SEA,7028903
2020,IS_RDP_PORFVOL,Mexico,SEA,6385629
2012,IS_RDP_PORFVOL,Republic of Moldova,SEA,2359
2013,IS_RDP_PORFVOL,Republic of Moldova,SEA,1281
2014,IS_RDP_PORFVOL,Republic of Moldova,SEA,1281
2015,IS_RDP_PORFVOL,Republic of Moldova,SEA,2617
2016,IS_RDP_PORFVOL,Republic of Moldova,SEA,2617
2017,IS_RDP_PORFVOL,Republic of Moldova,SEA,2617
2018,IS_RDP_PORFVOL,Republic of Moldova,SEA,2617
2019,IS_RDP_PORFVOL,Republic of Moldova,SEA,2348
2020,IS_RDP_PORFVOL,Republic of Moldova,SEA,906
2010,IS_RDP_PORFVOL,Montenegro,SEA,24304
2011,IS_RDP_PORFVOL,Montenegro,SEA,27475
2012,IS_RDP_PORFVOL,Montenegro,SEA,44308
2013,IS_RDP_PORFVOL,Montenegro,SEA,31951
2014,IS_RDP_PORFVOL,Montenegro,SEA,41442
2015,IS_RDP_PORFVOL,Montenegro,SEA,45948
2016,IS_RDP_PORFVOL,Montenegro,SEA,47796
2017,IS_RDP_PORFVOL,Montenegro,SEA,57524
2018,IS_RDP_PORFVOL,Montenegro,SEA,23448
2019,IS_RDP_PORFVOL,Montenegro,SEA,26100
2020,IS_RDP_PORFVOL,Montenegro,SEA,59553
2010,IS_RDP_PORFVOL,Netherlands (Kingdom of the),SEA,11410060
2011,IS_RDP_PORFVOL,Netherlands (Kingdom of the),SEA,12035600
2012,IS_RDP_PORFVOL,Netherlands (Kingdom of the),SEA,12105136
2013,IS_RDP_PORFVOL,Netherlands (Kingdom of the),SEA,11803800
2014,IS_RDP_PORFVOL,Netherlands (Kingdom of the),SEA,12470000
2015,IS_RDP_PORFVOL,Netherlands (Kingdom of the),SEA,12407000
2016,IS_RDP_PORFVOL,Netherlands (Kingdom of the),SEA,12556000
2017,IS_RDP_PORFVOL,Netherlands (Kingdom of the),SEA,13911000
2018,IS_RDP_PORFVOL,Netherlands (Kingdom of the),SEA,14696000
2019,IS_RDP_PORFVOL,Netherlands (Kingdom of the),SEA,14986800
2020,IS_RDP_PORFVOL,Netherlands (Kingdom of the),SEA,14522209
2010,IS_RDP_PORFVOL,New Zealand,SEA,2330722
2011,IS_RDP_PORFVOL,New Zealand,SEA,2439005
2012,IS_RDP_PORFVOL,New Zealand,SEA,2649305
2013,IS_RDP_PORFVOL,New Zealand,SEA,2867000
2014,IS_RDP_PORFVOL,New Zealand,SEA,2942741
2015,IS_RDP_PORFVOL,New Zealand,SEA,3119000
2016,IS_RDP_PORFVOL,New Zealand,SEA,3161550
2017,IS_RDP_PORFVOL,New Zealand,SEA,3204100
2018,IS_RDP_PORFVOL,New Zealand,SEA,3327900
2019,IS_RDP_PORFVOL,New Zealand,SEA,3229200
2020,IS_RDP_PORFVOL,New Zealand,SEA,3174304
2010,IS_RDP_PORFVOL,Norway,SEA,531100
2011,IS_RDP_PORFVOL,Norway,SEA,561900
2012,IS_RDP_PORFVOL,Norway,SEA,626525
2013,IS_RDP_PORFVOL,Norway,SEA,682900
2014,IS_RDP_PORFVOL,Norway,SEA,735000
2015,IS_RDP_PORFVOL,Norway,SEA,786500
2016,IS_RDP_PORFVOL,Norway,SEA,739633
2017,IS_RDP_PORFVOL,Norway,SEA,763100
2018,IS_RDP_PORFVOL,Norway,SEA,800802
2019,IS_RDP_PORFVOL,Norway,SEA,811000
2020,IS_RDP_PORFVOL,Norway,SEA,808100
2010,IS_RDP_PORFVOL,Poland,SEA,1054000
2011,IS_RDP_PORFVOL,Poland,SEA,1357084
2012,IS_RDP_PORFVOL,Poland,SEA,1656900
2013,IS_RDP_PORFVOL,Poland,SEA,1969923
2014,IS_RDP_PORFVOL,Poland,SEA,2139454
2015,IS_RDP_PORFVOL,Poland,SEA,1860800
2016,IS_RDP_PORFVOL,Poland,SEA,2028577
2017,IS_RDP_PORFVOL,Poland,SEA,2385600
2018,IS_RDP_PORFVOL,Poland,SEA,2834400
2019,IS_RDP_PORFVOL,Poland,SEA,3045903
2020,IS_RDP_PORFVOL,Poland,SEA,2904684
2010,IS_RDP_PORFVOL,Portugal,SEA,1399648
2011,IS_RDP_PORFVOL,Portugal,SEA,1704024
2012,IS_RDP_PORFVOL,Portugal,SEA,1871200
2013,IS_RDP_PORFVOL,Portugal,SEA,2305700
2014,IS_RDP_PORFVOL,Portugal,SEA,2596300
2015,IS_RDP_PORFVOL,Portugal,SEA,2702500
2016,IS_RDP_PORFVOL,Portugal,SEA,2919300
2017,IS_RDP_PORFVOL,Portugal,SEA,3177500
2018,IS_RDP_PORFVOL,Portugal,SEA,3191600
2019,IS_RDP_PORFVOL,Portugal,SEA,2724700
2020,IS_RDP_PORFVOL,Portugal,SEA,2800800
2010,IS_RDP_PORFVOL,Romania,SEA,557000
2011,IS_RDP_PORFVOL,Romania,SEA,663000
2012,IS_RDP_PORFVOL,Romania,SEA,684000
2013,IS_RDP_PORFVOL,Romania,SEA,661000
2014,IS_RDP_PORFVOL,Romania,SEA,668000
2015,IS_RDP_PORFVOL,Romania,SEA,699000
2016,IS_RDP_PORFVOL,Romania,SEA,721339
2017,IS_RDP_PORFVOL,Romania,SEA,696400
2018,IS_RDP_PORFVOL,Romania,SEA,668000
2019,IS_RDP_PORFVOL,Romania,SEA,664695
2020,IS_RDP_PORFVOL,Romania,SEA,643725
2010,IS_RDP_PORFVOL,Viet Nam,SEA,5886249
2011,IS_RDP_PORFVOL,Viet Nam,SEA,6924430
2012,IS_RDP_PORFVOL,Viet Nam,SEA,7372468
2013,IS_RDP_PORFVOL,Viet Nam,SEA,8254299
2014,IS_RDP_PORFVOL,Viet Nam,SEA,8149626
2015,IS_RDP_PORFVOL,Viet Nam,SEA,8841833
2016,IS_RDP_PORFVOL,Viet Nam,SEA,8967705
2017,IS_RDP_PORFVOL,Viet Nam,SEA,9390935
2018,IS_RDP_PORFVOL,Viet Nam,SEA,9905940
2019,IS_RDP_PORFVOL,Viet Nam,SEA,10860269
2020,IS_RDP_PORFVOL,Viet Nam,SEA,12422588
2010,IS_RDP_PORFVOL,Slovenia,SEA,481500
2011,IS_RDP_PORFVOL,Slovenia,SEA,586813
2012,IS_RDP_PORFVOL,Slovenia,SEA,585392
2013,IS_RDP_PORFVOL,Slovenia,SEA,596430
2014,IS_RDP_PORFVOL,Slovenia,SEA,676381
2015,IS_RDP_PORFVOL,Slovenia,SEA,792700
2016,IS_RDP_PORFVOL,Slovenia,SEA,835700
2017,IS_RDP_PORFVOL,Slovenia,SEA,919700
2018,IS_RDP_PORFVOL,Slovenia,SEA,980200
2019,IS_RDP_PORFVOL,Slovenia,SEA,959000
2020,IS_RDP_PORFVOL,Slovenia,SEA,945000
2010,IS_RDP_PORFVOL,Spain,SEA,12549202
2011,IS_RDP_PORFVOL,Spain,SEA,13896018
2012,IS_RDP_PORFVOL,Spain,SEA,14017926
2013,IS_RDP_PORFVOL,Spain,SEA,13870494
2014,IS_RDP_PORFVOL,Spain,SEA,14186292
2015,IS_RDP_PORFVOL,Spain,SEA,14245394
2016,IS_RDP_PORFVOL,Spain,SEA,14941394
2017,IS_RDP_PORFVOL,Spain,SEA,15979051
2018,IS_RDP_PORFVOL,Spain,SEA,17154760
2019,IS_RDP_PORFVOL,Spain,SEA,17372962
2020,IS_RDP_PORFVOL,Spain,SEA,17372500
2010,IS_RDP_PORFVOL,Sweden,SEA,1405330
2011,IS_RDP_PORFVOL,Sweden,SEA,1512105
2012,IS_RDP_PORFVOL,Sweden,SEA,1500200
2013,IS_RDP_PORFVOL,Sweden,SEA,1443065
2014,IS_RDP_PORFVOL,Sweden,SEA,1464200
2015,IS_RDP_PORFVOL,Sweden,SEA,1457000
2016,IS_RDP_PORFVOL,Sweden,SEA,1522400
2017,IS_RDP_PORFVOL,Sweden,SEA,1554000
2018,IS_RDP_PORFVOL,Sweden,SEA,1595500
2019,IS_RDP_PORFVOL,Sweden,SEA,1630900
2020,IS_RDP_PORFVOL,Sweden,SEA,1598282
2010,IS_RDP_PORFVOL,Switzerland,SEA,99048
2011,IS_RDP_PORFVOL,Switzerland,SEA,93371
2012,IS_RDP_PORFVOL,Switzerland,SEA,102240
2013,IS_RDP_PORFVOL,Switzerland,SEA,104945
2014,IS_RDP_PORFVOL,Switzerland,SEA,104482
2015,IS_RDP_PORFVOL,Switzerland,SEA,102916
2016,IS_RDP_PORFVOL,Switzerland,SEA,114498
2017,IS_RDP_PORFVOL,Switzerland,SEA,119231
2018,IS_RDP_PORFVOL,Switzerland,SEA,119133
2019,IS_RDP_PORFVOL,Switzerland,SEA,121366
2020,IS_RDP_PORFVOL,Switzerland,SEA,114075
2010,IS_RDP_PORFVOL,United Arab Emirates,SEA,15177436
2011,IS_RDP_PORFVOL,United Arab Emirates,SEA,16866912
2012,IS_RDP_PORFVOL,United Arab Emirates,SEA,18120112
2013,IS_RDP_PORFVOL,United Arab Emirates,SEA,18693112
2014,IS_RDP_PORFVOL,United Arab Emirates,SEA,20223612
2015,IS_RDP_PORFVOL,United Arab Emirates,SEA,21233200
2016,IS_RDP_PORFVOL,United Arab Emirates,SEA,20413200
2017,IS_RDP_PORFVOL,United Arab Emirates,SEA,19128300
2018,IS_RDP_PORFVOL,United Arab Emirates,SEA,19054000
2019,IS_RDP_PORFVOL,United Arab Emirates,SEA,19171000
2020,IS_RDP_PORFVOL,United Arab Emirates,SEA,19297684
2010,IS_RDP_PORFVOL,Türkiye,SEA,5837078
2011,IS_RDP_PORFVOL,Türkiye,SEA,6591873
2012,IS_RDP_PORFVOL,Türkiye,SEA,7286685
2013,IS_RDP_PORFVOL,Türkiye,SEA,7972511
2014,IS_RDP_PORFVOL,Türkiye,SEA,8388355
2015,IS_RDP_PORFVOL,Türkiye,SEA,8182876
2016,IS_RDP_PORFVOL,Türkiye,SEA,8835597
2017,IS_RDP_PORFVOL,Türkiye,SEA,10140996
2018,IS_RDP_PORFVOL,Türkiye,SEA,10997949
2019,IS_RDP_PORFVOL,Türkiye,SEA,11529433
2020,IS_RDP_PORFVOL,Türkiye,SEA,11638524
2010,IS_RDP_PORFVOL,Ukraine,SEA,654000
2011,IS_RDP_PORFVOL,Ukraine,SEA,756000
2012,IS_RDP_PORFVOL,Ukraine,SEA,756000
2013,IS_RDP_PORFVOL,Ukraine,SEA,779000
2014,IS_RDP_PORFVOL,Ukraine,SEA,665000
2015,IS_RDP_PORFVOL,Ukraine,SEA,480000
2016,IS_RDP_PORFVOL,Ukraine,SEA,588000
2017,IS_RDP_PORFVOL,Ukraine,SEA,698500
2018,IS_RDP_PORFVOL,Ukraine,SEA,1178000
2019,IS_RDP_PORFVOL,Ukraine,SEA,1007400
2020,IS_RDP_PORFVOL,Ukraine,SEA,1035200
2010,IS_RDP_PORFVOL,United Kingdom of Great Britain and Northern Ireland,SEA,8222000
2011,IS_RDP_PORFVOL,United Kingdom of Great Britain and Northern Ireland,SEA,8141000
2012,IS_RDP_PORFVOL,United Kingdom of Great Britain and Northern Ireland,SEA,7980000
2013,IS_RDP_PORFVOL,United Kingdom of Great Britain and Northern Ireland,SEA,8244000
2010,IS_RDP_PORFVOL,Cyprus,SEA,344882
2011,IS_RDP_PORFVOL,Cyprus,SEA,360652
2012,IS_RDP_PORFVOL,Cyprus,SEA,360652
2013,IS_RDP_PORFVOL,Cyprus,SEA,277058
2014,IS_RDP_PORFVOL,Cyprus,SEA,308058
2015,IS_RDP_PORFVOL,Cyprus,SEA,308458
2016,IS_RDP_PORFVOL,Cyprus,SEA,308458
2017,IS_RDP_PORFVOL,Cyprus,SEA,393100
2018,IS_RDP_PORFVOL,Cyprus,SEA,416200
2014,IS_RDP_PORFVOL,United Kingdom of Great Britain and Northern Ireland,SEA,9511000
2015,IS_RDP_PORFVOL,United Kingdom of Great Britain and Northern Ireland,SEA,9772000
2016,IS_RDP_PORFVOL,United Kingdom of Great Britain and Northern Ireland,SEA,10200000
2017,IS_RDP_PORFVOL,United Kingdom of Great Britain and Northern Ireland,SEA,10240000
2018,IS_RDP_PORFVOL,United Kingdom of Great Britain and Northern Ireland,SEA,10313000
2019,IS_RDP_PORFVOL,United Kingdom of Great Britain and Northern Ireland,SEA,10222500
2020,IS_RDP_PORFVOL,United Kingdom of Great Britain and Northern Ireland,SEA,8692260
2020,IS_RDP_PORFVOL,United Kingdom of Great Britain and Northern Ireland,SEA,8692260
