Year,SeriesCode,Страна ,Activity,Value
2000,SL_TLF_MANF_19ICLS,Latvia,ISIC4_C,18.5
2001,SL_TLF_MANF_19ICLS,Latvia,ISIC4_C,17.12
2002,SL_TLF_MANF_19ICLS,Latvia,ISIC4_C,16.44
2003,SL_TLF_MANF_19ICLS,Latvia,ISIC4_C,16.62
2004,SL_TLF_MANF_19ICLS,Latvia,ISIC4_C,16.18
2005,SL_TLF_MANF_19ICLS,Latvia,ISIC4_C,15.21
2006,SL_TLF_MANF_19ICLS,Latvia,ISIC4_C,15.06
2007,SL_TLF_MANF_19ICLS,Latvia,ISIC4_C,14.35
2008,SL_TLF_MANF_19ICLS,Latvia,ISIC4_C,14.82
2009,SL_TLF_MANF_19ICLS,Latvia,ISIC4_C,13.2
2010,SL_TLF_MANF_19ICLS,Latvia,ISIC4_C,13.18
2011,SL_TLF_MANF_19ICLS,Latvia,ISIC4_C,13.28
2012,SL_TLF_MANF_19ICLS,Latvia,ISIC4_C,13.99
2013,SL_TLF_MANF_19ICLS,Latvia,ISIC4_C,14.06
2014,SL_TLF_MANF_19ICLS,Latvia,ISIC4_C,13.43
2015,SL_TLF_MANF_19ICLS,Latvia,ISIC4_C,12.98
2016,SL_TLF_MANF_19ICLS,Latvia,ISIC4_C,13.83
2017,SL_TLF_MANF_19ICLS,Latvia,ISIC4_C,13.17
2018,SL_TLF_MANF_19ICLS,Latvia,ISIC4_C,12.37
2019,SL_TLF_MANF_19ICLS,Latvia,ISIC4_C,13.15
2020,SL_TLF_MANF_19ICLS,Latvia,ISIC4_C,11.57
2021,SL_TLF_MANF_19ICLS,Latvia,ISIC4_C,13.39
2000,SL_TLF_MANF_19ICLS,Lithuania,ISIC4_C,18.21
2001,SL_TLF_MANF_19ICLS,Lithuania,ISIC4_C,18.08
2002,SL_TLF_MANF_19ICLS,Lithuania,ISIC4_C,17.82
2003,SL_TLF_MANF_19ICLS,Lithuania,ISIC4_C,18.0
2004,SL_TLF_MANF_19ICLS,Lithuania,ISIC4_C,17.87
2005,SL_TLF_MANF_19ICLS,Lithuania,ISIC4_C,17.99
2006,SL_TLF_MANF_19ICLS,Lithuania,ISIC4_C,17.67
2007,SL_TLF_MANF_19ICLS,Lithuania,ISIC4_C,17.46
2008,SL_TLF_MANF_19ICLS,Lithuania,ISIC4_C,17.07
2009,SL_TLF_MANF_19ICLS,Lithuania,ISIC4_C,15.84
2010,SL_TLF_MANF_19ICLS,Lithuania,ISIC4_C,15.37
2011,SL_TLF_MANF_19ICLS,Lithuania,ISIC4_C,15.55
2012,SL_TLF_MANF_19ICLS,Lithuania,ISIC4_C,15.7
2013,SL_TLF_MANF_19ICLS,Lithuania,ISIC4_C,15.43
2014,SL_TLF_MANF_19ICLS,Lithuania,ISIC4_C,15.06
2015,SL_TLF_MANF_19ICLS,Lithuania,ISIC4_C,15.19
2016,SL_TLF_MANF_19ICLS,Lithuania,ISIC4_C,15.44
2017,SL_TLF_MANF_19ICLS,Lithuania,ISIC4_C,15.41
2018,SL_TLF_MANF_19ICLS,Lithuania,ISIC4_C,15.98
2019,SL_TLF_MANF_19ICLS,Lithuania,ISIC4_C,15.88
2020,SL_TLF_MANF_19ICLS,Lithuania,ISIC4_C,15.81
2021,SL_TLF_MANF_19ICLS,Lithuania,ISIC4_C,16.55
2000,SL_TLF_MANF_19ICLS,Luxembourg,ISIC4_C,11.53
2001,SL_TLF_MANF_19ICLS,Luxembourg,ISIC4_C,11.18
2002,SL_TLF_MANF_19ICLS,Luxembourg,ISIC4_C,10.29
2003,SL_TLF_MANF_19ICLS,Luxembourg,ISIC4_C,9.86
2004,SL_TLF_MANF_19ICLS,Luxembourg,ISIC4_C,9.51
2005,SL_TLF_MANF_19ICLS,Luxembourg,ISIC4_C,8.73
2006,SL_TLF_MANF_19ICLS,Luxembourg,ISIC4_C,8.14
2007,SL_TLF_MANF_19ICLS,Luxembourg,ISIC4_C,7.85
2008,SL_TLF_MANF_19ICLS,Luxembourg,ISIC4_C,6.32
2009,SL_TLF_MANF_19ICLS,Luxembourg,ISIC4_C,6.37
2010,SL_TLF_MANF_19ICLS,Luxembourg,ISIC4_C,5.61
2011,SL_TLF_MANF_19ICLS,Luxembourg,ISIC4_C,5.91
2012,SL_TLF_MANF_19ICLS,Luxembourg,ISIC4_C,5.22
2013,SL_TLF_MANF_19ICLS,Luxembourg,ISIC4_C,4.83
2014,SL_TLF_MANF_19ICLS,Luxembourg,ISIC4_C,5.43
2015,SL_TLF_MANF_19ICLS,Luxembourg,ISIC4_C,4.34
2000,SL_TLF_MANF_19ICLS,Australia,ISIC4_C,12.09
2001,SL_TLF_MANF_19ICLS,Australia,ISIC4_C,11.58
2002,SL_TLF_MANF_19ICLS,Australia,ISIC4_C,11.52
2003,SL_TLF_MANF_19ICLS,Australia,ISIC4_C,11.02
2004,SL_TLF_MANF_19ICLS,Australia,ISIC4_C,10.92
2005,SL_TLF_MANF_19ICLS,Australia,ISIC4_C,10.37
2006,SL_TLF_MANF_19ICLS,Australia,ISIC4_C,10.01
2007,SL_TLF_MANF_19ICLS,Australia,ISIC4_C,9.87
2008,SL_TLF_MANF_19ICLS,Australia,ISIC4_C,10.51
2009,SL_TLF_MANF_19ICLS,Australia,ISIC4_C,9.26
2010,SL_TLF_MANF_19ICLS,Australia,ISIC4_C,9.22
2016,SL_TLF_MANF_19ICLS,Luxembourg,ISIC4_C,4.12
2017,SL_TLF_MANF_19ICLS,Luxembourg,ISIC4_C,3.42
2018,SL_TLF_MANF_19ICLS,Luxembourg,ISIC4_C,4.45
2019,SL_TLF_MANF_19ICLS,Luxembourg,ISIC4_C,3.46
2020,SL_TLF_MANF_19ICLS,Luxembourg,ISIC4_C,3.29
2021,SL_TLF_MANF_19ICLS,Luxembourg,ISIC4_C,3.21
2009,SL_TLF_MANF_19ICLS,Malta,ISIC4_C,14.76
2010,SL_TLF_MANF_19ICLS,Malta,ISIC4_C,15.13
2011,SL_TLF_MANF_19ICLS,Malta,ISIC4_C,15.21
2012,SL_TLF_MANF_19ICLS,Malta,ISIC4_C,13.39
2013,SL_TLF_MANF_19ICLS,Malta,ISIC4_C,12.85
2014,SL_TLF_MANF_19ICLS,Malta,ISIC4_C,12.78
2015,SL_TLF_MANF_19ICLS,Malta,ISIC4_C,12.38
2016,SL_TLF_MANF_19ICLS,Malta,ISIC4_C,11.96
2017,SL_TLF_MANF_19ICLS,Malta,ISIC4_C,11.82
2018,SL_TLF_MANF_19ICLS,Malta,ISIC4_C,11.33
2019,SL_TLF_MANF_19ICLS,Malta,ISIC4_C,11.06
2020,SL_TLF_MANF_19ICLS,Malta,ISIC4_C,11.07
2021,SL_TLF_MANF_19ICLS,Malta,ISIC4_C,10.48
2006,SL_TLF_MANF_19ICLS,Republic of Moldova,ISIC4_C,12.19
2007,SL_TLF_MANF_19ICLS,Republic of Moldova,ISIC4_C,11.69
2008,SL_TLF_MANF_19ICLS,Republic of Moldova,ISIC4_C,12.06
2009,SL_TLF_MANF_19ICLS,Republic of Moldova,ISIC4_C,11.91
2010,SL_TLF_MANF_19ICLS,Republic of Moldova,ISIC4_C,11.63
2011,SL_TLF_MANF_19ICLS,Republic of Moldova,ISIC4_C,12.02
2012,SL_TLF_MANF_19ICLS,Republic of Moldova,ISIC4_C,11.75
2013,SL_TLF_MANF_19ICLS,Republic of Moldova,ISIC4_C,10.93
2014,SL_TLF_MANF_19ICLS,Republic of Moldova,ISIC4_C,10.95
2015,SL_TLF_MANF_19ICLS,Republic of Moldova,ISIC4_C,11.17
2016,SL_TLF_MANF_19ICLS,Republic of Moldova,ISIC4_C,11.33
2017,SL_TLF_MANF_19ICLS,Republic of Moldova,ISIC4_C,10.74
2018,SL_TLF_MANF_19ICLS,Republic of Moldova,ISIC4_C,11.22
2019,SL_TLF_MANF_19ICLS,Republic of Moldova,ISIC4_C,12.1
2020,SL_TLF_MANF_19ICLS,Republic of Moldova,ISIC4_C,11.77
2021,SL_TLF_MANF_19ICLS,Republic of Moldova,ISIC4_C,11.91
2000,SL_TLF_MANF_19ICLS,Netherlands (Kingdom of the),ISIC4_C,13.93
2001,SL_TLF_MANF_19ICLS,Netherlands (Kingdom of the),ISIC4_C,13.61
2002,SL_TLF_MANF_19ICLS,Netherlands (Kingdom of the),ISIC4_C,12.61
2003,SL_TLF_MANF_19ICLS,Netherlands (Kingdom of the),ISIC4_C,12.99
2004,SL_TLF_MANF_19ICLS,Netherlands (Kingdom of the),ISIC4_C,12.92
2005,SL_TLF_MANF_19ICLS,Netherlands (Kingdom of the),ISIC4_C,13.23
2006,SL_TLF_MANF_19ICLS,Netherlands (Kingdom of the),ISIC4_C,12.79
2007,SL_TLF_MANF_19ICLS,Netherlands (Kingdom of the),ISIC4_C,12.22
2008,SL_TLF_MANF_19ICLS,Netherlands (Kingdom of the),ISIC4_C,10.75
2009,SL_TLF_MANF_19ICLS,Netherlands (Kingdom of the),ISIC4_C,9.99
2010,SL_TLF_MANF_19ICLS,Netherlands (Kingdom of the),ISIC4_C,9.52
2011,SL_TLF_MANF_19ICLS,Netherlands (Kingdom of the),ISIC4_C,9.1
2012,SL_TLF_MANF_19ICLS,Netherlands (Kingdom of the),ISIC4_C,9.36
2013,SL_TLF_MANF_19ICLS,Netherlands (Kingdom of the),ISIC4_C,9.45
2014,SL_TLF_MANF_19ICLS,Netherlands (Kingdom of the),ISIC4_C,9.18
2015,SL_TLF_MANF_19ICLS,Netherlands (Kingdom of the),ISIC4_C,9.51
2016,SL_TLF_MANF_19ICLS,Netherlands (Kingdom of the),ISIC4_C,9.29
2017,SL_TLF_MANF_19ICLS,Netherlands (Kingdom of the),ISIC4_C,9.48
2018,SL_TLF_MANF_19ICLS,Netherlands (Kingdom of the),ISIC4_C,9.32
2019,SL_TLF_MANF_19ICLS,Netherlands (Kingdom of the),ISIC4_C,8.99
2020,SL_TLF_MANF_19ICLS,Netherlands (Kingdom of the),ISIC4_C,8.98
2021,SL_TLF_MANF_19ICLS,Netherlands (Kingdom of the),ISIC4_C,8.43
2000,SL_TLF_MANF_19ICLS,New Zealand,ISIC4_C,15.83
2001,SL_TLF_MANF_19ICLS,New Zealand,ISIC4_C,15.93
2002,SL_TLF_MANF_19ICLS,New Zealand,ISIC4_C,15.58
2003,SL_TLF_MANF_19ICLS,New Zealand,ISIC4_C,14.57
2004,SL_TLF_MANF_19ICLS,New Zealand,ISIC4_C,14.58
2005,SL_TLF_MANF_19ICLS,New Zealand,ISIC4_C,13.77
2006,SL_TLF_MANF_19ICLS,New Zealand,ISIC4_C,13.16
2007,SL_TLF_MANF_19ICLS,New Zealand,ISIC4_C,12.83
2008,SL_TLF_MANF_19ICLS,New Zealand,ISIC4_C,12.71
2009,SL_TLF_MANF_19ICLS,New Zealand,ISIC4_C,11.75
2010,SL_TLF_MANF_19ICLS,New Zealand,ISIC4_C,11.57
2011,SL_TLF_MANF_19ICLS,New Zealand,ISIC4_C,11.48
2012,SL_TLF_MANF_19ICLS,New Zealand,ISIC4_C,11.39
2013,SL_TLF_MANF_19ICLS,New Zealand,ISIC4_C,11.25
2014,SL_TLF_MANF_19ICLS,New Zealand,ISIC4_C,10.9
2015,SL_TLF_MANF_19ICLS,New Zealand,ISIC4_C,11.19
2016,SL_TLF_MANF_19ICLS,New Zealand,ISIC4_C,9.91
2017,SL_TLF_MANF_19ICLS,New Zealand,ISIC4_C,9.91
2018,SL_TLF_MANF_19ICLS,New Zealand,ISIC4_C,9.58
2019,SL_TLF_MANF_19ICLS,New Zealand,ISIC4_C,9.13
2020,SL_TLF_MANF_19ICLS,New Zealand,ISIC4_C,9.23
2021,SL_TLF_MANF_19ICLS,New Zealand,ISIC4_C,8.74
2000,SL_TLF_MANF_19ICLS,Norway,ISIC4_C,13.01
2001,SL_TLF_MANF_19ICLS,Norway,ISIC4_C,12.64
2002,SL_TLF_MANF_19ICLS,Norway,ISIC4_C,12.68
2003,SL_TLF_MANF_19ICLS,Norway,ISIC4_C,12.47
2004,SL_TLF_MANF_19ICLS,Norway,ISIC4_C,11.55
2005,SL_TLF_MANF_19ICLS,Norway,ISIC4_C,11.6
2006,SL_TLF_MANF_19ICLS,Norway,ISIC4_C,11.7
2007,SL_TLF_MANF_19ICLS,Norway,ISIC4_C,11.52
2008,SL_TLF_MANF_19ICLS,Norway,ISIC4_C,10.34
2009,SL_TLF_MANF_19ICLS,Norway,ISIC4_C,10.09
2010,SL_TLF_MANF_19ICLS,Norway,ISIC4_C,9.66
2011,SL_TLF_MANF_19ICLS,Norway,ISIC4_C,9.37
2012,SL_TLF_MANF_19ICLS,Norway,ISIC4_C,9.37
2013,SL_TLF_MANF_19ICLS,Norway,ISIC4_C,8.51
2014,SL_TLF_MANF_19ICLS,Norway,ISIC4_C,9.12
2015,SL_TLF_MANF_19ICLS,Norway,ISIC4_C,8.52
2016,SL_TLF_MANF_19ICLS,Norway,ISIC4_C,7.98
2017,SL_TLF_MANF_19ICLS,Norway,ISIC4_C,8.26
2018,SL_TLF_MANF_19ICLS,Norway,ISIC4_C,7.61
2019,SL_TLF_MANF_19ICLS,Norway,ISIC4_C,7.67
2020,SL_TLF_MANF_19ICLS,Norway,ISIC4_C,7.63
2021,SL_TLF_MANF_19ICLS,Norway,ISIC4_C,7.11
2000,SL_TLF_MANF_19ICLS,Poland,ISIC4_C,19.77
2001,SL_TLF_MANF_19ICLS,Poland,ISIC4_C,20.16
2002,SL_TLF_MANF_19ICLS,Poland,ISIC4_C,18.85
2003,SL_TLF_MANF_19ICLS,Poland,ISIC4_C,19.22
2004,SL_TLF_MANF_19ICLS,Poland,ISIC4_C,20.34
2005,SL_TLF_MANF_19ICLS,Poland,ISIC4_C,20.06
2006,SL_TLF_MANF_19ICLS,Poland,ISIC4_C,20.48
2011,SL_TLF_MANF_19ICLS,Australia,ISIC4_C,9.01
2012,SL_TLF_MANF_19ICLS,Australia,ISIC4_C,8.85
2013,SL_TLF_MANF_19ICLS,Australia,ISIC4_C,8.42
2014,SL_TLF_MANF_19ICLS,Australia,ISIC4_C,8.41
2015,SL_TLF_MANF_19ICLS,Australia,ISIC4_C,7.85
2016,SL_TLF_MANF_19ICLS,Australia,ISIC4_C,7.86
2017,SL_TLF_MANF_19ICLS,Australia,ISIC4_C,8.05
2018,SL_TLF_MANF_19ICLS,Australia,ISIC4_C,7.88
2019,SL_TLF_MANF_19ICLS,Australia,ISIC4_C,7.43
2020,SL_TLF_MANF_19ICLS,Australia,ISIC4_C,7.31
2021,SL_TLF_MANF_19ICLS,Australia,ISIC4_C,6.9
2000,SL_TLF_MANF_19ICLS,Austria,ISIC4_C,20.57
2001,SL_TLF_MANF_19ICLS,Austria,ISIC4_C,19.93
2002,SL_TLF_MANF_19ICLS,Austria,ISIC4_C,19.51
2003,SL_TLF_MANF_19ICLS,Austria,ISIC4_C,19.41
2004,SL_TLF_MANF_19ICLS,Austria,ISIC4_C,18.58
2005,SL_TLF_MANF_19ICLS,Austria,ISIC4_C,18.33
2006,SL_TLF_MANF_19ICLS,Austria,ISIC4_C,18.89
2007,SL_TLF_MANF_19ICLS,Austria,ISIC4_C,18.18
2008,SL_TLF_MANF_19ICLS,Austria,ISIC4_C,17.01
2009,SL_TLF_MANF_19ICLS,Austria,ISIC4_C,16.14
2010,SL_TLF_MANF_19ICLS,Austria,ISIC4_C,16.4
2011,SL_TLF_MANF_19ICLS,Austria,ISIC4_C,15.83
2012,SL_TLF_MANF_19ICLS,Austria,ISIC4_C,15.78
2013,SL_TLF_MANF_19ICLS,Austria,ISIC4_C,15.65
2014,SL_TLF_MANF_19ICLS,Austria,ISIC4_C,15.63
2015,SL_TLF_MANF_19ICLS,Austria,ISIC4_C,15.97
2016,SL_TLF_MANF_19ICLS,Austria,ISIC4_C,15.94
2017,SL_TLF_MANF_19ICLS,Austria,ISIC4_C,15.62
2018,SL_TLF_MANF_19ICLS,Austria,ISIC4_C,16.17
2019,SL_TLF_MANF_19ICLS,Austria,ISIC4_C,15.91
2020,SL_TLF_MANF_19ICLS,Austria,ISIC4_C,15.6
2021,SL_TLF_MANF_19ICLS,Austria,ISIC4_C,16.63
2018,SL_TLF_MANF_19ICLS,Armenia,ISIC4_C,9.94
2019,SL_TLF_MANF_19ICLS,Armenia,ISIC4_C,10.56
2020,SL_TLF_MANF_19ICLS,Armenia,ISIC4_C,10.05
2000,SL_TLF_MANF_19ICLS,Belgium,ISIC4_C,18.75
2001,SL_TLF_MANF_19ICLS,Belgium,ISIC4_C,18.32
2002,SL_TLF_MANF_19ICLS,Belgium,ISIC4_C,18.3
2003,SL_TLF_MANF_19ICLS,Belgium,ISIC4_C,17.76
2004,SL_TLF_MANF_19ICLS,Belgium,ISIC4_C,17.45
2005,SL_TLF_MANF_19ICLS,Belgium,ISIC4_C,17.17
2006,SL_TLF_MANF_19ICLS,Belgium,ISIC4_C,16.77
2007,SL_TLF_MANF_19ICLS,Belgium,ISIC4_C,16.54
2008,SL_TLF_MANF_19ICLS,Belgium,ISIC4_C,15.98
2009,SL_TLF_MANF_19ICLS,Belgium,ISIC4_C,14.84
2010,SL_TLF_MANF_19ICLS,Belgium,ISIC4_C,14.55
2011,SL_TLF_MANF_19ICLS,Belgium,ISIC4_C,14.22
2012,SL_TLF_MANF_19ICLS,Belgium,ISIC4_C,13.15
2013,SL_TLF_MANF_19ICLS,Belgium,ISIC4_C,13.0
2014,SL_TLF_MANF_19ICLS,Belgium,ISIC4_C,12.8
2015,SL_TLF_MANF_19ICLS,Belgium,ISIC4_C,12.95
2016,SL_TLF_MANF_19ICLS,Belgium,ISIC4_C,12.44
2017,SL_TLF_MANF_19ICLS,Belgium,ISIC4_C,12.65
2018,SL_TLF_MANF_19ICLS,Belgium,ISIC4_C,12.35
2019,SL_TLF_MANF_19ICLS,Belgium,ISIC4_C,12.06
2020,SL_TLF_MANF_19ICLS,Belgium,ISIC4_C,12.47
2021,SL_TLF_MANF_19ICLS,Belgium,ISIC4_C,11.31
2021,SL_TLF_MANF_19ICLS,Bosnia and Herzegovina,ISIC4_C,18.99
2000,SL_TLF_MANF_19ICLS,Bulgaria,ISIC4_C,23.42
2001,SL_TLF_MANF_19ICLS,Bulgaria,ISIC4_C,24.06
2002,SL_TLF_MANF_19ICLS,Bulgaria,ISIC4_C,23.81
2003,SL_TLF_MANF_19ICLS,Bulgaria,ISIC4_C,23.34
2004,SL_TLF_MANF_19ICLS,Bulgaria,ISIC4_C,23.87
2005,SL_TLF_MANF_19ICLS,Bulgaria,ISIC4_C,24.45
2006,SL_TLF_MANF_19ICLS,Bulgaria,ISIC4_C,23.96
2007,SL_TLF_MANF_19ICLS,Bulgaria,ISIC4_C,23.56
2008,SL_TLF_MANF_19ICLS,Bulgaria,ISIC4_C,23.16
2009,SL_TLF_MANF_19ICLS,Bulgaria,ISIC4_C,22.19
2010,SL_TLF_MANF_19ICLS,Bulgaria,ISIC4_C,20.96
2011,SL_TLF_MANF_19ICLS,Bulgaria,ISIC4_C,19.49
2012,SL_TLF_MANF_19ICLS,Bulgaria,ISIC4_C,20.83
2013,SL_TLF_MANF_19ICLS,Bulgaria,ISIC4_C,19.76
2014,SL_TLF_MANF_19ICLS,Bulgaria,ISIC4_C,19.23
2015,SL_TLF_MANF_19ICLS,Bulgaria,ISIC4_C,19.86
2016,SL_TLF_MANF_19ICLS,Bulgaria,ISIC4_C,19.99
2017,SL_TLF_MANF_19ICLS,Bulgaria,ISIC4_C,18.65
2018,SL_TLF_MANF_19ICLS,Bulgaria,ISIC4_C,19.02
2019,SL_TLF_MANF_19ICLS,Bulgaria,ISIC4_C,18.56
2020,SL_TLF_MANF_19ICLS,Bulgaria,ISIC4_C,18.57
2021,SL_TLF_MANF_19ICLS,Bulgaria,ISIC4_C,18.31
2000,SL_TLF_MANF_19ICLS,Canada,ISIC4_C,15.19
2001,SL_TLF_MANF_19ICLS,Canada,ISIC4_C,14.88
2002,SL_TLF_MANF_19ICLS,Canada,ISIC4_C,14.97
2003,SL_TLF_MANF_19ICLS,Canada,ISIC4_C,14.54
2004,SL_TLF_MANF_19ICLS,Canada,ISIC4_C,14.43
2005,SL_TLF_MANF_19ICLS,Canada,ISIC4_C,13.67
2006,SL_TLF_MANF_19ICLS,Canada,ISIC4_C,12.82
2007,SL_TLF_MANF_19ICLS,Canada,ISIC4_C,12.08
2008,SL_TLF_MANF_19ICLS,Canada,ISIC4_C,11.33
2009,SL_TLF_MANF_19ICLS,Canada,ISIC4_C,10.43
2010,SL_TLF_MANF_19ICLS,Canada,ISIC4_C,10.08
2011,SL_TLF_MANF_19ICLS,Canada,ISIC4_C,10.0
2012,SL_TLF_MANF_19ICLS,Canada,ISIC4_C,10.02
2013,SL_TLF_MANF_19ICLS,Canada,ISIC4_C,9.74
2014,SL_TLF_MANF_19ICLS,Canada,ISIC4_C,9.61
2015,SL_TLF_MANF_19ICLS,Canada,ISIC4_C,9.54
2016,SL_TLF_MANF_19ICLS,Canada,ISIC4_C,9.37
2017,SL_TLF_MANF_19ICLS,Canada,ISIC4_C,9.36
2018,SL_TLF_MANF_19ICLS,Canada,ISIC4_C,9.26
2019,SL_TLF_MANF_19ICLS,Canada,ISIC4_C,9.09
2020,SL_TLF_MANF_19ICLS,Canada,ISIC4_C,9.18
2021,SL_TLF_MANF_19ICLS,Canada,ISIC4_C,9.19
2022,SL_TLF_MANF_19ICLS,Canada,ISIC4_C,8.93
2000,SL_TLF_MANF_19ICLS,Chile,ISIC4_C,13.95
2001,SL_TLF_MANF_19ICLS,Chile,ISIC4_C,14.27
2002,SL_TLF_MANF_19ICLS,Chile,ISIC4_C,14.11
2003,SL_TLF_MANF_19ICLS,Chile,ISIC4_C,13.29
2006,SL_TLF_MANF_19ICLS,Chile,ISIC4_C,13.51
2009,SL_TLF_MANF_19ICLS,Chile,ISIC4_C,10.29
2010,SL_TLF_MANF_19ICLS,Chile,ISIC4_C,11.26
2011,SL_TLF_MANF_19ICLS,Chile,ISIC4_C,11.49
2012,SL_TLF_MANF_19ICLS,Chile,ISIC4_C,11.56
2013,SL_TLF_MANF_19ICLS,Chile,ISIC4_C,11.38
2014,SL_TLF_MANF_19ICLS,Chile,ISIC4_C,11.31
2015,SL_TLF_MANF_19ICLS,Chile,ISIC4_C,11.16
2016,SL_TLF_MANF_19ICLS,Chile,ISIC4_C,10.86
2017,SL_TLF_MANF_19ICLS,Chile,ISIC4_C,10.77
2018,SL_TLF_MANF_19ICLS,Chile,ISIC4_C,10.35
2019,SL_TLF_MANF_19ICLS,Chile,ISIC4_C,9.86
2020,SL_TLF_MANF_19ICLS,Chile,ISIC4_C,10.08
2021,SL_TLF_MANF_19ICLS,Chile,ISIC4_C,9.96
2011,SL_TLF_MANF_19ICLS,Costa Rica,ISIC4_C,10.85
2012,SL_TLF_MANF_19ICLS,Costa Rica,ISIC4_C,9.74
2013,SL_TLF_MANF_19ICLS,Costa Rica,ISIC4_C,8.76
2014,SL_TLF_MANF_19ICLS,Costa Rica,ISIC4_C,9.06
2015,SL_TLF_MANF_19ICLS,Costa Rica,ISIC4_C,10.58
2016,SL_TLF_MANF_19ICLS,Costa Rica,ISIC4_C,9.99
2017,SL_TLF_MANF_19ICLS,Costa Rica,ISIC4_C,10.14
2018,SL_TLF_MANF_19ICLS,Costa Rica,ISIC4_C,11.03
2019,SL_TLF_MANF_19ICLS,Costa Rica,ISIC4_C,10.45
2020,SL_TLF_MANF_19ICLS,Costa Rica,ISIC4_C,10.6
2021,SL_TLF_MANF_19ICLS,Costa Rica,ISIC4_C,10.45
2001,SL_TLF_MANF_19ICLS,Croatia,ISIC4_C,18.47
2002,SL_TLF_MANF_19ICLS,Croatia,ISIC4_C,20.45
2003,SL_TLF_MANF_19ICLS,Croatia,ISIC4_C,19.72
2004,SL_TLF_MANF_19ICLS,Croatia,ISIC4_C,19.21
2005,SL_TLF_MANF_19ICLS,Croatia,ISIC4_C,18.06
2006,SL_TLF_MANF_19ICLS,Croatia,ISIC4_C,19.04
2007,SL_TLF_MANF_19ICLS,Croatia,ISIC4_C,19.15
2008,SL_TLF_MANF_19ICLS,Croatia,ISIC4_C,18.62
2009,SL_TLF_MANF_19ICLS,Croatia,ISIC4_C,17.38
2010,SL_TLF_MANF_19ICLS,Croatia,ISIC4_C,16.62
2011,SL_TLF_MANF_19ICLS,Croatia,ISIC4_C,17.25
2012,SL_TLF_MANF_19ICLS,Croatia,ISIC4_C,17.49
2013,SL_TLF_MANF_19ICLS,Croatia,ISIC4_C,17.15
2014,SL_TLF_MANF_19ICLS,Croatia,ISIC4_C,17.15
2015,SL_TLF_MANF_19ICLS,Croatia,ISIC4_C,16.63
2016,SL_TLF_MANF_19ICLS,Croatia,ISIC4_C,17.03
2017,SL_TLF_MANF_19ICLS,Croatia,ISIC4_C,17.0
2018,SL_TLF_MANF_19ICLS,Croatia,ISIC4_C,17.28
2019,SL_TLF_MANF_19ICLS,Croatia,ISIC4_C,17.81
2020,SL_TLF_MANF_19ICLS,Croatia,ISIC4_C,17.7
2021,SL_TLF_MANF_19ICLS,Croatia,ISIC4_C,17.73
2000,SL_TLF_MANF_19ICLS,Cyprus,ISIC4_C,12.79
2001,SL_TLF_MANF_19ICLS,Cyprus,ISIC4_C,12.75
2002,SL_TLF_MANF_19ICLS,Cyprus,ISIC4_C,12.22
2003,SL_TLF_MANF_19ICLS,Cyprus,ISIC4_C,10.97
2004,SL_TLF_MANF_19ICLS,Cyprus,ISIC4_C,11.11
2005,SL_TLF_MANF_19ICLS,Cyprus,ISIC4_C,11.5
2006,SL_TLF_MANF_19ICLS,Cyprus,ISIC4_C,10.43
2007,SL_TLF_MANF_19ICLS,Cyprus,ISIC4_C,9.84
2008,SL_TLF_MANF_19ICLS,Cyprus,ISIC4_C,9.67
2009,SL_TLF_MANF_19ICLS,Cyprus,ISIC4_C,9.06
2010,SL_TLF_MANF_19ICLS,Cyprus,ISIC4_C,8.32
2011,SL_TLF_MANF_19ICLS,Cyprus,ISIC4_C,7.79
2012,SL_TLF_MANF_19ICLS,Cyprus,ISIC4_C,7.48
2013,SL_TLF_MANF_19ICLS,Cyprus,ISIC4_C,7.51
2014,SL_TLF_MANF_19ICLS,Cyprus,ISIC4_C,8.17
2015,SL_TLF_MANF_19ICLS,Cyprus,ISIC4_C,7.79
2016,SL_TLF_MANF_19ICLS,Cyprus,ISIC4_C,7.17
2017,SL_TLF_MANF_19ICLS,Cyprus,ISIC4_C,7.16
2018,SL_TLF_MANF_19ICLS,Cyprus,ISIC4_C,6.88
2019,SL_TLF_MANF_19ICLS,Cyprus,ISIC4_C,7.27
2020,SL_TLF_MANF_19ICLS,Cyprus,ISIC4_C,7.6
2021,SL_TLF_MANF_19ICLS,Cyprus,ISIC4_C,7.17
2007,SL_TLF_MANF_19ICLS,Poland,ISIC4_C,20.75
2008,SL_TLF_MANF_19ICLS,Poland,ISIC4_C,20.43
2009,SL_TLF_MANF_19ICLS,Poland,ISIC4_C,19.28
2010,SL_TLF_MANF_19ICLS,Poland,ISIC4_C,18.59
2011,SL_TLF_MANF_19ICLS,Poland,ISIC4_C,18.76
2012,SL_TLF_MANF_19ICLS,Poland,ISIC4_C,18.64
2013,SL_TLF_MANF_19ICLS,Poland,ISIC4_C,19.07
2014,SL_TLF_MANF_19ICLS,Poland,ISIC4_C,19.14
2015,SL_TLF_MANF_19ICLS,Poland,ISIC4_C,19.32
2016,SL_TLF_MANF_19ICLS,Poland,ISIC4_C,20.24
2017,SL_TLF_MANF_19ICLS,Poland,ISIC4_C,20.82
2018,SL_TLF_MANF_19ICLS,Poland,ISIC4_C,21.01
2019,SL_TLF_MANF_19ICLS,Poland,ISIC4_C,20.61
2020,SL_TLF_MANF_19ICLS,Poland,ISIC4_C,19.9
2021,SL_TLF_MANF_19ICLS,Poland,ISIC4_C,19.4
2000,SL_TLF_MANF_19ICLS,Portugal,ISIC4_C,21.68
2001,SL_TLF_MANF_19ICLS,Portugal,ISIC4_C,21.35
2002,SL_TLF_MANF_19ICLS,Portugal,ISIC4_C,20.42
2003,SL_TLF_MANF_19ICLS,Portugal,ISIC4_C,20.04
2004,SL_TLF_MANF_19ICLS,Portugal,ISIC4_C,19.48
2008,SL_TLF_MANF_19ICLS,Czechia,ISIC4_C,27.56
2009,SL_TLF_MANF_19ICLS,Czechia,ISIC4_C,25.18
2010,SL_TLF_MANF_19ICLS,Czechia,ISIC4_C,25.3
2011,SL_TLF_MANF_19ICLS,Czechia,ISIC4_C,26.43
2012,SL_TLF_MANF_19ICLS,Czechia,ISIC4_C,26.57
2013,SL_TLF_MANF_19ICLS,Czechia,ISIC4_C,26.03
2014,SL_TLF_MANF_19ICLS,Czechia,ISIC4_C,26.73
2015,SL_TLF_MANF_19ICLS,Czechia,ISIC4_C,27.31
2016,SL_TLF_MANF_19ICLS,Czechia,ISIC4_C,27.8
2017,SL_TLF_MANF_19ICLS,Czechia,ISIC4_C,27.86
2018,SL_TLF_MANF_19ICLS,Czechia,ISIC4_C,27.55
2019,SL_TLF_MANF_19ICLS,Czechia,ISIC4_C,27.44
2020,SL_TLF_MANF_19ICLS,Czechia,ISIC4_C,26.72
2021,SL_TLF_MANF_19ICLS,Czechia,ISIC4_C,26.03
2000,SL_TLF_MANF_19ICLS,Denmark,ISIC4_C,18.02
2001,SL_TLF_MANF_19ICLS,Denmark,ISIC4_C,18.12
2002,SL_TLF_MANF_19ICLS,Denmark,ISIC4_C,16.21
2003,SL_TLF_MANF_19ICLS,Denmark,ISIC4_C,15.72
2004,SL_TLF_MANF_19ICLS,Denmark,ISIC4_C,15.83
2005,SL_TLF_MANF_19ICLS,Denmark,ISIC4_C,16.14
2005,SL_TLF_MANF_19ICLS,Portugal,ISIC4_C,18.81
2006,SL_TLF_MANF_19ICLS,Portugal,ISIC4_C,18.88
2007,SL_TLF_MANF_19ICLS,Portugal,ISIC4_C,18.31
2008,SL_TLF_MANF_19ICLS,Portugal,ISIC4_C,17.0
2009,SL_TLF_MANF_19ICLS,Portugal,ISIC4_C,16.6
2010,SL_TLF_MANF_19ICLS,Portugal,ISIC4_C,16.37
2011,SL_TLF_MANF_19ICLS,Portugal,ISIC4_C,16.52
2012,SL_TLF_MANF_19ICLS,Portugal,ISIC4_C,16.29
2013,SL_TLF_MANF_19ICLS,Portugal,ISIC4_C,15.92
2014,SL_TLF_MANF_19ICLS,Portugal,ISIC4_C,16.42
2006,SL_TLF_MANF_19ICLS,Denmark,ISIC4_C,15.28
2007,SL_TLF_MANF_19ICLS,Denmark,ISIC4_C,15.68
2008,SL_TLF_MANF_19ICLS,Denmark,ISIC4_C,14.76
2009,SL_TLF_MANF_19ICLS,Denmark,ISIC4_C,12.85
2010,SL_TLF_MANF_19ICLS,Denmark,ISIC4_C,12.7
2011,SL_TLF_MANF_19ICLS,Denmark,ISIC4_C,12.72
2012,SL_TLF_MANF_19ICLS,Denmark,ISIC4_C,12.38
2013,SL_TLF_MANF_19ICLS,Denmark,ISIC4_C,12.1
2014,SL_TLF_MANF_19ICLS,Denmark,ISIC4_C,11.9
2015,SL_TLF_MANF_19ICLS,Denmark,ISIC4_C,11.96
2015,SL_TLF_MANF_19ICLS,Portugal,ISIC4_C,16.91
2016,SL_TLF_MANF_19ICLS,Portugal,ISIC4_C,16.87
2017,SL_TLF_MANF_19ICLS,Portugal,ISIC4_C,16.89
2018,SL_TLF_MANF_19ICLS,Portugal,ISIC4_C,17.14
2019,SL_TLF_MANF_19ICLS,Portugal,ISIC4_C,17.03
2020,SL_TLF_MANF_19ICLS,Portugal,ISIC4_C,16.98
2021,SL_TLF_MANF_19ICLS,Portugal,ISIC4_C,17.12
2000,SL_TLF_MANF_19ICLS,Romania,ISIC4_C,18.62
2001,SL_TLF_MANF_19ICLS,Romania,ISIC4_C,18.37
2002,SL_TLF_MANF_19ICLS,Romania,ISIC4_C,21.51
2016,SL_TLF_MANF_19ICLS,Denmark,ISIC4_C,11.88
2017,SL_TLF_MANF_19ICLS,Denmark,ISIC4_C,11.5
2018,SL_TLF_MANF_19ICLS,Denmark,ISIC4_C,11.39
2019,SL_TLF_MANF_19ICLS,Denmark,ISIC4_C,10.96
2020,SL_TLF_MANF_19ICLS,Denmark,ISIC4_C,11.26
2021,SL_TLF_MANF_19ICLS,Denmark,ISIC4_C,11.46
2000,SL_TLF_MANF_19ICLS,Estonia,ISIC4_C,24.0
2001,SL_TLF_MANF_19ICLS,Estonia,ISIC4_C,24.11
2002,SL_TLF_MANF_19ICLS,Estonia,ISIC4_C,21.25
2003,SL_TLF_MANF_19ICLS,Estonia,ISIC4_C,21.52
2003,SL_TLF_MANF_19ICLS,Romania,ISIC4_C,20.96
2004,SL_TLF_MANF_19ICLS,Romania,ISIC4_C,22.51
2005,SL_TLF_MANF_19ICLS,Romania,ISIC4_C,21.5
2006,SL_TLF_MANF_19ICLS,Romania,ISIC4_C,21.29
2007,SL_TLF_MANF_19ICLS,Romania,ISIC4_C,21.1
2008,SL_TLF_MANF_19ICLS,Romania,ISIC4_C,20.33
2009,SL_TLF_MANF_19ICLS,Romania,ISIC4_C,18.95
2010,SL_TLF_MANF_19ICLS,Romania,ISIC4_C,17.59
2011,SL_TLF_MANF_19ICLS,Romania,ISIC4_C,18.11
2012,SL_TLF_MANF_19ICLS,Romania,ISIC4_C,17.81
2004,SL_TLF_MANF_19ICLS,Estonia,ISIC4_C,23.66
2005,SL_TLF_MANF_19ICLS,Estonia,ISIC4_C,22.91
2006,SL_TLF_MANF_19ICLS,Estonia,ISIC4_C,20.99
2007,SL_TLF_MANF_19ICLS,Estonia,ISIC4_C,20.44
2008,SL_TLF_MANF_19ICLS,Estonia,ISIC4_C,20.41
2009,SL_TLF_MANF_19ICLS,Estonia,ISIC4_C,18.9
2010,SL_TLF_MANF_19ICLS,Estonia,ISIC4_C,18.78
2011,SL_TLF_MANF_19ICLS,Estonia,ISIC4_C,19.74
2012,SL_TLF_MANF_19ICLS,Estonia,ISIC4_C,18.78
2013,SL_TLF_MANF_19ICLS,Estonia,ISIC4_C,18.74
2013,SL_TLF_MANF_19ICLS,Romania,ISIC4_C,17.95
2014,SL_TLF_MANF_19ICLS,Romania,ISIC4_C,18.52
2015,SL_TLF_MANF_19ICLS,Romania,ISIC4_C,18.18
2016,SL_TLF_MANF_19ICLS,Romania,ISIC4_C,18.91
2017,SL_TLF_MANF_19ICLS,Romania,ISIC4_C,19.23
2018,SL_TLF_MANF_19ICLS,Romania,ISIC4_C,19.29
2019,SL_TLF_MANF_19ICLS,Romania,ISIC4_C,18.91
2020,SL_TLF_MANF_19ICLS,Romania,ISIC4_C,18.06
2021,SL_TLF_MANF_19ICLS,Romania,ISIC4_C,19.65
2004,SL_TLF_MANF_19ICLS,Serbia,ISIC4_C,18.81
2005,SL_TLF_MANF_19ICLS,Serbia,ISIC4_C,18.2
2006,SL_TLF_MANF_19ICLS,Serbia,ISIC4_C,19.71
2007,SL_TLF_MANF_19ICLS,Serbia,ISIC4_C,19.65
2008,SL_TLF_MANF_19ICLS,Serbia,ISIC4_C,17.16
2009,SL_TLF_MANF_19ICLS,Serbia,ISIC4_C,17.24
2010,SL_TLF_MANF_19ICLS,Serbia,ISIC4_C,16.95
2011,SL_TLF_MANF_19ICLS,Serbia,ISIC4_C,17.19
2012,SL_TLF_MANF_19ICLS,Serbia,ISIC4_C,17.04
2013,SL_TLF_MANF_19ICLS,Serbia,ISIC4_C,17.07
2014,SL_TLF_MANF_19ICLS,Serbia,ISIC4_C,15.88
2015,SL_TLF_MANF_19ICLS,Serbia,ISIC4_C,16.08
2014,SL_TLF_MANF_19ICLS,Estonia,ISIC4_C,18.25
2015,SL_TLF_MANF_19ICLS,Estonia,ISIC4_C,18.82
2016,SL_TLF_MANF_19ICLS,Estonia,ISIC4_C,18.72
2017,SL_TLF_MANF_19ICLS,Estonia,ISIC4_C,18.96
2018,SL_TLF_MANF_19ICLS,Estonia,ISIC4_C,18.63
2019,SL_TLF_MANF_19ICLS,Estonia,ISIC4_C,18.05
2020,SL_TLF_MANF_19ICLS,Estonia,ISIC4_C,18.07
2000,SL_TLF_MANF_19ICLS,Finland,ISIC4_C,20.3
2001,SL_TLF_MANF_19ICLS,Finland,ISIC4_C,19.85
2002,SL_TLF_MANF_19ICLS,Finland,ISIC4_C,19.69
2016,SL_TLF_MANF_19ICLS,Serbia,ISIC4_C,16.5
2017,SL_TLF_MANF_19ICLS,Serbia,ISIC4_C,17.08
2018,SL_TLF_MANF_19ICLS,Serbia,ISIC4_C,18.29
2019,SL_TLF_MANF_19ICLS,Serbia,ISIC4_C,18.68
2020,SL_TLF_MANF_19ICLS,Serbia,ISIC4_C,18.72
2021,SL_TLF_MANF_19ICLS,Serbia,ISIC4_C,10.02
2000,SL_TLF_MANF_19ICLS,Slovakia,ISIC4_C,25.71
2001,SL_TLF_MANF_19ICLS,Slovakia,ISIC4_C,26.06
2002,SL_TLF_MANF_19ICLS,Slovakia,ISIC4_C,26.96
2003,SL_TLF_MANF_19ICLS,Slovakia,ISIC4_C,26.33
2003,SL_TLF_MANF_19ICLS,Finland,ISIC4_C,18.91
2004,SL_TLF_MANF_19ICLS,Finland,ISIC4_C,18.69
2005,SL_TLF_MANF_19ICLS,Finland,ISIC4_C,18.3
2006,SL_TLF_MANF_19ICLS,Finland,ISIC4_C,18.04
2007,SL_TLF_MANF_19ICLS,Finland,ISIC4_C,18.14
2008,SL_TLF_MANF_19ICLS,Finland,ISIC4_C,16.61
2009,SL_TLF_MANF_19ICLS,Finland,ISIC4_C,14.98
2010,SL_TLF_MANF_19ICLS,Finland,ISIC4_C,15.49
2011,SL_TLF_MANF_19ICLS,Finland,ISIC4_C,14.57
2012,SL_TLF_MANF_19ICLS,Finland,ISIC4_C,14.19
2004,SL_TLF_MANF_19ICLS,Slovakia,ISIC4_C,26.83
2005,SL_TLF_MANF_19ICLS,Slovakia,ISIC4_C,26.7
2006,SL_TLF_MANF_19ICLS,Slovakia,ISIC4_C,26.44
2007,SL_TLF_MANF_19ICLS,Slovakia,ISIC4_C,26.91
2008,SL_TLF_MANF_19ICLS,Slovakia,ISIC4_C,26.29
2009,SL_TLF_MANF_19ICLS,Slovakia,ISIC4_C,23.89
2010,SL_TLF_MANF_19ICLS,Slovakia,ISIC4_C,17.19
2011,SL_TLF_MANF_19ICLS,Slovakia,ISIC4_C,24.22
2012,SL_TLF_MANF_19ICLS,Slovakia,ISIC4_C,24.49
2013,SL_TLF_MANF_19ICLS,Slovakia,ISIC4_C,23.16
2014,SL_TLF_MANF_19ICLS,Slovakia,ISIC4_C,24.65
2015,SL_TLF_MANF_19ICLS,Slovakia,ISIC4_C,24.68
2016,SL_TLF_MANF_19ICLS,Slovakia,ISIC4_C,24.49
2017,SL_TLF_MANF_19ICLS,Slovakia,ISIC4_C,24.63
2018,SL_TLF_MANF_19ICLS,Slovakia,ISIC4_C,24.51
2019,SL_TLF_MANF_19ICLS,Slovakia,ISIC4_C,24.61
2020,SL_TLF_MANF_19ICLS,Slovakia,ISIC4_C,25.05
2021,SL_TLF_MANF_19ICLS,Slovakia,ISIC4_C,18.8
2020,SL_TLF_MANF_19ICLS,Viet Nam,ISIC4_C,22.84
2021,SL_TLF_MANF_19ICLS,Viet Nam,ISIC4_C,22.85
2000,SL_TLF_MANF_19ICLS,Slovenia,ISIC4_C,30.08
2001,SL_TLF_MANF_19ICLS,Slovenia,ISIC4_C,30.45
2002,SL_TLF_MANF_19ICLS,Slovenia,ISIC4_C,30.81
2003,SL_TLF_MANF_19ICLS,Slovenia,ISIC4_C,30.0
2004,SL_TLF_MANF_19ICLS,Slovenia,ISIC4_C,28.95
2005,SL_TLF_MANF_19ICLS,Slovenia,ISIC4_C,29.22
2006,SL_TLF_MANF_19ICLS,Slovenia,ISIC4_C,27.87
2007,SL_TLF_MANF_19ICLS,Slovenia,ISIC4_C,27.35
2008,SL_TLF_MANF_19ICLS,Slovenia,ISIC4_C,26.12
2009,SL_TLF_MANF_19ICLS,Slovenia,ISIC4_C,24.23
2013,SL_TLF_MANF_19ICLS,Finland,ISIC4_C,14.26
2014,SL_TLF_MANF_19ICLS,Finland,ISIC4_C,14.25
2015,SL_TLF_MANF_19ICLS,Finland,ISIC4_C,13.23
2016,SL_TLF_MANF_19ICLS,Finland,ISIC4_C,13.52
2017,SL_TLF_MANF_19ICLS,Finland,ISIC4_C,13.12
2018,SL_TLF_MANF_19ICLS,Finland,ISIC4_C,13.03
2019,SL_TLF_MANF_19ICLS,Finland,ISIC4_C,12.93
2020,SL_TLF_MANF_19ICLS,Finland,ISIC4_C,12.4
2021,SL_TLF_MANF_19ICLS,Finland,ISIC4_C,13.04
2000,SL_TLF_MANF_19ICLS,France,ISIC4_C,18.7
2010,SL_TLF_MANF_19ICLS,Slovenia,ISIC4_C,24.22
2011,SL_TLF_MANF_19ICLS,Slovenia,ISIC4_C,23.14
2012,SL_TLF_MANF_19ICLS,Slovenia,ISIC4_C,22.35
2013,SL_TLF_MANF_19ICLS,Slovenia,ISIC4_C,22.43
2014,SL_TLF_MANF_19ICLS,Slovenia,ISIC4_C,22.52
2015,SL_TLF_MANF_19ICLS,Slovenia,ISIC4_C,23.4
2016,SL_TLF_MANF_19ICLS,Slovenia,ISIC4_C,25.12
2017,SL_TLF_MANF_19ICLS,Slovenia,ISIC4_C,25.19
2018,SL_TLF_MANF_19ICLS,Slovenia,ISIC4_C,24.85
2019,SL_TLF_MANF_19ICLS,Slovenia,ISIC4_C,25.6
2001,SL_TLF_MANF_19ICLS,France,ISIC4_C,18.5
2002,SL_TLF_MANF_19ICLS,France,ISIC4_C,17.8
2005,SL_TLF_MANF_19ICLS,France,ISIC4_C,15.82
2006,SL_TLF_MANF_19ICLS,France,ISIC4_C,15.66
2007,SL_TLF_MANF_19ICLS,France,ISIC4_C,15.32
2008,SL_TLF_MANF_19ICLS,France,ISIC4_C,14.38
2009,SL_TLF_MANF_19ICLS,France,ISIC4_C,13.69
2010,SL_TLF_MANF_19ICLS,France,ISIC4_C,13.12
2011,SL_TLF_MANF_19ICLS,France,ISIC4_C,13.18
2012,SL_TLF_MANF_19ICLS,France,ISIC4_C,12.82
2013,SL_TLF_MANF_19ICLS,France,ISIC4_C,12.47
2014,SL_TLF_MANF_19ICLS,France,ISIC4_C,12.14
2015,SL_TLF_MANF_19ICLS,France,ISIC4_C,12.21
2016,SL_TLF_MANF_19ICLS,France,ISIC4_C,12.15
2017,SL_TLF_MANF_19ICLS,France,ISIC4_C,12.2
2018,SL_TLF_MANF_19ICLS,France,ISIC4_C,11.68
2019,SL_TLF_MANF_19ICLS,France,ISIC4_C,11.77
2020,SL_TLF_MANF_19ICLS,France,ISIC4_C,11.48
2021,SL_TLF_MANF_19ICLS,France,ISIC4_C,10.99
2020,SL_TLF_MANF_19ICLS,Georgia,ISIC4_C,8.08
2021,SL_TLF_MANF_19ICLS,Georgia,ISIC4_C,8.02
2000,SL_TLF_MANF_19ICLS,Germany,ISIC4_C,23.61
2001,SL_TLF_MANF_19ICLS,Germany,ISIC4_C,23.46
2002,SL_TLF_MANF_19ICLS,Germany,ISIC4_C,23.37
2003,SL_TLF_MANF_19ICLS,Germany,ISIC4_C,22.83
2004,SL_TLF_MANF_19ICLS,Germany,ISIC4_C,23.01
2005,SL_TLF_MANF_19ICLS,Germany,ISIC4_C,21.92
2006,SL_TLF_MANF_19ICLS,Germany,ISIC4_C,21.9
2007,SL_TLF_MANF_19ICLS,Germany,ISIC4_C,22.46
2008,SL_TLF_MANF_19ICLS,Germany,ISIC4_C,20.83
2020,SL_TLF_MANF_19ICLS,Slovenia,ISIC4_C,25.25
2000,SL_TLF_MANF_19ICLS,Spain,ISIC4_C,18.74
2001,SL_TLF_MANF_19ICLS,Spain,ISIC4_C,18.77
2002,SL_TLF_MANF_19ICLS,Spain,ISIC4_C,18.2
2003,SL_TLF_MANF_19ICLS,Spain,ISIC4_C,17.58
2004,SL_TLF_MANF_19ICLS,Spain,ISIC4_C,16.88
2005,SL_TLF_MANF_19ICLS,Spain,ISIC4_C,16.36
2006,SL_TLF_MANF_19ICLS,Spain,ISIC4_C,15.87
2007,SL_TLF_MANF_19ICLS,Spain,ISIC4_C,15.44
2008,SL_TLF_MANF_19ICLS,Spain,ISIC4_C,14.64
2009,SL_TLF_MANF_19ICLS,Germany,ISIC4_C,20.74
2010,SL_TLF_MANF_19ICLS,Germany,ISIC4_C,20.36
2011,SL_TLF_MANF_19ICLS,Germany,ISIC4_C,19.42
2012,SL_TLF_MANF_19ICLS,Germany,ISIC4_C,19.64
2013,SL_TLF_MANF_19ICLS,Germany,ISIC4_C,19.23
2014,SL_TLF_MANF_19ICLS,Germany,ISIC4_C,19.58
2015,SL_TLF_MANF_19ICLS,Germany,ISIC4_C,19.27
2016,SL_TLF_MANF_19ICLS,Germany,ISIC4_C,19.09
2017,SL_TLF_MANF_19ICLS,Germany,ISIC4_C,19.02
2018,SL_TLF_MANF_19ICLS,Germany,ISIC4_C,19.04
2019,SL_TLF_MANF_19ICLS,Germany,ISIC4_C,18.88
2020,SL_TLF_MANF_19ICLS,Germany,ISIC4_C,19.68
2021,SL_TLF_MANF_19ICLS,Germany,ISIC4_C,19.76
2000,SL_TLF_MANF_19ICLS,Greece,ISIC4_C,14.08
2001,SL_TLF_MANF_19ICLS,Greece,ISIC4_C,14.27
2002,SL_TLF_MANF_19ICLS,Greece,ISIC4_C,14.02
2003,SL_TLF_MANF_19ICLS,Greece,ISIC4_C,13.46
2004,SL_TLF_MANF_19ICLS,Greece,ISIC4_C,13.21
2005,SL_TLF_MANF_19ICLS,Greece,ISIC4_C,12.98
2006,SL_TLF_MANF_19ICLS,Greece,ISIC4_C,12.71
2007,SL_TLF_MANF_19ICLS,Greece,ISIC4_C,12.54
2008,SL_TLF_MANF_19ICLS,Greece,ISIC4_C,11.92
2009,SL_TLF_MANF_19ICLS,Greece,ISIC4_C,11.49
2010,SL_TLF_MANF_19ICLS,Greece,ISIC4_C,10.76
2011,SL_TLF_MANF_19ICLS,Greece,ISIC4_C,10.19
2012,SL_TLF_MANF_19ICLS,Greece,ISIC4_C,9.59
2013,SL_TLF_MANF_19ICLS,Greece,ISIC4_C,9.31
2014,SL_TLF_MANF_19ICLS,Greece,ISIC4_C,9.01
2015,SL_TLF_MANF_19ICLS,Greece,ISIC4_C,9.33
2016,SL_TLF_MANF_19ICLS,Greece,ISIC4_C,9.54
2009,SL_TLF_MANF_19ICLS,Spain,ISIC4_C,13.4
2010,SL_TLF_MANF_19ICLS,Spain,ISIC4_C,13.22
2011,SL_TLF_MANF_19ICLS,Spain,ISIC4_C,12.41
2012,SL_TLF_MANF_19ICLS,Spain,ISIC4_C,12.8
2013,SL_TLF_MANF_19ICLS,Spain,ISIC4_C,12.64
2014,SL_TLF_MANF_19ICLS,Spain,ISIC4_C,12.14
2015,SL_TLF_MANF_19ICLS,Spain,ISIC4_C,12.78
2016,SL_TLF_MANF_19ICLS,Spain,ISIC4_C,12.48
2017,SL_TLF_MANF_19ICLS,Spain,ISIC4_C,12.77
2018,SL_TLF_MANF_19ICLS,Spain,ISIC4_C,12.95
2019,SL_TLF_MANF_19ICLS,Spain,ISIC4_C,12.4
2020,SL_TLF_MANF_19ICLS,Spain,ISIC4_C,13.1
2021,SL_TLF_MANF_19ICLS,Spain,ISIC4_C,12.57
2000,SL_TLF_MANF_19ICLS,Sweden,ISIC4_C,18.01
2001,SL_TLF_MANF_19ICLS,Sweden,ISIC4_C,17.45
2002,SL_TLF_MANF_19ICLS,Sweden,ISIC4_C,16.65
2003,SL_TLF_MANF_19ICLS,Sweden,ISIC4_C,16.14
2004,SL_TLF_MANF_19ICLS,Sweden,ISIC4_C,15.86
2005,SL_TLF_MANF_19ICLS,Sweden,ISIC4_C,15.18
2006,SL_TLF_MANF_19ICLS,Sweden,ISIC4_C,14.9
2017,SL_TLF_MANF_19ICLS,Greece,ISIC4_C,9.61
2018,SL_TLF_MANF_19ICLS,Greece,ISIC4_C,9.4
2019,SL_TLF_MANF_19ICLS,Greece,ISIC4_C,9.62
2020,SL_TLF_MANF_19ICLS,Greece,ISIC4_C,9.64
2021,SL_TLF_MANF_19ICLS,Greece,ISIC4_C,9.93
2000,SL_TLF_MANF_19ICLS,Hungary,ISIC4_C,24.22
2001,SL_TLF_MANF_19ICLS,Hungary,ISIC4_C,24.82
2002,SL_TLF_MANF_19ICLS,Hungary,ISIC4_C,24.91
2003,SL_TLF_MANF_19ICLS,Hungary,ISIC4_C,23.59
2004,SL_TLF_MANF_19ICLS,Hungary,ISIC4_C,22.99
2005,SL_TLF_MANF_19ICLS,Hungary,ISIC4_C,22.37
2006,SL_TLF_MANF_19ICLS,Hungary,ISIC4_C,22.03
2007,SL_TLF_MANF_19ICLS,Hungary,ISIC4_C,22.17
2008,SL_TLF_MANF_19ICLS,Hungary,ISIC4_C,21.92
2009,SL_TLF_MANF_19ICLS,Hungary,ISIC4_C,20.93
2010,SL_TLF_MANF_19ICLS,Hungary,ISIC4_C,20.8
2011,SL_TLF_MANF_19ICLS,Hungary,ISIC4_C,21.25
2012,SL_TLF_MANF_19ICLS,Hungary,ISIC4_C,20.65
2013,SL_TLF_MANF_19ICLS,Hungary,ISIC4_C,20.97
2014,SL_TLF_MANF_19ICLS,Hungary,ISIC4_C,21.6
2015,SL_TLF_MANF_19ICLS,Hungary,ISIC4_C,21.41
2016,SL_TLF_MANF_19ICLS,Hungary,ISIC4_C,21.68
2017,SL_TLF_MANF_19ICLS,Hungary,ISIC4_C,22.41
2018,SL_TLF_MANF_19ICLS,Hungary,ISIC4_C,22.5
2019,SL_TLF_MANF_19ICLS,Hungary,ISIC4_C,22.12
2020,SL_TLF_MANF_19ICLS,Hungary,ISIC4_C,21.6
2021,SL_TLF_MANF_19ICLS,Hungary,ISIC4_C,21.21
2000,SL_TLF_MANF_19ICLS,Iceland,ISIC4_C,15.06
2001,SL_TLF_MANF_19ICLS,Iceland,ISIC4_C,14.9
2002,SL_TLF_MANF_19ICLS,Iceland,ISIC4_C,14.13
2003,SL_TLF_MANF_19ICLS,Iceland,ISIC4_C,13.5
2004,SL_TLF_MANF_19ICLS,Iceland,ISIC4_C,14.19
2005,SL_TLF_MANF_19ICLS,Iceland,ISIC4_C,13.0
2006,SL_TLF_MANF_19ICLS,Iceland,ISIC4_C,11.88
2007,SL_TLF_MANF_19ICLS,Iceland,ISIC4_C,10.85
2008,SL_TLF_MANF_19ICLS,Iceland,ISIC4_C,10.54
2009,SL_TLF_MANF_19ICLS,Iceland,ISIC4_C,11.03
2010,SL_TLF_MANF_19ICLS,Iceland,ISIC4_C,10.68
2011,SL_TLF_MANF_19ICLS,Iceland,ISIC4_C,11.23
2012,SL_TLF_MANF_19ICLS,Iceland,ISIC4_C,11.52
2013,SL_TLF_MANF_19ICLS,Iceland,ISIC4_C,11.39
2014,SL_TLF_MANF_19ICLS,Iceland,ISIC4_C,11.09
2015,SL_TLF_MANF_19ICLS,Iceland,ISIC4_C,10.24
2016,SL_TLF_MANF_19ICLS,Iceland,ISIC4_C,10.05
2017,SL_TLF_MANF_19ICLS,Iceland,ISIC4_C,9.67
2018,SL_TLF_MANF_19ICLS,Iceland,ISIC4_C,9.08
2019,SL_TLF_MANF_19ICLS,Iceland,ISIC4_C,9.33
2020,SL_TLF_MANF_19ICLS,Iceland,ISIC4_C,9.62
2007,SL_TLF_MANF_19ICLS,Sweden,ISIC4_C,14.46
2008,SL_TLF_MANF_19ICLS,Sweden,ISIC4_C,13.51
2009,SL_TLF_MANF_19ICLS,Sweden,ISIC4_C,12.43
2010,SL_TLF_MANF_19ICLS,Sweden,ISIC4_C,12.04
2011,SL_TLF_MANF_19ICLS,Sweden,ISIC4_C,12.03
2012,SL_TLF_MANF_19ICLS,Sweden,ISIC4_C,11.55
2013,SL_TLF_MANF_19ICLS,Sweden,ISIC4_C,11.16
2014,SL_TLF_MANF_19ICLS,Sweden,ISIC4_C,10.67
2015,SL_TLF_MANF_19ICLS,Sweden,ISIC4_C,10.41
2016,SL_TLF_MANF_19ICLS,Sweden,ISIC4_C,10.2
2021,SL_TLF_MANF_19ICLS,Iceland,ISIC4_C,9.51
2000,SL_TLF_MANF_19ICLS,Ireland,ISIC4_C,17.45
2001,SL_TLF_MANF_19ICLS,Ireland,ISIC4_C,17.35
2002,SL_TLF_MANF_19ICLS,Ireland,ISIC4_C,16.16
2003,SL_TLF_MANF_19ICLS,Ireland,ISIC4_C,15.99
2004,SL_TLF_MANF_19ICLS,Ireland,ISIC4_C,15.25
2005,SL_TLF_MANF_19ICLS,Ireland,ISIC4_C,14.11
2006,SL_TLF_MANF_19ICLS,Ireland,ISIC4_C,13.31
2007,SL_TLF_MANF_19ICLS,Ireland,ISIC4_C,13.06
2008,SL_TLF_MANF_19ICLS,Ireland,ISIC4_C,12.05
2009,SL_TLF_MANF_19ICLS,Ireland,ISIC4_C,11.59
2010,SL_TLF_MANF_19ICLS,Ireland,ISIC4_C,11.23
2011,SL_TLF_MANF_19ICLS,Ireland,ISIC4_C,11.29
2012,SL_TLF_MANF_19ICLS,Ireland,ISIC4_C,11.2
2013,SL_TLF_MANF_19ICLS,Ireland,ISIC4_C,11.34
2014,SL_TLF_MANF_19ICLS,Ireland,ISIC4_C,11.16
2015,SL_TLF_MANF_19ICLS,Ireland,ISIC4_C,11.39
2016,SL_TLF_MANF_19ICLS,Ireland,ISIC4_C,11.65
2017,SL_TLF_MANF_19ICLS,Ireland,ISIC4_C,11.48
2018,SL_TLF_MANF_19ICLS,Ireland,ISIC4_C,11.04
2019,SL_TLF_MANF_19ICLS,Ireland,ISIC4_C,10.95
2020,SL_TLF_MANF_19ICLS,Ireland,ISIC4_C,11.45
2000,SL_TLF_MANF_19ICLS,Israel,ISIC4_C,17.33
2001,SL_TLF_MANF_19ICLS,Israel,ISIC4_C,16.84
2002,SL_TLF_MANF_19ICLS,Israel,ISIC4_C,16.02
2003,SL_TLF_MANF_19ICLS,Israel,ISIC4_C,15.71
2004,SL_TLF_MANF_19ICLS,Israel,ISIC4_C,15.62
2005,SL_TLF_MANF_19ICLS,Israel,ISIC4_C,15.26
2006,SL_TLF_MANF_19ICLS,Israel,ISIC4_C,15.13
2007,SL_TLF_MANF_19ICLS,Israel,ISIC4_C,15.23
2008,SL_TLF_MANF_19ICLS,Israel,ISIC4_C,15.14
2017,SL_TLF_MANF_19ICLS,Sweden,ISIC4_C,10.1
2018,SL_TLF_MANF_19ICLS,Sweden,ISIC4_C,10.02
2019,SL_TLF_MANF_19ICLS,Sweden,ISIC4_C,10.01
2020,SL_TLF_MANF_19ICLS,Sweden,ISIC4_C,9.88
2021,SL_TLF_MANF_19ICLS,Sweden,ISIC4_C,9.76
2000,SL_TLF_MANF_19ICLS,Switzerland,ISIC4_C,15.48
2001,SL_TLF_MANF_19ICLS,Switzerland,ISIC4_C,15.92
2002,SL_TLF_MANF_19ICLS,Switzerland,ISIC4_C,14.76
2003,SL_TLF_MANF_19ICLS,Switzerland,ISIC4_C,14.18
2004,SL_TLF_MANF_19ICLS,Switzerland,ISIC4_C,14.0
2009,SL_TLF_MANF_19ICLS,Israel,ISIC4_C,14.25
2010,SL_TLF_MANF_19ICLS,Israel,ISIC4_C,13.85
2011,SL_TLF_MANF_19ICLS,Israel,ISIC4_C,13.43
2012,SL_TLF_MANF_19ICLS,Israel,ISIC4_C,11.46
2013,SL_TLF_MANF_19ICLS,Israel,ISIC4_C,11.6
2014,SL_TLF_MANF_19ICLS,Israel,ISIC4_C,11.58
2015,SL_TLF_MANF_19ICLS,Israel,ISIC4_C,11.34
2016,SL_TLF_MANF_19ICLS,Israel,ISIC4_C,11.16
2017,SL_TLF_MANF_19ICLS,Israel,ISIC4_C,10.9
2018,SL_TLF_MANF_19ICLS,Israel,ISIC4_C,10.67
2019,SL_TLF_MANF_19ICLS,Israel,ISIC4_C,9.97
2020,SL_TLF_MANF_19ICLS,Israel,ISIC4_C,9.43
2021,SL_TLF_MANF_19ICLS,Israel,ISIC4_C,9.68
2000,SL_TLF_MANF_19ICLS,Italy,ISIC4_C,23.05
2001,SL_TLF_MANF_19ICLS,Italy,ISIC4_C,22.77
2002,SL_TLF_MANF_19ICLS,Italy,ISIC4_C,22.68
2003,SL_TLF_MANF_19ICLS,Italy,ISIC4_C,22.44
2004,SL_TLF_MANF_19ICLS,Italy,ISIC4_C,21.83
2005,SL_TLF_MANF_19ICLS,Italy,ISIC4_C,21.35
2006,SL_TLF_MANF_19ICLS,Italy,ISIC4_C,20.98
2007,SL_TLF_MANF_19ICLS,Italy,ISIC4_C,21.0
2008,SL_TLF_MANF_19ICLS,Italy,ISIC4_C,19.91
2009,SL_TLF_MANF_19ICLS,Italy,ISIC4_C,19.29
2010,SL_TLF_MANF_19ICLS,Italy,ISIC4_C,18.62
2011,SL_TLF_MANF_19ICLS,Italy,ISIC4_C,18.7
2012,SL_TLF_MANF_19ICLS,Italy,ISIC4_C,18.31
2013,SL_TLF_MANF_19ICLS,Italy,ISIC4_C,18.31
2014,SL_TLF_MANF_19ICLS,Italy,ISIC4_C,18.56
2015,SL_TLF_MANF_19ICLS,Italy,ISIC4_C,18.35
2016,SL_TLF_MANF_19ICLS,Italy,ISIC4_C,18.23
2017,SL_TLF_MANF_19ICLS,Italy,ISIC4_C,18.19
2005,SL_TLF_MANF_19ICLS,Switzerland,ISIC4_C,13.97
2006,SL_TLF_MANF_19ICLS,Switzerland,ISIC4_C,13.93
2007,SL_TLF_MANF_19ICLS,Switzerland,ISIC4_C,14.07
2008,SL_TLF_MANF_19ICLS,Switzerland,ISIC4_C,14.07
2009,SL_TLF_MANF_19ICLS,Switzerland,ISIC4_C,14.21
2010,SL_TLF_MANF_19ICLS,Switzerland,ISIC4_C,13.76
2011,SL_TLF_MANF_19ICLS,Switzerland,ISIC4_C,13.56
2012,SL_TLF_MANF_19ICLS,Switzerland,ISIC4_C,13.17
2013,SL_TLF_MANF_19ICLS,Switzerland,ISIC4_C,13.16
2014,SL_TLF_MANF_19ICLS,Switzerland,ISIC4_C,12.97
2018,SL_TLF_MANF_19ICLS,Italy,ISIC4_C,18.39
2019,SL_TLF_MANF_19ICLS,Italy,ISIC4_C,18.5
2020,SL_TLF_MANF_19ICLS,Italy,ISIC4_C,18.73
2021,SL_TLF_MANF_19ICLS,Italy,ISIC4_C,18.58
2000,SL_TLF_MANF_19ICLS,Japan,ISIC4_C,20.56
2001,SL_TLF_MANF_19ICLS,Japan,ISIC4_C,20.11
2002,SL_TLF_MANF_19ICLS,Japan,ISIC4_C,19.31
2003,SL_TLF_MANF_19ICLS,Japan,ISIC4_C,19.14
2004,SL_TLF_MANF_19ICLS,Japan,ISIC4_C,18.68
2005,SL_TLF_MANF_19ICLS,Japan,ISIC4_C,18.47
2015,SL_TLF_MANF_19ICLS,Switzerland,ISIC4_C,12.62
2016,SL_TLF_MANF_19ICLS,Switzerland,ISIC4_C,12.41
2017,SL_TLF_MANF_19ICLS,Switzerland,ISIC4_C,12.29
2018,SL_TLF_MANF_19ICLS,Switzerland,ISIC4_C,12.35
2019,SL_TLF_MANF_19ICLS,Switzerland,ISIC4_C,12.48
2020,SL_TLF_MANF_19ICLS,Switzerland,ISIC4_C,12.32
2021,SL_TLF_MANF_19ICLS,Switzerland,ISIC4_C,10.45
2000,SL_TLF_MANF_19ICLS,United Arab Emirates,ISIC4_C,10.96
2005,SL_TLF_MANF_19ICLS,United Arab Emirates,ISIC4_C,8.05
2008,SL_TLF_MANF_19ICLS,United Arab Emirates,ISIC4_C,8.69
2006,SL_TLF_MANF_19ICLS,Japan,ISIC4_C,18.73
2007,SL_TLF_MANF_19ICLS,Japan,ISIC4_C,18.7
2008,SL_TLF_MANF_19ICLS,Japan,ISIC4_C,18.41
2009,SL_TLF_MANF_19ICLS,Japan,ISIC4_C,17.09
2010,SL_TLF_MANF_19ICLS,Japan,ISIC4_C,16.77
2011,SL_TLF_MANF_19ICLS,Japan,ISIC4_C,16.72
2012,SL_TLF_MANF_19ICLS,Japan,ISIC4_C,16.46
2013,SL_TLF_MANF_19ICLS,Japan,ISIC4_C,16.46
2014,SL_TLF_MANF_19ICLS,Japan,ISIC4_C,16.36
2015,SL_TLF_MANF_19ICLS,Japan,ISIC4_C,16.28
2016,SL_TLF_MANF_19ICLS,Japan,ISIC4_C,16.13
2017,SL_TLF_MANF_19ICLS,Japan,ISIC4_C,16.12
2018,SL_TLF_MANF_19ICLS,Japan,ISIC4_C,15.97
2019,SL_TLF_MANF_19ICLS,Japan,ISIC4_C,15.89
2020,SL_TLF_MANF_19ICLS,Japan,ISIC4_C,15.65
2021,SL_TLF_MANF_19ICLS,Japan,ISIC4_C,15.55
2022,SL_TLF_MANF_19ICLS,Japan,ISIC4_C,15.53
2000,SL_TLF_MANF_19ICLS,Republic of Korea,ISIC4_C,20.16
2001,SL_TLF_MANF_19ICLS,Republic of Korea,ISIC4_C,19.66
2002,SL_TLF_MANF_19ICLS,Republic of Korea,ISIC4_C,19.06
2016,SL_TLF_MANF_19ICLS,United Arab Emirates,ISIC4_C,6.17
2017,SL_TLF_MANF_19ICLS,United Arab Emirates,ISIC4_C,4.91
2018,SL_TLF_MANF_19ICLS,United Arab Emirates,ISIC4_C,10.62
2019,SL_TLF_MANF_19ICLS,United Arab Emirates,ISIC4_C,9.22
2020,SL_TLF_MANF_19ICLS,United Arab Emirates,ISIC4_C,7.96
2021,SL_TLF_MANF_19ICLS,United Arab Emirates,ISIC4_C,9.38
2000,SL_TLF_MANF_19ICLS,United Kingdom of Great Britain and Northern Ireland,ISIC4_C,16.92
2001,SL_TLF_MANF_19ICLS,United Kingdom of Great Britain and Northern Ireland,ISIC4_C,16.25
2002,SL_TLF_MANF_19ICLS,United Kingdom of Great Britain and Northern Ireland,ISIC4_C,15.48
2003,SL_TLF_MANF_19ICLS,United Kingdom of Great Britain and Northern Ireland,ISIC4_C,14.75
2003,SL_TLF_MANF_19ICLS,Republic of Korea,ISIC4_C,18.88
2004,SL_TLF_MANF_19ICLS,Republic of Korea,ISIC4_C,18.33
2005,SL_TLF_MANF_19ICLS,Republic of Korea,ISIC4_C,17.92
2006,SL_TLF_MANF_19ICLS,Republic of Korea,ISIC4_C,17.41
2007,SL_TLF_MANF_19ICLS,Republic of Korea,ISIC4_C,17.04
2008,SL_TLF_MANF_19ICLS,Republic of Korea,ISIC4_C,16.73
2009,SL_TLF_MANF_19ICLS,Republic of Korea,ISIC4_C,16.22
2010,SL_TLF_MANF_19ICLS,Republic of Korea,ISIC4_C,16.81
2011,SL_TLF_MANF_19ICLS,Republic of Korea,ISIC4_C,16.81
2012,SL_TLF_MANF_19ICLS,Republic of Korea,ISIC4_C,16.61
2004,SL_TLF_MANF_19ICLS,United Kingdom of Great Britain and Northern Ireland,ISIC4_C,13.5
2005,SL_TLF_MANF_19ICLS,United Kingdom of Great Britain and Northern Ireland,ISIC4_C,13.26
2006,SL_TLF_MANF_19ICLS,United Kingdom of Great Britain and Northern Ireland,ISIC4_C,12.99
2007,SL_TLF_MANF_19ICLS,United Kingdom of Great Britain and Northern Ireland,ISIC4_C,12.87
2008,SL_TLF_MANF_19ICLS,United Kingdom of Great Britain and Northern Ireland,ISIC4_C,11.15
2009,SL_TLF_MANF_19ICLS,United Kingdom of Great Britain and Northern Ireland,ISIC4_C,10.0
2010,SL_TLF_MANF_19ICLS,United Kingdom of Great Britain and Northern Ireland,ISIC4_C,10.04
2011,SL_TLF_MANF_19ICLS,United Kingdom of Great Britain and Northern Ireland,ISIC4_C,9.64
2012,SL_TLF_MANF_19ICLS,United Kingdom of Great Britain and Northern Ireland,ISIC4_C,9.85
2013,SL_TLF_MANF_19ICLS,Republic of Korea,ISIC4_C,16.91
2014,SL_TLF_MANF_19ICLS,Republic of Korea,ISIC4_C,17.08
2015,SL_TLF_MANF_19ICLS,Republic of Korea,ISIC4_C,17.5
2016,SL_TLF_MANF_19ICLS,Republic of Korea,ISIC4_C,17.29
2017,SL_TLF_MANF_19ICLS,Republic of Korea,ISIC4_C,17.01
2018,SL_TLF_MANF_19ICLS,Republic of Korea,ISIC4_C,16.75
2019,SL_TLF_MANF_19ICLS,Republic of Korea,ISIC4_C,16.26
2020,SL_TLF_MANF_19ICLS,Republic of Korea,ISIC4_C,16.19
2021,SL_TLF_MANF_19ICLS,Republic of Korea,ISIC4_C,15.94
2022,SL_TLF_MANF_19ICLS,Republic of Korea,ISIC4_C,15.95
2013,SL_TLF_MANF_19ICLS,United Kingdom of Great Britain and Northern Ireland,ISIC4_C,9.75
2014,SL_TLF_MANF_19ICLS,United Kingdom of Great Britain and Northern Ireland,ISIC4_C,9.71
2015,SL_TLF_MANF_19ICLS,United Kingdom of Great Britain and Northern Ireland,ISIC4_C,9.45
2016,SL_TLF_MANF_19ICLS,United Kingdom of Great Britain and Northern Ireland,ISIC4_C,9.27
2017,SL_TLF_MANF_19ICLS,United Kingdom of Great Britain and Northern Ireland,ISIC4_C,9.3
2018,SL_TLF_MANF_19ICLS,United Kingdom of Great Britain and Northern Ireland,ISIC4_C,9.04
2019,SL_TLF_MANF_19ICLS,United Kingdom of Great Britain and Northern Ireland,ISIC4_C,9.07
2019,SL_TLF_MANF_19ICLS,United Kingdom of Great Britain and Northern Ireland,ISIC4_C,9.07
